date_time,open,high,low,close,volume,spread,real_volume
2010-03-16 14:00:00,1.45208,1.45226,1.45086,1.45197,3571,15,0
2010-03-16 16:00:00,1.45196,1.45269,1.45119,1.45205,3692,15,0
2010-03-16 18:00:00,1.45204,1.45276,1.45122,1.45171,4306,18,0
2010-03-16 20:00:00,1.45169,1.45268,1.45134,1.45184,3103,30,0
2010-03-16 22:00:00,1.4519,1.4526,1.45173,1.45222,1813,30,0
2010-03-17 00:00:00,1.45243,1.45343,1.45229,1.45304,1747,30,0
2010-03-17 02:00:00,1.45305,1.45331,1.45255,1.4529,1664,30,0
2010-03-17 04:00:00,1.45291,1.4532,1.45266,1.45288,2035,26,0
2010-03-17 06:00:00,1.45287,1.45337,1.45249,1.45272,2129,21,0
2010-03-17 08:00:00,1.45271,1.45317,1.45191,1.45198,3358,17,0
2010-03-17 10:00:00,1.45195,1.45244,1.4505,1.45076,2515,15,0
2010-03-17 12:00:00,1.45077,1.45131,1.45067,1.45112,2301,16,0
2010-03-17 14:00:00,1.45111,1.45155,1.44764,1.44936,3854,15,0
2010-03-17 16:00:00,1.44937,1.44955,1.44783,1.44783,3637,16,0
2010-03-17 18:00:00,1.44784,1.44828,1.44755,1.44803,2167,17,0
2010-03-17 20:00:00,1.44802,1.4488,1.44775,1.4479,2350,30,0
2010-03-17 22:00:00,1.44786,1.44841,1.44766,1.44814,1515,30,0
2010-03-18 00:00:00,1.44805,1.44842,1.44758,1.44796,1902,30,0
2010-03-18 02:00:00,1.44794,1.44828,1.44768,1.44804,2807,30,0
2010-03-18 04:00:00,1.44806,1.44828,1.44747,1.44752,2248,28,0
2010-03-18 06:00:00,1.44751,1.44769,1.44586,1.44612,3883,22,0
2010-03-18 08:00:00,1.44613,1.44676,1.44574,1.4467,3395,16,0
2010-03-18 10:00:00,1.44673,1.44858,1.44665,1.44791,3279,15,0
2010-03-18 12:00:00,1.44789,1.44803,1.44706,1.44755,2682,16,0
2010-03-18 14:00:00,1.44754,1.44768,1.44602,1.44687,3281,15,0
2010-03-18 16:00:00,1.44686,1.44738,1.44525,1.44549,4428,16,0
2010-03-18 18:00:00,1.44547,1.44547,1.43546,1.43991,5779,20,0
2010-03-18 20:00:00,1.4399,1.44064,1.43902,1.43981,2504,30,0
2010-03-18 22:00:00,1.43969,1.44025,1.43888,1.43911,1877,32,0
2010-03-19 00:00:00,1.43911,1.43976,1.43905,1.43951,2223,30,0
2010-03-19 02:00:00,1.43953,1.44041,1.43953,1.44041,2384,30,0
2010-03-19 04:00:00,1.4404,1.44047,1.44001,1.44026,1792,23,0
2010-03-19 06:00:00,1.44025,1.44042,1.4387,1.43897,2275,21,0
2010-03-19 08:00:00,1.43898,1.43918,1.43518,1.4353,3744,16,0
2010-03-19 10:00:00,1.43527,1.43644,1.43181,1.43398,4674,17,0
2010-03-19 12:00:00,1.43397,1.43669,1.43391,1.43641,4313,16,0
2010-03-19 14:00:00,1.43642,1.43824,1.43526,1.43556,4370,16,0
2010-03-19 16:00:00,1.43557,1.43698,1.43506,1.43665,3653,16,0
2010-03-19 18:00:00,1.43664,1.43706,1.43434,1.43437,2220,18,0
2010-03-19 20:00:00,1.43438,1.4362,1.43428,1.436,2481,30,0
2010-03-19 22:00:00,1.43603,1.43604,1.43603,1.43604,2,43,0
2010-03-22 00:00:00,1.43412,1.43442,1.43324,1.43374,1245,30,0
2010-03-22 02:00:00,1.43375,1.43392,1.4329,1.43381,1459,30,0
2010-03-22 04:00:00,1.4338,1.43431,1.43349,1.4342,1692,28,0
2010-03-22 06:00:00,1.43421,1.43617,1.43414,1.43535,2186,21,0
2010-03-22 08:00:00,1.43534,1.43566,1.43261,1.43262,3444,15,0
2010-03-22 10:00:00,1.43261,1.43663,1.43238,1.43643,3622,15,0
2010-03-22 12:00:00,1.43645,1.43706,1.43357,1.43458,3627,16,0
2010-03-22 14:00:00,1.43468,1.43574,1.43261,1.43279,5013,16,0
2010-03-22 16:00:00,1.4328,1.43346,1.43079,1.43281,4597,16,0
2010-03-22 18:00:00,1.43283,1.43511,1.43278,1.43436,2571,19,0
2010-03-22 20:00:00,1.43434,1.43474,1.43352,1.43443,1831,30,0
2010-03-22 22:00:00,1.43442,1.43482,1.43401,1.4345,1307,30,0
2010-03-23 00:00:00,1.4345,1.43509,1.4344,1.43459,2358,30,0
2010-03-23 02:00:00,1.43458,1.43526,1.43441,1.43518,1970,30,0
2010-03-23 04:00:00,1.43517,1.4357,1.4348,1.43568,1527,28,0
2010-03-23 06:00:00,1.43568,1.43591,1.43494,1.43588,2813,21,0
2010-03-23 08:00:00,1.4359,1.43708,1.43273,1.43436,4347,17,0
2010-03-23 10:00:00,1.43435,1.43539,1.43149,1.43168,2988,16,0
2010-03-23 12:00:00,1.43169,1.43246,1.43132,1.43147,2890,16,0
2010-03-23 14:00:00,1.43145,1.4331,1.42928,1.43027,4254,16,0
2010-03-23 16:00:00,1.43025,1.43057,1.42691,1.42746,4665,16,0
2010-03-23 18:00:00,1.42747,1.42833,1.42612,1.42662,2844,18,0
2010-03-23 20:00:00,1.42663,1.4277,1.42637,1.42732,2571,30,0
2010-03-23 22:00:00,1.42733,1.42743,1.42642,1.4268,1308,30,0
2010-03-24 00:00:00,1.42678,1.42728,1.42323,1.4239,3188,30,0
2010-03-24 02:00:00,1.42386,1.42506,1.42313,1.42486,2352,30,0
2010-03-24 04:00:00,1.42488,1.4256,1.42477,1.42517,2162,28,0
2010-03-24 06:00:00,1.42521,1.42643,1.42313,1.42547,4220,22,0
2010-03-24 08:00:00,1.42548,1.4293,1.4251,1.42829,5041,17,0
2010-03-24 10:00:00,1.4283,1.42949,1.42673,1.42814,4772,16,0
2010-03-24 12:00:00,1.42815,1.42907,1.42799,1.42873,4080,16,0
2010-03-24 14:00:00,1.42874,1.42881,1.42675,1.42709,4127,16,0
2010-03-24 16:00:00,1.4271,1.42819,1.42629,1.42674,4006,17,0
2010-03-24 18:00:00,1.42675,1.43062,1.42675,1.42991,3998,19,0
2010-03-24 20:00:00,1.42988,1.43027,1.42823,1.42832,2761,30,0
2010-03-24 22:00:00,1.42835,1.42931,1.42813,1.42883,1966,30,0
2010-03-25 00:00:00,1.42881,1.42894,1.42792,1.42824,1637,30,0
2010-03-25 02:00:00,1.42822,1.42823,1.42752,1.42797,1619,30,0
2010-03-25 04:00:00,1.42795,1.42839,1.42774,1.4283,1793,25,0
2010-03-25 06:00:00,1.42831,1.42858,1.4252,1.4269,3551,21,0
2010-03-25 08:00:00,1.42691,1.42771,1.42637,1.4273,3225,17,0
2010-03-25 10:00:00,1.4273,1.42855,1.42662,1.42763,3155,16,0
2010-03-25 12:00:00,1.4276,1.42898,1.42702,1.42851,2902,16,0
2010-03-25 14:00:00,1.42848,1.42865,1.42591,1.42682,3257,17,0
2010-03-25 16:00:00,1.42678,1.42881,1.42633,1.42844,4129,16,0
2010-03-25 18:00:00,1.42845,1.42963,1.42592,1.4266,4402,18,0
2010-03-25 20:00:00,1.42659,1.42662,1.42549,1.42587,2814,30,0
2010-03-25 22:00:00,1.42588,1.4262,1.42543,1.42572,1484,30,0
2010-03-26 00:00:00,1.42572,1.42694,1.42513,1.42672,3489,30,0
2010-03-26 02:00:00,1.42673,1.42796,1.42669,1.42748,2504,30,0
2010-03-26 04:00:00,1.4275,1.42849,1.42723,1.42841,2157,26,0
2010-03-26 06:00:00,1.42842,1.43012,1.42829,1.42967,2633,24,0
2010-03-26 08:00:00,1.42968,1.43009,1.42777,1.42851,4767,17,0
2010-03-26 10:00:00,1.4285,1.43116,1.4285,1.42997,4179,16,0
2010-03-26 12:00:00,1.42998,1.43079,1.42893,1.42906,4297,16,0
2010-03-26 14:00:00,1.42905,1.4292,1.42708,1.42728,5671,17,0
2010-03-26 16:00:00,1.42727,1.42865,1.42711,1.42764,4717,17,0
2010-03-26 18:00:00,1.42768,1.42976,1.42727,1.42963,3644,19,0
2010-03-26 20:00:00,1.42962,1.43006,1.42774,1.42812,2470,30,0
2010-03-29 00:00:00,1.42855,1.43053,1.42842,1.43045,2247,30,0
2010-03-29 02:00:00,1.43046,1.4337,1.4299,1.43323,3645,30,0
2010-03-29 04:00:00,1.43325,1.43561,1.43325,1.43509,2888,22,0
2010-03-29 06:00:00,1.4351,1.43517,1.43267,1.43279,2302,21,0
2010-03-29 08:00:00,1.43278,1.43284,1.43004,1.43068,4111,17,0
2010-03-29 10:00:00,1.43067,1.43157,1.43047,1.4313,3789,16,0
2010-03-29 12:00:00,1.43132,1.43197,1.43054,1.43192,2874,16,0
2010-03-29 14:00:00,1.43191,1.43298,1.43151,1.43158,3846,17,0
2010-03-29 16:00:00,1.43157,1.43207,1.43048,1.43191,3869,16,0
2010-03-29 18:00:00,1.43192,1.4327,1.43164,1.43209,2837,18,0
2010-03-29 20:00:00,1.43208,1.4323,1.43127,1.43192,2160,30,0
2010-03-29 22:00:00,1.43191,1.43243,1.43166,1.43207,1303,30,0
2010-03-30 00:00:00,1.43202,1.43287,1.43187,1.43248,1129,30,0
2010-03-30 02:00:00,1.43249,1.43284,1.43162,1.43243,2422,30,0
2010-03-30 04:00:00,1.43242,1.43302,1.43209,1.43278,2208,27,0
2010-03-30 06:00:00,1.43277,1.43339,1.43204,1.43339,2290,21,0
2010-03-30 08:00:00,1.43336,1.43415,1.43255,1.43271,4303,16,0
2010-03-30 10:00:00,1.43272,1.4329,1.43048,1.4317,3892,17,0
2010-03-30 12:00:00,1.43169,1.43265,1.43168,1.43225,2183,15,0
2010-03-30 14:00:00,1.43224,1.4324,1.43114,1.43228,3673,16,0
2010-03-30 16:00:00,1.43234,1.43254,1.43045,1.43098,4421,17,0
2010-03-30 18:00:00,1.43094,1.43138,1.43052,1.43099,2496,18,0
2010-03-30 20:00:00,1.43097,1.43125,1.43038,1.43078,2184,30,0
2010-03-30 22:00:00,1.43077,1.43092,1.43037,1.43059,1345,30,0
2010-03-31 00:00:00,1.43064,1.431,1.43051,1.43086,1335,30,0
2010-03-31 02:00:00,1.4309,1.43152,1.43028,1.43072,3541,30,0
2010-03-31 04:00:00,1.43073,1.43087,1.43015,1.43058,2819,28,0
2010-03-31 06:00:00,1.43053,1.43129,1.42915,1.43098,3004,21,0
2010-03-31 08:00:00,1.43097,1.43211,1.43053,1.43086,3225,15,0
2010-03-31 10:00:00,1.43087,1.43126,1.42824,1.42841,3880,16,0
2010-03-31 12:00:00,1.42837,1.42878,1.42724,1.42781,3722,15,0
2010-03-31 14:00:00,1.42784,1.42866,1.42716,1.42776,5123,16,0
2010-03-31 16:00:00,1.42777,1.4279,1.42227,1.42394,6318,17,0
2010-03-31 18:00:00,1.42392,1.42454,1.42079,1.42292,3826,18,0
2010-03-31 20:00:00,1.42291,1.42421,1.42288,1.42389,3560,30,0
2010-03-31 22:00:00,1.4239,1.42422,1.4233,1.42359,1985,30,0
2010-04-01 00:00:00,1.42364,1.42371,1.42291,1.42323,1709,30,0
2010-04-01 02:00:00,1.4232,1.42411,1.42253,1.42308,4161,30,0
2010-04-01 04:00:00,1.42307,1.42346,1.42247,1.42317,2975,30,0
2010-04-01 06:00:00,1.42319,1.42402,1.42256,1.4239,2602,21,0
2010-04-01 08:00:00,1.42387,1.42414,1.41849,1.41991,4543,16,0
2010-04-01 10:00:00,1.41987,1.42156,1.41941,1.42146,3559,16,0
2010-04-01 12:00:00,1.42148,1.42166,1.41765,1.41794,2791,15,0
2010-04-01 14:00:00,1.41795,1.41826,1.41496,1.41628,4947,17,0
2010-04-01 16:00:00,1.41639,1.44095,1.41436,1.43283,6338,17,0
2010-04-01 18:00:00,1.43279,1.43379,1.4305,1.43217,4499,18,0
2010-04-01 20:00:00,1.43221,1.43252,1.43181,1.43207,3242,30,0
2010-04-01 22:00:00,1.43208,1.43259,1.43147,1.43179,1951,30,0
2010-04-02 00:00:00,1.43181,1.4328,1.43163,1.43238,1873,30,0
2010-04-02 02:00:00,1.43237,1.43261,1.43158,1.43191,2029,30,0
2010-04-02 04:00:00,1.4319,1.43255,1.43159,1.43167,1179,30,0
2010-04-02 06:00:00,1.43169,1.43423,1.43156,1.43239,2514,26,0
2010-04-02 08:00:00,1.43236,1.43301,1.43189,1.43223,1964,23,0
2010-04-02 10:00:00,1.43224,1.43255,1.43205,1.43225,1553,21,0
2010-04-02 12:00:00,1.43226,1.4334,1.43211,1.43247,1878,20,0
2010-04-02 14:00:00,1.43249,1.43409,1.4311,1.43323,5212,20,0
2010-04-02 16:00:00,1.43322,1.43505,1.43322,1.43395,2591,20,0
2010-04-02 18:00:00,1.43393,1.43395,1.43271,1.43285,1503,22,0
2010-04-02 20:00:00,1.43284,1.43286,1.43204,1.43222,1068,30,0
2010-04-02 22:00:00,1.43219,1.43305,1.43173,1.43243,631,32,0
2010-04-05 00:00:00,1.43199,1.43286,1.4316,1.43251,1336,32,0
2010-04-05 02:00:00,1.43253,1.4335,1.43139,1.43295,1726,30,0
2010-04-05 04:00:00,1.43296,1.43307,1.432,1.43248,1522,30,0
2010-04-05 06:00:00,1.43255,1.43267,1.43143,1.43232,1568,23,0
2010-04-05 08:00:00,1.43229,1.43304,1.43157,1.43216,2397,21,0
2010-04-05 10:00:00,1.43217,1.43318,1.43215,1.43284,1665,21,0
2010-04-05 12:00:00,1.43287,1.43378,1.43225,1.43274,1719,19,0
2010-04-05 14:00:00,1.43275,1.43325,1.43191,1.43203,3283,15,0
2010-04-05 16:00:00,1.43204,1.43269,1.43189,1.43202,2689,17,0
2010-04-05 18:00:00,1.43203,1.43248,1.4319,1.43219,2689,19,0
2010-04-05 20:00:00,1.43218,1.4323,1.43139,1.4322,1845,30,0
2010-04-05 22:00:00,1.43217,1.43255,1.43192,1.43223,1040,30,0
2010-04-06 00:00:00,1.43221,1.43258,1.432,1.43213,1136,30,0
2010-04-06 02:00:00,1.43214,1.43228,1.43184,1.43217,2417,30,0
2010-04-06 04:00:00,1.43216,1.4324,1.43204,1.43221,1669,23,0
2010-04-06 06:00:00,1.43222,1.43223,1.43186,1.43202,1901,21,0
2010-04-06 08:00:00,1.43204,1.43277,1.43181,1.43198,2879,16,0
2010-04-06 10:00:00,1.43197,1.43237,1.43192,1.43225,2286,16,0
2010-04-06 12:00:00,1.43224,1.43247,1.43203,1.43237,1993,15,0
2010-04-06 14:00:00,1.43236,1.43266,1.43191,1.43197,3411,15,0
2010-04-06 16:00:00,1.43196,1.43218,1.43192,1.43196,2292,15,0
2010-04-06 18:00:00,1.43197,1.4321,1.43187,1.43191,1818,17,0
2010-04-06 20:00:00,1.43192,1.43229,1.43185,1.43211,2365,30,0
2010-04-06 22:00:00,1.43209,1.43221,1.43185,1.43193,1046,30,0
2010-04-07 00:00:00,1.43196,1.43215,1.4318,1.43191,1179,30,0
2010-04-07 02:00:00,1.4319,1.432,1.43181,1.43191,1939,30,0
2010-04-07 04:00:00,1.4319,1.43213,1.43185,1.43203,1514,27,0
2010-04-07 06:00:00,1.43205,1.43217,1.43186,1.43203,1579,21,0
2010-04-07 08:00:00,1.43202,1.43216,1.43189,1.43197,2309,15,0
2010-04-07 10:00:00,1.43196,1.43239,1.43192,1.43201,2032,15,0
2010-04-07 12:00:00,1.43204,1.43228,1.43194,1.43218,2141,15,0
2010-04-07 14:00:00,1.43217,1.43218,1.43192,1.43205,2099,15,0
2010-04-07 16:00:00,1.43206,1.43216,1.43193,1.43205,2285,15,0
2010-04-07 18:00:00,1.43204,1.43519,1.4319,1.4334,2864,18,0
2010-04-07 20:00:00,1.43337,1.43385,1.43272,1.43315,2890,30,0
2010-04-07 22:00:00,1.43314,1.43323,1.43233,1.43239,1854,30,0
2010-04-08 00:00:00,1.43244,1.43291,1.43222,1.43257,1482,30,0
2010-04-08 02:00:00,1.43256,1.43408,1.43253,1.43334,2916,30,0
2010-04-08 04:00:00,1.43331,1.43341,1.43247,1.43257,2073,30,0
2010-04-08 06:00:00,1.43259,1.43283,1.4324,1.43268,1749,19,0
2010-04-08 08:00:00,1.43269,1.43319,1.43237,1.43275,3216,15,0
2010-04-08 10:00:00,1.43273,1.4331,1.43233,1.43254,2858,15,0
2010-04-08 12:00:00,1.43254,1.43267,1.43226,1.43258,1914,15,0
2010-04-08 14:00:00,1.43256,1.43261,1.43221,1.43237,2637,15,0
2010-04-08 16:00:00,1.43238,1.43264,1.4322,1.43259,2271,15,0
2010-04-08 18:00:00,1.4326,1.43361,1.43245,1.43344,2333,17,0
2010-04-08 20:00:00,1.43342,1.4336,1.43306,1.43331,2310,30,0
2010-04-08 22:00:00,1.4333,1.43359,1.43291,1.43315,1589,30,0
2010-04-09 00:00:00,1.43325,1.43382,1.433,1.43367,1229,30,0
2010-04-09 02:00:00,1.43366,1.43374,1.43349,1.43353,1665,30,0
2010-04-09 04:00:00,1.43352,1.43359,1.43305,1.43332,1333,26,0
2010-04-09 06:00:00,1.43334,1.43342,1.43267,1.433,1810,22,0
2010-04-09 08:00:00,1.43301,1.43407,1.43269,1.43374,3515,15,0
2010-04-09 10:00:00,1.43375,1.43464,1.43365,1.43421,3128,15,0
2010-04-09 12:00:00,1.4342,1.43852,1.43373,1.43589,3340,15,0
2010-04-09 14:00:00,1.43591,1.43945,1.43567,1.4369,4593,15,0
2010-04-09 16:00:00,1.43689,1.43847,1.43626,1.43758,6392,15,0
2010-04-09 18:00:00,1.43759,1.43776,1.43633,1.43688,2947,19,0
2010-04-09 20:00:00,1.4369,1.43849,1.43657,1.43796,2915,30,0
2010-04-09 22:00:00,1.43794,1.4388,1.43794,1.43856,830,30,0
2010-04-12 00:00:00,1.44093,1.44486,1.44086,1.44411,3116,30,0
2010-04-12 02:00:00,1.4441,1.44453,1.44262,1.44294,2832,30,0
2010-04-12 04:00:00,1.44292,1.44367,1.44186,1.44363,2182,24,0
2010-04-12 06:00:00,1.44365,1.44457,1.44276,1.44395,3011,20,0
2010-04-12 08:00:00,1.44394,1.44655,1.4426,1.44307,5430,15,0
2010-04-12 10:00:00,1.4431,1.4444,1.44165,1.44185,4386,15,0
2010-04-12 12:00:00,1.44186,1.44199,1.43956,1.43982,4186,15,0
2010-04-12 14:00:00,1.43981,1.43988,1.43795,1.43877,4284,15,0
2010-04-12 16:00:00,1.43875,1.44057,1.43781,1.43978,4258,15,0
2010-04-12 18:00:00,1.43979,1.44076,1.43948,1.44004,2613,18,0
2010-04-12 20:00:00,1.44002,1.44002,1.4386,1.43988,2664,30,0
2010-04-12 22:00:00,1.43989,1.44015,1.43918,1.44004,1628,30,0
2010-04-13 00:00:00,1.44004,1.44076,1.43942,1.43977,1171,30,0
2010-04-13 02:00:00,1.4398,1.44004,1.43839,1.43882,2749,30,0
2010-04-13 04:00:00,1.43883,1.43955,1.43659,1.4367,2124,21,0
2010-04-13 06:00:00,1.43671,1.43882,1.43671,1.43873,2384,20,0
2010-04-13 08:00:00,1.43874,1.43942,1.43772,1.43877,4092,15,0
2010-04-13 10:00:00,1.43876,1.43902,1.43646,1.43681,3978,15,0
2010-04-13 12:00:00,1.43678,1.43727,1.43655,1.43706,2522,15,0
2010-04-13 14:00:00,1.43708,1.43931,1.43657,1.43667,4502,15,0
2010-04-13 16:00:00,1.43665,1.43722,1.43351,1.43383,5346,15,0
2010-04-13 18:00:00,1.43384,1.43426,1.43268,1.43332,3277,18,0
2010-04-13 20:00:00,1.43333,1.43411,1.43274,1.43394,2372,30,0
2010-04-13 22:00:00,1.43395,1.43512,1.43355,1.43497,2589,30,0
2010-04-14 00:00:00,1.43498,1.43519,1.43455,1.43519,2638,30,0
2010-04-14 02:00:00,1.43517,1.43592,1.43452,1.43576,4450,30,0
2010-04-14 04:00:00,1.43575,1.43581,1.43472,1.43549,2885,26,0
2010-04-14 06:00:00,1.4355,1.43598,1.43461,1.43595,2614,20,0
2010-04-14 08:00:00,1.43597,1.43753,1.43536,1.4373,3988,15,0
2010-04-14 10:00:00,1.43729,1.43867,1.43587,1.43662,3904,15,0
2010-04-14 12:00:00,1.4366,1.43708,1.43548,1.43632,4267,15,0
2010-04-14 14:00:00,1.43633,1.43675,1.43518,1.43519,4376,15,0
2010-04-14 16:00:00,1.43514,1.43723,1.43388,1.4365,5833,15,0
2010-04-14 18:00:00,1.43651,1.43696,1.43596,1.43626,2552,19,0
2010-04-14 20:00:00,1.43625,1.43651,1.43574,1.43582,2396,30,0
2010-04-14 22:00:00,1.43581,1.43677,1.43549,1.43568,2011,30,0
2010-04-15 00:00:00,1.43565,1.43652,1.43535,1.43565,2186,30,0
2010-04-15 02:00:00,1.43568,1.43624,1.43547,1.43554,3722,30,0
2010-04-15 04:00:00,1.43553,1.43582,1.43467,1.43483,2622,30,0
2010-04-15 06:00:00,1.43487,1.43509,1.43451,1.43473,2936,21,0
2010-04-15 08:00:00,1.43474,1.43654,1.43456,1.43495,4857,15,0
2010-04-15 10:00:00,1.43492,1.43515,1.43292,1.43407,5634,15,0
2010-04-15 12:00:00,1.43408,1.43563,1.43391,1.43474,3241,15,0
2010-04-15 14:00:00,1.43475,1.43534,1.43377,1.43493,4848,15,0
2010-04-15 16:00:00,1.43492,1.43527,1.43335,1.43452,4416,16,0
2010-04-15 18:00:00,1.43453,1.43477,1.43359,1.43363,2564,18,0
2010-04-15 20:00:00,1.43364,1.43418,1.43338,1.43383,3117,30,0
2010-04-15 22:00:00,1.43386,1.43415,1.4334,1.43384,2107,30,0
2010-04-16 00:00:00,1.43383,1.43416,1.43356,1.43369,2219,20,0
2010-04-16 02:00:00,1.43366,1.43386,1.43324,1.43345,3172,20,0
2010-04-16 04:00:00,1.43346,1.43362,1.43334,1.43349,2806,20,0
2010-04-16 06:00:00,1.43352,1.4337,1.43343,1.4335,2239,20,0
2010-04-16 08:00:00,1.43349,1.43402,1.43278,1.43278,4229,20,0
2010-04-16 10:00:00,1.43283,1.43375,1.43271,1.43357,3348,20,0
2010-04-16 12:00:00,1.43356,1.43398,1.43322,1.43356,2847,20,0
2010-04-16 14:00:00,1.43359,1.43427,1.43315,1.43379,4377,20,0
2010-04-16 16:00:00,1.43383,1.43384,1.43257,1.43291,6177,16,0
2010-04-16 18:00:00,1.4329,1.43308,1.43239,1.43266,2651,17,0
2010-04-16 20:00:00,1.43263,1.43299,1.43237,1.4326,2442,30,0
2010-04-16 22:00:00,1.43259,1.43302,1.43242,1.43302,774,30,0
2010-04-19 00:00:00,1.43253,1.4334,1.43235,1.43337,1576,30,0
2010-04-19 02:00:00,1.43334,1.43397,1.43268,1.4335,2916,30,0
2010-04-19 04:00:00,1.43352,1.43352,1.43267,1.43281,2254,30,0
2010-04-19 06:00:00,1.43285,1.43334,1.43271,1.43279,1764,19,0
2010-04-19 08:00:00,1.43278,1.43416,1.43263,1.43376,3659,15,0
2010-04-19 10:00:00,1.43375,1.43582,1.43362,1.43455,3764,15,0
2010-04-19 12:00:00,1.43457,1.43486,1.43367,1.43433,2986,15,0
2010-04-19 14:00:00,1.43431,1.43529,1.43369,1.43435,3412,15,0
2010-04-19 16:00:00,1.43436,1.43461,1.43291,1.43307,3877,15,0
2010-04-19 18:00:00,1.43306,1.43339,1.433,1.43316,2104,16,0
2010-04-19 20:00:00,1.43314,1.43369,1.43289,1.43363,2927,30,0
2010-04-19 22:00:00,1.43366,1.43402,1.433,1.43384,1466,30,0
2010-04-20 00:00:00,1.43386,1.43411,1.4334,1.43375,1196,30,0
2010-04-20 02:00:00,1.43373,1.4345,1.43361,1.434,2706,30,0
2010-04-20 04:00:00,1.43396,1.43401,1.43323,1.43357,1591,21,0
2010-04-20 06:00:00,1.43358,1.43418,1.43349,1.43384,1971,18,0
2010-04-20 08:00:00,1.43383,1.43453,1.43341,1.43407,3630,15,0
2010-04-20 10:00:00,1.43406,1.43448,1.43325,1.43447,3588,15,0
2010-04-20 12:00:00,1.43446,1.43446,1.4333,1.43364,2180,15,0
2010-04-20 14:00:00,1.43365,1.43479,1.43304,1.43468,3887,15,0
2010-04-20 16:00:00,1.43469,1.43615,1.43427,1.43526,4633,15,0
2010-04-20 18:00:00,1.43524,1.43582,1.43505,1.43566,2352,18,0
2010-04-20 20:00:00,1.43567,1.43605,1.43542,1.43577,2100,30,0
2010-04-20 22:00:00,1.43571,1.43589,1.43507,1.43554,1429,30,0
2010-04-21 00:00:00,1.43546,1.43569,1.43471,1.43491,1064,30,0
2010-04-21 02:00:00,1.4349,1.435,1.43439,1.4349,2549,30,0
2010-04-21 04:00:00,1.43491,1.43509,1.43429,1.4347,1400,20,0
2010-04-21 06:00:00,1.43471,1.43537,1.43442,1.43486,2298,17,0
2010-04-21 08:00:00,1.43485,1.43512,1.433,1.43312,3279,15,0
2010-04-21 10:00:00,1.43313,1.43376,1.43255,1.4327,3065,15,0
2010-04-21 12:00:00,1.43267,1.43297,1.43242,1.43258,3733,16,0
2010-04-21 14:00:00,1.43256,1.43294,1.43246,1.43277,3293,16,0
2010-04-21 16:00:00,1.43276,1.43349,1.42947,1.433,3557,15,0
2010-04-21 18:00:00,1.43301,1.43407,1.43297,1.43336,2240,17,0
2010-04-21 20:00:00,1.43332,1.43392,1.43261,1.43342,2583,30,0
2010-04-21 22:00:00,1.43341,1.43341,1.43247,1.43269,1791,30,0
2010-04-22 00:00:00,1.43267,1.43281,1.4325,1.43274,972,30,0
2010-04-22 02:00:00,1.43275,1.43278,1.43243,1.43253,2031,30,0
2010-04-22 04:00:00,1.43251,1.4326,1.43237,1.43241,1516,30,0
2010-04-22 06:00:00,1.43242,1.43265,1.43241,1.43242,1301,19,0
2010-04-22 08:00:00,1.43244,1.43284,1.43239,1.4325,2269,15,0
2010-04-22 10:00:00,1.43249,1.43301,1.43242,1.43275,3274,15,0
2010-04-22 12:00:00,1.43272,1.43272,1.43243,1.43257,2246,15,0
2010-04-22 14:00:00,1.43258,1.43326,1.43239,1.43253,3596,15,0
2010-04-22 16:00:00,1.43252,1.43379,1.43244,1.43311,5110,15,0
2010-04-22 18:00:00,1.43314,1.43453,1.43265,1.4338,3263,18,0
2010-04-22 20:00:00,1.43378,1.43382,1.43288,1.43329,2883,30,0
2010-04-22 22:00:00,1.43327,1.4335,1.43261,1.43265,1841,30,0
2010-04-23 00:00:00,1.43271,1.43302,1.43238,1.43241,2878,30,0
2010-04-23 02:00:00,1.43242,1.43324,1.43239,1.43291,2219,30,0
2010-04-23 04:00:00,1.4329,1.4331,1.43257,1.43272,1967,30,0
2010-04-23 06:00:00,1.43273,1.43312,1.43235,1.4325,1805,19,0
2010-04-23 08:00:00,1.43248,1.43308,1.4324,1.43264,2652,15,0
2010-04-23 10:00:00,1.43263,1.43437,1.43262,1.43403,5498,15,0
2010-04-23 12:00:00,1.43404,1.43479,1.43362,1.43458,3589,15,0
2010-04-23 14:00:00,1.43457,1.43555,1.43338,1.43525,5317,15,0
2010-04-23 16:00:00,1.43527,1.43572,1.43412,1.43531,5104,15,0
2010-04-23 18:00:00,1.43529,1.43577,1.43503,1.43566,2002,16,0
2010-04-23 20:00:00,1.43565,1.43593,1.43521,1.43533,2818,30,0
2010-04-23 22:00:00,1.43532,1.43563,1.43489,1.43554,698,30,0
2010-04-26 00:00:00,1.43423,1.43503,1.43349,1.43503,1718,31,0
2010-04-26 02:00:00,1.43507,1.43573,1.43399,1.43511,3264,30,0
2010-04-26 04:00:00,1.4351,1.43582,1.43504,1.43544,2288,24,0
2010-04-26 06:00:00,1.43546,1.43617,1.43546,1.43592,2567,21,0
2010-04-26 08:00:00,1.43588,1.43602,1.43496,1.43531,3566,15,0
2010-04-26 10:00:00,1.43532,1.43565,1.43365,1.43387,4118,15,0
2010-04-26 12:00:00,1.4339,1.43485,1.43371,1.43409,3814,15,0
2010-04-26 14:00:00,1.4341,1.43457,1.43391,1.43405,3849,15,0
2010-04-26 16:00:00,1.43407,1.43471,1.43334,1.43397,4456,15,0
2010-04-26 18:00:00,1.43395,1.43537,1.43393,1.43468,2579,15,0
2010-04-26 20:00:00,1.43469,1.43581,1.43457,1.43553,3573,30,0
2010-04-26 22:00:00,1.43552,1.43599,1.43438,1.43483,4133,30,0
2010-04-27 00:00:00,1.4349,1.43587,1.4344,1.43545,3192,30,0
2010-04-27 02:00:00,1.43546,1.43581,1.43462,1.43495,4130,30,0
2010-04-27 04:00:00,1.43494,1.43533,1.43426,1.43459,2959,21,0
2010-04-27 06:00:00,1.4346,1.43571,1.43453,1.43556,3104,18,0
2010-04-27 08:00:00,1.43557,1.43618,1.43454,1.43592,4212,15,0
2010-04-27 10:00:00,1.43588,1.43663,1.43561,1.43587,4369,15,0
2010-04-27 12:00:00,1.43586,1.43587,1.43518,1.4355,3627,15,0
2010-04-27 14:00:00,1.43548,1.43557,1.4341,1.43471,5329,15,0
2010-04-27 16:00:00,1.4347,1.43566,1.43373,1.43377,7103,15,0
2010-04-27 18:00:00,1.43378,1.43536,1.43302,1.43516,5265,18,0
2010-04-27 20:00:00,1.43512,1.43517,1.43279,1.43286,5869,30,0
2010-04-27 22:00:00,1.43287,1.4332,1.43262,1.4328,2999,30,0
2010-04-28 00:00:00,1.43279,1.43301,1.4326,1.4328,1712,30,0
2010-04-28 02:00:00,1.43288,1.43311,1.43256,1.43281,2929,30,0
2010-04-28 04:00:00,1.4328,1.4331,1.4327,1.43307,2799,20,0
2010-04-28 06:00:00,1.43308,1.43315,1.43279,1.4329,3135,19,0
2010-04-28 08:00:00,1.43292,1.43312,1.43241,1.43294,3940,15,0
2010-04-28 10:00:00,1.43293,1.43307,1.4324,1.43257,3669,15,0
2010-04-28 12:00:00,1.43258,1.43333,1.43245,1.43327,3988,15,0
2010-04-28 14:00:00,1.43326,1.43459,1.43274,1.43276,6819,15,0
2010-04-28 16:00:00,1.43277,1.43376,1.43244,1.4325,6003,15,0
2010-04-28 18:00:00,1.43251,1.43375,1.43241,1.43244,3332,17,0
2010-04-28 20:00:00,1.43241,1.43347,1.4323,1.43321,4505,30,0
2010-04-28 22:00:00,1.4332,1.43365,1.43294,1.43341,2908,30,0
2010-04-29 00:00:00,1.43343,1.43366,1.43285,1.43359,3030,30,0
2010-04-29 02:00:00,1.43357,1.43382,1.43288,1.43359,3111,30,0
2010-04-29 04:00:00,1.43364,1.43397,1.43351,1.43374,2964,30,0
2010-04-29 06:00:00,1.43378,1.43466,1.43372,1.43444,2679,19,0
2010-04-29 08:00:00,1.43445,1.43448,1.43325,1.43412,4941,15,0
2010-04-29 10:00:00,1.43411,1.43498,1.43375,1.4348,5319,15,0
2010-04-29 12:00:00,1.43478,1.43508,1.43377,1.43471,4989,15,0
2010-04-29 14:00:00,1.43472,1.4348,1.43347,1.43429,4466,15,0
2010-04-29 16:00:00,1.43428,1.43465,1.43336,1.43341,4697,15,0
2010-04-29 18:00:00,1.43342,1.43473,1.43338,1.43462,3469,17,0
2010-04-29 20:00:00,1.43459,1.43483,1.43356,1.43367,3570,30,0
2010-04-29 22:00:00,1.43366,1.43444,1.4334,1.43443,2212,30,0
2010-04-30 00:00:00,1.43439,1.4348,1.43401,1.4342,3099,30,0
2010-04-30 02:00:00,1.43421,1.43462,1.434,1.4342,3786,30,0
2010-04-30 04:00:00,1.43423,1.43472,1.4338,1.4347,3405,24,0
2010-04-30 06:00:00,1.43471,1.43485,1.43442,1.43474,2874,17,0
2010-04-30 08:00:00,1.43475,1.43543,1.43423,1.4348,4165,15,0
2010-04-30 10:00:00,1.43482,1.43552,1.43383,1.43383,4508,15,0
2010-04-30 12:00:00,1.43381,1.43472,1.43346,1.43416,3248,15,0
2010-04-30 14:00:00,1.43417,1.43492,1.43356,1.43358,4549,15,0
2010-04-30 16:00:00,1.43361,1.43441,1.43257,1.43268,6160,15,0
2010-04-30 18:00:00,1.43269,1.43293,1.43254,1.43267,2965,17,0
2010-04-30 20:00:00,1.43268,1.43306,1.43258,1.43267,3178,30,0
2010-04-30 22:00:00,1.43269,1.43305,1.43237,1.43243,896,30,0
2010-05-03 00:00:00,1.43389,1.43405,1.43345,1.43353,1822,30,0
2010-05-03 02:00:00,1.43355,1.43363,1.43238,1.43242,3333,30,0
2010-05-03 04:00:00,1.43241,1.43264,1.43235,1.43248,1484,28,0
2010-05-03 06:00:00,1.43249,1.43277,1.43239,1.43255,1717,20,0
2010-05-03 08:00:00,1.43256,1.43306,1.43239,1.43254,2620,17,0
2010-05-03 10:00:00,1.43255,1.43268,1.4324,1.43248,1791,17,0
2010-05-03 12:00:00,1.4325,1.4328,1.43243,1.43244,2657,17,0
2010-05-03 14:00:00,1.43247,1.43281,1.43243,1.4325,2261,17,0
2010-05-03 16:00:00,1.43251,1.4326,1.43238,1.43256,3464,16,0
2010-05-03 18:00:00,1.43255,1.43285,1.43251,1.4326,2281,17,0
2010-05-03 20:00:00,1.43261,1.43272,1.43239,1.43248,2738,30,0
2010-05-03 22:00:00,1.43249,1.43254,1.43228,1.43239,1961,30,0
2010-05-04 00:00:00,1.4324,1.4326,1.43233,1.43242,1463,30,0
2010-05-04 02:00:00,1.43241,1.43256,1.43237,1.43241,2043,30,0
2010-05-04 04:00:00,1.43242,1.43246,1.43236,1.43246,1892,22,0
2010-05-04 06:00:00,1.43242,1.43257,1.43238,1.43249,1817,18,0
2010-05-04 08:00:00,1.43251,1.43257,1.4324,1.43249,2307,15,0
2010-05-04 10:00:00,1.4325,1.43258,1.43241,1.43245,2610,15,0
2010-05-04 12:00:00,1.43246,1.43258,1.43242,1.43247,2807,15,0
2010-05-04 14:00:00,1.43246,1.43253,1.43238,1.43241,3565,15,0
2010-05-04 16:00:00,1.43242,1.43466,1.43239,1.43246,3973,15,0
2010-05-04 18:00:00,1.43245,1.43256,1.43239,1.43244,2525,16,0
2010-05-04 20:00:00,1.43245,1.43265,1.43232,1.43258,3113,30,0
2010-05-04 22:00:00,1.43257,1.43261,1.43225,1.43241,2134,30,0
2010-05-05 00:00:00,1.43241,1.4325,1.43229,1.43242,1664,30,0
2010-05-05 02:00:00,1.43243,1.43254,1.43234,1.43239,2675,30,0
2010-05-05 04:00:00,1.43238,1.43245,1.43234,1.43245,2615,19,0
2010-05-05 06:00:00,1.43244,1.4325,1.43237,1.43247,2447,17,0
2010-05-05 08:00:00,1.43249,1.43268,1.4324,1.43245,2844,15,0
2010-05-05 10:00:00,1.43246,1.43252,1.43233,1.43246,2521,15,0
2010-05-05 12:00:00,1.43247,1.43257,1.43242,1.43247,2389,15,0
2010-05-05 14:00:00,1.43246,1.43252,1.43238,1.43243,3230,15,0
2010-05-05 16:00:00,1.43246,1.43368,1.43242,1.4331,2223,15,0
2010-05-05 18:00:00,1.43308,1.43317,1.43243,1.43258,2106,17,0
2010-05-05 20:00:00,1.43257,1.43279,1.43234,1.43273,2873,30,0
2010-05-05 22:00:00,1.43274,1.43275,1.43233,1.43265,1251,30,0
2010-05-06 00:00:00,1.43256,1.43277,1.4324,1.43265,1265,30,0
2010-05-06 02:00:00,1.43264,1.4336,1.43252,1.433,2469,30,0
2010-05-06 04:00:00,1.43297,1.43377,1.43291,1.43369,2042,30,0
2010-05-06 06:00:00,1.43371,1.43434,1.43354,1.43374,2134,20,0
2010-05-06 08:00:00,1.43373,1.43373,1.43241,1.4327,3384,15,0
2010-05-06 10:00:00,1.43271,1.43273,1.42112,1.42214,4504,15,0
2010-05-06 12:00:00,1.42215,1.42326,1.41404,1.41474,6123,19,0
2010-05-06 14:00:00,1.41475,1.41546,1.40449,1.40452,7753,21,0
2010-05-06 16:00:00,1.40473,1.40921,1.40457,1.40745,7854,21,0
2010-05-06 18:00:00,1.40751,1.41085,1.40729,1.40754,6565,23,0
2010-05-06 20:00:00,1.40753,1.40795,1.40033,1.40266,9129,31,0
2010-05-06 22:00:00,1.40262,1.40721,1.40203,1.40593,4213,35,0
2010-05-07 00:00:00,1.40593,1.40895,1.4051,1.40866,3384,30,0
2010-05-07 02:00:00,1.40865,1.40888,1.4052,1.40784,3555,31,0
2010-05-07 04:00:00,1.40783,1.41454,1.40736,1.41449,4039,28,0
2010-05-07 06:00:00,1.41448,1.41676,1.40963,1.41255,5693,26,0
2010-05-07 08:00:00,1.41256,1.41766,1.41173,1.41637,8325,24,0
2010-05-07 10:00:00,1.41643,1.4186,1.41491,1.41593,7832,21,0
2010-05-07 12:00:00,1.41594,1.41666,1.41209,1.41243,6867,22,0
2010-05-07 14:00:00,1.41238,1.4148,1.41034,1.41181,8152,20,0
2010-05-07 16:00:00,1.41183,1.41221,1.40527,1.4099,9623,21,0
2010-05-07 18:00:00,1.40992,1.41417,1.40949,1.41315,6906,23,0
2010-05-07 20:00:00,1.41316,1.4132,1.40977,1.41097,5583,34,0
2010-05-07 22:00:00,1.41096,1.41391,1.41009,1.41286,1357,39,0
2010-05-10 00:00:00,1.422,1.42343,1.41929,1.42067,5950,39,0
2010-05-10 02:00:00,1.42072,1.42454,1.41822,1.42396,5907,34,0
2010-05-10 04:00:00,1.42397,1.42542,1.42155,1.425,4164,30,0
2010-05-10 06:00:00,1.42506,1.42724,1.42316,1.42655,4475,22,0
2010-05-10 08:00:00,1.42654,1.42874,1.42446,1.42831,6731,17,0
2010-05-10 10:00:00,1.42829,1.4333,1.42552,1.42628,7132,17,0
2010-05-10 12:00:00,1.4263,1.42666,1.42396,1.4242,5035,18,0
2010-05-10 14:00:00,1.42397,1.42587,1.42244,1.42302,6779,18,0
2010-05-10 16:00:00,1.42305,1.42456,1.41897,1.4236,7209,18,0
2010-05-10 18:00:00,1.42359,1.42429,1.41748,1.41933,5479,19,0
2010-05-10 20:00:00,1.41936,1.42059,1.41774,1.42053,4979,30,0
2010-05-10 22:00:00,1.42058,1.42105,1.41831,1.41913,2150,30,0
2010-05-11 00:00:00,1.41904,1.41925,1.4152,1.4152,2603,31,0
2010-05-11 02:00:00,1.41521,1.41813,1.41506,1.41772,3918,31,0
2010-05-11 04:00:00,1.41786,1.41845,1.41553,1.41559,2553,30,0
2010-05-11 06:00:00,1.41564,1.41564,1.41267,1.41357,4095,21,0
2010-05-11 08:00:00,1.41349,1.41515,1.41135,1.41362,6003,16,0
2010-05-11 10:00:00,1.4136,1.4136,1.40741,1.40904,5741,15,0
2010-05-11 12:00:00,1.40905,1.41062,1.40802,1.40911,4350,16,0
2010-05-11 14:00:00,1.40912,1.41233,1.40819,1.41178,4959,16,0
2010-05-11 16:00:00,1.41179,1.41246,1.40346,1.40592,6083,17,0
2010-05-11 18:00:00,1.40591,1.41163,1.40331,1.41137,4977,17,0
2010-05-11 20:00:00,1.41135,1.41166,1.40717,1.40809,4834,30,0
2010-05-11 22:00:00,1.40808,1.40845,1.4044,1.40531,2716,30,0
2010-05-12 00:00:00,1.40533,1.40538,1.40349,1.40452,2432,30,0
2010-05-12 02:00:00,1.40453,1.40703,1.40439,1.40532,3686,31,0
2010-05-12 04:00:00,1.40533,1.4056,1.4046,1.40477,2498,26,0
2010-05-12 06:00:00,1.40475,1.40546,1.40402,1.40533,4109,21,0
2010-05-12 08:00:00,1.40532,1.40781,1.40406,1.40768,4861,17,0
2010-05-12 10:00:00,1.40767,1.41163,1.40749,1.4095,6025,16,0
2010-05-12 12:00:00,1.40949,1.40969,1.40453,1.40649,4041,16,0
2010-05-12 14:00:00,1.4066,1.4067,1.40519,1.40662,4791,17,0
2010-05-12 16:00:00,1.40664,1.4071,1.40168,1.40333,5282,16,0
2010-05-12 18:00:00,1.40331,1.4043,1.40165,1.40212,3826,18,0
2010-05-12 20:00:00,1.40213,1.40295,1.40152,1.40285,3996,30,0
2010-05-12 22:00:00,1.40284,1.40459,1.40125,1.40245,2201,30,0
2010-05-13 00:00:00,1.40231,1.40324,1.40201,1.40297,2027,30,0
2010-05-13 02:00:00,1.40292,1.40395,1.40263,1.40385,3594,30,0
2010-05-13 04:00:00,1.40386,1.40445,1.40265,1.40279,2785,30,0
2010-05-13 06:00:00,1.4028,1.40667,1.40268,1.40623,2748,19,0
2010-05-13 08:00:00,1.40622,1.40707,1.40101,1.40252,3810,17,0
2010-05-13 10:00:00,1.40251,1.40346,1.40045,1.40218,5879,19,0
2010-05-13 12:00:00,1.40216,1.4026,1.40066,1.40109,3555,16,0
2010-05-13 14:00:00,1.40108,1.40153,1.40038,1.40063,3111,15,0
2010-05-13 16:00:00,1.40057,1.40123,1.40041,1.40077,3428,15,0
2010-05-13 18:00:00,1.40074,1.40197,1.40046,1.40057,3320,17,0
2010-05-13 20:00:00,1.40059,1.40076,1.40044,1.40056,2638,30,0
2010-05-13 22:00:00,1.40055,1.40106,1.40034,1.40065,1608,30,0
2010-05-14 00:00:00,1.40061,1.4011,1.4005,1.4007,1240,30,0
2010-05-14 02:00:00,1.40075,1.40112,1.40043,1.4008,1981,30,0
2010-05-14 04:00:00,1.40083,1.40125,1.40052,1.40054,1818,30,0
2010-05-14 06:00:00,1.40056,1.40083,1.40042,1.40052,1503,19,0
2010-05-14 08:00:00,1.40053,1.40285,1.40047,1.40219,4256,17,0
2010-05-14 10:00:00,1.40218,1.40235,1.40044,1.40046,5137,15,0
2010-05-14 12:00:00,1.40047,1.40155,1.40042,1.4012,4024,15,0
2010-05-14 14:00:00,1.40119,1.40284,1.40077,1.40184,6170,16,0
2010-05-14 16:00:00,1.40185,1.40301,1.4004,1.40065,5547,15,0
2010-05-14 18:00:00,1.40064,1.40149,1.4004,1.40044,1491,17,0
2010-05-14 20:00:00,1.40042,1.40083,1.40038,1.4007,2436,30,0
2010-05-14 22:00:00,1.4007,1.40079,1.40028,1.40067,815,30,0
2010-05-17 00:00:00,1.40055,1.40068,1.40036,1.40044,843,30,0
2010-05-17 02:00:00,1.40046,1.4006,1.40034,1.4004,1985,30,0
2010-05-17 04:00:00,1.40039,1.40046,1.40032,1.40042,2094,28,0
2010-05-17 06:00:00,1.40043,1.40125,1.40036,1.40092,2548,17,0
2010-05-17 08:00:00,1.40091,1.40139,1.40046,1.4005,2055,17,0
2010-05-17 10:00:00,1.40049,1.40051,1.40046,1.4005,14,19,0
2010-05-17 14:00:00,1.40093,1.40227,1.40087,1.40212,111,17,0
2010-05-17 16:00:00,1.40112,1.40112,1.40054,1.40054,162,17,0
2010-05-17 18:00:00,1.40053,1.40105,1.4004,1.40089,2443,15,0
2010-05-17 20:00:00,1.4009,1.4018,1.40045,1.40103,4558,30,0
2010-05-17 22:00:00,1.40102,1.40227,1.40096,1.40215,1780,30,0
2010-05-18 00:00:00,1.40219,1.4027,1.40168,1.40229,1709,30,0
2010-05-18 02:00:00,1.40228,1.40267,1.40077,1.40169,2579,30,0
2010-05-18 04:00:00,1.40171,1.40226,1.40108,1.402,2651,28,0
2010-05-18 06:00:00,1.40202,1.40209,1.40114,1.40167,3159,22,0
2010-05-18 08:00:00,1.40166,1.40459,1.40113,1.40186,5083,16,0
2010-05-18 10:00:00,1.40184,1.40302,1.40102,1.40139,5754,16,0
2010-05-18 12:00:00,1.40138,1.40272,1.40107,1.40177,3813,16,0
2010-05-18 14:00:00,1.40178,1.40439,1.40169,1.40296,4001,15,0
2010-05-18 16:00:00,1.40294,1.40302,1.40119,1.40152,4247,15,0
2010-05-18 18:00:00,1.40153,1.40287,1.40039,1.4004,3343,16,0
2010-05-18 20:00:00,1.40039,1.4009,1.40033,1.4004,2782,30,0
2010-05-18 22:00:00,1.40039,1.40048,1.4003,1.40038,1113,30,0
2010-05-19 00:00:00,1.40037,1.40051,1.4002,1.40038,1518,30,0
2010-05-19 02:00:00,1.4004,1.40056,1.40034,1.40037,2000,30,0
2010-05-19 04:00:00,1.4004,1.40249,1.40035,1.40104,2831,23,0
2010-05-19 06:00:00,1.40105,1.40176,1.40045,1.40046,2818,19,0
2010-05-19 08:00:00,1.40047,1.40152,1.40029,1.40049,2764,15,0
2010-05-19 10:00:00,1.40047,1.40127,1.40035,1.40046,2969,15,0
2010-05-19 12:00:00,1.40045,1.40181,1.40037,1.40067,9701,10,0
2010-05-19 14:00:00,1.40068,1.42068,1.40056,1.4143,22816,10,0
2010-05-19 16:00:00,1.4143,1.43071,1.41416,1.42435,22383,10,0
2010-05-19 18:00:00,1.42438,1.43082,1.42214,1.4297,14783,10,0
2010-05-19 20:00:00,1.42965,1.42975,1.42518,1.42567,14393,13,0
2010-05-19 22:00:00,1.42572,1.43053,1.42546,1.42969,7201,10,0
2010-05-20 00:00:00,1.42969,1.4297,1.42703,1.42713,6213,16,0
2010-05-20 02:00:00,1.42721,1.42726,1.42326,1.42431,9144,15,0
2010-05-20 04:00:00,1.42431,1.42574,1.42354,1.42427,4525,18,0
2010-05-20 06:00:00,1.42439,1.42802,1.42331,1.4277,6518,11,0
2010-05-20 08:00:00,1.4277,1.43068,1.425,1.42684,17147,10,0
2010-05-20 10:00:00,1.42691,1.42702,1.42126,1.42128,4266,10,0
2010-05-20 12:00:00,1.42127,1.42127,1.4138,1.41815,5820,18,0
2010-05-20 14:00:00,1.41815,1.42055,1.41648,1.42031,5431,20,0
2010-05-20 16:00:00,1.42037,1.42559,1.41814,1.42256,5773,21,0
2010-05-20 18:00:00,1.42255,1.4442,1.42232,1.43779,4900,21,0
2010-05-20 20:00:00,1.43765,1.44534,1.43581,1.43928,5313,35,0
2010-05-20 22:00:00,1.43929,1.43945,1.43501,1.43573,3117,36,0
2010-05-21 00:00:00,1.43587,1.44079,1.43495,1.44068,3675,37,0
2010-05-21 02:00:00,1.44065,1.44799,1.43846,1.44694,5538,37,0
2010-05-21 04:00:00,1.44673,1.45678,1.44611,1.45358,5845,35,0
2010-05-21 06:00:00,1.45361,1.4587,1.44884,1.4491,6790,26,0
2010-05-21 08:00:00,1.44908,1.44916,1.43642,1.4381,6826,24,0
2010-05-21 10:00:00,1.43814,1.44327,1.43622,1.43826,6153,21,0
2010-05-21 12:00:00,1.43821,1.44161,1.4363,1.44045,5345,22,0
2010-05-21 14:00:00,1.4406,1.44513,1.4406,1.44136,5246,22,0
2010-05-21 16:00:00,1.44141,1.44542,1.43945,1.44382,5050,25,0
2010-05-21 18:00:00,1.44403,1.44676,1.44018,1.44657,5163,24,0
2010-05-21 20:00:00,1.44655,1.44656,1.44246,1.4445,3901,34,0
2010-05-21 22:00:00,1.44443,1.4478,1.44276,1.44488,2047,38,0
2010-05-24 00:00:00,1.44325,1.44337,1.44008,1.44037,2657,34,0
2010-05-24 02:00:00,1.44036,1.44306,1.43977,1.44304,4627,30,0
2010-05-24 04:00:00,1.44307,1.44431,1.44098,1.44103,2939,28,0
2010-05-24 06:00:00,1.44107,1.44286,1.44037,1.44086,3927,22,0
2010-05-24 08:00:00,1.44097,1.44316,1.44012,1.44026,4159,19,0
2010-05-24 10:00:00,1.44023,1.4404,1.43668,1.43739,5400,16,0
2010-05-24 12:00:00,1.43737,1.43737,1.43318,1.43477,4666,18,0
2010-05-24 14:00:00,1.43477,1.4354,1.43219,1.43458,5289,20,0
2010-05-24 16:00:00,1.4346,1.43642,1.43124,1.43408,5677,19,0
2010-05-24 18:00:00,1.43414,1.43479,1.43329,1.43441,3224,21,0
2010-05-24 20:00:00,1.43435,1.43625,1.43388,1.43458,3592,30,0
2010-05-24 22:00:00,1.43455,1.43455,1.43207,1.43263,2880,30,0
2010-05-25 00:00:00,1.43267,1.43295,1.43046,1.43158,2335,30,0
2010-05-25 02:00:00,1.43156,1.43228,1.42738,1.42933,4169,30,0
2010-05-25 04:00:00,1.42935,1.43012,1.42664,1.42719,3863,30,0
2010-05-25 06:00:00,1.42722,1.42892,1.42536,1.42757,3670,23,0
2010-05-25 08:00:00,1.42755,1.42776,1.42171,1.4234,7502,17,0
2010-05-25 10:00:00,1.42342,1.42676,1.42077,1.4245,5990,19,0
2010-05-25 12:00:00,1.42438,1.4258,1.42284,1.42479,5416,20,0
2010-05-25 14:00:00,1.4246,1.42802,1.42244,1.42772,4476,20,0
2010-05-25 16:00:00,1.42804,1.42878,1.42073,1.42348,3902,21,0
2010-05-25 18:00:00,1.42348,1.42662,1.42313,1.42546,4202,22,0
2010-05-25 20:00:00,1.42525,1.42894,1.42394,1.42713,4634,30,0
2010-05-25 22:00:00,1.42719,1.42926,1.42668,1.42876,2887,30,0
2010-05-26 00:00:00,1.42884,1.42914,1.42723,1.42741,2493,30,0
2010-05-26 02:00:00,1.42743,1.42743,1.42361,1.42512,4255,30,0
2010-05-26 04:00:00,1.42512,1.42828,1.42422,1.42818,3647,30,0
2010-05-26 06:00:00,1.42821,1.42892,1.42437,1.42588,4718,22,0
2010-05-26 08:00:00,1.42585,1.42778,1.42438,1.42536,4553,17,0
2010-05-26 10:00:00,1.42534,1.42635,1.42063,1.42116,4370,17,0
2010-05-26 12:00:00,1.42114,1.42132,1.4175,1.42005,3637,17,0
2010-05-26 14:00:00,1.42001,1.42137,1.41703,1.41955,4218,17,0
2010-05-26 16:00:00,1.42039,1.42055,1.41508,1.4181,3881,17,0
2010-05-26 18:00:00,1.41817,1.41819,1.41618,1.41723,3643,19,0
2010-05-26 20:00:00,1.41721,1.41739,1.41314,1.41355,5183,30,0
2010-05-26 22:00:00,1.41356,1.41371,1.4114,1.41148,3107,30,0
2010-05-27 00:00:00,1.41152,1.41228,1.41096,1.41177,2596,30,0
2010-05-27 02:00:00,1.41176,1.41329,1.41164,1.41196,3613,30,0
2010-05-27 04:00:00,1.41195,1.41426,1.41155,1.41369,3989,28,0
2010-05-27 06:00:00,1.41371,1.4195,1.41369,1.41666,5763,21,0
2010-05-27 08:00:00,1.41667,1.42194,1.41589,1.41946,6910,19,0
2010-05-27 10:00:00,1.41944,1.4195,1.41523,1.41774,5667,19,0
2010-05-27 12:00:00,1.41779,1.4178,1.41443,1.41699,5615,18,0
2010-05-27 14:00:00,1.41691,1.42252,1.41562,1.42207,6521,17,0
2010-05-27 16:00:00,1.42227,1.42516,1.41946,1.42254,6990,18,0
2010-05-27 18:00:00,1.42253,1.42735,1.42197,1.42372,5576,20,0
2010-05-27 20:00:00,1.42366,1.42463,1.42192,1.42424,4864,30,0
2010-05-27 22:00:00,1.42421,1.42493,1.42201,1.42319,2278,30,0
2010-05-28 00:00:00,1.42318,1.4256,1.42258,1.42495,3229,30,0
2010-05-28 02:00:00,1.42498,1.42513,1.42094,1.42234,4048,30,0
2010-05-28 04:00:00,1.42236,1.42355,1.42107,1.42246,3304,30,0
2010-05-28 06:00:00,1.42244,1.42591,1.4213,1.42417,4098,24,0
2010-05-28 08:00:00,1.42415,1.42651,1.42203,1.42504,5318,18,0
2010-05-28 10:00:00,1.42503,1.43075,1.42441,1.42599,5540,17,0
2010-05-28 12:00:00,1.42609,1.42827,1.42514,1.42705,3852,18,0
2010-05-28 14:00:00,1.4271,1.42711,1.42342,1.42589,6033,17,0
2010-05-28 16:00:00,1.42591,1.42852,1.42363,1.42656,8165,17,0
2010-05-28 18:00:00,1.42657,1.42739,1.4225,1.42257,6456,19,0
2010-05-28 20:00:00,1.4225,1.4243,1.42198,1.42235,4325,30,0
2010-05-28 22:00:00,1.42232,1.42326,1.42181,1.42233,1299,37,0
2010-05-31 00:00:00,1.42183,1.42352,1.42134,1.42236,1998,35,0
2010-05-31 02:00:00,1.42237,1.42458,1.42208,1.42258,3927,30,0
2010-05-31 04:00:00,1.42256,1.42391,1.4222,1.42239,2918,24,0
2010-05-31 06:00:00,1.42241,1.42366,1.42216,1.4228,3600,20,0
2010-05-31 08:00:00,1.42273,1.4246,1.42105,1.4238,4645,19,0
2010-05-31 10:00:00,1.42378,1.42398,1.42195,1.42239,3205,15,0
2010-05-31 12:00:00,1.42235,1.42353,1.42188,1.42302,2272,15,0
2010-05-31 14:00:00,1.42303,1.42581,1.42199,1.42257,3279,18,0
2010-05-31 16:00:00,1.42262,1.42285,1.41705,1.4181,3288,18,0
2010-05-31 18:00:00,1.41815,1.42149,1.41813,1.42081,2967,22,0
2010-05-31 20:00:00,1.42079,1.42186,1.42014,1.42135,1428,30,0
2010-05-31 22:00:00,1.42128,1.42207,1.42041,1.42178,1124,37,0
2010-06-01 00:00:00,1.42172,1.42172,1.41822,1.4183,2096,30,0
2010-06-01 02:00:00,1.41831,1.41836,1.41653,1.41721,3618,30,0
2010-06-01 04:00:00,1.41724,1.4188,1.41636,1.41662,4156,30,0
2010-06-01 06:00:00,1.41661,1.41989,1.41556,1.41661,5955,19,0
2010-06-01 08:00:00,1.41662,1.41836,1.41567,1.41832,8136,17,0
2010-06-01 10:00:00,1.41832,1.42011,1.41635,1.4197,9122,17,0
2010-06-01 12:00:00,1.41965,1.42223,1.41858,1.41952,6083,18,0
2010-06-01 14:00:00,1.41951,1.41983,1.41551,1.41606,6969,17,0
2010-06-01 16:00:00,1.41604,1.41694,1.41502,1.41641,8209,18,0
2010-06-01 18:00:00,1.4164,1.41809,1.41592,1.41793,3913,19,0
2010-06-01 20:00:00,1.41787,1.41796,1.41527,1.41592,5404,30,0
2010-06-01 22:00:00,1.41593,1.41613,1.41246,1.41305,2696,30,0
2010-06-02 00:00:00,1.41318,1.41495,1.41274,1.41413,2435,32,0
2010-06-02 02:00:00,1.41412,1.41581,1.41212,1.41512,5037,30,0
2010-06-02 04:00:00,1.41511,1.41613,1.41252,1.41304,4787,30,0
2010-06-02 06:00:00,1.41308,1.41479,1.41214,1.41371,5814,20,0
2010-06-02 08:00:00,1.41373,1.41487,1.41222,1.41357,4434,17,0
2010-06-02 10:00:00,1.41321,1.41489,1.41198,1.41373,4327,18,0
2010-06-02 12:00:00,1.41371,1.41536,1.41321,1.41422,4487,18,0
2010-06-02 14:00:00,1.4142,1.41487,1.41196,1.4122,5498,18,0
2010-06-02 16:00:00,1.41219,1.41519,1.41203,1.41274,6818,17,0
2010-06-02 18:00:00,1.41272,1.41487,1.41242,1.41399,4784,19,0
2010-06-02 20:00:00,1.41398,1.41455,1.4131,1.41343,4882,30,0
2010-06-02 22:00:00,1.41347,1.41462,1.41292,1.41447,1979,30,0
2010-06-03 00:00:00,1.41446,1.41478,1.41367,1.41469,2566,30,0
2010-06-03 02:00:00,1.41468,1.41575,1.41391,1.41533,4194,30,0
2010-06-03 04:00:00,1.41532,1.41723,1.41506,1.41676,3084,28,0
2010-06-03 06:00:00,1.41675,1.41735,1.41644,1.41726,3480,20,0
2010-06-03 08:00:00,1.41725,1.4176,1.41562,1.41666,5367,17,0
2010-06-03 10:00:00,1.41668,1.41687,1.41312,1.41448,3561,17,0
2010-06-03 12:00:00,1.41444,1.41592,1.41416,1.41465,3913,18,0
2010-06-03 14:00:00,1.4147,1.41545,1.41286,1.41351,4466,17,0
2010-06-03 16:00:00,1.41352,1.41352,1.40596,1.40696,5949,17,0
2010-06-03 18:00:00,1.40698,1.40832,1.40574,1.4069,5005,20,0
2010-06-03 20:00:00,1.40687,1.40797,1.40547,1.40606,4741,30,0
2010-06-03 22:00:00,1.40601,1.40705,1.4057,1.40701,2113,30,0
2010-06-04 00:00:00,1.40702,1.40773,1.40573,1.4062,2377,30,0
2010-06-04 02:00:00,1.40619,1.40645,1.40541,1.40564,2515,30,0
2010-06-04 04:00:00,1.40571,1.40588,1.40539,1.4054,2570,30,0
2010-06-04 06:00:00,1.40545,1.4062,1.40519,1.40563,2045,19,0
2010-06-04 08:00:00,1.40564,1.40743,1.40497,1.40687,3554,17,0
2010-06-04 10:00:00,1.40693,1.40912,1.40544,1.40554,4016,16,0
2010-06-04 12:00:00,1.4055,1.40565,1.38658,1.39375,7105,17,0
2010-06-04 14:00:00,1.39372,1.39582,1.39048,1.39449,7944,21,0
2010-06-04 16:00:00,1.39442,1.39874,1.39109,1.39349,7923,20,0
2010-06-04 18:00:00,1.3935,1.39475,1.39115,1.39175,6099,22,0
2010-06-04 20:00:00,1.39173,1.39213,1.38896,1.39005,4972,30,0
2010-06-04 22:00:00,1.39006,1.39305,1.38929,1.39145,1499,33,0
2010-06-07 00:00:00,1.39032,1.39108,1.38831,1.38861,3265,37,0
2010-06-07 02:00:00,1.38858,1.38886,1.3851,1.38574,6162,30,0
2010-06-07 04:00:00,1.38583,1.38864,1.38541,1.38685,4635,30,0
2010-06-07 06:00:00,1.38691,1.39063,1.38647,1.38953,5496,22,0
2010-06-07 08:00:00,1.38952,1.39067,1.38828,1.38952,6158,18,0
2010-06-07 10:00:00,1.3895,1.39421,1.38925,1.39261,5225,17,0
2010-06-07 12:00:00,1.39264,1.39333,1.38777,1.39011,5718,17,0
2010-06-07 14:00:00,1.39013,1.3927,1.38622,1.38625,6473,16,0
2010-06-07 16:00:00,1.38626,1.38876,1.38496,1.38871,6625,17,0
2010-06-07 18:00:00,1.3887,1.38933,1.38615,1.38727,4255,19,0
2010-06-07 20:00:00,1.38728,1.38764,1.38591,1.38639,5650,30,0
2010-06-07 22:00:00,1.3864,1.38688,1.38597,1.38637,2028,30,0
2010-06-08 00:00:00,1.38646,1.38691,1.38579,1.38629,2113,30,0
2010-06-08 02:00:00,1.3863,1.38952,1.38601,1.38877,3441,30,0
2010-06-08 04:00:00,1.38883,1.38962,1.38842,1.38911,4028,30,0
2010-06-08 06:00:00,1.38912,1.38932,1.38836,1.38882,4050,20,0
2010-06-08 08:00:00,1.38881,1.39087,1.3879,1.389,4444,17,0
2010-06-08 10:00:00,1.38899,1.38929,1.37852,1.38043,6721,17,0
2010-06-08 12:00:00,1.3804,1.38298,1.3802,1.38114,4661,20,0
2010-06-08 14:00:00,1.38113,1.38127,1.37554,1.37699,6705,20,0
2010-06-08 16:00:00,1.3769,1.38641,1.37476,1.38054,8530,19,0
2010-06-08 18:00:00,1.38053,1.38113,1.37552,1.37657,5668,21,0
2010-06-08 20:00:00,1.37656,1.37903,1.3761,1.37711,5899,30,0
2010-06-08 22:00:00,1.37714,1.38012,1.37671,1.37983,2824,30,0
2010-06-09 00:00:00,1.37983,1.38006,1.37847,1.37883,1839,30,0
2010-06-09 02:00:00,1.37879,1.37922,1.37665,1.37895,3321,30,0
2010-06-09 04:00:00,1.37896,1.37941,1.37736,1.3782,3832,30,0
2010-06-09 06:00:00,1.37821,1.3786,1.37646,1.3778,4734,18,0
2010-06-09 08:00:00,1.37781,1.37918,1.37679,1.37743,4880,17,0
2010-06-09 10:00:00,1.37744,1.37756,1.37544,1.37618,4427,17,0
2010-06-09 12:00:00,1.37617,1.37672,1.37337,1.37518,5043,16,0
2010-06-09 14:00:00,1.37515,1.38016,1.37496,1.37886,6006,17,0
2010-06-09 16:00:00,1.37888,1.38053,1.37587,1.37975,6707,18,0
2010-06-09 18:00:00,1.37976,1.37986,1.37705,1.37804,4205,20,0
2010-06-09 20:00:00,1.37805,1.37901,1.3752,1.37584,6612,30,0
2010-06-09 22:00:00,1.37586,1.37651,1.37512,1.3758,2558,30,0
2010-06-10 00:00:00,1.37587,1.37667,1.37568,1.37624,2043,30,0
2010-06-10 02:00:00,1.37623,1.37642,1.37451,1.37641,2452,30,0
2010-06-10 04:00:00,1.37644,1.37823,1.37573,1.37684,3789,30,0
2010-06-10 06:00:00,1.37685,1.37964,1.37602,1.37935,4108,20,0
2010-06-10 08:00:00,1.37949,1.38087,1.37817,1.37823,5316,19,0
2010-06-10 10:00:00,1.37828,1.3819,1.37784,1.37937,5300,18,0
2010-06-10 12:00:00,1.37934,1.38021,1.37677,1.37809,4739,18,0
2010-06-10 14:00:00,1.37811,1.38472,1.37811,1.38454,6850,18,0
2010-06-10 16:00:00,1.38457,1.38532,1.38093,1.38261,5797,19,0
2010-06-10 18:00:00,1.38263,1.38519,1.38104,1.38394,4945,20,0
2010-06-10 20:00:00,1.38395,1.38682,1.38366,1.38655,5377,30,0
2010-06-10 22:00:00,1.38658,1.38671,1.3829,1.38426,3803,30,0
2010-06-11 00:00:00,1.38427,1.38616,1.38278,1.38599,3808,32,0
2010-06-11 02:00:00,1.386,1.38738,1.38398,1.3845,4030,30,0
2010-06-11 04:00:00,1.38452,1.38507,1.38271,1.38323,3922,30,0
2010-06-11 06:00:00,1.3834,1.38639,1.38299,1.38579,5698,21,0
2010-06-11 08:00:00,1.38578,1.38587,1.3832,1.38393,6215,17,0
2010-06-11 10:00:00,1.38396,1.3865,1.38155,1.38549,6025,18,0
2010-06-11 12:00:00,1.38548,1.38936,1.3854,1.3887,5149,17,0
2010-06-11 14:00:00,1.38867,1.39248,1.38695,1.39217,9265,17,0
2010-06-11 16:00:00,1.39221,1.39455,1.38853,1.39132,10222,18,0
2010-06-11 18:00:00,1.3913,1.39198,1.38856,1.39171,5604,19,0
2010-06-11 20:00:00,1.39169,1.39227,1.38892,1.39131,5395,30,0
2010-06-11 22:00:00,1.39124,1.39204,1.39017,1.39164,1774,32,0
2010-06-14 00:00:00,1.39186,1.39609,1.39119,1.39607,3951,36,0
2010-06-14 02:00:00,1.39605,1.39615,1.3935,1.39443,4378,31,0
2010-06-14 04:00:00,1.39441,1.39555,1.39394,1.3944,3760,30,0
2010-06-14 06:00:00,1.39441,1.39567,1.3939,1.39512,4096,22,0
2010-06-14 08:00:00,1.39509,1.39613,1.38873,1.38978,4860,17,0
2010-06-14 10:00:00,1.38979,1.39254,1.38724,1.39094,5523,18,0
2010-06-14 12:00:00,1.39092,1.39258,1.39029,1.39149,3737,18,0
2010-06-14 14:00:00,1.39148,1.39386,1.3907,1.39187,4297,17,0
2010-06-14 16:00:00,1.39184,1.3977,1.39184,1.39675,4591,17,0
2010-06-14 18:00:00,1.39673,1.39835,1.39511,1.39781,4131,21,0
2010-06-14 20:00:00,1.39784,1.39802,1.39445,1.39657,4481,30,0
2010-06-14 22:00:00,1.39654,1.39681,1.39526,1.39556,1679,30,0
2010-06-15 00:00:00,1.39556,1.39696,1.39477,1.39513,2867,30,0
2010-06-15 02:00:00,1.39514,1.39584,1.39377,1.39435,3761,30,0
2010-06-15 04:00:00,1.39436,1.39515,1.39216,1.39292,3664,30,0
2010-06-15 06:00:00,1.39293,1.39388,1.39235,1.39266,2776,18,0
2010-06-15 08:00:00,1.39268,1.39903,1.39248,1.39763,5744,17,0
2010-06-15 10:00:00,1.39763,1.39886,1.39628,1.39823,5039,18,0
2010-06-15 12:00:00,1.39824,1.40397,1.39775,1.39981,8746,13,0
2010-06-15 14:00:00,1.39981,1.4008,1.39516,1.39516,14414,10,0
2010-06-15 16:00:00,1.3952,1.39526,1.39104,1.39421,14414,10,0
2010-06-15 18:00:00,1.39421,1.3979,1.39307,1.39706,8798,13,0
2010-06-15 20:00:00,1.39711,1.39782,1.39625,1.39755,6753,13,0
2010-06-15 22:00:00,1.39755,1.39791,1.39625,1.39703,4988,14,0
2010-06-16 00:00:00,1.39702,1.39709,1.39552,1.3957,2076,30,0
2010-06-16 02:00:00,1.39567,1.39655,1.39463,1.39628,3606,30,0
2010-06-16 04:00:00,1.39626,1.3963,1.3915,1.39168,2943,30,0
2010-06-16 06:00:00,1.39169,1.39397,1.3907,1.39301,3961,20,0
2010-06-16 08:00:00,1.39298,1.39397,1.38877,1.38958,4877,17,0
2010-06-16 10:00:00,1.38944,1.39231,1.38897,1.39088,3995,17,0
2010-06-16 12:00:00,1.39091,1.39154,1.38874,1.38935,3101,18,0
2010-06-16 14:00:00,1.38924,1.39062,1.38696,1.39029,4074,17,0
2010-06-16 16:00:00,1.39043,1.39044,1.38737,1.38839,4627,17,0
2010-06-16 18:00:00,1.38838,1.38939,1.38611,1.38832,2601,20,0
2010-06-16 20:00:00,1.38833,1.39062,1.38816,1.39028,3827,30,0
2010-06-16 22:00:00,1.3903,1.39255,1.3901,1.39205,2165,30,0
2010-06-17 00:00:00,1.39204,1.3922,1.39093,1.391,2450,30,0
2010-06-17 02:00:00,1.39105,1.39116,1.38697,1.38756,4382,30,0
2010-06-17 04:00:00,1.38753,1.38942,1.38719,1.3879,3835,30,0
2010-06-17 06:00:00,1.38791,1.38792,1.38599,1.38718,3266,20,0
2010-06-17 08:00:00,1.38719,1.38895,1.37665,1.37666,6209,17,0
2010-06-17 10:00:00,1.37629,1.37948,1.37579,1.37942,6941,19,0
2010-06-17 12:00:00,1.37958,1.38082,1.37754,1.37969,4147,17,0
2010-06-17 14:00:00,1.3797,1.37999,1.37629,1.37682,5163,18,0
2010-06-17 16:00:00,1.37674,1.37807,1.37412,1.37709,4098,17,0
2010-06-17 18:00:00,1.377,1.37733,1.37555,1.37661,3181,19,0
2010-06-17 20:00:00,1.37669,1.37779,1.37637,1.37675,3978,30,0
2010-06-17 22:00:00,1.37675,1.37763,1.37668,1.37673,1457,30,0
2010-06-18 00:00:00,1.37676,1.37703,1.37536,1.37665,2792,30,0
2010-06-18 02:00:00,1.37661,1.37699,1.37498,1.37669,3428,30,0
2010-06-18 04:00:00,1.37671,1.37829,1.37671,1.37756,3351,30,0
2010-06-18 06:00:00,1.3776,1.37834,1.37675,1.3772,4085,19,0
2010-06-18 08:00:00,1.37722,1.37803,1.37529,1.37674,4363,17,0
2010-06-18 10:00:00,1.37656,1.37754,1.37331,1.37375,4439,17,0
2010-06-18 12:00:00,1.37373,1.37518,1.37292,1.37367,3945,17,0
2010-06-18 14:00:00,1.37374,1.3752,1.37309,1.37428,3983,17,0
2010-06-18 16:00:00,1.37423,1.37547,1.37176,1.37276,4681,17,0
2010-06-18 18:00:00,1.37278,1.37342,1.37169,1.37248,2379,20,0
2010-06-18 20:00:00,1.37247,1.37294,1.37172,1.37195,1869,30,0
2010-06-18 22:00:00,1.37197,1.37346,1.37182,1.37303,1611,32,0
2010-06-21 00:00:00,1.36995,1.37214,1.3696,1.37152,5249,40,0
2010-06-21 02:00:00,1.37151,1.37374,1.36975,1.37144,5464,30,0
2010-06-21 04:00:00,1.37145,1.37332,1.37073,1.37148,3802,30,0
2010-06-21 06:00:00,1.37147,1.37361,1.37092,1.3733,3995,21,0
2010-06-21 08:00:00,1.37329,1.37484,1.37041,1.37218,5169,17,0
2010-06-21 10:00:00,1.37218,1.37558,1.37139,1.37513,5731,17,0
2010-06-21 12:00:00,1.37514,1.37614,1.37454,1.37458,3497,17,0
2010-06-21 14:00:00,1.37465,1.37491,1.37151,1.37452,5118,17,0
2010-06-21 16:00:00,1.37445,1.37516,1.37198,1.37227,4056,17,0
2010-06-21 18:00:00,1.37228,1.37238,1.36831,1.36979,3415,19,0
2010-06-21 20:00:00,1.3698,1.3712,1.36889,1.37065,4171,30,0
2010-06-21 22:00:00,1.37069,1.37109,1.36807,1.36966,2961,30,0
2010-06-22 00:00:00,1.36965,1.36966,1.36609,1.3673,2784,30,0
2010-06-22 02:00:00,1.36733,1.3683,1.36616,1.36694,4961,30,0
2010-06-22 04:00:00,1.36695,1.36725,1.36517,1.36608,4062,30,0
2010-06-22 06:00:00,1.36609,1.36686,1.36495,1.36563,3419,19,0
2010-06-22 08:00:00,1.36561,1.36854,1.36533,1.36626,4807,17,0
2010-06-22 10:00:00,1.36627,1.36689,1.36166,1.36262,5462,17,0
2010-06-22 12:00:00,1.36265,1.36427,1.36175,1.36283,3907,17,0
2010-06-22 14:00:00,1.36288,1.36301,1.35908,1.36033,4373,17,0
2010-06-22 16:00:00,1.36009,1.36107,1.35879,1.35903,3534,17,0
2010-06-22 18:00:00,1.35902,1.36014,1.35872,1.35939,2622,20,0
2010-06-22 20:00:00,1.3594,1.35941,1.35849,1.3588,2779,30,0
2010-06-22 22:00:00,1.35883,1.35927,1.35843,1.35876,1830,30,0
2010-06-23 00:00:00,1.3587,1.35958,1.35869,1.3592,2194,30,0
2010-06-23 02:00:00,1.35921,1.35996,1.35874,1.35996,3709,30,0
2010-06-23 04:00:00,1.36001,1.36105,1.35956,1.35958,3634,24,0
2010-06-23 06:00:00,1.35957,1.36023,1.35874,1.35938,3100,19,0
2010-06-23 08:00:00,1.35939,1.36073,1.35866,1.3599,3706,17,0
2010-06-23 10:00:00,1.35988,1.36081,1.35943,1.36004,2481,17,0
2010-06-23 12:00:00,1.3601,1.36099,1.35993,1.36078,2091,17,0
2010-06-23 14:00:00,1.36082,1.36142,1.35975,1.35981,2208,17,0
2010-06-23 16:00:00,1.35969,1.36062,1.35448,1.35579,2101,17,0
2010-06-23 18:00:00,1.35582,1.3588,1.35579,1.35716,2718,23,0
2010-06-23 20:00:00,1.35708,1.36071,1.35685,1.36043,3322,30,0
2010-06-23 22:00:00,1.36038,1.36074,1.35887,1.36058,1773,30,0
2010-06-24 00:00:00,1.36056,1.36072,1.36029,1.36044,1588,30,0
2010-06-24 02:00:00,1.36045,1.3619,1.3601,1.36129,3989,30,0
2010-06-24 04:00:00,1.36128,1.36269,1.36125,1.36228,3148,26,0
2010-06-24 06:00:00,1.36229,1.36267,1.36086,1.36109,3298,20,0
2010-06-24 08:00:00,1.36107,1.36229,1.35893,1.35928,4440,17,0
2010-06-24 10:00:00,1.35927,1.3598,1.35579,1.35697,4653,17,0
2010-06-24 12:00:00,1.35695,1.35742,1.35607,1.35629,3361,17,0
2010-06-24 14:00:00,1.35633,1.35852,1.35541,1.35697,4924,16,0
2010-06-24 16:00:00,1.3569,1.36117,1.35678,1.36022,5581,17,0
2010-06-24 18:00:00,1.36034,1.36194,1.35897,1.36039,4112,18,0
2010-06-24 20:00:00,1.36038,1.36162,1.35847,1.35878,3668,30,0
2010-06-24 22:00:00,1.35879,1.36021,1.35844,1.35851,1394,30,0
2010-06-25 00:00:00,1.35852,1.35954,1.35851,1.35916,1570,30,0
2010-06-25 02:00:00,1.35912,1.35982,1.35819,1.35912,3077,30,0
2010-06-25 04:00:00,1.35911,1.35965,1.35618,1.35752,2856,25,0
2010-06-25 06:00:00,1.35753,1.35767,1.35601,1.35734,2824,19,0
2010-06-25 08:00:00,1.35742,1.35924,1.35654,1.35747,4410,17,0
2010-06-25 10:00:00,1.35748,1.35797,1.35085,1.35232,4548,17,0
2010-06-25 12:00:00,1.35227,1.3559,1.35173,1.35581,3462,17,0
2010-06-25 14:00:00,1.35572,1.35578,1.34956,1.35148,3496,16,0
2010-06-25 16:00:00,1.35147,1.35168,1.34577,1.34869,3323,18,0
2010-06-25 18:00:00,1.34873,1.35417,1.3487,1.35372,3400,21,0
2010-06-25 20:00:00,1.3537,1.35538,1.35238,1.35327,2778,33,0
2010-06-25 22:00:00,1.35315,1.35527,1.35137,1.35175,1053,30,0
2010-06-28 00:00:00,1.35352,1.35354,1.35057,1.35101,1803,30,0
2010-06-28 02:00:00,1.35102,1.35188,1.35053,1.35123,3039,30,0
2010-06-28 04:00:00,1.35121,1.35359,1.35065,1.35259,2199,30,0
2010-06-28 06:00:00,1.35257,1.3533,1.35128,1.35168,2577,23,0
2010-06-28 08:00:00,1.35164,1.35219,1.34516,1.3458,4818,17,0
2010-06-28 10:00:00,1.34579,1.34579,1.34204,1.34248,4780,16,0
2010-06-28 12:00:00,1.34249,1.34416,1.33802,1.3389,4153,17,0
2010-06-28 14:00:00,1.33884,1.33928,1.33438,1.33469,5198,17,0
2010-06-28 16:00:00,1.33475,1.33916,1.33281,1.33759,4631,17,0
2010-06-28 18:00:00,1.33767,1.33822,1.3352,1.33587,3521,18,0
2010-06-28 20:00:00,1.33586,1.33664,1.33394,1.33416,2990,30,0
2010-06-28 22:00:00,1.33418,1.33502,1.33364,1.3346,1577,30,0
2010-06-29 00:00:00,1.33458,1.33604,1.33412,1.33592,1668,30,0
2010-06-29 02:00:00,1.33594,1.33625,1.33443,1.33543,2277,30,0
2010-06-29 04:00:00,1.33547,1.33609,1.33295,1.33338,3207,30,0
2010-06-29 06:00:00,1.33339,1.33373,1.32896,1.32968,2655,21,0
2010-06-29 08:00:00,1.32967,1.3321,1.32499,1.32794,5807,17,0
2010-06-29 10:00:00,1.32811,1.33136,1.3261,1.32731,5170,17,0
2010-06-29 12:00:00,1.32727,1.32737,1.32382,1.3254,3493,17,0
2010-06-29 14:00:00,1.32538,1.32687,1.32198,1.32299,4350,17,0
2010-06-29 16:00:00,1.32302,1.32322,1.31708,1.31721,3862,17,0
2010-06-29 18:00:00,1.31728,1.32104,1.31722,1.31956,3273,21,0
2010-06-29 20:00:00,1.3195,1.32123,1.31656,1.31818,3544,30,0
2010-06-29 22:00:00,1.31823,1.31908,1.3177,1.31854,2224,30,0
2010-06-30 00:00:00,1.31851,1.31919,1.31743,1.31908,3237,30,0
2010-06-30 02:00:00,1.31907,1.32003,1.31754,1.31987,4666,30,0
2010-06-30 04:00:00,1.31986,1.32318,1.31962,1.32204,2820,28,0
2010-06-30 06:00:00,1.32207,1.32213,1.32069,1.3216,2625,22,0
2010-06-30 08:00:00,1.32159,1.32649,1.32076,1.32316,5107,17,0
2010-06-30 10:00:00,1.32317,1.32651,1.3204,1.32604,5732,16,0
2010-06-30 12:00:00,1.326,1.3285,1.326,1.32644,4169,16,0
2010-06-30 14:00:00,1.32644,1.32872,1.32246,1.32575,6316,16,0
2010-06-30 16:00:00,1.32576,1.32819,1.31925,1.32429,6374,16,0
2010-06-30 18:00:00,1.32428,1.32431,1.32003,1.32064,3204,18,0
2010-06-30 20:00:00,1.32058,1.32122,1.31786,1.31787,4754,30,0
2010-06-30 22:00:00,1.31788,1.31892,1.31775,1.31809,2116,30,0
2010-07-01 00:00:00,1.31809,1.31879,1.3178,1.31874,2208,30,0
2010-07-01 02:00:00,1.31875,1.31896,1.30822,1.31027,5255,30,0
2010-07-01 04:00:00,1.31028,1.31047,1.30725,1.30949,3394,28,0
2010-07-01 06:00:00,1.30952,1.31437,1.30932,1.31358,3746,22,0
2010-07-01 08:00:00,1.31357,1.31485,1.31088,1.31323,5024,16,0
2010-07-01 10:00:00,1.31322,1.32084,1.31316,1.31575,6049,17,0
2010-07-01 12:00:00,1.31575,1.31937,1.31573,1.31791,4774,17,0
2010-07-01 14:00:00,1.3179,1.32323,1.31564,1.31962,6356,17,0
2010-07-01 16:00:00,1.31956,1.3398,1.31925,1.33043,7526,20,0
2010-07-01 18:00:00,1.33042,1.33063,1.32644,1.32938,5531,22,0
2010-07-01 20:00:00,1.3294,1.32958,1.32552,1.32571,4812,24,0
2010-07-01 22:00:00,1.32572,1.32798,1.32566,1.32618,2740,30,0
2010-07-02 00:00:00,1.32618,1.3279,1.32566,1.32703,4395,30,0
2010-07-02 02:00:00,1.32704,1.32915,1.3262,1.32783,4582,30,0
2010-07-02 04:00:00,1.32782,1.32939,1.32773,1.32876,2514,28,0
2010-07-02 06:00:00,1.32874,1.32876,1.32547,1.32567,3176,21,0
2010-07-02 08:00:00,1.32563,1.33018,1.32177,1.33018,4604,17,0
2010-07-02 10:00:00,1.33012,1.33656,1.33011,1.33246,4594,16,0
2010-07-02 12:00:00,1.33248,1.33834,1.32906,1.33722,4321,17,0
2010-07-02 14:00:00,1.33723,1.34325,1.3369,1.33844,7292,20,0
2010-07-02 16:00:00,1.33861,1.34251,1.33747,1.33753,5621,14,0
2010-07-02 18:00:00,1.33754,1.33755,1.33489,1.33557,4672,20,0
2010-07-02 20:00:00,1.33561,1.33664,1.33494,1.33616,3157,33,0
2010-07-02 22:00:00,1.33621,1.33757,1.335,1.33524,1211,33,0
2010-07-05 00:00:00,1.3362,1.33649,1.3354,1.33568,1499,30,0
2010-07-05 02:00:00,1.33565,1.33609,1.33501,1.33536,3086,30,0
2010-07-05 04:00:00,1.33538,1.33656,1.33508,1.33508,2653,30,0
2010-07-05 06:00:00,1.33507,1.3356,1.33464,1.33475,1710,20,0
2010-07-05 08:00:00,1.33476,1.33536,1.33201,1.33264,2844,17,0
2010-07-05 10:00:00,1.33262,1.33457,1.3312,1.33134,2910,15,0
2010-07-05 12:00:00,1.33135,1.33214,1.33096,1.33129,2090,17,0
2010-07-05 14:00:00,1.33131,1.33463,1.33108,1.33418,3048,20,0
2010-07-05 16:00:00,1.33421,1.33597,1.33165,1.33377,3691,18,0
2010-07-05 18:00:00,1.33376,1.3358,1.33306,1.33522,1866,20,0
2010-07-05 20:00:00,1.3352,1.33561,1.33447,1.33468,1378,30,0
2010-07-05 22:00:00,1.33464,1.33575,1.33419,1.33505,1302,30,0
2010-07-06 00:00:00,1.33516,1.33541,1.33253,1.33361,4002,30,0
2010-07-06 02:00:00,1.33364,1.33364,1.32905,1.32991,3530,30,0
2010-07-06 04:00:00,1.32995,1.33045,1.3288,1.32929,3435,30,0
2010-07-06 06:00:00,1.32932,1.33224,1.32891,1.33114,4394,23,0
2010-07-06 08:00:00,1.33112,1.33749,1.32828,1.33703,6262,17,0
2010-07-06 10:00:00,1.33704,1.33724,1.33488,1.33684,4594,17,0
2010-07-06 12:00:00,1.33683,1.33906,1.33528,1.33664,3768,17,0
2010-07-06 14:00:00,1.33663,1.33955,1.33647,1.33816,4792,17,0
2010-07-06 16:00:00,1.33811,1.34107,1.336,1.33885,5469,19,0
2010-07-06 18:00:00,1.33879,1.34066,1.33714,1.33775,3877,18,0
2010-07-06 20:00:00,1.33773,1.33817,1.33653,1.33709,2822,30,0
2010-07-06 22:00:00,1.33706,1.33821,1.33622,1.33767,1298,30,0
2010-07-07 00:00:00,1.33767,1.33875,1.33691,1.33839,3518,30,0
2010-07-07 02:00:00,1.3384,1.33904,1.33752,1.33856,4023,30,0
2010-07-07 04:00:00,1.33859,1.3387,1.33771,1.33814,2228,28,0
2010-07-07 06:00:00,1.33815,1.33836,1.33653,1.33675,3350,19,0
2010-07-07 08:00:00,1.33656,1.33769,1.336,1.3364,4024,17,0
2010-07-07 10:00:00,1.33644,1.33718,1.33114,1.33137,4357,17,0
2010-07-07 12:00:00,1.33139,1.33292,1.33051,1.33169,3829,15,0
2010-07-07 14:00:00,1.33171,1.33212,1.32981,1.33058,5217,15,0
2010-07-07 16:00:00,1.33063,1.33177,1.32638,1.32798,6418,15,0
2010-07-07 18:00:00,1.32797,1.3303,1.32625,1.3303,4789,18,0
2010-07-07 20:00:00,1.33029,1.33109,1.32858,1.32908,4313,30,0
2010-07-07 22:00:00,1.32909,1.33041,1.32857,1.32888,2536,30,0
2010-07-08 00:00:00,1.32894,1.32921,1.32599,1.32613,2384,30,0
2010-07-08 02:00:00,1.32611,1.3308,1.32598,1.32951,5706,30,0
2010-07-08 04:00:00,1.32952,1.33211,1.32876,1.33089,3342,28,0
2010-07-08 06:00:00,1.33093,1.33184,1.32915,1.33167,3692,20,0
2010-07-08 08:00:00,1.33168,1.33545,1.33138,1.33468,4520,18,0
2010-07-08 10:00:00,1.33498,1.33504,1.33133,1.33372,4741,15,0
2010-07-08 12:00:00,1.3337,1.33397,1.33028,1.33136,3450,17,0
2010-07-08 14:00:00,1.33137,1.33429,1.33041,1.33161,5747,12,0
2010-07-08 16:00:00,1.33162,1.33305,1.33124,1.33125,5422,17,0
2010-07-08 18:00:00,1.33127,1.33297,1.33025,1.33137,3860,18,0
2010-07-08 20:00:00,1.3314,1.33234,1.32951,1.33222,4640,30,0
2010-07-08 22:00:00,1.33221,1.3338,1.33148,1.33214,1962,30,0
2010-07-09 00:00:00,1.33215,1.33287,1.33197,1.33224,1223,30,0
2010-07-09 02:00:00,1.33223,1.33427,1.33176,1.33357,3115,30,0
2010-07-09 04:00:00,1.33355,1.33437,1.33072,1.33284,2348,27,0
2010-07-09 06:00:00,1.33287,1.33472,1.33284,1.3343,3067,20,0
2010-07-09 08:00:00,1.33428,1.33721,1.33398,1.33545,4243,14,0
2010-07-09 10:00:00,1.33547,1.33972,1.33545,1.33601,4712,11,0
2010-07-09 12:00:00,1.336,1.33691,1.33333,1.33335,3075,15,0
2010-07-09 14:00:00,1.33336,1.33688,1.3328,1.33548,5791,17,0
2010-07-09 16:00:00,1.33546,1.33755,1.33438,1.33677,5031,17,0
2010-07-09 18:00:00,1.33676,1.33857,1.33658,1.3371,3267,18,0
2010-07-09 20:00:00,1.33712,1.33767,1.33324,1.33468,3395,30,0
2010-07-09 22:00:00,1.33467,1.33685,1.33379,1.33685,889,34,0
2010-07-12 00:00:00,1.33448,1.33455,1.33303,1.33334,2543,30,0
2010-07-12 02:00:00,1.33333,1.33488,1.3309,1.33133,3276,30,0
2010-07-12 04:00:00,1.33132,1.33214,1.33101,1.33104,1535,30,0
2010-07-12 06:00:00,1.33107,1.33134,1.33028,1.33098,2163,22,0
2010-07-12 08:00:00,1.33099,1.33919,1.3309,1.33852,4604,17,0
2010-07-12 10:00:00,1.33854,1.34099,1.338,1.34044,4436,16,0
2010-07-12 12:00:00,1.34045,1.34047,1.33513,1.33589,3555,17,0
2010-07-12 14:00:00,1.33588,1.33995,1.33421,1.33863,3742,16,0
2010-07-12 16:00:00,1.3386,1.33877,1.33476,1.33536,4334,10,0
2010-07-12 18:00:00,1.33533,1.33606,1.33434,1.33569,3357,17,0
2010-07-12 20:00:00,1.33568,1.33599,1.33426,1.33537,3379,30,0
2010-07-12 22:00:00,1.33534,1.3358,1.33436,1.33499,1760,30,0
2010-07-13 00:00:00,1.33497,1.33723,1.33199,1.33705,3138,22,0
2010-07-13 02:00:00,1.33705,1.33789,1.33695,1.3377,5730,15,0
2010-07-13 04:00:00,1.3377,1.33779,1.33715,1.33731,4324,20,0
2010-07-13 06:00:00,1.33731,1.33741,1.33605,1.33639,5826,14,0
2010-07-13 08:00:00,1.33639,1.33642,1.33098,1.33182,12176,10,0
2010-07-13 10:00:00,1.33185,1.33533,1.33156,1.33426,10507,11,0
2010-07-13 12:00:00,1.33428,1.33542,1.33337,1.33415,7462,11,0
2010-07-13 14:00:00,1.33413,1.33553,1.33257,1.3345,11787,10,0
2010-07-13 16:00:00,1.33452,1.33982,1.33357,1.33861,12080,10,0
2010-07-13 18:00:00,1.33866,1.34119,1.3383,1.33975,8265,10,0
2010-07-13 20:00:00,1.33975,1.3414,1.33947,1.34093,5723,13,0
2010-07-13 22:00:00,1.34094,1.34224,1.34078,1.342,3764,17,0
2010-07-14 00:00:00,1.34199,1.34229,1.34067,1.34215,2423,30,0
2010-07-14 02:00:00,1.34214,1.34362,1.34115,1.34301,2728,30,0
2010-07-14 04:00:00,1.34304,1.34507,1.34293,1.34461,1767,30,0
2010-07-14 06:00:00,1.34467,1.34496,1.3421,1.34227,2074,30,0
2010-07-14 08:00:00,1.34237,1.34903,1.34237,1.34619,4609,30,0
2010-07-14 10:00:00,1.34618,1.3473,1.34448,1.34505,3878,30,0
2010-07-14 12:00:00,1.34506,1.34523,1.34213,1.34295,3312,30,0
2010-07-14 14:00:00,1.34291,1.3448,1.34122,1.34182,5439,30,0
2010-07-14 16:00:00,1.34181,1.34694,1.34082,1.34638,5265,16,0
2010-07-14 18:00:00,1.34636,1.34641,1.34405,1.34491,2970,18,0
2010-07-14 20:00:00,1.34493,1.34495,1.3406,1.34168,4613,30,0
2010-07-14 22:00:00,1.34169,1.34234,1.33892,1.33936,2472,30,0
2010-07-15 00:00:00,1.3394,1.34128,1.33938,1.34035,1659,30,0
2010-07-15 02:00:00,1.34036,1.34056,1.33869,1.33945,2970,30,0
2010-07-15 04:00:00,1.33946,1.34084,1.33917,1.34008,3395,30,0
2010-07-15 06:00:00,1.34016,1.34135,1.33947,1.34053,4212,23,0
2010-07-15 08:00:00,1.34055,1.34251,1.33783,1.33933,4777,17,0
2010-07-15 10:00:00,1.33937,1.34168,1.33789,1.3409,5163,17,0
2010-07-15 12:00:00,1.34089,1.34412,1.33979,1.34091,4573,17,0
2010-07-15 14:00:00,1.3409,1.3464,1.34089,1.3454,5980,17,0
2010-07-15 16:00:00,1.34538,1.34565,1.34011,1.34352,5991,16,0
2010-07-15 18:00:00,1.34351,1.34676,1.34214,1.34624,3259,18,0
2010-07-15 20:00:00,1.34623,1.34774,1.34477,1.34736,4907,30,0
2010-07-15 22:00:00,1.34734,1.34825,1.34653,1.34694,2190,30,0
2010-07-16 00:00:00,1.34689,1.34721,1.34569,1.34664,2477,30,0
2010-07-16 02:00:00,1.34663,1.34725,1.34599,1.34686,2684,30,0
2010-07-16 04:00:00,1.34684,1.34689,1.34578,1.34653,1544,30,0
2010-07-16 06:00:00,1.34655,1.3482,1.34613,1.34659,3321,22,0
2010-07-16 08:00:00,1.34653,1.34833,1.3455,1.34696,4431,17,0
2010-07-16 10:00:00,1.34695,1.35512,1.34695,1.35396,4166,16,0
2010-07-16 12:00:00,1.35395,1.35533,1.35196,1.35345,3950,17,0
2010-07-16 14:00:00,1.35344,1.35508,1.35195,1.35211,5837,17,0
2010-07-16 16:00:00,1.3521,1.36223,1.35183,1.3594,6873,17,0
2010-07-16 18:00:00,1.35939,1.35946,1.35648,1.35685,4776,19,0
2010-07-16 20:00:00,1.35684,1.36108,1.35674,1.35922,3361,30,0
2010-07-16 22:00:00,1.35923,1.35947,1.35765,1.35797,1053,30,0
2010-07-19 00:00:00,1.3519,1.3547,1.35173,1.35195,2580,28,0
2010-07-19 02:00:00,1.35196,1.35265,1.35076,1.35131,3629,30,0
2010-07-19 04:00:00,1.3513,1.35307,1.35103,1.35119,1894,30,0
2010-07-19 06:00:00,1.35126,1.35308,1.35111,1.35308,2826,24,0
2010-07-19 08:00:00,1.35306,1.35971,1.35145,1.3573,5395,17,0
2010-07-19 10:00:00,1.35723,1.36482,1.35592,1.36381,4866,19,0
2010-07-19 12:00:00,1.36384,1.36496,1.36168,1.3627,3627,18,0
2010-07-19 14:00:00,1.36271,1.36433,1.36008,1.36339,5142,17,0
2010-07-19 16:00:00,1.36338,1.3671,1.36319,1.36423,4978,17,0
2010-07-19 18:00:00,1.36425,1.36497,1.36158,1.36213,3508,18,0
2010-07-19 20:00:00,1.36212,1.36701,1.36212,1.36551,3529,30,0
2010-07-19 22:00:00,1.36553,1.36629,1.36479,1.36508,1613,30,0
2010-07-20 00:00:00,1.36509,1.3655,1.36356,1.36381,2421,30,0
2010-07-20 02:00:00,1.3638,1.36611,1.36377,1.36468,2919,30,0
2010-07-20 04:00:00,1.36467,1.36628,1.3644,1.36593,2627,30,0
2010-07-20 06:00:00,1.36596,1.36708,1.36465,1.36585,3212,22,0
2010-07-20 08:00:00,1.36587,1.36749,1.36417,1.36538,6251,18,0
2010-07-20 10:00:00,1.36536,1.3667,1.36227,1.36252,4622,18,0
2010-07-20 12:00:00,1.36254,1.36321,1.35423,1.35451,5213,17,0
2010-07-20 14:00:00,1.35453,1.3553,1.35051,1.35182,5881,19,0
2010-07-20 16:00:00,1.3518,1.35394,1.35,1.3527,5428,20,0
2010-07-20 18:00:00,1.35266,1.35317,1.35079,1.35294,3374,17,0
2010-07-20 20:00:00,1.35296,1.35716,1.35242,1.35674,4246,30,0
2010-07-20 22:00:00,1.35673,1.35707,1.35542,1.35606,1499,30,0
2010-07-21 00:00:00,1.35611,1.35641,1.35505,1.35555,3242,30,0
2010-07-21 02:00:00,1.35556,1.35765,1.35513,1.35743,3543,30,0
2010-07-21 04:00:00,1.35744,1.35755,1.35535,1.35607,2520,30,0
2010-07-21 06:00:00,1.35594,1.35784,1.35554,1.35675,2974,20,0
2010-07-21 08:00:00,1.35674,1.35727,1.35333,1.35364,5098,18,0
2010-07-21 10:00:00,1.35362,1.35391,1.34859,1.3489,4333,18,0
2010-07-21 12:00:00,1.34891,1.34939,1.34336,1.34638,3956,17,0
2010-07-21 14:00:00,1.34642,1.34674,1.34379,1.34596,4283,17,0
2010-07-21 16:00:00,1.34595,1.34879,1.34535,1.3484,5385,17,0
2010-07-21 18:00:00,1.34839,1.3486,1.34507,1.34786,4255,18,0
2010-07-21 20:00:00,1.34784,1.34812,1.33926,1.34068,6006,30,0
2010-07-21 22:00:00,1.34069,1.34165,1.33966,1.33989,1968,30,0
2010-07-22 00:00:00,1.33989,1.3414,1.33973,1.34009,2759,30,0
2010-07-22 02:00:00,1.34011,1.34114,1.33715,1.33969,3845,30,0
2010-07-22 04:00:00,1.33968,1.33998,1.33825,1.33963,2352,28,0
2010-07-22 06:00:00,1.33964,1.34217,1.33934,1.34025,3558,22,0
2010-07-22 08:00:00,1.34028,1.34063,1.33498,1.3366,6751,17,0
2010-07-22 10:00:00,1.33657,1.33773,1.33416,1.3365,6606,19,0
2010-07-22 12:00:00,1.33651,1.34265,1.33601,1.34101,4479,16,0
2010-07-22 14:00:00,1.341,1.34491,1.34068,1.34489,5499,17,0
2010-07-22 16:00:00,1.34487,1.34608,1.34103,1.34227,5810,16,0
2010-07-22 18:00:00,1.34231,1.34502,1.34187,1.34467,3794,22,0
2010-07-22 20:00:00,1.34466,1.34536,1.34255,1.3435,3621,30,0
2010-07-22 22:00:00,1.34351,1.34471,1.34347,1.34445,1645,30,0
2010-07-23 00:00:00,1.34444,1.34552,1.34408,1.34536,2869,30,0
2010-07-23 02:00:00,1.34538,1.34594,1.34451,1.34465,3300,30,0
2010-07-23 04:00:00,1.34466,1.34557,1.3445,1.34471,2367,30,0
2010-07-23 06:00:00,1.34477,1.34718,1.3436,1.34536,3514,24,0
2010-07-23 08:00:00,1.34539,1.34664,1.34171,1.34458,4408,16,0
2010-07-23 10:00:00,1.34456,1.35141,1.34456,1.34943,5674,16,0
2010-07-23 12:00:00,1.34941,1.35101,1.34782,1.34929,3853,17,0
2010-07-23 14:00:00,1.34927,1.35132,1.34554,1.3481,6802,17,0
2010-07-23 16:00:00,1.34812,1.35541,1.3468,1.35421,6875,19,0
2010-07-23 18:00:00,1.35429,1.35777,1.34947,1.35776,7877,21,0
2010-07-23 20:00:00,1.35775,1.36071,1.35728,1.36029,4571,30,0
2010-07-23 22:00:00,1.3603,1.3619,1.35967,1.36123,1078,30,0
2010-07-26 00:00:00,1.35964,1.36066,1.35705,1.36059,1644,30,0
2010-07-26 02:00:00,1.36056,1.3625,1.36,1.36142,4010,30,0
2010-07-26 04:00:00,1.36144,1.36231,1.36036,1.3623,2874,30,0
2010-07-26 06:00:00,1.36227,1.36292,1.35848,1.35869,3082,20,0
2010-07-26 08:00:00,1.35868,1.36224,1.35774,1.36081,5453,17,0
2010-07-26 10:00:00,1.36082,1.36169,1.35718,1.35772,4671,18,0
2010-07-26 12:00:00,1.35773,1.3598,1.3566,1.35793,4132,18,0
2010-07-26 14:00:00,1.35792,1.3585,1.35499,1.35699,4334,17,0
2010-07-26 16:00:00,1.35695,1.36079,1.35455,1.36068,5814,17,0
2010-07-26 18:00:00,1.36067,1.36305,1.36019,1.3629,3893,17,0
2010-07-26 20:00:00,1.36289,1.36302,1.36142,1.36218,3386,30,0
2010-07-26 22:00:00,1.36216,1.36283,1.3618,1.36218,1423,30,0
2010-07-27 00:00:00,1.36219,1.36372,1.36199,1.36257,1680,30,0
2010-07-27 02:00:00,1.36256,1.36485,1.36243,1.36469,2430,30,0
2010-07-27 04:00:00,1.36468,1.36572,1.36461,1.36519,2225,30,0
2010-07-27 06:00:00,1.36518,1.36529,1.36414,1.36447,3214,23,0
2010-07-27 08:00:00,1.36446,1.371,1.36282,1.37017,5947,18,0
2010-07-27 10:00:00,1.37023,1.37457,1.37015,1.37379,5834,20,0
2010-07-27 12:00:00,1.3738,1.37936,1.37363,1.37907,5365,20,0
2010-07-27 14:00:00,1.37909,1.37915,1.37428,1.37693,5686,17,0
2010-07-27 16:00:00,1.37692,1.37933,1.37655,1.3789,6182,17,0
2010-07-27 18:00:00,1.37894,1.37949,1.37671,1.37819,3689,18,0
2010-07-27 20:00:00,1.37817,1.37867,1.37667,1.37815,3632,30,0
2010-07-27 22:00:00,1.37813,1.37883,1.37761,1.37794,1415,30,0
2010-07-28 00:00:00,1.37794,1.37855,1.37765,1.37821,2088,30,0
2010-07-28 02:00:00,1.37822,1.3785,1.37661,1.37754,3303,30,0
2010-07-28 04:00:00,1.37755,1.37885,1.37726,1.37744,2635,30,0
2010-07-28 06:00:00,1.37742,1.379,1.37633,1.37767,3575,21,0
2010-07-28 08:00:00,1.37765,1.3817,1.37755,1.37925,5171,17,0
2010-07-28 10:00:00,1.37919,1.38014,1.37603,1.37701,5458,17,0
2010-07-28 12:00:00,1.37702,1.37702,1.37329,1.37621,4534,18,0
2010-07-28 14:00:00,1.37622,1.37677,1.37317,1.37391,5425,16,0
2010-07-28 16:00:00,1.3739,1.37589,1.37223,1.37494,5541,16,0
2010-07-28 18:00:00,1.37496,1.37555,1.37309,1.37395,4771,18,0
2010-07-28 20:00:00,1.37398,1.37419,1.37146,1.37208,4670,30,0
2010-07-28 22:00:00,1.37209,1.37326,1.37206,1.37241,1371,30,0
2010-07-29 00:00:00,1.37248,1.37396,1.37245,1.3733,1627,30,0
2010-07-29 02:00:00,1.37333,1.3741,1.37233,1.37386,3226,30,0
2010-07-29 04:00:00,1.37387,1.37432,1.37291,1.37336,1893,30,0
2010-07-29 06:00:00,1.37335,1.37464,1.37109,1.37109,2269,23,0
2010-07-29 08:00:00,1.37107,1.37383,1.37075,1.37355,5187,18,0
2010-07-29 10:00:00,1.37356,1.37541,1.36901,1.36938,4977,17,0
2010-07-29 12:00:00,1.3694,1.36958,1.36454,1.36636,4930,17,0
2010-07-29 14:00:00,1.36634,1.36664,1.36167,1.36213,5746,17,0
2010-07-29 16:00:00,1.36214,1.36308,1.35811,1.36026,6894,17,0
2010-07-29 18:00:00,1.36025,1.36186,1.35803,1.36169,4759,18,0
2010-07-29 20:00:00,1.3617,1.36324,1.36049,1.36151,4092,30,0
2010-07-29 22:00:00,1.36152,1.36191,1.35967,1.36181,2039,30,0
2010-07-30 00:00:00,1.36173,1.36189,1.35859,1.35902,2609,30,0
2010-07-30 02:00:00,1.35901,1.35919,1.35615,1.35816,3478,30,0
2010-07-30 04:00:00,1.35818,1.35925,1.3572,1.35741,2553,30,0
2010-07-30 06:00:00,1.35739,1.35995,1.35697,1.35989,3174,20,0
2010-07-30 08:00:00,1.35994,1.36349,1.35186,1.35366,6263,20,0
2010-07-30 10:00:00,1.35367,1.35709,1.35131,1.35428,5908,18,0
2010-07-30 12:00:00,1.35426,1.35729,1.35086,1.35374,4750,19,0
2010-07-30 14:00:00,1.35371,1.35621,1.35295,1.35579,6964,16,0
2010-07-30 16:00:00,1.35572,1.36321,1.35557,1.36053,7016,17,0
2010-07-30 18:00:00,1.3605,1.36057,1.35715,1.35758,4218,19,0
2010-07-30 20:00:00,1.35759,1.36059,1.35692,1.35694,3976,30,0
2010-07-30 22:00:00,1.35691,1.35893,1.35691,1.35851,1156,33,0
2010-08-02 00:00:00,1.35847,1.36254,1.35792,1.36223,657,31,0
2010-08-02 02:00:00,1.3622,1.36295,1.36058,1.36096,2948,30,0
2010-08-02 04:00:00,1.3609,1.36166,1.36016,1.36055,2450,30,0
2010-08-02 06:00:00,1.36057,1.36068,1.35907,1.36037,2928,24,0
2010-08-02 08:00:00,1.36038,1.36928,1.35987,1.36925,5193,18,0
2010-08-02 10:00:00,1.36927,1.36978,1.36542,1.36651,4738,18,0
2010-08-02 12:00:00,1.3665,1.36777,1.36371,1.36554,3748,18,0
2010-08-02 14:00:00,1.36555,1.36878,1.36501,1.36839,5610,18,0
2010-08-02 16:00:00,1.36837,1.36969,1.36479,1.36724,6191,19,0
2010-08-02 18:00:00,1.36726,1.36969,1.36646,1.36964,3358,17,0
2010-08-02 20:00:00,1.36962,1.3697,1.36846,1.36949,3949,30,0
2010-08-02 22:00:00,1.36948,1.36948,1.36814,1.36911,1446,30,0
2010-08-03 00:00:00,1.36905,1.36945,1.36811,1.36891,1266,30,0
2010-08-03 02:00:00,1.36894,1.3694,1.36766,1.3687,2670,30,0
2010-08-03 04:00:00,1.36875,1.36881,1.36693,1.36697,1709,30,0
2010-08-03 06:00:00,1.36699,1.36724,1.36636,1.36676,1883,18,0
2010-08-03 08:00:00,1.36674,1.37061,1.36621,1.37059,5061,18,0
2010-08-03 10:00:00,1.37057,1.37282,1.37044,1.37213,4487,17,0
2010-08-03 12:00:00,1.37215,1.37325,1.37114,1.37157,4620,18,0
2010-08-03 14:00:00,1.37159,1.37324,1.37111,1.37173,4521,19,0
2010-08-03 16:00:00,1.37172,1.37478,1.3704,1.37473,4693,16,0
2010-08-03 18:00:00,1.37476,1.37499,1.37247,1.37475,3742,17,0
2010-08-03 20:00:00,1.37474,1.37506,1.37424,1.37479,2551,28,0
2010-08-03 22:00:00,1.37478,1.37507,1.37425,1.37468,1289,30,0
2010-08-04 00:00:00,1.37466,1.37489,1.37438,1.37474,853,30,0
2010-08-04 02:00:00,1.37476,1.37521,1.37465,1.37519,2645,30,0
2010-08-04 04:00:00,1.37516,1.37523,1.37477,1.37485,1360,28,0
2010-08-04 06:00:00,1.37487,1.37744,1.37478,1.37648,2784,20,0
2010-08-04 08:00:00,1.37644,1.37836,1.37472,1.37503,4033,17,0
2010-08-04 10:00:00,1.37505,1.37754,1.37403,1.37488,4666,17,0
2010-08-04 12:00:00,1.37487,1.37579,1.37287,1.37461,3522,17,0
2010-08-04 14:00:00,1.3746,1.37781,1.37284,1.37695,4376,17,0
2010-08-04 16:00:00,1.37699,1.38382,1.37699,1.3835,5982,16,0
2010-08-04 18:00:00,1.38351,1.38656,1.38316,1.38648,3419,16,0
2010-08-04 20:00:00,1.38647,1.38651,1.38431,1.38558,3127,30,0
2010-08-04 22:00:00,1.38567,1.38633,1.38541,1.38559,1825,30,0
2010-08-05 00:00:00,1.38567,1.38642,1.38539,1.38614,2354,30,0
2010-08-05 02:00:00,1.38615,1.38742,1.38571,1.38574,3180,30,0
2010-08-05 04:00:00,1.38573,1.38601,1.38456,1.3847,2040,30,0
2010-08-05 06:00:00,1.38473,1.38644,1.38422,1.38562,2505,19,0
2010-08-05 08:00:00,1.38564,1.38636,1.38082,1.38202,5249,16,0
2010-08-05 10:00:00,1.38197,1.38251,1.37976,1.38101,4790,17,0
2010-08-05 12:00:00,1.381,1.38318,1.38042,1.38135,4005,17,0
2010-08-05 14:00:00,1.38134,1.382,1.37546,1.37659,5716,17,0
2010-08-05 16:00:00,1.37656,1.3788,1.37518,1.37844,4356,18,0
2010-08-05 18:00:00,1.37847,1.38031,1.37762,1.37924,3019,19,0
2010-08-05 20:00:00,1.37928,1.38098,1.37862,1.37927,2850,30,0
2010-08-05 22:00:00,1.37926,1.38014,1.37882,1.3795,1564,30,0
2010-08-06 00:00:00,1.37951,1.37962,1.37874,1.37923,1667,30,0
2010-08-06 02:00:00,1.37922,1.38018,1.37891,1.37967,2742,30,0
2010-08-06 04:00:00,1.37973,1.38396,1.37941,1.38246,2310,30,0
2010-08-06 06:00:00,1.38244,1.38352,1.38175,1.38316,2142,18,0
2010-08-06 08:00:00,1.38314,1.38424,1.38185,1.38395,3655,17,0
2010-08-06 10:00:00,1.38394,1.38459,1.37875,1.3807,3963,17,0
2010-08-06 12:00:00,1.38071,1.3825,1.37975,1.38248,3177,18,0
2010-08-06 14:00:00,1.38241,1.3836,1.37678,1.38027,8105,20,0
2010-08-06 16:00:00,1.38028,1.38086,1.37519,1.37666,5744,17,0
2010-08-06 18:00:00,1.37663,1.37708,1.37467,1.37572,2978,21,0
2010-08-06 20:00:00,1.37571,1.37933,1.37558,1.37897,3183,30,0
2010-08-06 22:00:00,1.37896,1.37961,1.3781,1.3795,1047,33,0
2010-08-09 00:00:00,1.3789,1.37966,1.37871,1.3793,1795,30,0
2010-08-09 02:00:00,1.37927,1.37989,1.37891,1.37989,1978,30,0
2010-08-09 04:00:00,1.37988,1.38018,1.37968,1.37981,1164,30,0
2010-08-09 06:00:00,1.37978,1.38007,1.37899,1.37997,1369,17,0
2010-08-09 08:00:00,1.37998,1.3827,1.37936,1.38227,4307,17,0
2010-08-09 10:00:00,1.38228,1.3823,1.37884,1.37963,3829,17,0
2010-08-09 12:00:00,1.37961,1.38109,1.37656,1.37721,3688,18,0
2010-08-09 14:00:00,1.3772,1.38217,1.37613,1.38211,4507,18,0
2010-08-09 16:00:00,1.38212,1.38582,1.38212,1.38467,4436,18,0
2010-08-09 18:00:00,1.38466,1.3877,1.38464,1.38714,2855,18,0
2010-08-09 20:00:00,1.38715,1.38759,1.3857,1.38706,2521,30,0
2010-08-09 22:00:00,1.38708,1.38734,1.38675,1.38698,1320,30,0
2010-08-10 00:00:00,1.387,1.38754,1.38652,1.38681,1697,30,0
2010-08-10 02:00:00,1.38682,1.38752,1.38471,1.38578,3575,30,0
2010-08-10 04:00:00,1.38579,1.38598,1.38328,1.38565,4127,30,0
2010-08-10 06:00:00,1.38567,1.38758,1.38503,1.38707,3367,19,0
2010-08-10 08:00:00,1.38706,1.38916,1.38488,1.38763,5368,17,0
2010-08-10 10:00:00,1.38765,1.38811,1.38316,1.38527,4301,17,0
2010-08-10 12:00:00,1.38531,1.38908,1.38525,1.38836,4139,17,0
2010-08-10 14:00:00,1.38837,1.39233,1.38769,1.38959,5564,17,0
2010-08-10 16:00:00,1.38957,1.3901,1.38466,1.38481,5075,17,0
2010-08-10 18:00:00,1.38483,1.38483,1.38307,1.38356,2837,17,0
2010-08-10 20:00:00,1.38355,1.38527,1.37967,1.38203,6869,30,0
2010-08-10 22:00:00,1.38205,1.38255,1.38049,1.38094,1951,30,0
2010-08-11 00:00:00,1.38092,1.38167,1.37963,1.38018,2110,30,0
2010-08-11 02:00:00,1.38017,1.38141,1.37801,1.37871,3557,30,0
2010-08-11 04:00:00,1.37869,1.38035,1.37813,1.37973,1784,30,0
2010-08-11 06:00:00,1.37971,1.37976,1.37787,1.37836,2831,22,0
2010-08-11 08:00:00,1.37835,1.37977,1.37522,1.37654,5862,17,0
2010-08-11 10:00:00,1.37653,1.37867,1.37227,1.37227,5238,16,0
2010-08-11 12:00:00,1.37224,1.37249,1.3701,1.37092,4853,17,0
2010-08-11 14:00:00,1.37094,1.371,1.36298,1.36396,5716,17,0
2010-08-11 16:00:00,1.36395,1.36559,1.36199,1.36513,6458,17,0
2010-08-11 18:00:00,1.36514,1.36645,1.35949,1.35959,4241,18,0
2010-08-11 20:00:00,1.3596,1.36365,1.35958,1.36332,4545,30,0
2010-08-11 22:00:00,1.36338,1.36415,1.36131,1.36213,2817,30,0
2010-08-12 00:00:00,1.36213,1.36299,1.36049,1.36123,2532,30,0
2010-08-12 02:00:00,1.3612,1.36385,1.36018,1.36058,3774,30,0
2010-08-12 04:00:00,1.36059,1.36245,1.36047,1.36198,2259,30,0
2010-08-12 06:00:00,1.36203,1.36614,1.36156,1.36572,3851,21,0
2010-08-12 08:00:00,1.3657,1.36638,1.36298,1.3646,5445,16,0
2010-08-12 10:00:00,1.36459,1.36497,1.35252,1.35332,5589,17,0
2010-08-12 12:00:00,1.35338,1.35447,1.3517,1.3519,4280,17,0
2010-08-12 14:00:00,1.35193,1.35203,1.34776,1.34877,6412,17,0
2010-08-12 16:00:00,1.34876,1.35165,1.34588,1.34892,6637,17,0
2010-08-12 18:00:00,1.3489,1.35,1.34716,1.34746,3719,18,0
2010-08-12 20:00:00,1.34747,1.3493,1.34593,1.34688,3785,30,0
2010-08-12 22:00:00,1.3469,1.34764,1.34639,1.34666,1710,30,0
2010-08-13 00:00:00,1.34664,1.34741,1.34621,1.34734,2237,30,0
2010-08-13 02:00:00,1.34733,1.34815,1.34695,1.34801,2587,30,0
2010-08-13 04:00:00,1.348,1.34951,1.34792,1.3487,2566,30,0
2010-08-13 06:00:00,1.34869,1.3515,1.34846,1.35122,2798,19,0
2010-08-13 08:00:00,1.35128,1.35377,1.34829,1.34836,5298,16,0
2010-08-13 10:00:00,1.34834,1.35384,1.34779,1.34881,5861,17,0
2010-08-13 12:00:00,1.34879,1.35127,1.34699,1.34999,5084,17,0
2010-08-13 14:00:00,1.35,1.35023,1.34667,1.34792,6484,18,0
2010-08-13 16:00:00,1.34793,1.35062,1.34229,1.34384,6015,17,0
2010-08-13 18:00:00,1.34383,1.34444,1.34247,1.34363,3156,18,0
2010-08-13 20:00:00,1.34364,1.34388,1.34193,1.34194,2862,30,0
2010-08-13 22:00:00,1.34193,1.34248,1.34019,1.34039,1182,30,0
2010-08-16 00:00:00,1.3375,1.34247,1.3375,1.3419,2233,32,0
2010-08-16 02:00:00,1.34192,1.34236,1.33996,1.34181,3839,33,0
2010-08-16 04:00:00,1.34182,1.34492,1.3417,1.34301,2936,33,0
2010-08-16 06:00:00,1.34307,1.34425,1.34172,1.34256,3415,22,0
2010-08-16 08:00:00,1.34255,1.34327,1.33301,1.33309,6108,18,0
2010-08-16 10:00:00,1.33306,1.33399,1.3293,1.33234,5365,18,0
2010-08-16 12:00:00,1.33236,1.3345,1.32706,1.33439,5020,21,0
2010-08-16 14:00:00,1.33444,1.33574,1.33047,1.3319,7016,21,0
2010-08-16 16:00:00,1.33189,1.33526,1.33087,1.33227,5863,21,0
2010-08-16 18:00:00,1.33226,1.33416,1.33085,1.33311,3245,18,0
2010-08-16 20:00:00,1.33313,1.33339,1.33085,1.33296,3293,30,0
2010-08-16 22:00:00,1.33298,1.33347,1.33233,1.33263,2067,30,0
2010-08-17 00:00:00,1.33261,1.33351,1.33115,1.33174,2576,33,0
2010-08-17 02:00:00,1.33171,1.3328,1.32984,1.33259,3693,30,0
2010-08-17 04:00:00,1.33258,1.3365,1.33218,1.33542,3092,30,0
2010-08-17 06:00:00,1.33545,1.33963,1.33503,1.33834,4575,22,0
2010-08-17 08:00:00,1.33835,1.33873,1.33293,1.33547,6107,17,0
2010-08-17 10:00:00,1.33549,1.34407,1.3352,1.34158,6090,18,0
2010-08-17 12:00:00,1.34157,1.34541,1.33982,1.34057,4481,16,0
2010-08-17 14:00:00,1.34055,1.34422,1.34048,1.34112,5720,18,0
2010-08-17 16:00:00,1.34115,1.34517,1.33849,1.34492,6127,18,0
2010-08-17 18:00:00,1.34495,1.34539,1.3424,1.344,3307,18,0
2010-08-17 20:00:00,1.34402,1.34559,1.34363,1.34415,3201,30,0
2010-08-17 22:00:00,1.34417,1.34473,1.34354,1.34365,1519,30,0
2010-08-18 00:00:00,1.34368,1.34438,1.34324,1.344,2352,30,0
2010-08-18 02:00:00,1.34401,1.34405,1.33809,1.3415,3975,30,0
2010-08-18 04:00:00,1.34149,1.34185,1.33905,1.33945,2018,30,0
2010-08-18 06:00:00,1.33943,1.341,1.33921,1.34083,3632,23,0
2010-08-18 08:00:00,1.34084,1.34098,1.33579,1.33663,4713,15,0
2010-08-18 10:00:00,1.3366,1.34358,1.33651,1.34327,5240,17,0
2010-08-18 12:00:00,1.34326,1.34333,1.34139,1.3417,3283,17,0
2010-08-18 14:00:00,1.34168,1.34317,1.33906,1.33971,5953,17,0
2010-08-18 16:00:00,1.3397,1.34056,1.338,1.33913,5082,17,0
2010-08-18 18:00:00,1.33914,1.34187,1.33913,1.34145,3190,17,0
2010-08-18 20:00:00,1.34146,1.34168,1.33941,1.34011,3123,30,0
2010-08-18 22:00:00,1.3401,1.34028,1.33924,1.33972,1701,30,0
2010-08-19 00:00:00,1.33972,1.34001,1.33532,1.33598,2747,30,0
2010-08-19 02:00:00,1.33595,1.33736,1.33431,1.33648,3910,30,0
2010-08-19 04:00:00,1.33629,1.3371,1.33519,1.33614,2814,30,0
2010-08-19 06:00:00,1.33615,1.33684,1.33468,1.33683,3717,23,0
2010-08-19 08:00:00,1.33686,1.33998,1.33325,1.33327,5727,18,0
2010-08-19 10:00:00,1.33305,1.33513,1.33018,1.33309,6104,16,0
2010-08-19 12:00:00,1.33308,1.33525,1.33304,1.33451,4283,17,0
2010-08-19 14:00:00,1.33452,1.33476,1.3255,1.32627,6959,18,0
2010-08-19 16:00:00,1.32653,1.32674,1.32056,1.32342,6999,19,0
2010-08-19 18:00:00,1.32343,1.32406,1.32154,1.32305,4334,19,0
2010-08-19 20:00:00,1.32308,1.32519,1.32219,1.32263,3622,30,0
2010-08-19 22:00:00,1.32262,1.3233,1.32235,1.32285,1747,30,0
2010-08-20 00:00:00,1.32285,1.32319,1.32045,1.32162,3153,30,0
2010-08-20 02:00:00,1.32163,1.32321,1.32059,1.32246,3369,30,0
2010-08-20 04:00:00,1.32244,1.32317,1.3222,1.32248,2086,30,0
2010-08-20 06:00:00,1.32247,1.32276,1.31864,1.32007,3559,20,0
2010-08-20 08:00:00,1.32005,1.32346,1.31964,1.32161,5826,18,0
2010-08-20 10:00:00,1.32165,1.32393,1.31629,1.31681,6356,19,0
2010-08-20 12:00:00,1.31683,1.31691,1.31399,1.31476,5801,20,0
2010-08-20 14:00:00,1.31474,1.31823,1.31465,1.31708,6588,20,0
2010-08-20 16:00:00,1.31708,1.31767,1.31457,1.31568,5432,19,0
2010-08-20 18:00:00,1.31571,1.31577,1.31407,1.3144,2279,18,0
2010-08-20 20:00:00,1.31448,1.31627,1.3143,1.31565,2637,30,0
2010-08-20 22:00:00,1.31564,1.31568,1.31394,1.3141,677,30,0
2010-08-23 00:00:00,1.3146,1.31615,1.31408,1.31409,2636,31,0
2010-08-23 02:00:00,1.31414,1.31564,1.3141,1.31463,2287,30,0
2010-08-23 04:00:00,1.31465,1.31494,1.31402,1.31404,2098,30,0
2010-08-23 06:00:00,1.31407,1.31474,1.31354,1.31396,2620,21,0
2010-08-23 08:00:00,1.31394,1.31499,1.31044,1.3128,5815,16,0
2010-08-23 10:00:00,1.31282,1.3146,1.31168,1.31362,4933,17,0
2010-08-23 12:00:00,1.31363,1.31706,1.31325,1.31681,3656,16,0
2010-08-23 14:00:00,1.3168,1.31907,1.31545,1.31805,5061,20,0
2010-08-23 16:00:00,1.31803,1.31876,1.31577,1.31586,5772,19,0
2010-08-23 18:00:00,1.31587,1.31779,1.3158,1.31751,2896,21,0
2010-08-23 20:00:00,1.31749,1.31862,1.31698,1.31835,2326,30,0
2010-08-23 22:00:00,1.31836,1.31837,1.31631,1.317,1493,30,0
2010-08-24 00:00:00,1.31708,1.31723,1.31564,1.3159,2725,30,0
2010-08-24 02:00:00,1.31588,1.31649,1.31559,1.31574,3112,30,0
2010-08-24 04:00:00,1.31573,1.31634,1.31562,1.31611,2373,30,0
2010-08-24 06:00:00,1.31612,1.3173,1.31555,1.31652,3053,17,0
2010-08-24 08:00:00,1.31655,1.3172,1.31561,1.31576,4906,16,0
2010-08-24 10:00:00,1.31575,1.31776,1.31329,1.31551,5359,17,0
2010-08-24 12:00:00,1.3155,1.31789,1.31401,1.31507,4585,16,0
2010-08-24 14:00:00,1.31508,1.31548,1.30924,1.31102,6445,19,0
2010-08-24 16:00:00,1.31096,1.31176,1.30478,1.30633,7539,17,0
2010-08-24 18:00:00,1.30631,1.30776,1.30508,1.30606,4186,21,0
2010-08-24 20:00:00,1.30605,1.30714,1.3054,1.30714,3236,30,0
2010-08-24 22:00:00,1.30715,1.30717,1.30137,1.30296,2542,30,0
2010-08-25 00:00:00,1.30292,1.3037,1.30269,1.30299,2223,30,0
2010-08-25 02:00:00,1.30298,1.30516,1.30298,1.30468,2877,30,0
2010-08-25 04:00:00,1.30467,1.30602,1.3044,1.30545,2072,30,0
2010-08-25 06:00:00,1.30544,1.30609,1.29865,1.30306,4235,21,0
2010-08-25 08:00:00,1.30305,1.30618,1.30151,1.30569,6187,18,0
2010-08-25 10:00:00,1.30567,1.30837,1.30248,1.30314,7385,20,0
2010-08-25 12:00:00,1.30317,1.30432,1.30056,1.30096,5741,18,0
2010-08-25 14:00:00,1.30098,1.3025,1.29782,1.29992,7440,18,0
2010-08-25 16:00:00,1.29997,1.30242,1.29702,1.29983,6805,21,0
2010-08-25 18:00:00,1.29984,1.30166,1.29975,1.30065,3547,21,0
2010-08-25 20:00:00,1.30066,1.30446,1.30038,1.30376,3198,30,0
2010-08-25 22:00:00,1.30378,1.30449,1.30334,1.30382,1413,30,0
2010-08-26 00:00:00,1.30387,1.30488,1.30321,1.30486,1876,30,0
2010-08-26 02:00:00,1.30484,1.30568,1.30374,1.30519,3504,30,0
2010-08-26 04:00:00,1.30523,1.30744,1.30517,1.30728,2634,30,0
2010-08-26 06:00:00,1.30729,1.31158,1.3071,1.3109,4277,23,0
2010-08-26 08:00:00,1.31099,1.31426,1.30783,1.31013,6229,18,0
2010-08-26 10:00:00,1.31012,1.31102,1.30457,1.30678,5785,19,0
2010-08-26 12:00:00,1.30676,1.30677,1.30208,1.30332,4095,20,0
2010-08-26 14:00:00,1.30331,1.30521,1.30178,1.30274,6159,18,0
2010-08-26 16:00:00,1.30273,1.30531,1.30122,1.30373,7101,21,0
2010-08-26 18:00:00,1.30374,1.30377,1.30118,1.30257,3500,21,0
2010-08-26 20:00:00,1.30252,1.30322,1.30138,1.30238,3521,30,0
2010-08-26 22:00:00,1.30237,1.30319,1.30155,1.30196,1378,30,0
2010-08-27 00:00:00,1.302,1.30203,1.30005,1.301,2637,33,0
2010-08-27 02:00:00,1.30101,1.30144,1.2991,1.30049,3063,33,0
2010-08-27 04:00:00,1.30048,1.30222,1.2999,1.30188,2747,33,0
2010-08-27 06:00:00,1.30193,1.30432,1.3016,1.3033,3113,19,0
2010-08-27 08:00:00,1.30332,1.30427,1.30067,1.30298,5280,20,0
2010-08-27 10:00:00,1.30301,1.30417,1.29962,1.30083,5080,18,0
2010-08-27 12:00:00,1.30082,1.30365,1.30026,1.30297,3305,19,0
2010-08-27 14:00:00,1.30298,1.30432,1.29923,1.30309,6290,17,0
2010-08-27 16:00:00,1.30304,1.31167,1.30152,1.31067,8072,20,0
2010-08-27 18:00:00,1.31068,1.31097,1.30867,1.30909,3709,21,0
2010-08-27 20:00:00,1.30911,1.31131,1.30879,1.31102,2908,30,0
2010-08-27 22:00:00,1.31103,1.31217,1.31052,1.31166,1456,30,0
2010-08-30 00:00:00,1.3112,1.31226,1.30993,1.31149,2955,34,0
2010-08-30 02:00:00,1.31147,1.31381,1.31113,1.31363,1998,30,0
2010-08-30 04:00:00,1.31364,1.31438,1.31146,1.31171,2126,32,0
2010-08-30 06:00:00,1.31182,1.31251,1.31055,1.31109,2352,23,0
2010-08-30 08:00:00,1.31107,1.31236,1.30883,1.31055,4150,22,0
2010-08-30 10:00:00,1.31052,1.31071,1.30713,1.30798,3252,19,0
2010-08-30 12:00:00,1.30797,1.30837,1.30684,1.30693,2542,16,0
2010-08-30 14:00:00,1.30692,1.30695,1.30115,1.30215,4635,21,0
2010-08-30 16:00:00,1.30214,1.30236,1.29802,1.29956,3956,20,0
2010-08-30 18:00:00,1.29959,1.30037,1.29854,1.29918,2401,21,0
2010-08-30 20:00:00,1.29915,1.30004,1.29819,1.29956,2623,30,0
2010-08-30 22:00:00,1.29957,1.29981,1.29881,1.29886,1139,30,0
2010-08-31 00:00:00,1.2988,1.29949,1.29801,1.29834,2239,30,0
2010-08-31 02:00:00,1.29835,1.29846,1.29331,1.2939,3650,30,0
2010-08-31 04:00:00,1.29389,1.2955,1.29373,1.29475,2047,30,0
2010-08-31 06:00:00,1.29472,1.29553,1.29427,1.29488,2843,20,0
2010-08-31 08:00:00,1.2949,1.29538,1.29115,1.29272,6032,19,0
2010-08-31 10:00:00,1.2927,1.29384,1.28991,1.29312,4897,20,0
2010-08-31 12:00:00,1.29313,1.29659,1.29106,1.29283,4071,20,0
2010-08-31 14:00:00,1.29284,1.29555,1.29188,1.29361,5689,20,0
2010-08-31 16:00:00,1.29359,1.29589,1.28793,1.28952,6384,16,0
2010-08-31 18:00:00,1.2895,1.29214,1.28893,1.29151,2883,20,0
2010-08-31 20:00:00,1.29152,1.29168,1.28504,1.28643,4376,30,0
2010-08-31 22:00:00,1.28645,1.28723,1.28612,1.287,1497,30,0
2010-09-01 00:00:00,1.287,1.28737,1.28656,1.28706,2072,30,0
2010-09-01 02:00:00,1.28705,1.29063,1.28705,1.29063,3206,33,0
2010-09-01 04:00:00,1.29061,1.2919,1.28962,1.29123,2923,30,0
2010-09-01 06:00:00,1.29124,1.29137,1.28828,1.28987,3077,22,0
2010-09-01 08:00:00,1.28993,1.29359,1.28921,1.29201,5224,19,0
2010-09-01 10:00:00,1.29197,1.29776,1.29197,1.29701,5670,21,0
2010-09-01 12:00:00,1.297,1.29877,1.29643,1.29666,2925,15,0
2010-09-01 14:00:00,1.29669,1.29745,1.29151,1.2942,4135,15,0
2010-09-01 16:00:00,1.29419,1.30395,1.29387,1.30042,4327,15,0
2010-09-01 18:00:00,1.30039,1.30158,1.29946,1.30031,2571,19,0
2010-09-01 20:00:00,1.30032,1.30094,1.29921,1.29944,2149,30,0
2010-09-01 22:00:00,1.29951,1.30117,1.29915,1.30039,1561,30,0
2010-09-02 00:00:00,1.30039,1.30074,1.29934,1.30072,2437,33,0
2010-09-02 02:00:00,1.30069,1.30378,1.30028,1.3029,3338,30,0
2010-09-02 04:00:00,1.30289,1.30291,1.30103,1.30116,1908,30,0
2010-09-02 06:00:00,1.30123,1.30216,1.29754,1.29926,2685,22,0
2010-09-02 08:00:00,1.29922,1.29923,1.29413,1.29677,5416,15,0
2010-09-02 10:00:00,1.29678,1.29855,1.29583,1.29827,3883,20,0
2010-09-02 12:00:00,1.29826,1.29891,1.29564,1.29657,2707,15,0
2010-09-02 14:00:00,1.29661,1.29948,1.29458,1.29675,3837,15,0
2010-09-02 16:00:00,1.29665,1.29942,1.29554,1.29742,3343,15,0
2010-09-02 18:00:00,1.29746,1.29917,1.29611,1.29864,2493,16,0
2010-09-02 20:00:00,1.29865,1.30071,1.2982,1.29847,1999,30,0
2010-09-02 22:00:00,1.29851,1.29937,1.29811,1.29924,1141,30,0
2010-09-03 00:00:00,1.2993,1.29937,1.29848,1.29871,827,28,0
2010-09-03 02:00:00,1.2987,1.29933,1.29844,1.29905,2149,33,0
2010-09-03 04:00:00,1.2991,1.29959,1.29724,1.29806,1673,30,0
2010-09-03 06:00:00,1.29808,1.29869,1.29732,1.29869,2080,22,0
2010-09-03 08:00:00,1.29868,1.30186,1.29741,1.30041,3589,17,0
2010-09-03 10:00:00,1.30042,1.30581,1.30026,1.30499,2711,17,0
2010-09-03 12:00:00,1.30503,1.30584,1.30133,1.30452,2504,15,0
2010-09-03 14:00:00,1.30454,1.31624,1.30292,1.31387,5733,16,0
2010-09-03 16:00:00,1.31393,1.31393,1.30597,1.31076,5284,18,0
2010-09-03 18:00:00,1.31079,1.31181,1.31046,1.31121,2216,20,0
2010-09-03 20:00:00,1.31123,1.31223,1.31016,1.31157,2060,30,0
2010-09-03 22:00:00,1.31153,1.31153,1.30991,1.31065,542,30,0
2010-09-06 00:00:00,1.31048,1.3112,1.30974,1.3108,1811,30,0
2010-09-06 02:00:00,1.31081,1.31179,1.30769,1.30899,2681,30,0
2010-09-06 04:00:00,1.309,1.3098,1.30855,1.30925,1807,30,0
2010-09-06 06:00:00,1.30932,1.30996,1.30746,1.30869,2318,22,0
2010-09-06 08:00:00,1.30874,1.31322,1.30849,1.31116,4361,19,0
2010-09-06 10:00:00,1.31113,1.31132,1.30762,1.30796,2921,15,0
2010-09-06 12:00:00,1.30793,1.30822,1.30495,1.3076,2154,15,0
2010-09-06 14:00:00,1.30761,1.3084,1.30632,1.30728,1496,15,0
2010-09-06 16:00:00,1.30731,1.30737,1.30267,1.30424,2244,15,0
2010-09-06 18:00:00,1.30425,1.30433,1.302,1.30363,1917,19,0
2010-09-06 20:00:00,1.30361,1.30406,1.30343,1.30346,950,36,0
2010-09-06 22:00:00,1.30343,1.30367,1.30123,1.30149,919,30,0
2010-09-07 00:00:00,1.30158,1.30167,1.29226,1.29395,3701,30,0
2010-09-07 02:00:00,1.29393,1.29602,1.29206,1.29588,4584,33,0
2010-09-07 04:00:00,1.29591,1.29625,1.29354,1.29402,2768,30,0
2010-09-07 06:00:00,1.29401,1.29608,1.29067,1.29487,3650,21,0
2010-09-07 08:00:00,1.2949,1.29544,1.291,1.29168,5470,20,0
2010-09-07 10:00:00,1.29172,1.29347,1.29036,1.29241,3417,15,0
2010-09-07 12:00:00,1.29244,1.29301,1.29035,1.29146,3177,18,0
2010-09-07 14:00:00,1.29119,1.2912,1.28765,1.28781,2837,16,0
2010-09-07 16:00:00,1.28786,1.28882,1.2843,1.28665,3317,18,0
2010-09-07 18:00:00,1.28664,1.28746,1.28408,1.28614,2604,18,0
2010-09-07 20:00:00,1.28615,1.28653,1.28099,1.28173,2897,30,0
2010-09-07 22:00:00,1.28178,1.28261,1.28141,1.2822,1437,30,0
2010-09-08 00:00:00,1.28233,1.28335,1.28152,1.28331,1698,30,0
2010-09-08 02:00:00,1.28333,1.28469,1.28201,1.28421,3168,30,0
2010-09-08 04:00:00,1.28422,1.28435,1.28162,1.28176,1834,30,0
2010-09-08 06:00:00,1.28175,1.28392,1.28153,1.28392,2628,22,0
2010-09-08 08:00:00,1.28394,1.28554,1.27752,1.27804,6377,19,0
2010-09-08 10:00:00,1.27802,1.2812,1.27653,1.27858,5497,17,0
2010-09-08 12:00:00,1.27862,1.28359,1.27813,1.28288,4428,22,0
2010-09-08 14:00:00,1.28289,1.29079,1.28246,1.28974,5682,22,0
2010-09-08 16:00:00,1.28971,1.29194,1.28615,1.28624,5805,19,0
2010-09-08 18:00:00,1.28623,1.28902,1.28613,1.28619,3247,22,0
2010-09-08 20:00:00,1.2862,1.28874,1.28569,1.28644,3563,30,0
2010-09-08 22:00:00,1.28645,1.28741,1.28585,1.28649,1148,30,0
2010-09-09 00:00:00,1.28645,1.28749,1.28628,1.28712,1585,30,0
2010-09-09 02:00:00,1.28713,1.28969,1.28672,1.28749,3030,30,0
2010-09-09 04:00:00,1.28748,1.28785,1.2862,1.28623,2142,30,0
2010-09-09 06:00:00,1.28626,1.28645,1.28203,1.2831,3222,24,0
2010-09-09 08:00:00,1.28312,1.28735,1.28206,1.28608,5560,18,0
2010-09-09 10:00:00,1.28606,1.29262,1.28606,1.29086,5730,19,0
2010-09-09 12:00:00,1.29085,1.29096,1.28488,1.2856,3946,17,0
2010-09-09 14:00:00,1.28557,1.2905,1.28487,1.28808,5641,19,0
2010-09-09 16:00:00,1.28806,1.29029,1.2861,1.28962,4771,21,0
2010-09-09 18:00:00,1.2896,1.29207,1.28809,1.28878,4086,20,0
2010-09-09 20:00:00,1.28875,1.29009,1.28849,1.28969,3131,30,0
2010-09-09 22:00:00,1.28968,1.29,1.28807,1.28904,1458,30,0
2010-09-10 00:00:00,1.28912,1.28925,1.28719,1.28719,2279,33,0
2010-09-10 02:00:00,1.28718,1.2945,1.28691,1.29255,3950,36,0
2010-09-10 04:00:00,1.29251,1.29292,1.28846,1.28905,3588,36,0
2010-09-10 06:00:00,1.28903,1.28974,1.28631,1.28808,3444,21,0
2010-09-10 08:00:00,1.28809,1.29997,1.28723,1.29977,6432,22,0
2010-09-10 10:00:00,1.29973,1.30491,1.29706,1.30228,6257,18,0
2010-09-10 12:00:00,1.30229,1.30467,1.30037,1.30181,3732,21,0
2010-09-10 14:00:00,1.30174,1.30727,1.29811,1.29963,6810,20,0
2010-09-10 16:00:00,1.29963,1.30177,1.29479,1.29536,5681,22,0
2010-09-10 18:00:00,1.29535,1.29706,1.29432,1.29573,3415,18,0
2010-09-10 20:00:00,1.29569,1.29655,1.29528,1.29592,2618,30,0
2010-09-10 22:00:00,1.2959,1.29604,1.29255,1.29281,1611,32,0
2010-09-13 00:00:00,1.2946,1.30011,1.2945,1.30011,3391,35,0
2010-09-13 02:00:00,1.30014,1.30156,1.29885,1.299,3927,30,0
2010-09-13 04:00:00,1.29902,1.29951,1.297,1.29903,3889,30,0
2010-09-13 06:00:00,1.299,1.30053,1.29735,1.29757,4403,23,0
2010-09-13 08:00:00,1.29759,1.30374,1.29696,1.30124,6149,21,0
2010-09-13 10:00:00,1.30123,1.30177,1.2963,1.29757,4404,22,0
2010-09-13 12:00:00,1.29758,1.2998,1.29647,1.29912,3450,22,0
2010-09-13 14:00:00,1.29913,1.30177,1.29847,1.2986,5149,19,0
2010-09-13 16:00:00,1.29861,1.30006,1.29499,1.29915,5799,21,0
2010-09-13 18:00:00,1.29916,1.29983,1.29708,1.29749,3201,18,0
2010-09-13 20:00:00,1.29747,1.29785,1.29645,1.2967,3257,30,0
2010-09-13 22:00:00,1.29669,1.29768,1.2965,1.29745,1709,30,0
2010-09-14 00:00:00,1.29744,1.29774,1.29632,1.29661,1843,31,0
2010-09-14 02:00:00,1.29662,1.29733,1.29499,1.29638,3215,33,0
2010-09-14 04:00:00,1.29639,1.29755,1.28952,1.29203,3278,33,0
2010-09-14 06:00:00,1.29207,1.2922,1.2894,1.29103,4732,24,0
2010-09-14 08:00:00,1.29108,1.29398,1.28899,1.28975,6648,22,0
2010-09-14 10:00:00,1.28976,1.29261,1.28735,1.289,6544,22,0
2010-09-14 12:00:00,1.28901,1.29079,1.28793,1.29034,3618,22,0
2010-09-14 14:00:00,1.2903,1.29231,1.2873,1.28938,5527,22,0
2010-09-14 16:00:00,1.2894,1.29394,1.28825,1.29333,6864,22,0
2010-09-14 18:00:00,1.29327,1.29646,1.29259,1.29591,4227,19,0
2010-09-14 20:00:00,1.29592,1.29627,1.29429,1.29475,3589,30,0
2010-09-14 22:00:00,1.29474,1.29504,1.29308,1.29345,2608,30,0
2010-09-15 00:00:00,1.29346,1.29471,1.29268,1.29465,2132,30,0
2010-09-15 02:00:00,1.29469,1.29678,1.29308,1.29678,4930,30,0
2010-09-15 04:00:00,1.29677,1.30095,1.29606,1.30009,5072,33,0
2010-09-15 06:00:00,1.30008,1.3014,1.29896,1.30009,5242,24,0
2010-09-15 08:00:00,1.30012,1.30413,1.29903,1.30306,6281,23,0
2010-09-15 10:00:00,1.30309,1.30435,1.29922,1.30077,6178,21,0
2010-09-15 12:00:00,1.30069,1.30193,1.2995,1.30118,5090,23,0
2010-09-15 14:00:00,1.30108,1.30352,1.30018,1.30193,5942,19,0
2010-09-15 16:00:00,1.30188,1.30663,1.30188,1.30483,6325,17,0
2010-09-15 18:00:00,1.30485,1.3056,1.30166,1.3042,3470,18,0
2010-09-15 20:00:00,1.30418,1.30579,1.30351,1.30565,3807,30,0
2010-09-15 22:00:00,1.30564,1.30571,1.3045,1.30498,1743,30,0
2010-09-16 00:00:00,1.30492,1.30548,1.30334,1.30364,2784,34,0
2010-09-16 02:00:00,1.30365,1.30365,1.30134,1.30239,3822,33,0
2010-09-16 04:00:00,1.30242,1.30265,1.30018,1.30026,3136,33,0
2010-09-16 06:00:00,1.30031,1.30254,1.29897,1.29979,4214,24,0
2010-09-16 08:00:00,1.2998,1.30471,1.29958,1.30321,4809,18,0
2010-09-16 10:00:00,1.3032,1.31219,1.30255,1.31183,5857,18,0
2010-09-16 12:00:00,1.31184,1.31378,1.30896,1.31378,4559,18,0
2010-09-16 14:00:00,1.314,1.3302,1.314,1.32686,8161,22,0
2010-09-16 16:00:00,1.32684,1.32843,1.32529,1.32658,6448,22,0
2010-09-16 18:00:00,1.3266,1.32703,1.32474,1.32659,2929,19,0
2010-09-16 20:00:00,1.32657,1.32813,1.32636,1.3272,2986,30,0
2010-09-16 22:00:00,1.32722,1.3289,1.32697,1.32797,1727,30,0
2010-09-17 00:00:00,1.328,1.32844,1.32731,1.32737,2512,33,0
2010-09-17 02:00:00,1.32735,1.32928,1.32722,1.32915,2723,30,0
2010-09-17 04:00:00,1.32912,1.33294,1.32907,1.33274,2687,30,0
2010-09-17 06:00:00,1.33271,1.33315,1.33126,1.33187,4192,19,0
2010-09-17 08:00:00,1.33186,1.33896,1.33049,1.33744,5657,18,0
2010-09-17 10:00:00,1.33745,1.33806,1.33387,1.33389,4941,19,0
2010-09-17 12:00:00,1.33388,1.33511,1.32194,1.32235,6340,19,0
2010-09-17 14:00:00,1.32234,1.32361,1.31679,1.31817,8567,22,0
2010-09-17 16:00:00,1.31822,1.31895,1.31403,1.31628,6065,23,0
2010-09-17 18:00:00,1.31675,1.31861,1.31668,1.3182,2252,17,0
2010-09-17 20:00:00,1.31819,1.31861,1.31645,1.31646,2885,30,0
2010-09-17 22:00:00,1.31644,1.31755,1.31615,1.31745,1003,30,0
2010-09-20 00:00:00,1.3182,1.3183,1.3164,1.318,180,50,0
2010-09-20 02:00:00,1.3179,1.3203,1.3176,1.32,465,50,0
2010-09-20 04:00:00,1.3201,1.3209,1.3183,1.3208,617,50,0
2010-09-20 06:00:00,1.3207,1.3226,1.3194,1.3217,912,30,0
2010-09-20 08:00:00,1.3218,1.323,1.3138,1.3152,2245,30,0
2010-09-20 10:00:00,1.3153,1.31786,1.31418,1.31506,4102,19,0
2010-09-20 12:00:00,1.31504,1.31709,1.31496,1.31544,3547,19,0
2010-09-20 14:00:00,1.31543,1.31671,1.31136,1.31366,5188,18,0
2010-09-20 16:00:00,1.31369,1.31558,1.31226,1.31393,5205,20,0
2010-09-20 18:00:00,1.31391,1.31428,1.31258,1.31276,2173,19,0
2010-09-20 20:00:00,1.31278,1.3142,1.31131,1.31271,3243,30,0
2010-09-20 22:00:00,1.31269,1.31321,1.31211,1.31279,1641,30,0
2010-09-21 00:00:00,1.31279,1.31297,1.31181,1.31201,1622,32,0
2010-09-21 02:00:00,1.31199,1.31422,1.31126,1.31375,3159,30,0
2010-09-21 04:00:00,1.31376,1.31486,1.31294,1.31446,2199,31,0
2010-09-21 06:00:00,1.31449,1.31935,1.31435,1.31612,4011,24,0
2010-09-21 08:00:00,1.31614,1.31775,1.31256,1.31272,5506,19,0
2010-09-21 10:00:00,1.31271,1.32116,1.3127,1.31718,6772,18,0
2010-09-21 12:00:00,1.31719,1.31774,1.31519,1.31606,4196,18,0
2010-09-21 14:00:00,1.31607,1.31813,1.31517,1.31706,5268,19,0
2010-09-21 16:00:00,1.31718,1.31862,1.31631,1.31858,4959,18,0
2010-09-21 18:00:00,1.31857,1.32058,1.31759,1.31903,3081,18,0
2010-09-21 20:00:00,1.31902,1.32405,1.31785,1.31951,7593,30,0
2010-09-21 22:00:00,1.31946,1.32196,1.31946,1.32128,2680,30,0
2010-09-22 00:00:00,1.32126,1.32363,1.32091,1.32328,3317,32,0
2010-09-22 02:00:00,1.32329,1.32631,1.32283,1.32495,3728,32,0
2010-09-22 04:00:00,1.32499,1.3262,1.3246,1.3256,2065,32,0
2010-09-22 06:00:00,1.3257,1.3271,1.325,1.3252,1438,30,0
2010-09-22 08:00:00,1.3251,1.3271,1.319,1.3211,3485,30,0
2010-09-22 10:00:00,1.3212,1.3258,1.318,1.3249,3637,30,0
2010-09-22 12:00:00,1.3252,1.3254,1.32232,1.32237,4288,22,0
2010-09-22 14:00:00,1.32239,1.32526,1.32074,1.32264,6151,18,0
2010-09-22 16:00:00,1.32266,1.32277,1.31918,1.32015,5956,18,0
2010-09-22 18:00:00,1.3202,1.32136,1.31887,1.32111,3694,19,0
2010-09-22 20:00:00,1.32109,1.32205,1.32005,1.321,3582,30,0
2010-09-22 22:00:00,1.32098,1.3224,1.32096,1.32203,1987,30,0
2010-09-23 00:00:00,1.32207,1.32271,1.3207,1.32167,2525,33,0
2010-09-23 02:00:00,1.32168,1.32372,1.32115,1.32235,2291,33,0
2010-09-23 04:00:00,1.32241,1.32318,1.32205,1.32239,2619,33,0
2010-09-23 06:00:00,1.32244,1.32385,1.3216,1.32295,3207,22,0
2010-09-23 08:00:00,1.32294,1.32466,1.32131,1.32148,5032,18,0
2010-09-23 10:00:00,1.32145,1.3217,1.31666,1.31701,6410,19,0
2010-09-23 12:00:00,1.31702,1.31715,1.31003,1.31245,5960,20,0
2010-09-23 14:00:00,1.31242,1.31385,1.31096,1.31231,6883,19,0
2010-09-23 16:00:00,1.31217,1.31471,1.31126,1.31356,6921,20,0
2010-09-23 18:00:00,1.31357,1.31519,1.31349,1.31428,3510,20,0
2010-09-23 20:00:00,1.31424,1.31569,1.3121,1.31237,3362,30,0
2010-09-23 22:00:00,1.31239,1.31268,1.31131,1.31219,1537,30,0
2010-09-24 00:00:00,1.31203,1.31333,1.31147,1.31179,1256,32,0
2010-09-24 02:00:00,1.31192,1.31374,1.31124,1.31369,1603,30,0
2010-09-24 04:00:00,1.31364,1.31576,1.31364,1.31397,910,30,0
2010-09-24 06:00:00,1.31401,1.3171,1.31297,1.31316,2816,24,0
2010-09-24 08:00:00,1.31232,1.31379,1.3071,1.30936,3158,23,0
2010-09-24 10:00:00,1.31164,1.31851,1.3114,1.3172,3443,18,0
2010-09-24 12:00:00,1.31687,1.31705,1.31303,1.31477,2767,20,0
2010-09-24 14:00:00,1.31485,1.32062,1.31461,1.31956,3532,18,0
2010-09-24 16:00:00,1.31981,1.3265,1.31695,1.32451,3077,21,0
2010-09-24 18:00:00,1.32459,1.32875,1.32443,1.32759,1707,24,0
2010-09-24 20:00:00,1.32796,1.32885,1.32704,1.32879,1694,32,0
2010-09-24 22:00:00,1.32876,1.32928,1.32695,1.32702,404,34,0
2010-09-27 00:00:00,1.3256,1.32821,1.32539,1.32575,2898,31,0
2010-09-27 02:00:00,1.32576,1.32834,1.32548,1.32722,3607,30,0
2010-09-27 04:00:00,1.32723,1.32794,1.32535,1.32551,2138,30,0
2010-09-27 06:00:00,1.32548,1.32713,1.32446,1.3262,3396,20,0
2010-09-27 08:00:00,1.32618,1.32946,1.32469,1.32776,5714,18,0
2010-09-27 10:00:00,1.32774,1.32806,1.32366,1.32617,5327,19,0
2010-09-27 12:00:00,1.32615,1.32659,1.32381,1.32419,3299,20,0
2010-09-27 14:00:00,1.3242,1.32779,1.32411,1.32501,5037,18,0
2010-09-27 16:00:00,1.32499,1.32577,1.32334,1.32479,5052,20,0
2010-09-27 18:00:00,1.32478,1.32673,1.32463,1.32609,3031,19,0
2010-09-27 20:00:00,1.32607,1.3275,1.32535,1.32541,2998,30,0
2010-09-27 22:00:00,1.3254,1.32639,1.3244,1.32531,2709,30,0
2010-09-28 00:00:00,1.32537,1.32544,1.32279,1.32366,1941,30,0
2010-09-28 02:00:00,1.32367,1.32509,1.32324,1.32474,3025,32,0
2010-09-28 04:00:00,1.32466,1.32626,1.32439,1.32479,2751,32,0
2010-09-28 06:00:00,1.3248,1.32509,1.32257,1.32347,3361,25,0
2010-09-28 08:00:00,1.32341,1.3238,1.31645,1.32027,6743,21,0
2010-09-28 10:00:00,1.32026,1.32707,1.32005,1.32628,5713,19,0
2010-09-28 12:00:00,1.3263,1.32905,1.3252,1.32859,5526,21,0
2010-09-28 14:00:00,1.3286,1.32918,1.32233,1.32319,6498,20,0
2010-09-28 16:00:00,1.32311,1.32498,1.31743,1.32496,7948,19,0
2010-09-28 18:00:00,1.32498,1.32582,1.32306,1.32582,4081,22,0
2010-09-28 20:00:00,1.32577,1.32668,1.32357,1.32598,3813,32,0
2010-09-28 22:00:00,1.32599,1.32632,1.32506,1.32581,1960,32,0
2010-09-29 00:00:00,1.32579,1.32606,1.32422,1.32503,2158,30,0
2010-09-29 02:00:00,1.32506,1.32652,1.32427,1.32547,3057,30,0
2010-09-29 04:00:00,1.32545,1.32635,1.32422,1.32475,2072,30,0
2010-09-29 06:00:00,1.32476,1.32634,1.32376,1.32387,2801,21,0
2010-09-29 08:00:00,1.32388,1.33194,1.32387,1.32844,4372,15,0
2010-09-29 10:00:00,1.32845,1.33163,1.32393,1.33142,4819,17,0
2010-09-29 12:00:00,1.33144,1.3348,1.3271,1.32844,3944,18,0
2010-09-29 14:00:00,1.32843,1.33217,1.325,1.3258,6097,19,0
2010-09-29 16:00:00,1.32571,1.33046,1.32556,1.32938,6157,18,0
2010-09-29 18:00:00,1.32939,1.33108,1.32872,1.33045,4176,19,0
2010-09-29 20:00:00,1.33044,1.33317,1.3302,1.33137,3602,30,0
2010-09-29 22:00:00,1.33135,1.33253,1.33054,1.33077,1634,30,0
2010-09-30 00:00:00,1.33079,1.33163,1.3305,1.33087,1632,30,0
2010-09-30 02:00:00,1.33075,1.3316,1.329,1.32935,3159,35,0
2010-09-30 04:00:00,1.32933,1.33118,1.3289,1.32891,2850,30,0
2010-09-30 06:00:00,1.3289,1.33024,1.32672,1.32809,3670,23,0
2010-09-30 08:00:00,1.32808,1.33263,1.32642,1.33119,7036,19,0
2010-09-30 10:00:00,1.33121,1.33241,1.32808,1.33095,6377,21,0
2010-09-30 12:00:00,1.33094,1.33115,1.32712,1.32733,4980,18,0
2010-09-30 14:00:00,1.32735,1.3331,1.32708,1.33198,8080,20,0
2010-09-30 16:00:00,1.33193,1.33507,1.33089,1.33386,8748,20,0
2010-09-30 18:00:00,1.33387,1.33818,1.33332,1.33792,4526,21,0
2010-09-30 20:00:00,1.33794,1.34003,1.33738,1.33935,4341,31,0
2010-09-30 22:00:00,1.33937,1.34066,1.33764,1.34021,2614,33,0
2010-10-01 00:00:00,1.34024,1.34073,1.33714,1.33833,3270,31,0
2010-10-01 02:00:00,1.33834,1.3415,1.33632,1.33966,4180,31,0
2010-10-01 04:00:00,1.3397,1.34155,1.33772,1.33884,2882,32,0
2010-10-01 06:00:00,1.33883,1.34046,1.33752,1.33804,4184,23,0
2010-10-01 08:00:00,1.338,1.34278,1.33601,1.34053,6639,20,0
2010-10-01 10:00:00,1.34056,1.34626,1.34029,1.34461,6372,18,0
2010-10-01 12:00:00,1.34459,1.34461,1.34123,1.34282,3551,19,0
2010-10-01 14:00:00,1.34286,1.34521,1.3408,1.34486,5511,18,0
2010-10-01 16:00:00,1.34476,1.34559,1.34047,1.34237,7327,20,0
2010-10-01 18:00:00,1.34234,1.34484,1.34128,1.34426,4366,20,0
2010-10-01 20:00:00,1.34425,1.34565,1.34302,1.34351,3487,31,0
2010-10-01 22:00:00,1.34354,1.34367,1.34038,1.34306,1613,36,0
2010-10-04 00:00:00,1.34518,1.34526,1.34343,1.34388,2396,32,0
2010-10-04 02:00:00,1.34386,1.34537,1.34234,1.34501,3595,32,0
2010-10-04 04:00:00,1.34498,1.34579,1.34459,1.34508,2724,32,0
2010-10-04 06:00:00,1.3451,1.34611,1.34392,1.34456,2199,22,0
2010-10-04 08:00:00,1.34455,1.34654,1.33726,1.33769,6719,17,0
2010-10-04 10:00:00,1.3377,1.33815,1.32978,1.33181,6850,19,0
2010-10-04 12:00:00,1.33183,1.33381,1.32916,1.3335,5067,19,0
2010-10-04 14:00:00,1.33349,1.33714,1.33257,1.33451,6025,19,0
2010-10-04 16:00:00,1.33449,1.33584,1.33096,1.33127,6256,20,0
2010-10-04 18:00:00,1.33128,1.33222,1.32995,1.33123,3326,19,0
2010-10-04 20:00:00,1.33124,1.3323,1.33012,1.33046,3500,30,0
2010-10-04 22:00:00,1.33044,1.33101,1.3275,1.32782,2348,31,0
2010-10-05 00:00:00,1.32783,1.32939,1.3263,1.32635,2631,32,0
2010-10-05 02:00:00,1.32636,1.32897,1.32636,1.32883,3208,30,0
2010-10-05 04:00:00,1.32878,1.32914,1.32658,1.32764,3863,30,0
2010-10-05 06:00:00,1.32769,1.3313,1.32748,1.33092,5594,20,0
2010-10-05 08:00:00,1.33095,1.33353,1.32778,1.33312,6956,20,0
2010-10-05 10:00:00,1.33314,1.3338,1.33156,1.33253,6434,19,0
2010-10-05 12:00:00,1.33252,1.33479,1.33122,1.33471,4767,19,0
2010-10-05 14:00:00,1.33473,1.3393,1.33392,1.33573,6234,17,0
2010-10-05 16:00:00,1.33576,1.33875,1.33452,1.33677,7529,18,0
2010-10-05 18:00:00,1.33675,1.33859,1.33632,1.33789,3966,18,0
2010-10-05 20:00:00,1.33782,1.33841,1.33708,1.33772,3481,30,0
2010-10-05 22:00:00,1.33771,1.3378,1.33637,1.33707,1609,30,0
2010-10-06 00:00:00,1.33704,1.33746,1.3359,1.33717,2711,32,0
2010-10-06 02:00:00,1.33719,1.3383,1.33633,1.33653,2494,31,0
2010-10-06 04:00:00,1.33654,1.33664,1.33523,1.33638,1750,31,0
2010-10-06 06:00:00,1.33642,1.3373,1.33553,1.33651,2330,24,0
2010-10-06 08:00:00,1.3365,1.34144,1.33559,1.33863,6512,21,0
2010-10-06 10:00:00,1.33864,1.33992,1.33701,1.33817,4853,19,0
2010-10-06 12:00:00,1.33818,1.33958,1.332,1.33811,6223,19,0
2010-10-06 14:00:00,1.33807,1.33817,1.33376,1.3367,7496,20,0
2010-10-06 16:00:00,1.33667,1.33917,1.33648,1.33716,6732,19,0
2010-10-06 18:00:00,1.33714,1.33936,1.33714,1.33911,4019,20,0
2010-10-06 20:00:00,1.33908,1.33969,1.33795,1.33923,3500,30,0
2010-10-06 22:00:00,1.3392,1.33996,1.33862,1.33921,2394,32,0
2010-10-07 00:00:00,1.33919,1.3397,1.3384,1.33914,1848,33,0
2010-10-07 02:00:00,1.3391,1.34003,1.3384,1.33875,3107,30,0
2010-10-07 04:00:00,1.33876,1.34014,1.33799,1.33911,1905,30,0
2010-10-07 06:00:00,1.33916,1.34076,1.3389,1.33976,2074,23,0
2010-10-07 08:00:00,1.33978,1.34329,1.33586,1.33787,6323,22,0
2010-10-07 10:00:00,1.33785,1.34065,1.33775,1.33881,5175,21,0
2010-10-07 12:00:00,1.33882,1.34188,1.3388,1.34059,4917,20,0
2010-10-07 14:00:00,1.34057,1.34891,1.33984,1.34288,8224,19,0
2010-10-07 16:00:00,1.3428,1.34828,1.3419,1.34573,7296,20,0
2010-10-07 18:00:00,1.34572,1.34636,1.34343,1.34472,4613,21,0
2010-10-07 20:00:00,1.34471,1.34623,1.34396,1.34495,4262,30,0
2010-10-07 22:00:00,1.34496,1.34586,1.34428,1.34457,2429,33,0
2010-10-08 00:00:00,1.34461,1.34537,1.34447,1.34537,2149,31,0
2010-10-08 02:00:00,1.34532,1.34562,1.34385,1.34559,2443,31,0
2010-10-08 04:00:00,1.34558,1.34799,1.3447,1.34795,3713,34,0
2010-10-08 06:00:00,1.34796,1.34835,1.3465,1.34656,2302,20,0
2010-10-08 08:00:00,1.34655,1.34927,1.34607,1.34654,4909,19,0
2010-10-08 10:00:00,1.34648,1.3471,1.34369,1.34489,5147,19,0
2010-10-08 12:00:00,1.3449,1.34497,1.34026,1.34322,6173,20,0
2010-10-08 14:00:00,1.34321,1.3468,1.33701,1.33773,9563,21,0
2010-10-08 16:00:00,1.33774,1.34062,1.33733,1.33776,5536,20,0
2010-10-08 18:00:00,1.33778,1.3381,1.3365,1.3365,1896,22,0
2010-10-08 20:00:00,1.3365,1.3426,1.3361,1.3422,1618,30,0
2010-10-08 22:00:00,1.3423,1.3423,1.3423,1.3423,1,40,0
2010-10-11 00:00:00,1.3447,1.3463,1.343,1.3463,678,50,0
2010-10-11 02:00:00,1.3462,1.3476,1.3455,1.3462,843,50,0
2010-10-11 04:00:00,1.3463,1.3466,1.3441,1.3447,456,50,0
2010-10-11 06:00:00,1.3446,1.346,1.3416,1.3428,711,30,0
2010-10-11 08:00:00,1.3427,1.3435,1.3389,1.3409,2505,30,0
2010-10-11 10:00:00,1.3408,1.3433,1.3405,1.3429,1481,30,0
2010-10-11 12:00:00,1.343,1.3436,1.34048,1.34163,1779,18,0
2010-10-11 14:00:00,1.34161,1.34205,1.33956,1.34121,4428,16,0
2010-10-11 16:00:00,1.34122,1.34312,1.33951,1.33955,5260,17,0
2010-10-11 18:00:00,1.33958,1.34059,1.33765,1.33843,2636,23,0
2010-10-11 20:00:00,1.33842,1.33882,1.33728,1.33789,2834,32,0
2010-10-11 22:00:00,1.3379,1.33892,1.33787,1.33852,1161,32,0
2010-10-12 00:00:00,1.33855,1.33929,1.33734,1.33876,2044,33,0
2010-10-12 02:00:00,1.33875,1.33892,1.33557,1.33769,2687,32,0
2010-10-12 04:00:00,1.3377,1.33838,1.33726,1.33796,1793,32,0
2010-10-12 06:00:00,1.33794,1.33841,1.33537,1.33645,3389,24,0
2010-10-12 08:00:00,1.33643,1.3393,1.33465,1.33919,6591,20,0
2010-10-12 10:00:00,1.33918,1.34148,1.33522,1.33528,6177,20,0
2010-10-12 12:00:00,1.33529,1.33539,1.32809,1.32952,5056,21,0
2010-10-12 14:00:00,1.32953,1.33048,1.32701,1.32781,5998,21,0
2010-10-12 16:00:00,1.3278,1.32967,1.32653,1.32828,5695,21,0
2010-10-12 18:00:00,1.32827,1.32967,1.32683,1.32841,4438,18,0
2010-10-12 20:00:00,1.32839,1.33324,1.32774,1.3317,6410,30,0
2010-10-12 22:00:00,1.33158,1.33305,1.33121,1.33234,2293,30,0
2010-10-13 00:00:00,1.33223,1.33293,1.33176,1.33261,1636,32,0
2010-10-13 02:00:00,1.3326,1.33578,1.33255,1.33421,2680,32,0
2010-10-13 04:00:00,1.3342,1.33556,1.33376,1.33482,2680,30,0
2010-10-13 06:00:00,1.33486,1.3355,1.3332,1.33415,3355,23,0
2010-10-13 08:00:00,1.33413,1.33909,1.33172,1.33865,5823,19,0
2010-10-13 10:00:00,1.33866,1.34013,1.33698,1.33815,5126,18,0
2010-10-13 12:00:00,1.33816,1.33831,1.33396,1.335,4484,20,0
2010-10-13 14:00:00,1.33498,1.34206,1.33315,1.33843,6202,21,0
2010-10-13 16:00:00,1.33842,1.33963,1.33704,1.3389,5842,22,0
2010-10-13 18:00:00,1.33891,1.33968,1.3377,1.33848,3869,19,0
2010-10-13 20:00:00,1.3385,1.34103,1.33798,1.33838,4195,30,0
2010-10-13 22:00:00,1.33839,1.33858,1.33726,1.33765,2160,31,0
2010-10-14 00:00:00,1.33767,1.33857,1.3368,1.33809,1750,30,0
2010-10-14 02:00:00,1.33812,1.34344,1.33812,1.34272,5181,33,0
2010-10-14 04:00:00,1.34271,1.34277,1.33681,1.34016,4307,37,0
2010-10-14 06:00:00,1.34027,1.34062,1.339,1.3397,1370,21,0
2010-10-14 08:00:00,1.3398,1.3427,1.33348,1.33689,3460,23,0
2010-10-14 10:00:00,1.33688,1.33862,1.33574,1.33828,5337,21,0
2010-10-14 12:00:00,1.33827,1.33903,1.33708,1.3373,4222,20,0
2010-10-14 14:00:00,1.33729,1.34134,1.33729,1.34114,6360,21,0
2010-10-14 16:00:00,1.34113,1.34319,1.33961,1.34044,5695,20,0
2010-10-14 18:00:00,1.34043,1.3413,1.33696,1.33871,3702,21,0
2010-10-14 20:00:00,1.33872,1.34092,1.33793,1.34063,4261,30,0
2010-10-14 22:00:00,1.34064,1.34209,1.34044,1.34153,2479,30,0
2010-10-15 00:00:00,1.34161,1.34174,1.33913,1.34008,2423,35,0
2010-10-15 02:00:00,1.34006,1.3404,1.33843,1.3392,1786,36,0
2010-10-15 04:00:00,1.3391,1.3419,1.3384,1.3405,707,50,0
2010-10-15 06:00:00,1.3406,1.3434,1.3403,1.3423,1213,30,0
2010-10-15 08:00:00,1.3427,1.34662,1.3417,1.34624,3907,20,0
2010-10-15 10:00:00,1.34622,1.34798,1.34513,1.34614,4702,19,0
2010-10-15 12:00:00,1.34617,1.34653,1.34134,1.34249,3231,21,0
2010-10-15 14:00:00,1.34248,1.34532,1.34115,1.34344,9690,20,0
2010-10-15 16:00:00,1.34342,1.34424,1.338,1.3385,7321,23,0
2010-10-15 18:00:00,1.33851,1.34102,1.3362,1.33956,6182,22,0
2010-10-15 20:00:00,1.33958,1.34074,1.33729,1.33915,4364,32,0
2010-10-15 22:00:00,1.33917,1.33993,1.338,1.33992,1285,33,0
2010-10-18 00:00:00,1.33876,1.33998,1.33681,1.3377,2758,38,0
2010-10-18 02:00:00,1.33768,1.33777,1.3348,1.3349,2937,30,0
2010-10-18 04:00:00,1.33483,1.33534,1.33334,1.33456,3365,33,0
2010-10-18 06:00:00,1.33457,1.33714,1.33457,1.33662,3301,23,0
2010-10-18 08:00:00,1.33664,1.33666,1.33298,1.33469,6287,20,0
2010-10-18 10:00:00,1.33468,1.33843,1.33319,1.33667,5153,19,0
2010-10-18 12:00:00,1.33666,1.33668,1.3305,1.33326,4957,18,0
2010-10-18 14:00:00,1.33328,1.33676,1.33282,1.33596,6568,20,0
2010-10-18 16:00:00,1.33598,1.33689,1.33253,1.33605,5659,21,0
2010-10-18 18:00:00,1.33604,1.338,1.336,1.3376,3884,21,0
2010-10-18 20:00:00,1.33763,1.34028,1.33717,1.3375,4177,30,0
2010-10-18 22:00:00,1.33752,1.33885,1.3364,1.33721,3586,32,0
2010-10-19 00:00:00,1.33719,1.34012,1.33602,1.33976,3014,36,0
2010-10-19 02:00:00,1.33972,1.34142,1.33795,1.33816,3854,33,0
2010-10-19 04:00:00,1.33815,1.33883,1.33698,1.33727,2626,34,0
2010-10-19 06:00:00,1.33729,1.33855,1.33685,1.33778,4217,24,0
2010-10-19 08:00:00,1.33779,1.33902,1.33507,1.33537,5127,21,0
2010-10-19 10:00:00,1.33538,1.33762,1.33453,1.33651,4476,20,0
2010-10-19 12:00:00,1.33647,1.34075,1.33562,1.3402,6672,22,0
2010-10-19 14:00:00,1.34023,1.34473,1.33798,1.34245,8791,21,0
2010-10-19 16:00:00,1.34248,1.34514,1.33985,1.34155,7499,21,0
2010-10-19 18:00:00,1.34153,1.34299,1.335,1.33543,5730,18,0
2010-10-19 20:00:00,1.33551,1.33632,1.33094,1.33214,6396,30,0
2010-10-19 22:00:00,1.33216,1.3342,1.33212,1.33345,2630,30,0
2010-10-20 00:00:00,1.33345,1.33403,1.33095,1.33095,4062,37,0
2010-10-20 02:00:00,1.33093,1.33396,1.33093,1.33271,4134,36,0
2010-10-20 04:00:00,1.33272,1.3336,1.33099,1.33185,3039,36,0
2010-10-20 06:00:00,1.33187,1.33295,1.33105,1.33212,4160,23,0
2010-10-20 08:00:00,1.33216,1.33622,1.33116,1.33551,5545,21,0
2010-10-20 10:00:00,1.3355,1.33588,1.33376,1.33498,5151,21,0
2010-10-20 12:00:00,1.33497,1.33554,1.33327,1.33508,4093,21,0
2010-10-20 14:00:00,1.33506,1.33768,1.33375,1.33695,6545,20,0
2010-10-20 16:00:00,1.33701,1.34252,1.3356,1.34134,7896,21,0
2010-10-20 18:00:00,1.3413,1.34279,1.341,1.34265,4258,20,0
2010-10-20 20:00:00,1.34266,1.34411,1.34235,1.34292,4629,30,0
2010-10-20 22:00:00,1.34291,1.3438,1.34243,1.34291,1914,30,0
2010-10-21 00:00:00,1.34303,1.3443,1.3427,1.34428,3010,30,0
2010-10-21 02:00:00,1.34432,1.34454,1.33873,1.34191,5412,32,0
2010-10-21 04:00:00,1.34183,1.3447,1.34125,1.34421,4223,33,0
2010-10-21 06:00:00,1.34425,1.34468,1.34283,1.34382,4096,23,0
2010-10-21 08:00:00,1.34381,1.34869,1.34294,1.34837,5785,20,0
2010-10-21 10:00:00,1.34836,1.35296,1.34816,1.34911,5595,19,0
2010-10-21 12:00:00,1.34908,1.35135,1.34835,1.3492,3720,20,0
2010-10-21 14:00:00,1.34922,1.35164,1.3485,1.34973,6030,21,0
2010-10-21 16:00:00,1.34971,1.35157,1.34607,1.34735,6688,21,0
2010-10-21 18:00:00,1.34731,1.34905,1.34475,1.34478,5628,19,0
2010-10-21 20:00:00,1.3448,1.34762,1.34413,1.34716,5191,30,0
2010-10-21 22:00:00,1.34715,1.34785,1.34655,1.34691,1816,30,0
2010-10-22 00:00:00,1.34689,1.34762,1.34548,1.34679,3458,36,0
2010-10-22 02:00:00,1.34681,1.34976,1.34577,1.34953,3615,33,0
2010-10-22 04:00:00,1.34952,1.34959,1.34782,1.34915,2352,30,0
2010-10-22 06:00:00,1.34913,1.35128,1.34881,1.35084,3693,24,0
2010-10-22 08:00:00,1.35082,1.35574,1.34953,1.35457,6269,21,0
2010-10-22 10:00:00,1.35463,1.35758,1.35377,1.35549,6675,20,0
2010-10-22 12:00:00,1.35554,1.35564,1.35247,1.35373,5716,20,0
2010-10-22 14:00:00,1.35372,1.35594,1.35281,1.35365,7548,22,0
2010-10-22 16:00:00,1.35364,1.36279,1.35308,1.36141,8638,21,0
2010-10-22 18:00:00,1.36143,1.36484,1.36056,1.36406,5376,20,0
2010-10-22 20:00:00,1.36407,1.36461,1.36226,1.3645,4117,30,0
2010-10-22 22:00:00,1.36447,1.36502,1.3627,1.36304,1621,37,0
2010-10-25 00:00:00,1.36298,1.36508,1.36219,1.36492,4238,37,0
2010-10-25 02:00:00,1.36487,1.36703,1.36439,1.36592,5111,36,0
2010-10-25 04:00:00,1.36593,1.36634,1.36519,1.36576,2706,31,0
2010-10-25 06:00:00,1.36584,1.36641,1.36295,1.36407,3700,17,0
2010-10-25 08:00:00,1.36406,1.36462,1.36046,1.36058,6758,19,0
2010-10-25 10:00:00,1.3606,1.36292,1.35978,1.36042,6718,20,0
2010-10-25 12:00:00,1.36039,1.3623,1.35973,1.36212,5602,20,0
2010-10-25 14:00:00,1.36211,1.36335,1.35808,1.35976,6873,21,0
2010-10-25 16:00:00,1.35978,1.36034,1.35726,1.3582,8016,19,0
2010-10-25 18:00:00,1.35818,1.35876,1.35446,1.35756,5072,18,0
2010-10-25 20:00:00,1.35754,1.35777,1.3556,1.35612,4659,30,0
2010-10-25 22:00:00,1.3561,1.35654,1.35476,1.3551,2762,30,0
2010-10-26 00:00:00,1.35512,1.35601,1.35439,1.35523,3557,31,0
2010-10-26 02:00:00,1.35522,1.357,1.35511,1.35668,4294,36,0
2010-10-26 04:00:00,1.35667,1.35667,1.35501,1.35636,3104,30,0
2010-10-26 06:00:00,1.3564,1.3577,1.3556,1.35661,3409,23,0
2010-10-26 08:00:00,1.35659,1.35903,1.35527,1.35783,7449,19,0
2010-10-26 10:00:00,1.35787,1.35813,1.35512,1.35536,7896,18,0
2010-10-26 12:00:00,1.35537,1.35633,1.35495,1.35587,6438,17,0
2010-10-26 14:00:00,1.35589,1.36271,1.35517,1.36265,9409,17,0
2010-10-26 16:00:00,1.36264,1.36605,1.36196,1.36275,8215,17,0
2010-10-26 18:00:00,1.3628,1.36862,1.3627,1.36586,6373,17,0
2010-10-26 20:00:00,1.36592,1.36658,1.36368,1.36485,5729,30,0
2010-10-26 22:00:00,1.36486,1.36505,1.36298,1.36404,2853,31,0
2010-10-27 00:00:00,1.36402,1.36428,1.36307,1.36333,4244,36,0
2010-10-27 02:00:00,1.36331,1.36557,1.36267,1.36313,6203,32,0
2010-10-27 04:00:00,1.36311,1.36436,1.36243,1.36326,4113,33,0
2010-10-27 06:00:00,1.36324,1.36423,1.362,1.36248,4101,23,0
2010-10-27 08:00:00,1.36249,1.36387,1.36069,1.36274,7679,20,0
2010-10-27 10:00:00,1.36276,1.37011,1.36242,1.36727,8608,18,0
2010-10-27 12:00:00,1.36726,1.36747,1.36299,1.36484,6608,17,0
2010-10-27 14:00:00,1.36483,1.36561,1.36322,1.36478,7140,17,0
2010-10-27 16:00:00,1.36479,1.3673,1.36298,1.36409,9221,17,0
2010-10-27 18:00:00,1.36408,1.365,1.36199,1.36356,6045,19,0
2010-10-27 20:00:00,1.36358,1.36567,1.36273,1.36399,5078,30,0
2010-10-27 22:00:00,1.36398,1.36426,1.36316,1.36345,2836,30,0
2010-10-28 00:00:00,1.3635,1.36536,1.3633,1.36465,3386,34,0
2010-10-28 02:00:00,1.36463,1.36542,1.36388,1.36492,4600,28,0
2010-10-28 04:00:00,1.36493,1.36672,1.36489,1.36603,3952,33,0
2010-10-28 06:00:00,1.36609,1.36683,1.36502,1.36616,3520,24,0
2010-10-28 08:00:00,1.36615,1.36726,1.36279,1.36295,7541,17,0
2010-10-28 10:00:00,1.36296,1.36429,1.36137,1.36384,6528,18,0
2010-10-28 12:00:00,1.36382,1.36724,1.36297,1.36485,5820,17,0
2010-10-28 14:00:00,1.36486,1.37001,1.36484,1.36674,8645,20,0
2010-10-28 16:00:00,1.36672,1.37048,1.36503,1.3697,8709,20,0
2010-10-28 18:00:00,1.36971,1.3699,1.36638,1.36802,5794,20,0
2010-10-28 20:00:00,1.36803,1.36962,1.36744,1.3694,3905,30,0
2010-10-28 22:00:00,1.36945,1.37001,1.3689,1.36946,2146,30,0
2010-10-29 00:00:00,1.36946,1.37219,1.36896,1.37219,4532,34,0
2010-10-29 02:00:00,1.3722,1.3737,1.36885,1.36916,5192,35,0
2010-10-29 04:00:00,1.36914,1.36995,1.36722,1.36888,3238,36,0
2010-10-29 06:00:00,1.36897,1.37149,1.36746,1.3676,3418,24,0
2010-10-29 08:00:00,1.36758,1.3718,1.36467,1.37048,7471,20,0
2010-10-29 10:00:00,1.37046,1.37187,1.36439,1.36555,8599,20,0
2010-10-29 12:00:00,1.36556,1.37169,1.36508,1.37142,7259,19,0
2010-10-29 14:00:00,1.37145,1.37208,1.36923,1.37007,7364,19,0
2010-10-29 16:00:00,1.3701,1.37098,1.36649,1.36851,8640,18,0
2010-10-29 18:00:00,1.36852,1.36929,1.36707,1.36919,6582,26,0
2010-10-29 20:00:00,1.36921,1.37068,1.36795,1.36986,6195,26,0
2010-11-01 00:00:00,1.37245,1.37673,1.37123,1.37553,4775,34,0
2010-11-01 02:00:00,1.37556,1.37611,1.37403,1.37517,4063,30,0
2010-11-01 04:00:00,1.37518,1.37613,1.37385,1.37502,3382,30,0
2010-11-01 06:00:00,1.37499,1.3757,1.37396,1.37423,3627,23,0
2010-11-01 08:00:00,1.37424,1.37955,1.37315,1.37687,7313,19,0
2010-11-01 10:00:00,1.37699,1.37953,1.37609,1.37796,6566,17,0
2010-11-01 12:00:00,1.37795,1.37927,1.37399,1.37495,7131,18,0
2010-11-01 14:00:00,1.37496,1.38299,1.37443,1.38266,9306,18,0
2010-11-01 16:00:00,1.38268,1.38335,1.37821,1.37847,7775,18,0
2010-11-01 18:00:00,1.37846,1.38086,1.37779,1.3778,4788,20,0
2010-11-01 20:00:00,1.37781,1.37924,1.37744,1.37774,4426,30,0
2010-11-01 22:00:00,1.37776,1.37874,1.37748,1.37845,4098,33,0
2010-11-02 00:00:00,1.37842,1.38046,1.37827,1.37902,3174,32,0
2010-11-02 02:00:00,1.37903,1.38006,1.37718,1.37834,3645,32,0
2010-11-02 04:00:00,1.37835,1.38043,1.37768,1.37965,4958,30,0
2010-11-02 06:00:00,1.37966,1.38203,1.37959,1.37985,3791,22,0
2010-11-02 08:00:00,1.37984,1.38118,1.37668,1.37701,7933,20,0
2010-11-02 10:00:00,1.377,1.3783,1.37316,1.37415,8083,18,0
2010-11-02 12:00:00,1.37414,1.37846,1.3733,1.37692,8297,18,0
2010-11-02 14:00:00,1.37689,1.37752,1.36995,1.37041,9156,20,0
2010-11-02 16:00:00,1.37044,1.37318,1.36853,1.37196,7080,20,0
2010-11-02 18:00:00,1.37194,1.37472,1.37192,1.37454,5012,23,0
2010-11-02 20:00:00,1.37453,1.37466,1.37334,1.37434,3081,30,0
2010-11-02 22:00:00,1.37436,1.3746,1.3731,1.37412,2751,34,0
2010-11-03 00:00:00,1.37409,1.37596,1.37402,1.37445,4139,31,0
2010-11-03 02:00:00,1.37444,1.3747,1.37251,1.3734,3763,32,0
2010-11-03 04:00:00,1.37341,1.37406,1.37238,1.37392,2885,33,0
2010-11-03 06:00:00,1.37394,1.37495,1.37223,1.37472,4226,24,0
2010-11-03 08:00:00,1.37473,1.37513,1.371,1.37496,7485,21,0
2010-11-03 10:00:00,1.37497,1.37672,1.37375,1.37594,7135,20,0
2010-11-03 12:00:00,1.37595,1.37681,1.37492,1.37628,7408,20,0
2010-11-03 14:00:00,1.37628,1.37662,1.3729,1.37367,8760,20,0
2010-11-03 16:00:00,1.37366,1.37475,1.37151,1.37282,8748,20,0
2010-11-03 18:00:00,1.37283,1.37659,1.37073,1.37161,10308,21,0
2010-11-03 20:00:00,1.37159,1.3741,1.37022,1.37232,7876,33,0
2010-11-03 22:00:00,1.37228,1.37354,1.37188,1.37252,3593,34,0
2010-11-04 00:00:00,1.37249,1.37358,1.37157,1.37294,6859,32,0
2010-11-04 02:00:00,1.37289,1.3753,1.37154,1.37498,4408,32,0
2010-11-04 04:00:00,1.37499,1.37574,1.37381,1.37393,4246,32,0
2010-11-04 06:00:00,1.37392,1.37422,1.37209,1.37236,3737,23,0
2010-11-04 08:00:00,1.37235,1.37655,1.37124,1.37376,9018,20,0
2010-11-04 10:00:00,1.37377,1.37958,1.37337,1.37843,9406,19,0
2010-11-04 12:00:00,1.37844,1.38032,1.37554,1.37791,9578,20,0
2010-11-04 14:00:00,1.3779,1.37844,1.36962,1.37034,10528,19,0
2010-11-04 16:00:00,1.37033,1.37103,1.3637,1.36378,9009,19,0
2010-11-04 18:00:00,1.36381,1.36474,1.35846,1.36167,6767,23,0
2010-11-04 20:00:00,1.36157,1.36254,1.36101,1.36101,4941,30,0
2010-11-04 22:00:00,1.36102,1.36243,1.36095,1.36174,1663,30,0
2010-11-05 00:00:00,1.36174,1.36332,1.36139,1.36271,3787,30,0
2010-11-05 02:00:00,1.36272,1.3631,1.36175,1.36292,3771,32,0
2010-11-05 04:00:00,1.36294,1.36307,1.36067,1.3609,3292,30,0
2010-11-05 06:00:00,1.36089,1.36106,1.35697,1.35806,4225,23,0
2010-11-05 08:00:00,1.35805,1.36275,1.35758,1.35907,8149,20,0
2010-11-05 10:00:00,1.35905,1.36,1.35098,1.35098,8799,20,0
2010-11-05 12:00:00,1.35096,1.35745,1.34813,1.35416,10259,20,0
2010-11-05 14:00:00,1.35415,1.35505,1.34983,1.34998,9539,20,0
2010-11-05 16:00:00,1.34996,1.3507,1.34394,1.34828,9735,21,0
2010-11-05 18:00:00,1.34833,1.34997,1.34796,1.34954,5173,24,0
2010-11-05 20:00:00,1.34953,1.35076,1.34851,1.34923,4518,30,0
2010-11-05 22:00:00,1.34897,1.34897,1.34882,1.34885,5,50,0
2010-11-08 00:00:00,1.35056,1.35279,1.35049,1.35243,3813,32,0
2010-11-08 02:00:00,1.35244,1.35255,1.34539,1.34723,7111,30,0
2010-11-08 04:00:00,1.34724,1.34791,1.34373,1.34772,4239,32,0
2010-11-08 06:00:00,1.34774,1.34847,1.34505,1.34635,4788,23,0
2010-11-08 08:00:00,1.3463,1.35026,1.34434,1.34681,8459,20,0
2010-11-08 10:00:00,1.34682,1.347,1.3442,1.34523,8482,20,0
2010-11-08 12:00:00,1.34518,1.34614,1.34308,1.34356,6994,21,0
2010-11-08 14:00:00,1.34357,1.34444,1.34089,1.34129,8666,18,0
2010-11-08 16:00:00,1.34131,1.34449,1.34056,1.34277,9034,17,0
2010-11-08 18:00:00,1.34278,1.34582,1.34265,1.34505,6177,20,0
2010-11-08 20:00:00,1.34506,1.34575,1.34311,1.34468,4797,30,0
2010-11-08 22:00:00,1.34471,1.34499,1.34386,1.34401,3455,30,0
2010-11-09 00:00:00,1.34405,1.3448,1.34054,1.34126,5648,32,0
2010-11-09 02:00:00,1.34125,1.34194,1.34061,1.34159,5173,32,0
2010-11-09 04:00:00,1.34157,1.34173,1.34046,1.34098,4181,32,0
2010-11-09 06:00:00,1.34099,1.34198,1.34003,1.34123,5590,24,0
2010-11-09 08:00:00,1.34124,1.3419,1.33291,1.33532,8946,20,0
2010-11-09 10:00:00,1.3353,1.33914,1.33239,1.33697,8973,20,0
2010-11-09 12:00:00,1.337,1.34373,1.33551,1.34242,7941,20,0
2010-11-09 14:00:00,1.34243,1.34285,1.33683,1.33695,8653,21,0
2010-11-09 16:00:00,1.33696,1.34016,1.33278,1.3372,9587,21,0
2010-11-09 18:00:00,1.33722,1.33732,1.33453,1.33611,7933,21,0
2010-11-09 20:00:00,1.33612,1.33711,1.33302,1.33389,7527,30,0
2010-11-09 22:00:00,1.33387,1.33412,1.33171,1.3323,4248,30,0
2010-11-10 00:00:00,1.33217,1.33448,1.33162,1.33432,5232,33,0
2010-11-10 02:00:00,1.33437,1.33521,1.33199,1.33295,6075,32,0
2010-11-10 04:00:00,1.33292,1.33454,1.33185,1.33352,5769,32,0
2010-11-10 06:00:00,1.33355,1.33732,1.33345,1.33718,4331,22,0
2010-11-10 08:00:00,1.33721,1.34183,1.33642,1.33924,8956,20,0
2010-11-10 10:00:00,1.33924,1.33978,1.3356,1.33577,8325,20,0
2010-11-10 12:00:00,1.33579,1.34262,1.33575,1.33936,8212,19,0
2010-11-10 14:00:00,1.33938,1.34092,1.32993,1.32995,9631,20,0
2010-11-10 16:00:00,1.32986,1.33727,1.32753,1.33692,9016,21,0
2010-11-10 18:00:00,1.33691,1.34002,1.33691,1.33845,7902,21,0
2010-11-10 20:00:00,1.33844,1.34065,1.3374,1.3379,6511,30,0
2010-11-10 22:00:00,1.33798,1.33862,1.33602,1.33654,3411,30,0
2010-11-11 00:00:00,1.33644,1.33863,1.33582,1.3375,5232,33,0
2010-11-11 02:00:00,1.33749,1.33973,1.33673,1.33907,5890,32,0
2010-11-11 04:00:00,1.33906,1.33931,1.33655,1.3371,4441,32,0
2010-11-11 06:00:00,1.33712,1.33765,1.33562,1.33726,3980,23,0
2010-11-11 08:00:00,1.33724,1.33848,1.331,1.33168,7994,20,0
2010-11-11 10:00:00,1.33176,1.33366,1.32941,1.33352,8117,19,0
2010-11-11 12:00:00,1.33353,1.33416,1.326,1.32654,7794,20,0
2010-11-11 14:00:00,1.32655,1.33216,1.3257,1.33153,9093,20,0
2010-11-11 16:00:00,1.33152,1.33565,1.32992,1.3348,10774,20,0
2010-11-11 18:00:00,1.33479,1.33593,1.33317,1.33445,6412,21,0
2010-11-11 20:00:00,1.33446,1.33448,1.3315,1.33196,5114,31,0
2010-11-11 22:00:00,1.33195,1.33319,1.33166,1.33222,3463,33,0
2010-11-12 00:00:00,1.33222,1.33294,1.32865,1.33097,5225,32,0
2010-11-12 02:00:00,1.33096,1.33124,1.32898,1.33002,5146,31,0
2010-11-12 04:00:00,1.33001,1.33095,1.32867,1.33053,4178,33,0
2010-11-12 06:00:00,1.33055,1.33121,1.32889,1.33085,5292,24,0
2010-11-12 08:00:00,1.33084,1.33101,1.32295,1.32949,10434,22,0
2010-11-12 10:00:00,1.32948,1.33876,1.32628,1.33701,9955,20,0
2010-11-12 12:00:00,1.337,1.33756,1.33207,1.33548,8906,22,0
2010-11-12 14:00:00,1.33546,1.34127,1.33476,1.34081,9404,21,0
2010-11-12 16:00:00,1.34082,1.34281,1.33658,1.33681,10446,21,0
2010-11-12 18:00:00,1.33682,1.34056,1.33681,1.33906,8493,22,0
2010-11-12 20:00:00,1.33904,1.34364,1.33786,1.34199,6493,30,0
2010-11-12 22:00:00,1.34197,1.34348,1.34146,1.34292,1679,36,0
2010-11-15 00:00:00,1.34106,1.34141,1.33946,1.34044,4084,31,0
2010-11-15 02:00:00,1.34049,1.34307,1.33922,1.3423,5099,30,0
2010-11-15 04:00:00,1.34229,1.34268,1.33947,1.34194,5107,32,0
2010-11-15 06:00:00,1.34195,1.34691,1.34138,1.34504,4697,22,0
2010-11-15 08:00:00,1.34507,1.34701,1.33951,1.34057,8089,17,0
2010-11-15 10:00:00,1.34049,1.34079,1.3365,1.33719,7806,20,0
2010-11-15 12:00:00,1.33721,1.34139,1.33674,1.34103,7228,19,0
2010-11-15 14:00:00,1.34101,1.34386,1.33906,1.34118,9677,21,0
2010-11-15 16:00:00,1.34117,1.34169,1.33896,1.33919,8455,16,0
2010-11-15 18:00:00,1.33922,1.33938,1.33624,1.33815,5900,18,0
2010-11-15 20:00:00,1.33816,1.33919,1.33664,1.33796,6395,30,0
2010-11-15 22:00:00,1.33792,1.33832,1.33692,1.33736,3632,32,0
2010-11-16 00:00:00,1.33736,1.33874,1.33674,1.33826,4706,32,0
2010-11-16 02:00:00,1.33827,1.33995,1.33796,1.33942,5362,32,0
2010-11-16 04:00:00,1.33941,1.34013,1.33859,1.34002,3982,32,0
2010-11-16 06:00:00,1.34001,1.34245,1.33861,1.33918,6809,22,0
2010-11-16 08:00:00,1.33916,1.34,1.33684,1.33759,9220,17,0
2010-11-16 10:00:00,1.33756,1.34087,1.33698,1.33957,9803,18,0
2010-11-16 12:00:00,1.33956,1.34165,1.33698,1.34074,9496,17,0
2010-11-16 14:00:00,1.34074,1.34344,1.33936,1.33989,11902,18,0
2010-11-16 16:00:00,1.33988,1.34326,1.33912,1.34156,11188,19,0
2010-11-16 18:00:00,1.34155,1.34322,1.33967,1.34156,10024,21,0
2010-11-16 20:00:00,1.34162,1.34403,1.34151,1.34374,7670,30,0
2010-11-16 22:00:00,1.34372,1.34407,1.34252,1.34347,4443,33,0
2010-11-17 00:00:00,1.34345,1.34452,1.34273,1.34406,6391,34,0
2010-11-17 02:00:00,1.34406,1.3463,1.34327,1.34581,6396,33,0
2010-11-17 04:00:00,1.34582,1.34665,1.3446,1.34581,4842,33,0
2010-11-17 06:00:00,1.34582,1.34634,1.34382,1.34453,5075,23,0
2010-11-17 08:00:00,1.34454,1.34514,1.34179,1.34405,9844,19,0
2010-11-17 10:00:00,1.34406,1.34558,1.34134,1.34239,8806,19,0
2010-11-17 12:00:00,1.34241,1.34394,1.34108,1.34203,8317,17,0
2010-11-17 14:00:00,1.34204,1.34362,1.33971,1.34035,10616,18,0
2010-11-17 16:00:00,1.34033,1.3413,1.3385,1.34115,10033,18,0
2010-11-17 18:00:00,1.34117,1.3417,1.3392,1.34151,7373,20,0
2010-11-17 20:00:00,1.34151,1.34221,1.34046,1.34147,5334,30,0
2010-11-17 22:00:00,1.34146,1.34187,1.34067,1.34155,3248,30,0
2010-11-18 00:00:00,1.34153,1.34319,1.34124,1.34275,6018,32,0
2010-11-18 02:00:00,1.34274,1.34445,1.34238,1.34399,6441,32,0
2010-11-18 04:00:00,1.344,1.34471,1.34369,1.34395,4993,30,0
2010-11-18 06:00:00,1.34396,1.3448,1.34218,1.34253,6383,22,0
2010-11-18 08:00:00,1.34252,1.34645,1.34207,1.34539,9607,18,0
2010-11-18 10:00:00,1.34534,1.34853,1.34466,1.34753,9727,18,0
2010-11-18 12:00:00,1.34752,1.34818,1.3455,1.34707,9560,18,0
2010-11-18 14:00:00,1.34708,1.34819,1.34505,1.34607,9413,18,0
2010-11-18 16:00:00,1.34603,1.35811,1.34603,1.35749,11653,18,0
2010-11-18 18:00:00,1.35749,1.35955,1.3572,1.35827,7121,21,0
2010-11-18 20:00:00,1.35827,1.35868,1.35681,1.35827,5386,30,0
2010-11-18 22:00:00,1.35826,1.35889,1.35806,1.35849,2111,30,0
2010-11-19 00:00:00,1.35846,1.35959,1.35822,1.35935,3391,30,0
2010-11-19 02:00:00,1.35936,1.35952,1.35757,1.35932,4906,32,0
2010-11-19 04:00:00,1.35931,1.35932,1.35513,1.35535,4972,32,0
2010-11-19 06:00:00,1.35534,1.35773,1.35496,1.35766,5149,24,0
2010-11-19 08:00:00,1.35767,1.35947,1.35638,1.35823,8728,20,0
2010-11-19 10:00:00,1.35822,1.35822,1.35396,1.3568,9853,20,0
2010-11-19 12:00:00,1.35679,1.35932,1.35625,1.35916,8196,20,0
2010-11-19 14:00:00,1.35916,1.36492,1.35896,1.36427,9676,19,0
2010-11-19 16:00:00,1.36428,1.36723,1.36155,1.36228,10575,20,0
2010-11-19 18:00:00,1.36229,1.36374,1.36082,1.36157,7437,22,0
2010-11-19 20:00:00,1.36157,1.36171,1.35699,1.35733,5414,30,0
2010-11-19 22:00:00,1.35732,1.35864,1.35592,1.35656,2214,36,0
2010-11-22 00:00:00,1.36187,1.36404,1.36173,1.36326,5125,32,0
2010-11-22 02:00:00,1.36325,1.36386,1.36249,1.3637,4091,30,0
2010-11-22 04:00:00,1.36369,1.36429,1.36323,1.36364,3317,30,0
2010-11-22 06:00:00,1.36368,1.36558,1.36324,1.36487,4052,22,0
2010-11-22 08:00:00,1.36482,1.36564,1.35932,1.35932,9208,18,0
2010-11-22 10:00:00,1.35926,1.3597,1.35752,1.35789,7516,18,0
2010-11-22 12:00:00,1.3579,1.35813,1.35089,1.35123,8574,18,0
2010-11-22 14:00:00,1.35126,1.35168,1.34773,1.35117,9698,19,0
2010-11-22 16:00:00,1.35118,1.352,1.349,1.34978,10550,19,0
2010-11-22 18:00:00,1.34977,1.35066,1.34542,1.34786,8495,20,0
2010-11-22 20:00:00,1.34785,1.34898,1.34725,1.34845,6442,30,0
2010-11-22 22:00:00,1.34845,1.34903,1.3458,1.34594,3214,30,0
2010-11-23 00:00:00,1.34594,1.3468,1.34266,1.34355,5927,33,0
2010-11-23 02:00:00,1.34355,1.34497,1.342,1.34371,6282,34,0
2010-11-23 04:00:00,1.3437,1.34423,1.34297,1.34375,3826,34,0
2010-11-23 06:00:00,1.34374,1.34526,1.33808,1.34037,7175,24,0
2010-11-23 08:00:00,1.34038,1.34459,1.33923,1.34367,10189,19,0
2010-11-23 10:00:00,1.34368,1.34624,1.34035,1.34051,9157,18,0
2010-11-23 12:00:00,1.34051,1.34096,1.33415,1.33534,9967,18,0
2010-11-23 14:00:00,1.33537,1.33695,1.32964,1.32971,11295,18,0
2010-11-23 16:00:00,1.32969,1.33424,1.32952,1.33223,12157,20,0
2010-11-23 18:00:00,1.33223,1.33386,1.33,1.33304,7338,21,0
2010-11-23 20:00:00,1.33305,1.33336,1.33108,1.33275,6837,30,0
2010-11-23 22:00:00,1.33275,1.33379,1.33222,1.33338,4152,30,0
2010-11-24 00:00:00,1.33336,1.33445,1.33199,1.33314,7205,32,0
2010-11-24 02:00:00,1.33315,1.33467,1.3324,1.33381,7097,30,0
2010-11-24 04:00:00,1.33382,1.33399,1.3325,1.33319,4692,30,0
2010-11-24 06:00:00,1.33318,1.33393,1.33227,1.3324,5064,23,0
2010-11-24 08:00:00,1.3324,1.33367,1.32641,1.32677,9546,21,0
2010-11-24 10:00:00,1.32671,1.3287,1.32412,1.32775,10973,20,0
2010-11-24 12:00:00,1.32776,1.33126,1.32738,1.32883,9820,21,0
2010-11-24 14:00:00,1.32882,1.33215,1.32613,1.32893,11429,19,0
2010-11-24 16:00:00,1.32892,1.3327,1.32716,1.3279,11067,20,0
2010-11-24 18:00:00,1.32787,1.32867,1.32678,1.32717,5980,23,0
2010-11-24 20:00:00,1.32715,1.32836,1.32605,1.32774,5711,30,0
2010-11-24 22:00:00,1.32774,1.32848,1.32726,1.32838,2271,33,0
2010-11-25 00:00:00,1.32839,1.32877,1.32631,1.32652,5434,30,0
2010-11-25 02:00:00,1.3265,1.32801,1.32582,1.32678,7354,32,0
2010-11-25 04:00:00,1.32678,1.32808,1.32613,1.32808,5948,32,0
2010-11-25 06:00:00,1.32817,1.32894,1.32707,1.32777,4555,24,0
2010-11-25 08:00:00,1.32781,1.33325,1.32762,1.33115,9277,19,0
2010-11-25 10:00:00,1.33116,1.33266,1.32909,1.33058,9551,21,0
2010-11-25 12:00:00,1.33059,1.33415,1.33048,1.33216,7091,21,0
2010-11-25 14:00:00,1.33218,1.3353,1.33156,1.33443,6993,19,0
2010-11-25 16:00:00,1.33442,1.33732,1.33379,1.33594,6461,23,0
2010-11-25 18:00:00,1.33605,1.33888,1.33586,1.33737,3181,24,0
2010-11-25 20:00:00,1.33738,1.33842,1.33497,1.33619,2244,36,0
2010-11-25 22:00:00,1.33625,1.33695,1.33489,1.33491,1920,33,0
2010-11-26 00:00:00,1.33496,1.33508,1.33322,1.33413,4382,30,0
2010-11-26 02:00:00,1.33414,1.33462,1.3331,1.33336,4726,33,0
2010-11-26 04:00:00,1.33335,1.33338,1.33055,1.33145,6390,33,0
2010-11-26 06:00:00,1.33144,1.33166,1.32851,1.33065,6894,23,0
2010-11-26 08:00:00,1.33066,1.33171,1.32755,1.32992,9405,19,0
2010-11-26 10:00:00,1.32988,1.32988,1.3241,1.32584,10520,19,0
2010-11-26 12:00:00,1.32586,1.32694,1.3235,1.32619,9461,19,0
2010-11-26 14:00:00,1.3262,1.32871,1.32415,1.32773,9738,20,0
2010-11-26 16:00:00,1.32773,1.32935,1.32527,1.32628,8809,19,0
2010-11-26 18:00:00,1.3263,1.32794,1.32512,1.32644,4682,19,0
2010-11-26 20:00:00,1.32643,1.32906,1.32578,1.32817,2646,35,0
2010-11-26 22:00:00,1.32818,1.32849,1.32788,1.32796,891,41,0
2010-11-29 00:00:00,1.33141,1.33232,1.32418,1.32443,6607,35,0
2010-11-29 02:00:00,1.32443,1.32501,1.32202,1.32303,6388,35,0
2010-11-29 04:00:00,1.32303,1.32477,1.32226,1.32326,5391,33,0
2010-11-29 06:00:00,1.32326,1.32561,1.32312,1.32531,4775,24,0
2010-11-29 08:00:00,1.32529,1.32877,1.32434,1.32765,9082,17,0
2010-11-29 10:00:00,1.32765,1.32816,1.32058,1.32135,9656,17,0
2010-11-29 12:00:00,1.32134,1.32134,1.3178,1.318,9129,17,0
2010-11-29 14:00:00,1.31801,1.3191,1.31279,1.3131,10383,17,0
2010-11-29 16:00:00,1.31308,1.31414,1.31009,1.31092,10546,17,0
2010-11-29 18:00:00,1.3109,1.31274,1.31044,1.31208,7353,18,0
2010-11-29 20:00:00,1.31209,1.3128,1.31149,1.31218,4853,30,0
2010-11-29 22:00:00,1.31217,1.31294,1.31109,1.31194,3739,30,0
2010-11-30 00:00:00,1.31197,1.31292,1.31082,1.31168,5187,31,0
2010-11-30 02:00:00,1.31169,1.31303,1.30982,1.31212,6761,32,0
2010-11-30 04:00:00,1.31211,1.31227,1.30799,1.30964,6532,32,0
2010-11-30 06:00:00,1.30961,1.31143,1.30941,1.31004,5151,23,0
2010-11-30 08:00:00,1.31002,1.31002,1.30029,1.30195,11341,21,0
2010-11-30 10:00:00,1.30168,1.30277,1.29757,1.30188,10989,21,0
2010-11-30 12:00:00,1.30188,1.30242,1.29776,1.29841,9651,21,0
2010-11-30 14:00:00,1.29838,1.30079,1.29605,1.30074,11407,19,0
2010-11-30 16:00:00,1.30066,1.3028,1.29324,1.3015,12246,20,0
2010-11-30 18:00:00,1.30155,1.30631,1.30092,1.30388,8903,19,0
2010-11-30 20:00:00,1.30388,1.3052,1.30262,1.30266,6990,30,0
2010-11-30 22:00:00,1.30265,1.30398,1.30204,1.30279,4292,30,0
2010-12-01 00:00:00,1.30283,1.30324,1.30229,1.30305,5250,32,0
2010-12-01 02:00:00,1.30308,1.30364,1.301,1.30259,6140,32,0
2010-12-01 04:00:00,1.30261,1.30376,1.30112,1.30352,6587,32,0
2010-12-01 06:00:00,1.30352,1.30798,1.30212,1.30722,6318,24,0
2010-12-01 08:00:00,1.30718,1.31593,1.30651,1.31452,10738,21,0
2010-12-01 10:00:00,1.31455,1.31729,1.31124,1.31699,10581,19,0
2010-12-01 12:00:00,1.317,1.31843,1.31489,1.31651,9217,18,0
2010-12-01 14:00:00,1.31652,1.31831,1.31463,1.31653,11649,19,0
2010-12-01 16:00:00,1.31655,1.31716,1.31002,1.31438,11899,17,0
2010-12-01 18:00:00,1.31432,1.31889,1.31327,1.31693,9914,19,0
2010-12-01 20:00:00,1.31694,1.31803,1.31603,1.31758,6974,30,0
2010-12-01 22:00:00,1.31759,1.31791,1.31611,1.31616,3719,32,0
2010-12-02 00:00:00,1.31634,1.31714,1.31517,1.31652,7255,34,0
2010-12-02 02:00:00,1.31652,1.31754,1.31608,1.31608,5257,30,0
2010-12-02 04:00:00,1.31607,1.31691,1.31545,1.31686,4985,30,0
2010-12-02 06:00:00,1.31687,1.3192,1.31633,1.3175,5452,23,0
2010-12-02 08:00:00,1.3175,1.31879,1.315,1.31627,9616,18,0
2010-12-02 10:00:00,1.31627,1.32045,1.31608,1.31794,11019,17,0
2010-12-02 12:00:00,1.31794,1.31916,1.31645,1.31794,8749,18,0
2010-12-02 14:00:00,1.31795,1.31795,1.30698,1.31343,12250,18,0
2010-12-02 16:00:00,1.31344,1.31596,1.3072,1.30975,12746,19,0
2010-12-02 18:00:00,1.30976,1.31153,1.30841,1.30945,7942,23,0
2010-12-02 20:00:00,1.30947,1.31299,1.30922,1.31275,5959,30,0
2010-12-02 22:00:00,1.31276,1.31294,1.31088,1.31185,3627,30,0
2010-12-03 00:00:00,1.31177,1.31215,1.31058,1.31129,6121,32,0
2010-12-03 02:00:00,1.3113,1.31287,1.31105,1.31274,6116,30,0
2010-12-03 04:00:00,1.31278,1.31297,1.31204,1.31245,3727,30,0
2010-12-03 06:00:00,1.31244,1.31397,1.31226,1.313,4401,21,0
2010-12-03 08:00:00,1.31301,1.31405,1.30841,1.31041,8617,17,0
2010-12-03 10:00:00,1.3104,1.31674,1.30898,1.31668,9807,18,0
2010-12-03 12:00:00,1.31668,1.3169,1.31405,1.31494,8104,18,0
2010-12-03 14:00:00,1.31498,1.31593,1.30452,1.30823,12839,18,0
2010-12-03 16:00:00,1.30816,1.30964,1.30508,1.3051,11322,17,0
2010-12-03 18:00:00,1.30511,1.30739,1.305,1.30679,6893,21,0
2010-12-03 20:00:00,1.3068,1.30948,1.30529,1.30818,6291,30,0
2010-12-03 22:00:00,1.30819,1.30949,1.30587,1.30596,2473,35,0
2010-12-06 00:00:00,1.30775,1.30935,1.30483,1.30565,6511,33,0
2010-12-06 02:00:00,1.30562,1.3067,1.30341,1.30351,5465,32,0
2010-12-06 04:00:00,1.30347,1.30493,1.30222,1.30434,4561,30,0
2010-12-06 06:00:00,1.30435,1.30523,1.30207,1.30231,4127,25,0
2010-12-06 08:00:00,1.30228,1.30338,1.3001,1.30074,9934,17,0
2010-12-06 10:00:00,1.30074,1.30461,1.30064,1.30333,9914,19,0
2010-12-06 12:00:00,1.30333,1.30877,1.30332,1.3082,9659,19,0
2010-12-06 14:00:00,1.30821,1.31128,1.30514,1.30973,10516,19,0
2010-12-06 16:00:00,1.30972,1.31168,1.30548,1.30732,10071,21,0
2010-12-06 18:00:00,1.30734,1.30804,1.30599,1.30673,7194,20,0
2010-12-06 20:00:00,1.30673,1.30808,1.30664,1.30712,5126,30,0
2010-12-06 22:00:00,1.30714,1.30726,1.30576,1.30689,3969,30,0
2010-12-07 00:00:00,1.30693,1.30693,1.30411,1.3056,4804,30,0
2010-12-07 02:00:00,1.30558,1.30711,1.30405,1.30693,4851,30,0
2010-12-07 04:00:00,1.30693,1.30902,1.30693,1.30754,5275,30,0
2010-12-07 06:00:00,1.30753,1.30811,1.30626,1.30811,3948,24,0
2010-12-07 08:00:00,1.30812,1.3085,1.30418,1.30654,9488,17,0
2010-12-07 10:00:00,1.30654,1.30783,1.30586,1.30631,9355,16,0
2010-12-07 12:00:00,1.30628,1.30795,1.3055,1.30736,8079,17,0
2010-12-07 14:00:00,1.30737,1.31075,1.30598,1.31062,10941,16,0
2010-12-07 16:00:00,1.31065,1.31158,1.30863,1.30948,11597,17,0
2010-12-07 18:00:00,1.30949,1.3108,1.30824,1.31066,9310,19,0
2010-12-07 20:00:00,1.31069,1.31207,1.30976,1.31062,8183,30,0
2010-12-07 22:00:00,1.31063,1.31081,1.30892,1.31001,4480,30,0
2010-12-08 00:00:00,1.31009,1.31045,1.30768,1.30906,6089,32,0
2010-12-08 02:00:00,1.30905,1.31038,1.30708,1.30742,5933,32,0
2010-12-08 04:00:00,1.30744,1.30905,1.30688,1.30896,5829,32,0
2010-12-08 06:00:00,1.30895,1.30921,1.3075,1.3089,5195,21,0
2010-12-08 08:00:00,1.30888,1.30898,1.30502,1.3062,9329,18,0
2010-12-08 10:00:00,1.30623,1.30703,1.30297,1.30673,9784,19,0
2010-12-08 12:00:00,1.30674,1.30802,1.30562,1.3058,8817,19,0
2010-12-08 14:00:00,1.30581,1.3082,1.30518,1.30722,10993,19,0
2010-12-08 16:00:00,1.30722,1.30869,1.30538,1.30811,10555,19,0
2010-12-08 18:00:00,1.30807,1.30884,1.3058,1.30755,7933,20,0
2010-12-08 20:00:00,1.30753,1.30858,1.30726,1.30818,6806,30,0
2010-12-08 22:00:00,1.30819,1.30837,1.30719,1.3076,3265,30,0
2010-12-09 00:00:00,1.30768,1.30805,1.30632,1.30632,5915,30,0
2010-12-09 02:00:00,1.30633,1.30976,1.306,1.30897,5998,31,0
2010-12-09 04:00:00,1.30896,1.30976,1.3078,1.30857,5816,31,0
2010-12-09 06:00:00,1.30858,1.3088,1.30726,1.308,4074,21,0
2010-12-09 08:00:00,1.30799,1.30878,1.30492,1.30529,7790,20,0
2010-12-09 10:00:00,1.30528,1.30708,1.30387,1.30561,9606,19,0
2010-12-09 12:00:00,1.3056,1.3067,1.30389,1.30456,8182,19,0
2010-12-09 14:00:00,1.30455,1.30651,1.30314,1.30332,9471,20,0
2010-12-09 16:00:00,1.30331,1.30334,1.29772,1.30023,10484,20,0
2010-12-09 18:00:00,1.30018,1.30289,1.29866,1.30191,7811,20,0
2010-12-09 20:00:00,1.3019,1.30254,1.30022,1.30203,5528,30,0
2010-12-09 22:00:00,1.30205,1.30231,1.301,1.30113,3736,30,0
2010-12-10 00:00:00,1.30113,1.30223,1.30036,1.30074,4443,33,0
2010-12-10 02:00:00,1.30074,1.30221,1.30047,1.30172,3831,32,0
2010-12-10 04:00:00,1.30171,1.30278,1.30144,1.30195,5962,31,0
2010-12-10 06:00:00,1.30194,1.30304,1.30157,1.3026,3998,21,0
2010-12-10 08:00:00,1.30261,1.30319,1.29814,1.29927,7056,17,0
2010-12-10 10:00:00,1.2993,1.30064,1.29864,1.29985,7992,19,0
2010-12-10 12:00:00,1.29986,1.30068,1.29881,1.2999,7701,18,0
2010-12-10 14:00:00,1.2999,1.30065,1.29845,1.29861,9450,18,0
2010-12-10 16:00:00,1.29863,1.29886,1.29589,1.29728,9354,17,0
2010-12-10 18:00:00,1.29726,1.29883,1.29656,1.29731,6502,19,0
2010-12-10 20:00:00,1.29732,1.29869,1.29649,1.2965,5126,30,0
2010-12-10 22:00:00,1.29651,1.2977,1.29609,1.29738,1557,33,0
2010-12-13 00:00:00,1.29594,1.29721,1.29496,1.29499,2711,32,0
2010-12-13 02:00:00,1.29496,1.29681,1.29469,1.29643,3328,32,0
2010-12-13 04:00:00,1.29644,1.29875,1.29602,1.2973,3455,32,0
2010-12-13 06:00:00,1.29731,1.29854,1.29673,1.29763,3309,23,0
2010-12-13 08:00:00,1.29761,1.30052,1.29625,1.29665,8066,17,0
2010-12-13 10:00:00,1.29663,1.29774,1.29566,1.2968,8053,17,0
2010-12-13 12:00:00,1.2968,1.29951,1.29662,1.29871,9312,17,0
2010-12-13 14:00:00,1.29869,1.29929,1.29608,1.29641,9799,17,0
2010-12-13 16:00:00,1.29626,1.29684,1.29138,1.29457,10510,16,0
2010-12-13 18:00:00,1.29455,1.29753,1.29354,1.29692,7913,19,0
2010-12-13 20:00:00,1.29692,1.29781,1.29579,1.29609,4963,30,0
2010-12-13 22:00:00,1.2961,1.29672,1.29583,1.29626,3208,30,0
2010-12-14 00:00:00,1.29621,1.29678,1.29482,1.29497,3831,30,0
2010-12-14 02:00:00,1.29496,1.29742,1.29486,1.29723,6238,32,0
2010-12-14 04:00:00,1.2972,1.29759,1.29607,1.29649,5966,32,0
2010-12-14 06:00:00,1.29648,1.29786,1.29615,1.29753,3739,23,0
2010-12-14 08:00:00,1.29772,1.30017,1.29724,1.29778,9382,17,0
2010-12-14 10:00:00,1.2978,1.29803,1.29469,1.29602,9355,17,0
2010-12-14 12:00:00,1.29605,1.29616,1.2932,1.29376,8657,19,0
2010-12-14 14:00:00,1.2936,1.29408,1.28657,1.28824,9389,16,0
2010-12-14 16:00:00,1.28825,1.28948,1.28365,1.28715,8776,19,0
2010-12-14 18:00:00,1.28717,1.28729,1.2836,1.28443,6504,22,0
2010-12-14 20:00:00,1.28442,1.28532,1.28301,1.28407,7177,30,0
2010-12-14 22:00:00,1.28406,1.28448,1.28317,1.28385,3159,30,0
2010-12-15 00:00:00,1.28383,1.2844,1.28294,1.28369,4628,30,0
2010-12-15 02:00:00,1.2837,1.2849,1.28365,1.28429,4033,30,0
2010-12-15 04:00:00,1.28429,1.285,1.28355,1.28392,3419,30,0
2010-12-15 06:00:00,1.28392,1.28449,1.28049,1.28178,5930,20,0
2010-12-15 08:00:00,1.28179,1.28318,1.2783,1.27975,9608,17,0
2010-12-15 10:00:00,1.27974,1.2812,1.27578,1.28016,10281,20,0
2010-12-15 12:00:00,1.28017,1.28296,1.27995,1.28137,8987,19,0
2010-12-15 14:00:00,1.28138,1.2838,1.27966,1.28066,9191,20,0
2010-12-15 16:00:00,1.2807,1.28257,1.27924,1.28003,8960,19,0
2010-12-15 18:00:00,1.28002,1.28166,1.27804,1.28109,8161,22,0
2010-12-15 20:00:00,1.28107,1.2822,1.27876,1.27978,6995,20,0
2010-12-15 22:00:00,1.27978,1.27986,1.27812,1.27886,3766,30,0
2010-12-16 00:00:00,1.27881,1.27945,1.27848,1.27905,3587,29,0
2010-12-16 02:00:00,1.27905,1.28011,1.27868,1.27948,4117,31,0
2010-12-16 04:00:00,1.27947,1.27972,1.27796,1.27802,3193,30,0
2010-12-16 06:00:00,1.27801,1.27907,1.27726,1.27815,4338,17,0
2010-12-16 08:00:00,1.27816,1.28685,1.2781,1.28161,9706,20,0
2010-12-16 10:00:00,1.28017,1.28437,1.28004,1.28322,9160,18,0
2010-12-16 12:00:00,1.2832,1.28624,1.28269,1.28472,7877,19,0
2010-12-16 14:00:00,1.28472,1.2856,1.28253,1.28336,6473,9,0
2010-12-16 16:00:00,1.28335,1.28455,1.27382,1.27538,10915,19,0
2010-12-16 18:00:00,1.27537,1.27858,1.27489,1.277,7265,21,0
2010-12-16 20:00:00,1.27701,1.27782,1.27582,1.27666,5252,30,0
2010-12-16 22:00:00,1.27664,1.27797,1.2763,1.27709,3479,30,0
2010-12-17 00:00:00,1.27732,1.27798,1.27627,1.27712,5027,31,0
2010-12-17 02:00:00,1.27711,1.27785,1.27578,1.27683,4990,31,0
2010-12-17 04:00:00,1.27683,1.27743,1.27494,1.27543,4849,30,0
2010-12-17 06:00:00,1.27544,1.27699,1.27328,1.27466,5287,15,0
2010-12-17 08:00:00,1.27472,1.27867,1.27196,1.27658,9667,20,0
2010-12-17 10:00:00,1.27647,1.279,1.27511,1.27687,9950,20,0
2010-12-17 12:00:00,1.27687,1.27916,1.2735,1.27417,9979,20,0
2010-12-17 14:00:00,1.27418,1.27871,1.2726,1.27821,10434,16,0
2010-12-17 16:00:00,1.2782,1.27842,1.27481,1.27695,11377,19,0
2010-12-17 18:00:00,1.27695,1.27793,1.27507,1.27686,6833,22,0
2010-12-17 20:00:00,1.27687,1.27922,1.27425,1.27913,4624,30,0
2010-12-17 22:00:00,1.27914,1.27952,1.27754,1.27782,2054,32,0
2010-12-20 00:00:00,1.27744,1.27771,1.27422,1.27476,5216,33,0
2010-12-20 02:00:00,1.27475,1.27527,1.27351,1.27489,5555,32,0
2010-12-20 04:00:00,1.27487,1.27557,1.27226,1.2751,3773,30,0
2010-12-20 06:00:00,1.27511,1.27595,1.27304,1.27311,4316,22,0
2010-12-20 08:00:00,1.2731,1.27402,1.2715,1.27237,8335,20,0
2010-12-20 10:00:00,1.27238,1.27301,1.2702,1.27204,8659,17,0
2010-12-20 12:00:00,1.27204,1.27268,1.26831,1.26903,8348,19,0
2010-12-20 14:00:00,1.26901,1.2708,1.26758,1.26985,8987,18,0
2010-12-20 16:00:00,1.26985,1.2702,1.26353,1.26489,9860,17,0
2010-12-20 18:00:00,1.2649,1.26798,1.26479,1.2668,6046,19,0
2010-12-20 20:00:00,1.2668,1.26776,1.26605,1.26635,4574,32,0
2010-12-20 22:00:00,1.26633,1.26679,1.26506,1.26611,3056,30,0
2010-12-21 00:00:00,1.26613,1.26666,1.2641,1.26499,4346,30,0
2010-12-21 02:00:00,1.26501,1.27118,1.26493,1.26944,6825,31,0
2010-12-21 04:00:00,1.26944,1.26949,1.26754,1.26755,4577,33,0
2010-12-21 06:00:00,1.26754,1.26857,1.26717,1.26824,3989,24,0
2010-12-21 08:00:00,1.26822,1.27089,1.26355,1.26489,9395,19,0
2010-12-21 10:00:00,1.26488,1.26616,1.26153,1.26277,7892,18,0
2010-12-21 12:00:00,1.26277,1.26398,1.26187,1.26249,6802,18,0
2010-12-21 14:00:00,1.26249,1.26284,1.25957,1.26062,9163,17,0
2010-12-21 16:00:00,1.26061,1.26084,1.25602,1.25851,8989,16,0
2010-12-21 18:00:00,1.2585,1.25916,1.2545,1.25645,7280,22,0
2010-12-21 20:00:00,1.25643,1.25666,1.25495,1.25569,4259,30,0
2010-12-21 22:00:00,1.2557,1.25621,1.25469,1.25528,3197,30,0
2010-12-22 00:00:00,1.25528,1.25602,1.25323,1.2557,5564,33,0
2010-12-22 02:00:00,1.25571,1.25684,1.25508,1.2561,3819,30,0
2010-12-22 04:00:00,1.25612,1.2582,1.25581,1.25802,3144,30,0
2010-12-22 06:00:00,1.25809,1.25818,1.25509,1.25538,4166,23,0
2010-12-22 08:00:00,1.25542,1.25553,1.25106,1.25119,8037,21,0
2010-12-22 10:00:00,1.25122,1.25571,1.24943,1.25101,8847,19,0
2010-12-22 12:00:00,1.251,1.25329,1.24986,1.25242,7484,17,0
2010-12-22 14:00:00,1.25245,1.25282,1.2494,1.25246,10130,20,0
2010-12-22 16:00:00,1.25247,1.25248,1.24449,1.24449,9276,18,0
2010-12-22 18:00:00,1.24451,1.24804,1.24377,1.24728,5442,22,0
2010-12-22 20:00:00,1.24729,1.24738,1.2465,1.24665,3280,30,0
2010-12-22 22:00:00,1.24665,1.24745,1.24645,1.24711,2528,30,0
2010-12-23 00:00:00,1.24708,1.24824,1.24671,1.24725,2928,30,0
2010-12-23 02:00:00,1.24725,1.24757,1.24596,1.24667,2378,34,0
2010-12-23 04:00:00,1.24667,1.24865,1.24616,1.24789,2956,30,0
2010-12-23 06:00:00,1.2479,1.24979,1.24752,1.24867,4013,23,0
2010-12-23 08:00:00,1.24862,1.25132,1.24566,1.24751,8265,20,0
2010-12-23 10:00:00,1.2475,1.25081,1.24659,1.24953,7595,17,0
2010-12-23 12:00:00,1.24955,1.25726,1.24955,1.25678,9050,15,0
2010-12-23 14:00:00,1.25677,1.25708,1.25256,1.256,9271,21,0
2010-12-23 16:00:00,1.25599,1.26377,1.25447,1.26023,8782,21,0
2010-12-23 18:00:00,1.26021,1.26069,1.25717,1.25831,4740,23,0
2010-12-23 20:00:00,1.25825,1.25872,1.25725,1.2575,3421,32,0
2010-12-23 22:00:00,1.25749,1.25812,1.25668,1.25735,2440,38,0
2010-12-24 00:00:00,1.25733,1.25771,1.25581,1.25596,1839,36,0
2010-12-24 02:00:00,1.25595,1.25701,1.25494,1.25696,2462,36,0
2010-12-24 04:00:00,1.25695,1.25702,1.25451,1.25672,1555,35,0
2010-12-24 06:00:00,1.25678,1.25842,1.25562,1.25767,2133,28,0
2010-12-24 08:00:00,1.25765,1.26562,1.25714,1.26507,4260,24,0
2010-12-24 10:00:00,1.26508,1.26508,1.25956,1.2626,4998,25,0
2010-12-24 12:00:00,1.26259,1.2633,1.2601,1.26257,3813,24,0
2010-12-24 14:00:00,1.26258,1.26317,1.26082,1.26141,2395,21,0
2010-12-24 16:00:00,1.26143,1.26154,1.26058,1.2615,1319,25,0
2010-12-24 18:00:00,1.26152,1.2628,1.2614,1.26232,1294,28,0
2010-12-24 20:00:00,1.26247,1.26297,1.26227,1.26247,1044,48,0
2010-12-24 22:00:00,1.26245,1.26284,1.26226,1.26267,341,50,0
2010-12-27 00:00:00,1.26028,1.26204,1.25985,1.26088,3024,30,0
2010-12-27 02:00:00,1.26087,1.26187,1.26073,1.26132,3280,30,0
2010-12-27 04:00:00,1.26131,1.26214,1.26105,1.26125,2458,31,0
2010-12-27 06:00:00,1.26132,1.26264,1.2609,1.26127,3064,22,0
2010-12-27 08:00:00,1.26128,1.26223,1.25966,1.26223,4664,18,0
2010-12-27 10:00:00,1.26225,1.26973,1.26223,1.26721,5249,18,0
2010-12-27 12:00:00,1.26719,1.26791,1.26344,1.26347,4741,23,0
2010-12-27 14:00:00,1.26346,1.26656,1.26195,1.26582,5883,22,0
2010-12-27 16:00:00,1.26584,1.26638,1.26248,1.26544,4652,21,0
2010-12-27 18:00:00,1.2654,1.2659,1.2629,1.26434,3658,23,0
2010-12-27 20:00:00,1.26428,1.26434,1.26211,1.26386,3796,32,0
2010-12-27 22:00:00,1.26386,1.26455,1.26293,1.26361,2370,32,0
2010-12-28 00:00:00,1.26361,1.26646,1.26312,1.26593,4417,34,0
2010-12-28 02:00:00,1.26585,1.26592,1.26476,1.26506,3185,34,0
2010-12-28 04:00:00,1.26505,1.26623,1.2647,1.26518,3218,30,0
2010-12-28 06:00:00,1.26519,1.26526,1.26258,1.26398,3557,22,0
2010-12-28 08:00:00,1.26406,1.26406,1.25626,1.25943,6183,23,0
2010-12-28 10:00:00,1.25941,1.25951,1.2488,1.2529,6706,20,0
2010-12-28 12:00:00,1.25289,1.25607,1.25199,1.25234,6920,24,0
2010-12-28 14:00:00,1.25221,1.25306,1.2488,1.25145,8455,24,0
2010-12-28 16:00:00,1.25146,1.25167,1.24763,1.24858,6692,19,0
2010-12-28 18:00:00,1.24857,1.24858,1.24509,1.24714,4444,24,0
2010-12-28 20:00:00,1.24708,1.24932,1.24702,1.24823,4524,30,0
2010-12-28 22:00:00,1.24822,1.24915,1.24763,1.24795,2327,32,0
2010-12-29 00:00:00,1.24788,1.24791,1.24558,1.24624,3627,35,0
2010-12-29 02:00:00,1.24623,1.25008,1.24621,1.25008,3479,31,0
2010-12-29 04:00:00,1.25011,1.25012,1.24813,1.24853,2179,30,0
2010-12-29 06:00:00,1.24861,1.24961,1.24808,1.24954,2535,23,0
2010-12-29 08:00:00,1.24955,1.25172,1.24802,1.25057,6223,21,0
2010-12-29 10:00:00,1.25056,1.25121,1.24849,1.24854,5241,23,0
2010-12-29 12:00:00,1.24859,1.24981,1.24598,1.24935,5958,22,0
2010-12-29 14:00:00,1.24939,1.24976,1.24704,1.24913,6690,23,0
2010-12-29 16:00:00,1.24906,1.2527,1.24797,1.25184,7873,21,0
2010-12-29 18:00:00,1.25175,1.25411,1.25094,1.25289,5819,24,0
2010-12-29 20:00:00,1.25291,1.25296,1.24993,1.25174,4062,30,0
2010-12-29 22:00:00,1.25173,1.25175,1.24757,1.24782,2494,30,0
2010-12-30 00:00:00,1.24782,1.24952,1.24777,1.24862,3212,30,0
2010-12-30 02:00:00,1.24863,1.25044,1.24715,1.24852,3521,30,0
2010-12-30 04:00:00,1.24862,1.24877,1.24627,1.24711,2414,30,0
2010-12-30 06:00:00,1.24702,1.24924,1.2467,1.24787,3649,21,0
2010-12-30 08:00:00,1.24786,1.24861,1.24015,1.24544,7579,22,0
2010-12-30 10:00:00,1.24546,1.2457,1.24147,1.24387,8405,24,0
2010-12-30 12:00:00,1.24392,1.24638,1.24257,1.24565,6666,24,0
2010-12-30 14:00:00,1.24565,1.25017,1.24521,1.25011,9325,24,0
2010-12-30 16:00:00,1.25006,1.25016,1.24239,1.24336,7920,22,0
2010-12-30 18:00:00,1.2433,1.24472,1.24234,1.24461,4596,25,0
2010-12-30 20:00:00,1.24461,1.24471,1.2427,1.24295,3988,30,0
2010-12-30 22:00:00,1.24295,1.2432,1.24197,1.24247,2045,30,0
2010-12-31 00:00:00,1.24263,1.24319,1.24192,1.24281,2019,30,0
2010-12-31 02:00:00,1.2428,1.24664,1.2428,1.24546,4555,30,0
2010-12-31 04:00:00,1.24547,1.24857,1.24547,1.24712,3635,35,0
2010-12-31 06:00:00,1.2471,1.24991,1.24648,1.24931,4282,26,0
2010-12-31 08:00:00,1.24943,1.25418,1.24808,1.24958,6268,21,0
2010-12-31 10:00:00,1.24957,1.25365,1.24957,1.25103,6039,22,0
2010-12-31 12:00:00,1.25102,1.25376,1.2497,1.24982,5017,25,0
2010-12-31 14:00:00,1.24983,1.25082,1.24759,1.24888,5483,24,0
2010-12-31 16:00:00,1.24888,1.25695,1.24746,1.25111,7395,24,0
2010-12-31 18:00:00,1.25113,1.25138,1.24737,1.24816,2776,28,0
2010-12-31 20:00:00,1.24805,1.24974,1.24682,1.24822,920,30,0
2010-12-31 22:00:00,1.24805,1.25085,1.24773,1.25027,228,70,0
2011-01-03 00:00:00,1.24619,1.24669,1.24442,1.24612,4417,33,0
2011-01-03 02:00:00,1.24612,1.24632,1.24281,1.24368,4597,35,0
2011-01-03 04:00:00,1.24367,1.24405,1.24287,1.24336,3124,30,0
2011-01-03 06:00:00,1.24331,1.24452,1.24287,1.2445,3159,20,0
2011-01-03 08:00:00,1.24451,1.24581,1.24139,1.24577,7088,20,0
2011-01-03 10:00:00,1.24578,1.24709,1.24413,1.24705,6915,26,0
2011-01-03 12:00:00,1.24704,1.24755,1.24444,1.2467,7079,23,0
2011-01-03 14:00:00,1.24673,1.24943,1.2462,1.24754,8671,19,0
2011-01-03 16:00:00,1.24753,1.24904,1.24433,1.24732,9754,20,0
2011-01-03 18:00:00,1.24733,1.24885,1.24677,1.24746,4465,21,0
2011-01-03 20:00:00,1.24747,1.24824,1.24631,1.24713,4292,30,0
2011-01-03 22:00:00,1.24714,1.24728,1.24627,1.24663,1911,30,0
2011-01-04 00:00:00,1.24667,1.24817,1.2454,1.24643,3555,32,0
2011-01-04 02:00:00,1.24646,1.24919,1.2457,1.24882,4770,30,0
2011-01-04 04:00:00,1.24885,1.25004,1.24852,1.24958,4459,30,0
2011-01-04 06:00:00,1.24957,1.2528,1.24923,1.25046,6170,23,0
2011-01-04 08:00:00,1.25044,1.25975,1.24937,1.25796,10321,20,0
2011-01-04 10:00:00,1.25794,1.26531,1.25789,1.26531,9580,20,0
2011-01-04 12:00:00,1.26532,1.26819,1.26353,1.26648,8705,20,0
2011-01-04 14:00:00,1.26652,1.26811,1.2643,1.26478,10115,20,0
2011-01-04 16:00:00,1.2648,1.26521,1.26068,1.26141,11696,15,0
2011-01-04 18:00:00,1.26137,1.26456,1.25867,1.26421,8091,19,0
2011-01-04 20:00:00,1.26426,1.26535,1.26124,1.26168,5616,30,0
2011-01-04 22:00:00,1.26162,1.26259,1.26131,1.26162,2397,30,0
2011-01-05 00:00:00,1.26159,1.2626,1.25922,1.26003,4280,32,0
2011-01-05 02:00:00,1.26002,1.26011,1.25812,1.25975,4699,30,0
2011-01-05 04:00:00,1.25974,1.26118,1.25952,1.25977,3153,30,0
2011-01-05 06:00:00,1.25972,1.26288,1.25949,1.26041,6031,20,0
2011-01-05 08:00:00,1.26043,1.26263,1.25822,1.2598,9111,22,0
2011-01-05 10:00:00,1.25981,1.26233,1.25884,1.25905,8843,18,0
2011-01-05 12:00:00,1.25906,1.26297,1.25688,1.26061,8612,21,0
2011-01-05 14:00:00,1.2606,1.26818,1.26025,1.26798,12514,19,0
2011-01-05 16:00:00,1.26803,1.27117,1.26695,1.2703,11852,18,0
2011-01-05 18:00:00,1.27031,1.27229,1.27009,1.27134,7009,19,0
2011-01-05 20:00:00,1.27135,1.27247,1.27034,1.27042,6116,30,0
2011-01-05 22:00:00,1.27041,1.27072,1.26961,1.26998,2538,30,0
2011-01-06 00:00:00,1.27002,1.2722,1.26974,1.27127,4163,32,0
2011-01-06 02:00:00,1.27125,1.27215,1.27024,1.27169,4630,30,0
2011-01-06 04:00:00,1.27168,1.27208,1.26993,1.27017,4465,32,0
2011-01-06 06:00:00,1.27017,1.27133,1.26988,1.27036,4457,22,0
2011-01-06 08:00:00,1.27035,1.272,1.26861,1.26905,8397,21,0
2011-01-06 10:00:00,1.26906,1.27118,1.26672,1.27098,8928,20,0
2011-01-06 12:00:00,1.27101,1.27168,1.26666,1.26754,7069,20,0
2011-01-06 14:00:00,1.26753,1.2688,1.26084,1.26481,10011,17,0
2011-01-06 16:00:00,1.2648,1.26519,1.25223,1.25466,10070,18,0
2011-01-06 18:00:00,1.25465,1.25715,1.25447,1.25601,6969,19,0
2011-01-06 20:00:00,1.25601,1.25628,1.25466,1.25575,4755,30,0
2011-01-06 22:00:00,1.25573,1.25626,1.25399,1.25505,3226,31,0
2011-01-07 00:00:00,1.25503,1.25573,1.25318,1.25493,4789,31,0
2011-01-07 02:00:00,1.25493,1.25626,1.25314,1.25482,4879,31,0
2011-01-07 04:00:00,1.25483,1.25614,1.25325,1.25468,4553,31,0
2011-01-07 06:00:00,1.25468,1.25522,1.25346,1.25517,4502,22,0
2011-01-07 08:00:00,1.25522,1.25522,1.24906,1.25029,9018,21,0
2011-01-07 10:00:00,1.25029,1.25237,1.24914,1.24936,8324,20,0
2011-01-07 12:00:00,1.24934,1.25131,1.24827,1.24983,7507,18,0
2011-01-07 14:00:00,1.24991,1.25596,1.24848,1.25225,12955,17,0
2011-01-07 16:00:00,1.25227,1.254,1.24877,1.24908,11888,20,0
2011-01-07 18:00:00,1.24906,1.25,1.24477,1.24908,7552,22,0
2011-01-07 20:00:00,1.24908,1.24994,1.24795,1.24834,4585,30,0
2011-01-07 22:00:00,1.24831,1.2493,1.24779,1.24806,1407,36,0
2011-01-10 00:00:00,1.24866,1.2487,1.24597,1.24751,3467,34,0
2011-01-10 02:00:00,1.2475,1.24837,1.2446,1.24496,4371,35,0
2011-01-10 04:00:00,1.24498,1.24525,1.24423,1.24505,3216,33,0
2011-01-10 06:00:00,1.2451,1.24578,1.24392,1.24427,2995,20,0
2011-01-10 08:00:00,1.24426,1.24565,1.24336,1.24417,8725,17,0
2011-01-10 10:00:00,1.24417,1.24692,1.24376,1.24575,8769,18,0
2011-01-10 12:00:00,1.24581,1.24771,1.2445,1.24531,8564,20,0
2011-01-10 14:00:00,1.24528,1.25561,1.24517,1.25497,10619,19,0
2011-01-10 16:00:00,1.25494,1.25621,1.253,1.25347,11260,20,0
2011-01-10 18:00:00,1.25376,1.25509,1.25154,1.25493,6652,19,0
2011-01-10 20:00:00,1.25491,1.25491,1.25271,1.25291,3734,30,0
2011-01-10 22:00:00,1.2529,1.25338,1.25207,1.25289,2502,31,0
2011-01-11 00:00:00,1.25292,1.25319,1.25171,1.25238,4238,32,0
2011-01-11 02:00:00,1.2524,1.25806,1.25156,1.25417,7144,32,0
2011-01-11 04:00:00,1.25415,1.25514,1.25188,1.25364,3552,30,0
2011-01-11 06:00:00,1.25362,1.25379,1.25217,1.25314,4979,22,0
2011-01-11 08:00:00,1.25317,1.25623,1.25257,1.25528,8301,21,0
2011-01-11 10:00:00,1.25527,1.2562,1.25254,1.25358,7916,19,0
2011-01-11 12:00:00,1.25359,1.25599,1.25263,1.2539,7134,20,0
2011-01-11 14:00:00,1.25389,1.26164,1.25298,1.26029,10265,20,0
2011-01-11 16:00:00,1.26047,1.26679,1.25987,1.2659,11971,20,0
2011-01-11 18:00:00,1.26592,1.26679,1.2632,1.26434,7492,21,0
2011-01-11 20:00:00,1.26433,1.26433,1.26249,1.26324,5030,30,0
2011-01-11 22:00:00,1.26326,1.26387,1.26277,1.26322,2811,30,0
2011-01-12 00:00:00,1.2632,1.26533,1.26313,1.26478,3947,31,0
2011-01-12 02:00:00,1.26477,1.26713,1.26477,1.26564,5577,32,0
2011-01-12 04:00:00,1.26566,1.26656,1.26449,1.26512,3984,32,0
2011-01-12 06:00:00,1.26512,1.26683,1.26487,1.2668,4108,22,0
2011-01-12 08:00:00,1.26681,1.2691,1.26536,1.26664,8370,18,0
2011-01-12 10:00:00,1.2666,1.26776,1.26106,1.26131,10093,19,0
2011-01-12 12:00:00,1.26126,1.26362,1.25797,1.26284,10207,20,0
2011-01-12 14:00:00,1.26285,1.26683,1.26131,1.26677,10683,18,0
2011-01-12 16:00:00,1.26677,1.27132,1.26474,1.26964,11113,20,0
2011-01-12 18:00:00,1.26961,1.27352,1.26817,1.26916,9935,22,0
2011-01-12 20:00:00,1.26917,1.27119,1.26853,1.26896,5968,30,0
2011-01-12 22:00:00,1.26895,1.26987,1.26876,1.26885,3472,30,0
2011-01-13 00:00:00,1.26888,1.27125,1.26867,1.27082,4717,35,0
2011-01-13 02:00:00,1.27082,1.27101,1.26868,1.26902,4584,32,0
2011-01-13 04:00:00,1.269,1.26979,1.26846,1.26902,3360,30,0
2011-01-13 06:00:00,1.269,1.27047,1.26855,1.26928,4373,22,0
2011-01-13 08:00:00,1.26926,1.28348,1.26925,1.28218,10668,20,0
2011-01-13 10:00:00,1.28215,1.28312,1.27702,1.27719,9589,22,0
2011-01-13 12:00:00,1.27718,1.28089,1.27695,1.27927,9334,20,0
2011-01-13 14:00:00,1.27927,1.28815,1.27835,1.28752,12337,20,0
2011-01-13 16:00:00,1.28751,1.28755,1.2834,1.28602,10927,19,0
2011-01-13 18:00:00,1.28605,1.28776,1.28469,1.28685,7507,21,0
2011-01-13 20:00:00,1.28684,1.28801,1.28574,1.28798,5710,30,0
2011-01-13 22:00:00,1.28797,1.28806,1.28644,1.28682,3869,31,0
2011-01-14 00:00:00,1.28697,1.28758,1.28481,1.28681,4111,35,0
2011-01-14 02:00:00,1.28682,1.28729,1.2854,1.28587,4247,30,0
2011-01-14 04:00:00,1.2859,1.28737,1.28574,1.28627,3164,31,0
2011-01-14 06:00:00,1.28628,1.28859,1.28479,1.28831,5346,20,0
2011-01-14 08:00:00,1.28833,1.29506,1.28832,1.29009,10900,19,0
2011-01-14 10:00:00,1.29011,1.29192,1.28548,1.29145,10461,18,0
2011-01-14 12:00:00,1.29143,1.29397,1.28725,1.28963,8963,15,0
2011-01-14 14:00:00,1.28964,1.29352,1.28569,1.28752,11366,18,0
2011-01-14 16:00:00,1.28759,1.2892,1.28594,1.28706,10715,19,0
2011-01-14 18:00:00,1.28705,1.28849,1.28578,1.28791,6742,22,0
2011-01-14 20:00:00,1.28789,1.29013,1.28752,1.28969,4782,30,0
2011-01-14 22:00:00,1.2896,1.29007,1.28896,1.28944,1632,32,0
2011-01-17 00:00:00,1.28789,1.28953,1.2876,1.2881,3045,35,0
2011-01-17 02:00:00,1.28809,1.28845,1.28642,1.28703,3524,30,0
2011-01-17 04:00:00,1.28702,1.28722,1.28567,1.2857,2265,30,0
2011-01-17 06:00:00,1.28569,1.28701,1.28301,1.28354,4505,18,0
2011-01-17 08:00:00,1.28352,1.28538,1.28171,1.28393,7558,17,0
2011-01-17 10:00:00,1.28394,1.28415,1.28113,1.28359,8307,19,0
2011-01-17 12:00:00,1.2836,1.28725,1.28272,1.28517,8700,20,0
2011-01-17 14:00:00,1.28519,1.28602,1.28097,1.28388,9622,19,0
2011-01-17 16:00:00,1.28388,1.28394,1.28045,1.28295,8368,19,0
2011-01-17 18:00:00,1.28296,1.28355,1.28187,1.28299,3993,19,0
2011-01-17 20:00:00,1.28298,1.28299,1.28216,1.2823,2346,35,0
2011-01-17 22:00:00,1.28231,1.28262,1.28094,1.28115,2677,35,0
2011-01-18 00:00:00,1.28112,1.28162,1.2791,1.27969,4582,33,0
2011-01-18 02:00:00,1.27969,1.28023,1.27907,1.27921,4504,31,0
2011-01-18 04:00:00,1.27921,1.28071,1.27866,1.27918,5195,31,0
2011-01-18 06:00:00,1.27917,1.28191,1.27869,1.2814,6334,17,0
2011-01-18 08:00:00,1.28139,1.28347,1.27734,1.28057,10540,20,0
2011-01-18 10:00:00,1.28065,1.28772,1.28042,1.28583,10989,21,0
2011-01-18 12:00:00,1.28582,1.28799,1.28265,1.28285,9523,21,0
2011-01-18 14:00:00,1.28284,1.28737,1.28091,1.28666,11071,20,0
2011-01-18 16:00:00,1.2867,1.29216,1.28527,1.29078,10810,20,0
2011-01-18 18:00:00,1.29079,1.29224,1.28791,1.28876,7242,22,0
2011-01-18 20:00:00,1.28878,1.28977,1.28809,1.28955,4652,30,0
2011-01-18 22:00:00,1.28957,1.28982,1.28921,1.28956,2676,30,0
2011-01-19 00:00:00,1.28953,1.29103,1.28939,1.29093,3783,30,0
2011-01-19 02:00:00,1.29089,1.29165,1.28957,1.2905,5716,32,0
2011-01-19 04:00:00,1.2905,1.2911,1.28991,1.29069,4297,30,0
2011-01-19 06:00:00,1.2907,1.29277,1.28992,1.29231,6080,22,0
2011-01-19 08:00:00,1.29232,1.29275,1.28778,1.2903,9284,18,0
2011-01-19 10:00:00,1.29031,1.29355,1.28796,1.29117,10378,20,0
2011-01-19 12:00:00,1.29119,1.29815,1.29024,1.29691,9689,20,0
2011-01-19 14:00:00,1.29696,1.29957,1.29484,1.29546,10885,21,0
2011-01-19 16:00:00,1.29551,1.29553,1.29122,1.29358,9814,20,0
2011-01-19 18:00:00,1.29347,1.29369,1.28441,1.28457,7487,20,0
2011-01-19 20:00:00,1.28458,1.28671,1.28443,1.28637,6668,30,0
2011-01-19 22:00:00,1.28638,1.28673,1.28582,1.28616,3715,32,0
2011-01-20 00:00:00,1.28615,1.28673,1.28471,1.28616,5267,31,0
2011-01-20 02:00:00,1.28621,1.28805,1.28583,1.2863,5690,33,0
2011-01-20 04:00:00,1.28629,1.28765,1.28537,1.28655,5305,30,0
2011-01-20 06:00:00,1.28654,1.28834,1.28592,1.28665,6206,21,0
2011-01-20 08:00:00,1.28663,1.28729,1.28142,1.28557,10985,19,0
2011-01-20 10:00:00,1.28529,1.28894,1.28452,1.28864,9584,19,0
2011-01-20 12:00:00,1.28863,1.28997,1.28727,1.28823,9828,18,0
2011-01-20 14:00:00,1.28822,1.29759,1.28664,1.29655,12321,18,0
2011-01-20 16:00:00,1.29651,1.30032,1.29523,1.29823,11833,19,0
2011-01-20 18:00:00,1.2982,1.30233,1.2978,1.30228,8596,19,0
2011-01-20 20:00:00,1.30227,1.3036,1.30176,1.3032,5422,30,0
2011-01-20 22:00:00,1.30316,1.30346,1.30213,1.3023,3360,30,0
2011-01-21 00:00:00,1.30227,1.3029,1.30159,1.30265,5285,33,0
2011-01-21 02:00:00,1.30265,1.30362,1.30214,1.30314,4618,33,0
2011-01-21 04:00:00,1.30313,1.3045,1.30307,1.30441,4730,33,0
2011-01-21 06:00:00,1.30448,1.30462,1.30356,1.30406,6118,19,0
2011-01-21 08:00:00,1.30408,1.30534,1.30182,1.30475,10427,20,0
2011-01-21 10:00:00,1.30476,1.30668,1.30194,1.3033,9938,17,0
2011-01-21 12:00:00,1.30328,1.3046,1.30247,1.30252,9300,20,0
2011-01-21 14:00:00,1.30251,1.30258,1.29758,1.30137,10642,20,0
2011-01-21 16:00:00,1.30152,1.3036,1.29941,1.3024,11106,20,0
2011-01-21 18:00:00,1.3024,1.30305,1.30078,1.30263,6788,21,0
2011-01-21 20:00:00,1.30266,1.30553,1.30212,1.30467,5454,30,0
2011-01-21 22:00:00,1.30467,1.30573,1.30453,1.30499,1384,31,0
2011-01-24 00:00:00,1.30416,1.30538,1.30362,1.30426,3071,30,0
2011-01-24 02:00:00,1.30426,1.30554,1.30342,1.30463,4512,31,0
2011-01-24 04:00:00,1.30462,1.30507,1.30364,1.30414,4067,30,0
2011-01-24 06:00:00,1.30413,1.30564,1.30344,1.30503,4462,19,0
2011-01-24 08:00:00,1.30502,1.30677,1.30401,1.30504,8857,18,0
2011-01-24 10:00:00,1.30504,1.30527,1.29939,1.29967,9110,20,0
2011-01-24 12:00:00,1.29966,1.30028,1.29774,1.3,9130,20,0
2011-01-24 14:00:00,1.3,1.30068,1.2962,1.29925,10579,20,0
2011-01-24 16:00:00,1.29926,1.30118,1.29493,1.29554,11067,15,0
2011-01-24 18:00:00,1.29554,1.29714,1.29343,1.29356,6995,22,0
2011-01-24 20:00:00,1.29358,1.29507,1.29289,1.29434,4492,30,0
2011-01-24 22:00:00,1.29435,1.29492,1.29389,1.29415,2752,30,0
2011-01-25 00:00:00,1.29415,1.29613,1.29413,1.29557,6254,32,0
2011-01-25 02:00:00,1.29558,1.29676,1.29469,1.29512,5314,30,0
2011-01-25 04:00:00,1.29514,1.29558,1.29422,1.29462,6564,30,0
2011-01-25 06:00:00,1.29464,1.29582,1.29402,1.29489,6057,15,0
2011-01-25 08:00:00,1.29492,1.29847,1.29456,1.29749,9770,17,0
2011-01-25 10:00:00,1.29748,1.2976,1.28707,1.28823,10745,21,0
2011-01-25 12:00:00,1.2882,1.29119,1.28762,1.28959,9947,19,0
2011-01-25 14:00:00,1.2896,1.28984,1.28254,1.287,11246,21,0
2011-01-25 16:00:00,1.28701,1.29057,1.28597,1.28945,11897,22,0
2011-01-25 18:00:00,1.28949,1.29001,1.2865,1.28662,7897,21,0
2011-01-25 20:00:00,1.28663,1.2897,1.28658,1.28911,7303,30,0
2011-01-25 22:00:00,1.28912,1.28969,1.28816,1.28914,4699,30,0
2011-01-26 00:00:00,1.28914,1.28958,1.28733,1.28763,3769,31,0
2011-01-26 02:00:00,1.28762,1.28968,1.28723,1.28936,4202,30,0
2011-01-26 04:00:00,1.28936,1.28975,1.28874,1.28896,3271,31,0
2011-01-26 06:00:00,1.28895,1.29027,1.28811,1.28876,5275,18,0
2011-01-26 08:00:00,1.28877,1.29465,1.28821,1.29333,9247,19,0
2011-01-26 10:00:00,1.29332,1.29666,1.29299,1.2936,10419,20,0
2011-01-26 12:00:00,1.2936,1.29528,1.29065,1.29197,9026,19,0
2011-01-26 14:00:00,1.29199,1.29285,1.28929,1.28961,9583,17,0
2011-01-26 16:00:00,1.28975,1.29233,1.28808,1.2914,10371,19,0
2011-01-26 18:00:00,1.29148,1.29275,1.2885,1.292,7030,20,0
2011-01-26 20:00:00,1.29199,1.29299,1.29065,1.29119,8710,30,0
2011-01-26 22:00:00,1.2912,1.29259,1.29066,1.29138,4936,31,0
2011-01-27 00:00:00,1.29137,1.29262,1.29123,1.29185,5810,35,0
2011-01-27 02:00:00,1.29185,1.2926,1.291,1.2921,5435,32,0
2011-01-27 04:00:00,1.29209,1.29304,1.29148,1.29285,4474,32,0
2011-01-27 06:00:00,1.29292,1.29377,1.29261,1.29309,5380,15,0
2011-01-27 08:00:00,1.2931,1.29449,1.28913,1.29165,10758,17,0
2011-01-27 10:00:00,1.29166,1.29478,1.29072,1.29301,10027,20,0
2011-01-27 12:00:00,1.29296,1.2953,1.29108,1.29451,9771,12,0
2011-01-27 14:00:00,1.29448,1.29763,1.29389,1.29585,10950,21,0
2011-01-27 16:00:00,1.29581,1.30007,1.29496,1.29545,11236,21,0
2011-01-27 18:00:00,1.29545,1.29854,1.29524,1.29738,8212,22,0
2011-01-27 20:00:00,1.29739,1.29912,1.297,1.29881,6272,30,0
2011-01-27 22:00:00,1.29882,1.29889,1.29776,1.29867,3580,30,0
2011-01-28 00:00:00,1.29866,1.29884,1.29748,1.29832,4483,33,0
2011-01-28 02:00:00,1.29832,1.29875,1.29558,1.29626,6716,34,0
2011-01-28 04:00:00,1.29626,1.29699,1.29411,1.29511,5573,33,0
2011-01-28 06:00:00,1.29511,1.29762,1.29487,1.29716,5670,19,0
2011-01-28 08:00:00,1.29715,1.29793,1.29369,1.29772,8775,20,0
2011-01-28 10:00:00,1.29769,1.2978,1.29602,1.29651,8181,17,0
2011-01-28 12:00:00,1.2965,1.29722,1.29345,1.2947,8607,14,0
2011-01-28 14:00:00,1.2947,1.29555,1.29153,1.29179,10568,19,0
2011-01-28 16:00:00,1.2918,1.29195,1.28178,1.28248,11867,20,0
2011-01-28 18:00:00,1.28249,1.28336,1.28045,1.28195,8294,20,0
2011-01-28 20:00:00,1.28195,1.28303,1.2812,1.28162,5753,30,0
2011-01-28 22:00:00,1.28163,1.28298,1.28141,1.28162,1955,34,0
2011-01-31 00:00:00,1.27929,1.28102,1.27815,1.27933,5457,30,0
2011-01-31 02:00:00,1.27932,1.2804,1.27792,1.2804,4690,30,0
2011-01-31 04:00:00,1.2804,1.28204,1.28024,1.28105,3565,30,0
2011-01-31 06:00:00,1.28106,1.28176,1.28043,1.28089,4654,20,0
2011-01-31 08:00:00,1.2809,1.28386,1.28017,1.2836,8816,16,0
2011-01-31 10:00:00,1.2836,1.28861,1.28347,1.28777,9697,18,0
2011-01-31 12:00:00,1.28778,1.29177,1.28778,1.28966,10013,18,0
2011-01-31 14:00:00,1.28965,1.2915,1.28833,1.28945,10670,18,0
2011-01-31 16:00:00,1.28943,1.29072,1.28634,1.28954,11937,19,0
2011-01-31 18:00:00,1.2895,1.29222,1.28816,1.29086,8735,21,0
2011-01-31 20:00:00,1.29087,1.29283,1.29033,1.29218,7124,30,0
2011-01-31 22:00:00,1.29219,1.29284,1.29162,1.29269,3337,30,0
2011-02-01 00:00:00,1.29273,1.29418,1.29211,1.29311,4904,30,0
2011-02-01 02:00:00,1.2931,1.29444,1.29245,1.29277,6001,34,0
2011-02-01 04:00:00,1.29278,1.29392,1.2924,1.29264,5535,34,0
2011-02-01 06:00:00,1.29264,1.29312,1.29134,1.29301,5511,15,0
2011-02-01 08:00:00,1.29299,1.29524,1.29066,1.29259,10486,18,0
2011-02-01 10:00:00,1.2926,1.29581,1.29075,1.294,10636,19,0
2011-02-01 12:00:00,1.29402,1.29578,1.29299,1.29422,9398,19,0
2011-02-01 14:00:00,1.29422,1.29741,1.29422,1.2958,10217,18,0
2011-02-01 16:00:00,1.29579,1.29938,1.29435,1.29496,11742,19,0
2011-02-01 18:00:00,1.29495,1.29562,1.29154,1.2935,9071,22,0
2011-02-01 20:00:00,1.29349,1.29482,1.29263,1.29347,6267,30,0
2011-02-01 22:00:00,1.29345,1.29423,1.29287,1.29301,3151,30,0
2011-02-02 00:00:00,1.29297,1.29442,1.2928,1.29356,6471,31,0
2011-02-02 02:00:00,1.29355,1.29568,1.29319,1.29553,5319,34,0
2011-02-02 04:00:00,1.29554,1.29603,1.29445,1.29452,4739,33,0
2011-02-02 06:00:00,1.29451,1.29461,1.2917,1.29435,5974,20,0
2011-02-02 08:00:00,1.29436,1.29497,1.2912,1.2922,9270,17,0
2011-02-02 10:00:00,1.29219,1.29504,1.29081,1.29404,9179,18,0
2011-02-02 12:00:00,1.29401,1.29749,1.29122,1.29254,9617,18,0
2011-02-02 14:00:00,1.29253,1.29393,1.28717,1.29352,9715,19,0
2011-02-02 16:00:00,1.2935,1.29648,1.29245,1.2963,8796,19,0
2011-02-02 18:00:00,1.29619,1.30118,1.2959,1.29954,8821,21,0
2011-02-02 20:00:00,1.29958,1.30039,1.2975,1.29808,6017,30,0
2011-02-02 22:00:00,1.29808,1.29859,1.29771,1.29809,3401,30,0
2011-02-03 00:00:00,1.29806,1.2991,1.29769,1.2989,4871,31,0
2011-02-03 02:00:00,1.29891,1.29913,1.29757,1.29839,3916,28,0
2011-02-03 04:00:00,1.29842,1.29845,1.29624,1.29715,3597,30,0
2011-02-03 06:00:00,1.29715,1.29892,1.29634,1.29882,4702,15,0
2011-02-03 08:00:00,1.29881,1.30359,1.29849,1.29897,9264,19,0
2011-02-03 10:00:00,1.29897,1.30147,1.29853,1.30026,9400,19,0
2011-02-03 12:00:00,1.30029,1.30082,1.29811,1.29995,8150,17,0
2011-02-03 14:00:00,1.29996,1.30085,1.29413,1.29479,11967,18,0
2011-02-03 16:00:00,1.29474,1.29795,1.28682,1.28823,10538,19,0
2011-02-03 18:00:00,1.28826,1.28915,1.28731,1.28796,8320,21,0
2011-02-03 20:00:00,1.28794,1.29005,1.28779,1.28891,5411,30,0
2011-02-03 22:00:00,1.28886,1.28949,1.2882,1.28863,3691,30,0
2011-02-04 00:00:00,1.28864,1.28954,1.28809,1.28847,4442,30,0
2011-02-04 02:00:00,1.28845,1.29024,1.28782,1.29023,3818,31,0
2011-02-04 04:00:00,1.29021,1.2911,1.29011,1.29076,2671,30,0
2011-02-04 06:00:00,1.29075,1.29178,1.29018,1.29089,3885,15,0
2011-02-04 08:00:00,1.29089,1.2915,1.28944,1.29055,7363,15,0
2011-02-04 10:00:00,1.29052,1.29317,1.29034,1.29266,7069,17,0
2011-02-04 12:00:00,1.29267,1.29557,1.29089,1.29539,5888,19,0
2011-02-04 14:00:00,1.29534,1.29907,1.29362,1.29507,5271,20,0
2011-02-04 16:00:00,1.29472,1.30019,1.29408,1.29795,4204,19,0
2011-02-04 18:00:00,1.29804,1.30047,1.29724,1.29975,4728,20,0
2011-02-04 20:00:00,1.29972,1.3001,1.29675,1.29695,3632,30,0
2011-02-04 22:00:00,1.29694,1.29864,1.29625,1.29684,1516,31,0
2011-02-07 00:00:00,1.29706,1.29763,1.29515,1.29545,4294,30,0
2011-02-07 02:00:00,1.2954,1.29888,1.29538,1.29888,4462,30,0
2011-02-07 04:00:00,1.29889,1.2993,1.29744,1.29756,3257,34,0
2011-02-07 06:00:00,1.29756,1.30084,1.29746,1.30084,5880,23,0
2011-02-07 08:00:00,1.30087,1.30434,1.29978,1.30358,6280,18,0
2011-02-07 10:00:00,1.30361,1.30374,1.30025,1.30031,6566,20,0
2011-02-07 12:00:00,1.30028,1.30049,1.29432,1.29498,5568,20,0
2011-02-07 14:00:00,1.29498,1.29668,1.29315,1.29509,5186,19,0
2011-02-07 16:00:00,1.2952,1.2995,1.2931,1.29736,5129,19,0
2011-02-07 18:00:00,1.29741,1.29788,1.29633,1.29773,4560,19,0
2011-02-07 20:00:00,1.29772,1.29841,1.29703,1.29797,4286,30,0
2011-02-07 22:00:00,1.29798,1.29829,1.29727,1.29757,2898,30,0
2011-02-08 00:00:00,1.29761,1.29832,1.29718,1.29821,4609,34,0
2011-02-08 02:00:00,1.29823,1.29961,1.29787,1.29946,3694,32,0
2011-02-08 04:00:00,1.29947,1.29998,1.29887,1.29915,3739,31,0
2011-02-08 06:00:00,1.29917,1.30102,1.29905,1.29999,4798,17,0
2011-02-08 08:00:00,1.29993,1.30176,1.29846,1.2996,4969,18,0
2011-02-08 10:00:00,1.2997,1.30349,1.29788,1.30161,4806,17,0
2011-02-08 12:00:00,1.30141,1.30394,1.2996,1.30294,4807,18,0
2011-02-08 14:00:00,1.30294,1.30458,1.30191,1.30431,4416,17,0
2011-02-08 16:00:00,1.30456,1.31022,1.30444,1.3097,4749,19,0
2011-02-08 18:00:00,1.30969,1.31139,1.30849,1.31097,4253,22,0
2011-02-08 20:00:00,1.31096,1.31426,1.31023,1.31258,4776,30,0
2011-02-08 22:00:00,1.31256,1.31303,1.31207,1.31234,2409,30,0
2011-02-09 00:00:00,1.31214,1.31504,1.31191,1.31401,3981,32,0
2011-02-09 02:00:00,1.314,1.31459,1.31316,1.31372,3939,34,0
2011-02-09 04:00:00,1.31371,1.31573,1.31367,1.31447,3546,30,0
2011-02-09 06:00:00,1.31448,1.31548,1.31344,1.31395,3765,16,0
2011-02-09 08:00:00,1.31403,1.31781,1.31298,1.31562,5202,19,0
2011-02-09 10:00:00,1.31554,1.3169,1.31404,1.31423,4905,18,0
2011-02-09 12:00:00,1.31433,1.31642,1.31334,1.31563,5018,18,0
2011-02-09 14:00:00,1.31563,1.31625,1.31468,1.31531,4546,19,0
2011-02-09 16:00:00,1.3153,1.31877,1.31484,1.31555,5044,18,0
2011-02-09 18:00:00,1.31553,1.31594,1.3125,1.31382,5284,21,0
2011-02-09 20:00:00,1.31387,1.31541,1.3132,1.31541,4050,30,0
2011-02-09 22:00:00,1.31538,1.31547,1.31429,1.31435,2642,30,0
2011-02-10 00:00:00,1.31446,1.31515,1.31419,1.31477,5218,33,0
2011-02-10 02:00:00,1.31478,1.31629,1.31447,1.31623,4370,32,0
2011-02-10 04:00:00,1.31624,1.31657,1.31413,1.31413,3035,31,0
2011-02-10 06:00:00,1.31416,1.31485,1.31291,1.31466,5290,15,0
2011-02-10 08:00:00,1.31465,1.31739,1.31334,1.31382,8260,15,0
2011-02-10 10:00:00,1.31395,1.31403,1.30877,1.31349,7998,18,0
2011-02-10 12:00:00,1.31328,1.31448,1.3112,1.31145,7104,17,0
2011-02-10 14:00:00,1.31144,1.31435,1.31022,1.31283,8038,19,0
2011-02-10 16:00:00,1.31294,1.31767,1.31292,1.31721,7281,20,0
2011-02-10 18:00:00,1.31716,1.31927,1.31663,1.3188,6510,21,0
2011-02-10 20:00:00,1.31889,1.31929,1.31763,1.31815,5892,30,0
2011-02-10 22:00:00,1.31816,1.31838,1.31738,1.31771,3493,30,0
2011-02-11 00:00:00,1.31774,1.31876,1.31717,1.31803,4274,32,0
2011-02-11 02:00:00,1.31802,1.31866,1.31447,1.31599,7114,34,0
2011-02-11 04:00:00,1.31598,1.31624,1.31498,1.31514,3094,34,0
2011-02-11 06:00:00,1.31515,1.31559,1.31341,1.31447,5540,16,0
2011-02-11 08:00:00,1.31448,1.31829,1.31364,1.31454,7287,19,0
2011-02-11 10:00:00,1.31453,1.31664,1.31261,1.31619,6110,19,0
2011-02-11 12:00:00,1.3161,1.31825,1.31537,1.31823,5547,20,0
2011-02-11 14:00:00,1.31813,1.31827,1.31463,1.3162,4618,19,0
2011-02-11 16:00:00,1.31616,1.32026,1.3156,1.31876,3370,19,0
2011-02-11 18:00:00,1.31886,1.31969,1.31653,1.31718,3168,22,0
2011-02-11 20:00:00,1.317,1.31853,1.31589,1.31821,2910,30,0
2011-02-11 22:00:00,1.31813,1.31852,1.31787,1.31845,1477,32,0
2011-02-14 00:00:00,1.31597,1.31648,1.31462,1.31638,4973,32,0
2011-02-14 02:00:00,1.31637,1.31662,1.31539,1.31616,3943,30,0
2011-02-14 04:00:00,1.31614,1.31621,1.31481,1.31574,3318,33,0
2011-02-14 06:00:00,1.31575,1.31869,1.31561,1.31837,4109,15,0
2011-02-14 08:00:00,1.31838,1.32019,1.3098,1.31076,9240,15,0
2011-02-14 10:00:00,1.31083,1.31104,1.30887,1.31041,7979,18,0
2011-02-14 12:00:00,1.31041,1.3108,1.30641,1.30792,8365,17,0
2011-02-14 14:00:00,1.30792,1.30899,1.30571,1.30699,7616,19,0
2011-02-14 16:00:00,1.30696,1.30884,1.30527,1.30814,7543,18,0
2011-02-14 18:00:00,1.30801,1.30926,1.30759,1.30759,5682,21,0
2011-02-14 20:00:00,1.30759,1.30855,1.30639,1.30801,3592,30,0
2011-02-14 22:00:00,1.308,1.30863,1.30766,1.30843,2737,30,0
2011-02-15 00:00:00,1.3084,1.31005,1.30819,1.30896,3430,34,0
2011-02-15 02:00:00,1.30896,1.31014,1.30865,1.30964,5181,30,0
2011-02-15 04:00:00,1.30963,1.31025,1.30891,1.30944,3156,30,0
2011-02-15 06:00:00,1.30944,1.31003,1.30799,1.30863,4865,15,0
2011-02-15 08:00:00,1.30864,1.31156,1.30621,1.30932,8044,19,0
2011-02-15 10:00:00,1.30934,1.31225,1.30886,1.31153,7238,19,0
2011-02-15 12:00:00,1.31147,1.31363,1.31068,1.31298,6696,15,0
2011-02-15 14:00:00,1.31292,1.31324,1.31086,1.31211,6439,18,0
2011-02-15 16:00:00,1.31219,1.3125,1.30434,1.30581,7224,18,0
2011-02-15 18:00:00,1.30579,1.30608,1.30381,1.30516,6369,21,0
2011-02-15 20:00:00,1.30518,1.30524,1.30362,1.30398,4522,30,0
2011-02-15 22:00:00,1.30397,1.30454,1.30373,1.30399,2797,30,0
2011-02-16 00:00:00,1.30405,1.3054,1.30371,1.30536,3279,31,0
2011-02-16 02:00:00,1.30537,1.3073,1.30502,1.30671,4144,30,0
2011-02-16 04:00:00,1.3067,1.30695,1.30463,1.30497,3781,31,0
2011-02-16 06:00:00,1.30502,1.30581,1.30098,1.30553,6542,18,0
2011-02-16 08:00:00,1.30553,1.30627,1.30372,1.3049,8177,15,0
2011-02-16 10:00:00,1.30491,1.3127,1.30222,1.30722,7765,19,0
2011-02-16 12:00:00,1.30729,1.30917,1.3061,1.30724,7784,20,0
2011-02-16 14:00:00,1.30727,1.31099,1.30722,1.30917,7790,18,0
2011-02-16 16:00:00,1.30919,1.30952,1.30095,1.30228,7928,19,0
2011-02-16 18:00:00,1.30257,1.3045,1.30002,1.30308,7343,22,0
2011-02-16 20:00:00,1.30313,1.30431,1.29735,1.30155,6610,32,0
2011-02-16 22:00:00,1.30156,1.30194,1.30092,1.30151,3131,30,0
2011-02-17 00:00:00,1.30151,1.30236,1.3009,1.30203,3697,31,0
2011-02-17 02:00:00,1.30204,1.30259,1.3014,1.30248,4502,30,0
2011-02-17 04:00:00,1.30249,1.30277,1.30204,1.30206,2350,30,0
2011-02-17 06:00:00,1.30207,1.30257,1.30065,1.3013,4551,15,0
2011-02-17 08:00:00,1.30124,1.30264,1.29687,1.29836,7286,19,0
2011-02-17 10:00:00,1.29838,1.2988,1.29444,1.29812,7037,18,0
2011-02-17 12:00:00,1.29814,1.2988,1.29592,1.2965,6245,16,0
2011-02-17 14:00:00,1.29648,1.29829,1.29016,1.29269,6594,19,0
2011-02-17 16:00:00,1.29278,1.29503,1.29,1.29417,5310,19,0
2011-02-17 18:00:00,1.29419,1.29462,1.29228,1.2934,5422,22,0
2011-02-17 20:00:00,1.29335,1.2936,1.29124,1.29184,4542,30,0
2011-02-17 22:00:00,1.29184,1.29262,1.29171,1.29198,2947,30,0
2011-02-18 00:00:00,1.29205,1.29403,1.29193,1.29302,5072,34,0
2011-02-18 02:00:00,1.29301,1.29378,1.29204,1.29221,4347,34,0
2011-02-18 04:00:00,1.2922,1.29345,1.2921,1.29222,3089,30,0
2011-02-18 06:00:00,1.29221,1.29288,1.29175,1.29212,3658,15,0
2011-02-18 08:00:00,1.29214,1.29435,1.29062,1.29435,7166,20,0
2011-02-18 10:00:00,1.29427,1.29547,1.28942,1.29052,7325,18,0
2011-02-18 12:00:00,1.29054,1.29551,1.29014,1.29494,6522,19,0
2011-02-18 14:00:00,1.29493,1.29903,1.29307,1.29614,7460,18,0
2011-02-18 16:00:00,1.29617,1.29766,1.29471,1.29671,6963,17,0
2011-02-18 18:00:00,1.29687,1.29709,1.29271,1.29431,6892,21,0
2011-02-18 20:00:00,1.29429,1.29591,1.29355,1.2943,4993,30,0
2011-02-18 22:00:00,1.29431,1.29609,1.29248,1.29308,1717,33,0
2011-02-21 00:00:00,1.29495,1.29542,1.2932,1.29356,4464,31,0
2011-02-21 02:00:00,1.29355,1.2947,1.29313,1.29319,3395,30,0
2011-02-21 04:00:00,1.2932,1.29397,1.29225,1.29237,2433,34,0
2011-02-21 06:00:00,1.29243,1.29502,1.29236,1.29491,3683,15,0
2011-02-21 08:00:00,1.29492,1.29689,1.29224,1.29591,7203,18,0
2011-02-21 10:00:00,1.29592,1.29751,1.29554,1.29646,6998,15,0
2011-02-21 12:00:00,1.29647,1.29713,1.29529,1.29703,5661,15,0
2011-02-21 14:00:00,1.29704,1.29729,1.29474,1.29525,6076,15,0
2011-02-21 16:00:00,1.29525,1.29677,1.29299,1.29412,7035,17,0
2011-02-21 18:00:00,1.29408,1.29462,1.29302,1.29374,4252,15,0
2011-02-21 20:00:00,1.29377,1.29577,1.29353,1.29507,2671,34,0
2011-02-21 22:00:00,1.29508,1.29566,1.29407,1.29472,2856,31,0
2011-02-22 00:00:00,1.29471,1.29539,1.29005,1.29047,4642,32,0
2011-02-22 02:00:00,1.29048,1.29184,1.28924,1.28963,5496,31,0
2011-02-22 04:00:00,1.28964,1.29023,1.2881,1.28898,4506,31,0
2011-02-22 06:00:00,1.28898,1.28949,1.28614,1.28755,5236,16,0
2011-02-22 08:00:00,1.28756,1.28759,1.27912,1.28143,10623,20,0
2011-02-22 10:00:00,1.28142,1.28624,1.28026,1.28624,9470,20,0
2011-02-22 12:00:00,1.28617,1.28748,1.28408,1.28427,8833,18,0
2011-02-22 14:00:00,1.28427,1.28778,1.28325,1.28661,10030,18,0
2011-02-22 16:00:00,1.28659,1.28849,1.28257,1.2833,10533,18,0
2011-02-22 18:00:00,1.28329,1.28363,1.28042,1.28135,7933,19,0
2011-02-22 20:00:00,1.28136,1.28198,1.28086,1.28146,5445,30,0
2011-02-22 22:00:00,1.28151,1.28164,1.28105,1.28119,2397,30,0
2011-02-23 00:00:00,1.28121,1.28457,1.28114,1.28437,4465,30,0
2011-02-23 02:00:00,1.28437,1.28489,1.28299,1.28316,5383,34,0
2011-02-23 04:00:00,1.28317,1.28384,1.2817,1.2836,4335,30,0
2011-02-23 06:00:00,1.28361,1.2849,1.283,1.28473,4292,15,0
2011-02-23 08:00:00,1.28474,1.28656,1.28385,1.285,8243,17,0
2011-02-23 10:00:00,1.285,1.28749,1.28443,1.28677,8414,18,0
2011-02-23 12:00:00,1.28676,1.28806,1.28528,1.28534,7174,18,0
2011-02-23 14:00:00,1.2853,1.28642,1.28385,1.28399,9100,19,0
2011-02-23 16:00:00,1.28402,1.28558,1.28221,1.28228,10831,19,0
2011-02-23 18:00:00,1.28225,1.28426,1.28071,1.28378,7382,19,0
2011-02-23 20:00:00,1.28377,1.28468,1.28246,1.28303,4940,30,0
2011-02-23 22:00:00,1.28302,1.28333,1.28241,1.28282,2620,30,0
2011-02-24 00:00:00,1.28286,1.28288,1.27788,1.279,5633,32,0
2011-02-24 02:00:00,1.27897,1.27997,1.27832,1.27964,4905,30,0
2011-02-24 04:00:00,1.27963,1.28042,1.2791,1.27945,3331,30,0
2011-02-24 06:00:00,1.27947,1.27998,1.27637,1.27802,6350,18,0
2011-02-24 08:00:00,1.27801,1.27908,1.27049,1.27516,9938,20,0
2011-02-24 10:00:00,1.27517,1.27846,1.2745,1.27756,9945,17,0
2011-02-24 12:00:00,1.27758,1.27775,1.2737,1.27648,8181,17,0
2011-02-24 14:00:00,1.2765,1.27818,1.27277,1.27747,9947,19,0
2011-02-24 16:00:00,1.27744,1.28014,1.27501,1.27623,9850,19,0
2011-02-24 18:00:00,1.27624,1.27761,1.27404,1.27541,6914,19,0
2011-02-24 20:00:00,1.27538,1.27905,1.27514,1.27818,6135,30,0
2011-02-24 22:00:00,1.27819,1.27873,1.27424,1.27723,4010,30,0
2011-02-25 00:00:00,1.27719,1.27898,1.27666,1.27731,4705,30,0
2011-02-25 02:00:00,1.27732,1.27924,1.2773,1.27853,4429,34,0
2011-02-25 04:00:00,1.27855,1.27953,1.27805,1.27943,3742,30,0
2011-02-25 06:00:00,1.27946,1.27972,1.27816,1.27849,4778,15,0
2011-02-25 08:00:00,1.27848,1.2797,1.27681,1.27929,8613,19,0
2011-02-25 10:00:00,1.27928,1.28419,1.27878,1.28016,8755,15,0
2011-02-25 12:00:00,1.28012,1.28099,1.27749,1.27961,7714,15,0
2011-02-25 14:00:00,1.27963,1.28018,1.27668,1.27896,10826,19,0
2011-02-25 16:00:00,1.27898,1.27981,1.27591,1.27697,9282,18,0
2011-02-25 18:00:00,1.27697,1.27822,1.27613,1.27652,4922,16,0
2011-02-25 20:00:00,1.27651,1.27679,1.27523,1.27654,3064,30,0
2011-02-25 22:00:00,1.27653,1.27717,1.27553,1.27656,1329,30,0
2011-02-28 00:00:00,1.27595,1.27606,1.27293,1.27344,3284,30,0
2011-02-28 02:00:00,1.27341,1.27406,1.27249,1.274,2937,30,0
2011-02-28 04:00:00,1.27399,1.27564,1.27344,1.27494,2604,30,0
2011-02-28 06:00:00,1.27495,1.27654,1.27466,1.27622,3317,15,0
2011-02-28 08:00:00,1.27622,1.28068,1.27547,1.27903,8280,16,0
2011-02-28 10:00:00,1.27907,1.28409,1.27899,1.28278,8773,18,0
2011-02-28 12:00:00,1.28279,1.28471,1.28252,1.28298,8190,19,0
2011-02-28 14:00:00,1.28297,1.286,1.28259,1.28486,9388,19,0
2011-02-28 16:00:00,1.28488,1.2851,1.2812,1.28335,9998,19,0
2011-02-28 18:00:00,1.28332,1.284,1.28049,1.28061,6434,18,0
2011-02-28 20:00:00,1.2806,1.28242,1.28038,1.28185,4046,30,0
2011-02-28 22:00:00,1.28185,1.28255,1.28171,1.28224,2375,30,0
2011-03-01 00:00:00,1.28224,1.28514,1.28215,1.28451,3803,30,0
2011-03-01 02:00:00,1.28451,1.28511,1.28301,1.28502,3575,30,0
2011-03-01 04:00:00,1.28503,1.28758,1.28462,1.28653,3519,28,0
2011-03-01 06:00:00,1.28654,1.28749,1.28561,1.28661,5720,16,0
2011-03-01 08:00:00,1.28654,1.28846,1.283,1.28804,9275,19,0
2011-03-01 10:00:00,1.28805,1.28922,1.2868,1.28718,8746,15,0
2011-03-01 12:00:00,1.28717,1.28721,1.28266,1.28468,8508,20,0
2011-03-01 14:00:00,1.28469,1.28804,1.28377,1.28594,9014,20,0
2011-03-01 16:00:00,1.28607,1.28721,1.28179,1.28252,10141,19,0
2011-03-01 18:00:00,1.28251,1.28304,1.28095,1.28274,6930,15,0
2011-03-01 20:00:00,1.28274,1.28274,1.27997,1.27998,5171,30,0
2011-03-01 22:00:00,1.27999,1.28037,1.27847,1.27855,3186,30,0
2011-03-02 00:00:00,1.27859,1.27951,1.27738,1.27832,4546,31,0
2011-03-02 02:00:00,1.2783,1.27919,1.27796,1.2781,2145,32,0
2011-03-02 04:00:00,1.27737,1.27763,1.2765,1.27652,1105,34,0
2011-03-02 06:00:00,1.27651,1.2775,1.27553,1.27746,4998,15,0
2011-03-02 08:00:00,1.27745,1.27897,1.27592,1.27721,8550,19,0
2011-03-02 10:00:00,1.27723,1.28102,1.27712,1.27966,8816,18,0
2011-03-02 12:00:00,1.27965,1.28079,1.27943,1.27991,7131,19,0
2011-03-02 14:00:00,1.2799,1.28147,1.27773,1.27901,8891,15,0
2011-03-02 16:00:00,1.279,1.28182,1.27695,1.27883,8914,19,0
2011-03-02 18:00:00,1.27885,1.28,1.27783,1.27951,5927,18,0
2011-03-02 20:00:00,1.2795,1.28101,1.27942,1.28059,4643,30,0
2011-03-02 22:00:00,1.28057,1.28108,1.28009,1.28037,2712,30,0
2011-03-03 00:00:00,1.28042,1.2809,1.28012,1.28029,2854,30,0
2011-03-03 02:00:00,1.28028,1.28035,1.2793,1.2802,3096,31,0
2011-03-03 04:00:00,1.28018,1.28075,1.27986,1.28044,2511,30,0
2011-03-03 06:00:00,1.28045,1.28465,1.27999,1.2834,5877,18,0
2011-03-03 08:00:00,1.28341,1.28454,1.28144,1.28242,7651,19,0
2011-03-03 10:00:00,1.28251,1.28381,1.27871,1.28347,8183,18,0
2011-03-03 12:00:00,1.2835,1.28511,1.28314,1.28477,6891,15,0
2011-03-03 14:00:00,1.28478,1.29879,1.28418,1.29696,11181,20,0
2011-03-03 16:00:00,1.29695,1.29911,1.2953,1.29775,9443,19,0
2011-03-03 18:00:00,1.29781,1.29936,1.2972,1.29867,6458,16,0
2011-03-03 20:00:00,1.29867,1.3012,1.29855,1.30085,4251,30,0
2011-03-03 22:00:00,1.30084,1.30202,1.30028,1.30062,3821,30,0
2011-03-04 00:00:00,1.30055,1.30148,1.30052,1.30112,3741,30,0
2011-03-04 02:00:00,1.30113,1.30145,1.3006,1.30087,3337,30,0
2011-03-04 04:00:00,1.30088,1.30125,1.30085,1.30119,1630,30,0
2011-03-04 06:00:00,1.30118,1.30129,1.2999,1.30013,3092,16,0
2011-03-04 08:00:00,1.30015,1.30167,1.29663,1.29783,6940,17,0
2011-03-04 10:00:00,1.29782,1.30048,1.29763,1.29939,6339,15,0
2011-03-04 12:00:00,1.29939,1.29952,1.29573,1.29759,6575,15,0
2011-03-04 14:00:00,1.29757,1.30236,1.29385,1.29425,9022,18,0
2011-03-04 16:00:00,1.29421,1.297,1.29154,1.29524,7808,15,0
2011-03-04 18:00:00,1.29524,1.29566,1.29369,1.29477,6934,19,0
2011-03-04 20:00:00,1.29478,1.29545,1.29419,1.29467,3147,30,0
2011-03-04 22:00:00,1.29467,1.29472,1.29269,1.29285,1250,30,0
2011-03-07 00:00:00,1.29532,1.29576,1.29398,1.29413,3272,30,0
2011-03-07 02:00:00,1.29413,1.29459,1.29323,1.29375,3610,30,0
2011-03-07 04:00:00,1.29374,1.29396,1.29215,1.29286,3060,30,0
2011-03-07 06:00:00,1.29286,1.29408,1.29195,1.29386,4803,15,0
2011-03-07 08:00:00,1.29387,1.29518,1.29137,1.29447,7877,18,0
2011-03-07 10:00:00,1.29446,1.29845,1.29439,1.29724,8062,18,0
2011-03-07 12:00:00,1.29729,1.29787,1.29527,1.29538,6964,17,0
2011-03-07 14:00:00,1.29537,1.29873,1.29527,1.29853,8827,17,0
2011-03-07 16:00:00,1.29855,1.29856,1.29317,1.29365,9005,18,0
2011-03-07 18:00:00,1.2936,1.2946,1.29215,1.2933,6744,15,0
2011-03-07 20:00:00,1.29331,1.29457,1.29323,1.29402,3718,30,0
2011-03-07 22:00:00,1.29401,1.29454,1.29373,1.29416,2472,30,0
2011-03-08 00:00:00,1.29416,1.29451,1.2934,1.29382,3303,30,0
2011-03-08 02:00:00,1.29381,1.29543,1.29318,1.29537,3106,31,0
2011-03-08 04:00:00,1.29536,1.29619,1.29477,1.2961,2328,30,0
2011-03-08 06:00:00,1.29612,1.30203,1.29564,1.30136,5373,18,0
2011-03-08 08:00:00,1.30137,1.30385,1.29977,1.30068,9156,18,0
2011-03-08 10:00:00,1.30068,1.30118,1.29747,1.29824,7825,17,0
2011-03-08 12:00:00,1.29824,1.29923,1.29566,1.29658,6722,16,0
2011-03-08 14:00:00,1.29657,1.29833,1.29389,1.29708,9400,17,0
2011-03-08 16:00:00,1.29713,1.30055,1.29531,1.30026,8503,17,0
2011-03-08 18:00:00,1.30026,1.3011,1.29888,1.30105,6667,18,0
2011-03-08 20:00:00,1.30106,1.30106,1.29997,1.30005,3390,30,0
2011-03-08 22:00:00,1.30006,1.30057,1.2999,1.3002,2413,29,0
2011-03-09 00:00:00,1.30021,1.30056,1.2986,1.29863,3956,32,0
2011-03-09 02:00:00,1.29863,1.30031,1.29852,1.29994,3678,30,0
2011-03-09 04:00:00,1.29994,1.30087,1.29949,1.30002,3897,30,0
2011-03-09 06:00:00,1.30003,1.3014,1.29881,1.29991,5121,19,0
2011-03-09 08:00:00,1.29991,1.30097,1.29344,1.29462,7894,18,0
2011-03-09 10:00:00,1.29463,1.29621,1.29283,1.29462,6503,19,0
2011-03-09 12:00:00,1.29467,1.29518,1.29112,1.29254,7482,17,0
2011-03-09 14:00:00,1.29258,1.29263,1.28937,1.28998,7532,18,0
2011-03-09 16:00:00,1.29001,1.29463,1.28999,1.29289,8274,18,0
2011-03-09 18:00:00,1.29288,1.29332,1.29072,1.29114,6908,18,0
2011-03-09 20:00:00,1.29117,1.29321,1.29117,1.29263,3516,30,0
2011-03-09 22:00:00,1.29262,1.29313,1.29219,1.29263,2482,30,0
2011-03-10 00:00:00,1.29261,1.29335,1.29241,1.29316,3553,30,0
2011-03-10 02:00:00,1.29316,1.2938,1.29145,1.29147,3670,30,0
2011-03-10 04:00:00,1.29146,1.29218,1.28997,1.29218,4618,30,0
2011-03-10 06:00:00,1.29217,1.29422,1.29157,1.29391,5350,15,0
2011-03-10 08:00:00,1.29391,1.29414,1.28693,1.2897,9345,15,0
2011-03-10 10:00:00,1.28971,1.29246,1.28927,1.29144,6980,17,0
2011-03-10 12:00:00,1.29145,1.29203,1.28941,1.29085,7354,16,0
2011-03-10 14:00:00,1.29084,1.2929,1.28827,1.28854,8873,17,0
2011-03-10 16:00:00,1.28864,1.29073,1.28661,1.28831,9191,17,0
2011-03-10 18:00:00,1.2883,1.28956,1.28312,1.2847,7789,17,0
2011-03-10 20:00:00,1.2847,1.28592,1.28441,1.28513,4914,32,0
2011-03-10 22:00:00,1.28515,1.28636,1.28493,1.28621,2676,30,0
2011-03-11 00:00:00,1.28621,1.28729,1.28567,1.2872,3739,30,0
2011-03-11 02:00:00,1.28719,1.28776,1.28628,1.28665,3593,30,0
2011-03-11 04:00:00,1.28665,1.28757,1.28591,1.28655,2918,30,0
2011-03-11 06:00:00,1.28654,1.28946,1.28643,1.28906,5886,18,0
2011-03-11 08:00:00,1.28904,1.29271,1.28502,1.29129,8124,20,0
2011-03-11 10:00:00,1.2913,1.29151,1.28461,1.28787,7716,15,0
2011-03-11 12:00:00,1.28786,1.28832,1.28459,1.28643,6854,15,0
2011-03-11 14:00:00,1.28642,1.28643,1.28316,1.28514,8107,18,0
2011-03-11 16:00:00,1.28514,1.28671,1.28267,1.28603,8814,18,0
2011-03-11 18:00:00,1.28605,1.29047,1.28592,1.28918,6747,18,0
2011-03-11 20:00:00,1.28916,1.29208,1.28904,1.29181,3809,30,0
2011-03-11 22:00:00,1.29179,1.29286,1.29177,1.2925,1210,30,0
2011-03-14 00:00:00,1.29468,1.2952,1.29187,1.29447,6583,30,0
2011-03-14 02:00:00,1.29446,1.29657,1.29329,1.29522,4753,32,0
2011-03-14 04:00:00,1.29525,1.29607,1.29348,1.29351,3413,32,0
2011-03-14 06:00:00,1.29354,1.29459,1.29206,1.29218,4083,20,0
2011-03-14 08:00:00,1.29218,1.29661,1.29161,1.29509,8365,17,0
2011-03-14 10:00:00,1.29514,1.29698,1.29353,1.29579,7997,17,0
2011-03-14 12:00:00,1.29579,1.29617,1.29149,1.29491,8164,17,0
2011-03-14 14:00:00,1.29493,1.29543,1.29177,1.29191,8831,18,0
2011-03-14 16:00:00,1.29187,1.29385,1.29119,1.29228,8252,17,0
2011-03-14 18:00:00,1.29227,1.29361,1.29194,1.29273,5455,15,0
2011-03-14 20:00:00,1.29274,1.29407,1.29272,1.29325,3119,30,0
2011-03-14 22:00:00,1.29325,1.29336,1.29247,1.29293,2273,30,0
2011-03-15 00:00:00,1.29291,1.29429,1.29265,1.29302,3261,30,0
2011-03-15 02:00:00,1.29302,1.29341,1.28635,1.28737,5981,30,0
2011-03-15 04:00:00,1.28736,1.28921,1.28437,1.28615,7574,33,0
2011-03-15 06:00:00,1.28613,1.28928,1.28596,1.28824,6059,21,0
2011-03-15 08:00:00,1.28825,1.28839,1.28142,1.28426,9833,17,0
2011-03-15 10:00:00,1.28427,1.28434,1.27746,1.27995,10532,18,0
2011-03-15 12:00:00,1.27992,1.28093,1.27362,1.27431,10385,19,0
2011-03-15 14:00:00,1.27428,1.28154,1.27401,1.28154,10348,18,0
2011-03-15 16:00:00,1.28155,1.28368,1.27804,1.27874,8835,18,0
2011-03-15 18:00:00,1.27874,1.28444,1.27797,1.28364,9408,18,0
2011-03-15 20:00:00,1.28367,1.28471,1.28221,1.28258,4721,30,0
2011-03-15 22:00:00,1.28257,1.28295,1.28088,1.28105,3846,34,0
2011-03-16 00:00:00,1.28104,1.28477,1.28103,1.28368,5777,34,0
2011-03-16 02:00:00,1.28371,1.28419,1.28176,1.28184,4416,34,0
2011-03-16 04:00:00,1.28185,1.28254,1.27785,1.28092,4423,33,0
2011-03-16 06:00:00,1.28091,1.28322,1.27969,1.28302,5418,17,0
2011-03-16 08:00:00,1.28303,1.28533,1.28126,1.28254,8609,18,0
2011-03-16 10:00:00,1.28253,1.28369,1.27718,1.27763,8575,17,0
2011-03-16 12:00:00,1.27762,1.28058,1.27688,1.27902,8120,16,0
2011-03-16 14:00:00,1.27901,1.27926,1.27354,1.27525,8804,19,0
2011-03-16 16:00:00,1.27522,1.27522,1.26325,1.26568,10850,20,0
2011-03-16 18:00:00,1.26569,1.2666,1.25859,1.26421,9258,19,0
2011-03-16 20:00:00,1.26421,1.2648,1.26132,1.26183,5907,30,0
2011-03-16 22:00:00,1.26182,1.26226,1.24326,1.25251,8564,40,0
2011-03-17 00:00:00,1.25255,1.25725,1.25199,1.25721,9761,37,0
2011-03-17 02:00:00,1.25719,1.25981,1.25169,1.2533,7222,39,0
2011-03-17 04:00:00,1.25329,1.25441,1.2498,1.25293,5961,36,0
2011-03-17 06:00:00,1.25298,1.25859,1.25011,1.2503,7155,25,0
2011-03-17 08:00:00,1.25031,1.26452,1.25031,1.26287,10445,22,0
2011-03-17 10:00:00,1.26285,1.2675,1.25926,1.2621,10320,20,0
2011-03-17 12:00:00,1.26217,1.26576,1.26089,1.26464,8989,19,0
2011-03-17 14:00:00,1.26465,1.26481,1.25901,1.25947,9761,18,0
2011-03-17 16:00:00,1.25946,1.2642,1.25923,1.26269,8954,19,0
2011-03-17 18:00:00,1.26268,1.26474,1.2604,1.26115,7204,15,0
2011-03-17 20:00:00,1.26115,1.26123,1.25952,1.25973,5603,30,0
2011-03-17 22:00:00,1.25973,1.26067,1.25664,1.25898,4243,30,0
2011-03-18 00:00:00,1.25897,1.27212,1.25787,1.2713,8322,34,0
2011-03-18 02:00:00,1.27129,1.27675,1.27063,1.27455,7984,37,0
2011-03-18 04:00:00,1.27455,1.27713,1.2727,1.27438,5959,35,0
2011-03-18 06:00:00,1.27444,1.27556,1.27032,1.27322,6331,21,0
2011-03-18 08:00:00,1.27328,1.27548,1.26825,1.26825,10106,22,0
2011-03-18 10:00:00,1.26826,1.27378,1.26769,1.27298,8359,15,0
2011-03-18 12:00:00,1.27301,1.2778,1.27076,1.27568,9124,21,0
2011-03-18 14:00:00,1.27569,1.27933,1.27497,1.27911,9627,20,0
2011-03-18 16:00:00,1.27907,1.28027,1.27576,1.27669,7874,18,0
2011-03-18 18:00:00,1.27668,1.27755,1.27524,1.27649,6163,17,0
2011-03-18 20:00:00,1.27646,1.27954,1.27548,1.27781,4965,30,0
2011-03-18 22:00:00,1.27778,1.27778,1.2773,1.27745,4,104,0
2011-03-21 00:00:00,1.2784,1.28142,1.27815,1.28071,4484,30,0
2011-03-21 02:00:00,1.28071,1.28248,1.28013,1.28176,4539,30,0
2011-03-21 04:00:00,1.28181,1.28276,1.28153,1.28184,2805,30,0
2011-03-21 06:00:00,1.28183,1.28328,1.27983,1.28039,4058,17,0
2011-03-21 08:00:00,1.2803,1.28371,1.28018,1.28266,7299,15,0
2011-03-21 10:00:00,1.28267,1.28399,1.28188,1.28208,6606,16,0
2011-03-21 12:00:00,1.28207,1.28332,1.28135,1.28249,5908,15,0
2011-03-21 14:00:00,1.2825,1.28495,1.28175,1.28388,8635,15,0
2011-03-21 16:00:00,1.28389,1.28705,1.28353,1.28547,7646,15,0
2011-03-21 18:00:00,1.28549,1.28806,1.28527,1.287,6251,16,0
2011-03-21 20:00:00,1.287,1.28791,1.28627,1.28656,2843,30,0
2011-03-21 22:00:00,1.28655,1.2871,1.28584,1.28654,2875,32,0
2011-03-22 00:00:00,1.28652,1.28746,1.28596,1.286,3848,30,0
2011-03-22 02:00:00,1.28599,1.28685,1.28525,1.28616,3282,30,0
2011-03-22 04:00:00,1.28615,1.28661,1.2848,1.28482,3321,30,0
2011-03-22 06:00:00,1.28482,1.28574,1.28211,1.28548,4811,16,0
2011-03-22 08:00:00,1.28548,1.28866,1.28524,1.28731,6864,15,0
2011-03-22 10:00:00,1.28735,1.28757,1.28312,1.28679,7664,15,0
2011-03-22 12:00:00,1.28681,1.28788,1.28354,1.28438,6627,15,0
2011-03-22 14:00:00,1.28436,1.28515,1.28149,1.28225,8139,17,0
2011-03-22 16:00:00,1.28224,1.28512,1.2815,1.28274,7479,16,0
2011-03-22 18:00:00,1.28273,1.28422,1.28189,1.28257,4887,15,0
2011-03-22 20:00:00,1.28256,1.28382,1.28219,1.2824,2804,30,0
2011-03-22 22:00:00,1.28242,1.28293,1.28191,1.28193,1769,30,0
2011-03-23 00:00:00,1.2819,1.28213,1.2791,1.27976,3730,30,0
2011-03-23 02:00:00,1.27976,1.28037,1.27891,1.28031,3057,30,0
2011-03-23 04:00:00,1.28032,1.2814,1.28007,1.28028,3007,28,0
2011-03-23 06:00:00,1.28028,1.28161,1.27853,1.2796,4370,15,0
2011-03-23 08:00:00,1.2796,1.28025,1.274,1.2761,8093,15,0
2011-03-23 10:00:00,1.27609,1.27897,1.27429,1.27738,7652,16,0
2011-03-23 12:00:00,1.27739,1.27755,1.27366,1.27389,8621,15,0
2011-03-23 14:00:00,1.2739,1.28052,1.27387,1.27967,9926,16,0
2011-03-23 16:00:00,1.27962,1.28296,1.2786,1.28234,9344,15,0
2011-03-23 18:00:00,1.28235,1.28322,1.2808,1.28198,6099,15,0
2011-03-23 20:00:00,1.28201,1.28339,1.27965,1.27966,4520,30,0
2011-03-23 22:00:00,1.27971,1.2807,1.27876,1.28,4533,30,0
2011-03-24 00:00:00,1.27996,1.28126,1.27993,1.28027,4389,32,0
2011-03-24 02:00:00,1.28028,1.28075,1.2787,1.27977,4562,28,0
2011-03-24 04:00:00,1.27975,1.28296,1.27951,1.28204,4009,31,0
2011-03-24 06:00:00,1.28203,1.28258,1.28015,1.28136,4212,17,0
2011-03-24 08:00:00,1.28137,1.28564,1.2803,1.28387,8874,15,0
2011-03-24 10:00:00,1.28388,1.28783,1.28378,1.28528,8086,16,0
2011-03-24 12:00:00,1.28528,1.28624,1.28057,1.28074,7959,16,0
2011-03-24 14:00:00,1.28071,1.28367,1.28008,1.28363,8474,16,0
2011-03-24 16:00:00,1.28362,1.28742,1.28265,1.28536,9044,17,0
2011-03-24 18:00:00,1.28535,1.2871,1.28466,1.28664,5399,15,0
2011-03-24 20:00:00,1.28662,1.28808,1.28631,1.28784,2661,30,0
2011-03-24 22:00:00,1.28782,1.28799,1.28663,1.28698,4330,30,0
2011-03-25 00:00:00,1.28698,1.28778,1.28545,1.28751,4035,30,0
2011-03-25 02:00:00,1.28752,1.28777,1.2866,1.28694,3199,30,0
2011-03-25 04:00:00,1.28693,1.28723,1.28638,1.28708,2053,30,0
2011-03-25 06:00:00,1.28707,1.29039,1.28682,1.29002,3947,16,0
2011-03-25 08:00:00,1.29002,1.29442,1.28902,1.29437,7951,18,0
2011-03-25 10:00:00,1.29435,1.29538,1.29255,1.29363,8087,15,0
2011-03-25 12:00:00,1.29359,1.29404,1.2914,1.29147,7950,15,0
2011-03-25 14:00:00,1.29146,1.2943,1.29081,1.2943,8272,15,0
2011-03-25 16:00:00,1.29432,1.29473,1.29153,1.29362,9098,16,0
2011-03-25 18:00:00,1.29365,1.2948,1.2918,1.29357,6688,15,0
2011-03-25 20:00:00,1.29356,1.29609,1.29319,1.29573,3934,30,0
2011-03-25 22:00:00,1.29573,1.29575,1.29573,1.29575,3,40,0
2011-03-28 00:00:00,1.29323,1.295,1.29254,1.29481,4913,38,0
2011-03-28 02:00:00,1.29481,1.29482,1.29141,1.29454,4760,33,0
2011-03-28 04:00:00,1.29454,1.29522,1.29406,1.29499,3068,30,0
2011-03-28 06:00:00,1.29497,1.29662,1.29435,1.29656,3876,20,0
2011-03-28 08:00:00,1.29657,1.29805,1.29235,1.294,7249,15,0
2011-03-28 10:00:00,1.29396,1.29473,1.29056,1.29059,7692,16,0
2011-03-28 12:00:00,1.2906,1.29188,1.28907,1.29137,6493,15,0
2011-03-28 14:00:00,1.29138,1.29383,1.29002,1.29281,7243,16,0
2011-03-28 16:00:00,1.29284,1.29407,1.29068,1.29322,8578,16,0
2011-03-28 18:00:00,1.29323,1.29475,1.29287,1.29291,4769,15,0
2011-03-28 20:00:00,1.2929,1.29367,1.29213,1.29243,2843,30,0
2011-03-28 22:00:00,1.29244,1.29248,1.29076,1.29109,2762,30,0
2011-03-29 00:00:00,1.29109,1.2912,1.28971,1.2898,3021,30,0
2011-03-29 02:00:00,1.28981,1.29043,1.28874,1.29033,3838,30,0
2011-03-29 04:00:00,1.29032,1.29087,1.28908,1.28961,2832,30,0
2011-03-29 06:00:00,1.28962,1.29202,1.2896,1.29135,3545,19,0
2011-03-29 08:00:00,1.29137,1.29421,1.29075,1.29271,7323,15,0
2011-03-29 10:00:00,1.2927,1.29722,1.29223,1.29587,7788,15,0
2011-03-29 12:00:00,1.29586,1.29715,1.29404,1.29493,8002,15,0
2011-03-29 14:00:00,1.29492,1.29674,1.29401,1.29514,8281,16,0
2011-03-29 16:00:00,1.29514,1.29811,1.29447,1.29708,7973,15,0
2011-03-29 18:00:00,1.29707,1.29843,1.29662,1.29808,6170,17,0
2011-03-29 20:00:00,1.29806,1.29901,1.29737,1.29822,2789,30,0
2011-03-29 22:00:00,1.29821,1.29899,1.29808,1.29862,2098,30,0
2011-03-30 00:00:00,1.29856,1.29923,1.29829,1.29878,2397,28,0
2011-03-30 02:00:00,1.29879,1.30008,1.29803,1.30006,4315,28,0
2011-03-30 04:00:00,1.30007,1.30121,1.29869,1.30104,4381,30,0
2011-03-30 06:00:00,1.30109,1.30123,1.2989,1.29956,5492,19,0
2011-03-30 08:00:00,1.29959,1.30072,1.29891,1.29941,7373,15,0
2011-03-30 10:00:00,1.29942,1.30144,1.29622,1.2963,8000,16,0
2011-03-30 12:00:00,1.29631,1.29968,1.2961,1.29913,7270,16,0
2011-03-30 14:00:00,1.29914,1.29954,1.29799,1.29942,7309,16,0
2011-03-30 16:00:00,1.29945,1.30374,1.29844,1.29846,9237,16,0
2011-03-30 18:00:00,1.29845,1.3003,1.29798,1.29826,6805,15,0
2011-03-30 20:00:00,1.29828,1.29863,1.29732,1.29801,2513,30,0
2011-03-30 22:00:00,1.298,1.29802,1.29707,1.29733,1999,30,0
2011-03-31 00:00:00,1.29735,1.29879,1.29713,1.29865,3966,32,0
2011-03-31 02:00:00,1.29864,1.29873,1.29734,1.29816,3732,28,0
2011-03-31 04:00:00,1.29816,1.29912,1.29677,1.29699,2704,30,0
2011-03-31 06:00:00,1.29698,1.29926,1.29659,1.2978,5305,18,0
2011-03-31 08:00:00,1.2978,1.3002,1.29656,1.29896,7161,16,0
2011-03-31 10:00:00,1.29897,1.30221,1.29802,1.30154,7061,16,0
2011-03-31 12:00:00,1.30154,1.30231,1.29886,1.3011,6044,15,0
2011-03-31 14:00:00,1.3011,1.30123,1.29321,1.29628,8793,16,0
2011-03-31 16:00:00,1.29631,1.29991,1.29545,1.29881,8986,17,0
2011-03-31 18:00:00,1.29881,1.30135,1.29874,1.30122,5242,16,0
2011-03-31 20:00:00,1.30123,1.30171,1.29992,1.30162,3511,30,0
2011-03-31 22:00:00,1.30161,1.30181,1.30078,1.30122,3668,30,0
2011-04-01 00:00:00,1.30123,1.30225,1.30087,1.30218,3865,31,0
2011-04-01 02:00:00,1.30219,1.30275,1.30161,1.30261,3212,30,0
2011-04-01 04:00:00,1.30261,1.30561,1.30247,1.3045,4221,30,0
2011-04-01 06:00:00,1.30447,1.305,1.30307,1.30412,4622,19,0
2011-04-01 08:00:00,1.30412,1.30697,1.3022,1.30597,7182,18,0
2011-04-01 10:00:00,1.30599,1.30673,1.30482,1.30542,6726,18,0
2011-04-01 12:00:00,1.30545,1.30716,1.30446,1.30522,6391,18,0
2011-04-01 14:00:00,1.30521,1.31429,1.3051,1.31247,9992,18,0
2011-04-01 16:00:00,1.31245,1.31593,1.31212,1.31371,10221,19,0
2011-04-01 18:00:00,1.31373,1.31691,1.31346,1.3161,6056,17,0
2011-04-01 20:00:00,1.31608,1.31619,1.31388,1.31536,4241,30,0
2011-04-01 22:00:00,1.31535,1.31556,1.31407,1.31486,1621,30,0
2011-04-04 00:00:00,1.31583,1.31762,1.31564,1.31739,4011,30,0
2011-04-04 02:00:00,1.31741,1.3184,1.31483,1.31501,4121,30,0
2011-04-04 04:00:00,1.31501,1.31543,1.31395,1.31446,2769,30,0
2011-04-04 06:00:00,1.31453,1.31522,1.31373,1.31489,3119,18,0
2011-04-04 08:00:00,1.31489,1.31542,1.31093,1.31299,6676,19,0
2011-04-04 10:00:00,1.313,1.3137,1.31123,1.31285,6780,17,0
2011-04-04 12:00:00,1.31286,1.31384,1.31136,1.3118,5835,15,0
2011-04-04 14:00:00,1.31179,1.31347,1.3095,1.30971,8190,17,0
2011-04-04 16:00:00,1.30972,1.31202,1.30849,1.31169,8354,17,0
2011-04-04 18:00:00,1.31169,1.31304,1.31057,1.31057,4630,15,0
2011-04-04 20:00:00,1.31058,1.31378,1.31047,1.31276,2989,30,0
2011-04-04 22:00:00,1.31277,1.31306,1.31228,1.31254,2161,30,0
2011-04-05 00:00:00,1.31249,1.31381,1.31207,1.31295,3027,30,0
2011-04-05 02:00:00,1.31296,1.31353,1.31129,1.31176,4549,32,0
2011-04-05 04:00:00,1.31178,1.31261,1.31036,1.31123,3148,33,0
2011-04-05 06:00:00,1.31122,1.31189,1.30905,1.30969,4490,18,0
2011-04-05 08:00:00,1.3097,1.31012,1.30728,1.30728,6638,17,0
2011-04-05 10:00:00,1.30729,1.30933,1.30535,1.30783,6578,15,0
2011-04-05 12:00:00,1.30784,1.31045,1.3075,1.30984,5764,15,0
2011-04-05 14:00:00,1.30983,1.31234,1.30759,1.31003,7996,18,0
2011-04-05 16:00:00,1.30996,1.31584,1.30876,1.31511,7962,17,0
2011-04-05 18:00:00,1.3151,1.31648,1.31506,1.31603,5329,18,0
2011-04-05 20:00:00,1.31603,1.31651,1.31539,1.31568,3509,30,0
2011-04-05 22:00:00,1.31569,1.31614,1.31533,1.3155,2014,30,0
2011-04-06 00:00:00,1.3155,1.31673,1.31536,1.31665,3388,30,0
2011-04-06 02:00:00,1.31667,1.3234,1.31641,1.32222,4686,30,0
2011-04-06 04:00:00,1.32221,1.32321,1.31877,1.32043,4063,30,0
2011-04-06 06:00:00,1.32048,1.32105,1.31986,1.32103,3773,15,0
2011-04-06 08:00:00,1.32107,1.32273,1.30992,1.31253,9163,19,0
2011-04-06 10:00:00,1.31252,1.31336,1.31017,1.31324,7530,20,0
2011-04-06 12:00:00,1.31323,1.3135,1.30668,1.3093,6802,17,0
2011-04-06 14:00:00,1.30931,1.31396,1.30909,1.31236,8356,18,0
2011-04-06 16:00:00,1.31236,1.31594,1.31105,1.31449,8594,18,0
2011-04-06 18:00:00,1.31451,1.3161,1.31403,1.31592,5244,15,0
2011-04-06 20:00:00,1.31591,1.31783,1.31583,1.31686,2654,30,0
2011-04-06 22:00:00,1.31686,1.31723,1.31616,1.31637,2781,30,0
2011-04-07 00:00:00,1.3164,1.3164,1.31498,1.31517,2631,30,0
2011-04-07 02:00:00,1.31516,1.31617,1.31491,1.31524,3090,30,0
2011-04-07 04:00:00,1.31525,1.3155,1.31351,1.31353,2697,30,0
2011-04-07 06:00:00,1.31353,1.31385,1.31198,1.31319,4359,16,0
2011-04-07 08:00:00,1.31318,1.31472,1.30913,1.31043,7562,17,0
2011-04-07 10:00:00,1.31041,1.31226,1.30948,1.31006,6331,16,0
2011-04-07 12:00:00,1.31008,1.31257,1.30897,1.31175,7428,17,0
2011-04-07 14:00:00,1.31176,1.31365,1.30902,1.31218,10461,20,0
2011-04-07 16:00:00,1.31219,1.31373,1.30692,1.31117,9826,19,0
2011-04-07 18:00:00,1.31116,1.31189,1.30919,1.30937,6402,15,0
2011-04-07 20:00:00,1.30938,1.31044,1.30879,1.30991,3572,30,0
2011-04-07 22:00:00,1.30984,1.31117,1.30971,1.31039,2736,30,0
2011-04-08 00:00:00,1.31041,1.31099,1.3093,1.30949,3036,30,0
2011-04-08 02:00:00,1.30947,1.31334,1.30946,1.3122,5307,32,0
2011-04-08 04:00:00,1.3122,1.31347,1.3098,1.31042,4756,30,0
2011-04-08 06:00:00,1.31044,1.31256,1.30986,1.31234,5218,15,0
2011-04-08 08:00:00,1.31235,1.3164,1.31228,1.31571,8369,17,0
2011-04-08 10:00:00,1.3157,1.31864,1.31294,1.31353,7654,17,0
2011-04-08 12:00:00,1.31353,1.31861,1.31314,1.31635,6688,17,0
2011-04-08 14:00:00,1.31637,1.31744,1.31446,1.31525,8164,17,0
2011-04-08 16:00:00,1.31527,1.31602,1.31332,1.31433,7924,19,0
2011-04-08 18:00:00,1.31434,1.31525,1.31335,1.31509,5660,16,0
2011-04-08 20:00:00,1.31508,1.31513,1.31257,1.31409,3988,30,0
2011-04-08 22:00:00,1.3141,1.31578,1.31207,1.31252,3298,30,0
2011-04-11 00:00:00,1.31248,1.31647,1.31237,1.31625,3167,36,0
2011-04-11 02:00:00,1.31624,1.31627,1.31156,1.31198,4499,30,0
2011-04-11 04:00:00,1.31197,1.31375,1.31174,1.31226,4427,34,0
2011-04-11 06:00:00,1.31231,1.31398,1.31195,1.31265,3106,15,0
2011-04-11 08:00:00,1.31263,1.31447,1.31059,1.31447,6882,19,0
2011-04-11 10:00:00,1.31446,1.31473,1.312,1.31404,6555,15,0
2011-04-11 12:00:00,1.31398,1.31507,1.31151,1.31194,5164,18,0
2011-04-11 14:00:00,1.31194,1.31311,1.31163,1.31211,6213,17,0
2011-04-11 16:00:00,1.3121,1.31471,1.31057,1.31061,6930,16,0
2011-04-11 18:00:00,1.31059,1.31069,1.30676,1.30789,5571,15,0
2011-04-11 20:00:00,1.30786,1.30871,1.30724,1.30806,2945,30,0
2011-04-11 22:00:00,1.30806,1.30881,1.308,1.30822,2431,30,0
2011-04-12 00:00:00,1.30812,1.30949,1.30666,1.30706,3901,31,0
2011-04-12 02:00:00,1.30707,1.30825,1.30497,1.3073,5592,30,0
2011-04-12 04:00:00,1.30729,1.30737,1.29697,1.30049,7486,34,0
2011-04-12 06:00:00,1.30046,1.30371,1.29937,1.30355,6469,20,0
2011-04-12 08:00:00,1.30354,1.30455,1.30164,1.30268,8209,17,0
2011-04-12 10:00:00,1.30268,1.30395,1.30198,1.30358,7933,17,0
2011-04-12 12:00:00,1.30359,1.3052,1.2992,1.30103,6696,17,0
2011-04-12 14:00:00,1.30098,1.30252,1.29835,1.30048,8732,18,0
2011-04-12 16:00:00,1.30042,1.30074,1.29596,1.29836,8715,18,0
2011-04-12 18:00:00,1.2984,1.29967,1.29688,1.29869,6343,19,0
2011-04-12 20:00:00,1.29857,1.29996,1.29805,1.29845,3298,30,0
2011-04-12 22:00:00,1.29846,1.29891,1.29759,1.29831,3200,30,0
2011-04-13 00:00:00,1.2983,1.29919,1.29705,1.2991,3800,34,0
2011-04-13 02:00:00,1.29911,1.30094,1.29806,1.29849,6216,33,0
2011-04-13 04:00:00,1.29844,1.29975,1.29817,1.29924,3712,30,0
2011-04-13 06:00:00,1.29924,1.30153,1.29852,1.30094,5445,19,0
2011-04-13 08:00:00,1.30093,1.30288,1.3005,1.30235,6843,17,0
2011-04-13 10:00:00,1.30235,1.30351,1.30006,1.30245,7555,19,0
2011-04-13 12:00:00,1.30246,1.30429,1.30061,1.30073,6483,18,0
2011-04-13 14:00:00,1.30074,1.3015,1.29885,1.29979,7808,18,0
2011-04-13 16:00:00,1.29978,1.30019,1.29162,1.29394,8577,18,0
2011-04-13 18:00:00,1.29394,1.29555,1.29275,1.29405,7552,17,0
2011-04-13 20:00:00,1.29403,1.29512,1.29306,1.29474,4617,30,0
2011-04-13 22:00:00,1.29473,1.29499,1.2937,1.29397,3039,30,0
2011-04-14 00:00:00,1.29396,1.29447,1.29325,1.294,3704,30,0
2011-04-14 02:00:00,1.29398,1.29436,1.29147,1.29259,6200,32,0
2011-04-14 04:00:00,1.29261,1.29531,1.29188,1.29499,4160,31,0
2011-04-14 06:00:00,1.295,1.29565,1.29016,1.29208,6875,21,0
2011-04-14 08:00:00,1.29206,1.29461,1.2919,1.29446,7368,17,0
2011-04-14 10:00:00,1.29444,1.2952,1.2892,1.2894,7849,18,0
2011-04-14 12:00:00,1.28938,1.28963,1.28436,1.28624,8424,17,0
2011-04-14 14:00:00,1.28625,1.28924,1.28567,1.2883,9387,18,0
2011-04-14 16:00:00,1.28831,1.29164,1.28735,1.29069,8928,17,0
2011-04-14 18:00:00,1.29068,1.29301,1.2906,1.29166,6686,17,0
2011-04-14 20:00:00,1.29167,1.29312,1.29158,1.29309,3730,30,0
2011-04-14 22:00:00,1.2931,1.29325,1.29241,1.29271,2062,30,0
2011-04-15 00:00:00,1.29275,1.29403,1.29257,1.29396,2406,30,0
2011-04-15 02:00:00,1.29397,1.29468,1.29264,1.29341,3856,30,0
2011-04-15 04:00:00,1.29342,1.29395,1.29221,1.29327,4229,32,0
2011-04-15 06:00:00,1.29326,1.29382,1.29188,1.2923,4177,20,0
2011-04-15 08:00:00,1.29234,1.29483,1.29061,1.29107,7540,17,0
2011-04-15 10:00:00,1.29106,1.29214,1.28961,1.2912,7477,15,0
2011-04-15 12:00:00,1.29121,1.29186,1.29017,1.29079,6152,15,0
2011-04-15 14:00:00,1.29078,1.29114,1.28651,1.28953,9627,19,0
2011-04-15 16:00:00,1.28951,1.29213,1.28783,1.29038,8368,15,0
2011-04-15 18:00:00,1.29037,1.292,1.28906,1.28909,5284,15,0
2011-04-15 20:00:00,1.28909,1.28986,1.28706,1.28725,3052,30,0
2011-04-15 22:00:00,1.28724,1.28831,1.28705,1.28742,1709,30,0
2011-04-18 00:00:00,1.28695,1.28708,1.28521,1.28533,3146,33,0
2011-04-18 02:00:00,1.28534,1.28668,1.28407,1.28485,4908,30,0
2011-04-18 04:00:00,1.28484,1.28576,1.28463,1.28519,3082,30,0
2011-04-18 06:00:00,1.28523,1.28629,1.28458,1.28624,4385,19,0
2011-04-18 08:00:00,1.28623,1.28865,1.2824,1.28291,8314,18,0
2011-04-18 10:00:00,1.28284,1.28439,1.28165,1.2837,7706,18,0
2011-04-18 12:00:00,1.28371,1.2842,1.28149,1.28203,7229,18,0
2011-04-18 14:00:00,1.28202,1.28285,1.27572,1.27593,9610,19,0
2011-04-18 16:00:00,1.27596,1.27826,1.27285,1.2769,9551,20,0
2011-04-18 18:00:00,1.27693,1.27917,1.27483,1.27906,5916,16,0
2011-04-18 20:00:00,1.27907,1.27907,1.27575,1.27587,4173,30,0
2011-04-18 22:00:00,1.27587,1.27671,1.27442,1.27458,2829,30,0
2011-04-19 00:00:00,1.27458,1.27537,1.27343,1.275,3881,30,0
2011-04-19 02:00:00,1.27501,1.27648,1.27346,1.2742,5603,32,0
2011-04-19 04:00:00,1.27419,1.27643,1.27397,1.27498,4254,32,0
2011-04-19 06:00:00,1.27497,1.27515,1.27287,1.27365,4489,20,0
2011-04-19 08:00:00,1.27361,1.27822,1.27302,1.27756,7804,20,0
2011-04-19 10:00:00,1.27758,1.28453,1.27688,1.28341,7871,18,0
2011-04-19 12:00:00,1.28339,1.28698,1.28204,1.28509,7958,17,0
2011-04-19 14:00:00,1.28508,1.28563,1.2821,1.28499,8402,19,0
2011-04-19 16:00:00,1.28499,1.28773,1.28455,1.28716,8414,18,0
2011-04-19 18:00:00,1.28719,1.2915,1.28614,1.29111,6402,17,0
2011-04-19 20:00:00,1.29112,1.29114,1.28911,1.2895,3369,30,0
2011-04-19 22:00:00,1.28949,1.29059,1.28894,1.28914,3480,30,0
2011-04-20 00:00:00,1.28911,1.29177,1.2887,1.29166,3695,30,0
2011-04-20 02:00:00,1.29167,1.29305,1.29057,1.29161,4981,30,0
2011-04-20 04:00:00,1.29154,1.29284,1.29109,1.29247,3791,30,0
2011-04-20 06:00:00,1.29252,1.29283,1.29152,1.29252,4252,15,0
2011-04-20 08:00:00,1.29255,1.29311,1.28948,1.29063,8115,19,0
2011-04-20 10:00:00,1.2906,1.29706,1.28973,1.29623,8418,19,0
2011-04-20 12:00:00,1.29624,1.29709,1.29298,1.29358,7670,18,0
2011-04-20 14:00:00,1.29358,1.29564,1.29104,1.29269,7818,19,0
2011-04-20 16:00:00,1.29257,1.29523,1.29191,1.29373,7403,20,0
2011-04-20 18:00:00,1.29374,1.29376,1.28905,1.29127,7271,17,0
2011-04-20 20:00:00,1.29126,1.29147,1.28869,1.28938,5190,30,0
2011-04-20 22:00:00,1.2894,1.2902,1.28873,1.28991,3681,30,0
2011-04-21 00:00:00,1.2899,1.2904,1.28943,1.29021,2708,30,0
2011-04-21 02:00:00,1.29019,1.29347,1.28981,1.29158,6137,32,0
2011-04-21 04:00:00,1.29157,1.2933,1.2913,1.29265,3156,30,0
2011-04-21 06:00:00,1.29264,1.2962,1.29263,1.29393,5501,17,0
2011-04-21 08:00:00,1.29393,1.29524,1.28962,1.28982,9360,22,0
2011-04-21 10:00:00,1.28979,1.29261,1.28972,1.29108,8720,20,0
2011-04-21 12:00:00,1.29107,1.29221,1.28788,1.28827,8246,18,0
2011-04-21 14:00:00,1.28828,1.28841,1.28009,1.28084,10630,21,0
2011-04-21 16:00:00,1.28085,1.28736,1.27999,1.28655,8973,20,0
2011-04-21 18:00:00,1.28656,1.28833,1.28538,1.28694,5592,16,0
2011-04-21 20:00:00,1.28696,1.28861,1.28636,1.28861,4200,30,0
2011-04-21 22:00:00,1.28869,1.28991,1.28814,1.28962,2669,30,0
2011-04-22 00:00:00,1.28963,1.29005,1.28913,1.28987,1657,30,0
2011-04-22 02:00:00,1.28986,1.29153,1.28883,1.29104,4494,32,0
2011-04-22 04:00:00,1.29103,1.29187,1.2907,1.29108,3128,30,0
2011-04-22 06:00:00,1.29107,1.29208,1.29025,1.29065,3874,25,0
2011-04-22 08:00:00,1.29066,1.29252,1.28929,1.28986,3654,23,0
2011-04-22 10:00:00,1.28982,1.29084,1.28923,1.28926,3908,23,0
2011-04-22 12:00:00,1.28925,1.28981,1.28802,1.28846,2986,15,0
2011-04-22 14:00:00,1.28841,1.28865,1.28739,1.28805,2338,22,0
2011-04-22 16:00:00,1.28806,1.29108,1.28796,1.28949,2296,19,0
2011-04-22 18:00:00,1.28945,1.28972,1.28686,1.28719,1668,25,0
2011-04-22 20:00:00,1.28721,1.28897,1.28689,1.28827,1365,41,0
2011-04-22 22:00:00,1.28818,1.28977,1.28795,1.2897,569,87,0
2011-04-25 00:00:00,1.28863,1.29049,1.28856,1.28928,3626,33,0
2011-04-25 02:00:00,1.28929,1.29117,1.28927,1.29022,6107,35,0
2011-04-25 04:00:00,1.29023,1.2904,1.28815,1.2891,5268,32,0
2011-04-25 06:00:00,1.28907,1.29038,1.2885,1.29031,5692,25,0
2011-04-25 08:00:00,1.2903,1.29089,1.28886,1.28958,4101,15,0
2011-04-25 10:00:00,1.28957,1.29037,1.28688,1.28756,4254,15,0
2011-04-25 12:00:00,1.28758,1.28782,1.28204,1.28368,5610,15,0
2011-04-25 14:00:00,1.28366,1.28528,1.28274,1.28483,5545,25,0
2011-04-25 16:00:00,1.28466,1.28517,1.28228,1.28356,7709,23,0
2011-04-25 18:00:00,1.28355,1.28501,1.28304,1.2834,6076,20,0
2011-04-25 20:00:00,1.28341,1.28495,1.28333,1.28414,3902,31,0
2011-04-25 22:00:00,1.28415,1.28481,1.28391,1.2844,2890,32,0
2011-04-26 00:00:00,1.28446,1.28499,1.28236,1.28249,3302,33,0
2011-04-26 02:00:00,1.28249,1.28499,1.28161,1.28416,7088,34,0
2011-04-26 04:00:00,1.2842,1.28497,1.28337,1.28371,3694,33,0
2011-04-26 06:00:00,1.2837,1.28506,1.28351,1.2849,3796,22,0
2011-04-26 08:00:00,1.28494,1.28641,1.28085,1.28204,9038,17,0
2011-04-26 10:00:00,1.28206,1.28264,1.2797,1.28216,8697,17,0
2011-04-26 12:00:00,1.28215,1.28235,1.28062,1.28169,6424,15,0
2011-04-26 14:00:00,1.28172,1.28518,1.28158,1.28452,8740,16,0
2011-04-26 16:00:00,1.28455,1.28793,1.28305,1.28743,8347,15,0
2011-04-26 18:00:00,1.28742,1.28742,1.28372,1.28432,6613,16,0
2011-04-26 20:00:00,1.28427,1.28495,1.28202,1.2821,3666,30,0
2011-04-26 22:00:00,1.28212,1.28277,1.27907,1.27909,3582,30,0
2011-04-27 00:00:00,1.27909,1.28013,1.27493,1.27973,6321,30,0
2011-04-27 02:00:00,1.27973,1.28147,1.27926,1.28035,6657,35,0
2011-04-27 04:00:00,1.28035,1.28163,1.27948,1.28054,3891,30,0
2011-04-27 06:00:00,1.28053,1.28237,1.28002,1.2818,3238,19,0
2011-04-27 08:00:00,1.28183,1.28471,1.28161,1.28382,7569,15,0
2011-04-27 10:00:00,1.28366,1.28449,1.28267,1.28449,7629,15,0
2011-04-27 12:00:00,1.28448,1.28678,1.28448,1.28605,6263,15,0
2011-04-27 14:00:00,1.28608,1.29124,1.28604,1.2907,7722,15,0
2011-04-27 16:00:00,1.29069,1.29273,1.2894,1.29097,9027,16,0
2011-04-27 18:00:00,1.29098,1.29289,1.28843,1.29252,8743,17,0
2011-04-27 20:00:00,1.2925,1.29346,1.29042,1.29272,7630,30,0
2011-04-27 22:00:00,1.29273,1.29363,1.29167,1.29335,3724,30,0
2011-04-28 00:00:00,1.29335,1.29467,1.29278,1.29428,2887,30,0
2011-04-28 02:00:00,1.29429,1.29478,1.29198,1.29219,6047,35,0
2011-04-28 04:00:00,1.29225,1.29362,1.2916,1.29269,4452,35,0
2011-04-28 06:00:00,1.29268,1.29419,1.2921,1.29257,3617,15,0
2011-04-28 08:00:00,1.29259,1.29386,1.29168,1.29304,7131,15,0
2011-04-28 10:00:00,1.29304,1.29641,1.29301,1.29452,6119,15,0
2011-04-28 12:00:00,1.29452,1.29518,1.29315,1.29409,6696,17,0
2011-04-28 14:00:00,1.29407,1.29553,1.292,1.29454,8243,15,0
2011-04-28 16:00:00,1.29456,1.29507,1.2913,1.2916,7801,16,0
2011-04-28 18:00:00,1.29157,1.29313,1.29087,1.29184,7169,10,4453497000
2011-04-28 20:00:00,1.29186,1.29438,1.29172,1.29401,5764,14,5729000000
2011-04-28 22:00:00,1.29401,1.29515,1.29401,1.29498,2214,17,463000000
2011-04-29 00:00:00,1.29496,1.29575,1.2949,1.29553,2772,30,0
2011-04-29 02:00:00,1.29553,1.29583,1.29424,1.29435,4476,30,0
2011-04-29 04:00:00,1.29434,1.29546,1.29424,1.29501,3474,30,0
2011-04-29 06:00:00,1.295,1.29578,1.29458,1.29551,3245,16,0
2011-04-29 08:00:00,1.29549,1.29566,1.29415,1.29475,4773,18,0
2011-04-29 10:00:00,1.29474,1.29479,1.28876,1.28935,5929,20,0
2011-04-29 12:00:00,1.28933,1.29009,1.28617,1.28623,6544,20,0
2011-04-29 14:00:00,1.28622,1.28885,1.2849,1.28555,8009,18,0
2011-04-29 16:00:00,1.28554,1.28904,1.28369,1.28446,8430,15,0
2011-04-29 18:00:00,1.28447,1.2847,1.28267,1.2839,5068,15,0
2011-04-29 20:00:00,1.28391,1.28394,1.28093,1.28099,4390,30,0
2011-04-29 22:00:00,1.28098,1.28267,1.2809,1.28105,1513,30,0
2011-05-02 00:00:00,1.28094,1.28272,1.28009,1.28053,5221,35,0
2011-05-02 02:00:00,1.28054,1.28268,1.27988,1.28173,5700,35,0
2011-05-02 04:00:00,1.28173,1.28482,1.28103,1.28417,5042,32,0
2011-05-02 06:00:00,1.28414,1.28502,1.28347,1.28498,3971,18,0
2011-05-02 08:00:00,1.28495,1.28649,1.28448,1.28648,5936,18,0
2011-05-02 10:00:00,1.28644,1.28787,1.28643,1.28663,5689,16,0
2011-05-02 12:00:00,1.2866,1.28694,1.2846,1.2858,4974,15,0
2011-05-02 14:00:00,1.28581,1.2876,1.28394,1.28403,6848,15,0
2011-05-02 16:00:00,1.28404,1.28692,1.28354,1.28481,8602,19,0
2011-05-02 18:00:00,1.28482,1.28597,1.28407,1.28495,5781,15,0
2011-05-02 20:00:00,1.28494,1.28547,1.28251,1.28281,3913,30,0
2011-05-02 22:00:00,1.28283,1.28303,1.2807,1.28196,3058,30,0
2011-05-03 00:00:00,1.282,1.28238,1.28104,1.28124,2900,31,0
2011-05-03 02:00:00,1.28124,1.28207,1.28057,1.281,3279,30,0
2011-05-03 04:00:00,1.28099,1.28164,1.28053,1.28076,2937,30,0
2011-05-03 06:00:00,1.28075,1.28273,1.28026,1.28264,4196,21,0
2011-05-03 08:00:00,1.28269,1.28377,1.27773,1.27917,6892,15,0
2011-05-03 10:00:00,1.27916,1.28214,1.2781,1.27926,7941,15,0
2011-05-03 12:00:00,1.27926,1.28107,1.27835,1.27924,6712,17,0
2011-05-03 14:00:00,1.27925,1.28056,1.27788,1.27832,8077,16,0
2011-05-03 16:00:00,1.27822,1.28105,1.27637,1.28073,8530,17,0
2011-05-03 18:00:00,1.28075,1.28077,1.27686,1.27759,6200,17,0
2011-05-03 20:00:00,1.27759,1.27846,1.27657,1.27781,5415,30,0
2011-05-03 22:00:00,1.27782,1.27794,1.27638,1.27663,3337,30,0
2011-05-04 00:00:00,1.27654,1.27844,1.27644,1.27794,3665,30,0
2011-05-04 02:00:00,1.27797,1.2786,1.27646,1.27706,5798,31,0
2011-05-04 04:00:00,1.27706,1.27883,1.27693,1.2785,4403,30,0
2011-05-04 06:00:00,1.2785,1.27934,1.27721,1.27848,3965,17,0
2011-05-04 08:00:00,1.27846,1.28169,1.27745,1.28042,8288,15,0
2011-05-04 10:00:00,1.28043,1.28201,1.2784,1.28158,8306,16,0
2011-05-04 12:00:00,1.28157,1.28268,1.2799,1.28201,6986,15,0
2011-05-04 14:00:00,1.28205,1.28277,1.27922,1.28003,9410,16,0
2011-05-04 16:00:00,1.28004,1.28007,1.27319,1.27522,8693,17,0
2011-05-04 18:00:00,1.27521,1.27743,1.27388,1.27693,7677,17,0
2011-05-04 20:00:00,1.27672,1.27798,1.27614,1.27785,4576,30,0
2011-05-04 22:00:00,1.27788,1.27823,1.27618,1.27685,3577,30,0
2011-05-05 00:00:00,1.27685,1.27744,1.27637,1.27673,3752,33,0
2011-05-05 02:00:00,1.27674,1.27773,1.27594,1.27731,5428,34,0
2011-05-05 04:00:00,1.27733,1.27752,1.27513,1.27704,4010,30,0
2011-05-05 06:00:00,1.27705,1.27931,1.27688,1.27767,3825,15,0
2011-05-05 08:00:00,1.27766,1.27804,1.27444,1.27463,6029,15,0
2011-05-05 10:00:00,1.27462,1.27816,1.27455,1.27531,7455,15,0
2011-05-05 12:00:00,1.27526,1.27565,1.27114,1.27328,8346,17,0
2011-05-05 14:00:00,1.27323,1.27488,1.26914,1.27236,11103,17,0
2011-05-05 16:00:00,1.27235,1.27361,1.26529,1.26855,10103,19,0
2011-05-05 18:00:00,1.26856,1.27019,1.26554,1.26617,8104,15,0
2011-05-05 20:00:00,1.26615,1.26628,1.26282,1.26515,7136,30,0
2011-05-05 22:00:00,1.26513,1.26548,1.26422,1.26507,3735,30,0
2011-05-06 00:00:00,1.26506,1.2671,1.2647,1.26666,4717,32,0
2011-05-06 02:00:00,1.26665,1.26751,1.26511,1.26696,6362,35,0
2011-05-06 04:00:00,1.26697,1.26776,1.26547,1.26557,4339,30,0
2011-05-06 06:00:00,1.2656,1.26699,1.26456,1.26528,5193,19,0
2011-05-06 08:00:00,1.26529,1.2691,1.26441,1.2664,8881,15,0
2011-05-06 10:00:00,1.26645,1.26948,1.26631,1.26646,9088,16,0
2011-05-06 12:00:00,1.26647,1.26909,1.26568,1.26667,7754,17,0
2011-05-06 14:00:00,1.26665,1.27456,1.26568,1.26857,10954,17,0
2011-05-06 16:00:00,1.26857,1.27083,1.26491,1.26581,9794,20,0
2011-05-06 18:00:00,1.26574,1.26593,1.25843,1.26141,11241,20,0
2011-05-06 20:00:00,1.26142,1.26272,1.25755,1.25829,7263,35,0
2011-05-06 22:00:00,1.2583,1.26007,1.25766,1.25804,2301,28,0
2011-05-09 00:00:00,1.26015,1.26154,1.25946,1.26116,5509,30,0
2011-05-09 02:00:00,1.26116,1.26237,1.25896,1.26193,6983,35,0
2011-05-09 04:00:00,1.26192,1.2622,1.26049,1.26105,4312,35,0
2011-05-09 06:00:00,1.26107,1.2617,1.25806,1.25948,5359,18,0
2011-05-09 08:00:00,1.25963,1.26229,1.25809,1.26094,9491,17,0
2011-05-09 10:00:00,1.26094,1.26249,1.25979,1.26232,8505,16,0
2011-05-09 12:00:00,1.26231,1.26268,1.26041,1.26205,7298,17,0
2011-05-09 14:00:00,1.26205,1.26255,1.25391,1.25404,10452,17,0
2011-05-09 16:00:00,1.25402,1.25498,1.24842,1.25166,10648,18,0
2011-05-09 18:00:00,1.25166,1.25272,1.25001,1.25066,8061,16,0
2011-05-09 20:00:00,1.25064,1.25218,1.25014,1.25106,5394,30,0
2011-05-09 22:00:00,1.25107,1.25253,1.25098,1.25234,3977,30,0
2011-05-10 00:00:00,1.25232,1.25282,1.25126,1.25214,5910,30,0
2011-05-10 02:00:00,1.25215,1.25275,1.25006,1.25138,6373,30,0
2011-05-10 04:00:00,1.2514,1.25263,1.25058,1.25242,5328,30,0
2011-05-10 06:00:00,1.2524,1.25288,1.24875,1.25154,7075,18,0
2011-05-10 08:00:00,1.25153,1.2632,1.24995,1.26098,10333,17,0
2011-05-10 10:00:00,1.26099,1.26103,1.25696,1.25774,8655,18,0
2011-05-10 12:00:00,1.25777,1.26058,1.25685,1.26053,7968,17,0
2011-05-10 14:00:00,1.26053,1.2623,1.25823,1.26038,8921,19,0
2011-05-10 16:00:00,1.26039,1.26419,1.25981,1.26401,7930,19,0
2011-05-10 18:00:00,1.26402,1.26795,1.26259,1.26643,8489,19,0
2011-05-10 20:00:00,1.26645,1.2687,1.26544,1.26801,4975,30,0
2011-05-10 22:00:00,1.26802,1.26846,1.26706,1.26769,3610,32,0
2011-05-11 00:00:00,1.26771,1.26862,1.26728,1.26786,4614,32,0
2011-05-11 02:00:00,1.26785,1.27,1.26701,1.26789,6210,31,0
2011-05-11 04:00:00,1.2679,1.2679,1.26586,1.26709,4927,31,0
2011-05-11 06:00:00,1.26709,1.26779,1.2647,1.26657,6490,18,0
2011-05-11 08:00:00,1.2666,1.26881,1.265,1.2662,7802,17,0
2011-05-11 10:00:00,1.2662,1.26774,1.26579,1.2666,7333,15,0
2011-05-11 12:00:00,1.26655,1.26724,1.26309,1.26594,7259,16,0
2011-05-11 14:00:00,1.26594,1.26689,1.26167,1.264,6819,16,0
2011-05-11 16:00:00,1.26405,1.26557,1.26128,1.26209,6073,18,0
2011-05-11 18:00:00,1.26204,1.26237,1.25898,1.26001,6811,20,0
2011-05-11 20:00:00,1.25995,1.26069,1.2588,1.25933,5318,29,0
2011-05-11 22:00:00,1.25937,1.261,1.25857,1.25883,4369,31,0
2011-05-12 00:00:00,1.25879,1.25963,1.25747,1.25875,5232,30,0
2011-05-12 02:00:00,1.25876,1.25984,1.25799,1.25913,5734,30,0
2011-05-12 04:00:00,1.25913,1.2598,1.25849,1.25971,3946,30,0
2011-05-12 06:00:00,1.25969,1.26126,1.25901,1.26015,5930,15,0
2011-05-12 08:00:00,1.26016,1.2615,1.25827,1.26067,8298,16,0
2011-05-12 10:00:00,1.26069,1.26097,1.255,1.25702,6167,17,0
2011-05-12 12:00:00,1.25702,1.25915,1.25587,1.25899,5208,15,0
2011-05-12 14:00:00,1.25894,1.26119,1.25767,1.26107,4973,15,0
2011-05-12 16:00:00,1.2611,1.26119,1.25622,1.25831,5313,16,0
2011-05-12 18:00:00,1.25837,1.26116,1.25754,1.25995,6149,15,0
2011-05-12 20:00:00,1.25994,1.26025,1.2585,1.25922,4397,30,0
2011-05-12 22:00:00,1.25924,1.25943,1.25865,1.25891,3214,30,0
2011-05-13 00:00:00,1.2589,1.25962,1.25845,1.25876,2987,30,0
2011-05-13 02:00:00,1.25876,1.25982,1.25828,1.25926,6871,30,0
2011-05-13 04:00:00,1.25928,1.25997,1.25836,1.25839,4850,30,0
2011-05-13 06:00:00,1.2584,1.26131,1.25764,1.26111,5586,15,0
2011-05-13 08:00:00,1.26116,1.26419,1.25876,1.26048,4739,15,0
2011-05-13 10:00:00,1.26044,1.26463,1.26016,1.26399,4345,15,0
2011-05-13 12:00:00,1.26396,1.26739,1.2639,1.2669,3526,15,0
2011-05-13 14:00:00,1.26689,1.26909,1.26162,1.26241,3231,15,0
2011-05-13 16:00:00,1.26242,1.26325,1.25887,1.2598,3869,19,0
2011-05-13 18:00:00,1.25955,1.26005,1.25771,1.2579,6940,21,0
2011-05-13 20:00:00,1.25788,1.2594,1.25766,1.25905,5270,30,0
2011-05-13 22:00:00,1.25907,1.2604,1.25845,1.26,2130,30,0
2011-05-16 00:00:00,1.25737,1.25759,1.25673,1.25696,4337,30,0
2011-05-16 02:00:00,1.2569,1.25738,1.25559,1.25718,6517,30,0
2011-05-16 04:00:00,1.25719,1.25822,1.25704,1.2571,4799,30,0
2011-05-16 06:00:00,1.25709,1.25808,1.25652,1.25803,5438,17,0
2011-05-16 08:00:00,1.25802,1.26123,1.25715,1.25718,6491,15,0
2011-05-16 10:00:00,1.25717,1.2573,1.2531,1.25358,5712,17,0
2011-05-16 12:00:00,1.25364,1.2548,1.25255,1.25425,5104,15,0
2011-05-16 14:00:00,1.25426,1.25516,1.25281,1.25511,5481,15,0
2011-05-16 16:00:00,1.2551,1.25738,1.25281,1.25382,5272,19,0
2011-05-16 18:00:00,1.25382,1.2549,1.25259,1.25341,5801,15,0
2011-05-16 20:00:00,1.2534,1.25449,1.25263,1.25329,4150,30,0
2011-05-16 22:00:00,1.25328,1.25329,1.25165,1.2518,3355,30,0
2011-05-17 00:00:00,1.25181,1.25225,1.25153,1.25205,4101,30,0
2011-05-17 02:00:00,1.25204,1.2531,1.25174,1.25247,5155,31,0
2011-05-17 04:00:00,1.25247,1.25309,1.25164,1.25295,4540,30,0
2011-05-17 06:00:00,1.25296,1.25581,1.25268,1.25482,5722,18,0
2011-05-17 08:00:00,1.25491,1.25638,1.25345,1.25579,6714,16,0
2011-05-17 10:00:00,1.2557,1.25901,1.25485,1.25672,6057,16,0
2011-05-17 12:00:00,1.25672,1.25936,1.25487,1.25491,6271,17,0
2011-05-17 14:00:00,1.25499,1.25592,1.25188,1.25513,5223,10,0
2011-05-17 16:00:00,1.2551,1.2566,1.25057,1.25234,4720,10,0
2011-05-17 18:00:00,1.2524,1.25381,1.25043,1.2533,3217,10,0
2011-05-17 20:00:00,1.25333,1.25376,1.25133,1.2528,2269,13,0
2011-05-17 22:00:00,1.25285,1.25376,1.25191,1.25305,948,15,0
2011-05-18 00:00:00,1.25303,1.25554,1.25295,1.25535,1201,16,0
2011-05-18 02:00:00,1.25521,1.25534,1.25365,1.25514,1887,13,0
2011-05-18 04:00:00,1.25526,1.25625,1.25448,1.25559,1292,19,0
2011-05-18 06:00:00,1.25573,1.25592,1.2544,1.25509,1387,19,0
2011-05-18 08:00:00,1.25506,1.25789,1.25419,1.25474,2912,10,0
2011-05-18 10:00:00,1.25477,1.25621,1.25424,1.25495,3025,10,0
2011-05-18 12:00:00,1.25495,1.25623,1.25416,1.2549,2440,10,0
2011-05-18 14:00:00,1.25491,1.257,1.25269,1.25546,3985,10,0
2011-05-18 16:00:00,1.25547,1.25682,1.25201,1.25462,4301,10,0
2011-05-18 18:00:00,1.25464,1.25544,1.25407,1.25493,2559,10,0
2011-05-18 20:00:00,1.25496,1.25562,1.25302,1.25465,2961,17,0
2011-05-18 22:00:00,1.25463,1.25553,1.25426,1.2551,801,16,0
2011-05-19 00:00:00,1.25523,1.25672,1.25504,1.25637,1065,22,0
2011-05-19 02:00:00,1.25618,1.2578,1.25561,1.25716,1239,15,0
2011-05-19 04:00:00,1.25708,1.25777,1.25597,1.25605,1448,16,0
2011-05-19 06:00:00,1.25609,1.2564,1.25322,1.25597,1638,21,0
2011-05-19 08:00:00,1.25596,1.25784,1.25404,1.25592,2918,10,0
2011-05-19 10:00:00,1.2559,1.26054,1.25482,1.25991,3385,10,0
2011-05-19 12:00:00,1.2599,1.26246,1.2584,1.2606,3073,10,0
2011-05-19 14:00:00,1.26056,1.2641,1.25969,1.26147,4727,10,0
2011-05-19 16:00:00,1.26142,1.26165,1.25686,1.25981,4663,10,0
2011-05-19 18:00:00,1.25983,1.2633,1.25937,1.26253,3022,15,0
2011-05-19 20:00:00,1.26257,1.26263,1.25989,1.26003,1586,16,0
2011-05-19 22:00:00,1.26008,1.26079,1.25898,1.26002,588,20,0
2011-05-20 00:00:00,1.26006,1.26225,1.26,1.26151,915,19,0
2011-05-20 02:00:00,1.26152,1.26224,1.26047,1.26206,1234,21,0
2011-05-20 04:00:00,1.26209,1.26319,1.26166,1.2629,583,22,0
2011-05-20 06:00:00,1.26291,1.26431,1.26256,1.26405,820,22,0
2011-05-20 08:00:00,1.26413,1.26453,1.2597,1.25985,2740,10,0
2011-05-20 10:00:00,1.25964,1.26041,1.25817,1.25874,2646,10,0
2011-05-20 12:00:00,1.25869,1.25951,1.25051,1.25364,3279,10,0
2011-05-20 14:00:00,1.25372,1.25384,1.24558,1.24702,5117,10,0
2011-05-20 16:00:00,1.24696,1.24696,1.24021,1.24394,5056,10,0
2011-05-20 18:00:00,1.24393,1.24735,1.24374,1.24707,2901,10,0
2011-05-20 20:00:00,1.24709,1.24723,1.24345,1.24421,1625,18,0
2011-05-20 22:00:00,1.2443,1.24478,1.24155,1.24225,775,29,0
2011-05-23 00:00:00,1.24211,1.24231,1.23791,1.2385,1312,23,0
2011-05-23 02:00:00,1.23831,1.24162,1.23458,1.23667,2349,21,0
2011-05-23 04:00:00,1.23668,1.23868,1.23642,1.23851,1134,19,0
2011-05-23 06:00:00,1.23855,1.23957,1.23644,1.23791,1151,14,0
2011-05-23 08:00:00,1.2379,1.23991,1.23558,1.23567,3420,10,0
2011-05-23 10:00:00,1.23579,1.23811,1.23232,1.23606,3831,10,0
2011-05-23 12:00:00,1.23622,1.24036,1.23573,1.23871,2565,10,0
2011-05-23 14:00:00,1.23868,1.23991,1.23649,1.23827,3439,10,0
2011-05-23 16:00:00,1.23807,1.23951,1.23605,1.23761,4013,10,0
2011-05-23 18:00:00,1.23771,1.2414,1.23664,1.24096,3215,10,0
2011-05-23 20:00:00,1.24095,1.24198,1.24034,1.24135,1362,21,0
2011-05-23 22:00:00,1.24142,1.24166,1.23902,1.24119,1302,19,0
2011-05-24 00:00:00,1.24129,1.24539,1.24012,1.24494,2039,16,0
2011-05-24 02:00:00,1.2449,1.24656,1.24175,1.24377,2557,18,0
2011-05-24 04:00:00,1.24372,1.24505,1.24236,1.24477,1221,16,0
2011-05-24 06:00:00,1.2449,1.24675,1.2446,1.24465,932,21,0
2011-05-24 08:00:00,1.24459,1.24478,1.24023,1.24062,2847,10,0
2011-05-24 10:00:00,1.24072,1.24391,1.24072,1.24231,3489,10,0
2011-05-24 12:00:00,1.24234,1.24237,1.23926,1.24039,2961,10,0
2011-05-24 14:00:00,1.24052,1.2417,1.23927,1.24047,3283,10,0
2011-05-24 16:00:00,1.2402,1.24233,1.23931,1.24146,4296,10,0
2011-05-24 18:00:00,1.24145,1.24146,1.23775,1.24024,2921,10,0
2011-05-24 20:00:00,1.24026,1.24137,1.23969,1.24046,1373,18,0
2011-05-24 22:00:00,1.24049,1.24121,1.23981,1.24062,773,21,0
2011-05-25 00:00:00,1.24061,1.24083,1.23984,1.24027,854,22,0
2011-05-25 02:00:00,1.24022,1.24066,1.23613,1.23636,2297,20,0
2011-05-25 04:00:00,1.23636,1.23714,1.23514,1.23575,1102,17,0
2011-05-25 06:00:00,1.23583,1.23621,1.23393,1.2354,1780,18,0
2011-05-25 08:00:00,1.23547,1.23695,1.23251,1.23521,3030,10,0
2011-05-25 10:00:00,1.23523,1.23523,1.23252,1.23292,3258,10,0
2011-05-25 12:00:00,1.23291,1.23409,1.22991,1.23281,3323,10,0
2011-05-25 14:00:00,1.23283,1.23285,1.22974,1.23058,4334,10,0
2011-05-25 16:00:00,1.23063,1.23242,1.22698,1.22975,9161,10,0
2011-05-25 18:00:00,1.22974,1.22987,1.22699,1.22849,7454,17,0
2011-05-25 20:00:00,1.22848,1.22992,1.22774,1.22907,4509,30,0
2011-05-25 22:00:00,1.22905,1.2294,1.22845,1.22869,3370,30,0
2011-05-26 00:00:00,1.22862,1.22971,1.22717,1.22851,4557,30,0
2011-05-26 02:00:00,1.22847,1.23388,1.22824,1.23365,6389,30,0
2011-05-26 04:00:00,1.23366,1.23383,1.2322,1.23223,3744,30,0
2011-05-26 06:00:00,1.23222,1.23371,1.2313,1.23366,6402,15,0
2011-05-26 08:00:00,1.23366,1.23588,1.23303,1.2347,8832,15,0
2011-05-26 10:00:00,1.23471,1.23476,1.23205,1.23366,8595,15,0
2011-05-26 12:00:00,1.23368,1.23467,1.23171,1.23355,7749,15,0
2011-05-26 14:00:00,1.23354,1.23466,1.22732,1.22737,12345,15,0
2011-05-26 16:00:00,1.2274,1.2279,1.2202,1.22081,12284,15,0
2011-05-26 18:00:00,1.22082,1.22401,1.22022,1.22305,8416,15,0
2011-05-26 20:00:00,1.22306,1.22479,1.22296,1.22428,7095,15,0
2011-05-26 22:00:00,1.22429,1.22444,1.2223,1.22262,2243,15,0
2011-05-27 00:00:00,1.22228,1.22444,1.22228,1.22418,2298,15,0
2011-05-27 02:00:00,1.22425,1.2255,1.22231,1.22326,4486,15,0
2011-05-27 04:00:00,1.22331,1.22539,1.21628,1.21848,5160,15,0
2011-05-27 06:00:00,1.21864,1.22242,1.21852,1.22179,6398,15,0
2011-05-27 08:00:00,1.22176,1.224,1.22103,1.22351,9252,15,0
2011-05-27 10:00:00,1.22352,1.22352,1.21652,1.21825,10061,15,0
2011-05-27 12:00:00,1.21827,1.22114,1.21778,1.22043,8869,15,0
2011-05-27 14:00:00,1.22041,1.22277,1.21895,1.22157,10861,15,0
2011-05-27 16:00:00,1.22153,1.22155,1.21474,1.21721,9181,15,0
2011-05-27 18:00:00,1.21722,1.21896,1.21682,1.21854,6994,18,0
2011-05-27 20:00:00,1.21837,1.21972,1.21735,1.21793,4715,28,0
2011-05-27 22:00:00,1.21789,1.2186,1.21002,1.21521,2598,32,0
2011-05-30 00:00:00,1.21693,1.21713,1.21483,1.2161,4568,30,0
2011-05-30 02:00:00,1.21609,1.2169,1.21507,1.21644,5853,30,0
2011-05-30 04:00:00,1.21645,1.21715,1.21592,1.21647,4548,30,0
2011-05-30 06:00:00,1.21644,1.21674,1.21545,1.21553,5208,15,0
2011-05-30 08:00:00,1.21554,1.21828,1.21508,1.21704,7635,15,0
2011-05-30 10:00:00,1.21703,1.21753,1.21357,1.21387,7005,15,0
2011-05-30 12:00:00,1.21385,1.21616,1.21345,1.21569,5570,15,0
2011-05-30 14:00:00,1.21569,1.21616,1.21453,1.21488,6882,15,0
2011-05-30 16:00:00,1.21483,1.21678,1.21366,1.21667,6784,15,0
2011-05-30 18:00:00,1.21664,1.21752,1.21647,1.21709,3892,20,0
2011-05-30 20:00:00,1.217,1.2178,1.21634,1.21755,3415,32,0
2011-05-30 22:00:00,1.21757,1.21763,1.21676,1.21705,2868,32,0
2011-05-31 00:00:00,1.21704,1.21918,1.21663,1.21682,5563,30,0
2011-05-31 02:00:00,1.21682,1.22145,1.21544,1.22145,6923,32,0
2011-05-31 04:00:00,1.22145,1.22156,1.21978,1.22117,5321,30,0
2011-05-31 06:00:00,1.22116,1.22761,1.22032,1.2273,7838,21,0
2011-05-31 08:00:00,1.22734,1.22785,1.22412,1.22489,7954,15,0
2011-05-31 10:00:00,1.22488,1.22779,1.22385,1.22589,7595,15,0
2011-05-31 12:00:00,1.22583,1.22968,1.22454,1.22738,7463,15,0
2011-05-31 14:00:00,1.22745,1.23108,1.22673,1.22988,6799,15,0
2011-05-31 16:00:00,1.2299,1.22991,1.22494,1.22541,6792,15,0
2011-05-31 18:00:00,1.22536,1.22655,1.22522,1.22615,6590,16,0
2011-05-31 20:00:00,1.22613,1.22748,1.22553,1.22733,3568,30,0
2011-05-31 22:00:00,1.22734,1.2294,1.22693,1.22911,3566,30,0
2011-06-01 00:00:00,1.22889,1.23074,1.22839,1.22842,5142,30,0
2011-06-01 02:00:00,1.22836,1.22908,1.22746,1.229,5253,30,0
2011-06-01 04:00:00,1.22904,1.23049,1.22877,1.22956,4458,30,0
2011-06-01 06:00:00,1.22957,1.23166,1.22935,1.23114,6204,17,0
2011-06-01 08:00:00,1.23114,1.23169,1.22453,1.2251,9175,15,0
2011-06-01 10:00:00,1.22511,1.22545,1.22109,1.22253,8599,15,0
2011-06-01 12:00:00,1.22253,1.22271,1.21591,1.21843,8292,15,0
2011-06-01 14:00:00,1.21844,1.21879,1.20978,1.20978,9151,16,0
2011-06-01 16:00:00,1.20979,1.2139,1.20857,1.21222,7930,15,0
2011-06-01 18:00:00,1.21223,1.21302,1.20864,1.21196,8375,15,0
2011-06-01 20:00:00,1.21196,1.21202,1.20801,1.2083,5263,30,0
2011-06-01 22:00:00,1.20828,1.20874,1.20525,1.20687,4206,30,0
2011-06-02 00:00:00,1.20685,1.20838,1.20668,1.20825,3666,30,0
2011-06-02 02:00:00,1.20823,1.21201,1.20769,1.21071,6059,30,0
2011-06-02 04:00:00,1.21072,1.21098,1.20963,1.21067,4532,30,0
2011-06-02 06:00:00,1.21068,1.21106,1.20944,1.20998,5893,18,0
2011-06-02 08:00:00,1.20999,1.2145,1.20992,1.21409,7961,15,0
2011-06-02 10:00:00,1.21413,1.21799,1.21413,1.21708,7785,15,0
2011-06-02 12:00:00,1.2171,1.21899,1.21568,1.21672,7569,16,0
2011-06-02 14:00:00,1.21675,1.21955,1.21312,1.21521,7473,16,0
2011-06-02 16:00:00,1.21525,1.21891,1.21475,1.21721,6734,15,0
2011-06-02 18:00:00,1.21723,1.22247,1.21642,1.22135,7622,19,0
2011-06-02 20:00:00,1.22142,1.2217,1.21824,1.22079,4068,30,0
2011-06-02 22:00:00,1.22082,1.22147,1.2201,1.2211,3015,30,0
2011-06-03 00:00:00,1.22104,1.22154,1.22051,1.22085,3590,30,0
2011-06-03 02:00:00,1.22084,1.22267,1.22042,1.22183,5618,30,0
2011-06-03 04:00:00,1.22182,1.22258,1.22156,1.22243,3210,30,0
2011-06-03 06:00:00,1.22243,1.22282,1.22105,1.22168,4792,15,0
2011-06-03 08:00:00,1.22164,1.22246,1.21849,1.22021,5867,15,0
2011-06-03 10:00:00,1.22026,1.22097,1.21806,1.21877,4978,15,0
2011-06-03 12:00:00,1.21879,1.22054,1.2181,1.21959,4600,15,0
2011-06-03 14:00:00,1.21962,1.22026,1.2107,1.21524,4584,16,0
2011-06-03 16:00:00,1.21522,1.21999,1.21504,1.21964,4040,16,0
2011-06-03 18:00:00,1.21963,1.22498,1.2192,1.22434,4831,16,0
2011-06-03 20:00:00,1.22433,1.22434,1.22172,1.2221,3526,30,0
2011-06-03 22:00:00,1.22209,1.22268,1.21907,1.22,1987,30,0
2011-06-06 00:00:00,1.22146,1.22346,1.22025,1.22068,5597,35,0
2011-06-06 02:00:00,1.22067,1.22152,1.21996,1.22089,6390,30,0
2011-06-06 04:00:00,1.2209,1.22187,1.22047,1.22135,4823,30,0
2011-06-06 06:00:00,1.22136,1.22249,1.22109,1.22148,5391,15,0
2011-06-06 08:00:00,1.2215,1.22394,1.21973,1.21991,7078,15,0
2011-06-06 10:00:00,1.22005,1.22578,1.21999,1.22383,6435,16,0
2011-06-06 12:00:00,1.22385,1.22394,1.22086,1.22228,5821,15,0
2011-06-06 14:00:00,1.22232,1.22523,1.22202,1.22263,5865,16,0
2011-06-06 16:00:00,1.22262,1.22314,1.2209,1.22252,4858,16,0
2011-06-06 18:00:00,1.2225,1.22279,1.22116,1.22119,5675,15,0
2011-06-06 20:00:00,1.22118,1.22196,1.21818,1.21824,4007,30,0
2011-06-06 22:00:00,1.21827,1.21859,1.21605,1.21746,3390,30,0
2011-06-07 00:00:00,1.21746,1.21858,1.21685,1.21819,4714,30,0
2011-06-07 02:00:00,1.21818,1.21902,1.21755,1.21779,4848,30,0
2011-06-07 04:00:00,1.21777,1.21943,1.21752,1.21931,4367,31,0
2011-06-07 06:00:00,1.21932,1.22007,1.21848,1.21976,6125,20,0
2011-06-07 08:00:00,1.21976,1.22234,1.21975,1.2221,5489,15,0
2011-06-07 10:00:00,1.22211,1.2235,1.2207,1.22261,5302,16,0
2011-06-07 12:00:00,1.22259,1.22468,1.22232,1.224,4604,15,0
2011-06-07 14:00:00,1.22405,1.22794,1.22297,1.22613,4551,15,0
2011-06-07 16:00:00,1.22611,1.23084,1.22604,1.23061,3900,15,0
2011-06-07 18:00:00,1.23063,1.2309,1.22979,1.23046,4396,15,0
2011-06-07 20:00:00,1.23046,1.23112,1.227,1.2273,3020,30,0
2011-06-07 22:00:00,1.22736,1.22891,1.22726,1.22837,3464,30,0
2011-06-08 00:00:00,1.22845,1.22928,1.22761,1.22838,3679,30,0
2011-06-08 02:00:00,1.22838,1.2291,1.22644,1.22662,5941,30,0
2011-06-08 04:00:00,1.22661,1.22677,1.22512,1.22615,4880,30,0
2011-06-08 06:00:00,1.22615,1.22861,1.22613,1.22699,5343,17,0
2011-06-08 08:00:00,1.22699,1.22868,1.22516,1.22539,6581,16,0
2011-06-08 10:00:00,1.22539,1.2269,1.22452,1.22628,6485,16,0
2011-06-08 12:00:00,1.22632,1.22664,1.22206,1.22292,4959,15,0
2011-06-08 14:00:00,1.22291,1.22372,1.22103,1.22277,3527,15,0
2011-06-08 16:00:00,1.22273,1.22444,1.21909,1.22052,3305,16,0
2011-06-08 18:00:00,1.22057,1.22071,1.21767,1.21791,3778,15,0
2011-06-08 20:00:00,1.21788,1.21976,1.21766,1.2177,2647,30,0
2011-06-08 22:00:00,1.21781,1.21962,1.21763,1.2189,3422,30,0
2011-06-09 00:00:00,1.21888,1.22042,1.21879,1.22025,3299,30,0
2011-06-09 02:00:00,1.22026,1.2233,1.2197,1.22285,5758,30,0
2011-06-09 04:00:00,1.22287,1.22328,1.22149,1.22156,4274,30,0
2011-06-09 06:00:00,1.22158,1.22374,1.2214,1.22315,4772,19,0
2011-06-09 08:00:00,1.22317,1.22553,1.22185,1.2244,3894,15,0
2011-06-09 10:00:00,1.22443,1.22878,1.22255,1.22697,3645,15,0
2011-06-09 12:00:00,1.22699,1.22738,1.22507,1.22631,3204,15,0
2011-06-09 14:00:00,1.22649,1.22995,1.21999,1.22199,2842,15,0
2011-06-09 16:00:00,1.22185,1.22306,1.21973,1.22246,2447,15,0
2011-06-09 18:00:00,1.22242,1.22305,1.22113,1.222,5049,16,0
2011-06-09 20:00:00,1.22193,1.22283,1.21991,1.22017,3249,30,0
2011-06-09 22:00:00,1.2201,1.22115,1.2196,1.22038,2921,30,0
2011-06-10 00:00:00,1.22041,1.22303,1.22033,1.22273,2860,30,0
2011-06-10 02:00:00,1.22283,1.2232,1.22107,1.22192,5028,30,0
2011-06-10 04:00:00,1.22194,1.22208,1.22029,1.22047,3369,30,0
2011-06-10 06:00:00,1.22049,1.22183,1.21961,1.2207,5171,20,0
2011-06-10 08:00:00,1.22073,1.22112,1.21748,1.21788,4107,15,0
2011-06-10 10:00:00,1.21774,1.22062,1.21657,1.21925,3715,15,0
2011-06-10 12:00:00,1.21928,1.21945,1.21672,1.2186,3596,15,0
2011-06-10 14:00:00,1.21867,1.21934,1.21358,1.21364,2800,15,0
2011-06-10 16:00:00,1.2138,1.21448,1.20804,1.20922,2855,15,0
2011-06-10 18:00:00,1.20926,1.20948,1.20587,1.20627,5223,15,0
2011-06-10 20:00:00,1.20628,1.20931,1.20621,1.20798,4111,30,0
2011-06-10 22:00:00,1.20809,1.21061,1.20779,1.20956,2233,30,0
2011-06-13 00:00:00,1.2071,1.20868,1.2069,1.20705,4324,35,0
2011-06-13 02:00:00,1.20706,1.21103,1.20704,1.21071,7166,32,0
2011-06-13 04:00:00,1.21073,1.21365,1.21043,1.2135,5334,30,0
2011-06-13 06:00:00,1.21349,1.21364,1.21215,1.21252,6118,18,0
2011-06-13 08:00:00,1.21253,1.21375,1.20711,1.21021,8102,15,0
2011-06-13 10:00:00,1.21019,1.21043,1.20034,1.20217,8795,15,0
2011-06-13 12:00:00,1.20218,1.20335,1.20103,1.20286,7499,17,0
2011-06-13 14:00:00,1.20284,1.20457,1.20209,1.20426,7714,15,0
2011-06-13 16:00:00,1.2043,1.20612,1.2021,1.20235,7860,15,0
2011-06-13 18:00:00,1.20236,1.20715,1.20157,1.20711,7440,15,0
2011-06-13 20:00:00,1.2071,1.20888,1.20617,1.20678,4915,30,0
2011-06-13 22:00:00,1.20679,1.20701,1.20581,1.20664,2917,30,0
2011-06-14 00:00:00,1.20662,1.20709,1.20563,1.20617,3247,30,0
2011-06-14 02:00:00,1.20616,1.20617,1.20114,1.20341,6276,31,0
2011-06-14 04:00:00,1.20342,1.20639,1.20323,1.20585,5049,30,0
2011-06-14 06:00:00,1.20585,1.20957,1.20554,1.20923,6433,15,0
2011-06-14 08:00:00,1.20924,1.21096,1.20702,1.20991,8354,15,0
2011-06-14 10:00:00,1.20991,1.21428,1.20991,1.21211,7517,15,0
2011-06-14 12:00:00,1.21211,1.2136,1.20968,1.21144,6312,15,0
2011-06-14 14:00:00,1.21145,1.22028,1.21117,1.2178,7338,16,0
2011-06-14 16:00:00,1.21778,1.22285,1.21749,1.22217,6610,15,0
2011-06-14 18:00:00,1.22216,1.22533,1.22211,1.22292,6899,15,0
2011-06-14 20:00:00,1.22287,1.22294,1.22092,1.22143,3681,30,0
2011-06-14 22:00:00,1.22142,1.22159,1.22,1.22061,3735,30,0
2011-06-15 00:00:00,1.22058,1.22132,1.21924,1.21949,3643,30,0
2011-06-15 02:00:00,1.2195,1.22028,1.21705,1.21766,5955,30,0
2011-06-15 04:00:00,1.21765,1.21866,1.21683,1.21685,4427,30,0
2011-06-15 06:00:00,1.21692,1.22441,1.2168,1.22236,6359,15,0
2011-06-15 08:00:00,1.22234,1.22235,1.2165,1.22014,8251,15,0
2011-06-15 10:00:00,1.22007,1.22037,1.21443,1.21518,7188,15,0
2011-06-15 12:00:00,1.2152,1.21722,1.2149,1.21635,6985,15,0
2011-06-15 14:00:00,1.21634,1.21701,1.21208,1.21466,6896,15,0
2011-06-15 16:00:00,1.21466,1.21487,1.20865,1.20986,6377,15,0
2011-06-15 18:00:00,1.20986,1.21238,1.20879,1.20914,7070,17,0
2011-06-15 20:00:00,1.20912,1.21021,1.20808,1.20976,5117,30,0
2011-06-15 22:00:00,1.20977,1.20978,1.20795,1.20884,3687,30,0
2011-06-16 00:00:00,1.20879,1.20943,1.20786,1.2089,5185,30,0
2011-06-16 02:00:00,1.2089,1.21062,1.2085,1.21044,6307,30,0
2011-06-16 04:00:00,1.21042,1.2124,1.21007,1.21056,4169,30,0
2011-06-16 06:00:00,1.21056,1.21068,1.19948,1.20451,8356,20,0
2011-06-16 08:00:00,1.2045,1.20533,1.20174,1.20293,10244,15,0
2011-06-16 10:00:00,1.20294,1.2046,1.19566,1.20039,10185,15,0
2011-06-16 12:00:00,1.20039,1.20067,1.19597,1.19611,9538,16,0
2011-06-16 14:00:00,1.1961,1.20292,1.19463,1.20115,10797,20,0
2011-06-16 16:00:00,1.20113,1.20503,1.19882,1.20414,10683,16,0
2011-06-16 18:00:00,1.20413,1.20597,1.20149,1.2015,7633,15,0
2011-06-16 20:00:00,1.20151,1.20522,1.20112,1.20453,5245,30,0
2011-06-16 22:00:00,1.20454,1.20644,1.20259,1.20478,4394,30,0
2011-06-17 00:00:00,1.20482,1.20578,1.20429,1.20549,4523,30,0
2011-06-17 02:00:00,1.20548,1.20724,1.20454,1.20455,6242,32,0
2011-06-17 04:00:00,1.20455,1.20531,1.20351,1.20364,5381,30,0
2011-06-17 06:00:00,1.20366,1.20384,1.20093,1.20183,6714,15,0
2011-06-17 08:00:00,1.2018,1.20535,1.19984,1.19984,9116,16,0
2011-06-17 10:00:00,1.19981,1.20683,1.19836,1.20501,9599,16,0
2011-06-17 12:00:00,1.20502,1.2138,1.20329,1.21182,9640,16,0
2011-06-17 14:00:00,1.21181,1.21181,1.20847,1.21146,8949,15,0
2011-06-17 16:00:00,1.21145,1.21296,1.21019,1.21229,9010,15,0
2011-06-17 18:00:00,1.2123,1.2123,1.20964,1.2121,7487,15,0
2011-06-17 20:00:00,1.21212,1.21441,1.21122,1.21263,4323,30,0
2011-06-20 00:00:00,1.21133,1.21289,1.2101,1.2101,4444,32,0
2011-06-20 02:00:00,1.21009,1.21339,1.21008,1.21222,6276,30,0
2011-06-20 04:00:00,1.21219,1.21381,1.21206,1.21223,5046,31,0
2011-06-20 06:00:00,1.21216,1.21256,1.20747,1.20907,7666,15,0
2011-06-20 08:00:00,1.20904,1.20947,1.20166,1.20241,9833,15,0
2011-06-20 10:00:00,1.20245,1.20584,1.20223,1.20507,8230,15,0
2011-06-20 12:00:00,1.20507,1.20604,1.20339,1.20411,7326,15,0
2011-06-20 14:00:00,1.20411,1.20827,1.20373,1.20593,9299,15,0
2011-06-20 16:00:00,1.20594,1.20675,1.2036,1.20512,8698,15,0
2011-06-20 18:00:00,1.20514,1.21017,1.20486,1.21015,7302,15,0
2011-06-20 20:00:00,1.21014,1.21138,1.20923,1.21033,4375,30,0
2011-06-20 22:00:00,1.21032,1.2107,1.20919,1.21025,2819,30,0
2011-06-21 00:00:00,1.21019,1.21265,1.20979,1.21235,5162,31,0
2011-06-21 02:00:00,1.21236,1.21236,1.20758,1.20796,7026,30,0
2011-06-21 04:00:00,1.20793,1.20879,1.20673,1.20844,4009,30,0
2011-06-21 06:00:00,1.20843,1.21083,1.20813,1.20958,6041,21,0
2011-06-21 08:00:00,1.20957,1.21245,1.2095,1.21106,8226,15,0
2011-06-21 10:00:00,1.21104,1.21173,1.20879,1.20893,8325,15,0
2011-06-21 12:00:00,1.20892,1.21354,1.20844,1.2132,7420,15,0
2011-06-21 14:00:00,1.21323,1.21355,1.21051,1.21077,7842,15,0
2011-06-21 16:00:00,1.21075,1.21467,1.21063,1.21398,8145,15,0
2011-06-21 18:00:00,1.21399,1.2147,1.20964,1.2106,7012,15,0
2011-06-21 20:00:00,1.21059,1.21222,1.21017,1.21036,3867,30,0
2011-06-21 22:00:00,1.21037,1.21282,1.20931,1.21063,4484,30,0
2011-06-22 00:00:00,1.21063,1.21154,1.20763,1.21051,6217,30,0
2011-06-22 02:00:00,1.21051,1.21156,1.20844,1.20907,5970,34,0
2011-06-22 04:00:00,1.20907,1.21046,1.20906,1.21009,3592,30,0
2011-06-22 06:00:00,1.2101,1.21178,1.20964,1.2109,5781,21,0
2011-06-22 08:00:00,1.2109,1.2147,1.21018,1.21247,8078,15,0
2011-06-22 10:00:00,1.21247,1.21336,1.21003,1.21095,7911,15,0
2011-06-22 12:00:00,1.21092,1.21201,1.20826,1.21123,7315,15,0
2011-06-22 14:00:00,1.21122,1.21143,1.20721,1.20858,8117,15,0
2011-06-22 16:00:00,1.20859,1.20859,1.20345,1.20363,8517,15,0
2011-06-22 18:00:00,1.20362,1.20636,1.20265,1.20591,7840,15,0
2011-06-22 20:00:00,1.20592,1.20699,1.20433,1.20457,6222,30,0
2011-06-22 22:00:00,1.20456,1.20532,1.20314,1.20361,4684,30,0
2011-06-23 00:00:00,1.20357,1.20452,1.20271,1.20431,5222,30,0
2011-06-23 02:00:00,1.20432,1.20706,1.20383,1.20523,7607,30,0
2011-06-23 04:00:00,1.20524,1.20587,1.20427,1.20504,5805,31,0
2011-06-23 06:00:00,1.20501,1.2055,1.20321,1.20364,5055,20,0
2011-06-23 08:00:00,1.20365,1.20422,1.19779,1.19952,8911,15,0
2011-06-23 10:00:00,1.19953,1.2005,1.19735,1.19769,7600,15,0
2011-06-23 12:00:00,1.1977,1.19832,1.19581,1.1963,7255,15,0
2011-06-23 14:00:00,1.1963,1.1975,1.18452,1.18606,8487,15,0
2011-06-23 16:00:00,1.186,1.18922,1.18518,1.187,7951,15,0
2011-06-23 18:00:00,1.187,1.18994,1.18609,1.18992,7145,15,0
2011-06-23 20:00:00,1.18991,1.19644,1.18853,1.19614,5669,30,0
2011-06-23 22:00:00,1.19614,1.19614,1.19462,1.19535,3453,30,0
2011-06-24 00:00:00,1.19536,1.19619,1.19522,1.19595,3163,30,0
2011-06-24 02:00:00,1.19595,1.19614,1.19369,1.19443,5528,30,0
2011-06-24 04:00:00,1.19444,1.19563,1.1944,1.19547,4537,30,0
2011-06-24 06:00:00,1.19546,1.19605,1.19483,1.1951,5212,18,0
2011-06-24 08:00:00,1.1951,1.1955,1.18904,1.19144,7711,15,0
2011-06-24 10:00:00,1.19142,1.19607,1.19116,1.19183,6694,15,0
2011-06-24 12:00:00,1.19184,1.19196,1.18629,1.18943,7514,15,0
2011-06-24 14:00:00,1.18944,1.19314,1.18769,1.18906,9691,16,0
2011-06-24 16:00:00,1.18906,1.19017,1.18576,1.18803,8650,15,0
2011-06-24 18:00:00,1.18803,1.1889,1.18429,1.18717,7890,16,0
2011-06-24 20:00:00,1.18716,1.18842,1.1863,1.18766,4565,30,0
2011-06-24 22:00:00,1.18765,1.1885,1.18061,1.18218,2932,30,0
2011-06-27 00:00:00,1.18365,1.18428,1.18157,1.18173,4984,31,0
2011-06-27 02:00:00,1.18174,1.18376,1.18162,1.18271,7012,30,0
2011-06-27 04:00:00,1.18272,1.1831,1.18215,1.18264,4709,30,0
2011-06-27 06:00:00,1.18264,1.18312,1.18201,1.18225,5615,19,0
2011-06-27 08:00:00,1.18224,1.18701,1.18178,1.18311,8795,15,0
2011-06-27 10:00:00,1.18312,1.18821,1.18249,1.18492,9179,15,0
2011-06-27 12:00:00,1.18495,1.18677,1.18328,1.18375,8242,15,0
2011-06-27 14:00:00,1.18378,1.18748,1.18362,1.18683,8515,15,0
2011-06-27 16:00:00,1.18674,1.19484,1.18497,1.19473,8916,15,0
2011-06-27 18:00:00,1.19471,1.19567,1.1926,1.19306,7386,15,0
2011-06-27 20:00:00,1.19303,1.19383,1.1929,1.19357,4095,30,0
2011-06-27 22:00:00,1.19356,1.19371,1.19218,1.19295,3496,30,0
2011-06-28 00:00:00,1.19295,1.19504,1.19283,1.19347,4601,30,0
2011-06-28 02:00:00,1.19343,1.19462,1.19234,1.19436,6564,30,0
2011-06-28 04:00:00,1.19439,1.19504,1.19393,1.1942,4348,30,0
2011-06-28 06:00:00,1.1942,1.19436,1.19137,1.19192,5655,15,0
2011-06-28 08:00:00,1.19189,1.19573,1.18981,1.1949,9148,15,0
2011-06-28 10:00:00,1.19489,1.19558,1.18887,1.19073,8992,15,0
2011-06-28 12:00:00,1.19074,1.19131,1.18628,1.18901,8783,15,0
2011-06-28 14:00:00,1.18905,1.19272,1.1882,1.19031,8467,15,0
2011-06-28 16:00:00,1.19038,1.19332,1.18879,1.19215,7852,15,0
2011-06-28 18:00:00,1.19213,1.19499,1.19131,1.19482,7700,15,0
2011-06-28 20:00:00,1.19487,1.19584,1.19413,1.19515,3872,30,0
2011-06-28 22:00:00,1.19516,1.19573,1.19451,1.19553,3197,30,0
2011-06-29 00:00:00,1.19552,1.19614,1.19472,1.19519,3512,30,0
2011-06-29 02:00:00,1.1952,1.19539,1.19311,1.19388,4511,30,0
2011-06-29 04:00:00,1.19389,1.19485,1.19339,1.1934,3529,30,0
2011-06-29 06:00:00,1.1934,1.19462,1.19248,1.19366,5865,16,0
2011-06-29 08:00:00,1.19366,1.19772,1.1924,1.19615,8046,16,0
2011-06-29 10:00:00,1.19616,1.19902,1.19499,1.19775,7995,15,0
2011-06-29 12:00:00,1.19776,1.20583,1.19729,1.20282,8098,15,0
2011-06-29 14:00:00,1.20281,1.20482,1.19889,1.20015,7337,15,0
2011-06-29 16:00:00,1.20031,1.20504,1.19961,1.20454,6363,15,0
2011-06-29 18:00:00,1.20455,1.20538,1.20366,1.20385,6189,15,0
2011-06-29 20:00:00,1.20386,1.20508,1.20307,1.20504,3899,30,0
2011-06-29 22:00:00,1.205,1.20523,1.20397,1.20446,2995,30,0
2011-06-30 00:00:00,1.20447,1.20688,1.20438,1.20624,2723,30,0
2011-06-30 02:00:00,1.20623,1.20627,1.20304,1.20439,5474,30,0
2011-06-30 04:00:00,1.20438,1.20643,1.20401,1.20542,5634,30,0
2011-06-30 06:00:00,1.20541,1.20586,1.20473,1.20577,5598,15,0
2011-06-30 08:00:00,1.20578,1.20945,1.20415,1.20825,7946,15,0
2011-06-30 10:00:00,1.20828,1.2088,1.20692,1.20707,7535,15,0
2011-06-30 12:00:00,1.20706,1.2086,1.20695,1.20755,7266,15,0
2011-06-30 14:00:00,1.20753,1.21973,1.20682,1.21865,7844,15,0
2011-06-30 16:00:00,1.21864,1.22426,1.21864,1.2218,7723,15,0
2011-06-30 18:00:00,1.22181,1.22271,1.21889,1.2193,6539,15,0
2011-06-30 20:00:00,1.21925,1.22065,1.2189,1.21912,3393,30,0
2011-06-30 22:00:00,1.21913,1.21936,1.21832,1.21916,3341,30,0
2011-07-01 00:00:00,1.21908,1.22006,1.21849,1.21886,4217,30,0
2011-07-01 02:00:00,1.21887,1.21939,1.21851,1.219,5425,30,0
2011-07-01 04:00:00,1.21901,1.22032,1.21885,1.2203,3640,30,0
2011-07-01 06:00:00,1.2203,1.22383,1.22022,1.22327,5677,15,0
2011-07-01 08:00:00,1.22332,1.22897,1.22302,1.22746,8610,15,0
2011-07-01 10:00:00,1.22748,1.22995,1.22596,1.22721,8247,15,0
2011-07-01 12:00:00,1.22721,1.22889,1.22488,1.22699,7829,15,0
2011-07-01 14:00:00,1.22699,1.22783,1.22437,1.226,6732,15,0
2011-07-01 16:00:00,1.22595,1.23227,1.22581,1.23022,6016,15,0
2011-07-01 18:00:00,1.23021,1.23143,1.22995,1.23108,5987,15,0
2011-07-01 20:00:00,1.23109,1.23323,1.23045,1.23305,3553,30,0
2011-07-01 22:00:00,1.23312,1.23313,1.23046,1.23116,1125,30,0
2011-07-04 00:00:00,1.23215,1.23433,1.23199,1.23361,3985,30,0
2011-07-04 02:00:00,1.23364,1.23427,1.2309,1.2323,4667,28,0
2011-07-04 04:00:00,1.23232,1.23346,1.23214,1.23331,3751,30,0
2011-07-04 06:00:00,1.23323,1.23389,1.23005,1.2312,6198,15,0
2011-07-04 08:00:00,1.23121,1.23436,1.23104,1.2324,8390,15,0
2011-07-04 10:00:00,1.23239,1.23448,1.23159,1.23278,7421,15,0
2011-07-04 12:00:00,1.23276,1.23362,1.23126,1.23166,7098,15,0
2011-07-04 14:00:00,1.23166,1.23278,1.2304,1.23135,6400,15,0
2011-07-04 16:00:00,1.23136,1.23389,1.2312,1.23199,5705,15,0
2011-07-04 18:00:00,1.232,1.23325,1.2313,1.23206,4406,16,0
2011-07-04 20:00:00,1.232,1.23303,1.23188,1.23277,4966,31,0
2011-07-04 22:00:00,1.2328,1.23311,1.23208,1.23232,2385,38,0
2011-07-05 00:00:00,1.23223,1.23377,1.23207,1.23363,4153,30,0
2011-07-05 02:00:00,1.23364,1.23369,1.2303,1.23057,6884,30,0
2011-07-05 04:00:00,1.23056,1.23068,1.22768,1.22902,4300,30,0
2011-07-05 06:00:00,1.22903,1.23001,1.22804,1.22858,6301,20,0
2011-07-05 08:00:00,1.2286,1.22963,1.22523,1.22544,8350,15,0
2011-07-05 10:00:00,1.22545,1.2256,1.2206,1.22133,9025,15,0
2011-07-05 12:00:00,1.22131,1.22394,1.22055,1.22206,7623,15,0
2011-07-05 14:00:00,1.22207,1.22401,1.2207,1.22301,7645,15,0
2011-07-05 16:00:00,1.22304,1.22396,1.22113,1.22281,7469,15,0
2011-07-05 18:00:00,1.22283,1.22377,1.22177,1.22362,6182,15,0
2011-07-05 20:00:00,1.2236,1.22368,1.20987,1.21222,5768,30,0
2011-07-05 22:00:00,1.21225,1.21342,1.21212,1.2128,2939,30,0
2011-07-06 00:00:00,1.21271,1.21362,1.21223,1.21333,4078,29,0
2011-07-06 02:00:00,1.21332,1.21413,1.21277,1.21362,5449,30,0
2011-07-06 04:00:00,1.21361,1.21409,1.21297,1.21324,3338,30,0
2011-07-06 06:00:00,1.21323,1.21591,1.21303,1.21589,5456,15,0
2011-07-06 08:00:00,1.21588,1.21709,1.2081,1.20942,9348,15,0
2011-07-06 10:00:00,1.20941,1.21221,1.20768,1.20945,8541,15,0
2011-07-06 12:00:00,1.20944,1.21052,1.20577,1.20609,8557,15,0
2011-07-06 14:00:00,1.2061,1.2064,1.20219,1.20408,8025,15,0
2011-07-06 16:00:00,1.20416,1.2045,1.19667,1.20261,8121,15,0
2011-07-06 18:00:00,1.20258,1.20368,1.20138,1.20277,6897,16,0
2011-07-06 20:00:00,1.20277,1.20277,1.19942,1.20092,4152,30,0
2011-07-06 22:00:00,1.20093,1.20226,1.20084,1.20223,3049,30,0
2011-07-07 00:00:00,1.20209,1.20312,1.20126,1.20295,4094,30,0
2011-07-07 02:00:00,1.20297,1.20387,1.20192,1.20342,4927,30,0
2011-07-07 04:00:00,1.20342,1.20371,1.2021,1.20242,4550,30,0
2011-07-07 06:00:00,1.20243,1.20315,1.20115,1.20258,5900,15,0
2011-07-07 08:00:00,1.20259,1.20523,1.19762,1.19861,7990,15,0
2011-07-07 10:00:00,1.19862,1.20559,1.19799,1.20438,7683,15,0
2011-07-07 12:00:00,1.20439,1.20636,1.2028,1.20321,7167,15,0
2011-07-07 14:00:00,1.2032,1.21052,1.20268,1.20862,7444,15,0
2011-07-07 16:00:00,1.20857,1.21426,1.20848,1.21117,9408,15,0
2011-07-07 18:00:00,1.21121,1.21191,1.20936,1.2109,6862,15,0
2011-07-07 20:00:00,1.21091,1.21358,1.21089,1.212,4056,30,0
2011-07-07 22:00:00,1.21201,1.21323,1.21201,1.21306,2716,30,0
2011-07-08 00:00:00,1.21313,1.21348,1.21259,1.21326,3074,30,0
2011-07-08 02:00:00,1.21329,1.21338,1.21194,1.2122,4479,30,0
2011-07-08 04:00:00,1.21219,1.21234,1.21108,1.2117,3290,30,0
2011-07-08 06:00:00,1.2116,1.21265,1.2107,1.21234,4927,18,0
2011-07-08 08:00:00,1.21236,1.21686,1.21235,1.21252,8121,15,0
2011-07-08 10:00:00,1.21251,1.21655,1.2054,1.20577,9196,15,0
2011-07-08 12:00:00,1.2058,1.21237,1.2058,1.20815,8268,15,0
2011-07-08 14:00:00,1.20814,1.21402,1.19766,1.20205,11191,15,0
2011-07-08 16:00:00,1.20202,1.20229,1.19079,1.19365,10735,16,0
2011-07-08 18:00:00,1.19364,1.19525,1.19152,1.19209,8079,16,0
2011-07-08 20:00:00,1.19211,1.19323,1.19103,1.19254,4506,30,0
2011-07-08 22:00:00,1.19255,1.19373,1.19213,1.19238,1578,30,0
2011-07-11 00:00:00,1.1891,1.19014,1.18848,1.19,4856,30,0
2011-07-11 02:00:00,1.18999,1.19203,1.18876,1.19042,5836,30,0
2011-07-11 04:00:00,1.19041,1.19112,1.18896,1.18959,4420,30,0
2011-07-11 06:00:00,1.1896,1.19086,1.18831,1.19078,5858,15,0
2011-07-11 08:00:00,1.19079,1.1908,1.18359,1.18427,9809,16,0
2011-07-11 10:00:00,1.18428,1.18615,1.18191,1.18258,9386,15,0
2011-07-11 12:00:00,1.18256,1.18318,1.1746,1.17494,9423,15,0
2011-07-11 14:00:00,1.17493,1.17569,1.16934,1.17412,10910,16,0
2011-07-11 16:00:00,1.17412,1.17415,1.16718,1.17188,10891,15,0
2011-07-11 18:00:00,1.17192,1.17377,1.17115,1.17198,8083,15,0
2011-07-11 20:00:00,1.17198,1.17254,1.17034,1.17092,4961,30,0
2011-07-11 22:00:00,1.17091,1.17491,1.17091,1.17467,3341,30,0
2011-07-12 00:00:00,1.17471,1.17509,1.17303,1.17375,4971,30,0
2011-07-12 02:00:00,1.17368,1.17398,1.16881,1.16982,6728,30,0
2011-07-12 04:00:00,1.16983,1.17028,1.16613,1.16945,7566,30,0
2011-07-12 06:00:00,1.16945,1.17322,1.16801,1.1711,6664,15,0
2011-07-12 08:00:00,1.17112,1.17122,1.1579,1.15951,11811,15,0
2011-07-12 10:00:00,1.15952,1.16462,1.15519,1.15894,12288,15,0
2011-07-12 12:00:00,1.15892,1.16696,1.15761,1.16654,11237,15,0
2011-07-12 14:00:00,1.16655,1.17217,1.16497,1.16694,12212,16,0
2011-07-12 16:00:00,1.16695,1.16825,1.16254,1.168,11066,15,0
2011-07-12 18:00:00,1.16801,1.16913,1.16606,1.16635,8169,16,0
2011-07-12 20:00:00,1.16637,1.16751,1.1604,1.16124,7233,30,0
2011-07-12 22:00:00,1.16125,1.16223,1.15808,1.15906,4701,30,0
2011-07-13 00:00:00,1.15907,1.1635,1.159,1.16343,4367,30,0
2011-07-13 02:00:00,1.16342,1.16617,1.16092,1.16184,6957,28,0
2011-07-13 04:00:00,1.16185,1.16596,1.16178,1.16481,5807,30,0
2011-07-13 06:00:00,1.16479,1.16684,1.1626,1.16679,6069,15,0
2011-07-13 08:00:00,1.1668,1.16787,1.16176,1.16664,9856,17,0
2011-07-13 10:00:00,1.16666,1.17213,1.1648,1.1718,10177,15,0
2011-07-13 12:00:00,1.1718,1.17195,1.16601,1.16892,9711,15,0
2011-07-13 14:00:00,1.16893,1.16964,1.15922,1.16008,10764,15,0
2011-07-13 16:00:00,1.1601,1.16674,1.1601,1.16366,12227,17,0
2011-07-13 18:00:00,1.16366,1.16411,1.15778,1.15811,9360,18,0
2011-07-13 20:00:00,1.15815,1.16034,1.15614,1.15656,5938,30,0
2011-07-13 22:00:00,1.15656,1.15895,1.14925,1.15073,6094,30,0
2011-07-14 00:00:00,1.15076,1.1567,1.15056,1.15569,8127,30,0
2011-07-14 02:00:00,1.15571,1.1572,1.1548,1.15569,7277,30,0
2011-07-14 04:00:00,1.15569,1.15597,1.15281,1.15336,5527,30,0
2011-07-14 06:00:00,1.15339,1.15588,1.15279,1.15396,6853,22,0
2011-07-14 08:00:00,1.15394,1.15915,1.15302,1.15882,10732,15,0
2011-07-14 10:00:00,1.15883,1.16171,1.15669,1.15725,10462,15,0
2011-07-14 12:00:00,1.15723,1.15928,1.15481,1.15777,10518,15,0
2011-07-14 14:00:00,1.15776,1.16485,1.15623,1.16451,10348,15,0
2011-07-14 16:00:00,1.16453,1.16459,1.15751,1.15822,10155,15,0
2011-07-14 18:00:00,1.15823,1.16051,1.15318,1.15692,7505,15,0
2011-07-14 20:00:00,1.1569,1.15749,1.15298,1.15337,5751,30,0
2011-07-14 22:00:00,1.15338,1.15455,1.15302,1.15336,2517,30,0
2011-07-15 00:00:00,1.15334,1.15585,1.1525,1.15264,4529,30,0
2011-07-15 02:00:00,1.15264,1.15508,1.15257,1.15495,5631,30,0
2011-07-15 04:00:00,1.15494,1.15591,1.15423,1.1551,4821,30,0
2011-07-15 06:00:00,1.15511,1.15588,1.15458,1.15523,4420,15,0
2011-07-15 08:00:00,1.15529,1.15594,1.1516,1.15303,9207,15,0
2011-07-15 10:00:00,1.15302,1.15974,1.15277,1.15876,8755,15,0
2011-07-15 12:00:00,1.15877,1.15883,1.15406,1.15693,7588,15,0
2011-07-15 14:00:00,1.15695,1.15784,1.15261,1.15397,9049,15,0
2011-07-15 16:00:00,1.15395,1.15515,1.15046,1.15475,9726,15,0
2011-07-15 18:00:00,1.15477,1.15739,1.15242,1.15303,7174,15,0
2011-07-15 20:00:00,1.153,1.15307,1.14943,1.14981,4696,30,0
2011-07-15 22:00:00,1.1498,1.15467,1.1492,1.15357,2083,30,0
2011-07-18 00:00:00,1.14373,1.14623,1.14372,1.14487,2295,18,0
2011-07-18 02:00:00,1.1449,1.14583,1.14123,1.14336,5800,15,0
2011-07-18 04:00:00,1.14327,1.14537,1.1431,1.14354,2757,15,0
2011-07-18 06:00:00,1.14355,1.14509,1.14106,1.14384,3212,15,0
2011-07-18 08:00:00,1.14388,1.14592,1.14042,1.14435,10732,15,0
2011-07-18 10:00:00,1.14434,1.1491,1.14217,1.14734,9145,15,0
2011-07-18 12:00:00,1.14731,1.15009,1.14604,1.14919,7696,15,0
2011-07-18 14:00:00,1.14917,1.15208,1.148,1.14998,9255,15,0
2011-07-18 16:00:00,1.15005,1.151,1.14709,1.14818,11000,15,0
2011-07-18 18:00:00,1.14813,1.15322,1.14806,1.15301,6345,15,0
2011-07-18 20:00:00,1.15298,1.15431,1.15186,1.15423,5768,15,0
2011-07-18 22:00:00,1.15421,1.15475,1.15228,1.1538,1807,15,0
2011-07-19 00:00:00,1.15335,1.15444,1.15262,1.15351,2212,15,0
2011-07-19 02:00:00,1.1535,1.15389,1.1513,1.15355,3726,15,0
2011-07-19 04:00:00,1.15351,1.15445,1.15245,1.15444,2718,15,0
2011-07-19 06:00:00,1.15445,1.15494,1.15148,1.15207,4218,15,0
2011-07-19 08:00:00,1.15186,1.16223,1.1517,1.1603,10536,15,0
2011-07-19 10:00:00,1.16037,1.16546,1.16018,1.16207,9345,15,0
2011-07-19 12:00:00,1.16208,1.16385,1.1603,1.1623,6845,15,0
2011-07-19 14:00:00,1.16227,1.16566,1.15945,1.16408,10357,15,0
2011-07-19 16:00:00,1.16408,1.16722,1.15565,1.15601,10085,15,0
2011-07-19 18:00:00,1.15597,1.16132,1.15578,1.16067,7446,15,0
2011-07-19 20:00:00,1.16065,1.16865,1.15997,1.16617,6816,30,0
2011-07-19 22:00:00,1.16616,1.16708,1.16528,1.16657,3160,30,0
2011-07-20 00:00:00,1.16661,1.16815,1.16615,1.16809,3166,30,0
2011-07-20 02:00:00,1.16808,1.16908,1.16592,1.16786,4514,30,0
2011-07-20 04:00:00,1.16787,1.16813,1.16615,1.16704,3438,30,0
2011-07-20 06:00:00,1.167,1.16724,1.16514,1.16604,4507,15,0
2011-07-20 08:00:00,1.16604,1.16861,1.16435,1.16557,8226,15,0
2011-07-20 10:00:00,1.16555,1.16853,1.16468,1.16742,8678,15,0
2011-07-20 12:00:00,1.16743,1.16847,1.16568,1.16573,7830,15,0
2011-07-20 14:00:00,1.16576,1.16739,1.16118,1.16172,8310,15,0
2011-07-20 16:00:00,1.16169,1.16723,1.16055,1.16393,9020,15,0
2011-07-20 18:00:00,1.16391,1.1658,1.16299,1.16559,5900,15,0
2011-07-20 20:00:00,1.16562,1.16623,1.16314,1.16607,4246,30,0
2011-07-20 22:00:00,1.16605,1.16664,1.164,1.16618,3474,30,0
2011-07-21 00:00:00,1.16617,1.17486,1.16515,1.17281,5474,30,0
2011-07-21 02:00:00,1.17279,1.17283,1.17025,1.17224,4693,19,0
2011-07-21 04:00:00,1.17211,1.17213,1.1703,1.1708,4031,30,0
2011-07-21 06:00:00,1.17079,1.17347,1.17002,1.17141,5146,15,0
2011-07-21 08:00:00,1.17142,1.17355,1.16691,1.16692,8300,15,0
2011-07-21 10:00:00,1.167,1.17066,1.16098,1.16434,8665,15,0
2011-07-21 12:00:00,1.16433,1.16666,1.16222,1.16657,8805,15,0
2011-07-21 14:00:00,1.16658,1.17571,1.16549,1.17441,11599,15,0
2011-07-21 16:00:00,1.17439,1.17937,1.17376,1.17462,10053,15,0
2011-07-21 18:00:00,1.17461,1.17999,1.17349,1.1766,7645,15,0
2011-07-21 20:00:00,1.1766,1.17679,1.17331,1.17439,5561,30,0
2011-07-21 22:00:00,1.17438,1.17768,1.17186,1.17744,5091,30,0
2011-07-22 00:00:00,1.17747,1.17839,1.17617,1.17769,3850,30,0
2011-07-22 02:00:00,1.1777,1.17771,1.17591,1.17606,3957,30,0
2011-07-22 04:00:00,1.17606,1.17653,1.17463,1.17594,3568,30,0
2011-07-22 06:00:00,1.17583,1.17879,1.17562,1.17727,5055,15,0
2011-07-22 08:00:00,1.17727,1.18904,1.17714,1.18573,9543,15,0
2011-07-22 10:00:00,1.18574,1.18797,1.18175,1.18208,8981,15,0
2011-07-22 12:00:00,1.1821,1.1843,1.1763,1.17795,8003,15,0
2011-07-22 14:00:00,1.17794,1.17886,1.17066,1.17245,9736,15,0
2011-07-22 16:00:00,1.17244,1.17382,1.16919,1.1732,9051,15,0
2011-07-22 18:00:00,1.17323,1.1746,1.17195,1.1738,5508,15,0
2011-07-22 20:00:00,1.17381,1.17516,1.17365,1.17499,3703,30,0
2011-07-22 22:00:00,1.175,1.17718,1.1746,1.17587,1764,30,0
2011-07-25 00:00:00,1.16985,1.17122,1.16825,1.16885,5569,30,0
2011-07-25 02:00:00,1.1689,1.17148,1.1689,1.17125,4689,30,0
2011-07-25 04:00:00,1.17121,1.17126,1.16806,1.16858,3909,30,0
2011-07-25 06:00:00,1.16856,1.17003,1.16581,1.16713,4717,15,0
2011-07-25 08:00:00,1.16713,1.1675,1.15545,1.16067,9063,15,0
2011-07-25 10:00:00,1.16068,1.16113,1.15592,1.15684,8760,15,0
2011-07-25 12:00:00,1.15684,1.15765,1.15298,1.15584,7805,15,0
2011-07-25 14:00:00,1.15585,1.1573,1.1518,1.15365,9216,15,0
2011-07-25 16:00:00,1.15365,1.15931,1.15238,1.1574,9512,15,0
2011-07-25 18:00:00,1.15745,1.16024,1.15618,1.15724,6099,15,0
2011-07-25 20:00:00,1.15724,1.15996,1.15712,1.15737,4221,30,0
2011-07-25 22:00:00,1.15738,1.15895,1.15685,1.15832,2841,30,0
2011-07-26 00:00:00,1.15832,1.16017,1.15706,1.15759,3206,30,0
2011-07-26 02:00:00,1.15755,1.15899,1.15404,1.15586,6563,30,0
2011-07-26 04:00:00,1.15588,1.16229,1.15575,1.16047,6521,30,0
2011-07-26 06:00:00,1.16048,1.16192,1.1598,1.16123,5277,16,0
2011-07-26 08:00:00,1.16125,1.16607,1.15985,1.16284,9532,15,0
2011-07-26 10:00:00,1.16283,1.16541,1.15863,1.16053,8508,15,0
2011-07-26 12:00:00,1.16055,1.16436,1.15983,1.16161,8003,15,0
2011-07-26 14:00:00,1.16161,1.16381,1.16045,1.16086,8271,15,0
2011-07-26 16:00:00,1.16087,1.16509,1.1606,1.16356,8360,15,0
2011-07-26 18:00:00,1.16355,1.16467,1.16202,1.16235,5363,15,0
2011-07-26 20:00:00,1.16238,1.16336,1.16202,1.16265,3508,30,0
2011-07-26 22:00:00,1.16263,1.16319,1.16171,1.16297,3299,30,0
2011-07-27 00:00:00,1.16293,1.16317,1.16153,1.16281,4110,30,0
2011-07-27 02:00:00,1.1628,1.1643,1.16244,1.16336,5313,30,0
2011-07-27 04:00:00,1.16333,1.16391,1.16227,1.16339,3572,30,0
2011-07-27 06:00:00,1.16335,1.16452,1.16215,1.1622,4469,15,0
2011-07-27 08:00:00,1.16219,1.16247,1.15688,1.15794,9238,15,0
2011-07-27 10:00:00,1.15794,1.16088,1.15767,1.15921,7562,15,0
2011-07-27 12:00:00,1.15922,1.16087,1.1573,1.15822,8144,15,0
2011-07-27 14:00:00,1.15826,1.15985,1.15753,1.15781,8744,15,0
2011-07-27 16:00:00,1.1578,1.15858,1.15004,1.15313,9356,15,0
2011-07-27 18:00:00,1.15311,1.15427,1.15134,1.15316,6144,15,0
2011-07-27 20:00:00,1.15315,1.15324,1.15095,1.15224,5770,12,2779250000
2011-07-27 22:00:00,1.15224,1.15245,1.15092,1.15107,2849,21,3315000000
2011-07-28 00:00:00,1.15107,1.15198,1.15032,1.1506,3441,24,1668250000
2011-07-28 02:00:00,1.15084,1.15227,1.14986,1.14999,5440,16,3558750000
2011-07-28 04:00:00,1.15001,1.1515,1.14931,1.15146,4655,17,3114000000
2011-07-28 06:00:00,1.15145,1.15223,1.14972,1.15063,5069,16,4271750000
2011-07-28 08:00:00,1.15068,1.15215,1.14949,1.1516,7497,10,1487500000
2011-07-28 10:00:00,1.15162,1.15354,1.14376,1.14386,7967,15,0
2011-07-28 12:00:00,1.14387,1.14589,1.14234,1.14438,8825,15,0
2011-07-28 14:00:00,1.1444,1.14713,1.14222,1.14596,9486,15,0
2011-07-28 16:00:00,1.14593,1.1514,1.14507,1.14995,9143,15,0
2011-07-28 18:00:00,1.14996,1.15003,1.14812,1.149,5348,15,0
2011-07-28 20:00:00,1.14901,1.14901,1.14581,1.14713,4287,30,0
2011-07-28 22:00:00,1.14712,1.14894,1.14666,1.14771,3041,30,0
2011-07-29 00:00:00,1.14764,1.14851,1.14732,1.14847,3589,30,0
2011-07-29 02:00:00,1.14849,1.14898,1.14732,1.14802,4805,17,0
2011-07-29 04:00:00,1.14802,1.14899,1.14526,1.14693,5500,30,0
2011-07-29 06:00:00,1.14688,1.14794,1.1432,1.1441,5710,15,0
2011-07-29 08:00:00,1.14406,1.1456,1.1419,1.14443,8787,15,0
2011-07-29 10:00:00,1.14443,1.14552,1.14295,1.14317,8161,15,0
2011-07-29 12:00:00,1.14315,1.14401,1.139,1.14073,7426,15,0
2011-07-29 14:00:00,1.14071,1.14166,1.13114,1.13134,11103,15,0
2011-07-29 16:00:00,1.13136,1.13683,1.13112,1.13375,10922,15,0
2011-07-29 18:00:00,1.13374,1.13564,1.13186,1.1346,7496,15,0
2011-07-29 20:00:00,1.13459,1.13564,1.13061,1.13061,5349,30,0
2011-07-29 22:00:00,1.13055,1.13213,1.12987,1.13103,2466,30,0
2011-08-01 00:00:00,1.14028,1.14043,1.1357,1.13674,5381,30,0
2011-08-01 02:00:00,1.13675,1.14346,1.13674,1.1415,6826,30,0
2011-08-01 04:00:00,1.14152,1.14217,1.13861,1.1389,3747,30,0
2011-08-01 06:00:00,1.13892,1.14396,1.13823,1.14116,4973,17,0
2011-08-01 08:00:00,1.14124,1.14511,1.13839,1.14173,8372,15,0
2011-08-01 10:00:00,1.14171,1.14302,1.13709,1.13827,9087,15,0
2011-08-01 12:00:00,1.13831,1.13865,1.12784,1.13022,9254,16,0
2011-08-01 14:00:00,1.13021,1.13031,1.11619,1.11866,10122,15,0
2011-08-01 16:00:00,1.11875,1.11885,1.10258,1.10948,11874,16,0
2011-08-01 18:00:00,1.10949,1.11366,1.10879,1.11345,8518,17,0
2011-08-01 20:00:00,1.1134,1.1173,1.11207,1.11662,5420,30,0
2011-08-01 22:00:00,1.11659,1.11813,1.11521,1.117,3294,30,0
2011-08-02 00:00:00,1.117,1.12036,1.1168,1.11961,4936,15,0
2011-08-02 02:00:00,1.11961,1.11972,1.11694,1.11775,5565,30,0
2011-08-02 04:00:00,1.11775,1.11831,1.115,1.11603,4156,30,0
2011-08-02 06:00:00,1.11602,1.11604,1.10976,1.11311,5623,15,0
2011-08-02 08:00:00,1.1131,1.11429,1.09876,1.10479,10571,15,0
2011-08-02 10:00:00,1.10476,1.10831,1.1024,1.10511,10670,15,0
2011-08-02 12:00:00,1.10508,1.10774,1.10419,1.10554,8317,15,0
2011-08-02 14:00:00,1.10554,1.10699,1.10215,1.10367,10593,15,0
2011-08-02 16:00:00,1.10368,1.10553,1.09473,1.09765,10311,15,0
2011-08-02 18:00:00,1.09768,1.09799,1.08452,1.08925,9261,15,0
2011-08-02 20:00:00,1.08926,1.09212,1.08531,1.08704,6583,30,0
2011-08-02 22:00:00,1.08701,1.08852,1.07975,1.08657,5418,30,0
2011-08-03 00:00:00,1.08659,1.08664,1.08351,1.08664,4464,30,0
2011-08-03 02:00:00,1.08665,1.08899,1.08603,1.08717,5327,30,0
2011-08-03 04:00:00,1.0872,1.08959,1.08711,1.08871,4127,30,0
2011-08-03 06:00:00,1.0888,1.08972,1.08786,1.08811,5284,15,0
2011-08-03 08:00:00,1.0881,1.11032,1.07948,1.10526,11567,15,0
2011-08-03 10:00:00,1.10521,1.11465,1.10453,1.11206,10792,19,0
2011-08-03 12:00:00,1.11207,1.11248,1.10056,1.10456,9541,17,0
2011-08-03 14:00:00,1.10461,1.10826,1.09377,1.09674,10855,15,0
2011-08-03 16:00:00,1.09674,1.09748,1.08979,1.09723,11681,16,0
2011-08-03 18:00:00,1.09727,1.10229,1.0948,1.09983,8174,20,0
2011-08-03 20:00:00,1.09984,1.10115,1.09729,1.10098,4182,30,0
2011-08-03 22:00:00,1.10098,1.104,1.10078,1.104,1761,30,0
2011-08-04 00:00:00,1.10406,1.10675,1.10318,1.10609,4343,30,0
2011-08-04 02:00:00,1.10608,1.11018,1.10486,1.10878,7714,30,0
2011-08-04 04:00:00,1.10874,1.11178,1.10856,1.11107,7203,30,0
2011-08-04 06:00:00,1.11107,1.11361,1.10919,1.11128,8061,18,0
2011-08-04 08:00:00,1.11127,1.11381,1.11,1.11064,9379,15,0
2011-08-04 10:00:00,1.11063,1.11113,1.10134,1.10574,11084,18,0
2011-08-04 12:00:00,1.10575,1.1094,1.10286,1.1056,10382,18,0
2011-08-04 14:00:00,1.10559,1.10746,1.08879,1.09209,12978,13,3814625000
2011-08-04 16:00:00,1.09213,1.09323,1.08455,1.08616,12395,10,9657425000
2011-08-04 18:00:00,1.08611,1.08916,1.08321,1.08494,9315,10,5011970000
2011-08-04 20:00:00,1.08494,1.08631,1.08292,1.08329,8903,13,3678875000
2011-08-04 22:00:00,1.08327,1.08403,1.07518,1.08058,5659,11,2925125000
2011-08-05 00:00:00,1.08059,1.08089,1.07093,1.07621,6763,30,0
2011-08-05 02:00:00,1.0762,1.08104,1.07532,1.08091,7835,30,0
2011-08-05 04:00:00,1.08092,1.08094,1.0773,1.07771,6209,30,0
2011-08-05 06:00:00,1.07769,1.08584,1.07702,1.08204,7551,22,0
2011-08-05 08:00:00,1.08203,1.09246,1.0759,1.0879,12087,19,0
2011-08-05 10:00:00,1.08787,1.08877,1.08225,1.08451,10639,17,0
2011-08-05 12:00:00,1.08455,1.08853,1.08363,1.08593,10771,18,0
2011-08-05 14:00:00,1.08596,1.09453,1.08207,1.08517,11964,12,0
2011-08-05 16:00:00,1.0852,1.0867,1.07605,1.07632,13040,19,0
2011-08-05 18:00:00,1.07627,1.09812,1.07548,1.09569,11889,22,0
2011-08-05 20:00:00,1.09568,1.09734,1.08902,1.09328,9883,30,0
2011-08-05 22:00:00,1.09333,1.09748,1.09162,1.09516,3111,30,0
2011-08-08 00:00:00,1.08888,1.09246,1.08742,1.08911,9296,33,0
2011-08-08 02:00:00,1.08909,1.09261,1.08758,1.09174,8266,30,0
2011-08-08 04:00:00,1.09175,1.09179,1.08844,1.08855,5702,30,0
2011-08-08 06:00:00,1.08853,1.08883,1.07918,1.07955,8560,15,0
2011-08-08 08:00:00,1.07954,1.09912,1.07849,1.09294,12675,19,0
2011-08-08 10:00:00,1.09294,1.09317,1.08162,1.08353,11471,19,0
2011-08-08 12:00:00,1.08339,1.089,1.08246,1.08417,11509,15,0
2011-08-08 14:00:00,1.08416,1.0858,1.0798,1.08407,10743,19,0
2011-08-08 16:00:00,1.08409,1.08485,1.07534,1.07564,13009,20,0
2011-08-08 18:00:00,1.07565,1.07581,1.0617,1.06788,12085,21,0
2011-08-08 20:00:00,1.06787,1.07631,1.06666,1.07251,11403,30,0
2011-08-08 22:00:00,1.0725,1.07263,1.0686,1.06968,5125,30,0
2011-08-09 00:00:00,1.06967,1.07095,1.06739,1.06897,6682,31,0
2011-08-09 02:00:00,1.06895,1.06971,1.06365,1.06524,9223,30,0
2011-08-09 04:00:00,1.06522,1.07393,1.06022,1.06968,9621,34,0
2011-08-09 06:00:00,1.06969,1.07436,1.06646,1.07307,8740,28,0
2011-08-09 08:00:00,1.07304,1.08405,1.07077,1.07171,12675,22,0
2011-08-09 10:00:00,1.07167,1.07624,1.04822,1.05851,14090,22,0
2011-08-09 12:00:00,1.05852,1.06162,1.0551,1.05962,12912,30,0
2011-08-09 14:00:00,1.05963,1.06076,1.04906,1.05307,12957,23,0
2011-08-09 16:00:00,1.05309,1.05428,1.03765,1.04158,12915,28,0
2011-08-09 18:00:00,1.04159,1.04345,1.03543,1.03747,11405,31,0
2011-08-09 20:00:00,1.03747,1.04127,1.00713,1.03475,13401,44,0
2011-08-09 22:00:00,1.03471,1.0407,1.03116,1.03781,7548,41,0
2011-08-10 00:00:00,1.03782,1.03952,1.03726,1.03786,5949,38,0
2011-08-10 02:00:00,1.03785,1.04105,1.03591,1.03844,8938,32,0
2011-08-10 04:00:00,1.03843,1.04025,1.03809,1.04021,6965,32,0
2011-08-10 06:00:00,1.04022,1.04746,1.03749,1.04511,8152,27,0
2011-08-10 08:00:00,1.04514,1.05178,1.02844,1.04175,12079,9,0
2011-08-10 10:00:00,1.0412,1.04451,1.03341,1.04295,12420,22,0
2011-08-10 12:00:00,1.04298,1.04505,1.03965,1.04226,10853,8,0
2011-08-10 14:00:00,1.04225,1.04534,1.03021,1.03071,13435,27,0
2011-08-10 16:00:00,1.0307,1.03732,1.02583,1.03496,11083,24,0
2011-08-10 18:00:00,1.03498,1.03744,1.03218,1.03393,11343,29,0
2011-08-10 20:00:00,1.03394,1.03733,1.03048,1.03091,10917,30,0
2011-08-10 22:00:00,1.03091,1.03213,1.02807,1.02953,5757,30,0
2011-08-11 00:00:00,1.02954,1.02955,1.02544,1.02617,7407,38,0
2011-08-11 02:00:00,1.02618,1.03105,1.02614,1.03098,8878,34,0
2011-08-11 04:00:00,1.03097,1.03499,1.03018,1.03307,8223,33,0
2011-08-11 06:00:00,1.03307,1.041,1.0316,1.04059,7715,23,0
2011-08-11 08:00:00,1.04058,1.04777,1.0355,1.0466,12864,24,0
2011-08-11 10:00:00,1.04657,1.05501,1.04546,1.04708,11724,22,0
2011-08-11 12:00:00,1.04705,1.05366,1.04312,1.04798,12359,23,0
2011-08-11 14:00:00,1.04792,1.09117,1.0477,1.0897,13763,26,0
2011-08-11 16:00:00,1.08972,1.09172,1.0743,1.07579,13270,24,0
2011-08-11 18:00:00,1.0758,1.08512,1.06862,1.08486,12043,31,0
2011-08-11 20:00:00,1.08487,1.08834,1.08204,1.08522,10482,34,0
2011-08-11 22:00:00,1.08521,1.08796,1.08359,1.08761,5308,34,0
2011-08-12 00:00:00,1.0876,1.08776,1.08261,1.08371,3523,37,0
2011-08-12 02:00:00,1.0837,1.08371,1.08012,1.08182,7650,36,0
2011-08-12 04:00:00,1.08181,1.08232,1.07832,1.07844,6209,33,0
2011-08-12 06:00:00,1.0784,1.07993,1.07377,1.07769,7899,29,0
2011-08-12 08:00:00,1.07767,1.08796,1.06845,1.08678,12609,24,0
2011-08-12 10:00:00,1.08679,1.10459,1.08679,1.09891,12283,12,0
2011-08-12 12:00:00,1.0989,1.10154,1.09287,1.0998,11228,27,0
2011-08-12 14:00:00,1.09981,1.10272,1.09678,1.10036,13106,27,0
2011-08-12 16:00:00,1.10091,1.10163,1.09348,1.09821,12750,26,0
2011-08-12 18:00:00,1.09819,1.10466,1.09601,1.10462,9316,22,0
2011-08-12 20:00:00,1.10463,1.10927,1.10144,1.10774,9291,32,0
2011-08-12 22:00:00,1.10773,1.10912,1.10641,1.1086,2395,42,0
2011-08-15 00:00:00,1.11612,1.12977,1.11545,1.12881,6617,36,0
2011-08-15 02:00:00,1.12876,1.12902,1.12374,1.12811,7380,34,0
2011-08-15 04:00:00,1.12809,1.13209,1.12645,1.12685,6176,33,0
2011-08-15 06:00:00,1.12687,1.13649,1.12679,1.13436,7744,33,0
2011-08-15 08:00:00,1.13437,1.14571,1.13343,1.13637,12797,22,0
2011-08-15 10:00:00,1.13638,1.13946,1.13497,1.13519,11452,22,0
2011-08-15 12:00:00,1.13517,1.13523,1.12411,1.13127,11490,22,0
2011-08-15 14:00:00,1.13127,1.13469,1.12593,1.13014,12934,21,0
2011-08-15 16:00:00,1.13015,1.13408,1.12493,1.12745,12314,22,0
2011-08-15 18:00:00,1.12744,1.1379,1.12721,1.13458,10099,20,0
2011-08-15 20:00:00,1.13456,1.13479,1.13271,1.13426,6742,31,0
2011-08-15 22:00:00,1.13427,1.13428,1.13204,1.13261,3881,33,0
2011-08-16 00:00:00,1.1326,1.13278,1.13072,1.13189,5299,38,0
2011-08-16 02:00:00,1.13189,1.13458,1.1317,1.13198,6948,36,0
2011-08-16 04:00:00,1.13201,1.13313,1.12981,1.12981,5692,38,0
2011-08-16 06:00:00,1.12981,1.12998,1.12516,1.12523,7526,24,0
2011-08-16 08:00:00,1.12521,1.13027,1.1178,1.12885,12754,24,0
2011-08-16 10:00:00,1.12884,1.12884,1.12263,1.12357,12113,21,0
2011-08-16 12:00:00,1.12355,1.12547,1.11657,1.11852,11042,15,0
2011-08-16 14:00:00,1.11854,1.13482,1.11646,1.13244,12051,24,0
2011-08-16 16:00:00,1.13244,1.14368,1.1307,1.14324,13173,22,0
2011-08-16 18:00:00,1.14325,1.14813,1.13772,1.14152,12769,26,0
2011-08-16 20:00:00,1.14153,1.14514,1.14142,1.1432,8299,33,0
2011-08-16 22:00:00,1.14323,1.1484,1.14238,1.14801,4601,35,0
2011-08-17 00:00:00,1.14801,1.14801,1.14351,1.14396,5284,36,0
2011-08-17 02:00:00,1.14394,1.14396,1.13962,1.14099,7769,34,0
2011-08-17 04:00:00,1.14099,1.14318,1.13955,1.14252,5650,33,0
2011-08-17 06:00:00,1.14252,1.15471,1.14223,1.1511,8486,27,0
2011-08-17 08:00:00,1.15111,1.15345,1.12206,1.1316,13520,26,0
2011-08-17 10:00:00,1.13169,1.13764,1.12568,1.13428,13213,28,0
2011-08-17 12:00:00,1.13427,1.14183,1.13297,1.13806,12054,30,0
2011-08-17 14:00:00,1.13804,1.14808,1.135,1.14605,12538,26,0
2011-08-17 16:00:00,1.14609,1.15525,1.13479,1.1392,13879,22,0
2011-08-17 18:00:00,1.1392,1.14193,1.13793,1.13947,9977,28,0
2011-08-17 20:00:00,1.13947,1.14159,1.13864,1.1387,7282,32,0
2011-08-17 22:00:00,1.13868,1.14093,1.13844,1.13911,4314,36,0
2011-08-18 00:00:00,1.13911,1.14076,1.13795,1.14067,5359,37,0
2011-08-18 02:00:00,1.14068,1.14074,1.13668,1.13787,6738,31,0
2011-08-18 04:00:00,1.13785,1.13997,1.13671,1.13939,5073,36,0
2011-08-18 06:00:00,1.13939,1.15134,1.13662,1.14551,8354,32,0
2011-08-18 08:00:00,1.1455,1.1495,1.14158,1.14251,12544,17,0
2011-08-18 10:00:00,1.14252,1.14872,1.14042,1.14271,12372,21,0
2011-08-18 12:00:00,1.1427,1.14714,1.1403,1.14213,12021,21,0
2011-08-18 14:00:00,1.14214,1.14253,1.1307,1.13377,12443,19,0
2011-08-18 16:00:00,1.13375,1.13482,1.12387,1.13182,12617,21,0
2011-08-18 18:00:00,1.13182,1.13585,1.1307,1.13227,9445,24,0
2011-08-18 20:00:00,1.13227,1.13732,1.13183,1.13692,8377,33,0
2011-08-18 22:00:00,1.13693,1.13816,1.1361,1.13703,3840,33,0
2011-08-19 00:00:00,1.13698,1.13779,1.13517,1.13576,5308,32,0
2011-08-19 02:00:00,1.13576,1.13897,1.13565,1.13682,6112,21,0
2011-08-19 04:00:00,1.1368,1.13872,1.13617,1.13657,5596,32,0
2011-08-19 06:00:00,1.13658,1.13901,1.13484,1.13567,8282,20,0
2011-08-19 08:00:00,1.13567,1.13777,1.12526,1.12885,13077,25,0
2011-08-19 10:00:00,1.12881,1.13497,1.12794,1.13129,12488,24,0
2011-08-19 12:00:00,1.13126,1.13465,1.12727,1.13362,11577,21,0
2011-08-19 14:00:00,1.13363,1.13716,1.12828,1.13129,12862,20,0
2011-08-19 16:00:00,1.13128,1.13487,1.12804,1.13205,13025,26,0
2011-08-19 18:00:00,1.13207,1.13497,1.13109,1.1322,9259,29,0
2011-08-19 20:00:00,1.1322,1.13402,1.13099,1.13113,8300,32,0
2011-08-19 22:00:00,1.13112,1.13146,1.12936,1.12979,2075,33,0
2011-08-22 00:00:00,1.1351,1.1357,1.12957,1.13045,6159,38,0
2011-08-22 02:00:00,1.13043,1.13179,1.12954,1.13083,6054,30,0
2011-08-22 04:00:00,1.13085,1.13131,1.12756,1.12873,5878,30,0
2011-08-22 06:00:00,1.12885,1.13022,1.12654,1.12983,5954,30,0
2011-08-22 08:00:00,1.1299,1.13413,1.1269,1.13124,11560,23,0
2011-08-22 10:00:00,1.13126,1.13524,1.13077,1.13348,10918,20,0
2011-08-22 12:00:00,1.13347,1.13566,1.13112,1.13495,10258,23,0
2011-08-22 14:00:00,1.13499,1.13815,1.13313,1.13709,10982,21,0
2011-08-22 16:00:00,1.13709,1.13803,1.12901,1.13293,12088,22,0
2011-08-22 18:00:00,1.13296,1.13685,1.1325,1.13387,9110,24,0
2011-08-22 20:00:00,1.13388,1.13623,1.1335,1.13412,7375,30,0
2011-08-22 22:00:00,1.13413,1.13554,1.13309,1.13459,3773,30,0
2011-08-23 00:00:00,1.13464,1.13464,1.13279,1.13307,4529,32,0
2011-08-23 02:00:00,1.13308,1.13506,1.13305,1.13367,5926,34,0
2011-08-23 04:00:00,1.13367,1.13388,1.13171,1.13172,5550,30,0
2011-08-23 06:00:00,1.13171,1.1339,1.13128,1.13342,6727,22,0
2011-08-23 08:00:00,1.13341,1.14034,1.1326,1.13936,11083,20,0
2011-08-23 10:00:00,1.13937,1.14214,1.13589,1.14045,11682,23,0
2011-08-23 12:00:00,1.14052,1.14289,1.13915,1.14065,10542,19,0
2011-08-23 14:00:00,1.14072,1.1413,1.13414,1.13535,11358,16,0
2011-08-23 16:00:00,1.13536,1.14089,1.13454,1.13869,11488,20,0
2011-08-23 18:00:00,1.1387,1.13992,1.13782,1.13964,8246,25,0
2011-08-23 20:00:00,1.13965,1.14368,1.13893,1.14331,7492,30,0
2011-08-23 22:00:00,1.14332,1.14513,1.14312,1.14368,3784,30,0
2011-08-24 00:00:00,1.14361,1.14535,1.14271,1.14465,3779,45,0
2011-08-24 02:00:00,1.14466,1.14519,1.14297,1.14329,6247,31,0
2011-08-24 04:00:00,1.14328,1.14412,1.14179,1.14314,6248,30,0
2011-08-24 06:00:00,1.14313,1.14438,1.14114,1.14153,7976,23,0
2011-08-24 08:00:00,1.14157,1.14272,1.13967,1.14117,10646,19,0
2011-08-24 10:00:00,1.14114,1.14273,1.14023,1.14097,10617,22,0
2011-08-24 12:00:00,1.14097,1.14198,1.14007,1.1408,7688,18,0
2011-08-24 14:00:00,1.14049,1.14418,1.13706,1.14073,11096,20,0
2011-08-24 16:00:00,1.14072,1.14615,1.13951,1.14495,11519,20,0
2011-08-24 18:00:00,1.14497,1.14736,1.14394,1.14621,8805,23,0
2011-08-24 20:00:00,1.1462,1.14727,1.14418,1.1461,5460,30,0
2011-08-24 22:00:00,1.14609,1.14724,1.14553,1.14631,3101,36,0
2011-08-25 00:00:00,1.14631,1.14719,1.14605,1.1465,4449,50,0
2011-08-25 02:00:00,1.14651,1.14703,1.14476,1.14538,6105,30,0
2011-08-25 04:00:00,1.14537,1.14577,1.14461,1.14489,5737,30,0
2011-08-25 06:00:00,1.14488,1.14664,1.14476,1.14629,6745,21,0
2011-08-25 08:00:00,1.14631,1.1496,1.14467,1.14485,10552,22,0
2011-08-25 10:00:00,1.14486,1.14724,1.14331,1.14456,10223,20,0
2011-08-25 12:00:00,1.14452,1.14809,1.14437,1.14645,8920,27,0
2011-08-25 14:00:00,1.14644,1.15173,1.14406,1.14838,11565,22,0
2011-08-25 16:00:00,1.14837,1.14885,1.14056,1.14284,11614,22,0
2011-08-25 18:00:00,1.14279,1.14442,1.14046,1.1407,7707,22,0
2011-08-25 20:00:00,1.14069,1.14171,1.13993,1.14,5371,30,0
2011-08-25 22:00:00,1.13999,1.1415,1.13983,1.1408,3154,50,0
2011-08-26 00:00:00,1.14081,1.14394,1.14046,1.14324,6679,31,0
2011-08-26 02:00:00,1.14325,1.14371,1.14203,1.1423,6858,30,0
2011-08-26 04:00:00,1.1423,1.14283,1.14112,1.14172,5756,19,0
2011-08-26 06:00:00,1.14171,1.14423,1.13951,1.14002,8265,15,0
2011-08-26 08:00:00,1.14001,1.14346,1.13955,1.143,10819,15,0
2011-08-26 10:00:00,1.14302,1.1473,1.14246,1.14698,10068,19,0
2011-08-26 12:00:00,1.14697,1.1471,1.14332,1.14398,10252,19,0
2011-08-26 14:00:00,1.14399,1.1693,1.14184,1.16367,13626,23,0
2011-08-26 16:00:00,1.16367,1.17343,1.1598,1.16826,12724,33,0
2011-08-26 18:00:00,1.16828,1.17119,1.16666,1.16926,8264,27,0
2011-08-26 20:00:00,1.1693,1.17085,1.16784,1.16844,5113,32,0
2011-08-26 22:00:00,1.16852,1.16869,1.16852,1.16869,3,125,0
2011-08-29 00:00:00,1.16986,1.17205,1.16874,1.17168,5296,32,0
2011-08-29 02:00:00,1.17168,1.17453,1.16999,1.17419,7020,31,0
2011-08-29 04:00:00,1.17418,1.17425,1.17208,1.17346,5728,30,0
2011-08-29 06:00:00,1.17347,1.17491,1.17257,1.17476,7117,15,0
2011-08-29 08:00:00,1.17472,1.18629,1.17471,1.1808,10489,15,0
2011-08-29 10:00:00,1.18084,1.1832,1.17777,1.18145,9381,22,0
2011-08-29 12:00:00,1.18145,1.18379,1.18024,1.18299,7937,20,0
2011-08-29 14:00:00,1.18298,1.18986,1.18155,1.18824,10139,18,0
2011-08-29 16:00:00,1.18825,1.19403,1.18502,1.18545,8458,15,5950540000
2011-08-29 18:00:00,1.18547,1.18632,1.1818,1.18258,5527,13,5536060000
2011-08-29 20:00:00,1.18258,1.18521,1.17999,1.17999,5057,22,4846394000
2011-08-29 22:00:00,1.18245,1.18663,1.18126,1.18612,3107,19,2952242000
2011-08-30 00:00:00,1.18614,1.18847,1.18472,1.18741,5188,23,3874250000
2011-08-30 02:00:00,1.18739,1.18744,1.18538,1.18678,5667,18,4160250000
2011-08-30 04:00:00,1.18675,1.18884,1.18612,1.18716,5229,11,3795500000
2011-08-30 06:00:00,1.18715,1.18961,1.1815,1.18286,7738,16,7021250000
2011-08-30 08:00:00,1.18292,1.18631,1.17522,1.17535,11155,15,9502855000
2011-08-30 10:00:00,1.17535,1.18379,1.17534,1.1834,10588,15,8841000000
2011-08-30 12:00:00,1.18345,1.18652,1.17959,1.17965,10080,11,9089630000
2011-08-30 14:00:00,1.17962,1.18291,1.17811,1.18117,11407,10,9724450000
2011-08-30 16:00:00,1.18117,1.18117,1.17737,1.17961,9044,10,7251720000
2011-08-30 18:00:00,1.17955,1.18554,1.17933,1.18451,8003,13,6101750000
2011-08-30 20:00:00,1.18451,1.18529,1.18309,1.18378,4916,17,3751589000
2011-08-30 22:00:00,1.18214,1.18494,1.18171,1.18205,2746,23,1702720000
2011-08-31 00:00:00,1.18206,1.18495,1.18102,1.18122,5409,19,4279480000
2011-08-31 02:00:00,1.18121,1.18252,1.18092,1.18138,4985,17,4337250000
2011-08-31 04:00:00,1.18138,1.18191,1.17958,1.17984,4329,17,3767000000
2011-08-31 06:00:00,1.17982,1.18016,1.17535,1.17795,7620,15,6083670000
2011-08-31 08:00:00,1.17795,1.17962,1.17056,1.17329,11003,10,8184200000
2011-08-31 10:00:00,1.17334,1.1739,1.16301,1.16858,9718,17,7754320000
2011-08-31 12:00:00,1.16861,1.17024,1.15624,1.1587,9497,10,7647016000
2011-08-31 14:00:00,1.1587,1.16545,1.15428,1.16095,11751,10,9391140000
2011-08-31 16:00:00,1.16095,1.1616,1.15498,1.15852,9369,15,7707250000
2011-08-31 18:00:00,1.15859,1.1586,1.15247,1.15775,7754,14,7389880000
2011-08-31 20:00:00,1.15777,1.15965,1.15524,1.15806,6299,22,788750000
2011-08-31 22:00:00,1.15801,1.16145,1.15559,1.15938,4685,35,0
2011-09-01 00:00:00,1.15937,1.1599,1.15642,1.15837,6979,32,0
2011-09-01 02:00:00,1.15838,1.16057,1.15768,1.15979,7318,32,0
2011-09-01 04:00:00,1.15981,1.15984,1.15415,1.15419,6351,20,0
2011-09-01 06:00:00,1.15419,1.15872,1.15379,1.15802,8756,21,0
2011-09-01 08:00:00,1.15802,1.15866,1.13803,1.14192,12512,16,0
2011-09-01 10:00:00,1.14191,1.14428,1.1389,1.14157,11247,21,0
2011-09-01 12:00:00,1.14156,1.14479,1.13949,1.14115,10662,19,0
2011-09-01 14:00:00,1.1411,1.14633,1.13393,1.13451,12921,20,0
2011-09-01 16:00:00,1.13447,1.13776,1.13202,1.13513,11086,21,0
2011-09-01 18:00:00,1.13514,1.13545,1.13196,1.13342,8166,21,0
2011-09-01 20:00:00,1.13343,1.13477,1.13259,1.13391,5664,30,0
2011-09-01 22:00:00,1.13392,1.13487,1.13237,1.13409,3530,36,0
2011-09-02 00:00:00,1.13407,1.13499,1.1331,1.13456,6337,33,0
2011-09-02 02:00:00,1.13458,1.13519,1.13138,1.13183,5750,30,0
2011-09-02 04:00:00,1.13182,1.13187,1.12915,1.13075,6211,29,0
2011-09-02 06:00:00,1.13076,1.13093,1.12299,1.12414,8994,20,0
2011-09-02 08:00:00,1.12413,1.1243,1.1118,1.11216,13239,23,0
2011-09-02 10:00:00,1.11216,1.11297,1.10616,1.11227,11800,21,0
2011-09-02 12:00:00,1.11228,1.11364,1.10022,1.10755,11927,23,0
2011-09-02 14:00:00,1.10756,1.11812,1.10732,1.11202,14064,24,0
2011-09-02 16:00:00,1.11203,1.11895,1.11197,1.11736,11356,21,0
2011-09-02 18:00:00,1.11748,1.11854,1.116,1.11854,7876,22,0
2011-09-02 20:00:00,1.11855,1.12196,1.11816,1.11951,5820,30,0
2011-09-02 22:00:00,1.11947,1.11947,1.11946,1.11946,2,98,0
2011-09-05 00:00:00,1.11835,1.11946,1.11625,1.11826,7812,31,0
2011-09-05 02:00:00,1.11827,1.1198,1.11691,1.11795,7133,30,0
2011-09-05 04:00:00,1.11795,1.1184,1.1164,1.11656,9065,30,0
2011-09-05 06:00:00,1.11658,1.11783,1.10823,1.11008,10713,17,0
2011-09-05 08:00:00,1.11008,1.11527,1.10912,1.11036,13169,21,0
2011-09-05 10:00:00,1.11035,1.11517,1.11004,1.11137,11395,21,0
2011-09-05 12:00:00,1.11137,1.11221,1.10687,1.10831,10656,22,0
2011-09-05 14:00:00,1.1083,1.11112,1.10158,1.11002,12936,23,0
2011-09-05 16:00:00,1.11004,1.11448,1.1048,1.10949,10683,23,0
2011-09-05 18:00:00,1.1095,1.1095,1.1054,1.10774,5609,28,0
2011-09-05 20:00:00,1.10775,1.10942,1.10623,1.10939,3608,53,0
2011-09-05 22:00:00,1.10933,1.1095,1.10444,1.10466,6014,33,0
2011-09-06 00:00:00,1.10465,1.10563,1.10378,1.1039,8799,32,0
2011-09-06 02:00:00,1.10398,1.10572,1.10351,1.10549,7224,30,0
2011-09-06 04:00:00,1.10553,1.10569,1.10262,1.10275,7498,28,0
2011-09-06 06:00:00,1.10274,1.11972,1.10172,1.11827,11754,25,0
2011-09-06 08:00:00,1.11822,1.21832,1.11488,1.20275,15138,24,0
2011-09-06 10:00:00,1.20273,1.20404,1.20093,1.20315,13237,31,0
2011-09-06 12:00:00,1.20316,1.20519,1.20225,1.20269,13660,25,0
2011-09-06 14:00:00,1.20268,1.20372,1.20145,1.20194,12891,22,0
2011-09-06 16:00:00,1.20194,1.20466,1.20104,1.20419,12589,22,0
2011-09-06 18:00:00,1.20419,1.20782,1.20389,1.20493,10205,24,0
2011-09-06 20:00:00,1.20494,1.20689,1.20422,1.2066,7947,31,0
2011-09-06 22:00:00,1.20653,1.20734,1.20555,1.20603,5553,35,0
2011-09-07 00:00:00,1.20603,1.2075,1.20477,1.2049,6659,23,0
2011-09-07 02:00:00,1.20489,1.20659,1.20415,1.20448,7164,31,0
2011-09-07 04:00:00,1.2045,1.20557,1.20346,1.20378,8496,22,0
2011-09-07 06:00:00,1.20378,1.20612,1.20349,1.20529,10047,21,0
2011-09-07 08:00:00,1.20531,1.20806,1.20496,1.20627,13067,19,0
2011-09-07 10:00:00,1.20627,1.20723,1.20463,1.20466,11681,20,0
2011-09-07 12:00:00,1.20467,1.20756,1.20416,1.2063,11366,18,0
2011-09-07 14:00:00,1.20629,1.20712,1.20595,1.20702,12818,18,0
2011-09-07 16:00:00,1.20703,1.20985,1.20646,1.20906,11047,20,0
2011-09-07 18:00:00,1.20908,1.21085,1.20855,1.20863,8421,21,0
2011-09-07 20:00:00,1.20861,1.21069,1.20852,1.20872,6095,30,0
2011-09-07 22:00:00,1.20873,1.21066,1.20859,1.20941,4324,31,0
2011-09-08 00:00:00,1.2094,1.20957,1.20804,1.20821,5824,30,0
2011-09-08 02:00:00,1.20821,1.20875,1.20748,1.20784,6202,30,0
2011-09-08 04:00:00,1.20785,1.20911,1.20724,1.20788,6675,22,0
2011-09-08 06:00:00,1.20787,1.20953,1.20739,1.20933,7992,17,0
2011-09-08 08:00:00,1.20934,1.21567,1.20929,1.21555,12390,19,0
2011-09-08 10:00:00,1.21553,1.2177,1.21258,1.21371,11809,19,0
2011-09-08 12:00:00,1.2137,1.21627,1.21017,1.21367,12753,19,0
2011-09-08 14:00:00,1.21366,1.21796,1.21139,1.21777,13884,20,0
2011-09-08 16:00:00,1.21775,1.21777,1.21349,1.21612,12186,18,0
2011-09-08 18:00:00,1.21611,1.21663,1.2134,1.21473,9985,22,0
2011-09-08 20:00:00,1.21476,1.21547,1.21381,1.215,6178,30,0
2011-09-08 22:00:00,1.21467,1.21586,1.21449,1.21544,4528,27,0
2011-09-09 00:00:00,1.21544,1.21615,1.21398,1.21431,8850,30,0
2011-09-09 02:00:00,1.21432,1.21527,1.21379,1.2145,6653,30,0
2011-09-09 04:00:00,1.21448,1.21455,1.21252,1.2132,6581,18,0
2011-09-09 06:00:00,1.21317,1.21424,1.21072,1.21084,10705,18,0
2011-09-09 08:00:00,1.21082,1.21668,1.21075,1.21442,13715,18,0
2011-09-09 10:00:00,1.21443,1.21653,1.21236,1.21418,13303,20,0
2011-09-09 12:00:00,1.21419,1.21849,1.21318,1.21453,11723,18,0
2011-09-09 14:00:00,1.21455,1.21503,1.20999,1.2114,14449,20,0
2011-09-09 16:00:00,1.21143,1.21198,1.20555,1.20865,12785,20,0
2011-09-09 18:00:00,1.20864,1.20928,1.20602,1.20739,8388,23,0
2011-09-09 20:00:00,1.20741,1.20778,1.20627,1.20634,4969,50,0
2011-09-09 22:00:00,1.20633,1.20633,1.20631,1.20631,2,142,0
2011-09-12 00:00:00,1.20619,1.20761,1.20553,1.20598,7203,32,0
2011-09-12 02:00:00,1.20598,1.20686,1.20542,1.20595,7320,30,0
2011-09-12 04:00:00,1.20595,1.20603,1.20531,1.20547,5619,30,0
2011-09-12 06:00:00,1.20546,1.20584,1.20401,1.2047,9452,18,0
2011-09-12 08:00:00,1.20469,1.20689,1.20443,1.20617,13322,18,0
2011-09-12 10:00:00,1.20616,1.20723,1.20449,1.205,12180,17,0
2011-09-12 12:00:00,1.20501,1.20544,1.20413,1.20442,11135,16,0
2011-09-12 14:00:00,1.20442,1.20638,1.20431,1.2052,12652,17,0
2011-09-12 16:00:00,1.20519,1.20595,1.20351,1.20458,11802,17,0
2011-09-12 18:00:00,1.20459,1.2048,1.20314,1.20419,10427,18,0
2011-09-12 20:00:00,1.20419,1.20432,1.20332,1.20421,6721,30,0
2011-09-12 22:00:00,1.20419,1.20433,1.20343,1.2035,5068,30,0
2011-09-13 00:00:00,1.20348,1.20417,1.20344,1.20405,3617,50,0
2011-09-13 02:00:00,1.20406,1.2042,1.20363,1.20396,4087,50,0
2011-09-13 04:00:00,1.20397,1.20422,1.20356,1.20369,3761,50,0
2011-09-13 06:00:00,1.20367,1.20441,1.20365,1.20421,6615,28,0
2011-09-13 08:00:00,1.20421,1.20507,1.20372,1.20433,9518,20,0
2011-09-13 10:00:00,1.20432,1.20445,1.20287,1.20346,9472,28,0
2011-09-13 12:00:00,1.20347,1.205,1.20299,1.20408,10147,20,0
2011-09-13 14:00:00,1.20407,1.20422,1.20334,1.20364,9336,28,0
2011-09-13 16:00:00,1.20364,1.20416,1.20302,1.2032,9474,28,0
2011-09-13 18:00:00,1.20321,1.20399,1.2031,1.20368,7043,14,0
2011-09-13 20:00:00,1.20367,1.20452,1.20346,1.20356,5217,36,0
2011-09-13 22:00:00,1.20355,1.20417,1.20354,1.20391,3261,50,0
2011-09-14 00:00:00,1.20389,1.20425,1.20354,1.20402,3572,50,0
2011-09-14 02:00:00,1.20403,1.20438,1.20362,1.20367,4816,50,0
2011-09-14 04:00:00,1.20368,1.20435,1.20343,1.20362,4639,50,0
2011-09-14 06:00:00,1.20361,1.20393,1.20327,1.20357,8976,28,0
2011-09-14 08:00:00,1.20356,1.20478,1.20318,1.20427,8723,28,0
2011-09-14 10:00:00,1.20428,1.20463,1.20312,1.20378,8425,28,0
2011-09-14 12:00:00,1.20379,1.2039,1.20286,1.20311,8410,28,0
2011-09-14 14:00:00,1.20312,1.2037,1.20271,1.20282,8794,28,0
2011-09-14 16:00:00,1.20281,1.20347,1.20224,1.20252,8916,28,0
2011-09-14 18:00:00,1.20253,1.20381,1.20222,1.20278,7085,28,0
2011-09-14 20:00:00,1.20277,1.20459,1.20249,1.2044,4883,50,0
2011-09-14 22:00:00,1.20441,1.20476,1.20382,1.20398,3584,50,0
2011-09-15 00:00:00,1.20401,1.20458,1.20391,1.20436,3479,50,0
2011-09-15 02:00:00,1.20437,1.20463,1.20398,1.20436,4958,50,0
2011-09-15 04:00:00,1.20435,1.20595,1.20423,1.20568,4357,50,0
2011-09-15 06:00:00,1.2057,1.20632,1.20523,1.20552,8307,22,0
2011-09-15 08:00:00,1.20554,1.20809,1.20354,1.20783,10296,19,0
2011-09-15 10:00:00,1.20784,1.20915,1.20605,1.2069,11205,15,0
2011-09-15 12:00:00,1.20692,1.20752,1.20489,1.20665,9180,15,0
2011-09-15 14:00:00,1.20665,1.20684,1.20463,1.20492,11774,16,0
2011-09-15 16:00:00,1.20491,1.20633,1.204,1.20613,9677,18,0
2011-09-15 18:00:00,1.20619,1.20681,1.20423,1.20561,7896,20,0
2011-09-15 20:00:00,1.20558,1.2077,1.20516,1.20647,5352,30,0
2011-09-15 22:00:00,1.20646,1.2077,1.2059,1.20705,5067,15,0
2011-09-16 00:00:00,1.20705,1.20751,1.20673,1.20714,5021,30,0
2011-09-16 02:00:00,1.20715,1.20741,1.20618,1.2063,6925,30,0
2011-09-16 04:00:00,1.20629,1.20768,1.20612,1.20764,5110,30,0
2011-09-16 06:00:00,1.20763,1.20793,1.2072,1.20773,6883,22,0
2011-09-16 08:00:00,1.20772,1.20777,1.20549,1.20576,9913,17,0
2011-09-16 10:00:00,1.20576,1.20698,1.2052,1.20647,10842,15,0
2011-09-16 12:00:00,1.20648,1.20679,1.20532,1.20591,10662,15,0
2011-09-16 14:00:00,1.20592,1.2076,1.20525,1.2072,11472,15,0
2011-09-16 16:00:00,1.20719,1.20734,1.20547,1.20652,12173,16,0
2011-09-16 18:00:00,1.20651,1.20741,1.20606,1.20607,8289,17,0
2011-09-16 20:00:00,1.20606,1.2094,1.20602,1.20853,5613,30,0
2011-09-16 22:00:00,1.20854,1.20903,1.20759,1.20787,2042,50,0
2011-09-19 00:00:00,1.20627,1.20713,1.20578,1.20639,7022,32,0
2011-09-19 02:00:00,1.20639,1.20684,1.20559,1.2057,7601,30,0
2011-09-19 04:00:00,1.2057,1.20593,1.20544,1.20567,4426,30,0
2011-09-19 06:00:00,1.20566,1.20602,1.20534,1.20563,7235,18,0
2011-09-19 08:00:00,1.20563,1.20756,1.20544,1.20691,10355,16,0
2011-09-19 10:00:00,1.20689,1.20784,1.20581,1.20627,9812,16,0
2011-09-19 12:00:00,1.20628,1.20704,1.20592,1.20627,8710,15,0
2011-09-19 14:00:00,1.20628,1.20674,1.20577,1.20617,9709,15,0
2011-09-19 16:00:00,1.20618,1.2065,1.20502,1.20534,10490,15,0
2011-09-19 18:00:00,1.20534,1.20591,1.20504,1.20505,8121,16,0
2011-09-19 20:00:00,1.20502,1.20715,1.20494,1.20627,6064,30,0
2011-09-19 22:00:00,1.20628,1.20707,1.20599,1.20621,3800,30,0
2011-09-20 00:00:00,1.20621,1.20651,1.20502,1.20586,6707,50,0
2011-09-20 02:00:00,1.20587,1.20659,1.20544,1.20617,5271,50,0
2011-09-20 04:00:00,1.20619,1.20625,1.20526,1.20548,5835,50,0
2011-09-20 06:00:00,1.20547,1.2066,1.2054,1.20604,8105,28,0
2011-09-20 08:00:00,1.20603,1.2063,1.20499,1.2051,8338,28,0
2011-09-20 10:00:00,1.20509,1.20691,1.20501,1.20586,8860,26,0
2011-09-20 12:00:00,1.20585,1.20679,1.20552,1.20622,7309,22,0
2011-09-20 14:00:00,1.20621,1.22103,1.20609,1.21711,12923,19,0
2011-09-20 16:00:00,1.21707,1.2173,1.21203,1.21613,12506,20,0
2011-09-20 18:00:00,1.21613,1.21819,1.21437,1.2169,9993,20,0
2011-09-20 20:00:00,1.21692,1.21737,1.21419,1.21494,7136,30,0
2011-09-20 22:00:00,1.21494,1.21651,1.21402,1.21492,5765,31,0
2011-09-21 00:00:00,1.215,1.21595,1.21473,1.21578,4657,30,0
2011-09-21 02:00:00,1.21579,1.21704,1.21465,1.21595,8736,30,0
2011-09-21 04:00:00,1.21596,1.21748,1.21549,1.21744,5353,30,0
2011-09-21 06:00:00,1.21743,1.2322,1.21736,1.22269,9744,18,0
2011-09-21 08:00:00,1.2227,1.22654,1.22046,1.22087,12659,21,0
2011-09-21 10:00:00,1.22087,1.22252,1.21902,1.22128,11115,25,0
2011-09-21 12:00:00,1.22127,1.22275,1.21961,1.22,9870,20,0
2011-09-21 14:00:00,1.21999,1.22563,1.21903,1.22448,11232,21,0
2011-09-21 16:00:00,1.2245,1.22952,1.22262,1.22583,12970,19,0
2011-09-21 18:00:00,1.22582,1.2274,1.22337,1.22567,11113,20,0
2011-09-21 20:00:00,1.22566,1.22682,1.22093,1.22146,12329,30,0
2011-09-21 22:00:00,1.22144,1.22215,1.22009,1.22186,6558,38,0
2011-09-22 00:00:00,1.22184,1.22225,1.22055,1.22198,8020,30,0
2011-09-22 02:00:00,1.22199,1.22325,1.22002,1.22188,8067,30,0
2011-09-22 04:00:00,1.22186,1.2225,1.21975,1.22017,8554,30,0
2011-09-22 06:00:00,1.22017,1.22577,1.22016,1.22555,9024,21,0
2011-09-22 08:00:00,1.22556,1.22985,1.22101,1.22673,12702,18,0
2011-09-22 10:00:00,1.22673,1.2325,1.225,1.23227,13697,17,0
2011-09-22 12:00:00,1.23232,1.23425,1.22649,1.2283,13023,18,0
2011-09-22 14:00:00,1.2283,1.23002,1.21697,1.22067,14261,19,0
2011-09-22 16:00:00,1.22067,1.22536,1.21738,1.22008,14249,19,0
2011-09-22 18:00:00,1.22008,1.22455,1.21959,1.21959,11628,20,0
2011-09-22 20:00:00,1.21958,1.22371,1.21947,1.22303,12056,30,0
2011-09-22 22:00:00,1.22306,1.22317,1.22145,1.22204,5726,32,0
2011-09-23 00:00:00,1.22201,1.22525,1.22198,1.22514,6370,30,0
2011-09-23 02:00:00,1.22514,1.22808,1.224,1.22573,9213,30,0
2011-09-23 04:00:00,1.22571,1.22703,1.2237,1.22463,9937,32,0
2011-09-23 06:00:00,1.22463,1.22486,1.22223,1.22225,9136,19,0
2011-09-23 08:00:00,1.2222,1.22532,1.22024,1.22036,13004,18,0
2011-09-23 10:00:00,1.22039,1.2226,1.21897,1.2212,12460,16,0
2011-09-23 12:00:00,1.22123,1.22173,1.21883,1.21895,13073,17,0
2011-09-23 14:00:00,1.21894,1.22209,1.21846,1.22193,13900,17,0
2011-09-23 16:00:00,1.22192,1.22383,1.21876,1.22146,13172,17,0
2011-09-23 18:00:00,1.22148,1.22164,1.21991,1.22058,11213,20,0
2011-09-23 20:00:00,1.22059,1.22192,1.21996,1.22068,7874,30,0
2011-09-23 22:00:00,1.22067,1.2233,1.22067,1.22149,3224,31,0
2011-09-26 00:00:00,1.22206,1.22515,1.22083,1.22485,7752,30,0
2011-09-26 02:00:00,1.22486,1.22487,1.22003,1.22208,10020,30,0
2011-09-26 04:00:00,1.22209,1.22254,1.22066,1.22111,8701,30,0
2011-09-26 06:00:00,1.22111,1.22365,1.22042,1.22356,9744,21,0
2011-09-26 08:00:00,1.22369,1.22429,1.2175,1.22078,13233,16,0
2011-09-26 10:00:00,1.22079,1.22341,1.21995,1.22246,12476,18,0
2011-09-26 12:00:00,1.22247,1.22281,1.21845,1.22049,12357,17,0
2011-09-26 14:00:00,1.22048,1.22174,1.21853,1.21853,12156,16,0
2011-09-26 16:00:00,1.21852,1.21968,1.21519,1.21934,13178,16,0
2011-09-26 18:00:00,1.21936,1.22084,1.21796,1.21807,10765,18,0
2011-09-26 20:00:00,1.21809,1.21988,1.21712,1.21971,7945,30,0
2011-09-26 22:00:00,1.21966,1.22027,1.21793,1.21975,5823,31,0
2011-09-27 00:00:00,1.21972,1.22018,1.21817,1.21819,5428,30,0
2011-09-27 02:00:00,1.21818,1.2197,1.21753,1.21961,7808,30,0
2011-09-27 04:00:00,1.21962,1.22174,1.21905,1.22174,7104,30,0
2011-09-27 06:00:00,1.22173,1.22279,1.2207,1.22222,8058,19,0
2011-09-27 08:00:00,1.22221,1.22273,1.21859,1.21975,12437,17,0
2011-09-27 10:00:00,1.21974,1.22128,1.21897,1.22066,11599,16,0
2011-09-27 12:00:00,1.22062,1.2235,1.22024,1.22189,12177,16,0
2011-09-27 14:00:00,1.2219,1.22358,1.21854,1.21997,12493,16,0
2011-09-27 16:00:00,1.21996,1.22075,1.21758,1.21884,12022,15,0
2011-09-27 18:00:00,1.21894,1.22057,1.21835,1.22015,10404,18,0
2011-09-27 20:00:00,1.22019,1.22119,1.21843,1.21917,8399,30,0
2011-09-27 22:00:00,1.21916,1.21925,1.21636,1.2178,4649,31,0
2011-09-28 00:00:00,1.2178,1.21813,1.21743,1.2177,4414,50,0
2011-09-28 02:00:00,1.21768,1.22018,1.21727,1.21925,7631,30,0
2011-09-28 04:00:00,1.21925,1.21956,1.21801,1.21904,7167,30,0
2011-09-28 06:00:00,1.21906,1.22041,1.21843,1.21936,8029,20,0
2011-09-28 08:00:00,1.2194,1.22151,1.21921,1.22064,12263,16,0
2011-09-28 10:00:00,1.22064,1.22216,1.21974,1.22121,11274,16,0
2011-09-28 12:00:00,1.22122,1.22223,1.22016,1.22043,11150,16,0
2011-09-28 14:00:00,1.22043,1.22186,1.21988,1.22155,10781,16,0
2011-09-28 16:00:00,1.22157,1.22241,1.21994,1.2203,12116,11,0
2011-09-28 18:00:00,1.22031,1.22135,1.21915,1.21924,9818,18,0
2011-09-28 20:00:00,1.21925,1.22008,1.21803,1.21932,7478,30,0
2011-09-28 22:00:00,1.21931,1.21934,1.21801,1.21842,4899,31,0
2011-09-29 00:00:00,1.21841,1.21982,1.21841,1.21975,5358,30,0
2011-09-29 02:00:00,1.21974,1.21985,1.21867,1.21973,7435,30,0
2011-09-29 04:00:00,1.21974,1.22077,1.21932,1.22053,6864,30,0
2011-09-29 06:00:00,1.22054,1.22085,1.21872,1.22029,8979,19,0
2011-09-29 08:00:00,1.22029,1.22171,1.21988,1.22016,10302,17,0
2011-09-29 10:00:00,1.22015,1.2217,1.21952,1.2203,10760,17,0
2011-09-29 12:00:00,1.22029,1.22082,1.21946,1.21975,10822,16,0
2011-09-29 14:00:00,1.21976,1.22088,1.21908,1.21947,11884,16,0
2011-09-29 16:00:00,1.21945,1.22076,1.21829,1.22032,11453,15,0
2011-09-29 18:00:00,1.22032,1.2207,1.219,1.21934,10460,17,0
2011-09-29 20:00:00,1.21934,1.2197,1.21829,1.21952,7964,30,0
2011-09-29 22:00:00,1.21952,1.21977,1.21885,1.21922,4362,31,0
2011-09-30 00:00:00,1.21929,1.22001,1.21883,1.21954,3868,32,0
2011-09-30 02:00:00,1.21952,1.21965,1.21829,1.21861,5581,50,0
2011-09-30 04:00:00,1.21862,1.21894,1.21785,1.21811,5033,50,0
2011-09-30 06:00:00,1.21812,1.21914,1.21804,1.21865,7035,28,0
2011-09-30 08:00:00,1.21864,1.21985,1.21799,1.21908,9859,17,0
2011-09-30 10:00:00,1.21909,1.21999,1.2184,1.21905,8827,17,0
2011-09-30 12:00:00,1.21907,1.21915,1.21599,1.2161,9027,18,0
2011-09-30 14:00:00,1.21609,1.21737,1.21222,1.21522,12098,16,0
2011-09-30 16:00:00,1.21521,1.21927,1.21514,1.21684,12059,15,0
2011-09-30 18:00:00,1.21685,1.21764,1.21524,1.21592,9823,20,0
2011-09-30 20:00:00,1.21588,1.21593,1.21414,1.21416,7383,30,0
2011-09-30 22:00:00,1.21414,1.21588,1.21372,1.21544,3104,30,0
2011-10-03 00:00:00,1.21385,1.21552,1.21309,1.21503,6000,32,0
2011-10-03 02:00:00,1.21503,1.21504,1.21376,1.21384,6821,30,0
2011-10-03 04:00:00,1.21385,1.21478,1.21306,1.21418,6922,30,0
2011-10-03 06:00:00,1.21419,1.21503,1.21361,1.21399,8358,20,0
2011-10-03 08:00:00,1.21397,1.21614,1.21277,1.2155,10890,16,0
2011-10-03 10:00:00,1.2155,1.21657,1.21446,1.21472,10751,16,0
2011-10-03 12:00:00,1.21473,1.21544,1.21373,1.21459,9821,15,0
2011-10-03 14:00:00,1.2146,1.21462,1.21283,1.21295,11241,16,0
2011-10-03 16:00:00,1.21297,1.21627,1.21294,1.21529,13187,16,0
2011-10-03 18:00:00,1.2153,1.21569,1.21319,1.21354,10861,18,0
2011-10-03 20:00:00,1.21354,1.21548,1.21221,1.21415,9151,30,0
2011-10-03 22:00:00,1.21415,1.2146,1.21237,1.21414,6228,31,0
2011-10-04 00:00:00,1.21411,1.21477,1.21342,1.21437,7492,30,0
2011-10-04 02:00:00,1.21435,1.21518,1.21352,1.2151,7499,30,0
2011-10-04 04:00:00,1.21509,1.21521,1.21296,1.21316,7191,30,0
2011-10-04 06:00:00,1.21319,1.21481,1.21265,1.21479,9040,18,0
2011-10-04 08:00:00,1.2148,1.21512,1.21308,1.21363,10938,16,0
2011-10-04 10:00:00,1.21356,1.21543,1.21324,1.21498,10424,16,0
2011-10-04 12:00:00,1.21501,1.21588,1.21442,1.21521,9344,18,0
2011-10-04 14:00:00,1.2152,1.21902,1.21518,1.21876,10797,17,0
2011-10-04 16:00:00,1.21874,1.22808,1.21716,1.22607,14482,17,0
2011-10-04 18:00:00,1.22606,1.22721,1.22311,1.22328,10811,21,0
2011-10-04 20:00:00,1.22325,1.22667,1.22216,1.22647,11319,30,0
2011-10-04 22:00:00,1.22648,1.22678,1.21806,1.2236,8616,31,0
2011-10-05 00:00:00,1.22358,1.22591,1.22256,1.22294,7767,30,0
2011-10-05 02:00:00,1.22295,1.22547,1.22165,1.22371,10405,30,0
2011-10-05 04:00:00,1.22372,1.22685,1.22361,1.22574,6685,30,0
2011-10-05 06:00:00,1.22573,1.22734,1.22446,1.22535,8315,18,0
2011-10-05 08:00:00,1.22534,1.22964,1.22513,1.2283,10747,19,0
2011-10-05 10:00:00,1.22829,1.2285,1.22495,1.22538,11271,15,0
2011-10-05 12:00:00,1.22536,1.22706,1.22461,1.22638,11525,16,0
2011-10-05 14:00:00,1.22637,1.2275,1.22577,1.22685,11171,17,0
2011-10-05 16:00:00,1.22672,1.23005,1.22637,1.22998,11659,10,0
2011-10-05 18:00:00,1.22996,1.23527,1.22799,1.23439,10439,18,0
2011-10-05 20:00:00,1.23438,1.2353,1.23182,1.23242,9364,30,0
2011-10-05 22:00:00,1.23241,1.233,1.23094,1.23225,4610,31,0
2011-10-06 00:00:00,1.23216,1.2335,1.23093,1.23214,6619,31,0
2011-10-06 02:00:00,1.23215,1.23323,1.23108,1.2327,8161,30,0
2011-10-06 04:00:00,1.23269,1.23322,1.23091,1.23221,7087,30,0
2011-10-06 06:00:00,1.23222,1.23259,1.22961,1.23069,7366,15,0
2011-10-06 08:00:00,1.23072,1.24233,1.23071,1.23705,11992,16,0
2011-10-06 10:00:00,1.23706,1.239,1.23408,1.23434,11070,22,0
2011-10-06 12:00:00,1.23432,1.23593,1.2288,1.23183,12454,18,0
2011-10-06 14:00:00,1.23184,1.23657,1.23121,1.23526,13424,23,0
2011-10-06 16:00:00,1.23525,1.23781,1.23245,1.23617,12784,18,0
2011-10-06 18:00:00,1.23617,1.23883,1.23604,1.23798,9826,20,0
2011-10-06 20:00:00,1.23798,1.23835,1.23572,1.23661,8018,30,0
2011-10-06 22:00:00,1.23658,1.2376,1.23569,1.23685,4464,31,0
2011-10-07 00:00:00,1.23683,1.23799,1.23399,1.23467,5497,30,0
2011-10-07 02:00:00,1.23466,1.23498,1.23411,1.23483,6209,30,0
2011-10-07 04:00:00,1.23481,1.23507,1.2336,1.23506,5564,30,0
2011-10-07 06:00:00,1.23508,1.23675,1.2343,1.23538,7878,19,0
2011-10-07 08:00:00,1.23536,1.23852,1.23483,1.23676,10108,8,0
2011-10-07 10:00:00,1.23675,1.23844,1.23614,1.23654,9754,7,0
2011-10-07 12:00:00,1.23654,1.23701,1.23502,1.23509,9969,15,0
2011-10-07 14:00:00,1.23508,1.24053,1.23505,1.2388,13091,16,0
2011-10-07 16:00:00,1.23881,1.23897,1.23433,1.23669,12512,15,0
2011-10-07 18:00:00,1.2367,1.23994,1.2367,1.23909,10870,16,0
2011-10-07 20:00:00,1.23908,1.24197,1.23833,1.24047,8057,30,0
2011-10-07 22:00:00,1.24046,1.24165,1.23965,1.24011,2168,37,0
2011-10-10 00:00:00,1.23974,1.24076,1.23929,1.24072,4741,30,0
2011-10-10 02:00:00,1.24073,1.24304,1.23919,1.24209,6448,30,0
2011-10-10 04:00:00,1.24205,1.24266,1.24104,1.2412,6589,30,0
2011-10-10 06:00:00,1.24119,1.2429,1.24103,1.24152,6839,17,0
2011-10-10 08:00:00,1.24154,1.2434,1.23675,1.23986,10052,16,0
2011-10-10 10:00:00,1.23987,1.24091,1.23669,1.23838,10772,15,0
2011-10-10 12:00:00,1.23835,1.2385,1.23034,1.23212,10479,19,0
2011-10-10 14:00:00,1.23214,1.23671,1.23047,1.2357,11286,18,0
2011-10-10 16:00:00,1.23569,1.23675,1.23398,1.23523,10710,17,0
2011-10-10 18:00:00,1.23521,1.23554,1.23269,1.23273,7431,17,0
2011-10-10 20:00:00,1.23273,1.23341,1.23232,1.23298,4865,30,0
2011-10-10 22:00:00,1.23297,1.2333,1.23243,1.23271,3609,30,0
2011-10-11 00:00:00,1.23274,1.23336,1.23246,1.2326,4456,30,0
2011-10-11 02:00:00,1.23257,1.2335,1.23235,1.23286,6800,30,0
2011-10-11 04:00:00,1.23285,1.233,1.23169,1.232,4444,30,0
2011-10-11 06:00:00,1.232,1.23413,1.23142,1.23329,6075,15,0
2011-10-11 08:00:00,1.23327,1.23467,1.23244,1.23298,10575,16,0
2011-10-11 10:00:00,1.23298,1.23878,1.23163,1.23878,12452,17,0
2011-10-11 12:00:00,1.23885,1.24071,1.23721,1.23754,10519,16,0
2011-10-11 14:00:00,1.23754,1.23886,1.23668,1.23746,12153,15,0
2011-10-11 16:00:00,1.23745,1.24137,1.23643,1.23797,13035,16,0
2011-10-11 18:00:00,1.23798,1.23999,1.23743,1.23911,10571,18,0
2011-10-11 20:00:00,1.23911,1.2392,1.23775,1.23887,7189,30,0
2011-10-11 22:00:00,1.23886,1.2395,1.23789,1.23839,6376,32,0
2011-10-12 00:00:00,1.23842,1.2397,1.2383,1.23881,4894,30,0
2011-10-12 02:00:00,1.23881,1.23965,1.23709,1.23835,7964,30,0
2011-10-12 04:00:00,1.23832,1.24033,1.23827,1.23971,5034,30,0
2011-10-12 06:00:00,1.2397,1.24047,1.23856,1.24032,6500,21,0
2011-10-12 08:00:00,1.24031,1.24164,1.23912,1.24157,9728,18,0
2011-10-12 10:00:00,1.24157,1.24161,1.23363,1.23739,12927,16,0
2011-10-12 12:00:00,1.2374,1.2375,1.23446,1.2366,11489,16,0
2011-10-12 14:00:00,1.23661,1.23872,1.236,1.23677,12561,16,0
2011-10-12 16:00:00,1.23678,1.23683,1.23349,1.2347,11673,16,0
2011-10-12 18:00:00,1.23471,1.23556,1.23206,1.23396,9600,19,0
2011-10-12 20:00:00,1.23393,1.23464,1.23238,1.2345,7470,30,0
2011-10-12 22:00:00,1.23452,1.23457,1.23334,1.2335,5128,31,0
2011-10-13 00:00:00,1.2335,1.23485,1.23323,1.23483,5893,30,0
2011-10-13 02:00:00,1.23487,1.23715,1.23416,1.23654,8353,30,0
2011-10-13 04:00:00,1.2365,1.23715,1.2363,1.23662,4756,30,0
2011-10-13 06:00:00,1.23662,1.23759,1.23598,1.23645,6979,17,0
2011-10-13 08:00:00,1.2364,1.23676,1.23337,1.23562,10262,16,0
2011-10-13 10:00:00,1.23563,1.23603,1.23303,1.23324,11626,17,0
2011-10-13 12:00:00,1.23323,1.23415,1.23265,1.23369,9655,17,0
2011-10-13 14:00:00,1.2337,1.23737,1.23302,1.23717,11333,16,0
2011-10-13 16:00:00,1.23718,1.23735,1.23521,1.23572,12033,15,0
2011-10-13 18:00:00,1.23575,1.23687,1.23451,1.23671,9862,19,0
2011-10-13 20:00:00,1.23672,1.23746,1.23636,1.23675,5527,30,0
2011-10-13 22:00:00,1.23678,1.23734,1.23533,1.23684,4628,31,0
2011-10-14 00:00:00,1.23684,1.2374,1.23529,1.23735,6728,30,0
2011-10-14 02:00:00,1.23736,1.2374,1.23573,1.2373,6363,47,0
2011-10-14 04:00:00,1.23734,1.23748,1.23585,1.23656,4662,43,0
2011-10-14 06:00:00,1.23654,1.23766,1.23629,1.23722,7175,28,0
2011-10-14 08:00:00,1.23723,1.2377,1.23588,1.23726,8800,23,0
2011-10-14 10:00:00,1.23725,1.23876,1.23636,1.23764,9932,28,0
2011-10-14 12:00:00,1.23765,1.23884,1.23698,1.23788,9059,28,0
2011-10-14 14:00:00,1.2379,1.24117,1.23693,1.2387,11757,17,0
2011-10-14 16:00:00,1.2387,1.23957,1.23598,1.23824,11565,19,0
2011-10-14 18:00:00,1.23825,1.23918,1.23686,1.23887,7961,21,0
2011-10-14 20:00:00,1.23886,1.2395,1.23826,1.23884,4974,30,0
2011-10-14 22:00:00,1.23887,1.23917,1.23713,1.23726,2310,35,0
2011-10-17 00:00:00,1.23722,1.23862,1.23703,1.23762,6498,30,0
2011-10-17 02:00:00,1.23764,1.2386,1.23716,1.23858,6222,30,0
2011-10-17 04:00:00,1.23859,1.23868,1.23749,1.23859,6914,30,0
2011-10-17 06:00:00,1.23858,1.2388,1.23772,1.23814,6328,19,0
2011-10-17 08:00:00,1.23813,1.23951,1.23708,1.23708,9926,15,0
2011-10-17 10:00:00,1.23703,1.23849,1.23463,1.23665,11456,16,0
2011-10-17 12:00:00,1.23666,1.23885,1.23602,1.2368,10990,16,0
2011-10-17 14:00:00,1.2368,1.23713,1.23506,1.23506,11625,17,0
2011-10-17 16:00:00,1.23507,1.23703,1.23438,1.23638,10977,15,0
2011-10-17 18:00:00,1.23637,1.23675,1.23468,1.23531,8162,19,0
2011-10-17 20:00:00,1.2353,1.23571,1.23479,1.2351,5138,30,0
2011-10-17 22:00:00,1.23511,1.23551,1.23456,1.23508,4133,31,0
2011-10-18 00:00:00,1.23506,1.23541,1.23413,1.23466,4400,50,0
2011-10-18 02:00:00,1.23465,1.23501,1.23321,1.23354,5404,50,0
2011-10-18 04:00:00,1.23355,1.23414,1.23282,1.23326,5427,50,0
2011-10-18 06:00:00,1.23325,1.23574,1.23325,1.23518,6519,28,0
2011-10-18 08:00:00,1.23512,1.23534,1.23312,1.23409,8525,28,0
2011-10-18 10:00:00,1.23411,1.23455,1.23317,1.23418,8505,28,0
2011-10-18 12:00:00,1.2342,1.23476,1.23336,1.23411,7377,28,0
2011-10-18 14:00:00,1.23411,1.23647,1.23406,1.23497,9615,16,0
2011-10-18 16:00:00,1.23501,1.23741,1.23471,1.23629,10228,16,0
2011-10-18 18:00:00,1.23628,1.23775,1.2347,1.23625,7651,17,0
2011-10-18 20:00:00,1.23623,1.2378,1.23518,1.23606,7854,30,0
2011-10-18 22:00:00,1.23607,1.23662,1.23499,1.23506,5699,31,0
2011-10-19 00:00:00,1.2351,1.23568,1.23488,1.23537,5883,30,0
2011-10-19 02:00:00,1.23535,1.23657,1.23489,1.23641,6860,30,0
2011-10-19 04:00:00,1.2364,1.23668,1.23603,1.2366,3911,38,0
2011-10-19 06:00:00,1.23661,1.23831,1.23652,1.23805,6723,28,0
2011-10-19 08:00:00,1.23804,1.24486,1.238,1.24462,10706,15,0
2011-10-19 10:00:00,1.24463,1.24652,1.24131,1.24251,11281,16,0
2011-10-19 12:00:00,1.24248,1.24361,1.24172,1.24273,9763,15,0
2011-10-19 14:00:00,1.24272,1.24724,1.242,1.24324,11184,15,0
2011-10-19 16:00:00,1.24323,1.24399,1.2405,1.24271,11920,16,0
2011-10-19 18:00:00,1.24274,1.24323,1.24179,1.24262,8408,18,0
2011-10-19 20:00:00,1.24261,1.24272,1.24056,1.24149,6870,30,0
2011-10-19 22:00:00,1.2415,1.24246,1.24131,1.24183,4173,30,0
2011-10-20 00:00:00,1.24191,1.24331,1.24189,1.24296,4447,30,0
2011-10-20 02:00:00,1.24297,1.24327,1.24122,1.24165,6129,28,0
2011-10-20 04:00:00,1.24163,1.2438,1.24136,1.24327,6841,30,0
2011-10-20 06:00:00,1.24327,1.24403,1.24203,1.24203,7421,18,0
2011-10-20 08:00:00,1.24205,1.24295,1.23884,1.24031,10337,16,0
2011-10-20 10:00:00,1.24032,1.24044,1.23614,1.2363,10366,16,0
2011-10-20 12:00:00,1.23628,1.2374,1.23553,1.23561,9905,16,0
2011-10-20 14:00:00,1.2356,1.23639,1.22802,1.22961,11297,16,0
2011-10-20 16:00:00,1.22945,1.23172,1.22839,1.23056,12315,16,0
2011-10-20 18:00:00,1.23055,1.23142,1.22946,1.23076,10361,21,0
2011-10-20 20:00:00,1.23077,1.23224,1.22983,1.23189,7394,30,0
2011-10-20 22:00:00,1.23188,1.23225,1.23081,1.23161,4325,30,0
2011-10-21 00:00:00,1.23161,1.23234,1.23103,1.2322,6195,30,0
2011-10-21 02:00:00,1.23222,1.23315,1.22066,1.22209,8241,28,0
2011-10-21 04:00:00,1.22208,1.22492,1.22149,1.22492,6086,30,0
2011-10-21 06:00:00,1.22494,1.22662,1.22408,1.22515,7054,15,0
2011-10-21 08:00:00,1.22516,1.22589,1.22082,1.22487,9620,15,0
2011-10-21 10:00:00,1.22486,1.22978,1.22377,1.22878,9755,17,0
2011-10-21 12:00:00,1.22879,1.23094,1.22563,1.22962,9583,17,0
2011-10-21 14:00:00,1.22961,1.23077,1.22509,1.22726,10871,16,0
2011-10-21 16:00:00,1.22727,1.22927,1.22523,1.22801,9904,17,0
2011-10-21 18:00:00,1.228,1.22821,1.22348,1.2238,9113,16,0
2011-10-21 20:00:00,1.2238,1.22663,1.22353,1.22375,6657,30,0
2011-10-21 22:00:00,1.22378,1.22641,1.22362,1.22536,2658,31,0
2011-10-24 00:00:00,1.22483,1.22551,1.22298,1.224,6627,30,0
2011-10-24 02:00:00,1.22403,1.22559,1.22308,1.22536,7855,30,0
2011-10-24 04:00:00,1.22537,1.22804,1.22437,1.22804,5657,30,0
2011-10-24 06:00:00,1.22803,1.22984,1.22657,1.22958,8015,17,0
2011-10-24 08:00:00,1.22958,1.23056,1.22561,1.22771,10595,17,0
2011-10-24 10:00:00,1.22771,1.22889,1.22565,1.22755,10951,16,0
2011-10-24 12:00:00,1.22763,1.22878,1.22596,1.2279,8888,15,0
2011-10-24 14:00:00,1.22791,1.22866,1.22562,1.2262,9847,16,0
2011-10-24 16:00:00,1.22621,1.22883,1.22604,1.22666,10930,15,0
2011-10-24 18:00:00,1.22667,1.22686,1.22537,1.22656,7902,16,0
2011-10-24 20:00:00,1.22656,1.2279,1.22644,1.22707,6041,30,0
2011-10-24 22:00:00,1.22706,1.22723,1.22612,1.22627,3465,30,0
2011-10-25 00:00:00,1.22625,1.22633,1.22294,1.22438,4284,30,0
2011-10-25 02:00:00,1.22438,1.22571,1.22437,1.22545,6286,30,0
2011-10-25 04:00:00,1.22544,1.22549,1.22325,1.22414,4891,30,0
2011-10-25 06:00:00,1.22415,1.22717,1.2238,1.22713,6485,19,0
2011-10-25 08:00:00,1.22701,1.22823,1.22445,1.22453,10004,15,0
2011-10-25 10:00:00,1.22451,1.22482,1.22312,1.22422,8386,17,0
2011-10-25 12:00:00,1.22421,1.22671,1.22416,1.22557,9120,15,0
2011-10-25 14:00:00,1.22556,1.22627,1.2247,1.22497,11641,15,0
2011-10-25 16:00:00,1.22496,1.22596,1.22322,1.22337,10111,16,0
2011-10-25 18:00:00,1.22339,1.22504,1.22314,1.22321,7577,17,0
2011-10-25 20:00:00,1.22322,1.22342,1.22138,1.22167,4582,50,0
2011-10-25 22:00:00,1.22166,1.22174,1.2205,1.22087,3616,30,0
2011-10-26 00:00:00,1.22087,1.22207,1.22077,1.22106,3550,34,0
2011-10-26 02:00:00,1.22107,1.22277,1.22106,1.22274,5182,30,0
2011-10-26 04:00:00,1.22274,1.22282,1.22173,1.22254,4001,30,0
2011-10-26 06:00:00,1.22254,1.22278,1.22012,1.22162,4915,17,0
2011-10-26 08:00:00,1.22161,1.22256,1.2176,1.21816,8849,17,0
2011-10-26 10:00:00,1.21815,1.22037,1.21563,1.21971,9540,15,0
2011-10-26 12:00:00,1.21972,1.22016,1.21654,1.21932,9290,16,0
2011-10-26 14:00:00,1.2193,1.22265,1.2191,1.2206,9801,18,0
2011-10-26 16:00:00,1.22061,1.22385,1.2202,1.22358,11686,16,0
2011-10-26 18:00:00,1.2236,1.22559,1.22317,1.2254,9195,18,0
2011-10-26 20:00:00,1.22541,1.227,1.22451,1.22489,7859,30,0
2011-10-26 22:00:00,1.22488,1.22563,1.22375,1.22475,5049,30,0
2011-10-27 00:00:00,1.22477,1.2249,1.22255,1.22317,5446,30,0
2011-10-27 02:00:00,1.22316,1.22727,1.22296,1.22684,8715,30,0
2011-10-27 04:00:00,1.22685,1.2281,1.22508,1.2273,6037,28,0
2011-10-27 06:00:00,1.2273,1.2287,1.22495,1.22615,7018,20,0
2011-10-27 08:00:00,1.22613,1.22774,1.22479,1.22503,9437,19,0
2011-10-27 10:00:00,1.22504,1.22719,1.22439,1.22538,8439,16,0
2011-10-27 12:00:00,1.22534,1.22596,1.22174,1.22314,8243,18,0
2011-10-27 14:00:00,1.22315,1.22381,1.22103,1.2218,11321,15,0
2011-10-27 16:00:00,1.22177,1.22265,1.21896,1.22001,11215,16,0
2011-10-27 18:00:00,1.22001,1.22228,1.21797,1.22118,9576,16,0
2011-10-27 20:00:00,1.22118,1.22197,1.22068,1.22068,6495,30,0
2011-10-27 22:00:00,1.22065,1.22157,1.21898,1.2193,3979,30,0
2011-10-28 00:00:00,1.21941,1.22106,1.21926,1.22076,4137,28,0
2011-10-28 02:00:00,1.22075,1.22109,1.21886,1.21914,5744,30,0
2011-10-28 04:00:00,1.21915,1.22108,1.21908,1.22048,4927,30,0
2011-10-28 06:00:00,1.22049,1.22173,1.21955,1.22152,5646,15,0
2011-10-28 08:00:00,1.22153,1.22357,1.2203,1.22261,9295,15,0
2011-10-28 10:00:00,1.2226,1.22442,1.2223,1.2241,9124,15,0
2011-10-28 12:00:00,1.22411,1.22419,1.22112,1.22129,9186,15,0
2011-10-28 14:00:00,1.22129,1.22226,1.2205,1.22189,10223,16,0
2011-10-28 16:00:00,1.22188,1.22361,1.22087,1.22178,10734,16,0
2011-10-28 18:00:00,1.22177,1.22259,1.2205,1.22118,6304,15,0
2011-10-28 20:00:00,1.22116,1.22116,1.21979,1.22036,4112,30,0
2011-10-28 22:00:00,1.22037,1.22101,1.21978,1.22086,1646,30,0
2011-10-31 00:00:00,1.21986,1.22069,1.21947,1.21951,3489,30,0
2011-10-31 02:00:00,1.21952,1.22228,1.21947,1.22013,7206,30,0
2011-10-31 04:00:00,1.22013,1.22276,1.21937,1.22267,7591,30,0
2011-10-31 06:00:00,1.22268,1.22269,1.22121,1.22207,5662,22,0
2011-10-31 08:00:00,1.22214,1.22235,1.21811,1.22043,8865,15,0
2011-10-31 10:00:00,1.22044,1.22121,1.21795,1.21953,9864,18,0
2011-10-31 12:00:00,1.21952,1.22033,1.21844,1.21914,8100,16,0
2011-10-31 14:00:00,1.21911,1.22004,1.21741,1.21773,10222,17,0
2011-10-31 16:00:00,1.21772,1.21971,1.21428,1.21431,10496,17,0
2011-10-31 18:00:00,1.21432,1.21771,1.21411,1.2161,8521,18,0
2011-10-31 20:00:00,1.21608,1.21692,1.21419,1.21441,7160,17,0
2011-10-31 22:00:00,1.2144,1.21573,1.21414,1.21463,3758,30,0
2011-11-01 00:00:00,1.21461,1.21604,1.21459,1.21575,3647,31,0
2011-11-01 02:00:00,1.21577,1.21677,1.21457,1.21586,6917,30,0
2011-11-01 04:00:00,1.21584,1.21674,1.21561,1.21642,4531,30,0
2011-11-01 06:00:00,1.21642,1.21668,1.21399,1.2143,5356,28,0
2011-11-01 08:00:00,1.21431,1.21566,1.21391,1.21505,7171,19,0
2011-11-01 10:00:00,1.21502,1.21962,1.2142,1.21713,10415,17,0
2011-11-01 12:00:00,1.21716,1.22002,1.21699,1.21959,9755,16,0
2011-11-01 14:00:00,1.21957,1.22104,1.2175,1.21851,11509,17,0
2011-11-01 16:00:00,1.21847,1.21951,1.2172,1.2175,11636,15,0
2011-11-01 18:00:00,1.21751,1.21806,1.215,1.21556,10769,16,0
2011-11-01 20:00:00,1.21555,1.21633,1.2148,1.21485,8384,17,0
2011-11-01 22:00:00,1.21484,1.21567,1.21459,1.2151,3379,50,0
2011-11-02 00:00:00,1.21503,1.21572,1.21394,1.21444,4133,30,0
2011-11-02 02:00:00,1.21445,1.21574,1.21399,1.21461,4464,30,0
2011-11-02 04:00:00,1.21459,1.21517,1.21445,1.21494,2925,44,0
2011-11-02 06:00:00,1.21493,1.21557,1.21472,1.21555,3408,26,0
2011-11-02 08:00:00,1.21552,1.21681,1.21447,1.21668,7527,16,0
2011-11-02 10:00:00,1.21666,1.21735,1.21561,1.2162,10523,15,0
2011-11-02 12:00:00,1.21619,1.21823,1.21616,1.21649,9037,15,0
2011-11-02 14:00:00,1.2165,1.21687,1.21596,1.21597,9447,15,0
2011-11-02 16:00:00,1.21597,1.21715,1.21523,1.21579,10269,15,0
2011-11-02 18:00:00,1.21579,1.2165,1.21409,1.21616,9219,16,0
2011-11-02 20:00:00,1.21617,1.2166,1.21482,1.21496,7883,20,0
2011-11-02 22:00:00,1.21495,1.21543,1.21442,1.21474,3046,44,0
2011-11-03 00:00:00,1.21475,1.21491,1.21293,1.21313,3052,28,0
2011-11-03 02:00:00,1.21314,1.21409,1.21283,1.21316,3749,50,0
2011-11-03 04:00:00,1.21314,1.21389,1.2129,1.21378,4320,50,0
2011-11-03 06:00:00,1.21377,1.21399,1.21289,1.21338,3876,28,0
2011-11-03 08:00:00,1.21339,1.21462,1.21314,1.21351,6612,28,0
2011-11-03 10:00:00,1.2135,1.21523,1.21296,1.21396,8541,28,0
2011-11-03 12:00:00,1.21396,1.21542,1.21343,1.21506,8951,27,0
2011-11-03 14:00:00,1.21508,1.21663,1.21363,1.21465,10829,16,0
2011-11-03 16:00:00,1.21451,1.21592,1.21334,1.21397,10750,16,0
2011-11-03 18:00:00,1.21395,1.217,1.2137,1.21593,8108,19,0
2011-11-03 20:00:00,1.21592,1.21597,1.21296,1.21296,6271,19,0
2011-11-03 22:00:00,1.21295,1.21385,1.21271,1.21326,2619,50,0
2011-11-04 00:00:00,1.21325,1.2141,1.21313,1.21344,3592,37,0
2011-11-04 02:00:00,1.21345,1.21426,1.21334,1.21426,3192,30,0
2011-11-04 04:00:00,1.21425,1.21444,1.2133,1.21386,3073,30,0
2011-11-04 06:00:00,1.21388,1.21506,1.21383,1.21449,4136,18,0
2011-11-04 08:00:00,1.21451,1.21823,1.21393,1.21814,6577,15,0
2011-11-04 10:00:00,1.21813,1.2244,1.21789,1.22184,10920,17,0
2011-11-04 12:00:00,1.22181,1.22304,1.22045,1.22282,9648,15,0
2011-11-04 14:00:00,1.2228,1.22317,1.22067,1.22111,12557,18,0
2011-11-04 16:00:00,1.2211,1.22278,1.21897,1.22159,11272,15,0
2011-11-04 18:00:00,1.22163,1.22254,1.21997,1.22,8388,16,0
2011-11-04 20:00:00,1.22001,1.22123,1.21905,1.22001,6392,15,0
2011-11-04 22:00:00,1.22002,1.22064,1.21908,1.21954,2268,30,0
2011-11-07 00:00:00,1.22651,1.22826,1.22645,1.22659,5828,31,0
2011-11-07 02:00:00,1.22657,1.22931,1.22648,1.22864,5402,30,0
2011-11-07 04:00:00,1.22864,1.23074,1.22859,1.22956,4338,30,0
2011-11-07 06:00:00,1.22955,1.23055,1.2277,1.22838,5939,18,0
2011-11-07 08:00:00,1.22838,1.2378,1.22782,1.2354,10753,16,0
2011-11-07 10:00:00,1.23541,1.23929,1.23333,1.23547,9518,15,0
2011-11-07 12:00:00,1.23548,1.23594,1.23233,1.23365,8985,15,0
2011-11-07 14:00:00,1.23366,1.23794,1.23219,1.23766,9665,15,0
2011-11-07 16:00:00,1.23768,1.23999,1.23611,1.23873,10867,17,0
2011-11-07 18:00:00,1.23873,1.24159,1.23771,1.24137,7960,16,0
2011-11-07 20:00:00,1.24139,1.24168,1.2405,1.24084,4819,30,0
2011-11-07 22:00:00,1.24083,1.24125,1.23871,1.24017,4070,30,0
2011-11-08 00:00:00,1.24021,1.24344,1.23939,1.24266,5768,30,0
2011-11-08 02:00:00,1.24265,1.24459,1.24034,1.24387,4562,30,0
2011-11-08 04:00:00,1.24387,1.24421,1.24235,1.24252,4330,30,0
2011-11-08 06:00:00,1.24255,1.24361,1.24105,1.24268,6161,21,0
2011-11-08 08:00:00,1.2427,1.2456,1.2408,1.24198,9398,15,0
2011-11-08 10:00:00,1.24199,1.24421,1.23204,1.23571,9073,17,0
2011-11-08 12:00:00,1.23567,1.23848,1.23346,1.23701,9096,18,0
2011-11-08 14:00:00,1.23701,1.23877,1.23436,1.23546,10176,17,0
2011-11-08 16:00:00,1.23549,1.23671,1.23477,1.23603,10688,16,0
2011-11-08 18:00:00,1.23603,1.23807,1.2357,1.23788,7717,15,0
2011-11-08 20:00:00,1.23789,1.23826,1.2369,1.23817,5578,30,0
2011-11-08 22:00:00,1.23816,1.23857,1.23715,1.23775,2846,30,0
2011-11-09 00:00:00,1.23777,1.23793,1.2361,1.23648,3264,30,0
2011-11-09 02:00:00,1.23649,1.23878,1.23606,1.2384,4563,30,0
2011-11-09 04:00:00,1.23839,1.23879,1.23784,1.23855,3850,30,0
2011-11-09 06:00:00,1.23857,1.24016,1.23804,1.23915,5331,17,0
2011-11-09 08:00:00,1.23914,1.23975,1.23554,1.23713,9047,15,0
2011-11-09 10:00:00,1.23715,1.23759,1.23051,1.23392,10920,17,0
2011-11-09 12:00:00,1.23397,1.23475,1.23193,1.23313,8704,17,0
2011-11-09 14:00:00,1.23312,1.23321,1.2281,1.22873,10127,16,0
2011-11-09 16:00:00,1.22856,1.23292,1.22846,1.23186,9901,16,0
2011-11-09 18:00:00,1.23187,1.23396,1.23136,1.2324,7300,19,0
2011-11-09 20:00:00,1.23235,1.23294,1.23133,1.23152,6469,50,0
2011-11-09 22:00:00,1.23153,1.23189,1.23061,1.23075,3800,50,0
2011-11-10 00:00:00,1.23073,1.23244,1.23061,1.23195,5972,30,0
2011-11-10 02:00:00,1.23196,1.23268,1.23168,1.23232,4723,30,0
2011-11-10 04:00:00,1.23234,1.23806,1.23229,1.23684,5781,30,0
2011-11-10 06:00:00,1.23686,1.2383,1.23284,1.23359,6847,17,0
2011-11-10 08:00:00,1.23358,1.23412,1.23023,1.2328,10072,15,0
2011-11-10 10:00:00,1.23282,1.2336,1.22956,1.23075,10861,15,0
2011-11-10 12:00:00,1.23073,1.23179,1.22933,1.2313,9271,15,0
2011-11-10 14:00:00,1.23131,1.23199,1.22996,1.23142,10125,15,0
2011-11-10 16:00:00,1.23143,1.23337,1.23124,1.23198,11084,16,0
2011-11-10 18:00:00,1.23198,1.23355,1.23157,1.23326,7497,17,0
2011-11-10 20:00:00,1.23325,1.23348,1.23217,1.2327,4999,30,0
2011-11-10 22:00:00,1.23269,1.233,1.23194,1.23268,3389,30,0
2011-11-11 00:00:00,1.23265,1.23433,1.23221,1.2333,4242,30,0
2011-11-11 02:00:00,1.23331,1.23423,1.23262,1.23372,5648,30,0
2011-11-11 04:00:00,1.23372,1.23499,1.23368,1.23472,4391,30,0
2011-11-11 06:00:00,1.23471,1.23475,1.23195,1.23365,4943,15,0
2011-11-11 08:00:00,1.23369,1.23671,1.23269,1.2362,9208,15,0
2011-11-11 10:00:00,1.2362,1.23682,1.23523,1.23669,8717,16,0
2011-11-11 12:00:00,1.23672,1.23682,1.23421,1.23608,7168,15,0
2011-11-11 14:00:00,1.23607,1.23709,1.23536,1.23602,8584,17,0
2011-11-11 16:00:00,1.23602,1.23667,1.23244,1.23409,10504,15,0
2011-11-11 18:00:00,1.2341,1.24156,1.23396,1.23913,6891,15,0
2011-11-11 20:00:00,1.2391,1.24064,1.23886,1.24021,1463,30,0
2011-11-14 00:00:00,1.23888,1.24151,1.2383,1.23984,7246,30,0
2011-11-14 02:00:00,1.23983,1.24064,1.23941,1.24052,4724,30,0
2011-11-14 04:00:00,1.24051,1.24069,1.23896,1.23903,3795,30,0
2011-11-14 06:00:00,1.23904,1.23917,1.23272,1.23743,5670,15,0
2011-11-14 08:00:00,1.23742,1.24008,1.23466,1.23707,9611,15,0
2011-11-14 10:00:00,1.2371,1.23769,1.23559,1.23593,9294,15,0
2011-11-14 12:00:00,1.23593,1.23604,1.23421,1.23574,8970,17,0
2011-11-14 14:00:00,1.23574,1.23711,1.2346,1.23507,10017,15,0
2011-11-14 16:00:00,1.23506,1.23852,1.23493,1.23598,10314,16,0
2011-11-14 18:00:00,1.23597,1.23677,1.23465,1.23555,8045,17,0
2011-11-14 20:00:00,1.23556,1.23659,1.23538,1.23642,4340,30,0
2011-11-14 22:00:00,1.23641,1.23846,1.23582,1.23739,3903,30,0
2011-11-15 00:00:00,1.23727,1.2389,1.23705,1.23834,4299,30,0
2011-11-15 02:00:00,1.23835,1.23877,1.23783,1.23846,4902,30,0
2011-11-15 04:00:00,1.23845,1.24016,1.23803,1.23913,5530,30,0
2011-11-15 06:00:00,1.23912,1.23996,1.23721,1.23906,6855,17,0
2011-11-15 08:00:00,1.23907,1.24257,1.23873,1.24001,9675,17,0
2011-11-15 10:00:00,1.24002,1.24243,1.23944,1.24034,8874,20,0
2011-11-15 12:00:00,1.24033,1.24139,1.2392,1.23977,8028,16,0
2011-11-15 14:00:00,1.23977,1.24084,1.23774,1.23879,8945,16,0
2011-11-15 16:00:00,1.23878,1.24178,1.23716,1.24117,9833,13,0
2011-11-15 18:00:00,1.24116,1.24145,1.23942,1.23948,7010,15,0
2011-11-15 20:00:00,1.23948,1.23981,1.23836,1.23851,4094,30,0
2011-11-15 22:00:00,1.2385,1.23938,1.2382,1.23904,3481,30,0
2011-11-16 00:00:00,1.23905,1.24014,1.23862,1.23989,6289,30,0
2011-11-16 02:00:00,1.23988,1.24105,1.23732,1.2378,7068,30,0
2011-11-16 04:00:00,1.23778,1.23814,1.23715,1.23766,4216,46,0
2011-11-16 06:00:00,1.23765,1.23797,1.23693,1.23696,6248,28,0
2011-11-16 08:00:00,1.23695,1.24076,1.23693,1.24033,10080,17,0
2011-11-16 10:00:00,1.24034,1.24085,1.2361,1.23714,9170,17,0
2011-11-16 12:00:00,1.23713,1.23856,1.23617,1.23779,8350,18,0
2011-11-16 14:00:00,1.23778,1.23883,1.23685,1.23803,9242,16,0
2011-11-16 16:00:00,1.23804,1.24095,1.23776,1.23827,9775,15,0
2011-11-16 18:00:00,1.23826,1.2394,1.2379,1.2394,7501,17,0
2011-11-16 20:00:00,1.23941,1.23945,1.23749,1.23801,5776,30,0
2011-11-16 22:00:00,1.23801,1.23836,1.2365,1.23744,4644,31,0
2011-11-17 00:00:00,1.23748,1.23988,1.23712,1.23853,5916,30,0
2011-11-17 02:00:00,1.23854,1.23917,1.23827,1.23891,5500,30,0
2011-11-17 04:00:00,1.23891,1.24032,1.23867,1.23962,4347,30,0
2011-11-17 06:00:00,1.23962,1.24164,1.23921,1.24149,6812,28,0
2011-11-17 08:00:00,1.24151,1.24393,1.2394,1.24283,9265,19,0
2011-11-17 10:00:00,1.24285,1.24301,1.23929,1.24139,9555,18,0
2011-11-17 12:00:00,1.24138,1.24184,1.23859,1.23989,8135,17,0
2011-11-17 14:00:00,1.2399,1.24081,1.23833,1.239,10047,15,0
2011-11-17 16:00:00,1.23901,1.24032,1.23848,1.23941,10712,15,0
2011-11-17 18:00:00,1.23942,1.23959,1.23671,1.23802,8811,15,0
2011-11-17 20:00:00,1.23803,1.24077,1.23794,1.24057,5227,30,0
2011-11-17 22:00:00,1.24056,1.24091,1.23982,1.24076,3313,31,0
2011-11-18 00:00:00,1.24073,1.24107,1.23997,1.2404,4169,30,0
2011-11-18 02:00:00,1.24039,1.24054,1.23947,1.23962,5988,30,0
2011-11-18 04:00:00,1.23963,1.24007,1.23857,1.23884,5154,30,0
2011-11-18 06:00:00,1.23885,1.24141,1.23877,1.24058,8531,18,0
2011-11-18 08:00:00,1.24058,1.24112,1.23695,1.23699,8454,12,0
2011-11-18 10:00:00,1.23698,1.23755,1.23421,1.23619,8131,22,0
2011-11-18 12:00:00,1.23618,1.23755,1.2355,1.23669,8046,28,0
2011-11-18 14:00:00,1.23666,1.24102,1.23627,1.23923,10213,16,0
2011-11-18 16:00:00,1.23921,1.24051,1.23792,1.23826,11223,15,0
2011-11-18 18:00:00,1.23828,1.24023,1.23795,1.24007,8029,16,0
2011-11-18 20:00:00,1.24008,1.24069,1.23955,1.23987,5031,30,0
2011-11-18 22:00:00,1.2399,1.24003,1.23856,1.23898,3278,30,0
2011-11-21 00:00:00,1.24029,1.24139,1.2399,1.24043,5852,30,0
2011-11-21 02:00:00,1.24045,1.24112,1.23982,1.23996,6922,30,0
2011-11-21 04:00:00,1.23994,1.24118,1.23951,1.24116,6715,30,0
2011-11-21 06:00:00,1.24115,1.24132,1.2385,1.23863,5740,17,0
2011-11-21 08:00:00,1.23866,1.24002,1.23713,1.23733,8876,15,0
2011-11-21 10:00:00,1.23731,1.23821,1.23696,1.23713,8354,15,0
2011-11-21 12:00:00,1.23713,1.23749,1.23649,1.2372,7849,15,0
2011-11-21 14:00:00,1.23721,1.23764,1.23543,1.23553,9558,15,0
2011-11-21 16:00:00,1.23554,1.23875,1.23534,1.23838,10667,15,0
2011-11-21 18:00:00,1.23837,1.23858,1.23704,1.23728,7920,18,0
2011-11-21 20:00:00,1.23726,1.23767,1.23689,1.23724,4525,30,0
2011-11-21 22:00:00,1.23725,1.23769,1.23677,1.2371,3659,30,0
2011-11-22 00:00:00,1.23709,1.23762,1.23666,1.23753,3844,30,0
2011-11-22 02:00:00,1.23752,1.23854,1.23736,1.23779,4747,30,0
2011-11-22 04:00:00,1.2378,1.23788,1.23708,1.2374,4298,30,0
2011-11-22 06:00:00,1.23741,1.2377,1.23573,1.23659,5626,20,0
2011-11-22 08:00:00,1.2366,1.23797,1.23548,1.23554,7959,17,0
2011-11-22 10:00:00,1.23555,1.23584,1.23434,1.23554,6602,28,0
2011-11-22 12:00:00,1.23555,1.23661,1.23474,1.23482,6022,28,0
2011-11-22 14:00:00,1.23481,1.2356,1.23457,1.23475,7462,28,0
2011-11-22 16:00:00,1.23476,1.23564,1.23376,1.23449,7874,28,0
2011-11-22 18:00:00,1.23449,1.23596,1.23444,1.23575,6983,28,0
2011-11-22 20:00:00,1.23573,1.23573,1.23467,1.23489,3248,23,0
2011-11-22 22:00:00,1.23488,1.23518,1.23419,1.23464,3226,50,0
2011-11-23 00:00:00,1.23464,1.23529,1.2344,1.23474,2255,30,0
2011-11-23 02:00:00,1.23475,1.23517,1.2323,1.23304,4807,17,0
2011-11-23 04:00:00,1.23302,1.23404,1.23209,1.23249,4051,50,0
2011-11-23 06:00:00,1.23248,1.23266,1.22927,1.23109,6456,17,0
2011-11-23 08:00:00,1.23111,1.23194,1.22839,1.2302,9086,15,0
2011-11-23 10:00:00,1.23021,1.2335,1.22982,1.23034,10371,16,0
2011-11-23 12:00:00,1.23035,1.23105,1.22985,1.23019,8609,16,0
2011-11-23 14:00:00,1.2302,1.23163,1.22967,1.22981,9796,15,0
2011-11-23 16:00:00,1.22983,1.22996,1.22615,1.22811,10688,15,0
2011-11-23 18:00:00,1.22812,1.22878,1.22647,1.22654,8061,15,0
2011-11-23 20:00:00,1.22656,1.22787,1.22651,1.22715,4867,30,0
2011-11-23 22:00:00,1.22716,1.22765,1.22665,1.22714,2908,30,0
2011-11-24 00:00:00,1.22716,1.22853,1.22687,1.22782,4238,30,0
2011-11-24 02:00:00,1.22782,1.22865,1.22754,1.22856,4074,30,0
2011-11-24 04:00:00,1.22857,1.22917,1.22819,1.22842,3485,25,0
2011-11-24 06:00:00,1.22842,1.22912,1.22765,1.22824,5916,15,0
2011-11-24 08:00:00,1.22823,1.2297,1.22713,1.2284,8828,15,0
2011-11-24 10:00:00,1.22829,1.23159,1.22796,1.22856,8750,15,0
2011-11-24 12:00:00,1.22857,1.22908,1.22547,1.22634,7164,18,0
2011-11-24 14:00:00,1.22634,1.22764,1.22589,1.22704,6886,28,0
2011-11-24 16:00:00,1.22703,1.22768,1.22544,1.22656,5796,18,0
2011-11-24 18:00:00,1.22654,1.2269,1.22592,1.22682,3564,28,0
2011-11-24 20:00:00,1.22686,1.22713,1.22634,1.22679,1943,50,0
2011-11-24 22:00:00,1.22678,1.22764,1.22618,1.22715,2620,33,0
2011-11-25 00:00:00,1.22713,1.22801,1.22633,1.2273,6407,30,0
2011-11-25 02:00:00,1.2273,1.22799,1.22695,1.2274,5377,30,0
2011-11-25 04:00:00,1.22738,1.22761,1.22648,1.22733,4405,30,0
2011-11-25 06:00:00,1.22733,1.22804,1.22657,1.22804,5774,15,0
2011-11-25 08:00:00,1.22807,1.22862,1.22629,1.22833,7980,16,0
2011-11-25 10:00:00,1.22834,1.22905,1.22606,1.22607,8438,16,0
2011-11-25 12:00:00,1.2261,1.22649,1.22495,1.225,5217,17,0
2011-11-25 14:00:00,1.22499,1.23354,1.22496,1.23247,10178,15,0
2011-11-25 16:00:00,1.2325,1.23793,1.23004,1.23033,10535,15,0
2011-11-25 18:00:00,1.23032,1.2317,1.22952,1.23089,6348,21,0
2011-11-25 20:00:00,1.23097,1.23381,1.23056,1.23135,3281,36,0
2011-11-25 22:00:00,1.23137,1.23274,1.23039,1.23091,1053,50,0
2011-11-28 00:00:00,1.23457,1.23651,1.23341,1.23364,6149,30,0
2011-11-28 02:00:00,1.23363,1.23523,1.23335,1.2344,4669,30,0
2011-11-28 04:00:00,1.23441,1.23504,1.23265,1.23395,5074,30,0
2011-11-28 06:00:00,1.23392,1.23471,1.23306,1.2335,6038,15,0
2011-11-28 08:00:00,1.2335,1.23595,1.2331,1.23439,8074,15,0
2011-11-28 10:00:00,1.23437,1.23445,1.22794,1.22984,9109,15,0
2011-11-28 12:00:00,1.22984,1.23141,1.22854,1.22962,7377,15,0
2011-11-28 14:00:00,1.22961,1.23146,1.2293,1.22991,9171,15,0
2011-11-28 16:00:00,1.22986,1.23237,1.22865,1.22873,9731,16,0
2011-11-28 18:00:00,1.22866,1.22978,1.22816,1.22904,6044,15,0
2011-11-28 20:00:00,1.22903,1.22935,1.22798,1.22854,3512,30,0
2011-11-28 22:00:00,1.22855,1.2288,1.22795,1.22847,3129,30,0
2011-11-29 00:00:00,1.22845,1.22913,1.22788,1.2282,3910,50,0
2011-11-29 02:00:00,1.22822,1.22971,1.22806,1.22907,3036,30,0
2011-11-29 04:00:00,1.2291,1.22969,1.22857,1.22915,3834,30,0
2011-11-29 06:00:00,1.22924,1.23015,1.22853,1.22874,6216,16,0
2011-11-29 08:00:00,1.22869,1.23134,1.22823,1.22947,7499,17,0
2011-11-29 10:00:00,1.22947,1.23104,1.22772,1.22904,9559,16,0
2011-11-29 12:00:00,1.22905,1.22915,1.22723,1.22826,7556,28,0
2011-11-29 14:00:00,1.22827,1.22881,1.2272,1.22817,8211,28,0
2011-11-29 16:00:00,1.22815,1.22884,1.22643,1.22678,8118,28,0
2011-11-29 18:00:00,1.22677,1.22746,1.22582,1.2263,6297,15,0
2011-11-29 20:00:00,1.22629,1.2267,1.22587,1.22592,4161,30,0
2011-11-29 22:00:00,1.22591,1.22675,1.22575,1.22648,3834,28,0
2011-11-30 00:00:00,1.22646,1.22751,1.22622,1.22683,4856,30,0
2011-11-30 02:00:00,1.2268,1.22744,1.22627,1.22648,3990,42,0
2011-11-30 04:00:00,1.22647,1.22682,1.22602,1.22628,3423,50,0
2011-11-30 06:00:00,1.22629,1.22771,1.22616,1.22725,5974,15,0
2011-11-30 08:00:00,1.22725,1.22771,1.2254,1.22572,7689,6,0
2011-11-30 10:00:00,1.22576,1.22857,1.22562,1.2281,7149,16,0
2011-11-30 12:00:00,1.22809,1.2286,1.22712,1.2279,8408,15,0
2011-11-30 14:00:00,1.22791,1.22862,1.2251,1.22683,9572,17,0
2011-11-30 16:00:00,1.22682,1.22751,1.2223,1.22511,8953,18,0
2011-11-30 18:00:00,1.22509,1.22756,1.22423,1.22659,6741,19,0
2011-11-30 20:00:00,1.2266,1.22756,1.2259,1.22742,4650,30,0
2011-11-30 22:00:00,1.22742,1.22835,1.22703,1.22819,3899,30,0
2011-12-01 00:00:00,1.22817,1.22896,1.22757,1.22885,3827,50,0
2011-12-01 02:00:00,1.22915,1.22975,1.22807,1.22918,4156,20,0
2011-12-01 04:00:00,1.22917,1.2296,1.22885,1.22935,3146,50,0
2011-12-01 06:00:00,1.22936,1.23068,1.229,1.22909,4401,15,0
2011-12-01 08:00:00,1.22913,1.22921,1.22525,1.22612,7649,17,0
2011-12-01 10:00:00,1.22613,1.22759,1.22555,1.22667,8410,15,0
2011-12-01 12:00:00,1.22667,1.22734,1.22618,1.2263,6977,15,0
2011-12-01 14:00:00,1.2263,1.22733,1.22599,1.2271,8962,15,0
2011-12-01 16:00:00,1.22709,1.23378,1.22559,1.232,10382,16,0
2011-12-01 18:00:00,1.232,1.23908,1.23181,1.23364,7994,15,0
2011-12-01 20:00:00,1.23363,1.2339,1.23262,1.23283,3324,30,0
2011-12-01 22:00:00,1.23282,1.23305,1.23201,1.23271,3082,30,0
2011-12-02 00:00:00,1.23267,1.23394,1.23217,1.23365,3682,30,0
2011-12-02 02:00:00,1.23366,1.23452,1.23318,1.23422,3047,30,0
2011-12-02 04:00:00,1.23421,1.23449,1.23323,1.23413,3831,30,0
2011-12-02 06:00:00,1.23412,1.23457,1.23225,1.2327,3910,15,0
2011-12-02 08:00:00,1.23271,1.23546,1.2325,1.23461,7530,15,0
2011-12-02 10:00:00,1.2346,1.23721,1.23407,1.23706,6872,8,0
2011-12-02 12:00:00,1.23698,1.23706,1.2342,1.23451,7259,15,0
2011-12-02 14:00:00,1.23454,1.23538,1.23275,1.23358,9091,15,0
2011-12-02 16:00:00,1.23356,1.23514,1.2329,1.23393,10172,15,0
2011-12-02 18:00:00,1.23394,1.23443,1.23312,1.23404,6624,15,0
2011-12-02 20:00:00,1.23405,1.23459,1.23339,1.23357,4518,30,0
2011-12-02 22:00:00,1.23357,1.23485,1.23341,1.23383,1490,30,0
2011-12-05 00:00:00,1.23567,1.23595,1.23429,1.23467,4598,30,0
2011-12-05 02:00:00,1.23466,1.23654,1.23441,1.23643,3162,30,0
2011-12-05 04:00:00,1.23642,1.23712,1.236,1.23666,2478,30,0
2011-12-05 06:00:00,1.23667,1.23728,1.23559,1.23567,4568,15,0
2011-12-05 08:00:00,1.23566,1.23776,1.23512,1.23776,7918,15,0
2011-12-05 10:00:00,1.23786,1.23974,1.23701,1.23827,8608,15,0
2011-12-05 12:00:00,1.2382,1.23872,1.23735,1.23781,6921,15,0
2011-12-05 14:00:00,1.23781,1.23818,1.23544,1.23564,8010,11,0
2011-12-05 16:00:00,1.23567,1.23668,1.23499,1.23566,7880,15,0
2011-12-05 18:00:00,1.23566,1.23591,1.23261,1.23393,6461,15,0
2011-12-05 20:00:00,1.23393,1.23397,1.23249,1.23315,4908,30,0
2011-12-05 22:00:00,1.23312,1.23405,1.23268,1.23344,4312,30,0
2011-12-06 00:00:00,1.23344,1.23414,1.23322,1.23402,3118,30,0
2011-12-06 02:00:00,1.23402,1.23426,1.23306,1.23359,3099,30,0
2011-12-06 04:00:00,1.23358,1.23439,1.23282,1.23423,3845,30,0
2011-12-06 06:00:00,1.23422,1.23541,1.23409,1.23514,5033,15,0
2011-12-06 08:00:00,1.23514,1.24175,1.23388,1.24041,9506,18,0
2011-12-06 10:00:00,1.24043,1.24096,1.23716,1.23767,7201,15,0
2011-12-06 12:00:00,1.23768,1.239,1.23658,1.23779,7254,11,0
2011-12-06 14:00:00,1.2378,1.24139,1.23707,1.23982,7858,15,0
2011-12-06 16:00:00,1.23983,1.24173,1.23977,1.24134,7557,18,0
2011-12-06 18:00:00,1.24135,1.24281,1.24043,1.24058,6757,18,0
2011-12-06 20:00:00,1.24057,1.24196,1.24044,1.24135,3186,30,0
2011-12-06 22:00:00,1.24134,1.24163,1.24021,1.24047,3203,30,0
2011-12-07 00:00:00,1.24052,1.24092,1.2401,1.24065,3942,30,0
2011-12-07 02:00:00,1.24065,1.24193,1.24049,1.24174,3480,30,0
2011-12-07 04:00:00,1.24175,1.2419,1.2411,1.24162,2625,50,0
2011-12-07 06:00:00,1.24165,1.24277,1.24125,1.24275,4254,28,0
2011-12-07 08:00:00,1.24274,1.24428,1.24019,1.24132,6576,19,0
2011-12-07 10:00:00,1.2413,1.24381,1.24068,1.24168,7699,18,0
2011-12-07 12:00:00,1.24167,1.24192,1.24057,1.24124,6107,19,0
2011-12-07 14:00:00,1.24124,1.24156,1.23797,1.23845,8920,15,0
2011-12-07 16:00:00,1.23842,1.24082,1.23778,1.23838,8598,8,0
2011-12-07 18:00:00,1.23839,1.23946,1.23767,1.23835,6816,18,0
2011-12-07 20:00:00,1.23834,1.23924,1.23767,1.23839,3285,30,0
2011-12-07 22:00:00,1.23836,1.2388,1.23761,1.23852,2582,30,0
2011-12-08 00:00:00,1.23852,1.23919,1.23819,1.23894,3240,44,0
2011-12-08 02:00:00,1.23894,1.23943,1.23822,1.23873,2891,30,0
2011-12-08 04:00:00,1.23872,1.24021,1.23846,1.23984,2315,30,0
2011-12-08 06:00:00,1.23986,1.23999,1.23829,1.2383,3799,15,0
2011-12-08 08:00:00,1.23832,1.23896,1.23703,1.23707,5561,14,0
2011-12-08 10:00:00,1.23706,1.23854,1.23601,1.23693,6096,28,0
2011-12-08 12:00:00,1.23693,1.2379,1.23511,1.23753,6965,28,0
2011-12-08 14:00:00,1.23754,1.23848,1.23274,1.23587,9853,28,0
2011-12-08 16:00:00,1.23586,1.23611,1.23361,1.23563,7819,28,0
2011-12-08 18:00:00,1.23564,1.23628,1.23476,1.23548,5499,28,0
2011-12-08 20:00:00,1.23547,1.23711,1.23499,1.23539,4227,50,0
2011-12-08 22:00:00,1.23535,1.23587,1.2347,1.23535,3481,50,0
2011-12-09 00:00:00,1.23533,1.23578,1.23471,1.23498,3327,50,0
2011-12-09 02:00:00,1.23499,1.23555,1.23441,1.23464,4026,50,0
2011-12-09 04:00:00,1.23463,1.23516,1.2339,1.2346,4794,50,0
2011-12-09 06:00:00,1.23461,1.23504,1.23359,1.23413,4777,28,0
2011-12-09 08:00:00,1.23415,1.23475,1.23121,1.23434,6232,28,0
2011-12-09 10:00:00,1.23437,1.23561,1.23226,1.23484,6375,28,0
2011-12-09 12:00:00,1.23485,1.23711,1.23274,1.23352,6736,7,0
2011-12-09 14:00:00,1.23353,1.23501,1.23177,1.23488,7106,28,0
2011-12-09 16:00:00,1.23487,1.23617,1.23395,1.23552,7209,28,0
2011-12-09 18:00:00,1.23553,1.23759,1.23473,1.23727,4942,28,0
2011-12-09 20:00:00,1.23726,1.23776,1.23484,1.23641,3603,50,0
2011-12-09 22:00:00,1.2364,1.23647,1.23478,1.23481,1774,50,0
2011-12-12 00:00:00,1.23713,1.23811,1.23646,1.23653,2773,50,0
2011-12-12 02:00:00,1.23652,1.23738,1.23549,1.23731,3883,50,0
2011-12-12 04:00:00,1.2373,1.23798,1.23599,1.23663,3052,50,0
2011-12-12 06:00:00,1.23668,1.23761,1.23567,1.23729,3836,28,0
2011-12-12 08:00:00,1.23727,1.2373,1.23356,1.234,7106,28,0
2011-12-12 10:00:00,1.23401,1.23418,1.23238,1.23333,6797,28,0
2011-12-12 12:00:00,1.23331,1.23527,1.23255,1.23472,7152,17,0
2011-12-12 14:00:00,1.23475,1.23654,1.23426,1.23493,8810,17,0
2011-12-12 16:00:00,1.23494,1.23639,1.23375,1.23433,8496,16,0
2011-12-12 18:00:00,1.23434,1.23766,1.23351,1.2351,6471,15,0
2011-12-12 20:00:00,1.2351,1.23606,1.23417,1.23573,3997,30,0
2011-12-12 22:00:00,1.23574,1.23596,1.23478,1.23536,5093,30,0
2011-12-13 00:00:00,1.23541,1.23624,1.2351,1.2355,5681,30,0
2011-12-13 02:00:00,1.23551,1.2365,1.23549,1.23633,6045,30,0
2011-12-13 04:00:00,1.23632,1.2373,1.23544,1.23586,5425,30,0
2011-12-13 06:00:00,1.23585,1.23742,1.23571,1.23692,4068,20,0
2011-12-13 08:00:00,1.23689,1.23746,1.23452,1.23536,6009,28,0
2011-12-13 10:00:00,1.23537,1.23597,1.2345,1.23467,5443,28,0
2011-12-13 12:00:00,1.23466,1.23661,1.23464,1.23482,4978,28,0
2011-12-13 14:00:00,1.23483,1.23591,1.23331,1.23475,6555,28,0
2011-12-13 16:00:00,1.23476,1.23517,1.23167,1.23311,7721,28,0
2011-12-13 18:00:00,1.23312,1.23315,1.2319,1.23203,5381,18,0
2011-12-13 20:00:00,1.23202,1.23385,1.22982,1.23277,6164,30,0
2011-12-13 22:00:00,1.23276,1.23301,1.23164,1.23223,3539,32,0
2011-12-14 00:00:00,1.23225,1.23274,1.23102,1.23196,5452,30,0
2011-12-14 02:00:00,1.23195,1.23241,1.23121,1.23183,3882,30,0
2011-12-14 04:00:00,1.23183,1.23247,1.23133,1.23246,4735,30,0
2011-12-14 06:00:00,1.23243,1.23267,1.231,1.23184,4887,15,0
2011-12-14 08:00:00,1.23184,1.23307,1.22979,1.23286,7333,16,0
2011-12-14 10:00:00,1.23284,1.23383,1.23244,1.23304,7172,16,0
2011-12-14 12:00:00,1.23303,1.23335,1.23053,1.23185,8664,15,0
2011-12-14 14:00:00,1.23183,1.23293,1.23032,1.23148,9048,17,0
2011-12-14 16:00:00,1.23148,1.23662,1.23065,1.23621,9523,16,0
2011-12-14 18:00:00,1.23618,1.23723,1.23557,1.23684,5887,24,0
2011-12-14 20:00:00,1.23688,1.2373,1.23643,1.23709,2974,50,0
2011-12-14 22:00:00,1.23708,1.23776,1.23666,1.23751,2913,50,0
2011-12-15 00:00:00,1.23746,1.23886,1.23734,1.23819,3302,50,0
2011-12-15 02:00:00,1.2382,1.23861,1.23647,1.23754,2818,16,0
2011-12-15 04:00:00,1.23755,1.23926,1.23745,1.23838,3154,30,0
2011-12-15 06:00:00,1.23837,1.23956,1.23768,1.23784,4740,25,0
2011-12-15 08:00:00,1.23786,1.23786,1.22552,1.226,10587,15,0
2011-12-15 10:00:00,1.22598,1.2282,1.22525,1.22701,9354,19,0
2011-12-15 12:00:00,1.22702,1.2281,1.2263,1.22689,6780,18,0
2011-12-15 14:00:00,1.2269,1.22709,1.22545,1.22656,7102,28,0
2011-12-15 16:00:00,1.22654,1.2267,1.22235,1.22346,7741,28,0
2011-12-15 18:00:00,1.22345,1.22457,1.2225,1.22429,4970,28,0
2011-12-15 20:00:00,1.2243,1.2243,1.22292,1.22348,2909,50,0
2011-12-15 22:00:00,1.22347,1.22432,1.22273,1.22401,3259,50,0
2011-12-16 00:00:00,1.22401,1.22436,1.2235,1.22399,3363,50,0
2011-12-16 02:00:00,1.22397,1.22462,1.22325,1.2239,3014,50,0
2011-12-16 04:00:00,1.22389,1.22414,1.22212,1.22295,3073,50,0
2011-12-16 06:00:00,1.22294,1.22327,1.22257,1.22308,3998,28,0
2011-12-16 08:00:00,1.22307,1.22499,1.22254,1.22381,6370,28,0
2011-12-16 10:00:00,1.22379,1.22449,1.22275,1.22336,5850,28,0
2011-12-16 12:00:00,1.22335,1.22522,1.22329,1.22452,5091,28,0
2011-12-16 14:00:00,1.22453,1.22481,1.22204,1.22231,5725,25,0
2011-12-16 16:00:00,1.22232,1.22263,1.22062,1.22076,5636,18,0
2011-12-16 18:00:00,1.22078,1.22148,1.22036,1.22132,4696,15,0
2011-12-16 20:00:00,1.22131,1.22132,1.22045,1.22061,3032,30,0
2011-12-16 22:00:00,1.2206,1.22073,1.21998,1.22073,1240,30,0
2011-12-19 00:00:00,1.22056,1.2213,1.22036,1.22095,2880,6,0
2011-12-19 02:00:00,1.22096,1.22121,1.2204,1.22092,2196,6,0
2011-12-19 04:00:00,1.22092,1.22096,1.21829,1.21888,3249,6,0
2011-12-19 06:00:00,1.21888,1.21942,1.21807,1.21878,3077,6,0
2011-12-19 08:00:00,1.21876,1.22116,1.21856,1.22014,3739,6,0
2011-12-19 10:00:00,1.22012,1.22039,1.2185,1.21886,3668,6,0
2011-12-19 12:00:00,1.21886,1.21941,1.21763,1.21917,3677,6,0
2011-12-19 14:00:00,1.21915,1.22054,1.21857,1.21998,3800,6,0
2011-12-19 16:00:00,1.21996,1.22024,1.21781,1.2188,5394,6,0
2011-12-19 18:00:00,1.21878,1.21916,1.21803,1.21883,3647,6,0
2011-12-19 20:00:00,1.21882,1.21897,1.21793,1.21801,4347,6,0
2011-12-19 22:00:00,1.21799,1.21859,1.21693,1.21835,2017,6,0
2011-12-20 00:00:00,1.2183,1.21884,1.21814,1.21831,2891,6,0
2011-12-20 02:00:00,1.2183,1.21892,1.21815,1.21857,2822,10,0
2011-12-20 04:00:00,1.21852,1.2194,1.21809,1.21896,1693,8,0
2011-12-20 06:00:00,1.21897,1.21963,1.21871,1.21942,2526,6,0
2011-12-20 08:00:00,1.2194,1.22081,1.21843,1.21883,3961,6,0
2011-12-20 10:00:00,1.21894,1.22025,1.21698,1.21761,5146,6,0
2011-12-20 12:00:00,1.21761,1.21815,1.21741,1.21807,3307,6,0
2011-12-20 14:00:00,1.21805,1.2193,1.21647,1.21682,5144,6,0
2011-12-20 16:00:00,1.2168,1.21841,1.21643,1.21722,5501,6,0
2011-12-20 18:00:00,1.2172,1.21821,1.21689,1.21721,3487,6,0
2011-12-20 20:00:00,1.2173,1.21857,1.21709,1.21844,2762,6,0
2011-12-20 22:00:00,1.21846,1.21919,1.21765,1.2189,1857,6,0
2011-12-21 00:00:00,1.21874,1.2199,1.2179,1.21911,3415,6,0
2011-12-21 02:00:00,1.21909,1.21924,1.21796,1.21869,2175,6,0
2011-12-21 04:00:00,1.21869,1.2192,1.21849,1.21868,1558,6,0
2011-12-21 06:00:00,1.21868,1.21912,1.21703,1.21716,3015,7,0
2011-12-21 08:00:00,1.21715,1.21936,1.21685,1.21927,6903,15,0
2011-12-21 10:00:00,1.21926,1.22082,1.21843,1.21996,7384,15,0
2011-12-21 12:00:00,1.21995,1.22106,1.21893,1.21946,7203,19,0
2011-12-21 14:00:00,1.21947,1.21982,1.21845,1.21896,6764,15,0
2011-12-21 16:00:00,1.21896,1.22404,1.21881,1.22274,7691,15,0
2011-12-21 18:00:00,1.22272,1.22361,1.22,1.22063,5481,15,0
2011-12-21 20:00:00,1.22061,1.22096,1.22021,1.22053,3200,31,0
2011-12-21 22:00:00,1.22055,1.22136,1.22022,1.22045,2697,34,0
2011-12-22 00:00:00,1.22046,1.22115,1.22028,1.22078,3439,30,0
2011-12-22 02:00:00,1.22078,1.22129,1.2205,1.22079,3025,30,0
2011-12-22 04:00:00,1.22079,1.22119,1.22038,1.22088,4511,30,0
2011-12-22 06:00:00,1.22089,1.22138,1.22056,1.22117,3948,15,0
2011-12-22 08:00:00,1.22117,1.22203,1.21992,1.22086,7184,15,0
2011-12-22 10:00:00,1.22085,1.2232,1.21993,1.2232,7360,15,0
2011-12-22 12:00:00,1.22274,1.22388,1.22183,1.2235,5390,28,0
2011-12-22 14:00:00,1.22351,1.22411,1.22285,1.22285,6109,28,0
2011-12-22 16:00:00,1.22284,1.22361,1.22174,1.22203,6590,15,0
2011-12-22 18:00:00,1.22203,1.2225,1.22072,1.22222,5632,15,0
2011-12-22 20:00:00,1.22223,1.22224,1.22094,1.2212,2836,22,0
2011-12-22 22:00:00,1.22121,1.22192,1.2204,1.22107,3419,30,0
2011-12-23 00:00:00,1.22117,1.22154,1.22091,1.2215,2345,30,0
2011-12-23 02:00:00,1.22151,1.2219,1.22079,1.22142,4076,30,0
2011-12-23 04:00:00,1.22142,1.22199,1.22099,1.22199,2749,30,0
2011-12-23 06:00:00,1.22199,1.22258,1.22134,1.22202,3699,15,0
2011-12-23 08:00:00,1.22198,1.22261,1.22092,1.22196,6058,15,0
2011-12-23 10:00:00,1.22197,1.22404,1.22163,1.22306,6148,15,0
2011-12-23 12:00:00,1.22307,1.22398,1.2227,1.22272,4579,28,0
2011-12-23 14:00:00,1.22274,1.22349,1.22152,1.22277,6050,15,0
2011-12-23 16:00:00,1.22277,1.22372,1.22226,1.22306,5458,18,0
2011-12-23 18:00:00,1.22306,1.22351,1.2219,1.222,3679,15,0
2011-12-23 20:00:00,1.22207,1.22257,1.2214,1.22253,2771,18,0
2011-12-23 22:00:00,1.22253,1.22294,1.22123,1.2217,1475,33,0
2011-12-26 08:00:00,1.22268,1.22277,1.22112,1.22119,1741,28,0
2011-12-26 10:00:00,1.22136,1.22291,1.22071,1.22139,1493,28,0
2011-12-26 12:00:00,1.22111,1.22179,1.22075,1.2212,890,59,0
2011-12-26 14:00:00,1.22118,1.22295,1.22089,1.22214,1353,28,0
2011-12-26 16:00:00,1.22228,1.22264,1.2213,1.222,1418,47,0
2011-12-26 18:00:00,1.22181,1.22279,1.2215,1.22176,1369,28,0
2011-12-26 20:00:00,1.22185,1.22261,1.22135,1.22164,2047,81,0
2011-12-26 22:00:00,1.22155,1.22262,1.22082,1.22173,2192,46,0
2011-12-27 00:00:00,1.22178,1.22267,1.22145,1.22186,3346,54,0
2011-12-27 02:00:00,1.22185,1.22325,1.22155,1.22281,3743,50,0
2011-12-27 04:00:00,1.22277,1.22346,1.22178,1.22326,2471,50,0
2011-12-27 06:00:00,1.22326,1.22352,1.22263,1.22291,2987,28,0
2011-12-27 08:00:00,1.2228,1.22352,1.22161,1.22183,5060,28,0
2011-12-27 10:00:00,1.22167,1.22305,1.2204,1.22103,5343,28,0
2011-12-27 12:00:00,1.22104,1.22128,1.22024,1.22051,4852,28,0
2011-12-27 14:00:00,1.2205,1.22129,1.22015,1.22082,5742,28,0
2011-12-27 16:00:00,1.22081,1.2216,1.22065,1.22096,5240,28,0
2011-12-27 18:00:00,1.22097,1.22137,1.22049,1.22064,3365,28,0
2011-12-27 20:00:00,1.22062,1.22102,1.22022,1.22064,2238,28,0
2011-12-27 22:00:00,1.2206,1.22097,1.22023,1.22062,2488,50,0
2011-12-28 00:00:00,1.22064,1.22122,1.22016,1.22082,4439,50,0
2011-12-28 02:00:00,1.22081,1.22081,1.22032,1.22058,1736,50,0
2011-12-28 04:00:00,1.22057,1.22069,1.22029,1.22035,1198,50,0
2011-12-28 06:00:00,1.22034,1.22055,1.22,1.22023,1995,28,0
2011-12-28 08:00:00,1.22018,1.22209,1.22015,1.22127,4691,15,0
2011-12-28 10:00:00,1.22128,1.22196,1.21984,1.21991,5401,15,0
2011-12-28 12:00:00,1.2199,1.21996,1.2182,1.21836,4840,15,0
2011-12-28 14:00:00,1.21839,1.22076,1.21823,1.219,7312,15,0
2011-12-28 16:00:00,1.21901,1.22058,1.21857,1.219,7785,25,0
2011-12-28 18:00:00,1.21899,1.22,1.21848,1.21948,6221,22,0
2011-12-28 20:00:00,1.21947,1.21992,1.21883,1.21958,3579,28,0
2011-12-28 22:00:00,1.21958,1.22002,1.21826,1.21937,3749,30,0
2011-12-29 00:00:00,1.21937,1.21985,1.21787,1.21814,4787,30,0
2011-12-29 02:00:00,1.21813,1.21944,1.21806,1.21891,2840,46,0
2011-12-29 04:00:00,1.2189,1.21908,1.2182,1.21842,2615,50,0
2011-12-29 06:00:00,1.21841,1.21895,1.21814,1.21859,4067,28,0
2011-12-29 08:00:00,1.21863,1.22016,1.21849,1.21869,5085,15,0
2011-12-29 10:00:00,1.21868,1.21898,1.21821,1.21824,5114,28,0
2011-12-29 12:00:00,1.21825,1.21904,1.2166,1.21901,5334,18,0
2011-12-29 14:00:00,1.219,1.21903,1.21712,1.21774,5514,28,0
2011-12-29 16:00:00,1.21774,1.22007,1.2173,1.21915,5953,17,0
2011-12-29 18:00:00,1.21914,1.21921,1.21801,1.21811,5139,28,0
2011-12-29 20:00:00,1.21812,1.21844,1.21789,1.2182,2197,29,0
2011-12-29 22:00:00,1.21821,1.2184,1.21772,1.218,2370,47,0
2011-12-30 00:00:00,1.21801,1.21854,1.2177,1.21787,3526,30,0
2011-12-30 02:00:00,1.21786,1.21841,1.21763,1.21782,2741,30,0
2011-12-30 04:00:00,1.21781,1.21806,1.21758,1.21759,2160,30,0
2011-12-30 06:00:00,1.21758,1.21799,1.21705,1.21722,4119,15,0
2011-12-30 08:00:00,1.21724,1.21759,1.21555,1.21608,5046,28,0
2011-12-30 10:00:00,1.21609,1.21688,1.21544,1.21553,5369,28,0
2011-12-30 12:00:00,1.21556,1.21722,1.21554,1.2164,5917,28,0
2011-12-30 14:00:00,1.2164,1.21837,1.21523,1.21705,6340,23,0
2011-12-30 16:00:00,1.21704,1.21729,1.21345,1.21617,8048,15,0
2011-12-30 18:00:00,1.21619,1.21675,1.21499,1.21556,5896,28,0
2011-12-30 20:00:00,1.21557,1.21575,1.21388,1.21541,4611,29,0
2011-12-30 22:00:00,1.21536,1.21745,1.21394,1.21649,1847,33,0
2012-01-02 00:00:00,1.21425,1.21668,1.21352,1.21479,1354,83,0
2012-01-02 02:00:00,1.21478,1.21541,1.21427,1.21483,1316,61,0
2012-01-02 04:00:00,1.21482,1.21637,1.21445,1.21575,1566,46,0
2012-01-02 06:00:00,1.21584,1.21662,1.21489,1.21578,1672,45,0
2012-01-02 08:00:00,1.21567,1.21667,1.21337,1.21525,3578,28,0
2012-01-02 10:00:00,1.21513,1.2175,1.21493,1.21674,3834,27,0
2012-01-02 12:00:00,1.21675,1.2173,1.2149,1.21523,3483,19,0
2012-01-02 14:00:00,1.21532,1.21592,1.21463,1.2149,3638,19,0
2012-01-02 16:00:00,1.21492,1.21538,1.21423,1.2152,2507,24,0
2012-01-02 18:00:00,1.21499,1.2155,1.21421,1.21509,1636,26,0
2012-01-02 20:00:00,1.21517,1.21556,1.21459,1.21518,1565,39,0
2012-01-02 22:00:00,1.2152,1.21548,1.2146,1.2152,1668,30,0
2012-01-03 00:00:00,1.21532,1.21713,1.21491,1.2166,2766,30,0
2012-01-03 02:00:00,1.21659,1.2186,1.2164,1.21817,3236,50,0
2012-01-03 04:00:00,1.2182,1.21838,1.21756,1.21808,1906,50,0
2012-01-03 06:00:00,1.21804,1.21942,1.2178,1.21879,4925,15,0
2012-01-03 08:00:00,1.21877,1.2197,1.21634,1.21702,6850,15,0
2012-01-03 10:00:00,1.21703,1.21832,1.21522,1.21591,7859,17,0
2012-01-03 12:00:00,1.2159,1.219,1.21563,1.21834,7568,17,0
2012-01-03 14:00:00,1.21836,1.21901,1.21731,1.21822,6438,18,0
2012-01-03 16:00:00,1.21823,1.21887,1.2164,1.21704,7681,21,0
2012-01-03 18:00:00,1.21703,1.21745,1.21616,1.21668,5670,28,0
2012-01-03 20:00:00,1.21647,1.21697,1.21628,1.21651,3537,38,0
2012-01-03 22:00:00,1.2165,1.21699,1.2159,1.21629,2791,30,0
2012-01-04 00:00:00,1.21631,1.21677,1.21603,1.2166,3296,30,0
2012-01-04 02:00:00,1.21661,1.21676,1.21616,1.21636,2122,30,0
2012-01-04 04:00:00,1.21634,1.21702,1.21621,1.21655,2954,30,0
2012-01-04 06:00:00,1.21654,1.21798,1.21652,1.21782,4864,15,0
2012-01-04 08:00:00,1.21781,1.21977,1.21724,1.21884,6675,15,0
2012-01-04 10:00:00,1.21883,1.2191,1.21819,1.21852,5839,28,0
2012-01-04 12:00:00,1.21853,1.21937,1.2183,1.21871,5762,28,0
2012-01-04 14:00:00,1.21872,1.21964,1.21797,1.21813,5943,15,0
2012-01-04 16:00:00,1.21811,1.21914,1.21739,1.21777,7149,15,0
2012-01-04 18:00:00,1.21773,1.21865,1.21768,1.2183,4350,15,0
2012-01-04 20:00:00,1.21831,1.21869,1.21813,1.21845,2792,28,0
2012-01-04 22:00:00,1.21846,1.21869,1.21784,1.21857,3128,50,0
2012-01-05 00:00:00,1.21858,1.21864,1.21786,1.21821,3884,30,0
2012-01-05 02:00:00,1.2182,1.21857,1.21768,1.21814,4390,30,0
2012-01-05 04:00:00,1.21813,1.21826,1.21757,1.21801,3624,30,0
2012-01-05 06:00:00,1.21805,1.2182,1.21721,1.2177,6467,15,0
2012-01-05 08:00:00,1.21769,1.21945,1.21723,1.21866,7291,15,0
2012-01-05 10:00:00,1.21867,1.21913,1.21795,1.21803,7144,15,0
2012-01-05 12:00:00,1.21804,1.2187,1.21776,1.21853,6545,15,0
2012-01-05 14:00:00,1.21849,1.2187,1.21788,1.21823,7357,15,0
2012-01-05 16:00:00,1.21824,1.21859,1.21752,1.21781,7307,15,0
2012-01-05 18:00:00,1.21781,1.2184,1.21776,1.21803,5882,15,0
2012-01-05 20:00:00,1.21802,1.21873,1.21789,1.21839,3887,22,0
2012-01-05 22:00:00,1.21843,1.21859,1.21749,1.21815,3890,30,0
2012-01-06 00:00:00,1.21815,1.21836,1.21785,1.21824,2452,50,0
2012-01-06 02:00:00,1.21825,1.21865,1.21808,1.21821,2423,50,0
2012-01-06 04:00:00,1.21819,1.21869,1.21784,1.2185,3100,50,0
2012-01-06 06:00:00,1.21853,1.21909,1.21803,1.21886,4496,28,0
2012-01-06 08:00:00,1.21885,1.21951,1.21778,1.21798,6804,28,0
2012-01-06 10:00:00,1.21797,1.21845,1.21778,1.21791,3982,28,0
2012-01-06 12:00:00,1.21792,1.21848,1.21703,1.21775,4342,28,0
2012-01-06 14:00:00,1.21774,1.21817,1.2167,1.21707,7756,28,0
2012-01-06 16:00:00,1.21708,1.21725,1.21551,1.21569,6644,15,0
2012-01-06 18:00:00,1.21567,1.21632,1.21533,1.21547,5176,15,0
2012-01-06 20:00:00,1.21546,1.21546,1.21472,1.21481,2764,18,0
2012-01-06 22:00:00,1.21482,1.21496,1.21451,1.2148,1015,30,0
2012-01-09 00:00:00,1.21504,1.21577,1.21389,1.21404,5113,30,0
2012-01-09 02:00:00,1.21405,1.21435,1.21366,1.21368,2181,30,0
2012-01-09 04:00:00,1.21369,1.21393,1.2132,1.21353,1875,30,0
2012-01-09 06:00:00,1.2136,1.21439,1.21329,1.21398,4919,15,0
2012-01-09 08:00:00,1.21397,1.21562,1.21387,1.21499,7544,15,0
2012-01-09 10:00:00,1.21498,1.2159,1.21481,1.21527,6754,15,0
2012-01-09 12:00:00,1.21524,1.21556,1.21351,1.21384,6653,15,0
2012-01-09 14:00:00,1.21385,1.21473,1.21068,1.21393,8257,15,0
2012-01-09 16:00:00,1.21391,1.21413,1.21297,1.21339,7073,15,0
2012-01-09 18:00:00,1.21341,1.21348,1.21241,1.21263,4886,15,0
2012-01-09 20:00:00,1.21262,1.21301,1.21221,1.21229,2808,19,0
2012-01-09 22:00:00,1.2123,1.21264,1.21165,1.21184,2131,30,0
2012-01-10 00:00:00,1.21184,1.2123,1.21059,1.21089,2673,30,0
2012-01-10 02:00:00,1.2109,1.21191,1.2108,1.21113,2790,46,0
2012-01-10 04:00:00,1.21114,1.21144,1.21099,1.21104,2238,50,0
2012-01-10 06:00:00,1.21103,1.21168,1.21053,1.21162,5116,28,0
2012-01-10 08:00:00,1.21162,1.2134,1.21126,1.21208,6756,15,0
2012-01-10 10:00:00,1.21206,1.2136,1.21131,1.21318,6784,15,0
2012-01-10 12:00:00,1.21315,1.21376,1.21211,1.2135,6602,15,0
2012-01-10 14:00:00,1.21352,1.21471,1.21322,1.21428,7032,15,0
2012-01-10 16:00:00,1.21427,1.21436,1.21247,1.21247,7856,14,0
2012-01-10 18:00:00,1.21247,1.21339,1.21201,1.21305,5666,15,0
2012-01-10 20:00:00,1.21304,1.21323,1.21202,1.21218,2448,18,0
2012-01-10 22:00:00,1.21219,1.21281,1.212,1.2122,2642,30,0
2012-01-11 00:00:00,1.2122,1.21286,1.21207,1.21247,3368,30,0
2012-01-11 02:00:00,1.21249,1.21285,1.21209,1.21232,3278,30,0
2012-01-11 04:00:00,1.21231,1.2127,1.21224,1.21246,1902,30,0
2012-01-11 06:00:00,1.21247,1.21312,1.21229,1.21276,5487,15,0
2012-01-11 08:00:00,1.21275,1.21312,1.21217,1.21278,6370,15,0
2012-01-11 10:00:00,1.21277,1.21341,1.21239,1.21308,6111,15,0
2012-01-11 12:00:00,1.21309,1.21385,1.2116,1.21161,7511,15,0
2012-01-11 14:00:00,1.21162,1.21216,1.21109,1.21113,6486,15,0
2012-01-11 16:00:00,1.21114,1.21215,1.21084,1.21203,6825,15,0
2012-01-11 18:00:00,1.21201,1.21339,1.21154,1.2124,6524,15,0
2012-01-11 20:00:00,1.2124,1.21299,1.2116,1.21241,3851,22,0
2012-01-11 22:00:00,1.2124,1.21259,1.21181,1.21209,3472,30,0
2012-01-12 00:00:00,1.21213,1.21281,1.21205,1.21226,2359,42,0
2012-01-12 02:00:00,1.21227,1.21268,1.21186,1.2125,2618,37,0
2012-01-12 04:00:00,1.21249,1.2126,1.21123,1.21138,2159,42,0
2012-01-12 06:00:00,1.21139,1.21212,1.21109,1.21178,3234,28,0
2012-01-12 08:00:00,1.21177,1.21261,1.21112,1.21121,5849,15,0
2012-01-12 10:00:00,1.2112,1.21154,1.21096,1.21116,5806,28,0
2012-01-12 12:00:00,1.21118,1.21182,1.20991,1.21151,5516,28,0
2012-01-12 14:00:00,1.21152,1.21225,1.21004,1.21055,7103,22,0
2012-01-12 16:00:00,1.21055,1.21098,1.20977,1.21042,6572,28,0
2012-01-12 18:00:00,1.21043,1.21068,1.20865,1.20994,5136,15,0
2012-01-12 20:00:00,1.20995,1.21063,1.20953,1.21041,3029,28,0
2012-01-12 22:00:00,1.2104,1.21049,1.20979,1.21027,3388,30,0
2012-01-13 00:00:00,1.21028,1.21058,1.20948,1.21013,2849,30,0
2012-01-13 02:00:00,1.21015,1.21106,1.21003,1.21093,3182,30,0
2012-01-13 04:00:00,1.21091,1.21114,1.21045,1.21088,2759,30,0
2012-01-13 06:00:00,1.21087,1.21282,1.21068,1.21204,6471,15,0
2012-01-13 08:00:00,1.21205,1.21213,1.20944,1.20982,7092,15,0
2012-01-13 10:00:00,1.20981,1.21091,1.2095,1.21025,7134,15,0
2012-01-13 12:00:00,1.21029,1.2107,1.2096,1.20987,5715,15,0
2012-01-13 14:00:00,1.20985,1.21025,1.2092,1.20962,7617,15,0
2012-01-13 16:00:00,1.20965,1.21014,1.20795,1.20901,8153,19,0
2012-01-13 18:00:00,1.209,1.20902,1.20617,1.20767,5287,15,0
2012-01-13 20:00:00,1.20768,1.20823,1.20719,1.20745,3869,28,0
2012-01-13 22:00:00,1.20747,1.20793,1.20652,1.20694,3414,35,0
2012-01-16 00:00:00,1.20694,1.20778,1.20669,1.20695,3638,30,0
2012-01-16 02:00:00,1.20694,1.20766,1.20686,1.20697,3632,30,0
2012-01-16 04:00:00,1.20695,1.20746,1.20654,1.20663,2018,30,0
2012-01-16 06:00:00,1.20664,1.20857,1.20656,1.20845,4516,15,0
2012-01-16 08:00:00,1.20845,1.20883,1.20724,1.20824,6250,15,0
2012-01-16 10:00:00,1.20826,1.20945,1.2081,1.20895,5565,15,0
2012-01-16 12:00:00,1.20896,1.20976,1.20884,1.20918,4726,15,0
2012-01-16 14:00:00,1.20917,1.20938,1.20789,1.20813,4800,15,0
2012-01-16 16:00:00,1.20815,1.20931,1.20795,1.209,4368,15,0
2012-01-16 18:00:00,1.20901,1.20918,1.20845,1.20868,3138,15,0
2012-01-16 20:00:00,1.20868,1.20902,1.20839,1.20871,1963,22,0
2012-01-16 22:00:00,1.2087,1.21029,1.20808,1.21029,2206,30,0
2012-01-17 00:00:00,1.21031,1.21066,1.20908,1.20986,3347,50,0
2012-01-17 02:00:00,1.20985,1.21048,1.20951,1.21025,3827,50,0
2012-01-17 04:00:00,1.21026,1.21062,1.20942,1.20956,3286,50,0
2012-01-17 06:00:00,1.2096,1.21068,1.20948,1.20996,3937,28,0
2012-01-17 08:00:00,1.20995,1.21043,1.20922,1.20922,6359,28,0
2012-01-17 10:00:00,1.20923,1.20985,1.20877,1.20937,5716,28,0
2012-01-17 12:00:00,1.20936,1.21013,1.2093,1.20994,4045,28,0
2012-01-17 14:00:00,1.20992,1.21128,1.2088,1.20962,6943,15,0
2012-01-17 16:00:00,1.20965,1.21036,1.20873,1.20927,5731,28,0
2012-01-17 18:00:00,1.20929,1.20972,1.20901,1.20931,3370,28,0
2012-01-17 20:00:00,1.20928,1.20974,1.20881,1.20942,2716,18,0
2012-01-17 22:00:00,1.20941,1.2096,1.20888,1.2092,2664,46,0
2012-01-18 00:00:00,1.20922,1.20967,1.20912,1.20959,2562,30,0
2012-01-18 02:00:00,1.20958,1.20978,1.20911,1.2096,3657,30,0
2012-01-18 04:00:00,1.20959,1.20984,1.20909,1.20956,2669,30,0
2012-01-18 06:00:00,1.20957,1.20984,1.20903,1.20936,5635,15,0
2012-01-18 08:00:00,1.20935,1.21,1.20871,1.20899,7057,15,0
2012-01-18 10:00:00,1.20901,1.20999,1.20877,1.20892,6554,15,0
2012-01-18 12:00:00,1.20893,1.20995,1.2086,1.20905,5461,15,0
2012-01-18 14:00:00,1.20908,1.21304,1.20833,1.20982,6948,17,0
2012-01-18 16:00:00,1.20981,1.20997,1.20897,1.20914,6556,15,0
2012-01-18 18:00:00,1.20913,1.20934,1.2068,1.20749,5644,28,0
2012-01-18 20:00:00,1.20749,1.20796,1.20697,1.20769,2791,29,0
2012-01-18 22:00:00,1.20768,1.2083,1.20737,1.20779,3488,35,0
2012-01-19 00:00:00,1.2078,1.2082,1.2073,1.20763,2927,30,0
2012-01-19 02:00:00,1.20761,1.20806,1.20722,1.20752,2590,43,0
2012-01-19 04:00:00,1.20754,1.20801,1.20724,1.20744,2571,45,0
2012-01-19 06:00:00,1.20745,1.20797,1.20745,1.20763,3628,28,0
2012-01-19 08:00:00,1.20764,1.20902,1.20681,1.20829,7357,15,0
2012-01-19 10:00:00,1.20829,1.20862,1.20746,1.20764,5938,15,0
2012-01-19 12:00:00,1.20765,1.20893,1.20759,1.20834,6421,15,0
2012-01-19 14:00:00,1.20835,1.20836,1.20723,1.20749,5804,15,0
2012-01-19 16:00:00,1.20746,1.20864,1.20721,1.20776,6207,15,0
2012-01-19 18:00:00,1.20777,1.20847,1.20756,1.20788,5011,15,0
2012-01-19 20:00:00,1.20789,1.20873,1.20753,1.20858,3102,28,0
2012-01-19 22:00:00,1.20859,1.20878,1.20808,1.20852,3679,30,0
2012-01-20 00:00:00,1.20851,1.20875,1.20824,1.20848,2369,50,0
2012-01-20 02:00:00,1.20849,1.20861,1.20818,1.20826,1825,50,0
2012-01-20 04:00:00,1.20825,1.20852,1.20822,1.20841,1389,50,0
2012-01-20 06:00:00,1.2084,1.20893,1.20806,1.2085,3485,28,0
2012-01-20 08:00:00,1.20851,1.20868,1.2078,1.20814,5502,28,0
2012-01-20 10:00:00,1.20813,1.20833,1.2072,1.20773,4962,28,0
2012-01-20 12:00:00,1.20772,1.20801,1.20729,1.20789,4458,28,0
2012-01-20 14:00:00,1.2079,1.20791,1.20685,1.20709,5210,28,0
2012-01-20 16:00:00,1.2071,1.20765,1.20684,1.20747,4472,28,0
2012-01-20 18:00:00,1.20747,1.2083,1.20691,1.20828,3494,28,0
2012-01-20 20:00:00,1.20827,1.20856,1.20809,1.20817,2007,28,0
2012-01-20 22:00:00,1.20818,1.20837,1.20761,1.20784,1403,50,0
2012-01-23 00:00:00,1.20725,1.2081,1.20713,1.20786,3378,30,0
2012-01-23 02:00:00,1.20787,1.2081,1.20736,1.20746,2987,30,0
2012-01-23 04:00:00,1.20747,1.20795,1.20729,1.20746,2415,30,0
2012-01-23 06:00:00,1.20747,1.20829,1.20739,1.20812,3293,15,0
2012-01-23 08:00:00,1.2081,1.20823,1.20733,1.20742,5943,15,0
2012-01-23 10:00:00,1.20743,1.20785,1.20722,1.2077,5370,15,0
2012-01-23 12:00:00,1.2077,1.20786,1.20623,1.20653,5576,15,0
2012-01-23 14:00:00,1.20652,1.20759,1.20601,1.20736,6804,15,0
2012-01-23 16:00:00,1.20735,1.20804,1.20703,1.20795,6826,11,0
2012-01-23 18:00:00,1.20796,1.20825,1.20718,1.20825,5894,5,0
2012-01-23 20:00:00,1.20825,1.2083,1.20709,1.20751,2933,17,0
2012-01-23 22:00:00,1.2075,1.20785,1.20684,1.20721,3557,30,0
2012-01-24 00:00:00,1.20718,1.20754,1.20683,1.20691,2466,50,0
2012-01-24 02:00:00,1.20692,1.20698,1.20625,1.20657,1936,50,0
2012-01-24 04:00:00,1.20656,1.20688,1.20638,1.20661,1672,50,0
2012-01-24 06:00:00,1.20668,1.20716,1.20626,1.20691,3446,28,0
2012-01-24 08:00:00,1.2069,1.20731,1.20621,1.20651,5117,28,0
2012-01-24 10:00:00,1.20649,1.2068,1.20565,1.20599,4970,28,0
2012-01-24 12:00:00,1.20605,1.20671,1.20582,1.20605,4323,28,0
2012-01-24 14:00:00,1.20606,1.20681,1.20582,1.20646,4391,28,0
2012-01-24 16:00:00,1.20645,1.20811,1.20645,1.20804,4874,28,0
2012-01-24 18:00:00,1.20801,1.2088,1.2079,1.20843,3445,11,0
2012-01-24 20:00:00,1.20841,1.20907,1.20809,1.20879,2267,10,0
2012-01-24 22:00:00,1.20881,1.2091,1.20861,1.20881,2041,50,0
2012-01-25 00:00:00,1.2088,1.20906,1.20865,1.2089,2207,50,0
2012-01-25 02:00:00,1.20891,1.20951,1.20866,1.20891,2487,50,0
2012-01-25 04:00:00,1.2089,1.20961,1.20888,1.2092,2031,50,0
2012-01-25 06:00:00,1.20921,1.2096,1.20898,1.20932,3253,28,0
2012-01-25 08:00:00,1.20933,1.21078,1.20911,1.20981,5789,15,0
2012-01-25 10:00:00,1.20985,1.21016,1.20843,1.20857,5618,28,0
2012-01-25 12:00:00,1.20856,1.20913,1.20735,1.2074,5227,15,0
2012-01-25 14:00:00,1.20738,1.208,1.20732,1.2078,4760,15,0
2012-01-25 16:00:00,1.20779,1.20843,1.20755,1.20807,3998,24,0
2012-01-25 18:00:00,1.20808,1.20821,1.20696,1.20728,6772,15,0
2012-01-25 20:00:00,1.20727,1.20786,1.20687,1.20772,4275,22,0
2012-01-25 22:00:00,1.20771,1.20813,1.20722,1.20759,3273,46,0
2012-01-26 00:00:00,1.2076,1.20831,1.20754,1.20792,2334,30,0
2012-01-26 02:00:00,1.20793,1.20826,1.20774,1.20819,2049,30,0
2012-01-26 04:00:00,1.20819,1.20877,1.20801,1.20867,2190,30,0
2012-01-26 06:00:00,1.20866,1.20925,1.20754,1.2076,4324,15,0
2012-01-26 08:00:00,1.20758,1.20813,1.20701,1.20752,4998,28,0
2012-01-26 10:00:00,1.20751,1.20756,1.2065,1.20687,4981,28,0
2012-01-26 12:00:00,1.20686,1.20723,1.20643,1.20694,3928,28,0
2012-01-26 14:00:00,1.20695,1.20748,1.20651,1.20726,4899,28,0
2012-01-26 16:00:00,1.20725,1.2075,1.20643,1.2066,4905,28,0
2012-01-26 18:00:00,1.20661,1.20685,1.20622,1.20627,3905,28,0
2012-01-26 20:00:00,1.20628,1.20632,1.20576,1.20601,2357,28,0
2012-01-26 22:00:00,1.206,1.20679,1.20575,1.20637,2914,10,0
2012-01-27 00:00:00,1.20636,1.20656,1.20591,1.20631,2444,50,0
2012-01-27 02:00:00,1.20632,1.20718,1.20632,1.20696,2824,30,0
2012-01-27 04:00:00,1.20694,1.20722,1.20664,1.2067,2827,30,0
2012-01-27 06:00:00,1.20673,1.2071,1.20608,1.20637,2916,22,0
2012-01-27 08:00:00,1.20636,1.20845,1.20589,1.20687,5398,15,0
2012-01-27 10:00:00,1.20684,1.20791,1.20642,1.20747,6713,15,0
2012-01-27 12:00:00,1.20746,1.2079,1.20714,1.20752,4843,15,0
2012-01-27 14:00:00,1.20751,1.20783,1.20631,1.20649,5699,15,0
2012-01-27 16:00:00,1.20648,1.20691,1.206,1.20611,4485,28,0
2012-01-27 18:00:00,1.2061,1.20668,1.20582,1.20611,4654,28,0
2012-01-27 20:00:00,1.20612,1.20624,1.20545,1.20577,2140,28,0
2012-01-27 22:00:00,1.20579,1.20625,1.20547,1.20602,1615,50,0
2012-01-30 00:00:00,1.20629,1.20651,1.20601,1.20615,2369,30,0
2012-01-30 02:00:00,1.20614,1.20622,1.20547,1.20571,2938,30,0
2012-01-30 04:00:00,1.20572,1.20605,1.2056,1.2058,2291,30,0
2012-01-30 06:00:00,1.20583,1.20617,1.2055,1.20577,4461,15,0
2012-01-30 08:00:00,1.20578,1.2063,1.20542,1.20555,5681,15,0
2012-01-30 10:00:00,1.20554,1.2057,1.20491,1.20538,5783,15,0
2012-01-30 12:00:00,1.20537,1.20554,1.20492,1.20502,4866,15,0
2012-01-30 14:00:00,1.20504,1.20506,1.20409,1.20423,6142,15,0
2012-01-30 16:00:00,1.20424,1.20453,1.20395,1.20444,5419,15,0
2012-01-30 18:00:00,1.20445,1.20555,1.20411,1.20535,4937,15,0
2012-01-30 20:00:00,1.20539,1.20546,1.20492,1.20518,2168,15,0
2012-01-30 22:00:00,1.2052,1.20544,1.20484,1.20524,3153,30,0
2012-01-31 00:00:00,1.20521,1.20541,1.20507,1.20509,1894,50,0
2012-01-31 02:00:00,1.2051,1.20526,1.20478,1.20487,2058,50,0
2012-01-31 04:00:00,1.20486,1.20512,1.20484,1.20505,1416,50,0
2012-01-31 06:00:00,1.20504,1.20564,1.20483,1.20498,3261,28,0
2012-01-31 08:00:00,1.205,1.20563,1.20493,1.2054,4533,28,0
2012-01-31 10:00:00,1.20538,1.2062,1.20477,1.20496,5375,28,0
2012-01-31 12:00:00,1.20497,1.2051,1.20401,1.20427,4036,28,0
2012-01-31 14:00:00,1.20429,1.20492,1.20401,1.20462,4447,28,0
2012-01-31 16:00:00,1.20461,1.20471,1.2033,1.20346,5388,28,0
2012-01-31 18:00:00,1.20345,1.20462,1.20328,1.20426,3865,28,0
2012-01-31 20:00:00,1.20427,1.20436,1.2036,1.20375,2794,13,0
2012-01-31 22:00:00,1.20372,1.20408,1.20343,1.20363,3353,50,0
2012-02-01 00:00:00,1.20362,1.20387,1.20332,1.20365,2396,50,0
2012-02-01 02:00:00,1.20364,1.20381,1.20292,1.20309,2571,50,0
2012-02-01 04:00:00,1.2031,1.20473,1.20301,1.20471,2266,46,0
2012-02-01 06:00:00,1.20473,1.20508,1.20407,1.20485,3781,22,0
2012-02-01 08:00:00,1.20486,1.20512,1.20407,1.20503,5561,15,0
2012-02-01 10:00:00,1.20504,1.20528,1.20347,1.20451,5132,15,0
2012-02-01 12:00:00,1.20452,1.20505,1.20416,1.2046,4978,15,0
2012-02-01 14:00:00,1.20458,1.20519,1.20436,1.20489,5340,15,0
2012-02-01 16:00:00,1.2049,1.20542,1.2042,1.20465,6226,15,0
2012-02-01 18:00:00,1.20464,1.20528,1.20427,1.20483,4550,21,0
2012-02-01 20:00:00,1.20479,1.205,1.20434,1.20458,3113,28,0
2012-02-01 22:00:00,1.20457,1.20482,1.20416,1.2044,3136,46,0
2012-02-02 00:00:00,1.20442,1.20462,1.20415,1.20447,2142,50,0
2012-02-02 02:00:00,1.20446,1.20537,1.2043,1.20535,2979,50,0
2012-02-02 04:00:00,1.20536,1.20645,1.2052,1.20607,2317,50,0
2012-02-02 06:00:00,1.20605,1.20638,1.20568,1.20589,3448,9,0
2012-02-02 08:00:00,1.20588,1.20664,1.20524,1.20541,4784,28,0
2012-02-02 10:00:00,1.20542,1.20557,1.20441,1.20549,5631,28,0
2012-02-02 12:00:00,1.20548,1.20594,1.2042,1.20469,4908,28,0
2012-02-02 14:00:00,1.20468,1.20547,1.20412,1.20484,5435,28,0
2012-02-02 16:00:00,1.20484,1.20515,1.20404,1.20417,4843,28,0
2012-02-02 18:00:00,1.20416,1.20567,1.20397,1.20504,4535,28,0
2012-02-02 20:00:00,1.20505,1.20513,1.20446,1.20479,2312,28,0
2012-02-02 22:00:00,1.20478,1.20506,1.20447,1.20478,2965,50,0
2012-02-03 00:00:00,1.20477,1.20542,1.20471,1.20522,2692,50,0
2012-02-03 02:00:00,1.20521,1.20539,1.20473,1.20499,2923,50,0
2012-02-03 04:00:00,1.20498,1.20551,1.20494,1.20546,1901,50,0
2012-02-03 06:00:00,1.20545,1.20585,1.2052,1.20556,3949,28,0
2012-02-03 08:00:00,1.20557,1.20572,1.20454,1.20471,4112,28,0
2012-02-03 10:00:00,1.20472,1.20552,1.20459,1.2049,4668,28,0
2012-02-03 12:00:00,1.20489,1.20515,1.20451,1.20479,3650,28,0
2012-02-03 14:00:00,1.2048,1.20644,1.20465,1.20613,6832,5,0
2012-02-03 16:00:00,1.20612,1.20702,1.20548,1.20671,5531,28,0
2012-02-03 18:00:00,1.20672,1.20795,1.20669,1.20784,4248,17,0
2012-02-03 20:00:00,1.20783,1.20817,1.20651,1.20705,2830,28,0
2012-02-03 22:00:00,1.20706,1.20809,1.20697,1.20757,1758,42,0
2012-02-06 00:00:00,1.20685,1.20727,1.20604,1.20627,2968,30,0
2012-02-06 02:00:00,1.20625,1.20644,1.20591,1.20612,1962,30,0
2012-02-06 04:00:00,1.20614,1.20677,1.20579,1.20629,2134,30,0
2012-02-06 06:00:00,1.20628,1.20658,1.20542,1.2055,4262,15,0
2012-02-06 08:00:00,1.2055,1.20758,1.20527,1.20721,6637,15,0
2012-02-06 10:00:00,1.20721,1.20745,1.20609,1.20675,6841,15,0
2012-02-06 12:00:00,1.20677,1.20699,1.20616,1.20656,5663,15,0
2012-02-06 14:00:00,1.2066,1.20669,1.20612,1.20643,5434,15,0
2012-02-06 16:00:00,1.20642,1.20694,1.20609,1.20642,6499,15,0
2012-02-06 18:00:00,1.20639,1.20656,1.2061,1.20635,5354,15,0
2012-02-06 20:00:00,1.20637,1.20637,1.20603,1.20617,1819,20,0
2012-02-06 22:00:00,1.20615,1.20645,1.20595,1.20614,2773,30,0
2012-02-07 00:00:00,1.20612,1.20628,1.20576,1.20601,2220,50,0
2012-02-07 02:00:00,1.20599,1.20638,1.20574,1.20619,2301,50,0
2012-02-07 04:00:00,1.20618,1.20645,1.2058,1.20611,3346,50,0
2012-02-07 06:00:00,1.20612,1.20662,1.20576,1.20618,3304,28,0
2012-02-07 08:00:00,1.20607,1.20689,1.20589,1.20659,4543,28,0
2012-02-07 10:00:00,1.20659,1.20831,1.20642,1.20825,4984,28,0
2012-02-07 12:00:00,1.20826,1.20867,1.20677,1.20839,5800,28,0
2012-02-07 14:00:00,1.20838,1.20977,1.20801,1.20947,7403,15,0
2012-02-07 16:00:00,1.20946,1.2097,1.20812,1.20908,7756,15,0
2012-02-07 18:00:00,1.2091,1.21011,1.20883,1.20971,5622,15,0
2012-02-07 20:00:00,1.20972,1.20977,1.20843,1.20862,2774,20,0
2012-02-07 22:00:00,1.20861,1.20915,1.20832,1.20854,3659,30,0
2012-02-08 00:00:00,1.20853,1.20908,1.20839,1.20898,2407,34,0
2012-02-08 02:00:00,1.20897,1.20931,1.20861,1.20888,2198,50,0
2012-02-08 04:00:00,1.20887,1.20916,1.20867,1.20878,1890,50,0
2012-02-08 06:00:00,1.20879,1.21037,1.20879,1.20984,4297,28,0
2012-02-08 08:00:00,1.20983,1.21269,1.20974,1.21042,6053,15,0
2012-02-08 10:00:00,1.2104,1.21206,1.21022,1.21084,5039,15,0
2012-02-08 12:00:00,1.21085,1.21163,1.21068,1.21128,4839,15,0
2012-02-08 14:00:00,1.21131,1.2116,1.20989,1.21037,5170,15,0
2012-02-08 16:00:00,1.21039,1.21079,1.20879,1.2095,5561,28,0
2012-02-08 18:00:00,1.20949,1.2104,1.20937,1.21016,3536,28,0
2012-02-08 20:00:00,1.2102,1.21038,1.20961,1.20996,2273,28,0
2012-02-08 22:00:00,1.20997,1.21027,1.20949,1.20994,3517,30,0
2012-02-09 00:00:00,1.20995,1.21015,1.20921,1.21009,4209,30,0
2012-02-09 02:00:00,1.21008,1.21075,1.20951,1.21058,2610,30,0
2012-02-09 04:00:00,1.21059,1.21073,1.21022,1.21034,2545,30,0
2012-02-09 06:00:00,1.21035,1.21086,1.20998,1.21046,5064,15,0
2012-02-09 08:00:00,1.21045,1.21079,1.21001,1.21046,5775,15,0
2012-02-09 10:00:00,1.21044,1.21048,1.2099,1.21021,5628,15,0
2012-02-09 12:00:00,1.2102,1.21049,1.20943,1.21007,5360,15,0
2012-02-09 14:00:00,1.21007,1.21124,1.20998,1.21057,7243,9,0
2012-02-09 16:00:00,1.21056,1.21137,1.21042,1.21044,6398,15,0
2012-02-09 18:00:00,1.2105,1.21116,1.21025,1.21109,4905,15,0
2012-02-09 20:00:00,1.21108,1.21124,1.21096,1.21099,2296,23,0
2012-02-09 22:00:00,1.211,1.21126,1.21092,1.21112,1854,30,0
2012-02-10 00:00:00,1.2111,1.2112,1.21062,1.21097,2205,50,0
2012-02-10 02:00:00,1.21098,1.21111,1.21039,1.21077,2469,50,0
2012-02-10 04:00:00,1.21078,1.21081,1.21026,1.21033,2056,50,0
2012-02-10 06:00:00,1.21035,1.21089,1.20964,1.20969,3218,28,0
2012-02-10 08:00:00,1.2097,1.21043,1.20929,1.20947,4945,28,0
2012-02-10 10:00:00,1.20948,1.21014,1.20895,1.20938,4501,28,0
2012-02-10 12:00:00,1.20937,1.20951,1.2087,1.20922,4828,28,0
2012-02-10 14:00:00,1.20923,1.2106,1.20906,1.20953,5822,28,0
2012-02-10 16:00:00,1.20952,1.21012,1.2095,1.20991,3961,28,0
2012-02-10 18:00:00,1.20992,1.20997,1.20846,1.2085,3011,28,0
2012-02-10 20:00:00,1.20849,1.20861,1.20814,1.20831,1812,28,0
2012-02-10 22:00:00,1.2083,1.20943,1.20813,1.20918,1322,50,0
2012-02-13 00:00:00,1.20933,1.20999,1.20902,1.20994,3933,30,0
2012-02-13 02:00:00,1.20993,1.21,1.2095,1.20955,1665,30,0
2012-02-13 04:00:00,1.20956,1.20987,1.20945,1.2097,1899,30,0
2012-02-13 06:00:00,1.20971,1.2101,1.20933,1.2095,3843,15,0
2012-02-13 08:00:00,1.20949,1.20984,1.20855,1.20965,7177,15,0
2012-02-13 10:00:00,1.20964,1.20972,1.20885,1.20926,5363,15,0
2012-02-13 12:00:00,1.20927,1.20933,1.20833,1.20854,4663,15,0
2012-02-13 14:00:00,1.20853,1.2093,1.20853,1.20927,5701,15,0
2012-02-13 16:00:00,1.20926,1.20927,1.20795,1.20856,6130,15,0
2012-02-13 18:00:00,1.20859,1.20905,1.20825,1.2088,4149,15,0
2012-02-13 20:00:00,1.20879,1.20906,1.20858,1.20861,1830,19,0
2012-02-13 22:00:00,1.20859,1.2089,1.20809,1.20822,2150,30,0
2012-02-14 00:00:00,1.20823,1.2087,1.20808,1.20841,3296,50,0
2012-02-14 02:00:00,1.20842,1.20846,1.20752,1.20793,2938,50,0
2012-02-14 04:00:00,1.20792,1.2081,1.20738,1.20788,3176,50,0
2012-02-14 06:00:00,1.20787,1.20841,1.20736,1.20761,3669,28,0
2012-02-14 08:00:00,1.20762,1.20826,1.20739,1.20783,4503,28,0
2012-02-14 10:00:00,1.20782,1.20856,1.2078,1.20808,4456,28,0
2012-02-14 12:00:00,1.20807,1.20819,1.20731,1.20737,3155,28,0
2012-02-14 14:00:00,1.20738,1.2077,1.20709,1.20754,4369,28,0
2012-02-14 16:00:00,1.20753,1.20822,1.20741,1.20767,4098,28,0
2012-02-14 18:00:00,1.20766,1.20781,1.20698,1.20705,3415,28,0
2012-02-14 20:00:00,1.20704,1.20746,1.20661,1.2073,2548,28,0
2012-02-14 22:00:00,1.20729,1.20757,1.20667,1.20738,2581,50,0
2012-02-15 00:00:00,1.20739,1.20771,1.20727,1.2074,2092,50,0
2012-02-15 02:00:00,1.20739,1.2077,1.20698,1.20732,3348,50,0
2012-02-15 04:00:00,1.20731,1.20777,1.20722,1.20754,2618,50,0
2012-02-15 06:00:00,1.20753,1.20796,1.20729,1.20767,4181,28,0
2012-02-15 08:00:00,1.20768,1.20773,1.20709,1.20734,4356,28,0
2012-02-15 10:00:00,1.20735,1.20822,1.20702,1.20707,3952,28,0
2012-02-15 12:00:00,1.20706,1.20715,1.2066,1.20693,3341,28,0
2012-02-15 14:00:00,1.20691,1.20773,1.20661,1.20663,6040,28,0
2012-02-15 16:00:00,1.20664,1.207,1.20626,1.20683,4666,28,0
2012-02-15 18:00:00,1.20686,1.20707,1.2063,1.20683,4359,28,0
2012-02-15 20:00:00,1.20682,1.20688,1.20608,1.20615,3394,28,0
2012-02-15 22:00:00,1.20616,1.20681,1.20612,1.20651,2656,50,0
2012-02-16 00:00:00,1.20651,1.20686,1.20609,1.20628,3531,50,0
2012-02-16 02:00:00,1.2063,1.20663,1.20608,1.20635,3252,50,0
2012-02-16 04:00:00,1.20634,1.20677,1.20618,1.20642,2326,50,0
2012-02-16 06:00:00,1.20643,1.20698,1.20642,1.20661,4614,28,0
2012-02-16 08:00:00,1.2066,1.20703,1.20622,1.20682,4492,28,0
2012-02-16 10:00:00,1.20683,1.20735,1.20661,1.20669,4112,28,0
2012-02-16 12:00:00,1.2067,1.20693,1.2063,1.20683,3516,28,0
2012-02-16 14:00:00,1.20684,1.2075,1.20661,1.207,4857,28,0
2012-02-16 16:00:00,1.20699,1.20781,1.20689,1.20728,4881,28,0
2012-02-16 18:00:00,1.20727,1.20754,1.20699,1.2072,4164,28,0
2012-02-16 20:00:00,1.20721,1.20727,1.20689,1.20699,2534,28,0
2012-02-16 22:00:00,1.20698,1.2071,1.2066,1.2068,2068,50,0
2012-02-17 00:00:00,1.20679,1.20695,1.20649,1.20664,2013,50,0
2012-02-17 02:00:00,1.20663,1.20685,1.20644,1.20672,1914,50,0
2012-02-17 04:00:00,1.20673,1.20689,1.20659,1.20666,1443,50,0
2012-02-17 06:00:00,1.20668,1.20748,1.20664,1.20747,3181,28,0
2012-02-17 08:00:00,1.20746,1.20767,1.20682,1.20704,4206,28,0
2012-02-17 10:00:00,1.20704,1.2079,1.20678,1.20767,4201,28,0
2012-02-17 12:00:00,1.20768,1.20815,1.20732,1.20812,3937,28,0
2012-02-17 14:00:00,1.20814,1.20907,1.20789,1.20859,4839,25,0
2012-02-17 16:00:00,1.20858,1.20863,1.2071,1.20715,4822,28,0
2012-02-17 18:00:00,1.20716,1.20868,1.20709,1.20798,2968,28,0
2012-02-17 20:00:00,1.208,1.20851,1.20781,1.20821,2028,28,0
2012-02-17 22:00:00,1.2082,1.20873,1.20782,1.20857,2130,50,0
2012-02-20 00:00:00,1.20948,1.21007,1.20921,1.2096,4200,30,0
2012-02-20 02:00:00,1.20959,1.20974,1.20893,1.20902,2589,30,0
2012-02-20 04:00:00,1.20901,1.20929,1.20886,1.20912,1824,30,0
2012-02-20 06:00:00,1.20909,1.20924,1.2082,1.20886,3533,15,0
2012-02-20 08:00:00,1.20886,1.20909,1.20803,1.20827,5091,15,0
2012-02-20 10:00:00,1.20827,1.20874,1.20814,1.20831,5415,15,0
2012-02-20 12:00:00,1.20834,1.20954,1.20708,1.20715,5244,15,0
2012-02-20 14:00:00,1.20715,1.20768,1.20659,1.20727,5311,15,0
2012-02-20 16:00:00,1.20729,1.20789,1.20682,1.20729,4056,15,0
2012-02-20 18:00:00,1.20728,1.20741,1.20685,1.20729,3593,15,0
2012-02-20 20:00:00,1.2073,1.20733,1.20683,1.2073,1295,22,0
2012-02-20 22:00:00,1.20731,1.20733,1.20653,1.20682,1952,30,0
2012-02-21 00:00:00,1.20684,1.20716,1.20638,1.2068,2716,16,0
2012-02-21 02:00:00,1.20679,1.20712,1.20629,1.20692,3064,50,0
2012-02-21 04:00:00,1.20693,1.20803,1.20677,1.20741,3789,30,0
2012-02-21 06:00:00,1.20748,1.20798,1.20725,1.20747,3967,15,0
2012-02-21 08:00:00,1.2075,1.20755,1.20697,1.20746,4370,28,0
2012-02-21 10:00:00,1.20747,1.20835,1.20712,1.20744,5943,15,0
2012-02-21 12:00:00,1.20743,1.20743,1.20686,1.20696,3648,28,0
2012-02-21 14:00:00,1.20695,1.20779,1.20679,1.20763,4232,28,0
2012-02-21 16:00:00,1.20762,1.20822,1.20752,1.20811,5501,15,0
2012-02-21 18:00:00,1.20809,1.2084,1.20752,1.20753,3934,15,0
2012-02-21 20:00:00,1.20753,1.20801,1.20723,1.20735,2310,15,0
2012-02-21 22:00:00,1.20736,1.2075,1.20708,1.20737,1957,50,0
2012-02-22 00:00:00,1.20736,1.20766,1.20719,1.20736,2737,50,0
2012-02-22 02:00:00,1.20735,1.2074,1.20694,1.20716,3172,50,0
2012-02-22 04:00:00,1.20717,1.20764,1.20708,1.20748,2203,50,0
2012-02-22 06:00:00,1.20749,1.20774,1.20738,1.20751,2968,28,0
2012-02-22 08:00:00,1.2075,1.2077,1.20696,1.2074,4012,28,0
2012-02-22 10:00:00,1.20739,1.20754,1.20693,1.20701,3413,28,0
2012-02-22 12:00:00,1.207,1.20721,1.20634,1.2072,3899,28,0
2012-02-22 14:00:00,1.20721,1.20732,1.2065,1.2067,3933,28,0
2012-02-22 16:00:00,1.20671,1.20696,1.20642,1.20668,4281,28,0
2012-02-22 18:00:00,1.20669,1.2067,1.20565,1.20606,3363,28,0
2012-02-22 20:00:00,1.2061,1.2061,1.2057,1.20573,1690,28,0
2012-02-22 22:00:00,1.20574,1.20609,1.20561,1.20591,1994,50,0
2012-02-23 00:00:00,1.2059,1.20658,1.20572,1.20575,2402,50,0
2012-02-23 02:00:00,1.20574,1.20588,1.20531,1.20538,1988,50,0
2012-02-23 04:00:00,1.20539,1.20552,1.20511,1.20511,1952,50,0
2012-02-23 06:00:00,1.20512,1.20551,1.20501,1.2051,2988,28,0
2012-02-23 08:00:00,1.20511,1.20567,1.20499,1.20551,4163,28,0
2012-02-23 10:00:00,1.20556,1.2061,1.20521,1.20558,4424,28,0
2012-02-23 12:00:00,1.20557,1.2057,1.20468,1.20498,3464,28,0
2012-02-23 14:00:00,1.20497,1.20535,1.2045,1.20475,3943,28,0
2012-02-23 16:00:00,1.20474,1.20566,1.20473,1.20554,4240,28,0
2012-02-23 18:00:00,1.20553,1.20581,1.20512,1.20529,3667,28,0
2012-02-23 20:00:00,1.20527,1.20588,1.20493,1.20531,3193,28,0
2012-02-23 22:00:00,1.20532,1.20538,1.20482,1.20493,2497,50,0
2012-02-24 00:00:00,1.20492,1.20528,1.20475,1.20513,2777,50,0
2012-02-24 02:00:00,1.20512,1.20557,1.20503,1.20547,2283,50,0
2012-02-24 04:00:00,1.20548,1.20582,1.20529,1.2057,1981,50,0
2012-02-24 06:00:00,1.20571,1.20588,1.20542,1.20557,3136,28,0
2012-02-24 08:00:00,1.20556,1.20636,1.20552,1.20604,4342,28,0
2012-02-24 10:00:00,1.20606,1.20609,1.20479,1.20501,3974,28,0
2012-02-24 12:00:00,1.20499,1.20522,1.20451,1.20478,3962,28,0
2012-02-24 14:00:00,1.20479,1.20515,1.20428,1.20502,4328,28,0
2012-02-24 16:00:00,1.20504,1.20533,1.20419,1.20471,4475,28,0
2012-02-24 18:00:00,1.2047,1.20472,1.20399,1.20403,3404,28,0
2012-02-24 20:00:00,1.20404,1.20473,1.20383,1.20462,1615,28,0
2012-02-24 22:00:00,1.20463,1.20511,1.20448,1.20471,1262,50,0
2012-02-27 00:00:00,1.20462,1.20481,1.2042,1.20448,3079,30,0
2012-02-27 02:00:00,1.20444,1.20503,1.2043,1.20476,2491,30,0
2012-02-27 04:00:00,1.20477,1.20532,1.20468,1.20488,1669,30,0
2012-02-27 06:00:00,1.20487,1.20488,1.20426,1.20457,3406,15,0
2012-02-27 08:00:00,1.20458,1.20517,1.2044,1.20484,5552,15,0
2012-02-27 10:00:00,1.20486,1.20517,1.20463,1.20487,5406,15,0
2012-02-27 12:00:00,1.20486,1.20515,1.20468,1.20503,5152,15,0
2012-02-27 14:00:00,1.20503,1.20517,1.20422,1.20455,6223,15,0
2012-02-27 16:00:00,1.20455,1.20539,1.2043,1.20515,6689,15,0
2012-02-27 18:00:00,1.20516,1.20527,1.20462,1.20477,5371,15,0
2012-02-27 20:00:00,1.20478,1.2054,1.2047,1.2051,2529,17,0
2012-02-27 22:00:00,1.20511,1.20531,1.20459,1.20492,2426,30,0
2012-02-28 00:00:00,1.20494,1.20504,1.20448,1.20454,2075,50,0
2012-02-28 02:00:00,1.20455,1.20511,1.2045,1.20497,1929,50,0
2012-02-28 04:00:00,1.20495,1.2053,1.20486,1.20516,2460,50,0
2012-02-28 06:00:00,1.20518,1.2056,1.20509,1.20554,3634,28,0
2012-02-28 08:00:00,1.20556,1.20581,1.20473,1.20483,4041,28,0
2012-02-28 10:00:00,1.20484,1.20548,1.20471,1.20503,3578,28,0
2012-02-28 12:00:00,1.20502,1.20512,1.20488,1.20509,2921,28,0
2012-02-28 14:00:00,1.20508,1.20524,1.2047,1.20504,3957,28,0
2012-02-28 16:00:00,1.20505,1.20548,1.20486,1.20539,4047,28,0
2012-02-28 18:00:00,1.2054,1.20545,1.20488,1.20489,3202,28,0
2012-02-28 20:00:00,1.2049,1.20492,1.20473,1.2048,1747,28,0
2012-02-28 22:00:00,1.20481,1.20526,1.20476,1.20507,2327,50,0
2012-02-29 00:00:00,1.20508,1.20523,1.2049,1.20499,2458,50,0
2012-02-29 02:00:00,1.20498,1.20539,1.2049,1.20522,1844,50,0
2012-02-29 04:00:00,1.20523,1.20531,1.20491,1.20496,2096,50,0
2012-02-29 06:00:00,1.20497,1.20531,1.20493,1.20494,3150,28,0
2012-02-29 08:00:00,1.20496,1.20534,1.20487,1.20501,3577,28,0
2012-02-29 10:00:00,1.20502,1.20539,1.20493,1.20501,4059,28,0
2012-02-29 12:00:00,1.205,1.20522,1.20491,1.20497,3015,28,0
2012-02-29 14:00:00,1.20496,1.20518,1.20463,1.20515,3137,28,0
2012-02-29 16:00:00,1.20514,1.20542,1.20465,1.20521,5166,28,0
2012-02-29 18:00:00,1.2052,1.20553,1.20488,1.20529,4272,28,0
2012-02-29 20:00:00,1.2053,1.20535,1.20492,1.20513,3188,28,0
2012-02-29 22:00:00,1.20512,1.20536,1.2049,1.20506,2431,50,0
2012-03-01 00:00:00,1.20507,1.20527,1.20494,1.20514,2646,50,0
2012-03-01 02:00:00,1.20515,1.20562,1.20505,1.20555,2434,50,0
2012-03-01 04:00:00,1.20554,1.20558,1.20487,1.20492,1959,50,0
2012-03-01 06:00:00,1.20493,1.20526,1.20477,1.20517,2889,28,0
2012-03-01 08:00:00,1.20514,1.20551,1.20495,1.20508,3175,28,0
2012-03-01 10:00:00,1.20508,1.20532,1.20496,1.20527,2823,28,0
2012-03-01 12:00:00,1.20528,1.20556,1.20515,1.20519,3096,28,0
2012-03-01 14:00:00,1.2052,1.2052,1.20478,1.20484,3290,28,0
2012-03-01 16:00:00,1.20483,1.20542,1.2047,1.20532,4088,28,0
2012-03-01 18:00:00,1.20531,1.20604,1.20526,1.20601,2629,28,0
2012-03-01 20:00:00,1.20602,1.20614,1.20553,1.20566,1736,28,0
2012-03-01 22:00:00,1.20564,1.20603,1.20551,1.20583,1617,50,0
2012-03-02 00:00:00,1.20582,1.20605,1.20562,1.20591,2720,50,0
2012-03-02 02:00:00,1.20594,1.20643,1.20579,1.20635,1990,50,0
2012-03-02 04:00:00,1.20637,1.20669,1.20628,1.20641,1555,50,0
2012-03-02 06:00:00,1.20648,1.20659,1.2061,1.20634,2258,28,0
2012-03-02 08:00:00,1.20639,1.20653,1.20532,1.20572,3753,28,0
2012-03-02 10:00:00,1.20571,1.20607,1.20514,1.2054,3108,28,0
2012-03-02 12:00:00,1.20539,1.20661,1.20536,1.20604,3480,28,0
2012-03-02 14:00:00,1.20603,1.20674,1.20598,1.2064,4058,28,0
2012-03-02 16:00:00,1.20638,1.20667,1.20559,1.20571,3945,28,0
2012-03-02 18:00:00,1.20572,1.20684,1.20571,1.20643,2828,28,0
2012-03-02 20:00:00,1.20644,1.20654,1.20612,1.20628,1828,28,0
2012-03-02 22:00:00,1.20627,1.20673,1.20621,1.20624,1066,50,0
2012-03-05 00:00:00,1.20654,1.20663,1.20588,1.20598,1633,30,0
2012-03-05 02:00:00,1.20599,1.20611,1.20577,1.20588,1438,30,0
2012-03-05 04:00:00,1.20587,1.206,1.20574,1.20578,1087,30,0
2012-03-05 06:00:00,1.20579,1.20601,1.2054,1.20554,2747,15,0
2012-03-05 08:00:00,1.20555,1.20619,1.20515,1.20609,5870,15,0
2012-03-05 10:00:00,1.20608,1.20613,1.20547,1.20584,5180,15,0
2012-03-05 12:00:00,1.20584,1.20624,1.2058,1.20612,4476,15,0
2012-03-05 14:00:00,1.20613,1.20617,1.20558,1.20595,5526,15,0
2012-03-05 16:00:00,1.20594,1.20612,1.20559,1.20568,5539,15,0
2012-03-05 18:00:00,1.20567,1.20588,1.20556,1.20587,3112,15,0
2012-03-05 20:00:00,1.20588,1.2059,1.20554,1.20572,1244,17,0
2012-03-05 22:00:00,1.20573,1.20588,1.20535,1.20558,1324,30,0
2012-03-06 00:00:00,1.20559,1.20579,1.20548,1.20557,1300,50,0
2012-03-06 02:00:00,1.20558,1.2056,1.20526,1.20534,1414,50,0
2012-03-06 04:00:00,1.20535,1.20543,1.20527,1.20538,1399,50,0
2012-03-06 06:00:00,1.20537,1.20601,1.20537,1.20594,1698,28,0
2012-03-06 08:00:00,1.20593,1.20608,1.20549,1.20574,2918,28,0
2012-03-06 10:00:00,1.20572,1.20607,1.20566,1.20574,3389,28,0
2012-03-06 12:00:00,1.20575,1.20579,1.20533,1.20554,2868,28,0
2012-03-06 14:00:00,1.20552,1.20562,1.20526,1.20542,3560,28,0
2012-03-06 16:00:00,1.20543,1.20552,1.20495,1.20514,3366,28,0
2012-03-06 18:00:00,1.20513,1.20517,1.20488,1.20499,2391,28,0
2012-03-06 20:00:00,1.20498,1.20499,1.2045,1.20463,1326,28,0
2012-03-06 22:00:00,1.20464,1.20485,1.20447,1.2048,1333,50,0
2012-03-07 00:00:00,1.20479,1.20516,1.20463,1.20509,1404,50,0
2012-03-07 02:00:00,1.20508,1.20543,1.20501,1.20534,1386,50,0
2012-03-07 04:00:00,1.20535,1.20544,1.20515,1.20538,1138,50,0
2012-03-07 06:00:00,1.20537,1.20567,1.20535,1.20557,1873,28,0
2012-03-07 08:00:00,1.20559,1.2056,1.20491,1.2053,3283,28,0
2012-03-07 10:00:00,1.20531,1.2056,1.20529,1.20544,2722,28,0
2012-03-07 12:00:00,1.20545,1.20556,1.20499,1.205,2299,28,0
2012-03-07 14:00:00,1.20501,1.20533,1.20486,1.20518,3246,28,0
2012-03-07 16:00:00,1.20516,1.20552,1.20472,1.20551,3205,28,0
2012-03-07 18:00:00,1.20552,1.20554,1.20497,1.205,2211,28,0
2012-03-07 20:00:00,1.20501,1.20513,1.20485,1.20487,1290,28,0
2012-03-07 22:00:00,1.20488,1.20518,1.20488,1.20503,1242,50,0
2012-03-08 00:00:00,1.20506,1.20527,1.20489,1.20515,1638,50,0
2012-03-08 02:00:00,1.20516,1.20518,1.20484,1.20505,1031,50,0
2012-03-08 04:00:00,1.20503,1.20542,1.20495,1.2053,1153,50,0
2012-03-08 06:00:00,1.20529,1.20552,1.20509,1.2055,1718,28,0
2012-03-08 08:00:00,1.20549,1.20604,1.20541,1.20576,3458,28,0
2012-03-08 10:00:00,1.20575,1.20579,1.2053,1.20547,3368,28,0
2012-03-08 12:00:00,1.20548,1.2056,1.20501,1.20506,2997,28,0
2012-03-08 14:00:00,1.20507,1.20522,1.20478,1.20514,3407,28,0
2012-03-08 16:00:00,1.20513,1.20548,1.20509,1.20529,3139,28,0
2012-03-08 18:00:00,1.20528,1.20549,1.2052,1.20529,2025,28,0
2012-03-08 20:00:00,1.20531,1.20544,1.20514,1.20531,1627,28,0
2012-03-08 22:00:00,1.20532,1.20546,1.20513,1.2054,1308,50,0
2012-03-09 00:00:00,1.20541,1.20546,1.20523,1.20539,1238,50,0
2012-03-09 02:00:00,1.20538,1.20539,1.2052,1.20525,1096,50,0
2012-03-09 04:00:00,1.20524,1.20551,1.20521,1.20535,1100,50,0
2012-03-09 06:00:00,1.20534,1.20565,1.20494,1.20532,2843,28,0
2012-03-09 08:00:00,1.20531,1.20564,1.20507,1.20543,2885,28,0
2012-03-09 10:00:00,1.20544,1.20565,1.20526,1.20533,2765,28,0
2012-03-09 12:00:00,1.20534,1.20546,1.20521,1.20533,2217,28,0
2012-03-09 14:00:00,1.20534,1.20579,1.20507,1.20516,4003,28,0
2012-03-09 16:00:00,1.20518,1.20582,1.20512,1.20581,3419,5,0
2012-03-09 18:00:00,1.20582,1.20588,1.20526,1.20556,2377,28,0
2012-03-09 20:00:00,1.20553,1.20563,1.2053,1.20533,1455,33,0
2012-03-09 22:00:00,1.20532,1.20572,1.20531,1.20542,741,50,0
2012-03-12 00:00:00,1.20587,1.20613,1.20559,1.20589,2100,30,0
2012-03-12 02:00:00,1.2059,1.20591,1.20541,1.20555,2217,30,0
2012-03-12 04:00:00,1.20554,1.20597,1.20546,1.20576,1375,30,0
2012-03-12 06:00:00,1.20576,1.20599,1.20536,1.20589,3815,15,0
2012-03-12 08:00:00,1.20588,1.206,1.20525,1.20544,4875,15,0
2012-03-12 10:00:00,1.20543,1.20583,1.20525,1.20578,4664,15,0
2012-03-12 12:00:00,1.20578,1.20582,1.20528,1.20558,4092,15,0
2012-03-12 14:00:00,1.20558,1.20574,1.20539,1.20561,5076,15,0
2012-03-12 16:00:00,1.20559,1.20594,1.20543,1.2055,4972,15,0
2012-03-12 18:00:00,1.2055,1.20582,1.20532,1.20571,2966,15,0
2012-03-12 20:00:00,1.20574,1.20574,1.20546,1.20553,1120,15,0
2012-03-12 22:00:00,1.20552,1.2056,1.20526,1.20543,1375,30,0
2012-03-13 00:00:00,1.20544,1.2055,1.20517,1.20522,1349,50,0
2012-03-13 02:00:00,1.20523,1.20551,1.2051,1.20535,2188,50,0
2012-03-13 04:00:00,1.20534,1.20552,1.20512,1.20551,1262,50,0
2012-03-13 06:00:00,1.2055,1.20569,1.20512,1.20522,2641,28,0
2012-03-13 08:00:00,1.2052,1.20582,1.2052,1.20565,2790,28,0
2012-03-13 10:00:00,1.20564,1.20597,1.20561,1.20589,2956,28,0
2012-03-13 12:00:00,1.20588,1.20596,1.20551,1.20584,3100,28,0
2012-03-13 14:00:00,1.20586,1.20603,1.20552,1.20569,3248,28,0
2012-03-13 16:00:00,1.20569,1.20591,1.2055,1.20586,2982,28,0
2012-03-13 18:00:00,1.20587,1.20634,1.20559,1.20631,3117,28,0
2012-03-13 20:00:00,1.2063,1.20769,1.20617,1.20762,2568,28,0
2012-03-13 22:00:00,1.20761,1.2082,1.20728,1.20787,1576,30,0
2012-03-14 00:00:00,1.20788,1.20824,1.20744,1.2076,1918,50,0
2012-03-14 02:00:00,1.20759,1.20776,1.20708,1.20773,1631,50,0
2012-03-14 04:00:00,1.20772,1.2082,1.2076,1.20815,1559,50,0
2012-03-14 06:00:00,1.20814,1.20911,1.20783,1.20894,3715,21,0
2012-03-14 08:00:00,1.20895,1.20954,1.20807,1.20907,4909,15,0
2012-03-14 10:00:00,1.20907,1.21159,1.20885,1.21037,6145,15,0
2012-03-14 12:00:00,1.21037,1.21086,1.20992,1.21059,5366,15,0
2012-03-14 14:00:00,1.2106,1.21167,1.21026,1.21149,6460,15,0
2012-03-14 16:00:00,1.21149,1.21459,1.21064,1.21092,8246,15,0
2012-03-14 18:00:00,1.21094,1.21203,1.2106,1.21146,5081,15,0
2012-03-14 20:00:00,1.21144,1.21282,1.21065,1.21282,2095,17,0
2012-03-14 22:00:00,1.21283,1.21283,1.21216,1.21276,1701,30,0
2012-03-15 00:00:00,1.21278,1.21304,1.21245,1.21304,2713,30,0
2012-03-15 02:00:00,1.21305,1.21371,1.21211,1.21242,3110,30,0
2012-03-15 04:00:00,1.21243,1.21343,1.21235,1.21327,1795,30,0
2012-03-15 06:00:00,1.21326,1.21343,1.21062,1.21177,4810,15,0
2012-03-15 08:00:00,1.21178,1.21216,1.20851,1.21014,6987,15,0
2012-03-15 10:00:00,1.21015,1.21148,1.20993,1.2107,5947,15,0
2012-03-15 12:00:00,1.2107,1.21101,1.20928,1.20936,5736,15,0
2012-03-15 14:00:00,1.20937,1.20954,1.20709,1.20716,5918,15,0
2012-03-15 16:00:00,1.20717,1.20782,1.20654,1.20673,4335,28,0
2012-03-15 18:00:00,1.20674,1.20749,1.20651,1.20672,3303,28,0
2012-03-15 20:00:00,1.20671,1.20724,1.2065,1.20704,1642,28,0
2012-03-15 22:00:00,1.20705,1.20745,1.20673,1.20723,1507,50,0
2012-03-16 00:00:00,1.20722,1.20771,1.20708,1.20754,1387,45,0
2012-03-16 02:00:00,1.20756,1.2079,1.2069,1.20706,1790,30,0
2012-03-16 04:00:00,1.20705,1.20763,1.20699,1.20723,1532,50,0
2012-03-16 06:00:00,1.20724,1.20747,1.20667,1.20682,1969,28,0
2012-03-16 08:00:00,1.20683,1.20807,1.20679,1.2074,3340,15,0
2012-03-16 10:00:00,1.20739,1.20783,1.20691,1.20698,3209,21,0
2012-03-16 12:00:00,1.20699,1.2076,1.20605,1.20711,4396,28,0
2012-03-16 14:00:00,1.20712,1.20719,1.20595,1.20649,4436,28,0
2012-03-16 16:00:00,1.20648,1.20678,1.20613,1.20642,2962,28,0
2012-03-16 18:00:00,1.20643,1.20681,1.20593,1.20596,2063,28,0
2012-03-16 20:00:00,1.20595,1.20625,1.20581,1.20593,1319,28,0
2012-03-16 22:00:00,1.20592,1.20599,1.20592,1.20599,10,56,0
2012-03-19 00:00:00,1.20642,1.20671,1.20628,1.20656,1451,30,0
2012-03-19 02:00:00,1.20658,1.2067,1.20632,1.20658,1508,30,0
2012-03-19 04:00:00,1.20659,1.20679,1.20645,1.20672,1185,30,0
2012-03-19 06:00:00,1.20671,1.20684,1.20627,1.20659,2600,15,0
2012-03-19 08:00:00,1.20658,1.20675,1.20593,1.20611,4696,15,0
2012-03-19 10:00:00,1.20612,1.20655,1.20606,1.20628,4403,15,0
2012-03-19 12:00:00,1.20628,1.20657,1.20621,1.2065,3889,15,0
2012-03-19 14:00:00,1.20642,1.20688,1.20596,1.20624,5488,15,0
2012-03-19 16:00:00,1.20625,1.20645,1.20588,1.20614,5651,15,0
2012-03-19 18:00:00,1.20614,1.20632,1.20592,1.2063,3179,15,0
2012-03-19 20:00:00,1.20628,1.20644,1.20606,1.20622,1260,19,0
2012-03-19 22:00:00,1.20621,1.20634,1.20587,1.20624,1237,30,0
2012-03-20 00:00:00,1.20618,1.20642,1.20601,1.20638,1222,50,0
2012-03-20 02:00:00,1.20637,1.20657,1.20634,1.20653,1345,50,0
2012-03-20 04:00:00,1.20652,1.20654,1.20624,1.20629,1060,50,0
2012-03-20 06:00:00,1.2063,1.20678,1.2063,1.20655,2158,28,0
2012-03-20 08:00:00,1.20656,1.2067,1.20582,1.20583,3226,28,0
2012-03-20 10:00:00,1.20584,1.20632,1.20583,1.20603,3131,28,0
2012-03-20 12:00:00,1.20604,1.20606,1.20547,1.20559,3127,28,0
2012-03-20 14:00:00,1.20558,1.20613,1.20558,1.20597,3690,28,0
2012-03-20 16:00:00,1.20598,1.20634,1.20553,1.20556,3056,28,0
2012-03-20 18:00:00,1.20557,1.20581,1.20547,1.20578,2124,28,0
2012-03-20 20:00:00,1.20577,1.20577,1.20534,1.20542,1066,28,0
2012-03-20 22:00:00,1.20542,1.20572,1.20533,1.2057,1147,50,0
2012-03-21 00:00:00,1.20571,1.20623,1.20567,1.20599,1683,50,0
2012-03-21 02:00:00,1.20598,1.20621,1.20557,1.2057,1815,50,0
2012-03-21 04:00:00,1.20571,1.2062,1.20565,1.2059,1580,50,0
2012-03-21 06:00:00,1.20592,1.20629,1.20573,1.20578,2018,28,0
2012-03-21 08:00:00,1.20577,1.2062,1.20568,1.20595,3169,28,0
2012-03-21 10:00:00,1.20594,1.20599,1.20549,1.20576,3002,28,0
2012-03-21 12:00:00,1.20575,1.20594,1.20556,1.20582,2991,28,0
2012-03-21 14:00:00,1.20583,1.20586,1.2054,1.20568,3160,28,0
2012-03-21 16:00:00,1.20567,1.20583,1.20544,1.20566,2883,28,0
2012-03-21 18:00:00,1.20567,1.20575,1.20547,1.20552,2007,28,0
2012-03-21 20:00:00,1.20551,1.20552,1.20535,1.2054,1109,28,0
2012-03-21 22:00:00,1.20541,1.20554,1.20522,1.20546,1068,50,0
2012-03-22 00:00:00,1.20545,1.20574,1.20531,1.20542,1228,50,0
2012-03-22 02:00:00,1.20541,1.20558,1.20536,1.20537,1467,50,0
2012-03-22 04:00:00,1.20538,1.20549,1.20524,1.20537,1505,50,0
2012-03-22 06:00:00,1.20539,1.20572,1.20537,1.20556,2052,28,0
2012-03-22 08:00:00,1.20555,1.2056,1.20511,1.20524,3557,28,0
2012-03-22 10:00:00,1.20523,1.20561,1.20515,1.2053,3314,28,0
2012-03-22 12:00:00,1.20531,1.20545,1.20517,1.20524,2687,28,0
2012-03-22 14:00:00,1.20525,1.20543,1.20517,1.20532,3109,28,0
2012-03-22 16:00:00,1.20533,1.20545,1.20517,1.20537,2733,28,0
2012-03-22 18:00:00,1.20539,1.20572,1.20537,1.20549,2230,28,0
2012-03-22 20:00:00,1.20548,1.20552,1.20517,1.20543,1243,28,0
2012-03-22 22:00:00,1.20544,1.20555,1.20514,1.20547,1202,50,0
2012-03-23 00:00:00,1.20546,1.20555,1.20523,1.20527,1269,50,0
2012-03-23 02:00:00,1.20526,1.20544,1.20521,1.20535,1259,50,0
2012-03-23 04:00:00,1.20534,1.2054,1.20511,1.20518,933,50,0
2012-03-23 06:00:00,1.2052,1.20547,1.20516,1.20537,2006,28,0
2012-03-23 08:00:00,1.20534,1.20549,1.20504,1.20531,3080,28,0
2012-03-23 10:00:00,1.20532,1.2055,1.2051,1.20513,2960,28,0
2012-03-23 12:00:00,1.20514,1.20542,1.2051,1.20535,2694,28,0
2012-03-23 14:00:00,1.20536,1.20541,1.20513,1.20517,3165,28,0
2012-03-23 16:00:00,1.20516,1.20519,1.20488,1.20505,2779,28,0
2012-03-23 18:00:00,1.20504,1.20508,1.20479,1.20489,1909,28,0
2012-03-23 20:00:00,1.20484,1.20499,1.20462,1.20469,1260,33,0
2012-03-23 22:00:00,1.20468,1.20468,1.20468,1.20468,1,62,0
2012-03-26 00:00:00,1.20475,1.20514,1.20466,1.20502,1619,30,0
2012-03-26 02:00:00,1.20503,1.20522,1.20487,1.20513,1348,30,0
2012-03-26 04:00:00,1.20514,1.20519,1.20493,1.2051,1074,30,0
2012-03-26 06:00:00,1.20517,1.20526,1.20491,1.20518,2256,15,0
2012-03-26 08:00:00,1.20517,1.20534,1.20493,1.20525,3956,15,0
2012-03-26 10:00:00,1.20526,1.20548,1.20514,1.20528,4837,15,0
2012-03-26 12:00:00,1.20527,1.20542,1.20512,1.20536,3886,15,0
2012-03-26 14:00:00,1.20532,1.20556,1.20485,1.20502,5269,15,0
2012-03-26 16:00:00,1.20496,1.20518,1.20483,1.20497,4167,15,0
2012-03-26 18:00:00,1.20496,1.20505,1.20469,1.20478,2697,15,0
2012-03-26 20:00:00,1.20478,1.20608,1.20468,1.20607,1829,24,0
2012-03-26 22:00:00,1.20608,1.20608,1.20557,1.20571,1127,30,0
2012-03-27 00:00:00,1.2057,1.2061,1.20564,1.20608,1089,50,0
2012-03-27 02:00:00,1.20607,1.20641,1.20585,1.20637,1147,50,0
2012-03-27 04:00:00,1.20639,1.20648,1.20618,1.2062,1263,50,0
2012-03-27 06:00:00,1.20621,1.20637,1.20596,1.20617,1819,28,0
2012-03-27 08:00:00,1.20616,1.20654,1.20599,1.20639,2768,28,0
2012-03-27 10:00:00,1.20638,1.20683,1.20594,1.20606,3440,7,0
2012-03-27 12:00:00,1.20605,1.20607,1.20546,1.20563,2625,28,0
2012-03-27 14:00:00,1.20562,1.20566,1.20529,1.20549,2910,28,0
2012-03-27 16:00:00,1.20548,1.20579,1.20518,1.20533,3112,28,0
2012-03-27 18:00:00,1.20534,1.20564,1.20518,1.20526,1874,28,0
2012-03-27 20:00:00,1.20529,1.20534,1.205,1.20511,1019,28,0
2012-03-27 22:00:00,1.20512,1.20531,1.20505,1.20512,1104,50,0
2012-03-28 00:00:00,1.20513,1.20547,1.20501,1.20544,1131,50,0
2012-03-28 02:00:00,1.20543,1.20557,1.20511,1.20517,1499,50,0
2012-03-28 04:00:00,1.20518,1.20541,1.20502,1.20529,1094,50,0
2012-03-28 06:00:00,1.20536,1.20566,1.20527,1.20544,1918,28,0
2012-03-28 08:00:00,1.20543,1.20616,1.20534,1.20569,3282,28,0
2012-03-28 10:00:00,1.20568,1.20601,1.20555,1.2058,3288,28,0
2012-03-28 12:00:00,1.20579,1.20623,1.20573,1.20593,2657,10,0
2012-03-28 14:00:00,1.20592,1.20644,1.20579,1.20597,3823,28,0
2012-03-28 16:00:00,1.20598,1.2061,1.20525,1.20543,3325,28,0
2012-03-28 18:00:00,1.20542,1.20563,1.20512,1.2052,2637,28,0
2012-03-28 20:00:00,1.20519,1.20539,1.20497,1.20513,1266,28,0
2012-03-28 22:00:00,1.20512,1.20537,1.20502,1.20514,957,50,0
2012-03-29 00:00:00,1.20516,1.20539,1.205,1.20519,1300,50,0
2012-03-29 02:00:00,1.20518,1.20552,1.20501,1.20517,1460,50,0
2012-03-29 04:00:00,1.20518,1.20555,1.20508,1.20512,1224,50,0
2012-03-29 06:00:00,1.2052,1.20542,1.20512,1.20522,2021,28,0
2012-03-29 08:00:00,1.20521,1.20549,1.20519,1.20538,2968,28,0
2012-03-29 10:00:00,1.20537,1.20546,1.20507,1.20508,2898,28,0
2012-03-29 12:00:00,1.20507,1.20527,1.20491,1.20512,2757,28,0
2012-03-29 14:00:00,1.20513,1.20523,1.20479,1.20489,3188,28,0
2012-03-29 16:00:00,1.2049,1.20494,1.20441,1.20487,3457,28,0
2012-03-29 18:00:00,1.20486,1.20523,1.20479,1.20499,2455,28,0
2012-03-29 20:00:00,1.205,1.20538,1.20487,1.20523,1524,28,0
2012-03-29 22:00:00,1.20524,1.20548,1.20506,1.20532,1083,50,0
2012-03-30 00:00:00,1.20533,1.20543,1.2052,1.20536,1113,50,0
2012-03-30 02:00:00,1.20537,1.20548,1.20491,1.2052,2071,50,0
2012-03-30 04:00:00,1.20519,1.20539,1.20511,1.20524,1127,50,0
2012-03-30 06:00:00,1.20523,1.20539,1.20478,1.20487,2245,28,0
2012-03-30 08:00:00,1.20488,1.2052,1.2047,1.20472,3056,28,0
2012-03-30 10:00:00,1.2047,1.20492,1.20451,1.20474,2785,28,0
2012-03-30 12:00:00,1.20475,1.20475,1.20437,1.20445,2407,28,0
2012-03-30 14:00:00,1.20444,1.20463,1.204,1.20403,2954,28,0
2012-03-30 16:00:00,1.20402,1.20404,1.20342,1.20352,3428,28,0
2012-03-30 18:00:00,1.20349,1.20401,1.20341,1.20368,2480,28,0
2012-03-30 20:00:00,1.20367,1.20378,1.20339,1.20369,1584,28,0
2012-03-30 22:00:00,1.20368,1.20411,1.20363,1.20371,983,50,0
2012-04-02 00:00:00,1.20372,1.20447,1.20351,1.2038,2046,30,0
2012-04-02 02:00:00,1.20382,1.20441,1.20374,1.20426,2493,30,0
2012-04-02 04:00:00,1.20427,1.20429,1.20397,1.20411,1063,30,0
2012-04-02 06:00:00,1.20414,1.20421,1.20371,1.20411,2587,15,0
2012-04-02 08:00:00,1.20407,1.20451,1.204,1.20443,3513,15,0
2012-04-02 10:00:00,1.20444,1.20451,1.20422,1.20439,4091,15,0
2012-04-02 12:00:00,1.20437,1.2044,1.20367,1.20428,3415,15,0
2012-04-02 14:00:00,1.20427,1.20471,1.20394,1.2042,5347,15,0
2012-04-02 16:00:00,1.2042,1.20432,1.20369,1.20415,5342,15,0
2012-04-02 18:00:00,1.20415,1.20419,1.20374,1.20405,3170,15,0
2012-04-02 20:00:00,1.20403,1.20418,1.20371,1.20372,1101,21,0
2012-04-02 22:00:00,1.20373,1.20414,1.20362,1.20377,1538,30,0
2012-04-03 00:00:00,1.20377,1.2039,1.20349,1.20354,1473,30,0
2012-04-03 02:00:00,1.20355,1.20379,1.20351,1.20356,1510,30,0
2012-04-03 04:00:00,1.20357,1.20389,1.20349,1.2038,1212,30,0
2012-04-03 06:00:00,1.20378,1.20409,1.20353,1.20388,3368,15,0
2012-04-03 08:00:00,1.20387,1.2041,1.20355,1.20355,3851,15,0
2012-04-03 10:00:00,1.20361,1.20379,1.20344,1.20355,4414,15,0
2012-04-03 12:00:00,1.20356,1.20362,1.20314,1.20328,3905,15,0
2012-04-03 14:00:00,1.20323,1.20362,1.2032,1.20326,4485,15,0
2012-04-03 16:00:00,1.20324,1.20368,1.20314,1.20352,5128,15,0
2012-04-03 18:00:00,1.20352,1.20363,1.20333,1.20353,2647,15,0
2012-04-03 20:00:00,1.20352,1.20442,1.20334,1.20382,3596,16,0
2012-04-03 22:00:00,1.20383,1.20413,1.20364,1.2038,1718,30,0
2012-04-04 00:00:00,1.20379,1.2048,1.20373,1.20454,2329,30,0
2012-04-04 02:00:00,1.20455,1.20457,1.20393,1.20439,3482,30,0
2012-04-04 04:00:00,1.2044,1.20451,1.20391,1.20414,1931,30,0
2012-04-04 06:00:00,1.20416,1.20433,1.20362,1.20391,3829,15,0
2012-04-04 08:00:00,1.20393,1.2044,1.20363,1.2039,4982,9,0
2012-04-04 10:00:00,1.20389,1.20451,1.20368,1.20406,5232,10,0
2012-04-04 12:00:00,1.20405,1.2041,1.20314,1.20343,4847,15,0
2012-04-04 14:00:00,1.20342,1.20385,1.20318,1.20333,5834,15,0
2012-04-04 16:00:00,1.20332,1.20368,1.20303,1.20368,5527,15,0
2012-04-04 18:00:00,1.20368,1.20385,1.20331,1.20376,3315,15,0
2012-04-04 20:00:00,1.20378,1.2039,1.20327,1.20341,1377,15,0
2012-04-04 22:00:00,1.20342,1.20365,1.20329,1.20336,1624,30,0
2012-04-05 00:00:00,1.20337,1.20342,1.20306,1.20326,1461,30,0
2012-04-05 02:00:00,1.20327,1.20336,1.20305,1.20311,1340,30,0
2012-04-05 04:00:00,1.20312,1.20342,1.20296,1.20332,1639,30,0
2012-04-05 06:00:00,1.20335,1.20352,1.20303,1.2031,2790,15,0
2012-04-05 08:00:00,1.20311,1.20397,1.20295,1.20321,4543,15,0
2012-04-05 10:00:00,1.20321,1.20376,1.19966,1.20155,6684,15,0
2012-04-05 12:00:00,1.20156,1.20258,1.20084,1.20178,6472,15,0
2012-04-05 14:00:00,1.20172,1.2026,1.20172,1.20209,6070,15,0
2012-04-05 16:00:00,1.20209,1.20244,1.20167,1.20186,5164,15,0
2012-04-05 18:00:00,1.20187,1.20216,1.20155,1.20209,3372,15,0
2012-04-05 20:00:00,1.20206,1.20207,1.20152,1.20165,1166,20,0
2012-04-05 22:00:00,1.20163,1.20186,1.20141,1.20176,1335,30,0
2012-04-06 00:00:00,1.20175,1.20197,1.20135,1.20181,1280,30,0
2012-04-06 02:00:00,1.20182,1.20231,1.2015,1.20159,2828,30,0
2012-04-06 04:00:00,1.2016,1.2017,1.2014,1.20145,1219,30,0
2012-04-06 06:00:00,1.2015,1.20177,1.20128,1.20155,1808,15,0
2012-04-06 08:00:00,1.20154,1.20182,1.20114,1.20177,2911,15,0
2012-04-06 10:00:00,1.20178,1.20193,1.20156,1.20165,2201,15,0
2012-04-06 12:00:00,1.2016,1.20178,1.20133,1.20147,2118,15,0
2012-04-06 14:00:00,1.20145,1.20158,1.20072,1.20099,4993,15,0
2012-04-06 16:00:00,1.201,1.20122,1.20076,1.20096,2372,15,0
2012-04-06 18:00:00,1.20102,1.20112,1.20055,1.20072,1586,15,0
2012-04-06 20:00:00,1.20089,1.20116,1.2004,1.20078,1618,22,0
2012-04-06 22:00:00,1.20077,1.20099,1.20012,1.20036,820,30,0
2012-04-09 00:00:00,1.20087,1.20173,1.20065,1.20126,1779,30,0
2012-04-09 02:00:00,1.20127,1.20156,1.20101,1.20144,2264,30,0
2012-04-09 04:00:00,1.20143,1.20158,1.20094,1.20117,1280,30,0
2012-04-09 06:00:00,1.20117,1.20161,1.20109,1.20147,2246,15,0
2012-04-09 08:00:00,1.20154,1.20162,1.201,1.20134,3069,15,0
2012-04-09 10:00:00,1.20134,1.20166,1.20128,1.20134,1921,15,0
2012-04-09 12:00:00,1.20136,1.20157,1.20116,1.20148,2378,15,0
2012-04-09 14:00:00,1.20151,1.20157,1.2011,1.20118,3405,15,0
2012-04-09 16:00:00,1.2012,1.20136,1.20109,1.20127,3539,15,0
2012-04-09 18:00:00,1.20127,1.20212,1.2012,1.20179,3844,15,0
2012-04-09 20:00:00,1.20176,1.20229,1.20171,1.20204,1218,19,0
2012-04-09 22:00:00,1.20205,1.20205,1.20156,1.20178,1360,30,0
2012-04-10 00:00:00,1.20177,1.20229,1.20152,1.2022,1747,30,0
2012-04-10 02:00:00,1.20221,1.20233,1.20173,1.20223,2019,30,0
2012-04-10 04:00:00,1.20224,1.20237,1.20176,1.20187,1479,30,0
2012-04-10 06:00:00,1.20189,1.20228,1.2013,1.20224,3617,15,0
2012-04-10 08:00:00,1.20225,1.20253,1.20128,1.20179,5189,15,0
2012-04-10 10:00:00,1.2018,1.20267,1.20166,1.20262,4871,15,0
2012-04-10 12:00:00,1.20262,1.2029,1.20218,1.20274,4748,15,0
2012-04-10 14:00:00,1.20274,1.2028,1.20161,1.20171,5712,15,0
2012-04-10 16:00:00,1.2017,1.20233,1.20144,1.20163,5716,15,0
2012-04-10 18:00:00,1.20162,1.20181,1.2014,1.20151,4336,15,0
2012-04-10 20:00:00,1.20153,1.20154,1.20131,1.20138,1257,15,0
2012-04-10 22:00:00,1.20137,1.20151,1.20125,1.20137,1043,30,0
2012-04-11 00:00:00,1.20135,1.20156,1.20113,1.20125,1355,30,0
2012-04-11 02:00:00,1.20126,1.20149,1.20114,1.20139,1215,30,0
2012-04-11 04:00:00,1.2014,1.20145,1.20115,1.20137,1252,30,0
2012-04-11 06:00:00,1.20138,1.20156,1.20115,1.20156,2912,15,0
2012-04-11 08:00:00,1.20153,1.20175,1.20133,1.20154,4661,15,0
2012-04-11 10:00:00,1.20153,1.20161,1.2013,1.20138,4730,15,0
2012-04-11 12:00:00,1.20137,1.20141,1.20105,1.20121,4148,15,0
2012-04-11 14:00:00,1.20123,1.2015,1.2009,1.20135,4457,15,0
2012-04-11 16:00:00,1.20133,1.20159,1.20087,1.20093,4752,15,0
2012-04-11 18:00:00,1.20092,1.20131,1.20071,1.2013,3129,15,0
2012-04-11 20:00:00,1.20128,1.20331,1.20112,1.20233,2379,21,0
2012-04-11 22:00:00,1.20232,1.20306,1.2021,1.20281,1576,30,0
2012-04-12 00:00:00,1.20282,1.20323,1.2026,1.20322,1606,30,0
2012-04-12 02:00:00,1.20323,1.20323,1.20265,1.20294,1495,30,0
2012-04-12 04:00:00,1.20293,1.20301,1.20261,1.20278,1620,30,0
2012-04-12 06:00:00,1.20283,1.20289,1.2024,1.20251,2637,15,0
2012-04-12 08:00:00,1.20252,1.20257,1.20175,1.2021,4543,15,0
2012-04-12 10:00:00,1.20211,1.20245,1.20172,1.20231,5134,15,0
2012-04-12 12:00:00,1.2023,1.20265,1.20179,1.20244,4769,15,0
2012-04-12 14:00:00,1.20243,1.20276,1.20194,1.20198,5579,15,0
2012-04-12 16:00:00,1.20199,1.20234,1.20163,1.20181,5025,15,0
2012-04-12 18:00:00,1.20182,1.20199,1.20114,1.20149,4318,15,0
2012-04-12 20:00:00,1.20145,1.20158,1.20131,1.20139,1315,25,0
2012-04-12 22:00:00,1.2014,1.20172,1.20122,1.20129,1272,30,0
2012-04-13 00:00:00,1.20138,1.20177,1.20123,1.2017,1462,30,0
2012-04-13 02:00:00,1.20169,1.20183,1.20137,1.20154,1632,30,0
2012-04-13 04:00:00,1.20155,1.20191,1.20142,1.20186,1798,30,0
2012-04-13 06:00:00,1.20187,1.20208,1.20165,1.20184,3363,15,0
2012-04-13 08:00:00,1.20184,1.20198,1.20137,1.20148,4554,15,0
2012-04-13 10:00:00,1.20147,1.20175,1.20127,1.2015,5020,15,0
2012-04-13 12:00:00,1.20152,1.20182,1.20144,1.20152,4053,15,0
2012-04-13 14:00:00,1.20152,1.20186,1.20147,1.20174,4684,15,0
2012-04-13 16:00:00,1.20174,1.20259,1.2017,1.20221,5797,15,0
2012-04-13 18:00:00,1.20219,1.20283,1.2021,1.20279,3026,15,0
2012-04-13 20:00:00,1.20277,1.20289,1.20242,1.2027,1312,22,0
2012-04-13 22:00:00,1.20271,1.20272,1.20197,1.20199,952,30,0
2012-04-16 00:00:00,1.20237,1.20286,1.20203,1.20227,2563,30,0
2012-04-16 02:00:00,1.20228,1.20295,1.20207,1.20218,2979,30,0
2012-04-16 04:00:00,1.20215,1.2023,1.2019,1.2023,1462,30,0
2012-04-16 06:00:00,1.20233,1.20239,1.20185,1.20196,3815,15,0
2012-04-16 08:00:00,1.20197,1.20248,1.20179,1.20234,5408,15,0
2012-04-16 10:00:00,1.20235,1.20297,1.20203,1.20221,4849,15,0
2012-04-16 12:00:00,1.20222,1.20233,1.20201,1.20224,4167,15,0
2012-04-16 14:00:00,1.20222,1.20255,1.20202,1.20217,5266,15,0
2012-04-16 16:00:00,1.20216,1.20222,1.2016,1.2019,5470,15,0
2012-04-16 18:00:00,1.20192,1.20224,1.20152,1.20199,4468,15,0
2012-04-16 20:00:00,1.20198,1.20203,1.20154,1.2017,1577,15,0
2012-04-16 22:00:00,1.20171,1.20191,1.20163,1.20182,1271,30,0
2012-04-17 00:00:00,1.20182,1.20192,1.20158,1.20189,1541,30,0
2012-04-17 02:00:00,1.20188,1.20194,1.20152,1.20177,1780,30,0
2012-04-17 04:00:00,1.20176,1.20201,1.20165,1.20176,1517,30,0
2012-04-17 06:00:00,1.20177,1.20208,1.2015,1.20182,3224,15,0
2012-04-17 08:00:00,1.20182,1.20207,1.20152,1.20173,4307,15,0
2012-04-17 10:00:00,1.20174,1.20187,1.20143,1.20157,4339,15,0
2012-04-17 12:00:00,1.20157,1.20164,1.2014,1.20155,3682,15,0
2012-04-17 14:00:00,1.20156,1.20186,1.20147,1.20183,4143,15,0
2012-04-17 16:00:00,1.20181,1.20185,1.2014,1.20151,4465,15,0
2012-04-17 18:00:00,1.20151,1.20167,1.20138,1.20158,3303,15,0
2012-04-17 20:00:00,1.20158,1.20161,1.20131,1.20132,1226,15,0
2012-04-17 22:00:00,1.20131,1.20139,1.20118,1.20125,1262,30,0
2012-04-18 00:00:00,1.20131,1.20143,1.20112,1.20134,1277,30,0
2012-04-18 02:00:00,1.20135,1.20165,1.20127,1.20143,1455,30,0
2012-04-18 04:00:00,1.20144,1.20155,1.20131,1.20151,1661,30,0
2012-04-18 06:00:00,1.20162,1.20165,1.20138,1.20162,2215,15,0
2012-04-18 08:00:00,1.20162,1.20217,1.20152,1.20205,4430,15,0
2012-04-18 10:00:00,1.20203,1.2023,1.2019,1.20207,5229,15,0
2012-04-18 12:00:00,1.20206,1.20329,1.20196,1.20278,4914,15,0
2012-04-18 14:00:00,1.20277,1.20316,1.20212,1.20212,5572,15,0
2012-04-18 16:00:00,1.2021,1.20226,1.20172,1.20223,4905,15,0
2012-04-18 18:00:00,1.20225,1.20226,1.20184,1.20196,2773,15,0
2012-04-18 20:00:00,1.20193,1.20194,1.20167,1.2017,1177,21,0
2012-04-18 22:00:00,1.20171,1.20194,1.20153,1.20169,1142,30,0
2012-04-19 00:00:00,1.20167,1.20192,1.20152,1.2019,1216,30,0
2012-04-19 02:00:00,1.20189,1.20227,1.20178,1.2021,1451,30,0
2012-04-19 04:00:00,1.20209,1.20231,1.202,1.20215,1167,30,0
2012-04-19 06:00:00,1.20214,1.2025,1.20197,1.20234,2410,15,0
2012-04-19 08:00:00,1.20233,1.20247,1.20176,1.20182,4300,15,0
2012-04-19 10:00:00,1.20181,1.20188,1.20151,1.20159,4553,15,0
2012-04-19 12:00:00,1.20162,1.2019,1.20152,1.20185,3973,15,0
2012-04-19 14:00:00,1.20186,1.20198,1.20168,1.20185,4628,15,0
2012-04-19 16:00:00,1.20185,1.20219,1.20157,1.20215,4873,15,0
2012-04-19 18:00:00,1.20215,1.20228,1.20191,1.20209,3718,15,0
2012-04-19 20:00:00,1.20207,1.20209,1.20194,1.202,1210,15,0
2012-04-19 22:00:00,1.20201,1.20215,1.20177,1.20193,1075,30,0
2012-04-20 00:00:00,1.20194,1.20213,1.20179,1.20206,1386,30,0
2012-04-20 02:00:00,1.20207,1.20216,1.2018,1.20192,1468,30,0
2012-04-20 04:00:00,1.20193,1.20203,1.2018,1.2019,1250,30,0
2012-04-20 06:00:00,1.202,1.202,1.2017,1.20187,2385,15,0
2012-04-20 08:00:00,1.20188,1.20198,1.20162,1.20181,3490,15,0
2012-04-20 10:00:00,1.20182,1.20198,1.20157,1.20166,4715,15,0
2012-04-20 12:00:00,1.20165,1.20177,1.20152,1.2016,3872,15,0
2012-04-20 14:00:00,1.20161,1.2018,1.2014,1.20159,4025,15,0
2012-04-20 16:00:00,1.20159,1.20171,1.2013,1.20154,4337,15,0
2012-04-20 18:00:00,1.20153,1.20163,1.2013,1.20148,2991,15,0
2012-04-20 20:00:00,1.20145,1.20148,1.20122,1.20126,1281,27,0
2012-04-20 22:00:00,1.20127,1.20156,1.20122,1.20139,707,30,0
2012-04-23 00:00:00,1.20148,1.20162,1.20124,1.20145,1557,30,0
2012-04-23 02:00:00,1.20143,1.20161,1.2013,1.20158,1421,30,0
2012-04-23 04:00:00,1.20159,1.20166,1.20151,1.20155,989,30,0
2012-04-23 06:00:00,1.20163,1.20171,1.20129,1.20156,2069,15,0
2012-04-23 08:00:00,1.20158,1.20193,1.20144,1.2017,4500,15,0
2012-04-23 10:00:00,1.20173,1.20175,1.20137,1.2015,3674,15,0
2012-04-23 12:00:00,1.20149,1.20184,1.20144,1.20166,3537,15,0
2012-04-23 14:00:00,1.20163,1.20191,1.20158,1.20185,4245,15,0
2012-04-23 16:00:00,1.20185,1.20209,1.20151,1.20162,4689,15,0
2012-04-23 18:00:00,1.20157,1.20202,1.20156,1.20184,2816,15,0
2012-04-23 20:00:00,1.20185,1.20193,1.20166,1.20178,1345,18,0
2012-04-23 22:00:00,1.20177,1.20197,1.20147,1.20165,1237,30,0
2012-04-24 00:00:00,1.20168,1.20178,1.20154,1.20166,1145,30,0
2012-04-24 02:00:00,1.20165,1.2017,1.20147,1.20149,1318,30,0
2012-04-24 04:00:00,1.2015,1.20158,1.20139,1.20148,1379,30,0
2012-04-24 06:00:00,1.20149,1.2018,1.2014,1.2017,2423,15,0
2012-04-24 08:00:00,1.20171,1.20211,1.20159,1.20185,3974,15,0
2012-04-24 10:00:00,1.20186,1.202,1.2017,1.20189,3582,15,0
2012-04-24 12:00:00,1.20191,1.20208,1.20181,1.20202,3704,15,0
2012-04-24 14:00:00,1.20202,1.20209,1.2015,1.20168,4437,15,0
2012-04-24 16:00:00,1.20167,1.20171,1.20141,1.20156,3998,15,0
2012-04-24 18:00:00,1.20156,1.20165,1.2014,1.20156,2519,15,0
2012-04-24 20:00:00,1.20155,1.20155,1.20135,1.20139,1034,20,0
2012-04-24 22:00:00,1.2014,1.20161,1.20109,1.20123,1288,30,0
2012-04-25 00:00:00,1.20124,1.20176,1.20124,1.20166,1264,30,0
2012-04-25 02:00:00,1.20164,1.20172,1.20142,1.20154,1123,30,0
2012-04-25 04:00:00,1.20153,1.20165,1.20149,1.20153,1151,30,0
2012-04-25 06:00:00,1.20153,1.20175,1.20148,1.20163,2053,15,0
2012-04-25 08:00:00,1.20162,1.20179,1.20139,1.20164,3568,15,0
2012-04-25 10:00:00,1.20165,1.20179,1.2014,1.20151,3953,15,0
2012-04-25 12:00:00,1.20151,1.20187,1.20149,1.20183,3796,15,0
2012-04-25 14:00:00,1.20185,1.20199,1.20159,1.20168,4035,15,0
2012-04-25 16:00:00,1.20167,1.20193,1.20159,1.20166,4549,15,0
2012-04-25 18:00:00,1.20165,1.20179,1.20147,1.20156,4067,15,0
2012-04-25 20:00:00,1.20156,1.20159,1.20137,1.20146,1793,15,0
2012-04-25 22:00:00,1.20145,1.20168,1.20117,1.20163,1070,30,0
2012-04-26 00:00:00,1.2016,1.20162,1.20129,1.2015,1121,30,0
2012-04-26 02:00:00,1.20151,1.20163,1.20146,1.20152,1284,30,0
2012-04-26 04:00:00,1.20153,1.20156,1.20146,1.20151,1233,30,0
2012-04-26 06:00:00,1.20159,1.20162,1.2014,1.20156,2234,15,0
2012-04-26 08:00:00,1.20157,1.20166,1.20128,1.2015,3768,15,0
2012-04-26 10:00:00,1.20144,1.20159,1.20131,1.20141,3600,15,0
2012-04-26 12:00:00,1.20141,1.2015,1.2013,1.20146,3326,15,0
2012-04-26 14:00:00,1.20145,1.20155,1.20123,1.20147,3727,15,0
2012-04-26 16:00:00,1.20146,1.20167,1.2013,1.20153,4194,15,0
2012-04-26 18:00:00,1.20155,1.20179,1.20144,1.20159,2816,15,0
2012-04-26 20:00:00,1.20153,1.20178,1.20151,1.20168,1101,21,0
2012-04-26 22:00:00,1.20169,1.20172,1.20123,1.20129,1952,30,0
2012-04-27 00:00:00,1.20119,1.20155,1.20117,1.2015,1601,30,0
2012-04-27 02:00:00,1.20151,1.20162,1.20133,1.20146,1322,30,0
2012-04-27 04:00:00,1.20147,1.20164,1.20141,1.20153,1229,30,0
2012-04-27 06:00:00,1.20152,1.20174,1.20127,1.20154,3613,15,0
2012-04-27 08:00:00,1.20156,1.20166,1.2013,1.20141,4657,15,0
2012-04-27 10:00:00,1.20139,1.2016,1.20124,1.2014,4632,15,0
2012-04-27 12:00:00,1.20141,1.20143,1.20098,1.20134,3793,15,0
2012-04-27 14:00:00,1.20134,1.20143,1.201,1.20115,4672,15,0
2012-04-27 16:00:00,1.20112,1.20119,1.20091,1.20106,4432,15,0
2012-04-27 18:00:00,1.20106,1.20123,1.20095,1.20114,2356,15,0
2012-04-27 20:00:00,1.20115,1.20121,1.20104,1.20106,1024,15,0
2012-04-27 22:00:00,1.20105,1.20134,1.2008,1.20107,838,30,0
2012-04-30 00:00:00,1.20117,1.20118,1.20091,1.20107,1389,30,0
2012-04-30 02:00:00,1.20106,1.20117,1.20097,1.20114,1267,30,0
2012-04-30 04:00:00,1.20114,1.20133,1.20112,1.20128,1143,30,0
2012-04-30 06:00:00,1.20133,1.20141,1.20115,1.20129,2361,15,0
2012-04-30 08:00:00,1.20127,1.20145,1.20116,1.20139,3890,15,0
2012-04-30 10:00:00,1.2014,1.2017,1.2011,1.20167,3821,15,0
2012-04-30 12:00:00,1.20165,1.20177,1.20136,1.20163,3947,15,0
2012-04-30 14:00:00,1.20164,1.20168,1.20121,1.2013,4052,15,0
2012-04-30 16:00:00,1.20129,1.2014,1.20102,1.2012,3986,15,0
2012-04-30 18:00:00,1.20119,1.20137,1.2011,1.20123,2290,15,0
2012-04-30 20:00:00,1.20124,1.20138,1.2011,1.20136,1065,15,0
2012-04-30 22:00:00,1.20135,1.20144,1.20107,1.20126,1134,30,0
2012-05-01 00:00:00,1.20126,1.20132,1.20108,1.20131,1199,30,0
2012-05-01 02:00:00,1.20128,1.20132,1.20106,1.20109,1110,30,0
2012-05-01 04:00:00,1.2011,1.20117,1.20099,1.20106,977,30,0
2012-05-01 06:00:00,1.20105,1.20132,1.20095,1.20128,2925,15,0
2012-05-01 08:00:00,1.20129,1.20146,1.2011,1.20121,2960,15,0
2012-05-01 10:00:00,1.20121,1.20132,1.20102,1.20127,2878,15,0
2012-05-01 12:00:00,1.20128,1.20135,1.20116,1.20131,2332,15,0
2012-05-01 14:00:00,1.20131,1.20136,1.20096,1.20115,2842,15,0
2012-05-01 16:00:00,1.2012,1.20173,1.20111,1.20166,4037,15,0
2012-05-01 18:00:00,1.20167,1.20182,1.20149,1.20167,2212,15,0
2012-05-01 20:00:00,1.20165,1.20172,1.20142,1.20159,1037,15,0
2012-05-01 22:00:00,1.2016,1.20162,1.20134,1.20152,1111,30,0
2012-05-02 00:00:00,1.20151,1.2016,1.20131,1.20149,1202,30,0
2012-05-02 02:00:00,1.20148,1.2016,1.20136,1.20146,1349,30,0
2012-05-02 04:00:00,1.20147,1.20152,1.20139,1.20151,930,30,0
2012-05-02 06:00:00,1.20157,1.20168,1.20141,1.20152,2482,15,0
2012-05-02 08:00:00,1.20149,1.20195,1.20137,1.20161,4520,15,0
2012-05-02 10:00:00,1.20162,1.20196,1.2014,1.20164,4812,15,0
2012-05-02 12:00:00,1.20165,1.20185,1.20147,1.20161,3666,15,0
2012-05-02 14:00:00,1.2016,1.20177,1.20148,1.20155,4022,15,0
2012-05-02 16:00:00,1.20156,1.20163,1.20142,1.20151,3468,15,0
2012-05-02 18:00:00,1.2015,1.20172,1.20135,1.20168,2836,15,0
2012-05-02 20:00:00,1.20169,1.20171,1.20142,1.20146,1167,17,0
2012-05-02 22:00:00,1.20147,1.20149,1.20119,1.20132,1115,30,0
2012-05-03 00:00:00,1.20135,1.20157,1.20123,1.20139,1280,30,0
2012-05-03 02:00:00,1.2014,1.20148,1.20127,1.20138,1376,30,0
2012-05-03 04:00:00,1.20137,1.20158,1.20131,1.20151,1228,30,0
2012-05-03 06:00:00,1.20151,1.20166,1.20135,1.20151,2144,15,0
2012-05-03 08:00:00,1.20151,1.20161,1.2012,1.2013,3170,15,0
2012-05-03 10:00:00,1.2013,1.20137,1.20119,1.20126,3171,15,0
2012-05-03 12:00:00,1.20124,1.20145,1.20119,1.20132,2848,15,0
2012-05-03 14:00:00,1.20127,1.20149,1.20122,1.20138,4191,15,0
2012-05-03 16:00:00,1.20135,1.20143,1.20112,1.20135,3562,15,0
2012-05-03 18:00:00,1.20137,1.20145,1.20122,1.20136,2870,15,0
2012-05-03 20:00:00,1.20136,1.20138,1.20121,1.20129,1135,15,0
2012-05-03 22:00:00,1.20128,1.20143,1.20121,1.20138,1121,30,0
2012-05-04 00:00:00,1.20139,1.20148,1.20126,1.20145,1202,30,0
2012-05-04 02:00:00,1.20147,1.2015,1.20124,1.20147,1304,30,0
2012-05-04 04:00:00,1.20149,1.20151,1.20141,1.20146,1178,30,0
2012-05-04 06:00:00,1.20145,1.20155,1.20137,1.20143,2422,15,0
2012-05-04 08:00:00,1.20142,1.20152,1.20123,1.20132,3678,15,0
2012-05-04 10:00:00,1.20131,1.2015,1.20118,1.20146,3463,15,0
2012-05-04 12:00:00,1.20145,1.20151,1.20121,1.20135,3242,15,0
2012-05-04 14:00:00,1.20137,1.20143,1.20112,1.20126,5386,15,0
2012-05-04 16:00:00,1.20126,1.20128,1.20105,1.20112,4921,15,0
2012-05-04 18:00:00,1.20115,1.20141,1.20107,1.20132,3355,15,0
2012-05-04 20:00:00,1.20131,1.20132,1.20103,1.20103,1214,15,0
2012-05-04 22:00:00,1.20102,1.20118,1.20091,1.20106,815,30,0
2012-05-07 00:00:00,1.201,1.20131,1.20087,1.20103,4305,30,0
2012-05-07 02:00:00,1.20102,1.20105,1.20089,1.20092,1699,30,0
2012-05-07 04:00:00,1.20091,1.20101,1.20086,1.2009,1439,30,0
2012-05-07 06:00:00,1.20091,1.2012,1.20084,1.2012,3354,15,0
2012-05-07 08:00:00,1.20117,1.20127,1.20095,1.20122,4899,15,0
2012-05-07 10:00:00,1.20124,1.2013,1.20099,1.20107,4253,15,0
2012-05-07 12:00:00,1.20106,1.20119,1.20094,1.20104,4322,15,0
2012-05-07 14:00:00,1.20103,1.20132,1.2009,1.20128,4784,15,0
2012-05-07 16:00:00,1.20129,1.20132,1.2011,1.20117,4568,15,0
2012-05-07 18:00:00,1.20119,1.2014,1.20114,1.20132,3201,15,0
2012-05-07 20:00:00,1.20132,1.20133,1.20116,1.20119,1158,17,0
2012-05-07 22:00:00,1.20118,1.20133,1.20115,1.20121,1364,30,0
2012-05-08 00:00:00,1.2012,1.20131,1.20112,1.20124,1788,30,0
2012-05-08 02:00:00,1.20125,1.20133,1.20114,1.2012,2147,30,0
2012-05-08 04:00:00,1.20119,1.20121,1.20106,1.2011,1614,30,0
2012-05-08 06:00:00,1.20109,1.20127,1.20103,1.20122,2872,15,0
2012-05-08 08:00:00,1.20121,1.2013,1.20103,1.20113,4301,15,0
2012-05-08 10:00:00,1.20114,1.20122,1.20103,1.2011,3966,15,0
2012-05-08 12:00:00,1.20111,1.20135,1.20094,1.20131,3985,15,0
2012-05-08 14:00:00,1.20133,1.20137,1.20095,1.20105,4610,15,0
2012-05-08 16:00:00,1.20104,1.20114,1.2009,1.20107,5248,15,0
2012-05-08 18:00:00,1.20104,1.20124,1.20091,1.2012,3578,15,0
2012-05-08 20:00:00,1.20119,1.20119,1.20096,1.20103,1732,15,0
2012-05-08 22:00:00,1.20102,1.20111,1.20092,1.20102,1562,30,0
2012-05-09 00:00:00,1.20101,1.20109,1.2009,1.20103,1511,30,0
2012-05-09 02:00:00,1.20104,1.20109,1.20086,1.20092,1846,30,0
2012-05-09 04:00:00,1.20093,1.20102,1.20084,1.20094,1554,30,0
2012-05-09 06:00:00,1.20093,1.20117,1.20088,1.20114,3299,15,0
2012-05-09 08:00:00,1.20114,1.20115,1.20091,1.20107,4104,15,0
2012-05-09 10:00:00,1.20108,1.20112,1.2009,1.20101,4200,15,0
2012-05-09 12:00:00,1.20099,1.20102,1.20084,1.20095,3643,15,0
2012-05-09 14:00:00,1.20096,1.20105,1.20086,1.20092,4194,15,0
2012-05-09 16:00:00,1.20093,1.20106,1.2008,1.20097,5000,15,0
2012-05-09 18:00:00,1.20097,1.20116,1.20091,1.20104,4072,15,0
2012-05-09 20:00:00,1.20103,1.20104,1.20085,1.20091,1606,15,0
2012-05-09 22:00:00,1.2009,1.20097,1.2007,1.20086,1560,30,0
2012-05-10 00:00:00,1.20087,1.20109,1.20079,1.20101,1792,30,0
2012-05-10 02:00:00,1.20102,1.20109,1.20093,1.20101,2037,30,0
2012-05-10 04:00:00,1.20102,1.20112,1.20097,1.20099,1907,30,0
2012-05-10 06:00:00,1.201,1.20113,1.20092,1.20101,3296,15,0
2012-05-10 08:00:00,1.201,1.20125,1.20092,1.20104,4018,15,0
2012-05-10 10:00:00,1.20103,1.20118,1.2009,1.20109,3880,15,0
2012-05-10 12:00:00,1.20107,1.2012,1.20092,1.20115,3899,15,0
2012-05-10 14:00:00,1.20118,1.20131,1.201,1.20122,4313,15,0
2012-05-10 16:00:00,1.20123,1.20142,1.20107,1.20126,4971,15,0
2012-05-10 18:00:00,1.20125,1.20136,1.20101,1.20113,3262,15,0
2012-05-10 20:00:00,1.20113,1.20114,1.20097,1.201,1367,15,0
2012-05-10 22:00:00,1.20099,1.20109,1.20091,1.20101,1572,30,0
2012-05-11 00:00:00,1.201,1.2011,1.2009,1.20107,1778,30,0
2012-05-11 02:00:00,1.20106,1.20113,1.2009,1.20096,2116,30,0
2012-05-11 04:00:00,1.20097,1.20105,1.20092,1.20102,1681,30,0
2012-05-11 06:00:00,1.20108,1.20121,1.20099,1.20106,3365,15,0
2012-05-11 08:00:00,1.20107,1.20124,1.20097,1.20106,4034,15,0
2012-05-11 10:00:00,1.20105,1.20123,1.20104,1.20116,3639,15,0
2012-05-11 12:00:00,1.20115,1.2013,1.20096,1.20106,3310,15,0
2012-05-11 14:00:00,1.20107,1.20125,1.20097,1.20119,4180,15,0
2012-05-11 16:00:00,1.20119,1.20132,1.2009,1.201,4365,15,0
2012-05-11 18:00:00,1.201,1.20122,1.20093,1.20113,3388,15,0
2012-05-11 20:00:00,1.20112,1.20116,1.20097,1.201,1535,15,0
2012-05-11 22:00:00,1.20099,1.20109,1.2008,1.20101,892,30,0
2012-05-14 00:00:00,1.20088,1.20129,1.20064,1.20117,2157,30,0
2012-05-14 02:00:00,1.20118,1.2012,1.20098,1.201,2031,30,0
2012-05-14 04:00:00,1.20101,1.20108,1.20096,1.20099,1642,30,0
2012-05-14 06:00:00,1.20101,1.20123,1.20094,1.20119,2559,15,0
2012-05-14 08:00:00,1.20118,1.20134,1.20092,1.20106,3867,15,0
2012-05-14 10:00:00,1.20108,1.2011,1.2008,1.20087,3537,15,0
2012-05-14 12:00:00,1.20091,1.20096,1.20076,1.20083,2615,15,0
2012-05-14 14:00:00,1.20086,1.20111,1.20076,1.20101,3152,15,0
2012-05-14 16:00:00,1.20102,1.20109,1.20089,1.20093,3624,15,0
2012-05-14 18:00:00,1.20094,1.20112,1.20088,1.20098,2823,15,0
2012-05-14 20:00:00,1.20097,1.20109,1.20089,1.20094,1476,19,0
2012-05-14 22:00:00,1.20093,1.20109,1.20082,1.201,1728,30,0
2012-05-15 00:00:00,1.20102,1.2012,1.20088,1.20111,1918,30,0
2012-05-15 02:00:00,1.2011,1.20117,1.20087,1.20088,1883,30,0
2012-05-15 04:00:00,1.20089,1.20095,1.2008,1.20089,1794,30,0
2012-05-15 06:00:00,1.2009,1.2012,1.20083,1.20113,2754,15,0
2012-05-15 08:00:00,1.20114,1.20128,1.20099,1.20117,3639,15,0
2012-05-15 10:00:00,1.2012,1.2012,1.20088,1.20096,3021,15,0
2012-05-15 12:00:00,1.20097,1.201,1.2008,1.20093,2660,15,0
2012-05-15 14:00:00,1.20096,1.20119,1.20078,1.20091,4057,15,0
2012-05-15 16:00:00,1.20091,1.201,1.20038,1.20085,4058,15,0
2012-05-15 18:00:00,1.20086,1.20103,1.20081,1.20098,3185,15,0
2012-05-15 20:00:00,1.20097,1.201,1.20083,1.20088,1854,18,0
2012-05-15 22:00:00,1.20087,1.201,1.20079,1.20098,1467,30,0
2012-05-16 00:00:00,1.20099,1.20107,1.20085,1.20101,1819,30,0
2012-05-16 02:00:00,1.20102,1.20104,1.20087,1.20091,1636,30,0
2012-05-16 04:00:00,1.2009,1.20097,1.20085,1.20086,1150,30,0
2012-05-16 06:00:00,1.20087,1.20108,1.20084,1.201,3000,15,0
2012-05-16 08:00:00,1.20103,1.20108,1.20071,1.20103,3817,15,0
2012-05-16 10:00:00,1.201,1.20106,1.20086,1.20097,2960,15,0
2012-05-16 12:00:00,1.20096,1.20108,1.20088,1.20106,2720,15,0
2012-05-16 14:00:00,1.20103,1.20111,1.20089,1.20097,3733,15,0
2012-05-16 16:00:00,1.20099,1.20106,1.20085,1.20099,4110,15,0
2012-05-16 18:00:00,1.20106,1.20114,1.20085,1.20097,3352,15,0
2012-05-16 20:00:00,1.20097,1.20098,1.20087,1.20089,1990,18,0
2012-05-16 22:00:00,1.20088,1.201,1.20081,1.2009,1554,30,0
2012-05-17 00:00:00,1.20091,1.20102,1.20083,1.20095,1785,30,0
2012-05-17 02:00:00,1.20096,1.20109,1.20084,1.20092,1632,30,0
2012-05-17 04:00:00,1.20091,1.20095,1.20085,1.20087,1484,30,0
2012-05-17 06:00:00,1.20086,1.20111,1.20086,1.20103,2584,15,0
2012-05-17 08:00:00,1.20104,1.20112,1.2009,1.20094,3367,15,0
2012-05-17 10:00:00,1.20096,1.20105,1.20087,1.20097,3272,15,0
2012-05-17 12:00:00,1.20099,1.20104,1.20087,1.20092,3396,15,0
2012-05-17 14:00:00,1.20093,1.20123,1.20079,1.20114,3915,15,0
2012-05-17 16:00:00,1.20115,1.20115,1.20086,1.20096,4313,15,0
2012-05-17 18:00:00,1.20092,1.20103,1.20085,1.20095,3758,15,0
2012-05-17 20:00:00,1.20092,1.20097,1.20082,1.20086,1451,15,0
2012-05-17 22:00:00,1.20085,1.20099,1.20072,1.20094,1507,30,0
2012-05-18 00:00:00,1.20093,1.20101,1.20082,1.20097,1806,30,0
2012-05-18 02:00:00,1.20098,1.20101,1.20084,1.2009,1647,30,0
2012-05-18 04:00:00,1.20091,1.20099,1.20086,1.20093,1271,30,0
2012-05-18 06:00:00,1.20094,1.20115,1.20085,1.20109,3509,15,0
2012-05-18 08:00:00,1.2011,1.20113,1.2009,1.20098,3602,15,0
2012-05-18 10:00:00,1.20098,1.20107,1.20088,1.20097,2566,15,0
2012-05-18 12:00:00,1.20098,1.20109,1.20087,1.20103,2348,15,0
2012-05-18 14:00:00,1.20102,1.2011,1.20086,1.20095,2355,15,0
2012-05-18 16:00:00,1.20096,1.20107,1.20086,1.20101,3291,15,0
2012-05-18 18:00:00,1.201,1.20103,1.20087,1.20096,3404,15,0
2012-05-18 20:00:00,1.20095,1.20097,1.20083,1.20088,2080,15,0
2012-05-18 22:00:00,1.20087,1.201,1.2007,1.20098,1133,30,0
2012-05-21 00:00:00,1.20101,1.20115,1.20051,1.20101,1689,30,0
2012-05-21 02:00:00,1.20102,1.20107,1.20092,1.20102,1869,30,0
2012-05-21 04:00:00,1.20103,1.20111,1.20098,1.201,1268,30,0
2012-05-21 06:00:00,1.2011,1.2012,1.20086,1.20108,2875,15,0
2012-05-21 08:00:00,1.20107,1.20127,1.20101,1.20111,4105,15,0
2012-05-21 10:00:00,1.20112,1.20122,1.20098,1.20106,3219,15,0
2012-05-21 12:00:00,1.20107,1.2011,1.2009,1.20097,2814,15,0
2012-05-21 14:00:00,1.20104,1.20108,1.2009,1.20099,3310,15,0
2012-05-21 16:00:00,1.20098,1.20106,1.20086,1.20093,3267,15,0
2012-05-21 18:00:00,1.20097,1.2012,1.20094,1.20109,2808,15,0
2012-05-21 20:00:00,1.20112,1.20126,1.201,1.20121,1588,21,0
2012-05-21 22:00:00,1.2012,1.20123,1.20102,1.20112,1533,30,0
2012-05-22 00:00:00,1.20114,1.20114,1.2009,1.20103,1472,30,0
2012-05-22 02:00:00,1.20102,1.20105,1.20091,1.20091,1336,30,0
2012-05-22 04:00:00,1.2009,1.201,1.20084,1.20087,1211,30,0
2012-05-22 06:00:00,1.20089,1.20117,1.20081,1.20111,2678,15,0
2012-05-22 08:00:00,1.2011,1.20115,1.20085,1.20111,2949,15,0
2012-05-22 10:00:00,1.20114,1.20114,1.20087,1.20095,2801,15,0
2012-05-22 12:00:00,1.20101,1.20111,1.2009,1.20104,2599,15,0
2012-05-22 14:00:00,1.20103,1.20105,1.20084,1.20092,2697,15,0
2012-05-22 16:00:00,1.20091,1.20103,1.20079,1.201,3007,15,0
2012-05-22 18:00:00,1.20099,1.20106,1.20085,1.20093,3188,15,0
2012-05-22 20:00:00,1.20096,1.20097,1.20086,1.2009,1447,20,0
2012-05-22 22:00:00,1.20089,1.20116,1.20089,1.2011,1274,12,0
2012-05-23 00:00:00,1.20108,1.20114,1.20081,1.20095,1501,30,0
2012-05-23 02:00:00,1.20096,1.20098,1.2008,1.20084,1437,30,0
2012-05-23 04:00:00,1.20083,1.20087,1.20076,1.20079,1809,30,0
2012-05-23 06:00:00,1.2008,1.20091,1.20076,1.20085,2527,15,0
2012-05-23 08:00:00,1.20086,1.20097,1.20077,1.20094,2773,15,0
2012-05-23 10:00:00,1.20095,1.20102,1.20083,1.20096,3298,15,0
2012-05-23 12:00:00,1.20095,1.20114,1.2008,1.20103,3230,15,0
2012-05-23 14:00:00,1.20102,1.20109,1.20087,1.20094,3450,15,0
2012-05-23 16:00:00,1.20095,1.201,1.2008,1.20092,4076,15,0
2012-05-23 18:00:00,1.20091,1.201,1.20083,1.20093,3440,15,0
2012-05-23 20:00:00,1.20094,1.20094,1.20084,1.2009,1387,15,0
2012-05-23 22:00:00,1.20089,1.20093,1.20079,1.20084,1165,30,0
2012-05-24 00:00:00,1.20084,1.20095,1.20072,1.20087,1515,30,0
2012-05-24 02:00:00,1.20086,1.20091,1.20083,1.20089,1441,30,0
2012-05-24 04:00:00,1.20088,1.20092,1.20082,1.20086,1192,30,0
2012-05-24 06:00:00,1.20095,1.20098,1.20084,1.20094,2601,15,0
2012-05-24 08:00:00,1.20095,1.20098,1.20083,1.20091,3304,15,0
2012-05-24 10:00:00,1.20084,1.20099,1.20083,1.20092,3814,15,0
2012-05-24 12:00:00,1.20088,1.20097,1.20085,1.20094,3172,15,0
2012-05-24 14:00:00,1.20093,1.20749,1.20078,1.20308,7585,15,0
2012-05-24 16:00:00,1.20311,1.2039,1.20201,1.20259,6106,15,0
2012-05-24 18:00:00,1.20261,1.20273,1.2014,1.20147,5501,15,0
2012-05-24 20:00:00,1.20148,1.20152,1.20102,1.20104,2487,18,0
2012-05-24 22:00:00,1.20105,1.20145,1.20104,1.20116,1716,30,0
2012-05-25 00:00:00,1.20115,1.2017,1.20107,1.20162,1461,30,0
2012-05-25 02:00:00,1.20161,1.20355,1.2016,1.20341,2035,30,0
2012-05-25 04:00:00,1.20342,1.20357,1.20196,1.20217,2313,30,0
2012-05-25 06:00:00,1.20218,1.2027,1.20182,1.20261,3175,15,0
2012-05-25 08:00:00,1.20263,1.20283,1.20149,1.20241,4968,15,0
2012-05-25 10:00:00,1.20242,1.20267,1.20144,1.20154,4319,8,0
2012-05-25 12:00:00,1.20155,1.20166,1.2013,1.20136,3695,15,0
2012-05-25 14:00:00,1.20137,1.20144,1.20099,1.20111,4867,15,0
2012-05-25 16:00:00,1.20112,1.20116,1.20054,1.20069,4430,15,0
2012-05-25 18:00:00,1.20068,1.20108,1.20047,1.201,2784,15,0
2012-05-25 20:00:00,1.20101,1.20102,1.20088,1.2009,1183,17,0
2012-05-25 22:00:00,1.20091,1.20105,1.20077,1.20082,833,30,0
2012-05-28 00:00:00,1.202,1.2031,1.20177,1.2018,2358,30,0
2012-05-28 02:00:00,1.20181,1.20236,1.20152,1.20182,3314,30,0
2012-05-28 04:00:00,1.20183,1.20191,1.20128,1.2016,1374,30,0
2012-05-28 06:00:00,1.20164,1.20271,1.2015,1.20196,3114,15,0
2012-05-28 08:00:00,1.20198,1.20312,1.20187,1.20281,4204,15,0
2012-05-28 10:00:00,1.20282,1.20282,1.20166,1.2019,3948,15,0
2012-05-28 12:00:00,1.20193,1.20223,1.20186,1.20209,3237,15,0
2012-05-28 14:00:00,1.20212,1.20216,1.20168,1.20177,3357,15,0
2012-05-28 16:00:00,1.20176,1.20219,1.2016,1.2018,3440,15,0
2012-05-28 18:00:00,1.20178,1.20196,1.20164,1.20177,2484,15,0
2012-05-28 20:00:00,1.20177,1.20183,1.20158,1.20178,1367,17,0
2012-05-28 22:00:00,1.20177,1.20197,1.20165,1.20178,1433,18,0
2012-05-29 00:00:00,1.20177,1.20203,1.20148,1.20188,2229,30,0
2012-05-29 02:00:00,1.20188,1.20203,1.20165,1.20187,1871,30,0
2012-05-29 04:00:00,1.20188,1.20198,1.20162,1.20175,1405,30,0
2012-05-29 06:00:00,1.20178,1.20205,1.2017,1.2019,2865,15,0
2012-05-29 08:00:00,1.2019,1.20225,1.2014,1.20225,3870,15,0
2012-05-29 10:00:00,1.20228,1.20236,1.20132,1.20139,4285,15,0
2012-05-29 12:00:00,1.2014,1.20158,1.20113,1.20146,3777,15,0
2012-05-29 14:00:00,1.2014,1.2016,1.20126,1.20137,4330,15,0
2012-05-29 16:00:00,1.20136,1.20147,1.2009,1.20095,4736,15,0
2012-05-29 18:00:00,1.20096,1.20112,1.20087,1.20105,3528,15,0
2012-05-29 20:00:00,1.20101,1.20108,1.2009,1.20107,1274,21,0
2012-05-29 22:00:00,1.20108,1.20108,1.20071,1.20093,1585,30,0
2012-05-30 00:00:00,1.20094,1.20119,1.20076,1.20106,1352,30,0
2012-05-30 02:00:00,1.20104,1.2011,1.20084,1.20088,1472,30,0
2012-05-30 04:00:00,1.20089,1.20099,1.20085,1.20094,1250,30,0
2012-05-30 06:00:00,1.20093,1.20123,1.20087,1.201,2633,15,0
2012-05-30 08:00:00,1.20108,1.20127,1.20091,1.20098,4175,15,0
2012-05-30 10:00:00,1.20099,1.20125,1.20086,1.20091,4113,15,0
2012-05-30 12:00:00,1.2009,1.20114,1.20084,1.20099,4256,15,0
2012-05-30 14:00:00,1.20098,1.20102,1.20078,1.20091,4036,15,0
2012-05-30 16:00:00,1.20091,1.20107,1.20081,1.20105,4322,15,0
2012-05-30 18:00:00,1.20101,1.20107,1.20083,1.20089,3456,15,0
2012-05-30 20:00:00,1.20088,1.20093,1.20071,1.20076,1669,25,0
2012-05-30 22:00:00,1.20075,1.20101,1.20061,1.20087,1327,30,0
2012-05-31 00:00:00,1.20092,1.20112,1.20087,1.20106,1340,30,0
2012-05-31 02:00:00,1.20108,1.20112,1.20087,1.20096,1539,30,0
2012-05-31 04:00:00,1.20094,1.20099,1.20087,1.20097,1272,30,0
2012-05-31 06:00:00,1.20103,1.20118,1.2009,1.20096,3156,15,0
2012-05-31 08:00:00,1.20097,1.20117,1.20086,1.201,3428,15,0
2012-05-31 10:00:00,1.20099,1.20195,1.20092,1.20144,4212,15,0
2012-05-31 12:00:00,1.20144,1.20159,1.20095,1.20103,3641,15,0
2012-05-31 14:00:00,1.20102,1.20105,1.20084,1.20086,3755,15,0
2012-05-31 16:00:00,1.20087,1.20169,1.20075,1.20084,4573,15,0
2012-05-31 18:00:00,1.20094,1.20113,1.2008,1.20086,3338,15,0
2012-05-31 20:00:00,1.20088,1.20097,1.2008,1.20093,1330,22,0
2012-05-31 22:00:00,1.20091,1.20105,1.20084,1.20095,1124,30,0
2012-06-01 00:00:00,1.20094,1.20103,1.20075,1.20096,1369,30,0
2012-06-01 02:00:00,1.20095,1.20097,1.20084,1.20089,1386,30,0
2012-06-01 04:00:00,1.20088,1.20092,1.20077,1.20088,1089,30,0
2012-06-01 06:00:00,1.20097,1.20106,1.20085,1.20096,2458,15,0
2012-06-01 08:00:00,1.20097,1.20116,1.20086,1.20098,3191,15,0
2012-06-01 10:00:00,1.201,1.20101,1.20071,1.20077,3680,15,0
2012-06-01 12:00:00,1.20076,1.20089,1.20067,1.20078,3163,15,0
2012-06-01 14:00:00,1.20077,1.20101,1.20063,1.20083,5449,15,0
2012-06-01 16:00:00,1.20081,1.20106,1.20063,1.20103,4568,15,0
2012-06-01 18:00:00,1.20101,1.20108,1.20082,1.20104,3458,15,0
2012-06-01 20:00:00,1.20103,1.20117,1.20077,1.20088,1866,15,0
2012-06-01 22:00:00,1.20089,1.20128,1.20082,1.20112,1202,30,0
2012-06-04 00:00:00,1.2011,1.2012,1.20085,1.20103,2301,30,0
2012-06-04 02:00:00,1.20106,1.20109,1.20085,1.20089,1624,30,0
2012-06-04 04:00:00,1.20088,1.20093,1.20082,1.20089,1344,30,0
2012-06-04 06:00:00,1.20088,1.20101,1.20083,1.20089,3073,15,0
2012-06-04 08:00:00,1.20089,1.2011,1.20073,1.2008,3344,15,0
2012-06-04 10:00:00,1.20081,1.20084,1.20063,1.20076,3228,15,0
2012-06-04 12:00:00,1.20075,1.20099,1.20067,1.20087,3089,15,0
2012-06-04 14:00:00,1.20087,1.20092,1.2006,1.20062,3888,15,0
2012-06-04 16:00:00,1.20064,1.20084,1.20054,1.20071,4108,15,0
2012-06-04 18:00:00,1.20071,1.20104,1.20056,1.20096,2893,15,0
2012-06-04 20:00:00,1.20097,1.20098,1.20085,1.20091,1240,15,0
2012-06-04 22:00:00,1.2009,1.20094,1.20074,1.20086,1140,30,0
2012-06-05 00:00:00,1.20085,1.20109,1.20077,1.20106,1581,30,0
2012-06-05 02:00:00,1.20105,1.20121,1.20098,1.20106,1794,30,0
2012-06-05 04:00:00,1.20107,1.20114,1.20101,1.20106,1137,30,0
2012-06-05 06:00:00,1.20111,1.20134,1.20098,1.20113,3006,15,0
2012-06-05 08:00:00,1.20114,1.20117,1.20095,1.20101,3102,15,0
2012-06-05 10:00:00,1.20102,1.20106,1.20085,1.20094,3349,15,0
2012-06-05 12:00:00,1.2009,1.201,1.2008,1.20096,3007,15,0
2012-06-05 14:00:00,1.20095,1.20103,1.20081,1.20088,3472,15,0
2012-06-05 16:00:00,1.20088,1.20106,1.20076,1.20086,3513,15,0
2012-06-05 18:00:00,1.20087,1.20101,1.20073,1.20095,2822,15,0
2012-06-05 20:00:00,1.20097,1.20097,1.20083,1.20085,1097,17,0
2012-06-05 22:00:00,1.20086,1.20098,1.20081,1.20089,1253,30,0
2012-06-06 00:00:00,1.20094,1.20096,1.20077,1.20091,1427,30,0
2012-06-06 02:00:00,1.20092,1.20098,1.20073,1.20089,1626,30,0
2012-06-06 04:00:00,1.2009,1.20107,1.20089,1.20104,1450,30,0
2012-06-06 06:00:00,1.20103,1.2012,1.20082,1.20096,2869,15,0
2012-06-06 08:00:00,1.20094,1.20103,1.20085,1.20095,3025,15,0
2012-06-06 10:00:00,1.20094,1.20099,1.20074,1.2008,3085,15,0
2012-06-06 12:00:00,1.20079,1.20084,1.20064,1.20079,2945,15,0
2012-06-06 14:00:00,1.2008,1.20082,1.20064,1.20074,3692,15,0
2012-06-06 16:00:00,1.20066,1.20078,1.20055,1.20064,3411,15,0
2012-06-06 18:00:00,1.20063,1.20079,1.20053,1.20068,2976,15,0
2012-06-06 20:00:00,1.20067,1.20067,1.20054,1.20061,1305,15,0
2012-06-06 22:00:00,1.2006,1.20091,1.20048,1.20088,1169,30,0
2012-06-07 00:00:00,1.20086,1.20096,1.20077,1.20094,1265,30,0
2012-06-07 02:00:00,1.20093,1.20101,1.20083,1.20092,1520,30,0
2012-06-07 04:00:00,1.20093,1.20098,1.20084,1.20087,1212,30,0
2012-06-07 06:00:00,1.20085,1.20116,1.20083,1.20111,2181,15,0
2012-06-07 08:00:00,1.20112,1.20118,1.20096,1.20112,3236,15,0
2012-06-07 10:00:00,1.20112,1.20119,1.20094,1.20117,3419,15,0
2012-06-07 12:00:00,1.20112,1.20126,1.20094,1.20098,3652,15,0
2012-06-07 14:00:00,1.20101,1.20159,1.2009,1.20131,3921,15,0
2012-06-07 16:00:00,1.20132,1.20136,1.20089,1.20111,4504,15,0
2012-06-07 18:00:00,1.20112,1.20147,1.20096,1.2012,3738,15,0
2012-06-07 20:00:00,1.20119,1.20129,1.20087,1.20088,1433,18,0
2012-06-07 22:00:00,1.20087,1.20095,1.20074,1.20089,1464,30,0
2012-06-08 00:00:00,1.20088,1.20097,1.20079,1.20091,1662,30,0
2012-06-08 02:00:00,1.2009,1.20097,1.20077,1.20087,1285,30,0
2012-06-08 04:00:00,1.20088,1.20102,1.20084,1.20085,1484,30,0
2012-06-08 06:00:00,1.20095,1.20122,1.20079,1.201,3019,15,0
2012-06-08 08:00:00,1.20113,1.2012,1.20091,1.20102,3343,15,0
2012-06-08 10:00:00,1.20095,1.20111,1.20091,1.20098,3522,15,0
2012-06-08 12:00:00,1.20094,1.20121,1.20087,1.20114,2970,15,0
2012-06-08 14:00:00,1.20107,1.20121,1.20082,1.20091,3490,15,0
2012-06-08 16:00:00,1.2009,1.20101,1.20066,1.20077,3493,15,0
2012-06-08 18:00:00,1.20076,1.201,1.20071,1.20093,2612,15,0
2012-06-08 20:00:00,1.2009,1.20096,1.20076,1.2008,1058,17,0
2012-06-08 22:00:00,1.20081,1.20101,1.20075,1.201,819,30,0
2012-06-11 00:00:00,1.20066,1.20164,1.20064,1.20096,4052,30,0
2012-06-11 02:00:00,1.20097,1.20156,1.20093,1.2014,1877,30,0
2012-06-11 04:00:00,1.20141,1.20161,1.20115,1.20149,1433,30,0
2012-06-11 06:00:00,1.20148,1.20169,1.20127,1.20131,2352,15,0
2012-06-11 08:00:00,1.20132,1.20167,1.20093,1.20114,4090,15,0
2012-06-11 10:00:00,1.20113,1.20129,1.20089,1.20095,3516,15,0
2012-06-11 12:00:00,1.20094,1.20102,1.20087,1.20097,2963,15,0
2012-06-11 14:00:00,1.20096,1.20116,1.20088,1.20099,3438,15,0
2012-06-11 16:00:00,1.20094,1.20116,1.20083,1.20091,3931,15,0
2012-06-11 18:00:00,1.2009,1.20104,1.20083,1.20101,2750,15,0
2012-06-11 20:00:00,1.20102,1.20104,1.20085,1.20087,1242,15,0
2012-06-11 22:00:00,1.20086,1.20094,1.20079,1.20091,1287,30,0
2012-06-12 00:00:00,1.2009,1.20099,1.20079,1.2009,1224,30,0
2012-06-12 02:00:00,1.20092,1.20099,1.20086,1.20093,1542,30,0
2012-06-12 04:00:00,1.20092,1.20097,1.20087,1.2009,1255,30,0
2012-06-12 06:00:00,1.20091,1.20106,1.20083,1.20099,2524,15,0
2012-06-12 08:00:00,1.20098,1.20112,1.20086,1.20093,3121,15,0
2012-06-12 10:00:00,1.20092,1.20101,1.20077,1.20084,3411,15,0
2012-06-12 12:00:00,1.20085,1.20104,1.20075,1.20097,2602,15,0
2012-06-12 14:00:00,1.20098,1.20113,1.20078,1.20086,3430,15,0
2012-06-12 16:00:00,1.20087,1.20088,1.2006,1.20081,3796,15,0
2012-06-12 18:00:00,1.20078,1.20104,1.2007,1.20088,2889,15,0
2012-06-12 20:00:00,1.2009,1.20095,1.20083,1.20087,1090,15,0
2012-06-12 22:00:00,1.2009,1.20114,1.20084,1.20099,1431,30,0
2012-06-13 00:00:00,1.20101,1.20109,1.20083,1.201,1329,30,0
2012-06-13 02:00:00,1.20101,1.20107,1.20084,1.20088,1551,30,0
2012-06-13 04:00:00,1.20089,1.20096,1.20079,1.20092,1395,30,0
2012-06-13 06:00:00,1.20093,1.2011,1.2008,1.20109,2221,15,0
2012-06-13 08:00:00,1.20107,1.20115,1.2009,1.20105,3452,15,0
2012-06-13 10:00:00,1.20104,1.20117,1.20093,1.20101,3221,15,0
2012-06-13 12:00:00,1.20102,1.20107,1.20078,1.20088,2781,15,0
2012-06-13 14:00:00,1.20089,1.20094,1.20076,1.20085,3228,15,0
2012-06-13 16:00:00,1.20084,1.20088,1.20063,1.20073,3375,15,0
2012-06-13 18:00:00,1.20074,1.20093,1.20066,1.20084,3175,15,0
2012-06-13 20:00:00,1.20083,1.20093,1.20072,1.20086,1494,15,0
2012-06-13 22:00:00,1.20087,1.20094,1.2008,1.2009,1194,30,0
2012-06-14 00:00:00,1.20089,1.20108,1.20077,1.20101,1332,30,0
2012-06-14 02:00:00,1.201,1.20127,1.20094,1.20111,1143,30,0
2012-06-14 04:00:00,1.20108,1.20142,1.20105,1.20124,1187,30,0
2012-06-14 06:00:00,1.20125,1.20148,1.20117,1.20134,2461,15,0
2012-06-14 08:00:00,1.20134,1.20204,1.20089,1.20092,4139,15,0
2012-06-14 10:00:00,1.20096,1.20101,1.20069,1.2008,3454,15,0
2012-06-14 12:00:00,1.2008,1.20082,1.20066,1.2007,3143,15,0
2012-06-14 14:00:00,1.20074,1.20118,1.20066,1.20081,3880,15,0
2012-06-14 16:00:00,1.2008,1.20098,1.20073,1.20093,3813,15,0
2012-06-14 18:00:00,1.20093,1.20107,1.20086,1.20105,3013,15,0
2012-06-14 20:00:00,1.20104,1.2011,1.20092,1.20098,1623,15,0
2012-06-14 22:00:00,1.20099,1.20116,1.2008,1.20086,1494,30,0
2012-06-15 00:00:00,1.20088,1.20098,1.20076,1.2009,1263,30,0
2012-06-15 02:00:00,1.20089,1.20095,1.20083,1.2009,927,30,0
2012-06-15 04:00:00,1.20091,1.20095,1.20085,1.20087,1056,30,0
2012-06-15 06:00:00,1.20088,1.20106,1.20085,1.20096,2240,15,0
2012-06-15 08:00:00,1.20097,1.20104,1.20085,1.20093,3253,15,0
2012-06-15 10:00:00,1.20092,1.20101,1.20082,1.20093,2973,15,0
2012-06-15 12:00:00,1.20094,1.20105,1.20083,1.20093,2433,15,0
2012-06-15 14:00:00,1.20095,1.20103,1.20084,1.20095,3020,15,0
2012-06-15 16:00:00,1.20096,1.20097,1.2008,1.20095,2900,15,0
2012-06-15 18:00:00,1.20094,1.20098,1.20079,1.20093,2765,15,0
2012-06-15 20:00:00,1.20094,1.20101,1.20083,1.20093,1155,15,0
2012-06-15 22:00:00,1.20094,1.20116,1.20054,1.20087,1179,30,0
2012-06-18 00:00:00,1.20085,1.20153,1.20078,1.20113,1912,30,0
2012-06-18 02:00:00,1.20115,1.20143,1.20105,1.20128,1728,30,0
2012-06-18 04:00:00,1.2013,1.2013,1.20115,1.20119,1171,30,0
2012-06-18 06:00:00,1.2012,1.20141,1.20098,1.20116,2910,15,0
2012-06-18 08:00:00,1.20115,1.20125,1.20088,1.2009,3487,15,0
2012-06-18 10:00:00,1.20089,1.2011,1.20082,1.20091,3385,15,0
2012-06-18 12:00:00,1.20097,1.20103,1.2008,1.20095,2291,15,0
2012-06-18 14:00:00,1.20092,1.20097,1.2008,1.20088,2383,15,0
2012-06-18 16:00:00,1.20084,1.20093,1.20075,1.20086,2555,15,0
2012-06-18 18:00:00,1.20087,1.201,1.20077,1.20094,2867,15,0
2012-06-18 20:00:00,1.20093,1.20094,1.20076,1.20087,1225,15,0
2012-06-18 22:00:00,1.20086,1.20094,1.20075,1.20082,1174,30,0
2012-06-19 00:00:00,1.20084,1.20098,1.20076,1.2009,1431,30,0
2012-06-19 02:00:00,1.20091,1.20095,1.20086,1.20092,1287,30,0
2012-06-19 04:00:00,1.2009,1.20096,1.20084,1.2009,1131,30,0
2012-06-19 06:00:00,1.20091,1.20102,1.20087,1.20095,1878,15,0
2012-06-19 08:00:00,1.201,1.20102,1.20085,1.20088,2724,15,0
2012-06-19 10:00:00,1.20088,1.201,1.20082,1.20099,3375,15,0
2012-06-19 12:00:00,1.20092,1.20099,1.20075,1.20087,2935,15,0
2012-06-19 14:00:00,1.20088,1.20095,1.20076,1.20088,3084,15,0
2012-06-19 16:00:00,1.20089,1.20094,1.20072,1.20075,3516,15,0
2012-06-19 18:00:00,1.20076,1.20091,1.20068,1.20089,3175,15,0
2012-06-19 20:00:00,1.2009,1.2009,1.20067,1.2008,1345,15,0
2012-06-19 22:00:00,1.20079,1.20089,1.20067,1.20082,1028,30,0
2012-06-20 00:00:00,1.20081,1.20095,1.20074,1.20087,1183,30,0
2012-06-20 02:00:00,1.20088,1.20091,1.20083,1.20085,990,30,0
2012-06-20 04:00:00,1.20084,1.2009,1.2008,1.20085,718,30,0
2012-06-20 06:00:00,1.20082,1.20099,1.20082,1.20095,1567,15,0
2012-06-20 08:00:00,1.20096,1.20098,1.20077,1.2008,2424,15,0
2012-06-20 10:00:00,1.20081,1.20093,1.2007,1.20083,2946,20,0
2012-06-20 12:00:00,1.20077,1.20086,1.20069,1.20079,2764,20,0
2012-06-20 14:00:00,1.2008,1.20095,1.20067,1.20077,2983,20,0
2012-06-20 16:00:00,1.20079,1.20087,1.20064,1.20072,3503,20,0
2012-06-20 18:00:00,1.20072,1.20101,1.20064,1.20091,5013,20,0
2012-06-20 20:00:00,1.20093,1.20098,1.20081,1.20096,1792,27,0
2012-06-20 22:00:00,1.20097,1.20103,1.20087,1.20091,1104,35,0
2012-06-21 00:00:00,1.20092,1.20108,1.20079,1.20106,1439,35,0
2012-06-21 02:00:00,1.20107,1.20116,1.20096,1.20104,1206,35,0
2012-06-21 04:00:00,1.20103,1.20106,1.20093,1.20094,955,35,0
2012-06-21 06:00:00,1.20104,1.20112,1.20096,1.20104,2241,20,0
2012-06-21 08:00:00,1.20109,1.20113,1.20095,1.20109,3267,20,0
2012-06-21 10:00:00,1.20107,1.20113,1.20087,1.2009,3195,20,0
2012-06-21 12:00:00,1.20089,1.20096,1.20079,1.20087,3017,20,0
2012-06-21 14:00:00,1.20086,1.20117,1.20079,1.20088,3898,20,0
2012-06-21 16:00:00,1.20088,1.20107,1.20079,1.20087,4413,20,0
2012-06-21 18:00:00,1.20086,1.20096,1.20077,1.20086,3204,20,0
2012-06-21 20:00:00,1.20083,1.20093,1.20076,1.20087,1699,26,0
2012-06-21 22:00:00,1.20088,1.20099,1.20081,1.20086,1248,35,0
2012-06-22 00:00:00,1.20087,1.20105,1.20077,1.20098,1220,35,0
2012-06-22 02:00:00,1.20097,1.20102,1.20078,1.20078,879,35,0
2012-06-22 04:00:00,1.20084,1.2009,1.20075,1.20086,864,35,0
2012-06-22 06:00:00,1.20087,1.20111,1.20086,1.20091,1793,20,0
2012-06-22 08:00:00,1.20091,1.20097,1.20078,1.20092,2910,20,0
2012-06-22 10:00:00,1.20091,1.20101,1.20077,1.20085,2847,20,0
2012-06-22 12:00:00,1.20085,1.20088,1.20076,1.20079,2631,20,0
2012-06-22 14:00:00,1.2008,1.20092,1.20073,1.2008,3099,20,0
2012-06-22 16:00:00,1.20081,1.20089,1.2007,1.20083,3227,20,0
2012-06-22 18:00:00,1.20083,1.20088,1.20069,1.20074,2689,20,0
2012-06-22 20:00:00,1.20075,1.20079,1.20064,1.20067,1112,20,0
2012-06-22 22:00:00,1.20068,1.20076,1.20056,1.20076,570,35,0
2012-06-25 00:00:00,1.20088,1.20104,1.20076,1.20089,1769,35,0
2012-06-25 02:00:00,1.20091,1.20095,1.20083,1.20093,885,35,0
2012-06-25 04:00:00,1.20094,1.20094,1.2008,1.20088,722,35,0
2012-06-25 06:00:00,1.20095,1.20106,1.20086,1.20099,1595,20,0
2012-06-25 08:00:00,1.20095,1.20106,1.20083,1.20092,2766,20,0
2012-06-25 10:00:00,1.2009,1.20095,1.20069,1.20073,2773,20,0
2012-06-25 12:00:00,1.20072,1.20084,1.20068,1.20075,2722,20,0
2012-06-25 14:00:00,1.20072,1.20078,1.20063,1.20068,2355,20,0
2012-06-25 16:00:00,1.20069,1.20077,1.20059,1.20061,2999,20,0
2012-06-25 18:00:00,1.20064,1.20089,1.20057,1.20083,2455,20,0
2012-06-25 20:00:00,1.20082,1.20082,1.20063,1.20064,1050,23,0
2012-06-25 22:00:00,1.20065,1.20094,1.20063,1.20075,1018,35,0
2012-06-26 00:00:00,1.20082,1.20092,1.20072,1.20084,1206,35,0
2012-06-26 02:00:00,1.20086,1.20094,1.20078,1.20086,898,35,0
2012-06-26 04:00:00,1.20087,1.20089,1.20078,1.20087,691,35,0
2012-06-26 06:00:00,1.20086,1.20098,1.20085,1.20091,1458,20,0
2012-06-26 08:00:00,1.20091,1.20095,1.20085,1.2009,2610,20,0
2012-06-26 10:00:00,1.2009,1.20096,1.20083,1.20091,3021,20,0
2012-06-26 12:00:00,1.20094,1.20096,1.20086,1.20093,1795,20,0
2012-06-26 14:00:00,1.20092,1.20096,1.20084,1.2009,2169,20,0
2012-06-26 16:00:00,1.20091,1.20095,1.2008,1.20085,2712,20,0
2012-06-26 18:00:00,1.20086,1.20098,1.20083,1.20092,2213,20,0
2012-06-26 20:00:00,1.2009,1.20093,1.20081,1.20088,947,25,0
2012-06-26 22:00:00,1.20089,1.20097,1.2007,1.20079,905,35,0
2012-06-27 00:00:00,1.20082,1.20095,1.20079,1.20085,1115,35,0
2012-06-27 02:00:00,1.20086,1.20095,1.20084,1.2009,618,35,0
2012-06-27 04:00:00,1.20089,1.20094,1.20084,1.20087,574,35,0
2012-06-27 06:00:00,1.20094,1.201,1.20089,1.20095,1238,20,0
2012-06-27 08:00:00,1.20096,1.20099,1.20084,1.2009,2377,20,0
2012-06-27 10:00:00,1.20091,1.20095,1.20082,1.20095,2546,20,0
2012-06-27 12:00:00,1.20094,1.20103,1.20088,1.20099,2939,20,0
2012-06-27 14:00:00,1.20095,1.20104,1.2009,1.20096,3235,20,0
2012-06-27 16:00:00,1.20096,1.20115,1.20086,1.20093,3211,20,0
2012-06-27 18:00:00,1.20092,1.20103,1.20085,1.20094,2255,20,0
2012-06-27 20:00:00,1.20093,1.20093,1.20082,1.20088,882,27,0
2012-06-27 22:00:00,1.20087,1.20094,1.20081,1.20087,775,35,0
2012-06-28 00:00:00,1.20088,1.20093,1.20076,1.20086,959,35,0
2012-06-28 02:00:00,1.20087,1.20091,1.20084,1.20086,689,35,0
2012-06-28 04:00:00,1.20085,1.20111,1.20082,1.20095,764,35,0
2012-06-28 06:00:00,1.20102,1.20112,1.20089,1.201,1859,20,0
2012-06-28 08:00:00,1.20103,1.2011,1.20082,1.2009,2791,20,0
2012-06-28 10:00:00,1.20091,1.20095,1.20078,1.2009,3120,20,0
2012-06-28 12:00:00,1.20091,1.20099,1.20084,1.20092,2818,20,0
2012-06-28 14:00:00,1.20093,1.20142,1.20083,1.20126,3078,20,0
2012-06-28 16:00:00,1.20127,1.20135,1.20091,1.20108,3571,20,0
2012-06-28 18:00:00,1.20108,1.20125,1.20094,1.20102,2584,20,0
2012-06-28 20:00:00,1.20101,1.20103,1.20082,1.20085,1440,20,0
2012-06-28 22:00:00,1.20084,1.201,1.20081,1.2009,1165,35,0
2012-06-29 00:00:00,1.20087,1.20107,1.20078,1.20087,1202,35,0
2012-06-29 02:00:00,1.20085,1.201,1.20084,1.20088,942,35,0
2012-06-29 04:00:00,1.20089,1.20135,1.20085,1.20126,2178,35,0
2012-06-29 06:00:00,1.20125,1.2015,1.20096,1.2014,3588,20,0
2012-06-29 08:00:00,1.2014,1.20178,1.20119,1.2013,4729,20,0
2012-06-29 10:00:00,1.20128,1.20228,1.20106,1.20148,3901,20,0
2012-06-29 12:00:00,1.20147,1.20303,1.20143,1.20255,4583,20,0
2012-06-29 14:00:00,1.20255,1.20377,1.20214,1.20215,5733,20,0
2012-06-29 16:00:00,1.20218,1.20336,1.20096,1.2015,5007,20,0
2012-06-29 18:00:00,1.2015,1.20154,1.20101,1.20109,2809,20,0
2012-06-29 20:00:00,1.20108,1.20116,1.20095,1.20099,1251,21,0
2012-06-29 22:00:00,1.20098,1.2014,1.20091,1.20095,1002,35,0
2012-07-02 00:00:00,1.20139,1.20178,1.20113,1.20168,2509,35,0
2012-07-02 02:00:00,1.20167,1.20167,1.20116,1.20154,1743,35,0
2012-07-02 04:00:00,1.20153,1.20153,1.20118,1.20132,1588,35,0
2012-07-02 06:00:00,1.20129,1.20143,1.20119,1.20127,1663,20,0
2012-07-02 08:00:00,1.20128,1.20135,1.20094,1.20098,2702,20,0
2012-07-02 10:00:00,1.20099,1.2014,1.2009,1.20137,3568,20,0
2012-07-02 12:00:00,1.20137,1.20162,1.20129,1.20144,3241,20,0
2012-07-02 14:00:00,1.20145,1.20152,1.20116,1.2014,3834,20,0
2012-07-02 16:00:00,1.20142,1.20146,1.20093,1.20099,4151,20,0
2012-07-02 18:00:00,1.20097,1.20123,1.20092,1.20117,2602,20,0
2012-07-02 20:00:00,1.20117,1.20117,1.20091,1.20099,1105,21,0
2012-07-02 22:00:00,1.20098,1.20117,1.20084,1.20102,1127,35,0
2012-07-03 00:00:00,1.20103,1.20107,1.20088,1.20099,947,35,0
2012-07-03 02:00:00,1.20096,1.20122,1.20096,1.20114,1166,35,0
2012-07-03 04:00:00,1.20115,1.20138,1.20112,1.2012,1047,35,0
2012-07-03 06:00:00,1.20119,1.20146,1.20114,1.20128,1952,20,0
2012-07-03 08:00:00,1.20128,1.20136,1.20112,1.20123,2992,17,0
2012-07-03 10:00:00,1.20124,1.20137,1.20115,1.20132,2820,20,0
2012-07-03 12:00:00,1.20133,1.20139,1.20107,1.20116,2727,20,0
2012-07-03 14:00:00,1.20112,1.20118,1.20099,1.20114,3442,20,0
2012-07-03 16:00:00,1.20115,1.20117,1.20097,1.20102,3615,20,0
2012-07-03 18:00:00,1.20102,1.20108,1.20088,1.20099,2356,20,0
2012-07-03 20:00:00,1.201,1.201,1.20087,1.20095,912,20,0
2012-07-03 22:00:00,1.20096,1.20101,1.20065,1.20091,1062,35,0
2012-07-04 00:00:00,1.20092,1.20103,1.20081,1.20096,1743,35,0
2012-07-04 02:00:00,1.20097,1.20102,1.20086,1.20097,1166,35,0
2012-07-04 04:00:00,1.20098,1.20102,1.2009,1.20094,718,35,0
2012-07-04 06:00:00,1.20099,1.20121,1.2009,1.20113,1783,20,0
2012-07-04 08:00:00,1.20115,1.20124,1.20099,1.20105,1719,20,0
2012-07-04 10:00:00,1.20106,1.2012,1.20095,1.20101,1731,20,0
2012-07-04 12:00:00,1.20104,1.20121,1.20094,1.20111,1726,20,0
2012-07-04 14:00:00,1.2011,1.2013,1.20104,1.20109,1833,20,0
2012-07-04 16:00:00,1.20111,1.20128,1.20097,1.20119,2276,20,0
2012-07-04 18:00:00,1.20119,1.20122,1.20094,1.20104,1961,20,0
2012-07-04 20:00:00,1.20108,1.20114,1.20094,1.20103,1233,22,0
2012-07-04 22:00:00,1.20105,1.20115,1.20085,1.201,1409,35,0
2012-07-05 00:00:00,1.20098,1.20119,1.20088,1.20107,1266,35,0
2012-07-05 02:00:00,1.20109,1.20122,1.20096,1.20105,1436,35,0
2012-07-05 04:00:00,1.20104,1.20122,1.20093,1.2011,1121,35,0
2012-07-05 06:00:00,1.20111,1.2013,1.20107,1.20122,1553,20,0
2012-07-05 08:00:00,1.20123,1.20141,1.20115,1.20131,2057,11,0
2012-07-05 10:00:00,1.2013,1.20164,1.20118,1.20138,2242,20,0
2012-07-05 12:00:00,1.20137,1.20155,1.20097,1.20101,3076,20,0
2012-07-05 14:00:00,1.20101,1.20137,1.2009,1.20099,3930,20,0
2012-07-05 16:00:00,1.20099,1.20108,1.2009,1.20096,2215,20,0
2012-07-05 18:00:00,1.20095,1.20104,1.20087,1.20104,2476,20,0
2012-07-05 20:00:00,1.20104,1.20105,1.20089,1.20094,1027,20,0
2012-07-05 22:00:00,1.20095,1.20116,1.20093,1.20113,1192,35,0
2012-07-06 00:00:00,1.2011,1.2012,1.20104,1.20105,1571,35,0
2012-07-06 02:00:00,1.20106,1.20119,1.20105,1.20116,778,35,0
2012-07-06 04:00:00,1.20117,1.20124,1.20106,1.20109,895,35,0
2012-07-06 06:00:00,1.20109,1.20129,1.20107,1.20123,1839,20,0
2012-07-06 08:00:00,1.20126,1.20126,1.20094,1.201,2670,20,0
2012-07-06 10:00:00,1.20102,1.20106,1.20094,1.20103,2689,20,0
2012-07-06 12:00:00,1.20102,1.20104,1.20088,1.20096,2441,20,0
2012-07-06 14:00:00,1.20096,1.20108,1.20081,1.20083,3358,20,0
2012-07-06 16:00:00,1.20085,1.20091,1.2008,1.20087,3088,20,0
2012-07-06 18:00:00,1.20084,1.20099,1.20081,1.20087,2646,20,0
2012-07-06 20:00:00,1.20087,1.20087,1.20075,1.2008,1000,20,0
2012-07-06 22:00:00,1.20081,1.20096,1.20069,1.20081,658,35,0
2012-07-09 00:00:00,1.201,1.20117,1.2007,1.20097,1466,35,0
2012-07-09 02:00:00,1.20096,1.20099,1.20082,1.20093,1023,35,0
2012-07-09 04:00:00,1.20094,1.20101,1.20088,1.20093,821,35,0
2012-07-09 06:00:00,1.20094,1.20119,1.2009,1.20112,1442,20,0
2012-07-09 08:00:00,1.20107,1.20119,1.201,1.20106,2426,20,0
2012-07-09 10:00:00,1.2011,1.2011,1.2009,1.20094,2587,20,0
2012-07-09 12:00:00,1.20092,1.20107,1.2008,1.2009,2156,20,0
2012-07-09 14:00:00,1.2009,1.20094,1.20078,1.20082,2650,20,0
2012-07-09 16:00:00,1.20083,1.20085,1.20074,1.20082,2510,20,0
2012-07-09 18:00:00,1.20083,1.20093,1.20074,1.20084,2330,20,0
2012-07-09 20:00:00,1.20081,1.20083,1.20072,1.20076,976,20,0
2012-07-09 22:00:00,1.20075,1.20085,1.2006,1.20076,1060,35,0
2012-07-10 00:00:00,1.20077,1.2009,1.2007,1.20087,1221,35,0
2012-07-10 02:00:00,1.20088,1.20089,1.2008,1.20084,831,35,0
2012-07-10 04:00:00,1.20082,1.20088,1.20081,1.20086,767,35,0
2012-07-10 06:00:00,1.20091,1.20097,1.20083,1.20094,1326,20,0
2012-07-10 08:00:00,1.20092,1.20098,1.20084,1.20088,2099,20,0
2012-07-10 10:00:00,1.20087,1.20098,1.20083,1.2009,2454,20,0
2012-07-10 12:00:00,1.20088,1.20095,1.20082,1.20093,2006,20,0
2012-07-10 14:00:00,1.20091,1.20094,1.20078,1.20082,2876,20,0
2012-07-10 16:00:00,1.20081,1.20085,1.20066,1.20072,3018,20,0
2012-07-10 18:00:00,1.20071,1.20087,1.20065,1.20085,2094,20,0
2012-07-10 20:00:00,1.20084,1.20089,1.20074,1.20076,1011,20,0
2012-07-10 22:00:00,1.20075,1.20087,1.2007,1.20081,837,35,0
2012-07-11 00:00:00,1.20083,1.2009,1.20074,1.20083,994,35,0
2012-07-11 02:00:00,1.20082,1.20094,1.20081,1.20087,724,35,0
2012-07-11 04:00:00,1.20086,1.20089,1.20078,1.20084,757,35,0
2012-07-11 06:00:00,1.20091,1.20099,1.20082,1.20092,1381,20,0
2012-07-11 08:00:00,1.20095,1.20096,1.20086,1.20092,2082,20,0
2012-07-11 10:00:00,1.20091,1.201,1.20084,1.20091,2229,20,0
2012-07-11 12:00:00,1.20093,1.20095,1.20079,1.20088,2083,20,0
2012-07-11 14:00:00,1.20088,1.20093,1.2007,1.20076,2814,20,0
2012-07-11 16:00:00,1.20076,1.20082,1.20066,1.20073,2978,20,0
2012-07-11 18:00:00,1.20072,1.20088,1.20066,1.2008,2178,20,0
2012-07-11 20:00:00,1.20081,1.20084,1.20061,1.20067,1388,20,0
2012-07-11 22:00:00,1.20066,1.20073,1.20054,1.20068,906,35,0
2012-07-12 00:00:00,1.20067,1.20086,1.20056,1.20078,1261,35,0
2012-07-12 02:00:00,1.20079,1.20081,1.20074,1.20076,682,35,0
2012-07-12 04:00:00,1.20077,1.20078,1.20068,1.20076,808,35,0
2012-07-12 06:00:00,1.20075,1.20089,1.2007,1.20084,1897,20,0
2012-07-12 08:00:00,1.20085,1.20087,1.20072,1.20082,2504,20,0
2012-07-12 10:00:00,1.20081,1.20089,1.20077,1.20083,3897,20,0
2012-07-12 12:00:00,1.20083,1.20089,1.20075,1.2008,4200,20,0
2012-07-12 14:00:00,1.20081,1.20087,1.20068,1.20071,3899,20,0
2012-07-12 16:00:00,1.20072,1.20078,1.20064,1.20073,4038,9,0
2012-07-12 18:00:00,1.20071,1.20079,1.20065,1.20075,2887,20,0
2012-07-12 20:00:00,1.20067,1.20069,1.20062,1.20067,1328,31,0
2012-07-12 22:00:00,1.20066,1.20074,1.20057,1.2007,1093,35,0
2012-07-13 00:00:00,1.20069,1.20082,1.20064,1.20073,1626,35,0
2012-07-13 02:00:00,1.20074,1.20081,1.2007,1.20075,1014,35,0
2012-07-13 04:00:00,1.20079,1.2008,1.20071,1.20077,775,35,0
2012-07-13 06:00:00,1.20078,1.2009,1.20075,1.20078,1099,20,0
2012-07-13 08:00:00,1.20083,1.2009,1.20073,1.20085,3443,20,0
2012-07-13 10:00:00,1.20084,1.2009,1.20072,1.2008,3648,20,0
2012-07-13 12:00:00,1.20081,1.20086,1.20069,1.20082,3415,20,0
2012-07-13 14:00:00,1.20084,1.20085,1.20068,1.2008,4373,20,0
2012-07-13 16:00:00,1.20081,1.20089,1.20068,1.20082,3741,20,0
2012-07-13 18:00:00,1.20081,1.20092,1.20076,1.20085,2156,20,0
2012-07-13 20:00:00,1.20085,1.20091,1.20073,1.20083,1208,20,0
2012-07-13 22:00:00,1.20082,1.20092,1.20071,1.20076,676,35,0
2012-07-16 00:00:00,1.20089,1.20092,1.20074,1.20088,1572,35,0
2012-07-16 02:00:00,1.20087,1.20093,1.20085,1.20088,883,35,0
2012-07-16 04:00:00,1.20089,1.20092,1.20084,1.20088,823,35,0
2012-07-16 06:00:00,1.20094,1.201,1.2008,1.20098,1427,20,0
2012-07-16 08:00:00,1.201,1.20102,1.20084,1.20094,2872,20,0
2012-07-16 10:00:00,1.20095,1.20105,1.20086,1.20091,3640,20,0
2012-07-16 12:00:00,1.20089,1.20095,1.2008,1.20091,3449,20,0
2012-07-16 14:00:00,1.2009,1.20092,1.20074,1.20086,4307,20,0
2012-07-16 16:00:00,1.20085,1.20102,1.2008,1.20091,3750,20,0
2012-07-16 18:00:00,1.20091,1.2011,1.20084,1.20103,2415,20,0
2012-07-16 20:00:00,1.201,1.20103,1.20079,1.20079,1224,25,0
2012-07-16 22:00:00,1.2008,1.20094,1.20045,1.20085,1435,35,0
2012-07-17 00:00:00,1.20086,1.20095,1.20075,1.20081,1237,35,0
2012-07-17 02:00:00,1.20082,1.20094,1.2008,1.20091,1028,35,0
2012-07-17 04:00:00,1.2009,1.20095,1.20085,1.2009,837,35,0
2012-07-17 06:00:00,1.20089,1.2011,1.20084,1.20108,1412,20,0
2012-07-17 08:00:00,1.20108,1.2011,1.20085,1.20093,3351,20,0
2012-07-17 10:00:00,1.20092,1.20097,1.2008,1.20089,3967,20,0
2012-07-17 12:00:00,1.2009,1.20097,1.20082,1.20091,3268,20,0
2012-07-17 14:00:00,1.2009,1.20092,1.20079,1.20087,3842,20,0
2012-07-17 16:00:00,1.20084,1.20105,1.20078,1.20099,4771,20,0
2012-07-17 18:00:00,1.201,1.20133,1.20084,1.20125,3440,20,0
2012-07-17 20:00:00,1.20124,1.20136,1.2011,1.20128,1428,22,0
2012-07-17 22:00:00,1.20129,1.20135,1.20101,1.20131,1303,35,0
2012-07-18 00:00:00,1.2013,1.20132,1.20097,1.20106,1083,35,0
2012-07-18 02:00:00,1.20105,1.2011,1.20095,1.20095,1072,35,0
2012-07-18 04:00:00,1.20097,1.20103,1.20082,1.20085,1007,35,0
2012-07-18 06:00:00,1.20084,1.20101,1.2008,1.20098,2279,20,0
2012-07-18 08:00:00,1.20099,1.20138,1.20084,1.20135,3054,20,0
2012-07-18 10:00:00,1.20135,1.20136,1.2008,1.20084,3875,20,0
2012-07-18 12:00:00,1.20088,1.20093,1.20078,1.20087,3761,20,0
2012-07-18 14:00:00,1.20082,1.20095,1.2008,1.20089,3935,20,0
2012-07-18 16:00:00,1.2009,1.20097,1.20079,1.2009,3822,20,0
2012-07-18 18:00:00,1.20089,1.20098,1.2008,1.20093,2792,20,0
2012-07-18 20:00:00,1.20092,1.20096,1.20084,1.20089,1285,23,0
2012-07-18 22:00:00,1.2009,1.201,1.20084,1.20094,1511,35,0
2012-07-19 00:00:00,1.20095,1.20098,1.20082,1.20086,1624,35,0
2012-07-19 02:00:00,1.20087,1.20093,1.20083,1.20086,982,35,0
2012-07-19 04:00:00,1.20087,1.20107,1.20085,1.20087,963,35,0
2012-07-19 06:00:00,1.20088,1.201,1.20086,1.20093,1939,20,0
2012-07-19 08:00:00,1.20092,1.2012,1.20085,1.20092,3484,20,0
2012-07-19 10:00:00,1.20091,1.20096,1.20085,1.20092,3532,20,0
2012-07-19 12:00:00,1.20091,1.20096,1.20082,1.20088,3513,20,0
2012-07-19 14:00:00,1.20087,1.20102,1.20083,1.2009,4319,20,0
2012-07-19 16:00:00,1.20091,1.20097,1.20079,1.20094,3336,20,0
2012-07-19 18:00:00,1.20095,1.20101,1.20083,1.20091,3189,20,0
2012-07-19 20:00:00,1.2009,1.20092,1.20079,1.20085,1278,21,0
2012-07-19 22:00:00,1.20084,1.20094,1.20065,1.20091,1246,35,0
2012-07-20 00:00:00,1.20089,1.20092,1.20073,1.20088,1689,35,0
2012-07-20 02:00:00,1.20089,1.20092,1.20082,1.20087,1099,35,0
2012-07-20 04:00:00,1.20086,1.20109,1.20083,1.20086,1152,35,0
2012-07-20 06:00:00,1.20087,1.20095,1.20084,1.20088,1971,20,0
2012-07-20 08:00:00,1.20089,1.20099,1.20081,1.20097,3172,10,0
2012-07-20 10:00:00,1.20096,1.201,1.2008,1.20086,3582,20,0
2012-07-20 12:00:00,1.20085,1.20092,1.20074,1.20081,4323,20,0
2012-07-20 14:00:00,1.2008,1.20088,1.20068,1.20071,4568,20,0
2012-07-20 16:00:00,1.20071,1.20081,1.20069,1.20073,3658,20,0
2012-07-20 18:00:00,1.20072,1.20077,1.2006,1.20071,2784,20,0
2012-07-20 20:00:00,1.20072,1.2009,1.20063,1.20084,1230,22,0
2012-07-20 22:00:00,1.20083,1.2009,1.20079,1.20087,725,35,0
2012-07-23 00:00:00,1.20092,1.20097,1.2007,1.20088,1476,35,0
2012-07-23 02:00:00,1.20087,1.20091,1.2008,1.20084,1442,35,0
2012-07-23 04:00:00,1.20085,1.20089,1.2008,1.20083,1470,35,0
2012-07-23 06:00:00,1.20084,1.20097,1.20082,1.2009,2456,20,0
2012-07-23 08:00:00,1.20089,1.20092,1.2007,1.20082,3820,20,0
2012-07-23 10:00:00,1.20081,1.2009,1.2007,1.20084,3786,20,0
2012-07-23 12:00:00,1.20084,1.2009,1.20077,1.20085,3521,20,0
2012-07-23 14:00:00,1.20084,1.2009,1.20075,1.2008,4369,20,0
2012-07-23 16:00:00,1.20079,1.20093,1.20076,1.20082,4068,20,0
2012-07-23 18:00:00,1.20084,1.20088,1.20074,1.2008,3322,20,0
2012-07-23 20:00:00,1.20083,1.20084,1.20071,1.20074,1449,20,0
2012-07-23 22:00:00,1.20075,1.20087,1.20063,1.20086,1517,35,0
2012-07-24 00:00:00,1.20085,1.20092,1.20079,1.20087,1196,35,0
2012-07-24 02:00:00,1.20086,1.20094,1.20083,1.20087,1016,35,0
2012-07-24 04:00:00,1.20088,1.20093,1.20085,1.20088,1044,35,0
2012-07-24 06:00:00,1.20091,1.20099,1.20086,1.20095,1855,20,0
2012-07-24 08:00:00,1.20094,1.20099,1.20082,1.20089,3809,20,0
2012-07-24 10:00:00,1.20089,1.20093,1.2008,1.20086,4304,20,0
2012-07-24 12:00:00,1.20087,1.20092,1.2008,1.20082,4280,20,0
2012-07-24 14:00:00,1.2008,1.2009,1.20078,1.20082,4179,20,0
2012-07-24 16:00:00,1.20082,1.20086,1.20078,1.20085,4260,20,0
2012-07-24 18:00:00,1.20084,1.20097,1.20079,1.2009,3890,20,0
2012-07-24 20:00:00,1.20089,1.20092,1.20081,1.20085,1708,21,0
2012-07-24 22:00:00,1.20084,1.20092,1.20082,1.20091,1241,35,0
2012-07-25 00:00:00,1.2009,1.20093,1.2008,1.20087,1238,35,0
2012-07-25 02:00:00,1.20086,1.20091,1.20083,1.20087,1019,35,0
2012-07-25 04:00:00,1.20086,1.2009,1.20079,1.20082,1191,35,0
2012-07-25 06:00:00,1.20084,1.20096,1.2008,1.20087,2339,20,0
2012-07-25 08:00:00,1.20086,1.201,1.2008,1.20095,3913,20,0
2012-07-25 10:00:00,1.20093,1.20109,1.20084,1.20092,4365,20,0
2012-07-25 12:00:00,1.20093,1.20103,1.20082,1.20092,3708,20,0
2012-07-25 14:00:00,1.20091,1.20098,1.20081,1.20085,4130,20,0
2012-07-25 16:00:00,1.20085,1.20089,1.20078,1.20083,4327,20,0
2012-07-25 18:00:00,1.20083,1.20095,1.2008,1.2009,3213,20,0
2012-07-25 20:00:00,1.2009,1.20096,1.20082,1.20085,1394,21,0
2012-07-25 22:00:00,1.20086,1.20096,1.20078,1.20088,1137,35,0
2012-07-26 00:00:00,1.20089,1.20093,1.20083,1.20084,970,35,0
2012-07-26 02:00:00,1.20085,1.20094,1.20082,1.20092,1089,35,0
2012-07-26 04:00:00,1.20093,1.20098,1.20085,1.20087,1205,35,0
2012-07-26 06:00:00,1.20088,1.20106,1.20086,1.20095,1635,20,0
2012-07-26 08:00:00,1.20094,1.20105,1.20086,1.2009,2917,20,0
2012-07-26 10:00:00,1.2009,1.20093,1.20077,1.20082,3563,20,0
2012-07-26 12:00:00,1.20082,1.20098,1.20075,1.20085,4956,20,0
2012-07-26 14:00:00,1.20087,1.20112,1.2008,1.20097,4044,20,0
2012-07-26 16:00:00,1.20096,1.20109,1.20081,1.2009,4420,20,0
2012-07-26 18:00:00,1.20091,1.20094,1.20078,1.20085,3038,20,0
2012-07-26 20:00:00,1.20084,1.20085,1.20071,1.20075,1176,22,0
2012-07-26 22:00:00,1.20076,1.20089,1.20075,1.20085,1165,35,0
2012-07-27 00:00:00,1.20086,1.20089,1.20077,1.20086,926,35,0
2012-07-27 02:00:00,1.20085,1.2009,1.20082,1.20085,1165,35,0
2012-07-27 04:00:00,1.20084,1.20092,1.20081,1.20085,914,35,0
2012-07-27 06:00:00,1.20086,1.201,1.20084,1.20094,1531,20,0
2012-07-27 08:00:00,1.20096,1.2011,1.20078,1.2008,3041,20,0
2012-07-27 10:00:00,1.20078,1.20089,1.20066,1.20086,4632,20,0
2012-07-27 12:00:00,1.20087,1.20094,1.20076,1.20085,4191,20,0
2012-07-27 14:00:00,1.20086,1.20097,1.2008,1.20091,4654,20,0
2012-07-27 16:00:00,1.2009,1.20097,1.20071,1.2008,4133,20,0
2012-07-27 18:00:00,1.20084,1.20109,1.20075,1.20095,3450,20,0
2012-07-27 20:00:00,1.20096,1.20101,1.20084,1.2009,1992,22,0
2012-07-27 22:00:00,1.20089,1.20105,1.20087,1.20097,789,35,0
2012-07-30 00:00:00,1.20096,1.201,1.20078,1.20089,1290,35,0
2012-07-30 02:00:00,1.2009,1.20103,1.20088,1.20097,1273,35,0
2012-07-30 04:00:00,1.20098,1.20102,1.20088,1.20096,939,35,0
2012-07-30 06:00:00,1.20102,1.20107,1.20086,1.20091,2156,20,0
2012-07-30 08:00:00,1.20091,1.20107,1.20082,1.20104,3367,20,0
2012-07-30 10:00:00,1.20103,1.2011,1.20093,1.20098,3880,20,0
2012-07-30 12:00:00,1.20097,1.20104,1.2009,1.20098,3640,20,0
2012-07-30 14:00:00,1.20097,1.201,1.20083,1.20094,4497,20,0
2012-07-30 16:00:00,1.20093,1.20105,1.20087,1.20095,3393,20,0
2012-07-30 18:00:00,1.20098,1.2011,1.20089,1.20107,2203,20,0
2012-07-30 20:00:00,1.20106,1.20107,1.20092,1.20099,990,22,0
2012-07-30 22:00:00,1.20098,1.20106,1.2009,1.20104,987,35,0
2012-07-31 00:00:00,1.20102,1.20111,1.20094,1.201,1117,35,0
2012-07-31 02:00:00,1.20099,1.20109,1.20095,1.201,846,35,0
2012-07-31 04:00:00,1.20101,1.20112,1.20098,1.20107,779,35,0
2012-07-31 06:00:00,1.20112,1.20128,1.201,1.20122,1430,20,0
2012-07-31 08:00:00,1.20121,1.20128,1.20093,1.20101,3138,20,0
2012-07-31 10:00:00,1.201,1.20134,1.20047,1.20132,2110,20,0
2012-07-31 12:00:00,1.20132,1.20187,1.20121,1.20144,2563,20,0
2012-07-31 14:00:00,1.20145,1.20195,1.20123,1.20151,2334,20,0
2012-07-31 16:00:00,1.20151,1.20155,1.20096,1.20103,2516,20,0
2012-07-31 18:00:00,1.20101,1.20114,1.20094,1.20103,2647,20,0
2012-07-31 20:00:00,1.20101,1.20108,1.20093,1.20105,1142,20,0
2012-07-31 22:00:00,1.20106,1.20115,1.20096,1.20103,1361,35,0
2012-08-01 00:00:00,1.20102,1.20111,1.20092,1.20097,1380,35,0
2012-08-01 02:00:00,1.20096,1.20101,1.20091,1.20097,1468,35,0
2012-08-01 04:00:00,1.20096,1.20102,1.20092,1.201,973,35,0
2012-08-01 06:00:00,1.20098,1.20115,1.20096,1.20107,1885,20,0
2012-08-01 08:00:00,1.20105,1.20135,1.20096,1.20114,3002,20,0
2012-08-01 10:00:00,1.20115,1.20121,1.20104,1.20107,3908,20,0
2012-08-01 12:00:00,1.20107,1.20113,1.20095,1.201,4163,20,0
2012-08-01 14:00:00,1.20101,1.20153,1.20097,1.20146,3541,20,0
2012-08-01 16:00:00,1.20145,1.20152,1.20112,1.20123,3187,9,0
2012-08-01 18:00:00,1.2012,1.20158,1.20117,1.20153,1838,20,0
2012-08-01 20:00:00,1.20151,1.20164,1.20117,1.20139,1976,23,0
2012-08-01 22:00:00,1.2014,1.20154,1.2012,1.20126,1388,35,0
2012-08-02 00:00:00,1.20129,1.20165,1.2011,1.20115,1327,35,0
2012-08-02 02:00:00,1.20113,1.20127,1.20107,1.20122,1212,35,0
2012-08-02 04:00:00,1.2012,1.20138,1.2012,1.20136,1067,35,0
2012-08-02 06:00:00,1.20138,1.20176,1.20132,1.20172,1825,20,0
2012-08-02 08:00:00,1.20172,1.20284,1.20142,1.20263,3475,20,0
2012-08-02 10:00:00,1.20264,1.20283,1.20176,1.20187,3496,20,0
2012-08-02 12:00:00,1.20186,1.20221,1.2015,1.20208,3712,20,0
2012-08-02 14:00:00,1.20206,1.20266,1.20112,1.20121,6686,20,0
2012-08-02 16:00:00,1.20123,1.20129,1.20096,1.20106,5236,20,0
2012-08-02 18:00:00,1.20105,1.20118,1.20099,1.20113,3431,20,0
2012-08-02 20:00:00,1.2011,1.20125,1.20098,1.20103,1407,24,0
2012-08-02 22:00:00,1.20102,1.20116,1.20099,1.2011,1434,35,0
2012-08-03 00:00:00,1.20109,1.20123,1.20106,1.20119,1566,35,0
2012-08-03 02:00:00,1.20117,1.2012,1.20106,1.20117,1342,35,0
2012-08-03 04:00:00,1.2012,1.20139,1.20113,1.20132,1038,35,0
2012-08-03 06:00:00,1.20131,1.20142,1.20124,1.20131,1826,20,0
2012-08-03 08:00:00,1.20128,1.20162,1.20101,1.20101,2908,20,0
2012-08-03 10:00:00,1.20109,1.20119,1.20094,1.20099,4754,20,0
2012-08-03 12:00:00,1.20098,1.2013,1.2009,1.2011,4462,20,0
2012-08-03 14:00:00,1.2011,1.20161,1.20093,1.20118,4957,9,0
2012-08-03 16:00:00,1.20117,1.2015,1.20112,1.20142,4117,20,0
2012-08-03 18:00:00,1.20143,1.20144,1.20114,1.2013,3115,20,0
2012-08-03 20:00:00,1.2013,1.20162,1.20108,1.20156,1304,20,0
2012-08-03 22:00:00,1.20155,1.20186,1.20133,1.20137,685,35,0
2012-08-06 00:00:00,1.20141,1.20181,1.20099,1.20133,2354,24,0
2012-08-06 02:00:00,1.20132,1.20209,1.20131,1.202,1939,35,0
2012-08-06 04:00:00,1.20201,1.20217,1.20173,1.20175,1144,35,0
2012-08-06 06:00:00,1.20176,1.20211,1.2014,1.20152,1821,20,0
2012-08-06 08:00:00,1.20152,1.20162,1.20129,1.20139,3674,20,0
2012-08-06 10:00:00,1.2014,1.20144,1.2011,1.20117,3496,20,0
2012-08-06 12:00:00,1.20116,1.20123,1.20097,1.20122,3488,20,0
2012-08-06 14:00:00,1.20121,1.20129,1.20103,1.20109,3904,20,0
2012-08-06 16:00:00,1.20108,1.20135,1.20101,1.20111,3446,20,0
2012-08-06 18:00:00,1.20112,1.20118,1.20097,1.20115,2077,20,0
2012-08-06 20:00:00,1.2011,1.20126,1.20103,1.20117,1061,30,0
2012-08-06 22:00:00,1.20116,1.20543,1.20108,1.20121,1916,35,0
2012-08-07 00:00:00,1.20122,1.20129,1.20088,1.20101,1582,35,0
2012-08-07 02:00:00,1.20099,1.20131,1.20098,1.20127,1393,35,0
2012-08-07 04:00:00,1.20126,1.20129,1.20115,1.2012,1083,35,0
2012-08-07 06:00:00,1.20123,1.20137,1.20109,1.20135,2321,20,0
2012-08-07 08:00:00,1.20133,1.20158,1.20118,1.20156,3167,20,0
2012-08-07 10:00:00,1.20155,1.20183,1.20131,1.20137,3220,20,0
2012-08-07 12:00:00,1.20138,1.20181,1.20133,1.20178,3386,20,0
2012-08-07 14:00:00,1.20177,1.20184,1.20136,1.20172,3697,20,0
2012-08-07 16:00:00,1.20171,1.20179,1.20131,1.2014,3355,20,0
2012-08-07 18:00:00,1.20141,1.20162,1.2012,1.20144,2203,20,0
2012-08-07 20:00:00,1.20145,1.20145,1.20113,1.20115,1108,20,0
2012-08-07 22:00:00,1.20114,1.20118,1.201,1.201,1421,35,0
2012-08-08 00:00:00,1.20109,1.20138,1.20105,1.20126,1430,35,0
2012-08-08 02:00:00,1.20127,1.20137,1.20116,1.20129,1397,35,0
2012-08-08 04:00:00,1.2013,1.20132,1.201,1.20108,964,35,0
2012-08-08 06:00:00,1.20107,1.20134,1.20104,1.20128,2415,20,0
2012-08-08 08:00:00,1.2012,1.20143,1.2011,1.20129,3165,20,0
2012-08-08 10:00:00,1.20126,1.20131,1.20099,1.20106,4253,20,0
2012-08-08 12:00:00,1.20107,1.20122,1.20098,1.20118,3578,20,0
2012-08-08 14:00:00,1.20118,1.20121,1.20102,1.20109,4120,20,0
2012-08-08 16:00:00,1.20108,1.20111,1.20098,1.20107,3873,20,0
2012-08-08 18:00:00,1.20106,1.20118,1.20099,1.20108,2673,20,0
2012-08-08 20:00:00,1.20104,1.20112,1.20099,1.20103,1000,24,0
2012-08-08 22:00:00,1.20104,1.20121,1.20099,1.20115,1251,35,0
2012-08-09 00:00:00,1.20116,1.2012,1.20102,1.20114,1733,35,0
2012-08-09 02:00:00,1.20116,1.20122,1.2011,1.20115,1342,35,0
2012-08-09 04:00:00,1.20114,1.2012,1.20107,1.2011,1038,35,0
2012-08-09 06:00:00,1.20117,1.20122,1.2011,1.20115,2400,20,0
2012-08-09 08:00:00,1.20118,1.2013,1.2011,1.20115,3677,20,0
2012-08-09 10:00:00,1.20117,1.20123,1.20097,1.201,3855,20,0
2012-08-09 12:00:00,1.20099,1.20102,1.20087,1.20095,4353,20,0
2012-08-09 14:00:00,1.20095,1.20113,1.20089,1.20098,4481,20,0
2012-08-09 16:00:00,1.20099,1.201,1.20072,1.20091,4193,20,0
2012-08-09 18:00:00,1.20089,1.20093,1.20077,1.20091,2457,20,0
2012-08-09 20:00:00,1.2009,1.20092,1.20078,1.20089,1033,22,0
2012-08-09 22:00:00,1.20088,1.20096,1.2008,1.2009,1382,35,0
2012-08-10 00:00:00,1.20088,1.20098,1.20081,1.20093,1964,35,0
2012-08-10 02:00:00,1.20094,1.201,1.2009,1.20093,1354,35,0
2012-08-10 04:00:00,1.20094,1.201,1.20089,1.20094,1343,35,0
2012-08-10 06:00:00,1.20095,1.20105,1.2009,1.20095,2326,20,0
2012-08-10 08:00:00,1.20095,1.20101,1.2008,1.2009,3576,20,0
2012-08-10 10:00:00,1.20091,1.20095,1.2007,1.20078,3629,20,0
2012-08-10 12:00:00,1.20078,1.20087,1.20071,1.20078,1599,20,0
2012-08-10 14:00:00,1.20074,1.20081,1.20068,1.20076,1340,20,0
2012-08-10 16:00:00,1.20073,1.20081,1.20066,1.20075,1797,20,0
2012-08-10 18:00:00,1.20071,1.20081,1.20066,1.20075,2463,20,0
2012-08-10 20:00:00,1.20076,1.20076,1.20065,1.20067,982,20,0
2012-08-10 22:00:00,1.20066,1.20077,1.2006,1.20066,675,35,0
2012-08-13 00:00:00,1.20084,1.20093,1.20067,1.20088,1230,35,0
2012-08-13 02:00:00,1.20086,1.20091,1.20084,1.20087,1531,35,0
2012-08-13 04:00:00,1.20088,1.20092,1.20083,1.20086,1105,35,0
2012-08-13 06:00:00,1.20093,1.20103,1.20086,1.20089,1723,20,0
2012-08-13 08:00:00,1.20094,1.20097,1.20085,1.20093,1800,20,0
2012-08-13 10:00:00,1.20094,1.20096,1.2008,1.20091,807,20,0
2012-08-13 12:00:00,1.20084,1.20095,1.2008,1.20086,924,20,0
2012-08-13 14:00:00,1.20091,1.20096,1.2008,1.20089,961,20,0
2012-08-13 16:00:00,1.20088,1.20096,1.2008,1.20088,1689,20,0
2012-08-13 18:00:00,1.20089,1.20094,1.2008,1.20087,1966,20,0
2012-08-13 20:00:00,1.20085,1.20093,1.2008,1.20087,968,28,0
2012-08-13 22:00:00,1.20086,1.20098,1.20077,1.20093,1312,35,0
2012-08-14 00:00:00,1.20085,1.20098,1.20079,1.20083,2485,35,0
2012-08-14 02:00:00,1.20083,1.201,1.20082,1.20097,1734,35,0
2012-08-14 04:00:00,1.20095,1.20102,1.20087,1.20091,1171,35,0
2012-08-14 06:00:00,1.2009,1.20118,1.20089,1.20114,2340,20,0
2012-08-14 08:00:00,1.20115,1.2012,1.20088,1.20096,3435,20,0
2012-08-14 10:00:00,1.20096,1.20101,1.2008,1.20089,2270,20,0
2012-08-14 12:00:00,1.20088,1.20094,1.2002,1.20088,1277,20,0
2012-08-14 14:00:00,1.20087,1.20105,1.2008,1.20095,3310,20,0
2012-08-14 16:00:00,1.20095,1.20106,1.20088,1.20105,3739,20,0
2012-08-14 18:00:00,1.20104,1.20111,1.20096,1.20107,2556,20,0
2012-08-14 20:00:00,1.20106,1.2011,1.20084,1.20087,1181,22,0
2012-08-14 22:00:00,1.20086,1.20105,1.20084,1.20102,1194,35,0
2012-08-15 00:00:00,1.201,1.2011,1.20092,1.20103,1415,35,0
2012-08-15 02:00:00,1.20102,1.20106,1.20095,1.20098,1315,35,0
2012-08-15 04:00:00,1.20097,1.20101,1.20085,1.20087,1010,35,0
2012-08-15 06:00:00,1.20098,1.20107,1.20087,1.20103,1906,20,0
2012-08-15 08:00:00,1.20103,1.20117,1.2009,1.20096,2844,20,0
2012-08-15 10:00:00,1.20095,1.20119,1.20085,1.20114,3247,20,0
2012-08-15 12:00:00,1.20113,1.20116,1.20098,1.20102,3065,20,0
2012-08-15 14:00:00,1.20103,1.20108,1.20086,1.20089,3907,20,0
2012-08-15 16:00:00,1.2009,1.20094,1.2008,1.20091,3931,20,0
2012-08-15 18:00:00,1.20088,1.20094,1.20076,1.20088,2760,20,0
2012-08-15 20:00:00,1.20087,1.2009,1.20079,1.20085,1087,26,0
2012-08-15 22:00:00,1.20084,1.20099,1.2008,1.2009,1031,35,0
2012-08-16 00:00:00,1.20091,1.20099,1.20081,1.20091,1532,35,0
2012-08-16 02:00:00,1.2009,1.20097,1.20088,1.20091,1709,35,0
2012-08-16 04:00:00,1.2009,1.20095,1.20083,1.20086,1115,35,0
2012-08-16 06:00:00,1.20087,1.20101,1.20085,1.20092,2582,20,0
2012-08-16 08:00:00,1.20094,1.20103,1.20084,1.20095,4059,20,0
2012-08-16 10:00:00,1.20096,1.20101,1.20078,1.2009,2551,20,0
2012-08-16 12:00:00,1.20087,1.20093,1.2008,1.20088,997,20,0
2012-08-16 14:00:00,1.20086,1.20095,1.20077,1.20089,1434,20,0
2012-08-16 16:00:00,1.20088,1.20099,1.20079,1.20087,1436,20,0
2012-08-16 18:00:00,1.20088,1.20092,1.20075,1.20087,1050,20,0
2012-08-16 20:00:00,1.20092,1.20097,1.20075,1.20086,656,20,0
2012-08-16 22:00:00,1.20083,1.20102,1.2008,1.20098,998,35,0
2012-08-17 00:00:00,1.20096,1.20104,1.2008,1.20094,1545,35,0
2012-08-17 02:00:00,1.20092,1.20097,1.20083,1.20092,1093,35,0
2012-08-17 04:00:00,1.20094,1.20096,1.20085,1.2009,999,35,0
2012-08-17 06:00:00,1.20099,1.20103,1.20081,1.20096,1150,20,0
2012-08-17 08:00:00,1.20092,1.20107,1.2007,1.20107,1257,20,0
2012-08-17 10:00:00,1.20106,1.20113,1.20088,1.20093,1152,20,0
2012-08-17 12:00:00,1.20093,1.20099,1.20086,1.20093,1031,20,0
2012-08-17 14:00:00,1.20094,1.20098,1.20082,1.20097,1121,20,0
2012-08-17 16:00:00,1.20098,1.20103,1.2008,1.20091,1325,20,0
2012-08-17 18:00:00,1.20092,1.20103,1.20085,1.20092,885,20,0
2012-08-17 20:00:00,1.20094,1.20097,1.20082,1.20096,637,20,0
2012-08-17 22:00:00,1.20095,1.20097,1.20084,1.20091,530,35,0
2012-08-20 00:00:00,1.20102,1.2011,1.20075,1.20103,1242,16,0
2012-08-20 02:00:00,1.20102,1.20109,1.20098,1.20106,753,35,0
2012-08-20 04:00:00,1.20105,1.2011,1.20097,1.20105,629,35,0
2012-08-20 06:00:00,1.20109,1.20114,1.20094,1.20097,791,20,0
2012-08-20 08:00:00,1.20098,1.20111,1.20094,1.20101,1177,20,0
2012-08-20 10:00:00,1.20099,1.20105,1.20086,1.20095,1167,20,0
2012-08-20 12:00:00,1.20093,1.20097,1.20079,1.20089,982,20,0
2012-08-20 14:00:00,1.20092,1.20093,1.20079,1.2009,1009,20,0
2012-08-20 16:00:00,1.20091,1.20107,1.2008,1.2009,1431,20,0
2012-08-20 18:00:00,1.20092,1.20096,1.20084,1.20092,868,20,0
2012-08-20 20:00:00,1.20087,1.20097,1.20076,1.20094,671,28,0
2012-08-20 22:00:00,1.20095,1.20101,1.20082,1.20082,957,35,0
2012-08-21 00:00:00,1.20084,1.20103,1.20082,1.20094,1832,35,0
2012-08-21 02:00:00,1.20093,1.201,1.20089,1.20096,1021,35,0
2012-08-21 04:00:00,1.20097,1.20105,1.20091,1.20097,351,35,0
2012-08-21 06:00:00,1.20097,1.20107,1.20096,1.20102,609,20,0
2012-08-21 08:00:00,1.20104,1.20111,1.20082,1.20089,1344,20,0
2012-08-21 10:00:00,1.2009,1.20094,1.20079,1.20086,1149,20,0
2012-08-21 12:00:00,1.20089,1.20096,1.2008,1.20092,952,20,0
2012-08-21 14:00:00,1.20093,1.20109,1.2008,1.201,1670,20,0
2012-08-21 16:00:00,1.20101,1.20117,1.20089,1.20093,1317,20,0
2012-08-21 18:00:00,1.20088,1.20099,1.20085,1.2009,1230,20,0
2012-08-21 20:00:00,1.2009,1.20091,1.20058,1.20082,780,25,0
2012-08-21 22:00:00,1.20081,1.20094,1.20071,1.20083,694,35,0
2012-08-22 00:00:00,1.20084,1.20096,1.20078,1.20091,575,35,0
2012-08-22 02:00:00,1.2009,1.20098,1.20085,1.20091,962,35,0
2012-08-22 04:00:00,1.2009,1.20096,1.20082,1.20092,908,35,0
2012-08-22 06:00:00,1.20091,1.20103,1.20085,1.20093,817,20,0
2012-08-22 08:00:00,1.20098,1.20105,1.20086,1.20101,1232,20,0
2012-08-22 10:00:00,1.20103,1.20106,1.20083,1.20095,1248,20,0
2012-08-22 12:00:00,1.20095,1.20096,1.20072,1.20079,1116,20,0
2012-08-22 14:00:00,1.20081,1.20089,1.20069,1.20083,1319,20,0
2012-08-22 16:00:00,1.20082,1.20087,1.2007,1.20078,1206,20,0
2012-08-22 18:00:00,1.20076,1.20089,1.2007,1.20081,1317,20,0
2012-08-22 20:00:00,1.20076,1.20092,1.2007,1.20086,1329,20,0
2012-08-22 22:00:00,1.20087,1.20094,1.20076,1.20086,819,35,0
2012-08-23 00:00:00,1.20087,1.20096,1.20079,1.20091,945,35,0
2012-08-23 02:00:00,1.20092,1.20102,1.20079,1.20098,1027,35,0
2012-08-23 04:00:00,1.20095,1.20104,1.2009,1.20098,732,35,0
2012-08-23 06:00:00,1.20097,1.20108,1.20089,1.20096,1012,20,0
2012-08-23 08:00:00,1.20097,1.20108,1.20086,1.20097,1297,8,0
2012-08-23 10:00:00,1.20101,1.20106,1.2008,1.20091,1005,20,0
2012-08-23 12:00:00,1.2009,1.20096,1.20075,1.20086,941,20,0
2012-08-23 14:00:00,1.20085,1.20092,1.2007,1.20082,1379,20,0
2012-08-23 16:00:00,1.2008,1.20084,1.20065,1.20071,1368,20,0
2012-08-23 18:00:00,1.20072,1.2009,1.20062,1.20083,1190,20,0
2012-08-23 20:00:00,1.20084,1.20084,1.20072,1.20079,699,22,0
2012-08-23 22:00:00,1.2008,1.20087,1.20063,1.20068,883,35,0
2012-08-24 00:00:00,1.20073,1.20088,1.20063,1.20082,1036,35,0
2012-08-24 02:00:00,1.20084,1.20089,1.20076,1.20085,701,35,0
2012-08-24 04:00:00,1.20084,1.20088,1.20074,1.20082,691,35,0
2012-08-24 06:00:00,1.20083,1.20097,1.20077,1.2009,903,20,0
2012-08-24 08:00:00,1.20092,1.20095,1.2008,1.20087,1166,20,0
2012-08-24 10:00:00,1.20085,1.20094,1.20073,1.20086,1163,20,0
2012-08-24 12:00:00,1.20083,1.2009,1.20071,1.20081,1101,20,0
2012-08-24 14:00:00,1.2008,1.20085,1.20011,1.20074,942,20,0
2012-08-24 16:00:00,1.20075,1.20081,1.2007,1.20074,649,20,0
2012-08-24 18:00:00,1.20076,1.2008,1.20071,1.20076,546,20,0
2012-08-24 20:00:00,1.20071,1.20071,1.2006,1.2007,574,35,0
2012-08-24 22:00:00,1.20066,1.20078,1.2005,1.20062,387,35,0
2012-08-27 00:00:00,1.20086,1.20095,1.20065,1.20085,735,35,0
2012-08-27 02:00:00,1.20084,1.20091,1.20081,1.20087,416,35,0
2012-08-27 04:00:00,1.20088,1.20091,1.20081,1.20088,416,35,0
2012-08-27 06:00:00,1.20094,1.201,1.20081,1.20093,560,20,0
2012-08-27 08:00:00,1.20094,1.20099,1.20086,1.20091,573,5,0
2012-08-27 10:00:00,1.20092,1.20097,1.20084,1.20089,365,20,0
2012-08-27 12:00:00,1.2009,1.20098,1.20086,1.20093,406,20,0
2012-08-27 14:00:00,1.20092,1.20097,1.20087,1.20092,471,20,0
2012-08-27 16:00:00,1.20098,1.20098,1.20086,1.20086,551,20,0
2012-08-27 18:00:00,1.20088,1.20102,1.20088,1.20094,739,20,0
2012-08-27 20:00:00,1.20088,1.20093,1.20083,1.20089,580,30,0
2012-08-27 22:00:00,1.20091,1.20101,1.20076,1.2009,1001,12,0
2012-08-28 00:00:00,1.20083,1.20102,1.20076,1.20092,1147,35,0
2012-08-28 02:00:00,1.20093,1.20102,1.20087,1.20098,517,35,0
2012-08-28 04:00:00,1.20097,1.20101,1.20082,1.20089,662,35,0
2012-08-28 06:00:00,1.20095,1.20103,1.20081,1.20093,515,20,0
2012-08-28 08:00:00,1.20092,1.20107,1.20089,1.20102,423,20,0
2012-08-28 10:00:00,1.20101,1.20106,1.20089,1.20092,690,20,0
2012-08-28 12:00:00,1.20091,1.20105,1.20084,1.20092,683,20,0
2012-08-28 14:00:00,1.20091,1.20093,1.2007,1.20081,680,20,0
2012-08-28 16:00:00,1.2008,1.20085,1.2007,1.20084,688,20,0
2012-08-28 18:00:00,1.20083,1.20085,1.2007,1.20078,563,20,0
2012-08-28 20:00:00,1.2007,1.2008,1.20067,1.20076,624,30,0
2012-08-28 22:00:00,1.20077,1.20083,1.20062,1.20075,619,35,0
2012-08-29 00:00:00,1.20077,1.20088,1.20066,1.20085,886,35,0
2012-08-29 02:00:00,1.20088,1.2009,1.20078,1.20084,671,35,0
2012-08-29 04:00:00,1.20086,1.2009,1.20082,1.20085,718,35,0
2012-08-29 06:00:00,1.20094,1.20098,1.20082,1.20092,679,20,0
2012-08-29 08:00:00,1.20091,1.20095,1.20079,1.20085,475,20,0
2012-08-29 10:00:00,1.20086,1.20096,1.2008,1.20091,542,20,0
2012-08-29 12:00:00,1.20092,1.20099,1.2008,1.20089,601,20,0
2012-08-29 14:00:00,1.2009,1.20091,1.20075,1.20083,653,20,0
2012-08-29 16:00:00,1.20082,1.20092,1.2008,1.20086,731,20,0
2012-08-29 18:00:00,1.20087,1.20091,1.20079,1.20083,465,20,0
2012-08-29 20:00:00,1.20077,1.2008,1.20073,1.20077,388,30,0
2012-08-29 22:00:00,1.20078,1.2009,1.20066,1.20085,564,35,0
2012-08-30 00:00:00,1.20086,1.20092,1.20077,1.20087,602,35,0
2012-08-30 02:00:00,1.20086,1.20092,1.20079,1.20084,663,35,0
2012-08-30 04:00:00,1.20085,1.20092,1.20084,1.20087,398,35,0
2012-08-30 06:00:00,1.20088,1.20097,1.20086,1.20094,544,20,0
2012-08-30 08:00:00,1.20095,1.20099,1.20082,1.20085,492,20,0
2012-08-30 10:00:00,1.20086,1.20089,1.2008,1.20087,538,20,0
2012-08-30 12:00:00,1.20086,1.20088,1.20075,1.2008,464,20,0
2012-08-30 14:00:00,1.20079,1.20083,1.2007,1.20077,646,20,0
2012-08-30 16:00:00,1.20078,1.20093,1.2007,1.20077,865,20,0
2012-08-30 18:00:00,1.20076,1.20087,1.2007,1.20082,432,20,0
2012-08-30 20:00:00,1.2008,1.20083,1.20073,1.20082,413,27,0
2012-08-30 22:00:00,1.2008,1.20085,1.2006,1.20078,691,35,0
2012-08-31 00:00:00,1.20079,1.20087,1.20065,1.2008,640,35,0
2012-08-31 02:00:00,1.20081,1.20086,1.20076,1.2008,493,35,0
2012-08-31 04:00:00,1.20081,1.20083,1.20075,1.20075,369,35,0
2012-08-31 06:00:00,1.20076,1.20091,1.20076,1.20084,396,20,0
2012-08-31 08:00:00,1.20086,1.20088,1.20077,1.2008,531,20,0
2012-08-31 10:00:00,1.20079,1.20087,1.2007,1.20076,731,20,0
2012-08-31 12:00:00,1.20077,1.20083,1.20071,1.20081,718,20,0
2012-08-31 14:00:00,1.20082,1.20083,1.20072,1.20075,828,20,0
2012-08-31 16:00:00,1.20072,1.20081,1.2006,1.20071,1008,20,0
2012-08-31 18:00:00,1.20072,1.20079,1.2006,1.20072,776,20,0
2012-08-31 20:00:00,1.20071,1.20072,1.20061,1.20065,540,20,0
2012-08-31 22:00:00,1.20066,1.20079,1.20059,1.20076,461,35,0
2012-09-03 00:00:00,1.20077,1.20081,1.20069,1.20073,769,35,0
2012-09-03 02:00:00,1.20074,1.2008,1.20071,1.20077,448,35,0
2012-09-03 04:00:00,1.20075,1.20078,1.20066,1.20075,710,35,0
2012-09-03 06:00:00,1.20083,1.20086,1.20075,1.20085,386,20,0
2012-09-03 08:00:00,1.20082,1.20088,1.2008,1.20085,528,20,0
2012-09-03 10:00:00,1.20086,1.20089,1.20071,1.20074,481,20,0
2012-09-03 12:00:00,1.20075,1.20078,1.2007,1.20075,472,20,0
2012-09-03 14:00:00,1.20074,1.20078,1.20069,1.20072,470,20,0
2012-09-03 16:00:00,1.20073,1.20076,1.20068,1.20075,585,20,0
2012-09-03 18:00:00,1.20072,1.20078,1.20057,1.20071,544,20,0
2012-09-03 20:00:00,1.20065,1.20081,1.20062,1.20076,1066,35,0
2012-09-03 22:00:00,1.20074,1.20081,1.20039,1.20078,951,35,0
2012-09-04 00:00:00,1.20077,1.20081,1.20068,1.20075,503,35,0
2012-09-04 02:00:00,1.20076,1.2008,1.20073,1.20076,466,35,0
2012-09-04 04:00:00,1.20077,1.20079,1.20071,1.20075,396,35,0
2012-09-04 06:00:00,1.20082,1.20085,1.2007,1.20082,590,20,0
2012-09-04 08:00:00,1.20081,1.20111,1.2008,1.20104,753,20,0
2012-09-04 10:00:00,1.20103,1.20105,1.20089,1.20093,578,20,0
2012-09-04 12:00:00,1.20094,1.201,1.20089,1.201,517,20,0
2012-09-04 14:00:00,1.20101,1.2011,1.2009,1.20095,706,20,0
2012-09-04 16:00:00,1.20094,1.20108,1.20089,1.20098,946,20,0
2012-09-04 18:00:00,1.20097,1.2011,1.2009,1.20105,533,20,0
2012-09-04 20:00:00,1.20103,1.20109,1.20095,1.20098,465,25,0
2012-09-04 22:00:00,1.20099,1.2011,1.2009,1.201,684,35,0
2012-09-05 00:00:00,1.20099,1.2011,1.20087,1.20104,678,35,0
2012-09-05 02:00:00,1.20103,1.20115,1.20094,1.20109,524,35,0
2012-09-05 04:00:00,1.20107,1.20131,1.20101,1.20126,583,35,0
2012-09-05 06:00:00,1.20135,1.20135,1.20102,1.20127,610,20,0
2012-09-05 08:00:00,1.20126,1.20135,1.20102,1.20102,1129,20,0
2012-09-05 10:00:00,1.20103,1.20135,1.201,1.20135,764,20,0
2012-09-05 12:00:00,1.20134,1.20146,1.2011,1.20129,764,20,0
2012-09-05 14:00:00,1.20128,1.20454,1.20123,1.20372,4279,20,0
2012-09-05 16:00:00,1.20373,1.20452,1.20298,1.2033,3180,20,0
2012-09-05 18:00:00,1.20328,1.20441,1.20328,1.204,1238,20,0
2012-09-05 20:00:00,1.20396,1.20396,1.20363,1.20388,849,28,0
2012-09-05 22:00:00,1.20389,1.20428,1.20356,1.20418,843,35,0
2012-09-06 00:00:00,1.20419,1.20425,1.20374,1.20386,948,35,0
2012-09-06 02:00:00,1.20385,1.20427,1.2037,1.20422,1178,35,0
2012-09-06 04:00:00,1.20421,1.2057,1.2042,1.20537,1116,35,0
2012-09-06 06:00:00,1.20544,1.20565,1.20494,1.2052,936,20,0
2012-09-06 08:00:00,1.20521,1.20616,1.20456,1.2058,3056,20,0
2012-09-06 10:00:00,1.20578,1.20581,1.20384,1.20505,2464,20,0
2012-09-06 12:00:00,1.20506,1.20525,1.20354,1.20435,2489,20,0
2012-09-06 14:00:00,1.20433,1.20561,1.20373,1.20512,4970,20,0
2012-09-06 16:00:00,1.20511,1.20671,1.20431,1.20435,3630,9,0
2012-09-06 18:00:00,1.20436,1.20552,1.2041,1.20548,1388,20,0
2012-09-06 20:00:00,1.20546,1.20551,1.20478,1.2048,959,20,0
2012-09-06 22:00:00,1.20479,1.20499,1.2043,1.20468,1307,35,0
2012-09-07 00:00:00,1.20472,1.20495,1.20423,1.20465,1054,28,0
2012-09-07 02:00:00,1.20466,1.20532,1.20456,1.20485,773,35,0
2012-09-07 04:00:00,1.20484,1.20507,1.20457,1.20504,800,35,0
2012-09-07 06:00:00,1.2051,1.20613,1.20491,1.20579,1004,20,0
2012-09-07 08:00:00,1.2058,1.21361,1.20563,1.21047,4610,20,0
2012-09-07 10:00:00,1.21046,1.21429,1.20994,1.21346,3949,20,0
2012-09-07 12:00:00,1.21341,1.21546,1.21146,1.21176,4728,20,0
2012-09-07 14:00:00,1.21181,1.21302,1.20772,1.20844,6124,12,0
2012-09-07 16:00:00,1.20843,1.20981,1.20662,1.2094,4494,20,0
2012-09-07 18:00:00,1.20941,1.21078,1.20823,1.20895,2359,20,0
2012-09-07 20:00:00,1.20895,1.21035,1.20885,1.20992,1661,22,0
2012-09-07 22:00:00,1.20993,1.21061,1.20884,1.20901,1372,35,0
2012-09-10 00:00:00,1.20869,1.21043,1.20848,1.2096,1632,26,0
2012-09-10 02:00:00,1.20959,1.20962,1.20889,1.20935,1614,35,0
2012-09-10 04:00:00,1.20934,1.20957,1.20768,1.20773,1286,35,0
2012-09-10 06:00:00,1.20781,1.2093,1.20752,1.20892,1668,20,0
2012-09-10 08:00:00,1.20892,1.21181,1.20783,1.20972,3334,20,0
2012-09-10 10:00:00,1.20968,1.2118,1.20956,1.20985,3192,20,0
2012-09-10 12:00:00,1.20984,1.21026,1.20853,1.20933,2927,20,0
2012-09-10 14:00:00,1.20934,1.20988,1.20808,1.20962,3427,20,0
2012-09-10 16:00:00,1.20961,1.20962,1.2074,1.20749,4857,20,0
2012-09-10 18:00:00,1.2075,1.2089,1.20748,1.20826,2139,20,0
2012-09-10 20:00:00,1.20823,1.20912,1.20721,1.20724,1711,30,0
2012-09-10 22:00:00,1.20725,1.20753,1.20679,1.20708,1796,35,0
2012-09-11 00:00:00,1.20709,1.20775,1.20672,1.20766,1711,35,0
2012-09-11 02:00:00,1.20767,1.20786,1.20698,1.20753,2303,35,0
2012-09-11 04:00:00,1.20752,1.20831,1.20747,1.20799,1754,35,0
2012-09-11 06:00:00,1.20804,1.20815,1.20734,1.20759,1572,13,0
2012-09-11 08:00:00,1.20755,1.20902,1.20602,1.20702,4553,20,0
2012-09-11 10:00:00,1.20703,1.20859,1.20701,1.20729,3249,20,0
2012-09-11 12:00:00,1.20729,1.20747,1.206,1.20745,2273,20,0
2012-09-11 14:00:00,1.20744,1.20769,1.20583,1.20769,3346,20,0
2012-09-11 16:00:00,1.20766,1.20835,1.20684,1.20709,3734,20,0
2012-09-11 18:00:00,1.2071,1.20803,1.20698,1.20752,1714,20,0
2012-09-11 20:00:00,1.20749,1.20749,1.20697,1.20724,1245,24,0
2012-09-11 22:00:00,1.20723,1.20731,1.20622,1.20676,1832,35,0
2012-09-12 00:00:00,1.20676,1.20732,1.20625,1.2068,1992,35,0
2012-09-12 02:00:00,1.20681,1.20722,1.20609,1.20651,2672,35,0
2012-09-12 04:00:00,1.2065,1.20746,1.20625,1.20742,1292,35,0
2012-09-12 06:00:00,1.2074,1.20834,1.2074,1.20824,1888,20,0
2012-09-12 08:00:00,1.20825,1.20912,1.20716,1.20716,3483,20,0
2012-09-12 10:00:00,1.2071,1.21026,1.20379,1.20948,6523,20,0
2012-09-12 12:00:00,1.20957,1.20969,1.20806,1.20819,2922,20,0
2012-09-12 14:00:00,1.2082,1.20903,1.2079,1.20863,3393,20,0
2012-09-12 16:00:00,1.20864,1.20941,1.20811,1.20883,3621,20,0
2012-09-12 18:00:00,1.20884,1.20916,1.20835,1.20898,2020,20,0
2012-09-12 20:00:00,1.20902,1.20911,1.20858,1.20895,1298,20,0
2012-09-12 22:00:00,1.20896,1.20915,1.20862,1.20892,1537,35,0
2012-09-13 00:00:00,1.20894,1.2092,1.20854,1.20895,1469,35,0
2012-09-13 02:00:00,1.20893,1.2097,1.20852,1.20927,2029,35,0
2012-09-13 04:00:00,1.20925,1.20953,1.20907,1.20944,1495,35,0
2012-09-13 06:00:00,1.20943,1.21083,1.20924,1.2108,1656,20,0
2012-09-13 08:00:00,1.21081,1.21093,1.20794,1.21088,3478,20,0
2012-09-13 10:00:00,1.21087,1.21318,1.21014,1.21236,3444,20,0
2012-09-13 12:00:00,1.21238,1.21244,1.21064,1.21224,2609,20,0
2012-09-13 14:00:00,1.21223,1.21331,1.21125,1.21186,3778,20,0
2012-09-13 16:00:00,1.21185,1.21356,1.21074,1.21302,3319,20,0
2012-09-13 18:00:00,1.21301,1.21514,1.21051,1.21405,8018,20,0
2012-09-13 20:00:00,1.21404,1.21613,1.21371,1.21402,3749,20,0
2012-09-13 22:00:00,1.21403,1.21533,1.21401,1.21433,2371,35,0
2012-09-14 00:00:00,1.21434,1.21536,1.21403,1.21463,1533,35,0
2012-09-14 02:00:00,1.21464,1.21614,1.21419,1.21519,1858,35,0
2012-09-14 04:00:00,1.2152,1.21649,1.21508,1.21605,1484,35,0
2012-09-14 06:00:00,1.21606,1.21749,1.21582,1.21716,2117,20,0
2012-09-14 08:00:00,1.21715,1.21755,1.2155,1.21633,3762,20,0
2012-09-14 10:00:00,1.21633,1.21751,1.21541,1.21736,3139,20,0
2012-09-14 12:00:00,1.21735,1.21772,1.21537,1.21608,4103,20,0
2012-09-14 14:00:00,1.21607,1.21687,1.21522,1.21591,4355,20,0
2012-09-14 16:00:00,1.21594,1.21748,1.21555,1.2156,4878,20,0
2012-09-14 18:00:00,1.21559,1.21716,1.21483,1.21525,3495,20,0
2012-09-14 20:00:00,1.21522,1.21648,1.21491,1.216,1847,20,0
2012-09-14 22:00:00,1.21601,1.21724,1.21601,1.21634,1889,35,0
2012-09-17 00:00:00,1.21548,1.21603,1.21403,1.21473,3110,35,0
2012-09-17 02:00:00,1.21474,1.21529,1.21414,1.21518,2176,35,0
2012-09-17 04:00:00,1.21519,1.21597,1.21489,1.21491,1761,35,0
2012-09-17 06:00:00,1.21493,1.21601,1.2149,1.2154,2237,20,0
2012-09-17 08:00:00,1.21541,1.2184,1.21466,1.21824,2899,20,0
2012-09-17 10:00:00,1.2182,1.2182,1.21552,1.21638,3330,20,0
2012-09-17 12:00:00,1.21634,1.21784,1.2159,1.21602,2320,20,0
2012-09-17 14:00:00,1.21604,1.21809,1.21528,1.21801,4169,20,0
2012-09-17 16:00:00,1.21802,1.21825,1.21591,1.21616,3875,20,0
2012-09-17 18:00:00,1.21615,1.21705,1.21584,1.21618,2239,20,0
2012-09-17 20:00:00,1.21617,1.21677,1.21571,1.21616,2113,22,0
2012-09-17 22:00:00,1.21617,1.2164,1.21583,1.21629,1232,35,0
2012-09-18 00:00:00,1.21631,1.21664,1.21527,1.21536,1711,35,0
2012-09-18 02:00:00,1.21535,1.21571,1.21294,1.21445,2179,35,0
2012-09-18 04:00:00,1.21446,1.21516,1.21362,1.21412,1613,35,0
2012-09-18 06:00:00,1.21413,1.21522,1.2138,1.21471,2258,20,0
2012-09-18 08:00:00,1.21467,1.21521,1.2108,1.2108,2996,20,0
2012-09-18 10:00:00,1.21076,1.21223,1.20933,1.21088,3311,20,0
2012-09-18 12:00:00,1.21092,1.21213,1.21086,1.21168,2006,20,0
2012-09-18 14:00:00,1.21169,1.21197,1.21063,1.21176,3597,20,0
2012-09-18 16:00:00,1.21172,1.21313,1.21092,1.21209,2983,20,0
2012-09-18 18:00:00,1.21208,1.2121,1.21135,1.21143,1204,20,0
2012-09-18 20:00:00,1.21145,1.21162,1.21121,1.21121,972,20,0
2012-09-18 22:00:00,1.2112,1.2117,1.2109,1.21112,2331,35,0
2012-09-19 00:00:00,1.21115,1.21158,1.21066,1.21084,1232,35,0
2012-09-19 02:00:00,1.21087,1.21119,1.21059,1.21086,910,35,0
2012-09-19 04:00:00,1.21087,1.21099,1.21065,1.2108,634,35,0
2012-09-19 06:00:00,1.21086,1.21153,1.21071,1.21151,1639,20,0
2012-09-19 08:00:00,1.21152,1.21258,1.211,1.21158,2978,20,0
2012-09-19 10:00:00,1.21159,1.21163,1.20826,1.20868,3423,20,0
2012-09-19 12:00:00,1.20873,1.20983,1.20836,1.20954,2608,20,0
2012-09-19 14:00:00,1.20953,1.2106,1.2087,1.20919,3383,20,0
2012-09-19 16:00:00,1.20916,1.21125,1.20914,1.21062,3391,20,0
2012-09-19 18:00:00,1.21063,1.2119,1.21054,1.21091,1756,20,0
2012-09-19 20:00:00,1.21093,1.21145,1.21054,1.21101,1269,20,0
2012-09-19 22:00:00,1.21099,1.21099,1.20983,1.21026,2317,35,0
2012-09-20 00:00:00,1.21026,1.21042,1.2094,1.20951,1649,35,0
2012-09-20 02:00:00,1.2095,1.21039,1.20939,1.20976,1489,35,0
2012-09-20 04:00:00,1.20977,1.21015,1.20886,1.2089,1743,35,0
2012-09-20 06:00:00,1.20889,1.20992,1.20849,1.20875,2859,20,0
2012-09-20 08:00:00,1.20876,1.2092,1.20803,1.20835,3399,20,0
2012-09-20 10:00:00,1.20834,1.20917,1.20798,1.20829,3015,20,0
2012-09-20 12:00:00,1.20829,1.20897,1.20796,1.20894,2168,20,0
2012-09-20 14:00:00,1.20892,1.20967,1.20842,1.20859,3350,20,0
2012-09-20 16:00:00,1.20859,1.2098,1.20852,1.20883,2978,20,0
2012-09-20 18:00:00,1.20885,1.20983,1.2088,1.20967,1983,20,0
2012-09-20 20:00:00,1.20964,1.21026,1.20948,1.20962,1297,28,0
2012-09-20 22:00:00,1.20963,1.21009,1.20942,1.20951,1001,35,0
2012-09-21 00:00:00,1.20952,1.21026,1.20931,1.20942,1046,35,0
2012-09-21 02:00:00,1.20944,1.21003,1.20942,1.20983,1262,35,0
2012-09-21 04:00:00,1.20984,1.2103,1.20981,1.21011,1130,28,0
2012-09-21 06:00:00,1.21012,1.21035,1.2095,1.21011,1513,20,0
2012-09-21 08:00:00,1.21014,1.21178,1.20978,1.21132,3283,20,0
2012-09-21 10:00:00,1.21133,1.21147,1.20989,1.21123,3254,20,0
2012-09-21 12:00:00,1.21124,1.21139,1.20985,1.21018,2869,20,0
2012-09-21 14:00:00,1.2102,1.21143,1.21,1.21102,3247,20,0
2012-09-21 16:00:00,1.21102,1.2116,1.21043,1.21156,3486,20,0
2012-09-21 18:00:00,1.21155,1.2119,1.21142,1.21167,1431,20,0
2012-09-21 20:00:00,1.2116,1.21199,1.21079,1.21099,1359,35,0
2012-09-21 22:00:00,1.211,1.2118,1.21078,1.21094,1267,35,0
2012-09-24 00:00:00,1.21093,1.21129,1.20996,1.20996,2206,22,0
2012-09-24 02:00:00,1.20997,1.2111,1.20991,1.21024,2218,35,0
2012-09-24 04:00:00,1.21021,1.21037,1.2098,1.21001,1736,35,0
2012-09-24 06:00:00,1.21003,1.2106,1.2096,1.21048,1751,20,0
2012-09-24 08:00:00,1.21055,1.21132,1.20935,1.21016,3354,20,0
2012-09-24 10:00:00,1.20992,1.21025,1.20857,1.20922,3267,20,0
2012-09-24 12:00:00,1.20923,1.20964,1.20869,1.20916,1847,20,0
2012-09-24 14:00:00,1.20918,1.21064,1.20897,1.21056,2586,20,0
2012-09-24 16:00:00,1.21057,1.21063,1.20928,1.20968,2287,20,0
2012-09-24 18:00:00,1.20969,1.21046,1.2096,1.21025,1648,20,0
2012-09-24 20:00:00,1.21024,1.21026,1.20972,1.20994,1406,25,0
2012-09-24 22:00:00,1.20992,1.21014,1.2094,1.20973,1426,35,0
2012-09-25 00:00:00,1.20972,1.20999,1.2094,1.20947,1374,35,0
2012-09-25 02:00:00,1.20946,1.21014,1.20939,1.21001,2025,35,0
2012-09-25 04:00:00,1.21,1.2101,1.20946,1.20962,1449,35,0
2012-09-25 06:00:00,1.2097,1.2102,1.2093,1.20933,2224,20,0
2012-09-25 08:00:00,1.20934,1.21011,1.20908,1.2092,3235,20,0
2012-09-25 10:00:00,1.20911,1.20965,1.20886,1.20928,2447,20,0
2012-09-25 12:00:00,1.20927,1.20938,1.2085,1.20896,2012,20,0
2012-09-25 14:00:00,1.20895,1.20987,1.20849,1.2093,3617,20,0
2012-09-25 16:00:00,1.20925,1.21069,1.20912,1.21019,2796,20,0
2012-09-25 18:00:00,1.21017,1.21133,1.21007,1.21115,2121,20,0
2012-09-25 20:00:00,1.21116,1.21116,1.2091,1.2099,1878,25,0
2012-09-25 22:00:00,1.20989,1.21009,1.20903,1.20942,1953,35,0
2012-09-26 00:00:00,1.20948,1.20986,1.20909,1.20922,1422,35,0
2012-09-26 02:00:00,1.20923,1.20974,1.20913,1.20967,1559,35,0
2012-09-26 04:00:00,1.20966,1.20976,1.20938,1.20956,916,35,0
2012-09-26 06:00:00,1.20962,1.20964,1.20885,1.20909,1794,20,0
2012-09-26 08:00:00,1.20911,1.20926,1.20864,1.2092,2269,20,0
2012-09-26 10:00:00,1.20921,1.20956,1.20847,1.20903,2361,20,0
2012-09-26 12:00:00,1.20902,1.2091,1.20825,1.20857,1368,20,0
2012-09-26 14:00:00,1.20856,1.20945,1.20823,1.20921,2508,20,0
2012-09-26 16:00:00,1.2092,1.20947,1.20778,1.20826,3401,20,0
2012-09-26 18:00:00,1.20827,1.20941,1.20825,1.20859,1821,20,0
2012-09-26 20:00:00,1.20857,1.20922,1.20834,1.20875,2005,24,0
2012-09-26 22:00:00,1.20877,1.20925,1.20876,1.20898,1926,35,0
2012-09-27 00:00:00,1.20894,1.20947,1.2088,1.20935,1390,35,0
2012-09-27 02:00:00,1.20936,1.2095,1.20881,1.20911,1961,35,0
2012-09-27 04:00:00,1.20912,1.20944,1.20892,1.20906,1609,35,0
2012-09-27 06:00:00,1.2091,1.20962,1.2089,1.20948,2502,20,0
2012-09-27 08:00:00,1.20946,1.20964,1.20888,1.20911,2607,20,0
2012-09-27 10:00:00,1.2091,1.20929,1.20795,1.20851,2068,20,0
2012-09-27 12:00:00,1.20852,1.20873,1.20803,1.20816,1802,20,0
2012-09-27 14:00:00,1.20814,1.20863,1.20795,1.20839,2591,20,0
2012-09-27 16:00:00,1.2084,1.20876,1.20792,1.20854,3245,20,0
2012-09-27 18:00:00,1.20855,1.21011,1.20818,1.20999,3580,20,0
2012-09-27 20:00:00,1.20998,1.21089,1.20988,1.21023,1884,28,0
2012-09-27 22:00:00,1.21021,1.2107,1.20963,1.21007,1398,35,0
2012-09-28 00:00:00,1.21008,1.21064,1.20971,1.21011,1600,35,0
2012-09-28 02:00:00,1.21018,1.21026,1.20948,1.20989,2198,35,0
2012-09-28 04:00:00,1.20988,1.21032,1.20961,1.20999,1802,35,0
2012-09-28 06:00:00,1.21015,1.21044,1.20948,1.20974,2158,20,0
2012-09-28 08:00:00,1.20972,1.21057,1.20964,1.20973,3297,20,0
2012-09-28 10:00:00,1.20974,1.21008,1.20943,1.20963,2322,20,0
2012-09-28 12:00:00,1.20962,1.21,1.20934,1.20985,1418,20,0
2012-09-28 14:00:00,1.20986,1.21013,1.20899,1.20948,3261,20,0
2012-09-28 16:00:00,1.20947,1.20988,1.20833,1.20847,3887,20,0
2012-09-28 18:00:00,1.20849,1.20904,1.20799,1.20849,2997,20,0
2012-09-28 20:00:00,1.20854,1.20854,1.20799,1.20843,1321,20,0
2012-09-28 22:00:00,1.20845,1.20852,1.20809,1.20813,1346,35,0
2012-10-01 00:00:00,1.20853,1.20859,1.20763,1.20818,3276,35,0
2012-10-01 02:00:00,1.20819,1.20874,1.20808,1.20871,1834,35,0
2012-10-01 04:00:00,1.20867,1.20874,1.20833,1.20846,843,35,0
2012-10-01 06:00:00,1.20855,1.2088,1.2084,1.20866,1461,20,0
2012-10-01 08:00:00,1.20863,1.20927,1.2085,1.20893,2957,20,0
2012-10-01 10:00:00,1.20892,1.20925,1.20832,1.20882,2936,20,0
2012-10-01 12:00:00,1.20881,1.20945,1.20858,1.20916,1531,20,0
2012-10-01 14:00:00,1.20915,1.21008,1.2091,1.20937,2719,20,0
2012-10-01 16:00:00,1.20935,1.21014,1.20915,1.20955,3168,20,0
2012-10-01 18:00:00,1.20961,1.20969,1.209,1.20903,2045,20,0
2012-10-01 20:00:00,1.20905,1.2092,1.20876,1.20894,1411,25,0
2012-10-01 22:00:00,1.20893,1.20931,1.20884,1.20902,1630,35,0
2012-10-02 00:00:00,1.20901,1.20948,1.20877,1.20927,1390,35,0
2012-10-02 02:00:00,1.20924,1.20986,1.20924,1.2098,818,35,0
2012-10-02 04:00:00,1.20981,1.21003,1.20975,1.20975,636,35,0
2012-10-02 06:00:00,1.20984,1.2099,1.20948,1.20975,2361,20,0
2012-10-02 08:00:00,1.20974,1.20984,1.2089,1.20962,2467,20,0
2012-10-02 10:00:00,1.20961,1.2099,1.2094,1.20981,1870,20,0
2012-10-02 12:00:00,1.20984,1.21025,1.2097,1.21021,1374,20,0
2012-10-02 14:00:00,1.21022,1.21029,1.2095,1.20978,1755,20,0
2012-10-02 16:00:00,1.20979,1.21034,1.20961,1.20974,2456,20,0
2012-10-02 18:00:00,1.20975,1.20993,1.2094,1.20943,1731,20,0
2012-10-02 20:00:00,1.2094,1.20981,1.20918,1.20955,1687,30,0
2012-10-02 22:00:00,1.20953,1.20976,1.20916,1.20949,1513,35,0
2012-10-03 00:00:00,1.20941,1.20978,1.20931,1.20966,1410,35,0
2012-10-03 02:00:00,1.20967,1.20982,1.20923,1.20977,1345,35,0
2012-10-03 04:00:00,1.20976,1.2098,1.20946,1.20966,668,35,0
2012-10-03 06:00:00,1.20972,1.20984,1.2094,1.20952,1133,20,0
2012-10-03 08:00:00,1.2094,1.21041,1.2094,1.21038,2455,20,0
2012-10-03 10:00:00,1.21038,1.21067,1.20999,1.21036,2353,20,0
2012-10-03 12:00:00,1.21037,1.21037,1.21002,1.21022,1479,20,0
2012-10-03 14:00:00,1.21016,1.21047,1.20996,1.21035,1799,20,0
2012-10-03 16:00:00,1.21036,1.21105,1.20962,1.21102,2982,20,0
2012-10-03 18:00:00,1.21102,1.21116,1.2107,1.21088,1671,20,0
2012-10-03 20:00:00,1.21084,1.21127,1.21041,1.21107,1141,20,0
2012-10-03 22:00:00,1.21106,1.21131,1.21083,1.21126,849,35,0
2012-10-04 00:00:00,1.21125,1.21173,1.21117,1.21124,1086,35,0
2012-10-04 02:00:00,1.21123,1.21129,1.2109,1.21121,1556,35,0
2012-10-04 04:00:00,1.21123,1.21175,1.21121,1.21162,1267,35,0
2012-10-04 06:00:00,1.21169,1.21208,1.21157,1.21193,1074,20,0
2012-10-04 08:00:00,1.21192,1.21352,1.21186,1.21295,2821,20,0
2012-10-04 10:00:00,1.21296,1.21317,1.21147,1.212,3035,20,0
2012-10-04 12:00:00,1.21201,1.21256,1.21142,1.21214,1954,20,0
2012-10-04 14:00:00,1.21213,1.21244,1.2113,1.21231,4037,20,0
2012-10-04 16:00:00,1.21233,1.21238,1.21068,1.21128,3187,20,0
2012-10-04 18:00:00,1.21129,1.2116,1.21099,1.21111,2421,20,0
2012-10-04 20:00:00,1.2111,1.21147,1.21087,1.21124,1527,25,0
2012-10-04 22:00:00,1.21126,1.21149,1.21088,1.21132,1423,29,0
2012-10-05 00:00:00,1.21131,1.21147,1.21097,1.21134,1216,35,0
2012-10-05 02:00:00,1.21131,1.21143,1.21097,1.21121,1255,35,0
2012-10-05 04:00:00,1.21122,1.2115,1.21092,1.21134,2834,35,0
2012-10-05 06:00:00,1.21135,1.21174,1.21132,1.21139,2301,20,0
2012-10-05 08:00:00,1.21138,1.21185,1.2111,1.21119,2455,20,0
2012-10-05 10:00:00,1.21119,1.21207,1.21116,1.21193,1872,20,0
2012-10-05 12:00:00,1.21192,1.21226,1.21157,1.21182,2136,20,0
2012-10-05 14:00:00,1.21184,1.2128,1.21095,1.21266,4246,20,0
2012-10-05 16:00:00,1.21259,1.21278,1.2119,1.2123,3312,20,0
2012-10-05 18:00:00,1.21225,1.2123,1.21103,1.21109,2052,20,0
2012-10-05 20:00:00,1.21107,1.21118,1.21081,1.21108,1295,23,0
2012-10-05 22:00:00,1.21106,1.21147,1.21071,1.21103,604,35,0
2012-10-08 00:00:00,1.2112,1.21193,1.2107,1.21162,1726,26,0
2012-10-08 02:00:00,1.21161,1.21196,1.21122,1.21177,1498,35,0
2012-10-08 04:00:00,1.21175,1.21179,1.21107,1.21164,1683,35,0
2012-10-08 06:00:00,1.21166,1.21184,1.21064,1.21089,1754,20,0
2012-10-08 08:00:00,1.21088,1.21252,1.21081,1.21093,3388,20,0
2012-10-08 10:00:00,1.21098,1.21125,1.21022,1.21059,2163,20,0
2012-10-08 12:00:00,1.2106,1.2108,1.21008,1.2106,2302,20,0
2012-10-08 14:00:00,1.21063,1.21097,1.21049,1.21067,2210,20,0
2012-10-08 16:00:00,1.21068,1.21085,1.21023,1.21039,2470,20,0
2012-10-08 18:00:00,1.21037,1.21059,1.2096,1.20985,1302,20,0
2012-10-08 20:00:00,1.20985,1.21019,1.20956,1.21018,840,28,0
2012-10-08 22:00:00,1.21019,1.21051,1.20911,1.21003,1612,35,0
2012-10-09 00:00:00,1.21005,1.21034,1.20982,1.21022,1579,35,0
2012-10-09 02:00:00,1.21024,1.21421,1.21018,1.21362,2347,35,0
2012-10-09 04:00:00,1.21363,1.21369,1.21329,1.21333,776,35,0
2012-10-09 06:00:00,1.21337,1.21365,1.21256,1.21275,1322,20,0
2012-10-09 08:00:00,1.21276,1.21324,1.21089,1.2115,3368,20,0
2012-10-09 10:00:00,1.21147,1.21158,1.21074,1.21087,2463,20,0
2012-10-09 12:00:00,1.2109,1.21117,1.21058,1.21085,1602,20,0
2012-10-09 14:00:00,1.21084,1.21136,1.21022,1.21053,2806,20,0
2012-10-09 16:00:00,1.21051,1.21081,1.20993,1.21016,3881,20,0
2012-10-09 18:00:00,1.21019,1.21084,1.21003,1.21029,1831,20,0
2012-10-09 20:00:00,1.2103,1.21162,1.21023,1.21133,1296,22,0
2012-10-09 22:00:00,1.21134,1.21155,1.2105,1.21132,1384,35,0
2012-10-10 00:00:00,1.21118,1.21138,1.21084,1.21106,1823,35,0
2012-10-10 02:00:00,1.21105,1.21134,1.21093,1.21095,1607,35,0
2012-10-10 04:00:00,1.21097,1.211,1.20982,1.21059,2240,35,0
2012-10-10 06:00:00,1.21065,1.2115,1.21063,1.2108,1621,20,0
2012-10-10 08:00:00,1.2109,1.2109,1.20988,1.21043,3056,20,0
2012-10-10 10:00:00,1.21042,1.21101,1.21014,1.2105,2150,20,0
2012-10-10 12:00:00,1.21049,1.21087,1.21022,1.21065,1840,20,0
2012-10-10 14:00:00,1.21067,1.21096,1.21035,1.21057,2095,20,0
2012-10-10 16:00:00,1.21058,1.21132,1.2103,1.21043,2647,20,0
2012-10-10 18:00:00,1.21038,1.21058,1.21,1.21009,1648,20,0
2012-10-10 20:00:00,1.21008,1.21047,1.20979,1.2102,1613,20,0
2012-10-10 22:00:00,1.21016,1.21025,1.20583,1.20689,2657,35,0
2012-10-11 00:00:00,1.2069,1.2088,1.20649,1.20864,2923,35,0
2012-10-11 02:00:00,1.20862,1.20872,1.20767,1.20803,2670,35,0
2012-10-11 04:00:00,1.20801,1.20905,1.20791,1.20836,1789,35,0
2012-10-11 06:00:00,1.20838,1.20907,1.20827,1.20853,1530,20,0
2012-10-11 08:00:00,1.2084,1.20865,1.20757,1.20831,2612,20,0
2012-10-11 10:00:00,1.20829,1.2083,1.20737,1.20765,1902,20,0
2012-10-11 12:00:00,1.20767,1.20915,1.2074,1.20901,2385,20,0
2012-10-11 14:00:00,1.20899,1.20919,1.20851,1.20912,2622,20,0
2012-10-11 16:00:00,1.20916,1.21006,1.20896,1.20927,2551,20,0
2012-10-11 18:00:00,1.20926,1.20926,1.2085,1.20864,1694,20,0
2012-10-11 20:00:00,1.20859,1.20864,1.20809,1.20831,1031,30,0
2012-10-11 22:00:00,1.20832,1.20876,1.2078,1.20858,1223,35,0
2012-10-12 00:00:00,1.20856,1.20907,1.2085,1.20897,913,35,0
2012-10-12 02:00:00,1.20898,1.20964,1.20858,1.20944,1562,35,0
2012-10-12 04:00:00,1.20943,1.20954,1.20882,1.20893,1287,35,0
2012-10-12 06:00:00,1.20894,1.2092,1.20875,1.20894,1777,20,0
2012-10-12 08:00:00,1.20893,1.20971,1.2088,1.20948,2530,20,0
2012-10-12 10:00:00,1.20951,1.20998,1.20906,1.20967,2291,20,0
2012-10-12 12:00:00,1.20969,1.20969,1.20863,1.2091,1972,20,0
2012-10-12 14:00:00,1.20911,1.20937,1.20858,1.20915,2804,20,0
2012-10-12 16:00:00,1.20914,1.20938,1.2079,1.20826,2527,20,0
2012-10-12 18:00:00,1.20827,1.20891,1.20821,1.20837,1467,20,0
2012-10-12 20:00:00,1.20836,1.20911,1.20803,1.20905,842,22,0
2012-10-12 22:00:00,1.20904,1.20958,1.20828,1.20886,1458,35,0
2012-10-15 00:00:00,1.20844,1.2093,1.20822,1.20905,2481,32,0
2012-10-15 02:00:00,1.20904,1.20905,1.20778,1.2084,2991,35,0
2012-10-15 04:00:00,1.20841,1.20858,1.20782,1.20832,2318,35,0
2012-10-15 06:00:00,1.20841,1.20851,1.20787,1.20842,2124,20,0
2012-10-15 08:00:00,1.20844,1.20943,1.20841,1.20918,2608,20,0
2012-10-15 10:00:00,1.20919,1.20937,1.20896,1.20917,2085,20,0
2012-10-15 12:00:00,1.20916,1.20927,1.20899,1.20906,1277,20,0
2012-10-15 14:00:00,1.20903,1.20915,1.20849,1.20885,2263,20,0
2012-10-15 16:00:00,1.20884,1.20884,1.20795,1.20833,2643,20,0
2012-10-15 18:00:00,1.20832,1.20867,1.20813,1.20833,1898,20,0
2012-10-15 20:00:00,1.20829,1.20853,1.20805,1.20845,1020,35,0
2012-10-15 22:00:00,1.20846,1.20858,1.20783,1.20826,958,28,0
2012-10-16 00:00:00,1.20827,1.20892,1.20807,1.20845,1114,35,0
2012-10-16 02:00:00,1.20846,1.20896,1.2084,1.20884,1756,35,0
2012-10-16 04:00:00,1.20883,1.20903,1.20877,1.20878,813,35,0
2012-10-16 06:00:00,1.20883,1.20926,1.2087,1.20924,1360,20,0
2012-10-16 08:00:00,1.20925,1.2093,1.20836,1.20898,2157,20,0
2012-10-16 10:00:00,1.20898,1.20928,1.2085,1.20877,1813,20,0
2012-10-16 12:00:00,1.20876,1.21002,1.20829,1.20967,2237,20,0
2012-10-16 14:00:00,1.20968,1.20987,1.20868,1.20914,2869,20,0
2012-10-16 16:00:00,1.20918,1.20921,1.20834,1.20874,2736,20,0
2012-10-16 18:00:00,1.20875,1.20911,1.20846,1.20897,2275,20,0
2012-10-16 20:00:00,1.2089,1.2089,1.20835,1.20883,1098,30,0
2012-10-16 22:00:00,1.20884,1.20933,1.20837,1.2092,2219,35,0
2012-10-17 00:00:00,1.20919,1.20959,1.20886,1.20959,2076,35,0
2012-10-17 02:00:00,1.20958,1.20988,1.2094,1.20963,1488,35,0
2012-10-17 04:00:00,1.2096,1.20968,1.20916,1.20917,1504,35,0
2012-10-17 06:00:00,1.20924,1.21011,1.20886,1.20967,2138,20,0
2012-10-17 08:00:00,1.20969,1.21127,1.20935,1.21058,2568,20,0
2012-10-17 10:00:00,1.21057,1.21063,1.20947,1.21022,2398,20,0
2012-10-17 12:00:00,1.21019,1.21074,1.20957,1.21056,2053,20,0
2012-10-17 14:00:00,1.21055,1.21088,1.21028,1.21067,2775,20,0
2012-10-17 16:00:00,1.21069,1.21088,1.21034,1.21041,2526,20,0
2012-10-17 18:00:00,1.21039,1.21098,1.20982,1.20989,1909,20,0
2012-10-17 20:00:00,1.20986,1.2103,1.20975,1.21005,1148,24,0
2012-10-17 22:00:00,1.21002,1.21016,1.20967,1.20978,984,35,0
2012-10-18 00:00:00,1.20979,1.20986,1.2093,1.20937,1133,35,0
2012-10-18 02:00:00,1.20936,1.20977,1.20928,1.20963,1126,35,0
2012-10-18 04:00:00,1.20965,1.21022,1.20939,1.20953,1577,35,0
2012-10-18 06:00:00,1.20959,1.21003,1.20947,1.20997,1524,20,0
2012-10-18 08:00:00,1.21001,1.21029,1.20924,1.20966,2017,20,0
2012-10-18 10:00:00,1.20965,1.21,1.20931,1.20933,2033,20,0
2012-10-18 12:00:00,1.20935,1.20961,1.20895,1.20915,1810,20,0
2012-10-18 14:00:00,1.20913,1.20946,1.20865,1.20903,1973,20,0
2012-10-18 16:00:00,1.20904,1.20925,1.2085,1.20899,2693,20,0
2012-10-18 18:00:00,1.20902,1.20929,1.20856,1.20856,1586,20,0
2012-10-18 20:00:00,1.20859,1.20875,1.20824,1.20827,1829,25,0
2012-10-18 22:00:00,1.20826,1.20835,1.20765,1.20817,1144,35,0
2012-10-19 00:00:00,1.20815,1.20839,1.20803,1.20819,4356,35,0
2012-10-19 02:00:00,1.20818,1.20867,1.20817,1.20839,1310,35,0
2012-10-19 04:00:00,1.20841,1.20852,1.20808,1.20845,946,35,0
2012-10-19 06:00:00,1.20848,1.20877,1.20826,1.20859,1144,20,0
2012-10-19 08:00:00,1.2086,1.2091,1.20823,1.20907,2062,20,0
2012-10-19 10:00:00,1.20906,1.2092,1.2085,1.20859,1657,20,0
2012-10-19 12:00:00,1.2086,1.20889,1.20818,1.20836,1645,20,0
2012-10-19 14:00:00,1.2083,1.20873,1.20818,1.20818,2257,20,0
2012-10-19 16:00:00,1.2083,1.20909,1.20822,1.20905,2736,20,0
2012-10-19 18:00:00,1.20906,1.20918,1.20844,1.20864,1913,20,0
2012-10-19 20:00:00,1.20865,1.20921,1.20858,1.20908,1327,20,0
2012-10-19 22:00:00,1.20909,1.20918,1.20835,1.20846,965,35,0
2012-10-22 00:00:00,1.20887,1.2092,1.20831,1.20844,2503,26,0
2012-10-22 02:00:00,1.20842,1.20924,1.20842,1.20886,1196,35,0
2012-10-22 04:00:00,1.20884,1.20912,1.20871,1.2089,916,35,0
2012-10-22 06:00:00,1.20897,1.20929,1.2089,1.20903,1133,20,0
2012-10-22 08:00:00,1.20901,1.21,1.2088,1.20994,1984,20,0
2012-10-22 10:00:00,1.20991,1.2104,1.20925,1.21004,2394,20,0
2012-10-22 12:00:00,1.21003,1.21044,1.20958,1.20968,2109,20,0
2012-10-22 14:00:00,1.20967,1.21039,1.20959,1.21006,1948,20,0
2012-10-22 16:00:00,1.21004,1.21027,1.20937,1.20996,3250,20,0
2012-10-22 18:00:00,1.20998,1.21019,1.20969,1.20998,1667,20,0
2012-10-22 20:00:00,1.20996,1.21027,1.20971,1.21025,1286,22,0
2012-10-22 22:00:00,1.21024,1.21055,1.2098,1.21051,1333,35,0
2012-10-23 00:00:00,1.2105,1.21068,1.21042,1.21059,1112,35,0
2012-10-23 02:00:00,1.21058,1.21069,1.21047,1.2106,965,35,0
2012-10-23 04:00:00,1.21062,1.21076,1.21053,1.21074,673,28,0
2012-10-23 06:00:00,1.21082,1.2109,1.2106,1.21074,1050,20,0
2012-10-23 08:00:00,1.21078,1.21078,1.20992,1.20995,2308,20,0
2012-10-23 10:00:00,1.20996,1.21012,1.20945,1.20969,2336,20,0
2012-10-23 12:00:00,1.20967,1.21002,1.2093,1.20968,2766,20,0
2012-10-23 14:00:00,1.20969,1.21033,1.20945,1.21001,3750,20,0
2012-10-23 16:00:00,1.21,1.21029,1.2094,1.20987,3259,20,0
2012-10-23 18:00:00,1.20986,1.21074,1.20948,1.21052,2004,20,0
2012-10-23 20:00:00,1.21042,1.21094,1.21036,1.21065,1133,35,0
2012-10-23 22:00:00,1.21067,1.21098,1.21048,1.21082,1131,35,0
2012-10-24 00:00:00,1.21081,1.21081,1.21024,1.21027,1746,35,0
2012-10-24 02:00:00,1.21026,1.21088,1.21024,1.21034,1357,35,0
2012-10-24 04:00:00,1.21035,1.2104,1.21004,1.21024,725,35,0
2012-10-24 06:00:00,1.21025,1.21064,1.2101,1.21022,2100,20,0
2012-10-24 08:00:00,1.21023,1.2106,1.20949,1.2097,2101,20,0
2012-10-24 10:00:00,1.2097,1.21009,1.20937,1.20948,2177,20,0
2012-10-24 12:00:00,1.2095,1.20983,1.20933,1.2097,1348,20,0
2012-10-24 14:00:00,1.20967,1.2104,1.20949,1.20971,2710,20,0
2012-10-24 16:00:00,1.20969,1.20989,1.20942,1.20949,2469,20,0
2012-10-24 18:00:00,1.20947,1.20977,1.2093,1.20948,1534,20,0
2012-10-24 20:00:00,1.20943,1.20975,1.20928,1.20946,2120,35,0
2012-10-24 22:00:00,1.20945,1.2098,1.20925,1.20956,1226,35,0
2012-10-25 00:00:00,1.20955,1.20972,1.20917,1.20938,1336,35,0
2012-10-25 02:00:00,1.20941,1.20966,1.20915,1.20936,1630,35,0
2012-10-25 04:00:00,1.20933,1.20954,1.20905,1.20909,1885,35,0
2012-10-25 06:00:00,1.2091,1.20975,1.209,1.20969,1675,20,0
2012-10-25 08:00:00,1.20965,1.21023,1.20953,1.20981,1681,20,0
2012-10-25 10:00:00,1.2098,1.2099,1.2096,1.20977,1207,20,0
2012-10-25 12:00:00,1.20978,1.20982,1.20929,1.20959,1453,20,0
2012-10-25 14:00:00,1.20958,1.20965,1.2094,1.20957,1366,20,0
2012-10-25 16:00:00,1.20955,1.20985,1.20928,1.20976,2317,20,0
2012-10-25 18:00:00,1.20975,1.21014,1.20939,1.21012,2187,20,0
2012-10-25 20:00:00,1.21008,1.21008,1.20943,1.2096,1221,33,0
2012-10-25 22:00:00,1.20959,1.20978,1.20927,1.20971,1467,35,0
2012-10-26 00:00:00,1.20969,1.20988,1.20948,1.20976,1035,35,0
2012-10-26 02:00:00,1.20974,1.21002,1.20937,1.20999,1797,35,0
2012-10-26 04:00:00,1.21,1.21007,1.20961,1.20971,1554,35,0
2012-10-26 06:00:00,1.20972,1.20992,1.2096,1.20979,1879,20,0
2012-10-26 08:00:00,1.20978,1.21007,1.20954,1.20967,1211,8,0
2012-10-26 10:00:00,1.20965,1.20996,1.20959,1.20972,970,7,0
2012-10-26 12:00:00,1.20971,1.20987,1.20908,1.2093,1387,5,0
2012-10-26 14:00:00,1.20931,1.20953,1.20782,1.20911,1539,5,0
2012-10-26 16:00:00,1.20912,1.2095,1.20875,1.20925,1621,6,0
2012-10-26 18:00:00,1.20924,1.20962,1.20897,1.20962,990,7,0
2012-10-26 20:00:00,1.20963,1.20967,1.20924,1.20955,749,7,0
2012-10-26 22:00:00,1.20958,1.20973,1.20896,1.20901,460,4,0
2012-10-29 00:00:00,1.20911,1.20938,1.20876,1.20911,1006,9,0
2012-10-29 02:00:00,1.20904,1.20931,1.20882,1.20918,672,12,0
2012-10-29 04:00:00,1.20919,1.2094,1.20902,1.20912,433,8,0
2012-10-29 06:00:00,1.20909,1.20931,1.20867,1.2092,669,8,0
2012-10-29 08:00:00,1.20922,1.2093,1.20849,1.2089,1148,7,0
2012-10-29 10:00:00,1.20892,1.20924,1.20879,1.2089,976,6,0
2012-10-29 12:00:00,1.20901,1.20901,1.20848,1.20859,1229,7,0
2012-10-29 14:00:00,1.2086,1.20891,1.2085,1.20877,925,5,0
2012-10-29 16:00:00,1.20888,1.20893,1.20836,1.20848,943,6,0
2012-10-29 18:00:00,1.20858,1.2087,1.20837,1.20837,582,6,0
2012-10-29 20:00:00,1.20839,1.20865,1.2083,1.20859,536,6,0
2012-10-29 22:00:00,1.20856,1.20866,1.20816,1.2084,943,2,0
2012-10-30 00:00:00,1.2084,1.20855,1.20817,1.20829,690,3,0
2012-10-30 02:00:00,1.20828,1.20846,1.20809,1.20842,2362,6,0
2012-10-30 04:00:00,1.20843,1.20847,1.20801,1.20832,3141,7,0
2012-10-30 06:00:00,1.20834,1.20846,1.20795,1.20829,1687,7,0
2012-10-30 08:00:00,1.20838,1.20886,1.20814,1.20855,1081,7,0
2012-10-30 10:00:00,1.20857,1.2093,1.20832,1.20847,1138,6,0
2012-10-30 12:00:00,1.20845,1.20873,1.20817,1.20829,878,7,0
2012-10-30 14:00:00,1.20831,1.2087,1.20794,1.20794,1109,5,0
2012-10-30 16:00:00,1.20792,1.20857,1.20736,1.20828,1356,1,0
2012-10-30 18:00:00,1.2083,1.2086,1.20784,1.20832,1134,7,0
2012-10-30 20:00:00,1.20831,1.20869,1.20805,1.20805,485,6,0
2012-10-30 22:00:00,1.20807,1.20856,1.20795,1.20839,934,6,0
2012-10-31 00:00:00,1.2084,1.20854,1.20771,1.20776,1326,4,0
2012-10-31 02:00:00,1.20781,1.20801,1.20768,1.20785,2198,10,0
2012-10-31 04:00:00,1.20784,1.20809,1.20779,1.20795,784,9,0
2012-10-31 06:00:00,1.20795,1.20832,1.20781,1.20797,3122,8,0
2012-10-31 08:00:00,1.20805,1.20857,1.20781,1.20801,1379,7,0
2012-10-31 10:00:00,1.20796,1.20798,1.20721,1.20762,2164,6,0
2012-10-31 12:00:00,1.20762,1.20803,1.20741,1.2076,4606,20,0
2012-10-31 14:00:00,1.20759,1.20764,1.2068,1.20721,5966,20,0
2012-10-31 16:00:00,1.20722,1.20768,1.20629,1.20658,6005,20,0
2012-10-31 18:00:00,1.20654,1.20747,1.20653,1.20703,5183,20,0
2012-10-31 20:00:00,1.20702,1.20726,1.2067,1.20714,2763,21,0
2012-10-31 22:00:00,1.20715,1.20737,1.20668,1.20724,2763,35,0
2012-11-01 00:00:00,1.20723,1.20757,1.20691,1.20736,4385,35,0
2012-11-01 02:00:00,1.20736,1.20771,1.20703,1.20762,3459,35,0
2012-11-01 04:00:00,1.20764,1.20779,1.20747,1.20769,2865,35,0
2012-11-01 06:00:00,1.20772,1.20785,1.20712,1.20726,3495,20,0
2012-11-01 08:00:00,1.20725,1.20793,1.20699,1.20735,5323,20,0
2012-11-01 10:00:00,1.20734,1.20749,1.20714,1.20735,3452,20,0
2012-11-01 12:00:00,1.20734,1.20742,1.2066,1.20694,4912,20,0
2012-11-01 14:00:00,1.20693,1.20712,1.20622,1.20654,5590,20,0
2012-11-01 16:00:00,1.20653,1.20666,1.20604,1.20608,5391,20,0
2012-11-01 18:00:00,1.20609,1.20611,1.20527,1.20587,3888,20,0
2012-11-01 20:00:00,1.20588,1.20607,1.20567,1.20594,1556,20,0
2012-11-01 22:00:00,1.20593,1.20599,1.20543,1.20564,3499,35,0
2012-11-02 00:00:00,1.20565,1.20618,1.20558,1.20602,3189,35,0
2012-11-02 02:00:00,1.20599,1.20626,1.20578,1.20617,2986,35,0
2012-11-02 04:00:00,1.20616,1.20623,1.20591,1.20613,1638,35,0
2012-11-02 06:00:00,1.20616,1.2071,1.20601,1.2067,4573,13,0
2012-11-02 08:00:00,1.20669,1.20707,1.20628,1.20653,4826,20,0
2012-11-02 10:00:00,1.20669,1.20705,1.20633,1.20667,4504,5,0
2012-11-02 12:00:00,1.20667,1.20819,1.20643,1.20773,6389,20,0
2012-11-02 14:00:00,1.20773,1.20779,1.20642,1.20646,7104,20,0
2012-11-02 16:00:00,1.20645,1.20727,1.20611,1.20685,6371,20,0
2012-11-02 18:00:00,1.20685,1.20714,1.2061,1.20701,7537,20,0
2012-11-02 20:00:00,1.20701,1.2072,1.2066,1.20682,2856,22,0
2012-11-02 22:00:00,1.2069,1.2069,1.20688,1.20688,4,47,0
2012-11-05 00:00:00,1.20687,1.20713,1.20642,1.20653,3670,17,0
2012-11-05 02:00:00,1.20651,1.20701,1.20642,1.20648,3465,35,0
2012-11-05 04:00:00,1.20647,1.20675,1.20633,1.20661,5486,35,0
2012-11-05 06:00:00,1.20666,1.20745,1.20634,1.20732,4169,20,0
2012-11-05 08:00:00,1.2073,1.20735,1.2062,1.20645,6153,20,0
2012-11-05 10:00:00,1.20644,1.20671,1.20606,1.20652,4786,20,0
2012-11-05 12:00:00,1.2065,1.20679,1.206,1.20615,4395,20,0
2012-11-05 14:00:00,1.20616,1.20636,1.20586,1.2061,4260,20,0
2012-11-05 16:00:00,1.20611,1.20713,1.20607,1.20666,5773,20,0
2012-11-05 18:00:00,1.20665,1.20711,1.20641,1.2069,4175,20,0
2012-11-05 20:00:00,1.20687,1.20695,1.2066,1.20675,2063,24,0
2012-11-05 22:00:00,1.20676,1.20728,1.20672,1.20721,1884,35,0
2012-11-06 00:00:00,1.2072,1.20733,1.20705,1.20721,1884,35,0
2012-11-06 02:00:00,1.2072,1.20732,1.20709,1.20724,1748,35,0
2012-11-06 04:00:00,1.20723,1.20745,1.20703,1.20739,3573,35,0
2012-11-06 06:00:00,1.20746,1.20749,1.20683,1.20683,2751,5,0
2012-11-06 08:00:00,1.20696,1.20722,1.20659,1.20694,5704,20,0
2012-11-06 10:00:00,1.20694,1.20756,1.20682,1.20702,5493,20,0
2012-11-06 12:00:00,1.20703,1.2075,1.20668,1.20708,4674,20,0
2012-11-06 14:00:00,1.20705,1.20793,1.20694,1.20768,5747,20,0
2012-11-06 16:00:00,1.20767,1.20808,1.20748,1.20785,5361,20,0
2012-11-06 18:00:00,1.20786,1.20829,1.20772,1.20815,4064,20,0
2012-11-06 20:00:00,1.20813,1.20851,1.20801,1.20822,2387,23,0
2012-11-06 22:00:00,1.20821,1.20825,1.20788,1.20796,1813,35,0
2012-11-07 00:00:00,1.20797,1.20823,1.20776,1.20787,2484,35,0
2012-11-07 02:00:00,1.20786,1.2084,1.20766,1.20829,3256,35,0
2012-11-07 04:00:00,1.2083,1.20882,1.2082,1.20848,3751,35,0
2012-11-07 06:00:00,1.20851,1.20884,1.20775,1.20816,5709,20,0
2012-11-07 08:00:00,1.20818,1.20849,1.20764,1.2079,5574,20,0
2012-11-07 10:00:00,1.20791,1.20803,1.20702,1.20738,4530,20,0
2012-11-07 12:00:00,1.20737,1.20762,1.20648,1.20649,6673,20,0
2012-11-07 14:00:00,1.20646,1.20659,1.20589,1.20629,6622,20,0
2012-11-07 16:00:00,1.20628,1.20658,1.20583,1.20616,7249,20,0
2012-11-07 18:00:00,1.20615,1.2064,1.20587,1.20632,5483,20,0
2012-11-07 20:00:00,1.20632,1.20637,1.20586,1.20624,3679,23,0
2012-11-07 22:00:00,1.20622,1.20693,1.20617,1.20652,3619,35,0
2012-11-08 00:00:00,1.20654,1.2067,1.20592,1.20606,2439,35,0
2012-11-08 02:00:00,1.20605,1.20636,1.20592,1.20624,2950,35,0
2012-11-08 04:00:00,1.20623,1.20625,1.20586,1.206,2001,35,0
2012-11-08 06:00:00,1.20603,1.20629,1.20578,1.20594,4380,20,0
2012-11-08 08:00:00,1.20595,1.20629,1.20578,1.20599,3850,20,0
2012-11-08 10:00:00,1.206,1.20609,1.20534,1.20554,4797,20,0
2012-11-08 12:00:00,1.20553,1.20604,1.20539,1.20595,4388,20,0
2012-11-08 14:00:00,1.20594,1.2061,1.20546,1.20598,6295,20,0
2012-11-08 16:00:00,1.20597,1.20601,1.20543,1.2055,5454,20,0
2012-11-08 18:00:00,1.20549,1.2059,1.20538,1.20582,5171,20,0
2012-11-08 20:00:00,1.20579,1.20579,1.20534,1.20549,2392,31,0
2012-11-08 22:00:00,1.2055,1.20574,1.20531,1.20552,2081,35,0
2012-11-09 00:00:00,1.20551,1.2057,1.20541,1.20554,2060,35,0
2012-11-09 02:00:00,1.20555,1.20573,1.20525,1.20567,3398,35,0
2012-11-09 04:00:00,1.20566,1.20583,1.20562,1.20575,1939,35,0
2012-11-09 06:00:00,1.20579,1.20591,1.20551,1.20575,3241,20,0
2012-11-09 08:00:00,1.20575,1.20655,1.20538,1.2062,5429,20,0
2012-11-09 10:00:00,1.20623,1.2069,1.2054,1.20558,5374,20,0
2012-11-09 12:00:00,1.20553,1.20594,1.20523,1.2054,4500,20,0
2012-11-09 14:00:00,1.20541,1.20562,1.2051,1.20545,5391,20,0
2012-11-09 16:00:00,1.20545,1.20595,1.20528,1.20569,5793,20,0
2012-11-09 18:00:00,1.20569,1.20605,1.20553,1.20587,5188,20,0
2012-11-09 20:00:00,1.20586,1.20591,1.20557,1.20565,2685,20,0
2012-11-09 22:00:00,1.20564,1.20587,1.20546,1.20555,1720,35,0
2012-11-12 00:00:00,1.2057,1.206,1.20551,1.20579,4814,35,0
2012-11-12 02:00:00,1.2058,1.2062,1.20567,1.20584,3123,35,0
2012-11-12 04:00:00,1.20583,1.20603,1.20574,1.20591,2110,35,0
2012-11-12 06:00:00,1.206,1.20612,1.20567,1.20605,3507,20,0
2012-11-12 08:00:00,1.20604,1.20606,1.20535,1.20544,4173,20,0
2012-11-12 10:00:00,1.20544,1.20545,1.205,1.20529,4125,20,0
2012-11-12 12:00:00,1.20526,1.20563,1.2051,1.20554,3387,20,0
2012-11-12 14:00:00,1.20555,1.20572,1.2052,1.20542,4103,20,0
2012-11-12 16:00:00,1.20541,1.20552,1.20485,1.20518,4177,20,0
2012-11-12 18:00:00,1.20517,1.2052,1.20483,1.20501,3110,20,0
2012-11-12 20:00:00,1.20503,1.20503,1.20485,1.20495,1203,20,0
2012-11-12 22:00:00,1.20494,1.20514,1.20484,1.20499,1364,35,0
2012-11-13 00:00:00,1.205,1.20511,1.20487,1.20496,2323,35,0
2012-11-13 02:00:00,1.20498,1.20504,1.20477,1.20481,2616,35,0
2012-11-13 04:00:00,1.2048,1.20488,1.20438,1.20448,1840,35,0
2012-11-13 06:00:00,1.20448,1.20483,1.20431,1.2048,3196,20,0
2012-11-13 08:00:00,1.20465,1.20499,1.20432,1.20444,3998,20,0
2012-11-13 10:00:00,1.20447,1.20471,1.20429,1.20458,4518,20,0
2012-11-13 12:00:00,1.20459,1.20498,1.2043,1.20466,5328,20,0
2012-11-13 14:00:00,1.20465,1.20468,1.20408,1.20445,4328,8,0
2012-11-13 16:00:00,1.20444,1.20448,1.20401,1.20414,5425,20,0
2012-11-13 18:00:00,1.20413,1.2043,1.2039,1.20405,3677,20,0
2012-11-13 20:00:00,1.20403,1.20404,1.20335,1.20362,1896,25,0
2012-11-13 22:00:00,1.20361,1.20365,1.20338,1.20354,1629,35,0
2012-11-14 00:00:00,1.20355,1.20377,1.20347,1.20354,1956,35,0
2012-11-14 02:00:00,1.20355,1.2036,1.20332,1.20352,1817,35,0
2012-11-14 04:00:00,1.2035,1.20356,1.20337,1.20344,1518,35,0
2012-11-14 06:00:00,1.20351,1.20388,1.20338,1.2036,3126,20,0
2012-11-14 08:00:00,1.20359,1.20425,1.20339,1.20367,5837,20,0
2012-11-14 10:00:00,1.20366,1.20404,1.2035,1.20377,5272,20,0
2012-11-14 12:00:00,1.20374,1.20382,1.20334,1.20374,3650,20,0
2012-11-14 14:00:00,1.20373,1.20435,1.20362,1.20419,5492,20,0
2012-11-14 16:00:00,1.20418,1.20437,1.20372,1.20386,5625,20,0
2012-11-14 18:00:00,1.20389,1.20421,1.20359,1.20406,4383,20,0
2012-11-14 20:00:00,1.20405,1.20406,1.20326,1.2034,3224,20,0
2012-11-14 22:00:00,1.20339,1.20364,1.20322,1.20346,1548,35,0
2012-11-15 00:00:00,1.20342,1.20352,1.20332,1.20345,2157,35,0
2012-11-15 02:00:00,1.20347,1.20349,1.20331,1.20344,2015,35,0
2012-11-15 04:00:00,1.20342,1.2036,1.20326,1.20344,1943,35,0
2012-11-15 06:00:00,1.20343,1.20365,1.20327,1.20351,2943,20,0
2012-11-15 08:00:00,1.2035,1.20387,1.20329,1.20382,3832,20,0
2012-11-15 10:00:00,1.20383,1.20426,1.20365,1.20395,4941,20,0
2012-11-15 12:00:00,1.20394,1.20413,1.20373,1.20403,3189,20,0
2012-11-15 14:00:00,1.20402,1.20432,1.20363,1.20398,6031,20,0
2012-11-15 16:00:00,1.20399,1.20409,1.20355,1.20379,6624,20,0
2012-11-15 18:00:00,1.20378,1.20395,1.20357,1.20382,5186,20,0
2012-11-15 20:00:00,1.20381,1.20395,1.20346,1.20387,3065,25,0
2012-11-15 22:00:00,1.20385,1.20419,1.20375,1.204,2034,35,0
2012-11-16 00:00:00,1.20399,1.20442,1.20398,1.20419,1893,11,0
2012-11-16 02:00:00,1.20418,1.20453,1.2041,1.20426,2038,35,0
2012-11-16 04:00:00,1.20423,1.20436,1.20395,1.20405,2175,35,0
2012-11-16 06:00:00,1.20403,1.20444,1.20388,1.20415,4107,20,0
2012-11-16 08:00:00,1.20416,1.2044,1.20372,1.20374,4567,20,0
2012-11-16 10:00:00,1.20375,1.20431,1.20364,1.20428,4661,20,0
2012-11-16 12:00:00,1.20429,1.20447,1.20403,1.20426,4029,20,0
2012-11-16 14:00:00,1.20426,1.20435,1.204,1.20425,4663,20,0
2012-11-16 16:00:00,1.20426,1.20467,1.20406,1.20424,6636,20,0
2012-11-16 18:00:00,1.2043,1.20474,1.20412,1.20458,5815,20,0
2012-11-16 20:00:00,1.20456,1.20465,1.20431,1.20438,3407,27,0
2012-11-16 22:00:00,1.20439,1.20466,1.20439,1.20455,1072,35,0
2012-11-19 00:00:00,1.2046,1.20533,1.20447,1.20523,3622,22,0
2012-11-19 02:00:00,1.20522,1.20539,1.20501,1.20513,3243,35,0
2012-11-19 04:00:00,1.20524,1.20549,1.20506,1.20536,2524,35,0
2012-11-19 06:00:00,1.20536,1.20554,1.20504,1.20524,3928,20,0
2012-11-19 08:00:00,1.2052,1.20549,1.20492,1.20537,5295,20,0
2012-11-19 10:00:00,1.20537,1.20551,1.2044,1.20452,4152,20,0
2012-11-19 12:00:00,1.20448,1.20489,1.20438,1.20457,3003,20,0
2012-11-19 14:00:00,1.20457,1.20462,1.20428,1.20443,4101,20,0
2012-11-19 16:00:00,1.20437,1.20462,1.20403,1.20416,6464,20,0
2012-11-19 18:00:00,1.20417,1.20435,1.20397,1.2042,3550,20,0
2012-11-19 20:00:00,1.20416,1.20426,1.2039,1.20426,2202,23,0
2012-11-19 22:00:00,1.20424,1.2044,1.20349,1.20372,3241,13,0
2012-11-20 00:00:00,1.20372,1.20398,1.20344,1.20385,3484,35,0
2012-11-20 02:00:00,1.20386,1.20433,1.20383,1.20427,2319,35,0
2012-11-20 04:00:00,1.20426,1.20435,1.20407,1.20413,2109,35,0
2012-11-20 06:00:00,1.20409,1.2045,1.20401,1.20434,4200,20,0
2012-11-20 08:00:00,1.20436,1.20529,1.20407,1.2047,5875,20,0
2012-11-20 10:00:00,1.20471,1.20515,1.20448,1.20483,5034,20,0
2012-11-20 12:00:00,1.20485,1.20496,1.20451,1.20466,4161,20,0
2012-11-20 14:00:00,1.20465,1.20488,1.20446,1.20481,5009,20,0
2012-11-20 16:00:00,1.20482,1.20511,1.2046,1.20482,4871,20,0
2012-11-20 18:00:00,1.20477,1.20485,1.20426,1.20455,3766,20,0
2012-11-20 20:00:00,1.2045,1.20475,1.2043,1.20462,1894,30,0
2012-11-20 22:00:00,1.2046,1.20479,1.20438,1.20459,2129,35,0
2012-11-21 00:00:00,1.2046,1.20475,1.20444,1.20462,2555,35,0
2012-11-21 02:00:00,1.20461,1.20473,1.20442,1.20461,2301,35,0
2012-11-21 04:00:00,1.2046,1.20478,1.20418,1.20449,5019,35,0
2012-11-21 06:00:00,1.2045,1.20502,1.20444,1.20481,3547,20,0
2012-11-21 08:00:00,1.2048,1.20506,1.20442,1.20469,4884,20,0
2012-11-21 10:00:00,1.20471,1.20476,1.20391,1.20394,4503,20,0
2012-11-21 12:00:00,1.20392,1.20409,1.20369,1.20397,4577,20,0
2012-11-21 14:00:00,1.20397,1.20438,1.20375,1.20419,5313,20,0
2012-11-21 16:00:00,1.20419,1.20432,1.20377,1.20387,4723,20,0
2012-11-21 18:00:00,1.20389,1.204,1.20356,1.20394,3062,20,0
2012-11-21 20:00:00,1.2039,1.20418,1.20363,1.20402,1629,28,0
2012-11-21 22:00:00,1.20403,1.2043,1.204,1.20403,1783,35,0
2012-11-22 00:00:00,1.20403,1.20463,1.20398,1.20447,3649,35,0
2012-11-22 02:00:00,1.20446,1.20466,1.20427,1.20452,2558,35,0
2012-11-22 04:00:00,1.20455,1.2047,1.20432,1.2045,2902,35,0
2012-11-22 06:00:00,1.20449,1.20478,1.20432,1.20462,2612,20,0
2012-11-22 08:00:00,1.20463,1.20474,1.20435,1.20453,4245,20,0
2012-11-22 10:00:00,1.20453,1.20472,1.20422,1.20454,3339,20,0
2012-11-22 12:00:00,1.20454,1.20466,1.20428,1.20443,3330,20,0
2012-11-22 14:00:00,1.20444,1.2046,1.20427,1.20452,3559,20,0
2012-11-22 16:00:00,1.20452,1.20476,1.20429,1.2045,3410,20,0
2012-11-22 18:00:00,1.20451,1.20467,1.20421,1.20461,3619,20,0
2012-11-22 20:00:00,1.2046,1.20461,1.20438,1.20454,1593,30,0
2012-11-22 22:00:00,1.20455,1.20465,1.20424,1.20455,1878,35,0
2012-11-23 00:00:00,1.20454,1.20461,1.20398,1.20423,2624,35,0
2012-11-23 02:00:00,1.20421,1.20444,1.20405,1.20441,1739,35,0
2012-11-23 04:00:00,1.20442,1.20449,1.2041,1.20429,1328,35,0
2012-11-23 06:00:00,1.20439,1.20514,1.20426,1.20491,2352,20,0
2012-11-23 08:00:00,1.20495,1.2051,1.20447,1.20458,4611,20,0
2012-11-23 10:00:00,1.20458,1.20535,1.20456,1.20507,5616,20,0
2012-11-23 12:00:00,1.20504,1.20511,1.20478,1.20493,2908,20,0
2012-11-23 14:00:00,1.20492,1.20516,1.20441,1.20463,5757,20,0
2012-11-23 16:00:00,1.20462,1.20479,1.20429,1.2045,5862,20,0
2012-11-23 18:00:00,1.20448,1.20457,1.20357,1.20404,7171,20,0
2012-11-23 20:00:00,1.20401,1.20417,1.20375,1.20393,2951,27,0
2012-11-23 22:00:00,1.20394,1.20414,1.20368,1.20393,1781,35,0
2012-11-26 00:00:00,1.20409,1.20412,1.20359,1.20398,3697,21,0
2012-11-26 02:00:00,1.20399,1.20408,1.20353,1.20375,1974,11,0
2012-11-26 04:00:00,1.20384,1.2039,1.20363,1.20381,1094,11,0
2012-11-26 06:00:00,1.20387,1.20404,1.20349,1.20378,2377,20,0
2012-11-26 08:00:00,1.20385,1.20435,1.2037,1.2041,5325,20,0
2012-11-26 10:00:00,1.20407,1.20456,1.20384,1.20444,4727,15,0
2012-11-26 12:00:00,1.20442,1.20458,1.20421,1.20443,3545,7,0
2012-11-26 14:00:00,1.20444,1.20458,1.20398,1.20416,4423,10,0
2012-11-26 16:00:00,1.20403,1.20423,1.20361,1.20378,4263,9,0
2012-11-26 18:00:00,1.20379,1.2039,1.20352,1.20377,2702,8,0
2012-11-26 20:00:00,1.20369,1.20382,1.20315,1.20334,2115,10,0
2012-11-26 22:00:00,1.20333,1.20375,1.20311,1.20374,3727,19,0
2012-11-27 00:00:00,1.20373,1.20429,1.20343,1.20404,4797,35,0
2012-11-27 02:00:00,1.20402,1.20429,1.20381,1.2042,2602,13,0
2012-11-27 04:00:00,1.20419,1.20426,1.20391,1.20411,1693,5,0
2012-11-27 06:00:00,1.2041,1.20467,1.20402,1.20441,3453,10,0
2012-11-27 08:00:00,1.20442,1.2052,1.204,1.20414,5237,20,0
2012-11-27 10:00:00,1.20413,1.20471,1.20385,1.20407,6000,10,0
2012-11-27 12:00:00,1.20408,1.20415,1.20376,1.20393,4730,20,0
2012-11-27 14:00:00,1.20405,1.20418,1.2037,1.20404,5718,20,0
2012-11-27 16:00:00,1.20405,1.20464,1.20391,1.20462,5560,20,0
2012-11-27 18:00:00,1.20461,1.20468,1.20379,1.20379,3435,10,0
2012-11-27 20:00:00,1.20394,1.20403,1.20364,1.20391,2832,14,0
2012-11-27 22:00:00,1.2039,1.20432,1.20376,1.20379,2364,15,0
2012-11-28 00:00:00,1.2038,1.20405,1.20372,1.20388,2006,15,0
2012-11-28 02:00:00,1.20391,1.20393,1.20364,1.20379,2119,11,0
2012-11-28 04:00:00,1.2038,1.20387,1.20357,1.2037,1772,11,0
2012-11-28 06:00:00,1.20378,1.2038,1.2033,1.20365,3702,18,0
2012-11-28 08:00:00,1.20366,1.20382,1.20342,1.20364,4685,9,0
2012-11-28 10:00:00,1.20365,1.20376,1.20327,1.20351,4096,20,0
2012-11-28 12:00:00,1.2035,1.20381,1.20281,1.20334,5163,20,0
2012-11-28 14:00:00,1.20333,1.20361,1.20282,1.203,5900,20,0
2012-11-28 16:00:00,1.20299,1.20356,1.20288,1.20338,6029,20,0
2012-11-28 18:00:00,1.20339,1.20352,1.20312,1.20326,4343,20,0
2012-11-28 20:00:00,1.20333,1.20367,1.20315,1.20349,2082,9,0
2012-11-28 22:00:00,1.2035,1.20357,1.20314,1.20326,2700,11,0
2012-11-29 00:00:00,1.20324,1.20356,1.20315,1.20352,2765,11,0
2012-11-29 02:00:00,1.20351,1.20373,1.20344,1.20364,1749,11,0
2012-11-29 04:00:00,1.20363,1.20381,1.2035,1.20361,1448,12,0
2012-11-29 06:00:00,1.20365,1.20382,1.2035,1.2036,2810,13,0
2012-11-29 08:00:00,1.20369,1.20393,1.20332,1.20377,4532,14,0
2012-11-29 10:00:00,1.20385,1.2042,1.20358,1.20404,4214,11,0
2012-11-29 12:00:00,1.20403,1.20419,1.2038,1.20408,1373,8,0
2012-11-29 14:00:00,1.20415,1.20425,1.2039,1.20409,1617,8,0
2012-11-29 16:00:00,1.2041,1.20415,1.20368,1.20372,2945,8,0
2012-11-29 18:00:00,1.20373,1.20384,1.2035,1.20382,1098,9,0
2012-11-29 20:00:00,1.2038,1.20408,1.20342,1.20377,973,9,0
2012-11-29 22:00:00,1.20376,1.20395,1.20349,1.20371,1219,6,0
2012-11-30 00:00:00,1.20369,1.20386,1.20359,1.20375,1192,10,0
2012-11-30 02:00:00,1.20374,1.20433,1.20367,1.20414,1964,10,0
2012-11-30 04:00:00,1.20413,1.20431,1.20408,1.20429,1772,10,0
2012-11-30 06:00:00,1.2043,1.20439,1.20411,1.20424,2895,10,0
2012-11-30 08:00:00,1.20425,1.20462,1.20408,1.20431,4903,20,0
2012-11-30 10:00:00,1.20429,1.20462,1.20423,1.20452,4085,20,0
2012-11-30 12:00:00,1.20452,1.20526,1.20436,1.2051,4781,20,0
2012-11-30 14:00:00,1.20506,1.20543,1.2048,1.20516,5486,20,0
2012-11-30 16:00:00,1.20517,1.20582,1.20468,1.20507,6366,20,0
2012-11-30 18:00:00,1.2051,1.20517,1.2046,1.20493,3665,13,0
2012-11-30 20:00:00,1.20489,1.20529,1.20481,1.20505,2387,6,0
2012-11-30 22:00:00,1.20504,1.20536,1.2047,1.20495,2287,15,0
2012-12-03 00:00:00,1.20507,1.20542,1.20485,1.20506,3632,21,0
2012-12-03 02:00:00,1.20507,1.20596,1.20488,1.20578,3832,28,0
2012-12-03 04:00:00,1.20577,1.20615,1.20568,1.20604,1262,12,0
2012-12-03 06:00:00,1.20614,1.20626,1.20576,1.20591,2914,13,0
2012-12-03 08:00:00,1.20592,1.20606,1.20536,1.20559,4635,20,0
2012-12-03 10:00:00,1.20559,1.20645,1.20541,1.20603,4504,20,0
2012-12-03 12:00:00,1.20604,1.20939,1.20551,1.20884,6107,20,0
2012-12-03 14:00:00,1.20883,1.20954,1.20803,1.20824,6727,20,0
2012-12-03 16:00:00,1.20824,1.20914,1.208,1.20852,6567,20,0
2012-12-03 18:00:00,1.20853,1.20857,1.20791,1.20844,4115,20,0
2012-12-03 20:00:00,1.20826,1.20889,1.2082,1.2084,2700,13,0
2012-12-03 22:00:00,1.20839,1.20847,1.20789,1.20827,2776,6,0
2012-12-04 00:00:00,1.20822,1.20876,1.20784,1.20871,2874,13,0
2012-12-04 02:00:00,1.20873,1.20886,1.20821,1.20845,2207,11,0
2012-12-04 04:00:00,1.20846,1.2091,1.20843,1.20886,3112,28,0
2012-12-04 06:00:00,1.20884,1.20923,1.20862,1.20901,3798,14,0
2012-12-04 08:00:00,1.20901,1.21148,1.20849,1.21133,5840,20,0
2012-12-04 10:00:00,1.21133,1.21443,1.21051,1.21139,8067,20,0
2012-12-04 12:00:00,1.21139,1.21389,1.21119,1.21343,6049,20,0
2012-12-04 14:00:00,1.21342,1.21368,1.21257,1.21304,6774,9,0
2012-12-04 16:00:00,1.21303,1.21323,1.21111,1.21285,7148,20,0
2012-12-04 18:00:00,1.21281,1.2137,1.21245,1.21367,4423,16,0
2012-12-04 20:00:00,1.21363,1.21386,1.21277,1.21305,3040,16,0
2012-12-04 22:00:00,1.21304,1.21338,1.21284,1.21327,2562,16,0
2012-12-05 00:00:00,1.21324,1.21389,1.21318,1.21377,3062,20,0
2012-12-05 02:00:00,1.21378,1.21485,1.21351,1.21477,2929,17,0
2012-12-05 04:00:00,1.21479,1.21517,1.21416,1.21454,3307,14,0
2012-12-05 06:00:00,1.21454,1.21461,1.2136,1.21424,1793,11,0
2012-12-05 08:00:00,1.21424,1.21524,1.21363,1.21517,1892,7,0
2012-12-05 10:00:00,1.21516,1.2158,1.21432,1.21503,2633,9,0
2012-12-05 12:00:00,1.21502,1.21679,1.21282,1.21289,2940,9,0
2012-12-05 14:00:00,1.21288,1.21303,1.21205,1.21277,2649,6,0
2012-12-05 16:00:00,1.21276,1.21285,1.21019,1.21122,4084,10,0
2012-12-05 18:00:00,1.21123,1.21213,1.21112,1.21138,4421,6,0
2012-12-05 20:00:00,1.2113,1.21159,1.21075,1.21091,2490,7,0
2012-12-05 22:00:00,1.21088,1.21112,1.21017,1.21046,3028,7,0
2012-12-06 00:00:00,1.21047,1.21146,1.21005,1.21025,3946,32,0
2012-12-06 02:00:00,1.21026,1.21062,1.20837,1.21019,4066,15,0
2012-12-06 04:00:00,1.21018,1.21047,1.20978,1.21009,2379,12,0
2012-12-06 06:00:00,1.21012,1.21063,1.20978,1.21062,3353,20,0
2012-12-06 08:00:00,1.21063,1.21103,1.20902,1.21062,6148,20,0
2012-12-06 10:00:00,1.21063,1.21276,1.21011,1.21204,5536,20,0
2012-12-06 12:00:00,1.21193,1.21247,1.21037,1.21115,5674,20,0
2012-12-06 14:00:00,1.21113,1.2115,1.20891,1.20946,9410,6,0
2012-12-06 16:00:00,1.20947,1.20981,1.20829,1.20977,7771,20,0
2012-12-06 18:00:00,1.20975,1.20983,1.20901,1.20968,4732,10,0
2012-12-06 20:00:00,1.20969,1.20988,1.20931,1.20981,2084,8,0
2012-12-06 22:00:00,1.20979,1.20988,1.20883,1.20912,2783,12,0
2012-12-07 00:00:00,1.20909,1.2093,1.20838,1.20864,3318,10,0
2012-12-07 02:00:00,1.20858,1.20939,1.20855,1.20917,2779,12,0
2012-12-07 04:00:00,1.20915,1.20917,1.20847,1.20869,1936,12,0
2012-12-07 06:00:00,1.20871,1.20898,1.20831,1.20878,3053,16,0
2012-12-07 08:00:00,1.20889,1.20977,1.20789,1.20865,6323,20,0
2012-12-07 10:00:00,1.20862,1.20996,1.20862,1.20908,5444,20,0
2012-12-07 12:00:00,1.20907,1.20968,1.20788,1.20813,5741,20,0
2012-12-07 14:00:00,1.20817,1.20862,1.20741,1.20838,7792,20,0
2012-12-07 16:00:00,1.20839,1.20856,1.20749,1.20773,6455,20,0
2012-12-07 18:00:00,1.20774,1.20807,1.20747,1.2078,3386,7,0
2012-12-07 20:00:00,1.20779,1.2081,1.2076,1.2079,2148,9,0
2012-12-07 22:00:00,1.20789,1.20823,1.20743,1.20762,1713,8,0
2012-12-10 00:00:00,1.20785,1.2079,1.20726,1.20736,3637,8,0
2012-12-10 02:00:00,1.20735,1.20748,1.20719,1.20746,2449,12,0
2012-12-10 04:00:00,1.20743,1.20752,1.20722,1.20728,2089,15,0
2012-12-10 06:00:00,1.20737,1.20763,1.20708,1.20747,3311,20,0
2012-12-10 08:00:00,1.20747,1.20785,1.20636,1.20696,5726,20,0
2012-12-10 10:00:00,1.20694,1.20706,1.20606,1.20634,4866,20,0
2012-12-10 12:00:00,1.20636,1.20682,1.20612,1.20682,4319,9,0
2012-12-10 14:00:00,1.20682,1.2073,1.20649,1.20695,5298,20,0
2012-12-10 16:00:00,1.20694,1.20698,1.20606,1.20627,5255,20,0
2012-12-10 18:00:00,1.20626,1.20763,1.20623,1.20741,2993,7,0
2012-12-10 20:00:00,1.2074,1.20779,1.20718,1.20772,1969,6,0
2012-12-10 22:00:00,1.20773,1.20803,1.20738,1.20791,2094,7,0
2012-12-11 00:00:00,1.2079,1.20802,1.20756,1.20768,2031,12,0
2012-12-11 02:00:00,1.20769,1.20798,1.20741,1.20784,1799,11,0
2012-12-11 04:00:00,1.20783,1.20827,1.20776,1.20815,1826,11,0
2012-12-11 06:00:00,1.20822,1.20835,1.2078,1.20822,2794,12,0
2012-12-11 08:00:00,1.20823,1.2125,1.20815,1.21186,8495,20,0
2012-12-11 10:00:00,1.21187,1.21255,1.2102,1.21111,6382,20,0
2012-12-11 12:00:00,1.21113,1.21144,1.21038,1.21119,5166,20,0
2012-12-11 14:00:00,1.21119,1.21235,1.21051,1.21193,5574,9,0
2012-12-11 16:00:00,1.2119,1.21274,1.2114,1.21243,5768,20,0
2012-12-11 18:00:00,1.21244,1.21286,1.2117,1.21278,3961,20,0
2012-12-11 20:00:00,1.21275,1.21279,1.21208,1.21216,2072,8,0
2012-12-11 22:00:00,1.21217,1.21259,1.21186,1.21193,2474,8,0
2012-12-12 00:00:00,1.21194,1.21247,1.21176,1.21239,2675,17,0
2012-12-12 02:00:00,1.2124,1.21252,1.21205,1.21226,1981,11,0
2012-12-12 04:00:00,1.21224,1.21235,1.21068,1.21094,2355,16,0
2012-12-12 06:00:00,1.21093,1.21236,1.21089,1.2123,3535,20,0
2012-12-12 08:00:00,1.21231,1.2126,1.21137,1.21258,5136,20,0
2012-12-12 10:00:00,1.21258,1.21276,1.21124,1.21158,5733,14,0
2012-12-12 12:00:00,1.21151,1.21206,1.21059,1.2107,5089,20,0
2012-12-12 14:00:00,1.21069,1.21109,1.21016,1.21082,5467,20,0
2012-12-12 16:00:00,1.21082,1.21145,1.21043,1.21069,5129,20,0
2012-12-12 18:00:00,1.21071,1.21207,1.21001,1.21149,7938,20,0
2012-12-12 20:00:00,1.2115,1.21166,1.21036,1.21068,3891,11,0
2012-12-12 22:00:00,1.21066,1.21104,1.2104,1.21088,3192,13,0
2012-12-13 00:00:00,1.21088,1.21105,1.21041,1.21054,2906,13,0
2012-12-13 02:00:00,1.21053,1.21079,1.21008,1.21045,3033,14,0
2012-12-13 04:00:00,1.21046,1.21208,1.21034,1.2119,2962,13,0
2012-12-13 06:00:00,1.2119,1.21267,1.2114,1.21242,3880,18,0
2012-12-13 08:00:00,1.21243,1.21244,1.20863,1.20881,6840,20,0
2012-12-13 10:00:00,1.20882,1.21048,1.20856,1.20962,6284,20,0
2012-12-13 12:00:00,1.20963,1.21008,1.20864,1.2089,4670,20,0
2012-12-13 14:00:00,1.20889,1.20924,1.20863,1.20919,5887,20,0
2012-12-13 16:00:00,1.2092,1.20964,1.20792,1.20866,7071,20,0
2012-12-13 18:00:00,1.20866,1.20878,1.20784,1.20796,4489,12,0
2012-12-13 20:00:00,1.20789,1.20832,1.20764,1.20803,2630,6,0
2012-12-13 22:00:00,1.20802,1.20816,1.2074,1.20775,1997,28,0
2012-12-14 00:00:00,1.20776,1.20808,1.20755,1.20772,2589,13,0
2012-12-14 02:00:00,1.2077,1.20889,1.20769,1.20876,3025,15,0
2012-12-14 04:00:00,1.20881,1.20896,1.20845,1.20873,2132,13,0
2012-12-14 06:00:00,1.20873,1.20896,1.20741,1.20822,4982,14,0
2012-12-14 08:00:00,1.20822,1.20893,1.20766,1.20802,5206,12,0
2012-12-14 10:00:00,1.20805,1.20868,1.20791,1.20859,4639,20,0
2012-12-14 12:00:00,1.20859,1.20913,1.20825,1.20905,4368,12,0
2012-12-14 14:00:00,1.20906,1.20914,1.20788,1.20804,5402,20,0
2012-12-14 16:00:00,1.20805,1.20842,1.20741,1.20783,6417,20,0
2012-12-14 18:00:00,1.20782,1.20786,1.20674,1.20753,5579,20,0
2012-12-14 20:00:00,1.20758,1.20828,1.20725,1.20813,2859,23,0
2012-12-14 22:00:00,1.20812,1.20839,1.20747,1.20752,1671,28,0
2012-12-17 00:00:00,1.20844,1.20925,1.20825,1.20911,5410,16,0
2012-12-17 02:00:00,1.20909,1.20946,1.20902,1.20919,3114,35,0
2012-12-17 04:00:00,1.20916,1.20933,1.20829,1.20854,2848,13,0
2012-12-17 06:00:00,1.2086,1.20874,1.20795,1.20813,3802,20,0
2012-12-17 08:00:00,1.20812,1.20884,1.20733,1.20805,5280,20,0
2012-12-17 10:00:00,1.20805,1.20831,1.20731,1.20778,5175,20,0
2012-12-17 12:00:00,1.20779,1.20816,1.20759,1.20797,3866,20,0
2012-12-17 14:00:00,1.20795,1.20866,1.2078,1.20806,5907,20,0
2012-12-17 16:00:00,1.20806,1.20844,1.20743,1.20807,6201,20,0
2012-12-17 18:00:00,1.20805,1.20818,1.2074,1.20788,4152,10,0
2012-12-17 20:00:00,1.20785,1.2079,1.20749,1.2077,2270,12,0
2012-12-17 22:00:00,1.20771,1.20788,1.2075,1.20778,1543,10,0
2012-12-18 00:00:00,1.20778,1.20825,1.2077,1.20803,2010,12,0
2012-12-18 02:00:00,1.20804,1.20861,1.20786,1.20855,2138,12,0
2012-12-18 04:00:00,1.20854,1.20881,1.20837,1.20854,1953,11,0
2012-12-18 06:00:00,1.2086,1.20881,1.20816,1.20825,2984,20,0
2012-12-18 08:00:00,1.20824,1.20865,1.20742,1.20755,4969,20,0
2012-12-18 10:00:00,1.20753,1.20807,1.20739,1.20776,5125,20,0
2012-12-18 12:00:00,1.2078,1.20783,1.20746,1.20763,3494,9,0
2012-12-18 14:00:00,1.20762,1.20824,1.20695,1.20705,5422,20,0
2012-12-18 16:00:00,1.20703,1.20763,1.20641,1.20741,6766,20,0
2012-12-18 18:00:00,1.20741,1.20815,1.20721,1.20787,4708,6,0
2012-12-18 20:00:00,1.20786,1.20795,1.20721,1.20767,2829,11,0
2012-12-18 22:00:00,1.20768,1.20802,1.20728,1.20774,2655,16,0
2012-12-19 00:00:00,1.20777,1.20831,1.20717,1.20825,3329,28,0
2012-12-19 02:00:00,1.20823,1.20827,1.20733,1.20768,3115,14,0
2012-12-19 04:00:00,1.20766,1.20809,1.20756,1.20767,2533,12,0
2012-12-19 06:00:00,1.20771,1.2081,1.2075,1.20801,3198,16,0
2012-12-19 08:00:00,1.20802,1.20903,1.20737,1.20783,5247,20,0
2012-12-19 10:00:00,1.20787,1.20889,1.20769,1.2084,6259,20,0
2012-12-19 12:00:00,1.2084,1.21003,1.2084,1.20952,5648,20,0
2012-12-19 14:00:00,1.20952,1.2098,1.2085,1.20892,6464,20,0
2012-12-19 16:00:00,1.2089,1.20942,1.2084,1.20875,5977,20,0
2012-12-19 18:00:00,1.20869,1.20879,1.20789,1.20834,5555,20,0
2012-12-19 20:00:00,1.20835,1.20841,1.20787,1.20799,3280,8,0
2012-12-19 22:00:00,1.208,1.20835,1.20727,1.2074,4011,12,0
2012-12-20 00:00:00,1.20744,1.20762,1.20709,1.2072,3795,35,0
2012-12-20 02:00:00,1.20721,1.20759,1.20707,1.20748,3263,14,0
2012-12-20 04:00:00,1.20749,1.20766,1.20718,1.20743,3197,15,0
2012-12-20 06:00:00,1.20748,1.20823,1.20728,1.20792,4345,16,0
2012-12-20 08:00:00,1.20791,1.20838,1.20737,1.20767,5737,20,0
2012-12-20 10:00:00,1.20764,1.20805,1.20711,1.20797,5520,20,0
2012-12-20 12:00:00,1.20795,1.20841,1.20729,1.20777,4615,20,0
2012-12-20 14:00:00,1.20778,1.20827,1.20737,1.20756,7687,20,0
2012-12-20 16:00:00,1.20757,1.20793,1.20701,1.20731,7051,20,0
2012-12-20 18:00:00,1.20732,1.20778,1.2071,1.20727,5295,20,0
2012-12-20 20:00:00,1.20728,1.20734,1.207,1.20716,3088,10,0
2012-12-20 22:00:00,1.20719,1.20741,1.20691,1.20712,2241,8,0
2012-12-21 00:00:00,1.20713,1.20734,1.20708,1.20719,3460,28,0
2012-12-21 02:00:00,1.20718,1.20735,1.20654,1.20661,5921,35,0
2012-12-21 04:00:00,1.20653,1.20684,1.20645,1.20663,3310,35,0
2012-12-21 06:00:00,1.20666,1.20718,1.2065,1.20702,3193,20,0
2012-12-21 08:00:00,1.20701,1.20753,1.20629,1.20736,5607,20,0
2012-12-21 10:00:00,1.20735,1.20809,1.20696,1.2078,5975,20,0
2012-12-21 12:00:00,1.20779,1.20783,1.20672,1.2072,6246,20,0
2012-12-21 14:00:00,1.2072,1.20773,1.20687,1.20727,8481,20,0
2012-12-21 16:00:00,1.20728,1.20784,1.20682,1.20756,7332,20,0
2012-12-21 18:00:00,1.20755,1.20816,1.20727,1.20809,4840,20,0
2012-12-21 20:00:00,1.20807,1.20809,1.20744,1.20788,2042,10,0
2012-12-21 22:00:00,1.20789,1.20815,1.20715,1.20736,1461,35,0
2012-12-24 00:00:00,1.20741,1.20794,1.20723,1.20774,5126,28,0
2012-12-24 02:00:00,1.20775,1.20821,1.20757,1.2078,3302,35,0
2012-12-24 04:00:00,1.20779,1.20803,1.20757,1.20789,2647,12,0
2012-12-24 06:00:00,1.20794,1.20802,1.20743,1.20761,3314,20,0
2012-12-24 08:00:00,1.2076,1.20845,1.20738,1.20767,3352,12,0
2012-12-24 10:00:00,1.20764,1.20808,1.20698,1.20745,3540,11,0
2012-12-24 12:00:00,1.20742,1.20826,1.20731,1.20786,3992,20,0
2012-12-24 14:00:00,1.20785,1.20799,1.20682,1.20796,4224,20,0
2012-12-24 16:00:00,1.20797,1.20799,1.20707,1.20748,4672,20,0
2012-12-24 18:00:00,1.2075,1.20757,1.20705,1.20721,694,6,0
2012-12-26 08:00:00,1.2072,1.20779,1.20708,1.20746,4553,20,0
2012-12-26 10:00:00,1.20751,1.20789,1.20713,1.20768,4871,20,0
2012-12-26 12:00:00,1.20765,1.20783,1.20716,1.2074,5044,20,0
2012-12-26 14:00:00,1.2075,1.20778,1.20703,1.20748,5487,20,0
2012-12-26 16:00:00,1.20757,1.20802,1.20703,1.20741,6228,20,0
2012-12-26 18:00:00,1.20731,1.20776,1.20707,1.2076,4868,20,0
2012-12-26 20:00:00,1.20754,1.20766,1.20709,1.20755,3368,35,0
2012-12-26 22:00:00,1.20754,1.20782,1.20712,1.20732,2853,26,0
2012-12-27 00:00:00,1.20735,1.20791,1.20735,1.2079,3969,35,0
2012-12-27 02:00:00,1.20791,1.20805,1.20737,1.20775,2421,15,0
2012-12-27 04:00:00,1.20776,1.20803,1.20763,1.2079,1791,16,0
2012-12-27 06:00:00,1.20794,1.20925,1.20768,1.20861,4212,20,0
2012-12-27 08:00:00,1.2086,1.20928,1.20813,1.20833,4982,20,0
2012-12-27 10:00:00,1.20833,1.20907,1.20803,1.20829,4317,20,0
2012-12-27 12:00:00,1.20829,1.20833,1.20779,1.20824,4373,12,0
2012-12-27 14:00:00,1.20824,1.20868,1.20763,1.20847,6213,20,0
2012-12-27 16:00:00,1.20846,1.20895,1.20755,1.20866,7873,20,0
2012-12-27 18:00:00,1.2087,1.20919,1.20822,1.209,6356,20,0
2012-12-27 20:00:00,1.20899,1.20932,1.20854,1.20918,4130,16,0
2012-12-27 22:00:00,1.20919,1.20921,1.20827,1.20876,4205,35,0
2012-12-28 00:00:00,1.20876,1.20904,1.20813,1.20846,5266,30,0
2012-12-28 02:00:00,1.20847,1.20877,1.20842,1.20876,2732,21,0
2012-12-28 04:00:00,1.20875,1.20894,1.20814,1.20822,1535,14,0
2012-12-28 06:00:00,1.20826,1.20867,1.20794,1.20858,3234,14,0
2012-12-28 08:00:00,1.2086,1.20905,1.20809,1.20826,5029,20,0
2012-12-28 10:00:00,1.20821,1.2088,1.20776,1.20828,6140,20,0
2012-12-28 12:00:00,1.20836,1.20844,1.20752,1.20767,4696,20,0
2012-12-28 14:00:00,1.20763,1.20826,1.20735,1.20745,6492,20,0
2012-12-28 16:00:00,1.20744,1.2079,1.20682,1.20706,7526,20,0
2012-12-28 18:00:00,1.20705,1.20744,1.20687,1.20727,4777,9,0
2012-12-28 20:00:00,1.20728,1.20759,1.20688,1.2069,3077,23,0
2012-12-28 22:00:00,1.20689,1.2075,1.20686,1.2073,1434,15,0
2012-12-31 00:00:00,1.20719,1.20745,1.20686,1.20699,3935,18,0
2012-12-31 02:00:00,1.20698,1.2073,1.20678,1.20699,3851,35,0
2012-12-31 04:00:00,1.20698,1.20722,1.20683,1.20712,3266,21,0
2012-12-31 06:00:00,1.20711,1.20726,1.20673,1.20724,3986,20,0
2012-12-31 08:00:00,1.20727,1.20754,1.2069,1.20734,3814,20,0
2012-12-31 10:00:00,1.20735,1.20755,1.20685,1.20738,3723,8,0
2012-12-31 12:00:00,1.20733,1.20764,1.20699,1.20734,3752,16,0
2012-12-31 14:00:00,1.20732,1.20747,1.20689,1.2072,6149,20,0
2012-12-31 16:00:00,1.20699,1.20745,1.20629,1.2071,6526,20,0
2012-12-31 18:00:00,1.20707,1.20769,1.20699,1.20712,1691,10,0
2013-01-01 22:00:00,1.20784,1.20821,1.20784,1.20796,821,10,0
2013-01-02 00:00:00,1.20796,1.20824,1.20708,1.20773,6896,10,0
2013-01-02 02:00:00,1.20772,1.20795,1.2069,1.20761,10068,10,0
2013-01-02 04:00:00,1.2076,1.20852,1.2073,1.20833,6078,10,0
2013-01-02 06:00:00,1.20835,1.20874,1.20773,1.20854,4635,10,0
2013-01-02 08:00:00,1.20853,1.20903,1.20801,1.20871,8191,20,0
2013-01-02 10:00:00,1.20874,1.20894,1.20816,1.2086,9188,20,0
2013-01-02 12:00:00,1.2086,1.20926,1.2083,1.20903,8117,20,0
2013-01-02 14:00:00,1.20901,1.20931,1.20825,1.2091,6906,20,0
2013-01-02 16:00:00,1.20906,1.20986,1.20877,1.20917,7379,20,0
2013-01-02 18:00:00,1.20932,1.21042,1.20909,1.20974,6193,14,0
2013-01-02 20:00:00,1.20983,1.21058,1.20969,1.21043,3467,24,0
2013-01-02 22:00:00,1.21045,1.21056,1.20951,1.21006,3856,28,0
2013-01-03 00:00:00,1.21006,1.2104,1.20964,1.21006,3513,35,0
2013-01-03 02:00:00,1.21008,1.21014,1.20887,1.2089,3331,14,0
2013-01-03 04:00:00,1.20889,1.20943,1.20872,1.20893,3171,17,0
2013-01-03 06:00:00,1.20898,1.20956,1.20875,1.20943,3982,20,0
2013-01-03 08:00:00,1.2094,1.21047,1.2093,1.20953,6059,20,0
2013-01-03 10:00:00,1.20954,1.20961,1.20821,1.20867,7178,20,0
2013-01-03 12:00:00,1.20868,1.20929,1.20839,1.20859,7002,20,0
2013-01-03 14:00:00,1.2086,1.20981,1.20849,1.20962,7888,20,0
2013-01-03 16:00:00,1.20965,1.20978,1.20857,1.20905,6873,20,0
2013-01-03 18:00:00,1.20899,1.20932,1.20853,1.20921,4202,20,0
2013-01-03 20:00:00,1.20923,1.20972,1.20901,1.20921,5749,32,0
2013-01-03 22:00:00,1.20924,1.20954,1.20844,1.20883,4143,24,0
2013-01-04 00:00:00,1.20881,1.20921,1.2084,1.20886,4817,35,0
2013-01-04 02:00:00,1.20885,1.20924,1.20848,1.20905,4078,18,0
2013-01-04 04:00:00,1.20907,1.20916,1.20851,1.20885,3488,35,0
2013-01-04 06:00:00,1.20889,1.20935,1.20856,1.20902,3776,20,0
2013-01-04 08:00:00,1.20903,1.2093,1.20827,1.20905,6976,20,0
2013-01-04 10:00:00,1.20898,1.20935,1.20872,1.20912,6042,20,0
2013-01-04 12:00:00,1.20916,1.20928,1.20878,1.20892,5652,20,0
2013-01-04 14:00:00,1.20893,1.20938,1.20851,1.20883,8678,20,0
2013-01-04 16:00:00,1.20886,1.20901,1.20818,1.20848,7539,20,0
2013-01-04 18:00:00,1.20847,1.2088,1.2083,1.20853,4819,14,0
2013-01-04 20:00:00,1.20855,1.2089,1.20816,1.2084,4080,11,0
2013-01-04 22:00:00,1.20843,1.20852,1.20816,1.20824,1432,35,0
2013-01-07 00:00:00,1.20871,1.2095,1.20819,1.20841,3447,16,0
2013-01-07 02:00:00,1.20843,1.20888,1.20824,1.20847,2377,16,0
2013-01-07 04:00:00,1.20845,1.20885,1.20837,1.2086,3344,20,0
2013-01-07 06:00:00,1.20861,1.20897,1.20828,1.20868,5246,20,0
2013-01-07 08:00:00,1.20864,1.20886,1.20833,1.20882,6365,20,0
2013-01-07 10:00:00,1.20882,1.20895,1.2085,1.20858,6700,20,0
2013-01-07 12:00:00,1.20855,1.20878,1.20827,1.20854,5871,20,0
2013-01-07 14:00:00,1.20857,1.2088,1.20833,1.20876,6161,20,0
2013-01-07 16:00:00,1.20877,1.20887,1.20846,1.20862,6242,20,0
2013-01-07 18:00:00,1.2086,1.20886,1.20821,1.2084,4052,12,0
2013-01-07 20:00:00,1.20837,1.20843,1.20819,1.20834,2325,23,0
2013-01-07 22:00:00,1.20833,1.20851,1.20809,1.20825,2500,14,0
2013-01-08 00:00:00,1.20824,1.20864,1.20819,1.20851,2732,22,0
2013-01-08 02:00:00,1.20853,1.20894,1.20835,1.20877,2795,16,0
2013-01-08 04:00:00,1.20878,1.20901,1.20848,1.20876,2428,13,0
2013-01-08 06:00:00,1.20877,1.20898,1.20842,1.20876,3304,20,0
2013-01-08 08:00:00,1.20877,1.20923,1.20862,1.20903,5961,20,0
2013-01-08 10:00:00,1.20901,1.20925,1.20888,1.20908,5736,20,0
2013-01-08 12:00:00,1.20907,1.20919,1.20882,1.20898,5384,20,0
2013-01-08 14:00:00,1.20897,1.20916,1.20869,1.20873,6823,20,0
2013-01-08 16:00:00,1.20872,1.20887,1.20844,1.20871,6995,20,0
2013-01-08 18:00:00,1.20879,1.20897,1.20861,1.20875,4238,20,0
2013-01-08 20:00:00,1.20873,1.20898,1.20857,1.20871,2579,13,0
2013-01-08 22:00:00,1.20872,1.20893,1.20856,1.2087,2654,7,0
2013-01-09 00:00:00,1.20866,1.20883,1.20847,1.20873,2414,8,0
2013-01-09 02:00:00,1.20874,1.20893,1.20856,1.20885,2490,14,0
2013-01-09 04:00:00,1.20886,1.20893,1.20851,1.20861,1338,9,0
2013-01-09 06:00:00,1.20865,1.20917,1.20855,1.20904,3512,18,0
2013-01-09 08:00:00,1.20903,1.2091,1.20851,1.20886,4992,20,0
2013-01-09 10:00:00,1.20887,1.20902,1.20862,1.20896,5666,20,0
2013-01-09 12:00:00,1.20884,1.20902,1.20871,1.20883,5450,20,0
2013-01-09 14:00:00,1.20882,1.20907,1.20863,1.209,6825,20,0
2013-01-09 16:00:00,1.20899,1.20917,1.20869,1.20885,7129,20,0
2013-01-09 18:00:00,1.20889,1.20889,1.20841,1.20862,4212,10,0
2013-01-09 20:00:00,1.20861,1.20882,1.20849,1.20865,2077,6,0
2013-01-09 22:00:00,1.20864,1.20885,1.20847,1.20854,2288,10,0
2013-01-10 00:00:00,1.20853,1.20883,1.20849,1.20873,2320,9,0
2013-01-10 02:00:00,1.20872,1.20873,1.20835,1.20849,2107,13,0
2013-01-10 04:00:00,1.20845,1.2087,1.20837,1.2085,1465,15,0
2013-01-10 06:00:00,1.20855,1.20907,1.20837,1.20907,2799,20,0
2013-01-10 08:00:00,1.20887,1.20907,1.20857,1.20866,4410,20,0
2013-01-10 10:00:00,1.20878,1.20904,1.20863,1.20889,5315,20,0
2013-01-10 12:00:00,1.2089,1.20935,1.20856,1.20935,5027,20,0
2013-01-10 14:00:00,1.20928,1.21263,1.20917,1.21076,10252,20,0
2013-01-10 16:00:00,1.21077,1.21157,1.21041,1.21117,6746,20,0
2013-01-10 18:00:00,1.21115,1.21169,1.21087,1.21152,6212,20,0
2013-01-10 20:00:00,1.21157,1.21206,1.21128,1.21199,2963,14,0
2013-01-10 22:00:00,1.21197,1.21329,1.21194,1.21256,5141,17,0
2013-01-11 00:00:00,1.21255,1.21401,1.21244,1.21325,5429,35,0
2013-01-11 02:00:00,1.21326,1.21383,1.21283,1.21355,3862,35,0
2013-01-11 04:00:00,1.21354,1.21397,1.21346,1.21367,2688,16,0
2013-01-11 06:00:00,1.21368,1.21439,1.21315,1.21385,4455,20,0
2013-01-11 08:00:00,1.21383,1.21736,1.21274,1.21663,7689,12,0
2013-01-11 10:00:00,1.21663,1.21781,1.21579,1.2159,6642,20,0
2013-01-11 12:00:00,1.21592,1.21641,1.21502,1.21605,4950,20,0
2013-01-11 14:00:00,1.21603,1.21982,1.2155,1.21845,10001,20,0
2013-01-11 16:00:00,1.21843,1.21843,1.21638,1.21761,7590,20,0
2013-01-11 18:00:00,1.21758,1.21876,1.2174,1.21831,5504,20,0
2013-01-11 20:00:00,1.21832,1.21877,1.21753,1.21817,3301,13,0
2013-01-11 22:00:00,1.21817,1.21915,1.21806,1.21853,1719,14,0
2013-01-14 00:00:00,1.22143,1.22158,1.22028,1.22049,3884,19,0
2013-01-14 02:00:00,1.22046,1.22275,1.22038,1.22271,4113,35,0
2013-01-14 04:00:00,1.2227,1.22325,1.22191,1.22195,2784,19,0
2013-01-14 06:00:00,1.22196,1.22285,1.22132,1.2218,3954,20,0
2013-01-14 08:00:00,1.22162,1.22335,1.22107,1.22213,6660,20,0
2013-01-14 10:00:00,1.22212,1.2276,1.22178,1.22613,7700,20,0
2013-01-14 12:00:00,1.22612,1.22612,1.22449,1.22455,5958,20,0
2013-01-14 14:00:00,1.22453,1.2275,1.22396,1.22573,7335,20,0
2013-01-14 16:00:00,1.22571,1.22642,1.22515,1.2264,7598,20,0
2013-01-14 18:00:00,1.22641,1.22966,1.22605,1.22946,5941,20,0
2013-01-14 20:00:00,1.22945,1.23404,1.22884,1.23276,5627,21,0
2013-01-14 22:00:00,1.23277,1.23399,1.23236,1.23353,6067,35,0
2013-01-15 00:00:00,1.23351,1.23442,1.23231,1.23292,4375,35,0
2013-01-15 02:00:00,1.2329,1.23829,1.2328,1.23622,5515,35,0
2013-01-15 04:00:00,1.23622,1.23623,1.23288,1.23443,5925,35,0
2013-01-15 06:00:00,1.23444,1.23594,1.23281,1.23322,6702,20,0
2013-01-15 08:00:00,1.23323,1.23491,1.23052,1.23356,9638,20,0
2013-01-15 10:00:00,1.2336,1.23855,1.23266,1.23738,8412,20,0
2013-01-15 12:00:00,1.23732,1.23829,1.23392,1.23517,9691,20,0
2013-01-15 14:00:00,1.23515,1.24123,1.23439,1.2388,11009,20,0
2013-01-15 16:00:00,1.23879,1.23908,1.23701,1.23744,8991,20,0
2013-01-15 18:00:00,1.23742,1.23992,1.23729,1.23773,6789,20,0
2013-01-15 20:00:00,1.2377,1.23993,1.23735,1.23969,5420,22,0
2013-01-15 22:00:00,1.2397,1.23989,1.23891,1.23988,5183,14,0
2013-01-16 00:00:00,1.23985,1.2402,1.23888,1.23915,5219,35,0
2013-01-16 02:00:00,1.23912,1.23912,1.23627,1.2372,5673,35,0
2013-01-16 04:00:00,1.23718,1.23852,1.23701,1.23844,3714,35,0
2013-01-16 06:00:00,1.23847,1.23891,1.2371,1.23719,6879,20,0
2013-01-16 08:00:00,1.23721,1.23738,1.23319,1.2335,9053,20,0
2013-01-16 10:00:00,1.23349,1.23699,1.23324,1.23696,8423,20,0
2013-01-16 12:00:00,1.23694,1.23764,1.23393,1.23408,8105,20,0
2013-01-16 14:00:00,1.23408,1.23632,1.23378,1.23589,9640,20,0
2013-01-16 16:00:00,1.23588,1.23919,1.23496,1.23901,9212,20,0
2013-01-16 18:00:00,1.23886,1.23996,1.2366,1.23844,6908,14,0
2013-01-16 20:00:00,1.23844,1.23844,1.23676,1.23702,3500,16,0
2013-01-16 22:00:00,1.23703,1.23763,1.23681,1.23726,2699,16,0
2013-01-17 00:00:00,1.23722,1.23819,1.2369,1.23816,4427,35,0
2013-01-17 02:00:00,1.23817,1.23919,1.23753,1.23833,4347,35,0
2013-01-17 04:00:00,1.23831,1.23853,1.23679,1.23731,5193,35,0
2013-01-17 06:00:00,1.23736,1.23862,1.2369,1.23853,6957,20,0
2013-01-17 08:00:00,1.23846,1.24535,1.23823,1.24517,9546,20,0
2013-01-17 10:00:00,1.24519,1.24572,1.2414,1.24469,9796,20,0
2013-01-17 12:00:00,1.24468,1.24562,1.24233,1.24475,7798,20,0
2013-01-17 14:00:00,1.24474,1.24715,1.2435,1.24705,10612,20,0
2013-01-17 16:00:00,1.24705,1.2484,1.2444,1.2462,9543,20,0
2013-01-17 18:00:00,1.24615,1.24893,1.24548,1.24766,8773,20,0
2013-01-17 20:00:00,1.24767,1.24859,1.24673,1.24698,4440,13,0
2013-01-17 22:00:00,1.24696,1.24771,1.24683,1.24743,4791,35,0
2013-01-18 00:00:00,1.24741,1.25155,1.24721,1.25153,5901,18,0
2013-01-18 02:00:00,1.25155,1.2521,1.25043,1.25159,4957,20,0
2013-01-18 04:00:00,1.25157,1.25674,1.25145,1.25415,6512,35,0
2013-01-18 06:00:00,1.25414,1.25509,1.253,1.25408,7198,20,0
2013-01-18 08:00:00,1.25409,1.25454,1.25106,1.25303,10519,20,0
2013-01-18 10:00:00,1.25304,1.25304,1.24549,1.24834,11140,20,0
2013-01-18 12:00:00,1.24833,1.24841,1.24274,1.24302,10191,20,0
2013-01-18 14:00:00,1.24301,1.2447,1.23908,1.24004,10946,10,0
2013-01-18 16:00:00,1.23997,1.24357,1.23916,1.24327,10611,20,0
2013-01-18 18:00:00,1.24327,1.24503,1.24142,1.24484,7610,20,0
2013-01-18 20:00:00,1.24476,1.24525,1.24405,1.24428,3320,13,0
2013-01-18 22:00:00,1.24431,1.24438,1.24372,1.24387,2383,22,0
2013-01-21 00:00:00,1.24419,1.24479,1.24196,1.24203,5201,35,0
2013-01-21 02:00:00,1.24198,1.24465,1.24138,1.24408,4825,35,0
2013-01-21 04:00:00,1.24407,1.24514,1.24397,1.24477,2869,21,0
2013-01-21 06:00:00,1.24475,1.24514,1.24294,1.24393,4943,20,0
2013-01-21 08:00:00,1.24395,1.24478,1.24022,1.24022,9162,20,0
2013-01-21 10:00:00,1.24022,1.24213,1.23921,1.24085,8809,20,0
2013-01-21 12:00:00,1.24087,1.24129,1.23921,1.24066,6794,20,0
2013-01-21 14:00:00,1.24056,1.24208,1.24028,1.24163,6895,20,0
2013-01-21 16:00:00,1.24162,1.24287,1.23953,1.24124,7635,20,0
2013-01-21 18:00:00,1.2412,1.24215,1.24093,1.24146,6316,20,0
2013-01-21 20:00:00,1.2414,1.2416,1.24077,1.24106,5901,35,0
2013-01-21 22:00:00,1.24108,1.24161,1.24086,1.24133,6409,35,0
2013-01-22 00:00:00,1.24131,1.24373,1.24131,1.24287,4190,25,0
2013-01-22 02:00:00,1.24286,1.24357,1.2419,1.24321,4107,18,0
2013-01-22 04:00:00,1.24317,1.24615,1.24015,1.24144,7460,35,0
2013-01-22 06:00:00,1.24143,1.2432,1.24079,1.24281,6993,20,0
2013-01-22 08:00:00,1.24287,1.24483,1.24228,1.24277,11500,20,0
2013-01-22 10:00:00,1.2428,1.24288,1.23393,1.23901,13051,20,0
2013-01-22 12:00:00,1.23901,1.24041,1.23791,1.23815,9019,11,0
2013-01-22 14:00:00,1.23813,1.23917,1.23741,1.23806,8487,20,0
2013-01-22 16:00:00,1.23804,1.23861,1.23393,1.23429,9577,20,0
2013-01-22 18:00:00,1.23429,1.23742,1.23419,1.23654,6323,20,0
2013-01-22 20:00:00,1.23653,1.23745,1.23629,1.23717,2695,12,0
2013-01-22 22:00:00,1.23717,1.23879,1.237,1.23736,4257,15,0
2013-01-23 00:00:00,1.23735,1.23839,1.23673,1.2381,4674,16,0
2013-01-23 02:00:00,1.23808,1.2394,1.2375,1.23852,3876,20,0
2013-01-23 04:00:00,1.2385,1.23862,1.23615,1.23642,3789,35,0
2013-01-23 06:00:00,1.23645,1.23818,1.23534,1.23627,7844,20,0
2013-01-23 08:00:00,1.23626,1.23897,1.23494,1.23726,9360,20,0
2013-01-23 10:00:00,1.23711,1.23884,1.23648,1.23782,8838,20,0
2013-01-23 12:00:00,1.23782,1.24046,1.23669,1.23916,7490,13,0
2013-01-23 14:00:00,1.23921,1.23967,1.2373,1.23841,8914,20,0
2013-01-23 16:00:00,1.23842,1.23852,1.23248,1.23688,10507,20,0
2013-01-23 18:00:00,1.23689,1.23778,1.23627,1.23689,6633,20,0
2013-01-23 20:00:00,1.23688,1.23809,1.23631,1.23682,3887,17,0
2013-01-23 22:00:00,1.23679,1.23788,1.2367,1.2378,4909,35,0
2013-01-24 00:00:00,1.23774,1.23783,1.2369,1.23754,4004,18,0
2013-01-24 02:00:00,1.23755,1.23824,1.23594,1.23802,4416,19,0
2013-01-24 04:00:00,1.23799,1.23874,1.23689,1.23841,4224,35,0
2013-01-24 06:00:00,1.23841,1.24126,1.23734,1.24102,6580,20,0
2013-01-24 08:00:00,1.24101,1.2413,1.23728,1.23967,10120,20,0
2013-01-24 10:00:00,1.23965,1.24119,1.23855,1.23973,9006,20,0
2013-01-24 12:00:00,1.23975,1.24059,1.23859,1.24019,6799,20,0
2013-01-24 14:00:00,1.2402,1.24375,1.24002,1.24196,9575,20,0
2013-01-24 16:00:00,1.24191,1.24438,1.24188,1.24242,10480,20,0
2013-01-24 18:00:00,1.24251,1.24298,1.24128,1.24136,6679,20,0
2013-01-24 20:00:00,1.24139,1.24201,1.24058,1.24132,4639,20,0
2013-01-24 22:00:00,1.24134,1.24302,1.24115,1.24232,6411,10,0
2013-01-25 00:00:00,1.24234,1.24373,1.24191,1.24257,5239,18,0
2013-01-25 02:00:00,1.24256,1.24334,1.24178,1.24329,4617,19,0
2013-01-25 04:00:00,1.2433,1.24334,1.24228,1.24268,3545,23,0
2013-01-25 06:00:00,1.24265,1.2441,1.2424,1.24407,5235,20,0
2013-01-25 08:00:00,1.24406,1.24666,1.24293,1.24538,10528,20,0
2013-01-25 10:00:00,1.24537,1.24682,1.23805,1.24029,11504,20,0
2013-01-25 12:00:00,1.24028,1.24576,1.23967,1.2446,11541,20,0
2013-01-25 14:00:00,1.24459,1.24724,1.24291,1.24617,10646,20,0
2013-01-25 16:00:00,1.24615,1.24647,1.2432,1.245,9944,20,0
2013-01-25 18:00:00,1.24499,1.24933,1.24444,1.24753,7687,20,0
2013-01-25 20:00:00,1.24753,1.24804,1.24704,1.24725,4123,12,0
2013-01-25 22:00:00,1.24726,1.24766,1.24625,1.24664,3793,29,0
2013-01-28 00:00:00,1.24808,1.25047,1.24755,1.24792,7063,27,0
2013-01-28 02:00:00,1.2479,1.24904,1.24748,1.24843,4042,35,0
2013-01-28 04:00:00,1.24845,1.24909,1.24832,1.24886,3098,35,0
2013-01-28 06:00:00,1.24873,1.24971,1.24727,1.24825,6234,20,0
2013-01-28 08:00:00,1.24826,1.24845,1.24644,1.24684,9066,20,0
2013-01-28 10:00:00,1.24686,1.247,1.24514,1.24604,8576,20,0
2013-01-28 12:00:00,1.24601,1.24758,1.24515,1.24711,8329,20,0
2013-01-28 14:00:00,1.2471,1.25137,1.24666,1.24923,10049,20,0
2013-01-28 16:00:00,1.24924,1.24925,1.24634,1.2479,9101,20,0
2013-01-28 18:00:00,1.2479,1.24843,1.24583,1.24631,6421,20,0
2013-01-28 20:00:00,1.2463,1.24673,1.24587,1.24612,3419,14,0
2013-01-28 22:00:00,1.24608,1.24642,1.2457,1.24579,3803,14,0
2013-01-29 00:00:00,1.24577,1.24597,1.24538,1.24565,3703,28,0
2013-01-29 02:00:00,1.24568,1.24625,1.24528,1.24594,3578,35,0
2013-01-29 04:00:00,1.24595,1.24675,1.24585,1.24635,3880,35,0
2013-01-29 06:00:00,1.24637,1.24646,1.24388,1.2448,4989,20,0
2013-01-29 08:00:00,1.24479,1.24567,1.24251,1.24309,8387,20,0
2013-01-29 10:00:00,1.24311,1.24385,1.24033,1.24084,8479,20,0
2013-01-29 12:00:00,1.24083,1.24186,1.23992,1.24167,8216,20,0
2013-01-29 14:00:00,1.24166,1.24352,1.23994,1.2424,11507,20,0
2013-01-29 16:00:00,1.24251,1.24337,1.24123,1.24276,10525,20,0
2013-01-29 18:00:00,1.24275,1.24295,1.24211,1.2425,6786,20,0
2013-01-29 20:00:00,1.2425,1.24393,1.24223,1.24321,4975,26,0
2013-01-29 22:00:00,1.24323,1.24354,1.24223,1.24319,5397,35,0
2013-01-30 00:00:00,1.24318,1.24399,1.24263,1.24378,3909,35,0
2013-01-30 02:00:00,1.24376,1.24405,1.24289,1.24398,3194,35,0
2013-01-30 04:00:00,1.24393,1.24414,1.24377,1.24399,2807,28,0
2013-01-30 06:00:00,1.24405,1.24417,1.24303,1.24353,4568,20,0
2013-01-30 08:00:00,1.2435,1.24614,1.24306,1.24354,10078,20,0
2013-01-30 10:00:00,1.24355,1.24523,1.24235,1.24251,10750,20,0
2013-01-30 12:00:00,1.24252,1.24259,1.23859,1.23923,9691,20,0
2013-01-30 14:00:00,1.23924,1.24062,1.23793,1.23991,11389,20,0
2013-01-30 16:00:00,1.23991,1.24071,1.23554,1.23746,11186,20,0
2013-01-30 18:00:00,1.23746,1.23777,1.23424,1.23719,7906,20,0
2013-01-30 20:00:00,1.23718,1.23816,1.23527,1.23564,7160,12,0
2013-01-30 22:00:00,1.23559,1.23684,1.23535,1.23623,5285,35,0
2013-01-31 00:00:00,1.23623,1.23662,1.23537,1.23556,4360,35,0
2013-01-31 02:00:00,1.23559,1.23569,1.23389,1.23458,4570,35,0
2013-01-31 04:00:00,1.23457,1.2348,1.23344,1.2336,4407,35,0
2013-01-31 06:00:00,1.23361,1.23483,1.23344,1.23444,7354,20,0
2013-01-31 08:00:00,1.23444,1.23604,1.23348,1.23428,9290,20,0
2013-01-31 10:00:00,1.23429,1.23586,1.23334,1.23534,8800,20,0
2013-01-31 12:00:00,1.2353,1.23607,1.23361,1.23455,7786,20,0
2013-01-31 14:00:00,1.23456,1.23773,1.23393,1.23763,10853,20,0
2013-01-31 16:00:00,1.23764,1.23822,1.23495,1.23507,11894,20,0
2013-01-31 18:00:00,1.23509,1.23598,1.23292,1.2354,8302,20,0
2013-01-31 20:00:00,1.2354,1.23598,1.23468,1.23549,4491,23,0
2013-01-31 22:00:00,1.2355,1.2365,1.23531,1.23638,4901,19,0
2013-02-01 00:00:00,1.23636,1.23797,1.23599,1.23777,5854,35,0
2013-02-01 02:00:00,1.23779,1.23912,1.23714,1.23818,5045,35,0
2013-02-01 04:00:00,1.23819,1.24071,1.23806,1.24005,5449,35,0
2013-02-01 06:00:00,1.24004,1.2414,1.23802,1.23873,6543,19,0
2013-02-01 08:00:00,1.23875,1.2394,1.23761,1.23814,9126,20,0
2013-02-01 10:00:00,1.23813,1.23972,1.23598,1.23614,10098,20,0
2013-02-01 12:00:00,1.23614,1.23674,1.23293,1.23563,9551,20,0
2013-02-01 14:00:00,1.23562,1.23703,1.23054,1.23114,12845,20,0
2013-02-01 16:00:00,1.23115,1.23757,1.23105,1.23633,12408,20,0
2013-02-01 18:00:00,1.23633,1.23926,1.23562,1.2392,8931,20,0
2013-02-01 20:00:00,1.23921,1.24126,1.23801,1.23869,6417,23,0
2013-02-01 22:00:00,1.2387,1.23942,1.23751,1.23866,4156,35,0
2013-02-04 00:00:00,1.23973,1.24005,1.23844,1.23846,6089,10,0
2013-02-04 02:00:00,1.23844,1.23852,1.23711,1.23722,5045,35,0
2013-02-04 04:00:00,1.23722,1.23857,1.23709,1.23792,3997,28,0
2013-02-04 06:00:00,1.23793,1.23897,1.23778,1.23845,5573,20,0
2013-02-04 08:00:00,1.23844,1.23961,1.23652,1.23724,9792,20,0
2013-02-04 10:00:00,1.23722,1.23793,1.23494,1.23551,10538,20,0
2013-02-04 12:00:00,1.23552,1.23652,1.23478,1.23549,9581,20,0
2013-02-04 14:00:00,1.23546,1.2358,1.23191,1.23391,10587,20,0
2013-02-04 16:00:00,1.2338,1.23411,1.22842,1.22921,10957,20,0
2013-02-04 18:00:00,1.22921,1.23173,1.22712,1.22747,9143,20,0
2013-02-04 20:00:00,1.22746,1.22799,1.2258,1.22715,5344,16,0
2013-02-04 22:00:00,1.22711,1.2279,1.22686,1.22734,5499,35,0
2013-02-05 00:00:00,1.22734,1.22877,1.22686,1.22816,6273,35,0
2013-02-05 02:00:00,1.22813,1.22902,1.22789,1.22818,4941,35,0
2013-02-05 04:00:00,1.22818,1.22876,1.22687,1.22738,5190,35,0
2013-02-05 06:00:00,1.2274,1.22779,1.22611,1.22624,6408,20,0
2013-02-05 08:00:00,1.22626,1.22946,1.22556,1.22905,10731,20,0
2013-02-05 10:00:00,1.22904,1.23157,1.22844,1.23122,11109,20,0
2013-02-05 12:00:00,1.23123,1.23234,1.22947,1.23027,10748,20,0
2013-02-05 14:00:00,1.23029,1.23141,1.22711,1.23075,11724,20,0
2013-02-05 16:00:00,1.23082,1.23397,1.22986,1.23249,11791,20,0
2013-02-05 18:00:00,1.2324,1.23384,1.2318,1.23317,8220,20,0
2013-02-05 20:00:00,1.23316,1.23426,1.23306,1.23348,4947,15,0
2013-02-05 22:00:00,1.23343,1.23375,1.23299,1.23317,5851,35,0
2013-02-06 00:00:00,1.23317,1.23331,1.23225,1.23258,4891,35,0
2013-02-06 02:00:00,1.23257,1.23268,1.23064,1.23192,5710,35,0
2013-02-06 04:00:00,1.23189,1.2335,1.23172,1.23284,4141,28,0
2013-02-06 06:00:00,1.23284,1.23368,1.23212,1.23307,6773,20,0
2013-02-06 08:00:00,1.23304,1.2368,1.23297,1.23593,10710,20,0
2013-02-06 10:00:00,1.23593,1.23593,1.23357,1.23535,10019,20,0
2013-02-06 12:00:00,1.23532,1.23676,1.23444,1.23546,9768,20,0
2013-02-06 14:00:00,1.23548,1.23548,1.2318,1.23263,11976,20,0
2013-02-06 16:00:00,1.23261,1.23267,1.23062,1.23107,10471,20,0
2013-02-06 18:00:00,1.23106,1.23115,1.22841,1.22845,8263,20,0
2013-02-06 20:00:00,1.22846,1.23042,1.2283,1.22996,4370,20,0
2013-02-06 22:00:00,1.22992,1.23098,1.22961,1.22997,5506,35,0
2013-02-07 00:00:00,1.22999,1.23071,1.22973,1.22994,4208,35,0
2013-02-07 02:00:00,1.22993,1.23038,1.22918,1.2297,4419,35,0
2013-02-07 04:00:00,1.22967,1.22985,1.22922,1.22945,3250,35,0
2013-02-07 06:00:00,1.22944,1.23243,1.22938,1.23179,6154,20,0
2013-02-07 08:00:00,1.23179,1.23315,1.23069,1.23146,9800,20,0
2013-02-07 10:00:00,1.23146,1.23225,1.22948,1.23146,11141,20,0
2013-02-07 12:00:00,1.23147,1.23296,1.23116,1.23195,8788,20,0
2013-02-07 14:00:00,1.23194,1.23207,1.22774,1.2286,13471,20,0
2013-02-07 16:00:00,1.22859,1.2291,1.22757,1.22793,12654,20,0
2013-02-07 18:00:00,1.22793,1.23216,1.22777,1.23088,8869,20,0
2013-02-07 20:00:00,1.2309,1.23126,1.22973,1.23055,5570,22,0
2013-02-07 22:00:00,1.23054,1.23068,1.22929,1.23018,5802,35,0
2013-02-08 00:00:00,1.23016,1.23042,1.22922,1.2299,4815,35,0
2013-02-08 02:00:00,1.22989,1.23106,1.2294,1.23086,4842,35,0
2013-02-08 04:00:00,1.23083,1.23111,1.22985,1.23007,3545,20,0
2013-02-08 06:00:00,1.23008,1.23019,1.22871,1.22932,5846,20,0
2013-02-08 08:00:00,1.22933,1.23001,1.22801,1.22946,10808,20,0
2013-02-08 10:00:00,1.22942,1.23097,1.22882,1.22925,10344,20,0
2013-02-08 12:00:00,1.22912,1.22989,1.22744,1.22786,8995,10,0
2013-02-08 14:00:00,1.22786,1.22845,1.22607,1.22819,11246,20,0
2013-02-08 16:00:00,1.22819,1.22838,1.22603,1.22733,10187,20,0
2013-02-08 18:00:00,1.22735,1.22742,1.22592,1.22601,7392,20,0
2013-02-08 20:00:00,1.226,1.22651,1.22544,1.22553,3800,15,0
2013-02-08 22:00:00,1.22556,1.22592,1.22531,1.22531,1968,18,0
2013-02-11 00:00:00,1.22659,1.22715,1.22597,1.22707,5337,22,0
2013-02-11 02:00:00,1.22704,1.22754,1.22646,1.22746,3201,32,0
2013-02-11 04:00:00,1.22747,1.22829,1.22737,1.22819,3479,32,0
2013-02-11 06:00:00,1.22821,1.22837,1.22761,1.22823,4919,18,0
2013-02-11 08:00:00,1.22824,1.22859,1.2258,1.22804,8982,18,0
2013-02-11 10:00:00,1.22801,1.22897,1.22651,1.22886,9949,18,0
2013-02-11 12:00:00,1.22885,1.22983,1.22821,1.2296,8264,18,0
2013-02-11 14:00:00,1.22962,1.23012,1.22836,1.22857,9687,18,0
2013-02-11 16:00:00,1.22856,1.23295,1.22824,1.23218,10286,18,0
2013-02-11 18:00:00,1.2322,1.23253,1.23139,1.2315,6133,18,0
2013-02-11 20:00:00,1.23145,1.23162,1.22949,1.2311,4289,28,0
2013-02-11 22:00:00,1.23107,1.2342,1.23079,1.23373,6440,30,0
2013-02-12 00:00:00,1.23372,1.2344,1.23347,1.23399,4526,30,0
2013-02-12 02:00:00,1.23397,1.23419,1.23314,1.23352,3205,20,0
2013-02-12 04:00:00,1.23349,1.23349,1.23158,1.23187,3443,24,0
2013-02-12 06:00:00,1.23187,1.23283,1.23109,1.23275,6316,16,0
2013-02-12 08:00:00,1.2328,1.23329,1.22996,1.23144,9006,16,0
2013-02-12 10:00:00,1.23146,1.23548,1.22845,1.23277,10872,16,0
2013-02-12 12:00:00,1.23276,1.23368,1.23133,1.23277,8868,16,0
2013-02-12 14:00:00,1.23276,1.23458,1.23155,1.23168,11240,16,0
2013-02-12 16:00:00,1.23169,1.23387,1.23094,1.23364,10587,16,0
2013-02-12 18:00:00,1.23363,1.23405,1.23273,1.2332,6834,16,0
2013-02-12 20:00:00,1.23321,1.23399,1.23305,1.23381,3757,10,0
2013-02-12 22:00:00,1.23381,1.23399,1.23341,1.23353,4029,30,0
2013-02-13 00:00:00,1.23354,1.23391,1.23282,1.23333,5520,30,0
2013-02-13 02:00:00,1.2333,1.23399,1.23303,1.23393,3739,25,0
2013-02-13 04:00:00,1.23389,1.23399,1.23314,1.23366,4739,30,0
2013-02-13 06:00:00,1.23368,1.234,1.23306,1.23339,4816,16,0
2013-02-13 08:00:00,1.23337,1.23642,1.23248,1.23619,9329,16,0
2013-02-13 10:00:00,1.23618,1.23791,1.23547,1.23767,9769,16,0
2013-02-13 12:00:00,1.23764,1.2386,1.23615,1.23669,9995,16,0
2013-02-13 14:00:00,1.23668,1.23722,1.23485,1.23562,10371,20,0
2013-02-13 16:00:00,1.23564,1.23585,1.23347,1.23478,9884,20,0
2013-02-13 18:00:00,1.23476,1.2351,1.23377,1.23456,6564,20,0
2013-02-13 20:00:00,1.23452,1.23465,1.23355,1.23368,3529,28,0
2013-02-13 22:00:00,1.23366,1.23395,1.2328,1.23341,4774,35,0
2013-02-14 00:00:00,1.2334,1.23382,1.23328,1.23359,4772,35,0
2013-02-14 02:00:00,1.23358,1.23444,1.23321,1.23337,4232,35,0
2013-02-14 04:00:00,1.23335,1.23345,1.23249,1.23256,3782,22,0
2013-02-14 06:00:00,1.23248,1.23395,1.23248,1.23302,5058,20,0
2013-02-14 08:00:00,1.23311,1.23474,1.23182,1.23253,10514,18,0
2013-02-14 10:00:00,1.23252,1.23303,1.22997,1.23052,11482,18,0
2013-02-14 12:00:00,1.23052,1.23074,1.22811,1.23007,9439,18,0
2013-02-14 14:00:00,1.23007,1.23038,1.22788,1.22911,10193,10,0
2013-02-14 16:00:00,1.22909,1.23118,1.22822,1.23092,10333,18,0
2013-02-14 18:00:00,1.23093,1.23272,1.23021,1.23173,6778,10,0
2013-02-14 20:00:00,1.23172,1.23233,1.23084,1.23109,4331,19,0
2013-02-14 22:00:00,1.23113,1.23117,1.23027,1.23089,5652,30,0
2013-02-15 00:00:00,1.23089,1.2316,1.23049,1.23098,4298,30,0
2013-02-15 02:00:00,1.23095,1.23172,1.23025,1.23152,4223,30,0
2013-02-15 04:00:00,1.23151,1.23183,1.23096,1.23105,4437,30,0
2013-02-15 06:00:00,1.23107,1.23315,1.23031,1.2322,6920,18,0
2013-02-15 08:00:00,1.23221,1.23249,1.22891,1.22981,10369,18,0
2013-02-15 10:00:00,1.22984,1.23021,1.22833,1.22918,9223,18,0
2013-02-15 12:00:00,1.22915,1.23075,1.229,1.22987,8081,18,0
2013-02-15 14:00:00,1.22986,1.23202,1.22958,1.23136,11066,10,0
2013-02-15 16:00:00,1.23136,1.23338,1.2313,1.23271,9585,18,0
2013-02-15 18:00:00,1.2327,1.23322,1.23124,1.23157,6148,14,0
2013-02-15 20:00:00,1.23156,1.23184,1.231,1.23123,4598,16,0
2013-02-15 22:00:00,1.23124,1.23202,1.23116,1.23116,2567,19,0
2013-02-18 00:00:00,1.23148,1.23182,1.23129,1.23172,4125,12,0
2013-02-18 02:00:00,1.23171,1.23248,1.23149,1.23247,4559,30,0
2013-02-18 04:00:00,1.23246,1.23396,1.23236,1.23337,4658,30,0
2013-02-18 06:00:00,1.23344,1.23401,1.23291,1.23338,5591,18,0
2013-02-18 08:00:00,1.23337,1.23373,1.23101,1.23106,8392,10,0
2013-02-18 10:00:00,1.23105,1.23375,1.23104,1.23231,8854,10,0
2013-02-18 12:00:00,1.2323,1.23447,1.23208,1.23342,7030,18,0
2013-02-18 14:00:00,1.23345,1.23354,1.23152,1.23235,7075,18,0
2013-02-18 16:00:00,1.23232,1.23281,1.23184,1.23269,6038,18,0
2013-02-18 18:00:00,1.23268,1.23326,1.23232,1.23307,7888,18,0
2013-02-18 20:00:00,1.23311,1.23325,1.23255,1.23289,5260,12,0
2013-02-18 22:00:00,1.23291,1.23295,1.23248,1.23252,4890,30,0
2013-02-19 00:00:00,1.23252,1.23291,1.23194,1.2323,5134,16,0
2013-02-19 02:00:00,1.23226,1.23316,1.23191,1.233,3997,30,0
2013-02-19 04:00:00,1.23299,1.23308,1.23255,1.23266,3419,14,0
2013-02-19 06:00:00,1.23269,1.23302,1.2323,1.23278,4400,18,0
2013-02-19 08:00:00,1.2328,1.23331,1.23165,1.23275,8884,18,0
2013-02-19 10:00:00,1.2327,1.23445,1.23236,1.23285,9063,18,0
2013-02-19 12:00:00,1.23286,1.2336,1.23244,1.2327,7074,18,0
2013-02-19 14:00:00,1.23268,1.23367,1.23246,1.23347,9008,18,0
2013-02-19 16:00:00,1.23348,1.23483,1.23324,1.23422,9294,18,0
2013-02-19 18:00:00,1.23423,1.23525,1.23378,1.23507,6502,18,0
2013-02-19 20:00:00,1.23508,1.2358,1.23484,1.23507,3673,13,0
2013-02-19 22:00:00,1.23503,1.23534,1.23456,1.23521,4593,30,0
2013-02-20 00:00:00,1.23519,1.23583,1.235,1.23575,4704,30,0
2013-02-20 02:00:00,1.23579,1.23584,1.23483,1.23496,4282,30,0
2013-02-20 04:00:00,1.235,1.23572,1.23473,1.23564,3747,13,0
2013-02-20 06:00:00,1.23572,1.2358,1.23336,1.23371,5903,18,0
2013-02-20 08:00:00,1.23369,1.23531,1.23334,1.23434,8176,18,0
2013-02-20 10:00:00,1.23428,1.23454,1.23269,1.23322,9688,18,0
2013-02-20 12:00:00,1.23326,1.23454,1.23305,1.23424,8660,18,0
2013-02-20 14:00:00,1.23415,1.23556,1.23391,1.23459,8817,18,0
2013-02-20 16:00:00,1.23461,1.23498,1.23336,1.23364,8801,18,0
2013-02-20 18:00:00,1.23362,1.23363,1.23204,1.23295,6731,18,0
2013-02-20 20:00:00,1.23291,1.23386,1.23148,1.23161,8235,15,0
2013-02-20 22:00:00,1.23165,1.23216,1.23094,1.23169,5254,30,0
2013-02-21 00:00:00,1.23171,1.23234,1.23126,1.23227,4052,30,0
2013-02-21 02:00:00,1.23228,1.23262,1.23169,1.232,3714,16,0
2013-02-21 04:00:00,1.23201,1.23266,1.2315,1.23232,4924,30,0
2013-02-21 06:00:00,1.23235,1.23248,1.23117,1.23181,7152,18,0
2013-02-21 08:00:00,1.23171,1.23186,1.22835,1.22884,10480,18,0
2013-02-21 10:00:00,1.22885,1.22994,1.22811,1.2285,11012,10,0
2013-02-21 12:00:00,1.22852,1.22927,1.22757,1.22907,8746,18,0
2013-02-21 14:00:00,1.22898,1.22956,1.22806,1.22885,10417,18,0
2013-02-21 16:00:00,1.22886,1.23029,1.22844,1.23023,9759,13,0
2013-02-21 18:00:00,1.23006,1.23023,1.22811,1.22833,7905,18,0
2013-02-21 20:00:00,1.22826,1.22841,1.22687,1.22756,5105,22,0
2013-02-21 22:00:00,1.22755,1.22819,1.22721,1.22733,5111,30,0
2013-02-22 00:00:00,1.22745,1.22825,1.22706,1.2272,5867,14,0
2013-02-22 02:00:00,1.22716,1.22754,1.22681,1.22707,4914,30,0
2013-02-22 04:00:00,1.22713,1.22758,1.22679,1.22731,4986,30,0
2013-02-22 06:00:00,1.2273,1.2281,1.22716,1.22797,5514,18,0
2013-02-22 08:00:00,1.22792,1.22984,1.22767,1.229,8903,18,0
2013-02-22 10:00:00,1.2289,1.23056,1.22863,1.22879,9637,18,0
2013-02-22 12:00:00,1.2288,1.22955,1.22629,1.22705,9290,18,0
2013-02-22 14:00:00,1.22704,1.22852,1.22652,1.2268,9226,18,0
2013-02-22 16:00:00,1.2268,1.22698,1.22582,1.22622,8242,18,0
2013-02-22 18:00:00,1.2262,1.22669,1.22573,1.22645,6290,18,0
2013-02-22 20:00:00,1.22635,1.22644,1.22571,1.22586,3593,13,0
2013-02-22 22:00:00,1.22583,1.22607,1.22554,1.22582,2076,30,0
2013-02-25 00:00:00,1.22802,1.22818,1.22703,1.22798,6141,28,0
2013-02-25 02:00:00,1.22797,1.22829,1.22752,1.22822,4693,30,0
2013-02-25 04:00:00,1.22819,1.22829,1.22784,1.22804,3068,30,0
2013-02-25 06:00:00,1.22806,1.2287,1.22773,1.22853,5663,18,0
2013-02-25 08:00:00,1.22851,1.2289,1.22724,1.22883,8076,18,0
2013-02-25 10:00:00,1.22884,1.22887,1.22697,1.22809,9456,18,0
2013-02-25 12:00:00,1.22808,1.22925,1.22764,1.22924,8778,18,0
2013-02-25 14:00:00,1.22924,1.23245,1.22907,1.23166,10461,18,0
2013-02-25 16:00:00,1.23164,1.23204,1.22656,1.22683,12470,18,0
2013-02-25 18:00:00,1.22691,1.22749,1.2189,1.2189,10315,18,0
2013-02-25 20:00:00,1.21887,1.22166,1.21524,1.21773,10995,22,0
2013-02-25 22:00:00,1.2177,1.21854,1.21696,1.21756,9468,30,0
2013-02-26 00:00:00,1.21755,1.21948,1.21717,1.21937,7671,30,0
2013-02-26 02:00:00,1.21936,1.21958,1.218,1.21831,5882,30,0
2013-02-26 04:00:00,1.21829,1.21849,1.2119,1.21388,7440,30,0
2013-02-26 06:00:00,1.21388,1.216,1.21237,1.21561,7997,18,0
2013-02-26 08:00:00,1.21562,1.21791,1.21261,1.21644,11195,18,0
2013-02-26 10:00:00,1.21642,1.21877,1.21566,1.21677,10620,18,0
2013-02-26 12:00:00,1.21677,1.21799,1.21624,1.2173,9143,18,0
2013-02-26 14:00:00,1.21724,1.21935,1.21608,1.21904,11347,18,0
2013-02-26 16:00:00,1.219,1.21944,1.21661,1.21725,13742,18,0
2013-02-26 18:00:00,1.21725,1.21748,1.21565,1.21646,9161,18,0
2013-02-26 20:00:00,1.21655,1.21778,1.21648,1.21747,5643,30,0
2013-02-26 22:00:00,1.21748,1.21774,1.21639,1.21765,6022,30,0
2013-02-27 00:00:00,1.21765,1.21786,1.21663,1.21678,6242,30,0
2013-02-27 02:00:00,1.21677,1.21742,1.21582,1.21729,6887,30,0
2013-02-27 04:00:00,1.21727,1.21851,1.21724,1.2183,5216,30,0
2013-02-27 06:00:00,1.21824,1.21886,1.21721,1.2183,7110,18,0
2013-02-27 08:00:00,1.21829,1.21946,1.2179,1.21878,10133,18,0
2013-02-27 10:00:00,1.21879,1.21958,1.217,1.21907,10910,18,0
2013-02-27 12:00:00,1.21905,1.21964,1.21831,1.21879,8730,18,0
2013-02-27 14:00:00,1.21882,1.21894,1.21671,1.21753,11516,18,0
2013-02-27 16:00:00,1.21751,1.22007,1.21747,1.21994,11635,18,0
2013-02-27 18:00:00,1.21995,1.22151,1.21963,1.22126,7900,18,0
2013-02-27 20:00:00,1.22131,1.22274,1.22091,1.22148,6896,18,0
2013-02-27 22:00:00,1.22143,1.222,1.22049,1.22117,7881,30,0
2013-02-28 00:00:00,1.22117,1.22181,1.22057,1.22103,7826,30,0
2013-02-28 02:00:00,1.22102,1.22158,1.22058,1.22108,5346,30,0
2013-02-28 04:00:00,1.22108,1.22175,1.22084,1.22151,4268,16,0
2013-02-28 06:00:00,1.2215,1.22244,1.22138,1.2218,5507,18,0
2013-02-28 08:00:00,1.22171,1.22236,1.2199,1.22013,9099,18,0
2013-02-28 10:00:00,1.22014,1.22076,1.21871,1.22055,9520,18,0
2013-02-28 12:00:00,1.22047,1.22105,1.2202,1.22066,7510,18,0
2013-02-28 14:00:00,1.22067,1.22146,1.22013,1.22109,10308,18,0
2013-02-28 16:00:00,1.22111,1.22178,1.21923,1.22114,11137,18,0
2013-02-28 18:00:00,1.22111,1.22269,1.22069,1.22157,7803,18,0
2013-02-28 20:00:00,1.22167,1.2241,1.22154,1.22348,6142,20,0
2013-02-28 22:00:00,1.22358,1.22365,1.22238,1.22363,5953,30,0
2013-03-01 00:00:00,1.22363,1.22379,1.22295,1.22353,5704,30,0
2013-03-01 02:00:00,1.22358,1.22414,1.22319,1.22411,4636,17,0
2013-03-01 04:00:00,1.2241,1.22415,1.22378,1.22402,2774,30,0
2013-03-01 06:00:00,1.22406,1.22455,1.2231,1.22362,6015,18,0
2013-03-01 08:00:00,1.22358,1.22528,1.22283,1.22394,10054,18,0
2013-03-01 10:00:00,1.22392,1.22551,1.22296,1.22521,11385,10,0
2013-03-01 12:00:00,1.22506,1.22542,1.22281,1.22407,11035,11,0
2013-03-01 14:00:00,1.22408,1.22653,1.22362,1.22644,11889,18,0
2013-03-01 16:00:00,1.22641,1.2276,1.22582,1.22682,12122,18,0
2013-03-01 18:00:00,1.2269,1.22871,1.22684,1.22802,9367,18,0
2013-03-01 20:00:00,1.22802,1.22899,1.22763,1.22795,4798,19,0
2013-03-01 22:00:00,1.22799,1.22881,1.22683,1.22686,2676,30,0
2013-03-04 00:00:00,1.22621,1.22707,1.22602,1.22628,917,7,0
2013-03-04 02:00:00,1.2263,1.227,1.22611,1.22656,888,11,0
2013-03-04 04:00:00,1.22654,1.22756,1.22631,1.22699,880,7,0
2013-03-04 06:00:00,1.22708,1.2275,1.22569,1.22612,782,11,0
2013-03-04 08:00:00,1.22617,1.22735,1.22571,1.22595,906,7,0
2013-03-04 10:00:00,1.22611,1.22658,1.22429,1.22529,1091,9,0
2013-03-04 12:00:00,1.22537,1.22598,1.2244,1.22589,1268,10,0
2013-03-04 14:00:00,1.22594,1.22594,1.22459,1.22496,1322,10,0
2013-03-04 16:00:00,1.22507,1.22547,1.2242,1.22451,1053,10,0
2013-03-04 18:00:00,1.22452,1.22506,1.22371,1.22464,943,12,0
2013-03-04 20:00:00,1.22468,1.22563,1.22398,1.22498,1009,10,0
2013-03-04 22:00:00,1.22501,1.22563,1.22485,1.22525,1065,10,0
2013-03-05 00:00:00,1.22523,1.22574,1.22501,1.22556,1014,13,0
2013-03-05 02:00:00,1.22551,1.22585,1.22535,1.2257,989,14,0
2013-03-05 04:00:00,1.22571,1.22588,1.22556,1.22571,1047,13,0
2013-03-05 06:00:00,1.22567,1.2273,1.22566,1.2269,972,11,0
2013-03-05 08:00:00,1.22704,1.22802,1.22617,1.22767,1331,11,0
2013-03-05 10:00:00,1.22781,1.22848,1.2262,1.22705,1281,11,0
2013-03-05 12:00:00,1.22705,1.22869,1.22692,1.22732,1156,12,0
2013-03-05 14:00:00,1.22753,1.22784,1.22606,1.22704,1169,12,0
2013-03-05 16:00:00,1.22702,1.2279,1.22608,1.2279,1068,10,0
2013-03-05 18:00:00,1.22789,1.2281,1.22754,1.22797,910,10,0
2013-03-05 20:00:00,1.22793,1.22821,1.22755,1.22785,1014,10,0
2013-03-05 22:00:00,1.22783,1.22797,1.22733,1.22785,1233,11,0
2013-03-06 00:00:00,1.22794,1.2285,1.22758,1.22836,1003,10,0
2013-03-06 02:00:00,1.2284,1.22885,1.22825,1.22866,906,10,0
2013-03-06 04:00:00,1.22863,1.22941,1.22846,1.2286,867,10,0
2013-03-06 06:00:00,1.22868,1.22914,1.22849,1.22861,972,12,0
2013-03-06 08:00:00,1.22884,1.23164,1.22864,1.23099,1244,10,0
2013-03-06 10:00:00,1.23098,1.23182,1.2301,1.23081,1376,10,0
2013-03-06 12:00:00,1.23078,1.23201,1.22985,1.23007,1169,10,0
2013-03-06 14:00:00,1.23004,1.23075,1.22959,1.22988,2696,7,0
2013-03-06 16:00:00,1.22994,1.23113,1.22896,1.23011,4324,6,0
2013-03-06 18:00:00,1.2301,1.23119,1.22987,1.23107,1964,7,0
2013-03-06 20:00:00,1.23107,1.23156,1.23106,1.23149,1531,10,0
2013-03-06 22:00:00,1.23152,1.23155,1.22997,1.23068,2692,8,0
2013-03-07 00:00:00,1.23066,1.23129,1.23057,1.23099,2184,8,0
2013-03-07 02:00:00,1.23101,1.23223,1.231,1.23189,1739,5,0
2013-03-07 04:00:00,1.23187,1.23219,1.23151,1.23203,1171,10,0
2013-03-07 06:00:00,1.23201,1.23233,1.23183,1.23214,1153,10,0
2013-03-07 08:00:00,1.23216,1.2338,1.23164,1.23295,4314,6,0
2013-03-07 10:00:00,1.23295,1.23376,1.23208,1.23314,4101,4,0
2013-03-07 12:00:00,1.23316,1.23325,1.23175,1.23252,4258,5,0
2013-03-07 14:00:00,1.23254,1.23473,1.23119,1.23354,7044,4,0
2013-03-07 16:00:00,1.23354,1.23571,1.2335,1.23551,4699,4,0
2013-03-07 18:00:00,1.23551,1.23588,1.23484,1.23571,2235,8,0
2013-03-07 20:00:00,1.23571,1.23609,1.23519,1.2354,1746,5,0
2013-03-07 22:00:00,1.2354,1.23565,1.23508,1.23517,2099,8,0
2013-03-08 00:00:00,1.23524,1.23574,1.23506,1.23566,1979,8,0
2013-03-08 02:00:00,1.23563,1.23663,1.23528,1.23659,1658,12,0
2013-03-08 04:00:00,1.23659,1.23714,1.2365,1.23681,1346,10,0
2013-03-08 06:00:00,1.23681,1.2369,1.23602,1.23616,2019,11,0
2013-03-08 08:00:00,1.23616,1.23677,1.23511,1.23569,2748,5,0
2013-03-08 10:00:00,1.23569,1.23703,1.23549,1.23652,2811,5,0
2013-03-08 12:00:00,1.23656,1.23694,1.2357,1.23576,2876,6,0
2013-03-08 14:00:00,1.23577,1.23895,1.23515,1.23626,5092,5,0
2013-03-08 16:00:00,1.23627,1.23898,1.2358,1.23875,3086,5,0
2013-03-08 18:00:00,1.23875,1.23889,1.23541,1.23631,2867,4,0
2013-03-08 20:00:00,1.23632,1.23752,1.23623,1.23736,1983,8,0
2013-03-08 22:00:00,1.23736,1.23754,1.23604,1.23605,1264,10,0
2013-03-11 00:00:00,1.23706,1.23734,1.23646,1.23671,2535,11,0
2013-03-11 02:00:00,1.23672,1.23713,1.2365,1.23707,1443,7,0
2013-03-11 04:00:00,1.23707,1.23739,1.23676,1.23678,1494,11,0
2013-03-11 06:00:00,1.23679,1.23769,1.2366,1.23754,1692,9,0
2013-03-11 08:00:00,1.23753,1.23807,1.23646,1.2365,4131,6,0
2013-03-11 10:00:00,1.23653,1.23675,1.23589,1.23596,2846,7,0
2013-03-11 12:00:00,1.23595,1.23616,1.23453,1.23534,2608,1,0
2013-03-11 14:00:00,1.23534,1.23707,1.23496,1.23504,3288,7,0
2013-03-11 16:00:00,1.23504,1.23628,1.23465,1.23587,3153,7,0
2013-03-11 18:00:00,1.23584,1.23634,1.2352,1.23576,2337,6,0
2013-03-11 20:00:00,1.23577,1.23604,1.23532,1.23553,2193,6,0
2013-03-11 22:00:00,1.23553,1.23563,1.23478,1.23496,1724,4,0
2013-03-12 00:00:00,1.23492,1.23626,1.23486,1.23602,1913,12,0
2013-03-12 02:00:00,1.23603,1.2365,1.23581,1.23644,2673,10,0
2013-03-12 04:00:00,1.23648,1.23668,1.23611,1.2363,2256,12,0
2013-03-12 06:00:00,1.23631,1.23646,1.23524,1.2353,2668,11,0
2013-03-12 08:00:00,1.23529,1.23571,1.23305,1.23343,3964,7,0
2013-03-12 10:00:00,1.23345,1.23389,1.23214,1.23318,4768,6,0
2013-03-12 12:00:00,1.23319,1.23457,1.23262,1.23396,3852,5,0
2013-03-12 14:00:00,1.23395,1.23483,1.2331,1.23398,4955,6,0
2013-03-12 16:00:00,1.234,1.23406,1.23268,1.23339,4015,6,0
2013-03-12 18:00:00,1.23336,1.2337,1.23323,1.23365,2028,9,0
2013-03-12 20:00:00,1.23368,1.23442,1.23357,1.2343,1511,9,0
2013-03-12 22:00:00,1.23428,1.23431,1.23375,1.23408,1358,13,0
2013-03-13 00:00:00,1.23408,1.2343,1.23366,1.23394,1870,14,0
2013-03-13 02:00:00,1.2339,1.23406,1.23356,1.23391,1486,10,0
2013-03-13 04:00:00,1.23389,1.23407,1.23364,1.23389,1520,9,0
2013-03-13 06:00:00,1.23387,1.23432,1.2337,1.23413,1443,12,0
2013-03-13 08:00:00,1.23414,1.23418,1.23192,1.23349,4957,5,0
2013-03-13 10:00:00,1.23351,1.2336,1.23188,1.23199,4548,6,0
2013-03-13 12:00:00,1.23198,1.2324,1.23046,1.23171,5108,4,0
2013-03-13 14:00:00,1.23173,1.23224,1.23035,1.23085,6087,4,0
2013-03-13 16:00:00,1.23083,1.23427,1.23083,1.23427,4133,5,0
2013-03-13 18:00:00,1.23427,1.23492,1.23386,1.23454,2233,2,0
2013-03-13 20:00:00,1.23453,1.2347,1.23413,1.23431,1649,1,0
2013-03-13 22:00:00,1.23434,1.23457,1.23409,1.23427,1369,9,0
2013-03-14 00:00:00,1.2343,1.23481,1.23413,1.23449,2441,11,0
2013-03-14 02:00:00,1.23447,1.23452,1.2337,1.23393,2783,11,0
2013-03-14 04:00:00,1.2339,1.23425,1.23312,1.23346,2740,10,0
2013-03-14 06:00:00,1.23348,1.23417,1.23323,1.23411,2225,9,0
2013-03-14 08:00:00,1.23412,1.23693,1.23303,1.23579,5169,4,0
2013-03-14 10:00:00,1.23576,1.2367,1.23326,1.2338,4505,5,0
2013-03-14 12:00:00,1.23385,1.23615,1.23318,1.23532,5479,4,0
2013-03-14 14:00:00,1.23536,1.23538,1.23346,1.23357,5283,4,0
2013-03-14 16:00:00,1.23357,1.23459,1.23099,1.23211,5032,5,0
2013-03-14 18:00:00,1.23213,1.23263,1.23089,1.23139,3226,7,0
2013-03-14 20:00:00,1.23132,1.23194,1.23105,1.23157,1882,9,0
2013-03-14 22:00:00,1.23156,1.23197,1.23112,1.23157,1742,9,0
2013-03-15 00:00:00,1.23157,1.23244,1.23157,1.23185,2325,9,0
2013-03-15 02:00:00,1.23183,1.23216,1.23117,1.23176,2449,11,0
2013-03-15 04:00:00,1.2318,1.2331,1.23128,1.23249,2513,6,0
2013-03-15 06:00:00,1.23249,1.23344,1.23207,1.23304,2147,6,0
2013-03-15 08:00:00,1.23306,1.23347,1.23039,1.23039,4181,1,0
2013-03-15 10:00:00,1.23039,1.232,1.23036,1.23113,5191,7,0
2013-03-15 12:00:00,1.23116,1.23156,1.229,1.22959,4782,4,0
2013-03-15 14:00:00,1.22957,1.23079,1.22728,1.22802,6665,4,0
2013-03-15 16:00:00,1.22802,1.22898,1.22615,1.22627,4673,5,0
2013-03-15 18:00:00,1.22629,1.22777,1.22566,1.22735,2757,7,0
2013-03-15 20:00:00,1.22738,1.22779,1.22633,1.22687,2348,8,0
2013-03-15 22:00:00,1.22718,1.22718,1.22718,1.22718,1,36,0
2013-03-18 00:00:00,1.21892,1.22023,1.21798,1.21896,4873,9,0
2013-03-18 02:00:00,1.21895,1.21941,1.21702,1.21751,3502,6,0
2013-03-18 04:00:00,1.21752,1.21787,1.21683,1.21698,2265,8,0
2013-03-18 06:00:00,1.21699,1.21993,1.21684,1.21931,3181,1,0
2013-03-18 08:00:00,1.21932,1.2228,1.21829,1.2219,6205,4,0
2013-03-18 10:00:00,1.22188,1.22869,1.21986,1.2231,5484,4,0
2013-03-18 12:00:00,1.22313,1.22398,1.22213,1.22253,4457,5,0
2013-03-18 14:00:00,1.22251,1.22443,1.2214,1.22404,5730,5,0
2013-03-18 16:00:00,1.22404,1.2259,1.2236,1.22577,4722,1,0
2013-03-18 18:00:00,1.22577,1.22614,1.22388,1.22392,2788,5,0
2013-03-18 20:00:00,1.22388,1.22661,1.22347,1.22555,2819,6,0
2013-03-18 22:00:00,1.22552,1.2262,1.22519,1.22549,2074,7,0
2013-03-19 00:00:00,1.2255,1.22644,1.22513,1.22631,2797,8,0
2013-03-19 02:00:00,1.22629,1.22649,1.22599,1.22599,2101,10,0
2013-03-19 04:00:00,1.22599,1.22644,1.22595,1.2261,1436,11,0
2013-03-19 06:00:00,1.2261,1.22666,1.2245,1.2257,2386,6,0
2013-03-19 08:00:00,1.2257,1.22621,1.22438,1.22499,4128,5,0
2013-03-19 10:00:00,1.22501,1.22551,1.22222,1.22282,5483,4,0
2013-03-19 12:00:00,1.22282,1.2233,1.22158,1.2219,3863,4,0
2013-03-19 14:00:00,1.22189,1.22197,1.21958,1.22138,5530,1,0
2013-03-19 16:00:00,1.22136,1.22138,1.21772,1.21849,6770,1,0
2013-03-19 18:00:00,1.21846,1.2216,1.21809,1.2201,5292,5,0
2013-03-19 20:00:00,1.22015,1.22227,1.21925,1.21966,4449,4,0
2013-03-19 22:00:00,1.21965,1.21966,1.21825,1.21894,2413,9,0
2013-03-20 00:00:00,1.21893,1.2196,1.21863,1.21927,1957,7,0
2013-03-20 02:00:00,1.21927,1.2199,1.21916,1.21989,1691,11,0
2013-03-20 04:00:00,1.21987,1.21998,1.21951,1.21974,1490,11,0
2013-03-20 06:00:00,1.21974,1.2212,1.21957,1.22109,1833,8,0
2013-03-20 08:00:00,1.22109,1.22266,1.22085,1.2214,5113,4,0
2013-03-20 10:00:00,1.22138,1.22254,1.22117,1.22138,5149,5,0
2013-03-20 12:00:00,1.22139,1.22345,1.22066,1.22194,5647,4,0
2013-03-20 14:00:00,1.22195,1.22321,1.22139,1.22213,5594,4,0
2013-03-20 16:00:00,1.22213,1.22277,1.22109,1.22222,4259,1,0
2013-03-20 18:00:00,1.22224,1.22278,1.22054,1.22139,5246,4,0
2013-03-20 20:00:00,1.22139,1.22255,1.22081,1.22228,3063,5,0
2013-03-20 22:00:00,1.22228,1.2228,1.22156,1.22234,1798,4,0
2013-03-21 00:00:00,1.22237,1.22271,1.22154,1.22154,2458,12,0
2013-03-21 02:00:00,1.22155,1.22299,1.22152,1.22285,2257,2,0
2013-03-21 04:00:00,1.22288,1.2235,1.22229,1.22304,2269,10,0
2013-03-21 06:00:00,1.22303,1.22338,1.22237,1.2224,2131,8,0
2013-03-21 08:00:00,1.22238,1.22295,1.21938,1.22049,5242,4,0
2013-03-21 10:00:00,1.22051,1.22161,1.21977,1.22082,5962,6,0
2013-03-21 12:00:00,1.22078,1.22297,1.22078,1.22275,5459,4,0
2013-03-21 14:00:00,1.22278,1.22291,1.22094,1.22207,6235,1,0
2013-03-21 16:00:00,1.22206,1.2237,1.2214,1.2222,5067,4,0
2013-03-21 18:00:00,1.2222,1.22293,1.22108,1.22211,3946,4,0
2013-03-21 20:00:00,1.2221,1.22271,1.22038,1.22066,3414,5,0
2013-03-21 22:00:00,1.22066,1.22142,1.22005,1.22085,2221,10,0
2013-03-22 00:00:00,1.22081,1.22161,1.22068,1.22105,2018,1,0
2013-03-22 02:00:00,1.22104,1.22196,1.22103,1.22179,2056,11,0
2013-03-22 04:00:00,1.22174,1.22275,1.22167,1.22257,1539,11,0
2013-03-22 06:00:00,1.22263,1.22281,1.22027,1.2212,2807,6,0
2013-03-22 08:00:00,1.22121,1.22168,1.21995,1.22085,5066,4,0
2013-03-22 10:00:00,1.22086,1.22283,1.2206,1.22179,5873,5,0
2013-03-22 12:00:00,1.22178,1.22271,1.22124,1.22126,5397,4,0
2013-03-22 14:00:00,1.22126,1.22369,1.22113,1.22241,6480,1,0
2013-03-22 16:00:00,1.2224,1.22367,1.22184,1.22256,5583,4,0
2013-03-22 18:00:00,1.22256,1.22296,1.2219,1.22192,2601,4,0
2013-03-22 20:00:00,1.22192,1.22233,1.22082,1.22132,3108,6,0
2013-03-22 22:00:00,1.22133,1.22133,1.22133,1.22133,1,125,0
2013-03-25 00:00:00,1.22081,1.22458,1.22024,1.22403,4234,1,0
2013-03-25 02:00:00,1.22403,1.22538,1.2234,1.22444,2690,9,0
2013-03-25 04:00:00,1.22444,1.22473,1.22402,1.22441,1440,6,0
2013-03-25 06:00:00,1.22441,1.22485,1.22317,1.22385,2201,1,0
2013-03-25 08:00:00,1.22386,1.22408,1.22119,1.22216,5210,6,0
2013-03-25 10:00:00,1.22215,1.22277,1.22129,1.22139,4918,4,0
2013-03-25 12:00:00,1.22138,1.22212,1.22075,1.22123,5394,5,0
2013-03-25 14:00:00,1.22124,1.22163,1.22027,1.22048,6862,5,0
2013-03-25 16:00:00,1.22049,1.22083,1.21963,1.21976,6560,4,0
2013-03-25 18:00:00,1.21977,1.22029,1.21821,1.21927,4382,6,0
2013-03-25 20:00:00,1.21928,1.21966,1.21893,1.21905,2103,5,0
2013-03-25 22:00:00,1.21911,1.21961,1.21896,1.21934,2147,4,0
2013-03-26 00:00:00,1.21934,1.21979,1.21886,1.21971,1847,5,0
2013-03-26 02:00:00,1.2197,1.22087,1.21969,1.22049,2035,10,0
2013-03-26 04:00:00,1.22051,1.22107,1.22044,1.22059,1799,11,0
2013-03-26 06:00:00,1.22061,1.2209,1.22024,1.22083,1930,5,0
2013-03-26 08:00:00,1.22082,1.22139,1.2201,1.22075,5155,5,0
2013-03-26 10:00:00,1.22076,1.22126,1.21993,1.22073,5081,1,0
2013-03-26 12:00:00,1.22074,1.22108,1.21955,1.22067,4718,6,0
2013-03-26 14:00:00,1.22063,1.22178,1.21913,1.22065,6384,5,0
2013-03-26 16:00:00,1.2206,1.22104,1.21942,1.2196,4454,5,0
2013-03-26 18:00:00,1.21954,1.21965,1.21901,1.21907,1890,4,0
2013-03-26 20:00:00,1.21906,1.2197,1.21897,1.2193,1638,6,0
2013-03-26 22:00:00,1.21931,1.21941,1.21897,1.21931,1236,9,0
2013-03-27 00:00:00,1.21931,1.2196,1.21906,1.21934,1497,10,0
2013-03-27 02:00:00,1.21934,1.21967,1.21923,1.21957,1294,9,0
2013-03-27 04:00:00,1.21958,1.21967,1.21902,1.21917,1918,7,0
2013-03-27 06:00:00,1.21916,1.21943,1.21891,1.21928,1606,12,0
2013-03-27 08:00:00,1.21928,1.21967,1.21849,1.21851,4381,5,0
2013-03-27 10:00:00,1.2185,1.21868,1.21732,1.2182,5972,4,0
2013-03-27 12:00:00,1.21823,1.21856,1.21693,1.21761,5070,5,0
2013-03-27 14:00:00,1.21761,1.21822,1.21704,1.2176,6267,5,0
2013-03-27 16:00:00,1.21759,1.21893,1.21755,1.21854,4533,4,0
2013-03-27 18:00:00,1.21853,1.21876,1.21775,1.21808,2591,4,0
2013-03-27 20:00:00,1.21807,1.21964,1.21805,1.21894,1835,5,0
2013-03-27 22:00:00,1.21894,1.21907,1.21859,1.2187,1171,10,0
2013-03-28 00:00:00,1.21873,1.21889,1.21802,1.21848,1515,6,0
2013-03-28 02:00:00,1.21844,1.2191,1.21831,1.2188,1790,6,0
2013-03-28 04:00:00,1.2188,1.21908,1.21865,1.21887,1270,9,0
2013-03-28 06:00:00,1.2189,1.21921,1.21854,1.21904,2072,5,0
2013-03-28 08:00:00,1.21902,1.2196,1.21797,1.21801,4839,5,0
2013-03-28 10:00:00,1.21801,1.21995,1.2176,1.21978,5672,4,0
2013-03-28 12:00:00,1.2198,1.22014,1.21852,1.21936,5299,4,0
2013-03-28 14:00:00,1.21936,1.21969,1.21764,1.21767,5639,4,0
2013-03-28 16:00:00,1.21767,1.21777,1.21561,1.21655,5403,4,0
2013-03-28 18:00:00,1.21655,1.21687,1.21594,1.21659,2569,5,0
2013-03-28 20:00:00,1.21659,1.21739,1.21639,1.21722,2258,7,0
2013-03-28 22:00:00,1.21723,1.21739,1.21667,1.21675,1291,10,0
2013-03-29 00:00:00,1.21675,1.21721,1.21639,1.217,1383,12,0
2013-03-29 02:00:00,1.21693,1.21735,1.2168,1.21711,965,9,0
2013-03-29 04:00:00,1.21711,1.2172,1.21691,1.21701,1059,11,0
2013-03-29 06:00:00,1.21699,1.21727,1.21671,1.21687,1509,12,0
2013-03-29 08:00:00,1.21689,1.21726,1.21657,1.21699,1249,6,0
2013-03-29 10:00:00,1.21703,1.21725,1.21643,1.21686,1618,5,0
2013-03-29 12:00:00,1.21681,1.21726,1.2166,1.21675,2086,8,0
2013-03-29 14:00:00,1.21675,1.21712,1.21598,1.21614,4152,7,0
2013-03-29 16:00:00,1.21616,1.21721,1.21611,1.21662,2380,11,0
2013-03-29 18:00:00,1.21663,1.2167,1.21618,1.21639,2697,14,0
2013-03-29 20:00:00,1.2164,1.217,1.21569,1.2165,2417,17,0
2013-04-01 00:00:00,1.21675,1.21721,1.21659,1.21667,1009,14,0
2013-04-01 02:00:00,1.21667,1.21697,1.21612,1.21649,1823,9,0
2013-04-01 04:00:00,1.21647,1.21674,1.21623,1.21645,1355,9,0
2013-04-01 06:00:00,1.21646,1.21664,1.21613,1.21649,1344,6,0
2013-04-01 08:00:00,1.21649,1.21676,1.21623,1.2164,2250,5,0
2013-04-01 10:00:00,1.21638,1.21667,1.21619,1.21663,1695,6,0
2013-04-01 12:00:00,1.21663,1.21723,1.21645,1.21696,1487,5,0
2013-04-01 14:00:00,1.21698,1.21729,1.2165,1.21697,1736,4,0
2013-04-01 16:00:00,1.21691,1.21778,1.21615,1.21631,2712,1,0
2013-04-01 18:00:00,1.21631,1.21675,1.21614,1.21631,1372,8,0
2013-04-01 20:00:00,1.2163,1.21692,1.21617,1.21622,1246,8,0
2013-04-01 22:00:00,1.21621,1.21649,1.21589,1.21612,1384,8,0
2013-04-02 00:00:00,1.21612,1.21642,1.21591,1.21606,1059,1,0
2013-04-02 02:00:00,1.21605,1.21652,1.2158,1.2162,2589,7,0
2013-04-02 04:00:00,1.21619,1.21646,1.21601,1.21628,1642,6,0
2013-04-02 06:00:00,1.21627,1.21657,1.21605,1.21645,1619,6,0
2013-04-02 08:00:00,1.21645,1.21707,1.21572,1.21598,4580,5,0
2013-04-02 10:00:00,1.21597,1.21604,1.21357,1.21463,5201,1,0
2013-04-02 12:00:00,1.21465,1.21559,1.21425,1.21557,3913,3,0
2013-04-02 14:00:00,1.21559,1.21668,1.21529,1.21658,5233,1,0
2013-04-02 16:00:00,1.21658,1.21785,1.21608,1.21742,4409,4,0
2013-04-02 18:00:00,1.21738,1.21745,1.21638,1.21652,1929,4,0
2013-04-02 20:00:00,1.21649,1.21669,1.21625,1.21651,1315,4,0
2013-04-02 22:00:00,1.21651,1.21661,1.2157,1.21632,1293,7,0
2013-04-03 00:00:00,1.21632,1.21649,1.21577,1.21613,1692,10,0
2013-04-03 02:00:00,1.21613,1.21656,1.21594,1.21622,2060,7,0
2013-04-03 04:00:00,1.21626,1.21709,1.216,1.21673,1570,7,0
2013-04-03 06:00:00,1.21672,1.21686,1.21647,1.2168,1281,6,0
2013-04-03 08:00:00,1.21681,1.2183,1.21658,1.21793,3947,4,0
2013-04-03 10:00:00,1.21792,1.218,1.21691,1.21702,4647,4,0
2013-04-03 12:00:00,1.21702,1.21715,1.21537,1.21652,4045,4,0
2013-04-03 14:00:00,1.21654,1.21707,1.21505,1.21523,5099,3,0
2013-04-03 16:00:00,1.21522,1.21541,1.21311,1.2142,4577,1,0
2013-04-03 18:00:00,1.21418,1.21503,1.21343,1.21349,2348,2,0
2013-04-03 20:00:00,1.21348,1.21416,1.2133,1.21413,1625,1,0
2013-04-03 22:00:00,1.21412,1.21439,1.21398,1.21423,1216,8,0
2013-04-04 00:00:00,1.2142,1.21436,1.21382,1.21411,1453,11,0
2013-04-04 02:00:00,1.2141,1.21432,1.21348,1.21351,1982,9,0
2013-04-04 04:00:00,1.21345,1.21437,1.21345,1.21384,1499,5,0
2013-04-04 06:00:00,1.21378,1.21513,1.21358,1.21512,2775,6,0
2013-04-04 08:00:00,1.21509,1.21641,1.21489,1.21516,5018,4,0
2013-04-04 10:00:00,1.21518,1.21652,1.21481,1.21606,4929,5,0
2013-04-04 12:00:00,1.21605,1.21654,1.21536,1.21555,4390,4,0
2013-04-04 14:00:00,1.21554,1.2159,1.21324,1.21494,7680,4,0
2013-04-04 16:00:00,1.21489,1.21649,1.21478,1.21577,5164,4,0
2013-04-04 18:00:00,1.21577,1.21715,1.2145,1.21572,4229,4,0
2013-04-04 20:00:00,1.21573,1.21592,1.21498,1.21549,2213,4,0
2013-04-04 22:00:00,1.21549,1.21568,1.21517,1.21539,1497,5,0
2013-04-05 00:00:00,1.21543,1.21591,1.21528,1.21581,1831,7,0
2013-04-05 02:00:00,1.21581,1.21599,1.21478,1.2155,2884,9,0
2013-04-05 04:00:00,1.21552,1.21571,1.21496,1.21544,1650,10,0
2013-04-05 06:00:00,1.21545,1.21551,1.21479,1.21531,2102,7,0
2013-04-05 08:00:00,1.21531,1.2171,1.21472,1.21643,4069,1,0
2013-04-05 10:00:00,1.21641,1.21656,1.21523,1.21534,4168,4,0
2013-04-05 12:00:00,1.21534,1.21643,1.21534,1.21607,4084,5,0
2013-04-05 14:00:00,1.21606,1.21624,1.21389,1.2151,6824,4,0
2013-04-05 16:00:00,1.21509,1.21557,1.2141,1.21471,5673,4,0
2013-04-05 18:00:00,1.21469,1.21492,1.21396,1.21431,2415,4,0
2013-04-05 20:00:00,1.2143,1.21463,1.21355,1.21402,2144,5,0
2013-04-05 22:00:00,1.21401,1.21515,1.21377,1.21397,1438,8,0
2013-04-08 00:00:00,1.2138,1.2138,1.21288,1.21316,2353,5,0
2013-04-08 02:00:00,1.21317,1.21404,1.21313,1.21402,2204,9,0
2013-04-08 04:00:00,1.21404,1.21433,1.21365,1.21378,1842,8,0
2013-04-08 06:00:00,1.21377,1.21408,1.21345,1.21403,1959,9,0
2013-04-08 08:00:00,1.21401,1.21571,1.21348,1.21518,4290,5,0
2013-04-08 10:00:00,1.2152,1.21614,1.21501,1.21605,4291,4,0
2013-04-08 12:00:00,1.21604,1.21711,1.21574,1.21668,4009,4,0
2013-04-08 14:00:00,1.21662,1.2172,1.21621,1.21649,3831,5,0
2013-04-08 16:00:00,1.21651,1.21696,1.21558,1.2158,3962,4,0
2013-04-08 18:00:00,1.21582,1.21643,1.21546,1.21637,2174,3,0
2013-04-08 20:00:00,1.21637,1.2167,1.2161,1.21664,1810,5,0
2013-04-08 22:00:00,1.21668,1.21714,1.2161,1.2169,1293,9,0
2013-04-09 00:00:00,1.21689,1.21742,1.21656,1.21718,1903,11,0
2013-04-09 02:00:00,1.21718,1.21794,1.21665,1.21772,3191,9,0
2013-04-09 04:00:00,1.21772,1.21814,1.21761,1.2177,2266,8,0
2013-04-09 06:00:00,1.2177,1.21824,1.21749,1.21772,1571,5,0
2013-04-09 08:00:00,1.21771,1.21903,1.21732,1.21882,4543,1,0
2013-04-09 10:00:00,1.21884,1.21995,1.21844,1.21955,4993,1,0
2013-04-09 12:00:00,1.21956,1.22028,1.21938,1.21957,3790,1,0
2013-04-09 14:00:00,1.21959,1.22119,1.21939,1.22029,4877,1,0
2013-04-09 16:00:00,1.22035,1.22051,1.21774,1.21968,5844,4,0
2013-04-09 18:00:00,1.21972,1.22046,1.21945,1.21985,2719,5,0
2013-04-09 20:00:00,1.21993,1.2204,1.21973,1.21984,1935,4,0
2013-04-09 22:00:00,1.21997,1.22042,1.21937,1.22004,1663,7,0
2013-04-10 00:00:00,1.22003,1.22003,1.21927,1.21958,1706,8,0
2013-04-10 02:00:00,1.21959,1.21998,1.21933,1.21973,2066,13,0
2013-04-10 04:00:00,1.21972,1.21986,1.21927,1.21945,1983,15,0
2013-04-10 06:00:00,1.21943,1.21966,1.21924,1.21952,1428,11,0
2013-04-10 08:00:00,1.21952,1.22022,1.21938,1.21959,4055,10,0
2013-04-10 10:00:00,1.21958,1.21999,1.21928,1.21953,4118,7,0
2013-04-10 12:00:00,1.21951,1.21959,1.21853,1.21889,2530,9,0
2013-04-10 14:00:00,1.21889,1.21905,1.21759,1.21858,5980,9,0
2013-04-10 16:00:00,1.21857,1.21959,1.21792,1.21874,4058,9,0
2013-04-10 18:00:00,1.21872,1.21901,1.21823,1.21826,2093,9,0
2013-04-10 20:00:00,1.21826,1.21892,1.21812,1.21887,1787,10,0
2013-04-10 22:00:00,1.21887,1.21924,1.21863,1.21869,1586,10,0
2013-04-11 00:00:00,1.21872,1.21881,1.21811,1.21818,1844,13,0
2013-04-11 02:00:00,1.21818,1.21859,1.21811,1.21827,2462,12,0
2013-04-11 04:00:00,1.21826,1.21858,1.21799,1.21822,1862,11,0
2013-04-11 06:00:00,1.21825,1.21851,1.2181,1.21846,1361,12,0
2013-04-11 08:00:00,1.21848,1.21883,1.21825,1.21828,3310,10,0
2013-04-11 10:00:00,1.21835,1.21918,1.21827,1.21887,3717,9,0
2013-04-11 12:00:00,1.21887,1.21932,1.21847,1.21877,4273,9,0
2013-04-11 14:00:00,1.21877,1.21918,1.21852,1.21883,4811,9,0
2013-04-11 16:00:00,1.21886,1.22014,1.2188,1.21953,4714,10,0
2013-04-11 18:00:00,1.21954,1.22037,1.21949,1.22008,2183,9,0
2013-04-11 20:00:00,1.22008,1.22037,1.21966,1.2197,1709,10,0
2013-04-11 22:00:00,1.2197,1.22019,1.21902,1.21996,1579,9,0
2013-04-12 00:00:00,1.21996,1.2201,1.21966,1.21991,1988,12,0
2013-04-12 02:00:00,1.21988,1.2199,1.21898,1.21907,2031,10,0
2013-04-12 04:00:00,1.21908,1.21909,1.21872,1.21886,1673,12,0
2013-04-12 06:00:00,1.21885,1.21909,1.21872,1.21902,1253,10,0
2013-04-12 08:00:00,1.21902,1.21911,1.2175,1.21756,4100,10,0
2013-04-12 10:00:00,1.21756,1.21815,1.21677,1.21697,5151,9,0
2013-04-12 12:00:00,1.21695,1.21727,1.21621,1.21646,3810,9,0
2013-04-12 14:00:00,1.21644,1.21684,1.21553,1.21654,5300,9,0
2013-04-12 16:00:00,1.21656,1.21689,1.2161,1.21635,5086,9,0
2013-04-12 18:00:00,1.21634,1.21674,1.21617,1.21641,2064,9,0
2013-04-12 20:00:00,1.21644,1.21678,1.21612,1.21656,1994,9,0
2013-04-12 22:00:00,1.21655,1.2169,1.2151,1.21539,1991,9,0
2013-04-15 00:00:00,1.21555,1.21612,1.21552,1.21589,1980,10,0
2013-04-15 02:00:00,1.21589,1.21647,1.21586,1.2161,2178,10,0
2013-04-15 04:00:00,1.21605,1.21675,1.21527,1.21544,3601,13,0
2013-04-15 06:00:00,1.21544,1.21714,1.21524,1.21706,2108,11,0
2013-04-15 08:00:00,1.21705,1.21714,1.21524,1.21538,4265,10,0
2013-04-15 10:00:00,1.21538,1.2155,1.21422,1.21482,5268,9,0
2013-04-15 12:00:00,1.21479,1.21507,1.21432,1.21481,4171,9,0
2013-04-15 14:00:00,1.2148,1.21569,1.21449,1.21537,4921,8,0
2013-04-15 16:00:00,1.21533,1.21724,1.21479,1.21676,5429,10,0
2013-04-15 18:00:00,1.21675,1.21725,1.21624,1.21634,2831,10,0
2013-04-15 20:00:00,1.21634,1.21643,1.21461,1.2147,4976,10,0
2013-04-15 22:00:00,1.2147,1.21544,1.21356,1.2142,3201,10,0
2013-04-16 00:00:00,1.21421,1.21445,1.21376,1.21408,2453,10,0
2013-04-16 02:00:00,1.21408,1.21448,1.21385,1.21434,3178,11,0
2013-04-16 04:00:00,1.21436,1.21513,1.21429,1.21502,2240,10,0
2013-04-16 06:00:00,1.21497,1.21563,1.21478,1.21535,2229,10,0
2013-04-16 08:00:00,1.21533,1.21635,1.21478,1.2153,4573,10,0
2013-04-16 10:00:00,1.21532,1.21635,1.21481,1.21592,6179,10,0
2013-04-16 12:00:00,1.21596,1.21651,1.21555,1.21607,5140,10,0
2013-04-16 14:00:00,1.21607,1.2169,1.21557,1.21619,5761,10,0
2013-04-16 16:00:00,1.21617,1.21695,1.21575,1.21622,4777,9,0
2013-04-16 18:00:00,1.2162,1.21699,1.21551,1.21581,3851,10,0
2013-04-16 20:00:00,1.21583,1.21583,1.2153,1.21537,1774,11,0
2013-04-16 22:00:00,1.21535,1.21574,1.21522,1.21553,1316,10,0
2013-04-17 00:00:00,1.21549,1.21577,1.21511,1.21535,2163,13,0
2013-04-17 02:00:00,1.21536,1.21611,1.21529,1.21602,2429,11,0
2013-04-17 04:00:00,1.21602,1.21628,1.21587,1.21607,1421,10,0
2013-04-17 06:00:00,1.21608,1.21645,1.21592,1.21622,1955,10,0
2013-04-17 08:00:00,1.21621,1.21629,1.21506,1.21521,4407,9,0
2013-04-17 10:00:00,1.21522,1.21601,1.21449,1.21515,5465,10,0
2013-04-17 12:00:00,1.21515,1.21532,1.21435,1.2145,4726,10,0
2013-04-17 14:00:00,1.2145,1.21516,1.21426,1.21427,5012,9,0
2013-04-17 16:00:00,1.21428,1.21498,1.21388,1.21438,6541,9,0
2013-04-17 18:00:00,1.21438,1.21488,1.21383,1.21463,4165,9,0
2013-04-17 20:00:00,1.21463,1.21572,1.21438,1.21559,3823,8,0
2013-04-17 22:00:00,1.21559,1.21594,1.21513,1.21569,1699,10,0
2013-04-18 00:00:00,1.21568,1.21585,1.21524,1.2154,1547,12,0
2013-04-18 02:00:00,1.21538,1.21582,1.21528,1.21549,2857,13,0
2013-04-18 04:00:00,1.2155,1.21573,1.21501,1.21566,2253,10,0
2013-04-18 06:00:00,1.21569,1.21582,1.21517,1.21548,2552,12,0
2013-04-18 08:00:00,1.21548,1.21626,1.21504,1.21524,4018,9,0
2013-04-18 10:00:00,1.21523,1.21581,1.21516,1.21569,4024,10,0
2013-04-18 12:00:00,1.21569,1.21652,1.21536,1.21586,3190,10,0
2013-04-18 14:00:00,1.21586,1.21636,1.21572,1.21583,4654,9,0
2013-04-18 16:00:00,1.21583,1.21654,1.21535,1.21648,5830,10,0
2013-04-18 18:00:00,1.21646,1.21673,1.21571,1.21602,2784,6,0
2013-04-18 20:00:00,1.21602,1.21711,1.21597,1.21699,2783,10,0
2013-04-18 22:00:00,1.21697,1.21737,1.21681,1.217,1512,9,0
2013-04-19 00:00:00,1.21714,1.21735,1.21663,1.21696,1493,12,0
2013-04-19 02:00:00,1.21692,1.21726,1.21688,1.21722,1467,13,0
2013-04-19 04:00:00,1.21721,1.21727,1.21669,1.21699,1907,10,0
2013-04-19 06:00:00,1.21696,1.2171,1.21669,1.21688,1294,10,0
2013-04-19 08:00:00,1.21688,1.21764,1.21625,1.21764,4398,9,0
2013-04-19 10:00:00,1.2176,1.21851,1.21678,1.21709,4589,9,0
2013-04-19 12:00:00,1.21709,1.21733,1.21675,1.2173,3111,9,0
2013-04-19 14:00:00,1.21724,1.21813,1.21716,1.21792,5887,9,0
2013-04-19 16:00:00,1.21792,1.21872,1.21711,1.21823,5034,9,0
2013-04-19 18:00:00,1.21822,1.21898,1.21795,1.21867,2498,10,0
2013-04-19 20:00:00,1.21868,1.21905,1.21819,1.21885,2080,10,0
2013-04-19 22:00:00,1.21887,1.21911,1.21808,1.21842,1461,15,0
2013-04-22 00:00:00,1.21857,1.21873,1.21821,1.21863,1459,9,0
2013-04-22 02:00:00,1.21868,1.21891,1.21841,1.21871,2027,11,0
2013-04-22 04:00:00,1.21871,1.21889,1.21861,1.21879,1095,12,0
2013-04-22 06:00:00,1.21881,1.21883,1.21846,1.21867,1266,10,0
2013-04-22 08:00:00,1.21868,1.21878,1.21792,1.21808,3743,5,0
2013-04-22 10:00:00,1.21808,1.21903,1.21801,1.21872,4098,6,0
2013-04-22 12:00:00,1.21872,1.21962,1.21839,1.21898,2871,5,0
2013-04-22 14:00:00,1.21897,1.21995,1.21848,1.21973,3458,6,0
2013-04-22 16:00:00,1.21973,1.22033,1.21938,1.22004,3776,5,0
2013-04-22 18:00:00,1.22005,1.22037,1.21979,1.2198,1633,6,0
2013-04-22 20:00:00,1.21984,1.22072,1.21975,1.2204,1398,6,0
2013-04-22 22:00:00,1.22041,1.2206,1.22003,1.22018,1144,9,0
2013-04-23 00:00:00,1.22016,1.22056,1.22016,1.22036,1488,11,0
2013-04-23 02:00:00,1.2203,1.22073,1.22012,1.22024,2036,6,0
2013-04-23 04:00:00,1.22024,1.22038,1.21972,1.21994,1955,6,0
2013-04-23 06:00:00,1.21996,1.22037,1.21933,1.21965,2184,9,0
2013-04-23 08:00:00,1.21957,1.22062,1.21901,1.21952,5352,5,0
2013-04-23 10:00:00,1.21951,1.22147,1.21928,1.2213,5120,5,0
2013-04-23 12:00:00,1.2213,1.22233,1.2209,1.2219,3936,5,0
2013-04-23 14:00:00,1.22189,1.22319,1.22122,1.22272,4823,5,0
2013-04-23 16:00:00,1.2227,1.22704,1.22248,1.22664,4895,5,0
2013-04-23 18:00:00,1.22663,1.22701,1.22471,1.22653,2576,7,0
2013-04-23 20:00:00,1.22653,1.2287,1.22653,1.22852,1868,4,0
2013-04-23 22:00:00,1.22851,1.2292,1.22808,1.22894,1742,6,0
2013-04-24 00:00:00,1.22895,1.22909,1.22863,1.2289,1768,10,0
2013-04-24 02:00:00,1.22887,1.22956,1.22843,1.22909,2284,9,0
2013-04-24 04:00:00,1.22908,1.22934,1.22863,1.2291,1596,9,0
2013-04-24 06:00:00,1.22916,1.22975,1.22841,1.22851,1672,7,0
2013-04-24 08:00:00,1.22851,1.22927,1.22744,1.22771,3440,5,0
2013-04-24 10:00:00,1.22771,1.23183,1.22621,1.23119,5631,2,0
2013-04-24 12:00:00,1.2312,1.23188,1.23022,1.23027,3825,5,0
2013-04-24 14:00:00,1.23026,1.23122,1.22861,1.23099,4568,6,0
2013-04-24 16:00:00,1.231,1.23425,1.231,1.23258,4838,6,0
2013-04-24 18:00:00,1.23258,1.23271,1.23201,1.23249,2636,6,0
2013-04-24 20:00:00,1.23249,1.23306,1.23228,1.23278,2242,6,0
2013-04-24 22:00:00,1.23276,1.23284,1.23206,1.23263,2007,6,0
2013-04-25 00:00:00,1.23263,1.23325,1.23231,1.23311,1565,9,0
2013-04-25 02:00:00,1.23313,1.23431,1.2329,1.23364,3378,6,0
2013-04-25 04:00:00,1.23362,1.23411,1.23308,1.23399,1859,6,0
2013-04-25 06:00:00,1.23399,1.2343,1.23314,1.23361,1709,6,0
2013-04-25 08:00:00,1.23363,1.23436,1.23203,1.23283,3244,6,0
2013-04-25 10:00:00,1.23282,1.23429,1.23249,1.2329,4071,6,0
2013-04-25 12:00:00,1.23288,1.23356,1.23222,1.23283,2324,6,0
2013-04-25 14:00:00,1.23286,1.23486,1.2318,1.23233,5134,5,0
2013-04-25 16:00:00,1.23234,1.23242,1.22922,1.22937,4812,5,0
2013-04-25 18:00:00,1.22938,1.23036,1.22864,1.23009,2205,6,0
2013-04-25 20:00:00,1.23011,1.23037,1.22823,1.22871,2168,8,0
2013-04-25 22:00:00,1.2287,1.22942,1.22866,1.22921,1703,7,0
2013-04-26 00:00:00,1.22921,1.22972,1.22858,1.22915,1756,11,0
2013-04-26 02:00:00,1.22913,1.22999,1.22836,1.22979,2413,9,0
2013-04-26 04:00:00,1.22978,1.22999,1.22874,1.22945,2385,9,0
2013-04-26 06:00:00,1.22946,1.23034,1.2278,1.22842,2578,5,0
2013-04-26 08:00:00,1.22848,1.23046,1.22826,1.23015,3432,6,0
2013-04-26 10:00:00,1.23015,1.23114,1.22786,1.22826,4015,6,0
2013-04-26 12:00:00,1.22824,1.22847,1.2265,1.22676,3239,5,0
2013-04-26 14:00:00,1.22679,1.22735,1.22488,1.22667,6887,5,0
2013-04-26 16:00:00,1.22667,1.22737,1.22541,1.22626,4773,9,0
2013-04-26 18:00:00,1.22623,1.22823,1.22623,1.22784,2106,10,0
2013-04-26 20:00:00,1.22784,1.22867,1.22768,1.22843,1553,6,0
2013-04-26 22:00:00,1.22843,1.22856,1.22726,1.22765,1472,12,0
2013-04-29 00:00:00,1.2285,1.22913,1.22792,1.22876,2370,13,0
2013-04-29 02:00:00,1.22871,1.22908,1.22846,1.22858,1655,13,0
2013-04-29 04:00:00,1.22856,1.22886,1.22827,1.22861,1726,12,0
2013-04-29 06:00:00,1.22861,1.22882,1.22848,1.22879,1240,10,0
2013-04-29 08:00:00,1.22876,1.23046,1.22873,1.23021,4096,9,0
2013-04-29 10:00:00,1.23018,1.23068,1.22841,1.22849,3744,9,0
2013-04-29 12:00:00,1.22848,1.22941,1.22777,1.22822,3343,9,0
2013-04-29 14:00:00,1.22823,1.22859,1.22626,1.22811,5702,9,0
2013-04-29 16:00:00,1.22812,1.22841,1.22647,1.22659,4398,9,0
2013-04-29 18:00:00,1.22658,1.22777,1.22648,1.22706,1933,9,0
2013-04-29 20:00:00,1.22708,1.22773,1.22653,1.22758,1858,9,0
2013-04-29 22:00:00,1.22756,1.22768,1.2264,1.22706,1902,10,0
2013-04-30 00:00:00,1.22706,1.22737,1.22679,1.22733,1167,14,0
2013-04-30 02:00:00,1.22728,1.22756,1.22678,1.22725,1736,11,0
2013-04-30 04:00:00,1.22726,1.22766,1.22718,1.22754,1361,12,0
2013-04-30 06:00:00,1.22754,1.22773,1.22675,1.22707,1586,11,0
2013-04-30 08:00:00,1.22709,1.22717,1.22509,1.22561,3726,6,0
2013-04-30 10:00:00,1.22556,1.22576,1.22407,1.22444,4189,7,0
2013-04-30 12:00:00,1.22443,1.22471,1.2234,1.22415,3159,6,0
2013-04-30 14:00:00,1.22416,1.22593,1.22352,1.22396,5352,4,0
2013-04-30 16:00:00,1.22396,1.22491,1.22278,1.22449,5858,4,0
2013-04-30 18:00:00,1.22449,1.2252,1.22423,1.2246,2358,6,0
2013-04-30 20:00:00,1.2246,1.22478,1.22299,1.22444,1810,4,0
2013-04-30 22:00:00,1.22441,1.22443,1.22305,1.22387,2330,8,0
2013-05-01 00:00:00,1.22386,1.22413,1.22353,1.22385,1473,10,0
2013-05-01 02:00:00,1.22383,1.22439,1.22372,1.22384,1665,12,0
2013-05-01 04:00:00,1.22384,1.22406,1.2235,1.2235,1127,10,0
2013-05-01 06:00:00,1.22348,1.22393,1.22335,1.22373,1263,7,0
2013-05-01 08:00:00,1.22372,1.2261,1.22357,1.22601,2056,4,0
2013-05-01 10:00:00,1.22601,1.2263,1.2247,1.22479,2843,5,0
2013-05-01 12:00:00,1.22479,1.22583,1.2242,1.2254,2755,5,0
2013-05-01 14:00:00,1.2254,1.22546,1.22335,1.22344,3988,5,0
2013-05-01 16:00:00,1.22343,1.22437,1.2225,1.2228,3278,6,0
2013-05-01 18:00:00,1.2228,1.22291,1.22223,1.22228,2025,4,0
2013-05-01 20:00:00,1.22229,1.22342,1.22204,1.2225,4053,7,0
2013-05-01 22:00:00,1.2225,1.2227,1.22202,1.2223,2438,2,0
2013-05-02 00:00:00,1.2223,1.2223,1.2215,1.22176,1539,1,0
2013-05-02 02:00:00,1.22175,1.22212,1.22145,1.22205,2002,7,0
2013-05-02 04:00:00,1.22205,1.22255,1.22198,1.22199,1232,9,0
2013-05-02 06:00:00,1.222,1.22275,1.22197,1.22228,1597,9,0
2013-05-02 08:00:00,1.22229,1.22269,1.22157,1.22259,3474,5,0
2013-05-02 10:00:00,1.2226,1.22267,1.22176,1.22237,2932,6,0
2013-05-02 12:00:00,1.22239,1.22459,1.22121,1.22399,3468,1,0
2013-05-02 14:00:00,1.22399,1.22588,1.21964,1.22122,7407,3,0
2013-05-02 16:00:00,1.22122,1.22171,1.21985,1.22136,5133,5,0
2013-05-02 18:00:00,1.2214,1.22187,1.22091,1.2214,2375,5,0
2013-05-02 20:00:00,1.22139,1.22154,1.22075,1.2214,1402,6,0
2013-05-02 22:00:00,1.22137,1.22166,1.22068,1.22137,2315,8,0
2013-05-03 00:00:00,1.22137,1.22146,1.22075,1.22127,1129,9,0
2013-05-03 02:00:00,1.22127,1.22165,1.22118,1.22163,1119,7,0
2013-05-03 04:00:00,1.22159,1.22181,1.22146,1.22156,970,7,0
2013-05-03 06:00:00,1.22158,1.2223,1.22151,1.22212,1146,9,0
2013-05-03 08:00:00,1.22211,1.22381,1.22164,1.22364,3577,4,0
2013-05-03 10:00:00,1.22364,1.22406,1.2232,1.22336,3155,5,0
2013-05-03 12:00:00,1.22337,1.22368,1.22252,1.22291,3282,4,0
2013-05-03 14:00:00,1.22292,1.22667,1.22281,1.22581,7456,4,0
2013-05-03 16:00:00,1.22581,1.22601,1.22381,1.22452,5492,4,0
2013-05-03 18:00:00,1.22451,1.22637,1.22438,1.22588,2329,5,0
2013-05-03 20:00:00,1.22588,1.22739,1.22588,1.22738,1913,4,0
2013-05-03 22:00:00,1.22735,1.22751,1.22649,1.22664,999,8,0
2013-05-06 00:00:00,1.22678,1.22727,1.22554,1.22726,1068,11,0
2013-05-06 02:00:00,1.22724,1.22727,1.22658,1.22725,1561,8,0
2013-05-06 04:00:00,1.22723,1.22732,1.2269,1.22714,908,10,0
2013-05-06 06:00:00,1.22716,1.22735,1.22663,1.22684,988,6,0
2013-05-06 08:00:00,1.22686,1.22895,1.22675,1.22882,3003,5,0
2013-05-06 10:00:00,1.2288,1.22905,1.22824,1.22878,2727,6,0
2013-05-06 12:00:00,1.22878,1.22885,1.22778,1.22783,2230,7,0
2013-05-06 14:00:00,1.22785,1.22805,1.22732,1.22795,2548,6,0
2013-05-06 16:00:00,1.22796,1.22821,1.22586,1.2273,3335,6,0
2013-05-06 18:00:00,1.22731,1.22739,1.22665,1.22707,1769,8,0
2013-05-06 20:00:00,1.22708,1.2273,1.22677,1.2269,1210,10,0
2013-05-06 22:00:00,1.22692,1.22703,1.22659,1.22669,979,10,0
2013-05-07 00:00:00,1.22672,1.22703,1.22667,1.22699,848,10,0
2013-05-07 02:00:00,1.22698,1.2274,1.22652,1.2274,1749,9,0
2013-05-07 04:00:00,1.22738,1.22746,1.22704,1.22727,1193,10,0
2013-05-07 06:00:00,1.22727,1.22733,1.22615,1.22626,1723,6,0
2013-05-07 08:00:00,1.22628,1.22765,1.22548,1.22758,2955,1,0
2013-05-07 10:00:00,1.22757,1.23366,1.22756,1.23158,4843,5,0
2013-05-07 12:00:00,1.23162,1.23366,1.23162,1.23279,4605,4,0
2013-05-07 14:00:00,1.23277,1.23368,1.23194,1.23269,4268,4,0
2013-05-07 16:00:00,1.23269,1.23327,1.23018,1.23034,4209,4,0
2013-05-07 18:00:00,1.23034,1.23085,1.22971,1.22971,1426,4,0
2013-05-07 20:00:00,1.22971,1.23035,1.22946,1.22952,1401,7,0
2013-05-07 22:00:00,1.22954,1.22996,1.22941,1.22986,1604,6,0
2013-05-08 00:00:00,1.22985,1.23035,1.22974,1.2303,1465,10,0
2013-05-08 02:00:00,1.2303,1.23148,1.23006,1.23094,1794,8,0
2013-05-08 04:00:00,1.23094,1.231,1.23023,1.23043,1342,6,0
2013-05-08 06:00:00,1.23045,1.23099,1.22973,1.22975,1599,4,0
2013-05-08 08:00:00,1.22972,1.23098,1.22949,1.23085,3924,5,0
2013-05-08 10:00:00,1.23081,1.23277,1.23075,1.23241,4014,4,0
2013-05-08 12:00:00,1.23238,1.23481,1.23226,1.23379,4072,1,0
2013-05-08 14:00:00,1.23379,1.23428,1.23148,1.23199,5110,4,0
2013-05-08 16:00:00,1.23201,1.23275,1.23139,1.23186,3930,5,0
2013-05-08 18:00:00,1.23188,1.232,1.23025,1.23105,2228,4,0
2013-05-08 20:00:00,1.23106,1.23116,1.23031,1.23052,1933,6,0
2013-05-08 22:00:00,1.23054,1.23077,1.23024,1.2304,1221,6,0
2013-05-09 00:00:00,1.2304,1.23071,1.23026,1.23057,1254,8,0
2013-05-09 02:00:00,1.23057,1.23077,1.23027,1.23047,1721,9,0
2013-05-09 04:00:00,1.23047,1.23052,1.22958,1.2297,1279,5,0
2013-05-09 06:00:00,1.22964,1.23028,1.22957,1.23014,1297,6,0
2013-05-09 08:00:00,1.23014,1.23099,1.22986,1.23079,2586,5,0
2013-05-09 10:00:00,1.23079,1.23082,1.2282,1.22885,3921,4,0
2013-05-09 12:00:00,1.22882,1.22964,1.22857,1.22945,3033,4,0
2013-05-09 14:00:00,1.22945,1.23341,1.2285,1.23263,4772,5,0
2013-05-09 16:00:00,1.23264,1.2333,1.23163,1.23266,3942,4,0
2013-05-09 18:00:00,1.23266,1.23855,1.23249,1.23757,2842,2,0
2013-05-09 20:00:00,1.23754,1.24076,1.23365,1.23583,5739,4,0
2013-05-09 22:00:00,1.23584,1.23698,1.23559,1.23692,3075,5,0
2013-05-10 00:00:00,1.23689,1.23747,1.23629,1.23746,2040,10,0
2013-05-10 02:00:00,1.23745,1.23852,1.23698,1.23827,2337,10,0
2013-05-10 04:00:00,1.23827,1.2383,1.23711,1.23713,1623,10,0
2013-05-10 06:00:00,1.23717,1.2374,1.23608,1.23714,1619,7,0
2013-05-10 08:00:00,1.23714,1.24412,1.23658,1.2434,6069,4,0
2013-05-10 10:00:00,1.24339,1.24604,1.24124,1.2419,5896,4,0
2013-05-10 12:00:00,1.24188,1.24547,1.24154,1.24216,5181,5,0
2013-05-10 14:00:00,1.24216,1.24389,1.24126,1.24146,5991,4,0
2013-05-10 16:00:00,1.24146,1.24555,1.24106,1.2428,6495,5,0
2013-05-10 18:00:00,1.24279,1.24279,1.23861,1.24164,3985,5,0
2013-05-10 20:00:00,1.24164,1.24353,1.24083,1.24322,2884,7,0
2013-05-10 22:00:00,1.24319,1.24391,1.2427,1.24297,1325,1,0
2013-05-13 00:00:00,1.24373,1.24423,1.24224,1.24322,2039,1,0
2013-05-13 02:00:00,1.24321,1.24358,1.24229,1.24346,2536,1,0
2013-05-13 04:00:00,1.24346,1.24445,1.24346,1.24388,2099,6,0
2013-05-13 06:00:00,1.24389,1.24419,1.2423,1.24314,2364,7,0
2013-05-13 08:00:00,1.24315,1.24323,1.24015,1.24217,4548,4,0
2013-05-13 10:00:00,1.24218,1.24431,1.24191,1.24201,4594,4,0
2013-05-13 12:00:00,1.242,1.24222,1.23974,1.24086,3597,4,0
2013-05-13 14:00:00,1.24086,1.24208,1.23952,1.24161,5765,4,0
2013-05-13 16:00:00,1.24159,1.24342,1.24108,1.24299,4650,4,0
2013-05-13 18:00:00,1.24298,1.24389,1.24262,1.24291,2518,5,0
2013-05-13 20:00:00,1.24291,1.24374,1.24214,1.24215,1558,5,0
2013-05-13 22:00:00,1.24214,1.24262,1.24176,1.24244,1634,9,0
2013-05-14 00:00:00,1.24247,1.24249,1.24151,1.24186,1168,7,0
2013-05-14 02:00:00,1.24183,1.24333,1.23969,1.23976,3216,5,0
2013-05-14 04:00:00,1.2398,1.24087,1.23976,1.24065,1766,6,0
2013-05-14 06:00:00,1.24068,1.241,1.23988,1.24076,2256,4,0
2013-05-14 08:00:00,1.24078,1.24229,1.23859,1.23907,4479,2,0
2013-05-14 10:00:00,1.23904,1.24115,1.239,1.24065,4534,1,0
2013-05-14 12:00:00,1.24058,1.24324,1.24023,1.24234,4080,1,0
2013-05-14 14:00:00,1.24234,1.24263,1.24134,1.24211,3781,1,0
2013-05-14 16:00:00,1.2422,1.24639,1.24163,1.24522,3919,1,0
2013-05-14 18:00:00,1.24522,1.24898,1.24367,1.2476,3814,1,0
2013-05-14 20:00:00,1.24761,1.25022,1.24741,1.24892,2509,1,0
2013-05-14 22:00:00,1.24892,1.24994,1.24745,1.24918,2243,1,0
2013-05-15 00:00:00,1.2491,1.24945,1.24847,1.24877,1783,1,0
2013-05-15 02:00:00,1.2488,1.24921,1.24745,1.24888,2264,1,0
2013-05-15 04:00:00,1.24888,1.25009,1.24888,1.24923,1724,1,0
2013-05-15 06:00:00,1.24925,1.25007,1.24772,1.24794,1793,1,0
2013-05-15 08:00:00,1.24791,1.25248,1.24683,1.25059,4867,1,0
2013-05-15 10:00:00,1.25056,1.25196,1.24849,1.25029,3960,1,0
2013-05-15 12:00:00,1.25024,1.25235,1.25006,1.25144,4140,1,0
2013-05-15 14:00:00,1.25132,1.25195,1.24381,1.24515,6118,1,0
2013-05-15 16:00:00,1.24513,1.24617,1.24253,1.24426,4450,1,0
2013-05-15 18:00:00,1.24428,1.24523,1.24249,1.24311,2827,1,0
2013-05-15 20:00:00,1.24311,1.24492,1.24228,1.24412,2340,1,0
2013-05-15 22:00:00,1.24416,1.24437,1.24238,1.24413,1899,2,0
2013-05-16 00:00:00,1.24414,1.24418,1.24299,1.24366,1540,1,0
2013-05-16 02:00:00,1.24365,1.24395,1.24298,1.24332,2427,1,0
2013-05-16 04:00:00,1.24329,1.24422,1.24299,1.24309,1750,1,0
2013-05-16 06:00:00,1.2431,1.24444,1.24202,1.2444,1935,1,0
2013-05-16 08:00:00,1.24442,1.24832,1.24341,1.24777,3696,1,0
2013-05-16 10:00:00,1.24775,1.24792,1.24414,1.24468,3605,1,0
2013-05-16 12:00:00,1.24459,1.24588,1.24405,1.24451,3236,1,0
2013-05-16 14:00:00,1.24449,1.24479,1.24061,1.2413,5372,1,0
2013-05-16 16:00:00,1.24145,1.24316,1.23834,1.2406,5116,1,0
2013-05-16 18:00:00,1.24063,1.24137,1.2391,1.23991,2063,1,0
2013-05-16 20:00:00,1.23989,1.24296,1.23955,1.24171,3144,1,0
2013-05-16 22:00:00,1.24168,1.24344,1.24155,1.24257,2209,1,0
2013-05-17 00:00:00,1.24257,1.24286,1.24219,1.24284,1079,1,0
2013-05-17 02:00:00,1.24285,1.24379,1.24273,1.24324,1920,1,0
2013-05-17 04:00:00,1.24323,1.24357,1.2424,1.2429,1211,1,0
2013-05-17 06:00:00,1.24292,1.24488,1.24285,1.24413,1791,1,0
2013-05-17 08:00:00,1.24416,1.24521,1.24296,1.24337,3292,1,0
2013-05-17 10:00:00,1.24329,1.24382,1.24188,1.24224,3394,1,0
2013-05-17 12:00:00,1.24224,1.24491,1.24153,1.24433,3678,1,0
2013-05-17 14:00:00,1.24432,1.24928,1.24322,1.24643,5706,1,0
2013-05-17 16:00:00,1.24663,1.24907,1.24655,1.2474,4354,1,0
2013-05-17 18:00:00,1.24735,1.24917,1.24678,1.24839,2355,1,0
2013-05-17 20:00:00,1.24839,1.24921,1.24782,1.24808,2391,1,0
2013-05-17 22:00:00,1.24808,1.24829,1.24727,1.24795,1267,1,0
2013-05-20 00:00:00,1.24548,1.2469,1.24512,1.2453,2215,6,0
2013-05-20 02:00:00,1.24533,1.24626,1.24504,1.24584,2048,9,0
2013-05-20 04:00:00,1.24574,1.24619,1.24464,1.24466,1472,10,0
2013-05-20 06:00:00,1.24465,1.24659,1.24384,1.24656,2220,8,0
2013-05-20 08:00:00,1.24655,1.24732,1.24527,1.24656,3679,5,0
2013-05-20 10:00:00,1.24656,1.24761,1.24493,1.24598,3859,5,0
2013-05-20 12:00:00,1.24595,1.24646,1.2446,1.2462,3658,5,0
2013-05-20 14:00:00,1.24621,1.24673,1.24349,1.24662,4880,4,0
2013-05-20 16:00:00,1.24662,1.24709,1.24429,1.24461,4149,5,0
2013-05-20 18:00:00,1.24462,1.24488,1.2435,1.2442,3471,6,0
2013-05-20 20:00:00,1.24422,1.24612,1.24356,1.24569,3519,6,0
2013-05-20 22:00:00,1.2457,1.24604,1.2453,1.24534,1934,7,0
2013-05-21 00:00:00,1.24534,1.24624,1.24516,1.24623,1924,11,0
2013-05-21 02:00:00,1.24623,1.24825,1.24577,1.24671,2757,5,0
2013-05-21 04:00:00,1.2467,1.24776,1.24646,1.24734,1961,8,0
2013-05-21 06:00:00,1.24733,1.24911,1.24712,1.24779,2062,5,0
2013-05-21 08:00:00,1.24776,1.24789,1.24568,1.24605,3784,4,0
2013-05-21 10:00:00,1.24606,1.24653,1.24508,1.24553,4955,4,0
2013-05-21 12:00:00,1.24554,1.24851,1.24516,1.24829,4421,4,0
2013-05-21 14:00:00,1.24829,1.24902,1.24697,1.24871,4731,4,0
2013-05-21 16:00:00,1.24872,1.25288,1.24809,1.24909,7213,4,0
2013-05-21 18:00:00,1.24911,1.25178,1.24861,1.25177,3965,1,0
2013-05-21 20:00:00,1.25177,1.25237,1.25126,1.25174,2721,6,0
2013-05-21 22:00:00,1.25174,1.25235,1.25144,1.25222,1355,5,0
2013-05-22 00:00:00,1.25222,1.25252,1.25186,1.25222,1711,1,0
2013-05-22 02:00:00,1.2522,1.25332,1.25209,1.25293,2136,8,0
2013-05-22 04:00:00,1.25293,1.25308,1.25151,1.25228,1700,7,0
2013-05-22 06:00:00,1.25227,1.2542,1.25136,1.25349,1883,6,0
2013-05-22 08:00:00,1.25347,1.25474,1.25249,1.25423,4599,5,0
2013-05-22 10:00:00,1.25423,1.25621,1.25237,1.25363,5073,4,0
2013-05-22 12:00:00,1.25364,1.26138,1.25364,1.259,5609,4,0
2013-05-22 14:00:00,1.25899,1.26069,1.25846,1.26006,5572,4,0
2013-05-22 16:00:00,1.26001,1.2649,1.25796,1.26266,8787,1,0
2013-05-22 18:00:00,1.26261,1.26435,1.26004,1.26151,6791,1,0
2013-05-22 20:00:00,1.2616,1.26274,1.25587,1.25656,6911,5,0
2013-05-22 22:00:00,1.25656,1.2587,1.25648,1.25846,3276,5,0
2013-05-23 00:00:00,1.25846,1.25913,1.25837,1.25889,2653,5,0
2013-05-23 02:00:00,1.2589,1.25965,1.2579,1.25802,3788,5,0
2013-05-23 04:00:00,1.25801,1.25898,1.25605,1.25775,3612,5,0
2013-05-23 06:00:00,1.25771,1.25824,1.25323,1.25362,5430,5,0
2013-05-23 08:00:00,1.25362,1.25458,1.24643,1.24872,9736,5,0
2013-05-23 10:00:00,1.24874,1.24874,1.24195,1.24551,10777,5,0
2013-05-23 12:00:00,1.24551,1.24868,1.24419,1.24796,7528,5,0
2013-05-23 14:00:00,1.24797,1.24986,1.24458,1.24765,7845,5,0
2013-05-23 16:00:00,1.24765,1.25224,1.24765,1.25171,6960,9,0
2013-05-23 18:00:00,1.2517,1.25271,1.25067,1.25148,3457,8,0
2013-05-23 20:00:00,1.25147,1.25363,1.25068,1.25254,3220,9,0
2013-05-23 22:00:00,1.25252,1.25315,1.25211,1.25292,1615,13,0
2013-05-24 00:00:00,1.25297,1.25387,1.25279,1.25377,1881,10,0
2013-05-24 02:00:00,1.25377,1.25473,1.2529,1.25362,3057,12,0
2013-05-24 04:00:00,1.25362,1.2544,1.25083,1.25111,1872,9,0
2013-05-24 06:00:00,1.25111,1.2522,1.24849,1.25173,4903,5,0
2013-05-24 08:00:00,1.25172,1.253,1.2508,1.25112,4587,5,0
2013-05-24 10:00:00,1.25117,1.2546,1.24995,1.25035,6696,5,0
2013-05-24 12:00:00,1.25041,1.25061,1.24522,1.24692,6434,5,0
2013-05-24 14:00:00,1.24691,1.2471,1.24296,1.24407,7729,5,0
2013-05-24 16:00:00,1.24403,1.24461,1.24196,1.24304,6959,5,0
2013-05-24 18:00:00,1.24305,1.2433,1.24194,1.24203,2967,5,0
2013-05-24 20:00:00,1.24203,1.24332,1.24065,1.24322,3043,5,0
2013-05-24 22:00:00,1.24322,1.24396,1.24123,1.24258,2394,5,0
2013-05-27 00:00:00,1.24395,1.24544,1.24375,1.2441,2611,5,0
2013-05-27 02:00:00,1.24409,1.24427,1.24232,1.24385,3484,5,0
2013-05-27 04:00:00,1.24384,1.24493,1.24336,1.24472,2299,5,0
2013-05-27 06:00:00,1.24473,1.24516,1.24389,1.24489,1671,5,0
2013-05-27 08:00:00,1.2449,1.2449,1.24089,1.24195,3249,5,0
2013-05-27 10:00:00,1.24195,1.24493,1.24182,1.24353,2827,5,0
2013-05-27 12:00:00,1.24355,1.24519,1.24355,1.24512,2014,5,0
2013-05-27 14:00:00,1.24513,1.24672,1.24474,1.246,2096,5,0
2013-05-27 16:00:00,1.24601,1.24735,1.24498,1.24724,2329,5,0
2013-05-27 18:00:00,1.24715,1.24722,1.24636,1.2465,2223,5,0
2013-05-27 20:00:00,1.24652,1.24684,1.24414,1.24556,2517,5,0
2013-05-27 22:00:00,1.24556,1.24608,1.24449,1.24477,2787,5,0
2013-05-28 00:00:00,1.24477,1.24565,1.24462,1.2456,1370,5,0
2013-05-28 02:00:00,1.24557,1.24834,1.24527,1.24779,3988,5,0
2013-05-28 04:00:00,1.24779,1.24835,1.24765,1.24793,2010,5,0
2013-05-28 06:00:00,1.24788,1.25005,1.24765,1.24955,2675,5,0
2013-05-28 08:00:00,1.24952,1.2523,1.249,1.25191,6406,5,0
2013-05-28 10:00:00,1.25199,1.25239,1.24999,1.2518,5019,5,0
2013-05-28 12:00:00,1.25177,1.25278,1.25091,1.25274,4020,5,0
2013-05-28 14:00:00,1.25273,1.25366,1.25086,1.25234,5414,5,0
2013-05-28 16:00:00,1.25234,1.25498,1.25175,1.25267,8858,5,0
2013-05-28 18:00:00,1.25269,1.25544,1.25246,1.2532,4417,5,0
2013-05-28 20:00:00,1.2532,1.25487,1.25174,1.25485,4238,5,0
2013-05-28 22:00:00,1.25485,1.2572,1.25437,1.25512,3642,5,0
2013-05-29 00:00:00,1.25512,1.25627,1.25458,1.25507,2656,5,0
2013-05-29 02:00:00,1.25505,1.25542,1.25181,1.25278,3583,5,0
2013-05-29 04:00:00,1.25276,1.2542,1.25259,1.2537,2099,5,0
2013-05-29 06:00:00,1.2537,1.25722,1.25369,1.25599,3314,5,0
2013-05-29 08:00:00,1.25596,1.2561,1.25027,1.25031,7267,5,0
2013-05-29 10:00:00,1.25031,1.25247,1.2489,1.25202,6814,5,0
2013-05-29 12:00:00,1.25202,1.25237,1.2451,1.2494,8588,5,0
2013-05-29 14:00:00,1.2494,1.24963,1.24641,1.24683,8984,5,0
2013-05-29 16:00:00,1.24685,1.24823,1.24358,1.24434,8057,5,0
2013-05-29 18:00:00,1.24433,1.24729,1.24362,1.24652,4591,5,0
2013-05-29 20:00:00,1.2465,1.24654,1.24417,1.24428,3041,5,0
2013-05-29 22:00:00,1.24428,1.24515,1.24415,1.24483,2513,5,0
2013-05-30 00:00:00,1.24477,1.24613,1.24419,1.24463,2625,5,0
2013-05-30 02:00:00,1.24465,1.24787,1.24431,1.24595,4020,5,0
2013-05-30 04:00:00,1.246,1.24621,1.24399,1.244,2331,5,0
2013-05-30 06:00:00,1.24401,1.24538,1.24204,1.24402,3374,5,0
2013-05-30 08:00:00,1.24403,1.24434,1.24255,1.24427,5513,5,0
2013-05-30 10:00:00,1.24426,1.24486,1.24328,1.24484,5174,5,0
2013-05-30 12:00:00,1.24495,1.24823,1.24436,1.24661,7163,5,0
2013-05-30 14:00:00,1.2466,1.24923,1.24337,1.24657,9347,5,0
2013-05-30 16:00:00,1.24652,1.24668,1.24418,1.24653,7882,5,0
2013-05-30 18:00:00,1.24651,1.24718,1.24399,1.2448,3923,5,0
2013-05-30 20:00:00,1.24495,1.24524,1.24295,1.24342,3334,5,0
2013-05-30 22:00:00,1.2434,1.24373,1.24316,1.24348,2404,5,0
2013-05-31 00:00:00,1.24351,1.2444,1.24335,1.24374,1826,5,0
2013-05-31 02:00:00,1.2437,1.24465,1.2435,1.24395,2736,5,0
2013-05-31 04:00:00,1.24403,1.2454,1.24342,1.24404,2593,5,0
2013-05-31 06:00:00,1.24404,1.2456,1.2437,1.2443,2556,5,0
2013-05-31 08:00:00,1.24432,1.24509,1.24276,1.24302,5672,5,0
2013-05-31 10:00:00,1.24302,1.24325,1.23793,1.23994,8184,5,0
2013-05-31 12:00:00,1.23991,1.24113,1.2389,1.24022,5231,5,0
2013-05-31 14:00:00,1.2402,1.24372,1.23823,1.24276,8272,5,0
2013-05-31 16:00:00,1.24277,1.24607,1.24212,1.2446,9177,5,0
2013-05-31 18:00:00,1.24456,1.24504,1.2434,1.2449,3837,5,0
2013-05-31 20:00:00,1.24491,1.24606,1.24275,1.24278,4920,5,0
2013-05-31 22:00:00,1.2428,1.2429,1.2402,1.24034,2048,5,0
2013-06-03 00:00:00,1.24373,1.24453,1.24241,1.24354,2058,5,0
2013-06-03 02:00:00,1.24356,1.24441,1.24308,1.2439,3272,5,0
2013-06-03 04:00:00,1.2439,1.24562,1.24375,1.24484,2652,5,0
2013-06-03 06:00:00,1.24488,1.24503,1.24358,1.24368,2577,5,0
2013-06-03 08:00:00,1.24367,1.24572,1.24296,1.24568,5304,5,0
2013-06-03 10:00:00,1.24571,1.24688,1.24406,1.24495,5042,5,0
2013-06-03 12:00:00,1.24499,1.24664,1.24352,1.24532,4087,5,0
2013-06-03 14:00:00,1.24531,1.24862,1.2447,1.2465,6563,5,0
2013-06-03 16:00:00,1.24649,1.24649,1.23308,1.23663,9991,5,0
2013-06-03 18:00:00,1.2366,1.23796,1.23534,1.23613,5698,5,0
2013-06-03 20:00:00,1.23612,1.23846,1.23556,1.23818,4355,5,0
2013-06-03 22:00:00,1.23818,1.23885,1.2377,1.23806,3085,5,0
2013-06-04 00:00:00,1.2381,1.23895,1.23786,1.23884,2078,5,0
2013-06-04 02:00:00,1.23884,1.23942,1.23785,1.23906,3431,5,0
2013-06-04 04:00:00,1.23905,1.23965,1.23856,1.23929,2322,5,0
2013-06-04 06:00:00,1.2393,1.24011,1.23845,1.23962,2849,5,0
2013-06-04 08:00:00,1.2396,1.24289,1.23922,1.24087,6143,5,0
2013-06-04 10:00:00,1.24087,1.24188,1.24025,1.24062,5312,5,0
2013-06-04 12:00:00,1.24063,1.24203,1.23769,1.23879,5343,5,0
2013-06-04 14:00:00,1.23885,1.24162,1.23849,1.24103,7737,5,0
2013-06-04 16:00:00,1.24107,1.24185,1.23852,1.24009,6987,5,0
2013-06-04 18:00:00,1.24014,1.24047,1.23852,1.23895,3800,5,0
2013-06-04 20:00:00,1.23897,1.24002,1.23817,1.23879,3382,5,0
2013-06-04 22:00:00,1.23879,1.23936,1.23812,1.23902,2602,5,0
2013-06-05 00:00:00,1.23901,1.23981,1.2388,1.23963,2088,5,0
2013-06-05 02:00:00,1.23963,1.24062,1.23895,1.24036,3268,5,0
2013-06-05 04:00:00,1.24036,1.24119,1.23934,1.24001,3664,5,0
2013-06-05 06:00:00,1.23999,1.23999,1.23821,1.23838,3960,5,0
2013-06-05 08:00:00,1.23838,1.24039,1.23784,1.2388,5583,5,0
2013-06-05 10:00:00,1.23879,1.23987,1.2383,1.2388,5082,5,0
2013-06-05 12:00:00,1.23878,1.23933,1.23612,1.23701,4514,5,0
2013-06-05 14:00:00,1.23704,1.2381,1.23552,1.23724,8937,5,0
2013-06-05 16:00:00,1.23694,1.23776,1.23223,1.23325,8513,5,0
2013-06-05 18:00:00,1.23325,1.23424,1.23088,1.23399,4877,5,0
2013-06-05 20:00:00,1.23397,1.23426,1.23199,1.23347,3299,5,0
2013-06-05 22:00:00,1.23344,1.23381,1.23278,1.23325,2942,5,0
2013-06-06 00:00:00,1.23332,1.23368,1.23276,1.23293,2842,32,0
2013-06-06 02:00:00,1.2329,1.2342,1.2322,1.23387,3393,32,0
2013-06-06 04:00:00,1.23388,1.23489,1.23379,1.23408,2692,32,0
2013-06-06 06:00:00,1.23412,1.23418,1.23192,1.23313,4345,18,0
2013-06-06 08:00:00,1.23316,1.23524,1.23287,1.23508,5411,18,0
2013-06-06 10:00:00,1.23505,1.23547,1.23305,1.2349,5758,18,0
2013-06-06 12:00:00,1.2349,1.23527,1.23417,1.23478,4258,18,0
2013-06-06 14:00:00,1.23478,1.23863,1.23374,1.23796,7075,18,0
2013-06-06 16:00:00,1.23796,1.2381,1.23225,1.23345,9247,18,0
2013-06-06 18:00:00,1.23346,1.23529,1.22713,1.23105,11178,18,0
2013-06-06 20:00:00,1.23102,1.23225,1.23007,1.23139,7633,18,0
2013-06-06 22:00:00,1.2314,1.23175,1.23037,1.23048,3720,32,0
2013-06-07 00:00:00,1.23047,1.23179,1.23029,1.23144,3560,32,0
2013-06-07 02:00:00,1.23144,1.23156,1.23041,1.23083,3698,32,0
2013-06-07 04:00:00,1.23082,1.2311,1.2276,1.22905,4961,32,0
2013-06-07 06:00:00,1.22906,1.23098,1.22738,1.22949,6584,18,0
2013-06-07 08:00:00,1.22956,1.23184,1.22933,1.2315,7027,18,0
2013-06-07 10:00:00,1.23149,1.23149,1.22979,1.23041,5924,18,0
2013-06-07 12:00:00,1.23039,1.23044,1.22696,1.22768,6411,18,0
2013-06-07 14:00:00,1.22769,1.23323,1.22701,1.23308,8276,18,0
2013-06-07 16:00:00,1.23308,1.23689,1.23135,1.23608,10092,18,0
2013-06-07 18:00:00,1.23609,1.23794,1.23594,1.23687,6409,18,0
2013-06-07 20:00:00,1.23688,1.23708,1.23538,1.2363,3925,18,0
2013-06-07 22:00:00,1.23635,1.23764,1.23597,1.23669,3990,32,0
2013-06-10 00:00:00,1.23587,1.23777,1.23537,1.23761,3330,32,0
2013-06-10 02:00:00,1.2376,1.23823,1.23532,1.23608,3330,32,0
2013-06-10 04:00:00,1.23607,1.23646,1.23536,1.23611,2668,32,0
2013-06-10 06:00:00,1.2361,1.23697,1.23603,1.23676,3333,18,0
2013-06-10 08:00:00,1.23679,1.23778,1.23652,1.23766,3926,18,0
2013-06-10 10:00:00,1.23769,1.24034,1.2371,1.23835,6054,18,0
2013-06-10 12:00:00,1.23834,1.23931,1.23783,1.23894,4254,18,0
2013-06-10 14:00:00,1.23895,1.2402,1.23766,1.23951,5410,18,0
2013-06-10 16:00:00,1.23953,1.24181,1.23856,1.23905,8435,18,0
2013-06-10 18:00:00,1.23903,1.23966,1.23726,1.23785,6078,18,0
2013-06-10 20:00:00,1.23785,1.23858,1.23639,1.23682,3612,18,0
2013-06-10 22:00:00,1.23683,1.23782,1.23678,1.23743,2273,32,0
2013-06-11 00:00:00,1.23745,1.2381,1.23679,1.23774,3190,32,0
2013-06-11 02:00:00,1.23773,1.23824,1.23755,1.23795,2702,32,0
2013-06-11 04:00:00,1.23794,1.23858,1.23698,1.2373,3872,32,0
2013-06-11 06:00:00,1.23731,1.2381,1.2364,1.23714,5206,18,0
2013-06-11 08:00:00,1.23713,1.23835,1.23664,1.23755,4477,18,0
2013-06-11 10:00:00,1.23747,1.2378,1.23552,1.236,6503,18,0
2013-06-11 12:00:00,1.23601,1.23621,1.23059,1.23195,6862,18,0
2013-06-11 14:00:00,1.23193,1.2322,1.22937,1.23076,6791,18,0
2013-06-11 16:00:00,1.23078,1.2317,1.2244,1.23081,9250,18,0
2013-06-11 18:00:00,1.23083,1.23226,1.22996,1.23098,5292,18,0
2013-06-11 20:00:00,1.23099,1.23147,1.22843,1.23015,5114,18,0
2013-06-11 22:00:00,1.23016,1.23158,1.23014,1.23077,2506,32,0
2013-06-12 00:00:00,1.23079,1.2313,1.2303,1.23072,3280,32,0
2013-06-12 02:00:00,1.23071,1.23183,1.23034,1.23157,2688,32,0
2013-06-12 04:00:00,1.23155,1.23166,1.23054,1.23102,2622,32,0
2013-06-12 06:00:00,1.23103,1.23109,1.22904,1.23003,3296,18,0
2013-06-12 08:00:00,1.23008,1.23335,1.22993,1.23309,4013,18,0
2013-06-12 10:00:00,1.2331,1.23323,1.23076,1.23164,6308,18,0
2013-06-12 12:00:00,1.23166,1.23259,1.23081,1.23215,4819,18,0
2013-06-12 14:00:00,1.23213,1.23233,1.23116,1.23161,4512,18,0
2013-06-12 16:00:00,1.23162,1.23266,1.2264,1.22716,8294,18,0
2013-06-12 18:00:00,1.22713,1.22936,1.22545,1.22771,7251,18,0
2013-06-12 20:00:00,1.22773,1.22915,1.22722,1.22883,4459,18,0
2013-06-12 22:00:00,1.22884,1.22894,1.2271,1.22773,2955,32,0
2013-06-13 00:00:00,1.22778,1.22852,1.22751,1.22811,2880,32,0
2013-06-13 02:00:00,1.22812,1.22819,1.22631,1.2271,3203,32,0
2013-06-13 04:00:00,1.22709,1.22717,1.2254,1.22569,5005,32,0
2013-06-13 06:00:00,1.2257,1.22597,1.22534,1.22552,3991,18,0
2013-06-13 08:00:00,1.22553,1.22649,1.22223,1.22422,7576,18,0
2013-06-13 10:00:00,1.22424,1.22843,1.2239,1.22732,8849,18,0
2013-06-13 12:00:00,1.22732,1.22864,1.22687,1.22761,6298,18,0
2013-06-13 14:00:00,1.22759,1.22979,1.22727,1.22944,6697,18,0
2013-06-13 16:00:00,1.22946,1.23025,1.22706,1.22835,8435,18,0
2013-06-13 18:00:00,1.22834,1.23022,1.22767,1.23021,5563,18,0
2013-06-13 20:00:00,1.23023,1.23149,1.22985,1.23002,3793,18,0
2013-06-13 22:00:00,1.23001,1.23325,1.22974,1.23286,5120,32,0
2013-06-14 00:00:00,1.23309,1.23378,1.23244,1.23361,2022,5,0
2013-06-14 02:00:00,1.23361,1.23361,1.23179,1.23283,3596,5,0
2013-06-14 04:00:00,1.23279,1.23352,1.23221,1.23321,2430,5,0
2013-06-14 06:00:00,1.23319,1.23344,1.23154,1.23205,2532,5,0
2013-06-14 08:00:00,1.23206,1.23329,1.23042,1.23309,4106,5,0
2013-06-14 10:00:00,1.23307,1.23307,1.23058,1.23162,4212,5,0
2013-06-14 12:00:00,1.23162,1.23183,1.23067,1.23182,3356,5,0
2013-06-14 14:00:00,1.23178,1.23258,1.23032,1.23101,6205,5,0
2013-06-14 16:00:00,1.23103,1.2314,1.22768,1.22929,8044,5,0
2013-06-14 18:00:00,1.22928,1.2298,1.2281,1.22874,4826,5,0
2013-06-14 20:00:00,1.22876,1.23084,1.2281,1.22957,2866,5,0
2013-06-14 22:00:00,1.22956,1.23002,1.2285,1.22887,1464,5,0
2013-06-17 00:00:00,1.23054,1.23086,1.23041,1.23074,1002,5,0
2013-06-17 02:00:00,1.23076,1.2312,1.23046,1.23063,2066,5,0
2013-06-17 04:00:00,1.23061,1.2309,1.23028,1.23085,1707,5,0
2013-06-17 06:00:00,1.23085,1.2311,1.23053,1.23087,1638,5,0
2013-06-17 08:00:00,1.23085,1.2323,1.23023,1.23029,3793,5,0
2013-06-17 10:00:00,1.23023,1.23219,1.23007,1.2316,3750,5,0
2013-06-17 12:00:00,1.23161,1.23251,1.23077,1.23132,3020,5,0
2013-06-17 14:00:00,1.23132,1.23309,1.23063,1.23241,4381,5,0
2013-06-17 16:00:00,1.23242,1.2363,1.23235,1.23468,5209,5,0
2013-06-17 18:00:00,1.23467,1.235,1.2341,1.23434,2168,5,0
2013-06-17 20:00:00,1.23434,1.23548,1.23268,1.23356,4030,5,0
2013-06-17 22:00:00,1.23356,1.23356,1.23184,1.23289,2455,5,0
2013-06-18 00:00:00,1.23296,1.23304,1.23208,1.23238,1797,5,0
2013-06-18 02:00:00,1.23238,1.23349,1.23234,1.23272,2100,5,0
2013-06-18 04:00:00,1.23268,1.23295,1.23196,1.23272,1764,5,0
2013-06-18 06:00:00,1.23273,1.23309,1.23228,1.23289,1814,5,0
2013-06-18 08:00:00,1.23291,1.2357,1.23251,1.23278,4454,5,0
2013-06-18 10:00:00,1.23274,1.23369,1.22916,1.23057,5903,5,0
2013-06-18 12:00:00,1.23054,1.23177,1.23026,1.23134,3361,5,0
2013-06-18 14:00:00,1.23135,1.23243,1.23077,1.2315,6164,5,0
2013-06-18 16:00:00,1.23152,1.23285,1.23071,1.23159,5165,5,0
2013-06-18 18:00:00,1.2316,1.23242,1.23127,1.23198,3033,5,0
2013-06-18 20:00:00,1.23196,1.23266,1.23171,1.23218,2196,5,0
2013-06-18 22:00:00,1.23218,1.23253,1.23172,1.23221,2484,5,0
2013-06-19 00:00:00,1.23221,1.23274,1.23186,1.23247,1642,5,0
2013-06-19 02:00:00,1.23247,1.23277,1.23207,1.23238,2194,5,0
2013-06-19 04:00:00,1.23238,1.23242,1.23124,1.23127,1787,5,0
2013-06-19 06:00:00,1.23126,1.2325,1.23108,1.23229,1696,5,0
2013-06-19 08:00:00,1.23229,1.23251,1.23118,1.23189,3436,5,0
2013-06-19 10:00:00,1.2319,1.23286,1.23151,1.23266,3409,5,0
2013-06-19 12:00:00,1.23264,1.23393,1.23238,1.2325,2974,5,0
2013-06-19 14:00:00,1.23252,1.23272,1.23158,1.2326,3378,5,0
2013-06-19 16:00:00,1.23259,1.2328,1.23196,1.23216,3552,5,0
2013-06-19 18:00:00,1.23217,1.23227,1.23102,1.23102,2695,5,0
2013-06-19 20:00:00,1.23101,1.2364,1.23096,1.23442,10815,5,0
2013-06-19 22:00:00,1.23447,1.23486,1.23254,1.2338,5305,5,0
2013-06-20 00:00:00,1.2338,1.23491,1.23328,1.23416,2787,5,0
2013-06-20 02:00:00,1.23414,1.23432,1.23002,1.23106,6062,5,0
2013-06-20 04:00:00,1.23107,1.23247,1.23103,1.23228,4075,5,0
2013-06-20 06:00:00,1.23225,1.23309,1.23136,1.2325,3452,5,0
2013-06-20 08:00:00,1.23253,1.23391,1.23026,1.23256,8695,5,0
2013-06-20 10:00:00,1.23255,1.23466,1.2321,1.23344,7770,5,0
2013-06-20 12:00:00,1.2334,1.2334,1.23076,1.23172,5114,5,0
2013-06-20 14:00:00,1.23172,1.2321,1.22838,1.2289,6773,5,0
2013-06-20 16:00:00,1.22889,1.23017,1.22548,1.22844,8063,5,0
2013-06-20 18:00:00,1.22842,1.22866,1.22672,1.22726,5027,5,0
2013-06-20 20:00:00,1.22726,1.22743,1.2242,1.22599,5118,5,0
2013-06-20 22:00:00,1.22599,1.22667,1.22536,1.22614,2700,5,0
2013-06-21 00:00:00,1.22619,1.22672,1.22443,1.2252,1988,5,0
2013-06-21 02:00:00,1.22527,1.22623,1.22445,1.22482,2073,5,0
2013-06-21 04:00:00,1.2248,1.22529,1.22421,1.22485,1693,5,0
2013-06-21 06:00:00,1.22484,1.22725,1.22473,1.22668,2528,5,0
2013-06-21 08:00:00,1.2267,1.2283,1.22647,1.22798,4349,5,0
2013-06-21 10:00:00,1.22796,1.22824,1.22604,1.22667,4702,5,0
2013-06-21 12:00:00,1.22666,1.2272,1.22604,1.22635,3291,5,0
2013-06-21 14:00:00,1.22631,1.22759,1.22551,1.22672,5734,5,0
2013-06-21 16:00:00,1.2267,1.22855,1.22591,1.2266,7040,5,0
2013-06-21 18:00:00,1.22659,1.2279,1.22626,1.22669,4960,5,0
2013-06-21 20:00:00,1.22669,1.22782,1.22627,1.22636,2506,5,0
2013-06-21 22:00:00,1.22639,1.22669,1.22551,1.22561,1445,5,0
2013-06-24 00:00:00,1.22662,1.22791,1.22571,1.22772,3112,5,0
2013-06-24 02:00:00,1.22774,1.22785,1.22677,1.22735,2558,5,0
2013-06-24 04:00:00,1.22726,1.2279,1.22692,1.22718,2283,5,0
2013-06-24 06:00:00,1.22717,1.22765,1.22576,1.22656,2149,5,0
2013-06-24 08:00:00,1.22656,1.22726,1.22532,1.22557,4677,5,0
2013-06-24 10:00:00,1.22557,1.22686,1.22396,1.22491,5426,5,0
2013-06-24 12:00:00,1.22487,1.22554,1.22401,1.22427,4089,5,0
2013-06-24 14:00:00,1.22427,1.22478,1.22246,1.22247,7503,5,0
2013-06-24 16:00:00,1.22248,1.22408,1.22195,1.22339,6313,5,0
2013-06-24 18:00:00,1.22339,1.22417,1.22184,1.22368,4361,5,0
2013-06-24 20:00:00,1.22369,1.22525,1.22345,1.2244,3801,5,0
2013-06-24 22:00:00,1.22439,1.22487,1.22307,1.22444,2632,5,0
2013-06-25 00:00:00,1.22441,1.225,1.22395,1.22468,2335,5,0
2013-06-25 02:00:00,1.22468,1.22576,1.22451,1.22569,3696,5,0
2013-06-25 04:00:00,1.22567,1.22607,1.22346,1.22346,3176,5,0
2013-06-25 06:00:00,1.22346,1.22456,1.22346,1.22426,3028,5,0
2013-06-25 08:00:00,1.22426,1.22695,1.22413,1.22664,6164,5,0
2013-06-25 10:00:00,1.22662,1.22697,1.22461,1.22576,5081,5,0
2013-06-25 12:00:00,1.22574,1.227,1.22574,1.22674,3883,5,0
2013-06-25 14:00:00,1.22675,1.22891,1.22617,1.22834,6201,5,0
2013-06-25 16:00:00,1.22835,1.22964,1.22719,1.22801,6368,5,0
2013-06-25 18:00:00,1.22783,1.22882,1.22734,1.22831,2820,5,0
2013-06-25 20:00:00,1.22831,1.22845,1.22708,1.22748,1978,5,0
2013-06-25 22:00:00,1.22754,1.22769,1.22632,1.22704,2202,5,0
2013-06-26 00:00:00,1.2271,1.22825,1.22705,1.22797,2101,5,0
2013-06-26 02:00:00,1.22794,1.22828,1.22742,1.22776,2306,5,0
2013-06-26 04:00:00,1.22774,1.22776,1.22589,1.22602,2907,5,0
2013-06-26 06:00:00,1.22598,1.22646,1.2258,1.22589,2385,5,0
2013-06-26 08:00:00,1.2259,1.22697,1.22551,1.22694,4606,5,0
2013-06-26 10:00:00,1.22695,1.227,1.22522,1.22561,5315,5,0
2013-06-26 12:00:00,1.2256,1.2268,1.22499,1.22638,4432,5,0
2013-06-26 14:00:00,1.22637,1.2266,1.22456,1.22526,5875,5,0
2013-06-26 16:00:00,1.22523,1.22688,1.22398,1.22676,5706,5,0
2013-06-26 18:00:00,1.22678,1.22696,1.22578,1.2263,2777,5,0
2013-06-26 20:00:00,1.2263,1.22697,1.22629,1.22636,2387,5,0
2013-06-26 22:00:00,1.22636,1.22732,1.22636,1.22649,2460,5,0
2013-06-27 00:00:00,1.22672,1.22712,1.22598,1.22608,2549,32,0
2013-06-27 02:00:00,1.22607,1.2265,1.22577,1.226,2044,32,0
2013-06-27 04:00:00,1.22601,1.22705,1.22579,1.22682,2948,32,0
2013-06-27 06:00:00,1.22683,1.22691,1.22632,1.2265,3128,18,0
2013-06-27 08:00:00,1.22653,1.2283,1.2262,1.22813,4362,18,0
2013-06-27 10:00:00,1.22812,1.23024,1.22753,1.23005,6122,18,0
2013-06-27 12:00:00,1.23006,1.23169,1.22983,1.23127,5155,18,0
2013-06-27 14:00:00,1.23128,1.23321,1.23098,1.23301,6279,18,0
2013-06-27 16:00:00,1.23302,1.2337,1.23133,1.23334,8272,18,0
2013-06-27 18:00:00,1.23336,1.23356,1.23132,1.23198,5981,18,0
2013-06-27 20:00:00,1.23198,1.23362,1.23162,1.23255,3584,18,0
2013-06-27 22:00:00,1.23254,1.23287,1.23097,1.23206,2046,32,0
2013-06-28 00:00:00,1.23205,1.23233,1.2316,1.23163,2802,32,0
2013-06-28 02:00:00,1.23162,1.23242,1.23152,1.23236,2562,32,0
2013-06-28 04:00:00,1.23237,1.23304,1.23195,1.23301,3387,32,0
2013-06-28 06:00:00,1.233,1.23337,1.23246,1.2333,3772,18,0
2013-06-28 08:00:00,1.2333,1.23498,1.23299,1.23465,4218,18,0
2013-06-28 10:00:00,1.23466,1.23537,1.23356,1.23406,6148,18,0
2013-06-28 12:00:00,1.23408,1.23499,1.23304,1.23426,4784,18,0
2013-06-28 14:00:00,1.23427,1.23429,1.23187,1.23317,6420,18,0
2013-06-28 16:00:00,1.23316,1.23371,1.22872,1.22989,8879,18,0
2013-06-28 18:00:00,1.22991,1.2311,1.22937,1.23036,6018,18,0
2013-06-28 20:00:00,1.23035,1.23053,1.22829,1.22852,3564,18,0
2013-06-28 22:00:00,1.22856,1.23006,1.22846,1.22846,3034,32,0
2013-07-01 00:00:00,1.22952,1.2303,1.22867,1.22995,3162,5,0
2013-07-01 02:00:00,1.22992,1.23019,1.22912,1.23,2386,5,0
2013-07-01 04:00:00,1.23001,1.23093,1.22971,1.23044,1482,5,0
2013-07-01 06:00:00,1.23044,1.23074,1.22992,1.23059,1985,5,0
2013-07-01 08:00:00,1.23058,1.23359,1.23037,1.23289,4210,5,0
2013-07-01 10:00:00,1.23285,1.23394,1.23156,1.23356,4296,5,0
2013-07-01 12:00:00,1.23364,1.23399,1.23259,1.23385,2655,5,0
2013-07-01 14:00:00,1.23385,1.23542,1.2337,1.23513,3967,5,0
2013-07-01 16:00:00,1.23513,1.23763,1.23383,1.23443,6472,5,0
2013-07-01 18:00:00,1.23442,1.23634,1.23419,1.2356,2811,5,0
2013-07-01 20:00:00,1.23563,1.23576,1.23409,1.23484,2232,5,0
2013-07-01 22:00:00,1.23484,1.23506,1.23426,1.23446,2121,5,0
2013-07-02 00:00:00,1.23445,1.23527,1.23428,1.2347,1376,6,0
2013-07-02 02:00:00,1.2347,1.23493,1.23429,1.2347,1738,5,0
2013-07-02 04:00:00,1.23469,1.23478,1.23428,1.23468,1573,5,0
2013-07-02 06:00:00,1.23468,1.23601,1.2346,1.23566,2296,5,0
2013-07-02 08:00:00,1.23565,1.23634,1.235,1.23587,3632,5,0
2013-07-02 10:00:00,1.23586,1.23621,1.23423,1.23443,4611,5,0
2013-07-02 12:00:00,1.23444,1.23573,1.23428,1.23526,2905,5,0
2013-07-02 14:00:00,1.23526,1.2382,1.23518,1.237,6159,5,0
2013-07-02 16:00:00,1.23699,1.23738,1.23511,1.2356,5390,5,0
2013-07-02 18:00:00,1.23557,1.23707,1.23485,1.23503,3921,5,0
2013-07-02 20:00:00,1.235,1.23511,1.2327,1.23385,3690,5,0
2013-07-02 22:00:00,1.23384,1.23389,1.23335,1.23378,1951,5,0
2013-07-03 00:00:00,1.2338,1.23442,1.23373,1.23432,1673,5,0
2013-07-03 02:00:00,1.23433,1.23479,1.23376,1.23403,2621,5,0
2013-07-03 04:00:00,1.23399,1.23424,1.23266,1.23277,2369,5,0
2013-07-03 06:00:00,1.23278,1.23349,1.23277,1.23343,1771,5,0
2013-07-03 08:00:00,1.23345,1.23381,1.22947,1.22957,5625,5,0
2013-07-03 10:00:00,1.22956,1.23126,1.22935,1.23042,5988,5,0
2013-07-03 12:00:00,1.23042,1.23223,1.2292,1.23031,4890,5,0
2013-07-03 14:00:00,1.2303,1.23223,1.22802,1.23187,6383,5,0
2013-07-03 16:00:00,1.23189,1.23299,1.23036,1.23223,5668,5,0
2013-07-03 18:00:00,1.23225,1.23258,1.23123,1.23179,2998,5,0
2013-07-03 20:00:00,1.23178,1.23236,1.23112,1.23217,1734,5,0
2013-07-03 22:00:00,1.23217,1.2322,1.23111,1.23144,3196,5,0
2013-07-04 00:00:00,1.23147,1.23256,1.23129,1.23177,1917,5,0
2013-07-04 02:00:00,1.23187,1.23217,1.23127,1.23143,1675,6,0
2013-07-04 04:00:00,1.23145,1.23243,1.23138,1.2321,2191,5,0
2013-07-04 06:00:00,1.23208,1.23212,1.23126,1.23152,1777,5,0
2013-07-04 08:00:00,1.23149,1.23342,1.23147,1.23332,3481,5,0
2013-07-04 10:00:00,1.23332,1.23341,1.23216,1.23281,3897,5,0
2013-07-04 12:00:00,1.23283,1.23344,1.23252,1.23298,4484,5,0
2013-07-04 14:00:00,1.23298,1.2362,1.23062,1.23558,8755,5,0
2013-07-04 16:00:00,1.23558,1.23632,1.23365,1.23623,5169,5,0
2013-07-04 18:00:00,1.23623,1.23739,1.23473,1.23661,3134,5,0
2013-07-04 20:00:00,1.23661,1.23714,1.2339,1.2352,1347,5,0
2013-07-04 22:00:00,1.2352,1.23565,1.23454,1.23466,1499,5,0
2013-07-05 00:00:00,1.23466,1.23547,1.23436,1.23536,3043,5,0
2013-07-05 02:00:00,1.23534,1.23546,1.23418,1.2342,3332,5,0
2013-07-05 04:00:00,1.2342,1.23466,1.23419,1.2344,2228,5,0
2013-07-05 06:00:00,1.23437,1.23551,1.2342,1.23548,1978,5,0
2013-07-05 08:00:00,1.23547,1.2364,1.234,1.23547,4414,5,0
2013-07-05 10:00:00,1.23547,1.23598,1.23404,1.23507,4305,5,0
2013-07-05 12:00:00,1.23506,1.23581,1.23484,1.23511,4067,5,0
2013-07-05 14:00:00,1.23509,1.23776,1.23336,1.23489,9757,5,0
2013-07-05 16:00:00,1.23487,1.23558,1.23329,1.23505,5306,5,0
2013-07-05 18:00:00,1.23505,1.23534,1.23393,1.23529,3255,5,0
2013-07-05 20:00:00,1.2353,1.23652,1.23526,1.23561,2458,5,0
2013-07-05 22:00:00,1.23561,1.23727,1.23561,1.23596,1226,5,0
2013-07-08 00:00:00,1.23795,1.23874,1.23747,1.23774,2788,5,0
2013-07-08 02:00:00,1.23776,1.23808,1.2374,1.23772,2169,5,0
2013-07-08 04:00:00,1.23773,1.23894,1.23767,1.23871,1976,5,0
2013-07-08 06:00:00,1.23873,1.23888,1.2375,1.2377,2038,5,0
2013-07-08 08:00:00,1.23769,1.23837,1.23721,1.23809,3318,5,0
2013-07-08 10:00:00,1.23809,1.2391,1.23798,1.2389,3386,5,0
2013-07-08 12:00:00,1.2389,1.23957,1.23835,1.23953,3381,5,0
2013-07-08 14:00:00,1.23954,1.24117,1.23914,1.24068,5097,5,0
2013-07-08 16:00:00,1.24067,1.24142,1.23965,1.24045,4731,5,0
2013-07-08 18:00:00,1.24045,1.24059,1.23918,1.23987,2581,5,0
2013-07-08 20:00:00,1.23987,1.24049,1.23951,1.24003,1958,5,0
2013-07-08 22:00:00,1.24004,1.24029,1.23943,1.24003,2118,5,0
2013-07-09 00:00:00,1.24004,1.24064,1.23969,1.24029,1686,5,0
2013-07-09 02:00:00,1.2403,1.24064,1.23991,1.24047,2367,5,0
2013-07-09 04:00:00,1.24044,1.24075,1.23985,1.24061,2822,5,0
2013-07-09 06:00:00,1.24061,1.24259,1.24038,1.24239,1780,5,0
2013-07-09 08:00:00,1.2424,1.2456,1.24206,1.24527,4873,5,0
2013-07-09 10:00:00,1.24526,1.24655,1.24326,1.24492,5026,5,0
2013-07-09 12:00:00,1.24492,1.2457,1.2435,1.24452,3466,5,0
2013-07-09 14:00:00,1.24452,1.24541,1.24432,1.24514,4671,5,0
2013-07-09 16:00:00,1.24512,1.24562,1.24339,1.24367,7569,5,0
2013-07-09 18:00:00,1.24367,1.2443,1.24205,1.24238,3947,5,0
2013-07-09 20:00:00,1.2424,1.24405,1.24238,1.24356,2460,5,0
2013-07-09 22:00:00,1.24354,1.24393,1.24276,1.24388,2119,5,0
2013-07-10 00:00:00,1.24386,1.24424,1.24337,1.24399,1888,5,0
2013-07-10 02:00:00,1.24403,1.24478,1.24379,1.24448,2484,5,0
2013-07-10 04:00:00,1.24449,1.24449,1.24318,1.24375,2609,5,0
2013-07-10 06:00:00,1.24376,1.24389,1.24229,1.24318,2761,5,0
2013-07-10 08:00:00,1.24318,1.24349,1.24102,1.24139,4964,5,0
2013-07-10 10:00:00,1.24139,1.24261,1.24097,1.24181,4819,5,0
2013-07-10 12:00:00,1.24179,1.24413,1.24179,1.24379,3505,5,0
2013-07-10 14:00:00,1.24378,1.24511,1.24337,1.24479,4155,5,0
2013-07-10 16:00:00,1.24478,1.24487,1.24357,1.2438,5190,5,0
2013-07-10 18:00:00,1.24379,1.244,1.24062,1.24105,3812,5,0
2013-07-10 20:00:00,1.24108,1.24438,1.24088,1.24428,8679,5,0
2013-07-10 22:00:00,1.24431,1.24551,1.24134,1.24172,5683,5,0
2013-07-11 00:00:00,1.24172,1.24564,1.24074,1.2426,8948,5,0
2013-07-11 02:00:00,1.2426,1.24433,1.24208,1.24234,5213,5,0
2013-07-11 04:00:00,1.24229,1.24252,1.23822,1.23891,4764,5,0
2013-07-11 06:00:00,1.23888,1.24009,1.23654,1.23943,5108,5,0
2013-07-11 08:00:00,1.23946,1.24144,1.23776,1.24123,9266,5,0
2013-07-11 10:00:00,1.24121,1.24168,1.23945,1.23972,5660,5,0
2013-07-11 12:00:00,1.2397,1.24165,1.23818,1.24096,5716,5,0
2013-07-11 14:00:00,1.24096,1.2416,1.23961,1.24041,7815,5,0
2013-07-11 16:00:00,1.24037,1.24051,1.23817,1.23907,8125,5,0
2013-07-11 18:00:00,1.23899,1.23977,1.23748,1.23783,4186,5,0
2013-07-11 20:00:00,1.23776,1.24021,1.23769,1.23934,6025,5,0
2013-07-11 22:00:00,1.23933,1.24053,1.23911,1.23957,3525,5,0
2013-07-12 00:00:00,1.2396,1.24087,1.23958,1.24012,2139,5,0
2013-07-12 02:00:00,1.24013,1.24049,1.23935,1.23954,3967,5,0
2013-07-12 04:00:00,1.23952,1.23996,1.23882,1.23919,2338,5,0
2013-07-12 06:00:00,1.23919,1.23961,1.23898,1.23946,1543,5,0
2013-07-12 08:00:00,1.23946,1.24012,1.23888,1.23925,3797,5,0
2013-07-12 10:00:00,1.23925,1.23979,1.23873,1.2394,3837,5,0
2013-07-12 12:00:00,1.23943,1.23982,1.23831,1.23889,3546,5,0
2013-07-12 14:00:00,1.2389,1.23934,1.23509,1.23518,5619,5,0
2013-07-12 16:00:00,1.23514,1.23729,1.23482,1.23551,4536,5,0
2013-07-12 18:00:00,1.23551,1.23635,1.23474,1.23615,4139,5,0
2013-07-12 20:00:00,1.23617,1.23685,1.23586,1.23608,2768,5,0
2013-07-12 22:00:00,1.23606,1.23661,1.23538,1.2362,1733,5,0
2013-07-15 00:00:00,1.23587,1.23686,1.2354,1.23652,1773,5,0
2013-07-15 02:00:00,1.23652,1.23684,1.23615,1.23651,2455,5,0
2013-07-15 04:00:00,1.2365,1.23716,1.23615,1.23672,3496,5,0
2013-07-15 06:00:00,1.23664,1.23732,1.23651,1.2373,1506,5,0
2013-07-15 08:00:00,1.23729,1.23837,1.23689,1.2374,3546,5,0
2013-07-15 10:00:00,1.2374,1.23945,1.23712,1.23812,3578,5,0
2013-07-15 12:00:00,1.23809,1.24027,1.23799,1.23907,3361,5,0
2013-07-15 14:00:00,1.23905,1.23999,1.2378,1.23942,5121,5,0
2013-07-15 16:00:00,1.23944,1.24037,1.23919,1.23977,4092,5,0
2013-07-15 18:00:00,1.23975,1.24021,1.23947,1.2401,2994,5,0
2013-07-15 20:00:00,1.24008,1.24016,1.23841,1.23865,2675,5,0
2013-07-15 22:00:00,1.23865,1.23937,1.23847,1.23876,2340,5,0
2013-07-16 00:00:00,1.23879,1.23913,1.23827,1.23846,2682,5,0
2013-07-16 02:00:00,1.23844,1.23916,1.23844,1.23884,2701,5,0
2013-07-16 04:00:00,1.23884,1.23943,1.23878,1.23931,1772,5,0
2013-07-16 06:00:00,1.23931,1.24012,1.23914,1.24007,2022,5,0
2013-07-16 08:00:00,1.24006,1.24032,1.23723,1.23799,3747,5,0
2013-07-16 10:00:00,1.23799,1.23975,1.23782,1.23843,5084,5,0
2013-07-16 12:00:00,1.23844,1.23917,1.23618,1.2368,4619,5,0
2013-07-16 14:00:00,1.23679,1.23818,1.23622,1.23676,6061,5,0
2013-07-16 16:00:00,1.23677,1.23737,1.23637,1.23673,5750,5,0
2013-07-16 18:00:00,1.23669,1.2373,1.23598,1.23677,3765,5,0
2013-07-16 20:00:00,1.23679,1.23736,1.23552,1.23618,3801,5,0
2013-07-16 22:00:00,1.23618,1.23674,1.23564,1.23629,2867,5,0
2013-07-17 00:00:00,1.23629,1.23687,1.23617,1.23638,1938,5,0
2013-07-17 02:00:00,1.2364,1.23726,1.23622,1.23685,2691,5,0
2013-07-17 04:00:00,1.23686,1.2376,1.23683,1.23743,1781,5,0
2013-07-17 06:00:00,1.23742,1.23754,1.23709,1.23719,1580,6,0
2013-07-17 08:00:00,1.23719,1.2373,1.23597,1.23659,3278,5,0
2013-07-17 10:00:00,1.2366,1.23675,1.23311,1.23414,4621,5,0
2013-07-17 12:00:00,1.23412,1.23503,1.23374,1.23384,2803,5,0
2013-07-17 14:00:00,1.23389,1.23481,1.23256,1.23413,6625,5,0
2013-07-17 16:00:00,1.23427,1.2366,1.23304,1.2347,6922,5,0
2013-07-17 18:00:00,1.23472,1.23548,1.23378,1.23438,4023,5,0
2013-07-17 20:00:00,1.23439,1.23517,1.23379,1.23461,3146,5,0
2013-07-17 22:00:00,1.23461,1.23535,1.23455,1.23502,2475,5,0
2013-07-18 00:00:00,1.2351,1.23531,1.23454,1.23458,1816,5,0
2013-07-18 02:00:00,1.23458,1.23491,1.23432,1.23478,2203,5,0
2013-07-18 04:00:00,1.23478,1.23513,1.23453,1.23461,2173,5,0
2013-07-18 06:00:00,1.23461,1.23632,1.23457,1.23632,2111,5,0
2013-07-18 08:00:00,1.23619,1.23809,1.23588,1.23675,3590,5,0
2013-07-18 10:00:00,1.23677,1.23698,1.23538,1.23661,3313,1,0
2013-07-18 12:00:00,1.23657,1.23686,1.2362,1.23674,2243,3,0
2013-07-18 14:00:00,1.23676,1.23738,1.23615,1.23681,4501,1,0
2013-07-18 16:00:00,1.2368,1.23904,1.2364,1.23822,4296,1,0
2013-07-18 18:00:00,1.2382,1.23875,1.2378,1.23846,3278,3,0
2013-07-18 20:00:00,1.23846,1.2389,1.23807,1.2388,2119,2,0
2013-07-18 22:00:00,1.23878,1.23883,1.23771,1.23788,2654,1,0
2013-07-19 00:00:00,1.23788,1.23847,1.23772,1.23803,2211,1,0
2013-07-19 02:00:00,1.23804,1.23851,1.23704,1.23741,3081,1,0
2013-07-19 04:00:00,1.23738,1.23762,1.23682,1.23724,3401,1,0
2013-07-19 06:00:00,1.23724,1.23785,1.23701,1.23749,2076,1,0
2013-07-19 08:00:00,1.23748,1.23786,1.23707,1.2372,2489,1,0
2013-07-19 10:00:00,1.23719,1.23741,1.23621,1.23702,3388,1,0
2013-07-19 12:00:00,1.23689,1.23708,1.23594,1.23628,3088,1,0
2013-07-19 14:00:00,1.23626,1.23629,1.23518,1.2357,2972,3,0
2013-07-19 16:00:00,1.23572,1.2362,1.23532,1.23539,3152,1,0
2013-07-19 18:00:00,1.23539,1.23669,1.23539,1.23669,2063,1,0
2013-07-19 20:00:00,1.2367,1.23677,1.2359,1.23624,1817,2,0
2013-07-19 22:00:00,1.23629,1.23689,1.2361,1.23628,1382,1,0
2013-07-22 00:00:00,1.23657,1.23682,1.23567,1.23615,1353,1,0
2013-07-22 02:00:00,1.23616,1.23627,1.23549,1.23583,4069,1,0
2013-07-22 04:00:00,1.23583,1.23591,1.23556,1.23581,1609,1,0
2013-07-22 06:00:00,1.23581,1.23656,1.23562,1.23646,1669,2,0
2013-07-22 08:00:00,1.23646,1.23679,1.2358,1.23619,2611,1,0
2013-07-22 10:00:00,1.23619,1.23669,1.23597,1.23662,2766,1,0
2013-07-22 12:00:00,1.2366,1.23773,1.23653,1.23772,3070,2,0
2013-07-22 14:00:00,1.23772,1.23772,1.23541,1.23576,3300,3,0
2013-07-22 16:00:00,1.23576,1.23581,1.23209,1.23439,5008,1,0
2013-07-22 18:00:00,1.23441,1.23501,1.23368,1.23461,2161,2,0
2013-07-22 20:00:00,1.23462,1.23496,1.23414,1.23459,1486,3,0
2013-07-22 22:00:00,1.23458,1.23461,1.23408,1.23419,1694,7,0
2013-07-23 00:00:00,1.23421,1.23466,1.2341,1.23453,1575,6,0
2013-07-23 02:00:00,1.23452,1.235,1.23421,1.23492,2166,2,0
2013-07-23 04:00:00,1.23492,1.23525,1.23476,1.23496,2360,1,0
2013-07-23 06:00:00,1.23495,1.23526,1.2345,1.23503,1709,1,0
2013-07-23 08:00:00,1.23503,1.23518,1.23443,1.2347,2795,2,0
2013-07-23 10:00:00,1.23472,1.23753,1.23451,1.23728,3905,1,0
2013-07-23 12:00:00,1.23729,1.23945,1.23657,1.23876,3022,1,0
2013-07-23 14:00:00,1.23876,1.23904,1.23754,1.23805,3200,1,0
2013-07-23 16:00:00,1.23802,1.23851,1.23684,1.23756,4288,1,0
2013-07-23 18:00:00,1.23754,1.2378,1.23658,1.23693,2679,3,0
2013-07-23 20:00:00,1.23695,1.2371,1.23608,1.23617,2209,1,0
2013-07-23 22:00:00,1.23618,1.23626,1.23581,1.23606,1180,6,0
2013-07-24 00:00:00,1.23606,1.23639,1.2358,1.23618,1263,2,0
2013-07-24 02:00:00,1.23615,1.23628,1.23557,1.23609,2838,2,0
2013-07-24 04:00:00,1.23609,1.23616,1.23558,1.23607,1821,3,0
2013-07-24 06:00:00,1.23606,1.2367,1.23593,1.23652,1601,3,0
2013-07-24 08:00:00,1.23651,1.23877,1.23628,1.23827,4015,1,0
2013-07-24 10:00:00,1.23824,1.24029,1.238,1.23859,3385,1,0
2013-07-24 12:00:00,1.23856,1.23874,1.23778,1.23842,2402,2,0
2013-07-24 14:00:00,1.23841,1.23916,1.23749,1.2377,4073,2,0
2013-07-24 16:00:00,1.2377,1.23867,1.2373,1.2374,4302,1,0
2013-07-24 18:00:00,1.23738,1.23758,1.23671,1.2369,4177,2,0
2013-07-24 20:00:00,1.23692,1.23772,1.23689,1.23754,2029,1,0
2013-07-24 22:00:00,1.23753,1.23773,1.23659,1.23698,2189,1,0
2013-07-25 00:00:00,1.23701,1.23742,1.23658,1.23732,1528,1,0
2013-07-25 02:00:00,1.23734,1.23742,1.23693,1.23702,1892,3,0
2013-07-25 04:00:00,1.23702,1.23748,1.237,1.23728,1529,2,0
2013-07-25 06:00:00,1.23728,1.23757,1.23706,1.23731,1470,1,0
2013-07-25 08:00:00,1.23731,1.23853,1.23692,1.23734,2826,1,0
2013-07-25 10:00:00,1.23731,1.23802,1.23651,1.23681,3900,2,0
2013-07-25 12:00:00,1.23683,1.23752,1.23571,1.23596,2861,2,0
2013-07-25 14:00:00,1.23594,1.23688,1.23423,1.23551,5236,1,0
2013-07-25 16:00:00,1.23553,1.23625,1.23459,1.23545,3823,3,0
2013-07-25 18:00:00,1.23542,1.23568,1.23408,1.2347,2685,1,0
2013-07-25 20:00:00,1.2347,1.23496,1.23399,1.23458,4044,1,0
2013-07-25 22:00:00,1.23456,1.23487,1.23396,1.23469,2698,1,0
2013-07-26 00:00:00,1.2347,1.23477,1.23429,1.23435,1495,4,0
2013-07-26 02:00:00,1.23435,1.23483,1.23399,1.23417,2025,2,0
2013-07-26 04:00:00,1.23418,1.2343,1.23367,1.23373,2461,1,0
2013-07-26 06:00:00,1.23375,1.23398,1.23355,1.23362,2046,2,0
2013-07-26 08:00:00,1.23364,1.23471,1.23354,1.23361,2799,1,0
2013-07-26 10:00:00,1.2336,1.23418,1.23213,1.23393,3482,1,0
2013-07-26 12:00:00,1.23393,1.23394,1.23132,1.23166,2846,1,0
2013-07-26 14:00:00,1.2317,1.23346,1.23169,1.23192,3606,1,0
2013-07-26 16:00:00,1.23194,1.2328,1.2316,1.23253,3810,1,0
2013-07-26 18:00:00,1.23253,1.23271,1.23176,1.23178,2313,3,0
2013-07-26 20:00:00,1.23171,1.23297,1.23165,1.23281,1931,6,0
2013-07-26 22:00:00,1.23278,1.23312,1.2322,1.2322,1163,1,0
2013-07-29 00:00:00,1.23322,1.23346,1.23253,1.2331,1298,2,0
2013-07-29 02:00:00,1.23308,1.23331,1.23224,1.23276,2048,1,0
2013-07-29 04:00:00,1.23276,1.23284,1.23232,1.23277,1471,3,0
2013-07-29 06:00:00,1.23276,1.23287,1.23246,1.23278,1636,3,0
2013-07-29 08:00:00,1.23278,1.2343,1.2326,1.23368,2977,1,0
2013-07-29 10:00:00,1.23372,1.23405,1.23239,1.23298,3175,1,0
2013-07-29 12:00:00,1.23298,1.23304,1.23241,1.23292,2120,1,0
2013-07-29 14:00:00,1.23291,1.2351,1.23252,1.23431,3526,1,0
2013-07-29 16:00:00,1.23431,1.2348,1.23353,1.23447,3755,1,0
2013-07-29 18:00:00,1.23448,1.23493,1.23411,1.2343,1655,1,0
2013-07-29 20:00:00,1.23432,1.23458,1.23406,1.23445,1468,5,0
2013-07-29 22:00:00,1.23445,1.23494,1.23423,1.23462,1566,3,0
2013-07-30 00:00:00,1.23482,1.23494,1.23443,1.23483,975,2,0
2013-07-30 02:00:00,1.23484,1.23511,1.23452,1.23478,2164,1,0
2013-07-30 04:00:00,1.23476,1.23535,1.23467,1.2352,2032,2,0
2013-07-30 06:00:00,1.2352,1.23529,1.23431,1.23449,1859,1,0
2013-07-30 08:00:00,1.23449,1.23456,1.23333,1.2344,2737,1,0
2013-07-30 10:00:00,1.23434,1.23483,1.23362,1.23368,2659,1,0
2013-07-30 12:00:00,1.23368,1.23417,1.23338,1.23361,2481,2,0
2013-07-30 14:00:00,1.23363,1.23365,1.23272,1.23316,3591,1,0
2013-07-30 16:00:00,1.23316,1.2342,1.23283,1.23342,4551,1,0
2013-07-30 18:00:00,1.23337,1.23343,1.23247,1.23286,1882,4,0
2013-07-30 20:00:00,1.23286,1.23314,1.23221,1.23305,1598,6,0
2013-07-30 22:00:00,1.23304,1.23328,1.23227,1.23303,1369,1,0
2013-07-31 00:00:00,1.23302,1.23329,1.2329,1.2331,1109,3,0
2013-07-31 02:00:00,1.2331,1.23329,1.23216,1.23243,1958,1,0
2013-07-31 04:00:00,1.23243,1.23271,1.23226,1.23239,1792,4,0
2013-07-31 06:00:00,1.23239,1.23277,1.23221,1.23246,1661,1,0
2013-07-31 08:00:00,1.23246,1.23254,1.23148,1.23192,3633,1,0
2013-07-31 10:00:00,1.23194,1.23194,1.23049,1.23086,4125,1,0
2013-07-31 12:00:00,1.23082,1.23177,1.23048,1.23165,3223,2,0
2013-07-31 14:00:00,1.23168,1.2344,1.23142,1.23401,5995,1,0
2013-07-31 16:00:00,1.23399,1.23437,1.23238,1.23308,5400,1,0
2013-07-31 18:00:00,1.23304,1.23358,1.23234,1.2328,3300,1,0
2013-07-31 20:00:00,1.23276,1.23386,1.23092,1.23098,7282,1,0
2013-07-31 22:00:00,1.23098,1.23217,1.23098,1.23179,2116,1,0
2013-08-01 00:00:00,1.23187,1.23219,1.23151,1.23179,1572,2,0
2013-08-01 02:00:00,1.23182,1.23205,1.23138,1.23159,3154,1,0
2013-08-01 04:00:00,1.23159,1.23205,1.23123,1.23166,2466,1,0
2013-08-01 06:00:00,1.23163,1.23199,1.23136,1.23198,1469,2,0
2013-08-01 08:00:00,1.23195,1.23322,1.23128,1.23128,3611,1,0
2013-08-01 10:00:00,1.23126,1.23261,1.231,1.23247,3186,1,0
2013-08-01 12:00:00,1.23243,1.23253,1.2313,1.23173,3227,1,0
2013-08-01 14:00:00,1.23162,1.23404,1.23134,1.2336,7537,1,0
2013-08-01 16:00:00,1.23362,1.23662,1.23361,1.23609,5698,1,0
2013-08-01 18:00:00,1.23613,1.23712,1.23575,1.23677,2651,1,0
2013-08-01 20:00:00,1.23677,1.23772,1.23666,1.23722,2375,2,0
2013-08-01 22:00:00,1.23722,1.23763,1.23697,1.23721,2103,1,0
2013-08-02 00:00:00,1.23724,1.23748,1.23705,1.23729,1385,6,0
2013-08-02 02:00:00,1.23731,1.23804,1.23726,1.23793,1970,2,0
2013-08-02 04:00:00,1.23792,1.23799,1.23754,1.23772,1774,6,0
2013-08-02 06:00:00,1.23774,1.23851,1.23766,1.23842,1985,1,0
2013-08-02 08:00:00,1.23841,1.23969,1.23811,1.23868,3465,1,0
2013-08-02 10:00:00,1.23867,1.23887,1.23808,1.23836,3475,1,0
2013-08-02 12:00:00,1.23837,1.23876,1.23784,1.23828,3197,1,0
2013-08-02 14:00:00,1.23828,1.23853,1.23509,1.23522,7557,1,0
2013-08-02 16:00:00,1.23524,1.23549,1.23258,1.23321,5971,1,0
2013-08-02 18:00:00,1.23321,1.2336,1.23256,1.23276,2771,3,0
2013-08-02 20:00:00,1.23276,1.23465,1.23251,1.23461,1854,1,0
2013-08-02 22:00:00,1.23463,1.23472,1.23384,1.23398,1133,1,0
2013-08-05 00:00:00,1.23383,1.23411,1.23301,1.23377,1969,1,0
2013-08-05 02:00:00,1.23377,1.23428,1.23344,1.23397,2347,1,0
2013-08-05 04:00:00,1.23398,1.23459,1.23394,1.23428,1739,2,0
2013-08-05 06:00:00,1.23432,1.23477,1.23348,1.23356,1681,4,0
2013-08-05 08:00:00,1.23355,1.23412,1.23247,1.23345,3851,1,0
2013-08-05 10:00:00,1.23344,1.2353,1.23306,1.23526,3635,1,0
2013-08-05 12:00:00,1.23525,1.23569,1.23476,1.23532,2845,1,0
2013-08-05 14:00:00,1.23533,1.23582,1.23371,1.23371,4094,1,0
2013-08-05 16:00:00,1.23371,1.23526,1.23298,1.23325,4641,1,0
2013-08-05 18:00:00,1.23324,1.2333,1.23083,1.23123,2408,1,0
2013-08-05 20:00:00,1.23121,1.23123,1.23002,1.23005,2104,1,0
2013-08-05 22:00:00,1.23003,1.23065,1.22888,1.23009,1902,1,0
2013-08-06 00:00:00,1.23009,1.2304,1.22957,1.22959,1159,3,0
2013-08-06 02:00:00,1.22956,1.22965,1.22673,1.22899,2574,1,0
2013-08-06 04:00:00,1.22904,1.22965,1.22898,1.22958,1891,1,0
2013-08-06 06:00:00,1.2296,1.23119,1.2295,1.23112,2191,1,0
2013-08-06 08:00:00,1.23112,1.23173,1.23087,1.231,2935,1,0
2013-08-06 10:00:00,1.23098,1.2316,1.23036,1.23057,3594,3,0
2013-08-06 12:00:00,1.23061,1.23168,1.23032,1.23139,2904,1,0
2013-08-06 14:00:00,1.23139,1.2328,1.23077,1.23249,4375,2,0
2013-08-06 16:00:00,1.23249,1.2325,1.23048,1.23219,5468,1,0
2013-08-06 18:00:00,1.23222,1.23229,1.23103,1.2316,2541,5,0
2013-08-06 20:00:00,1.2316,1.23226,1.23153,1.23206,1569,5,0
2013-08-06 22:00:00,1.23206,1.23216,1.23164,1.23202,1541,5,0
2013-08-07 00:00:00,1.23201,1.23205,1.23048,1.23111,1847,3,0
2013-08-07 02:00:00,1.23111,1.23149,1.23053,1.23102,2548,1,0
2013-08-07 04:00:00,1.231,1.23125,1.23081,1.2309,1999,1,0
2013-08-07 06:00:00,1.2309,1.23131,1.23058,1.23105,2150,2,0
2013-08-07 08:00:00,1.23106,1.2325,1.23103,1.23226,3787,1,0
2013-08-07 10:00:00,1.23228,1.23265,1.23152,1.23166,4873,1,0
2013-08-07 12:00:00,1.23166,1.2324,1.23071,1.23195,5378,1,0
2013-08-07 14:00:00,1.23195,1.23217,1.22947,1.22982,4437,1,0
2013-08-07 16:00:00,1.2298,1.22985,1.22846,1.22918,5061,1,0
2013-08-07 18:00:00,1.22917,1.22928,1.22836,1.2285,2275,1,0
2013-08-07 20:00:00,1.22848,1.22968,1.2284,1.22957,2530,2,0
2013-08-07 22:00:00,1.22954,1.22954,1.22876,1.22879,2266,1,0
2013-08-08 00:00:00,1.22881,1.22927,1.2287,1.22907,1829,1,0
2013-08-08 02:00:00,1.22903,1.23048,1.22889,1.22971,3402,1,0
2013-08-08 04:00:00,1.22971,1.2304,1.22936,1.23025,2412,1,0
2013-08-08 06:00:00,1.23016,1.23033,1.22881,1.22925,2126,2,0
2013-08-08 08:00:00,1.22926,1.22952,1.22807,1.22872,4467,1,0
2013-08-08 10:00:00,1.22872,1.23019,1.22852,1.22963,3249,2,0
2013-08-08 12:00:00,1.22961,1.23048,1.22932,1.23025,2421,2,0
2013-08-08 14:00:00,1.23024,1.23179,1.22962,1.2312,4370,1,0
2013-08-08 16:00:00,1.23129,1.23161,1.23006,1.23125,5550,1,0
2013-08-08 18:00:00,1.23126,1.23137,1.22938,1.2312,3206,1,0
2013-08-08 20:00:00,1.23121,1.23136,1.23076,1.23131,2036,3,0
2013-08-08 22:00:00,1.2313,1.23135,1.23076,1.23093,1529,1,0
2013-08-09 00:00:00,1.23096,1.23131,1.23087,1.23106,1452,5,0
2013-08-09 02:00:00,1.23103,1.23149,1.23074,1.23108,2580,1,0
2013-08-09 04:00:00,1.23108,1.23125,1.23052,1.23071,1530,5,0
2013-08-09 06:00:00,1.23071,1.23094,1.23032,1.23065,1253,1,0
2013-08-09 08:00:00,1.23064,1.23124,1.23055,1.23099,2782,2,0
2013-08-09 10:00:00,1.23099,1.23177,1.23071,1.23169,3390,1,0
2013-08-09 12:00:00,1.23167,1.23174,1.23073,1.23118,2667,1,0
2013-08-09 14:00:00,1.23118,1.23128,1.23019,1.23056,4080,1,0
2013-08-09 16:00:00,1.23054,1.23079,1.22939,1.22984,3938,1,0
2013-08-09 18:00:00,1.22983,1.23119,1.22983,1.23086,1823,3,0
2013-08-09 20:00:00,1.23082,1.23101,1.22966,1.23031,1969,2,0
2013-08-09 22:00:00,1.2303,1.23085,1.22997,1.22999,989,7,0
2013-08-12 00:00:00,1.22996,1.23033,1.22973,1.22991,1546,2,0
2013-08-12 02:00:00,1.22991,1.2305,1.22957,1.23026,1888,1,0
2013-08-12 04:00:00,1.23029,1.23117,1.23018,1.23105,1966,1,0
2013-08-12 06:00:00,1.23105,1.23144,1.23091,1.23122,1608,1,0
2013-08-12 08:00:00,1.23127,1.2318,1.23086,1.23152,3421,1,0
2013-08-12 10:00:00,1.23152,1.23257,1.23125,1.23226,3833,1,0
2013-08-12 12:00:00,1.23228,1.23289,1.23214,1.2327,2694,2,0
2013-08-12 14:00:00,1.2327,1.23293,1.23213,1.23258,3600,1,0
2013-08-12 16:00:00,1.23257,1.23279,1.23094,1.23106,3692,1,0
2013-08-12 18:00:00,1.23106,1.23139,1.23059,1.23095,1717,3,0
2013-08-12 20:00:00,1.23095,1.23129,1.23033,1.23123,1918,1,0
2013-08-12 22:00:00,1.23124,1.23139,1.23084,1.23137,1589,4,0
2013-08-13 00:00:00,1.23138,1.23163,1.23121,1.23142,1373,4,0
2013-08-13 02:00:00,1.2314,1.23227,1.23134,1.23207,2075,1,0
2013-08-13 04:00:00,1.23208,1.23281,1.23191,1.23252,1643,1,0
2013-08-13 06:00:00,1.23253,1.23321,1.2321,1.23314,1828,1,0
2013-08-13 08:00:00,1.23313,1.23419,1.23274,1.23321,3797,1,0
2013-08-13 10:00:00,1.23322,1.23462,1.23294,1.23452,4655,1,0
2013-08-13 12:00:00,1.23453,1.23575,1.23415,1.23568,3218,1,0
2013-08-13 14:00:00,1.23569,1.23822,1.2355,1.23699,6426,1,0
2013-08-13 16:00:00,1.23699,1.23752,1.23585,1.23722,5756,1,0
2013-08-13 18:00:00,1.23724,1.23787,1.23689,1.23749,2436,1,0
2013-08-13 20:00:00,1.23743,1.23758,1.23698,1.23747,2022,3,0
2013-08-13 22:00:00,1.23747,1.23755,1.23707,1.2372,1227,5,0
2013-08-14 00:00:00,1.2373,1.2375,1.23716,1.23733,970,1,0
2013-08-14 02:00:00,1.23733,1.23742,1.23659,1.23719,2299,2,0
2013-08-14 04:00:00,1.23719,1.23747,1.2369,1.23726,1867,1,0
2013-08-14 06:00:00,1.23727,1.24084,1.23713,1.24078,2495,1,0
2013-08-14 08:00:00,1.24077,1.24264,1.23995,1.24117,5019,1,0
2013-08-14 10:00:00,1.24117,1.24258,1.24099,1.24121,4743,1,0
2013-08-14 12:00:00,1.24121,1.24149,1.24055,1.2408,2694,3,0
2013-08-14 14:00:00,1.24079,1.24183,1.24024,1.24066,4630,1,0
2013-08-14 16:00:00,1.24067,1.24097,1.2385,1.23986,4291,1,0
2013-08-14 18:00:00,1.23987,1.2402,1.23945,1.23971,2345,3,0
2013-08-14 20:00:00,1.23971,1.24,1.23921,1.23952,1751,4,0
2013-08-14 22:00:00,1.23952,1.24004,1.23945,1.23958,1744,3,0
2013-08-15 00:00:00,1.23958,1.23964,1.23857,1.23868,1522,3,0
2013-08-15 02:00:00,1.2387,1.24096,1.23865,1.24036,2301,2,0
2013-08-15 04:00:00,1.24037,1.24063,1.23867,1.23933,3558,1,0
2013-08-15 06:00:00,1.23931,1.23944,1.23891,1.23912,1552,4,0
2013-08-15 08:00:00,1.2391,1.24017,1.2386,1.23951,2937,1,0
2013-08-15 10:00:00,1.23951,1.24126,1.23945,1.2411,3232,1,0
2013-08-15 12:00:00,1.24111,1.24317,1.24107,1.24247,3189,1,0
2013-08-15 14:00:00,1.24249,1.24337,1.24053,1.24123,6920,1,0
2013-08-15 16:00:00,1.24123,1.24128,1.23683,1.23801,5934,1,0
2013-08-15 18:00:00,1.23801,1.23925,1.23372,1.23633,5289,1,0
2013-08-15 20:00:00,1.23635,1.23682,1.23498,1.23611,4308,1,0
2013-08-15 22:00:00,1.23611,1.23643,1.23565,1.23602,2157,1,0
2013-08-16 00:00:00,1.23602,1.23662,1.2354,1.23542,1368,4,0
2013-08-16 02:00:00,1.23541,1.23712,1.23541,1.23705,2307,2,0
2013-08-16 04:00:00,1.23706,1.2376,1.23668,1.23743,2243,1,0
2013-08-16 06:00:00,1.23743,1.23787,1.23719,1.2374,2137,2,0
2013-08-16 08:00:00,1.23737,1.23828,1.23522,1.23607,3915,1,0
2013-08-16 10:00:00,1.23606,1.23708,1.23539,1.23643,3112,1,0
2013-08-16 12:00:00,1.23638,1.23639,1.23537,1.23596,2195,2,0
2013-08-16 14:00:00,1.23594,1.23604,1.23303,1.23443,6090,1,0
2013-08-16 16:00:00,1.23447,1.23567,1.23394,1.2348,5399,1,0
2013-08-16 18:00:00,1.2348,1.23586,1.23418,1.23447,3019,2,0
2013-08-16 20:00:00,1.23448,1.2357,1.23446,1.23478,2610,2,0
2013-08-16 22:00:00,1.23478,1.23523,1.23467,1.23471,913,1,0
2013-08-19 00:00:00,1.23502,1.23606,1.23502,1.23581,1240,1,0
2013-08-19 02:00:00,1.23579,1.23628,1.23424,1.23456,2184,1,0
2013-08-19 04:00:00,1.23456,1.2353,1.23446,1.23521,1494,5,0
2013-08-19 06:00:00,1.23523,1.23528,1.23434,1.23488,1494,1,0
2013-08-19 08:00:00,1.23486,1.23639,1.23484,1.23546,2208,1,0
2013-08-19 10:00:00,1.23537,1.23577,1.23514,1.23558,2330,1,0
2013-08-19 12:00:00,1.23559,1.23703,1.23557,1.23559,3407,1,0
2013-08-19 14:00:00,1.23559,1.23584,1.234,1.23492,3615,1,0
2013-08-19 16:00:00,1.23499,1.23532,1.23405,1.23427,3069,2,0
2013-08-19 18:00:00,1.23429,1.23475,1.23159,1.23188,2112,2,0
2013-08-19 20:00:00,1.23189,1.23267,1.23137,1.2323,1794,2,0
2013-08-19 22:00:00,1.23229,1.23261,1.23196,1.23246,1313,3,0
2013-08-20 00:00:00,1.23243,1.23313,1.23232,1.23262,1358,2,0
2013-08-20 02:00:00,1.23263,1.23321,1.23216,1.23321,1985,2,0
2013-08-20 04:00:00,1.2332,1.23324,1.23213,1.23239,1871,1,0
2013-08-20 06:00:00,1.2324,1.23254,1.23141,1.23224,1785,2,0
2013-08-20 08:00:00,1.23223,1.23232,1.22863,1.22957,4323,1,0
2013-08-20 10:00:00,1.22949,1.23282,1.22854,1.2324,5622,1,0
2013-08-20 12:00:00,1.23239,1.23264,1.23123,1.23149,3014,1,0
2013-08-20 14:00:00,1.23151,1.23386,1.2302,1.23114,6674,1,0
2013-08-20 16:00:00,1.23112,1.23282,1.2308,1.23223,3942,1,0
2013-08-20 18:00:00,1.23225,1.23261,1.23119,1.23145,2034,1,0
2013-08-20 20:00:00,1.23145,1.23164,1.23057,1.23089,1648,2,0
2013-08-20 22:00:00,1.23088,1.23105,1.23042,1.23063,1373,2,0
2013-08-21 00:00:00,1.23064,1.23118,1.23048,1.23071,979,1,0
2013-08-21 02:00:00,1.23069,1.23168,1.23028,1.23038,2167,1,0
2013-08-21 04:00:00,1.23038,1.23061,1.23011,1.2303,1722,1,0
2013-08-21 06:00:00,1.23031,1.23136,1.23015,1.23106,1867,2,0
2013-08-21 08:00:00,1.23104,1.23178,1.23051,1.23061,3982,1,0
2013-08-21 10:00:00,1.23063,1.23152,1.23002,1.23093,3635,1,0
2013-08-21 12:00:00,1.23095,1.23233,1.23068,1.23109,3329,1,0
2013-08-21 14:00:00,1.2311,1.23121,1.23023,1.23059,4248,1,0
2013-08-21 16:00:00,1.23057,1.23182,1.23025,1.23126,4694,1,0
2013-08-21 18:00:00,1.23125,1.23136,1.23063,1.23067,2359,5,0
2013-08-21 20:00:00,1.23065,1.23319,1.23039,1.23171,6155,1,0
2013-08-21 22:00:00,1.2317,1.23225,1.23115,1.23159,1770,3,0
2013-08-22 00:00:00,1.23159,1.2326,1.23148,1.23196,1827,2,0
2013-08-22 02:00:00,1.23196,1.23311,1.23142,1.23306,2946,1,0
2013-08-22 04:00:00,1.23298,1.23315,1.23241,1.23259,1620,2,0
2013-08-22 06:00:00,1.23259,1.23337,1.23234,1.23283,1803,1,0
2013-08-22 08:00:00,1.23283,1.23391,1.23184,1.23383,3817,1,0
2013-08-22 10:00:00,1.23386,1.2348,1.23368,1.23417,4958,1,0
2013-08-22 12:00:00,1.23417,1.23578,1.23403,1.2349,3926,1,0
2013-08-22 14:00:00,1.2349,1.23522,1.23378,1.23511,4711,1,0
2013-08-22 16:00:00,1.23514,1.23524,1.23337,1.23397,4290,1,0
2013-08-22 18:00:00,1.23399,1.23407,1.23304,1.23378,2199,4,0
2013-08-22 20:00:00,1.23378,1.23388,1.23318,1.23346,1942,6,0
2013-08-22 22:00:00,1.23347,1.23365,1.23259,1.23305,1607,1,0
2013-08-23 00:00:00,1.23319,1.23362,1.23298,1.23345,1639,3,0
2013-08-23 02:00:00,1.23346,1.23469,1.23313,1.23431,2788,3,0
2013-08-23 04:00:00,1.23432,1.23435,1.23343,1.23394,2167,1,0
2013-08-23 06:00:00,1.23394,1.23441,1.2336,1.23376,1891,1,0
2013-08-23 08:00:00,1.23379,1.23463,1.23311,1.23452,3175,2,0
2013-08-23 10:00:00,1.23453,1.2357,1.23368,1.23554,4751,1,0
2013-08-23 12:00:00,1.23553,1.23619,1.23477,1.23579,3128,1,0
2013-08-23 14:00:00,1.23578,1.23608,1.23448,1.23494,4759,1,0
2013-08-23 16:00:00,1.23484,1.23488,1.23188,1.23295,6326,1,0
2013-08-23 18:00:00,1.23297,1.23352,1.23276,1.23328,1703,3,0
2013-08-23 20:00:00,1.23334,1.23376,1.23216,1.23258,1905,1,0
2013-08-23 22:00:00,1.23257,1.2332,1.23256,1.23276,917,4,0
2013-08-26 00:00:00,1.23232,1.2331,1.23231,1.23289,2008,2,0
2013-08-26 02:00:00,1.23291,1.23363,1.23283,1.2335,2037,1,0
2013-08-26 04:00:00,1.2335,1.23388,1.23329,1.23385,1524,3,0
2013-08-26 06:00:00,1.23384,1.23414,1.23368,1.23397,1760,5,0
2013-08-26 08:00:00,1.23397,1.23564,1.23381,1.23521,2444,1,0
2013-08-26 10:00:00,1.23523,1.2354,1.23443,1.23481,2168,1,0
2013-08-26 12:00:00,1.23481,1.23529,1.23462,1.23501,1615,3,0
2013-08-26 14:00:00,1.23502,1.23512,1.23384,1.23478,3269,1,0
2013-08-26 16:00:00,1.23476,1.23491,1.23359,1.23373,2463,1,0
2013-08-26 18:00:00,1.23372,1.23457,1.23361,1.23443,1465,7,0
2013-08-26 20:00:00,1.2344,1.23465,1.23308,1.23312,1568,1,0
2013-08-26 22:00:00,1.23312,1.23422,1.23302,1.23357,1743,1,0
2013-08-27 00:00:00,1.23357,1.23397,1.233,1.23357,1122,2,0
2013-08-27 02:00:00,1.23351,1.23359,1.23203,1.23241,2188,2,0
2013-08-27 04:00:00,1.23242,1.23305,1.23238,1.23301,1432,3,0
2013-08-27 06:00:00,1.23301,1.23303,1.23174,1.23177,1660,2,0
2013-08-27 08:00:00,1.23177,1.23204,1.229,1.22901,3735,1,0
2013-08-27 10:00:00,1.22901,1.23057,1.22878,1.22992,4978,1,0
2013-08-27 12:00:00,1.22994,1.23074,1.22933,1.2301,3092,1,0
2013-08-27 14:00:00,1.23008,1.23014,1.22809,1.22958,6065,1,0
2013-08-27 16:00:00,1.22955,1.23025,1.22869,1.22983,4736,1,0
2013-08-27 18:00:00,1.22983,1.23009,1.22837,1.22895,2682,2,0
2013-08-27 20:00:00,1.22895,1.22924,1.22875,1.22901,2104,5,0
2013-08-27 22:00:00,1.22902,1.22927,1.22842,1.22847,1684,1,0
2013-08-28 00:00:00,1.22848,1.22871,1.2282,1.22823,1163,1,0
2013-08-28 02:00:00,1.22823,1.22923,1.22823,1.22882,2119,1,0
2013-08-28 04:00:00,1.22886,1.22918,1.2282,1.22837,2159,1,0
2013-08-28 06:00:00,1.22837,1.22917,1.22815,1.22878,1977,1,0
2013-08-28 08:00:00,1.22879,1.22999,1.22839,1.22961,3047,1,0
2013-08-28 10:00:00,1.22964,1.22966,1.22818,1.2283,3350,2,0
2013-08-28 12:00:00,1.2283,1.22907,1.22772,1.22898,3795,1,0
2013-08-28 14:00:00,1.22899,1.22902,1.22794,1.22868,6191,1,0
2013-08-28 16:00:00,1.22869,1.22975,1.22835,1.22887,5587,1,0
2013-08-28 18:00:00,1.22887,1.22933,1.22854,1.22928,2050,2,0
2013-08-28 20:00:00,1.22928,1.22996,1.22897,1.22993,1716,4,0
2013-08-28 22:00:00,1.22994,1.23003,1.22927,1.22987,1585,1,0
2013-08-29 00:00:00,1.22981,1.23063,1.22979,1.23036,978,1,0
2013-08-29 02:00:00,1.23036,1.23118,1.23016,1.23021,2378,1,0
2013-08-29 04:00:00,1.23019,1.23031,1.22986,1.22995,1736,2,0
2013-08-29 06:00:00,1.22995,1.23115,1.22989,1.23036,1667,2,0
2013-08-29 08:00:00,1.23038,1.23089,1.22952,1.23035,5880,1,0
2013-08-29 10:00:00,1.23035,1.23104,1.22975,1.23091,4132,1,0
2013-08-29 12:00:00,1.23091,1.23122,1.23045,1.23052,3249,1,0
2013-08-29 14:00:00,1.2305,1.23177,1.23043,1.23092,5377,1,0
2013-08-29 16:00:00,1.23091,1.23237,1.23062,1.23221,4382,1,0
2013-08-29 18:00:00,1.23222,1.23251,1.2318,1.23239,2689,3,0
2013-08-29 20:00:00,1.23239,1.23271,1.23232,1.23263,1595,6,0
2013-08-29 22:00:00,1.23262,1.23284,1.23206,1.23264,1741,2,0
2013-08-30 00:00:00,1.23267,1.23286,1.23256,1.23266,1245,3,0
2013-08-30 02:00:00,1.23268,1.23281,1.23163,1.2321,2047,1,0
2013-08-30 04:00:00,1.2321,1.23277,1.2318,1.23251,1730,2,0
2013-08-30 06:00:00,1.23252,1.23267,1.23222,1.23251,1470,3,0
2013-08-30 08:00:00,1.23249,1.23287,1.23076,1.23112,3346,1,0
2013-08-30 10:00:00,1.23112,1.23236,1.23056,1.2322,3654,1,0
2013-08-30 12:00:00,1.23218,1.23226,1.23109,1.23109,2398,1,0
2013-08-30 14:00:00,1.23111,1.23139,1.23043,1.23059,4109,3,0
2013-08-30 16:00:00,1.23057,1.23059,1.22897,1.22903,4483,1,0
2013-08-30 18:00:00,1.22905,1.22974,1.22813,1.2292,3270,1,0
2013-08-30 20:00:00,1.2292,1.22981,1.22897,1.22959,1982,2,0
2013-08-30 22:00:00,1.22971,1.23028,1.22905,1.22906,766,4,0
2013-09-02 00:00:00,1.23045,1.23146,1.23005,1.23146,1770,4,0
2013-09-02 02:00:00,1.23146,1.23169,1.23099,1.2312,2097,2,0
2013-09-02 04:00:00,1.2312,1.23136,1.23096,1.23133,1787,1,0
2013-09-02 06:00:00,1.23134,1.23152,1.2307,1.23151,1849,1,0
2013-09-02 08:00:00,1.23151,1.23326,1.23128,1.23275,3562,1,0
2013-09-02 10:00:00,1.23281,1.23285,1.23159,1.23179,3186,1,0
2013-09-02 12:00:00,1.23179,1.23203,1.23157,1.23185,1943,1,0
2013-09-02 14:00:00,1.23184,1.2322,1.23151,1.23151,1960,1,0
2013-09-02 16:00:00,1.23151,1.23251,1.23143,1.23232,2541,1,0
2013-09-02 18:00:00,1.23232,1.23289,1.23203,1.23261,2237,4,0
2013-09-02 20:00:00,1.23261,1.23302,1.23258,1.23285,867,2,0
2013-09-02 22:00:00,1.23285,1.23301,1.23246,1.23264,1348,3,0
2013-09-03 00:00:00,1.23264,1.23301,1.23247,1.23281,1249,4,0
2013-09-03 02:00:00,1.23279,1.23297,1.23247,1.23271,1807,2,0
2013-09-03 04:00:00,1.23271,1.23289,1.23243,1.23282,1399,3,0
2013-09-03 06:00:00,1.23284,1.23381,1.23258,1.23368,2365,1,0
2013-09-03 08:00:00,1.23368,1.23419,1.23345,1.23379,3489,1,0
2013-09-03 10:00:00,1.23378,1.23391,1.23131,1.23233,3725,1,0
2013-09-03 12:00:00,1.23235,1.23308,1.23231,1.23282,2482,1,0
2013-09-03 14:00:00,1.23282,1.23286,1.23204,1.23207,3350,3,0
2013-09-03 16:00:00,1.23207,1.23398,1.23207,1.23253,4999,1,0
2013-09-03 18:00:00,1.23251,1.23369,1.23226,1.23227,2702,2,0
2013-09-03 20:00:00,1.23227,1.23391,1.23226,1.23325,1837,1,0
2013-09-03 22:00:00,1.23325,1.23381,1.23325,1.23338,1445,3,0
2013-09-04 00:00:00,1.23336,1.23358,1.23324,1.23338,1080,4,0
2013-09-04 02:00:00,1.2334,1.23356,1.233,1.23346,1642,1,0
2013-09-04 04:00:00,1.23344,1.2338,1.2332,1.2338,1146,2,0
2013-09-04 06:00:00,1.2338,1.23461,1.23365,1.23448,1734,2,0
2013-09-04 08:00:00,1.23439,1.23485,1.23368,1.23384,2952,2,0
2013-09-04 10:00:00,1.23388,1.2343,1.23321,1.23368,3090,1,0
2013-09-04 12:00:00,1.23368,1.23466,1.23349,1.23444,2958,3,0
2013-09-04 14:00:00,1.23442,1.23479,1.23372,1.23437,3062,2,0
2013-09-04 16:00:00,1.23438,1.2362,1.23433,1.23614,4231,2,0
2013-09-04 18:00:00,1.23617,1.23677,1.23588,1.2364,2268,1,0
2013-09-04 20:00:00,1.2364,1.23655,1.2358,1.23584,1677,3,0
2013-09-04 22:00:00,1.23583,1.2359,1.23516,1.23532,1524,1,0
2013-09-05 00:00:00,1.23529,1.23538,1.23519,1.23529,704,5,0
2013-09-05 02:00:00,1.23528,1.23577,1.23519,1.23557,1397,1,0
2013-09-05 04:00:00,1.23555,1.23609,1.23546,1.23573,1411,2,0
2013-09-05 06:00:00,1.23571,1.23845,1.23561,1.23765,2322,1,0
2013-09-05 08:00:00,1.23764,1.23993,1.23713,1.23928,3603,1,0
2013-09-05 10:00:00,1.23927,1.23981,1.23837,1.23853,3830,3,0
2013-09-05 12:00:00,1.23853,1.2399,1.2383,1.23911,3197,1,0
2013-09-05 14:00:00,1.23909,1.23938,1.23607,1.23806,6075,1,0
2013-09-05 16:00:00,1.23806,1.2398,1.23806,1.23815,4624,2,0
2013-09-05 18:00:00,1.23817,1.23975,1.23785,1.23925,2148,1,0
2013-09-05 20:00:00,1.23925,1.23979,1.23896,1.23931,1823,1,0
2013-09-05 22:00:00,1.23932,1.23987,1.23917,1.23971,1437,2,0
2013-09-06 00:00:00,1.2397,1.24001,1.23944,1.23975,1237,2,0
2013-09-06 02:00:00,1.23973,1.24009,1.23851,1.23855,1891,1,0
2013-09-06 04:00:00,1.23855,1.23963,1.23854,1.23904,1789,1,0
2013-09-06 06:00:00,1.23907,1.23985,1.23899,1.23937,1754,1,0
2013-09-06 08:00:00,1.23939,1.23973,1.23807,1.23913,2738,1,0
2013-09-06 10:00:00,1.23913,1.23951,1.23869,1.23893,2984,2,0
2013-09-06 12:00:00,1.23888,1.23928,1.23797,1.23853,3035,1,0
2013-09-06 14:00:00,1.23854,1.23862,1.23287,1.23376,5537,1,0
2013-09-06 16:00:00,1.23381,1.23581,1.23257,1.23563,4069,1,0
2013-09-06 18:00:00,1.23566,1.23603,1.2352,1.23596,1718,3,0
2013-09-06 20:00:00,1.23597,1.23657,1.23504,1.23551,2327,1,0
2013-09-06 22:00:00,1.2355,1.236,1.23532,1.23579,990,1,0
2013-09-09 00:00:00,1.23593,1.23683,1.23592,1.23668,1194,4,0
2013-09-09 02:00:00,1.23666,1.23683,1.23626,1.2365,1601,4,0
2013-09-09 04:00:00,1.23649,1.23651,1.23608,1.2365,1203,8,0
2013-09-09 06:00:00,1.2365,1.23656,1.23612,1.2363,1210,3,0
2013-09-09 08:00:00,1.2363,1.23658,1.23538,1.23625,2584,2,0
2013-09-09 10:00:00,1.23627,1.2365,1.23564,1.23573,2685,2,0
2013-09-09 12:00:00,1.23573,1.23602,1.23479,1.23491,2005,3,0
2013-09-09 14:00:00,1.23489,1.23522,1.23355,1.23441,3671,1,0
2013-09-09 16:00:00,1.23441,1.23535,1.23396,1.23497,3680,2,0
2013-09-09 18:00:00,1.23497,1.23571,1.2349,1.23571,2578,1,0
2013-09-09 20:00:00,1.23571,1.23594,1.23547,1.23582,1478,2,0
2013-09-09 22:00:00,1.23581,1.23593,1.23548,1.23552,1411,6,0
2013-09-10 00:00:00,1.23558,1.23634,1.23547,1.23629,1273,2,0
2013-09-10 02:00:00,1.2363,1.23641,1.23611,1.23627,1396,3,0
2013-09-10 04:00:00,1.23627,1.23681,1.23614,1.23667,1784,4,0
2013-09-10 06:00:00,1.23666,1.2369,1.23641,1.23663,1515,1,0
2013-09-10 08:00:00,1.23669,1.23795,1.23669,1.23738,3176,1,0
2013-09-10 10:00:00,1.23736,1.23757,1.23667,1.2371,2930,3,0
2013-09-10 12:00:00,1.23709,1.23939,1.23701,1.23925,3103,3,0
2013-09-10 14:00:00,1.23924,1.2398,1.2382,1.23979,3675,2,0
2013-09-10 16:00:00,1.23979,1.24025,1.23877,1.23911,3603,1,0
2013-09-10 18:00:00,1.23911,1.23976,1.23878,1.23923,2149,2,0
2013-09-10 20:00:00,1.23922,1.24025,1.23918,1.24002,1455,3,0
2013-09-10 22:00:00,1.24005,1.24031,1.23963,1.24025,1403,6,0
2013-09-11 00:00:00,1.24024,1.2404,1.24015,1.24034,1508,3,0
2013-09-11 02:00:00,1.2403,1.24136,1.2397,1.24087,2101,1,0
2013-09-11 04:00:00,1.24085,1.24145,1.24058,1.24133,1703,2,0
2013-09-11 06:00:00,1.24133,1.24143,1.24105,1.24114,1854,3,0
2013-09-11 08:00:00,1.24114,1.24114,1.2394,1.2396,2364,2,0
2013-09-11 10:00:00,1.23962,1.24019,1.23887,1.23924,2998,1,0
2013-09-11 12:00:00,1.23925,1.23955,1.23862,1.23913,2505,2,0
2013-09-11 14:00:00,1.23915,1.2396,1.23715,1.23715,2955,1,0
2013-09-11 16:00:00,1.23715,1.23922,1.23704,1.23881,3628,1,0
2013-09-11 18:00:00,1.23879,1.23913,1.23711,1.2379,2458,1,0
2013-09-11 20:00:00,1.2379,1.23824,1.2377,1.23822,1472,5,0
2013-09-11 22:00:00,1.23822,1.23878,1.23797,1.23862,1190,7,0
2013-09-12 00:00:00,1.2387,1.23909,1.23812,1.23832,1164,1,0
2013-09-12 02:00:00,1.2383,1.23877,1.23729,1.2381,1871,1,0
2013-09-12 04:00:00,1.23806,1.23831,1.2378,1.23822,1455,1,0
2013-09-12 06:00:00,1.23823,1.23846,1.23791,1.23797,1138,3,0
2013-09-12 08:00:00,1.23799,1.23849,1.23738,1.23815,2442,2,0
2013-09-12 10:00:00,1.23815,1.23829,1.23719,1.23719,2901,1,0
2013-09-12 12:00:00,1.23717,1.23745,1.23639,1.23662,2297,3,0
2013-09-12 14:00:00,1.23662,1.23801,1.23655,1.23714,3461,1,0
2013-09-12 16:00:00,1.23714,1.23725,1.23522,1.2364,3855,1,0
2013-09-12 18:00:00,1.23639,1.23782,1.23573,1.23764,2406,2,0
2013-09-12 20:00:00,1.23767,1.23773,1.23709,1.2375,1596,2,0
2013-09-12 22:00:00,1.23752,1.23765,1.23706,1.2374,1204,4,0
2013-09-13 00:00:00,1.23734,1.23797,1.2373,1.23788,963,4,0
2013-09-13 02:00:00,1.23789,1.23843,1.23778,1.23818,1731,1,0
2013-09-13 04:00:00,1.23821,1.23864,1.23797,1.23823,1308,4,0
2013-09-13 06:00:00,1.23814,1.23898,1.23801,1.23863,1858,1,0
2013-09-13 08:00:00,1.23864,1.23879,1.23746,1.23775,2589,4,0
2013-09-13 10:00:00,1.23775,1.2382,1.23742,1.23772,2418,2,0
2013-09-13 12:00:00,1.23773,1.23802,1.23731,1.23789,1939,2,0
2013-09-13 14:00:00,1.23783,1.23863,1.2361,1.23775,4375,1,0
2013-09-13 16:00:00,1.23775,1.23829,1.23698,1.23713,3735,2,0
2013-09-13 18:00:00,1.23714,1.23723,1.23587,1.23597,2143,2,0
2013-09-13 20:00:00,1.23597,1.23635,1.23591,1.23631,1588,6,0
2013-09-13 22:00:00,1.23631,1.23633,1.23581,1.23583,890,2,0
2013-09-16 00:00:00,1.23571,1.2368,1.2354,1.23588,1951,1,0
2013-09-16 02:00:00,1.23586,1.23651,1.23479,1.23502,1691,3,0
2013-09-16 04:00:00,1.235,1.23548,1.23471,1.23519,1479,2,0
2013-09-16 06:00:00,1.23518,1.23544,1.23493,1.23523,1448,1,0
2013-09-16 08:00:00,1.23523,1.23634,1.23509,1.23582,3244,1,0
2013-09-16 10:00:00,1.23582,1.23734,1.23567,1.23716,2990,1,0
2013-09-16 12:00:00,1.23714,1.23792,1.23711,1.23791,2598,3,0
2013-09-16 14:00:00,1.2379,1.23797,1.23679,1.23709,3792,1,0
2013-09-16 16:00:00,1.23708,1.23713,1.23547,1.23592,3397,2,0
2013-09-16 18:00:00,1.23592,1.23664,1.23587,1.23657,2344,1,0
2013-09-16 20:00:00,1.23661,1.23681,1.2364,1.23676,1906,5,0
2013-09-16 22:00:00,1.23675,1.23698,1.23629,1.23656,1105,3,0
2013-09-17 00:00:00,1.23659,1.23665,1.23608,1.2361,975,4,0
2013-09-17 02:00:00,1.2361,1.23648,1.2358,1.2364,1549,2,0
2013-09-17 04:00:00,1.23638,1.2367,1.23611,1.23648,1497,1,0
2013-09-17 06:00:00,1.23648,1.2367,1.23554,1.23587,1597,2,0
2013-09-17 08:00:00,1.23585,1.23702,1.23573,1.23689,2594,3,0
2013-09-17 10:00:00,1.23689,1.23761,1.23671,1.23719,3096,1,0
2013-09-17 12:00:00,1.23719,1.23754,1.23648,1.23747,2260,2,0
2013-09-17 14:00:00,1.23747,1.23781,1.23696,1.23729,3012,4,0
2013-09-17 16:00:00,1.23731,1.23842,1.2372,1.23767,2804,2,0
2013-09-17 18:00:00,1.23767,1.23774,1.23669,1.23669,1529,3,0
2013-09-17 20:00:00,1.2367,1.23696,1.23661,1.23678,1654,3,0
2013-09-17 22:00:00,1.23678,1.23688,1.23658,1.23673,1318,5,0
2013-09-18 00:00:00,1.23674,1.23694,1.23659,1.23683,1009,5,0
2013-09-18 02:00:00,1.23682,1.23711,1.23665,1.23705,1341,8,0
2013-09-18 04:00:00,1.23703,1.23722,1.237,1.23708,1363,3,0
2013-09-18 06:00:00,1.23708,1.23749,1.237,1.23736,1266,3,0
2013-09-18 08:00:00,1.2374,1.2375,1.23666,1.23688,2389,2,0
2013-09-18 10:00:00,1.2369,1.23702,1.23529,1.23622,3505,2,0
2013-09-18 12:00:00,1.23622,1.2375,1.23615,1.23708,2861,1,0
2013-09-18 14:00:00,1.23709,1.23711,1.23576,1.23578,3014,1,0
2013-09-18 16:00:00,1.23578,1.23644,1.23513,1.2363,3268,3,0
2013-09-18 18:00:00,1.23627,1.23634,1.23389,1.23392,3213,1,0
2013-09-18 20:00:00,1.23389,1.23659,1.23293,1.23374,6902,1,0
2013-09-18 22:00:00,1.23374,1.23393,1.23284,1.23352,3224,1,0
2013-09-19 00:00:00,1.23356,1.2345,1.2333,1.2339,1967,1,0
2013-09-19 02:00:00,1.2339,1.23445,1.23329,1.23437,2300,2,0
2013-09-19 04:00:00,1.23438,1.23455,1.23353,1.23391,1970,3,0
2013-09-19 06:00:00,1.23391,1.23465,1.23343,1.23442,1954,1,0
2013-09-19 08:00:00,1.23443,1.23485,1.23303,1.23309,4434,1,0
2013-09-19 10:00:00,1.23308,1.23382,1.233,1.23328,4463,2,0
2013-09-19 12:00:00,1.23325,1.23345,1.23271,1.23321,3126,2,0
2013-09-19 14:00:00,1.23321,1.23477,1.23303,1.23437,4722,2,0
2013-09-19 16:00:00,1.23437,1.23506,1.23199,1.23266,5007,1,0
2013-09-19 18:00:00,1.23266,1.23277,1.23103,1.23113,2973,1,0
2013-09-19 20:00:00,1.23113,1.23194,1.2311,1.23175,1832,4,0
2013-09-19 22:00:00,1.23175,1.2323,1.23166,1.2321,1419,3,0
2013-09-20 00:00:00,1.2321,1.23234,1.23192,1.23228,874,7,0
2013-09-20 02:00:00,1.23228,1.23277,1.23205,1.23269,1777,1,0
2013-09-20 04:00:00,1.23269,1.23275,1.23225,1.23227,1302,4,0
2013-09-20 06:00:00,1.23228,1.23243,1.23209,1.23227,1289,1,0
2013-09-20 08:00:00,1.23228,1.23309,1.23169,1.23169,2754,1,0
2013-09-20 10:00:00,1.23146,1.23204,1.23119,1.23178,3220,2,0
2013-09-20 12:00:00,1.23176,1.23217,1.23123,1.23207,3432,1,0
2013-09-20 14:00:00,1.23208,1.23302,1.23138,1.23143,4340,1,0
2013-09-20 16:00:00,1.23141,1.23194,1.23105,1.23114,3777,2,0
2013-09-20 18:00:00,1.23113,1.23123,1.23026,1.23057,2529,2,0
2013-09-20 20:00:00,1.23059,1.23174,1.23047,1.23164,1796,5,0
2013-09-20 22:00:00,1.23163,1.23164,1.23105,1.23118,940,1,0
2013-09-23 00:00:00,1.23118,1.23261,1.23116,1.23261,1184,1,0
2013-09-23 02:00:00,1.23264,1.23346,1.23212,1.23318,1575,1,0
2013-09-23 04:00:00,1.23323,1.23351,1.23233,1.23249,1670,1,0
2013-09-23 06:00:00,1.23249,1.2328,1.23234,1.23249,1153,1,0
2013-09-23 08:00:00,1.23248,1.23318,1.23199,1.23302,3252,1,0
2013-09-23 10:00:00,1.23302,1.23311,1.23214,1.23277,2915,1,0
2013-09-23 12:00:00,1.23276,1.23314,1.23208,1.23245,2332,3,0
2013-09-23 14:00:00,1.23246,1.23258,1.22765,1.22982,4736,1,0
2013-09-23 16:00:00,1.22982,1.22992,1.22901,1.22933,3543,1,0
2013-09-23 18:00:00,1.22933,1.23002,1.22913,1.22949,1759,2,0
2013-09-23 20:00:00,1.22949,1.22955,1.2291,1.2292,1530,4,0
2013-09-23 22:00:00,1.22921,1.22926,1.22889,1.22907,1219,5,0
2013-09-24 00:00:00,1.22909,1.22918,1.22874,1.22884,965,1,0
2013-09-24 02:00:00,1.22883,1.22934,1.22866,1.2288,1650,3,0
2013-09-24 04:00:00,1.22878,1.22888,1.22856,1.22876,1143,5,0
2013-09-24 06:00:00,1.22878,1.2296,1.22858,1.22958,1291,1,0
2013-09-24 08:00:00,1.22957,1.23039,1.22941,1.22994,2965,1,0
2013-09-24 10:00:00,1.22988,1.23039,1.22949,1.22958,3805,1,0
2013-09-24 12:00:00,1.22964,1.22989,1.22905,1.22908,2703,2,0
2013-09-24 14:00:00,1.22909,1.22984,1.22898,1.22924,3669,1,0
2013-09-24 16:00:00,1.22925,1.22966,1.22853,1.22953,3833,1,0
2013-09-24 18:00:00,1.22952,1.23022,1.22932,1.23008,2241,2,0
2013-09-24 20:00:00,1.23008,1.2302,1.22944,1.22964,1786,3,0
2013-09-24 22:00:00,1.22964,1.23018,1.22932,1.22985,1412,1,0
2013-09-25 00:00:00,1.22987,1.23063,1.22985,1.23059,1020,1,0
2013-09-25 02:00:00,1.23057,1.23097,1.23036,1.23058,1337,2,0
2013-09-25 04:00:00,1.23058,1.23065,1.23004,1.23029,1341,1,0
2013-09-25 06:00:00,1.23029,1.23068,1.22995,1.23004,1366,2,0
2013-09-25 08:00:00,1.22997,1.23047,1.22874,1.22951,3092,1,0
2013-09-25 10:00:00,1.22949,1.23073,1.22901,1.23052,3216,3,0
2013-09-25 12:00:00,1.23051,1.23071,1.22984,1.23043,2681,2,0
2013-09-25 14:00:00,1.23044,1.23075,1.22949,1.22999,3361,2,0
2013-09-25 16:00:00,1.22999,1.23073,1.22878,1.22933,3865,2,0
2013-09-25 18:00:00,1.22932,1.23038,1.22888,1.23006,2249,1,0
2013-09-25 20:00:00,1.23005,1.23009,1.22955,1.22998,1943,2,0
2013-09-25 22:00:00,1.22998,1.2302,1.2297,1.2298,1357,2,0
2013-09-26 00:00:00,1.22981,1.23043,1.22979,1.22997,1001,4,0
2013-09-26 02:00:00,1.22999,1.23043,1.22949,1.2304,1692,1,0
2013-09-26 04:00:00,1.23039,1.23104,1.23025,1.2304,2021,1,0
2013-09-26 06:00:00,1.23037,1.23082,1.23004,1.23052,1440,4,0
2013-09-26 08:00:00,1.2305,1.23088,1.2293,1.2293,2485,1,0
2013-09-26 10:00:00,1.2293,1.22966,1.22888,1.2291,3318,2,0
2013-09-26 12:00:00,1.2291,1.2292,1.22852,1.22882,2427,1,0
2013-09-26 14:00:00,1.22882,1.2294,1.22767,1.22843,3333,1,0
2013-09-26 16:00:00,1.22845,1.22902,1.22742,1.2278,3709,1,0
2013-09-26 18:00:00,1.2278,1.22848,1.22758,1.22805,2235,1,0
2013-09-26 20:00:00,1.22804,1.22804,1.22741,1.22765,1579,3,0
2013-09-26 22:00:00,1.22764,1.22787,1.22753,1.22763,1597,2,0
2013-09-27 00:00:00,1.22762,1.22786,1.22752,1.22765,895,6,0
2013-09-27 02:00:00,1.22765,1.22776,1.2275,1.22758,1359,4,0
2013-09-27 04:00:00,1.22756,1.22756,1.22637,1.22665,1475,1,0
2013-09-27 06:00:00,1.22667,1.22685,1.22646,1.22678,1373,4,0
2013-09-27 08:00:00,1.22675,1.22742,1.22631,1.22631,2592,1,0
2013-09-27 10:00:00,1.2263,1.22679,1.22573,1.22575,3158,1,0
2013-09-27 12:00:00,1.22568,1.22634,1.22382,1.22507,3904,1,0
2013-09-27 14:00:00,1.22508,1.22534,1.22407,1.22408,4109,1,0
2013-09-27 16:00:00,1.22409,1.22514,1.22363,1.22505,3523,1,0
2013-09-27 18:00:00,1.22504,1.22508,1.22443,1.22473,2664,2,0
2013-09-27 20:00:00,1.22476,1.22485,1.22418,1.2247,2434,2,0
2013-09-27 22:00:00,1.2247,1.22519,1.22456,1.22459,813,7,0
2013-09-30 00:00:00,1.22282,1.22282,1.22164,1.22172,1666,3,0
2013-09-30 02:00:00,1.22172,1.22234,1.22165,1.22169,2439,1,0
2013-09-30 04:00:00,1.22169,1.2218,1.22147,1.2217,1789,2,0
2013-09-30 06:00:00,1.22177,1.22229,1.2217,1.22225,1476,4,0
2013-09-30 08:00:00,1.22223,1.22364,1.22174,1.2233,2929,1,0
2013-09-30 10:00:00,1.2233,1.22339,1.22159,1.22176,3126,1,0
2013-09-30 12:00:00,1.22176,1.22236,1.22162,1.22221,2539,1,0
2013-09-30 14:00:00,1.22217,1.22394,1.22205,1.22374,4304,1,0
2013-09-30 16:00:00,1.22374,1.2246,1.22349,1.22363,3912,4,0
2013-09-30 18:00:00,1.22363,1.22424,1.22322,1.22341,2509,2,0
2013-09-30 20:00:00,1.22341,1.22355,1.22242,1.22336,2125,3,0
2013-09-30 22:00:00,1.22337,1.2241,1.22317,1.22377,1903,1,0
2013-10-01 00:00:00,1.2238,1.22453,1.22348,1.2244,1239,2,0
2013-10-01 02:00:00,1.22442,1.22539,1.2243,1.2252,1601,5,0
2013-10-01 04:00:00,1.22521,1.22544,1.22336,1.22353,2183,1,0
2013-10-01 06:00:00,1.22354,1.22443,1.22237,1.22271,2378,2,0
2013-10-01 08:00:00,1.22273,1.22403,1.22167,1.22248,4257,1,0
2013-10-01 10:00:00,1.2225,1.2252,1.22199,1.22483,4504,2,0
2013-10-01 12:00:00,1.22483,1.22512,1.22418,1.2251,2757,1,0
2013-10-01 14:00:00,1.2251,1.22615,1.22467,1.22546,4043,3,0
2013-10-01 16:00:00,1.22536,1.22674,1.22528,1.2267,4366,1,0
2013-10-01 18:00:00,1.22671,1.22681,1.2254,1.22594,2553,1,0
2013-10-01 20:00:00,1.22593,1.22619,1.22502,1.22516,2126,4,0
2013-10-01 22:00:00,1.22515,1.22538,1.22464,1.22503,1645,1,0
2013-10-02 00:00:00,1.22507,1.22639,1.22485,1.22589,1365,1,0
2013-10-02 02:00:00,1.22589,1.22638,1.22556,1.22619,1969,1,0
2013-10-02 04:00:00,1.22621,1.22631,1.2255,1.22564,1303,3,0
2013-10-02 06:00:00,1.22564,1.22581,1.22508,1.22518,1415,4,0
2013-10-02 08:00:00,1.22519,1.22524,1.22335,1.22368,3231,2,0
2013-10-02 10:00:00,1.2237,1.22466,1.22347,1.22402,3372,1,0
2013-10-02 12:00:00,1.22401,1.22418,1.2232,1.22409,2737,1,0
2013-10-02 14:00:00,1.22408,1.22439,1.22229,1.22392,5851,1,0
2013-10-02 16:00:00,1.22392,1.22575,1.22352,1.22565,4053,3,0
2013-10-02 18:00:00,1.22565,1.22676,1.22517,1.22653,2903,2,0
2013-10-02 20:00:00,1.22653,1.22666,1.22557,1.22568,1797,4,0
2013-10-02 22:00:00,1.22567,1.22612,1.22536,1.22567,1742,1,0
2013-10-03 00:00:00,1.22565,1.22628,1.22552,1.22579,1541,3,0
2013-10-03 02:00:00,1.22579,1.22624,1.22538,1.22584,2040,1,0
2013-10-03 04:00:00,1.22584,1.2263,1.22568,1.22573,1990,2,0
2013-10-03 06:00:00,1.22572,1.22625,1.22541,1.22615,1244,1,0
2013-10-03 08:00:00,1.22617,1.22679,1.22577,1.22624,3403,1,0
2013-10-03 10:00:00,1.22627,1.22749,1.22617,1.22653,3424,1,0
2013-10-03 12:00:00,1.22652,1.22726,1.22609,1.2272,2516,3,0
2013-10-03 14:00:00,1.22719,1.22788,1.22617,1.22632,4141,1,0
2013-10-03 16:00:00,1.22631,1.22681,1.22351,1.22392,5350,2,0
2013-10-03 18:00:00,1.22391,1.22558,1.2232,1.22545,3609,2,0
2013-10-03 20:00:00,1.22544,1.22556,1.22418,1.22518,2065,2,0
2013-10-03 22:00:00,1.22519,1.22519,1.2245,1.22478,1322,2,0
2013-10-04 00:00:00,1.22483,1.2249,1.22433,1.22456,1323,4,0
2013-10-04 02:00:00,1.22454,1.22503,1.2243,1.22464,1948,4,0
2013-10-04 04:00:00,1.22464,1.22477,1.22372,1.22386,1687,3,0
2013-10-04 06:00:00,1.22386,1.22438,1.22363,1.22421,1341,4,0
2013-10-04 08:00:00,1.22422,1.22528,1.22365,1.2245,2693,3,0
2013-10-04 10:00:00,1.2245,1.22644,1.22447,1.22613,3598,1,0
2013-10-04 12:00:00,1.22613,1.22758,1.22597,1.22707,3041,3,0
2013-10-04 14:00:00,1.2271,1.22779,1.22659,1.22744,3397,2,0
2013-10-04 16:00:00,1.22745,1.23002,1.22697,1.22947,3972,2,0
2013-10-04 18:00:00,1.22948,1.22992,1.22883,1.2294,3509,1,0
2013-10-04 20:00:00,1.22939,1.22982,1.22902,1.22939,2045,3,0
2013-10-04 22:00:00,1.22936,1.22975,1.22918,1.2296,856,1,0
2013-10-07 00:00:00,1.22961,1.22964,1.22827,1.22847,1861,1,0
2013-10-07 02:00:00,1.2285,1.22873,1.2268,1.22689,3111,6,0
2013-10-07 04:00:00,1.22689,1.22723,1.22669,1.22719,1740,2,0
2013-10-07 06:00:00,1.22718,1.22738,1.22657,1.22661,1464,4,0
2013-10-07 08:00:00,1.22663,1.22759,1.2265,1.22686,2570,3,0
2013-10-07 10:00:00,1.22679,1.22686,1.22527,1.22595,3183,1,0
2013-10-07 12:00:00,1.22596,1.22679,1.22581,1.22662,2572,3,0
2013-10-07 14:00:00,1.22664,1.22705,1.22586,1.22649,2700,3,0
2013-10-07 16:00:00,1.22649,1.22825,1.22647,1.22802,3290,2,0
2013-10-07 18:00:00,1.22802,1.22806,1.22668,1.227,2246,2,0
2013-10-07 20:00:00,1.22699,1.22733,1.22675,1.22681,1675,2,0
2013-10-07 22:00:00,1.2268,1.2269,1.226,1.22632,1984,4,0
2013-10-08 00:00:00,1.22639,1.2265,1.22588,1.22615,1577,4,0
2013-10-08 02:00:00,1.22616,1.22689,1.22616,1.22663,1501,3,0
2013-10-08 04:00:00,1.22663,1.22689,1.2263,1.22656,1385,2,0
2013-10-08 06:00:00,1.22657,1.22771,1.22646,1.2273,1751,2,0
2013-10-08 08:00:00,1.22732,1.22908,1.22724,1.22899,2345,1,0
2013-10-08 10:00:00,1.22893,1.22945,1.22798,1.22939,2778,1,0
2013-10-08 12:00:00,1.22939,1.22944,1.22752,1.22766,2213,1,0
2013-10-08 14:00:00,1.22764,1.22929,1.22761,1.22825,3164,4,0
2013-10-08 16:00:00,1.22825,1.22886,1.22738,1.22784,3679,3,0
2013-10-08 18:00:00,1.22782,1.22794,1.22641,1.22689,2469,2,0
2013-10-08 20:00:00,1.22691,1.22733,1.22682,1.22715,1950,4,0
2013-10-08 22:00:00,1.22714,1.2272,1.22665,1.22698,1379,2,0
2013-10-09 00:00:00,1.22698,1.22699,1.22618,1.22659,1521,1,0
2013-10-09 02:00:00,1.22659,1.2288,1.22659,1.22854,2100,1,0
2013-10-09 04:00:00,1.22853,1.22919,1.22851,1.22918,1546,2,0
2013-10-09 06:00:00,1.22916,1.22942,1.22859,1.22893,1446,4,0
2013-10-09 08:00:00,1.22891,1.2297,1.22836,1.22923,3801,2,0
2013-10-09 10:00:00,1.22921,1.23129,1.22921,1.23046,3632,1,0
2013-10-09 12:00:00,1.23044,1.23086,1.22946,1.23076,2793,1,0
2013-10-09 14:00:00,1.2309,1.23199,1.23037,1.23133,3459,2,0
2013-10-09 16:00:00,1.23135,1.23135,1.22948,1.23026,3329,2,0
2013-10-09 18:00:00,1.23025,1.23082,1.22947,1.23068,2347,2,0
2013-10-09 20:00:00,1.23067,1.23172,1.23048,1.23088,3780,1,0
2013-10-09 22:00:00,1.23088,1.23104,1.23016,1.23065,1866,2,0
2013-10-10 00:00:00,1.23073,1.23122,1.23054,1.23103,1636,1,0
2013-10-10 02:00:00,1.23105,1.23168,1.23098,1.23158,1303,3,0
2013-10-10 04:00:00,1.23158,1.23212,1.23114,1.23124,1505,1,0
2013-10-10 06:00:00,1.23124,1.23161,1.2306,1.23095,1332,1,0
2013-10-10 08:00:00,1.23095,1.23122,1.23016,1.23022,2320,1,0
2013-10-10 10:00:00,1.23022,1.23172,1.23019,1.23162,2652,2,0
2013-10-10 12:00:00,1.23162,1.23194,1.2307,1.23108,2212,2,0
2013-10-10 14:00:00,1.23111,1.23282,1.23047,1.23186,3501,2,0
2013-10-10 16:00:00,1.23195,1.2326,1.23118,1.23232,3197,1,0
2013-10-10 18:00:00,1.23233,1.23289,1.23229,1.2326,1736,3,0
2013-10-10 20:00:00,1.23258,1.23268,1.23202,1.23245,1840,4,0
2013-10-10 22:00:00,1.23245,1.23263,1.23208,1.23229,1236,3,0
2013-10-11 00:00:00,1.23242,1.23257,1.23113,1.23223,1433,4,0
2013-10-11 02:00:00,1.23226,1.2327,1.23181,1.23259,1384,3,0
2013-10-11 04:00:00,1.23261,1.23292,1.23228,1.23287,1702,4,0
2013-10-11 06:00:00,1.23287,1.2329,1.23232,1.23232,1247,3,0
2013-10-11 08:00:00,1.23232,1.23267,1.23149,1.2317,2445,1,0
2013-10-11 10:00:00,1.2317,1.23231,1.23152,1.232,2596,3,0
2013-10-11 12:00:00,1.23202,1.23219,1.23151,1.23192,1778,3,0
2013-10-11 14:00:00,1.23193,1.23329,1.23119,1.2332,2874,3,0
2013-10-11 16:00:00,1.23317,1.23439,1.23315,1.23428,3732,2,0
2013-10-11 18:00:00,1.23428,1.23497,1.2339,1.23481,2472,4,0
2013-10-11 20:00:00,1.2348,1.23532,1.2348,1.23498,1543,5,0
2013-10-11 22:00:00,1.23497,1.23526,1.23454,1.2347,1051,2,0
2013-10-14 00:00:00,1.23317,1.23386,1.23287,1.23357,1429,1,0
2013-10-14 02:00:00,1.23358,1.23406,1.23343,1.23402,1319,1,0
2013-10-14 04:00:00,1.23401,1.23411,1.23354,1.23391,958,3,0
2013-10-14 06:00:00,1.23393,1.2342,1.2337,1.23412,1032,1,0
2013-10-14 08:00:00,1.23414,1.23588,1.23369,1.23532,1902,3,0
2013-10-14 10:00:00,1.23519,1.23584,1.23358,1.23371,2333,1,0
2013-10-14 12:00:00,1.23372,1.23454,1.23358,1.23374,1604,3,0
2013-10-14 14:00:00,1.23378,1.23378,1.23219,1.23257,2491,3,0
2013-10-14 16:00:00,1.23259,1.2335,1.23225,1.23329,2232,5,0
2013-10-14 18:00:00,1.23329,1.23437,1.23278,1.23399,1909,3,0
2013-10-14 20:00:00,1.234,1.23466,1.23383,1.23432,1761,1,0
2013-10-14 22:00:00,1.23431,1.23483,1.23417,1.23454,1727,5,0
2013-10-15 00:00:00,1.23462,1.23539,1.23445,1.23534,1317,3,0
2013-10-15 02:00:00,1.23533,1.23536,1.2347,1.2347,1319,4,0
2013-10-15 04:00:00,1.2347,1.23503,1.23448,1.23483,1156,2,0
2013-10-15 06:00:00,1.23484,1.23503,1.23443,1.23454,1044,6,0
2013-10-15 08:00:00,1.23452,1.23461,1.23347,1.23401,2387,4,0
2013-10-15 10:00:00,1.23401,1.23714,1.23355,1.23629,4067,1,0
2013-10-15 12:00:00,1.23629,1.23751,1.23607,1.23621,3414,1,0
2013-10-15 14:00:00,1.23621,1.2366,1.23476,1.23541,3665,1,0
2013-10-15 16:00:00,1.23544,1.23635,1.23463,1.23508,3887,1,0
2013-10-15 18:00:00,1.23508,1.2359,1.23474,1.23519,2384,3,0
2013-10-15 20:00:00,1.23521,1.23543,1.23398,1.23435,2946,4,0
2013-10-15 22:00:00,1.23432,1.23447,1.23374,1.23412,1711,2,0
2013-10-16 00:00:00,1.23409,1.23562,1.2337,1.23537,1250,3,0
2013-10-16 02:00:00,1.23535,1.2359,1.23504,1.23558,1574,2,0
2013-10-16 04:00:00,1.23558,1.23625,1.23488,1.23601,1447,3,0
2013-10-16 06:00:00,1.23602,1.23626,1.23519,1.23536,1050,2,0
2013-10-16 08:00:00,1.23536,1.23569,1.23422,1.23492,2124,2,0
2013-10-16 10:00:00,1.23493,1.23516,1.23394,1.23436,3062,2,0
2013-10-16 12:00:00,1.23436,1.23474,1.23369,1.23436,3032,1,0
2013-10-16 14:00:00,1.23436,1.23653,1.23393,1.23637,3448,1,0
2013-10-16 16:00:00,1.23636,1.23669,1.23487,1.23605,5085,2,0
2013-10-16 18:00:00,1.23604,1.23671,1.23546,1.2355,4063,1,0
2013-10-16 20:00:00,1.23553,1.23617,1.2355,1.23602,2234,2,0
2013-10-16 22:00:00,1.23602,1.23662,1.23566,1.23608,1502,7,0
2013-10-17 00:00:00,1.23607,1.23632,1.23566,1.23624,1354,5,0
2013-10-17 02:00:00,1.23623,1.2363,1.23572,1.23612,1544,5,0
2013-10-17 04:00:00,1.23611,1.23626,1.23555,1.23566,1531,4,0
2013-10-17 06:00:00,1.23566,1.23604,1.23526,1.23528,1341,6,0
2013-10-17 08:00:00,1.23528,1.23594,1.23287,1.23308,3615,1,0
2013-10-17 10:00:00,1.23306,1.23355,1.23188,1.23273,4564,1,0
2013-10-17 12:00:00,1.23273,1.23381,1.23107,1.23289,3318,1,0
2013-10-17 14:00:00,1.23289,1.23387,1.23205,1.23275,4339,1,0
2013-10-17 16:00:00,1.23272,1.23393,1.23239,1.2335,4085,1,0
2013-10-17 18:00:00,1.23349,1.23389,1.23331,1.23366,2370,3,0
2013-10-17 20:00:00,1.23364,1.23416,1.23324,1.23407,2030,3,0
2013-10-17 22:00:00,1.23409,1.23421,1.23363,1.23389,1951,3,0
2013-10-18 00:00:00,1.23389,1.23448,1.2338,1.23445,1128,3,0
2013-10-18 02:00:00,1.23446,1.23455,1.23421,1.23426,1414,6,0
2013-10-18 04:00:00,1.23426,1.23437,1.23395,1.23408,1554,5,0
2013-10-18 06:00:00,1.23409,1.23426,1.23387,1.23413,1154,7,0
2013-10-18 08:00:00,1.23413,1.23512,1.23402,1.23444,3027,1,0
2013-10-18 10:00:00,1.23441,1.23494,1.23408,1.23488,2882,3,0
2013-10-18 12:00:00,1.23488,1.23512,1.23364,1.2343,3223,2,0
2013-10-18 14:00:00,1.23431,1.23508,1.23426,1.23476,2502,2,0
2013-10-18 16:00:00,1.23476,1.23516,1.2341,1.23416,2661,1,0
2013-10-18 18:00:00,1.23417,1.23461,1.2337,1.23401,1591,1,0
2013-10-18 20:00:00,1.23401,1.23461,1.23382,1.2342,1514,5,0
2013-10-18 22:00:00,1.23418,1.23452,1.23394,1.23395,902,5,0
2013-10-21 00:00:00,1.234,1.23456,1.23356,1.23426,1522,1,0
2013-10-21 02:00:00,1.23426,1.23518,1.23426,1.23512,1629,2,0
2013-10-21 04:00:00,1.23517,1.23517,1.23465,1.23493,1450,2,0
2013-10-21 06:00:00,1.23496,1.23512,1.23452,1.23473,1160,4,0
2013-10-21 08:00:00,1.23475,1.23563,1.23475,1.23526,2346,2,0
2013-10-21 10:00:00,1.23526,1.23558,1.23511,1.23548,2155,4,0
2013-10-21 12:00:00,1.2355,1.23574,1.2349,1.23528,1994,1,0
2013-10-21 14:00:00,1.2353,1.23534,1.23428,1.23469,2459,2,0
2013-10-21 16:00:00,1.23472,1.23486,1.2328,1.23299,2442,2,0
2013-10-21 18:00:00,1.23299,1.23361,1.23229,1.23347,1747,1,0
2013-10-21 20:00:00,1.23347,1.23394,1.23334,1.23391,1464,6,0
2013-10-21 22:00:00,1.2339,1.23404,1.23366,1.23387,1581,3,0
2013-10-22 00:00:00,1.23389,1.23414,1.23374,1.23403,1089,4,0
2013-10-22 02:00:00,1.23403,1.23448,1.23398,1.23442,1168,5,0
2013-10-22 04:00:00,1.23441,1.23454,1.23429,1.23448,1109,8,0
2013-10-22 06:00:00,1.23449,1.23467,1.23422,1.23428,1189,5,0
2013-10-22 08:00:00,1.23428,1.23492,1.23419,1.23487,1733,3,0
2013-10-22 10:00:00,1.23488,1.23539,1.23469,1.2352,1849,3,0
2013-10-22 12:00:00,1.2352,1.23535,1.23476,1.23534,1596,3,0
2013-10-22 14:00:00,1.23531,1.23639,1.23122,1.23588,4943,1,0
2013-10-22 16:00:00,1.23585,1.2363,1.23256,1.233,3983,1,0
2013-10-22 18:00:00,1.233,1.23352,1.23287,1.2331,2154,3,0
2013-10-22 20:00:00,1.23312,1.23341,1.23294,1.23324,1716,5,0
2013-10-22 22:00:00,1.23332,1.23338,1.23286,1.23318,1601,4,0
2013-10-23 00:00:00,1.23314,1.2334,1.23297,1.23314,1084,5,0
2013-10-23 02:00:00,1.23312,1.23334,1.23296,1.23312,1794,5,0
2013-10-23 04:00:00,1.23315,1.23349,1.23308,1.23329,2096,2,0
2013-10-23 06:00:00,1.23329,1.23334,1.23236,1.23283,2525,3,0
2013-10-23 08:00:00,1.23283,1.23302,1.23202,1.23209,3213,1,0
2013-10-23 10:00:00,1.23211,1.23219,1.23054,1.23152,2980,1,0
2013-10-23 12:00:00,1.23152,1.23162,1.22994,1.23,3018,2,0
2013-10-23 14:00:00,1.23,1.23126,1.22933,1.22957,3430,2,0
2013-10-23 16:00:00,1.22957,1.23002,1.22821,1.22945,4066,2,0
2013-10-23 18:00:00,1.22946,1.2297,1.22877,1.22931,2568,4,0
2013-10-23 20:00:00,1.22934,1.22943,1.22892,1.22899,1456,4,0
2013-10-23 22:00:00,1.229,1.22953,1.2289,1.2292,1700,3,0
2013-10-24 00:00:00,1.2292,1.22966,1.229,1.22966,1034,2,0
2013-10-24 02:00:00,1.22966,1.2301,1.22889,1.22939,2120,1,0
2013-10-24 04:00:00,1.2294,1.22996,1.22937,1.22957,1762,3,0
2013-10-24 06:00:00,1.22958,1.2308,1.22953,1.23072,1363,5,0
2013-10-24 08:00:00,1.23071,1.2312,1.2294,1.22971,3619,1,0
2013-10-24 10:00:00,1.22971,1.22991,1.2285,1.22983,2836,1,0
2013-10-24 12:00:00,1.22982,1.23048,1.22926,1.23048,2320,2,0
2013-10-24 14:00:00,1.23042,1.23068,1.22909,1.2297,3967,1,0
2013-10-24 16:00:00,1.22968,1.23163,1.22926,1.23131,3321,3,0
2013-10-24 18:00:00,1.23131,1.23181,1.23064,1.23154,2382,1,0
2013-10-24 20:00:00,1.23155,1.23166,1.23045,1.23122,2043,3,0
2013-10-24 22:00:00,1.23126,1.2315,1.23044,1.23145,1293,4,0
2013-10-25 00:00:00,1.23149,1.23168,1.23141,1.23166,864,7,0
2013-10-25 02:00:00,1.23166,1.23167,1.23071,1.23081,1585,4,0
2013-10-25 04:00:00,1.23082,1.23111,1.23058,1.23075,1553,2,0
2013-10-25 06:00:00,1.23075,1.23081,1.22991,1.23049,2445,1,0
2013-10-25 08:00:00,1.23048,1.23118,1.23014,1.23102,2279,2,0
2013-10-25 10:00:00,1.23103,1.23395,1.23089,1.23357,3811,1,0
2013-10-25 12:00:00,1.23356,1.23475,1.23299,1.23456,3051,1,0
2013-10-25 14:00:00,1.23462,1.23488,1.23296,1.23318,3573,2,0
2013-10-25 16:00:00,1.23318,1.2339,1.2325,1.23305,3385,2,0
2013-10-25 18:00:00,1.23308,1.23313,1.23259,1.23285,2107,1,0
2013-10-25 20:00:00,1.23285,1.23309,1.23195,1.23208,1679,4,0
2013-10-25 22:00:00,1.23209,1.23224,1.23168,1.23168,1001,7,0
2013-10-28 00:00:00,1.23225,1.23308,1.23182,1.23292,1258,6,0
2013-10-28 02:00:00,1.2329,1.23312,1.2326,1.233,1294,2,0
2013-10-28 04:00:00,1.23301,1.23344,1.23287,1.23317,1460,3,0
2013-10-28 06:00:00,1.23317,1.23341,1.23272,1.23336,1416,5,0
2013-10-28 08:00:00,1.23334,1.23431,1.23315,1.23424,2330,1,0
2013-10-28 10:00:00,1.23426,1.23484,1.23352,1.23428,2429,1,0
2013-10-28 12:00:00,1.23428,1.23436,1.23312,1.23408,2471,2,0
2013-10-28 14:00:00,1.23407,1.23472,1.23304,1.23321,3098,2,0
2013-10-28 16:00:00,1.23321,1.23471,1.23302,1.23462,2566,1,0
2013-10-28 18:00:00,1.23462,1.23475,1.23443,1.23461,2340,3,0
2013-10-28 20:00:00,1.23461,1.2349,1.23451,1.23472,1869,7,0
2013-10-28 22:00:00,1.23472,1.23498,1.23454,1.23479,1292,6,0
2013-10-29 00:00:00,1.23479,1.23559,1.23443,1.2348,2474,1,0
2013-10-29 02:00:00,1.2348,1.23553,1.23468,1.23514,1700,3,0
2013-10-29 04:00:00,1.23514,1.23514,1.23419,1.2343,1644,4,0
2013-10-29 06:00:00,1.2343,1.23442,1.23371,1.23431,1824,4,0
2013-10-29 08:00:00,1.23434,1.23588,1.234,1.23563,3043,1,0
2013-10-29 10:00:00,1.23563,1.2361,1.23512,1.23519,3038,1,0
2013-10-29 12:00:00,1.23519,1.23592,1.23489,1.23517,3176,1,0
2013-10-29 14:00:00,1.23516,1.23599,1.23442,1.23561,4192,1,0
2013-10-29 16:00:00,1.23559,1.23713,1.23542,1.23608,5104,2,0
2013-10-29 18:00:00,1.23608,1.23614,1.23534,1.23538,2329,2,0
2013-10-29 20:00:00,1.23538,1.23564,1.2353,1.23548,1846,4,0
2013-10-29 22:00:00,1.23547,1.23568,1.23531,1.23553,1546,5,0
2013-10-30 00:00:00,1.23555,1.2369,1.23546,1.23653,1687,5,0
2013-10-30 02:00:00,1.23653,1.23699,1.2364,1.23694,2135,3,0
2013-10-30 04:00:00,1.23692,1.23703,1.23668,1.23689,1849,3,0
2013-10-30 06:00:00,1.23688,1.23703,1.23597,1.23629,1659,3,0
2013-10-30 08:00:00,1.23627,1.23693,1.2358,1.23604,2802,2,0
2013-10-30 10:00:00,1.23606,1.23611,1.23508,1.23513,2517,2,0
2013-10-30 12:00:00,1.2352,1.23523,1.23365,1.2347,2619,1,0
2013-10-30 14:00:00,1.23481,1.23513,1.23425,1.23468,3219,3,0
2013-10-30 16:00:00,1.23468,1.23549,1.23376,1.23387,2871,1,0
2013-10-30 18:00:00,1.23388,1.23598,1.23325,1.23505,4852,1,0
2013-10-30 20:00:00,1.23505,1.23541,1.23473,1.23502,2656,3,0
2013-10-30 22:00:00,1.23502,1.23558,1.23487,1.23551,1701,3,0
2013-10-31 00:00:00,1.23551,1.23577,1.23491,1.23497,2041,1,0
2013-10-31 02:00:00,1.23498,1.23535,1.23486,1.23508,1812,4,0
2013-10-31 04:00:00,1.23505,1.23592,1.23491,1.23506,2492,1,0
2013-10-31 06:00:00,1.23508,1.23517,1.23398,1.23416,1962,4,0
2013-10-31 08:00:00,1.23414,1.23451,1.23333,1.23334,2621,1,0
2013-10-31 10:00:00,1.23332,1.23347,1.23272,1.23328,4135,2,0
2013-10-31 12:00:00,1.23334,1.23433,1.23296,1.23356,4049,1,0
2013-10-31 14:00:00,1.23356,1.23395,1.23243,1.23251,5092,1,0
2013-10-31 16:00:00,1.23253,1.23271,1.23056,1.23066,4589,1,0
2013-10-31 18:00:00,1.23067,1.23106,1.22998,1.23054,2438,1,0
2013-10-31 20:00:00,1.23051,1.23207,1.23046,1.23167,2497,1,0
2013-10-31 22:00:00,1.23168,1.23262,1.2316,1.2324,1514,1,0
2013-11-01 00:00:00,1.23238,1.23263,1.23069,1.23069,2908,1,0
2013-11-01 02:00:00,1.23069,1.23126,1.23033,1.23104,3306,1,0
2013-11-01 04:00:00,1.23101,1.23123,1.23026,1.23047,2042,2,0
2013-11-01 06:00:00,1.23046,1.23061,1.22985,1.2302,1629,4,0
2013-11-01 08:00:00,1.2302,1.23252,1.23007,1.23148,4182,1,0
2013-11-01 10:00:00,1.23149,1.23183,1.22971,1.22997,2851,1,0
2013-11-01 12:00:00,1.22997,1.23133,1.22979,1.23088,3319,2,0
2013-11-01 14:00:00,1.23088,1.23198,1.23044,1.23119,4269,2,0
2013-11-01 16:00:00,1.2312,1.23205,1.23048,1.23088,3438,3,0
2013-11-01 18:00:00,1.23086,1.23126,1.23056,1.23113,2471,4,0
2013-11-01 20:00:00,1.23114,1.23166,1.23014,1.2302,2270,1,0
2013-11-01 22:00:00,1.23017,1.23017,1.23017,1.23017,1,58,0
2013-11-04 00:00:00,1.23064,1.23121,1.2305,1.23078,1394,3,0
2013-11-04 02:00:00,1.23078,1.2313,1.23055,1.23127,1364,1,0
2013-11-04 04:00:00,1.23128,1.23132,1.23023,1.23054,1723,1,0
2013-11-04 06:00:00,1.23055,1.23105,1.23038,1.23089,1117,4,0
2013-11-04 08:00:00,1.23088,1.23169,1.2307,1.23169,2362,6,0
2013-11-04 10:00:00,1.23167,1.23205,1.23148,1.23167,2073,6,0
2013-11-04 12:00:00,1.23169,1.23251,1.2315,1.23199,1810,6,0
2013-11-04 14:00:00,1.23199,1.23252,1.23114,1.23191,2466,6,0
2013-11-04 16:00:00,1.23191,1.23193,1.23033,1.23082,3117,6,0
2013-11-04 18:00:00,1.23083,1.23086,1.22964,1.23008,1569,6,0
2013-11-04 20:00:00,1.23008,1.23017,1.22922,1.22934,1699,2,0
2013-11-04 22:00:00,1.22935,1.22966,1.22922,1.22958,1382,4,0
2013-11-05 00:00:00,1.22961,1.23,1.2295,1.22986,1237,2,0
2013-11-05 02:00:00,1.22983,1.22989,1.22945,1.22964,1836,1,0
2013-11-05 04:00:00,1.22964,1.22967,1.2292,1.2292,1650,2,0
2013-11-05 06:00:00,1.2292,1.23009,1.22917,1.23001,1456,3,0
2013-11-05 08:00:00,1.23001,1.23159,1.22987,1.23042,3053,1,0
2013-11-05 10:00:00,1.23042,1.23066,1.22895,1.22998,3697,1,0
2013-11-05 12:00:00,1.23,1.23025,1.22953,1.22961,1810,1,0
2013-11-05 14:00:00,1.22961,1.23,1.229,1.22968,3885,1,0
2013-11-05 16:00:00,1.22968,1.23033,1.22873,1.22919,4184,1,0
2013-11-05 18:00:00,1.2292,1.22986,1.2289,1.22976,2439,2,0
2013-11-05 20:00:00,1.22979,1.23106,1.22948,1.23091,2326,4,0
2013-11-05 22:00:00,1.23091,1.23103,1.23041,1.23068,1245,3,0
2013-11-06 00:00:00,1.2307,1.231,1.23064,1.23086,1189,1,0
2013-11-06 02:00:00,1.23085,1.2311,1.23065,1.23092,1385,6,0
2013-11-06 04:00:00,1.23092,1.23177,1.23073,1.23151,2007,2,0
2013-11-06 06:00:00,1.23151,1.2316,1.23072,1.23078,1487,3,0
2013-11-06 08:00:00,1.23081,1.23146,1.23047,1.23127,2213,2,0
2013-11-06 10:00:00,1.23128,1.23212,1.23073,1.23192,2309,1,0
2013-11-06 12:00:00,1.23189,1.23223,1.23173,1.2319,2153,3,0
2013-11-06 14:00:00,1.23189,1.23266,1.23119,1.23235,2546,1,0
2013-11-06 16:00:00,1.23238,1.23282,1.23185,1.23244,3707,2,0
2013-11-06 18:00:00,1.23245,1.23271,1.23201,1.23242,2021,2,0
2013-11-06 20:00:00,1.23239,1.23294,1.23232,1.23284,1572,4,0
2013-11-06 22:00:00,1.23282,1.2329,1.23208,1.23249,1412,1,0
2013-11-07 00:00:00,1.23248,1.23281,1.23225,1.23247,1727,2,0
2013-11-07 02:00:00,1.23251,1.23283,1.23222,1.23233,1695,3,0
2013-11-07 04:00:00,1.23233,1.23238,1.23213,1.23223,1291,1,0
2013-11-07 06:00:00,1.23223,1.23282,1.23219,1.23279,1573,2,0
2013-11-07 08:00:00,1.23281,1.2334,1.23204,1.23333,2193,2,0
2013-11-07 10:00:00,1.23332,1.23358,1.23299,1.23325,2280,1,0
2013-11-07 12:00:00,1.23325,1.23369,1.22946,1.2298,3525,1,0
2013-11-07 14:00:00,1.22984,1.23104,1.22915,1.23049,7447,1,0
2013-11-07 16:00:00,1.23047,1.23055,1.22844,1.22977,5875,1,0
2013-11-07 18:00:00,1.22975,1.22999,1.2285,1.22869,4358,2,0
2013-11-07 20:00:00,1.22868,1.22989,1.22828,1.22891,3403,3,0
2013-11-07 22:00:00,1.22895,1.22939,1.22873,1.22877,2159,3,0
2013-11-08 00:00:00,1.22881,1.2298,1.2288,1.22927,2165,4,0
2013-11-08 02:00:00,1.22929,1.23052,1.22896,1.22996,2301,1,0
2013-11-08 04:00:00,1.22995,1.23011,1.2295,1.22969,1658,1,0
2013-11-08 06:00:00,1.22967,1.22997,1.22881,1.22915,2042,1,0
2013-11-08 08:00:00,1.22915,1.22985,1.22886,1.2296,2832,2,0
2013-11-08 10:00:00,1.22958,1.23035,1.2295,1.23034,2701,1,0
2013-11-08 12:00:00,1.23035,1.23052,1.22981,1.23008,1969,3,0
2013-11-08 14:00:00,1.23008,1.2312,1.22948,1.23048,6738,1,0
2013-11-08 16:00:00,1.2305,1.23183,1.23049,1.23155,5145,1,0
2013-11-08 18:00:00,1.23156,1.23191,1.23147,1.23186,2587,1,0
2013-11-08 20:00:00,1.23185,1.23223,1.23165,1.23179,1953,3,0
2013-11-08 22:00:00,1.23178,1.23196,1.23117,1.23118,1218,1,0
2013-11-11 00:00:00,1.23184,1.23212,1.23155,1.2317,1433,1,0
2013-11-11 02:00:00,1.23166,1.23238,1.23155,1.23229,1370,1,0
2013-11-11 04:00:00,1.23229,1.23256,1.23213,1.2323,1419,1,0
2013-11-11 06:00:00,1.23229,1.23254,1.23215,1.23247,1562,5,0
2013-11-11 08:00:00,1.23246,1.23311,1.23234,1.23249,2208,3,0
2013-11-11 10:00:00,1.23248,1.23273,1.23199,1.23217,2630,3,0
2013-11-11 12:00:00,1.23217,1.23284,1.23187,1.23271,1886,1,0
2013-11-11 14:00:00,1.23274,1.23324,1.23259,1.23283,2201,1,0
2013-11-11 16:00:00,1.23283,1.23292,1.23231,1.23273,2312,2,0
2013-11-11 18:00:00,1.23273,1.23331,1.23267,1.23267,2115,2,0
2013-11-11 20:00:00,1.23267,1.23288,1.2325,1.2328,1365,3,0
2013-11-11 22:00:00,1.23279,1.23294,1.23248,1.2328,1726,3,0
2013-11-12 00:00:00,1.23279,1.2331,1.23262,1.23287,1513,1,0
2013-11-12 02:00:00,1.23285,1.23342,1.23281,1.2334,1660,2,0
2013-11-12 04:00:00,1.2334,1.23346,1.23282,1.23305,1638,1,0
2013-11-12 06:00:00,1.23306,1.23351,1.23286,1.2335,1503,5,0
2013-11-12 08:00:00,1.2335,1.23376,1.23286,1.23317,3622,1,0
2013-11-12 10:00:00,1.23317,1.23338,1.23165,1.23256,4368,1,0
2013-11-12 12:00:00,1.23256,1.23276,1.23205,1.23244,3000,1,0
2013-11-12 14:00:00,1.23243,1.23282,1.23159,1.23224,4573,2,0
2013-11-12 16:00:00,1.23224,1.23265,1.23133,1.23216,4071,2,0
2013-11-12 18:00:00,1.23214,1.23282,1.23202,1.23257,2601,1,0
2013-11-12 20:00:00,1.23257,1.23286,1.23222,1.23242,2059,3,0
2013-11-12 22:00:00,1.23241,1.23285,1.23228,1.2326,1111,5,0
2013-11-13 00:00:00,1.23265,1.23296,1.23231,1.23253,1429,3,0
2013-11-13 02:00:00,1.23253,1.23287,1.23222,1.23284,2070,2,0
2013-11-13 04:00:00,1.23283,1.23299,1.23259,1.23272,1276,6,0
2013-11-13 06:00:00,1.23272,1.2328,1.2324,1.23271,1300,6,0
2013-11-13 08:00:00,1.23272,1.23298,1.23183,1.23212,2592,1,0
2013-11-13 10:00:00,1.23211,1.23212,1.23159,1.23194,2960,2,0
2013-11-13 12:00:00,1.23194,1.23203,1.23158,1.23174,2506,3,0
2013-11-13 14:00:00,1.23176,1.23232,1.23138,1.23214,4291,2,0
2013-11-13 16:00:00,1.23213,1.23229,1.23159,1.23195,4365,1,0
2013-11-13 18:00:00,1.23195,1.23243,1.23162,1.23226,2656,2,0
2013-11-13 20:00:00,1.23226,1.23226,1.23157,1.23187,2241,2,0
2013-11-13 22:00:00,1.23186,1.23246,1.23134,1.2322,3194,1,0
2013-11-14 00:00:00,1.23218,1.23276,1.23189,1.23263,2214,1,0
2013-11-14 02:00:00,1.23263,1.23286,1.23186,1.23211,2490,1,0
2013-11-14 04:00:00,1.23211,1.2325,1.23196,1.23244,1717,3,0
2013-11-14 06:00:00,1.23244,1.23264,1.2322,1.23261,1550,3,0
2013-11-14 08:00:00,1.23252,1.23313,1.23247,1.23306,2762,1,0
2013-11-14 10:00:00,1.23305,1.23324,1.23247,1.23279,3296,1,0
2013-11-14 12:00:00,1.23279,1.23357,1.23273,1.23337,2994,2,0
2013-11-14 14:00:00,1.23337,1.23374,1.23313,1.23337,3149,1,0
2013-11-14 16:00:00,1.23347,1.23378,1.23205,1.23259,4487,3,0
2013-11-14 18:00:00,1.23258,1.23333,1.23213,1.23316,3081,2,0
2013-11-14 20:00:00,1.23318,1.23332,1.23281,1.23285,2159,4,0
2013-11-14 22:00:00,1.23284,1.23369,1.23271,1.23352,1337,3,0
2013-11-15 00:00:00,1.23352,1.23449,1.23339,1.23432,1578,2,0
2013-11-15 02:00:00,1.2343,1.23455,1.23422,1.23446,1506,5,0
2013-11-15 04:00:00,1.23445,1.23467,1.2343,1.23462,1568,2,0
2013-11-15 06:00:00,1.23461,1.23465,1.23384,1.23393,1486,5,0
2013-11-15 08:00:00,1.23396,1.23509,1.23383,1.23473,2561,1,0
2013-11-15 10:00:00,1.23469,1.23493,1.23431,1.23492,2722,3,0
2013-11-15 12:00:00,1.23492,1.23498,1.23428,1.23453,2157,3,0
2013-11-15 14:00:00,1.23452,1.23459,1.23278,1.23322,4016,1,0
2013-11-15 16:00:00,1.23321,1.23397,1.23319,1.23374,3075,1,0
2013-11-15 18:00:00,1.23372,1.23433,1.23348,1.23426,1670,3,0
2013-11-15 20:00:00,1.23426,1.23462,1.23409,1.23426,1671,6,0
2013-11-15 22:00:00,1.23428,1.2347,1.23416,1.23451,957,5,0
2013-11-18 00:00:00,1.23431,1.23445,1.23405,1.23432,1351,1,0
2013-11-18 02:00:00,1.23432,1.23454,1.23424,1.23433,1562,4,0
2013-11-18 04:00:00,1.23433,1.23434,1.23383,1.23391,1600,5,0
2013-11-18 06:00:00,1.23392,1.23411,1.23361,1.23395,1890,4,0
2013-11-18 08:00:00,1.23397,1.2343,1.23294,1.23303,2372,3,0
2013-11-18 10:00:00,1.23304,1.23326,1.23251,1.23309,2831,1,0
2013-11-18 12:00:00,1.23313,1.23344,1.23259,1.23267,2285,1,0
2013-11-18 14:00:00,1.23267,1.23295,1.23179,1.23209,3569,1,0
2013-11-18 16:00:00,1.23207,1.23343,1.23163,1.23313,2971,1,0
2013-11-18 18:00:00,1.23311,1.23388,1.23299,1.23346,2508,2,0
2013-11-18 20:00:00,1.23351,1.23372,1.23254,1.23281,2660,1,0
2013-11-18 22:00:00,1.23284,1.23299,1.23255,1.23263,1282,2,0
2013-11-19 00:00:00,1.23261,1.2328,1.23237,1.23249,1440,5,0
2013-11-19 02:00:00,1.23248,1.23267,1.23207,1.23224,1703,1,0
2013-11-19 04:00:00,1.23224,1.23281,1.23199,1.23265,1467,4,0
2013-11-19 06:00:00,1.23261,1.23302,1.23249,1.23264,1643,6,0
2013-11-19 08:00:00,1.23264,1.2336,1.23239,1.23316,3556,2,0
2013-11-19 10:00:00,1.2332,1.23353,1.23292,1.23345,3043,1,0
2013-11-19 12:00:00,1.23348,1.23378,1.233,1.23314,2514,2,0
2013-11-19 14:00:00,1.23314,1.23337,1.23236,1.23252,3189,2,0
2013-11-19 16:00:00,1.23254,1.23353,1.23239,1.23313,3824,3,0
2013-11-19 18:00:00,1.23311,1.23334,1.23271,1.23328,2520,3,0
2013-11-19 20:00:00,1.23329,1.23341,1.2329,1.2331,1943,2,0
2013-11-19 22:00:00,1.23308,1.23356,1.23303,1.2332,2157,4,0
2013-11-20 00:00:00,1.2332,1.23402,1.23238,1.23329,3039,1,0
2013-11-20 02:00:00,1.23328,1.23354,1.23281,1.23297,2072,1,0
2013-11-20 04:00:00,1.23296,1.23316,1.23285,1.23309,1588,7,0
2013-11-20 06:00:00,1.23308,1.23321,1.23291,1.233,1803,5,0
2013-11-20 08:00:00,1.23298,1.23305,1.23177,1.23199,2351,2,0
2013-11-20 10:00:00,1.23199,1.23258,1.23159,1.23173,2902,1,0
2013-11-20 12:00:00,1.23175,1.23246,1.2317,1.2322,2356,3,0
2013-11-20 14:00:00,1.2322,1.23297,1.23202,1.23224,3538,1,0
2013-11-20 16:00:00,1.23219,1.23232,1.231,1.23195,5464,1,0
2013-11-20 18:00:00,1.23194,1.23269,1.23151,1.23261,3608,4,0
2013-11-20 20:00:00,1.23261,1.23309,1.23059,1.23063,4691,2,0
2013-11-20 22:00:00,1.23061,1.23158,1.23061,1.23124,1347,2,0
2013-11-21 00:00:00,1.23126,1.23207,1.23112,1.23171,1902,3,0
2013-11-21 02:00:00,1.23172,1.23221,1.23124,1.23143,1873,4,0
2013-11-21 04:00:00,1.23143,1.23164,1.23115,1.23118,1596,5,0
2013-11-21 06:00:00,1.2312,1.23219,1.23115,1.2319,1925,1,0
2013-11-21 08:00:00,1.23185,1.23228,1.23076,1.232,3204,1,0
2013-11-21 10:00:00,1.232,1.23238,1.23186,1.23209,3072,1,0
2013-11-21 12:00:00,1.23211,1.2323,1.23106,1.23166,3300,1,0
2013-11-21 14:00:00,1.23164,1.23226,1.23148,1.23196,3812,3,0
2013-11-21 16:00:00,1.23196,1.23222,1.23168,1.23204,3435,3,0
2013-11-21 18:00:00,1.23207,1.23208,1.23166,1.23195,2636,5,0
2013-11-21 20:00:00,1.23195,1.23202,1.23169,1.23194,2114,3,0
2013-11-21 22:00:00,1.23189,1.23204,1.23056,1.23111,2510,1,0
2013-11-22 00:00:00,1.23111,1.23162,1.23102,1.23136,1600,2,0
2013-11-22 02:00:00,1.23134,1.23164,1.23115,1.23149,1996,1,0
2013-11-22 04:00:00,1.23149,1.23185,1.23123,1.23182,2021,1,0
2013-11-22 06:00:00,1.2318,1.2319,1.23133,1.23156,1815,1,0
2013-11-22 08:00:00,1.23158,1.23212,1.23101,1.23209,2813,1,0
2013-11-22 10:00:00,1.23205,1.23221,1.23052,1.23059,3393,2,0
2013-11-22 12:00:00,1.23059,1.23089,1.2303,1.23066,2887,2,0
2013-11-22 14:00:00,1.23066,1.23067,1.22896,1.22902,3478,1,0
2013-11-22 16:00:00,1.22904,1.2301,1.22855,1.22895,3727,1,0
2013-11-22 18:00:00,1.22897,1.2295,1.22886,1.22909,2021,1,0
2013-11-22 20:00:00,1.22909,1.22943,1.2289,1.22931,1384,1,0
2013-11-22 22:00:00,1.22926,1.23006,1.22897,1.22897,896,1,0
2013-11-25 00:00:00,1.22875,1.22948,1.22847,1.22937,1387,2,0
2013-11-25 02:00:00,1.22937,1.23073,1.22919,1.23058,1787,1,0
2013-11-25 04:00:00,1.23056,1.2307,1.23024,1.23063,1160,2,0
2013-11-25 06:00:00,1.23065,1.23081,1.23034,1.23047,1454,1,0
2013-11-25 08:00:00,1.23047,1.23076,1.22972,1.23012,2390,1,0
2013-11-25 10:00:00,1.23013,1.23065,1.22993,1.23033,2475,1,0
2013-11-25 12:00:00,1.23033,1.23112,1.23029,1.23091,2002,1,0
2013-11-25 14:00:00,1.23091,1.23129,1.23084,1.23105,3278,1,0
2013-11-25 16:00:00,1.23103,1.2323,1.23071,1.23213,3144,1,0
2013-11-25 18:00:00,1.23213,1.23289,1.2321,1.23267,1677,1,0
2013-11-25 20:00:00,1.23266,1.23288,1.23228,1.23255,1417,1,0
2013-11-25 22:00:00,1.23254,1.23261,1.23182,1.23239,1045,2,0
2013-11-26 00:00:00,1.23238,1.23258,1.23215,1.23232,1440,1,0
2013-11-26 02:00:00,1.23231,1.2329,1.23226,1.23272,1478,1,0
2013-11-26 04:00:00,1.2327,1.23284,1.23238,1.23248,1217,1,0
2013-11-26 06:00:00,1.2325,1.23272,1.23226,1.23235,1521,1,0
2013-11-26 08:00:00,1.23236,1.23248,1.23122,1.23122,2864,1,0
2013-11-26 10:00:00,1.23123,1.23186,1.23103,1.2318,2807,1,0
2013-11-26 12:00:00,1.2318,1.23191,1.23134,1.23151,1990,1,0
2013-11-26 14:00:00,1.23153,1.23211,1.23116,1.23165,3028,1,0
2013-11-26 16:00:00,1.23165,1.23192,1.23055,1.23087,3676,1,0
2013-11-26 18:00:00,1.23088,1.23124,1.23047,1.23053,2075,1,0
2013-11-26 20:00:00,1.23054,1.2306,1.23007,1.23038,1751,1,0
2013-11-26 22:00:00,1.23037,1.2307,1.22984,1.23058,1175,1,0
2013-11-27 00:00:00,1.23056,1.23097,1.23043,1.23073,2042,1,0
2013-11-27 02:00:00,1.23075,1.23109,1.23068,1.23104,1411,3,0
2013-11-27 04:00:00,1.23103,1.23151,1.23091,1.23149,1974,1,0
2013-11-27 06:00:00,1.23148,1.23164,1.23108,1.23119,2049,1,0
2013-11-27 08:00:00,1.23118,1.2314,1.23056,1.23087,2713,1,0
2013-11-27 10:00:00,1.23086,1.23142,1.23028,1.2304,3393,1,0
2013-11-27 12:00:00,1.23041,1.23074,1.2301,1.23053,2224,3,0
2013-11-27 14:00:00,1.23055,1.23191,1.23027,1.2317,3439,2,0
2013-11-27 16:00:00,1.23177,1.23302,1.23169,1.233,3433,2,0
2013-11-27 18:00:00,1.233,1.23314,1.2323,1.23301,2411,3,0
2013-11-27 20:00:00,1.233,1.23325,1.23228,1.23233,1831,5,0
2013-11-27 22:00:00,1.23232,1.23245,1.23198,1.23232,1535,4,0
2013-11-28 00:00:00,1.23235,1.23283,1.23218,1.23243,1485,4,0
2013-11-28 02:00:00,1.23242,1.23259,1.23223,1.23228,1439,2,0
2013-11-28 04:00:00,1.23228,1.23253,1.23225,1.23248,1321,6,0
2013-11-28 06:00:00,1.23248,1.23271,1.23232,1.23236,1786,4,0
2013-11-28 08:00:00,1.23236,1.23263,1.23118,1.23122,3206,3,0
2013-11-28 10:00:00,1.23122,1.23141,1.23091,1.23116,2517,2,0
2013-11-28 12:00:00,1.23114,1.23232,1.23101,1.23211,1750,1,0
2013-11-28 14:00:00,1.23213,1.23233,1.23185,1.23192,1927,2,0
2013-11-28 16:00:00,1.23193,1.23248,1.23153,1.23229,2038,3,0
2013-11-28 18:00:00,1.23235,1.23235,1.23172,1.23178,1879,2,0
2013-11-28 20:00:00,1.23178,1.23211,1.23173,1.23195,986,3,0
2013-11-28 22:00:00,1.23195,1.2322,1.23157,1.23203,1031,3,0
2013-11-29 00:00:00,1.23208,1.23247,1.23201,1.23232,1470,3,0
2013-11-29 02:00:00,1.23231,1.23247,1.23194,1.23221,1893,5,0
2013-11-29 04:00:00,1.23221,1.23257,1.23206,1.2324,1745,4,0
2013-11-29 06:00:00,1.2324,1.23248,1.23196,1.23225,1772,2,0
2013-11-29 08:00:00,1.23224,1.23318,1.23199,1.23288,2273,2,0
2013-11-29 10:00:00,1.23288,1.23292,1.23108,1.23109,3797,1,0
2013-11-29 12:00:00,1.2311,1.23119,1.22927,1.22963,3379,1,0
2013-11-29 14:00:00,1.22964,1.22998,1.22939,1.22955,3235,2,0
2013-11-29 16:00:00,1.22956,1.23087,1.22956,1.23083,3459,1,0
2013-11-29 18:00:00,1.23083,1.23179,1.23039,1.23143,2992,2,0
2013-11-29 20:00:00,1.23145,1.23163,1.23113,1.23145,2269,4,0
2013-11-29 22:00:00,1.23142,1.23188,1.23118,1.23131,1095,5,0
2013-12-02 00:00:00,1.23116,1.23162,1.23066,1.23142,1710,2,0
2013-12-02 02:00:00,1.23141,1.2315,1.23088,1.23097,1897,4,0
2013-12-02 04:00:00,1.23097,1.23102,1.23082,1.231,1355,1,0
2013-12-02 06:00:00,1.231,1.23119,1.23075,1.23103,1345,2,0
2013-12-02 08:00:00,1.23103,1.23159,1.23072,1.23102,3115,1,0
2013-12-02 10:00:00,1.23103,1.2322,1.23083,1.23166,4012,1,0
2013-12-02 12:00:00,1.23168,1.23237,1.23157,1.23205,2846,2,0
2013-12-02 14:00:00,1.23206,1.23221,1.23038,1.23038,3436,2,0
2013-12-02 16:00:00,1.2304,1.23128,1.2295,1.23007,4059,1,0
2013-12-02 18:00:00,1.23005,1.23049,1.22999,1.23034,2538,4,0
2013-12-02 20:00:00,1.23034,1.23057,1.23004,1.23034,1749,2,0
2013-12-02 22:00:00,1.23034,1.23061,1.23021,1.23051,1435,5,0
2013-12-03 00:00:00,1.23051,1.23082,1.23043,1.23069,1355,2,0
2013-12-03 02:00:00,1.23069,1.23101,1.23057,1.23068,1984,1,0
2013-12-03 04:00:00,1.23066,1.23109,1.23057,1.23102,2068,1,0
2013-12-03 06:00:00,1.23101,1.23124,1.2308,1.23091,1410,5,0
2013-12-03 08:00:00,1.23092,1.23092,1.23031,1.23032,2441,3,0
2013-12-03 10:00:00,1.23031,1.23048,1.22892,1.22915,3380,3,0
2013-12-03 12:00:00,1.22917,1.22945,1.22804,1.22838,2961,1,0
2013-12-03 14:00:00,1.22839,1.22943,1.22829,1.22938,3429,3,0
2013-12-03 16:00:00,1.22939,1.22952,1.22779,1.22842,4232,2,0
2013-12-03 18:00:00,1.22843,1.22891,1.228,1.22888,3063,2,0
2013-12-03 20:00:00,1.22886,1.22938,1.22848,1.22928,2763,5,0
2013-12-03 22:00:00,1.22928,1.22932,1.2283,1.22915,1686,4,0
2013-12-04 00:00:00,1.22912,1.22931,1.22859,1.2291,2118,4,0
2013-12-04 02:00:00,1.22915,1.2294,1.22893,1.22922,2108,2,0
2013-12-04 04:00:00,1.22924,1.2294,1.22906,1.22936,1687,4,0
2013-12-04 06:00:00,1.22935,1.22974,1.22916,1.22958,1870,3,0
2013-12-04 08:00:00,1.22956,1.22976,1.22924,1.22939,2898,2,0
2013-12-04 10:00:00,1.22939,1.22949,1.22807,1.22809,3115,3,0
2013-12-04 12:00:00,1.22809,1.22838,1.2258,1.22605,3592,1,0
2013-12-04 14:00:00,1.22604,1.22798,1.22584,1.22748,5025,1,0
2013-12-04 16:00:00,1.22748,1.22777,1.22698,1.2271,3942,1,0
2013-12-04 18:00:00,1.22693,1.22713,1.22575,1.22582,4774,4,0
2013-12-04 20:00:00,1.22583,1.22686,1.22571,1.22623,2629,2,0
2013-12-04 22:00:00,1.22621,1.22693,1.22619,1.22648,1512,1,0
2013-12-05 00:00:00,1.22658,1.22658,1.22562,1.22609,1902,2,0
2013-12-05 02:00:00,1.22607,1.22632,1.22576,1.22601,1709,4,0
2013-12-05 04:00:00,1.22601,1.22629,1.22544,1.22563,2114,3,0
2013-12-05 06:00:00,1.22563,1.22586,1.22523,1.22584,2333,3,0
2013-12-05 08:00:00,1.22583,1.22714,1.22567,1.22677,2920,1,0
2013-12-05 10:00:00,1.22681,1.22701,1.22609,1.22633,2909,1,0
2013-12-05 12:00:00,1.22633,1.22643,1.22581,1.22615,2850,1,0
2013-12-05 14:00:00,1.22617,1.22814,1.22521,1.22777,5798,2,0
2013-12-05 16:00:00,1.22779,1.22814,1.2258,1.22654,4886,1,0
2013-12-05 18:00:00,1.22655,1.22667,1.22575,1.22575,2890,6,0
2013-12-05 20:00:00,1.22574,1.22613,1.22498,1.22531,2694,3,0
2013-12-05 22:00:00,1.22532,1.22569,1.2252,1.22544,1752,4,0
2013-12-06 00:00:00,1.22543,1.2257,1.22538,1.22552,1629,3,0
2013-12-06 02:00:00,1.22552,1.22573,1.22527,1.22542,1797,2,0
2013-12-06 04:00:00,1.22544,1.2257,1.2254,1.22559,1495,3,0
2013-12-06 06:00:00,1.22559,1.22594,1.22543,1.22587,1667,4,0
2013-12-06 08:00:00,1.22589,1.22613,1.22499,1.22511,2421,1,0
2013-12-06 10:00:00,1.22509,1.22515,1.22373,1.22461,2565,2,0
2013-12-06 12:00:00,1.22462,1.22481,1.22319,1.22367,2471,2,0
2013-12-06 14:00:00,1.22365,1.22499,1.22254,1.2241,5625,1,0
2013-12-06 16:00:00,1.22414,1.22465,1.223,1.22375,4368,1,0
2013-12-06 18:00:00,1.22374,1.2239,1.22207,1.22257,2576,1,0
2013-12-06 20:00:00,1.22257,1.22321,1.2215,1.22319,2568,4,0
2013-12-06 22:00:00,1.22319,1.2239,1.22186,1.22197,1299,1,0
2013-12-09 00:00:00,1.22245,1.22331,1.22237,1.22288,1522,3,0
2013-12-09 02:00:00,1.22288,1.22341,1.22238,1.22335,1516,2,0
2013-12-09 04:00:00,1.22336,1.22357,1.22279,1.2229,1145,4,0
2013-12-09 06:00:00,1.22289,1.22295,1.22226,1.22279,1214,3,0
2013-12-09 08:00:00,1.22278,1.22385,1.22277,1.22354,2420,1,0
2013-12-09 10:00:00,1.22354,1.22437,1.22342,1.2237,2433,1,0
2013-12-09 12:00:00,1.2237,1.22392,1.22287,1.22329,2252,3,0
2013-12-09 14:00:00,1.2233,1.22429,1.223,1.22392,2092,1,0
2013-12-09 16:00:00,1.22394,1.22442,1.223,1.22349,2927,2,0
2013-12-09 18:00:00,1.22349,1.22365,1.22231,1.22321,2442,4,0
2013-12-09 20:00:00,1.22322,1.22356,1.2228,1.22336,1993,4,0
2013-12-09 22:00:00,1.22335,1.22374,1.22288,1.22301,1983,1,0
2013-12-10 00:00:00,1.22303,1.22352,1.22257,1.22325,1847,2,0
2013-12-10 02:00:00,1.22325,1.2237,1.22275,1.22366,1944,1,0
2013-12-10 04:00:00,1.22366,1.22385,1.22299,1.22327,1444,3,0
2013-12-10 06:00:00,1.22327,1.22375,1.22298,1.22369,1835,2,0
2013-12-10 08:00:00,1.2237,1.22381,1.22281,1.22308,2797,2,0
2013-12-10 10:00:00,1.22312,1.22365,1.22291,1.22298,2455,1,0
2013-12-10 12:00:00,1.22298,1.22324,1.22184,1.22191,2406,1,0
2013-12-10 14:00:00,1.22191,1.22198,1.22067,1.22109,3812,2,0
2013-12-10 16:00:00,1.22109,1.22199,1.22087,1.22177,3680,1,0
2013-12-10 18:00:00,1.22177,1.22209,1.22119,1.22139,2114,3,0
2013-12-10 20:00:00,1.22138,1.22145,1.22082,1.22141,1964,4,0
2013-12-10 22:00:00,1.22141,1.22152,1.22097,1.22105,1240,5,0
2013-12-11 00:00:00,1.22105,1.22154,1.22097,1.22146,1135,1,0
2013-12-11 02:00:00,1.2215,1.22165,1.22113,1.2215,2005,1,0
2013-12-11 04:00:00,1.22149,1.22169,1.22064,1.22097,1345,5,0
2013-12-11 06:00:00,1.221,1.22159,1.22088,1.22155,1416,3,0
2013-12-11 08:00:00,1.22155,1.22233,1.22051,1.22224,2948,1,0
2013-12-11 10:00:00,1.22226,1.22273,1.221,1.22141,2735,1,0
2013-12-11 12:00:00,1.22139,1.22218,1.22128,1.22191,2220,1,0
2013-12-11 14:00:00,1.22193,1.22218,1.22115,1.22128,3145,1,0
2013-12-11 16:00:00,1.2213,1.22214,1.22061,1.22181,3873,2,0
2013-12-11 18:00:00,1.22182,1.22257,1.22072,1.22243,2668,1,0
2013-12-11 20:00:00,1.22243,1.22252,1.2217,1.2221,2283,3,0
2013-12-11 22:00:00,1.22208,1.22239,1.22172,1.22195,1633,2,0
2013-12-12 00:00:00,1.22193,1.22266,1.22182,1.22216,1531,3,0
2013-12-12 02:00:00,1.22216,1.22275,1.22183,1.22261,2219,1,0
2013-12-12 04:00:00,1.2226,1.2232,1.22255,1.22316,1740,4,0
2013-12-12 06:00:00,1.22319,1.22338,1.2228,1.22314,1421,2,0
2013-12-12 08:00:00,1.22314,1.22427,1.22261,1.2241,2970,1,0
2013-12-12 10:00:00,1.22411,1.22441,1.22197,1.22197,3275,1,0
2013-12-12 12:00:00,1.22197,1.222,1.21999,1.22123,2532,2,0
2013-12-12 14:00:00,1.22122,1.22258,1.22078,1.22152,4490,2,0
2013-12-12 16:00:00,1.22152,1.22468,1.22142,1.2242,4779,1,0
2013-12-12 18:00:00,1.22421,1.22436,1.2233,1.22358,2908,1,0
2013-12-12 20:00:00,1.22357,1.2236,1.22254,1.22298,2201,3,0
2013-12-12 22:00:00,1.22298,1.22338,1.22221,1.22282,2043,2,0
2013-12-13 00:00:00,1.22268,1.22388,1.22239,1.22374,2025,3,0
2013-12-13 02:00:00,1.22374,1.22392,1.22327,1.2237,2187,1,0
2013-12-13 04:00:00,1.22369,1.22395,1.22339,1.22367,2074,1,0
2013-12-13 06:00:00,1.22367,1.22404,1.22265,1.22294,1644,2,0
2013-12-13 08:00:00,1.22294,1.2236,1.22243,1.22304,2455,1,0
2013-12-13 10:00:00,1.22304,1.22306,1.22232,1.22252,3068,1,0
2013-12-13 12:00:00,1.22251,1.22318,1.22224,1.22293,2437,2,0
2013-12-13 14:00:00,1.22292,1.22306,1.2217,1.22206,3495,1,0
2013-12-13 16:00:00,1.22204,1.22304,1.22157,1.22193,3549,2,0
2013-12-13 18:00:00,1.22195,1.2225,1.22115,1.22249,2115,1,0
2013-12-13 20:00:00,1.22252,1.22259,1.2219,1.22249,1724,6,0
2013-12-13 22:00:00,1.22248,1.223,1.22124,1.22151,1020,1,0
2013-12-16 00:00:00,1.22167,1.22319,1.22155,1.22291,1607,2,0
2013-12-16 02:00:00,1.22288,1.22296,1.2221,1.22254,1735,3,0
2013-12-16 04:00:00,1.22254,1.22258,1.22189,1.22205,1578,5,0
2013-12-16 06:00:00,1.22207,1.22216,1.2218,1.22202,1524,2,0
2013-12-16 08:00:00,1.22202,1.22224,1.22102,1.2213,2575,1,0
2013-12-16 10:00:00,1.22134,1.2219,1.22015,1.22082,2658,1,0
2013-12-16 12:00:00,1.22086,1.22121,1.22036,1.22081,2648,1,0
2013-12-16 14:00:00,1.22082,1.22176,1.22077,1.22125,2727,1,0
2013-12-16 16:00:00,1.22127,1.22168,1.22062,1.22103,3024,1,0
2013-12-16 18:00:00,1.22107,1.22151,1.22079,1.22095,2199,3,0
2013-12-16 20:00:00,1.22095,1.2214,1.22081,1.22086,1782,3,0
2013-12-16 22:00:00,1.22087,1.22128,1.22062,1.22093,1550,1,0
2013-12-17 00:00:00,1.22091,1.22114,1.22066,1.22105,1462,3,0
2013-12-17 02:00:00,1.22105,1.22129,1.22091,1.22129,1259,3,0
2013-12-17 04:00:00,1.22127,1.22132,1.22088,1.22101,1183,4,0
2013-12-17 06:00:00,1.22099,1.22116,1.22081,1.22105,998,4,0
2013-12-17 08:00:00,1.22103,1.22122,1.22024,1.22106,2409,1,0
2013-12-17 10:00:00,1.22103,1.22165,1.22092,1.22136,2534,2,0
2013-12-17 12:00:00,1.22136,1.22145,1.22043,1.22052,2528,2,0
2013-12-17 14:00:00,1.22052,1.22105,1.22041,1.2206,2973,2,0
2013-12-17 16:00:00,1.22061,1.22104,1.21898,1.21939,3638,3,0
2013-12-17 18:00:00,1.21939,1.21978,1.21667,1.21752,2661,4,0
2013-12-17 20:00:00,1.21751,1.21838,1.21731,1.21815,2123,3,0
2013-12-17 22:00:00,1.21814,1.21865,1.21795,1.2184,1486,3,0
2013-12-18 00:00:00,1.21839,1.219,1.21803,1.21803,1650,1,0
2013-12-18 02:00:00,1.21805,1.21905,1.21804,1.21869,1846,1,0
2013-12-18 04:00:00,1.21862,1.21891,1.21854,1.21885,1394,1,0
2013-12-18 06:00:00,1.21874,1.2194,1.2187,1.2194,1198,2,0
2013-12-18 08:00:00,1.2194,1.22073,1.21899,1.22014,2165,1,0
2013-12-18 10:00:00,1.22022,1.2235,1.22015,1.22191,4357,1,0
2013-12-18 12:00:00,1.22191,1.22207,1.22061,1.22066,2624,1,0
2013-12-18 14:00:00,1.22066,1.22204,1.22026,1.22121,3170,1,0
2013-12-18 16:00:00,1.22119,1.22145,1.21985,1.2213,3259,2,0
2013-12-18 18:00:00,1.2213,1.22259,1.22087,1.22164,2893,1,0
2013-12-18 20:00:00,1.2225,1.22448,1.22042,1.22377,8102,1,0
2013-12-18 22:00:00,1.22384,1.22412,1.22284,1.22412,3317,1,0
2013-12-19 00:00:00,1.22411,1.22465,1.22298,1.22314,2414,1,0
2013-12-19 02:00:00,1.22316,1.22408,1.22312,1.22314,2333,2,0
2013-12-19 04:00:00,1.22314,1.22346,1.22296,1.22305,1719,1,0
2013-12-19 06:00:00,1.22304,1.22384,1.22273,1.22282,1586,5,0
2013-12-19 08:00:00,1.22285,1.22456,1.2227,1.22445,3109,1,0
2013-12-19 10:00:00,1.22446,1.22536,1.22385,1.22413,2951,1,0
2013-12-19 12:00:00,1.22413,1.2255,1.22399,1.22543,2718,2,0
2013-12-19 14:00:00,1.22547,1.22741,1.22447,1.22506,4365,1,0
2013-12-19 16:00:00,1.22496,1.2261,1.22474,1.22493,3940,2,0
2013-12-19 18:00:00,1.22493,1.22661,1.2243,1.22646,2572,2,0
2013-12-19 20:00:00,1.22647,1.22689,1.22588,1.22685,2298,3,0
2013-12-19 22:00:00,1.22682,1.22686,1.22561,1.22639,1728,1,0
2013-12-20 00:00:00,1.22638,1.22696,1.22559,1.22567,2242,1,0
2013-12-20 02:00:00,1.22567,1.22622,1.22549,1.22566,2353,1,0
2013-12-20 04:00:00,1.22568,1.22616,1.22547,1.22586,1701,4,0
2013-12-20 06:00:00,1.22587,1.22603,1.22504,1.22585,2339,2,0
2013-12-20 08:00:00,1.22582,1.22653,1.22542,1.22575,2420,1,0
2013-12-20 10:00:00,1.22576,1.22639,1.2256,1.22628,2435,1,0
2013-12-20 12:00:00,1.22627,1.22677,1.22581,1.22621,2226,2,0
2013-12-20 14:00:00,1.2262,1.22658,1.2242,1.22489,3684,1,0
2013-12-20 16:00:00,1.22488,1.22586,1.22334,1.22411,4355,1,0
2013-12-20 18:00:00,1.22409,1.22536,1.22395,1.22455,2431,1,0
2013-12-20 20:00:00,1.22458,1.22522,1.22433,1.22496,2395,5,0
2013-12-20 22:00:00,1.22492,1.22521,1.22435,1.22478,1012,2,0
2013-12-23 00:00:00,1.22491,1.22539,1.22427,1.22537,1560,4,0
2013-12-23 02:00:00,1.22535,1.22569,1.22521,1.22557,1587,4,0
2013-12-23 04:00:00,1.22557,1.22564,1.22534,1.22553,1130,4,0
2013-12-23 06:00:00,1.22553,1.22586,1.22537,1.22579,1073,5,0
2013-12-23 08:00:00,1.22578,1.22604,1.2254,1.22574,1724,2,0
2013-12-23 10:00:00,1.22575,1.2263,1.22559,1.2257,1835,1,0
2013-12-23 12:00:00,1.2257,1.22592,1.2249,1.22558,1791,4,0
2013-12-23 14:00:00,1.22556,1.22595,1.2248,1.22512,2535,1,0
2013-12-23 16:00:00,1.2251,1.22538,1.22378,1.22514,3071,2,0
2013-12-23 18:00:00,1.22515,1.2253,1.22413,1.22423,1887,6,0
2013-12-23 20:00:00,1.22423,1.22449,1.22407,1.22448,1856,4,0
2013-12-23 22:00:00,1.22439,1.22484,1.22335,1.22388,2193,2,0
2013-12-24 00:00:00,1.22383,1.22421,1.2238,1.22395,1442,1,0
2013-12-24 02:00:00,1.22394,1.22467,1.22377,1.22424,1556,3,0
2013-12-24 04:00:00,1.22424,1.22457,1.22394,1.22416,1563,3,0
2013-12-24 06:00:00,1.22416,1.22428,1.2238,1.2242,1560,4,0
2013-12-24 08:00:00,1.22421,1.22565,1.22381,1.22519,1808,2,0
2013-12-24 10:00:00,1.2252,1.22525,1.22366,1.22405,1698,4,0
2013-12-24 12:00:00,1.22407,1.22444,1.2239,1.22416,1492,3,0
2013-12-24 14:00:00,1.22416,1.2258,1.22385,1.22535,2335,4,0
2013-12-24 16:00:00,1.22535,1.22588,1.2251,1.22552,1561,5,0
2013-12-24 18:00:00,1.22547,1.2257,1.22532,1.22556,1440,10,0
2013-12-26 08:00:00,1.22628,1.22693,1.22622,1.22683,3353,1,0
2013-12-26 10:00:00,1.22681,1.22706,1.22632,1.22659,2801,5,0
2013-12-26 12:00:00,1.22657,1.2268,1.22597,1.22674,1420,4,0
2013-12-26 14:00:00,1.22677,1.22682,1.22605,1.22611,1656,1,0
2013-12-26 16:00:00,1.22612,1.22709,1.22592,1.22702,1288,6,0
2013-12-26 18:00:00,1.22701,1.2271,1.22686,1.22707,1135,7,0
2013-12-26 20:00:00,1.22708,1.22744,1.22695,1.22735,1303,7,0
2013-12-26 22:00:00,1.22734,1.22745,1.2267,1.22718,1371,7,0
2013-12-27 00:00:00,1.22716,1.22746,1.22673,1.22693,1391,1,0
2013-12-27 02:00:00,1.22685,1.22725,1.22645,1.2272,1197,6,0
2013-12-27 04:00:00,1.2272,1.22776,1.22686,1.22769,1492,2,0
2013-12-27 06:00:00,1.2277,1.2278,1.22613,1.22737,1388,1,0
2013-12-27 08:00:00,1.22736,1.22765,1.22591,1.22624,3143,2,0
2013-12-27 10:00:00,1.22624,1.22626,1.22388,1.22451,2636,2,0
2013-12-27 12:00:00,1.22453,1.22476,1.22249,1.22462,3378,3,0
2013-12-27 14:00:00,1.22461,1.22468,1.22325,1.22395,3316,1,0
2013-12-27 16:00:00,1.22396,1.22425,1.22303,1.2242,2860,3,0
2013-12-27 18:00:00,1.2242,1.22548,1.22339,1.22539,2264,2,0
2013-12-27 20:00:00,1.22539,1.22582,1.22482,1.22528,2468,2,0
2013-12-27 22:00:00,1.22529,1.22561,1.2249,1.22518,1071,5,0
2013-12-30 00:00:00,1.22548,1.22584,1.22538,1.22575,1439,3,0
2013-12-30 02:00:00,1.22573,1.22632,1.22561,1.22628,1489,3,0
2013-12-30 04:00:00,1.22631,1.22645,1.22597,1.22612,1089,6,0
2013-12-30 06:00:00,1.22612,1.22615,1.22572,1.22597,1247,1,0
2013-12-30 08:00:00,1.22599,1.2265,1.2256,1.22562,1995,2,0
2013-12-30 10:00:00,1.22562,1.22625,1.22544,1.22591,2077,1,0
2013-12-30 12:00:00,1.22593,1.22701,1.22561,1.22566,2196,2,0
2013-12-30 14:00:00,1.22565,1.22636,1.22501,1.22616,2630,1,0
2013-12-30 16:00:00,1.22616,1.22664,1.22408,1.22482,2828,2,0
2013-12-30 18:00:00,1.22482,1.22536,1.22452,1.2249,1735,5,0
2013-12-30 20:00:00,1.2249,1.22542,1.22453,1.22492,1489,6,0
2013-12-30 22:00:00,1.22494,1.22543,1.22453,1.22508,1338,3,0
2013-12-31 00:00:00,1.22506,1.22534,1.22464,1.22495,1305,2,0
2013-12-31 02:00:00,1.22471,1.22512,1.22445,1.22484,1003,2,0
2013-12-31 04:00:00,1.22487,1.22514,1.2246,1.22471,838,4,0
2013-12-31 06:00:00,1.22472,1.22553,1.22458,1.22541,768,4,0
2013-12-31 08:00:00,1.22543,1.2267,1.22492,1.22551,1984,2,0
2013-12-31 10:00:00,1.22551,1.2271,1.22525,1.22663,2504,3,0
2013-12-31 12:00:00,1.22663,1.22737,1.22655,1.22701,1888,4,0
2013-12-31 14:00:00,1.22701,1.22769,1.22663,1.22686,2735,2,0
2013-12-31 16:00:00,1.22692,1.22763,1.22509,1.22686,2718,1,0
2013-12-31 18:00:00,1.22677,1.22733,1.22506,1.22516,1881,10,0
2014-01-01 22:00:00,1.22643,1.22776,1.22643,1.22729,1057,10,0
2014-01-02 00:00:00,1.22719,1.22785,1.22708,1.22723,4727,10,0
2014-01-02 02:00:00,1.22722,1.22734,1.22668,1.22705,2945,10,0
2014-01-02 04:00:00,1.22707,1.22862,1.22685,1.2279,5244,10,0
2014-01-02 06:00:00,1.2279,1.22836,1.22713,1.22761,6914,10,0
2014-01-02 08:00:00,1.22761,1.23085,1.22669,1.23044,3894,1,0
2014-01-02 10:00:00,1.23045,1.23201,1.22965,1.23074,4511,1,0
2014-01-02 12:00:00,1.23098,1.23163,1.22949,1.23047,5188,1,0
2014-01-02 14:00:00,1.23043,1.23112,1.2286,1.22964,4765,1,0
2014-01-02 16:00:00,1.22946,1.23064,1.22882,1.23001,4264,2,0
2014-01-02 18:00:00,1.23001,1.23045,1.22949,1.22968,2418,4,0
2014-01-02 20:00:00,1.22966,1.22996,1.2289,1.22895,2561,2,0
2014-01-02 22:00:00,1.22895,1.22922,1.22806,1.22915,1943,3,0
2014-01-03 00:00:00,1.22915,1.22931,1.22856,1.2291,1374,4,0
2014-01-03 02:00:00,1.2291,1.22949,1.22854,1.22879,2035,1,0
2014-01-03 04:00:00,1.22879,1.22881,1.22824,1.22839,1673,1,0
2014-01-03 06:00:00,1.22838,1.22908,1.22825,1.22905,1263,6,0
2014-01-03 08:00:00,1.22903,1.22965,1.22842,1.22861,2674,2,0
2014-01-03 10:00:00,1.22861,1.22969,1.22814,1.22959,2860,2,0
2014-01-03 12:00:00,1.22959,1.23052,1.22933,1.23037,2344,4,0
2014-01-03 14:00:00,1.23035,1.23101,1.22917,1.22931,3384,3,0
2014-01-03 16:00:00,1.22931,1.23118,1.22931,1.23044,3077,1,0
2014-01-03 18:00:00,1.23043,1.23059,1.22995,1.23006,2301,4,0
2014-01-03 20:00:00,1.23005,1.2308,1.22973,1.22981,2356,2,0
2014-01-03 22:00:00,1.22979,1.23043,1.22956,1.22956,1177,4,0
2014-01-06 00:00:00,1.23006,1.23083,1.22991,1.23075,2315,1,0
2014-01-06 02:00:00,1.23076,1.23107,1.23005,1.231,2123,2,0
2014-01-06 04:00:00,1.23097,1.23097,1.23054,1.23066,1553,5,0
2014-01-06 06:00:00,1.23064,1.23075,1.22999,1.23019,1677,5,0
2014-01-06 08:00:00,1.23019,1.2311,1.22967,1.23051,3058,1,0
2014-01-06 10:00:00,1.23053,1.23119,1.23033,1.23082,2914,3,0
2014-01-06 12:00:00,1.23086,1.23174,1.23033,1.23152,2455,1,0
2014-01-06 14:00:00,1.2315,1.23325,1.23112,1.23215,3687,1,0
2014-01-06 16:00:00,1.23213,1.23288,1.23161,1.23229,3509,1,0
2014-01-06 18:00:00,1.2323,1.23266,1.2312,1.2314,2798,3,0
2014-01-06 20:00:00,1.23135,1.23259,1.23129,1.23221,1749,1,0
2014-01-06 22:00:00,1.23221,1.23234,1.23146,1.23188,1754,3,0
2014-01-07 00:00:00,1.23187,1.23302,1.23171,1.23289,1518,1,0
2014-01-07 02:00:00,1.23298,1.23347,1.23239,1.23347,1485,2,0
2014-01-07 04:00:00,1.23347,1.23401,1.23347,1.23371,1270,2,0
2014-01-07 06:00:00,1.23372,1.23447,1.23342,1.23439,1629,2,0
2014-01-07 08:00:00,1.23438,1.23481,1.23366,1.23403,2790,1,0
2014-01-07 10:00:00,1.23401,1.23683,1.23387,1.23664,3740,1,0
2014-01-07 12:00:00,1.23663,1.23706,1.23607,1.23699,2296,3,0
2014-01-07 14:00:00,1.23697,1.23724,1.23639,1.23676,3397,1,0
2014-01-07 16:00:00,1.23676,1.23734,1.23643,1.23727,3352,3,0
2014-01-07 18:00:00,1.23727,1.23728,1.23637,1.23669,2612,2,0
2014-01-07 20:00:00,1.23671,1.23798,1.23658,1.23795,1867,5,0
2014-01-07 22:00:00,1.23794,1.2381,1.23751,1.23794,1678,1,0
2014-01-08 00:00:00,1.23794,1.23842,1.23781,1.23816,1674,1,0
2014-01-08 02:00:00,1.23815,1.23817,1.23742,1.23785,2062,1,0
2014-01-08 04:00:00,1.23786,1.23809,1.23737,1.23795,1511,2,0
2014-01-08 06:00:00,1.23795,1.23808,1.23712,1.23717,1940,1,0
2014-01-08 08:00:00,1.23719,1.23939,1.23716,1.23837,3013,1,0
2014-01-08 10:00:00,1.23839,1.23847,1.23643,1.23725,3068,1,0
2014-01-08 12:00:00,1.23727,1.23811,1.23688,1.23752,2361,1,0
2014-01-08 14:00:00,1.23753,1.23855,1.23686,1.23731,4198,2,0
2014-01-08 16:00:00,1.23734,1.23755,1.23589,1.23655,3804,1,0
2014-01-08 18:00:00,1.23659,1.23702,1.23584,1.23618,3149,2,0
2014-01-08 20:00:00,1.23618,1.237,1.23599,1.23681,3264,2,0
2014-01-08 22:00:00,1.23683,1.23735,1.23667,1.23712,1403,1,0
2014-01-09 00:00:00,1.23711,1.23766,1.2368,1.23749,1728,1,0
2014-01-09 02:00:00,1.23749,1.23843,1.23749,1.23837,1491,2,0
2014-01-09 04:00:00,1.23836,1.23864,1.23812,1.23842,1593,4,0
2014-01-09 06:00:00,1.23843,1.23865,1.23781,1.23785,1496,2,0
2014-01-09 08:00:00,1.23784,1.23809,1.23514,1.23592,3321,1,0
2014-01-09 10:00:00,1.23589,1.23691,1.23572,1.23671,2944,1,0
2014-01-09 12:00:00,1.23674,1.23783,1.23669,1.23751,3051,1,0
2014-01-09 14:00:00,1.23749,1.23749,1.23479,1.23488,5842,1,0
2014-01-09 16:00:00,1.2349,1.23599,1.23448,1.23471,3891,2,0
2014-01-09 18:00:00,1.23471,1.23546,1.23438,1.23537,2194,4,0
2014-01-09 20:00:00,1.23537,1.23537,1.23357,1.23394,2277,2,0
2014-01-09 22:00:00,1.23393,1.23448,1.23358,1.23397,2031,2,0
2014-01-10 00:00:00,1.23403,1.2347,1.23374,1.2345,1500,1,0
2014-01-10 02:00:00,1.2345,1.23458,1.23375,1.23397,1447,3,0
2014-01-10 04:00:00,1.23398,1.23433,1.23368,1.23422,1247,5,0
2014-01-10 06:00:00,1.23422,1.23453,1.23367,1.2345,1567,2,0
2014-01-10 08:00:00,1.23445,1.23472,1.23358,1.23446,2283,1,0
2014-01-10 10:00:00,1.23445,1.23456,1.23401,1.23418,2294,1,0
2014-01-10 12:00:00,1.23418,1.23441,1.23385,1.23409,2331,3,0
2014-01-10 14:00:00,1.23409,1.23478,1.23239,1.23285,5878,2,0
2014-01-10 16:00:00,1.23289,1.23413,1.23228,1.23409,4141,1,0
2014-01-10 18:00:00,1.2341,1.23433,1.23318,1.23322,2187,3,0
2014-01-10 20:00:00,1.23322,1.23404,1.23304,1.23338,2184,5,0
2014-01-10 22:00:00,1.23338,1.23396,1.23322,1.23342,1060,1,0
2014-01-13 00:00:00,1.23299,1.2335,1.2326,1.2335,1867,1,0
2014-01-13 02:00:00,1.23349,1.23375,1.23256,1.23275,2216,2,0
2014-01-13 04:00:00,1.23276,1.23276,1.23232,1.2325,1599,1,0
2014-01-13 06:00:00,1.2325,1.23279,1.23241,1.23257,1325,4,0
2014-01-13 08:00:00,1.23257,1.23427,1.23235,1.23323,2532,1,0
2014-01-13 10:00:00,1.23322,1.23421,1.23322,1.23388,2263,1,0
2014-01-13 12:00:00,1.23387,1.23417,1.23352,1.23385,2340,3,0
2014-01-13 14:00:00,1.23383,1.23431,1.23123,1.23161,4203,1,0
2014-01-13 16:00:00,1.23162,1.2326,1.23162,1.2317,2623,1,0
2014-01-13 18:00:00,1.2317,1.23177,1.22939,1.23004,2921,4,0
2014-01-13 20:00:00,1.23004,1.23015,1.22904,1.22986,2669,4,0
2014-01-13 22:00:00,1.22987,1.22987,1.22893,1.22914,1420,2,0
2014-01-14 00:00:00,1.22916,1.22969,1.22901,1.22959,1156,4,0
2014-01-14 02:00:00,1.22959,1.23009,1.22957,1.22997,1463,3,0
2014-01-14 04:00:00,1.22997,1.23052,1.22975,1.22996,1726,2,0
2014-01-14 06:00:00,1.22997,1.23077,1.22984,1.23074,1432,3,0
2014-01-14 08:00:00,1.23073,1.23224,1.23025,1.2322,3325,1,0
2014-01-14 10:00:00,1.23216,1.23353,1.23179,1.23352,3394,2,0
2014-01-14 12:00:00,1.2335,1.23363,1.23273,1.23322,2218,2,0
2014-01-14 14:00:00,1.23322,1.2338,1.23257,1.23289,3112,1,0
2014-01-14 16:00:00,1.23289,1.23316,1.23233,1.23259,2735,1,0
2014-01-14 18:00:00,1.23259,1.23443,1.23252,1.2344,2704,1,0
2014-01-14 20:00:00,1.23442,1.23478,1.23413,1.23429,1947,4,0
2014-01-14 22:00:00,1.23422,1.23465,1.23399,1.23442,1920,6,0
2014-01-15 00:00:00,1.23442,1.23458,1.23409,1.23423,1279,6,0
2014-01-15 02:00:00,1.23422,1.23555,1.23403,1.23544,2542,2,0
2014-01-15 04:00:00,1.23543,1.23574,1.23523,1.23564,1651,1,0
2014-01-15 06:00:00,1.23566,1.2358,1.23505,1.23522,1449,2,0
2014-01-15 08:00:00,1.23522,1.23632,1.23481,1.23565,2981,1,0
2014-01-15 10:00:00,1.23567,1.23631,1.23501,1.23567,2814,1,0
2014-01-15 12:00:00,1.23568,1.23585,1.23516,1.23525,2080,3,0
2014-01-15 14:00:00,1.23523,1.23628,1.23468,1.23614,3789,2,0
2014-01-15 16:00:00,1.23614,1.23699,1.23522,1.23582,3618,3,0
2014-01-15 18:00:00,1.23582,1.23663,1.2355,1.23592,2484,1,0
2014-01-15 20:00:00,1.23592,1.23634,1.23559,1.23615,1714,2,0
2014-01-15 22:00:00,1.23614,1.23654,1.23581,1.23644,1337,3,0
2014-01-16 00:00:00,1.23635,1.23682,1.23618,1.2367,1602,3,0
2014-01-16 02:00:00,1.23671,1.2374,1.23664,1.23738,1745,1,0
2014-01-16 04:00:00,1.23737,1.23749,1.23716,1.23727,1229,6,0
2014-01-16 06:00:00,1.23728,1.23739,1.23669,1.23684,1562,3,0
2014-01-16 08:00:00,1.23684,1.237,1.23582,1.23598,2399,3,0
2014-01-16 10:00:00,1.23599,1.23625,1.23468,1.23593,3345,1,0
2014-01-16 12:00:00,1.23593,1.23593,1.23477,1.23496,2218,2,0
2014-01-16 14:00:00,1.23493,1.23524,1.23333,1.23399,3795,1,0
2014-01-16 16:00:00,1.234,1.23431,1.23216,1.23258,3916,2,0
2014-01-16 18:00:00,1.23259,1.2331,1.23147,1.23163,2534,2,0
2014-01-16 20:00:00,1.23163,1.23241,1.23149,1.23228,1928,1,0
2014-01-16 22:00:00,1.23228,1.23256,1.23157,1.23171,1716,4,0
2014-01-17 00:00:00,1.23173,1.23239,1.23171,1.23226,1306,4,0
2014-01-17 02:00:00,1.23226,1.23298,1.23224,1.23285,1361,5,0
2014-01-17 04:00:00,1.23287,1.23294,1.23235,1.23261,1186,7,0
2014-01-17 06:00:00,1.23261,1.23266,1.23198,1.23205,1061,7,0
2014-01-17 08:00:00,1.23205,1.23255,1.23175,1.23215,2276,1,0
2014-01-17 10:00:00,1.23217,1.23318,1.23176,1.23302,2606,1,0
2014-01-17 12:00:00,1.23304,1.2335,1.23267,1.23349,2037,3,0
2014-01-17 14:00:00,1.23349,1.23363,1.23204,1.2321,3602,1,0
2014-01-17 16:00:00,1.23208,1.23362,1.23201,1.23339,3589,1,0
2014-01-17 18:00:00,1.23339,1.2336,1.23218,1.23329,3933,2,0
2014-01-17 20:00:00,1.23328,1.2333,1.23254,1.23256,1773,6,0
2014-01-17 22:00:00,1.23259,1.23308,1.232,1.23202,968,4,0
2014-01-20 00:00:00,1.23262,1.23379,1.23237,1.23336,2110,1,0
2014-01-20 02:00:00,1.23334,1.23378,1.23295,1.23345,2308,1,0
2014-01-20 04:00:00,1.23345,1.23359,1.23313,1.23333,1203,2,0
2014-01-20 06:00:00,1.23333,1.23371,1.23316,1.23368,1491,6,0
2014-01-20 08:00:00,1.2336,1.23418,1.2329,1.2329,2158,1,0
2014-01-20 10:00:00,1.23289,1.23354,1.23251,1.2333,2023,1,0
2014-01-20 12:00:00,1.2333,1.23375,1.23313,1.23333,1746,3,0
2014-01-20 14:00:00,1.23332,1.23363,1.23317,1.23334,1810,1,0
2014-01-20 16:00:00,1.23334,1.23369,1.23305,1.23325,1579,2,0
2014-01-20 18:00:00,1.23326,1.23349,1.23313,1.23329,1291,4,0
2014-01-20 20:00:00,1.23329,1.23334,1.23302,1.23319,1491,3,0
2014-01-20 22:00:00,1.23318,1.23405,1.23287,1.23391,1745,1,0
2014-01-21 00:00:00,1.23391,1.2344,1.23384,1.23434,1394,1,0
2014-01-21 02:00:00,1.23432,1.23524,1.23425,1.23517,1761,2,0
2014-01-21 04:00:00,1.23516,1.23537,1.23501,1.23524,1245,1,0
2014-01-21 06:00:00,1.23524,1.23578,1.23511,1.23555,1342,3,0
2014-01-21 08:00:00,1.23555,1.23687,1.23493,1.23547,3051,1,0
2014-01-21 10:00:00,1.23551,1.23684,1.23527,1.23675,2706,2,0
2014-01-21 12:00:00,1.23676,1.23761,1.23558,1.2358,2967,1,0
2014-01-21 14:00:00,1.23581,1.23585,1.23471,1.2349,2904,1,0
2014-01-21 16:00:00,1.23487,1.23502,1.23246,1.233,3357,1,0
2014-01-21 18:00:00,1.23301,1.23409,1.23266,1.23393,2339,2,0
2014-01-21 20:00:00,1.23394,1.23461,1.23393,1.23456,1730,5,0
2014-01-21 22:00:00,1.23455,1.23465,1.23386,1.23445,1343,2,0
2014-01-22 00:00:00,1.23443,1.23481,1.23398,1.23456,1665,2,0
2014-01-22 02:00:00,1.23455,1.23507,1.23444,1.2348,1618,1,0
2014-01-22 04:00:00,1.23482,1.23504,1.23407,1.23423,1998,3,0
2014-01-22 06:00:00,1.23429,1.23468,1.23413,1.23464,1437,4,0
2014-01-22 08:00:00,1.23464,1.23492,1.2337,1.23418,2367,1,0
2014-01-22 10:00:00,1.23418,1.23525,1.2332,1.23444,2489,1,0
2014-01-22 12:00:00,1.23446,1.23473,1.23398,1.23461,2188,3,0
2014-01-22 14:00:00,1.23459,1.23516,1.23379,1.23503,2612,2,0
2014-01-22 16:00:00,1.23512,1.23512,1.23425,1.23489,2535,3,0
2014-01-22 18:00:00,1.2349,1.23526,1.23418,1.23458,2179,4,0
2014-01-22 20:00:00,1.23453,1.23481,1.23446,1.23464,1626,1,0
2014-01-22 22:00:00,1.23465,1.23503,1.23431,1.23484,1524,2,0
2014-01-23 00:00:00,1.23484,1.23612,1.23474,1.23582,1556,2,0
2014-01-23 02:00:00,1.23584,1.23604,1.23557,1.23599,1609,1,0
2014-01-23 04:00:00,1.23599,1.23604,1.2349,1.2352,1661,1,0
2014-01-23 06:00:00,1.2352,1.23543,1.23386,1.23391,1687,1,0
2014-01-23 08:00:00,1.23391,1.23405,1.23167,1.23209,4808,1,0
2014-01-23 10:00:00,1.23207,1.23235,1.23053,1.23202,3804,1,0
2014-01-23 12:00:00,1.23196,1.2321,1.23126,1.23201,2403,4,0
2014-01-23 14:00:00,1.23203,1.23242,1.23109,1.23156,3859,1,0
2014-01-23 16:00:00,1.2316,1.23192,1.23004,1.23143,4394,3,0
2014-01-23 18:00:00,1.23144,1.23144,1.22797,1.22798,3545,2,0
2014-01-23 20:00:00,1.22798,1.22924,1.2275,1.22923,2767,3,0
2014-01-23 22:00:00,1.22924,1.22924,1.22854,1.22889,1519,5,0
2014-01-24 00:00:00,1.22884,1.22972,1.22878,1.22932,1622,2,0
2014-01-24 02:00:00,1.22936,1.2299,1.22879,1.22979,1424,2,0
2014-01-24 04:00:00,1.22978,1.23004,1.22877,1.22878,1672,1,0
2014-01-24 06:00:00,1.22877,1.22903,1.22774,1.2288,2219,1,0
2014-01-24 08:00:00,1.22878,1.22935,1.22759,1.22806,3061,1,0
2014-01-24 10:00:00,1.22805,1.22818,1.22421,1.22548,3753,1,0
2014-01-24 12:00:00,1.22545,1.22577,1.2226,1.22503,5062,1,0
2014-01-24 14:00:00,1.225,1.22637,1.22348,1.22462,3433,2,0
2014-01-24 16:00:00,1.22462,1.22522,1.22306,1.22432,3849,2,0
2014-01-24 18:00:00,1.22433,1.22456,1.22336,1.22392,3145,1,0
2014-01-24 20:00:00,1.22394,1.22429,1.22328,1.22352,2305,4,0
2014-01-24 22:00:00,1.22351,1.22381,1.2225,1.2225,1117,1,0
2014-01-27 00:00:00,1.22348,1.2242,1.22247,1.22397,1750,1,0
2014-01-27 02:00:00,1.22397,1.22444,1.22342,1.22435,1487,2,0
2014-01-27 04:00:00,1.22435,1.22464,1.22403,1.22449,1490,1,0
2014-01-27 06:00:00,1.22451,1.22485,1.22414,1.22472,1496,2,0
2014-01-27 08:00:00,1.22472,1.22579,1.22428,1.22488,3080,1,0
2014-01-27 10:00:00,1.22488,1.22656,1.22472,1.22623,3388,1,0
2014-01-27 12:00:00,1.22627,1.2273,1.22576,1.22638,2767,1,0
2014-01-27 14:00:00,1.22639,1.22682,1.22462,1.22577,3217,3,0
2014-01-27 16:00:00,1.22577,1.22631,1.22409,1.22513,3488,2,0
2014-01-27 18:00:00,1.22513,1.22589,1.22419,1.22588,2383,3,0
2014-01-27 20:00:00,1.22586,1.22666,1.22555,1.22606,1913,6,0
2014-01-27 22:00:00,1.22606,1.22646,1.22484,1.22539,1846,3,0
2014-01-28 00:00:00,1.22538,1.22596,1.22508,1.22574,1315,6,0
2014-01-28 02:00:00,1.22574,1.22618,1.22524,1.22552,1673,2,0
2014-01-28 04:00:00,1.22552,1.2261,1.22531,1.22588,1413,4,0
2014-01-28 06:00:00,1.22588,1.22607,1.22561,1.22586,1350,4,0
2014-01-28 08:00:00,1.22588,1.22716,1.22562,1.22656,2434,1,0
2014-01-28 10:00:00,1.22658,1.2281,1.22652,1.22712,3352,1,0
2014-01-28 12:00:00,1.22712,1.22829,1.22671,1.22809,2550,2,0
2014-01-28 14:00:00,1.2281,1.22814,1.22638,1.22705,3989,1,0
2014-01-28 16:00:00,1.2271,1.22822,1.22708,1.22728,2787,1,0
2014-01-28 18:00:00,1.2273,1.22798,1.22729,1.22746,2038,5,0
2014-01-28 20:00:00,1.22744,1.22746,1.22669,1.22695,1654,3,0
2014-01-28 22:00:00,1.22693,1.2291,1.2262,1.22883,2142,1,0
2014-01-29 00:00:00,1.22881,1.22889,1.22808,1.22833,1536,1,0
2014-01-29 02:00:00,1.22832,1.22878,1.22813,1.22835,1307,2,0
2014-01-29 04:00:00,1.22835,1.22948,1.22833,1.22947,1268,5,0
2014-01-29 06:00:00,1.22947,1.22967,1.22907,1.22942,1158,5,0
2014-01-29 08:00:00,1.22944,1.22973,1.22812,1.22835,2372,1,0
2014-01-29 10:00:00,1.22832,1.22847,1.22608,1.22613,2765,1,0
2014-01-29 12:00:00,1.22615,1.22678,1.22579,1.22604,3333,1,0
2014-01-29 14:00:00,1.22606,1.22634,1.22164,1.22316,6303,1,0
2014-01-29 16:00:00,1.22313,1.22339,1.22201,1.22262,3731,2,0
2014-01-29 18:00:00,1.22262,1.2228,1.22146,1.22248,2349,1,0
2014-01-29 20:00:00,1.22247,1.22335,1.22129,1.2227,3855,2,0
2014-01-29 22:00:00,1.22264,1.22301,1.22165,1.22193,1721,3,0
2014-01-30 00:00:00,1.22189,1.22256,1.22176,1.222,1344,5,0
2014-01-30 02:00:00,1.22203,1.22275,1.22187,1.22266,1601,2,0
2014-01-30 04:00:00,1.22267,1.22386,1.22224,1.22343,1572,1,0
2014-01-30 06:00:00,1.22343,1.22367,1.22286,1.22349,1242,1,0
2014-01-30 08:00:00,1.22349,1.22402,1.22279,1.22325,3170,1,0
2014-01-30 10:00:00,1.22326,1.22333,1.22206,1.22275,3690,1,0
2014-01-30 12:00:00,1.22268,1.22455,1.22267,1.22404,3134,1,0
2014-01-30 14:00:00,1.22406,1.22483,1.22298,1.22414,4025,1,0
2014-01-30 16:00:00,1.22414,1.22542,1.22337,1.22524,3937,1,0
2014-01-30 18:00:00,1.22529,1.22531,1.22397,1.22405,2665,4,0
2014-01-30 20:00:00,1.22405,1.22453,1.22355,1.22428,1908,6,0
2014-01-30 22:00:00,1.22426,1.22444,1.22308,1.22346,2209,4,0
2014-01-31 00:00:00,1.22341,1.22404,1.22323,1.22335,1507,2,0
2014-01-31 02:00:00,1.22335,1.22354,1.22301,1.22318,2023,1,0
2014-01-31 04:00:00,1.22316,1.22318,1.22258,1.22283,1816,1,0
2014-01-31 06:00:00,1.22283,1.2236,1.22262,1.22342,1621,1,0
2014-01-31 08:00:00,1.22345,1.22455,1.2229,1.22416,2462,1,0
2014-01-31 10:00:00,1.22417,1.22434,1.22216,1.22333,3782,1,0
2014-01-31 12:00:00,1.2233,1.22379,1.2216,1.22262,3822,1,0
2014-01-31 14:00:00,1.22263,1.22295,1.2212,1.22239,4927,2,0
2014-01-31 16:00:00,1.22237,1.22248,1.22108,1.22197,4174,1,0
2014-01-31 18:00:00,1.22196,1.22289,1.22166,1.22216,2649,4,0
2014-01-31 20:00:00,1.22215,1.22414,1.22215,1.22284,2798,2,0
2014-01-31 22:00:00,1.22287,1.22289,1.22151,1.22159,1382,1,0
2014-02-03 00:00:00,1.22231,1.22353,1.2221,1.2234,1367,1,0
2014-02-03 02:00:00,1.2234,1.22419,1.22283,1.22348,1829,2,0
2014-02-03 04:00:00,1.22349,1.22391,1.22319,1.2233,1615,1,0
2014-02-03 06:00:00,1.22336,1.22344,1.22097,1.22181,1577,1,0
2014-02-03 08:00:00,1.22178,1.22326,1.22118,1.22186,3330,1,0
2014-02-03 10:00:00,1.22186,1.22242,1.22119,1.22223,3197,1,0
2014-02-03 12:00:00,1.22225,1.22241,1.22108,1.2217,2529,2,0
2014-02-03 14:00:00,1.22172,1.22267,1.221,1.22108,2812,3,0
2014-02-03 16:00:00,1.22108,1.22108,1.219,1.21903,4915,1,0
2014-02-03 18:00:00,1.21904,1.21992,1.21866,1.21919,3313,4,0
2014-02-03 20:00:00,1.21916,1.21978,1.21844,1.2192,2658,4,0
2014-02-03 22:00:00,1.21923,1.21938,1.21845,1.21926,1764,1,0
2014-02-04 00:00:00,1.21926,1.21961,1.21854,1.2194,1774,1,0
2014-02-04 02:00:00,1.2194,1.21985,1.21864,1.21985,1761,2,0
2014-02-04 04:00:00,1.21985,1.22034,1.2193,1.21947,2021,1,0
2014-02-04 06:00:00,1.21948,1.22047,1.21877,1.21928,2165,2,0
2014-02-04 08:00:00,1.21931,1.22143,1.21931,1.22107,3095,1,0
2014-02-04 10:00:00,1.22109,1.22214,1.22087,1.22177,2947,2,0
2014-02-04 12:00:00,1.22178,1.22226,1.22123,1.22144,2064,3,0
2014-02-04 14:00:00,1.22148,1.22288,1.22134,1.22253,3106,3,0
2014-02-04 16:00:00,1.22258,1.22312,1.22169,1.22243,3516,1,0
2014-02-04 18:00:00,1.22243,1.22316,1.22224,1.22224,2158,4,0
2014-02-04 20:00:00,1.22225,1.22264,1.22189,1.22194,1644,3,0
2014-02-04 22:00:00,1.22195,1.22211,1.22117,1.22157,1620,3,0
2014-02-05 00:00:00,1.22157,1.22203,1.22126,1.22159,1613,2,0
2014-02-05 02:00:00,1.22165,1.22178,1.22108,1.22133,1513,2,0
2014-02-05 04:00:00,1.22131,1.22147,1.22095,1.22137,1271,5,0
2014-02-05 06:00:00,1.22136,1.22233,1.2213,1.22183,1483,5,0
2014-02-05 08:00:00,1.22183,1.22227,1.22125,1.22208,2929,1,0
2014-02-05 10:00:00,1.22208,1.22296,1.22198,1.22285,3286,1,0
2014-02-05 12:00:00,1.22285,1.22323,1.22231,1.22242,2743,1,0
2014-02-05 14:00:00,1.2224,1.22297,1.2205,1.22206,6249,1,0
2014-02-05 16:00:00,1.22208,1.22332,1.22113,1.22237,6171,1,0
2014-02-05 18:00:00,1.22234,1.22296,1.2221,1.22236,2897,1,0
2014-02-05 20:00:00,1.22234,1.22317,1.22221,1.22304,1802,3,0
2014-02-05 22:00:00,1.22307,1.22336,1.22255,1.22319,1656,4,0
2014-02-06 00:00:00,1.22317,1.22365,1.22298,1.22354,1785,1,0
2014-02-06 02:00:00,1.22352,1.22363,1.22315,1.22322,1777,2,0
2014-02-06 04:00:00,1.22322,1.22352,1.22291,1.22318,2029,1,0
2014-02-06 06:00:00,1.22318,1.22342,1.22275,1.2229,1688,1,0
2014-02-06 08:00:00,1.22288,1.223,1.2221,1.22212,2553,1,0
2014-02-06 10:00:00,1.22212,1.22304,1.22202,1.22252,2397,4,0
2014-02-06 12:00:00,1.22251,1.22262,1.2215,1.22232,3742,1,0
2014-02-06 14:00:00,1.2223,1.22291,1.22112,1.22285,9436,1,0
2014-02-06 16:00:00,1.22286,1.22377,1.2227,1.22334,4447,1,0
2014-02-06 18:00:00,1.22335,1.22394,1.22318,1.22387,2795,3,0
2014-02-06 20:00:00,1.22389,1.22427,1.22352,1.22399,2392,2,0
2014-02-06 22:00:00,1.22398,1.22449,1.22378,1.22434,1515,1,0
2014-02-07 00:00:00,1.22434,1.22441,1.22382,1.22397,1570,3,0
2014-02-07 02:00:00,1.22394,1.22437,1.22382,1.22412,1710,1,0
2014-02-07 04:00:00,1.22412,1.22414,1.22382,1.2239,1093,8,0
2014-02-07 06:00:00,1.2239,1.22447,1.22385,1.22444,1258,2,0
2014-02-07 08:00:00,1.22443,1.22452,1.22209,1.22282,3287,1,0
2014-02-07 10:00:00,1.22282,1.22381,1.22269,1.22344,3030,1,0
2014-02-07 12:00:00,1.22341,1.22386,1.22316,1.22366,2585,2,0
2014-02-07 14:00:00,1.22366,1.225,1.22179,1.22482,7586,1,0
2014-02-07 16:00:00,1.22481,1.22485,1.22311,1.22414,4138,1,0
2014-02-07 18:00:00,1.22413,1.22419,1.22314,1.22316,2382,3,0
2014-02-07 20:00:00,1.22314,1.22409,1.22312,1.2238,2477,3,0
2014-02-07 22:00:00,1.2238,1.22458,1.22368,1.22438,905,1,0
2014-02-10 00:00:00,1.22405,1.2247,1.22355,1.22463,1665,3,0
2014-02-10 02:00:00,1.22462,1.22479,1.22428,1.22454,1238,1,0
2014-02-10 04:00:00,1.22447,1.22481,1.22447,1.22475,1100,4,0
2014-02-10 06:00:00,1.22475,1.22504,1.22452,1.22479,1299,3,0
2014-02-10 08:00:00,1.22476,1.22482,1.22274,1.2228,2248,1,0
2014-02-10 10:00:00,1.22282,1.22314,1.22245,1.22272,2313,3,0
2014-02-10 12:00:00,1.22272,1.22362,1.22259,1.22349,1667,2,0
2014-02-10 14:00:00,1.22349,1.22379,1.22327,1.22372,1789,3,0
2014-02-10 16:00:00,1.22372,1.22386,1.22334,1.22354,2498,3,0
2014-02-10 18:00:00,1.22354,1.22388,1.22331,1.22336,1499,4,0
2014-02-10 20:00:00,1.22336,1.22361,1.22319,1.22349,1420,8,0
2014-02-10 22:00:00,1.2235,1.22382,1.22337,1.22363,1574,3,0
2014-02-11 00:00:00,1.22363,1.22404,1.22284,1.22309,1748,1,0
2014-02-11 02:00:00,1.22307,1.22365,1.22274,1.2235,1703,1,0
2014-02-11 04:00:00,1.2235,1.22364,1.22318,1.22339,1153,4,0
2014-02-11 06:00:00,1.22344,1.22409,1.22344,1.22365,1373,2,0
2014-02-11 08:00:00,1.22364,1.22439,1.22309,1.22375,2399,3,0
2014-02-11 10:00:00,1.22374,1.22479,1.22362,1.22444,1734,3,0
2014-02-11 12:00:00,1.22446,1.22457,1.22337,1.22357,1695,3,0
2014-02-11 14:00:00,1.2235,1.22438,1.22311,1.22359,3695,2,0
2014-02-11 16:00:00,1.2236,1.22483,1.22326,1.22459,3064,1,0
2014-02-11 18:00:00,1.22457,1.22568,1.22426,1.22515,2488,1,0
2014-02-11 20:00:00,1.22514,1.22569,1.22475,1.22518,1630,2,0
2014-02-11 22:00:00,1.22514,1.22524,1.22443,1.22497,1324,6,0
2014-02-12 00:00:00,1.22496,1.22513,1.22459,1.22496,1215,4,0
2014-02-12 02:00:00,1.22497,1.22529,1.22454,1.22459,1736,1,0
2014-02-12 04:00:00,1.2246,1.22486,1.22412,1.22414,1217,1,0
2014-02-12 06:00:00,1.22414,1.2249,1.22404,1.22414,1562,2,0
2014-02-12 08:00:00,1.22416,1.22458,1.22408,1.22429,2183,2,0
2014-02-12 10:00:00,1.2243,1.22483,1.22411,1.22433,2354,1,0
2014-02-12 12:00:00,1.22431,1.22468,1.22338,1.22429,3820,1,0
2014-02-12 14:00:00,1.22434,1.22604,1.2241,1.22524,3188,1,0
2014-02-12 16:00:00,1.22524,1.2256,1.22393,1.2241,3101,1,0
2014-02-12 18:00:00,1.22411,1.22532,1.22409,1.22458,2235,1,0
2014-02-12 20:00:00,1.22458,1.22469,1.22383,1.22395,1681,1,0
2014-02-12 22:00:00,1.22396,1.22438,1.22383,1.22413,1469,4,0
2014-02-13 00:00:00,1.22414,1.22459,1.22386,1.224,1898,1,0
2014-02-13 02:00:00,1.22401,1.22418,1.22297,1.22305,1895,1,0
2014-02-13 04:00:00,1.22305,1.22328,1.22284,1.22285,1388,1,0
2014-02-13 06:00:00,1.22285,1.22285,1.22065,1.22169,2704,1,0
2014-02-13 08:00:00,1.22169,1.22262,1.22129,1.22223,2219,1,0
2014-02-13 10:00:00,1.22221,1.22234,1.22102,1.22142,3414,2,0
2014-02-13 12:00:00,1.22139,1.22197,1.22109,1.22157,2103,2,0
2014-02-13 14:00:00,1.22146,1.22187,1.22096,1.2216,3649,1,0
2014-02-13 16:00:00,1.22161,1.22282,1.22154,1.22243,2986,1,0
2014-02-13 18:00:00,1.22242,1.22261,1.22182,1.22186,1998,2,0
2014-02-13 20:00:00,1.22187,1.22281,1.22181,1.22258,1422,3,0
2014-02-13 22:00:00,1.22258,1.22261,1.22152,1.22196,1304,5,0
2014-02-14 00:00:00,1.22202,1.22278,1.22195,1.22223,1159,5,0
2014-02-14 02:00:00,1.22222,1.2223,1.2215,1.22162,1947,1,0
2014-02-14 04:00:00,1.22164,1.22181,1.22057,1.22113,1776,2,0
2014-02-14 06:00:00,1.22111,1.22173,1.22076,1.22118,1986,2,0
2014-02-14 08:00:00,1.22116,1.22219,1.22099,1.2219,2561,1,0
2014-02-14 10:00:00,1.2218,1.22262,1.22162,1.22242,2493,1,0
2014-02-14 12:00:00,1.22246,1.22275,1.22207,1.22258,2034,2,0
2014-02-14 14:00:00,1.22259,1.22272,1.22152,1.22188,3136,1,0
2014-02-14 16:00:00,1.22188,1.2227,1.22157,1.22228,2590,2,0
2014-02-14 18:00:00,1.2223,1.22242,1.22158,1.22162,1747,2,0
2014-02-14 20:00:00,1.22162,1.22185,1.22147,1.22178,1390,3,0
2014-02-14 22:00:00,1.22173,1.22244,1.22147,1.22179,923,1,0
2014-02-17 00:00:00,1.22194,1.22208,1.22102,1.22188,1436,2,0
2014-02-17 02:00:00,1.22188,1.22217,1.22148,1.22175,1916,1,0
2014-02-17 04:00:00,1.22175,1.22178,1.22116,1.22148,1660,1,0
2014-02-17 06:00:00,1.2215,1.22174,1.22121,1.22156,1293,2,0
2014-02-17 08:00:00,1.22158,1.22267,1.22147,1.22237,1765,1,0
2014-02-17 10:00:00,1.22237,1.2224,1.2217,1.222,2068,2,0
2014-02-17 12:00:00,1.22199,1.22228,1.22189,1.22209,1645,1,0
2014-02-17 14:00:00,1.22214,1.22232,1.22167,1.2221,1537,2,0
2014-02-17 16:00:00,1.22208,1.22225,1.22169,1.222,1567,3,0
2014-02-17 18:00:00,1.222,1.22218,1.22159,1.22183,1340,1,0
2014-02-17 20:00:00,1.2219,1.22215,1.22173,1.22183,1597,1,0
2014-02-17 22:00:00,1.22184,1.22205,1.2216,1.22171,1533,7,0
2014-02-18 00:00:00,1.22171,1.22235,1.22155,1.22224,1874,3,0
2014-02-18 02:00:00,1.22225,1.22285,1.22225,1.22257,1805,2,0
2014-02-18 04:00:00,1.22257,1.22341,1.22229,1.22329,1857,1,0
2014-02-18 06:00:00,1.2233,1.22379,1.22294,1.22297,1836,1,0
2014-02-18 08:00:00,1.22297,1.22314,1.22253,1.22278,2371,1,0
2014-02-18 10:00:00,1.22274,1.22319,1.22174,1.22214,3088,1,0
2014-02-18 12:00:00,1.22214,1.22277,1.22176,1.22258,2396,1,0
2014-02-18 14:00:00,1.2226,1.2226,1.22125,1.22152,3495,2,0
2014-02-18 16:00:00,1.22148,1.22189,1.22112,1.22144,2826,2,0
2014-02-18 18:00:00,1.22144,1.22208,1.22123,1.2218,1746,1,0
2014-02-18 20:00:00,1.22182,1.22222,1.22153,1.22182,1705,2,0
2014-02-18 22:00:00,1.22181,1.22206,1.22141,1.2217,1580,1,0
2014-02-19 00:00:00,1.22167,1.22186,1.22126,1.22148,1583,2,0
2014-02-19 02:00:00,1.22147,1.22172,1.22122,1.22154,1499,1,0
2014-02-19 04:00:00,1.22153,1.2216,1.22128,1.22148,1491,6,0
2014-02-19 06:00:00,1.22149,1.22173,1.22128,1.22129,1483,2,0
2014-02-19 08:00:00,1.22126,1.22258,1.22102,1.22233,2294,1,0
2014-02-19 10:00:00,1.22235,1.22255,1.22133,1.22152,2160,1,0
2014-02-19 12:00:00,1.22152,1.22177,1.22085,1.22117,1907,2,0
2014-02-19 14:00:00,1.22117,1.22148,1.22041,1.22142,2896,1,0
2014-02-19 16:00:00,1.22141,1.22191,1.2204,1.22047,2923,1,0
2014-02-19 18:00:00,1.22045,1.22045,1.21902,1.2198,2336,1,0
2014-02-19 20:00:00,1.21983,1.22093,1.2191,1.22011,3421,1,0
2014-02-19 22:00:00,1.22012,1.22063,1.21997,1.22044,1364,1,0
2014-02-20 00:00:00,1.22044,1.22064,1.22019,1.22031,1660,1,0
2014-02-20 02:00:00,1.22033,1.22054,1.21917,1.21965,2275,1,0
2014-02-20 04:00:00,1.21967,1.22018,1.21966,1.21996,1769,1,0
2014-02-20 06:00:00,1.22,1.22023,1.2191,1.21917,1944,3,0
2014-02-20 08:00:00,1.21917,1.22003,1.21866,1.21886,3697,1,0
2014-02-20 10:00:00,1.21887,1.22075,1.2188,1.22022,3022,1,0
2014-02-20 12:00:00,1.22022,1.22046,1.21982,1.22035,1732,1,0
2014-02-20 14:00:00,1.2203,1.22101,1.21963,1.2203,3172,1,0
2014-02-20 16:00:00,1.22015,1.22096,1.21985,1.22017,3492,1,0
2014-02-20 18:00:00,1.22016,1.22039,1.21988,1.22031,2106,1,0
2014-02-20 20:00:00,1.22027,1.22031,1.21988,1.2201,1640,3,0
2014-02-20 22:00:00,1.2201,1.22055,1.21989,1.22037,1392,2,0
2014-02-21 00:00:00,1.2204,1.22057,1.22003,1.22016,1259,3,0
2014-02-21 02:00:00,1.22014,1.22025,1.21959,1.21976,1394,1,0
2014-02-21 04:00:00,1.21976,1.2198,1.21944,1.21955,1022,2,0
2014-02-21 06:00:00,1.21955,1.21994,1.21937,1.21956,1325,3,0
2014-02-21 08:00:00,1.21952,1.22108,1.21948,1.22032,2564,1,0
2014-02-21 10:00:00,1.22032,1.2206,1.22009,1.22012,1748,1,0
2014-02-21 12:00:00,1.22011,1.2203,1.21968,1.21968,1545,1,0
2014-02-21 14:00:00,1.21968,1.22062,1.21918,1.22022,3234,1,0
2014-02-21 16:00:00,1.2202,1.22072,1.21974,1.21983,3914,1,0
2014-02-21 18:00:00,1.21982,1.22004,1.21887,1.21975,2189,1,0
2014-02-21 20:00:00,1.21973,1.21981,1.21887,1.21951,1757,1,0
2014-02-21 22:00:00,1.21952,1.21988,1.21916,1.21973,878,6,0
2014-02-24 00:00:00,1.21903,1.21928,1.21849,1.21901,1322,4,0
2014-02-24 02:00:00,1.21901,1.21925,1.21885,1.21901,1485,1,0
2014-02-24 04:00:00,1.21902,1.21904,1.21859,1.21886,1339,4,0
2014-02-24 06:00:00,1.21886,1.21934,1.21874,1.21915,1195,4,0
2014-02-24 08:00:00,1.21917,1.21977,1.21887,1.21949,2707,1,0
2014-02-24 10:00:00,1.2195,1.22047,1.21914,1.2199,2633,1,0
2014-02-24 12:00:00,1.21989,1.22083,1.21983,1.22048,2522,2,0
2014-02-24 14:00:00,1.22049,1.22154,1.22048,1.22138,3342,1,0
2014-02-24 16:00:00,1.22139,1.22178,1.22076,1.22116,3414,1,0
2014-02-24 18:00:00,1.22117,1.22141,1.22066,1.22093,1530,3,0
2014-02-24 20:00:00,1.22093,1.22108,1.22056,1.22092,1445,3,0
2014-02-24 22:00:00,1.22092,1.22105,1.21955,1.2207,1151,7,0
2014-02-25 00:00:00,1.22072,1.22086,1.22043,1.22068,1388,3,0
2014-02-25 02:00:00,1.22067,1.22086,1.22043,1.22062,1586,1,0
2014-02-25 04:00:00,1.22063,1.22113,1.22061,1.22098,1307,3,0
2014-02-25 06:00:00,1.22099,1.22102,1.21996,1.22016,1709,1,0
2014-02-25 08:00:00,1.22015,1.22021,1.21952,1.21979,2649,1,0
2014-02-25 10:00:00,1.21979,1.22018,1.21935,1.2194,2074,2,0
2014-02-25 12:00:00,1.21939,1.21974,1.21911,1.21926,2261,2,0
2014-02-25 14:00:00,1.21927,1.21956,1.21878,1.21906,3260,1,0
2014-02-25 16:00:00,1.21905,1.21982,1.2188,1.21949,4131,1,0
2014-02-25 18:00:00,1.21949,1.21966,1.21911,1.21938,1643,2,0
2014-02-25 20:00:00,1.21938,1.21942,1.21881,1.21903,1565,5,0
2014-02-25 22:00:00,1.21904,1.21909,1.21872,1.219,1275,5,0
2014-02-26 00:00:00,1.21903,1.21922,1.21888,1.21892,1405,6,0
2014-02-26 02:00:00,1.2189,1.21952,1.21886,1.21949,1353,7,0
2014-02-26 04:00:00,1.2195,1.21961,1.21914,1.21935,1360,7,0
2014-02-26 06:00:00,1.21934,1.21971,1.21916,1.21934,1557,1,0
2014-02-26 08:00:00,1.21932,1.22006,1.21921,1.21991,2062,1,0
2014-02-26 10:00:00,1.2199,1.2204,1.21951,1.21995,2314,2,0
2014-02-26 12:00:00,1.21995,1.22041,1.21965,1.21982,2403,2,0
2014-02-26 14:00:00,1.2198,1.22002,1.21886,1.21924,4117,1,0
2014-02-26 16:00:00,1.21924,1.22006,1.21891,1.21936,4250,1,0
2014-02-26 18:00:00,1.21937,1.21979,1.21922,1.2196,2321,1,0
2014-02-26 20:00:00,1.21957,1.2196,1.2188,1.21891,1844,1,0
2014-02-26 22:00:00,1.21889,1.2191,1.21852,1.21873,1216,1,0
2014-02-27 00:00:00,1.21873,1.21884,1.2185,1.21874,1595,1,0
2014-02-27 02:00:00,1.21874,1.21874,1.21842,1.21861,1669,5,0
2014-02-27 04:00:00,1.21859,1.2186,1.2181,1.21824,1343,1,0
2014-02-27 06:00:00,1.21822,1.21871,1.21821,1.21857,1336,4,0
2014-02-27 08:00:00,1.21858,1.21866,1.2169,1.2176,3300,1,0
2014-02-27 10:00:00,1.21762,1.21765,1.21567,1.21629,3642,1,0
2014-02-27 12:00:00,1.21628,1.21675,1.21598,1.21621,2608,1,0
2014-02-27 14:00:00,1.21621,1.21702,1.21595,1.21683,4100,1,0
2014-02-27 16:00:00,1.21685,1.21777,1.21635,1.21759,3793,1,0
2014-02-27 18:00:00,1.21759,1.21827,1.21712,1.21782,2247,1,0
2014-02-27 20:00:00,1.21782,1.21798,1.21758,1.21795,1954,2,0
2014-02-27 22:00:00,1.21796,1.21818,1.21751,1.21775,1677,3,0
2014-02-28 00:00:00,1.21775,1.21824,1.21755,1.21773,1682,1,0
2014-02-28 02:00:00,1.21774,1.2178,1.21715,1.21723,1542,1,0
2014-02-28 04:00:00,1.21723,1.21749,1.21687,1.21691,1762,6,0
2014-02-28 06:00:00,1.21691,1.21754,1.21681,1.21717,1419,1,0
2014-02-28 08:00:00,1.21717,1.21765,1.21646,1.21659,2833,1,0
2014-02-28 10:00:00,1.21659,1.21813,1.21493,1.21632,4749,1,0
2014-02-28 12:00:00,1.2163,1.21659,1.21582,1.21626,3131,1,0
2014-02-28 14:00:00,1.21628,1.2166,1.21451,1.21631,4554,1,0
2014-02-28 16:00:00,1.2163,1.21665,1.21539,1.21625,3612,1,0
2014-02-28 18:00:00,1.21626,1.21626,1.21516,1.21517,2220,2,0
2014-02-28 20:00:00,1.21517,1.21539,1.21327,1.21388,3455,2,0
2014-02-28 22:00:00,1.21392,1.21457,1.21357,1.2141,1309,1,0
2014-03-03 00:00:00,1.21073,1.21274,1.21037,1.21157,2535,1,0
2014-03-03 02:00:00,1.21155,1.21229,1.21136,1.21209,1310,3,0
2014-03-03 04:00:00,1.21208,1.21225,1.21177,1.21225,1010,5,0
2014-03-03 06:00:00,1.21223,1.21329,1.21209,1.21304,1184,3,0
2014-03-03 08:00:00,1.21304,1.21357,1.21224,1.21338,2771,1,0
2014-03-03 10:00:00,1.21336,1.21365,1.21198,1.212,2515,1,0
2014-03-03 12:00:00,1.21201,1.21325,1.21179,1.2131,2464,2,0
2014-03-03 14:00:00,1.21311,1.21385,1.21245,1.21325,3235,1,0
2014-03-03 16:00:00,1.21326,1.21357,1.21209,1.21243,3689,2,0
2014-03-03 18:00:00,1.21243,1.21325,1.21209,1.21313,3045,1,0
2014-03-03 20:00:00,1.21313,1.21357,1.21266,1.21291,2032,4,0
2014-03-03 22:00:00,1.21289,1.21339,1.21252,1.21315,1679,2,0
2014-03-04 00:00:00,1.21315,1.21337,1.21271,1.21324,1408,5,0
2014-03-04 02:00:00,1.21322,1.21342,1.213,1.21324,1213,3,0
2014-03-04 04:00:00,1.21324,1.21374,1.21324,1.2137,1195,3,0
2014-03-04 06:00:00,1.21372,1.21609,1.21349,1.21488,1929,3,0
2014-03-04 08:00:00,1.2149,1.21659,1.21431,1.21578,2572,2,0
2014-03-04 10:00:00,1.21578,1.21715,1.21511,1.21677,2557,2,0
2014-03-04 12:00:00,1.21677,1.2173,1.21652,1.21726,2224,1,0
2014-03-04 14:00:00,1.21725,1.21771,1.21655,1.21752,3206,1,0
2014-03-04 16:00:00,1.21752,1.21864,1.21714,1.21779,3523,1,0
2014-03-04 18:00:00,1.21779,1.21856,1.21762,1.2184,1937,3,0
2014-03-04 20:00:00,1.21839,1.21943,1.21783,1.21919,1613,1,0
2014-03-04 22:00:00,1.2192,1.21956,1.21884,1.21951,1078,2,0
2014-03-05 00:00:00,1.21951,1.21953,1.21858,1.21858,1389,3,0
2014-03-05 02:00:00,1.21858,1.21894,1.21824,1.21883,1453,2,0
2014-03-05 04:00:00,1.21882,1.21888,1.21844,1.21883,1212,7,0
2014-03-05 06:00:00,1.21885,1.21886,1.21813,1.21842,1654,4,0
2014-03-05 08:00:00,1.21842,1.21895,1.2181,1.21872,2250,1,0
2014-03-05 10:00:00,1.21874,1.21922,1.21784,1.21839,2882,2,0
2014-03-05 12:00:00,1.21839,1.21903,1.21825,1.2186,2124,2,0
2014-03-05 14:00:00,1.2186,1.21995,1.21787,1.21929,4256,1,0
2014-03-05 16:00:00,1.21926,1.21948,1.21759,1.21851,3171,1,0
2014-03-05 18:00:00,1.21851,1.21883,1.21811,1.21882,1639,1,0
2014-03-05 20:00:00,1.21883,1.21892,1.2182,1.21871,1794,5,0
2014-03-05 22:00:00,1.21871,1.21893,1.21806,1.21848,1216,1,0
2014-03-06 00:00:00,1.21847,1.21885,1.21828,1.21857,1558,1,0
2014-03-06 02:00:00,1.21855,1.2194,1.21855,1.21932,1593,3,0
2014-03-06 04:00:00,1.21931,1.21982,1.21905,1.21967,1361,4,0
2014-03-06 06:00:00,1.21967,1.21991,1.2194,1.21989,1495,4,0
2014-03-06 08:00:00,1.21994,1.22011,1.21946,1.21957,1915,3,0
2014-03-06 10:00:00,1.21957,1.21978,1.21855,1.21856,1763,3,0
2014-03-06 12:00:00,1.21857,1.21916,1.21798,1.21892,3125,1,0
2014-03-06 14:00:00,1.21891,1.22146,1.21872,1.22113,5899,1,0
2014-03-06 16:00:00,1.22111,1.22119,1.21976,1.22008,4102,1,0
2014-03-06 18:00:00,1.22007,1.22039,1.21937,1.21988,3028,1,0
2014-03-06 20:00:00,1.21988,1.22033,1.21973,1.22014,1722,2,0
2014-03-06 22:00:00,1.22015,1.2204,1.21959,1.21963,1478,2,0
2014-03-07 00:00:00,1.21973,1.22051,1.21958,1.21972,1785,2,0
2014-03-07 02:00:00,1.21971,1.21971,1.21892,1.21896,1429,4,0
2014-03-07 04:00:00,1.21896,1.21907,1.21861,1.21861,1087,6,0
2014-03-07 06:00:00,1.2187,1.21892,1.21824,1.21828,1607,1,0
2014-03-07 08:00:00,1.21828,1.21965,1.21808,1.21865,2532,1,0
2014-03-07 10:00:00,1.21865,1.21957,1.21812,1.21925,2556,2,0
2014-03-07 12:00:00,1.21923,1.21931,1.21832,1.21886,3472,1,0
2014-03-07 14:00:00,1.21885,1.22141,1.21876,1.21981,9777,1,0
2014-03-07 16:00:00,1.21981,1.2201,1.21825,1.21834,5626,1,0
2014-03-07 18:00:00,1.21833,1.21848,1.21744,1.21761,3109,1,0
2014-03-07 20:00:00,1.21761,1.21768,1.21671,1.21746,2219,5,0
2014-03-07 22:00:00,1.21746,1.21809,1.21723,1.21798,1007,3,0
2014-03-10 00:00:00,1.21818,1.21847,1.21768,1.21827,1618,3,0
2014-03-10 02:00:00,1.21826,1.2185,1.21812,1.21816,2108,1,0
2014-03-10 04:00:00,1.21815,1.21816,1.2175,1.21766,1509,1,0
2014-03-10 06:00:00,1.21767,1.21787,1.21699,1.2174,2364,2,0
2014-03-10 08:00:00,1.21742,1.21841,1.21677,1.21829,4159,1,0
2014-03-10 10:00:00,1.21829,1.21895,1.21803,1.21851,4436,1,0
2014-03-10 12:00:00,1.21852,1.21891,1.21818,1.21869,3415,3,0
2014-03-10 14:00:00,1.2187,1.21925,1.21768,1.21794,5203,1,0
2014-03-10 16:00:00,1.21792,1.21921,1.21778,1.21844,4593,1,0
2014-03-10 18:00:00,1.21843,1.21847,1.21782,1.21808,2416,1,0
2014-03-10 20:00:00,1.21808,1.21821,1.21779,1.21785,1652,4,0
2014-03-10 22:00:00,1.21786,1.21806,1.21776,1.21797,1026,10,0
2014-03-11 00:00:00,1.21797,1.21848,1.21787,1.21842,1422,6,0
2014-03-11 02:00:00,1.21843,1.21888,1.21839,1.21871,1899,2,0
2014-03-11 04:00:00,1.21871,1.21879,1.21818,1.21826,1309,1,0
2014-03-11 06:00:00,1.21824,1.219,1.21812,1.21894,2637,1,0
2014-03-11 08:00:00,1.21893,1.21924,1.21738,1.21819,5344,1,0
2014-03-11 10:00:00,1.21818,1.21857,1.21775,1.2182,5140,2,0
2014-03-11 12:00:00,1.21821,1.21824,1.21738,1.21766,4024,1,0
2014-03-11 14:00:00,1.21766,1.21802,1.21738,1.21767,4492,1,0
2014-03-11 16:00:00,1.21768,1.21822,1.21723,1.21741,4736,1,0
2014-03-11 18:00:00,1.21741,1.21779,1.21649,1.21678,3960,1,0
2014-03-11 20:00:00,1.21679,1.21733,1.21656,1.21715,2363,3,0
2014-03-11 22:00:00,1.21716,1.21718,1.21624,1.21635,1437,1,0
2014-03-12 00:00:00,1.21635,1.21654,1.21592,1.21602,1928,1,0
2014-03-12 02:00:00,1.21602,1.2165,1.21578,1.2165,2778,2,0
2014-03-12 04:00:00,1.21648,1.21672,1.21613,1.21618,1926,1,0
2014-03-12 06:00:00,1.21618,1.21641,1.21601,1.21637,1885,5,0
2014-03-12 08:00:00,1.21636,1.21681,1.21588,1.21601,4048,1,0
2014-03-12 10:00:00,1.21601,1.21628,1.21552,1.21574,4915,1,0
2014-03-12 12:00:00,1.21575,1.21629,1.21532,1.21622,6271,1,0
2014-03-12 14:00:00,1.21623,1.21623,1.21512,1.21587,6262,1,0
2014-03-12 16:00:00,1.21586,1.21663,1.21508,1.21593,6070,1,0
2014-03-12 18:00:00,1.21593,1.21597,1.21523,1.2154,3549,1,0
2014-03-12 20:00:00,1.2154,1.21555,1.21504,1.21513,2208,3,0
2014-03-12 22:00:00,1.21506,1.21549,1.21495,1.21519,1288,3,0
2014-03-13 00:00:00,1.21519,1.21607,1.21502,1.21574,2386,1,0
2014-03-13 02:00:00,1.21574,1.21587,1.21523,1.21575,2199,1,0
2014-03-13 04:00:00,1.21576,1.21673,1.21555,1.21668,4067,1,0
2014-03-13 06:00:00,1.21666,1.21671,1.2155,1.21553,3226,3,0
2014-03-13 08:00:00,1.21555,1.2159,1.21378,1.21446,6431,1,0
2014-03-13 10:00:00,1.21448,1.21557,1.21435,1.21511,5449,1,0
2014-03-13 12:00:00,1.21509,1.21641,1.21475,1.2162,4238,1,0
2014-03-13 14:00:00,1.2162,1.2165,1.21458,1.21478,6690,1,0
2014-03-13 16:00:00,1.21479,1.21598,1.21275,1.21318,9878,1,0
2014-03-13 18:00:00,1.21318,1.21397,1.2128,1.21312,9958,1,0
2014-03-13 20:00:00,1.21314,1.21314,1.21242,1.21286,3464,1,0
2014-03-13 22:00:00,1.21287,1.21327,1.21251,1.21303,2323,1,0
2014-03-14 00:00:00,1.21303,1.21352,1.21266,1.21351,2284,1,0
2014-03-14 02:00:00,1.21351,1.21376,1.21332,1.21334,2022,3,0
2014-03-14 04:00:00,1.21334,1.21369,1.21307,1.21331,2613,2,0
2014-03-14 06:00:00,1.21331,1.21361,1.21275,1.21343,3426,2,0
2014-03-14 08:00:00,1.21344,1.21441,1.21325,1.21355,4244,2,0
2014-03-14 10:00:00,1.21354,1.21452,1.21348,1.21445,4479,2,0
2014-03-14 12:00:00,1.21445,1.21451,1.21278,1.21296,5773,1,0
2014-03-14 14:00:00,1.21296,1.21343,1.21221,1.21249,8545,1,0
2014-03-14 16:00:00,1.2125,1.21355,1.21219,1.21302,6659,1,0
2014-03-14 18:00:00,1.21304,1.21341,1.21247,1.21333,3470,1,0
2014-03-14 20:00:00,1.2133,1.21383,1.2132,1.21344,2279,1,0
2014-03-14 22:00:00,1.21347,1.21347,1.21347,1.21347,1,44,0
2014-03-17 00:00:00,1.2135,1.21377,1.21275,1.21349,1817,1,0
2014-03-17 02:00:00,1.21349,1.21425,1.21331,1.21425,1633,2,0
2014-03-17 04:00:00,1.21425,1.21438,1.21403,1.21419,1860,5,0
2014-03-17 06:00:00,1.21413,1.2146,1.21403,1.21455,1650,4,0
2014-03-17 08:00:00,1.21455,1.2154,1.21386,1.21536,4501,2,0
2014-03-17 10:00:00,1.21536,1.21572,1.21507,1.21565,4865,1,0
2014-03-17 12:00:00,1.21567,1.2159,1.21525,1.21534,4165,1,0
2014-03-17 14:00:00,1.21532,1.21585,1.21493,1.21504,7734,1,0
2014-03-17 16:00:00,1.21504,1.21562,1.21472,1.21515,4591,1,0
2014-03-17 18:00:00,1.21515,1.21575,1.21506,1.21554,3083,1,0
2014-03-17 20:00:00,1.21554,1.21587,1.21534,1.21552,1737,6,0
2014-03-17 22:00:00,1.21549,1.21635,1.21529,1.21622,1220,4,0
2014-03-18 00:00:00,1.21622,1.21644,1.21609,1.21637,1502,3,0
2014-03-18 02:00:00,1.21636,1.21644,1.21586,1.21602,1719,2,0
2014-03-18 04:00:00,1.21604,1.21609,1.2156,1.21587,1391,3,0
2014-03-18 06:00:00,1.21587,1.21593,1.2153,1.21556,1737,6,0
2014-03-18 08:00:00,1.21556,1.21564,1.21494,1.21558,3752,1,0
2014-03-18 10:00:00,1.21558,1.21596,1.2151,1.21586,4856,2,0
2014-03-18 12:00:00,1.21587,1.21667,1.21545,1.21624,7442,1,0
2014-03-18 14:00:00,1.21626,1.21779,1.21602,1.21699,7286,1,0
2014-03-18 16:00:00,1.21699,1.21744,1.21561,1.21645,5724,1,0
2014-03-18 18:00:00,1.21641,1.21697,1.2163,1.21686,3468,1,0
2014-03-18 20:00:00,1.2168,1.21703,1.21643,1.21655,1950,2,0
2014-03-18 22:00:00,1.21654,1.21683,1.21608,1.21644,1652,2,0
2014-03-19 00:00:00,1.21645,1.21678,1.21622,1.21662,1435,3,0
2014-03-19 02:00:00,1.21664,1.2167,1.21628,1.2164,1750,2,0
2014-03-19 04:00:00,1.21639,1.21665,1.21635,1.21655,1448,2,0
2014-03-19 06:00:00,1.21653,1.2168,1.21617,1.21674,2469,2,0
2014-03-19 08:00:00,1.21674,1.2181,1.21645,1.21756,3896,2,0
2014-03-19 10:00:00,1.21756,1.21824,1.21725,1.21739,4660,2,0
2014-03-19 12:00:00,1.2174,1.21742,1.2165,1.21671,2742,2,0
2014-03-19 14:00:00,1.21673,1.21718,1.2165,1.21691,5191,3,0
2014-03-19 16:00:00,1.21692,1.21709,1.21647,1.21671,3563,1,0
2014-03-19 18:00:00,1.21672,1.21976,1.21661,1.21964,13844,1,0
2014-03-19 20:00:00,1.21964,1.22018,1.21771,1.218,7543,1,0
2014-03-19 22:00:00,1.21798,1.21871,1.21788,1.21826,1603,4,0
2014-03-20 00:00:00,1.21825,1.21884,1.2178,1.21826,3213,1,0
2014-03-20 02:00:00,1.21826,1.21914,1.21805,1.219,2696,1,0
2014-03-20 04:00:00,1.219,1.21913,1.2186,1.21889,2385,4,0
2014-03-20 06:00:00,1.21889,1.21911,1.21842,1.21879,2748,3,0
2014-03-20 08:00:00,1.21879,1.21996,1.21803,1.2198,6567,1,0
2014-03-20 10:00:00,1.21981,1.22031,1.21896,1.21939,8237,1,0
2014-03-20 12:00:00,1.21939,1.21975,1.21877,1.21878,6169,1,0
2014-03-20 14:00:00,1.21878,1.21953,1.21822,1.21884,8524,1,0
2014-03-20 16:00:00,1.21885,1.21895,1.21621,1.21768,6555,1,0
2014-03-20 18:00:00,1.21768,1.21823,1.21748,1.21764,3356,1,0
2014-03-20 20:00:00,1.21764,1.21797,1.21732,1.21761,2389,2,0
2014-03-20 22:00:00,1.21753,1.21772,1.21716,1.21746,1151,5,0
2014-03-21 00:00:00,1.21747,1.21771,1.21716,1.21745,1551,2,0
2014-03-21 02:00:00,1.21744,1.21776,1.21719,1.21737,1919,1,0
2014-03-21 04:00:00,1.21737,1.21748,1.21679,1.21709,1593,3,0
2014-03-21 06:00:00,1.21707,1.21818,1.21692,1.21815,1878,3,0
2014-03-21 08:00:00,1.21814,1.21815,1.2165,1.2173,4411,2,0
2014-03-21 10:00:00,1.2173,1.21808,1.21712,1.21769,4635,1,0
2014-03-21 12:00:00,1.21769,1.21837,1.21747,1.21816,4574,1,0
2014-03-21 14:00:00,1.21814,1.21826,1.21718,1.21802,5847,1,0
2014-03-21 16:00:00,1.21802,1.21857,1.21766,1.2179,4661,1,0
2014-03-21 18:00:00,1.2179,1.2179,1.2171,1.21735,3985,1,0
2014-03-21 20:00:00,1.21734,1.21776,1.21687,1.21773,2365,3,0
2014-03-21 22:00:00,1.21767,1.21767,1.21767,1.21767,1,35,0
2014-03-24 00:00:00,1.21724,1.21781,1.21665,1.21753,1810,1,0
2014-03-24 02:00:00,1.21753,1.21843,1.21745,1.21833,2368,2,0
2014-03-24 04:00:00,1.21831,1.21895,1.21821,1.21881,1638,1,0
2014-03-24 06:00:00,1.2188,1.21895,1.21863,1.21879,2227,3,0
2014-03-24 08:00:00,1.21881,1.22024,1.21847,1.21968,5792,1,0
2014-03-24 10:00:00,1.21967,1.22012,1.21853,1.21988,5656,1,0
2014-03-24 12:00:00,1.21989,1.22013,1.21969,1.21993,4043,1,0
2014-03-24 14:00:00,1.21993,1.22005,1.21851,1.21866,4677,1,0
2014-03-24 16:00:00,1.21866,1.21945,1.21834,1.21939,4911,1,0
2014-03-24 18:00:00,1.2194,1.21948,1.21869,1.21899,8112,2,0
2014-03-24 20:00:00,1.219,1.21912,1.21813,1.21885,2226,2,0
2014-03-24 22:00:00,1.21885,1.2191,1.21838,1.21876,2041,1,0
2014-03-25 00:00:00,1.21876,1.21886,1.21822,1.21847,3099,1,0
2014-03-25 02:00:00,1.21846,1.21876,1.21831,1.21849,2502,2,0
2014-03-25 04:00:00,1.21849,1.21869,1.21824,1.21832,1706,3,0
2014-03-25 06:00:00,1.21832,1.21893,1.21807,1.21877,2870,1,0
2014-03-25 08:00:00,1.2188,1.21914,1.21815,1.21853,3722,2,0
2014-03-25 10:00:00,1.21854,1.21977,1.2184,1.21942,7028,1,0
2014-03-25 12:00:00,1.21942,1.22016,1.21936,1.21969,5039,1,0
2014-03-25 14:00:00,1.21969,1.22003,1.21925,1.21965,7543,1,0
2014-03-25 16:00:00,1.21964,1.22173,1.21939,1.22061,10910,1,0
2014-03-25 18:00:00,1.22062,1.22077,1.22003,1.22043,8173,1,0
2014-03-25 20:00:00,1.22044,1.22073,1.22026,1.22037,2575,2,0
2014-03-25 22:00:00,1.22035,1.22072,1.21995,1.22048,1958,1,0
2014-03-26 00:00:00,1.22046,1.2207,1.22027,1.22042,2546,2,0
2014-03-26 02:00:00,1.22041,1.22065,1.22025,1.22048,2991,1,0
2014-03-26 04:00:00,1.22047,1.22087,1.2203,1.22082,2645,2,0
2014-03-26 06:00:00,1.22082,1.22173,1.2205,1.22161,2359,1,0
2014-03-26 08:00:00,1.2216,1.22288,1.22155,1.22239,5320,1,0
2014-03-26 10:00:00,1.22238,1.22348,1.22208,1.22244,5104,1,0
2014-03-26 12:00:00,1.22244,1.22259,1.22156,1.22179,5567,1,0
2014-03-26 14:00:00,1.22179,1.22203,1.22097,1.22116,6471,1,0
2014-03-26 16:00:00,1.22116,1.2212,1.22028,1.22054,6604,1,0
2014-03-26 18:00:00,1.22055,1.22065,1.2193,1.21974,6733,1,0
2014-03-26 20:00:00,1.21974,1.22016,1.21943,1.21969,2841,2,0
2014-03-26 22:00:00,1.21962,1.22015,1.2195,1.21998,1181,3,0
2014-03-27 00:00:00,1.21998,1.22013,1.21972,1.22003,2447,1,0
2014-03-27 02:00:00,1.22003,1.22027,1.21985,1.22022,1801,2,0
2014-03-27 04:00:00,1.22022,1.2206,1.22012,1.22047,2242,4,0
2014-03-27 06:00:00,1.22045,1.22062,1.22002,1.2201,2776,4,0
2014-03-27 08:00:00,1.22012,1.22061,1.21957,1.2196,5418,1,0
2014-03-27 10:00:00,1.2196,1.2198,1.2186,1.21934,6646,1,0
2014-03-27 12:00:00,1.21934,1.21955,1.21856,1.21911,4945,1,0
2014-03-27 14:00:00,1.21913,1.21923,1.21773,1.21802,8536,1,0
2014-03-27 16:00:00,1.21804,1.21844,1.2176,1.21836,7528,1,0
2014-03-27 18:00:00,1.21836,1.21859,1.21787,1.21828,3981,3,0
2014-03-27 20:00:00,1.21827,1.21841,1.21794,1.2182,2180,2,0
2014-03-27 22:00:00,1.21825,1.21861,1.21791,1.21847,1583,1,0
2014-03-28 00:00:00,1.21847,1.21874,1.21805,1.21843,2332,1,0
2014-03-28 02:00:00,1.21841,1.21884,1.21838,1.21874,1615,7,0
2014-03-28 04:00:00,1.21874,1.21946,1.21871,1.21939,1991,4,0
2014-03-28 06:00:00,1.21939,1.21983,1.2193,1.21933,2528,2,0
2014-03-28 08:00:00,1.21933,1.22014,1.21895,1.21904,5469,1,0
2014-03-28 10:00:00,1.21905,1.21943,1.21838,1.21927,5476,2,0
2014-03-28 12:00:00,1.21929,1.21931,1.2178,1.21814,4925,1,0
2014-03-28 14:00:00,1.21822,1.21964,1.2178,1.2196,7926,1,0
2014-03-28 16:00:00,1.2196,1.21989,1.21918,1.21962,4912,1,0
2014-03-28 18:00:00,1.21962,1.21977,1.2191,1.21947,2467,3,0
2014-03-28 20:00:00,1.21948,1.21966,1.21921,1.21936,1831,6,0
2014-03-31 00:00:00,1.2197,1.21987,1.21952,1.21973,827,4,0
2014-03-31 02:00:00,1.21968,1.21994,1.21941,1.2195,1489,3,0
2014-03-31 04:00:00,1.21948,1.22005,1.21932,1.21993,1476,2,0
2014-03-31 06:00:00,1.21994,1.21994,1.21967,1.21977,1236,2,0
2014-03-31 08:00:00,1.21979,1.22004,1.21918,1.21935,3614,1,0
2014-03-31 10:00:00,1.21935,1.22052,1.21922,1.21965,7334,1,0
2014-03-31 12:00:00,1.21968,1.21973,1.21886,1.21918,5221,1,0
2014-03-31 14:00:00,1.21918,1.21952,1.21882,1.21911,6470,1,0
2014-03-31 16:00:00,1.21911,1.21925,1.21711,1.21795,8548,1,0
2014-03-31 18:00:00,1.21795,1.21815,1.21709,1.21714,3422,1,0
2014-03-31 20:00:00,1.21714,1.21796,1.2171,1.21783,2273,1,0
2014-03-31 22:00:00,1.21782,1.21817,1.21767,1.2179,2130,2,0
2014-04-01 00:00:00,1.2179,1.21822,1.21771,1.21809,1148,6,0
2014-04-01 02:00:00,1.2181,1.21845,1.21792,1.21816,1676,1,0
2014-04-01 04:00:00,1.21816,1.2186,1.21809,1.21853,1390,4,0
2014-04-01 06:00:00,1.21853,1.21856,1.21824,1.21838,1243,1,0
2014-04-01 08:00:00,1.21838,1.21889,1.21812,1.21822,3895,1,0
2014-04-01 10:00:00,1.21823,1.21843,1.21754,1.21789,4509,1,0
2014-04-01 12:00:00,1.21788,1.21822,1.21748,1.21796,3712,2,0
2014-04-01 14:00:00,1.21796,1.21845,1.21736,1.2181,5377,1,0
2014-04-01 16:00:00,1.2181,1.21894,1.21792,1.21828,6334,1,0
2014-04-01 18:00:00,1.21828,1.21868,1.21805,1.21829,3200,1,0
2014-04-01 20:00:00,1.2183,1.21861,1.21808,1.21849,1708,4,0
2014-04-01 22:00:00,1.2185,1.21875,1.21837,1.21871,1153,1,0
2014-04-02 00:00:00,1.21871,1.21873,1.21837,1.2184,894,2,0
2014-04-02 02:00:00,1.2184,1.21914,1.21832,1.21852,2254,1,0
2014-04-02 04:00:00,1.21853,1.21874,1.21828,1.21861,1094,6,0
2014-04-02 06:00:00,1.21861,1.21882,1.2184,1.21871,1203,6,0
2014-04-02 08:00:00,1.2187,1.21939,1.21861,1.21912,3044,1,0
2014-04-02 10:00:00,1.21911,1.21974,1.21904,1.21964,3397,1,0
2014-04-02 12:00:00,1.21963,1.21971,1.21899,1.21916,2926,2,0
2014-04-02 14:00:00,1.21915,1.21977,1.21882,1.21953,5894,1,0
2014-04-02 16:00:00,1.21955,1.22071,1.21954,1.22053,6419,1,0
2014-04-02 18:00:00,1.22052,1.22088,1.22015,1.22036,2703,1,0
2014-04-02 20:00:00,1.22036,1.22067,1.22026,1.22054,2266,3,0
2014-04-02 22:00:00,1.22053,1.22073,1.22036,1.22055,1198,6,0
2014-04-03 00:00:00,1.22056,1.22062,1.2203,1.22057,839,7,0
2014-04-03 02:00:00,1.22053,1.22092,1.22047,1.22077,1905,1,0
2014-04-03 04:00:00,1.22079,1.22112,1.22051,1.22061,1736,1,0
2014-04-03 06:00:00,1.22061,1.22067,1.22016,1.2202,1542,1,0
2014-04-03 08:00:00,1.2202,1.22111,1.22011,1.2209,3639,1,0
2014-04-03 10:00:00,1.2209,1.22146,1.22079,1.2214,3353,1,0
2014-04-03 12:00:00,1.22141,1.22143,1.22035,1.22096,4960,1,0
2014-04-03 14:00:00,1.22096,1.22281,1.21933,1.22244,14655,1,0
2014-04-03 16:00:00,1.22242,1.22306,1.22192,1.22284,7769,1,0
2014-04-03 18:00:00,1.22282,1.22328,1.22249,1.22255,2944,1,0
2014-04-03 20:00:00,1.22256,1.22284,1.22236,1.22251,2534,2,0
2014-04-03 22:00:00,1.2225,1.22258,1.22215,1.22236,1501,1,0
2014-04-04 00:00:00,1.22242,1.22261,1.22212,1.22246,1085,3,0
2014-04-04 02:00:00,1.22262,1.22322,1.22244,1.22316,1797,1,0
2014-04-04 04:00:00,1.22319,1.22339,1.22306,1.22323,1183,3,0
2014-04-04 06:00:00,1.22323,1.22345,1.22259,1.22265,1343,2,0
2014-04-04 08:00:00,1.22266,1.22376,1.22264,1.22361,3983,1,0
2014-04-04 10:00:00,1.22363,1.22393,1.22295,1.22353,3759,1,0
2014-04-04 12:00:00,1.22353,1.22394,1.22318,1.22386,3232,1,0
2014-04-04 14:00:00,1.22387,1.22498,1.22264,1.22294,13035,1,0
2014-04-04 16:00:00,1.22294,1.22358,1.22179,1.22209,11999,1,0
2014-04-04 18:00:00,1.22208,1.22219,1.22158,1.22165,3865,1,0
2014-04-04 20:00:00,1.22166,1.22232,1.22162,1.22194,2467,2,0
2014-04-04 22:00:00,1.22194,1.22292,1.22191,1.22228,821,2,0
2014-04-07 00:00:00,1.22208,1.2222,1.22179,1.22186,912,8,0
2014-04-07 02:00:00,1.22185,1.22187,1.2214,1.22179,1292,1,0
2014-04-07 04:00:00,1.22184,1.22232,1.22139,1.22208,1005,5,0
2014-04-07 06:00:00,1.22207,1.22235,1.22179,1.22208,1012,4,0
2014-04-07 08:00:00,1.22208,1.22218,1.22143,1.2217,3740,1,0
2014-04-07 10:00:00,1.2217,1.22206,1.2213,1.22168,2387,2,0
2014-04-07 12:00:00,1.22168,1.22203,1.22027,1.22034,4385,1,0
2014-04-07 14:00:00,1.22034,1.22097,1.21953,1.21979,4682,1,0
2014-04-07 16:00:00,1.21975,1.22064,1.21952,1.22008,3632,1,0
2014-04-07 18:00:00,1.22007,1.22083,1.21971,1.21975,2129,2,0
2014-04-07 20:00:00,1.21973,1.22016,1.21964,1.21974,1475,3,0
2014-04-07 22:00:00,1.21975,1.22018,1.21969,1.21995,1074,3,0
2014-04-08 00:00:00,1.21995,1.2202,1.21987,1.21995,688,6,0
2014-04-08 02:00:00,1.21995,1.22017,1.21947,1.21996,1391,1,0
2014-04-08 04:00:00,1.21996,1.22008,1.21961,1.21987,909,3,0
2014-04-08 06:00:00,1.21988,1.22012,1.21966,1.21989,939,2,0
2014-04-08 08:00:00,1.21994,1.22009,1.219,1.21943,3299,1,0
2014-04-08 10:00:00,1.21942,1.22001,1.21879,1.21996,3307,2,0
2014-04-08 12:00:00,1.21997,1.22023,1.21968,1.22008,2734,1,0
2014-04-08 14:00:00,1.22009,1.22031,1.21892,1.21958,6814,1,0
2014-04-08 16:00:00,1.21959,1.22008,1.21945,1.21952,8656,1,0
2014-04-08 18:00:00,1.21952,1.21974,1.21876,1.21885,6345,1,0
2014-04-08 20:00:00,1.21885,1.21898,1.21808,1.21879,4870,1,0
2014-04-08 22:00:00,1.2188,1.21905,1.21822,1.21896,1304,1,0
2014-04-09 00:00:00,1.21892,1.21918,1.21881,1.2191,1552,1,0
2014-04-09 02:00:00,1.21911,1.21945,1.21891,1.21935,2255,1,0
2014-04-09 04:00:00,1.21935,1.21944,1.21892,1.21912,3173,1,0
2014-04-09 06:00:00,1.21912,1.21916,1.21861,1.21871,2793,1,0
2014-04-09 08:00:00,1.21871,1.21938,1.21849,1.21893,5947,1,0
2014-04-09 10:00:00,1.21894,1.21961,1.21878,1.2195,5392,1,0
2014-04-09 12:00:00,1.21951,1.21957,1.21838,1.21858,5202,1,0
2014-04-09 14:00:00,1.21857,1.21859,1.21715,1.21737,4943,1,0
2014-04-09 16:00:00,1.21736,1.21815,1.21705,1.21807,4749,1,0
2014-04-09 18:00:00,1.21807,1.2184,1.21786,1.21827,2439,1,0
2014-04-09 20:00:00,1.2183,1.21866,1.21787,1.21845,5531,1,0
2014-04-09 22:00:00,1.21842,1.21879,1.21837,1.21863,1295,2,0
2014-04-10 00:00:00,1.21866,1.21904,1.21851,1.21903,788,3,0
2014-04-10 02:00:00,1.21901,1.21905,1.21789,1.21798,1851,1,0
2014-04-10 04:00:00,1.21798,1.21816,1.21771,1.21777,1561,1,0
2014-04-10 06:00:00,1.21779,1.21801,1.2177,1.21789,1006,4,0
2014-04-10 08:00:00,1.21788,1.2185,1.21746,1.21783,3507,1,0
2014-04-10 10:00:00,1.21783,1.21814,1.21688,1.21716,3179,2,0
2014-04-10 12:00:00,1.21716,1.21812,1.21694,1.21804,2588,1,0
2014-04-10 14:00:00,1.21805,1.21862,1.21782,1.21788,4470,1,0
2014-04-10 16:00:00,1.21788,1.21793,1.21629,1.21675,6154,1,0
2014-04-10 18:00:00,1.21675,1.21706,1.2165,1.21699,3224,1,0
2014-04-10 20:00:00,1.21698,1.21717,1.21652,1.21679,2316,3,0
2014-04-10 22:00:00,1.21679,1.21712,1.21668,1.21681,1317,1,0
2014-04-11 00:00:00,1.21685,1.21699,1.21641,1.2166,749,2,0
2014-04-11 02:00:00,1.21658,1.21766,1.21653,1.2174,1599,3,0
2014-04-11 04:00:00,1.2174,1.21782,1.21725,1.21769,976,4,0
2014-04-11 06:00:00,1.21769,1.21783,1.2174,1.21765,1038,4,0
2014-04-11 08:00:00,1.21764,1.21784,1.21647,1.21652,2828,3,0
2014-04-11 10:00:00,1.21651,1.21694,1.21628,1.21645,2324,4,0
2014-04-11 12:00:00,1.21643,1.21695,1.21596,1.21619,3526,1,0
2014-04-11 14:00:00,1.21619,1.2168,1.21531,1.21576,5029,1,0
2014-04-11 16:00:00,1.21574,1.21668,1.21505,1.2158,5038,1,0
2014-04-11 18:00:00,1.2158,1.21613,1.21526,1.21538,2385,4,0
2014-04-11 20:00:00,1.21537,1.21584,1.21525,1.2158,2141,2,0
2014-04-11 22:00:00,1.2158,1.21644,1.21574,1.21607,624,2,0
2014-04-14 00:00:00,1.21513,1.21516,1.21446,1.21447,1176,2,0
2014-04-14 02:00:00,1.21448,1.21483,1.21426,1.21472,1448,4,0
2014-04-14 04:00:00,1.21473,1.21486,1.21436,1.21465,1112,1,0
2014-04-14 06:00:00,1.21463,1.21509,1.21457,1.21501,927,2,0
2014-04-14 08:00:00,1.215,1.21552,1.21418,1.21419,3105,1,0
2014-04-14 10:00:00,1.21415,1.21569,1.21409,1.21553,3937,1,0
2014-04-14 12:00:00,1.21553,1.21563,1.21458,1.21528,2494,1,0
2014-04-14 14:00:00,1.21528,1.21595,1.21463,1.21479,5255,1,0
2014-04-14 16:00:00,1.21482,1.21516,1.21437,1.21442,4014,1,0
2014-04-14 18:00:00,1.21442,1.21557,1.21422,1.21553,1601,4,0
2014-04-14 20:00:00,1.21551,1.21579,1.21529,1.2157,1803,5,0
2014-04-14 22:00:00,1.2157,1.21604,1.2156,1.21582,1047,2,0
2014-04-15 00:00:00,1.21581,1.21631,1.21557,1.21631,743,7,0
2014-04-15 02:00:00,1.21631,1.21644,1.21597,1.21643,1337,5,0
2014-04-15 04:00:00,1.21643,1.21658,1.21628,1.2165,739,5,0
2014-04-15 06:00:00,1.21652,1.21657,1.2163,1.21631,748,5,0
2014-04-15 08:00:00,1.21632,1.21662,1.21586,1.21598,2802,2,0
2014-04-15 10:00:00,1.21598,1.2163,1.21576,1.21618,2972,1,0
2014-04-15 12:00:00,1.21618,1.21629,1.21566,1.21598,1848,3,0
2014-04-15 14:00:00,1.21604,1.21639,1.2155,1.21588,4097,1,0
2014-04-15 16:00:00,1.21588,1.21591,1.21487,1.21563,5707,1,0
2014-04-15 18:00:00,1.21563,1.21577,1.21526,1.21571,3130,3,0
2014-04-15 20:00:00,1.21576,1.21595,1.21551,1.21592,2045,4,0
2014-04-15 22:00:00,1.21593,1.21593,1.21564,1.2159,980,4,0
2014-04-16 00:00:00,1.2159,1.21602,1.21581,1.216,718,8,0
2014-04-16 02:00:00,1.21597,1.21642,1.21586,1.21636,1211,6,0
2014-04-16 04:00:00,1.21637,1.21657,1.21607,1.21626,1066,4,0
2014-04-16 06:00:00,1.21626,1.21678,1.21624,1.21663,1149,4,0
2014-04-16 08:00:00,1.21664,1.21706,1.21608,1.21636,2818,4,0
2014-04-16 10:00:00,1.21637,1.21682,1.21604,1.21678,2982,2,0
2014-04-16 12:00:00,1.21678,1.21706,1.21657,1.21673,2057,3,0
2014-04-16 14:00:00,1.21673,1.21723,1.21661,1.21696,3742,1,0
2014-04-16 16:00:00,1.21698,1.22026,1.21696,1.21804,3883,1,0
2014-04-16 18:00:00,1.21805,1.21845,1.21771,1.21833,2899,1,0
2014-04-16 20:00:00,1.2183,1.21869,1.21808,1.21868,1455,6,0
2014-04-16 22:00:00,1.21868,1.2187,1.21814,1.21816,940,8,0
2014-04-17 00:00:00,1.21816,1.21853,1.21812,1.2185,674,7,0
2014-04-17 02:00:00,1.21843,1.21858,1.21807,1.21836,1456,3,0
2014-04-17 04:00:00,1.21834,1.21835,1.21794,1.21798,1021,1,0
2014-04-17 06:00:00,1.21798,1.21814,1.21775,1.2179,1050,1,0
2014-04-17 08:00:00,1.21792,1.21805,1.21705,1.21724,2058,1,0
2014-04-17 10:00:00,1.21728,1.21782,1.21719,1.2172,2761,3,0
2014-04-17 12:00:00,1.21724,1.21737,1.21688,1.2172,2756,3,0
2014-04-17 14:00:00,1.2172,1.21868,1.21716,1.21841,3503,1,0
2014-04-17 16:00:00,1.21851,1.21898,1.21811,1.21883,3189,1,0
2014-04-17 18:00:00,1.21883,1.21958,1.21853,1.21946,2480,1,0
2014-04-17 20:00:00,1.21944,1.22048,1.21941,1.22019,1487,1,0
2014-04-17 22:00:00,1.22019,1.22032,1.21933,1.21939,1701,3,0
2014-04-18 00:00:00,1.21948,1.21996,1.2193,1.21954,1551,8,0
2014-04-18 02:00:00,1.2195,1.22018,1.2195,1.21999,1401,4,0
2014-04-18 04:00:00,1.21999,1.22037,1.21993,1.22005,882,1,0
2014-04-18 06:00:00,1.22005,1.22027,1.21988,1.22012,895,2,0
2014-04-18 08:00:00,1.22012,1.22017,1.21965,1.21971,1025,1,0
2014-04-18 10:00:00,1.2197,1.21977,1.21932,1.21946,698,2,0
2014-04-18 12:00:00,1.21946,1.21962,1.21941,1.21956,598,8,0
2014-04-18 14:00:00,1.21957,1.22001,1.21939,1.21995,659,4,0
2014-04-18 16:00:00,1.21995,1.22035,1.21982,1.2203,675,3,0
2014-04-18 18:00:00,1.22027,1.22033,1.22002,1.22009,600,4,0
2014-04-18 20:00:00,1.22009,1.22041,1.22005,1.22016,664,7,0
2014-04-18 22:00:00,1.22016,1.22035,1.21994,1.22002,601,8,0
2014-04-21 00:00:00,1.22012,1.22027,1.21975,1.22021,687,4,0
2014-04-21 02:00:00,1.22021,1.22021,1.21965,1.21988,901,1,0
2014-04-21 04:00:00,1.21988,1.22004,1.21983,1.21997,817,7,0
2014-04-21 06:00:00,1.21998,1.22016,1.21991,1.21994,920,5,0
2014-04-21 08:00:00,1.21995,1.22001,1.21927,1.21932,858,6,0
2014-04-21 10:00:00,1.21935,1.21986,1.21928,1.21979,863,7,0
2014-04-21 12:00:00,1.21978,1.22031,1.21969,1.22006,901,6,0
2014-04-21 14:00:00,1.22007,1.22019,1.21958,1.22011,1365,3,0
2014-04-21 16:00:00,1.22013,1.22059,1.21972,1.22055,1945,2,0
2014-04-21 18:00:00,1.22053,1.22064,1.22039,1.2206,1183,4,0
2014-04-21 20:00:00,1.2206,1.22074,1.22042,1.22073,841,4,0
2014-04-21 22:00:00,1.22071,1.22083,1.22045,1.22077,654,1,0
2014-04-22 00:00:00,1.22077,1.22093,1.2205,1.22091,759,3,0
2014-04-22 02:00:00,1.22089,1.22094,1.22054,1.22063,1009,3,0
2014-04-22 04:00:00,1.22063,1.22078,1.2205,1.22058,698,7,0
2014-04-22 06:00:00,1.22059,1.22099,1.22054,1.22085,810,1,0
2014-04-22 08:00:00,1.22085,1.22105,1.22043,1.22096,2913,1,0
2014-04-22 10:00:00,1.22096,1.22112,1.22053,1.2208,2377,4,0
2014-04-22 12:00:00,1.22078,1.22148,1.22066,1.22132,2032,2,0
2014-04-22 14:00:00,1.2213,1.2215,1.22099,1.22129,2847,3,0
2014-04-22 16:00:00,1.2213,1.22199,1.22126,1.22174,3365,1,0
2014-04-22 18:00:00,1.22173,1.22188,1.22105,1.22147,1799,3,0
2014-04-22 20:00:00,1.22148,1.22175,1.22143,1.22162,1197,6,0
2014-04-22 22:00:00,1.22168,1.22181,1.22152,1.22167,1129,8,0
2014-04-23 00:00:00,1.22167,1.22187,1.22159,1.22162,558,5,0
2014-04-23 02:00:00,1.22162,1.22173,1.22116,1.22139,1249,1,0
2014-04-23 04:00:00,1.22137,1.22148,1.22103,1.22111,982,2,0
2014-04-23 06:00:00,1.2211,1.22168,1.22087,1.22161,1112,1,0
2014-04-23 08:00:00,1.22161,1.22247,1.22129,1.22185,3626,1,0
2014-04-23 10:00:00,1.22186,1.222,1.21981,1.22023,3839,1,0
2014-04-23 12:00:00,1.22021,1.22032,1.21953,1.21999,1890,1,0
2014-04-23 14:00:00,1.21997,1.22003,1.21948,1.2197,3152,1,0
2014-04-23 16:00:00,1.21974,1.21982,1.21924,1.21961,3631,1,0
2014-04-23 18:00:00,1.21961,1.21997,1.21934,1.21989,2077,3,0
2014-04-23 20:00:00,1.21988,1.22043,1.21985,1.22037,1408,6,0
2014-04-23 22:00:00,1.22037,1.22061,1.22026,1.22044,1081,6,0
2014-04-24 00:00:00,1.22042,1.2209,1.2204,1.22068,714,6,0
2014-04-24 02:00:00,1.22066,1.22073,1.22053,1.22064,903,7,0
2014-04-24 04:00:00,1.22064,1.22064,1.22007,1.22009,1060,1,0
2014-04-24 06:00:00,1.22009,1.22038,1.21997,1.22022,944,6,0
2014-04-24 08:00:00,1.22024,1.22038,1.21969,1.21988,2090,3,0
2014-04-24 10:00:00,1.21987,1.22056,1.21986,1.22018,3467,1,0
2014-04-24 12:00:00,1.2202,1.22069,1.22019,1.22037,1801,4,0
2014-04-24 14:00:00,1.22033,1.22152,1.21899,1.21955,5199,1,0
2014-04-24 16:00:00,1.21953,1.2196,1.21853,1.21916,4064,2,0
2014-04-24 18:00:00,1.21916,1.21934,1.2188,1.21903,1798,1,0
2014-04-24 20:00:00,1.21902,1.21962,1.21901,1.21957,1268,2,0
2014-04-24 22:00:00,1.21956,1.21974,1.21933,1.21953,931,5,0
2014-04-25 00:00:00,1.21953,1.2196,1.21911,1.21951,767,8,0
2014-04-25 02:00:00,1.21951,1.21985,1.21932,1.21978,1163,6,0
2014-04-25 04:00:00,1.21978,1.21997,1.21964,1.21971,987,4,0
2014-04-25 06:00:00,1.21968,1.21986,1.21951,1.21958,824,6,0
2014-04-25 08:00:00,1.21958,1.21976,1.2186,1.2191,1976,1,0
2014-04-25 10:00:00,1.2191,1.21965,1.21882,1.21922,2234,3,0
2014-04-25 12:00:00,1.21922,1.21969,1.21913,1.21936,1921,4,0
2014-04-25 14:00:00,1.21934,1.2195,1.21869,1.21886,2649,1,0
2014-04-25 16:00:00,1.21888,1.21913,1.21853,1.21903,2847,3,0
2014-04-25 18:00:00,1.21904,1.21935,1.21892,1.21926,1658,4,0
2014-04-25 20:00:00,1.21923,1.21933,1.21887,1.21927,1401,7,0
2014-04-25 22:00:00,1.21927,1.21954,1.21914,1.21946,675,7,0
2014-04-28 00:00:00,1.21884,1.21932,1.21884,1.21902,772,9,0
2014-04-28 02:00:00,1.219,1.21964,1.21895,1.21951,1481,4,0
2014-04-28 04:00:00,1.21953,1.21962,1.21917,1.21925,905,1,0
2014-04-28 06:00:00,1.21924,1.21947,1.21917,1.21942,774,5,0
2014-04-28 08:00:00,1.21941,1.21973,1.21798,1.21799,3607,1,0
2014-04-28 10:00:00,1.218,1.21821,1.21717,1.21751,3294,2,0
2014-04-28 12:00:00,1.21753,1.21794,1.21747,1.2178,2184,2,0
2014-04-28 14:00:00,1.2178,1.21834,1.21717,1.2183,3147,1,0
2014-04-28 16:00:00,1.21827,1.21961,1.21824,1.21917,3663,1,0
2014-04-28 18:00:00,1.21918,1.21931,1.21847,1.21875,2462,4,0
2014-04-28 20:00:00,1.21873,1.21937,1.21845,1.21936,1789,4,0
2014-04-28 22:00:00,1.21936,1.21936,1.21892,1.21923,1141,4,0
2014-04-29 00:00:00,1.21926,1.21944,1.21918,1.21942,894,9,0
2014-04-29 02:00:00,1.21942,1.21945,1.21925,1.21939,1241,2,0
2014-04-29 04:00:00,1.21939,1.21946,1.21928,1.21937,978,7,0
2014-04-29 06:00:00,1.21936,1.21948,1.21926,1.21934,1066,2,0
2014-04-29 08:00:00,1.21936,1.22003,1.21923,1.21996,2914,1,0
2014-04-29 10:00:00,1.21995,1.22007,1.21946,1.21991,3001,1,0
2014-04-29 12:00:00,1.2199,1.22,1.21949,1.21979,2221,1,0
2014-04-29 14:00:00,1.21983,1.2206,1.21961,1.22019,5312,1,0
2014-04-29 16:00:00,1.22021,1.22128,1.21997,1.22127,4182,3,0
2014-04-29 18:00:00,1.22126,1.22134,1.22071,1.22104,2270,2,0
2014-04-29 20:00:00,1.22103,1.22113,1.22005,1.22007,1372,3,0
2014-04-29 22:00:00,1.22007,1.22052,1.22007,1.22036,1014,1,0
2014-04-30 00:00:00,1.22044,1.22047,1.22004,1.22011,970,6,0
2014-04-30 02:00:00,1.22008,1.22055,1.21995,1.22033,1267,6,0
2014-04-30 04:00:00,1.22035,1.22038,1.22003,1.22012,922,6,0
2014-04-30 06:00:00,1.2201,1.22044,1.22002,1.22037,1079,4,0
2014-04-30 08:00:00,1.22036,1.22041,1.21981,1.22012,3152,1,0
2014-04-30 10:00:00,1.22012,1.22021,1.21911,1.21958,4529,1,0
2014-04-30 12:00:00,1.21958,1.22026,1.21946,1.21982,3041,4,0
2014-04-30 14:00:00,1.21981,1.22039,1.21934,1.21996,5263,1,0
2014-04-30 16:00:00,1.21996,1.22093,1.21969,1.22054,4278,2,0
2014-04-30 18:00:00,1.22053,1.22085,1.22029,1.22065,2161,3,0
2014-04-30 20:00:00,1.22065,1.22099,1.22019,1.22097,3607,1,0
2014-04-30 22:00:00,1.22097,1.22102,1.22033,1.22039,1187,6,0
2014-05-01 00:00:00,1.22038,1.2208,1.22032,1.22056,868,4,0
2014-05-01 02:00:00,1.22052,1.22061,1.22029,1.2203,425,7,0
2014-05-01 06:00:00,1.22056,1.22076,1.22046,1.22059,455,9,0
2014-05-01 08:00:00,1.22058,1.22091,1.21993,1.22009,1766,3,0
2014-05-01 10:00:00,1.22009,1.22022,1.21972,1.21996,1268,5,0
2014-05-01 12:00:00,1.21998,1.22,1.2191,1.21928,1353,5,0
2014-05-01 14:00:00,1.21926,1.21941,1.21893,1.21928,2861,2,0
2014-05-01 16:00:00,1.21929,1.2199,1.21882,1.21977,3634,4,0
2014-05-01 18:00:00,1.21973,1.22014,1.21931,1.21943,2238,4,0
2014-05-01 20:00:00,1.21944,1.21959,1.21898,1.21934,1779,6,0
2014-05-01 22:00:00,1.21932,1.2194,1.21907,1.21927,1532,7,0
2014-05-02 00:00:00,1.21929,1.21946,1.21924,1.21936,1267,7,0
2014-05-02 02:00:00,1.21937,1.21937,1.21901,1.21916,1502,8,0
2014-05-02 04:00:00,1.21918,1.21931,1.21904,1.2191,1140,9,0
2014-05-02 06:00:00,1.21909,1.21967,1.21907,1.21957,1534,7,0
2014-05-02 08:00:00,1.21956,1.2198,1.21923,1.2197,2920,4,0
2014-05-02 10:00:00,1.2197,1.21972,1.21881,1.21908,3266,5,0
2014-05-02 12:00:00,1.21908,1.21915,1.21835,1.21889,2334,1,0
2014-05-02 14:00:00,1.21887,1.22138,1.21856,1.22081,11588,1,0
2014-05-02 16:00:00,1.22079,1.22117,1.21836,1.21863,5376,1,0
2014-05-02 18:00:00,1.21861,1.21862,1.21749,1.2178,2170,2,0
2014-05-02 20:00:00,1.21779,1.21826,1.21767,1.21795,1761,3,0
2014-05-02 22:00:00,1.21796,1.21832,1.21772,1.21775,664,5,0
2014-05-05 00:00:00,1.21738,1.21769,1.21732,1.21755,664,5,0
2014-05-05 02:00:00,1.21757,1.21787,1.21719,1.21722,944,2,0
2014-05-05 04:00:00,1.21722,1.21747,1.21719,1.21739,752,7,0
2014-05-05 06:00:00,1.2174,1.2176,1.21734,1.21749,541,5,0
2014-05-05 08:00:00,1.21751,1.21796,1.21708,1.21749,1693,2,0
2014-05-05 10:00:00,1.21749,1.2178,1.21718,1.21764,1576,3,0
2014-05-05 12:00:00,1.21763,1.21799,1.21701,1.21749,1501,4,0
2014-05-05 14:00:00,1.21749,1.21778,1.217,1.21768,2382,3,0
2014-05-05 16:00:00,1.21775,1.21827,1.2176,1.21814,2470,2,0
2014-05-05 18:00:00,1.21812,1.2183,1.21754,1.21788,1370,1,0
2014-05-05 20:00:00,1.2179,1.21804,1.21772,1.2178,1194,6,0
2014-05-05 22:00:00,1.2178,1.21793,1.21776,1.21786,737,5,0
2014-05-06 00:00:00,1.21788,1.21805,1.21778,1.21802,599,8,0
2014-05-06 02:00:00,1.21802,1.21807,1.21785,1.21788,812,3,0
2014-05-06 04:00:00,1.21788,1.21788,1.21762,1.21779,738,3,0
2014-05-06 06:00:00,1.21778,1.21808,1.2177,1.21804,855,3,0
2014-05-06 08:00:00,1.21803,1.21869,1.21689,1.21763,3780,1,0
2014-05-06 10:00:00,1.21766,1.21801,1.21715,1.21755,2825,1,0
2014-05-06 12:00:00,1.21756,1.21763,1.21676,1.21721,2827,1,0
2014-05-06 14:00:00,1.21721,1.21733,1.21634,1.21663,4375,2,0
2014-05-06 16:00:00,1.21663,1.21746,1.21627,1.21741,4853,1,0
2014-05-06 18:00:00,1.2174,1.21743,1.21699,1.21713,2614,3,0
2014-05-06 20:00:00,1.21714,1.21763,1.21714,1.21757,1373,5,0
2014-05-06 22:00:00,1.21758,1.21777,1.21746,1.21762,1276,3,0
2014-05-07 00:00:00,1.21762,1.2178,1.21743,1.21766,874,3,0
2014-05-07 02:00:00,1.21766,1.21776,1.21731,1.21748,1209,3,0
2014-05-07 04:00:00,1.21748,1.21759,1.21715,1.21723,792,5,0
2014-05-07 06:00:00,1.21719,1.21719,1.21675,1.21678,1097,2,0
2014-05-07 08:00:00,1.21679,1.21707,1.21646,1.21699,3000,1,0
2014-05-07 10:00:00,1.217,1.21795,1.21698,1.21786,2845,3,0
2014-05-07 12:00:00,1.21787,1.21847,1.21776,1.21819,3255,1,0
2014-05-07 14:00:00,1.21819,1.21917,1.21813,1.21889,5616,2,0
2014-05-07 16:00:00,1.21888,1.2192,1.2182,1.21891,8572,1,0
2014-05-07 18:00:00,1.21891,1.21901,1.21854,1.2186,2640,4,0
2014-05-07 20:00:00,1.21861,1.21905,1.21859,1.21893,1692,6,0
2014-05-07 22:00:00,1.21891,1.21905,1.21866,1.21889,917,1,0
2014-05-08 00:00:00,1.21891,1.21903,1.21873,1.21887,802,1,0
2014-05-08 02:00:00,1.21887,1.21897,1.21873,1.21887,1198,5,0
2014-05-08 04:00:00,1.21893,1.21906,1.21873,1.21882,1142,3,0
2014-05-08 06:00:00,1.21882,1.21896,1.21875,1.21876,793,2,0
2014-05-08 08:00:00,1.21876,1.21894,1.21852,1.21873,2813,1,0
2014-05-08 10:00:00,1.2187,1.21899,1.21847,1.21858,3714,1,0
2014-05-08 12:00:00,1.21858,1.21867,1.21752,1.21759,3926,1,0
2014-05-08 14:00:00,1.21759,1.21842,1.21739,1.21816,11480,1,0
2014-05-08 16:00:00,1.21818,1.21848,1.21718,1.21775,5888,1,0
2014-05-08 18:00:00,1.21775,1.2183,1.21762,1.21823,3030,1,0
2014-05-08 20:00:00,1.21823,1.21826,1.21786,1.21823,1878,6,0
2014-05-08 22:00:00,1.21824,1.21827,1.2179,1.21813,1515,1,0
2014-05-09 00:00:00,1.21815,1.21834,1.21794,1.21817,840,2,0
2014-05-09 02:00:00,1.21817,1.21901,1.21814,1.21881,1390,4,0
2014-05-09 04:00:00,1.21882,1.21886,1.21856,1.21867,996,4,0
2014-05-09 06:00:00,1.21869,1.21877,1.21838,1.21838,943,3,0
2014-05-09 08:00:00,1.2184,1.21872,1.21821,1.21849,2735,1,0
2014-05-09 10:00:00,1.21848,1.21905,1.21832,1.2188,3272,1,0
2014-05-09 12:00:00,1.21879,1.21899,1.21808,1.21833,3688,2,0
2014-05-09 14:00:00,1.21833,1.21934,1.21827,1.21924,5101,1,0
2014-05-09 16:00:00,1.21924,1.21973,1.21874,1.21942,4789,1,0
2014-05-09 18:00:00,1.21945,1.21991,1.21934,1.2198,2195,2,0
2014-05-09 20:00:00,1.21979,1.21993,1.21926,1.21942,1661,4,0
2014-05-09 22:00:00,1.2194,1.21966,1.21926,1.21934,691,4,0
2014-05-12 00:00:00,1.21982,1.22017,1.21979,1.2201,1056,8,0
2014-05-12 02:00:00,1.22009,1.22074,1.22008,1.22049,1110,5,0
2014-05-12 04:00:00,1.22047,1.22063,1.22031,1.22056,1042,4,0
2014-05-12 06:00:00,1.22057,1.22065,1.22021,1.22026,1158,5,0
2014-05-12 08:00:00,1.22026,1.22056,1.22003,1.22018,2593,1,0
2014-05-12 10:00:00,1.22019,1.22097,1.22015,1.22078,2636,3,0
2014-05-12 12:00:00,1.22078,1.22108,1.22059,1.22097,1856,1,0
2014-05-12 14:00:00,1.22097,1.22182,1.22089,1.22162,2484,4,0
2014-05-12 16:00:00,1.22162,1.22168,1.22091,1.22127,2915,1,0
2014-05-12 18:00:00,1.22127,1.22147,1.22106,1.22145,1214,4,0
2014-05-12 20:00:00,1.22147,1.22158,1.22134,1.2215,1127,5,0
2014-05-12 22:00:00,1.22147,1.2215,1.22124,1.22143,837,6,0
2014-05-13 00:00:00,1.22141,1.22145,1.2211,1.22116,810,7,0
2014-05-13 02:00:00,1.22114,1.22145,1.22098,1.22128,1309,5,0
2014-05-13 04:00:00,1.22127,1.22129,1.221,1.22109,1019,3,0
2014-05-13 06:00:00,1.22109,1.22126,1.22097,1.22108,1073,1,0
2014-05-13 08:00:00,1.22109,1.22141,1.22071,1.22106,2680,1,0
2014-05-13 10:00:00,1.22103,1.22125,1.22011,1.22029,3359,1,0
2014-05-13 12:00:00,1.22029,1.22074,1.21961,1.21965,5906,1,0
2014-05-13 14:00:00,1.21964,1.22022,1.21929,1.21934,5425,1,0
2014-05-13 16:00:00,1.21934,1.21988,1.21918,1.21942,4545,2,0
2014-05-13 18:00:00,1.21942,1.21987,1.21931,1.21973,3726,1,0
2014-05-13 20:00:00,1.21974,1.21988,1.21963,1.21969,1231,5,0
2014-05-13 22:00:00,1.21968,1.21991,1.21931,1.21966,743,5,0
2014-05-14 00:00:00,1.21973,1.21978,1.21954,1.21957,615,6,0
2014-05-14 02:00:00,1.21957,1.21961,1.21904,1.21926,1325,4,0
2014-05-14 04:00:00,1.21926,1.21947,1.21909,1.2191,1121,4,0
2014-05-14 06:00:00,1.21912,1.21969,1.21909,1.21956,1358,3,0
2014-05-14 08:00:00,1.21953,1.21994,1.21933,1.21987,2759,3,0
2014-05-14 10:00:00,1.21988,1.22018,1.21941,1.21983,3833,1,0
2014-05-14 12:00:00,1.21982,1.22007,1.21965,1.21998,2548,2,0
2014-05-14 14:00:00,1.21998,1.22014,1.2196,1.21993,2594,4,0
2014-05-14 16:00:00,1.21993,1.22024,1.21977,1.22016,2293,2,0
2014-05-14 18:00:00,1.22013,1.22026,1.22001,1.22015,1264,6,0
2014-05-14 20:00:00,1.22013,1.22015,1.21982,1.22015,1230,7,0
2014-05-14 22:00:00,1.22014,1.22029,1.22004,1.22022,733,4,0
2014-05-15 00:00:00,1.22022,1.22032,1.2201,1.22012,712,8,0
2014-05-15 02:00:00,1.22013,1.22021,1.21993,1.22009,1036,8,0
2014-05-15 04:00:00,1.22009,1.22021,1.21998,1.22015,819,7,0
2014-05-15 06:00:00,1.22015,1.22023,1.21985,1.22001,956,2,0
2014-05-15 08:00:00,1.22002,1.22103,1.21987,1.2208,2291,1,0
2014-05-15 10:00:00,1.2209,1.22292,1.22035,1.22269,3190,1,0
2014-05-15 12:00:00,1.22269,1.223,1.22207,1.22209,2245,3,0
2014-05-15 14:00:00,1.22209,1.22297,1.22066,1.22077,3372,1,0
2014-05-15 16:00:00,1.22079,1.22104,1.21963,1.22006,8659,1,0
2014-05-15 18:00:00,1.22009,1.22082,1.22004,1.22062,2629,2,0
2014-05-15 20:00:00,1.22061,1.22094,1.2205,1.22094,1448,4,0
2014-05-15 22:00:00,1.22096,1.22175,1.22096,1.22145,1078,4,0
2014-05-16 00:00:00,1.22145,1.22161,1.22134,1.22159,775,7,0
2014-05-16 02:00:00,1.22158,1.22191,1.22145,1.22158,1147,6,0
2014-05-16 04:00:00,1.22158,1.22174,1.22131,1.22138,939,4,0
2014-05-16 06:00:00,1.22138,1.22153,1.22108,1.22138,1121,5,0
2014-05-16 08:00:00,1.22138,1.22187,1.22093,1.2215,2851,1,0
2014-05-16 10:00:00,1.22151,1.22161,1.22099,1.22117,3563,4,0
2014-05-16 12:00:00,1.22117,1.22131,1.22052,1.22096,4375,4,0
2014-05-16 14:00:00,1.22095,1.22149,1.22058,1.22125,5137,5,0
2014-05-16 16:00:00,1.22126,1.22161,1.22087,1.22129,4029,4,0
2014-05-16 18:00:00,1.22128,1.22163,1.22111,1.22153,2351,4,0
2014-05-16 20:00:00,1.2215,1.22194,1.22138,1.22194,1456,8,0
2014-05-16 22:00:00,1.22193,1.22241,1.2219,1.22232,1027,8,0
2014-05-19 00:00:00,1.22201,1.22224,1.22195,1.22223,1461,11,0
2014-05-19 02:00:00,1.22218,1.22224,1.2217,1.22186,1345,6,0
2014-05-19 04:00:00,1.22182,1.22188,1.22158,1.22161,1106,8,0
2014-05-19 06:00:00,1.22156,1.22186,1.22147,1.2218,1903,7,0
2014-05-19 08:00:00,1.2218,1.2226,1.22158,1.22242,3810,5,0
2014-05-19 10:00:00,1.22243,1.22282,1.22207,1.2226,4006,4,0
2014-05-19 12:00:00,1.22267,1.22277,1.2224,1.22263,3302,4,0
2014-05-19 14:00:00,1.22264,1.22306,1.2224,1.22285,3751,4,0
2014-05-19 16:00:00,1.22289,1.22352,1.22273,1.2228,4046,4,0
2014-05-19 18:00:00,1.22282,1.22306,1.22245,1.22259,2012,4,0
2014-05-19 20:00:00,1.22258,1.22293,1.22248,1.22276,1279,5,0
2014-05-19 22:00:00,1.22274,1.22313,1.22273,1.22308,1278,8,0
2014-05-20 00:00:00,1.22309,1.22316,1.22292,1.22301,1287,6,0
2014-05-20 02:00:00,1.22302,1.2231,1.22269,1.22297,1786,10,0
2014-05-20 04:00:00,1.22298,1.22308,1.22286,1.22303,1371,8,0
2014-05-20 06:00:00,1.22306,1.22341,1.22296,1.22331,1405,7,0
2014-05-20 08:00:00,1.2233,1.22367,1.22289,1.22308,3998,4,0
2014-05-20 10:00:00,1.22307,1.22339,1.22201,1.22213,4070,5,0
2014-05-20 12:00:00,1.22218,1.22226,1.22111,1.22209,3365,4,0
2014-05-20 14:00:00,1.22208,1.22263,1.22157,1.22161,3887,4,0
2014-05-20 16:00:00,1.22161,1.222,1.22146,1.22165,3739,4,0
2014-05-20 18:00:00,1.22166,1.22191,1.22129,1.22179,2979,4,0
2014-05-20 20:00:00,1.22178,1.22214,1.22174,1.22193,1726,5,0
2014-05-20 22:00:00,1.22192,1.2222,1.22187,1.22196,1488,7,0
2014-05-21 00:00:00,1.22197,1.22205,1.22176,1.22189,1146,11,0
2014-05-21 02:00:00,1.2219,1.22209,1.22158,1.22204,1784,8,0
2014-05-21 04:00:00,1.22205,1.22205,1.22131,1.22149,1552,6,0
2014-05-21 06:00:00,1.22149,1.22169,1.22136,1.22164,1978,6,0
2014-05-21 08:00:00,1.22163,1.22176,1.22062,1.22159,4334,5,0
2014-05-21 10:00:00,1.2216,1.22202,1.221,1.22179,3953,5,0
2014-05-21 12:00:00,1.22179,1.22229,1.22157,1.22184,3792,4,0
2014-05-21 14:00:00,1.22182,1.22241,1.22139,1.22217,4765,1,0
2014-05-21 16:00:00,1.22219,1.2227,1.22209,1.22241,3683,4,0
2014-05-21 18:00:00,1.22239,1.22266,1.22224,1.22249,2725,4,0
2014-05-21 20:00:00,1.2225,1.22271,1.22224,1.22254,2698,6,0
2014-05-21 22:00:00,1.22253,1.22272,1.22233,1.22251,1384,4,0
2014-05-22 00:00:00,1.22251,1.22261,1.22224,1.22227,1372,10,0
2014-05-22 02:00:00,1.22228,1.22259,1.2221,1.22231,1732,8,0
2014-05-22 04:00:00,1.2223,1.22249,1.2219,1.22204,1678,2,0
2014-05-22 06:00:00,1.22202,1.22222,1.22184,1.22209,2094,6,0
2014-05-22 08:00:00,1.22211,1.22262,1.22178,1.2218,4204,4,0
2014-05-22 10:00:00,1.2218,1.22192,1.22129,1.22154,2787,2,0
2014-05-22 12:00:00,1.22154,1.22164,1.22121,1.22134,2094,3,0
2014-05-22 14:00:00,1.22134,1.22183,1.22129,1.22146,3370,2,0
2014-05-22 16:00:00,1.22146,1.22163,1.22106,1.22148,2649,1,0
2014-05-22 18:00:00,1.2215,1.22156,1.22103,1.22137,1679,2,0
2014-05-22 20:00:00,1.22137,1.22148,1.22109,1.2211,1751,1,0
2014-05-22 22:00:00,1.2211,1.22127,1.22072,1.22117,1717,3,0
2014-05-23 00:00:00,1.22121,1.22138,1.22109,1.2213,875,6,0
2014-05-23 02:00:00,1.22132,1.22137,1.2209,1.2213,2334,2,0
2014-05-23 04:00:00,1.22128,1.22156,1.22115,1.22116,2061,2,0
2014-05-23 06:00:00,1.22117,1.2216,1.2211,1.22117,2007,1,0
2014-05-23 08:00:00,1.2212,1.22157,1.22082,1.2209,1857,1,0
2014-05-23 10:00:00,1.22091,1.22164,1.22087,1.2212,3770,1,0
2014-05-23 12:00:00,1.2212,1.2214,1.22067,1.22101,1814,1,0
2014-05-23 14:00:00,1.22102,1.22104,1.22048,1.22102,3509,4,0
2014-05-23 16:00:00,1.22097,1.22111,1.22055,1.22064,3376,4,0
2014-05-23 18:00:00,1.22065,1.22105,1.22059,1.22067,1974,4,0
2014-05-23 20:00:00,1.22066,1.22083,1.2205,1.22053,1221,5,0
2014-05-23 22:00:00,1.22054,1.22108,1.22051,1.22056,1315,9,0
2014-05-26 00:00:00,1.22071,1.22078,1.22052,1.22063,1170,7,0
2014-05-26 02:00:00,1.22063,1.22092,1.22061,1.22077,1653,8,0
2014-05-26 04:00:00,1.22079,1.22081,1.22047,1.2206,1319,2,0
2014-05-26 06:00:00,1.22059,1.2212,1.22051,1.22082,1215,7,0
2014-05-26 08:00:00,1.22081,1.22145,1.22074,1.22096,1856,5,0
2014-05-26 10:00:00,1.22095,1.22126,1.22064,1.22098,1619,9,0
2014-05-26 12:00:00,1.22099,1.22132,1.22078,1.22097,1207,10,0
2014-05-26 14:00:00,1.22096,1.22115,1.22072,1.22083,1080,10,0
2014-05-26 16:00:00,1.22084,1.22097,1.22053,1.22073,1094,6,0
2014-05-26 18:00:00,1.22074,1.22101,1.22054,1.22066,898,9,0
2014-05-26 20:00:00,1.22065,1.22078,1.22052,1.22071,542,10,0
2014-05-26 22:00:00,1.2207,1.22091,1.22053,1.22083,790,8,0
2014-05-27 00:00:00,1.22083,1.22132,1.22081,1.2212,1024,6,0
2014-05-27 02:00:00,1.22118,1.22163,1.22114,1.22163,1219,4,0
2014-05-27 04:00:00,1.22163,1.22164,1.22145,1.2215,805,6,0
2014-05-27 06:00:00,1.22151,1.22163,1.22142,1.22152,1006,6,0
2014-05-27 08:00:00,1.22154,1.22166,1.22097,1.22147,2654,6,0
2014-05-27 10:00:00,1.22148,1.22203,1.22141,1.22193,2506,7,0
2014-05-27 12:00:00,1.22196,1.22233,1.22184,1.22206,2314,12,0
2014-05-27 14:00:00,1.22206,1.22273,1.22191,1.22222,3070,10,0
2014-05-27 16:00:00,1.22224,1.22246,1.22186,1.22244,2910,8,0
2014-05-27 18:00:00,1.22245,1.22282,1.22227,1.22263,1364,6,0
2014-05-27 20:00:00,1.22263,1.2228,1.22253,1.22263,1128,4,0
2014-05-27 22:00:00,1.22265,1.22272,1.2225,1.22254,698,2,0
2014-05-28 00:00:00,1.22252,1.22261,1.22239,1.22243,755,7,0
2014-05-28 02:00:00,1.22244,1.22285,1.22231,1.22269,1225,8,0
2014-05-28 04:00:00,1.2227,1.22285,1.22255,1.22276,926,6,0
2014-05-28 06:00:00,1.22278,1.22282,1.2225,1.2225,907,8,0
2014-05-28 08:00:00,1.2225,1.22286,1.22226,1.22239,2982,9,0
2014-05-28 10:00:00,1.2224,1.22336,1.22232,1.223,2653,10,0
2014-05-28 12:00:00,1.22299,1.22303,1.22253,1.22266,2474,7,0
2014-05-28 14:00:00,1.22265,1.22268,1.22165,1.22189,3797,9,0
2014-05-28 16:00:00,1.22188,1.22188,1.22084,1.22111,3156,8,0
2014-05-28 18:00:00,1.22111,1.22142,1.2209,1.22093,1356,5,0
2014-05-28 20:00:00,1.22093,1.22114,1.22084,1.2209,975,5,0
2014-05-28 22:00:00,1.22091,1.22108,1.22083,1.221,808,5,0
2014-05-29 00:00:00,1.22101,1.22109,1.22082,1.22091,860,4,0
2014-05-29 02:00:00,1.22091,1.22125,1.22089,1.22096,1051,6,0
2014-05-29 04:00:00,1.22096,1.22119,1.22093,1.22102,983,10,0
2014-05-29 06:00:00,1.22102,1.22114,1.22029,1.22034,1178,4,0
2014-05-29 08:00:00,1.22033,1.22091,1.2203,1.22072,2455,9,0
2014-05-29 10:00:00,1.22072,1.22117,1.22059,1.22095,2304,12,0
2014-05-29 12:00:00,1.22098,1.22123,1.22075,1.22101,1826,10,0
2014-05-29 14:00:00,1.22102,1.22136,1.22061,1.22076,3059,10,0
2014-05-29 16:00:00,1.22077,1.22097,1.21998,1.22055,3031,8,0
2014-05-29 18:00:00,1.22055,1.22098,1.22013,1.22095,1312,8,0
2014-05-29 20:00:00,1.22092,1.22127,1.22083,1.22115,875,8,0
2014-05-29 22:00:00,1.22116,1.2214,1.22104,1.22115,840,8,0
2014-05-30 00:00:00,1.22115,1.2216,1.22097,1.22145,839,6,0
2014-05-30 02:00:00,1.22145,1.22157,1.22102,1.22102,1179,10,0
2014-05-30 04:00:00,1.22103,1.22115,1.22084,1.22112,902,9,0
2014-05-30 06:00:00,1.22113,1.22119,1.22096,1.22116,1010,7,0
2014-05-30 08:00:00,1.22117,1.22139,1.22085,1.22093,2315,7,0
2014-05-30 10:00:00,1.22093,1.22136,1.22014,1.22046,2508,7,0
2014-05-30 12:00:00,1.22045,1.22067,1.22025,1.22037,1791,9,0
2014-05-30 14:00:00,1.22038,1.22104,1.21996,1.22082,3689,7,0
2014-05-30 16:00:00,1.22084,1.22132,1.21933,1.21992,3273,10,0
2014-05-30 18:00:00,1.21994,1.22032,1.21962,1.2198,1389,8,0
2014-05-30 20:00:00,1.21981,1.22056,1.21956,1.2205,1038,9,0
2014-05-30 22:00:00,1.22048,1.2208,1.22028,1.22035,626,5,0
2014-06-02 00:00:00,1.22049,1.22063,1.22024,1.22045,778,7,0
2014-06-02 02:00:00,1.22042,1.22077,1.22037,1.22058,912,7,0
2014-06-02 04:00:00,1.22057,1.22095,1.22044,1.22082,854,9,0
2014-06-02 06:00:00,1.22082,1.22095,1.22071,1.22078,859,8,0
2014-06-02 08:00:00,1.22079,1.22186,1.22061,1.22175,3739,2,0
2014-06-02 10:00:00,1.22177,1.22188,1.22129,1.22146,3587,1,0
2014-06-02 12:00:00,1.22146,1.22174,1.22108,1.22132,2567,2,0
2014-06-02 14:00:00,1.22132,1.22153,1.22097,1.22139,3419,2,0
2014-06-02 16:00:00,1.22135,1.22203,1.22067,1.22184,3565,3,0
2014-06-02 18:00:00,1.22181,1.22247,1.22179,1.2219,2261,2,0
2014-06-02 20:00:00,1.2219,1.22206,1.22174,1.22191,1072,4,0
2014-06-02 22:00:00,1.2219,1.222,1.22162,1.22181,805,1,0
2014-06-03 00:00:00,1.22181,1.22185,1.22155,1.22185,1072,6,0
2014-06-03 02:00:00,1.22185,1.22232,1.22185,1.22207,1373,5,0
2014-06-03 04:00:00,1.22205,1.2222,1.22194,1.22213,830,6,0
2014-06-03 06:00:00,1.22212,1.22224,1.22182,1.22187,1027,5,0
2014-06-03 08:00:00,1.22189,1.22248,1.22175,1.22238,2579,6,0
2014-06-03 10:00:00,1.22237,1.22256,1.2219,1.22207,3952,3,0
2014-06-03 12:00:00,1.22207,1.2221,1.22119,1.22133,3348,5,0
2014-06-03 14:00:00,1.22132,1.22188,1.2211,1.22131,4039,1,0
2014-06-03 16:00:00,1.22131,1.22162,1.22123,1.22136,3201,3,0
2014-06-03 18:00:00,1.22136,1.22168,1.22127,1.22162,1574,1,0
2014-06-03 20:00:00,1.22164,1.22178,1.22139,1.2215,1449,6,0
2014-06-03 22:00:00,1.22148,1.22166,1.22138,1.22147,1136,4,0
2014-06-04 00:00:00,1.22145,1.22163,1.22135,1.22147,993,6,0
2014-06-04 02:00:00,1.22147,1.22187,1.22138,1.22166,1380,7,0
2014-06-04 04:00:00,1.22166,1.22228,1.22166,1.22218,1102,7,0
2014-06-04 06:00:00,1.22218,1.22229,1.22182,1.22202,1076,3,0
2014-06-04 08:00:00,1.22197,1.22233,1.22164,1.22172,2908,3,0
2014-06-04 10:00:00,1.2217,1.22178,1.22065,1.22067,4330,3,0
2014-06-04 12:00:00,1.22067,1.22076,1.22033,1.2205,2562,2,0
2014-06-04 14:00:00,1.22049,1.22108,1.2203,1.2205,3967,2,0
2014-06-04 16:00:00,1.22046,1.22071,1.21957,1.21963,4121,1,0
2014-06-04 18:00:00,1.21963,1.22012,1.21936,1.21979,1922,4,0
2014-06-04 20:00:00,1.21979,1.22012,1.21978,1.22002,1545,6,0
2014-06-04 22:00:00,1.22002,1.22017,1.2199,1.21998,972,3,0
2014-06-05 00:00:00,1.21995,1.2201,1.21978,1.22,807,6,0
2014-06-05 02:00:00,1.21999,1.22073,1.21976,1.22024,1865,1,0
2014-06-05 04:00:00,1.22024,1.22037,1.22011,1.22015,1204,9,0
2014-06-05 06:00:00,1.22015,1.22024,1.21984,1.22005,1013,5,0
2014-06-05 08:00:00,1.22003,1.22015,1.21903,1.21915,3022,3,0
2014-06-05 10:00:00,1.21916,1.21947,1.21895,1.21937,3116,3,0
2014-06-05 12:00:00,1.21936,1.21979,1.21806,1.21954,4486,1,0
2014-06-05 14:00:00,1.21955,1.22044,1.21863,1.21898,9057,1,0
2014-06-05 16:00:00,1.21897,1.21897,1.21796,1.21811,6356,3,0
2014-06-05 18:00:00,1.2181,1.21813,1.21723,1.21746,3513,1,0
2014-06-05 20:00:00,1.21746,1.21804,1.21738,1.21796,2183,6,0
2014-06-05 22:00:00,1.21795,1.21799,1.21748,1.21788,1366,4,0
2014-06-06 00:00:00,1.21787,1.21842,1.21756,1.21831,1206,7,0
2014-06-06 02:00:00,1.21831,1.21831,1.21755,1.21759,1736,7,0
2014-06-06 04:00:00,1.21759,1.21773,1.21754,1.21772,999,8,0
2014-06-06 06:00:00,1.21771,1.2179,1.21745,1.21759,1070,2,0
2014-06-06 08:00:00,1.2176,1.21794,1.21659,1.21687,3539,1,0
2014-06-06 10:00:00,1.21687,1.21754,1.21672,1.21746,3159,4,0
2014-06-06 12:00:00,1.21748,1.21841,1.21732,1.21823,2505,2,0
2014-06-06 14:00:00,1.21821,1.21944,1.2182,1.2192,7977,1,0
2014-06-06 16:00:00,1.2192,1.21946,1.21875,1.21913,3603,2,0
2014-06-06 18:00:00,1.21913,1.21923,1.21888,1.21889,1392,4,0
2014-06-06 20:00:00,1.21889,1.219,1.21865,1.21898,1211,4,0
2014-06-06 22:00:00,1.21898,1.21916,1.21875,1.21892,897,3,0
2014-06-09 00:00:00,1.2188,1.21934,1.2188,1.21916,767,8,0
2014-06-09 02:00:00,1.21915,1.21924,1.21883,1.21895,968,5,0
2014-06-09 04:00:00,1.21897,1.21923,1.21894,1.2192,1003,8,0
2014-06-09 06:00:00,1.21918,1.21931,1.21908,1.21914,995,8,0
2014-06-09 08:00:00,1.21914,1.21924,1.21889,1.2191,2552,3,0
2014-06-09 10:00:00,1.21911,1.2195,1.219,1.21938,2454,5,0
2014-06-09 12:00:00,1.21936,1.21953,1.21907,1.21926,2857,5,0
2014-06-09 14:00:00,1.21926,1.21943,1.21895,1.21932,3970,2,0
2014-06-09 16:00:00,1.21933,1.21997,1.21924,1.2194,3248,3,0
2014-06-09 18:00:00,1.21941,1.21975,1.21931,1.21963,1296,6,0
2014-06-09 20:00:00,1.21963,1.21963,1.21929,1.21933,949,4,0
2014-06-09 22:00:00,1.21931,1.21944,1.21916,1.21932,851,4,0
2014-06-10 00:00:00,1.21933,1.21956,1.21927,1.21932,699,5,0
2014-06-10 02:00:00,1.21932,1.21937,1.21917,1.2192,956,2,0
2014-06-10 04:00:00,1.21922,1.21941,1.21916,1.21925,975,5,0
2014-06-10 06:00:00,1.21927,1.21936,1.2192,1.21929,828,6,0
2014-06-10 08:00:00,1.21931,1.21965,1.21913,1.21939,2951,3,0
2014-06-10 10:00:00,1.21938,1.21949,1.21902,1.21918,4087,3,0
2014-06-10 12:00:00,1.21918,1.21918,1.21867,1.21891,3321,5,0
2014-06-10 14:00:00,1.2189,1.21901,1.21836,1.21844,3601,4,0
2014-06-10 16:00:00,1.21844,1.21876,1.21814,1.2183,3572,2,0
2014-06-10 18:00:00,1.21828,1.21855,1.21822,1.21848,1357,6,0
2014-06-10 20:00:00,1.21847,1.21854,1.21797,1.2181,1334,5,0
2014-06-10 22:00:00,1.21812,1.21824,1.21796,1.21802,806,2,0
2014-06-11 00:00:00,1.21802,1.21816,1.21796,1.21801,834,9,0
2014-06-11 02:00:00,1.218,1.21821,1.21795,1.21801,1991,7,0
2014-06-11 04:00:00,1.21802,1.2181,1.21792,1.21801,1378,4,0
2014-06-11 06:00:00,1.21799,1.21821,1.21796,1.21812,1404,4,0
2014-06-11 08:00:00,1.21814,1.21851,1.21796,1.21846,2849,7,0
2014-06-11 10:00:00,1.21847,1.21877,1.21817,1.21832,3516,3,0
2014-06-11 12:00:00,1.21833,1.21862,1.21746,1.21768,3761,1,0
2014-06-11 14:00:00,1.21766,1.21792,1.2171,1.21722,3803,2,0
2014-06-11 16:00:00,1.21722,1.21765,1.217,1.21763,3642,4,0
2014-06-11 18:00:00,1.21761,1.2177,1.2173,1.21757,1472,6,0
2014-06-11 20:00:00,1.21756,1.21763,1.21739,1.21751,1266,4,0
2014-06-11 22:00:00,1.21749,1.21787,1.21749,1.21765,1084,7,0
2014-06-12 00:00:00,1.21763,1.21777,1.21757,1.2176,860,6,0
2014-06-12 02:00:00,1.2176,1.2181,1.21757,1.2181,1366,7,0
2014-06-12 04:00:00,1.2181,1.21836,1.21797,1.21832,1042,7,0
2014-06-12 06:00:00,1.2183,1.21832,1.21795,1.21796,944,6,0
2014-06-12 08:00:00,1.21797,1.21817,1.21761,1.21806,3104,3,0
2014-06-12 10:00:00,1.21808,1.21823,1.21768,1.2177,3510,3,0
2014-06-12 12:00:00,1.2177,1.21785,1.21717,1.21737,2734,4,0
2014-06-12 14:00:00,1.21739,1.2175,1.21709,1.21735,4167,8,0
2014-06-12 16:00:00,1.21734,1.21764,1.21707,1.21755,3518,8,0
2014-06-12 18:00:00,1.21755,1.21808,1.21705,1.21722,2997,8,0
2014-06-12 20:00:00,1.21722,1.2176,1.21707,1.21746,1602,9,0
2014-06-12 22:00:00,1.21746,1.2176,1.21701,1.21724,1609,7,0
2014-06-13 00:00:00,1.21724,1.21743,1.21706,1.21716,924,12,0
2014-06-13 02:00:00,1.21714,1.21771,1.21714,1.21767,1154,8,0
2014-06-13 04:00:00,1.21769,1.21781,1.21757,1.21772,949,8,0
2014-06-13 06:00:00,1.21769,1.21791,1.21753,1.21778,1259,10,0
2014-06-13 08:00:00,1.21776,1.21787,1.21658,1.21676,3619,8,0
2014-06-13 10:00:00,1.21675,1.21698,1.21649,1.21698,2715,8,0
2014-06-13 12:00:00,1.21697,1.21797,1.21659,1.21755,3512,9,0
2014-06-13 14:00:00,1.21754,1.21787,1.21726,1.21758,3847,8,0
2014-06-13 16:00:00,1.21761,1.21808,1.21756,1.21806,3533,9,0
2014-06-13 18:00:00,1.21804,1.21847,1.21782,1.21846,1942,9,0
2014-06-13 20:00:00,1.21844,1.21872,1.21835,1.21869,1296,10,0
2014-06-13 22:00:00,1.21866,1.21885,1.21851,1.2186,816,8,0
2014-06-16 00:00:00,1.21852,1.21871,1.21839,1.21851,879,1,0
2014-06-16 02:00:00,1.21852,1.21868,1.21815,1.2182,1111,4,0
2014-06-16 04:00:00,1.2182,1.21828,1.218,1.21805,786,7,0
2014-06-16 06:00:00,1.21805,1.21818,1.21789,1.21795,828,6,0
2014-06-16 08:00:00,1.21792,1.21808,1.21752,1.21769,3439,3,0
2014-06-16 10:00:00,1.21769,1.2179,1.21727,1.21782,2844,3,0
2014-06-16 12:00:00,1.21776,1.21786,1.21745,1.21775,2029,5,0
2014-06-16 14:00:00,1.21772,1.21817,1.21734,1.21749,4171,2,0
2014-06-16 16:00:00,1.21749,1.21785,1.21727,1.21763,3439,2,0
2014-06-16 18:00:00,1.21763,1.21788,1.21746,1.21788,1470,5,0
2014-06-16 20:00:00,1.21787,1.21792,1.21765,1.21778,872,6,0
2014-06-16 22:00:00,1.21778,1.21782,1.21749,1.21773,739,3,0
2014-06-17 00:00:00,1.21768,1.21795,1.21758,1.21785,1006,4,0
2014-06-17 02:00:00,1.21785,1.21848,1.21783,1.21838,1854,7,0
2014-06-17 04:00:00,1.21839,1.21851,1.21808,1.21815,1301,8,0
2014-06-17 06:00:00,1.21816,1.21824,1.21793,1.21807,970,9,0
2014-06-17 08:00:00,1.21807,1.21854,1.21786,1.2183,2052,4,0
2014-06-17 10:00:00,1.21832,1.21873,1.2181,1.2187,3069,2,0
2014-06-17 12:00:00,1.2187,1.21888,1.21854,1.21857,2060,5,0
2014-06-17 14:00:00,1.2186,1.21915,1.21855,1.21886,3794,2,0
2014-06-17 16:00:00,1.21885,1.21911,1.21845,1.2186,2764,2,0
2014-06-17 18:00:00,1.2186,1.21869,1.21828,1.21846,1328,2,0
2014-06-17 20:00:00,1.21848,1.21853,1.21825,1.21835,899,4,0
2014-06-17 22:00:00,1.21835,1.21844,1.21819,1.21827,929,1,0
2014-06-18 00:00:00,1.21828,1.21846,1.21811,1.21825,930,4,0
2014-06-18 02:00:00,1.21826,1.21834,1.21796,1.21804,1049,6,0
2014-06-18 04:00:00,1.21803,1.2184,1.21802,1.21837,732,7,0
2014-06-18 06:00:00,1.21837,1.21846,1.21819,1.21825,984,7,0
2014-06-18 08:00:00,1.21826,1.21868,1.2182,1.21831,2274,3,0
2014-06-18 10:00:00,1.21831,1.21891,1.21821,1.21867,2775,1,0
2014-06-18 12:00:00,1.21867,1.21888,1.2179,1.21806,2650,2,0
2014-06-18 14:00:00,1.21806,1.21816,1.21766,1.21798,3002,1,0
2014-06-18 16:00:00,1.21798,1.21808,1.21769,1.21785,3367,4,0
2014-06-18 18:00:00,1.21785,1.21826,1.21764,1.2181,1811,1,0
2014-06-18 20:00:00,1.21815,1.21878,1.2176,1.21798,4988,2,0
2014-06-18 22:00:00,1.21799,1.21813,1.21755,1.21777,1929,3,0
2014-06-19 00:00:00,1.21778,1.21805,1.21768,1.21805,811,9,0
2014-06-19 02:00:00,1.21805,1.2181,1.21783,1.21783,1271,1,0
2014-06-19 04:00:00,1.21781,1.21813,1.21777,1.2181,1006,2,0
2014-06-19 06:00:00,1.21812,1.2184,1.21805,1.2184,977,5,0
2014-06-19 08:00:00,1.21836,1.21855,1.21709,1.21711,4280,1,0
2014-06-19 10:00:00,1.2171,1.2176,1.21661,1.21725,4329,1,0
2014-06-19 12:00:00,1.21724,1.21724,1.21663,1.21667,2932,6,0
2014-06-19 14:00:00,1.21667,1.21701,1.21615,1.21622,4124,3,0
2014-06-19 16:00:00,1.21626,1.21643,1.2152,1.21641,4324,3,0
2014-06-19 18:00:00,1.2164,1.21694,1.21624,1.21679,2258,3,0
2014-06-19 20:00:00,1.21678,1.21705,1.21657,1.21657,1536,1,0
2014-06-19 22:00:00,1.21657,1.21673,1.21644,1.21664,1262,2,0
2014-06-20 00:00:00,1.21665,1.21677,1.21653,1.21667,866,9,0
2014-06-20 02:00:00,1.21666,1.21689,1.21642,1.21652,1103,7,0
2014-06-20 04:00:00,1.21651,1.21658,1.21613,1.21623,1038,8,0
2014-06-20 06:00:00,1.21623,1.21692,1.21616,1.21691,1121,5,0
2014-06-20 08:00:00,1.21688,1.2171,1.21653,1.21673,2663,4,0
2014-06-20 10:00:00,1.21672,1.21695,1.21664,1.21687,2361,2,0
2014-06-20 12:00:00,1.21688,1.21727,1.21678,1.21701,3094,4,0
2014-06-20 14:00:00,1.21699,1.21769,1.21676,1.21761,3823,4,0
2014-06-20 16:00:00,1.21759,1.21772,1.21713,1.21744,2917,3,0
2014-06-20 18:00:00,1.2174,1.21766,1.21717,1.2174,1421,5,0
2014-06-20 20:00:00,1.21739,1.2176,1.2172,1.21752,1256,5,0
2014-06-20 22:00:00,1.21752,1.21759,1.21677,1.21677,679,1,0
2014-06-23 00:00:00,1.21714,1.21735,1.21676,1.21735,982,9,0
2014-06-23 02:00:00,1.21733,1.21764,1.21723,1.2175,1187,6,0
2014-06-23 04:00:00,1.2175,1.21765,1.21734,1.21739,1543,6,0
2014-06-23 06:00:00,1.2174,1.2177,1.21734,1.21753,916,7,0
2014-06-23 08:00:00,1.21754,1.21765,1.21716,1.2172,3043,1,0
2014-06-23 10:00:00,1.2172,1.21743,1.21697,1.21716,2937,2,0
2014-06-23 12:00:00,1.21716,1.21723,1.21651,1.21665,2261,5,0
2014-06-23 14:00:00,1.21665,1.21684,1.21638,1.21642,2950,4,0
2014-06-23 16:00:00,1.2165,1.21668,1.21621,1.2163,2956,3,0
2014-06-23 18:00:00,1.21629,1.21648,1.21624,1.21633,1460,5,0
2014-06-23 20:00:00,1.21633,1.21645,1.21622,1.21626,1129,6,0
2014-06-23 22:00:00,1.21627,1.21656,1.2162,1.21643,981,6,0
2014-06-24 00:00:00,1.21642,1.21662,1.21638,1.21659,810,9,0
2014-06-24 02:00:00,1.21659,1.21692,1.21653,1.21683,1221,5,0
2014-06-24 04:00:00,1.21683,1.21688,1.21675,1.21679,680,7,0
2014-06-24 06:00:00,1.21678,1.21702,1.21676,1.21678,1052,7,0
2014-06-24 08:00:00,1.21677,1.21722,1.21635,1.21658,2909,6,0
2014-06-24 10:00:00,1.21655,1.21675,1.21583,1.21601,4610,4,0
2014-06-24 12:00:00,1.21602,1.21736,1.21599,1.21715,2559,5,0
2014-06-24 14:00:00,1.21715,1.21742,1.21644,1.21653,2883,4,0
2014-06-24 16:00:00,1.21673,1.21745,1.21658,1.21682,3596,3,0
2014-06-24 18:00:00,1.2168,1.2169,1.21622,1.21627,1688,3,0
2014-06-24 20:00:00,1.21629,1.21639,1.21609,1.21621,1840,5,0
2014-06-24 22:00:00,1.21621,1.21627,1.21601,1.21616,940,6,0
2014-06-25 00:00:00,1.21617,1.21629,1.21606,1.21617,756,9,0
2014-06-25 02:00:00,1.21617,1.21656,1.2161,1.21642,1226,7,0
2014-06-25 04:00:00,1.21642,1.21647,1.21629,1.21647,856,8,0
2014-06-25 06:00:00,1.21644,1.21648,1.21616,1.21616,970,6,0
2014-06-25 08:00:00,1.21616,1.21656,1.21608,1.21653,2234,6,0
2014-06-25 10:00:00,1.21653,1.21655,1.21627,1.21646,2366,6,0
2014-06-25 12:00:00,1.21644,1.21679,1.21643,1.21673,1895,6,0
2014-06-25 14:00:00,1.21672,1.21693,1.21597,1.21614,4488,1,0
2014-06-25 16:00:00,1.21615,1.2163,1.21591,1.21608,3067,3,0
2014-06-25 18:00:00,1.21608,1.21656,1.21593,1.21655,1502,3,0
2014-06-25 20:00:00,1.21655,1.21693,1.21645,1.21688,1329,7,0
2014-06-25 22:00:00,1.21689,1.21694,1.2166,1.21684,1137,5,0
2014-06-26 00:00:00,1.21684,1.2169,1.21672,1.21675,670,7,0
2014-06-26 02:00:00,1.21675,1.21681,1.21657,1.21668,938,5,0
2014-06-26 04:00:00,1.21668,1.21695,1.21668,1.21682,959,7,0
2014-06-26 06:00:00,1.21683,1.21694,1.21679,1.21687,941,8,0
2014-06-26 08:00:00,1.21687,1.21714,1.2166,1.2168,2399,5,0
2014-06-26 10:00:00,1.21679,1.21697,1.21639,1.21666,2791,2,0
2014-06-26 12:00:00,1.21666,1.21675,1.21635,1.21646,1847,4,0
2014-06-26 14:00:00,1.21644,1.21661,1.2157,1.21599,4754,1,0
2014-06-26 16:00:00,1.21599,1.21624,1.21563,1.21575,4160,5,0
2014-06-26 18:00:00,1.21576,1.21624,1.21573,1.21609,1567,5,0
2014-06-26 20:00:00,1.21611,1.21628,1.216,1.21617,1097,7,0
2014-06-26 22:00:00,1.21612,1.21633,1.21609,1.21633,821,6,0
2014-06-27 00:00:00,1.21627,1.21632,1.21616,1.21621,711,8,0
2014-06-27 02:00:00,1.21621,1.21638,1.21616,1.21625,1101,7,0
2014-06-27 04:00:00,1.21627,1.21632,1.2155,1.21553,1311,5,0
2014-06-27 06:00:00,1.21553,1.21588,1.21543,1.21574,1156,6,0
2014-06-27 08:00:00,1.21574,1.21646,1.21567,1.21638,2567,2,0
2014-06-27 10:00:00,1.21641,1.21653,1.21625,1.21646,2613,3,0
2014-06-27 12:00:00,1.21644,1.2165,1.21577,1.21599,2443,3,0
2014-06-27 14:00:00,1.21598,1.21633,1.21526,1.21548,3477,4,0
2014-06-27 16:00:00,1.21551,1.21584,1.21505,1.21578,3090,2,0
2014-06-27 18:00:00,1.21578,1.21586,1.21565,1.21574,1608,5,0
2014-06-27 20:00:00,1.21574,1.21602,1.21566,1.216,1385,6,0
2014-06-27 22:00:00,1.216,1.21603,1.21548,1.21548,714,4,0
2014-06-30 00:00:00,1.21559,1.21581,1.2155,1.21576,698,9,0
2014-06-30 02:00:00,1.21575,1.21584,1.21555,1.21561,828,6,0
2014-06-30 04:00:00,1.21561,1.21579,1.21556,1.21565,523,5,0
2014-06-30 06:00:00,1.21565,1.2158,1.21559,1.2157,857,5,0
2014-06-30 08:00:00,1.2157,1.21607,1.21514,1.21514,3037,4,0
2014-06-30 10:00:00,1.21513,1.21543,1.21475,1.21538,3220,1,0
2014-06-30 12:00:00,1.21538,1.21559,1.21512,1.21526,2327,5,0
2014-06-30 14:00:00,1.21527,1.21558,1.21501,1.2151,3514,4,0
2014-06-30 16:00:00,1.21507,1.21521,1.21391,1.21402,4873,4,0
2014-06-30 18:00:00,1.21404,1.21464,1.21382,1.21456,2214,4,0
2014-06-30 20:00:00,1.21459,1.21476,1.21396,1.21414,1609,7,0
2014-06-30 22:00:00,1.21415,1.21431,1.21406,1.21413,1506,8,0
2014-07-01 00:00:00,1.21412,1.21434,1.21406,1.21418,1332,9,0
2014-07-01 02:00:00,1.2142,1.21442,1.21405,1.21421,1705,8,0
2014-07-01 04:00:00,1.2142,1.21438,1.21406,1.21406,1414,6,0
2014-07-01 06:00:00,1.21412,1.2145,1.21401,1.21435,1931,5,0
2014-07-01 08:00:00,1.21436,1.21473,1.21411,1.21453,3285,4,0
2014-07-01 10:00:00,1.21455,1.21469,1.21394,1.21405,3547,4,0
2014-07-01 12:00:00,1.21406,1.21427,1.21364,1.21366,3322,4,0
2014-07-01 14:00:00,1.21366,1.21415,1.21352,1.21401,4262,4,0
2014-07-01 16:00:00,1.21402,1.21402,1.21327,1.21357,4285,4,0
2014-07-01 18:00:00,1.2136,1.21363,1.21325,1.21353,2195,4,0
2014-07-01 20:00:00,1.2135,1.21402,1.21348,1.21388,1584,6,0
2014-07-01 22:00:00,1.21387,1.21406,1.21375,1.21389,1467,8,0
2014-07-02 00:00:00,1.2139,1.21419,1.21383,1.21408,1379,5,0
2014-07-02 02:00:00,1.21408,1.21426,1.21391,1.2142,1536,7,0
2014-07-02 04:00:00,1.21419,1.2143,1.21404,1.21421,1175,7,0
2014-07-02 06:00:00,1.21418,1.21429,1.2138,1.21395,1771,6,0
2014-07-02 08:00:00,1.21397,1.21418,1.2137,1.21403,3137,4,0
2014-07-02 10:00:00,1.21392,1.21425,1.21374,1.21391,3597,4,0
2014-07-02 12:00:00,1.21394,1.21396,1.21346,1.21352,2721,4,0
2014-07-02 14:00:00,1.21355,1.21406,1.21339,1.21378,5081,4,0
2014-07-02 16:00:00,1.21379,1.21389,1.2134,1.21356,3593,4,0
2014-07-02 18:00:00,1.21357,1.21405,1.21339,1.21402,2142,4,0
2014-07-02 20:00:00,1.21399,1.21416,1.21393,1.21406,1498,5,0
2014-07-02 22:00:00,1.21407,1.21417,1.2138,1.21398,1448,4,0
2014-07-03 00:00:00,1.21396,1.21414,1.21384,1.21404,1400,7,0
2014-07-03 02:00:00,1.21404,1.2142,1.2139,1.21412,1740,9,0
2014-07-03 04:00:00,1.21414,1.21422,1.21399,1.2141,1253,7,0
2014-07-03 06:00:00,1.214,1.21422,1.21395,1.21409,1366,7,0
2014-07-03 08:00:00,1.21409,1.21441,1.21401,1.21428,3889,4,0
2014-07-03 10:00:00,1.21429,1.21464,1.21405,1.21458,3927,4,0
2014-07-03 12:00:00,1.21453,1.21477,1.2143,1.2146,3428,4,0
2014-07-03 14:00:00,1.21461,1.21632,1.21451,1.21629,7333,4,0
2014-07-03 16:00:00,1.21628,1.21646,1.21554,1.21579,4418,4,0
2014-07-03 18:00:00,1.2158,1.21602,1.21563,1.21594,2245,4,0
2014-07-03 20:00:00,1.21593,1.21598,1.21572,1.21577,1246,4,0
2014-07-03 22:00:00,1.21577,1.21585,1.21552,1.21573,1295,4,0
2014-07-04 00:00:00,1.2157,1.21587,1.21564,1.21578,1254,4,0
2014-07-04 02:00:00,1.21578,1.21583,1.21559,1.21572,1825,4,0
2014-07-04 04:00:00,1.21568,1.21575,1.21534,1.21559,1864,4,0
2014-07-04 06:00:00,1.21553,1.21569,1.21524,1.21526,1967,4,0
2014-07-04 08:00:00,1.21526,1.21609,1.21519,1.21582,3285,4,0
2014-07-04 10:00:00,1.21585,1.21626,1.21578,1.21601,2564,4,0
2014-07-04 12:00:00,1.21602,1.21626,1.2157,1.21582,2346,4,0
2014-07-04 14:00:00,1.21583,1.21628,1.21576,1.21621,2376,4,0
2014-07-04 16:00:00,1.21622,1.21624,1.21536,1.21575,2809,4,0
2014-07-04 18:00:00,1.21574,1.21588,1.21553,1.21565,2130,4,0
2014-07-04 20:00:00,1.21572,1.21594,1.21558,1.21582,1480,4,0
2014-07-04 22:00:00,1.21584,1.21593,1.21521,1.21529,843,5,0
2014-07-07 00:00:00,1.21583,1.21614,1.21573,1.21602,2450,4,0
2014-07-07 02:00:00,1.21601,1.21636,1.21574,1.21633,1529,4,0
2014-07-07 04:00:00,1.21634,1.21647,1.21625,1.21639,920,4,0
2014-07-07 06:00:00,1.21643,1.21644,1.2162,1.21622,1355,4,0
2014-07-07 08:00:00,1.21623,1.21637,1.21573,1.21584,3276,4,0
2014-07-07 10:00:00,1.2159,1.21592,1.21542,1.21567,3114,4,0
2014-07-07 12:00:00,1.21564,1.21583,1.21528,1.21536,3098,4,0
2014-07-07 14:00:00,1.21535,1.21586,1.2151,1.21582,3862,4,0
2014-07-07 16:00:00,1.21583,1.21588,1.21523,1.21526,3635,4,0
2014-07-07 18:00:00,1.21537,1.2155,1.21506,1.21532,2293,4,0
2014-07-07 20:00:00,1.21529,1.21552,1.21526,1.21531,1569,4,0
2014-07-07 22:00:00,1.21531,1.21565,1.21525,1.21548,1635,4,0
2014-07-08 00:00:00,1.21547,1.21559,1.21529,1.21539,1420,4,0
2014-07-08 02:00:00,1.21538,1.21567,1.21513,1.21557,1908,4,0
2014-07-08 04:00:00,1.21557,1.21564,1.21546,1.21562,1090,4,0
2014-07-08 06:00:00,1.21558,1.21566,1.21545,1.21548,1442,4,0
2014-07-08 08:00:00,1.21556,1.21569,1.2149,1.21559,3749,4,0
2014-07-08 10:00:00,1.21558,1.21572,1.21513,1.21529,3497,4,0
2014-07-08 12:00:00,1.21528,1.21563,1.21521,1.21552,2745,4,0
2014-07-08 14:00:00,1.21549,1.21554,1.21474,1.21502,4114,4,0
2014-07-08 16:00:00,1.21497,1.21523,1.21468,1.21505,3883,4,0
2014-07-08 18:00:00,1.21503,1.21545,1.21487,1.2153,2286,4,0
2014-07-08 20:00:00,1.21531,1.21555,1.21519,1.21542,1709,4,0
2014-07-08 22:00:00,1.21542,1.21559,1.21529,1.21542,1488,4,0
2014-07-09 00:00:00,1.21542,1.21563,1.21539,1.21541,1216,4,0
2014-07-09 02:00:00,1.21542,1.2156,1.21538,1.21556,1798,4,0
2014-07-09 04:00:00,1.21555,1.21578,1.21549,1.21578,1247,4,0
2014-07-09 06:00:00,1.21572,1.21585,1.21549,1.21561,2013,4,0
2014-07-09 08:00:00,1.21559,1.21573,1.21515,1.21544,3846,4,0
2014-07-09 10:00:00,1.2155,1.21577,1.2153,1.21543,3425,4,0
2014-07-09 12:00:00,1.21546,1.21557,1.21521,1.21553,2679,1,0
2014-07-09 14:00:00,1.21554,1.21587,1.21545,1.21568,3933,1,0
2014-07-09 16:00:00,1.21567,1.21574,1.21518,1.21558,3822,4,0
2014-07-09 18:00:00,1.21548,1.21589,1.21548,1.21575,2295,4,0
2014-07-09 20:00:00,1.21574,1.21589,1.21529,1.21536,3527,4,0
2014-07-09 22:00:00,1.21538,1.21544,1.21517,1.2154,1471,4,0
2014-07-10 00:00:00,1.21538,1.21553,1.21526,1.21535,1291,4,0
2014-07-10 02:00:00,1.21534,1.21542,1.21522,1.21528,1478,4,0
2014-07-10 04:00:00,1.21527,1.21551,1.21523,1.21534,1134,4,0
2014-07-10 06:00:00,1.2153,1.21545,1.21516,1.21534,1439,4,0
2014-07-10 08:00:00,1.21535,1.21556,1.21472,1.21494,4125,4,0
2014-07-10 10:00:00,1.21498,1.21501,1.21441,1.21452,4387,4,0
2014-07-10 12:00:00,1.21452,1.21464,1.21417,1.21454,4330,4,0
2014-07-10 14:00:00,1.21455,1.21458,1.21367,1.21396,4827,4,0
2014-07-10 16:00:00,1.21395,1.21438,1.2138,1.21399,4112,4,0
2014-07-10 18:00:00,1.21398,1.21426,1.21397,1.21425,2341,4,0
2014-07-10 20:00:00,1.21422,1.2144,1.214,1.21419,1633,4,0
2014-07-10 22:00:00,1.21419,1.21448,1.21395,1.2144,1453,4,0
2014-07-11 00:00:00,1.21441,1.21457,1.21435,1.21447,1368,4,0
2014-07-11 02:00:00,1.21448,1.2146,1.21432,1.21445,1870,4,0
2014-07-11 04:00:00,1.21445,1.21461,1.21433,1.21439,1436,4,0
2014-07-11 06:00:00,1.21433,1.21446,1.21414,1.21429,1510,4,0
2014-07-11 08:00:00,1.21431,1.21439,1.21379,1.21404,3418,4,0
2014-07-11 10:00:00,1.21409,1.21447,1.21375,1.21427,3840,4,0
2014-07-11 12:00:00,1.2143,1.21456,1.21403,1.21445,3745,4,0
2014-07-11 14:00:00,1.21444,1.2145,1.21372,1.21392,7095,4,0
2014-07-11 16:00:00,1.21392,1.21432,1.21383,1.21386,5831,4,0
2014-07-11 18:00:00,1.21386,1.21418,1.21379,1.214,2051,4,0
2014-07-11 20:00:00,1.214,1.21411,1.21379,1.21385,1639,4,0
2014-07-11 22:00:00,1.21386,1.21413,1.21363,1.21363,1013,4,0
2014-07-14 00:00:00,1.21373,1.21411,1.21371,1.21407,2195,4,0
2014-07-14 02:00:00,1.21408,1.21421,1.21399,1.21409,1570,4,0
2014-07-14 04:00:00,1.2141,1.21429,1.21409,1.21414,979,4,0
2014-07-14 06:00:00,1.21414,1.2145,1.21414,1.21442,1205,4,0
2014-07-14 08:00:00,1.21443,1.2148,1.21374,1.21391,7297,4,0
2014-07-14 10:00:00,1.21391,1.21399,1.2136,1.21386,4830,4,0
2014-07-14 12:00:00,1.21386,1.21398,1.21371,1.21373,3504,4,0
2014-07-14 14:00:00,1.21373,1.21464,1.21368,1.21458,5257,4,0
2014-07-14 16:00:00,1.21457,1.21476,1.21443,1.21464,4620,4,0
2014-07-14 18:00:00,1.21466,1.21481,1.21451,1.21471,3339,4,0
2014-07-14 20:00:00,1.2147,1.21473,1.21448,1.2147,1935,4,0
2014-07-14 22:00:00,1.21471,1.21472,1.21448,1.21466,564,4,0
2014-07-15 00:00:00,1.21466,1.21479,1.21458,1.21471,1125,4,0
2014-07-15 02:00:00,1.2147,1.21479,1.21458,1.21464,1697,4,0
2014-07-15 04:00:00,1.21464,1.21479,1.21459,1.21474,1345,4,0
2014-07-15 06:00:00,1.21474,1.21483,1.21465,1.21469,1479,4,0
2014-07-15 08:00:00,1.21469,1.21484,1.21444,1.21449,5062,4,0
2014-07-15 10:00:00,1.2145,1.21457,1.21406,1.2143,6819,4,0
2014-07-15 12:00:00,1.2143,1.21438,1.21417,1.21417,4256,4,0
2014-07-15 14:00:00,1.21417,1.21456,1.21397,1.21443,6208,4,0
2014-07-15 16:00:00,1.21444,1.21548,1.21417,1.21521,3949,1,0
2014-07-15 18:00:00,1.2152,1.21556,1.21517,1.21546,1492,1,0
2014-07-15 20:00:00,1.21545,1.21557,1.21541,1.21552,1228,2,0
2014-07-15 22:00:00,1.21552,1.21556,1.21506,1.21529,1293,2,0
2014-07-16 00:00:00,1.2153,1.21546,1.21523,1.21528,1089,3,0
2014-07-16 02:00:00,1.21529,1.21561,1.21528,1.21552,1902,1,0
2014-07-16 04:00:00,1.21552,1.21564,1.21544,1.21553,1256,4,0
2014-07-16 06:00:00,1.21552,1.21557,1.21522,1.21533,1327,3,0
2014-07-16 08:00:00,1.21534,1.21574,1.21527,1.21537,2143,1,0
2014-07-16 10:00:00,1.21537,1.21556,1.21531,1.21545,2255,1,0
2014-07-16 12:00:00,1.21544,1.2156,1.21537,1.21554,1572,7,0
2014-07-16 14:00:00,1.21554,1.21567,1.21531,1.21538,2523,6,0
2014-07-16 16:00:00,1.21539,1.21559,1.21531,1.21544,2146,6,0
2014-07-16 18:00:00,1.21543,1.21546,1.21526,1.21531,1259,7,0
2014-07-16 20:00:00,1.2153,1.21536,1.21498,1.21499,1042,6,0
2014-07-16 22:00:00,1.21498,1.21513,1.214,1.21493,1322,9,0
2014-07-17 00:00:00,1.21493,1.21501,1.21473,1.21477,689,10,0
2014-07-17 02:00:00,1.2148,1.215,1.2147,1.21474,1623,8,0
2014-07-17 04:00:00,1.21475,1.2148,1.2145,1.21454,1099,6,0
2014-07-17 06:00:00,1.21454,1.21485,1.21441,1.21465,1737,6,0
2014-07-17 08:00:00,1.21466,1.21492,1.21439,1.21454,1945,6,0
2014-07-17 10:00:00,1.21454,1.21466,1.21444,1.21461,1736,6,0
2014-07-17 12:00:00,1.2146,1.21477,1.21448,1.21466,1558,7,0
2014-07-17 14:00:00,1.21467,1.21477,1.21443,1.21464,1931,6,0
2014-07-17 16:00:00,1.21465,1.21473,1.21398,1.21398,2614,6,0
2014-07-17 18:00:00,1.214,1.21424,1.21375,1.21405,1954,6,0
2014-07-17 20:00:00,1.21404,1.2142,1.21383,1.21393,1361,7,0
2014-07-17 22:00:00,1.21392,1.21412,1.21361,1.21393,1442,8,0
2014-07-18 00:00:00,1.21393,1.21394,1.21351,1.2138,1091,7,0
2014-07-18 02:00:00,1.21385,1.21407,1.21362,1.21395,1669,7,0
2014-07-18 04:00:00,1.21396,1.21408,1.21383,1.214,1244,9,0
2014-07-18 06:00:00,1.21401,1.21403,1.21378,1.21385,968,10,0
2014-07-18 08:00:00,1.21386,1.21444,1.21378,1.21433,1955,6,0
2014-07-18 10:00:00,1.21433,1.21441,1.21399,1.2143,1642,6,0
2014-07-18 12:00:00,1.21429,1.21444,1.21421,1.21444,1533,7,0
2014-07-18 14:00:00,1.21443,1.21475,1.21423,1.21441,3061,6,0
2014-07-18 16:00:00,1.2144,1.2151,1.21408,1.2148,2623,1,0
2014-07-18 18:00:00,1.21479,1.21495,1.21447,1.21455,1456,6,0
2014-07-18 20:00:00,1.21455,1.21497,1.21454,1.2149,1485,7,0
2014-07-18 22:00:00,1.2149,1.21514,1.21443,1.21443,686,9,0
2014-07-21 00:00:00,1.21451,1.21499,1.21449,1.21491,767,19,0
2014-07-21 02:00:00,1.21491,1.21496,1.21476,1.21487,1313,14,0
2014-07-21 04:00:00,1.21487,1.21527,1.21476,1.2152,1440,14,0
2014-07-21 06:00:00,1.2152,1.21549,1.21513,1.21537,1814,13,0
2014-07-21 08:00:00,1.21538,1.21551,1.21484,1.21486,2250,9,0
2014-07-21 10:00:00,1.21486,1.21512,1.2147,1.21473,2511,10,0
2014-07-21 12:00:00,1.21473,1.21475,1.2143,1.21438,1804,10,0
2014-07-21 14:00:00,1.21438,1.21444,1.21421,1.21438,2368,10,0
2014-07-21 16:00:00,1.21437,1.21452,1.21412,1.21426,2297,11,0
2014-07-21 18:00:00,1.21426,1.21445,1.21422,1.2144,1055,10,0
2014-07-21 20:00:00,1.21439,1.21448,1.21421,1.21424,972,14,0
2014-07-21 22:00:00,1.21428,1.21449,1.21339,1.21443,1170,13,0
2014-07-22 00:00:00,1.21445,1.21457,1.21418,1.21457,683,10,0
2014-07-22 02:00:00,1.2145,1.21482,1.21439,1.21474,1462,15,0
2014-07-22 04:00:00,1.21474,1.21489,1.21454,1.21468,1261,14,0
2014-07-22 06:00:00,1.21469,1.21479,1.21459,1.21472,1259,13,0
2014-07-22 08:00:00,1.21469,1.21531,1.21465,1.2151,1865,8,0
2014-07-22 10:00:00,1.2151,1.21524,1.21475,1.21508,2758,1,0
2014-07-22 12:00:00,1.21507,1.21516,1.21492,1.21508,1985,6,0
2014-07-22 14:00:00,1.21508,1.21514,1.21453,1.21496,4401,5,0
2014-07-22 16:00:00,1.21494,1.21521,1.2147,1.21518,2549,6,0
2014-07-22 18:00:00,1.21518,1.21528,1.2149,1.21514,1324,6,0
2014-07-22 20:00:00,1.21512,1.21529,1.21507,1.21511,1383,6,0
2014-07-22 22:00:00,1.21511,1.21522,1.21467,1.21514,1684,6,0
2014-07-23 00:00:00,1.21514,1.21516,1.21486,1.2149,563,10,0
2014-07-23 02:00:00,1.21489,1.21518,1.21479,1.21485,1890,9,0
2014-07-23 04:00:00,1.21486,1.21504,1.21481,1.21483,1424,9,0
2014-07-23 06:00:00,1.21483,1.21503,1.21478,1.21501,933,6,0
2014-07-23 08:00:00,1.21503,1.21516,1.21483,1.21511,2053,6,0
2014-07-23 10:00:00,1.21512,1.21536,1.21499,1.21511,2610,6,0
2014-07-23 12:00:00,1.21512,1.21523,1.21504,1.21521,1436,6,0
2014-07-23 14:00:00,1.21521,1.21521,1.21479,1.21482,2235,6,0
2014-07-23 16:00:00,1.21482,1.21502,1.21468,1.21486,2480,6,0
2014-07-23 18:00:00,1.21486,1.215,1.21458,1.21459,1192,6,0
2014-07-23 20:00:00,1.2146,1.21472,1.2145,1.21455,1145,6,0
2014-07-23 22:00:00,1.21456,1.21479,1.21443,1.21472,1793,6,0
2014-07-24 00:00:00,1.21473,1.21481,1.21449,1.21458,783,6,0
2014-07-24 02:00:00,1.21459,1.21495,1.21457,1.21486,1648,6,0
2014-07-24 04:00:00,1.21486,1.21494,1.21472,1.21479,1130,10,0
2014-07-24 06:00:00,1.2148,1.21482,1.21449,1.21449,1098,9,0
2014-07-24 08:00:00,1.2145,1.21494,1.21434,1.2148,3346,5,0
2014-07-24 10:00:00,1.2148,1.21513,1.21463,1.21501,2677,5,0
2014-07-24 12:00:00,1.215,1.21522,1.21498,1.21521,1811,7,0
2014-07-24 14:00:00,1.2152,1.21541,1.21506,1.21528,2912,6,0
2014-07-24 16:00:00,1.21529,1.21542,1.21509,1.21537,2388,6,0
2014-07-24 18:00:00,1.21536,1.21552,1.21525,1.21526,1231,6,0
2014-07-24 20:00:00,1.21525,1.21529,1.215,1.21506,1120,6,0
2014-07-24 22:00:00,1.21506,1.21517,1.21485,1.21506,1640,8,0
2014-07-25 00:00:00,1.21508,1.21532,1.21496,1.21524,772,7,0
2014-07-25 02:00:00,1.21523,1.21536,1.21519,1.21526,1162,11,0
2014-07-25 04:00:00,1.21526,1.21535,1.21512,1.21517,923,8,0
2014-07-25 06:00:00,1.21518,1.21521,1.21503,1.21506,1049,6,0
2014-07-25 08:00:00,1.21506,1.21536,1.21499,1.21499,2171,6,0
2014-07-25 10:00:00,1.21501,1.21572,1.21499,1.2153,3462,6,0
2014-07-25 12:00:00,1.21531,1.21537,1.21506,1.21523,1670,6,0
2014-07-25 14:00:00,1.21523,1.21525,1.21478,1.21499,3586,6,0
2014-07-25 16:00:00,1.21497,1.21522,1.21476,1.21491,2338,6,0
2014-07-25 18:00:00,1.21491,1.21501,1.21474,1.21492,1699,5,0
2014-07-25 20:00:00,1.21491,1.21517,1.21491,1.21508,1489,6,0
2014-07-25 22:00:00,1.21509,1.21512,1.21409,1.21443,782,10,0
2014-07-28 00:00:00,1.21498,1.21522,1.21496,1.21504,1767,9,0
2014-07-28 02:00:00,1.21503,1.21539,1.21498,1.21519,1651,13,0
2014-07-28 04:00:00,1.2152,1.21539,1.21508,1.21532,1340,12,0
2014-07-28 06:00:00,1.21533,1.2154,1.21517,1.21521,996,6,0
2014-07-28 08:00:00,1.21521,1.2155,1.21512,1.2152,1915,6,0
2014-07-28 10:00:00,1.2152,1.21537,1.21495,1.21503,1649,7,0
2014-07-28 12:00:00,1.21502,1.21506,1.21477,1.21489,1504,6,0
2014-07-28 14:00:00,1.21488,1.21498,1.21467,1.21477,1849,7,0
2014-07-28 16:00:00,1.21478,1.21483,1.21451,1.21459,1867,6,0
2014-07-28 18:00:00,1.2146,1.21472,1.21453,1.21463,1373,7,0
2014-07-28 20:00:00,1.21461,1.21485,1.21459,1.21483,1336,7,0
2014-07-28 22:00:00,1.21482,1.21488,1.21449,1.21482,1225,7,0
2014-07-29 00:00:00,1.21481,1.21489,1.21474,1.21475,1197,12,0
2014-07-29 02:00:00,1.21478,1.21491,1.21475,1.21486,1661,9,0
2014-07-29 04:00:00,1.21487,1.21492,1.21477,1.21485,1550,9,0
2014-07-29 06:00:00,1.21486,1.21501,1.21475,1.21498,1158,7,0
2014-07-29 08:00:00,1.21498,1.21527,1.21476,1.21477,2087,6,0
2014-07-29 10:00:00,1.21476,1.21507,1.21467,1.21506,2342,6,0
2014-07-29 12:00:00,1.21505,1.21515,1.21491,1.21509,1699,7,0
2014-07-29 14:00:00,1.2151,1.21571,1.21499,1.21531,3280,5,0
2014-07-29 16:00:00,1.21533,1.21621,1.21533,1.216,3107,6,0
2014-07-29 18:00:00,1.21601,1.21632,1.21591,1.216,1338,7,0
2014-07-29 20:00:00,1.21604,1.21613,1.21591,1.21606,1387,6,0
2014-07-29 22:00:00,1.21605,1.21618,1.21593,1.216,1554,6,0
2014-07-30 00:00:00,1.21599,1.21617,1.21595,1.2161,1268,11,0
2014-07-30 02:00:00,1.21611,1.21624,1.216,1.21614,1686,9,0
2014-07-30 04:00:00,1.21615,1.21622,1.21593,1.21596,1703,8,0
2014-07-30 06:00:00,1.21597,1.21619,1.21594,1.21605,1615,8,0
2014-07-30 08:00:00,1.21606,1.21638,1.21596,1.21603,2826,6,0
2014-07-30 10:00:00,1.21604,1.21625,1.21591,1.21618,2357,6,0
2014-07-30 12:00:00,1.21617,1.21626,1.21597,1.21601,1760,6,0
2014-07-30 14:00:00,1.21603,1.21732,1.216,1.2171,5025,3,0
2014-07-30 16:00:00,1.21711,1.21717,1.21658,1.21696,3739,3,0
2014-07-30 18:00:00,1.21701,1.21757,1.21604,1.21604,2575,2,0
2014-07-30 20:00:00,1.21611,1.21768,1.21598,1.21719,3982,5,0
2014-07-30 22:00:00,1.21719,1.21752,1.21617,1.21711,2263,6,0
2014-07-31 00:00:00,1.21714,1.21739,1.2171,1.21733,696,15,0
2014-07-31 02:00:00,1.21729,1.2174,1.21688,1.217,1493,11,0
2014-07-31 04:00:00,1.21696,1.21717,1.21696,1.21711,998,12,0
2014-07-31 06:00:00,1.21711,1.21714,1.21685,1.21692,1525,9,0
2014-07-31 08:00:00,1.21692,1.21735,1.21663,1.21667,2614,6,0
2014-07-31 10:00:00,1.21663,1.21707,1.21603,1.21691,3747,3,0
2014-07-31 12:00:00,1.21692,1.21721,1.21672,1.21674,2327,3,0
2014-07-31 14:00:00,1.21674,1.21731,1.21609,1.2165,4135,4,0
2014-07-31 16:00:00,1.2165,1.21689,1.21635,1.21653,3373,5,0
2014-07-31 18:00:00,1.21655,1.2168,1.21626,1.21644,1944,4,0
2014-07-31 20:00:00,1.21644,1.217,1.21638,1.21683,1926,3,0
2014-07-31 22:00:00,1.21682,1.21701,1.21639,1.21662,1779,7,0
2014-08-01 00:00:00,1.21659,1.21678,1.21649,1.21651,1293,13,0
2014-08-01 02:00:00,1.21651,1.21695,1.21649,1.21676,1647,9,0
2014-08-01 04:00:00,1.21676,1.21685,1.21668,1.21672,1151,9,0
2014-08-01 06:00:00,1.21672,1.21683,1.21659,1.21662,1227,12,0
2014-08-01 08:00:00,1.21663,1.21703,1.21661,1.21688,2418,5,0
2014-08-01 10:00:00,1.21681,1.21696,1.21608,1.21641,2929,2,0
2014-08-01 12:00:00,1.21641,1.21645,1.21605,1.21634,2485,6,0
2014-08-01 14:00:00,1.21634,1.21656,1.21513,1.21592,5702,3,0
2014-08-01 16:00:00,1.21557,1.21648,1.21545,1.2157,4634,3,0
2014-08-01 18:00:00,1.2157,1.21619,1.21554,1.21616,2008,6,0
2014-08-01 20:00:00,1.21616,1.21645,1.21614,1.21628,1613,5,0
2014-08-01 22:00:00,1.21626,1.21639,1.21495,1.21561,606,8,0
2014-08-04 00:00:00,1.21607,1.21665,1.21593,1.21663,929,12,0
2014-08-04 02:00:00,1.21664,1.2167,1.21635,1.21646,1532,10,0
2014-08-04 04:00:00,1.21647,1.2166,1.21641,1.21655,929,11,0
2014-08-04 06:00:00,1.21654,1.21662,1.21643,1.21652,841,11,0
2014-08-04 08:00:00,1.21652,1.21672,1.21637,1.21638,3298,10,0
2014-08-04 10:00:00,1.21637,1.21657,1.21627,1.21654,3001,10,0
2014-08-04 12:00:00,1.21653,1.21666,1.21637,1.21643,2601,10,0
2014-08-04 14:00:00,1.21643,1.21669,1.21626,1.21626,3243,10,0
2014-08-04 16:00:00,1.21626,1.21653,1.21601,1.21643,3808,10,0
2014-08-04 18:00:00,1.21644,1.21662,1.21632,1.21637,1704,10,0
2014-08-04 20:00:00,1.21636,1.21687,1.21633,1.21686,1383,10,0
2014-08-04 22:00:00,1.21685,1.21699,1.21674,1.21691,1046,10,0
2014-08-05 00:00:00,1.21691,1.217,1.21689,1.21694,487,10,0
2014-08-05 02:00:00,1.21694,1.21696,1.21668,1.21682,1203,10,0
2014-08-05 04:00:00,1.21681,1.21701,1.21675,1.21685,998,10,0
2014-08-05 06:00:00,1.21685,1.21711,1.2168,1.21695,1215,11,0
2014-08-05 08:00:00,1.21694,1.21702,1.21671,1.21698,3017,10,0
2014-08-05 10:00:00,1.21703,1.21757,1.21696,1.21726,4849,10,0
2014-08-05 12:00:00,1.21726,1.21767,1.21726,1.21746,3791,10,0
2014-08-05 14:00:00,1.21746,1.21752,1.21661,1.21664,5609,10,0
2014-08-05 16:00:00,1.2167,1.21719,1.21645,1.21647,5518,10,0
2014-08-05 18:00:00,1.21647,1.21673,1.2163,1.2163,2551,10,0
2014-08-05 20:00:00,1.2163,1.21636,1.21589,1.21613,2373,10,0
2014-08-05 22:00:00,1.21615,1.2162,1.21588,1.21603,1165,10,0
2014-08-06 00:00:00,1.21603,1.21609,1.21584,1.21587,796,10,0
2014-08-06 02:00:00,1.21586,1.21596,1.21571,1.21585,1384,10,0
2014-08-06 04:00:00,1.21584,1.21599,1.21564,1.21578,1130,11,0
2014-08-06 06:00:00,1.21577,1.21615,1.21573,1.2161,1150,10,0
2014-08-06 08:00:00,1.21608,1.21614,1.21562,1.21566,4903,10,0
2014-08-06 10:00:00,1.21566,1.21582,1.21539,1.21561,5662,10,0
2014-08-06 12:00:00,1.21561,1.21564,1.21505,1.21506,6756,10,0
2014-08-06 14:00:00,1.21507,1.21516,1.21481,1.21492,6600,10,0
2014-08-06 16:00:00,1.21494,1.21504,1.21456,1.21461,4235,10,0
2014-08-06 18:00:00,1.2146,1.21472,1.21395,1.2141,4274,10,0
2014-08-06 20:00:00,1.2141,1.2145,1.21406,1.21436,1591,10,0
2014-08-06 22:00:00,1.21436,1.21472,1.21429,1.21457,1682,10,0
2014-08-07 00:00:00,1.21455,1.21474,1.2145,1.21465,559,10,0
2014-08-07 02:00:00,1.21464,1.21489,1.21451,1.21473,1500,10,0
2014-08-07 04:00:00,1.21473,1.21489,1.21462,1.21466,1253,10,0
2014-08-07 06:00:00,1.21466,1.21507,1.21463,1.21489,1615,10,0
2014-08-07 08:00:00,1.21491,1.21518,1.21468,1.215,3687,10,0
2014-08-07 10:00:00,1.21499,1.21531,1.21493,1.21531,3413,10,0
2014-08-07 12:00:00,1.21529,1.21536,1.21473,1.21489,4088,10,0
2014-08-07 14:00:00,1.21488,1.21512,1.21396,1.21435,8833,10,0
2014-08-07 16:00:00,1.21436,1.21454,1.2139,1.21408,4415,10,0
2014-08-07 18:00:00,1.21408,1.21441,1.21398,1.21427,1835,10,0
2014-08-07 20:00:00,1.21426,1.21434,1.21405,1.21431,1424,10,0
2014-08-07 22:00:00,1.21429,1.21456,1.21428,1.21439,1015,10,0
2014-08-08 00:00:00,1.21438,1.21443,1.21418,1.21423,572,10,0
2014-08-08 02:00:00,1.21422,1.21435,1.21376,1.21381,1977,10,0
2014-08-08 04:00:00,1.21381,1.21384,1.21203,1.21305,3690,10,0
2014-08-08 06:00:00,1.21304,1.21327,1.2129,1.21308,1629,10,0
2014-08-08 08:00:00,1.21308,1.21327,1.21263,1.21322,5952,10,0
2014-08-08 10:00:00,1.21323,1.21363,1.21294,1.21316,3649,10,0
2014-08-08 12:00:00,1.21316,1.2139,1.21306,1.21368,4709,10,0
2014-08-08 14:00:00,1.21368,1.21399,1.2133,1.21364,5715,10,0
2014-08-08 16:00:00,1.21363,1.21376,1.21288,1.21369,5786,10,0
2014-08-08 18:00:00,1.2137,1.21418,1.21359,1.21395,2230,10,0
2014-08-08 20:00:00,1.21396,1.21427,1.21396,1.21422,1405,10,0
2014-08-08 22:00:00,1.21422,1.21442,1.21394,1.21394,855,10,0
2014-08-11 00:00:00,1.21404,1.21439,1.21398,1.21423,1215,10,0
2014-08-11 02:00:00,1.21423,1.21437,1.214,1.21419,1401,10,0
2014-08-11 04:00:00,1.21418,1.21431,1.21398,1.21402,1337,10,0
2014-08-11 06:00:00,1.21403,1.21416,1.21385,1.21392,933,10,0
2014-08-11 08:00:00,1.21393,1.21402,1.21334,1.21361,3435,10,0
2014-08-11 10:00:00,1.21361,1.21362,1.21316,1.21325,4282,10,0
2014-08-11 12:00:00,1.21324,1.21343,1.21308,1.21335,2926,10,0
2014-08-11 14:00:00,1.21334,1.21342,1.21286,1.21328,3956,10,0
2014-08-11 16:00:00,1.21328,1.21331,1.21293,1.21309,2542,10,0
2014-08-11 18:00:00,1.21309,1.21328,1.21296,1.21298,1052,10,0
2014-08-11 20:00:00,1.21298,1.21343,1.21295,1.2134,1005,10,0
2014-08-11 22:00:00,1.21341,1.21344,1.21316,1.2133,1065,10,0
2014-08-12 00:00:00,1.21331,1.21368,1.2133,1.2135,663,10,0
2014-08-12 02:00:00,1.2135,1.21413,1.21349,1.21392,1478,10,0
2014-08-12 04:00:00,1.21392,1.21398,1.2137,1.2139,921,10,0
2014-08-12 06:00:00,1.2139,1.21403,1.21368,1.21368,1029,10,0
2014-08-12 08:00:00,1.21368,1.21398,1.21337,1.2134,2870,10,0
2014-08-12 10:00:00,1.2134,1.21415,1.21338,1.21407,4529,10,0
2014-08-12 12:00:00,1.21408,1.21415,1.21372,1.21386,2717,10,0
2014-08-12 14:00:00,1.21386,1.21395,1.21313,1.21341,4494,10,0
2014-08-12 16:00:00,1.21342,1.2137,1.21301,1.21303,3662,10,0
2014-08-12 18:00:00,1.21304,1.2133,1.213,1.21317,1625,10,0
2014-08-12 20:00:00,1.21319,1.21332,1.21293,1.21316,1469,10,0
2014-08-12 22:00:00,1.21317,1.21329,1.21303,1.2131,1535,10,0
2014-08-13 00:00:00,1.21309,1.21319,1.21301,1.21304,530,11,0
2014-08-13 02:00:00,1.21304,1.2132,1.21299,1.2131,1118,10,0
2014-08-13 04:00:00,1.2131,1.21334,1.21299,1.21327,1165,10,0
2014-08-13 06:00:00,1.21326,1.21346,1.21318,1.21323,931,10,0
2014-08-13 08:00:00,1.21324,1.21383,1.21315,1.21375,3264,10,0
2014-08-13 10:00:00,1.21376,1.21401,1.21358,1.21362,4189,10,0
2014-08-13 12:00:00,1.21362,1.21374,1.21318,1.21345,3014,10,0
2014-08-13 14:00:00,1.21346,1.21369,1.21277,1.21321,7358,10,0
2014-08-13 16:00:00,1.21321,1.21367,1.21297,1.21355,4255,10,0
2014-08-13 18:00:00,1.21356,1.2136,1.21305,1.21307,1177,10,0
2014-08-13 20:00:00,1.21307,1.21316,1.21274,1.21277,1169,10,0
2014-08-13 22:00:00,1.21276,1.21286,1.21266,1.21279,940,10,0
2014-08-14 00:00:00,1.21277,1.2129,1.21274,1.21285,670,10,0
2014-08-14 02:00:00,1.21284,1.21315,1.21277,1.21303,1205,10,0
2014-08-14 04:00:00,1.21303,1.21304,1.21263,1.21275,817,10,0
2014-08-14 06:00:00,1.21276,1.21298,1.21267,1.21271,1264,10,0
2014-08-14 08:00:00,1.2127,1.21281,1.21214,1.21234,3519,10,0
2014-08-14 10:00:00,1.21235,1.21239,1.21174,1.21193,4908,10,0
2014-08-14 12:00:00,1.21191,1.21228,1.21189,1.21227,2750,10,0
2014-08-14 14:00:00,1.21227,1.21235,1.21103,1.21122,4947,10,0
2014-08-14 16:00:00,1.21122,1.2114,1.21097,1.21132,3839,10,0
2014-08-14 18:00:00,1.21132,1.21175,1.2113,1.21166,2014,10,0
2014-08-14 20:00:00,1.21166,1.21169,1.21145,1.21166,957,10,0
2014-08-14 22:00:00,1.21167,1.2117,1.21142,1.21154,875,10,0
2014-08-15 00:00:00,1.21156,1.2117,1.21143,1.21161,919,10,0
2014-08-15 02:00:00,1.21161,1.21177,1.21152,1.21161,1100,10,0
2014-08-15 04:00:00,1.2116,1.21168,1.21153,1.21158,816,10,0
2014-08-15 06:00:00,1.21159,1.21174,1.21146,1.21168,898,10,0
2014-08-15 08:00:00,1.21168,1.21201,1.21121,1.21125,2767,10,0
2014-08-15 10:00:00,1.21126,1.2119,1.21121,1.21181,4450,10,0
2014-08-15 12:00:00,1.21181,1.21187,1.21117,1.21124,3100,10,0
2014-08-15 14:00:00,1.21125,1.2116,1.21089,1.21108,6268,10,0
2014-08-15 16:00:00,1.21105,1.21123,1.20862,1.20862,8243,10,0
2014-08-15 18:00:00,1.20862,1.20935,1.20859,1.2092,3203,10,0
2014-08-15 20:00:00,1.2092,1.20943,1.2091,1.20926,1487,10,0
2014-08-15 22:00:00,1.20926,1.20946,1.20909,1.20921,651,12,0
2014-08-18 00:00:00,1.20974,1.21008,1.20974,1.2098,930,10,0
2014-08-18 02:00:00,1.20975,1.2099,1.20952,1.20973,1488,10,0
2014-08-18 04:00:00,1.20972,1.20976,1.20924,1.20934,964,10,0
2014-08-18 06:00:00,1.20936,1.21028,1.20934,1.21019,1143,10,0
2014-08-18 08:00:00,1.21018,1.21074,1.21011,1.21047,3048,10,0
2014-08-18 10:00:00,1.21048,1.21083,1.21044,1.21056,2828,10,0
2014-08-18 12:00:00,1.21056,1.21076,1.21053,1.21074,2105,10,0
2014-08-18 14:00:00,1.21075,1.21122,1.21057,1.21113,3829,10,0
2014-08-18 16:00:00,1.2111,1.2113,1.21067,1.21091,4443,10,0
2014-08-18 18:00:00,1.21091,1.21112,1.21088,1.21112,1451,10,0
2014-08-18 20:00:00,1.21112,1.21126,1.21095,1.21118,1136,10,0
2014-08-18 22:00:00,1.21118,1.21138,1.21111,1.21131,947,11,0
2014-08-19 00:00:00,1.21131,1.21149,1.2112,1.21143,758,10,0
2014-08-19 02:00:00,1.21144,1.21147,1.21121,1.21125,1484,10,0
2014-08-19 04:00:00,1.21125,1.21136,1.21116,1.21129,928,10,0
2014-08-19 06:00:00,1.21128,1.21153,1.21121,1.21142,1048,10,0
2014-08-19 08:00:00,1.21136,1.21141,1.21094,1.21102,3674,10,0
2014-08-19 10:00:00,1.21102,1.21105,1.21064,1.21076,3820,10,0
2014-08-19 12:00:00,1.21075,1.21076,1.21024,1.21037,2864,10,0
2014-08-19 14:00:00,1.21035,1.21067,1.20993,1.21054,7238,10,0
2014-08-19 16:00:00,1.21056,1.21082,1.21034,1.21064,4352,10,0
2014-08-19 18:00:00,1.21065,1.21081,1.21061,1.21063,1439,10,0
2014-08-19 20:00:00,1.21062,1.21078,1.21055,1.21073,1162,10,0
2014-08-19 22:00:00,1.21072,1.21124,1.21066,1.211,1356,10,0
2014-08-20 00:00:00,1.21099,1.21127,1.21098,1.21116,873,11,0
2014-08-20 02:00:00,1.21116,1.21123,1.21075,1.2108,1896,10,0
2014-08-20 04:00:00,1.21079,1.21135,1.21045,1.21118,2595,10,0
2014-08-20 06:00:00,1.21121,1.21131,1.21094,1.2112,1556,10,0
2014-08-20 08:00:00,1.2112,1.21125,1.21053,1.21071,3754,10,0
2014-08-20 10:00:00,1.21071,1.21077,1.21023,1.21077,4649,10,0
2014-08-20 12:00:00,1.21075,1.21086,1.21044,1.21062,3747,10,0
2014-08-20 14:00:00,1.21062,1.21083,1.21037,1.2106,3722,10,0
2014-08-20 16:00:00,1.21059,1.21093,1.21054,1.21084,3657,10,0
2014-08-20 18:00:00,1.21083,1.21088,1.21027,1.21027,2048,10,0
2014-08-20 20:00:00,1.21023,1.21137,1.21023,1.21125,5220,10,0
2014-08-20 22:00:00,1.21125,1.21132,1.21095,1.21115,1251,10,0
2014-08-21 00:00:00,1.21112,1.21123,1.21103,1.21117,796,11,0
2014-08-21 02:00:00,1.21118,1.21155,1.21101,1.2112,2497,10,0
2014-08-21 04:00:00,1.21119,1.21122,1.211,1.21108,1618,12,0
2014-08-21 06:00:00,1.21105,1.21111,1.21082,1.21095,1629,10,0
2014-08-21 08:00:00,1.21095,1.21104,1.2105,1.21079,4905,10,0
2014-08-21 10:00:00,1.21082,1.21122,1.21076,1.21085,4155,10,0
2014-08-21 12:00:00,1.21086,1.21103,1.21073,1.2109,2674,10,0
2014-08-21 14:00:00,1.2109,1.21101,1.21051,1.2109,4420,10,0
2014-08-21 16:00:00,1.21086,1.21109,1.21047,1.21053,5227,10,0
2014-08-21 18:00:00,1.21054,1.21071,1.21038,1.21039,1594,10,0
2014-08-21 20:00:00,1.21039,1.2104,1.21025,1.21035,1156,10,0
2014-08-21 22:00:00,1.21035,1.21049,1.21029,1.21038,1065,12,0
2014-08-22 00:00:00,1.21036,1.21063,1.21034,1.21056,812,10,0
2014-08-22 02:00:00,1.21056,1.21065,1.21042,1.21047,1380,10,0
2014-08-22 04:00:00,1.21046,1.21046,1.21015,1.21034,1277,10,0
2014-08-22 06:00:00,1.21036,1.21037,1.21,1.21021,1489,10,0
2014-08-22 08:00:00,1.2102,1.2106,1.2102,1.21028,2804,10,0
2014-08-22 10:00:00,1.21028,1.21036,1.20956,1.20962,3522,10,0
2014-08-22 12:00:00,1.20961,1.20998,1.20933,1.20992,3861,10,0
2014-08-22 14:00:00,1.20992,1.21004,1.20964,1.2098,2666,5,0
2014-08-22 16:00:00,1.2098,1.21051,1.20963,1.21006,9259,10,0
2014-08-22 18:00:00,1.21007,1.21012,1.20967,1.20967,1715,10,0
2014-08-22 20:00:00,1.20967,1.2102,1.20964,1.20992,2139,10,0
2014-08-22 22:00:00,1.2099,1.21031,1.20895,1.20956,794,10,0
2014-08-25 00:00:00,1.21023,1.21032,1.20975,1.2098,2770,10,0
2014-08-25 02:00:00,1.20982,1.20994,1.20929,1.20953,3392,10,0
2014-08-25 04:00:00,1.20951,1.20968,1.2092,1.20925,1345,10,0
2014-08-25 06:00:00,1.20925,1.20941,1.20918,1.20936,1210,10,0
2014-08-25 08:00:00,1.20936,1.20945,1.20886,1.20908,2781,10,0
2014-08-25 10:00:00,1.20907,1.20922,1.20867,1.2091,1711,8,0
2014-08-25 12:00:00,1.2091,1.20912,1.20872,1.20891,1730,10,0
2014-08-25 14:00:00,1.20892,1.20892,1.20727,1.20788,3564,10,0
2014-08-25 16:00:00,1.20788,1.20788,1.20709,1.20756,3294,10,0
2014-08-25 18:00:00,1.20757,1.20772,1.2074,1.20745,1381,10,0
2014-08-25 20:00:00,1.20746,1.20752,1.20737,1.20746,824,10,0
2014-08-25 22:00:00,1.20747,1.20773,1.20744,1.2077,935,10,0
2014-08-26 00:00:00,1.20768,1.20808,1.20766,1.20805,1444,10,0
2014-08-26 02:00:00,1.20806,1.20806,1.20747,1.2075,1711,10,0
2014-08-26 04:00:00,1.20752,1.2076,1.20728,1.2074,1793,10,0
2014-08-26 06:00:00,1.2074,1.20754,1.20731,1.20745,1020,10,0
2014-08-26 08:00:00,1.20745,1.20813,1.20735,1.20804,3307,10,0
2014-08-26 10:00:00,1.20804,1.20823,1.20756,1.20757,3385,10,0
2014-08-26 12:00:00,1.20757,1.20862,1.20757,1.20834,3355,10,0
2014-08-26 14:00:00,1.20834,1.20867,1.208,1.20828,5191,10,0
2014-08-26 16:00:00,1.20834,1.20907,1.20829,1.20907,4312,10,0
2014-08-26 18:00:00,1.20907,1.20924,1.20852,1.20853,3694,10,0
2014-08-26 20:00:00,1.20853,1.20865,1.20809,1.20814,1638,10,0
2014-08-26 22:00:00,1.20814,1.20826,1.208,1.20809,1025,10,0
2014-08-27 00:00:00,1.2081,1.20845,1.20792,1.20836,1237,10,0
2014-08-27 02:00:00,1.20835,1.20845,1.20786,1.20808,1987,10,0
2014-08-27 04:00:00,1.20807,1.20814,1.20766,1.20783,1703,10,0
2014-08-27 06:00:00,1.20783,1.20825,1.20776,1.20815,1840,10,0
2014-08-27 08:00:00,1.20814,1.20835,1.20736,1.20757,4621,10,0
2014-08-27 10:00:00,1.20758,1.20784,1.20711,1.20738,4007,10,0
2014-08-27 12:00:00,1.20738,1.20772,1.2067,1.20671,3773,10,0
2014-08-27 14:00:00,1.20672,1.20678,1.20593,1.20647,5304,10,0
2014-08-27 16:00:00,1.20646,1.20741,1.20644,1.20672,7525,10,0
2014-08-27 18:00:00,1.20673,1.20696,1.2066,1.20676,2581,10,0
2014-08-27 20:00:00,1.20675,1.20706,1.20672,1.20699,1811,10,0
2014-08-27 22:00:00,1.20699,1.20703,1.20663,1.20688,1920,10,0
2014-08-28 00:00:00,1.20688,1.20712,1.20682,1.207,1124,10,0
2014-08-28 02:00:00,1.207,1.20705,1.20646,1.20685,3204,10,0
2014-08-28 04:00:00,1.20683,1.20712,1.20678,1.20692,1832,10,0
2014-08-28 06:00:00,1.20692,1.20707,1.20685,1.20686,1519,10,0
2014-08-28 08:00:00,1.20686,1.20701,1.20637,1.20643,4808,10,0
2014-08-28 10:00:00,1.20644,1.2065,1.20565,1.20571,5213,10,0
2014-08-28 12:00:00,1.20571,1.20627,1.20511,1.20606,5980,10,0
2014-08-28 14:00:00,1.20605,1.20623,1.20528,1.20547,5077,4,0
2014-08-28 16:00:00,1.20548,1.20587,1.20498,1.20585,4426,4,0
2014-08-28 18:00:00,1.20582,1.20626,1.20566,1.20619,2240,4,0
2014-08-28 20:00:00,1.20619,1.20629,1.206,1.20625,1523,4,0
2014-08-28 22:00:00,1.20625,1.20645,1.20611,1.20638,1321,4,0
2014-08-29 00:00:00,1.20637,1.20647,1.20623,1.20645,1241,4,0
2014-08-29 02:00:00,1.20646,1.20664,1.20626,1.20649,1731,4,0
2014-08-29 04:00:00,1.20649,1.20666,1.20635,1.2066,1515,4,0
2014-08-29 06:00:00,1.20659,1.20664,1.20612,1.20634,2156,4,0
2014-08-29 08:00:00,1.20635,1.2064,1.2055,1.20602,3603,4,0
2014-08-29 10:00:00,1.20603,1.20641,1.20564,1.20587,4423,4,0
2014-08-29 12:00:00,1.20588,1.20623,1.20564,1.20606,3359,4,0
2014-08-29 14:00:00,1.20601,1.20632,1.20592,1.20606,4673,4,0
2014-08-29 16:00:00,1.20606,1.20637,1.20591,1.2062,5650,6,0
2014-08-29 18:00:00,1.20619,1.20634,1.20608,1.20625,2192,10,0
2014-08-29 20:00:00,1.20626,1.20631,1.20607,1.20622,1285,10,0
2014-08-29 22:00:00,1.20618,1.20635,1.20598,1.20614,1031,10,0
2014-09-01 00:00:00,1.20616,1.20694,1.20613,1.20631,931,10,0
2014-09-01 02:00:00,1.20631,1.20662,1.20629,1.20652,1376,10,0
2014-09-01 04:00:00,1.20652,1.20652,1.20627,1.20632,1413,10,0
2014-09-01 06:00:00,1.20632,1.20656,1.2063,1.20634,1213,10,0
2014-09-01 08:00:00,1.20633,1.20651,1.20614,1.20619,3245,10,0
2014-09-01 10:00:00,1.20619,1.20674,1.20613,1.20667,3522,10,0
2014-09-01 12:00:00,1.20666,1.20685,1.20627,1.20685,2091,10,0
2014-09-01 14:00:00,1.20685,1.20752,1.20683,1.20708,2840,10,0
2014-09-01 16:00:00,1.20708,1.20732,1.20695,1.20695,1714,10,0
2014-09-01 18:00:00,1.20694,1.20744,1.20694,1.20743,976,10,0
2014-09-01 20:00:00,1.20744,1.20749,1.20723,1.20724,360,10,0
2014-09-01 22:00:00,1.20725,1.20731,1.20706,1.20717,527,10,0
2014-09-02 00:00:00,1.20716,1.20729,1.20702,1.20727,1215,10,0
2014-09-02 02:00:00,1.20725,1.2074,1.20711,1.20724,2075,10,0
2014-09-02 04:00:00,1.20724,1.2075,1.20714,1.20739,1796,10,0
2014-09-02 06:00:00,1.20739,1.20765,1.20723,1.2074,1975,10,0
2014-09-02 08:00:00,1.20738,1.20794,1.20737,1.20765,4160,10,0
2014-09-02 10:00:00,1.20765,1.20806,1.20744,1.20769,4932,10,0
2014-09-02 12:00:00,1.2077,1.20774,1.2068,1.20712,4012,10,0
2014-09-02 14:00:00,1.20713,1.20747,1.20703,1.20734,4389,10,0
2014-09-02 16:00:00,1.20734,1.20798,1.20662,1.20689,5904,10,0
2014-09-02 18:00:00,1.20689,1.20703,1.20668,1.20692,2345,10,0
2014-09-02 20:00:00,1.20692,1.20695,1.20664,1.20686,1648,10,0
2014-09-02 22:00:00,1.20687,1.20708,1.20679,1.20706,881,10,0
2014-09-03 00:00:00,1.2071,1.20727,1.20692,1.20716,1200,10,0
2014-09-03 02:00:00,1.20717,1.20722,1.20695,1.20715,1407,10,0
2014-09-03 04:00:00,1.20716,1.20739,1.20708,1.20728,1450,10,0
2014-09-03 06:00:00,1.20728,1.20728,1.20643,1.20696,1770,10,0
2014-09-03 08:00:00,1.20696,1.20771,1.20694,1.20764,4325,1,0
2014-09-03 10:00:00,1.20764,1.209,1.20729,1.20748,8307,1,0
2014-09-03 12:00:00,1.20747,1.20798,1.20747,1.20765,4314,1,0
2014-09-03 14:00:00,1.20765,1.20794,1.20741,1.20747,4327,1,0
2014-09-03 16:00:00,1.20746,1.20758,1.20668,1.20668,4625,1,0
2014-09-03 18:00:00,1.20668,1.20697,1.20651,1.20656,1953,1,0
2014-09-03 20:00:00,1.20654,1.20665,1.20641,1.2066,1461,1,0
2014-09-03 22:00:00,1.20662,1.2069,1.20653,1.20668,971,1,0
2014-09-04 00:00:00,1.20668,1.20699,1.20668,1.20688,1117,1,0
2014-09-04 02:00:00,1.20688,1.20697,1.20663,1.20676,1738,1,0
2014-09-04 04:00:00,1.20676,1.20684,1.20653,1.20667,1433,1,0
2014-09-04 06:00:00,1.20666,1.20685,1.20662,1.20678,1302,1,0
2014-09-04 08:00:00,1.20677,1.20744,1.20674,1.20712,3217,1,0
2014-09-04 10:00:00,1.2071,1.20731,1.20671,1.20671,2897,1,0
2014-09-04 12:00:00,1.20673,1.20762,1.2053,1.20576,9068,1,0
2014-09-04 14:00:00,1.20576,1.20605,1.20448,1.20603,13654,1,0
2014-09-04 16:00:00,1.20605,1.20682,1.20533,1.20566,10603,1,0
2014-09-04 18:00:00,1.20569,1.2065,1.20533,1.20635,3989,1,0
2014-09-04 20:00:00,1.20635,1.20675,1.20623,1.20633,2084,1,0
2014-09-04 22:00:00,1.20634,1.2064,1.20616,1.20632,1740,1,0
2014-09-05 00:00:00,1.2063,1.20662,1.20622,1.20622,2119,1,0
2014-09-05 02:00:00,1.2062,1.20638,1.20589,1.20597,3039,1,0
2014-09-05 04:00:00,1.20597,1.20606,1.20573,1.20596,1687,1,0
2014-09-05 06:00:00,1.20597,1.20642,1.20577,1.20634,1466,1,0
2014-09-05 08:00:00,1.20635,1.20655,1.20599,1.20608,4467,1,0
2014-09-05 10:00:00,1.20608,1.20637,1.2056,1.20611,5015,1,0
2014-09-05 12:00:00,1.20611,1.20637,1.20589,1.20628,4451,1,0
2014-09-05 14:00:00,1.20627,1.20702,1.20562,1.20636,11298,1,0
2014-09-05 16:00:00,1.20636,1.20671,1.20533,1.20571,7697,1,0
2014-09-05 18:00:00,1.20572,1.20643,1.20568,1.20602,2854,1,0
2014-09-05 20:00:00,1.206,1.20635,1.20597,1.20621,1892,1,0
2014-09-05 22:00:00,1.2062,1.20627,1.2058,1.20591,1014,1,0
2014-09-08 00:00:00,1.20602,1.20626,1.20595,1.20614,1745,1,0
2014-09-08 02:00:00,1.20614,1.20658,1.20603,1.20656,1643,1,0
2014-09-08 04:00:00,1.20655,1.20673,1.2063,1.20641,1501,1,0
2014-09-08 06:00:00,1.20641,1.20667,1.20628,1.20636,1737,1,0
2014-09-08 08:00:00,1.20636,1.20667,1.20557,1.20608,6776,1,0
2014-09-08 10:00:00,1.20608,1.20648,1.20587,1.20615,7522,1,0
2014-09-08 12:00:00,1.20615,1.207,1.20608,1.20684,4842,1,0
2014-09-08 14:00:00,1.20685,1.20717,1.20648,1.2065,5953,1,0
2014-09-08 16:00:00,1.2065,1.20663,1.20609,1.20639,5535,1,0
2014-09-08 18:00:00,1.20636,1.20689,1.20552,1.20607,6053,1,0
2014-09-08 20:00:00,1.20607,1.20642,1.20595,1.20621,2436,1,0
2014-09-08 22:00:00,1.20621,1.20644,1.20613,1.20639,1709,1,0
2014-09-09 00:00:00,1.2064,1.20687,1.20616,1.20681,1443,1,0
2014-09-09 02:00:00,1.20679,1.20684,1.20645,1.2065,2839,1,0
2014-09-09 04:00:00,1.2065,1.20691,1.2063,1.20664,3473,1,0
2014-09-09 06:00:00,1.20664,1.20673,1.20616,1.20633,2658,1,0
2014-09-09 08:00:00,1.20631,1.20639,1.20569,1.20602,5335,1,0
2014-09-09 10:00:00,1.20603,1.2061,1.20568,1.20577,5522,1,0
2014-09-09 12:00:00,1.20577,1.20611,1.20568,1.20587,4314,1,0
2014-09-09 14:00:00,1.20587,1.20638,1.20568,1.20597,6757,1,0
2014-09-09 16:00:00,1.20596,1.20687,1.20569,1.2068,6949,1,0
2014-09-09 18:00:00,1.2068,1.20697,1.20649,1.20694,3497,1,0
2014-09-09 20:00:00,1.20695,1.20709,1.20653,1.20682,3363,1,0
2014-09-09 22:00:00,1.20683,1.20703,1.20673,1.20689,1968,1,0
2014-09-10 00:00:00,1.20688,1.20706,1.20666,1.20671,1237,1,0
2014-09-10 02:00:00,1.2067,1.20743,1.20666,1.20735,2314,1,0
2014-09-10 04:00:00,1.20736,1.20752,1.20721,1.20745,2947,1,0
2014-09-10 06:00:00,1.20744,1.20761,1.20712,1.20747,2204,1,0
2014-09-10 08:00:00,1.20746,1.20815,1.20732,1.20735,5079,1,0
2014-09-10 10:00:00,1.20734,1.20816,1.20729,1.20758,7110,1,0
2014-09-10 12:00:00,1.20758,1.20773,1.20724,1.20727,4984,1,0
2014-09-10 14:00:00,1.20728,1.21182,1.20714,1.21107,5814,1,0
2014-09-10 16:00:00,1.21108,1.21146,1.21055,1.21102,3369,2,0
2014-09-10 18:00:00,1.21102,1.21103,1.20997,1.21014,2851,5,0
2014-09-10 20:00:00,1.21014,1.21018,1.20954,1.20981,1920,3,0
2014-09-10 22:00:00,1.20979,1.20998,1.20916,1.20992,2295,8,0
2014-09-11 00:00:00,1.20991,1.21043,1.20982,1.2101,1462,10,0
2014-09-11 02:00:00,1.21017,1.21028,1.20966,1.20989,1834,8,0
2014-09-11 04:00:00,1.20986,1.20986,1.20949,1.20965,1628,4,0
2014-09-11 06:00:00,1.20965,1.21004,1.20934,1.20991,2027,8,0
2014-09-11 08:00:00,1.20993,1.21003,1.20885,1.21001,2997,5,0
2014-09-11 10:00:00,1.21002,1.21026,1.20922,1.20967,2426,4,0
2014-09-11 12:00:00,1.2097,1.21048,1.20952,1.20975,2301,2,0
2014-09-11 14:00:00,1.20973,1.21044,1.20894,1.20946,4015,4,0
2014-09-11 16:00:00,1.20946,1.21007,1.20902,1.20943,5193,5,0
2014-09-11 18:00:00,1.20942,1.20952,1.20898,1.20931,2409,1,0
2014-09-11 20:00:00,1.20934,1.20951,1.20921,1.20949,2534,1,0
2014-09-11 22:00:00,1.2095,1.20959,1.20911,1.20922,1878,1,0
2014-09-12 00:00:00,1.20923,1.20973,1.20923,1.20966,2175,1,0
2014-09-12 02:00:00,1.20967,1.20978,1.20952,1.20964,2052,1,0
2014-09-12 04:00:00,1.20964,1.20978,1.20945,1.20947,1695,1,0
2014-09-12 06:00:00,1.20948,1.20955,1.20894,1.2092,1970,1,0
2014-09-12 08:00:00,1.2092,1.20978,1.20904,1.20963,4605,1,0
2014-09-12 10:00:00,1.20963,1.20971,1.20889,1.20907,5115,1,0
2014-09-12 12:00:00,1.20908,1.2092,1.20834,1.20893,5640,1,0
2014-09-12 14:00:00,1.20894,1.20965,1.20866,1.20948,8671,1,0
2014-09-12 16:00:00,1.20948,1.21009,1.20917,1.20966,5926,1,0
2014-09-12 18:00:00,1.20965,1.21039,1.2095,1.20962,4039,1,0
2014-09-12 20:00:00,1.20962,1.20972,1.20929,1.20932,2112,1,0
2014-09-12 22:00:00,1.20931,1.20995,1.20929,1.20949,1022,1,0
2014-09-15 00:00:00,1.21008,1.21024,1.20982,1.21014,1413,1,0
2014-09-15 02:00:00,1.21014,1.2103,1.20976,1.21011,1559,1,0
2014-09-15 04:00:00,1.21011,1.21028,1.21004,1.21008,1138,1,0
2014-09-15 06:00:00,1.21009,1.21054,1.20995,1.21027,1526,1,0
2014-09-15 08:00:00,1.21027,1.2113,1.20968,1.21067,5299,1,0
2014-09-15 10:00:00,1.21065,1.21068,1.20963,1.20997,5474,1,0
2014-09-15 12:00:00,1.20996,1.21012,1.20959,1.20987,4192,1,0
2014-09-15 14:00:00,1.20987,1.21018,1.20945,1.20993,7574,1,0
2014-09-15 16:00:00,1.20994,1.21052,1.2098,1.21012,5588,1,0
2014-09-15 18:00:00,1.2101,1.21055,1.21005,1.21037,2920,1,0
2014-09-15 20:00:00,1.21038,1.21063,1.21004,1.21005,1825,1,0
2014-09-15 22:00:00,1.21005,1.21054,1.20998,1.21042,1509,1,0
2014-09-16 00:00:00,1.2104,1.21068,1.21026,1.21052,1026,1,0
2014-09-16 02:00:00,1.21052,1.21055,1.20961,1.20983,2821,1,0
2014-09-16 04:00:00,1.20981,1.21,1.20966,1.20974,1537,1,0
2014-09-16 06:00:00,1.20974,1.21019,1.20963,1.21018,1765,1,0
2014-09-16 08:00:00,1.21017,1.21023,1.20891,1.20899,4494,1,0
2014-09-16 10:00:00,1.20899,1.20928,1.20877,1.20902,5147,1,0
2014-09-16 12:00:00,1.20904,1.20907,1.2083,1.20856,4654,1,0
2014-09-16 14:00:00,1.20857,1.20899,1.20805,1.20897,5863,1,0
2014-09-16 16:00:00,1.20898,1.20931,1.20848,1.20877,5618,1,0
2014-09-16 18:00:00,1.20877,1.20905,1.20844,1.20885,5125,1,0
2014-09-16 20:00:00,1.20885,1.20888,1.20839,1.20869,1573,1,0
2014-09-16 22:00:00,1.2087,1.20884,1.20843,1.20852,1934,1,0
2014-09-17 00:00:00,1.20852,1.20875,1.20844,1.20866,1320,1,0
2014-09-17 02:00:00,1.2087,1.2088,1.20846,1.20862,1203,1,0
2014-09-17 04:00:00,1.20861,1.20862,1.20822,1.20832,1076,1,0
2014-09-17 06:00:00,1.20832,1.20981,1.20828,1.20925,1313,1,0
2014-09-17 08:00:00,1.20926,1.21069,1.20885,1.21037,4017,1,0
2014-09-17 10:00:00,1.21037,1.21142,1.21024,1.21111,4681,1,0
2014-09-17 12:00:00,1.21112,1.21132,1.21005,1.21016,4296,1,0
2014-09-17 14:00:00,1.21017,1.21153,1.2098,1.21127,7118,1,0
2014-09-17 16:00:00,1.21124,1.21152,1.21057,1.21109,6224,1,0
2014-09-17 18:00:00,1.21109,1.21158,1.21056,1.2115,3316,1,0
2014-09-17 20:00:00,1.21132,1.21169,1.2101,1.21112,10055,1,0
2014-09-17 22:00:00,1.21111,1.21144,1.20991,1.21048,3460,1,0
2014-09-18 00:00:00,1.21043,1.21085,1.21017,1.21081,3199,1,0
2014-09-18 02:00:00,1.21082,1.21095,1.21031,1.2105,2245,1,0
2014-09-18 04:00:00,1.21051,1.21117,1.2105,1.21107,1625,1,0
2014-09-18 06:00:00,1.21108,1.21126,1.21054,1.21122,2501,1,0
2014-09-18 08:00:00,1.21121,1.21144,1.20656,1.20687,6818,1,0
2014-09-18 10:00:00,1.20688,1.20849,1.20669,1.20809,7095,1,0
2014-09-18 12:00:00,1.20809,1.20907,1.20782,1.20878,4713,1,0
2014-09-18 14:00:00,1.20878,1.20908,1.20714,1.2075,8901,1,0
2014-09-18 16:00:00,1.20749,1.20761,1.2066,1.20681,8225,1,0
2014-09-18 18:00:00,1.20682,1.20703,1.20678,1.20691,3423,1,0
2014-09-18 20:00:00,1.2069,1.20702,1.20672,1.20683,1757,1,0
2014-09-18 22:00:00,1.20681,1.20684,1.20643,1.20661,1705,1,0
2014-09-19 00:00:00,1.20663,1.20715,1.20651,1.20714,2099,1,0
2014-09-19 02:00:00,1.20715,1.20729,1.20652,1.207,3932,1,0
2014-09-19 04:00:00,1.207,1.20726,1.20678,1.20693,3509,1,0
2014-09-19 06:00:00,1.20693,1.20702,1.20662,1.20662,2883,1,0
2014-09-19 08:00:00,1.20664,1.20739,1.20662,1.20707,5963,1,0
2014-09-19 10:00:00,1.20708,1.20748,1.20674,1.20689,7609,1,0
2014-09-19 12:00:00,1.20689,1.2071,1.20675,1.20692,5831,1,0
2014-09-19 14:00:00,1.20691,1.2072,1.20656,1.20708,7003,1,0
2014-09-19 16:00:00,1.20707,1.20747,1.20657,1.20718,6982,1,0
2014-09-19 18:00:00,1.20718,1.20757,1.20707,1.20748,3009,1,0
2014-09-19 20:00:00,1.20748,1.20753,1.20708,1.20711,1705,1,0
2014-09-19 22:00:00,1.20709,1.20741,1.20644,1.2067,902,1,0
2014-09-22 00:00:00,1.20723,1.20744,1.20698,1.20735,4767,1,0
2014-09-22 02:00:00,1.20735,1.20745,1.20697,1.20703,12743,1,0
2014-09-22 04:00:00,1.20699,1.20725,1.20679,1.20723,9758,1,0
2014-09-22 06:00:00,1.20716,1.20747,1.20708,1.20733,1972,1,0
2014-09-22 08:00:00,1.20734,1.20737,1.20664,1.20712,9712,1,0
2014-09-22 10:00:00,1.20709,1.20755,1.20699,1.20704,6727,1,0
2014-09-22 12:00:00,1.20705,1.20722,1.20676,1.20685,4356,1,0
2014-09-22 14:00:00,1.20687,1.20705,1.20651,1.20654,6190,1,0
2014-09-22 16:00:00,1.20653,1.20767,1.20638,1.20721,7168,1,0
2014-09-22 18:00:00,1.20721,1.20782,1.20704,1.2077,2644,1,0
2014-09-22 20:00:00,1.2077,1.20784,1.20722,1.20784,2636,1,0
2014-09-22 22:00:00,1.20785,1.20789,1.20733,1.2076,1481,1,0
2014-09-23 00:00:00,1.20758,1.20786,1.20737,1.20785,1133,1,0
2014-09-23 02:00:00,1.20784,1.20786,1.20721,1.20721,1973,1,0
2014-09-23 04:00:00,1.20721,1.20755,1.20721,1.20732,1305,1,0
2014-09-23 06:00:00,1.20732,1.20745,1.20709,1.20742,1219,1,0
2014-09-23 08:00:00,1.20741,1.20813,1.20715,1.2079,5289,1,0
2014-09-23 10:00:00,1.20791,1.20801,1.20713,1.20722,7308,1,0
2014-09-23 12:00:00,1.20723,1.2077,1.2067,1.20672,4856,1,0
2014-09-23 14:00:00,1.20672,1.20709,1.20655,1.20692,6577,1,0
2014-09-23 16:00:00,1.20692,1.20732,1.20675,1.20684,6370,1,0
2014-09-23 18:00:00,1.20686,1.20765,1.20679,1.2073,3313,1,0
2014-09-23 20:00:00,1.20731,1.20759,1.20713,1.20756,1478,1,0
2014-09-23 22:00:00,1.20757,1.2076,1.2072,1.20748,1121,1,0
2014-09-24 00:00:00,1.20745,1.2077,1.20698,1.20731,2053,1,0
2014-09-24 02:00:00,1.20732,1.20767,1.20729,1.20745,1490,1,0
2014-09-24 04:00:00,1.20746,1.20757,1.20719,1.20736,1519,1,0
2014-09-24 06:00:00,1.20736,1.20754,1.20719,1.2075,1223,1,0
2014-09-24 08:00:00,1.20752,1.20835,1.20733,1.20782,4704,1,0
2014-09-24 10:00:00,1.20783,1.2081,1.2074,1.20751,5050,1,0
2014-09-24 12:00:00,1.20752,1.20812,1.20736,1.20803,4846,1,0
2014-09-24 14:00:00,1.20803,1.20804,1.2074,1.20773,9173,1,0
2014-09-24 16:00:00,1.20773,1.20807,1.20735,1.2078,8346,1,0
2014-09-24 18:00:00,1.20782,1.20833,1.20767,1.20794,3503,1,0
2014-09-24 20:00:00,1.20794,1.20839,1.20779,1.20821,1995,1,0
2014-09-24 22:00:00,1.2082,1.20863,1.2081,1.20847,1282,1,0
2014-09-25 00:00:00,1.20845,1.20888,1.20845,1.20864,1563,1,0
2014-09-25 02:00:00,1.20864,1.20875,1.2082,1.20831,1632,1,0
2014-09-25 04:00:00,1.20831,1.20858,1.20796,1.20802,2557,1,0
2014-09-25 06:00:00,1.20802,1.20836,1.20787,1.20816,1726,1,0
2014-09-25 08:00:00,1.20817,1.20835,1.20765,1.20809,7433,1,0
2014-09-25 10:00:00,1.20811,1.20823,1.2074,1.20763,6217,1,0
2014-09-25 12:00:00,1.20763,1.20787,1.20749,1.20768,5001,1,0
2014-09-25 14:00:00,1.20766,1.2078,1.207,1.20702,8682,1,0
2014-09-25 16:00:00,1.20701,1.20729,1.2067,1.20685,9220,1,0
2014-09-25 18:00:00,1.20687,1.2074,1.20679,1.20721,4213,1,0
2014-09-25 20:00:00,1.20719,1.20728,1.20692,1.20702,2620,1,0
2014-09-25 22:00:00,1.20704,1.20738,1.20685,1.2073,1903,1,0
2014-09-26 00:00:00,1.20735,1.20749,1.207,1.20732,2478,1,0
2014-09-26 02:00:00,1.20732,1.20742,1.20691,1.20716,1894,1,0
2014-09-26 04:00:00,1.20717,1.20757,1.207,1.20704,2017,1,0
2014-09-26 06:00:00,1.20704,1.20748,1.20695,1.20742,1782,1,0
2014-09-26 08:00:00,1.20742,1.20744,1.20678,1.20704,4678,1,0
2014-09-26 10:00:00,1.20704,1.20742,1.20691,1.20697,4388,1,0
2014-09-26 12:00:00,1.20697,1.20744,1.20685,1.20718,4473,1,0
2014-09-26 14:00:00,1.20717,1.20727,1.20679,1.20686,8888,1,0
2014-09-26 16:00:00,1.20686,1.20728,1.2068,1.20686,7032,1,0
2014-09-26 18:00:00,1.20686,1.2069,1.20668,1.20675,2742,1,0
2014-09-26 20:00:00,1.20675,1.2069,1.20659,1.20664,2509,1,0
2014-09-26 22:00:00,1.20665,1.20691,1.20655,1.20657,827,1,0
2014-09-29 00:00:00,1.20678,1.20685,1.20654,1.20661,1509,1,0
2014-09-29 02:00:00,1.20663,1.20683,1.20659,1.20679,1948,1,0
2014-09-29 04:00:00,1.2068,1.20716,1.20675,1.20697,2016,1,0
2014-09-29 06:00:00,1.20698,1.2074,1.20698,1.20709,2014,1,0
2014-09-29 08:00:00,1.20709,1.20728,1.2066,1.20721,4953,1,0
2014-09-29 10:00:00,1.20721,1.2074,1.20665,1.20736,6061,1,0
2014-09-29 12:00:00,1.20738,1.20741,1.20698,1.20722,5195,1,0
2014-09-29 14:00:00,1.20723,1.2073,1.2064,1.20663,7891,1,0
2014-09-29 16:00:00,1.20664,1.20694,1.20618,1.20684,6716,1,0
2014-09-29 18:00:00,1.20686,1.20707,1.20651,1.20703,3567,1,0
2014-09-29 20:00:00,1.20701,1.20708,1.20671,1.20707,2293,1,0
2014-09-29 22:00:00,1.20706,1.2072,1.20668,1.20702,1811,1,0
2014-09-30 00:00:00,1.20701,1.20707,1.20679,1.20692,1124,1,0
2014-09-30 02:00:00,1.20692,1.20713,1.20678,1.20687,2180,1,0
2014-09-30 04:00:00,1.20687,1.20715,1.20669,1.20691,2315,1,0
2014-09-30 06:00:00,1.20691,1.20694,1.20665,1.20677,2159,1,0
2014-09-30 08:00:00,1.20677,1.20689,1.20647,1.20678,4717,1,0
2014-09-30 10:00:00,1.20678,1.20685,1.20611,1.20651,9703,1,0
2014-09-30 12:00:00,1.20651,1.20661,1.20613,1.2063,7425,1,0
2014-09-30 14:00:00,1.2063,1.2065,1.20575,1.20629,8861,1,0
2014-09-30 16:00:00,1.20623,1.20726,1.20611,1.20643,8164,1,0
2014-09-30 18:00:00,1.20641,1.20642,1.2053,1.20546,4503,1,0
2014-09-30 20:00:00,1.20547,1.20602,1.20546,1.2058,1974,1,0
2014-09-30 22:00:00,1.2058,1.20638,1.20572,1.20628,1428,1,0
2014-10-01 00:00:00,1.20628,1.20628,1.20587,1.20606,1401,1,0
2014-10-01 02:00:00,1.20605,1.20625,1.20588,1.20604,2709,1,0
2014-10-01 04:00:00,1.20604,1.20636,1.20598,1.20617,2448,1,0
2014-10-01 06:00:00,1.20615,1.20616,1.20561,1.20581,2182,1,0
2014-10-01 08:00:00,1.20582,1.20595,1.20548,1.20551,4507,1,0
2014-10-01 10:00:00,1.20551,1.20642,1.20533,1.20618,5879,1,0
2014-10-01 12:00:00,1.20617,1.20808,1.20607,1.20729,5657,1,0
2014-10-01 14:00:00,1.20729,1.20764,1.20623,1.20653,8527,1,0
2014-10-01 16:00:00,1.20651,1.20711,1.20636,1.207,10251,1,0
2014-10-01 18:00:00,1.20701,1.20735,1.20676,1.20697,4702,1,0
2014-10-01 20:00:00,1.20698,1.20709,1.20653,1.20685,3025,1,0
2014-10-01 22:00:00,1.20684,1.20715,1.20651,1.20701,1584,1,0
2014-10-02 00:00:00,1.20699,1.20723,1.20674,1.20692,2894,1,0
2014-10-02 02:00:00,1.20692,1.20716,1.20677,1.20707,2383,1,0
2014-10-02 04:00:00,1.20707,1.20751,1.20689,1.20699,5093,1,0
2014-10-02 06:00:00,1.20699,1.20733,1.20694,1.20714,2323,1,0
2014-10-02 08:00:00,1.20715,1.20757,1.20703,1.20719,5419,1,0
2014-10-02 10:00:00,1.2072,1.20775,1.20719,1.20768,6647,1,0
2014-10-02 12:00:00,1.20769,1.20842,1.20763,1.20833,6101,1,0
2014-10-02 14:00:00,1.20833,1.20912,1.20809,1.20813,10590,1,0
2014-10-02 16:00:00,1.20813,1.20822,1.20713,1.20765,8791,1,0
2014-10-02 18:00:00,1.20766,1.20851,1.20759,1.20835,5176,1,0
2014-10-02 20:00:00,1.20836,1.2088,1.20822,1.2086,2944,1,0
2014-10-02 22:00:00,1.20861,1.20869,1.20821,1.20842,1406,1,0
2014-10-03 00:00:00,1.20845,1.20874,1.20836,1.20866,1379,1,0
2014-10-03 02:00:00,1.20866,1.2089,1.20844,1.2088,2479,1,0
2014-10-03 04:00:00,1.20879,1.20892,1.20846,1.20869,2085,1,0
2014-10-03 06:00:00,1.2087,1.20881,1.20846,1.20862,1658,1,0
2014-10-03 08:00:00,1.20862,1.20896,1.20836,1.20848,3751,1,0
2014-10-03 10:00:00,1.20847,1.20905,1.20845,1.20863,4781,1,0
2014-10-03 12:00:00,1.20865,1.20914,1.20846,1.20888,4805,1,0
2014-10-03 14:00:00,1.20886,1.21046,1.20863,1.20953,12298,1,0
2014-10-03 16:00:00,1.20951,1.21033,1.20946,1.2103,8308,1,0
2014-10-03 18:00:00,1.21031,1.21114,1.21029,1.21057,3327,1,0
2014-10-03 20:00:00,1.21058,1.21071,1.21045,1.21048,2964,1,0
2014-10-03 22:00:00,1.21047,1.21065,1.21033,1.21064,1204,1,0
2014-10-06 00:00:00,1.21101,1.21114,1.21078,1.21095,971,1,0
2014-10-06 02:00:00,1.21094,1.21111,1.21068,1.21078,2215,1,0
2014-10-06 04:00:00,1.21079,1.21095,1.21069,1.21079,1362,1,0
2014-10-06 06:00:00,1.21079,1.21093,1.21073,1.21093,1281,1,0
2014-10-06 08:00:00,1.21093,1.21191,1.21087,1.21191,4547,1,0
2014-10-06 10:00:00,1.21193,1.21212,1.21155,1.21192,4956,1,0
2014-10-06 12:00:00,1.21192,1.21196,1.21151,1.21189,3940,1,0
2014-10-06 14:00:00,1.21189,1.21375,1.21156,1.21279,3990,4,0
2014-10-06 16:00:00,1.21278,1.21311,1.21189,1.21217,6434,1,0
2014-10-06 18:00:00,1.21216,1.21298,1.21193,1.21286,4583,1,0
2014-10-06 20:00:00,1.21286,1.21334,1.2125,1.21267,5965,1,0
2014-10-06 22:00:00,1.21265,1.21286,1.2123,1.2127,2176,1,0
2014-10-07 00:00:00,1.21265,1.21295,1.2125,1.21278,1743,1,0
2014-10-07 02:00:00,1.21279,1.21296,1.21244,1.21266,3387,1,0
2014-10-07 04:00:00,1.21266,1.21275,1.21249,1.21255,2543,1,0
2014-10-07 06:00:00,1.21256,1.2127,1.21239,1.21251,3465,1,0
2014-10-07 08:00:00,1.21252,1.21395,1.21235,1.21249,7698,1,0
2014-10-07 10:00:00,1.2125,1.21253,1.21049,1.21064,7128,1,0
2014-10-07 12:00:00,1.21062,1.21137,1.21044,1.21134,6273,1,0
2014-10-07 14:00:00,1.21135,1.21177,1.2108,1.21163,8872,1,0
2014-10-07 16:00:00,1.21163,1.21311,1.21109,1.21294,7957,1,0
2014-10-07 18:00:00,1.21293,1.21312,1.21231,1.21239,4096,1,0
2014-10-07 20:00:00,1.21239,1.21244,1.21176,1.21196,3894,1,0
2014-10-07 22:00:00,1.21196,1.21228,1.21188,1.21193,1709,1,0
2014-10-08 00:00:00,1.21189,1.21233,1.21181,1.21223,2849,1,0
2014-10-08 02:00:00,1.21223,1.21259,1.21194,1.21219,3425,1,0
2014-10-08 04:00:00,1.21219,1.21227,1.21146,1.21181,2529,1,0
2014-10-08 06:00:00,1.21181,1.212,1.21154,1.21174,1755,1,0
2014-10-08 08:00:00,1.21173,1.21237,1.21142,1.21174,5509,1,0
2014-10-08 10:00:00,1.21174,1.213,1.21166,1.21286,6932,1,0
2014-10-08 12:00:00,1.21287,1.21326,1.21262,1.21305,5468,1,0
2014-10-08 14:00:00,1.21303,1.21334,1.21286,1.21306,7273,1,0
2014-10-08 16:00:00,1.21309,1.21351,1.21248,1.21301,8852,1,0
2014-10-08 18:00:00,1.213,1.2134,1.21282,1.21313,4599,1,0
2014-10-08 20:00:00,1.21315,1.21342,1.21231,1.21251,9467,1,0
2014-10-08 22:00:00,1.21251,1.21264,1.21178,1.21217,1998,1,0
2014-10-09 00:00:00,1.21216,1.21257,1.21201,1.21244,2859,1,0
2014-10-09 02:00:00,1.21246,1.2128,1.21204,1.21224,4908,1,0
2014-10-09 04:00:00,1.21223,1.2123,1.21173,1.21187,2538,1,0
2014-10-09 06:00:00,1.21188,1.21214,1.21176,1.212,2558,1,0
2014-10-09 08:00:00,1.212,1.21221,1.211,1.21137,7452,1,0
2014-10-09 10:00:00,1.21136,1.2123,1.21106,1.21173,7316,1,0
2014-10-09 12:00:00,1.21172,1.21192,1.21069,1.21083,6149,1,0
2014-10-09 14:00:00,1.21079,1.21095,1.20935,1.20997,9824,1,0
2014-10-09 16:00:00,1.20997,1.21088,1.20887,1.21066,10807,1,0
2014-10-09 18:00:00,1.21066,1.21163,1.21007,1.21124,7428,1,0
2014-10-09 20:00:00,1.21124,1.21127,1.21041,1.21098,3644,1,0
2014-10-09 22:00:00,1.21098,1.21178,1.21085,1.21101,2055,1,0
2014-10-10 00:00:00,1.211,1.2111,1.21075,1.21077,1777,1,0
2014-10-10 02:00:00,1.21077,1.21165,1.2107,1.21142,4085,1,0
2014-10-10 04:00:00,1.21142,1.21157,1.21098,1.21107,2528,1,0
2014-10-10 06:00:00,1.21107,1.21119,1.21073,1.21077,1563,1,0
2014-10-10 08:00:00,1.21077,1.21102,1.21029,1.21067,6411,1,0
2014-10-10 10:00:00,1.21066,1.21067,1.20942,1.20942,6929,1,0
2014-10-10 12:00:00,1.20942,1.20973,1.20881,1.20906,6668,1,0
2014-10-10 14:00:00,1.20906,1.20961,1.20859,1.20952,8686,1,0
2014-10-10 16:00:00,1.2095,1.20969,1.20904,1.20904,8270,1,0
2014-10-10 18:00:00,1.20905,1.20944,1.20891,1.20906,3697,1,0
2014-10-10 20:00:00,1.20905,1.20923,1.20843,1.20903,3291,1,0
2014-10-10 22:00:00,1.20904,1.20908,1.20811,1.20833,1303,1,0
2014-10-13 00:00:00,1.2083,1.20874,1.20808,1.20866,2787,1,0
2014-10-13 02:00:00,1.20866,1.20912,1.20848,1.20912,4219,1,0
2014-10-13 04:00:00,1.20909,1.2091,1.20859,1.20893,3609,1,0
2014-10-13 06:00:00,1.20892,1.2091,1.20825,1.20828,2143,1,0
2014-10-13 08:00:00,1.20829,1.20886,1.2076,1.20883,5063,1,0
2014-10-13 10:00:00,1.20885,1.20899,1.20848,1.20874,4635,1,0
2014-10-13 12:00:00,1.20874,1.20885,1.20772,1.20782,4399,1,0
2014-10-13 14:00:00,1.20781,1.20799,1.20745,1.20776,5541,1,0
2014-10-13 16:00:00,1.20775,1.20804,1.20753,1.20794,6815,1,0
2014-10-13 18:00:00,1.20795,1.20862,1.20772,1.20862,3724,1,0
2014-10-13 20:00:00,1.20861,1.20901,1.20852,1.20876,2854,1,0
2014-10-13 22:00:00,1.20878,1.20925,1.2082,1.20879,5694,1,0
2014-10-14 00:00:00,1.2088,1.2092,1.20831,1.20857,2796,1,0
2014-10-14 02:00:00,1.20857,1.20879,1.20844,1.20862,2402,1,0
2014-10-14 04:00:00,1.20863,1.20893,1.20847,1.20881,1890,1,0
2014-10-14 06:00:00,1.20881,1.20905,1.20873,1.2089,1741,1,0
2014-10-14 08:00:00,1.20885,1.209,1.20809,1.20811,5539,1,0
2014-10-14 10:00:00,1.20811,1.2082,1.20711,1.20783,9030,1,0
2014-10-14 12:00:00,1.20786,1.20814,1.20751,1.20795,6665,1,0
2014-10-14 14:00:00,1.20798,1.2082,1.20752,1.2076,7358,1,0
2014-10-14 16:00:00,1.2076,1.20786,1.20724,1.20738,7880,1,0
2014-10-14 18:00:00,1.20739,1.20753,1.20712,1.20739,2738,1,0
2014-10-14 20:00:00,1.20741,1.20744,1.20703,1.20715,2981,1,0
2014-10-14 22:00:00,1.20715,1.20763,1.20715,1.20735,1987,1,0
2014-10-15 00:00:00,1.20736,1.20742,1.20709,1.20712,1796,1,0
2014-10-15 02:00:00,1.20712,1.20744,1.20704,1.20737,2925,1,0
2014-10-15 04:00:00,1.20737,1.20742,1.20701,1.20721,1666,1,0
2014-10-15 06:00:00,1.20722,1.20744,1.20718,1.2073,1284,1,0
2014-10-15 08:00:00,1.2073,1.20778,1.20728,1.20759,5788,1,0
2014-10-15 10:00:00,1.20759,1.20802,1.20741,1.20761,6954,1,0
2014-10-15 12:00:00,1.20761,1.20783,1.2074,1.20751,5771,1,0
2014-10-15 14:00:00,1.20752,1.20763,1.2062,1.20693,15594,1,0
2014-10-15 16:00:00,1.20694,1.20754,1.20665,1.20675,12591,1,0
2014-10-15 18:00:00,1.20675,1.20696,1.20616,1.20649,8270,1,0
2014-10-15 20:00:00,1.2065,1.20697,1.2061,1.20634,6547,1,0
2014-10-15 22:00:00,1.20634,1.20728,1.20617,1.20722,3650,1,0
2014-10-16 00:00:00,1.20719,1.20733,1.20668,1.20721,3887,1,0
2014-10-16 02:00:00,1.20723,1.20765,1.20698,1.20709,5193,1,0
2014-10-16 04:00:00,1.20707,1.20743,1.20686,1.20686,2478,1,0
2014-10-16 06:00:00,1.20688,1.20728,1.20663,1.20712,2029,1,0
2014-10-16 08:00:00,1.20713,1.20717,1.20618,1.20636,6774,1,0
2014-10-16 10:00:00,1.20637,1.20667,1.20605,1.2061,8626,1,0
2014-10-16 12:00:00,1.2061,1.20641,1.20568,1.20631,8309,1,0
2014-10-16 14:00:00,1.2063,1.20678,1.20585,1.2066,8955,1,0
2014-10-16 16:00:00,1.20662,1.20745,1.20644,1.2074,10905,1,0
2014-10-16 18:00:00,1.20742,1.20778,1.20728,1.2073,5281,1,0
2014-10-16 20:00:00,1.2073,1.20756,1.20727,1.20744,3097,1,0
2014-10-16 22:00:00,1.20747,1.20756,1.20717,1.2073,2219,1,0
2014-10-17 00:00:00,1.20734,1.20739,1.20716,1.20729,2136,1,0
2014-10-17 02:00:00,1.20729,1.20755,1.2072,1.20729,2214,1,0
2014-10-17 04:00:00,1.20729,1.20745,1.20717,1.20725,1327,1,0
2014-10-17 06:00:00,1.20725,1.20748,1.20723,1.20737,1278,1,0
2014-10-17 08:00:00,1.20738,1.20758,1.20701,1.20741,4212,1,0
2014-10-17 10:00:00,1.20742,1.20776,1.20726,1.20758,5901,1,0
2014-10-17 12:00:00,1.20756,1.20775,1.20738,1.2075,3498,1,0
2014-10-17 14:00:00,1.20754,1.20756,1.20682,1.20722,5607,1,0
2014-10-17 16:00:00,1.20721,1.20761,1.20682,1.20755,6562,1,0
2014-10-17 18:00:00,1.20755,1.20775,1.2074,1.20743,2561,9,0
2014-10-17 20:00:00,1.20743,1.20762,1.2073,1.2074,2320,9,0
2014-10-17 22:00:00,1.2074,1.20755,1.20729,1.20735,640,9,0
2014-10-20 00:00:00,1.20759,1.20764,1.20731,1.20731,2814,9,0
2014-10-20 02:00:00,1.20731,1.20776,1.20731,1.20767,2845,10,0
2014-10-20 04:00:00,1.20767,1.20781,1.20749,1.2077,1766,9,0
2014-10-20 06:00:00,1.2077,1.20784,1.20727,1.20736,897,9,0
2014-10-20 08:00:00,1.20738,1.20742,1.20594,1.20594,5046,9,0
2014-10-20 10:00:00,1.20596,1.20644,1.20594,1.20634,4476,9,0
2014-10-20 12:00:00,1.20634,1.20647,1.20608,1.20617,4322,9,0
2014-10-20 14:00:00,1.20618,1.20659,1.20609,1.2063,6005,9,0
2014-10-20 16:00:00,1.20631,1.20661,1.20615,1.20652,5496,9,0
2014-10-20 18:00:00,1.20653,1.20665,1.20623,1.20659,2863,9,0
2014-10-20 20:00:00,1.2066,1.20673,1.20642,1.20669,1935,9,0
2014-10-20 22:00:00,1.2067,1.20689,1.20627,1.20681,1703,10,0
2014-10-21 00:00:00,1.20681,1.20687,1.20663,1.2067,1691,10,0
2014-10-21 02:00:00,1.2067,1.20671,1.20634,1.20642,1793,10,0
2014-10-21 04:00:00,1.20642,1.20668,1.20623,1.20628,2438,9,0
2014-10-21 06:00:00,1.20628,1.20678,1.20625,1.20665,2138,9,0
2014-10-21 08:00:00,1.20666,1.20695,1.20628,1.20663,5080,9,0
2014-10-21 10:00:00,1.20663,1.20712,1.20632,1.20695,6691,9,0
2014-10-21 12:00:00,1.20695,1.20731,1.20647,1.20695,7018,9,0
2014-10-21 14:00:00,1.20694,1.20697,1.20624,1.20638,8563,9,0
2014-10-21 16:00:00,1.20638,1.20663,1.20629,1.20646,6992,9,0
2014-10-21 18:00:00,1.20646,1.20689,1.20638,1.20677,3438,9,0
2014-10-21 20:00:00,1.20676,1.20683,1.20664,1.20668,2220,9,0
2014-10-21 22:00:00,1.20665,1.20694,1.20649,1.2067,1691,9,0
2014-10-22 00:00:00,1.2067,1.20713,1.20645,1.20711,1968,9,0
2014-10-22 02:00:00,1.20713,1.20713,1.20672,1.20676,1707,9,0
2014-10-22 04:00:00,1.20677,1.20693,1.20669,1.20676,1010,9,0
2014-10-22 06:00:00,1.20677,1.20685,1.20668,1.20674,931,10,0
2014-10-22 08:00:00,1.20675,1.20713,1.20649,1.20675,5216,9,0
2014-10-22 10:00:00,1.20675,1.20676,1.2061,1.20611,7542,9,0
2014-10-22 12:00:00,1.20612,1.20628,1.20604,1.2062,5880,9,0
2014-10-22 14:00:00,1.20621,1.20657,1.206,1.20647,8681,9,0
2014-10-22 16:00:00,1.20647,1.20654,1.20604,1.2063,7422,9,0
2014-10-22 18:00:00,1.20631,1.20646,1.20593,1.20594,3443,9,0
2014-10-22 20:00:00,1.20594,1.20628,1.20583,1.20584,2720,9,0
2014-10-22 22:00:00,1.20585,1.2063,1.20583,1.20613,1841,9,0
2014-10-23 00:00:00,1.20617,1.20626,1.20605,1.20614,1225,9,0
2014-10-23 02:00:00,1.20614,1.20641,1.20605,1.20635,2107,9,0
2014-10-23 04:00:00,1.20635,1.2065,1.20627,1.20628,1609,9,0
2014-10-23 06:00:00,1.20629,1.20645,1.20624,1.20637,1322,9,0
2014-10-23 08:00:00,1.20639,1.20642,1.20553,1.20615,5908,9,0
2014-10-23 10:00:00,1.20616,1.20668,1.20599,1.20661,6919,9,0
2014-10-23 12:00:00,1.2066,1.20671,1.20631,1.20649,4233,9,0
2014-10-23 14:00:00,1.2065,1.2068,1.20619,1.20646,7207,8,0
2014-10-23 16:00:00,1.20646,1.20687,1.20636,1.2068,6655,9,0
2014-10-23 18:00:00,1.20682,1.20693,1.2065,1.20653,2890,9,0
2014-10-23 20:00:00,1.20654,1.20658,1.20632,1.2065,2723,9,0
2014-10-23 22:00:00,1.2065,1.20669,1.20648,1.20657,1023,9,0
2014-10-24 00:00:00,1.2066,1.20669,1.2065,1.20659,1553,12,0
2014-10-24 02:00:00,1.20659,1.20664,1.20632,1.20638,2629,9,0
2014-10-24 04:00:00,1.20638,1.20648,1.2063,1.20633,1647,10,0
2014-10-24 06:00:00,1.20634,1.20653,1.20631,1.2064,1276,9,0
2014-10-24 08:00:00,1.20642,1.20648,1.20597,1.2061,4272,9,0
2014-10-24 10:00:00,1.2061,1.20634,1.20588,1.2063,4836,9,0
2014-10-24 12:00:00,1.20629,1.20635,1.20591,1.20602,4544,9,0
2014-10-24 14:00:00,1.20602,1.20621,1.20562,1.20566,7130,9,0
2014-10-24 16:00:00,1.20568,1.20624,1.20565,1.2059,4840,6,0
2014-10-24 18:00:00,1.20589,1.20607,1.20578,1.20604,2605,8,0
2014-10-24 20:00:00,1.20603,1.20618,1.20597,1.20616,1248,7,0
2014-10-24 22:00:00,1.20614,1.20635,1.20583,1.20583,574,6,0
2014-10-27 00:00:00,1.20617,1.2064,1.20611,1.2063,2562,13,0
2014-10-27 02:00:00,1.2063,1.20643,1.20621,1.20638,2817,12,0
2014-10-27 04:00:00,1.20639,1.2067,1.20637,1.20659,2308,8,0
2014-10-27 06:00:00,1.2066,1.20661,1.20631,1.20635,1667,12,0
2014-10-27 08:00:00,1.20637,1.20658,1.20608,1.20616,4336,9,0
2014-10-27 10:00:00,1.20617,1.20618,1.20545,1.20574,6527,9,0
2014-10-27 12:00:00,1.20576,1.20599,1.20568,1.2059,5217,9,0
2014-10-27 14:00:00,1.20592,1.2061,1.20559,1.2058,7513,9,0
2014-10-27 16:00:00,1.2058,1.20583,1.20543,1.20546,5036,9,0
2014-10-27 18:00:00,1.20546,1.20552,1.20524,1.20549,2583,9,0
2014-10-27 20:00:00,1.20549,1.20574,1.20546,1.20565,1702,9,0
2014-10-27 22:00:00,1.20565,1.20582,1.20552,1.20567,1750,9,0
2014-10-28 00:00:00,1.20568,1.20595,1.20551,1.20582,2070,9,0
2014-10-28 02:00:00,1.20581,1.20594,1.20577,1.20585,1319,10,0
2014-10-28 04:00:00,1.20585,1.20602,1.20585,1.20596,1212,9,0
2014-10-28 06:00:00,1.20597,1.2063,1.20593,1.206,1196,1,0
2014-10-28 08:00:00,1.20596,1.20639,1.20568,1.20622,4643,1,0
2014-10-28 10:00:00,1.20627,1.20661,1.20614,1.2062,5862,1,0
2014-10-28 12:00:00,1.20619,1.20645,1.2058,1.2059,7614,1,0
2014-10-28 14:00:00,1.20591,1.20622,1.20549,1.20614,10417,1,0
2014-10-28 16:00:00,1.20615,1.20636,1.20605,1.20625,5509,8,0
2014-10-28 18:00:00,1.20624,1.20627,1.20576,1.20585,3069,8,0
2014-10-28 20:00:00,1.20588,1.20619,1.20585,1.20602,1497,8,0
2014-10-28 22:00:00,1.20604,1.20612,1.20587,1.20596,1210,9,0
2014-10-29 00:00:00,1.20596,1.20609,1.20577,1.20598,1563,8,0
2014-10-29 02:00:00,1.20598,1.20607,1.20584,1.20589,1146,8,0
2014-10-29 04:00:00,1.20587,1.206,1.20577,1.2059,966,8,0
2014-10-29 06:00:00,1.2059,1.20615,1.20588,1.20592,1035,9,0
2014-10-29 08:00:00,1.20592,1.20606,1.20565,1.20577,5056,8,0
2014-10-29 10:00:00,1.20577,1.20596,1.20575,1.20578,4908,8,0
2014-10-29 12:00:00,1.20576,1.20586,1.2056,1.20562,4849,8,0
2014-10-29 14:00:00,1.20562,1.20617,1.20555,1.20572,7016,8,0
2014-10-29 16:00:00,1.20572,1.20616,1.2057,1.20588,5633,8,0
2014-10-29 18:00:00,1.20588,1.20626,1.20545,1.20599,9138,8,0
2014-10-29 20:00:00,1.20599,1.20622,1.20586,1.20607,4511,8,0
2014-10-29 22:00:00,1.20608,1.20631,1.20588,1.20626,2787,8,0
2014-10-30 00:00:00,1.20626,1.20628,1.20602,1.20606,2619,8,0
2014-10-30 02:00:00,1.20608,1.20611,1.206,1.20609,1629,8,0
2014-10-30 04:00:00,1.20608,1.20615,1.20591,1.20603,1588,8,0
2014-10-30 06:00:00,1.20602,1.20635,1.20577,1.20633,3486,8,0
2014-10-30 08:00:00,1.20629,1.20642,1.20588,1.20589,8499,8,0
2014-10-30 10:00:00,1.20591,1.20591,1.20541,1.20549,8741,8,0
2014-10-30 12:00:00,1.20549,1.20596,1.2054,1.20573,8838,7,0
2014-10-30 14:00:00,1.20575,1.20603,1.20545,1.20565,9802,8,0
2014-10-30 16:00:00,1.20564,1.20575,1.20544,1.20553,7606,8,0
2014-10-30 18:00:00,1.20551,1.20578,1.20548,1.20573,4476,8,0
2014-10-30 20:00:00,1.20572,1.20573,1.20541,1.20557,2011,8,0
2014-10-30 22:00:00,1.2056,1.20589,1.20553,1.20575,1770,9,0
2014-10-31 00:00:00,1.20575,1.20581,1.20531,1.20545,2300,9,0
2014-10-31 02:00:00,1.20546,1.20567,1.20533,1.20564,1871,8,0
2014-10-31 04:00:00,1.20564,1.20592,1.20557,1.20571,2615,8,0
2014-10-31 06:00:00,1.20572,1.20636,1.20554,1.20606,5123,8,0
2014-10-31 08:00:00,1.20606,1.2068,1.20567,1.20608,8713,8,0
2014-10-31 10:00:00,1.20608,1.2065,1.20566,1.2063,8926,8,0
2014-10-31 12:00:00,1.2063,1.20668,1.2061,1.20652,10526,8,0
2014-10-31 14:00:00,1.20655,1.20686,1.206,1.20613,13735,8,0
2014-10-31 16:00:00,1.20614,1.20637,1.2055,1.20596,10081,8,0
2014-10-31 18:00:00,1.20595,1.20601,1.20565,1.2058,3801,8,0
2014-10-31 20:00:00,1.20579,1.20586,1.20539,1.20539,2506,8,0
2014-11-03 00:00:00,1.20608,1.20616,1.20542,1.20591,4513,8,0
2014-11-03 02:00:00,1.20592,1.20597,1.20554,1.20585,3371,8,0
2014-11-03 04:00:00,1.20585,1.20607,1.20576,1.20585,2308,8,0
2014-11-03 06:00:00,1.20585,1.206,1.20548,1.2056,1796,8,0
2014-11-03 08:00:00,1.2056,1.2057,1.20544,1.20565,6247,8,0
2014-11-03 10:00:00,1.20564,1.20568,1.20531,1.20553,8363,8,0
2014-11-03 12:00:00,1.20555,1.20572,1.20532,1.20544,7022,8,0
2014-11-03 14:00:00,1.20545,1.20559,1.20523,1.20528,7840,8,0
2014-11-03 16:00:00,1.20545,1.20597,1.2053,1.2056,10877,8,0
2014-11-03 18:00:00,1.20561,1.20563,1.20516,1.20519,4808,8,0
2014-11-03 20:00:00,1.20519,1.20544,1.20516,1.20536,3406,8,0
2014-11-03 22:00:00,1.20535,1.20568,1.20533,1.20559,2181,8,0
2014-11-04 00:00:00,1.20559,1.20568,1.20543,1.20556,3022,10,0
2014-11-04 02:00:00,1.20556,1.2059,1.20546,1.20581,2912,8,0
2014-11-04 04:00:00,1.20584,1.20608,1.20567,1.20592,3072,8,0
2014-11-04 06:00:00,1.20593,1.20611,1.20571,1.20572,2537,8,0
2014-11-04 08:00:00,1.2057,1.2059,1.20531,1.20537,5839,8,0
2014-11-04 10:00:00,1.20537,1.20552,1.20516,1.20538,8521,8,0
2014-11-04 12:00:00,1.20539,1.20565,1.20522,1.20542,5506,8,0
2014-11-04 14:00:00,1.20542,1.20557,1.20524,1.20525,7600,8,0
2014-11-04 16:00:00,1.20525,1.20552,1.20466,1.20471,10897,8,0
2014-11-04 18:00:00,1.20472,1.20476,1.20436,1.20436,4298,8,0
2014-11-04 20:00:00,1.20436,1.2047,1.20436,1.20467,2777,8,0
2014-11-04 22:00:00,1.20467,1.2047,1.20409,1.20431,1842,8,0
2014-11-05 00:00:00,1.20432,1.20449,1.20402,1.20407,3053,8,0
2014-11-05 02:00:00,1.20407,1.20441,1.20404,1.20436,1948,8,0
2014-11-05 04:00:00,1.20436,1.20457,1.2042,1.20444,2383,8,0
2014-11-05 06:00:00,1.20446,1.20452,1.20326,1.20402,3892,9,0
2014-11-05 08:00:00,1.20402,1.20457,1.20378,1.20407,7852,9,0
2014-11-05 10:00:00,1.20406,1.20425,1.20368,1.20416,9927,7,0
2014-11-05 12:00:00,1.20416,1.20436,1.20389,1.2042,7998,9,0
2014-11-05 14:00:00,1.20419,1.20427,1.20352,1.20362,9905,9,0
2014-11-05 16:00:00,1.20356,1.20401,1.20327,1.20393,10255,4,0
2014-11-05 18:00:00,1.20393,1.20408,1.20366,1.20395,3863,9,0
2014-11-05 20:00:00,1.20395,1.20402,1.20342,1.20364,3429,9,0
2014-11-05 22:00:00,1.20365,1.20371,1.20339,1.20358,2149,9,0
2014-11-06 00:00:00,1.20358,1.20373,1.20347,1.20353,2937,9,0
2014-11-06 02:00:00,1.20352,1.20368,1.20329,1.20361,2933,9,0
2014-11-06 04:00:00,1.20361,1.20394,1.20309,1.20352,4169,9,0
2014-11-06 06:00:00,1.20353,1.2039,1.20321,1.20376,3674,1,0
2014-11-06 08:00:00,1.20374,1.20424,1.20369,1.20416,5056,1,0
2014-11-06 10:00:00,1.20416,1.20572,1.20391,1.20544,7142,1,0
2014-11-06 12:00:00,1.20544,1.2056,1.20457,1.20461,6378,9,0
2014-11-06 14:00:00,1.20461,1.20499,1.20382,1.20403,13106,9,0
2014-11-06 16:00:00,1.20402,1.20442,1.20359,1.20423,8559,9,0
2014-11-06 18:00:00,1.20423,1.20425,1.20366,1.20396,4789,9,0
2014-11-06 20:00:00,1.20397,1.20466,1.20391,1.20459,2646,9,0
2014-11-06 22:00:00,1.20461,1.20465,1.20395,1.20417,3428,9,0
2014-11-07 00:00:00,1.20415,1.20464,1.20415,1.20446,3100,9,0
2014-11-07 02:00:00,1.20446,1.20448,1.20409,1.20419,2631,9,0
2014-11-07 04:00:00,1.2042,1.20435,1.20406,1.20408,2000,9,0
2014-11-07 06:00:00,1.20408,1.20416,1.2037,1.20371,2640,9,0
2014-11-07 08:00:00,1.20373,1.2043,1.20364,1.20423,5780,9,0
2014-11-07 10:00:00,1.20426,1.20439,1.20387,1.2041,5498,9,0
2014-11-07 12:00:00,1.2041,1.20423,1.20389,1.20395,4896,9,0
2014-11-07 14:00:00,1.20395,1.20428,1.20356,1.20373,13244,9,0
2014-11-07 16:00:00,1.20374,1.20388,1.20293,1.203,8928,9,0
2014-11-07 18:00:00,1.203,1.20373,1.20292,1.20329,4936,9,0
2014-11-07 20:00:00,1.20328,1.20347,1.20307,1.20333,4390,9,0
2014-11-07 22:00:00,1.20333,1.20356,1.20309,1.20323,762,9,0
2014-11-10 00:00:00,1.20289,1.20318,1.20267,1.20279,3588,9,0
2014-11-10 02:00:00,1.20287,1.2035,1.20274,1.2034,3173,9,0
2014-11-10 04:00:00,1.20341,1.20361,1.20324,1.20344,2681,10,0
2014-11-10 06:00:00,1.20346,1.2036,1.20284,1.203,2138,9,0
2014-11-10 08:00:00,1.20301,1.20324,1.20239,1.20267,5070,9,0
2014-11-10 10:00:00,1.20265,1.20291,1.20211,1.2028,5948,9,0
2014-11-10 12:00:00,1.20279,1.20316,1.20247,1.20294,4133,9,0
2014-11-10 14:00:00,1.20293,1.20307,1.20246,1.20265,5424,9,0
2014-11-10 16:00:00,1.20266,1.20272,1.20217,1.20247,6506,9,0
2014-11-10 18:00:00,1.20246,1.20262,1.2023,1.20255,3013,9,0
2014-11-10 20:00:00,1.20254,1.20315,1.2025,1.20258,2679,9,0
2014-11-10 22:00:00,1.20258,1.20276,1.20235,1.20266,1515,9,0
2014-11-11 00:00:00,1.20266,1.20292,1.20245,1.2028,3435,9,0
2014-11-11 02:00:00,1.20282,1.20304,1.20276,1.20301,2513,9,0
2014-11-11 04:00:00,1.20299,1.20304,1.20247,1.20254,3858,9,0
2014-11-11 06:00:00,1.20254,1.20276,1.20247,1.20263,3928,9,0
2014-11-11 08:00:00,1.20263,1.20264,1.20222,1.20252,5620,9,0
2014-11-11 10:00:00,1.20252,1.20259,1.20211,1.20219,4685,9,0
2014-11-11 12:00:00,1.20218,1.20234,1.20207,1.20225,4077,3,0
2014-11-11 14:00:00,1.20226,1.20286,1.20223,1.2027,4342,3,0
2014-11-11 16:00:00,1.20271,1.20312,1.20262,1.2027,5584,9,0
2014-11-11 18:00:00,1.20269,1.20312,1.20262,1.20301,2964,9,0
2014-11-11 20:00:00,1.203,1.20335,1.20283,1.20333,3402,9,0
2014-11-11 22:00:00,1.20336,1.20341,1.20283,1.20322,2965,9,0
2014-11-12 00:00:00,1.20321,1.20338,1.20318,1.20322,3031,9,0
2014-11-12 02:00:00,1.20322,1.20345,1.20304,1.20322,3754,9,0
2014-11-12 04:00:00,1.20321,1.20344,1.20314,1.20333,3640,9,0
2014-11-12 06:00:00,1.20331,1.2038,1.20331,1.20348,3630,9,0
2014-11-12 08:00:00,1.20349,1.20361,1.2026,1.20279,7007,9,0
2014-11-12 10:00:00,1.2028,1.20313,1.20233,1.20272,7478,9,0
2014-11-12 12:00:00,1.20271,1.2028,1.20218,1.2023,6984,9,0
2014-11-12 14:00:00,1.20231,1.20231,1.20171,1.20203,7851,9,0
2014-11-12 16:00:00,1.20203,1.2022,1.20178,1.20198,6099,9,0
2014-11-12 18:00:00,1.20198,1.20223,1.20191,1.20215,4822,9,0
2014-11-12 20:00:00,1.20216,1.20225,1.20202,1.20222,2292,9,0
2014-11-12 22:00:00,1.20222,1.20226,1.20194,1.2021,2335,9,0
2014-11-13 00:00:00,1.20208,1.20228,1.20195,1.20213,3065,9,0
2014-11-13 02:00:00,1.20213,1.20227,1.20199,1.20217,2429,10,0
2014-11-13 04:00:00,1.20218,1.20231,1.20214,1.20228,1917,11,0
2014-11-13 06:00:00,1.20229,1.20241,1.20219,1.20222,1519,9,0
2014-11-13 08:00:00,1.20221,1.20236,1.202,1.20209,5401,9,0
2014-11-13 10:00:00,1.2021,1.20226,1.20179,1.20182,5080,5,0
2014-11-13 12:00:00,1.20182,1.20188,1.20169,1.20177,3998,9,0
2014-11-13 14:00:00,1.20177,1.20213,1.20155,1.20201,6776,1,0
2014-11-13 16:00:00,1.20201,1.20208,1.20173,1.20204,5921,1,0
2014-11-13 18:00:00,1.20204,1.2022,1.20188,1.20197,4481,1,0
2014-11-13 20:00:00,1.20198,1.20213,1.20186,1.20202,2952,1,0
2014-11-13 22:00:00,1.20201,1.20228,1.20182,1.20213,1454,1,0
2014-11-14 00:00:00,1.20214,1.20217,1.20195,1.20203,2018,11,0
2014-11-14 02:00:00,1.20203,1.20205,1.20185,1.20194,2362,9,0
2014-11-14 04:00:00,1.20195,1.20203,1.20172,1.20175,2290,5,0
2014-11-14 06:00:00,1.20176,1.20198,1.20173,1.20194,2055,6,0
2014-11-14 08:00:00,1.20196,1.20217,1.20155,1.20156,2838,5,0
2014-11-14 10:00:00,1.20155,1.20196,1.20148,1.20192,2706,6,0
2014-11-14 12:00:00,1.20192,1.20195,1.20145,1.20148,2593,8,0
2014-11-14 14:00:00,1.20147,1.20229,1.20128,1.20198,5935,1,0
2014-11-14 16:00:00,1.20198,1.20206,1.2013,1.20135,5013,1,0
2014-11-14 18:00:00,1.20135,1.20142,1.20111,1.20117,4338,1,0
2014-11-14 20:00:00,1.20115,1.20134,1.20112,1.20128,2521,1,0
2014-11-14 22:00:00,1.20129,1.20139,1.20109,1.20109,1418,1,0
2014-11-17 00:00:00,1.20147,1.20148,1.20107,1.20113,3022,8,0
2014-11-17 02:00:00,1.20113,1.20172,1.20111,1.20146,3763,8,0
2014-11-17 04:00:00,1.20145,1.20156,1.20133,1.20144,2390,8,0
2014-11-17 06:00:00,1.20144,1.20174,1.20128,1.20168,1902,8,0
2014-11-17 08:00:00,1.20168,1.20168,1.20103,1.20106,3381,8,0
2014-11-17 10:00:00,1.20105,1.20143,1.20101,1.20138,3804,8,0
2014-11-17 12:00:00,1.20139,1.20158,1.2011,1.20121,3032,1,0
2014-11-17 14:00:00,1.20121,1.20172,1.20112,1.2015,5451,1,0
2014-11-17 16:00:00,1.2015,1.20162,1.20118,1.20151,3849,1,0
2014-11-17 18:00:00,1.20152,1.2016,1.2013,1.20135,2032,1,0
2014-11-17 20:00:00,1.20135,1.20147,1.20128,1.20144,1333,1,0
2014-11-17 22:00:00,1.20145,1.20148,1.20107,1.2012,1331,1,0
2014-11-18 00:00:00,1.20118,1.20152,1.20118,1.20132,2366,10,0
2014-11-18 02:00:00,1.20132,1.20141,1.20124,1.20126,2176,8,0
2014-11-18 04:00:00,1.20126,1.20135,1.2012,1.20128,1966,8,0
2014-11-18 06:00:00,1.20127,1.20144,1.20119,1.20134,1539,11,0
2014-11-18 08:00:00,1.20137,1.20156,1.20122,1.20131,4192,1,0
2014-11-18 10:00:00,1.2013,1.20164,1.2011,1.20139,5187,1,0
2014-11-18 12:00:00,1.20136,1.20143,1.20111,1.20122,2055,8,0
2014-11-18 14:00:00,1.20123,1.20135,1.2011,1.20119,3201,6,0
2014-11-18 16:00:00,1.20117,1.20133,1.20099,1.20109,3169,5,0
2014-11-18 18:00:00,1.2011,1.20122,1.20091,1.2011,2056,8,0
2014-11-18 20:00:00,1.20111,1.20133,1.20111,1.20118,1885,5,0
2014-11-18 22:00:00,1.20118,1.20125,1.20098,1.20122,838,10,0
2014-11-19 00:00:00,1.20122,1.20133,1.20118,1.20127,1351,8,0
2014-11-19 02:00:00,1.20127,1.2013,1.20115,1.20125,1690,9,0
2014-11-19 04:00:00,1.20125,1.20133,1.2012,1.20123,1023,9,0
2014-11-19 06:00:00,1.20123,1.20136,1.20121,1.20131,742,9,0
2014-11-19 08:00:00,1.20132,1.20132,1.20085,1.20115,3208,4,0
2014-11-19 10:00:00,1.20117,1.20131,1.20106,1.20109,2411,1,0
2014-11-19 12:00:00,1.2011,1.2015,1.20108,1.20128,1777,5,0
2014-11-19 14:00:00,1.20129,1.20145,1.20115,1.20123,2763,7,0
2014-11-19 16:00:00,1.20122,1.20259,1.20115,1.20124,3309,5,0
2014-11-19 18:00:00,1.20125,1.20125,1.20102,1.20104,1954,5,0
2014-11-19 20:00:00,1.20103,1.20146,1.20091,1.20131,4080,8,0
2014-11-19 22:00:00,1.20131,1.20146,1.20121,1.20131,980,9,0
2014-11-20 00:00:00,1.20132,1.20146,1.2011,1.20118,1277,8,0
2014-11-20 02:00:00,1.20117,1.20127,1.20113,1.20124,916,8,0
2014-11-20 04:00:00,1.20123,1.20136,1.20116,1.20131,1665,8,0
2014-11-20 06:00:00,1.20131,1.20136,1.20121,1.20122,1383,8,0
2014-11-20 08:00:00,1.20122,1.20135,1.20104,1.20109,4555,8,0
2014-11-20 10:00:00,1.20109,1.20132,1.20107,1.20116,3133,8,0
2014-11-20 12:00:00,1.20116,1.20135,1.20111,1.2012,2876,8,0
2014-11-20 14:00:00,1.2012,1.20135,1.20108,1.2013,5017,8,0
2014-11-20 16:00:00,1.20126,1.20242,1.20117,1.20193,5232,8,0
2014-11-20 18:00:00,1.20191,1.20238,1.2016,1.20177,2639,8,0
2014-11-20 20:00:00,1.20177,1.20189,1.20164,1.20168,1296,8,0
2014-11-20 22:00:00,1.20168,1.20213,1.20163,1.202,1176,8,0
2014-11-21 00:00:00,1.20201,1.20226,1.20194,1.202,1362,8,0
2014-11-21 02:00:00,1.202,1.20221,1.2019,1.20216,1573,10,0
2014-11-21 04:00:00,1.20218,1.2023,1.20212,1.20218,1102,10,0
2014-11-21 06:00:00,1.20217,1.20239,1.20216,1.20219,1452,9,0
2014-11-21 08:00:00,1.20218,1.20323,1.20177,1.20317,4648,8,0
2014-11-21 10:00:00,1.20315,1.20322,1.20195,1.20229,6954,8,0
2014-11-21 12:00:00,1.20229,1.20277,1.20208,1.20232,4622,8,0
2014-11-21 14:00:00,1.20233,1.20247,1.20165,1.20167,4339,8,0
2014-11-21 16:00:00,1.20167,1.20206,1.2015,1.20172,3362,5,0
2014-11-21 18:00:00,1.20172,1.20185,1.20146,1.2016,2548,6,0
2014-11-21 20:00:00,1.2016,1.20176,1.20149,1.20158,1383,7,0
2014-11-21 22:00:00,1.20158,1.20158,1.20137,1.20144,347,8,0
2014-11-24 00:00:00,1.20212,1.2029,1.2019,1.20221,2806,16,1269000000
2014-11-24 02:00:00,1.20223,1.20275,1.2022,1.20249,2852,35,1730000000
2014-11-24 04:00:00,1.20249,1.20297,1.20246,1.2028,2445,35,1599000000
2014-11-24 06:00:00,1.20281,1.20308,1.2028,1.203,2325,14,1838000000
2014-11-24 08:00:00,1.20298,1.20301,1.2023,1.20271,2673,12,2782500000
2014-11-24 10:00:00,1.20271,1.20284,1.2022,1.20228,4377,8,1054500000
2014-11-24 12:00:00,1.20228,1.20264,1.20219,1.20261,3208,8,99500000
2014-11-24 14:00:00,1.20261,1.20284,1.2023,1.20278,3294,4,12000000
2014-11-24 16:00:00,1.20275,1.20287,1.20248,1.2026,3044,6,4000000
2014-11-24 18:00:00,1.20261,1.20261,1.20222,1.20256,2560,6,1000000
2014-11-24 20:00:00,1.20257,1.20258,1.20235,1.20238,1780,6,1000000
2014-11-24 22:00:00,1.20239,1.20254,1.20229,1.20239,1392,8,105500000
2014-11-25 00:00:00,1.20243,1.20267,1.20225,1.20254,1312,8,417000000
2014-11-25 02:00:00,1.20251,1.20275,1.20243,1.20268,1944,8,100000000
2014-11-25 04:00:00,1.20268,1.20277,1.20259,1.20275,1724,9,121000000
2014-11-25 06:00:00,1.20274,1.20286,1.20264,1.20269,1416,8,298500000
2014-11-25 08:00:00,1.20268,1.20304,1.20258,1.20292,2085,8,75000000
2014-11-25 10:00:00,1.20292,1.20296,1.20226,1.20231,2748,5,48000000
2014-11-25 12:00:00,1.20231,1.2026,1.20227,1.20237,1964,7,62500000
2014-11-25 14:00:00,1.20237,1.20306,1.20237,1.20292,3665,8,26000000
2014-11-25 16:00:00,1.20292,1.20308,1.20244,1.20306,5597,8,32000000
2014-11-25 18:00:00,1.20305,1.20305,1.20274,1.20297,2760,8,71000000
2014-11-25 20:00:00,1.20296,1.20329,1.20282,1.20287,2338,8,64000000
2014-11-25 22:00:00,1.20286,1.20286,1.20252,1.20252,1430,8,93000000
2014-11-26 00:00:00,1.20251,1.2027,1.2023,1.20244,1281,8,414000000
2014-11-26 02:00:00,1.20248,1.20258,1.20231,1.20237,1762,8,131500000
2014-11-26 04:00:00,1.20236,1.20267,1.20232,1.20257,1259,8,194500000
2014-11-26 06:00:00,1.20257,1.20259,1.20237,1.20259,1298,8,192000000
2014-11-26 08:00:00,1.20258,1.20273,1.20244,1.20268,1923,8,170000000
2014-11-26 10:00:00,1.20268,1.20269,1.20159,1.20243,4551,8,0
2014-11-26 12:00:00,1.20244,1.20284,1.20242,1.20269,3340,8,0
2014-11-26 14:00:00,1.20268,1.20294,1.20248,1.20269,4634,8,0
2014-11-26 16:00:00,1.2027,1.20273,1.202,1.20225,4256,8,0
2014-11-26 18:00:00,1.20225,1.20233,1.20199,1.20209,2763,8,0
2014-11-26 20:00:00,1.20208,1.20223,1.20202,1.20218,1467,4,0
2014-11-26 22:00:00,1.20217,1.20223,1.20208,1.20209,1144,8,0
2014-11-27 00:00:00,1.20209,1.20215,1.20201,1.20201,814,9,0
2014-11-27 02:00:00,1.20202,1.20225,1.20197,1.20216,713,8,0
2014-11-27 04:00:00,1.20216,1.20232,1.20207,1.20227,827,8,0
2014-11-27 06:00:00,1.20226,1.20234,1.20219,1.20219,976,9,0
2014-11-27 08:00:00,1.20222,1.2024,1.20208,1.20217,1381,8,0
2014-11-27 10:00:00,1.20216,1.20226,1.20195,1.20197,2666,5,0
2014-11-27 12:00:00,1.20195,1.20201,1.20178,1.20199,1809,8,0
2014-11-27 14:00:00,1.20197,1.20252,1.20194,1.20198,1987,5,0
2014-11-27 16:00:00,1.20198,1.20208,1.2018,1.20193,1961,5,0
2014-11-27 18:00:00,1.20194,1.20204,1.20183,1.20196,1850,8,0
2014-11-27 20:00:00,1.20196,1.20223,1.20195,1.20203,1849,7,0
2014-11-27 22:00:00,1.20202,1.20206,1.20181,1.20184,2228,10,0
2014-11-28 00:00:00,1.20184,1.20219,1.20183,1.20195,690,8,0
2014-11-28 02:00:00,1.20197,1.20201,1.20185,1.20191,680,8,0
2014-11-28 04:00:00,1.20191,1.20205,1.2019,1.20196,566,8,0
2014-11-28 06:00:00,1.20197,1.20206,1.20191,1.20203,666,8,0
2014-11-28 08:00:00,1.20203,1.20236,1.20198,1.20228,1660,8,0
2014-11-28 10:00:00,1.20229,1.20234,1.20171,1.20178,2999,8,0
2014-11-28 12:00:00,1.20176,1.202,1.20166,1.20175,2679,8,0
2014-11-28 14:00:00,1.20174,1.20188,1.20146,1.2015,2492,8,0
2014-11-28 16:00:00,1.20149,1.2019,1.20111,1.20118,3965,8,0
2014-11-28 18:00:00,1.20119,1.20152,1.20108,1.20141,3336,8,0
2014-11-28 20:00:00,1.2014,1.20178,1.20127,1.20158,1814,8,0
2014-11-28 22:00:00,1.20158,1.20251,1.20119,1.20251,1452,8,0
2014-12-01 00:00:00,1.20363,1.20393,1.20312,1.20357,1659,8,0
2014-12-01 02:00:00,1.20358,1.2037,1.20328,1.20349,1718,8,0
2014-12-01 04:00:00,1.20351,1.20378,1.20343,1.20347,1481,8,0
2014-12-01 06:00:00,1.20346,1.20355,1.20333,1.2034,684,8,0
2014-12-01 08:00:00,1.2034,1.20342,1.20251,1.20292,1957,8,0
2014-12-01 10:00:00,1.20292,1.20327,1.20224,1.20277,4787,8,0
2014-12-01 12:00:00,1.20278,1.20297,1.20207,1.20255,3701,8,0
2014-12-01 14:00:00,1.20256,1.2031,1.20252,1.20292,3795,8,0
2014-12-01 16:00:00,1.20295,1.20303,1.2023,1.2026,5430,8,0
2014-12-01 18:00:00,1.20262,1.20319,1.20245,1.20251,4087,8,0
2014-12-01 20:00:00,1.20251,1.20297,1.20243,1.20287,2131,8,0
2014-12-01 22:00:00,1.20287,1.20299,1.20277,1.20279,1212,9,0
2014-12-02 00:00:00,1.20279,1.20303,1.20279,1.20291,857,8,0
2014-12-02 02:00:00,1.20288,1.20313,1.20275,1.20311,1574,9,0
2014-12-02 04:00:00,1.20311,1.20321,1.20298,1.20301,927,8,0
2014-12-02 06:00:00,1.20301,1.20333,1.20299,1.20326,1215,8,0
2014-12-02 08:00:00,1.20326,1.20349,1.20283,1.20306,1986,8,0
2014-12-02 10:00:00,1.20306,1.2044,1.20305,1.20412,4000,8,0
2014-12-02 12:00:00,1.20414,1.20429,1.20381,1.20428,3235,8,0
2014-12-02 14:00:00,1.20427,1.20451,1.20362,1.20408,4124,8,0
2014-12-02 16:00:00,1.20409,1.2044,1.20392,1.20422,3436,5,0
2014-12-02 18:00:00,1.20423,1.2046,1.20405,1.20453,2405,5,0
2014-12-02 20:00:00,1.20454,1.20464,1.20397,1.20408,1570,6,0
2014-12-02 22:00:00,1.20407,1.20408,1.20363,1.20363,1373,8,0
2014-12-03 00:00:00,1.2036,1.20411,1.2036,1.20396,1413,8,0
2014-12-03 02:00:00,1.20398,1.20413,1.2038,1.20384,1274,8,0
2014-12-03 04:00:00,1.20384,1.20405,1.20364,1.20365,1167,8,0
2014-12-03 06:00:00,1.20364,1.20382,1.20362,1.20368,1593,8,0
2014-12-03 08:00:00,1.20368,1.20405,1.20325,1.20333,2163,8,0
2014-12-03 10:00:00,1.20333,1.20366,1.20294,1.20311,4491,5,0
2014-12-03 12:00:00,1.20311,1.20319,1.20264,1.20313,2375,5,0
2014-12-03 14:00:00,1.20314,1.20323,1.20264,1.20285,2735,6,0
2014-12-03 16:00:00,1.20284,1.20349,1.20279,1.20316,3583,5,0
2014-12-03 18:00:00,1.20318,1.20339,1.20293,1.20321,2273,6,0
2014-12-03 20:00:00,1.2032,1.20363,1.20305,1.20361,1757,7,0
2014-12-03 22:00:00,1.20359,1.20375,1.20334,1.20334,1291,8,0
2014-12-04 00:00:00,1.20335,1.20367,1.20315,1.20343,1168,8,0
2014-12-04 02:00:00,1.20344,1.20361,1.20318,1.20329,1098,8,0
2014-12-04 04:00:00,1.20329,1.20349,1.20325,1.20326,747,8,0
2014-12-04 06:00:00,1.20326,1.20336,1.20323,1.20333,779,9,0
2014-12-04 08:00:00,1.20331,1.20372,1.20322,1.20372,2028,7,0
2014-12-04 10:00:00,1.20369,1.20395,1.2036,1.2036,2435,5,0
2014-12-04 12:00:00,1.2036,1.20365,1.20315,1.20326,2263,6,0
2014-12-04 14:00:00,1.20326,1.20387,1.20267,1.20286,4268,5,0
2014-12-04 16:00:00,1.20285,1.20328,1.20219,1.20226,5688,5,0
2014-12-04 18:00:00,1.20227,1.20297,1.20191,1.20263,3937,5,0
2014-12-04 20:00:00,1.20263,1.20283,1.20219,1.20226,1665,6,0
2014-12-04 22:00:00,1.20227,1.20253,1.20211,1.20213,1647,8,0
2014-12-05 00:00:00,1.20216,1.20259,1.20214,1.20231,1111,8,0
2014-12-05 02:00:00,1.20232,1.20251,1.20229,1.20251,1393,8,0
2014-12-05 04:00:00,1.20248,1.20253,1.20242,1.20246,933,8,0
2014-12-05 06:00:00,1.20246,1.20251,1.20235,1.20247,889,9,0
2014-12-05 08:00:00,1.20247,1.20247,1.20228,1.20243,1497,8,0
2014-12-05 10:00:00,1.20244,1.2025,1.20222,1.20229,2861,8,0
2014-12-05 12:00:00,1.20231,1.20233,1.20197,1.20211,2321,2,0
2014-12-05 14:00:00,1.20212,1.20289,1.20173,1.20264,4088,5,0
2014-12-05 16:00:00,1.20265,1.20294,1.20201,1.20219,4445,5,0
2014-12-05 18:00:00,1.20219,1.20249,1.20213,1.20232,2213,7,0
2014-12-05 20:00:00,1.20233,1.20237,1.20199,1.20216,1322,7,0
2014-12-05 22:00:00,1.20216,1.20228,1.20202,1.20223,855,8,0
2014-12-08 00:00:00,1.19939,1.20282,1.19939,1.20282,1854,5,1630500000
2014-12-08 02:00:00,1.20281,1.20289,1.20247,1.2025,2305,2,2135000000
2014-12-08 04:00:00,1.20252,1.20264,1.20241,1.20258,1792,4,2967500000
2014-12-08 06:00:00,1.20258,1.20262,1.20243,1.20256,1520,7,2089500000
2014-12-08 08:00:00,1.20255,1.2029,1.20244,1.2026,2621,2,4255800000
2014-12-08 10:00:00,1.2026,1.20296,1.20242,1.20247,4127,1,8323500000
2014-12-08 12:00:00,1.20247,1.20261,1.2024,1.2025,2895,2,6455500000
2014-12-08 14:00:00,1.2025,1.20256,1.2021,1.20212,3521,1,8034500000
2014-12-08 16:00:00,1.20213,1.20227,1.20201,1.20212,3969,2,7124900000
2014-12-08 18:00:00,1.20212,1.20227,1.2019,1.20207,2538,1,3484500000
2014-12-08 20:00:00,1.20208,1.20228,1.20194,1.20227,2265,2,2066200000
2014-12-08 22:00:00,1.20227,1.20228,1.20205,1.20205,1498,2,1766500000
2014-12-09 00:00:00,1.20186,1.20233,1.20186,1.20228,2216,6,2788000000
2014-12-09 02:00:00,1.20227,1.20231,1.20198,1.20201,2074,5,1539000000
2014-12-09 04:00:00,1.20202,1.20214,1.20186,1.2019,2152,5,2480000000
2014-12-09 06:00:00,1.20189,1.20205,1.20185,1.20199,2002,1,2089200000
2014-12-09 08:00:00,1.20197,1.20224,1.20191,1.202,3171,1,4264600000
2014-12-09 10:00:00,1.20198,1.20239,1.20183,1.20235,4559,1,7146900000
2014-12-09 12:00:00,1.20235,1.20243,1.20213,1.20225,3084,2,4862500000
2014-12-09 14:00:00,1.20226,1.20238,1.20186,1.20191,3964,1,6614900000
2014-12-09 16:00:00,1.20191,1.20202,1.20144,1.20194,7538,1,3320500000
2014-12-09 18:00:00,1.20195,1.20197,1.20139,1.20175,6158,18,0
2014-12-09 20:00:00,1.20175,1.20184,1.20149,1.20173,2911,18,0
2014-12-09 22:00:00,1.20172,1.20206,1.20164,1.20166,1667,27,0
2014-12-10 00:00:00,1.20168,1.20215,1.20153,1.20214,1893,30,0
2014-12-10 02:00:00,1.20215,1.20217,1.20179,1.20182,1687,32,0
2014-12-10 04:00:00,1.20181,1.20185,1.20158,1.2017,1278,32,0
2014-12-10 06:00:00,1.20171,1.20188,1.20156,1.2018,2425,18,0
2014-12-10 08:00:00,1.20176,1.20231,1.20174,1.20182,3265,18,0
2014-12-10 10:00:00,1.20183,1.20211,1.2017,1.20201,4437,2,6460700000
2014-12-10 12:00:00,1.20202,1.2023,1.20188,1.20212,2899,2,8162750000
2014-12-10 14:00:00,1.20213,1.20253,1.20203,1.20246,3484,1,7651500000
2014-12-10 16:00:00,1.20246,1.20299,1.20241,1.20299,5160,1,9096200000
2014-12-10 18:00:00,1.20301,1.20318,1.2026,1.20314,3116,1,5350000000
2014-12-10 20:00:00,1.20313,1.20351,1.20301,1.20337,2645,1,3494900000
2014-12-10 22:00:00,1.20335,1.20337,1.2028,1.2028,2236,1,2830500000
2014-12-11 00:00:00,1.2028,1.20363,1.20253,1.20322,1960,5,1797100000
2014-12-11 02:00:00,1.20321,1.20364,1.20288,1.20321,2506,1,2629500000
2014-12-11 04:00:00,1.20321,1.20345,1.20318,1.20334,1019,6,1704500000
2014-12-11 06:00:00,1.20334,1.20353,1.20323,1.20332,536,6,1443500000
2014-12-11 08:00:00,1.20334,1.20377,1.20275,1.20308,2876,1,4398000000
2014-12-11 10:00:00,1.20307,1.20362,1.20146,1.20154,5437,1,7652000000
2014-12-11 12:00:00,1.20157,1.20171,1.20137,1.20141,4390,1,7299100000
2014-12-11 14:00:00,1.20142,1.20148,1.2011,1.20117,4704,1,8645000000
2014-12-11 16:00:00,1.20119,1.20142,1.20108,1.20121,4704,1,7906500000
2014-12-11 18:00:00,1.2012,1.20152,1.20102,1.20143,2681,1,4064000000
2014-12-11 20:00:00,1.20143,1.20148,1.20109,1.20118,1731,2,1618000000
2014-12-11 22:00:00,1.20117,1.20123,1.201,1.20103,1289,1,1215500000
2014-12-12 00:00:00,1.20054,1.20136,1.20036,1.20119,1570,6,1756000000
2014-12-12 02:00:00,1.20119,1.20128,1.20109,1.20112,775,6,1297000000
2014-12-12 04:00:00,1.20113,1.20116,1.20105,1.20112,1211,6,1238500000
2014-12-12 06:00:00,1.20112,1.20119,1.20104,1.20111,1663,4,1547500000
2014-12-12 08:00:00,1.2011,1.20124,1.20106,1.20122,2116,2,3147500000
2014-12-12 10:00:00,1.20121,1.20122,1.20084,1.20087,3840,1,5884600000
2014-12-12 12:00:00,1.20089,1.20099,1.20085,1.20091,3092,1,3917000000
2014-12-12 14:00:00,1.20093,1.20101,1.2009,1.20092,3518,3,4906000000
2014-12-12 16:00:00,1.20092,1.20101,1.20087,1.20092,4665,1,5827225000
2014-12-12 18:00:00,1.20091,1.20106,1.2009,1.20098,2763,1,3405500000
2014-12-12 20:00:00,1.20098,1.20099,1.20071,1.20088,2133,5,8000000
2014-12-12 22:00:00,1.20087,1.20092,1.20067,1.20092,1249,27,0
2014-12-15 00:00:00,1.2006,1.20126,1.2006,1.2012,1934,6,1526000000
2014-12-15 02:00:00,1.20119,1.20128,1.20105,1.20109,2058,7,1609500000
2014-12-15 04:00:00,1.20108,1.20124,1.20107,1.20112,1651,7,1291500000
2014-12-15 06:00:00,1.20111,1.20118,1.201,1.20115,1531,5,1159000000
2014-12-15 08:00:00,1.20115,1.20119,1.20094,1.20108,2532,4,3422500000
2014-12-15 10:00:00,1.20109,1.20141,1.201,1.20103,3274,3,4847000000
2014-12-15 12:00:00,1.20102,1.20121,1.20097,1.20107,2768,1,5568400000
2014-12-15 14:00:00,1.20107,1.20122,1.20092,1.201,3437,1,6910500000
2014-12-15 16:00:00,1.201,1.20121,1.20079,1.20098,4302,1,8553000000
2014-12-15 18:00:00,1.20098,1.20116,1.20093,1.20101,3155,1,6225400000
2014-12-15 20:00:00,1.201,1.20109,1.20092,1.20099,1900,3,2666000000
2014-12-15 22:00:00,1.201,1.20101,1.20077,1.20078,705,3,1637500000
2014-12-16 00:00:00,1.20043,1.20109,1.20032,1.20104,1632,9,1494500000
2014-12-16 02:00:00,1.20104,1.20105,1.20085,1.20085,811,9,1488000000
2014-12-16 04:00:00,1.20086,1.20096,1.20083,1.20091,743,5,902000000
2014-12-16 06:00:00,1.20094,1.201,1.20087,1.2009,667,5,752000000
2014-12-16 08:00:00,1.20088,1.20097,1.20083,1.20084,1774,3,3757000000
2014-12-16 10:00:00,1.20085,1.20095,1.2008,1.20084,5005,1,11298700000
2014-12-16 12:00:00,1.20085,1.20106,1.20082,1.20084,4975,2,9973700000
2014-12-16 14:00:00,1.20084,1.20095,1.20068,1.20087,6208,2,7580500000
2014-12-16 16:00:00,1.20087,1.20093,1.20081,1.20087,5227,2,9386700000
2014-12-16 18:00:00,1.20085,1.20117,1.20083,1.2009,2363,2,3809600000
2014-12-16 20:00:00,1.2009,1.20099,1.20083,1.20092,1552,3,1975000000
2014-12-16 22:00:00,1.2009,1.20098,1.20067,1.20067,1510,3,1704500000
2014-12-17 00:00:00,1.20046,1.20091,1.19998,1.20083,908,10,667500000
2014-12-17 02:00:00,1.20082,1.20094,1.20081,1.20086,1597,6,1897500000
2014-12-17 04:00:00,1.20087,1.20094,1.20082,1.20087,2101,2,2010000000
2014-12-17 06:00:00,1.20088,1.20094,1.20083,1.20093,1396,8,1143500000
2014-12-17 08:00:00,1.20094,1.20101,1.20086,1.20101,2200,2,2658800000
2014-12-17 10:00:00,1.20101,1.20105,1.20077,1.20077,3687,1,7346500000
2014-12-17 12:00:00,1.20077,1.20098,1.20077,1.20088,3214,3,6812500000
2014-12-17 14:00:00,1.20091,1.201,1.20061,1.20083,2851,1,6257500000
2014-12-17 16:00:00,1.20083,1.20091,1.20079,1.20084,4095,1,9397200000
2014-12-17 18:00:00,1.20083,1.20098,1.20081,1.20086,2441,1,4148000000
2014-12-17 20:00:00,1.20085,1.20095,1.20059,1.20085,3505,1,5420800000
2014-12-17 22:00:00,1.20085,1.20094,1.20067,1.20067,1994,1,3371400000
2014-12-18 00:00:00,1.2004,1.20091,1.19891,1.20086,1500,7,1281500000
2014-12-18 02:00:00,1.20086,1.20094,1.20083,1.2009,926,8,750500000
2014-12-18 04:00:00,1.20088,1.20092,1.20081,1.20084,839,8,655500000
2014-12-18 06:00:00,1.20084,1.20091,1.20082,1.20089,483,7,1056500000
2014-12-18 08:00:00,1.20089,1.20964,1.20083,1.20641,6012,1,6378900000
2014-12-18 10:00:00,1.20639,1.20692,1.20333,1.20386,6800,1,7778660000
2014-12-18 12:00:00,1.20384,1.20449,1.20319,1.20418,4100,1,5828700000
2014-12-18 14:00:00,1.20418,1.2056,1.20406,1.20478,4992,1,6942500000
2014-12-18 16:00:00,1.20477,1.20498,1.20391,1.20404,5820,1,8636500000
2014-12-18 18:00:00,1.20403,1.20456,1.20366,1.20387,2926,1,4220000000
2014-12-18 20:00:00,1.20386,1.20406,1.2038,1.20394,1860,1,1284500000
2014-12-18 22:00:00,1.20394,1.20412,1.20364,1.20368,1621,1,2544500000
2014-12-19 00:00:00,1.20363,1.20422,1.20354,1.20414,2214,4,1697500000
2014-12-19 02:00:00,1.20414,1.20423,1.20366,1.20372,1939,7,1995500000
2014-12-19 04:00:00,1.20373,1.20473,1.20371,1.20473,1550,6,1750000000
2014-12-19 06:00:00,1.20472,1.20482,1.2044,1.20446,1897,8,1287800000
2014-12-19 08:00:00,1.20446,1.20446,1.20388,1.20443,2518,1,3159000000
2014-12-19 10:00:00,1.20444,1.20452,1.20341,1.20347,4598,1,5882900000
2014-12-19 12:00:00,1.20348,1.20406,1.20342,1.20392,4016,1,7229100000
2014-12-19 14:00:00,1.20392,1.20428,1.20304,1.2033,4078,1,7777000000
2014-12-19 16:00:00,1.2033,1.20395,1.20304,1.20304,4422,2,9261700000
2014-12-19 18:00:00,1.20301,1.20322,1.20252,1.20304,2927,2,6008100000
2014-12-19 20:00:00,1.20305,1.20332,1.20277,1.20314,1305,2,2409500000
2014-12-19 22:00:00,1.20314,1.20353,1.202,1.202,1177,1,1873000000
2014-12-22 00:00:00,1.20284,1.20345,1.20278,1.20345,6755,10,8232150000
2014-12-22 02:00:00,1.20344,1.20347,1.20284,1.20293,8707,7,10481300000
2014-12-22 04:00:00,1.20293,1.20314,1.20273,1.20294,7025,8,13440850000
2014-12-22 06:00:00,1.20294,1.20355,1.20289,1.20338,7454,12,12227250000
2014-12-22 08:00:00,1.20338,1.20382,1.2032,1.20366,8222,9,23024650000
2014-12-22 10:00:00,1.20366,1.20384,1.20289,1.20309,12082,8,31572950000
2014-12-22 12:00:00,1.20309,1.2034,1.20307,1.20333,8743,11,22742550000
2014-12-22 14:00:00,1.20333,1.20361,1.20304,1.20351,10407,7,28756007000
2014-12-22 16:00:00,1.20351,1.2036,1.20251,1.20253,11491,7,30291050000
2014-12-22 18:00:00,1.20253,1.2032,1.20245,1.20317,9952,9,22331100000
2014-12-22 20:00:00,1.20318,1.20339,1.20311,1.20329,7319,11,18938450000
2014-12-22 22:00:00,1.2033,1.20335,1.20281,1.20281,7284,10,20862900000
2014-12-23 00:00:00,1.20278,1.20333,1.20269,1.2032,6411,12,8573150000
2014-12-23 02:00:00,1.2032,1.2032,1.20304,1.20304,6274,13,13327500000
2014-12-23 04:00:00,1.20304,1.20316,1.2028,1.20298,6722,12,16359550000
2014-12-23 06:00:00,1.20298,1.2033,1.20295,1.20328,6176,13,13587150000
2014-12-23 08:00:00,1.20328,1.20349,1.20308,1.2034,7174,12,21383000000
2014-12-23 10:00:00,1.2034,1.20352,1.20275,1.20278,8181,2,21694300000
2014-12-23 12:00:00,1.20279,1.20291,1.20262,1.20268,2762,1,3754350000
2014-12-23 14:00:00,1.20268,1.2032,1.20244,1.20272,12229,5,31927050000
2014-12-23 16:00:00,1.20272,1.20282,1.20212,1.20218,13685,3,38482800000
2014-12-23 18:00:00,1.20217,1.20284,1.20214,1.20256,9288,8,26263650000
2014-12-23 20:00:00,1.20256,1.2029,1.20249,1.20249,6823,11,19882550000
2014-12-23 22:00:00,1.2025,1.2026,1.20219,1.20227,7516,9,17623750000
2014-12-24 00:00:00,1.20227,1.20248,1.20227,1.20235,6687,11,7870700000
2014-12-24 02:00:00,1.20235,1.20275,1.20234,1.20249,5874,13,13799550000
2014-12-24 04:00:00,1.20249,1.20253,1.20232,1.20237,5889,13,15078600000
2014-12-24 06:00:00,1.20237,1.20247,1.20224,1.20238,6669,10,12138150000
2014-12-24 08:00:00,1.20238,1.20247,1.20222,1.20223,7034,11,20766700000
2014-12-24 10:00:00,1.20224,1.20243,1.20224,1.20228,8009,13,21286300000
2014-12-24 12:00:00,1.20228,1.20244,1.20228,1.2024,7770,12,17223000000
2014-12-24 14:00:00,1.2024,1.20256,1.20223,1.20238,7477,10,22259100000
2014-12-24 16:00:00,1.20238,1.20242,1.20223,1.20238,6982,13,18703350000
2014-12-24 18:00:00,1.20238,1.20249,1.20222,1.20236,7131,9,21815600000
2014-12-26 08:00:00,1.20164,1.20222,1.20146,1.20211,2246,11,2371100000
2014-12-26 10:00:00,1.20211,1.20217,1.20195,1.20215,5314,9,12952850000
2014-12-26 12:00:00,1.20215,1.20229,1.20214,1.20216,6564,15,10252300000
2014-12-26 14:00:00,1.20216,1.20258,1.20215,1.20253,8751,14,12568350000
2014-12-26 16:00:00,1.20254,1.20283,1.20252,1.20257,7691,12,13377750000
2014-12-26 18:00:00,1.20257,1.2028,1.20254,1.20259,6404,12,11653100000
2014-12-26 20:00:00,1.20259,1.20274,1.20258,1.20263,7784,12,9795950000
2014-12-26 22:00:00,1.20263,1.20283,1.2026,1.20269,6308,13,7148700000
2014-12-29 00:00:00,1.20247,1.20272,1.20244,1.20264,6346,12,8237550000
2014-12-29 02:00:00,1.20263,1.20302,1.20254,1.20302,7888,10,6769200000
2014-12-29 04:00:00,1.20302,1.20305,1.20281,1.20282,6724,11,14031550000
2014-12-29 06:00:00,1.20282,1.20286,1.20257,1.20274,3114,9,4497968000
2014-12-29 08:00:00,1.20276,1.2031,1.20257,1.20281,1355,4,1525000000
2014-12-29 10:00:00,1.20282,1.2035,1.20274,1.2028,3069,1,5243450000
2014-12-29 12:00:00,1.2028,1.2029,1.20274,1.20283,2319,1,5219400000
2014-12-29 14:00:00,1.20283,1.20321,1.20272,1.20312,2188,1,5677000000
2014-12-29 16:00:00,1.20312,1.20313,1.2028,1.20301,1190,1,2647500000
2014-12-29 18:00:00,1.20301,1.20332,1.20293,1.20311,1358,1,2140500000
2014-12-29 20:00:00,1.20312,1.20325,1.20282,1.20304,895,1,1654000000
2014-12-29 22:00:00,1.20304,1.20307,1.20289,1.20289,311,2,828500000
2014-12-30 00:00:00,1.20251,1.20304,1.20251,1.20298,1112,3,1505000000
2014-12-30 02:00:00,1.20299,1.20312,1.20292,1.20293,980,8,1481000000
2014-12-30 04:00:00,1.20295,1.203,1.2028,1.20284,1211,8,2895500000
2014-12-30 06:00:00,1.20285,1.20295,1.20279,1.20284,1468,6,2692000000
2014-12-30 08:00:00,1.20284,1.20304,1.20262,1.20291,2279,2,3323500000
2014-12-30 10:00:00,1.20291,1.20301,1.20233,1.2028,3332,1,5954500000
2014-12-30 12:00:00,1.2028,1.20305,1.20271,1.20303,2849,1,4921900000
2014-12-30 14:00:00,1.20303,1.20304,1.20249,1.2026,2482,3,6157500000
2014-12-30 16:00:00,1.2026,1.203,1.20238,1.2024,2459,1,3212000000
2014-12-30 18:00:00,1.20241,1.20298,1.2024,1.20249,1614,1,1743000000
2014-12-30 20:00:00,1.20249,1.20249,1.20217,1.20239,1088,1,1469000000
2014-12-30 22:00:00,1.2024,1.20244,1.20215,1.20215,1241,3,2509000000
2014-12-31 00:00:00,1.20178,1.20232,1.20178,1.20229,1295,9,1791000000
2014-12-31 02:00:00,1.20228,1.20247,1.20225,1.20227,972,8,747500000
2014-12-31 04:00:00,1.20226,1.2025,1.20226,1.20249,1083,8,999500000
2014-12-31 06:00:00,1.20248,1.20273,1.20246,1.20255,1428,6,920000000
2014-12-31 08:00:00,1.20254,1.20273,1.20246,1.20269,1625,1,1797500000
2014-12-31 10:00:00,1.20267,1.20289,1.20243,1.20248,2263,2,3923000000
2014-12-31 12:00:00,1.20248,1.20263,1.20222,1.20231,2386,2,3785000000
2014-12-31 14:00:00,1.20232,1.20257,1.20221,1.20237,2322,1,3250000000
2014-12-31 16:00:00,1.20237,1.20306,1.20205,1.20231,1989,1,2996500000
2014-12-31 18:00:00,1.20236,1.20263,1.20213,1.20253,1369,3,3093000000
2015-01-19 00:00:00,0.99448,0.9977,0.99193,0.99206,3961,8,0
2015-01-19 02:00:00,0.99208,0.99743,0.99179,0.99503,3994,13,0
2015-01-19 04:00:00,0.99504,1.00215,0.99504,1.00201,4206,41,0
2015-01-19 06:00:00,1.00189,1.00418,0.99858,0.99881,6249,43,0
2015-01-19 08:00:00,0.9991,1.00563,0.98871,0.99946,11796,47,0
2015-01-19 10:00:00,0.99928,1.00773,0.99375,1.00562,7932,11,0
2015-01-19 12:00:00,1.00558,1.01029,1.00267,1.00923,6800,72,0
2015-01-19 14:00:00,1.00931,1.01429,1.00741,1.00991,6279,75,0
2015-01-19 16:00:00,1.00993,1.01924,1.00857,1.01713,5374,77,0
2015-01-19 18:00:00,1.01715,1.02102,1.01552,1.01895,3867,51,0
2015-01-19 20:00:00,1.01904,1.02087,1.01818,1.01997,1620,48,0
2015-01-19 22:00:00,1.01994,1.02087,1.01951,1.02038,1068,52,0
2015-01-20 00:00:00,1.02011,1.02102,1.01775,1.01971,1144,44,0
2015-01-20 02:00:00,1.01977,1.01991,1.01725,1.01767,1863,79,0
2015-01-20 04:00:00,1.0178,1.01934,1.01643,1.01873,1603,74,0
2015-01-20 06:00:00,1.0189,1.01908,1.0152,1.01599,2082,63,0
2015-01-20 08:00:00,1.0163,1.0221,1.01468,1.01655,4209,81,0
2015-01-20 10:00:00,1.0168,1.01876,1.01122,1.01471,5581,76,0
2015-01-20 12:00:00,1.01489,1.01639,1.00958,1.01066,4584,80,0
2015-01-20 14:00:00,1.0108,1.01329,1.00745,1.00829,4050,78,0
2015-01-20 16:00:00,1.00831,1.01514,1.00618,1.01508,5429,75,0
2015-01-20 18:00:00,1.01507,1.01583,1.00889,1.01163,4168,80,0
2015-01-20 20:00:00,1.0117,1.01392,1.00958,1.01365,2261,60,0
2015-01-20 22:00:00,1.01366,1.01469,1.00974,1.01069,1852,25,0
2015-01-21 00:00:00,1.01066,1.01138,1.00786,1.00893,1075,44,0
2015-01-21 02:00:00,1.00867,1.01024,1.00792,1.00911,1292,64,0
2015-01-21 04:00:00,1.00917,1.0097,1.00858,1.00912,920,51,0
2015-01-21 06:00:00,1.00913,1.00956,1.0086,1.00907,1066,46,0
2015-01-21 08:00:00,1.00929,1.01271,1.00789,1.01271,2900,39,0
2015-01-21 10:00:00,1.01279,1.01308,1.00006,1.00006,5864,74,0
2015-01-21 12:00:00,1.00038,1.00308,0.99845,1.00203,4616,74,0
2015-01-21 14:00:00,1.00218,1.00256,0.99692,0.99764,5283,73,0
2015-01-21 16:00:00,0.9976,1.00256,0.98437,0.99771,9419,74,0
2015-01-21 18:00:00,0.9977,1.00139,0.99512,0.99954,4977,74,0
2015-01-21 20:00:00,0.99952,0.99969,0.9944,0.99683,3333,74,0
2015-01-21 22:00:00,0.99685,0.99841,0.99368,0.99761,2824,44,0
2015-01-22 00:00:00,0.99804,0.99952,0.99679,0.9987,1709,44,0
2015-01-22 02:00:00,0.99877,0.99974,0.9984,0.99932,1476,34,0
2015-01-22 04:00:00,0.99934,1.0031,0.99868,1.00077,1543,52,0
2015-01-22 06:00:00,1.0008,1.0026,0.99524,0.99625,2571,83,0
2015-01-22 08:00:00,0.99643,0.99863,0.99034,0.99399,4105,83,0
2015-01-22 10:00:00,0.99405,0.99921,0.99205,0.99709,5915,83,0
2015-01-22 12:00:00,0.99714,0.99833,0.99241,0.99481,5181,80,0
2015-01-22 14:00:00,0.9948,0.99521,0.98675,0.99242,7672,153,0
2015-01-22 16:00:00,0.99305,0.99538,0.98361,0.9922,8379,29,0
2015-01-22 18:00:00,0.99219,0.99697,0.98797,0.9906,5506,74,0
2015-01-22 20:00:00,0.99064,0.9942,0.99043,0.99196,3650,51,0
2015-01-22 22:00:00,0.99197,0.99204,0.98878,0.98956,2928,76,0
2015-01-23 00:00:00,0.98938,0.9906,0.98637,0.98846,2395,103,0
2015-01-23 02:00:00,0.9887,0.99086,0.9861,0.98643,2481,86,0
2015-01-23 04:00:00,0.98646,0.98982,0.98625,0.98843,1902,52,0
2015-01-23 06:00:00,0.98862,0.98905,0.98634,0.98737,2972,84,0
2015-01-23 08:00:00,0.98753,0.98954,0.98614,0.98868,3760,76,0
2015-01-23 10:00:00,0.98869,0.98904,0.9789,0.97941,6412,76,0
2015-01-23 12:00:00,0.97943,0.98099,0.97776,0.978,4510,81,0
2015-01-23 14:00:00,0.97804,0.98242,0.9771,0.98131,7655,76,0
2015-01-23 16:00:00,0.98133,0.98792,0.97876,0.98707,8496,80,0
2015-01-23 18:00:00,0.98702,0.99076,0.98401,0.98757,6323,76,0
2015-01-23 20:00:00,0.98773,0.99047,0.98506,0.98628,4692,76,0
2015-01-23 22:00:00,0.98626,0.98773,0.98234,0.98237,2702,85,0
2015-01-26 00:00:00,0.98151,0.98235,0.97808,0.98098,2561,72,0
2015-01-26 02:00:00,0.98119,0.98334,0.97826,0.97887,3425,101,0
2015-01-26 04:00:00,0.97895,0.98344,0.97842,0.98195,3238,93,0
2015-01-26 06:00:00,0.98202,0.98343,0.98119,0.98303,2789,84,0
2015-01-26 08:00:00,0.98331,0.98722,0.98328,0.98493,4933,72,0
2015-01-26 10:00:00,0.98497,0.99789,0.98497,0.99585,7904,75,0
2015-01-26 12:00:00,0.99584,1.0023,0.99527,1.00009,4980,82,0
2015-01-26 14:00:00,1.00011,1.00462,0.99787,1.00426,4747,79,0
2015-01-26 16:00:00,1.00431,1.01079,1.00389,1.01019,6157,78,0
2015-01-26 18:00:00,1.01022,1.01574,1.01016,1.0125,5205,77,0
2015-01-26 20:00:00,1.01267,1.01625,1.01138,1.01357,3169,84,0
2015-01-26 22:00:00,1.01363,1.01653,1.01327,1.01456,2613,73,0
2015-01-27 00:00:00,1.01454,1.01455,1.01249,1.01325,1930,101,0
2015-01-27 02:00:00,1.0133,1.01462,1.01164,1.0133,2243,98,0
2015-01-27 04:00:00,1.01333,1.01516,1.01289,1.01312,2049,99,0
2015-01-27 06:00:00,1.01312,1.0164,1.01282,1.01449,2895,81,0
2015-01-27 08:00:00,1.01451,1.01614,1.01257,1.01518,3526,78,0
2015-01-27 10:00:00,1.01521,1.038,1.01472,1.02154,7459,3,2670299000
2015-01-27 12:00:00,1.02153,1.02219,1.00761,1.01583,9307,94,0
2015-01-27 14:00:00,1.01585,1.01936,1.01386,1.01665,9538,106,0
2015-01-27 16:00:00,1.01673,1.02884,1.01579,1.02855,10916,111,0
2015-01-27 18:00:00,1.02854,1.0293,1.02371,1.02621,8076,104,0
2015-01-27 20:00:00,1.02618,1.02816,1.0207,1.02115,4576,101,0
2015-01-27 22:00:00,1.02132,1.0272,1.0209,1.02709,3657,52,0
2015-01-28 00:00:00,1.02653,1.0272,1.02057,1.02165,1651,59,0
2015-01-28 02:00:00,1.02167,1.02597,1.02015,1.02181,3665,121,0
2015-01-28 04:00:00,1.02179,1.02666,1.02179,1.02639,4251,125,0
2015-01-28 06:00:00,1.0264,1.02763,1.02363,1.02696,2094,140,0
2015-01-28 08:00:00,1.02694,1.03134,1.02542,1.02866,6093,107,0
2015-01-28 10:00:00,1.02871,1.02871,1.02078,1.02379,6579,104,0
2015-01-28 12:00:00,1.02379,1.02447,1.0207,1.02426,6208,99,0
2015-01-28 14:00:00,1.02428,1.02601,1.02225,1.02404,5379,100,0
2015-01-28 16:00:00,1.02405,1.02651,1.02158,1.02557,7967,97,0
2015-01-28 18:00:00,1.02554,1.02842,1.02371,1.0279,5229,110,0
2015-01-28 20:00:00,1.0279,1.02797,1.01762,1.02345,7343,105,0
2015-01-28 22:00:00,1.02351,1.02375,1.02073,1.02104,6248,22,0
2015-01-29 00:00:00,1.02106,1.02316,1.01989,1.02298,1204,51,0
2015-01-29 02:00:00,1.02308,1.02735,1.02193,1.02576,2338,95,0
2015-01-29 04:00:00,1.02575,1.0279,1.02556,1.02684,1895,99,0
2015-01-29 06:00:00,1.0269,1.02691,1.02447,1.02653,2093,84,0
2015-01-29 08:00:00,1.02657,1.02781,1.02469,1.02777,4335,72,0
2015-01-29 10:00:00,1.02783,1.03457,1.02346,1.03203,5287,34,11000000
2015-01-29 12:00:00,1.0323,1.04441,1.0312,1.03641,5815,65,0
2015-01-29 14:00:00,1.03663,1.04066,1.03564,1.03814,5078,80,0
2015-01-29 16:00:00,1.03818,1.04461,1.03806,1.04093,6758,80,0
2015-01-29 18:00:00,1.04081,1.0447,1.04053,1.044,5698,75,0
2015-01-29 20:00:00,1.04406,1.0461,1.04271,1.04604,3178,84,0
2015-01-29 22:00:00,1.04608,1.04609,1.04472,1.04472,2415,45,0
2015-01-30 00:00:00,1.04456,1.04564,1.04394,1.04497,1290,82,0
2015-01-30 02:00:00,1.04498,1.04574,1.04295,1.04544,1653,92,0
2015-01-30 04:00:00,1.04551,1.04561,1.0423,1.04258,1950,86,0
2015-01-30 06:00:00,1.04257,1.04505,1.04199,1.0436,1921,84,0
2015-01-30 08:00:00,1.04367,1.05193,1.0419,1.05143,3201,81,0
2015-01-30 10:00:00,1.05151,1.05186,1.04035,1.04661,6328,77,0
2015-01-30 12:00:00,1.04634,1.04911,1.04249,1.0485,5732,80,0
2015-01-30 14:00:00,1.0486,1.04992,1.04337,1.04579,5664,82,0
2015-01-30 16:00:00,1.04581,1.05007,1.03749,1.03768,6620,79,0
2015-01-30 18:00:00,1.03762,1.04238,1.0369,1.03734,5768,79,0
2015-01-30 20:00:00,1.03746,1.04406,1.03508,1.03514,3595,82,0
2015-01-30 22:00:00,1.03529,1.03908,1.03523,1.03908,2617,69,0
2015-02-02 00:00:00,1.04799,1.04816,1.0397,1.04109,4886,64,0
2015-02-02 02:00:00,1.04105,1.04705,1.03971,1.04622,5127,130,0
2015-02-02 04:00:00,1.04623,1.04745,1.0454,1.04618,3819,134,0
2015-02-02 06:00:00,1.04618,1.04748,1.04531,1.04702,3320,127,0
2015-02-02 08:00:00,1.04698,1.05184,1.0449,1.05124,5514,116,0
2015-02-02 10:00:00,1.05118,1.05825,1.05107,1.05515,9248,117,0
2015-02-02 12:00:00,1.05515,1.05698,1.05273,1.05559,7940,109,0
2015-02-02 14:00:00,1.05565,1.05566,1.05056,1.05221,7927,109,0
2015-02-02 16:00:00,1.05212,1.05414,1.04815,1.04826,11473,101,0
2015-02-02 18:00:00,1.04825,1.05229,1.04591,1.05123,7675,116,0
2015-02-02 20:00:00,1.05125,1.05284,1.04831,1.05224,6048,117,0
2015-02-02 22:00:00,1.05222,1.05362,1.04971,1.05163,6461,54,0
2015-02-03 00:00:00,1.05164,1.05204,1.05034,1.05047,2971,69,0
2015-02-03 02:00:00,1.05052,1.05279,1.05043,1.0525,6845,142,0
2015-02-03 04:00:00,1.0525,1.0538,1.051,1.05147,6628,130,0
2015-02-03 06:00:00,1.05147,1.05165,1.04564,1.051,6697,126,0
2015-02-03 08:00:00,1.05101,1.05276,1.0484,1.04915,7329,116,0
2015-02-03 10:00:00,1.04914,1.05132,1.04797,1.04853,8921,116,0
2015-02-03 12:00:00,1.04851,1.05166,1.04842,1.0512,7569,109,0
2015-02-03 14:00:00,1.0512,1.05582,1.04998,1.05465,10288,106,0
2015-02-03 16:00:00,1.05468,1.05856,1.05276,1.05642,9998,113,0
2015-02-03 18:00:00,1.05647,1.05847,1.05579,1.05791,8512,101,0
2015-02-03 20:00:00,1.05792,1.05986,1.05715,1.0593,8329,112,0
2015-02-03 22:00:00,1.05931,1.06149,1.05847,1.06032,4380,54,0
2015-02-04 00:00:00,1.06002,1.06041,1.05875,1.05907,3790,71,0
2015-02-04 02:00:00,1.05907,1.0614,1.05882,1.05968,1126,62,0
2015-02-04 04:00:00,1.05966,1.06171,1.05772,1.06103,754,53,0
2015-02-04 06:00:00,1.06095,1.06219,1.06078,1.06195,686,62,0
2015-02-04 08:00:00,1.062,1.06205,1.05761,1.05836,7358,86,0
2015-02-04 10:00:00,1.05836,1.06078,1.05695,1.05877,8862,114,0
2015-02-04 12:00:00,1.05877,1.06114,1.05813,1.06028,8667,112,0
2015-02-04 14:00:00,1.06028,1.06085,1.05771,1.05841,7840,111,0
2015-02-04 16:00:00,1.05842,1.05856,1.05327,1.0565,10603,111,0
2015-02-04 18:00:00,1.05651,1.05783,1.05195,1.05267,7330,111,0
2015-02-04 20:00:00,1.05266,1.05439,1.05071,1.05431,5381,113,0
2015-02-04 22:00:00,1.05431,1.05574,1.04746,1.05035,8371,47,0
2015-02-05 00:00:00,1.05033,1.05051,1.04647,1.04735,6910,54,0
2015-02-05 02:00:00,1.04736,1.04785,1.04706,1.04729,9219,121,0
2015-02-05 04:00:00,1.04729,1.04778,1.04649,1.04735,8787,125,0
2015-02-05 06:00:00,1.04736,1.04767,1.0467,1.04716,6050,124,0
2015-02-05 08:00:00,1.04714,1.05203,1.04658,1.04924,8585,113,0
2015-02-05 10:00:00,1.04923,1.05535,1.04866,1.05511,9048,113,0
2015-02-05 12:00:00,1.05513,1.06358,1.05354,1.05952,11258,110,0
2015-02-05 14:00:00,1.05954,1.06176,1.05641,1.05777,9790,117,0
2015-02-05 16:00:00,1.05775,1.05889,1.05452,1.05671,9404,111,0
2015-02-05 18:00:00,1.0567,1.059,1.05447,1.05604,6877,111,0
2015-02-05 20:00:00,1.05605,1.05984,1.05596,1.05798,6964,115,0
2015-02-05 22:00:00,1.05798,1.05877,1.05626,1.05643,4940,46,0
2015-02-06 00:00:00,1.05632,1.05733,1.05559,1.05709,5149,49,0
2015-02-06 02:00:00,1.05709,1.05834,1.05701,1.05752,6105,124,0
2015-02-06 04:00:00,1.05755,1.05903,1.057,1.05778,6889,129,0
2015-02-06 06:00:00,1.05778,1.05829,1.05628,1.05794,8359,120,0
2015-02-06 08:00:00,1.05794,1.05879,1.05644,1.05656,6983,110,0
2015-02-06 10:00:00,1.05656,1.0572,1.05202,1.05388,9570,113,0
2015-02-06 12:00:00,1.05389,1.05631,1.05288,1.05469,7963,101,0
2015-02-06 14:00:00,1.05474,1.05522,1.04956,1.05285,10616,101,0
2015-02-06 16:00:00,1.05284,1.05331,1.04872,1.04877,13507,101,0
2015-02-06 18:00:00,1.04876,1.0505,1.04515,1.0464,8261,117,0
2015-02-06 20:00:00,1.04646,1.04975,1.04611,1.04809,7146,112,0
2015-02-06 22:00:00,1.04813,1.04897,1.04575,1.04727,6650,113,0
2015-02-09 00:00:00,1.04621,1.04747,1.04553,1.04729,7633,52,0
2015-02-09 02:00:00,1.04725,1.04747,1.046,1.04727,6400,129,0
2015-02-09 04:00:00,1.04723,1.04767,1.04717,1.04744,3065,101,0
2015-02-09 06:00:00,1.04745,1.04779,1.04702,1.04768,2928,119,0
2015-02-09 08:00:00,1.04769,1.05264,1.04756,1.05026,5655,113,0
2015-02-09 10:00:00,1.05025,1.05123,1.04634,1.04694,8624,108,0
2015-02-09 12:00:00,1.04697,1.05028,1.04587,1.04739,8857,111,0
2015-02-09 14:00:00,1.04739,1.04772,1.0408,1.04152,8566,110,0
2015-02-09 16:00:00,1.0415,1.04804,1.04111,1.048,9308,105,0
2015-02-09 18:00:00,1.04799,1.04842,1.04505,1.04516,6711,109,0
2015-02-09 20:00:00,1.04515,1.04606,1.04162,1.04363,6125,105,0
2015-02-09 22:00:00,1.04364,1.04673,1.04355,1.04539,4453,37,0
2015-02-10 00:00:00,1.04538,1.04745,1.04487,1.04669,4142,33,0
2015-02-10 02:00:00,1.04668,1.04734,1.04604,1.04663,4545,127,0
2015-02-10 04:00:00,1.04666,1.04745,1.04589,1.04589,5134,135,0
2015-02-10 06:00:00,1.04589,1.04647,1.04477,1.04585,4074,123,0
2015-02-10 08:00:00,1.04585,1.04638,1.04276,1.04482,5448,101,0
2015-02-10 10:00:00,1.04482,1.04692,1.04393,1.04463,8760,116,0
2015-02-10 12:00:00,1.04461,1.04585,1.04283,1.04332,9138,116,0
2015-02-10 14:00:00,1.04332,1.04803,1.04292,1.04421,10805,112,0
2015-02-10 16:00:00,1.04422,1.04772,1.04421,1.04765,9582,109,0
2015-02-10 18:00:00,1.04769,1.04875,1.04617,1.04801,7478,111,0
2015-02-10 20:00:00,1.04802,1.04896,1.04681,1.04733,5964,112,0
2015-02-10 22:00:00,1.04734,1.04864,1.04719,1.04834,5712,38,0
2015-02-11 00:00:00,1.0483,1.04874,1.04748,1.04813,4694,9,0
2015-02-11 02:00:00,1.0481,1.04882,1.04796,1.04835,5922,126,0
2015-02-11 04:00:00,1.04836,1.04901,1.04794,1.04818,4269,118,0
2015-02-11 06:00:00,1.04819,1.04887,1.04805,1.04838,3888,128,0
2015-02-11 08:00:00,1.04838,1.04922,1.04721,1.0489,5465,118,0
2015-02-11 10:00:00,1.0489,1.04981,1.04352,1.04747,9699,114,0
2015-02-11 12:00:00,1.04746,1.0499,1.04584,1.04642,8341,115,0
2015-02-11 14:00:00,1.04644,1.04791,1.04511,1.04719,8267,113,0
2015-02-11 16:00:00,1.04719,1.04879,1.0462,1.04667,6307,102,0
2015-02-11 18:00:00,1.04679,1.0495,1.04619,1.04864,4247,102,0
2015-02-11 20:00:00,1.04866,1.04982,1.04727,1.04777,3610,103,0
2015-02-11 22:00:00,1.04778,1.05256,1.0477,1.05165,3792,55,0
2015-02-12 00:00:00,1.05161,1.0522,1.04874,1.04963,4269,56,0
2015-02-12 02:00:00,1.04964,1.05057,1.04897,1.0499,3337,117,0
2015-02-12 04:00:00,1.0499,1.05124,1.04908,1.05121,3819,103,0
2015-02-12 06:00:00,1.0512,1.05121,1.05003,1.0506,3568,117,0
2015-02-12 08:00:00,1.05058,1.0515,1.04823,1.0499,7080,111,0
2015-02-12 10:00:00,1.04991,1.05459,1.04894,1.05424,11108,113,0
2015-02-12 12:00:00,1.05423,1.05563,1.05309,1.05536,9051,112,0
2015-02-12 14:00:00,1.05535,1.05778,1.05432,1.05638,9437,112,0
2015-02-12 16:00:00,1.05636,1.05916,1.05402,1.05499,11169,109,0
2015-02-12 18:00:00,1.055,1.05861,1.05413,1.05845,9220,112,0
2015-02-12 20:00:00,1.05844,1.06225,1.05842,1.06223,6015,109,0
2015-02-12 22:00:00,1.06271,1.06322,1.06022,1.06092,4641,46,0
2015-02-13 00:00:00,1.06092,1.06128,1.05992,1.06027,4743,18,0
2015-02-13 02:00:00,1.06027,1.06048,1.05719,1.05743,5875,120,0
2015-02-13 04:00:00,1.05735,1.05887,1.05716,1.05878,5872,119,0
2015-02-13 06:00:00,1.05878,1.06113,1.0584,1.06084,8199,125,0
2015-02-13 08:00:00,1.06085,1.06145,1.05879,1.06098,7282,102,0
2015-02-13 10:00:00,1.06097,1.06108,1.05904,1.06037,8393,109,0
2015-02-13 12:00:00,1.06036,1.06082,1.05904,1.05973,2358,87,0
2015-02-13 14:00:00,1.05974,1.06046,1.05692,1.06008,4571,94,0
2015-02-13 16:00:00,1.06008,1.06268,1.0583,1.06003,6385,86,0
2015-02-13 18:00:00,1.06001,1.06329,1.05996,1.0615,3931,95,0
2015-02-13 20:00:00,1.0615,1.0629,1.06106,1.06207,3234,89,0
2015-02-13 22:00:00,1.06207,1.06252,1.06103,1.06181,2684,57,0
2015-02-16 00:00:00,1.06127,1.06251,1.06103,1.06112,3973,44,0
2015-02-16 02:00:00,1.06128,1.06249,1.05942,1.05957,7260,119,0
2015-02-16 04:00:00,1.05957,1.06038,1.05941,1.06025,5215,113,0
2015-02-16 06:00:00,1.06026,1.06115,1.0595,1.0597,6003,129,0
2015-02-16 08:00:00,1.05973,1.06146,1.05949,1.06075,6186,111,0
2015-02-16 10:00:00,1.06074,1.06403,1.0606,1.06134,7811,110,0
2015-02-16 12:00:00,1.06133,1.06357,1.06058,1.06244,7385,108,0
2015-02-16 14:00:00,1.06244,1.06276,1.06017,1.06178,6623,104,0
2015-02-16 16:00:00,1.06174,1.06247,1.05928,1.05947,5883,110,0
2015-02-16 18:00:00,1.05944,1.06083,1.05601,1.05706,8253,113,0
2015-02-16 20:00:00,1.05707,1.05797,1.05445,1.05709,6529,114,0
2015-02-16 22:00:00,1.05709,1.05798,1.05618,1.0575,4442,71,0
2015-02-17 00:00:00,1.05749,1.05791,1.05569,1.05721,4271,94,0
2015-02-17 02:00:00,1.05704,1.05752,1.05517,1.0556,6599,115,0
2015-02-17 04:00:00,1.05563,1.05843,1.05562,1.05824,5247,118,0
2015-02-17 06:00:00,1.05824,1.05952,1.05773,1.05826,4367,117,0
2015-02-17 08:00:00,1.05829,1.06103,1.05669,1.05861,6765,116,0
2015-02-17 10:00:00,1.0586,1.06178,1.05854,1.06113,6136,113,0
2015-02-17 18:00:00,1.0654,1.06672,1.06484,1.06613,2002,74,0
2015-02-17 20:00:00,1.06621,1.06882,1.06607,1.06866,4618,78,0
2015-02-17 22:00:00,1.06863,1.06915,1.06832,1.06891,2476,48,0
2015-02-18 00:00:00,1.06891,1.06932,1.06697,1.06736,4723,44,0
2015-02-18 02:00:00,1.0674,1.06742,1.06624,1.06635,7879,88,0
2015-02-18 04:00:00,1.06637,1.0675,1.0625,1.0669,8054,84,0
2015-02-18 06:00:00,1.06697,1.06755,1.06571,1.06747,6648,84,0
2015-02-18 08:00:00,1.06772,1.06915,1.06574,1.06878,5956,79,0
2015-02-18 10:00:00,1.06885,1.06979,1.0674,1.06923,6379,75,0
2015-02-18 12:00:00,1.06942,1.06962,1.06738,1.0682,5714,74,0
2015-02-18 14:00:00,1.06823,1.0714,1.06818,1.07088,6042,70,0
2015-02-18 16:00:00,1.07096,1.07215,1.06959,1.07116,7749,73,0
2015-02-18 18:00:00,1.07114,1.0726,1.0702,1.07081,7695,71,0
2015-02-18 20:00:00,1.07089,1.07357,1.06993,1.0731,9447,68,0
2015-02-18 22:00:00,1.0733,1.07369,1.07291,1.07353,4870,53,0
2015-02-19 00:00:00,1.07354,1.07386,1.07285,1.07347,4052,57,0
2015-02-19 02:00:00,1.07348,1.07428,1.07321,1.07418,3911,78,0
2015-02-19 04:00:00,1.07418,1.07457,1.07394,1.07447,4232,78,0
2015-02-19 06:00:00,1.07445,1.07464,1.07411,1.07449,3083,64,0
2015-02-19 08:00:00,1.07452,1.07662,1.07423,1.07532,5235,64,0
2015-02-19 10:00:00,1.07537,1.07652,1.07274,1.07551,11648,68,0
2015-02-19 12:00:00,1.07552,1.07954,1.07512,1.07885,10589,67,0
2015-02-19 14:00:00,1.07887,1.07984,1.07666,1.07743,11914,67,0
2015-02-19 16:00:00,1.07744,1.07883,1.07574,1.07865,10992,64,0
2015-02-19 18:00:00,1.07866,1.07972,1.07727,1.07858,7850,65,0
2015-02-19 20:00:00,1.07854,1.07942,1.07757,1.07899,4766,67,0
2015-02-19 22:00:00,1.07902,1.07923,1.07841,1.07909,4240,56,0
2015-02-20 00:00:00,1.07904,1.07924,1.07839,1.07866,1419,35,0
2015-02-20 02:00:00,1.07867,1.07867,1.07676,1.07795,3374,99,0
2015-02-20 04:00:00,1.07799,1.07886,1.07786,1.07835,2252,87,0
2015-02-20 06:00:00,1.07846,1.07917,1.07801,1.07911,2421,82,0
2015-02-20 08:00:00,1.07919,1.08073,1.07884,1.07946,4943,74,0
2015-02-20 10:00:00,1.07952,1.07967,1.07695,1.07739,10784,71,0
2015-02-20 12:00:00,1.07736,1.07889,1.07616,1.0776,16079,69,0
2015-02-20 14:00:00,1.07746,1.0779,1.06619,1.06983,23914,68,0
2015-02-20 16:00:00,1.06989,1.07328,1.06686,1.0728,15086,68,0
2015-02-20 18:00:00,1.07288,1.07373,1.0675,1.07055,12280,64,0
2015-02-20 20:00:00,1.07051,1.07385,1.07051,1.07359,9748,74,0
2015-02-20 22:00:00,1.07359,1.07473,1.06625,1.06686,6737,76,0
2015-02-23 00:00:00,1.07153,1.07182,1.06792,1.06997,13744,53,0
2015-02-23 02:00:00,1.06998,1.07033,1.06822,1.07004,14918,94,0
2015-02-23 04:00:00,1.07025,1.07434,1.06995,1.07334,15233,78,0
2015-02-23 06:00:00,1.07334,1.07355,1.07285,1.07323,15486,78,0
2015-02-23 08:00:00,1.07306,1.07581,1.07246,1.07578,10591,74,0
2015-02-23 10:00:00,1.07586,1.07654,1.07054,1.07523,19498,69,0
2015-02-23 12:00:00,1.07524,1.07537,1.07231,1.0735,18923,64,0
2015-02-23 14:00:00,1.07369,1.07439,1.07202,1.07249,17170,70,0
2015-02-23 16:00:00,1.07231,1.07572,1.071,1.07544,17197,69,0
2015-02-23 18:00:00,1.07562,1.07854,1.07537,1.0784,14381,66,0
2015-02-23 20:00:00,1.07823,1.07882,1.07657,1.07706,10738,69,0
2015-02-23 22:00:00,1.07707,1.07733,1.07556,1.07625,7143,28,0
2015-02-24 00:00:00,1.07616,1.07752,1.0756,1.07734,12374,25,0
2015-02-24 02:00:00,1.07755,1.07807,1.07642,1.07746,16637,78,0
2015-02-24 04:00:00,1.0776,1.07828,1.0752,1.07563,18154,83,0
2015-02-24 06:00:00,1.07583,1.07674,1.07561,1.07598,15309,78,0
2015-02-24 08:00:00,1.07604,1.0766,1.0747,1.07532,11635,64,0
2015-02-24 10:00:00,1.0753,1.07708,1.07257,1.07276,15460,67,0
2015-02-24 12:00:00,1.07282,1.07523,1.07205,1.0744,14944,64,0
2015-02-24 14:00:00,1.07455,1.07613,1.07349,1.0749,13906,64,0
2015-02-24 16:00:00,1.07496,1.07711,1.07306,1.07557,20782,64,0
2015-02-24 18:00:00,1.07536,1.07794,1.07384,1.0753,15345,65,0
2015-02-24 20:00:00,1.07548,1.077,1.07514,1.07691,7457,70,0
2015-02-24 22:00:00,1.07691,1.07836,1.07621,1.07759,7223,32,0
2015-02-25 00:00:00,1.07759,1.07807,1.07608,1.07695,9104,46,0
2015-02-25 02:00:00,1.07696,1.07791,1.0759,1.0777,15725,83,0
2015-02-25 04:00:00,1.07791,1.07792,1.07696,1.07744,11551,78,0
2015-02-25 06:00:00,1.07748,1.07833,1.07716,1.0776,9234,74,0
2015-02-25 08:00:00,1.0777,1.07812,1.07587,1.07683,12534,67,0
2015-02-25 10:00:00,1.07687,1.0796,1.07608,1.07735,15873,64,0
2015-02-25 12:00:00,1.07759,1.07793,1.07599,1.07716,15492,64,0
2015-02-25 14:00:00,1.07735,1.07772,1.0757,1.07626,14639,65,0
2015-02-25 16:00:00,1.07631,1.07803,1.07509,1.07769,15954,64,0
2015-02-25 18:00:00,1.07751,1.07901,1.07639,1.07689,10221,65,0
2015-02-25 20:00:00,1.07709,1.0777,1.07556,1.0758,7899,66,0
2015-02-25 22:00:00,1.07581,1.07756,1.07531,1.07725,6739,28,0
2015-02-26 00:00:00,1.07724,1.07833,1.07641,1.0778,8180,35,0
2015-02-26 02:00:00,1.07786,1.07893,1.07749,1.07841,13684,78,0
2015-02-26 04:00:00,1.07859,1.07922,1.07801,1.0787,9515,78,0
2015-02-26 06:00:00,1.07849,1.07925,1.07825,1.07825,5788,78,0
2015-02-26 08:00:00,1.0785,1.07873,1.07598,1.07695,9796,67,0
2015-02-26 10:00:00,1.07678,1.07753,1.07264,1.07451,17346,66,0
2015-02-26 12:00:00,1.07478,1.07547,1.0727,1.07423,13195,64,0
2015-02-26 14:00:00,1.07427,1.0762,1.0716,1.07229,21309,66,0
2015-02-26 16:00:00,1.07213,1.0725,1.06817,1.06852,24217,68,0
2015-02-26 18:00:00,1.06871,1.06975,1.06731,1.06766,14330,64,0
2015-02-26 20:00:00,1.06792,1.068,1.06621,1.06729,8769,64,0
2015-02-26 22:00:00,1.06729,1.06772,1.06592,1.06642,7063,29,0
2015-02-27 00:00:00,1.06641,1.06769,1.06541,1.0667,11858,41,0
2015-02-27 02:00:00,1.06691,1.06885,1.0667,1.06717,16702,78,0
2015-02-27 04:00:00,1.067,1.06755,1.06462,1.06568,12716,78,0
2015-02-27 06:00:00,1.06568,1.06776,1.06403,1.06434,14215,67,0
2015-02-27 08:00:00,1.06436,1.06516,1.06239,1.0626,13823,64,0
2015-02-27 10:00:00,1.06287,1.06655,1.0625,1.06571,19164,68,0
2015-02-27 12:00:00,1.06554,1.06695,1.06304,1.06487,17728,64,0
2015-02-27 14:00:00,1.06485,1.06559,1.06168,1.06458,20252,66,0
2015-02-27 16:00:00,1.06461,1.06489,1.06057,1.06292,21859,68,0
2015-02-27 18:00:00,1.06305,1.06647,1.06123,1.06628,16091,71,0
2015-02-27 20:00:00,1.06632,1.06821,1.06356,1.06802,11204,70,0
2015-02-27 22:00:00,1.06805,1.06807,1.06566,1.06741,8321,45,0
2015-03-02 00:00:00,1.06625,1.06671,1.0644,1.06466,11197,85,0
2015-03-02 02:00:00,1.06475,1.0669,1.06449,1.06664,8395,78,0
2015-03-02 04:00:00,1.06687,1.06798,1.06628,1.06686,7160,78,0
2015-03-02 06:00:00,1.06687,1.06784,1.06653,1.06749,5199,67,0
2015-03-02 08:00:00,1.0673,1.06799,1.06563,1.06751,10127,68,0
2015-03-02 10:00:00,1.06748,1.07253,1.06637,1.07182,16791,65,0
2015-03-02 12:00:00,1.07207,1.07394,1.07156,1.07295,12732,64,0
2015-03-02 14:00:00,1.07295,1.07429,1.07085,1.07225,13569,65,0
2015-03-02 16:00:00,1.07248,1.0738,1.07013,1.07022,16260,64,0
2015-03-02 18:00:00,1.07043,1.07186,1.06721,1.07148,13144,64,0
2015-03-02 20:00:00,1.07148,1.07322,1.0712,1.07309,8805,67,0
2015-03-02 22:00:00,1.07295,1.07316,1.0709,1.0712,7452,29,0
2015-03-03 00:00:00,1.07127,1.07142,1.06979,1.07093,10015,21,0
2015-03-03 02:00:00,1.07112,1.07123,1.06942,1.06949,6852,78,0
2015-03-03 04:00:00,1.06946,1.07076,1.06939,1.06967,7941,78,0
2015-03-03 06:00:00,1.0698,1.07152,1.06946,1.07114,8014,66,0
2015-03-03 08:00:00,1.07115,1.07363,1.07042,1.07348,11613,64,0
2015-03-03 10:00:00,1.07333,1.07534,1.07217,1.07228,16868,64,0
2015-03-03 12:00:00,1.07247,1.07366,1.07114,1.0718,13766,64,0
2015-03-03 14:00:00,1.07198,1.07356,1.07073,1.0726,18343,64,0
2015-03-03 16:00:00,1.07244,1.07382,1.07169,1.07321,17366,64,0
2015-03-03 18:00:00,1.07301,1.07571,1.07244,1.07559,15072,64,0
2015-03-03 20:00:00,1.07563,1.07565,1.07362,1.0738,8186,70,0
2015-03-03 22:00:00,1.07381,1.07426,1.0735,1.07395,6332,28,0
2015-03-04 00:00:00,1.07398,1.07437,1.07342,1.07388,9665,39,0
2015-03-04 02:00:00,1.07409,1.0742,1.07274,1.07285,12515,78,0
2015-03-04 04:00:00,1.07307,1.07386,1.07278,1.07333,10281,78,0
2015-03-04 06:00:00,1.07315,1.07468,1.0728,1.07393,9823,66,0
2015-03-04 08:00:00,1.07376,1.07475,1.0722,1.07287,12637,64,0
2015-03-04 10:00:00,1.0731,1.0739,1.06966,1.07132,20558,64,0
2015-03-04 12:00:00,1.07128,1.07213,1.06895,1.07053,15917,64,0
2015-03-04 14:00:00,1.07072,1.07195,1.06845,1.06911,17063,64,0
2015-03-04 16:00:00,1.06908,1.07194,1.06243,1.06405,24537,64,0
2015-03-04 18:00:00,1.06426,1.06879,1.06407,1.06658,15206,64,0
2015-03-04 20:00:00,1.06672,1.06679,1.0653,1.06625,9353,70,0
2015-03-04 22:00:00,1.06607,1.06764,1.06551,1.06683,7427,32,0
2015-03-05 00:00:00,1.0668,1.0682,1.06621,1.06701,13128,26,0
2015-03-05 02:00:00,1.06717,1.06803,1.06646,1.06754,6815,78,0
2015-03-05 04:00:00,1.06772,1.06922,1.06747,1.06752,6293,78,0
2015-03-05 06:00:00,1.06769,1.06789,1.0662,1.06625,6003,72,0
2015-03-05 08:00:00,1.06647,1.0687,1.0646,1.06726,16227,66,0
2015-03-05 10:00:00,1.06727,1.07055,1.06695,1.06865,16461,64,0
2015-03-05 12:00:00,1.06868,1.07054,1.06823,1.07005,14244,64,0
2015-03-05 14:00:00,1.07002,1.07208,1.06779,1.06779,22003,66,0
2015-03-05 16:00:00,1.06792,1.07153,1.06621,1.07151,24194,66,0
2015-03-05 18:00:00,1.07136,1.07328,1.06936,1.0723,18033,64,0
2015-03-05 20:00:00,1.0723,1.07444,1.07203,1.0744,9995,69,0
2015-03-05 22:00:00,1.07419,1.07457,1.07351,1.07411,6799,26,0
2015-03-06 00:00:00,1.07409,1.07419,1.07305,1.07396,6451,33,0
2015-03-06 02:00:00,1.07396,1.074,1.07174,1.07191,13630,78,0
2015-03-06 04:00:00,1.07191,1.07267,1.07173,1.07227,7006,78,0
2015-03-06 06:00:00,1.07228,1.07298,1.07208,1.07284,5535,69,0
2015-03-06 08:00:00,1.0729,1.07322,1.07077,1.07237,9553,64,0
2015-03-06 10:00:00,1.07225,1.07509,1.07048,1.07049,20149,67,0
2015-03-06 12:00:00,1.0705,1.07137,1.06851,1.06889,18890,64,0
2015-03-06 14:00:00,1.06904,1.07079,1.06328,1.06773,19542,65,0
2015-03-06 16:00:00,1.0677,1.07033,1.06613,1.06773,12318,101,0
2015-03-06 18:00:00,1.06772,1.06951,1.06559,1.06635,8178,103,0
2015-03-06 20:00:00,1.06635,1.069,1.06619,1.06866,5509,103,0
2015-03-06 22:00:00,1.06864,1.06974,1.06779,1.06849,4601,32,0
2015-03-09 00:00:00,1.06855,1.06891,1.06651,1.06718,3990,41,0
2015-03-09 02:00:00,1.06718,1.06951,1.06702,1.0683,2645,105,0
2015-03-09 04:00:00,1.06829,1.06915,1.06751,1.06897,1877,104,0
2015-03-09 06:00:00,1.06897,1.0692,1.06806,1.06906,1852,103,0
2015-03-09 08:00:00,1.06906,1.07034,1.06758,1.06883,3758,101,0
2015-03-09 10:00:00,1.06882,1.07136,1.06876,1.07018,6797,105,0
2015-03-09 12:00:00,1.07018,1.07118,1.06854,1.06918,5633,109,0
2015-03-09 14:00:00,1.06919,1.07009,1.06823,1.06917,5632,101,0
2015-03-09 16:00:00,1.06916,1.07031,1.06747,1.07031,6239,105,0
2015-03-09 18:00:00,1.07031,1.07041,1.06798,1.06887,3946,107,0
2015-03-09 20:00:00,1.06885,1.06957,1.0682,1.06944,2504,112,0
2015-03-09 22:00:00,1.06946,1.06984,1.06857,1.06936,1598,58,0
2015-03-10 00:00:00,1.06942,1.06992,1.06835,1.06903,4706,39,0
2015-03-10 02:00:00,1.06886,1.06906,1.06788,1.06874,4965,106,0
2015-03-10 04:00:00,1.06874,1.06946,1.06675,1.06835,5212,106,0
2015-03-10 06:00:00,1.06837,1.06948,1.06778,1.06854,3681,107,0
2015-03-10 08:00:00,1.06855,1.06974,1.06791,1.06903,5698,105,0
2015-03-10 10:00:00,1.06903,1.07085,1.06706,1.06968,11247,101,0
2015-03-10 12:00:00,1.06969,1.07008,1.06629,1.06683,9190,103,0
2015-03-10 14:00:00,1.06682,1.07263,1.06562,1.07154,10882,101,0
2015-03-10 16:00:00,1.07152,1.07187,1.06944,1.06986,8477,105,0
2015-03-10 18:00:00,1.06989,1.07033,1.0666,1.06882,5542,103,0
2015-03-10 20:00:00,1.06882,1.06905,1.06699,1.0686,3550,103,0
2015-03-10 22:00:00,1.06865,1.06909,1.06602,1.06709,3610,36,0
2015-03-11 00:00:00,1.06716,1.06869,1.06675,1.0683,4731,27,0
2015-03-11 02:00:00,1.0683,1.06862,1.06712,1.06777,4451,107,0
2015-03-11 04:00:00,1.06777,1.06781,1.06584,1.06619,4170,108,0
2015-03-11 06:00:00,1.06617,1.0674,1.06547,1.06703,3887,103,0
2015-03-11 08:00:00,1.06709,1.06879,1.06649,1.06769,3877,103,0
2015-03-11 10:00:00,1.06762,1.06899,1.06463,1.06499,8769,103,0
2015-03-11 12:00:00,1.06505,1.0663,1.06286,1.0663,7684,103,0
2015-03-11 14:00:00,1.06625,1.06679,1.06341,1.06341,7740,103,0
2015-03-11 16:00:00,1.06346,1.06618,1.06339,1.06473,7739,103,0
2015-03-11 18:00:00,1.0647,1.06609,1.06152,1.0623,6114,103,0
2015-03-11 20:00:00,1.06229,1.06425,1.06219,1.06416,4519,103,0
2015-03-11 22:00:00,1.06419,1.06469,1.06268,1.06372,4622,47,0
2015-03-12 00:00:00,1.06386,1.06471,1.06342,1.06376,4863,39,0
2015-03-12 02:00:00,1.06378,1.06437,1.06275,1.06289,3993,110,0
2015-03-12 04:00:00,1.0629,1.06346,1.06206,1.06268,4741,110,0
2015-03-12 06:00:00,1.06266,1.06437,1.06261,1.06401,3874,107,0
2015-03-12 08:00:00,1.06401,1.066,1.06153,1.0633,9067,101,0
2015-03-12 10:00:00,1.06331,1.06487,1.06209,1.06278,10650,102,0
2015-03-12 12:00:00,1.06285,1.06486,1.06186,1.06465,7247,103,0
2015-03-12 14:00:00,1.0646,1.0663,1.06231,1.06286,8480,103,0
2015-03-12 16:00:00,1.06284,1.06514,1.06239,1.06462,7542,103,0
2015-03-12 18:00:00,1.06462,1.06739,1.06423,1.06619,5060,103,0
2015-03-12 20:00:00,1.06621,1.06759,1.06475,1.06491,3406,103,0
2015-03-12 22:00:00,1.06491,1.06569,1.06447,1.06519,2557,66,0
2015-03-13 00:00:00,1.06522,1.06552,1.06452,1.065,5553,34,0
2015-03-13 02:00:00,1.06499,1.06515,1.06366,1.06422,2980,120,0
2015-03-13 04:00:00,1.06421,1.06578,1.0639,1.06562,2511,113,0
2015-03-13 06:00:00,1.06563,1.06592,1.06468,1.065,2420,109,0
2015-03-13 08:00:00,1.06499,1.06572,1.0632,1.06514,6467,106,0
2015-03-13 10:00:00,1.06514,1.0666,1.06468,1.0658,9058,103,0
2015-03-13 12:00:00,1.06579,1.06672,1.06438,1.06461,7326,101,0
2015-03-13 14:00:00,1.0646,1.06603,1.06251,1.06277,7300,1,0
2015-03-13 16:00:00,1.06284,1.06339,1.05696,1.05743,9065,1,0
2015-03-13 18:00:00,1.05743,1.05835,1.05141,1.05378,6592,1,0
2015-03-13 20:00:00,1.05368,1.05517,1.05253,1.05364,4477,1,0
2015-03-13 22:00:00,1.05364,1.05542,1.05339,1.05407,1122,7,0
2015-03-16 00:00:00,1.05375,1.05735,1.05329,1.055,5021,8,0
2015-03-16 02:00:00,1.05502,1.05779,1.05419,1.05763,4360,3,0
2015-03-16 04:00:00,1.05762,1.05861,1.0573,1.058,3191,10,0
2015-03-16 06:00:00,1.058,1.05917,1.05755,1.05854,4146,3,0
2015-03-16 08:00:00,1.05854,1.06068,1.05636,1.05739,7626,5,0
2015-03-16 10:00:00,1.05739,1.05979,1.05713,1.05767,8101,3,0
2015-03-16 12:00:00,1.05767,1.05876,1.05708,1.05786,6059,1,0
2015-03-16 14:00:00,1.05784,1.0638,1.05777,1.06283,12661,1,0
2015-03-16 16:00:00,1.06282,1.06539,1.06256,1.06524,9616,1,0
2015-03-16 18:00:00,1.06523,1.06691,1.06382,1.06601,4718,1,0
2015-03-16 20:00:00,1.06598,1.0672,1.06538,1.06585,2526,1,0
2015-03-16 22:00:00,1.06585,1.06599,1.06357,1.06512,2024,1,0
2015-03-17 00:00:00,1.06517,1.06599,1.06449,1.06531,3648,1,0
2015-03-17 02:00:00,1.06531,1.06571,1.06404,1.06493,3109,2,0
2015-03-17 04:00:00,1.06492,1.06591,1.06435,1.06449,3367,1,0
2015-03-17 06:00:00,1.06448,1.0653,1.06431,1.06469,1806,2,0
2015-03-17 08:00:00,1.06468,1.06726,1.06442,1.06559,7690,1,0
2015-03-17 10:00:00,1.06558,1.06624,1.06177,1.062,7899,1,0
2015-03-17 12:00:00,1.06204,1.06491,1.06166,1.06381,6526,1,0
2015-03-17 14:00:00,1.06383,1.06708,1.0635,1.06582,7751,1,0
2015-03-17 16:00:00,1.06584,1.06724,1.0638,1.06482,5921,1,0
2015-03-17 18:00:00,1.06486,1.06582,1.06359,1.06539,3957,1,0
2015-03-17 20:00:00,1.06538,1.06717,1.06484,1.06593,2660,1,0
2015-03-17 22:00:00,1.06595,1.06644,1.06527,1.06586,2168,1,0
2015-03-18 00:00:00,1.06585,1.06605,1.0651,1.06554,2679,1,0
2015-03-18 02:00:00,1.06553,1.06685,1.0655,1.06617,2572,1,0
2015-03-18 04:00:00,1.06619,1.06687,1.06581,1.0663,1583,1,0
2015-03-18 06:00:00,1.06642,1.06662,1.06429,1.06429,1365,1,0
2015-03-18 08:00:00,1.06427,1.06686,1.06427,1.06588,5156,1,0
2015-03-18 10:00:00,1.06586,1.06625,1.06335,1.06381,5405,1,0
2015-03-18 12:00:00,1.06381,1.06577,1.06318,1.06421,5651,1,0
2015-03-18 14:00:00,1.06419,1.06444,1.06182,1.06239,5459,1,0
2015-03-18 16:00:00,1.06241,1.06242,1.05739,1.0593,8019,1,0
2015-03-18 18:00:00,1.0593,1.05962,1.05578,1.05651,7445,1,0
2015-03-18 20:00:00,1.05649,1.06305,1.0559,1.06048,15546,1,0
2015-03-18 22:00:00,1.06051,1.06671,1.05798,1.06342,7319,1,0
2015-03-19 00:00:00,1.06392,1.06667,1.06307,1.06417,6861,1,0
2015-03-19 02:00:00,1.06415,1.06794,1.06383,1.06759,8896,3,0
2015-03-19 04:00:00,1.06759,1.06874,1.06551,1.06739,6676,1,0
2015-03-19 06:00:00,1.06738,1.06882,1.06553,1.06632,5358,1,0
2015-03-19 08:00:00,1.06631,1.06914,1.06113,1.06181,6151,18,0
2015-03-19 10:00:00,1.06182,1.0638,1.0543,1.05835,7729,117,0
2015-03-19 12:00:00,1.05819,1.06115,1.05547,1.05833,9985,110,0
2015-03-19 14:00:00,1.05834,1.06001,1.05576,1.05682,10177,101,0
2015-03-19 16:00:00,1.05682,1.05879,1.05241,1.0532,9971,103,0
2015-03-19 18:00:00,1.05321,1.05556,1.05306,1.05423,6877,113,0
2015-03-19 20:00:00,1.05424,1.05531,1.05303,1.05462,5605,111,0
2015-03-19 22:00:00,1.05458,1.05508,1.05391,1.05503,3972,66,0
2015-03-20 00:00:00,1.05495,1.05626,1.05437,1.05533,3978,32,0
2015-03-20 02:00:00,1.05535,1.05565,1.05378,1.0555,4494,116,0
2015-03-20 04:00:00,1.0555,1.05691,1.05472,1.05631,2709,113,0
2015-03-20 06:00:00,1.05631,1.05659,1.05566,1.05644,2155,112,0
2015-03-20 08:00:00,1.05643,1.05676,1.05385,1.05509,5933,111,0
2015-03-20 10:00:00,1.05509,1.05586,1.05347,1.05415,6181,108,0
2015-03-20 12:00:00,1.05416,1.05561,1.053,1.05505,3945,182,0
2015-03-20 14:00:00,1.05508,1.05627,1.05288,1.0537,7791,182,0
2015-03-20 16:00:00,1.05368,1.05488,1.05192,1.05313,5714,182,0
2015-03-20 18:00:00,1.05312,1.05816,1.05284,1.0568,5327,182,0
2015-03-20 20:00:00,1.05683,1.05743,1.05431,1.0555,3089,117,0
2015-03-20 22:00:00,1.05551,1.05576,1.05268,1.05432,2497,107,0
2015-03-23 00:00:00,1.05857,1.0602,1.05726,1.0578,6534,13,0
2015-03-23 02:00:00,1.05783,1.0582,1.05598,1.05676,4370,117,0
2015-03-23 04:00:00,1.05673,1.05736,1.05559,1.0567,3812,112,0
2015-03-23 06:00:00,1.05669,1.05806,1.05559,1.05643,3572,118,0
2015-03-23 08:00:00,1.05639,1.05721,1.05516,1.0559,3528,182,0
2015-03-23 10:00:00,1.05588,1.05861,1.05422,1.0561,5748,182,0
2015-03-23 12:00:00,1.05611,1.05916,1.05565,1.0583,6829,10,0
2015-03-23 14:00:00,1.05831,1.05887,1.05487,1.05714,7932,6,0
2015-03-23 16:00:00,1.05714,1.0578,1.05483,1.0565,7486,6,0
2015-03-23 18:00:00,1.05649,1.05796,1.05561,1.05774,5738,6,0
2015-03-23 20:00:00,1.05778,1.05797,1.05727,1.05735,3103,6,0
2015-03-23 22:00:00,1.05735,1.05789,1.057,1.05722,1688,6,0
2015-03-25 02:00:00,1.04667,1.04812,1.04658,1.04767,843,6,0
2015-03-25 04:00:00,1.04763,1.0487,1.04702,1.04857,1715,6,0
2015-03-25 06:00:00,1.04857,1.04906,1.04774,1.04886,1514,6,0
2015-03-25 08:00:00,1.04886,1.04997,1.04676,1.04969,3350,6,0
2015-03-25 10:00:00,1.04971,1.0509,1.04878,1.04942,4952,6,0
2015-03-25 12:00:00,1.04942,1.05103,1.04876,1.0508,4439,6,0
2015-03-25 14:00:00,1.0508,1.05338,1.05066,1.0518,7385,6,0
2015-03-25 16:00:00,1.0518,1.05387,1.05027,1.05191,7254,6,0
2015-03-25 18:00:00,1.05191,1.05437,1.05141,1.0543,4361,6,0
2015-03-25 20:00:00,1.05428,1.0546,1.05283,1.05293,2524,6,0
2015-03-25 22:00:00,1.05294,1.0537,1.05219,1.05305,1750,4,0
2015-03-26 00:00:00,1.05305,1.05305,1.0524,1.05288,1708,6,0
2015-03-26 02:00:00,1.05267,1.05312,1.05211,1.05228,2247,6,0
2015-03-26 04:00:00,1.05222,1.05317,1.05209,1.05304,2125,6,0
2015-03-26 06:00:00,1.05304,1.05424,1.05277,1.05299,2526,6,0
2015-03-26 08:00:00,1.05299,1.05367,1.05091,1.05138,3994,6,0
2015-03-26 10:00:00,1.05134,1.05259,1.04766,1.0487,7370,6,0
2015-03-26 12:00:00,1.0487,1.04977,1.04641,1.04968,5314,6,0
2015-03-26 14:00:00,1.04966,1.05041,1.048,1.04868,6755,6,0
2015-03-26 16:00:00,1.04867,1.04958,1.04646,1.0493,6145,6,0
2015-03-26 18:00:00,1.04929,1.05087,1.04786,1.04838,4551,6,0
2015-03-26 20:00:00,1.04838,1.04926,1.04697,1.04818,2533,6,0
2015-03-26 22:00:00,1.04821,1.04867,1.0471,1.04748,2229,6,0
2015-03-27 00:00:00,1.04735,1.04846,1.04734,1.04841,2646,26,0
2015-03-27 02:00:00,1.04841,1.04879,1.04742,1.04765,4824,23,0
2015-03-27 04:00:00,1.04765,1.04926,1.04756,1.04905,3325,24,0
2015-03-27 06:00:00,1.04905,1.0504,1.04878,1.04952,3425,15,0
2015-03-27 08:00:00,1.04952,1.05061,1.0468,1.04701,7304,10,0
2015-03-27 10:00:00,1.04703,1.04829,1.04569,1.04611,8443,4,0
2015-03-27 12:00:00,1.04616,1.04828,1.04592,1.0477,6386,8,0
2015-03-27 14:00:00,1.0477,1.04875,1.04597,1.04621,6729,4,0
2015-03-27 16:00:00,1.04618,1.04679,1.04399,1.04402,4923,6,0
2015-03-27 18:00:00,1.04404,1.04823,1.04311,1.04728,6208,6,0
2015-03-27 20:00:00,1.04719,1.04754,1.04545,1.0457,3965,6,0
2015-03-27 22:00:00,1.04575,1.04711,1.04493,1.0469,3632,17,0
2015-03-30 00:00:00,1.0469,1.04701,1.046,1.04639,1649,30,0
2015-03-30 02:00:00,1.04638,1.04665,1.04559,1.04579,5278,26,0
2015-03-30 04:00:00,1.04579,1.04663,1.04551,1.0457,3416,22,0
2015-03-30 06:00:00,1.04571,1.04625,1.04495,1.04517,2273,20,0
2015-03-30 08:00:00,1.04517,1.04714,1.04448,1.04709,3731,19,0
2015-03-30 10:00:00,1.04711,1.0474,1.04541,1.04707,8144,8,0
2015-03-30 12:00:00,1.04706,1.04719,1.04459,1.0447,5658,5,0
2015-03-30 14:00:00,1.04471,1.04528,1.04321,1.0448,6829,10,0
2015-03-30 16:00:00,1.04479,1.04803,1.0439,1.04773,8003,10,0
2015-03-30 18:00:00,1.04776,1.04845,1.0464,1.04816,5412,8,0
2015-03-30 20:00:00,1.04819,1.04866,1.04691,1.0471,2973,7,0
2015-03-30 22:00:00,1.04711,1.04763,1.0468,1.04732,2815,13,0
2015-03-31 00:00:00,1.04743,1.04795,1.04673,1.04707,2186,24,0
2015-03-31 02:00:00,1.04708,1.04793,1.04693,1.04741,1905,24,0
2015-03-31 04:00:00,1.0474,1.04842,1.04731,1.04765,1573,24,0
2015-03-31 06:00:00,1.04767,1.04775,1.04571,1.04661,1882,10,0
2015-03-31 08:00:00,1.04667,1.04722,1.04536,1.04633,4236,10,0
2015-03-31 10:00:00,1.04638,1.04787,1.04472,1.04514,6993,10,0
2015-03-31 12:00:00,1.04528,1.04609,1.04281,1.0445,5615,10,0
2015-03-31 14:00:00,1.04455,1.04674,1.04422,1.04575,6290,10,0
2015-03-31 16:00:00,1.04575,1.04582,1.04198,1.04341,6812,10,0
2015-03-31 18:00:00,1.04337,1.04457,1.04216,1.04355,4849,10,0
2015-03-31 20:00:00,1.04361,1.04459,1.04299,1.04457,1984,11,0
2015-03-31 22:00:00,1.04456,1.04509,1.04323,1.04323,2309,24,0
2015-04-01 00:00:00,1.04383,1.04446,1.04307,1.04341,2823,6,0
2015-04-01 02:00:00,1.04342,1.04418,1.04318,1.0433,3167,7,0
2015-04-01 04:00:00,1.04332,1.04563,1.04317,1.04543,3724,6,0
2015-04-01 06:00:00,1.04541,1.04577,1.04516,1.0454,1967,6,0
2015-04-01 08:00:00,1.04541,1.04578,1.04392,1.04436,3478,6,0
2015-04-01 10:00:00,1.04436,1.04519,1.04295,1.04446,5878,6,0
2015-04-01 12:00:00,1.04451,1.04465,1.04191,1.04207,5035,6,0
2015-04-01 14:00:00,1.04207,1.04359,1.04142,1.04203,7208,6,0
2015-04-01 16:00:00,1.04201,1.04279,1.04013,1.04079,9396,6,0
2015-04-01 18:00:00,1.04081,1.04197,1.04017,1.0404,5486,6,0
2015-04-01 20:00:00,1.04034,1.04135,1.03999,1.0402,2718,6,0
2015-04-01 22:00:00,1.0402,1.04072,1.03941,1.04066,1978,6,0
2015-04-02 00:00:00,1.04052,1.04122,1.04027,1.04062,1203,11,0
2015-04-02 02:00:00,1.04061,1.04081,1.03982,1.03983,1710,6,0
2015-04-02 04:00:00,1.03982,1.04044,1.03951,1.03977,1748,6,0
2015-04-02 06:00:00,1.03979,1.04007,1.03951,1.03959,1175,9,0
2015-04-02 08:00:00,1.03959,1.04234,1.0394,1.04188,2784,6,0
2015-04-02 10:00:00,1.04188,1.04303,1.04064,1.04121,4294,6,0
2015-04-02 12:00:00,1.04123,1.04203,1.03937,1.03941,3415,6,0
2015-04-02 14:00:00,1.03941,1.04221,1.03884,1.04146,4234,6,0
2015-04-02 16:00:00,1.04145,1.04368,1.04095,1.04215,5411,6,0
2015-04-02 18:00:00,1.04215,1.04353,1.04068,1.04346,3385,1,0
2015-04-02 20:00:00,1.04347,1.04492,1.04283,1.04454,2635,3,0
2015-04-02 22:00:00,1.04457,1.04494,1.04351,1.04371,1400,6,0
2015-04-03 00:00:00,1.04368,1.04441,1.04361,1.04401,1414,6,0
2015-04-03 02:00:00,1.04401,1.04407,1.04303,1.04309,1296,11,0
2015-04-03 04:00:00,1.0431,1.04416,1.04292,1.04359,1538,13,0
2015-04-03 06:00:00,1.04359,1.04429,1.04295,1.04323,1597,9,0
2015-04-03 08:00:00,1.04323,1.04423,1.04317,1.04375,1524,11,0
2015-04-03 10:00:00,1.04375,1.04417,1.04267,1.04362,2570,8,0
2015-04-03 12:00:00,1.0436,1.04458,1.04336,1.04422,1014,6,0
2015-04-03 14:00:00,1.04419,1.04635,1.04146,1.04507,4606,6,0
2015-04-03 16:00:00,1.04517,1.04637,1.04371,1.04518,2690,6,0
2015-04-03 18:00:00,1.04527,1.04548,1.04384,1.04414,2327,6,0
2015-04-03 20:00:00,1.04414,1.04628,1.04399,1.04606,1939,8,0
2015-04-03 22:00:00,1.04608,1.04622,1.04212,1.04299,2051,29,0
2015-04-06 00:00:00,1.04336,1.04676,1.04336,1.04655,1466,18,0
2015-04-06 02:00:00,1.04657,1.0478,1.04602,1.04639,1653,10,0
2015-04-06 04:00:00,1.04639,1.04701,1.04589,1.04641,1547,12,0
2015-04-06 06:00:00,1.04643,1.04646,1.04548,1.04596,951,12,0
2015-04-06 08:00:00,1.04591,1.04631,1.04518,1.04575,1559,18,0
2015-04-06 10:00:00,1.04573,1.0461,1.04468,1.04487,2646,10,0
2015-04-06 12:00:00,1.04487,1.04523,1.04395,1.04503,2116,12,0
2015-04-06 14:00:00,1.04503,1.04722,1.04467,1.04714,2827,7,0
2015-04-06 16:00:00,1.04715,1.04927,1.04687,1.04864,3840,6,0
2015-04-06 18:00:00,1.04863,1.04927,1.04765,1.04864,2529,7,0
2015-04-06 20:00:00,1.04867,1.04945,1.04846,1.04917,1857,10,0
2015-04-06 22:00:00,1.04917,1.04942,1.04668,1.04668,4270,6,0
2015-04-07 00:00:00,1.04691,1.04768,1.04666,1.04741,2646,29,0
2015-04-07 02:00:00,1.04741,1.04783,1.0469,1.04699,2312,15,0
2015-04-07 04:00:00,1.047,1.04764,1.04678,1.0469,1540,6,0
2015-04-07 06:00:00,1.0469,1.04716,1.04557,1.04611,2279,6,0
2015-04-07 08:00:00,1.04611,1.04654,1.04547,1.04617,2963,6,0
2015-04-07 10:00:00,1.04604,1.0472,1.04252,1.04469,6981,6,0
2015-04-07 12:00:00,1.04462,1.04568,1.04365,1.04412,4740,6,0
2015-04-07 14:00:00,1.04414,1.04504,1.0432,1.04445,5868,3,0
2015-04-07 16:00:00,1.04446,1.04605,1.044,1.04487,6216,3,0
2015-04-07 18:00:00,1.04489,1.04598,1.04427,1.04533,4966,1,0
2015-04-07 20:00:00,1.04533,1.04568,1.04423,1.04553,3160,4,0
2015-04-07 22:00:00,1.04564,1.04584,1.04437,1.04451,3034,7,0
2015-04-08 00:00:00,1.0445,1.04508,1.04428,1.04506,2381,23,0
2015-04-08 02:00:00,1.04505,1.0457,1.04469,1.04529,2016,15,0
2015-04-08 04:00:00,1.04531,1.04627,1.04464,1.04477,2006,14,0
2015-04-08 06:00:00,1.04478,1.04562,1.04467,1.04491,2980,16,0
2015-04-08 08:00:00,1.04493,1.0458,1.04424,1.04503,3008,1,0
2015-04-08 10:00:00,1.04502,1.04678,1.04461,1.04503,5258,2,0
2015-04-08 12:00:00,1.04501,1.0456,1.04367,1.04433,4460,3,0
2015-04-08 14:00:00,1.04431,1.04448,1.04342,1.04366,5193,2,0
2015-04-08 16:00:00,1.04365,1.04367,1.04204,1.0422,7568,2,0
2015-04-08 18:00:00,1.04223,1.04357,1.04165,1.04254,6081,5,0
2015-04-08 20:00:00,1.0425,1.04295,1.04074,1.04133,6387,4,0
2015-04-08 22:00:00,1.04131,1.04235,1.04118,1.0418,2878,12,0
2015-04-09 00:00:00,1.04165,1.04233,1.04107,1.04197,1756,27,0
2015-04-09 02:00:00,1.04197,1.04289,1.04144,1.04207,2586,9,0
2015-04-09 04:00:00,1.04204,1.04369,1.04202,1.04354,2276,14,0
2015-04-09 06:00:00,1.04358,1.0436,1.04217,1.04251,1482,7,0
2015-04-09 08:00:00,1.04251,1.04341,1.04134,1.04318,3085,3,0
2015-04-09 10:00:00,1.04316,1.04412,1.04201,1.04315,6118,1,0
2015-04-09 12:00:00,1.04317,1.0448,1.04285,1.04445,4566,2,0
2015-04-09 14:00:00,1.04447,1.04493,1.04296,1.04338,5238,1,0
2015-04-09 16:00:00,1.04339,1.04393,1.04132,1.04135,9241,1,0
2015-04-09 18:00:00,1.04142,1.04203,1.04044,1.0416,6517,6,0
2015-04-09 20:00:00,1.04169,1.0423,1.04055,1.04139,3948,2,0
2015-04-09 22:00:00,1.04138,1.04245,1.04069,1.04187,2983,3,0
2015-04-10 00:00:00,1.04165,1.0423,1.04135,1.04145,2141,8,0
2015-04-10 02:00:00,1.04146,1.04255,1.04138,1.04247,1565,10,0
2015-04-10 04:00:00,1.04248,1.04254,1.04123,1.04184,1971,4,0
2015-04-10 06:00:00,1.04183,1.04216,1.04129,1.04189,1354,8,0
2015-04-10 08:00:00,1.04188,1.04268,1.04005,1.04029,2753,1,0
2015-04-10 10:00:00,1.04026,1.04047,1.03807,1.03824,5305,2,0
2015-04-10 12:00:00,1.03822,1.04039,1.03717,1.03941,3979,1,0
2015-04-10 14:00:00,1.0394,1.04056,1.03855,1.03897,5447,2,0
2015-04-10 16:00:00,1.03896,1.04102,1.03852,1.04077,5056,1,0
2015-04-10 18:00:00,1.04068,1.04106,1.03708,1.03739,3835,2,0
2015-04-10 20:00:00,1.0374,1.03805,1.03667,1.03732,2776,1,0
2015-04-10 22:00:00,1.0373,1.03847,1.03709,1.03801,1956,6,0
2015-04-13 00:00:00,1.03801,1.03906,1.03747,1.03886,943,12,0
2015-04-13 02:00:00,1.03887,1.03913,1.03772,1.03806,2379,13,0
2015-04-13 04:00:00,1.03808,1.03851,1.03747,1.03774,2995,9,0
2015-04-13 06:00:00,1.03774,1.03825,1.03764,1.03806,2189,12,0
2015-04-13 08:00:00,1.03817,1.03846,1.03736,1.03838,2865,1,0
2015-04-13 10:00:00,1.03837,1.04008,1.03795,1.0384,5676,1,0
2015-04-13 12:00:00,1.03839,1.03939,1.03702,1.03799,5592,3,0
2015-04-13 14:00:00,1.03797,1.03835,1.03645,1.03665,6502,2,0
2015-04-13 16:00:00,1.03663,1.03831,1.03421,1.03469,7824,3,0
2015-04-13 18:00:00,1.03472,1.03611,1.0328,1.03288,4756,1,0
2015-04-13 20:00:00,1.0329,1.03358,1.032,1.03317,3020,2,0
2015-04-13 22:00:00,1.03319,1.03381,1.03296,1.03308,1763,2,0
2015-04-14 00:00:00,1.0327,1.03371,1.03245,1.03348,2161,23,0
2015-04-14 02:00:00,1.03345,1.03449,1.03287,1.03391,1978,12,0
2015-04-14 04:00:00,1.0339,1.03406,1.03217,1.03268,2516,11,0
2015-04-14 06:00:00,1.03266,1.03309,1.03174,1.03211,2337,13,0
2015-04-14 08:00:00,1.03213,1.03231,1.03072,1.03208,3476,5,0
2015-04-14 10:00:00,1.03208,1.03233,1.0296,1.03187,6066,1,0
2015-04-14 12:00:00,1.03186,1.03341,1.03177,1.03299,4358,2,0
2015-04-14 14:00:00,1.033,1.03782,1.03286,1.03666,8041,1,0
2015-04-14 16:00:00,1.03663,1.03812,1.03471,1.03612,11634,1,0
2015-04-14 18:00:00,1.03612,1.03755,1.03574,1.03589,5674,3,0
2015-04-14 20:00:00,1.03589,1.03701,1.03578,1.03695,3369,1,0
2015-04-14 22:00:00,1.03701,1.03703,1.03542,1.03555,2414,7,0
2015-04-15 00:00:00,1.03541,1.03637,1.03524,1.03568,1855,30,0
2015-04-15 02:00:00,1.03568,1.03583,1.03466,1.03518,2235,14,0
2015-04-15 04:00:00,1.03518,1.03592,1.03476,1.03561,2154,11,0
2015-04-15 06:00:00,1.03562,1.03608,1.03486,1.03506,1993,6,0
2015-04-15 08:00:00,1.03514,1.03659,1.03498,1.03574,3119,1,0
2015-04-15 10:00:00,1.03574,1.03597,1.03109,1.03281,7547,1,0
2015-04-15 12:00:00,1.03281,1.03412,1.03215,1.03293,5864,1,0
2015-04-15 14:00:00,1.033,1.03525,1.03197,1.03272,7978,1,0
2015-04-15 16:00:00,1.03263,1.03528,1.03008,1.03208,10895,1,0
2015-04-15 18:00:00,1.03207,1.03228,1.02999,1.03092,6474,2,0
2015-04-15 20:00:00,1.03092,1.03246,1.02937,1.02993,7685,1,0
2015-04-15 22:00:00,1.02993,1.03109,1.02984,1.03071,3460,3,0
2015-04-16 00:00:00,1.03071,1.03071,1.02973,1.03015,2193,21,0
2015-04-16 02:00:00,1.03014,1.03371,1.02957,1.03138,3578,17,0
2015-04-16 04:00:00,1.03136,1.03147,1.02975,1.03066,3666,21,0
2015-04-16 06:00:00,1.03067,1.03105,1.03003,1.03063,3147,21,0
2015-04-16 08:00:00,1.03063,1.03111,1.02928,1.02975,5823,15,0
2015-04-16 10:00:00,1.02975,1.03273,1.02747,1.03169,10743,12,0
2015-04-16 12:00:00,1.03168,1.03302,1.02972,1.03248,10344,10,0
2015-04-16 14:00:00,1.03248,1.03441,1.03201,1.03262,11650,12,0
2015-04-16 16:00:00,1.03262,1.03315,1.02764,1.02814,11440,5,0
2015-04-16 18:00:00,1.02813,1.0297,1.02793,1.02863,7593,10,0
2015-04-16 20:00:00,1.02862,1.03238,1.0282,1.03065,8891,15,0
2015-04-16 22:00:00,1.0306,1.03167,1.02834,1.02867,5903,12,0
2015-04-17 00:00:00,1.02867,1.02935,1.02845,1.02868,2193,31,0
2015-04-17 02:00:00,1.02867,1.0299,1.02866,1.02932,2597,24,0
2015-04-17 04:00:00,1.02932,1.03014,1.02909,1.02995,2523,23,0
2015-04-17 06:00:00,1.02994,1.03067,1.02973,1.03067,2221,25,0
2015-04-17 08:00:00,1.03065,1.03176,1.02873,1.02902,6048,11,0
2015-04-17 10:00:00,1.02904,1.03259,1.02895,1.03192,11429,8,0
2015-04-17 12:00:00,1.03192,1.03257,1.02833,1.02916,10549,5,0
2015-04-17 14:00:00,1.02917,1.02993,1.02631,1.02671,11377,4,0
2015-04-17 16:00:00,1.02672,1.02862,1.02656,1.02751,11253,4,0
2015-04-17 18:00:00,1.02751,1.02841,1.02657,1.02747,6333,1,0
2015-04-17 20:00:00,1.02746,1.02919,1.02693,1.02888,3606,1,0
2015-04-17 22:00:00,1.02884,1.02985,1.02752,1.0285,2393,8,0
2015-04-20 00:00:00,1.0285,1.02911,1.0275,1.02826,1658,38,0
2015-04-20 02:00:00,1.02827,1.02881,1.02788,1.02847,2838,23,0
2015-04-20 04:00:00,1.02846,1.02898,1.0281,1.02862,2516,18,0
2015-04-20 06:00:00,1.02861,1.02874,1.02756,1.02772,2342,19,0
2015-04-20 08:00:00,1.02772,1.02836,1.02559,1.02565,4502,3,0
2015-04-20 10:00:00,1.02565,1.0264,1.0236,1.02614,6025,1,0
2015-04-20 12:00:00,1.02614,1.0302,1.0259,1.02912,5747,1,0
2015-04-20 14:00:00,1.02913,1.02953,1.02604,1.02641,7109,1,0
2015-04-20 16:00:00,1.0264,1.02698,1.02342,1.02622,7641,3,0
2015-04-20 18:00:00,1.02624,1.02782,1.02586,1.02612,3997,1,0
2015-04-20 20:00:00,1.02614,1.02683,1.02519,1.02662,2675,4,0
2015-04-20 22:00:00,1.02658,1.0272,1.02621,1.02664,2458,3,0
2015-04-21 00:00:00,1.02664,1.02707,1.02595,1.0264,2350,7,0
2015-04-21 02:00:00,1.0264,1.02706,1.02622,1.02662,2917,15,0
2015-04-21 04:00:00,1.02662,1.0274,1.02621,1.02643,2971,17,0
2015-04-21 06:00:00,1.02644,1.02681,1.02622,1.02655,1871,18,0
2015-04-21 08:00:00,1.02656,1.02674,1.02411,1.02421,5542,3,0
2015-04-21 10:00:00,1.02417,1.02581,1.02355,1.02533,8380,1,0
2015-04-21 12:00:00,1.02533,1.02699,1.02405,1.02442,5877,1,0
2015-04-21 14:00:00,1.0244,1.02599,1.02409,1.0254,7077,1,0
2015-04-21 16:00:00,1.02538,1.02617,1.02439,1.02522,11382,1,0
2015-04-21 18:00:00,1.02517,1.02585,1.0238,1.02456,9268,1,0
2015-04-21 20:00:00,1.02459,1.02576,1.02443,1.02528,4042,1,0
2015-04-21 22:00:00,1.02527,1.02567,1.02484,1.02505,1737,4,0
2015-04-22 00:00:00,1.02505,1.02606,1.02441,1.02577,2032,23,0
2015-04-22 02:00:00,1.02575,1.02591,1.02456,1.02462,3650,7,0
2015-04-22 04:00:00,1.02462,1.02517,1.02385,1.02508,4961,2,0
2015-04-22 06:00:00,1.02508,1.02508,1.02411,1.02451,2370,8,0
2015-04-22 08:00:00,1.0245,1.02649,1.02437,1.02589,4971,1,0
2015-04-22 10:00:00,1.02585,1.02711,1.02435,1.02568,8647,1,0
2015-04-22 12:00:00,1.02569,1.02851,1.0255,1.02784,7114,1,0
2015-04-22 14:00:00,1.02783,1.03678,1.0276,1.03374,11852,1,0
2015-04-22 16:00:00,1.03372,1.03573,1.03299,1.03554,13602,1,0
2015-04-22 18:00:00,1.0355,1.03827,1.03544,1.0374,8522,1,0
2015-04-22 20:00:00,1.03739,1.04146,1.03731,1.04128,4341,1,0
2015-04-22 22:00:00,1.04124,1.04265,1.04036,1.04172,4009,1,0
2015-04-23 00:00:00,1.04172,1.04172,1.03898,1.03967,3682,2,0
2015-04-23 02:00:00,1.03967,1.04014,1.0392,1.04,3314,6,0
2015-04-23 04:00:00,1.04002,1.0401,1.03815,1.03852,3700,2,0
2015-04-23 06:00:00,1.03852,1.03958,1.03824,1.03871,3603,2,0
2015-04-23 08:00:00,1.0387,1.03889,1.03529,1.03569,6872,1,0
2015-04-23 10:00:00,1.03567,1.03779,1.03325,1.03681,11499,1,0
2015-04-23 12:00:00,1.03682,1.03709,1.035,1.03633,8562,1,0
2015-04-23 14:00:00,1.03631,1.03907,1.03617,1.0371,10761,1,0
2015-04-23 16:00:00,1.03707,1.03768,1.03165,1.03191,14124,1,0
2015-04-23 18:00:00,1.03193,1.03351,1.03121,1.03261,10813,1,0
2015-04-23 20:00:00,1.03259,1.0344,1.03256,1.03355,7556,1,0
2015-04-23 22:00:00,1.03355,1.03398,1.03252,1.03326,3971,1,0
2015-04-24 00:00:00,1.03326,1.03366,1.03228,1.0335,2060,14,0
2015-04-24 02:00:00,1.0335,1.03387,1.03273,1.03315,3180,9,0
2015-04-24 04:00:00,1.03314,1.03404,1.03269,1.03276,3584,1,0
2015-04-24 06:00:00,1.03277,1.03342,1.0317,1.03319,3118,3,0
2015-04-24 08:00:00,1.03319,1.03691,1.03298,1.03687,6120,1,0
2015-04-24 10:00:00,1.03687,1.03786,1.03537,1.03685,10292,1,0
2015-04-24 12:00:00,1.03682,1.03715,1.03269,1.03288,8300,1,0
2015-04-24 14:00:00,1.03284,1.03647,1.03273,1.03464,9354,1,0
2015-04-24 16:00:00,1.03458,1.03541,1.03235,1.03532,10963,1,0
2015-04-24 18:00:00,1.03535,1.03803,1.03493,1.03698,6760,1,0
2015-04-24 20:00:00,1.03698,1.03713,1.03567,1.03651,3956,1,0
2015-04-24 22:00:00,1.03651,1.03751,1.03577,1.03642,3550,5,0
2015-04-27 00:00:00,1.03659,1.03703,1.03592,1.03643,1274,5,0
2015-04-27 02:00:00,1.03652,1.03693,1.03594,1.03642,2611,10,0
2015-04-27 04:00:00,1.0364,1.03651,1.03597,1.03641,2704,6,0
2015-04-27 06:00:00,1.03641,1.03694,1.03572,1.03659,2815,4,0
2015-04-27 08:00:00,1.03657,1.03876,1.03605,1.03831,4675,1,0
2015-04-27 10:00:00,1.03831,1.03924,1.0356,1.03574,6476,1,0
2015-04-27 12:00:00,1.03572,1.03645,1.03539,1.03614,5838,1,0
2015-04-27 14:00:00,1.03615,1.03789,1.03602,1.03773,7250,1,0
2015-04-27 16:00:00,1.03773,1.03839,1.03701,1.03717,10677,1,0
2015-04-27 18:00:00,1.03716,1.0393,1.03477,1.03793,11183,1,0
2015-04-27 20:00:00,1.03795,1.04073,1.03758,1.04007,6210,1,0
2015-04-27 22:00:00,1.04009,1.04146,1.0397,1.03982,3775,1,0
2015-04-28 00:00:00,1.03994,1.04013,1.03857,1.03909,3651,1,0
2015-04-28 02:00:00,1.03909,1.03946,1.0385,1.03892,3011,1,0
2015-04-28 04:00:00,1.03892,1.03892,1.03836,1.03881,2805,1,0
2015-04-28 06:00:00,1.0388,1.03881,1.03808,1.0383,2427,1,0
2015-04-28 08:00:00,1.03832,1.03967,1.03792,1.03952,4092,1,0
2015-04-28 10:00:00,1.03949,1.04259,1.03879,1.0425,11302,1,0
2015-04-28 12:00:00,1.0425,1.04754,1.0422,1.04568,10878,1,0
2015-04-28 14:00:00,1.0457,1.04764,1.04538,1.0469,10579,1,0
2015-04-28 16:00:00,1.0469,1.04831,1.044,1.04417,14679,1,0
2015-04-28 18:00:00,1.04414,1.04772,1.04401,1.04744,9570,1,0
2015-04-28 20:00:00,1.0474,1.04831,1.04717,1.04761,6812,1,0
2015-04-28 22:00:00,1.04757,1.04972,1.04733,1.04936,4561,1,0
2015-04-29 00:00:00,1.04814,1.04943,1.04794,1.04884,2682,8,0
2015-04-29 02:00:00,1.04884,1.04916,1.04814,1.04868,2323,1,0
2015-04-29 04:00:00,1.04868,1.04905,1.04822,1.04889,2789,1,0
2015-04-29 06:00:00,1.04888,1.04926,1.04836,1.0488,2717,1,0
2015-04-29 08:00:00,1.0488,1.05042,1.04866,1.04978,4808,1,0
2015-04-29 10:00:00,1.04976,1.05047,1.04902,1.04977,11417,1,0
2015-04-29 12:00:00,1.04978,1.05082,1.04909,1.04981,9422,1,0
2015-04-29 14:00:00,1.04984,1.0503,1.0461,1.04968,12636,1,0
2015-04-29 16:00:00,1.04966,1.05003,1.04505,1.04574,19231,1,0
2015-04-29 18:00:00,1.0457,1.04688,1.0442,1.04537,13549,1,0
2015-04-29 20:00:00,1.04539,1.04692,1.04262,1.04389,15147,1,0
2015-04-29 22:00:00,1.04394,1.04558,1.04385,1.04519,5540,1,0
2015-04-30 00:00:00,1.0453,1.04564,1.04462,1.0449,2232,12,0
2015-04-30 02:00:00,1.04491,1.0452,1.04372,1.04401,2219,1,0
2015-04-30 04:00:00,1.04401,1.04555,1.044,1.04495,3264,1,0
2015-04-30 06:00:00,1.04493,1.04496,1.04345,1.04388,2955,3,0
2015-04-30 08:00:00,1.04388,1.04625,1.043,1.04603,6031,1,0
2015-04-30 10:00:00,1.0461,1.0507,1.04492,1.04921,16853,1,0
2015-04-30 12:00:00,1.04924,1.05173,1.04675,1.0475,11932,1,0
2015-04-30 14:00:00,1.04747,1.04904,1.04656,1.0483,17140,1,0
2015-04-30 16:00:00,1.04832,1.05151,1.04794,1.04956,22523,1,0
2015-04-30 18:00:00,1.04957,1.05239,1.049,1.05207,17148,1,0
2015-04-30 20:00:00,1.05203,1.05223,1.04599,1.04823,8544,1,0
2015-04-30 22:00:00,1.04825,1.04936,1.04629,1.04654,7167,1,0
2015-05-01 00:00:00,1.04592,1.04682,1.04592,1.0464,2680,20,0
2015-05-01 02:00:00,1.0464,1.04742,1.04608,1.04649,3035,18,0
2015-05-01 04:00:00,1.04649,1.04718,1.04635,1.04686,2922,22,0
2015-05-01 06:00:00,1.04687,1.04706,1.0459,1.04595,1991,17,0
2015-05-01 08:00:00,1.04594,1.04826,1.04522,1.04817,6002,14,0
2015-05-01 10:00:00,1.04825,1.05027,1.04665,1.0486,9879,1,0
2015-05-01 12:00:00,1.04858,1.04886,1.04674,1.04739,8464,1,0
2015-05-01 14:00:00,1.04741,1.04845,1.04562,1.04729,8901,1,0
2015-05-01 16:00:00,1.04728,1.04829,1.045,1.04528,15151,1,0
2015-05-01 18:00:00,1.04528,1.04635,1.0444,1.04502,8900,1,0
2015-05-01 20:00:00,1.04504,1.04613,1.04474,1.04558,4826,1,0
2015-05-01 22:00:00,1.04558,1.04646,1.04419,1.04427,4851,1,0
2015-05-04 00:00:00,1.04459,1.04522,1.04386,1.0441,1368,22,0
2015-05-04 02:00:00,1.0441,1.04461,1.04397,1.04426,1089,11,0
2015-05-04 04:00:00,1.04426,1.04514,1.04409,1.0443,1705,14,0
2015-05-04 06:00:00,1.0443,1.04504,1.04419,1.04492,2122,19,0
2015-05-04 08:00:00,1.04493,1.04778,1.04491,1.04751,5216,1,0
2015-05-04 10:00:00,1.0475,1.04804,1.04384,1.04411,11702,1,0
2015-05-04 12:00:00,1.04409,1.04494,1.04149,1.04155,6851,1,0
2015-05-04 14:00:00,1.04155,1.04347,1.04103,1.04241,8763,1,0
2015-05-04 16:00:00,1.04238,1.04326,1.04061,1.04263,4546,1,0
2015-05-04 18:00:00,1.04263,1.04362,1.04227,1.04352,1130,4,0
2015-05-04 20:00:00,1.04352,1.0436,1.0406,1.04095,944,5,0
2015-05-04 22:00:00,1.041,1.04165,1.04032,1.04047,691,6,0
2015-05-05 00:00:00,1.0401,1.04148,1.03999,1.04131,535,20,0
2015-05-05 02:00:00,1.04127,1.04132,1.04073,1.04087,494,6,0
2015-05-05 04:00:00,1.04088,1.04194,1.04081,1.04152,527,7,0
2015-05-05 06:00:00,1.04155,1.04171,1.04047,1.04097,699,8,0
2015-05-05 08:00:00,1.041,1.04246,1.03866,1.0389,1057,3,0
2015-05-05 10:00:00,1.0388,1.04219,1.03876,1.04034,1462,2,0
2015-05-05 12:00:00,1.04034,1.04049,1.03812,1.0387,1409,2,0
2015-05-05 14:00:00,1.03871,1.04029,1.03596,1.03868,2893,2,0
2015-05-05 16:00:00,1.03866,1.03874,1.03522,1.03531,3972,3,0
2015-05-05 18:00:00,1.03535,1.03654,1.03464,1.03588,2695,3,0
2015-05-05 20:00:00,1.03594,1.03749,1.03527,1.03679,1074,3,0
2015-05-05 22:00:00,1.03679,1.03764,1.03628,1.03634,780,4,0
2015-05-06 00:00:00,1.03607,1.0368,1.03583,1.03672,1617,6,0
2015-05-06 02:00:00,1.03672,1.03738,1.03668,1.03689,1981,12,0
2015-05-06 04:00:00,1.03689,1.03842,1.03665,1.03835,3526,5,0
2015-05-06 06:00:00,1.03836,1.03918,1.0379,1.039,4030,2,0
2015-05-06 08:00:00,1.03899,1.03983,1.03795,1.03844,6686,2,0
2015-05-06 10:00:00,1.03845,1.03926,1.03718,1.03795,11302,1,0
2015-05-06 12:00:00,1.03783,1.03812,1.0362,1.0376,2077,1,0
2015-05-06 14:00:00,1.03759,1.03851,1.03668,1.03797,10211,7,0
2015-05-06 16:00:00,1.03795,1.03944,1.03569,1.03735,4655,3,0
2015-05-06 18:00:00,1.0375,1.03924,1.03699,1.03892,1786,2,0
2015-05-06 20:00:00,1.03895,1.03938,1.03837,1.03919,2427,6,0
2015-05-06 22:00:00,1.03917,1.03974,1.03854,1.03854,3713,7,0
2015-05-07 00:00:00,1.03903,1.03961,1.03817,1.0391,1063,23,0
2015-05-07 02:00:00,1.0391,1.03956,1.03825,1.03848,873,10,0
2015-05-07 04:00:00,1.03848,1.03938,1.03814,1.03905,855,11,0
2015-05-07 06:00:00,1.03906,1.04005,1.03899,1.04005,688,8,0
2015-05-07 08:00:00,1.04005,1.0402,1.03716,1.03722,1656,3,0
2015-05-07 10:00:00,1.03703,1.03922,1.03557,1.03559,1434,2,0
2015-05-07 12:00:00,1.03561,1.03577,1.03051,1.03069,2221,2,0
2015-05-07 14:00:00,1.0307,1.03463,1.03061,1.03388,1503,3,0
2015-05-07 16:00:00,1.03388,1.03588,1.03217,1.03579,1489,9,0
2015-05-07 18:00:00,1.03581,1.03911,1.0356,1.03874,1238,8,0
2015-05-07 20:00:00,1.03871,1.03922,1.03794,1.03813,1139,9,0
2015-05-07 22:00:00,1.03842,1.03863,1.03798,1.03838,1037,12,0
2015-05-08 00:00:00,1.03832,1.0386,1.03594,1.03669,1910,14,0
2015-05-08 02:00:00,1.03664,1.03783,1.03611,1.03727,796,13,0
2015-05-08 04:00:00,1.03727,1.03762,1.03504,1.03552,1050,11,0
2015-05-08 06:00:00,1.03552,1.03594,1.03468,1.03472,980,9,0
2015-05-08 08:00:00,1.03475,1.03558,1.03311,1.03432,1289,10,0
2015-05-08 10:00:00,1.03431,1.03675,1.03329,1.03526,1460,11,0
2015-05-08 12:00:00,1.03531,1.03681,1.03482,1.03668,1369,9,0
2015-05-08 14:00:00,1.03675,1.03992,1.03646,1.03977,1419,9,0
2015-05-08 16:00:00,1.0397,1.04083,1.03687,1.04083,6752,9,0
2015-05-08 18:00:00,1.04082,1.04337,1.04009,1.04331,1290,8,0
2015-05-08 20:00:00,1.04331,1.04452,1.04275,1.04336,1080,9,0
2015-05-08 22:00:00,1.04333,1.04481,1.04306,1.04436,733,9,0
2015-05-11 00:00:00,1.0428,1.04351,1.04261,1.04312,494,31,0
2015-05-11 02:00:00,1.04312,1.04327,1.0411,1.04128,654,11,0
2015-05-11 04:00:00,1.04125,1.04211,1.04097,1.04119,810,13,0
2015-05-11 06:00:00,1.04119,1.04144,1.0408,1.04085,654,15,0
2015-05-11 08:00:00,1.04085,1.04184,1.04028,1.04166,1018,10,0
2015-05-11 10:00:00,1.04162,1.04329,1.03865,1.03944,1287,9,0
2015-05-11 12:00:00,1.03935,1.04076,1.03875,1.03923,1216,9,0
2015-05-11 14:00:00,1.03917,1.04117,1.03896,1.04117,3826,5,0
2015-05-11 16:00:00,1.04118,1.04221,1.04042,1.04117,11423,16,0
2015-05-11 18:00:00,1.0412,1.04238,1.03985,1.04235,8214,16,0
2015-05-11 20:00:00,1.04236,1.04263,1.0416,1.04161,5571,13,0
2015-05-11 22:00:00,1.04159,1.04237,1.04105,1.04201,4458,14,0
2015-05-12 00:00:00,1.04202,1.0424,1.04146,1.04156,2634,14,0
2015-05-12 02:00:00,1.04156,1.04203,1.04139,1.04175,2848,20,0
2015-05-12 04:00:00,1.04175,1.04214,1.04083,1.0419,3288,17,0
2015-05-12 06:00:00,1.04192,1.04234,1.04145,1.04223,2701,20,0
2015-05-12 08:00:00,1.04223,1.04358,1.04137,1.04141,7052,15,0
2015-05-12 10:00:00,1.04141,1.04365,1.04014,1.04107,12176,15,0
2015-05-12 12:00:00,1.04102,1.04116,1.0384,1.03913,11859,15,0
2015-05-12 14:00:00,1.03912,1.04129,1.03868,1.04074,9574,12,0
2015-05-12 16:00:00,1.04076,1.04178,1.03902,1.04082,12125,14,0
2015-05-12 18:00:00,1.04081,1.043,1.04056,1.042,7308,14,0
2015-05-12 20:00:00,1.04199,1.0432,1.04146,1.04166,6247,13,0
2015-05-12 22:00:00,1.04163,1.04214,1.04147,1.04175,3653,15,0
2015-05-13 00:00:00,1.04173,1.04229,1.04079,1.04189,3703,22,0
2015-05-13 02:00:00,1.04189,1.04252,1.04154,1.04208,2206,15,0
2015-05-13 04:00:00,1.04207,1.04273,1.04174,1.04259,3343,12,0
2015-05-13 06:00:00,1.04259,1.0429,1.04218,1.04259,3549,14,0
2015-05-13 08:00:00,1.04259,1.04356,1.04045,1.04108,6396,10,0
2015-05-13 10:00:00,1.04105,1.04251,1.04052,1.04162,8206,6,0
2015-05-13 12:00:00,1.04148,1.04222,1.04027,1.04165,1419,4,0
2015-05-13 14:00:00,1.04169,1.04343,1.04075,1.04236,5996,5,0
2015-05-13 16:00:00,1.04236,1.04393,1.04096,1.04116,14285,9,0
2015-05-13 18:00:00,1.04116,1.04337,1.04114,1.0424,9875,8,0
2015-05-13 20:00:00,1.04239,1.04346,1.04092,1.04106,6212,8,0
2015-05-13 22:00:00,1.04103,1.0415,1.04054,1.04086,3947,10,0
2015-05-14 00:00:00,1.04065,1.04105,1.04051,1.04077,3616,9,0
2015-05-14 02:00:00,1.04079,1.04101,1.04064,1.0408,3103,24,0
2015-05-14 04:00:00,1.04079,1.04119,1.04042,1.04047,3316,15,0
2015-05-14 06:00:00,1.04048,1.04087,1.04044,1.04047,3636,11,0
2015-05-14 08:00:00,1.04046,1.04281,1.04043,1.04189,6865,11,0
2015-05-14 10:00:00,1.04192,1.04298,1.04107,1.04192,10814,13,0
2015-05-14 12:00:00,1.0419,1.04231,1.03875,1.03876,9422,11,0
2015-05-14 14:00:00,1.03876,1.04095,1.0383,1.03993,11166,9,0
2015-05-14 16:00:00,1.03993,1.04239,1.03906,1.04135,13095,9,0
2015-05-14 18:00:00,1.04134,1.04173,1.03881,1.03961,10228,9,0
2015-05-14 20:00:00,1.03963,1.04055,1.03938,1.04052,6433,9,0
2015-05-14 22:00:00,1.04056,1.04148,1.04041,1.04071,4800,11,0
2015-05-15 00:00:00,1.04081,1.04125,1.04028,1.04058,4402,9,0
2015-05-15 02:00:00,1.04056,1.04139,1.04017,1.0413,4203,10,0
2015-05-15 04:00:00,1.04128,1.0415,1.04097,1.04114,4608,13,0
2015-05-15 06:00:00,1.04114,1.04154,1.04103,1.04146,3508,10,0
2015-05-15 08:00:00,1.04146,1.04157,1.04,1.04069,7507,11,0
2015-05-15 10:00:00,1.04067,1.04292,1.04007,1.04199,12176,9,0
2015-05-15 12:00:00,1.04199,1.04582,1.04194,1.04514,9218,9,0
2015-05-15 14:00:00,1.04517,1.04813,1.04488,1.04804,10525,9,0
2015-05-15 16:00:00,1.04804,1.05058,1.04634,1.04769,12410,6,0
2015-05-15 18:00:00,1.04778,1.04934,1.04674,1.04931,1342,5,0
2015-05-15 20:00:00,1.04917,1.04989,1.04771,1.04786,1179,3,0
2015-05-15 22:00:00,1.04796,1.04841,1.04767,1.04803,1039,6,0
2015-05-18 00:00:00,1.04836,1.04881,1.04701,1.0475,613,39,0
2015-05-18 02:00:00,1.0475,1.04868,1.04719,1.04861,805,9,0
2015-05-18 04:00:00,1.04861,1.0501,1.04817,1.04948,687,4,0
2015-05-18 06:00:00,1.04945,1.04952,1.04843,1.04843,570,4,0
2015-05-18 08:00:00,1.04842,1.04926,1.04842,1.04856,962,6,0
2015-05-18 10:00:00,1.0485,1.04979,1.0467,1.04721,1265,3,0
2015-05-18 12:00:00,1.04729,1.04868,1.04607,1.0473,1246,3,0
2015-05-18 14:00:00,1.04725,1.04854,1.0467,1.04683,3288,3,0
2015-05-18 16:00:00,1.04683,1.04771,1.04525,1.04762,12323,9,0
2015-05-18 18:00:00,1.04761,1.04858,1.04729,1.04816,8394,9,0
2015-05-18 20:00:00,1.04817,1.04853,1.04631,1.04648,7540,9,0
2015-05-18 22:00:00,1.04649,1.04813,1.04633,1.0481,4178,9,0
2015-05-19 00:00:00,1.04814,1.04815,1.04763,1.04778,2724,10,0
2015-05-19 02:00:00,1.04779,1.04879,1.04777,1.04797,3248,13,0
2015-05-19 04:00:00,1.04796,1.04802,1.04577,1.0463,3975,11,0
2015-05-19 06:00:00,1.04626,1.04759,1.04597,1.04749,2594,10,0
2015-05-19 08:00:00,1.0475,1.04844,1.04441,1.04585,6525,9,0
2015-05-19 10:00:00,1.04585,1.04587,1.04051,1.04278,16245,9,0
2015-05-19 12:00:00,1.04284,1.04336,1.04159,1.04313,9451,9,0
2015-05-19 14:00:00,1.04312,1.04393,1.04036,1.04357,11816,9,0
2015-05-19 16:00:00,1.04358,1.04474,1.04207,1.04393,12927,9,0
2015-05-19 18:00:00,1.04391,1.04479,1.04309,1.04351,9336,9,0
2015-05-19 20:00:00,1.04351,1.04563,1.043,1.04554,5364,9,0
2015-05-19 22:00:00,1.0455,1.0455,1.04428,1.04463,4424,9,0
2015-05-20 00:00:00,1.04468,1.04505,1.04422,1.04445,3429,19,0
2015-05-20 02:00:00,1.04446,1.04475,1.04332,1.04343,3932,15,0
2015-05-20 04:00:00,1.04347,1.04404,1.04324,1.0436,3797,9,0
2015-05-20 06:00:00,1.04359,1.04372,1.04287,1.04298,2400,9,0
2015-05-20 08:00:00,1.04298,1.0433,1.0396,1.04088,8590,9,0
2015-05-20 10:00:00,1.04088,1.04315,1.04027,1.04163,12257,9,0
2015-05-20 12:00:00,1.04161,1.04315,1.04142,1.04267,9683,9,0
2015-05-20 14:00:00,1.04266,1.04353,1.0415,1.04199,10852,9,0
2015-05-20 16:00:00,1.04199,1.04256,1.04053,1.04221,13320,9,0
2015-05-20 18:00:00,1.04222,1.04248,1.0394,1.03999,10433,9,0
2015-05-20 20:00:00,1.04001,1.041,1.03896,1.04004,12219,9,0
2015-05-20 22:00:00,1.04005,1.04059,1.03907,1.03968,6216,9,0
2015-05-21 00:00:00,1.03944,1.03965,1.03893,1.03945,3027,13,0
2015-05-21 02:00:00,1.03945,1.03972,1.03905,1.03933,3386,12,0
2015-05-21 04:00:00,1.03933,1.0397,1.0388,1.03886,3566,9,0
2015-05-21 06:00:00,1.03887,1.03938,1.03868,1.0393,3195,9,0
2015-05-21 08:00:00,1.03931,1.04119,1.03847,1.03975,6918,9,0
2015-05-21 10:00:00,1.03975,1.04168,1.03918,1.04002,13988,9,0
2015-05-21 12:00:00,1.04002,1.04119,1.03917,1.04052,9990,9,0
2015-05-21 14:00:00,1.04049,1.04059,1.03859,1.03972,11512,8,0
2015-05-21 16:00:00,1.03974,1.04145,1.03883,1.04088,14514,9,0
2015-05-21 18:00:00,1.04086,1.04122,1.03931,1.03978,8698,9,0
2015-05-21 20:00:00,1.03971,1.0413,1.03969,1.04128,6428,9,0
2015-05-21 22:00:00,1.04124,1.04127,1.04056,1.04099,3881,9,0
2015-05-22 00:00:00,1.041,1.04117,1.03988,1.04075,3669,15,0
2015-05-22 02:00:00,1.04079,1.04182,1.04039,1.04128,3170,9,0
2015-05-22 04:00:00,1.04128,1.04221,1.04107,1.04164,4077,9,0
2015-05-22 06:00:00,1.04166,1.04228,1.04164,1.0419,3771,16,0
2015-05-22 08:00:00,1.04191,1.04257,1.04119,1.04158,6286,14,0
2015-05-22 10:00:00,1.04159,1.04266,1.04062,1.04121,10059,9,0
2015-05-22 12:00:00,1.04119,1.0419,1.04018,1.04161,9095,9,0
2015-05-22 14:00:00,1.0416,1.04496,1.04035,1.04306,12894,9,0
2015-05-22 16:00:00,1.04305,1.04384,1.03873,1.03921,16313,9,0
2015-05-22 18:00:00,1.03923,1.04076,1.03858,1.04033,9472,9,0
2015-05-22 20:00:00,1.04032,1.04034,1.03869,1.03889,8443,9,0
2015-05-22 22:00:00,1.03888,1.03993,1.03828,1.03925,3179,9,0
2015-05-25 00:00:00,1.03806,1.03817,1.03542,1.03719,3299,11,0
2015-05-25 02:00:00,1.0372,1.03792,1.0362,1.03649,6300,16,0
2015-05-25 04:00:00,1.0365,1.0367,1.03578,1.03591,2943,9,0
2015-05-25 06:00:00,1.03584,1.03632,1.03537,1.03539,2681,14,0
2015-05-25 08:00:00,1.03539,1.03559,1.03417,1.03518,4915,9,0
2015-05-25 10:00:00,1.03519,1.03541,1.03452,1.03484,7882,10,0
2015-05-25 12:00:00,1.03484,1.03585,1.0345,1.03514,5743,9,0
2015-05-25 14:00:00,1.03513,1.03558,1.03469,1.03558,3823,9,0
2015-05-25 16:00:00,1.03558,1.03656,1.03398,1.03591,4862,9,0
2015-05-25 18:00:00,1.03595,1.03839,1.03564,1.03827,3044,9,0
2015-05-25 20:00:00,1.0382,1.03827,1.03743,1.03775,3560,23,0
2015-05-25 22:00:00,1.03773,1.03827,1.03698,1.03707,3561,9,0
2015-05-26 00:00:00,1.03685,1.03805,1.03685,1.03752,2439,17,0
2015-05-26 02:00:00,1.03753,1.0378,1.03568,1.03585,4046,13,0
2015-05-26 04:00:00,1.03585,1.03636,1.0354,1.03579,4760,11,0
2015-05-26 06:00:00,1.03579,1.03648,1.03531,1.03619,3265,15,0
2015-05-26 08:00:00,1.03619,1.03664,1.0353,1.03547,8410,10,0
2015-05-26 10:00:00,1.03546,1.03644,1.03465,1.03541,11423,5,0
2015-05-26 12:00:00,1.03545,1.03548,1.03233,1.03443,9418,2,0
2015-05-26 14:00:00,1.03442,1.03601,1.03328,1.03544,11189,6,0
2015-05-26 16:00:00,1.03543,1.03593,1.03405,1.03448,13368,9,0
2015-05-26 18:00:00,1.03448,1.03452,1.03325,1.03414,9360,9,0
2015-05-26 20:00:00,1.03413,1.03609,1.03352,1.03576,6576,9,0
2015-05-26 22:00:00,1.03575,1.03702,1.03507,1.03654,3967,9,0
2015-05-27 00:00:00,1.03651,1.03727,1.03609,1.03689,2815,12,0
2015-05-27 02:00:00,1.03693,1.037,1.03604,1.0361,3097,13,0
2015-05-27 04:00:00,1.0361,1.03618,1.03545,1.03546,3839,15,0
2015-05-27 06:00:00,1.03547,1.0359,1.03545,1.03564,2586,10,0
2015-05-27 08:00:00,1.03565,1.03654,1.03426,1.03438,6966,9,0
2015-05-27 10:00:00,1.03436,1.03558,1.03419,1.03484,9262,9,0
2015-05-27 12:00:00,1.03483,1.0349,1.03291,1.03308,10903,9,0
2015-05-27 14:00:00,1.03309,1.03458,1.03158,1.03279,11602,9,0
2015-05-27 16:00:00,1.03279,1.03575,1.03206,1.03476,15225,9,0
2015-05-27 18:00:00,1.03476,1.03537,1.03355,1.03429,9801,9,0
2015-05-27 20:00:00,1.0343,1.03636,1.03387,1.03591,6022,9,0
2015-05-27 22:00:00,1.03592,1.03689,1.0351,1.03518,4750,9,0
2015-05-28 00:00:00,1.03508,1.03633,1.03463,1.03528,3759,9,0
2015-05-28 02:00:00,1.03532,1.03577,1.03444,1.03529,3501,12,0
2015-05-28 04:00:00,1.03532,1.03564,1.0344,1.03447,5904,10,0
2015-05-28 06:00:00,1.03448,1.03527,1.03425,1.03475,4845,10,0
2015-05-28 08:00:00,1.03475,1.03617,1.0344,1.03448,8202,12,0
2015-05-28 10:00:00,1.03449,1.03518,1.03357,1.03494,11664,9,0
2015-05-28 12:00:00,1.03494,1.03549,1.03402,1.03422,9633,9,0
2015-05-28 14:00:00,1.03422,1.03612,1.03319,1.03411,12543,9,0
2015-05-28 16:00:00,1.03409,1.03469,1.03216,1.03232,12465,9,0
2015-05-28 18:00:00,1.03231,1.0328,1.03049,1.03238,9985,9,0
2015-05-28 20:00:00,1.03241,1.03278,1.03073,1.03252,7862,9,0
2015-05-28 22:00:00,1.03254,1.03352,1.03202,1.033,4426,9,0
2015-05-29 00:00:00,1.03258,1.03418,1.03178,1.03361,4547,9,0
2015-05-29 02:00:00,1.03363,1.0339,1.03281,1.03285,3792,14,0
2015-05-29 04:00:00,1.03284,1.03366,1.03244,1.03259,3175,10,0
2015-05-29 06:00:00,1.0326,1.03282,1.03138,1.03158,2684,12,0
2015-05-29 08:00:00,1.03158,1.03553,1.0313,1.03524,6441,9,0
2015-05-29 10:00:00,1.03527,1.03589,1.03371,1.0349,10528,9,0
2015-05-29 12:00:00,1.03496,1.03516,1.03179,1.03186,10520,9,0
2015-05-29 14:00:00,1.03187,1.03439,1.03153,1.03192,11305,9,0
2015-05-29 16:00:00,1.03192,1.03461,1.02796,1.03461,13876,9,0
2015-05-29 18:00:00,1.03466,1.03636,1.0334,1.0337,11179,9,0
2015-05-29 20:00:00,1.03373,1.03382,1.03172,1.0321,5542,9,0
2015-05-29 22:00:00,1.03212,1.03347,1.03203,1.03324,4355,9,0
2015-06-01 00:00:00,1.03297,1.03313,1.03128,1.03169,2226,23,0
2015-06-01 02:00:00,1.03168,1.03245,1.03095,1.031,6132,9,0
2015-06-01 04:00:00,1.03101,1.03219,1.03089,1.03218,4314,11,0
2015-06-01 06:00:00,1.03218,1.03294,1.03163,1.03275,5293,9,0
2015-06-01 08:00:00,1.03274,1.03469,1.03264,1.03382,5855,10,0
2015-06-01 10:00:00,1.03379,1.03502,1.03158,1.03184,10915,9,0
2015-06-01 12:00:00,1.03183,1.0335,1.03173,1.03243,8199,9,0
2015-06-01 14:00:00,1.03244,1.03385,1.03226,1.03297,10292,9,0
2015-06-01 16:00:00,1.03298,1.03314,1.0295,1.03108,14626,5,0
2015-06-01 18:00:00,1.03108,1.03404,1.03068,1.03352,13635,9,0
2015-06-01 20:00:00,1.03353,1.03403,1.03256,1.03389,8153,9,0
2015-06-01 22:00:00,1.03388,1.03429,1.03314,1.03361,6142,9,0
2015-06-02 00:00:00,1.0335,1.03397,1.03198,1.03339,6922,9,0
2015-06-02 02:00:00,1.03338,1.03353,1.03254,1.03301,4467,12,0
2015-06-02 04:00:00,1.033,1.03306,1.0324,1.03246,4262,15,0
2015-06-02 06:00:00,1.03244,1.03281,1.03197,1.03264,4391,11,0
2015-06-02 08:00:00,1.03265,1.0331,1.03117,1.03173,7620,9,0
2015-06-02 10:00:00,1.03174,1.03431,1.03158,1.03356,13998,3,0
2015-06-02 12:00:00,1.03358,1.03692,1.03236,1.0362,13881,2,0
2015-06-02 14:00:00,1.03621,1.04053,1.03609,1.04031,14639,2,0
2015-06-02 16:00:00,1.04033,1.04306,1.03826,1.03954,23538,2,0
2015-06-02 18:00:00,1.03955,1.04239,1.03783,1.04238,13479,2,0
2015-06-02 20:00:00,1.04237,1.04261,1.0406,1.04073,7134,2,0
2015-06-02 22:00:00,1.04076,1.04097,1.03958,1.0405,5620,4,0
2015-06-03 00:00:00,1.03988,1.04081,1.03984,1.04063,6825,20,0
2015-06-03 02:00:00,1.04063,1.04103,1.04025,1.04053,6341,16,0
2015-06-03 04:00:00,1.04054,1.04272,1.04045,1.0408,6763,11,0
2015-06-03 06:00:00,1.0408,1.04201,1.0406,1.04134,5021,12,0
2015-06-03 08:00:00,1.04135,1.04253,1.04083,1.04148,9737,9,0
2015-06-03 10:00:00,1.0415,1.04201,1.03991,1.04069,17751,9,0
2015-06-03 12:00:00,1.04063,1.0418,1.03976,1.04129,11777,9,0
2015-06-03 14:00:00,1.04129,1.04771,1.04007,1.0454,4766,3,0
2015-06-03 16:00:00,1.04545,1.05376,1.04505,1.05335,5149,2,0
2015-06-03 18:00:00,1.05326,1.05399,1.05139,1.05179,1414,2,0
2015-06-03 20:00:00,1.05179,1.05276,1.05179,1.05273,1079,3,0
2015-06-03 22:00:00,1.05268,1.05379,1.05219,1.05265,1298,4,0
2015-06-04 00:00:00,1.05273,1.0531,1.05192,1.05198,1449,12,0
2015-06-04 02:00:00,1.05198,1.05264,1.05191,1.05209,960,9,0
2015-06-04 04:00:00,1.0521,1.05289,1.05196,1.05263,803,7,0
2015-06-04 06:00:00,1.05262,1.05311,1.05238,1.05274,855,10,0
2015-06-04 08:00:00,1.05269,1.05269,1.05134,1.05164,1135,5,0
2015-06-04 10:00:00,1.05166,1.05725,1.05154,1.05417,1461,2,0
2015-06-04 12:00:00,1.05413,1.05712,1.05353,1.05588,1396,4,0
2015-06-04 14:00:00,1.0558,1.05606,1.05312,1.05335,1440,3,0
2015-06-04 16:00:00,1.05337,1.05447,1.05079,1.05383,1467,2,0
2015-06-04 18:00:00,1.0538,1.05443,1.05188,1.05304,5819,3,0
2015-06-04 20:00:00,1.05301,1.05319,1.04846,1.04881,10948,9,0
2015-06-04 22:00:00,1.04882,1.04935,1.04809,1.04889,5955,9,0
2015-06-05 00:00:00,1.04895,1.04942,1.04743,1.04745,10606,19,0
2015-06-05 02:00:00,1.04745,1.04867,1.04654,1.04817,7836,9,0
2015-06-05 04:00:00,1.04816,1.04856,1.0477,1.04814,4984,9,0
2015-06-05 06:00:00,1.04804,1.04826,1.04734,1.04745,4825,9,0
2015-06-05 08:00:00,1.04743,1.04916,1.04727,1.04857,10939,9,0
2015-06-05 10:00:00,1.04858,1.05019,1.04763,1.04988,18576,9,0
2015-06-05 12:00:00,1.04988,1.05018,1.04833,1.04842,11041,7,0
2015-06-05 14:00:00,1.04843,1.04942,1.04544,1.04923,19035,5,0
2015-06-05 16:00:00,1.04925,1.05195,1.04879,1.05189,27757,8,0
2015-06-05 18:00:00,1.05188,1.05348,1.04561,1.0457,16093,7,0
2015-06-05 20:00:00,1.0457,1.0466,1.04413,1.04433,9729,9,0
2015-06-05 22:00:00,1.04433,1.04495,1.04399,1.04403,4431,9,0
2015-06-08 00:00:00,1.04488,1.04516,1.04421,1.0445,2385,10,0
2015-06-08 02:00:00,1.04451,1.04474,1.04396,1.04411,4497,13,0
2015-06-08 04:00:00,1.04412,1.0453,1.04403,1.04514,5975,20,0
2015-06-08 06:00:00,1.04513,1.04542,1.04469,1.04533,3506,20,0
2015-06-08 08:00:00,1.04532,1.04688,1.04419,1.04611,10766,12,0
2015-06-08 10:00:00,1.0461,1.04752,1.04474,1.04532,18731,10,0
2015-06-08 12:00:00,1.04533,1.04678,1.04518,1.0464,9990,9,0
2015-06-08 14:00:00,1.04641,1.0482,1.04553,1.04787,13108,10,0
2015-06-08 16:00:00,1.04789,1.05087,1.04786,1.04936,16363,7,0
2015-06-08 18:00:00,1.04936,1.04982,1.04668,1.04734,11451,3,0
2015-06-08 20:00:00,1.04733,1.04825,1.04588,1.04762,12584,3,0
2015-06-08 22:00:00,1.04764,1.0483,1.0464,1.047,6936,10,0
2015-06-09 00:00:00,1.04719,1.04746,1.04608,1.04611,5308,12,0
2015-06-09 02:00:00,1.04611,1.04686,1.04604,1.04649,4224,17,0
2015-06-09 04:00:00,1.04647,1.04924,1.04619,1.04877,6914,15,0
2015-06-09 06:00:00,1.04877,1.04887,1.04756,1.04806,4375,15,0
2015-06-09 08:00:00,1.04805,1.04946,1.04698,1.04741,11321,11,0
2015-06-09 10:00:00,1.04741,1.04807,1.04439,1.04608,20215,8,0
2015-06-09 12:00:00,1.0461,1.04742,1.04414,1.04493,14756,10,0
2015-06-09 14:00:00,1.04494,1.04727,1.04464,1.04648,17549,7,0
2015-06-09 16:00:00,1.04648,1.0471,1.04537,1.04703,19327,8,0
2015-06-09 18:00:00,1.04702,1.04975,1.047,1.04921,13369,7,0
2015-06-09 20:00:00,1.04921,1.05124,1.04914,1.05047,7406,9,0
2015-06-09 22:00:00,1.05045,1.05045,1.04958,1.04969,4630,12,0
2015-06-10 00:00:00,1.04956,1.05011,1.04939,1.0498,2370,18,0
2015-06-10 02:00:00,1.04979,1.05112,1.04979,1.05062,5891,19,0
2015-06-10 04:00:00,1.05061,1.05135,1.0503,1.05122,4191,13,0
2015-06-10 06:00:00,1.05121,1.0514,1.04947,1.04978,8845,13,0
2015-06-10 08:00:00,1.0498,1.05112,1.04809,1.04848,12779,12,0
2015-06-10 10:00:00,1.04849,1.05126,1.04844,1.04903,21922,7,0
2015-06-10 12:00:00,1.04902,1.05048,1.04831,1.04888,15027,8,0
2015-06-10 14:00:00,1.0489,1.04977,1.04734,1.04952,15748,8,0
2015-06-10 16:00:00,1.04952,1.05095,1.04801,1.04949,20362,9,0
2015-06-10 18:00:00,1.0495,1.05286,1.04916,1.05253,15617,9,0
2015-06-10 20:00:00,1.05253,1.0546,1.05236,1.05425,7851,9,0
2015-06-10 22:00:00,1.05424,1.05525,1.0537,1.05474,5080,12,0
2015-06-11 00:00:00,1.0543,1.05525,1.05398,1.05525,4398,23,0
2015-06-11 02:00:00,1.05525,1.05525,1.05337,1.05341,4067,16,0
2015-06-11 04:00:00,1.05341,1.05407,1.05291,1.05404,5948,9,0
2015-06-11 06:00:00,1.05406,1.05466,1.05368,1.05417,4035,15,0
2015-06-11 08:00:00,1.05417,1.0544,1.05221,1.05262,9580,11,0
2015-06-11 10:00:00,1.05263,1.05541,1.05077,1.05395,13930,7,0
2015-06-11 12:00:00,1.05394,1.05524,1.05224,1.05238,5769,10,0
2015-06-11 14:00:00,1.05238,1.05286,1.05063,1.05196,16656,8,0
2015-06-11 16:00:00,1.05198,1.05308,1.04946,1.05149,18622,3,0
2015-06-11 18:00:00,1.05149,1.053,1.051,1.05238,10829,11,0
2015-06-11 20:00:00,1.05239,1.05284,1.05163,1.05206,6642,9,0
2015-06-11 22:00:00,1.05208,1.05226,1.05032,1.05052,5685,12,0
2015-06-12 00:00:00,1.05014,1.0509,1.04917,1.04968,5779,10,0
2015-06-12 02:00:00,1.0497,1.05057,1.04961,1.05011,5037,11,0
2015-06-12 04:00:00,1.05009,1.05049,1.04968,1.05032,4970,16,0
2015-06-12 06:00:00,1.05032,1.05063,1.04871,1.04925,5077,9,0
2015-06-12 08:00:00,1.04923,1.04972,1.04701,1.04791,7181,9,0
2015-06-12 10:00:00,1.0479,1.04878,1.04589,1.0464,1390,15,0
2015-06-12 12:00:00,1.04648,1.04678,1.04403,1.04539,1374,19,0
2015-06-12 14:00:00,1.0454,1.04689,1.04408,1.04453,1356,18,0
2015-06-12 16:00:00,1.04452,1.04463,1.04253,1.04401,1423,17,0
2015-06-12 18:00:00,1.04396,1.04538,1.04301,1.04434,1360,16,0
2015-06-12 20:00:00,1.04438,1.04624,1.04418,1.04507,974,17,0
2015-06-12 22:00:00,1.04507,1.04611,1.04478,1.04549,837,19,0
2015-06-15 00:00:00,1.04262,1.04323,1.04166,1.04304,1222,21,0
2015-06-15 02:00:00,1.04305,1.04622,1.04267,1.04519,851,21,0
2015-06-15 04:00:00,1.04518,1.04621,1.04468,1.04498,8722,15,0
2015-06-15 06:00:00,1.04501,1.04535,1.04465,1.04486,805,22,0
2015-06-15 08:00:00,1.04486,1.04554,1.04389,1.04476,2300,15,0
2015-06-15 10:00:00,1.04471,1.04705,1.04471,1.04578,1238,15,0
2015-06-15 12:00:00,1.0459,1.04678,1.04431,1.04674,9565,17,0
2015-06-15 14:00:00,1.04674,1.05174,1.04664,1.05089,13096,16,0
2015-06-15 16:00:00,1.05088,1.05317,1.05052,1.05222,14741,17,0
2015-06-15 18:00:00,1.05223,1.05416,1.05191,1.05328,10548,18,0
2015-06-15 20:00:00,1.05328,1.05338,1.04996,1.0506,8428,15,0
2015-06-15 22:00:00,1.05058,1.0506,1.04738,1.04848,5592,15,0
2015-06-16 00:00:00,1.04863,1.04892,1.04759,1.04845,3514,35,0
2015-06-16 02:00:00,1.04844,1.04952,1.04822,1.04914,3814,27,0
2015-06-16 04:00:00,1.04914,1.0494,1.04824,1.04851,6368,26,0
2015-06-16 06:00:00,1.04849,1.04889,1.04802,1.0488,4122,21,0
2015-06-16 08:00:00,1.04882,1.04993,1.04753,1.04963,8732,19,0
2015-06-16 10:00:00,1.04962,1.05071,1.04816,1.04851,10166,6,0
2015-06-16 12:00:00,1.04852,1.04974,1.04758,1.04811,10199,4,0
2015-06-16 14:00:00,1.04811,1.04879,1.04562,1.04696,12296,4,0
2015-06-16 16:00:00,1.047,1.04805,1.04543,1.04608,11813,4,0
2015-06-16 18:00:00,1.04606,1.04868,1.04605,1.04868,7790,4,0
2015-06-16 20:00:00,1.04867,1.04885,1.04737,1.04791,4598,7,0
2015-06-16 22:00:00,1.0479,1.04876,1.04769,1.04817,3942,8,0
2015-06-17 00:00:00,1.04811,1.04853,1.04792,1.048,2679,23,0
2015-06-17 02:00:00,1.04801,1.04802,1.04736,1.04759,3129,16,0
2015-06-17 04:00:00,1.04759,1.04781,1.04727,1.04757,3533,14,0
2015-06-17 06:00:00,1.04756,1.0483,1.04749,1.04811,3657,11,0
2015-06-17 08:00:00,1.04814,1.04826,1.04654,1.04693,6216,7,0
2015-06-17 10:00:00,1.04719,1.04726,1.04028,1.04274,18258,3,0
2015-06-17 12:00:00,1.0427,1.0463,1.04249,1.04522,13277,3,0
2015-06-17 14:00:00,1.04523,1.04563,1.04403,1.0445,12227,5,0
2015-06-17 16:00:00,1.04448,1.04571,1.04354,1.04425,12432,3,0
2015-06-17 18:00:00,1.04425,1.04495,1.04215,1.04346,10265,6,0
2015-06-17 20:00:00,1.04346,1.04576,1.04172,1.04494,22238,4,0
2015-06-17 22:00:00,1.04497,1.0457,1.04414,1.04513,11975,7,0
2015-06-18 00:00:00,1.045,1.04585,1.04478,1.04559,6366,13,0
2015-06-18 02:00:00,1.04558,1.04696,1.04529,1.0455,6995,5,0
2015-06-18 04:00:00,1.04551,1.04598,1.04496,1.04555,5107,13,0
2015-06-18 06:00:00,1.04557,1.04639,1.04541,1.04575,5681,10,0
2015-06-18 08:00:00,1.04574,1.04627,1.04457,1.04542,10077,5,0
2015-06-18 10:00:00,1.0454,1.04703,1.04436,1.04496,18298,5,0
2015-06-18 12:00:00,1.04496,1.04705,1.04444,1.04467,16311,3,0
2015-06-18 14:00:00,1.04467,1.04675,1.04383,1.04458,16551,4,0
2015-06-18 16:00:00,1.04458,1.04749,1.04389,1.04726,16213,3,0
2015-06-18 18:00:00,1.04723,1.05345,1.04622,1.05002,16436,3,0
2015-06-18 20:00:00,1.05003,1.05049,1.04778,1.04814,8690,3,0
2015-06-18 22:00:00,1.04815,1.04839,1.04674,1.04678,5034,7,0
2015-06-19 00:00:00,1.04675,1.04897,1.04641,1.04712,6590,24,0
2015-06-19 02:00:00,1.04707,1.04806,1.04707,1.04788,3556,3,0
2015-06-19 04:00:00,1.04788,1.04797,1.04767,1.04783,2525,8,0
2015-06-19 06:00:00,1.04783,1.04794,1.04636,1.04639,3438,6,0
2015-06-19 08:00:00,1.0464,1.04692,1.04604,1.04667,6870,6,0
2015-06-19 10:00:00,1.04667,1.04684,1.04323,1.044,15841,3,0
2015-06-19 12:00:00,1.04399,1.04471,1.04294,1.04304,11871,3,0
2015-06-19 14:00:00,1.04302,1.04586,1.04284,1.04483,12425,5,0
2015-06-19 16:00:00,1.04485,1.04766,1.04464,1.04483,12909,4,0
2015-06-19 18:00:00,1.04484,1.04496,1.04262,1.0441,8219,4,0
2015-06-19 20:00:00,1.04409,1.04475,1.04117,1.04134,7398,3,0
2015-06-19 22:00:00,1.04135,1.04243,1.04023,1.04205,5003,5,0
2015-06-22 00:00:00,1.04248,1.04293,1.04176,1.04291,2849,7,0
2015-06-22 02:00:00,1.04287,1.04364,1.04287,1.04339,2950,6,0
2015-06-22 04:00:00,1.04339,1.04408,1.04236,1.04369,3909,9,0
2015-06-22 06:00:00,1.0437,1.04508,1.04369,1.0449,4149,11,0
2015-06-22 08:00:00,1.0449,1.04653,1.0441,1.04535,7759,7,0
2015-06-22 10:00:00,1.04536,1.04539,1.04166,1.04342,15697,3,0
2015-06-22 12:00:00,1.04343,1.04612,1.04324,1.04414,11171,4,0
2015-06-22 14:00:00,1.04415,1.04641,1.04101,1.04362,12478,3,0
2015-06-22 16:00:00,1.04361,1.04801,1.04222,1.04544,18015,3,0
2015-06-22 18:00:00,1.04544,1.04694,1.04479,1.04588,12759,5,0
2015-06-22 20:00:00,1.04588,1.04638,1.04415,1.04479,6249,6,0
2015-06-22 22:00:00,1.04477,1.04546,1.04428,1.04495,5581,8,0
2015-06-23 00:00:00,1.0448,1.04518,1.04411,1.04499,3861,19,0
2015-06-23 02:00:00,1.04499,1.04576,1.04496,1.04537,3001,10,0
2015-06-23 04:00:00,1.04536,1.04573,1.04405,1.04471,8449,8,0
2015-06-23 06:00:00,1.04468,1.04567,1.04421,1.04543,5767,8,0
2015-06-23 08:00:00,1.04546,1.04562,1.04358,1.04388,10984,4,0
2015-06-23 10:00:00,1.04389,1.04539,1.04317,1.04384,15366,3,0
2015-06-23 12:00:00,1.04384,1.04704,1.04359,1.04634,11687,5,0
2015-06-23 14:00:00,1.04634,1.04718,1.04455,1.04697,15825,5,0
2015-06-23 16:00:00,1.04697,1.04742,1.04394,1.04473,17900,3,0
2015-06-23 18:00:00,1.04474,1.04519,1.04399,1.04438,9916,3,0
2015-06-23 20:00:00,1.04438,1.04474,1.04249,1.04441,5670,3,0
2015-06-23 22:00:00,1.04444,1.04464,1.04261,1.04261,5864,3,0
2015-06-24 00:00:00,1.04296,1.04343,1.04246,1.04333,4824,21,0
2015-06-24 02:00:00,1.04335,1.04348,1.04265,1.04269,3687,11,0
2015-06-24 04:00:00,1.04268,1.04375,1.04226,1.04368,5077,9,0
2015-06-24 06:00:00,1.04368,1.04386,1.04332,1.04374,3640,3,0
2015-06-24 08:00:00,1.04374,1.04534,1.04274,1.043,10618,4,0
2015-06-24 10:00:00,1.043,1.04465,1.04238,1.04388,15732,3,0
2015-06-24 12:00:00,1.04389,1.04485,1.04297,1.04381,13721,3,0
2015-06-24 14:00:00,1.04382,1.04559,1.04361,1.04517,12831,3,0
2015-06-24 16:00:00,1.04519,1.04635,1.04416,1.04586,13233,3,0
2015-06-24 18:00:00,1.04586,1.04734,1.0456,1.04638,11006,4,0
2015-06-24 20:00:00,1.04634,1.04713,1.04584,1.04646,8247,3,0
2015-06-24 22:00:00,1.04647,1.04678,1.0456,1.04606,4629,3,0
2015-06-25 00:00:00,1.04609,1.04643,1.0453,1.04574,5208,25,0
2015-06-25 02:00:00,1.04574,1.04649,1.0456,1.04605,3991,10,0
2015-06-25 04:00:00,1.04605,1.04713,1.04605,1.047,3814,10,0
2015-06-25 06:00:00,1.04701,1.04728,1.04611,1.0462,2915,10,0
2015-06-25 08:00:00,1.04622,1.04717,1.04525,1.04668,7941,6,0
2015-06-25 10:00:00,1.04669,1.04975,1.04566,1.04801,13855,3,0
2015-06-25 12:00:00,1.048,1.05448,1.0462,1.05227,17359,3,0
2015-06-25 14:00:00,1.05224,1.05459,1.05045,1.05133,14243,3,0
2015-06-25 16:00:00,1.05132,1.05241,1.04647,1.04999,15418,3,0
2015-06-25 18:00:00,1.04998,1.05122,1.04809,1.04898,7975,4,0
2015-06-25 20:00:00,1.04899,1.04977,1.04826,1.04879,5021,8,0
2015-06-25 22:00:00,1.0488,1.05014,1.04857,1.04888,5044,6,0
2015-06-26 00:00:00,1.0493,1.0493,1.04802,1.0488,5405,15,0
2015-06-26 02:00:00,1.04881,1.04956,1.04683,1.04717,3730,4,0
2015-06-26 04:00:00,1.04717,1.0477,1.04667,1.04747,5387,8,0
2015-06-26 06:00:00,1.04748,1.04777,1.04674,1.04731,5503,13,0
2015-06-26 08:00:00,1.04732,1.04914,1.047,1.04833,6867,8,0
2015-06-26 10:00:00,1.04832,1.04847,1.04505,1.04508,12132,3,0
2015-06-26 12:00:00,1.04509,1.04605,1.04188,1.04314,9974,4,0
2015-06-26 14:00:00,1.04314,1.04543,1.04314,1.04479,11630,3,0
2015-06-26 16:00:00,1.04478,1.04506,1.04127,1.04129,15277,3,0
2015-06-26 18:00:00,1.04129,1.04407,1.04102,1.04298,11566,3,0
2015-06-26 20:00:00,1.04298,1.04525,1.04186,1.04498,7000,5,0
2015-06-26 22:00:00,1.04498,1.04515,1.04191,1.04268,4822,7,0
2015-06-29 00:00:00,1.03262,1.03339,1.03128,1.03184,10103,22,0
2015-06-29 02:00:00,1.03183,1.03445,1.03133,1.0329,11944,9,0
2015-06-29 04:00:00,1.03291,1.03397,1.03275,1.03388,6547,10,0
2015-06-29 06:00:00,1.03387,1.03416,1.03315,1.03355,5805,11,0
2015-06-29 08:00:00,1.03359,1.03803,1.03208,1.03776,17263,5,0
2015-06-29 10:00:00,1.0376,1.04404,1.03674,1.04166,20433,3,0
2015-06-29 12:00:00,1.04166,1.04192,1.03777,1.03869,16624,7,0
2015-06-29 14:00:00,1.03869,1.03879,1.03606,1.03735,14487,6,0
2015-06-29 16:00:00,1.03736,1.03749,1.03506,1.03597,16402,3,0
2015-06-29 18:00:00,1.03599,1.03906,1.03555,1.03867,13916,7,0
2015-06-29 20:00:00,1.03867,1.04269,1.03801,1.04148,12562,6,0
2015-06-29 22:00:00,1.04156,1.04217,1.039,1.03913,6836,7,0
2015-06-30 00:00:00,1.03899,1.0396,1.03778,1.03804,5214,15,0
2015-06-30 02:00:00,1.03807,1.03903,1.03726,1.03743,5498,10,0
2015-06-30 04:00:00,1.03742,1.03805,1.03713,1.03732,5315,13,0
2015-06-30 06:00:00,1.0373,1.04174,1.03726,1.04158,6124,8,0
2015-06-30 08:00:00,1.04155,1.04189,1.039,1.04048,9114,3,0
2015-06-30 10:00:00,1.04049,1.04116,1.03747,1.03759,16913,5,0
2015-06-30 12:00:00,1.03762,1.04147,1.03752,1.03947,16004,5,0
2015-06-30 14:00:00,1.03949,1.0434,1.03922,1.04304,14996,4,0
2015-06-30 16:00:00,1.04304,1.04483,1.03961,1.04194,19543,3,0
2015-06-30 18:00:00,1.04197,1.04518,1.04039,1.04294,15287,3,0
2015-06-30 20:00:00,1.04292,1.0435,1.04127,1.04232,7798,5,0
2015-06-30 22:00:00,1.04231,1.0429,1.0412,1.04155,5934,7,0
2015-07-01 00:00:00,1.04229,1.04262,1.0409,1.04148,7012,27,0
2015-07-01 02:00:00,1.04146,1.04151,1.04029,1.04065,6811,13,0
2015-07-01 04:00:00,1.04064,1.04178,1.04027,1.04146,6090,11,0
2015-07-01 06:00:00,1.04146,1.04248,1.0414,1.04242,3416,10,0
2015-07-01 08:00:00,1.04242,1.04296,1.04114,1.04239,6995,7,0
2015-07-01 10:00:00,1.04239,1.04593,1.04233,1.04548,15636,5,0
2015-07-01 12:00:00,1.04548,1.04707,1.04336,1.04624,16546,5,0
2015-07-01 14:00:00,1.04623,1.04701,1.04277,1.04478,13973,3,0
2015-07-01 16:00:00,1.04479,1.04924,1.04337,1.04922,15742,5,0
2015-07-01 18:00:00,1.04921,1.04921,1.04688,1.04785,10652,3,0
2015-07-01 20:00:00,1.04786,1.04896,1.0472,1.04828,8606,5,0
2015-07-01 22:00:00,1.04826,1.04849,1.04737,1.04794,5770,7,0
2015-07-02 00:00:00,1.04812,1.04854,1.04715,1.04717,5683,18,0
2015-07-02 02:00:00,1.04717,1.0478,1.04673,1.04734,4838,14,0
2015-07-02 04:00:00,1.04735,1.04839,1.04665,1.04799,5687,11,0
2015-07-02 06:00:00,1.048,1.0483,1.04718,1.04741,5330,10,0
2015-07-02 08:00:00,1.0474,1.0478,1.04615,1.04698,9279,9,0
2015-07-02 10:00:00,1.04698,1.04955,1.04664,1.04889,18903,1,0
2015-07-02 12:00:00,1.04889,1.05243,1.04859,1.0509,11346,1,0
2015-07-02 14:00:00,1.0509,1.05203,1.04641,1.04694,16568,1,0
2015-07-02 16:00:00,1.04695,1.04794,1.04479,1.04789,13114,1,0
2015-07-02 18:00:00,1.04788,1.04883,1.04624,1.04817,8178,1,0
2015-07-02 20:00:00,1.04815,1.04815,1.04586,1.04593,4661,2,0
2015-07-02 22:00:00,1.04601,1.04655,1.04554,1.04572,3497,2,0
2015-07-03 00:00:00,1.04556,1.04607,1.04546,1.04569,3212,9,0
2015-07-03 02:00:00,1.04569,1.04639,1.0454,1.04572,3804,6,0
2015-07-03 04:00:00,1.04564,1.04622,1.04543,1.04612,5688,9,0
2015-07-03 06:00:00,1.04612,1.04661,1.0454,1.04601,3428,11,0
2015-07-03 08:00:00,1.04591,1.04611,1.04471,1.04528,4672,1,0
2015-07-03 10:00:00,1.04529,1.04715,1.04526,1.04637,12592,1,0
2015-07-03 12:00:00,1.04637,1.04692,1.04571,1.04606,8628,1,0
2015-07-03 14:00:00,1.04604,1.04677,1.04509,1.04525,8807,1,0
2015-07-03 16:00:00,1.04525,1.04575,1.04347,1.0453,9988,1,0
2015-07-03 18:00:00,1.04528,1.04583,1.04356,1.04397,10707,1,0
2015-07-03 20:00:00,1.04399,1.04618,1.04358,1.04427,4732,3,0
2015-07-03 22:00:00,1.04434,1.04496,1.04267,1.04332,2576,2,0
2015-07-06 00:00:00,1.03633,1.04168,1.03505,1.03898,8638,25,0
2015-07-06 02:00:00,1.03896,1.03996,1.03765,1.03916,9794,24,0
2015-07-06 04:00:00,1.03917,1.04252,1.03917,1.04215,9331,24,0
2015-07-06 06:00:00,1.04213,1.04269,1.04087,1.04118,9128,15,0
2015-07-06 08:00:00,1.04115,1.04418,1.03989,1.04285,13026,17,0
2015-07-06 10:00:00,1.04285,1.0456,1.042,1.04449,21117,14,0
2015-07-06 12:00:00,1.04449,1.04456,1.04248,1.0431,17170,17,0
2015-07-06 14:00:00,1.04305,1.04383,1.04066,1.0438,14958,15,0
2015-07-06 16:00:00,1.04381,1.04516,1.04272,1.0449,16556,15,0
2015-07-06 18:00:00,1.04491,1.04546,1.04266,1.04314,12974,16,0
2015-07-06 20:00:00,1.04312,1.04428,1.04058,1.04138,7967,13,0
2015-07-06 22:00:00,1.04138,1.04232,1.04124,1.04155,3777,11,0
2015-07-07 00:00:00,1.04155,1.04247,1.04137,1.04191,3474,16,0
2015-07-07 02:00:00,1.04192,1.04244,1.04137,1.04195,4154,12,0
2015-07-07 04:00:00,1.04195,1.04222,1.04059,1.04059,4169,10,0
2015-07-07 06:00:00,1.04059,1.04148,1.04033,1.04104,4744,9,0
2015-07-07 08:00:00,1.04103,1.04227,1.04097,1.04216,9543,15,0
2015-07-07 10:00:00,1.04217,1.04278,1.03875,1.03899,20216,14,0
2015-07-07 12:00:00,1.03898,1.04133,1.03862,1.04107,17587,14,0
2015-07-07 14:00:00,1.04108,1.04138,1.03738,1.03853,17859,16,0
2015-07-07 16:00:00,1.03855,1.03955,1.03649,1.03917,17145,16,0
2015-07-07 18:00:00,1.03914,1.03975,1.03776,1.03859,16515,15,0
2015-07-07 20:00:00,1.03863,1.04065,1.03811,1.03875,7784,14,0
2015-07-07 22:00:00,1.03878,1.04356,1.03878,1.04174,9577,16,0
2015-07-08 00:00:00,1.04201,1.04215,1.04011,1.04159,5513,16,0
2015-07-08 02:00:00,1.04157,1.04231,1.04039,1.04063,4910,12,0
2015-07-08 04:00:00,1.04063,1.04084,1.03963,1.03998,7798,14,0
2015-07-08 06:00:00,1.03998,1.04134,1.03957,1.04083,6959,20,0
2015-07-08 08:00:00,1.04083,1.04123,1.03993,1.04056,9810,8,0
2015-07-08 10:00:00,1.04058,1.04204,1.03921,1.04082,19126,15,0
2015-07-08 12:00:00,1.04082,1.04325,1.03943,1.04313,14844,15,0
2015-07-08 14:00:00,1.04311,1.04893,1.043,1.04775,14959,13,0
2015-07-08 16:00:00,1.04773,1.05141,1.04642,1.05088,17221,16,0
2015-07-08 18:00:00,1.05088,1.05173,1.04663,1.04694,14850,14,0
2015-07-08 20:00:00,1.04697,1.04823,1.04593,1.04597,10814,14,0
2015-07-08 22:00:00,1.04596,1.04749,1.04587,1.04661,6481,7,0
2015-07-09 00:00:00,1.04661,1.04747,1.04629,1.04684,7601,18,0
2015-07-09 02:00:00,1.04685,1.04739,1.04624,1.04624,5856,13,0
2015-07-09 04:00:00,1.04624,1.0472,1.046,1.04644,7257,5,0
2015-07-09 06:00:00,1.04645,1.0472,1.04607,1.04628,5134,12,0
2015-07-09 08:00:00,1.04631,1.04901,1.04612,1.04728,10860,14,0
2015-07-09 10:00:00,1.04724,1.04887,1.04608,1.04883,17506,15,0
2015-07-09 12:00:00,1.04881,1.05017,1.04692,1.04827,15183,15,0
2015-07-09 14:00:00,1.04827,1.0506,1.04795,1.04925,15425,10,0
2015-07-09 16:00:00,1.04922,1.04952,1.04624,1.04631,14208,15,0
2015-07-09 18:00:00,1.04631,1.04712,1.04305,1.04314,9989,6,0
2015-07-09 20:00:00,1.04315,1.04477,1.04293,1.04456,8261,18,0
2015-07-09 22:00:00,1.04457,1.04644,1.04443,1.04554,7273,13,0
2015-07-10 00:00:00,1.04552,1.04988,1.04528,1.04922,6991,21,0
2015-07-10 02:00:00,1.04923,1.04952,1.04743,1.04858,6421,2,0
2015-07-10 04:00:00,1.04859,1.04996,1.04796,1.0498,6548,9,0
2015-07-10 06:00:00,1.04979,1.0503,1.04965,1.04996,4306,8,0
2015-07-10 08:00:00,1.04999,1.0524,1.0496,1.04981,12416,9,0
2015-07-10 10:00:00,1.04981,1.05048,1.0424,1.04535,20493,15,0
2015-07-10 12:00:00,1.04532,1.04813,1.04438,1.04766,18780,16,0
2015-07-10 14:00:00,1.04768,1.04897,1.04554,1.04835,18466,7,0
2015-07-10 16:00:00,1.04834,1.04918,1.04582,1.04901,16874,14,0
2015-07-10 18:00:00,1.04901,1.05007,1.04754,1.04776,13673,14,0
2015-07-10 20:00:00,1.04778,1.04858,1.04748,1.04764,8177,14,0
2015-07-10 22:00:00,1.04764,1.0482,1.04493,1.04675,5710,1,0
2015-07-13 00:00:00,1.04498,1.04739,1.04425,1.04616,4156,1,0
2015-07-13 02:00:00,1.04617,1.04746,1.04549,1.04577,5199,11,0
2015-07-13 04:00:00,1.04582,1.04634,1.04476,1.04609,6767,14,0
2015-07-13 06:00:00,1.04609,1.04757,1.04603,1.04714,6262,12,0
2015-07-13 08:00:00,1.04713,1.04933,1.04618,1.04883,9770,12,0
2015-07-13 10:00:00,1.04883,1.05113,1.0461,1.04816,24044,14,0
2015-07-13 12:00:00,1.04819,1.04899,1.0474,1.04819,16804,13,0
2015-07-13 14:00:00,1.04819,1.04904,1.04686,1.0482,14913,15,0
2015-07-13 16:00:00,1.0482,1.04853,1.04502,1.04558,14867,15,0
2015-07-13 18:00:00,1.0456,1.04652,1.04506,1.0451,11134,2,0
2015-07-13 20:00:00,1.04509,1.04532,1.04428,1.04479,6476,5,0
2015-07-13 22:00:00,1.04479,1.04562,1.04419,1.04496,6039,11,0
2015-07-14 00:00:00,1.04495,1.04578,1.04466,1.04538,4161,12,0
2015-07-14 02:00:00,1.04538,1.04623,1.04399,1.04579,7809,15,0
2015-07-14 04:00:00,1.04579,1.04637,1.0455,1.04576,6548,14,0
2015-07-14 06:00:00,1.04579,1.0461,1.04539,1.04579,4566,6,0
2015-07-14 08:00:00,1.04579,1.04632,1.04428,1.04498,11941,10,0
2015-07-14 10:00:00,1.04498,1.04558,1.04001,1.04023,19279,16,0
2015-07-14 12:00:00,1.04023,1.04284,1.04,1.04256,16516,15,0
2015-07-14 14:00:00,1.04263,1.04328,1.04098,1.04199,17346,10,0
2015-07-14 16:00:00,1.04199,1.04313,1.0408,1.04084,14187,15,0
2015-07-14 18:00:00,1.04084,1.04209,1.04041,1.04097,9958,9,0
2015-07-14 20:00:00,1.04097,1.04107,1.03997,1.04027,5196,9,0
2015-07-14 22:00:00,1.04031,1.04063,1.03988,1.04007,3144,1,0
2015-07-15 00:00:00,1.04002,1.04057,1.03983,1.04035,3703,10,0
2015-07-15 02:00:00,1.04034,1.0404,1.03976,1.03987,3378,8,0
2015-07-15 04:00:00,1.03988,1.04026,1.03975,1.04009,3002,3,0
2015-07-15 06:00:00,1.04009,1.04024,1.03955,1.03979,4250,1,0
2015-07-15 08:00:00,1.03982,1.04172,1.0396,1.04094,9982,15,0
2015-07-15 10:00:00,1.04094,1.04353,1.04065,1.04327,12168,16,0
2015-07-15 12:00:00,1.04327,1.04429,1.04303,1.04389,9808,15,0
2015-07-15 14:00:00,1.04391,1.04519,1.04176,1.04263,14255,16,0
2015-07-15 16:00:00,1.04263,1.04433,1.04202,1.0438,17157,14,0
2015-07-15 18:00:00,1.04379,1.04475,1.04242,1.04256,10578,10,0
2015-07-15 20:00:00,1.04254,1.04303,1.04158,1.04236,7110,9,0
2015-07-15 22:00:00,1.04245,1.04283,1.04149,1.04177,4459,9,0
2015-07-16 00:00:00,1.04173,1.04324,1.0415,1.04309,3848,15,0
2015-07-16 02:00:00,1.04311,1.04311,1.0415,1.04183,6310,15,0
2015-07-16 04:00:00,1.04183,1.04203,1.04082,1.04193,5833,11,0
2015-07-16 06:00:00,1.04193,1.04276,1.04165,1.04224,4305,4,0
2015-07-16 08:00:00,1.04226,1.04373,1.04162,1.04305,8777,13,0
2015-07-16 10:00:00,1.04302,1.04363,1.04098,1.04115,15844,18,0
2015-07-16 12:00:00,1.04107,1.04235,1.04087,1.04151,13000,15,0
2015-07-16 14:00:00,1.04148,1.04244,1.03973,1.04035,17834,16,0
2015-07-16 16:00:00,1.04035,1.04248,1.03989,1.04126,16653,14,0
2015-07-16 18:00:00,1.04125,1.04254,1.04099,1.04188,7392,16,0
2015-07-16 20:00:00,1.04184,1.04256,1.0413,1.04132,5295,11,0
2015-07-16 22:00:00,1.04133,1.04168,1.04086,1.04123,3373,9,0
2015-07-17 00:00:00,1.0414,1.0418,1.0406,1.04149,3721,24,0
2015-07-17 02:00:00,1.04155,1.04204,1.041,1.04142,6011,20,0
2015-07-17 04:00:00,1.04147,1.04246,1.04125,1.04177,6155,18,0
2015-07-17 06:00:00,1.04178,1.04268,1.04175,1.04206,2929,11,0
2015-07-17 08:00:00,1.04205,1.04231,1.04105,1.04132,7327,9,0
2015-07-17 10:00:00,1.04132,1.04291,1.04076,1.04284,12671,11,0
2015-07-17 12:00:00,1.04287,1.04335,1.04183,1.04311,9564,13,0
2015-07-17 14:00:00,1.04312,1.04403,1.04245,1.04285,13513,16,0
2015-07-17 16:00:00,1.04288,1.04303,1.04176,1.04184,14048,14,0
2015-07-17 18:00:00,1.04184,1.04247,1.04138,1.04217,7843,10,0
2015-07-17 20:00:00,1.04215,1.04285,1.04182,1.04208,3668,12,0
2015-07-17 22:00:00,1.04208,1.04221,1.04106,1.04141,3110,12,0
2015-07-20 00:00:00,1.04165,1.04268,1.04093,1.04131,4372,22,0
2015-07-20 02:00:00,1.04131,1.04243,1.04109,1.04147,3632,14,0
2015-07-20 04:00:00,1.04147,1.04246,1.0411,1.04196,5001,17,0
2015-07-20 06:00:00,1.04198,1.04273,1.04159,1.04268,6483,23,0
2015-07-20 08:00:00,1.04268,1.04395,1.04212,1.04337,7265,20,0
2015-07-20 10:00:00,1.04337,1.04463,1.04243,1.04381,14073,20,0
2015-07-20 12:00:00,1.04384,1.0443,1.04281,1.04306,12543,14,0
2015-07-20 14:00:00,1.04306,1.04483,1.04246,1.04446,10821,16,0
2015-07-20 16:00:00,1.04448,1.04558,1.0442,1.04538,11672,16,0
2015-07-20 18:00:00,1.0454,1.04556,1.04401,1.04438,7620,14,0
2015-07-20 20:00:00,1.04438,1.04514,1.04383,1.04405,5333,14,0
2015-07-20 22:00:00,1.0441,1.04428,1.04253,1.04395,5914,11,0
2015-07-21 00:00:00,1.04394,1.04444,1.04318,1.04365,3458,19,0
2015-07-21 02:00:00,1.04366,1.0439,1.04256,1.04303,2559,17,0
2015-07-21 04:00:00,1.04303,1.04351,1.04248,1.04344,6105,16,0
2015-07-21 06:00:00,1.04349,1.04408,1.04297,1.04328,9305,18,0
2015-07-21 08:00:00,1.04325,1.04359,1.04259,1.04306,9731,19,0
2015-07-21 10:00:00,1.04307,1.04449,1.0427,1.04322,14932,16,0
2015-07-21 12:00:00,1.0432,1.0446,1.04283,1.04299,10703,15,0
2015-07-21 14:00:00,1.04297,1.0445,1.04258,1.04334,11577,16,0
2015-07-21 16:00:00,1.04335,1.04624,1.04274,1.04623,17822,6,0
2015-07-21 18:00:00,1.04622,1.04875,1.04589,1.04866,22833,3,0
2015-07-21 20:00:00,1.04865,1.04932,1.04807,1.04832,19658,4,0
2015-07-21 22:00:00,1.04835,1.04882,1.04787,1.04808,10685,3,0
2015-07-22 00:00:00,1.04772,1.04869,1.04727,1.04801,3518,13,0
2015-07-22 02:00:00,1.04802,1.04874,1.04753,1.04844,4534,25,0
2015-07-22 04:00:00,1.04845,1.04881,1.04691,1.04707,6634,15,0
2015-07-22 06:00:00,1.04708,1.04811,1.04692,1.04805,5639,28,0
2015-07-22 08:00:00,1.04805,1.04907,1.04722,1.04827,7109,16,0
2015-07-22 10:00:00,1.04828,1.04883,1.04748,1.0484,12341,10,0
2015-07-22 12:00:00,1.04838,1.04923,1.04744,1.04842,9580,8,0
2015-07-22 14:00:00,1.04841,1.04886,1.04768,1.04817,22898,4,0
2015-07-22 16:00:00,1.04817,1.04887,1.04668,1.04825,26050,3,0
2015-07-22 18:00:00,1.04827,1.04883,1.04578,1.04784,20744,4,0
2015-07-22 20:00:00,1.04784,1.04852,1.04732,1.04826,11400,5,0
2015-07-22 22:00:00,1.04826,1.04902,1.04811,1.04876,10647,4,0
2015-07-23 00:00:00,1.04854,1.04883,1.04818,1.04873,3930,19,0
2015-07-23 02:00:00,1.04874,1.04938,1.04835,1.04928,8559,7,0
2015-07-23 04:00:00,1.04928,1.04984,1.04913,1.04978,10842,2,0
2015-07-23 06:00:00,1.0498,1.05001,1.04877,1.04909,6870,8,0
2015-07-23 08:00:00,1.04908,1.04941,1.04788,1.04797,6576,8,3422580000
2015-07-23 10:00:00,1.04796,1.04936,1.04692,1.04886,17487,15,20045790000
2015-07-23 12:00:00,1.04886,1.05063,1.04806,1.05002,10824,15,12931137000
2015-07-23 14:00:00,1.04998,1.05212,1.04939,1.05011,15388,15,19675900000
2015-07-23 16:00:00,1.05011,1.05341,1.05005,1.05326,15797,15,20289046000
2015-07-23 18:00:00,1.05326,1.05335,1.05103,1.05171,11120,15,12802585000
2015-07-23 20:00:00,1.05172,1.05382,1.05172,1.05329,7647,15,7638094000
2015-07-23 22:00:00,1.05328,1.05522,1.05267,1.05411,5839,13,6016400000
2015-07-24 00:00:00,1.05283,1.05465,1.05177,1.05423,2267,22,1957000000
2015-07-24 02:00:00,1.05423,1.05447,1.05375,1.0538,2797,15,2634600000
2015-07-24 04:00:00,1.0538,1.05487,1.05348,1.05371,5183,15,4014880000
2015-07-24 06:00:00,1.05371,1.05448,1.05334,1.0542,3810,15,2055885000
2015-07-24 08:00:00,1.05421,1.05435,1.05275,1.05349,5036,15,5451010000
2015-07-24 10:00:00,1.05349,1.0542,1.05108,1.05189,12903,15,13975383000
2015-07-24 12:00:00,1.05189,1.05213,1.0506,1.05188,8395,15,10491450000
2015-07-24 14:00:00,1.05187,1.05229,1.05077,1.05156,12090,15,14041050000
2015-07-24 16:00:00,1.05155,1.0529,1.05129,1.05169,14971,15,18985904000
2015-07-24 18:00:00,1.05169,1.05687,1.05143,1.05647,12730,15,16102627000
2015-07-24 20:00:00,1.05647,1.058,1.05627,1.05689,7681,15,8450116000
2015-07-24 22:00:00,1.05686,1.05738,1.0559,1.0559,3841,15,4712450000
2015-07-27 00:00:00,1.05575,1.05731,1.05565,1.05617,2246,31,833700000
2015-07-27 02:00:00,1.05614,1.05638,1.05573,1.05598,3409,15,2327600000
2015-07-27 04:00:00,1.056,1.05826,1.05565,1.0569,6268,15,4771750000
2015-07-27 06:00:00,1.05689,1.05747,1.05636,1.05681,4637,15,3964600000
2015-07-27 08:00:00,1.05682,1.05807,1.0563,1.05683,7751,15,7787550000
2015-07-27 10:00:00,1.05682,1.06018,1.05659,1.05983,19543,15,19857642000
2015-07-27 12:00:00,1.05978,1.06001,1.05786,1.05937,12471,15,14609600000
2015-07-27 14:00:00,1.05939,1.06023,1.05887,1.05997,15392,15,18123450000
2015-07-27 16:00:00,1.05997,1.0638,1.05952,1.06369,18788,15,19406362000
2015-07-27 18:00:00,1.06368,1.06884,1.0636,1.06721,14514,15,16207186000
2015-07-27 20:00:00,1.06723,1.06896,1.0668,1.06854,6461,15,7197249000
2015-07-27 22:00:00,1.06848,1.06852,1.06719,1.06719,4918,15,6625750000
2015-07-28 00:00:00,1.06509,1.06753,1.06509,1.06659,2466,19,2255650000
2015-07-28 02:00:00,1.06655,1.06726,1.06573,1.06621,2894,15,2143549000
2015-07-28 04:00:00,1.06624,1.06634,1.06551,1.06562,4641,15,4393950000
2015-07-28 06:00:00,1.06562,1.06589,1.06465,1.06503,3778,15,2918350000
2015-07-28 08:00:00,1.06503,1.06685,1.06469,1.06516,8871,15,7884800000
2015-07-28 10:00:00,1.06513,1.06745,1.06466,1.06718,16521,15,15181910000
2015-07-28 12:00:00,1.06716,1.06733,1.06348,1.06519,15280,15,15942000000
2015-07-28 14:00:00,1.06519,1.06682,1.06476,1.06615,14540,15,15824700000
2015-07-28 16:00:00,1.06614,1.06626,1.06471,1.06572,17615,15,18403500000
2015-07-28 18:00:00,1.06572,1.0659,1.06307,1.06424,11795,15,12955870000
2015-07-28 20:00:00,1.06426,1.06455,1.06322,1.06362,6503,15,7727300000
2015-07-28 22:00:00,1.06356,1.06476,1.06339,1.06433,3891,10,4497800000
2015-07-29 00:00:00,1.06397,1.0647,1.06336,1.06412,2786,15,2627311000
2015-07-29 02:00:00,1.06412,1.06455,1.06363,1.06413,4243,16,4344200000
2015-07-29 04:00:00,1.06412,1.0648,1.06361,1.0647,5176,9,4329650000
2015-07-29 06:00:00,1.06472,1.06515,1.06394,1.06399,4138,15,3283650000
2015-07-29 08:00:00,1.064,1.06465,1.06332,1.06463,6464,15,5962250000
2015-07-29 10:00:00,1.06463,1.06557,1.06389,1.06422,13453,15,17240950000
2015-07-29 12:00:00,1.06422,1.06456,1.06222,1.06269,10741,15,13179550000
2015-07-29 14:00:00,1.0627,1.06347,1.06186,1.06202,15241,15,17988700000
2015-07-29 16:00:00,1.06201,1.06285,1.06137,1.06232,16117,15,18961000000
2015-07-29 18:00:00,1.06233,1.06271,1.06081,1.0622,12963,15,15791800000
2015-07-29 20:00:00,1.0622,1.06476,1.06217,1.06368,14492,15,15559950000
2015-07-29 22:00:00,1.06367,1.06416,1.06204,1.06262,10417,15,14541850000
2015-07-30 00:00:00,1.06208,1.06358,1.06138,1.06266,3978,20,3353800000
2015-07-30 02:00:00,1.06262,1.0629,1.06153,1.06184,4397,15,4430000000
2015-07-30 04:00:00,1.06183,1.06332,1.06151,1.06323,5610,15,3904500000
2015-07-30 06:00:00,1.06326,1.06355,1.06273,1.06311,2267,15,1018400000
2015-07-30 08:00:00,1.06311,1.06344,1.06125,1.06211,7771,15,7364200000
2015-07-30 10:00:00,1.0621,1.06495,1.06187,1.06417,12839,15,13862629000
2015-07-30 12:00:00,1.06416,1.06666,1.06394,1.06457,11528,15,13109818000
2015-07-30 14:00:00,1.06456,1.06466,1.06079,1.06197,17783,15,20160600000
2015-07-30 16:00:00,1.06197,1.06216,1.05898,1.05905,23066,15,25456600000
2015-07-30 18:00:00,1.05904,1.05968,1.05748,1.05903,15656,15,18460100000
2015-07-30 20:00:00,1.05903,1.0595,1.05842,1.05922,7052,15,13615590000
2015-07-30 22:00:00,1.05924,1.0598,1.05879,1.05923,3770,14,4758550000
2015-07-31 00:00:00,1.05927,1.05958,1.05781,1.05923,2937,21,2704150000
2015-07-31 02:00:00,1.05924,1.05983,1.05842,1.05847,4267,7,2804050000
2015-07-31 04:00:00,1.05849,1.05904,1.05833,1.05843,4203,15,3512550000
2015-07-31 06:00:00,1.05843,1.05853,1.05771,1.05787,2742,13,2209300000
2015-07-31 08:00:00,1.05787,1.0587,1.0554,1.05636,8267,15,7983785000
2015-07-31 10:00:00,1.05634,1.05683,1.05298,1.05379,16379,15,18237742000
2015-07-31 12:00:00,1.05381,1.05746,1.05363,1.05641,14966,15,16131400000
2015-07-31 14:00:00,1.0564,1.06078,1.05579,1.05943,20185,15,21120250000
2015-07-31 16:00:00,1.05942,1.06251,1.05902,1.06208,22998,15,25118250000
2015-07-31 18:00:00,1.0621,1.06514,1.06092,1.06255,17676,15,21908450000
2015-07-31 20:00:00,1.06256,1.06279,1.06013,1.0612,9617,15,10889350000
2015-07-31 22:00:00,1.06119,1.06191,1.05933,1.06089,7830,15,9860450000
2015-08-03 00:00:00,1.06029,1.06183,1.06013,1.06097,2821,27,3093625000
2015-08-03 02:00:00,1.06095,1.0615,1.06022,1.06029,6306,22,6902200000
2015-08-03 04:00:00,1.06029,1.06064,1.0598,1.0598,4804,15,4698150000
2015-08-03 06:00:00,1.0598,1.0606,1.05957,1.05978,3584,15,4388550000
2015-08-03 08:00:00,1.05978,1.06104,1.05945,1.06069,6674,15,7203550000
2015-08-03 10:00:00,1.06073,1.06213,1.06038,1.06096,13804,15,17751700000
2015-08-03 12:00:00,1.06097,1.06131,1.05897,1.05996,11950,15,12089300000
2015-08-03 14:00:00,1.05995,1.06037,1.059,1.06007,19495,15,25286850000
2015-08-03 16:00:00,1.06007,1.06193,1.05972,1.06152,24947,15,25904000000
2015-08-03 18:00:00,1.06152,1.06181,1.06018,1.0604,16807,15,23323750000
2015-08-03 20:00:00,1.06041,1.06197,1.05924,1.06168,8487,15,11041000000
2015-08-03 22:00:00,1.06178,1.06219,1.06101,1.06126,4533,12,6262800000
2015-08-04 00:00:00,1.06097,1.06181,1.05945,1.06133,2861,15,2075750000
2015-08-04 02:00:00,1.06132,1.06189,1.06051,1.06066,5034,15,3920900000
2015-08-04 04:00:00,1.06066,1.06143,1.06055,1.06093,5576,15,4844950000
2015-08-04 06:00:00,1.06093,1.06147,1.06026,1.06071,4517,18,3173900000
2015-08-04 08:00:00,1.06069,1.06166,1.06027,1.06045,7917,15,8128100000
2015-08-04 10:00:00,1.06046,1.06219,1.0599,1.06137,16151,15,15024087000
2015-08-04 12:00:00,1.06137,1.06318,1.06054,1.06293,15435,15,16777500000
2015-08-04 14:00:00,1.06294,1.06504,1.06226,1.06377,19091,15,23900350000
2015-08-04 16:00:00,1.06376,1.06713,1.06364,1.06651,22289,15,23898838000
2015-08-04 18:00:00,1.06651,1.06713,1.06528,1.06593,15958,15,19085500000
2015-08-04 20:00:00,1.06594,1.06628,1.06317,1.06588,15733,15,21767750000
2015-08-04 22:00:00,1.06591,1.06615,1.06406,1.06424,6787,15,8845350000
2015-08-05 00:00:00,1.06387,1.06519,1.06374,1.06467,3008,11,2521300000
2015-08-05 02:00:00,1.06466,1.06522,1.06325,1.0634,4619,15,3993250000
2015-08-05 04:00:00,1.06338,1.06367,1.06206,1.06272,7366,13,6298050000
2015-08-05 06:00:00,1.06272,1.06287,1.06216,1.06244,3441,14,3588050000
2015-08-05 08:00:00,1.06244,1.06393,1.0623,1.06362,8764,15,9153650000
2015-08-05 10:00:00,1.06362,1.06464,1.06261,1.06396,17755,15,21954738000
2015-08-05 12:00:00,1.06393,1.06457,1.06353,1.06386,16072,15,20950034000
2015-08-05 14:00:00,1.06386,1.0676,1.06381,1.06708,22145,15,26269160000
2015-08-05 16:00:00,1.06708,1.06812,1.06517,1.06684,25787,15,30158700000
2015-08-05 18:00:00,1.06682,1.06751,1.06535,1.06679,12674,14,17475908000
2015-08-05 20:00:00,1.0668,1.06762,1.06646,1.06762,8429,15,10363450000
2015-08-05 22:00:00,1.06759,1.06792,1.06714,1.06725,4457,11,5107750000
2015-08-06 00:00:00,1.06691,1.06766,1.06652,1.06727,1871,13,860250000
2015-08-06 02:00:00,1.06727,1.06834,1.0672,1.06801,4196,15,3195869000
2015-08-06 04:00:00,1.06802,1.06805,1.06703,1.06748,5475,15,3795450000
2015-08-06 06:00:00,1.06748,1.06811,1.06743,1.06787,3555,10,3057445000
2015-08-06 08:00:00,1.06787,1.06906,1.06767,1.068,6845,15,7408100000
2015-08-06 10:00:00,1.06802,1.07205,1.06797,1.07086,13179,15,14935350000
2015-08-06 12:00:00,1.07086,1.07188,1.0696,1.07114,11022,15,12214247000
2015-08-06 14:00:00,1.07117,1.07224,1.07048,1.07103,22151,15,25285740000
2015-08-06 16:00:00,1.07102,1.07158,1.06987,1.07126,17550,15,19775400000
2015-08-06 18:00:00,1.07126,1.07157,1.07015,1.07079,15747,15,22809750000
2015-08-06 20:00:00,1.07079,1.07172,1.07066,1.07136,5790,15,7454950000
2015-08-06 22:00:00,1.07137,1.07188,1.07113,1.07113,4146,10,5798850000
2015-08-07 00:00:00,1.07046,1.07181,1.06993,1.07165,2416,20,2301522000
2015-08-07 02:00:00,1.07165,1.07184,1.07121,1.07131,2766,15,2487400000
2015-08-07 04:00:00,1.07131,1.07174,1.07088,1.07101,4207,15,4093350000
2015-08-07 06:00:00,1.07097,1.07157,1.07056,1.07099,3847,15,3030950000
2015-08-07 08:00:00,1.07099,1.07192,1.07094,1.0715,5034,15,5389295000
2015-08-07 10:00:00,1.0715,1.07396,1.07143,1.07378,13131,15,12396748000
2015-08-07 12:00:00,1.07378,1.0746,1.07346,1.07413,12502,15,12704149000
2015-08-07 14:00:00,1.07413,1.07564,1.07159,1.07312,15997,15,16990046000
2015-08-07 16:00:00,1.07315,1.07588,1.07253,1.07502,23403,15,25158900000
2015-08-07 18:00:00,1.07504,1.07673,1.07447,1.07629,15361,15,18230300000
2015-08-07 20:00:00,1.07628,1.0788,1.07607,1.07831,6020,15,6449550000
2015-08-07 22:00:00,1.07832,1.07877,1.0779,1.07813,3434,11,4288700000
2015-08-10 00:00:00,1.07575,1.07845,1.07547,1.07795,1102,22,1237900000
2015-08-10 02:00:00,1.07795,1.07827,1.07783,1.07791,2857,11,3143500000
2015-08-10 04:00:00,1.07791,1.07895,1.07784,1.07787,3626,15,3486050000
2015-08-10 06:00:00,1.07787,1.07835,1.07783,1.07825,2022,10,2214900000
2015-08-10 08:00:00,1.07826,1.07863,1.07657,1.07672,4102,14,3768150000
2015-08-10 10:00:00,1.0767,1.07735,1.07595,1.07708,9785,15,11666550000
2015-08-10 12:00:00,1.07707,1.07756,1.07591,1.07668,10954,15,12484645000
2015-08-10 14:00:00,1.07666,1.08076,1.07647,1.08026,15638,15,14790150000
2015-08-10 16:00:00,1.08025,1.08405,1.08025,1.08276,17620,15,15600300000
2015-08-10 18:00:00,1.08276,1.08405,1.0817,1.08333,14085,15,16675850000
2015-08-10 20:00:00,1.08333,1.08387,1.08268,1.08371,8108,15,9605950000
2015-08-10 22:00:00,1.08376,1.08392,1.08333,1.08358,3961,11,4283900000
2015-08-11 00:00:00,1.08287,1.08383,1.08266,1.08364,2710,18,1949100000
2015-08-11 02:00:00,1.08364,1.08385,1.08291,1.08341,2999,13,2017650000
2015-08-11 04:00:00,1.0834,1.08348,1.08045,1.08053,10044,15,8218950000
2015-08-11 06:00:00,1.08053,1.0813,1.08038,1.08075,4700,15,3653900000
2015-08-11 08:00:00,1.08077,1.08093,1.07716,1.07784,8415,15,7806400000
2015-08-11 10:00:00,1.07785,1.08449,1.0777,1.08429,19251,15,19590450000
2015-08-11 12:00:00,1.08425,1.08655,1.084,1.08613,13783,15,15344200000
2015-08-11 14:00:00,1.08613,1.08712,1.08551,1.0865,15613,15,16159900000
2015-08-11 16:00:00,1.0865,1.0892,1.08586,1.08642,18520,15,18884500000
2015-08-11 18:00:00,1.08644,1.09197,1.08601,1.08978,15495,15,18364675000
2015-08-11 20:00:00,1.08976,1.09173,1.08885,1.09128,7214,15,11212450000
2015-08-11 22:00:00,1.09134,1.09152,1.09088,1.09095,4183,15,4601350000
2015-08-12 00:00:00,1.0903,1.09166,1.0903,1.09141,2359,15,2081446000
2015-08-12 02:00:00,1.09141,1.09157,1.09026,1.09075,3523,15,3093200000
2015-08-12 04:00:00,1.09075,1.09267,1.0901,1.09098,7620,15,6397150000
2015-08-12 06:00:00,1.09091,1.09147,1.08959,1.09117,4970,15,3977850000
2015-08-12 08:00:00,1.0912,1.0917,1.08896,1.08954,10608,15,8828300000
2015-08-12 10:00:00,1.08957,1.09612,1.08872,1.09107,21310,15,23349450000
2015-08-12 12:00:00,1.09103,1.09151,1.08495,1.0876,15091,15,20289698000
2015-08-12 14:00:00,1.0876,1.0882,1.086,1.08621,17278,15,18094650000
2015-08-12 16:00:00,1.08622,1.08741,1.08399,1.0851,20362,15,19739750000
2015-08-12 18:00:00,1.08512,1.08664,1.0841,1.08494,14711,15,17802450000
2015-08-12 20:00:00,1.08492,1.08833,1.08491,1.08786,9835,15,14718750000
2015-08-12 22:00:00,1.08787,1.08937,1.08763,1.08819,5881,15,7587950000
2015-08-13 00:00:00,1.08772,1.08854,1.08712,1.08767,2422,29,2591600000
2015-08-13 02:00:00,1.08768,1.08829,1.08738,1.08776,2650,18,2138600000
2015-08-13 04:00:00,1.08776,1.08907,1.08712,1.08721,7248,15,6404350000
2015-08-13 06:00:00,1.08716,1.08867,1.08704,1.0881,3352,15,2850450000
2015-08-13 08:00:00,1.0881,1.08924,1.08673,1.0875,8231,10,7769800000
2015-08-13 10:00:00,1.0875,1.08808,1.08596,1.08674,14263,15,16579100000
2015-08-13 12:00:00,1.08675,1.08867,1.08649,1.08818,12105,15,12975450000
2015-08-13 14:00:00,1.08818,1.08865,1.08428,1.08484,15624,8,19799457000
2015-08-13 16:00:00,1.08481,1.0865,1.08263,1.08595,17999,15,22513000000
2015-08-13 18:00:00,1.08595,1.08895,1.08587,1.08893,13237,15,15204700000
2015-08-13 20:00:00,1.0889,1.08905,1.08768,1.08813,7173,15,9385600000
2015-08-13 22:00:00,1.08813,1.0887,1.08724,1.08823,5531,15,7287400000
2015-08-14 00:00:00,1.08771,1.08862,1.08705,1.08827,2938,31,3620900000
2015-08-14 02:00:00,1.08827,1.08863,1.08781,1.08823,2628,18,2471100000
2015-08-14 04:00:00,1.08824,1.08884,1.08762,1.08785,3666,15,3398250000
2015-08-14 06:00:00,1.08785,1.08837,1.08759,1.08799,2449,15,2112000000
2015-08-14 08:00:00,1.08801,1.08858,1.08683,1.08853,6532,15,7187900000
2015-08-14 10:00:00,1.08855,1.08906,1.08634,1.08652,16572,15,23622550000
2015-08-14 12:00:00,1.0865,1.08784,1.08596,1.08752,14168,15,19643650000
2015-08-14 14:00:00,1.08752,1.08897,1.08616,1.08625,13311,15,16225639000
2015-08-14 16:00:00,1.08623,1.08752,1.08478,1.08527,17426,15,22995515000
2015-08-14 18:00:00,1.08524,1.08725,1.08511,1.08717,13128,15,19409390000
2015-08-14 20:00:00,1.08717,1.08729,1.08576,1.08617,5018,15,8168450000
2015-08-14 22:00:00,1.08612,1.08644,1.08346,1.08434,5271,15,6158800000
2015-08-17 00:00:00,1.08488,1.08547,1.08407,1.08487,2104,19,1799428000
2015-08-17 02:00:00,1.08487,1.08518,1.08372,1.08419,4575,15,4499590000
2015-08-17 04:00:00,1.08418,1.08533,1.08383,1.08473,6508,15,6289950000
2015-08-17 06:00:00,1.08472,1.08493,1.08399,1.08435,6103,15,6975700000
2015-08-17 08:00:00,1.08435,1.08512,1.08402,1.08443,6984,15,7519550000
2015-08-17 10:00:00,1.08446,1.0853,1.08212,1.08385,18220,15,24900046000
2015-08-17 12:00:00,1.08388,1.08488,1.08303,1.08333,13351,15,15354000000
2015-08-17 14:00:00,1.08335,1.08488,1.08316,1.08375,15064,15,23196250000
2015-08-17 16:00:00,1.08372,1.08439,1.08158,1.08323,16725,15,27657035000
2015-08-17 18:00:00,1.08322,1.08352,1.08131,1.08196,11938,15,15690850000
2015-08-17 20:00:00,1.08195,1.08286,1.08136,1.08277,4736,15,6220550000
2015-08-17 22:00:00,1.08276,1.08402,1.08218,1.08393,4540,15,5759650000
2015-08-18 00:00:00,1.08375,1.08465,1.08299,1.08379,2624,15,1961300000
2015-08-18 02:00:00,1.08377,1.08405,1.08336,1.08356,2651,15,2414480000
2015-08-18 04:00:00,1.08356,1.0848,1.08325,1.08354,6433,15,5109944000
2015-08-18 06:00:00,1.08355,1.0838,1.08217,1.08255,5102,15,5360000000
2015-08-18 08:00:00,1.08255,1.08327,1.08195,1.08207,7662,15,7326150000
2015-08-18 10:00:00,1.08206,1.08273,1.08025,1.08078,15189,15,20988199000
2015-08-18 12:00:00,1.08078,1.08189,1.07896,1.08176,12014,15,15448334000
2015-08-18 14:00:00,1.08178,1.08189,1.07846,1.07889,13770,15,17597338000
2015-08-18 16:00:00,1.07887,1.08007,1.07815,1.07861,15644,15,19879962000
2015-08-18 18:00:00,1.07863,1.07866,1.07591,1.07735,11078,15,17954900000
2015-08-18 20:00:00,1.07739,1.07832,1.07694,1.07731,4627,15,6535550000
2015-08-18 22:00:00,1.07728,1.07825,1.07705,1.07738,3610,15,4865100000
2015-08-19 00:00:00,1.07652,1.07803,1.07622,1.0778,2471,15,2279000000
2015-08-19 02:00:00,1.0778,1.07875,1.07771,1.0784,3331,15,2656200000
2015-08-19 04:00:00,1.0784,1.07947,1.07823,1.07883,4195,15,4155900000
2015-08-19 06:00:00,1.07883,1.07936,1.07837,1.0791,4280,17,4238650000
2015-08-19 08:00:00,1.07911,1.0801,1.07869,1.07924,6890,15,8129060000
2015-08-19 10:00:00,1.07927,1.07981,1.07639,1.07639,12890,15,15890101000
2015-08-19 12:00:00,1.07638,1.07737,1.0732,1.07464,12534,15,16851685000
2015-08-19 14:00:00,1.07465,1.07586,1.07371,1.07393,13016,15,17079327000
2015-08-19 16:00:00,1.07394,1.07431,1.07227,1.0739,16191,15,23635650000
2015-08-19 18:00:00,1.07393,1.07426,1.07192,1.07204,14866,15,19505526000
2015-08-19 20:00:00,1.07204,1.07453,1.07121,1.07381,16876,15,18758079000
2015-08-19 22:00:00,1.07376,1.07424,1.07296,1.07304,7699,15,11295800000
2015-08-20 00:00:00,1.07255,1.07417,1.07144,1.07321,4202,13,3100550000
2015-08-20 02:00:00,1.07319,1.075,1.07304,1.07479,7403,15,6030640000
2015-08-20 04:00:00,1.0748,1.07601,1.07435,1.07542,8985,15,5849293000
2015-08-20 06:00:00,1.07541,1.07596,1.07534,1.07587,6360,15,4420950000
2015-08-20 08:00:00,1.07587,1.07611,1.07357,1.07377,9428,15,9372650000
2015-08-20 10:00:00,1.07376,1.07492,1.07113,1.07266,16377,15,21643906000
2015-08-20 12:00:00,1.0728,1.07662,1.07178,1.07571,13521,15,15259615000
2015-08-20 14:00:00,1.07571,1.07883,1.07528,1.07645,14852,15,21605990000
2015-08-20 16:00:00,1.07645,1.07908,1.07575,1.07901,19560,15,27985543000
2015-08-20 18:00:00,1.07898,1.0792,1.0767,1.07712,12653,15,16070000000
2015-08-20 20:00:00,1.07716,1.07753,1.07587,1.07686,8044,15,9274484000
2015-08-20 22:00:00,1.07689,1.07929,1.07601,1.07733,8013,15,8083150000
2015-08-21 00:00:00,1.0761,1.07795,1.0761,1.07711,3185,22,3440800000
2015-08-21 02:00:00,1.07709,1.07819,1.07697,1.07817,4318,15,4804700000
2015-08-21 04:00:00,1.07815,1.07896,1.07748,1.07876,8975,15,8176200000
2015-08-21 06:00:00,1.07876,1.07959,1.07848,1.0791,8542,15,5556950000
2015-08-21 08:00:00,1.07911,1.07984,1.07823,1.07854,8995,15,8485850000
2015-08-21 10:00:00,1.07853,1.07878,1.07625,1.07712,16113,15,19367860000
2015-08-21 12:00:00,1.07713,1.07822,1.076,1.07694,14611,15,19645140000
2015-08-21 14:00:00,1.07696,1.07758,1.07566,1.07698,15534,15,20243350000
2015-08-21 16:00:00,1.07697,1.07954,1.0754,1.0791,20765,15,27391190000
2015-08-21 18:00:00,1.07911,1.08034,1.076,1.07635,20328,15,28353848000
2015-08-21 20:00:00,1.07635,1.07873,1.07611,1.07628,14216,15,19662100000
2015-08-21 22:00:00,1.07629,1.07852,1.07629,1.07799,10225,15,11237800000
2015-08-24 00:00:00,1.07623,1.0784,1.07604,1.07763,3465,15,2504537000
2015-08-24 02:00:00,1.07763,1.0785,1.07655,1.07801,8903,15,7404349000
2015-08-24 04:00:00,1.078,1.08136,1.07615,1.07734,17414,15,15620575000
2015-08-24 06:00:00,1.07739,1.08095,1.07698,1.07963,11219,15,8268748000
2015-08-24 08:00:00,1.07962,1.08075,1.0782,1.08026,15937,15,3556000000
2015-08-24 10:00:00,1.08029,1.08576,1.07918,1.08322,19738,15,0
2015-08-24 12:00:00,1.08322,1.08351,1.07952,1.07972,16733,15,0
2015-08-24 14:00:00,1.07967,1.08134,1.07627,1.0794,25022,15,18771150000
2015-08-24 16:00:00,1.0794,1.08778,1.07902,1.08323,34284,15,39383790000
2015-08-24 18:00:00,1.08324,1.08521,1.08054,1.08183,20977,10,27442230000
2015-08-24 20:00:00,1.08181,1.08461,1.08004,1.08038,18972,15,25649565000
2015-08-24 22:00:00,1.08039,1.08325,1.0803,1.0803,13119,15,18321548000
2015-08-25 00:00:00,1.07934,1.08197,1.07934,1.08003,4563,15,3797350000
2015-08-25 02:00:00,1.08001,1.08088,1.07864,1.07986,11858,15,9975750000
2015-08-25 04:00:00,1.07987,1.08202,1.0788,1.07907,12380,15,12327170000
2015-08-25 06:00:00,1.07907,1.07985,1.0785,1.07931,6784,15,6362150000
2015-08-25 08:00:00,1.07932,1.08136,1.07701,1.07983,17001,15,17704974000
2015-08-25 10:00:00,1.07983,1.08799,1.0791,1.08542,24428,15,27441216000
2015-08-25 12:00:00,1.08543,1.08589,1.08067,1.08259,22478,8,25414750000
2015-08-25 14:00:00,1.0826,1.08415,1.07992,1.08007,20719,15,27987425000
2015-08-25 16:00:00,1.08004,1.0829,1.07927,1.08165,24677,15,31689060000
2015-08-25 18:00:00,1.08165,1.08386,1.08142,1.08178,17412,15,21635499000
2015-08-25 20:00:00,1.08177,1.0818,1.07764,1.07789,13893,15,19654450000
2015-08-25 22:00:00,1.07784,1.0833,1.07776,1.08137,14738,15,15404610000
2015-08-26 00:00:00,1.08022,1.08317,1.08022,1.08297,5915,19,4781800000
2015-08-26 02:00:00,1.08297,1.08543,1.08283,1.08307,11174,15,9941250000
2015-08-26 04:00:00,1.08308,1.08532,1.0829,1.08499,13378,15,11276100000
2015-08-26 06:00:00,1.08499,1.08575,1.08454,1.08463,8489,15,5830350000
2015-08-26 08:00:00,1.08462,1.0852,1.08208,1.08309,12332,15,14519350000
2015-08-26 10:00:00,1.08307,1.08456,1.08092,1.08158,20793,15,30261100000
2015-08-26 12:00:00,1.08158,1.08175,1.07795,1.07797,19483,15,25987875000
2015-08-26 14:00:00,1.07797,1.07858,1.07603,1.07666,20468,15,28084949000
2015-08-26 16:00:00,1.07668,1.0803,1.0762,1.07887,25668,15,31186550000
2015-08-26 18:00:00,1.07885,1.0801,1.07733,1.07942,20257,15,29541181000
2015-08-26 20:00:00,1.07942,1.08198,1.07825,1.08039,14592,15,22591250000
2015-08-26 22:00:00,1.0803,1.08116,1.07843,1.08015,12015,15,16660032000
2015-08-27 00:00:00,1.07884,1.0803,1.07828,1.07947,6138,15,5725368000
2015-08-27 02:00:00,1.07947,1.07959,1.07828,1.0783,7562,18,7733900000
2015-08-27 04:00:00,1.0783,1.07993,1.07795,1.07989,6725,15,5816050000
2015-08-27 06:00:00,1.07989,1.08187,1.07986,1.08094,10508,15,9596800000
2015-08-27 08:00:00,1.08096,1.08207,1.07878,1.07904,10666,15,12829800000
2015-08-27 10:00:00,1.07914,1.08008,1.07598,1.07626,19294,15,26908985000
2015-08-27 12:00:00,1.07626,1.07771,1.07545,1.07604,11833,15,16464607000
2015-08-27 14:00:00,1.07605,1.07918,1.07605,1.07772,17425,15,23418880000
2015-08-27 16:00:00,1.07772,1.07945,1.07645,1.07941,25763,15,29905777000
2015-08-27 18:00:00,1.07941,1.08366,1.0794,1.08337,16318,15,19427844000
2015-08-27 20:00:00,1.08335,1.08698,1.08319,1.08698,12773,15,15227570000
2015-08-27 22:00:00,1.08699,1.087,1.08444,1.08638,10907,15,14871150000
2015-08-28 00:00:00,1.08549,1.08653,1.08506,1.08519,3236,15,2823300000
2015-08-28 02:00:00,1.0852,1.08647,1.08461,1.08578,4054,19,4292555000
2015-08-28 04:00:00,1.08576,1.08683,1.08527,1.08655,6062,17,6755239000
2015-08-28 06:00:00,1.08655,1.08692,1.086,1.08609,4044,15,4206200000
2015-08-28 08:00:00,1.08611,1.08679,1.08394,1.08617,7956,15,8330698000
2015-08-28 10:00:00,1.08613,1.08648,1.08401,1.08552,18744,15,24222708000
2015-08-28 12:00:00,1.08552,1.08641,1.08132,1.08183,17264,15,24218266000
2015-08-28 14:00:00,1.08183,1.08217,1.07982,1.08042,20338,15,31121400000
2015-08-28 16:00:00,1.08039,1.08252,1.07742,1.0775,22868,15,26536749000
2015-08-28 18:00:00,1.07753,1.07915,1.07321,1.07574,17870,15,24717328000
2015-08-28 20:00:00,1.07574,1.0769,1.0745,1.07666,13087,15,19994728000
2015-08-28 22:00:00,1.07666,1.07714,1.0752,1.07531,7725,15,10801848000
2015-08-31 00:00:00,1.07355,1.07787,1.07355,1.0769,4232,15,3913800000
2015-08-31 02:00:00,1.0769,1.0786,1.07657,1.07701,7124,15,6594800000
2015-08-31 04:00:00,1.077,1.07938,1.077,1.07892,6611,15,4634850000
2015-08-31 06:00:00,1.07892,1.07976,1.07809,1.07954,5085,15,3413550000
2015-08-31 08:00:00,1.07956,1.07985,1.0783,1.07922,7159,15,6833550000
2015-08-31 10:00:00,1.07923,1.08055,1.07835,1.07912,12371,15,14443000000
2015-08-31 12:00:00,1.07919,1.08157,1.07919,1.08096,13868,15,14223400000
2015-08-31 14:00:00,1.08095,1.08245,1.08082,1.08203,9734,15,10875895000
2015-08-31 16:00:00,1.08201,1.08521,1.08201,1.08354,17617,13,19260533000
2015-08-31 18:00:00,1.08354,1.08485,1.08282,1.08329,13903,15,16548850000
2015-08-31 20:00:00,1.08327,1.08544,1.08305,1.08522,8484,15,10576280000
2015-08-31 22:00:00,1.08532,1.08532,1.08379,1.08434,8100,15,10304150000
2015-09-01 00:00:00,1.08378,1.0844,1.08268,1.08364,2342,15,1891800000
2015-09-01 02:00:00,1.08364,1.08415,1.08262,1.08322,6024,15,4784553000
2015-09-01 04:00:00,1.08322,1.08444,1.08254,1.0842,9522,15,7973700000
2015-09-01 06:00:00,1.0842,1.08444,1.08303,1.08424,9561,15,6206350000
2015-09-01 08:00:00,1.08416,1.08459,1.08254,1.0832,10890,15,10600750000
2015-09-01 10:00:00,1.0832,1.08608,1.08242,1.08474,22893,15,29557850000
2015-09-01 12:00:00,1.08474,1.08632,1.08344,1.08483,16764,15,20197042000
2015-09-01 14:00:00,1.08483,1.08486,1.08218,1.08259,17556,11,25951740000
2015-09-01 16:00:00,1.08261,1.08535,1.08144,1.08258,17968,15,22744082000
2015-09-01 18:00:00,1.08258,1.08483,1.08249,1.08474,13156,15,17304150000
2015-09-01 20:00:00,1.08475,1.08708,1.08465,1.08486,13307,12,16266164000
2015-09-01 22:00:00,1.08492,1.08582,1.0844,1.08467,10577,15,9069824000
2015-09-02 00:00:00,1.08421,1.08596,1.0835,1.08425,4093,21,3395450000
2015-09-02 02:00:00,1.08426,1.08485,1.08354,1.08386,7905,15,7337750000
2015-09-02 04:00:00,1.08385,1.08485,1.083,1.08425,9836,15,10111650000
2015-09-02 06:00:00,1.08424,1.08491,1.08379,1.0848,7489,15,6751450000
2015-09-02 08:00:00,1.0848,1.08563,1.08423,1.08541,8387,15,9009996000
2015-09-02 10:00:00,1.08542,1.08673,1.08411,1.08625,17806,15,21576576000
2015-09-02 12:00:00,1.08626,1.08742,1.08536,1.08709,15831,15,17312700000
2015-09-02 14:00:00,1.08712,1.08811,1.08612,1.08756,16089,15,19276220000
2015-09-02 16:00:00,1.08757,1.08937,1.08665,1.08893,20756,15,25482050000
2015-09-02 18:00:00,1.08892,1.08987,1.08828,1.08889,13270,15,12692500000
2015-09-02 20:00:00,1.08891,1.09011,1.08865,1.08938,7788,15,8444250000
2015-09-02 22:00:00,1.08934,1.0894,1.08745,1.08801,6664,15,8231300000
2015-09-03 00:00:00,1.08776,1.08834,1.08755,1.08813,2526,16,2481100000
2015-09-03 02:00:00,1.08813,1.08819,1.08715,1.08725,4008,15,2949800000
2015-09-03 04:00:00,1.08726,1.08787,1.08691,1.08774,5507,15,4202617000
2015-09-03 06:00:00,1.08774,1.08787,1.08724,1.08766,3592,15,2277500000
2015-09-03 08:00:00,1.08766,1.08925,1.08761,1.08819,5726,15,6405350000
2015-09-03 10:00:00,1.08817,1.08972,1.08794,1.08933,16122,15,21580400000
2015-09-03 12:00:00,1.08935,1.09018,1.08766,1.08881,14537,15,19402050000
2015-09-03 14:00:00,1.08881,1.09021,1.08362,1.08432,19458,15,28497409000
2015-09-03 16:00:00,1.08441,1.08592,1.08268,1.0837,21274,15,29004490000
2015-09-03 18:00:00,1.08368,1.08501,1.08282,1.08387,14495,15,20447990000
2015-09-03 20:00:00,1.08386,1.08539,1.08222,1.08231,11200,15,15364500000
2015-09-03 22:00:00,1.08231,1.08323,1.08191,1.08251,7489,15,10567550000
2015-09-04 00:00:00,1.08259,1.08332,1.0817,1.08237,2130,20,1531400000
2015-09-04 02:00:00,1.08236,1.08458,1.08213,1.0832,3974,11,3504000000
2015-09-04 04:00:00,1.0832,1.08383,1.08148,1.08235,5039,15,4576442000
2015-09-04 06:00:00,1.08236,1.08242,1.07981,1.08154,6789,9,6117000000
2015-09-04 08:00:00,1.08153,1.08346,1.08052,1.08323,8753,15,9981898000
2015-09-04 10:00:00,1.08323,1.08734,1.08271,1.08488,17908,15,25703870000
2015-09-04 12:00:00,1.08487,1.08629,1.08418,1.08503,12496,15,17969050000
2015-09-04 14:00:00,1.08504,1.08539,1.08175,1.08424,15604,15,21809550000
2015-09-04 16:00:00,1.08421,1.08567,1.08321,1.08385,19380,15,28720650000
2015-09-04 18:00:00,1.08384,1.08489,1.08343,1.08418,14143,15,24725853000
2015-09-04 20:00:00,1.0842,1.08605,1.08415,1.08481,9167,15,10780540000
2015-09-04 22:00:00,1.08483,1.0849,1.08284,1.083,6394,15,8424530000
2015-09-07 00:00:00,1.08305,1.08422,1.08274,1.08313,1502,33,1718000000
2015-09-07 02:00:00,1.08317,1.08489,1.08314,1.08434,7778,25,9158950000
2015-09-07 04:00:00,1.08433,1.08522,1.08334,1.08379,8216,15,9933456000
2015-09-07 06:00:00,1.08379,1.08409,1.0828,1.08396,5848,15,6763350000
2015-09-07 08:00:00,1.08392,1.08433,1.08313,1.08334,7857,15,8646750000
2015-09-07 10:00:00,1.08335,1.08597,1.08335,1.08593,19217,15,25998800000
2015-09-07 12:00:00,1.08593,1.08655,1.08488,1.08612,18733,15,24300450000
2015-09-07 14:00:00,1.08611,1.08794,1.08563,1.08751,18410,15,24879200000
2015-09-07 16:00:00,1.08751,1.0893,1.08748,1.08896,7357,15,7123300000
2015-09-07 18:00:00,1.08894,1.08987,1.08834,1.08951,6005,13,6604200000
2015-09-07 20:00:00,1.08951,1.08964,1.08889,1.08892,1896,13,2247950000
2015-09-07 22:00:00,1.08894,1.08925,1.08888,1.0889,1702,15,2139400000
2015-09-08 00:00:00,1.08846,1.08931,1.08689,1.08922,2305,6,2219574000
2015-09-08 02:00:00,1.08914,1.08928,1.08799,1.0883,3928,15,3583240000
2015-09-08 04:00:00,1.08831,1.08847,1.08744,1.08774,6433,15,5809782000
2015-09-08 06:00:00,1.08772,1.08902,1.08714,1.08867,8761,15,7388950000
2015-09-08 08:00:00,1.08866,1.09015,1.08791,1.08925,10570,15,11175550000
2015-09-08 10:00:00,1.08925,1.09151,1.08795,1.09079,13722,15,14920039000
2015-09-08 12:00:00,1.09079,1.09248,1.0903,1.09114,10510,15,11615934000
2015-09-08 14:00:00,1.09114,1.09264,1.09101,1.09235,10232,15,10816923000
2015-09-08 16:00:00,1.09234,1.09484,1.09226,1.09457,16036,15,11371330000
2015-09-08 18:00:00,1.09456,1.09627,1.09334,1.09584,9619,15,11741558000
2015-09-08 20:00:00,1.09587,1.09783,1.09576,1.09731,7629,15,9098000000
2015-09-08 22:00:00,1.09736,1.09827,1.09648,1.09667,6387,15,8274431000
2015-09-09 00:00:00,1.09551,1.09678,1.09549,1.09606,4870,17,4636208000
2015-09-09 02:00:00,1.09607,1.0965,1.09531,1.09621,6295,15,4885730000
2015-09-09 04:00:00,1.09621,1.09733,1.09472,1.0952,5970,15,3771500000
2015-09-09 06:00:00,1.0952,1.09557,1.09401,1.0945,6258,15,5389550000
2015-09-09 08:00:00,1.0945,1.09567,1.09323,1.09331,10274,15,9917950000
2015-09-09 10:00:00,1.09332,1.09395,1.08774,1.08947,16643,15,18591665000
2015-09-09 12:00:00,1.08948,1.09094,1.08786,1.08845,12449,15,14353451000
2015-09-09 14:00:00,1.08846,1.09083,1.08826,1.08986,11834,15,13578797000
2015-09-09 16:00:00,1.08986,1.09232,1.08986,1.09141,15890,15,19422300000
2015-09-09 18:00:00,1.09142,1.09204,1.08878,1.09038,12105,15,15823255000
2015-09-09 20:00:00,1.09037,1.09118,1.08938,1.09051,10902,15,12700250000
2015-09-09 22:00:00,1.09055,1.09382,1.09047,1.09313,8565,15,9224950000
2015-09-10 00:00:00,1.0925,1.09449,1.0897,1.09358,3888,15,3203723000
2015-09-10 02:00:00,1.09359,1.09463,1.09302,1.09373,6318,15,6508850000
2015-09-10 04:00:00,1.09373,1.09477,1.09322,1.09437,8183,15,7509950000
2015-09-10 06:00:00,1.09436,1.09704,1.09399,1.09617,7318,8,6317577000
2015-09-10 08:00:00,1.09614,1.09657,1.09332,1.09378,11138,15,11802100000
2015-09-10 10:00:00,1.09378,1.09527,1.09261,1.09278,15849,15,21774910000
2015-09-10 12:00:00,1.09278,1.09441,1.09243,1.09395,11824,15,17147700000
2015-09-10 14:00:00,1.09394,1.09417,1.09205,1.09369,15350,15,18031000000
2015-09-10 16:00:00,1.09369,1.09566,1.09295,1.09443,17363,15,20698052000
2015-09-10 18:00:00,1.0944,1.09682,1.09376,1.09551,18063,15,21633663000
2015-09-10 20:00:00,1.09554,1.09744,1.09525,1.09731,9422,15,11354985000
2015-09-10 22:00:00,1.09731,1.0982,1.09661,1.09745,5940,7,7092282000
2015-09-11 00:00:00,1.09582,1.09844,1.09512,1.09818,4982,17,6040000000
2015-09-11 02:00:00,1.09819,1.09845,1.09631,1.09749,5896,5,6053947000
2015-09-11 04:00:00,1.09749,1.09861,1.09749,1.09846,4686,5,4683550000
2015-09-11 06:00:00,1.09846,1.09858,1.09842,1.09852,2352,12,2604850000
2015-09-11 08:00:00,1.09852,1.09878,1.09694,1.09756,7069,6,8296350000
2015-09-11 10:00:00,1.09756,1.09909,1.09706,1.09891,14871,15,18448800000
2015-09-11 12:00:00,1.0989,1.10299,1.09855,1.10101,12953,15,17170228000
2015-09-11 14:00:00,1.10105,1.1037,1.10017,1.10345,12316,15,14879100000
2015-09-11 16:00:00,1.10345,1.10354,1.09976,1.1009,15008,15,16920875000
2015-09-11 18:00:00,1.10091,1.1049,1.10088,1.10483,16338,6,18679750000
2015-09-11 20:00:00,1.10482,1.10491,1.098,1.0985,11046,15,16194450000
2015-09-11 22:00:00,1.09854,1.09958,1.09716,1.09797,6239,15,6805928000
2015-09-14 00:00:00,1.09801,1.09983,1.09759,1.09869,2445,4,2422859000
2015-09-14 02:00:00,1.09881,1.09944,1.09857,1.09903,4837,5,4445400000
2015-09-14 04:00:00,1.09903,1.0991,1.09846,1.09882,4559,15,4783200000
2015-09-14 06:00:00,1.09883,1.09915,1.09791,1.09792,4683,7,4488080000
2015-09-14 08:00:00,1.09793,1.09939,1.09787,1.0992,8274,5,8705720000
2015-09-14 10:00:00,1.0992,1.10107,1.09903,1.09956,13839,15,14357531000
2015-09-14 12:00:00,1.09958,1.0996,1.09647,1.09822,11314,15,11995869000
2015-09-14 14:00:00,1.09823,1.09929,1.0973,1.0973,10821,15,10125000000
2015-09-14 16:00:00,1.09731,1.09776,1.09477,1.09485,14046,15,13341530000
2015-09-14 18:00:00,1.09487,1.09565,1.09379,1.09501,10503,15,10044450000
2015-09-14 20:00:00,1.09499,1.09609,1.09465,1.09591,5819,15,5923829000
2015-09-14 22:00:00,1.09587,1.09642,1.09535,1.09568,3271,16,3587427000
2015-09-15 00:00:00,1.09562,1.0958,1.09509,1.09514,3607,19,4054750000
2015-09-15 02:00:00,1.09514,1.09575,1.09435,1.09444,6033,6,3428750000
2015-09-15 04:00:00,1.09444,1.0954,1.09421,1.09524,4782,15,3217025000
2015-09-15 06:00:00,1.09522,1.0956,1.09485,1.0952,4767,15,3924450000
2015-09-15 08:00:00,1.0952,1.0957,1.0944,1.09478,8031,15,8930870000
2015-09-15 10:00:00,1.09478,1.09742,1.09457,1.09557,11416,15,16402250000
2015-09-15 12:00:00,1.09564,1.09699,1.09504,1.09632,9887,15,13962850000
2015-09-15 14:00:00,1.09633,1.09758,1.09603,1.09684,11160,15,13659412000
2015-09-15 16:00:00,1.09682,1.0985,1.0964,1.0971,13136,15,17951950000
2015-09-15 18:00:00,1.0971,1.09923,1.09673,1.0988,12043,15,16803700000
2015-09-15 20:00:00,1.09882,1.09979,1.09825,1.09843,6892,15,8965600000
2015-09-15 22:00:00,1.09843,1.09875,1.09721,1.0974,5288,15,7227068000
2015-09-16 00:00:00,1.09791,1.09802,1.09668,1.09802,1818,8,1475868000
2015-09-16 02:00:00,1.09794,1.09931,1.09772,1.09929,3640,15,2846400000
2015-09-16 04:00:00,1.09927,1.09927,1.09822,1.09841,4806,15,4192850000
2015-09-16 06:00:00,1.09841,1.0987,1.09721,1.09803,4623,15,4717900000
2015-09-16 08:00:00,1.09802,1.09808,1.09586,1.09597,8268,15,9180950000
2015-09-16 10:00:00,1.09596,1.09738,1.09424,1.0946,11795,15,14918045000
2015-09-16 12:00:00,1.09446,1.0951,1.09401,1.09489,10986,15,13799959000
2015-09-16 14:00:00,1.09489,1.09523,1.09147,1.09242,14454,15,17034682000
2015-09-16 16:00:00,1.09242,1.09411,1.09145,1.09381,16676,15,18179449000
2015-09-16 18:00:00,1.09381,1.09532,1.09355,1.09452,9931,15,11783750000
2015-09-16 20:00:00,1.09452,1.09529,1.09406,1.09507,6160,15,8474950000
2015-09-16 22:00:00,1.09511,1.09695,1.09466,1.09528,5098,15,5821695000
2015-09-17 00:00:00,1.09494,1.09676,1.09483,1.09581,2173,19,2194020000
2015-09-17 02:00:00,1.09581,1.09658,1.09547,1.09561,4448,15,4742210000
2015-09-17 04:00:00,1.09561,1.09733,1.09545,1.09724,6855,15,5501050000
2015-09-17 06:00:00,1.09724,1.09732,1.0964,1.09649,3876,15,4393350000
2015-09-17 08:00:00,1.09649,1.09772,1.09584,1.09689,7705,15,8253150000
2015-09-17 10:00:00,1.09691,1.09748,1.09459,1.09623,12952,15,14282700000
2015-09-17 12:00:00,1.09623,1.09735,1.09524,1.09683,8466,15,11690049000
2015-09-17 14:00:00,1.09682,1.09728,1.09468,1.09609,8787,15,11824200000
2015-09-17 16:00:00,1.09607,1.09735,1.0956,1.09652,11542,12,13098086000
2015-09-17 18:00:00,1.09657,1.09888,1.09652,1.09872,10506,15,13369650000
2015-09-17 20:00:00,1.09876,1.09942,1.09488,1.09561,26322,15,31906192000
2015-09-17 22:00:00,1.09562,1.09777,1.09477,1.09686,18441,15,26248150000
2015-09-18 00:00:00,1.09761,1.09824,1.09542,1.09645,5604,16,5323200000
2015-09-18 02:00:00,1.09646,1.09772,1.09494,1.0955,8921,15,8764700000
2015-09-18 04:00:00,1.0955,1.09562,1.09491,1.0952,7749,15,7674750000
2015-09-18 06:00:00,1.09518,1.09565,1.09462,1.09545,3422,15,2814800000
2015-09-18 08:00:00,1.09544,1.09728,1.0952,1.09527,8123,15,7880894000
2015-09-18 10:00:00,1.09526,1.09702,1.09464,1.09634,15143,15,19427930000
2015-09-18 12:00:00,1.09634,1.09636,1.08987,1.09039,15007,15,19335376000
2015-09-18 14:00:00,1.09038,1.09205,1.09015,1.09102,14591,15,15987709000
2015-09-18 16:00:00,1.09103,1.09299,1.09067,1.09208,17841,15,18681480000
2015-09-18 18:00:00,1.09212,1.09348,1.09154,1.09296,10995,15,13073150000
2015-09-18 20:00:00,1.09296,1.09488,1.09292,1.09405,7446,15,11184100000
2015-09-18 22:00:00,1.09405,1.09646,1.09276,1.09332,11967,15,13514400000
2015-09-21 00:00:00,1.0926,1.09467,1.0926,1.09417,5162,16,4283408000
2015-09-21 02:00:00,1.09417,1.09496,1.09382,1.09465,4702,15,4685465000
2015-09-21 04:00:00,1.09465,1.09537,1.09442,1.09515,6317,15,6405736000
2015-09-21 06:00:00,1.09514,1.09575,1.09447,1.09498,3472,15,2597200000
2015-09-21 08:00:00,1.095,1.09569,1.09306,1.09422,7999,15,7584849000
2015-09-21 10:00:00,1.0942,1.09556,1.09203,1.0921,13505,15,14795250000
2015-09-21 12:00:00,1.09208,1.09218,1.08941,1.09068,10662,15,15029643000
2015-09-21 14:00:00,1.09067,1.09146,1.0895,1.09132,12212,15,15696827000
2015-09-21 16:00:00,1.09128,1.09281,1.08793,1.08847,17442,15,21921652000
2015-09-21 18:00:00,1.08847,1.08877,1.08553,1.08587,13774,15,18416525000
2015-09-21 20:00:00,1.08587,1.08677,1.08428,1.08628,8594,15,11641600000
2015-09-21 22:00:00,1.08628,1.08783,1.08599,1.08683,5712,12,9167150000
2015-09-22 00:00:00,1.08607,1.08779,1.08508,1.08729,1782,15,1634399000
2015-09-22 02:00:00,1.08729,1.08807,1.08724,1.08779,2152,1,1589600000
2015-09-22 04:00:00,1.08778,1.08867,1.08777,1.08829,2175,7,1263050000
2015-09-22 06:00:00,1.08829,1.08842,1.08781,1.08833,2682,17,1606500000
2015-09-22 08:00:00,1.08831,1.08841,1.08676,1.08692,7911,15,7491315000
2015-09-22 10:00:00,1.08692,1.08857,1.08603,1.08827,15493,15,17237500000
2015-09-22 12:00:00,1.08825,1.08879,1.08611,1.08748,13684,15,17647699000
2015-09-22 14:00:00,1.08749,1.08846,1.08551,1.08589,12643,15,17026760000
2015-09-22 16:00:00,1.08589,1.08617,1.08331,1.08386,16958,15,21625899000
2015-09-22 18:00:00,1.08385,1.08485,1.08222,1.08283,11179,15,17706435000
2015-09-22 20:00:00,1.08283,1.08563,1.08279,1.08527,6782,15,8905090000
2015-09-22 22:00:00,1.0853,1.08566,1.08458,1.0847,4162,15,4797300000
2015-09-23 00:00:00,1.08468,1.08536,1.08406,1.08528,2312,6,1695000000
2015-09-23 02:00:00,1.08524,1.08538,1.08393,1.08441,2706,9,1242550000
2015-09-23 04:00:00,1.08441,1.08529,1.08397,1.08487,4556,15,3361250000
2015-09-23 06:00:00,1.08487,1.08536,1.08459,1.08488,2562,15,2163450000
2015-09-23 08:00:00,1.08493,1.08692,1.08438,1.08667,5786,15,6449300000
2015-09-23 10:00:00,1.08681,1.08735,1.08477,1.08715,15063,15,17832992000
2015-09-23 12:00:00,1.08715,1.09021,1.08636,1.0894,13436,15,15515300000
2015-09-23 14:00:00,1.08939,1.08969,1.0871,1.08796,10466,15,12966092000
2015-09-23 16:00:00,1.08794,1.09263,1.0876,1.09119,19199,15,22867400000
2015-09-23 18:00:00,1.09119,1.09338,1.09099,1.09239,12340,15,15330728000
2015-09-23 20:00:00,1.0924,1.09554,1.09229,1.09506,9566,15,11085050000
2015-09-23 22:00:00,1.09504,1.0959,1.09447,1.0959,5848,15,7430350000
2015-09-24 00:00:00,1.09476,1.0955,1.09139,1.09503,2212,15,1777100000
2015-09-24 02:00:00,1.09503,1.09557,1.09438,1.09451,5530,15,3876350000
2015-09-24 04:00:00,1.0945,1.09521,1.09415,1.09479,5550,15,5181050000
2015-09-24 06:00:00,1.09479,1.09507,1.09402,1.09499,4297,16,3085800000
2015-09-24 08:00:00,1.09499,1.09514,1.09329,1.09415,6954,15,7049000000
2015-09-24 10:00:00,1.09412,1.0946,1.09269,1.09341,14972,15,16440900000
2015-09-24 12:00:00,1.09341,1.09441,1.0927,1.09305,13938,15,17607450000
2015-09-24 14:00:00,1.093,1.095,1.09208,1.09306,16213,15,18044399000
2015-09-24 16:00:00,1.09307,1.09482,1.09157,1.09331,19163,15,25041252000
2015-09-24 18:00:00,1.09332,1.09568,1.09209,1.09545,11975,15,14398450000
2015-09-24 20:00:00,1.09546,1.09614,1.09443,1.09549,8436,15,10462552000
2015-09-24 22:00:00,1.0955,1.09665,1.09449,1.09503,5992,15,7670532000
2015-09-25 00:00:00,1.09455,1.09455,1.09113,1.09286,8414,15,6903892000
2015-09-25 02:00:00,1.09286,1.09412,1.09275,1.09302,6463,15,5726201000
2015-09-25 04:00:00,1.09302,1.09434,1.09282,1.09378,5965,15,5906510000
2015-09-25 06:00:00,1.09378,1.09385,1.09321,1.09368,4636,15,4898700000
2015-09-25 08:00:00,1.09368,1.09416,1.09174,1.09253,8027,15,7989126000
2015-09-25 10:00:00,1.09252,1.09483,1.09162,1.09455,15940,15,20813700000
2015-09-25 12:00:00,1.0946,1.09508,1.08903,1.08974,11940,15,12656700000
2015-09-25 14:00:00,1.08973,1.09269,1.08963,1.09222,12094,15,18359150000
2015-09-25 16:00:00,1.09221,1.093,1.09103,1.09158,17521,15,22457400000
2015-09-25 18:00:00,1.09159,1.09476,1.09068,1.09454,13510,15,19351145000
2015-09-25 20:00:00,1.09457,1.09721,1.09449,1.0966,9487,15,9714900000
2015-09-25 22:00:00,1.0966,1.09817,1.0944,1.09561,7841,15,8597834000
2015-09-28 00:00:00,1.0947,1.09625,1.09213,1.09605,1495,9,1742000000
2015-09-28 02:00:00,1.09605,1.09692,1.09554,1.09597,5466,14,6080500000
2015-09-28 04:00:00,1.09597,1.09647,1.09514,1.09646,3198,9,2467850000
2015-09-28 06:00:00,1.09646,1.09654,1.09541,1.09543,3874,15,4594900000
2015-09-28 08:00:00,1.09544,1.09624,1.09419,1.09421,8137,15,8912750000
2015-09-28 10:00:00,1.09421,1.09652,1.09407,1.09501,16193,15,18924800000
2015-09-28 12:00:00,1.095,1.09605,1.09483,1.09586,10442,7,12656650000
2015-09-28 14:00:00,1.09586,1.09588,1.0932,1.09392,15151,15,18299019000
2015-09-28 16:00:00,1.09391,1.09433,1.09097,1.09226,19825,15,26372850000
2015-09-28 18:00:00,1.09225,1.0946,1.09223,1.0933,13339,15,18201850000
2015-09-28 20:00:00,1.09331,1.09498,1.09322,1.09476,8560,15,11860850000
2015-09-28 22:00:00,1.0948,1.09497,1.09408,1.09408,6508,15,8671000000
2015-09-29 00:00:00,1.09413,1.09482,1.09388,1.0947,2422,15,1760950000
2015-09-29 02:00:00,1.09472,1.09492,1.09418,1.09443,2818,9,2647581000
2015-09-29 04:00:00,1.09443,1.0947,1.09432,1.09444,3711,14,2947650000
2015-09-29 06:00:00,1.09445,1.09483,1.09377,1.09424,3411,15,2164900000
2015-09-29 08:00:00,1.09429,1.09553,1.0934,1.09353,8683,15,8610600000
2015-09-29 10:00:00,1.09355,1.09413,1.09023,1.09061,17319,15,20949639000
2015-09-29 12:00:00,1.09061,1.09391,1.08962,1.09257,12702,15,15919410000
2015-09-29 14:00:00,1.09258,1.09285,1.08956,1.08974,11067,15,14664750000
2015-09-29 16:00:00,1.08975,1.09125,1.08948,1.0911,18461,15,24820049000
2015-09-29 18:00:00,1.0911,1.09387,1.09053,1.09304,14155,15,18898440000
2015-09-29 20:00:00,1.09305,1.09376,1.09261,1.09276,10389,15,15062400000
2015-09-29 22:00:00,1.09272,1.09365,1.09266,1.09297,7881,15,10929300000
2015-09-30 00:00:00,1.09305,1.09316,1.09067,1.09289,3900,23,3891500000
2015-09-30 02:00:00,1.09289,1.09342,1.0922,1.09243,5063,15,5415000000
2015-09-30 04:00:00,1.09243,1.09308,1.09227,1.09305,3991,15,3190600000
2015-09-30 06:00:00,1.09305,1.09344,1.09269,1.09296,3202,15,2269500000
2015-09-30 08:00:00,1.09297,1.09399,1.09245,1.09379,8928,15,8179698000
2015-09-30 10:00:00,1.09376,1.09444,1.09112,1.0924,15935,15,17364285000
2015-09-30 12:00:00,1.09243,1.09321,1.09058,1.09147,12041,15,15479700000
2015-09-30 14:00:00,1.09147,1.09215,1.09046,1.09134,13088,10,16774146000
2015-09-30 16:00:00,1.09134,1.09205,1.08942,1.09066,20908,15,25831977000
2015-09-30 18:00:00,1.09066,1.09109,1.08937,1.08999,16161,15,20634550000
2015-09-30 20:00:00,1.08999,1.0904,1.08842,1.08889,10761,15,15750430000
2015-09-30 22:00:00,1.08886,1.08912,1.08768,1.08769,7815,15,10407259000
2015-10-01 00:00:00,1.08679,1.08858,1.08679,1.08808,4680,20,4060150000
2015-10-01 02:00:00,1.08807,1.08861,1.08762,1.08768,2767,17,2378600000
2015-10-01 04:00:00,1.08768,1.08892,1.08741,1.08847,5436,15,4986950000
2015-10-01 06:00:00,1.08847,1.0887,1.08764,1.08806,3911,15,3356599000
2015-10-01 08:00:00,1.08806,1.08869,1.08792,1.08836,6587,15,7284650000
2015-10-01 10:00:00,1.08835,1.09141,1.08827,1.09106,14153,15,16336842000
2015-10-01 12:00:00,1.09104,1.09163,1.08943,1.0904,12562,15,14236433000
2015-10-01 14:00:00,1.0904,1.0917,1.08993,1.09097,13616,15,16284998000
2015-10-01 16:00:00,1.09097,1.09241,1.08918,1.09208,21365,15,21426300000
2015-10-01 18:00:00,1.09207,1.0937,1.09013,1.09346,13303,15,16433600000
2015-10-01 20:00:00,1.09346,1.09416,1.09259,1.09325,9511,15,11668748000
2015-10-01 22:00:00,1.09327,1.09386,1.09284,1.0938,7137,15,7140150000
2015-10-02 00:00:00,1.09169,1.09388,1.09165,1.09328,4045,15,2511250000
2015-10-02 02:00:00,1.09328,1.09329,1.09252,1.09303,2777,18,2124650000
2015-10-02 04:00:00,1.09298,1.09365,1.09289,1.09319,4485,15,3338400000
2015-10-02 06:00:00,1.09316,1.0934,1.09258,1.09284,4286,15,4058550000
2015-10-02 08:00:00,1.09286,1.09334,1.09207,1.09221,5368,15,4848100000
2015-10-02 10:00:00,1.09221,1.09239,1.09089,1.09156,11031,15,15876600000
2015-10-02 12:00:00,1.09155,1.09324,1.09151,1.09266,9609,15,12261900000
2015-10-02 14:00:00,1.09266,1.09389,1.09064,1.09101,17259,15,22292390000
2015-10-02 16:00:00,1.09097,1.09325,1.09042,1.09303,20570,15,27218934000
2015-10-02 18:00:00,1.09299,1.09408,1.09,1.09057,20503,15,27351300000
2015-10-02 20:00:00,1.09057,1.09115,1.08957,1.08957,13139,15,18552666000
2015-10-02 22:00:00,1.08958,1.09063,1.08841,1.08846,10183,15,14144850000
2015-10-05 00:00:00,1.08865,1.09013,1.08865,1.08984,10071,22,8456000000
2015-10-05 02:00:00,1.08984,1.09055,1.08934,1.08997,5946,21,5950700000
2015-10-05 04:00:00,1.08997,1.09079,1.08946,1.09033,6095,15,8297500000
2015-10-05 06:00:00,1.09034,1.09039,1.08937,1.09029,4631,11,5656600000
2015-10-05 08:00:00,1.09025,1.09132,1.08979,1.09089,6955,15,7208100000
2015-10-05 10:00:00,1.09089,1.09349,1.09013,1.09283,17040,15,19829420000
2015-10-05 12:00:00,1.09283,1.09441,1.09235,1.09267,14352,15,18159500000
2015-10-05 14:00:00,1.09267,1.0943,1.09149,1.09308,13442,15,14698500000
2015-10-05 16:00:00,1.09308,1.09421,1.09239,1.09281,16161,15,20007146000
2015-10-05 18:00:00,1.09279,1.09284,1.09046,1.09103,12118,15,17166166000
2015-10-05 20:00:00,1.09102,1.09153,1.09046,1.09109,5793,9,7338600000
2015-10-05 22:00:00,1.09111,1.09144,1.0907,1.09094,5083,14,5682350000
2015-10-06 00:00:00,1.09071,1.09182,1.08979,1.09177,3003,15,2487600000
2015-10-06 02:00:00,1.09176,1.09204,1.09132,1.0919,4082,19,3943300000
2015-10-06 04:00:00,1.09187,1.09217,1.09096,1.09098,3649,15,4329800000
2015-10-06 06:00:00,1.09099,1.09146,1.09057,1.09138,4029,13,4067950000
2015-10-06 08:00:00,1.09138,1.09202,1.09063,1.09116,6474,15,6023145000
2015-10-06 10:00:00,1.09116,1.0921,1.09022,1.092,12630,15,14733260000
2015-10-06 12:00:00,1.09199,1.09376,1.09166,1.09284,10127,15,13040956000
2015-10-06 14:00:00,1.09285,1.09395,1.09153,1.09203,13511,15,15459900000
2015-10-06 16:00:00,1.09205,1.09272,1.09026,1.09026,16170,15,18930747000
2015-10-06 18:00:00,1.09021,1.09135,1.09013,1.09055,13294,15,18995443000
2015-10-06 20:00:00,1.09051,1.09062,1.08965,1.08966,6916,15,9955200000
2015-10-06 22:00:00,1.08968,1.09014,1.08962,1.08963,5300,15,6412220000
2015-10-07 00:00:00,1.08966,1.09062,1.08883,1.08979,2637,13,2025250000
2015-10-07 02:00:00,1.08979,1.09017,1.08942,1.08975,2878,15,2268436000
2015-10-07 04:00:00,1.08974,1.09027,1.08915,1.08952,2999,11,2711000000
2015-10-07 06:00:00,1.08952,1.09008,1.08842,1.08885,5835,15,4670650000
2015-10-07 08:00:00,1.08885,1.08907,1.08742,1.08745,7124,15,6753950000
2015-10-07 10:00:00,1.08753,1.08803,1.08646,1.08748,14715,15,15683200000
2015-10-07 12:00:00,1.08746,1.08893,1.08716,1.08845,11373,15,14325100000
2015-10-07 14:00:00,1.08849,1.08866,1.08726,1.08798,12603,15,16489400000
2015-10-07 16:00:00,1.08799,1.09188,1.0878,1.09099,16924,15,17903349000
2015-10-07 18:00:00,1.09099,1.09475,1.0909,1.09403,15381,15,15126327000
2015-10-07 20:00:00,1.09402,1.09466,1.09269,1.09378,8878,15,9896800000
2015-10-07 22:00:00,1.09375,1.09476,1.09368,1.0939,5542,15,6272350000
2015-10-08 00:00:00,1.09376,1.0942,1.0929,1.09393,2300,15,1593500000
2015-10-08 02:00:00,1.09393,1.09416,1.09353,1.09353,2575,15,1780750000
2015-10-08 04:00:00,1.09355,1.09454,1.09352,1.09442,3919,15,3220800000
2015-10-08 06:00:00,1.09442,1.09472,1.09425,1.0945,2164,15,1281950000
2015-10-08 08:00:00,1.09449,1.09462,1.09323,1.09325,5700,14,5590550000
2015-10-08 10:00:00,1.09325,1.09381,1.09141,1.09354,15455,15,18261000000
2015-10-08 12:00:00,1.09355,1.09376,1.09201,1.09281,10270,15,11723226000
2015-10-08 14:00:00,1.09277,1.09382,1.09193,1.09295,13821,15,17833250000
2015-10-08 16:00:00,1.09294,1.09294,1.09028,1.09028,12847,15,17606200000
2015-10-08 18:00:00,1.09028,1.09186,1.09023,1.09068,10791,15,12897592000
2015-10-08 20:00:00,1.09071,1.09182,1.0892,1.0895,14980,15,22069923000
2015-10-08 22:00:00,1.08949,1.09021,1.08906,1.08938,5664,15,7470800000
2015-10-09 00:00:00,1.08891,1.09036,1.08793,1.0901,5043,15,4245250000
2015-10-09 02:00:00,1.09009,1.09053,1.08951,1.09006,3046,16,2545000000
2015-10-09 04:00:00,1.09006,1.09058,1.08949,1.08981,4056,15,3577200000
2015-10-09 06:00:00,1.08984,1.09017,1.08974,1.08991,2806,14,2666650000
2015-10-09 08:00:00,1.08991,1.09122,1.08921,1.08931,5803,14,5820700000
2015-10-09 10:00:00,1.08929,1.09176,1.08797,1.09148,16551,15,17707165000
2015-10-09 12:00:00,1.09148,1.09188,1.09002,1.0916,13710,15,15442700000
2015-10-09 14:00:00,1.0916,1.09193,1.0903,1.09071,15064,15,20636500000
2015-10-09 16:00:00,1.0907,1.09266,1.09049,1.09256,15580,15,19072750000
2015-10-09 18:00:00,1.09259,1.09295,1.09208,1.09226,12562,15,14628397000
2015-10-09 20:00:00,1.09226,1.09277,1.09115,1.09218,6738,15,7916853000
2015-10-09 22:00:00,1.09216,1.09262,1.09133,1.09185,4679,15,5384200000
2015-10-12 00:00:00,1.09083,1.09265,1.09078,1.09249,9606,21,10680300000
2015-10-12 02:00:00,1.09249,1.09292,1.09213,1.09258,5394,15,5891400000
2015-10-12 04:00:00,1.09258,1.09291,1.09229,1.09249,4093,14,3171086000
2015-10-12 06:00:00,1.09245,1.09292,1.09229,1.09292,3628,12,2664400000
2015-10-12 08:00:00,1.09291,1.09386,1.09268,1.09297,6460,15,5882750000
2015-10-12 10:00:00,1.09297,1.09437,1.09184,1.09386,9460,15,10846650000
2015-10-12 12:00:00,1.09386,1.09409,1.09291,1.09297,7785,15,9761800000
2015-10-12 14:00:00,1.09298,1.09326,1.09197,1.09244,7161,15,8732000000
2015-10-12 16:00:00,1.09243,1.09331,1.09132,1.09264,9754,15,11081200000
2015-10-12 18:00:00,1.09264,1.09341,1.09212,1.09311,7067,15,8997800000
2015-10-12 20:00:00,1.09311,1.09425,1.09305,1.09342,4872,15,5665658000
2015-10-12 22:00:00,1.09342,1.09392,1.09253,1.09253,4970,15,6158000000
2015-10-13 00:00:00,1.09307,1.09342,1.09269,1.09319,4992,23,5140800000
2015-10-13 02:00:00,1.09319,1.09437,1.093,1.09411,3698,15,3926200000
2015-10-13 04:00:00,1.09413,1.09444,1.09403,1.0943,2908,10,2293200000
2015-10-13 06:00:00,1.09432,1.09467,1.09418,1.09462,1967,11,1374750000
2015-10-13 08:00:00,1.0946,1.0949,1.09219,1.09334,6791,15,6268250000
2015-10-13 10:00:00,1.09334,1.09433,1.09265,1.09335,15274,15,16388500000
2015-10-13 12:00:00,1.09333,1.09364,1.09125,1.09191,11195,15,13448497000
2015-10-13 14:00:00,1.09191,1.09208,1.08894,1.09053,11547,15,12216133000
2015-10-13 16:00:00,1.09051,1.09209,1.09044,1.09204,15242,15,18021037000
2015-10-13 18:00:00,1.09203,1.09263,1.0906,1.09091,9568,15,14563250000
2015-10-13 20:00:00,1.09091,1.09107,1.08996,1.09087,6766,15,8895390000
2015-10-13 22:00:00,1.09086,1.09088,1.08913,1.08941,4102,15,5194914000
2015-10-14 00:00:00,1.08995,1.09047,1.08864,1.09042,3338,29,2693550000
2015-10-14 02:00:00,1.09037,1.09142,1.09017,1.09121,2754,24,2350150000
2015-10-14 04:00:00,1.09121,1.09141,1.09045,1.09113,3454,20,2792520000
2015-10-14 06:00:00,1.09112,1.09119,1.09028,1.09062,2969,28,2595450000
2015-10-14 08:00:00,1.09064,1.09159,1.09059,1.09067,6313,23,5740050000
2015-10-14 10:00:00,1.09068,1.0917,1.09028,1.09117,14042,22,16686250000
2015-10-14 12:00:00,1.09117,1.09164,1.08999,1.09012,8273,22,11230600000
2015-10-14 14:00:00,1.09011,1.09107,1.08921,1.08997,13242,23,17077150000
2015-10-14 16:00:00,1.08997,1.09061,1.08902,1.08932,16917,22,18408888000
2015-10-14 18:00:00,1.08928,1.08971,1.08767,1.08872,11390,21,12954500000
2015-10-14 20:00:00,1.08872,1.0892,1.08794,1.08914,8587,15,11473935000
2015-10-14 22:00:00,1.08917,1.09068,1.08886,1.08907,7286,15,9239949000
2015-10-15 00:00:00,1.08839,1.08996,1.08839,1.08931,2501,15,2174294000
2015-10-15 02:00:00,1.08929,1.0898,1.08836,1.08855,3664,19,3060400000
2015-10-15 04:00:00,1.08855,1.08964,1.08855,1.08956,4110,15,3576100000
2015-10-15 06:00:00,1.08956,1.09018,1.08943,1.08971,3044,15,2828200000
2015-10-15 08:00:00,1.08973,1.09084,1.08941,1.09008,6388,15,7140250000
2015-10-15 10:00:00,1.09008,1.09013,1.08578,1.08642,15809,15,18806900000
2015-10-15 12:00:00,1.08642,1.08731,1.08545,1.08721,10012,15,11655400000
2015-10-15 14:00:00,1.08721,1.08758,1.08521,1.08618,14184,15,15657150000
2015-10-15 16:00:00,1.08616,1.08626,1.08187,1.0822,18144,15,19611550000
2015-10-15 18:00:00,1.0822,1.08421,1.08198,1.08264,13788,15,17858233000
2015-10-15 20:00:00,1.08264,1.08349,1.08235,1.08268,6826,15,9167150000
2015-10-15 22:00:00,1.08265,1.08306,1.08082,1.08177,4806,15,4518650000
2015-10-16 00:00:00,1.08104,1.08232,1.08104,1.08204,2304,15,1478156000
2015-10-16 02:00:00,1.08204,1.08219,1.08115,1.0812,2651,15,1633800000
2015-10-16 04:00:00,1.0812,1.08259,1.08101,1.08236,2942,15,2462950000
2015-10-16 06:00:00,1.08236,1.08304,1.08206,1.08301,2696,15,2467850000
2015-10-16 08:00:00,1.083,1.08448,1.08293,1.08396,5548,15,5293800000
2015-10-16 10:00:00,1.08397,1.08517,1.08364,1.08424,10954,15,11175850000
2015-10-16 12:00:00,1.08427,1.08476,1.08166,1.08266,10401,15,11736400000
2015-10-16 14:00:00,1.08266,1.08277,1.07819,1.08203,9817,15,11262856000
2015-10-16 16:00:00,1.08205,1.08247,1.08164,1.08202,13525,15,17731047000
2015-10-16 18:00:00,1.08202,1.08394,1.08179,1.08204,11576,15,15820945000
2015-10-16 20:00:00,1.08206,1.08307,1.08193,1.08193,6257,15,7148540000
2015-10-16 22:00:00,1.08194,1.08297,1.08174,1.08201,5781,15,4918450000
2015-10-19 00:00:00,1.08207,1.08357,1.08178,1.08215,7415,16,7479100000
2015-10-19 02:00:00,1.08216,1.08352,1.082,1.08315,2956,19,3078400000
2015-10-19 04:00:00,1.08315,1.08462,1.08315,1.08426,4431,15,4139850000
2015-10-19 06:00:00,1.08425,1.08445,1.08373,1.08416,4118,15,4162750000
2015-10-19 08:00:00,1.08416,1.08514,1.08416,1.08453,5911,15,5455235000
2015-10-19 10:00:00,1.08455,1.08489,1.08182,1.0829,11887,15,12161010000
2015-10-19 12:00:00,1.0829,1.08416,1.08206,1.08271,10551,15,12522100000
2015-10-19 14:00:00,1.0827,1.08345,1.08199,1.08242,9426,15,12108800000
2015-10-19 16:00:00,1.08243,1.08318,1.08197,1.0824,11543,15,14033082000
2015-10-19 18:00:00,1.08241,1.08287,1.08096,1.0828,9776,15,11276399000
2015-10-19 20:00:00,1.08284,1.08325,1.08208,1.08313,5355,15,6725950000
2015-10-19 22:00:00,1.08313,1.08318,1.08221,1.0823,3679,15,4416599000
2015-10-20 00:00:00,1.08212,1.08346,1.0817,1.08296,3317,15,3465547000
2015-10-20 02:00:00,1.08296,1.08344,1.08279,1.08312,1993,20,1307950000
2015-10-20 04:00:00,1.08311,1.08369,1.08301,1.0834,2272,15,1560300000
2015-10-20 06:00:00,1.08342,1.08388,1.08308,1.08327,2214,15,1591850000
2015-10-20 08:00:00,1.08327,1.0837,1.08238,1.08257,4223,15,3728650000
2015-10-20 10:00:00,1.08257,1.08322,1.07984,1.08001,12826,15,14357898000
2015-10-20 12:00:00,1.08003,1.08198,1.07957,1.08184,11190,15,13072940000
2015-10-20 14:00:00,1.08184,1.08257,1.08135,1.08161,10623,15,12777750000
2015-10-20 16:00:00,1.0816,1.08243,1.08093,1.08214,12525,15,16961200000
2015-10-20 18:00:00,1.08214,1.08458,1.08212,1.0844,8474,15,9297350000
2015-10-20 20:00:00,1.08441,1.0852,1.08388,1.08455,4940,15,6226800000
2015-10-20 22:00:00,1.08455,1.08524,1.08371,1.08387,2653,15,3644750000
2015-10-21 00:00:00,1.08367,1.08536,1.08357,1.08528,2949,15,3106800000
2015-10-21 02:00:00,1.08528,1.08607,1.08521,1.08592,2866,15,1712500000
2015-10-21 04:00:00,1.08594,1.08607,1.08484,1.08522,3354,15,4346350000
2015-10-21 06:00:00,1.08522,1.08561,1.08513,1.08534,4781,15,4520800000
2015-10-21 08:00:00,1.08534,1.0859,1.08457,1.08463,7214,15,6935198000
2015-10-21 10:00:00,1.08463,1.08543,1.08378,1.08446,12237,15,13934000000
2015-10-21 12:00:00,1.08445,1.08934,1.08432,1.08823,11034,15,10827617000
2015-10-21 14:00:00,1.08823,1.08836,1.08588,1.08625,9289,15,10042450000
2015-10-21 16:00:00,1.08625,1.08709,1.08543,1.08614,13121,15,13836083000
2015-10-21 18:00:00,1.08614,1.08615,1.08491,1.08574,8897,15,10261570000
2015-10-21 20:00:00,1.08578,1.08727,1.08568,1.08718,7119,15,8505300000
2015-10-21 22:00:00,1.08718,1.08827,1.08688,1.08787,4842,15,5298093000
2015-10-22 00:00:00,1.08751,1.08794,1.08689,1.08778,1881,15,1108500000
2015-10-22 02:00:00,1.08773,1.08838,1.0874,1.08768,2084,15,1274450000
2015-10-22 04:00:00,1.08768,1.08864,1.08747,1.08854,2981,15,2253300000
2015-10-22 06:00:00,1.08854,1.08862,1.08767,1.08791,4066,15,3602100000
2015-10-22 08:00:00,1.08793,1.08795,1.08636,1.08661,6294,15,5061950000
2015-10-22 10:00:00,1.08661,1.08766,1.08574,1.08659,14760,15,15782022000
2015-10-22 12:00:00,1.08659,1.08991,1.08644,1.08843,12312,15,13370050000
2015-10-22 14:00:00,1.08844,1.08952,1.08502,1.08571,19533,15,22885893000
2015-10-22 16:00:00,1.08571,1.08677,1.08346,1.08417,21718,15,22094950000
2015-10-22 18:00:00,1.08417,1.08428,1.08073,1.08115,12201,15,11960250000
2015-10-22 20:00:00,1.08115,1.08286,1.08114,1.08181,8483,15,10105869000
2015-10-22 22:00:00,1.08181,1.08198,1.0802,1.08084,6481,15,8204933000
2015-10-23 00:00:00,1.08072,1.081,1.07829,1.0806,5445,15,3124150000
2015-10-23 02:00:00,1.08055,1.08062,1.07814,1.07969,5981,15,4787952000
2015-10-23 04:00:00,1.0797,1.08156,1.0797,1.08152,6211,15,5833482000
2015-10-23 06:00:00,1.08152,1.08173,1.08095,1.0811,4101,15,2928300000
2015-10-23 08:00:00,1.08108,1.08149,1.0795,1.08081,7124,15,6388690000
2015-10-23 10:00:00,1.08083,1.08271,1.07957,1.08208,15411,15,17377150000
2015-10-23 12:00:00,1.08208,1.08267,1.08042,1.08063,12988,15,13562300000
2015-10-23 14:00:00,1.08063,1.08219,1.07691,1.07802,18017,15,19558950000
2015-10-23 16:00:00,1.07804,1.07953,1.07667,1.07708,17394,15,20036660000
2015-10-23 18:00:00,1.07705,1.07803,1.07576,1.07787,9810,15,13667327000
2015-10-23 20:00:00,1.07788,1.079,1.07746,1.07826,7887,15,8628600000
2015-10-23 22:00:00,1.07827,1.07869,1.07665,1.07665,5590,15,5943496000
2015-10-26 00:00:00,1.07742,1.07862,1.0773,1.07834,3696,15,3632150000
2015-10-26 02:00:00,1.07834,1.07924,1.07766,1.07806,5754,15,4652396000
2015-10-26 04:00:00,1.07806,1.0785,1.07746,1.07754,3531,15,2204250000
2015-10-26 06:00:00,1.07754,1.07772,1.07719,1.07765,3057,15,1430700000
2015-10-26 08:00:00,1.07768,1.07889,1.07752,1.07807,6713,15,5007100000
2015-10-26 10:00:00,1.07808,1.08019,1.07766,1.08004,12434,15,12043450000
2015-10-26 12:00:00,1.08005,1.08242,1.07951,1.08189,10263,15,9573638000
2015-10-26 14:00:00,1.08188,1.08356,1.0813,1.08299,15276,15,16612800000
2015-10-26 16:00:00,1.08302,1.08494,1.08179,1.08442,18143,15,15793550000
2015-10-26 18:00:00,1.08442,1.08687,1.08379,1.08625,10823,15,15313081000
2015-10-26 20:00:00,1.08627,1.08677,1.08575,1.0859,5260,15,6962000000
2015-10-26 22:00:00,1.0859,1.08769,1.08588,1.08608,2846,15,2964137000
2015-10-27 00:00:00,1.08611,1.0868,1.08603,1.08655,2009,15,1493320000
2015-10-27 02:00:00,1.08655,1.08695,1.0856,1.08568,2992,15,2686564000
2015-10-27 04:00:00,1.08568,1.08611,1.08534,1.08573,4432,15,3997750000
2015-10-27 06:00:00,1.08573,1.08584,1.08512,1.08515,2864,15,1624000000
2015-10-27 08:00:00,1.08515,1.08669,1.08478,1.08589,5769,15,5545400000
2015-10-27 10:00:00,1.08588,1.08727,1.08522,1.08661,11825,15,12436880000
2015-10-27 12:00:00,1.08661,1.08902,1.08633,1.08877,9429,15,9238042000
2015-10-27 14:00:00,1.08877,1.08878,1.08704,1.08715,14526,6,16397078000
2015-10-27 16:00:00,1.08713,1.08861,1.08582,1.08823,15169,8,17116198000
2015-10-27 18:00:00,1.08826,1.08904,1.08769,1.08847,9945,15,12567300000
2015-10-27 20:00:00,1.08847,1.08973,1.0871,1.08934,5850,15,6959827000
2015-10-27 22:00:00,1.08934,1.08982,1.08901,1.08912,2689,15,2583085000
2015-10-28 00:00:00,1.08911,1.08961,1.08888,1.08904,3114,16,2625350000
2015-10-28 02:00:00,1.08903,1.08912,1.0882,1.08844,5447,15,4834800000
2015-10-28 04:00:00,1.08844,1.08906,1.08814,1.0884,3538,15,2564550000
2015-10-28 06:00:00,1.08841,1.08887,1.08802,1.08809,3144,15,2962100000
2015-10-28 08:00:00,1.08812,1.09034,1.08812,1.09001,5272,15,4417020000
2015-10-28 10:00:00,1.09001,1.09003,1.08701,1.08715,10208,15,11973300000
2015-10-28 12:00:00,1.08713,1.08976,1.08686,1.08959,9389,15,8464649000
2015-10-28 14:00:00,1.08962,1.09023,1.08879,1.08914,13557,15,14298700000
2015-10-28 16:00:00,1.08913,1.09014,1.08868,1.08996,15135,15,17323200000
2015-10-28 18:00:00,1.08996,1.09082,1.08739,1.08745,11263,15,13952150000
2015-10-28 20:00:00,1.08744,1.08751,1.08262,1.0863,19428,15,23885997000
2015-10-28 22:00:00,1.0863,1.08656,1.08514,1.08601,4662,15,5808600000
2015-10-29 00:00:00,1.08616,1.08619,1.08553,1.08561,2578,15,2147650000
2015-10-29 02:00:00,1.0856,1.08624,1.08547,1.08621,6399,15,5984850000
2015-10-29 04:00:00,1.08621,1.08645,1.08541,1.08581,4106,15,3613300000
2015-10-29 06:00:00,1.08582,1.08638,1.08556,1.08613,3574,15,2963600000
2015-10-29 08:00:00,1.08615,1.08735,1.08483,1.08508,8396,15,6361541000
2015-10-29 10:00:00,1.08509,1.08588,1.08416,1.08544,14005,15,15374950000
2015-10-29 12:00:00,1.08544,1.08607,1.08361,1.08477,12298,15,13963600000
2015-10-29 14:00:00,1.08477,1.08617,1.08408,1.08505,18152,15,19565800000
2015-10-29 16:00:00,1.08499,1.08759,1.08448,1.08677,15983,15,17507130000
2015-10-29 18:00:00,1.0868,1.08772,1.08538,1.08652,9174,15,11996199000
2015-10-29 20:00:00,1.08648,1.08714,1.08584,1.08614,5537,15,6741100000
2015-10-29 22:00:00,1.08614,1.08659,1.08556,1.08646,3408,15,3807200000
2015-10-30 00:00:00,1.08648,1.08742,1.08636,1.08689,3391,20,1966050000
2015-10-30 02:00:00,1.08687,1.08725,1.0859,1.08657,5802,15,3763100000
2015-10-30 04:00:00,1.08658,1.08705,1.08589,1.08623,6891,15,5581600000
2015-10-30 06:00:00,1.08623,1.08724,1.0859,1.08661,7861,15,8048450000
2015-10-30 08:00:00,1.08661,1.08831,1.08591,1.08626,9683,15,8180050000
2015-10-30 10:00:00,1.08625,1.08705,1.08499,1.08635,11087,15,11415150000
2015-10-30 12:00:00,1.08629,1.08933,1.08596,1.08926,10959,15,11773650000
2015-10-30 14:00:00,1.08924,1.09161,1.08905,1.09129,14703,15,14090840000
2015-10-30 16:00:00,1.09133,1.09171,1.08838,1.08852,16146,15,14582148000
2015-10-30 18:00:00,1.08852,1.08898,1.08674,1.08728,11616,15,12543100000
2015-10-30 20:00:00,1.08729,1.08785,1.08623,1.08688,6814,15,8607450000
2015-10-30 22:00:00,1.08692,1.08717,1.08567,1.08663,2228,16,3106050000
2015-11-02 00:00:00,1.08508,1.08832,1.08501,1.08708,5469,15,5886150000
2015-11-02 02:00:00,1.08708,1.08862,1.08708,1.08833,4975,17,3163800000
2015-11-02 04:00:00,1.08833,1.0887,1.08814,1.08869,2507,15,1647900000
2015-11-02 06:00:00,1.08869,1.08928,1.0883,1.08846,2602,15,1969850000
2015-11-02 08:00:00,1.08846,1.08902,1.08755,1.08876,7342,15,6377494000
2015-11-02 10:00:00,1.08876,1.08926,1.08757,1.08768,13824,15,13810550000
2015-11-02 12:00:00,1.08766,1.08791,1.08633,1.08693,11057,15,11880400000
2015-11-02 14:00:00,1.08693,1.089,1.08658,1.08852,10994,15,13153422000
2015-11-02 16:00:00,1.08853,1.08867,1.0855,1.08569,13192,15,13128900000
2015-11-02 18:00:00,1.08569,1.08732,1.08553,1.08686,9809,15,12676300000
2015-11-02 20:00:00,1.08689,1.08728,1.08631,1.0867,4440,15,6595850000
2015-11-02 22:00:00,1.08673,1.08728,1.08623,1.08714,3803,15,3926950000
2015-11-03 00:00:00,1.08578,1.0873,1.08548,1.08725,2299,15,1540798000
2015-11-03 02:00:00,1.08724,1.08735,1.08657,1.08673,2266,15,1674300000
2015-11-03 04:00:00,1.08674,1.08741,1.08673,1.08695,2366,15,1448850000
2015-11-03 06:00:00,1.08694,1.08753,1.08682,1.08752,2803,15,2436050000
2015-11-03 08:00:00,1.08753,1.08758,1.08563,1.08632,4731,15,4038750000
2015-11-03 10:00:00,1.0863,1.08726,1.08541,1.08604,12581,15,12341900000
2015-11-03 12:00:00,1.08604,1.08698,1.08462,1.08687,12001,15,12226500000
2015-11-03 14:00:00,1.08686,1.08704,1.08585,1.08677,11850,15,13758900000
2015-11-03 16:00:00,1.08676,1.08677,1.0846,1.08523,14989,15,14864800000
2015-11-03 18:00:00,1.08527,1.08634,1.08446,1.08598,11053,15,14564650000
2015-11-03 20:00:00,1.08598,1.08654,1.08523,1.08577,7286,15,10752250000
2015-11-03 22:00:00,1.0858,1.08667,1.08536,1.0856,4657,15,5860050000
2015-11-04 00:00:00,1.08595,1.08677,1.08523,1.08634,3869,15,5054313000
2015-11-04 02:00:00,1.08634,1.08641,1.08516,1.08537,4149,15,3882500000
2015-11-04 04:00:00,1.08536,1.08584,1.08505,1.08582,3803,15,2813250000
2015-11-04 06:00:00,1.08581,1.08651,1.08533,1.08647,3817,17,3573900000
2015-11-04 08:00:00,1.08649,1.08649,1.08381,1.08523,7158,15,6022135000
2015-11-04 10:00:00,1.08521,1.08521,1.08187,1.08199,13310,15,13793030000
2015-11-04 12:00:00,1.08199,1.08213,1.08114,1.08147,10174,15,10826100000
2015-11-04 14:00:00,1.08146,1.08227,1.08044,1.08072,13168,15,13000423000
2015-11-04 16:00:00,1.08072,1.08095,1.07799,1.07844,19289,15,20098591000
2015-11-04 18:00:00,1.07844,1.07962,1.07822,1.07961,13132,15,16437350000
2015-11-04 20:00:00,1.07961,1.07982,1.07873,1.0795,6574,15,8435400000
2015-11-04 22:00:00,1.07948,1.07955,1.07862,1.07912,4275,15,5598100000
2015-11-05 00:00:00,1.07786,1.07941,1.07697,1.0789,3289,15,2163150000
2015-11-05 02:00:00,1.07887,1.07951,1.07854,1.0791,4496,15,3448750000
2015-11-05 04:00:00,1.07911,1.07993,1.07896,1.07976,4051,15,3285050000
2015-11-05 06:00:00,1.07976,1.07995,1.07941,1.07978,2924,15,2097300000
2015-11-05 08:00:00,1.07978,1.08156,1.07932,1.08079,7991,15,5928290000
2015-11-05 10:00:00,1.08077,1.08342,1.08047,1.08288,16077,15,17939300000
2015-11-05 12:00:00,1.08291,1.08333,1.08158,1.08272,12203,15,13260128000
2015-11-05 14:00:00,1.08274,1.08361,1.08241,1.08323,16499,15,17263795000
2015-11-05 16:00:00,1.08324,1.08435,1.08183,1.08338,18158,15,21685849000
2015-11-05 18:00:00,1.08332,1.08336,1.08173,1.08336,11322,15,12950850000
2015-11-05 20:00:00,1.08333,1.0838,1.0826,1.08325,5341,15,6171500000
2015-11-05 22:00:00,1.08327,1.08366,1.08175,1.08175,4176,15,4924300000
2015-11-06 00:00:00,1.0825,1.08344,1.08164,1.0831,2053,15,1481000000
2015-11-06 02:00:00,1.08312,1.08365,1.08292,1.0833,2622,15,1483950000
2015-11-06 04:00:00,1.08331,1.08368,1.08297,1.08323,2225,15,1578350000
2015-11-06 06:00:00,1.08322,1.08377,1.08305,1.08349,2686,18,1828300000
2015-11-06 08:00:00,1.08348,1.08382,1.0819,1.08214,6097,15,3970250000
2015-11-06 10:00:00,1.08213,1.083,1.08137,1.08164,11484,15,13570950000
2015-11-06 12:00:00,1.08167,1.08361,1.08148,1.08335,9034,15,8195600000
2015-11-06 14:00:00,1.08335,1.08393,1.07337,1.07958,16305,15,18440445000
2015-11-06 16:00:00,1.07958,1.07985,1.07709,1.07917,21916,15,24952599000
2015-11-06 18:00:00,1.07917,1.08071,1.07888,1.07985,13024,15,16000600000
2015-11-06 20:00:00,1.07985,1.08175,1.07969,1.0811,7611,15,10224900000
2015-11-06 22:00:00,1.0811,1.08117,1.0793,1.07931,4587,15,6798749000
2015-11-09 00:00:00,1.07721,1.07962,1.07689,1.07898,4838,17,4540100000
2015-11-09 02:00:00,1.07896,1.08069,1.07868,1.08056,4499,15,4284750000
2015-11-09 04:00:00,1.08061,1.08145,1.07969,1.08099,5004,15,4602500000
2015-11-09 06:00:00,1.08099,1.08146,1.08034,1.08065,3692,6,3681050000
2015-11-09 08:00:00,1.08064,1.08123,1.07655,1.07704,8833,15,7138450000
2015-11-09 10:00:00,1.07706,1.08123,1.07705,1.08066,14940,15,13414495000
2015-11-09 12:00:00,1.08067,1.08166,1.08024,1.08104,13976,15,12254130000
2015-11-09 14:00:00,1.08103,1.08178,1.07935,1.07982,16297,15,16952848000
2015-11-09 16:00:00,1.07981,1.08047,1.078,1.07875,20103,15,22611750000
2015-11-09 18:00:00,1.07877,1.0791,1.07763,1.07851,13954,13,18912977000
2015-11-09 20:00:00,1.0785,1.07963,1.0785,1.07925,6707,15,8079480000
2015-11-09 22:00:00,1.07926,1.07969,1.0784,1.07859,3677,5,5016300000
2015-11-10 00:00:00,1.07777,1.07968,1.07777,1.07928,2981,15,1879300000
2015-11-10 02:00:00,1.07927,1.07951,1.07828,1.07936,6173,15,5358750000
2015-11-10 04:00:00,1.07936,1.07966,1.07868,1.07948,3418,10,2245400000
2015-11-10 06:00:00,1.07948,1.07958,1.07859,1.0792,3429,14,1761450000
2015-11-10 08:00:00,1.0792,1.07985,1.07867,1.0789,8168,10,7559945000
2015-11-10 10:00:00,1.0789,1.07964,1.07717,1.07721,15936,15,20156750000
2015-11-10 12:00:00,1.0772,1.07831,1.07709,1.07758,13075,15,15799800000
2015-11-10 14:00:00,1.07759,1.07793,1.07606,1.07724,18822,15,19646850000
2015-11-10 16:00:00,1.07724,1.07757,1.07615,1.07649,20301,15,22722950000
2015-11-10 18:00:00,1.0765,1.07801,1.07639,1.07785,11689,15,13404800000
2015-11-10 20:00:00,1.07785,1.07914,1.07758,1.07784,8407,15,10449676000
2015-11-10 22:00:00,1.07785,1.07928,1.07785,1.07911,4595,16,4622800000
2015-11-11 00:00:00,1.07876,1.07977,1.07832,1.07923,4696,17,3452600000
2015-11-11 02:00:00,1.07923,1.07969,1.07858,1.07929,6474,15,4924200000
2015-11-11 04:00:00,1.0793,1.08048,1.07905,1.08025,7468,15,6071000000
2015-11-11 06:00:00,1.08026,1.08033,1.07923,1.07979,4749,15,4334000000
2015-11-11 08:00:00,1.07978,1.07996,1.07829,1.07866,8413,15,6205550000
2015-11-11 10:00:00,1.07866,1.08012,1.07828,1.08006,14829,15,15726000000
2015-11-11 12:00:00,1.08002,1.08016,1.07811,1.07842,13561,15,13104000000
2015-11-11 14:00:00,1.07843,1.07928,1.07799,1.07896,12163,15,12229000000
2015-11-11 16:00:00,1.07898,1.07989,1.07683,1.07724,18249,15,20256450000
2015-11-11 18:00:00,1.07725,1.07861,1.07693,1.0786,10601,15,13800850000
2015-11-11 20:00:00,1.07858,1.07926,1.07797,1.07882,4694,15,8209327000
2015-11-11 22:00:00,1.07883,1.07927,1.07863,1.07919,4302,15,5268150000
2015-11-12 00:00:00,1.07749,1.08004,1.07749,1.07996,4889,15,4109047000
2015-11-12 02:00:00,1.07996,1.08067,1.0796,1.08009,7109,15,9677400000
2015-11-12 04:00:00,1.08017,1.08019,1.07921,1.07942,4571,16,2152850000
2015-11-12 06:00:00,1.0794,1.07956,1.0787,1.07905,4106,16,1508300000
2015-11-12 08:00:00,1.07904,1.07997,1.07865,1.07965,7059,15,5045600000
2015-11-12 10:00:00,1.07968,1.08044,1.07543,1.07599,21005,15,22399650000
2015-11-12 12:00:00,1.07596,1.07744,1.07584,1.07666,14556,15,16654200000
2015-11-12 14:00:00,1.07665,1.07826,1.07651,1.07734,15136,15,18118150000
2015-11-12 16:00:00,1.07735,1.08041,1.07725,1.07921,24058,15,26742450000
2015-11-12 18:00:00,1.07921,1.07984,1.07727,1.07912,17227,15,21988200000
2015-11-12 20:00:00,1.07914,1.08075,1.07855,1.08072,10091,15,14943995000
2015-11-12 22:00:00,1.08071,1.08261,1.07982,1.07982,8809,15,11310397000
2015-11-13 00:00:00,1.08011,1.08209,1.07998,1.08165,5003,15,4856700000
2015-11-13 02:00:00,1.08165,1.08177,1.08016,1.08022,5904,15,4437150000
2015-11-13 04:00:00,1.08022,1.081,1.08014,1.08062,4877,15,3559750000
2015-11-13 06:00:00,1.08062,1.08089,1.08018,1.08029,3660,18,2956550000
2015-11-13 08:00:00,1.08029,1.08073,1.0797,1.08002,7352,15,4408150000
2015-11-13 10:00:00,1.08002,1.08042,1.07911,1.07935,17216,15,16906050000
2015-11-13 12:00:00,1.07933,1.0811,1.07868,1.08049,15889,15,17076150000
2015-11-13 14:00:00,1.08048,1.08066,1.07797,1.07831,18754,15,18840050000
2015-11-13 16:00:00,1.07832,1.08178,1.07816,1.08147,24704,15,23467650000
2015-11-13 18:00:00,1.08147,1.08233,1.08089,1.08225,13681,15,17180984000
2015-11-13 20:00:00,1.08226,1.08294,1.08137,1.08167,7970,15,10435750000
2015-11-13 22:00:00,1.08165,1.0835,1.08145,1.08281,6540,15,7284250000
2015-11-16 00:00:00,1.07989,1.08098,1.0784,1.07844,8172,15,7031710000
2015-11-16 02:00:00,1.07845,1.08023,1.07831,1.07915,7903,15,7674200000
2015-11-16 04:00:00,1.07915,1.08027,1.07893,1.07996,4824,15,5479200000
2015-11-16 06:00:00,1.07996,1.08026,1.07955,1.08014,3698,15,3205200000
2015-11-16 08:00:00,1.08014,1.08119,1.07899,1.08067,9821,15,8801850000
2015-11-16 10:00:00,1.08067,1.08164,1.07904,1.07968,15415,15,15457100000
2015-11-16 12:00:00,1.0797,1.08021,1.07826,1.07994,12014,15,12506350000
2015-11-16 14:00:00,1.07994,1.08028,1.07894,1.0799,12258,15,12478800000
2015-11-16 16:00:00,1.07991,1.08037,1.07846,1.07934,18523,15,17829400000
2015-11-16 18:00:00,1.07935,1.07992,1.07912,1.07934,12432,15,15739650000
2015-11-16 20:00:00,1.07932,1.07955,1.07835,1.07852,7077,15,9670550000
2015-11-16 22:00:00,1.07851,1.07944,1.07844,1.07883,4139,15,5824600000
2015-11-17 00:00:00,1.07821,1.07918,1.07806,1.07885,4354,17,2806850000
2015-11-17 02:00:00,1.07883,1.07903,1.07729,1.07765,4941,15,2702550000
2015-11-17 04:00:00,1.07764,1.078,1.07731,1.07756,3500,16,2215050000
2015-11-17 06:00:00,1.07755,1.0784,1.07731,1.07824,3019,15,1371750000
2015-11-17 08:00:00,1.07822,1.07899,1.07752,1.0778,9148,15,7454759000
2015-11-17 10:00:00,1.07778,1.07918,1.07763,1.07861,16505,15,11954900000
2015-11-17 12:00:00,1.07861,1.08039,1.07822,1.0799,12587,15,13120950000
2015-11-17 14:00:00,1.07989,1.08136,1.07952,1.0811,14399,15,12320399000
2015-11-17 16:00:00,1.08111,1.08194,1.08067,1.0808,18723,15,15750649000
2015-11-17 18:00:00,1.08082,1.0815,1.08019,1.08084,14642,15,18676169000
2015-11-17 20:00:00,1.08085,1.08117,1.07987,1.08046,9346,15,12094262000
2015-11-17 22:00:00,1.08047,1.08057,1.07924,1.07964,6952,15,9616050000
2015-11-18 00:00:00,1.07881,1.07992,1.07852,1.07945,6036,15,5586700000
2015-11-18 02:00:00,1.07945,1.08,1.07883,1.07903,4622,17,4763450000
2015-11-18 04:00:00,1.07902,1.08127,1.07897,1.08102,4585,15,2589250000
2015-11-18 06:00:00,1.08103,1.08151,1.08058,1.08141,4085,15,3534200000
2015-11-18 08:00:00,1.08144,1.08144,1.08045,1.08062,6863,15,6410250000
2015-11-18 10:00:00,1.08062,1.08305,1.08047,1.08258,16453,15,13834700000
2015-11-18 12:00:00,1.08257,1.0828,1.08166,1.08232,11283,15,10974350000
2015-11-18 14:00:00,1.08234,1.08411,1.08227,1.08394,13229,15,12087950000
2015-11-18 16:00:00,1.08393,1.08598,1.08387,1.0852,17737,15,15683862000
2015-11-18 18:00:00,1.0852,1.08582,1.08417,1.08419,13288,15,15507800000
2015-11-18 20:00:00,1.08419,1.08622,1.08367,1.08569,14277,15,18734299000
2015-11-18 22:00:00,1.08569,1.0871,1.08533,1.08699,5061,15,5583447000
2015-11-19 00:00:00,1.0857,1.08739,1.0857,1.08722,3857,15,2821348000
2015-11-19 02:00:00,1.0872,1.08819,1.08659,1.08811,9254,15,6375700000
2015-11-19 04:00:00,1.08812,1.08849,1.08729,1.08733,8022,15,7163100000
2015-11-19 06:00:00,1.08733,1.08801,1.08701,1.08729,4293,15,3439350000
2015-11-19 08:00:00,1.08727,1.08747,1.08598,1.08625,8449,15,6699499000
2015-11-19 10:00:00,1.08626,1.08881,1.08614,1.08835,16367,15,17223200000
2015-11-19 12:00:00,1.08835,1.08982,1.08778,1.08894,13002,15,14526750000
2015-11-19 14:00:00,1.08893,1.0896,1.08786,1.0887,15997,15,18119300000
2015-11-19 16:00:00,1.0887,1.08927,1.08788,1.08892,21912,15,21128450000
2015-11-19 18:00:00,1.08889,1.08992,1.08862,1.08874,14708,15,14654599000
2015-11-19 20:00:00,1.08874,1.08888,1.087,1.08707,7481,15,9351150000
2015-11-19 22:00:00,1.08712,1.08777,1.08692,1.08695,5196,15,6068550000
2015-11-20 00:00:00,1.08681,1.08798,1.08483,1.08703,8061,15,8041166000
2015-11-20 02:00:00,1.08694,1.0876,1.08663,1.08713,5112,18,5019900000
2015-11-20 04:00:00,1.0872,1.08722,1.08617,1.08634,4653,17,3969150000
2015-11-20 06:00:00,1.08634,1.0865,1.08597,1.08622,4081,15,2875800000
2015-11-20 08:00:00,1.0862,1.08648,1.0846,1.08559,8503,15,8795300000
2015-11-20 10:00:00,1.08558,1.08597,1.08333,1.08409,18167,15,20073950000
2015-11-20 12:00:00,1.08407,1.08546,1.08367,1.08544,12085,15,11364600000
2015-11-20 14:00:00,1.08545,1.08624,1.08409,1.08478,16092,15,17491250000
2015-11-20 16:00:00,1.08476,1.08552,1.08433,1.08446,19716,15,17608400000
2015-11-20 18:00:00,1.08447,1.08571,1.0843,1.08535,14019,15,16928029000
2015-11-20 20:00:00,1.08532,1.08593,1.08483,1.08494,7732,15,8806124000
2015-11-20 22:00:00,1.08493,1.08533,1.08397,1.08397,4104,15,5978302000
2015-11-23 00:00:00,1.08423,1.08486,1.08417,1.08474,5304,20,4698368000
2015-11-23 02:00:00,1.08474,1.08493,1.08273,1.0832,8135,15,7700250000
2015-11-23 04:00:00,1.0832,1.08356,1.08245,1.08296,8841,15,7099200000
2015-11-23 06:00:00,1.08296,1.08343,1.08288,1.0833,3789,16,3513800000
2015-11-23 08:00:00,1.08332,1.08408,1.08264,1.08269,9462,15,9118100000
2015-11-23 10:00:00,1.08271,1.08351,1.08194,1.08279,14957,15,16493900000
2015-11-23 12:00:00,1.0828,1.0855,1.08265,1.08526,12905,15,11534350000
2015-11-23 14:00:00,1.08524,1.08549,1.08411,1.08512,15048,15,15022000000
2015-11-23 16:00:00,1.08512,1.0853,1.08255,1.08276,19098,15,22436150000
2015-11-23 18:00:00,1.08276,1.08326,1.08125,1.08258,14321,15,17330045000
2015-11-23 20:00:00,1.08257,1.08293,1.08184,1.08285,8808,15,9859350000
2015-11-23 22:00:00,1.08284,1.08297,1.08244,1.08257,4708,15,5238450000
2015-11-24 00:00:00,1.08289,1.08333,1.08234,1.08318,4771,17,4243900000
2015-11-24 02:00:00,1.08318,1.08335,1.08235,1.08264,5749,15,4678850000
2015-11-24 04:00:00,1.08264,1.08306,1.08235,1.08241,3747,16,3709650000
2015-11-24 06:00:00,1.08241,1.08263,1.0817,1.08254,4922,15,3547900000
2015-11-24 08:00:00,1.08257,1.08422,1.08218,1.08407,8035,15,7429800000
2015-11-24 10:00:00,1.08405,1.08516,1.08326,1.08414,17304,15,17098300000
2015-11-24 12:00:00,1.08414,1.08433,1.08246,1.0834,13782,15,14749900000
2015-11-24 14:00:00,1.08337,1.08398,1.08246,1.08388,16949,15,20327500000
2015-11-24 16:00:00,1.08388,1.08411,1.08174,1.08208,21469,15,25055700000
2015-11-24 18:00:00,1.0821,1.08249,1.08122,1.08151,12649,15,13480600000
2015-11-24 20:00:00,1.08152,1.08192,1.08109,1.08134,8838,15,11391500000
2015-11-24 22:00:00,1.08134,1.08212,1.08109,1.08195,4958,2,7099200000
2015-11-25 00:00:00,1.08148,1.08254,1.08116,1.08244,4739,10,3626092000
2015-11-25 02:00:00,1.08243,1.08365,1.08215,1.08348,6520,15,5607250000
2015-11-25 04:00:00,1.08347,1.0842,1.08342,1.08379,6246,15,6061500000
2015-11-25 06:00:00,1.08379,1.08399,1.08292,1.0835,5122,15,4318200000
2015-11-25 08:00:00,1.08351,1.08461,1.08285,1.08365,9458,15,8679850000
2015-11-25 10:00:00,1.08364,1.08403,1.08187,1.08231,20423,15,21767900000
2015-11-25 12:00:00,1.08229,1.08349,1.08096,1.08118,18785,15,17270600000
2015-11-25 14:00:00,1.08118,1.08261,1.08117,1.08241,17447,15,19735400000
2015-11-25 16:00:00,1.08245,1.08556,1.08171,1.08543,20468,15,20141800000
2015-11-25 18:00:00,1.08539,1.08596,1.08456,1.08472,14231,15,13726300000
2015-11-25 20:00:00,1.08472,1.08472,1.08365,1.08457,6117,15,7866916000
2015-11-25 22:00:00,1.08467,1.08566,1.0844,1.08539,5592,15,6846850000
2015-11-26 00:00:00,1.08291,1.08544,1.08286,1.08541,4391,21,5001950000
2015-11-26 02:00:00,1.08541,1.08591,1.0851,1.08529,5573,15,4506400000
2015-11-26 04:00:00,1.08529,1.086,1.08508,1.08584,4071,17,3533200000
2015-11-26 06:00:00,1.08584,1.08602,1.08543,1.08548,3177,15,1779600000
2015-11-26 08:00:00,1.08547,1.08612,1.08507,1.08556,6517,15,6614800000
2015-11-26 10:00:00,1.08556,1.08616,1.08473,1.08509,12553,15,14140550000
2015-11-26 12:00:00,1.08503,1.08698,1.08406,1.08635,11111,15,11749000000
2015-11-26 14:00:00,1.08633,1.08765,1.08611,1.08721,9256,15,9317200000
2015-11-26 16:00:00,1.0872,1.08752,1.08657,1.08739,9199,15,11456550000
2015-11-26 18:00:00,1.08739,1.08777,1.08547,1.08592,7014,15,7746000000
2015-11-26 20:00:00,1.08592,1.08642,1.08564,1.08572,7309,15,6488700000
2015-11-26 22:00:00,1.08572,1.08593,1.08556,1.08591,6136,18,6213250000
2015-11-27 00:00:00,1.08583,1.08606,1.08514,1.08553,4755,19,2973000000
2015-11-27 02:00:00,1.08556,1.08601,1.08517,1.08593,4089,19,2814600000
2015-11-27 04:00:00,1.08593,1.08648,1.08574,1.08586,3385,15,2275450000
2015-11-27 06:00:00,1.08586,1.08663,1.08586,1.08648,3373,15,1792600000
2015-11-27 08:00:00,1.08649,1.08794,1.08628,1.08681,10222,15,9817650000
2015-11-27 10:00:00,1.0868,1.09026,1.08604,1.08965,18087,15,17668790000
2015-11-27 12:00:00,1.08964,1.09254,1.08914,1.08944,17110,15,17059399000
2015-11-27 14:00:00,1.08944,1.09051,1.08934,1.09011,13207,15,17272400000
2015-11-27 16:00:00,1.09011,1.09169,1.08932,1.09096,15219,15,15747295000
2015-11-27 18:00:00,1.09098,1.09261,1.09089,1.09101,9420,15,10331250000
2015-11-27 20:00:00,1.09103,1.0917,1.09036,1.09063,5483,15,5573250000
2015-11-27 22:00:00,1.09062,1.0917,1.08999,1.0901,5018,15,6544900000
2015-11-30 00:00:00,1.09014,1.09115,1.09003,1.09027,2458,15,1957350000
2015-11-30 02:00:00,1.09026,1.09086,1.08988,1.09062,5700,15,3670750000
2015-11-30 04:00:00,1.09062,1.09115,1.09044,1.09093,4468,15,3622350000
2015-11-30 06:00:00,1.09095,1.09165,1.09076,1.09096,3953,14,3555150000
2015-11-30 08:00:00,1.09098,1.09163,1.08978,1.08984,6806,15,4977850000
2015-11-30 10:00:00,1.08993,1.09109,1.08978,1.09048,15635,15,17739650000
2015-11-30 12:00:00,1.09049,1.0906,1.0891,1.08996,11956,15,15099950000
2015-11-30 14:00:00,1.08996,1.09096,1.08981,1.09046,13152,15,13414950000
2015-11-30 16:00:00,1.09046,1.09071,1.08534,1.08553,18306,15,20139780000
2015-11-30 18:00:00,1.08558,1.08612,1.08465,1.08492,13481,15,14713950000
2015-11-30 20:00:00,1.08492,1.08696,1.08451,1.08662,7852,15,7737650000
2015-11-30 22:00:00,1.0866,1.08737,1.08632,1.08677,6174,15,5330250000
2015-12-01 00:00:00,1.08662,1.08763,1.08514,1.08763,2689,15,1657240000
2015-12-01 02:00:00,1.08759,1.08777,1.08692,1.08759,4994,17,3253950000
2015-12-01 04:00:00,1.08758,1.08824,1.08644,1.08678,9090,15,7262700000
2015-12-01 06:00:00,1.08677,1.08679,1.08554,1.08557,5391,15,3794250000
2015-12-01 08:00:00,1.08556,1.08752,1.08549,1.08686,8122,15,6410100000
2015-12-01 10:00:00,1.08686,1.09056,1.08658,1.08998,15099,15,13374400000
2015-12-01 12:00:00,1.08997,1.09057,1.08819,1.09055,10742,15,10871800000
2015-12-01 14:00:00,1.09055,1.0914,1.08992,1.09109,12404,15,15277950000
2015-12-01 16:00:00,1.0911,1.09197,1.09049,1.09155,21624,15,24894200000
2015-12-01 18:00:00,1.09156,1.09342,1.09122,1.09293,13194,15,15380750000
2015-12-01 20:00:00,1.09299,1.09334,1.09232,1.09247,7000,15,9290950000
2015-12-01 22:00:00,1.09245,1.09257,1.0904,1.09078,6240,15,8644150000
2015-12-02 00:00:00,1.09111,1.09152,1.08991,1.09049,3442,15,2278800000
2015-12-02 02:00:00,1.0905,1.09097,1.09035,1.0904,4569,15,4339649000
2015-12-02 04:00:00,1.0904,1.09059,1.08963,1.09013,3098,15,1573250000
2015-12-02 06:00:00,1.09013,1.09018,1.08971,1.08975,2674,15,1784200000
2015-12-02 08:00:00,1.08975,1.09003,1.08927,1.08974,6536,15,5416700000
2015-12-02 10:00:00,1.08974,1.09022,1.0887,1.08991,15404,15,16104600000
2015-12-02 12:00:00,1.08985,1.08985,1.08609,1.08755,14133,15,14639250000
2015-12-02 14:00:00,1.08757,1.08867,1.08659,1.08686,15015,15,18846600000
2015-12-02 16:00:00,1.08686,1.08869,1.08681,1.0878,19064,15,21978400000
2015-12-02 18:00:00,1.0878,1.08781,1.08234,1.0835,16338,15,19978203000
2015-12-02 20:00:00,1.0835,1.08373,1.08141,1.08174,13532,15,14801350000
2015-12-02 22:00:00,1.08173,1.08239,1.08074,1.0808,6455,15,7215200000
2015-12-03 00:00:00,1.08119,1.08156,1.0804,1.08079,3788,15,2838450000
2015-12-03 02:00:00,1.08078,1.08111,1.07994,1.08007,4604,15,4412500000
2015-12-03 04:00:00,1.08006,1.08091,1.07996,1.08084,5557,15,4388347000
2015-12-03 06:00:00,1.08084,1.08169,1.08036,1.08038,4804,15,4264850000
2015-12-03 08:00:00,1.08038,1.08248,1.08019,1.08154,9071,15,7656499000
2015-12-03 10:00:00,1.08154,1.08306,1.08075,1.08097,15787,15,17565950000
2015-12-03 12:00:00,1.08095,1.08166,1.08042,1.08081,14257,15,16181000000
2015-12-03 14:00:00,1.08081,1.09395,1.07934,1.08994,31028,15,34043951000
2015-12-03 16:00:00,1.0899,1.09237,1.086,1.08826,29888,15,32244983000
2015-12-03 18:00:00,1.08815,1.09343,1.08791,1.08795,24786,15,27441270000
2015-12-03 20:00:00,1.08795,1.08959,1.08402,1.08434,17076,15,17680800000
2015-12-03 22:00:00,1.08429,1.08796,1.08399,1.08639,14209,15,16381464000
2015-12-04 00:00:00,1.08644,1.08665,1.08437,1.08493,8659,15,8199450000
2015-12-04 02:00:00,1.08492,1.08612,1.08318,1.08374,10095,15,8123850000
2015-12-04 04:00:00,1.08374,1.08509,1.08333,1.08506,8397,15,6853300000
2015-12-04 06:00:00,1.08506,1.0855,1.08455,1.08522,5801,15,4253500000
2015-12-04 08:00:00,1.08522,1.08567,1.08308,1.08426,14515,15,13088650000
2015-12-04 10:00:00,1.08426,1.08916,1.08382,1.08819,19853,15,17768900000
2015-12-04 12:00:00,1.08819,1.08891,1.08655,1.08748,17064,15,16529550000
2015-12-04 14:00:00,1.08749,1.09066,1.08685,1.09007,22280,15,27339300000
2015-12-04 16:00:00,1.09006,1.09149,1.08809,1.08838,26391,15,33113950000
2015-12-04 18:00:00,1.08836,1.0885,1.0864,1.08736,20941,15,26594650000
2015-12-04 20:00:00,1.08737,1.08747,1.08328,1.08328,10964,15,13756300000
2015-12-04 22:00:00,1.08329,1.08425,1.08247,1.08368,6640,15,9268650000
2015-12-07 00:00:00,1.08406,1.08533,1.08362,1.08462,7259,15,6845800000
2015-12-07 02:00:00,1.08461,1.08503,1.08376,1.08399,5849,15,4656300000
2015-12-07 04:00:00,1.08401,1.08448,1.08394,1.08435,4806,15,3618250000
2015-12-07 06:00:00,1.08435,1.08486,1.08423,1.08463,3357,15,2337500000
2015-12-07 08:00:00,1.08464,1.0853,1.08388,1.08489,6895,15,6876900000
2015-12-07 10:00:00,1.08489,1.08503,1.08293,1.08366,16852,15,19987100000
2015-12-07 12:00:00,1.08369,1.0837,1.08241,1.08249,12356,15,15146400000
2015-12-07 14:00:00,1.0825,1.0838,1.08144,1.0837,13169,15,18045400000
2015-12-07 16:00:00,1.08369,1.08609,1.08327,1.08565,20748,15,22683445000
2015-12-07 18:00:00,1.08565,1.08763,1.08529,1.0865,15250,15,18492444000
2015-12-07 20:00:00,1.0865,1.08659,1.08395,1.08402,9945,15,14239400000
2015-12-07 22:00:00,1.08401,1.08484,1.08355,1.08358,5529,15,6391100000
2015-12-08 00:00:00,1.08349,1.08429,1.08331,1.08388,2715,20,1486000000
2015-12-08 02:00:00,1.08387,1.08476,1.08373,1.08459,4630,16,3208650000
2015-12-08 04:00:00,1.08457,1.08483,1.08401,1.08463,5149,15,3309250000
2015-12-08 06:00:00,1.08463,1.0852,1.08423,1.08481,3682,15,3275800000
2015-12-08 08:00:00,1.08483,1.08573,1.08468,1.08506,7143,15,6333750000
2015-12-08 10:00:00,1.08505,1.08571,1.08239,1.0829,19065,15,22199150000
2015-12-08 12:00:00,1.08301,1.08324,1.08206,1.08277,13393,15,17501450000
2015-12-08 14:00:00,1.08276,1.08295,1.08073,1.08218,18688,15,20670677000
2015-12-08 16:00:00,1.08218,1.08234,1.08045,1.08055,21132,15,23159750000
2015-12-08 18:00:00,1.08055,1.08163,1.08003,1.08038,12619,15,14974519000
2015-12-08 20:00:00,1.08036,1.08194,1.08034,1.08084,10264,15,12644333000
2015-12-08 22:00:00,1.08084,1.08104,1.08045,1.08078,5959,15,8494100000
2015-12-09 00:00:00,1.08091,1.0816,1.07952,1.08141,3947,18,2598150000
2015-12-09 02:00:00,1.08138,1.08225,1.08137,1.08202,3482,17,2381000000
2015-12-09 04:00:00,1.08203,1.08282,1.08179,1.08264,5185,16,4444300000
2015-12-09 06:00:00,1.08263,1.08325,1.08233,1.08253,3743,15,2835750000
2015-12-09 08:00:00,1.08255,1.08386,1.08235,1.08331,7225,15,7186800000
2015-12-09 10:00:00,1.08332,1.08482,1.08276,1.08409,17204,15,20252900000
2015-12-09 12:00:00,1.08407,1.08412,1.08235,1.08322,12050,15,14026250000
2015-12-09 14:00:00,1.08322,1.0837,1.08201,1.08313,15493,15,16154100000
2015-12-09 16:00:00,1.08313,1.0842,1.08229,1.08294,22524,15,23710850000
2015-12-09 18:00:00,1.08294,1.08467,1.08236,1.08359,19535,15,22975650000
2015-12-09 20:00:00,1.08359,1.08537,1.0834,1.08397,19668,15,21133000000
2015-12-09 22:00:00,1.08402,1.08447,1.08348,1.08353,9092,15,11050700000
2015-12-10 00:00:00,1.08333,1.08401,1.08308,1.0832,5175,18,4993300000
2015-12-10 02:00:00,1.08321,1.0843,1.08317,1.08375,4988,15,4126750000
2015-12-10 04:00:00,1.08376,1.08403,1.08347,1.08355,3468,15,2451050000
2015-12-10 06:00:00,1.08355,1.08404,1.08337,1.08338,2517,15,2530450000
2015-12-10 08:00:00,1.08338,1.08389,1.08248,1.08307,7432,15,6944250000
2015-12-10 10:00:00,1.08307,1.08468,1.07981,1.08379,15819,15,16881200000
2015-12-10 12:00:00,1.08379,1.08433,1.08005,1.08008,15597,15,15313050000
2015-12-10 14:00:00,1.08008,1.08094,1.07935,1.08026,14928,15,17093800000
2015-12-10 16:00:00,1.08026,1.08201,1.08019,1.08074,20847,15,22640500000
2015-12-10 18:00:00,1.08074,1.08273,1.08074,1.08233,13551,15,17283250000
2015-12-10 20:00:00,1.08234,1.08264,1.08127,1.0813,8340,15,11631600000
2015-12-10 22:00:00,1.08129,1.08199,1.08048,1.08053,7054,15,7766050000
2015-12-11 00:00:00,1.08066,1.08187,1.07989,1.08178,3771,15,2413050000
2015-12-11 02:00:00,1.08178,1.08191,1.08025,1.08078,3447,15,2110650000
2015-12-11 04:00:00,1.08078,1.08103,1.08037,1.08094,1655,15,885500000
2015-12-11 06:00:00,1.08094,1.08112,1.08065,1.08089,1950,15,1275650000
2015-12-11 08:00:00,1.08087,1.08212,1.08058,1.08151,4746,15,3239900000
2015-12-11 10:00:00,1.08151,1.08246,1.08123,1.08163,11284,15,9520050000
2015-12-11 12:00:00,1.08165,1.08401,1.08163,1.08297,12163,15,9328228000
2015-12-11 14:00:00,1.08295,1.08328,1.08114,1.08137,15352,15,15478550000
2015-12-11 16:00:00,1.08137,1.08184,1.0799,1.08135,24151,15,22625200000
2015-12-11 18:00:00,1.08135,1.08205,1.08001,1.08082,16844,15,18037648000
2015-12-11 20:00:00,1.08082,1.08094,1.07943,1.07991,9875,15,9925250000
2015-12-11 22:00:00,1.07987,1.08126,1.07968,1.08034,6704,15,7448850000
2015-12-14 00:00:00,1.07961,1.08106,1.07911,1.08061,5687,15,5707050000
2015-12-14 02:00:00,1.08061,1.08094,1.07973,1.08023,6024,15,4102650000
2015-12-14 04:00:00,1.0802,1.0806,1.07962,1.07996,4062,15,2163550000
2015-12-14 06:00:00,1.07996,1.08019,1.07947,1.08014,2455,16,1017250000
2015-12-14 08:00:00,1.08014,1.08051,1.07919,1.07926,7166,15,5102450000
2015-12-14 10:00:00,1.07925,1.08084,1.07918,1.07982,14560,15,10421950000
2015-12-14 12:00:00,1.07983,1.08059,1.07816,1.07826,11844,15,8247050000
2015-12-14 14:00:00,1.07824,1.07862,1.07658,1.0785,14605,15,12944650000
2015-12-14 16:00:00,1.07849,1.08238,1.07845,1.08234,22152,15,19030516000
2015-12-14 18:00:00,1.08236,1.08412,1.08135,1.08411,18619,15,20323000000
2015-12-14 20:00:00,1.0841,1.08414,1.08316,1.08343,8995,15,9073100000
2015-12-14 22:00:00,1.08345,1.08419,1.08271,1.08312,6112,15,6380750000
2015-12-15 00:00:00,1.08129,1.08406,1.08129,1.08339,3340,15,2798600000
2015-12-15 02:00:00,1.08336,1.0837,1.08224,1.08271,4863,15,2555650000
2015-12-15 04:00:00,1.08271,1.08304,1.0822,1.08282,3077,15,1500450000
2015-12-15 06:00:00,1.08282,1.08353,1.08262,1.08327,3072,15,1429300000
2015-12-15 08:00:00,1.08327,1.08427,1.08263,1.08364,7628,15,4825000000
2015-12-15 10:00:00,1.08363,1.08444,1.0822,1.08336,14186,15,11813302000
2015-12-15 12:00:00,1.08333,1.08392,1.0824,1.08314,12483,15,10134300000
2015-12-15 14:00:00,1.08314,1.08369,1.08226,1.08281,14887,15,14823000000
2015-12-15 16:00:00,1.08281,1.08285,1.08025,1.08149,20092,15,17742800000
2015-12-15 18:00:00,1.08149,1.0831,1.0814,1.08301,15753,15,16935550000
2015-12-15 20:00:00,1.08297,1.0831,1.08104,1.08126,8536,15,11187650000
2015-12-15 22:00:00,1.08126,1.08385,1.08112,1.08345,6250,15,6263950000
2015-12-16 00:00:00,1.08317,1.08371,1.08284,1.08335,2871,15,2473250000
2015-12-16 02:00:00,1.08334,1.08379,1.08299,1.08337,3088,15,1841250000
2015-12-16 04:00:00,1.08338,1.08371,1.08287,1.08304,3206,15,1593550000
2015-12-16 06:00:00,1.08306,1.08321,1.08252,1.0829,3279,15,2681900000
2015-12-16 08:00:00,1.0829,1.08347,1.08118,1.0814,6733,15,5580250000
2015-12-16 10:00:00,1.0813,1.08258,1.0808,1.08154,15822,15,14438219000
2015-12-16 12:00:00,1.08152,1.08197,1.08041,1.08174,11925,15,12011850000
2015-12-16 14:00:00,1.08174,1.08277,1.08052,1.08057,15122,15,15671650000
2015-12-16 16:00:00,1.08056,1.08082,1.07697,1.07973,15533,15,12381850000
2015-12-16 18:00:00,1.07974,1.08047,1.07593,1.07702,14076,15,13792500000
2015-12-16 20:00:00,1.07698,1.08097,1.07598,1.07971,21834,15,23690594000
2015-12-16 22:00:00,1.07969,1.08198,1.07923,1.07999,14428,15,18407650000
2015-12-17 00:00:00,1.07741,1.08034,1.07623,1.07911,6806,15,6355050000
2015-12-17 02:00:00,1.07916,1.07954,1.07835,1.07839,5786,15,3752100000
2015-12-17 04:00:00,1.0784,1.07978,1.0784,1.07908,6514,15,4685750000
2015-12-17 06:00:00,1.07906,1.08036,1.07906,1.08028,5308,15,3259600000
2015-12-17 08:00:00,1.08028,1.08154,1.07969,1.08047,8652,15,6971650000
2015-12-17 10:00:00,1.08047,1.08204,1.08022,1.08097,14686,15,14774239000
2015-12-17 12:00:00,1.08097,1.08229,1.08082,1.0815,12229,15,12276047000
2015-12-17 14:00:00,1.0815,1.08173,1.07989,1.08066,11567,15,10300000000
2015-12-17 16:00:00,1.08065,1.08094,1.0773,1.07878,17758,15,14598257000
2015-12-17 18:00:00,1.07876,1.07983,1.07766,1.07797,13932,15,13254550000
2015-12-17 20:00:00,1.07791,1.07816,1.07736,1.07759,7652,15,8831700000
2015-12-17 22:00:00,1.07766,1.07872,1.0772,1.07721,5132,15,5816650000
2015-12-18 00:00:00,1.07705,1.07908,1.07705,1.07843,2864,15,2022900000
2015-12-18 02:00:00,1.07843,1.07871,1.07805,1.07821,4093,15,1858800000
2015-12-18 04:00:00,1.07824,1.07908,1.07801,1.07843,4308,15,3130800000
2015-12-18 06:00:00,1.07842,1.07891,1.07792,1.07851,9532,15,7136000000
2015-12-18 08:00:00,1.07852,1.07964,1.07841,1.0793,7866,15,6092750000
2015-12-18 10:00:00,1.07929,1.07939,1.07551,1.07743,14283,15,12718449000
2015-12-18 12:00:00,1.07743,1.07781,1.07685,1.07729,9536,15,8408750000
2015-12-18 14:00:00,1.0773,1.07759,1.07604,1.07635,12010,15,10081100000
2015-12-18 16:00:00,1.07636,1.07914,1.0763,1.07809,17573,15,18288050000
2015-12-18 18:00:00,1.07809,1.07892,1.0777,1.07794,10894,15,12589150000
2015-12-18 20:00:00,1.07795,1.07839,1.0774,1.07833,6858,15,6611131000
2015-12-18 22:00:00,1.07834,1.07847,1.07693,1.07715,5365,15,4915200000
2015-12-21 00:00:00,1.07696,1.07838,1.07562,1.07808,4224,18,4362300000
2015-12-21 02:00:00,1.07811,1.07851,1.07751,1.07754,5453,15,4059550000
2015-12-21 04:00:00,1.07745,1.07836,1.07738,1.07805,2769,15,2676750000
2015-12-21 06:00:00,1.07804,1.07823,1.07733,1.0779,2940,16,1867750000
2015-12-21 08:00:00,1.07797,1.07987,1.07779,1.07964,5732,15,4257400000
2015-12-21 10:00:00,1.07968,1.08159,1.07922,1.08109,12734,15,12833850000
2015-12-21 12:00:00,1.0811,1.08188,1.08069,1.08076,9407,15,9256300000
2015-12-21 14:00:00,1.08076,1.08173,1.07952,1.0817,10241,15,7734850000
2015-12-21 16:00:00,1.08171,1.08336,1.08114,1.08334,15841,15,13215180000
2015-12-21 18:00:00,1.08329,1.08354,1.08206,1.08289,11871,15,11731046000
2015-12-21 20:00:00,1.0829,1.08396,1.08288,1.08308,5959,15,7707100000
2015-12-21 22:00:00,1.08311,1.08329,1.08278,1.08278,3745,16,4426450000
2015-12-22 00:00:00,1.08241,1.08322,1.08199,1.08315,4130,15,2666350000
2015-12-22 02:00:00,1.08315,1.08342,1.08248,1.08306,4454,16,2547750000
2015-12-22 04:00:00,1.08303,1.08381,1.08298,1.0836,3341,15,2845650000
2015-12-22 06:00:00,1.0836,1.08386,1.08341,1.08355,2051,16,1845000000
2015-12-22 08:00:00,1.08356,1.08386,1.08295,1.08369,4677,15,3996450000
2015-12-22 10:00:00,1.08368,1.08457,1.08283,1.08284,11976,15,9741050000
2015-12-22 12:00:00,1.08286,1.08399,1.08252,1.08346,9360,15,8430700000
2015-12-22 14:00:00,1.08347,1.08403,1.08154,1.08327,10284,15,8758015000
2015-12-22 16:00:00,1.08331,1.08422,1.08251,1.08368,14318,15,14157100000
2015-12-22 18:00:00,1.08368,1.08376,1.08201,1.08205,8808,15,6587000000
2015-12-22 20:00:00,1.08205,1.08233,1.08164,1.08187,4760,17,5088350000
2015-12-22 22:00:00,1.08188,1.0822,1.08142,1.08162,3879,16,4661100000
2015-12-23 00:00:00,1.07916,1.08182,1.07867,1.08168,5189,17,4501150000
2015-12-23 02:00:00,1.08167,1.08169,1.08124,1.08131,956,15,243050000
2015-12-23 04:00:00,1.08131,1.08164,1.08099,1.08144,1262,15,398350000
2015-12-23 06:00:00,1.08144,1.08163,1.08134,1.08142,596,15,337100000
2015-12-23 08:00:00,1.08142,1.08193,1.08103,1.08112,4340,15,2899100000
2015-12-23 10:00:00,1.08113,1.08249,1.08076,1.08111,9954,15,7862400000
2015-12-23 12:00:00,1.08111,1.08139,1.08042,1.08089,9910,15,9145200000
2015-12-23 14:00:00,1.08092,1.08185,1.0805,1.08117,8245,15,8539200000
2015-12-23 16:00:00,1.08117,1.08205,1.08092,1.08112,11538,15,10786350000
2015-12-23 18:00:00,1.08112,1.0816,1.08003,1.08132,9708,15,10198650000
2015-12-23 20:00:00,1.08131,1.08187,1.08089,1.08131,7494,15,9916900000
2015-12-23 22:00:00,1.08133,1.08145,1.08052,1.08075,5531,17,4985950000
2015-12-24 00:00:00,1.08011,1.08122,1.07876,1.08051,6024,31,5715000000
2015-12-24 02:00:00,1.08051,1.08068,1.08008,1.08047,2444,17,1890200000
2015-12-24 04:00:00,1.08047,1.08174,1.08023,1.08058,2411,15,1677950000
2015-12-24 06:00:00,1.08058,1.08082,1.08034,1.08051,1890,15,1329000000
2015-12-24 08:00:00,1.08051,1.0811,1.08006,1.08098,3318,15,2667850000
2015-12-24 10:00:00,1.08098,1.08162,1.08003,1.08063,7775,15,7395550000
2015-12-24 12:00:00,1.08062,1.08091,1.07995,1.08021,5036,9,3941150000
2015-12-24 14:00:00,1.08022,1.08084,1.07994,1.08038,5610,11,5359650000
2015-12-24 16:00:00,1.08042,1.08208,1.08034,1.08176,6054,13,7078950000
2015-12-24 18:00:00,1.08176,1.08179,1.08137,1.08145,1522,17,1771900000
2015-12-28 00:00:00,1.0795,1.08228,1.0795,1.08211,2926,15,2354550000
2015-12-28 02:00:00,1.08209,1.08261,1.08146,1.08203,4509,20,4151900000
2015-12-28 04:00:00,1.08203,1.08276,1.08161,1.08237,3115,17,2240500000
2015-12-28 06:00:00,1.08237,1.08248,1.08179,1.08186,1981,20,1460750000
2015-12-28 08:00:00,1.08186,1.08357,1.08144,1.08311,4385,15,2987700000
2015-12-28 10:00:00,1.08312,1.08526,1.0831,1.08515,5698,15,5289900000
2015-12-28 12:00:00,1.08515,1.08526,1.08424,1.08504,6596,15,6222050000
2015-12-28 14:00:00,1.08504,1.08533,1.08348,1.08468,7314,15,8616500000
2015-12-28 16:00:00,1.08464,1.08541,1.08431,1.08475,9252,15,11332200000
2015-12-28 18:00:00,1.08475,1.08494,1.08398,1.08441,6785,15,6594400000
2015-12-28 20:00:00,1.08443,1.08466,1.08396,1.08398,4074,15,3125500000
2015-12-28 22:00:00,1.08398,1.0841,1.08342,1.08342,3084,15,1938350000
2015-12-29 00:00:00,1.08234,1.0843,1.08234,1.08426,5779,15,4869250000
2015-12-29 02:00:00,1.08426,1.08455,1.08387,1.08439,2187,15,995550000
2015-12-29 04:00:00,1.08438,1.08486,1.08428,1.08482,1175,18,350500000
2015-12-29 06:00:00,1.08486,1.08504,1.08413,1.08423,1744,15,1167500000
2015-12-29 08:00:00,1.08425,1.08488,1.0839,1.08423,3882,15,3144150000
2015-12-29 10:00:00,1.08421,1.08483,1.08353,1.0842,6813,15,6562100000
2015-12-29 12:00:00,1.0842,1.08464,1.08379,1.08435,6673,15,6473750000
2015-12-29 14:00:00,1.08435,1.08557,1.08355,1.08419,9123,15,8817376000
2015-12-29 16:00:00,1.08417,1.08549,1.08283,1.08288,10974,15,9520050000
2015-12-29 18:00:00,1.08288,1.08415,1.0826,1.084,6768,15,5536300000
2015-12-29 20:00:00,1.084,1.08424,1.08366,1.08399,3724,16,3240850000
2015-12-29 22:00:00,1.08404,1.08466,1.08383,1.08451,4804,15,4989800000
2015-12-30 00:00:00,1.08442,1.08478,1.0829,1.08418,3624,19,3332000000
2015-12-30 02:00:00,1.08418,1.08463,1.08371,1.08396,2563,15,1695650000
2015-12-30 04:00:00,1.08396,1.0846,1.08377,1.08456,1718,16,816050000
2015-12-30 06:00:00,1.0846,1.08504,1.0842,1.08425,1337,15,567300000
2015-12-30 08:00:00,1.08428,1.08473,1.08341,1.08345,4017,15,3601500000
2015-12-30 10:00:00,1.08345,1.08459,1.08272,1.08314,6611,15,5996400000
2015-12-30 12:00:00,1.08314,1.08343,1.08128,1.08204,7871,15,7308600000
2015-12-30 14:00:00,1.08205,1.08242,1.08101,1.08219,8089,15,8644550000
2015-12-30 16:00:00,1.08221,1.08229,1.07982,1.08068,11875,15,10817600000
2015-12-30 18:00:00,1.08064,1.08108,1.07899,1.07981,6172,15,5502940000
2015-12-30 20:00:00,1.07978,1.08045,1.07828,1.07863,5190,15,4386600000
2015-12-30 22:00:00,1.07862,1.08095,1.07773,1.08062,3769,15,3552800000
2015-12-31 00:00:00,1.08051,1.0808,1.07974,1.08049,3175,15,1558000000
2015-12-31 02:00:00,1.08049,1.08049,1.07938,1.07938,1881,15,1022200000
2015-12-31 04:00:00,1.07938,1.08049,1.07923,1.08018,2363,15,1133900000
2015-12-31 06:00:00,1.08018,1.08091,1.08013,1.08057,2675,15,1367900000
2015-12-31 08:00:00,1.08057,1.08223,1.08053,1.08078,2774,15,2380400000
2015-12-31 10:00:00,1.08077,1.08203,1.08042,1.08179,5438,15,4977000000
2015-12-31 12:00:00,1.08178,1.08327,1.08134,1.08208,7309,15,6561950000
2015-12-31 14:00:00,1.08207,1.08453,1.08172,1.08453,8920,15,8120750000
2015-12-31 16:00:00,1.08454,1.08739,1.08454,1.08715,11387,15,9664100000
2015-12-31 18:00:00,1.08723,1.08792,1.08515,1.08633,9116,15,10081450000
2015-12-31 20:00:00,1.08591,1.08608,1.08588,1.08598,119,28,59500000
2016-01-04 00:00:00,1.08701,1.0877,1.08449,1.08472,3774,15,3253022000
2016-01-04 02:00:00,1.08472,1.08671,1.08472,1.08618,7056,15,5370600000
2016-01-04 04:00:00,1.08618,1.08664,1.08514,1.08599,5833,15,3729750000
2016-01-04 06:00:00,1.08599,1.08645,1.08347,1.08367,6831,15,4042050000
2016-01-04 08:00:00,1.08367,1.0866,1.08357,1.08576,10885,15,8406000000
2016-01-04 10:00:00,1.08576,1.08788,1.08563,1.08621,14737,15,15022950000
2016-01-04 12:00:00,1.08619,1.09001,1.08582,1.08941,12750,15,10917345000
2016-01-04 14:00:00,1.08941,1.08974,1.08732,1.08771,12487,15,12928500000
2016-01-04 16:00:00,1.08772,1.08783,1.08565,1.08565,18602,15,16335150000
2016-01-04 18:00:00,1.08565,1.08614,1.08378,1.08543,14154,15,15560200000
2016-01-04 20:00:00,1.08541,1.08582,1.08458,1.08504,6510,15,6768800000
2016-01-04 22:00:00,1.08504,1.08609,1.08465,1.08533,5805,15,5436050000
2016-01-05 00:00:00,1.0833,1.08573,1.0833,1.08528,3960,15,2701450000
2016-01-05 02:00:00,1.08528,1.08582,1.08493,1.08522,4435,15,2205050000
2016-01-05 04:00:00,1.08518,1.08547,1.08378,1.08379,3241,15,1821550000
2016-01-05 06:00:00,1.08379,1.08442,1.08346,1.08415,2963,15,1274450000
2016-01-05 08:00:00,1.08416,1.08561,1.08389,1.08483,8186,15,7895000000
2016-01-05 10:00:00,1.08482,1.08568,1.08442,1.08463,14351,15,14542150000
2016-01-05 12:00:00,1.0846,1.08657,1.08386,1.086,13385,15,11822550000
2016-01-05 14:00:00,1.08599,1.08779,1.08343,1.08467,12403,15,13128900000
2016-01-05 16:00:00,1.08466,1.0854,1.08365,1.08433,16642,15,16544000000
2016-01-05 18:00:00,1.08433,1.08475,1.08393,1.08406,11098,15,11394200000
2016-01-05 20:00:00,1.08405,1.08441,1.08349,1.08349,6552,15,7524400000
2016-01-05 22:00:00,1.08351,1.08472,1.08348,1.08381,4436,15,4077550000
2016-01-06 00:00:00,1.0837,1.08461,1.08311,1.08427,3980,17,2050600000
2016-01-06 02:00:00,1.08419,1.08523,1.0837,1.08474,7008,15,4189050000
2016-01-06 04:00:00,1.08475,1.0853,1.08389,1.08445,6693,15,4128800000
2016-01-06 06:00:00,1.08445,1.08499,1.08392,1.08474,3644,18,2410300000
2016-01-06 08:00:00,1.08476,1.08523,1.08264,1.08273,9838,15,10012200000
2016-01-06 10:00:00,1.08272,1.08464,1.08262,1.08374,13476,15,13206400000
2016-01-06 12:00:00,1.08374,1.08456,1.08297,1.08417,10937,15,10499950000
2016-01-06 14:00:00,1.08417,1.08527,1.0838,1.08484,13168,15,14241650000
2016-01-06 16:00:00,1.08485,1.08582,1.08397,1.08405,19827,15,17907103000
2016-01-06 18:00:00,1.08405,1.08617,1.08405,1.08616,11559,15,12042950000
2016-01-06 20:00:00,1.08617,1.0869,1.08541,1.08568,13744,15,13647200000
2016-01-06 22:00:00,1.08568,1.08629,1.0853,1.08535,6197,15,6200050000
2016-01-07 00:00:00,1.08529,1.08603,1.08503,1.08562,4748,21,3151430000
2016-01-07 02:00:00,1.08563,1.0866,1.08536,1.08583,9782,15,7196600000
2016-01-07 04:00:00,1.08583,1.08625,1.08489,1.08528,8866,15,8173400000
2016-01-07 06:00:00,1.08527,1.08579,1.08479,1.0848,4604,15,4024600000
2016-01-07 08:00:00,1.08479,1.08525,1.08409,1.08483,10256,15,10478448000
2016-01-07 10:00:00,1.08483,1.08807,1.08482,1.0873,17683,15,15380800000
2016-01-07 12:00:00,1.0873,1.08789,1.08573,1.08691,15139,15,12815700000
2016-01-07 14:00:00,1.08691,1.08761,1.08615,1.08689,13153,15,14129900000
2016-01-07 16:00:00,1.08685,1.08802,1.08618,1.08656,18564,15,19003150000
2016-01-07 18:00:00,1.08655,1.08838,1.08618,1.08729,13954,15,14026600000
2016-01-07 20:00:00,1.08729,1.08779,1.08524,1.08533,13338,15,14602600000
2016-01-07 22:00:00,1.08532,1.08605,1.0844,1.0844,9718,15,10440460000
2016-01-08 00:00:00,1.0839,1.0867,1.0839,1.08583,3907,17,2598079000
2016-01-08 02:00:00,1.08582,1.08592,1.08453,1.08485,12319,15,7728400000
2016-01-08 04:00:00,1.08494,1.08505,1.08422,1.08426,5577,15,4278100000
2016-01-08 06:00:00,1.08427,1.08497,1.08417,1.08465,5419,17,4537000000
2016-01-08 08:00:00,1.08463,1.08618,1.08447,1.0854,9201,15,7695798000
2016-01-08 10:00:00,1.08539,1.08842,1.08534,1.08835,12649,15,19121791000
2016-01-08 12:00:00,1.08833,1.08842,1.08588,1.08591,11082,15,10164050000
2016-01-08 14:00:00,1.0859,1.08701,1.08462,1.08503,17056,15,17790749000
2016-01-08 16:00:00,1.085,1.08599,1.08442,1.08499,23217,15,21971602000
2016-01-08 18:00:00,1.08499,1.08668,1.08431,1.08599,16819,15,19249050000
2016-01-08 20:00:00,1.08599,1.08648,1.08509,1.08551,10247,15,13772450000
2016-01-08 22:00:00,1.08554,1.08697,1.08525,1.08633,6395,15,7002550000
2016-01-11 00:00:00,1.08497,1.08804,1.08359,1.0853,16018,30,7996900000
2016-01-11 02:00:00,1.0853,1.08643,1.08515,1.08592,10467,30,3386950000
2016-01-11 04:00:00,1.08587,1.08605,1.08499,1.08532,7464,30,3452800000
2016-01-11 06:00:00,1.08512,1.08562,1.08488,1.0854,2875,15,1259900000
2016-01-11 08:00:00,1.08531,1.08591,1.08444,1.08453,7221,15,5272900000
2016-01-11 10:00:00,1.08453,1.08682,1.08453,1.08642,13322,15,13160950000
2016-01-11 12:00:00,1.08641,1.08642,1.08504,1.08561,11267,15,13085538000
2016-01-11 14:00:00,1.08561,1.08683,1.08536,1.08565,12104,15,9104098000
2016-01-11 16:00:00,1.08565,1.08767,1.08484,1.087,17639,15,16976250000
2016-01-11 18:00:00,1.08701,1.08824,1.08625,1.08795,12685,15,11500050000
2016-01-11 20:00:00,1.08792,1.08822,1.08681,1.08701,6229,15,6234400000
2016-01-11 22:00:00,1.08701,1.08762,1.08665,1.08717,4269,15,5746930000
2016-01-12 00:00:00,1.0863,1.08772,1.08527,1.08734,2956,24,2052148000
2016-01-12 02:00:00,1.08736,1.08764,1.08643,1.08672,5452,15,2816550000
2016-01-12 04:00:00,1.08673,1.08759,1.08662,1.0873,4904,15,2505000000
2016-01-12 06:00:00,1.0873,1.08769,1.08688,1.08734,4626,15,2403200000
2016-01-12 08:00:00,1.08733,1.08797,1.08642,1.08692,8414,15,6577550000
2016-01-12 10:00:00,1.08693,1.08723,1.08499,1.08581,12907,15,11729602000
2016-01-12 12:00:00,1.08581,1.08695,1.08425,1.08575,12558,15,16432450000
2016-01-12 14:00:00,1.08575,1.08582,1.08466,1.08504,14385,15,17254450000
2016-01-12 16:00:00,1.08503,1.08685,1.08491,1.08624,18443,15,21089250000
2016-01-12 18:00:00,1.08624,1.08748,1.08543,1.08731,16062,15,18135800000
2016-01-12 20:00:00,1.08731,1.08811,1.08726,1.08802,10877,15,12941150000
2016-01-12 22:00:00,1.08808,1.08814,1.08732,1.08777,5133,15,5601000000
2016-01-13 00:00:00,1.08756,1.08851,1.08645,1.08763,3611,15,2300548000
2016-01-13 02:00:00,1.08763,1.08818,1.08709,1.08749,7571,15,5169050000
2016-01-13 04:00:00,1.08751,1.08809,1.08726,1.08778,7305,15,6231400000
2016-01-13 06:00:00,1.08778,1.08832,1.08725,1.08813,6013,15,3450500000
2016-01-13 08:00:00,1.08813,1.08846,1.0869,1.08706,9251,15,6877291000
2016-01-13 10:00:00,1.08706,1.08964,1.08687,1.08947,16138,15,17646050000
2016-01-13 12:00:00,1.08945,1.09092,1.08872,1.09031,11336,15,9469097000
2016-01-13 14:00:00,1.0903,1.0937,1.09017,1.09282,10399,15,11093250000
2016-01-13 16:00:00,1.09282,1.0953,1.09265,1.09491,15815,15,13935577000
2016-01-13 18:00:00,1.09484,1.09541,1.09239,1.09248,16779,15,17832050000
2016-01-13 20:00:00,1.09248,1.09506,1.09234,1.09464,13438,15,12423000000
2016-01-13 22:00:00,1.09465,1.09484,1.09356,1.09367,8142,15,7986370000
2016-01-14 00:00:00,1.09345,1.09525,1.09343,1.09506,7937,15,7162669000
2016-01-14 02:00:00,1.09506,1.09594,1.09445,1.0959,8068,15,5813900000
2016-01-14 04:00:00,1.0959,1.09596,1.09481,1.09559,5341,15,4271900000
2016-01-14 06:00:00,1.09562,1.09587,1.09537,1.09574,5208,16,4438100000
2016-01-14 08:00:00,1.09573,1.09585,1.09469,1.09495,9199,15,8665900000
2016-01-14 10:00:00,1.09496,1.0981,1.09496,1.09555,19369,15,18265300000
2016-01-14 12:00:00,1.09555,1.09565,1.09429,1.0954,17732,15,18277750000
2016-01-14 14:00:00,1.09541,1.09548,1.09365,1.09442,19677,15,20324650000
2016-01-14 16:00:00,1.09443,1.09484,1.0921,1.0931,20962,15,18416950000
2016-01-14 18:00:00,1.09309,1.09478,1.092,1.09211,16383,15,14425450000
2016-01-14 20:00:00,1.09211,1.09361,1.09181,1.09192,10039,15,12768600000
2016-01-14 22:00:00,1.09191,1.09255,1.09131,1.09131,5353,15,4059190000
2016-01-15 00:00:00,1.09131,1.09254,1.08976,1.09151,4804,15,3317040000
2016-01-15 02:00:00,1.09151,1.09244,1.09143,1.09224,7642,15,6690400000
2016-01-15 04:00:00,1.09226,1.09273,1.09208,1.09258,5384,15,4007150000
2016-01-15 06:00:00,1.09258,1.09299,1.0922,1.09268,6926,15,4540500000
2016-01-15 08:00:00,1.09268,1.09341,1.09181,1.09239,10498,15,9198000000
2016-01-15 10:00:00,1.09239,1.09483,1.09236,1.09397,19798,15,20963950000
2016-01-15 12:00:00,1.09397,1.09549,1.09327,1.09547,15781,15,17658650000
2016-01-15 14:00:00,1.09547,1.09607,1.09307,1.09471,19174,15,21932047000
2016-01-15 16:00:00,1.09472,1.09482,1.09253,1.09358,23792,15,25368100000
2016-01-15 18:00:00,1.09358,1.09524,1.09319,1.09378,19208,15,20675150000
2016-01-15 20:00:00,1.09377,1.09415,1.0926,1.09327,12500,15,15359000000
2016-01-15 22:00:00,1.09327,1.09393,1.09215,1.09265,8299,15,9719750000
2016-01-18 00:00:00,1.09311,1.0941,1.09215,1.09377,5522,15,5324260000
2016-01-18 02:00:00,1.09373,1.09469,1.09336,1.09397,10335,15,8331350000
2016-01-18 04:00:00,1.09395,1.09501,1.09365,1.09482,8001,15,6369600000
2016-01-18 06:00:00,1.09481,1.09532,1.09458,1.09516,6754,16,6714250000
2016-01-18 08:00:00,1.0952,1.09531,1.0939,1.09396,11046,15,11765050000
2016-01-18 10:00:00,1.09396,1.09621,1.09358,1.09495,19531,15,25782236000
2016-01-18 12:00:00,1.09495,1.09558,1.09377,1.09447,15498,15,17111700000
2016-01-18 14:00:00,1.09446,1.09534,1.09379,1.09455,11387,15,18103650000
2016-01-18 16:00:00,1.0946,1.09508,1.09403,1.09447,11217,15,15316100000
2016-01-18 18:00:00,1.09447,1.09518,1.09398,1.09504,7898,15,13721933000
2016-01-18 20:00:00,1.09505,1.09539,1.09436,1.09509,4186,15,6268500000
2016-01-18 22:00:00,1.09509,1.09538,1.09482,1.09493,2514,16,1692400000
2016-01-19 00:00:00,1.09434,1.09488,1.09419,1.09463,3012,19,2329700000
2016-01-19 02:00:00,1.09463,1.09538,1.09451,1.0952,6085,15,4843300000
2016-01-19 04:00:00,1.0952,1.09616,1.095,1.09576,8790,15,7373350000
2016-01-19 06:00:00,1.09575,1.09631,1.0957,1.09611,5752,15,4677250000
2016-01-19 08:00:00,1.09612,1.09639,1.09396,1.09424,9843,15,10105050000
2016-01-19 10:00:00,1.09422,1.09591,1.09386,1.0953,15796,15,18125986000
2016-01-19 12:00:00,1.0953,1.09557,1.09243,1.09273,13854,15,18677423000
2016-01-19 14:00:00,1.09274,1.09358,1.09111,1.092,14891,15,18470379000
2016-01-19 16:00:00,1.092,1.0945,1.09181,1.09361,21986,15,24583600000
2016-01-19 18:00:00,1.09363,1.09446,1.09313,1.09361,15286,15,19087213000
2016-01-19 20:00:00,1.09361,1.09474,1.09353,1.09471,9423,15,13006350000
2016-01-19 22:00:00,1.09472,1.09489,1.09357,1.09357,6772,15,7136550000
2016-01-20 00:00:00,1.09322,1.09498,1.09215,1.09464,3331,15,2223700000
2016-01-20 02:00:00,1.09464,1.09554,1.09455,1.09515,8928,15,6161000000
2016-01-20 04:00:00,1.09516,1.09573,1.09457,1.09552,7810,15,5984550000
2016-01-20 06:00:00,1.09553,1.09582,1.09513,1.09522,6450,15,4793100000
2016-01-20 08:00:00,1.09522,1.09619,1.09475,1.09588,10394,15,9092859000
2016-01-20 10:00:00,1.0959,1.0978,1.09362,1.09396,21884,15,28419488000
2016-01-20 12:00:00,1.09396,1.09556,1.09356,1.09399,14763,15,22062994000
2016-01-20 14:00:00,1.09398,1.09432,1.09221,1.09234,17641,15,25188035000
2016-01-20 16:00:00,1.09234,1.09378,1.09072,1.09353,22570,15,25664282000
2016-01-20 18:00:00,1.09351,1.09483,1.09311,1.09403,16292,15,18947334000
2016-01-20 20:00:00,1.09403,1.09446,1.09306,1.09406,14220,15,20815330000
2016-01-20 22:00:00,1.09407,1.09476,1.09302,1.09313,7193,15,10364458000
2016-01-21 00:00:00,1.09382,1.09423,1.09241,1.09378,5841,15,4453700000
2016-01-21 02:00:00,1.09378,1.09395,1.09285,1.09292,10830,15,8066152000
2016-01-21 04:00:00,1.09292,1.09371,1.09287,1.09359,5502,15,3380050000
2016-01-21 06:00:00,1.09358,1.09401,1.09347,1.09363,7136,15,4741900000
2016-01-21 08:00:00,1.09363,1.09407,1.09306,1.09398,10308,15,9059529000
2016-01-21 10:00:00,1.09397,1.09566,1.09338,1.09486,19250,15,25278650000
2016-01-21 12:00:00,1.09486,1.09728,1.09486,1.09663,16793,15,19685174000
2016-01-21 14:00:00,1.09662,1.09693,1.09174,1.09367,21061,15,28632725000
2016-01-21 16:00:00,1.09367,1.0963,1.09234,1.09429,26265,15,30768142000
2016-01-21 18:00:00,1.0943,1.09627,1.09399,1.09576,18694,15,22645784000
2016-01-21 20:00:00,1.09576,1.09648,1.09504,1.09544,15804,15,17703492000
2016-01-21 22:00:00,1.09544,1.09564,1.09494,1.09494,8594,15,11091312000
2016-01-22 00:00:00,1.09487,1.09547,1.09432,1.09442,4232,15,2800550000
2016-01-22 02:00:00,1.09442,1.09471,1.09255,1.09278,8677,15,5383282000
2016-01-22 04:00:00,1.09278,1.09331,1.09221,1.09266,8009,15,5018994000
2016-01-22 06:00:00,1.09266,1.09299,1.09217,1.09286,6102,15,4454598000
2016-01-22 08:00:00,1.09285,1.09401,1.0925,1.0938,10975,15,13880961000
2016-01-22 10:00:00,1.09378,1.09488,1.09359,1.09385,17549,15,24874936000
2016-01-22 12:00:00,1.09384,1.09637,1.09367,1.09625,13259,15,19448167000
2016-01-22 14:00:00,1.09625,1.0976,1.09476,1.09621,15609,15,22661124000
2016-01-22 16:00:00,1.09622,1.09764,1.096,1.09753,19872,15,22753242000
2016-01-22 18:00:00,1.09755,1.09865,1.09717,1.09733,14294,15,17028113000
2016-01-22 20:00:00,1.09732,1.09745,1.09656,1.09666,7156,15,9043377000
2016-01-22 22:00:00,1.09667,1.0973,1.09463,1.09463,4646,15,5774085000
2016-01-25 00:00:00,1.09609,1.09733,1.09604,1.09728,3534,15,4374550000
2016-01-25 02:00:00,1.09728,1.09745,1.09592,1.09609,8756,15,7370396000
2016-01-25 04:00:00,1.09606,1.09695,1.09562,1.09641,6546,15,5717484000
2016-01-25 06:00:00,1.09641,1.09669,1.09613,1.09662,4163,15,4039976000
2016-01-25 08:00:00,1.09662,1.09734,1.09623,1.0969,6980,15,7066576000
2016-01-25 10:00:00,1.09689,1.0984,1.09632,1.09677,15921,15,23385334000
2016-01-25 12:00:00,1.09677,1.09818,1.09659,1.09784,13969,15,20386394000
2016-01-25 14:00:00,1.09784,1.09871,1.09732,1.09849,16592,15,20854045000
2016-01-25 16:00:00,1.09849,1.1005,1.09773,1.10046,22086,15,28345192000
2016-01-25 18:00:00,1.10046,1.10056,1.09866,1.09998,16008,15,19853424000
2016-01-25 20:00:00,1.09998,1.10041,1.09937,1.10024,8072,15,10061526000
2016-01-25 22:00:00,1.10025,1.10034,1.09843,1.09843,5298,15,7364614000
2016-01-26 00:00:00,1.09837,1.09891,1.0983,1.09878,3182,16,2785867000
2016-01-26 02:00:00,1.09878,1.09995,1.09869,1.09938,6176,15,4453777000
2016-01-26 04:00:00,1.09938,1.09974,1.09908,1.09936,4528,15,4163488000
2016-01-26 06:00:00,1.09936,1.09979,1.09874,1.0993,3604,16,2482179000
2016-01-26 08:00:00,1.0993,1.10032,1.099,1.09983,8180,15,7937081000
2016-01-26 10:00:00,1.09983,1.1007,1.09943,1.10026,16365,15,21970478000
2016-01-26 12:00:00,1.10025,1.10068,1.09928,1.09951,13906,15,19126168000
2016-01-26 14:00:00,1.09951,1.10153,1.09923,1.10108,12987,15,14357173000
2016-01-26 16:00:00,1.10104,1.10439,1.10094,1.10425,19035,15,19185402000
2016-01-26 18:00:00,1.10425,1.10592,1.10282,1.10515,13925,15,15685813000
2016-01-26 20:00:00,1.10515,1.10527,1.10418,1.10422,6641,15,10784226000
2016-01-26 22:00:00,1.10422,1.10528,1.10392,1.10498,5419,15,7124632000
2016-01-27 00:00:00,1.10497,1.10552,1.10393,1.10469,4167,15,3952695000
2016-01-27 02:00:00,1.10469,1.10517,1.10409,1.10426,5989,15,5093142000
2016-01-27 04:00:00,1.10425,1.10496,1.10419,1.10449,4675,15,2997192000
2016-01-27 06:00:00,1.10448,1.10455,1.10407,1.10427,3469,15,2719487000
2016-01-27 08:00:00,1.10428,1.10547,1.10406,1.10423,8798,15,8581263000
2016-01-27 10:00:00,1.10423,1.10435,1.10295,1.10385,16353,15,16490322000
2016-01-27 12:00:00,1.10385,1.10434,1.10289,1.10413,13926,15,17893220000
2016-01-27 14:00:00,1.10415,1.10749,1.10409,1.10528,18371,15,22142294000
2016-01-27 16:00:00,1.10529,1.10689,1.10515,1.1057,21100,15,20746117000
2016-01-27 18:00:00,1.10569,1.10688,1.10548,1.10649,14061,15,19754832000
2016-01-27 20:00:00,1.1065,1.10731,1.10503,1.106,19261,15,24494895000
2016-01-27 22:00:00,1.10601,1.10635,1.10528,1.1055,11431,15,12888366000
2016-01-28 00:00:00,1.1053,1.10642,1.10529,1.10594,3356,18,2877339000
2016-01-28 02:00:00,1.10593,1.10646,1.10526,1.10553,5643,15,3319686000
2016-01-28 04:00:00,1.1056,1.1066,1.10538,1.10639,4734,15,3713256000
2016-01-28 06:00:00,1.10638,1.10746,1.10638,1.10725,4503,15,3920668000
2016-01-28 08:00:00,1.10725,1.10733,1.10524,1.10548,9059,15,8404981000
2016-01-28 10:00:00,1.10548,1.10795,1.10537,1.10724,18750,15,24456716000
2016-01-28 12:00:00,1.10722,1.1077,1.10452,1.10626,15525,15,19134316000
2016-01-28 14:00:00,1.10626,1.10637,1.1044,1.10542,17724,15,19964923000
2016-01-28 16:00:00,1.10542,1.10987,1.10528,1.10896,23061,15,24452534000
2016-01-28 18:00:00,1.10895,1.11011,1.10874,1.10986,14575,15,12578894000
2016-01-28 20:00:00,1.10986,1.11062,1.10979,1.11013,9952,12,8247780000
2016-01-28 22:00:00,1.11017,1.11019,1.10888,1.10893,6140,15,7260957000
2016-01-29 00:00:00,1.10893,1.10941,1.10854,1.10875,3082,15,1854946000
2016-01-29 02:00:00,1.10874,1.1091,1.10826,1.10866,5967,15,2855158000
2016-01-29 04:00:00,1.10866,1.11321,1.107,1.10809,12886,15,10458462000
2016-01-29 06:00:00,1.10813,1.11007,1.10758,1.10923,14925,15,10831650000
2016-01-29 08:00:00,1.10923,1.1097,1.10776,1.10958,13131,15,11705576000
2016-01-29 10:00:00,1.10934,1.11241,1.10866,1.11133,19566,15,24320300000
2016-01-29 12:00:00,1.1114,1.11378,1.11013,1.11369,16331,15,19669555000
2016-01-29 14:00:00,1.11369,1.11644,1.11128,1.11246,21046,15,26463590000
2016-01-29 16:00:00,1.11239,1.11269,1.10775,1.10862,24383,15,25473180000
2016-01-29 18:00:00,1.10862,1.10908,1.10568,1.10824,18935,15,20054149000
2016-01-29 20:00:00,1.10823,1.10966,1.10791,1.10954,10468,15,12220038000
2016-01-29 22:00:00,1.10955,1.10966,1.10767,1.1079,6150,15,7594048000
2016-02-01 00:00:00,1.10556,1.10922,1.10496,1.10895,4684,15,4296115000
2016-02-01 02:00:00,1.10894,1.1092,1.10741,1.10759,8746,15,7861164000
2016-02-01 04:00:00,1.1076,1.10871,1.10758,1.10855,6191,15,6841981000
2016-02-01 06:00:00,1.10856,1.10856,1.10765,1.10819,3914,15,3595590000
2016-02-01 08:00:00,1.10823,1.10896,1.1076,1.10832,6516,15,4861342000
2016-02-01 10:00:00,1.10832,1.10999,1.10757,1.10997,14505,15,16644710000
2016-02-01 12:00:00,1.10995,1.11077,1.10942,1.10986,14325,15,16117879000
2016-02-01 14:00:00,1.10986,1.11081,1.10867,1.10906,15616,15,16608680000
2016-02-01 16:00:00,1.10907,1.10974,1.10759,1.10851,21086,15,19757039000
2016-02-01 18:00:00,1.1085,1.11157,1.1081,1.11037,13198,15,12933943000
2016-02-01 20:00:00,1.11038,1.11093,1.10945,1.11044,9174,15,10642712000
2016-02-01 22:00:00,1.11048,1.11081,1.10981,1.1102,5982,14,7496809000
2016-02-02 00:00:00,1.10961,1.11103,1.10908,1.11089,5234,15,4469750000
2016-02-02 02:00:00,1.11089,1.11184,1.11069,1.11137,6681,15,6528657000
2016-02-02 04:00:00,1.11136,1.11174,1.11056,1.11104,6610,15,5693746000
2016-02-02 06:00:00,1.11104,1.1118,1.11075,1.11096,8864,15,9472574000
2016-02-02 08:00:00,1.11095,1.11193,1.11074,1.11154,7839,15,6977930000
2016-02-02 10:00:00,1.11154,1.11379,1.11049,1.11363,15628,15,16164198000
2016-02-02 12:00:00,1.11363,1.11583,1.11351,1.11577,12589,15,10476817000
2016-02-02 14:00:00,1.11577,1.11587,1.11385,1.11439,14275,15,14927722000
2016-02-02 16:00:00,1.11438,1.11439,1.11159,1.11232,21387,15,19987185000
2016-02-02 18:00:00,1.11232,1.11237,1.11007,1.11081,13581,15,17478632000
2016-02-02 20:00:00,1.11083,1.11464,1.11083,1.11338,9876,8,11831647000
2016-02-02 22:00:00,1.11337,1.11346,1.11112,1.11112,8086,15,10762358000
2016-02-03 00:00:00,1.11129,1.11327,1.11126,1.11232,4908,15,2212010000
2016-02-03 02:00:00,1.11233,1.11292,1.11186,1.11206,7797,15,5420980000
2016-02-03 04:00:00,1.11203,1.11255,1.11114,1.11133,6100,15,5057251000
2016-02-03 06:00:00,1.11134,1.11158,1.1109,1.11142,4485,15,4105724000
2016-02-03 08:00:00,1.11141,1.11193,1.11082,1.11152,7906,15,6458521000
2016-02-03 10:00:00,1.11153,1.11219,1.10974,1.11033,15861,15,17404856000
2016-02-03 12:00:00,1.11032,1.11097,1.10986,1.11049,15253,15,15524825000
2016-02-03 14:00:00,1.1105,1.11273,1.10985,1.11232,18434,15,18828397000
2016-02-03 16:00:00,1.11231,1.11523,1.11196,1.11366,29166,15,23316402000
2016-02-03 18:00:00,1.11365,1.11489,1.11217,1.11244,20798,15,18173095000
2016-02-03 20:00:00,1.11247,1.11559,1.11208,1.11481,21724,8,22009060000
2016-02-03 22:00:00,1.11482,1.116,1.11464,1.11464,11215,15,11207110000
2016-02-04 00:00:00,1.11447,1.11537,1.11386,1.11517,7888,15,6263692000
2016-02-04 02:00:00,1.11517,1.11537,1.11398,1.11411,11618,15,11068073000
2016-02-04 04:00:00,1.11411,1.11497,1.11411,1.11472,6859,15,6683939000
2016-02-04 06:00:00,1.11473,1.11509,1.11441,1.11455,6471,16,7550393000
2016-02-04 08:00:00,1.11453,1.11542,1.11395,1.11515,8356,8,7747557000
2016-02-04 10:00:00,1.11515,1.1197,1.11483,1.11778,26686,15,29821757000
2016-02-04 12:00:00,1.11778,1.1199,1.11714,1.11837,22099,15,25683491000
2016-02-04 14:00:00,1.11834,1.11896,1.11581,1.11751,28563,15,29584342000
2016-02-04 16:00:00,1.11751,1.11772,1.11317,1.11416,28434,15,25935239000
2016-02-04 18:00:00,1.11416,1.11458,1.11143,1.11436,21635,15,24608250000
2016-02-04 20:00:00,1.11436,1.11547,1.1127,1.11291,13350,15,16788800000
2016-02-04 22:00:00,1.1129,1.11355,1.11225,1.1126,7837,15,8846350000
2016-02-05 00:00:00,1.11249,1.11296,1.11186,1.11248,7584,21,6051840000
2016-02-05 02:00:00,1.11248,1.11312,1.1118,1.11259,8630,15,5889250000
2016-02-05 04:00:00,1.11254,1.11294,1.11201,1.11277,5666,15,3815900000
2016-02-05 06:00:00,1.11275,1.11324,1.11246,1.1129,6329,15,5807450000
2016-02-05 08:00:00,1.1129,1.11342,1.11253,1.11285,10306,15,11038750000
2016-02-05 10:00:00,1.11284,1.11311,1.10882,1.10994,17110,15,23715850000
2016-02-05 12:00:00,1.10994,1.11029,1.10871,1.11025,12115,15,13926550000
2016-02-05 14:00:00,1.11022,1.11144,1.10903,1.10979,21062,15,29378100000
2016-02-05 16:00:00,1.10982,1.11026,1.10643,1.10672,28053,15,30984800000
2016-02-05 18:00:00,1.10672,1.10741,1.10488,1.10546,17888,15,21061850000
2016-02-05 20:00:00,1.10545,1.10549,1.10334,1.10497,10610,15,12481450000
2016-02-05 22:00:00,1.10497,1.10724,1.10486,1.10499,7406,15,6793100000
2016-02-08 00:00:00,1.10568,1.10656,1.10507,1.10641,5647,17,5144070000
2016-02-08 02:00:00,1.10641,1.10713,1.10588,1.10679,6277,16,4993700000
2016-02-08 04:00:00,1.10684,1.1069,1.10597,1.10617,3160,15,1519450000
2016-02-08 06:00:00,1.10617,1.10678,1.10585,1.10666,4166,15,2656300000
2016-02-08 08:00:00,1.10666,1.1074,1.10654,1.10687,7719,15,8026350000
2016-02-08 10:00:00,1.10687,1.10947,1.10627,1.10817,21003,15,31007167000
2016-02-08 12:00:00,1.10817,1.10834,1.10605,1.1074,19580,15,24488050000
2016-02-08 14:00:00,1.1074,1.10741,1.10428,1.10554,22259,15,29455300000
2016-02-08 16:00:00,1.10553,1.10602,1.10181,1.10334,24869,15,31479150000
2016-02-08 18:00:00,1.10335,1.10578,1.10209,1.105,21217,15,26238650000
2016-02-08 20:00:00,1.10499,1.10521,1.10309,1.10431,13570,15,16056150000
2016-02-08 22:00:00,1.10432,1.10535,1.10371,1.10447,10548,15,12027000000
2016-02-09 00:00:00,1.10391,1.10557,1.10381,1.10455,6385,17,5494830000
2016-02-09 02:00:00,1.10452,1.10463,1.10369,1.1042,10941,16,8178750000
2016-02-09 04:00:00,1.1042,1.10527,1.10282,1.10297,12005,15,9898250000
2016-02-09 06:00:00,1.10297,1.10411,1.10292,1.10397,9861,18,9476400000
2016-02-09 08:00:00,1.10395,1.104,1.10103,1.10202,13094,15,10938450000
2016-02-09 10:00:00,1.10202,1.10298,1.09924,1.09989,22281,15,31623700000
2016-02-09 12:00:00,1.09986,1.10039,1.09853,1.0998,19103,15,24185050000
2016-02-09 14:00:00,1.0998,1.10073,1.09688,1.09807,25274,15,34039450000
2016-02-09 16:00:00,1.09807,1.09946,1.09573,1.09706,25707,15,27501350000
2016-02-09 18:00:00,1.09705,1.09925,1.09638,1.09849,21608,15,27652378000
2016-02-09 20:00:00,1.09852,1.09885,1.09716,1.09741,12753,15,16934350000
2016-02-09 22:00:00,1.0974,1.09847,1.09668,1.09842,7864,15,9667700000
2016-02-10 00:00:00,1.09784,1.0999,1.09654,1.0984,6834,15,5593150000
2016-02-10 02:00:00,1.0984,1.09882,1.09758,1.09801,10961,15,8842500000
2016-02-10 04:00:00,1.09802,1.09847,1.09752,1.09836,8974,15,7690100000
2016-02-10 06:00:00,1.09835,1.0985,1.09781,1.09842,7987,17,6646100000
2016-02-10 08:00:00,1.09842,1.09858,1.09729,1.0982,10372,15,9811150000
2016-02-10 10:00:00,1.0982,1.09832,1.09574,1.09687,23104,15,27107214000
2016-02-10 12:00:00,1.09684,1.09731,1.09574,1.09648,18055,15,26203800000
2016-02-10 14:00:00,1.09648,1.09727,1.09527,1.09577,23777,15,34576200000
2016-02-10 16:00:00,1.09575,1.09681,1.09509,1.09599,28274,15,31279400000
2016-02-10 18:00:00,1.09598,1.09802,1.09543,1.09766,23354,15,28523400000
2016-02-10 20:00:00,1.09766,1.09846,1.09697,1.09744,14969,15,24441050000
2016-02-10 22:00:00,1.09747,1.09951,1.09701,1.09832,12033,15,16431250000
2016-02-11 00:00:00,1.0989,1.09905,1.09684,1.09804,7704,18,5881850000
2016-02-11 02:00:00,1.09804,1.09865,1.09758,1.09814,12780,15,13448300000
2016-02-11 04:00:00,1.09816,1.09872,1.09744,1.09746,9011,15,8484200000
2016-02-11 06:00:00,1.09745,1.09779,1.09703,1.09761,9216,15,7857950000
2016-02-11 08:00:00,1.09762,1.09796,1.09677,1.09717,10995,15,10365700000
2016-02-11 10:00:00,1.09717,1.09774,1.09492,1.09517,27109,15,28319000000
2016-02-11 12:00:00,1.09517,1.09994,1.09494,1.09941,19857,15,18376700000
2016-02-11 14:00:00,1.09941,1.10392,1.09905,1.102,29011,15,32369650000
2016-02-11 16:00:00,1.10198,1.10401,1.10188,1.10401,28065,15,26361899000
2016-02-11 18:00:00,1.10403,1.10423,1.10192,1.10204,21173,15,22021900000
2016-02-11 20:00:00,1.10205,1.10234,1.10107,1.10142,17671,15,24570800000
2016-02-11 22:00:00,1.10142,1.10157,1.10017,1.10078,10658,15,11587250000
2016-02-12 00:00:00,1.1007,1.10081,1.10002,1.10032,5481,16,2867650000
2016-02-12 02:00:00,1.10032,1.10149,1.09991,1.10111,12412,15,11130900000
2016-02-12 04:00:00,1.10112,1.10156,1.10069,1.1007,9227,15,10426500000
2016-02-12 06:00:00,1.1007,1.10119,1.09992,1.10032,9381,15,7121900000
2016-02-12 08:00:00,1.10031,1.10209,1.09997,1.10145,12962,15,11028250000
2016-02-12 10:00:00,1.10141,1.10169,1.10019,1.10085,22203,15,29590050000
2016-02-12 12:00:00,1.10089,1.10117,1.09904,1.09913,15484,15,22189900000
2016-02-12 14:00:00,1.09913,1.09926,1.09725,1.09799,18710,15,23496300000
2016-02-12 16:00:00,1.09799,1.09987,1.09785,1.0984,23933,15,34181749000
2016-02-12 18:00:00,1.09837,1.0987,1.09645,1.09803,15284,15,22743100000
2016-02-12 20:00:00,1.09803,1.09867,1.09744,1.09804,7043,15,10178850000
2016-02-12 22:00:00,1.09805,1.10014,1.09802,1.09819,5473,15,5985850000
2016-02-15 00:00:00,1.09705,1.09909,1.09658,1.09795,6027,15,4503306000
2016-02-15 02:00:00,1.09795,1.09849,1.09734,1.09816,10639,15,8407750000
2016-02-15 04:00:00,1.09816,1.09909,1.09792,1.09853,7523,15,5554800000
2016-02-15 06:00:00,1.09855,1.1002,1.09847,1.09992,7055,15,4314600000
2016-02-15 08:00:00,1.09995,1.10027,1.09871,1.09995,12130,15,8625550000
2016-02-15 10:00:00,1.09995,1.1014,1.09945,1.10062,19599,15,21374400000
2016-02-15 12:00:00,1.10062,1.10133,1.10028,1.10051,13561,15,13102500000
2016-02-15 14:00:00,1.10051,1.10219,1.10047,1.10202,15519,15,23169300000
2016-02-15 16:00:00,1.10203,1.10309,1.10014,1.10127,20084,15,27854850000
2016-02-15 18:00:00,1.10127,1.10184,1.10062,1.10117,9370,15,12906100000
2016-02-15 20:00:00,1.10117,1.10227,1.10065,1.10154,4114,15,5167400000
2016-02-15 22:00:00,1.10154,1.10181,1.10041,1.10041,2813,18,1955550000
2016-02-16 00:00:00,1.09967,1.10218,1.09958,1.10194,6786,18,4861790000
2016-02-16 02:00:00,1.10194,1.10248,1.1014,1.10242,8544,15,7819200000
2016-02-16 04:00:00,1.10243,1.10259,1.10146,1.10153,6645,15,6138400000
2016-02-16 06:00:00,1.10153,1.10226,1.10132,1.10203,6142,15,4700100000
2016-02-16 08:00:00,1.1021,1.10282,1.10119,1.10122,9358,15,9311550000
2016-02-16 10:00:00,1.10122,1.10271,1.1012,1.10255,20070,15,21996800000
2016-02-16 12:00:00,1.10244,1.10316,1.10161,1.10165,15884,15,23519200000
2016-02-16 14:00:00,1.10164,1.10294,1.10114,1.10208,18037,15,21929900000
2016-02-16 16:00:00,1.10207,1.10218,1.10075,1.10147,21151,15,23051650000
2016-02-16 18:00:00,1.10148,1.10168,1.10054,1.10097,14547,15,19166600000
2016-02-16 20:00:00,1.10097,1.10143,1.10068,1.10122,7405,15,13149000000
2016-02-16 22:00:00,1.10122,1.10168,1.10108,1.10114,3877,15,5661700000
2016-02-17 00:00:00,1.10163,1.10187,1.09987,1.10124,4373,19,3558980000
2016-02-17 02:00:00,1.10125,1.10151,1.10053,1.10102,9422,15,8678100000
2016-02-17 04:00:00,1.10102,1.10142,1.10061,1.10116,6332,15,6219100000
2016-02-17 06:00:00,1.10117,1.10168,1.10095,1.10125,8645,15,9327550000
2016-02-17 08:00:00,1.10126,1.10215,1.10117,1.10206,8670,15,8026600000
2016-02-17 10:00:00,1.10206,1.10322,1.10079,1.10303,16747,15,18891400000
2016-02-17 12:00:00,1.10304,1.10381,1.10244,1.10346,13440,15,16116600000
2016-02-17 14:00:00,1.10345,1.10453,1.10309,1.10403,16682,15,21091500000
2016-02-17 16:00:00,1.10405,1.10579,1.10348,1.10564,23309,15,23615950000
2016-02-17 18:00:00,1.10565,1.10593,1.10485,1.10563,13999,15,17187500000
2016-02-17 20:00:00,1.10563,1.10604,1.1036,1.10376,10679,15,16307500000
2016-02-17 22:00:00,1.10376,1.10493,1.10362,1.104,7191,15,9115050000
2016-02-18 00:00:00,1.1041,1.10455,1.10317,1.1038,6009,15,4967000000
2016-02-18 02:00:00,1.10383,1.10501,1.10371,1.1045,9398,15,8523750000
2016-02-18 04:00:00,1.1045,1.10471,1.104,1.10433,5067,15,4939200000
2016-02-18 06:00:00,1.10433,1.10483,1.10398,1.10464,6529,16,6563850000
2016-02-18 08:00:00,1.10464,1.10481,1.10404,1.10447,8962,15,9311300000
2016-02-18 10:00:00,1.10446,1.10508,1.10343,1.10494,16620,15,27228495000
2016-02-18 12:00:00,1.10496,1.10538,1.10372,1.10395,15528,15,25611300000
2016-02-18 14:00:00,1.10395,1.10404,1.10248,1.10274,18700,15,27416400000
2016-02-18 16:00:00,1.10274,1.10439,1.10265,1.10308,20994,15,23552600000
2016-02-18 18:00:00,1.10307,1.10359,1.10216,1.10354,16639,15,27001224000
2016-02-18 20:00:00,1.10354,1.10455,1.10341,1.10385,10260,15,17756300000
2016-02-18 22:00:00,1.10384,1.10386,1.10191,1.10191,7530,15,10157700000
2016-02-19 00:00:00,1.10189,1.10343,1.10189,1.10308,7614,19,7071000000
2016-02-19 02:00:00,1.10308,1.10315,1.10206,1.10267,9618,15,9316800000
2016-02-19 04:00:00,1.10267,1.10315,1.10246,1.10298,4714,18,4493500000
2016-02-19 06:00:00,1.10294,1.10313,1.10244,1.10291,5364,15,4428800000
2016-02-19 08:00:00,1.10291,1.10361,1.10244,1.10331,7586,15,6903600000
2016-02-19 10:00:00,1.10331,1.10406,1.10246,1.10354,18749,15,23997586000
2016-02-19 12:00:00,1.10353,1.10478,1.10286,1.10295,15644,15,18993590000
2016-02-19 14:00:00,1.10295,1.10354,1.10053,1.10066,18964,15,21300700000
2016-02-19 16:00:00,1.10066,1.1011,1.09977,1.101,20894,15,28323750000
2016-02-19 18:00:00,1.101,1.10203,1.10058,1.1017,16813,15,17033050000
2016-02-19 20:00:00,1.10171,1.10199,1.1013,1.10144,5572,15,7528800000
2016-02-19 22:00:00,1.10148,1.10215,1.10076,1.10107,4947,15,6006100000
2016-02-22 00:00:00,1.09959,1.10178,1.09843,1.1017,8383,25,6304180000
2016-02-22 02:00:00,1.10172,1.10189,1.10092,1.10138,10073,15,8153250000
2016-02-22 04:00:00,1.10134,1.10223,1.10118,1.10143,5767,15,3430500000
2016-02-22 06:00:00,1.10143,1.10172,1.10099,1.10157,4576,19,4901600000
2016-02-22 08:00:00,1.10157,1.1019,1.10049,1.10081,9418,15,10556750000
2016-02-22 10:00:00,1.10102,1.10102,1.09917,1.10039,16981,15,24609250000
2016-02-22 12:00:00,1.1004,1.10136,1.09983,1.10036,15668,15,22410750000
2016-02-22 14:00:00,1.10037,1.10096,1.09998,1.10007,21793,15,28891050000
2016-02-22 16:00:00,1.10006,1.10121,1.09941,1.10106,23434,15,25278400000
2016-02-22 18:00:00,1.10107,1.10118,1.10003,1.10102,14146,15,17068750000
2016-02-22 20:00:00,1.10102,1.10162,1.10073,1.10156,8202,15,11591150000
2016-02-22 22:00:00,1.10155,1.10216,1.10103,1.10213,6435,15,9474950000
2016-02-23 00:00:00,1.1009,1.10269,1.1009,1.10252,3632,15,1943200000
2016-02-23 02:00:00,1.10253,1.10253,1.10125,1.10155,8745,16,8792400000
2016-02-23 04:00:00,1.10155,1.10162,1.1005,1.10059,6803,18,6331400000
2016-02-23 06:00:00,1.10057,1.10069,1.09926,1.09926,6463,15,5028500000
2016-02-23 08:00:00,1.09926,1.09945,1.09677,1.09715,9559,15,10455500000
2016-02-23 10:00:00,1.09714,1.0977,1.0955,1.09585,19931,15,25152750000
2016-02-23 12:00:00,1.09584,1.09591,1.09298,1.09314,15438,15,22992057000
2016-02-23 14:00:00,1.09314,1.09349,1.09192,1.09319,16982,15,21796300000
2016-02-23 16:00:00,1.09318,1.09383,1.09152,1.09209,21497,15,28027700000
2016-02-23 18:00:00,1.09208,1.0933,1.09182,1.09196,17100,15,18967600000
2016-02-23 20:00:00,1.09196,1.09272,1.09156,1.09261,8032,15,11094000000
2016-02-23 22:00:00,1.09262,1.09283,1.09209,1.09213,7014,15,8940850000
2016-02-24 00:00:00,1.09216,1.09315,1.09123,1.09283,3976,15,3209350000
2016-02-24 02:00:00,1.09283,1.09304,1.09171,1.09192,7391,15,6792600000
2016-02-24 04:00:00,1.09192,1.09409,1.09173,1.09404,5671,15,4463050000
2016-02-24 06:00:00,1.09401,1.09409,1.09356,1.0938,3885,15,3412094000
2016-02-24 08:00:00,1.09379,1.09403,1.09314,1.09387,8200,15,7709500000
2016-02-24 10:00:00,1.09387,1.09421,1.08992,1.09023,19458,15,29860800000
2016-02-24 12:00:00,1.09022,1.09065,1.08923,1.08955,15714,15,18260900000
2016-02-24 14:00:00,1.08955,1.09136,1.0895,1.09117,20904,15,37230827000
2016-02-24 16:00:00,1.09116,1.09122,1.08793,1.08806,26263,15,34821050000
2016-02-24 18:00:00,1.08812,1.08866,1.08641,1.08693,19490,15,26879265000
2016-02-24 20:00:00,1.08693,1.08815,1.08682,1.08801,13918,15,17808650000
2016-02-24 22:00:00,1.08802,1.08907,1.08789,1.08861,11781,15,13259250000
2016-02-25 00:00:00,1.08866,1.0897,1.08819,1.08951,4668,20,4737150000
2016-02-25 02:00:00,1.08951,1.09015,1.08891,1.09002,7710,15,6658850000
2016-02-25 04:00:00,1.09006,1.09057,1.0898,1.09037,6461,15,5686709000
2016-02-25 06:00:00,1.09037,1.09081,1.09028,1.09072,5110,15,4422450000
2016-02-25 08:00:00,1.09071,1.09135,1.08971,1.09133,8697,15,13267950000
2016-02-25 10:00:00,1.09131,1.09246,1.09076,1.09153,20373,15,24589650000
2016-02-25 12:00:00,1.09154,1.09361,1.09119,1.09303,15028,15,35941750000
2016-02-25 14:00:00,1.09303,1.09423,1.09266,1.09407,19007,15,33919625000
2016-02-25 16:00:00,1.09407,1.09473,1.09066,1.09116,24531,15,34796541000
2016-02-25 18:00:00,1.09116,1.09178,1.09047,1.09174,19411,15,23971800000
2016-02-25 20:00:00,1.09174,1.09239,1.09073,1.09162,12641,15,15023349000
2016-02-25 22:00:00,1.09162,1.09199,1.0908,1.0908,8709,15,9175300000
2016-02-26 00:00:00,1.09114,1.0919,1.09056,1.09141,5306,15,4990950000
2016-02-26 02:00:00,1.09141,1.09229,1.0909,1.09148,9445,15,8199350000
2016-02-26 04:00:00,1.09147,1.09245,1.09143,1.09221,5385,15,3907650000
2016-02-26 06:00:00,1.09221,1.0928,1.09202,1.09257,5312,15,5583742000
2016-02-26 08:00:00,1.09254,1.09362,1.0917,1.09359,9090,15,9397106000
2016-02-26 10:00:00,1.09358,1.09365,1.09146,1.09215,19297,15,34490720000
2016-02-26 12:00:00,1.09216,1.09309,1.09204,1.09258,15429,15,26310450000
2016-02-26 14:00:00,1.09258,1.09394,1.09186,1.09303,21005,15,31269588000
2016-02-26 16:00:00,1.093,1.09409,1.09084,1.09084,26937,15,40334911000
2016-02-26 18:00:00,1.09083,1.0911,1.08869,1.09007,16180,15,26752987000
2016-02-26 20:00:00,1.09009,1.09066,1.08962,1.08998,10347,15,15449950000
2016-02-26 22:00:00,1.08999,1.09022,1.08834,1.08858,4788,15,5567550000
2016-02-29 00:00:00,1.08847,1.08972,1.08661,1.08878,5805,17,5647700000
2016-02-29 02:00:00,1.08878,1.09015,1.0884,1.08864,8917,15,7485000000
2016-02-29 04:00:00,1.08866,1.09017,1.08854,1.08961,4844,15,3697300000
2016-02-29 06:00:00,1.08961,1.09013,1.08923,1.09003,5040,15,4031500000
2016-02-29 08:00:00,1.09003,1.09171,1.08958,1.09135,7567,15,5205400000
2016-02-29 10:00:00,1.09138,1.09206,1.08989,1.0919,17465,15,32386100000
2016-02-29 12:00:00,1.09191,1.093,1.08994,1.09033,17113,15,32982350000
2016-02-29 14:00:00,1.09033,1.09211,1.08942,1.08979,16119,15,23971750000
2016-02-29 16:00:00,1.08979,1.09,1.08165,1.0819,23203,15,30616650000
2016-02-29 18:00:00,1.08191,1.08422,1.08093,1.08367,13630,15,19382818000
2016-02-29 20:00:00,1.08366,1.08808,1.08348,1.08669,9720,15,12694500000
2016-02-29 22:00:00,1.08669,1.08685,1.08477,1.08488,6488,15,8833800000
2016-03-01 00:00:00,1.08477,1.08641,1.08281,1.08628,5318,15,3880040000
2016-03-01 02:00:00,1.08628,1.08648,1.08513,1.08563,9683,15,9261400000
2016-03-01 04:00:00,1.08564,1.08623,1.0851,1.08527,6137,15,6424900000
2016-03-01 06:00:00,1.08526,1.0859,1.08493,1.08566,4978,15,5494800000
2016-03-01 08:00:00,1.08573,1.08642,1.08507,1.0858,8891,15,10869600000
2016-03-01 10:00:00,1.0858,1.08761,1.08559,1.08643,16510,15,20864350000
2016-03-01 12:00:00,1.08643,1.08777,1.08569,1.0864,12370,15,21482700000
2016-03-01 14:00:00,1.08641,1.08656,1.08525,1.0856,13234,15,18165250000
2016-03-01 16:00:00,1.0856,1.08581,1.08224,1.08389,25129,15,35052450000
2016-03-01 18:00:00,1.08387,1.0855,1.08284,1.08527,16931,11,24245000000
2016-03-01 20:00:00,1.0853,1.08532,1.08343,1.08354,9351,15,15756350000
2016-03-01 22:00:00,1.08354,1.08404,1.08289,1.08324,8020,15,11157000000
2016-03-02 00:00:00,1.08304,1.08407,1.08304,1.08388,4880,25,5058800000
2016-03-02 02:00:00,1.08388,1.08447,1.08261,1.08325,9598,18,9423700000
2016-03-02 04:00:00,1.08323,1.08422,1.08321,1.08367,6338,15,3873200000
2016-03-02 06:00:00,1.08368,1.08501,1.08368,1.08501,6116,19,5350450000
2016-03-02 08:00:00,1.08495,1.08582,1.0837,1.08465,9732,15,10790450000
2016-03-02 10:00:00,1.08465,1.08583,1.08409,1.08496,15461,15,19175149000
2016-03-02 12:00:00,1.08495,1.08499,1.08359,1.08381,12786,15,19179950000
2016-03-02 14:00:00,1.08381,1.08479,1.08354,1.08361,18220,15,32034600000
2016-03-02 16:00:00,1.08362,1.0842,1.082,1.08326,25541,15,35407300000
2016-03-02 18:00:00,1.08329,1.08345,1.08203,1.08205,16992,15,24764999000
2016-03-02 20:00:00,1.08207,1.08304,1.082,1.08249,11665,15,15363700000
2016-03-02 22:00:00,1.0825,1.0833,1.08249,1.08299,6762,15,10631550000
2016-03-03 00:00:00,1.08243,1.08331,1.08158,1.08312,4270,18,4504400000
2016-03-03 02:00:00,1.08312,1.08359,1.08292,1.08314,6755,17,8414350000
2016-03-03 04:00:00,1.08314,1.08323,1.08274,1.08279,8124,15,9796150000
2016-03-03 06:00:00,1.08279,1.08371,1.08278,1.08338,6426,15,6979850000
2016-03-03 08:00:00,1.08335,1.08449,1.08275,1.08449,7918,15,9601350000
2016-03-03 10:00:00,1.08448,1.08451,1.08304,1.08406,17573,15,29394200000
2016-03-03 12:00:00,1.08404,1.08503,1.08371,1.0848,11215,15,15398700000
2016-03-03 14:00:00,1.0848,1.0854,1.08263,1.0832,16593,15,25211250000
2016-03-03 16:00:00,1.08319,1.08567,1.08286,1.08564,22767,15,33767300000
2016-03-03 18:00:00,1.08564,1.08653,1.08482,1.08508,17168,15,27938350000
2016-03-03 20:00:00,1.08508,1.08602,1.08479,1.08586,6971,15,11548650000
2016-03-03 22:00:00,1.08593,1.08734,1.08585,1.08627,6598,15,7867900000
2016-03-04 00:00:00,1.08613,1.08671,1.0854,1.08623,6405,21,5777000000
2016-03-04 02:00:00,1.08624,1.08675,1.08546,1.08665,7677,15,7766950000
2016-03-04 04:00:00,1.08665,1.08684,1.08582,1.08588,5783,15,6454800000
2016-03-04 06:00:00,1.08588,1.08671,1.08577,1.08651,7024,17,8269100000
2016-03-04 08:00:00,1.0865,1.08685,1.08505,1.08677,7051,15,6890050000
2016-03-04 10:00:00,1.08676,1.08883,1.08638,1.08824,14166,15,20844150000
2016-03-04 12:00:00,1.08824,1.0897,1.08754,1.08967,13037,15,19349000000
2016-03-04 14:00:00,1.08967,1.09027,1.08862,1.0898,18641,15,29463150000
2016-03-04 16:00:00,1.08983,1.09398,1.08826,1.09347,32475,15,39092250000
2016-03-04 18:00:00,1.09349,1.09355,1.09176,1.09268,16779,15,23712250000
2016-03-04 20:00:00,1.09266,1.09463,1.09258,1.09406,8478,15,12243150000
2016-03-04 22:00:00,1.09406,1.09417,1.09231,1.09243,6808,15,10820100000
2016-03-07 00:00:00,1.09051,1.09331,1.09044,1.09282,5609,21,5282250000
2016-03-07 02:00:00,1.09283,1.09319,1.0916,1.09197,7224,15,6206800000
2016-03-07 04:00:00,1.09196,1.09295,1.09188,1.09294,5009,20,4165450000
2016-03-07 06:00:00,1.09296,1.09309,1.09231,1.09248,4265,16,3521949000
2016-03-07 08:00:00,1.09248,1.09334,1.09165,1.09333,6725,15,8055200000
2016-03-07 10:00:00,1.09331,1.09642,1.09295,1.09489,14207,15,22879050000
2016-03-07 12:00:00,1.09488,1.09528,1.09396,1.09512,9465,15,11929900000
2016-03-07 14:00:00,1.09512,1.09719,1.09499,1.09597,13861,15,17422200000
2016-03-07 16:00:00,1.09593,1.09679,1.09394,1.09667,19946,15,23476450000
2016-03-07 18:00:00,1.09668,1.09739,1.09543,1.09585,15202,15,21809150000
2016-03-07 20:00:00,1.09585,1.0965,1.09546,1.0959,8738,15,10414050000
2016-03-07 22:00:00,1.0959,1.09649,1.09554,1.09595,5705,15,7963400000
2016-03-08 00:00:00,1.09444,1.09671,1.09428,1.09654,3404,17,2360400000
2016-03-08 02:00:00,1.09654,1.09663,1.09553,1.09579,7687,18,6248050000
2016-03-08 04:00:00,1.09587,1.0962,1.09499,1.09508,6943,15,5025650000
2016-03-08 06:00:00,1.09508,1.09561,1.0942,1.09457,4691,15,3807850000
2016-03-08 08:00:00,1.09455,1.09521,1.09387,1.09518,7764,15,7847789000
2016-03-08 10:00:00,1.09518,1.09518,1.09163,1.09223,12987,15,14774450000
2016-03-08 12:00:00,1.09222,1.09575,1.09182,1.09433,10609,15,15833700000
2016-03-08 14:00:00,1.09432,1.0953,1.09399,1.09453,12947,15,15315550000
2016-03-08 16:00:00,1.09453,1.09675,1.09411,1.09654,22374,15,26516350000
2016-03-08 18:00:00,1.09656,1.0969,1.09544,1.09627,13717,15,22353950000
2016-03-08 20:00:00,1.09627,1.09664,1.09523,1.09617,6874,15,10491250000
2016-03-08 22:00:00,1.09615,1.0967,1.09579,1.09604,4821,15,8165750000
2016-03-09 00:00:00,1.09604,1.09647,1.09435,1.09603,5583,15,5002950000
2016-03-09 02:00:00,1.09603,1.09623,1.09518,1.09545,5328,15,4483800000
2016-03-09 04:00:00,1.09543,1.09549,1.09491,1.095,4590,15,3361650000
2016-03-09 06:00:00,1.095,1.09556,1.0946,1.09545,5216,15,5248350000
2016-03-09 08:00:00,1.09544,1.09581,1.09494,1.09514,6707,15,7661950000
2016-03-09 10:00:00,1.09515,1.09653,1.09478,1.09502,12820,15,15767750000
2016-03-09 12:00:00,1.095,1.09995,1.09477,1.09819,14346,15,19018329000
2016-03-09 14:00:00,1.09818,1.09848,1.09623,1.09731,14066,15,20861050000
2016-03-09 16:00:00,1.09731,1.09781,1.09541,1.09696,18161,15,22179350000
2016-03-09 18:00:00,1.09697,1.09911,1.09622,1.09727,13026,15,18302050000
2016-03-09 20:00:00,1.09727,1.09781,1.0969,1.09733,6683,15,8276550000
2016-03-09 22:00:00,1.09735,1.0976,1.09675,1.09688,6182,15,6707700000
2016-03-10 00:00:00,1.09645,1.0974,1.09633,1.0965,5372,15,3464450000
2016-03-10 02:00:00,1.0965,1.09669,1.09557,1.09569,6436,15,4408450000
2016-03-10 04:00:00,1.09568,1.09597,1.09426,1.09458,5324,15,3339798000
2016-03-10 06:00:00,1.0946,1.0954,1.09446,1.0954,3846,15,2566500000
2016-03-10 08:00:00,1.09538,1.09538,1.09349,1.09376,5530,15,4721948000
2016-03-10 10:00:00,1.09377,1.09481,1.09251,1.09331,9702,15,11682550000
2016-03-10 12:00:00,1.09331,1.09566,1.09306,1.0952,9121,15,11184850000
2016-03-10 14:00:00,1.09521,1.0964,1.08914,1.09274,22460,15,31338400000
2016-03-10 16:00:00,1.09267,1.10134,1.09244,1.10134,26780,15,36962350000
2016-03-10 18:00:00,1.10128,1.10218,1.09924,1.10052,20447,15,22584350000
2016-03-10 20:00:00,1.10053,1.10077,1.09967,1.10014,14702,15,16213650000
2016-03-10 22:00:00,1.10015,1.10135,1.09959,1.10097,8148,15,8618850000
2016-03-11 00:00:00,1.10065,1.10155,1.09929,1.10035,9242,15,8124940000
2016-03-11 02:00:00,1.10033,1.10161,1.10003,1.10061,9712,15,8319100000
2016-03-11 04:00:00,1.10061,1.10104,1.10001,1.10047,5559,15,3478350000
2016-03-11 06:00:00,1.10046,1.10066,1.10011,1.10036,3541,15,2234450000
2016-03-11 08:00:00,1.10033,1.10104,1.09833,1.099,8816,15,8251900000
2016-03-11 10:00:00,1.09894,1.09922,1.0967,1.09673,15418,15,15611400000
2016-03-11 12:00:00,1.09673,1.09705,1.09449,1.09538,12735,15,13580900000
2016-03-11 14:00:00,1.09536,1.09672,1.09404,1.09592,14239,15,16947450000
2016-03-11 16:00:00,1.09594,1.0979,1.09474,1.09754,18813,15,21565950000
2016-03-11 18:00:00,1.09754,1.09816,1.09339,1.0951,15596,15,18554350000
2016-03-11 20:00:00,1.0951,1.0959,1.09454,1.0952,6593,15,9436200000
2016-03-11 22:00:00,1.09519,1.09598,1.0948,1.09483,5322,15,6677797000
2016-03-14 00:00:00,1.0953,1.09739,1.09517,1.09732,10714,15,10256180000
2016-03-14 02:00:00,1.09732,1.09732,1.09581,1.09666,7149,15,4539900000
2016-03-14 04:00:00,1.09667,1.09757,1.09667,1.0973,4284,15,4181090000
2016-03-14 06:00:00,1.0973,1.09832,1.09728,1.09792,3815,15,2636950000
2016-03-14 08:00:00,1.09795,1.09841,1.09712,1.09742,7267,15,7005550000
2016-03-14 10:00:00,1.09742,1.09906,1.09681,1.09825,13275,15,19421400000
2016-03-14 12:00:00,1.09825,1.09853,1.09619,1.09688,11948,15,21284700000
2016-03-14 14:00:00,1.09687,1.09718,1.09615,1.09691,17829,15,25341700000
2016-03-14 16:00:00,1.09691,1.09709,1.09468,1.095,15661,15,24531195000
2016-03-14 18:00:00,1.095,1.09534,1.09448,1.09451,11298,15,15997700000
2016-03-14 20:00:00,1.09452,1.09607,1.09451,1.09589,8172,15,12707100000
2016-03-14 22:00:00,1.09589,1.09632,1.09473,1.096,2878,15,3784900000
2016-03-15 00:00:00,1.09603,1.09649,1.0955,1.09557,4677,19,4287500000
2016-03-15 02:00:00,1.09556,1.09591,1.09506,1.09573,5862,16,4613700000
2016-03-15 04:00:00,1.09574,1.09639,1.09548,1.09561,4821,15,2635850000
2016-03-15 06:00:00,1.09562,1.09636,1.09521,1.09636,5691,15,4431750000
2016-03-15 08:00:00,1.09636,1.09707,1.09572,1.09603,9032,15,6968400000
2016-03-15 10:00:00,1.09603,1.09618,1.09476,1.09499,11991,15,16055600000
2016-03-15 12:00:00,1.09499,1.09626,1.09487,1.09552,11292,15,21267745000
2016-03-15 14:00:00,1.09553,1.09634,1.09456,1.09459,16058,15,20888250000
2016-03-15 16:00:00,1.0946,1.09595,1.09433,1.0947,17429,15,19420750000
2016-03-15 18:00:00,1.09468,1.09624,1.09466,1.09559,11586,15,14770050000
2016-03-15 20:00:00,1.09561,1.09642,1.09555,1.09624,7402,15,8312546000
2016-03-15 22:00:00,1.09623,1.09654,1.09575,1.09599,2385,17,2439800000
2016-03-16 00:00:00,1.09596,1.09649,1.09567,1.0964,2658,21,2011800000
2016-03-16 02:00:00,1.0964,1.09653,1.09554,1.09632,6092,16,3756650000
2016-03-16 04:00:00,1.09631,1.09678,1.09591,1.0962,3486,17,1775650000
2016-03-16 06:00:00,1.09622,1.09631,1.09564,1.09588,3586,19,3245900000
2016-03-16 08:00:00,1.09587,1.09637,1.09504,1.09627,6786,15,5916000000
2016-03-16 10:00:00,1.09628,1.09689,1.09592,1.09664,10822,15,12515380000
2016-03-16 12:00:00,1.09663,1.09681,1.09548,1.0958,9605,15,14109300000
2016-03-16 14:00:00,1.09582,1.09706,1.09484,1.09534,16549,15,22154650000
2016-03-16 16:00:00,1.09533,1.09661,1.09387,1.09405,16537,15,20166850000
2016-03-16 18:00:00,1.09405,1.0958,1.09391,1.09501,13388,15,15365750000
2016-03-16 20:00:00,1.09501,1.0975,1.09483,1.0962,23521,15,27922600000
2016-03-16 22:00:00,1.09617,1.09816,1.0954,1.09648,6829,15,6991671000
2016-03-17 00:00:00,1.09647,1.09731,1.09629,1.09683,5120,17,4293050000
2016-03-17 02:00:00,1.09683,1.09722,1.09598,1.09633,8215,16,6506350000
2016-03-17 04:00:00,1.09634,1.09724,1.09632,1.09692,6216,15,5798600000
2016-03-17 06:00:00,1.09691,1.09747,1.09651,1.09672,7617,21,7880250000
2016-03-17 08:00:00,1.09673,1.09849,1.09668,1.09821,11446,15,8471698000
2016-03-17 10:00:00,1.09822,1.09939,1.09696,1.09808,18249,15,14951088000
2016-03-17 12:00:00,1.09809,1.09949,1.09624,1.09656,17732,15,14313846000
2016-03-17 14:00:00,1.09656,1.09682,1.09384,1.09545,21615,15,22383535000
2016-03-17 16:00:00,1.09545,1.09569,1.09212,1.09532,20116,15,23787646000
2016-03-17 18:00:00,1.0953,1.09601,1.09355,1.09404,13438,15,15704350000
2016-03-17 20:00:00,1.09403,1.09482,1.09384,1.09472,8180,15,8338250000
2016-03-17 22:00:00,1.09471,1.095,1.09408,1.09422,3252,15,2886300000
2016-03-18 00:00:00,1.09416,1.09467,1.09344,1.09431,3612,15,3304096000
2016-03-18 02:00:00,1.09428,1.09464,1.09336,1.09399,9129,15,5942050000
2016-03-18 04:00:00,1.09399,1.09459,1.09381,1.09411,6043,15,4591550000
2016-03-18 06:00:00,1.09411,1.09413,1.0936,1.09383,4707,15,2725900000
2016-03-18 08:00:00,1.09381,1.0939,1.09174,1.09237,9163,15,9070730000
2016-03-18 10:00:00,1.09237,1.09448,1.09233,1.09374,13931,15,23602150000
2016-03-18 12:00:00,1.09374,1.09425,1.09127,1.09136,11609,15,14456150000
2016-03-18 14:00:00,1.09137,1.09238,1.09118,1.09175,15536,15,30150949000
2016-03-18 16:00:00,1.0917,1.09337,1.09137,1.09314,16787,15,24511250000
2016-03-18 18:00:00,1.09314,1.09356,1.09043,1.09134,11803,15,14751100000
2016-03-18 20:00:00,1.09135,1.09321,1.09121,1.09309,6769,15,8991150000
2016-03-18 22:00:00,1.09308,1.09334,1.09129,1.09129,2086,16,1838400000
2016-03-21 00:00:00,1.09251,1.09336,1.09235,1.09332,3514,15,2901600000
2016-03-21 02:00:00,1.09332,1.09373,1.09276,1.09352,8103,15,5037350000
2016-03-21 04:00:00,1.09352,1.09366,1.09263,1.09284,3299,15,2238600000
2016-03-21 06:00:00,1.09284,1.09312,1.09253,1.09294,2841,15,2292550000
2016-03-21 08:00:00,1.09293,1.09305,1.09193,1.09253,6723,15,4875200000
2016-03-21 10:00:00,1.09253,1.09431,1.09117,1.09252,13688,15,20280924000
2016-03-21 12:00:00,1.09252,1.09349,1.09166,1.09252,9480,15,20140200000
2016-03-21 14:00:00,1.09251,1.0928,1.09118,1.09143,14736,15,35080500000
2016-03-21 16:00:00,1.09139,1.09188,1.08951,1.0897,15738,10,25771984000
2016-03-21 18:00:00,1.08972,1.09055,1.08928,1.09015,11530,15,13424350000
2016-03-21 20:00:00,1.09015,1.09091,1.09015,1.09023,4619,15,5292200000
2016-03-21 22:00:00,1.09023,1.09101,1.0895,1.09073,3387,15,5200200000
2016-03-22 00:00:00,1.09072,1.09113,1.09046,1.09059,2403,20,1164550000
2016-03-22 02:00:00,1.09061,1.09065,1.08958,1.09012,4554,15,2357450000
2016-03-22 04:00:00,1.09011,1.09092,1.09009,1.09085,3230,15,1908200000
2016-03-22 06:00:00,1.09084,1.09094,1.09034,1.09064,2628,15,1352550000
2016-03-22 08:00:00,1.09063,1.09134,1.08939,1.09043,6764,15,5358600000
2016-03-22 10:00:00,1.09045,1.09103,1.08769,1.08895,19104,15,29491550000
2016-03-22 12:00:00,1.08892,1.08923,1.08744,1.08856,12517,15,17847150000
2016-03-22 14:00:00,1.08858,1.08988,1.08812,1.08957,17590,15,27063450000
2016-03-22 16:00:00,1.08955,1.09071,1.08866,1.08956,14898,15,19172293000
2016-03-22 18:00:00,1.08954,1.09099,1.08908,1.09073,11740,15,19078700000
2016-03-22 20:00:00,1.09073,1.09161,1.09043,1.09117,7781,15,11326599000
2016-03-22 22:00:00,1.09116,1.09147,1.09036,1.09107,3448,15,4936700000
2016-03-23 00:00:00,1.09112,1.09164,1.09063,1.0916,3050,19,2062100000
2016-03-23 02:00:00,1.09157,1.09202,1.09103,1.09184,4609,15,2939349000
2016-03-23 04:00:00,1.09184,1.09207,1.09163,1.09176,2382,15,1118250000
2016-03-23 06:00:00,1.09174,1.09215,1.09155,1.09181,3778,15,2385998000
2016-03-23 08:00:00,1.09183,1.09201,1.09094,1.09131,7250,15,6763200000
2016-03-23 10:00:00,1.0913,1.09238,1.09122,1.09183,9816,15,16443950000
2016-03-23 12:00:00,1.09183,1.09189,1.08869,1.08987,9236,15,14165491000
2016-03-23 14:00:00,1.08985,1.09061,1.08874,1.08992,16052,15,38170640000
2016-03-23 16:00:00,1.08991,1.09031,1.08754,1.08754,14648,15,19790844000
2016-03-23 18:00:00,1.08754,1.0909,1.08735,1.09037,10003,15,14015365000
2016-03-23 20:00:00,1.09033,1.09077,1.08947,1.08974,6795,15,8841000000
2016-03-23 22:00:00,1.08974,1.0906,1.08962,1.09031,2984,15,3918500000
2016-03-24 00:00:00,1.09032,1.09063,1.09018,1.09036,2094,17,1940500000
2016-03-24 02:00:00,1.09037,1.09069,1.08982,1.08998,6448,15,4610450000
2016-03-24 04:00:00,1.08998,1.0903,1.08977,1.09001,2858,18,1541100000
2016-03-24 06:00:00,1.09,1.09033,1.08987,1.09018,2865,15,1317950000
2016-03-24 08:00:00,1.09016,1.09078,1.08962,1.09006,6400,15,7356650000
2016-03-24 10:00:00,1.09006,1.09038,1.08908,1.08952,12925,15,19259750000
2016-03-24 12:00:00,1.08952,1.08976,1.08775,1.08842,12987,15,19253450000
2016-03-24 14:00:00,1.08842,1.08899,1.08736,1.08874,12682,15,20163798000
2016-03-24 16:00:00,1.08874,1.09039,1.0884,1.09008,12770,15,20838049000
2016-03-24 18:00:00,1.09007,1.09093,1.08957,1.09041,8224,15,10244348000
2016-03-24 20:00:00,1.0904,1.09084,1.09014,1.09032,4317,15,5800450000
2016-03-24 22:00:00,1.09032,1.09084,1.08959,1.09045,2911,15,4758250000
2016-03-25 00:00:00,1.09047,1.09062,1.08882,1.08972,6050,15,6664800000
2016-03-25 02:00:00,1.08972,1.09151,1.08921,1.09126,9221,15,6504410000
2016-03-25 04:00:00,1.09127,1.09131,1.09031,1.0908,7599,15,5748800000
2016-03-25 06:00:00,1.09081,1.09089,1.08981,1.09001,5246,29,3871850000
2016-03-25 08:00:00,1.09001,1.09139,1.08981,1.09064,3418,15,1775300000
2016-03-25 10:00:00,1.09071,1.0916,1.08974,1.09016,1249,15,1208400000
2016-03-25 12:00:00,1.09016,1.09109,1.08995,1.09058,1391,19,2276500000
2016-03-25 14:00:00,1.09056,1.09139,1.08968,1.09127,2764,19,4216100000
2016-03-25 16:00:00,1.09126,1.09237,1.09066,1.09196,4217,15,3375150000
2016-03-25 18:00:00,1.0919,1.09191,1.09097,1.0913,1498,27,1684470000
2016-03-25 20:00:00,1.09134,1.09185,1.09099,1.09103,1307,30,1646350000
2016-03-25 22:00:00,1.09103,1.09141,1.09003,1.0901,1367,23,1178700000
2016-03-28 00:00:00,1.09121,1.09218,1.08917,1.09171,2453,15,2319900000
2016-03-28 02:00:00,1.0917,1.09202,1.09072,1.09112,3363,15,3639750000
2016-03-28 04:00:00,1.0911,1.09122,1.09053,1.09116,2821,15,1782740000
2016-03-28 06:00:00,1.09115,1.09123,1.09074,1.09092,1981,18,817650000
2016-03-28 08:00:00,1.09089,1.09133,1.09048,1.09049,3182,15,2520643000
2016-03-28 10:00:00,1.09049,1.09138,1.09013,1.09049,3375,15,5348500000
2016-03-28 12:00:00,1.09048,1.09086,1.09018,1.09042,2051,15,2895050000
2016-03-28 14:00:00,1.09043,1.09121,1.09028,1.09087,4957,15,5717150000
2016-03-28 16:00:00,1.09088,1.09171,1.08997,1.09116,11155,15,17250999000
2016-03-28 18:00:00,1.09117,1.09172,1.09012,1.09026,6996,15,9272599000
2016-03-28 20:00:00,1.09028,1.09104,1.08997,1.09057,4378,15,5799150000
2016-03-28 22:00:00,1.09057,1.09087,1.09019,1.09024,4687,15,6115550000
2016-03-29 00:00:00,1.08889,1.0911,1.08889,1.09036,2311,17,2672960000
2016-03-29 02:00:00,1.09033,1.09082,1.09029,1.09062,3369,16,2142700000
2016-03-29 04:00:00,1.09062,1.09082,1.09001,1.09041,5452,15,3439250000
2016-03-29 06:00:00,1.0904,1.09074,1.09009,1.09033,3406,15,2210900000
2016-03-29 08:00:00,1.09032,1.09077,1.08984,1.09002,4977,15,3869500000
2016-03-29 10:00:00,1.09002,1.09069,1.08942,1.08996,11685,15,21307650000
2016-03-29 12:00:00,1.08996,1.09161,1.08838,1.09148,11916,15,17050900000
2016-03-29 14:00:00,1.09148,1.0927,1.09097,1.09187,12240,15,19011087000
2016-03-29 16:00:00,1.09186,1.09228,1.09097,1.09106,16840,15,28540800000
2016-03-29 18:00:00,1.09107,1.09287,1.09073,1.09229,17319,15,22744200000
2016-03-29 20:00:00,1.09228,1.09261,1.09109,1.09121,12084,15,15742400000
2016-03-29 22:00:00,1.09121,1.09231,1.09082,1.09089,6223,15,8127950000
2016-03-30 00:00:00,1.08982,1.09178,1.08982,1.09122,3745,15,2397100000
2016-03-30 02:00:00,1.09122,1.09162,1.09111,1.09142,4814,15,3920150000
2016-03-30 04:00:00,1.09143,1.09166,1.09113,1.09161,3694,15,2960700000
2016-03-30 06:00:00,1.09159,1.09185,1.09131,1.09145,3708,17,3136700000
2016-03-30 08:00:00,1.09145,1.09248,1.09099,1.09142,8837,15,8731590000
2016-03-30 10:00:00,1.09145,1.09225,1.09066,1.09131,16306,15,22495149000
2016-03-30 12:00:00,1.09132,1.09177,1.09016,1.09077,10943,15,17061850000
2016-03-30 14:00:00,1.09077,1.09176,1.09049,1.09076,16577,15,28448000000
2016-03-30 16:00:00,1.09076,1.09231,1.08913,1.09196,22053,15,31842031000
2016-03-30 18:00:00,1.09196,1.09264,1.09095,1.09103,15870,15,22426830000
2016-03-30 20:00:00,1.09103,1.0926,1.09089,1.09251,8746,15,17133400000
2016-03-30 22:00:00,1.0925,1.09422,1.09224,1.09405,6686,15,6733048000
2016-03-31 00:00:00,1.09383,1.09403,1.09315,1.0937,2771,23,2778370000
2016-03-31 02:00:00,1.0937,1.09389,1.09296,1.09329,4661,15,4000150000
2016-03-31 04:00:00,1.09329,1.09351,1.09272,1.09275,5362,15,3783400000
2016-03-31 06:00:00,1.09275,1.09303,1.09264,1.09284,3927,16,2658850000
2016-03-31 08:00:00,1.09284,1.09331,1.09187,1.09224,6396,15,6453150000
2016-03-31 10:00:00,1.09223,1.0941,1.09204,1.09324,12726,15,15973700000
2016-03-31 12:00:00,1.09321,1.09528,1.09319,1.09448,11085,15,15612698000
2016-03-31 14:00:00,1.09449,1.09493,1.09198,1.09279,13570,15,22209499000
2016-03-31 16:00:00,1.09279,1.09355,1.09102,1.09106,20801,15,29088650000
2016-03-31 18:00:00,1.09107,1.09219,1.09053,1.09127,14402,15,18116700000
2016-03-31 20:00:00,1.09127,1.09371,1.09119,1.09369,7710,15,13011048000
2016-03-31 22:00:00,1.09369,1.09475,1.09305,1.09436,5450,15,7971699000
2016-04-01 00:00:00,1.0936,1.09446,1.0936,1.09366,2587,15,1893550000
2016-04-01 02:00:00,1.09366,1.09402,1.09292,1.09311,4089,15,3092800000
2016-04-01 04:00:00,1.09315,1.09374,1.09234,1.09269,5094,15,3474150000
2016-04-01 06:00:00,1.09271,1.09285,1.09237,1.09263,2940,15,2832600000
2016-04-01 08:00:00,1.09263,1.09344,1.09253,1.09306,5344,15,6066100000
2016-04-01 10:00:00,1.09306,1.09484,1.09258,1.09465,12232,15,20664400000
2016-04-01 12:00:00,1.09467,1.09473,1.09378,1.09416,10841,15,19453450000
2016-04-01 14:00:00,1.09416,1.09501,1.09199,1.09315,17523,15,25173450000
2016-04-01 16:00:00,1.09314,1.09365,1.0905,1.09148,21080,15,27671600000
2016-04-01 18:00:00,1.09149,1.09209,1.09072,1.09123,14438,15,19297000000
2016-04-01 20:00:00,1.09125,1.09272,1.09125,1.09221,8467,15,16314950000
2016-04-01 22:00:00,1.09221,1.09265,1.09029,1.09067,5892,15,6503150000
2016-04-04 00:00:00,1.08965,1.09236,1.08965,1.09224,2605,18,2387800000
2016-04-04 02:00:00,1.09214,1.09268,1.09206,1.09229,4106,15,3052300000
2016-04-04 04:00:00,1.0923,1.09263,1.09178,1.09189,3404,15,1748550000
2016-04-04 06:00:00,1.09188,1.09201,1.09125,1.0919,2500,16,791350000
2016-04-04 08:00:00,1.09194,1.09244,1.09156,1.09181,6604,15,8590148000
2016-04-04 10:00:00,1.09181,1.09238,1.09141,1.09217,12871,15,27524750000
2016-04-04 12:00:00,1.09216,1.09227,1.09133,1.092,9211,15,18051600000
2016-04-04 14:00:00,1.09202,1.09234,1.09111,1.09159,11616,15,15702450000
2016-04-04 16:00:00,1.09158,1.09292,1.09149,1.09211,18064,15,21640600000
2016-04-04 18:00:00,1.09211,1.09279,1.09163,1.09214,12397,15,14649150000
2016-04-04 20:00:00,1.09215,1.09317,1.09201,1.09257,6099,15,8524087000
2016-04-04 22:00:00,1.09256,1.09313,1.09183,1.09185,4803,15,7910300000
2016-04-05 00:00:00,1.09185,1.0925,1.09105,1.09204,1705,16,1587050000
2016-04-05 02:00:00,1.09204,1.09231,1.09188,1.09219,3604,15,2044500000
2016-04-05 04:00:00,1.09219,1.09245,1.0919,1.09199,4653,15,2724750000
2016-04-05 06:00:00,1.09197,1.09225,1.09189,1.09218,3692,16,2267050000
2016-04-05 08:00:00,1.0922,1.0922,1.09129,1.09133,8120,15,8423649000
2016-04-05 10:00:00,1.09133,1.09137,1.08861,1.09079,15425,15,22022097000
2016-04-05 12:00:00,1.09078,1.0909,1.08843,1.08865,10688,15,24822050000
2016-04-05 14:00:00,1.08865,1.08972,1.0884,1.08869,13635,15,22159850000
2016-04-05 16:00:00,1.0887,1.08952,1.08775,1.08896,18200,15,28339443000
2016-04-05 18:00:00,1.08898,1.08947,1.08845,1.08857,15867,15,19816250000
2016-04-05 20:00:00,1.08858,1.08929,1.08832,1.08853,7545,15,11662750000
2016-04-05 22:00:00,1.08853,1.0891,1.08803,1.08821,5448,15,7320200000
2016-04-06 00:00:00,1.08761,1.08862,1.08761,1.08846,1776,22,1395300000
2016-04-06 02:00:00,1.08846,1.08911,1.08838,1.0885,3533,15,2550750000
2016-04-06 04:00:00,1.0885,1.08887,1.08805,1.08823,4672,15,3687700000
2016-04-06 06:00:00,1.08812,1.08855,1.08809,1.08823,2076,15,1425550000
2016-04-06 08:00:00,1.08822,1.08908,1.08804,1.08891,6601,15,7802750000
2016-04-06 10:00:00,1.08891,1.0908,1.0887,1.09048,12343,15,17302400000
2016-04-06 12:00:00,1.09046,1.09081,1.08947,1.08956,9622,15,11514550000
2016-04-06 14:00:00,1.08955,1.09043,1.08838,1.08902,15041,15,18284950000
2016-04-06 16:00:00,1.08903,1.09033,1.08811,1.08888,20253,15,28619996000
2016-04-06 18:00:00,1.08887,1.09061,1.08824,1.09014,16966,15,20424950000
2016-04-06 20:00:00,1.09015,1.09117,1.08969,1.08992,10403,15,11327200000
2016-04-06 22:00:00,1.08992,1.08997,1.08911,1.08919,4732,15,5959550000
2016-04-07 00:00:00,1.08927,1.08978,1.08896,1.08947,2439,15,3415389000
2016-04-07 02:00:00,1.08947,1.09013,1.08942,1.09013,3637,15,3237500000
2016-04-07 04:00:00,1.09014,1.09014,1.08914,1.08915,6889,15,5480900000
2016-04-07 06:00:00,1.08915,1.08958,1.08891,1.08891,4047,15,3391950000
2016-04-07 08:00:00,1.0889,1.09064,1.0889,1.09009,10355,15,8757444000
2016-04-07 10:00:00,1.09008,1.09023,1.08794,1.08833,15088,15,28633550000
2016-04-07 12:00:00,1.08832,1.08989,1.08807,1.08855,13896,15,28440400000
2016-04-07 14:00:00,1.08855,1.08911,1.08745,1.0877,16547,15,25374950000
2016-04-07 16:00:00,1.08772,1.08772,1.08427,1.08664,23908,15,28046798000
2016-04-07 18:00:00,1.08663,1.08801,1.08648,1.08696,12625,15,19236650000
2016-04-07 20:00:00,1.08696,1.08754,1.08659,1.08703,7705,15,15317300000
2016-04-07 22:00:00,1.08701,1.08777,1.08678,1.0876,4833,15,6341300000
2016-04-08 00:00:00,1.08719,1.08759,1.08639,1.08749,3999,15,4128300000
2016-04-08 02:00:00,1.08744,1.08783,1.08702,1.08738,5462,15,5018350000
2016-04-08 04:00:00,1.08736,1.08767,1.08665,1.08679,5655,15,4530350000
2016-04-08 06:00:00,1.08678,1.08754,1.08666,1.08748,2975,15,2061600000
2016-04-08 08:00:00,1.08748,1.08792,1.08721,1.08781,6716,15,6548250000
2016-04-08 10:00:00,1.08782,1.08882,1.08676,1.08877,14403,15,20807750000
2016-04-08 12:00:00,1.08876,1.08941,1.08763,1.08874,10498,15,14402000000
2016-04-08 14:00:00,1.08874,1.08881,1.08633,1.08694,11487,15,15858542000
2016-04-08 16:00:00,1.08694,1.08802,1.08594,1.08712,19339,15,23806000000
2016-04-08 18:00:00,1.08712,1.088,1.08673,1.08753,13365,15,16117300000
2016-04-08 20:00:00,1.08752,1.08807,1.08697,1.08697,6824,15,12019200000
2016-04-08 22:00:00,1.08698,1.08752,1.08604,1.08604,4523,15,10716300000
2016-04-11 00:00:00,1.08542,1.08755,1.08491,1.0873,3144,15,2696246000
2016-04-11 02:00:00,1.0873,1.08753,1.08657,1.08667,4406,15,2199900000
2016-04-11 04:00:00,1.08665,1.08735,1.08654,1.08696,4747,15,5585100000
2016-04-11 06:00:00,1.08698,1.08738,1.08665,1.08703,2354,15,2145200000
2016-04-11 08:00:00,1.08702,1.0878,1.08699,1.08755,4687,15,3852197000
2016-04-11 10:00:00,1.0876,1.0887,1.08634,1.08834,14631,15,24506050000
2016-04-11 12:00:00,1.08834,1.08962,1.08772,1.08941,10409,15,9952250000
2016-04-11 14:00:00,1.08942,1.08981,1.08744,1.08829,11967,15,13689900000
2016-04-11 16:00:00,1.08828,1.08849,1.0871,1.08845,18647,15,23681800000
2016-04-11 18:00:00,1.08844,1.08878,1.08768,1.08863,12616,15,14218147000
2016-04-11 20:00:00,1.08863,1.08882,1.08798,1.08855,6714,15,10157950000
2016-04-11 22:00:00,1.08856,1.08907,1.08811,1.08874,4794,15,12131600000
2016-04-12 00:00:00,1.08722,1.08913,1.08722,1.08903,3121,15,3876450000
2016-04-12 02:00:00,1.08902,1.08922,1.08846,1.08882,3694,15,3544950000
2016-04-12 04:00:00,1.08883,1.08918,1.08833,1.08856,4038,15,2779700000
2016-04-12 06:00:00,1.08855,1.08857,1.08816,1.08848,2575,15,1629200000
2016-04-12 08:00:00,1.08848,1.08864,1.08739,1.08798,6480,15,6296900000
2016-04-12 10:00:00,1.08798,1.08903,1.08722,1.08743,15650,15,16679450000
2016-04-12 12:00:00,1.08743,1.08877,1.08733,1.08776,11420,15,13037800000
2016-04-12 14:00:00,1.08775,1.08853,1.08718,1.08773,13477,15,20594500000
2016-04-12 16:00:00,1.08773,1.08924,1.08765,1.08862,20719,15,22954337000
2016-04-12 18:00:00,1.08861,1.08906,1.08748,1.08766,13652,15,15703200000
2016-04-12 20:00:00,1.08767,1.08831,1.0875,1.0882,7020,15,9142800000
2016-04-12 22:00:00,1.0882,1.08828,1.08726,1.08738,4899,15,11525350000
2016-04-13 00:00:00,1.0871,1.08774,1.08684,1.08763,4408,21,4112300000
2016-04-13 02:00:00,1.08764,1.08783,1.08726,1.0874,2831,16,2315100000
2016-04-13 04:00:00,1.0874,1.08787,1.08701,1.08757,5419,15,4360500000
2016-04-13 06:00:00,1.08755,1.08784,1.08744,1.08769,2005,17,1593250000
2016-04-13 08:00:00,1.08769,1.08802,1.08732,1.08801,8165,15,8091850000
2016-04-13 10:00:00,1.08798,1.08889,1.08756,1.08841,14734,15,19318050000
2016-04-13 12:00:00,1.08841,1.08867,1.08745,1.08837,13743,15,20492750000
2016-04-13 14:00:00,1.08837,1.08943,1.08799,1.08893,16146,15,26896440000
2016-04-13 16:00:00,1.08893,1.08953,1.08854,1.08884,19315,15,22099150000
2016-04-13 18:00:00,1.08884,1.08988,1.08825,1.08954,12409,15,17410382000
2016-04-13 20:00:00,1.08953,1.091,1.08933,1.09094,6918,15,8607489000
2016-04-13 22:00:00,1.09093,1.09106,1.08955,1.08967,5520,15,7586200000
2016-04-14 00:00:00,1.08988,1.09035,1.08939,1.0901,3704,15,4275350000
2016-04-14 02:00:00,1.0901,1.09019,1.0895,1.0896,4065,15,2445350000
2016-04-14 04:00:00,1.08961,1.0897,1.08904,1.08922,6471,15,6349100000
2016-04-14 06:00:00,1.08918,1.08941,1.08884,1.08886,3176,17,2382050000
2016-04-14 08:00:00,1.08887,1.08939,1.08855,1.08887,6608,15,6413600000
2016-04-14 10:00:00,1.08887,1.0889,1.08779,1.0885,14663,15,17836600000
2016-04-14 12:00:00,1.0885,1.08879,1.08657,1.08709,12179,15,13845939000
2016-04-14 14:00:00,1.08709,1.08886,1.0869,1.08823,14279,15,17363528000
2016-04-14 16:00:00,1.08824,1.08983,1.0882,1.08936,17624,15,24890370000
2016-04-14 18:00:00,1.08937,1.08953,1.08853,1.08891,9997,15,14102175000
2016-04-14 20:00:00,1.08892,1.08937,1.08853,1.08926,6414,15,11210650000
2016-04-14 22:00:00,1.08926,1.08937,1.08837,1.08908,5780,15,7784950000
2016-04-15 00:00:00,1.08893,1.08931,1.08796,1.08882,3175,15,2647800000
2016-04-15 02:00:00,1.08882,1.08909,1.08843,1.08893,3935,17,2751850000
2016-04-15 04:00:00,1.08892,1.08972,1.08878,1.0891,3159,16,2515200000
2016-04-15 06:00:00,1.0891,1.08973,1.08887,1.08955,3069,18,2910449000
2016-04-15 08:00:00,1.08957,1.08969,1.08876,1.08937,4807,15,5891750000
2016-04-15 10:00:00,1.08938,1.09053,1.08893,1.08982,12023,15,19222897000
2016-04-15 12:00:00,1.08981,1.09266,1.08915,1.09097,9613,15,10848367000
2016-04-15 14:00:00,1.09097,1.09236,1.09027,1.09087,11435,15,14269449000
2016-04-15 16:00:00,1.09085,1.09229,1.09078,1.09198,15084,15,19749050000
2016-04-15 18:00:00,1.09198,1.0924,1.09124,1.09132,10197,15,13758304000
2016-04-15 20:00:00,1.09133,1.09231,1.0912,1.09223,6378,15,12036243000
2016-04-15 22:00:00,1.09219,1.09264,1.09161,1.09161,3291,15,3823900000
2016-04-18 00:00:00,1.09076,1.09217,1.08935,1.09193,3313,15,2413180000
2016-04-18 02:00:00,1.09198,1.09227,1.0915,1.09205,6039,15,2995300000
2016-04-18 04:00:00,1.09205,1.09205,1.09119,1.09149,5324,15,2971400000
2016-04-18 06:00:00,1.09147,1.09168,1.0911,1.09142,3066,15,2652650000
2016-04-18 08:00:00,1.09143,1.09168,1.09074,1.09111,7469,15,7366549000
2016-04-18 10:00:00,1.0911,1.09185,1.09066,1.09085,12840,15,15427206000
2016-04-18 12:00:00,1.09086,1.09137,1.0907,1.09115,8298,15,11323950000
2016-04-18 14:00:00,1.09114,1.09221,1.09077,1.09165,11008,15,17116214000
2016-04-18 16:00:00,1.09165,1.09201,1.09063,1.09108,14647,15,18428342000
2016-04-18 18:00:00,1.09108,1.09127,1.09021,1.09054,8112,15,8648100000
2016-04-18 20:00:00,1.09054,1.09131,1.09047,1.0912,5330,15,9954625000
2016-04-18 22:00:00,1.09118,1.09145,1.09066,1.09066,3205,15,6577795000
2016-04-19 00:00:00,1.09053,1.09139,1.09023,1.09118,2055,15,1678650000
2016-04-19 02:00:00,1.09116,1.09116,1.09046,1.09087,3287,15,1835400000
2016-04-19 04:00:00,1.09085,1.09135,1.09054,1.09068,2815,15,1797550000
2016-04-19 06:00:00,1.09068,1.09112,1.09049,1.09107,2125,15,1491200000
2016-04-19 08:00:00,1.09106,1.09121,1.09027,1.09091,6210,15,5093431000
2016-04-19 10:00:00,1.09089,1.09217,1.09064,1.09183,11401,15,14879106000
2016-04-19 12:00:00,1.09184,1.09224,1.09135,1.09207,10116,15,14954721000
2016-04-19 14:00:00,1.09208,1.0926,1.09146,1.09168,12022,15,13663132000
2016-04-19 16:00:00,1.09168,1.09285,1.09151,1.09195,16286,15,19776883000
2016-04-19 18:00:00,1.09195,1.09217,1.09089,1.09214,10623,15,11848092000
2016-04-19 20:00:00,1.09216,1.09252,1.09196,1.09252,5570,15,7196415000
2016-04-19 22:00:00,1.09252,1.09258,1.09203,1.09221,4699,15,4985157000
2016-04-20 00:00:00,1.09211,1.09271,1.09188,1.09254,2244,20,1344050000
2016-04-20 02:00:00,1.09254,1.09269,1.09207,1.09239,2198,17,1632900000
2016-04-20 04:00:00,1.09239,1.09262,1.09212,1.0925,2182,16,1201650000
2016-04-20 06:00:00,1.09251,1.09287,1.09224,1.09261,2748,15,1634247000
2016-04-20 08:00:00,1.0926,1.09265,1.09195,1.09224,6647,15,7229050000
2016-04-20 10:00:00,1.09223,1.09269,1.09187,1.09266,12196,15,16090450000
2016-04-20 12:00:00,1.09264,1.09347,1.09173,1.09217,11404,15,12505226000
2016-04-20 14:00:00,1.09217,1.09395,1.0919,1.09366,11904,15,12627401000
2016-04-20 16:00:00,1.09367,1.09466,1.09289,1.09461,16855,15,17387298000
2016-04-20 18:00:00,1.09459,1.09713,1.09399,1.09696,14284,15,14195792000
2016-04-20 20:00:00,1.09695,1.09834,1.09644,1.0974,9718,15,13334697000
2016-04-20 22:00:00,1.09741,1.09891,1.09741,1.09789,6345,15,5385994000
2016-04-21 00:00:00,1.09786,1.0983,1.09695,1.09772,2877,15,3339700000
2016-04-21 02:00:00,1.09772,1.09792,1.09731,1.09731,2766,15,1822600000
2016-04-21 04:00:00,1.09731,1.09776,1.09684,1.09693,3778,15,2666850000
2016-04-21 06:00:00,1.09692,1.09719,1.09673,1.09685,2561,15,1641750000
2016-04-21 08:00:00,1.09685,1.0971,1.09625,1.09646,7773,15,4931848000
2016-04-21 10:00:00,1.09645,1.09731,1.09631,1.09669,15002,15,19753077000
2016-04-21 12:00:00,1.09669,1.0992,1.09666,1.09909,12226,15,12344635000
2016-04-21 14:00:00,1.09909,1.09995,1.09792,1.0985,19260,15,26362716000
2016-04-21 16:00:00,1.0985,1.09989,1.09724,1.09804,21651,15,25679519000
2016-04-21 18:00:00,1.09804,1.09913,1.09731,1.09886,11121,15,11028450000
2016-04-21 20:00:00,1.09885,1.10065,1.09885,1.10018,6583,15,6753550000
2016-04-21 22:00:00,1.10019,1.10063,1.09979,1.10047,4266,15,3974150000
2016-04-22 00:00:00,1.10037,1.10076,1.0994,1.10044,3029,22,2560600000
2016-04-22 02:00:00,1.1004,1.10074,1.10007,1.10018,2512,15,1117450000
2016-04-22 04:00:00,1.10019,1.10074,1.10013,1.10037,2738,15,1723250000
2016-04-22 06:00:00,1.10038,1.10055,1.10009,1.10047,3554,15,1885850000
2016-04-22 08:00:00,1.10047,1.10112,1.10045,1.10081,7416,15,6882750000
2016-04-22 10:00:00,1.10081,1.1016,1.10035,1.1012,13969,15,16041650000
2016-04-22 12:00:00,1.10119,1.10139,1.09933,1.0999,12388,15,17804750000
2016-04-22 14:00:00,1.0999,1.10033,1.09851,1.09946,14417,15,18089435000
2016-04-22 16:00:00,1.09947,1.10031,1.09814,1.09814,18148,15,26478997000
2016-04-22 18:00:00,1.09814,1.09901,1.09771,1.09828,12500,15,14756900000
2016-04-22 20:00:00,1.09826,1.09944,1.09799,1.09877,6943,15,8178100000
2016-04-22 22:00:00,1.09877,1.09897,1.09725,1.09725,4362,15,4686600000
2016-04-25 00:00:00,1.09795,1.09912,1.09763,1.09871,3732,26,4051988000
2016-04-25 02:00:00,1.09871,1.09903,1.09801,1.09807,4864,15,3520500000
2016-04-25 04:00:00,1.09807,1.09847,1.09803,1.09811,3223,15,2098350000
2016-04-25 06:00:00,1.09813,1.09838,1.09803,1.0981,1878,15,1335950000
2016-04-25 08:00:00,1.09809,1.09858,1.09771,1.09787,6031,15,5500250000
2016-04-25 10:00:00,1.09787,1.09884,1.09721,1.09779,12146,15,16386248000
2016-04-25 12:00:00,1.09777,1.09795,1.09635,1.09682,9641,15,11308450000
2016-04-25 14:00:00,1.09682,1.09738,1.09646,1.09708,10414,15,13190700000
2016-04-25 16:00:00,1.09706,1.09775,1.09693,1.09759,12876,15,18047950000
2016-04-25 18:00:00,1.0976,1.09864,1.09754,1.09839,9215,15,10345591000
2016-04-25 20:00:00,1.09838,1.09933,1.09834,1.09899,5868,15,8792345000
2016-04-25 22:00:00,1.09898,1.09922,1.09836,1.09842,4219,15,4500750000
2016-04-26 00:00:00,1.09836,1.09901,1.09771,1.09846,2364,18,2272300000
2016-04-26 02:00:00,1.09846,1.09887,1.09828,1.09845,2923,15,2187850000
2016-04-26 04:00:00,1.09846,1.0987,1.09818,1.09843,3076,15,1387850000
2016-04-26 06:00:00,1.09845,1.09872,1.09821,1.09841,2600,16,1553200000
2016-04-26 08:00:00,1.09842,1.09901,1.09819,1.09881,5509,15,4364900000
2016-04-26 10:00:00,1.09881,1.10003,1.09877,1.09939,12843,15,16438972000
2016-04-26 12:00:00,1.09938,1.10012,1.09922,1.10008,9778,15,17751700000
2016-04-26 14:00:00,1.10008,1.10028,1.09928,1.09939,12157,15,17810100000
2016-04-26 16:00:00,1.09936,1.10025,1.09903,1.09978,15217,15,20677147000
2016-04-26 18:00:00,1.09978,1.10016,1.0992,1.09963,8708,15,10713300000
2016-04-26 20:00:00,1.09961,1.10001,1.09912,1.09994,5918,15,4674250000
2016-04-26 22:00:00,1.09994,1.10009,1.09945,1.09971,4854,15,6986946000
2016-04-27 00:00:00,1.09971,1.1002,1.09916,1.1,1930,15,1895100000
2016-04-27 02:00:00,1.10001,1.10024,1.09986,1.1002,2470,15,1865050000
2016-04-27 04:00:00,1.10023,1.10029,1.09999,1.10013,2924,15,1750500000
2016-04-27 06:00:00,1.10012,1.10025,1.09988,1.10008,2568,15,2446900000
2016-04-27 08:00:00,1.10007,1.10027,1.09946,1.10012,6171,15,7011448000
2016-04-27 10:00:00,1.10006,1.10091,1.09998,1.1009,12707,15,18181550000
2016-04-27 12:00:00,1.10086,1.10089,1.09927,1.09996,9863,15,15751900000
2016-04-27 14:00:00,1.09995,1.10051,1.09914,1.10039,11742,15,17560500000
2016-04-27 16:00:00,1.10039,1.1009,1.10004,1.10014,14135,15,20810650000
2016-04-27 18:00:00,1.10014,1.10018,1.09899,1.09949,9554,15,13027850000
2016-04-27 20:00:00,1.0995,1.10032,1.09892,1.09951,14564,15,17642500000
2016-04-27 22:00:00,1.09951,1.10015,1.0991,1.09917,6828,15,6154400000
2016-04-28 00:00:00,1.0991,1.10021,1.09904,1.09961,6843,23,7820650000
2016-04-28 02:00:00,1.0996,1.10002,1.09918,1.09948,3317,15,2011700000
2016-04-28 04:00:00,1.09946,1.09976,1.09929,1.09943,4720,15,3156600000
2016-04-28 06:00:00,1.09943,1.10048,1.09906,1.09944,9416,15,5572950000
2016-04-28 08:00:00,1.09945,1.09957,1.09802,1.09826,10652,15,9641400000
2016-04-28 10:00:00,1.09826,1.09873,1.09736,1.09782,14761,15,18962250000
2016-04-28 12:00:00,1.09783,1.0987,1.09689,1.09706,10733,15,15857850000
2016-04-28 14:00:00,1.09706,1.09784,1.09661,1.09716,13075,15,18766000000
2016-04-28 16:00:00,1.09716,1.09848,1.09651,1.09691,16934,15,21749500000
2016-04-28 18:00:00,1.09694,1.09744,1.09644,1.09675,9604,15,10708621000
2016-04-28 20:00:00,1.09675,1.09748,1.0964,1.09685,7050,15,8520250000
2016-04-28 22:00:00,1.09685,1.09775,1.09664,1.09709,6388,15,6271250000
2016-04-29 00:00:00,1.09709,1.09748,1.09641,1.09744,3536,15,3291450000
2016-04-29 02:00:00,1.09743,1.0978,1.09714,1.09716,3256,15,1686250000
2016-04-29 04:00:00,1.09716,1.09807,1.09708,1.09763,5289,15,3913950000
2016-04-29 06:00:00,1.09765,1.09773,1.09708,1.09743,2933,15,1953650000
2016-04-29 08:00:00,1.09743,1.09775,1.09652,1.09669,6653,15,6175800000
2016-04-29 10:00:00,1.09671,1.09754,1.09553,1.09589,14082,15,18932350000
2016-04-29 12:00:00,1.09588,1.09705,1.09579,1.09671,10518,15,17465750000
2016-04-29 14:00:00,1.0967,1.09927,1.09652,1.09876,14475,15,20303250000
2016-04-29 16:00:00,1.09876,1.09936,1.09544,1.09802,18100,15,22966100000
2016-04-29 18:00:00,1.09801,1.09853,1.09745,1.09771,15277,15,24405450000
2016-04-29 20:00:00,1.09771,1.09854,1.09742,1.0983,10991,15,16666250000
2016-04-29 22:00:00,1.09833,1.09879,1.0972,1.09827,6763,15,6422900000
2016-05-02 00:00:00,1.09718,1.09925,1.09713,1.09888,6947,16,6787400000
2016-05-02 02:00:00,1.09887,1.09953,1.09853,1.09947,6956,15,6380350000
2016-05-02 04:00:00,1.09946,1.09958,1.09912,1.09941,3293,15,1947800000
2016-05-02 06:00:00,1.09942,1.09959,1.09939,1.09947,2272,15,1172098000
2016-05-02 08:00:00,1.09948,1.1003,1.09927,1.09988,4826,15,4413850000
2016-05-02 10:00:00,1.09988,1.10066,1.09937,1.10024,8368,15,12788500000
2016-05-02 12:00:00,1.10024,1.1004,1.09943,1.10036,8349,15,11976150000
2016-05-02 14:00:00,1.10035,1.1004,1.09932,1.10003,10687,15,13691250000
2016-05-02 16:00:00,1.10003,1.10068,1.09912,1.09963,18598,15,24347550000
2016-05-02 18:00:00,1.09963,1.10071,1.09875,1.09948,12100,15,15818150000
2016-05-02 20:00:00,1.09948,1.10055,1.09919,1.10011,7948,15,9522250000
2016-05-02 22:00:00,1.10011,1.1009,1.09997,1.10038,5544,15,6188647000
2016-05-03 00:00:00,1.10013,1.1008,1.09966,1.10056,2535,20,1754350000
2016-05-03 02:00:00,1.10056,1.10094,1.10046,1.10057,4029,15,2498500000
2016-05-03 04:00:00,1.10058,1.10097,1.10028,1.10045,3452,15,1692700000
2016-05-03 06:00:00,1.10045,1.10079,1.10001,1.10067,5478,17,4377200000
2016-05-03 08:00:00,1.10067,1.10163,1.10026,1.10036,9475,15,9257600000
2016-05-03 10:00:00,1.10038,1.10069,1.0959,1.09742,20032,15,33938306000
2016-05-03 12:00:00,1.09741,1.09784,1.09618,1.09758,12648,15,21674700000
2016-05-03 14:00:00,1.09759,1.09815,1.09676,1.09724,15618,15,21279300000
2016-05-03 16:00:00,1.09725,1.09828,1.09659,1.09735,19320,15,25617300000
2016-05-03 18:00:00,1.09734,1.09846,1.09706,1.09756,13423,15,19083100000
2016-05-03 20:00:00,1.09756,1.09813,1.0971,1.09767,9467,15,15594970000
2016-05-03 22:00:00,1.09767,1.09817,1.09721,1.09731,6129,15,8167200000
2016-05-04 00:00:00,1.09699,1.09791,1.09672,1.09709,4948,18,5145850000
2016-05-04 02:00:00,1.09707,1.09741,1.0969,1.09735,3016,19,1551250000
2016-05-04 04:00:00,1.09737,1.09864,1.09704,1.09818,5677,15,3215050000
2016-05-04 06:00:00,1.09818,1.09894,1.09796,1.09883,3346,16,2727650000
2016-05-04 08:00:00,1.09883,1.0991,1.09804,1.09822,6790,15,6721650000
2016-05-04 10:00:00,1.09823,1.0988,1.09727,1.09748,14581,15,18489040000
2016-05-04 12:00:00,1.09748,1.09864,1.09704,1.09802,11974,15,16042300000
2016-05-04 14:00:00,1.09802,1.09952,1.09798,1.09871,17535,15,22857899000
2016-05-04 16:00:00,1.09871,1.10012,1.0985,1.10005,21632,15,27276800000
2016-05-04 18:00:00,1.10004,1.10033,1.09925,1.09942,13698,15,17538250000
2016-05-04 20:00:00,1.09942,1.10006,1.0994,1.09958,7610,15,9790300000
2016-05-04 22:00:00,1.09958,1.09996,1.0995,1.0999,4998,15,4497050000
2016-05-05 00:00:00,1.09988,1.10013,1.09924,1.09977,6243,17,5993400000
2016-05-05 02:00:00,1.09977,1.10005,1.09957,1.09991,2596,19,1827500000
2016-05-05 04:00:00,1.09991,1.10033,1.09984,1.10023,2834,15,1945750000
2016-05-05 06:00:00,1.10023,1.10051,1.10009,1.10032,3014,15,2525650000
2016-05-05 08:00:00,1.10032,1.10087,1.09999,1.09999,5173,15,4429267000
2016-05-05 10:00:00,1.09995,1.10041,1.09948,1.0998,12348,15,16304700000
2016-05-05 12:00:00,1.0998,1.10221,1.09979,1.10158,11044,15,14178396000
2016-05-05 14:00:00,1.10158,1.102,1.10114,1.10124,14320,15,18179348000
2016-05-05 16:00:00,1.10124,1.10399,1.10092,1.10339,20282,15,20161936000
2016-05-05 18:00:00,1.10338,1.1049,1.10289,1.10466,12882,15,15599924000
2016-05-05 20:00:00,1.10467,1.10469,1.10399,1.10437,8449,15,12296250000
2016-05-05 22:00:00,1.10438,1.10438,1.10354,1.1036,5458,15,8551200000
2016-05-06 00:00:00,1.1031,1.10413,1.1031,1.10364,2336,15,4354250000
2016-05-06 02:00:00,1.10365,1.10385,1.10332,1.10359,3695,15,2298800000
2016-05-06 04:00:00,1.10359,1.10447,1.10353,1.10415,3873,16,2937400000
2016-05-06 06:00:00,1.10415,1.1046,1.10411,1.10432,1983,17,755550000
2016-05-06 08:00:00,1.1043,1.1054,1.10419,1.10487,6846,15,4489385000
2016-05-06 10:00:00,1.10484,1.10534,1.10427,1.10454,13973,15,18219100000
2016-05-06 12:00:00,1.10453,1.10666,1.10415,1.10631,10831,15,13025000000
2016-05-06 14:00:00,1.10631,1.10807,1.10558,1.10648,18045,15,20171800000
2016-05-06 16:00:00,1.10648,1.10925,1.10643,1.10767,21689,15,30351050000
2016-05-06 18:00:00,1.10768,1.10799,1.1066,1.10702,10864,15,13589049000
2016-05-06 20:00:00,1.10704,1.10788,1.10695,1.10769,9526,15,10058900000
2016-05-06 22:00:00,1.10772,1.1092,1.10768,1.10819,5474,15,5788840000
2016-05-09 00:00:00,1.10775,1.1087,1.10673,1.10817,2286,16,1926350000
2016-05-09 02:00:00,1.10819,1.10833,1.10737,1.10765,4645,15,3257700000
2016-05-09 04:00:00,1.10765,1.10832,1.1076,1.10786,4363,15,3422550000
2016-05-09 06:00:00,1.10786,1.10827,1.10748,1.10772,3104,17,1838950000
2016-05-09 08:00:00,1.10773,1.10807,1.10702,1.10728,6615,15,5734950000
2016-05-09 10:00:00,1.10728,1.10729,1.10376,1.10405,11947,15,16131900000
2016-05-09 12:00:00,1.10401,1.1049,1.10368,1.10396,9601,15,15182300000
2016-05-09 14:00:00,1.10396,1.1055,1.10363,1.10505,12708,15,18560600000
2016-05-09 16:00:00,1.10505,1.10661,1.10451,1.10604,15288,15,19837700000
2016-05-09 18:00:00,1.10604,1.10629,1.10536,1.10541,8611,15,12962650000
2016-05-09 20:00:00,1.10541,1.10584,1.10524,1.10563,4503,15,7970550000
2016-05-09 22:00:00,1.10566,1.10567,1.10505,1.10527,4145,15,7720550000
2016-05-10 00:00:00,1.10502,1.10576,1.10494,1.10557,2813,17,2604650000
2016-05-10 02:00:00,1.10558,1.10574,1.1051,1.10516,2713,15,1179650000
2016-05-10 04:00:00,1.10518,1.10572,1.10509,1.10547,4115,15,3590200000
2016-05-10 06:00:00,1.10547,1.10599,1.10515,1.10597,3102,16,2603598000
2016-05-10 08:00:00,1.10596,1.10612,1.10546,1.1055,5641,15,5978450000
2016-05-10 10:00:00,1.10549,1.107,1.10508,1.10667,11746,15,15220750000
2016-05-10 12:00:00,1.10667,1.10886,1.10652,1.10795,10473,15,14105800000
2016-05-10 14:00:00,1.10795,1.10883,1.10685,1.10877,13626,15,17250399000
2016-05-10 16:00:00,1.10877,1.1103,1.1077,1.10917,15963,15,19318000000
2016-05-10 18:00:00,1.10917,1.11008,1.10899,1.10977,9386,15,12822819000
2016-05-10 20:00:00,1.10976,1.11019,1.10895,1.1093,6304,15,8561250000
2016-05-10 22:00:00,1.10927,1.10994,1.10902,1.10971,4226,15,4990146000
2016-05-11 00:00:00,1.1093,1.11,1.10909,1.10941,2580,15,2554000000
2016-05-11 02:00:00,1.10941,1.10955,1.10916,1.10939,2793,15,2475350000
2016-05-11 04:00:00,1.10939,1.10973,1.10862,1.10887,4201,15,2808150000
2016-05-11 06:00:00,1.1089,1.10906,1.10857,1.10898,2261,19,1531100000
2016-05-11 08:00:00,1.10901,1.10907,1.10818,1.1083,4901,15,5095047000
2016-05-11 10:00:00,1.10829,1.10932,1.10799,1.10931,11195,15,17677000000
2016-05-11 12:00:00,1.1093,1.11074,1.10888,1.11045,8606,15,12819397000
2016-05-11 14:00:00,1.11045,1.11076,1.10937,1.10961,10240,15,15790200000
2016-05-11 16:00:00,1.10961,1.11042,1.10939,1.10981,15139,15,22394183000
2016-05-11 18:00:00,1.1098,1.11063,1.10963,1.11017,10942,15,14852450000
2016-05-11 20:00:00,1.11018,1.11031,1.10913,1.10945,6711,15,10806900000
2016-05-11 22:00:00,1.10945,1.10968,1.10921,1.10921,3769,15,5232700000
2016-05-12 00:00:00,1.10921,1.10963,1.10866,1.10955,3349,15,2530100000
2016-05-12 02:00:00,1.10959,1.10974,1.10905,1.10932,2738,16,1676050000
2016-05-12 04:00:00,1.10931,1.10944,1.10867,1.10876,3551,15,2481500000
2016-05-12 06:00:00,1.10876,1.10954,1.10873,1.10944,2079,16,1355900000
2016-05-12 08:00:00,1.10941,1.10977,1.10879,1.10932,5255,15,6082650000
2016-05-12 10:00:00,1.10933,1.10937,1.10547,1.10654,11715,15,18333550000
2016-05-12 12:00:00,1.10654,1.10658,1.10492,1.1059,11012,15,20725800000
2016-05-12 14:00:00,1.10593,1.10658,1.10498,1.10498,12645,15,22228850000
2016-05-12 16:00:00,1.10498,1.10548,1.10258,1.10264,16277,15,27626739000
2016-05-12 18:00:00,1.10262,1.10433,1.10257,1.10343,11396,15,18648171000
2016-05-12 20:00:00,1.10343,1.10423,1.10307,1.10413,6942,15,11653650000
2016-05-12 22:00:00,1.10411,1.10458,1.10375,1.10405,4462,15,6965200000
2016-05-13 00:00:00,1.10205,1.10452,1.10204,1.10426,3129,15,3216900000
2016-05-13 02:00:00,1.10425,1.10499,1.10411,1.10461,4012,15,4042400000
2016-05-13 04:00:00,1.10462,1.10462,1.10402,1.10412,3286,15,2963900000
2016-05-13 06:00:00,1.10411,1.10476,1.10409,1.10464,2057,15,1352200000
2016-05-13 08:00:00,1.10464,1.10502,1.10338,1.10387,6689,15,7919500000
2016-05-13 10:00:00,1.10389,1.10412,1.10161,1.10166,12881,15,22107994000
2016-05-13 12:00:00,1.10166,1.10319,1.10143,1.10273,8496,15,14022850000
2016-05-13 14:00:00,1.10275,1.10335,1.10184,1.10335,12979,15,18984350000
2016-05-13 16:00:00,1.10335,1.10388,1.10222,1.10246,19282,15,29775557000
2016-05-13 18:00:00,1.10246,1.10288,1.10159,1.10265,11834,15,19453400000
2016-05-13 20:00:00,1.10265,1.10303,1.10215,1.10236,7938,15,10792600000
2016-05-13 22:00:00,1.10236,1.10312,1.09797,1.09797,4029,15,5301450000
2016-05-16 00:00:00,1.10169,1.10331,1.10006,1.10323,2648,19,3251465000
2016-05-16 02:00:00,1.10323,1.10412,1.10309,1.1031,4870,16,4943850000
2016-05-16 04:00:00,1.10308,1.10419,1.10307,1.10376,4369,15,4110550000
2016-05-16 06:00:00,1.10376,1.10439,1.1037,1.104,2220,16,2085796000
2016-05-16 08:00:00,1.104,1.10447,1.10382,1.10391,5222,15,5868440000
2016-05-16 10:00:00,1.1039,1.10482,1.10381,1.10477,9803,15,13943800000
2016-05-16 12:00:00,1.10476,1.1057,1.10438,1.10559,7594,15,12851547000
2016-05-16 14:00:00,1.1056,1.10587,1.10524,1.10555,10085,15,14306650000
2016-05-16 16:00:00,1.10555,1.1065,1.10511,1.10648,12327,15,17952450000
2016-05-16 18:00:00,1.10647,1.10698,1.10589,1.10662,7588,15,11968250000
2016-05-16 20:00:00,1.10662,1.10716,1.10645,1.10688,5050,15,6771350000
2016-05-16 22:00:00,1.10688,1.10709,1.10646,1.10658,3425,15,5594400000
2016-05-17 00:00:00,1.10659,1.10673,1.10597,1.10631,2004,23,2414750000
2016-05-17 02:00:00,1.10632,1.10698,1.10609,1.10668,3588,15,3342564000
2016-05-17 04:00:00,1.10668,1.10693,1.10622,1.10652,4911,15,4302250000
2016-05-17 06:00:00,1.10652,1.10657,1.10617,1.10645,2904,17,3029800000
2016-05-17 08:00:00,1.10646,1.10765,1.10611,1.10706,6645,15,5950250000
2016-05-17 10:00:00,1.10706,1.10791,1.10705,1.10784,11850,15,13612450000
2016-05-17 12:00:00,1.10783,1.10862,1.10727,1.1079,9775,15,11694950000
2016-05-17 14:00:00,1.10791,1.1084,1.10715,1.10798,13317,15,23569510000
2016-05-17 16:00:00,1.10798,1.10803,1.10563,1.10602,19557,15,28055400000
2016-05-17 18:00:00,1.10607,1.10709,1.10569,1.1068,9945,15,16708200000
2016-05-17 20:00:00,1.1068,1.10923,1.10673,1.10889,6853,15,9234590000
2016-05-17 22:00:00,1.10891,1.10947,1.10887,1.10902,4530,15,4966180000
2016-05-18 00:00:00,1.10716,1.10923,1.10716,1.10918,1699,18,707450000
2016-05-18 02:00:00,1.10917,1.10924,1.10847,1.10875,3764,15,2246800000
2016-05-18 04:00:00,1.10875,1.10931,1.10848,1.10885,5427,15,4542450000
2016-05-18 06:00:00,1.10882,1.10914,1.10863,1.10896,3980,18,2949750000
2016-05-18 08:00:00,1.10896,1.10951,1.10741,1.10817,6808,15,8122950000
2016-05-18 10:00:00,1.10819,1.10857,1.10692,1.10764,12732,15,19475246000
2016-05-18 12:00:00,1.1077,1.10932,1.10744,1.1092,10140,15,18110550000
2016-05-18 14:00:00,1.1092,1.10963,1.107,1.10736,14088,15,22682822000
2016-05-18 16:00:00,1.10736,1.10779,1.1064,1.10667,19119,15,26327850000
2016-05-18 18:00:00,1.10667,1.10833,1.10661,1.10806,10852,15,16993250000
2016-05-18 20:00:00,1.10806,1.10846,1.10662,1.10744,14269,15,18693850000
2016-05-18 22:00:00,1.10742,1.10845,1.10686,1.10774,8067,15,8225697000
2016-05-19 00:00:00,1.10655,1.1088,1.10599,1.10858,3007,15,2430300000
2016-05-19 02:00:00,1.10858,1.10878,1.10827,1.10846,3246,16,2370250000
2016-05-19 04:00:00,1.10848,1.10884,1.10809,1.10833,4455,16,2900800000
2016-05-19 06:00:00,1.10832,1.10854,1.10797,1.10832,3400,18,2180150000
2016-05-19 08:00:00,1.10832,1.10849,1.10752,1.10764,7482,15,7835500000
2016-05-19 10:00:00,1.10764,1.10838,1.10705,1.10741,13633,15,21102300000
2016-05-19 12:00:00,1.10741,1.10867,1.10666,1.10846,9363,15,15222396000
2016-05-19 14:00:00,1.10845,1.1095,1.10809,1.10905,14880,15,17660549000
2016-05-19 16:00:00,1.10905,1.10954,1.10747,1.10903,20938,15,25082500000
2016-05-19 18:00:00,1.10904,1.10982,1.10894,1.10948,12317,15,17168700000
2016-05-19 20:00:00,1.10945,1.10959,1.10858,1.10914,7133,15,10049700000
2016-05-19 22:00:00,1.10915,1.10993,1.10911,1.10958,5587,15,7877300000
2016-05-20 00:00:00,1.10749,1.10983,1.10749,1.10982,1423,17,1145450000
2016-05-20 02:00:00,1.10982,1.1103,1.10965,1.11016,2920,15,2456786000
2016-05-20 04:00:00,1.11015,1.11038,1.10982,1.11028,2917,17,2305096000
2016-05-20 06:00:00,1.1103,1.11041,1.11008,1.11013,1675,15,1665150000
2016-05-20 08:00:00,1.11013,1.11206,1.11002,1.11167,5541,15,6098200000
2016-05-20 10:00:00,1.11165,1.11275,1.1103,1.11165,11863,15,17590900000
2016-05-20 12:00:00,1.11165,1.11177,1.11075,1.11146,8426,15,14913350000
2016-05-20 14:00:00,1.11146,1.11277,1.11144,1.11218,11238,15,16022050000
2016-05-20 16:00:00,1.11218,1.1128,1.11142,1.11264,14664,15,20457650000
2016-05-20 18:00:00,1.11264,1.1128,1.11118,1.11141,9392,15,15436100000
2016-05-20 20:00:00,1.11142,1.11163,1.11073,1.11155,5847,15,9470550000
2016-05-20 22:00:00,1.11155,1.11195,1.10923,1.10923,3456,15,5823400000
2016-05-23 00:00:00,1.10884,1.11161,1.10884,1.11144,3014,18,3282200000
2016-05-23 02:00:00,1.11143,1.11225,1.1114,1.11171,4314,15,3490800000
2016-05-23 04:00:00,1.11171,1.11205,1.11123,1.11167,4488,15,4291000000
2016-05-23 06:00:00,1.11165,1.11199,1.11093,1.11153,3942,15,2637100000
2016-05-23 08:00:00,1.11152,1.1118,1.11078,1.11119,5408,15,4966500000
2016-05-23 10:00:00,1.11116,1.11136,1.11021,1.11101,12008,15,16128350000
2016-05-23 12:00:00,1.11101,1.11151,1.1094,1.10965,8647,15,12053400000
2016-05-23 14:00:00,1.10966,1.1107,1.10951,1.1101,10433,15,15597300000
2016-05-23 16:00:00,1.11007,1.11084,1.10933,1.11078,14321,15,20407700000
2016-05-23 18:00:00,1.11078,1.1111,1.10922,1.1096,9570,15,14891099000
2016-05-23 20:00:00,1.1096,1.11081,1.1096,1.1102,5913,15,9275150000
2016-05-23 22:00:00,1.11019,1.11025,1.10961,1.11008,3043,15,5013350000
2016-05-24 00:00:00,1.10927,1.11045,1.10922,1.10982,4780,16,4319800000
2016-05-24 02:00:00,1.10982,1.11021,1.10961,1.10974,3532,18,3107050000
2016-05-24 04:00:00,1.10974,1.11055,1.10973,1.11047,2829,15,1693200000
2016-05-24 06:00:00,1.11048,1.11115,1.11041,1.11089,3381,16,2756000000
2016-05-24 08:00:00,1.11088,1.11128,1.11009,1.11018,6309,15,5758900000
2016-05-24 10:00:00,1.11015,1.11025,1.10859,1.10902,13566,15,26617027000
2016-05-24 12:00:00,1.10892,1.10942,1.1082,1.10838,10110,15,13823250000
2016-05-24 14:00:00,1.10838,1.10893,1.10664,1.10669,13509,15,22892650000
2016-05-24 16:00:00,1.10667,1.10777,1.10659,1.10775,17136,15,23589947000
2016-05-24 18:00:00,1.10768,1.10772,1.1063,1.10672,10205,15,16796900000
2016-05-24 20:00:00,1.10672,1.10697,1.10605,1.10639,6467,15,13798375000
2016-05-24 22:00:00,1.10641,1.10681,1.10589,1.10634,6072,15,9155700000
2016-05-25 00:00:00,1.10167,1.10686,1.10167,1.10653,2272,15,2029150000
2016-05-25 02:00:00,1.10654,1.1066,1.1059,1.10616,2973,17,2753850000
2016-05-25 04:00:00,1.10616,1.10659,1.10595,1.10655,3264,16,2086150000
2016-05-25 06:00:00,1.10654,1.10662,1.10594,1.1063,3383,18,2630550000
2016-05-25 08:00:00,1.10631,1.10654,1.10503,1.10583,5959,15,5598500000
2016-05-25 10:00:00,1.10581,1.10647,1.10516,1.10584,12318,15,17832300000
2016-05-25 12:00:00,1.10582,1.10646,1.10397,1.10468,10223,15,13893292000
2016-05-25 14:00:00,1.10467,1.10569,1.10439,1.10513,12020,15,15159100000
2016-05-25 16:00:00,1.10512,1.10527,1.10376,1.1048,16447,15,24355910000
2016-05-25 18:00:00,1.10481,1.10595,1.10447,1.10594,11771,15,19227200000
2016-05-25 20:00:00,1.10594,1.10652,1.10526,1.10584,6914,15,11095050000
2016-05-25 22:00:00,1.10585,1.10588,1.10529,1.10559,5483,15,7147000000
2016-05-26 00:00:00,1.10417,1.10611,1.10417,1.10589,2716,15,3127150000
2016-05-26 02:00:00,1.1059,1.1063,1.10547,1.10562,5005,15,4329150000
2016-05-26 04:00:00,1.10564,1.10597,1.10522,1.10551,5380,15,3566846000
2016-05-26 06:00:00,1.10551,1.10607,1.10539,1.10578,3834,15,3489050000
2016-05-26 08:00:00,1.10578,1.10618,1.10547,1.10605,5160,15,6861000000
2016-05-26 10:00:00,1.10606,1.10841,1.10588,1.10797,10552,15,11424050000
2016-05-26 12:00:00,1.10797,1.1085,1.10731,1.10813,9472,15,12567300000
2016-05-26 14:00:00,1.10813,1.10862,1.10718,1.1081,13220,15,20049350000
2016-05-26 16:00:00,1.1081,1.1083,1.10633,1.10696,18790,15,31556850000
2016-05-26 18:00:00,1.10695,1.10731,1.10643,1.10655,11742,15,18202900000
2016-05-26 20:00:00,1.10655,1.10735,1.10631,1.10729,7098,15,11488650000
2016-05-26 22:00:00,1.10728,1.10756,1.1067,1.10717,4228,15,5941250000
2016-05-27 00:00:00,1.10679,1.10756,1.10638,1.10734,2843,18,2922600000
2016-05-27 02:00:00,1.10735,1.10745,1.10671,1.10676,4105,15,2952050000
2016-05-27 04:00:00,1.10675,1.10742,1.10665,1.10711,5362,15,4075950000
2016-05-27 06:00:00,1.10711,1.10729,1.10695,1.10714,2886,18,2516400000
2016-05-27 08:00:00,1.10715,1.10789,1.10687,1.10698,5342,15,4222350000
2016-05-27 10:00:00,1.10698,1.10737,1.10624,1.10717,10376,15,17704400000
2016-05-27 12:00:00,1.10716,1.10757,1.10646,1.10709,9706,15,14959500000
2016-05-27 14:00:00,1.10708,1.10732,1.10564,1.10578,12507,15,23684277000
2016-05-27 16:00:00,1.10577,1.10619,1.10454,1.10496,15234,15,27428900000
2016-05-27 18:00:00,1.10496,1.10509,1.10441,1.10452,9253,15,13454900000
2016-05-27 20:00:00,1.10453,1.10548,1.10396,1.10475,10079,15,11976200000
2016-05-27 22:00:00,1.10476,1.10559,1.10463,1.10529,3505,15,4873650000
2016-05-30 00:00:00,1.10499,1.10562,1.10435,1.10521,2404,20,1764050000
2016-05-30 02:00:00,1.10521,1.10522,1.10416,1.10451,5757,15,4480100000
2016-05-30 04:00:00,1.10451,1.10493,1.10401,1.10447,4444,16,4240400000
2016-05-30 06:00:00,1.10447,1.10499,1.10423,1.10485,3459,16,3542800000
2016-05-30 08:00:00,1.10485,1.10642,1.10478,1.10592,4839,15,4309850000
2016-05-30 10:00:00,1.10593,1.10705,1.1047,1.10524,8745,15,11693150000
2016-05-30 12:00:00,1.10524,1.10607,1.10486,1.10594,6121,15,5934200000
2016-05-30 14:00:00,1.10594,1.10606,1.1053,1.10552,5279,15,5147650000
2016-05-30 16:00:00,1.10551,1.10595,1.1049,1.10495,6073,15,7625600000
2016-05-30 18:00:00,1.10495,1.10604,1.10487,1.10589,5918,15,7814000000
2016-05-30 20:00:00,1.1059,1.10604,1.10485,1.10501,5833,15,6280943000
2016-05-30 22:00:00,1.10498,1.1057,1.10492,1.10494,4736,15,5210350000
2016-05-31 00:00:00,1.10416,1.10539,1.10411,1.10508,2951,17,2630000000
2016-05-31 02:00:00,1.10509,1.10561,1.10492,1.10507,4421,18,3903700000
2016-05-31 04:00:00,1.10506,1.10582,1.10485,1.10542,6188,16,6174150000
2016-05-31 06:00:00,1.10543,1.10601,1.10467,1.10518,4925,15,4855750000
2016-05-31 08:00:00,1.10519,1.1054,1.10377,1.10394,7393,15,10350850000
2016-05-31 10:00:00,1.10394,1.10451,1.10287,1.10346,12802,15,23542500000
2016-05-31 12:00:00,1.10345,1.10525,1.10319,1.10418,12100,15,23067750000
2016-05-31 14:00:00,1.10419,1.10499,1.104,1.10464,12897,15,18740100000
2016-05-31 16:00:00,1.10464,1.10684,1.10434,1.10675,19541,15,32013070000
2016-05-31 18:00:00,1.10674,1.10738,1.10596,1.10608,15098,15,23343700000
2016-05-31 20:00:00,1.10605,1.10658,1.10564,1.1062,8540,15,13298548000
2016-05-31 22:00:00,1.10621,1.10626,1.10565,1.10604,7754,15,9802300000
2016-06-01 00:00:00,1.10602,1.10616,1.10454,1.10572,3294,20,3330300000
2016-06-01 02:00:00,1.10572,1.10596,1.1054,1.10548,4077,15,3655050000
2016-06-01 04:00:00,1.10548,1.10578,1.10531,1.10541,5146,15,4743550000
2016-06-01 06:00:00,1.10542,1.10643,1.10516,1.10612,3653,16,3054550000
2016-06-01 08:00:00,1.10611,1.10619,1.10483,1.10593,9844,15,10680200000
2016-06-01 10:00:00,1.10591,1.10689,1.10537,1.10679,12418,15,19251699000
2016-06-01 12:00:00,1.10679,1.1069,1.104,1.10452,12650,15,20941400000
2016-06-01 14:00:00,1.10452,1.10624,1.10371,1.10372,15367,15,25904457000
2016-06-01 16:00:00,1.1037,1.10428,1.10232,1.10354,21876,15,36276322000
2016-06-01 18:00:00,1.10353,1.10478,1.1034,1.10476,15814,15,26477005000
2016-06-01 20:00:00,1.10476,1.10589,1.10465,1.1057,8716,15,13869050000
2016-06-01 22:00:00,1.1057,1.10576,1.10501,1.10534,5174,15,7346750000
2016-06-02 00:00:00,1.10522,1.10586,1.10305,1.10576,5020,15,4735300000
2016-06-02 02:00:00,1.10577,1.10611,1.10532,1.10562,4555,17,4147450000
2016-06-02 04:00:00,1.1056,1.10646,1.10517,1.10638,7709,15,8663700000
2016-06-02 06:00:00,1.10637,1.10666,1.10624,1.10635,4834,16,6051250000
2016-06-02 08:00:00,1.10636,1.10637,1.10541,1.10584,7059,15,9406500000
2016-06-02 10:00:00,1.10582,1.10659,1.10556,1.10597,12751,15,21355550000
2016-06-02 12:00:00,1.10597,1.1061,1.10464,1.10487,9243,15,16048800000
2016-06-02 14:00:00,1.10487,1.1067,1.10457,1.10553,17919,15,30482150000
2016-06-02 16:00:00,1.1055,1.10572,1.10357,1.1044,20107,15,31008441000
2016-06-02 18:00:00,1.10439,1.10489,1.10406,1.10441,11119,15,17414142000
2016-06-02 20:00:00,1.10441,1.10486,1.10409,1.10474,5264,15,10334300000
2016-06-02 22:00:00,1.10473,1.10481,1.10439,1.10441,4119,15,5387650000
2016-06-03 00:00:00,1.10243,1.10486,1.10243,1.10432,2795,22,2354100000
2016-06-03 02:00:00,1.10433,1.10488,1.10365,1.10378,3689,16,2359500000
2016-06-03 04:00:00,1.1038,1.10444,1.10373,1.10428,3580,15,3584500000
2016-06-03 06:00:00,1.1043,1.1045,1.10398,1.10447,3371,16,2752350000
2016-06-03 08:00:00,1.10445,1.10509,1.10431,1.10463,5533,15,6470800000
2016-06-03 10:00:00,1.10463,1.10566,1.10438,1.10491,10497,15,14544950000
2016-06-03 12:00:00,1.10491,1.10542,1.10399,1.10476,9147,15,14833300000
2016-06-03 14:00:00,1.10475,1.11054,1.10314,1.10694,19414,15,27767643000
2016-06-03 16:00:00,1.10696,1.10913,1.10649,1.10863,30729,15,47875300000
2016-06-03 18:00:00,1.10864,1.10895,1.10732,1.10799,16137,15,24970050000
2016-06-03 20:00:00,1.10799,1.10821,1.10742,1.10817,9628,15,17047050000
2016-06-03 22:00:00,1.10816,1.10966,1.10774,1.10884,5528,15,7668100000
2016-06-06 00:00:00,1.10819,1.10954,1.1075,1.10908,3563,18,3777200000
2016-06-06 02:00:00,1.10911,1.10945,1.10765,1.10819,8730,15,9973200000
2016-06-06 04:00:00,1.10818,1.10836,1.10806,1.1082,5131,15,4522650000
2016-06-06 06:00:00,1.10821,1.10838,1.108,1.10817,4015,15,3196350000
2016-06-06 08:00:00,1.10817,1.10843,1.10741,1.10817,6687,15,7115046000
2016-06-06 10:00:00,1.10816,1.1098,1.10674,1.10695,13381,15,19430100000
2016-06-06 12:00:00,1.10694,1.10722,1.10493,1.10514,10647,15,15919500000
2016-06-06 14:00:00,1.10514,1.10606,1.10337,1.10455,12498,15,22512100000
2016-06-06 16:00:00,1.10455,1.1046,1.10357,1.10424,16281,15,20627900000
2016-06-06 18:00:00,1.10424,1.10437,1.10234,1.10327,15501,15,24405550000
2016-06-06 20:00:00,1.10327,1.10368,1.10245,1.10287,9536,15,17521050000
2016-06-06 22:00:00,1.10288,1.10317,1.10174,1.10175,6360,15,7808300000
2016-06-07 00:00:00,1.10167,1.10288,1.09675,1.10197,3444,15,3473550000
2016-06-07 02:00:00,1.10199,1.10244,1.1018,1.1021,3496,15,3392250000
2016-06-07 04:00:00,1.1021,1.10255,1.10188,1.10225,3526,18,3627500000
2016-06-07 06:00:00,1.10226,1.10278,1.10191,1.10241,6200,15,4849550000
2016-06-07 08:00:00,1.10241,1.10323,1.1022,1.10271,6077,15,6230300000
2016-06-07 10:00:00,1.1027,1.10278,1.09802,1.09821,12553,15,17015688000
2016-06-07 12:00:00,1.09819,1.09939,1.097,1.09828,11944,15,18136935000
2016-06-07 14:00:00,1.09826,1.09893,1.0975,1.09872,13764,15,24577050000
2016-06-07 16:00:00,1.09872,1.09907,1.09712,1.09743,16575,15,24587750000
2016-06-07 18:00:00,1.09745,1.09761,1.09622,1.09666,10444,15,23311479000
2016-06-07 20:00:00,1.09666,1.09691,1.09627,1.0967,5641,15,16140376000
2016-06-07 22:00:00,1.0967,1.09672,1.09577,1.09588,3760,15,5640895000
2016-06-08 00:00:00,1.0961,1.09692,1.09561,1.09609,2686,15,2783200000
2016-06-08 02:00:00,1.09607,1.09653,1.09602,1.09641,3316,15,1885300000
2016-06-08 04:00:00,1.09643,1.09699,1.09621,1.0966,5792,15,4225050000
2016-06-08 06:00:00,1.09661,1.09694,1.0964,1.09671,4053,16,3879000000
2016-06-08 08:00:00,1.09671,1.09775,1.09644,1.09751,5469,15,6527950000
2016-06-08 10:00:00,1.09751,1.09847,1.09567,1.09646,11482,15,19612765000
2016-06-08 12:00:00,1.09646,1.09646,1.0943,1.09435,8248,15,11327050000
2016-06-08 14:00:00,1.09435,1.09503,1.09337,1.09489,12961,15,20011450000
2016-06-08 16:00:00,1.09489,1.09513,1.09292,1.09309,17959,15,26738449000
2016-06-08 18:00:00,1.09309,1.09436,1.09258,1.09283,12579,15,21580247000
2016-06-08 20:00:00,1.09285,1.09353,1.09275,1.09298,8527,15,15222976000
2016-06-08 22:00:00,1.09298,1.09341,1.0925,1.0929,4564,15,6733450000
2016-06-09 00:00:00,1.09237,1.09369,1.09195,1.09261,3690,15,4453750000
2016-06-09 02:00:00,1.09263,1.09327,1.09257,1.093,4374,15,4699750000
2016-06-09 04:00:00,1.09301,1.09347,1.09257,1.09333,4919,15,6080050000
2016-06-09 06:00:00,1.09333,1.09339,1.0928,1.09291,2741,15,2438049000
2016-06-09 08:00:00,1.09289,1.09323,1.0924,1.09274,5981,15,8651100000
2016-06-09 10:00:00,1.09274,1.09296,1.09118,1.09125,14492,15,22093100000
2016-06-09 12:00:00,1.09125,1.09248,1.09086,1.09094,9694,15,15062340000
2016-06-09 14:00:00,1.09094,1.0916,1.08906,1.08906,13023,15,20935531000
2016-06-09 16:00:00,1.08904,1.09252,1.08849,1.09221,17412,15,24138150000
2016-06-09 18:00:00,1.0922,1.09269,1.09095,1.09149,11195,15,20625950000
2016-06-09 20:00:00,1.09148,1.09182,1.09105,1.09108,7295,15,11619998000
2016-06-09 22:00:00,1.09108,1.09155,1.09103,1.09108,5148,15,6412642000
2016-06-10 00:00:00,1.09108,1.09157,1.09076,1.09096,4696,18,4634500000
2016-06-10 02:00:00,1.09096,1.09112,1.08969,1.0897,5723,15,6222650000
2016-06-10 04:00:00,1.08972,1.09018,1.08952,1.08952,6131,15,7154850000
2016-06-10 06:00:00,1.08954,1.08961,1.08911,1.0894,3858,16,4682600000
2016-06-10 08:00:00,1.0894,1.09004,1.08924,1.08945,6118,15,8515299000
2016-06-10 10:00:00,1.08945,1.09048,1.0887,1.09048,11852,15,15608649000
2016-06-10 12:00:00,1.09047,1.09077,1.08784,1.0889,10788,15,14226670000
2016-06-10 14:00:00,1.08889,1.0902,1.08783,1.08836,11803,15,17041146000
2016-06-10 16:00:00,1.08836,1.0887,1.08727,1.08743,16345,15,24524175000
2016-06-10 18:00:00,1.08741,1.08816,1.08474,1.08489,11682,15,16786142000
2016-06-10 20:00:00,1.08488,1.08633,1.08438,1.08454,11103,15,17197700000
2016-06-10 22:00:00,1.08454,1.08565,1.08454,1.08484,4531,15,6128448000
2016-06-13 00:00:00,1.08485,1.08611,1.08422,1.08466,3389,15,3727309000
2016-06-13 02:00:00,1.08465,1.08493,1.08386,1.08421,6646,15,6574847000
2016-06-13 04:00:00,1.0842,1.08529,1.08389,1.08515,8067,15,8738689000
2016-06-13 06:00:00,1.08515,1.08541,1.08463,1.08501,5295,15,4404686000
2016-06-13 08:00:00,1.085,1.08597,1.08479,1.08511,8868,15,6878847000
2016-06-13 10:00:00,1.08511,1.08795,1.08493,1.08763,13510,15,17741650000
2016-06-13 12:00:00,1.08765,1.08872,1.08689,1.08836,12569,15,19709596000
2016-06-13 14:00:00,1.08836,1.08899,1.08753,1.08755,12711,15,27448544000
2016-06-13 16:00:00,1.08756,1.09184,1.0872,1.09172,21825,15,33507239000
2016-06-13 18:00:00,1.09174,1.09219,1.08855,1.08887,13477,15,21386118000
2016-06-13 20:00:00,1.08887,1.08955,1.08875,1.08905,4888,15,12476489000
2016-06-13 22:00:00,1.08905,1.08911,1.08802,1.08881,3422,15,5349202000
2016-06-14 00:00:00,1.08404,1.08879,1.08404,1.08699,3621,15,3153597000
2016-06-14 02:00:00,1.08698,1.08765,1.08642,1.08754,4399,17,4173040000
2016-06-14 04:00:00,1.08753,1.08825,1.08743,1.08813,4250,15,3613837000
2016-06-14 06:00:00,1.08813,1.08835,1.08789,1.088,3350,15,3585098000
2016-06-14 08:00:00,1.08799,1.08809,1.08616,1.0862,6930,15,7848144000
2016-06-14 10:00:00,1.08615,1.08631,1.08314,1.08402,16830,15,25059718000
2016-06-14 12:00:00,1.08403,1.08441,1.08294,1.08377,12750,15,20185583000
2016-06-14 14:00:00,1.08377,1.08403,1.08222,1.08311,14681,15,21526178000
2016-06-14 16:00:00,1.08311,1.08323,1.07989,1.07989,19753,15,27326143000
2016-06-14 18:00:00,1.07989,1.08045,1.07925,1.08001,12813,15,19021664000
2016-06-14 20:00:00,1.07999,1.07999,1.07891,1.07934,7746,15,12073392000
2016-06-14 22:00:00,1.07932,1.07996,1.07928,1.07931,5751,15,7609712000
2016-06-15 00:00:00,1.0793,1.08005,1.078,1.07977,2761,15,1937190000
2016-06-15 02:00:00,1.07977,1.08025,1.07947,1.07982,4925,15,4697800000
2016-06-15 04:00:00,1.07981,1.08014,1.07924,1.07994,4762,16,3572900000
2016-06-15 06:00:00,1.07993,1.08045,1.07937,1.08037,3242,16,1902750000
2016-06-15 08:00:00,1.08036,1.0829,1.07997,1.08234,7545,15,7147710000
2016-06-15 10:00:00,1.08234,1.08389,1.08203,1.08343,12908,15,14343461000
2016-06-15 12:00:00,1.08343,1.08449,1.08179,1.08239,10304,15,12104172000
2016-06-15 14:00:00,1.08239,1.08273,1.08113,1.08204,12444,15,17306683000
2016-06-15 16:00:00,1.08207,1.08211,1.07979,1.08099,16334,15,19531614000
2016-06-15 18:00:00,1.08098,1.0855,1.08085,1.08478,11639,15,22603184000
2016-06-15 20:00:00,1.0848,1.08611,1.08241,1.08252,17150,15,24057450000
2016-06-15 22:00:00,1.08249,1.08319,1.08229,1.0824,8895,15,9492700000
2016-06-16 00:00:00,1.08212,1.08313,1.08189,1.08215,3985,15,3626500000
2016-06-16 02:00:00,1.08217,1.0831,1.08182,1.08275,4564,18,4888350000
2016-06-16 04:00:00,1.08275,1.08345,1.08203,1.08229,8461,15,9288550000
2016-06-16 06:00:00,1.08229,1.08236,1.08089,1.08131,7903,15,8640550000
2016-06-16 08:00:00,1.0813,1.08194,1.08051,1.08141,12306,15,14311058000
2016-06-16 10:00:00,1.0814,1.08343,1.08079,1.08229,16888,15,18830594000
2016-06-16 12:00:00,1.08228,1.08338,1.08106,1.08263,12216,15,14504748000
2016-06-16 14:00:00,1.08262,1.08277,1.08084,1.08102,16534,15,23203048000
2016-06-16 16:00:00,1.08102,1.08109,1.07774,1.07811,21284,15,26549872000
2016-06-16 18:00:00,1.07813,1.08638,1.07761,1.08349,20635,15,29907674000
2016-06-16 20:00:00,1.08349,1.08566,1.0834,1.08369,13833,15,17855010000
2016-06-16 22:00:00,1.08373,1.08392,1.08265,1.08293,6746,15,8354900000
2016-06-17 00:00:00,1.08246,1.08439,1.08242,1.08432,4534,15,4766741000
2016-06-17 02:00:00,1.08432,1.08738,1.0842,1.08716,7980,15,9275350000
2016-06-17 04:00:00,1.08716,1.08729,1.08559,1.08578,6544,15,7432750000
2016-06-17 06:00:00,1.08578,1.08584,1.08454,1.08457,5651,15,6495900000
2016-06-17 08:00:00,1.08459,1.08511,1.08256,1.08306,9404,15,9794850000
2016-06-17 10:00:00,1.08306,1.08535,1.0826,1.08347,14969,15,18626334000
2016-06-17 12:00:00,1.08348,1.08431,1.08302,1.08348,10834,15,12858582000
2016-06-17 14:00:00,1.08346,1.08355,1.08144,1.08243,13286,15,17944300000
2016-06-17 16:00:00,1.08242,1.08551,1.0809,1.08107,19009,15,23015428000
2016-06-17 18:00:00,1.08107,1.08229,1.08086,1.08135,12422,15,15206515000
2016-06-17 20:00:00,1.08135,1.08307,1.08133,1.08294,6747,15,8026350000
2016-06-17 22:00:00,1.08296,1.08312,1.07752,1.07798,3951,15,3795550000
2016-06-20 00:00:00,1.08662,1.09078,1.08359,1.08915,5355,15,5665929000
2016-06-20 02:00:00,1.08914,1.09001,1.08827,1.08866,9927,15,10993050000
2016-06-20 04:00:00,1.08867,1.0891,1.08831,1.08865,5489,16,6421000000
2016-06-20 06:00:00,1.08866,1.09044,1.08864,1.09006,5561,15,5918721000
2016-06-20 08:00:00,1.09006,1.09034,1.08718,1.08751,8420,15,9090000000
2016-06-20 10:00:00,1.0875,1.08894,1.08602,1.08892,15505,15,20816333000
2016-06-20 12:00:00,1.08893,1.08897,1.08671,1.08718,12666,15,13621450000
2016-06-20 14:00:00,1.08716,1.08884,1.08698,1.08778,12464,15,13240353000
2016-06-20 16:00:00,1.08778,1.08932,1.08727,1.08776,16503,15,16107050000
2016-06-20 18:00:00,1.08775,1.08869,1.08698,1.08806,11940,15,16999665000
2016-06-20 20:00:00,1.08805,1.08905,1.087,1.08885,8691,15,10073250000
2016-06-20 22:00:00,1.08884,1.08912,1.08762,1.08762,5400,15,5834500000
2016-06-21 00:00:00,1.08788,1.08876,1.08668,1.08826,3613,22,2784750000
2016-06-21 02:00:00,1.08827,1.08964,1.08825,1.08951,4444,15,4279350000
2016-06-21 04:00:00,1.08951,1.0903,1.08937,1.08945,5144,17,5398200000
2016-06-21 06:00:00,1.08944,1.08955,1.08851,1.08928,4186,18,4777300000
2016-06-21 08:00:00,1.08927,1.08967,1.088,1.0886,7178,15,7816200000
2016-06-21 10:00:00,1.08859,1.08953,1.08729,1.08766,11271,15,12532250000
2016-06-21 12:00:00,1.08765,1.08815,1.08571,1.08573,9803,15,12321798000
2016-06-21 14:00:00,1.08572,1.08593,1.08369,1.08379,13766,15,19423673000
2016-06-21 16:00:00,1.08379,1.08423,1.07972,1.08001,21728,15,22385511000
2016-06-21 18:00:00,1.08002,1.08224,1.07977,1.08218,11419,15,12993099000
2016-06-21 20:00:00,1.08218,1.08251,1.08161,1.08223,6673,15,6786890000
2016-06-21 22:00:00,1.08225,1.08278,1.08175,1.08177,5571,15,6605250000
2016-06-22 00:00:00,1.08152,1.08304,1.08015,1.08273,2793,22,2805250000
2016-06-22 02:00:00,1.08273,1.08287,1.08154,1.08167,3728,16,4488900000
2016-06-22 04:00:00,1.08166,1.08209,1.08068,1.0809,5098,15,5625400000
2016-06-22 06:00:00,1.08091,1.08352,1.08088,1.08339,3832,15,4805350000
2016-06-22 08:00:00,1.0834,1.08359,1.08219,1.08244,6649,15,6482347000
2016-06-22 10:00:00,1.08244,1.08275,1.08084,1.08126,11804,15,13902984000
2016-06-22 12:00:00,1.08126,1.08311,1.0801,1.08207,11366,15,13819684000
2016-06-22 14:00:00,1.08206,1.08501,1.08185,1.08444,11294,15,13330411000
2016-06-22 16:00:00,1.08444,1.08494,1.0812,1.08265,18740,15,24783950000
2016-06-22 18:00:00,1.08265,1.08318,1.08093,1.08311,13890,15,17477583000
2016-06-22 20:00:00,1.08312,1.08395,1.0826,1.0838,9946,15,11653450000
2016-06-22 22:00:00,1.08381,1.08424,1.08082,1.08083,4966,15,5350600000
2016-06-23 00:00:00,1.08045,1.08723,1.08034,1.08688,8151,18,8450150000
2016-06-23 02:00:00,1.08688,1.0873,1.08645,1.08705,4202,15,5165000000
2016-06-23 04:00:00,1.08704,1.0876,1.08661,1.08746,4549,15,4712050000
2016-06-23 06:00:00,1.08745,1.08779,1.08663,1.08688,3530,16,3781150000
2016-06-23 08:00:00,1.08687,1.08787,1.08639,1.08648,8360,15,8770650000
2016-06-23 10:00:00,1.08643,1.08682,1.08352,1.0847,12081,15,14566577000
2016-06-23 12:00:00,1.08468,1.09144,1.08419,1.08851,20095,15,25926682000
2016-06-23 14:00:00,1.0885,1.09096,1.08717,1.09081,14441,15,18974230000
2016-06-23 16:00:00,1.09078,1.09078,1.08505,1.08596,19259,15,23506460000
2016-06-23 18:00:00,1.08594,1.08915,1.08549,1.08873,13517,15,17200894000
2016-06-23 20:00:00,1.08874,1.08913,1.08673,1.08717,6559,15,8091272000
2016-06-23 22:00:00,1.08719,1.09196,1.08677,1.08836,8720,15,9727810000
2016-06-24 00:00:00,1.08836,1.10123,1.08802,1.09483,9559,15,8739740000
2016-06-24 02:00:00,1.09483,1.09483,1.08362,1.08422,11973,15,10715890000
2016-06-24 04:00:00,1.08418,1.08889,1.07173,1.07228,18764,15,19104320000
2016-06-24 06:00:00,1.07224,1.07384,1.06418,1.06443,18241,15,20610730000
2016-06-24 08:00:00,1.06443,1.08124,1.06205,1.07695,18768,15,20865083000
2016-06-24 10:00:00,1.07695,1.08796,1.07329,1.08539,22122,15,30813960000
2016-06-24 12:00:00,1.08539,1.08591,1.07826,1.07882,20048,15,31124982000
2016-06-24 14:00:00,1.07884,1.0826,1.07763,1.07896,23070,15,31552495000
2016-06-24 16:00:00,1.07897,1.08161,1.0754,1.07552,26591,15,35012700000
2016-06-24 18:00:00,1.07552,1.08514,1.07293,1.08358,20292,15,27373028000
2016-06-24 20:00:00,1.08358,1.08694,1.08131,1.08183,12798,15,19854100000
2016-06-24 22:00:00,1.08184,1.08267,1.07423,1.07933,7533,15,12793050000
2016-06-27 00:00:00,1.06527,1.07586,1.06514,1.07543,8537,15,9039750000
2016-06-27 02:00:00,1.07543,1.07563,1.07336,1.07344,12327,15,12806300000
2016-06-27 04:00:00,1.07342,1.07355,1.07148,1.07198,10382,15,11017550000
2016-06-27 06:00:00,1.07198,1.07414,1.07192,1.07411,7524,15,7130800000
2016-06-27 08:00:00,1.07413,1.07599,1.07352,1.07508,13826,15,15791050000
2016-06-27 10:00:00,1.07509,1.07847,1.07449,1.07551,23551,15,25276750000
2016-06-27 12:00:00,1.07553,1.07679,1.07331,1.07381,23841,15,25605600000
2016-06-27 14:00:00,1.0738,1.07499,1.07191,1.07318,21532,15,24004950000
2016-06-27 16:00:00,1.07318,1.07846,1.07291,1.0769,23997,15,25444700000
2016-06-27 18:00:00,1.07692,1.08045,1.07545,1.07885,19420,15,21165053000
2016-06-27 20:00:00,1.07884,1.07915,1.07531,1.07668,13144,15,14191800000
2016-06-27 22:00:00,1.07667,1.07887,1.07665,1.07834,8536,15,8595500000
2016-06-28 00:00:00,1.07816,1.07885,1.07692,1.07726,4764,15,4532488000
2016-06-28 02:00:00,1.07725,1.07891,1.07713,1.07844,4661,15,4884000000
2016-06-28 04:00:00,1.07844,1.08019,1.07774,1.07947,7663,15,8699500000
2016-06-28 06:00:00,1.07948,1.08098,1.079,1.08074,4735,15,5703050000
2016-06-28 08:00:00,1.08074,1.08213,1.07947,1.08145,9484,15,11342300000
2016-06-28 10:00:00,1.08144,1.08512,1.08096,1.08397,17909,15,25268813000
2016-06-28 12:00:00,1.08397,1.08638,1.08273,1.0852,16368,15,22402650000
2016-06-28 14:00:00,1.08519,1.08553,1.08287,1.08426,16297,15,23845350000
2016-06-28 16:00:00,1.08427,1.08437,1.08172,1.08315,18391,15,22899450000
2016-06-28 18:00:00,1.08314,1.08541,1.08279,1.08411,15388,15,24611390000
2016-06-28 20:00:00,1.08412,1.0863,1.08351,1.0855,8903,15,12628086000
2016-06-28 22:00:00,1.08552,1.08729,1.08552,1.08623,7900,15,8265475000
2016-06-29 00:00:00,1.08594,1.08637,1.08482,1.08575,6367,15,6028550000
2016-06-29 02:00:00,1.08582,1.08598,1.08438,1.08487,4175,16,4365850000
2016-06-29 04:00:00,1.08485,1.08512,1.08351,1.08453,6197,15,6713250000
2016-06-29 06:00:00,1.08454,1.08496,1.08448,1.08486,3656,15,4008550000
2016-06-29 08:00:00,1.08486,1.08715,1.08441,1.08689,7265,15,7731150000
2016-06-29 10:00:00,1.08687,1.08741,1.08386,1.08412,16407,15,19980940000
2016-06-29 12:00:00,1.08411,1.08755,1.08387,1.08692,15859,15,21223400000
2016-06-29 14:00:00,1.08693,1.0881,1.08501,1.08628,17090,15,23617541000
2016-06-29 16:00:00,1.08628,1.08869,1.08603,1.08767,20472,15,28990840000
2016-06-29 18:00:00,1.08766,1.08937,1.0871,1.0875,14225,15,16876544000
2016-06-29 20:00:00,1.0875,1.08879,1.0875,1.08868,8117,15,9918200000
2016-06-29 22:00:00,1.08869,1.08984,1.0885,1.08973,6000,15,6106050000
2016-06-30 00:00:00,1.0895,1.08984,1.08851,1.0895,4317,15,3811950000
2016-06-30 02:00:00,1.08951,1.08965,1.08807,1.08813,4582,15,4099800000
2016-06-30 04:00:00,1.08814,1.08902,1.08789,1.08838,4300,15,4159350000
2016-06-30 06:00:00,1.08837,1.08897,1.08753,1.08817,4023,17,3853950000
2016-06-30 08:00:00,1.08818,1.08915,1.08673,1.08879,8420,15,9025300000
2016-06-30 10:00:00,1.0888,1.08968,1.08739,1.08792,16262,15,20763294000
2016-06-30 12:00:00,1.0879,1.0886,1.08668,1.08736,16294,15,24003050000
2016-06-30 14:00:00,1.08738,1.08846,1.08346,1.08502,18455,15,25453166000
2016-06-30 16:00:00,1.08505,1.08511,1.08081,1.08285,20998,15,26565000000
2016-06-30 18:00:00,1.08285,1.08394,1.07984,1.08201,26403,15,43943338000
2016-06-30 20:00:00,1.082,1.08403,1.08086,1.084,12780,15,20256600000
2016-06-30 22:00:00,1.084,1.08401,1.08224,1.08377,7990,15,11389449000
2016-07-01 00:00:00,1.08325,1.08426,1.08268,1.0842,3680,15,3512300000
2016-07-01 02:00:00,1.08419,1.08473,1.08382,1.08435,6088,17,5816150000
2016-07-01 04:00:00,1.0843,1.08464,1.08334,1.08361,3645,15,3178700000
2016-07-01 06:00:00,1.08362,1.08377,1.08293,1.0837,4397,15,3972000000
2016-07-01 08:00:00,1.08371,1.08371,1.08181,1.08309,8211,15,10594800000
2016-07-01 10:00:00,1.08309,1.08468,1.08276,1.08303,16444,15,21690350000
2016-07-01 12:00:00,1.08303,1.08428,1.08191,1.08326,12316,15,18472809000
2016-07-01 14:00:00,1.08326,1.08405,1.08185,1.08369,14122,15,20707800000
2016-07-01 16:00:00,1.0837,1.08575,1.08319,1.08415,19494,15,25314733000
2016-07-01 18:00:00,1.08414,1.08504,1.0834,1.08432,12564,15,17220447000
2016-07-01 20:00:00,1.0843,1.08505,1.08382,1.0843,7587,15,9993989000
2016-07-01 22:00:00,1.0843,1.08489,1.08265,1.08333,4656,15,4832700000
2016-07-04 00:00:00,1.08273,1.08522,1.08099,1.0847,5028,17,5230550000
2016-07-04 02:00:00,1.08471,1.08523,1.08369,1.08373,3532,15,3106850000
2016-07-04 04:00:00,1.08373,1.08466,1.08357,1.08411,5357,15,4983050000
2016-07-04 06:00:00,1.08405,1.08433,1.08365,1.08406,2576,15,2157250000
2016-07-04 08:00:00,1.08404,1.08451,1.08314,1.08326,6015,15,6333000000
2016-07-04 10:00:00,1.08327,1.08471,1.08265,1.08355,11333,15,14063650000
2016-07-04 12:00:00,1.08354,1.08486,1.08309,1.08345,8692,15,11951200000
2016-07-04 14:00:00,1.08345,1.08456,1.08334,1.08359,8043,15,11107989000
2016-07-04 16:00:00,1.08361,1.08388,1.0817,1.08185,9536,15,11955350000
2016-07-04 18:00:00,1.08187,1.08316,1.08168,1.08244,6727,15,8813000000
2016-07-04 20:00:00,1.08244,1.08317,1.08228,1.08315,5174,15,6325500000
2016-07-04 22:00:00,1.08315,1.08315,1.08215,1.08225,2884,15,2895500000
2016-07-05 00:00:00,1.08187,1.08304,1.08163,1.08225,3538,18,3156500000
2016-07-05 02:00:00,1.08222,1.08244,1.08096,1.08128,4320,15,3963800000
2016-07-05 04:00:00,1.0813,1.08168,1.08092,1.08131,3849,15,3903950000
2016-07-05 06:00:00,1.08129,1.08133,1.08089,1.08112,3353,17,2678050000
2016-07-05 08:00:00,1.08111,1.08196,1.08056,1.08104,6879,15,7908200000
2016-07-05 10:00:00,1.08105,1.08347,1.08042,1.08093,16774,15,22406900000
2016-07-05 12:00:00,1.08089,1.08443,1.08083,1.08388,11453,15,15974800000
2016-07-05 14:00:00,1.08391,1.08474,1.08289,1.08451,13621,15,18016800000
2016-07-05 16:00:00,1.08448,1.08486,1.08147,1.08171,17060,15,20373200000
2016-07-05 18:00:00,1.08173,1.08293,1.08064,1.0826,15555,15,21628800000
2016-07-05 20:00:00,1.08261,1.08273,1.08115,1.08185,6621,15,10862750000
2016-07-05 22:00:00,1.08187,1.08201,1.08093,1.0817,5023,15,6270150000
2016-07-06 00:00:00,1.08158,1.08187,1.08088,1.08109,4214,10,3965600000
2016-07-06 02:00:00,1.08108,1.08154,1.07974,1.07984,6427,15,6957650000
2016-07-06 04:00:00,1.07981,1.08039,1.07931,1.07985,11539,15,12778450000
2016-07-06 06:00:00,1.07985,1.08098,1.07982,1.08098,6124,15,7138300000
2016-07-06 08:00:00,1.08097,1.08248,1.08043,1.08233,8687,15,10280150000
2016-07-06 10:00:00,1.08234,1.08379,1.08202,1.08343,17550,15,23572340000
2016-07-06 12:00:00,1.08344,1.08398,1.08133,1.08226,14771,15,18560800000
2016-07-06 14:00:00,1.08225,1.08286,1.08113,1.08119,14541,15,20509822000
2016-07-06 16:00:00,1.0812,1.0824,1.0796,1.08222,19405,15,27126146000
2016-07-06 18:00:00,1.08225,1.08395,1.08204,1.08278,15106,15,22590350000
2016-07-06 20:00:00,1.0828,1.08318,1.08109,1.08176,9315,15,12405568000
2016-07-06 22:00:00,1.08176,1.08288,1.08173,1.08185,5659,15,7663700000
2016-07-07 00:00:00,1.08149,1.08262,1.08142,1.08203,3575,15,3771450000
2016-07-07 02:00:00,1.08207,1.08216,1.08086,1.08118,5141,15,5232200000
2016-07-07 04:00:00,1.08121,1.0816,1.08041,1.08094,6171,15,6269950000
2016-07-07 06:00:00,1.08094,1.08195,1.08074,1.08152,5454,15,5991600000
2016-07-07 08:00:00,1.0815,1.08167,1.08063,1.08117,7819,15,10032600000
2016-07-07 10:00:00,1.08118,1.08361,1.08112,1.08278,14003,15,19551000000
2016-07-07 12:00:00,1.08278,1.08363,1.08227,1.08245,12083,15,17027250000
2016-07-07 14:00:00,1.08246,1.08277,1.08116,1.08233,13626,15,19258399000
2016-07-07 16:00:00,1.08232,1.08276,1.08167,1.08199,17239,15,24261800000
2016-07-07 18:00:00,1.08198,1.08257,1.0813,1.08189,12722,15,16712400000
2016-07-07 20:00:00,1.0819,1.0826,1.08127,1.08216,6938,15,9642900000
2016-07-07 22:00:00,1.08216,1.08314,1.08201,1.08211,4949,15,5318700000
2016-07-08 00:00:00,1.08209,1.08319,1.08205,1.08252,2902,19,2959250000
2016-07-08 02:00:00,1.08252,1.0832,1.08251,1.08308,3922,15,4317200000
2016-07-08 04:00:00,1.08308,1.08369,1.08286,1.08343,4189,15,4898850000
2016-07-08 06:00:00,1.08344,1.08363,1.08276,1.0833,4305,16,4512650000
2016-07-08 08:00:00,1.0833,1.08392,1.08274,1.08379,6260,15,6973450000
2016-07-08 10:00:00,1.08379,1.08452,1.08332,1.08404,10702,15,15951200000
2016-07-08 12:00:00,1.08403,1.08474,1.08388,1.08454,9693,15,15998700000
2016-07-08 14:00:00,1.08453,1.08654,1.08333,1.08574,16927,15,22094999000
2016-07-08 16:00:00,1.08571,1.08693,1.08449,1.08549,23726,15,32724800000
2016-07-08 18:00:00,1.08551,1.08657,1.08504,1.08619,11163,15,15494250000
2016-07-08 20:00:00,1.08617,1.08638,1.08539,1.08584,5956,15,9082694000
2016-07-08 22:00:00,1.08584,1.08734,1.08401,1.08415,4547,15,6782150000
2016-07-11 00:00:00,1.08446,1.08679,1.08408,1.08592,10978,16,12402050000
2016-07-11 02:00:00,1.08592,1.08617,1.08486,1.08504,5062,15,5032400000
2016-07-11 04:00:00,1.08501,1.0856,1.08472,1.08532,5654,15,6435500000
2016-07-11 06:00:00,1.08532,1.0864,1.08522,1.08614,3918,15,4404900000
2016-07-11 08:00:00,1.08614,1.08682,1.08491,1.08504,8452,15,9047046000
2016-07-11 10:00:00,1.08504,1.08666,1.08456,1.08628,14286,15,18097882000
2016-07-11 12:00:00,1.08629,1.08726,1.08458,1.08608,12571,15,18872550000
2016-07-11 14:00:00,1.08607,1.08704,1.08555,1.08659,14413,15,18335686000
2016-07-11 16:00:00,1.08657,1.08736,1.08553,1.08581,17004,15,22267600000
2016-07-11 18:00:00,1.08581,1.08665,1.08543,1.08608,11655,15,16547371000
2016-07-11 20:00:00,1.08609,1.08669,1.08591,1.0865,4845,15,7882598000
2016-07-11 22:00:00,1.08647,1.08696,1.08627,1.0867,4746,15,6138650000
2016-07-12 00:00:00,1.08555,1.08724,1.08555,1.08662,3960,15,3547050000
2016-07-12 02:00:00,1.08663,1.08911,1.08644,1.08877,5275,15,4844750000
2016-07-12 04:00:00,1.08878,1.08933,1.08817,1.08913,8053,15,7894750000
2016-07-12 06:00:00,1.08914,1.08919,1.08882,1.089,3563,15,3542300000
2016-07-12 08:00:00,1.08902,1.08942,1.08868,1.08907,7707,15,7408950000
2016-07-12 10:00:00,1.08908,1.09061,1.08861,1.08968,19514,15,23833700000
2016-07-12 12:00:00,1.08968,1.09003,1.0887,1.08951,13673,15,18564666000
2016-07-12 14:00:00,1.0895,1.0914,1.08939,1.09093,14672,15,20748537000
2016-07-12 16:00:00,1.09092,1.09414,1.09024,1.09296,18605,15,24832519000
2016-07-12 18:00:00,1.09296,1.09372,1.09147,1.09292,15046,15,21710165000
2016-07-12 20:00:00,1.09292,1.09351,1.09226,1.09346,7247,15,9658650000
2016-07-12 22:00:00,1.09352,1.0944,1.09298,1.09388,5099,15,6367200000
2016-07-13 00:00:00,1.09337,1.09423,1.09189,1.09388,4311,15,4603700000
2016-07-13 02:00:00,1.09384,1.09434,1.09323,1.09383,5631,15,4511450000
2016-07-13 04:00:00,1.09384,1.09405,1.09249,1.0935,8018,15,8199250000
2016-07-13 06:00:00,1.09355,1.09398,1.09316,1.09367,5921,15,5762600000
2016-07-13 08:00:00,1.0937,1.09406,1.09204,1.09231,8248,15,10500250000
2016-07-13 10:00:00,1.09235,1.09314,1.08977,1.09138,15415,15,22600046000
2016-07-13 12:00:00,1.09137,1.09177,1.09047,1.0914,14785,15,20412302000
2016-07-13 14:00:00,1.0914,1.09158,1.09025,1.09085,12422,15,17064901000
2016-07-13 16:00:00,1.09085,1.0933,1.09062,1.09244,18051,15,26082574000
2016-07-13 18:00:00,1.09245,1.09314,1.09126,1.09168,12227,15,20163404000
2016-07-13 20:00:00,1.09169,1.09222,1.09145,1.09187,5753,15,7200800000
2016-07-13 22:00:00,1.0919,1.0929,1.09165,1.09261,5212,15,6694700000
2016-07-14 00:00:00,1.09214,1.09272,1.09187,1.09222,5605,15,5206550000
2016-07-14 02:00:00,1.09222,1.09257,1.09185,1.09219,6707,15,7918254000
2016-07-14 04:00:00,1.0922,1.09272,1.09176,1.09249,7994,15,7662050000
2016-07-14 06:00:00,1.09248,1.09286,1.09205,1.09266,5758,15,6023950000
2016-07-14 08:00:00,1.0927,1.09415,1.09175,1.09203,12835,15,14368150000
2016-07-14 10:00:00,1.09203,1.09207,1.08918,1.08941,14001,15,19500700000
2016-07-14 12:00:00,1.0894,1.09008,1.08796,1.08869,13909,15,20129350000
2016-07-14 14:00:00,1.08868,1.09132,1.0884,1.08863,24126,15,34051350000
2016-07-14 16:00:00,1.08863,1.09135,1.08846,1.09078,17885,15,25144250000
2016-07-14 18:00:00,1.09078,1.09079,1.08898,1.08963,11229,15,18803000000
2016-07-14 20:00:00,1.08965,1.09053,1.08946,1.09015,5866,15,10373800000
2016-07-14 22:00:00,1.09016,1.09061,1.08976,1.09047,3888,15,6262700000
2016-07-15 00:00:00,1.09031,1.09082,1.08982,1.09036,4498,15,4183850000
2016-07-15 02:00:00,1.09036,1.0909,1.08959,1.09053,8121,15,7881450000
2016-07-15 04:00:00,1.09051,1.09164,1.0902,1.09108,8715,15,9134250000
2016-07-15 06:00:00,1.09108,1.09133,1.09035,1.09055,6311,15,6615250000
2016-07-15 08:00:00,1.09055,1.09128,1.08989,1.09082,8307,15,11653550000
2016-07-15 10:00:00,1.09082,1.09146,1.09039,1.09111,13916,15,22202268000
2016-07-15 12:00:00,1.0911,1.09113,1.08961,1.09019,12643,15,21584450000
2016-07-15 14:00:00,1.09019,1.09069,1.08933,1.09008,14531,15,23525500000
2016-07-15 16:00:00,1.09008,1.0904,1.08784,1.0879,17280,15,29487150000
2016-07-15 18:00:00,1.08791,1.08878,1.08627,1.08812,13765,15,24315100000
2016-07-15 20:00:00,1.08813,1.08868,1.08705,1.08735,6322,15,9088150000
2016-07-15 22:00:00,1.08735,1.08834,1.08235,1.08235,9264,15,10344900000
2016-07-18 00:00:00,1.08468,1.08754,1.08379,1.08726,5413,15,5540050000
2016-07-18 02:00:00,1.08726,1.08783,1.08712,1.08752,6549,15,7002100000
2016-07-18 04:00:00,1.08754,1.08821,1.08719,1.08781,4713,15,4796400000
2016-07-18 06:00:00,1.08782,1.08808,1.08773,1.08788,3266,15,3543900000
2016-07-18 08:00:00,1.08789,1.08818,1.08723,1.08747,6591,15,7597650000
2016-07-18 10:00:00,1.08743,1.08818,1.08656,1.0872,15159,15,24445050000
2016-07-18 12:00:00,1.08719,1.08754,1.08621,1.08666,12514,15,20308850000
2016-07-18 14:00:00,1.08666,1.08732,1.08654,1.08715,11369,15,18641250000
2016-07-18 16:00:00,1.08717,1.08906,1.08623,1.08905,14495,15,21484200000
2016-07-18 18:00:00,1.08905,1.08938,1.0872,1.08769,12265,15,19691050000
2016-07-18 20:00:00,1.08768,1.08799,1.08698,1.08756,5705,15,9023250000
2016-07-18 22:00:00,1.08756,1.08816,1.08749,1.08792,3959,15,4652900000
2016-07-19 00:00:00,1.08784,1.0884,1.08706,1.08814,2477,18,1953450000
2016-07-19 02:00:00,1.08814,1.0884,1.08764,1.0878,4481,15,4450350000
2016-07-19 04:00:00,1.0878,1.08831,1.08753,1.08803,4508,15,3928100000
2016-07-19 06:00:00,1.08803,1.08871,1.08795,1.08858,3045,15,2132450000
2016-07-19 08:00:00,1.08858,1.08899,1.08762,1.0878,5934,15,8332550000
2016-07-19 10:00:00,1.0878,1.08816,1.08625,1.08745,13831,15,19244000000
2016-07-19 12:00:00,1.0874,1.08793,1.08624,1.08717,10902,15,17357050000
2016-07-19 14:00:00,1.08716,1.088,1.08677,1.08704,14969,15,22902950000
2016-07-19 16:00:00,1.08704,1.08715,1.08427,1.08463,16305,15,24300950000
2016-07-19 18:00:00,1.08463,1.08598,1.08372,1.0858,13090,15,17922850000
2016-07-19 20:00:00,1.0858,1.08587,1.08508,1.08552,6301,15,8683650000
2016-07-19 22:00:00,1.08554,1.08616,1.08532,1.08599,4029,15,4818200000
2016-07-20 00:00:00,1.08551,1.08644,1.08477,1.08613,3114,20,3166870000
2016-07-20 02:00:00,1.08612,1.08625,1.08561,1.08564,4835,16,4117050000
2016-07-20 04:00:00,1.08565,1.08642,1.08553,1.08576,6366,15,5506600000
2016-07-20 06:00:00,1.08577,1.08612,1.08565,1.08588,3184,15,3288000000
2016-07-20 08:00:00,1.08589,1.08626,1.08438,1.08471,7408,15,9628300000
2016-07-20 10:00:00,1.0847,1.08707,1.08427,1.08652,15735,15,23992850000
2016-07-20 12:00:00,1.08656,1.08813,1.08634,1.08634,13129,15,20845300000
2016-07-20 14:00:00,1.08635,1.0891,1.08608,1.08814,12324,15,19014050000
2016-07-20 16:00:00,1.08815,1.08875,1.08494,1.08558,14190,15,23144350000
2016-07-20 18:00:00,1.08557,1.08688,1.08538,1.08636,8677,15,16428050000
2016-07-20 20:00:00,1.08636,1.0867,1.08609,1.0864,5409,15,8043900000
2016-07-20 22:00:00,1.08637,1.0876,1.08637,1.08715,5708,15,7239266000
2016-07-21 00:00:00,1.08596,1.08756,1.08133,1.08682,4223,15,3625250000
2016-07-21 02:00:00,1.08682,1.08696,1.08642,1.08667,4309,15,3066700000
2016-07-21 04:00:00,1.08664,1.0868,1.08642,1.08657,3826,17,3467100000
2016-07-21 06:00:00,1.08657,1.087,1.08616,1.08627,4744,15,4464200000
2016-07-21 08:00:00,1.08626,1.08826,1.08614,1.08784,8017,15,10561500000
2016-07-21 10:00:00,1.08785,1.09031,1.08748,1.08763,17306,15,25933100000
2016-07-21 12:00:00,1.08762,1.08812,1.08676,1.08713,15029,15,21803150000
2016-07-21 14:00:00,1.08714,1.0888,1.08658,1.08796,17805,15,23308600000
2016-07-21 16:00:00,1.08797,1.08841,1.08659,1.08714,21707,15,28760600000
2016-07-21 18:00:00,1.08714,1.08768,1.08637,1.08646,12678,15,14916950000
2016-07-21 20:00:00,1.08647,1.08687,1.08583,1.08674,5787,15,7002149000
2016-07-21 22:00:00,1.08676,1.08716,1.08639,1.08662,5283,15,6675850000
2016-07-22 00:00:00,1.08683,1.08691,1.08496,1.08641,3601,19,1511700000
2016-07-22 02:00:00,1.08641,1.08685,1.0862,1.08659,5269,15,3822350000
2016-07-22 04:00:00,1.08658,1.08682,1.08592,1.08596,5132,15,4188100000
2016-07-22 06:00:00,1.08595,1.08619,1.08572,1.08595,2681,15,1419500000
2016-07-22 08:00:00,1.08592,1.08708,1.0858,1.08658,6205,15,6733150000
2016-07-22 10:00:00,1.08657,1.08753,1.08628,1.087,16675,15,18435500000
2016-07-22 12:00:00,1.087,1.08732,1.08579,1.0861,13848,15,15209148000
2016-07-22 14:00:00,1.08609,1.08643,1.08546,1.08619,12838,15,16322600000
2016-07-22 16:00:00,1.0862,1.0868,1.0848,1.08498,15873,15,19856650000
2016-07-22 18:00:00,1.08498,1.08539,1.08322,1.08369,13490,15,18106500000
2016-07-22 20:00:00,1.08369,1.0838,1.08303,1.08346,5776,15,6272793000
2016-07-22 22:00:00,1.08344,1.08385,1.08278,1.08304,5218,15,6427200000
2016-07-25 00:00:00,1.08272,1.08431,1.08254,1.08418,5153,18,5549900000
2016-07-25 02:00:00,1.08416,1.08416,1.08335,1.08356,6214,18,6195350000
2016-07-25 04:00:00,1.08356,1.08416,1.08337,1.08385,5747,15,4415300000
2016-07-25 06:00:00,1.08386,1.08391,1.08324,1.08379,4275,17,4238050000
2016-07-25 08:00:00,1.08378,1.08459,1.08372,1.08399,6236,15,6928099000
2016-07-25 10:00:00,1.084,1.08453,1.08168,1.08245,14101,15,18634849000
2016-07-25 12:00:00,1.08245,1.08343,1.08215,1.08289,11256,15,15500500000
2016-07-25 14:00:00,1.0829,1.08401,1.08273,1.0831,10128,15,13488547000
2016-07-25 16:00:00,1.0831,1.08402,1.08306,1.08321,11258,15,14124049000
2016-07-25 18:00:00,1.08324,1.08397,1.08304,1.08341,7766,15,10654449000
2016-07-25 20:00:00,1.08342,1.08396,1.08313,1.08382,5623,15,6926047000
2016-07-25 22:00:00,1.08385,1.08424,1.08358,1.08385,3630,15,4976799000
2016-07-26 00:00:00,1.08376,1.08398,1.08331,1.08354,2330,21,1589400000
2016-07-26 02:00:00,1.08356,1.08384,1.083,1.08327,5064,16,3850550000
2016-07-26 04:00:00,1.08327,1.08353,1.083,1.0834,4427,15,3172300000
2016-07-26 06:00:00,1.0834,1.08416,1.08328,1.08394,4903,17,3067500000
2016-07-26 08:00:00,1.08395,1.08514,1.08388,1.08482,8054,15,6835300000
2016-07-26 10:00:00,1.08482,1.08496,1.08357,1.08418,12833,15,18266399000
2016-07-26 12:00:00,1.08418,1.08809,1.08373,1.08673,10598,15,13318300000
2016-07-26 14:00:00,1.08672,1.08883,1.08643,1.08871,12071,15,12116749000
2016-07-26 16:00:00,1.08869,1.09055,1.08817,1.0896,16003,15,14714125000
2016-07-26 18:00:00,1.08958,1.09053,1.0894,1.09052,8733,15,10657050000
2016-07-26 20:00:00,1.09049,1.09072,1.09002,1.09009,5212,15,5912500000
2016-07-26 22:00:00,1.09007,1.09032,1.08976,1.09026,3842,15,4599400000
2016-07-27 00:00:00,1.08892,1.09043,1.08888,1.09017,4051,18,3873950000
2016-07-27 02:00:00,1.09014,1.09049,1.08987,1.09036,4964,17,5091350000
2016-07-27 04:00:00,1.09037,1.09055,1.08996,1.09042,4938,15,3623050000
2016-07-27 06:00:00,1.0904,1.0909,1.0899,1.09018,8400,15,8011400000
2016-07-27 08:00:00,1.09018,1.09205,1.09005,1.09162,7404,15,6731320000
2016-07-27 10:00:00,1.09161,1.09347,1.09153,1.09321,11309,15,13841950000
2016-07-27 12:00:00,1.09321,1.09364,1.09216,1.09241,10217,15,10786900000
2016-07-27 14:00:00,1.09241,1.09318,1.09127,1.09249,11674,15,14732150000
2016-07-27 16:00:00,1.09249,1.09339,1.091,1.09108,13470,15,18984500000
2016-07-27 18:00:00,1.09106,1.09217,1.09106,1.09172,9341,15,13156300000
2016-07-27 20:00:00,1.0917,1.09218,1.09047,1.09091,13512,15,18537900000
2016-07-27 22:00:00,1.09091,1.0916,1.08981,1.09025,11861,15,11939898000
2016-07-28 00:00:00,1.0894,1.09065,1.08826,1.09056,4009,23,2238499000
2016-07-28 02:00:00,1.09052,1.09093,1.08985,1.09057,7088,15,4713000000
2016-07-28 04:00:00,1.09057,1.09152,1.09037,1.09137,6468,15,4626300000
2016-07-28 06:00:00,1.09137,1.09143,1.09091,1.0912,5147,15,4614300000
2016-07-28 08:00:00,1.09119,1.0929,1.09074,1.09243,8990,15,7386000000
2016-07-28 10:00:00,1.09246,1.09333,1.09164,1.09221,15455,15,16223798000
2016-07-28 12:00:00,1.09219,1.09267,1.09024,1.09103,11127,15,14342700000
2016-07-28 14:00:00,1.09103,1.09116,1.08733,1.08749,12229,15,17392900000
2016-07-28 16:00:00,1.0875,1.08865,1.08709,1.08818,15085,15,23637692000
2016-07-28 18:00:00,1.08818,1.08843,1.08584,1.08608,9068,15,11119742000
2016-07-28 20:00:00,1.0861,1.08707,1.08578,1.08611,7261,15,9397350000
2016-07-28 22:00:00,1.0861,1.08681,1.08596,1.08645,4388,15,6469900000
2016-07-29 00:00:00,1.08501,1.08654,1.08501,1.08584,3345,15,2025550000
2016-07-29 02:00:00,1.08592,1.08634,1.08462,1.08521,6534,15,6693950000
2016-07-29 04:00:00,1.08521,1.08572,1.08485,1.08554,6926,16,5946950000
2016-07-29 06:00:00,1.08552,1.08552,1.08409,1.08483,9592,15,9088600000
2016-07-29 08:00:00,1.08483,1.08613,1.0846,1.08516,8872,15,9552700000
2016-07-29 10:00:00,1.08515,1.08555,1.08399,1.08493,12305,15,13392105000
2016-07-29 12:00:00,1.08494,1.08512,1.08215,1.08267,10427,15,15096742000
2016-07-29 14:00:00,1.08268,1.08488,1.08162,1.08431,14644,15,22110640000
2016-07-29 16:00:00,1.08431,1.08496,1.08028,1.0803,19318,15,18806724000
2016-07-29 18:00:00,1.08031,1.0834,1.07885,1.08213,15957,15,15429973000
2016-07-29 20:00:00,1.08211,1.08282,1.08169,1.08271,8287,15,9098586000
2016-07-29 22:00:00,1.08272,1.08372,1.08234,1.08331,7206,15,7792223000
2016-08-01 00:00:00,1.08228,1.0836,1.08225,1.08312,4418,22,4599088000
2016-08-01 02:00:00,1.08316,1.08321,1.08237,1.083,6098,16,5344300000
2016-08-01 04:00:00,1.08298,1.0832,1.08252,1.08256,4044,17,2258100000
2016-08-01 06:00:00,1.08256,1.08314,1.08244,1.08296,3874,18,2747500000
2016-08-01 08:00:00,1.08296,1.08337,1.08213,1.08292,5757,15,4523450000
2016-08-01 10:00:00,1.08289,1.08289,1.08061,1.08061,10816,15,9802648000
2016-08-01 12:00:00,1.08062,1.08173,1.08049,1.0816,9605,15,9529550000
2016-08-01 14:00:00,1.08161,1.08185,1.08004,1.08006,9645,15,9763536000
2016-08-01 16:00:00,1.08006,1.08084,1.07939,1.07988,12037,15,10492500000
2016-08-01 18:00:00,1.07988,1.08134,1.07988,1.08075,7786,15,7622905000
2016-08-01 20:00:00,1.08074,1.08153,1.08059,1.08075,5050,15,5642650000
2016-08-01 22:00:00,1.08074,1.08149,1.08042,1.08072,5434,15,5351250000
2016-08-02 00:00:00,1.07999,1.08171,1.07896,1.08106,2921,15,2804200000
2016-08-02 02:00:00,1.08106,1.08142,1.08063,1.0809,3910,15,3199450000
2016-08-02 04:00:00,1.08092,1.08121,1.08053,1.08092,5220,17,5475700000
2016-08-02 06:00:00,1.08096,1.08145,1.08058,1.08104,5302,15,5437400000
2016-08-02 08:00:00,1.08103,1.08195,1.08078,1.08179,6965,15,7094296000
2016-08-02 10:00:00,1.08179,1.08301,1.08128,1.08192,14747,15,13394359000
2016-08-02 12:00:00,1.08193,1.08196,1.08094,1.0812,9177,15,9241350000
2016-08-02 14:00:00,1.08119,1.08199,1.08054,1.08086,11660,15,11667472000
2016-08-02 16:00:00,1.08086,1.0834,1.08086,1.08204,15044,15,10815450000
2016-08-02 18:00:00,1.08205,1.08297,1.08156,1.08238,10419,15,11632284000
2016-08-02 20:00:00,1.08236,1.08289,1.08198,1.08214,6228,15,5409723000
2016-08-02 22:00:00,1.08214,1.08279,1.08128,1.08128,4835,15,5011579000
2016-08-03 00:00:00,1.08194,1.08289,1.0813,1.08211,3599,20,3093350000
2016-08-03 02:00:00,1.08211,1.08276,1.08208,1.08233,4954,17,4467300000
2016-08-03 04:00:00,1.08233,1.08277,1.08205,1.08228,4782,15,5042450000
2016-08-03 06:00:00,1.08228,1.08298,1.08223,1.0828,4639,15,3558000000
2016-08-03 08:00:00,1.0828,1.08324,1.08186,1.0831,5918,15,4961450000
2016-08-03 10:00:00,1.0831,1.08434,1.0825,1.08431,11687,15,10517264000
2016-08-03 12:00:00,1.08431,1.08488,1.08346,1.08461,9629,15,10219360000
2016-08-03 14:00:00,1.08461,1.08498,1.08358,1.08391,11167,15,12458880000
2016-08-03 16:00:00,1.0839,1.08556,1.08386,1.08549,15210,15,13474278000
2016-08-03 18:00:00,1.08549,1.0858,1.08502,1.08548,8839,15,7740195000
2016-08-03 20:00:00,1.08548,1.0856,1.08431,1.0848,7500,15,7537600000
2016-08-03 22:00:00,1.08478,1.08513,1.08454,1.08467,4544,15,4461750000
2016-08-04 00:00:00,1.08482,1.08506,1.0843,1.08456,4099,15,4421850000
2016-08-04 02:00:00,1.08453,1.08493,1.08409,1.08418,5826,15,6656350000
2016-08-04 04:00:00,1.08416,1.08454,1.0837,1.08385,7149,15,6568300000
2016-08-04 06:00:00,1.08382,1.0843,1.0837,1.08412,4802,16,4830950000
2016-08-04 08:00:00,1.08411,1.08422,1.08337,1.08343,7854,15,7781550000
2016-08-04 10:00:00,1.08337,1.08443,1.08288,1.0843,10121,15,7600100000
2016-08-04 12:00:00,1.08429,1.0849,1.0834,1.08364,9936,15,10866348000
2016-08-04 14:00:00,1.08365,1.08424,1.08262,1.08419,17882,15,16764450000
2016-08-04 16:00:00,1.08419,1.08485,1.08325,1.08389,13533,15,11372700000
2016-08-04 18:00:00,1.08389,1.08453,1.08363,1.08447,8470,15,9125700000
2016-08-04 20:00:00,1.08446,1.08451,1.08349,1.08376,4497,15,4172400000
2016-08-04 22:00:00,1.08381,1.08414,1.08329,1.08378,3992,17,4496450000
2016-08-05 00:00:00,1.08258,1.08419,1.08257,1.08382,2857,22,1424400000
2016-08-05 02:00:00,1.08381,1.08447,1.0837,1.08418,3825,18,1659948000
2016-08-05 04:00:00,1.08418,1.08456,1.08398,1.08415,3699,15,2720950000
2016-08-05 06:00:00,1.08416,1.08446,1.08396,1.08444,2194,17,1024250000
2016-08-05 08:00:00,1.08444,1.0849,1.08405,1.0843,4715,15,3694100000
2016-08-05 10:00:00,1.08431,1.08619,1.08429,1.08537,9253,15,9606446000
2016-08-05 12:00:00,1.08536,1.08646,1.08521,1.08577,7802,15,7626550000
2016-08-05 14:00:00,1.0858,1.08621,1.0847,1.08603,14572,15,13877773000
2016-08-05 16:00:00,1.08605,1.08641,1.08534,1.08563,16899,15,13451789000
2016-08-05 18:00:00,1.08563,1.08642,1.08537,1.08596,8965,15,8738849000
2016-08-05 20:00:00,1.08591,1.08679,1.08575,1.08652,5174,15,5594948000
2016-08-05 22:00:00,1.08652,1.08769,1.08637,1.08702,4628,15,3476800000
2016-08-08 00:00:00,1.08526,1.08773,1.0847,1.08702,3211,15,2922640000
2016-08-08 02:00:00,1.08702,1.08718,1.08658,1.08668,4380,17,3897950000
2016-08-08 04:00:00,1.08666,1.08716,1.08645,1.08699,4783,16,4695900000
2016-08-08 06:00:00,1.08699,1.0873,1.08674,1.08715,4105,15,2807250000
2016-08-08 08:00:00,1.08715,1.08756,1.08648,1.08648,5186,15,3973570000
2016-08-08 10:00:00,1.08647,1.08842,1.08642,1.08836,9414,15,7945649000
2016-08-08 12:00:00,1.08836,1.08891,1.08815,1.08836,8674,15,7429798000
2016-08-08 14:00:00,1.08835,1.0889,1.08781,1.08886,7887,15,7096650000
2016-08-08 16:00:00,1.08885,1.0903,1.0883,1.08899,11056,15,8829179000
2016-08-08 18:00:00,1.08899,1.08996,1.08882,1.08903,6649,15,6401950000
2016-08-08 20:00:00,1.08905,1.08949,1.0888,1.08931,3738,15,3759350000
2016-08-08 22:00:00,1.08932,1.08946,1.08887,1.0893,3599,15,3647400000
2016-08-09 00:00:00,1.08871,1.08945,1.0886,1.08941,4273,22,3878750000
2016-08-09 02:00:00,1.08934,1.08967,1.089,1.08925,4073,15,2736400000
2016-08-09 04:00:00,1.08925,1.08961,1.08875,1.08936,4570,18,2474200000
2016-08-09 06:00:00,1.08937,1.08964,1.08918,1.08957,4217,18,2709900000
2016-08-09 08:00:00,1.08956,1.08971,1.08867,1.08868,4610,16,3028396000
2016-08-09 10:00:00,1.08868,1.09057,1.08863,1.09037,8133,15,6301801000
2016-08-09 12:00:00,1.09037,1.0907,1.08919,1.08977,8180,15,7154600000
2016-08-09 14:00:00,1.08976,1.09038,1.08906,1.08975,8563,15,7381100000
2016-08-09 16:00:00,1.08975,1.09191,1.0897,1.0914,13152,15,14365106000
2016-08-09 18:00:00,1.0914,1.09187,1.09098,1.09098,7422,15,8250100000
2016-08-09 20:00:00,1.09098,1.09118,1.09051,1.09108,4694,15,4442050000
2016-08-09 22:00:00,1.09104,1.09114,1.09052,1.09052,3853,16,3362100000
2016-08-10 00:00:00,1.09052,1.09114,1.08899,1.09085,3012,21,2184316000
2016-08-10 02:00:00,1.09085,1.09182,1.09048,1.09173,6758,15,5511268000
2016-08-10 04:00:00,1.09173,1.09241,1.09172,1.09213,5829,15,4041944000
2016-08-10 06:00:00,1.09213,1.09235,1.0919,1.092,3439,16,2538750000
2016-08-10 08:00:00,1.09199,1.09242,1.09141,1.09151,5622,15,3225897000
2016-08-10 10:00:00,1.09152,1.0923,1.09018,1.09122,7820,15,6421628000
2016-08-10 12:00:00,1.09122,1.0924,1.09077,1.09196,8899,15,8095158000
2016-08-10 14:00:00,1.09196,1.09216,1.0912,1.09126,9205,15,7798748000
2016-08-10 16:00:00,1.09126,1.09131,1.08991,1.09068,10312,15,10124697000
2016-08-10 18:00:00,1.09067,1.09117,1.08988,1.09004,6178,15,5400883000
2016-08-10 20:00:00,1.09003,1.09085,1.08963,1.08998,4385,15,4635300000
2016-08-10 22:00:00,1.08997,1.08998,1.08928,1.08928,3330,15,3197950000
2016-08-11 00:00:00,1.0892,1.08983,1.08889,1.08947,3657,15,3217100000
2016-08-11 02:00:00,1.08948,1.08984,1.08919,1.08948,4788,15,4709799000
2016-08-11 04:00:00,1.08948,1.08955,1.08891,1.08908,3751,15,2587100000
2016-08-11 06:00:00,1.08907,1.0892,1.08854,1.08861,4055,15,3533050000
2016-08-11 08:00:00,1.08859,1.08888,1.08796,1.08821,4440,15,3438399000
2016-08-11 10:00:00,1.08821,1.08823,1.08708,1.08735,9475,15,7647749000
2016-08-11 12:00:00,1.08735,1.08761,1.0866,1.08684,6986,15,5360400000
2016-08-11 14:00:00,1.08683,1.08691,1.08549,1.08602,7832,15,6035931000
2016-08-11 16:00:00,1.08602,1.08638,1.08534,1.08572,9721,15,9425283000
2016-08-11 18:00:00,1.08572,1.08633,1.08543,1.08575,7464,15,6856939000
2016-08-11 20:00:00,1.08575,1.0865,1.08561,1.08589,5747,15,6904455000
2016-08-11 22:00:00,1.08589,1.08644,1.08586,1.08621,3659,15,3497455000
2016-08-12 00:00:00,1.08555,1.08683,1.08536,1.08601,2524,15,1837027000
2016-08-12 02:00:00,1.08603,1.08643,1.08566,1.08595,3204,15,1981550000
2016-08-12 04:00:00,1.08595,1.08618,1.0858,1.08588,2992,15,2232500000
2016-08-12 06:00:00,1.08589,1.08619,1.08568,1.08619,3026,17,3009050000
2016-08-12 08:00:00,1.08619,1.08624,1.08544,1.08552,4966,15,4017600000
2016-08-12 10:00:00,1.08551,1.08735,1.08544,1.08718,8455,15,7162344000
2016-08-12 12:00:00,1.08717,1.08852,1.08677,1.08804,7065,15,6680079000
2016-08-12 14:00:00,1.08803,1.08985,1.0878,1.08835,11665,15,12894266000
2016-08-12 16:00:00,1.08835,1.0894,1.08735,1.08796,14694,15,15835550000
2016-08-12 18:00:00,1.08796,1.08827,1.08741,1.08814,7474,15,8655910000
2016-08-12 20:00:00,1.08814,1.0884,1.08802,1.08833,4550,16,4389400000
2016-08-12 22:00:00,1.08833,1.08839,1.08779,1.08788,3281,15,2701150000
2016-08-15 00:00:00,1.08703,1.08875,1.08646,1.08822,1995,15,1218650000
2016-08-15 02:00:00,1.08815,1.0886,1.08775,1.08809,3666,18,3106050000
2016-08-15 04:00:00,1.08809,1.08854,1.08807,1.0885,3656,19,3808800000
2016-08-15 06:00:00,1.08849,1.08874,1.08841,1.08863,2618,16,1960200000
2016-08-15 08:00:00,1.08863,1.08912,1.0884,1.08866,4298,15,3584050000
2016-08-15 10:00:00,1.08866,1.08931,1.088,1.08851,8722,15,7372150000
2016-08-15 12:00:00,1.08851,1.08863,1.08796,1.08819,5967,15,5455900000
2016-08-15 14:00:00,1.08818,1.08965,1.08793,1.08889,9653,15,9948300000
2016-08-15 16:00:00,1.08889,1.09022,1.08816,1.08819,11356,15,12391794000
2016-08-15 18:00:00,1.08819,1.08859,1.08752,1.08781,7311,15,10060538000
2016-08-15 20:00:00,1.08781,1.08793,1.08712,1.08749,3453,15,4926729000
2016-08-15 22:00:00,1.08752,1.08796,1.0875,1.08778,2842,15,2974889000
2016-08-16 00:00:00,1.0877,1.08826,1.08702,1.088,3035,19,2252996000
2016-08-16 02:00:00,1.088,1.08819,1.08751,1.08776,3513,19,2662398000
2016-08-16 04:00:00,1.08775,1.08831,1.08771,1.08783,3283,15,2209845000
2016-08-16 06:00:00,1.08783,1.08825,1.08765,1.08809,4830,15,4143394000
2016-08-16 08:00:00,1.08809,1.08885,1.0871,1.088,9816,15,7879496000
2016-08-16 10:00:00,1.088,1.08802,1.0854,1.08651,14001,15,12661730000
2016-08-16 12:00:00,1.0865,1.08688,1.08431,1.08503,10728,15,8722997000
2016-08-16 14:00:00,1.08504,1.08609,1.08397,1.08556,15460,15,13875380000
2016-08-16 16:00:00,1.08554,1.08583,1.08356,1.08494,15599,15,17552400000
2016-08-16 18:00:00,1.08494,1.08554,1.08449,1.08486,8962,15,8381350000
2016-08-16 20:00:00,1.08484,1.08529,1.08437,1.08507,5354,15,5372114000
2016-08-16 22:00:00,1.08507,1.08548,1.08438,1.08441,3447,15,2821214000
2016-08-17 00:00:00,1.08449,1.08505,1.08159,1.08439,2661,20,1617500000
2016-08-17 02:00:00,1.08445,1.08489,1.08416,1.0845,5332,15,4894400000
2016-08-17 04:00:00,1.08451,1.0849,1.08445,1.08481,5058,17,4892948000
2016-08-17 06:00:00,1.08481,1.08525,1.08459,1.08514,4109,18,3555950000
2016-08-17 08:00:00,1.08506,1.08529,1.08453,1.08493,6788,15,4686040000
2016-08-17 10:00:00,1.08494,1.08499,1.08347,1.08428,11103,15,10099550000
2016-08-17 12:00:00,1.08428,1.08539,1.08403,1.085,8019,15,6589900000
2016-08-17 14:00:00,1.085,1.08636,1.08469,1.08598,8379,15,7253831000
2016-08-17 16:00:00,1.08599,1.08606,1.08511,1.08523,11314,15,10878400000
2016-08-17 18:00:00,1.08523,1.08609,1.08522,1.08589,8329,15,8395600000
2016-08-17 20:00:00,1.08587,1.08626,1.08531,1.0857,13331,15,14051850000
2016-08-17 22:00:00,1.08567,1.08618,1.08549,1.08549,5429,15,5667400000
2016-08-18 00:00:00,1.08614,1.08671,1.08552,1.08594,2845,15,2361150000
2016-08-18 02:00:00,1.08598,1.08662,1.08594,1.08634,6918,16,4991298000
2016-08-18 04:00:00,1.08635,1.0867,1.08619,1.08634,7372,15,4737350000
2016-08-18 06:00:00,1.08632,1.08674,1.08615,1.08665,5593,15,4027900000
2016-08-18 08:00:00,1.08667,1.08696,1.0858,1.08616,7595,15,5711050000
2016-08-18 10:00:00,1.08615,1.08658,1.08412,1.08499,13476,15,11605000000
2016-08-18 12:00:00,1.08501,1.08522,1.08409,1.08496,10186,15,10028370000
2016-08-18 14:00:00,1.08495,1.08573,1.08448,1.08471,12815,15,13848299000
2016-08-18 16:00:00,1.08471,1.08582,1.08413,1.0848,11746,15,10589250000
2016-08-18 18:00:00,1.08481,1.08551,1.08459,1.08486,7634,15,6819100000
2016-08-18 20:00:00,1.08488,1.08514,1.08304,1.08314,6331,15,5734250000
2016-08-18 22:00:00,1.0832,1.08414,1.08304,1.08353,5769,15,5172650000
2016-08-19 00:00:00,1.08313,1.08384,1.08275,1.08323,6009,15,4394050000
2016-08-19 02:00:00,1.08328,1.0837,1.08291,1.08317,6458,17,6206316000
2016-08-19 04:00:00,1.08316,1.08341,1.0827,1.08302,6328,16,5701750000
2016-08-19 06:00:00,1.08299,1.08375,1.08284,1.08352,5144,15,3468650000
2016-08-19 08:00:00,1.08352,1.0839,1.08299,1.08358,6083,15,3659292000
2016-08-19 10:00:00,1.08356,1.08407,1.08262,1.08295,12013,15,10505592000
2016-08-19 12:00:00,1.08295,1.08465,1.08258,1.08411,8268,15,6093288000
2016-08-19 14:00:00,1.08408,1.08547,1.08404,1.08497,11065,15,11518700000
2016-08-19 16:00:00,1.08497,1.08658,1.08386,1.08658,14615,15,13470186000
2016-08-19 18:00:00,1.08657,1.08727,1.08627,1.08707,7256,15,7909000000
2016-08-19 20:00:00,1.08707,1.08736,1.08657,1.08658,4363,15,4696250000
2016-08-19 22:00:00,1.08659,1.08733,1.0864,1.08701,3633,15,2631050000
2016-08-22 00:00:00,1.08673,1.08775,1.08279,1.0868,6471,15,6196337000
2016-08-22 02:00:00,1.08686,1.08692,1.08588,1.08648,8455,15,7674000000
2016-08-22 04:00:00,1.08648,1.08724,1.08637,1.087,7403,15,6503050000
2016-08-22 06:00:00,1.08699,1.08732,1.08683,1.08717,5317,17,5493400000
2016-08-22 08:00:00,1.08718,1.08751,1.08699,1.08731,5785,15,5020800000
2016-08-22 10:00:00,1.08731,1.08916,1.08671,1.08778,11105,15,11175140000
2016-08-22 12:00:00,1.08778,1.08826,1.08679,1.08818,8021,15,9176850000
2016-08-22 14:00:00,1.08819,1.08892,1.08748,1.08764,8825,15,8779896000
2016-08-22 16:00:00,1.08763,1.08931,1.08749,1.08925,12100,15,14447247000
2016-08-22 18:00:00,1.08925,1.08935,1.08832,1.0885,8486,15,9157390000
2016-08-22 20:00:00,1.0885,1.08881,1.08828,1.0887,3534,15,3825650000
2016-08-22 22:00:00,1.08873,1.0893,1.0885,1.08906,3177,15,3176400000
2016-08-23 00:00:00,1.08916,1.08951,1.08876,1.08918,3160,15,2485650000
2016-08-23 02:00:00,1.08918,1.09001,1.08903,1.08961,6260,15,3607249000
2016-08-23 04:00:00,1.08961,1.08998,1.08948,1.08992,4652,15,3001200000
2016-08-23 06:00:00,1.08992,1.0903,1.08963,1.09011,4411,15,2490849000
2016-08-23 08:00:00,1.0901,1.09025,1.08801,1.08855,6978,15,4808399000
2016-08-23 10:00:00,1.08856,1.08961,1.08815,1.08874,11287,15,10289150000
2016-08-23 12:00:00,1.08874,1.09028,1.0887,1.09013,8405,15,8265194000
2016-08-23 14:00:00,1.09015,1.09058,1.08928,1.08986,9241,15,9374045000
2016-08-23 16:00:00,1.08987,1.08993,1.08756,1.08781,11286,15,10094050000
2016-08-23 18:00:00,1.08781,1.08893,1.08778,1.08878,8315,15,8688137000
2016-08-23 20:00:00,1.08878,1.08888,1.08822,1.08859,4934,15,5113350000
2016-08-23 22:00:00,1.08858,1.08893,1.08829,1.0886,4163,16,4150450000
2016-08-24 00:00:00,1.08871,1.08904,1.08807,1.0886,3062,15,2729750000
2016-08-24 02:00:00,1.0886,1.08924,1.08842,1.08895,5901,15,2496341000
2016-08-24 04:00:00,1.08895,1.08917,1.08859,1.08897,6136,15,3131500000
2016-08-24 06:00:00,1.08897,1.08904,1.08841,1.08853,3342,15,2463940000
2016-08-24 08:00:00,1.08853,1.08886,1.08842,1.08869,5901,15,4754040000
2016-08-24 10:00:00,1.0887,1.08979,1.08737,1.08783,11800,15,9287290000
2016-08-24 12:00:00,1.08783,1.08836,1.08682,1.08836,9488,15,8406789000
2016-08-24 14:00:00,1.08836,1.0898,1.08797,1.08908,11469,15,8448347000
2016-08-24 16:00:00,1.08908,1.08949,1.08821,1.08843,12775,15,12895346000
2016-08-24 18:00:00,1.08844,1.08899,1.08828,1.08871,8257,15,8342296000
2016-08-24 20:00:00,1.08871,1.08933,1.0885,1.08928,4695,15,5344649000
2016-08-24 22:00:00,1.08929,1.08936,1.08891,1.089,4160,15,4478944000
2016-08-25 00:00:00,1.08884,1.0894,1.08861,1.08907,2789,22,1522200000
2016-08-25 02:00:00,1.08908,1.08984,1.08873,1.08931,5352,15,3758746000
2016-08-25 04:00:00,1.08931,1.08983,1.08904,1.08965,4487,15,3441200000
2016-08-25 06:00:00,1.08965,1.08985,1.08934,1.0895,4072,15,1876299000
2016-08-25 08:00:00,1.0895,1.08985,1.08872,1.08913,4633,16,3784800000
2016-08-25 10:00:00,1.08917,1.08943,1.08818,1.08885,9781,15,7951548000
2016-08-25 12:00:00,1.08887,1.08976,1.08864,1.0896,7788,15,7682650000
2016-08-25 14:00:00,1.08959,1.09113,1.08922,1.09082,10472,15,8631207000
2016-08-25 16:00:00,1.09082,1.09183,1.0906,1.09183,12306,15,11335198000
2016-08-25 18:00:00,1.09183,1.09197,1.09148,1.09189,6592,15,6024050000
2016-08-25 20:00:00,1.09188,1.09194,1.09167,1.0918,4192,15,3106299000
2016-08-25 22:00:00,1.09181,1.09195,1.09147,1.09147,3158,15,2198400000
2016-08-26 00:00:00,1.09175,1.09232,1.09104,1.09167,4552,15,2143997000
2016-08-26 02:00:00,1.09165,1.0919,1.09115,1.0917,4882,15,3068650000
2016-08-26 04:00:00,1.09172,1.09174,1.09127,1.09133,4003,15,3394700000
2016-08-26 06:00:00,1.09131,1.09165,1.09125,1.09125,2158,15,1617050000
2016-08-26 08:00:00,1.09125,1.09137,1.09022,1.09078,5338,15,4453400000
2016-08-26 10:00:00,1.09079,1.09127,1.08981,1.08995,9850,15,7476550000
2016-08-26 12:00:00,1.08995,1.09219,1.08987,1.09184,7198,15,6102523000
2016-08-26 14:00:00,1.09184,1.09354,1.09163,1.09318,10502,15,9781750000
2016-08-26 16:00:00,1.09317,1.09414,1.09187,1.09242,22811,15,22479550000
2016-08-26 18:00:00,1.09242,1.09358,1.0914,1.0933,18956,15,18488936000
2016-08-26 20:00:00,1.0933,1.09577,1.09309,1.0951,11344,15,9243480000
2016-08-26 22:00:00,1.0951,1.09552,1.09433,1.09433,7064,15,4846750000
2016-08-29 00:00:00,1.09402,1.09541,1.09341,1.09505,3344,20,1962900000
2016-08-29 02:00:00,1.09505,1.09522,1.09396,1.09427,4935,15,2917450000
2016-08-29 04:00:00,1.09427,1.09515,1.09427,1.09486,4889,15,4581700000
2016-08-29 06:00:00,1.09485,1.09501,1.09431,1.09471,3659,15,2754500000
2016-08-29 08:00:00,1.09467,1.09479,1.09398,1.09446,5549,15,4116898000
2016-08-29 10:00:00,1.09443,1.09481,1.09251,1.09325,10376,15,7743379000
2016-08-29 12:00:00,1.09326,1.09392,1.09297,1.09347,6792,15,5386650000
2016-08-29 14:00:00,1.09347,1.09416,1.09332,1.09364,9540,15,9594599000
2016-08-29 16:00:00,1.09366,1.09458,1.09338,1.09366,12154,15,10365446000
2016-08-29 18:00:00,1.09369,1.09392,1.09332,1.0939,7120,15,5681050000
2016-08-29 20:00:00,1.09389,1.09438,1.0932,1.09438,6077,15,5077835000
2016-08-29 22:00:00,1.0944,1.09464,1.09385,1.09446,3795,15,4182500000
2016-08-30 00:00:00,1.09426,1.09469,1.09338,1.09418,5353,23,4457050000
2016-08-30 02:00:00,1.09418,1.09461,1.09376,1.09437,5320,15,4140172000
2016-08-30 04:00:00,1.09437,1.09575,1.09408,1.09515,5394,15,4500100000
2016-08-30 06:00:00,1.09514,1.09567,1.09492,1.09545,3774,15,2655500000
2016-08-30 08:00:00,1.09546,1.09555,1.09374,1.09397,5548,15,3910250000
2016-08-30 10:00:00,1.09402,1.0945,1.09321,1.09423,9637,15,9769898000
2016-08-30 12:00:00,1.09422,1.09463,1.09356,1.09436,9292,15,6669500000
2016-08-30 14:00:00,1.09438,1.0954,1.09388,1.0948,10733,15,10060099000
2016-08-30 16:00:00,1.09478,1.09551,1.09425,1.09459,14127,15,13266750000
2016-08-30 18:00:00,1.09464,1.09638,1.09464,1.09607,7673,15,6980248000
2016-08-30 20:00:00,1.09608,1.09633,1.09535,1.09579,5427,15,5222844000
2016-08-30 22:00:00,1.09581,1.09639,1.09556,1.09616,3486,15,2806700000
2016-08-31 00:00:00,1.09506,1.09619,1.09478,1.09609,3556,17,1914750000
2016-08-31 02:00:00,1.09608,1.09666,1.09571,1.09585,4957,15,3382400000
2016-08-31 04:00:00,1.09587,1.09673,1.09551,1.09625,6127,15,4778450000
2016-08-31 06:00:00,1.09626,1.0966,1.09597,1.09602,4131,15,3670046000
2016-08-31 08:00:00,1.09603,1.09661,1.09488,1.09507,6742,16,5820400000
2016-08-31 10:00:00,1.09508,1.09626,1.095,1.09555,11077,15,9617638000
2016-08-31 12:00:00,1.09555,1.09735,1.09526,1.09632,7706,15,7065000000
2016-08-31 14:00:00,1.09633,1.09699,1.0949,1.09614,11838,15,10755320000
2016-08-31 16:00:00,1.09614,1.09635,1.09364,1.09424,15421,15,12774942000
2016-08-31 18:00:00,1.09423,1.09646,1.09408,1.09622,9698,15,7177395000
2016-08-31 20:00:00,1.09624,1.09709,1.09569,1.09707,5104,15,5132899000
2016-08-31 22:00:00,1.09707,1.09766,1.09676,1.09752,4319,15,3515997000
2016-09-01 00:00:00,1.09699,1.09782,1.09687,1.09769,3806,15,2033450000
2016-09-01 02:00:00,1.09773,1.09789,1.0969,1.09703,5282,15,3082200000
2016-09-01 04:00:00,1.09701,1.09768,1.09678,1.09685,5179,15,3120850000
2016-09-01 06:00:00,1.09685,1.09726,1.09684,1.09698,3814,15,2303745000
2016-09-01 08:00:00,1.09699,1.09711,1.09641,1.09648,5651,15,3878900000
2016-09-01 10:00:00,1.09648,1.10002,1.09645,1.09943,13588,15,11169544000
2016-09-01 12:00:00,1.09943,1.09954,1.09654,1.09764,9523,15,9156900000
2016-09-01 14:00:00,1.09763,1.0986,1.09694,1.09772,11059,15,9440547000
2016-09-01 16:00:00,1.09772,1.0981,1.09647,1.09705,17860,15,13732637000
2016-09-01 18:00:00,1.09705,1.09718,1.09555,1.09639,10110,15,9677580000
2016-09-01 20:00:00,1.0964,1.09753,1.09619,1.09729,5377,15,5018464000
2016-09-01 22:00:00,1.09731,1.09752,1.09672,1.09728,3871,15,2847779000
2016-09-02 00:00:00,1.0961,1.09738,1.0961,1.097,2648,18,1541700000
2016-09-02 02:00:00,1.09701,1.09761,1.09685,1.09747,4084,15,2904550000
2016-09-02 04:00:00,1.09745,1.09781,1.09733,1.09781,3710,15,2610800000
2016-09-02 06:00:00,1.09781,1.09782,1.09723,1.09726,3895,18,2498150000
2016-09-02 08:00:00,1.09726,1.09736,1.09679,1.09718,5545,15,4240250000
2016-09-02 10:00:00,1.09717,1.09755,1.0961,1.09639,9986,15,8268300000
2016-09-02 12:00:00,1.09636,1.09651,1.09523,1.09532,7563,15,6430800000
2016-09-02 14:00:00,1.09532,1.09815,1.09414,1.09733,16173,15,14413015000
2016-09-02 16:00:00,1.09733,1.09782,1.09395,1.09422,21538,15,20352400000
2016-09-02 18:00:00,1.09422,1.09424,1.09342,1.09405,9765,15,9582948000
2016-09-02 20:00:00,1.09406,1.09416,1.09363,1.09399,5255,15,5015950000
2016-09-02 22:00:00,1.09399,1.09399,1.08877,1.08877,3263,15,3068018000
2016-09-05 00:00:00,1.09328,1.09376,1.09235,1.09354,3474,27,1619000000
2016-09-05 02:00:00,1.09354,1.09369,1.09318,1.09321,3888,15,2543100000
2016-09-05 04:00:00,1.09321,1.09393,1.09321,1.09347,5542,15,3917130000
2016-09-05 06:00:00,1.09347,1.09381,1.09323,1.09367,4208,15,2462300000
2016-09-05 08:00:00,1.09365,1.09387,1.09308,1.09315,6609,15,5108700000
2016-09-05 10:00:00,1.09314,1.09368,1.09224,1.09277,8911,15,8391900000
2016-09-05 12:00:00,1.09277,1.09313,1.09224,1.09287,8174,15,9116050000
2016-09-05 14:00:00,1.09287,1.09384,1.09224,1.09357,7151,15,6633050000
2016-09-05 16:00:00,1.09357,1.09358,1.09254,1.09254,7609,15,7686450000
2016-09-05 18:00:00,1.09254,1.09297,1.09238,1.0929,4530,15,3853696000
2016-09-05 20:00:00,1.09291,1.09295,1.09241,1.09241,1878,15,1909350000
2016-09-05 22:00:00,1.09242,1.09265,1.0921,1.09212,4673,17,4621700000
2016-09-06 00:00:00,1.09132,1.09262,1.09099,1.0925,2621,16,1075697000
2016-09-06 02:00:00,1.09251,1.09295,1.09219,1.09279,4060,15,2195035000
2016-09-06 04:00:00,1.09278,1.09346,1.0926,1.09302,4546,15,2874700000
2016-09-06 06:00:00,1.09302,1.0932,1.09271,1.09283,4119,15,2429700000
2016-09-06 08:00:00,1.09284,1.09329,1.09212,1.09229,6013,15,5992800000
2016-09-06 10:00:00,1.09228,1.09449,1.09206,1.09412,10649,15,8327318000
2016-09-06 12:00:00,1.09414,1.09414,1.09282,1.09285,6740,15,5457300000
2016-09-06 14:00:00,1.09285,1.09298,1.09185,1.09233,9581,15,9919100000
2016-09-06 16:00:00,1.09233,1.094,1.09221,1.09262,19607,15,17338650000
2016-09-06 18:00:00,1.09263,1.09305,1.09178,1.09193,11655,15,10306000000
2016-09-06 20:00:00,1.09192,1.09231,1.09148,1.09174,7368,15,5536050000
2016-09-06 22:00:00,1.09174,1.09183,1.09075,1.0912,4283,15,3804400000
2016-09-07 00:00:00,1.09096,1.09166,1.09002,1.09117,5381,15,2945590000
2016-09-07 02:00:00,1.09117,1.09178,1.09049,1.09071,9071,15,7201500000
2016-09-07 04:00:00,1.09071,1.0909,1.09039,1.09081,6377,15,6126000000
2016-09-07 06:00:00,1.09081,1.09093,1.0901,1.09013,5032,15,4253600000
2016-09-07 08:00:00,1.09015,1.09108,1.08974,1.09086,7089,15,4877584000
2016-09-07 10:00:00,1.09079,1.0908,1.08903,1.0896,11814,15,10580621000
2016-09-07 12:00:00,1.08961,1.08968,1.08872,1.08944,8298,15,7512448000
2016-09-07 14:00:00,1.08943,1.08983,1.08869,1.0889,9239,15,10091491000
2016-09-07 16:00:00,1.0889,1.08996,1.08874,1.08943,15032,15,15530927000
2016-09-07 18:00:00,1.08942,1.09044,1.08918,1.08998,9071,15,9290372000
2016-09-07 20:00:00,1.08999,1.09013,1.08951,1.08989,4483,15,4400450000
2016-09-07 22:00:00,1.0899,1.09035,1.08974,1.08974,3608,15,3144608000
2016-09-08 00:00:00,1.08882,1.09014,1.08882,1.0899,2914,23,1487060000
2016-09-08 02:00:00,1.08988,1.09013,1.08971,1.08986,4114,17,2198350000
2016-09-08 04:00:00,1.08986,1.09028,1.08961,1.09012,5075,15,3134600000
2016-09-08 06:00:00,1.09013,1.09034,1.08952,1.0896,3987,17,2619950000
2016-09-08 08:00:00,1.0896,1.09182,1.0896,1.09167,7017,15,5793999000
2016-09-08 10:00:00,1.09164,1.09222,1.09133,1.09149,9293,15,9037792000
2016-09-08 12:00:00,1.09149,1.09267,1.09129,1.09179,8874,15,7264086000
2016-09-08 14:00:00,1.09178,1.09337,1.09077,1.09281,18856,15,21198666000
2016-09-08 16:00:00,1.09281,1.09432,1.09198,1.09271,18611,15,16694403000
2016-09-08 18:00:00,1.09271,1.09496,1.09258,1.09448,14075,15,11284889000
2016-09-08 20:00:00,1.09448,1.09543,1.09422,1.095,6670,15,6990014000
2016-09-08 22:00:00,1.09501,1.09522,1.09473,1.09511,4390,16,4909088000
2016-09-09 00:00:00,1.09487,1.09552,1.09431,1.09501,2856,15,1400218000
2016-09-09 02:00:00,1.09501,1.09538,1.09489,1.09496,4875,18,3154590000
2016-09-09 04:00:00,1.09497,1.09547,1.09489,1.09537,5282,17,5168000000
2016-09-09 06:00:00,1.09537,1.09571,1.09528,1.09561,3627,19,3001541000
2016-09-09 08:00:00,1.09559,1.09644,1.09559,1.09578,6064,15,5173387000
2016-09-09 10:00:00,1.09575,1.09722,1.09572,1.0968,9556,15,8608410000
2016-09-09 12:00:00,1.09679,1.09751,1.09655,1.09738,9072,15,8435291000
2016-09-09 14:00:00,1.09738,1.09752,1.09618,1.09618,14645,15,14331506000
2016-09-09 16:00:00,1.09618,1.09659,1.09464,1.09477,19066,15,16103151000
2016-09-09 18:00:00,1.09476,1.09552,1.09465,1.09531,10121,15,8252600000
2016-09-09 20:00:00,1.09531,1.09565,1.09491,1.09503,6879,15,6009483000
2016-09-09 22:00:00,1.09501,1.09565,1.0908,1.0908,4274,16,3356900000
2016-09-12 00:00:00,1.09429,1.09565,1.09404,1.09557,3776,17,2488460000
2016-09-12 02:00:00,1.09555,1.09629,1.09533,1.09627,5565,17,2051249000
2016-09-12 04:00:00,1.09625,1.09674,1.09611,1.09639,4376,15,1891600000
2016-09-12 06:00:00,1.0964,1.09702,1.09632,1.09691,3216,16,1268199000
2016-09-12 08:00:00,1.09691,1.09733,1.09546,1.09548,5840,15,4912350000
2016-09-12 10:00:00,1.09549,1.09632,1.09475,1.09476,11314,15,9630150000
2016-09-12 12:00:00,1.09476,1.09505,1.09386,1.09413,11288,15,11550650000
2016-09-12 14:00:00,1.09414,1.09414,1.09303,1.09358,11239,15,10940613000
2016-09-12 16:00:00,1.09357,1.09375,1.09196,1.09282,11649,15,10723062000
2016-09-12 18:00:00,1.09281,1.09331,1.09244,1.0929,12753,15,12654706000
2016-09-12 20:00:00,1.0929,1.09314,1.09151,1.09244,15943,15,14108773000
2016-09-12 22:00:00,1.09244,1.0925,1.09178,1.09201,5488,15,6330520000
2016-09-13 00:00:00,1.09146,1.09238,1.09146,1.09199,4347,15,3374650000
2016-09-13 02:00:00,1.09198,1.09264,1.09166,1.09178,6482,15,4251200000
2016-09-13 04:00:00,1.09178,1.09188,1.09146,1.09154,4652,16,3544750000
2016-09-13 06:00:00,1.09153,1.09185,1.09108,1.09182,3922,15,3404400000
2016-09-13 08:00:00,1.09183,1.09227,1.09125,1.0921,6442,15,5796531000
2016-09-13 10:00:00,1.09211,1.09281,1.09157,1.0918,11133,15,10493141000
2016-09-13 12:00:00,1.09178,1.09257,1.09144,1.09184,9902,15,9480889000
2016-09-13 14:00:00,1.09183,1.09265,1.09149,1.0915,11911,15,11481792000
2016-09-13 16:00:00,1.0915,1.09465,1.09148,1.09465,14995,15,12512730000
2016-09-13 18:00:00,1.09465,1.09605,1.09351,1.09587,11258,15,10780408000
2016-09-13 20:00:00,1.09587,1.09678,1.09573,1.09576,13234,15,11907767000
2016-09-13 22:00:00,1.09577,1.09598,1.0951,1.0951,4987,17,4394350000
2016-09-14 00:00:00,1.0951,1.09605,1.09506,1.09555,3701,16,2077979000
2016-09-14 02:00:00,1.09554,1.09661,1.09554,1.09607,4575,15,2858650000
2016-09-14 04:00:00,1.09607,1.09655,1.09587,1.09638,7020,15,6043547000
2016-09-14 06:00:00,1.09636,1.09676,1.096,1.09631,5543,15,4752400000
2016-09-14 08:00:00,1.09631,1.09715,1.09614,1.09658,5891,15,4871154000
2016-09-14 10:00:00,1.09658,1.09842,1.09603,1.0978,9995,15,8205532000
2016-09-14 12:00:00,1.0978,1.09786,1.09469,1.09511,9263,15,7489424000
2016-09-14 14:00:00,1.0951,1.09512,1.09375,1.09397,10578,15,10284250000
2016-09-14 16:00:00,1.09395,1.09572,1.09395,1.09464,13757,15,12566263000
2016-09-14 18:00:00,1.09464,1.09475,1.09372,1.09445,13064,15,14272352000
2016-09-14 20:00:00,1.09446,1.09523,1.09446,1.0951,8262,15,8468549000
2016-09-14 22:00:00,1.0951,1.09528,1.0946,1.09486,4274,16,4267600000
2016-09-15 00:00:00,1.0938,1.09497,1.0938,1.09435,3980,21,1780149000
2016-09-15 02:00:00,1.09436,1.0948,1.09403,1.0942,5397,18,3995650000
2016-09-15 04:00:00,1.09421,1.09485,1.09383,1.09428,6750,15,4790450000
2016-09-15 06:00:00,1.09425,1.09492,1.09393,1.09454,5420,15,4598298000
2016-09-15 08:00:00,1.09454,1.09566,1.09439,1.09552,5572,16,4776750000
2016-09-15 10:00:00,1.09551,1.09617,1.09508,1.09528,11661,15,11846100000
2016-09-15 12:00:00,1.09532,1.09603,1.09406,1.09439,9472,15,10296467000
2016-09-15 14:00:00,1.09439,1.09463,1.09344,1.09383,16113,15,16042457000
2016-09-15 16:00:00,1.09387,1.09452,1.093,1.09343,19914,15,20991303000
2016-09-15 18:00:00,1.09344,1.09383,1.09244,1.0932,11073,15,12171516000
2016-09-15 20:00:00,1.09321,1.09329,1.09201,1.09247,7338,15,7128668000
2016-09-15 22:00:00,1.09252,1.09282,1.09222,1.09254,4954,15,5181021000
2016-09-16 00:00:00,1.09145,1.09327,1.09145,1.09251,3721,15,7213033000
2016-09-16 02:00:00,1.0925,1.09285,1.09202,1.09218,5381,18,3973674000
2016-09-16 04:00:00,1.09221,1.09264,1.09197,1.09225,5849,16,4603049000
2016-09-16 06:00:00,1.09225,1.0926,1.09195,1.09241,3872,17,1971250000
2016-09-16 08:00:00,1.09239,1.09295,1.09229,1.0925,4167,15,3306200000
2016-09-16 10:00:00,1.09249,1.09394,1.09216,1.09339,8324,15,7253995000
2016-09-16 12:00:00,1.09338,1.09557,1.0931,1.09438,9055,15,8518520000
2016-09-16 14:00:00,1.09438,1.09451,1.09286,1.09352,13444,15,14838195000
2016-09-16 16:00:00,1.09352,1.09393,1.09214,1.09267,16984,15,16567237000
2016-09-16 18:00:00,1.09269,1.09348,1.09239,1.0929,10229,15,12649035000
2016-09-16 20:00:00,1.09289,1.09483,1.09281,1.09399,7868,15,8807070000
2016-09-16 22:00:00,1.09399,1.09423,1.09302,1.09302,4472,15,3366880000
2016-09-19 00:00:00,1.09158,1.09379,1.09098,1.09304,3405,23,1707678000
2016-09-19 02:00:00,1.09304,1.09337,1.09277,1.09315,8700,15,3734550000
2016-09-19 04:00:00,1.09314,1.09338,1.09281,1.093,4076,15,3745750000
2016-09-19 06:00:00,1.093,1.09334,1.09277,1.09312,3947,15,2287400000
2016-09-19 08:00:00,1.09311,1.09381,1.09307,1.09362,5261,16,4265500000
2016-09-19 10:00:00,1.09361,1.09457,1.09334,1.09445,11311,15,10363355000
2016-09-19 12:00:00,1.09446,1.0953,1.09445,1.09491,7178,15,6870100000
2016-09-19 14:00:00,1.09491,1.09566,1.09461,1.09553,7659,15,8227047000
2016-09-19 16:00:00,1.09553,1.0959,1.09492,1.09551,10281,15,10901700000
2016-09-19 18:00:00,1.09551,1.09584,1.09501,1.0952,7489,15,8648451000
2016-09-19 20:00:00,1.09522,1.09533,1.0948,1.09498,4558,15,5387500000
2016-09-19 22:00:00,1.09497,1.09553,1.09474,1.09501,4510,15,5325800000
2016-09-20 00:00:00,1.09473,1.09547,1.09388,1.09542,6467,15,5976050000
2016-09-20 02:00:00,1.0954,1.09573,1.09519,1.09544,4201,17,3267600000
2016-09-20 04:00:00,1.09544,1.09584,1.09506,1.09535,5680,15,4688025000
2016-09-20 06:00:00,1.09533,1.09568,1.09511,1.09524,4840,17,4405650000
2016-09-20 08:00:00,1.09528,1.09588,1.09516,1.09583,6349,15,6781335000
2016-09-20 10:00:00,1.09582,1.0959,1.09299,1.09318,11300,15,11628921000
2016-09-20 12:00:00,1.09319,1.09384,1.09284,1.09354,8668,15,9319756000
2016-09-20 14:00:00,1.09353,1.09475,1.09351,1.09435,10094,15,10790196000
2016-09-20 16:00:00,1.09436,1.09486,1.0923,1.0932,12564,15,12898641000
2016-09-20 18:00:00,1.0932,1.09355,1.09239,1.09285,8585,15,10687097000
2016-09-20 20:00:00,1.09283,1.09315,1.09219,1.0923,5545,15,6190450000
2016-09-20 22:00:00,1.09231,1.09249,1.09163,1.09167,4482,15,4216850000
2016-09-21 00:00:00,1.09196,1.09225,1.0913,1.09197,8209,25,7620650000
2016-09-21 02:00:00,1.09197,1.09224,1.09167,1.0917,6111,15,5546250000
2016-09-21 04:00:00,1.0917,1.09184,1.09109,1.09113,5432,15,5126149000
2016-09-21 06:00:00,1.09113,1.09212,1.09039,1.09159,10816,15,8882540000
2016-09-21 08:00:00,1.09157,1.09233,1.09127,1.09176,7651,15,6900650000
2016-09-21 10:00:00,1.09174,1.09178,1.08903,1.08903,11830,15,11567531000
2016-09-21 12:00:00,1.08903,1.08991,1.08792,1.08876,9782,15,9964350000
2016-09-21 14:00:00,1.08889,1.08908,1.08742,1.08834,12322,15,12625600000
2016-09-21 16:00:00,1.08834,1.08916,1.08795,1.08807,12493,15,10447950000
2016-09-21 18:00:00,1.08807,1.08971,1.08784,1.08964,10856,15,10209650000
2016-09-21 20:00:00,1.08963,1.09186,1.08762,1.08985,20664,15,18975796000
2016-09-21 22:00:00,1.08983,1.08983,1.08905,1.08927,8682,15,7787050000
2016-09-22 00:00:00,1.08899,1.08995,1.08884,1.08934,3976,20,2377900000
2016-09-22 02:00:00,1.08934,1.0895,1.0887,1.08932,6494,16,4803750000
2016-09-22 04:00:00,1.08932,1.08967,1.08918,1.08958,4256,15,3049050000
2016-09-22 06:00:00,1.08958,1.08988,1.0893,1.08983,3793,17,2607650000
2016-09-22 08:00:00,1.08982,1.09042,1.08938,1.08999,7841,15,5977600000
2016-09-22 10:00:00,1.08998,1.09078,1.08906,1.08948,13946,15,11842825000
2016-09-22 12:00:00,1.08949,1.0901,1.0861,1.08741,10404,15,9154090000
2016-09-22 14:00:00,1.08742,1.08801,1.08644,1.08746,11677,15,9901030000
2016-09-22 16:00:00,1.08747,1.08814,1.08673,1.08719,15057,15,12466049000
2016-09-22 18:00:00,1.0872,1.08756,1.08606,1.08626,10246,15,10037450000
2016-09-22 20:00:00,1.08628,1.08665,1.08569,1.08618,8565,15,9701800000
2016-09-22 22:00:00,1.08618,1.08676,1.0854,1.0854,4763,16,4467100000
2016-09-23 00:00:00,1.08526,1.08623,1.08412,1.08605,4605,15,3021900000
2016-09-23 02:00:00,1.08605,1.0864,1.08587,1.08638,4977,15,3176550000
2016-09-23 04:00:00,1.0864,1.08653,1.08595,1.08627,5695,16,5395950000
2016-09-23 06:00:00,1.08627,1.08648,1.08621,1.08648,4156,19,4313150000
2016-09-23 08:00:00,1.08648,1.0872,1.08619,1.08714,6448,15,5185150000
2016-09-23 10:00:00,1.08725,1.08825,1.08671,1.08708,11922,15,10713972000
2016-09-23 12:00:00,1.08708,1.08843,1.08695,1.08831,9767,15,8879150000
2016-09-23 14:00:00,1.0883,1.08988,1.088,1.08954,10133,15,7702450000
2016-09-23 16:00:00,1.08954,1.09133,1.08883,1.08926,15435,15,13362892000
2016-09-23 18:00:00,1.08927,1.08941,1.08841,1.08937,11530,15,10188000000
2016-09-23 20:00:00,1.08937,1.08961,1.0887,1.08898,6104,15,5470150000
2016-09-23 22:00:00,1.089,1.08933,1.08381,1.08381,3672,16,2418850000
2016-09-26 00:00:00,1.08805,1.08958,1.08789,1.08918,2924,28,3179761000
2016-09-26 02:00:00,1.08918,1.08933,1.08877,1.089,2546,28,4908600000
2016-09-26 04:00:00,1.08899,1.08958,1.08888,1.08936,2722,28,6651348000
2016-09-26 06:00:00,1.08936,1.08939,1.08889,1.08921,2944,28,6916350000
2016-09-26 08:00:00,1.08921,1.08974,1.08863,1.0895,5466,28,9924010000
2016-09-26 10:00:00,1.08949,1.08953,1.08764,1.0879,11374,15,9829780000
2016-09-26 12:00:00,1.0879,1.08902,1.08788,1.08805,8511,15,7492276000
2016-09-26 14:00:00,1.08805,1.09105,1.08799,1.09044,11325,15,10055440000
2016-09-26 16:00:00,1.09044,1.09085,1.08907,1.08979,14824,15,13213850000
2016-09-26 18:00:00,1.08979,1.09028,1.08896,1.09018,12524,15,13218098000
2016-09-26 20:00:00,1.09017,1.09103,1.0899,1.0902,6047,15,6404300000
2016-09-26 22:00:00,1.0902,1.09065,1.09008,1.09045,4453,15,4511800000
2016-09-27 00:00:00,1.09002,1.0906,1.09002,1.09031,1532,18,597850000
2016-09-27 02:00:00,1.09031,1.09056,1.08999,1.09054,4469,16,2270700000
2016-09-27 04:00:00,1.09055,1.09102,1.09006,1.09012,5959,15,3887400000
2016-09-27 06:00:00,1.09014,1.09038,1.09004,1.09027,4291,15,3195550000
2016-09-27 08:00:00,1.09027,1.09104,1.09018,1.09087,6057,16,4587530000
2016-09-27 10:00:00,1.09085,1.09109,1.08736,1.09003,14457,15,11581033000
2016-09-27 12:00:00,1.09003,1.09015,1.08864,1.08882,10362,15,8683499000
2016-09-27 14:00:00,1.08882,1.08915,1.08692,1.08727,13587,15,12413350000
2016-09-27 16:00:00,1.08727,1.08871,1.08723,1.08834,17416,15,15549550000
2016-09-27 18:00:00,1.08835,1.08942,1.08832,1.08918,11839,15,10069199000
2016-09-27 20:00:00,1.08917,1.08936,1.08863,1.08883,7344,15,7719349000
2016-09-27 22:00:00,1.08881,1.08916,1.08833,1.08841,4071,17,3610249000
2016-09-28 00:00:00,1.08842,1.08928,1.08744,1.08876,6129,15,5737606000
2016-09-28 02:00:00,1.08888,1.08904,1.08812,1.08838,6616,18,5237550000
2016-09-28 04:00:00,1.08837,1.08892,1.08836,1.08873,4386,18,3922050000
2016-09-28 06:00:00,1.08874,1.08919,1.08867,1.08911,3807,19,3263250000
2016-09-28 08:00:00,1.08911,1.0894,1.08869,1.08898,5743,15,4122650000
2016-09-28 10:00:00,1.08895,1.08932,1.08823,1.08929,12226,15,10803000000
2016-09-28 12:00:00,1.0893,1.08998,1.08872,1.08943,8900,15,8181550000
2016-09-28 14:00:00,1.08943,1.08986,1.08827,1.08891,10898,15,8952251000
2016-09-28 16:00:00,1.08889,1.08914,1.08742,1.08878,12780,15,9150772000
2016-09-28 18:00:00,1.08878,1.0895,1.08861,1.08912,10386,15,9251950000
2016-09-28 20:00:00,1.08912,1.08952,1.08858,1.0889,9124,15,8209150000
2016-09-28 22:00:00,1.0889,1.08956,1.08868,1.08868,5155,15,3859100000
2016-09-29 00:00:00,1.08881,1.08948,1.08862,1.08918,2197,15,1422100000
2016-09-29 02:00:00,1.08916,1.08962,1.08907,1.08951,5507,18,3657500000
2016-09-29 04:00:00,1.08952,1.08992,1.08932,1.0898,4527,16,3899200000
2016-09-29 06:00:00,1.08981,1.09027,1.08955,1.08992,4055,15,4157000000
2016-09-29 08:00:00,1.08991,1.09082,1.08975,1.09016,6149,16,5139600000
2016-09-29 10:00:00,1.09016,1.09035,1.08918,1.08948,9812,15,7863968000
2016-09-29 12:00:00,1.08946,1.08973,1.08775,1.08857,8524,15,7130390000
2016-09-29 14:00:00,1.08859,1.08882,1.08739,1.08754,11662,15,9814400000
2016-09-29 16:00:00,1.08757,1.08817,1.08588,1.08635,16470,15,12869050000
2016-09-29 18:00:00,1.08635,1.08637,1.08431,1.08432,14239,15,13290618000
2016-09-29 20:00:00,1.08431,1.08475,1.08314,1.08356,10813,15,11498602000
2016-09-29 22:00:00,1.08356,1.08437,1.08355,1.08373,5471,15,4857100000
2016-09-30 00:00:00,1.08333,1.08397,1.08305,1.08373,4119,21,2267550000
2016-09-30 02:00:00,1.08374,1.08387,1.08321,1.08333,4434,15,3449050000
2016-09-30 04:00:00,1.08331,1.08369,1.08324,1.08364,4797,15,4103300000
2016-09-30 06:00:00,1.08363,1.08413,1.08345,1.08351,5002,17,3300137000
2016-09-30 08:00:00,1.08351,1.08386,1.08261,1.08273,8589,15,6441429000
2016-09-30 10:00:00,1.08273,1.08334,1.08101,1.08321,14651,15,11460450000
2016-09-30 12:00:00,1.08323,1.09051,1.08253,1.08791,12765,15,9583041000
2016-09-30 14:00:00,1.08791,1.08828,1.08619,1.08672,14156,15,11152224000
2016-09-30 16:00:00,1.08672,1.09027,1.08654,1.08887,18014,15,16286700000
2016-09-30 18:00:00,1.08889,1.09162,1.08888,1.09117,15190,15,13556052000
2016-09-30 20:00:00,1.09117,1.09129,1.09018,1.09076,6768,15,6590250000
2016-09-30 22:00:00,1.09075,1.09176,1.09069,1.09155,5921,15,4541114000
2016-10-03 00:00:00,1.0893,1.0922,1.08902,1.09176,5313,15,6094219000
2016-10-03 02:00:00,1.09173,1.0919,1.09125,1.09161,4034,18,2480700000
2016-10-03 04:00:00,1.0916,1.09245,1.09137,1.09226,4324,15,2318050000
2016-10-03 06:00:00,1.09227,1.09234,1.09184,1.09208,2574,17,1630600000
2016-10-03 08:00:00,1.09209,1.09273,1.09133,1.09166,5347,15,3470250000
2016-10-03 10:00:00,1.0916,1.09237,1.09074,1.09166,10112,15,8119450000
2016-10-03 12:00:00,1.09166,1.09176,1.09061,1.09078,7646,15,6347900000
2016-10-03 14:00:00,1.09078,1.09239,1.0906,1.09199,7828,15,6570400000
2016-10-03 16:00:00,1.09201,1.09238,1.09043,1.09043,11893,15,10312981000
2016-10-03 18:00:00,1.09042,1.09221,1.09001,1.09202,8385,15,8154800000
2016-10-03 20:00:00,1.09202,1.09202,1.09102,1.09105,4360,15,3740050000
2016-10-03 22:00:00,1.09105,1.09163,1.09096,1.09096,3604,15,2684850000
2016-10-04 00:00:00,1.09096,1.09167,1.09061,1.09161,2386,15,1321700000
2016-10-04 02:00:00,1.09159,1.09183,1.09089,1.09166,5226,15,2128300000
2016-10-04 04:00:00,1.09165,1.09189,1.09109,1.09139,4244,15,3380050000
2016-10-04 06:00:00,1.09139,1.09204,1.09112,1.09128,4654,15,3835850000
2016-10-04 08:00:00,1.09127,1.0925,1.09106,1.0923,6797,15,6448000000
2016-10-04 10:00:00,1.0923,1.09388,1.09197,1.0935,10440,15,7934016000
2016-10-04 12:00:00,1.09348,1.0944,1.09278,1.09431,10273,15,8656987000
2016-10-04 14:00:00,1.09431,1.09496,1.09384,1.09469,10138,15,9199400000
2016-10-04 16:00:00,1.09469,1.09564,1.09408,1.09446,14782,15,12060850000
2016-10-04 18:00:00,1.09445,1.09729,1.09287,1.09675,19612,15,18749545000
2016-10-04 20:00:00,1.09675,1.0974,1.0966,1.0971,7892,15,6830300000
2016-10-04 22:00:00,1.09709,1.09734,1.09654,1.09658,6664,15,7260050000
2016-10-05 00:00:00,1.0963,1.09705,1.09625,1.09652,3642,15,2257900000
2016-10-05 02:00:00,1.09652,1.0969,1.09639,1.09686,5020,15,2750000000
2016-10-05 04:00:00,1.09687,1.09739,1.09686,1.09712,4519,15,2864399000
2016-10-05 06:00:00,1.0971,1.09736,1.09682,1.09726,3861,17,2749900000
2016-10-05 08:00:00,1.09726,1.09731,1.09629,1.09688,6974,15,3886840000
2016-10-05 10:00:00,1.09686,1.09748,1.0958,1.09691,10546,15,6721350000
2016-10-05 12:00:00,1.09691,1.09704,1.09586,1.09643,10164,15,7715313000
2016-10-05 14:00:00,1.09647,1.09676,1.09453,1.09506,12351,15,12106906000
2016-10-05 16:00:00,1.09506,1.09614,1.09417,1.09426,15287,15,15715378000
2016-10-05 18:00:00,1.09425,1.09432,1.09278,1.0929,10289,15,11731652000
2016-10-05 20:00:00,1.0929,1.09302,1.09134,1.09212,7202,15,9656284000
2016-10-05 22:00:00,1.09214,1.09229,1.09125,1.09141,4505,15,4916937000
2016-10-06 00:00:00,1.09143,1.09202,1.09074,1.09146,3757,18,2114250000
2016-10-06 02:00:00,1.09145,1.09169,1.09132,1.0916,4316,15,2973950000
2016-10-06 04:00:00,1.09161,1.09246,1.0916,1.09205,4476,15,3482970000
2016-10-06 06:00:00,1.09205,1.09236,1.09204,1.0922,4387,15,3812200000
2016-10-06 08:00:00,1.0922,1.09318,1.09204,1.09236,6563,15,5848000000
2016-10-06 10:00:00,1.09234,1.09383,1.09214,1.09234,11134,15,10898350000
2016-10-06 12:00:00,1.09235,1.09472,1.09231,1.09423,10322,15,9803898000
2016-10-06 14:00:00,1.09423,1.09453,1.0931,1.09311,13085,15,11818650000
2016-10-06 16:00:00,1.0931,1.09472,1.09285,1.09443,15671,15,18106739000
2016-10-06 18:00:00,1.09442,1.09486,1.09298,1.09331,13048,15,16066350000
2016-10-06 20:00:00,1.09331,1.09384,1.09315,1.09373,5980,15,7015850000
2016-10-06 22:00:00,1.09373,1.09387,1.09323,1.09347,5256,15,4428950000
2016-10-07 00:00:00,1.09352,1.09361,1.09293,1.09337,3885,17,3174600000
2016-10-07 02:00:00,1.09336,1.09345,1.09199,1.09231,10919,15,9829550000
2016-10-07 04:00:00,1.09231,1.09278,1.09188,1.09268,8076,15,7725400000
2016-10-07 06:00:00,1.09268,1.0927,1.09154,1.09197,6283,15,5846200000
2016-10-07 08:00:00,1.09197,1.09238,1.09138,1.09149,7472,15,7076450000
2016-10-07 10:00:00,1.09149,1.09247,1.09091,1.09216,13600,15,13106242000
2016-10-07 12:00:00,1.09216,1.09369,1.09137,1.09341,14349,15,12517500000
2016-10-07 14:00:00,1.09344,1.09566,1.09326,1.09436,19232,15,16200663000
2016-10-07 16:00:00,1.09435,1.09551,1.09338,1.0946,22982,15,16424331000
2016-10-07 18:00:00,1.0946,1.09497,1.09364,1.09389,15913,15,16181495000
2016-10-07 20:00:00,1.09389,1.0944,1.09314,1.0943,7251,15,6098100000
2016-10-07 22:00:00,1.0943,1.09537,1.09299,1.09299,5109,15,4117997000
2016-10-10 00:00:00,1.09194,1.09532,1.09193,1.09422,5205,15,5650765000
2016-10-10 02:00:00,1.09422,1.09469,1.09409,1.09459,5209,16,3350200000
2016-10-10 04:00:00,1.09459,1.09483,1.09439,1.09445,5141,15,4421450000
2016-10-10 06:00:00,1.09447,1.09465,1.09434,1.0945,3546,19,2000600000
2016-10-10 08:00:00,1.09449,1.09463,1.09372,1.09377,5400,15,4366340000
2016-10-10 10:00:00,1.09377,1.0949,1.09337,1.09453,9703,15,9415550000
2016-10-10 12:00:00,1.09453,1.09532,1.09423,1.09516,7352,15,6215500000
2016-10-10 14:00:00,1.09516,1.09658,1.09487,1.09615,10236,15,9232550000
2016-10-10 16:00:00,1.09615,1.09712,1.09607,1.09706,10716,15,10372898000
2016-10-10 18:00:00,1.09705,1.09717,1.09493,1.09564,8688,15,9063150000
2016-10-10 20:00:00,1.09563,1.09576,1.09415,1.09471,5337,15,5684400000
2016-10-10 22:00:00,1.0947,1.09471,1.09397,1.09432,3469,15,2516350000
2016-10-11 00:00:00,1.09381,1.09473,1.09371,1.09408,2065,16,1019300000
2016-10-11 02:00:00,1.09409,1.09447,1.0938,1.09418,4331,15,3199300000
2016-10-11 04:00:00,1.09419,1.09477,1.09392,1.09434,5746,15,4625052000
2016-10-11 06:00:00,1.09434,1.0948,1.09383,1.09452,4998,15,3644750000
2016-10-11 08:00:00,1.09452,1.0947,1.09397,1.09408,7340,15,6082600000
2016-10-11 10:00:00,1.09408,1.09577,1.094,1.09564,12168,15,10676340000
2016-10-11 12:00:00,1.09564,1.09578,1.09376,1.09423,10819,15,10357448000
2016-10-11 14:00:00,1.09422,1.09448,1.09276,1.09332,13672,15,11899700000
2016-10-11 16:00:00,1.09332,1.09381,1.09244,1.09254,16999,15,14613750000
2016-10-11 18:00:00,1.09254,1.09412,1.09211,1.09396,14483,15,15776455000
2016-10-11 20:00:00,1.09396,1.09411,1.0923,1.09281,11596,15,12183829000
2016-10-11 22:00:00,1.09281,1.09322,1.09242,1.09288,6787,15,6827400000
2016-10-12 00:00:00,1.09253,1.09302,1.0922,1.0926,3676,15,2547650000
2016-10-12 02:00:00,1.0926,1.0929,1.0919,1.09219,7011,15,5228800000
2016-10-12 04:00:00,1.09219,1.09266,1.09177,1.09209,5420,16,3904800000
2016-10-12 06:00:00,1.09209,1.09225,1.09147,1.09196,4769,15,3219250000
2016-10-12 08:00:00,1.09196,1.09238,1.09128,1.09197,7722,15,6457650000
2016-10-12 10:00:00,1.09198,1.09293,1.0906,1.0912,13944,15,12115850000
2016-10-12 12:00:00,1.09118,1.09168,1.08954,1.08975,10327,15,8661252000
2016-10-12 14:00:00,1.08976,1.09125,1.08915,1.0908,10755,15,8996059000
2016-10-12 16:00:00,1.0908,1.09135,1.08941,1.09037,15009,15,12775456000
2016-10-12 18:00:00,1.09035,1.09101,1.08975,1.09066,13901,15,12260843000
2016-10-12 20:00:00,1.09066,1.09113,1.09009,1.09091,11748,15,10987165000
2016-10-12 22:00:00,1.09094,1.09096,1.08985,1.08985,5584,15,6023967000
2016-10-13 00:00:00,1.08977,1.09069,1.08907,1.09036,4103,15,1981529000
2016-10-13 02:00:00,1.09035,1.09082,1.09014,1.09016,4280,19,2055292000
2016-10-13 04:00:00,1.09016,1.09094,1.08986,1.09036,7781,15,5370113000
2016-10-13 06:00:00,1.09034,1.09071,1.0896,1.08965,5046,15,3073722000
2016-10-13 08:00:00,1.08962,1.0897,1.08841,1.08925,7836,15,6364222000
2016-10-13 10:00:00,1.08926,1.08938,1.08685,1.08804,14109,15,10467589000
2016-10-13 12:00:00,1.08804,1.09098,1.08772,1.09055,12114,15,9770378000
2016-10-13 14:00:00,1.09056,1.09059,1.08914,1.0897,11291,15,9723644000
2016-10-13 16:00:00,1.08944,1.0899,1.08941,1.08959,1337,15,1136415000
2016-10-13 18:00:00,1.08961,1.09039,1.08912,1.09001,12446,15,11867684000
2016-10-13 20:00:00,1.09001,1.09021,1.08945,1.08999,8425,15,7834568000
2016-10-13 22:00:00,1.08998,1.09058,1.08986,1.09002,4320,15,3530643000
2016-10-14 00:00:00,1.08997,1.09066,1.0898,1.08987,3333,23,1998057000
2016-10-14 02:00:00,1.08992,1.09023,1.08957,1.08961,4926,15,3903449000
2016-10-14 04:00:00,1.08961,1.08994,1.08914,1.08926,6037,19,5145630000
2016-10-14 06:00:00,1.08928,1.08932,1.08874,1.08917,5079,15,3658595000
2016-10-14 08:00:00,1.08917,1.08931,1.08843,1.08846,6159,15,4161859000
2016-10-14 10:00:00,1.08846,1.08916,1.08753,1.0885,9941,15,8166094000
2016-10-14 12:00:00,1.08849,1.08987,1.08807,1.08941,9551,15,7623906000
2016-10-14 14:00:00,1.08941,1.08999,1.08844,1.08889,13187,15,11241446000
2016-10-14 16:00:00,1.08889,1.08929,1.08709,1.08758,16083,15,12419536000
2016-10-14 18:00:00,1.08757,1.08828,1.08669,1.08823,12502,15,10538113000
2016-10-14 20:00:00,1.08823,1.08823,1.08667,1.08676,11136,15,10863131000
2016-10-14 22:00:00,1.08675,1.08754,1.08274,1.08274,4892,15,3772065000
2016-10-17 00:00:00,1.08567,1.08667,1.08557,1.08658,1985,18,872581000
2016-10-17 02:00:00,1.08659,1.0867,1.08599,1.08626,3682,15,2710251000
2016-10-17 04:00:00,1.08626,1.08669,1.08603,1.08658,4505,15,3635978000
2016-10-17 06:00:00,1.08658,1.08702,1.08604,1.08679,3794,16,2315480000
2016-10-17 08:00:00,1.08679,1.08722,1.08608,1.08703,6174,15,5081029000
2016-10-17 10:00:00,1.08702,1.08781,1.08604,1.08641,10295,15,9280907000
2016-10-17 12:00:00,1.08641,1.08742,1.08604,1.08699,8537,15,6935351000
2016-10-17 14:00:00,1.08701,1.0876,1.08656,1.08735,9534,15,7959743000
2016-10-17 16:00:00,1.08735,1.08838,1.08716,1.0883,10681,15,7974883000
2016-10-17 18:00:00,1.0883,1.08852,1.0863,1.08674,9018,15,8000368000
2016-10-17 20:00:00,1.08675,1.08769,1.08637,1.08758,6704,15,5966338000
2016-10-17 22:00:00,1.08758,1.08783,1.08716,1.08763,3873,15,3651669000
2016-10-18 00:00:00,1.08754,1.08792,1.08676,1.08759,3340,25,2064178000
2016-10-18 02:00:00,1.08759,1.08823,1.08743,1.08784,3811,17,1879861000
2016-10-18 04:00:00,1.08783,1.08801,1.08746,1.08769,4792,16,3759612000
2016-10-18 06:00:00,1.08769,1.08811,1.08738,1.08797,3179,19,2098868000
2016-10-18 08:00:00,1.08796,1.08943,1.08757,1.08827,6545,15,3943578000
2016-10-18 10:00:00,1.08828,1.08911,1.08728,1.0889,8742,15,6609440000
2016-10-18 12:00:00,1.08888,1.08899,1.0881,1.08859,9036,15,7657323000
2016-10-18 14:00:00,1.08859,1.08885,1.08786,1.08801,12090,15,10791022000
2016-10-18 16:00:00,1.08801,1.08849,1.08681,1.08768,14837,15,11954383000
2016-10-18 18:00:00,1.08768,1.08783,1.0865,1.08698,9972,15,8856746000
2016-10-18 20:00:00,1.08699,1.08728,1.08659,1.08672,4739,15,4173066000
2016-10-18 22:00:00,1.08671,1.08708,1.08659,1.08665,4391,18,3793501000
2016-10-19 00:00:00,1.08644,1.08688,1.08621,1.08664,2158,23,1544562000
2016-10-19 02:00:00,1.08663,1.08711,1.08646,1.08702,3570,17,1930401000
2016-10-19 04:00:00,1.08702,1.08726,1.08603,1.08683,5310,16,3958396000
2016-10-19 06:00:00,1.08682,1.08706,1.08638,1.08687,4509,15,3523896000
2016-10-19 08:00:00,1.08687,1.08718,1.08613,1.0869,6320,15,5100742000
2016-10-19 10:00:00,1.0869,1.08801,1.08651,1.08735,10254,15,8257371000
2016-10-19 12:00:00,1.08735,1.08745,1.08629,1.08632,8299,15,6132204000
2016-10-19 14:00:00,1.08632,1.08645,1.08472,1.08515,9148,15,7258535000
2016-10-19 16:00:00,1.08515,1.08533,1.08454,1.0847,12257,15,9303940000
2016-10-19 18:00:00,1.08472,1.08594,1.08448,1.08495,12104,15,9318628000
2016-10-19 20:00:00,1.08495,1.08554,1.08481,1.08506,6200,15,5319692000
2016-10-19 22:00:00,1.08504,1.08575,1.0849,1.08528,4101,15,3136218000
2016-10-20 00:00:00,1.08491,1.08576,1.08459,1.08538,2741,19,1139667000
2016-10-20 02:00:00,1.08538,1.08559,1.08525,1.08532,3764,15,2643798000
2016-10-20 04:00:00,1.08534,1.08557,1.08514,1.08547,3569,17,2911209000
2016-10-20 06:00:00,1.08547,1.0857,1.08512,1.08516,3983,16,3123006000
2016-10-20 08:00:00,1.08517,1.0861,1.08501,1.08605,6281,15,4897410000
2016-10-20 10:00:00,1.08604,1.0861,1.08479,1.08549,7814,15,5478109000
2016-10-20 12:00:00,1.08548,1.0856,1.08423,1.08474,7025,15,4400432000
2016-10-20 14:00:00,1.08475,1.08716,1.08413,1.08486,16693,15,13217708000
2016-10-20 16:00:00,1.08485,1.08549,1.08322,1.0834,19442,15,16466258000
2016-10-20 18:00:00,1.08342,1.08489,1.08337,1.08473,9889,15,8553648000
2016-10-20 20:00:00,1.08473,1.08553,1.08463,1.08494,6262,15,4967216000
2016-10-20 22:00:00,1.08494,1.08499,1.08447,1.08468,3575,15,2447713000
2016-10-21 00:00:00,1.08456,1.08496,1.08403,1.08468,2882,19,2389211000
2016-10-21 02:00:00,1.08469,1.08525,1.08444,1.0851,2934,16,1719191000
2016-10-21 04:00:00,1.0851,1.0853,1.08421,1.08474,5906,15,4506989000
2016-10-21 06:00:00,1.08472,1.08509,1.08453,1.08494,3450,16,2321830000
2016-10-21 08:00:00,1.08494,1.08504,1.08335,1.08442,6804,15,5389499000
2016-10-21 10:00:00,1.08441,1.08449,1.08217,1.08244,11248,15,8902374000
2016-10-21 12:00:00,1.08243,1.08432,1.08234,1.08295,9584,15,7928109000
2016-10-21 14:00:00,1.08295,1.08331,1.08225,1.08249,10282,15,8387299000
2016-10-21 16:00:00,1.08248,1.0829,1.08199,1.08221,12952,15,10073816000
2016-10-21 18:00:00,1.0822,1.08247,1.08096,1.08176,9561,15,8102404000
2016-10-21 20:00:00,1.08176,1.08176,1.08062,1.08099,6434,15,5564769000
2016-10-21 22:00:00,1.081,1.08144,1.08063,1.08112,4852,15,3559795000
2016-10-24 00:00:00,1.08197,1.08213,1.08103,1.08151,2580,15,2344358000
2016-10-24 02:00:00,1.0815,1.08188,1.08119,1.08124,3960,15,2106237000
2016-10-24 04:00:00,1.08124,1.08165,1.08035,1.08053,4898,15,3980076000
2016-10-24 06:00:00,1.08054,1.08084,1.08048,1.08076,3584,17,2392778000
2016-10-24 08:00:00,1.08076,1.08165,1.08067,1.08156,6088,15,4521839000
2016-10-24 10:00:00,1.08156,1.08271,1.08095,1.08238,10100,15,7848910000
2016-10-24 12:00:00,1.08238,1.08287,1.0819,1.08211,7279,15,5279829000
2016-10-24 14:00:00,1.08211,1.08269,1.08145,1.08184,9554,15,7527110000
2016-10-24 16:00:00,1.08184,1.08211,1.08055,1.0807,12663,15,9172960000
2016-10-24 18:00:00,1.0807,1.08114,1.07966,1.0809,10175,15,8896837000
2016-10-24 20:00:00,1.08088,1.08141,1.08033,1.08104,6002,15,5760441000
2016-10-24 22:00:00,1.08106,1.08119,1.08056,1.08113,4390,15,3380910000
2016-10-25 00:00:00,1.08044,1.0811,1.08037,1.08054,3366,16,1710902000
2016-10-25 02:00:00,1.08054,1.08095,1.08038,1.08066,3439,18,1555401000
2016-10-25 04:00:00,1.08067,1.08136,1.08061,1.08119,4107,15,2706786000
2016-10-25 06:00:00,1.08119,1.08158,1.08091,1.08158,3622,15,2823600000
2016-10-25 08:00:00,1.08156,1.0822,1.0814,1.08215,6232,15,4654602000
2016-10-25 10:00:00,1.08214,1.08247,1.08108,1.08177,10111,15,8790539000
2016-10-25 12:00:00,1.08179,1.0825,1.08161,1.08169,7890,15,5703504000
2016-10-25 14:00:00,1.08169,1.08632,1.08163,1.08484,12468,15,9187908000
2016-10-25 16:00:00,1.08482,1.08584,1.08161,1.08182,17379,15,12884629000
2016-10-25 18:00:00,1.08183,1.08294,1.08154,1.08207,15631,15,14026756000
2016-10-25 20:00:00,1.08205,1.08326,1.08193,1.08272,7280,15,5809849000
2016-10-25 22:00:00,1.08271,1.08297,1.08234,1.08264,4199,15,3365521000
2016-10-26 00:00:00,1.08222,1.08276,1.08221,1.0827,2169,15,867254000
2016-10-26 02:00:00,1.08268,1.08293,1.08239,1.08261,4025,15,2014401000
2016-10-26 04:00:00,1.08262,1.08334,1.08245,1.08305,4367,15,3135685000
2016-10-26 06:00:00,1.08304,1.08342,1.08282,1.08317,2758,15,1613238000
2016-10-26 08:00:00,1.08318,1.08349,1.08264,1.08324,6405,15,4385969000
2016-10-26 10:00:00,1.08323,1.08342,1.08189,1.08312,12267,15,8912252000
2016-10-26 12:00:00,1.0831,1.08329,1.08216,1.08299,9721,15,6134611000
2016-10-26 14:00:00,1.08299,1.08398,1.08269,1.08355,8724,15,4715974000
2016-10-26 16:00:00,1.08357,1.08414,1.08285,1.08404,18198,15,10224115000
2016-10-26 18:00:00,1.08403,1.08426,1.0832,1.08397,11884,15,9003229000
2016-10-26 20:00:00,1.08397,1.08428,1.08325,1.08361,8073,15,6623842000
2016-10-26 22:00:00,1.08361,1.08389,1.08334,1.08342,4264,15,3060342000
2016-10-27 00:00:00,1.08345,1.08383,1.08297,1.08366,1896,15,994610000
2016-10-27 02:00:00,1.08365,1.08392,1.0835,1.08352,3202,19,1798317000
2016-10-27 04:00:00,1.08353,1.08372,1.08312,1.08329,4980,15,3496746000
2016-10-27 06:00:00,1.08329,1.08381,1.08325,1.08354,4874,18,3746537000
2016-10-27 08:00:00,1.08354,1.08396,1.08301,1.08305,7380,15,5330889000
2016-10-27 10:00:00,1.08305,1.08398,1.08301,1.08358,12474,15,9623234000
2016-10-27 12:00:00,1.08357,1.08396,1.08266,1.08355,9470,15,7286999000
2016-10-27 14:00:00,1.08353,1.08416,1.08324,1.08392,9867,15,7200452000
2016-10-27 16:00:00,1.08392,1.0848,1.08374,1.08434,15788,15,14120299000
2016-10-27 18:00:00,1.08434,1.0844,1.08263,1.08274,13009,15,11542110000
2016-10-27 20:00:00,1.08274,1.08328,1.08251,1.0831,8214,15,8015771000
2016-10-27 22:00:00,1.0831,1.08325,1.08215,1.08215,4761,15,3331661000
2016-10-28 00:00:00,1.08241,1.08307,1.08192,1.08274,3237,15,1830482000
2016-10-28 02:00:00,1.08274,1.0832,1.08266,1.08307,3606,15,2514362000
2016-10-28 04:00:00,1.08307,1.08348,1.08305,1.08331,3566,15,2148378000
2016-10-28 06:00:00,1.08331,1.08364,1.08309,1.08353,2766,15,2098254000
2016-10-28 08:00:00,1.08353,1.08396,1.0829,1.08377,6531,15,4673480000
2016-10-28 10:00:00,1.08378,1.08504,1.08365,1.08423,12438,15,8586778000
2016-10-28 12:00:00,1.08424,1.08548,1.08421,1.08501,10053,15,7154981000
2016-10-28 14:00:00,1.08501,1.08617,1.08498,1.08581,14085,15,10199204000
2016-10-28 16:00:00,1.08581,1.08591,1.08431,1.08555,19527,15,16169895000
2016-10-28 18:00:00,1.08555,1.08633,1.08526,1.08582,10265,15,8165288000
2016-10-28 20:00:00,1.08581,1.0859,1.08309,1.08388,19618,15,15449229000
2016-10-28 22:00:00,1.08391,1.08516,1.08372,1.08383,7101,15,4832058000
2016-10-31 00:00:00,1.08462,1.08509,1.08427,1.08453,5315,16,3296655000
2016-10-31 02:00:00,1.0845,1.08455,1.08369,1.08411,4979,15,3355528000
2016-10-31 04:00:00,1.08411,1.08411,1.08344,1.08345,3406,15,2484425000
2016-10-31 06:00:00,1.08344,1.08348,1.08309,1.08335,3226,16,2151017000
2016-10-31 08:00:00,1.08334,1.08365,1.08286,1.08316,6454,15,5240292000
2016-10-31 10:00:00,1.08318,1.08397,1.08262,1.0827,9618,15,6779021000
2016-10-31 12:00:00,1.0827,1.08321,1.08236,1.08271,8608,15,7426610000
2016-10-31 14:00:00,1.08271,1.08337,1.08167,1.08323,11566,15,9276809000
2016-10-31 16:00:00,1.08323,1.08407,1.08279,1.08392,13333,15,10977186000
2016-10-31 18:00:00,1.08393,1.08562,1.08369,1.08551,11437,15,11202180000
2016-10-31 20:00:00,1.08551,1.08625,1.08533,1.086,8253,15,7823742000
2016-10-31 22:00:00,1.08601,1.08631,1.08524,1.08551,4754,17,2584608000
2016-11-01 00:00:00,1.0855,1.08564,1.08514,1.08519,4043,16,2198363000
2016-11-01 02:00:00,1.08521,1.08528,1.08431,1.08436,3967,15,2343186000
2016-11-01 04:00:00,1.08436,1.08492,1.08436,1.08482,3838,15,3049608000
2016-11-01 06:00:00,1.08479,1.085,1.08468,1.08479,3017,16,2159149000
2016-11-01 08:00:00,1.08479,1.08561,1.08428,1.08544,6532,15,5239895000
2016-11-01 10:00:00,1.08542,1.08567,1.08405,1.08405,11114,15,9866141000
2016-11-01 12:00:00,1.08406,1.08408,1.08325,1.08335,11530,15,10702105000
2016-11-01 14:00:00,1.08335,1.08351,1.08172,1.08172,14313,15,12379004000
2016-11-01 16:00:00,1.08176,1.08262,1.0809,1.081,18463,15,16137268000
2016-11-01 18:00:00,1.08103,1.08143,1.0782,1.07821,14714,15,12345991000
2016-11-01 20:00:00,1.07821,1.0787,1.07611,1.07822,10404,15,8596630000
2016-11-01 22:00:00,1.07823,1.07868,1.07762,1.07797,3155,15,2276760000
2016-11-02 00:00:00,1.07797,1.07829,1.07753,1.07807,3497,17,2581681000
2016-11-02 02:00:00,1.0781,1.07833,1.07676,1.07678,5022,15,3946007000
2016-11-02 04:00:00,1.07677,1.07718,1.07668,1.07699,3982,15,3072989000
2016-11-02 06:00:00,1.07699,1.07777,1.0769,1.07734,4653,15,3473135000
2016-11-02 08:00:00,1.07732,1.07812,1.07532,1.07588,8669,15,7673858000
2016-11-02 10:00:00,1.07588,1.07768,1.07565,1.07734,15048,15,11910494000
2016-11-02 12:00:00,1.07733,1.07805,1.07662,1.07727,12495,15,9784758000
2016-11-02 14:00:00,1.07728,1.07891,1.0768,1.07781,15696,15,11300831000
2016-11-02 16:00:00,1.07781,1.07894,1.07751,1.07859,14593,15,11352627000
2016-11-02 18:00:00,1.0786,1.0805,1.07841,1.07912,11839,15,9589601000
2016-11-02 20:00:00,1.07912,1.08012,1.07894,1.08012,12522,15,9407070000
2016-11-02 22:00:00,1.08009,1.08017,1.07945,1.0797,4244,16,3732177000
2016-11-03 00:00:00,1.07976,1.08021,1.07937,1.07952,6700,15,4060194000
2016-11-03 02:00:00,1.07956,1.07962,1.07873,1.07878,6641,15,5673306000
2016-11-03 04:00:00,1.07878,1.07882,1.07825,1.07842,8690,15,7037136000
2016-11-03 06:00:00,1.07843,1.07888,1.07831,1.07872,6077,15,5394188000
2016-11-03 08:00:00,1.07869,1.07955,1.07823,1.07951,7591,15,4900459000
2016-11-03 10:00:00,1.0795,1.07984,1.07826,1.079,11560,15,8524262000
2016-11-03 12:00:00,1.079,1.07927,1.0776,1.07781,17393,15,15087895000
2016-11-03 14:00:00,1.0778,1.07987,1.07719,1.07979,16948,15,15392557000
2016-11-03 16:00:00,1.07976,1.08129,1.07909,1.08121,14745,15,9735729000
2016-11-03 18:00:00,1.08121,1.08202,1.08093,1.082,11656,15,9824377000
2016-11-03 20:00:00,1.082,1.08232,1.08142,1.08164,7222,15,5405048000
2016-11-03 22:00:00,1.08164,1.0821,1.08123,1.0817,2725,15,1806688000
2016-11-04 00:00:00,1.0817,1.08183,1.08133,1.08157,4118,15,3564730000
2016-11-04 02:00:00,1.08155,1.08195,1.08141,1.08162,4797,17,3870640000
2016-11-04 04:00:00,1.08161,1.08182,1.0815,1.08164,3554,15,3082459000
2016-11-04 06:00:00,1.08164,1.08204,1.08161,1.08185,3393,18,3204775000
2016-11-04 08:00:00,1.08186,1.0825,1.08136,1.08145,6653,15,4660202000
2016-11-04 10:00:00,1.08145,1.08183,1.08038,1.08117,10429,15,7728814000
2016-11-04 12:00:00,1.08117,1.08133,1.07846,1.07846,9615,15,7085594000
2016-11-04 14:00:00,1.07846,1.07905,1.07684,1.07771,20136,15,14928646000
2016-11-04 16:00:00,1.0777,1.0803,1.07639,1.07677,16801,15,12809048000
2016-11-04 18:00:00,1.07679,1.07848,1.07674,1.07833,10720,15,8962557000
2016-11-04 20:00:00,1.07832,1.07939,1.07808,1.0791,8165,15,6400398000
2016-11-04 22:00:00,1.0791,1.07945,1.07809,1.07811,3802,15,3123853000
2016-11-07 00:00:00,1.07893,1.08263,1.07893,1.08112,6690,15,4668127000
2016-11-07 02:00:00,1.08115,1.08141,1.08021,1.0804,6790,15,3950702000
2016-11-07 04:00:00,1.0804,1.0809,1.08019,1.08074,5325,18,3604036000
2016-11-07 06:00:00,1.08075,1.08173,1.08065,1.08165,4606,15,4217997000
2016-11-07 08:00:00,1.08165,1.08236,1.08068,1.08095,7386,15,5438473000
2016-11-07 10:00:00,1.08097,1.08167,1.08035,1.08119,9640,15,6505829000
2016-11-07 12:00:00,1.08118,1.08172,1.07964,1.07993,9468,15,7848217000
2016-11-07 14:00:00,1.07993,1.08026,1.07799,1.0782,10082,15,8450529000
2016-11-07 16:00:00,1.07819,1.07891,1.07799,1.0782,14185,15,12200097000
2016-11-07 18:00:00,1.0782,1.0782,1.07619,1.07684,11464,15,9324697000
2016-11-07 20:00:00,1.07684,1.07723,1.07569,1.07582,7214,15,6808369000
2016-11-07 22:00:00,1.07585,1.07616,1.07542,1.07542,5701,15,5086013000
2016-11-08 00:00:00,1.07521,1.07625,1.07508,1.07625,3693,18,1644562000
2016-11-08 02:00:00,1.07624,1.07632,1.07549,1.07588,5570,15,4002663000
2016-11-08 04:00:00,1.07587,1.07619,1.07558,1.07598,4227,15,2997410000
2016-11-08 06:00:00,1.07598,1.07641,1.07571,1.07583,3128,16,1646861000
2016-11-08 08:00:00,1.07583,1.07744,1.07579,1.07721,6039,15,4271884000
2016-11-08 10:00:00,1.07724,1.07789,1.07688,1.07778,9640,15,7545737000
2016-11-08 12:00:00,1.07777,1.07872,1.07763,1.07825,7923,15,5931594000
2016-11-08 14:00:00,1.07826,1.07868,1.07743,1.07765,8832,15,6516585000
2016-11-08 16:00:00,1.07768,1.07806,1.07646,1.07666,14696,15,13122642000
2016-11-08 18:00:00,1.07666,1.07747,1.07586,1.07616,13574,15,12042642000
2016-11-08 20:00:00,1.07618,1.07794,1.076,1.07713,10262,15,9486964000
2016-11-08 22:00:00,1.07713,1.0786,1.07677,1.07807,7587,15,6798835000
2016-11-09 00:00:00,1.07756,1.08105,1.07701,1.0792,7345,15,5690337000
2016-11-09 02:00:00,1.0792,1.08127,1.07699,1.07744,25173,15,23283541000
2016-11-09 04:00:00,1.07748,1.07897,1.07509,1.07644,34144,15,28993600000
2016-11-09 06:00:00,1.07645,1.08053,1.07561,1.08025,28708,15,25060545000
2016-11-09 08:00:00,1.08025,1.0831,1.07879,1.0804,31098,15,26812119000
2016-11-09 10:00:00,1.0804,1.08264,1.07971,1.08174,31150,15,23519231000
2016-11-09 12:00:00,1.08173,1.08194,1.07802,1.08014,20565,15,14950526000
2016-11-09 14:00:00,1.08014,1.08045,1.07752,1.0777,22662,15,17530376000
2016-11-09 16:00:00,1.07769,1.07769,1.07451,1.07458,25960,15,18626968000
2016-11-09 18:00:00,1.07455,1.07602,1.07395,1.07508,17563,15,15216767000
2016-11-09 20:00:00,1.07508,1.07573,1.07405,1.07563,14928,15,14863754000
2016-11-09 22:00:00,1.07562,1.07567,1.0737,1.07372,8412,15,7716041000
2016-11-10 00:00:00,1.07357,1.07528,1.07354,1.07501,5322,15,4524261000
2016-11-10 02:00:00,1.07503,1.07547,1.07446,1.07484,7138,15,5249718000
2016-11-10 04:00:00,1.07485,1.07573,1.0748,1.07498,6605,15,4538697000
2016-11-10 06:00:00,1.07498,1.07583,1.07449,1.07583,6221,15,5262185000
2016-11-10 08:00:00,1.07581,1.07597,1.07487,1.07558,8532,15,6746656000
2016-11-10 10:00:00,1.07558,1.07779,1.07489,1.07602,20070,15,14772096000
2016-11-10 12:00:00,1.07601,1.0776,1.0754,1.07565,17182,15,12176002000
2016-11-10 14:00:00,1.07563,1.07648,1.07434,1.076,15959,15,10838427000
2016-11-10 16:00:00,1.07599,1.07647,1.07441,1.0745,19690,15,11590747000
2016-11-10 18:00:00,1.07451,1.07595,1.07366,1.07552,15975,15,11653226000
2016-11-10 20:00:00,1.07552,1.07581,1.07466,1.07493,11466,15,7920185000
2016-11-10 22:00:00,1.07496,1.07517,1.07449,1.07452,6894,16,6314141000
2016-11-11 00:00:00,1.07455,1.07508,1.07381,1.07478,5546,19,4350860000
2016-11-11 02:00:00,1.07475,1.07509,1.07412,1.07474,9782,15,8401560000
2016-11-11 04:00:00,1.07474,1.07563,1.07455,1.07549,12952,15,11237869000
2016-11-11 06:00:00,1.07549,1.07591,1.07539,1.07579,7041,15,6672146000
2016-11-11 08:00:00,1.07579,1.07601,1.07487,1.07525,7609,15,5936519000
2016-11-11 10:00:00,1.07525,1.07539,1.07092,1.07221,17724,15,12216916000
2016-11-11 12:00:00,1.07221,1.07359,1.0705,1.07084,15923,15,11355605000
2016-11-11 14:00:00,1.07086,1.07377,1.07076,1.07325,16330,15,12426435000
2016-11-11 16:00:00,1.07324,1.07348,1.07151,1.07223,20967,15,16531086000
2016-11-11 18:00:00,1.07223,1.07285,1.0708,1.07084,18054,15,16730481000
2016-11-11 20:00:00,1.07084,1.07228,1.07079,1.07188,9344,15,9496234000
2016-11-11 22:00:00,1.07189,1.07264,1.06794,1.06794,5071,17,4298670000
2016-11-14 00:00:00,1.0712,1.07222,1.07085,1.071,11594,15,8797957000
2016-11-14 02:00:00,1.07101,1.07137,1.06993,1.07013,13196,15,10243470000
2016-11-14 04:00:00,1.07013,1.07079,1.07004,1.07046,9028,15,4342914000
2016-11-14 06:00:00,1.07047,1.07063,1.07005,1.07019,13422,15,9694615000
2016-11-14 08:00:00,1.0702,1.0708,1.06987,1.06994,10176,15,5955607000
2016-11-14 10:00:00,1.06994,1.07073,1.06869,1.07049,17041,15,13005833000
2016-11-14 12:00:00,1.07049,1.07407,1.0699,1.07404,16458,15,11116146000
2016-11-14 14:00:00,1.07404,1.07468,1.0732,1.07459,13661,15,7816001000
2016-11-14 16:00:00,1.07458,1.07479,1.07015,1.07073,18827,15,10920673000
2016-11-14 18:00:00,1.07075,1.0719,1.06931,1.07179,15638,15,13435448000
2016-11-14 20:00:00,1.07179,1.07247,1.07101,1.07132,13501,15,11772081000
2016-11-14 22:00:00,1.07132,1.07211,1.07085,1.07151,7457,15,5437814000
2016-11-15 00:00:00,1.07051,1.07175,1.07042,1.07147,7706,15,6269744000
2016-11-15 02:00:00,1.07146,1.07185,1.07101,1.07135,13590,15,11241148000
2016-11-15 04:00:00,1.0714,1.0727,1.07133,1.07194,15220,15,14960230000
2016-11-15 06:00:00,1.07195,1.07224,1.07164,1.07187,6234,18,4298171000
2016-11-15 08:00:00,1.07188,1.07356,1.07172,1.07307,9721,15,4657397000
2016-11-15 10:00:00,1.07308,1.07469,1.07295,1.0741,18944,15,13531041000
2016-11-15 12:00:00,1.07408,1.07484,1.07321,1.07395,12582,15,8818045000
2016-11-15 14:00:00,1.07395,1.07583,1.07373,1.07382,17582,15,12163060000
2016-11-15 16:00:00,1.07387,1.07465,1.07353,1.07365,21949,15,15696273000
2016-11-15 18:00:00,1.07365,1.07475,1.07295,1.07363,13717,15,11606903000
2016-11-15 20:00:00,1.07367,1.07424,1.07334,1.07386,9372,15,7656177000
2016-11-15 22:00:00,1.07386,1.07448,1.07366,1.07397,8179,15,6920106000
2016-11-16 00:00:00,1.07392,1.07439,1.07327,1.074,7666,15,6723803000
2016-11-16 02:00:00,1.074,1.07474,1.07381,1.07398,10829,15,7936230000
2016-11-16 04:00:00,1.07399,1.07487,1.07388,1.07394,9295,15,7123806000
2016-11-16 06:00:00,1.07395,1.07461,1.07391,1.07447,10489,15,8784280000
2016-11-16 08:00:00,1.07447,1.07454,1.07284,1.07299,9877,15,7026888000
2016-11-16 10:00:00,1.07299,1.07518,1.07254,1.07455,14917,15,10916630000
2016-11-16 12:00:00,1.07455,1.07547,1.07403,1.07468,12901,15,9053742000
2016-11-16 14:00:00,1.07472,1.07515,1.07368,1.07449,16043,15,10547619000
2016-11-16 16:00:00,1.07449,1.07477,1.07227,1.0723,18843,15,12673457000
2016-11-16 18:00:00,1.07232,1.07274,1.07117,1.07133,15312,15,13372228000
2016-11-16 20:00:00,1.07133,1.07151,1.07036,1.0707,8795,15,8739785000
2016-11-16 22:00:00,1.07069,1.07129,1.07054,1.07081,5204,15,4570230000
2016-11-17 00:00:00,1.07081,1.07184,1.0703,1.07153,11786,15,10130300000
2016-11-17 02:00:00,1.07156,1.07188,1.07132,1.0715,11694,15,8499091000
2016-11-17 04:00:00,1.0715,1.07187,1.07124,1.07149,13811,15,13007640000
2016-11-17 06:00:00,1.07148,1.07204,1.07104,1.07196,7652,17,6372655000
2016-11-17 08:00:00,1.07195,1.07276,1.07144,1.07256,8441,15,5891939000
2016-11-17 10:00:00,1.07256,1.07404,1.07247,1.0729,15320,15,10231242000
2016-11-17 12:00:00,1.07288,1.0737,1.07252,1.07319,10362,15,8084415000
2016-11-17 14:00:00,1.0732,1.07414,1.07209,1.07222,17604,15,13935415000
2016-11-17 16:00:00,1.07222,1.07264,1.07094,1.07149,17666,15,12044669000
2016-11-17 18:00:00,1.0715,1.07209,1.06963,1.0703,15080,15,12593539000
2016-11-17 20:00:00,1.07029,1.07109,1.06941,1.07003,10785,15,10338493000
2016-11-17 22:00:00,1.07002,1.07025,1.06953,1.06983,6372,15,5739210000
2016-11-18 00:00:00,1.06954,1.07044,1.06954,1.07009,6032,15,3731439000
2016-11-18 02:00:00,1.07008,1.07031,1.06902,1.06904,15712,15,12836461000
2016-11-18 04:00:00,1.06904,1.06948,1.06879,1.06945,11254,15,11480564000
2016-11-18 06:00:00,1.06945,1.0696,1.06872,1.06877,11348,15,11731845000
2016-11-18 08:00:00,1.0688,1.07189,1.06854,1.07163,10776,15,7497592000
2016-11-18 10:00:00,1.07163,1.07196,1.06961,1.06969,16525,15,11706592000
2016-11-18 12:00:00,1.06969,1.07056,1.06929,1.07003,12393,15,8965681000
2016-11-18 14:00:00,1.07004,1.07156,1.06998,1.07031,18090,15,14237867000
2016-11-18 16:00:00,1.07031,1.07097,1.06927,1.06927,22923,15,20440145000
2016-11-18 18:00:00,1.06927,1.07065,1.06907,1.07042,15949,15,13596086000
2016-11-18 20:00:00,1.07041,1.07093,1.06965,1.07024,8888,15,7800993000
2016-11-18 22:00:00,1.07024,1.07043,1.06911,1.06927,7308,15,6263172000
2016-11-21 00:00:00,1.06976,1.07068,1.0691,1.06989,11093,24,8427900000
2016-11-21 02:00:00,1.06989,1.07079,1.06968,1.07028,20298,15,17709441000
2016-11-21 04:00:00,1.07027,1.07051,1.07007,1.07026,12306,15,12113628000
2016-11-21 06:00:00,1.07026,1.07051,1.06992,1.07047,9609,17,5934626000
2016-11-21 08:00:00,1.07046,1.07229,1.07029,1.07225,9372,15,5801896000
2016-11-21 10:00:00,1.07223,1.07389,1.07177,1.0735,14968,15,12271341000
2016-11-21 12:00:00,1.0735,1.07396,1.07231,1.07299,11785,15,8601019000
2016-11-21 14:00:00,1.07299,1.07387,1.07205,1.07292,14968,15,10732659000
2016-11-21 16:00:00,1.07291,1.073,1.07127,1.07182,17961,15,13873423000
2016-11-21 18:00:00,1.07182,1.07292,1.07143,1.07186,14175,15,12893028000
2016-11-21 20:00:00,1.07188,1.07191,1.07106,1.07174,9710,15,9889780000
2016-11-21 22:00:00,1.07174,1.07246,1.07155,1.07172,10313,15,9676327000
2016-11-22 00:00:00,1.07181,1.07237,1.06961,1.07199,7136,15,6316942000
2016-11-22 02:00:00,1.07197,1.07242,1.07171,1.07219,16639,17,13623957000
2016-11-22 04:00:00,1.07219,1.07264,1.07194,1.07246,10797,16,8023793000
2016-11-22 06:00:00,1.07245,1.07287,1.0722,1.07273,8535,15,7498034000
2016-11-22 08:00:00,1.07275,1.07328,1.07236,1.07327,10446,15,7671581000
2016-11-22 10:00:00,1.07328,1.07408,1.07275,1.07399,17434,15,14280464000
2016-11-22 12:00:00,1.07399,1.07454,1.0729,1.07348,11879,15,10344055000
2016-11-22 14:00:00,1.07349,1.07425,1.07241,1.07285,13305,15,10329702000
2016-11-22 16:00:00,1.07283,1.07338,1.07206,1.07217,18489,15,15349675000
2016-11-22 18:00:00,1.07216,1.07354,1.07192,1.07331,15018,15,13926354000
2016-11-22 20:00:00,1.07332,1.07468,1.07321,1.07452,8712,15,7901052000
2016-11-22 22:00:00,1.07452,1.07482,1.0739,1.07408,6184,15,4847179000
2016-11-23 00:00:00,1.07378,1.07486,1.07373,1.0747,3769,15,2564706000
2016-11-23 02:00:00,1.07469,1.0748,1.07419,1.07433,4857,18,3825672000
2016-11-23 04:00:00,1.07433,1.07474,1.07424,1.07445,4589,15,3153179000
2016-11-23 06:00:00,1.07443,1.0747,1.07423,1.0743,4060,17,3633271000
2016-11-23 08:00:00,1.07431,1.07491,1.0739,1.07469,6396,15,4014973000
2016-11-23 10:00:00,1.07466,1.07521,1.07312,1.07337,11236,15,8476821000
2016-11-23 12:00:00,1.07336,1.07357,1.07212,1.07319,13720,15,9634507000
2016-11-23 14:00:00,1.07319,1.07389,1.07166,1.07196,19269,15,15853429000
2016-11-23 16:00:00,1.07193,1.07251,1.07111,1.07173,20095,15,14548052000
2016-11-23 18:00:00,1.07174,1.07313,1.07139,1.07306,16558,15,13251644000
2016-11-23 20:00:00,1.07306,1.07357,1.07232,1.0728,12724,15,10586718000
2016-11-23 22:00:00,1.07278,1.07322,1.07212,1.07212,6098,15,5053000000
2016-11-24 00:00:00,1.07234,1.07322,1.07181,1.07257,5624,21,4525969000
2016-11-24 02:00:00,1.07257,1.07288,1.07239,1.07266,11666,15,8191803000
2016-11-24 04:00:00,1.07266,1.07291,1.07233,1.07256,14361,15,13388467000
2016-11-24 06:00:00,1.07256,1.07425,1.07246,1.07419,16961,15,14465348000
2016-11-24 08:00:00,1.07419,1.07438,1.07192,1.07267,9590,15,6202070000
2016-11-24 10:00:00,1.07265,1.07412,1.07153,1.07332,17874,15,13241459000
2016-11-24 12:00:00,1.07332,1.07412,1.07293,1.07375,13836,15,11378002000
2016-11-24 14:00:00,1.07375,1.074,1.07222,1.07267,12167,15,8527475000
2016-11-24 16:00:00,1.07266,1.07359,1.07226,1.07328,11158,15,7372620000
2016-11-24 18:00:00,1.07328,1.07395,1.07284,1.07333,9120,15,7881846000
2016-11-24 20:00:00,1.07334,1.07373,1.07297,1.07335,4108,15,3518437000
2016-11-24 22:00:00,1.0733,1.0741,1.07232,1.07257,3487,15,3035921000
2016-11-25 00:00:00,1.07252,1.07383,1.07031,1.07373,4222,15,4240321000
2016-11-25 02:00:00,1.07373,1.07398,1.07314,1.07372,13924,15,12094471000
2016-11-25 04:00:00,1.07372,1.07417,1.07351,1.07403,14010,15,13652098000
2016-11-25 06:00:00,1.07402,1.07428,1.07381,1.07394,14110,15,13974765000
2016-11-25 08:00:00,1.07394,1.07512,1.0737,1.07488,13779,15,10672521000
2016-11-25 10:00:00,1.07488,1.07542,1.07343,1.07377,17920,15,15727314000
2016-11-25 12:00:00,1.07377,1.07386,1.07265,1.07293,14093,15,13116206000
2016-11-25 14:00:00,1.07293,1.07374,1.07258,1.07344,14593,15,13701009000
2016-11-25 16:00:00,1.07344,1.07442,1.07332,1.07428,16102,15,14329488000
2016-11-25 18:00:00,1.07426,1.07467,1.07344,1.0738,11662,15,11099102000
2016-11-25 20:00:00,1.07382,1.07551,1.07329,1.0737,24459,15,17293524000
2016-11-25 22:00:00,1.07367,1.07511,1.07271,1.07284,3354,15,2107598000
2016-11-28 00:00:00,1.07337,1.07476,1.07299,1.0742,7337,17,5698034000
2016-11-28 02:00:00,1.0742,1.07484,1.07405,1.07458,11620,15,7353052000
2016-11-28 04:00:00,1.07456,1.07694,1.07425,1.0755,17125,15,15080466000
2016-11-28 06:00:00,1.0755,1.07612,1.07534,1.07562,9112,15,8416502000
2016-11-28 08:00:00,1.07565,1.07571,1.07464,1.07484,10341,15,7953809000
2016-11-28 10:00:00,1.07481,1.07649,1.07465,1.0752,15742,15,11717714000
2016-11-28 12:00:00,1.07518,1.07557,1.07414,1.0754,13979,15,11258622000
2016-11-28 14:00:00,1.07542,1.07574,1.07367,1.07409,17353,15,14297837000
2016-11-28 16:00:00,1.07409,1.07501,1.0738,1.07398,18314,15,16543349000
2016-11-28 18:00:00,1.07397,1.07475,1.07376,1.07418,13078,15,12425056000
2016-11-28 20:00:00,1.07418,1.07463,1.074,1.07427,5550,15,4796222000
2016-11-28 22:00:00,1.07426,1.07553,1.07425,1.07492,5935,15,4970743000
2016-11-29 00:00:00,1.07456,1.0756,1.07261,1.07486,6203,15,4891368000
2016-11-29 02:00:00,1.07485,1.07517,1.07433,1.07482,12506,15,10854466000
2016-11-29 04:00:00,1.07482,1.07503,1.07414,1.07437,11923,15,11295094000
2016-11-29 06:00:00,1.07438,1.07494,1.07422,1.07466,8824,15,7711178000
2016-11-29 08:00:00,1.07467,1.07493,1.07404,1.07475,7352,15,4785612000
2016-11-29 10:00:00,1.07473,1.07624,1.07463,1.07489,14140,15,11548048000
2016-11-29 12:00:00,1.07489,1.07628,1.07453,1.07593,10635,15,7844682000
2016-11-29 14:00:00,1.07593,1.076,1.07482,1.07495,16448,15,13495654000
2016-11-29 16:00:00,1.07496,1.07713,1.07466,1.07655,20809,15,17714475000
2016-11-29 18:00:00,1.07655,1.07692,1.07621,1.07632,13721,15,11978272000
2016-11-29 20:00:00,1.07632,1.07697,1.07627,1.07669,8697,15,6758499000
2016-11-29 22:00:00,1.07671,1.07757,1.07662,1.07735,4799,15,3448315000
2016-11-30 00:00:00,1.07704,1.07748,1.07657,1.07712,3800,15,3252145000
2016-11-30 02:00:00,1.07711,1.07753,1.07688,1.07735,8733,15,5783165000
2016-11-30 04:00:00,1.07734,1.07747,1.07686,1.07695,7772,15,5904133000
2016-11-30 06:00:00,1.07696,1.07751,1.0768,1.07742,9241,15,7257364000
2016-11-30 08:00:00,1.07743,1.07875,1.07701,1.07862,8783,15,5399610000
2016-11-30 10:00:00,1.0786,1.07997,1.07724,1.07828,17312,15,11668033000
2016-11-30 12:00:00,1.07822,1.08097,1.07809,1.08023,13661,15,9808175000
2016-11-30 14:00:00,1.08023,1.08159,1.0795,1.08012,18308,15,15240709000
2016-11-30 16:00:00,1.08012,1.08131,1.07773,1.08072,24441,15,19664234000
2016-11-30 18:00:00,1.08071,1.08106,1.07634,1.07882,21316,15,16733841000
2016-11-30 20:00:00,1.07883,1.0791,1.07673,1.07727,9921,15,7328586000
2016-11-30 22:00:00,1.07727,1.07767,1.07696,1.07709,6621,15,5405010000
2016-12-01 00:00:00,1.07737,1.07808,1.07628,1.07699,6445,15,5769643000
2016-12-01 02:00:00,1.07697,1.07754,1.07685,1.07723,17074,15,11713701000
2016-12-01 04:00:00,1.07722,1.0776,1.07716,1.0773,11516,15,10445158000
2016-12-01 06:00:00,1.07728,1.07761,1.07694,1.07751,13028,15,9454341000
2016-12-01 08:00:00,1.07751,1.07779,1.07695,1.07741,9693,15,6692860000
2016-12-01 10:00:00,1.0774,1.07827,1.07658,1.07715,15226,15,11441465000
2016-12-01 12:00:00,1.0771,1.07778,1.07557,1.07611,14102,15,10163874000
2016-12-01 14:00:00,1.07611,1.0775,1.07564,1.07717,13339,15,10187617000
2016-12-01 16:00:00,1.07716,1.07784,1.07517,1.07543,22236,15,14382537000
2016-12-01 18:00:00,1.07547,1.07733,1.07476,1.07622,16390,15,12290119000
2016-12-01 20:00:00,1.07624,1.07747,1.07607,1.07735,11184,15,8361992000
2016-12-01 22:00:00,1.07736,1.07758,1.0765,1.07679,9868,15,7251695000
2016-12-02 00:00:00,1.07689,1.07766,1.07573,1.0775,7930,21,7573959000
2016-12-02 02:00:00,1.07751,1.07798,1.0771,1.07779,13852,15,10870675000
2016-12-02 04:00:00,1.07777,1.07868,1.0777,1.07861,9612,15,5799891000
2016-12-02 06:00:00,1.0786,1.07892,1.07849,1.07866,12615,15,12191216000
2016-12-02 08:00:00,1.07866,1.07895,1.07808,1.07817,9474,15,6859113000
2016-12-02 10:00:00,1.07813,1.07858,1.07609,1.07611,14010,15,11437568000
2016-12-02 12:00:00,1.07611,1.07741,1.07601,1.07697,12240,15,10127833000
2016-12-02 14:00:00,1.07696,1.07737,1.07327,1.07426,18214,15,12534698000
2016-12-02 16:00:00,1.07424,1.07848,1.07418,1.07848,20271,15,15289936000
2016-12-02 18:00:00,1.07852,1.07883,1.07763,1.07781,11986,15,10010439000
2016-12-02 20:00:00,1.07781,1.07813,1.07693,1.0774,7903,15,6585402000
2016-12-02 22:00:00,1.07739,1.07829,1.07712,1.07725,5214,15,3610863000
2016-12-05 00:00:00,1.07299,1.07596,1.06945,1.07199,19750,15,14863068000
2016-12-05 02:00:00,1.07198,1.07345,1.07188,1.07292,16635,15,13513047000
2016-12-05 04:00:00,1.07291,1.07299,1.07236,1.07272,8809,16,7559678000
2016-12-05 06:00:00,1.07271,1.07278,1.07216,1.07263,6422,17,3337232000
2016-12-05 08:00:00,1.07263,1.07443,1.07227,1.07443,14709,15,10689554000
2016-12-05 10:00:00,1.0744,1.0794,1.07437,1.07812,21053,15,15791701000
2016-12-05 12:00:00,1.07812,1.08232,1.07789,1.08019,18676,15,13843098000
2016-12-05 14:00:00,1.08022,1.08133,1.07872,1.07907,15063,15,11604879000
2016-12-05 16:00:00,1.07908,1.08471,1.07908,1.08443,20159,15,14407335000
2016-12-05 18:00:00,1.08442,1.08444,1.08266,1.08375,15854,15,11604627000
2016-12-05 20:00:00,1.08375,1.08522,1.08345,1.08378,11456,15,6379697000
2016-12-05 22:00:00,1.08379,1.08406,1.0831,1.08316,5325,15,3500168000
2016-12-06 00:00:00,1.08295,1.08383,1.08231,1.08313,12496,15,12888250000
2016-12-06 02:00:00,1.08311,1.08351,1.08277,1.08316,9551,16,10263192000
2016-12-06 04:00:00,1.08316,1.08342,1.08269,1.08308,8853,15,7256068000
2016-12-06 06:00:00,1.08308,1.08347,1.08278,1.08323,5506,15,3678742000
2016-12-06 08:00:00,1.08325,1.08335,1.08203,1.08246,10482,15,8408014000
2016-12-06 10:00:00,1.08249,1.08448,1.08191,1.08366,14563,15,10163483000
2016-12-06 12:00:00,1.08365,1.08476,1.08252,1.08278,13225,15,9902914000
2016-12-06 14:00:00,1.08279,1.08404,1.0824,1.08365,15208,15,12037621000
2016-12-06 16:00:00,1.08365,1.08455,1.08279,1.08332,14946,15,8347793000
2016-12-06 18:00:00,1.08333,1.08343,1.0808,1.08233,11179,15,7393819000
2016-12-06 20:00:00,1.08232,1.08311,1.08212,1.0831,4709,15,3429298000
2016-12-06 22:00:00,1.08309,1.08309,1.0821,1.08214,4388,15,4116584000
2016-12-07 00:00:00,1.08206,1.08313,1.08167,1.08252,2802,16,2404268000
2016-12-07 02:00:00,1.08252,1.08272,1.08214,1.0823,8476,15,7496500000
2016-12-07 04:00:00,1.08232,1.08263,1.08203,1.08221,4575,15,3062827000
2016-12-07 06:00:00,1.08221,1.08254,1.08191,1.08203,4458,16,2833551000
2016-12-07 08:00:00,1.08205,1.08256,1.08165,1.08199,7266,15,5639288000
2016-12-07 10:00:00,1.08199,1.08315,1.08154,1.08262,13715,15,10768928000
2016-12-07 12:00:00,1.08261,1.08391,1.08189,1.08372,10770,15,8765610000
2016-12-07 14:00:00,1.08373,1.08445,1.0831,1.08445,9972,15,7784774000
2016-12-07 16:00:00,1.08445,1.08477,1.08367,1.08382,14192,15,9550790000
2016-12-07 18:00:00,1.08381,1.08431,1.0824,1.0825,9621,15,7809471000
2016-12-07 20:00:00,1.08251,1.08384,1.08248,1.08372,6708,15,5681323000
2016-12-07 22:00:00,1.08372,1.08403,1.08293,1.08307,5406,15,3925069000
2016-12-08 00:00:00,1.08272,1.08374,1.08164,1.08322,4242,15,3471518000
2016-12-08 02:00:00,1.08321,1.08364,1.08282,1.0836,8403,15,8333654000
2016-12-08 04:00:00,1.08361,1.08427,1.08337,1.08394,10435,15,10942843000
2016-12-08 06:00:00,1.08394,1.08421,1.08381,1.08391,6957,15,6367475000
2016-12-08 08:00:00,1.08393,1.08421,1.08339,1.08353,6968,15,6026819000
2016-12-08 10:00:00,1.08353,1.08551,1.08328,1.08509,13210,15,9962683000
2016-12-08 12:00:00,1.08509,1.08596,1.08348,1.08583,13569,15,8960970000
2016-12-08 14:00:00,1.08582,1.08971,1.08088,1.08204,30551,15,22341315000
2016-12-08 16:00:00,1.08204,1.08247,1.07888,1.07903,28059,15,16941063000
2016-12-08 18:00:00,1.07905,1.0796,1.07765,1.07846,14213,15,9119814000
2016-12-08 20:00:00,1.07844,1.07919,1.0779,1.07861,8709,15,6131791000
2016-12-08 22:00:00,1.07857,1.07916,1.07849,1.07851,6490,15,5715741000
2016-12-09 00:00:00,1.0784,1.07897,1.07775,1.07895,7120,17,2905507000
2016-12-09 02:00:00,1.07895,1.07904,1.07779,1.07782,12468,15,7575824000
2016-12-09 04:00:00,1.07781,1.07813,1.07762,1.07786,16980,19,13374173000
2016-12-09 06:00:00,1.07786,1.07851,1.07782,1.07845,7616,20,5673499000
2016-12-09 08:00:00,1.07848,1.07954,1.07829,1.07924,6871,15,4053323000
2016-12-09 10:00:00,1.07924,1.07967,1.07801,1.07925,12602,15,7954325000
2016-12-09 12:00:00,1.07925,1.07951,1.07651,1.07683,12200,15,7665714000
2016-12-09 14:00:00,1.07686,1.0773,1.07531,1.07715,16696,15,10811532000
2016-12-09 16:00:00,1.07715,1.07728,1.07492,1.075,15365,15,8872406000
2016-12-09 18:00:00,1.075,1.07565,1.07252,1.07376,11591,15,7748290000
2016-12-09 20:00:00,1.07373,1.07459,1.07373,1.07408,5527,15,3253070000
2016-12-09 22:00:00,1.07408,1.07439,1.0697,1.0697,4753,16,2859745000
2016-12-12 00:00:00,1.07147,1.07382,1.06917,1.07356,5762,27,4479413000
2016-12-12 02:00:00,1.07354,1.07419,1.07336,1.07395,10484,18,8022145000
2016-12-12 04:00:00,1.07392,1.07459,1.0738,1.07454,13326,16,7351224000
2016-12-12 06:00:00,1.07453,1.07513,1.07418,1.07502,6545,19,3312892000
2016-12-12 08:00:00,1.075,1.0762,1.07463,1.07544,8628,15,4892722000
2016-12-12 10:00:00,1.07544,1.0764,1.07372,1.07622,12075,15,5752030000
2016-12-12 12:00:00,1.07622,1.07735,1.07595,1.07607,9759,15,4424025000
2016-12-12 14:00:00,1.07607,1.07828,1.07561,1.07792,10434,15,5645955000
2016-12-12 16:00:00,1.07792,1.07845,1.07714,1.07777,12509,15,6342402000
2016-12-12 18:00:00,1.07778,1.07871,1.07664,1.07783,12827,15,7323175000
2016-12-12 20:00:00,1.07784,1.07885,1.07767,1.07835,8333,15,3277096000
2016-12-12 22:00:00,1.07834,1.07834,1.07738,1.07738,5316,18,2891509000
2016-12-13 00:00:00,1.07738,1.07828,1.07344,1.07798,10360,23,9762332000
2016-12-13 02:00:00,1.07802,1.07851,1.07744,1.07749,12210,19,6462167000
2016-12-13 04:00:00,1.07749,1.07808,1.07716,1.07777,10991,15,8325042000
2016-12-13 06:00:00,1.07777,1.07816,1.07767,1.07798,6998,18,4079782000
2016-12-13 08:00:00,1.07796,1.07869,1.07754,1.07831,8745,15,4642221000
2016-12-13 10:00:00,1.0783,1.0783,1.07549,1.07626,15079,15,11450301000
2016-12-13 12:00:00,1.07624,1.07663,1.07433,1.07441,10149,15,6323125000
2016-12-13 14:00:00,1.07441,1.07497,1.07341,1.0746,12101,15,7377060000
2016-12-13 16:00:00,1.0746,1.07623,1.07365,1.07602,14620,15,6929733000
2016-12-13 18:00:00,1.07602,1.07756,1.07521,1.07579,12866,15,7631355000
2016-12-13 20:00:00,1.0758,1.07589,1.07519,1.07561,8050,15,5861904000
2016-12-13 22:00:00,1.07562,1.07589,1.07485,1.07485,7760,16,5114586000
2016-12-14 00:00:00,1.07531,1.07631,1.07425,1.07522,18006,15,16313130000
2016-12-14 02:00:00,1.07522,1.07589,1.07515,1.07532,14623,19,11382951000
2016-12-14 04:00:00,1.07532,1.07556,1.07511,1.07538,10080,21,5211242000
2016-12-14 06:00:00,1.07538,1.07619,1.07537,1.07615,12262,15,8535598000
2016-12-14 08:00:00,1.07615,1.07757,1.07584,1.07714,9179,16,5129405000
2016-12-14 10:00:00,1.07716,1.07729,1.07387,1.07465,12553,15,7604626000
2016-12-14 12:00:00,1.07463,1.07547,1.0741,1.07517,9541,15,4590592000
2016-12-14 14:00:00,1.07517,1.07602,1.07443,1.07513,10632,15,6081137000
2016-12-14 16:00:00,1.07512,1.07593,1.07376,1.07578,12828,15,6949896000
2016-12-14 18:00:00,1.07579,1.07743,1.07554,1.07653,10585,15,5448946000
2016-12-14 20:00:00,1.07652,1.07759,1.07415,1.07558,23711,15,14945918000
2016-12-14 22:00:00,1.07555,1.07565,1.0729,1.07475,23740,15,17883689000
2016-12-15 00:00:00,1.07393,1.07538,1.07228,1.07461,18813,21,18753214000
2016-12-15 02:00:00,1.07461,1.07518,1.07262,1.07514,25259,17,16555736000
2016-12-15 04:00:00,1.07515,1.07549,1.07446,1.07475,23712,17,18877044000
2016-12-15 06:00:00,1.07476,1.07498,1.07412,1.07465,16089,20,14165821000
2016-12-15 08:00:00,1.07465,1.07488,1.07276,1.07365,15193,15,10743808000
2016-12-15 10:00:00,1.07362,1.07553,1.07276,1.07539,16852,15,10978153000
2016-12-15 12:00:00,1.07538,1.07659,1.07347,1.07362,19924,15,11045399000
2016-12-15 14:00:00,1.07361,1.07419,1.07216,1.07367,21484,15,14017947000
2016-12-15 16:00:00,1.07368,1.07464,1.07285,1.07356,25166,15,16236789000
2016-12-15 18:00:00,1.07357,1.07373,1.07183,1.07312,21924,15,16494028000
2016-12-15 20:00:00,1.07309,1.07387,1.07265,1.07366,15150,15,13435423000
2016-12-15 22:00:00,1.07367,1.07367,1.07235,1.07237,14744,16,14136991000
2016-12-16 00:00:00,1.07167,1.07323,1.07151,1.07259,11244,18,11675021000
2016-12-16 02:00:00,1.0726,1.07319,1.07228,1.07249,13254,15,7591861000
2016-12-16 04:00:00,1.0725,1.07295,1.07202,1.07243,14314,18,10185585000
2016-12-16 06:00:00,1.07243,1.07288,1.07236,1.07273,11078,18,7667338000
2016-12-16 08:00:00,1.0727,1.0744,1.07265,1.07432,12202,15,6896290000
2016-12-16 10:00:00,1.07432,1.07565,1.07235,1.07523,16104,15,10750733000
2016-12-16 12:00:00,1.07523,1.07548,1.07386,1.07463,15569,15,10624866000
2016-12-16 14:00:00,1.07463,1.07562,1.07399,1.07494,16026,15,12444539000
2016-12-16 16:00:00,1.07495,1.07495,1.07114,1.07119,19998,15,14066081000
2016-12-16 18:00:00,1.07118,1.07315,1.07097,1.07162,23106,15,18688809000
2016-12-16 20:00:00,1.07163,1.0724,1.07129,1.07217,14322,17,11328987000
2016-12-16 22:00:00,1.07221,1.07311,1.06864,1.06864,9568,16,7132385000
2016-12-19 00:00:00,1.07157,1.07314,1.07124,1.07252,14483,23,15369563000
2016-12-19 02:00:00,1.07251,1.07336,1.07242,1.07244,22581,17,15783628000
2016-12-19 04:00:00,1.07244,1.07277,1.07235,1.07272,15762,19,15258885000
2016-12-19 06:00:00,1.07271,1.07278,1.07232,1.07264,16876,20,15404670000
2016-12-19 08:00:00,1.07264,1.07316,1.07215,1.07273,10281,17,6476267000
2016-12-19 10:00:00,1.07272,1.07344,1.072,1.07203,13200,15,10306145000
2016-12-19 12:00:00,1.07202,1.07234,1.0707,1.07074,12522,15,8848785000
2016-12-19 14:00:00,1.07075,1.07104,1.07014,1.07083,14495,15,11186149000
2016-12-19 16:00:00,1.07081,1.07117,1.06828,1.06847,17380,15,11573030000
2016-12-19 18:00:00,1.06847,1.06877,1.06796,1.06855,15077,15,12199275000
2016-12-19 20:00:00,1.06855,1.06904,1.0679,1.06828,14926,15,13747258000
2016-12-19 22:00:00,1.06828,1.06859,1.06803,1.06856,10492,15,9937414000
2016-12-20 00:00:00,1.06858,1.06907,1.06765,1.0685,13307,15,10841844000
2016-12-20 02:00:00,1.06847,1.06871,1.06809,1.06855,18757,18,11740752000
2016-12-20 04:00:00,1.06855,1.06907,1.06846,1.06883,24174,19,18950704000
2016-12-20 06:00:00,1.06884,1.06906,1.06836,1.06852,19423,20,19023288000
2016-12-20 08:00:00,1.06853,1.06855,1.06794,1.06808,12834,15,11504391000
2016-12-20 10:00:00,1.06807,1.06877,1.06793,1.06851,13380,15,9375694000
2016-12-20 12:00:00,1.06851,1.06912,1.06843,1.06882,11271,15,6991889000
2016-12-20 14:00:00,1.06882,1.06941,1.06798,1.06909,16965,15,13011426000
2016-12-20 16:00:00,1.06907,1.06938,1.06792,1.06798,18331,15,15439949000
2016-12-20 18:00:00,1.06801,1.06901,1.06796,1.06891,11804,15,10853301000
2016-12-20 20:00:00,1.06892,1.06928,1.06846,1.0685,12127,15,12163933000
2016-12-20 22:00:00,1.0685,1.06894,1.06842,1.06847,9823,18,9159594000
2016-12-21 00:00:00,1.06868,1.06919,1.06722,1.0691,5333,20,4144876000
2016-12-21 02:00:00,1.0691,1.06931,1.06872,1.0691,9600,17,5742097000
2016-12-21 04:00:00,1.0691,1.06967,1.06901,1.06956,12058,18,9829702000
2016-12-21 06:00:00,1.06955,1.06994,1.06952,1.0696,10455,20,10462123000
2016-12-21 08:00:00,1.06961,1.07018,1.06916,1.06935,9160,15,8047441000
2016-12-21 10:00:00,1.06936,1.0695,1.06798,1.06812,13158,15,9720864000
2016-12-21 12:00:00,1.06812,1.06987,1.06781,1.06813,12387,15,9672825000
2016-12-21 14:00:00,1.06813,1.06955,1.06813,1.06917,16407,15,13631429000
2016-12-21 16:00:00,1.06917,1.07064,1.06844,1.07056,18190,15,14028367000
2016-12-21 18:00:00,1.07056,1.07057,1.06896,1.06905,12798,15,9869236000
2016-12-21 20:00:00,1.0691,1.07009,1.06907,1.06969,8749,15,8981420000
2016-12-21 22:00:00,1.0697,1.07038,1.06967,1.07013,7634,16,7148383000
2016-12-22 00:00:00,1.06973,1.07057,1.06807,1.07032,9351,15,10516243000
2016-12-22 02:00:00,1.07032,1.0707,1.07026,1.07038,12238,16,11259147000
2016-12-22 04:00:00,1.07037,1.07047,1.07033,1.07039,5640,15,3859785000
2016-12-22 06:00:00,1.07039,1.07067,1.07034,1.0706,6809,17,5250630000
2016-12-22 08:00:00,1.0706,1.07099,1.07016,1.07097,10251,15,7839165000
2016-12-22 10:00:00,1.07098,1.07205,1.0702,1.07156,14542,15,11523821000
2016-12-22 12:00:00,1.07156,1.07241,1.07075,1.07084,13560,15,10247522000
2016-12-22 14:00:00,1.07084,1.07104,1.07013,1.07077,15097,15,12559436000
2016-12-22 16:00:00,1.07076,1.07297,1.07049,1.07166,21237,15,16765831000
2016-12-22 18:00:00,1.07166,1.07187,1.07003,1.07017,17366,15,16702775000
2016-12-22 20:00:00,1.07017,1.07053,1.07001,1.07026,12290,15,12454215000
2016-12-22 22:00:00,1.07025,1.07065,1.06966,1.06966,12666,15,13509893000
2016-12-23 00:00:00,1.07039,1.07059,1.06966,1.07048,5489,17,5479930000
2016-12-23 02:00:00,1.07048,1.07067,1.07029,1.07056,11336,20,10197904000
2016-12-23 04:00:00,1.07055,1.07084,1.07035,1.07077,8119,15,4115127000
2016-12-23 06:00:00,1.07077,1.0709,1.0706,1.07077,7389,19,5453917000
2016-12-23 08:00:00,1.07074,1.071,1.07049,1.07088,9037,16,7538000000
2016-12-23 10:00:00,1.07086,1.07328,1.0707,1.07171,12826,15,10791768000
2016-12-23 12:00:00,1.07171,1.07242,1.07135,1.07169,12089,15,9082468000
2016-12-23 14:00:00,1.0717,1.07182,1.07066,1.07123,13679,15,10547694000
2016-12-23 16:00:00,1.07124,1.07282,1.07102,1.07276,12996,15,9412829000
2016-12-23 18:00:00,1.07277,1.07346,1.07239,1.07296,8646,15,5529269000
2016-12-23 20:00:00,1.07296,1.074,1.07289,1.07386,4690,15,4332975000
2016-12-23 22:00:00,1.07385,1.074,1.06784,1.06784,4265,15,3566559000
2016-12-26 06:00:00,1.07267,1.07298,1.07203,1.07218,2492,33,1471980000
2016-12-26 08:00:00,1.07224,1.07252,1.0717,1.07245,1574,15,1770441000
2016-12-26 10:00:00,1.07246,1.07291,1.07059,1.07182,3017,32,2540465000
2016-12-26 12:00:00,1.07195,1.07253,1.07099,1.07209,6947,77,6021404000
2016-12-26 14:00:00,1.07121,1.07271,1.07093,1.07243,1166,56,718449000
2016-12-26 16:00:00,1.07244,1.07312,1.07137,1.07283,2339,78,2283176000
2016-12-26 18:00:00,1.07285,1.07356,1.07188,1.07301,1827,65,1691820000
2016-12-26 20:00:00,1.07302,1.07318,1.07227,1.07282,717,98,511330000
2016-12-26 22:00:00,1.07317,1.07331,1.07212,1.07289,19286,86,18968104000
2016-12-27 00:00:00,1.07289,1.07371,1.07189,1.07329,5435,28,4497925000
2016-12-27 02:00:00,1.07328,1.07378,1.0727,1.07318,24770,22,27219235000
2016-12-27 04:00:00,1.07319,1.07383,1.07316,1.07369,19639,21,19719810000
2016-12-27 06:00:00,1.07369,1.07391,1.07355,1.07366,20496,22,22020950000
2016-12-27 08:00:00,1.07368,1.07427,1.07341,1.0741,8398,19,6511294000
2016-12-27 10:00:00,1.0741,1.07486,1.07405,1.07459,11067,15,7539097000
2016-12-27 12:00:00,1.07459,1.07493,1.07412,1.07484,7867,15,5765558000
2016-12-27 14:00:00,1.07484,1.07556,1.07465,1.07523,9343,15,8140285000
2016-12-27 16:00:00,1.0752,1.0761,1.07495,1.07571,10596,15,9025482000
2016-12-27 18:00:00,1.07572,1.0758,1.07499,1.0752,6352,15,6345838000
2016-12-27 20:00:00,1.0752,1.07523,1.07447,1.0746,5066,16,3452078000
2016-12-27 22:00:00,1.07461,1.07521,1.07456,1.07481,5777,19,3954099000
2016-12-28 00:00:00,1.07411,1.07519,1.07336,1.07503,6290,20,6383470000
2016-12-28 02:00:00,1.07504,1.0755,1.07494,1.07533,19472,17,9680950000
2016-12-28 04:00:00,1.07533,1.07573,1.07509,1.07565,11589,20,8249363000
2016-12-28 06:00:00,1.07565,1.07596,1.07556,1.07586,9019,18,6083919000
2016-12-28 08:00:00,1.07586,1.07586,1.07493,1.07511,7788,17,5591544000
2016-12-28 10:00:00,1.0751,1.07518,1.07342,1.07398,12656,15,10921274000
2016-12-28 12:00:00,1.07398,1.07414,1.07186,1.07283,12633,15,9928931000
2016-12-28 14:00:00,1.07281,1.07283,1.0701,1.07047,15902,15,12842676000
2016-12-28 16:00:00,1.07046,1.07105,1.0703,1.07072,15784,15,12539190000
2016-12-28 18:00:00,1.07071,1.07151,1.07028,1.07056,10188,15,9081160000
2016-12-28 20:00:00,1.07059,1.07078,1.07029,1.07042,11010,15,10154541000
2016-12-28 22:00:00,1.07043,1.07101,1.06975,1.07004,12240,15,8104737000
2016-12-29 00:00:00,1.07026,1.07134,1.06944,1.07092,13174,18,13109624000
2016-12-29 02:00:00,1.07094,1.07167,1.07091,1.07146,26331,17,18888810000
2016-12-29 04:00:00,1.07146,1.07195,1.07142,1.07176,17812,18,13099352000
2016-12-29 06:00:00,1.07177,1.07307,1.07171,1.07298,16069,16,10143095000
2016-12-29 08:00:00,1.07298,1.07298,1.07155,1.07156,10104,15,7169133000
2016-12-29 10:00:00,1.07155,1.07237,1.07104,1.07131,15880,15,12960575000
2016-12-29 12:00:00,1.07131,1.07176,1.07036,1.07052,13212,15,10689286000
2016-12-29 14:00:00,1.07051,1.07175,1.07045,1.07141,15228,15,13201427000
2016-12-29 16:00:00,1.0714,1.07388,1.06998,1.07357,14892,15,10696949000
2016-12-29 18:00:00,1.07356,1.07381,1.07224,1.07233,13257,15,11449548000
2016-12-29 20:00:00,1.07233,1.07348,1.07046,1.07339,15282,15,12148263000
2016-12-29 22:00:00,1.07339,1.07367,1.07285,1.07307,13726,15,13189092000
2016-12-30 00:00:00,1.07243,1.07599,1.07105,1.07476,20826,15,18740918000
2016-12-30 02:00:00,1.07475,1.0754,1.07352,1.07482,29903,16,28693737000
2016-12-30 04:00:00,1.07482,1.07532,1.07441,1.07495,30486,15,26385407000
2016-12-30 06:00:00,1.07496,1.0751,1.07427,1.07452,17260,17,14463373000
2016-12-30 08:00:00,1.07452,1.0751,1.07305,1.07501,16941,15,12128578000
2016-12-30 10:00:00,1.07501,1.07521,1.07266,1.07451,25144,15,17559939000
2016-12-30 12:00:00,1.07451,1.07558,1.07356,1.07483,23031,15,20346879000
2016-12-30 14:00:00,1.07482,1.0755,1.07237,1.07259,25421,15,19746872000
2016-12-30 16:00:00,1.0726,1.07443,1.07101,1.07188,27872,15,20168999000
2016-12-30 18:00:00,1.07184,1.07311,1.07142,1.07283,27434,15,21868214000
2016-12-30 20:00:00,1.07282,1.07288,1.07178,1.07245,18819,18,14136601000
2016-12-30 22:00:00,1.07244,1.07254,1.06832,1.06832,7909,23,5738998000
2017-01-02 00:00:00,1.07001,1.07176,1.06734,1.07153,726,50,774000000
2017-01-02 02:00:00,1.07137,1.07333,1.07021,1.07333,936,29,727800000
2017-01-02 04:00:00,1.0733,1.07333,1.07131,1.07291,1412,47,2095050000
2017-01-02 06:00:00,1.07233,1.07305,1.07036,1.07174,1313,29,2382500000
2017-01-02 08:00:00,1.07164,1.07259,1.07085,1.072,5276,19,5286190000
2017-01-02 10:00:00,1.07199,1.07232,1.06964,1.07138,16008,15,9649171000
2017-01-02 12:00:00,1.07137,1.07272,1.07066,1.0713,11545,15,9449599000
2017-01-02 14:00:00,1.07129,1.0715,1.07048,1.07108,9519,15,6285620000
2017-01-02 16:00:00,1.07109,1.07216,1.07095,1.07117,15223,20,15788577000
2017-01-02 18:00:00,1.07117,1.07171,1.07035,1.07112,6151,24,9076062000
2017-01-02 20:00:00,1.07112,1.07123,1.07017,1.07043,8336,34,7305137000
2017-01-02 22:00:00,1.07038,1.07068,1.06854,1.06854,10822,24,9392082000
2017-01-03 00:00:00,1.06878,1.0718,1.06764,1.07091,13492,18,12596001000
2017-01-03 02:00:00,1.07094,1.07118,1.07038,1.07046,17419,15,16478876000
2017-01-03 04:00:00,1.07046,1.07098,1.0703,1.07095,12375,15,6136428000
2017-01-03 06:00:00,1.07096,1.07133,1.07066,1.07125,14471,15,4716245000
2017-01-03 08:00:00,1.07127,1.07174,1.07062,1.07107,12884,15,10381179000
2017-01-03 10:00:00,1.07104,1.07133,1.06894,1.06949,20083,15,15072080000
2017-01-03 12:00:00,1.06948,1.07038,1.06912,1.06946,17066,15,11552697000
2017-01-03 14:00:00,1.06945,1.07066,1.06932,1.07028,16684,15,12492177000
2017-01-03 16:00:00,1.07028,1.07036,1.06819,1.06819,24681,15,20633232000
2017-01-03 18:00:00,1.06821,1.06965,1.06791,1.06901,20189,15,19311808000
2017-01-03 20:00:00,1.06901,1.07003,1.06894,1.06927,11121,15,12035653000
2017-01-03 22:00:00,1.0693,1.06946,1.06872,1.06882,10149,15,8411254000
2017-01-04 00:00:00,1.06835,1.06934,1.06682,1.06893,8843,15,9308323000
2017-01-04 02:00:00,1.06892,1.06941,1.0688,1.06902,20440,15,16665878000
2017-01-04 04:00:00,1.069,1.06954,1.06892,1.0693,22079,15,23056828000
2017-01-04 06:00:00,1.06929,1.0696,1.06921,1.06945,21774,15,25870959000
2017-01-04 08:00:00,1.06946,1.07042,1.06904,1.07042,16309,15,14438595000
2017-01-04 10:00:00,1.07042,1.07076,1.06956,1.07066,19622,15,16149099000
2017-01-04 12:00:00,1.0707,1.07121,1.06999,1.07103,17496,15,14716630000
2017-01-04 14:00:00,1.07103,1.07112,1.06994,1.07066,18172,15,15667522000
2017-01-04 16:00:00,1.07066,1.07316,1.07042,1.07206,22886,15,17745009000
2017-01-04 18:00:00,1.07208,1.07239,1.07022,1.07084,15108,15,12492906000
2017-01-04 20:00:00,1.07083,1.0714,1.07018,1.07076,18910,15,19932912000
2017-01-04 22:00:00,1.07074,1.07116,1.06987,1.06987,12888,15,11337068000
2017-01-05 00:00:00,1.07044,1.0713,1.06914,1.07088,5493,18,4756552000
2017-01-05 02:00:00,1.07088,1.07253,1.07081,1.07212,29251,16,21334714000
2017-01-05 04:00:00,1.07212,1.07229,1.07157,1.07163,23253,16,18826034000
2017-01-05 06:00:00,1.07163,1.07335,1.07147,1.07267,26252,16,25787837000
2017-01-05 08:00:00,1.07266,1.07369,1.07253,1.07361,23512,15,20090732000
2017-01-05 10:00:00,1.07359,1.07371,1.0704,1.07055,22218,15,14980659000
2017-01-05 12:00:00,1.07054,1.0719,1.06998,1.07122,14789,15,10486139000
2017-01-05 14:00:00,1.07122,1.07144,1.06982,1.07057,20965,15,14170627000
2017-01-05 16:00:00,1.07055,1.07108,1.06926,1.07066,26130,15,17102889000
2017-01-05 18:00:00,1.07063,1.0714,1.06996,1.07073,22031,15,13857550000
2017-01-05 20:00:00,1.07073,1.07113,1.07035,1.07048,13612,15,9495760000
2017-01-05 22:00:00,1.07047,1.07101,1.07033,1.07081,9195,15,8315258000
2017-01-06 00:00:00,1.0703,1.07125,1.06965,1.07078,7421,19,5097348000
2017-01-06 02:00:00,1.07082,1.07093,1.07044,1.07058,24566,18,19982612000
2017-01-06 04:00:00,1.07056,1.07089,1.07015,1.07048,17505,18,9947760000
2017-01-06 06:00:00,1.07048,1.0708,1.07027,1.07066,15343,18,9109327000
2017-01-06 08:00:00,1.07068,1.07136,1.07013,1.07133,14246,15,11942649000
2017-01-06 10:00:00,1.07131,1.07255,1.07092,1.07126,15403,15,10719337000
2017-01-06 12:00:00,1.07126,1.07256,1.07058,1.07091,13559,15,9758042000
2017-01-06 14:00:00,1.07092,1.07335,1.07024,1.07117,23481,15,14862510000
2017-01-06 16:00:00,1.07117,1.0721,1.07075,1.07188,26355,15,20399768000
2017-01-06 18:00:00,1.07188,1.07228,1.07104,1.07181,19553,15,14568708000
2017-01-06 20:00:00,1.0718,1.0723,1.071,1.07225,14439,15,11661196000
2017-01-06 22:00:00,1.07225,1.07235,1.06954,1.06954,8517,15,6287658000
2017-01-09 00:00:00,1.07096,1.07164,1.07038,1.07128,5586,15,4306181000
2017-01-09 02:00:00,1.07127,1.07172,1.07111,1.0716,9642,15,7057446000
2017-01-09 04:00:00,1.07162,1.07182,1.07147,1.07166,6278,16,4700514000
2017-01-09 06:00:00,1.07168,1.0721,1.07158,1.07198,7083,18,3778050000
2017-01-09 08:00:00,1.07199,1.07303,1.07189,1.07281,9739,15,6945908000
2017-01-09 10:00:00,1.07281,1.07356,1.07128,1.07128,16776,15,10622155000
2017-01-09 12:00:00,1.07129,1.07221,1.07101,1.07141,16364,15,11968160000
2017-01-09 14:00:00,1.07141,1.07262,1.07108,1.07203,14905,15,9731825000
2017-01-09 16:00:00,1.07203,1.07306,1.07145,1.07299,18189,15,10795043000
2017-01-09 18:00:00,1.07298,1.07357,1.07276,1.073,15341,15,11050691000
2017-01-09 20:00:00,1.07299,1.07347,1.07277,1.07293,9143,15,8708839000
2017-01-09 22:00:00,1.07295,1.07333,1.07255,1.0732,8519,16,7238916000
2017-01-10 00:00:00,1.07254,1.07376,1.07199,1.07366,6642,15,6056363000
2017-01-10 02:00:00,1.07366,1.07407,1.07349,1.07367,8152,16,4714653000
2017-01-10 04:00:00,1.07367,1.07461,1.07353,1.07389,15943,15,11589928000
2017-01-10 06:00:00,1.07389,1.07412,1.07385,1.07402,12516,19,10961421000
2017-01-10 08:00:00,1.07401,1.07456,1.07311,1.07318,11437,15,6531669000
2017-01-10 10:00:00,1.07317,1.07465,1.07271,1.07353,18255,15,12581537000
2017-01-10 12:00:00,1.07353,1.07371,1.07227,1.07264,13825,15,10145200000
2017-01-10 14:00:00,1.07265,1.07391,1.07241,1.07388,16517,15,11327613000
2017-01-10 16:00:00,1.07387,1.07404,1.07293,1.07371,20766,15,13271111000
2017-01-10 18:00:00,1.07371,1.07435,1.07311,1.0736,17452,15,13674049000
2017-01-10 20:00:00,1.0736,1.07402,1.07328,1.07332,10815,15,7751941000
2017-01-10 22:00:00,1.07332,1.0734,1.07299,1.07301,5397,16,4573932000
2017-01-11 00:00:00,1.07269,1.0737,1.07245,1.07295,3362,19,1368204000
2017-01-11 02:00:00,1.07292,1.07332,1.07278,1.07311,9403,18,3430499000
2017-01-11 04:00:00,1.07312,1.07328,1.07267,1.07301,9710,17,7290056000
2017-01-11 06:00:00,1.073,1.07328,1.07246,1.07311,8859,16,5412999000
2017-01-11 08:00:00,1.0731,1.07337,1.0723,1.07242,10518,15,7224203000
2017-01-11 10:00:00,1.0724,1.07366,1.07201,1.07299,13343,15,8858920000
2017-01-11 12:00:00,1.07298,1.07342,1.07209,1.07314,11862,15,8891570000
2017-01-11 14:00:00,1.07314,1.07327,1.07188,1.07264,14558,15,10244092000
2017-01-11 16:00:00,1.07263,1.07275,1.0709,1.07141,21616,15,13860182000
2017-01-11 18:00:00,1.07141,1.07303,1.0704,1.07249,38763,15,30005039000
2017-01-11 20:00:00,1.07249,1.07355,1.07208,1.0732,31096,15,28501444000
2017-01-11 22:00:00,1.07319,1.07353,1.07285,1.07296,12723,16,12752328000
2017-01-12 00:00:00,1.07258,1.07346,1.0723,1.07345,5481,19,4304642000
2017-01-12 02:00:00,1.07345,1.07345,1.07286,1.07312,12417,17,10254442000
2017-01-12 04:00:00,1.07312,1.07376,1.07306,1.07371,14239,19,12779330000
2017-01-12 06:00:00,1.07371,1.07372,1.07332,1.07348,9702,18,8790316000
2017-01-12 08:00:00,1.0735,1.0744,1.0733,1.0733,17884,15,10901146000
2017-01-12 10:00:00,1.0733,1.0737,1.07092,1.0719,21083,15,14812004000
2017-01-12 12:00:00,1.0719,1.07341,1.07172,1.07289,15379,15,10703445000
2017-01-12 14:00:00,1.07288,1.0747,1.07283,1.07337,20923,15,12251198000
2017-01-12 16:00:00,1.07337,1.07391,1.07278,1.07384,23965,15,15342279000
2017-01-12 18:00:00,1.07386,1.07404,1.07311,1.07369,17665,15,11244897000
2017-01-12 20:00:00,1.07368,1.07396,1.07322,1.07354,17119,15,12693690000
2017-01-12 22:00:00,1.07354,1.07364,1.07231,1.07265,9640,15,8032121000
2017-01-13 00:00:00,1.07246,1.073,1.07089,1.07263,5551,20,2576827000
2017-01-13 02:00:00,1.07261,1.07279,1.07222,1.07237,9283,17,4941888000
2017-01-13 04:00:00,1.07235,1.07255,1.07218,1.07223,9226,15,6286714000
2017-01-13 06:00:00,1.0722,1.07242,1.07212,1.07224,6963,16,4230572000
2017-01-13 08:00:00,1.07225,1.07286,1.07209,1.07243,12218,15,7257971000
2017-01-13 10:00:00,1.07243,1.07301,1.07176,1.07293,15470,15,9622086000
2017-01-13 12:00:00,1.07293,1.07337,1.07236,1.0731,11623,15,6690478000
2017-01-13 14:00:00,1.07311,1.07316,1.0717,1.07244,17579,15,10919168000
2017-01-13 16:00:00,1.07246,1.07343,1.07219,1.07271,24998,15,15765457000
2017-01-13 18:00:00,1.07274,1.07321,1.07197,1.07286,16359,15,11501671000
2017-01-13 20:00:00,1.07285,1.074,1.07271,1.07394,11638,15,11630799000
2017-01-13 22:00:00,1.07394,1.07401,1.07175,1.07175,6810,17,5953941000
2017-01-16 00:00:00,1.07084,1.07372,1.07,1.07323,8030,21,7849923000
2017-01-16 02:00:00,1.07322,1.07342,1.07287,1.07298,6128,20,3375095000
2017-01-16 04:00:00,1.07298,1.07317,1.07234,1.07267,8481,20,5696779000
2017-01-16 06:00:00,1.07267,1.07298,1.07236,1.07292,9270,15,5689213000
2017-01-16 08:00:00,1.07292,1.07315,1.07151,1.07184,11070,15,7548516000
2017-01-16 10:00:00,1.07185,1.07291,1.07124,1.07219,16097,15,10964026000
2017-01-16 12:00:00,1.07219,1.07255,1.07167,1.07216,11322,15,8019322000
2017-01-16 14:00:00,1.07214,1.07221,1.07061,1.07155,9197,15,6009203000
2017-01-16 16:00:00,1.07156,1.07223,1.0713,1.0721,9637,15,6862283000
2017-01-16 18:00:00,1.0721,1.07253,1.07184,1.07208,8120,15,7307198000
2017-01-16 20:00:00,1.07209,1.07244,1.07185,1.07213,6310,18,6061325000
2017-01-16 22:00:00,1.07211,1.07239,1.07147,1.07156,11666,16,9723437000
2017-01-17 00:00:00,1.07118,1.07236,1.07058,1.07195,4941,23,4731829000
2017-01-17 02:00:00,1.07195,1.07248,1.07184,1.07202,7080,19,5520429000
2017-01-17 04:00:00,1.07202,1.07311,1.07196,1.07293,8490,18,5494899000
2017-01-17 06:00:00,1.07293,1.07335,1.0727,1.07274,11479,17,7183965000
2017-01-17 08:00:00,1.07274,1.07337,1.07202,1.07214,15304,15,10284540000
2017-01-17 10:00:00,1.07215,1.07261,1.07105,1.07155,18717,15,11897319000
2017-01-17 12:00:00,1.07155,1.07243,1.07095,1.07132,20628,15,13651534000
2017-01-17 14:00:00,1.07132,1.07158,1.07006,1.07052,26762,15,18940305000
2017-01-17 16:00:00,1.07052,1.07232,1.07004,1.07217,25761,15,15951008000
2017-01-17 18:00:00,1.07217,1.07305,1.072,1.07255,16430,15,11200741000
2017-01-17 20:00:00,1.07255,1.07336,1.07254,1.0732,11554,15,10159333000
2017-01-17 22:00:00,1.07321,1.07325,1.07274,1.07277,7083,16,5461486000
2017-01-18 00:00:00,1.07249,1.0732,1.06927,1.07278,5652,21,4109358000
2017-01-18 02:00:00,1.07275,1.07315,1.07239,1.07241,8393,15,4090678000
2017-01-18 04:00:00,1.07242,1.07297,1.07224,1.07271,9311,19,5421012000
2017-01-18 06:00:00,1.07272,1.07295,1.07219,1.07288,10268,17,5046695000
2017-01-18 08:00:00,1.07286,1.07312,1.07226,1.07233,11603,16,7282536000
2017-01-18 10:00:00,1.07234,1.07252,1.07082,1.07109,15406,15,10660502000
2017-01-18 12:00:00,1.0711,1.07153,1.07045,1.07049,12338,16,8319530000
2017-01-18 14:00:00,1.0705,1.07133,1.07028,1.0703,15052,15,10333937000
2017-01-18 16:00:00,1.07031,1.07156,1.0701,1.07089,17988,15,12162081000
2017-01-18 18:00:00,1.07089,1.07196,1.0708,1.07166,15344,15,9989481000
2017-01-18 20:00:00,1.07166,1.07169,1.07089,1.071,11699,15,9862966000
2017-01-18 22:00:00,1.07106,1.0714,1.0705,1.0705,19563,15,17551681000
2017-01-19 00:00:00,1.0704,1.07135,1.06988,1.07105,6404,18,5235240000
2017-01-19 02:00:00,1.07105,1.0712,1.0707,1.07115,15823,19,8722271000
2017-01-19 04:00:00,1.07115,1.07144,1.07098,1.0711,16583,19,14335060000
2017-01-19 06:00:00,1.0711,1.07134,1.07102,1.07122,13074,19,10242003000
2017-01-19 08:00:00,1.07125,1.07183,1.07111,1.07131,12662,15,8156791000
2017-01-19 10:00:00,1.07131,1.07225,1.07123,1.07204,18086,15,12014985000
2017-01-19 12:00:00,1.07204,1.07277,1.07159,1.07269,12507,15,8537993000
2017-01-19 14:00:00,1.07268,1.07309,1.07083,1.07151,20786,15,12829275000
2017-01-19 16:00:00,1.07151,1.07274,1.07066,1.07247,29401,15,16063380000
2017-01-19 18:00:00,1.07252,1.07349,1.07216,1.07348,19721,15,13410949000
2017-01-19 20:00:00,1.07346,1.07368,1.07309,1.07354,17187,15,14321038000
2017-01-19 22:00:00,1.07355,1.07369,1.0727,1.0727,10934,15,10367316000
2017-01-20 00:00:00,1.07242,1.07308,1.07173,1.07268,7224,15,4622038000
2017-01-20 02:00:00,1.07268,1.07303,1.07239,1.07291,12198,15,9347073000
2017-01-20 04:00:00,1.07291,1.07325,1.07268,1.07296,10782,15,10249898000
2017-01-20 06:00:00,1.07293,1.07311,1.07271,1.0728,10559,19,8315252000
2017-01-20 08:00:00,1.07281,1.07328,1.07247,1.07311,13128,15,7499885000
2017-01-20 10:00:00,1.0731,1.07325,1.07194,1.0724,17778,15,13015379000
2017-01-20 12:00:00,1.07238,1.07283,1.07193,1.07257,15350,15,12350988000
2017-01-20 14:00:00,1.07256,1.07285,1.07225,1.07278,14244,15,10717901000
2017-01-20 16:00:00,1.07278,1.07399,1.07262,1.07355,19937,15,12099355000
2017-01-20 18:00:00,1.07355,1.07368,1.07266,1.07269,28554,15,23248554000
2017-01-20 20:00:00,1.07268,1.07271,1.07193,1.07228,21990,15,21877293000
2017-01-20 22:00:00,1.07227,1.07239,1.07123,1.07128,12640,17,10026676000
2017-01-23 00:00:00,1.07139,1.0726,1.07044,1.07248,7324,16,5772647000
2017-01-23 02:00:00,1.07246,1.07368,1.07229,1.07353,13868,15,7053911000
2017-01-23 04:00:00,1.07353,1.07356,1.07278,1.07304,15303,15,9793114000
2017-01-23 06:00:00,1.0731,1.0731,1.07248,1.0727,13456,15,7770252000
2017-01-23 08:00:00,1.07271,1.07363,1.07226,1.0731,14702,15,10719400000
2017-01-23 10:00:00,1.07309,1.07381,1.07191,1.07203,15048,15,10726381000
2017-01-23 12:00:00,1.07204,1.07242,1.07142,1.07186,13637,15,10637713000
2017-01-23 14:00:00,1.07186,1.07318,1.07168,1.07286,16455,15,12591377000
2017-01-23 16:00:00,1.07286,1.07341,1.07231,1.07302,24987,15,19968686000
2017-01-23 18:00:00,1.07303,1.0731,1.07236,1.07252,20414,15,20473168000
2017-01-23 20:00:00,1.07254,1.07304,1.07246,1.07292,12439,15,12892233000
2017-01-23 22:00:00,1.07293,1.07315,1.07217,1.07217,9158,15,9115251000
2017-01-24 00:00:00,1.07224,1.07313,1.07141,1.07293,9380,21,6606637000
2017-01-24 02:00:00,1.07294,1.07313,1.07268,1.07273,19986,15,12963254000
2017-01-24 04:00:00,1.07274,1.07291,1.07234,1.07258,16652,18,11313086000
2017-01-24 06:00:00,1.07258,1.07271,1.07226,1.07242,14327,19,11712617000
2017-01-24 08:00:00,1.07241,1.0735,1.07227,1.07304,13803,15,12069243000
2017-01-24 10:00:00,1.07307,1.07388,1.07256,1.07294,16439,15,12845286000
2017-01-24 12:00:00,1.07295,1.0744,1.07284,1.07393,12843,15,9438361000
2017-01-24 14:00:00,1.07393,1.07448,1.07345,1.07444,13832,15,10400365000
2017-01-24 16:00:00,1.07445,1.07502,1.07418,1.07421,20163,15,13546529000
2017-01-24 18:00:00,1.07422,1.075,1.07407,1.07444,16533,15,11161899000
2017-01-24 20:00:00,1.07445,1.07451,1.07379,1.07401,13681,15,12672282000
2017-01-24 22:00:00,1.07404,1.07426,1.07382,1.07396,8755,15,8390605000
2017-01-25 00:00:00,1.07312,1.07446,1.07312,1.07392,6798,15,4742221000
2017-01-25 02:00:00,1.07391,1.07432,1.07381,1.07414,15620,18,11997112000
2017-01-25 04:00:00,1.07415,1.07429,1.07391,1.07423,15982,18,13733225000
2017-01-25 06:00:00,1.07422,1.07438,1.0741,1.07435,13785,18,16174721000
2017-01-25 08:00:00,1.07432,1.07443,1.07342,1.07357,12114,15,8462685000
2017-01-25 10:00:00,1.07358,1.07392,1.07295,1.07327,18497,15,12985319000
2017-01-25 12:00:00,1.07327,1.07378,1.07288,1.07337,11684,15,8249681000
2017-01-25 14:00:00,1.07337,1.07361,1.07282,1.07297,17675,15,11981306000
2017-01-25 16:00:00,1.07296,1.07406,1.07284,1.07315,20542,15,13146721000
2017-01-25 18:00:00,1.07316,1.07413,1.07305,1.07397,18332,15,13816855000
2017-01-25 20:00:00,1.07397,1.07429,1.07357,1.07415,14730,15,12499829000
2017-01-25 22:00:00,1.07415,1.07433,1.07376,1.07378,10154,15,8275822000
2017-01-26 00:00:00,1.07329,1.07421,1.07321,1.07416,7686,24,8143146000
2017-01-26 02:00:00,1.07418,1.07422,1.07373,1.07389,15782,17,7174822000
2017-01-26 04:00:00,1.0739,1.07414,1.07378,1.07409,11661,17,7338714000
2017-01-26 06:00:00,1.07409,1.07423,1.07385,1.0741,9341,18,7856289000
2017-01-26 08:00:00,1.0741,1.07438,1.07227,1.07262,12107,15,8564082000
2017-01-26 10:00:00,1.07263,1.07288,1.06951,1.07056,17484,15,13511961000
2017-01-26 12:00:00,1.07057,1.07155,1.07046,1.07054,14207,15,10269954000
2017-01-26 14:00:00,1.07054,1.07061,1.06824,1.06845,19314,15,14827178000
2017-01-26 16:00:00,1.06844,1.06858,1.06685,1.06752,21083,15,15560799000
2017-01-26 18:00:00,1.06753,1.06904,1.06735,1.0684,14764,15,10971328000
2017-01-26 20:00:00,1.06839,1.06907,1.06818,1.06892,12775,15,10153902000
2017-01-26 22:00:00,1.06892,1.06896,1.06769,1.06769,11947,15,10309244000
2017-01-27 00:00:00,1.06711,1.06842,1.06711,1.06815,6352,15,5717730000
2017-01-27 02:00:00,1.06817,1.0685,1.06797,1.06839,14259,16,11047298000
2017-01-27 04:00:00,1.06839,1.06855,1.06813,1.06835,11262,18,9756756000
2017-01-27 06:00:00,1.06835,1.06845,1.06818,1.06843,8269,17,7398586000
2017-01-27 08:00:00,1.06842,1.0693,1.06805,1.06922,11514,15,6652062000
2017-01-27 10:00:00,1.0692,1.0696,1.06838,1.06897,15076,15,10361397000
2017-01-27 12:00:00,1.06896,1.06902,1.06792,1.0687,13350,15,9993277000
2017-01-27 14:00:00,1.06872,1.06935,1.06827,1.06908,16522,15,12759515000
2017-01-27 16:00:00,1.06907,1.06941,1.06835,1.06835,21610,15,16547665000
2017-01-27 18:00:00,1.06833,1.06884,1.06783,1.06806,13946,15,10886739000
2017-01-27 20:00:00,1.06805,1.06861,1.06795,1.06854,9323,15,7851264000
2017-01-27 22:00:00,1.06856,1.06884,1.06822,1.06845,6219,16,5305831000
2017-01-30 00:00:00,1.06855,1.06913,1.06777,1.06879,6762,18,6654714000
2017-01-30 02:00:00,1.06878,1.06977,1.06864,1.06967,14655,18,13611625000
2017-01-30 04:00:00,1.06967,1.06972,1.0694,1.06955,9344,21,6925090000
2017-01-30 06:00:00,1.06955,1.06979,1.06943,1.06968,10908,19,10523034000
2017-01-30 08:00:00,1.06967,1.06977,1.06852,1.06871,10283,15,7236494000
2017-01-30 10:00:00,1.06871,1.06878,1.06732,1.06805,14853,15,11984007000
2017-01-30 12:00:00,1.06805,1.06836,1.06756,1.0678,12651,15,9421765000
2017-01-30 14:00:00,1.0678,1.06821,1.06564,1.0657,20692,15,16530467000
2017-01-30 16:00:00,1.0657,1.06659,1.06507,1.06599,18883,15,12940657000
2017-01-30 18:00:00,1.06599,1.06613,1.06362,1.06457,17662,15,14729205000
2017-01-30 20:00:00,1.06458,1.06513,1.06405,1.06416,10912,15,10100979000
2017-01-30 22:00:00,1.06416,1.06464,1.06395,1.06426,9486,15,8417061000
2017-01-31 00:00:00,1.06362,1.06481,1.0634,1.06473,6275,17,5441960000
2017-01-31 02:00:00,1.06473,1.06482,1.06423,1.06445,15601,17,13268211000
2017-01-31 04:00:00,1.06444,1.06474,1.0642,1.06433,14028,17,8697112000
2017-01-31 06:00:00,1.06433,1.06455,1.06415,1.06454,9797,15,7330618000
2017-01-31 08:00:00,1.06454,1.06481,1.06417,1.06461,11187,15,9473484000
2017-01-31 10:00:00,1.06461,1.06602,1.06454,1.06567,18433,15,14525032000
2017-01-31 12:00:00,1.0657,1.06762,1.06514,1.06682,16951,15,11739817000
2017-01-31 14:00:00,1.06683,1.06756,1.06586,1.06647,20087,15,14327673000
2017-01-31 16:00:00,1.06647,1.06741,1.06526,1.066,25663,15,17605510000
2017-01-31 18:00:00,1.066,1.06846,1.06577,1.06815,19029,15,14249632000
2017-01-31 20:00:00,1.06816,1.06822,1.06757,1.06821,12232,15,10308628000
2017-01-31 22:00:00,1.06821,1.06842,1.06763,1.06765,9120,15,8072377000
2017-02-01 00:00:00,1.06758,1.06847,1.06747,1.06826,4854,15,4321152000
2017-02-01 02:00:00,1.06828,1.06874,1.06817,1.06868,7539,17,3406239000
2017-02-01 04:00:00,1.06869,1.0689,1.06861,1.06879,6950,17,4922483000
2017-02-01 06:00:00,1.06879,1.06895,1.06848,1.06863,8477,15,7674159000
2017-02-01 08:00:00,1.06865,1.069,1.06805,1.06839,11679,15,7998646000
2017-02-01 10:00:00,1.06836,1.06869,1.06778,1.06793,14599,15,11736165000
2017-02-01 12:00:00,1.06792,1.06881,1.0679,1.06826,12968,15,11857493000
2017-02-01 14:00:00,1.06824,1.06852,1.06728,1.06736,17351,15,14343558000
2017-02-01 16:00:00,1.06735,1.06788,1.06684,1.06751,21272,15,19285018000
2017-02-01 18:00:00,1.06751,1.06868,1.06737,1.06843,14665,15,11369273000
2017-02-01 20:00:00,1.06842,1.0693,1.06776,1.06891,22422,15,21104847000
2017-02-01 22:00:00,1.06888,1.06973,1.06871,1.06903,11046,15,10806641000
2017-02-02 00:00:00,1.06915,1.06955,1.06726,1.06908,5808,15,4306164000
2017-02-02 02:00:00,1.06908,1.06932,1.06877,1.06927,17981,18,18254427000
2017-02-02 04:00:00,1.06928,1.0695,1.06881,1.06881,16038,16,15261885000
2017-02-02 06:00:00,1.06882,1.06943,1.06879,1.06913,11635,15,8828845000
2017-02-02 08:00:00,1.06916,1.06964,1.06882,1.06894,11745,15,8435037000
2017-02-02 10:00:00,1.06894,1.06995,1.0687,1.06883,17264,15,14347338000
2017-02-02 12:00:00,1.06883,1.06886,1.06755,1.06755,14917,15,12101734000
2017-02-02 14:00:00,1.06755,1.06925,1.06734,1.06863,19722,15,16048707000
2017-02-02 16:00:00,1.06863,1.06944,1.06802,1.06888,20076,15,15317368000
2017-02-02 18:00:00,1.06888,1.06913,1.06833,1.06906,16754,15,15144837000
2017-02-02 20:00:00,1.06905,1.0697,1.06817,1.06838,12280,15,10702867000
2017-02-02 22:00:00,1.06837,1.06852,1.06765,1.06776,7142,15,6990955000
2017-02-03 00:00:00,1.06783,1.0685,1.06696,1.06797,4487,18,3298190000
2017-02-03 02:00:00,1.06797,1.06839,1.06795,1.06834,13138,18,9456863000
2017-02-03 04:00:00,1.06835,1.06841,1.06788,1.06822,14201,18,12994231000
2017-02-03 06:00:00,1.0682,1.06836,1.06796,1.06824,10552,18,7833573000
2017-02-03 08:00:00,1.06826,1.06898,1.06797,1.06873,9295,15,6085643000
2017-02-03 10:00:00,1.06873,1.06962,1.06822,1.06938,14732,15,11352966000
2017-02-03 12:00:00,1.06939,1.07036,1.06923,1.06973,11767,15,10506024000
2017-02-03 14:00:00,1.06971,1.07051,1.06925,1.06973,20939,15,14885260000
2017-02-03 16:00:00,1.06974,1.07012,1.06931,1.06938,22714,15,16985045000
2017-02-03 18:00:00,1.06938,1.06986,1.0691,1.06927,13434,15,11452649000
2017-02-03 20:00:00,1.06927,1.06971,1.06897,1.06967,15468,15,14585376000
2017-02-03 22:00:00,1.06965,1.07074,1.0661,1.0661,7580,15,5863683000
2017-02-06 00:00:00,1.06916,1.07027,1.06829,1.06993,5215,19,5005533000
2017-02-06 02:00:00,1.06992,1.0701,1.06935,1.06964,12452,16,9342781000
2017-02-06 04:00:00,1.06963,1.06991,1.06939,1.06945,11555,17,11111651000
2017-02-06 06:00:00,1.06946,1.06958,1.06918,1.06935,9649,18,6656086000
2017-02-06 08:00:00,1.06935,1.06939,1.06869,1.06904,10296,15,8940221000
2017-02-06 10:00:00,1.06902,1.06931,1.06829,1.06926,14764,15,12234545000
2017-02-06 12:00:00,1.06927,1.06943,1.06768,1.06782,13031,15,10296188000
2017-02-06 14:00:00,1.06782,1.06797,1.0658,1.06622,16885,15,14562206000
2017-02-06 16:00:00,1.06622,1.06732,1.06554,1.06591,21061,15,16647131000
2017-02-06 18:00:00,1.06591,1.0664,1.06556,1.06556,14304,15,12722256000
2017-02-06 20:00:00,1.06556,1.06588,1.06477,1.06515,13172,15,12655039000
2017-02-06 22:00:00,1.06515,1.06533,1.06477,1.06499,6202,15,4541711000
2017-02-07 00:00:00,1.06504,1.06553,1.06378,1.06495,5055,16,3961247000
2017-02-07 02:00:00,1.06494,1.06507,1.0645,1.06454,11857,17,7044408000
2017-02-07 04:00:00,1.06453,1.0648,1.06439,1.06457,12035,17,9178447000
2017-02-07 06:00:00,1.06457,1.0649,1.06441,1.06455,12174,15,8224943000
2017-02-07 08:00:00,1.06453,1.06487,1.06412,1.06442,12374,15,9662450000
2017-02-07 10:00:00,1.06441,1.06662,1.06418,1.06621,18331,15,12022538000
2017-02-07 12:00:00,1.06619,1.06687,1.06525,1.06669,12031,15,8501869000
2017-02-07 14:00:00,1.06668,1.06671,1.06542,1.06581,13339,15,10823326000
2017-02-07 16:00:00,1.06582,1.06651,1.06554,1.06593,16791,15,12805424000
2017-02-07 18:00:00,1.06591,1.06612,1.06546,1.06577,16673,15,12738363000
2017-02-07 20:00:00,1.06577,1.06603,1.06538,1.06569,11758,15,10714200000
2017-02-07 22:00:00,1.0657,1.06598,1.06535,1.06547,7386,15,6365288000
2017-02-08 00:00:00,1.06515,1.06597,1.06486,1.06539,5403,16,2844286000
2017-02-08 02:00:00,1.06539,1.06563,1.06511,1.06549,13056,15,6872702000
2017-02-08 04:00:00,1.06548,1.06566,1.06521,1.06542,9966,16,6914089000
2017-02-08 06:00:00,1.06542,1.06553,1.06511,1.06552,8902,17,5274648000
2017-02-08 08:00:00,1.06552,1.06567,1.06446,1.06454,9939,15,7980762000
2017-02-08 10:00:00,1.06454,1.06461,1.06357,1.06421,15991,15,13037245000
2017-02-08 12:00:00,1.06421,1.06465,1.06319,1.06358,11311,15,9305467000
2017-02-08 14:00:00,1.06358,1.06402,1.06338,1.06392,14045,15,10963386000
2017-02-08 16:00:00,1.06393,1.06418,1.06313,1.06349,21787,15,16756276000
2017-02-08 18:00:00,1.06348,1.06383,1.06333,1.06344,15828,15,14964431000
2017-02-08 20:00:00,1.06344,1.06393,1.06337,1.06366,12219,15,10840088000
2017-02-08 22:00:00,1.06366,1.06411,1.06363,1.06396,6989,15,5908659000
2017-02-09 00:00:00,1.06407,1.06431,1.06339,1.06409,5238,15,4136206000
2017-02-09 02:00:00,1.06409,1.06431,1.06392,1.0641,9804,15,8004394000
2017-02-09 04:00:00,1.0641,1.06429,1.06368,1.06374,10646,15,6374129000
2017-02-09 06:00:00,1.06375,1.0642,1.06372,1.06397,9206,15,6043012000
2017-02-09 08:00:00,1.06398,1.06431,1.06374,1.06423,8697,15,7073209000
2017-02-09 10:00:00,1.06423,1.06497,1.06393,1.06481,13774,15,9677935000
2017-02-09 12:00:00,1.06481,1.06718,1.0643,1.06709,11810,15,7831597000
2017-02-09 14:00:00,1.0671,1.06807,1.06593,1.06596,13350,15,8464043000
2017-02-09 16:00:00,1.06597,1.06819,1.06554,1.06718,22213,15,15219622000
2017-02-09 18:00:00,1.06718,1.06739,1.06673,1.06707,14305,15,11675078000
2017-02-09 20:00:00,1.06707,1.06734,1.06643,1.0673,11411,15,10906002000
2017-02-09 22:00:00,1.0673,1.06745,1.06698,1.06698,6251,15,4975977000
2017-02-10 00:00:00,1.06693,1.06769,1.06619,1.06727,5809,16,3940366000
2017-02-10 02:00:00,1.06728,1.0678,1.06709,1.06768,12703,15,7990791000
2017-02-10 04:00:00,1.06766,1.0679,1.06752,1.06775,9922,16,4901259000
2017-02-10 06:00:00,1.06774,1.06788,1.06754,1.06757,7723,15,4257626000
2017-02-10 08:00:00,1.06757,1.06816,1.06687,1.06715,9055,15,7665972000
2017-02-10 10:00:00,1.06713,1.06747,1.06548,1.06703,14136,15,10163749000
2017-02-10 12:00:00,1.06703,1.06743,1.0663,1.06692,11961,15,8444579000
2017-02-10 14:00:00,1.06692,1.06746,1.06615,1.0662,13598,15,8443327000
2017-02-10 16:00:00,1.0662,1.06849,1.06607,1.06747,18196,15,12393404000
2017-02-10 18:00:00,1.06747,1.06799,1.06692,1.06698,16086,15,11656746000
2017-02-10 20:00:00,1.06698,1.06742,1.06661,1.06692,16073,15,14981449000
2017-02-10 22:00:00,1.06694,1.06716,1.06291,1.06291,5798,15,4914506000
2017-02-13 00:00:00,1.06584,1.06678,1.06532,1.0666,5278,18,5550001000
2017-02-13 02:00:00,1.06661,1.06697,1.06642,1.06654,12462,15,10142873000
2017-02-13 04:00:00,1.06655,1.06667,1.06633,1.06654,8652,16,5184396000
2017-02-13 06:00:00,1.06653,1.06687,1.06644,1.06677,6839,16,3959462000
2017-02-13 08:00:00,1.06676,1.06757,1.06656,1.06717,7663,15,5271946000
2017-02-13 10:00:00,1.06717,1.06804,1.06664,1.06669,11577,15,8630125000
2017-02-13 12:00:00,1.06669,1.0672,1.06648,1.06701,9942,15,8824858000
2017-02-13 14:00:00,1.067,1.06756,1.06679,1.06714,11913,15,9142744000
2017-02-13 16:00:00,1.06712,1.06721,1.06561,1.06576,16357,15,11766680000
2017-02-13 18:00:00,1.06576,1.06639,1.06558,1.06586,13693,15,10482318000
2017-02-13 20:00:00,1.06586,1.06637,1.06555,1.06558,9799,15,8755838000
2017-02-13 22:00:00,1.06558,1.0659,1.06556,1.06571,5075,17,4565230000
2017-02-14 00:00:00,1.06607,1.06607,1.06401,1.06565,4164,15,2741816000
2017-02-14 02:00:00,1.06562,1.06599,1.06544,1.06555,11854,16,10503783000
2017-02-14 04:00:00,1.06555,1.06587,1.06537,1.06583,7231,15,4198615000
2017-02-14 06:00:00,1.06583,1.066,1.06552,1.06584,9962,15,6982079000
2017-02-14 08:00:00,1.06586,1.06668,1.06583,1.06632,8385,15,5218269000
2017-02-14 10:00:00,1.06631,1.06742,1.06596,1.0663,15206,15,12002867000
2017-02-14 12:00:00,1.06632,1.067,1.06604,1.06674,12037,15,9496880000
2017-02-14 14:00:00,1.06673,1.06687,1.06547,1.06566,12500,15,10515683000
2017-02-14 16:00:00,1.06566,1.06586,1.06458,1.06471,22635,15,17364231000
2017-02-14 18:00:00,1.06475,1.06551,1.06463,1.06483,16611,15,12946731000
2017-02-14 20:00:00,1.06483,1.06498,1.06452,1.06456,10630,15,9132932000
2017-02-14 22:00:00,1.06457,1.06481,1.06414,1.06414,6773,15,5744181000
2017-02-15 00:00:00,1.06375,1.06461,1.0637,1.0644,4598,16,3302085000
2017-02-15 02:00:00,1.06441,1.06451,1.06423,1.06435,13171,15,10562898000
2017-02-15 04:00:00,1.06435,1.06478,1.06425,1.06457,9023,15,5452864000
2017-02-15 06:00:00,1.06456,1.06465,1.06432,1.06437,8220,16,6414418000
2017-02-15 08:00:00,1.06438,1.06523,1.06425,1.06487,7806,15,6031061000
2017-02-15 10:00:00,1.06489,1.06562,1.06395,1.06429,14969,15,13936325000
2017-02-15 12:00:00,1.06426,1.06541,1.06393,1.06516,10960,15,9691020000
2017-02-15 14:00:00,1.06515,1.0653,1.06403,1.06417,16044,15,13299878000
2017-02-15 16:00:00,1.06418,1.06633,1.06418,1.0663,23253,15,20105630000
2017-02-15 18:00:00,1.06631,1.06652,1.06566,1.06579,19178,15,16055383000
2017-02-15 20:00:00,1.06579,1.0662,1.06547,1.06595,9588,15,8248790000
2017-02-15 22:00:00,1.06595,1.06604,1.06541,1.06555,6919,15,6113609000
2017-02-16 00:00:00,1.06486,1.06593,1.06467,1.06546,6238,15,6012192000
2017-02-16 02:00:00,1.06544,1.06609,1.06537,1.06568,12385,15,6783865000
2017-02-16 04:00:00,1.06568,1.06588,1.06542,1.06545,8345,17,4096466000
2017-02-16 06:00:00,1.06545,1.06571,1.06529,1.06552,6102,15,3041974000
2017-02-16 08:00:00,1.06552,1.06567,1.065,1.06552,9161,15,6484164000
2017-02-16 10:00:00,1.06552,1.06629,1.06496,1.06515,14985,15,11906613000
2017-02-16 12:00:00,1.06513,1.06515,1.06405,1.06428,11506,15,11667211000
2017-02-16 14:00:00,1.06428,1.06485,1.06413,1.06459,16092,15,15614969000
2017-02-16 16:00:00,1.06457,1.06573,1.06413,1.06558,20587,15,16390127000
2017-02-16 18:00:00,1.06557,1.0658,1.06473,1.065,16569,15,13908554000
2017-02-16 20:00:00,1.06499,1.06517,1.06423,1.06443,12212,15,11405487000
2017-02-16 22:00:00,1.0644,1.06454,1.06389,1.06389,6689,15,5939372000
2017-02-17 00:00:00,1.06458,1.06514,1.06379,1.06406,4395,15,3614707000
2017-02-17 02:00:00,1.06406,1.06429,1.06397,1.06419,9464,16,6820686000
2017-02-17 04:00:00,1.06416,1.06442,1.06412,1.06427,6434,16,3776732000
2017-02-17 06:00:00,1.06427,1.06449,1.0642,1.06446,5828,16,4051472000
2017-02-17 08:00:00,1.06445,1.06483,1.0641,1.06412,8308,15,7030087000
2017-02-17 10:00:00,1.06412,1.06439,1.06342,1.06387,16523,15,14497851000
2017-02-17 12:00:00,1.06387,1.06399,1.06347,1.06358,12735,15,10890005000
2017-02-17 14:00:00,1.06358,1.06413,1.06355,1.06387,12529,15,9884168000
2017-02-17 16:00:00,1.06387,1.06494,1.06364,1.06403,20019,15,17356153000
2017-02-17 18:00:00,1.06404,1.06456,1.06349,1.06387,13852,15,12142187000
2017-02-17 20:00:00,1.06387,1.06413,1.06372,1.06402,7707,15,7651710000
2017-02-17 22:00:00,1.064,1.06427,1.06368,1.06391,5397,15,4414354000
2017-02-20 00:00:00,1.0635,1.06476,1.06283,1.06467,7524,15,6981938000
2017-02-20 02:00:00,1.06465,1.06474,1.06433,1.06456,11367,17,6999158000
2017-02-20 04:00:00,1.06455,1.06469,1.06441,1.0646,7327,15,6442738000
2017-02-20 06:00:00,1.06461,1.06479,1.06449,1.06471,5512,16,3355932000
2017-02-20 08:00:00,1.0647,1.06519,1.06446,1.06458,8522,15,5289356000
2017-02-20 10:00:00,1.06456,1.06574,1.0645,1.06557,12470,15,9547713000
2017-02-20 12:00:00,1.06557,1.06628,1.06451,1.06614,8786,15,7195773000
2017-02-20 14:00:00,1.06614,1.06637,1.06467,1.06485,9828,15,7512432000
2017-02-20 16:00:00,1.06487,1.06487,1.06428,1.0643,7822,15,6034292000
2017-02-20 18:00:00,1.0643,1.06459,1.06422,1.06441,6388,15,6273413000
2017-02-20 20:00:00,1.0644,1.06473,1.0642,1.06437,6804,15,5881108000
2017-02-20 22:00:00,1.06437,1.06452,1.06408,1.06408,5488,15,4414526000
2017-02-21 00:00:00,1.06379,1.06449,1.06377,1.06429,4913,19,4237284000
2017-02-21 02:00:00,1.06427,1.06449,1.0639,1.06414,11237,15,9037449000
2017-02-21 04:00:00,1.06414,1.06442,1.06401,1.06417,9583,15,9006770000
2017-02-21 06:00:00,1.06416,1.06429,1.06401,1.06416,5757,15,3865126000
2017-02-21 08:00:00,1.06416,1.06428,1.06369,1.06408,8013,15,5347766000
2017-02-21 10:00:00,1.06409,1.06417,1.06309,1.06377,15560,15,12960053000
2017-02-21 12:00:00,1.0638,1.06472,1.06341,1.06416,12841,15,10946808000
2017-02-21 14:00:00,1.06416,1.06437,1.06341,1.06414,13640,15,13152611000
2017-02-21 16:00:00,1.06415,1.06438,1.06339,1.06362,17752,15,15304297000
2017-02-21 18:00:00,1.06364,1.06403,1.0634,1.06368,13067,15,11937195000
2017-02-21 20:00:00,1.06367,1.064,1.06362,1.06372,7779,15,7420082000
2017-02-21 22:00:00,1.06372,1.064,1.06343,1.06343,5964,15,5204198000
2017-02-22 00:00:00,1.06329,1.06401,1.06329,1.06375,4306,16,3629734000
2017-02-22 02:00:00,1.06375,1.06397,1.06361,1.0638,8465,16,5968729000
2017-02-22 04:00:00,1.06378,1.06391,1.06365,1.06382,6184,15,4262418000
2017-02-22 06:00:00,1.06383,1.06413,1.06377,1.06407,4598,15,3364508000
2017-02-22 08:00:00,1.06407,1.06417,1.06333,1.06347,11055,15,10046886000
2017-02-22 10:00:00,1.06348,1.06448,1.06337,1.06426,16324,15,12524434000
2017-02-22 12:00:00,1.06426,1.06443,1.06328,1.06416,14268,15,12935101000
2017-02-22 14:00:00,1.06416,1.06457,1.06376,1.06394,13118,15,12010032000
2017-02-22 16:00:00,1.06395,1.06694,1.06386,1.06688,20787,15,18945873000
2017-02-22 18:00:00,1.06688,1.06763,1.06608,1.06696,16811,15,13517145000
2017-02-22 20:00:00,1.06696,1.06732,1.06646,1.06701,16461,15,16446309000
2017-02-22 22:00:00,1.06703,1.06713,1.06662,1.06667,7335,15,7111173000
2017-02-23 00:00:00,1.06656,1.06698,1.06496,1.06655,5297,18,4625082000
2017-02-23 02:00:00,1.06654,1.06678,1.06633,1.06664,7451,15,5150771000
2017-02-23 04:00:00,1.06664,1.06721,1.06654,1.0672,5690,15,3194944000
2017-02-23 06:00:00,1.0672,1.0673,1.06685,1.06697,4973,15,2920992000
2017-02-23 08:00:00,1.06696,1.06708,1.0658,1.06645,9744,15,6377159000
2017-02-23 10:00:00,1.06645,1.0666,1.06521,1.06583,12913,15,9411765000
2017-02-23 12:00:00,1.06583,1.06603,1.06471,1.06512,10927,15,9944664000
2017-02-23 14:00:00,1.06512,1.06638,1.06503,1.06566,19647,15,18782663000
2017-02-23 16:00:00,1.06565,1.06593,1.0646,1.06538,16329,15,15832069000
2017-02-23 18:00:00,1.06538,1.06583,1.06467,1.06471,13802,15,12339072000
2017-02-23 20:00:00,1.0647,1.06495,1.06458,1.06467,8391,15,6603388000
2017-02-23 22:00:00,1.06467,1.06511,1.06459,1.06468,5966,15,5773320000
2017-02-24 00:00:00,1.06426,1.06511,1.06412,1.06482,3052,18,2161535000
2017-02-24 02:00:00,1.0648,1.06504,1.06474,1.06496,6923,16,4509054000
2017-02-24 04:00:00,1.06497,1.06511,1.06469,1.06498,5353,17,3272676000
2017-02-24 06:00:00,1.06499,1.06512,1.06478,1.06482,5317,17,4136366000
2017-02-24 08:00:00,1.06482,1.06563,1.0646,1.06547,8637,15,7112857000
2017-02-24 10:00:00,1.06547,1.06554,1.06438,1.06474,14421,15,12355410000
2017-02-24 12:00:00,1.06474,1.06548,1.06461,1.06519,11476,15,9406535000
2017-02-24 14:00:00,1.06518,1.06593,1.06429,1.06455,15076,15,11463337000
2017-02-24 16:00:00,1.06455,1.06463,1.06359,1.06375,19380,15,15281228000
2017-02-24 18:00:00,1.06376,1.06434,1.06366,1.06381,14302,15,12177337000
2017-02-24 20:00:00,1.06381,1.064,1.06354,1.06395,9037,15,8789496000
2017-02-24 22:00:00,1.06395,1.06427,1.05991,1.05991,5917,15,5086316000
2017-02-27 00:00:00,1.06375,1.06512,1.0637,1.06458,6912,15,7010444000
2017-02-27 02:00:00,1.06457,1.06475,1.06437,1.06456,7195,15,5218457000
2017-02-27 04:00:00,1.06456,1.06473,1.06445,1.06453,4688,15,3272833000
2017-02-27 06:00:00,1.06451,1.06485,1.0645,1.06476,5895,16,4255280000
2017-02-27 08:00:00,1.06474,1.06536,1.06451,1.06528,7963,15,5381340000
2017-02-27 10:00:00,1.06529,1.06578,1.06519,1.06558,11789,15,8926016000
2017-02-27 12:00:00,1.06558,1.06621,1.06509,1.06547,9623,15,8811489000
2017-02-27 14:00:00,1.06546,1.06694,1.06545,1.06688,10161,15,8387281000
2017-02-27 16:00:00,1.06686,1.06731,1.06641,1.06714,17960,15,14942299000
2017-02-27 18:00:00,1.06714,1.06801,1.0668,1.06756,13915,15,9221313000
2017-02-27 20:00:00,1.06758,1.06867,1.06753,1.0685,11364,15,9390823000
2017-02-27 22:00:00,1.0685,1.06856,1.06817,1.06817,5753,15,5362654000
2017-02-28 00:00:00,1.06778,1.06863,1.06716,1.06833,3298,15,1889248000
2017-02-28 02:00:00,1.06832,1.06841,1.06759,1.06784,7171,15,4383607000
2017-02-28 04:00:00,1.06785,1.06798,1.06741,1.06744,5301,15,5025489000
2017-02-28 06:00:00,1.06744,1.06748,1.0668,1.067,5381,15,5192359000
2017-02-28 08:00:00,1.067,1.0672,1.06608,1.06654,10316,15,9377403000
2017-02-28 10:00:00,1.06653,1.06718,1.0647,1.0648,14036,15,13452232000
2017-02-28 12:00:00,1.06481,1.06528,1.06446,1.06501,12968,15,12309877000
2017-02-28 14:00:00,1.065,1.06523,1.06442,1.0652,13829,15,11929927000
2017-02-28 16:00:00,1.06518,1.06561,1.06391,1.06392,17231,15,13760792000
2017-02-28 18:00:00,1.06395,1.06434,1.06383,1.06389,15606,15,14155564000
2017-02-28 20:00:00,1.0639,1.06417,1.06381,1.06401,11116,15,10335647000
2017-02-28 22:00:00,1.064,1.06407,1.06368,1.0637,10631,15,9236798000
2017-03-01 00:00:00,1.06352,1.06396,1.06301,1.06384,2986,15,1690041000
2017-03-01 02:00:00,1.06384,1.06468,1.06368,1.06437,9709,15,6648404000
2017-03-01 04:00:00,1.06438,1.06484,1.06411,1.06432,17827,15,13784995000
2017-03-01 06:00:00,1.06433,1.06447,1.06409,1.06417,6174,16,5496826000
2017-03-01 08:00:00,1.06417,1.06471,1.06383,1.06385,11733,15,9023047000
2017-03-01 10:00:00,1.06385,1.06461,1.0636,1.06388,15582,15,13523894000
2017-03-01 12:00:00,1.06387,1.06435,1.06364,1.06386,14439,15,11605385000
2017-03-01 14:00:00,1.06386,1.06532,1.06382,1.06524,17892,15,13170620000
2017-03-01 16:00:00,1.06524,1.06611,1.06469,1.06473,19952,15,16409022000
2017-03-01 18:00:00,1.06473,1.06527,1.06389,1.06406,14348,15,14423835000
2017-03-01 20:00:00,1.06405,1.06411,1.0638,1.0639,9052,15,8155075000
2017-03-01 22:00:00,1.06392,1.06413,1.06372,1.06372,6622,15,6250845000
2017-03-02 00:00:00,1.06369,1.06437,1.06333,1.06436,4031,15,2916951000
2017-03-02 02:00:00,1.06436,1.06443,1.06393,1.06395,7080,15,5169669000
2017-03-02 04:00:00,1.06395,1.06413,1.06385,1.06402,4389,15,3708486000
2017-03-02 06:00:00,1.06401,1.06421,1.06387,1.06409,5037,16,3584800000
2017-03-02 08:00:00,1.0641,1.06473,1.06394,1.06466,9265,15,5775691000
2017-03-02 10:00:00,1.06464,1.06493,1.064,1.06427,14820,15,12489471000
2017-03-02 12:00:00,1.06424,1.06472,1.06382,1.06465,12243,15,10634724000
2017-03-02 14:00:00,1.06466,1.06548,1.06407,1.06506,15602,15,12837878000
2017-03-02 16:00:00,1.06506,1.06511,1.06382,1.06402,18863,15,18325722000
2017-03-02 18:00:00,1.06402,1.0648,1.0638,1.06475,12870,15,13087241000
2017-03-02 20:00:00,1.06474,1.06497,1.0644,1.06482,10045,15,8515294000
2017-03-02 22:00:00,1.06463,1.06492,1.06444,1.06456,6998,15,6109330000
2017-03-03 00:00:00,1.06425,1.06482,1.06281,1.06451,3834,18,2486184000
2017-03-03 02:00:00,1.06451,1.06494,1.06443,1.06487,6213,15,3753903000
2017-03-03 04:00:00,1.06487,1.06539,1.06468,1.06529,7168,15,4576186000
2017-03-03 06:00:00,1.06529,1.06529,1.06491,1.06505,5239,17,3261630000
2017-03-03 08:00:00,1.06505,1.0654,1.06473,1.06531,9190,15,7508796000
2017-03-03 10:00:00,1.0653,1.06619,1.06515,1.06585,13119,15,10646855000
2017-03-03 12:00:00,1.06586,1.06688,1.06517,1.06676,12765,15,11328855000
2017-03-03 14:00:00,1.06676,1.0679,1.0667,1.06699,16076,15,13644199000
2017-03-03 16:00:00,1.067,1.06759,1.06643,1.06736,16615,15,12725668000
2017-03-03 18:00:00,1.06736,1.06788,1.06699,1.06765,13371,15,10970948000
2017-03-03 20:00:00,1.06762,1.07057,1.06741,1.06989,21627,15,18599890000
2017-03-03 22:00:00,1.06988,1.0714,1.06615,1.06615,8734,15,7311063000
2017-03-06 00:00:00,1.06881,1.0706,1.0681,1.07028,6556,16,5520732000
2017-03-06 02:00:00,1.07027,1.07039,1.06949,1.06957,8175,15,5219416000
2017-03-06 04:00:00,1.06958,1.06982,1.06943,1.06948,4493,15,3209603000
2017-03-06 06:00:00,1.06948,1.06974,1.06939,1.06953,4502,15,3547280000
2017-03-06 08:00:00,1.06952,1.0697,1.06911,1.06939,8819,15,6694015000
2017-03-06 10:00:00,1.06938,1.07213,1.06927,1.06975,18321,15,13635646000
2017-03-06 12:00:00,1.06974,1.06983,1.06864,1.06868,11758,15,10088626000
2017-03-06 14:00:00,1.06867,1.06995,1.06835,1.06931,11880,15,9555299000
2017-03-06 16:00:00,1.06929,1.07201,1.06927,1.07177,17165,15,14223954000
2017-03-06 18:00:00,1.07175,1.07189,1.07047,1.07076,12462,15,10945406000
2017-03-06 20:00:00,1.07076,1.07133,1.07076,1.07099,7113,15,7369934000
2017-03-06 22:00:00,1.07099,1.07116,1.0705,1.0705,6273,15,4942745000
2017-03-07 00:00:00,1.0704,1.07118,1.06949,1.07058,4127,15,2450703000
2017-03-07 02:00:00,1.07059,1.0708,1.07037,1.07064,5579,16,2337268000
2017-03-07 04:00:00,1.07064,1.07092,1.07048,1.07067,5731,15,3568525000
2017-03-07 06:00:00,1.07066,1.07108,1.07046,1.07099,6116,15,4750989000
2017-03-07 08:00:00,1.07099,1.07176,1.07092,1.07151,8537,15,5953385000
2017-03-07 10:00:00,1.07152,1.07236,1.07123,1.07212,13895,15,10852284000
2017-03-07 12:00:00,1.07211,1.07271,1.07197,1.07269,11542,15,9939083000
2017-03-07 14:00:00,1.0727,1.07384,1.07238,1.07357,12781,15,10284427000
2017-03-07 16:00:00,1.07357,1.07462,1.07192,1.07223,16137,15,12441650000
2017-03-07 18:00:00,1.07223,1.07235,1.07084,1.07101,11963,15,11143219000
2017-03-07 20:00:00,1.07101,1.07139,1.07079,1.07088,7936,15,5762755000
2017-03-07 22:00:00,1.07086,1.07093,1.07047,1.07047,4870,15,3639501000
2017-03-08 00:00:00,1.07047,1.07092,1.06991,1.07072,3023,15,1526655000
2017-03-08 02:00:00,1.07072,1.07084,1.07058,1.07067,5466,15,2661748000
2017-03-08 04:00:00,1.07064,1.07088,1.07058,1.07073,4866,16,2598048000
2017-03-08 06:00:00,1.07072,1.07083,1.07057,1.07078,5118,15,2479555000
2017-03-08 08:00:00,1.07077,1.07117,1.07006,1.07011,8446,15,6296125000
2017-03-08 10:00:00,1.0701,1.07068,1.06874,1.06912,13748,15,11355206000
2017-03-08 12:00:00,1.06912,1.06994,1.06897,1.06948,10629,15,9028825000
2017-03-08 14:00:00,1.06948,1.07067,1.06889,1.07053,15800,15,12991675000
2017-03-08 16:00:00,1.07052,1.07106,1.06983,1.07104,17966,15,13571277000
2017-03-08 18:00:00,1.07104,1.07109,1.06954,1.06958,13988,15,12152384000
2017-03-08 20:00:00,1.06958,1.07017,1.06958,1.07005,12046,15,9569256000
2017-03-08 22:00:00,1.07007,1.07009,1.06947,1.06958,6634,15,5234395000
2017-03-09 00:00:00,1.06934,1.06997,1.06872,1.06959,3399,15,1499195000
2017-03-09 02:00:00,1.06959,1.06978,1.06945,1.06964,5920,16,2244366000
2017-03-09 04:00:00,1.06964,1.06991,1.06937,1.0694,6259,15,3758656000
2017-03-09 06:00:00,1.06941,1.06985,1.06939,1.06966,4986,15,3109490000
2017-03-09 08:00:00,1.06965,1.07017,1.06922,1.06946,11059,15,8251469000
2017-03-09 10:00:00,1.06943,1.07275,1.06925,1.07175,18362,15,14701278000
2017-03-09 12:00:00,1.07175,1.07187,1.0705,1.07137,12962,15,9335382000
2017-03-09 14:00:00,1.0714,1.07368,1.07045,1.0735,22702,15,18683743000
2017-03-09 16:00:00,1.07349,1.07491,1.07246,1.07342,25134,15,17843187000
2017-03-09 18:00:00,1.07342,1.07342,1.07163,1.07166,14286,15,10581510000
2017-03-09 20:00:00,1.07166,1.07206,1.06897,1.0697,13458,15,12941377000
2017-03-09 22:00:00,1.06971,1.07081,1.0695,1.07034,8492,15,7189557000
2017-03-10 00:00:00,1.07025,1.07107,1.06924,1.07082,3887,16,2391645000
2017-03-10 02:00:00,1.07083,1.07211,1.07078,1.07198,7093,15,2921148000
2017-03-10 04:00:00,1.07198,1.07228,1.07178,1.07203,5556,15,3087739000
2017-03-10 06:00:00,1.07203,1.07299,1.07192,1.07295,5208,15,2730094000
2017-03-10 08:00:00,1.07293,1.07308,1.07222,1.07258,8307,15,5406864000
2017-03-10 10:00:00,1.07258,1.07448,1.07248,1.07382,13592,15,9855986000
2017-03-10 12:00:00,1.07381,1.07421,1.07325,1.0741,12346,15,9686273000
2017-03-10 14:00:00,1.0741,1.07535,1.07376,1.07523,19894,15,13986847000
2017-03-10 16:00:00,1.07522,1.07683,1.07303,1.07662,26161,15,20259301000
2017-03-10 18:00:00,1.07664,1.07824,1.07605,1.07774,18153,15,11327369000
2017-03-10 20:00:00,1.07776,1.07935,1.0777,1.07912,11703,15,9733192000
2017-03-10 22:00:00,1.07912,1.07976,1.07611,1.07611,7562,15,5426633000
2017-03-13 00:00:00,1.07887,1.07943,1.07857,1.07932,4483,17,2512529000
2017-03-13 02:00:00,1.07933,1.07955,1.07895,1.07899,7041,15,2582828000
2017-03-13 04:00:00,1.07899,1.07938,1.07881,1.07888,6377,15,3796824000
2017-03-13 06:00:00,1.07889,1.07903,1.07819,1.07819,5485,15,2567045000
2017-03-13 08:00:00,1.0782,1.08239,1.07764,1.08131,13142,15,8702806000
2017-03-13 10:00:00,1.0813,1.0814,1.07448,1.07448,20377,15,16040215000
2017-03-13 12:00:00,1.07449,1.07602,1.07434,1.07592,13810,15,11211539000
2017-03-13 14:00:00,1.07592,1.07637,1.07448,1.07505,16050,15,13587151000
2017-03-13 16:00:00,1.07505,1.07505,1.07387,1.07419,15205,15,12668497000
2017-03-13 18:00:00,1.07419,1.07423,1.07276,1.07321,12210,15,9895511000
2017-03-13 20:00:00,1.07321,1.0737,1.07258,1.07269,8970,15,7176931000
2017-03-13 22:00:00,1.07268,1.07323,1.07263,1.07307,3418,15,2270512000
2017-03-14 00:00:00,1.07297,1.07338,1.0729,1.07309,4812,15,2051654000
2017-03-14 02:00:00,1.0731,1.07355,1.07302,1.07341,7328,16,4255296000
2017-03-14 04:00:00,1.07342,1.0735,1.07319,1.07337,4446,16,2710071000
2017-03-14 06:00:00,1.07337,1.07361,1.07311,1.07358,3416,16,1623604000
2017-03-14 08:00:00,1.07357,1.07438,1.07327,1.07392,11764,15,7800039000
2017-03-14 10:00:00,1.07392,1.07426,1.07198,1.07258,15388,15,12664686000
2017-03-14 12:00:00,1.07259,1.07291,1.07224,1.07231,12598,15,10010067000
2017-03-14 14:00:00,1.07231,1.07261,1.07183,1.07207,14827,15,12278662000
2017-03-14 16:00:00,1.07207,1.07279,1.07192,1.07274,15971,15,14163594000
2017-03-14 18:00:00,1.07274,1.07274,1.07111,1.07112,10730,15,8402396000
2017-03-14 20:00:00,1.07111,1.07176,1.07106,1.0713,9614,15,7201608000
2017-03-14 22:00:00,1.07127,1.07147,1.07092,1.07119,3527,15,2117986000
2017-03-15 00:00:00,1.07119,1.07128,1.07099,1.07115,2641,17,1301380000
2017-03-15 02:00:00,1.07116,1.07149,1.07107,1.07113,6472,15,4395610000
2017-03-15 04:00:00,1.07113,1.07143,1.07095,1.07123,4211,15,3016767000
2017-03-15 06:00:00,1.07125,1.07154,1.07119,1.07146,4263,15,2455252000
2017-03-15 08:00:00,1.07147,1.07189,1.07087,1.07167,11516,15,8522229000
2017-03-15 10:00:00,1.07167,1.07197,1.07132,1.07174,13177,15,9242751000
2017-03-15 12:00:00,1.07175,1.07203,1.07153,1.07171,10005,15,6625934000
2017-03-15 14:00:00,1.0717,1.07208,1.07079,1.07132,13795,15,11523948000
2017-03-15 16:00:00,1.07131,1.07197,1.07076,1.07152,14885,15,12418792000
2017-03-15 18:00:00,1.07153,1.07276,1.07137,1.07247,12814,15,8811530000
2017-03-15 20:00:00,1.07246,1.07271,1.07017,1.07031,31926,15,24882299000
2017-03-15 22:00:00,1.07031,1.07476,1.07031,1.07409,8878,15,7860185000
2017-03-16 00:00:00,1.07407,1.07448,1.07351,1.07372,7148,15,3722680000
2017-03-16 02:00:00,1.07372,1.07372,1.0724,1.07246,10989,15,7067627000
2017-03-16 04:00:00,1.07246,1.07266,1.07224,1.07227,9036,15,6354209000
2017-03-16 06:00:00,1.07228,1.07261,1.07194,1.07202,5634,15,3854653000
2017-03-16 08:00:00,1.07201,1.07238,1.07103,1.07225,15078,15,11469431000
2017-03-16 10:00:00,1.07222,1.07265,1.07036,1.07043,15691,15,12690658000
2017-03-16 12:00:00,1.07046,1.07119,1.06986,1.0699,13752,15,10718555000
2017-03-16 14:00:00,1.0699,1.0705,1.06881,1.07,18805,15,16436509000
2017-03-16 16:00:00,1.07002,1.07012,1.06829,1.06862,17092,15,15316321000
2017-03-16 18:00:00,1.0686,1.06903,1.0684,1.06854,13924,15,11212757000
2017-03-16 20:00:00,1.06854,1.07298,1.06837,1.0729,15634,15,12901301000
2017-03-16 22:00:00,1.07291,1.07318,1.07195,1.07285,5462,15,4217408000
2017-03-17 00:00:00,1.07285,1.07347,1.0725,1.07291,6401,15,2982158000
2017-03-17 02:00:00,1.0729,1.07307,1.07243,1.07284,5760,15,2578687000
2017-03-17 04:00:00,1.07283,1.07355,1.07281,1.07345,3458,15,1798457000
2017-03-17 06:00:00,1.07345,1.07359,1.0733,1.07351,3394,16,2092341000
2017-03-17 08:00:00,1.07352,1.07421,1.07213,1.07213,11192,15,8657623000
2017-03-17 10:00:00,1.07213,1.07254,1.07178,1.07184,14279,15,14122673000
2017-03-17 12:00:00,1.07184,1.07204,1.06963,1.07045,17084,15,16312187000
2017-03-17 14:00:00,1.07045,1.07106,1.06943,1.07071,16491,15,15320330000
2017-03-17 16:00:00,1.07078,1.07204,1.07069,1.07187,17206,15,15341549000
2017-03-17 18:00:00,1.07185,1.07214,1.07069,1.0708,11899,15,10926277000
2017-03-17 20:00:00,1.07081,1.07229,1.07073,1.07217,6932,15,6220778000
2017-03-17 22:00:00,1.07216,1.07217,1.07161,1.07177,2106,16,1499645000
2017-03-20 00:00:00,1.07104,1.07161,1.07101,1.07145,2325,16,1402952000
2017-03-20 02:00:00,1.07145,1.07153,1.07129,1.07149,4069,15,1751365000
2017-03-20 04:00:00,1.07149,1.07235,1.07147,1.07206,4025,15,2983908000
2017-03-20 06:00:00,1.07205,1.07244,1.07202,1.07242,3592,15,2764413000
2017-03-20 08:00:00,1.07244,1.0745,1.07214,1.07432,10008,15,6990577000
2017-03-20 10:00:00,1.07434,1.07452,1.0732,1.07371,13696,15,13286102000
2017-03-20 12:00:00,1.07371,1.07398,1.0722,1.07229,11502,15,10854919000
2017-03-20 14:00:00,1.07228,1.07256,1.07144,1.0715,14330,15,13874913000
2017-03-20 16:00:00,1.0715,1.07182,1.07091,1.07176,14436,15,14142816000
2017-03-20 18:00:00,1.07174,1.07231,1.07127,1.07144,12162,15,11385471000
2017-03-20 20:00:00,1.07146,1.07277,1.07138,1.07265,6383,15,5563648000
2017-03-20 22:00:00,1.07265,1.07287,1.07084,1.07221,3725,15,2891262000
2017-03-21 00:00:00,1.07213,1.07266,1.07147,1.07241,5239,15,2495824000
2017-03-21 02:00:00,1.0724,1.07408,1.07228,1.07402,10192,15,7138110000
2017-03-21 04:00:00,1.07403,1.07432,1.07392,1.07405,5870,15,4273972000
2017-03-21 06:00:00,1.07403,1.07472,1.0739,1.07432,4708,15,3563886000
2017-03-21 08:00:00,1.07432,1.0754,1.07391,1.07461,10840,15,7676941000
2017-03-21 10:00:00,1.07459,1.07534,1.07406,1.07475,15562,15,13674838000
2017-03-21 12:00:00,1.07475,1.07614,1.07464,1.07603,12549,15,11318880000
2017-03-21 14:00:00,1.07604,1.07606,1.07398,1.07471,13400,15,12068275000
2017-03-21 16:00:00,1.07471,1.07502,1.07326,1.07394,20189,15,17363217000
2017-03-21 18:00:00,1.07394,1.07409,1.073,1.07348,13595,15,11424784000
2017-03-21 20:00:00,1.07348,1.07481,1.0734,1.07471,12045,15,12174507000
2017-03-21 22:00:00,1.07471,1.07489,1.07367,1.07412,3925,15,3534461000
2017-03-22 00:00:00,1.07412,1.07454,1.07379,1.07402,3978,15,1830630000
2017-03-22 02:00:00,1.07401,1.07413,1.0733,1.07357,8440,15,5431648000
2017-03-22 04:00:00,1.07358,1.07358,1.07275,1.07322,6498,15,4947935000
2017-03-22 06:00:00,1.07323,1.0738,1.07295,1.07352,6724,16,3724334000
2017-03-22 08:00:00,1.07352,1.07371,1.07183,1.07193,11598,15,8422058000
2017-03-22 10:00:00,1.07193,1.07228,1.07055,1.0713,18063,15,17048952000
2017-03-22 12:00:00,1.0713,1.07243,1.07114,1.07175,12328,15,11564614000
2017-03-22 14:00:00,1.07175,1.07238,1.07022,1.07024,16841,15,15899015000
2017-03-22 16:00:00,1.07026,1.07069,1.06857,1.06908,22898,15,21601420000
2017-03-22 18:00:00,1.0691,1.0715,1.06895,1.0708,15268,15,14712777000
2017-03-22 20:00:00,1.07083,1.0713,1.07041,1.07053,10180,15,9962258000
2017-03-22 22:00:00,1.07054,1.07085,1.06988,1.07021,3475,15,2685835000
2017-03-23 00:00:00,1.07021,1.07067,1.07004,1.0706,3411,15,1714151000
2017-03-23 02:00:00,1.0706,1.07072,1.07023,1.07043,7400,15,5900259000
2017-03-23 04:00:00,1.07045,1.07093,1.07024,1.07084,4052,16,2810811000
2017-03-23 06:00:00,1.07083,1.07097,1.07064,1.07073,4566,15,4430084000
2017-03-23 08:00:00,1.07074,1.07215,1.07065,1.07205,8027,15,6631808000
2017-03-23 10:00:00,1.07205,1.07205,1.07014,1.07066,15593,15,14820630000
2017-03-23 12:00:00,1.07064,1.0713,1.06958,1.07082,14013,15,12934862000
2017-03-23 14:00:00,1.07082,1.07091,1.06987,1.07044,17874,15,16649186000
2017-03-23 16:00:00,1.07043,1.07059,1.06938,1.07044,18625,15,17098155000
2017-03-23 18:00:00,1.07044,1.07107,1.06999,1.07038,17292,15,15559554000
2017-03-23 20:00:00,1.07038,1.07124,1.07038,1.0708,10935,15,10698974000
2017-03-23 22:00:00,1.07081,1.07118,1.07043,1.07081,3534,15,2584862000
2017-03-24 00:00:00,1.0708,1.07103,1.0706,1.071,3912,15,2681081000
2017-03-24 02:00:00,1.07099,1.07119,1.07037,1.07106,7831,15,4946087000
2017-03-24 04:00:00,1.07106,1.07179,1.07098,1.07177,5898,15,4544581000
2017-03-24 06:00:00,1.07177,1.07187,1.07153,1.07187,4241,15,3194843000
2017-03-24 08:00:00,1.07187,1.07193,1.07042,1.07058,7883,15,5826582000
2017-03-24 10:00:00,1.07058,1.07191,1.0703,1.07061,14826,15,13023475000
2017-03-24 12:00:00,1.07062,1.07172,1.07055,1.07157,11699,15,10318064000
2017-03-24 14:00:00,1.07157,1.0721,1.07111,1.07112,13909,15,12435936000
2017-03-24 16:00:00,1.07112,1.07161,1.07072,1.07089,12520,15,10319455000
2017-03-24 18:00:00,1.07088,1.07123,1.06962,1.06992,14418,15,15056981000
2017-03-24 20:00:00,1.0699,1.07044,1.06957,1.06965,13717,15,12381110000
2017-03-24 22:00:00,1.06965,1.07063,1.06963,1.07038,3093,15,2513231000
2017-03-27 00:00:00,1.07096,1.07185,1.07013,1.07175,6646,17,3829526000
2017-03-27 02:00:00,1.07174,1.07203,1.07125,1.07132,8917,15,4889949000
2017-03-27 04:00:00,1.07132,1.07168,1.07119,1.07124,6770,15,4512249000
2017-03-27 06:00:00,1.07123,1.07161,1.07093,1.07102,4535,15,2436024000
2017-03-27 08:00:00,1.07101,1.07161,1.06937,1.0696,9640,15,6888839000
2017-03-27 10:00:00,1.0696,1.07081,1.069,1.06999,15292,15,14400314000
2017-03-27 12:00:00,1.07001,1.07047,1.06947,1.07043,10422,15,10461315000
2017-03-27 14:00:00,1.07042,1.07135,1.06976,1.07027,14742,15,14937419000
2017-03-27 16:00:00,1.07026,1.07056,1.0693,1.0702,19091,15,16987210000
2017-03-27 18:00:00,1.07019,1.0704,1.0694,1.07027,12174,15,11736694000
2017-03-27 20:00:00,1.07029,1.07086,1.06987,1.07047,7954,15,6855047000
2017-03-27 22:00:00,1.07046,1.07089,1.07039,1.07065,5625,15,5125908000
2017-03-28 00:00:00,1.07034,1.07106,1.07024,1.07058,4150,15,2417236000
2017-03-28 02:00:00,1.07061,1.07089,1.07049,1.07064,4495,15,2231848000
2017-03-28 04:00:00,1.07064,1.07069,1.07034,1.07042,4668,15,3397284000
2017-03-28 06:00:00,1.07042,1.07057,1.07029,1.07048,3643,15,2446325000
2017-03-28 08:00:00,1.07049,1.07083,1.07017,1.07069,8387,15,6723669000
2017-03-28 10:00:00,1.07069,1.07102,1.06956,1.07038,13034,15,12033984000
2017-03-28 12:00:00,1.07036,1.07075,1.06963,1.06993,9098,15,8588644000
2017-03-28 14:00:00,1.06993,1.07041,1.06839,1.06889,12701,15,12792153000
2017-03-28 16:00:00,1.06888,1.06933,1.06862,1.06885,15327,15,14167558000
2017-03-28 18:00:00,1.06887,1.07006,1.06848,1.06987,13711,15,12039660000
2017-03-28 20:00:00,1.06988,1.07336,1.06978,1.07226,15016,15,13532134000
2017-03-28 22:00:00,1.07226,1.07333,1.07193,1.07298,6667,15,6260019000
2017-03-29 00:00:00,1.0727,1.07306,1.0724,1.07273,3308,15,2009562000
2017-03-29 02:00:00,1.07268,1.07324,1.0726,1.07304,7601,15,4265599000
2017-03-29 04:00:00,1.07303,1.07325,1.07292,1.07303,6132,15,4169305000
2017-03-29 06:00:00,1.07302,1.07318,1.07288,1.07307,3564,15,2197447000
2017-03-29 08:00:00,1.07307,1.07309,1.07177,1.0724,9908,15,7136376000
2017-03-29 10:00:00,1.07241,1.07262,1.07094,1.07117,15014,15,14337155000
2017-03-29 12:00:00,1.07116,1.07261,1.07095,1.07205,9976,15,10022102000
2017-03-29 14:00:00,1.07206,1.07349,1.07006,1.0708,19379,15,17320925000
2017-03-29 16:00:00,1.07082,1.07202,1.07036,1.07185,16173,15,13202200000
2017-03-29 18:00:00,1.07184,1.07251,1.07082,1.07193,12007,15,9835646000
2017-03-29 20:00:00,1.07193,1.07273,1.07166,1.07203,7814,15,7214662000
2017-03-29 22:00:00,1.07204,1.07286,1.07188,1.07258,6831,15,6120663000
2017-03-30 00:00:00,1.07265,1.07285,1.07147,1.07221,7711,15,4639087000
2017-03-30 02:00:00,1.0722,1.07252,1.07184,1.07212,4647,15,2753446000
2017-03-30 04:00:00,1.07213,1.07244,1.0719,1.07225,5884,15,4280589000
2017-03-30 06:00:00,1.07224,1.07259,1.07219,1.07237,3719,15,2599208000
2017-03-30 08:00:00,1.07238,1.07257,1.07188,1.07221,7284,15,5014559000
2017-03-30 10:00:00,1.07219,1.07225,1.06933,1.06964,15217,15,14715106000
2017-03-30 12:00:00,1.06964,1.07013,1.06893,1.06925,12896,15,12693413000
2017-03-30 14:00:00,1.06927,1.07026,1.06891,1.06946,13494,15,12572037000
2017-03-30 16:00:00,1.06945,1.07034,1.06903,1.06928,17883,15,14903770000
2017-03-30 18:00:00,1.06928,1.06997,1.06896,1.06899,11555,15,9880754000
2017-03-30 20:00:00,1.06898,1.06925,1.06847,1.06885,12143,15,10306346000
2017-03-30 22:00:00,1.0689,1.06912,1.06848,1.06855,7561,15,6496471000
2017-03-31 00:00:00,1.06846,1.06924,1.06818,1.06893,3352,15,2134368000
2017-03-31 02:00:00,1.06893,1.06923,1.06881,1.06895,5809,15,4044566000
2017-03-31 04:00:00,1.06895,1.06921,1.06891,1.069,5893,15,3598706000
2017-03-31 06:00:00,1.06901,1.06915,1.0687,1.06879,4874,15,3364672000
2017-03-31 08:00:00,1.0688,1.06919,1.06853,1.06895,9805,15,7434281000
2017-03-31 10:00:00,1.06898,1.06971,1.06876,1.0693,13298,15,13311896000
2017-03-31 12:00:00,1.06929,1.06978,1.0685,1.06879,12320,15,11873200000
2017-03-31 14:00:00,1.06878,1.06954,1.06857,1.06876,12385,15,11831315000
2017-03-31 16:00:00,1.06876,1.07093,1.06845,1.07023,18295,15,16260198000
2017-03-31 18:00:00,1.07016,1.07057,1.0692,1.06954,13471,15,11460019000
2017-03-31 20:00:00,1.06955,1.07002,1.06832,1.0691,8673,15,8080079000
2017-03-31 22:00:00,1.06908,1.06908,1.06817,1.06817,10322,15,8469029000
2017-04-03 00:00:00,1.06807,1.0692,1.06802,1.06914,4684,16,2265674000
2017-04-03 02:00:00,1.06914,1.06935,1.06882,1.06892,5901,15,3419997000
2017-04-03 04:00:00,1.06892,1.06936,1.06891,1.06917,4963,15,3510640000
2017-04-03 06:00:00,1.06916,1.06921,1.06863,1.06888,3202,15,2037789000
2017-04-03 08:00:00,1.06889,1.06905,1.06804,1.06865,7328,15,6343387000
2017-04-03 10:00:00,1.06867,1.06929,1.06782,1.0688,13740,15,12603148000
2017-04-03 12:00:00,1.06879,1.06933,1.06826,1.06879,9884,15,8654462000
2017-04-03 14:00:00,1.06879,1.06883,1.06727,1.0681,10725,15,9641085000
2017-04-03 16:00:00,1.0681,1.06913,1.06794,1.06857,14327,15,12132622000
2017-04-03 18:00:00,1.06858,1.06886,1.06809,1.06844,12037,15,11231456000
2017-04-03 20:00:00,1.06844,1.06894,1.06826,1.06842,7243,15,6505443000
2017-04-03 22:00:00,1.06842,1.06902,1.06836,1.06848,5041,15,3918719000
2017-04-04 00:00:00,1.06848,1.06872,1.06811,1.0685,2543,15,1341391000
2017-04-04 02:00:00,1.0685,1.06874,1.0683,1.06836,5342,15,3363440000
2017-04-04 04:00:00,1.06836,1.06892,1.06828,1.06857,4591,15,2686690000
2017-04-04 06:00:00,1.06857,1.06867,1.06826,1.06849,5038,15,3034579000
2017-04-04 08:00:00,1.06849,1.06883,1.06815,1.06861,9007,15,7012056000
2017-04-04 10:00:00,1.0686,1.06884,1.06805,1.06833,10711,15,11002095000
2017-04-04 12:00:00,1.06832,1.0686,1.06735,1.06754,10844,15,11371888000
2017-04-04 14:00:00,1.06753,1.06774,1.06698,1.06699,12008,15,11311749000
2017-04-04 16:00:00,1.067,1.06806,1.06685,1.06796,14687,15,13344090000
2017-04-04 18:00:00,1.06796,1.06885,1.06784,1.06838,11683,15,11163510000
2017-04-04 20:00:00,1.06838,1.06902,1.06801,1.06871,6616,15,6410653000
2017-04-04 22:00:00,1.06871,1.06941,1.06863,1.06914,5104,15,4341966000
2017-04-05 00:00:00,1.06891,1.06988,1.06815,1.06954,3790,15,2405344000
2017-04-05 02:00:00,1.06952,1.0699,1.06938,1.06971,3989,15,2319077000
2017-04-05 04:00:00,1.06971,1.07021,1.06963,1.07014,3828,16,2160817000
2017-04-05 06:00:00,1.07014,1.07017,1.06945,1.06954,3878,16,2765864000
2017-04-05 08:00:00,1.06953,1.07003,1.06927,1.06988,5939,15,4623995000
2017-04-05 10:00:00,1.06992,1.07046,1.06917,1.06987,12021,15,10936628000
2017-04-05 12:00:00,1.06988,1.07032,1.0691,1.07023,9844,15,8901686000
2017-04-05 14:00:00,1.07022,1.07158,1.06992,1.07039,14221,15,13506311000
2017-04-05 16:00:00,1.0704,1.07118,1.07005,1.07056,14934,15,13696264000
2017-04-05 18:00:00,1.07055,1.07195,1.0703,1.07172,10880,15,10435361000
2017-04-05 20:00:00,1.07171,1.07251,1.07117,1.07164,12993,15,12433303000
2017-04-05 22:00:00,1.07163,1.07209,1.07107,1.07134,10407,15,10387914000
2017-04-06 00:00:00,1.07104,1.07181,1.07047,1.07102,4718,15,2593670000
2017-04-06 02:00:00,1.07104,1.07152,1.07095,1.07131,7580,15,4734471000
2017-04-06 04:00:00,1.07131,1.07168,1.07104,1.07134,6835,15,4568015000
2017-04-06 06:00:00,1.07135,1.07141,1.07097,1.07102,4727,16,4117947000
2017-04-06 08:00:00,1.07102,1.07146,1.07058,1.07137,7595,15,7059528000
2017-04-06 10:00:00,1.07137,1.07182,1.06975,1.07159,16482,15,13666317000
2017-04-06 12:00:00,1.07158,1.07192,1.06979,1.06998,11370,15,10664751000
2017-04-06 14:00:00,1.06998,1.07044,1.06965,1.06988,12376,15,11826829000
2017-04-06 16:00:00,1.06989,1.07026,1.06941,1.06988,13715,15,13976117000
2017-04-06 18:00:00,1.06986,1.07018,1.06941,1.06949,10596,15,10866216000
2017-04-06 20:00:00,1.06949,1.07018,1.06943,1.07008,7065,15,6041604000
2017-04-06 22:00:00,1.0701,1.0701,1.06951,1.06954,4925,15,4471358000
2017-04-07 00:00:00,1.06923,1.06995,1.06847,1.06984,2037,16,1067578000
2017-04-07 02:00:00,1.06983,1.07026,1.06956,1.07003,3031,15,1568895000
2017-04-07 04:00:00,1.07003,1.07034,1.06907,1.06928,16963,15,11457515000
2017-04-07 06:00:00,1.06929,1.06974,1.0692,1.06973,5589,16,3882551000
2017-04-07 08:00:00,1.06975,1.06998,1.06923,1.06945,9389,15,8072775000
2017-04-07 10:00:00,1.06945,1.07058,1.06931,1.06965,12504,15,11046464000
2017-04-07 12:00:00,1.06965,1.06986,1.06875,1.06877,8992,15,8397667000
2017-04-07 14:00:00,1.06877,1.06987,1.06844,1.06892,17721,15,16577947000
2017-04-07 16:00:00,1.0689,1.06945,1.06827,1.06889,18840,15,15576973000
2017-04-07 18:00:00,1.06889,1.06892,1.06772,1.06811,13559,15,12182673000
2017-04-07 20:00:00,1.0681,1.06878,1.0679,1.06827,12846,15,12060060000
2017-04-07 22:00:00,1.06828,1.06893,1.06812,1.06814,7276,15,6219592000
2017-04-10 00:00:00,1.06745,1.06839,1.06745,1.06806,4302,15,2882052000
2017-04-10 02:00:00,1.06807,1.06846,1.06772,1.06834,4872,15,4098989000
2017-04-10 04:00:00,1.06834,1.06852,1.06795,1.06803,5849,15,4389152000
2017-04-10 06:00:00,1.06803,1.06821,1.06782,1.06801,3409,15,2837163000
2017-04-10 08:00:00,1.06801,1.06845,1.06763,1.06779,7122,15,5415430000
2017-04-10 10:00:00,1.06781,1.06855,1.06767,1.06834,10342,15,9492747000
2017-04-10 12:00:00,1.06834,1.06851,1.06793,1.06809,8873,15,8123177000
2017-04-10 14:00:00,1.06808,1.06855,1.06787,1.06805,10788,15,9978395000
2017-04-10 16:00:00,1.06811,1.06894,1.06805,1.06827,13359,15,12770586000
2017-04-10 18:00:00,1.06828,1.06898,1.06809,1.06839,9431,15,8818836000
2017-04-10 20:00:00,1.06838,1.06884,1.06833,1.06852,5737,15,5232240000
2017-04-10 22:00:00,1.06853,1.069,1.06815,1.06815,5714,15,5718918000
2017-04-11 00:00:00,1.06804,1.0689,1.06779,1.06833,4556,18,2687468000
2017-04-11 02:00:00,1.06832,1.06858,1.06802,1.06818,4232,15,2886886000
2017-04-11 04:00:00,1.06819,1.06829,1.0678,1.06787,5671,15,4685299000
2017-04-11 06:00:00,1.06787,1.06825,1.06785,1.06802,3237,15,2815363000
2017-04-11 08:00:00,1.06802,1.06832,1.06763,1.0679,5891,15,5358631000
2017-04-11 10:00:00,1.06792,1.06802,1.0667,1.06768,12744,15,11173460000
2017-04-11 12:00:00,1.06773,1.06893,1.06755,1.06874,9326,15,8444500000
2017-04-11 14:00:00,1.06873,1.06974,1.06861,1.06966,9615,15,7904190000
2017-04-11 16:00:00,1.06965,1.06994,1.06833,1.06936,14172,15,13324993000
2017-04-11 18:00:00,1.06938,1.06986,1.06879,1.06933,12950,15,12078115000
2017-04-11 20:00:00,1.06932,1.06956,1.06842,1.06851,8474,15,9568426000
2017-04-11 22:00:00,1.0685,1.06855,1.06805,1.06821,4124,15,4331386000
2017-04-12 00:00:00,1.06784,1.0686,1.06757,1.06824,4497,15,3013632000
2017-04-12 02:00:00,1.06826,1.06856,1.06814,1.06828,4196,15,2299130000
2017-04-12 04:00:00,1.06827,1.06879,1.06811,1.06825,7177,16,5524944000
2017-04-12 06:00:00,1.06825,1.06829,1.0679,1.06798,4324,15,3498250000
2017-04-12 08:00:00,1.06797,1.06879,1.0679,1.06847,5551,15,4347477000
2017-04-12 10:00:00,1.06847,1.06934,1.06812,1.06856,9707,15,7921690000
2017-04-12 12:00:00,1.06856,1.0688,1.06783,1.06789,9468,15,8103262000
2017-04-12 14:00:00,1.0679,1.06828,1.06719,1.06729,9501,15,9096037000
2017-04-12 16:00:00,1.06728,1.06853,1.0669,1.06699,12583,15,11446156000
2017-04-12 18:00:00,1.06698,1.06771,1.06646,1.06744,10034,15,10876923000
2017-04-12 20:00:00,1.06742,1.06879,1.06735,1.06861,8753,15,8534532000
2017-04-12 22:00:00,1.06861,1.0699,1.06846,1.06919,16767,15,17027786000
2017-04-13 00:00:00,1.06927,1.06998,1.06805,1.06902,5441,15,3522373000
2017-04-13 02:00:00,1.06902,1.0694,1.06879,1.06888,6309,15,4628390000
2017-04-13 04:00:00,1.06889,1.06893,1.06839,1.06851,8308,15,7177790000
2017-04-13 06:00:00,1.06852,1.06871,1.06842,1.06852,3786,15,3138008000
2017-04-13 08:00:00,1.06852,1.06921,1.06846,1.069,8329,15,7709066000
2017-04-13 10:00:00,1.06899,1.06919,1.06781,1.06832,11741,15,10492456000
2017-04-13 12:00:00,1.06832,1.06897,1.06814,1.06835,9235,15,8775818000
2017-04-13 14:00:00,1.06835,1.06916,1.06812,1.06814,11201,15,10730682000
2017-04-13 16:00:00,1.06814,1.06881,1.06678,1.06757,13978,15,12040901000
2017-04-13 18:00:00,1.06757,1.06827,1.06744,1.06764,9642,15,9213582000
2017-04-13 20:00:00,1.06765,1.06782,1.06724,1.0677,6789,15,6702046000
2017-04-13 22:00:00,1.06772,1.06804,1.06717,1.06732,5856,15,5095280000
2017-04-14 00:00:00,1.06723,1.06795,1.06691,1.06748,4138,15,2439738000
2017-04-14 02:00:00,1.06745,1.0676,1.06706,1.06723,3777,15,2486228000
2017-04-14 04:00:00,1.06722,1.06759,1.06692,1.06723,4432,15,3630935000
2017-04-14 06:00:00,1.06723,1.06735,1.06686,1.06704,5187,15,3516895000
2017-04-14 08:00:00,1.06704,1.06733,1.06677,1.06709,6211,15,4564016000
2017-04-14 10:00:00,1.06713,1.06758,1.06665,1.06716,5968,15,4743987000
2017-04-14 12:00:00,1.06717,1.06732,1.06642,1.06663,4637,15,3431519000
2017-04-14 14:00:00,1.06663,1.06687,1.06595,1.06602,8602,15,5982687000
2017-04-14 16:00:00,1.06602,1.06669,1.06583,1.06635,5385,15,3905060000
2017-04-14 18:00:00,1.06632,1.06699,1.06579,1.06649,7026,15,5066027000
2017-04-14 20:00:00,1.06649,1.06649,1.06563,1.06615,2637,19,1714544000
2017-04-14 22:00:00,1.06614,1.06702,1.06447,1.06665,3102,15,2088175000
2017-04-17 00:00:00,1.06653,1.06681,1.065,1.06625,6639,15,6382726000
2017-04-17 02:00:00,1.06625,1.06663,1.06617,1.06651,5863,15,4272447000
2017-04-17 04:00:00,1.06651,1.0668,1.06634,1.06656,4904,15,4040869000
2017-04-17 06:00:00,1.06656,1.06688,1.06652,1.06678,2717,15,2055546000
2017-04-17 08:00:00,1.06678,1.06721,1.06661,1.06675,3604,15,2931862000
2017-04-17 10:00:00,1.06674,1.06779,1.06672,1.06683,7165,15,6624889000
2017-04-17 12:00:00,1.06681,1.06722,1.06665,1.06717,5484,15,4749025000
2017-04-17 14:00:00,1.06718,1.06817,1.06718,1.06782,6786,15,6784483000
2017-04-17 16:00:00,1.06782,1.06867,1.06763,1.06796,8826,15,8738773000
2017-04-17 18:00:00,1.06796,1.06845,1.0677,1.06842,6550,15,6423313000
2017-04-17 20:00:00,1.06842,1.06897,1.0683,1.06883,4853,15,4930378000
2017-04-17 22:00:00,1.06883,1.06919,1.06852,1.06881,6100,15,5127447000
2017-04-18 00:00:00,1.06799,1.06929,1.06782,1.06876,6342,18,4435630000
2017-04-18 02:00:00,1.06876,1.06896,1.06847,1.06875,3634,15,2493303000
2017-04-18 04:00:00,1.06875,1.06905,1.06837,1.0688,5676,15,4458608000
2017-04-18 06:00:00,1.0688,1.06881,1.06833,1.06836,3779,15,2745744000
2017-04-18 08:00:00,1.06836,1.06884,1.06836,1.06859,7078,15,5815462000
2017-04-18 10:00:00,1.06861,1.0688,1.06771,1.06829,11027,15,11178219000
2017-04-18 12:00:00,1.06828,1.06886,1.06814,1.06819,13055,15,12645575000
2017-04-18 14:00:00,1.0682,1.06921,1.06817,1.069,15955,15,16363553000
2017-04-18 16:00:00,1.06899,1.06904,1.06788,1.0686,15850,15,15002781000
2017-04-18 18:00:00,1.06859,1.06878,1.06766,1.06786,12747,15,13618751000
2017-04-18 20:00:00,1.06784,1.06904,1.06754,1.06901,11231,15,10854731000
2017-04-18 22:00:00,1.06907,1.06911,1.06848,1.06868,7065,15,7163583000
2017-04-19 00:00:00,1.06868,1.06912,1.06774,1.06871,2884,15,2286926000
2017-04-19 02:00:00,1.06872,1.06915,1.06871,1.06907,4154,15,3106778000
2017-04-19 04:00:00,1.06908,1.06931,1.06881,1.06907,5603,15,4772394000
2017-04-19 06:00:00,1.06907,1.06928,1.06898,1.06925,3762,16,3226307000
2017-04-19 08:00:00,1.06926,1.06977,1.06899,1.06911,7498,15,6422772000
2017-04-19 10:00:00,1.06909,1.06969,1.06888,1.06888,12710,15,12560396000
2017-04-19 12:00:00,1.06887,1.06891,1.06758,1.06839,9778,15,8765341000
2017-04-19 14:00:00,1.06838,1.06944,1.06838,1.06906,9458,15,8528199000
2017-04-19 16:00:00,1.06906,1.06939,1.06891,1.06917,12831,15,11681947000
2017-04-19 18:00:00,1.06918,1.06943,1.06891,1.06924,11868,15,12744117000
2017-04-19 20:00:00,1.06924,1.06944,1.06907,1.0693,7090,15,7747068000
2017-04-19 22:00:00,1.06929,1.06929,1.0689,1.069,5751,15,6354664000
2017-04-20 00:00:00,1.06893,1.06929,1.06725,1.069,4494,16,2970758000
2017-04-20 02:00:00,1.069,1.06942,1.069,1.06926,3547,15,2528350000
2017-04-20 04:00:00,1.06928,1.06951,1.06926,1.06949,3337,15,2034537000
2017-04-20 06:00:00,1.06949,1.06957,1.06934,1.06943,2855,15,2203135000
2017-04-20 08:00:00,1.06943,1.0697,1.06891,1.06955,6514,15,6101980000
2017-04-20 10:00:00,1.06951,1.07161,1.06937,1.07134,13473,15,13204039000
2017-04-20 12:00:00,1.07135,1.0717,1.07095,1.07137,9446,15,8681931000
2017-04-20 14:00:00,1.07137,1.07139,1.06981,1.07051,9236,15,9045114000
2017-04-20 16:00:00,1.07051,1.07194,1.0702,1.07119,15504,15,14736539000
2017-04-20 18:00:00,1.07119,1.0716,1.07056,1.07089,12471,15,13420899000
2017-04-20 20:00:00,1.07088,1.07102,1.06959,1.07018,8367,15,9541866000
2017-04-20 22:00:00,1.07017,1.07034,1.06968,1.0701,6620,15,6967527000
2017-04-21 00:00:00,1.07009,1.07046,1.06877,1.07012,3527,15,2225318000
2017-04-21 02:00:00,1.07012,1.07056,1.07004,1.07023,3736,15,2884394000
2017-04-21 04:00:00,1.07023,1.07067,1.07013,1.07063,3219,16,2514417000
2017-04-21 06:00:00,1.07064,1.07098,1.0706,1.07061,2672,15,1643442000
2017-04-21 08:00:00,1.07062,1.07065,1.06968,1.06982,5929,15,4677559000
2017-04-21 10:00:00,1.06983,1.0702,1.06942,1.06967,11803,15,10220173000
2017-04-21 12:00:00,1.06968,1.06985,1.06786,1.0683,10762,15,10360097000
2017-04-21 14:00:00,1.0683,1.06867,1.06741,1.06776,9643,15,8410398000
2017-04-21 16:00:00,1.06777,1.06979,1.06711,1.06725,13610,15,12239948000
2017-04-21 18:00:00,1.06727,1.06847,1.06711,1.06755,10661,15,10833045000
2017-04-21 20:00:00,1.06754,1.06827,1.06723,1.06759,9047,15,8648411000
2017-04-21 22:00:00,1.0676,1.06903,1.06648,1.06648,7844,15,7715213000
2017-04-24 00:00:00,1.08029,1.0815,1.0787,1.07931,9169,15,5477997000
2017-04-24 02:00:00,1.07929,1.08005,1.07794,1.07845,10673,15,5257081000
2017-04-24 04:00:00,1.07845,1.08064,1.07829,1.0806,9636,15,4705684000
2017-04-24 06:00:00,1.0806,1.08215,1.08039,1.08196,6622,15,4555888000
2017-04-24 08:00:00,1.08197,1.08362,1.07819,1.07962,14118,15,9549196000
2017-04-24 10:00:00,1.07962,1.08064,1.07834,1.08008,16594,15,13149341000
2017-04-24 12:00:00,1.08009,1.08137,1.07951,1.08028,11349,15,9160213000
2017-04-24 14:00:00,1.08028,1.08108,1.07953,1.07997,12124,15,9969970000
2017-04-24 16:00:00,1.07995,1.08136,1.0796,1.08132,12683,15,10628403000
2017-04-24 18:00:00,1.08135,1.082,1.08019,1.08071,11059,15,9727046000
2017-04-24 20:00:00,1.0807,1.08193,1.08064,1.08165,7648,15,7598413000
2017-04-24 22:00:00,1.08165,1.0823,1.0816,1.08199,6012,15,5204735000
2017-04-25 00:00:00,1.08187,1.08222,1.08146,1.08215,2750,15,1449723000
2017-04-25 02:00:00,1.08215,1.08222,1.08184,1.08207,3885,15,2268649000
2017-04-25 04:00:00,1.08207,1.08241,1.08171,1.08208,5379,15,3408924000
2017-04-25 06:00:00,1.08207,1.08213,1.08168,1.08181,3784,15,2643607000
2017-04-25 08:00:00,1.08181,1.08275,1.08131,1.08254,7744,15,6126804000
2017-04-25 10:00:00,1.08252,1.08377,1.08235,1.08313,12130,15,11098436000
2017-04-25 12:00:00,1.08313,1.08397,1.08228,1.08268,10304,15,9058317000
2017-04-25 14:00:00,1.08268,1.08327,1.0822,1.08305,9960,15,8849326000
2017-04-25 16:00:00,1.08304,1.0855,1.08261,1.08541,17415,15,14533044000
2017-04-25 18:00:00,1.08541,1.0869,1.08457,1.08629,13053,15,12389893000
2017-04-25 20:00:00,1.08629,1.08648,1.08525,1.08602,8030,15,7207819000
2017-04-25 22:00:00,1.08602,1.08631,1.08538,1.08556,6912,15,5600735000
2017-04-26 00:00:00,1.08559,1.08617,1.08437,1.08553,4645,15,3260968000
2017-04-26 02:00:00,1.08553,1.08651,1.08529,1.08587,5424,15,3594228000
2017-04-26 04:00:00,1.08586,1.08608,1.08508,1.08545,5156,15,3623720000
2017-04-26 06:00:00,1.08545,1.08586,1.08524,1.08565,3465,15,2510747000
2017-04-26 08:00:00,1.08565,1.08644,1.08565,1.08644,8291,15,7119257000
2017-04-26 10:00:00,1.08644,1.08687,1.08314,1.08386,14943,15,13643665000
2017-04-26 12:00:00,1.08386,1.08487,1.0828,1.08359,12366,15,11753873000
2017-04-26 14:00:00,1.08357,1.0839,1.08271,1.08275,12008,15,10941630000
2017-04-26 16:00:00,1.0828,1.08324,1.08161,1.08183,15189,15,12669203000
2017-04-26 18:00:00,1.08182,1.08303,1.08157,1.08299,12796,15,11273015000
2017-04-26 20:00:00,1.083,1.08363,1.0826,1.08303,14994,15,13116610000
2017-04-26 22:00:00,1.08303,1.08344,1.08286,1.08286,7023,15,6225468000
2017-04-27 00:00:00,1.08295,1.08391,1.08127,1.08317,4110,15,3115004000
2017-04-27 02:00:00,1.08319,1.0839,1.08307,1.08381,3458,15,1773391000
2017-04-27 04:00:00,1.08383,1.08413,1.08337,1.08339,5605,15,3564357000
2017-04-27 06:00:00,1.08341,1.08349,1.08278,1.08314,5122,15,3424464000
2017-04-27 08:00:00,1.08315,1.08369,1.08285,1.08342,5816,15,4555409000
2017-04-27 10:00:00,1.08342,1.08429,1.08277,1.08285,12735,15,11701135000
2017-04-27 12:00:00,1.08284,1.08315,1.08192,1.08257,9384,15,8757555000
2017-04-27 14:00:00,1.08256,1.08487,1.08159,1.08327,18841,15,15768794000
2017-04-27 16:00:00,1.08329,1.08346,1.08052,1.08071,19926,15,16169564000
2017-04-27 18:00:00,1.08072,1.08163,1.08005,1.08095,11705,15,10153484000
2017-04-27 20:00:00,1.08095,1.08149,1.08069,1.08091,7994,15,7469354000
2017-04-27 22:00:00,1.08091,1.08116,1.08044,1.08044,6154,15,5641198000
2017-04-28 00:00:00,1.08016,1.08122,1.07978,1.08075,2936,15,1790013000
2017-04-28 02:00:00,1.08075,1.08084,1.08,1.08006,4019,15,1913297000
2017-04-28 04:00:00,1.08005,1.08044,1.07984,1.08037,4559,15,2749785000
2017-04-28 06:00:00,1.08038,1.08056,1.08022,1.08051,2634,17,1505143000
2017-04-28 08:00:00,1.08051,1.08192,1.0801,1.08126,7021,15,4775345000
2017-04-28 10:00:00,1.08126,1.08294,1.08049,1.08257,11080,15,9676745000
2017-04-28 12:00:00,1.08258,1.08429,1.08256,1.08329,14614,15,12354781000
2017-04-28 14:00:00,1.08329,1.08359,1.08231,1.08269,13850,15,11057483000
2017-04-28 16:00:00,1.08269,1.08429,1.08231,1.08378,16129,15,12979305000
2017-04-28 18:00:00,1.0838,1.08437,1.08236,1.08315,12178,15,9537930000
2017-04-28 20:00:00,1.08314,1.08385,1.08269,1.08317,6559,15,6037987000
2017-04-28 22:00:00,1.08316,1.08441,1.08265,1.08265,5736,15,4431119000
2017-05-01 00:00:00,1.08298,1.0843,1.0822,1.08421,6404,17,5032482000
2017-05-01 02:00:00,1.08422,1.08487,1.0841,1.08477,4196,15,3060846000
2017-05-01 04:00:00,1.08475,1.08519,1.08467,1.08483,3764,15,2462295000
2017-05-01 06:00:00,1.08483,1.08496,1.08468,1.08482,1682,18,1005234000
2017-05-01 08:00:00,1.08484,1.08493,1.08414,1.08422,2733,15,2069679000
2017-05-01 10:00:00,1.08421,1.08476,1.08417,1.08463,4673,15,4044301000
2017-05-01 12:00:00,1.08463,1.08477,1.08386,1.08397,4229,15,3657132000
2017-05-01 14:00:00,1.08398,1.08444,1.08354,1.08426,6445,15,6169030000
2017-05-01 16:00:00,1.08426,1.08571,1.08394,1.08497,10117,15,8591868000
2017-05-01 18:00:00,1.08496,1.08621,1.08496,1.08508,9358,15,7801644000
2017-05-01 20:00:00,1.08505,1.08597,1.08505,1.0858,6669,15,6054629000
2017-05-01 22:00:00,1.0858,1.08602,1.08551,1.08582,4640,15,4400242000
2017-05-02 00:00:00,1.08532,1.08618,1.08491,1.08607,3517,15,1666602000
2017-05-02 02:00:00,1.08606,1.08624,1.08579,1.08609,3940,15,2395739000
2017-05-02 04:00:00,1.08611,1.08641,1.08598,1.08636,4046,15,2539669000
2017-05-02 06:00:00,1.08635,1.08661,1.08632,1.08653,3307,16,2021231000
2017-05-02 08:00:00,1.08654,1.08724,1.08552,1.08582,7189,15,5028332000
2017-05-02 10:00:00,1.08582,1.08624,1.08463,1.08591,11635,15,10142616000
2017-05-02 12:00:00,1.08592,1.08618,1.08451,1.08578,9455,15,8410862000
2017-05-02 14:00:00,1.08577,1.08611,1.08433,1.08452,11254,15,8487347000
2017-05-02 16:00:00,1.08451,1.08454,1.08262,1.08344,12940,15,10128258000
2017-05-02 18:00:00,1.08346,1.08366,1.08131,1.0835,9988,15,8791765000
2017-05-02 20:00:00,1.0835,1.0847,1.08345,1.08428,7707,15,6578832000
2017-05-02 22:00:00,1.08427,1.08428,1.08359,1.08388,5887,15,4895593000
2017-05-03 00:00:00,1.08315,1.08396,1.08315,1.08354,4105,15,1873312000
2017-05-03 02:00:00,1.0836,1.08387,1.08329,1.08352,2725,15,1353908000
2017-05-03 04:00:00,1.08352,1.08379,1.08343,1.08366,2859,17,1666282000
2017-05-03 06:00:00,1.08364,1.08375,1.08339,1.08368,2582,16,1701401000
2017-05-03 08:00:00,1.08367,1.0838,1.08228,1.08229,6379,15,5055736000
2017-05-03 10:00:00,1.08229,1.08232,1.08009,1.08108,10082,15,8415357000
2017-05-03 12:00:00,1.08106,1.08121,1.07913,1.08053,9643,15,7835516000
2017-05-03 14:00:00,1.08052,1.08129,1.08003,1.0804,11984,15,11302298000
2017-05-03 16:00:00,1.0804,1.08152,1.0797,1.0812,13309,15,11547266000
2017-05-03 18:00:00,1.08121,1.0828,1.08094,1.08263,8928,15,8248129000
2017-05-03 20:00:00,1.08263,1.08332,1.08167,1.08271,13582,15,12016388000
2017-05-03 22:00:00,1.08271,1.08289,1.08244,1.08266,7657,15,6834618000
2017-05-04 00:00:00,1.0824,1.08279,1.08179,1.08249,6709,15,3851486000
2017-05-04 02:00:00,1.08249,1.08289,1.08231,1.08282,3934,16,1580276000
2017-05-04 04:00:00,1.08283,1.08321,1.08274,1.08311,3946,15,2461878000
2017-05-04 06:00:00,1.0831,1.08345,1.08293,1.08339,3286,17,1895857000
2017-05-04 08:00:00,1.08339,1.08354,1.08182,1.08267,6874,15,5063861000
2017-05-04 10:00:00,1.08269,1.08423,1.08244,1.08373,14134,15,11236209000
2017-05-04 12:00:00,1.08372,1.08473,1.08302,1.08469,11368,15,9761621000
2017-05-04 14:00:00,1.08469,1.08486,1.08384,1.08469,12639,15,10006398000
2017-05-04 16:00:00,1.08469,1.0852,1.08378,1.08447,14780,15,11797620000
2017-05-04 18:00:00,1.08448,1.08541,1.08327,1.0841,17088,15,15670943000
2017-05-04 20:00:00,1.08409,1.08427,1.08352,1.08381,10056,15,9484029000
2017-05-04 22:00:00,1.08378,1.08392,1.08317,1.08325,6392,15,5586621000
2017-05-05 00:00:00,1.08327,1.08362,1.08244,1.08256,3495,15,1906512000
2017-05-05 02:00:00,1.08257,1.08304,1.08254,1.08289,3033,15,1759558000
2017-05-05 04:00:00,1.08289,1.08299,1.08256,1.08297,3559,15,2191743000
2017-05-05 06:00:00,1.08297,1.08375,1.08283,1.08363,5914,15,3855043000
2017-05-05 08:00:00,1.08364,1.08454,1.08343,1.08416,9035,15,8563698000
2017-05-05 10:00:00,1.08415,1.08434,1.08299,1.08323,13109,15,12087811000
2017-05-05 12:00:00,1.08322,1.08495,1.08289,1.0844,9034,15,7856194000
2017-05-05 14:00:00,1.0844,1.08562,1.08334,1.08519,15624,15,12663720000
2017-05-05 16:00:00,1.08519,1.08582,1.08472,1.08565,15541,15,12295335000
2017-05-05 18:00:00,1.08565,1.08642,1.08442,1.08495,11486,15,8075771000
2017-05-05 20:00:00,1.08494,1.08554,1.08456,1.08505,7382,15,4866849000
2017-05-05 22:00:00,1.08507,1.08618,1.0833,1.0833,7169,15,3755481000
2017-05-08 00:00:00,1.08799,1.08861,1.08668,1.08699,6079,15,3533667000
2017-05-08 02:00:00,1.08697,1.08716,1.0849,1.0856,7328,15,3928081000
2017-05-08 04:00:00,1.08559,1.08607,1.08555,1.086,6208,16,3673975000
2017-05-08 06:00:00,1.086,1.08629,1.08539,1.08615,6448,15,3589709000
2017-05-08 08:00:00,1.08615,1.08812,1.08567,1.08767,10874,15,8460301000
2017-05-08 10:00:00,1.08768,1.08801,1.0849,1.0857,15817,15,14639161000
2017-05-08 12:00:00,1.0857,1.08792,1.0854,1.0875,13273,15,11994491000
2017-05-08 14:00:00,1.0875,1.08891,1.08702,1.08886,12825,15,10939233000
2017-05-08 16:00:00,1.08886,1.09176,1.08856,1.09014,15447,15,12192624000
2017-05-08 18:00:00,1.09015,1.09141,1.0892,1.0913,11618,15,10507411000
2017-05-08 20:00:00,1.0913,1.0917,1.09107,1.09116,7306,15,6881875000
2017-05-08 22:00:00,1.09117,1.09149,1.0907,1.09072,6136,15,5663872000
2017-05-09 00:00:00,1.09071,1.09131,1.08993,1.09084,3166,15,1186675000
2017-05-09 02:00:00,1.09085,1.09115,1.09044,1.09054,4131,15,2049780000
2017-05-09 04:00:00,1.09055,1.09118,1.09039,1.09086,6508,17,4845323000
2017-05-09 06:00:00,1.09086,1.09133,1.09078,1.09126,3554,16,2580832000
2017-05-09 08:00:00,1.09126,1.09153,1.09049,1.09085,8539,15,6874304000
2017-05-09 10:00:00,1.09085,1.09227,1.09079,1.09132,13354,15,11512817000
2017-05-09 12:00:00,1.09132,1.09284,1.09125,1.09224,12530,15,11007305000
2017-05-09 14:00:00,1.09224,1.09397,1.09176,1.09334,15036,15,12986368000
2017-05-09 16:00:00,1.09335,1.09599,1.09322,1.09482,14873,15,13318641000
2017-05-09 18:00:00,1.09482,1.09776,1.09461,1.09744,11562,15,10847679000
2017-05-09 20:00:00,1.09747,1.09755,1.09602,1.09614,9500,15,8743804000
2017-05-09 22:00:00,1.09614,1.09659,1.09491,1.09523,7967,15,7679249000
2017-05-10 00:00:00,1.09525,1.09585,1.0948,1.09539,4356,15,2118537000
2017-05-10 02:00:00,1.09537,1.09674,1.09537,1.09652,6018,15,2796588000
2017-05-10 04:00:00,1.09652,1.09688,1.09637,1.09641,4937,16,2930009000
2017-05-10 06:00:00,1.09641,1.09669,1.09624,1.09634,3140,15,1947728000
2017-05-10 08:00:00,1.09634,1.09657,1.0954,1.09555,7454,15,5203406000
2017-05-10 10:00:00,1.09556,1.0963,1.09402,1.09422,12971,15,10280268000
2017-05-10 12:00:00,1.0942,1.09501,1.09374,1.09416,11546,15,10261561000
2017-05-10 14:00:00,1.09417,1.0957,1.0938,1.09532,14536,15,12843231000
2017-05-10 16:00:00,1.09532,1.09696,1.09393,1.09597,14235,15,12542725000
2017-05-10 18:00:00,1.09597,1.09731,1.0956,1.09624,10397,15,9749430000
2017-05-10 20:00:00,1.09624,1.09659,1.0953,1.0961,7566,15,7561267000
2017-05-10 22:00:00,1.0961,1.0964,1.09586,1.0963,5319,15,5139646000
2017-05-11 00:00:00,1.0963,1.09662,1.09542,1.09641,5569,15,2912200000
2017-05-11 02:00:00,1.09641,1.09664,1.09623,1.0964,3429,15,1632126000
2017-05-11 04:00:00,1.09639,1.09677,1.09614,1.09673,4835,16,3034590000
2017-05-11 06:00:00,1.09673,1.09684,1.09646,1.0968,3119,17,1948894000
2017-05-11 08:00:00,1.09678,1.0971,1.0961,1.09648,7617,15,5802599000
2017-05-11 10:00:00,1.09648,1.09736,1.09606,1.0962,11878,15,10776533000
2017-05-11 12:00:00,1.0962,1.09636,1.09491,1.09535,8842,15,7674803000
2017-05-11 14:00:00,1.09535,1.0957,1.09429,1.0947,16960,15,16324936000
2017-05-11 16:00:00,1.0947,1.09672,1.09327,1.09436,16782,15,14355863000
2017-05-11 18:00:00,1.09437,1.0948,1.09297,1.094,9701,15,8725243000
2017-05-11 20:00:00,1.09399,1.09474,1.09369,1.09443,7548,15,7355546000
2017-05-11 22:00:00,1.09442,1.09479,1.09416,1.0944,5142,15,4519524000
2017-05-12 00:00:00,1.09439,1.09486,1.09398,1.09463,2826,15,1705787000
2017-05-12 02:00:00,1.09463,1.095,1.09447,1.0948,3002,15,1055208000
2017-05-12 04:00:00,1.0948,1.09532,1.09472,1.09519,3693,16,2454003000
2017-05-12 06:00:00,1.09519,1.09531,1.09489,1.09529,2955,16,1947825000
2017-05-12 08:00:00,1.09529,1.09549,1.09494,1.09501,5595,15,4000435000
2017-05-12 10:00:00,1.095,1.09535,1.09431,1.09506,10457,15,8818462000
2017-05-12 12:00:00,1.09504,1.09583,1.09484,1.0958,9334,15,8313596000
2017-05-12 14:00:00,1.0958,1.09705,1.09552,1.0968,14207,15,11314033000
2017-05-12 16:00:00,1.0968,1.09865,1.09493,1.09493,19586,15,17378871000
2017-05-12 18:00:00,1.09492,1.09554,1.09196,1.09378,11686,15,11168195000
2017-05-12 20:00:00,1.0938,1.09462,1.09378,1.09461,5834,15,5422231000
2017-05-12 22:00:00,1.0946,1.09472,1.0926,1.0926,5841,15,4659029000
2017-05-15 00:00:00,1.09296,1.09425,1.09244,1.09388,5909,15,4063688000
2017-05-15 02:00:00,1.09386,1.09455,1.09348,1.09407,4571,15,2664558000
2017-05-15 04:00:00,1.09408,1.09446,1.09386,1.09406,4045,15,2311209000
2017-05-15 06:00:00,1.09405,1.09417,1.09391,1.0941,2419,16,1382393000
2017-05-15 08:00:00,1.0941,1.09496,1.09405,1.09444,7161,15,5283369000
2017-05-15 10:00:00,1.09446,1.09499,1.09339,1.09347,11420,15,9585898000
2017-05-15 12:00:00,1.09345,1.09482,1.09297,1.09482,11991,15,11272529000
2017-05-15 14:00:00,1.09481,1.095,1.09314,1.09354,12435,15,10814616000
2017-05-15 16:00:00,1.09353,1.09533,1.09335,1.09398,13124,15,11462987000
2017-05-15 18:00:00,1.094,1.0947,1.09294,1.09353,9804,15,8747752000
2017-05-15 20:00:00,1.09352,1.09377,1.09304,1.0936,6389,15,5516007000
2017-05-15 22:00:00,1.09361,1.0939,1.09345,1.09366,4495,15,3980544000
2017-05-16 00:00:00,1.09367,1.09393,1.08866,1.09357,2682,17,1367385000
2017-05-16 02:00:00,1.09356,1.09381,1.09327,1.09362,3566,15,2029701000
2017-05-16 04:00:00,1.09363,1.09403,1.09337,1.09367,4421,15,3359386000
2017-05-16 06:00:00,1.09367,1.09397,1.09351,1.0938,2424,16,1405484000
2017-05-16 08:00:00,1.09379,1.09528,1.09375,1.09522,8389,15,5968530000
2017-05-16 10:00:00,1.09521,1.09589,1.09397,1.09401,15572,15,13209077000
2017-05-16 12:00:00,1.09401,1.09515,1.09393,1.0945,12881,15,12169822000
2017-05-16 14:00:00,1.09451,1.09585,1.09425,1.09497,14193,15,13979393000
2017-05-16 16:00:00,1.09496,1.09503,1.0933,1.09394,14025,15,13112847000
2017-05-16 18:00:00,1.09394,1.09432,1.09322,1.09349,11822,15,11983469000
2017-05-16 20:00:00,1.09348,1.09388,1.09279,1.09281,7679,15,7521262000
2017-05-16 22:00:00,1.09282,1.093,1.09223,1.09252,6088,15,5265305000
2017-05-17 00:00:00,1.09232,1.09276,1.09188,1.09253,4888,15,2090592000
2017-05-17 02:00:00,1.09249,1.0926,1.091,1.09158,6828,15,3580519000
2017-05-17 04:00:00,1.09158,1.09222,1.09142,1.09188,6373,16,4597804000
2017-05-17 06:00:00,1.09188,1.09242,1.09188,1.09238,6016,15,3986678000
2017-05-17 08:00:00,1.09237,1.09245,1.09161,1.09194,9965,15,8495275000
2017-05-17 10:00:00,1.09194,1.09232,1.09043,1.09155,15612,15,14964264000
2017-05-17 12:00:00,1.09155,1.0929,1.09112,1.09269,11054,15,10319598000
2017-05-17 14:00:00,1.09269,1.09287,1.09141,1.09165,12018,15,11357017000
2017-05-17 16:00:00,1.09165,1.09173,1.08899,1.09105,21594,15,19677843000
2017-05-17 18:00:00,1.09105,1.0928,1.0909,1.09268,14142,15,13289740000
2017-05-17 20:00:00,1.09268,1.09285,1.0914,1.09145,10622,15,9683946000
2017-05-17 22:00:00,1.09145,1.09223,1.09129,1.09199,8550,15,8353931000
2017-05-18 00:00:00,1.09198,1.09271,1.09164,1.09242,5755,15,4088005000
2017-05-18 02:00:00,1.09242,1.09253,1.09193,1.09226,7227,15,5072590000
2017-05-18 04:00:00,1.09226,1.09251,1.09194,1.09238,8364,15,6499615000
2017-05-18 06:00:00,1.09239,1.09268,1.09218,1.09219,5937,16,4552335000
2017-05-18 08:00:00,1.0922,1.09272,1.09144,1.09158,9731,15,8138167000
2017-05-18 10:00:00,1.09153,1.09202,1.08992,1.09109,17543,15,15170278000
2017-05-18 12:00:00,1.0911,1.09113,1.08758,1.08827,19114,15,18083930000
2017-05-18 14:00:00,1.08827,1.08899,1.08712,1.08773,17814,15,16713079000
2017-05-18 16:00:00,1.08773,1.08924,1.08726,1.08854,20775,15,19369515000
2017-05-18 18:00:00,1.08855,1.08937,1.08652,1.08761,15465,15,14760864000
2017-05-18 20:00:00,1.08761,1.08868,1.08716,1.08795,18644,15,16589909000
2017-05-18 22:00:00,1.08795,1.08841,1.08759,1.08759,7875,15,7583419000
2017-05-19 00:00:00,1.08763,1.08814,1.08734,1.0879,3439,15,2465195000
2017-05-19 02:00:00,1.08788,1.08839,1.08788,1.08836,5295,15,3109485000
2017-05-19 04:00:00,1.08837,1.08876,1.08804,1.08826,5808,15,4589298000
2017-05-19 06:00:00,1.08825,1.08916,1.08825,1.08909,4555,16,3302412000
2017-05-19 08:00:00,1.08908,1.09008,1.08904,1.08958,6986,15,6348857000
2017-05-19 10:00:00,1.08954,1.09065,1.08927,1.08996,14030,15,11545857000
2017-05-19 12:00:00,1.08996,1.092,1.08941,1.09195,11900,15,10821937000
2017-05-19 14:00:00,1.09195,1.0928,1.09127,1.09257,14178,15,13558929000
2017-05-19 16:00:00,1.09255,1.0926,1.09044,1.09083,17065,15,16044166000
2017-05-19 18:00:00,1.09083,1.09176,1.09035,1.0904,10186,15,10282388000
2017-05-19 20:00:00,1.09039,1.09119,1.0895,1.09067,10684,15,10514173000
2017-05-19 22:00:00,1.09068,1.09087,1.08985,1.0899,8894,15,8935427000
2017-05-22 00:00:00,1.09006,1.09058,1.08917,1.09021,3773,16,2518001000
2017-05-22 02:00:00,1.09021,1.0903,1.08981,1.08991,5503,15,3298093000
2017-05-22 04:00:00,1.0899,1.09037,1.08979,1.09,4808,17,3035756000
2017-05-22 06:00:00,1.09,1.09041,1.08997,1.09034,6043,17,4356271000
2017-05-22 08:00:00,1.09033,1.09119,1.09006,1.09033,7229,15,6642552000
2017-05-22 10:00:00,1.09033,1.09151,1.08825,1.08841,13215,15,11517416000
2017-05-22 12:00:00,1.08841,1.0909,1.08811,1.09018,14902,15,12039645000
2017-05-22 14:00:00,1.09018,1.09138,1.08978,1.09108,12084,15,10852429000
2017-05-22 16:00:00,1.09108,1.0943,1.09048,1.094,14695,15,13785630000
2017-05-22 18:00:00,1.094,1.09478,1.09273,1.09286,10312,15,9252452000
2017-05-22 20:00:00,1.09286,1.09371,1.09275,1.09358,4999,15,4256377000
2017-05-22 22:00:00,1.09364,1.09396,1.09319,1.09376,5318,15,4944109000
2017-05-23 00:00:00,1.09373,1.09407,1.09303,1.09386,3131,15,1850728000
2017-05-23 02:00:00,1.09387,1.09409,1.09337,1.09339,5603,15,3702055000
2017-05-23 04:00:00,1.09338,1.09405,1.09331,1.09401,5285,15,3727762000
2017-05-23 06:00:00,1.09403,1.09434,1.09378,1.09389,3905,15,2712776000
2017-05-23 08:00:00,1.0939,1.09432,1.09296,1.09336,9466,15,7336269000
2017-05-23 10:00:00,1.09337,1.09421,1.09243,1.09284,17846,15,13782833000
2017-05-23 12:00:00,1.09284,1.09339,1.09212,1.09224,10503,15,8711476000
2017-05-23 14:00:00,1.09224,1.09226,1.09066,1.09179,12507,15,10636092000
2017-05-23 16:00:00,1.09179,1.09218,1.09084,1.09089,15473,15,14495571000
2017-05-23 18:00:00,1.0909,1.0921,1.0904,1.09063,18236,15,16438419000
2017-05-23 20:00:00,1.09062,1.09114,1.09045,1.09083,8856,15,8613134000
2017-05-23 22:00:00,1.09084,1.09141,1.09073,1.09108,6470,15,5760450000
2017-05-24 00:00:00,1.09101,1.09188,1.09026,1.0914,4198,15,3211300000
2017-05-24 02:00:00,1.0914,1.09156,1.09108,1.09123,4692,15,2866025000
2017-05-24 04:00:00,1.09123,1.09175,1.09108,1.09146,5204,16,3566107000
2017-05-24 06:00:00,1.09145,1.09175,1.09126,1.09131,3914,15,2768590000
2017-05-24 08:00:00,1.09133,1.09173,1.09063,1.09077,7449,15,5889570000
2017-05-24 10:00:00,1.09075,1.09172,1.09019,1.09124,13119,15,11694649000
2017-05-24 12:00:00,1.09123,1.09283,1.09098,1.0927,11112,15,9315675000
2017-05-24 14:00:00,1.09269,1.09364,1.09215,1.0935,11311,15,9774856000
2017-05-24 16:00:00,1.09349,1.09369,1.09118,1.0921,14259,15,13035977000
2017-05-24 18:00:00,1.09212,1.09242,1.09155,1.09232,9317,15,9055538000
2017-05-24 20:00:00,1.0923,1.09262,1.09155,1.0922,14420,15,12163311000
2017-05-24 22:00:00,1.09222,1.09243,1.09164,1.09174,8636,15,7962424000
2017-05-25 00:00:00,1.09174,1.09286,1.09122,1.09183,3618,15,2098549000
2017-05-25 02:00:00,1.09186,1.09265,1.09184,1.09202,4162,15,2864264000
2017-05-25 04:00:00,1.09202,1.09253,1.09166,1.0923,5920,15,4548583000
2017-05-25 06:00:00,1.0923,1.09281,1.0922,1.09265,4520,15,3040699000
2017-05-25 08:00:00,1.09263,1.09284,1.09191,1.09195,6739,15,6066086000
2017-05-25 10:00:00,1.09195,1.09245,1.091,1.09149,12009,15,10416185000
2017-05-25 12:00:00,1.09149,1.0917,1.09068,1.09082,10222,15,9233228000
2017-05-25 14:00:00,1.09083,1.09089,1.08913,1.08948,9598,15,8654815000
2017-05-25 16:00:00,1.08945,1.09015,1.08893,1.09007,11655,15,11030680000
2017-05-25 18:00:00,1.09009,1.09062,1.08991,1.09015,8681,15,7556096000
2017-05-25 20:00:00,1.09015,1.09039,1.08973,1.09023,6254,15,6002154000
2017-05-25 22:00:00,1.09023,1.0909,1.09005,1.09009,4332,15,3891952000
2017-05-26 00:00:00,1.08995,1.09099,1.08936,1.09071,2577,18,1691762000
2017-05-26 02:00:00,1.0907,1.09091,1.09027,1.09049,4135,16,2122751000
2017-05-26 04:00:00,1.09049,1.09061,1.08977,1.09012,6572,15,4319899000
2017-05-26 06:00:00,1.09013,1.0909,1.0901,1.09058,4294,15,3161643000
2017-05-26 08:00:00,1.09059,1.09075,1.08994,1.09065,7294,15,5141460000
2017-05-26 10:00:00,1.09068,1.09073,1.08888,1.08907,11367,15,9584090000
2017-05-26 12:00:00,1.08907,1.08934,1.08837,1.08865,9625,15,8267465000
2017-05-26 14:00:00,1.08865,1.08944,1.08785,1.08826,12742,15,10918560000
2017-05-26 16:00:00,1.08826,1.09013,1.08781,1.08908,14964,15,13854109000
2017-05-26 18:00:00,1.0891,1.09027,1.08878,1.08924,9008,15,8356440000
2017-05-26 20:00:00,1.08923,1.08954,1.08842,1.08917,4969,15,4154147000
2017-05-26 22:00:00,1.08918,1.08944,1.08652,1.08652,3886,15,2665704000
2017-05-29 00:00:00,1.08758,1.08966,1.08758,1.08958,3451,19,2659805000
2017-05-29 02:00:00,1.08958,1.08966,1.08866,1.08899,3660,15,1474947000
2017-05-29 04:00:00,1.08899,1.08923,1.08886,1.08901,2812,15,1782681000
2017-05-29 06:00:00,1.08901,1.08927,1.08873,1.08905,3659,15,2235154000
2017-05-29 08:00:00,1.08905,1.08936,1.08879,1.08893,4138,15,2809711000
2017-05-29 10:00:00,1.08895,1.08998,1.08853,1.08909,6906,15,5524937000
2017-05-29 12:00:00,1.08909,1.08995,1.08865,1.08883,5305,15,4573904000
2017-05-29 14:00:00,1.08883,1.09019,1.08856,1.09008,5202,15,4013281000
2017-05-29 16:00:00,1.09008,1.09127,1.08993,1.09123,7308,15,6411531000
2017-05-29 18:00:00,1.09123,1.09124,1.09022,1.09086,5194,15,4344294000
2017-05-29 20:00:00,1.09087,1.09097,1.09045,1.09076,5605,15,4164540000
2017-05-29 22:00:00,1.09075,1.09118,1.09056,1.09089,6252,15,4127098000
2017-05-30 00:00:00,1.09089,1.09158,1.08985,1.08994,4899,15,2942732000
2017-05-30 02:00:00,1.08994,1.09009,1.08948,1.08953,5700,15,3192116000
2017-05-30 04:00:00,1.08953,1.08966,1.08879,1.08905,4967,15,3393687000
2017-05-30 06:00:00,1.08904,1.08949,1.08891,1.0891,3948,15,2967187000
2017-05-30 08:00:00,1.08911,1.09021,1.08891,1.08998,7696,15,5959230000
2017-05-30 10:00:00,1.08998,1.09086,1.08804,1.08914,12517,15,9842557000
2017-05-30 12:00:00,1.08913,1.09035,1.0885,1.08977,10329,15,8735882000
2017-05-30 14:00:00,1.08979,1.09094,1.08937,1.08988,13575,15,10363174000
2017-05-30 16:00:00,1.08988,1.09108,1.0896,1.08988,13193,15,11041296000
2017-05-30 18:00:00,1.08989,1.09052,1.08882,1.0899,8813,15,8400046000
2017-05-30 20:00:00,1.08992,1.09041,1.08958,1.09004,5364,15,5098616000
2017-05-30 22:00:00,1.09005,1.09063,1.08994,1.08999,4960,15,5059521000
2017-05-31 00:00:00,1.09013,1.09057,1.08964,1.09015,3341,18,1531608000
2017-05-31 02:00:00,1.09015,1.09039,1.08997,1.09002,3438,15,1790834000
2017-05-31 04:00:00,1.09002,1.09037,1.08993,1.0901,4626,18,2989245000
2017-05-31 06:00:00,1.09011,1.09036,1.08998,1.09005,3089,16,2044787000
2017-05-31 08:00:00,1.09003,1.09104,1.08944,1.09097,6716,15,5264256000
2017-05-31 10:00:00,1.09097,1.09106,1.08833,1.08879,12190,15,9666547000
2017-05-31 12:00:00,1.08878,1.08917,1.08832,1.08872,11970,15,10502057000
2017-05-31 14:00:00,1.08872,1.09059,1.08863,1.08978,10603,15,9146243000
2017-05-31 16:00:00,1.08977,1.09039,1.08774,1.08795,14435,15,11406935000
2017-05-31 18:00:00,1.08795,1.08873,1.08682,1.08774,13304,15,11953587000
2017-05-31 20:00:00,1.08772,1.08818,1.08748,1.0878,9115,15,8179097000
2017-05-31 22:00:00,1.0878,1.08835,1.08767,1.08784,6276,16,5835734000
2017-06-01 00:00:00,1.08785,1.08864,1.08737,1.08798,5113,15,2870187000
2017-06-01 02:00:00,1.08794,1.08829,1.08791,1.08814,5789,15,2979033000
2017-06-01 04:00:00,1.08812,1.08877,1.08805,1.08856,6403,15,4751984000
2017-06-01 06:00:00,1.08855,1.0889,1.08844,1.08887,4186,15,3461426000
2017-06-01 08:00:00,1.08887,1.0893,1.08855,1.08903,7601,15,6048684000
2017-06-01 10:00:00,1.08903,1.09014,1.08867,1.08996,9753,15,7609887000
2017-06-01 12:00:00,1.08997,1.09017,1.08795,1.08821,8649,15,6969009000
2017-06-01 14:00:00,1.08822,1.08871,1.08744,1.08858,10468,15,8727572000
2017-06-01 16:00:00,1.08857,1.08913,1.08795,1.08804,11886,15,10502104000
2017-06-01 18:00:00,1.08804,1.08931,1.08803,1.08895,8281,15,7787342000
2017-06-01 20:00:00,1.08895,1.08949,1.08863,1.08936,6535,15,5810569000
2017-06-01 22:00:00,1.08934,1.08965,1.08904,1.08916,4380,15,4019709000
2017-06-02 00:00:00,1.08825,1.08939,1.08825,1.08912,2418,17,1345726000
2017-06-02 02:00:00,1.0891,1.08943,1.08901,1.08919,3830,15,2310188000
2017-06-02 04:00:00,1.0892,1.08953,1.0891,1.08948,3755,15,2257264000
2017-06-02 06:00:00,1.08949,1.08967,1.08911,1.08922,2732,18,1892499000
2017-06-02 08:00:00,1.08922,1.08957,1.08893,1.08926,5247,15,4252757000
2017-06-02 10:00:00,1.08927,1.0897,1.08894,1.08944,7620,15,5923732000
2017-06-02 12:00:00,1.08944,1.08994,1.08932,1.0895,7157,15,6170255000
2017-06-02 14:00:00,1.08949,1.08999,1.08853,1.08941,15411,15,12142408000
2017-06-02 16:00:00,1.08942,1.08947,1.0865,1.08657,14673,15,10927985000
2017-06-02 18:00:00,1.08657,1.08718,1.08621,1.08685,9612,15,9158739000
2017-06-02 20:00:00,1.08685,1.08745,1.08629,1.08634,6108,15,5724997000
2017-06-02 22:00:00,1.08634,1.0865,1.0845,1.0845,4183,15,0
2017-06-05 00:00:00,1.08592,1.08648,1.08448,1.086,4253,15,0
2017-06-05 02:00:00,1.08607,1.08634,1.08593,1.08607,3232,15,0
2017-06-05 04:00:00,1.08603,1.08628,1.08599,1.08627,2800,15,0
2017-06-05 06:00:00,1.08627,1.08653,1.08606,1.08632,2538,16,0
2017-06-05 08:00:00,1.0863,1.08659,1.08566,1.08568,3812,15,0
2017-06-05 10:00:00,1.0857,1.08702,1.08555,1.08597,6773,15,0
2017-06-05 12:00:00,1.08595,1.08603,1.08484,1.08502,5941,15,0
2017-06-05 14:00:00,1.085,1.08613,1.08497,1.0859,5228,15,0
2017-06-05 16:00:00,1.08591,1.08597,1.0852,1.08524,6785,15,0
2017-06-05 18:00:00,1.08525,1.08646,1.08524,1.08627,5298,15,0
2017-06-05 20:00:00,1.08628,1.08658,1.08576,1.08612,3975,15,0
2017-06-05 22:00:00,1.08612,1.08638,1.08589,1.08622,3538,16,0
2017-06-06 00:00:00,1.08489,1.08639,1.08489,1.0863,2763,15,0
2017-06-06 02:00:00,1.0863,1.0864,1.08595,1.08597,3091,18,0
2017-06-06 04:00:00,1.08597,1.08616,1.08544,1.08558,5259,17,0
2017-06-06 06:00:00,1.08559,1.08597,1.08545,1.08595,3309,16,0
2017-06-06 08:00:00,1.08597,1.08608,1.08543,1.08548,5125,15,0
2017-06-06 10:00:00,1.0855,1.08598,1.08425,1.08522,7552,15,0
2017-06-06 12:00:00,1.08522,1.08549,1.08434,1.08507,5014,15,0
2017-06-06 14:00:00,1.08506,1.08574,1.08442,1.08557,7670,15,0
2017-06-06 16:00:00,1.08554,1.08622,1.08457,1.0853,11873,15,0
2017-06-06 18:00:00,1.08529,1.08548,1.08446,1.08476,8035,15,0
2017-06-06 20:00:00,1.08475,1.08517,1.08447,1.08482,7916,15,0
2017-06-06 22:00:00,1.08481,1.08509,1.0845,1.08466,5369,15,0
2017-06-07 00:00:00,1.08416,1.08511,1.08405,1.08479,2284,15,0
2017-06-07 02:00:00,1.08478,1.08487,1.08441,1.08477,2814,16,0
2017-06-07 04:00:00,1.0848,1.08506,1.08453,1.08464,4171,18,0
2017-06-07 06:00:00,1.08464,1.085,1.08453,1.08497,2680,18,0
2017-06-07 08:00:00,1.08499,1.08606,1.08487,1.08594,4451,15,0
2017-06-07 10:00:00,1.08595,1.08608,1.08436,1.08477,7846,15,0
2017-06-07 12:00:00,1.08475,1.08512,1.084,1.08439,10826,15,0
2017-06-07 14:00:00,1.08439,1.08471,1.08371,1.0841,9669,15,0
2017-06-07 16:00:00,1.08411,1.08615,1.08406,1.08531,12145,15,0
2017-06-07 18:00:00,1.08532,1.08629,1.0847,1.0859,10339,15,0
2017-06-07 20:00:00,1.0859,1.08656,1.08557,1.0861,6511,15,0
2017-06-07 22:00:00,1.0861,1.0865,1.08565,1.08579,4462,15,0
2017-06-08 00:00:00,1.08591,1.08667,1.08448,1.08577,2833,21,0
2017-06-08 02:00:00,1.08575,1.08615,1.08547,1.08547,3555,16,0
2017-06-08 04:00:00,1.08548,1.08605,1.0853,1.08593,4011,15,0
2017-06-08 06:00:00,1.08592,1.08609,1.08574,1.08604,3533,15,0
2017-06-08 08:00:00,1.08604,1.08626,1.08566,1.08579,4719,15,0
2017-06-08 10:00:00,1.08578,1.08753,1.08553,1.08721,6708,15,0
2017-06-08 12:00:00,1.0872,1.08753,1.08568,1.08603,6641,15,0
2017-06-08 14:00:00,1.08603,1.08683,1.08436,1.08498,17909,15,0
2017-06-08 16:00:00,1.08496,1.08606,1.08459,1.08519,13719,15,0
2017-06-08 18:00:00,1.0852,1.08578,1.08493,1.0855,7333,15,0
2017-06-08 20:00:00,1.0855,1.08582,1.08476,1.08494,4523,15,0
2017-06-08 22:00:00,1.08494,1.08517,1.08455,1.08456,4299,15,0
2017-06-09 00:00:00,1.08432,1.08541,1.08375,1.08446,5970,15,0
2017-06-09 02:00:00,1.08445,1.08451,1.08388,1.08411,7487,15,0
2017-06-09 04:00:00,1.08412,1.08464,1.08396,1.0845,5604,15,0
2017-06-09 06:00:00,1.08449,1.08502,1.0843,1.08467,5303,15,0
2017-06-09 08:00:00,1.08468,1.08537,1.08443,1.08477,9022,15,0
2017-06-09 10:00:00,1.08477,1.08678,1.0846,1.08577,12427,15,0
2017-06-09 12:00:00,1.08577,1.08713,1.08577,1.08649,7675,15,0
2017-06-09 14:00:00,1.08648,1.08648,1.08545,1.08549,6946,15,0
2017-06-09 16:00:00,1.08549,1.08628,1.08485,1.08495,8338,15,0
2017-06-09 18:00:00,1.08494,1.08558,1.0849,1.08538,6057,15,0
2017-06-09 20:00:00,1.08539,1.08555,1.0848,1.08485,4611,15,0
2017-06-09 22:00:00,1.08485,1.08529,1.08281,1.08429,5344,16,0
2017-06-12 00:00:00,1.08435,1.08581,1.08435,1.08547,2243,17,0
2017-06-12 02:00:00,1.08547,1.0856,1.08514,1.08548,3693,17,0
2017-06-12 04:00:00,1.08549,1.08579,1.08533,1.08543,3896,18,0
2017-06-12 06:00:00,1.08544,1.08567,1.0853,1.08567,2949,17,0
2017-06-12 08:00:00,1.08568,1.08627,1.08546,1.08546,4071,15,0
2017-06-12 10:00:00,1.08547,1.08651,1.08473,1.08578,7055,15,0
2017-06-12 12:00:00,1.08579,1.08591,1.0848,1.08524,7134,15,0
2017-06-12 14:00:00,1.08524,1.08636,1.08493,1.08495,7124,15,0
2017-06-12 16:00:00,1.08496,1.08571,1.08435,1.08567,9507,15,0
2017-06-12 18:00:00,1.08568,1.08579,1.08501,1.08533,7474,15,0
2017-06-12 20:00:00,1.08533,1.08552,1.08493,1.08529,5135,15,0
2017-06-12 22:00:00,1.08529,1.08545,1.08501,1.08529,3999,15,0
2017-06-13 00:00:00,1.08481,1.08545,1.08413,1.08497,2474,19,0
2017-06-13 02:00:00,1.08497,1.08524,1.08475,1.08477,2949,16,0
2017-06-13 04:00:00,1.08477,1.0853,1.08474,1.08515,4095,16,0
2017-06-13 06:00:00,1.08515,1.08517,1.0847,1.08486,2648,16,0
2017-06-13 08:00:00,1.08486,1.08531,1.08385,1.08385,4554,15,0
2017-06-13 10:00:00,1.08386,1.08496,1.08385,1.08408,10044,15,0
2017-06-13 12:00:00,1.0841,1.08547,1.08394,1.08534,5448,15,0
2017-06-13 14:00:00,1.08534,1.0855,1.08439,1.08451,6494,15,0
2017-06-13 16:00:00,1.08452,1.08522,1.08394,1.085,8062,15,0
2017-06-13 18:00:00,1.08502,1.08564,1.08455,1.08559,6071,15,0
2017-06-13 20:00:00,1.0856,1.08592,1.08505,1.08565,3639,15,0
2017-06-13 22:00:00,1.08564,1.0861,1.08558,1.08595,3078,15,0
2017-06-14 00:00:00,1.08475,1.086,1.08443,1.08581,3701,16,0
2017-06-14 02:00:00,1.08583,1.08601,1.08571,1.08581,2558,16,0
2017-06-14 04:00:00,1.08581,1.08623,1.08572,1.0859,4174,15,0
2017-06-14 06:00:00,1.08591,1.08619,1.08589,1.08603,2199,15,0
2017-06-14 08:00:00,1.08605,1.08644,1.08572,1.08597,4647,15,0
2017-06-14 10:00:00,1.08598,1.08639,1.0854,1.08582,7958,15,0
2017-06-14 12:00:00,1.08583,1.08732,1.08555,1.08674,6627,15,0
2017-06-14 14:00:00,1.08674,1.08898,1.08669,1.08895,11741,15,0
2017-06-14 16:00:00,1.08895,1.09003,1.08812,1.08999,16570,15,0
2017-06-14 18:00:00,1.08999,1.09043,1.08902,1.09039,8927,15,0
2017-06-14 20:00:00,1.09039,1.09081,1.08897,1.09009,18653,15,0
2017-06-14 22:00:00,1.09009,1.09024,1.08897,1.0893,10954,15,0
2017-06-15 00:00:00,1.08842,1.0895,1.08805,1.08877,3685,15,0
2017-06-15 02:00:00,1.08875,1.08956,1.08874,1.08921,4630,16,0
2017-06-15 04:00:00,1.0892,1.08979,1.08912,1.08951,4959,16,0
2017-06-15 06:00:00,1.08952,1.08988,1.08919,1.08923,3581,17,0
2017-06-15 08:00:00,1.08922,1.08948,1.0886,1.08873,4970,15,0
2017-06-15 10:00:00,1.08872,1.08879,1.08691,1.08834,12380,15,0
2017-06-15 12:00:00,1.08834,1.0886,1.08669,1.08766,9114,15,0
2017-06-15 14:00:00,1.08767,1.08837,1.08684,1.08746,13350,15,0
2017-06-15 16:00:00,1.08748,1.08805,1.08658,1.08678,12705,15,0
2017-06-15 18:00:00,1.08679,1.08722,1.08654,1.08699,7512,15,0
2017-06-15 20:00:00,1.08699,1.08736,1.08686,1.08729,3876,15,0
2017-06-15 22:00:00,1.08731,1.08734,1.08686,1.08689,4852,15,0
2017-06-16 00:00:00,1.08621,1.0875,1.08621,1.08696,1955,15,0
2017-06-16 02:00:00,1.08694,1.08722,1.08687,1.08695,2758,15,0
2017-06-16 04:00:00,1.08695,1.08705,1.08665,1.08686,2943,16,0
2017-06-16 06:00:00,1.08686,1.0871,1.08664,1.08686,3483,16,0
2017-06-16 08:00:00,1.08686,1.08719,1.08647,1.0869,5708,15,0
2017-06-16 10:00:00,1.08691,1.088,1.08659,1.08787,8301,15,0
2017-06-16 12:00:00,1.08783,1.08911,1.08752,1.08865,6737,15,0
2017-06-16 14:00:00,1.08866,1.08893,1.08814,1.08834,8233,15,0
2017-06-16 16:00:00,1.08834,1.08975,1.08803,1.08961,11427,15,0
2017-06-16 18:00:00,1.0896,1.0902,1.08896,1.08991,6200,15,0
2017-06-16 20:00:00,1.08993,1.09024,1.08964,1.0899,3439,16,0
2017-06-16 22:00:00,1.08988,1.09045,1.088,1.088,3905,15,0
2017-06-19 00:00:00,1.08987,1.09041,1.08761,1.0901,3772,19,0
2017-06-19 02:00:00,1.09009,1.09034,1.0899,1.09011,2889,15,0
2017-06-19 04:00:00,1.09012,1.09026,1.09001,1.0901,2285,15,0
2017-06-19 06:00:00,1.09009,1.0904,1.0899,1.09025,2256,17,0
2017-06-19 08:00:00,1.09024,1.09082,1.08998,1.09012,3693,15,0
2017-06-19 10:00:00,1.09011,1.09014,1.08732,1.08781,7069,15,0
2017-06-19 12:00:00,1.08783,1.08803,1.08712,1.08771,5339,15,0
2017-06-19 14:00:00,1.08772,1.08804,1.08643,1.0875,9710,15,0
2017-06-19 16:00:00,1.08753,1.08833,1.08726,1.08743,9464,15,0
2017-06-19 18:00:00,1.08745,1.08779,1.08706,1.08722,6751,15,0
2017-06-19 20:00:00,1.08722,1.08781,1.08722,1.08763,4298,15,0
2017-06-19 22:00:00,1.08761,1.08779,1.08741,1.08747,3203,15,0
2017-06-20 00:00:00,1.08733,1.08777,1.0857,1.08771,5997,19,0
2017-06-20 02:00:00,1.0877,1.08785,1.08739,1.08761,3699,15,0
2017-06-20 04:00:00,1.08763,1.08786,1.08756,1.08779,3623,15,0
2017-06-20 06:00:00,1.0878,1.0879,1.08759,1.08785,2673,18,0
2017-06-20 08:00:00,1.08787,1.088,1.08739,1.0877,4015,15,0
2017-06-20 10:00:00,1.08773,1.08776,1.08559,1.0869,9370,15,0
2017-06-20 12:00:00,1.0869,1.08735,1.08542,1.08617,7088,15,0
2017-06-20 14:00:00,1.08617,1.08653,1.08504,1.08615,9388,15,0
2017-06-20 16:00:00,1.08616,1.08632,1.08537,1.08581,10430,15,0
2017-06-20 18:00:00,1.08579,1.086,1.08542,1.08545,7648,15,0
2017-06-20 20:00:00,1.08544,1.0858,1.08516,1.08523,4419,16,0
2017-06-20 22:00:00,1.08524,1.08556,1.08517,1.08544,3629,15,0
2017-06-21 00:00:00,1.08541,1.08575,1.08506,1.08533,3904,18,0
2017-06-21 02:00:00,1.08537,1.08543,1.08482,1.08512,2413,15,0
2017-06-21 04:00:00,1.0851,1.08532,1.08466,1.08487,1937,15,0
2017-06-21 06:00:00,1.08486,1.08509,1.08476,1.08486,1718,15,0
2017-06-21 08:00:00,1.08487,1.0851,1.08464,1.08498,3740,15,0
2017-06-21 10:00:00,1.08496,1.08548,1.08433,1.08525,8084,15,0
2017-06-21 12:00:00,1.08526,1.08624,1.08508,1.08624,6704,15,0
2017-06-21 14:00:00,1.08624,1.08642,1.0854,1.08565,7890,15,0
2017-06-21 16:00:00,1.08566,1.08638,1.08515,1.08614,9246,15,0
2017-06-21 18:00:00,1.08615,1.08617,1.08542,1.08558,6595,15,0
2017-06-21 20:00:00,1.08558,1.08601,1.08514,1.08597,4946,15,0
2017-06-21 22:00:00,1.08597,1.08606,1.08564,1.08589,4031,16,0
2017-06-22 00:00:00,1.08569,1.086,1.08539,1.08582,2963,15,0
2017-06-22 02:00:00,1.08582,1.08605,1.08563,1.0857,3220,15,0
2017-06-22 04:00:00,1.08571,1.08601,1.08567,1.08573,3917,15,0
2017-06-22 06:00:00,1.08573,1.08614,1.08572,1.08606,3092,17,0
2017-06-22 08:00:00,1.08607,1.08625,1.08538,1.08545,4486,15,0
2017-06-22 10:00:00,1.08545,1.08699,1.08526,1.08677,6334,15,0
2017-06-22 12:00:00,1.08677,1.08718,1.08642,1.08671,5485,15,0
2017-06-22 14:00:00,1.0867,1.08712,1.08569,1.08578,7360,15,0
2017-06-22 16:00:00,1.0858,1.08622,1.08404,1.08461,9512,15,0
2017-06-22 18:00:00,1.08462,1.08498,1.08404,1.08426,5648,15,0
2017-06-22 20:00:00,1.08425,1.08451,1.08371,1.08396,3748,15,0
2017-06-22 22:00:00,1.08396,1.08405,1.08339,1.08343,2780,15,0
2017-06-23 00:00:00,1.08343,1.0839,1.08312,1.08351,1760,17,0
2017-06-23 02:00:00,1.0835,1.08355,1.08321,1.08341,2221,18,0
2017-06-23 04:00:00,1.08343,1.08368,1.08328,1.08342,3151,15,0
2017-06-23 06:00:00,1.08343,1.08356,1.08325,1.08344,2052,15,0
2017-06-23 08:00:00,1.08346,1.08435,1.08343,1.08398,3319,16,0
2017-06-23 10:00:00,1.08397,1.08469,1.08332,1.08399,8224,15,0
2017-06-23 12:00:00,1.08399,1.08536,1.0838,1.08453,5918,15,0
2017-06-23 14:00:00,1.08452,1.08567,1.08452,1.08539,5977,15,0
2017-06-23 16:00:00,1.08537,1.08586,1.08435,1.08476,9370,15,0
2017-06-23 18:00:00,1.08473,1.08542,1.08462,1.08535,5195,15,0
2017-06-23 20:00:00,1.08537,1.08541,1.08497,1.08499,2591,15,0
2017-06-23 22:00:00,1.08499,1.08567,1.0842,1.0842,3017,17,0
2017-06-26 00:00:00,1.08393,1.0853,1.08367,1.08519,2283,20,0
2017-06-26 02:00:00,1.08515,1.08539,1.08509,1.08527,1616,15,0
2017-06-26 04:00:00,1.08527,1.0857,1.08522,1.08523,3356,15,0
2017-06-26 06:00:00,1.08523,1.08569,1.08521,1.0855,2041,15,0
2017-06-26 08:00:00,1.0855,1.08579,1.0851,1.08576,3332,15,0
2017-06-26 10:00:00,1.08575,1.08645,1.08542,1.08618,8735,15,0
2017-06-26 12:00:00,1.08617,1.08816,1.0859,1.08793,6949,15,0
2017-06-26 14:00:00,1.08793,1.08866,1.08761,1.08799,9247,15,0
2017-06-26 16:00:00,1.08799,1.08824,1.08693,1.08706,10693,15,0
2017-06-26 18:00:00,1.08707,1.08746,1.08647,1.0871,7785,15,0
2017-06-26 20:00:00,1.0871,1.08733,1.08667,1.08718,4691,15,0
2017-06-26 22:00:00,1.08718,1.08735,1.0869,1.08703,2920,15,0
2017-06-27 00:00:00,1.08632,1.08738,1.08632,1.08717,2464,15,0
2017-06-27 02:00:00,1.08717,1.08744,1.08703,1.08718,1772,16,0
2017-06-27 04:00:00,1.08717,1.0875,1.08705,1.08736,2609,16,0
2017-06-27 06:00:00,1.08735,1.08766,1.08725,1.08751,2463,16,0
2017-06-27 08:00:00,1.08751,1.08894,1.08739,1.08851,4160,15,0
2017-06-27 10:00:00,1.0885,1.08943,1.08756,1.08774,14459,15,0
2017-06-27 12:00:00,1.08773,1.08822,1.08725,1.08771,10346,15,0
2017-06-27 14:00:00,1.08773,1.08905,1.08747,1.08892,9933,15,0
2017-06-27 16:00:00,1.08891,1.08924,1.08781,1.08899,11971,15,0
2017-06-27 18:00:00,1.08899,1.08945,1.08831,1.08868,11430,15,0
2017-06-27 20:00:00,1.08868,1.08935,1.08856,1.08887,9224,15,0
2017-06-27 22:00:00,1.08887,1.0891,1.08846,1.08886,5276,15,0
2017-06-28 00:00:00,1.08852,1.08907,1.08808,1.0888,2489,18,0
2017-06-28 02:00:00,1.0888,1.08919,1.08861,1.08914,3512,15,0
2017-06-28 04:00:00,1.08913,1.08947,1.08884,1.08923,5365,15,0
2017-06-28 06:00:00,1.08924,1.08977,1.0892,1.08962,2795,15,0
2017-06-28 08:00:00,1.08962,1.0909,1.08947,1.08996,7503,15,0
2017-06-28 10:00:00,1.08996,1.09241,1.08976,1.09107,15143,15,0
2017-06-28 12:00:00,1.09105,1.09146,1.09045,1.09092,9740,15,0
2017-06-28 14:00:00,1.09091,1.09177,1.08867,1.08972,17947,15,0
2017-06-28 16:00:00,1.08972,1.0919,1.08844,1.09097,23351,15,0
2017-06-28 18:00:00,1.09099,1.09247,1.09059,1.09231,10674,15,0
2017-06-28 20:00:00,1.09233,1.0924,1.09141,1.09144,5597,15,0
2017-06-28 22:00:00,1.09146,1.09191,1.09134,1.09168,3482,15,0
2017-06-29 00:00:00,1.09146,1.09193,1.0896,1.09168,3476,15,0
2017-06-29 02:00:00,1.09168,1.09209,1.09163,1.09184,3178,15,0
2017-06-29 04:00:00,1.09184,1.09276,1.09174,1.09233,6238,15,0
2017-06-29 06:00:00,1.09233,1.0927,1.09222,1.09255,3587,16,0
2017-06-29 08:00:00,1.09255,1.09377,1.09233,1.09372,6565,15,0
2017-06-29 10:00:00,1.09377,1.09465,1.09309,1.09321,13593,15,0
2017-06-29 12:00:00,1.09321,1.09354,1.09252,1.09314,9751,15,0
2017-06-29 14:00:00,1.09314,1.09394,1.09243,1.0936,12573,15,0
2017-06-29 16:00:00,1.0936,1.09374,1.09251,1.0933,13683,15,0
2017-06-29 18:00:00,1.09329,1.09349,1.0924,1.09316,9765,15,0
2017-06-29 20:00:00,1.09315,1.09387,1.09302,1.09339,7261,15,0
2017-06-29 22:00:00,1.09339,1.09387,1.09328,1.09343,4799,15,0
2017-06-30 00:00:00,1.09232,1.09366,1.09232,1.09314,5128,17,0
2017-06-30 02:00:00,1.09314,1.09353,1.09294,1.09332,4299,16,0
2017-06-30 04:00:00,1.09331,1.09438,1.09327,1.09413,6966,17,0
2017-06-30 06:00:00,1.09411,1.0948,1.09406,1.09469,2433,16,0
2017-06-30 08:00:00,1.09469,1.09475,1.09367,1.09417,5863,15,0
2017-06-30 10:00:00,1.09412,1.09456,1.09276,1.09298,13170,15,0
2017-06-30 12:00:00,1.09298,1.09343,1.09252,1.09325,9806,15,0
2017-06-30 14:00:00,1.09327,1.09372,1.09245,1.09318,10090,15,0
2017-06-30 16:00:00,1.09318,1.09365,1.09201,1.09216,13877,15,0
2017-06-30 18:00:00,1.09216,1.09458,1.09206,1.09442,9810,15,0
2017-06-30 20:00:00,1.09442,1.09528,1.09436,1.09515,5162,15,0
2017-06-30 22:00:00,1.09515,1.09529,1.09417,1.09435,4898,17,0
2017-07-03 00:00:00,1.09354,1.09517,1.09185,1.09504,3421,16,0
2017-07-03 02:00:00,1.09505,1.09571,1.09462,1.09484,3121,15,0
2017-07-03 04:00:00,1.09484,1.0952,1.09482,1.0952,3345,16,0
2017-07-03 06:00:00,1.0952,1.09533,1.09449,1.09529,3491,15,0
2017-07-03 08:00:00,1.0953,1.0953,1.09416,1.09432,5291,15,0
2017-07-03 10:00:00,1.0943,1.09435,1.09229,1.09281,10970,15,0
2017-07-03 12:00:00,1.0928,1.09389,1.09269,1.0938,8291,15,0
2017-07-03 14:00:00,1.09379,1.09469,1.09342,1.09363,9049,15,0
2017-07-03 16:00:00,1.09363,1.09494,1.09338,1.09477,11479,15,0
2017-07-03 18:00:00,1.09477,1.09529,1.09436,1.09505,8289,15,0
2017-07-03 20:00:00,1.09503,1.09554,1.09475,1.09496,2842,15,0
2017-07-03 22:00:00,1.09497,1.09514,1.09471,1.09483,2366,15,0
2017-07-04 00:00:00,1.09453,1.09543,1.09417,1.09493,2033,19,0
2017-07-04 02:00:00,1.09494,1.0954,1.09489,1.09514,2690,15,0
2017-07-04 04:00:00,1.09514,1.09548,1.09479,1.09497,3146,15,0
2017-07-04 06:00:00,1.09498,1.09523,1.0947,1.09511,3097,16,0
2017-07-04 08:00:00,1.09511,1.09513,1.09332,1.09435,7442,15,0
2017-07-04 10:00:00,1.09436,1.09483,1.0936,1.09476,7932,15,0
2017-07-04 12:00:00,1.09476,1.09564,1.09443,1.09543,6110,15,0
2017-07-04 14:00:00,1.09542,1.09549,1.09489,1.09493,4863,15,0
2017-07-04 16:00:00,1.09491,1.09552,1.09471,1.0954,5697,15,0
2017-07-04 18:00:00,1.09537,1.0957,1.09512,1.09549,4915,15,0
2017-07-04 20:00:00,1.0955,1.09558,1.09506,1.09544,7650,15,0
2017-07-04 22:00:00,1.09543,1.09557,1.09509,1.09533,4464,15,0
2017-07-05 00:00:00,1.09322,1.09542,1.0909,1.09515,5409,15,0
2017-07-05 02:00:00,1.09521,1.09546,1.09509,1.09541,2657,16,0
2017-07-05 04:00:00,1.0954,1.09577,1.09517,1.0956,4175,15,0
2017-07-05 06:00:00,1.09559,1.09575,1.09543,1.09559,2385,16,0
2017-07-05 08:00:00,1.09561,1.09571,1.09498,1.09503,5561,15,0
2017-07-05 10:00:00,1.09503,1.09643,1.09499,1.09588,10659,15,0
2017-07-05 12:00:00,1.09588,1.09605,1.095,1.09504,10583,15,0
2017-07-05 14:00:00,1.09504,1.09542,1.09459,1.09487,6746,15,0
2017-07-05 16:00:00,1.09489,1.09607,1.09413,1.09427,10805,15,0
2017-07-05 18:00:00,1.09428,1.09452,1.0939,1.09404,6533,15,0
2017-07-05 20:00:00,1.09403,1.09476,1.09395,1.09446,8161,15,0
2017-07-05 22:00:00,1.09446,1.09461,1.09412,1.09423,4278,16,0
2017-07-06 00:00:00,1.09368,1.0945,1.0933,1.09416,4451,19,0
2017-07-06 02:00:00,1.09417,1.09445,1.09398,1.09407,3520,15,0
2017-07-06 04:00:00,1.09407,1.0943,1.0939,1.09397,5075,16,0
2017-07-06 06:00:00,1.09396,1.09433,1.09373,1.09424,2564,15,0
2017-07-06 08:00:00,1.09423,1.09497,1.09409,1.09485,4293,15,0
2017-07-06 10:00:00,1.09483,1.09615,1.09483,1.09548,8310,15,0
2017-07-06 12:00:00,1.0955,1.09725,1.09546,1.09717,11379,15,0
2017-07-06 14:00:00,1.09717,1.09833,1.0969,1.09744,12272,15,0
2017-07-06 16:00:00,1.09746,1.09819,1.09687,1.09806,11658,15,0
2017-07-06 18:00:00,1.09806,1.09909,1.09779,1.09891,8975,15,0
2017-07-06 20:00:00,1.09892,1.09909,1.09738,1.0977,6376,15,0
2017-07-06 22:00:00,1.0977,1.0977,1.09654,1.09705,3900,15,0
2017-07-07 00:00:00,1.09499,1.09737,1.09499,1.09695,4699,15,0
2017-07-07 02:00:00,1.09695,1.09717,1.09656,1.0966,4673,15,0
2017-07-07 04:00:00,1.0966,1.09711,1.09659,1.09694,6908,15,0
2017-07-07 06:00:00,1.09694,1.09711,1.09653,1.09685,3805,17,0
2017-07-07 08:00:00,1.09685,1.09735,1.09661,1.09718,5074,15,0
2017-07-07 10:00:00,1.0972,1.09887,1.09711,1.09881,9149,15,0
2017-07-07 12:00:00,1.09881,1.09904,1.09761,1.09854,7175,15,0
2017-07-07 14:00:00,1.09854,1.09927,1.0979,1.09832,13312,15,0
2017-07-07 16:00:00,1.09832,1.09883,1.09772,1.09857,13611,15,0
2017-07-07 18:00:00,1.09857,1.09993,1.09841,1.09962,7194,15,0
2017-07-07 20:00:00,1.09961,1.09966,1.09924,1.09929,3672,16,0
2017-07-07 22:00:00,1.09928,1.09936,1.09714,1.09714,3543,15,0
2017-07-10 00:00:00,1.0979,1.09891,1.09731,1.09874,1624,20,0
2017-07-10 02:00:00,1.09857,1.09916,1.09855,1.09901,2540,16,0
2017-07-10 04:00:00,1.09899,1.09943,1.09894,1.09926,2914,15,0
2017-07-10 06:00:00,1.09926,1.09942,1.09921,1.09937,2436,16,0
2017-07-10 08:00:00,1.09936,1.09952,1.09891,1.09951,5211,15,0
2017-07-10 10:00:00,1.09952,1.09972,1.09882,1.09926,9583,15,0
2017-07-10 12:00:00,1.09926,1.10143,1.09906,1.10115,7859,15,0
2017-07-10 14:00:00,1.10115,1.10154,1.10053,1.10149,8703,15,0
2017-07-10 16:00:00,1.10148,1.10189,1.10088,1.10111,10178,15,0
2017-07-10 18:00:00,1.10108,1.10112,1.10026,1.10086,6308,15,0
2017-07-10 20:00:00,1.10085,1.10119,1.10057,1.10074,3644,15,0
2017-07-10 22:00:00,1.10074,1.10084,1.10052,1.10065,2549,15,0
2017-07-11 00:00:00,1.09965,1.1009,1.09965,1.10075,3233,15,0
2017-07-11 02:00:00,1.10075,1.10114,1.10063,1.10094,2452,18,0
2017-07-11 04:00:00,1.10095,1.10117,1.10081,1.10112,3736,15,0
2017-07-11 06:00:00,1.10111,1.1015,1.10098,1.10132,2740,17,0
2017-07-11 08:00:00,1.10131,1.10176,1.10105,1.10123,4396,16,0
2017-07-11 10:00:00,1.10123,1.10395,1.10116,1.10377,10144,15,0
2017-07-11 12:00:00,1.10377,1.10465,1.10316,1.10395,6913,15,0
2017-07-11 14:00:00,1.10396,1.10481,1.10325,1.1044,9176,15,0
2017-07-11 16:00:00,1.10439,1.10599,1.10395,1.10578,11848,15,0
2017-07-11 18:00:00,1.10579,1.10582,1.10447,1.10471,12348,15,0
2017-07-11 20:00:00,1.10471,1.10523,1.10441,1.10493,9024,15,0
2017-07-11 22:00:00,1.10495,1.10516,1.10472,1.10507,4055,15,0
2017-07-12 00:00:00,1.10401,1.10553,1.10338,1.10516,4123,18,0
2017-07-12 02:00:00,1.10512,1.1056,1.10483,1.10529,3977,17,0
2017-07-12 04:00:00,1.10529,1.10547,1.10501,1.10528,4879,17,0
2017-07-12 06:00:00,1.10529,1.1054,1.10498,1.10523,4322,16,0
2017-07-12 08:00:00,1.10522,1.10554,1.10427,1.10434,7835,16,0
2017-07-12 10:00:00,1.10435,1.10449,1.10259,1.10366,10865,15,0
2017-07-12 12:00:00,1.10366,1.10384,1.10266,1.10267,9096,15,0
2017-07-12 14:00:00,1.10269,1.10302,1.10163,1.10169,15205,15,0
2017-07-12 16:00:00,1.10171,1.1018,1.09976,1.10086,22433,15,0
2017-07-12 18:00:00,1.10087,1.10141,1.10058,1.1012,11220,15,0
2017-07-12 20:00:00,1.1012,1.10213,1.10091,1.10164,6007,15,0
2017-07-12 22:00:00,1.10165,1.10201,1.10146,1.10146,3719,16,0
2017-07-13 00:00:00,1.10148,1.10188,1.10086,1.10166,2770,23,0
2017-07-13 02:00:00,1.10167,1.10222,1.10153,1.10169,3743,16,0
2017-07-13 04:00:00,1.1017,1.10229,1.1017,1.10193,4573,16,0
2017-07-13 06:00:00,1.10193,1.10218,1.10177,1.10179,3382,16,0
2017-07-13 08:00:00,1.10179,1.10226,1.10093,1.10109,7341,15,0
2017-07-13 10:00:00,1.1011,1.1016,1.09837,1.09946,13686,15,0
2017-07-13 12:00:00,1.09945,1.10052,1.09911,1.10002,12847,15,0
2017-07-13 14:00:00,1.10002,1.10238,1.09939,1.10213,17480,15,0
2017-07-13 16:00:00,1.10211,1.10382,1.10159,1.10342,13817,15,0
2017-07-13 18:00:00,1.10341,1.10347,1.10214,1.10285,9373,15,0
2017-07-13 20:00:00,1.10285,1.10288,1.10209,1.10264,6352,15,0
2017-07-13 22:00:00,1.10264,1.10268,1.10215,1.10221,3706,16,0
2017-07-14 00:00:00,1.09974,1.10258,1.09974,1.10219,3017,18,0
2017-07-14 02:00:00,1.10219,1.10264,1.10214,1.10255,3611,16,0
2017-07-14 04:00:00,1.10254,1.10295,1.10242,1.10289,4276,17,0
2017-07-14 06:00:00,1.1029,1.10302,1.10249,1.10249,2793,15,0
2017-07-14 08:00:00,1.10247,1.10392,1.10219,1.10387,5704,15,0
2017-07-14 10:00:00,1.10386,1.10677,1.10354,1.10554,11508,15,0
2017-07-14 12:00:00,1.10556,1.10726,1.10522,1.10639,8784,15,0
2017-07-14 14:00:00,1.10638,1.10654,1.10379,1.10457,16586,15,0
2017-07-14 16:00:00,1.10455,1.10549,1.10333,1.10457,20554,15,0
2017-07-14 18:00:00,1.10458,1.1057,1.10458,1.10533,9459,15,0
2017-07-14 20:00:00,1.10535,1.10556,1.10495,1.105,5060,15,0
2017-07-14 22:00:00,1.105,1.1052,1.10428,1.10438,3447,17,0
2017-07-17 00:00:00,1.10423,1.10544,1.10375,1.10503,7900,15,0
2017-07-17 02:00:00,1.10499,1.10545,1.10492,1.10505,4472,15,0
2017-07-17 04:00:00,1.10505,1.10535,1.10497,1.10521,3862,16,0
2017-07-17 06:00:00,1.10522,1.10543,1.10511,1.10516,3278,16,0
2017-07-17 08:00:00,1.10517,1.10545,1.10498,1.1052,6139,16,0
2017-07-17 10:00:00,1.10519,1.10536,1.10246,1.10322,11725,15,0
2017-07-17 12:00:00,1.10325,1.10388,1.10243,1.10249,9326,15,0
2017-07-17 14:00:00,1.10251,1.10307,1.10045,1.10194,10656,15,0
2017-07-17 16:00:00,1.10195,1.10469,1.10153,1.1046,15298,15,0
2017-07-17 18:00:00,1.1046,1.10477,1.1039,1.10429,7414,15,0
2017-07-17 20:00:00,1.1043,1.10471,1.10405,1.10428,4627,15,0
2017-07-17 22:00:00,1.10428,1.10479,1.10425,1.10457,3346,15,0
2017-07-18 00:00:00,1.10328,1.10494,1.10265,1.10481,7075,17,0
2017-07-18 02:00:00,1.10481,1.10536,1.10472,1.10509,4300,15,0
2017-07-18 04:00:00,1.10508,1.10699,1.10506,1.10646,12253,15,0
2017-07-18 06:00:00,1.10646,1.10665,1.10618,1.10632,5859,15,0
2017-07-18 08:00:00,1.10635,1.10656,1.10528,1.106,9064,15,0
2017-07-18 10:00:00,1.106,1.10609,1.1025,1.10342,16248,15,0
2017-07-18 12:00:00,1.10343,1.10357,1.10164,1.10272,15635,15,0
2017-07-18 14:00:00,1.10271,1.10308,1.10214,1.1026,14817,15,0
2017-07-18 16:00:00,1.1026,1.10379,1.1026,1.10354,16088,15,0
2017-07-18 18:00:00,1.10354,1.10387,1.10267,1.10281,10658,15,0
2017-07-18 20:00:00,1.10283,1.10384,1.10241,1.10342,7014,15,0
2017-07-18 22:00:00,1.10342,1.10362,1.10316,1.1034,4013,16,0
2017-07-19 00:00:00,1.1031,1.10348,1.10236,1.10299,2859,15,0
2017-07-19 02:00:00,1.10299,1.10326,1.10248,1.1026,4304,16,0
2017-07-19 04:00:00,1.10261,1.10288,1.10248,1.10253,3413,17,0
2017-07-19 06:00:00,1.10253,1.10257,1.10239,1.10249,2475,15,0
2017-07-19 08:00:00,1.1025,1.10315,1.10115,1.10128,6689,15,0
2017-07-19 10:00:00,1.10129,1.1013,1.09923,1.09932,11447,15,0
2017-07-19 12:00:00,1.09933,1.10029,1.09924,1.09995,8669,15,0
2017-07-19 14:00:00,1.09995,1.10027,1.09894,1.09906,9497,15,0
2017-07-19 16:00:00,1.09905,1.0997,1.09866,1.09902,12661,15,0
2017-07-19 18:00:00,1.09905,1.10001,1.09904,1.09975,7943,15,0
2017-07-19 20:00:00,1.09976,1.10042,1.09951,1.10018,4709,15,0
2017-07-19 22:00:00,1.10018,1.10061,1.10014,1.10031,3285,16,0
2017-07-20 00:00:00,1.09955,1.1007,1.09915,1.10069,3073,15,0
2017-07-20 02:00:00,1.10066,1.101,1.1004,1.10044,3414,15,0
2017-07-20 04:00:00,1.10044,1.10057,1.09991,1.1005,5256,17,0
2017-07-20 06:00:00,1.10052,1.10064,1.10001,1.10033,5761,15,0
2017-07-20 08:00:00,1.10034,1.10037,1.09962,1.10029,5707,15,0
2017-07-20 10:00:00,1.10029,1.10092,1.09996,1.10028,12902,15,0
2017-07-20 12:00:00,1.10031,1.10283,1.10014,1.10241,9004,15,0
2017-07-20 14:00:00,1.10241,1.10671,1.10217,1.10629,20121,15,0
2017-07-20 16:00:00,1.10628,1.10754,1.10492,1.10684,24899,15,0
2017-07-20 18:00:00,1.10684,1.10689,1.1056,1.10622,12542,15,0
2017-07-20 20:00:00,1.10624,1.10644,1.10568,1.10601,8122,15,0
2017-07-20 22:00:00,1.10602,1.10655,1.106,1.10646,4561,15,0
2017-07-21 00:00:00,1.10627,1.10659,1.10605,1.10626,2551,18,0
2017-07-21 02:00:00,1.10627,1.10654,1.1061,1.10619,3361,16,0
2017-07-21 04:00:00,1.10617,1.1065,1.10599,1.10603,5825,17,0
2017-07-21 06:00:00,1.10603,1.10639,1.10602,1.10615,3098,19,0
2017-07-21 08:00:00,1.10614,1.10876,1.10607,1.10766,7877,15,0
2017-07-21 10:00:00,1.10765,1.10837,1.10648,1.1076,11561,15,0
2017-07-21 12:00:00,1.10761,1.10767,1.10562,1.10613,9583,15,0
2017-07-21 14:00:00,1.10612,1.10641,1.10408,1.10415,9493,15,0
2017-07-21 16:00:00,1.10417,1.10485,1.10272,1.10422,12555,15,0
2017-07-21 18:00:00,1.10423,1.10463,1.10309,1.10351,8314,15,0
2017-07-21 20:00:00,1.10351,1.10425,1.10222,1.10237,7818,15,0
2017-07-21 22:00:00,1.10237,1.10338,1.10228,1.10241,5621,15,0
2017-07-24 00:00:00,1.10205,1.10348,1.10169,1.10322,5282,16,0
2017-07-24 02:00:00,1.10323,1.10421,1.10318,1.10365,4874,15,0
2017-07-24 04:00:00,1.10365,1.10425,1.10356,1.10411,3374,17,0
2017-07-24 06:00:00,1.1041,1.10417,1.10388,1.10411,2966,16,0
2017-07-24 08:00:00,1.10412,1.10479,1.10223,1.10294,7740,15,0
2017-07-24 10:00:00,1.10289,1.10348,1.1014,1.10188,14657,15,0
2017-07-24 12:00:00,1.10187,1.1023,1.10098,1.10199,11796,15,0
2017-07-24 14:00:00,1.10199,1.10232,1.10141,1.10186,10303,15,0
2017-07-24 16:00:00,1.10185,1.10195,1.1009,1.10125,11368,15,0
2017-07-24 18:00:00,1.10125,1.10152,1.10066,1.10127,9467,15,0
2017-07-24 20:00:00,1.10131,1.10156,1.10081,1.1015,5997,15,0
2017-07-24 22:00:00,1.1015,1.10197,1.1014,1.10169,3003,16,0
2017-07-25 00:00:00,1.10097,1.10258,1.1008,1.10239,4365,20,0
2017-07-25 02:00:00,1.10239,1.10278,1.10234,1.10273,4308,16,0
2017-07-25 04:00:00,1.10273,1.10342,1.10256,1.103,3878,17,0
2017-07-25 06:00:00,1.103,1.10377,1.10298,1.10369,3799,16,0
2017-07-25 08:00:00,1.10368,1.10379,1.10294,1.10338,6219,15,0
2017-07-25 10:00:00,1.10338,1.1043,1.1029,1.1041,14925,15,0
2017-07-25 12:00:00,1.10408,1.10493,1.10389,1.10463,10143,15,0
2017-07-25 14:00:00,1.10463,1.10691,1.10424,1.10687,13168,15,0
2017-07-25 16:00:00,1.10686,1.10776,1.106,1.1064,18927,15,0
2017-07-25 18:00:00,1.1064,1.10766,1.10618,1.10663,10839,15,0
2017-07-25 20:00:00,1.10665,1.10836,1.10656,1.10822,7061,15,0
2017-07-25 22:00:00,1.10822,1.10922,1.10807,1.10918,5145,15,0
2017-07-26 00:00:00,1.10861,1.10934,1.1084,1.1092,2697,15,0
2017-07-26 02:00:00,1.10921,1.10955,1.10889,1.10904,5534,16,0
2017-07-26 04:00:00,1.10905,1.10964,1.1089,1.10936,6940,16,0
2017-07-26 06:00:00,1.10936,1.10942,1.10901,1.10907,4345,18,0
2017-07-26 08:00:00,1.10909,1.10931,1.10786,1.10904,7239,15,0
2017-07-26 10:00:00,1.10904,1.11062,1.10831,1.10947,14143,15,0
2017-07-26 12:00:00,1.10947,1.11643,1.10936,1.11603,13061,15,0
2017-07-26 14:00:00,1.11602,1.11743,1.11492,1.11562,12751,15,0
2017-07-26 16:00:00,1.11562,1.11653,1.11395,1.11506,15631,15,0
2017-07-26 18:00:00,1.11507,1.11574,1.11399,1.11423,9942,15,0
2017-07-26 20:00:00,1.11423,1.11599,1.114,1.11533,18697,15,0
2017-07-26 22:00:00,1.11535,1.11608,1.11475,1.11538,12946,15,0
2017-07-27 00:00:00,1.11506,1.11636,1.11481,1.11607,3872,19,0
2017-07-27 02:00:00,1.11607,1.11622,1.11561,1.11598,5630,15,0
2017-07-27 04:00:00,1.11597,1.11669,1.11593,1.1163,6692,16,0
2017-07-27 06:00:00,1.11629,1.11766,1.11616,1.11638,8492,15,0
2017-07-27 08:00:00,1.11638,1.11663,1.11549,1.11555,9311,15,0
2017-07-27 10:00:00,1.11555,1.11971,1.11531,1.11879,16174,15,0
2017-07-27 12:00:00,1.11879,1.12459,1.11835,1.12288,14148,15,0
2017-07-27 14:00:00,1.12289,1.1248,1.12271,1.12402,13837,15,0
2017-07-27 16:00:00,1.12402,1.12493,1.12303,1.12342,17482,15,0
2017-07-27 18:00:00,1.12345,1.12663,1.12339,1.1254,14304,15,0
2017-07-27 20:00:00,1.12541,1.12672,1.12405,1.1265,14569,15,0
2017-07-27 22:00:00,1.12648,1.12749,1.12553,1.1272,7195,15,0
2017-07-28 00:00:00,1.12622,1.1272,1.12622,1.12671,7860,15,0
2017-07-28 02:00:00,1.12673,1.13438,1.12613,1.13433,7561,15,0
2017-07-28 04:00:00,1.13434,1.13625,1.13034,1.13425,10348,15,0
2017-07-28 06:00:00,1.13428,1.13443,1.13238,1.13376,6941,15,0
2017-07-28 08:00:00,1.13375,1.13464,1.13045,1.13316,11019,15,0
2017-07-28 10:00:00,1.13327,1.1369,1.13121,1.13664,16909,15,0
2017-07-28 12:00:00,1.13664,1.13792,1.13487,1.1352,13663,15,0
2017-07-28 14:00:00,1.13519,1.13929,1.13312,1.13412,17507,15,0
2017-07-28 16:00:00,1.13413,1.13958,1.13402,1.1378,19244,15,0
2017-07-28 18:00:00,1.13779,1.13922,1.13715,1.13735,14092,15,0
2017-07-28 20:00:00,1.13735,1.14057,1.1372,1.13846,8319,15,0
2017-07-28 22:00:00,1.13846,1.13932,1.13764,1.13764,6061,15,0
2017-07-31 00:00:00,1.13738,1.13935,1.1366,1.13886,9400,17,0
2017-07-31 02:00:00,1.13887,1.13919,1.13543,1.13557,8585,15,0
2017-07-31 04:00:00,1.13558,1.13736,1.13479,1.13606,5864,15,0
2017-07-31 06:00:00,1.13607,1.13678,1.13606,1.13644,4106,15,0
2017-07-31 08:00:00,1.13645,1.13723,1.13484,1.13491,8942,15,0
2017-07-31 10:00:00,1.13491,1.13813,1.13346,1.13797,12128,15,0
2017-07-31 12:00:00,1.13797,1.1397,1.13709,1.13873,11600,15,0
2017-07-31 14:00:00,1.13875,1.13896,1.13578,1.13765,10703,15,0
2017-07-31 16:00:00,1.13762,1.13936,1.13718,1.13726,15471,15,0
2017-07-31 18:00:00,1.1373,1.14186,1.13656,1.1416,14904,15,0
2017-07-31 20:00:00,1.1416,1.1438,1.1415,1.14369,10308,15,0
2017-07-31 22:00:00,1.14368,1.14543,1.14328,1.14483,7588,15,0
2017-08-01 00:00:00,1.14408,1.14492,1.14348,1.14421,3231,19,0
2017-08-01 02:00:00,1.14423,1.14424,1.14251,1.14273,6173,15,0
2017-08-01 04:00:00,1.14273,1.14415,1.14268,1.14317,6958,16,0
2017-08-01 06:00:00,1.14316,1.14373,1.14298,1.14345,5252,15,0
2017-08-01 08:00:00,1.14344,1.14464,1.14299,1.14427,6572,15,0
2017-08-01 10:00:00,1.14427,1.14434,1.14086,1.14091,12012,15,0
2017-08-01 12:00:00,1.14092,1.14135,1.13865,1.14061,10631,15,0
2017-08-01 14:00:00,1.14062,1.14238,1.1399,1.14091,11783,15,0
2017-08-01 16:00:00,1.14092,1.14097,1.13862,1.14,18852,15,0
2017-08-01 18:00:00,1.14002,1.14067,1.1386,1.13916,10584,15,0
2017-08-01 20:00:00,1.13918,1.14108,1.13915,1.1401,9030,15,0
2017-08-01 22:00:00,1.1401,1.1405,1.13936,1.13962,4614,16,0
2017-08-02 00:00:00,1.13864,1.14013,1.13864,1.13996,2938,15,0
2017-08-02 02:00:00,1.13989,1.1415,1.13989,1.14128,5056,15,0
2017-08-02 04:00:00,1.14128,1.14149,1.14059,1.1411,5462,15,0
2017-08-02 06:00:00,1.1411,1.14341,1.1408,1.14239,6361,15,0
2017-08-02 08:00:00,1.14239,1.14381,1.14121,1.14294,5756,15,0
2017-08-02 10:00:00,1.14296,1.14666,1.14188,1.14612,12817,15,0
2017-08-02 12:00:00,1.14612,1.1494,1.14541,1.14649,10941,15,0
2017-08-02 14:00:00,1.1465,1.14817,1.14547,1.14687,10889,15,0
2017-08-02 16:00:00,1.14684,1.14783,1.14627,1.14643,15323,15,0
2017-08-02 18:00:00,1.14644,1.15094,1.14599,1.14998,11997,15,0
2017-08-02 20:00:00,1.15,1.15232,1.14964,1.15051,11274,15,0
2017-08-02 22:00:00,1.15052,1.15152,1.15022,1.15128,5103,15,0
2017-08-03 00:00:00,1.15068,1.15128,1.14929,1.14984,4001,18,0
2017-08-03 02:00:00,1.14996,1.15054,1.14908,1.14909,4937,15,0
2017-08-03 04:00:00,1.14908,1.14959,1.14832,1.1495,5836,15,0
2017-08-03 06:00:00,1.14949,1.15024,1.14947,1.14991,3933,15,0
2017-08-03 08:00:00,1.14991,1.15009,1.14722,1.14742,6036,15,0
2017-08-03 10:00:00,1.14744,1.14895,1.14591,1.14736,10856,15,0
2017-08-03 12:00:00,1.14736,1.14919,1.14736,1.14814,8682,15,0
2017-08-03 14:00:00,1.14815,1.15028,1.14734,1.14942,15082,15,0
2017-08-03 16:00:00,1.14941,1.15128,1.14795,1.14982,16170,15,0
2017-08-03 18:00:00,1.14981,1.15159,1.14961,1.15138,10880,15,0
2017-08-03 20:00:00,1.15138,1.15178,1.1502,1.15029,5810,15,0
2017-08-03 22:00:00,1.15029,1.15065,1.14916,1.14945,5332,16,0
2017-08-04 00:00:00,1.1491,1.1497,1.14888,1.14954,2193,20,0
2017-08-04 02:00:00,1.14954,1.15021,1.14917,1.14946,4313,15,0
2017-08-04 04:00:00,1.14947,1.1499,1.1493,1.14948,4993,18,0
2017-08-04 06:00:00,1.14948,1.15039,1.14941,1.15032,4109,15,0
2017-08-04 08:00:00,1.15031,1.15077,1.14951,1.1506,4655,15,0
2017-08-04 10:00:00,1.1506,1.15107,1.14932,1.14968,7890,15,0
2017-08-04 12:00:00,1.14969,1.15001,1.14917,1.14971,6610,15,0
2017-08-04 14:00:00,1.14972,1.1526,1.14832,1.15193,14684,15,0
2017-08-04 16:00:00,1.15193,1.1537,1.14309,1.14312,21112,15,0
2017-08-04 18:00:00,1.14314,1.1437,1.14116,1.14281,11870,15,0
2017-08-04 20:00:00,1.14282,1.14535,1.14248,1.14467,7084,15,0
2017-08-04 22:00:00,1.14466,1.14603,1.14465,1.145,5444,15,0
2017-08-07 00:00:00,1.14484,1.14662,1.14366,1.14591,9788,20,0
2017-08-07 02:00:00,1.14593,1.147,1.1453,1.14628,7965,15,0
2017-08-07 04:00:00,1.14628,1.14654,1.14558,1.14601,4547,15,0
2017-08-07 06:00:00,1.14601,1.14676,1.14579,1.14638,3307,17,0
2017-08-07 08:00:00,1.14639,1.14668,1.14556,1.14624,4441,15,0
2017-08-07 10:00:00,1.14628,1.15016,1.14582,1.14705,11619,15,0
2017-08-07 12:00:00,1.14707,1.1487,1.14671,1.14694,7820,15,0
2017-08-07 14:00:00,1.14694,1.14821,1.14644,1.14646,8478,15,0
2017-08-07 16:00:00,1.14646,1.14723,1.14593,1.1472,10318,15,0
2017-08-07 18:00:00,1.14719,1.14739,1.14606,1.14738,5222,15,0
2017-08-07 20:00:00,1.14737,1.14819,1.14737,1.14773,4228,15,0
2017-08-07 22:00:00,1.14774,1.14813,1.14765,1.148,2569,15,0
2017-08-08 00:00:00,1.14516,1.14809,1.14516,1.14772,3968,18,0
2017-08-08 02:00:00,1.14779,1.14904,1.14773,1.14866,2785,17,0
2017-08-08 04:00:00,1.14868,1.14974,1.14865,1.1493,5327,15,0
2017-08-08 06:00:00,1.14929,1.14939,1.14888,1.14908,3168,16,0
2017-08-08 08:00:00,1.14908,1.14932,1.14813,1.14863,4482,15,0
2017-08-08 10:00:00,1.14865,1.14943,1.14829,1.14867,7741,15,0
2017-08-08 12:00:00,1.14867,1.14954,1.14844,1.14858,7885,15,0
2017-08-08 14:00:00,1.14859,1.1486,1.1472,1.14839,7834,15,0
2017-08-08 16:00:00,1.14841,1.15005,1.14517,1.14572,16369,15,0
2017-08-08 18:00:00,1.14574,1.14633,1.14384,1.14567,12698,15,0
2017-08-08 20:00:00,1.14567,1.14726,1.1454,1.14586,7815,15,0
2017-08-08 22:00:00,1.14586,1.14616,1.14425,1.14477,6717,15,0
2017-08-09 00:00:00,1.14444,1.14517,1.14334,1.14383,4015,15,0
2017-08-09 02:00:00,1.14383,1.14448,1.14131,1.14193,6126,15,0
2017-08-09 04:00:00,1.14194,1.14211,1.13808,1.13817,8237,15,0
2017-08-09 06:00:00,1.13819,1.13831,1.133,1.13515,6130,15,0
2017-08-09 08:00:00,1.13515,1.13836,1.13507,1.13822,8222,15,0
2017-08-09 10:00:00,1.13822,1.13946,1.12718,1.13105,17768,15,0
2017-08-09 12:00:00,1.13106,1.13286,1.13057,1.13199,12321,15,0
2017-08-09 14:00:00,1.13196,1.1323,1.12811,1.12992,13564,15,0
2017-08-09 16:00:00,1.12993,1.13542,1.12597,1.13412,20800,15,0
2017-08-09 18:00:00,1.13414,1.13442,1.13253,1.13342,9870,15,0
2017-08-09 20:00:00,1.13345,1.13378,1.13198,1.13246,7161,15,0
2017-08-09 22:00:00,1.13245,1.13317,1.13176,1.13277,4493,15,0
2017-08-10 00:00:00,1.13248,1.13374,1.13218,1.13332,4108,16,0
2017-08-10 02:00:00,1.13336,1.13357,1.13283,1.1333,4568,15,0
2017-08-10 04:00:00,1.1333,1.13416,1.13313,1.13407,6496,15,0
2017-08-10 06:00:00,1.13409,1.13412,1.13161,1.13296,4660,15,0
2017-08-10 08:00:00,1.13295,1.13416,1.1325,1.1334,5902,15,0
2017-08-10 10:00:00,1.13339,1.1338,1.13199,1.13217,10868,15,0
2017-08-10 12:00:00,1.13219,1.13243,1.12997,1.13226,11151,15,0
2017-08-10 14:00:00,1.13225,1.13455,1.13189,1.1336,12552,15,0
2017-08-10 16:00:00,1.1336,1.1336,1.13044,1.13242,19525,15,0
2017-08-10 18:00:00,1.13244,1.13372,1.13203,1.13307,12010,15,0
2017-08-10 20:00:00,1.13308,1.13408,1.13165,1.13406,7437,15,0
2017-08-10 22:00:00,1.13406,1.1347,1.13266,1.13313,6619,15,0
2017-08-11 00:00:00,1.13296,1.13313,1.13178,1.13233,4158,20,0
2017-08-11 02:00:00,1.13233,1.13242,1.13174,1.13188,2743,15,0
2017-08-11 04:00:00,1.13188,1.1322,1.13099,1.13145,4834,15,0
2017-08-11 06:00:00,1.13145,1.13147,1.12996,1.13058,5567,15,0
2017-08-11 08:00:00,1.13059,1.1323,1.1299,1.13204,6670,15,0
2017-08-11 10:00:00,1.13203,1.13223,1.12819,1.12832,8847,15,0
2017-08-11 12:00:00,1.12833,1.13171,1.12722,1.13142,8755,15,0
2017-08-11 14:00:00,1.13143,1.1353,1.13055,1.13518,13999,15,0
2017-08-11 16:00:00,1.13518,1.13851,1.13403,1.13523,20341,15,0
2017-08-11 18:00:00,1.13525,1.13699,1.13484,1.13689,11336,15,0
2017-08-11 20:00:00,1.13691,1.13819,1.13635,1.13635,9057,15,0
2017-08-11 22:00:00,1.13636,1.13737,1.13532,1.13532,4727,15,0
2017-08-14 00:00:00,1.13728,1.13802,1.13599,1.13746,2927,21,0
2017-08-14 02:00:00,1.13747,1.13889,1.13745,1.13853,5572,15,0
2017-08-14 04:00:00,1.13853,1.13996,1.13851,1.1398,4522,15,0
2017-08-14 06:00:00,1.1398,1.14135,1.13935,1.14066,3246,15,0
2017-08-14 08:00:00,1.14065,1.14131,1.13991,1.1407,6289,15,0
2017-08-14 10:00:00,1.14069,1.14077,1.13877,1.14003,10183,15,0
2017-08-14 12:00:00,1.14003,1.14333,1.14002,1.14292,8392,15,0
2017-08-14 14:00:00,1.14292,1.14341,1.14146,1.1433,9426,15,0
2017-08-14 16:00:00,1.14329,1.14499,1.1423,1.14318,12123,15,0
2017-08-14 18:00:00,1.14319,1.14532,1.14263,1.14421,8879,15,0
2017-08-14 20:00:00,1.14422,1.14587,1.14404,1.14531,7539,15,0
2017-08-14 22:00:00,1.14533,1.146,1.14504,1.14536,3831,15,0
2017-08-15 00:00:00,1.14261,1.14536,1.14223,1.14484,5569,18,0
2017-08-15 02:00:00,1.14487,1.14683,1.14452,1.14652,4985,15,0
2017-08-15 04:00:00,1.14651,1.14771,1.1465,1.1468,5216,15,0
2017-08-15 06:00:00,1.14678,1.14701,1.14639,1.14663,3546,16,0
2017-08-15 08:00:00,1.14662,1.14754,1.14338,1.14354,8987,15,0
2017-08-15 10:00:00,1.14357,1.14429,1.14137,1.14198,12765,15,0
2017-08-15 12:00:00,1.14196,1.14271,1.14043,1.14162,9314,15,0
2017-08-15 14:00:00,1.14162,1.14297,1.13945,1.13957,13796,15,0
2017-08-15 16:00:00,1.13958,1.14107,1.13915,1.14001,13428,15,0
2017-08-15 18:00:00,1.14001,1.14188,1.13982,1.14126,8908,15,0
2017-08-15 20:00:00,1.14126,1.14185,1.14096,1.1417,5175,15,0
2017-08-15 22:00:00,1.14169,1.1419,1.1411,1.14117,3480,16,0
2017-08-16 00:00:00,1.1409,1.14159,1.14044,1.14146,3235,19,0
2017-08-16 02:00:00,1.14142,1.1425,1.14128,1.14178,4340,16,0
2017-08-16 04:00:00,1.14178,1.14248,1.14133,1.14151,5010,16,0
2017-08-16 06:00:00,1.14152,1.1423,1.14145,1.14223,2933,19,0
2017-08-16 08:00:00,1.14224,1.1425,1.1401,1.14087,6404,15,0
2017-08-16 10:00:00,1.14087,1.14423,1.1405,1.14198,15725,15,0
2017-08-16 12:00:00,1.14198,1.14244,1.13808,1.13998,10959,15,0
2017-08-16 14:00:00,1.13998,1.14194,1.1395,1.14169,10584,15,0
2017-08-16 16:00:00,1.14168,1.14178,1.13967,1.14127,13539,15,0
2017-08-16 18:00:00,1.14129,1.14175,1.1387,1.13897,9225,15,0
2017-08-16 20:00:00,1.13896,1.14024,1.13598,1.13737,16204,15,0
2017-08-16 22:00:00,1.13739,1.13739,1.13568,1.13631,6266,15,0
2017-08-17 00:00:00,1.13627,1.13694,1.13564,1.13655,3735,15,0
2017-08-17 02:00:00,1.13657,1.1368,1.1357,1.1357,5285,17,0
2017-08-17 04:00:00,1.13572,1.137,1.13545,1.13644,9970,15,0
2017-08-17 06:00:00,1.13645,1.13657,1.13571,1.13615,4284,16,0
2017-08-17 08:00:00,1.13615,1.13746,1.13587,1.13726,7431,15,0
2017-08-17 10:00:00,1.13726,1.13743,1.1307,1.13234,13492,15,0
2017-08-17 12:00:00,1.13229,1.13364,1.13042,1.13083,13806,15,0
2017-08-17 14:00:00,1.13081,1.13359,1.13037,1.13244,19260,15,0
2017-08-17 16:00:00,1.13246,1.13283,1.13004,1.13174,17185,15,0
2017-08-17 18:00:00,1.13176,1.13249,1.12931,1.12933,11077,15,0
2017-08-17 20:00:00,1.12933,1.13015,1.12811,1.12927,8025,15,0
2017-08-17 22:00:00,1.12926,1.12977,1.12822,1.12876,5762,15,0
2017-08-18 00:00:00,1.12847,1.12904,1.1282,1.12896,3531,24,0
2017-08-18 02:00:00,1.12896,1.12906,1.12684,1.12809,7123,15,0
2017-08-18 04:00:00,1.12811,1.12931,1.12805,1.12848,7017,15,0
2017-08-18 06:00:00,1.12848,1.12948,1.12807,1.12853,4286,17,0
2017-08-18 08:00:00,1.12853,1.12974,1.12831,1.12941,6749,15,0
2017-08-18 10:00:00,1.1294,1.13128,1.12727,1.12908,13242,15,0
2017-08-18 12:00:00,1.12908,1.13193,1.12843,1.12941,11248,15,0
2017-08-18 14:00:00,1.1294,1.1295,1.12818,1.12868,8928,15,0
2017-08-18 16:00:00,1.12868,1.13039,1.12583,1.12984,17161,15,0
2017-08-18 18:00:00,1.12985,1.13597,1.12942,1.13457,18648,15,0
2017-08-18 20:00:00,1.13455,1.13597,1.13372,1.13417,9695,15,0
2017-08-18 22:00:00,1.13417,1.13592,1.13412,1.13453,4525,15,0
2017-08-21 00:00:00,1.13363,1.13504,1.13321,1.13444,2165,22,0
2017-08-21 02:00:00,1.13444,1.13555,1.13372,1.13438,7161,15,0
2017-08-21 04:00:00,1.13439,1.13532,1.13427,1.13519,6514,18,0
2017-08-21 06:00:00,1.13518,1.1352,1.1343,1.13505,4016,19,0
2017-08-21 08:00:00,1.13506,1.13515,1.13377,1.13384,5419,15,0
2017-08-21 10:00:00,1.13384,1.13596,1.13203,1.13552,8300,15,0
2017-08-21 12:00:00,1.13551,1.13743,1.13478,1.13718,6437,15,0
2017-08-21 14:00:00,1.13716,1.13767,1.13562,1.13656,8839,15,0
2017-08-21 16:00:00,1.13657,1.13676,1.13405,1.13523,14622,15,0
2017-08-21 18:00:00,1.13526,1.13782,1.13514,1.1374,10162,15,0
2017-08-21 20:00:00,1.13742,1.13749,1.13582,1.13595,6832,15,0
2017-08-21 22:00:00,1.13596,1.13641,1.13518,1.1363,4251,15,0
2017-08-22 00:00:00,1.13535,1.13693,1.13493,1.13669,2902,20,0
2017-08-22 02:00:00,1.13668,1.13715,1.13622,1.13656,4998,15,0
2017-08-22 04:00:00,1.13656,1.13768,1.13656,1.13721,5363,16,0
2017-08-22 06:00:00,1.13721,1.13767,1.13685,1.13762,3989,15,0
2017-08-22 08:00:00,1.13762,1.13838,1.13696,1.1382,6113,15,0
2017-08-22 10:00:00,1.13824,1.13836,1.13636,1.13678,10826,15,0
2017-08-22 12:00:00,1.1368,1.13706,1.13423,1.13517,9355,15,0
2017-08-22 14:00:00,1.13515,1.13699,1.13501,1.1364,10388,15,0
2017-08-22 16:00:00,1.13639,1.13888,1.1359,1.13858,13409,15,0
2017-08-22 18:00:00,1.1386,1.13879,1.13628,1.13745,8768,15,0
2017-08-22 20:00:00,1.13742,1.13799,1.13713,1.13796,5259,15,0
2017-08-22 22:00:00,1.13794,1.13887,1.13776,1.13869,4902,15,0
2017-08-23 00:00:00,1.13801,1.13905,1.13791,1.13873,2663,18,0
2017-08-23 02:00:00,1.13876,1.13931,1.13866,1.1389,3266,17,0
2017-08-23 04:00:00,1.13889,1.13963,1.13862,1.13865,4923,15,0
2017-08-23 06:00:00,1.13865,1.1392,1.13831,1.13871,5944,18,0
2017-08-23 08:00:00,1.13873,1.13878,1.1376,1.13812,4882,15,0
2017-08-23 10:00:00,1.13813,1.14172,1.13753,1.14166,13104,15,0
2017-08-23 12:00:00,1.14167,1.14194,1.13999,1.14177,6659,15,0
2017-08-23 14:00:00,1.14178,1.14228,1.13795,1.13861,10693,15,0
2017-08-23 16:00:00,1.13859,1.14096,1.13787,1.13993,16462,15,0
2017-08-23 18:00:00,1.13994,1.14133,1.13961,1.14005,9642,15,0
2017-08-23 20:00:00,1.14004,1.14129,1.13905,1.14067,9696,15,0
2017-08-23 22:00:00,1.14068,1.14121,1.13976,1.14013,7554,15,0
2017-08-24 00:00:00,1.13909,1.14023,1.13893,1.13976,4036,15,0
2017-08-24 02:00:00,1.13976,1.14084,1.13974,1.1408,6211,17,0
2017-08-24 04:00:00,1.14081,1.14093,1.14006,1.14032,6887,18,0
2017-08-24 06:00:00,1.14032,1.14035,1.13947,1.13992,5402,18,0
2017-08-24 08:00:00,1.13991,1.14013,1.13876,1.13947,8284,15,0
2017-08-24 10:00:00,1.13946,1.13996,1.13747,1.13775,11432,15,0
2017-08-24 12:00:00,1.13776,1.13848,1.13657,1.13737,9320,15,0
2017-08-24 14:00:00,1.13737,1.13859,1.13659,1.13714,12373,15,0
2017-08-24 16:00:00,1.13714,1.13874,1.13548,1.13835,15660,15,0
2017-08-24 18:00:00,1.13836,1.13931,1.13776,1.13836,11945,15,0
2017-08-24 20:00:00,1.13836,1.14008,1.13818,1.14,6756,15,0
2017-08-24 22:00:00,1.14001,1.14008,1.13889,1.13933,6036,15,0
2017-08-25 00:00:00,1.13896,1.13933,1.13852,1.13897,5304,20,0
2017-08-25 02:00:00,1.13897,1.13956,1.13857,1.13896,7078,18,0
2017-08-25 04:00:00,1.13895,1.13905,1.13755,1.13803,5561,15,0
2017-08-25 06:00:00,1.13802,1.13844,1.13795,1.13813,3949,18,0
2017-08-25 08:00:00,1.13814,1.13866,1.13793,1.13812,4780,15,0
2017-08-25 10:00:00,1.13811,1.13821,1.13633,1.13669,11848,15,0
2017-08-25 12:00:00,1.13668,1.13886,1.13612,1.13837,10261,15,0
2017-08-25 14:00:00,1.13837,1.13963,1.13823,1.13894,11088,15,0
2017-08-25 16:00:00,1.13894,1.14042,1.13669,1.13787,24662,15,0
2017-08-25 18:00:00,1.13785,1.138,1.13569,1.13712,14700,15,0
2017-08-25 20:00:00,1.13713,1.13751,1.13658,1.13709,8437,15,0
2017-08-25 22:00:00,1.13709,1.14086,1.13587,1.13732,16187,15,0
2017-08-28 00:00:00,1.14004,1.14203,1.1394,1.1414,5250,19,0
2017-08-28 02:00:00,1.14139,1.14221,1.1392,1.13965,8785,15,0
2017-08-28 04:00:00,1.13965,1.14012,1.13917,1.14003,5351,18,0
2017-08-28 06:00:00,1.14003,1.14173,1.13967,1.13988,4955,15,0
2017-08-28 08:00:00,1.13988,1.141,1.13972,1.13997,7800,17,0
2017-08-28 10:00:00,1.13993,1.14034,1.13682,1.13697,10339,15,0
2017-08-28 12:00:00,1.13697,1.13859,1.1366,1.13844,7474,15,0
2017-08-28 14:00:00,1.13845,1.13908,1.13755,1.13856,10748,15,0
2017-08-28 16:00:00,1.13857,1.14232,1.13826,1.14177,14280,15,0
2017-08-28 18:00:00,1.14178,1.14445,1.14148,1.14366,11974,15,0
2017-08-28 20:00:00,1.14369,1.14405,1.14304,1.14386,7356,15,0
2017-08-28 22:00:00,1.14385,1.14408,1.14361,1.14396,4642,15,0
2017-08-29 00:00:00,1.14399,1.1441,1.13714,1.13888,10499,15,0
2017-08-29 02:00:00,1.13885,1.14067,1.1388,1.14064,9506,15,0
2017-08-29 04:00:00,1.14063,1.14068,1.13904,1.13963,6927,16,0
2017-08-29 06:00:00,1.13964,1.14063,1.13931,1.1404,5497,17,0
2017-08-29 08:00:00,1.14039,1.14298,1.14035,1.14176,10832,15,0
2017-08-29 10:00:00,1.14178,1.14282,1.13949,1.14025,25151,15,0
2017-08-29 12:00:00,1.14024,1.14034,1.13595,1.13647,16203,15,0
2017-08-29 14:00:00,1.13646,1.13888,1.13612,1.13732,17122,15,0
2017-08-29 16:00:00,1.13733,1.13903,1.13689,1.13885,21192,15,0
2017-08-29 18:00:00,1.13885,1.14261,1.13881,1.14203,14619,15,0
2017-08-29 20:00:00,1.1421,1.14408,1.14157,1.14364,12499,15,0
2017-08-29 22:00:00,1.14365,1.14511,1.14197,1.14414,10764,15,0
2017-08-30 00:00:00,1.14414,1.14414,1.14275,1.14302,4253,19,0
2017-08-30 02:00:00,1.14297,1.14523,1.14293,1.14408,7696,15,0
2017-08-30 04:00:00,1.14408,1.14439,1.1434,1.1441,7898,16,0
2017-08-30 06:00:00,1.14406,1.14482,1.14378,1.1443,5586,16,0
2017-08-30 08:00:00,1.1443,1.14481,1.14231,1.14276,12530,15,0
2017-08-30 10:00:00,1.14276,1.14338,1.14003,1.14146,16902,15,0
2017-08-30 12:00:00,1.14146,1.14282,1.14111,1.14252,9587,15,0
2017-08-30 14:00:00,1.14253,1.14356,1.14147,1.14331,18285,15,0
2017-08-30 16:00:00,1.14331,1.14437,1.14228,1.14309,18840,15,0
2017-08-30 18:00:00,1.14308,1.14397,1.14166,1.14373,14299,15,0
2017-08-30 20:00:00,1.14371,1.14543,1.14349,1.14537,9567,15,0
2017-08-30 22:00:00,1.14539,1.14686,1.14522,1.14532,6266,15,0
2017-08-31 00:00:00,1.14479,1.14555,1.14392,1.1455,4448,15,0
2017-08-31 02:00:00,1.1455,1.14589,1.1453,1.1453,4810,16,0
2017-08-31 04:00:00,1.1453,1.14567,1.14454,1.14495,8250,15,0
2017-08-31 06:00:00,1.14495,1.14513,1.14378,1.14457,4937,16,0
2017-08-31 08:00:00,1.14457,1.14551,1.14345,1.14547,9530,15,0
2017-08-31 10:00:00,1.14548,1.147,1.14496,1.14606,13402,15,0
2017-08-31 12:00:00,1.14603,1.14714,1.14382,1.14413,17143,15,0
2017-08-31 14:00:00,1.14414,1.14585,1.14342,1.14439,16590,15,0
2017-08-31 16:00:00,1.14435,1.1453,1.142,1.14269,20274,15,0
2017-08-31 18:00:00,1.1427,1.14361,1.1419,1.14253,17284,15,0
2017-08-31 20:00:00,1.14254,1.14305,1.14192,1.14248,10264,16,0
2017-08-31 22:00:00,1.14249,1.1425,1.1409,1.14117,7866,15,0
2017-09-01 00:00:00,1.14048,1.14331,1.14048,1.14299,6059,18,0
2017-09-01 02:00:00,1.14299,1.1432,1.1424,1.14259,4265,18,0
2017-09-01 04:00:00,1.14258,1.1433,1.14247,1.14253,3822,16,0
2017-09-01 06:00:00,1.14251,1.14262,1.14178,1.14214,3339,15,0
2017-09-01 08:00:00,1.14213,1.14308,1.14172,1.14184,5677,15,0
2017-09-01 10:00:00,1.14183,1.14339,1.14145,1.14331,9537,15,0
2017-09-01 12:00:00,1.14333,1.14416,1.142,1.14336,11335,15,0
2017-09-01 14:00:00,1.14335,1.14434,1.14109,1.14168,21252,15,0
2017-09-01 16:00:00,1.14168,1.14359,1.13949,1.14352,27649,15,0
2017-09-01 18:00:00,1.14353,1.1447,1.14241,1.14402,15629,15,0
2017-09-01 20:00:00,1.14403,1.14571,1.14377,1.14485,9267,15,0
2017-09-01 22:00:00,1.14485,1.14508,1.14373,1.14427,5263,15,0
2017-09-04 00:00:00,1.13914,1.14182,1.13896,1.14138,5256,15,0
2017-09-04 02:00:00,1.1414,1.14256,1.14139,1.14216,6103,15,0
2017-09-04 04:00:00,1.14216,1.1423,1.14155,1.14181,5712,16,0
2017-09-04 06:00:00,1.1418,1.14207,1.14157,1.14183,5181,15,0
2017-09-04 08:00:00,1.14184,1.14197,1.13929,1.14129,10060,15,0
2017-09-04 10:00:00,1.14128,1.14274,1.13837,1.13951,11350,15,0
2017-09-04 12:00:00,1.13955,1.14089,1.13939,1.14034,9632,15,0
2017-09-04 14:00:00,1.14034,1.14071,1.13892,1.13911,8753,15,0
2017-09-04 16:00:00,1.13909,1.14017,1.13722,1.13896,10516,15,0
2017-09-04 18:00:00,1.13896,1.14128,1.13869,1.13935,9808,15,0
2017-09-04 20:00:00,1.13933,1.14081,1.1389,1.13978,10164,15,0
2017-09-04 22:00:00,1.13979,1.14039,1.13856,1.13952,5915,31,0
2017-09-05 00:00:00,1.13952,1.14034,1.1385,1.13967,3093,26,0
2017-09-05 02:00:00,1.13963,1.14056,1.13963,1.13978,5183,18,0
2017-09-05 04:00:00,1.13979,1.14013,1.13695,1.13809,12514,15,0
2017-09-05 06:00:00,1.13809,1.13834,1.13666,1.13783,14235,15,0
2017-09-05 08:00:00,1.13782,1.13915,1.13734,1.13824,10561,15,0
2017-09-05 10:00:00,1.13824,1.142,1.13675,1.14077,15273,15,0
2017-09-05 12:00:00,1.14076,1.14143,1.1395,1.14072,10703,15,0
2017-09-05 14:00:00,1.14072,1.14163,1.13949,1.14045,11355,15,0
2017-09-05 16:00:00,1.14045,1.14146,1.13941,1.13966,18238,15,0
2017-09-05 18:00:00,1.13967,1.14082,1.13705,1.13721,14223,15,0
2017-09-05 20:00:00,1.13724,1.13824,1.1371,1.13743,10411,15,0
2017-09-05 22:00:00,1.13744,1.1382,1.13695,1.1382,6896,15,0
2017-09-06 00:00:00,1.1365,1.13826,1.1365,1.13702,5813,16,0
2017-09-06 02:00:00,1.13701,1.13814,1.13677,1.1373,5667,15,0
2017-09-06 04:00:00,1.13729,1.13798,1.13681,1.1374,8784,15,0
2017-09-06 06:00:00,1.1374,1.13758,1.13659,1.13756,6659,17,0
2017-09-06 08:00:00,1.13756,1.13874,1.1372,1.13852,8598,15,0
2017-09-06 10:00:00,1.13848,1.1401,1.13785,1.13897,14327,15,0
2017-09-06 12:00:00,1.13897,1.13975,1.13795,1.13936,12824,15,0
2017-09-06 14:00:00,1.13936,1.14087,1.13881,1.14015,11866,15,0
2017-09-06 16:00:00,1.14014,1.14141,1.13779,1.13804,18933,15,0
2017-09-06 18:00:00,1.13804,1.1407,1.13771,1.14068,13898,15,0
2017-09-06 20:00:00,1.14067,1.14215,1.13992,1.13996,9654,15,0
2017-09-06 22:00:00,1.13996,1.14067,1.13964,1.14047,4062,15,0
2017-09-07 00:00:00,1.13937,1.14047,1.13712,1.13978,6346,17,0
2017-09-07 02:00:00,1.13977,1.14369,1.13859,1.13963,9170,15,0
2017-09-07 04:00:00,1.13962,1.14075,1.13952,1.14038,9135,15,0
2017-09-07 06:00:00,1.14038,1.14095,1.13995,1.14045,6347,15,0
2017-09-07 08:00:00,1.14045,1.14085,1.1396,1.14028,8406,15,0
2017-09-07 10:00:00,1.14029,1.14172,1.13884,1.13968,15146,15,0
2017-09-07 12:00:00,1.13968,1.14147,1.13946,1.14104,11172,15,0
2017-09-07 14:00:00,1.14104,1.1481,1.13893,1.14654,24230,15,0
2017-09-07 16:00:00,1.14654,1.14729,1.14206,1.1436,27091,15,0
2017-09-07 18:00:00,1.14362,1.14411,1.14083,1.14204,17473,15,0
2017-09-07 20:00:00,1.14204,1.14399,1.142,1.14344,11398,15,0
2017-09-07 22:00:00,1.14349,1.14358,1.14266,1.14298,8485,16,0
2017-09-08 00:00:00,1.14231,1.14298,1.1401,1.14213,5391,19,0
2017-09-08 02:00:00,1.14214,1.14246,1.14081,1.14138,7538,15,0
2017-09-08 04:00:00,1.14137,1.14164,1.13929,1.14111,12737,15,0
2017-09-08 06:00:00,1.14107,1.1418,1.14032,1.14105,9627,15,0
2017-09-08 08:00:00,1.14106,1.14128,1.1389,1.13953,20220,15,0
2017-09-08 10:00:00,1.13953,1.1432,1.13871,1.14279,19628,15,0
2017-09-08 12:00:00,1.14279,1.14336,1.14074,1.14091,15916,15,0
2017-09-08 14:00:00,1.14089,1.14162,1.13824,1.13923,17863,15,0
2017-09-08 16:00:00,1.13923,1.14098,1.13881,1.13899,21819,15,0
2017-09-08 18:00:00,1.13899,1.1399,1.13771,1.13835,13785,15,0
2017-09-08 20:00:00,1.13835,1.13913,1.13648,1.13653,7424,15,0
2017-09-08 22:00:00,1.13652,1.1378,1.13559,1.1357,6831,15,0
2017-09-11 00:00:00,1.13751,1.13873,1.13699,1.13841,4422,18,0
2017-09-11 02:00:00,1.13843,1.14032,1.13814,1.14028,6040,16,0
2017-09-11 04:00:00,1.14028,1.14088,1.13916,1.14025,9332,15,0
2017-09-11 06:00:00,1.14026,1.14075,1.14021,1.14056,7226,16,0
2017-09-11 08:00:00,1.14056,1.14163,1.14016,1.14132,10494,15,0
2017-09-11 10:00:00,1.14125,1.14164,1.13946,1.14038,15494,15,0
2017-09-11 12:00:00,1.14036,1.14112,1.14008,1.14038,10501,15,0
2017-09-11 14:00:00,1.14039,1.1419,1.13942,1.14175,14187,15,0
2017-09-11 16:00:00,1.14174,1.14203,1.14065,1.14075,15607,15,0
2017-09-11 18:00:00,1.14077,1.14113,1.14016,1.14055,11246,15,0
2017-09-11 20:00:00,1.14056,1.14166,1.1404,1.14157,8849,15,0
2017-09-11 22:00:00,1.14159,1.14342,1.14157,1.14307,3615,15,0
2017-09-12 00:00:00,1.13968,1.14347,1.13949,1.14298,4786,21,0
2017-09-12 02:00:00,1.14287,1.14393,1.14272,1.1433,6795,15,0
2017-09-12 04:00:00,1.14328,1.14355,1.14264,1.14324,5233,15,0
2017-09-12 06:00:00,1.14325,1.14377,1.14313,1.14363,3435,11,555459000
2017-09-12 08:00:00,1.14364,1.14469,1.14286,1.14336,17513,6,0
2017-09-12 10:00:00,1.14336,1.14487,1.14275,1.14416,19244,6,0
2017-09-12 12:00:00,1.14417,1.14619,1.14397,1.14536,13940,1,0
2017-09-12 14:00:00,1.14537,1.14694,1.14408,1.14648,11684,1,0
2017-09-12 16:00:00,1.14649,1.14769,1.14592,1.1472,15416,1,0
2017-09-12 18:00:00,1.1472,1.15,1.14532,1.14825,14754,1,0
2017-09-12 20:00:00,1.1482,1.14984,1.14808,1.14979,9905,1,0
2017-09-12 22:00:00,1.14983,1.14999,1.14847,1.14854,6814,1,0
2017-09-13 00:00:00,1.14854,1.14933,1.14741,1.14919,6075,3,0
2017-09-13 02:00:00,1.14918,1.14986,1.14863,1.14961,6609,1,0
2017-09-13 04:00:00,1.14955,1.14986,1.14882,1.1492,7922,1,0
2017-09-13 06:00:00,1.14919,1.15005,1.14827,1.1498,8831,1,0
2017-09-13 08:00:00,1.1498,1.15124,1.14895,1.15004,7251,1,0
2017-09-13 10:00:00,1.15005,1.15014,1.14878,1.14966,8999,1,0
2017-09-13 12:00:00,1.14968,1.15002,1.14865,1.14971,7182,1,0
2017-09-13 14:00:00,1.14973,1.15043,1.14868,1.14905,9238,1,0
2017-09-13 16:00:00,1.14907,1.14907,1.14662,1.14808,18990,1,0
2017-09-13 18:00:00,1.14816,1.14858,1.14617,1.14705,13627,1,0
2017-09-13 20:00:00,1.14703,1.14775,1.14643,1.14698,9955,1,0
2017-09-13 22:00:00,1.14698,1.14702,1.14538,1.14545,6065,1,0
2017-09-14 00:00:00,1.14545,1.14639,1.14475,1.14529,4200,3,0
2017-09-14 02:00:00,1.14529,1.14667,1.14516,1.14589,5035,1,0
2017-09-14 04:00:00,1.14589,1.14626,1.14519,1.14551,8459,1,0
2017-09-14 06:00:00,1.14551,1.14565,1.14454,1.14537,4871,1,0
2017-09-14 08:00:00,1.14534,1.14714,1.14462,1.14666,7539,1,0
2017-09-14 10:00:00,1.14665,1.15291,1.14387,1.15127,12315,1,0
2017-09-14 12:00:00,1.15126,1.15202,1.14922,1.15102,8085,1,0
2017-09-14 14:00:00,1.15102,1.15103,1.14571,1.14875,23647,1,0
2017-09-14 16:00:00,1.14874,1.14927,1.14671,1.14798,22452,1,0
2017-09-14 18:00:00,1.14798,1.14863,1.14715,1.1477,12306,1,0
2017-09-14 20:00:00,1.1477,1.14936,1.14758,1.14828,13862,1,0
2017-09-14 22:00:00,1.14826,1.14835,1.14693,1.14693,7505,1,0
2017-09-15 00:00:00,1.14694,1.14831,1.14504,1.14605,7821,5,0
2017-09-15 02:00:00,1.14605,1.14745,1.14575,1.14725,7608,3,0
2017-09-15 04:00:00,1.14723,1.14789,1.147,1.14769,6924,2,0
2017-09-15 06:00:00,1.14769,1.14818,1.14723,1.14755,6549,1,0
2017-09-15 08:00:00,1.14755,1.14957,1.14751,1.14892,9010,1,0
2017-09-15 10:00:00,1.14892,1.14913,1.14582,1.14597,11752,1,0
2017-09-15 12:00:00,1.14597,1.14817,1.14585,1.14764,14567,1,0
2017-09-15 14:00:00,1.14765,1.14898,1.14679,1.14749,17377,1,0
2017-09-15 16:00:00,1.14747,1.15003,1.14621,1.14853,18459,1,0
2017-09-15 18:00:00,1.14856,1.14935,1.14649,1.14656,11480,1,0
2017-09-15 20:00:00,1.14656,1.14712,1.14525,1.14531,7909,1,0
2017-09-15 22:00:00,1.14533,1.14728,1.14518,1.14618,6147,1,0
2017-09-18 00:00:00,1.14562,1.14716,1.14505,1.14657,3125,9,0
2017-09-18 02:00:00,1.14657,1.14753,1.14634,1.14739,4134,2,0
2017-09-18 04:00:00,1.14739,1.14806,1.14661,1.14742,7344,1,0
2017-09-18 06:00:00,1.14743,1.14795,1.14653,1.14747,6034,1,0
2017-09-18 08:00:00,1.14745,1.14852,1.14666,1.14813,7406,1,0
2017-09-18 10:00:00,1.1481,1.1484,1.14509,1.14602,11442,1,0
2017-09-18 12:00:00,1.14589,1.14692,1.14568,1.14624,7311,1,0
2017-09-18 14:00:00,1.14625,1.14761,1.14624,1.14756,7372,1,0
2017-09-18 16:00:00,1.14756,1.14803,1.14635,1.14786,11368,1,0
2017-09-18 18:00:00,1.14788,1.15002,1.14778,1.14893,13959,1,0
2017-09-18 20:00:00,1.14893,1.14933,1.14851,1.14889,9108,1,0
2017-09-18 22:00:00,1.14891,1.14997,1.14841,1.14862,6829,1,0
2017-09-19 00:00:00,1.14862,1.14995,1.14826,1.1498,2987,11,0
2017-09-19 02:00:00,1.14979,1.15044,1.14962,1.14982,5094,1,0
2017-09-19 04:00:00,1.14984,1.15044,1.1497,1.15011,5101,1,0
2017-09-19 06:00:00,1.15011,1.15096,1.14997,1.15075,4472,1,0
2017-09-19 08:00:00,1.15075,1.15205,1.15054,1.15169,9888,1,0
2017-09-19 10:00:00,1.15172,1.15297,1.15088,1.15186,11327,1,0
2017-09-19 12:00:00,1.15185,1.15638,1.15167,1.15441,12105,1,0
2017-09-19 14:00:00,1.15442,1.15459,1.15139,1.15377,16424,1,0
2017-09-19 16:00:00,1.15376,1.1539,1.15248,1.15325,14225,1,0
2017-09-19 18:00:00,1.15325,1.15451,1.15305,1.15409,10106,1,0
2017-09-19 20:00:00,1.15409,1.15508,1.15388,1.15486,9159,1,0
2017-09-19 22:00:00,1.15484,1.15497,1.15417,1.15448,5328,1,0
2017-09-20 00:00:00,1.15448,1.15484,1.15383,1.15408,3436,4,0
2017-09-20 02:00:00,1.15407,1.15508,1.15375,1.15423,5806,2,0
2017-09-20 04:00:00,1.15423,1.15465,1.15348,1.15453,10676,1,0
2017-09-20 06:00:00,1.15455,1.15462,1.15389,1.15422,5370,1,0
2017-09-20 08:00:00,1.15424,1.15578,1.15349,1.15421,8493,1,0
2017-09-20 10:00:00,1.15416,1.15478,1.1524,1.15294,9638,1,0
2017-09-20 12:00:00,1.15298,1.15409,1.15228,1.15376,8788,1,0
2017-09-20 14:00:00,1.15374,1.15388,1.15215,1.15268,8298,1,0
2017-09-20 16:00:00,1.15268,1.15499,1.15262,1.15375,12427,1,0
2017-09-20 18:00:00,1.15376,1.15469,1.15327,1.15392,10162,1,0
2017-09-20 20:00:00,1.15392,1.15563,1.15119,1.15338,25880,1,0
2017-09-20 22:00:00,1.15343,1.15398,1.15199,1.15341,18360,1,0
2017-09-21 00:00:00,1.15341,1.15405,1.15165,1.15313,10949,3,0
2017-09-21 02:00:00,1.15314,1.15352,1.15279,1.15299,9536,1,0
2017-09-21 04:00:00,1.15299,1.15383,1.15285,1.15368,9577,2,0
2017-09-21 06:00:00,1.15368,1.15457,1.15346,1.15428,5470,2,0
2017-09-21 08:00:00,1.15427,1.15816,1.15417,1.15772,12651,1,0
2017-09-21 10:00:00,1.15775,1.15856,1.15624,1.15712,15540,1,0
2017-09-21 12:00:00,1.15711,1.15907,1.1569,1.15866,10895,1,0
2017-09-21 14:00:00,1.15862,1.15951,1.15715,1.15724,15385,1,0
2017-09-21 16:00:00,1.15723,1.16049,1.15705,1.16024,17905,1,0
2017-09-21 18:00:00,1.16025,1.16033,1.15731,1.1587,14480,1,0
2017-09-21 20:00:00,1.15867,1.15976,1.1586,1.15962,7331,1,0
2017-09-21 22:00:00,1.15961,1.15969,1.15877,1.15877,6096,1,0
2017-09-22 00:00:00,1.15875,1.15916,1.15808,1.15893,5279,9,0
2017-09-22 02:00:00,1.15893,1.15923,1.15687,1.15744,5588,2,0
2017-09-22 04:00:00,1.15745,1.15813,1.156,1.15621,9733,1,0
2017-09-22 06:00:00,1.15623,1.15742,1.1561,1.15712,5710,1,0
2017-09-22 08:00:00,1.15714,1.15994,1.15695,1.15905,10037,1,0
2017-09-22 10:00:00,1.15904,1.16235,1.15899,1.16129,13233,1,0
2017-09-22 12:00:00,1.16128,1.16229,1.16009,1.16036,12006,1,0
2017-09-22 14:00:00,1.16038,1.16082,1.15863,1.1605,12608,1,0
2017-09-22 16:00:00,1.16046,1.16059,1.1589,1.15962,15950,1,0
2017-09-22 18:00:00,1.15964,1.16043,1.15804,1.15839,9829,1,0
2017-09-22 20:00:00,1.15838,1.15893,1.15752,1.15859,6830,1,0
2017-09-22 22:00:00,1.15858,1.15937,1.15773,1.15773,6002,1,0
2017-09-25 00:00:00,1.15486,1.15741,1.15469,1.15713,3739,10,0
2017-09-25 02:00:00,1.15713,1.15904,1.15707,1.1583,5592,2,0
2017-09-25 04:00:00,1.1583,1.15852,1.1575,1.15762,5004,1,0
2017-09-25 06:00:00,1.15762,1.15813,1.15747,1.158,3962,1,0
2017-09-25 08:00:00,1.15802,1.1582,1.15653,1.15689,8076,2,0
2017-09-25 10:00:00,1.15689,1.15822,1.15653,1.15747,11402,1,0
2017-09-25 12:00:00,1.15746,1.15746,1.15562,1.15662,11936,1,0
2017-09-25 14:00:00,1.1566,1.15687,1.15563,1.1561,10338,1,0
2017-09-25 16:00:00,1.1561,1.15647,1.14997,1.1505,14867,1,0
2017-09-25 18:00:00,1.15048,1.15075,1.14116,1.14482,19800,1,0
2017-09-25 20:00:00,1.14481,1.14573,1.14448,1.14501,9077,1,0
2017-09-25 22:00:00,1.145,1.14651,1.14451,1.14451,6387,1,0
2017-09-26 00:00:00,1.14451,1.1457,1.1443,1.1454,5793,10,0
2017-09-26 02:00:00,1.14541,1.14571,1.14436,1.14499,7471,1,0
2017-09-26 04:00:00,1.14499,1.14611,1.14456,1.1457,6303,1,0
2017-09-26 06:00:00,1.1457,1.1461,1.14558,1.14575,4745,1,0
2017-09-26 08:00:00,1.14576,1.14883,1.14486,1.14843,9918,1,0
2017-09-26 10:00:00,1.14845,1.14867,1.14536,1.14591,14180,1,0
2017-09-26 12:00:00,1.1459,1.14762,1.14531,1.14568,11237,1,0
2017-09-26 14:00:00,1.14568,1.14715,1.14453,1.1465,11451,1,0
2017-09-26 16:00:00,1.1465,1.14674,1.14167,1.14186,13472,1,0
2017-09-26 18:00:00,1.14185,1.144,1.14077,1.14382,15734,1,0
2017-09-26 20:00:00,1.14381,1.14522,1.14268,1.14338,15434,1,0
2017-09-26 22:00:00,1.14339,1.14341,1.14175,1.14225,8174,2,0
2017-09-27 00:00:00,1.14225,1.14254,1.14171,1.14231,3011,6,0
2017-09-27 02:00:00,1.14229,1.1435,1.14217,1.1432,7116,5,0
2017-09-27 04:00:00,1.14321,1.14403,1.14311,1.14387,5870,5,0
2017-09-27 06:00:00,1.14386,1.14431,1.1433,1.14345,6192,2,0
2017-09-27 08:00:00,1.14344,1.14494,1.14316,1.14409,12653,1,0
2017-09-27 10:00:00,1.14411,1.14601,1.14317,1.1442,15258,1,0
2017-09-27 12:00:00,1.14418,1.14505,1.14335,1.144,10349,1,0
2017-09-27 14:00:00,1.144,1.14557,1.14379,1.14388,13889,1,0
2017-09-27 16:00:00,1.14388,1.14493,1.14319,1.14349,15599,1,0
2017-09-27 18:00:00,1.14351,1.14517,1.14134,1.14254,14754,1,0
2017-09-27 20:00:00,1.14249,1.14297,1.14118,1.14205,11898,1,0
2017-09-27 22:00:00,1.14204,1.14257,1.1413,1.14133,9391,1,0
2017-09-28 00:00:00,1.14133,1.14217,1.14078,1.14156,7563,4,0
2017-09-28 02:00:00,1.14157,1.14275,1.14147,1.14234,6324,1,0
2017-09-28 04:00:00,1.14234,1.14246,1.14176,1.14234,5290,1,0
2017-09-28 06:00:00,1.14235,1.143,1.14203,1.1427,7592,1,0
2017-09-28 08:00:00,1.14266,1.14396,1.14196,1.14325,12800,1,0
2017-09-28 10:00:00,1.14327,1.14606,1.14299,1.14587,14113,1,0
2017-09-28 12:00:00,1.14587,1.14698,1.14538,1.14581,9039,1,0
2017-09-28 14:00:00,1.14587,1.14738,1.14584,1.1462,9837,1,0
2017-09-28 16:00:00,1.14619,1.14681,1.14452,1.14471,12957,1,0
2017-09-28 18:00:00,1.14473,1.14519,1.14308,1.14327,9915,1,0
2017-09-28 20:00:00,1.14325,1.14425,1.14308,1.14369,7470,1,0
2017-09-28 22:00:00,1.14374,1.14417,1.14315,1.14315,6499,1,0
2017-09-29 00:00:00,1.14313,1.14361,1.14269,1.14332,4049,4,0
2017-09-29 02:00:00,1.14332,1.1443,1.14302,1.14383,5473,1,0
2017-09-29 04:00:00,1.14383,1.14466,1.14378,1.14461,4970,1,0
2017-09-29 06:00:00,1.14463,1.14477,1.14423,1.14432,3534,1,0
2017-09-29 08:00:00,1.1443,1.14522,1.14356,1.1441,7396,1,0
2017-09-29 10:00:00,1.14415,1.14588,1.14343,1.14523,8423,1,0
2017-09-29 12:00:00,1.14527,1.14632,1.14414,1.1447,8054,1,0
2017-09-29 14:00:00,1.1447,1.14645,1.14403,1.14619,12044,1,0
2017-09-29 16:00:00,1.14619,1.14681,1.14303,1.14382,16116,1,0
2017-09-29 18:00:00,1.1438,1.1455,1.14351,1.144,9506,1,0
2017-09-29 20:00:00,1.14401,1.14458,1.14329,1.14451,5830,1,0
2017-09-29 22:00:00,1.1445,1.14475,1.1432,1.1432,6613,1,0
2017-10-02 00:00:00,1.14228,1.14393,1.14205,1.14372,4343,5,0
2017-10-02 02:00:00,1.1437,1.14382,1.14254,1.14261,5597,1,0
2017-10-02 04:00:00,1.14264,1.14358,1.14201,1.14247,7504,1,0
2017-10-02 06:00:00,1.14246,1.14285,1.14226,1.14265,3889,1,0
2017-10-02 08:00:00,1.14265,1.143,1.14122,1.14206,7095,1,0
2017-10-02 10:00:00,1.14204,1.14221,1.14018,1.14037,10836,1,0
2017-10-02 12:00:00,1.14037,1.1415,1.13883,1.13971,7740,1,0
2017-10-02 14:00:00,1.13971,1.14092,1.13924,1.13965,9851,1,0
2017-10-02 16:00:00,1.13965,1.14255,1.13898,1.14254,13686,1,0
2017-10-02 18:00:00,1.14255,1.14495,1.14221,1.14454,8448,1,0
2017-10-02 20:00:00,1.14452,1.14507,1.14409,1.14461,5915,1,0
2017-10-02 22:00:00,1.14463,1.14475,1.14334,1.14356,5386,1,0
2017-10-03 00:00:00,1.14356,1.14404,1.14276,1.14358,5255,1,0
2017-10-03 02:00:00,1.14357,1.14403,1.14305,1.14372,5991,2,0
2017-10-03 04:00:00,1.14373,1.14568,1.14297,1.14478,10622,1,0
2017-10-03 06:00:00,1.14477,1.14499,1.14411,1.14432,6353,1,0
2017-10-03 08:00:00,1.14435,1.14509,1.14353,1.14453,8033,1,0
2017-10-03 10:00:00,1.14453,1.14639,1.14452,1.14587,8719,1,0
2017-10-03 12:00:00,1.14587,1.14608,1.14469,1.14544,7396,1,0
2017-10-03 14:00:00,1.14543,1.14573,1.14445,1.14513,8077,1,0
2017-10-03 16:00:00,1.14513,1.14625,1.14459,1.14469,9231,1,0
2017-10-03 18:00:00,1.14467,1.14506,1.14406,1.14427,6044,1,0
2017-10-03 20:00:00,1.14426,1.14505,1.14388,1.144,4401,1,0
2017-10-03 22:00:00,1.144,1.14403,1.14317,1.1432,4517,1,0
2017-10-04 00:00:00,1.1432,1.14348,1.14237,1.14295,4398,9,0
2017-10-04 02:00:00,1.14298,1.14406,1.1426,1.14403,6911,1,0
2017-10-04 04:00:00,1.14401,1.14438,1.14353,1.144,5327,1,0
2017-10-04 06:00:00,1.14395,1.14436,1.14392,1.14405,3823,1,0
2017-10-04 08:00:00,1.14404,1.14464,1.14387,1.14425,6479,1,0
2017-10-04 10:00:00,1.14424,1.14543,1.14316,1.14476,8623,1,0
2017-10-04 12:00:00,1.14473,1.14539,1.14401,1.14496,6073,1,0
2017-10-04 14:00:00,1.14496,1.14546,1.14417,1.1445,8825,1,0
2017-10-04 16:00:00,1.1445,1.14593,1.14368,1.14585,12039,1,0
2017-10-04 18:00:00,1.14583,1.14823,1.14551,1.14708,8086,1,0
2017-10-04 20:00:00,1.14709,1.14737,1.14669,1.14672,4379,1,0
2017-10-04 22:00:00,1.1467,1.14737,1.14633,1.14646,4200,1,0
2017-10-05 00:00:00,1.14646,1.14736,1.14564,1.14661,3597,8,0
2017-10-05 02:00:00,1.14661,1.14696,1.14615,1.14628,4872,6,0
2017-10-05 04:00:00,1.14627,1.14675,1.14605,1.14608,3966,2,0
2017-10-05 06:00:00,1.14608,1.14679,1.146,1.14642,2623,1,0
2017-10-05 08:00:00,1.14642,1.14703,1.14572,1.1465,4994,1,0
2017-10-05 10:00:00,1.14651,1.14843,1.14644,1.14821,7709,1,0
2017-10-05 12:00:00,1.14823,1.14951,1.14724,1.14752,6195,1,0
2017-10-05 14:00:00,1.14751,1.14763,1.1459,1.14619,10872,1,0
2017-10-05 16:00:00,1.14618,1.14689,1.1452,1.14569,12293,1,0
2017-10-05 18:00:00,1.14568,1.1467,1.14537,1.14611,7344,1,0
2017-10-05 20:00:00,1.1461,1.14621,1.14527,1.14561,5043,1,0
2017-10-05 22:00:00,1.1456,1.14591,1.14527,1.14541,5101,2,0
2017-10-06 00:00:00,1.14541,1.14587,1.14493,1.14572,3113,9,0
2017-10-06 02:00:00,1.14573,1.14631,1.14549,1.14613,5031,1,0
2017-10-06 04:00:00,1.14615,1.1463,1.14593,1.14607,3726,2,0
2017-10-06 06:00:00,1.14606,1.1462,1.14512,1.14566,6600,1,0
2017-10-06 08:00:00,1.14566,1.1465,1.14526,1.14561,7084,1,0
2017-10-06 10:00:00,1.14559,1.14627,1.1451,1.14575,7185,1,0
2017-10-06 12:00:00,1.14571,1.14722,1.14556,1.14678,6580,1,0
2017-10-06 14:00:00,1.1468,1.1492,1.14653,1.1489,13984,1,0
2017-10-06 16:00:00,1.14888,1.14987,1.14702,1.14757,18626,1,0
2017-10-06 18:00:00,1.14746,1.14797,1.1461,1.14728,9175,1,0
2017-10-06 20:00:00,1.14729,1.14816,1.14719,1.14792,4025,1,0
2017-10-06 22:00:00,1.1479,1.14797,1.14695,1.14701,4089,1,0
2017-10-09 00:00:00,1.14702,1.14823,1.14694,1.14801,3448,12,0
2017-10-09 02:00:00,1.14803,1.14849,1.14775,1.14822,2686,2,0
2017-10-09 04:00:00,1.14822,1.1483,1.1479,1.14797,3075,1,0
2017-10-09 06:00:00,1.14797,1.14811,1.14782,1.14791,2746,1,0
2017-10-09 08:00:00,1.14793,1.14814,1.1469,1.14699,3981,1,0
2017-10-09 10:00:00,1.147,1.14875,1.14657,1.14861,5360,1,0
2017-10-09 12:00:00,1.1486,1.1491,1.14776,1.14899,4205,1,0
2017-10-09 14:00:00,1.14898,1.15118,1.14808,1.15034,5400,1,0
2017-10-09 16:00:00,1.15041,1.15083,1.14893,1.14978,6455,1,0
2017-10-09 18:00:00,1.14974,1.15154,1.14935,1.1512,5093,1,0
2017-10-09 20:00:00,1.15118,1.15178,1.15087,1.15096,3658,1,0
2017-10-09 22:00:00,1.15096,1.15123,1.14991,1.15018,4566,1,0
2017-10-10 00:00:00,1.15018,1.15066,1.14637,1.15037,3324,5,0
2017-10-10 02:00:00,1.15038,1.15098,1.15012,1.1505,4372,1,0
2017-10-10 04:00:00,1.15052,1.15172,1.1505,1.15139,7978,1,0
2017-10-10 06:00:00,1.15141,1.15163,1.15123,1.15157,4460,1,0
2017-10-10 08:00:00,1.15159,1.15248,1.15145,1.15228,6770,1,0
2017-10-10 10:00:00,1.1523,1.15241,1.15081,1.15128,7901,1,0
2017-10-10 12:00:00,1.15129,1.15226,1.15012,1.15073,9321,1,0
2017-10-10 14:00:00,1.15073,1.15224,1.15057,1.15151,8305,1,0
2017-10-10 16:00:00,1.15152,1.15217,1.15018,1.15154,10102,1,0
2017-10-10 18:00:00,1.15153,1.1516,1.14993,1.15089,7139,1,0
2017-10-10 20:00:00,1.1509,1.15213,1.14979,1.1511,8418,1,0
2017-10-10 22:00:00,1.15109,1.15198,1.15105,1.15127,4250,1,0
2017-10-11 00:00:00,1.15127,1.15161,1.15058,1.1513,3712,8,0
2017-10-11 02:00:00,1.15131,1.15183,1.15123,1.15162,5479,1,0
2017-10-11 04:00:00,1.1516,1.15219,1.15149,1.1519,7391,1,0
2017-10-11 06:00:00,1.1519,1.15287,1.15174,1.15277,4774,1,0
2017-10-11 08:00:00,1.15275,1.15347,1.15215,1.15263,6945,1,0
2017-10-11 10:00:00,1.15264,1.15392,1.15148,1.15324,8538,1,0
2017-10-11 12:00:00,1.15324,1.15327,1.14988,1.15078,8469,1,0
2017-10-11 14:00:00,1.15079,1.15281,1.15056,1.1522,7988,1,0
2017-10-11 16:00:00,1.15219,1.15308,1.15125,1.15161,8608,1,0
2017-10-11 18:00:00,1.1516,1.15356,1.15155,1.15344,6963,1,0
2017-10-11 20:00:00,1.15345,1.15392,1.15309,1.15353,8264,1,0
2017-10-11 22:00:00,1.15353,1.15462,1.1535,1.15428,6648,1,0
2017-10-12 00:00:00,1.15428,1.15487,1.15312,1.1547,9335,1,0
2017-10-12 02:00:00,1.15466,1.15478,1.154,1.15421,9478,1,0
2017-10-12 04:00:00,1.15421,1.15462,1.15381,1.15432,9450,1,0
2017-10-12 06:00:00,1.15434,1.15453,1.15414,1.15426,8588,1,0
2017-10-12 08:00:00,1.15427,1.15463,1.15321,1.15388,8454,1,0
2017-10-12 10:00:00,1.15389,1.15575,1.15347,1.15493,8328,1,0
2017-10-12 12:00:00,1.15495,1.15597,1.15492,1.15556,6554,1,0
2017-10-12 14:00:00,1.15555,1.15614,1.15464,1.15543,9189,1,0
2017-10-12 16:00:00,1.15543,1.15659,1.15436,1.15639,8730,1,0
2017-10-12 18:00:00,1.15639,1.15644,1.15384,1.15395,7774,1,0
2017-10-12 20:00:00,1.15397,1.15508,1.15383,1.15453,6930,1,0
2017-10-12 22:00:00,1.15455,1.15473,1.15371,1.15379,4943,1,0
2017-10-13 00:00:00,1.15379,1.15419,1.15364,1.15388,2750,7,0
2017-10-13 02:00:00,1.15389,1.15449,1.1533,1.15423,3935,1,0
2017-10-13 04:00:00,1.15424,1.15489,1.15393,1.15461,5333,1,0
2017-10-13 06:00:00,1.15461,1.15533,1.1546,1.15508,4228,1,0
2017-10-13 08:00:00,1.15508,1.1552,1.15391,1.15408,6137,2,0
2017-10-13 10:00:00,1.15409,1.15429,1.15245,1.15373,8655,1,0
2017-10-13 12:00:00,1.15373,1.15419,1.15217,1.15355,7437,1,0
2017-10-13 14:00:00,1.15354,1.15395,1.15226,1.15359,13229,1,0
2017-10-13 16:00:00,1.15359,1.15411,1.15237,1.15325,14749,1,0
2017-10-13 18:00:00,1.15328,1.15419,1.15296,1.15301,8643,1,0
2017-10-13 20:00:00,1.15296,1.1538,1.15123,1.15131,6182,1,0
2017-10-13 22:00:00,1.1513,1.15251,1.15117,1.15148,5111,1,0
2017-10-16 00:00:00,1.15146,1.15202,1.15048,1.15156,3022,16,0
2017-10-16 02:00:00,1.15156,1.1521,1.15099,1.15198,5328,1,0
2017-10-16 04:00:00,1.15198,1.15238,1.15179,1.15204,4566,1,0
2017-10-16 06:00:00,1.15203,1.15241,1.15176,1.15234,3105,1,0
2017-10-16 08:00:00,1.15235,1.15247,1.15045,1.15059,6899,1,0
2017-10-16 10:00:00,1.15056,1.15123,1.14888,1.14985,8230,1,0
2017-10-16 12:00:00,1.14986,1.15168,1.14922,1.15105,6532,1,0
2017-10-16 14:00:00,1.15105,1.15198,1.15088,1.15158,8243,1,0
2017-10-16 16:00:00,1.15158,1.15206,1.15028,1.15038,7464,1,0
2017-10-16 18:00:00,1.15037,1.15069,1.14876,1.15028,6874,1,0
2017-10-16 20:00:00,1.15028,1.15149,1.14997,1.15083,7950,1,0
2017-10-16 22:00:00,1.15083,1.15115,1.15025,1.15025,6055,1,0
2017-10-17 00:00:00,1.15025,1.15063,1.14968,1.15025,3673,8,0
2017-10-17 02:00:00,1.15026,1.15074,1.15008,1.15071,4422,1,0
2017-10-17 04:00:00,1.15071,1.15078,1.14978,1.15021,4692,1,0
2017-10-17 06:00:00,1.1502,1.15067,1.15011,1.15058,3902,1,0
2017-10-17 08:00:00,1.15057,1.1516,1.15031,1.15077,9046,1,0
2017-10-17 10:00:00,1.15077,1.15101,1.14932,1.14975,9679,1,0
2017-10-17 12:00:00,1.14975,1.14992,1.14846,1.14943,8330,1,0
2017-10-17 14:00:00,1.14942,1.15116,1.14914,1.1511,10089,1,0
2017-10-17 16:00:00,1.15105,1.15189,1.15004,1.15174,10337,1,0
2017-10-17 18:00:00,1.15173,1.15237,1.151,1.15139,6961,1,0
2017-10-17 20:00:00,1.15138,1.15267,1.15118,1.15129,5381,1,0
2017-10-17 22:00:00,1.15127,1.15174,1.15104,1.15104,3691,1,0
2017-10-18 00:00:00,1.15104,1.15146,1.15075,1.15109,3974,3,0
2017-10-18 02:00:00,1.15111,1.15153,1.15102,1.15116,3614,1,0
2017-10-18 04:00:00,1.15118,1.15126,1.15092,1.15113,2926,2,0
2017-10-18 06:00:00,1.15113,1.15119,1.15091,1.15112,1764,2,0
2017-10-18 08:00:00,1.15114,1.15189,1.15077,1.15125,5801,1,0
2017-10-18 10:00:00,1.15127,1.1522,1.15103,1.1514,9357,1,0
2017-10-18 12:00:00,1.1514,1.15357,1.15068,1.15276,10238,1,0
2017-10-18 14:00:00,1.15275,1.15595,1.15273,1.15576,12777,1,0
2017-10-18 16:00:00,1.15572,1.15704,1.15514,1.15617,10057,1,0
2017-10-18 18:00:00,1.15617,1.15685,1.1557,1.15628,8469,1,0
2017-10-18 20:00:00,1.1563,1.15786,1.15609,1.15738,4870,1,0
2017-10-18 22:00:00,1.15739,1.15761,1.15688,1.15693,6537,1,0
2017-10-19 00:00:00,1.15693,1.15735,1.15551,1.15734,9351,10,0
2017-10-19 02:00:00,1.15732,1.15752,1.15659,1.15683,7256,2,0
2017-10-19 04:00:00,1.15683,1.15741,1.15611,1.15701,7348,1,0
2017-10-19 06:00:00,1.15701,1.15746,1.15665,1.15696,5349,1,0
2017-10-19 08:00:00,1.15699,1.15849,1.15664,1.15849,8066,1,0
2017-10-19 10:00:00,1.15847,1.15847,1.15239,1.15501,16456,1,0
2017-10-19 12:00:00,1.15501,1.15549,1.15362,1.15374,12074,1,0
2017-10-19 14:00:00,1.15373,1.15523,1.15283,1.15412,11303,1,0
2017-10-19 16:00:00,1.15411,1.15519,1.15363,1.15506,11383,1,0
2017-10-19 18:00:00,1.15506,1.15556,1.15415,1.15446,8539,1,0
2017-10-19 20:00:00,1.15444,1.15522,1.15441,1.15499,5102,1,0
2017-10-19 22:00:00,1.15496,1.15735,1.1549,1.15677,7075,1,0
2017-10-20 00:00:00,1.15677,1.15739,1.15513,1.15633,6207,6,0
2017-10-20 02:00:00,1.15634,1.15698,1.15632,1.15684,4304,1,0
2017-10-20 04:00:00,1.15686,1.16291,1.15655,1.15982,14846,1,0
2017-10-20 06:00:00,1.15981,1.16032,1.15913,1.15923,5134,1,0
2017-10-20 08:00:00,1.15923,1.15956,1.15802,1.15837,9482,2,0
2017-10-20 10:00:00,1.15836,1.1605,1.15722,1.15984,11319,1,0
2017-10-20 12:00:00,1.15984,1.16089,1.15939,1.15957,8571,1,0
2017-10-20 14:00:00,1.15957,1.15999,1.15912,1.15953,9345,1,0
2017-10-20 16:00:00,1.15952,1.16118,1.15851,1.15911,12259,1,0
2017-10-20 18:00:00,1.15914,1.15946,1.15776,1.15908,9853,1,0
2017-10-20 20:00:00,1.15908,1.16023,1.15896,1.15989,7381,1,0
2017-10-20 22:00:00,1.15989,1.16017,1.15909,1.15909,6414,1,0
2017-10-23 00:00:00,1.15889,1.16005,1.15858,1.1591,2438,3,0
2017-10-23 02:00:00,1.15911,1.1594,1.15828,1.15839,7184,2,0
2017-10-23 04:00:00,1.15841,1.15879,1.15811,1.15861,5838,2,0
2017-10-23 06:00:00,1.15862,1.1589,1.1583,1.15836,3361,2,0
2017-10-23 08:00:00,1.15834,1.15844,1.15731,1.15743,6065,1,0
2017-10-23 10:00:00,1.15744,1.15875,1.15708,1.15843,9069,1,0
2017-10-23 12:00:00,1.15837,1.16025,1.15748,1.16003,8813,1,0
2017-10-23 14:00:00,1.16004,1.16031,1.15741,1.15767,8501,1,0
2017-10-23 16:00:00,1.15767,1.15869,1.15757,1.15771,9638,1,0
2017-10-23 18:00:00,1.15772,1.16029,1.15767,1.15803,8816,1,0
2017-10-23 20:00:00,1.15802,1.1585,1.15732,1.15802,6562,1,0
2017-10-23 22:00:00,1.15805,1.1581,1.157,1.15727,5949,1,0
2017-10-24 00:00:00,1.15727,1.15791,1.15653,1.15709,4169,3,0
2017-10-24 02:00:00,1.15711,1.15781,1.15711,1.15739,3810,2,0
2017-10-24 04:00:00,1.1574,1.15808,1.15735,1.15797,6518,1,0
2017-10-24 06:00:00,1.15797,1.15843,1.15787,1.15827,4315,1,0
2017-10-24 08:00:00,1.15826,1.15959,1.15811,1.15933,5844,1,0
2017-10-24 10:00:00,1.15928,1.15981,1.15766,1.15973,9367,1,0
2017-10-24 12:00:00,1.15973,1.16045,1.15928,1.16035,6064,1,0
2017-10-24 14:00:00,1.16033,1.16193,1.16033,1.16143,8887,1,0
2017-10-24 16:00:00,1.16143,1.16514,1.16137,1.16405,12065,1,0
2017-10-24 18:00:00,1.16402,1.16485,1.16336,1.16397,7296,1,0
2017-10-24 20:00:00,1.16398,1.16581,1.16373,1.16535,7565,1,0
2017-10-24 22:00:00,1.16538,1.16595,1.16417,1.1655,12007,1,0
2017-10-25 00:00:00,1.1655,1.1661,1.16431,1.16575,4038,1,0
2017-10-25 02:00:00,1.16575,1.16577,1.16488,1.16517,6552,2,0
2017-10-25 04:00:00,1.16517,1.16541,1.16486,1.16532,6080,1,0
2017-10-25 06:00:00,1.16532,1.16565,1.16508,1.16539,3942,1,0
2017-10-25 08:00:00,1.16538,1.16597,1.16397,1.16578,8233,1,0
2017-10-25 10:00:00,1.16578,1.16793,1.16487,1.16742,13093,1,0
2017-10-25 12:00:00,1.1674,1.16975,1.16693,1.16916,12632,1,0
2017-10-25 14:00:00,1.16917,1.16977,1.16774,1.16854,13626,1,0
2017-10-25 16:00:00,1.16855,1.17055,1.16771,1.16929,21102,1,0
2017-10-25 18:00:00,1.16927,1.16929,1.16635,1.16733,16268,1,0
2017-10-25 20:00:00,1.16734,1.16814,1.16598,1.16787,10082,1,0
2017-10-25 22:00:00,1.16793,1.16912,1.16773,1.16902,6609,1,0
2017-10-26 00:00:00,1.16903,1.16917,1.16812,1.16865,3388,5,0
2017-10-26 02:00:00,1.16865,1.16948,1.16859,1.16947,5091,1,0
2017-10-26 04:00:00,1.16942,1.16991,1.16906,1.1695,5997,1,0
2017-10-26 06:00:00,1.16948,1.16958,1.16903,1.16918,3102,2,0
2017-10-26 08:00:00,1.16916,1.16963,1.16863,1.16932,7088,1,0
2017-10-26 10:00:00,1.16932,1.17017,1.16891,1.169,11462,1,0
2017-10-26 12:00:00,1.16902,1.17062,1.16881,1.17021,7820,1,0
2017-10-26 14:00:00,1.17022,1.17107,1.16643,1.16799,23683,1,0
2017-10-26 16:00:00,1.16799,1.16891,1.16514,1.1664,22723,1,0
2017-10-26 18:00:00,1.16639,1.1664,1.16342,1.16415,15690,1,0
2017-10-26 20:00:00,1.16414,1.16463,1.16208,1.16301,14367,1,0
2017-10-26 22:00:00,1.16301,1.16311,1.16154,1.16215,9495,1,0
2017-10-27 00:00:00,1.16215,1.16283,1.16114,1.16187,6969,1,0
2017-10-27 02:00:00,1.16187,1.16215,1.161,1.16128,6717,1,0
2017-10-27 04:00:00,1.1613,1.16177,1.16107,1.16166,6749,1,0
2017-10-27 06:00:00,1.16164,1.16216,1.16138,1.1621,6098,1,0
2017-10-27 08:00:00,1.16209,1.16287,1.1616,1.1617,10471,1,0
2017-10-27 10:00:00,1.16167,1.16258,1.16095,1.16249,15405,1,0
2017-10-27 12:00:00,1.1625,1.16491,1.16216,1.16403,11382,1,0
2017-10-27 14:00:00,1.16403,1.16491,1.16218,1.16282,16999,1,0
2017-10-27 16:00:00,1.1628,1.16286,1.15684,1.15685,26597,1,0
2017-10-27 18:00:00,1.1569,1.1585,1.15601,1.15773,14241,1,0
2017-10-27 20:00:00,1.15772,1.15911,1.15747,1.15809,8370,1,0
2017-10-27 22:00:00,1.15809,1.1587,1.15688,1.15742,5823,1,0
2017-10-30 00:00:00,1.15581,1.15889,1.15581,1.15791,2153,5,0
2017-10-30 02:00:00,1.15789,1.15869,1.15786,1.15819,6875,1,0
2017-10-30 04:00:00,1.15818,1.15885,1.15779,1.15807,7650,1,0
2017-10-30 06:00:00,1.15808,1.1586,1.15791,1.1586,4583,1,0
2017-10-30 08:00:00,1.15859,1.15944,1.15822,1.15941,4076,1,0
2017-10-30 10:00:00,1.1594,1.16089,1.15861,1.16062,12765,1,0
2017-10-30 12:00:00,1.16052,1.16187,1.15977,1.16084,9400,1,0
2017-10-30 14:00:00,1.16083,1.16145,1.15996,1.16006,11227,1,0
2017-10-30 16:00:00,1.16008,1.16089,1.15897,1.16043,13373,1,0
2017-10-30 18:00:00,1.16036,1.16071,1.15704,1.15762,15499,1,0
2017-10-30 20:00:00,1.15761,1.15818,1.15726,1.15795,7372,1,0
2017-10-30 22:00:00,1.15795,1.15899,1.15774,1.15845,6938,1,0
2017-10-31 00:00:00,1.15845,1.15919,1.15818,1.1591,4319,2,0
2017-10-31 02:00:00,1.15911,1.1597,1.15888,1.15969,5562,1,0
2017-10-31 04:00:00,1.15966,1.15971,1.15863,1.15874,4552,1,0
2017-10-31 06:00:00,1.15875,1.159,1.15844,1.1585,4336,1,0
2017-10-31 08:00:00,1.1585,1.15952,1.15836,1.15928,6802,1,0
2017-10-31 10:00:00,1.15929,1.15994,1.15831,1.15926,9579,1,0
2017-10-31 12:00:00,1.15928,1.16215,1.15911,1.16181,9386,1,0
2017-10-31 14:00:00,1.16178,1.16267,1.161,1.16233,10919,1,0
2017-10-31 16:00:00,1.16236,1.16305,1.16105,1.1612,13100,1,0
2017-10-31 18:00:00,1.1612,1.16332,1.16066,1.1625,16723,1,0
2017-10-31 20:00:00,1.1625,1.16298,1.16049,1.16278,9605,1,0
2017-10-31 22:00:00,1.1628,1.16293,1.1615,1.16173,7939,1,0
2017-11-01 00:00:00,1.16175,1.16202,1.16087,1.16159,3770,4,0
2017-11-01 02:00:00,1.16159,1.16311,1.1611,1.16299,6212,1,0
2017-11-01 04:00:00,1.16297,1.163,1.16204,1.16207,5938,1,0
2017-11-01 06:00:00,1.16208,1.1621,1.16144,1.16203,4068,1,0
2017-11-01 08:00:00,1.16202,1.16231,1.16131,1.16226,6947,1,0
2017-11-01 10:00:00,1.16225,1.16422,1.16207,1.16363,10161,1,0
2017-11-01 12:00:00,1.16362,1.16476,1.1634,1.16434,8980,1,0
2017-11-01 14:00:00,1.16433,1.16524,1.16343,1.16426,11484,1,0
2017-11-01 16:00:00,1.16433,1.16496,1.16304,1.16422,16878,1,0
2017-11-01 18:00:00,1.1642,1.16425,1.1626,1.16414,12498,1,0
2017-11-01 20:00:00,1.16413,1.16594,1.16306,1.16588,15358,1,0
2017-11-01 22:00:00,1.1659,1.16643,1.16524,1.1656,10420,1,0
2017-11-02 00:00:00,1.16555,1.16589,1.16482,1.16514,5791,1,0
2017-11-02 02:00:00,1.16513,1.16596,1.1651,1.16539,6469,1,0
2017-11-02 04:00:00,1.16539,1.16642,1.16444,1.16488,10679,1,0
2017-11-02 06:00:00,1.16486,1.16518,1.16457,1.1648,5246,1,0
2017-11-02 08:00:00,1.1648,1.16489,1.1642,1.16444,6554,1,0
2017-11-02 10:00:00,1.16445,1.16513,1.16273,1.16327,11459,1,0
2017-11-02 12:00:00,1.16326,1.16445,1.16311,1.1642,8328,1,0
2017-11-02 14:00:00,1.16419,1.1659,1.16393,1.16535,16419,1,0
2017-11-02 16:00:00,1.16535,1.16561,1.16388,1.16459,18956,1,0
2017-11-02 18:00:00,1.16459,1.1661,1.16419,1.16508,12020,1,0
2017-11-02 20:00:00,1.16506,1.16532,1.16445,1.16497,12266,1,0
2017-11-02 22:00:00,1.16499,1.1653,1.16464,1.16486,4750,1,0
2017-11-03 00:00:00,1.16486,1.16525,1.16471,1.16502,4426,1,0
2017-11-03 02:00:00,1.16503,1.16524,1.16451,1.16458,4284,1,0
2017-11-03 04:00:00,1.16457,1.16475,1.16426,1.16436,3403,1,0
2017-11-03 06:00:00,1.16436,1.16449,1.16403,1.16414,2731,1,0
2017-11-03 08:00:00,1.16415,1.16512,1.16399,1.16422,6481,1,0
2017-11-03 10:00:00,1.16426,1.16479,1.16371,1.1642,7920,1,0
2017-11-03 12:00:00,1.16422,1.16436,1.16316,1.16345,8298,1,0
2017-11-03 14:00:00,1.16346,1.16512,1.16244,1.16315,21117,1,0
2017-11-03 16:00:00,1.16293,1.16369,1.16187,1.16191,21308,1,0
2017-11-03 18:00:00,1.16192,1.16283,1.16128,1.16224,9030,1,0
2017-11-03 20:00:00,1.16224,1.16243,1.16144,1.16186,7662,1,0
2017-11-03 22:00:00,1.16186,1.16206,1.16109,1.16117,2270,3,0
2017-11-06 00:00:00,1.16097,1.16225,1.15949,1.16184,2722,2,0
2017-11-06 02:00:00,1.16183,1.16263,1.16161,1.16221,8190,1,0
2017-11-06 04:00:00,1.16223,1.16244,1.16164,1.16208,6551,1,0
2017-11-06 06:00:00,1.16208,1.16303,1.16194,1.16278,5546,1,0
2017-11-06 08:00:00,1.16279,1.16368,1.1625,1.16324,8323,1,0
2017-11-06 10:00:00,1.16323,1.16403,1.16165,1.16227,12622,1,0
2017-11-06 12:00:00,1.16227,1.16231,1.16027,1.16047,7992,1,0
2017-11-06 14:00:00,1.16046,1.1606,1.15913,1.15948,9130,1,0
2017-11-06 16:00:00,1.15949,1.15992,1.15838,1.15925,11138,1,0
2017-11-06 18:00:00,1.15926,1.15939,1.1581,1.15936,11250,1,0
2017-11-06 20:00:00,1.15936,1.15936,1.15776,1.15815,5576,1,0
2017-11-06 22:00:00,1.15819,1.15829,1.15767,1.15801,4592,1,0
2017-11-07 00:00:00,1.15799,1.15876,1.15765,1.15856,8548,1,0
2017-11-07 02:00:00,1.1585,1.15871,1.15822,1.15863,5677,3,0
2017-11-07 04:00:00,1.15865,1.1593,1.15836,1.15894,4588,1,0
2017-11-07 06:00:00,1.15894,1.15909,1.15861,1.15871,4016,1,0
2017-11-07 08:00:00,1.15869,1.15946,1.15867,1.15932,7800,1,0
2017-11-07 10:00:00,1.1593,1.15978,1.15751,1.15782,12647,1,0
2017-11-07 12:00:00,1.15782,1.15789,1.15424,1.15528,10982,1,0
2017-11-07 14:00:00,1.1553,1.1561,1.15431,1.1551,10024,1,0
2017-11-07 16:00:00,1.1551,1.1574,1.15492,1.15642,15825,1,0
2017-11-07 18:00:00,1.15642,1.15779,1.15621,1.15754,11422,1,0
2017-11-07 20:00:00,1.15754,1.15879,1.15738,1.15848,7089,1,0
2017-11-07 22:00:00,1.15847,1.15925,1.15802,1.15802,6958,1,0
2017-11-08 00:00:00,1.15802,1.15919,1.1574,1.15808,7887,3,0
2017-11-08 02:00:00,1.1581,1.15858,1.158,1.15827,5625,1,0
2017-11-08 04:00:00,1.15826,1.15847,1.15808,1.1583,3751,2,0
2017-11-08 06:00:00,1.15831,1.15839,1.15811,1.15821,2641,1,0
2017-11-08 08:00:00,1.15822,1.1587,1.15796,1.15847,6724,1,0
2017-11-08 10:00:00,1.1585,1.15958,1.15802,1.15824,10839,1,0
2017-11-08 12:00:00,1.15825,1.15895,1.15796,1.15831,7160,1,0
2017-11-08 14:00:00,1.15831,1.15945,1.15745,1.15928,10660,1,0
2017-11-08 16:00:00,1.15928,1.16002,1.15849,1.15857,11968,1,0
2017-11-08 18:00:00,1.15856,1.15949,1.1579,1.15938,8830,1,0
2017-11-08 20:00:00,1.15938,1.15979,1.15898,1.15977,5513,1,0
2017-11-08 22:00:00,1.15977,1.15988,1.15932,1.15943,5046,1,0
2017-11-09 00:00:00,1.15918,1.15976,1.15895,1.15931,4542,2,0
2017-11-09 02:00:00,1.15931,1.15948,1.15874,1.15897,4454,1,0
2017-11-09 04:00:00,1.15898,1.15947,1.15887,1.15921,5386,1,0
2017-11-09 06:00:00,1.15921,1.15926,1.15804,1.15867,7134,1,0
2017-11-09 08:00:00,1.15864,1.1593,1.15802,1.15852,7715,1,0
2017-11-09 10:00:00,1.15852,1.16153,1.15826,1.1614,10807,1,0
2017-11-09 12:00:00,1.16138,1.16195,1.15884,1.15922,12621,1,0
2017-11-09 14:00:00,1.15924,1.1595,1.15703,1.15918,15340,1,0
2017-11-09 16:00:00,1.15917,1.16051,1.15837,1.16018,17462,1,0
2017-11-09 18:00:00,1.16018,1.16063,1.15556,1.15639,17884,1,0
2017-11-09 20:00:00,1.1564,1.15747,1.15597,1.1568,9534,1,0
2017-11-09 22:00:00,1.15679,1.15771,1.1564,1.15677,7312,2,0
2017-11-10 00:00:00,1.15677,1.15782,1.15295,1.15766,5698,1,0
2017-11-10 02:00:00,1.15763,1.15848,1.15749,1.1583,4989,1,0
2017-11-10 04:00:00,1.15832,1.15846,1.15787,1.15834,3494,3,0
2017-11-10 06:00:00,1.15834,1.15854,1.15817,1.15831,2796,1,0
2017-11-10 08:00:00,1.1583,1.15844,1.15724,1.15726,7497,1,0
2017-11-10 10:00:00,1.15726,1.1578,1.15575,1.15762,12094,1,0
2017-11-10 12:00:00,1.15761,1.15817,1.1567,1.15747,8887,1,0
2017-11-10 14:00:00,1.15747,1.16004,1.15738,1.1597,9880,1,0
2017-11-10 16:00:00,1.15971,1.16069,1.15935,1.16006,13627,1,0
2017-11-10 18:00:00,1.16008,1.16186,1.15974,1.16069,10066,1,0
2017-11-10 20:00:00,1.1607,1.16177,1.16058,1.16169,5077,1,0
2017-11-10 22:00:00,1.16169,1.162,1.16125,1.16139,3514,1,0
2017-11-13 00:00:00,1.15877,1.16231,1.15877,1.16209,4290,3,0
2017-11-13 02:00:00,1.1621,1.16226,1.16097,1.16121,4785,1,0
2017-11-13 04:00:00,1.16122,1.16162,1.1612,1.16145,3295,2,0
2017-11-13 06:00:00,1.16144,1.16183,1.16118,1.1615,2422,1,0
2017-11-13 08:00:00,1.16148,1.1615,1.15999,1.16045,6088,1,0
2017-11-13 10:00:00,1.16044,1.16133,1.15979,1.16127,8382,1,0
2017-11-13 12:00:00,1.16126,1.16238,1.1588,1.15947,7705,1,0
2017-11-13 14:00:00,1.15941,1.16043,1.15837,1.16024,9031,1,0
2017-11-13 16:00:00,1.16023,1.16191,1.1593,1.1611,10756,1,0
2017-11-13 18:00:00,1.16114,1.16297,1.16096,1.16201,6147,1,0
2017-11-13 20:00:00,1.16201,1.16218,1.16138,1.16172,4293,1,0
2017-11-13 22:00:00,1.16172,1.16253,1.16172,1.16215,3356,1,0
2017-11-14 00:00:00,1.16215,1.16257,1.16197,1.16235,2061,6,0
2017-11-14 02:00:00,1.16236,1.16303,1.1623,1.16275,4294,1,0
2017-11-14 04:00:00,1.16278,1.1633,1.16262,1.1631,2635,1,0
2017-11-14 06:00:00,1.16309,1.16366,1.16288,1.16329,2589,1,0
2017-11-14 08:00:00,1.16331,1.16558,1.16299,1.16448,7116,1,0
2017-11-14 10:00:00,1.16445,1.16574,1.16399,1.16573,10363,1,0
2017-11-14 12:00:00,1.16572,1.16637,1.16492,1.16614,6949,1,0
2017-11-14 14:00:00,1.1661,1.16616,1.1642,1.16556,12009,1,0
2017-11-14 16:00:00,1.16558,1.16605,1.16386,1.16576,14176,1,0
2017-11-14 18:00:00,1.16577,1.16704,1.1652,1.16548,10537,1,0
2017-11-14 20:00:00,1.16548,1.16753,1.16519,1.16703,7739,1,0
2017-11-14 22:00:00,1.16705,1.1676,1.16661,1.16711,4337,1,0
2017-11-15 00:00:00,1.16711,1.16778,1.16655,1.16696,4717,3,0
2017-11-15 02:00:00,1.16697,1.16725,1.16638,1.16656,6213,1,0
2017-11-15 04:00:00,1.16656,1.16663,1.16598,1.16636,5027,1,0
2017-11-15 06:00:00,1.16636,1.16642,1.16596,1.16596,3721,1,0
2017-11-15 08:00:00,1.16594,1.16698,1.16518,1.16519,8812,1,0
2017-11-15 10:00:00,1.1652,1.16894,1.16516,1.16784,13201,1,0
2017-11-15 12:00:00,1.16783,1.1681,1.16714,1.16767,8762,1,0
2017-11-15 14:00:00,1.16767,1.16862,1.16663,1.16686,12551,1,0
2017-11-15 16:00:00,1.16688,1.1681,1.16485,1.1679,18170,1,0
2017-11-15 18:00:00,1.1679,1.16856,1.16622,1.16652,10569,1,0
2017-11-15 20:00:00,1.16652,1.16662,1.16559,1.16593,7147,1,0
2017-11-15 22:00:00,1.16593,1.16612,1.16496,1.16497,7159,1,0
2017-11-16 00:00:00,1.16497,1.16624,1.16415,1.16473,12599,1,0
2017-11-16 02:00:00,1.16473,1.16575,1.16447,1.16553,4855,1,0
2017-11-16 04:00:00,1.16555,1.16559,1.16477,1.16483,4060,1,0
2017-11-16 06:00:00,1.16484,1.1659,1.16479,1.16583,3550,1,0
2017-11-16 08:00:00,1.16581,1.16749,1.16578,1.16652,7773,1,0
2017-11-16 10:00:00,1.16647,1.16804,1.16599,1.16754,10570,1,0
2017-11-16 12:00:00,1.16754,1.16812,1.16684,1.1679,8602,1,0
2017-11-16 14:00:00,1.16791,1.16874,1.16752,1.16788,9162,1,0
2017-11-16 16:00:00,1.16787,1.16951,1.16678,1.16947,13618,1,0
2017-11-16 18:00:00,1.16947,1.1696,1.16793,1.16903,8428,1,0
2017-11-16 20:00:00,1.16901,1.16981,1.16878,1.16913,6153,1,0
2017-11-16 22:00:00,1.16913,1.17038,1.16905,1.16995,5922,1,0
2017-11-17 00:00:00,1.16994,1.17022,1.16945,1.17013,4685,1,0
2017-11-17 02:00:00,1.17016,1.17156,1.1698,1.17131,8296,1,0
2017-11-17 04:00:00,1.17138,1.17144,1.17034,1.17106,9113,1,0
2017-11-17 06:00:00,1.17102,1.17225,1.17086,1.17202,5908,1,0
2017-11-17 08:00:00,1.17204,1.17214,1.16881,1.16899,7241,1,0
2017-11-17 10:00:00,1.16899,1.17033,1.16845,1.16953,9623,1,0
2017-11-17 12:00:00,1.16953,1.17122,1.16904,1.17042,7646,1,0
2017-11-17 14:00:00,1.17041,1.17058,1.16895,1.16962,9165,1,0
2017-11-17 16:00:00,1.16963,1.16975,1.16726,1.16744,14504,1,0
2017-11-17 18:00:00,1.16746,1.16789,1.1655,1.1664,11062,1,0
2017-11-17 20:00:00,1.16642,1.16703,1.16599,1.16616,5922,1,0
2017-11-17 22:00:00,1.16616,1.16633,1.16501,1.1651,5419,1,0
2017-11-20 00:00:00,1.16558,1.16658,1.15994,1.16113,13117,1,0
2017-11-20 02:00:00,1.16113,1.16299,1.16102,1.16181,9972,1,0
2017-11-20 04:00:00,1.16182,1.16191,1.15905,1.16021,5189,1,0
2017-11-20 06:00:00,1.1602,1.16105,1.15985,1.16079,4992,1,0
2017-11-20 08:00:00,1.16077,1.16331,1.16067,1.16302,8023,1,0
2017-11-20 10:00:00,1.16302,1.16752,1.16295,1.16644,13750,1,0
2017-11-20 12:00:00,1.16645,1.16713,1.16567,1.16702,8191,1,0
2017-11-20 14:00:00,1.16701,1.16824,1.16695,1.16721,10004,1,0
2017-11-20 16:00:00,1.16724,1.16754,1.16392,1.16426,13355,1,0
2017-11-20 18:00:00,1.16428,1.16598,1.16393,1.16545,11964,1,0
2017-11-20 20:00:00,1.16547,1.16557,1.16462,1.1652,7464,1,0
2017-11-20 22:00:00,1.16522,1.16564,1.16478,1.16555,5863,1,0
2017-11-21 00:00:00,1.16554,1.16588,1.16506,1.16582,4829,1,0
2017-11-21 02:00:00,1.1658,1.16611,1.16498,1.16555,4643,1,0
2017-11-21 04:00:00,1.16555,1.16557,1.16496,1.1653,2654,3,0
2017-11-21 06:00:00,1.16529,1.1658,1.16529,1.16552,2423,1,0
2017-11-21 08:00:00,1.16552,1.1665,1.1651,1.16647,6482,1,0
2017-11-21 10:00:00,1.16649,1.16704,1.16382,1.16462,10861,1,0
2017-11-21 12:00:00,1.16458,1.16614,1.16458,1.16571,8119,1,0
2017-11-21 14:00:00,1.1657,1.16593,1.16341,1.16347,8612,1,0
2017-11-21 16:00:00,1.16346,1.16434,1.1618,1.16352,14309,1,0
2017-11-21 18:00:00,1.16352,1.16474,1.16328,1.16461,9107,1,0
2017-11-21 20:00:00,1.16462,1.16477,1.16397,1.16472,7010,1,0
2017-11-21 22:00:00,1.16471,1.16499,1.16351,1.16366,4607,1,0
2017-11-22 00:00:00,1.16355,1.16384,1.16204,1.16306,4254,5,0
2017-11-22 02:00:00,1.16306,1.16332,1.16238,1.16274,4774,2,0
2017-11-22 04:00:00,1.16274,1.1632,1.16263,1.163,3724,1,0
2017-11-22 06:00:00,1.163,1.16332,1.16289,1.16324,2781,2,0
2017-11-22 08:00:00,1.16321,1.16391,1.16276,1.16289,6365,1,0
2017-11-22 10:00:00,1.1629,1.16455,1.16276,1.1632,9353,1,0
2017-11-22 12:00:00,1.1632,1.16329,1.16183,1.16224,6308,1,0
2017-11-22 14:00:00,1.16225,1.16231,1.15999,1.16072,10839,1,0
2017-11-22 16:00:00,1.16072,1.16172,1.15854,1.15907,14699,1,0
2017-11-22 18:00:00,1.15905,1.16038,1.15853,1.1599,9932,1,0
2017-11-22 20:00:00,1.15991,1.16081,1.15963,1.16062,10382,1,0
2017-11-22 22:00:00,1.16062,1.16091,1.16009,1.16062,6515,2,0
2017-11-23 00:00:00,1.16062,1.16109,1.15853,1.16036,13466,4,0
2017-11-23 02:00:00,1.16037,1.16075,1.15952,1.16054,3603,2,0
2017-11-23 04:00:00,1.16054,1.16143,1.16004,1.16131,5382,1,0
2017-11-23 06:00:00,1.16142,1.16177,1.16098,1.16113,3751,1,0
2017-11-23 08:00:00,1.16112,1.16218,1.16082,1.16196,5905,1,0
2017-11-23 10:00:00,1.16194,1.16286,1.16144,1.16167,9217,1,0
2017-11-23 12:00:00,1.16168,1.16224,1.16051,1.16088,6705,1,0
2017-11-23 14:00:00,1.1609,1.16249,1.1607,1.1624,6499,1,0
2017-11-23 16:00:00,1.1624,1.16292,1.16193,1.1627,5863,1,0
2017-11-23 18:00:00,1.16273,1.16395,1.16258,1.16304,5793,1,0
2017-11-23 20:00:00,1.16304,1.16384,1.1625,1.16373,26329,1,0
2017-11-23 22:00:00,1.16373,1.16409,1.1625,1.16299,38938,1,0
2017-11-24 00:00:00,1.16297,1.16342,1.16251,1.16331,3332,2,0
2017-11-24 02:00:00,1.16332,1.16348,1.16266,1.16312,2812,1,0
2017-11-24 04:00:00,1.16311,1.16352,1.16302,1.16349,2785,1,0
2017-11-24 06:00:00,1.16348,1.16401,1.16341,1.16372,2790,1,0
2017-11-24 08:00:00,1.16372,1.16387,1.1626,1.16321,4648,1,0
2017-11-24 10:00:00,1.16321,1.16486,1.16268,1.1646,9135,1,0
2017-11-24 12:00:00,1.1646,1.16466,1.16366,1.16396,5675,1,0
2017-11-24 14:00:00,1.16397,1.16638,1.16391,1.16617,9263,1,0
2017-11-24 16:00:00,1.16619,1.16826,1.16612,1.16815,12316,1,0
2017-11-24 18:00:00,1.16812,1.16978,1.16768,1.16854,8393,1,0
2017-11-24 20:00:00,1.16855,1.16894,1.16748,1.16862,18206,1,0
2017-11-24 22:00:00,1.16864,1.16969,1.16774,1.16797,30456,1,0
2017-11-27 00:00:00,1.16743,1.16946,1.16743,1.16937,2459,7,0
2017-11-27 02:00:00,1.16936,1.16944,1.16808,1.16841,5382,2,0
2017-11-27 04:00:00,1.1684,1.16969,1.16818,1.16953,3745,1,0
2017-11-27 06:00:00,1.16952,1.16972,1.16883,1.16899,3059,2,0
2017-11-27 08:00:00,1.16899,1.16929,1.16822,1.1687,5193,1,0
2017-11-27 10:00:00,1.16869,1.16998,1.16771,1.1699,12673,1,0
2017-11-27 12:00:00,1.1699,1.17165,1.16939,1.17036,7688,1,0
2017-11-27 14:00:00,1.17037,1.17188,1.17004,1.17172,10075,1,0
2017-11-27 16:00:00,1.17173,1.17228,1.1689,1.16932,14944,1,0
2017-11-27 18:00:00,1.16934,1.16957,1.16728,1.168,11958,1,0
2017-11-27 20:00:00,1.168,1.16852,1.16736,1.16748,5608,1,0
2017-11-27 22:00:00,1.16747,1.16844,1.16726,1.16726,5001,2,0
2017-11-28 00:00:00,1.16726,1.16831,1.16511,1.16822,5452,6,0
2017-11-28 02:00:00,1.1682,1.1683,1.16728,1.16786,6159,1,0
2017-11-28 04:00:00,1.16786,1.16827,1.16761,1.16823,3535,1,0
2017-11-28 06:00:00,1.16825,1.16874,1.16806,1.16833,3768,1,0
2017-11-28 08:00:00,1.16832,1.16941,1.16776,1.16914,7726,1,0
2017-11-28 10:00:00,1.16911,1.16993,1.16784,1.16847,11427,1,0
2017-11-28 12:00:00,1.16848,1.1686,1.16708,1.16765,7903,1,0
2017-11-28 14:00:00,1.16763,1.16841,1.16727,1.16826,7765,1,0
2017-11-28 16:00:00,1.16827,1.16944,1.16748,1.16808,14176,1,0
2017-11-28 18:00:00,1.16806,1.16851,1.16632,1.1672,13183,1,0
2017-11-28 20:00:00,1.16721,1.16781,1.16455,1.16541,15177,1,0
2017-11-28 22:00:00,1.16539,1.16604,1.16453,1.16453,8839,1,0
2017-11-29 00:00:00,1.16453,1.16615,1.16436,1.16606,5971,2,0
2017-11-29 02:00:00,1.16607,1.16647,1.16588,1.16622,5424,1,0
2017-11-29 04:00:00,1.16623,1.16648,1.16576,1.16646,5396,2,0
2017-11-29 06:00:00,1.16646,1.16722,1.16641,1.16714,3921,1,0
2017-11-29 08:00:00,1.16716,1.16802,1.16691,1.16783,7073,1,0
2017-11-29 10:00:00,1.16782,1.16813,1.16586,1.16722,11263,1,0
2017-11-29 12:00:00,1.16725,1.16732,1.16514,1.16575,8662,1,0
2017-11-29 14:00:00,1.1657,1.16766,1.16569,1.16762,13504,1,0
2017-11-29 16:00:00,1.16764,1.16806,1.16578,1.16625,17940,1,0
2017-11-29 18:00:00,1.16625,1.16788,1.16609,1.16731,13710,1,0
2017-11-29 20:00:00,1.16731,1.16806,1.16667,1.16704,9335,2,0
2017-11-29 22:00:00,1.16708,1.16741,1.16623,1.16631,5043,1,0
2017-11-30 00:00:00,1.16617,1.16723,1.16556,1.16681,10042,6,0
2017-11-30 02:00:00,1.1668,1.16746,1.16662,1.16716,9503,1,0
2017-11-30 04:00:00,1.16716,1.168,1.16708,1.1677,5071,3,0
2017-11-30 06:00:00,1.16769,1.1681,1.16642,1.16796,4052,1,0
2017-11-30 08:00:00,1.16796,1.16935,1.16789,1.16865,6898,1,0
2017-11-30 10:00:00,1.16867,1.169,1.16649,1.16751,11625,1,0
2017-11-30 12:00:00,1.16751,1.16839,1.16491,1.16822,10014,1,0
2017-11-30 14:00:00,1.16822,1.17049,1.16818,1.16975,9489,1,0
2017-11-30 16:00:00,1.16976,1.17143,1.16961,1.17083,18233,1,0
2017-11-30 18:00:00,1.17083,1.17155,1.16994,1.17039,16045,1,0
2017-11-30 20:00:00,1.17039,1.17158,1.17014,1.17085,10023,1,0
2017-11-30 22:00:00,1.17091,1.1714,1.17054,1.1706,9233,1,0
2017-12-01 00:00:00,1.17042,1.17109,1.16912,1.17077,11019,4,0
2017-12-01 02:00:00,1.17079,1.17143,1.17058,1.17125,8598,2,0
2017-12-01 04:00:00,1.17123,1.17193,1.17105,1.1719,7462,1,0
2017-12-01 06:00:00,1.1719,1.17308,1.17139,1.17287,5404,1,0
2017-12-01 08:00:00,1.17287,1.17292,1.1715,1.17254,8696,1,0
2017-12-01 10:00:00,1.17251,1.17367,1.17016,1.17045,12612,1,0
2017-12-01 12:00:00,1.17046,1.17155,1.16841,1.16883,10543,1,0
2017-12-01 14:00:00,1.16883,1.1707,1.16816,1.17062,13078,1,0
2017-12-01 16:00:00,1.17061,1.17076,1.16745,1.16764,19027,1,0
2017-12-01 18:00:00,1.16765,1.16826,1.15981,1.16029,32359,1,0
2017-12-01 20:00:00,1.16028,1.16322,1.16024,1.16062,13300,1,0
2017-12-01 22:00:00,1.1606,1.16209,1.16016,1.16016,4661,2,0
2017-12-04 00:00:00,1.16355,1.16486,1.16262,1.16483,4906,1,0
2017-12-04 02:00:00,1.16484,1.16678,1.16435,1.16639,6861,1,0
2017-12-04 04:00:00,1.16638,1.16642,1.16559,1.16636,4179,2,0
2017-12-04 06:00:00,1.16635,1.16657,1.16565,1.16645,4215,2,0
2017-12-04 08:00:00,1.16645,1.1672,1.16493,1.16577,12170,1,0
2017-12-04 10:00:00,1.16574,1.16685,1.16495,1.16542,10717,1,0
2017-12-04 12:00:00,1.16536,1.16686,1.16499,1.16659,9911,1,0
2017-12-04 14:00:00,1.16656,1.16689,1.16527,1.16557,11156,1,0
2017-12-04 16:00:00,1.16561,1.16709,1.16501,1.16684,18152,1,0
2017-12-04 18:00:00,1.16685,1.16869,1.16672,1.16847,10685,1,0
2017-12-04 20:00:00,1.16847,1.16881,1.16797,1.1687,7286,1,0
2017-12-04 22:00:00,1.16872,1.16932,1.16813,1.16879,15204,1,0
2017-12-05 00:00:00,1.16879,1.16908,1.16809,1.1686,5973,3,0
2017-12-05 02:00:00,1.16859,1.16888,1.16828,1.16878,5653,1,0
2017-12-05 04:00:00,1.16877,1.16956,1.1687,1.16901,4372,1,0
2017-12-05 06:00:00,1.16901,1.16905,1.16834,1.16843,4020,3,0
2017-12-05 08:00:00,1.1684,1.16965,1.16839,1.16939,6282,1,0
2017-12-05 10:00:00,1.1694,1.17034,1.16734,1.16858,9474,1,0
2017-12-05 12:00:00,1.16854,1.16935,1.16759,1.16808,7645,1,0
2017-12-05 14:00:00,1.16809,1.16862,1.16602,1.16608,8224,1,0
2017-12-05 16:00:00,1.16609,1.1683,1.16602,1.16816,19306,1,0
2017-12-05 18:00:00,1.16813,1.16845,1.1662,1.1669,13631,1,0
2017-12-05 20:00:00,1.16689,1.16785,1.16649,1.16751,9121,1,0
2017-12-05 22:00:00,1.16753,1.16817,1.16712,1.16712,7124,2,0
2017-12-06 00:00:00,1.16712,1.16831,1.16705,1.16827,4659,5,0
2017-12-06 02:00:00,1.16828,1.16832,1.1674,1.16764,5842,1,0
2017-12-06 04:00:00,1.16764,1.1685,1.16717,1.16842,6764,1,0
2017-12-06 06:00:00,1.16842,1.16866,1.16715,1.16754,5446,1,0
2017-12-06 08:00:00,1.16752,1.16794,1.16582,1.1674,8103,1,0
2017-12-06 10:00:00,1.16739,1.16883,1.16718,1.16862,10154,1,0
2017-12-06 12:00:00,1.16861,1.17006,1.16795,1.16817,10165,1,0
2017-12-06 14:00:00,1.16816,1.16821,1.16708,1.1673,10253,1,0
2017-12-06 16:00:00,1.16732,1.16815,1.16649,1.16678,16431,1,0
2017-12-06 18:00:00,1.1668,1.16811,1.16669,1.16763,10367,1,0
2017-12-06 20:00:00,1.16762,1.16808,1.16747,1.16777,6835,1,0
2017-12-06 22:00:00,1.16776,1.16803,1.16737,1.16749,5529,1,0
2017-12-07 00:00:00,1.16749,1.16878,1.16596,1.16784,5540,1,0
2017-12-07 02:00:00,1.16783,1.16863,1.16782,1.16802,6044,1,0
2017-12-07 04:00:00,1.16803,1.16823,1.16747,1.16789,4088,1,0
2017-12-07 06:00:00,1.16789,1.16821,1.16743,1.16769,4239,1,0
2017-12-07 08:00:00,1.1677,1.16863,1.16755,1.16819,5995,1,0
2017-12-07 10:00:00,1.16818,1.16913,1.16799,1.16882,7401,1,0
2017-12-07 12:00:00,1.16881,1.17032,1.1678,1.17007,7730,1,0
2017-12-07 14:00:00,1.17009,1.17081,1.16921,1.16961,10434,1,0
2017-12-07 16:00:00,1.16962,1.17092,1.16916,1.17066,14408,1,0
2017-12-07 18:00:00,1.17067,1.17097,1.16912,1.17094,8705,1,0
2017-12-07 20:00:00,1.17094,1.17169,1.17002,1.17074,10643,1,0
2017-12-07 22:00:00,1.17075,1.17129,1.1704,1.17048,8704,1,0
2017-12-08 00:00:00,1.17048,1.17129,1.17016,1.17104,4221,2,0
2017-12-08 02:00:00,1.17104,1.17138,1.17067,1.17086,5604,1,0
2017-12-08 04:00:00,1.17087,1.17116,1.1704,1.17052,4216,1,0
2017-12-08 06:00:00,1.17051,1.17173,1.17026,1.17165,3973,1,0
2017-12-08 08:00:00,1.17166,1.17193,1.16959,1.17063,10902,1,0
2017-12-08 10:00:00,1.1706,1.17076,1.16891,1.16984,12289,1,0
2017-12-08 12:00:00,1.16983,1.17112,1.16935,1.17016,6469,1,0
2017-12-08 14:00:00,1.17018,1.17097,1.16901,1.16967,14705,1,0
2017-12-08 16:00:00,1.16968,1.17036,1.16822,1.16859,17596,1,0
2017-12-08 18:00:00,1.16862,1.16935,1.16755,1.16802,10466,1,0
2017-12-08 20:00:00,1.16802,1.16848,1.16761,1.16832,5701,3,0
2017-12-08 22:00:00,1.16831,1.16932,1.16785,1.16932,4066,1,0
2017-12-11 00:00:00,1.16919,1.16919,1.16745,1.16854,3731,7,0
2017-12-11 02:00:00,1.1685,1.16895,1.16818,1.16856,7159,1,0
2017-12-11 04:00:00,1.16855,1.16896,1.16837,1.16839,6091,1,0
2017-12-11 06:00:00,1.1684,1.16876,1.16818,1.16854,4751,1,0
2017-12-11 08:00:00,1.16849,1.16894,1.16776,1.16829,6671,1,0
2017-12-11 10:00:00,1.16826,1.16914,1.16779,1.16885,9435,1,0
2017-12-11 12:00:00,1.16886,1.16963,1.16772,1.16812,7538,1,0
2017-12-11 14:00:00,1.16815,1.16837,1.16713,1.16783,7916,1,0
2017-12-11 16:00:00,1.16784,1.16941,1.16769,1.16833,11808,1,0
2017-12-11 18:00:00,1.16832,1.16944,1.16765,1.16802,8951,1,0
2017-12-11 20:00:00,1.16801,1.16852,1.16771,1.16845,5570,2,0
2017-12-11 22:00:00,1.16841,1.16845,1.16695,1.16695,6506,2,0
2017-12-12 00:00:00,1.16695,1.16785,1.1668,1.16754,6643,3,0
2017-12-12 02:00:00,1.16754,1.16784,1.1671,1.16711,5269,2,0
2017-12-12 04:00:00,1.1671,1.1674,1.16664,1.16724,2900,3,0
2017-12-12 06:00:00,1.16723,1.16791,1.16704,1.16767,3355,4,0
2017-12-12 08:00:00,1.16768,1.16846,1.16742,1.16747,6338,3,0
2017-12-12 10:00:00,1.16746,1.16827,1.16519,1.16593,12951,1,0
2017-12-12 12:00:00,1.16594,1.16701,1.16538,1.16673,8488,1,0
2017-12-12 14:00:00,1.16673,1.16725,1.16561,1.1659,9252,1,0
2017-12-12 16:00:00,1.16589,1.16616,1.16373,1.16422,12779,1,0
2017-12-12 18:00:00,1.16422,1.16452,1.16246,1.16334,12963,1,0
2017-12-12 20:00:00,1.16333,1.1648,1.16323,1.16479,7874,1,0
2017-12-12 22:00:00,1.1648,1.16483,1.16386,1.16424,6470,1,0
2017-12-13 00:00:00,1.16424,1.16432,1.16315,1.16424,3681,4,0
2017-12-13 02:00:00,1.16425,1.16431,1.16341,1.16388,4766,3,0
2017-12-13 04:00:00,1.16389,1.16426,1.16328,1.16411,6521,1,0
2017-12-13 06:00:00,1.1641,1.16429,1.16383,1.164,3412,3,0
2017-12-13 08:00:00,1.16399,1.16438,1.16335,1.16355,4409,1,0
2017-12-13 10:00:00,1.16354,1.16516,1.16347,1.16499,5781,1,0
2017-12-13 12:00:00,1.165,1.16546,1.16421,1.16448,5693,1,0
2017-12-13 14:00:00,1.16448,1.16491,1.16262,1.16309,12485,1,0
2017-12-13 16:00:00,1.16308,1.16459,1.16268,1.16295,12298,1,0
2017-12-13 18:00:00,1.16297,1.16471,1.16279,1.16291,10290,1,0
2017-12-13 20:00:00,1.16291,1.16417,1.16131,1.16405,19505,1,0
2017-12-13 22:00:00,1.16407,1.16563,1.1638,1.16531,12362,2,0
2017-12-14 00:00:00,1.16531,1.16694,1.1649,1.16644,8540,1,0
2017-12-14 02:00:00,1.16644,1.16666,1.16583,1.16586,8223,1,0
2017-12-14 04:00:00,1.16586,1.16624,1.165,1.165,5735,1,0
2017-12-14 06:00:00,1.16499,1.16524,1.16464,1.16467,4947,1,0
2017-12-14 08:00:00,1.16467,1.16517,1.16417,1.16485,6707,1,0
2017-12-14 10:00:00,1.16488,1.16836,1.16459,1.16786,13547,1,0
2017-12-14 12:00:00,1.16787,1.16965,1.16742,1.16752,9710,1,0
2017-12-14 14:00:00,1.16752,1.17042,1.16737,1.16867,17915,1,0
2017-12-14 16:00:00,1.16865,1.16866,1.16539,1.16558,17998,1,0
2017-12-14 18:00:00,1.1656,1.16645,1.16477,1.16601,12013,1,0
2017-12-14 20:00:00,1.166,1.16602,1.16389,1.16424,9615,1,0
2017-12-14 22:00:00,1.16426,1.16495,1.16369,1.16458,9014,1,0
2017-12-15 00:00:00,1.16463,1.16493,1.16371,1.16442,10901,1,0
2017-12-15 02:00:00,1.1644,1.16545,1.16431,1.16504,7955,1,0
2017-12-15 04:00:00,1.16505,1.16524,1.16435,1.1645,7293,3,0
2017-12-15 06:00:00,1.16453,1.16507,1.16405,1.16411,4705,2,0
2017-12-15 08:00:00,1.16407,1.16536,1.16393,1.16507,7220,1,0
2017-12-15 10:00:00,1.16503,1.16569,1.16404,1.16552,9294,1,0
2017-12-15 12:00:00,1.16551,1.16697,1.16506,1.16669,7984,1,0
2017-12-15 14:00:00,1.1667,1.16774,1.16619,1.16762,10916,1,0
2017-12-15 16:00:00,1.16759,1.16868,1.16651,1.16653,17628,1,0
2017-12-15 18:00:00,1.16653,1.16757,1.1653,1.16654,11851,1,0
2017-12-15 20:00:00,1.16656,1.16686,1.16471,1.16473,8196,1,0
2017-12-15 22:00:00,1.16472,1.16483,1.16299,1.16395,5056,1,0
2017-12-18 00:00:00,1.16341,1.16434,1.16201,1.164,11037,7,0
2017-12-18 02:00:00,1.16401,1.16495,1.1637,1.16463,17350,4,0
2017-12-18 04:00:00,1.16462,1.16509,1.16449,1.16485,4638,4,0
2017-12-18 06:00:00,1.16485,1.16493,1.16424,1.16466,6824,4,0
2017-12-18 08:00:00,1.16467,1.16556,1.16434,1.16525,10453,4,0
2017-12-18 10:00:00,1.16526,1.16677,1.16511,1.16587,11506,4,0
2017-12-18 12:00:00,1.16586,1.16598,1.1647,1.16503,8641,4,0
2017-12-18 14:00:00,1.16505,1.16553,1.16469,1.16471,7581,4,0
2017-12-18 16:00:00,1.16472,1.16591,1.16378,1.16401,16333,4,0
2017-12-18 18:00:00,1.16401,1.16414,1.16159,1.16175,9396,4,0
2017-12-18 20:00:00,1.16174,1.16245,1.16123,1.16174,6982,4,0
2017-12-18 22:00:00,1.16175,1.16209,1.16105,1.16109,5557,4,0
2017-12-19 00:00:00,1.16109,1.16193,1.16074,1.16143,8823,6,0
2017-12-19 02:00:00,1.16144,1.16187,1.16118,1.16147,5252,4,0
2017-12-19 04:00:00,1.16147,1.16221,1.16136,1.16212,9682,4,0
2017-12-19 06:00:00,1.16211,1.16238,1.16188,1.16217,3249,4,0
2017-12-19 08:00:00,1.16218,1.1632,1.16167,1.1628,9541,4,0
2017-12-19 10:00:00,1.1628,1.16429,1.16192,1.16258,10997,4,0
2017-12-19 12:00:00,1.16258,1.16373,1.16176,1.16216,8846,4,0
2017-12-19 14:00:00,1.16217,1.16641,1.16193,1.16638,12736,4,0
2017-12-19 16:00:00,1.16639,1.16698,1.16544,1.16617,16104,4,0
2017-12-19 18:00:00,1.16616,1.16658,1.1653,1.16643,14079,4,0
2017-12-19 20:00:00,1.16644,1.16765,1.1664,1.16731,8627,4,0
2017-12-19 22:00:00,1.1673,1.16749,1.16574,1.1658,6030,4,0
2017-12-20 00:00:00,1.1658,1.16668,1.16527,1.16656,3161,4,0
2017-12-20 02:00:00,1.16658,1.16689,1.16609,1.1662,5663,5,0
2017-12-20 04:00:00,1.16619,1.16675,1.16607,1.16672,3098,6,0
2017-12-20 06:00:00,1.16672,1.16683,1.16644,1.16665,4224,5,0
2017-12-20 08:00:00,1.16667,1.16712,1.16566,1.16704,8434,4,0
2017-12-20 10:00:00,1.16704,1.16889,1.16684,1.16835,12029,4,0
2017-12-20 12:00:00,1.16834,1.16982,1.16819,1.16954,9544,4,0
2017-12-20 14:00:00,1.16953,1.17066,1.16895,1.17053,10649,4,0
2017-12-20 16:00:00,1.17052,1.17102,1.16865,1.17025,19920,4,0
2017-12-20 18:00:00,1.17025,1.17171,1.17005,1.17092,11375,4,0
2017-12-20 20:00:00,1.17092,1.1719,1.17084,1.17189,6747,4,0
2017-12-20 22:00:00,1.1719,1.17201,1.17129,1.17129,6678,4,0
2017-12-21 00:00:00,1.17129,1.17177,1.16895,1.17137,13885,8,0
2017-12-21 02:00:00,1.17145,1.17152,1.17072,1.17073,5459,4,0
2017-12-21 04:00:00,1.17073,1.17089,1.16982,1.17008,3682,5,0
2017-12-21 06:00:00,1.17008,1.17031,1.16983,1.17009,3967,6,0
2017-12-21 08:00:00,1.17008,1.17119,1.1698,1.17091,9000,4,0
2017-12-21 10:00:00,1.17092,1.17266,1.17048,1.17253,11531,4,0
2017-12-21 12:00:00,1.17252,1.17363,1.17145,1.17317,8339,4,0
2017-12-21 14:00:00,1.17317,1.1739,1.17233,1.17376,10950,4,0
2017-12-21 16:00:00,1.17377,1.175,1.17101,1.17306,14286,4,0
2017-12-21 18:00:00,1.17307,1.17442,1.17273,1.17397,11832,4,0
2017-12-21 20:00:00,1.17398,1.17402,1.17312,1.17317,6578,4,0
2017-12-21 22:00:00,1.17323,1.17387,1.1729,1.17334,5999,4,0
2017-12-22 00:00:00,1.17319,1.17368,1.17195,1.17195,5298,9,0
2017-12-22 02:00:00,1.17195,1.17202,1.16958,1.17179,13178,4,0
2017-12-22 04:00:00,1.17178,1.17208,1.17107,1.17152,4871,4,0
2017-12-22 06:00:00,1.17152,1.17225,1.17145,1.17218,3476,5,0
2017-12-22 08:00:00,1.17218,1.17315,1.17206,1.17267,7855,4,0
2017-12-22 10:00:00,1.17267,1.1739,1.17185,1.17247,11819,4,0
2017-12-22 12:00:00,1.17248,1.17293,1.1717,1.17259,10341,4,0
2017-12-22 14:00:00,1.17259,1.17366,1.17227,1.17347,8473,4,0
2017-12-22 16:00:00,1.17348,1.17443,1.17096,1.17139,12648,4,0
2017-12-22 18:00:00,1.17138,1.17314,1.17116,1.17313,8790,4,0
2017-12-22 20:00:00,1.17314,1.17349,1.17229,1.1733,6514,4,0
2017-12-22 22:00:00,1.17332,1.17381,1.17231,1.17321,3682,6,0
2017-12-26 06:00:00,1.17437,1.17446,1.17397,1.17419,1717,28,0
2017-12-26 08:00:00,1.17425,1.17469,1.174,1.17413,4059,6,0
2017-12-26 10:00:00,1.17413,1.17449,1.17347,1.17398,6078,8,0
2017-12-26 12:00:00,1.17398,1.17547,1.17381,1.17439,4712,8,0
2017-12-26 14:00:00,1.17441,1.17442,1.17316,1.17416,5995,8,0
2017-12-26 16:00:00,1.17416,1.17504,1.17361,1.17423,8076,4,0
2017-12-26 18:00:00,1.17423,1.17431,1.17332,1.17408,3814,6,0
2017-12-26 20:00:00,1.17409,1.17428,1.17337,1.17361,3268,5,0
2017-12-26 22:00:00,1.17362,1.17386,1.17293,1.17293,4432,7,0
2017-12-27 00:00:00,1.17293,1.17385,1.17197,1.17358,8618,4,0
2017-12-27 02:00:00,1.17358,1.174,1.17307,1.17397,5143,4,0
2017-12-27 04:00:00,1.17396,1.17403,1.17306,1.17378,3686,4,0
2017-12-27 06:00:00,1.17378,1.17461,1.17376,1.17447,3820,4,0
2017-12-27 08:00:00,1.17448,1.17551,1.1743,1.17484,7479,4,0
2017-12-27 10:00:00,1.17487,1.17581,1.17425,1.17552,13701,4,0
2017-12-27 12:00:00,1.17552,1.17713,1.17545,1.17591,9093,4,0
2017-12-27 14:00:00,1.1759,1.17737,1.17564,1.17716,9882,4,0
2017-12-27 16:00:00,1.17716,1.17765,1.1751,1.17528,14816,4,0
2017-12-27 18:00:00,1.17527,1.17596,1.1736,1.17423,9250,4,0
2017-12-27 20:00:00,1.17424,1.17463,1.17323,1.17373,6114,4,0
2017-12-27 22:00:00,1.17372,1.17385,1.1721,1.1722,4971,4,0
2017-12-28 00:00:00,1.1722,1.17349,1.17084,1.17318,26096,12,0
2017-12-28 02:00:00,1.17315,1.17348,1.1726,1.17335,18144,4,0
2017-12-28 04:00:00,1.17336,1.17375,1.17287,1.17298,18193,4,0
2017-12-28 06:00:00,1.17299,1.17349,1.17214,1.17235,28528,4,0
2017-12-28 08:00:00,1.17236,1.17244,1.16997,1.17044,26651,4,0
2017-12-28 10:00:00,1.17051,1.17225,1.17007,1.17068,31321,4,0
2017-12-28 12:00:00,1.17069,1.17084,1.16892,1.16949,17231,4,0
2017-12-28 14:00:00,1.1695,1.17103,1.16944,1.17076,8279,4,0
2017-12-28 16:00:00,1.17075,1.17076,1.16823,1.16875,12077,4,0
2017-12-28 18:00:00,1.16877,1.17016,1.16805,1.16938,12671,4,0
2017-12-28 20:00:00,1.16938,1.17031,1.1689,1.1692,6701,4,0
2017-12-28 22:00:00,1.1692,1.16929,1.16828,1.16875,4148,4,0
2017-12-29 00:00:00,1.16875,1.17012,1.16748,1.16867,13440,4,0
2017-12-29 02:00:00,1.16865,1.16872,1.1671,1.16798,4963,5,0
2017-12-29 04:00:00,1.16799,1.1692,1.16781,1.16882,5996,4,0
2017-12-29 06:00:00,1.16881,1.16921,1.1686,1.16913,3333,6,0
2017-12-29 08:00:00,1.16912,1.1697,1.16777,1.16777,7250,4,0
2017-12-29 10:00:00,1.16777,1.1693,1.16729,1.16919,9449,4,0
2017-12-29 12:00:00,1.16919,1.17007,1.16769,1.16932,7117,4,0
2017-12-29 14:00:00,1.16932,1.17055,1.16842,1.17045,8697,4,0
2017-12-29 16:00:00,1.17044,1.17223,1.16966,1.1702,12212,4,0
2017-12-29 18:00:00,1.1702,1.1718,1.16974,1.17044,14307,4,0
2017-12-29 20:00:00,1.17044,1.1711,1.16967,1.17063,6747,4,0
2017-12-29 22:00:00,1.17063,1.17067,1.16868,1.16903,4159,5,0
2018-01-02 00:00:00,1.16987,1.17075,1.16853,1.17068,2650,29,0
2018-01-02 02:00:00,1.17063,1.17105,1.17019,1.1705,2195,25,0
2018-01-02 04:00:00,1.17055,1.17059,1.16923,1.16923,2489,21,0
2018-01-02 06:00:00,1.16928,1.17071,1.16924,1.17071,1956,10,0
2018-01-02 08:00:00,1.17071,1.17137,1.17006,1.17137,9352,4,0
2018-01-02 10:00:00,1.17138,1.17246,1.1707,1.17245,12256,4,0
2018-01-02 12:00:00,1.17245,1.17276,1.17115,1.17142,11115,4,0
2018-01-02 14:00:00,1.17142,1.1724,1.171,1.17162,9066,4,0
2018-01-02 16:00:00,1.17161,1.17183,1.16915,1.1711,14744,4,0
2018-01-02 18:00:00,1.17118,1.17155,1.17038,1.17125,11781,4,0
2018-01-02 20:00:00,1.17126,1.17171,1.17094,1.17148,4529,4,0
2018-01-02 22:00:00,1.17147,1.17237,1.17129,1.17135,5435,4,0
2018-01-03 00:00:00,1.17135,1.17259,1.1707,1.17174,21507,4,0
2018-01-03 02:00:00,1.17175,1.17255,1.17118,1.17159,6682,4,0
2018-01-03 04:00:00,1.17158,1.17163,1.17103,1.17122,4142,4,0
2018-01-03 06:00:00,1.17122,1.17174,1.17115,1.17168,3817,4,0
2018-01-03 08:00:00,1.17168,1.17192,1.17051,1.1706,9910,4,0
2018-01-03 10:00:00,1.17058,1.17122,1.17003,1.17077,8549,4,0
2018-01-03 12:00:00,1.17077,1.17313,1.17036,1.17284,11196,4,0
2018-01-03 14:00:00,1.17284,1.17472,1.17247,1.17461,9140,4,0
2018-01-03 16:00:00,1.17461,1.17623,1.17414,1.17452,13915,4,0
2018-01-03 18:00:00,1.17453,1.17513,1.17394,1.17453,9367,4,0
2018-01-03 20:00:00,1.17453,1.17491,1.17381,1.17391,7819,4,0
2018-01-03 22:00:00,1.1739,1.17431,1.17323,1.17384,6550,5,0
2018-01-04 00:00:00,1.17384,1.17408,1.17306,1.17358,7253,4,0
2018-01-04 02:00:00,1.17358,1.17441,1.17335,1.17425,5400,4,0
2018-01-04 04:00:00,1.17427,1.17496,1.17417,1.17486,4999,6,0
2018-01-04 06:00:00,1.17486,1.17528,1.1747,1.17506,4080,4,0
2018-01-04 08:00:00,1.17507,1.17582,1.17457,1.17566,9901,4,0
2018-01-04 10:00:00,1.17566,1.17597,1.17424,1.1757,9729,5,0
2018-01-04 12:00:00,1.1757,1.17653,1.17514,1.17646,8921,4,0
2018-01-04 14:00:00,1.17646,1.1769,1.17556,1.17653,11400,4,0
2018-01-04 16:00:00,1.17653,1.1775,1.17653,1.17694,13861,4,0
2018-01-04 18:00:00,1.17694,1.17739,1.17598,1.17635,10938,4,0
2018-01-04 20:00:00,1.17636,1.17681,1.17596,1.17661,5664,4,0
2018-01-04 22:00:00,1.17662,1.17667,1.1745,1.1745,4403,4,0
2018-01-05 00:00:00,1.1745,1.1765,1.17429,1.17588,5320,9,0
2018-01-05 02:00:00,1.17587,1.17662,1.17574,1.17626,6124,4,0
2018-01-05 04:00:00,1.17627,1.17659,1.17602,1.17651,4760,4,0
2018-01-05 06:00:00,1.17652,1.17668,1.17618,1.17641,3837,6,0
2018-01-05 08:00:00,1.17638,1.17735,1.17625,1.1772,9253,4,0
2018-01-05 10:00:00,1.17719,1.17783,1.17674,1.17689,7794,4,0
2018-01-05 12:00:00,1.17677,1.17767,1.17656,1.17677,6749,4,0
2018-01-05 14:00:00,1.17678,1.17691,1.17547,1.17561,13405,5,0
2018-01-05 16:00:00,1.1756,1.17667,1.17374,1.17378,19888,4,0
2018-01-05 18:00:00,1.17379,1.17543,1.17325,1.17536,10132,4,0
2018-01-05 20:00:00,1.17537,1.17555,1.17509,1.1751,3931,4,0
2018-01-05 22:00:00,1.17509,1.17514,1.1721,1.17258,4402,4,0
2018-01-08 00:00:00,1.1728,1.17376,1.17181,1.17368,4289,14,0
2018-01-08 02:00:00,1.17368,1.17463,1.17352,1.17441,4805,5,0
2018-01-08 04:00:00,1.1744,1.17441,1.17325,1.1734,4429,5,0
2018-01-08 06:00:00,1.17341,1.17349,1.17266,1.17289,5584,5,0
2018-01-08 08:00:00,1.17289,1.17306,1.17144,1.17187,7564,3,0
2018-01-08 10:00:00,1.17188,1.17309,1.17129,1.17303,8647,1,0
2018-01-08 12:00:00,1.17305,1.17336,1.17178,1.17182,7466,1,0
2018-01-08 14:00:00,1.17184,1.17237,1.17013,1.17075,8589,3,0
2018-01-08 16:00:00,1.17074,1.17074,1.16857,1.1692,13009,1,0
2018-01-08 18:00:00,1.1692,1.16997,1.1686,1.16943,9856,1,0
2018-01-08 20:00:00,1.16944,1.16978,1.16831,1.16963,5789,1,0
2018-01-08 22:00:00,1.16964,1.16975,1.16892,1.16895,3525,3,0
2018-01-09 00:00:00,1.16866,1.16992,1.16836,1.1699,2703,8,0
2018-01-09 02:00:00,1.16991,1.17065,1.16931,1.16958,8165,1,0
2018-01-09 04:00:00,1.16958,1.16966,1.16907,1.16947,8167,6,0
2018-01-09 06:00:00,1.16948,1.16981,1.16912,1.16966,4182,4,0
2018-01-09 08:00:00,1.16966,1.17159,1.16894,1.1711,12226,1,0
2018-01-09 10:00:00,1.1711,1.17322,1.17084,1.17281,13127,2,0
2018-01-09 12:00:00,1.17278,1.17292,1.17161,1.17199,8208,1,0
2018-01-09 14:00:00,1.17199,1.17291,1.17116,1.17195,10292,1,0
2018-01-09 16:00:00,1.17193,1.1736,1.17171,1.17237,13721,2,0
2018-01-09 18:00:00,1.17238,1.17249,1.17135,1.1722,8691,1,0
2018-01-09 20:00:00,1.1722,1.17339,1.17218,1.17336,4723,1,0
2018-01-09 22:00:00,1.17335,1.17385,1.1725,1.1725,3544,2,0
2018-01-10 00:00:00,1.1725,1.17396,1.17206,1.17365,3423,10,0
2018-01-10 02:00:00,1.17367,1.17472,1.17364,1.17451,8901,2,0
2018-01-10 04:00:00,1.1745,1.17471,1.1741,1.17417,5076,2,0
2018-01-10 06:00:00,1.17416,1.17444,1.17351,1.17378,5483,4,0
2018-01-10 08:00:00,1.17378,1.17443,1.17244,1.17273,13016,1,0
2018-01-10 10:00:00,1.17274,1.17422,1.17271,1.17284,9413,1,0
2018-01-10 12:00:00,1.17284,1.17456,1.1704,1.17413,24246,1,0
2018-01-10 14:00:00,1.17414,1.17455,1.17207,1.17259,15000,1,0
2018-01-10 16:00:00,1.1726,1.17263,1.16991,1.17075,18287,1,0
2018-01-10 18:00:00,1.17078,1.17124,1.16859,1.17037,14581,2,0
2018-01-10 20:00:00,1.17037,1.17058,1.16927,1.16958,10347,1,0
2018-01-10 22:00:00,1.16957,1.17002,1.16854,1.16892,6856,4,0
2018-01-11 00:00:00,1.16892,1.16953,1.16858,1.16887,3291,13,0
2018-01-11 02:00:00,1.16888,1.16989,1.16878,1.16974,9745,1,0
2018-01-11 04:00:00,1.16974,1.1707,1.16932,1.16991,9744,5,0
2018-01-11 06:00:00,1.16991,1.17036,1.16962,1.16991,9370,3,0
2018-01-11 08:00:00,1.1699,1.17186,1.16969,1.1713,11151,1,0
2018-01-11 10:00:00,1.17129,1.17189,1.1696,1.17017,10726,1,0
2018-01-11 12:00:00,1.17015,1.17051,1.16901,1.16933,9260,2,0
2018-01-11 14:00:00,1.16932,1.17478,1.16901,1.1731,27458,1,0
2018-01-11 16:00:00,1.17311,1.1745,1.17254,1.17445,19080,1,0
2018-01-11 18:00:00,1.17446,1.1757,1.17265,1.17424,11486,1,0
2018-01-11 20:00:00,1.17426,1.17557,1.17369,1.17493,8573,1,0
2018-01-11 22:00:00,1.17493,1.17504,1.17363,1.17402,5459,4,0
2018-01-12 00:00:00,1.17402,1.17506,1.17353,1.17495,3947,7,0
2018-01-12 02:00:00,1.17496,1.17583,1.17478,1.17577,11697,2,0
2018-01-12 04:00:00,1.17576,1.17585,1.17532,1.17544,6039,5,0
2018-01-12 06:00:00,1.17545,1.17654,1.17533,1.17652,5927,3,0
2018-01-12 08:00:00,1.17648,1.17728,1.17574,1.17661,13743,1,0
2018-01-12 10:00:00,1.17661,1.17893,1.17591,1.17815,24136,1,0
2018-01-12 12:00:00,1.17814,1.1782,1.17653,1.17713,11929,2,0
2018-01-12 14:00:00,1.17712,1.17985,1.17706,1.17865,22708,1,0
2018-01-12 16:00:00,1.17866,1.18017,1.17763,1.18014,27521,1,0
2018-01-12 18:00:00,1.18014,1.18014,1.17755,1.17885,20754,1,0
2018-01-12 20:00:00,1.17885,1.18,1.17852,1.17992,14139,1,0
2018-01-12 22:00:00,1.17995,1.18099,1.17943,1.1805,9367,1,0
2018-01-15 00:00:00,1.18029,1.18129,1.17981,1.18031,5347,1,0
2018-01-15 02:00:00,1.18036,1.18063,1.17973,1.17985,14188,1,0
2018-01-15 04:00:00,1.17984,1.18017,1.17919,1.17972,9178,5,0
2018-01-15 06:00:00,1.17971,1.18188,1.17935,1.18134,14766,2,0
2018-01-15 08:00:00,1.18134,1.18154,1.17956,1.18025,13913,1,0
2018-01-15 10:00:00,1.18025,1.18054,1.17829,1.17993,16499,1,0
2018-01-15 12:00:00,1.17992,1.18186,1.17891,1.17894,16230,1,0
2018-01-15 14:00:00,1.17895,1.18021,1.17833,1.17977,11294,1,0
2018-01-15 16:00:00,1.17977,1.18105,1.17894,1.18097,12494,1,0
2018-01-15 18:00:00,1.18099,1.18327,1.18062,1.18091,12567,1,0
2018-01-15 20:00:00,1.18091,1.18175,1.18045,1.18097,16162,1,0
2018-01-15 22:00:00,1.18102,1.18191,1.18054,1.18054,24310,1,0
2018-01-16 00:00:00,1.18054,1.18175,1.18029,1.18157,3147,9,0
2018-01-16 02:00:00,1.18158,1.18183,1.1809,1.18138,10861,5,0
2018-01-16 04:00:00,1.18137,1.18219,1.18112,1.18152,11413,2,0
2018-01-16 06:00:00,1.18153,1.18211,1.18138,1.18192,9193,5,0
2018-01-16 08:00:00,1.18193,1.1828,1.17913,1.18054,23115,1,0
2018-01-16 10:00:00,1.18054,1.1811,1.17913,1.18041,17757,1,0
2018-01-16 12:00:00,1.18042,1.18054,1.17862,1.17924,15459,1,0
2018-01-16 14:00:00,1.17924,1.18003,1.1786,1.17902,11260,1,0
2018-01-16 16:00:00,1.17903,1.17937,1.17637,1.1765,21782,1,0
2018-01-16 18:00:00,1.1765,1.17874,1.17648,1.17871,14111,1,0
2018-01-16 20:00:00,1.1787,1.17952,1.17622,1.17722,11588,1,0
2018-01-16 22:00:00,1.17722,1.17747,1.17601,1.17622,6810,3,0
2018-01-17 00:00:00,1.17622,1.17703,1.17571,1.17696,4621,3,0
2018-01-17 02:00:00,1.17697,1.18019,1.17679,1.17883,20863,1,0
2018-01-17 04:00:00,1.17883,1.18012,1.1785,1.17967,15102,1,0
2018-01-17 06:00:00,1.17968,1.17971,1.17827,1.17864,19029,1,0
2018-01-17 08:00:00,1.17863,1.17891,1.17607,1.1765,23308,1,0
2018-01-17 10:00:00,1.1765,1.1793,1.17647,1.179,18441,1,0
2018-01-17 12:00:00,1.17901,1.17961,1.17732,1.17736,14549,1,0
2018-01-17 14:00:00,1.17735,1.17812,1.17593,1.17599,13973,1,0
2018-01-17 16:00:00,1.17598,1.17729,1.17541,1.17638,21644,1,0
2018-01-17 18:00:00,1.17637,1.17684,1.17527,1.17667,15412,1,0
2018-01-17 20:00:00,1.17667,1.17727,1.17597,1.1765,16664,1,0
2018-01-17 22:00:00,1.17649,1.17683,1.17566,1.17583,16957,1,0
2018-01-18 00:00:00,1.17583,1.1768,1.17519,1.17561,4580,7,0
2018-01-18 02:00:00,1.17562,1.17664,1.17537,1.17563,17900,3,0
2018-01-18 04:00:00,1.17563,1.17666,1.17536,1.1756,11365,5,0
2018-01-18 06:00:00,1.1756,1.17669,1.1756,1.17635,12061,4,0
2018-01-18 08:00:00,1.17634,1.17733,1.17588,1.17733,13878,3,0
2018-01-18 10:00:00,1.17733,1.17747,1.17435,1.17448,13899,1,0
2018-01-18 12:00:00,1.1745,1.17531,1.17333,1.17518,12602,1,0
2018-01-18 14:00:00,1.17517,1.17567,1.17445,1.17531,12456,1,0
2018-01-18 16:00:00,1.1753,1.1757,1.17361,1.17412,17655,1,0
2018-01-18 18:00:00,1.17411,1.17419,1.17283,1.17328,19669,1,0
2018-01-18 20:00:00,1.17327,1.17365,1.17306,1.17323,8627,3,0
2018-01-18 22:00:00,1.17323,1.1738,1.17297,1.17297,7311,3,0
2018-01-19 00:00:00,1.17297,1.17387,1.17292,1.17325,5351,7,0
2018-01-19 02:00:00,1.17326,1.17398,1.17309,1.1738,12403,1,0
2018-01-19 04:00:00,1.17379,1.17435,1.17312,1.17353,13158,3,0
2018-01-19 06:00:00,1.17354,1.1739,1.1731,1.17382,9614,4,0
2018-01-19 08:00:00,1.17382,1.17386,1.17229,1.17293,13658,1,0
2018-01-19 10:00:00,1.17292,1.1737,1.17111,1.17347,17127,1,0
2018-01-19 12:00:00,1.17347,1.17556,1.17292,1.17507,12301,1,0
2018-01-19 14:00:00,1.17507,1.1764,1.17489,1.17556,16249,1,0
2018-01-19 16:00:00,1.17556,1.17641,1.17464,1.17538,18984,1,0
2018-01-19 18:00:00,1.17537,1.17694,1.17533,1.17687,12782,1,0
2018-01-19 20:00:00,1.17687,1.17689,1.17618,1.17666,8673,4,0
2018-01-19 22:00:00,1.17666,1.17815,1.17627,1.17768,10406,1,0
2018-01-22 00:00:00,1.17902,1.17909,1.17728,1.17847,5427,5,0
2018-01-22 02:00:00,1.17842,1.17862,1.17707,1.17756,11656,1,0
2018-01-22 04:00:00,1.17756,1.17804,1.17675,1.17702,8319,1,0
2018-01-22 06:00:00,1.17701,1.17762,1.17686,1.17756,8679,1,0
2018-01-22 08:00:00,1.17756,1.17765,1.17566,1.17635,12644,2,0
2018-01-22 10:00:00,1.17635,1.17691,1.17519,1.17536,11100,1,0
2018-01-22 12:00:00,1.17536,1.17801,1.1751,1.17703,9232,2,0
2018-01-22 14:00:00,1.17703,1.17786,1.17611,1.17774,7919,1,0
2018-01-22 16:00:00,1.17774,1.17789,1.17639,1.1768,12532,1,0
2018-01-22 18:00:00,1.17681,1.17914,1.17672,1.17904,13987,1,0
2018-01-22 20:00:00,1.17905,1.1796,1.17885,1.17954,6388,1,0
2018-01-22 22:00:00,1.17953,1.17975,1.17882,1.17884,5796,3,0
2018-01-23 00:00:00,1.17884,1.17964,1.17823,1.17911,7155,1,0
2018-01-23 02:00:00,1.17912,1.1796,1.179,1.17939,7166,4,0
2018-01-23 04:00:00,1.17938,1.17959,1.17879,1.17924,13374,4,0
2018-01-23 06:00:00,1.17925,1.17951,1.17898,1.17917,7932,3,0
2018-01-23 08:00:00,1.17918,1.17964,1.17841,1.17862,14085,3,0
2018-01-23 10:00:00,1.17863,1.17914,1.17712,1.17827,13310,1,0
2018-01-23 12:00:00,1.1783,1.17923,1.17677,1.17744,11858,2,0
2018-01-23 14:00:00,1.17745,1.17846,1.17735,1.17754,11982,1,0
2018-01-23 16:00:00,1.17753,1.17808,1.17674,1.17709,18781,1,0
2018-01-23 18:00:00,1.1771,1.17872,1.17692,1.17759,12896,1,0
2018-01-23 20:00:00,1.17759,1.17808,1.17739,1.17774,6805,1,0
2018-01-23 22:00:00,1.17774,1.17805,1.17743,1.17747,4586,1,0
2018-01-24 00:00:00,1.17725,1.17876,1.17725,1.17766,3698,1,0
2018-01-24 02:00:00,1.17767,1.17809,1.17685,1.17695,7838,1,0
2018-01-24 04:00:00,1.17696,1.17722,1.17632,1.1769,10719,3,0
2018-01-24 06:00:00,1.1769,1.1775,1.17621,1.17698,10898,1,0
2018-01-24 08:00:00,1.17697,1.17703,1.1752,1.17552,14853,1,0
2018-01-24 10:00:00,1.17552,1.1757,1.17342,1.17417,23051,1,0
2018-01-24 12:00:00,1.17417,1.17434,1.17271,1.17329,14825,1,0
2018-01-24 14:00:00,1.17329,1.17446,1.1729,1.17407,18535,1,0
2018-01-24 16:00:00,1.17408,1.17461,1.16846,1.17115,27393,1,0
2018-01-24 18:00:00,1.17116,1.17209,1.17004,1.17208,17725,1,0
2018-01-24 20:00:00,1.17208,1.17438,1.17206,1.17251,11818,2,0
2018-01-24 22:00:00,1.17251,1.17336,1.1705,1.1705,7136,3,0
2018-01-25 00:00:00,1.1705,1.17337,1.16965,1.17284,5527,3,0
2018-01-25 02:00:00,1.17281,1.17356,1.17222,1.17308,9397,2,0
2018-01-25 04:00:00,1.17308,1.1736,1.17233,1.17296,16301,3,0
2018-01-25 06:00:00,1.17296,1.17337,1.17153,1.17261,11328,3,0
2018-01-25 08:00:00,1.17262,1.17266,1.16979,1.1702,32170,1,0
2018-01-25 10:00:00,1.17018,1.17042,1.16895,1.16979,23656,1,0
2018-01-25 12:00:00,1.16979,1.17019,1.16731,1.16829,15191,1,0
2018-01-25 14:00:00,1.16828,1.17335,1.16724,1.17239,32199,1,0
2018-01-25 16:00:00,1.17237,1.17373,1.16257,1.16492,43657,1,0
2018-01-25 18:00:00,1.16493,1.16904,1.16445,1.16813,19699,1,0
2018-01-25 20:00:00,1.16812,1.1689,1.16496,1.16787,35598,1,0
2018-01-25 22:00:00,1.16789,1.1687,1.16603,1.16625,17414,1,0
2018-01-26 00:00:00,1.16614,1.16906,1.16416,1.16695,5340,2,0
2018-01-26 02:00:00,1.16696,1.16799,1.16584,1.1661,13090,1,0
2018-01-26 04:00:00,1.1661,1.16846,1.16603,1.16724,14334,3,0
2018-01-26 06:00:00,1.16723,1.16793,1.16634,1.16766,9089,1,0
2018-01-26 08:00:00,1.16765,1.16847,1.16687,1.16707,20054,1,0
2018-01-26 10:00:00,1.16704,1.16723,1.16294,1.1636,20215,1,0
2018-01-26 12:00:00,1.16361,1.16427,1.16302,1.16343,15177,1,0
2018-01-26 14:00:00,1.16342,1.16461,1.16255,1.16358,18629,1,0
2018-01-26 16:00:00,1.16359,1.16603,1.16163,1.16287,29164,1,0
2018-01-26 18:00:00,1.16288,1.16387,1.15919,1.16319,18369,1,0
2018-01-26 20:00:00,1.16319,1.16342,1.16028,1.16173,13951,1,0
2018-01-26 22:00:00,1.16175,1.16192,1.15873,1.1605,7715,4,0
2018-01-29 00:00:00,1.1594,1.16089,1.15877,1.16035,4834,10,0
2018-01-29 02:00:00,1.16035,1.16125,1.16023,1.16095,9102,3,0
2018-01-29 04:00:00,1.16095,1.16204,1.16079,1.16162,12096,1,0
2018-01-29 06:00:00,1.16162,1.16205,1.16154,1.16199,8830,5,0
2018-01-29 08:00:00,1.16199,1.16315,1.16171,1.16307,17978,1,0
2018-01-29 10:00:00,1.16307,1.16374,1.16173,1.16268,18690,1,0
2018-01-29 12:00:00,1.1627,1.16337,1.15988,1.16005,13911,3,0
2018-01-29 14:00:00,1.16004,1.16018,1.155,1.15547,16036,1,0
2018-01-29 16:00:00,1.15544,1.15746,1.15407,1.15701,18803,1,0
2018-01-29 18:00:00,1.15701,1.15957,1.15676,1.15938,20647,1,0
2018-01-29 20:00:00,1.15938,1.16074,1.15926,1.16032,7551,5,0
2018-01-29 22:00:00,1.16032,1.16133,1.16027,1.16058,4525,1,0
2018-01-30 00:00:00,1.1606,1.16136,1.16033,1.1606,4958,4,0
2018-01-30 02:00:00,1.16059,1.16069,1.1599,1.16015,10301,4,0
2018-01-30 04:00:00,1.16013,1.16138,1.1601,1.16026,15877,4,0
2018-01-30 06:00:00,1.16026,1.16065,1.15975,1.15978,13399,4,0
2018-01-30 08:00:00,1.15979,1.16,1.15834,1.15849,14144,1,0
2018-01-30 10:00:00,1.15849,1.1593,1.15678,1.15805,21262,1,0
2018-01-30 12:00:00,1.15803,1.15963,1.15748,1.1596,17559,1,0
2018-01-30 14:00:00,1.1596,1.15997,1.15805,1.15929,16325,1,0
2018-01-30 16:00:00,1.15929,1.16091,1.15867,1.16021,24271,1,0
2018-01-30 18:00:00,1.16021,1.16031,1.15852,1.15983,18998,1,0
2018-01-30 20:00:00,1.15984,1.15999,1.15815,1.15825,12892,1,0
2018-01-30 22:00:00,1.15824,1.15899,1.15798,1.1587,4717,3,0
2018-01-31 00:00:00,1.1587,1.15992,1.1561,1.15972,5781,5,0
2018-01-31 02:00:00,1.15971,1.16055,1.15953,1.15982,16622,4,0
2018-01-31 04:00:00,1.15983,1.16092,1.15957,1.1599,19242,1,0
2018-01-31 06:00:00,1.15991,1.16042,1.15961,1.16019,17077,2,0
2018-01-31 08:00:00,1.16018,1.16056,1.1593,1.15967,21150,2,0
2018-01-31 10:00:00,1.15969,1.16059,1.15859,1.16006,19857,1,0
2018-01-31 12:00:00,1.16,1.16208,1.15961,1.16187,15747,2,0
2018-01-31 14:00:00,1.16186,1.1637,1.16152,1.16304,16222,1,0
2018-01-31 16:00:00,1.16303,1.16367,1.15742,1.15765,25378,1,0
2018-01-31 18:00:00,1.15765,1.15945,1.15724,1.15801,21406,1,0
2018-01-31 20:00:00,1.15801,1.15809,1.15548,1.15559,23678,1,0
2018-01-31 22:00:00,1.15558,1.15613,1.15528,1.15534,8480,4,0
2018-02-01 00:00:00,1.15534,1.1568,1.15474,1.15637,3766,2,0
2018-02-01 02:00:00,1.15635,1.15718,1.15604,1.15709,7861,5,0
2018-02-01 04:00:00,1.15708,1.15771,1.15665,1.15721,7289,3,0
2018-02-01 06:00:00,1.15725,1.15729,1.15666,1.15683,8126,4,0
2018-02-01 08:00:00,1.15682,1.15799,1.15643,1.1579,20225,1,0
2018-02-01 10:00:00,1.15786,1.15938,1.1571,1.15903,21275,1,0
2018-02-01 12:00:00,1.15903,1.16068,1.15842,1.16009,14634,1,0
2018-02-01 14:00:00,1.16009,1.16066,1.15738,1.15832,16358,1,0
2018-02-01 16:00:00,1.15834,1.15875,1.15515,1.15721,21450,1,0
2018-02-01 18:00:00,1.15722,1.15975,1.15721,1.15946,21427,1,0
2018-02-01 20:00:00,1.15946,1.16024,1.15878,1.15979,11883,1,0
2018-02-01 22:00:00,1.15979,1.16032,1.15806,1.15819,14689,1,0
2018-02-02 00:00:00,1.15819,1.15928,1.15623,1.15846,5752,8,0
2018-02-02 02:00:00,1.15846,1.15891,1.15786,1.15801,12897,2,0
2018-02-02 04:00:00,1.158,1.1586,1.15785,1.15797,10518,6,0
2018-02-02 06:00:00,1.15798,1.15841,1.15792,1.15809,6447,5,0
2018-02-02 08:00:00,1.15809,1.15947,1.15796,1.15941,16004,1,0
2018-02-02 10:00:00,1.15942,1.16117,1.15852,1.15985,17280,1,0
2018-02-02 12:00:00,1.15985,1.16225,1.15963,1.16088,10987,1,0
2018-02-02 14:00:00,1.16087,1.16101,1.15882,1.15988,22918,1,0
2018-02-02 16:00:00,1.15987,1.16058,1.15798,1.15908,24389,1,0
2018-02-02 18:00:00,1.15907,1.16114,1.15892,1.15919,20826,2,0
2018-02-02 20:00:00,1.1592,1.16131,1.15919,1.15955,15838,3,0
2018-02-02 22:00:00,1.15955,1.16054,1.1594,1.16032,9605,6,0
2018-02-05 00:00:00,1.15957,1.16005,1.15849,1.15904,7729,7,0
2018-02-05 02:00:00,1.15904,1.1598,1.15835,1.15932,12846,6,0
2018-02-05 04:00:00,1.15933,1.1597,1.15883,1.15933,9977,5,0
2018-02-05 06:00:00,1.15933,1.15953,1.15865,1.15887,7787,5,0
2018-02-05 08:00:00,1.15887,1.15972,1.15844,1.15863,14245,3,0
2018-02-05 10:00:00,1.15863,1.15898,1.15726,1.15885,15487,1,0
2018-02-05 12:00:00,1.15884,1.16002,1.1586,1.15966,12120,2,0
2018-02-05 14:00:00,1.15967,1.161,1.15878,1.16028,15540,1,0
2018-02-05 16:00:00,1.16029,1.16386,1.15931,1.16359,23665,1,0
2018-02-05 18:00:00,1.16359,1.16394,1.16239,1.16327,15640,1,0
2018-02-05 20:00:00,1.16325,1.16325,1.15943,1.15955,12807,1,0
2018-02-05 22:00:00,1.15956,1.16168,1.15079,1.15169,39619,1,0
2018-02-06 00:00:00,1.15144,1.15402,1.15133,1.15173,6979,4,0
2018-02-06 02:00:00,1.15173,1.15591,1.15162,1.15289,29087,2,0
2018-02-06 04:00:00,1.15288,1.15319,1.15151,1.15171,32328,1,0
2018-02-06 06:00:00,1.15171,1.15377,1.15117,1.1536,21999,2,0
2018-02-06 08:00:00,1.1536,1.15798,1.15319,1.15614,25742,1,0
2018-02-06 10:00:00,1.15616,1.15939,1.15568,1.15875,24313,1,0
2018-02-06 12:00:00,1.15875,1.16012,1.15737,1.15787,17444,1,0
2018-02-06 14:00:00,1.15788,1.15865,1.1562,1.15824,28187,1,0
2018-02-06 16:00:00,1.15822,1.15944,1.15628,1.15844,31205,1,0
2018-02-06 18:00:00,1.15846,1.16282,1.15793,1.16163,22066,1,0
2018-02-06 20:00:00,1.16163,1.16165,1.15835,1.15974,15272,4,0
2018-02-06 22:00:00,1.15975,1.16029,1.15823,1.1583,11519,6,0
2018-02-07 00:00:00,1.1583,1.15933,1.15785,1.15897,7125,1,0
2018-02-07 02:00:00,1.15896,1.15908,1.15789,1.15899,12574,6,0
2018-02-07 04:00:00,1.15898,1.15921,1.15826,1.15852,10046,5,0
2018-02-07 06:00:00,1.15852,1.15879,1.15791,1.15837,6688,4,0
2018-02-07 08:00:00,1.15835,1.15888,1.15724,1.15781,14393,1,0
2018-02-07 10:00:00,1.15781,1.15957,1.15703,1.15846,17406,1,0
2018-02-07 12:00:00,1.15845,1.16119,1.15838,1.16097,12438,1,0
2018-02-07 14:00:00,1.16097,1.16153,1.16031,1.16058,12822,1,0
2018-02-07 16:00:00,1.16058,1.16191,1.15953,1.16131,23356,1,0
2018-02-07 18:00:00,1.16131,1.16156,1.1574,1.15876,21081,1,0
2018-02-07 20:00:00,1.1588,1.15888,1.15579,1.15709,14537,3,0
2018-02-07 22:00:00,1.15707,1.15894,1.15637,1.15668,9359,6,0
2018-02-08 00:00:00,1.15761,1.15761,1.15562,1.15645,13056,10,0
2018-02-08 02:00:00,1.15645,1.15746,1.15629,1.15705,13049,5,0
2018-02-08 04:00:00,1.15704,1.15914,1.15692,1.15874,10170,4,0
2018-02-08 06:00:00,1.15875,1.15886,1.15778,1.15874,14461,5,0
2018-02-08 08:00:00,1.15875,1.15943,1.15758,1.15778,17123,4,0
2018-02-08 10:00:00,1.15776,1.15802,1.15591,1.1573,19386,1,0
2018-02-08 12:00:00,1.15729,1.15802,1.15608,1.15671,14415,1,0
2018-02-08 14:00:00,1.1567,1.15739,1.15408,1.15473,25610,1,0
2018-02-08 16:00:00,1.15472,1.15529,1.1509,1.15156,25792,1,0
2018-02-08 18:00:00,1.15156,1.15228,1.14454,1.14745,35740,1,0
2018-02-08 20:00:00,1.14744,1.15036,1.14682,1.14852,21248,1,0
2018-02-08 22:00:00,1.14853,1.14884,1.14594,1.14647,10354,2,0
2018-02-09 00:00:00,1.14647,1.14712,1.14531,1.14651,5787,10,0
2018-02-09 02:00:00,1.14653,1.14924,1.1465,1.14827,12988,1,0
2018-02-09 04:00:00,1.14826,1.14966,1.14729,1.14927,14889,5,0
2018-02-09 06:00:00,1.14927,1.15021,1.14908,1.14989,9199,4,0
2018-02-09 08:00:00,1.1499,1.15258,1.14846,1.15239,16470,4,0
2018-02-09 10:00:00,1.15242,1.15278,1.1502,1.15112,16336,2,0
2018-02-09 12:00:00,1.15113,1.15145,1.14701,1.14887,14765,1,0
2018-02-09 14:00:00,1.14887,1.1509,1.14619,1.15081,19401,1,0
2018-02-09 16:00:00,1.15082,1.15197,1.14879,1.15167,23128,1,0
2018-02-09 18:00:00,1.15166,1.15203,1.14594,1.14774,24428,1,0
2018-02-09 20:00:00,1.14773,1.15048,1.14494,1.14814,21356,1,0
2018-02-09 22:00:00,1.14814,1.15124,1.14784,1.15105,11876,2,0
2018-02-12 00:00:00,1.15105,1.15182,1.14764,1.15129,5827,8,0
2018-02-12 02:00:00,1.15131,1.15199,1.15073,1.15145,11009,5,0
2018-02-12 04:00:00,1.15145,1.15281,1.15144,1.15242,6406,1,0
2018-02-12 06:00:00,1.15242,1.15315,1.15189,1.15234,7792,1,0
2018-02-12 08:00:00,1.15233,1.15325,1.15192,1.15199,12555,1,0
2018-02-12 10:00:00,1.15199,1.15337,1.14996,1.15005,17080,1,0
2018-02-12 12:00:00,1.15005,1.15112,1.14863,1.15024,9445,1,0
2018-02-12 14:00:00,1.15023,1.15085,1.1488,1.14944,11434,1,0
2018-02-12 16:00:00,1.14945,1.15296,1.14941,1.15285,20369,1,0
2018-02-12 18:00:00,1.15286,1.15293,1.15135,1.15199,12907,2,0
2018-02-12 20:00:00,1.15201,1.1536,1.15201,1.1532,7793,2,0
2018-02-12 22:00:00,1.15321,1.15497,1.15311,1.15406,8521,4,0
2018-02-13 00:00:00,1.15381,1.15499,1.15362,1.15473,3609,3,0
2018-02-13 02:00:00,1.15473,1.1549,1.15308,1.15374,8927,2,0
2018-02-13 04:00:00,1.15373,1.15508,1.15353,1.15432,7709,5,0
2018-02-13 06:00:00,1.15432,1.15477,1.15364,1.15438,9560,6,0
2018-02-13 08:00:00,1.15437,1.15462,1.15072,1.15106,16900,3,0
2018-02-13 10:00:00,1.15105,1.15272,1.15073,1.15102,16457,1,0
2018-02-13 12:00:00,1.15102,1.15327,1.15076,1.15247,12370,2,0
2018-02-13 14:00:00,1.15245,1.15339,1.15145,1.1531,12277,1,0
2018-02-13 16:00:00,1.1531,1.15526,1.1527,1.1536,18760,1,0
2018-02-13 18:00:00,1.1536,1.15489,1.15298,1.15353,12864,1,0
2018-02-13 20:00:00,1.15353,1.15456,1.15301,1.15452,6989,3,0
2018-02-13 22:00:00,1.15451,1.15619,1.15444,1.1547,6043,5,0
2018-02-14 00:00:00,1.1547,1.1555,1.15331,1.15543,2597,13,0
2018-02-14 02:00:00,1.15543,1.15558,1.15454,1.15488,9090,6,0
2018-02-14 04:00:00,1.15488,1.15562,1.15309,1.15319,15296,3,0
2018-02-14 06:00:00,1.15317,1.15509,1.1531,1.15465,12027,3,0
2018-02-14 08:00:00,1.15463,1.15516,1.15381,1.15472,11169,1,0
2018-02-14 10:00:00,1.15469,1.15558,1.15261,1.1551,11114,1,0
2018-02-14 12:00:00,1.1551,1.15538,1.15216,1.15276,9046,1,0
2018-02-14 14:00:00,1.15274,1.15296,1.14977,1.15138,20948,1,0
2018-02-14 16:00:00,1.15137,1.15538,1.15129,1.15465,37088,1,0
2018-02-14 18:00:00,1.15465,1.15605,1.15434,1.15496,22779,1,0
2018-02-14 20:00:00,1.15496,1.15773,1.1548,1.15748,13966,3,0
2018-02-14 22:00:00,1.15749,1.15847,1.15672,1.15679,9976,2,0
2018-02-15 00:00:00,1.15679,1.15736,1.15589,1.15641,9395,4,0
2018-02-15 02:00:00,1.15643,1.15731,1.15601,1.15696,13077,1,0
2018-02-15 04:00:00,1.15696,1.15699,1.15559,1.15563,8559,4,0
2018-02-15 06:00:00,1.15564,1.15655,1.15468,1.15636,7311,5,0
2018-02-15 08:00:00,1.15635,1.1567,1.15408,1.1559,18139,1,0
2018-02-15 10:00:00,1.1559,1.15676,1.15416,1.15548,15937,1,0
2018-02-15 12:00:00,1.15549,1.15629,1.15338,1.15365,10567,1,0
2018-02-15 14:00:00,1.15366,1.15525,1.1531,1.15376,15219,1,0
2018-02-15 16:00:00,1.15376,1.15494,1.15188,1.15269,21589,1,0
2018-02-15 18:00:00,1.15269,1.15521,1.15217,1.15472,16646,1,0
2018-02-15 20:00:00,1.1547,1.15491,1.153,1.15401,10948,1,0
2018-02-15 22:00:00,1.15402,1.15404,1.152,1.15284,7330,1,0
2018-02-16 00:00:00,1.15284,1.15327,1.15222,1.15305,5371,15,0
2018-02-16 02:00:00,1.15304,1.15367,1.15241,1.15356,8784,1,0
2018-02-16 04:00:00,1.15356,1.15462,1.15338,1.15449,9654,1,0
2018-02-16 06:00:00,1.1545,1.15458,1.15291,1.15363,12649,4,0
2018-02-16 08:00:00,1.15364,1.15379,1.15237,1.15349,10990,4,0
2018-02-16 10:00:00,1.15349,1.15421,1.15148,1.15276,14382,1,0
2018-02-16 12:00:00,1.15275,1.15276,1.15101,1.15258,13583,1,0
2018-02-16 14:00:00,1.15256,1.15356,1.15077,1.15163,15764,1,0
2018-02-16 16:00:00,1.15164,1.15209,1.15047,1.15129,21606,1,0
2018-02-16 18:00:00,1.15129,1.15234,1.15018,1.15164,13429,1,0
2018-02-16 20:00:00,1.15166,1.15213,1.15088,1.15153,12225,1,0
2018-02-16 22:00:00,1.15154,1.15175,1.15017,1.15108,5798,4,0
2018-02-19 00:00:00,1.15062,1.15146,1.15031,1.15084,4150,13,0
2018-02-19 02:00:00,1.15086,1.15247,1.15081,1.15199,9412,1,0
2018-02-19 04:00:00,1.15199,1.15266,1.15179,1.15205,6204,7,0
2018-02-19 06:00:00,1.15205,1.1527,1.15144,1.15239,8704,5,0
2018-02-19 08:00:00,1.15238,1.1527,1.15129,1.15183,16465,3,0
2018-02-19 10:00:00,1.15184,1.15229,1.15098,1.1513,11643,1,0
2018-02-19 12:00:00,1.1513,1.15195,1.151,1.15133,10383,2,0
2018-02-19 14:00:00,1.15133,1.15296,1.15036,1.1523,14686,1,0
2018-02-19 16:00:00,1.15229,1.1533,1.15136,1.15194,13819,1,0
2018-02-19 18:00:00,1.15194,1.15355,1.15149,1.15272,8478,2,0
2018-02-19 20:00:00,1.1527,1.15313,1.15217,1.15258,10445,1,0
2018-02-19 22:00:00,1.15258,1.15265,1.15211,1.15236,7465,1,0
2018-02-20 00:00:00,1.15211,1.15272,1.15185,1.15238,3332,4,0
2018-02-20 02:00:00,1.15237,1.15292,1.15224,1.15285,10487,8,0
2018-02-20 04:00:00,1.15288,1.15288,1.15229,1.15274,7274,5,0
2018-02-20 06:00:00,1.15272,1.15362,1.15261,1.15335,8434,4,0
2018-02-20 08:00:00,1.15334,1.15335,1.15176,1.15215,14268,3,0
2018-02-20 10:00:00,1.15214,1.15389,1.15191,1.15282,17048,1,0
2018-02-20 12:00:00,1.15281,1.15438,1.15241,1.15398,12994,1,0
2018-02-20 14:00:00,1.15397,1.15433,1.15315,1.15373,13110,1,0
2018-02-20 16:00:00,1.15375,1.15494,1.15295,1.15331,17439,1,0
2018-02-20 18:00:00,1.15331,1.15576,1.15301,1.15542,13809,1,0
2018-02-20 20:00:00,1.15543,1.1555,1.15417,1.15441,7176,1,0
2018-02-20 22:00:00,1.15442,1.15513,1.15408,1.15456,5426,4,0
2018-02-21 00:00:00,1.15456,1.15529,1.15456,1.15507,2224,10,0
2018-02-21 02:00:00,1.15507,1.15567,1.15473,1.15535,8457,1,0
2018-02-21 04:00:00,1.15537,1.15601,1.15525,1.15558,10108,3,0
2018-02-21 06:00:00,1.15556,1.15581,1.15504,1.15537,10052,5,0
2018-02-21 08:00:00,1.15537,1.15583,1.15473,1.155,13643,5,0
2018-02-21 10:00:00,1.15501,1.15551,1.15328,1.15513,14095,1,0
2018-02-21 12:00:00,1.15514,1.15564,1.15412,1.15481,8950,4,0
2018-02-21 14:00:00,1.15481,1.15553,1.15375,1.15448,15907,1,0
2018-02-21 16:00:00,1.15447,1.15523,1.15356,1.15444,20109,1,0
2018-02-21 18:00:00,1.15444,1.15503,1.15394,1.15465,12389,1,0
2018-02-21 20:00:00,1.15466,1.15512,1.15371,1.15466,18865,1,0
2018-02-21 22:00:00,1.15466,1.15479,1.15299,1.15302,11102,1,0
2018-02-22 00:00:00,1.15302,1.15348,1.15276,1.15279,3258,6,0
2018-02-22 02:00:00,1.1528,1.15301,1.15203,1.15217,9055,5,0
2018-02-22 04:00:00,1.15217,1.15311,1.15212,1.15263,7481,3,0
2018-02-22 06:00:00,1.15262,1.15331,1.15253,1.15321,6392,7,0
2018-02-22 08:00:00,1.1532,1.15421,1.15256,1.1542,13228,4,0
2018-02-22 10:00:00,1.15421,1.1544,1.1522,1.1533,14848,1,0
2018-02-22 12:00:00,1.15329,1.15355,1.15129,1.15146,8327,1,0
2018-02-22 14:00:00,1.15147,1.15251,1.1505,1.15202,19590,1,0
2018-02-22 16:00:00,1.15203,1.15298,1.15106,1.15194,21214,1,0
2018-02-22 18:00:00,1.15193,1.15233,1.15104,1.15167,13535,1,0
2018-02-22 20:00:00,1.15167,1.15188,1.15047,1.15068,7304,3,0
2018-02-22 22:00:00,1.15068,1.15073,1.14981,1.15003,5029,4,0
2018-02-23 00:00:00,1.15003,1.15059,1.14957,1.15019,4058,1,0
2018-02-23 02:00:00,1.15018,1.1504,1.14981,1.1499,7072,5,0
2018-02-23 04:00:00,1.1499,1.15059,1.1497,1.15,8205,1,0
2018-02-23 06:00:00,1.14999,1.15057,1.14998,1.15022,6570,8,0
2018-02-23 08:00:00,1.15022,1.15037,1.14958,1.14958,9284,2,0
2018-02-23 10:00:00,1.14958,1.15096,1.14953,1.14969,11716,1,0
2018-02-23 12:00:00,1.14968,1.15043,1.14905,1.14968,9454,1,0
2018-02-23 14:00:00,1.14967,1.1513,1.14931,1.15107,10873,1,0
2018-02-23 16:00:00,1.15107,1.15232,1.15002,1.15092,14785,1,0
2018-02-23 18:00:00,1.15094,1.15129,1.14949,1.1507,11987,1,0
2018-02-23 20:00:00,1.15071,1.15149,1.15036,1.15125,5442,5,0
2018-02-23 22:00:00,1.15126,1.15186,1.1505,1.15116,7375,2,0
2018-02-26 00:00:00,1.15008,1.15186,1.14966,1.15162,6656,5,0
2018-02-26 02:00:00,1.15163,1.15175,1.14968,1.14994,8294,5,0
2018-02-26 04:00:00,1.14995,1.15062,1.14953,1.15035,6933,5,0
2018-02-26 06:00:00,1.15035,1.15091,1.15032,1.15078,5701,5,0
2018-02-26 08:00:00,1.15077,1.1512,1.1498,1.15086,11201,3,0
2018-02-26 10:00:00,1.15087,1.15221,1.15076,1.15175,10179,2,0
2018-02-26 12:00:00,1.15174,1.15333,1.15174,1.15316,7777,3,0
2018-02-26 14:00:00,1.15316,1.15368,1.15233,1.15346,9726,1,0
2018-02-26 16:00:00,1.1535,1.15429,1.15255,1.15291,17251,1,0
2018-02-26 18:00:00,1.15293,1.15467,1.15272,1.15414,10027,4,0
2018-02-26 20:00:00,1.15413,1.15479,1.15397,1.15469,4561,7,0
2018-02-26 22:00:00,1.15469,1.15548,1.15446,1.1551,4201,2,0
2018-02-27 00:00:00,1.15511,1.15595,1.15465,1.15593,4279,4,0
2018-02-27 02:00:00,1.15594,1.15601,1.15514,1.15569,7968,5,0
2018-02-27 04:00:00,1.1557,1.15587,1.15506,1.15557,6373,6,0
2018-02-27 06:00:00,1.15558,1.15583,1.1553,1.15533,5071,7,0
2018-02-27 08:00:00,1.15533,1.15592,1.15445,1.15578,10254,1,0
2018-02-27 10:00:00,1.15575,1.15628,1.15456,1.1553,10763,1,0
2018-02-27 12:00:00,1.1553,1.15543,1.15436,1.15444,9550,3,0
2018-02-27 14:00:00,1.15444,1.15478,1.15351,1.15378,14356,1,0
2018-02-27 16:00:00,1.15376,1.15407,1.1505,1.15077,24611,1,0
2018-02-27 18:00:00,1.15076,1.15123,1.14891,1.15001,17583,1,0
2018-02-27 20:00:00,1.15,1.15,1.14857,1.14899,6857,3,0
2018-02-27 22:00:00,1.14899,1.14905,1.14833,1.14834,4182,6,0
2018-02-28 00:00:00,1.14821,1.14907,1.1482,1.14861,3307,1,0
2018-02-28 02:00:00,1.14858,1.14926,1.14849,1.1487,8939,4,0
2018-02-28 04:00:00,1.14869,1.1491,1.14852,1.14891,8678,2,0
2018-02-28 06:00:00,1.14892,1.14915,1.14878,1.14898,5318,5,0
2018-02-28 08:00:00,1.14899,1.15089,1.14852,1.14998,12000,2,0
2018-02-28 10:00:00,1.14998,1.15209,1.14897,1.15204,17297,1,0
2018-02-28 12:00:00,1.15207,1.15301,1.15012,1.15233,10422,1,0
2018-02-28 14:00:00,1.15234,1.15295,1.15145,1.15196,12047,1,0
2018-02-28 16:00:00,1.15196,1.15303,1.14999,1.15211,19122,1,0
2018-02-28 18:00:00,1.15209,1.15342,1.1512,1.15277,14480,1,0
2018-02-28 20:00:00,1.15276,1.15288,1.15173,1.15187,5932,3,0
2018-02-28 22:00:00,1.15187,1.15245,1.15137,1.15154,5749,5,0
2018-03-01 00:00:00,1.15155,1.15247,1.15107,1.15142,3143,8,0
2018-03-01 02:00:00,1.15143,1.15236,1.15142,1.15224,7636,6,0
2018-03-01 04:00:00,1.15224,1.15265,1.152,1.15249,6850,5,0
2018-03-01 06:00:00,1.15248,1.15274,1.15219,1.15239,6183,5,0
2018-03-01 08:00:00,1.15239,1.15349,1.15198,1.15296,11229,6,0
2018-03-01 10:00:00,1.15296,1.15425,1.15164,1.15175,12966,1,0
2018-03-01 12:00:00,1.15175,1.15324,1.1516,1.1524,10454,1,0
2018-03-01 14:00:00,1.15239,1.15401,1.15156,1.15323,12888,3,0
2018-03-01 16:00:00,1.15322,1.15529,1.15232,1.15482,21862,1,0
2018-03-01 18:00:00,1.15483,1.15603,1.15472,1.1555,19289,1,0
2018-03-01 20:00:00,1.15551,1.15579,1.1536,1.15506,24597,1,0
2018-03-01 22:00:00,1.15491,1.15589,1.15443,1.15503,13523,1,0
2018-03-02 00:00:00,1.15503,1.1558,1.15472,1.15529,2720,7,0
2018-03-02 02:00:00,1.15529,1.15602,1.15498,1.15516,10127,5,0
2018-03-02 04:00:00,1.15513,1.15531,1.15441,1.15455,9828,4,0
2018-03-02 06:00:00,1.15455,1.155,1.15282,1.15295,7714,4,0
2018-03-02 08:00:00,1.15296,1.15306,1.15142,1.15212,16466,1,0
2018-03-02 10:00:00,1.15211,1.15233,1.14955,1.15113,15493,1,0
2018-03-02 12:00:00,1.15112,1.15258,1.15014,1.15085,20325,1,0
2018-03-02 14:00:00,1.15084,1.15217,1.15069,1.15135,19242,1,0
2018-03-02 16:00:00,1.15134,1.15542,1.15076,1.15452,20401,1,0
2018-03-02 18:00:00,1.15447,1.15554,1.15336,1.15483,14545,1,0
2018-03-02 20:00:00,1.15484,1.1559,1.15429,1.15516,10107,1,0
2018-03-02 22:00:00,1.15517,1.15592,1.1545,1.15515,5905,5,0
2018-03-05 00:00:00,1.15455,1.15655,1.15311,1.15433,19732,1,0
2018-03-05 02:00:00,1.15433,1.15516,1.15398,1.15419,10388,1,0
2018-03-05 04:00:00,1.1542,1.15433,1.15338,1.15387,9625,2,0
2018-03-05 06:00:00,1.15387,1.15398,1.15324,1.1534,10869,2,0
2018-03-05 08:00:00,1.1534,1.15369,1.15101,1.15173,21190,1,0
2018-03-05 10:00:00,1.15175,1.15409,1.15163,1.15336,17842,1,0
2018-03-05 12:00:00,1.15337,1.15399,1.15288,1.15348,12715,1,0
2018-03-05 14:00:00,1.15349,1.15513,1.15325,1.15462,11577,1,0
2018-03-05 16:00:00,1.15462,1.15711,1.15454,1.15706,17332,1,0
2018-03-05 18:00:00,1.15711,1.1598,1.15683,1.15939,15294,1,0
2018-03-05 20:00:00,1.15939,1.15948,1.15843,1.15914,6630,1,0
2018-03-05 22:00:00,1.15915,1.16002,1.15894,1.15912,4765,1,0
2018-03-06 00:00:00,1.15913,1.15978,1.15881,1.15938,3244,5,0
2018-03-06 02:00:00,1.15938,1.16037,1.15938,1.16004,10720,6,0
2018-03-06 04:00:00,1.16005,1.16045,1.15965,1.15978,5660,1,0
2018-03-06 06:00:00,1.15979,1.16033,1.15961,1.16016,6438,2,0
2018-03-06 08:00:00,1.16017,1.16131,1.15979,1.16127,12110,1,0
2018-03-06 10:00:00,1.16125,1.16146,1.15941,1.15984,12260,1,0
2018-03-06 12:00:00,1.15982,1.16296,1.15935,1.16278,16074,2,0
2018-03-06 14:00:00,1.16277,1.16375,1.16138,1.16146,14049,1,0
2018-03-06 16:00:00,1.16147,1.16495,1.16125,1.16435,19863,1,0
2018-03-06 18:00:00,1.16435,1.16588,1.16352,1.16503,14204,1,0
2018-03-06 20:00:00,1.16503,1.16693,1.16488,1.16689,8751,4,0
2018-03-06 22:00:00,1.16689,1.16735,1.16642,1.16645,4953,3,0
2018-03-07 00:00:00,1.16625,1.16712,1.16375,1.1649,7727,1,0
2018-03-07 02:00:00,1.1649,1.16547,1.16381,1.16478,14019,2,0
2018-03-07 04:00:00,1.16478,1.1649,1.16308,1.16391,11648,1,0
2018-03-07 06:00:00,1.1639,1.16421,1.16342,1.16401,7341,5,0
2018-03-07 08:00:00,1.16401,1.16678,1.16337,1.16623,18165,2,0
2018-03-07 10:00:00,1.16623,1.16647,1.16404,1.16464,13719,1,0
2018-03-07 12:00:00,1.16467,1.16691,1.16458,1.16566,11385,1,0
2018-03-07 14:00:00,1.16565,1.16889,1.16555,1.16813,12857,1,0
2018-03-07 16:00:00,1.16812,1.16978,1.1676,1.16818,19714,1,0
2018-03-07 18:00:00,1.1682,1.17041,1.16746,1.17027,14580,1,0
2018-03-07 20:00:00,1.17027,1.17122,1.16982,1.1704,7757,1,0
2018-03-07 22:00:00,1.1704,1.17096,1.17026,1.17075,5480,7,0
2018-03-08 00:00:00,1.17076,1.17119,1.16932,1.17097,4033,4,0
2018-03-08 02:00:00,1.17098,1.17129,1.16957,1.16958,8667,6,0
2018-03-08 04:00:00,1.16959,1.1701,1.16926,1.16992,9557,2,0
2018-03-08 06:00:00,1.16991,1.17035,1.16972,1.17028,7306,5,0
2018-03-08 08:00:00,1.17027,1.17066,1.1685,1.16991,13245,4,0
2018-03-08 10:00:00,1.16992,1.17095,1.1696,1.17032,12499,2,0
2018-03-08 12:00:00,1.17032,1.17168,1.16984,1.17161,10393,1,0
2018-03-08 14:00:00,1.17161,1.1741,1.17031,1.174,28624,1,0
2018-03-08 16:00:00,1.17401,1.17402,1.1682,1.16985,27140,1,0
2018-03-08 18:00:00,1.16984,1.17094,1.16897,1.16978,14098,1,0
2018-03-08 20:00:00,1.16977,1.17148,1.16958,1.17091,9942,6,0
2018-03-08 22:00:00,1.17088,1.17127,1.17062,1.17067,6410,5,0
2018-03-09 00:00:00,1.17039,1.17153,1.16974,1.1709,5765,7,0
2018-03-09 02:00:00,1.1709,1.17241,1.17066,1.17188,10831,3,0
2018-03-09 04:00:00,1.17189,1.17211,1.17133,1.17188,8316,5,0
2018-03-09 06:00:00,1.1719,1.17244,1.17182,1.17229,7991,5,0
2018-03-09 08:00:00,1.17229,1.17262,1.17137,1.17178,14060,1,0
2018-03-09 10:00:00,1.17178,1.1725,1.16861,1.16889,15575,1,0
2018-03-09 12:00:00,1.16887,1.16971,1.16814,1.16946,12109,1,0
2018-03-09 14:00:00,1.16946,1.1699,1.16755,1.1683,21296,1,0
2018-03-09 16:00:00,1.16831,1.17121,1.16772,1.1703,24903,1,0
2018-03-09 18:00:00,1.17031,1.17074,1.16964,1.17012,12864,3,0
2018-03-09 20:00:00,1.17013,1.17144,1.16966,1.17085,7788,3,0
2018-03-09 22:00:00,1.17086,1.17126,1.17025,1.17069,6350,2,0
2018-03-12 00:00:00,1.17097,1.1712,1.16921,1.17034,2129,11,0
2018-03-12 02:00:00,1.17034,1.17062,1.16994,1.17016,8503,1,0
2018-03-12 04:00:00,1.17017,1.17057,1.17005,1.17046,6028,1,0
2018-03-12 06:00:00,1.17045,1.17061,1.16986,1.17037,7950,5,0
2018-03-12 08:00:00,1.17037,1.17145,1.16974,1.17142,12844,1,0
2018-03-12 10:00:00,1.17142,1.17154,1.16929,1.16931,8853,3,0
2018-03-12 12:00:00,1.16932,1.16957,1.16826,1.16836,8320,2,0
2018-03-12 14:00:00,1.16836,1.16867,1.16767,1.16768,9620,4,0
2018-03-12 16:00:00,1.16768,1.1691,1.16762,1.16883,11203,1,0
2018-03-12 18:00:00,1.16884,1.16928,1.16802,1.16829,7500,1,0
2018-03-12 20:00:00,1.16829,1.16888,1.16733,1.16882,6496,5,0
2018-03-12 22:00:00,1.16885,1.1689,1.16731,1.16857,2113,5,0
2018-03-13 00:00:00,1.16857,1.1694,1.16857,1.16875,3963,8,0
2018-03-13 02:00:00,1.16875,1.16896,1.16785,1.16852,6403,5,0
2018-03-13 04:00:00,1.16851,1.16854,1.16778,1.16817,5518,3,0
2018-03-13 06:00:00,1.16817,1.169,1.1681,1.16856,6136,4,0
2018-03-13 08:00:00,1.16853,1.16975,1.16836,1.16878,12526,1,0
2018-03-13 10:00:00,1.16879,1.16934,1.16783,1.16879,12801,1,0
2018-03-13 12:00:00,1.16883,1.16993,1.16831,1.16924,11619,2,0
2018-03-13 14:00:00,1.16924,1.16973,1.16811,1.16856,28093,1,0
2018-03-13 16:00:00,1.16856,1.17013,1.1684,1.16999,26078,1,0
2018-03-13 18:00:00,1.16998,1.17084,1.16934,1.17007,13456,2,0
2018-03-13 20:00:00,1.17007,1.1707,1.16922,1.16957,10137,1,0
2018-03-13 22:00:00,1.16956,1.17011,1.16893,1.16918,3642,5,0
2018-03-14 00:00:00,1.16921,1.16965,1.16909,1.16941,4104,11,0
2018-03-14 02:00:00,1.1694,1.16988,1.16915,1.16938,7230,5,0
2018-03-14 04:00:00,1.16939,1.16986,1.16931,1.16969,9176,4,0
2018-03-14 06:00:00,1.1697,1.17006,1.16945,1.16952,6078,7,0
2018-03-14 08:00:00,1.16951,1.17044,1.16902,1.17033,12070,2,0
2018-03-14 10:00:00,1.17035,1.17084,1.16923,1.1695,20258,1,0
2018-03-14 12:00:00,1.16951,1.1702,1.16901,1.16995,10320,3,0
2018-03-14 14:00:00,1.16995,1.17121,1.1698,1.17077,19215,1,0
2018-03-14 16:00:00,1.17078,1.1709,1.16824,1.16952,21739,1,0
2018-03-14 18:00:00,1.1695,1.17029,1.16914,1.16958,14730,1,0
2018-03-14 20:00:00,1.16958,1.16979,1.16846,1.1685,10020,5,0
2018-03-14 22:00:00,1.16849,1.16889,1.16816,1.16838,3703,5,0
2018-03-15 00:00:00,1.16838,1.16897,1.16821,1.16867,3842,4,0
2018-03-15 02:00:00,1.16868,1.16904,1.16797,1.16868,9267,1,0
2018-03-15 04:00:00,1.1687,1.16931,1.16868,1.16925,7271,5,0
2018-03-15 06:00:00,1.16924,1.16934,1.1687,1.16878,6654,6,0
2018-03-15 08:00:00,1.16877,1.16963,1.16836,1.1694,12880,2,0
2018-03-15 10:00:00,1.16941,1.16973,1.1681,1.16894,14323,1,0
2018-03-15 12:00:00,1.16892,1.16917,1.16777,1.16849,14604,1,0
2018-03-15 14:00:00,1.1685,1.16925,1.16774,1.16816,20422,1,0
2018-03-15 16:00:00,1.16818,1.17109,1.16789,1.17081,24170,1,0
2018-03-15 18:00:00,1.17082,1.17115,1.16991,1.16993,14955,1,0
2018-03-15 20:00:00,1.16994,1.1712,1.16983,1.17083,9565,3,0
2018-03-15 22:00:00,1.1708,1.1712,1.17005,1.17023,3938,2,0
2018-03-16 00:00:00,1.17023,1.17096,1.17023,1.17074,5962,7,0
2018-03-16 02:00:00,1.17074,1.171,1.17006,1.17032,9467,2,0
2018-03-16 04:00:00,1.17031,1.17067,1.17001,1.17006,6689,6,0
2018-03-16 06:00:00,1.17007,1.17045,1.16976,1.16984,5113,2,0
2018-03-16 08:00:00,1.16983,1.17073,1.16955,1.16977,10219,1,0
2018-03-16 10:00:00,1.16978,1.17043,1.16922,1.17016,13971,1,0
2018-03-16 12:00:00,1.17013,1.17106,1.16953,1.17077,12588,2,0
2018-03-16 14:00:00,1.17078,1.17119,1.16878,1.16935,19644,1,0
2018-03-16 16:00:00,1.16934,1.17129,1.16903,1.17059,23129,1,0
2018-03-16 18:00:00,1.17059,1.17132,1.17011,1.17069,11068,1,0
2018-03-16 20:00:00,1.17069,1.17072,1.17013,1.17024,5539,4,0
2018-03-16 22:00:00,1.17023,1.17054,1.16935,1.16996,1585,5,0
2018-03-19 00:00:00,1.17024,1.17062,1.16992,1.17012,2269,11,0
2018-03-19 02:00:00,1.17013,1.17039,1.16928,1.16981,4811,6,0
2018-03-19 04:00:00,1.16981,1.17025,1.1697,1.17014,4517,7,0
2018-03-19 06:00:00,1.17014,1.17017,1.16932,1.1695,6000,4,0
2018-03-19 08:00:00,1.16949,1.17133,1.16926,1.17118,8839,4,0
2018-03-19 10:00:00,1.17117,1.17165,1.16985,1.17119,14499,2,0
2018-03-19 12:00:00,1.17119,1.17159,1.1706,1.1715,15735,4,0
2018-03-19 14:00:00,1.17149,1.17339,1.17104,1.17117,29348,1,0
2018-03-19 16:00:00,1.17118,1.17259,1.17027,1.17239,20267,2,0
2018-03-19 18:00:00,1.17239,1.17385,1.17219,1.17385,13183,1,0
2018-03-19 20:00:00,1.17385,1.1744,1.17259,1.1727,11089,1,0
2018-03-19 22:00:00,1.17271,1.17363,1.1724,1.17328,4114,5,0
2018-03-20 00:00:00,1.17328,1.1739,1.17293,1.17342,6192,8,0
2018-03-20 02:00:00,1.17343,1.1746,1.17321,1.17426,7435,1,0
2018-03-20 04:00:00,1.17426,1.17481,1.17405,1.17479,5149,4,0
2018-03-20 06:00:00,1.17479,1.1748,1.1744,1.17449,4975,5,0
2018-03-20 08:00:00,1.17449,1.1749,1.17402,1.17418,10510,5,0
2018-03-20 10:00:00,1.17418,1.17439,1.17166,1.17184,14566,4,0
2018-03-20 12:00:00,1.17197,1.17351,1.17183,1.17337,11112,1,0
2018-03-20 14:00:00,1.17338,1.1734,1.17148,1.17198,15127,2,0
2018-03-20 16:00:00,1.17196,1.17225,1.17127,1.17173,13643,3,0
2018-03-20 18:00:00,1.17174,1.17185,1.16953,1.17072,10409,1,0
2018-03-20 20:00:00,1.17071,1.17086,1.17023,1.17038,4853,5,0
2018-03-20 22:00:00,1.17037,1.17128,1.17015,1.17064,3367,4,0
2018-03-21 00:00:00,1.17064,1.171,1.17038,1.17084,2980,10,0
2018-03-21 02:00:00,1.17085,1.17116,1.17075,1.17105,4524,5,0
2018-03-21 04:00:00,1.17105,1.17136,1.17087,1.17101,6189,5,0
2018-03-21 06:00:00,1.171,1.17119,1.1708,1.1708,3280,7,0
2018-03-21 08:00:00,1.17082,1.1727,1.17082,1.17256,6869,4,0
2018-03-21 10:00:00,1.17254,1.17287,1.16977,1.1715,15770,3,0
2018-03-21 12:00:00,1.17149,1.17153,1.1702,1.17068,13374,1,0
2018-03-21 14:00:00,1.17068,1.17167,1.16989,1.17108,15756,3,0
2018-03-21 16:00:00,1.17108,1.17142,1.17013,1.17043,12287,2,0
2018-03-21 18:00:00,1.17043,1.17069,1.16882,1.16918,10079,2,0
2018-03-21 20:00:00,1.16918,1.17221,1.16887,1.17113,41735,1,0
2018-03-21 22:00:00,1.17111,1.17173,1.17032,1.17078,4439,4,0
2018-03-22 00:00:00,1.17078,1.17145,1.17073,1.17121,3916,7,0
2018-03-22 02:00:00,1.1712,1.17163,1.17085,1.17141,7171,7,0
2018-03-22 04:00:00,1.17141,1.1716,1.17114,1.17145,5334,4,0
2018-03-22 06:00:00,1.17145,1.17163,1.17111,1.1713,4524,7,0
2018-03-22 08:00:00,1.1713,1.17242,1.17111,1.17135,11281,1,0
2018-03-22 10:00:00,1.17132,1.17135,1.16865,1.16953,17555,1,0
2018-03-22 12:00:00,1.16954,1.16993,1.16506,1.16766,12373,1,0
2018-03-22 14:00:00,1.16766,1.16871,1.16654,1.16746,21907,1,0
2018-03-22 16:00:00,1.16745,1.16942,1.16549,1.16839,19518,3,0
2018-03-22 18:00:00,1.16838,1.17024,1.16708,1.17008,18994,1,0
2018-03-22 20:00:00,1.17009,1.1708,1.16891,1.16897,11837,4,0
2018-03-22 22:00:00,1.16903,1.1694,1.1673,1.16764,6009,1,0
2018-03-23 00:00:00,1.16764,1.16822,1.1658,1.16651,9681,4,0
2018-03-23 02:00:00,1.16652,1.1671,1.16608,1.16679,10434,2,0
2018-03-23 04:00:00,1.16678,1.16682,1.16583,1.166,7640,5,0
2018-03-23 06:00:00,1.16601,1.16636,1.16586,1.16604,5626,5,0
2018-03-23 08:00:00,1.16604,1.16749,1.16535,1.16718,12107,3,0
2018-03-23 10:00:00,1.16718,1.16815,1.16667,1.16795,14568,1,0
2018-03-23 12:00:00,1.16795,1.16951,1.16766,1.16947,10583,4,0
2018-03-23 14:00:00,1.16947,1.17061,1.16934,1.16984,14384,3,0
2018-03-23 16:00:00,1.16984,1.17027,1.16919,1.16975,18527,2,0
2018-03-23 18:00:00,1.1698,1.17154,1.16976,1.1712,12608,3,0
2018-03-23 20:00:00,1.1712,1.17131,1.16928,1.17001,11137,4,0
2018-03-23 22:00:00,1.17,1.17079,1.16955,1.17013,2867,5,0
2018-03-26 00:00:00,1.16891,1.17053,1.16861,1.17031,2577,7,0
2018-03-26 02:00:00,1.17031,1.17142,1.17003,1.17106,3912,1,0
2018-03-26 04:00:00,1.17105,1.17147,1.17054,1.17142,3964,4,0
2018-03-26 06:00:00,1.17141,1.17151,1.17105,1.17145,3148,5,0
2018-03-26 08:00:00,1.17146,1.17302,1.17134,1.17265,6513,4,0
2018-03-26 10:00:00,1.17265,1.17327,1.17214,1.17248,16221,3,0
2018-03-26 12:00:00,1.17248,1.17404,1.17205,1.17402,12856,1,0
2018-03-26 14:00:00,1.17402,1.17449,1.17322,1.17369,11316,1,0
2018-03-26 16:00:00,1.1737,1.17495,1.17327,1.17471,17978,3,0
2018-03-26 18:00:00,1.17471,1.17564,1.17363,1.17542,13565,2,0
2018-03-26 20:00:00,1.17544,1.17679,1.17515,1.17668,8877,1,0
2018-03-26 22:00:00,1.17667,1.17735,1.17547,1.17636,6515,5,0
2018-03-27 00:00:00,1.17636,1.17715,1.17512,1.17697,4422,10,0
2018-03-27 02:00:00,1.17696,1.17718,1.1765,1.17676,3618,5,0
2018-03-27 04:00:00,1.17675,1.17735,1.1767,1.17721,5025,5,0
2018-03-27 06:00:00,1.1772,1.17734,1.17633,1.17642,4652,6,0
2018-03-27 08:00:00,1.17641,1.17729,1.17582,1.17688,9698,3,0
2018-03-27 10:00:00,1.17685,1.17706,1.17599,1.17622,16244,3,0
2018-03-27 12:00:00,1.17623,1.17662,1.17479,1.17479,10650,3,0
2018-03-27 14:00:00,1.17479,1.17658,1.17479,1.17521,15395,1,0
2018-03-27 16:00:00,1.17521,1.1766,1.17479,1.17507,22341,1,0
2018-03-27 18:00:00,1.17508,1.17625,1.17498,1.17573,11894,3,0
2018-03-27 20:00:00,1.17573,1.17626,1.1744,1.17442,9054,1,0
2018-03-27 22:00:00,1.17443,1.17483,1.17372,1.17398,8337,1,0
2018-03-28 00:00:00,1.17398,1.17441,1.17351,1.1739,5031,1,0
2018-03-28 02:00:00,1.17392,1.1752,1.17379,1.17488,4078,6,0
2018-03-28 04:00:00,1.17489,1.17559,1.1748,1.17514,4852,6,0
2018-03-28 06:00:00,1.17515,1.1761,1.17501,1.17569,3623,5,0
2018-03-28 08:00:00,1.17569,1.17638,1.17539,1.17592,8005,3,0
2018-03-28 10:00:00,1.17591,1.17863,1.1751,1.17801,14873,1,0
2018-03-28 12:00:00,1.17802,1.17935,1.17762,1.17902,11584,2,0
2018-03-28 14:00:00,1.17902,1.1803,1.17889,1.17909,12866,2,0
2018-03-28 16:00:00,1.17908,1.18007,1.17752,1.17752,25554,1,0
2018-03-28 18:00:00,1.17751,1.17899,1.17719,1.1778,13663,2,0
2018-03-28 20:00:00,1.17781,1.17851,1.17707,1.17787,12558,1,0
2018-03-28 22:00:00,1.17787,1.17816,1.17709,1.17717,8222,4,0
2018-03-29 00:00:00,1.17717,1.17795,1.17679,1.17773,7729,2,0
2018-03-29 02:00:00,1.17774,1.17863,1.17748,1.17817,4901,1,0
2018-03-29 04:00:00,1.17816,1.17844,1.1779,1.17829,6620,6,0
2018-03-29 06:00:00,1.17828,1.17866,1.17823,1.1783,4200,7,0
2018-03-29 08:00:00,1.1783,1.17866,1.17742,1.17782,10212,3,0
2018-03-29 10:00:00,1.17772,1.17867,1.17748,1.17826,14266,1,0
2018-03-29 12:00:00,1.17826,1.17961,1.17804,1.17868,10579,3,0
2018-03-29 14:00:00,1.17868,1.17915,1.17722,1.17796,16371,2,0
2018-03-29 16:00:00,1.17796,1.17849,1.17626,1.17766,21968,1,0
2018-03-29 18:00:00,1.17766,1.17783,1.1754,1.17626,17362,1,0
2018-03-29 20:00:00,1.17625,1.17702,1.17572,1.17665,9194,3,0
2018-03-29 22:00:00,1.17664,1.17673,1.17595,1.17621,4740,6,0
2018-03-30 00:00:00,1.17621,1.1768,1.17564,1.17611,3980,1,0
2018-03-30 02:00:00,1.17615,1.17646,1.17379,1.17435,6399,1,0
2018-03-30 04:00:00,1.17435,1.17648,1.17408,1.17609,5767,1,0
2018-03-30 06:00:00,1.17636,1.17666,1.17465,1.1749,4588,1,0
2018-03-30 08:00:00,1.1749,1.17571,1.17319,1.17349,6081,7,0
2018-03-30 10:00:00,1.17348,1.1756,1.17344,1.17504,5690,1,0
2018-03-30 12:00:00,1.17501,1.17556,1.17484,1.1749,3986,2,0
2018-03-30 14:00:00,1.17489,1.17515,1.17426,1.1745,1644,1,0
2018-03-30 16:00:00,1.1745,1.17486,1.17387,1.1748,4718,1,0
2018-03-30 18:00:00,1.1748,1.17564,1.17419,1.17458,7789,1,0
2018-03-30 20:00:00,1.17457,1.17547,1.1737,1.17538,2909,1,0
2018-03-30 22:00:00,1.17538,1.1756,1.1736,1.17514,2316,1,0
2018-04-02 00:00:00,1.174,1.17621,1.17334,1.17547,3112,1,0
2018-04-02 02:00:00,1.17547,1.17588,1.17529,1.17576,3754,5,0
2018-04-02 04:00:00,1.17576,1.17612,1.17552,1.17565,3853,3,0
2018-04-02 06:00:00,1.17565,1.17571,1.17525,1.17555,3492,7,0
2018-04-02 08:00:00,1.17555,1.17608,1.17543,1.17605,4726,8,0
2018-04-02 10:00:00,1.17606,1.17633,1.17526,1.17531,3840,5,0
2018-04-02 12:00:00,1.1753,1.17558,1.17521,1.17546,2505,5,0
2018-04-02 14:00:00,1.17547,1.1763,1.17527,1.17619,5282,3,0
2018-04-02 16:00:00,1.17619,1.17621,1.17461,1.1756,14452,1,0
2018-04-02 18:00:00,1.1756,1.17561,1.17407,1.17539,14021,5,0
2018-04-02 20:00:00,1.17538,1.17549,1.17364,1.17435,9741,4,0
2018-04-02 22:00:00,1.17433,1.17524,1.17372,1.17435,5931,6,0
2018-04-03 00:00:00,1.17398,1.1754,1.17366,1.17469,3323,17,0
2018-04-03 02:00:00,1.17468,1.1751,1.17395,1.17503,2881,8,0
2018-04-03 04:00:00,1.17502,1.17583,1.17496,1.17574,3642,7,0
2018-04-03 06:00:00,1.17575,1.17593,1.17555,1.17569,2757,2,0
2018-04-03 08:00:00,1.17568,1.17614,1.17512,1.17541,6933,6,0
2018-04-03 10:00:00,1.17541,1.17664,1.17463,1.17475,11455,2,0
2018-04-03 12:00:00,1.17475,1.1764,1.17473,1.17591,13045,1,0
2018-04-03 14:00:00,1.1759,1.17743,1.17551,1.17575,14455,2,0
2018-04-03 16:00:00,1.17574,1.17673,1.17492,1.1766,23967,1,0
2018-04-03 18:00:00,1.17661,1.177,1.1755,1.17648,11985,4,0
2018-04-03 20:00:00,1.17648,1.17731,1.17615,1.17659,3531,3,0
2018-04-03 22:00:00,1.17658,1.17702,1.17594,1.17611,4799,5,0
2018-04-04 00:00:00,1.17648,1.17674,1.17528,1.1763,2036,15,0
2018-04-04 02:00:00,1.1763,1.1768,1.17627,1.17659,1400,9,0
2018-04-04 04:00:00,1.1766,1.17669,1.17624,1.17646,1863,10,0
2018-04-04 06:00:00,1.17646,1.17659,1.17601,1.17618,1678,8,0
2018-04-04 08:00:00,1.17618,1.17643,1.17569,1.17603,3488,7,0
2018-04-04 10:00:00,1.17603,1.17772,1.17549,1.1775,11893,1,0
2018-04-04 12:00:00,1.17751,1.17788,1.1766,1.17744,5927,1,0
2018-04-04 14:00:00,1.17744,1.17859,1.17695,1.17848,7129,2,0
2018-04-04 16:00:00,1.17848,1.18034,1.17816,1.18009,15250,1,0
2018-04-04 18:00:00,1.18009,1.18045,1.17905,1.17959,6745,4,0
2018-04-04 20:00:00,1.17959,1.17976,1.17875,1.17955,5144,1,0
2018-04-04 22:00:00,1.17955,1.18003,1.17909,1.1796,3722,4,0
2018-04-05 00:00:00,1.17946,1.18025,1.17913,1.17952,1877,5,0
2018-04-05 02:00:00,1.17952,1.18001,1.17937,1.17991,1907,9,0
2018-04-05 04:00:00,1.17991,1.18046,1.17956,1.18019,2003,7,0
2018-04-05 06:00:00,1.18019,1.18048,1.18015,1.18031,2415,6,0
2018-04-05 08:00:00,1.18031,1.18032,1.17929,1.17937,4588,6,0
2018-04-05 10:00:00,1.17938,1.17973,1.1788,1.17901,7780,1,0
2018-04-05 12:00:00,1.17901,1.17979,1.17853,1.17929,5111,3,0
2018-04-05 14:00:00,1.17929,1.17987,1.17905,1.17936,8345,3,0
2018-04-05 16:00:00,1.17936,1.17994,1.1775,1.178,9119,1,0
2018-04-05 18:00:00,1.17801,1.17841,1.17716,1.17803,5817,3,0
2018-04-05 20:00:00,1.17802,1.17922,1.17767,1.1789,4052,6,0
2018-04-05 22:00:00,1.17891,1.1794,1.17874,1.17931,1960,4,0
2018-04-06 00:00:00,1.17911,1.17952,1.17836,1.17874,2169,3,0
2018-04-06 02:00:00,1.17874,1.17904,1.17837,1.1785,3308,7,0
2018-04-06 04:00:00,1.1785,1.17922,1.17837,1.17893,3248,10,0
2018-04-06 06:00:00,1.17893,1.17897,1.17822,1.17841,2738,8,0
2018-04-06 08:00:00,1.17841,1.1786,1.17761,1.17855,6454,5,0
2018-04-06 10:00:00,1.17856,1.1787,1.17744,1.17855,8384,5,0
2018-04-06 12:00:00,1.17855,1.17944,1.17802,1.17912,5149,5,0
2018-04-06 14:00:00,1.17912,1.18041,1.17871,1.17937,14165,5,0
2018-04-06 16:00:00,1.17937,1.17954,1.17687,1.17806,16913,3,0
2018-04-06 18:00:00,1.17806,1.17905,1.17766,1.17898,6895,1,0
2018-04-06 20:00:00,1.17898,1.17908,1.17706,1.17769,6016,4,0
2018-04-06 22:00:00,1.17769,1.17839,1.17741,1.17776,3030,6,0
2018-04-09 00:00:00,1.17662,1.17783,1.17611,1.17734,3703,1,0
2018-04-09 02:00:00,1.17733,1.17768,1.17689,1.17759,3269,7,0
2018-04-09 04:00:00,1.17759,1.17816,1.17749,1.17812,2951,9,0
2018-04-09 06:00:00,1.17812,1.17827,1.17777,1.17822,2161,6,0
2018-04-09 08:00:00,1.17822,1.17854,1.17795,1.17846,6100,7,0
2018-04-09 10:00:00,1.17846,1.17865,1.17722,1.17824,8267,4,0
2018-04-09 12:00:00,1.17823,1.1787,1.17788,1.17863,5219,4,0
2018-04-09 14:00:00,1.17863,1.17949,1.17819,1.17913,6097,3,0
2018-04-09 16:00:00,1.17913,1.17941,1.17804,1.17898,9176,4,0
2018-04-09 18:00:00,1.17898,1.17981,1.17881,1.17918,4613,3,0
2018-04-09 20:00:00,1.17918,1.17922,1.17824,1.17843,3255,4,0
2018-04-09 22:00:00,1.17842,1.17862,1.17786,1.17797,3339,6,0
2018-04-10 00:00:00,1.17755,1.17832,1.17755,1.1781,2005,10,0
2018-04-10 02:00:00,1.17811,1.1783,1.17794,1.17809,1693,6,0
2018-04-10 04:00:00,1.17809,1.17899,1.17806,1.17852,5034,6,0
2018-04-10 06:00:00,1.17852,1.17858,1.17801,1.17838,1810,7,0
2018-04-10 08:00:00,1.17838,1.17913,1.17815,1.179,4219,6,0
2018-04-10 10:00:00,1.179,1.17909,1.17674,1.17766,8235,1,0
2018-04-10 12:00:00,1.17766,1.17849,1.17726,1.17842,4053,3,0
2018-04-10 14:00:00,1.17842,1.18045,1.17803,1.17945,12103,1,0
2018-04-10 16:00:00,1.17946,1.18156,1.17881,1.18072,10499,1,0
2018-04-10 18:00:00,1.18072,1.18147,1.17971,1.18097,8804,1,0
2018-04-10 20:00:00,1.18098,1.18256,1.18089,1.18255,4681,6,0
2018-04-10 22:00:00,1.18254,1.18254,1.18203,1.1821,2116,3,0
2018-04-11 00:00:00,1.1821,1.18262,1.18153,1.18236,2595,8,0
2018-04-11 02:00:00,1.18234,1.18267,1.18218,1.18229,2232,5,0
2018-04-11 04:00:00,1.18229,1.18251,1.18211,1.1824,1842,7,0
2018-04-11 06:00:00,1.18241,1.18264,1.18235,1.18241,1430,8,0
2018-04-11 08:00:00,1.18241,1.18413,1.18238,1.18377,4093,4,0
2018-04-11 10:00:00,1.18377,1.18803,1.18317,1.18592,10176,1,0
2018-04-11 12:00:00,1.18592,1.18598,1.18468,1.18513,5437,2,0
2018-04-11 14:00:00,1.18513,1.18613,1.18467,1.1853,8893,1,0
2018-04-11 16:00:00,1.1853,1.186,1.18439,1.18512,9243,1,0
2018-04-11 18:00:00,1.18513,1.18623,1.18507,1.18572,7631,3,0
2018-04-11 20:00:00,1.18573,1.1858,1.18445,1.18467,4991,6,0
2018-04-11 22:00:00,1.18467,1.18479,1.18417,1.18419,2151,7,0
2018-04-12 00:00:00,1.18445,1.18478,1.18379,1.18439,1708,14,0
2018-04-12 02:00:00,1.18439,1.18523,1.18424,1.18506,1079,6,0
2018-04-12 04:00:00,1.18506,1.18554,1.18474,1.18475,1086,7,0
2018-04-12 06:00:00,1.18475,1.18519,1.18466,1.185,949,9,0
2018-04-12 08:00:00,1.185,1.18663,1.18494,1.18563,4234,2,0
2018-04-12 10:00:00,1.18563,1.18722,1.18542,1.18634,7700,3,0
2018-04-12 12:00:00,1.18634,1.18778,1.18592,1.18765,9199,3,0
2018-04-12 14:00:00,1.18765,1.18895,1.18646,1.1866,12746,1,0
2018-04-12 16:00:00,1.1866,1.18677,1.18478,1.18513,11047,4,0
2018-04-12 18:00:00,1.18514,1.18647,1.18502,1.18625,6068,5,0
2018-04-12 20:00:00,1.18625,1.18656,1.18569,1.18627,2643,6,0
2018-04-12 22:00:00,1.18627,1.18678,1.18574,1.18582,2267,9,0
2018-04-13 00:00:00,1.18587,1.18655,1.18533,1.18622,2514,7,0
2018-04-13 02:00:00,1.18622,1.18706,1.18617,1.18689,1343,7,0
2018-04-13 04:00:00,1.18689,1.18714,1.18644,1.18674,2632,5,0
2018-04-13 06:00:00,1.18674,1.18705,1.18659,1.18693,1530,6,0
2018-04-13 08:00:00,1.18694,1.18774,1.18654,1.18755,6349,5,0
2018-04-13 10:00:00,1.18755,1.18792,1.18497,1.18601,9544,2,0
2018-04-13 12:00:00,1.18601,1.18644,1.18537,1.18597,4422,5,0
2018-04-13 14:00:00,1.18597,1.1861,1.18518,1.18588,4786,3,0
2018-04-13 16:00:00,1.18588,1.18657,1.1855,1.18619,6214,5,0
2018-04-13 18:00:00,1.1862,1.18719,1.18608,1.18688,5561,5,0
2018-04-13 20:00:00,1.18688,1.18752,1.18639,1.18646,2178,7,0
2018-04-13 22:00:00,1.18646,1.1872,1.1857,1.18647,2469,6,0
2018-04-16 00:00:00,1.18495,1.18798,1.18495,1.18795,6216,9,0
2018-04-16 02:00:00,1.18795,1.188,1.1872,1.18784,1567,4,0
2018-04-16 04:00:00,1.18784,1.18786,1.18726,1.18738,1481,7,0
2018-04-16 06:00:00,1.18738,1.18754,1.187,1.18751,1284,8,0
2018-04-16 08:00:00,1.18751,1.188,1.18737,1.18748,3011,2,0
2018-04-16 10:00:00,1.18748,1.18838,1.18702,1.18748,6649,5,0
2018-04-16 12:00:00,1.18748,1.18759,1.18649,1.18733,4843,5,0
2018-04-16 14:00:00,1.18733,1.18846,1.18712,1.18783,5097,5,0
2018-04-16 16:00:00,1.18783,1.18808,1.1866,1.18705,7595,1,0
2018-04-16 18:00:00,1.18705,1.18755,1.18682,1.18737,4469,5,0
2018-04-16 20:00:00,1.18737,1.18829,1.18727,1.18828,1807,4,0
2018-04-16 22:00:00,1.18828,1.18841,1.18777,1.18822,2156,1,0
2018-04-17 00:00:00,1.18797,1.18832,1.18738,1.18826,948,10,0
2018-04-17 02:00:00,1.18827,1.189,1.18813,1.18859,1363,4,0
2018-04-17 04:00:00,1.18859,1.18922,1.18822,1.18878,1878,7,0
2018-04-17 06:00:00,1.18878,1.18953,1.18874,1.18939,1787,7,0
2018-04-17 08:00:00,1.1894,1.18964,1.18894,1.18937,4099,4,0
2018-04-17 10:00:00,1.18937,1.19109,1.18886,1.19062,7378,2,0
2018-04-17 12:00:00,1.19062,1.19104,1.18971,1.18982,5249,4,0
2018-04-17 14:00:00,1.18982,1.19113,1.18973,1.19078,6623,5,0
2018-04-17 16:00:00,1.19078,1.1931,1.19073,1.19215,9869,1,0
2018-04-17 18:00:00,1.19216,1.19475,1.19183,1.19404,6961,2,0
2018-04-17 20:00:00,1.19404,1.19481,1.19386,1.19477,2260,6,0
2018-04-17 22:00:00,1.19477,1.19536,1.1946,1.19505,1839,1,0
2018-04-18 00:00:00,1.19495,1.1963,1.19451,1.19623,1485,8,0
2018-04-18 02:00:00,1.19623,1.19673,1.19563,1.19656,1628,7,0
2018-04-18 04:00:00,1.19656,1.19746,1.19627,1.19701,2565,4,0
2018-04-18 06:00:00,1.19701,1.1973,1.1968,1.19721,1178,6,0
2018-04-18 08:00:00,1.19721,1.19744,1.19664,1.19674,3797,4,0
2018-04-18 10:00:00,1.19674,1.19819,1.19607,1.19738,10352,1,0
2018-04-18 12:00:00,1.19738,1.19797,1.19638,1.19795,7415,2,0
2018-04-18 14:00:00,1.19795,1.19873,1.19768,1.19805,6654,2,0
2018-04-18 16:00:00,1.19805,1.19805,1.19607,1.19693,10326,2,0
2018-04-18 18:00:00,1.19693,1.19789,1.19655,1.19774,4761,5,0
2018-04-18 20:00:00,1.19774,1.19917,1.19734,1.19849,2745,4,0
2018-04-18 22:00:00,1.1985,1.19873,1.1979,1.19853,2126,3,0
2018-04-19 00:00:00,1.19829,1.19893,1.19784,1.19882,1692,7,0
2018-04-19 02:00:00,1.19882,1.19896,1.19859,1.19876,1185,7,0
2018-04-19 04:00:00,1.19876,1.19888,1.19833,1.19871,1560,7,0
2018-04-19 06:00:00,1.19871,1.19894,1.19864,1.19887,1544,7,0
2018-04-19 08:00:00,1.19887,1.19946,1.19816,1.19866,3917,1,0
2018-04-19 10:00:00,1.19866,1.19966,1.19776,1.19802,9678,2,0
2018-04-19 12:00:00,1.19802,1.19989,1.1956,1.19747,9305,5,0
2018-04-19 14:00:00,1.19747,1.19821,1.1969,1.19742,8081,3,0
2018-04-19 16:00:00,1.19742,1.19945,1.19689,1.19937,10720,2,0
2018-04-19 18:00:00,1.19937,1.20012,1.198,1.19858,10104,1,0
2018-04-19 20:00:00,1.19858,1.20008,1.19825,1.19939,5256,5,0
2018-04-19 22:00:00,1.19943,1.19967,1.19897,1.199,3056,7,0
2018-04-20 00:00:00,1.199,1.19952,1.19823,1.19931,2493,1,0
2018-04-20 02:00:00,1.19931,1.19955,1.19899,1.19919,1386,6,0
2018-04-20 04:00:00,1.19919,1.19968,1.19909,1.19941,1867,6,0
2018-04-20 06:00:00,1.19941,1.19982,1.19935,1.19956,1137,7,0
2018-04-20 08:00:00,1.19954,1.2005,1.19918,1.19947,4341,4,0
2018-04-20 10:00:00,1.19947,1.20018,1.19668,1.19802,9707,2,0
2018-04-20 12:00:00,1.19802,1.19847,1.19718,1.19847,6574,1,0
2018-04-20 14:00:00,1.19847,1.19853,1.1962,1.19677,6124,3,0
2018-04-20 16:00:00,1.19677,1.19708,1.19538,1.19607,12369,1,0
2018-04-20 18:00:00,1.19607,1.19859,1.19497,1.19838,7462,2,0
2018-04-20 20:00:00,1.19838,1.19842,1.19727,1.19739,2431,7,0
2018-04-20 22:00:00,1.19739,1.1983,1.19706,1.19795,2854,4,0
2018-04-23 00:00:00,1.1964,1.19821,1.19637,1.1979,5841,18,0
2018-04-23 02:00:00,1.1979,1.19833,1.19716,1.19738,2162,2,0
2018-04-23 04:00:00,1.19738,1.1978,1.19725,1.19745,2390,5,0
2018-04-23 06:00:00,1.19745,1.19755,1.19673,1.19722,1619,9,0
2018-04-23 08:00:00,1.19721,1.19749,1.19681,1.19692,4048,5,0
2018-04-23 10:00:00,1.19692,1.19826,1.19599,1.19601,10488,3,0
2018-04-23 12:00:00,1.19601,1.19639,1.19279,1.19318,8481,2,0
2018-04-23 14:00:00,1.19318,1.19427,1.19259,1.19424,5803,5,0
2018-04-23 16:00:00,1.19424,1.19463,1.19352,1.19437,7887,5,0
2018-04-23 18:00:00,1.19437,1.19499,1.19343,1.19496,5800,2,0
2018-04-23 20:00:00,1.19497,1.19501,1.19395,1.19421,2724,5,0
2018-04-23 22:00:00,1.19422,1.19483,1.19389,1.19405,3065,5,0
2018-04-24 00:00:00,1.19409,1.19439,1.19376,1.19422,1696,5,0
2018-04-24 02:00:00,1.19422,1.19433,1.19376,1.19389,2092,2,0
2018-04-24 04:00:00,1.19389,1.19448,1.19278,1.19419,5164,5,0
2018-04-24 06:00:00,1.1942,1.19454,1.19418,1.19454,2208,7,0
2018-04-24 08:00:00,1.19454,1.19488,1.19374,1.19393,4930,3,0
2018-04-24 10:00:00,1.19394,1.19437,1.19247,1.19392,8936,4,0
2018-04-24 12:00:00,1.19394,1.1948,1.19289,1.19445,6199,2,0
2018-04-24 14:00:00,1.19445,1.19479,1.1939,1.19471,6705,4,0
2018-04-24 16:00:00,1.19472,1.19843,1.19444,1.1982,12560,4,0
2018-04-24 18:00:00,1.19822,1.19901,1.19694,1.19728,7773,2,0
2018-04-24 20:00:00,1.19728,1.19798,1.19708,1.1976,4399,6,0
2018-04-24 22:00:00,1.19761,1.19772,1.1972,1.19734,2153,7,0
2018-04-25 00:00:00,1.19734,1.1978,1.19699,1.19755,1404,1,0
2018-04-25 02:00:00,1.19757,1.19852,1.1975,1.19839,1614,6,0
2018-04-25 04:00:00,1.19839,1.19896,1.198,1.19836,1843,2,0
2018-04-25 06:00:00,1.19836,1.19891,1.19829,1.19843,1415,9,0
2018-04-25 08:00:00,1.19844,1.19965,1.19802,1.19918,5620,6,0
2018-04-25 10:00:00,1.19917,1.19942,1.19713,1.19789,7440,2,0
2018-04-25 12:00:00,1.19789,1.19967,1.19778,1.19908,8296,1,0
2018-04-25 14:00:00,1.19908,1.19939,1.19753,1.19839,9324,1,0
2018-04-25 16:00:00,1.19838,1.19885,1.19754,1.19774,11055,1,0
2018-04-25 18:00:00,1.19775,1.19785,1.19628,1.19696,6498,1,0
2018-04-25 20:00:00,1.19696,1.19717,1.19604,1.19667,2478,6,0
2018-04-25 22:00:00,1.19666,1.19678,1.19553,1.19558,2968,4,0
2018-04-26 00:00:00,1.19555,1.19614,1.19513,1.19609,2218,11,0
2018-04-26 02:00:00,1.19609,1.19652,1.19577,1.19618,4055,5,0
2018-04-26 04:00:00,1.19618,1.19654,1.19609,1.19639,4486,3,0
2018-04-26 06:00:00,1.19639,1.19663,1.19615,1.19646,2468,6,0
2018-04-26 08:00:00,1.19646,1.19731,1.19621,1.19725,7187,3,0
2018-04-26 10:00:00,1.19726,1.19822,1.19651,1.19751,8305,1,0
2018-04-26 12:00:00,1.19751,1.19848,1.19729,1.19825,6412,1,0
2018-04-26 14:00:00,1.19825,1.19879,1.19618,1.19842,20271,1,0
2018-04-26 16:00:00,1.19842,1.199,1.19548,1.19647,18938,1,0
2018-04-26 18:00:00,1.19648,1.19796,1.1961,1.19786,7625,2,0
2018-04-26 20:00:00,1.19786,1.19795,1.1965,1.19755,3236,3,0
2018-04-26 22:00:00,1.19755,1.19771,1.1968,1.19705,2628,6,0
2018-04-27 00:00:00,1.19667,1.19792,1.19625,1.19724,2722,6,0
2018-04-27 02:00:00,1.19724,1.19784,1.19723,1.19755,2432,1,0
2018-04-27 04:00:00,1.19755,1.19796,1.19711,1.19793,3651,4,0
2018-04-27 06:00:00,1.19793,1.19816,1.1977,1.19784,2665,3,0
2018-04-27 08:00:00,1.19783,1.1984,1.19719,1.19762,6776,1,0
2018-04-27 10:00:00,1.19763,1.19784,1.19602,1.19698,10033,1,0
2018-04-27 12:00:00,1.19697,1.19762,1.19524,1.19743,6819,1,0
2018-04-27 14:00:00,1.19743,1.19769,1.19562,1.19592,9772,1,0
2018-04-27 16:00:00,1.19592,1.19686,1.1955,1.1959,11331,1,0
2018-04-27 18:00:00,1.19589,1.197,1.19586,1.1967,6198,1,0
2018-04-27 20:00:00,1.1967,1.19754,1.19636,1.19748,3997,4,0
2018-04-27 22:00:00,1.19748,1.19837,1.19736,1.19825,3656,2,0
2018-04-30 00:00:00,1.19739,1.19818,1.19672,1.1979,2893,10,0
2018-04-30 02:00:00,1.1979,1.19813,1.19774,1.19804,1625,8,0
2018-04-30 04:00:00,1.19804,1.19858,1.19785,1.19851,2392,4,0
2018-04-30 06:00:00,1.19851,1.19856,1.19805,1.19807,2614,9,0
2018-04-30 08:00:00,1.19807,1.19851,1.19796,1.19837,8359,3,0
2018-04-30 10:00:00,1.19838,1.19873,1.19693,1.19775,7466,1,0
2018-04-30 12:00:00,1.19774,1.19785,1.19644,1.19673,5970,1,0
2018-04-30 14:00:00,1.19674,1.19766,1.1966,1.19747,6423,1,0
2018-04-30 16:00:00,1.19747,1.19774,1.19594,1.19596,10800,1,0
2018-04-30 18:00:00,1.19596,1.19726,1.19557,1.19722,9347,1,0
2018-04-30 20:00:00,1.19723,1.19726,1.19629,1.19697,4886,2,0
2018-04-30 22:00:00,1.19697,1.19705,1.19634,1.19662,2706,4,0
2018-05-01 00:00:00,1.19662,1.19683,1.1959,1.19679,4173,9,0
2018-05-01 02:00:00,1.19679,1.19732,1.19668,1.19706,2470,5,0
2018-05-01 04:00:00,1.19706,1.19725,1.1968,1.19722,1710,7,0
2018-05-01 06:00:00,1.19722,1.19724,1.19702,1.1972,1299,8,0
2018-05-01 08:00:00,1.1972,1.19722,1.19603,1.19622,3664,3,0
2018-05-01 10:00:00,1.19622,1.19702,1.19553,1.19597,5468,1,0
2018-05-01 12:00:00,1.19596,1.19599,1.19451,1.19496,6306,1,0
2018-05-01 14:00:00,1.19496,1.19573,1.19445,1.19499,5321,2,0
2018-05-01 16:00:00,1.19499,1.19553,1.19352,1.19409,11816,1,0
2018-05-01 18:00:00,1.19408,1.19532,1.19369,1.1951,8099,1,0
2018-05-01 20:00:00,1.1951,1.19545,1.19465,1.19541,4289,4,0
2018-05-01 22:00:00,1.19542,1.19542,1.19485,1.19502,2871,6,0
2018-05-02 00:00:00,1.19502,1.19544,1.19382,1.19499,2090,9,0
2018-05-02 02:00:00,1.19499,1.19549,1.19478,1.19515,2093,6,0
2018-05-02 04:00:00,1.19515,1.19561,1.19506,1.19556,3220,5,0
2018-05-02 06:00:00,1.19556,1.19573,1.19532,1.19548,2056,8,0
2018-05-02 08:00:00,1.19548,1.19584,1.1944,1.19529,9306,1,0
2018-05-02 10:00:00,1.19529,1.19598,1.19381,1.19425,10703,1,0
2018-05-02 12:00:00,1.19425,1.19537,1.1938,1.19516,6387,2,0
2018-05-02 14:00:00,1.19516,1.19586,1.19458,1.19579,7368,1,0
2018-05-02 16:00:00,1.19582,1.19634,1.19347,1.19376,13791,1,0
2018-05-02 18:00:00,1.19375,1.19448,1.19348,1.19435,8087,1,0
2018-05-02 20:00:00,1.19435,1.19562,1.19373,1.19501,14122,1,0
2018-05-02 22:00:00,1.19501,1.19538,1.19356,1.19396,9542,1,0
2018-05-03 00:00:00,1.19396,1.19463,1.19346,1.19415,2861,9,0
2018-05-03 02:00:00,1.19415,1.19483,1.19411,1.19466,2984,1,0
2018-05-03 04:00:00,1.19466,1.19492,1.19439,1.19483,7528,6,0
2018-05-03 06:00:00,1.19483,1.19524,1.19468,1.1952,4234,6,0
2018-05-03 08:00:00,1.1952,1.19537,1.19421,1.1945,8061,1,0
2018-05-03 10:00:00,1.1945,1.19594,1.19381,1.19533,11109,1,0
2018-05-03 12:00:00,1.19533,1.19617,1.19468,1.19572,11463,1,0
2018-05-03 14:00:00,1.19572,1.19612,1.19511,1.19571,9635,1,0
2018-05-03 16:00:00,1.19571,1.19664,1.19398,1.19404,14861,1,0
2018-05-03 18:00:00,1.19404,1.19647,1.19379,1.19615,10866,1,0
2018-05-03 20:00:00,1.19615,1.19687,1.19539,1.19632,5598,2,0
2018-05-03 22:00:00,1.19632,1.19656,1.19562,1.19576,3843,6,0
2018-05-04 00:00:00,1.19576,1.19629,1.19525,1.1959,1565,2,0
2018-05-04 02:00:00,1.1959,1.19605,1.19533,1.19579,2013,5,0
2018-05-04 04:00:00,1.19579,1.19611,1.19567,1.19578,3369,6,0
2018-05-04 06:00:00,1.19578,1.19624,1.19577,1.19597,1349,6,0
2018-05-04 08:00:00,1.19597,1.19628,1.19534,1.19566,4624,5,0
2018-05-04 10:00:00,1.19565,1.19651,1.19496,1.19506,6555,1,0
2018-05-04 12:00:00,1.19506,1.1951,1.19369,1.19461,4479,1,0
2018-05-04 14:00:00,1.19461,1.19747,1.1941,1.19607,17976,1,0
2018-05-04 16:00:00,1.19607,1.19607,1.1936,1.19451,18158,1,0
2018-05-04 18:00:00,1.19451,1.19626,1.19438,1.19595,9788,1,0
2018-05-04 20:00:00,1.19595,1.19694,1.19586,1.1968,4121,3,0
2018-05-04 22:00:00,1.1968,1.19688,1.19594,1.19609,1739,5,0
2018-05-07 00:00:00,1.19567,1.19658,1.195,1.19618,1761,13,0
2018-05-07 02:00:00,1.19618,1.19634,1.19579,1.19624,3943,7,0
2018-05-07 04:00:00,1.19624,1.1963,1.19579,1.19599,2620,3,0
2018-05-07 06:00:00,1.19599,1.19607,1.19538,1.19543,2193,3,0
2018-05-07 08:00:00,1.19543,1.19569,1.1948,1.19514,5420,4,0
2018-05-07 10:00:00,1.19514,1.19725,1.19469,1.19713,8370,1,0
2018-05-07 12:00:00,1.19713,1.19793,1.19691,1.19728,5759,2,0
2018-05-07 14:00:00,1.19728,1.19781,1.19595,1.19647,6155,1,0
2018-05-07 16:00:00,1.19647,1.19655,1.19495,1.19533,6975,1,0
2018-05-07 18:00:00,1.19533,1.1962,1.19495,1.19593,6024,2,0
2018-05-07 20:00:00,1.19592,1.19599,1.19542,1.19573,3699,4,0
2018-05-07 22:00:00,1.19573,1.19582,1.19533,1.19542,3817,3,0
2018-05-08 00:00:00,1.19542,1.19594,1.19485,1.19549,1481,9,0
2018-05-08 02:00:00,1.19549,1.19597,1.1953,1.1959,3456,5,0
2018-05-08 04:00:00,1.1959,1.1959,1.19516,1.19562,5274,1,0
2018-05-08 06:00:00,1.19562,1.19565,1.19524,1.19533,4605,4,0
2018-05-08 08:00:00,1.19533,1.19578,1.19508,1.19547,7630,5,0
2018-05-08 10:00:00,1.19547,1.1958,1.19346,1.19351,10000,1,0
2018-05-08 12:00:00,1.19351,1.19355,1.19028,1.19045,6021,1,0
2018-05-08 14:00:00,1.19045,1.19075,1.18908,1.18958,6706,1,0
2018-05-08 16:00:00,1.18958,1.18958,1.18733,1.18748,9864,1,0
2018-05-08 18:00:00,1.18748,1.19051,1.18658,1.18991,13806,1,0
2018-05-08 20:00:00,1.18991,1.19014,1.1881,1.18823,7741,2,0
2018-05-08 22:00:00,1.18823,1.18884,1.18812,1.18846,2132,4,0
2018-05-09 00:00:00,1.18846,1.18883,1.18754,1.18822,2028,3,0
2018-05-09 02:00:00,1.18822,1.18921,1.18814,1.18912,2944,7,0
2018-05-09 04:00:00,1.18912,1.18965,1.18887,1.18955,4629,5,0
2018-05-09 06:00:00,1.18955,1.18973,1.18906,1.18917,2943,4,0
2018-05-09 08:00:00,1.18917,1.18932,1.18662,1.1869,7079,1,0
2018-05-09 10:00:00,1.1869,1.18937,1.18681,1.18893,10027,1,0
2018-05-09 12:00:00,1.18893,1.18988,1.18818,1.18948,7791,2,0
2018-05-09 14:00:00,1.18948,1.1908,1.18889,1.19036,11159,1,0
2018-05-09 16:00:00,1.19036,1.19211,1.18982,1.19048,11042,1,0
2018-05-09 18:00:00,1.19048,1.19117,1.18996,1.19112,6912,1,0
2018-05-09 20:00:00,1.19111,1.19221,1.19085,1.192,3126,1,0
2018-05-09 22:00:00,1.192,1.19215,1.19119,1.19133,1774,2,0
2018-05-10 00:00:00,1.19133,1.1915,1.18983,1.19131,2302,11,0
2018-05-10 02:00:00,1.19131,1.19156,1.19093,1.191,2136,3,0
2018-05-10 04:00:00,1.191,1.19151,1.19093,1.19129,3241,3,0
2018-05-10 06:00:00,1.19129,1.19161,1.19124,1.19153,2103,6,0
2018-05-10 08:00:00,1.19153,1.1924,1.19042,1.19238,6031,1,0
2018-05-10 10:00:00,1.19238,1.19248,1.19091,1.192,7508,1,0
2018-05-10 12:00:00,1.192,1.19231,1.19118,1.19147,5231,2,0
2018-05-10 14:00:00,1.19147,1.19347,1.18991,1.193,17679,1,0
2018-05-10 16:00:00,1.193,1.19478,1.19219,1.19272,15150,1,0
2018-05-10 18:00:00,1.19273,1.19474,1.19246,1.19462,7285,1,0
2018-05-10 20:00:00,1.19462,1.19574,1.19456,1.19541,4171,2,0
2018-05-10 22:00:00,1.19542,1.19557,1.19481,1.19483,2978,4,0
2018-05-11 00:00:00,1.19483,1.19533,1.19416,1.19505,2752,6,0
2018-05-11 02:00:00,1.19505,1.19565,1.19492,1.19495,2669,6,0
2018-05-11 04:00:00,1.19496,1.1953,1.19494,1.1951,2218,8,0
2018-05-11 06:00:00,1.19511,1.19549,1.19504,1.1951,1667,5,0
2018-05-11 08:00:00,1.1951,1.1954,1.19376,1.1942,5816,3,0
2018-05-11 10:00:00,1.1942,1.19531,1.19377,1.19414,6391,1,0
2018-05-11 12:00:00,1.19414,1.19461,1.19333,1.19344,6002,1,0
2018-05-11 14:00:00,1.19344,1.19365,1.19246,1.19328,6391,2,0
2018-05-11 16:00:00,1.19327,1.19449,1.19309,1.1941,10913,1,0
2018-05-11 18:00:00,1.1941,1.19568,1.19365,1.19558,6114,2,0
2018-05-11 20:00:00,1.19557,1.19575,1.1948,1.19537,2787,2,0
2018-05-11 22:00:00,1.19537,1.19576,1.19414,1.19427,2237,5,0
2018-05-14 00:00:00,1.19361,1.19528,1.19358,1.19509,1687,10,0
2018-05-14 02:00:00,1.19509,1.19528,1.19479,1.19499,2192,1,0
2018-05-14 04:00:00,1.19499,1.19529,1.19488,1.19525,1931,5,0
2018-05-14 06:00:00,1.19525,1.1956,1.19518,1.19546,1521,7,0
2018-05-14 08:00:00,1.19545,1.19628,1.19541,1.19549,4442,4,0
2018-05-14 10:00:00,1.19549,1.19737,1.19502,1.19717,6404,1,0
2018-05-14 12:00:00,1.19717,1.19798,1.19591,1.19614,4944,1,0
2018-05-14 14:00:00,1.19614,1.19671,1.19447,1.19473,4597,3,0
2018-05-14 16:00:00,1.19473,1.19495,1.19392,1.19451,7099,1,0
2018-05-14 18:00:00,1.19451,1.19531,1.19413,1.19517,4899,4,0
2018-05-14 20:00:00,1.19517,1.1952,1.19383,1.19436,3608,5,0
2018-05-14 22:00:00,1.19436,1.19442,1.19305,1.19311,1760,5,0
2018-05-15 00:00:00,1.19299,1.19379,1.19285,1.19319,2639,1,0
2018-05-15 02:00:00,1.19319,1.19388,1.19319,1.19381,1564,5,0
2018-05-15 04:00:00,1.19381,1.19407,1.19336,1.19386,1606,6,0
2018-05-15 06:00:00,1.19386,1.19411,1.1935,1.19358,1495,6,0
2018-05-15 08:00:00,1.19358,1.19386,1.19291,1.19376,3703,4,0
2018-05-15 10:00:00,1.19376,1.19396,1.19228,1.19233,5601,1,0
2018-05-15 12:00:00,1.19233,1.19304,1.19223,1.19245,3268,4,0
2018-05-15 14:00:00,1.19245,1.19245,1.18797,1.18801,12483,1,0
2018-05-15 16:00:00,1.18802,1.18872,1.18674,1.18814,13265,1,0
2018-05-15 18:00:00,1.18814,1.18837,1.1848,1.1871,7471,1,0
2018-05-15 20:00:00,1.18709,1.18792,1.18655,1.18732,5567,1,0
2018-05-15 22:00:00,1.18733,1.18744,1.18513,1.18515,3374,1,0
2018-05-16 00:00:00,1.18485,1.18588,1.18324,1.18329,2830,1,0
2018-05-16 02:00:00,1.18329,1.18417,1.18329,1.18413,3113,4,0
2018-05-16 04:00:00,1.18413,1.18414,1.1826,1.18305,3615,6,0
2018-05-16 06:00:00,1.18305,1.18368,1.18286,1.18357,3187,5,0
2018-05-16 08:00:00,1.18359,1.18393,1.18273,1.18278,5180,3,0
2018-05-16 10:00:00,1.18278,1.18404,1.18188,1.18229,8014,1,0
2018-05-16 12:00:00,1.18229,1.18256,1.17976,1.1807,10014,1,0
2018-05-16 14:00:00,1.1807,1.18109,1.1771,1.17746,10607,1,0
2018-05-16 16:00:00,1.17746,1.18074,1.1773,1.1794,12189,1,0
2018-05-16 18:00:00,1.1794,1.181,1.17868,1.181,5745,1,0
2018-05-16 20:00:00,1.181,1.1818,1.18074,1.18158,2890,3,0
2018-05-16 22:00:00,1.18158,1.18237,1.18132,1.182,2148,4,0
2018-05-17 00:00:00,1.18204,1.18249,1.18059,1.18229,4459,5,0
2018-05-17 02:00:00,1.18226,1.18238,1.1818,1.18198,2858,7,0
2018-05-17 04:00:00,1.18198,1.18244,1.18178,1.18212,7854,3,0
2018-05-17 06:00:00,1.18209,1.18222,1.18178,1.18189,3564,3,0
2018-05-17 08:00:00,1.18188,1.18296,1.18054,1.18087,9825,3,0
2018-05-17 10:00:00,1.18087,1.18404,1.18082,1.18321,8960,1,0
2018-05-17 12:00:00,1.18321,1.18367,1.18024,1.18141,8180,1,0
2018-05-17 14:00:00,1.18141,1.18329,1.18082,1.18328,8540,1,0
2018-05-17 16:00:00,1.18327,1.18332,1.18141,1.18141,9401,1,0
2018-05-17 18:00:00,1.18143,1.1823,1.18093,1.18145,6703,1,0
2018-05-17 20:00:00,1.18145,1.18156,1.18079,1.18132,2360,4,0
2018-05-17 22:00:00,1.18132,1.18154,1.18073,1.18073,1410,7,0
2018-05-18 00:00:00,1.18073,1.18152,1.18051,1.18141,4111,11,0
2018-05-18 02:00:00,1.18141,1.18167,1.18114,1.18152,1814,1,0
2018-05-18 04:00:00,1.18152,1.18164,1.18104,1.18119,2734,3,0
2018-05-18 06:00:00,1.18119,1.18162,1.18094,1.18158,2338,3,0
2018-05-18 08:00:00,1.18158,1.18174,1.18097,1.18112,3980,2,0
2018-05-18 10:00:00,1.18111,1.18169,1.17946,1.17972,5438,1,0
2018-05-18 12:00:00,1.17972,1.18006,1.17763,1.17843,5635,1,0
2018-05-18 14:00:00,1.17842,1.17847,1.17635,1.17735,6513,1,0
2018-05-18 16:00:00,1.17735,1.1776,1.17338,1.17533,12313,1,0
2018-05-18 18:00:00,1.17533,1.17556,1.17295,1.17448,7382,1,0
2018-05-18 20:00:00,1.17446,1.17508,1.17411,1.17468,2640,2,0
2018-05-18 22:00:00,1.17468,1.17502,1.17361,1.17408,2182,4,0
2018-05-21 00:00:00,1.17364,1.17433,1.17364,1.17405,1978,11,0
2018-05-21 02:00:00,1.17405,1.17458,1.17383,1.17417,2446,1,0
2018-05-21 04:00:00,1.17417,1.17444,1.17347,1.17428,3391,3,0
2018-05-21 06:00:00,1.17428,1.17446,1.17402,1.17411,2451,3,0
2018-05-21 08:00:00,1.17412,1.17435,1.17238,1.17241,3743,4,0
2018-05-21 10:00:00,1.1724,1.17363,1.17068,1.17328,6815,1,0
2018-05-21 12:00:00,1.17328,1.17547,1.17277,1.17487,5389,2,0
2018-05-21 14:00:00,1.17487,1.17585,1.17405,1.17545,6074,1,0
2018-05-21 16:00:00,1.17545,1.17596,1.17211,1.17283,8354,1,0
2018-05-21 18:00:00,1.17286,1.1748,1.17274,1.1746,5229,1,0
2018-05-21 20:00:00,1.1746,1.17515,1.17432,1.17453,2133,2,0
2018-05-21 22:00:00,1.17453,1.17615,1.17451,1.17572,2197,2,0
2018-05-22 00:00:00,1.17528,1.17595,1.17513,1.17542,2561,11,0
2018-05-22 02:00:00,1.17542,1.17559,1.17501,1.17519,1591,7,0
2018-05-22 04:00:00,1.1752,1.17525,1.17407,1.17455,3383,5,0
2018-05-22 06:00:00,1.17455,1.17465,1.17358,1.17368,3545,1,0
2018-05-22 08:00:00,1.17369,1.1749,1.17364,1.17438,5195,1,0
2018-05-22 10:00:00,1.17438,1.17704,1.17418,1.17651,12240,1,0
2018-05-22 12:00:00,1.17651,1.1771,1.1761,1.1763,5158,2,0
2018-05-22 14:00:00,1.1763,1.17644,1.17198,1.17219,7756,1,0
2018-05-22 16:00:00,1.1722,1.17281,1.1684,1.16909,11411,1,0
2018-05-22 18:00:00,1.16909,1.171,1.16878,1.17078,5625,1,0
2018-05-22 20:00:00,1.17078,1.17092,1.1694,1.16947,2481,3,0
2018-05-22 22:00:00,1.16947,1.16952,1.1689,1.16903,1452,5,0
2018-05-23 00:00:00,1.1691,1.16964,1.16831,1.16894,2330,7,0
2018-05-23 02:00:00,1.16894,1.16963,1.16885,1.1695,2685,7,0
2018-05-23 04:00:00,1.1695,1.16956,1.16752,1.16759,5585,6,0
2018-05-23 06:00:00,1.16759,1.16823,1.1668,1.16784,3408,1,0
2018-05-23 08:00:00,1.16784,1.16791,1.16533,1.16567,7032,1,0
2018-05-23 10:00:00,1.16567,1.16567,1.15995,1.16291,18241,1,0
2018-05-23 12:00:00,1.16291,1.16309,1.16037,1.16061,10008,1,0
2018-05-23 14:00:00,1.16061,1.16199,1.15808,1.16017,11067,1,0
2018-05-23 16:00:00,1.16018,1.164,1.15931,1.16326,12858,1,0
2018-05-23 18:00:00,1.16326,1.16574,1.16312,1.16478,8690,1,0
2018-05-23 20:00:00,1.16478,1.16596,1.16335,1.16515,7711,1,0
2018-05-23 22:00:00,1.16515,1.1659,1.16431,1.16445,3948,3,0
2018-05-24 00:00:00,1.16444,1.16496,1.16322,1.1638,9962,13,0
2018-05-24 02:00:00,1.1638,1.16452,1.16356,1.16399,3027,4,0
2018-05-24 04:00:00,1.16399,1.16403,1.16247,1.16341,2897,2,0
2018-05-24 06:00:00,1.16341,1.16359,1.16258,1.16283,2627,6,0
2018-05-24 08:00:00,1.16283,1.16482,1.16186,1.16472,10783,3,0
2018-05-24 10:00:00,1.16472,1.16524,1.16379,1.16428,10160,1,0
2018-05-24 12:00:00,1.16428,1.16452,1.16085,1.16132,5612,1,0
2018-05-24 14:00:00,1.16132,1.16203,1.15983,1.16131,8519,1,0
2018-05-24 16:00:00,1.16131,1.16292,1.15882,1.16193,12903,1,0
2018-05-24 18:00:00,1.16193,1.16344,1.16165,1.16344,6028,1,0
2018-05-24 20:00:00,1.16345,1.16383,1.16267,1.16267,3487,5,0
2018-05-24 22:00:00,1.16267,1.16282,1.16125,1.16156,1647,6,0
2018-05-25 00:00:00,1.16089,1.1619,1.16026,1.16157,5076,12,0
2018-05-25 02:00:00,1.16157,1.16348,1.16149,1.16256,2357,4,0
2018-05-25 04:00:00,1.16256,1.16269,1.16156,1.16176,2302,9,0
2018-05-25 06:00:00,1.16176,1.16202,1.16163,1.16178,1275,9,0
2018-05-25 08:00:00,1.16178,1.16197,1.16052,1.1608,4399,4,0
2018-05-25 10:00:00,1.1608,1.16423,1.15933,1.16412,11078,1,0
2018-05-25 12:00:00,1.1641,1.16418,1.16173,1.16194,8439,3,0
2018-05-25 14:00:00,1.16194,1.16208,1.15841,1.15939,11247,1,0
2018-05-25 16:00:00,1.15939,1.15961,1.15386,1.15541,13250,1,0
2018-05-25 18:00:00,1.15541,1.15692,1.15505,1.15655,5426,2,0
2018-05-25 20:00:00,1.15655,1.15758,1.15642,1.15737,2523,3,0
2018-05-25 22:00:00,1.15736,1.15738,1.15233,1.1533,3755,1,0
2018-05-28 00:00:00,1.15782,1.16042,1.15668,1.16034,8122,15,0
2018-05-28 02:00:00,1.16034,1.16134,1.1593,1.16044,3191,2,0
2018-05-28 04:00:00,1.16045,1.16131,1.15995,1.1613,3884,7,0
2018-05-28 06:00:00,1.1613,1.16239,1.16128,1.16231,1939,4,0
2018-05-28 08:00:00,1.16231,1.16285,1.16104,1.16131,5048,4,0
2018-05-28 10:00:00,1.16131,1.16157,1.15823,1.15837,10175,2,0
2018-05-28 12:00:00,1.15837,1.15881,1.15569,1.15794,12900,1,0
2018-05-28 14:00:00,1.15795,1.15844,1.15553,1.15562,9683,2,0
2018-05-28 16:00:00,1.15565,1.15649,1.15451,1.15453,9539,2,0
2018-05-28 18:00:00,1.15453,1.15557,1.15453,1.1552,4164,5,0
2018-05-28 20:00:00,1.1552,1.15532,1.1547,1.15527,871,8,0
2018-05-28 22:00:00,1.15527,1.15545,1.15453,1.15473,2493,7,0
2018-05-29 00:00:00,1.15477,1.15518,1.15427,1.15516,2484,15,0
2018-05-29 02:00:00,1.15516,1.15528,1.15458,1.15491,1490,6,0
2018-05-29 04:00:00,1.15491,1.15518,1.15384,1.1541,3567,6,0
2018-05-29 06:00:00,1.1541,1.15464,1.15379,1.15451,1839,6,0
2018-05-29 08:00:00,1.15451,1.1554,1.15153,1.15233,8074,1,0
2018-05-29 10:00:00,1.15233,1.15233,1.14465,1.14646,16985,1,0
2018-05-29 12:00:00,1.14646,1.15162,1.14618,1.15086,21479,1,0
2018-05-29 14:00:00,1.15086,1.15285,1.14942,1.15273,14154,1,0
2018-05-29 16:00:00,1.15273,1.1531,1.15024,1.15039,15765,1,0
2018-05-29 18:00:00,1.1504,1.15047,1.14514,1.14547,13928,1,0
2018-05-29 20:00:00,1.14547,1.14556,1.13673,1.13944,9815,2,0
2018-05-29 22:00:00,1.13944,1.14399,1.13916,1.14379,6150,2,0
2018-05-30 00:00:00,1.14303,1.1442,1.14099,1.14373,3585,8,0
2018-05-30 02:00:00,1.14373,1.14444,1.14288,1.14396,2937,6,0
2018-05-30 04:00:00,1.14397,1.14497,1.14316,1.14375,3355,4,0
2018-05-30 06:00:00,1.14374,1.14584,1.14374,1.14539,2310,5,0
2018-05-30 08:00:00,1.14539,1.15005,1.14512,1.14983,10473,4,0
2018-05-30 10:00:00,1.14983,1.15089,1.14781,1.1494,17647,2,0
2018-05-30 12:00:00,1.14941,1.15223,1.14603,1.1519,16275,2,0
2018-05-30 14:00:00,1.1519,1.15336,1.14906,1.14948,14499,2,0
2018-05-30 16:00:00,1.1495,1.14985,1.14714,1.14931,14071,1,0
2018-05-30 18:00:00,1.14931,1.15666,1.14895,1.15268,14115,1,0
2018-05-30 20:00:00,1.15269,1.1538,1.15222,1.15273,4840,4,0
2018-05-30 22:00:00,1.15272,1.15417,1.15271,1.15362,2417,5,0
2018-05-31 00:00:00,1.15362,1.1542,1.15318,1.15356,3239,12,0
2018-05-31 02:00:00,1.15356,1.1536,1.15198,1.15243,2089,1,0
2018-05-31 04:00:00,1.15243,1.15269,1.15153,1.15219,2036,3,0
2018-05-31 06:00:00,1.15219,1.15343,1.15218,1.15277,2028,6,0
2018-05-31 08:00:00,1.15277,1.15611,1.15248,1.15492,8751,1,0
2018-05-31 10:00:00,1.15492,1.15712,1.15422,1.15678,12148,3,0
2018-05-31 12:00:00,1.15678,1.15699,1.15108,1.15173,11188,2,0
2018-05-31 14:00:00,1.15173,1.15412,1.15071,1.15076,9118,2,0
2018-05-31 16:00:00,1.15076,1.1509,1.14719,1.14757,18621,1,0
2018-05-31 18:00:00,1.14757,1.15094,1.14632,1.14907,15853,2,0
2018-05-31 20:00:00,1.14907,1.15147,1.14892,1.1513,6439,1,0
2018-05-31 22:00:00,1.15129,1.15307,1.15086,1.1522,3597,4,0
2018-06-01 00:00:00,1.15219,1.15267,1.15187,1.152,1791,6,0
2018-06-01 02:00:00,1.152,1.1522,1.15147,1.15213,1762,5,0
2018-06-01 04:00:00,1.15213,1.1536,1.15189,1.15344,2875,5,0
2018-06-01 06:00:00,1.15344,1.15394,1.15327,1.1535,1269,7,0
2018-06-01 08:00:00,1.1535,1.15586,1.15255,1.15574,6459,3,0
2018-06-01 10:00:00,1.15575,1.15632,1.15223,1.15234,9512,5,0
2018-06-01 12:00:00,1.15234,1.15469,1.15167,1.15395,7635,3,0
2018-06-01 14:00:00,1.15395,1.15495,1.15144,1.15437,14989,3,0
2018-06-01 16:00:00,1.15437,1.15739,1.1501,1.15205,22386,2,0
2018-06-01 18:00:00,1.15206,1.15346,1.15189,1.15246,6604,2,0
2018-06-01 20:00:00,1.15246,1.15353,1.15239,1.15307,3380,3,0
2018-06-01 22:00:00,1.15306,1.15308,1.15136,1.1517,2214,4,0
2018-06-04 00:00:00,1.15097,1.15298,1.15092,1.15292,2998,15,0
2018-06-04 02:00:00,1.15292,1.1551,1.15273,1.15488,2126,4,0
2018-06-04 04:00:00,1.15488,1.1554,1.15468,1.15508,1837,7,0
2018-06-04 06:00:00,1.15506,1.15541,1.15441,1.15499,1484,7,0
2018-06-04 08:00:00,1.15499,1.1555,1.15378,1.154,4085,5,0
2018-06-04 10:00:00,1.154,1.15515,1.15317,1.15343,9325,4,0
2018-06-04 12:00:00,1.15343,1.1553,1.153,1.15418,8619,4,0
2018-06-04 14:00:00,1.15418,1.15487,1.15357,1.15397,5713,4,0
2018-06-04 16:00:00,1.15397,1.15602,1.15355,1.15529,9827,3,0
2018-06-04 18:00:00,1.15529,1.15644,1.15455,1.15549,5902,3,0
2018-06-04 20:00:00,1.15549,1.15633,1.15539,1.15629,2985,5,0
2018-06-04 22:00:00,1.15629,1.15629,1.15518,1.15519,1483,7,0
2018-06-05 00:00:00,1.15546,1.15599,1.15512,1.15587,2931,12,0
2018-06-05 02:00:00,1.15587,1.15632,1.15545,1.15549,1704,8,0
2018-06-05 04:00:00,1.15549,1.15576,1.15505,1.15555,2099,8,0
2018-06-05 06:00:00,1.15555,1.1562,1.15549,1.1558,1320,7,0
2018-06-05 08:00:00,1.1558,1.15594,1.15467,1.1557,3003,4,0
2018-06-05 10:00:00,1.1557,1.15623,1.15405,1.15408,8203,4,0
2018-06-05 12:00:00,1.15408,1.1541,1.151,1.15115,7076,1,0
2018-06-05 14:00:00,1.15115,1.15259,1.15091,1.15168,7326,1,0
2018-06-05 16:00:00,1.15167,1.15324,1.15094,1.15264,8624,2,0
2018-06-05 18:00:00,1.15264,1.15405,1.1506,1.15295,12648,1,0
2018-06-05 20:00:00,1.15294,1.15401,1.15274,1.15338,5663,4,0
2018-06-05 22:00:00,1.15338,1.15392,1.15287,1.15359,2210,4,0
2018-06-06 00:00:00,1.15327,1.154,1.1528,1.15364,2356,15,0
2018-06-06 02:00:00,1.15364,1.15443,1.15338,1.15361,2018,6,0
2018-06-06 04:00:00,1.15361,1.15415,1.15312,1.1533,1661,3,0
2018-06-06 06:00:00,1.1533,1.1544,1.15322,1.15419,911,3,0
2018-06-06 08:00:00,1.15419,1.15618,1.15385,1.15491,6500,1,0
2018-06-06 10:00:00,1.15491,1.15905,1.15456,1.15747,14334,1,0
2018-06-06 12:00:00,1.15747,1.16269,1.15747,1.16268,8139,1,0
2018-06-06 14:00:00,1.16268,1.16397,1.16148,1.16158,7287,1,0
2018-06-06 16:00:00,1.16158,1.16281,1.15917,1.16091,9595,4,0
2018-06-06 18:00:00,1.16091,1.16121,1.15887,1.16117,5044,2,0
2018-06-06 20:00:00,1.16117,1.16149,1.16026,1.16032,2760,5,0
2018-06-06 22:00:00,1.16032,1.16181,1.16013,1.16082,1631,6,0
2018-06-07 00:00:00,1.16087,1.16188,1.15743,1.16161,8561,14,0
2018-06-07 02:00:00,1.16161,1.16242,1.16139,1.16231,1627,7,0
2018-06-07 04:00:00,1.16231,1.16262,1.16159,1.16207,1934,7,0
2018-06-07 06:00:00,1.16207,1.16279,1.16109,1.16124,1857,5,0
2018-06-07 08:00:00,1.16125,1.16269,1.16076,1.16262,5346,5,0
2018-06-07 10:00:00,1.16261,1.16346,1.16076,1.1611,8202,5,0
2018-06-07 12:00:00,1.16109,1.16117,1.15875,1.16034,5272,3,0
2018-06-07 14:00:00,1.16034,1.1614,1.16028,1.16087,8191,5,0
2018-06-07 16:00:00,1.16087,1.16202,1.15873,1.16201,9763,1,0
2018-06-07 18:00:00,1.16201,1.16201,1.15743,1.15935,8293,1,0
2018-06-07 20:00:00,1.15935,1.15938,1.15579,1.15743,6610,4,0
2018-06-07 22:00:00,1.15744,1.15761,1.15632,1.1565,2507,8,0
2018-06-08 00:00:00,1.15629,1.15677,1.15523,1.15644,2736,11,0
2018-06-08 02:00:00,1.15644,1.15786,1.15623,1.1575,1233,8,0
2018-06-08 04:00:00,1.1575,1.15813,1.15698,1.15705,1016,9,0
2018-06-08 06:00:00,1.15705,1.1575,1.15657,1.15746,1390,9,0
2018-06-08 08:00:00,1.15746,1.15844,1.15444,1.15525,7304,6,0
2018-06-08 10:00:00,1.15526,1.15641,1.15368,1.15542,12496,6,0
2018-06-08 12:00:00,1.15542,1.15738,1.15415,1.15498,7247,2,0
2018-06-08 14:00:00,1.15498,1.16097,1.15462,1.16094,10157,4,0
2018-06-08 16:00:00,1.16093,1.16183,1.15862,1.15926,7225,6,0
2018-06-08 18:00:00,1.15926,1.16169,1.15913,1.16049,5982,6,0
2018-06-08 20:00:00,1.16049,1.16062,1.15899,1.15942,2440,3,0
2018-06-08 22:00:00,1.15942,1.16026,1.15872,1.15891,2338,3,0
2018-06-11 00:00:00,1.15892,1.15961,1.15887,1.15926,1105,15,0
2018-06-11 02:00:00,1.15926,1.16188,1.15922,1.16167,1498,7,0
2018-06-11 04:00:00,1.16167,1.16311,1.16127,1.1628,1632,7,0
2018-06-11 06:00:00,1.1628,1.16281,1.16174,1.16247,990,9,0
2018-06-11 08:00:00,1.16247,1.16565,1.16213,1.16454,5634,4,0
2018-06-11 10:00:00,1.16454,1.16502,1.16202,1.16211,8055,4,0
2018-06-11 12:00:00,1.16211,1.16363,1.16176,1.163,5210,6,0
2018-06-11 14:00:00,1.16302,1.16323,1.16115,1.16217,6370,2,0
2018-06-11 16:00:00,1.16217,1.16319,1.1617,1.16217,6957,5,0
2018-06-11 18:00:00,1.16218,1.16294,1.16095,1.16183,4004,1,0
2018-06-11 20:00:00,1.16183,1.16211,1.16087,1.16102,2159,9,0
2018-06-11 22:00:00,1.16104,1.16126,1.16084,1.16096,1301,1,0
2018-06-12 00:00:00,1.16104,1.16153,1.16033,1.16087,4198,1,0
2018-06-12 02:00:00,1.16087,1.1616,1.1592,1.15961,3198,7,0
2018-06-12 04:00:00,1.15961,1.1612,1.15916,1.16117,2458,9,0
2018-06-12 06:00:00,1.16117,1.16189,1.16112,1.16174,2203,8,0
2018-06-12 08:00:00,1.16174,1.16249,1.16075,1.16097,4673,5,0
2018-06-12 10:00:00,1.16097,1.16195,1.16012,1.16037,8972,1,0
2018-06-12 12:00:00,1.16038,1.16086,1.15935,1.15983,5399,3,0
2018-06-12 14:00:00,1.15983,1.16172,1.15958,1.16068,7861,4,0
2018-06-12 16:00:00,1.16068,1.16109,1.15973,1.16042,6581,5,0
2018-06-12 18:00:00,1.16043,1.16079,1.15935,1.15949,3966,4,0
2018-06-12 20:00:00,1.15949,1.15949,1.15807,1.15853,5753,3,0
2018-06-12 22:00:00,1.15853,1.15934,1.15846,1.1591,1541,2,0
2018-06-13 00:00:00,1.15892,1.15955,1.1586,1.15917,4302,14,0
2018-06-13 02:00:00,1.15917,1.16003,1.15907,1.15964,1248,10,0
2018-06-13 04:00:00,1.15964,1.16025,1.15957,1.15998,1249,11,0
2018-06-13 06:00:00,1.15998,1.16002,1.15943,1.15962,843,10,0
2018-06-13 08:00:00,1.15962,1.16033,1.15883,1.16025,3317,1,0
2018-06-13 10:00:00,1.16025,1.16174,1.15964,1.16109,7642,4,0
2018-06-13 12:00:00,1.16109,1.16218,1.16071,1.16206,5676,4,0
2018-06-13 14:00:00,1.16206,1.1621,1.16024,1.16071,4736,5,0
2018-06-13 16:00:00,1.16071,1.16131,1.15893,1.1599,6233,1,0
2018-06-13 18:00:00,1.15991,1.16118,1.15935,1.1608,5015,4,0
2018-06-13 20:00:00,1.1608,1.16133,1.15949,1.16121,15964,2,0
2018-06-13 22:00:00,1.16122,1.16238,1.16066,1.16168,6903,4,0
2018-06-14 00:00:00,1.16141,1.16199,1.15952,1.16194,6667,1,0
2018-06-14 02:00:00,1.16194,1.16232,1.16149,1.16231,1283,10,0
2018-06-14 04:00:00,1.16231,1.16246,1.16187,1.162,1163,8,0
2018-06-14 06:00:00,1.162,1.16222,1.16188,1.16217,543,9,0
2018-06-14 08:00:00,1.16217,1.16266,1.16147,1.1621,2507,7,0
2018-06-14 10:00:00,1.1621,1.16253,1.1615,1.16234,3690,6,0
2018-06-14 12:00:00,1.16234,1.16367,1.16206,1.16299,4150,7,0
2018-06-14 14:00:00,1.16299,1.16478,1.15652,1.15699,35492,1,0
2018-06-14 16:00:00,1.15699,1.15847,1.15582,1.15582,20397,1,0
2018-06-14 18:00:00,1.15582,1.15738,1.15573,1.15664,10154,1,0
2018-06-14 20:00:00,1.15664,1.15726,1.15491,1.15499,5634,3,0
2018-06-14 22:00:00,1.15499,1.15555,1.15289,1.15296,3714,4,0
2018-06-15 00:00:00,1.15296,1.15436,1.15236,1.1542,3754,14,0
2018-06-15 02:00:00,1.15419,1.15433,1.15272,1.15293,3195,6,0
2018-06-15 04:00:00,1.15293,1.15378,1.15287,1.15344,1510,9,0
2018-06-15 06:00:00,1.15344,1.15415,1.15338,1.1541,1037,9,0
2018-06-15 08:00:00,1.1541,1.15462,1.15249,1.15422,5803,1,0
2018-06-15 10:00:00,1.15422,1.15589,1.1525,1.15485,12957,4,0
2018-06-15 12:00:00,1.15485,1.15734,1.15373,1.1573,17946,1,0
2018-06-15 14:00:00,1.15731,1.15787,1.15585,1.15677,11697,6,0
2018-06-15 16:00:00,1.15677,1.15858,1.15568,1.156,16558,2,0
2018-06-15 18:00:00,1.156,1.15752,1.15518,1.15647,8223,1,0
2018-06-15 20:00:00,1.15647,1.15777,1.15611,1.1575,2957,3,0
2018-06-15 22:00:00,1.1575,1.158,1.15695,1.15759,3415,8,0
2018-06-18 00:00:00,1.15527,1.15712,1.15508,1.15692,2566,50,0
2018-06-18 02:00:00,1.15693,1.15703,1.15527,1.1553,2212,50,0
2018-06-18 04:00:00,1.15531,1.15569,1.15491,1.15566,2364,50,0
2018-06-18 06:00:00,1.15565,1.15569,1.15495,1.15541,1892,50,0
2018-06-18 08:00:00,1.15542,1.1563,1.15501,1.15501,5131,50,0
2018-06-18 10:00:00,1.15502,1.15599,1.15381,1.15491,10567,50,0
2018-06-18 12:00:00,1.15491,1.1569,1.15474,1.15586,8896,50,0
2018-06-18 14:00:00,1.15587,1.15637,1.15447,1.15456,11020,50,0
2018-06-18 16:00:00,1.15457,1.15505,1.15326,1.15488,14316,50,0
2018-06-18 18:00:00,1.1549,1.15528,1.15436,1.15459,8243,50,0
2018-06-18 20:00:00,1.15459,1.15563,1.15459,1.15545,3134,50,0
2018-06-18 22:00:00,1.15546,1.15672,1.1554,1.15665,3082,50,0
2018-06-19 00:00:00,1.15636,1.15697,1.15603,1.15676,4325,50,0
2018-06-19 02:00:00,1.15677,1.15686,1.15526,1.15535,4604,50,0
2018-06-19 04:00:00,1.15536,1.1557,1.15443,1.15447,3665,50,0
2018-06-19 06:00:00,1.15446,1.15511,1.15391,1.15427,3416,50,0
2018-06-19 08:00:00,1.15426,1.15443,1.15119,1.15122,8850,50,0
2018-06-19 10:00:00,1.15125,1.15224,1.14913,1.15043,19327,50,0
2018-06-19 12:00:00,1.15044,1.15212,1.14922,1.15007,13364,50,0
2018-06-19 14:00:00,1.15007,1.15082,1.14863,1.14982,15152,50,0
2018-06-19 16:00:00,1.14978,1.15141,1.14908,1.15132,18297,50,0
2018-06-19 18:00:00,1.15134,1.1525,1.15055,1.15208,12294,50,0
2018-06-19 20:00:00,1.15208,1.15234,1.15145,1.1515,5586,50,0
2018-06-19 22:00:00,1.15153,1.15279,1.1511,1.15202,3114,50,0
2018-06-20 00:00:00,1.15188,1.15215,1.15063,1.1521,2309,50,0
2018-06-20 02:00:00,1.1521,1.15251,1.15182,1.15184,2377,50,0
2018-06-20 04:00:00,1.15184,1.15285,1.15122,1.15239,4735,50,0
2018-06-20 06:00:00,1.15239,1.15239,1.15165,1.15214,2488,50,0
2018-06-20 08:00:00,1.15214,1.15345,1.15174,1.15204,6229,50,0
2018-06-20 10:00:00,1.15209,1.15405,1.15079,1.15206,14042,50,0
2018-06-20 12:00:00,1.15205,1.15426,1.15196,1.15341,8957,50,0
2018-06-20 14:00:00,1.15341,1.15411,1.15242,1.15335,12744,50,0
2018-06-20 16:00:00,1.15334,1.15411,1.15092,1.15231,19464,50,0
2018-06-20 18:00:00,1.15227,1.15516,1.15135,1.15428,10961,50,0
2018-06-20 20:00:00,1.15424,1.15428,1.15293,1.15378,6233,50,0
2018-06-20 22:00:00,1.15377,1.15387,1.15282,1.15295,4009,50,0
2018-06-21 00:00:00,1.15317,1.1536,1.15257,1.15321,2827,50,0
2018-06-21 02:00:00,1.15322,1.15357,1.1529,1.15319,2322,50,0
2018-06-21 04:00:00,1.15319,1.15403,1.15293,1.15381,4194,50,0
2018-06-21 06:00:00,1.15379,1.1539,1.15326,1.15365,4335,50,0
2018-06-21 08:00:00,1.15365,1.15385,1.15198,1.15203,8771,50,0
2018-06-21 10:00:00,1.15201,1.15321,1.14824,1.14825,17084,50,0
2018-06-21 12:00:00,1.14821,1.14998,1.14789,1.14959,14384,50,0
2018-06-21 14:00:00,1.14961,1.15204,1.14886,1.15091,18555,50,0
2018-06-21 16:00:00,1.15093,1.1516,1.14941,1.15073,22118,50,0
2018-06-21 18:00:00,1.15074,1.15172,1.15035,1.15099,11610,50,0
2018-06-21 20:00:00,1.15098,1.15242,1.15077,1.15157,6571,50,0
2018-06-21 22:00:00,1.15157,1.15198,1.1507,1.15079,4189,50,0
2018-06-22 00:00:00,1.15084,1.15114,1.14977,1.15062,6609,50,0
2018-06-22 02:00:00,1.15061,1.15115,1.15042,1.15085,4461,50,0
2018-06-22 04:00:00,1.15085,1.15107,1.15007,1.15022,3937,50,0
2018-06-22 06:00:00,1.15022,1.1512,1.15013,1.15072,3031,50,0
2018-06-22 08:00:00,1.15074,1.15221,1.1506,1.15177,8859,50,0
2018-06-22 10:00:00,1.15184,1.15492,1.15173,1.15464,16885,50,0
2018-06-22 12:00:00,1.15463,1.15504,1.15114,1.15278,14272,50,0
2018-06-22 14:00:00,1.15279,1.1537,1.15238,1.1536,14216,50,0
2018-06-22 16:00:00,1.15361,1.15455,1.15076,1.15199,21411,50,0
2018-06-22 18:00:00,1.15196,1.15248,1.15106,1.15192,10317,50,0
2018-06-22 20:00:00,1.15193,1.15255,1.15143,1.15154,9012,50,0
2018-06-22 22:00:00,1.15154,1.15247,1.15109,1.15127,4592,50,0
2018-06-25 00:00:00,1.15158,1.15285,1.15153,1.15256,2744,50,0
2018-06-25 02:00:00,1.15253,1.15272,1.151,1.1512,3898,50,0
2018-06-25 04:00:00,1.15121,1.1513,1.15059,1.15059,7121,50,0
2018-06-25 06:00:00,1.15058,1.15133,1.15041,1.15052,6298,50,0
2018-06-25 08:00:00,1.15054,1.15129,1.14988,1.14994,8920,50,0
2018-06-25 10:00:00,1.14995,1.15197,1.14891,1.15099,15169,50,0
2018-06-25 12:00:00,1.151,1.1516,1.15019,1.15156,10605,50,0
2018-06-25 14:00:00,1.15158,1.15494,1.15124,1.15363,15440,50,0
2018-06-25 16:00:00,1.15364,1.15519,1.15243,1.15507,15936,50,0
2018-06-25 18:00:00,1.15508,1.1554,1.15394,1.15404,10922,50,0
2018-06-25 20:00:00,1.154,1.1547,1.15343,1.15371,5802,50,0
2018-06-25 22:00:00,1.15371,1.15565,1.15363,1.155,6085,50,0
2018-06-26 00:00:00,1.1551,1.15567,1.15417,1.15494,2847,50,0
2018-06-26 02:00:00,1.15495,1.15556,1.1546,1.15494,2943,50,0
2018-06-26 04:00:00,1.15493,1.15555,1.15445,1.15515,6841,50,0
2018-06-26 06:00:00,1.15514,1.1556,1.15491,1.15537,3164,50,0
2018-06-26 08:00:00,1.15536,1.15627,1.15481,1.1557,8855,50,0
2018-06-26 10:00:00,1.15568,1.15591,1.15352,1.15352,15788,50,0
2018-06-26 12:00:00,1.15351,1.15472,1.15243,1.15458,17303,50,0
2018-06-26 14:00:00,1.15457,1.15517,1.15399,1.15432,14125,50,0
2018-06-26 16:00:00,1.15432,1.15608,1.15351,1.155,18074,50,0
2018-06-26 18:00:00,1.15501,1.15645,1.15487,1.15513,12497,50,0
2018-06-26 20:00:00,1.15514,1.15546,1.15419,1.15452,7982,50,0
2018-06-26 22:00:00,1.15454,1.15463,1.15353,1.15373,4085,50,0
2018-06-27 00:00:00,1.15385,1.15434,1.15351,1.1543,2987,50,0
2018-06-27 02:00:00,1.15433,1.15472,1.15405,1.15406,2457,50,0
2018-06-27 04:00:00,1.15404,1.15459,1.15385,1.1542,4843,50,0
2018-06-27 06:00:00,1.1542,1.15492,1.15411,1.15491,4296,50,0
2018-06-27 08:00:00,1.15491,1.15544,1.15387,1.15435,8539,50,0
2018-06-27 10:00:00,1.15439,1.15477,1.15224,1.15283,16750,50,0
2018-06-27 12:00:00,1.15282,1.15503,1.15243,1.15351,12183,50,0
2018-06-27 14:00:00,1.15352,1.15509,1.15182,1.15195,20709,50,0
2018-06-27 16:00:00,1.15196,1.15511,1.15194,1.15377,19298,50,0
2018-06-27 18:00:00,1.15381,1.15478,1.15298,1.15384,14886,50,0
2018-06-27 20:00:00,1.15384,1.15415,1.15159,1.15204,7636,50,0
2018-06-27 22:00:00,1.15203,1.15252,1.15091,1.15191,6210,50,0
2018-06-28 00:00:00,1.15169,1.15267,1.15093,1.15232,14036,50,0
2018-06-28 02:00:00,1.15233,1.15259,1.15145,1.15199,4128,50,0
2018-06-28 04:00:00,1.152,1.15262,1.15193,1.1525,4743,50,0
2018-06-28 06:00:00,1.1525,1.15322,1.15231,1.15304,3146,50,0
2018-06-28 08:00:00,1.15305,1.15324,1.15142,1.15185,8279,50,0
2018-06-28 10:00:00,1.15184,1.15366,1.15144,1.15352,16564,50,0
2018-06-28 12:00:00,1.15351,1.15632,1.15314,1.15507,14375,50,0
2018-06-28 14:00:00,1.15507,1.15647,1.1546,1.15461,15457,50,0
2018-06-28 16:00:00,1.15462,1.15553,1.15381,1.15543,21990,50,0
2018-06-28 18:00:00,1.15541,1.15645,1.15469,1.15497,12105,50,0
2018-06-28 20:00:00,1.15498,1.15518,1.15262,1.15378,8911,50,0
2018-06-28 22:00:00,1.15378,1.15407,1.15309,1.15383,5876,50,0
2018-06-29 00:00:00,1.15364,1.15396,1.15245,1.15352,3250,50,0
2018-06-29 02:00:00,1.15352,1.15407,1.15334,1.15355,3270,50,0
2018-06-29 04:00:00,1.15355,1.15792,1.15355,1.15769,8236,50,0
2018-06-29 06:00:00,1.15768,1.15875,1.15676,1.15816,8019,50,0
2018-06-29 08:00:00,1.15814,1.15835,1.1566,1.15695,8866,50,0
2018-06-29 10:00:00,1.15697,1.15866,1.15602,1.15675,17550,50,0
2018-06-29 12:00:00,1.15669,1.15766,1.15468,1.1567,15680,50,0
2018-06-29 14:00:00,1.15669,1.15744,1.15534,1.15595,16053,50,0
2018-06-29 16:00:00,1.15595,1.15965,1.15545,1.15895,15418,13,0
2018-06-29 18:00:00,1.159,1.15999,1.15786,1.15824,10866,13,0
2018-06-29 20:00:00,1.15824,1.15858,1.15657,1.15669,4661,13,0
2018-06-29 22:00:00,1.15667,1.15751,1.15543,1.15674,4054,13,0
2018-07-02 00:00:00,1.15619,1.15698,1.15487,1.15627,2818,16,0
2018-07-02 02:00:00,1.15628,1.15692,1.15576,1.15614,2714,13,0
2018-07-02 04:00:00,1.15618,1.15662,1.15585,1.15627,3124,13,0
2018-07-02 06:00:00,1.15626,1.1564,1.15547,1.1558,2417,13,0
2018-07-02 08:00:00,1.1558,1.1562,1.15509,1.15512,4780,13,0
2018-07-02 10:00:00,1.15513,1.15522,1.15341,1.15449,7997,13,0
2018-07-02 12:00:00,1.1545,1.15589,1.15438,1.15571,3695,17,0
2018-07-02 14:00:00,1.15572,1.15641,1.15524,1.15594,5142,17,0
2018-07-02 16:00:00,1.15595,1.15641,1.15436,1.15442,6714,17,0
2018-07-02 18:00:00,1.15442,1.15509,1.15371,1.15486,3451,17,0
2018-07-02 20:00:00,1.15486,1.15503,1.15425,1.15494,2258,17,0
2018-07-02 22:00:00,1.15493,1.15687,1.15484,1.15618,2883,17,0
2018-07-03 00:00:00,1.15615,1.15653,1.15535,1.15644,1377,17,0
2018-07-03 02:00:00,1.15644,1.15673,1.15607,1.15658,1359,17,0
2018-07-03 04:00:00,1.15657,1.15685,1.15601,1.1567,3191,19,0
2018-07-03 06:00:00,1.15671,1.15703,1.15662,1.1568,2033,17,0
2018-07-03 08:00:00,1.1568,1.15803,1.1566,1.15788,4886,17,0
2018-07-03 10:00:00,1.15785,1.15846,1.15677,1.15803,7989,17,0
2018-07-03 12:00:00,1.15807,1.15808,1.15676,1.15693,4244,17,0
2018-07-03 14:00:00,1.15693,1.15818,1.1563,1.15679,5007,17,0
2018-07-03 16:00:00,1.15678,1.1575,1.15582,1.15659,5549,17,0
2018-07-03 18:00:00,1.15661,1.15703,1.15574,1.15643,3965,17,0
2018-07-03 20:00:00,1.15644,1.15652,1.15564,1.15597,1369,18,0
2018-07-03 22:00:00,1.15597,1.15759,1.15596,1.15639,1905,20,0
2018-07-04 00:00:00,1.15663,1.15723,1.15597,1.15651,1350,25,0
2018-07-04 02:00:00,1.15652,1.15667,1.15614,1.15614,1659,23,0
2018-07-04 04:00:00,1.15615,1.15675,1.15602,1.15671,2912,17,0
2018-07-04 06:00:00,1.15671,1.15703,1.15615,1.15697,1704,17,0
2018-07-04 08:00:00,1.15698,1.15763,1.15662,1.1574,3356,18,0
2018-07-04 10:00:00,1.1574,1.1574,1.15532,1.15614,4650,17,0
2018-07-04 12:00:00,1.15615,1.15618,1.15486,1.15583,3178,17,0
2018-07-04 14:00:00,1.15582,1.15594,1.15507,1.15517,2876,17,0
2018-07-04 16:00:00,1.15516,1.15708,1.15485,1.15614,4063,18,0
2018-07-04 18:00:00,1.15614,1.15826,1.15612,1.1579,3223,17,0
2018-07-04 20:00:00,1.15792,1.15821,1.1567,1.1575,4158,23,0
2018-07-04 22:00:00,1.15749,1.15768,1.15616,1.15683,7307,27,0
2018-07-05 00:00:00,1.15686,1.15726,1.15613,1.15704,872,30,0
2018-07-05 02:00:00,1.15704,1.15754,1.15666,1.15696,1816,17,0
2018-07-05 04:00:00,1.15696,1.15882,1.15695,1.15828,2584,17,0
2018-07-05 06:00:00,1.15828,1.15863,1.1579,1.15808,1685,17,0
2018-07-05 08:00:00,1.15808,1.16091,1.1579,1.16008,6335,17,0
2018-07-05 10:00:00,1.16009,1.16103,1.15883,1.16073,5284,17,0
2018-07-05 12:00:00,1.16074,1.16103,1.15939,1.15971,3901,17,0
2018-07-05 14:00:00,1.15971,1.16166,1.15968,1.16159,4774,17,0
2018-07-05 16:00:00,1.1616,1.16188,1.16051,1.16062,6054,17,0
2018-07-05 18:00:00,1.16062,1.16138,1.16041,1.16133,3890,17,0
2018-07-05 20:00:00,1.16133,1.16143,1.16013,1.1611,4480,18,0
2018-07-05 22:00:00,1.16111,1.16153,1.1609,1.16122,1548,18,0
2018-07-06 00:00:00,1.16029,1.16146,1.15972,1.16136,986,19,0
2018-07-06 02:00:00,1.16136,1.16151,1.16102,1.16144,1673,19,0
2018-07-06 04:00:00,1.16144,1.16168,1.16114,1.16152,2391,18,0
2018-07-06 06:00:00,1.16152,1.16185,1.16098,1.16104,2196,17,0
2018-07-06 08:00:00,1.16105,1.16276,1.16105,1.16239,4096,17,0
2018-07-06 10:00:00,1.16238,1.16268,1.16161,1.16234,4608,17,0
2018-07-06 12:00:00,1.16234,1.16252,1.16149,1.16226,3014,17,0
2018-07-06 14:00:00,1.1623,1.16383,1.16228,1.16282,6267,18,0
2018-07-06 16:00:00,1.16283,1.16342,1.16198,1.16284,6105,17,0
2018-07-06 18:00:00,1.16283,1.16363,1.16162,1.16229,3905,17,0
2018-07-06 20:00:00,1.16227,1.16277,1.16218,1.16265,1729,17,0
2018-07-06 22:00:00,1.16264,1.16356,1.16177,1.16198,1676,19,0
2018-07-09 00:00:00,1.16126,1.16283,1.16126,1.1623,1194,26,0
2018-07-09 02:00:00,1.16231,1.1629,1.16219,1.16252,1480,17,0
2018-07-09 04:00:00,1.16253,1.1627,1.16188,1.1622,1922,17,0
2018-07-09 06:00:00,1.1622,1.16268,1.16212,1.16243,1143,17,0
2018-07-09 08:00:00,1.16245,1.16286,1.16155,1.16158,3646,17,0
2018-07-09 10:00:00,1.16158,1.16201,1.16052,1.16176,5491,17,0
2018-07-09 12:00:00,1.16176,1.16289,1.16166,1.16285,4057,17,0
2018-07-09 14:00:00,1.16283,1.16464,1.16256,1.16451,3157,17,0
2018-07-09 16:00:00,1.16452,1.16477,1.16354,1.16457,6425,17,0
2018-07-09 18:00:00,1.16457,1.16537,1.16415,1.16536,4150,17,0
2018-07-09 20:00:00,1.16536,1.16548,1.16437,1.16516,3344,17,0
2018-07-09 22:00:00,1.16515,1.16555,1.1648,1.16497,1754,20,0
2018-07-10 00:00:00,1.16489,1.16536,1.16413,1.16489,3360,24,0
2018-07-10 02:00:00,1.16489,1.16561,1.16479,1.16551,1292,18,0
2018-07-10 04:00:00,1.16551,1.16581,1.16518,1.16576,1425,17,0
2018-07-10 06:00:00,1.16574,1.16577,1.16528,1.16543,1202,17,0
2018-07-10 08:00:00,1.16537,1.16558,1.16438,1.16492,3232,18,0
2018-07-10 10:00:00,1.16491,1.16534,1.16418,1.16435,5438,17,0
2018-07-10 12:00:00,1.16433,1.16535,1.16385,1.16476,4736,17,0
2018-07-10 14:00:00,1.16477,1.16523,1.16345,1.16468,5489,17,0
2018-07-10 16:00:00,1.16467,1.16479,1.16309,1.16415,4591,17,0
2018-07-10 18:00:00,1.16415,1.16486,1.16381,1.16467,3629,17,0
2018-07-10 20:00:00,1.16467,1.16551,1.16439,1.16538,2424,17,0
2018-07-10 22:00:00,1.16539,1.16556,1.16461,1.16467,1526,17,0
2018-07-11 00:00:00,1.16473,1.16512,1.16376,1.16446,2587,17,0
2018-07-11 02:00:00,1.16446,1.1646,1.16386,1.16394,1797,17,0
2018-07-11 04:00:00,1.16394,1.16441,1.16314,1.16404,2506,17,0
2018-07-11 06:00:00,1.16406,1.16407,1.16331,1.16337,1582,18,0
2018-07-11 08:00:00,1.16338,1.16392,1.16258,1.16263,3732,18,0
2018-07-11 10:00:00,1.16263,1.16334,1.16182,1.16261,6504,17,0
2018-07-11 12:00:00,1.16261,1.16502,1.16226,1.16462,6125,17,0
2018-07-11 14:00:00,1.16461,1.1657,1.16343,1.16523,6982,17,0
2018-07-11 16:00:00,1.16528,1.16546,1.16332,1.16366,5665,17,0
2018-07-11 18:00:00,1.16366,1.16452,1.16334,1.16337,5705,17,0
2018-07-11 20:00:00,1.16339,1.16342,1.16208,1.16273,7112,18,0
2018-07-11 22:00:00,1.16273,1.16297,1.16224,1.16249,1991,17,0
2018-07-12 00:00:00,1.16246,1.16256,1.1618,1.16232,5391,22,0
2018-07-12 02:00:00,1.16232,1.16261,1.16211,1.1624,1486,19,0
2018-07-12 04:00:00,1.16243,1.163,1.16217,1.1623,1932,19,0
2018-07-12 06:00:00,1.16232,1.16319,1.16223,1.16291,1493,20,0
2018-07-12 08:00:00,1.16291,1.16331,1.16244,1.16244,3239,17,0
2018-07-12 10:00:00,1.16244,1.165,1.16239,1.16425,5968,17,0
2018-07-12 12:00:00,1.16425,1.16552,1.16383,1.16487,5128,17,0
2018-07-12 14:00:00,1.16487,1.16626,1.16341,1.16587,6343,17,0
2018-07-12 16:00:00,1.16589,1.17018,1.16577,1.16834,7303,17,0
2018-07-12 18:00:00,1.16837,1.17069,1.16802,1.16965,4189,17,0
2018-07-12 20:00:00,1.16964,1.16977,1.1689,1.16971,3762,17,0
2018-07-12 22:00:00,1.16972,1.17032,1.16947,1.16956,2025,19,0
2018-07-13 00:00:00,1.16929,1.16976,1.1688,1.16945,2094,21,0
2018-07-13 02:00:00,1.16946,1.17021,1.16915,1.17005,2087,18,0
2018-07-13 04:00:00,1.17004,1.17011,1.16858,1.16887,2173,18,0
2018-07-13 06:00:00,1.16886,1.16886,1.16813,1.16833,2322,21,0
2018-07-13 08:00:00,1.16833,1.16958,1.16819,1.16883,3005,17,0
2018-07-13 10:00:00,1.16884,1.16915,1.16569,1.16623,6346,17,0
2018-07-13 12:00:00,1.16621,1.16955,1.16612,1.16907,5472,18,0
2018-07-13 14:00:00,1.16906,1.1706,1.1688,1.17015,5246,17,0
2018-07-13 16:00:00,1.1702,1.17074,1.16919,1.17069,5722,17,0
2018-07-13 18:00:00,1.17068,1.17078,1.16962,1.17042,4249,18,0
2018-07-13 20:00:00,1.17042,1.17042,1.16979,1.17006,2227,17,0
2018-07-13 22:00:00,1.17008,1.17073,1.17004,1.17037,1504,17,0
2018-07-16 00:00:00,1.17026,1.1708,1.16953,1.17068,580,17,0
2018-07-16 02:00:00,1.17067,1.17079,1.17019,1.17048,1297,17,0
2018-07-16 04:00:00,1.17049,1.17067,1.17018,1.17031,2244,19,0
2018-07-16 06:00:00,1.17032,1.17039,1.16999,1.17023,1200,18,0
2018-07-16 08:00:00,1.17023,1.17132,1.17019,1.17066,4279,17,0
2018-07-16 10:00:00,1.17065,1.17105,1.16917,1.16995,6296,17,0
2018-07-16 12:00:00,1.16997,1.17033,1.16897,1.16944,4688,17,0
2018-07-16 14:00:00,1.16944,1.16971,1.16797,1.16811,4219,17,0
2018-07-16 16:00:00,1.16812,1.16923,1.16761,1.16911,5647,17,0
2018-07-16 18:00:00,1.16912,1.16922,1.16692,1.16714,3740,17,0
2018-07-16 20:00:00,1.16714,1.16763,1.16711,1.1673,1923,18,0
2018-07-16 22:00:00,1.1673,1.16765,1.16687,1.16708,1483,19,0
2018-07-17 00:00:00,1.16721,1.16776,1.16682,1.16731,1379,23,0
2018-07-17 02:00:00,1.16729,1.16746,1.16661,1.16686,1557,17,0
2018-07-17 04:00:00,1.16687,1.16721,1.1664,1.16685,2118,17,0
2018-07-17 06:00:00,1.16687,1.16753,1.16677,1.16746,1663,17,0
2018-07-17 08:00:00,1.16747,1.16807,1.16666,1.168,2975,17,0
2018-07-17 10:00:00,1.168,1.16806,1.1653,1.16684,5095,17,0
2018-07-17 12:00:00,1.16685,1.16768,1.16452,1.16527,4654,17,0
2018-07-17 14:00:00,1.16526,1.16545,1.16387,1.16452,5347,17,0
2018-07-17 16:00:00,1.16452,1.1665,1.16419,1.1664,7147,17,0
2018-07-17 18:00:00,1.16638,1.16665,1.1647,1.16507,6763,17,0
2018-07-17 20:00:00,1.16507,1.16569,1.16477,1.16549,3660,18,0
2018-07-17 22:00:00,1.16548,1.16631,1.16529,1.16615,1234,18,0
2018-07-18 00:00:00,1.16613,1.1662,1.16523,1.16602,771,19,0
2018-07-18 02:00:00,1.16603,1.16619,1.16532,1.16603,1564,19,0
2018-07-18 04:00:00,1.16602,1.16655,1.16587,1.16607,1861,20,0
2018-07-18 06:00:00,1.16606,1.16657,1.16585,1.16603,1805,20,0
2018-07-18 08:00:00,1.16601,1.1664,1.16532,1.16607,4165,17,0
2018-07-18 10:00:00,1.16608,1.16687,1.16397,1.16472,6288,17,0
2018-07-18 12:00:00,1.16471,1.16486,1.1617,1.16196,5108,17,0
2018-07-18 14:00:00,1.16197,1.16256,1.16018,1.16167,5237,17,0
2018-07-18 16:00:00,1.16168,1.16464,1.16129,1.16388,6667,17,0
2018-07-18 18:00:00,1.16389,1.16428,1.16333,1.16411,3782,17,0
2018-07-18 20:00:00,1.16411,1.16414,1.16349,1.16374,1597,17,0
2018-07-18 22:00:00,1.16375,1.16379,1.16234,1.16251,1441,19,0
2018-07-19 00:00:00,1.16274,1.16313,1.1622,1.16293,1504,27,0
2018-07-19 02:00:00,1.16294,1.16322,1.16274,1.1631,1637,18,0
2018-07-19 04:00:00,1.16311,1.16334,1.16241,1.16317,2900,18,0
2018-07-19 06:00:00,1.16318,1.16378,1.16302,1.16355,1721,19,0
2018-07-19 08:00:00,1.16355,1.16389,1.16229,1.16287,4369,17,0
2018-07-19 10:00:00,1.16286,1.16327,1.16133,1.16252,7896,17,0
2018-07-19 12:00:00,1.16251,1.16342,1.16208,1.16216,5610,17,0
2018-07-19 14:00:00,1.16215,1.16294,1.16128,1.16284,6937,17,0
2018-07-19 16:00:00,1.16279,1.16357,1.16242,1.16265,7429,17,0
2018-07-19 18:00:00,1.16265,1.16292,1.1615,1.16194,3545,17,0
2018-07-19 20:00:00,1.16193,1.16371,1.16148,1.16289,10340,17,0
2018-07-19 22:00:00,1.1629,1.16339,1.16267,1.16312,2514,19,0
2018-07-20 00:00:00,1.16312,1.16376,1.16221,1.16348,2044,26,0
2018-07-20 02:00:00,1.16352,1.16444,1.16344,1.16431,2751,18,0
2018-07-20 04:00:00,1.16431,1.16455,1.16344,1.16385,6333,17,0
2018-07-20 06:00:00,1.16385,1.16455,1.16371,1.16435,3060,22,0
2018-07-20 08:00:00,1.16439,1.16534,1.16366,1.16411,6219,17,0
2018-07-20 10:00:00,1.1641,1.16432,1.16248,1.16323,5854,17,0
2018-07-20 12:00:00,1.16324,1.1638,1.16251,1.16262,6378,17,0
2018-07-20 14:00:00,1.16261,1.16457,1.16253,1.16427,9067,17,0
2018-07-20 16:00:00,1.16424,1.16533,1.16363,1.16488,12023,17,0
2018-07-20 18:00:00,1.16488,1.16507,1.1637,1.16434,4237,17,0
2018-07-20 20:00:00,1.16433,1.16482,1.16299,1.16349,3235,17,0
2018-07-20 22:00:00,1.1635,1.1638,1.1622,1.16279,1870,19,0
2018-07-23 00:00:00,1.16299,1.16373,1.16268,1.16362,681,27,0
2018-07-23 02:00:00,1.1636,1.16404,1.16299,1.16325,2436,17,0
2018-07-23 04:00:00,1.16326,1.16355,1.1631,1.16314,2617,18,0
2018-07-23 06:00:00,1.16313,1.16338,1.16272,1.16278,1273,17,0
2018-07-23 08:00:00,1.16278,1.16299,1.16209,1.16214,4116,17,0
2018-07-23 10:00:00,1.16211,1.16317,1.16054,1.16065,5658,17,0
2018-07-23 12:00:00,1.16065,1.16188,1.16021,1.16166,3902,18,0
2018-07-23 14:00:00,1.16165,1.16217,1.16083,1.16179,3364,18,0
2018-07-23 16:00:00,1.16179,1.16211,1.16066,1.16193,5717,17,0
2018-07-23 18:00:00,1.16193,1.16193,1.16083,1.16143,3340,17,0
2018-07-23 20:00:00,1.16138,1.16185,1.16072,1.16077,2228,17,0
2018-07-23 22:00:00,1.16078,1.16119,1.1602,1.16035,1458,19,0
2018-07-24 00:00:00,1.16047,1.16093,1.16025,1.16084,3891,24,0
2018-07-24 02:00:00,1.16083,1.16137,1.16053,1.16076,1926,20,0
2018-07-24 04:00:00,1.16077,1.1612,1.16039,1.16047,3538,20,0
2018-07-24 06:00:00,1.16046,1.16065,1.16031,1.16045,1919,18,0
2018-07-24 08:00:00,1.16047,1.16118,1.16,1.16003,3516,18,0
2018-07-24 10:00:00,1.16,1.16214,1.15946,1.16179,6509,17,0
2018-07-24 12:00:00,1.16178,1.16308,1.16147,1.16263,4115,17,0
2018-07-24 14:00:00,1.16263,1.16298,1.16173,1.16186,4909,18,0
2018-07-24 16:00:00,1.16185,1.16306,1.16176,1.16249,6329,17,0
2018-07-24 18:00:00,1.16248,1.1628,1.16107,1.1613,4060,18,0
2018-07-24 20:00:00,1.16129,1.16158,1.16045,1.16121,2642,17,0
2018-07-24 22:00:00,1.1612,1.16141,1.16061,1.16089,1637,17,0
2018-07-25 00:00:00,1.16107,1.16129,1.1604,1.16097,1439,26,0
2018-07-25 02:00:00,1.16097,1.16131,1.16068,1.16103,1326,18,0
2018-07-25 04:00:00,1.16103,1.16145,1.16068,1.16116,2209,17,0
2018-07-25 06:00:00,1.16115,1.16141,1.16066,1.16066,1590,19,0
2018-07-25 08:00:00,1.16067,1.16132,1.16009,1.16098,3542,17,0
2018-07-25 10:00:00,1.161,1.16105,1.16012,1.16064,4903,18,0
2018-07-25 12:00:00,1.16065,1.16077,1.1594,1.15975,3797,16,0
2018-07-25 14:00:00,1.15975,1.16103,1.15955,1.161,4114,18,0
2018-07-25 16:00:00,1.16099,1.16178,1.15998,1.1602,8461,17,0
2018-07-25 18:00:00,1.16021,1.16119,1.15957,1.16057,5741,17,0
2018-07-25 20:00:00,1.16056,1.16158,1.16036,1.1612,5065,18,0
2018-07-25 22:00:00,1.16119,1.16333,1.16106,1.16303,4718,17,0
2018-07-26 00:00:00,1.163,1.16309,1.16201,1.16263,3926,18,0
2018-07-26 02:00:00,1.16263,1.16317,1.16242,1.1626,1659,19,0
2018-07-26 04:00:00,1.16259,1.16306,1.16248,1.16288,2357,19,0
2018-07-26 06:00:00,1.16289,1.16325,1.16271,1.16299,1379,20,0
2018-07-26 08:00:00,1.16299,1.1637,1.16282,1.16317,4203,17,0
2018-07-26 10:00:00,1.16315,1.16365,1.16248,1.16294,4650,17,0
2018-07-26 12:00:00,1.16293,1.16348,1.16244,1.16276,3448,18,0
2018-07-26 14:00:00,1.16276,1.16276,1.16062,1.16076,7811,17,0
2018-07-26 16:00:00,1.16078,1.16109,1.15734,1.15823,9823,17,0
2018-07-26 18:00:00,1.15823,1.15858,1.15789,1.15818,3943,18,0
2018-07-26 20:00:00,1.15818,1.15842,1.15788,1.15807,2253,17,0
2018-07-26 22:00:00,1.15808,1.15819,1.15709,1.15727,1409,17,0
2018-07-27 00:00:00,1.1573,1.15753,1.1569,1.1572,1108,23,0
2018-07-27 02:00:00,1.15723,1.15756,1.15661,1.15719,2108,22,0
2018-07-27 04:00:00,1.1572,1.15778,1.15694,1.15773,1935,19,0
2018-07-27 06:00:00,1.15773,1.15779,1.15732,1.15761,1568,21,0
2018-07-27 08:00:00,1.15761,1.15872,1.15748,1.15864,3165,17,0
2018-07-27 10:00:00,1.15864,1.15931,1.15824,1.15894,4875,17,0
2018-07-27 12:00:00,1.15894,1.15973,1.1587,1.1594,4210,17,0
2018-07-27 14:00:00,1.15942,1.16035,1.15867,1.16004,5517,17,0
2018-07-27 16:00:00,1.16003,1.16047,1.1582,1.15838,7369,17,0
2018-07-27 18:00:00,1.15838,1.15898,1.15831,1.15841,4244,17,0
2018-07-27 20:00:00,1.1584,1.15898,1.15836,1.15871,2403,18,0
2018-07-27 22:00:00,1.15873,1.15963,1.15856,1.15856,1399,19,0
2018-07-30 00:00:00,1.15848,1.1592,1.15811,1.15909,396,27,0
2018-07-30 02:00:00,1.15909,1.15952,1.15886,1.15937,993,22,0
2018-07-30 04:00:00,1.15935,1.15983,1.15926,1.15961,1229,20,0
2018-07-30 06:00:00,1.1596,1.1597,1.1593,1.15957,773,20,0
2018-07-30 08:00:00,1.15957,1.16033,1.15938,1.16016,1886,17,0
2018-07-30 10:00:00,1.16019,1.16028,1.15878,1.15981,4179,17,0
2018-07-30 12:00:00,1.15979,1.1602,1.1587,1.15938,2964,17,0
2018-07-30 14:00:00,1.15937,1.15985,1.15887,1.15979,2847,17,0
2018-07-30 16:00:00,1.15978,1.16018,1.15722,1.15797,5663,18,0
2018-07-30 18:00:00,1.15797,1.1586,1.15735,1.15751,2693,17,0
2018-07-30 20:00:00,1.15752,1.15758,1.15675,1.15683,1130,15,0
2018-07-30 22:00:00,1.15683,1.15731,1.15628,1.15676,1316,15,0
2018-07-31 00:00:00,1.15699,1.15719,1.15587,1.1569,1330,22,0
2018-07-31 02:00:00,1.15693,1.15706,1.15629,1.1567,1013,23,0
2018-07-31 04:00:00,1.15672,1.15672,1.15595,1.1564,1713,22,0
2018-07-31 06:00:00,1.15639,1.15688,1.15627,1.15663,2599,19,0
2018-07-31 08:00:00,1.15663,1.1578,1.15636,1.15726,3826,17,0
2018-07-31 10:00:00,1.15724,1.15874,1.15707,1.1583,5204,17,0
2018-07-31 12:00:00,1.15829,1.15923,1.15816,1.15915,3171,17,0
2018-07-31 14:00:00,1.15915,1.1597,1.15813,1.1582,4293,17,0
2018-07-31 16:00:00,1.1582,1.15936,1.15693,1.15828,8714,19,0
2018-07-31 18:00:00,1.15829,1.15844,1.15763,1.15813,4332,18,0
2018-07-31 20:00:00,1.15813,1.15855,1.15769,1.15792,2257,17,0
2018-07-31 22:00:00,1.15793,1.15812,1.15732,1.1575,1952,18,0
2018-08-01 00:00:00,1.15755,1.15787,1.15688,1.15718,2866,21,0
2018-08-01 02:00:00,1.15719,1.15788,1.15719,1.15785,1124,16,0
2018-08-01 04:00:00,1.15785,1.15895,1.15765,1.15894,1750,18,0
2018-08-01 06:00:00,1.15895,1.15945,1.15877,1.15943,1350,17,0
2018-08-01 08:00:00,1.15943,1.16033,1.15883,1.15912,3758,17,0
2018-08-01 10:00:00,1.15913,1.15956,1.15857,1.15916,3691,17,0
2018-08-01 12:00:00,1.15916,1.15931,1.15774,1.15807,2767,17,0
2018-08-01 14:00:00,1.15808,1.15892,1.15766,1.1589,4178,17,0
2018-08-01 16:00:00,1.15889,1.15927,1.15835,1.15876,6338,17,0
2018-08-01 18:00:00,1.15876,1.15881,1.15696,1.15707,3755,17,0
2018-08-01 20:00:00,1.15706,1.15706,1.15636,1.15646,3128,20,0
2018-08-01 22:00:00,1.15646,1.15683,1.15637,1.15654,1804,17,0
2018-08-02 00:00:00,1.15656,1.15683,1.1561,1.15654,1012,23,0
2018-08-02 02:00:00,1.15652,1.15694,1.15646,1.15681,759,20,0
2018-08-02 04:00:00,1.15681,1.15704,1.15671,1.15682,1392,19,0
2018-08-02 06:00:00,1.15682,1.15698,1.15615,1.15645,1318,17,0
2018-08-02 08:00:00,1.15646,1.15685,1.15579,1.15625,2469,17,0
2018-08-02 10:00:00,1.15626,1.15659,1.15525,1.15545,4330,17,0
2018-08-02 12:00:00,1.15546,1.15569,1.154,1.15467,3445,18,0
2018-08-02 14:00:00,1.15467,1.15572,1.15391,1.15564,5551,20,0
2018-08-02 16:00:00,1.15564,1.15617,1.15411,1.15415,5184,19,0
2018-08-02 18:00:00,1.15414,1.15478,1.15405,1.15438,3529,19,0
2018-08-02 20:00:00,1.1544,1.15446,1.15292,1.15325,3252,19,0
2018-08-02 22:00:00,1.15325,1.15351,1.15272,1.15272,1864,21,0
2018-08-03 00:00:00,1.15276,1.1535,1.15229,1.15325,1752,18,0
2018-08-03 02:00:00,1.15324,1.15374,1.15314,1.15359,825,18,0
2018-08-03 04:00:00,1.15359,1.15382,1.15339,1.15358,1225,19,0
2018-08-03 06:00:00,1.15358,1.15397,1.15353,1.15388,901,20,0
2018-08-03 08:00:00,1.15388,1.15398,1.15309,1.15381,2611,17,0
2018-08-03 10:00:00,1.15381,1.15408,1.15181,1.15182,4939,17,0
2018-08-03 12:00:00,1.15183,1.1525,1.15179,1.15216,2498,17,0
2018-08-03 14:00:00,1.15217,1.15359,1.15186,1.15282,9048,17,0
2018-08-03 16:00:00,1.15283,1.15286,1.15006,1.15076,8644,17,0
2018-08-03 18:00:00,1.15076,1.15111,1.15052,1.15096,3257,17,0
2018-08-03 20:00:00,1.15097,1.15121,1.15039,1.15092,2447,18,0
2018-08-03 22:00:00,1.1509,1.15093,1.14966,1.1497,1823,19,0
2018-08-06 00:00:00,1.14986,1.15016,1.14908,1.14987,388,23,0
2018-08-06 02:00:00,1.14988,1.15008,1.14969,1.14992,834,19,0
2018-08-06 04:00:00,1.14993,1.15048,1.14989,1.15023,1428,17,0
2018-08-06 06:00:00,1.15023,1.15059,1.15015,1.15032,607,19,0
2018-08-06 08:00:00,1.1503,1.15129,1.14997,1.15114,2343,19,0
2018-08-06 10:00:00,1.15111,1.15158,1.15029,1.15047,3903,18,0
2018-08-06 12:00:00,1.15048,1.15132,1.15009,1.15096,3712,17,0
2018-08-06 14:00:00,1.15095,1.15142,1.15069,1.15134,3231,18,0
2018-08-06 16:00:00,1.15135,1.15279,1.15134,1.15158,4711,17,0
2018-08-06 18:00:00,1.15158,1.15233,1.15157,1.15207,2385,17,0
2018-08-06 20:00:00,1.15208,1.15222,1.15117,1.15132,1601,19,0
2018-08-06 22:00:00,1.15131,1.15166,1.15104,1.15117,1030,18,0
2018-08-07 00:00:00,1.15092,1.1514,1.15082,1.1514,2192,22,0
2018-08-07 02:00:00,1.1514,1.15176,1.15119,1.15167,873,19,0
2018-08-07 04:00:00,1.15166,1.15187,1.15159,1.15162,1162,17,0
2018-08-07 06:00:00,1.15162,1.15165,1.15126,1.15131,763,18,0
2018-08-07 08:00:00,1.15132,1.15284,1.15119,1.15269,2399,19,0
2018-08-07 10:00:00,1.15268,1.15355,1.152,1.15328,4055,17,0
2018-08-07 12:00:00,1.15327,1.15365,1.15287,1.15346,2439,17,0
2018-08-07 14:00:00,1.15341,1.15368,1.15251,1.15281,4166,17,0
2018-08-07 16:00:00,1.15281,1.15347,1.15256,1.15317,5874,17,0
2018-08-07 18:00:00,1.15319,1.15366,1.15289,1.15353,3709,17,0
2018-08-07 20:00:00,1.15354,1.15419,1.15323,1.15411,2723,17,0
2018-08-07 22:00:00,1.15411,1.15466,1.15378,1.15405,1439,17,0
2018-08-08 00:00:00,1.15437,1.15508,1.15356,1.15468,1192,20,0
2018-08-08 02:00:00,1.15469,1.15498,1.15456,1.15466,1212,19,0
2018-08-08 04:00:00,1.15466,1.15503,1.15458,1.15491,1192,19,0
2018-08-08 06:00:00,1.15492,1.15561,1.1549,1.15535,1521,17,0
2018-08-08 08:00:00,1.15535,1.15559,1.15483,1.15494,3049,19,0
2018-08-08 10:00:00,1.15495,1.15565,1.15411,1.15468,6829,17,0
2018-08-08 12:00:00,1.15464,1.15489,1.15384,1.15478,4773,17,0
2018-08-08 14:00:00,1.15479,1.15503,1.15368,1.15448,5162,17,0
2018-08-08 16:00:00,1.15449,1.15483,1.15341,1.15364,6434,17,0
2018-08-08 18:00:00,1.15363,1.154,1.15266,1.15297,3392,17,0
2018-08-08 20:00:00,1.15297,1.15385,1.15264,1.15356,2577,17,0
2018-08-08 22:00:00,1.15359,1.15378,1.15284,1.15299,1235,17,0
2018-08-09 00:00:00,1.15299,1.15318,1.15206,1.15298,2203,20,0
2018-08-09 02:00:00,1.15298,1.15315,1.15289,1.15297,900,18,0
2018-08-09 04:00:00,1.15298,1.15315,1.15265,1.15295,1782,18,0
2018-08-09 06:00:00,1.15297,1.15309,1.1528,1.15292,1095,20,0
2018-08-09 08:00:00,1.15292,1.15359,1.15267,1.15317,3571,17,0
2018-08-09 10:00:00,1.15313,1.15319,1.15148,1.15229,5766,17,0
2018-08-09 12:00:00,1.15228,1.15251,1.15142,1.15155,4331,17,0
2018-08-09 14:00:00,1.15154,1.15165,1.15047,1.1509,3788,17,0
2018-08-09 16:00:00,1.1509,1.151,1.14614,1.14688,6433,17,0
2018-08-09 18:00:00,1.14689,1.14689,1.14518,1.14599,5284,17,0
2018-08-09 20:00:00,1.14598,1.14682,1.14584,1.14618,3645,17,0
2018-08-09 22:00:00,1.14619,1.1464,1.14494,1.14532,2426,18,0
2018-08-10 00:00:00,1.14532,1.14559,1.14427,1.14498,1314,22,0
2018-08-10 02:00:00,1.145,1.14595,1.14487,1.14558,2169,17,0
2018-08-10 04:00:00,1.14557,1.14599,1.14554,1.14563,1714,17,0
2018-08-10 06:00:00,1.14564,1.14602,1.1445,1.14493,1752,17,0
2018-08-10 08:00:00,1.14492,1.14507,1.1401,1.14116,13987,17,0
2018-08-10 10:00:00,1.14117,1.14202,1.13833,1.13908,9978,17,0
2018-08-10 12:00:00,1.13908,1.14153,1.1387,1.14056,6726,17,0
2018-08-10 14:00:00,1.14056,1.14056,1.13765,1.1378,9313,17,0
2018-08-10 16:00:00,1.13783,1.13824,1.13471,1.13544,12599,19,0
2018-08-10 18:00:00,1.13545,1.13576,1.13424,1.13475,6416,17,0
2018-08-10 20:00:00,1.13478,1.13508,1.13389,1.13413,3187,18,0
2018-08-10 22:00:00,1.13412,1.13708,1.13412,1.13506,3646,19,0
2018-08-13 00:00:00,1.13039,1.1327,1.12935,1.13209,1068,25,0
2018-08-13 02:00:00,1.13209,1.13386,1.13146,1.13164,2630,17,0
2018-08-13 04:00:00,1.13165,1.13203,1.12937,1.12977,4442,17,0
2018-08-13 06:00:00,1.12978,1.13095,1.12859,1.12896,2616,17,0
2018-08-13 08:00:00,1.12897,1.13416,1.12892,1.13281,7589,17,0
2018-08-13 10:00:00,1.1328,1.13287,1.13081,1.13247,9394,17,0
2018-08-13 12:00:00,1.13247,1.13307,1.13157,1.13182,5014,17,0
2018-08-13 14:00:00,1.13182,1.13569,1.13095,1.1353,9654,17,0
2018-08-13 16:00:00,1.13531,1.13597,1.13422,1.13442,7675,18,0
2018-08-13 18:00:00,1.13441,1.13456,1.13173,1.13222,4983,17,0
2018-08-13 20:00:00,1.13222,1.13259,1.13156,1.13198,3520,19,0
2018-08-13 22:00:00,1.13199,1.13307,1.13166,1.1326,1641,18,0
2018-08-14 00:00:00,1.13273,1.13322,1.13183,1.13279,1107,22,0
2018-08-14 02:00:00,1.13278,1.13345,1.13215,1.13331,1372,20,0
2018-08-14 04:00:00,1.13333,1.13419,1.13312,1.13378,1926,17,0
2018-08-14 06:00:00,1.13383,1.13432,1.13352,1.13365,1796,19,0
2018-08-14 08:00:00,1.13365,1.13543,1.13312,1.13387,5708,17,0
2018-08-14 10:00:00,1.13386,1.13441,1.13052,1.13082,7296,17,0
2018-08-14 12:00:00,1.13084,1.13132,1.12949,1.13005,6129,17,0
2018-08-14 14:00:00,1.13005,1.1301,1.1287,1.12913,5289,17,0
2018-08-14 16:00:00,1.12909,1.1303,1.12689,1.12884,5754,18,0
2018-08-14 18:00:00,1.12884,1.12921,1.1265,1.12691,5289,17,0
2018-08-14 20:00:00,1.12692,1.12815,1.12683,1.12762,3506,17,0
2018-08-14 22:00:00,1.1276,1.12819,1.1274,1.12742,1323,18,0
2018-08-15 00:00:00,1.12761,1.12816,1.12671,1.12811,2020,18,0
2018-08-15 02:00:00,1.12811,1.1286,1.12749,1.1283,1450,18,0
2018-08-15 04:00:00,1.12829,1.12946,1.12798,1.12834,1843,17,0
2018-08-15 06:00:00,1.12833,1.12835,1.12768,1.12817,1891,17,0
2018-08-15 08:00:00,1.12817,1.12987,1.12747,1.12946,4130,17,0
2018-08-15 10:00:00,1.12947,1.13043,1.12885,1.12932,6189,18,0
2018-08-15 12:00:00,1.12931,1.13046,1.12837,1.12902,5013,17,0
2018-08-15 14:00:00,1.12899,1.12933,1.1279,1.12845,5425,17,0
2018-08-15 16:00:00,1.12845,1.12872,1.12432,1.12444,7646,17,0
2018-08-15 18:00:00,1.12446,1.12803,1.12424,1.12751,6621,17,0
2018-08-15 20:00:00,1.12751,1.1281,1.12634,1.12642,2697,18,0
2018-08-15 22:00:00,1.12643,1.12778,1.12633,1.12694,1738,20,0
2018-08-16 00:00:00,1.12759,1.12765,1.12695,1.12718,923,18,0
2018-08-16 02:00:00,1.12718,1.12721,1.12627,1.1268,1321,17,0
2018-08-16 04:00:00,1.12679,1.1298,1.12664,1.12958,4794,17,0
2018-08-16 06:00:00,1.12959,1.1304,1.12892,1.12943,2926,20,0
2018-08-16 08:00:00,1.12943,1.13034,1.12877,1.12883,6023,17,0
2018-08-16 10:00:00,1.12883,1.13066,1.12854,1.1303,5864,17,0
2018-08-16 12:00:00,1.1303,1.13032,1.12905,1.12961,3799,17,0
2018-08-16 14:00:00,1.1296,1.13044,1.12927,1.12939,5050,17,0
2018-08-16 16:00:00,1.12938,1.133,1.12936,1.1328,6797,17,0
2018-08-16 18:00:00,1.1328,1.13466,1.13175,1.13232,5335,19,0
2018-08-16 20:00:00,1.13231,1.1326,1.13167,1.13243,2858,17,0
2018-08-16 22:00:00,1.13244,1.13385,1.13244,1.13356,1739,19,0
2018-08-17 00:00:00,1.13379,1.1342,1.13303,1.13406,2788,22,0
2018-08-17 02:00:00,1.13406,1.13437,1.13398,1.13426,1093,18,0
2018-08-17 04:00:00,1.13425,1.13475,1.13401,1.13433,2095,17,0
2018-08-17 06:00:00,1.13433,1.13468,1.13401,1.13417,1339,17,0
2018-08-17 08:00:00,1.13416,1.13522,1.13408,1.13442,3298,17,0
2018-08-17 10:00:00,1.1344,1.13659,1.13353,1.13524,6335,17,0
2018-08-17 12:00:00,1.13525,1.13539,1.13307,1.13439,6450,17,0
2018-08-17 14:00:00,1.13439,1.13484,1.13289,1.13425,5021,17,0
2018-08-17 16:00:00,1.13423,1.13582,1.13382,1.13518,5690,19,0
2018-08-17 18:00:00,1.13518,1.13529,1.13432,1.13459,2903,18,0
2018-08-17 20:00:00,1.13459,1.139,1.13445,1.13898,3619,17,0
2018-08-17 22:00:00,1.13898,1.13935,1.13787,1.13787,2458,20,0
2018-08-20 00:00:00,1.13778,1.13857,1.13778,1.13825,635,24,0
2018-08-20 02:00:00,1.13825,1.13843,1.13732,1.13746,1098,17,0
2018-08-20 04:00:00,1.13745,1.13751,1.13631,1.13632,1953,17,0
2018-08-20 06:00:00,1.13635,1.13698,1.13627,1.13656,990,17,0
2018-08-20 08:00:00,1.13657,1.13675,1.13529,1.13566,2983,17,0
2018-08-20 10:00:00,1.13567,1.13688,1.13557,1.13626,5797,17,0
2018-08-20 12:00:00,1.13625,1.1368,1.13558,1.13634,3858,17,0
2018-08-20 14:00:00,1.13634,1.13668,1.13586,1.1359,3314,17,0
2018-08-20 16:00:00,1.13591,1.13671,1.1355,1.13658,3908,18,0
2018-08-20 18:00:00,1.13659,1.13857,1.13652,1.13794,3851,17,0
2018-08-20 20:00:00,1.13795,1.13808,1.13698,1.13749,1918,18,0
2018-08-20 22:00:00,1.1375,1.13841,1.13733,1.13791,1894,18,0
2018-08-21 00:00:00,1.13797,1.13878,1.13758,1.13824,1975,17,0
2018-08-21 02:00:00,1.13826,1.13943,1.13709,1.13851,3277,18,0
2018-08-21 04:00:00,1.13851,1.13916,1.13777,1.13828,2725,17,0
2018-08-21 06:00:00,1.1383,1.14007,1.13811,1.13961,1626,21,0
2018-08-21 08:00:00,1.1396,1.14048,1.13765,1.13768,4122,17,0
2018-08-21 10:00:00,1.13769,1.13889,1.1363,1.13845,5762,17,0
2018-08-21 12:00:00,1.13845,1.13857,1.13742,1.13763,3632,17,0
2018-08-21 14:00:00,1.13759,1.13804,1.13591,1.13602,4654,17,0
2018-08-21 16:00:00,1.136,1.13875,1.13584,1.1386,4764,17,0
2018-08-21 18:00:00,1.1386,1.14068,1.1374,1.13996,4310,19,0
2018-08-21 20:00:00,1.13995,1.14179,1.13954,1.14024,5769,17,0
2018-08-21 22:00:00,1.14022,1.14071,1.139,1.139,1703,19,0
2018-08-22 00:00:00,1.13912,1.13982,1.139,1.13941,1221,21,0
2018-08-22 02:00:00,1.13941,1.13959,1.13879,1.13936,1577,18,0
2018-08-22 04:00:00,1.13936,1.13985,1.13864,1.13892,1484,19,0
2018-08-22 06:00:00,1.13894,1.13954,1.13863,1.13954,1427,20,0
2018-08-22 08:00:00,1.13956,1.13962,1.13821,1.13893,2700,18,0
2018-08-22 10:00:00,1.13891,1.13922,1.13742,1.1386,4447,17,0
2018-08-22 12:00:00,1.1386,1.13989,1.13806,1.13972,4799,17,0
2018-08-22 14:00:00,1.13974,1.14092,1.13914,1.14003,5587,17,0
2018-08-22 16:00:00,1.14004,1.14013,1.13854,1.1399,4886,17,0
2018-08-22 18:00:00,1.13989,1.14054,1.13928,1.13982,3463,19,0
2018-08-22 20:00:00,1.13982,1.14072,1.13911,1.13952,3777,17,0
2018-08-22 22:00:00,1.13952,1.14033,1.13925,1.13995,1743,20,0
2018-08-23 00:00:00,1.13995,1.14008,1.13932,1.13954,1410,24,0
2018-08-23 02:00:00,1.13954,1.13968,1.13797,1.13805,2280,18,0
2018-08-23 04:00:00,1.13804,1.13863,1.13781,1.13785,2432,17,0
2018-08-23 06:00:00,1.13785,1.13808,1.13715,1.13785,2064,18,0
2018-08-23 08:00:00,1.13786,1.13863,1.13757,1.13779,3217,17,0
2018-08-23 10:00:00,1.13777,1.13814,1.13643,1.13647,4821,17,0
2018-08-23 12:00:00,1.13646,1.13877,1.13639,1.13835,4376,17,0
2018-08-23 14:00:00,1.13834,1.13875,1.13762,1.13863,3665,17,0
2018-08-23 16:00:00,1.13863,1.14067,1.13846,1.13958,5944,17,0
2018-08-23 18:00:00,1.13959,1.13982,1.13824,1.13884,3297,17,0
2018-08-23 20:00:00,1.13886,1.13886,1.13699,1.13763,2992,17,0
2018-08-23 22:00:00,1.13761,1.13824,1.13736,1.13769,1949,17,0
2018-08-24 00:00:00,1.1377,1.13849,1.13655,1.13793,1114,20,0
2018-08-24 02:00:00,1.13793,1.13905,1.13773,1.13868,1824,20,0
2018-08-24 04:00:00,1.1387,1.13941,1.1381,1.13913,2490,19,0
2018-08-24 06:00:00,1.13911,1.13962,1.13881,1.13951,1443,18,0
2018-08-24 08:00:00,1.13951,1.14057,1.13932,1.13975,3218,17,0
2018-08-24 10:00:00,1.13976,1.13983,1.13818,1.13834,4057,18,0
2018-08-24 12:00:00,1.13833,1.13925,1.13771,1.13919,3882,17,0
2018-08-24 14:00:00,1.1392,1.14058,1.13893,1.14048,4500,18,0
2018-08-24 16:00:00,1.14047,1.14266,1.13985,1.1425,8604,17,0
2018-08-24 18:00:00,1.14251,1.14285,1.14192,1.14239,3929,17,0
2018-08-24 20:00:00,1.14241,1.14279,1.14174,1.14258,2559,17,0
2018-08-24 22:00:00,1.14258,1.14283,1.14209,1.1421,1595,19,0
2018-08-27 00:00:00,1.14242,1.14287,1.14214,1.14277,561,27,0
2018-08-27 02:00:00,1.14277,1.14424,1.14273,1.14324,2179,17,0
2018-08-27 04:00:00,1.14323,1.14349,1.14236,1.1427,2059,18,0
2018-08-27 06:00:00,1.1427,1.14332,1.14258,1.14309,1668,18,0
2018-08-27 08:00:00,1.14311,1.14326,1.1414,1.14153,3276,19,0
2018-08-27 10:00:00,1.14152,1.14233,1.141,1.14174,3674,18,0
2018-08-27 12:00:00,1.14175,1.14221,1.14135,1.14178,3074,17,0
2018-08-27 14:00:00,1.14179,1.14342,1.14176,1.14313,3753,17,0
2018-08-27 16:00:00,1.14312,1.14441,1.14283,1.1442,5028,17,0
2018-08-27 18:00:00,1.14421,1.1449,1.14396,1.14427,4146,17,0
2018-08-27 20:00:00,1.14425,1.1444,1.14358,1.14394,1828,19,0
2018-08-27 22:00:00,1.14395,1.14425,1.14351,1.14362,1022,20,0
2018-08-28 00:00:00,1.14374,1.1442,1.14335,1.14393,1462,23,0
2018-08-28 02:00:00,1.14393,1.14529,1.14393,1.14523,1296,22,0
2018-08-28 04:00:00,1.14524,1.14526,1.14418,1.14466,1845,17,0
2018-08-28 06:00:00,1.14467,1.14472,1.14415,1.14443,921,17,0
2018-08-28 08:00:00,1.14442,1.14505,1.14358,1.14498,2763,17,0
2018-08-28 10:00:00,1.14497,1.145,1.14194,1.1423,5872,17,0
2018-08-28 12:00:00,1.14232,1.14329,1.14181,1.14224,4161,17,0
2018-08-28 14:00:00,1.14225,1.14354,1.14221,1.14313,4572,17,0
2018-08-28 16:00:00,1.14312,1.14398,1.1423,1.14341,6217,17,0
2018-08-28 18:00:00,1.14342,1.14357,1.1421,1.14222,2887,17,0
2018-08-28 20:00:00,1.14224,1.14248,1.14177,1.14218,2767,18,0
2018-08-28 22:00:00,1.14219,1.14223,1.1415,1.1415,1504,19,0
2018-08-29 00:00:00,1.14155,1.14189,1.14095,1.14175,1045,26,0
2018-08-29 02:00:00,1.14174,1.14219,1.14148,1.14181,1478,18,0
2018-08-29 04:00:00,1.14181,1.14226,1.14165,1.14179,1389,17,0
2018-08-29 06:00:00,1.14178,1.14201,1.14159,1.14196,836,20,0
2018-08-29 08:00:00,1.14196,1.14198,1.14013,1.14033,3798,17,0
2018-08-29 10:00:00,1.14032,1.14073,1.13927,1.13957,5298,18,0
2018-08-29 12:00:00,1.13959,1.14019,1.13926,1.13944,3655,17,0
2018-08-29 14:00:00,1.13942,1.13943,1.13741,1.13777,4443,17,0
2018-08-29 16:00:00,1.13777,1.13847,1.13432,1.13842,9312,17,0
2018-08-29 18:00:00,1.13843,1.1386,1.1368,1.13747,5024,18,0
2018-08-29 20:00:00,1.13747,1.1376,1.13602,1.13627,2879,17,0
2018-08-29 22:00:00,1.13628,1.13673,1.1359,1.13596,1211,17,0
2018-08-30 00:00:00,1.13594,1.1367,1.13591,1.13624,1169,22,0
2018-08-30 02:00:00,1.13625,1.13646,1.13568,1.13598,1153,18,0
2018-08-30 04:00:00,1.13594,1.13654,1.13503,1.13571,1731,17,0
2018-08-30 06:00:00,1.13572,1.13607,1.13531,1.13563,1033,19,0
2018-08-30 08:00:00,1.13563,1.13643,1.13495,1.13578,2925,17,0
2018-08-30 10:00:00,1.13577,1.13623,1.13221,1.13323,5517,17,0
2018-08-30 12:00:00,1.13323,1.13603,1.13316,1.13496,4379,17,0
2018-08-30 14:00:00,1.13496,1.13532,1.1329,1.13304,4930,17,0
2018-08-30 16:00:00,1.13303,1.13319,1.13092,1.13185,7785,18,0
2018-08-30 18:00:00,1.13186,1.13198,1.13033,1.13155,4434,18,0
2018-08-30 20:00:00,1.13156,1.13199,1.13023,1.13075,4018,17,0
2018-08-30 22:00:00,1.13076,1.13164,1.13033,1.13081,2295,19,0
2018-08-31 00:00:00,1.13055,1.1309,1.1297,1.12976,1663,19,0
2018-08-31 02:00:00,1.12978,1.12999,1.12936,1.1295,1255,18,0
2018-08-31 04:00:00,1.12948,1.13016,1.12894,1.12931,1918,19,0
2018-08-31 06:00:00,1.1293,1.12998,1.12903,1.12994,1136,20,0
2018-08-31 08:00:00,1.12994,1.13102,1.12959,1.12964,3492,18,0
2018-08-31 10:00:00,1.12964,1.12985,1.12691,1.12923,7345,17,0
2018-08-31 12:00:00,1.12924,1.12958,1.12684,1.12714,5151,18,0
2018-08-31 14:00:00,1.12715,1.1283,1.12632,1.12711,6776,17,0
2018-08-31 16:00:00,1.12711,1.12832,1.124,1.12523,7134,17,0
2018-08-31 18:00:00,1.12524,1.12639,1.12386,1.12462,7308,17,0
2018-08-31 20:00:00,1.12464,1.12467,1.12394,1.1242,3147,18,0
2018-08-31 22:00:00,1.1242,1.12517,1.12358,1.12377,2760,20,0
2018-09-03 00:00:00,1.12414,1.12473,1.12359,1.12436,825,27,0
2018-09-03 02:00:00,1.12437,1.12499,1.12394,1.12446,1080,17,0
2018-09-03 04:00:00,1.12447,1.12502,1.12409,1.1248,1968,20,0
2018-09-03 06:00:00,1.1248,1.12552,1.12472,1.12542,897,17,0
2018-09-03 08:00:00,1.12542,1.12604,1.12481,1.12503,2220,17,0
2018-09-03 10:00:00,1.12502,1.12709,1.12435,1.12689,5156,17,0
2018-09-03 12:00:00,1.12687,1.12703,1.12523,1.12606,3740,19,0
2018-09-03 14:00:00,1.12606,1.12702,1.12579,1.12597,2902,19,0
2018-09-03 16:00:00,1.12597,1.12629,1.12524,1.12583,3063,17,0
2018-09-03 18:00:00,1.12584,1.12637,1.12553,1.12586,1731,19,0
2018-09-03 20:00:00,1.12587,1.1263,1.12528,1.12542,1310,20,0
2018-09-03 22:00:00,1.12544,1.12607,1.12525,1.12564,1573,26,0
2018-09-04 00:00:00,1.12584,1.12589,1.12513,1.12566,561,22,0
2018-09-04 02:00:00,1.12568,1.1258,1.12516,1.12553,1061,18,0
2018-09-04 04:00:00,1.12554,1.12561,1.12472,1.1252,2149,17,0
2018-09-04 06:00:00,1.1252,1.12559,1.12491,1.12543,1398,17,0
2018-09-04 08:00:00,1.12543,1.12559,1.12412,1.12454,3225,17,0
2018-09-04 10:00:00,1.12455,1.12634,1.12423,1.12493,4826,17,0
2018-09-04 12:00:00,1.12493,1.12643,1.12457,1.12561,3721,17,0
2018-09-04 14:00:00,1.1256,1.12657,1.12458,1.12611,3760,17,0
2018-09-04 16:00:00,1.12612,1.12779,1.12485,1.1267,5299,17,0
2018-09-04 18:00:00,1.12669,1.12888,1.12632,1.12848,4200,17,0
2018-09-04 20:00:00,1.12849,1.12891,1.12814,1.12867,2141,17,0
2018-09-04 22:00:00,1.12867,1.12899,1.12777,1.12785,1054,17,0
2018-09-05 00:00:00,1.12748,1.12827,1.12726,1.1282,1922,17,0
2018-09-05 02:00:00,1.1282,1.12848,1.12795,1.12838,876,17,0
2018-09-05 04:00:00,1.12839,1.12934,1.12833,1.12913,2078,17,0
2018-09-05 06:00:00,1.1291,1.12928,1.12859,1.1288,1047,17,0
2018-09-05 08:00:00,1.12878,1.1289,1.12654,1.12697,3230,17,0
2018-09-05 10:00:00,1.12697,1.12766,1.12527,1.1274,5146,17,0
2018-09-05 12:00:00,1.12739,1.12928,1.12728,1.12911,4539,19,0
2018-09-05 14:00:00,1.12909,1.12931,1.12828,1.12865,2952,19,0
2018-09-05 16:00:00,1.12865,1.13192,1.12815,1.12932,8188,19,0
2018-09-05 18:00:00,1.12933,1.12976,1.12786,1.12906,4530,19,0
2018-09-05 20:00:00,1.12905,1.13032,1.12905,1.13009,1748,19,0
2018-09-05 22:00:00,1.13009,1.13038,1.12979,1.12979,1184,19,0
2018-09-06 00:00:00,1.13,1.1304,1.12942,1.12986,1590,19,0
2018-09-06 02:00:00,1.12985,1.13105,1.12864,1.12891,1942,19,0
2018-09-06 04:00:00,1.12891,1.12944,1.12862,1.12918,1416,19,0
2018-09-06 06:00:00,1.12918,1.1292,1.12852,1.12894,1494,19,0
2018-09-06 08:00:00,1.12897,1.12899,1.12755,1.12783,2556,17,0
2018-09-06 10:00:00,1.12783,1.12922,1.12752,1.12808,4707,17,0
2018-09-06 12:00:00,1.12809,1.12809,1.12622,1.12696,3466,17,0
2018-09-06 14:00:00,1.12697,1.12819,1.12685,1.12764,4513,17,0
2018-09-06 16:00:00,1.12764,1.12775,1.12542,1.12581,6220,19,0
2018-09-06 18:00:00,1.12584,1.12585,1.12301,1.1234,4818,19,0
2018-09-06 20:00:00,1.12342,1.12376,1.12271,1.12285,2963,19,0
2018-09-06 22:00:00,1.12285,1.12345,1.12152,1.1216,2045,19,0
2018-09-07 00:00:00,1.1216,1.12206,1.12153,1.12177,922,22,0
2018-09-07 02:00:00,1.12178,1.12194,1.12102,1.12149,1589,19,0
2018-09-07 04:00:00,1.1215,1.12202,1.121,1.12165,1789,19,0
2018-09-07 06:00:00,1.12166,1.12237,1.12148,1.12213,1765,19,0
2018-09-07 08:00:00,1.12212,1.12338,1.12165,1.12311,3729,19,0
2018-09-07 10:00:00,1.12311,1.12443,1.12287,1.12356,3682,19,0
2018-09-07 12:00:00,1.12356,1.12427,1.1221,1.12245,4404,19,0
2018-09-07 14:00:00,1.12247,1.12284,1.11898,1.11935,7660,19,0
2018-09-07 16:00:00,1.11934,1.12082,1.11825,1.12063,7703,17,0
2018-09-07 18:00:00,1.12063,1.12141,1.11856,1.12052,6384,17,0
2018-09-07 20:00:00,1.12055,1.12095,1.12005,1.12048,2317,17,0
2018-09-07 22:00:00,1.12051,1.12066,1.11916,1.11916,1188,18,0
2018-09-10 00:00:00,1.11856,1.12009,1.11844,1.11956,434,17,0
2018-09-10 02:00:00,1.11953,1.12046,1.11936,1.12025,1252,17,0
2018-09-10 04:00:00,1.12024,1.12025,1.11969,1.11994,2441,17,0
2018-09-10 06:00:00,1.11993,1.12007,1.11921,1.11988,1489,17,0
2018-09-10 08:00:00,1.11986,1.12038,1.11846,1.11902,2182,17,0
2018-09-10 10:00:00,1.11903,1.12389,1.11883,1.12369,4674,17,0
2018-09-10 12:00:00,1.12369,1.12706,1.12364,1.12692,3417,17,0
2018-09-10 14:00:00,1.12692,1.12995,1.12647,1.12981,4698,17,0
2018-09-10 16:00:00,1.12983,1.13025,1.12826,1.12868,5226,17,0
2018-09-10 18:00:00,1.12868,1.13148,1.12828,1.13064,2660,17,0
2018-09-10 20:00:00,1.13064,1.13098,1.13006,1.1305,1411,17,0
2018-09-10 22:00:00,1.13049,1.13066,1.13003,1.13003,769,17,0
2018-09-11 00:00:00,1.12978,1.13035,1.12963,1.12988,871,21,0
2018-09-11 02:00:00,1.12988,1.13116,1.12985,1.13053,725,17,0
2018-09-11 04:00:00,1.13053,1.13061,1.12971,1.12993,1318,17,0
2018-09-11 06:00:00,1.12993,1.13091,1.12987,1.13079,1125,17,0
2018-09-11 08:00:00,1.1308,1.13429,1.13056,1.13366,2487,17,0
2018-09-11 10:00:00,1.13367,1.13376,1.13044,1.13132,4928,17,0
2018-09-11 12:00:00,1.1313,1.13151,1.12798,1.12811,8382,17,0
2018-09-11 14:00:00,1.12817,1.12843,1.12627,1.12779,3833,17,0
2018-09-11 16:00:00,1.12778,1.12946,1.12741,1.12837,4153,17,0
2018-09-11 18:00:00,1.12838,1.12883,1.1281,1.12831,1913,17,0
2018-09-11 20:00:00,1.12829,1.12842,1.12751,1.12777,1298,17,0
2018-09-11 22:00:00,1.12778,1.1287,1.12739,1.12825,1349,10,0
2018-09-12 00:00:00,1.12837,1.12848,1.12791,1.12844,720,0,0
2018-09-12 02:00:00,1.12844,1.1289,1.12799,1.12882,1111,11,0
2018-09-12 04:00:00,1.12882,1.12888,1.12831,1.12846,1134,11,0
2018-09-12 06:00:00,1.12847,1.12891,1.12809,1.12879,993,11,0
2018-09-12 08:00:00,1.12878,1.129,1.12682,1.12717,3246,8,0
2018-09-12 10:00:00,1.12716,1.13036,1.12703,1.12906,7497,4,0
2018-09-12 12:00:00,1.12905,1.12909,1.12733,1.12735,5432,9,0
2018-09-12 14:00:00,1.12735,1.1287,1.12683,1.12813,8302,0,0
2018-09-12 16:00:00,1.12812,1.12898,1.12712,1.12877,8894,0,0
2018-09-12 18:00:00,1.12877,1.13107,1.12759,1.12846,7151,0,0
2018-09-12 20:00:00,1.12847,1.12875,1.12827,1.12831,2748,10,0
2018-09-12 22:00:00,1.12831,1.12837,1.12791,1.12814,1634,8,0
2018-09-13 00:00:00,1.12845,1.12896,1.12745,1.12799,2121,0,0
2018-09-13 02:00:00,1.12799,1.1288,1.12787,1.12877,1117,9,0
2018-09-13 04:00:00,1.12879,1.12889,1.1277,1.12775,1749,10,0
2018-09-13 06:00:00,1.12775,1.128,1.12726,1.12732,1167,11,0
2018-09-13 08:00:00,1.12732,1.12757,1.12613,1.12712,3205,11,0
2018-09-13 10:00:00,1.12712,1.12746,1.12618,1.1268,4839,7,0
2018-09-13 12:00:00,1.12681,1.12716,1.12623,1.12653,4665,9,0
2018-09-13 14:00:00,1.12656,1.12961,1.12627,1.129,9879,6,0
2018-09-13 16:00:00,1.12899,1.13149,1.12839,1.12984,11286,2,0
2018-09-13 18:00:00,1.12984,1.13032,1.1294,1.12977,4491,0,0
2018-09-13 20:00:00,1.12976,1.12984,1.12875,1.12917,2782,6,0
2018-09-13 22:00:00,1.12918,1.12933,1.12837,1.12852,1982,10,0
2018-09-14 00:00:00,1.12858,1.12896,1.12811,1.12836,2614,13,0
2018-09-14 02:00:00,1.12836,1.12973,1.12833,1.12951,1504,12,0
2018-09-14 04:00:00,1.12951,1.12955,1.12844,1.1285,1549,13,0
2018-09-14 06:00:00,1.12849,1.12873,1.12802,1.12847,1392,12,0
2018-09-14 08:00:00,1.12848,1.13034,1.12826,1.12983,3542,5,0
2018-09-14 10:00:00,1.12982,1.13034,1.12793,1.1286,6000,9,0
2018-09-14 12:00:00,1.12861,1.12866,1.12756,1.12804,4999,7,0
2018-09-14 14:00:00,1.12804,1.1281,1.1269,1.1272,8045,9,0
2018-09-14 16:00:00,1.1272,1.12809,1.12602,1.12687,9029,7,0
2018-09-14 18:00:00,1.12688,1.12711,1.12441,1.12467,6367,0,0
2018-09-14 20:00:00,1.12467,1.12516,1.12448,1.12468,2787,9,0
2018-09-14 22:00:00,1.12469,1.12484,1.12405,1.12413,1430,8,0
2018-09-17 00:00:00,1.12429,1.12525,1.12408,1.12445,482,17,0
2018-09-17 02:00:00,1.12444,1.12493,1.12401,1.12485,884,13,0
2018-09-17 04:00:00,1.12483,1.12514,1.12438,1.12508,1255,13,0
2018-09-17 06:00:00,1.12508,1.12552,1.12503,1.12544,1120,12,0
2018-09-17 08:00:00,1.12544,1.12568,1.12395,1.12461,3006,9,0
2018-09-17 10:00:00,1.12462,1.12597,1.12311,1.12454,6057,3,0
2018-09-17 12:00:00,1.12453,1.12486,1.12322,1.12402,5163,10,0
2018-09-17 14:00:00,1.12403,1.12506,1.12301,1.12491,6997,5,0
2018-09-17 16:00:00,1.1249,1.12579,1.1238,1.12481,7035,8,0
2018-09-17 18:00:00,1.12478,1.12563,1.12407,1.12546,3760,2,0
2018-09-17 20:00:00,1.12547,1.12555,1.12426,1.1245,2021,10,0
2018-09-17 22:00:00,1.12451,1.12451,1.12357,1.12435,1862,12,0
2018-09-18 00:00:00,1.1241,1.12472,1.12322,1.12327,2023,10,0
2018-09-18 02:00:00,1.12327,1.12398,1.12321,1.12367,1488,12,0
2018-09-18 04:00:00,1.12367,1.12457,1.1236,1.12457,1768,10,0
2018-09-18 06:00:00,1.12456,1.1254,1.12452,1.12493,2092,12,0
2018-09-18 08:00:00,1.12493,1.12601,1.12428,1.12504,5485,7,0
2018-09-18 10:00:00,1.12504,1.12508,1.12234,1.12236,8524,10,0
2018-09-18 12:00:00,1.12236,1.1239,1.12221,1.12384,5131,11,0
2018-09-18 14:00:00,1.12384,1.1258,1.12355,1.12519,8312,6,0
2018-09-18 16:00:00,1.12519,1.12621,1.12447,1.12542,10692,3,0
2018-09-18 18:00:00,1.12543,1.12559,1.12339,1.1245,5357,6,0
2018-09-18 20:00:00,1.1245,1.1261,1.12427,1.12572,2678,10,0
2018-09-18 22:00:00,1.12572,1.12608,1.12511,1.12527,1411,9,0
2018-09-19 00:00:00,1.12506,1.12594,1.1248,1.12567,2087,19,0
2018-09-19 02:00:00,1.12568,1.12578,1.12507,1.12516,965,10,0
2018-09-19 04:00:00,1.12514,1.12565,1.1248,1.1256,1308,10,0
2018-09-19 06:00:00,1.12559,1.12606,1.12547,1.12556,1645,10,0
2018-09-19 08:00:00,1.12556,1.12722,1.12552,1.12653,3324,8,0
2018-09-19 10:00:00,1.12655,1.13,1.12641,1.12944,7853,0,0
2018-09-19 12:00:00,1.12944,1.13215,1.12943,1.13211,5307,8,0
2018-09-19 14:00:00,1.13211,1.13264,1.12987,1.13123,7897,0,0
2018-09-19 16:00:00,1.13125,1.13143,1.12893,1.12932,9348,7,0
2018-09-19 18:00:00,1.12933,1.13054,1.12895,1.12907,4825,2,0
2018-09-19 20:00:00,1.12907,1.12914,1.12851,1.12881,2178,3,0
2018-09-19 22:00:00,1.1288,1.12955,1.12869,1.12892,988,13,0
2018-09-20 00:00:00,1.12882,1.1295,1.12852,1.12904,3618,8,0
2018-09-20 02:00:00,1.12905,1.12979,1.12895,1.12977,1361,5,0
2018-09-20 04:00:00,1.12976,1.12982,1.12902,1.12972,1114,12,0
2018-09-20 06:00:00,1.12971,1.13033,1.12926,1.12981,1024,11,0
2018-09-20 08:00:00,1.12981,1.13004,1.12932,1.12946,3113,10,0
2018-09-20 10:00:00,1.12946,1.13189,1.12904,1.12961,7592,0,0
2018-09-20 12:00:00,1.12962,1.1318,1.12914,1.1309,6276,9,0
2018-09-20 14:00:00,1.1309,1.13211,1.13042,1.13155,11194,0,0
2018-09-20 16:00:00,1.13156,1.1318,1.12725,1.12919,9675,8,0
2018-09-20 18:00:00,1.12912,1.13027,1.12884,1.13013,5385,10,0
2018-09-20 20:00:00,1.13012,1.13128,1.1295,1.12966,2873,0,0
2018-09-20 22:00:00,1.12967,1.13029,1.1292,1.12925,1620,11,0
2018-09-21 00:00:00,1.12893,1.12958,1.12873,1.12936,1920,10,0
2018-09-21 02:00:00,1.12937,1.12972,1.12878,1.12956,1216,12,0
2018-09-21 04:00:00,1.12958,1.12959,1.12886,1.1292,1632,11,0
2018-09-21 06:00:00,1.12921,1.12982,1.12903,1.12942,1508,9,0
2018-09-21 08:00:00,1.12941,1.13067,1.12899,1.13023,3966,5,0
2018-09-21 10:00:00,1.13023,1.13076,1.12656,1.12656,10935,0,0
2018-09-21 12:00:00,1.12655,1.12669,1.1248,1.12523,6869,3,0
2018-09-21 14:00:00,1.12522,1.12543,1.12213,1.12424,8968,0,0
2018-09-21 16:00:00,1.12424,1.12671,1.12355,1.12635,12512,5,0
2018-09-21 18:00:00,1.12634,1.12696,1.1256,1.12614,5097,1,0
2018-09-21 20:00:00,1.12615,1.12663,1.12561,1.12601,1976,10,0
2018-09-21 22:00:00,1.126,1.12684,1.12548,1.12548,1166,11,0
2018-09-24 00:00:00,1.12579,1.12677,1.12524,1.1256,1010,13,0
2018-09-24 02:00:00,1.1256,1.12674,1.12555,1.12668,852,11,0
2018-09-24 04:00:00,1.12667,1.12684,1.12637,1.12645,1041,11,0
2018-09-24 06:00:00,1.12646,1.12692,1.12635,1.12687,704,15,0
2018-09-24 08:00:00,1.1269,1.12728,1.12579,1.12624,3295,9,0
2018-09-24 10:00:00,1.12623,1.12875,1.1261,1.12868,6338,10,0
2018-09-24 12:00:00,1.12867,1.12887,1.12806,1.12827,4764,11,0
2018-09-24 14:00:00,1.12827,1.12893,1.12812,1.12855,5191,6,0
2018-09-24 16:00:00,1.12856,1.13236,1.12849,1.1318,11197,0,0
2018-09-24 18:00:00,1.1318,1.13291,1.13102,1.1319,4507,10,0
2018-09-24 20:00:00,1.13191,1.13276,1.13174,1.13246,2095,6,0
2018-09-24 22:00:00,1.13251,1.13357,1.13245,1.13339,1525,8,0
2018-09-25 00:00:00,1.13314,1.13354,1.13247,1.13351,1141,11,0
2018-09-25 02:00:00,1.13351,1.13378,1.13332,1.13363,1157,12,0
2018-09-25 04:00:00,1.13363,1.13397,1.13325,1.13386,2073,5,0
2018-09-25 06:00:00,1.13388,1.13461,1.13382,1.13445,1476,8,0
2018-09-25 08:00:00,1.13445,1.13648,1.13443,1.13597,4344,6,0
2018-09-25 10:00:00,1.13598,1.13666,1.13432,1.13665,8996,3,0
2018-09-25 12:00:00,1.13667,1.13722,1.13571,1.13638,5133,4,0
2018-09-25 14:00:00,1.13639,1.13794,1.13638,1.13782,6149,4,0
2018-09-25 16:00:00,1.13783,1.13816,1.13567,1.13587,7333,2,0
2018-09-25 18:00:00,1.13587,1.13641,1.13444,1.13486,4620,10,0
2018-09-25 20:00:00,1.13486,1.13555,1.13436,1.13532,2429,11,0
2018-09-25 22:00:00,1.13532,1.13567,1.13527,1.13538,1158,11,0
2018-09-26 00:00:00,1.13507,1.13565,1.13479,1.13541,1442,18,0
2018-09-26 02:00:00,1.13541,1.13559,1.1351,1.13529,989,11,0
2018-09-26 04:00:00,1.13529,1.13544,1.13456,1.13476,1469,12,0
2018-09-26 06:00:00,1.13474,1.13492,1.13429,1.13464,1191,12,0
2018-09-26 08:00:00,1.13463,1.13549,1.13411,1.13502,3427,9,0
2018-09-26 10:00:00,1.13501,1.13629,1.13473,1.13586,5657,8,0
2018-09-26 12:00:00,1.13586,1.13803,1.13574,1.13782,5649,4,0
2018-09-26 14:00:00,1.13782,1.13813,1.1366,1.13786,6094,5,0
2018-09-26 16:00:00,1.13787,1.13842,1.1369,1.13725,6451,7,0
2018-09-26 18:00:00,1.13725,1.13838,1.13499,1.13551,4042,6,0
2018-09-26 20:00:00,1.13549,1.13674,1.13411,1.13473,8872,0,0
2018-09-26 22:00:00,1.1347,1.13512,1.13315,1.1337,4115,7,0
2018-09-27 00:00:00,1.13338,1.13413,1.13305,1.1337,1532,16,0
2018-09-27 02:00:00,1.13372,1.13475,1.1337,1.13465,1277,14,0
2018-09-27 04:00:00,1.13465,1.13495,1.13419,1.13466,1670,10,0
2018-09-27 06:00:00,1.13467,1.1349,1.13423,1.13472,1367,11,0
2018-09-27 08:00:00,1.13472,1.13478,1.1311,1.13338,7958,0,0
2018-09-27 10:00:00,1.13345,1.13596,1.13174,1.13553,10837,6,0
2018-09-27 12:00:00,1.13553,1.13722,1.13454,1.13679,6621,3,0
2018-09-27 14:00:00,1.1368,1.1377,1.13599,1.13644,7655,7,0
2018-09-27 16:00:00,1.13643,1.14042,1.1363,1.13905,8544,3,0
2018-09-27 18:00:00,1.13906,1.14144,1.1389,1.14117,6268,4,0
2018-09-27 20:00:00,1.14117,1.14122,1.13887,1.13966,3238,0,0
2018-09-27 22:00:00,1.13966,1.13981,1.13706,1.13749,2704,5,0
2018-09-28 00:00:00,1.13725,1.13768,1.13658,1.13661,1268,4,0
2018-09-28 02:00:00,1.13663,1.13768,1.13653,1.13709,1168,10,0
2018-09-28 04:00:00,1.13708,1.1377,1.13708,1.1376,1896,10,0
2018-09-28 06:00:00,1.13763,1.13774,1.13664,1.13707,1798,5,0
2018-09-28 08:00:00,1.13706,1.13738,1.13494,1.13561,5556,7,0
2018-09-28 10:00:00,1.13564,1.13602,1.13345,1.13451,8688,4,0
2018-09-28 12:00:00,1.13448,1.13482,1.12805,1.13078,9523,4,0
2018-09-28 14:00:00,1.13078,1.13203,1.13038,1.13118,7661,6,0
2018-09-28 16:00:00,1.1312,1.13494,1.13066,1.13438,8650,3,0
2018-09-28 18:00:00,1.1344,1.1346,1.13339,1.13373,5366,6,0
2018-09-28 20:00:00,1.13373,1.13705,1.13354,1.13689,2863,3,0
2018-09-28 22:00:00,1.13689,1.13981,1.13676,1.13887,2673,6,0
2018-10-01 00:00:00,1.13845,1.13918,1.13745,1.13864,693,14,0
2018-10-01 02:00:00,1.13867,1.1393,1.13863,1.13874,1389,10,0
2018-10-01 04:00:00,1.13874,1.1388,1.13755,1.13759,1454,7,0
2018-10-01 06:00:00,1.13759,1.13833,1.13741,1.13829,1406,8,0
2018-10-01 08:00:00,1.1383,1.13831,1.13654,1.13656,3957,8,0
2018-10-01 10:00:00,1.13656,1.14279,1.1364,1.14253,7798,8,0
2018-10-01 12:00:00,1.14253,1.14266,1.14036,1.14045,6684,4,0
2018-10-01 14:00:00,1.14048,1.14204,1.1401,1.14162,7691,0,0
2018-10-01 16:00:00,1.14161,1.14192,1.13861,1.13938,8827,7,0
2018-10-01 18:00:00,1.13938,1.14023,1.13743,1.13824,5656,4,0
2018-10-01 20:00:00,1.13824,1.13938,1.13804,1.13905,1888,5,0
2018-10-01 22:00:00,1.13904,1.13914,1.1387,1.1388,1496,11,0
2018-10-02 00:00:00,1.13835,1.13919,1.13807,1.1389,1982,14,0
2018-10-02 02:00:00,1.13892,1.13918,1.13861,1.13908,798,14,0
2018-10-02 04:00:00,1.13908,1.13931,1.13832,1.13833,1426,10,0
2018-10-02 06:00:00,1.13833,1.13895,1.13822,1.13871,1200,12,0
2018-10-02 08:00:00,1.13872,1.13873,1.13615,1.13633,5252,6,0
2018-10-02 10:00:00,1.13634,1.13651,1.13173,1.1319,10235,6,0
2018-10-02 12:00:00,1.13193,1.13404,1.13119,1.13375,7077,8,0
2018-10-02 14:00:00,1.13376,1.13544,1.13339,1.1347,7998,5,0
2018-10-02 16:00:00,1.13471,1.13674,1.13436,1.13645,7533,5,0
2018-10-02 18:00:00,1.13645,1.13948,1.13637,1.13796,5844,8,0
2018-10-02 20:00:00,1.13795,1.13857,1.13664,1.13682,2698,9,0
2018-10-02 22:00:00,1.13683,1.13713,1.13598,1.13612,1924,10,0
2018-10-03 00:00:00,1.13578,1.13647,1.13545,1.13637,1078,18,0
2018-10-03 02:00:00,1.13638,1.13665,1.13611,1.13622,1133,15,0
2018-10-03 04:00:00,1.13622,1.14024,1.13578,1.13967,4655,8,0
2018-10-03 06:00:00,1.13967,1.13999,1.1388,1.13934,2393,11,0
2018-10-03 08:00:00,1.13934,1.14182,1.13923,1.14057,7239,8,0
2018-10-03 10:00:00,1.14057,1.14208,1.13969,1.14053,7359,9,0
2018-10-03 12:00:00,1.14053,1.14115,1.13935,1.14064,7375,9,0
2018-10-03 14:00:00,1.14063,1.1419,1.1395,1.13965,7525,1,0
2018-10-03 16:00:00,1.13965,1.1417,1.13938,1.14068,9611,7,0
2018-10-03 18:00:00,1.14067,1.14082,1.13932,1.13947,5002,10,0
2018-10-03 20:00:00,1.13945,1.14041,1.1392,1.14003,4220,2,0
2018-10-03 22:00:00,1.14003,1.14057,1.1377,1.13888,3030,8,0
2018-10-04 00:00:00,1.1385,1.13889,1.13652,1.13782,2064,15,0
2018-10-04 02:00:00,1.13785,1.13856,1.13726,1.13821,1721,10,0
2018-10-04 04:00:00,1.13821,1.13827,1.13718,1.13785,1733,14,0
2018-10-04 06:00:00,1.13786,1.13802,1.13725,1.13802,2078,14,0
2018-10-04 08:00:00,1.13802,1.13865,1.13736,1.13758,5702,9,0
2018-10-04 10:00:00,1.1376,1.13955,1.13708,1.13952,9107,9,0
2018-10-04 12:00:00,1.13953,1.14083,1.13933,1.14016,6680,4,0
2018-10-04 14:00:00,1.14013,1.14221,1.13988,1.14155,8683,7,0
2018-10-04 16:00:00,1.14153,1.14348,1.14104,1.1418,12253,0,0
2018-10-04 18:00:00,1.1418,1.14227,1.14048,1.14169,6759,5,0
2018-10-04 20:00:00,1.14169,1.14245,1.14082,1.14164,4121,2,0
2018-10-04 22:00:00,1.14165,1.14211,1.1412,1.14171,1860,10,0
2018-10-05 00:00:00,1.14144,1.14192,1.14137,1.1418,894,8,0
2018-10-05 02:00:00,1.14181,1.14247,1.14163,1.14232,1581,8,0
2018-10-05 04:00:00,1.14232,1.14261,1.14216,1.14228,1452,14,0
2018-10-05 06:00:00,1.1423,1.14352,1.14202,1.14338,1491,11,0
2018-10-05 08:00:00,1.14339,1.14392,1.14188,1.1429,4553,10,0
2018-10-05 10:00:00,1.14288,1.14439,1.14193,1.14228,6829,8,0
2018-10-05 12:00:00,1.14229,1.14378,1.14162,1.14254,5591,9,0
2018-10-05 14:00:00,1.14255,1.14453,1.14251,1.14398,10309,8,0
2018-10-05 16:00:00,1.14395,1.14489,1.14145,1.1415,12945,0,0
2018-10-05 18:00:00,1.14151,1.14279,1.14104,1.14196,7658,8,0
2018-10-05 20:00:00,1.14198,1.14317,1.14164,1.14249,3905,9,0
2018-10-05 22:00:00,1.14248,1.14339,1.14228,1.1425,2038,13,0
2018-10-08 00:00:00,1.1428,1.1441,1.14184,1.14293,1289,19,0
2018-10-08 02:00:00,1.14293,1.14323,1.14213,1.14222,1882,13,0
2018-10-08 04:00:00,1.14224,1.14295,1.14206,1.14241,1766,14,0
2018-10-08 06:00:00,1.14239,1.14239,1.14122,1.14126,1605,8,0
2018-10-08 08:00:00,1.14124,1.14157,1.1401,1.14028,3167,5,0
2018-10-08 10:00:00,1.14028,1.14065,1.13813,1.13835,7115,5,0
2018-10-08 12:00:00,1.13836,1.13979,1.13813,1.13931,5181,5,0
2018-10-08 14:00:00,1.13931,1.14021,1.13882,1.13955,4278,8,0
2018-10-08 16:00:00,1.13953,1.141,1.13857,1.13917,7577,6,0
2018-10-08 18:00:00,1.13918,1.14032,1.13907,1.13999,4586,11,0
2018-10-08 20:00:00,1.13999,1.14077,1.13924,1.14041,3599,10,0
2018-10-08 22:00:00,1.14038,1.14079,1.14007,1.14027,1969,12,0
2018-10-09 00:00:00,1.13997,1.14067,1.13951,1.14045,1157,12,0
2018-10-09 02:00:00,1.14046,1.14075,1.14032,1.14052,1179,12,0
2018-10-09 04:00:00,1.14051,1.14073,1.14021,1.14064,1755,13,0
2018-10-09 06:00:00,1.14064,1.14115,1.14029,1.14101,1157,10,0
2018-10-09 08:00:00,1.141,1.14122,1.13958,1.14029,4432,11,0
2018-10-09 10:00:00,1.1403,1.14148,1.14013,1.14063,8722,7,0
2018-10-09 12:00:00,1.14063,1.14067,1.13741,1.13849,8670,0,0
2018-10-09 14:00:00,1.1385,1.13899,1.13685,1.13884,8766,8,0
2018-10-09 16:00:00,1.13884,1.14097,1.13798,1.13983,10384,0,0
2018-10-09 18:00:00,1.13983,1.1404,1.1388,1.13917,7440,3,0
2018-10-09 20:00:00,1.13917,1.14115,1.13911,1.14055,4111,6,0
2018-10-09 22:00:00,1.14056,1.14071,1.13923,1.13954,1894,11,0
2018-10-10 00:00:00,1.13886,1.14032,1.13881,1.13992,983,17,0
2018-10-10 02:00:00,1.13992,1.14115,1.1399,1.14027,2044,10,0
2018-10-10 04:00:00,1.14026,1.14089,1.13984,1.13998,2030,11,0
2018-10-10 06:00:00,1.13999,1.14055,1.13998,1.14049,1511,10,0
2018-10-10 08:00:00,1.14049,1.14117,1.13976,1.1404,4646,8,0
2018-10-10 10:00:00,1.1404,1.14105,1.13893,1.14049,8260,7,0
2018-10-10 12:00:00,1.1405,1.14089,1.13971,1.14079,6536,8,0
2018-10-10 14:00:00,1.14079,1.14257,1.14046,1.1421,6356,8,0
2018-10-10 16:00:00,1.14211,1.14357,1.14099,1.14194,11425,5,0
2018-10-10 18:00:00,1.14199,1.14381,1.14106,1.14329,7621,9,0
2018-10-10 20:00:00,1.14327,1.14434,1.14312,1.14332,4524,6,0
2018-10-10 22:00:00,1.14331,1.14333,1.14019,1.14044,3378,9,0
2018-10-11 00:00:00,1.14024,1.14111,1.13995,1.14085,1894,9,0
2018-10-11 02:00:00,1.14083,1.14142,1.13908,1.14112,3013,10,0
2018-10-11 04:00:00,1.1411,1.14154,1.13964,1.14019,4465,0,0
2018-10-11 06:00:00,1.14019,1.14087,1.13988,1.14037,2775,11,0
2018-10-11 08:00:00,1.14035,1.14157,1.13981,1.14136,6990,11,0
2018-10-11 10:00:00,1.14136,1.14239,1.14019,1.14147,9262,8,0
2018-10-11 12:00:00,1.14148,1.14373,1.14139,1.14279,7192,3,0
2018-10-11 14:00:00,1.14277,1.14412,1.14241,1.1434,9430,6,0
2018-10-11 16:00:00,1.14339,1.14489,1.14224,1.1442,14702,3,0
2018-10-11 18:00:00,1.1442,1.14885,1.14338,1.14753,10353,6,0
2018-10-11 20:00:00,1.14751,1.14821,1.14607,1.14667,6321,6,0
2018-10-11 22:00:00,1.14667,1.14772,1.14658,1.1469,4489,10,0
2018-10-12 00:00:00,1.14686,1.1476,1.14642,1.14728,1169,3,0
2018-10-12 02:00:00,1.14727,1.14798,1.14703,1.14763,1437,13,0
2018-10-12 04:00:00,1.14763,1.14853,1.14734,1.14815,2494,11,0
2018-10-12 06:00:00,1.14814,1.14888,1.14784,1.14876,2015,10,0
2018-10-12 08:00:00,1.14877,1.14917,1.14734,1.14753,4995,8,0
2018-10-12 10:00:00,1.14754,1.14791,1.14579,1.14747,8232,9,0
2018-10-12 12:00:00,1.14746,1.14877,1.14711,1.14795,7620,4,0
2018-10-12 14:00:00,1.14794,1.14816,1.14541,1.14566,7659,3,0
2018-10-12 16:00:00,1.14566,1.14718,1.14486,1.14687,10888,6,0
2018-10-12 18:00:00,1.14687,1.14754,1.14525,1.14557,7063,7,0
2018-10-12 20:00:00,1.14558,1.1462,1.14519,1.1455,4031,12,0
2018-10-12 22:00:00,1.14548,1.14656,1.14528,1.14573,2448,14,0
2018-10-15 00:00:00,1.14323,1.14571,1.14323,1.14489,1630,7,0
2018-10-15 02:00:00,1.14489,1.14501,1.14431,1.14442,2077,12,0
2018-10-15 04:00:00,1.14442,1.14477,1.14398,1.14414,1908,8,0
2018-10-15 06:00:00,1.14413,1.14425,1.14358,1.14364,1605,13,0
2018-10-15 08:00:00,1.14363,1.14487,1.14359,1.14465,4061,10,0
2018-10-15 10:00:00,1.14466,1.14634,1.14435,1.14441,9103,9,0
2018-10-15 12:00:00,1.14443,1.14456,1.14143,1.14259,8276,3,0
2018-10-15 14:00:00,1.14258,1.1437,1.14242,1.14366,6895,6,0
2018-10-15 16:00:00,1.14367,1.14438,1.14172,1.14423,10897,8,0
2018-10-15 18:00:00,1.14422,1.14487,1.1436,1.14373,5819,11,0
2018-10-15 20:00:00,1.14373,1.14442,1.1435,1.14366,3404,11,0
2018-10-15 22:00:00,1.14367,1.14367,1.14249,1.14263,1868,11,0
2018-10-16 00:00:00,1.1427,1.14339,1.14257,1.14317,1303,15,0
2018-10-16 02:00:00,1.14317,1.14377,1.14302,1.14336,1727,12,0
2018-10-16 04:00:00,1.14335,1.14433,1.14332,1.14374,2870,13,0
2018-10-16 06:00:00,1.14373,1.14432,1.14332,1.14413,1889,6,0
2018-10-16 08:00:00,1.14413,1.14509,1.14411,1.14425,3669,4,0
2018-10-16 10:00:00,1.14423,1.14567,1.14354,1.14419,8091,5,0
2018-10-16 12:00:00,1.14419,1.14467,1.14343,1.14383,6598,6,0
2018-10-16 14:00:00,1.14383,1.14497,1.14349,1.14497,6418,10,0
2018-10-16 16:00:00,1.14497,1.14737,1.14494,1.14606,9845,7,0
2018-10-16 18:00:00,1.14606,1.14778,1.14592,1.1463,5379,7,0
2018-10-16 20:00:00,1.14631,1.14685,1.14612,1.14612,2506,10,0
2018-10-16 22:00:00,1.14612,1.14677,1.14593,1.14646,1820,13,0
2018-10-17 00:00:00,1.14625,1.14655,1.14574,1.1462,1129,13,0
2018-10-17 02:00:00,1.14621,1.14685,1.14603,1.14677,1318,12,0
2018-10-17 04:00:00,1.14675,1.14715,1.14588,1.14602,1709,12,0
2018-10-17 06:00:00,1.14602,1.14644,1.14587,1.14592,1409,14,0
2018-10-17 08:00:00,1.14592,1.14637,1.14504,1.14619,3948,9,0
2018-10-17 10:00:00,1.14619,1.14683,1.14511,1.14633,7247,8,0
2018-10-17 12:00:00,1.14632,1.14823,1.14601,1.1467,6165,8,0
2018-10-17 14:00:00,1.14666,1.14683,1.1437,1.14425,10065,7,0
2018-10-17 16:00:00,1.14425,1.14539,1.14408,1.14419,10825,8,0
2018-10-17 18:00:00,1.1442,1.14557,1.14409,1.14455,4650,11,0
2018-10-17 20:00:00,1.14449,1.14573,1.1441,1.14487,3789,11,0
2018-10-17 22:00:00,1.14488,1.14509,1.14418,1.14447,2026,10,0
2018-10-18 00:00:00,1.14411,1.14466,1.14351,1.14443,1190,2,0
2018-10-18 02:00:00,1.14445,1.1451,1.14374,1.14389,2450,8,0
2018-10-18 04:00:00,1.14388,1.14412,1.14372,1.1438,2314,11,0
2018-10-18 06:00:00,1.14379,1.14401,1.14374,1.14393,1457,11,0
2018-10-18 08:00:00,1.14394,1.14395,1.14303,1.14352,3398,9,0
2018-10-18 10:00:00,1.14351,1.1449,1.14268,1.14441,7096,6,0
2018-10-18 12:00:00,1.1444,1.14546,1.14262,1.14313,5663,9,0
2018-10-18 14:00:00,1.14313,1.14641,1.14269,1.146,6951,8,0
2018-10-18 16:00:00,1.14599,1.14657,1.14333,1.1437,9829,7,0
2018-10-18 18:00:00,1.14368,1.14601,1.13981,1.14074,10434,4,0
2018-10-18 20:00:00,1.14077,1.14177,1.13991,1.14122,5317,2,0
2018-10-18 22:00:00,1.14124,1.14129,1.13998,1.14021,2818,9,0
2018-10-19 00:00:00,1.13996,1.14074,1.13987,1.14067,1637,0,0
2018-10-19 02:00:00,1.14069,1.14227,1.1405,1.14224,2088,10,0
2018-10-19 04:00:00,1.14224,1.1426,1.1418,1.14221,2962,8,0
2018-10-19 06:00:00,1.14221,1.14227,1.14117,1.14147,1496,11,0
2018-10-19 08:00:00,1.14149,1.1429,1.14125,1.1413,4072,10,0
2018-10-19 10:00:00,1.14131,1.14166,1.14013,1.14038,8783,0,0
2018-10-19 12:00:00,1.14038,1.14172,1.13914,1.14155,6371,8,0
2018-10-19 14:00:00,1.14155,1.14284,1.14086,1.14231,7520,6,0
2018-10-19 16:00:00,1.14231,1.1459,1.14148,1.14586,10349,7,0
2018-10-19 18:00:00,1.14587,1.14912,1.1447,1.14814,8236,0,0
2018-10-19 20:00:00,1.14815,1.14869,1.14748,1.14763,4127,10,0
2018-10-19 22:00:00,1.14763,1.14784,1.14587,1.14689,2523,10,0
2018-10-22 00:00:00,1.14553,1.14757,1.14495,1.14712,1189,7,0
2018-10-22 02:00:00,1.14713,1.1473,1.14624,1.14654,2035,12,0
2018-10-22 04:00:00,1.14654,1.14717,1.14654,1.14707,1348,12,0
2018-10-22 06:00:00,1.14706,1.1475,1.14675,1.14701,1767,12,0
2018-10-22 08:00:00,1.14702,1.15005,1.14699,1.14942,4727,1,0
2018-10-22 10:00:00,1.14941,1.14963,1.14646,1.14795,7654,6,0
2018-10-22 12:00:00,1.14795,1.14839,1.14692,1.14695,5895,7,0
2018-10-22 14:00:00,1.14696,1.14715,1.14432,1.14457,8291,6,0
2018-10-22 16:00:00,1.14456,1.14465,1.14299,1.14326,8646,6,0
2018-10-22 18:00:00,1.14328,1.14391,1.14206,1.14312,5583,9,0
2018-10-22 20:00:00,1.14311,1.14325,1.14161,1.14207,2917,1,0
2018-10-22 22:00:00,1.14208,1.14259,1.14148,1.14172,1482,12,0
2018-10-23 00:00:00,1.14153,1.14249,1.14143,1.14198,1474,15,0
2018-10-23 02:00:00,1.14201,1.14232,1.14176,1.1418,1318,11,0
2018-10-23 04:00:00,1.1418,1.14262,1.1417,1.14232,1789,12,0
2018-10-23 06:00:00,1.14231,1.14237,1.1411,1.14126,1259,11,0
2018-10-23 08:00:00,1.14126,1.14176,1.13996,1.14171,5022,10,0
2018-10-23 10:00:00,1.14171,1.1427,1.14003,1.14098,9787,0,0
2018-10-23 12:00:00,1.14097,1.14213,1.14056,1.14206,6844,7,0
2018-10-23 14:00:00,1.14204,1.14292,1.14077,1.14189,8400,7,0
2018-10-23 16:00:00,1.14189,1.14204,1.13967,1.14037,9439,8,0
2018-10-23 18:00:00,1.14035,1.14239,1.13993,1.14211,6339,7,0
2018-10-23 20:00:00,1.14211,1.14257,1.14085,1.14173,4863,7,0
2018-10-23 22:00:00,1.14173,1.14214,1.14089,1.14089,2273,12,0
2018-10-24 00:00:00,1.14054,1.14153,1.1405,1.14069,1277,20,0
2018-10-24 02:00:00,1.14068,1.14172,1.14043,1.14163,2034,16,0
2018-10-24 04:00:00,1.14161,1.14169,1.14052,1.14073,2297,16,0
2018-10-24 06:00:00,1.14072,1.1418,1.14069,1.14097,1815,17,0
2018-10-24 08:00:00,1.14096,1.14128,1.14006,1.14007,3885,11,0
2018-10-24 10:00:00,1.14008,1.14096,1.13747,1.13834,13580,9,0
2018-10-24 12:00:00,1.13836,1.13889,1.13619,1.13747,9698,12,0
2018-10-24 14:00:00,1.13746,1.13852,1.13642,1.1381,10230,7,0
2018-10-24 16:00:00,1.1381,1.13836,1.13631,1.13708,11895,8,0
2018-10-24 18:00:00,1.13708,1.13768,1.13606,1.13666,7914,12,0
2018-10-24 20:00:00,1.13669,1.13711,1.13543,1.13553,4312,11,0
2018-10-24 22:00:00,1.13555,1.13685,1.13544,1.13646,3919,11,0
2018-10-25 00:00:00,1.13578,1.13693,1.13524,1.13642,904,22,0
2018-10-25 02:00:00,1.13642,1.13729,1.13578,1.13687,2140,13,0
2018-10-25 04:00:00,1.13685,1.13709,1.13631,1.13661,2011,14,0
2018-10-25 06:00:00,1.13662,1.13697,1.13641,1.13695,1480,16,0
2018-10-25 08:00:00,1.13693,1.13776,1.13618,1.13699,4268,14,0
2018-10-25 10:00:00,1.137,1.13905,1.13632,1.13843,9614,8,0
2018-10-25 12:00:00,1.13844,1.13955,1.13805,1.13955,8572,8,0
2018-10-25 14:00:00,1.13954,1.14153,1.13936,1.14109,9979,12,0
2018-10-25 16:00:00,1.1411,1.14126,1.13761,1.13943,12625,6,0
2018-10-25 18:00:00,1.13942,1.13972,1.13717,1.13735,7504,9,0
2018-10-25 20:00:00,1.13735,1.13735,1.13626,1.13646,4149,11,0
2018-10-25 22:00:00,1.13647,1.13702,1.13624,1.13676,3313,12,0
2018-10-26 00:00:00,1.13596,1.1372,1.13596,1.13691,2056,19,0
2018-10-26 02:00:00,1.13685,1.1375,1.13631,1.13749,3233,16,0
2018-10-26 04:00:00,1.1375,1.13759,1.1366,1.13664,2745,13,0
2018-10-26 06:00:00,1.13664,1.13716,1.13631,1.13682,3451,11,0
2018-10-26 08:00:00,1.13683,1.13711,1.13626,1.1364,4152,8,0
2018-10-26 10:00:00,1.1364,1.13827,1.13621,1.13797,7412,7,0
2018-10-26 12:00:00,1.13796,1.13818,1.13542,1.1358,7452,8,0
2018-10-26 14:00:00,1.13579,1.1377,1.1354,1.13702,6779,9,0
2018-10-26 16:00:00,1.13701,1.13789,1.13424,1.13462,8989,4,0
2018-10-26 18:00:00,1.13462,1.13855,1.1346,1.13767,7465,5,0
2018-10-26 20:00:00,1.13766,1.13793,1.13654,1.13763,6592,9,0
2018-10-26 22:00:00,1.13762,1.13836,1.13632,1.13682,3711,4,0
2018-10-29 00:00:00,1.13694,1.13753,1.1364,1.13714,1179,14,0
2018-10-29 02:00:00,1.13714,1.13739,1.13655,1.13707,1786,13,0
2018-10-29 04:00:00,1.13708,1.13761,1.13695,1.13696,1303,9,0
2018-10-29 06:00:00,1.13696,1.13735,1.13668,1.13731,1626,10,0
2018-10-29 08:00:00,1.13731,1.13861,1.13696,1.1383,3495,5,0
2018-10-29 10:00:00,1.13832,1.13907,1.13662,1.13814,8997,0,0
2018-10-29 12:00:00,1.13816,1.14029,1.13812,1.13889,7846,6,0
2018-10-29 14:00:00,1.13887,1.13921,1.13748,1.13776,7845,5,0
2018-10-29 16:00:00,1.13776,1.13971,1.13752,1.1396,6935,7,0
2018-10-29 18:00:00,1.1396,1.14086,1.13898,1.14034,5253,7,0
2018-10-29 20:00:00,1.14034,1.14074,1.13981,1.14038,4322,8,0
2018-10-29 22:00:00,1.14037,1.14066,1.13904,1.13934,1692,6,0
2018-10-30 00:00:00,1.13934,1.13958,1.13916,1.13948,2761,13,0
2018-10-30 02:00:00,1.13946,1.14017,1.13937,1.13987,1631,9,0
2018-10-30 04:00:00,1.13987,1.14063,1.13984,1.14052,1637,7,0
2018-10-30 06:00:00,1.14051,1.14053,1.13971,1.13975,1579,10,0
2018-10-30 08:00:00,1.13974,1.14007,1.13884,1.13959,3800,6,0
2018-10-30 10:00:00,1.1396,1.14103,1.13872,1.13872,5865,9,0
2018-10-30 12:00:00,1.13871,1.13884,1.13705,1.13755,5555,7,0
2018-10-30 14:00:00,1.13756,1.14071,1.13746,1.14063,7589,1,0
2018-10-30 16:00:00,1.14061,1.14183,1.13963,1.14159,8385,8,0
2018-10-30 18:00:00,1.14159,1.14159,1.13994,1.14009,4868,7,0
2018-10-30 20:00:00,1.1401,1.14026,1.13953,1.14012,2906,7,0
2018-10-30 22:00:00,1.14012,1.14049,1.13985,1.14019,863,4,0
2018-10-31 00:00:00,1.1403,1.14044,1.14,1.1404,824,16,0
2018-10-31 02:00:00,1.1404,1.14069,1.14015,1.14048,2463,12,0
2018-10-31 04:00:00,1.14047,1.14069,1.14002,1.14013,1711,14,0
2018-10-31 06:00:00,1.14012,1.14034,1.13955,1.13988,2211,11,0
2018-10-31 08:00:00,1.13989,1.14135,1.13959,1.14066,4409,9,0
2018-10-31 10:00:00,1.14065,1.14135,1.13919,1.14032,6243,7,0
2018-10-31 12:00:00,1.14034,1.14074,1.13965,1.14032,6171,8,0
2018-10-31 14:00:00,1.14032,1.14088,1.13868,1.13923,8594,4,0
2018-10-31 16:00:00,1.13922,1.13976,1.13789,1.13959,11284,2,0
2018-10-31 18:00:00,1.13966,1.14125,1.1394,1.14099,7772,4,0
2018-10-31 20:00:00,1.14098,1.14139,1.14009,1.14063,3594,5,0
2018-10-31 22:00:00,1.14064,1.14138,1.13944,1.14055,1436,8,0
2018-11-01 00:00:00,1.14055,1.14115,1.14021,1.14058,1523,14,0
2018-11-01 02:00:00,1.14057,1.14179,1.14033,1.14133,3506,12,0
2018-11-01 04:00:00,1.14134,1.14192,1.14123,1.14181,2699,12,0
2018-11-01 06:00:00,1.14182,1.14196,1.1411,1.14144,1980,11,0
2018-11-01 08:00:00,1.14144,1.14213,1.14046,1.14199,4997,11,0
2018-11-01 10:00:00,1.142,1.14255,1.14091,1.142,6925,7,0
2018-11-01 12:00:00,1.142,1.14327,1.14114,1.1428,7086,3,0
2018-11-01 14:00:00,1.14283,1.14395,1.14243,1.1437,8203,10,0
2018-11-01 16:00:00,1.14369,1.14483,1.14071,1.1432,10363,3,0
2018-11-01 18:00:00,1.14319,1.14408,1.14227,1.14245,5624,2,0
2018-11-01 20:00:00,1.14246,1.14365,1.14245,1.14323,2830,10,0
2018-11-01 22:00:00,1.14322,1.14359,1.14158,1.1429,1281,4,0
2018-11-02 00:00:00,1.1429,1.14324,1.14255,1.14273,1251,15,0
2018-11-02 02:00:00,1.14272,1.14306,1.14197,1.14206,1684,10,0
2018-11-02 04:00:00,1.14206,1.14223,1.14193,1.14194,1232,9,0
2018-11-02 06:00:00,1.14197,1.14433,1.14174,1.14398,3577,8,0
2018-11-02 08:00:00,1.14399,1.14543,1.14384,1.14416,5514,0,0
2018-11-02 10:00:00,1.14415,1.14474,1.14271,1.14293,6506,7,0
2018-11-02 12:00:00,1.14295,1.14329,1.14102,1.1412,5359,6,0
2018-11-02 14:00:00,1.14119,1.14276,1.14046,1.14245,11839,6,0
2018-11-02 16:00:00,1.14245,1.14356,1.14135,1.14188,9605,4,0
2018-11-02 18:00:00,1.14186,1.14293,1.14126,1.14266,5604,6,0
2018-11-02 20:00:00,1.14265,1.14472,1.14241,1.14326,3701,0,0
2018-11-02 22:00:00,1.14326,1.14374,1.14227,1.14236,418,10,0
2018-11-05 00:00:00,1.14191,1.14294,1.14178,1.14261,2566,8,0
2018-11-05 02:00:00,1.14262,1.14321,1.14259,1.14307,1786,13,0
2018-11-05 04:00:00,1.14311,1.14359,1.14302,1.14339,2000,12,0
2018-11-05 06:00:00,1.14341,1.144,1.14336,1.14366,1765,10,0
2018-11-05 08:00:00,1.14366,1.14414,1.14267,1.14267,3584,10,0
2018-11-05 10:00:00,1.14267,1.14407,1.14261,1.14384,4989,7,0
2018-11-05 12:00:00,1.14385,1.14462,1.14298,1.14423,4776,0,0
2018-11-05 14:00:00,1.1442,1.14446,1.14294,1.14362,6202,0,0
2018-11-05 16:00:00,1.14361,1.14597,1.14354,1.14579,8154,7,0
2018-11-05 18:00:00,1.14579,1.14602,1.14494,1.14496,4293,9,0
2018-11-05 20:00:00,1.14497,1.14623,1.14492,1.14612,3418,7,0
2018-11-05 22:00:00,1.14612,1.14627,1.14556,1.14564,2301,10,0
2018-11-06 00:00:00,1.14465,1.14632,1.14453,1.1459,1848,11,0
2018-11-06 02:00:00,1.14589,1.14646,1.14582,1.14595,1317,8,0
2018-11-06 04:00:00,1.14596,1.14631,1.14581,1.14612,1140,12,0
2018-11-06 06:00:00,1.14611,1.14627,1.14547,1.14551,1515,12,0
2018-11-06 08:00:00,1.14553,1.14622,1.14543,1.14557,3683,9,0
2018-11-06 10:00:00,1.14556,1.14697,1.14552,1.14573,5822,0,0
2018-11-06 12:00:00,1.14575,1.14585,1.1445,1.1452,5536,9,0
2018-11-06 14:00:00,1.1452,1.14634,1.1452,1.14557,7078,0,0
2018-11-06 16:00:00,1.14557,1.14607,1.14481,1.14601,7788,9,0
2018-11-06 18:00:00,1.146,1.1466,1.14514,1.14525,4411,3,0
2018-11-06 20:00:00,1.14525,1.14586,1.14477,1.14492,2778,9,0
2018-11-06 22:00:00,1.14491,1.14546,1.14476,1.14544,2130,7,0
2018-11-07 00:00:00,1.14497,1.14594,1.14391,1.14553,1947,13,0
2018-11-07 02:00:00,1.14553,1.14646,1.14481,1.14605,6257,7,0
2018-11-07 04:00:00,1.146,1.14643,1.14504,1.14622,5304,10,0
2018-11-07 06:00:00,1.14619,1.14639,1.14548,1.14573,2990,11,0
2018-11-07 08:00:00,1.14573,1.14636,1.14496,1.14543,5240,9,0
2018-11-07 10:00:00,1.14541,1.14691,1.14489,1.14515,8247,5,0
2018-11-07 12:00:00,1.14515,1.14537,1.1437,1.1444,7366,6,0
2018-11-07 14:00:00,1.14439,1.14497,1.14375,1.1444,7763,8,0
2018-11-07 16:00:00,1.14441,1.14645,1.14409,1.14634,8997,6,0
2018-11-07 18:00:00,1.14636,1.14675,1.14528,1.14576,5338,4,0
2018-11-07 20:00:00,1.14575,1.1461,1.14499,1.14586,4611,10,0
2018-11-07 22:00:00,1.14589,1.14611,1.14519,1.14545,3304,11,0
2018-11-08 00:00:00,1.14466,1.14565,1.14466,1.14534,1385,13,0
2018-11-08 02:00:00,1.14535,1.14585,1.14534,1.1457,1943,6,0
2018-11-08 04:00:00,1.1457,1.14584,1.14517,1.14539,2112,11,0
2018-11-08 06:00:00,1.14539,1.14578,1.14516,1.14543,2132,13,0
2018-11-08 08:00:00,1.14543,1.14556,1.14463,1.14514,3831,4,0
2018-11-08 10:00:00,1.14515,1.14613,1.14467,1.14515,5382,8,0
2018-11-08 12:00:00,1.14515,1.1452,1.14421,1.14463,5563,9,0
2018-11-08 14:00:00,1.14462,1.14622,1.14461,1.14541,5847,8,0
2018-11-08 16:00:00,1.14542,1.14696,1.14512,1.1457,6323,8,0
2018-11-08 18:00:00,1.14573,1.14595,1.14409,1.14441,6703,0,0
2018-11-08 20:00:00,1.1444,1.14511,1.14313,1.14351,8075,3,0
2018-11-08 22:00:00,1.14353,1.14372,1.14282,1.14319,3743,9,0
2018-11-09 00:00:00,1.14275,1.1435,1.14234,1.14339,1328,13,0
2018-11-09 02:00:00,1.14338,1.14375,1.14313,1.14357,2490,13,0
2018-11-09 04:00:00,1.1436,1.1438,1.14229,1.14255,2742,9,0
2018-11-09 06:00:00,1.14256,1.14293,1.14243,1.14259,2975,10,0
2018-11-09 08:00:00,1.14256,1.14375,1.14241,1.14266,5099,8,0
2018-11-09 10:00:00,1.14267,1.14337,1.14199,1.14287,7164,8,0
2018-11-09 12:00:00,1.14287,1.14311,1.14059,1.14199,6515,7,0
2018-11-09 14:00:00,1.142,1.14216,1.14096,1.14197,6741,7,0
2018-11-09 16:00:00,1.14201,1.14251,1.14039,1.14078,8560,7,0
2018-11-09 18:00:00,1.14077,1.14132,1.13829,1.13934,8561,7,0
2018-11-09 20:00:00,1.13935,1.13986,1.13895,1.13978,4023,7,0
2018-11-09 22:00:00,1.13979,1.14009,1.13933,1.13936,2186,7,0
2018-11-12 00:00:00,1.13813,1.13914,1.13805,1.13905,1488,9,0
2018-11-12 02:00:00,1.13906,1.13937,1.13878,1.13928,1640,10,0
2018-11-12 04:00:00,1.13928,1.13986,1.13909,1.13967,1321,12,0
2018-11-12 06:00:00,1.13968,1.13986,1.13866,1.13885,3650,7,0
2018-11-12 08:00:00,1.13889,1.1391,1.13628,1.13633,9319,0,0
2018-11-12 10:00:00,1.13631,1.13699,1.13512,1.13627,12146,6,0
2018-11-12 12:00:00,1.13628,1.13741,1.13581,1.1366,7901,8,0
2018-11-12 14:00:00,1.13661,1.13743,1.13634,1.13662,10092,3,0
2018-11-12 16:00:00,1.13661,1.13723,1.13513,1.1353,9758,5,0
2018-11-12 18:00:00,1.13532,1.13539,1.1334,1.1341,6592,4,0
2018-11-12 20:00:00,1.13409,1.13536,1.13397,1.13505,3635,6,0
2018-11-12 22:00:00,1.13508,1.13529,1.13368,1.13383,2618,10,0
2018-11-13 00:00:00,1.13411,1.13434,1.13349,1.13379,1048,9,0
2018-11-13 02:00:00,1.13379,1.13429,1.13357,1.13423,2287,12,0
2018-11-13 04:00:00,1.13423,1.136,1.13413,1.13594,2775,10,0
2018-11-13 06:00:00,1.13595,1.13626,1.13572,1.13574,2671,12,0
2018-11-13 08:00:00,1.13573,1.13686,1.13522,1.13601,4874,6,0
2018-11-13 10:00:00,1.136,1.13642,1.13455,1.13553,9367,6,0
2018-11-13 12:00:00,1.13552,1.13691,1.13547,1.13616,8345,9,0
2018-11-13 14:00:00,1.13615,1.13772,1.13581,1.13768,9120,0,0
2018-11-13 16:00:00,1.13769,1.13819,1.1367,1.13799,11285,5,0
2018-11-13 18:00:00,1.138,1.13869,1.1375,1.13809,7688,5,0
2018-11-13 20:00:00,1.13812,1.13837,1.13565,1.13633,3703,6,0
2018-11-13 22:00:00,1.13633,1.1373,1.1362,1.13701,2803,6,0
2018-11-14 00:00:00,1.13621,1.13918,1.13612,1.1378,2383,7,0
2018-11-14 02:00:00,1.13778,1.13861,1.13749,1.1379,2462,4,0
2018-11-14 04:00:00,1.13789,1.13813,1.13712,1.13761,2255,11,0
2018-11-14 06:00:00,1.1376,1.1376,1.13663,1.13688,2055,12,0
2018-11-14 08:00:00,1.13689,1.1376,1.13604,1.13699,6303,8,0
2018-11-14 10:00:00,1.13698,1.13816,1.13617,1.13786,7179,10,0
2018-11-14 12:00:00,1.13784,1.13843,1.13732,1.13823,6669,10,0
2018-11-14 14:00:00,1.13825,1.14049,1.13817,1.13965,7021,5,0
2018-11-14 16:00:00,1.13965,1.14228,1.13939,1.13961,9712,0,0
2018-11-14 18:00:00,1.13958,1.1399,1.13714,1.13767,8022,5,0
2018-11-14 20:00:00,1.13767,1.13915,1.13585,1.13893,10056,0,0
2018-11-14 22:00:00,1.13892,1.13915,1.13735,1.1377,4583,9,0
2018-11-15 00:00:00,1.13718,1.13904,1.13658,1.13804,1228,15,0
2018-11-15 02:00:00,1.13806,1.13973,1.13779,1.13959,3065,9,0
2018-11-15 04:00:00,1.13959,1.14026,1.13938,1.13939,2454,8,0
2018-11-15 06:00:00,1.13937,1.1405,1.13922,1.14045,2509,12,0
2018-11-15 08:00:00,1.14044,1.14061,1.13941,1.13961,5264,12,0
2018-11-15 10:00:00,1.13957,1.14001,1.1357,1.13598,13485,9,0
2018-11-15 12:00:00,1.13594,1.1379,1.13531,1.13737,10592,6,0
2018-11-15 14:00:00,1.13737,1.13762,1.13562,1.13588,9627,10,0
2018-11-15 16:00:00,1.13586,1.13875,1.13438,1.1387,11908,10,0
2018-11-15 18:00:00,1.13867,1.13995,1.13791,1.13869,7159,9,0
2018-11-15 20:00:00,1.13868,1.14197,1.13846,1.14139,5462,6,0
2018-11-15 22:00:00,1.14138,1.1415,1.13979,1.14059,3516,12,0
2018-11-16 00:00:00,1.13901,1.14063,1.13892,1.14028,1024,18,0
2018-11-16 02:00:00,1.14027,1.14164,1.14021,1.14072,2540,13,0
2018-11-16 04:00:00,1.14074,1.14103,1.14048,1.14086,2066,14,0
2018-11-16 06:00:00,1.14086,1.14125,1.14076,1.14107,1421,9,0
2018-11-16 08:00:00,1.14106,1.14218,1.14046,1.14156,4399,9,0
2018-11-16 10:00:00,1.14156,1.14318,1.14155,1.14188,10048,9,0
2018-11-16 12:00:00,1.14188,1.14214,1.14089,1.14145,6870,9,0
2018-11-16 14:00:00,1.14148,1.14332,1.14135,1.14264,9075,7,0
2018-11-16 16:00:00,1.14263,1.14284,1.14135,1.14258,9821,8,0
2018-11-16 18:00:00,1.14258,1.14302,1.14084,1.14118,6440,10,0
2018-11-16 20:00:00,1.14118,1.14177,1.14024,1.14091,4642,7,0
2018-11-16 22:00:00,1.14092,1.14152,1.14064,1.14103,1973,16,0
2018-11-19 00:00:00,1.14039,1.14176,1.14007,1.14067,2700,15,0
2018-11-19 02:00:00,1.14066,1.141,1.14023,1.14086,1947,11,0
2018-11-19 04:00:00,1.14087,1.14089,1.14054,1.14069,1504,10,0
2018-11-19 06:00:00,1.14069,1.14074,1.14004,1.14025,1631,10,0
2018-11-19 08:00:00,1.14026,1.14091,1.14001,1.14038,3452,10,0
2018-11-19 10:00:00,1.14037,1.14118,1.13899,1.13958,6754,9,0
2018-11-19 12:00:00,1.13958,1.13962,1.13751,1.13807,6370,6,0
2018-11-19 14:00:00,1.13807,1.13926,1.13778,1.13858,8111,3,0
2018-11-19 16:00:00,1.13857,1.13932,1.13722,1.13833,9379,8,0
2018-11-19 18:00:00,1.13831,1.13848,1.13705,1.13712,5759,8,0
2018-11-19 20:00:00,1.13711,1.13835,1.13699,1.13797,2803,10,0
2018-11-19 22:00:00,1.13797,1.13828,1.13771,1.13798,1702,13,0
2018-11-20 00:00:00,1.13715,1.13811,1.13689,1.13764,2100,18,0
2018-11-20 02:00:00,1.13762,1.13771,1.13693,1.13705,2089,7,0
2018-11-20 04:00:00,1.13706,1.13706,1.13604,1.13674,1638,13,0
2018-11-20 06:00:00,1.13674,1.13706,1.13646,1.13678,2311,14,0
2018-11-20 08:00:00,1.1368,1.13726,1.13647,1.13701,3956,10,0
2018-11-20 10:00:00,1.13701,1.13726,1.13375,1.13462,8671,0,0
2018-11-20 12:00:00,1.13462,1.13563,1.13445,1.13482,6527,4,0
2018-11-20 14:00:00,1.13482,1.13486,1.13193,1.132,8111,7,0
2018-11-20 16:00:00,1.132,1.13458,1.13187,1.13381,11112,8,0
2018-11-20 18:00:00,1.13379,1.134,1.1317,1.13187,5139,9,0
2018-11-20 20:00:00,1.13187,1.13187,1.13049,1.13095,4236,5,0
2018-11-20 22:00:00,1.13101,1.13152,1.13077,1.13115,1783,10,0
2018-11-21 00:00:00,1.13113,1.13136,1.13036,1.13113,1085,16,0
2018-11-21 02:00:00,1.13115,1.13159,1.13099,1.13146,1842,16,0
2018-11-21 04:00:00,1.13145,1.1315,1.13095,1.13111,1695,16,0
2018-11-21 06:00:00,1.13111,1.13177,1.13099,1.13144,1378,15,0
2018-11-21 08:00:00,1.13144,1.13389,1.13141,1.13334,3671,10,0
2018-11-21 10:00:00,1.13335,1.13379,1.13216,1.13241,5916,13,0
2018-11-21 12:00:00,1.13241,1.13382,1.1314,1.13316,9198,0,0
2018-11-21 14:00:00,1.13316,1.13425,1.13297,1.13393,7685,12,0
2018-11-21 16:00:00,1.13393,1.1346,1.13357,1.1341,8639,8,0
2018-11-21 18:00:00,1.13407,1.1345,1.13284,1.133,4525,11,0
2018-11-21 20:00:00,1.13299,1.13306,1.13217,1.13247,2647,15,0
2018-11-21 22:00:00,1.13246,1.13258,1.13198,1.13215,1796,11,0
2018-11-22 00:00:00,1.13177,1.13237,1.13168,1.13236,972,16,0
2018-11-22 02:00:00,1.13236,1.13294,1.13225,1.13284,1515,15,0
2018-11-22 04:00:00,1.13284,1.13325,1.13247,1.13247,1670,13,0
2018-11-22 06:00:00,1.13249,1.13319,1.13249,1.1327,1234,8,0
2018-11-22 08:00:00,1.1327,1.13346,1.13255,1.13331,3300,11,0
2018-11-22 10:00:00,1.13332,1.13382,1.13291,1.13315,3769,12,0
2018-11-22 12:00:00,1.13315,1.13565,1.13309,1.13512,8169,6,0
2018-11-22 14:00:00,1.13512,1.13529,1.13435,1.13505,4444,6,0
2018-11-22 16:00:00,1.13505,1.13561,1.13364,1.1347,5153,13,0
2018-11-22 18:00:00,1.13469,1.1351,1.1339,1.13472,3446,0,0
2018-11-22 20:00:00,1.13472,1.13478,1.13332,1.13393,4924,21,0
2018-11-22 22:00:00,1.13392,1.13495,1.13298,1.13333,2019,26,0
2018-11-23 00:00:00,1.13373,1.13441,1.13237,1.13405,1416,17,0
2018-11-23 02:00:00,1.13404,1.1343,1.13379,1.1339,881,10,0
2018-11-23 04:00:00,1.13392,1.13442,1.13376,1.13429,1396,14,0
2018-11-23 06:00:00,1.13429,1.13505,1.13417,1.13475,1277,12,0
2018-11-23 08:00:00,1.13475,1.13539,1.13417,1.13432,2831,12,0
2018-11-23 10:00:00,1.13432,1.13453,1.13215,1.13247,7880,10,0
2018-11-23 12:00:00,1.13247,1.13252,1.13113,1.13122,6355,9,0
2018-11-23 14:00:00,1.13122,1.13217,1.13042,1.13084,6429,9,0
2018-11-23 16:00:00,1.13084,1.13212,1.13061,1.13121,7945,9,0
2018-11-23 18:00:00,1.13122,1.13143,1.13037,1.13064,4769,10,0
2018-11-23 20:00:00,1.13063,1.13088,1.1299,1.12997,1779,14,0
2018-11-23 22:00:00,1.12998,1.1308,1.12952,1.13026,2554,6,0
2018-11-26 00:00:00,1.13005,1.1307,1.12989,1.13063,1900,19,0
2018-11-26 02:00:00,1.13067,1.13099,1.13014,1.13085,2946,8,0
2018-11-26 04:00:00,1.13085,1.13161,1.13079,1.13081,1673,13,0
2018-11-26 06:00:00,1.13084,1.13154,1.13067,1.13143,1757,14,0
2018-11-26 08:00:00,1.13143,1.13314,1.13113,1.13269,4017,11,0
2018-11-26 10:00:00,1.13267,1.13358,1.13238,1.13343,7326,9,0
2018-11-26 12:00:00,1.13342,1.13355,1.13264,1.13276,4728,9,0
2018-11-26 14:00:00,1.13276,1.13389,1.13252,1.13381,4717,10,0
2018-11-26 16:00:00,1.13381,1.13413,1.13241,1.1325,6964,11,0
2018-11-26 18:00:00,1.13248,1.13275,1.1316,1.1318,4382,7,0
2018-11-26 20:00:00,1.13179,1.132,1.13099,1.13177,2819,12,0
2018-11-26 22:00:00,1.13178,1.13211,1.13103,1.13112,2030,13,0
2018-11-27 00:00:00,1.13073,1.13149,1.13067,1.13136,1527,16,0
2018-11-27 02:00:00,1.13138,1.13153,1.13106,1.13122,1790,14,0
2018-11-27 04:00:00,1.13121,1.13193,1.13114,1.13191,1645,13,0
2018-11-27 06:00:00,1.13191,1.13196,1.1312,1.13147,1674,12,0
2018-11-27 08:00:00,1.13146,1.13242,1.13069,1.13099,7763,9,0
2018-11-27 10:00:00,1.13098,1.13197,1.13021,1.1308,7935,8,0
2018-11-27 12:00:00,1.13084,1.13167,1.13075,1.13124,6647,4,0
2018-11-27 14:00:00,1.13124,1.13124,1.13032,1.13086,6840,5,0
2018-11-27 16:00:00,1.13085,1.13142,1.12763,1.12782,10204,7,0
2018-11-27 18:00:00,1.12783,1.12845,1.12762,1.12786,7334,8,0
2018-11-27 20:00:00,1.12787,1.12799,1.12752,1.1278,5257,9,0
2018-11-27 22:00:00,1.12777,1.12819,1.1275,1.12756,3397,13,0
2018-11-28 00:00:00,1.12753,1.12829,1.12752,1.12791,1382,14,0
2018-11-28 02:00:00,1.12792,1.12851,1.12768,1.12771,2298,11,0
2018-11-28 04:00:00,1.12771,1.12861,1.12769,1.12851,2157,13,0
2018-11-28 06:00:00,1.1285,1.12891,1.12834,1.12865,1617,11,0
2018-11-28 08:00:00,1.12867,1.12895,1.12764,1.12768,3589,10,0
2018-11-28 10:00:00,1.12768,1.12775,1.12667,1.12727,6761,8,0
2018-11-28 12:00:00,1.12726,1.12743,1.1268,1.12684,5561,8,0
2018-11-28 14:00:00,1.12685,1.12775,1.12682,1.12722,6098,7,0
2018-11-28 16:00:00,1.12723,1.12852,1.12604,1.1279,9469,4,0
2018-11-28 18:00:00,1.12792,1.13085,1.12755,1.12925,13300,5,0
2018-11-28 20:00:00,1.12925,1.13162,1.12917,1.12964,10180,3,0
2018-11-28 22:00:00,1.12964,1.12979,1.12929,1.12935,2247,13,0
2018-11-29 00:00:00,1.12941,1.13006,1.12905,1.12912,1378,9,0
2018-11-29 02:00:00,1.12913,1.12924,1.12891,1.12898,1976,12,0
2018-11-29 04:00:00,1.12898,1.12958,1.12893,1.1295,2236,9,0
2018-11-29 06:00:00,1.12951,1.12983,1.12927,1.12975,2382,12,0
2018-11-29 08:00:00,1.12974,1.13078,1.12934,1.13013,4817,6,0
2018-11-29 10:00:00,1.13016,1.13081,1.12981,1.13001,7634,8,0
2018-11-29 12:00:00,1.13002,1.13185,1.12997,1.13161,5765,7,0
2018-11-29 14:00:00,1.13163,1.13327,1.1311,1.13255,8292,9,0
2018-11-29 16:00:00,1.13254,1.13433,1.13203,1.13397,11565,9,0
2018-11-29 18:00:00,1.13399,1.13477,1.13337,1.1339,7011,0,0
2018-11-29 20:00:00,1.1339,1.13479,1.13357,1.13472,6388,12,0
2018-11-29 22:00:00,1.13469,1.13476,1.13408,1.13463,3426,12,0
2018-11-30 00:00:00,1.13367,1.13485,1.1336,1.13466,1413,14,0
2018-11-30 02:00:00,1.13465,1.13496,1.13434,1.1349,1727,13,0
2018-11-30 04:00:00,1.13489,1.13539,1.13473,1.13537,1984,14,0
2018-11-30 06:00:00,1.13536,1.13564,1.1351,1.13546,1384,12,0
2018-11-30 08:00:00,1.13545,1.13559,1.13387,1.13403,3835,9,0
2018-11-30 10:00:00,1.13402,1.13413,1.13206,1.13258,6421,9,0
2018-11-30 12:00:00,1.13258,1.13503,1.13207,1.13483,6949,9,0
2018-11-30 14:00:00,1.13482,1.13483,1.13343,1.1335,6858,11,0
2018-11-30 16:00:00,1.13353,1.1345,1.1308,1.1316,11179,4,0
2018-11-30 18:00:00,1.13159,1.1319,1.12985,1.12996,7989,9,0
2018-11-30 20:00:00,1.12995,1.13115,1.12951,1.13053,4070,8,0
2018-11-30 22:00:00,1.13052,1.13108,1.12996,1.13014,2733,14,0
2018-12-03 00:00:00,1.13317,1.13339,1.13133,1.13252,1403,4,0
2018-12-03 02:00:00,1.13251,1.13251,1.1314,1.13205,1515,7,0
2018-12-03 04:00:00,1.13208,1.13275,1.132,1.13219,2172,12,0
2018-12-03 06:00:00,1.13218,1.13366,1.13217,1.13363,2461,8,0
2018-12-03 08:00:00,1.13361,1.13452,1.13302,1.13312,5408,8,0
2018-12-03 10:00:00,1.13313,1.1339,1.13215,1.1336,6755,10,0
2018-12-03 12:00:00,1.13361,1.13374,1.13062,1.13191,7299,10,0
2018-12-03 14:00:00,1.13194,1.13258,1.13039,1.13048,6892,11,0
2018-12-03 16:00:00,1.13047,1.13267,1.13046,1.13252,9391,10,0
2018-12-03 18:00:00,1.13253,1.1334,1.13247,1.13318,6054,9,0
2018-12-03 20:00:00,1.13316,1.13329,1.13263,1.13282,4399,9,0
2018-12-03 22:00:00,1.13281,1.13325,1.13246,1.13283,2779,12,0
2018-12-04 00:00:00,1.13273,1.13319,1.13263,1.13302,1571,16,0
2018-12-04 02:00:00,1.13302,1.13327,1.13281,1.13306,1905,10,0
2018-12-04 04:00:00,1.13306,1.1333,1.13277,1.13325,1835,11,0
2018-12-04 06:00:00,1.13324,1.13359,1.13288,1.13325,2426,10,0
2018-12-04 08:00:00,1.13325,1.13419,1.13321,1.13332,4416,12,0
2018-12-04 10:00:00,1.13332,1.13456,1.13315,1.13348,8740,6,0
2018-12-04 12:00:00,1.13349,1.13446,1.13327,1.13368,6075,8,0
2018-12-04 14:00:00,1.13368,1.1348,1.13358,1.13422,7532,8,0
2018-12-04 16:00:00,1.13423,1.13451,1.13183,1.13186,11154,7,0
2018-12-04 18:00:00,1.13188,1.13245,1.13073,1.1318,10119,8,0
2018-12-04 20:00:00,1.13179,1.13186,1.13052,1.13122,6951,8,0
2018-12-04 22:00:00,1.13122,1.13171,1.13114,1.13124,2511,13,0
2018-12-05 00:00:00,1.13156,1.13173,1.13044,1.13126,1551,15,0
2018-12-05 02:00:00,1.13126,1.1323,1.13122,1.13216,2347,11,0
2018-12-05 04:00:00,1.13217,1.13223,1.13161,1.13199,1907,7,0
2018-12-05 06:00:00,1.13199,1.13219,1.13155,1.13203,2641,12,0
2018-12-05 08:00:00,1.13203,1.13262,1.13174,1.13248,4172,8,0
2018-12-05 10:00:00,1.13247,1.13289,1.13173,1.13179,4836,6,0
2018-12-05 12:00:00,1.13177,1.13289,1.13147,1.13286,4675,8,0
2018-12-05 14:00:00,1.13286,1.13308,1.13237,1.13277,4569,12,0
2018-12-05 16:00:00,1.13274,1.13292,1.13123,1.13215,8029,5,0
2018-12-05 18:00:00,1.13216,1.13299,1.13181,1.13218,4562,4,0
2018-12-05 20:00:00,1.13221,1.13235,1.13146,1.13155,2475,16,0
2018-12-05 22:00:00,1.13155,1.13191,1.13147,1.13153,1682,18,0
2018-12-06 00:00:00,1.13136,1.13209,1.1311,1.1313,1642,4,0
2018-12-06 02:00:00,1.1313,1.13163,1.13062,1.13081,2097,10,0
2018-12-06 04:00:00,1.1308,1.13104,1.13012,1.13047,2207,9,0
2018-12-06 06:00:00,1.13049,1.13058,1.12989,1.13016,2259,7,0
2018-12-06 08:00:00,1.13014,1.13113,1.12991,1.1309,4700,8,0
2018-12-06 10:00:00,1.13091,1.13157,1.13043,1.13064,7687,7,0
2018-12-06 12:00:00,1.13065,1.13125,1.13038,1.13069,6502,10,0
2018-12-06 14:00:00,1.1307,1.131,1.13023,1.13029,8607,6,0
2018-12-06 16:00:00,1.13029,1.13107,1.12878,1.12892,17060,0,0
2018-12-06 18:00:00,1.12892,1.1303,1.12802,1.12986,10689,9,0
2018-12-06 20:00:00,1.12986,1.13009,1.12931,1.12949,6341,10,0
2018-12-06 22:00:00,1.1295,1.13045,1.12932,1.12961,3939,11,0
2018-12-07 00:00:00,1.12941,1.12998,1.12834,1.12983,832,15,0
2018-12-07 02:00:00,1.12984,1.12989,1.12893,1.12894,1604,10,0
2018-12-07 04:00:00,1.12894,1.12926,1.12878,1.12905,1549,12,0
2018-12-07 06:00:00,1.12906,1.12923,1.12831,1.12839,1487,13,0
2018-12-07 08:00:00,1.12839,1.12916,1.12832,1.12905,3228,10,0
2018-12-07 10:00:00,1.12905,1.13001,1.12864,1.12958,6865,5,0
2018-12-07 12:00:00,1.12957,1.13021,1.12923,1.12954,5725,8,0
2018-12-07 14:00:00,1.12953,1.13092,1.12889,1.13052,11011,7,0
2018-12-07 16:00:00,1.13051,1.13069,1.12884,1.12973,14820,7,0
2018-12-07 18:00:00,1.12974,1.13005,1.12905,1.12982,9680,3,0
2018-12-07 20:00:00,1.12982,1.13028,1.12891,1.12991,6234,8,0
2018-12-07 22:00:00,1.1299,1.1299,1.12792,1.12792,3155,10,0
2018-12-10 00:00:00,1.12829,1.12908,1.12803,1.12841,1879,10,0
2018-12-10 02:00:00,1.12839,1.13011,1.12823,1.12962,2916,3,0
2018-12-10 04:00:00,1.12962,1.12968,1.1289,1.12915,2113,12,0
2018-12-10 06:00:00,1.12915,1.1297,1.12892,1.12941,2230,12,0
2018-12-10 08:00:00,1.1294,1.13076,1.12919,1.12962,4901,10,0
2018-12-10 10:00:00,1.1296,1.13051,1.12869,1.12928,6352,8,0
2018-12-10 12:00:00,1.12929,1.12958,1.12833,1.12857,6474,7,0
2018-12-10 14:00:00,1.12857,1.12981,1.12842,1.12887,8151,0,0
2018-12-10 16:00:00,1.12886,1.12913,1.12491,1.12543,13458,6,0
2018-12-10 18:00:00,1.12546,1.12581,1.12412,1.12455,11126,0,0
2018-12-10 20:00:00,1.12455,1.12501,1.12355,1.1236,5319,9,0
2018-12-10 22:00:00,1.12358,1.12439,1.12355,1.12437,2212,12,0
2018-12-11 00:00:00,1.12432,1.12454,1.12347,1.12368,1807,6,0
2018-12-11 02:00:00,1.12367,1.12408,1.12347,1.12355,2455,6,0
2018-12-11 04:00:00,1.12356,1.12424,1.12356,1.12405,1728,11,0
2018-12-11 06:00:00,1.12404,1.12421,1.1238,1.12397,1734,10,0
2018-12-11 08:00:00,1.12398,1.12492,1.12348,1.12451,3947,10,0
2018-12-11 10:00:00,1.12451,1.12466,1.12264,1.12313,6321,8,0
2018-12-11 12:00:00,1.12313,1.12581,1.12313,1.12496,6259,3,0
2018-12-11 14:00:00,1.12499,1.12544,1.12447,1.12477,8205,8,0
2018-12-11 16:00:00,1.12478,1.12491,1.12244,1.12322,13979,1,0
2018-12-11 18:00:00,1.12321,1.12428,1.12294,1.12412,9628,9,0
2018-12-11 20:00:00,1.12412,1.12464,1.1238,1.12437,5038,7,0
2018-12-11 22:00:00,1.12435,1.12446,1.12387,1.12399,2979,9,0
2018-12-12 00:00:00,1.12383,1.12463,1.12348,1.12439,1481,15,0
2018-12-12 02:00:00,1.12439,1.12501,1.12426,1.12453,2000,8,0
2018-12-12 04:00:00,1.12453,1.12476,1.12429,1.12443,1893,11,0
2018-12-12 06:00:00,1.12444,1.12457,1.12414,1.12432,1847,12,0
2018-12-12 08:00:00,1.12431,1.12561,1.12424,1.125,4853,10,0
2018-12-12 10:00:00,1.12499,1.12589,1.1234,1.12569,7280,7,0
2018-12-12 12:00:00,1.12569,1.12842,1.12536,1.12812,4793,7,0
2018-12-12 14:00:00,1.12812,1.12966,1.12752,1.12922,12316,0,0
2018-12-12 16:00:00,1.12923,1.12928,1.12742,1.1277,13680,3,0
2018-12-12 18:00:00,1.12768,1.12852,1.12695,1.12849,8497,9,0
2018-12-12 20:00:00,1.1285,1.12892,1.12782,1.12836,5059,7,0
2018-12-12 22:00:00,1.12837,1.1294,1.12829,1.12933,4142,11,0
2018-12-13 00:00:00,1.12922,1.12954,1.12692,1.12903,2104,13,0
2018-12-13 02:00:00,1.12903,1.12961,1.12887,1.12939,1916,11,0
2018-12-13 04:00:00,1.1294,1.12997,1.1294,1.12979,2028,13,0
2018-12-13 06:00:00,1.1298,1.1298,1.12937,1.12953,1596,12,0
2018-12-13 08:00:00,1.12953,1.13014,1.12903,1.12913,3823,10,0
2018-12-13 10:00:00,1.12913,1.12967,1.1281,1.12869,6143,6,0
2018-12-13 12:00:00,1.1287,1.12897,1.12798,1.12845,4722,8,0
2018-12-13 14:00:00,1.12846,1.12918,1.12687,1.12728,9805,0,0
2018-12-13 16:00:00,1.12729,1.12839,1.12653,1.1274,14201,8,0
2018-12-13 18:00:00,1.12739,1.12906,1.12729,1.12869,7448,0,0
2018-12-13 20:00:00,1.1287,1.12934,1.12852,1.129,3874,12,0
2018-12-13 22:00:00,1.12899,1.12935,1.12868,1.12873,2392,13,0
2018-12-14 00:00:00,1.12874,1.12921,1.12748,1.12908,1415,15,0
2018-12-14 02:00:00,1.12908,1.1292,1.12865,1.12892,1964,7,0
2018-12-14 04:00:00,1.1289,1.12918,1.1285,1.12913,1608,13,0
2018-12-14 06:00:00,1.12914,1.1294,1.12905,1.12925,1448,12,0
2018-12-14 08:00:00,1.12925,1.12931,1.12814,1.1286,3645,9,0
2018-12-14 10:00:00,1.1286,1.12917,1.12407,1.12606,9757,0,0
2018-12-14 12:00:00,1.12605,1.1263,1.12505,1.12573,6443,12,0
2018-12-14 14:00:00,1.12573,1.12602,1.12421,1.12448,6269,5,0
2018-12-14 16:00:00,1.12446,1.12711,1.12435,1.12572,9917,5,0
2018-12-14 18:00:00,1.12572,1.12706,1.12513,1.12667,5835,4,0
2018-12-14 20:00:00,1.12668,1.12789,1.12658,1.12779,3052,12,0
2018-12-14 22:00:00,1.12778,1.12908,1.12739,1.12818,2711,13,0
2018-12-17 00:00:00,1.12567,1.12868,1.12565,1.1279,6990,12,0
2018-12-17 02:00:00,1.12789,1.12857,1.12786,1.12792,2519,13,0
2018-12-17 04:00:00,1.12792,1.12871,1.12792,1.12838,1924,11,0
2018-12-17 06:00:00,1.12837,1.12874,1.12825,1.12825,1713,12,0
2018-12-17 08:00:00,1.12825,1.12886,1.12805,1.12874,3362,10,0
2018-12-17 10:00:00,1.12871,1.12908,1.12793,1.12816,5912,5,0
2018-12-17 12:00:00,1.12815,1.12891,1.12746,1.12789,4713,9,0
2018-12-17 14:00:00,1.1279,1.12808,1.125,1.12583,8218,5,0
2018-12-17 16:00:00,1.12584,1.12726,1.12476,1.12711,8823,10,0
2018-12-17 18:00:00,1.12711,1.12719,1.12597,1.1265,6200,9,0
2018-12-17 20:00:00,1.12653,1.12722,1.12643,1.12653,4608,10,0
2018-12-17 22:00:00,1.12653,1.12709,1.12588,1.12691,2508,12,0
2018-12-18 00:00:00,1.12654,1.12714,1.12476,1.12663,2259,0,0
2018-12-18 02:00:00,1.12665,1.1272,1.1262,1.12697,2356,10,0
2018-12-18 04:00:00,1.12696,1.12717,1.12625,1.12654,2436,10,0
2018-12-18 06:00:00,1.12654,1.12667,1.126,1.12611,2012,11,0
2018-12-18 08:00:00,1.12613,1.1271,1.12611,1.12698,3768,7,0
2018-12-18 10:00:00,1.127,1.12843,1.12673,1.12792,8391,4,0
2018-12-18 12:00:00,1.12791,1.12965,1.12781,1.12881,5825,7,0
2018-12-18 14:00:00,1.12882,1.12915,1.12696,1.12696,6356,6,0
2018-12-18 16:00:00,1.12695,1.12859,1.12674,1.12825,8186,9,0
2018-12-18 18:00:00,1.12826,1.12874,1.12796,1.12837,7171,6,0
2018-12-18 20:00:00,1.12837,1.12869,1.12707,1.12727,5363,11,0
2018-12-18 22:00:00,1.12725,1.12849,1.12723,1.12793,3365,10,0
2018-12-19 00:00:00,1.12725,1.12894,1.1271,1.12889,1455,12,0
2018-12-19 02:00:00,1.12887,1.12948,1.12871,1.12926,2979,10,0
2018-12-19 04:00:00,1.12925,1.12943,1.12882,1.12933,2986,13,0
2018-12-19 06:00:00,1.12932,1.1298,1.12923,1.12976,1923,11,0
2018-12-19 08:00:00,1.12976,1.13104,1.1295,1.13055,4470,2,0
2018-12-19 10:00:00,1.13055,1.1311,1.13002,1.1309,5532,9,0
2018-12-19 12:00:00,1.1309,1.13308,1.13078,1.13302,5443,8,0
2018-12-19 14:00:00,1.13302,1.13333,1.13179,1.13202,5868,11,0
2018-12-19 16:00:00,1.13201,1.13438,1.132,1.134,9346,1,0
2018-12-19 18:00:00,1.134,1.13402,1.13266,1.1333,6635,6,0
2018-12-19 20:00:00,1.13329,1.13344,1.1302,1.1306,13123,7,0
2018-12-19 22:00:00,1.13059,1.13203,1.12978,1.13147,7918,4,0
2018-12-20 00:00:00,1.13126,1.13258,1.12963,1.13174,2150,4,0
2018-12-20 02:00:00,1.13174,1.13268,1.13146,1.13229,2347,11,0
2018-12-20 04:00:00,1.13228,1.13242,1.13198,1.13215,2707,13,0
2018-12-20 06:00:00,1.13218,1.13292,1.13193,1.13197,2955,11,0
2018-12-20 08:00:00,1.13196,1.13429,1.13116,1.13231,6531,9,0
2018-12-20 10:00:00,1.13232,1.13484,1.13231,1.13341,10510,11,0
2018-12-20 12:00:00,1.13341,1.13349,1.1322,1.13275,7818,11,0
2018-12-20 14:00:00,1.13274,1.1337,1.13248,1.1331,7516,11,0
2018-12-20 16:00:00,1.13311,1.13421,1.13302,1.13404,11662,11,0
2018-12-20 18:00:00,1.13404,1.13443,1.13296,1.13332,10781,11,0
2018-12-20 20:00:00,1.1333,1.13335,1.12977,1.13197,7684,11,0
2018-12-20 22:00:00,1.13197,1.13199,1.13034,1.1306,4930,12,0
2018-12-21 00:00:00,1.13058,1.13096,1.12999,1.13075,3058,19,0
2018-12-21 02:00:00,1.13076,1.13098,1.12967,1.12983,2337,11,0
2018-12-21 04:00:00,1.12985,1.13019,1.12966,1.12998,2898,11,0
2018-12-21 06:00:00,1.13,1.1305,1.12972,1.13003,3371,12,0
2018-12-21 08:00:00,1.13006,1.13186,1.12999,1.13155,3781,11,0
2018-12-21 10:00:00,1.13155,1.13235,1.12901,1.13105,8762,11,0
2018-12-21 12:00:00,1.13106,1.13168,1.13016,1.13054,7309,11,0
2018-12-21 14:00:00,1.13054,1.13189,1.12975,1.13136,8897,11,0
2018-12-21 16:00:00,1.1314,1.13215,1.12979,1.13077,14641,11,0
2018-12-21 18:00:00,1.13077,1.13134,1.12975,1.13032,12060,11,0
2018-12-21 20:00:00,1.13032,1.13144,1.12904,1.13114,6161,11,0
2018-12-21 22:00:00,1.13115,1.13146,1.13009,1.13124,3348,11,0
2018-12-24 00:00:00,1.1308,1.1308,1.12925,1.13011,898,13,0
2018-12-24 02:00:00,1.1301,1.13091,1.12987,1.13067,1632,14,0
2018-12-24 04:00:00,1.13066,1.13137,1.13051,1.13119,1842,12,0
2018-12-24 06:00:00,1.13118,1.13156,1.13104,1.13123,1613,12,0
2018-12-24 08:00:00,1.13122,1.13159,1.13085,1.13114,2445,12,0
2018-12-24 10:00:00,1.13114,1.13427,1.13105,1.13371,4938,11,0
2018-12-24 12:00:00,1.1337,1.13439,1.13084,1.13097,3557,11,0
2018-12-24 14:00:00,1.13092,1.13159,1.12977,1.12977,5611,11,0
2018-12-24 16:00:00,1.12976,1.13045,1.12714,1.129,13135,11,0
2018-12-24 18:00:00,1.12902,1.12903,1.12878,1.12879,194,15,0
2018-12-26 00:00:00,1.12483,1.12608,1.12394,1.12579,2167,20,0
2018-12-26 02:00:00,1.12581,1.12723,1.12559,1.12606,1395,17,0
2018-12-26 04:00:00,1.12605,1.12644,1.12508,1.12517,1052,17,0
2018-12-26 06:00:00,1.12518,1.12538,1.12462,1.12482,804,17,0
2018-12-26 08:00:00,1.12483,1.1254,1.12461,1.12472,1024,18,0
2018-12-26 10:00:00,1.12473,1.12681,1.12445,1.12613,1550,17,0
2018-12-26 12:00:00,1.12615,1.12754,1.12607,1.12754,943,19,0
2018-12-26 14:00:00,1.12751,1.12878,1.12694,1.12869,1745,17,0
2018-12-26 16:00:00,1.12869,1.13065,1.12831,1.12876,2718,17,0
2018-12-26 18:00:00,1.12878,1.13075,1.12838,1.12906,2770,17,0
2018-12-26 20:00:00,1.12906,1.12976,1.12843,1.12941,2883,19,0
2018-12-26 22:00:00,1.1294,1.13062,1.1294,1.12977,2679,18,0
2018-12-27 00:00:00,1.1297,1.13042,1.12933,1.12966,1948,20,0
2018-12-27 02:00:00,1.12964,1.12985,1.12851,1.12862,2486,17,0
2018-12-27 04:00:00,1.12861,1.12976,1.12854,1.1295,2010,17,0
2018-12-27 06:00:00,1.1295,1.13056,1.12934,1.1302,1713,17,0
2018-12-27 08:00:00,1.13019,1.13021,1.12882,1.12961,3094,17,0
2018-12-27 10:00:00,1.12962,1.13114,1.1294,1.12961,3861,17,0
2018-12-27 12:00:00,1.12965,1.12977,1.12842,1.12925,4016,17,0
2018-12-27 14:00:00,1.12925,1.12995,1.12586,1.12587,6702,8,0
2018-12-27 16:00:00,1.12593,1.13085,1.12403,1.12831,14569,5,0
2018-12-27 18:00:00,1.12832,1.13116,1.12798,1.12974,9806,5,0
2018-12-27 20:00:00,1.12974,1.1302,1.12838,1.12907,8052,5,0
2018-12-27 22:00:00,1.12907,1.13031,1.12891,1.12892,5900,1,0
2018-12-28 00:00:00,1.12894,1.12967,1.12845,1.12849,3117,2,0
2018-12-28 02:00:00,1.12848,1.12881,1.12775,1.1278,2973,0,0
2018-12-28 04:00:00,1.12781,1.12915,1.12766,1.12809,2622,2,0
2018-12-28 06:00:00,1.12809,1.12882,1.12797,1.1286,2070,8,0
2018-12-28 08:00:00,1.12859,1.12861,1.12768,1.1281,4144,8,0
2018-12-28 10:00:00,1.1281,1.12979,1.12675,1.12722,6755,4,0
2018-12-28 12:00:00,1.12723,1.12772,1.12463,1.12478,6555,1,0
2018-12-28 14:00:00,1.12477,1.12489,1.12146,1.12249,8291,5,0
2018-12-28 16:00:00,1.12249,1.12553,1.1222,1.12553,12559,2,0
2018-12-28 18:00:00,1.12554,1.12671,1.12511,1.12635,9590,2,0
2018-12-28 20:00:00,1.12636,1.12791,1.12631,1.12781,4429,8,0
2018-12-28 22:00:00,1.12781,1.12791,1.12558,1.12593,5245,0,0
2018-12-31 00:00:00,1.1256,1.12621,1.12491,1.12538,2370,1,0
2018-12-31 02:00:00,1.12538,1.1261,1.12536,1.12602,2027,7,0
2018-12-31 04:00:00,1.12602,1.12648,1.12569,1.1264,1667,12,0
2018-12-31 06:00:00,1.12641,1.12645,1.12564,1.12622,1495,9,0
2018-12-31 08:00:00,1.12622,1.12864,1.12543,1.12805,3745,3,0
2018-12-31 10:00:00,1.12805,1.12832,1.12438,1.12654,5394,0,0
2018-12-31 12:00:00,1.12655,1.12748,1.12565,1.12653,5236,4,0
2018-12-31 14:00:00,1.12652,1.12734,1.12628,1.12632,5874,7,0
2018-12-31 16:00:00,1.12633,1.12854,1.12591,1.12678,11965,0,0
2018-12-31 18:00:00,1.12677,1.12694,1.12525,1.12547,9758,1,0
2019-01-02 00:00:00,1.12487,1.12623,1.12444,1.12557,846,5,0
2019-01-02 02:00:00,1.12556,1.12686,1.12536,1.12625,1770,10,0
2019-01-02 04:00:00,1.12625,1.12663,1.12555,1.12576,2242,9,0
2019-01-02 06:00:00,1.12576,1.12688,1.12552,1.12668,2463,10,0
2019-01-02 08:00:00,1.12667,1.12703,1.12601,1.12618,5183,4,0
2019-01-02 10:00:00,1.1262,1.12638,1.12258,1.12476,9526,0,0
2019-01-02 12:00:00,1.12476,1.12616,1.12417,1.1256,5708,6,0
2019-01-02 14:00:00,1.12559,1.12576,1.12303,1.1239,9401,0,0
2019-01-02 16:00:00,1.12389,1.12455,1.12201,1.12216,13872,0,0
2019-01-02 18:00:00,1.12218,1.12303,1.1217,1.12245,8099,0,0
2019-01-02 20:00:00,1.12246,1.12423,1.12187,1.12337,6330,4,0
2019-01-02 22:00:00,1.12337,1.12372,1.12262,1.12286,3930,9,0
2019-01-03 00:00:00,1.12286,1.12323,1.11831,1.11893,4888,0,0
2019-01-03 02:00:00,1.1189,1.12124,1.11878,1.1205,3495,6,0
2019-01-03 04:00:00,1.12051,1.12214,1.12047,1.12147,3043,6,0
2019-01-03 06:00:00,1.12147,1.12149,1.11991,1.12041,2912,6,0
2019-01-03 08:00:00,1.12042,1.122,1.11934,1.12191,5902,7,0
2019-01-03 10:00:00,1.12191,1.1231,1.12143,1.12207,9326,7,0
2019-01-03 12:00:00,1.12207,1.12377,1.12173,1.12223,7175,0,0
2019-01-03 14:00:00,1.12224,1.12342,1.12156,1.12329,7851,2,0
2019-01-03 16:00:00,1.1233,1.1273,1.12299,1.12712,17400,0,0
2019-01-03 18:00:00,1.1271,1.12757,1.12646,1.12684,13990,2,0
2019-01-03 20:00:00,1.12685,1.12778,1.12595,1.12599,7369,3,0
2019-01-03 22:00:00,1.12599,1.12659,1.12387,1.12396,4622,6,0
2019-01-04 00:00:00,1.12394,1.125,1.1235,1.12451,2548,0,0
2019-01-04 02:00:00,1.12451,1.12505,1.124,1.12468,2776,6,0
2019-01-04 04:00:00,1.12467,1.12527,1.12421,1.12497,2243,8,0
2019-01-04 06:00:00,1.12496,1.12549,1.12429,1.1243,1828,7,0
2019-01-04 08:00:00,1.1243,1.12572,1.12382,1.12531,3723,9,0
2019-01-04 10:00:00,1.12532,1.12574,1.12439,1.12548,6391,8,0
2019-01-04 12:00:00,1.1255,1.12689,1.12536,1.12651,5295,6,0
2019-01-04 14:00:00,1.12657,1.12666,1.12464,1.1247,8195,7,0
2019-01-04 16:00:00,1.12471,1.12591,1.12301,1.12476,16936,0,0
2019-01-04 18:00:00,1.12474,1.12555,1.12374,1.1245,10480,0,0
2019-01-04 20:00:00,1.1245,1.12525,1.1238,1.12441,6436,10,0
2019-01-04 22:00:00,1.1244,1.12493,1.12386,1.12386,2981,8,0
2019-01-07 00:00:00,1.1248,1.12595,1.12305,1.12475,1997,5,0
2019-01-07 02:00:00,1.12474,1.1248,1.12388,1.1242,2840,9,0
2019-01-07 04:00:00,1.12421,1.12435,1.12391,1.12423,2190,7,0
2019-01-07 06:00:00,1.12422,1.12491,1.12404,1.12444,2265,10,0
2019-01-07 08:00:00,1.12444,1.12535,1.12336,1.12531,4362,3,0
2019-01-07 10:00:00,1.12532,1.12539,1.12392,1.12402,5819,3,0
2019-01-07 12:00:00,1.12403,1.12442,1.12315,1.12327,3864,7,0
2019-01-07 14:00:00,1.12327,1.12353,1.1225,1.12313,6134,7,0
2019-01-07 16:00:00,1.12314,1.1254,1.12239,1.12507,11821,7,0
2019-01-07 18:00:00,1.12507,1.12564,1.12359,1.1246,7991,2,0
2019-01-07 20:00:00,1.12459,1.12545,1.12427,1.12441,4580,9,0
2019-01-07 22:00:00,1.12441,1.12455,1.12373,1.12395,2113,9,0
2019-01-08 00:00:00,1.12395,1.12467,1.12363,1.1241,2520,12,0
2019-01-08 02:00:00,1.12411,1.12453,1.12268,1.12288,3143,8,0
2019-01-08 04:00:00,1.12288,1.12343,1.12254,1.1232,2772,8,0
2019-01-08 06:00:00,1.1232,1.12354,1.12255,1.12278,2364,11,0
2019-01-08 08:00:00,1.12278,1.12304,1.1219,1.12241,4733,5,0
2019-01-08 10:00:00,1.1224,1.12342,1.12197,1.12251,5233,8,0
2019-01-08 12:00:00,1.12251,1.12331,1.12209,1.12291,5125,5,0
2019-01-08 14:00:00,1.12291,1.12371,1.12219,1.12289,7283,6,0
2019-01-08 16:00:00,1.12287,1.1235,1.12213,1.12266,9299,6,0
2019-01-08 18:00:00,1.12265,1.12337,1.12205,1.12333,6649,6,0
2019-01-08 20:00:00,1.12333,1.12353,1.12243,1.12266,4138,9,0
2019-01-08 22:00:00,1.12266,1.12307,1.12238,1.1225,2254,10,0
2019-01-09 00:00:00,1.1225,1.12371,1.12233,1.12359,1349,13,0
2019-01-09 02:00:00,1.12357,1.12391,1.12322,1.12391,2557,9,0
2019-01-09 04:00:00,1.1239,1.12467,1.12361,1.12448,2556,9,0
2019-01-09 06:00:00,1.12447,1.1248,1.1242,1.12442,2642,10,0
2019-01-09 08:00:00,1.12442,1.12471,1.12413,1.12462,4573,7,0
2019-01-09 10:00:00,1.12463,1.12476,1.1227,1.12283,7410,9,0
2019-01-09 12:00:00,1.12283,1.12359,1.12242,1.12333,5779,4,0
2019-01-09 14:00:00,1.12332,1.12358,1.12091,1.12125,7461,3,0
2019-01-09 16:00:00,1.12125,1.12482,1.12097,1.12439,17570,0,0
2019-01-09 18:00:00,1.12441,1.12649,1.12416,1.1253,10268,4,0
2019-01-09 20:00:00,1.1253,1.12576,1.12466,1.12558,9544,0,0
2019-01-09 22:00:00,1.1256,1.12587,1.12423,1.12453,4629,8,0
2019-01-10 00:00:00,1.12453,1.12567,1.12413,1.12469,2968,8,0
2019-01-10 02:00:00,1.12464,1.1253,1.12375,1.12388,4483,3,0
2019-01-10 04:00:00,1.12389,1.1248,1.12374,1.12407,2395,8,0
2019-01-10 06:00:00,1.12409,1.1245,1.1238,1.12444,2073,9,0
2019-01-10 08:00:00,1.12443,1.12548,1.12372,1.12539,5341,8,0
2019-01-10 10:00:00,1.12539,1.12562,1.1245,1.12472,10086,7,0
2019-01-10 12:00:00,1.12472,1.12677,1.12453,1.12676,6828,4,0
2019-01-10 14:00:00,1.12676,1.12857,1.12627,1.12848,8160,7,0
2019-01-10 16:00:00,1.12848,1.13009,1.12788,1.1294,11122,0,0
2019-01-10 18:00:00,1.1294,1.13092,1.12919,1.13083,9668,2,0
2019-01-10 20:00:00,1.13084,1.13172,1.13025,1.1316,8178,7,0
2019-01-10 22:00:00,1.13159,1.13238,1.13156,1.13188,2759,8,0
2019-01-11 00:00:00,1.13168,1.13237,1.13125,1.1323,3551,11,0
2019-01-11 02:00:00,1.13231,1.13313,1.13199,1.13289,2534,8,0
2019-01-11 04:00:00,1.13289,1.13347,1.13277,1.13325,2319,10,0
2019-01-11 06:00:00,1.13324,1.13328,1.13259,1.13282,2264,9,0
2019-01-11 08:00:00,1.13283,1.13337,1.13182,1.13222,3796,8,0
2019-01-11 10:00:00,1.13222,1.13287,1.13082,1.13207,7848,1,0
2019-01-11 12:00:00,1.13206,1.13395,1.13192,1.13343,9001,3,0
2019-01-11 14:00:00,1.13344,1.13382,1.13162,1.1319,7432,8,0
2019-01-11 16:00:00,1.1319,1.13191,1.12777,1.12791,16079,0,0
2019-01-11 18:00:00,1.12791,1.12867,1.12719,1.12859,6685,8,0
2019-01-11 20:00:00,1.12858,1.12894,1.12823,1.12863,3616,9,0
2019-01-11 22:00:00,1.12862,1.12865,1.12752,1.12828,3134,10,0
2019-01-14 00:00:00,1.1285,1.12881,1.12736,1.1276,1900,12,0
2019-01-14 02:00:00,1.1276,1.12842,1.12758,1.12795,1699,11,0
2019-01-14 04:00:00,1.12794,1.12804,1.12746,1.1278,2406,12,0
2019-01-14 06:00:00,1.12781,1.12864,1.12771,1.12856,2014,11,0
2019-01-14 08:00:00,1.12856,1.1287,1.12742,1.12827,4270,4,0
2019-01-14 10:00:00,1.12826,1.12843,1.12625,1.12625,5983,8,0
2019-01-14 12:00:00,1.12624,1.12663,1.12518,1.12586,7671,0,0
2019-01-14 14:00:00,1.12585,1.12606,1.1254,1.12565,8092,8,0
2019-01-14 16:00:00,1.12565,1.12577,1.12459,1.12485,8650,4,0
2019-01-14 18:00:00,1.12484,1.12566,1.12459,1.12489,5638,6,0
2019-01-14 20:00:00,1.12488,1.12603,1.12472,1.12517,2900,6,0
2019-01-14 22:00:00,1.12516,1.12532,1.12448,1.12481,2121,9,0
2019-01-15 00:00:00,1.1247,1.12575,1.12448,1.12547,3354,13,0
2019-01-15 02:00:00,1.12547,1.12633,1.1253,1.12586,3126,8,0
2019-01-15 04:00:00,1.12585,1.12648,1.12582,1.12624,1871,7,0
2019-01-15 06:00:00,1.12624,1.12642,1.12587,1.12642,1848,7,0
2019-01-15 08:00:00,1.12641,1.12642,1.1257,1.12584,3617,9,0
2019-01-15 10:00:00,1.12583,1.12717,1.12513,1.12606,9298,0,0
2019-01-15 12:00:00,1.12606,1.12784,1.12604,1.12724,8191,6,0
2019-01-15 14:00:00,1.12724,1.12748,1.12599,1.12644,9638,6,0
2019-01-15 16:00:00,1.12644,1.12892,1.12625,1.12783,9878,4,0
2019-01-15 18:00:00,1.12783,1.12801,1.12546,1.12584,10777,0,0
2019-01-15 20:00:00,1.12585,1.12682,1.12557,1.12651,6992,4,0
2019-01-15 22:00:00,1.1265,1.1274,1.12645,1.12733,5116,4,0
2019-01-16 00:00:00,1.12732,1.12752,1.12663,1.12686,1256,7,0
2019-01-16 02:00:00,1.12687,1.12697,1.12604,1.12612,1892,7,0
2019-01-16 04:00:00,1.12614,1.12661,1.12592,1.12652,1145,12,0
2019-01-16 06:00:00,1.12653,1.12791,1.12653,1.12781,1616,10,0
2019-01-16 08:00:00,1.1278,1.12788,1.12663,1.12682,4056,10,0
2019-01-16 10:00:00,1.12683,1.12844,1.12683,1.12759,7641,7,0
2019-01-16 12:00:00,1.1276,1.12766,1.12639,1.12672,5834,4,0
2019-01-16 14:00:00,1.12672,1.12754,1.12652,1.12676,7150,7,0
2019-01-16 16:00:00,1.12674,1.12942,1.12674,1.12849,9551,0,0
2019-01-16 18:00:00,1.12847,1.12928,1.12798,1.12823,5671,5,0
2019-01-16 20:00:00,1.12823,1.12959,1.12817,1.12905,3706,1,0
2019-01-16 22:00:00,1.12905,1.12906,1.12796,1.1284,3226,6,0
2019-01-17 00:00:00,1.1284,1.12871,1.12773,1.12855,2553,6,0
2019-01-17 02:00:00,1.12855,1.12894,1.12824,1.12874,2225,8,0
2019-01-17 04:00:00,1.12876,1.12925,1.12866,1.12896,1922,9,0
2019-01-17 06:00:00,1.12897,1.1293,1.12854,1.12902,1954,8,0
2019-01-17 08:00:00,1.12902,1.12942,1.12808,1.12876,4386,0,0
2019-01-17 10:00:00,1.12876,1.13133,1.12872,1.13042,6604,6,0
2019-01-17 12:00:00,1.13042,1.13148,1.13013,1.13123,6117,5,0
2019-01-17 14:00:00,1.13122,1.13151,1.13061,1.13117,6940,5,0
2019-01-17 16:00:00,1.13118,1.13309,1.13102,1.13156,10292,7,0
2019-01-17 18:00:00,1.13157,1.13252,1.13128,1.13185,6148,0,0
2019-01-17 20:00:00,1.13184,1.1325,1.13107,1.13167,5462,5,0
2019-01-17 22:00:00,1.13167,1.13219,1.13145,1.13193,3689,6,0
2019-01-18 00:00:00,1.13192,1.13235,1.13117,1.13224,958,8,0
2019-01-18 02:00:00,1.13222,1.13266,1.13198,1.13245,2402,11,0
2019-01-18 04:00:00,1.13245,1.13263,1.13213,1.13223,2193,10,0
2019-01-18 06:00:00,1.13225,1.13234,1.13199,1.13226,1421,13,0
2019-01-18 08:00:00,1.13226,1.13293,1.13208,1.13242,3506,8,0
2019-01-18 10:00:00,1.13242,1.13359,1.13232,1.13296,6097,7,0
2019-01-18 12:00:00,1.13296,1.13372,1.13278,1.13316,5908,6,0
2019-01-18 14:00:00,1.13315,1.13352,1.13292,1.13299,5355,9,0
2019-01-18 16:00:00,1.13302,1.1332,1.13003,1.13139,12245,0,0
2019-01-18 18:00:00,1.13138,1.13145,1.13048,1.13081,6454,7,0
2019-01-18 20:00:00,1.13081,1.13166,1.13069,1.13145,3636,9,0
2019-01-18 22:00:00,1.13146,1.13155,1.13055,1.13055,2045,6,0
2019-01-21 00:00:00,1.12993,1.13154,1.12993,1.13129,1421,8,0
2019-01-21 02:00:00,1.1313,1.13212,1.13105,1.1321,2742,11,0
2019-01-21 04:00:00,1.13211,1.1326,1.13167,1.13167,2290,10,0
2019-01-21 06:00:00,1.13168,1.13241,1.13161,1.13237,1550,12,0
2019-01-21 08:00:00,1.13238,1.13317,1.13227,1.13277,3259,9,0
2019-01-21 10:00:00,1.13278,1.13441,1.13205,1.13427,5516,3,0
2019-01-21 12:00:00,1.13425,1.13438,1.13357,1.13415,3467,6,0
2019-01-21 14:00:00,1.13416,1.13465,1.13391,1.13394,4719,7,0
2019-01-21 16:00:00,1.13394,1.134,1.13308,1.13359,5083,7,0
2019-01-21 18:00:00,1.13359,1.13427,1.13334,1.1339,3216,5,0
2019-01-21 20:00:00,1.13387,1.13422,1.13346,1.13408,1840,6,0
2019-01-21 22:00:00,1.13405,1.1341,1.13313,1.13316,1730,8,0
2019-01-22 00:00:00,1.13316,1.13423,1.13316,1.13392,2183,7,0
2019-01-22 02:00:00,1.13393,1.13427,1.13378,1.13418,1578,9,0
2019-01-22 04:00:00,1.13418,1.13429,1.13376,1.13387,1940,12,0
2019-01-22 06:00:00,1.13387,1.13394,1.13287,1.13319,2120,9,0
2019-01-22 08:00:00,1.1332,1.13324,1.13196,1.13219,3614,1,0
2019-01-22 10:00:00,1.13219,1.13324,1.13202,1.13247,6456,9,0
2019-01-22 12:00:00,1.13247,1.13294,1.13164,1.13169,3924,7,0
2019-01-22 14:00:00,1.13168,1.13327,1.13166,1.13234,6283,8,0
2019-01-22 16:00:00,1.13234,1.13359,1.13183,1.1328,9232,7,0
2019-01-22 18:00:00,1.13281,1.13342,1.13252,1.13327,4820,8,0
2019-01-22 20:00:00,1.13327,1.13345,1.13268,1.13286,4707,7,0
2019-01-22 22:00:00,1.13285,1.13322,1.13249,1.13259,2755,9,0
2019-01-23 00:00:00,1.13259,1.13326,1.13248,1.13303,2019,9,0
2019-01-23 02:00:00,1.13303,1.13375,1.13301,1.13356,2119,10,0
2019-01-23 04:00:00,1.13356,1.13374,1.13325,1.13339,1625,9,0
2019-01-23 06:00:00,1.13339,1.1337,1.13324,1.13356,2115,10,0
2019-01-23 08:00:00,1.13355,1.13439,1.13355,1.1339,3020,9,0
2019-01-23 10:00:00,1.13391,1.13407,1.13305,1.1335,5815,9,0
2019-01-23 12:00:00,1.13351,1.13466,1.13317,1.13339,5549,8,0
2019-01-23 14:00:00,1.13342,1.1338,1.13305,1.13311,6961,5,0
2019-01-23 16:00:00,1.13311,1.13415,1.13231,1.13298,10612,0,0
2019-01-23 18:00:00,1.13299,1.13376,1.13272,1.13305,6691,0,0
2019-01-23 20:00:00,1.13306,1.13306,1.13193,1.13219,3267,8,0
2019-01-23 22:00:00,1.1322,1.13257,1.1317,1.13257,2183,10,0
2019-01-24 00:00:00,1.13257,1.13257,1.13176,1.13233,1815,13,0
2019-01-24 02:00:00,1.13233,1.13257,1.13196,1.13215,2173,10,0
2019-01-24 04:00:00,1.13216,1.13238,1.13179,1.13189,1759,12,0
2019-01-24 06:00:00,1.13189,1.13203,1.13178,1.13191,1397,10,0
2019-01-24 08:00:00,1.13192,1.13216,1.13071,1.13103,3263,5,0
2019-01-24 10:00:00,1.13104,1.13189,1.12751,1.12754,9981,0,0
2019-01-24 12:00:00,1.12755,1.12933,1.12739,1.12923,6379,7,0
2019-01-24 14:00:00,1.12922,1.12975,1.1268,1.12868,12501,0,0
2019-01-24 16:00:00,1.1287,1.13095,1.12851,1.12944,13565,3,0
2019-01-24 18:00:00,1.12944,1.12966,1.12609,1.12651,9039,5,0
2019-01-24 20:00:00,1.12651,1.12673,1.12593,1.12627,5507,7,0
2019-01-24 22:00:00,1.12627,1.12706,1.12592,1.12604,2753,4,0
2019-01-25 00:00:00,1.12604,1.12667,1.12594,1.12623,3297,10,0
2019-01-25 02:00:00,1.12622,1.12668,1.12591,1.12606,3122,8,0
2019-01-25 04:00:00,1.12605,1.12713,1.12603,1.12695,2113,9,0
2019-01-25 06:00:00,1.12695,1.12731,1.12673,1.12694,1870,8,0
2019-01-25 08:00:00,1.12694,1.12773,1.12652,1.12765,4427,9,0
2019-01-25 10:00:00,1.12764,1.12877,1.12713,1.12851,6954,1,0
2019-01-25 12:00:00,1.12849,1.13081,1.12815,1.13048,5732,5,0
2019-01-25 14:00:00,1.13048,1.13172,1.13019,1.13167,6885,8,0
2019-01-25 16:00:00,1.13168,1.13332,1.13122,1.13195,12866,3,0
2019-01-25 18:00:00,1.13197,1.13313,1.13191,1.13269,7400,0,0
2019-01-25 20:00:00,1.13269,1.13331,1.1324,1.13319,5364,7,0
2019-01-25 22:00:00,1.13319,1.13361,1.13245,1.13252,3689,4,0
2019-01-28 00:00:00,1.13235,1.13337,1.13235,1.13281,1428,5,0
2019-01-28 02:00:00,1.13283,1.13297,1.13239,1.13274,2700,12,0
2019-01-28 04:00:00,1.13273,1.13347,1.1324,1.13324,1989,10,0
2019-01-28 06:00:00,1.13324,1.13328,1.13228,1.1323,1396,7,0
2019-01-28 08:00:00,1.1323,1.13243,1.13099,1.13235,3494,5,0
2019-01-28 10:00:00,1.13235,1.13247,1.13096,1.13157,6992,8,0
2019-01-28 12:00:00,1.13157,1.13267,1.1315,1.1322,5045,8,0
2019-01-28 14:00:00,1.1322,1.13321,1.13216,1.1329,5639,8,0
2019-01-28 16:00:00,1.1329,1.13376,1.13194,1.13358,9475,6,0
2019-01-28 18:00:00,1.13359,1.1345,1.13311,1.13321,6113,5,0
2019-01-28 20:00:00,1.13321,1.13343,1.13299,1.13323,3015,9,0
2019-01-28 22:00:00,1.13321,1.13367,1.13312,1.13365,2631,11,0
2019-01-29 00:00:00,1.13378,1.13379,1.13294,1.13336,1112,7,0
2019-01-29 02:00:00,1.13336,1.13389,1.13326,1.13369,2570,11,0
2019-01-29 04:00:00,1.13369,1.13423,1.13355,1.13355,2352,12,0
2019-01-29 06:00:00,1.13354,1.13395,1.13346,1.13388,2219,10,0
2019-01-29 08:00:00,1.13389,1.13458,1.13388,1.13452,4878,6,0
2019-01-29 10:00:00,1.13451,1.13585,1.13376,1.13491,7980,5,0
2019-01-29 12:00:00,1.1349,1.13578,1.13463,1.13563,6358,10,0
2019-01-29 14:00:00,1.13564,1.1357,1.13494,1.13545,7614,7,0
2019-01-29 16:00:00,1.13544,1.13661,1.13505,1.13566,11455,7,0
2019-01-29 18:00:00,1.13566,1.13763,1.13555,1.13741,7861,3,0
2019-01-29 20:00:00,1.1374,1.1377,1.137,1.13702,6014,7,0
2019-01-29 22:00:00,1.13702,1.13782,1.13674,1.13674,6718,8,0
2019-01-30 00:00:00,1.13664,1.13749,1.13659,1.13738,1737,5,0
2019-01-30 02:00:00,1.13738,1.13779,1.13701,1.13777,3030,10,0
2019-01-30 04:00:00,1.13777,1.1384,1.13775,1.13831,2144,9,0
2019-01-30 06:00:00,1.13831,1.13842,1.13812,1.13835,1324,11,0
2019-01-30 08:00:00,1.13834,1.13941,1.13789,1.13867,5216,7,0
2019-01-30 10:00:00,1.13867,1.13944,1.13833,1.13857,8476,6,0
2019-01-30 12:00:00,1.13857,1.14016,1.13824,1.13995,5970,5,0
2019-01-30 14:00:00,1.13996,1.14075,1.13976,1.1407,7826,6,0
2019-01-30 16:00:00,1.14071,1.14072,1.13934,1.14033,10368,4,0
2019-01-30 18:00:00,1.14034,1.14094,1.13997,1.14084,5728,4,0
2019-01-30 20:00:00,1.14083,1.1428,1.14036,1.14272,10777,5,0
2019-01-30 22:00:00,1.14271,1.14271,1.14103,1.14109,6368,5,0
2019-01-31 00:00:00,1.14111,1.14176,1.1407,1.14129,1978,9,0
2019-01-31 02:00:00,1.1413,1.14187,1.14075,1.14133,3718,12,0
2019-01-31 04:00:00,1.14133,1.14195,1.14126,1.14164,2472,10,0
2019-01-31 06:00:00,1.14164,1.14213,1.14143,1.14202,1623,10,0
2019-01-31 08:00:00,1.14203,1.14283,1.14144,1.14144,4966,5,0
2019-01-31 10:00:00,1.14144,1.14235,1.14035,1.14068,10213,7,0
2019-01-31 12:00:00,1.14068,1.14081,1.13923,1.14074,8636,2,0
2019-01-31 14:00:00,1.14075,1.14155,1.13977,1.14148,8815,6,0
2019-01-31 16:00:00,1.14146,1.14248,1.13726,1.13818,12185,0,0
2019-01-31 18:00:00,1.13817,1.13951,1.13717,1.13784,9182,0,0
2019-01-31 20:00:00,1.13784,1.13843,1.13755,1.13824,3480,10,0
2019-01-31 22:00:00,1.13823,1.13861,1.13769,1.13783,3079,9,0
2019-02-01 00:00:00,1.13785,1.13824,1.13763,1.13785,814,12,0
2019-02-01 02:00:00,1.13784,1.13824,1.13754,1.1377,2436,8,0
2019-02-01 04:00:00,1.13769,1.13787,1.13756,1.13764,2728,9,0
2019-02-01 06:00:00,1.13765,1.13845,1.13764,1.13822,1653,11,0
2019-02-01 08:00:00,1.13821,1.13935,1.13805,1.13862,3070,5,0
2019-02-01 10:00:00,1.13862,1.13898,1.13753,1.13845,8590,6,0
2019-02-01 12:00:00,1.13845,1.13894,1.13779,1.13887,6822,7,0
2019-02-01 14:00:00,1.13887,1.14011,1.13838,1.13935,10485,0,0
2019-02-01 16:00:00,1.13933,1.14119,1.13916,1.13995,13613,2,0
2019-02-01 18:00:00,1.13995,1.14073,1.13962,1.14061,7620,7,0
2019-02-01 20:00:00,1.14061,1.14063,1.13962,1.14041,3298,8,0
2019-02-01 22:00:00,1.14043,1.14063,1.14,1.1401,2570,11,0
2019-02-04 00:00:00,1.13973,1.14079,1.13958,1.14027,1540,2,0
2019-02-04 02:00:00,1.14028,1.14101,1.14009,1.14083,2992,10,0
2019-02-04 04:00:00,1.14085,1.14121,1.14067,1.14106,1736,10,0
2019-02-04 06:00:00,1.14106,1.14109,1.14056,1.14069,1491,10,0
2019-02-04 08:00:00,1.14066,1.14097,1.14041,1.1406,3044,9,0
2019-02-04 10:00:00,1.14061,1.14162,1.14043,1.14126,7342,8,0
2019-02-04 12:00:00,1.14124,1.14209,1.14089,1.14185,5578,10,0
2019-02-04 14:00:00,1.14184,1.14227,1.14163,1.14207,5875,11,0
2019-02-04 16:00:00,1.14208,1.14215,1.13997,1.13997,10164,9,0
2019-02-04 18:00:00,1.13998,1.14096,1.13992,1.14073,5546,8,0
2019-02-04 20:00:00,1.14073,1.14125,1.14042,1.14113,3332,12,0
2019-02-04 22:00:00,1.1411,1.14127,1.14085,1.141,2416,12,0
2019-02-05 00:00:00,1.14082,1.14143,1.14035,1.1411,1737,8,0
2019-02-05 02:00:00,1.14111,1.14173,1.14099,1.14154,1328,10,0
2019-02-05 04:00:00,1.1416,1.14169,1.14134,1.14146,1287,13,0
2019-02-05 06:00:00,1.14147,1.1417,1.14119,1.14133,1419,12,0
2019-02-05 08:00:00,1.14132,1.14139,1.14082,1.14119,2551,10,0
2019-02-05 10:00:00,1.14118,1.14263,1.14075,1.14251,8417,9,0
2019-02-05 12:00:00,1.14251,1.14372,1.14237,1.14351,5924,6,0
2019-02-05 14:00:00,1.14351,1.14434,1.14233,1.14251,6719,9,0
2019-02-05 16:00:00,1.14252,1.14295,1.14072,1.14073,8412,10,0
2019-02-05 18:00:00,1.14074,1.14128,1.14068,1.14116,5606,11,0
2019-02-05 20:00:00,1.14115,1.14159,1.14098,1.14132,2655,8,0
2019-02-05 22:00:00,1.14133,1.14138,1.14021,1.14035,2480,11,0
2019-02-06 00:00:00,1.14036,1.14064,1.14019,1.14052,1018,14,0
2019-02-06 02:00:00,1.1405,1.14065,1.13955,1.14011,2027,11,0
2019-02-06 04:00:00,1.14011,1.14013,1.13889,1.13986,2854,10,0
2019-02-06 06:00:00,1.13987,1.1401,1.13896,1.139,1627,9,0
2019-02-06 08:00:00,1.139,1.13993,1.13854,1.13979,3829,7,0
2019-02-06 10:00:00,1.13977,1.14013,1.13934,1.13936,5705,12,0
2019-02-06 12:00:00,1.13935,1.13963,1.13897,1.1392,4868,11,0
2019-02-06 14:00:00,1.13921,1.13977,1.13895,1.13919,5294,12,0
2019-02-06 16:00:00,1.13919,1.13934,1.13859,1.13863,7376,10,0
2019-02-06 18:00:00,1.13864,1.13945,1.13859,1.13931,4392,11,0
2019-02-06 20:00:00,1.1393,1.13934,1.13889,1.13925,3624,8,0
2019-02-06 22:00:00,1.13923,1.13924,1.13889,1.13891,3045,12,0
2019-02-07 00:00:00,1.13891,1.1394,1.13891,1.13912,1642,8,0
2019-02-07 02:00:00,1.13911,1.13931,1.13889,1.13902,1459,2,0
2019-02-07 04:00:00,1.13902,1.13907,1.13891,1.13895,844,10,0
2019-02-07 06:00:00,1.13895,1.13931,1.13889,1.13894,1113,12,0
2019-02-07 08:00:00,1.13897,1.13907,1.13777,1.13782,2421,10,0
2019-02-07 10:00:00,1.13782,1.13804,1.13697,1.13747,5504,11,0
2019-02-07 12:00:00,1.13749,1.13752,1.13519,1.13589,6753,5,0
2019-02-07 14:00:00,1.13588,1.13627,1.13478,1.13503,6361,10,0
2019-02-07 16:00:00,1.13504,1.13756,1.1345,1.13653,8269,9,0
2019-02-07 18:00:00,1.13654,1.13694,1.1355,1.13649,5156,11,0
2019-02-07 20:00:00,1.1365,1.13713,1.1364,1.13696,2742,11,0
2019-02-07 22:00:00,1.13696,1.13709,1.13599,1.13607,2397,10,0
2019-02-08 00:00:00,1.13614,1.13693,1.13559,1.1365,1478,10,0
2019-02-08 02:00:00,1.13652,1.13685,1.13619,1.13626,1679,9,0
2019-02-08 04:00:00,1.13624,1.1364,1.13602,1.13625,1160,13,0
2019-02-08 06:00:00,1.13623,1.13634,1.13603,1.13609,1281,11,0
2019-02-08 08:00:00,1.13609,1.13621,1.1353,1.13583,2216,11,0
2019-02-08 10:00:00,1.13582,1.13629,1.13396,1.13495,4855,11,0
2019-02-08 12:00:00,1.13495,1.13618,1.13494,1.13553,3756,10,0
2019-02-08 14:00:00,1.13552,1.13642,1.13534,1.1362,3833,12,0
2019-02-08 16:00:00,1.13619,1.13647,1.13302,1.13326,7464,8,0
2019-02-08 18:00:00,1.13325,1.13353,1.1323,1.1327,4533,10,0
2019-02-08 20:00:00,1.13268,1.13291,1.13222,1.13223,2043,6,0
2019-02-08 22:00:00,1.13223,1.13253,1.13215,1.13238,1758,9,0
2019-02-11 00:00:00,1.13198,1.14195,1.13102,1.13159,2693,0,0
2019-02-11 02:00:00,1.13159,1.1325,1.13154,1.13208,1379,11,0
2019-02-11 04:00:00,1.13207,1.13225,1.1318,1.13216,1376,13,0
2019-02-11 06:00:00,1.13216,1.13223,1.1318,1.1321,1119,12,0
2019-02-11 08:00:00,1.13211,1.13317,1.13207,1.13255,2600,8,0
2019-02-11 10:00:00,1.13253,1.13444,1.13183,1.13352,5445,11,0
2019-02-11 12:00:00,1.13352,1.13497,1.1329,1.13467,4718,10,0
2019-02-11 14:00:00,1.13467,1.13553,1.13454,1.13526,4889,11,0
2019-02-11 16:00:00,1.13526,1.13567,1.13193,1.13226,8037,9,0
2019-02-11 18:00:00,1.13226,1.13276,1.13202,1.13246,4382,10,0
2019-02-11 20:00:00,1.13249,1.13256,1.13175,1.13203,2808,11,0
2019-02-11 22:00:00,1.13203,1.13258,1.13175,1.132,1806,12,0
2019-02-12 00:00:00,1.132,1.13255,1.13181,1.1324,681,15,0
2019-02-12 02:00:00,1.13238,1.13306,1.13232,1.13306,1839,12,0
2019-02-12 04:00:00,1.13307,1.13314,1.13261,1.13278,1335,14,0
2019-02-12 06:00:00,1.13279,1.13324,1.13235,1.13302,960,13,0
2019-02-12 08:00:00,1.13301,1.1334,1.13281,1.13335,2236,11,0
2019-02-12 10:00:00,1.13334,1.13602,1.13302,1.13573,5299,5,0
2019-02-12 12:00:00,1.13574,1.13775,1.13569,1.1376,3619,9,0
2019-02-12 14:00:00,1.13761,1.13995,1.1374,1.13943,5582,9,0
2019-02-12 16:00:00,1.13942,1.13955,1.13777,1.13797,6704,9,0
2019-02-12 18:00:00,1.13797,1.1398,1.13789,1.13953,5590,0,0
2019-02-12 20:00:00,1.13952,1.14062,1.13949,1.14023,4114,10,0
2019-02-12 22:00:00,1.14023,1.1403,1.13939,1.13986,2167,10,0
2019-02-13 00:00:00,1.13967,1.14052,1.13901,1.14027,3217,13,0
2019-02-13 02:00:00,1.14025,1.14056,1.13975,1.14042,1776,10,0
2019-02-13 04:00:00,1.14042,1.14056,1.14013,1.14028,1606,12,0
2019-02-13 06:00:00,1.14028,1.14029,1.13957,1.13973,1236,13,0
2019-02-13 08:00:00,1.13974,1.13982,1.1391,1.13921,2625,12,0
2019-02-13 10:00:00,1.13921,1.14018,1.13875,1.13876,5384,11,0
2019-02-13 12:00:00,1.13872,1.13872,1.13741,1.13798,3857,12,0
2019-02-13 14:00:00,1.13796,1.13827,1.13632,1.13714,5108,10,0
2019-02-13 16:00:00,1.13713,1.1373,1.13611,1.13724,5542,11,0
2019-02-13 18:00:00,1.13724,1.13758,1.13652,1.13717,3771,8,0
2019-02-13 20:00:00,1.13717,1.13772,1.13659,1.13694,3155,5,0
2019-02-13 22:00:00,1.13693,1.13705,1.13609,1.13628,1680,12,0
2019-02-14 00:00:00,1.13656,1.13676,1.13524,1.13646,1721,13,0
2019-02-14 02:00:00,1.13645,1.13673,1.13612,1.13658,1354,13,0
2019-02-14 04:00:00,1.1366,1.13766,1.1365,1.13719,1321,13,0
2019-02-14 06:00:00,1.1372,1.13746,1.13668,1.13672,1266,9,0
2019-02-14 08:00:00,1.13672,1.13815,1.13663,1.13725,3518,9,0
2019-02-14 10:00:00,1.13725,1.13756,1.13574,1.13637,6565,4,0
2019-02-14 12:00:00,1.13637,1.13751,1.13631,1.13659,4129,10,0
2019-02-14 14:00:00,1.13658,1.13794,1.13609,1.13698,7425,9,0
2019-02-14 16:00:00,1.13697,1.13698,1.13499,1.13569,9848,9,0
2019-02-14 18:00:00,1.1357,1.13575,1.13491,1.13516,6155,9,0
2019-02-14 20:00:00,1.13518,1.13558,1.13489,1.13539,3069,12,0
2019-02-14 22:00:00,1.1354,1.13553,1.13484,1.13484,1930,11,0
2019-02-15 00:00:00,1.13484,1.13531,1.13472,1.13506,853,13,0
2019-02-15 02:00:00,1.13505,1.1354,1.13497,1.1352,2053,10,0
2019-02-15 04:00:00,1.13521,1.13528,1.13453,1.13456,1091,11,0
2019-02-15 06:00:00,1.13457,1.13486,1.13443,1.13465,1091,11,0
2019-02-15 08:00:00,1.13464,1.13497,1.13371,1.13427,3522,11,0
2019-02-15 10:00:00,1.13427,1.13559,1.13382,1.13548,5588,10,0
2019-02-15 12:00:00,1.13547,1.1356,1.13421,1.13424,4576,10,0
2019-02-15 14:00:00,1.13425,1.13474,1.13316,1.13405,8209,6,0
2019-02-15 16:00:00,1.13405,1.13514,1.13325,1.13404,9976,0,0
2019-02-15 18:00:00,1.13403,1.13472,1.13377,1.1345,5622,10,0
2019-02-15 20:00:00,1.13451,1.13578,1.13444,1.13505,4269,9,0
2019-02-15 22:00:00,1.13505,1.13553,1.13446,1.1346,2086,12,0
2019-02-18 00:00:00,1.1349,1.1349,1.13362,1.13463,1250,14,0
2019-02-18 02:00:00,1.13464,1.13502,1.13446,1.13486,1480,12,0
2019-02-18 04:00:00,1.13485,1.13569,1.1348,1.13551,1746,0,0
2019-02-18 06:00:00,1.13551,1.13559,1.13505,1.13521,1241,12,0
2019-02-18 08:00:00,1.1352,1.13557,1.13488,1.1351,2491,11,0
2019-02-18 10:00:00,1.1351,1.13549,1.13446,1.13527,3904,8,0
2019-02-18 12:00:00,1.13527,1.13644,1.13494,1.13638,3046,10,0
2019-02-18 14:00:00,1.13638,1.13651,1.13536,1.13554,3317,11,0
2019-02-18 16:00:00,1.13555,1.13581,1.13496,1.13519,3765,11,0
2019-02-18 18:00:00,1.13521,1.1359,1.13502,1.13579,2426,10,0
2019-02-18 20:00:00,1.13578,1.13598,1.13531,1.13586,1158,11,0
2019-02-18 22:00:00,1.13586,1.13629,1.13561,1.13572,1224,13,0
2019-02-19 00:00:00,1.13572,1.13635,1.13551,1.13629,602,16,0
2019-02-19 02:00:00,1.13628,1.13642,1.13566,1.13594,1320,10,0
2019-02-19 04:00:00,1.13593,1.13598,1.13526,1.1354,1373,13,0
2019-02-19 06:00:00,1.13539,1.13579,1.13531,1.13579,1431,13,0
2019-02-19 08:00:00,1.13578,1.1361,1.13526,1.13569,2756,12,0
2019-02-19 10:00:00,1.13567,1.13729,1.13512,1.13524,5528,6,0
2019-02-19 12:00:00,1.13521,1.13611,1.13391,1.13467,5972,11,0
2019-02-19 14:00:00,1.13466,1.13517,1.13405,1.1346,5773,11,0
2019-02-19 16:00:00,1.13458,1.13572,1.13329,1.1354,8116,7,0
2019-02-19 18:00:00,1.13541,1.13601,1.13421,1.13541,7270,8,0
2019-02-19 20:00:00,1.13542,1.13573,1.13472,1.13493,3622,10,0
2019-02-19 22:00:00,1.13492,1.13538,1.1348,1.13502,2094,11,0
2019-02-20 00:00:00,1.13502,1.13568,1.13485,1.13545,1167,15,0
2019-02-20 02:00:00,1.13546,1.13622,1.13525,1.13616,2013,10,0
2019-02-20 04:00:00,1.13615,1.13641,1.13592,1.13612,1369,11,0
2019-02-20 06:00:00,1.13613,1.13615,1.13546,1.13546,1120,13,0
2019-02-20 08:00:00,1.13547,1.13594,1.13525,1.13558,2665,9,0
2019-02-20 10:00:00,1.13556,1.13657,1.13531,1.13559,5454,10,0
2019-02-20 12:00:00,1.13558,1.13574,1.13423,1.13465,2712,11,0
2019-02-20 14:00:00,1.13465,1.13514,1.13352,1.13356,5800,10,0
2019-02-20 16:00:00,1.13355,1.13587,1.13352,1.13439,7869,10,0
2019-02-20 18:00:00,1.13441,1.13567,1.13418,1.1348,6019,8,0
2019-02-20 20:00:00,1.13481,1.1354,1.13401,1.1353,6377,3,0
2019-02-20 22:00:00,1.13531,1.13531,1.13445,1.13461,2828,11,0
2019-02-21 00:00:00,1.13465,1.13528,1.13396,1.13488,1715,14,0
2019-02-21 02:00:00,1.13491,1.13511,1.13445,1.1348,3392,11,0
2019-02-21 04:00:00,1.13481,1.13606,1.13481,1.13548,1970,12,0
2019-02-21 06:00:00,1.13547,1.13592,1.13481,1.13484,2483,13,0
2019-02-21 08:00:00,1.13486,1.13543,1.13406,1.13511,4678,2,0
2019-02-21 10:00:00,1.13509,1.13653,1.13444,1.13488,8567,0,0
2019-02-21 12:00:00,1.13487,1.13621,1.13468,1.13601,4983,10,0
2019-02-21 14:00:00,1.136,1.13681,1.13568,1.13609,7486,7,0
2019-02-21 16:00:00,1.1361,1.1364,1.13405,1.1342,8035,9,0
2019-02-21 18:00:00,1.13419,1.13517,1.13415,1.13471,6371,10,0
2019-02-21 20:00:00,1.1347,1.13515,1.13455,1.13506,3523,12,0
2019-02-21 22:00:00,1.13507,1.1351,1.13413,1.13414,1996,13,0
2019-02-22 00:00:00,1.13436,1.13502,1.134,1.13495,1387,11,0
2019-02-22 02:00:00,1.13495,1.13521,1.13462,1.13511,1290,12,0
2019-02-22 04:00:00,1.13513,1.13522,1.13466,1.135,1381,14,0
2019-02-22 06:00:00,1.13499,1.13501,1.13451,1.13481,1100,13,0
2019-02-22 08:00:00,1.1348,1.13535,1.13448,1.13501,2431,5,0
2019-02-22 10:00:00,1.13502,1.13537,1.13411,1.13487,4733,11,0
2019-02-22 12:00:00,1.13486,1.13508,1.13417,1.13436,3487,11,0
2019-02-22 14:00:00,1.13435,1.13482,1.13409,1.13451,6059,12,0
2019-02-22 16:00:00,1.1345,1.13468,1.13305,1.13375,7867,9,0
2019-02-22 18:00:00,1.13374,1.13413,1.13295,1.13357,5911,11,0
2019-02-22 20:00:00,1.13357,1.13409,1.13326,1.13383,4234,13,0
2019-02-22 22:00:00,1.13386,1.13386,1.13341,1.13343,2213,13,0
2019-02-25 00:00:00,1.1337,1.13433,1.13289,1.13406,1756,13,0
2019-02-25 02:00:00,1.13407,1.13445,1.13372,1.13377,1564,11,0
2019-02-25 04:00:00,1.13377,1.13377,1.1329,1.13307,1965,13,0
2019-02-25 06:00:00,1.13308,1.13331,1.13302,1.13326,1410,13,0
2019-02-25 08:00:00,1.13325,1.13478,1.13319,1.13454,2535,11,0
2019-02-25 10:00:00,1.13453,1.13464,1.13379,1.13422,4325,8,0
2019-02-25 12:00:00,1.13423,1.13509,1.13406,1.13501,4147,10,0
2019-02-25 14:00:00,1.13502,1.13602,1.13487,1.13587,5510,8,0
2019-02-25 16:00:00,1.13587,1.13621,1.13444,1.1348,7454,6,0
2019-02-25 18:00:00,1.13477,1.13586,1.13466,1.1357,6560,10,0
2019-02-25 20:00:00,1.1357,1.13681,1.13553,1.13671,3024,12,0
2019-02-25 22:00:00,1.13673,1.13676,1.13598,1.13625,1451,11,0
2019-02-26 00:00:00,1.13602,1.13658,1.1356,1.13658,1993,3,0
2019-02-26 02:00:00,1.13659,1.13661,1.13592,1.136,1526,11,0
2019-02-26 04:00:00,1.13601,1.13641,1.13582,1.13599,1536,13,0
2019-02-26 06:00:00,1.13599,1.13626,1.13578,1.13605,1010,13,0
2019-02-26 08:00:00,1.13605,1.13627,1.1355,1.13576,2909,13,0
2019-02-26 10:00:00,1.13576,1.13625,1.13504,1.13609,5425,10,0
2019-02-26 12:00:00,1.13608,1.13714,1.13586,1.13704,5137,12,0
2019-02-26 14:00:00,1.13704,1.13787,1.13674,1.13748,5905,11,0
2019-02-26 16:00:00,1.13748,1.13755,1.13613,1.1365,7953,10,0
2019-02-26 18:00:00,1.1365,1.138,1.13644,1.13789,6501,9,0
2019-02-26 20:00:00,1.13789,1.13885,1.13746,1.13855,3825,6,0
2019-02-26 22:00:00,1.13856,1.13897,1.13819,1.13819,2008,10,0
2019-02-27 00:00:00,1.13785,1.13928,1.13785,1.13902,1783,0,0
2019-02-27 02:00:00,1.13902,1.13928,1.13846,1.13881,1932,8,0
2019-02-27 04:00:00,1.13884,1.13894,1.13822,1.13844,1805,7,0
2019-02-27 06:00:00,1.13843,1.13848,1.13815,1.13828,1176,11,0
2019-02-27 08:00:00,1.13829,1.1383,1.13703,1.13709,3241,11,0
2019-02-27 10:00:00,1.13709,1.13757,1.13592,1.13596,5618,11,0
2019-02-27 12:00:00,1.13594,1.13637,1.1355,1.13567,5458,10,0
2019-02-27 14:00:00,1.13568,1.13646,1.13513,1.1358,6145,10,0
2019-02-27 16:00:00,1.13579,1.13759,1.13548,1.13654,9560,6,0
2019-02-27 18:00:00,1.13655,1.13803,1.13633,1.13802,6424,10,0
2019-02-27 20:00:00,1.13801,1.13866,1.13799,1.13823,3541,11,0
2019-02-27 22:00:00,1.13823,1.13855,1.1381,1.13832,2239,12,0
2019-02-28 00:00:00,1.13838,1.13863,1.13711,1.13855,1693,15,0
2019-02-28 02:00:00,1.13855,1.13874,1.13765,1.13796,2337,10,0
2019-02-28 04:00:00,1.13795,1.13804,1.13648,1.13668,1787,13,0
2019-02-28 06:00:00,1.13667,1.13675,1.13581,1.13592,1271,12,0
2019-02-28 08:00:00,1.13591,1.13597,1.13445,1.13503,4667,11,0
2019-02-28 10:00:00,1.13499,1.13534,1.13421,1.13423,5795,9,0
2019-02-28 12:00:00,1.13424,1.13501,1.13335,1.13389,6556,11,0
2019-02-28 14:00:00,1.1339,1.13433,1.13292,1.13369,8617,9,0
2019-02-28 16:00:00,1.13369,1.13592,1.13337,1.13409,10877,8,0
2019-02-28 18:00:00,1.13411,1.13548,1.13407,1.13525,7842,11,0
2019-02-28 20:00:00,1.13525,1.13547,1.13482,1.13518,5092,11,0
2019-02-28 22:00:00,1.13519,1.13558,1.13434,1.13451,3265,6,0
2019-03-01 00:00:00,1.13445,1.13508,1.13372,1.13412,1561,15,0
2019-03-01 02:00:00,1.13409,1.13489,1.13401,1.13451,1911,12,0
2019-03-01 04:00:00,1.1345,1.13545,1.13435,1.13508,776,12,0
2019-03-01 06:00:00,1.13508,1.13569,1.13504,1.13549,812,13,0
2019-03-01 08:00:00,1.1355,1.13577,1.13459,1.13545,2645,11,0
2019-03-01 10:00:00,1.13544,1.137,1.1352,1.13606,6002,10,0
2019-03-01 12:00:00,1.13608,1.13653,1.13585,1.1362,4796,7,0
2019-03-01 14:00:00,1.1362,1.13655,1.13588,1.13628,5076,10,0
2019-03-01 16:00:00,1.13629,1.13696,1.13545,1.13619,9506,9,0
2019-03-01 18:00:00,1.13619,1.13664,1.13515,1.13558,6476,9,0
2019-03-01 20:00:00,1.13558,1.13573,1.13505,1.13519,4744,12,0
2019-03-01 22:00:00,1.13518,1.13566,1.13496,1.13503,3996,10,0
2019-03-04 00:00:00,1.1359,1.1363,1.13538,1.13586,2040,15,0
2019-03-04 02:00:00,1.13584,1.13585,1.13543,1.13559,1049,10,0
2019-03-04 04:00:00,1.1356,1.1361,1.1354,1.13594,1417,12,0
2019-03-04 06:00:00,1.13596,1.13598,1.13546,1.13575,1108,12,0
2019-03-04 08:00:00,1.13575,1.13654,1.13568,1.13592,2730,8,0
2019-03-04 10:00:00,1.13591,1.13626,1.13503,1.13539,8439,6,0
2019-03-04 12:00:00,1.1354,1.13552,1.13429,1.13451,5171,12,0
2019-03-04 14:00:00,1.13453,1.13513,1.13362,1.13418,5489,11,0
2019-03-04 16:00:00,1.13418,1.13424,1.13158,1.13198,7171,7,0
2019-03-04 18:00:00,1.13199,1.13302,1.13174,1.13285,4936,11,0
2019-03-04 20:00:00,1.13286,1.1331,1.13202,1.13249,2763,9,0
2019-03-04 22:00:00,1.1325,1.13294,1.13235,1.13262,1809,10,0
2019-03-05 00:00:00,1.13249,1.13295,1.13155,1.13258,1599,12,0
2019-03-05 02:00:00,1.13258,1.13288,1.13224,1.1326,1027,6,0
2019-03-05 04:00:00,1.1326,1.13304,1.13234,1.13263,1544,12,0
2019-03-05 06:00:00,1.13264,1.13271,1.13219,1.13238,679,12,0
2019-03-05 08:00:00,1.13239,1.13288,1.13204,1.13279,2501,6,0
2019-03-05 10:00:00,1.13282,1.13479,1.13282,1.13375,5878,12,0
2019-03-05 12:00:00,1.13374,1.13394,1.13322,1.13383,2707,12,0
2019-03-05 14:00:00,1.13383,1.13429,1.13329,1.1339,3746,12,0
2019-03-05 16:00:00,1.13391,1.13476,1.1322,1.13468,9327,5,0
2019-03-05 18:00:00,1.13468,1.13554,1.13416,1.13551,4944,4,0
2019-03-05 20:00:00,1.13553,1.13565,1.13526,1.13532,2941,10,0
2019-03-05 22:00:00,1.13533,1.13579,1.13516,1.13516,1635,10,0
2019-03-06 00:00:00,1.13516,1.13572,1.13462,1.13562,1324,12,0
2019-03-06 02:00:00,1.13563,1.13572,1.1352,1.13566,951,12,0
2019-03-06 04:00:00,1.13565,1.13565,1.13494,1.13536,1096,12,0
2019-03-06 06:00:00,1.13536,1.13569,1.13525,1.13568,875,5,0
2019-03-06 08:00:00,1.13568,1.13579,1.13519,1.13554,2043,12,0
2019-03-06 10:00:00,1.13555,1.13631,1.13535,1.1359,4114,8,0
2019-03-06 12:00:00,1.13589,1.13618,1.13525,1.13588,3157,10,0
2019-03-06 14:00:00,1.13589,1.13641,1.13486,1.13629,6049,0,0
2019-03-06 16:00:00,1.1363,1.13666,1.13469,1.13645,6879,7,0
2019-03-06 18:00:00,1.13645,1.1369,1.13546,1.13601,4493,10,0
2019-03-06 20:00:00,1.13603,1.13664,1.13586,1.13628,2960,9,0
2019-03-06 22:00:00,1.13629,1.13647,1.1359,1.13604,1648,10,0
2019-03-07 00:00:00,1.13597,1.13656,1.13539,1.1361,3499,13,0
2019-03-07 02:00:00,1.13609,1.13621,1.13532,1.13532,937,9,0
2019-03-07 04:00:00,1.13532,1.13582,1.13527,1.13531,926,9,0
2019-03-07 06:00:00,1.1353,1.13545,1.13524,1.13537,591,12,0
2019-03-07 08:00:00,1.13538,1.13643,1.13528,1.13626,1998,12,0
2019-03-07 10:00:00,1.13625,1.13664,1.13572,1.13604,4946,7,0
2019-03-07 12:00:00,1.13604,1.13623,1.13547,1.13594,3971,10,0
2019-03-07 14:00:00,1.13594,1.13668,1.13451,1.13455,10853,10,0
2019-03-07 16:00:00,1.13456,1.13495,1.13183,1.1324,9704,10,0
2019-03-07 18:00:00,1.13242,1.1342,1.13195,1.13415,8108,10,0
2019-03-07 20:00:00,1.13413,1.13444,1.13136,1.13187,5441,0,0
2019-03-07 22:00:00,1.13188,1.13247,1.13135,1.13175,3274,13,0
2019-03-08 00:00:00,1.13171,1.13204,1.13103,1.13202,1524,14,0
2019-03-08 02:00:00,1.13201,1.13221,1.13164,1.13191,1671,11,0
2019-03-08 04:00:00,1.1319,1.13213,1.13151,1.13204,1567,13,0
2019-03-08 06:00:00,1.13204,1.1323,1.13106,1.13144,1407,10,0
2019-03-08 08:00:00,1.13143,1.13186,1.13071,1.13168,3298,11,0
2019-03-08 10:00:00,1.13169,1.13258,1.13113,1.13239,4786,0,0
2019-03-08 12:00:00,1.13238,1.13331,1.13201,1.13266,5329,12,0
2019-03-08 14:00:00,1.13266,1.13266,1.13129,1.13178,7180,8,0
2019-03-08 16:00:00,1.13178,1.13226,1.13102,1.1322,9037,11,0
2019-03-08 18:00:00,1.1322,1.13275,1.13155,1.13198,5690,11,0
2019-03-08 20:00:00,1.13197,1.13252,1.13185,1.13242,3104,12,0
2019-03-08 22:00:00,1.13242,1.13249,1.13182,1.13195,3211,12,0
2019-03-11 00:00:00,1.1321,1.13257,1.13195,1.13217,582,13,0
2019-03-11 02:00:00,1.13216,1.13259,1.13148,1.13249,1566,11,0
2019-03-11 04:00:00,1.1325,1.13274,1.13244,1.1327,749,12,0
2019-03-11 06:00:00,1.13268,1.13293,1.13266,1.13287,481,12,0
2019-03-11 08:00:00,1.13287,1.13432,1.13277,1.13417,3302,10,0
2019-03-11 10:00:00,1.13415,1.13428,1.13317,1.13398,5969,8,0
2019-03-11 12:00:00,1.13399,1.13481,1.13374,1.13467,5326,10,0
2019-03-11 14:00:00,1.13469,1.13569,1.13406,1.1351,7227,11,0
2019-03-11 16:00:00,1.1351,1.1354,1.13405,1.13483,5501,10,0
2019-03-11 18:00:00,1.13485,1.137,1.13462,1.13652,5069,10,0
2019-03-11 20:00:00,1.13653,1.13707,1.13617,1.13705,3634,11,0
2019-03-11 22:00:00,1.13705,1.13705,1.13607,1.1364,1475,12,0
2019-03-12 00:00:00,1.1364,1.13829,1.13616,1.13737,2972,10,0
2019-03-12 02:00:00,1.13739,1.13761,1.13694,1.13732,1572,13,0
2019-03-12 04:00:00,1.13732,1.13791,1.13728,1.13773,627,13,0
2019-03-12 06:00:00,1.13772,1.13793,1.13735,1.13775,859,14,0
2019-03-12 08:00:00,1.13775,1.13843,1.13765,1.13784,2456,13,0
2019-03-12 10:00:00,1.13784,1.13812,1.13645,1.13649,8904,10,0
2019-03-12 12:00:00,1.1365,1.13706,1.13468,1.13652,9583,4,0
2019-03-12 14:00:00,1.13651,1.13751,1.13619,1.13653,10456,2,0
2019-03-12 16:00:00,1.13654,1.13685,1.1351,1.13637,6222,9,0
2019-03-12 18:00:00,1.13637,1.13758,1.13598,1.1371,4477,10,0
2019-03-12 20:00:00,1.1371,1.13807,1.13692,1.13753,4635,8,0
2019-03-12 22:00:00,1.13751,1.13776,1.13702,1.13735,1527,13,0
2019-03-13 00:00:00,1.13731,1.13755,1.13685,1.13715,1681,12,0
2019-03-13 02:00:00,1.13714,1.13746,1.13703,1.1372,1115,13,0
2019-03-13 04:00:00,1.1372,1.1373,1.13687,1.13692,993,12,0
2019-03-13 06:00:00,1.13691,1.13718,1.13682,1.13711,942,13,0
2019-03-13 08:00:00,1.1371,1.13761,1.1368,1.13715,4830,10,0
2019-03-13 10:00:00,1.13714,1.13797,1.1358,1.136,7028,10,0
2019-03-13 12:00:00,1.136,1.13694,1.13578,1.13693,7015,11,0
2019-03-13 14:00:00,1.13693,1.13748,1.13635,1.13737,8515,8,0
2019-03-13 16:00:00,1.13739,1.13775,1.13599,1.13606,5721,10,0
2019-03-13 18:00:00,1.13606,1.13641,1.13542,1.13556,3174,9,0
2019-03-13 20:00:00,1.1356,1.1371,1.13556,1.13667,5816,3,0
2019-03-13 22:00:00,1.13667,1.13739,1.13613,1.13704,1984,12,0
2019-03-14 00:00:00,1.13701,1.13714,1.13646,1.13682,1134,12,0
2019-03-14 02:00:00,1.13683,1.13693,1.13627,1.13693,1952,10,0
2019-03-14 04:00:00,1.13693,1.1371,1.13659,1.13689,1382,11,0
2019-03-14 06:00:00,1.13689,1.13717,1.13665,1.13681,1154,12,0
2019-03-14 08:00:00,1.13681,1.13722,1.13646,1.13665,4738,11,0
2019-03-14 10:00:00,1.13663,1.13748,1.13615,1.1362,7904,9,0
2019-03-14 12:00:00,1.13621,1.13632,1.13478,1.13529,9749,7,0
2019-03-14 14:00:00,1.13529,1.13558,1.13472,1.13525,7421,12,0
2019-03-14 16:00:00,1.13525,1.1356,1.1345,1.13536,7649,9,0
2019-03-14 18:00:00,1.13538,1.1355,1.13435,1.13437,4429,12,0
2019-03-14 20:00:00,1.1344,1.13502,1.13431,1.13465,3650,11,0
2019-03-14 22:00:00,1.13464,1.13488,1.13428,1.13463,1606,15,0
2019-03-15 00:00:00,1.13463,1.13503,1.13449,1.13465,820,14,0
2019-03-15 02:00:00,1.13465,1.13546,1.13465,1.13519,1027,12,0
2019-03-15 04:00:00,1.1352,1.13567,1.13429,1.13465,1493,9,0
2019-03-15 06:00:00,1.13464,1.13481,1.13446,1.1346,784,12,0
2019-03-15 08:00:00,1.13461,1.13525,1.1344,1.13524,2412,9,0
2019-03-15 10:00:00,1.13524,1.13674,1.1351,1.13654,5259,11,0
2019-03-15 12:00:00,1.13652,1.13724,1.13605,1.13635,4130,9,0
2019-03-15 14:00:00,1.13636,1.13658,1.13566,1.13609,5874,8,0
2019-03-15 16:00:00,1.13609,1.13685,1.13493,1.13546,6800,7,0
2019-03-15 18:00:00,1.13547,1.1359,1.13478,1.13494,3673,9,0
2019-03-15 20:00:00,1.13493,1.13493,1.13434,1.13464,2747,10,0
2019-03-15 22:00:00,1.13465,1.13507,1.13436,1.13455,952,10,0
2019-03-18 00:00:00,1.13488,1.13488,1.13461,1.13466,629,12,0
2019-03-18 02:00:00,1.13465,1.13508,1.13462,1.13502,1429,12,0
2019-03-18 04:00:00,1.13501,1.13557,1.13497,1.13535,1402,11,0
2019-03-18 06:00:00,1.13535,1.1356,1.13533,1.1356,1228,12,0
2019-03-18 08:00:00,1.1356,1.13602,1.13541,1.1359,2489,10,0
2019-03-18 10:00:00,1.13589,1.13648,1.13544,1.13618,4350,11,0
2019-03-18 12:00:00,1.13616,1.13619,1.13531,1.13584,3426,9,0
2019-03-18 14:00:00,1.13582,1.13628,1.1357,1.13626,4282,11,0
2019-03-18 16:00:00,1.13625,1.13648,1.13378,1.13398,5187,10,0
2019-03-18 18:00:00,1.13397,1.13466,1.13379,1.1344,3341,11,0
2019-03-18 20:00:00,1.13439,1.13487,1.13425,1.13477,2315,11,0
2019-03-18 22:00:00,1.13476,1.13517,1.13408,1.13495,1745,12,0
2019-03-19 00:00:00,1.13495,1.13523,1.13488,1.13491,992,13,0
2019-03-19 02:00:00,1.13491,1.13515,1.13462,1.13478,1512,8,0
2019-03-19 04:00:00,1.13478,1.13503,1.13462,1.13502,1058,12,0
2019-03-19 06:00:00,1.13501,1.13537,1.1349,1.13517,936,13,0
2019-03-19 08:00:00,1.13518,1.13544,1.13471,1.13488,2080,11,0
2019-03-19 10:00:00,1.13487,1.13584,1.13478,1.13496,3469,12,0
2019-03-19 12:00:00,1.13494,1.13554,1.13469,1.1354,3384,10,0
2019-03-19 14:00:00,1.1354,1.13568,1.13425,1.13428,4860,6,0
2019-03-19 16:00:00,1.13426,1.13495,1.1339,1.13475,4907,10,0
2019-03-19 18:00:00,1.13476,1.13482,1.13394,1.1344,3946,9,0
2019-03-19 20:00:00,1.13441,1.13454,1.13413,1.13436,2115,9,0
2019-03-19 22:00:00,1.13436,1.1344,1.13391,1.1342,1390,13,0
2019-03-20 00:00:00,1.1342,1.13422,1.13382,1.1341,959,13,0
2019-03-20 02:00:00,1.13411,1.13455,1.13403,1.13432,1617,11,0
2019-03-20 04:00:00,1.1343,1.13437,1.13409,1.13424,887,10,0
2019-03-20 06:00:00,1.13422,1.13427,1.134,1.13412,691,13,0
2019-03-20 08:00:00,1.13412,1.13497,1.13395,1.13492,2142,10,0
2019-03-20 10:00:00,1.13493,1.13502,1.13417,1.13455,4456,10,0
2019-03-20 12:00:00,1.13455,1.13461,1.13393,1.13428,3676,11,0
2019-03-20 14:00:00,1.13428,1.13434,1.13342,1.13357,5710,11,0
2019-03-20 16:00:00,1.13358,1.13358,1.13221,1.1323,6314,9,0
2019-03-20 18:00:00,1.13231,1.13267,1.13182,1.13247,4713,10,0
2019-03-20 20:00:00,1.13247,1.13354,1.13177,1.13278,14153,0,0
2019-03-20 22:00:00,1.13281,1.13311,1.1318,1.13214,2504,11,0
2019-03-21 00:00:00,1.13214,1.13269,1.13197,1.13258,2043,13,0
2019-03-21 02:00:00,1.13258,1.1329,1.13235,1.13249,1987,11,0
2019-03-21 04:00:00,1.13249,1.1325,1.13195,1.13235,2064,12,0
2019-03-21 06:00:00,1.13236,1.13247,1.13199,1.13237,1663,12,0
2019-03-21 08:00:00,1.13242,1.13334,1.13189,1.13259,3148,11,0
2019-03-21 10:00:00,1.13258,1.13263,1.13121,1.13246,6189,10,0
2019-03-21 12:00:00,1.13246,1.13264,1.13166,1.13171,5787,10,0
2019-03-21 14:00:00,1.1317,1.13208,1.1293,1.12976,6862,8,0
2019-03-21 16:00:00,1.12977,1.12998,1.12727,1.12739,7882,9,0
2019-03-21 18:00:00,1.12739,1.12842,1.12654,1.12784,6847,9,0
2019-03-21 20:00:00,1.12786,1.12865,1.12775,1.12842,6829,12,0
2019-03-21 22:00:00,1.12843,1.12887,1.12792,1.12814,2460,12,0
2019-03-22 00:00:00,1.12806,1.12844,1.12794,1.12822,968,13,0
2019-03-22 02:00:00,1.12822,1.1292,1.1281,1.12917,2290,12,0
2019-03-22 04:00:00,1.12917,1.12931,1.12882,1.12919,1081,13,0
2019-03-22 06:00:00,1.12919,1.12963,1.12916,1.12939,1354,10,0
2019-03-22 08:00:00,1.12939,1.12976,1.12902,1.12971,2866,12,0
2019-03-22 10:00:00,1.1297,1.12971,1.1231,1.12633,14189,0,0
2019-03-22 12:00:00,1.12632,1.1267,1.12347,1.12367,9435,10,0
2019-03-22 14:00:00,1.12367,1.1247,1.12334,1.12365,8258,9,0
2019-03-22 16:00:00,1.12364,1.12414,1.12114,1.12139,12567,8,0
2019-03-22 18:00:00,1.1214,1.12338,1.1212,1.12321,6949,9,0
2019-03-22 20:00:00,1.12322,1.12338,1.12294,1.12312,3558,11,0
2019-03-22 22:00:00,1.12312,1.12324,1.12233,1.1224,1238,12,0
2019-03-25 00:00:00,1.12211,1.1229,1.1221,1.12278,752,14,0
2019-03-25 02:00:00,1.12279,1.12295,1.12213,1.12252,2130,12,0
2019-03-25 04:00:00,1.12252,1.12346,1.12249,1.12343,1303,13,0
2019-03-25 06:00:00,1.12342,1.12435,1.12333,1.12428,1556,13,0
2019-03-25 08:00:00,1.1243,1.12501,1.12392,1.12439,2720,11,0
2019-03-25 10:00:00,1.12438,1.12563,1.12323,1.12549,7674,10,0
2019-03-25 12:00:00,1.12551,1.12552,1.12354,1.12385,4794,11,0
2019-03-25 14:00:00,1.12384,1.12411,1.12319,1.12331,5790,11,0
2019-03-25 16:00:00,1.12334,1.12375,1.12291,1.12298,5861,9,0
2019-03-25 18:00:00,1.12299,1.12352,1.12234,1.12255,4676,8,0
2019-03-25 20:00:00,1.12254,1.12283,1.12216,1.12263,3843,11,0
2019-03-25 22:00:00,1.12264,1.12282,1.12231,1.12264,1190,11,0
2019-03-26 00:00:00,1.12264,1.12286,1.12218,1.12278,1176,14,0
2019-03-26 02:00:00,1.12278,1.12296,1.12228,1.12276,1815,10,0
2019-03-26 04:00:00,1.12275,1.12297,1.12265,1.12266,1292,11,0
2019-03-26 06:00:00,1.12267,1.12292,1.12243,1.12265,1456,12,0
2019-03-26 08:00:00,1.12265,1.12409,1.12245,1.12403,3062,11,0
2019-03-26 10:00:00,1.12401,1.12408,1.12264,1.12342,6063,6,0
2019-03-26 12:00:00,1.12344,1.12463,1.12292,1.12352,5465,10,0
2019-03-26 14:00:00,1.12353,1.12364,1.12205,1.12219,7127,10,0
2019-03-26 16:00:00,1.12219,1.12344,1.12098,1.12116,6066,10,0
2019-03-26 18:00:00,1.12117,1.12191,1.12093,1.121,4240,8,0
2019-03-26 20:00:00,1.12099,1.121,1.12035,1.12057,3470,10,0
2019-03-26 22:00:00,1.12057,1.121,1.11993,1.1206,2431,9,0
2019-03-27 00:00:00,1.1206,1.12062,1.12012,1.12049,1084,11,0
2019-03-27 02:00:00,1.12047,1.12055,1.11985,1.12028,3131,12,0
2019-03-27 04:00:00,1.12028,1.12076,1.11993,1.12056,1832,11,0
2019-03-27 06:00:00,1.12057,1.12117,1.1205,1.12115,2009,12,0
2019-03-27 08:00:00,1.12115,1.12169,1.12035,1.12097,4498,11,0
2019-03-27 10:00:00,1.12097,1.12191,1.11978,1.12022,7952,11,0
2019-03-27 12:00:00,1.12023,1.12076,1.11722,1.12076,7285,7,0
2019-03-27 14:00:00,1.12077,1.12118,1.11876,1.11941,9222,10,0
2019-03-27 16:00:00,1.11941,1.12029,1.11853,1.11901,8158,8,0
2019-03-27 18:00:00,1.119,1.12025,1.11824,1.12004,6713,7,0
2019-03-27 20:00:00,1.12003,1.12071,1.11972,1.11972,3917,8,0
2019-03-27 22:00:00,1.11968,1.11988,1.11843,1.11869,1945,7,0
2019-03-28 00:00:00,1.11869,1.11921,1.1185,1.11921,1629,13,0
2019-03-28 02:00:00,1.11921,1.11928,1.1188,1.11909,3370,12,0
2019-03-28 04:00:00,1.11909,1.12011,1.11909,1.12005,2642,12,0
2019-03-28 06:00:00,1.12006,1.12037,1.11992,1.1202,2518,13,0
2019-03-28 08:00:00,1.12019,1.12056,1.11877,1.11887,4313,8,0
2019-03-28 10:00:00,1.11886,1.12135,1.1188,1.12038,8735,5,0
2019-03-28 12:00:00,1.12037,1.12052,1.11795,1.11805,6957,7,0
2019-03-28 14:00:00,1.11805,1.11876,1.11779,1.11817,8396,9,0
2019-03-28 16:00:00,1.11817,1.11965,1.1177,1.1182,7387,9,0
2019-03-28 18:00:00,1.11822,1.11838,1.1176,1.11817,5011,10,0
2019-03-28 20:00:00,1.11818,1.11822,1.11737,1.11787,3142,11,0
2019-03-28 22:00:00,1.11787,1.118,1.11645,1.11672,1666,12,0
2019-03-29 00:00:00,1.11673,1.11723,1.11652,1.11723,983,9,0
2019-03-29 02:00:00,1.11723,1.1179,1.11702,1.11767,3007,8,0
2019-03-29 04:00:00,1.11766,1.11816,1.11754,1.1181,2039,10,0
2019-03-29 06:00:00,1.11809,1.11877,1.11796,1.11861,2463,12,0
2019-03-29 08:00:00,1.11862,1.11897,1.11794,1.1183,3364,8,0
2019-03-29 10:00:00,1.11829,1.11868,1.11666,1.11681,6948,11,0
2019-03-29 12:00:00,1.11683,1.11887,1.11652,1.11838,6516,11,0
2019-03-29 14:00:00,1.11839,1.11875,1.11735,1.11749,5690,9,0
2019-03-29 16:00:00,1.1175,1.12003,1.11706,1.11846,9523,8,0
2019-03-29 18:00:00,1.11846,1.11859,1.11698,1.11717,5718,7,0
2019-03-29 20:00:00,1.11719,1.11746,1.11682,1.11683,3526,12,0
2019-03-29 22:00:00,1.11682,1.1169,1.11605,1.11605,1095,13,0
2019-04-01 00:00:00,1.11697,1.11781,1.1167,1.11679,662,8,0
2019-04-01 02:00:00,1.11682,1.11771,1.11665,1.11763,1867,11,0
2019-04-01 04:00:00,1.11762,1.11876,1.11759,1.11869,1849,11,0
2019-04-01 06:00:00,1.11868,1.11904,1.11847,1.11851,1560,10,0
2019-04-01 08:00:00,1.11852,1.11911,1.11789,1.1179,3343,11,0
2019-04-01 10:00:00,1.11789,1.11834,1.11687,1.11775,7620,8,0
2019-04-01 12:00:00,1.11776,1.11799,1.11685,1.11772,5850,8,0
2019-04-01 14:00:00,1.11773,1.11811,1.11692,1.11769,5683,11,0
2019-04-01 16:00:00,1.11769,1.12031,1.11745,1.11914,7832,8,0
2019-04-01 18:00:00,1.11917,1.11966,1.11908,1.11951,4275,4,0
2019-04-01 20:00:00,1.11951,1.12006,1.11939,1.1199,2383,10,0
2019-04-01 22:00:00,1.11991,1.12032,1.11917,1.11917,2480,9,0
2019-04-02 00:00:00,1.11845,1.11979,1.11845,1.11941,1665,10,0
2019-04-02 02:00:00,1.11941,1.11997,1.11939,1.11986,1224,11,0
2019-04-02 04:00:00,1.11985,1.11987,1.11869,1.11884,1678,11,0
2019-04-02 06:00:00,1.11883,1.11905,1.11856,1.11904,1972,12,0
2019-04-02 08:00:00,1.11904,1.1194,1.11857,1.11864,2986,11,0
2019-04-02 10:00:00,1.11863,1.11969,1.11816,1.11954,5749,10,0
2019-04-02 12:00:00,1.11953,1.12005,1.11907,1.11979,4601,11,0
2019-04-02 14:00:00,1.11978,1.12024,1.1192,1.11925,5359,7,0
2019-04-02 16:00:00,1.11924,1.11933,1.11732,1.11749,4413,11,0
2019-04-02 18:00:00,1.11751,1.11798,1.11682,1.11761,2433,17,0
2019-04-02 20:00:00,1.11763,1.11839,1.11752,1.1179,2735,17,0
2019-04-02 22:00:00,1.11791,1.1183,1.11768,1.11801,1208,17,0
2019-04-03 00:00:00,1.11748,1.11824,1.11704,1.11821,912,19,0
2019-04-03 02:00:00,1.11821,1.11932,1.11805,1.11929,1252,18,0
2019-04-03 04:00:00,1.11927,1.11997,1.11905,1.11987,1487,17,0
2019-04-03 06:00:00,1.11988,1.11996,1.11953,1.11961,831,17,0
2019-04-03 08:00:00,1.11962,1.12037,1.11957,1.12033,2216,17,0
2019-04-03 10:00:00,1.12033,1.12076,1.11971,1.12025,5528,17,0
2019-04-03 12:00:00,1.12025,1.12122,1.11971,1.1209,2839,17,0
2019-04-03 14:00:00,1.12089,1.12113,1.11923,1.11927,2853,17,0
2019-04-03 16:00:00,1.11927,1.11958,1.11855,1.11938,3633,17,0
2019-04-03 18:00:00,1.11941,1.1212,1.11923,1.12117,2359,17,0
2019-04-03 20:00:00,1.12117,1.12154,1.12102,1.12127,1259,19,0
2019-04-03 22:00:00,1.12128,1.12137,1.12082,1.12085,802,19,0
2019-04-04 00:00:00,1.12098,1.12132,1.1196,1.12124,1263,20,0
2019-04-04 02:00:00,1.12123,1.12183,1.12117,1.12157,1267,19,0
2019-04-04 04:00:00,1.1216,1.12169,1.12107,1.12118,1385,19,0
2019-04-04 06:00:00,1.12118,1.12184,1.12112,1.1217,711,19,0
2019-04-04 08:00:00,1.1217,1.12214,1.12108,1.12137,1683,19,0
2019-04-04 10:00:00,1.12137,1.12229,1.12101,1.12151,3548,19,0
2019-04-04 12:00:00,1.12151,1.12172,1.12061,1.12099,2753,19,0
2019-04-04 14:00:00,1.12098,1.12139,1.1203,1.12128,4022,19,0
2019-04-04 16:00:00,1.1213,1.12144,1.1204,1.12132,3930,19,0
2019-04-04 18:00:00,1.12134,1.12196,1.12105,1.12163,2222,19,0
2019-04-04 20:00:00,1.12164,1.12206,1.12131,1.12201,1385,19,0
2019-04-04 22:00:00,1.122,1.1224,1.1219,1.12192,907,19,0
2019-04-05 00:00:00,1.12192,1.12194,1.12049,1.12182,792,19,0
2019-04-05 02:00:00,1.12181,1.12281,1.12176,1.12237,1069,19,0
2019-04-05 04:00:00,1.12238,1.12281,1.12212,1.12271,584,19,0
2019-04-05 06:00:00,1.12272,1.1229,1.12267,1.1227,526,19,0
2019-04-05 08:00:00,1.12269,1.12322,1.12249,1.12272,1526,19,0
2019-04-05 10:00:00,1.12271,1.12288,1.1222,1.12284,2947,19,0
2019-04-05 12:00:00,1.12284,1.12362,1.1228,1.12334,2097,19,0
2019-04-05 14:00:00,1.12335,1.12387,1.12274,1.12337,4395,19,0
2019-04-05 16:00:00,1.12336,1.12354,1.12207,1.12242,3195,19,0
2019-04-05 18:00:00,1.12243,1.1227,1.12157,1.12172,2330,19,0
2019-04-05 20:00:00,1.12171,1.1219,1.1214,1.1216,1152,19,0
2019-04-05 22:00:00,1.12156,1.12168,1.12138,1.12155,771,19,0
2019-04-08 00:00:00,1.12132,1.12185,1.1206,1.12166,617,23,0
2019-04-08 02:00:00,1.12166,1.1219,1.1214,1.12142,978,19,0
2019-04-08 04:00:00,1.12144,1.12145,1.12099,1.12121,927,19,0
2019-04-08 06:00:00,1.1212,1.1215,1.12099,1.12125,1119,19,0
2019-04-08 08:00:00,1.12127,1.1222,1.12108,1.1221,1287,19,0
2019-04-08 10:00:00,1.12211,1.12349,1.12177,1.12344,1967,19,0
2019-04-08 12:00:00,1.12344,1.12394,1.12324,1.12375,1661,19,0
2019-04-08 14:00:00,1.12376,1.12511,1.12368,1.12502,3252,19,0
2019-04-08 16:00:00,1.12501,1.1254,1.12446,1.12502,3607,19,0
2019-04-08 18:00:00,1.12503,1.12557,1.12496,1.12534,1660,19,0
2019-04-08 20:00:00,1.12536,1.12548,1.12486,1.12499,919,19,0
2019-04-08 22:00:00,1.12499,1.12526,1.12458,1.12472,776,19,0
2019-04-09 00:00:00,1.12473,1.12539,1.12438,1.12468,1906,19,0
2019-04-09 02:00:00,1.12468,1.12506,1.12437,1.12468,1352,19,0
2019-04-09 04:00:00,1.12469,1.12512,1.12454,1.1249,1179,20,0
2019-04-09 06:00:00,1.12491,1.12537,1.12472,1.12516,727,19,0
2019-04-09 08:00:00,1.12515,1.12524,1.12445,1.12479,1389,19,0
2019-04-09 10:00:00,1.1248,1.12606,1.12451,1.12599,3587,19,0
2019-04-09 12:00:00,1.12599,1.12698,1.12511,1.12687,3315,19,0
2019-04-09 14:00:00,1.12686,1.12739,1.12649,1.12691,3322,19,0
2019-04-09 16:00:00,1.12692,1.12759,1.1257,1.12747,4248,19,0
2019-04-09 18:00:00,1.12747,1.12788,1.12696,1.12703,2800,19,0
2019-04-09 20:00:00,1.12699,1.12716,1.12584,1.12611,1101,19,0
2019-04-09 22:00:00,1.1261,1.1262,1.1257,1.12593,1343,19,0
2019-04-10 00:00:00,1.12595,1.12632,1.1258,1.12619,1116,22,0
2019-04-10 02:00:00,1.12618,1.12631,1.12582,1.12588,802,19,0
2019-04-10 04:00:00,1.12589,1.12629,1.12564,1.12625,938,19,0
2019-04-10 06:00:00,1.12624,1.12642,1.12609,1.12628,1005,19,0
2019-04-10 08:00:00,1.12627,1.12707,1.1262,1.12692,1222,19,0
2019-04-10 10:00:00,1.12692,1.12809,1.1267,1.128,2256,19,0
2019-04-10 12:00:00,1.12799,1.12836,1.1277,1.12814,1658,19,0
2019-04-10 14:00:00,1.12813,1.12825,1.12689,1.12717,5202,19,0
2019-04-10 16:00:00,1.12716,1.1281,1.12532,1.12766,6156,19,0
2019-04-10 18:00:00,1.12767,1.13034,1.1276,1.13017,2894,19,0
2019-04-10 20:00:00,1.13017,1.1302,1.12917,1.12981,2073,19,0
2019-04-10 22:00:00,1.12981,1.13033,1.12978,1.13007,1030,19,0
2019-04-11 00:00:00,1.13007,1.13028,1.12925,1.13013,917,19,0
2019-04-11 02:00:00,1.13014,1.1306,1.1298,1.12995,839,19,0
2019-04-11 04:00:00,1.12996,1.13024,1.1299,1.13011,686,19,0
2019-04-11 06:00:00,1.1301,1.13048,1.12996,1.13028,800,19,0
2019-04-11 08:00:00,1.13028,1.13049,1.12977,1.13002,1419,19,0
2019-04-11 10:00:00,1.13001,1.13097,1.12896,1.12932,3807,19,0
2019-04-11 12:00:00,1.12932,1.13017,1.12932,1.1301,1582,19,0
2019-04-11 14:00:00,1.13009,1.131,1.12931,1.13087,3698,19,0
2019-04-11 16:00:00,1.13089,1.13134,1.12938,1.13025,3298,19,0
2019-04-11 18:00:00,1.13026,1.13061,1.12906,1.12913,2153,19,0
2019-04-11 20:00:00,1.12914,1.12966,1.12886,1.1296,1282,19,0
2019-04-11 22:00:00,1.12961,1.12961,1.12897,1.12906,715,19,0
2019-04-12 00:00:00,1.12906,1.12934,1.12805,1.12909,1171,19,0
2019-04-12 02:00:00,1.1291,1.1317,1.12896,1.13105,2083,19,0
2019-04-12 04:00:00,1.13108,1.13197,1.13065,1.13186,1119,19,0
2019-04-12 06:00:00,1.13186,1.13219,1.13164,1.1319,846,19,0
2019-04-12 08:00:00,1.13189,1.13189,1.13105,1.13133,1170,19,0
2019-04-12 10:00:00,1.13134,1.13218,1.13092,1.13201,3090,19,0
2019-04-12 12:00:00,1.13201,1.13273,1.1317,1.13186,3251,19,0
2019-04-12 14:00:00,1.13185,1.13256,1.13163,1.1318,3791,19,0
2019-04-12 16:00:00,1.13178,1.13261,1.1314,1.13251,3445,19,0
2019-04-12 18:00:00,1.13252,1.13306,1.13182,1.13206,2750,19,0
2019-04-12 20:00:00,1.13207,1.13279,1.13181,1.13272,1173,19,0
2019-04-12 22:00:00,1.13269,1.13295,1.13219,1.13219,1070,19,0
2019-04-15 00:00:00,1.13224,1.13307,1.13206,1.13292,513,20,0
2019-04-15 02:00:00,1.13293,1.13334,1.13284,1.1332,916,19,0
2019-04-15 04:00:00,1.13319,1.1339,1.13307,1.1338,849,19,0
2019-04-15 06:00:00,1.13381,1.13385,1.133,1.13301,842,19,0
2019-04-15 08:00:00,1.13301,1.13303,1.13229,1.13257,1223,19,0
2019-04-15 10:00:00,1.13257,1.13437,1.13252,1.1343,2567,19,0
2019-04-15 12:00:00,1.13429,1.1345,1.13352,1.13411,2090,19,0
2019-04-15 14:00:00,1.13411,1.13449,1.13392,1.13403,2213,19,0
2019-04-15 16:00:00,1.13403,1.13469,1.13398,1.13452,2965,19,0
2019-04-15 18:00:00,1.13453,1.13514,1.13418,1.13494,1871,19,0
2019-04-15 20:00:00,1.13493,1.13531,1.13467,1.13507,941,19,0
2019-04-15 22:00:00,1.13507,1.13509,1.13443,1.13475,985,19,0
2019-04-16 00:00:00,1.13454,1.13488,1.13411,1.13458,745,19,0
2019-04-16 02:00:00,1.13457,1.13505,1.13448,1.13495,953,19,0
2019-04-16 04:00:00,1.13496,1.13513,1.13425,1.13434,1543,19,0
2019-04-16 06:00:00,1.13433,1.13462,1.13428,1.13458,674,19,0
2019-04-16 08:00:00,1.13457,1.13511,1.13451,1.13504,1351,19,0
2019-04-16 10:00:00,1.13504,1.13619,1.13478,1.13603,3302,19,0
2019-04-16 12:00:00,1.13603,1.13666,1.13428,1.13654,4874,19,0
2019-04-16 14:00:00,1.13654,1.13768,1.13649,1.13689,3550,19,0
2019-04-16 16:00:00,1.1369,1.13745,1.13654,1.13736,3912,19,0
2019-04-16 18:00:00,1.13736,1.1374,1.13616,1.1373,2663,19,0
2019-04-16 20:00:00,1.13729,1.13734,1.13683,1.13707,1394,19,0
2019-04-16 22:00:00,1.13708,1.13723,1.1365,1.13656,1612,19,0
2019-04-17 00:00:00,1.13656,1.13722,1.13616,1.13676,1546,19,0
2019-04-17 02:00:00,1.13676,1.13735,1.13672,1.1373,1174,19,0
2019-04-17 04:00:00,1.13731,1.13818,1.13726,1.13782,1339,19,0
2019-04-17 06:00:00,1.13781,1.13827,1.13778,1.13822,769,19,0
2019-04-17 08:00:00,1.13821,1.13928,1.13819,1.13894,1548,19,0
2019-04-17 10:00:00,1.13893,1.1411,1.13884,1.13997,2766,19,0
2019-04-17 12:00:00,1.13997,1.14084,1.1394,1.14084,2176,19,0
2019-04-17 14:00:00,1.14084,1.14115,1.13923,1.14007,2565,19,0
2019-04-17 16:00:00,1.14004,1.14045,1.13943,1.14031,3723,19,0
2019-04-17 18:00:00,1.14031,1.14154,1.13984,1.14152,2545,19,0
2019-04-17 20:00:00,1.14152,1.14198,1.14115,1.1415,1374,19,0
2019-04-17 22:00:00,1.1415,1.14214,1.14102,1.14124,964,19,0
2019-04-18 00:00:00,1.14115,1.14195,1.14083,1.14174,1404,19,0
2019-04-18 02:00:00,1.14176,1.14185,1.14146,1.14162,491,19,0
2019-04-18 04:00:00,1.14163,1.14182,1.14069,1.1408,1201,19,0
2019-04-18 06:00:00,1.14079,1.14086,1.1406,1.14068,596,19,0
2019-04-18 08:00:00,1.14069,1.14126,1.14067,1.14089,1378,19,0
2019-04-18 10:00:00,1.14089,1.14111,1.1365,1.13821,7574,19,0
2019-04-18 12:00:00,1.1382,1.13822,1.13726,1.13786,3055,19,0
2019-04-18 14:00:00,1.13787,1.13868,1.13767,1.1385,4907,19,0
2019-04-18 16:00:00,1.13849,1.13998,1.13833,1.13939,5177,19,0
2019-04-18 18:00:00,1.13943,1.14134,1.13921,1.14037,2605,19,0
2019-04-18 20:00:00,1.14037,1.14054,1.13952,1.14011,1486,19,0
2019-04-18 22:00:00,1.1401,1.14085,1.14002,1.1401,1523,19,0
2019-04-19 00:00:00,1.13971,1.14059,1.13937,1.14055,678,22,0
2019-04-19 02:00:00,1.14055,1.14085,1.14017,1.14085,673,19,0
2019-04-19 04:00:00,1.14085,1.14098,1.1399,1.1402,1142,19,0
2019-04-19 06:00:00,1.14021,1.14083,1.13997,1.14058,5238,19,0
2019-04-19 08:00:00,1.14059,1.14083,1.1394,1.1397,21427,19,0
2019-04-19 10:00:00,1.13967,1.13995,1.13903,1.13955,1807,19,0
2019-04-19 12:00:00,1.13956,1.14,1.13949,1.1399,2147,19,0
2019-04-19 14:00:00,1.13991,1.13993,1.13955,1.13981,2904,20,0
2019-04-19 16:00:00,1.13979,1.14006,1.13963,1.13998,1782,19,0
2019-04-19 18:00:00,1.13997,1.14089,1.13986,1.14057,3914,19,0
2019-04-19 20:00:00,1.14055,1.14099,1.14023,1.14052,2158,19,0
2019-04-19 22:00:00,1.14051,1.14091,1.13976,1.13992,1599,40,0
2019-04-22 00:00:00,1.13983,1.14059,1.13942,1.14053,554,19,0
2019-04-22 02:00:00,1.14054,1.14076,1.14044,1.14046,480,19,0
2019-04-22 04:00:00,1.14049,1.14065,1.14014,1.14041,553,19,0
2019-04-22 06:00:00,1.1404,1.1406,1.14014,1.14037,398,19,0
2019-04-22 08:00:00,1.14039,1.14074,1.14038,1.14065,753,19,0
2019-04-22 10:00:00,1.14065,1.14123,1.14047,1.14117,946,19,0
2019-04-22 12:00:00,1.14116,1.14163,1.14114,1.14142,482,19,0
2019-04-22 14:00:00,1.14142,1.14187,1.14114,1.14177,1243,19,0
2019-04-22 16:00:00,1.14178,1.1433,1.14173,1.14315,1556,19,0
2019-04-22 18:00:00,1.14308,1.1435,1.14288,1.14326,965,19,0
2019-04-22 20:00:00,1.14327,1.14386,1.1431,1.14383,645,19,0
2019-04-22 22:00:00,1.14383,1.14383,1.14292,1.14292,654,19,0
2019-04-23 00:00:00,1.14256,1.14342,1.14253,1.14329,1132,19,0
2019-04-23 02:00:00,1.14332,1.14342,1.14253,1.14254,792,19,0
2019-04-23 04:00:00,1.14256,1.1429,1.14256,1.14272,748,19,0
2019-04-23 06:00:00,1.14273,1.14308,1.14273,1.14294,578,19,0
2019-04-23 08:00:00,1.14294,1.14387,1.14242,1.14383,1595,19,0
2019-04-23 10:00:00,1.14382,1.14645,1.14339,1.14571,3307,19,0
2019-04-23 12:00:00,1.14571,1.14755,1.14558,1.14689,2479,19,0
2019-04-23 14:00:00,1.1469,1.14751,1.1456,1.14588,3374,19,0
2019-04-23 16:00:00,1.14588,1.14667,1.14386,1.14462,4853,19,0
2019-04-23 18:00:00,1.14463,1.1458,1.14437,1.1448,2651,19,0
2019-04-23 20:00:00,1.1448,1.14483,1.14371,1.14408,1485,19,0
2019-04-23 22:00:00,1.1441,1.14507,1.14403,1.14491,1216,19,0
2019-04-24 00:00:00,1.14489,1.14524,1.14432,1.14474,3329,19,0
2019-04-24 02:00:00,1.14474,1.14499,1.14451,1.14476,1216,19,0
2019-04-24 04:00:00,1.14475,1.14512,1.14418,1.14471,1659,19,0
2019-04-24 06:00:00,1.14471,1.14472,1.1441,1.14416,777,19,0
2019-04-24 08:00:00,1.14418,1.14427,1.14283,1.14306,1608,19,0
2019-04-24 10:00:00,1.14308,1.14377,1.14102,1.14165,4424,19,0
2019-04-24 12:00:00,1.14165,1.1426,1.14141,1.14171,2221,19,0
2019-04-24 14:00:00,1.1417,1.14177,1.141,1.14136,2385,19,0
2019-04-24 16:00:00,1.14135,1.14135,1.1387,1.13969,5228,19,0
2019-04-24 18:00:00,1.13969,1.14033,1.13802,1.13886,3516,19,0
2019-04-24 20:00:00,1.13885,1.13912,1.13825,1.13836,3196,19,0
2019-04-24 22:00:00,1.13837,1.13869,1.13785,1.13809,1800,19,0
2019-04-25 00:00:00,1.13803,1.13839,1.13789,1.1382,2461,19,0
2019-04-25 02:00:00,1.13819,1.13859,1.13776,1.13846,980,19,0
2019-04-25 04:00:00,1.13844,1.1385,1.13773,1.13819,1067,19,0
2019-04-25 06:00:00,1.13819,1.1384,1.13795,1.13809,720,19,0
2019-04-25 08:00:00,1.13809,1.13882,1.13777,1.13865,1636,19,0
2019-04-25 10:00:00,1.13865,1.13872,1.13691,1.13694,4060,19,0
2019-04-25 12:00:00,1.13692,1.13823,1.1365,1.13805,2852,19,0
2019-04-25 14:00:00,1.13802,1.13805,1.136,1.13686,4248,19,0
2019-04-25 16:00:00,1.13686,1.13737,1.13627,1.13706,4448,19,0
2019-04-25 18:00:00,1.13708,1.13728,1.13548,1.13623,2661,19,0
2019-04-25 20:00:00,1.13622,1.1363,1.13574,1.13611,1732,19,0
2019-04-25 22:00:00,1.1361,1.13647,1.13563,1.13565,1202,19,0
2019-04-26 00:00:00,1.13563,1.1362,1.1351,1.13595,935,19,0
2019-04-26 02:00:00,1.13594,1.13624,1.135,1.13546,1259,19,0
2019-04-26 04:00:00,1.13545,1.13619,1.13506,1.13598,1287,19,0
2019-04-26 06:00:00,1.13597,1.13598,1.13574,1.13576,561,19,0
2019-04-26 08:00:00,1.13576,1.1369,1.1356,1.13679,1598,19,0
2019-04-26 10:00:00,1.13678,1.13747,1.13597,1.13699,2562,19,0
2019-04-26 12:00:00,1.137,1.1375,1.13612,1.13738,1783,19,0
2019-04-26 14:00:00,1.13737,1.13844,1.13697,1.13732,5225,19,0
2019-04-26 16:00:00,1.13731,1.1384,1.13638,1.1378,6704,19,0
2019-04-26 18:00:00,1.13781,1.13783,1.13627,1.13725,2744,19,0
2019-04-26 20:00:00,1.13726,1.13732,1.13633,1.13665,1215,19,0
2019-04-26 22:00:00,1.13667,1.13689,1.13563,1.13666,1957,19,0
2019-04-29 00:00:00,1.13577,1.13673,1.13577,1.13658,250,22,0
2019-04-29 02:00:00,1.13657,1.13673,1.13636,1.13659,716,19,0
2019-04-29 04:00:00,1.13661,1.13682,1.13653,1.13661,734,19,0
2019-04-29 06:00:00,1.1366,1.13707,1.13657,1.13702,514,19,0
2019-04-29 08:00:00,1.13704,1.13782,1.13678,1.1378,1154,19,0
2019-04-29 10:00:00,1.13781,1.13873,1.1372,1.13791,2003,19,0
2019-04-29 12:00:00,1.13788,1.1384,1.13669,1.13744,1786,19,0
2019-04-29 14:00:00,1.13743,1.13928,1.13738,1.13918,2523,19,0
2019-04-29 16:00:00,1.13915,1.13916,1.13798,1.13856,2789,19,0
2019-04-29 18:00:00,1.13856,1.14013,1.13839,1.14008,2338,19,0
2019-04-29 20:00:00,1.14006,1.14081,1.13987,1.14037,1391,19,0
2019-04-29 22:00:00,1.14037,1.14063,1.14,1.14015,751,19,0
2019-04-30 00:00:00,1.13983,1.14033,1.13927,1.14013,482,19,0
2019-04-30 02:00:00,1.14014,1.14043,1.1399,1.1403,519,19,0
2019-04-30 04:00:00,1.14028,1.14048,1.1398,1.14044,1092,19,0
2019-04-30 06:00:00,1.14044,1.14051,1.14003,1.14025,599,19,0
2019-04-30 08:00:00,1.14025,1.14035,1.13876,1.1392,1579,19,0
2019-04-30 10:00:00,1.13921,1.14089,1.13884,1.14087,4053,19,0
2019-04-30 12:00:00,1.14083,1.14282,1.14083,1.14267,2633,19,0
2019-04-30 14:00:00,1.14266,1.14411,1.14232,1.14348,3009,19,0
2019-04-30 16:00:00,1.14349,1.14442,1.14157,1.14161,4941,19,0
2019-04-30 18:00:00,1.14156,1.14292,1.14156,1.14255,3045,19,0
2019-04-30 20:00:00,1.14255,1.14334,1.14213,1.14306,2388,19,0
2019-04-30 22:00:00,1.14302,1.1431,1.14247,1.14283,1896,19,0
2019-05-01 00:00:00,1.14276,1.14294,1.14209,1.1427,559,19,0
2019-05-01 02:00:00,1.1427,1.14302,1.14246,1.14251,825,19,0
2019-05-01 04:00:00,1.14252,1.14299,1.14246,1.14294,433,19,0
2019-05-01 06:00:00,1.14293,1.14352,1.1429,1.14339,404,19,0
2019-05-01 08:00:00,1.1434,1.14386,1.14338,1.14367,655,19,0
2019-05-01 10:00:00,1.14364,1.14388,1.14135,1.14177,1638,19,0
2019-05-01 12:00:00,1.14178,1.14211,1.14075,1.14126,1724,19,0
2019-05-01 14:00:00,1.14127,1.14154,1.14055,1.14058,2588,19,0
2019-05-01 16:00:00,1.14057,1.14094,1.13966,1.14058,4170,19,0
2019-05-01 18:00:00,1.14061,1.1408,1.13979,1.13999,2016,19,0
2019-05-01 20:00:00,1.14001,1.14104,1.13917,1.13973,7275,19,0
2019-05-01 22:00:00,1.13975,1.13987,1.13892,1.1397,3827,19,0
2019-05-02 00:00:00,1.13985,1.13985,1.13892,1.13942,928,19,0
2019-05-02 02:00:00,1.13943,1.14023,1.13937,1.14018,664,19,0
2019-05-02 04:00:00,1.1402,1.14072,1.14008,1.14049,1006,19,0
2019-05-02 06:00:00,1.14051,1.14067,1.13999,1.14014,731,19,0
2019-05-02 08:00:00,1.14013,1.14031,1.1398,1.13997,1527,19,0
2019-05-02 10:00:00,1.13996,1.14264,1.13984,1.14167,3623,19,0
2019-05-02 12:00:00,1.14166,1.14238,1.14142,1.14144,1700,19,0
2019-05-02 14:00:00,1.14146,1.14208,1.14045,1.14049,3218,19,0
2019-05-02 16:00:00,1.14051,1.14126,1.13947,1.13953,4363,12,0
2019-05-02 18:00:00,1.13955,1.13982,1.13826,1.13889,5488,11,0
2019-05-02 20:00:00,1.1389,1.13927,1.1387,1.13916,3080,13,0
2019-05-02 22:00:00,1.13918,1.13935,1.13858,1.13885,1731,15,0
2019-05-03 00:00:00,1.13873,1.13902,1.13817,1.13893,1033,16,0
2019-05-03 02:00:00,1.13893,1.13912,1.13877,1.13912,789,12,0
2019-05-03 04:00:00,1.13912,1.13915,1.13876,1.13908,1301,14,0
2019-05-03 06:00:00,1.13908,1.13953,1.13902,1.13906,1205,15,0
2019-05-03 08:00:00,1.13906,1.1396,1.13872,1.13899,2136,15,0
2019-05-03 10:00:00,1.13896,1.1393,1.13829,1.13878,3716,15,0
2019-05-03 12:00:00,1.13891,1.13911,1.13773,1.13773,3260,13,0
2019-05-03 14:00:00,1.13773,1.13827,1.13712,1.13764,6387,11,0
2019-05-03 16:00:00,1.13766,1.13921,1.13748,1.13835,8736,9,0
2019-05-03 18:00:00,1.13836,1.13918,1.13827,1.13877,5896,12,0
2019-05-03 20:00:00,1.13878,1.13913,1.13855,1.13895,3714,10,0
2019-05-03 22:00:00,1.13895,1.13917,1.1382,1.1382,2200,15,0
2019-05-06 00:00:00,1.13491,1.13789,1.13491,1.13771,2135,10,0
2019-05-06 02:00:00,1.13771,1.13791,1.13595,1.13622,3317,12,0
2019-05-06 04:00:00,1.13622,1.13736,1.13615,1.1367,2485,11,0
2019-05-06 06:00:00,1.1367,1.13706,1.13634,1.13679,2161,15,0
2019-05-06 08:00:00,1.13681,1.13751,1.13629,1.13719,2210,14,0
2019-05-06 10:00:00,1.1372,1.13825,1.13662,1.1379,4059,12,0
2019-05-06 12:00:00,1.1379,1.14076,1.13786,1.14058,3534,10,0
2019-05-06 14:00:00,1.14056,1.14072,1.13968,1.13999,4305,13,0
2019-05-06 16:00:00,1.14,1.14074,1.13956,1.13979,5400,13,0
2019-05-06 18:00:00,1.13974,1.14036,1.13912,1.13912,3922,14,0
2019-05-06 20:00:00,1.13912,1.13988,1.13903,1.13984,2366,14,0
2019-05-06 22:00:00,1.13983,1.14003,1.13911,1.13954,1595,13,0
2019-05-07 00:00:00,1.13889,1.13979,1.13843,1.13931,2811,15,0
2019-05-07 02:00:00,1.13931,1.13961,1.13901,1.1393,1328,12,0
2019-05-07 04:00:00,1.13928,1.13948,1.13902,1.13943,1659,15,0
2019-05-07 06:00:00,1.13943,1.13962,1.13911,1.13952,2111,12,0
2019-05-07 08:00:00,1.13954,1.14032,1.13919,1.13967,3240,14,0
2019-05-07 10:00:00,1.13966,1.14081,1.13961,1.14028,5190,13,0
2019-05-07 12:00:00,1.14028,1.14175,1.14011,1.14136,2829,11,0
2019-05-07 14:00:00,1.14136,1.14183,1.14072,1.14146,3896,14,0
2019-05-07 16:00:00,1.14147,1.1439,1.14097,1.14348,5882,5,0
2019-05-07 18:00:00,1.14348,1.14354,1.1408,1.14106,4891,12,0
2019-05-07 20:00:00,1.14107,1.14109,1.13945,1.14014,4664,9,0
2019-05-07 22:00:00,1.14017,1.14098,1.13978,1.14057,2673,14,0
2019-05-08 00:00:00,1.14058,1.14117,1.13999,1.14097,2049,2,0
2019-05-08 02:00:00,1.14097,1.14114,1.14066,1.14068,1393,15,0
2019-05-08 04:00:00,1.14068,1.1415,1.14065,1.14119,2590,13,0
2019-05-08 06:00:00,1.1412,1.14158,1.14108,1.14139,1303,15,0
2019-05-08 08:00:00,1.14139,1.14288,1.14126,1.14207,2808,15,0
2019-05-08 10:00:00,1.14205,1.14208,1.1394,1.13964,5223,12,0
2019-05-08 12:00:00,1.13967,1.13979,1.13825,1.13943,4390,11,0
2019-05-08 14:00:00,1.13942,1.1417,1.13918,1.14058,6292,11,0
2019-05-08 16:00:00,1.14058,1.14144,1.13952,1.14074,6316,12,0
2019-05-08 18:00:00,1.14073,1.14123,1.13997,1.14092,6408,13,0
2019-05-08 20:00:00,1.1409,1.1418,1.14075,1.14174,3088,15,0
2019-05-08 22:00:00,1.14175,1.14229,1.14149,1.14158,1605,14,0
2019-05-09 00:00:00,1.14153,1.14254,1.14105,1.14246,1749,14,0
2019-05-09 02:00:00,1.14245,1.14274,1.1416,1.14212,2031,10,0
2019-05-09 04:00:00,1.14212,1.14249,1.14194,1.14218,1795,15,0
2019-05-09 06:00:00,1.14219,1.14246,1.14192,1.14244,1323,14,0
2019-05-09 08:00:00,1.14245,1.14271,1.14123,1.14153,2398,14,0
2019-05-09 10:00:00,1.14156,1.14164,1.13724,1.13866,7565,13,0
2019-05-09 12:00:00,1.13867,1.14049,1.13867,1.14031,4024,12,0
2019-05-09 14:00:00,1.14032,1.14039,1.1379,1.13817,4211,12,0
2019-05-09 16:00:00,1.13819,1.13962,1.13704,1.13825,9300,8,0
2019-05-09 18:00:00,1.13825,1.13864,1.1372,1.13769,6316,9,0
2019-05-09 20:00:00,1.13771,1.13944,1.13761,1.13891,3855,12,0
2019-05-09 22:00:00,1.13892,1.13893,1.13779,1.13789,2105,14,0
2019-05-10 00:00:00,1.13784,1.13882,1.13736,1.13875,1503,17,0
2019-05-10 02:00:00,1.13874,1.14054,1.1387,1.14029,3569,15,0
2019-05-10 04:00:00,1.14028,1.14083,1.13986,1.13987,2308,15,0
2019-05-10 06:00:00,1.13987,1.13998,1.13862,1.13867,2638,14,0
2019-05-10 08:00:00,1.13866,1.13928,1.13822,1.13891,2334,15,0
2019-05-10 10:00:00,1.1389,1.1398,1.13806,1.13822,4333,12,0
2019-05-10 12:00:00,1.13823,1.13951,1.13795,1.13809,3623,12,0
2019-05-10 14:00:00,1.13809,1.13875,1.13599,1.13702,6389,5,0
2019-05-10 16:00:00,1.13703,1.13817,1.13615,1.13663,5914,6,0
2019-05-10 18:00:00,1.13662,1.13707,1.13616,1.13658,4626,14,0
2019-05-10 20:00:00,1.13657,1.13756,1.13635,1.13721,3384,14,0
2019-05-10 22:00:00,1.1372,1.13737,1.13589,1.13617,2381,11,0
2019-05-13 00:00:00,1.13636,1.13679,1.13543,1.13586,1342,0,0
2019-05-13 02:00:00,1.13587,1.1359,1.13521,1.13535,1391,15,0
2019-05-13 04:00:00,1.13534,1.13559,1.13525,1.13546,1360,15,0
2019-05-13 06:00:00,1.13544,1.13555,1.1351,1.13548,802,15,0
2019-05-13 08:00:00,1.13547,1.13572,1.13441,1.13441,1504,14,0
2019-05-13 10:00:00,1.13441,1.13459,1.13316,1.13376,5377,12,0
2019-05-13 12:00:00,1.13378,1.13423,1.13229,1.13233,3359,13,0
2019-05-13 14:00:00,1.13234,1.13339,1.1308,1.13315,7102,11,0
2019-05-13 16:00:00,1.13316,1.13331,1.13081,1.13118,7561,9,0
2019-05-13 18:00:00,1.13118,1.13154,1.12971,1.12996,5174,13,0
2019-05-13 20:00:00,1.12995,1.13052,1.12944,1.13041,3795,14,0
2019-05-13 22:00:00,1.1304,1.13077,1.1291,1.12912,2213,13,0
2019-05-14 00:00:00,1.12905,1.12938,1.12875,1.12899,1205,15,0
2019-05-14 02:00:00,1.12899,1.13049,1.12896,1.13045,1779,14,0
2019-05-14 04:00:00,1.13048,1.1311,1.13003,1.13077,1952,16,0
2019-05-14 06:00:00,1.13077,1.13153,1.13076,1.13128,1459,14,0
2019-05-14 08:00:00,1.13127,1.13157,1.13037,1.1309,1979,14,0
2019-05-14 10:00:00,1.13087,1.13275,1.1308,1.13239,4605,12,0
2019-05-14 12:00:00,1.13239,1.13286,1.13173,1.13174,3415,12,0
2019-05-14 14:00:00,1.13173,1.13227,1.12889,1.13027,5354,11,0
2019-05-14 16:00:00,1.13026,1.13085,1.12958,1.13075,5152,14,0
2019-05-14 18:00:00,1.13074,1.1318,1.13021,1.1312,3431,13,0
2019-05-14 20:00:00,1.13119,1.13169,1.13106,1.1311,2103,14,0
2019-05-14 22:00:00,1.1311,1.13148,1.12986,1.12986,1769,14,0
2019-05-15 00:00:00,1.12985,1.13022,1.12966,1.13015,789,17,0
2019-05-15 02:00:00,1.13013,1.13037,1.12913,1.12924,1017,14,0
2019-05-15 04:00:00,1.12924,1.13011,1.12917,1.13006,1471,15,0
2019-05-15 06:00:00,1.13006,1.13067,1.13,1.13066,990,14,0
2019-05-15 08:00:00,1.13067,1.13107,1.13021,1.13076,1779,14,0
2019-05-15 10:00:00,1.13076,1.13077,1.12746,1.1276,5272,8,0
2019-05-15 12:00:00,1.12759,1.12834,1.12739,1.12774,3910,12,0
2019-05-15 14:00:00,1.12774,1.12796,1.12634,1.12722,5697,9,0
2019-05-15 16:00:00,1.1272,1.1313,1.12695,1.13016,8098,0,0
2019-05-15 18:00:00,1.13016,1.13117,1.12962,1.13092,4300,12,0
2019-05-15 20:00:00,1.13091,1.13112,1.13051,1.13066,1867,14,0
2019-05-15 22:00:00,1.13067,1.13081,1.12971,1.12975,1430,10,0
2019-05-16 00:00:00,1.12976,1.1301,1.12935,1.12981,1243,16,0
2019-05-16 02:00:00,1.1298,1.13,1.12945,1.12975,1105,15,0
2019-05-16 04:00:00,1.12974,1.13033,1.1292,1.13022,1573,13,0
2019-05-16 06:00:00,1.13023,1.13052,1.13008,1.13017,736,15,0
2019-05-16 08:00:00,1.13016,1.1302,1.12938,1.12963,1569,13,0
2019-05-16 10:00:00,1.12961,1.13168,1.12906,1.13105,3801,14,0
2019-05-16 12:00:00,1.13104,1.13135,1.13053,1.13058,3321,11,0
2019-05-16 14:00:00,1.13058,1.13118,1.13003,1.13019,4525,12,0
2019-05-16 16:00:00,1.13018,1.13045,1.12842,1.12863,5504,7,0
2019-05-16 18:00:00,1.12863,1.12918,1.12842,1.12843,3129,13,0
2019-05-16 20:00:00,1.12845,1.12871,1.12815,1.12833,2168,15,0
2019-05-16 22:00:00,1.12831,1.12876,1.12805,1.12835,1754,15,0
2019-05-17 00:00:00,1.12835,1.12865,1.12779,1.12852,1987,15,0
2019-05-17 02:00:00,1.12849,1.12894,1.12839,1.12884,951,13,0
2019-05-17 04:00:00,1.12883,1.12904,1.12873,1.12873,950,15,0
2019-05-17 06:00:00,1.12873,1.12883,1.12763,1.12824,1257,14,0
2019-05-17 08:00:00,1.12825,1.12871,1.1269,1.12851,2651,13,0
2019-05-17 10:00:00,1.12851,1.12853,1.12716,1.12754,4162,13,0
2019-05-17 12:00:00,1.12754,1.12882,1.12747,1.12843,4349,11,0
2019-05-17 14:00:00,1.12843,1.12928,1.12809,1.12913,4901,11,0
2019-05-17 16:00:00,1.12915,1.12983,1.12809,1.1286,6646,11,0
2019-05-17 18:00:00,1.12861,1.129,1.1279,1.12823,3361,9,0
2019-05-17 20:00:00,1.12822,1.12869,1.12801,1.1282,2350,15,0
2019-05-17 22:00:00,1.1282,1.12823,1.12754,1.12766,2777,13,0
2019-05-20 00:00:00,1.1275,1.12841,1.1275,1.12809,537,11,0
2019-05-20 02:00:00,1.12808,1.12887,1.12802,1.12886,1266,13,0
2019-05-20 04:00:00,1.12887,1.12919,1.12851,1.12852,1239,17,0
2019-05-20 06:00:00,1.12853,1.12869,1.12822,1.12867,1051,14,0
2019-05-20 08:00:00,1.12868,1.12875,1.12789,1.12817,1789,14,0
2019-05-20 10:00:00,1.12816,1.1284,1.12569,1.12571,3808,14,0
2019-05-20 12:00:00,1.12572,1.1266,1.12562,1.1264,3114,13,0
2019-05-20 14:00:00,1.12639,1.12649,1.12592,1.12624,2631,13,0
2019-05-20 16:00:00,1.12623,1.12654,1.12586,1.12597,4408,13,0
2019-05-20 18:00:00,1.12598,1.12706,1.1259,1.126,2923,14,0
2019-05-20 20:00:00,1.12602,1.12636,1.12598,1.1261,1559,15,0
2019-05-20 22:00:00,1.12609,1.12613,1.12591,1.12595,1165,15,0
2019-05-21 00:00:00,1.12591,1.12655,1.12591,1.12603,1086,7,0
2019-05-21 02:00:00,1.12603,1.12724,1.12603,1.12699,1303,8,0
2019-05-21 04:00:00,1.12699,1.12711,1.12671,1.12701,1271,14,0
2019-05-21 06:00:00,1.12701,1.12717,1.1267,1.12692,1088,13,0
2019-05-21 08:00:00,1.12692,1.12804,1.12668,1.12798,2273,11,0
2019-05-21 10:00:00,1.12797,1.12809,1.12549,1.12594,4094,12,0
2019-05-21 12:00:00,1.12592,1.12636,1.12574,1.12599,2698,13,0
2019-05-21 14:00:00,1.12599,1.12819,1.12586,1.12794,3732,14,0
2019-05-21 16:00:00,1.12793,1.12884,1.12668,1.1285,5470,12,0
2019-05-21 18:00:00,1.1285,1.12909,1.12712,1.12789,5786,4,0
2019-05-21 20:00:00,1.1279,1.12858,1.12773,1.12836,1981,13,0
2019-05-21 22:00:00,1.12835,1.12883,1.12816,1.12817,1313,14,0
2019-05-22 00:00:00,1.12816,1.12867,1.12768,1.12856,2062,15,0
2019-05-22 02:00:00,1.12855,1.12877,1.1281,1.12811,1114,15,0
2019-05-22 04:00:00,1.12813,1.12892,1.12811,1.12879,1064,15,0
2019-05-22 06:00:00,1.12878,1.1291,1.12843,1.12864,1086,15,0
2019-05-22 08:00:00,1.12863,1.12867,1.12784,1.12799,1867,15,0
2019-05-22 10:00:00,1.12799,1.12819,1.12716,1.12783,3594,11,0
2019-05-22 12:00:00,1.12783,1.12871,1.12751,1.12753,2730,14,0
2019-05-22 14:00:00,1.12754,1.12756,1.12482,1.12483,4208,11,0
2019-05-22 16:00:00,1.12482,1.12602,1.12447,1.12557,5090,0,0
2019-05-22 18:00:00,1.12556,1.12579,1.12503,1.12515,2945,11,0
2019-05-22 20:00:00,1.12515,1.1257,1.12502,1.12553,2081,9,0
2019-05-22 22:00:00,1.12552,1.12608,1.12547,1.12558,1438,17,0
2019-05-23 00:00:00,1.12548,1.12598,1.12534,1.12557,1554,11,0
2019-05-23 02:00:00,1.12556,1.1259,1.12543,1.12559,917,15,0
2019-05-23 04:00:00,1.12558,1.12559,1.12401,1.12426,1677,13,0
2019-05-23 06:00:00,1.12426,1.12467,1.12422,1.12455,995,15,0
2019-05-23 08:00:00,1.12456,1.12456,1.12391,1.12446,2295,12,0
2019-05-23 10:00:00,1.12448,1.12471,1.12343,1.12409,4766,3,0
2019-05-23 12:00:00,1.12408,1.12437,1.12282,1.12297,2436,15,0
2019-05-23 14:00:00,1.12298,1.12332,1.12173,1.12212,3983,13,0
2019-05-23 16:00:00,1.12213,1.12281,1.12051,1.12216,9647,11,0
2019-05-23 18:00:00,1.12216,1.12234,1.12126,1.12203,5749,13,0
2019-05-23 20:00:00,1.12203,1.12203,1.12096,1.12111,2899,12,0
2019-05-23 22:00:00,1.12113,1.12186,1.12093,1.12158,1871,15,0
2019-05-24 00:00:00,1.12126,1.12201,1.12085,1.12154,1895,16,0
2019-05-24 02:00:00,1.12154,1.12235,1.12148,1.12235,1321,13,0
2019-05-24 04:00:00,1.12236,1.12243,1.12213,1.12231,1348,14,0
2019-05-24 06:00:00,1.12232,1.12268,1.12215,1.12242,962,14,0
2019-05-24 08:00:00,1.12242,1.12332,1.12178,1.12193,3031,10,0
2019-05-24 10:00:00,1.12189,1.1222,1.11944,1.12152,5888,11,0
2019-05-24 12:00:00,1.12152,1.12269,1.12085,1.1215,3362,15,0
2019-05-24 14:00:00,1.12152,1.12259,1.12121,1.12199,4432,12,0
2019-05-24 16:00:00,1.12198,1.1227,1.12161,1.12254,4921,8,0
2019-05-24 18:00:00,1.12255,1.12261,1.12169,1.12224,3269,10,0
2019-05-24 20:00:00,1.12226,1.12249,1.12191,1.12248,1736,12,0
2019-05-24 22:00:00,1.12249,1.1226,1.12203,1.12203,1128,14,0
2019-05-27 00:00:00,1.12189,1.12315,1.12189,1.12303,782,18,0
2019-05-27 02:00:00,1.12302,1.1232,1.12266,1.12316,913,13,0
2019-05-27 04:00:00,1.12316,1.12387,1.12292,1.12384,1032,16,0
2019-05-27 06:00:00,1.12385,1.1242,1.12377,1.12382,564,15,0
2019-05-27 08:00:00,1.12382,1.12547,1.12382,1.12433,2000,12,0
2019-05-27 10:00:00,1.12431,1.12628,1.1235,1.12565,3514,9,0
2019-05-27 12:00:00,1.12564,1.12587,1.12476,1.12479,2276,13,0
2019-05-27 14:00:00,1.12479,1.12574,1.12473,1.1254,2616,12,0
2019-05-27 16:00:00,1.12541,1.12571,1.12369,1.12404,2636,11,0
2019-05-27 18:00:00,1.12405,1.1242,1.12338,1.12367,1119,15,0
2019-05-27 20:00:00,1.12366,1.12366,1.12323,1.12329,578,9,0
2019-05-27 22:00:00,1.1233,1.12357,1.123,1.12313,593,19,0
2019-05-28 00:00:00,1.12311,1.1238,1.12311,1.12362,1630,14,0
2019-05-28 02:00:00,1.12362,1.12399,1.12361,1.12368,1026,15,0
2019-05-28 04:00:00,1.12368,1.12379,1.1231,1.12344,1492,14,0
2019-05-28 06:00:00,1.12343,1.1237,1.12317,1.12365,816,15,0
2019-05-28 08:00:00,1.12364,1.12369,1.12275,1.12327,2334,13,0
2019-05-28 10:00:00,1.12329,1.12391,1.1224,1.12323,5276,10,0
2019-05-28 12:00:00,1.12324,1.12446,1.12268,1.12332,3998,11,0
2019-05-28 14:00:00,1.12333,1.12562,1.12322,1.12561,3779,10,0
2019-05-28 16:00:00,1.12561,1.12741,1.12527,1.12713,6301,10,0
2019-05-28 18:00:00,1.12714,1.12775,1.12643,1.12656,5401,11,0
2019-05-28 20:00:00,1.12657,1.1267,1.12534,1.1254,2645,13,0
2019-05-28 22:00:00,1.12538,1.12548,1.12422,1.12422,1558,15,0
2019-05-29 00:00:00,1.12436,1.12489,1.12411,1.1248,1463,13,0
2019-05-29 02:00:00,1.12479,1.12513,1.12439,1.12445,1317,10,0
2019-05-29 04:00:00,1.12444,1.12475,1.12324,1.12329,1757,14,0
2019-05-29 06:00:00,1.12329,1.12355,1.12325,1.12341,777,14,0
2019-05-29 08:00:00,1.12342,1.1241,1.12282,1.12306,1776,12,0
2019-05-29 10:00:00,1.12305,1.1231,1.12181,1.12193,3725,13,0
2019-05-29 12:00:00,1.12193,1.12304,1.12103,1.12286,3126,8,0
2019-05-29 14:00:00,1.12285,1.12285,1.12116,1.12242,4372,2,0
2019-05-29 16:00:00,1.12244,1.12352,1.12204,1.12284,7411,9,0
2019-05-29 18:00:00,1.12283,1.12285,1.12075,1.12129,5652,11,0
2019-05-29 20:00:00,1.1213,1.12243,1.12124,1.12208,3273,14,0
2019-05-29 22:00:00,1.12207,1.12279,1.12199,1.12219,1793,14,0
2019-05-30 00:00:00,1.12208,1.12284,1.12131,1.12278,1056,16,0
2019-05-30 02:00:00,1.12279,1.12331,1.12252,1.12254,1226,16,0
2019-05-30 04:00:00,1.12255,1.12282,1.12213,1.12229,1947,14,0
2019-05-30 06:00:00,1.1223,1.1223,1.12182,1.12194,1136,15,0
2019-05-30 08:00:00,1.12195,1.12274,1.12159,1.12256,1802,12,0
2019-05-30 10:00:00,1.12258,1.12411,1.12238,1.12359,3184,11,0
2019-05-30 12:00:00,1.12358,1.12476,1.12352,1.12402,2485,13,0
2019-05-30 14:00:00,1.12401,1.12417,1.12225,1.12229,3123,8,0
2019-05-30 16:00:00,1.12229,1.1225,1.12123,1.12208,5926,12,0
2019-05-30 18:00:00,1.1221,1.12264,1.12176,1.12216,3727,13,0
2019-05-30 20:00:00,1.12215,1.12228,1.12142,1.12151,1826,13,0
2019-05-30 22:00:00,1.12152,1.12193,1.12122,1.12122,1739,15,0
2019-05-31 00:00:00,1.12139,1.12189,1.12139,1.12167,1066,15,0
2019-05-31 02:00:00,1.12168,1.12172,1.11985,1.11991,2778,9,0
2019-05-31 04:00:00,1.11994,1.12061,1.11951,1.11969,2373,12,0
2019-05-31 06:00:00,1.11969,1.11972,1.11865,1.11865,1631,15,0
2019-05-31 08:00:00,1.11864,1.1206,1.11858,1.12041,3019,11,0
2019-05-31 10:00:00,1.12041,1.12147,1.11907,1.1206,5242,12,0
2019-05-31 12:00:00,1.1206,1.12083,1.11894,1.12008,5085,11,0
2019-05-31 14:00:00,1.12007,1.12212,1.11987,1.12145,5777,11,0
2019-05-31 16:00:00,1.12146,1.12189,1.12027,1.1207,8389,0,0
2019-05-31 18:00:00,1.1207,1.12078,1.11792,1.11819,6052,6,0
2019-05-31 20:00:00,1.11818,1.11851,1.11705,1.11786,4266,11,0
2019-05-31 22:00:00,1.11786,1.11882,1.11742,1.11746,2639,13,0
2019-06-03 00:00:00,1.1173,1.11856,1.11684,1.11687,2022,14,0
2019-06-03 02:00:00,1.11687,1.11737,1.11661,1.1167,2133,14,0
2019-06-03 04:00:00,1.11669,1.1173,1.11631,1.11634,2212,13,0
2019-06-03 06:00:00,1.11634,1.11635,1.11515,1.11515,2178,14,0
2019-06-03 08:00:00,1.11516,1.11637,1.11514,1.11587,2573,4,0
2019-06-03 10:00:00,1.11586,1.11608,1.11189,1.11435,7494,8,0
2019-06-03 12:00:00,1.11436,1.11739,1.11414,1.11712,4716,10,0
2019-06-03 14:00:00,1.11713,1.11752,1.11596,1.11722,5037,11,0
2019-06-03 16:00:00,1.11724,1.11944,1.11671,1.11908,8115,9,0
2019-06-03 18:00:00,1.11908,1.12039,1.11793,1.11804,5448,6,0
2019-06-03 20:00:00,1.11804,1.11857,1.11605,1.11709,6549,12,0
2019-06-03 22:00:00,1.11708,1.1171,1.11523,1.11523,4725,14,0
2019-06-04 00:00:00,1.11516,1.1159,1.11512,1.1156,886,16,0
2019-06-04 02:00:00,1.11561,1.11671,1.11559,1.11643,2218,14,0
2019-06-04 04:00:00,1.11642,1.11715,1.11601,1.11694,2106,13,0
2019-06-04 06:00:00,1.11693,1.11756,1.11691,1.11702,2506,12,0
2019-06-04 08:00:00,1.11701,1.11743,1.1161,1.11709,3668,13,0
2019-06-04 10:00:00,1.11709,1.11898,1.11653,1.11798,5886,10,0
2019-06-04 12:00:00,1.11798,1.11855,1.11703,1.11777,4799,0,0
2019-06-04 14:00:00,1.11774,1.11808,1.11695,1.11735,6650,12,0
2019-06-04 16:00:00,1.11738,1.1179,1.11661,1.11709,11458,10,0
2019-06-04 18:00:00,1.1171,1.1176,1.11645,1.11742,3819,13,0
2019-06-04 20:00:00,1.11742,1.11787,1.11522,1.11549,3556,10,0
2019-06-04 22:00:00,1.11549,1.11639,1.11535,1.11587,1654,13,0
2019-06-05 00:00:00,1.11585,1.1166,1.11576,1.11645,1319,13,0
2019-06-05 02:00:00,1.11645,1.11711,1.11643,1.11694,1358,15,0
2019-06-05 04:00:00,1.11695,1.11707,1.11595,1.11646,1876,13,0
2019-06-05 06:00:00,1.11646,1.11741,1.11634,1.11714,1197,15,0
2019-06-05 08:00:00,1.11714,1.11725,1.11587,1.11681,2513,12,0
2019-06-05 10:00:00,1.11682,1.11932,1.11568,1.11888,5606,8,0
2019-06-05 12:00:00,1.11886,1.11959,1.11661,1.11673,4673,13,0
2019-06-05 14:00:00,1.11675,1.11749,1.11358,1.11444,10732,0,0
2019-06-05 16:00:00,1.11445,1.11593,1.11403,1.11439,11067,8,0
2019-06-05 18:00:00,1.11437,1.11672,1.11416,1.11635,7813,13,0
2019-06-05 20:00:00,1.11633,1.11697,1.11613,1.11613,3574,13,0
2019-06-05 22:00:00,1.11614,1.11634,1.11544,1.11603,2228,15,0
2019-06-06 00:00:00,1.11596,1.11674,1.11566,1.11615,1826,16,0
2019-06-06 02:00:00,1.11617,1.11674,1.11597,1.11642,1338,14,0
2019-06-06 04:00:00,1.11641,1.11674,1.11612,1.11658,1394,13,0
2019-06-06 06:00:00,1.11657,1.11704,1.11637,1.1168,1304,15,0
2019-06-06 08:00:00,1.1168,1.11698,1.11536,1.11665,2499,10,0
2019-06-06 10:00:00,1.11667,1.11785,1.116,1.11778,4320,11,0
2019-06-06 12:00:00,1.11778,1.11851,1.11721,1.11823,3792,7,0
2019-06-06 14:00:00,1.11821,1.11966,1.11591,1.11869,11701,0,0
2019-06-06 16:00:00,1.11869,1.1192,1.11561,1.116,10900,10,0
2019-06-06 18:00:00,1.11601,1.11719,1.11582,1.11682,5137,12,0
2019-06-06 20:00:00,1.11681,1.1179,1.11653,1.11739,4421,9,0
2019-06-06 22:00:00,1.1174,1.11856,1.11736,1.11766,3121,14,0
2019-06-07 00:00:00,1.11766,1.1181,1.11766,1.11779,1059,17,0
2019-06-07 02:00:00,1.11779,1.11816,1.11728,1.11764,1634,15,0
2019-06-07 04:00:00,1.11764,1.11798,1.1174,1.11755,1639,15,0
2019-06-07 06:00:00,1.11756,1.11776,1.11726,1.11743,1465,16,0
2019-06-07 08:00:00,1.11743,1.11917,1.1169,1.1191,2625,13,0
2019-06-07 10:00:00,1.11909,1.11971,1.11848,1.11964,4209,11,0
2019-06-07 12:00:00,1.11963,1.12061,1.11944,1.11983,2756,11,0
2019-06-07 14:00:00,1.11982,1.11986,1.11674,1.11756,9338,6,0
2019-06-07 16:00:00,1.11757,1.11985,1.11692,1.11914,10684,8,0
2019-06-07 18:00:00,1.11913,1.11929,1.11807,1.11869,4619,12,0
2019-06-07 20:00:00,1.11871,1.1195,1.11866,1.11893,3351,14,0
2019-06-07 22:00:00,1.11892,1.11938,1.11855,1.11919,1865,15,0
2019-06-10 00:00:00,1.11976,1.12035,1.11892,1.12012,1560,6,0
2019-06-10 02:00:00,1.12011,1.12086,1.12003,1.12044,1561,15,0
2019-06-10 04:00:00,1.12045,1.12091,1.12032,1.1205,2365,11,0
2019-06-10 06:00:00,1.12049,1.1207,1.12018,1.12058,1412,15,0
2019-06-10 08:00:00,1.12059,1.12073,1.11985,1.12021,1927,11,0
2019-06-10 10:00:00,1.12022,1.12022,1.11851,1.11901,3850,12,0
2019-06-10 12:00:00,1.11902,1.12044,1.11901,1.11983,3217,11,0
2019-06-10 14:00:00,1.11982,1.12048,1.11926,1.11952,3659,14,0
2019-06-10 16:00:00,1.11952,1.12067,1.11943,1.12016,4788,13,0
2019-06-10 18:00:00,1.12014,1.12023,1.11926,1.11958,3192,13,0
2019-06-10 20:00:00,1.11959,1.12003,1.11934,1.11962,3338,13,0
2019-06-10 22:00:00,1.11962,1.12002,1.11912,1.11947,1542,15,0
2019-06-11 00:00:00,1.11916,1.11989,1.11885,1.11978,1256,17,0
2019-06-11 02:00:00,1.11977,1.11992,1.11937,1.11983,1235,14,0
2019-06-11 04:00:00,1.11983,1.12011,1.11945,1.12009,2028,15,0
2019-06-11 06:00:00,1.1201,1.12027,1.11995,1.12017,998,15,0
2019-06-11 08:00:00,1.12016,1.12109,1.12012,1.12035,2183,12,0
2019-06-11 10:00:00,1.12033,1.12122,1.12021,1.12121,4400,11,0
2019-06-11 12:00:00,1.1212,1.12301,1.12108,1.12224,4236,13,0
2019-06-11 14:00:00,1.12223,1.12354,1.12146,1.12288,5883,7,0
2019-06-11 16:00:00,1.12287,1.12389,1.1226,1.1229,6331,11,0
2019-06-11 18:00:00,1.12289,1.12432,1.12266,1.12346,4818,11,0
2019-06-11 20:00:00,1.12347,1.12394,1.1233,1.12389,2729,12,0
2019-06-11 22:00:00,1.1239,1.12418,1.12356,1.12375,1428,15,0
2019-06-12 00:00:00,1.12367,1.12424,1.12355,1.12416,2317,15,0
2019-06-12 02:00:00,1.12416,1.12463,1.12407,1.1242,1285,15,0
2019-06-12 04:00:00,1.1242,1.1243,1.12356,1.12408,2381,14,0
2019-06-12 06:00:00,1.12408,1.12426,1.12355,1.12397,1528,15,0
2019-06-12 08:00:00,1.12397,1.12397,1.12292,1.12324,2872,13,0
2019-06-12 10:00:00,1.12324,1.12473,1.12242,1.12377,4866,8,0
2019-06-12 12:00:00,1.12378,1.12468,1.12315,1.12433,4338,11,0
2019-06-12 14:00:00,1.12433,1.12634,1.12429,1.12576,6575,3,0
2019-06-12 16:00:00,1.12576,1.12596,1.12468,1.12506,7714,9,0
2019-06-12 18:00:00,1.12507,1.12596,1.12397,1.1241,4458,11,0
2019-06-12 20:00:00,1.1241,1.1244,1.12337,1.12367,2863,11,0
2019-06-12 22:00:00,1.12367,1.12393,1.12343,1.12354,1499,14,0
2019-06-13 00:00:00,1.12333,1.12389,1.12318,1.12376,1652,19,0
2019-06-13 02:00:00,1.12375,1.12397,1.12337,1.12381,940,15,0
2019-06-13 04:00:00,1.12381,1.12393,1.12222,1.12261,2387,14,0
2019-06-13 06:00:00,1.12267,1.12361,1.12257,1.12355,1211,15,0
2019-06-13 08:00:00,1.12354,1.12465,1.12321,1.12463,2945,8,0
2019-06-13 10:00:00,1.12462,1.12491,1.12064,1.12093,6094,9,0
2019-06-13 12:00:00,1.12093,1.12203,1.12037,1.12079,3218,9,0
2019-06-13 14:00:00,1.1208,1.12096,1.12015,1.1203,4102,11,0
2019-06-13 16:00:00,1.12031,1.12154,1.1199,1.1211,6003,10,0
2019-06-13 18:00:00,1.12113,1.12184,1.12084,1.12165,3075,10,0
2019-06-13 20:00:00,1.12164,1.12179,1.12004,1.12049,3198,11,0
2019-06-13 22:00:00,1.12048,1.12097,1.12035,1.12046,1155,15,0
2019-06-14 00:00:00,1.12015,1.12097,1.12015,1.12066,831,16,0
2019-06-14 02:00:00,1.12065,1.12087,1.12013,1.12014,1174,13,0
2019-06-14 04:00:00,1.12013,1.1203,1.11971,1.11999,1782,13,0
2019-06-14 06:00:00,1.12,1.1207,1.12,1.12064,991,14,0
2019-06-14 08:00:00,1.12065,1.12084,1.12009,1.12009,2178,13,0
2019-06-14 10:00:00,1.12009,1.1227,1.1194,1.12244,4891,11,0
2019-06-14 12:00:00,1.12245,1.12245,1.12095,1.121,3900,12,0
2019-06-14 14:00:00,1.12099,1.12179,1.12043,1.12073,8261,0,0
2019-06-14 16:00:00,1.12071,1.12084,1.11959,1.12044,6757,8,0
2019-06-14 18:00:00,1.12043,1.12097,1.11945,1.11963,3945,12,0
2019-06-14 20:00:00,1.11961,1.12012,1.11951,1.11964,2290,12,0
2019-06-14 22:00:00,1.11965,1.11985,1.11922,1.11927,1697,14,0
2019-06-17 00:00:00,1.11929,1.11975,1.11919,1.11954,796,16,0
2019-06-17 02:00:00,1.11953,1.12064,1.11951,1.12051,1209,13,0
2019-06-17 04:00:00,1.12051,1.12106,1.1204,1.12094,1180,14,0
2019-06-17 06:00:00,1.12094,1.12148,1.12094,1.12112,868,12,0
2019-06-17 08:00:00,1.12112,1.12112,1.12001,1.12041,2098,12,0
2019-06-17 10:00:00,1.12043,1.12069,1.11896,1.12056,4100,12,0
2019-06-17 12:00:00,1.12058,1.12094,1.12036,1.12069,2955,12,0
2019-06-17 14:00:00,1.12068,1.12141,1.12043,1.12129,3613,11,0
2019-06-17 16:00:00,1.12128,1.12214,1.12102,1.12207,4833,13,0
2019-06-17 18:00:00,1.12205,1.12209,1.12103,1.12105,3138,12,0
2019-06-17 20:00:00,1.12106,1.12122,1.12021,1.12023,2141,13,0
2019-06-17 22:00:00,1.12024,1.12077,1.12013,1.12077,984,14,0
2019-06-18 00:00:00,1.12065,1.12087,1.12019,1.12065,2925,15,0
2019-06-18 02:00:00,1.12065,1.12127,1.12055,1.12096,938,14,0
2019-06-18 04:00:00,1.12097,1.12123,1.12041,1.12044,2053,1,0
2019-06-18 06:00:00,1.12043,1.12084,1.12002,1.12078,899,14,0
2019-06-18 08:00:00,1.12078,1.12103,1.12032,1.12076,2245,11,0
2019-06-18 10:00:00,1.12074,1.12078,1.11725,1.11886,9252,3,0
2019-06-18 12:00:00,1.11886,1.11938,1.11792,1.11905,4922,8,0
2019-06-18 14:00:00,1.11905,1.11913,1.11724,1.11817,5779,5,0
2019-06-18 16:00:00,1.11817,1.12097,1.11783,1.11931,9493,9,0
2019-06-18 18:00:00,1.11932,1.12031,1.1189,1.11974,6137,11,0
2019-06-18 20:00:00,1.11974,1.11993,1.11922,1.11942,2557,12,0
2019-06-18 22:00:00,1.11941,1.11978,1.11927,1.11933,1256,14,0
2019-06-19 00:00:00,1.11936,1.11985,1.11888,1.11973,900,14,0
2019-06-19 02:00:00,1.11974,1.12106,1.11973,1.12102,793,13,0
2019-06-19 04:00:00,1.12101,1.12104,1.12047,1.12058,1531,14,0
2019-06-19 06:00:00,1.1206,1.12062,1.11926,1.11948,1138,13,0
2019-06-19 08:00:00,1.11949,1.11984,1.11844,1.1185,2477,12,0
2019-06-19 10:00:00,1.11849,1.11961,1.11814,1.1182,4626,10,0
2019-06-19 12:00:00,1.1182,1.11875,1.11722,1.11723,3095,7,0
2019-06-19 14:00:00,1.11724,1.11804,1.11716,1.11741,2757,11,0
2019-06-19 16:00:00,1.11742,1.11781,1.11618,1.11623,4424,10,0
2019-06-19 18:00:00,1.11624,1.11728,1.11576,1.11672,3825,13,0
2019-06-19 20:00:00,1.11671,1.11763,1.11547,1.11557,9102,0,0
2019-06-19 22:00:00,1.11556,1.11638,1.11536,1.11572,3778,11,0
2019-06-20 00:00:00,1.11574,1.11609,1.11529,1.11563,953,14,0
2019-06-20 02:00:00,1.11562,1.11575,1.11462,1.11463,2199,13,0
2019-06-20 04:00:00,1.11463,1.11625,1.11451,1.11612,3471,11,0
2019-06-20 06:00:00,1.11612,1.1162,1.1154,1.11547,1864,13,0
2019-06-20 08:00:00,1.11547,1.11603,1.11469,1.11521,4359,13,0
2019-06-20 10:00:00,1.11522,1.11623,1.11474,1.11487,8036,11,0
2019-06-20 12:00:00,1.11486,1.11541,1.11387,1.11433,5018,2,0
2019-06-20 14:00:00,1.11432,1.11507,1.11269,1.11288,6419,0,0
2019-06-20 16:00:00,1.11288,1.11313,1.1085,1.10872,8024,7,0
2019-06-20 18:00:00,1.10872,1.10924,1.10561,1.10755,6607,0,0
2019-06-20 20:00:00,1.10755,1.10826,1.10721,1.10724,3278,11,0
2019-06-20 22:00:00,1.10724,1.1084,1.10703,1.1082,2029,13,0
2019-06-21 00:00:00,1.10807,1.10844,1.10655,1.10792,1843,13,0
2019-06-21 02:00:00,1.10793,1.10847,1.10781,1.10835,1125,13,0
2019-06-21 04:00:00,1.10835,1.10933,1.10815,1.10921,1791,14,0
2019-06-21 06:00:00,1.10922,1.10979,1.10921,1.10947,965,15,0
2019-06-21 08:00:00,1.10948,1.10949,1.1085,1.10863,2936,11,0
2019-06-21 10:00:00,1.10862,1.11261,1.10832,1.11037,7892,0,0
2019-06-21 12:00:00,1.11037,1.1113,1.10965,1.1113,4123,11,0
2019-06-21 14:00:00,1.11131,1.11137,1.10997,1.11042,4996,9,0
2019-06-21 16:00:00,1.11044,1.11261,1.11031,1.11079,8220,7,0
2019-06-21 18:00:00,1.11081,1.11136,1.10748,1.10895,7175,6,0
2019-06-21 20:00:00,1.10895,1.11061,1.1088,1.1106,4093,8,0
2019-06-21 22:00:00,1.1106,1.11126,1.10952,1.10963,2475,9,0
2019-06-24 00:00:00,1.10957,1.11048,1.10903,1.11018,1228,13,0
2019-06-24 02:00:00,1.11019,1.11128,1.1101,1.11116,2281,14,0
2019-06-24 04:00:00,1.11117,1.11199,1.11073,1.11176,1338,15,0
2019-06-24 06:00:00,1.11175,1.11212,1.11161,1.11163,855,14,0
2019-06-24 08:00:00,1.11162,1.11276,1.11162,1.11204,3537,11,0
2019-06-24 10:00:00,1.11204,1.113,1.11108,1.1116,5432,10,0
2019-06-24 12:00:00,1.1116,1.11199,1.11046,1.11078,3290,12,0
2019-06-24 14:00:00,1.11079,1.11111,1.10972,1.11014,3436,13,0
2019-06-24 16:00:00,1.11012,1.11024,1.10665,1.10674,5822,8,0
2019-06-24 18:00:00,1.10676,1.10824,1.10644,1.10797,3985,9,0
2019-06-24 20:00:00,1.10797,1.10839,1.10783,1.10823,1721,12,0
2019-06-24 22:00:00,1.10823,1.10843,1.10734,1.10761,1466,14,0
2019-06-25 00:00:00,1.10734,1.10805,1.10721,1.10791,1985,15,0
2019-06-25 02:00:00,1.10794,1.10857,1.10777,1.10831,1498,14,0
2019-06-25 04:00:00,1.10832,1.10835,1.10721,1.10722,2219,12,0
2019-06-25 06:00:00,1.10723,1.10755,1.10614,1.10626,2165,11,0
2019-06-25 08:00:00,1.10624,1.10897,1.10624,1.10894,3874,10,0
2019-06-25 10:00:00,1.10894,1.1108,1.10842,1.11062,5789,11,0
2019-06-25 12:00:00,1.11061,1.1114,1.11041,1.11125,3378,9,0
2019-06-25 14:00:00,1.11124,1.11237,1.10997,1.11072,4046,11,0
2019-06-25 16:00:00,1.11072,1.11104,1.10683,1.10729,6897,0,0
2019-06-25 18:00:00,1.10728,1.10949,1.10674,1.10892,5350,9,0
2019-06-25 20:00:00,1.10893,1.10951,1.10824,1.10887,9088,10,0
2019-06-25 22:00:00,1.10886,1.10956,1.10843,1.10877,2601,15,0
2019-06-26 00:00:00,1.10876,1.10878,1.10773,1.10814,4257,13,0
2019-06-26 02:00:00,1.10815,1.10856,1.10799,1.10856,1169,13,0
2019-06-26 04:00:00,1.10858,1.10908,1.10822,1.109,2048,11,0
2019-06-26 06:00:00,1.10899,1.10942,1.10843,1.10845,1126,14,0
2019-06-26 08:00:00,1.10846,1.10963,1.10833,1.10833,3463,10,0
2019-06-26 10:00:00,1.10833,1.10854,1.10757,1.10817,6252,12,0
2019-06-26 12:00:00,1.10818,1.11137,1.10812,1.11058,6628,6,0
2019-06-26 14:00:00,1.11059,1.11132,1.11011,1.11123,5013,11,0
2019-06-26 16:00:00,1.11123,1.11139,1.10873,1.1097,6960,11,0
2019-06-26 18:00:00,1.1097,1.11236,1.10939,1.11225,4605,10,0
2019-06-26 20:00:00,1.11224,1.11226,1.11162,1.11195,2578,9,0
2019-06-26 22:00:00,1.11195,1.11204,1.11125,1.11145,1956,14,0
2019-06-27 00:00:00,1.11147,1.11196,1.11128,1.11156,826,15,0
2019-06-27 02:00:00,1.11155,1.1121,1.11151,1.11182,687,13,0
2019-06-27 04:00:00,1.11183,1.11291,1.11144,1.11275,1950,12,0
2019-06-27 06:00:00,1.11275,1.11357,1.11273,1.11344,1376,11,0
2019-06-27 08:00:00,1.11345,1.11398,1.11297,1.11389,3024,10,0
2019-06-27 10:00:00,1.11396,1.11442,1.11282,1.11303,6258,11,0
2019-06-27 12:00:00,1.11303,1.1135,1.11118,1.11149,4897,10,0
2019-06-27 14:00:00,1.11149,1.11245,1.11124,1.11152,4640,7,0
2019-06-27 16:00:00,1.11152,1.11367,1.1103,1.11116,7192,3,0
2019-06-27 18:00:00,1.1112,1.11143,1.10989,1.10999,3978,12,0
2019-06-27 20:00:00,1.10998,1.11045,1.10971,1.10995,1956,13,0
2019-06-27 22:00:00,1.10995,1.11048,1.10993,1.1101,1280,15,0
2019-06-28 00:00:00,1.11006,1.11058,1.10999,1.11048,471,12,0
2019-06-28 02:00:00,1.11049,1.11062,1.10919,1.10926,1436,11,0
2019-06-28 04:00:00,1.10928,1.10958,1.1088,1.10893,1438,14,0
2019-06-28 06:00:00,1.10892,1.10929,1.10825,1.10827,1361,12,0
2019-06-28 08:00:00,1.10828,1.10919,1.10817,1.10915,2811,12,0
2019-06-28 10:00:00,1.10914,1.11088,1.10908,1.10928,4798,7,0
2019-06-28 12:00:00,1.1093,1.11054,1.10907,1.10959,3685,12,0
2019-06-28 14:00:00,1.10958,1.11065,1.10936,1.11037,4062,10,0
2019-06-28 16:00:00,1.11038,1.11227,1.10989,1.1104,7248,9,0
2019-06-28 18:00:00,1.1104,1.11106,1.10929,1.10953,5066,8,0
2019-06-28 20:00:00,1.10957,1.10984,1.10875,1.10973,3147,11,0
2019-06-28 22:00:00,1.10972,1.11036,1.10904,1.10975,1851,12,0
2019-07-01 00:00:00,1.11202,1.11328,1.11164,1.11311,1793,11,0
2019-07-01 02:00:00,1.11311,1.11323,1.1119,1.11224,1956,12,0
2019-07-01 04:00:00,1.11224,1.11356,1.11224,1.11347,1721,13,0
2019-07-01 06:00:00,1.11348,1.11505,1.11334,1.11436,1078,11,0
2019-07-01 08:00:00,1.11436,1.11469,1.11269,1.11391,4033,11,0
2019-07-01 10:00:00,1.11391,1.11502,1.11297,1.11479,6068,12,0
2019-07-01 12:00:00,1.11479,1.11523,1.11311,1.11348,4330,0,0
2019-07-01 14:00:00,1.11347,1.11561,1.11331,1.11488,4927,11,0
2019-07-01 16:00:00,1.11487,1.11609,1.11462,1.11474,6674,7,0
2019-07-01 18:00:00,1.11475,1.116,1.11431,1.11501,5223,8,0
2019-07-01 20:00:00,1.11501,1.11528,1.11422,1.11453,3078,10,0
2019-07-01 22:00:00,1.11454,1.11485,1.11422,1.11442,1654,12,0
2019-07-02 00:00:00,1.11425,1.11482,1.11351,1.1139,1835,13,0
2019-07-02 02:00:00,1.11389,1.11462,1.11388,1.11403,801,11,0
2019-07-02 04:00:00,1.11404,1.11424,1.11306,1.11334,1496,14,0
2019-07-02 06:00:00,1.11336,1.11391,1.11302,1.11389,1424,12,0
2019-07-02 08:00:00,1.1139,1.11572,1.11373,1.11524,2193,13,0
2019-07-02 10:00:00,1.11525,1.11589,1.11409,1.11552,3988,10,0
2019-07-02 12:00:00,1.11554,1.11685,1.11524,1.11638,4858,8,0
2019-07-02 14:00:00,1.11639,1.11689,1.11603,1.11681,3340,13,0
2019-07-02 16:00:00,1.11683,1.11712,1.11489,1.11524,5127,5,0
2019-07-02 18:00:00,1.11532,1.11557,1.11239,1.11348,5324,6,0
2019-07-02 20:00:00,1.11347,1.11384,1.11253,1.11303,4315,11,0
2019-07-02 22:00:00,1.11303,1.11356,1.11252,1.11256,2942,14,0
2019-07-03 00:00:00,1.11261,1.11345,1.1123,1.11237,1261,13,0
2019-07-03 02:00:00,1.11238,1.11264,1.11134,1.11136,1279,8,0
2019-07-03 04:00:00,1.11136,1.11219,1.11071,1.11173,1954,12,0
2019-07-03 06:00:00,1.11175,1.1124,1.11135,1.11227,1532,13,0
2019-07-03 08:00:00,1.11228,1.11272,1.11117,1.11206,2657,13,0
2019-07-03 10:00:00,1.11209,1.11344,1.11152,1.11241,5320,8,0
2019-07-03 12:00:00,1.11242,1.1129,1.11143,1.11201,3276,12,0
2019-07-03 14:00:00,1.112,1.11256,1.11095,1.11226,4442,8,0
2019-07-03 16:00:00,1.11226,1.11319,1.11167,1.11232,7285,8,0
2019-07-03 18:00:00,1.11231,1.11353,1.11185,1.11299,3848,11,0
2019-07-03 20:00:00,1.11297,1.11356,1.11277,1.11343,872,13,0
2019-07-03 22:00:00,1.11341,1.11341,1.11213,1.1123,1235,12,0
2019-07-04 00:00:00,1.11227,1.11324,1.11223,1.113,1923,14,0
2019-07-04 02:00:00,1.11299,1.11339,1.11253,1.11319,915,13,0
2019-07-04 04:00:00,1.11318,1.11375,1.11264,1.11283,1488,12,0
2019-07-04 06:00:00,1.11284,1.11317,1.11275,1.11309,743,14,0
2019-07-04 08:00:00,1.1131,1.11325,1.11268,1.11325,946,12,0
2019-07-04 10:00:00,1.11324,1.11324,1.11192,1.11279,2952,12,0
2019-07-04 12:00:00,1.11278,1.11379,1.11224,1.11238,2536,14,0
2019-07-04 14:00:00,1.11238,1.11276,1.11151,1.11154,1609,13,0
2019-07-04 16:00:00,1.11154,1.11247,1.11118,1.11181,2402,13,0
2019-07-04 18:00:00,1.11181,1.11253,1.11105,1.11115,1662,10,0
2019-07-04 20:00:00,1.11116,1.11172,1.11112,1.11159,1005,14,0
2019-07-04 22:00:00,1.1116,1.11165,1.11108,1.11119,2556,19,0
2019-07-05 00:00:00,1.11102,1.11173,1.11094,1.11123,1065,16,0
2019-07-05 02:00:00,1.11125,1.11173,1.11123,1.11146,878,13,0
2019-07-05 04:00:00,1.11145,1.11172,1.11125,1.11136,1106,13,0
2019-07-05 06:00:00,1.11135,1.11145,1.11126,1.1113,1025,15,0
2019-07-05 08:00:00,1.11131,1.11201,1.11087,1.1119,1826,13,0
2019-07-05 10:00:00,1.11189,1.1125,1.11159,1.11212,4303,12,0
2019-07-05 12:00:00,1.11212,1.1123,1.11167,1.11223,2726,12,0
2019-07-05 14:00:00,1.11224,1.11457,1.11188,1.11399,7528,8,0
2019-07-05 16:00:00,1.11399,1.11469,1.11202,1.11305,8402,5,0
2019-07-05 18:00:00,1.11306,1.11336,1.11232,1.11328,3785,6,0
2019-07-05 20:00:00,1.11328,1.11371,1.11305,1.11305,1812,13,0
2019-07-05 22:00:00,1.11307,1.11347,1.11257,1.1127,1529,13,0
2019-07-08 00:00:00,1.11314,1.11315,1.1124,1.11295,542,14,0
2019-07-08 02:00:00,1.11296,1.11303,1.11227,1.11233,1626,12,0
2019-07-08 04:00:00,1.11234,1.1126,1.11155,1.11157,2329,13,0
2019-07-08 06:00:00,1.11158,1.11185,1.11126,1.11175,968,13,0
2019-07-08 08:00:00,1.11177,1.11206,1.11137,1.11164,1673,13,0
2019-07-08 10:00:00,1.11163,1.11334,1.11156,1.11308,3272,10,0
2019-07-08 12:00:00,1.1131,1.11366,1.1123,1.11244,2648,12,0
2019-07-08 14:00:00,1.11244,1.11352,1.11211,1.11321,3477,10,0
2019-07-08 16:00:00,1.11319,1.11523,1.11318,1.11422,5126,10,0
2019-07-08 18:00:00,1.11422,1.11437,1.11356,1.11386,2477,8,0
2019-07-08 20:00:00,1.11387,1.11446,1.11369,1.11432,1233,12,0
2019-07-08 22:00:00,1.11432,1.11488,1.11399,1.11402,1709,15,0
2019-07-09 00:00:00,1.11408,1.11493,1.11396,1.11481,7337,13,0
2019-07-09 02:00:00,1.11479,1.11555,1.11469,1.11553,1079,12,0
2019-07-09 04:00:00,1.11554,1.1157,1.11426,1.11429,977,11,0
2019-07-09 06:00:00,1.11429,1.11527,1.11426,1.11518,955,15,0
2019-07-09 08:00:00,1.11517,1.11543,1.11436,1.11436,1848,8,0
2019-07-09 10:00:00,1.11438,1.11498,1.11286,1.11364,3460,10,0
2019-07-09 12:00:00,1.11362,1.11517,1.11314,1.11404,2971,7,0
2019-07-09 14:00:00,1.11404,1.11417,1.11281,1.11283,2849,12,0
2019-07-09 16:00:00,1.11284,1.11342,1.11221,1.11324,4214,8,0
2019-07-09 18:00:00,1.11324,1.11349,1.11242,1.113,2715,10,0
2019-07-09 20:00:00,1.11301,1.1135,1.11299,1.1134,1253,12,0
2019-07-09 22:00:00,1.11342,1.11379,1.11328,1.11331,1143,14,0
2019-07-10 00:00:00,1.11331,1.11359,1.11274,1.11344,917,15,0
2019-07-10 02:00:00,1.11343,1.11366,1.1132,1.11352,888,14,0
2019-07-10 04:00:00,1.11351,1.11379,1.11329,1.11335,974,14,0
2019-07-10 06:00:00,1.11334,1.11342,1.11278,1.11278,929,13,0
2019-07-10 08:00:00,1.11278,1.11322,1.11196,1.11261,2563,12,0
2019-07-10 10:00:00,1.11263,1.11321,1.11218,1.11233,4932,11,0
2019-07-10 12:00:00,1.11232,1.11295,1.11216,1.11234,3598,12,0
2019-07-10 14:00:00,1.11233,1.11358,1.11229,1.11287,6025,7,0
2019-07-10 16:00:00,1.11287,1.11409,1.11248,1.11397,7197,7,0
2019-07-10 18:00:00,1.11399,1.11428,1.11311,1.11419,4572,6,0
2019-07-10 20:00:00,1.11418,1.11441,1.11303,1.11322,2963,3,0
2019-07-10 22:00:00,1.11323,1.11378,1.1128,1.11285,1563,13,0
2019-07-11 00:00:00,1.11284,1.11349,1.11226,1.11264,1809,14,0
2019-07-11 02:00:00,1.11264,1.11266,1.11177,1.11228,1520,12,0
2019-07-11 04:00:00,1.11228,1.11228,1.11125,1.11148,1479,12,0
2019-07-11 06:00:00,1.11147,1.11202,1.11123,1.1117,1339,9,0
2019-07-11 08:00:00,1.11171,1.11252,1.1114,1.11238,1910,10,0
2019-07-11 10:00:00,1.11237,1.11274,1.11101,1.11114,3855,11,0
2019-07-11 12:00:00,1.11116,1.11185,1.11082,1.11124,2850,11,0
2019-07-11 14:00:00,1.11124,1.11273,1.11043,1.11213,5852,10,0
2019-07-11 16:00:00,1.11216,1.11305,1.11115,1.11285,4578,10,0
2019-07-11 18:00:00,1.11284,1.11392,1.11264,1.11386,3163,10,0
2019-07-11 20:00:00,1.11385,1.11442,1.11328,1.1144,3262,10,0
2019-07-11 22:00:00,1.11439,1.11468,1.11397,1.11405,1412,13,0
2019-07-12 00:00:00,1.11399,1.11434,1.1139,1.11412,1120,17,0
2019-07-12 02:00:00,1.11414,1.11491,1.11394,1.11487,1168,13,0
2019-07-12 04:00:00,1.11488,1.11506,1.11433,1.11502,1742,8,0
2019-07-12 06:00:00,1.11501,1.11539,1.11475,1.11495,1412,13,0
2019-07-12 08:00:00,1.11495,1.1152,1.11367,1.11377,2484,7,0
2019-07-12 10:00:00,1.11381,1.11398,1.11084,1.11127,4542,10,0
2019-07-12 12:00:00,1.11129,1.11176,1.11053,1.11067,3645,10,0
2019-07-12 14:00:00,1.11065,1.11067,1.10759,1.10868,5253,10,0
2019-07-12 16:00:00,1.10869,1.10978,1.10707,1.10873,4781,8,0
2019-07-12 18:00:00,1.10872,1.10905,1.10718,1.10878,3597,8,0
2019-07-12 20:00:00,1.1088,1.10973,1.10874,1.10956,1919,12,0
2019-07-12 22:00:00,1.10956,1.10963,1.10865,1.10865,1239,12,0
2019-07-15 00:00:00,1.10894,1.10982,1.10838,1.10961,2401,15,0
2019-07-15 02:00:00,1.10961,1.1098,1.10925,1.1095,548,12,0
2019-07-15 04:00:00,1.1095,1.11023,1.10919,1.11001,1457,13,0
2019-07-15 06:00:00,1.11,1.11009,1.10951,1.10963,973,14,0
2019-07-15 08:00:00,1.1096,1.11009,1.10843,1.10851,1302,12,0
2019-07-15 10:00:00,1.10851,1.10941,1.10793,1.10793,3540,11,0
2019-07-15 12:00:00,1.10793,1.10837,1.10761,1.10787,2158,9,0
2019-07-15 14:00:00,1.10787,1.1079,1.10651,1.10719,2654,12,0
2019-07-15 16:00:00,1.1072,1.10918,1.10719,1.1087,3479,7,0
2019-07-15 18:00:00,1.1087,1.10886,1.10821,1.10863,2190,10,0
2019-07-15 20:00:00,1.10863,1.10907,1.10847,1.10873,1007,13,0
2019-07-15 22:00:00,1.10872,1.10878,1.10793,1.10806,909,12,0
2019-07-16 00:00:00,1.10799,1.10863,1.10774,1.10822,3692,12,0
2019-07-16 02:00:00,1.10823,1.10899,1.1082,1.10881,674,13,0
2019-07-16 04:00:00,1.1088,1.10927,1.1088,1.10924,1627,11,0
2019-07-16 06:00:00,1.10924,1.10932,1.10901,1.1093,459,14,0
2019-07-16 08:00:00,1.10929,1.10932,1.10763,1.10771,1292,12,0
2019-07-16 10:00:00,1.1077,1.10777,1.10622,1.10648,3376,10,0
2019-07-16 12:00:00,1.10649,1.10688,1.10559,1.10669,3349,10,0
2019-07-16 14:00:00,1.1067,1.10872,1.10637,1.10826,3983,8,0
2019-07-16 16:00:00,1.10827,1.10847,1.10715,1.10806,4043,9,0
2019-07-16 18:00:00,1.10806,1.10894,1.10765,1.1079,2894,10,0
2019-07-16 20:00:00,1.10791,1.10869,1.10756,1.10783,3403,13,0
2019-07-16 22:00:00,1.10783,1.10794,1.10694,1.1071,1872,13,0
2019-07-17 00:00:00,1.1071,1.10771,1.10698,1.10751,922,19,0
2019-07-17 02:00:00,1.10752,1.10785,1.10748,1.10767,720,14,0
2019-07-17 04:00:00,1.10767,1.10767,1.10694,1.10707,1253,14,0
2019-07-17 06:00:00,1.10706,1.10732,1.10696,1.10722,528,15,0
2019-07-17 08:00:00,1.10721,1.10779,1.10693,1.10779,1585,9,0
2019-07-17 10:00:00,1.10778,1.10956,1.10723,1.10944,4067,8,0
2019-07-17 12:00:00,1.10945,1.11097,1.10905,1.11036,3280,11,0
2019-07-17 14:00:00,1.11035,1.11072,1.10871,1.10896,2506,10,0
2019-07-17 16:00:00,1.10896,1.10988,1.10841,1.1089,3143,11,0
2019-07-17 18:00:00,1.10889,1.10907,1.10792,1.10841,2459,11,0
2019-07-17 20:00:00,1.10841,1.10866,1.10761,1.10772,1700,12,0
2019-07-17 22:00:00,1.10772,1.10832,1.1074,1.10781,1595,11,0
2019-07-18 00:00:00,1.10781,1.1083,1.10753,1.10821,1058,14,0
2019-07-18 02:00:00,1.1082,1.10824,1.10728,1.1073,899,13,0
2019-07-18 04:00:00,1.10728,1.10751,1.10679,1.10728,1646,12,0
2019-07-18 06:00:00,1.10728,1.10754,1.10714,1.10717,876,14,0
2019-07-18 08:00:00,1.10716,1.10799,1.10688,1.10708,2007,10,0
2019-07-18 10:00:00,1.10705,1.1079,1.10673,1.10707,3896,10,0
2019-07-18 12:00:00,1.10706,1.10826,1.10639,1.10817,4934,11,0
2019-07-18 14:00:00,1.10817,1.10887,1.10594,1.10643,5212,10,0
2019-07-18 16:00:00,1.10642,1.10786,1.10604,1.10744,4280,12,0
2019-07-18 18:00:00,1.10744,1.108,1.10696,1.10778,2747,10,0
2019-07-18 20:00:00,1.10777,1.1081,1.1071,1.10759,4853,10,0
2019-07-18 22:00:00,1.10759,1.10772,1.10618,1.10627,4393,11,0
2019-07-19 00:00:00,1.10628,1.10688,1.10595,1.10637,2673,9,0
2019-07-19 02:00:00,1.10638,1.10715,1.10605,1.10675,1569,13,0
2019-07-19 04:00:00,1.10675,1.10694,1.10629,1.1068,1580,15,0
2019-07-19 06:00:00,1.1068,1.10744,1.10674,1.10713,1426,14,0
2019-07-19 08:00:00,1.10713,1.10823,1.10677,1.10758,2453,14,0
2019-07-19 10:00:00,1.10758,1.10805,1.10642,1.10669,3235,11,0
2019-07-19 12:00:00,1.1067,1.10672,1.1039,1.10407,4378,11,0
2019-07-19 14:00:00,1.10405,1.10474,1.10256,1.10269,3722,10,0
2019-07-19 16:00:00,1.10269,1.10279,1.10131,1.10206,4845,9,0
2019-07-19 18:00:00,1.10208,1.10256,1.10173,1.10215,3481,10,0
2019-07-19 20:00:00,1.10214,1.10293,1.10175,1.10235,3924,11,0
2019-07-19 22:00:00,1.10235,1.10243,1.1012,1.10122,2095,12,0
2019-07-22 00:00:00,1.10165,1.10246,1.1012,1.10176,922,15,0
2019-07-22 02:00:00,1.10176,1.10271,1.10175,1.10248,1354,14,0
2019-07-22 04:00:00,1.10246,1.10316,1.10231,1.10271,1794,12,0
2019-07-22 06:00:00,1.10272,1.10347,1.10266,1.10318,989,12,0
2019-07-22 08:00:00,1.10317,1.10339,1.10241,1.10246,1701,12,0
2019-07-22 10:00:00,1.10246,1.10263,1.10116,1.10128,3060,12,0
2019-07-22 12:00:00,1.10127,1.10188,1.10094,1.10111,2318,10,0
2019-07-22 14:00:00,1.10111,1.10125,1.09985,1.10036,3029,11,0
2019-07-22 16:00:00,1.10037,1.10132,1.0999,1.10036,4104,11,0
2019-07-22 18:00:00,1.10035,1.10081,1.10007,1.10079,2354,10,0
2019-07-22 20:00:00,1.1008,1.10088,1.1001,1.1004,1645,12,0
2019-07-22 22:00:00,1.10042,1.101,1.10033,1.1004,1759,13,0
2019-07-23 00:00:00,1.1004,1.10114,1.10033,1.10104,2834,10,0
2019-07-23 02:00:00,1.10104,1.1018,1.10077,1.10154,1805,12,0
2019-07-23 04:00:00,1.10156,1.10169,1.10118,1.10144,1821,13,0
2019-07-23 06:00:00,1.10143,1.10187,1.10113,1.10137,1724,12,0
2019-07-23 08:00:00,1.10137,1.10159,1.10064,1.10083,1878,11,0
2019-07-23 10:00:00,1.10085,1.10177,1.10061,1.10101,2997,12,0
2019-07-23 12:00:00,1.10102,1.1016,1.09895,1.09918,2452,10,0
2019-07-23 14:00:00,1.09918,1.09947,1.09809,1.09825,3112,12,0
2019-07-23 16:00:00,1.09826,1.09863,1.09702,1.09811,4580,8,0
2019-07-23 18:00:00,1.0981,1.09894,1.0978,1.09839,3199,12,0
2019-07-23 20:00:00,1.0984,1.09922,1.09821,1.09881,2952,11,0
2019-07-23 22:00:00,1.09882,1.09922,1.09813,1.09826,1833,14,0
2019-07-24 00:00:00,1.09823,1.09873,1.0982,1.09848,1306,16,0
2019-07-24 02:00:00,1.09848,1.09929,1.0983,1.09893,1170,13,0
2019-07-24 04:00:00,1.09892,1.09947,1.09878,1.09947,1323,13,0
2019-07-24 06:00:00,1.09947,1.09956,1.09921,1.09927,1057,13,0
2019-07-24 08:00:00,1.09927,1.10043,1.09911,1.09979,1595,9,0
2019-07-24 10:00:00,1.09981,1.10011,1.09806,1.09808,5437,5,0
2019-07-24 12:00:00,1.09809,1.09888,1.09752,1.09867,3250,11,0
2019-07-24 14:00:00,1.09867,1.09867,1.09739,1.0976,3165,10,0
2019-07-24 16:00:00,1.09759,1.098,1.09715,1.09787,4491,13,0
2019-07-24 18:00:00,1.09786,1.09818,1.09747,1.09795,2435,10,0
2019-07-24 20:00:00,1.09795,1.09805,1.09747,1.0976,2035,14,0
2019-07-24 22:00:00,1.09761,1.0977,1.09682,1.09686,1130,13,0
2019-07-25 00:00:00,1.09688,1.09731,1.09672,1.09701,794,15,0
2019-07-25 02:00:00,1.097,1.09723,1.09671,1.09673,1077,11,0
2019-07-25 04:00:00,1.09672,1.09708,1.09646,1.09698,1509,10,0
2019-07-25 06:00:00,1.09697,1.09708,1.09679,1.09682,768,12,0
2019-07-25 08:00:00,1.09683,1.0974,1.0965,1.09658,1339,11,0
2019-07-25 10:00:00,1.09658,1.09789,1.09616,1.09745,2761,7,0
2019-07-25 12:00:00,1.09745,1.09899,1.09732,1.09783,2839,8,0
2019-07-25 14:00:00,1.09783,1.10256,1.09722,1.10231,11885,5,0
2019-07-25 16:00:00,1.10233,1.10543,1.10165,1.10425,9500,12,0
2019-07-25 18:00:00,1.10422,1.10466,1.10326,1.10331,4162,8,0
2019-07-25 20:00:00,1.10332,1.10488,1.10308,1.10467,2801,12,0
2019-07-25 22:00:00,1.10469,1.1048,1.10388,1.10434,1370,13,0
2019-07-26 00:00:00,1.10406,1.10458,1.10398,1.10427,659,13,0
2019-07-26 02:00:00,1.10427,1.10463,1.10391,1.10398,1030,11,0
2019-07-26 04:00:00,1.10398,1.10417,1.10376,1.1038,1183,12,0
2019-07-26 06:00:00,1.1038,1.10476,1.10371,1.10454,740,13,0
2019-07-26 08:00:00,1.10454,1.10487,1.10382,1.10426,1731,13,0
2019-07-26 10:00:00,1.10427,1.1047,1.10375,1.10436,3425,10,0
2019-07-26 12:00:00,1.10437,1.10523,1.10427,1.10495,2554,12,0
2019-07-26 14:00:00,1.10494,1.10567,1.10469,1.1053,4423,9,0
2019-07-26 16:00:00,1.1053,1.10613,1.10473,1.10513,6104,11,0
2019-07-26 18:00:00,1.10513,1.10543,1.10419,1.10542,4673,12,0
2019-07-26 20:00:00,1.10541,1.10624,1.10531,1.10607,2106,14,0
2019-07-26 22:00:00,1.10605,1.10606,1.10509,1.10513,1382,12,0
2019-07-29 00:00:00,1.10508,1.10563,1.10437,1.10549,526,18,0
2019-07-29 02:00:00,1.1055,1.10557,1.1049,1.1051,883,13,0
2019-07-29 04:00:00,1.1051,1.1051,1.10447,1.10476,904,13,0
2019-07-29 06:00:00,1.10475,1.10527,1.10474,1.10503,848,13,0
2019-07-29 08:00:00,1.10502,1.10516,1.1043,1.10437,1131,13,0
2019-07-29 10:00:00,1.10438,1.10438,1.10289,1.10303,2400,11,0
2019-07-29 12:00:00,1.10303,1.10332,1.10246,1.1033,1780,14,0
2019-07-29 14:00:00,1.10331,1.10395,1.10287,1.10361,2763,12,0
2019-07-29 16:00:00,1.10361,1.10488,1.1026,1.10476,4426,12,0
2019-07-29 18:00:00,1.10475,1.10537,1.10436,1.10514,2552,12,0
2019-07-29 20:00:00,1.10515,1.10525,1.10448,1.10506,1795,12,0
2019-07-29 22:00:00,1.10507,1.10519,1.10465,1.10493,2115,14,0
2019-07-30 00:00:00,1.1047,1.10544,1.10448,1.10534,3839,15,0
2019-07-30 02:00:00,1.10535,1.10541,1.10488,1.10492,768,12,0
2019-07-30 04:00:00,1.10493,1.10517,1.10419,1.10425,1353,12,0
2019-07-30 06:00:00,1.10424,1.10476,1.10423,1.10442,743,12,0
2019-07-30 08:00:00,1.10442,1.10529,1.10421,1.1043,2026,12,0
2019-07-30 10:00:00,1.10431,1.10466,1.10372,1.10408,4472,12,0
2019-07-30 12:00:00,1.1041,1.10455,1.10348,1.10354,3070,13,0
2019-07-30 14:00:00,1.10355,1.10412,1.10283,1.10364,4897,11,0
2019-07-30 16:00:00,1.10363,1.10492,1.10342,1.1042,5448,9,0
2019-07-30 18:00:00,1.10422,1.10507,1.10418,1.10476,3326,13,0
2019-07-30 20:00:00,1.10475,1.10498,1.10442,1.10473,2449,13,0
2019-07-30 22:00:00,1.10473,1.10483,1.10429,1.10429,1535,13,0
2019-07-31 00:00:00,1.10443,1.10512,1.10404,1.10492,1395,16,0
2019-07-31 02:00:00,1.10492,1.10494,1.10412,1.10462,723,0,0
2019-07-31 04:00:00,1.10462,1.10502,1.10436,1.10469,1105,13,0
2019-07-31 06:00:00,1.10468,1.10589,1.1046,1.10579,827,8,0
2019-07-31 08:00:00,1.10578,1.10614,1.10474,1.10489,1745,12,0
2019-07-31 10:00:00,1.10489,1.10515,1.10388,1.10423,2596,12,0
2019-07-31 12:00:00,1.10422,1.10475,1.10353,1.10359,2043,11,0
2019-07-31 14:00:00,1.1036,1.10449,1.10334,1.10342,2111,11,0
2019-07-31 16:00:00,1.10342,1.10458,1.10202,1.10215,5143,10,0
2019-07-31 18:00:00,1.10214,1.10296,1.1015,1.10177,4350,12,0
2019-07-31 20:00:00,1.10177,1.10214,1.10061,1.1014,11215,7,0
2019-07-31 22:00:00,1.1014,1.10188,1.10023,1.10067,6083,10,0
2019-08-01 00:00:00,1.10067,1.10115,1.1002,1.10056,1635,11,0
2019-08-01 02:00:00,1.10058,1.10186,1.10047,1.10061,2944,6,0
2019-08-01 04:00:00,1.10063,1.10162,1.10036,1.10104,2273,8,0
2019-08-01 06:00:00,1.10103,1.10123,1.10058,1.10091,1053,14,0
2019-08-01 08:00:00,1.10093,1.10119,1.10015,1.10048,2705,11,0
2019-08-01 10:00:00,1.10047,1.10077,1.0988,1.09908,4358,11,0
2019-08-01 12:00:00,1.09904,1.09931,1.09801,1.09833,3473,12,0
2019-08-01 14:00:00,1.09837,1.09967,1.09789,1.09855,4620,9,0
2019-08-01 16:00:00,1.09854,1.09979,1.09826,1.09942,7445,11,0
2019-08-01 18:00:00,1.09942,1.09977,1.09835,1.09843,4931,10,0
2019-08-01 20:00:00,1.09842,1.09914,1.09698,1.0972,13068,10,0
2019-08-01 22:00:00,1.09718,1.09846,1.09686,1.09763,5591,13,0
2019-08-02 00:00:00,1.09762,1.09762,1.09684,1.09734,1520,2,0
2019-08-02 02:00:00,1.09734,1.09739,1.09551,1.09571,2843,10,0
2019-08-02 04:00:00,1.09572,1.09638,1.09489,1.09497,5327,11,0
2019-08-02 06:00:00,1.09496,1.09586,1.09491,1.09572,2391,10,0
2019-08-02 08:00:00,1.0957,1.09641,1.0951,1.0953,3720,11,0
2019-08-02 10:00:00,1.09527,1.09555,1.09385,1.09452,7573,2,0
2019-08-02 12:00:00,1.09452,1.09492,1.09311,1.09317,4325,10,0
2019-08-02 14:00:00,1.09316,1.09402,1.0919,1.09347,8062,9,0
2019-08-02 16:00:00,1.09349,1.0945,1.0913,1.09133,11041,10,0
2019-08-02 18:00:00,1.09132,1.0922,1.09105,1.09112,6278,11,0
2019-08-02 20:00:00,1.09111,1.09149,1.09083,1.09144,4695,10,0
2019-08-02 22:00:00,1.09143,1.09168,1.0906,1.09077,3320,12,0
2019-08-05 00:00:00,1.09289,1.09298,1.09111,1.09113,1340,13,0
2019-08-05 02:00:00,1.09111,1.09154,1.09021,1.09101,2437,9,0
2019-08-05 04:00:00,1.09101,1.0912,1.0889,1.08901,7382,8,0
2019-08-05 06:00:00,1.08901,1.0899,1.08895,1.0896,2956,12,0
2019-08-05 08:00:00,1.08961,1.08982,1.08817,1.08844,4254,12,0
2019-08-05 10:00:00,1.08843,1.08908,1.0869,1.08695,7513,10,0
2019-08-05 12:00:00,1.08695,1.08847,1.08625,1.0884,6705,10,0
2019-08-05 14:00:00,1.08839,1.09022,1.08783,1.08966,6015,11,0
2019-08-05 16:00:00,1.08966,1.0909,1.08806,1.08885,9131,7,0
2019-08-05 18:00:00,1.08884,1.0901,1.08797,1.0896,8912,5,0
2019-08-05 20:00:00,1.08959,1.09094,1.08955,1.09066,5402,12,0
2019-08-05 22:00:00,1.09067,1.09135,1.08989,1.09017,5032,5,0
2019-08-06 00:00:00,1.0902,1.09095,1.08947,1.0905,3362,10,0
2019-08-06 02:00:00,1.09051,1.09176,1.09045,1.09164,3756,7,0
2019-08-06 04:00:00,1.09165,1.09286,1.09134,1.09219,4428,11,0
2019-08-06 06:00:00,1.09218,1.09255,1.09134,1.0915,4641,9,0
2019-08-06 08:00:00,1.09149,1.09299,1.09138,1.09252,4648,10,0
2019-08-06 10:00:00,1.09252,1.09279,1.09122,1.09126,6739,12,0
2019-08-06 12:00:00,1.09125,1.09192,1.09075,1.09192,3695,12,0
2019-08-06 14:00:00,1.09193,1.09222,1.09117,1.09185,4493,12,0
2019-08-06 16:00:00,1.09185,1.0943,1.09163,1.09385,8573,10,0
2019-08-06 18:00:00,1.09386,1.0953,1.09321,1.09333,6480,8,0
2019-08-06 20:00:00,1.09332,1.09443,1.09302,1.09407,5133,11,0
2019-08-06 22:00:00,1.09409,1.0947,1.09322,1.09322,3425,14,0
2019-08-07 00:00:00,1.09341,1.09395,1.09255,1.09278,1425,14,0
2019-08-07 02:00:00,1.09278,1.09369,1.09277,1.09346,1963,11,0
2019-08-07 04:00:00,1.09345,1.09422,1.09249,1.09346,3820,12,0
2019-08-07 06:00:00,1.09347,1.09483,1.09246,1.09404,3876,12,0
2019-08-07 08:00:00,1.09405,1.09482,1.0927,1.093,3029,10,0
2019-08-07 10:00:00,1.093,1.09494,1.09254,1.09428,5118,11,0
2019-08-07 12:00:00,1.09427,1.09574,1.09425,1.09489,4501,9,0
2019-08-07 14:00:00,1.09491,1.09502,1.09142,1.09251,8256,10,0
2019-08-07 16:00:00,1.0925,1.09332,1.09082,1.09144,15108,9,0
2019-08-07 18:00:00,1.09145,1.09179,1.08926,1.0909,11514,0,0
2019-08-07 20:00:00,1.09089,1.09206,1.09074,1.09179,10209,9,0
2019-08-07 22:00:00,1.09177,1.09266,1.09144,1.09195,6305,12,0
2019-08-08 00:00:00,1.09199,1.09257,1.0917,1.0922,1500,15,0
2019-08-08 02:00:00,1.0922,1.09308,1.09209,1.09257,1807,10,0
2019-08-08 04:00:00,1.09258,1.09359,1.09209,1.09287,4008,12,0
2019-08-08 06:00:00,1.09287,1.09365,1.09287,1.09338,1524,12,0
2019-08-08 08:00:00,1.0934,1.09362,1.09243,1.09283,2788,11,0
2019-08-08 10:00:00,1.09283,1.09382,1.09263,1.09332,4105,13,0
2019-08-08 12:00:00,1.09332,1.09368,1.09272,1.09303,2425,13,0
2019-08-08 14:00:00,1.09301,1.09411,1.09151,1.09363,5039,11,0
2019-08-08 16:00:00,1.09364,1.0955,1.09357,1.09475,11500,0,0
2019-08-08 18:00:00,1.09475,1.09508,1.09244,1.09339,5303,8,0
2019-08-08 20:00:00,1.09339,1.09343,1.09052,1.09067,4821,11,0
2019-08-08 22:00:00,1.09067,1.09088,1.08939,1.08939,2391,12,0
2019-08-09 00:00:00,1.08955,1.0911,1.08937,1.08955,1420,13,0
2019-08-09 02:00:00,1.08955,1.09035,1.08926,1.09014,1279,13,0
2019-08-09 04:00:00,1.09016,1.09034,1.08995,1.0901,1170,15,0
2019-08-09 06:00:00,1.09009,1.09035,1.08996,1.09035,724,13,0
2019-08-09 08:00:00,1.09035,1.09055,1.08963,1.09004,1574,11,0
2019-08-09 10:00:00,1.09006,1.09104,1.08989,1.09047,4088,11,0
2019-08-09 12:00:00,1.09046,1.09048,1.0894,1.09021,3805,12,0
2019-08-09 14:00:00,1.09021,1.09042,1.08882,1.08891,5426,8,0
2019-08-09 16:00:00,1.08891,1.09107,1.0887,1.09064,7267,10,0
2019-08-09 18:00:00,1.09064,1.09078,1.08932,1.09005,7093,0,0
2019-08-09 20:00:00,1.09007,1.09087,1.08904,1.08943,4661,12,0
2019-08-09 22:00:00,1.08943,1.08979,1.08875,1.08968,2032,14,0
2019-08-12 00:00:00,1.08972,1.08972,1.08882,1.08947,586,16,0
2019-08-12 02:00:00,1.08948,1.08951,1.08853,1.08882,1265,14,0
2019-08-12 04:00:00,1.08881,1.08966,1.08881,1.08931,2267,11,0
2019-08-12 06:00:00,1.08931,1.08967,1.08908,1.08944,1328,12,0
2019-08-12 08:00:00,1.08943,1.09012,1.08932,1.08977,2357,11,0
2019-08-12 10:00:00,1.08976,1.08977,1.08803,1.08837,7895,4,0
2019-08-12 12:00:00,1.08836,1.08865,1.08768,1.08784,5556,7,0
2019-08-12 14:00:00,1.08784,1.0888,1.08719,1.08861,4918,12,0
2019-08-12 16:00:00,1.0886,1.08968,1.08793,1.08823,7865,11,0
2019-08-12 18:00:00,1.08828,1.08842,1.08696,1.08798,6245,9,0
2019-08-12 20:00:00,1.08798,1.08814,1.0869,1.08696,3540,12,0
2019-08-12 22:00:00,1.08695,1.08753,1.08658,1.08659,2884,13,0
2019-08-13 00:00:00,1.0867,1.08715,1.08651,1.08689,1273,12,0
2019-08-13 02:00:00,1.0869,1.0871,1.08651,1.08684,2101,12,0
2019-08-13 04:00:00,1.08685,1.08844,1.08645,1.0883,2732,9,0
2019-08-13 06:00:00,1.0883,1.08836,1.08704,1.08787,2470,12,0
2019-08-13 08:00:00,1.08788,1.08798,1.08648,1.08692,3178,10,0
2019-08-13 10:00:00,1.08691,1.08789,1.08606,1.08677,5490,12,0
2019-08-13 12:00:00,1.08677,1.08684,1.08517,1.08535,4442,11,0
2019-08-13 14:00:00,1.08535,1.08555,1.08419,1.08447,6353,9,0
2019-08-13 16:00:00,1.08447,1.09218,1.08402,1.08968,19320,3,0
2019-08-13 18:00:00,1.08969,1.09073,1.08846,1.09029,10319,11,0
2019-08-13 20:00:00,1.09029,1.09101,1.08894,1.09065,6948,11,0
2019-08-13 22:00:00,1.09065,1.09101,1.09034,1.09059,2405,14,0
2019-08-14 00:00:00,1.09061,1.091,1.09018,1.09057,5475,13,0
2019-08-14 02:00:00,1.09056,1.09109,1.08996,1.09019,1661,13,0
2019-08-14 04:00:00,1.09018,1.09137,1.0891,1.08958,4989,13,0
2019-08-14 06:00:00,1.08956,1.09133,1.08947,1.09115,3649,12,0
2019-08-14 08:00:00,1.09113,1.0913,1.08963,1.08996,3472,12,0
2019-08-14 10:00:00,1.08997,1.09014,1.08829,1.08829,4196,7,0
2019-08-14 12:00:00,1.08829,1.08926,1.08704,1.08706,5241,13,0
2019-08-14 14:00:00,1.08705,1.08728,1.08556,1.08667,11392,2,0
2019-08-14 16:00:00,1.08667,1.08717,1.08384,1.08416,15584,10,0
2019-08-14 18:00:00,1.08417,1.08526,1.08371,1.08407,7254,11,0
2019-08-14 20:00:00,1.08408,1.0849,1.08389,1.08422,5672,11,0
2019-08-14 22:00:00,1.08423,1.08491,1.08369,1.08382,5020,13,0
2019-08-15 00:00:00,1.08345,1.08437,1.08345,1.08426,1587,12,0
2019-08-15 02:00:00,1.08426,1.08488,1.08399,1.08468,1576,14,0
2019-08-15 04:00:00,1.08468,1.08507,1.08432,1.08444,2879,12,0
2019-08-15 06:00:00,1.08445,1.08545,1.08443,1.08543,1735,14,0
2019-08-15 08:00:00,1.08544,1.08732,1.0851,1.0867,4945,10,0
2019-08-15 10:00:00,1.0867,1.08719,1.08552,1.08661,7253,13,0
2019-08-15 12:00:00,1.08661,1.08682,1.08437,1.08493,7969,5,0
2019-08-15 14:00:00,1.08493,1.08694,1.0848,1.0864,15213,9,0
2019-08-15 16:00:00,1.08639,1.08701,1.08355,1.08382,19846,3,0
2019-08-15 18:00:00,1.08381,1.08447,1.08343,1.08439,8262,10,0
2019-08-15 20:00:00,1.08437,1.08499,1.08354,1.08499,8183,13,0
2019-08-15 22:00:00,1.08499,1.08524,1.08412,1.08417,3079,11,0
2019-08-16 00:00:00,1.08393,1.08511,1.08367,1.08491,1412,17,0
2019-08-16 02:00:00,1.08492,1.08531,1.08443,1.08524,1596,13,0
2019-08-16 04:00:00,1.08523,1.08587,1.08453,1.08583,1944,14,0
2019-08-16 06:00:00,1.08582,1.08667,1.08545,1.0866,1484,14,0
2019-08-16 08:00:00,1.0866,1.08689,1.08626,1.0866,2185,0,0
2019-08-16 10:00:00,1.08658,1.08679,1.08459,1.08593,5727,7,0
2019-08-16 12:00:00,1.08592,1.08698,1.08564,1.08581,4871,4,0
2019-08-16 14:00:00,1.08582,1.08604,1.08475,1.08554,5673,11,0
2019-08-16 16:00:00,1.08553,1.08763,1.08429,1.08747,10553,10,0
2019-08-16 18:00:00,1.08754,1.08767,1.08576,1.08598,5301,8,0
2019-08-16 20:00:00,1.086,1.0861,1.08569,1.08576,469,14,0
2019-08-16 22:00:00,1.08565,1.08566,1.08456,1.08458,364,26,0
2019-08-19 00:00:00,1.0851,1.0868,1.08389,1.08603,1030,9,0
2019-08-19 02:00:00,1.08604,1.08632,1.08562,1.08578,1430,14,0
2019-08-19 04:00:00,1.08578,1.08612,1.08562,1.08592,990,15,0
2019-08-19 06:00:00,1.08593,1.08669,1.08593,1.08643,801,14,0
2019-08-19 08:00:00,1.08643,1.08679,1.08551,1.08595,1849,13,0
2019-08-19 10:00:00,1.08594,1.08667,1.08507,1.08587,5367,13,0
2019-08-19 12:00:00,1.08587,1.08851,1.08587,1.08785,4181,12,0
2019-08-19 14:00:00,1.08785,1.08926,1.08725,1.08919,3436,12,0
2019-08-19 16:00:00,1.08925,1.08977,1.08785,1.08796,3835,11,0
2019-08-19 18:00:00,1.08797,1.08848,1.08733,1.08753,3023,12,0
2019-08-19 20:00:00,1.08752,1.08759,1.08712,1.08732,2877,12,0
2019-08-19 22:00:00,1.08731,1.0876,1.08715,1.08715,1556,15,0
2019-08-20 00:00:00,1.08715,1.08773,1.08713,1.08767,685,11,0
2019-08-20 02:00:00,1.08768,1.08787,1.08732,1.08772,1336,14,0
2019-08-20 04:00:00,1.08771,1.08806,1.08744,1.08757,1936,13,0
2019-08-20 06:00:00,1.08758,1.08762,1.08722,1.08734,1747,14,0
2019-08-20 08:00:00,1.08734,1.08737,1.08565,1.08582,2352,10,0
2019-08-20 10:00:00,1.08581,1.08631,1.08499,1.08503,3675,12,0
2019-08-20 12:00:00,1.08503,1.08548,1.0844,1.08545,3252,12,0
2019-08-20 14:00:00,1.08545,1.08651,1.08511,1.08544,3311,10,0
2019-08-20 16:00:00,1.08545,1.08623,1.08489,1.08563,8121,10,0
2019-08-20 18:00:00,1.08564,1.08667,1.08564,1.08588,2979,10,0
2019-08-20 20:00:00,1.08587,1.08613,1.08537,1.08542,2104,13,0
2019-08-20 22:00:00,1.08543,1.08571,1.085,1.08507,1887,15,0
2019-08-21 00:00:00,1.08507,1.08585,1.085,1.08527,2934,13,0
2019-08-21 02:00:00,1.08527,1.08607,1.08523,1.08558,986,14,0
2019-08-21 04:00:00,1.0856,1.08655,1.08555,1.08619,2066,12,0
2019-08-21 06:00:00,1.08618,1.08651,1.0858,1.08623,2986,15,0
2019-08-21 08:00:00,1.08627,1.08664,1.086,1.08613,1917,12,0
2019-08-21 10:00:00,1.08614,1.08738,1.08566,1.08738,3466,12,0
2019-08-21 12:00:00,1.08736,1.08798,1.08696,1.08758,2712,12,0
2019-08-21 14:00:00,1.0876,1.08887,1.08714,1.08879,2655,12,0
2019-08-21 16:00:00,1.08879,1.08918,1.08769,1.0882,4065,9,0
2019-08-21 18:00:00,1.08821,1.08945,1.0881,1.08855,3396,11,0
2019-08-21 20:00:00,1.08855,1.08936,1.08757,1.08886,4074,12,0
2019-08-21 22:00:00,1.08887,1.08945,1.08875,1.0888,2096,15,0
2019-08-22 00:00:00,1.08865,1.08917,1.08865,1.08898,649,15,0
2019-08-22 02:00:00,1.08898,1.0895,1.08898,1.08948,924,15,0
2019-08-22 04:00:00,1.08946,1.08974,1.08897,1.08933,1040,15,0
2019-08-22 06:00:00,1.08933,1.08954,1.08884,1.08887,1239,14,0
2019-08-22 08:00:00,1.08886,1.08891,1.08744,1.08808,1857,12,0
2019-08-22 10:00:00,1.08808,1.09188,1.08753,1.09003,6487,10,0
2019-08-22 12:00:00,1.09002,1.09064,1.08769,1.08769,4965,12,0
2019-08-22 14:00:00,1.08768,1.09075,1.08762,1.09032,5849,11,0
2019-08-22 16:00:00,1.09031,1.09102,1.08847,1.0901,8961,12,0
2019-08-22 18:00:00,1.0901,1.0909,1.08999,1.09055,3796,11,0
2019-08-22 20:00:00,1.09054,1.09064,1.08982,1.09027,1780,14,0
2019-08-22 22:00:00,1.09025,1.09042,1.0895,1.08963,1428,16,0
2019-08-23 00:00:00,1.0897,1.09008,1.08959,1.08994,851,14,0
2019-08-23 02:00:00,1.08993,1.09092,1.08981,1.09065,1007,13,0
2019-08-23 04:00:00,1.09066,1.09093,1.09013,1.09044,1468,14,0
2019-08-23 06:00:00,1.09045,1.09067,1.08981,1.09034,1578,13,0
2019-08-23 08:00:00,1.09032,1.09101,1.09022,1.09065,1502,12,0
2019-08-23 10:00:00,1.09066,1.09271,1.0906,1.09246,3385,13,0
2019-08-23 12:00:00,1.09248,1.09248,1.09108,1.09164,2727,7,0
2019-08-23 14:00:00,1.09164,1.09185,1.08892,1.08913,6295,11,0
2019-08-23 16:00:00,1.08912,1.09049,1.08862,1.08979,10533,6,0
2019-08-23 18:00:00,1.08978,1.08984,1.0859,1.08631,14337,1,0
2019-08-23 20:00:00,1.08631,1.08647,1.08543,1.08581,6650,9,0
2019-08-23 22:00:00,1.08584,1.08655,1.08539,1.08556,4047,14,0
2019-08-26 00:00:00,1.08443,1.08491,1.08385,1.08461,3631,13,0
2019-08-26 02:00:00,1.08462,1.08631,1.08381,1.08575,3970,10,0
2019-08-26 04:00:00,1.08576,1.08823,1.08574,1.08664,5125,15,0
2019-08-26 06:00:00,1.08666,1.08738,1.08636,1.08643,5202,12,0
2019-08-26 08:00:00,1.08643,1.08841,1.08599,1.08787,5279,10,0
2019-08-26 10:00:00,1.08787,1.08893,1.08543,1.08762,11030,11,0
2019-08-26 12:00:00,1.08763,1.08951,1.08754,1.08918,6777,11,0
2019-08-26 14:00:00,1.08919,1.09021,1.08791,1.08927,5877,0,0
2019-08-26 16:00:00,1.08926,1.08932,1.08683,1.08687,11306,7,0
2019-08-26 18:00:00,1.0869,1.08835,1.08627,1.08822,6732,10,0
2019-08-26 20:00:00,1.08821,1.08834,1.08682,1.08715,4271,13,0
2019-08-26 22:00:00,1.08714,1.08725,1.0864,1.08646,1993,11,0
2019-08-27 00:00:00,1.08653,1.08708,1.08605,1.08682,801,16,0
2019-08-27 02:00:00,1.08683,1.08712,1.0863,1.0863,1960,15,0
2019-08-27 04:00:00,1.08631,1.08726,1.08621,1.08664,2410,14,0
2019-08-27 06:00:00,1.08664,1.08673,1.08592,1.08647,2613,15,0
2019-08-27 08:00:00,1.08649,1.08674,1.08577,1.08627,3445,14,0
2019-08-27 10:00:00,1.08625,1.08925,1.08598,1.08916,5258,11,0
2019-08-27 12:00:00,1.08917,1.08963,1.08835,1.08877,4779,12,0
2019-08-27 14:00:00,1.08876,1.08984,1.08747,1.0896,4897,8,0
2019-08-27 16:00:00,1.08961,1.09156,1.08928,1.08949,8121,8,0
2019-08-27 18:00:00,1.0895,1.08995,1.08757,1.08762,4845,10,0
2019-08-27 20:00:00,1.08762,1.0885,1.08751,1.08803,1948,12,0
2019-08-27 22:00:00,1.08803,1.08841,1.08777,1.08798,1705,11,0
2019-08-28 00:00:00,1.08796,1.08861,1.08773,1.08842,1695,15,0
2019-08-28 02:00:00,1.08843,1.08859,1.0878,1.08808,1809,12,0
2019-08-28 04:00:00,1.08806,1.08855,1.08787,1.08833,3148,13,0
2019-08-28 06:00:00,1.08833,1.08902,1.08816,1.08864,3017,14,0
2019-08-28 08:00:00,1.08864,1.08975,1.08852,1.08949,1709,12,0
2019-08-28 10:00:00,1.08949,1.0902,1.08814,1.08828,5283,12,0
2019-08-28 12:00:00,1.08827,1.08917,1.08763,1.08764,3290,12,0
2019-08-28 14:00:00,1.08764,1.08793,1.08693,1.08755,5195,12,0
2019-08-28 16:00:00,1.08755,1.08832,1.08642,1.08698,7505,10,0
2019-08-28 18:00:00,1.08699,1.08754,1.08649,1.08713,3570,2,0
2019-08-28 20:00:00,1.08713,1.08778,1.08689,1.0876,2252,14,0
2019-08-28 22:00:00,1.0876,1.08791,1.08683,1.08699,2913,14,0
2019-08-29 00:00:00,1.08699,1.08752,1.08683,1.08749,686,17,0
2019-08-29 02:00:00,1.0875,1.08798,1.08711,1.08714,2338,12,0
2019-08-29 04:00:00,1.08715,1.08723,1.08602,1.08625,1981,13,0
2019-08-29 06:00:00,1.08626,1.0869,1.08623,1.08654,1812,14,0
2019-08-29 08:00:00,1.08655,1.08748,1.08648,1.08673,2158,13,0
2019-08-29 10:00:00,1.08671,1.08911,1.08654,1.08906,5830,10,0
2019-08-29 12:00:00,1.08906,1.08966,1.08776,1.08807,4455,8,0
2019-08-29 14:00:00,1.08807,1.08859,1.08752,1.08771,4061,8,0
2019-08-29 16:00:00,1.0877,1.09066,1.08683,1.08945,9535,6,0
2019-08-29 18:00:00,1.08946,1.09049,1.08905,1.09023,4115,12,0
2019-08-29 20:00:00,1.09023,1.09119,1.09014,1.09115,3328,12,0
2019-08-29 22:00:00,1.09115,1.0913,1.09055,1.09058,1451,12,0
2019-08-30 00:00:00,1.0906,1.09097,1.09049,1.09083,486,19,0
2019-08-30 02:00:00,1.09084,1.09125,1.09026,1.09097,1914,10,0
2019-08-30 04:00:00,1.09098,1.09105,1.09047,1.09052,2054,10,0
2019-08-30 06:00:00,1.09051,1.09116,1.09041,1.09064,1537,15,0
2019-08-30 08:00:00,1.09063,1.09102,1.08992,1.09054,3732,11,0
2019-08-30 10:00:00,1.09054,1.09214,1.09006,1.0911,5728,11,0
2019-08-30 12:00:00,1.09113,1.09225,1.09081,1.09208,3232,11,0
2019-08-30 14:00:00,1.0919,1.09198,1.09018,1.09028,4379,10,0
2019-08-30 16:00:00,1.09028,1.0919,1.08928,1.08946,6489,2,0
2019-08-30 18:00:00,1.08947,1.08955,1.08734,1.08799,7254,9,0
2019-08-30 20:00:00,1.08796,1.08822,1.08669,1.08758,3731,9,0
2019-08-30 22:00:00,1.08757,1.08805,1.08726,1.08733,2562,15,0
2019-09-02 00:00:00,1.08793,1.08803,1.08689,1.08694,908,17,0
2019-09-02 02:00:00,1.08693,1.08766,1.08692,1.08707,1149,14,0
2019-09-02 04:00:00,1.08709,1.08833,1.087,1.08821,2774,10,0
2019-09-02 06:00:00,1.08822,1.0883,1.08792,1.0882,1015,15,0
2019-09-02 08:00:00,1.0882,1.08893,1.08728,1.0875,1647,12,0
2019-09-02 10:00:00,1.08752,1.08925,1.08652,1.08703,4417,12,0
2019-09-02 12:00:00,1.08703,1.08737,1.08641,1.08703,4556,11,0
2019-09-02 14:00:00,1.08703,1.08779,1.08675,1.08736,2462,11,0
2019-09-02 16:00:00,1.08736,1.08767,1.08665,1.0869,2557,13,0
2019-09-02 18:00:00,1.08689,1.08697,1.08589,1.08601,2063,13,0
2019-09-02 20:00:00,1.08601,1.08656,1.08581,1.08647,666,12,0
2019-09-02 22:00:00,1.08648,1.08672,1.08595,1.08628,1484,18,0
2019-09-03 00:00:00,1.08624,1.08655,1.08614,1.08637,677,19,0
2019-09-03 02:00:00,1.08636,1.08649,1.08584,1.08635,1831,15,0
2019-09-03 04:00:00,1.08636,1.08636,1.08497,1.08522,3352,12,0
2019-09-03 06:00:00,1.08524,1.08555,1.08502,1.08542,1781,11,0
2019-09-03 08:00:00,1.08542,1.08597,1.08485,1.08538,4499,11,0
2019-09-03 10:00:00,1.08537,1.08578,1.0841,1.08494,6159,10,0
2019-09-03 12:00:00,1.08496,1.08503,1.08226,1.08335,4272,6,0
2019-09-03 14:00:00,1.08334,1.08342,1.08258,1.08277,5048,11,0
2019-09-03 16:00:00,1.08277,1.08358,1.08191,1.0823,9158,0,0
2019-09-03 18:00:00,1.08229,1.083,1.08193,1.08276,4636,0,0
2019-09-03 20:00:00,1.08276,1.08294,1.08226,1.0828,2304,12,0
2019-09-03 22:00:00,1.08279,1.08344,1.08245,1.08258,1267,14,0
2019-09-04 00:00:00,1.0826,1.08383,1.08214,1.08273,1581,15,0
2019-09-04 02:00:00,1.08273,1.0832,1.08251,1.0827,2208,14,0
2019-09-04 04:00:00,1.08269,1.08379,1.08268,1.08281,4243,12,0
2019-09-04 06:00:00,1.08281,1.08343,1.08269,1.08326,1337,15,0
2019-09-04 08:00:00,1.08331,1.08528,1.08308,1.08402,3024,10,0
2019-09-04 10:00:00,1.08401,1.08592,1.08392,1.0853,5806,10,0
2019-09-04 12:00:00,1.0853,1.08581,1.0844,1.08444,4193,11,0
2019-09-04 14:00:00,1.08445,1.08492,1.08392,1.08453,3637,10,0
2019-09-04 16:00:00,1.08454,1.08469,1.08193,1.08227,6534,11,0
2019-09-04 18:00:00,1.08228,1.08248,1.08147,1.08188,3975,11,0
2019-09-04 20:00:00,1.08187,1.08205,1.08117,1.08132,3380,12,0
2019-09-04 22:00:00,1.08133,1.08242,1.08104,1.08164,2152,13,0
2019-09-05 00:00:00,1.08164,1.08229,1.08151,1.08211,714,12,0
2019-09-05 02:00:00,1.0821,1.08282,1.08189,1.08268,1035,14,0
2019-09-05 04:00:00,1.08268,1.08554,1.08258,1.08528,4337,12,0
2019-09-05 06:00:00,1.08529,1.08534,1.08459,1.08462,2905,13,0
2019-09-05 08:00:00,1.08462,1.08516,1.08338,1.08397,3143,9,0
2019-09-05 10:00:00,1.08398,1.08501,1.08368,1.0845,5729,11,0
2019-09-05 12:00:00,1.0845,1.08675,1.08381,1.0867,4695,11,0
2019-09-05 14:00:00,1.0867,1.08793,1.08614,1.08766,4352,11,0
2019-09-05 16:00:00,1.08765,1.09125,1.0876,1.08926,8852,3,0
2019-09-05 18:00:00,1.08927,1.09012,1.08879,1.08918,3756,9,0
2019-09-05 20:00:00,1.08919,1.08931,1.08844,1.08896,1806,11,0
2019-09-05 22:00:00,1.08898,1.08911,1.08747,1.08783,1397,11,0
2019-09-06 00:00:00,1.08776,1.08816,1.08745,1.08793,1339,14,0
2019-09-06 02:00:00,1.08793,1.08843,1.08741,1.08802,1808,14,0
2019-09-06 04:00:00,1.08803,1.08921,1.08783,1.08895,2655,13,0
2019-09-06 06:00:00,1.08894,1.08949,1.0889,1.08944,2258,13,0
2019-09-06 08:00:00,1.08945,1.09013,1.08887,1.08967,3195,10,0
2019-09-06 10:00:00,1.08968,1.09154,1.08962,1.09146,3993,12,0
2019-09-06 12:00:00,1.09144,1.09287,1.09142,1.09262,4133,10,0
2019-09-06 14:00:00,1.09264,1.09306,1.0916,1.09206,7654,9,0
2019-09-06 16:00:00,1.09207,1.09227,1.08956,1.08973,5880,11,0
2019-09-06 18:00:00,1.08972,1.08987,1.08903,1.08972,4361,2,0
2019-09-06 20:00:00,1.08973,1.08995,1.08923,1.08952,2933,13,0
2019-09-06 22:00:00,1.08953,1.08978,1.08868,1.08868,1791,14,0
2019-09-09 00:00:00,1.08926,1.08926,1.08884,1.08915,1138,12,0
2019-09-09 02:00:00,1.08914,1.08987,1.08905,1.0897,1383,13,0
2019-09-09 04:00:00,1.0897,1.09051,1.08953,1.09031,3223,13,0
2019-09-09 06:00:00,1.09034,1.09083,1.09004,1.09071,3530,13,0
2019-09-09 08:00:00,1.0907,1.09083,1.08999,1.09079,1696,13,0
2019-09-09 10:00:00,1.0908,1.09296,1.09054,1.09281,3055,10,0
2019-09-09 12:00:00,1.09282,1.09297,1.09233,1.09272,3211,11,0
2019-09-09 14:00:00,1.09271,1.09441,1.09167,1.0942,4541,7,0
2019-09-09 16:00:00,1.09419,1.0952,1.09376,1.09491,5442,10,0
2019-09-09 18:00:00,1.09493,1.09596,1.09455,1.09554,3089,4,0
2019-09-09 20:00:00,1.09554,1.09611,1.09542,1.09596,1685,6,0
2019-09-09 22:00:00,1.09597,1.0962,1.09559,1.09559,1307,13,0
2019-09-10 00:00:00,1.0956,1.09603,1.09517,1.09599,919,11,0
2019-09-10 02:00:00,1.09597,1.09639,1.09554,1.0962,1305,13,0
2019-09-10 04:00:00,1.09621,1.09681,1.09553,1.09579,2798,11,0
2019-09-10 06:00:00,1.0958,1.09615,1.09566,1.09575,843,13,0
2019-09-10 08:00:00,1.09575,1.09613,1.09521,1.09584,1964,12,0
2019-09-10 10:00:00,1.09583,1.09655,1.09394,1.09412,4215,12,0
2019-09-10 12:00:00,1.09412,1.09437,1.09297,1.09365,2572,10,0
2019-09-10 14:00:00,1.09366,1.0948,1.09265,1.09314,4920,10,0
2019-09-10 16:00:00,1.09314,1.09427,1.09151,1.09249,5966,12,0
2019-09-10 18:00:00,1.09248,1.09501,1.09238,1.09459,4458,4,0
2019-09-10 20:00:00,1.09459,1.09484,1.09388,1.09469,2300,12,0
2019-09-10 22:00:00,1.09471,1.09547,1.09453,1.09507,2253,12,0
2019-09-11 00:00:00,1.09504,1.09557,1.09474,1.09529,755,15,0
2019-09-11 02:00:00,1.09531,1.09593,1.09496,1.09582,2307,12,0
2019-09-11 04:00:00,1.09582,1.09605,1.09543,1.09579,2029,13,0
2019-09-11 06:00:00,1.0958,1.09653,1.09567,1.09602,2163,10,0
2019-09-11 08:00:00,1.09601,1.09637,1.09533,1.09625,2220,12,0
2019-09-11 10:00:00,1.09623,1.09705,1.09532,1.09537,3938,12,0
2019-09-11 12:00:00,1.09537,1.09553,1.09315,1.09322,3026,12,0
2019-09-11 14:00:00,1.09323,1.09406,1.0927,1.0928,4167,11,0
2019-09-11 16:00:00,1.09278,1.09306,1.091,1.09267,5387,10,0
2019-09-11 18:00:00,1.09268,1.0932,1.09182,1.09315,3275,12,0
2019-09-11 20:00:00,1.09316,1.09343,1.09252,1.0928,2042,12,0
2019-09-11 22:00:00,1.09283,1.09338,1.09277,1.09294,1420,11,0
2019-09-12 00:00:00,1.09289,1.09359,1.09276,1.09333,670,15,0
2019-09-12 02:00:00,1.09331,1.0945,1.09313,1.0942,2517,12,0
2019-09-12 04:00:00,1.0942,1.09422,1.09332,1.09374,4226,13,0
2019-09-12 06:00:00,1.09373,1.09442,1.09371,1.09415,2979,9,0
2019-09-12 08:00:00,1.09415,1.09419,1.09212,1.09265,2282,10,0
2019-09-12 10:00:00,1.09266,1.0933,1.09145,1.09215,4312,12,0
2019-09-12 12:00:00,1.09214,1.09302,1.09156,1.09173,3423,11,0
2019-09-12 14:00:00,1.09172,1.09529,1.08507,1.08746,15258,0,0
2019-09-12 16:00:00,1.08748,1.09527,1.08713,1.09338,19752,7,0
2019-09-12 18:00:00,1.0934,1.09643,1.0927,1.09436,6730,6,0
2019-09-12 20:00:00,1.09437,1.09681,1.09422,1.09679,3204,11,0
2019-09-12 22:00:00,1.09677,1.0968,1.09535,1.09546,1357,13,0
2019-09-13 00:00:00,1.09546,1.09604,1.09517,1.09526,1375,14,0
2019-09-13 02:00:00,1.09527,1.09535,1.09452,1.09484,1584,9,0
2019-09-13 04:00:00,1.09485,1.09543,1.09471,1.09536,2308,12,0
2019-09-13 06:00:00,1.09537,1.096,1.09528,1.09566,2443,11,0
2019-09-13 08:00:00,1.09567,1.09618,1.09493,1.09616,3656,9,0
2019-09-13 10:00:00,1.09616,1.09697,1.09519,1.09553,7422,10,0
2019-09-13 12:00:00,1.09552,1.09631,1.09402,1.09423,3244,12,0
2019-09-13 14:00:00,1.09422,1.09508,1.09342,1.09492,5060,11,0
2019-09-13 16:00:00,1.09492,1.09504,1.0927,1.09432,6527,8,0
2019-09-13 18:00:00,1.09433,1.09708,1.09433,1.09689,3315,11,0
2019-09-13 20:00:00,1.09689,1.09738,1.09646,1.09674,2566,13,0
2019-09-13 22:00:00,1.09674,1.09695,1.09617,1.09617,2094,12,0
2019-09-16 00:00:00,1.09334,1.09427,1.09316,1.09406,1750,14,0
2019-09-16 02:00:00,1.09405,1.09433,1.09269,1.0933,1943,12,0
2019-09-16 04:00:00,1.0933,1.09424,1.09317,1.09421,1470,13,0
2019-09-16 06:00:00,1.09422,1.09487,1.09398,1.09432,1321,13,0
2019-09-16 08:00:00,1.09431,1.09461,1.0937,1.09418,3489,11,0
2019-09-16 10:00:00,1.09416,1.09584,1.09393,1.09508,5004,11,0
2019-09-16 12:00:00,1.09507,1.09545,1.09414,1.09425,4267,11,0
2019-09-16 14:00:00,1.09425,1.09429,1.09273,1.09336,5023,12,0
2019-09-16 16:00:00,1.09335,1.09454,1.09143,1.09191,6319,0,0
2019-09-16 18:00:00,1.09191,1.09264,1.09141,1.09153,4853,11,0
2019-09-16 20:00:00,1.09155,1.09241,1.09112,1.09209,2566,12,0
2019-09-16 22:00:00,1.09211,1.09315,1.09176,1.09176,2295,8,0
2019-09-17 00:00:00,1.0915,1.09276,1.09135,1.09259,709,15,0
2019-09-17 02:00:00,1.09257,1.09289,1.09184,1.09198,1979,11,0
2019-09-17 04:00:00,1.09197,1.09232,1.09156,1.09199,4193,10,0
2019-09-17 06:00:00,1.092,1.09231,1.0915,1.09227,2452,12,0
2019-09-17 08:00:00,1.09229,1.09262,1.09132,1.0926,3332,10,0
2019-09-17 10:00:00,1.0926,1.09525,1.09243,1.09477,6645,10,0
2019-09-17 12:00:00,1.09478,1.0966,1.09442,1.09602,4130,11,0
2019-09-17 14:00:00,1.09603,1.09757,1.09551,1.09735,4003,12,0
2019-09-17 16:00:00,1.09732,1.09916,1.09711,1.09861,8495,0,0
2019-09-17 18:00:00,1.09861,1.09874,1.09736,1.09847,5460,5,0
2019-09-17 20:00:00,1.09846,1.09958,1.09836,1.09954,2268,10,0
2019-09-17 22:00:00,1.09954,1.09965,1.09908,1.09937,1739,11,0
2019-09-18 00:00:00,1.09937,1.09951,1.09908,1.09917,642,6,0
2019-09-18 02:00:00,1.09918,1.09965,1.09882,1.09962,1613,8,0
2019-09-18 04:00:00,1.09961,1.0998,1.099,1.0993,1331,11,0
2019-09-18 06:00:00,1.0993,1.09967,1.09917,1.0994,1184,12,0
2019-09-18 08:00:00,1.09941,1.0997,1.09884,1.09899,2248,11,0
2019-09-18 10:00:00,1.099,1.10049,1.09868,1.09927,6500,9,0
2019-09-18 12:00:00,1.09927,1.10041,1.09841,1.09965,4357,12,0
2019-09-18 14:00:00,1.09965,1.10032,1.09917,1.09969,4657,4,0
2019-09-18 16:00:00,1.09968,1.1018,1.09951,1.1009,4869,10,0
2019-09-18 18:00:00,1.1009,1.10102,1.09987,1.10029,3761,9,0
2019-09-18 20:00:00,1.1003,1.10142,1.09913,1.09979,8928,4,0
2019-09-18 22:00:00,1.09978,1.10062,1.09952,1.09953,5520,10,0
2019-09-19 00:00:00,1.09951,1.10009,1.09909,1.09951,707,13,0
2019-09-19 02:00:00,1.09952,1.10056,1.09926,1.10005,1766,10,0
2019-09-19 04:00:00,1.10006,1.10044,1.09947,1.09979,2555,11,0
2019-09-19 06:00:00,1.09979,1.10037,1.09942,1.10004,2705,11,0
2019-09-19 08:00:00,1.10002,1.10067,1.09967,1.10026,2926,11,0
2019-09-19 10:00:00,1.10027,1.1017,1.09584,1.09622,9977,0,0
2019-09-19 12:00:00,1.09621,1.0971,1.09561,1.09667,5595,10,0
2019-09-19 14:00:00,1.09667,1.09752,1.09597,1.09732,5139,11,0
2019-09-19 16:00:00,1.09732,1.09857,1.09652,1.09762,5631,8,0
2019-09-19 18:00:00,1.09762,1.09804,1.09612,1.09724,3408,9,0
2019-09-19 20:00:00,1.09723,1.09792,1.09566,1.09637,4793,11,0
2019-09-19 22:00:00,1.09637,1.0967,1.09587,1.09587,2306,12,0
2019-09-20 00:00:00,1.09555,1.09663,1.09549,1.09649,1400,15,0
2019-09-20 02:00:00,1.09649,1.09692,1.09617,1.09642,1651,8,0
2019-09-20 04:00:00,1.09642,1.09658,1.09563,1.09572,1510,11,0
2019-09-20 06:00:00,1.09571,1.09656,1.09549,1.09631,1415,13,0
2019-09-20 08:00:00,1.09629,1.09632,1.09541,1.09604,2629,10,0
2019-09-20 10:00:00,1.09603,1.09669,1.09426,1.09476,7039,10,0
2019-09-20 12:00:00,1.09477,1.09539,1.09448,1.09448,4549,11,0
2019-09-20 14:00:00,1.09449,1.09456,1.09332,1.09352,5109,11,0
2019-09-20 16:00:00,1.09353,1.09401,1.09211,1.09273,6743,9,0
2019-09-20 18:00:00,1.09273,1.09334,1.09234,1.09269,4387,8,0
2019-09-20 20:00:00,1.09268,1.09286,1.09113,1.09221,5499,11,0
2019-09-20 22:00:00,1.09222,1.09238,1.09151,1.09151,2377,8,0
2019-09-23 00:00:00,1.09182,1.09248,1.09139,1.09227,1302,20,0
2019-09-23 02:00:00,1.09228,1.09277,1.0921,1.09261,1181,11,0
2019-09-23 04:00:00,1.09264,1.09288,1.09247,1.09261,1104,13,0
2019-09-23 06:00:00,1.09261,1.09267,1.09205,1.09266,699,12,0
2019-09-23 08:00:00,1.09266,1.09285,1.09169,1.09188,2546,10,0
2019-09-23 10:00:00,1.09189,1.09201,1.08559,1.08636,10513,0,0
2019-09-23 12:00:00,1.08635,1.08915,1.08616,1.08875,5154,12,0
2019-09-23 14:00:00,1.08875,1.08964,1.08838,1.08928,4353,12,0
2019-09-23 16:00:00,1.0893,1.08968,1.08759,1.08784,6849,7,0
2019-09-23 18:00:00,1.08784,1.08832,1.08718,1.08742,3922,13,0
2019-09-23 20:00:00,1.08741,1.08837,1.08728,1.08825,2256,12,0
2019-09-23 22:00:00,1.08826,1.08872,1.08785,1.08786,1695,9,0
2019-09-24 00:00:00,1.0879,1.08803,1.0874,1.08795,685,12,0
2019-09-24 02:00:00,1.08794,1.08872,1.08787,1.08863,2917,8,0
2019-09-24 04:00:00,1.08862,1.08876,1.08825,1.08856,3441,12,0
2019-09-24 06:00:00,1.08855,1.08915,1.08848,1.08902,1876,13,0
2019-09-24 08:00:00,1.08903,1.08904,1.08793,1.08856,2490,12,0
2019-09-24 10:00:00,1.08855,1.08964,1.08789,1.08884,5800,12,0
2019-09-24 12:00:00,1.08884,1.08909,1.08689,1.087,4882,11,0
2019-09-24 14:00:00,1.08701,1.08826,1.08661,1.08727,3910,11,0
2019-09-24 16:00:00,1.08727,1.08813,1.08603,1.0865,6306,6,0
2019-09-24 18:00:00,1.0865,1.08699,1.08432,1.08486,6135,7,0
2019-09-24 20:00:00,1.08487,1.08681,1.08474,1.08569,7026,11,0
2019-09-24 22:00:00,1.08569,1.08653,1.08534,1.08565,3161,13,0
2019-09-25 00:00:00,1.08564,1.08657,1.08549,1.08607,2262,11,0
2019-09-25 02:00:00,1.08607,1.08639,1.08508,1.08564,2026,10,0
2019-09-25 04:00:00,1.08563,1.0863,1.08538,1.08616,3850,12,0
2019-09-25 06:00:00,1.08615,1.08615,1.08538,1.08555,2491,12,0
2019-09-25 08:00:00,1.08554,1.08569,1.08476,1.0854,2747,12,0
2019-09-25 10:00:00,1.08539,1.08541,1.08372,1.08413,4935,11,0
2019-09-25 12:00:00,1.08414,1.08465,1.08375,1.0842,3970,13,0
2019-09-25 14:00:00,1.0842,1.08455,1.08352,1.08432,4958,11,0
2019-09-25 16:00:00,1.08432,1.08497,1.08316,1.08384,8917,9,0
2019-09-25 18:00:00,1.08385,1.08556,1.08338,1.08477,6226,11,0
2019-09-25 20:00:00,1.08478,1.08575,1.08455,1.08563,3660,12,0
2019-09-25 22:00:00,1.08562,1.08583,1.08516,1.0854,2196,10,0
2019-09-26 00:00:00,1.0854,1.0856,1.08479,1.08548,1682,16,0
2019-09-26 02:00:00,1.08548,1.08592,1.0851,1.08582,1595,13,0
2019-09-26 04:00:00,1.08584,1.08601,1.08565,1.08596,1252,13,0
2019-09-26 06:00:00,1.08596,1.08661,1.08572,1.08618,1929,11,0
2019-09-26 08:00:00,1.08619,1.08649,1.08547,1.08631,2381,12,0
2019-09-26 10:00:00,1.08632,1.0875,1.08628,1.08676,4783,11,0
2019-09-26 12:00:00,1.08679,1.08725,1.0858,1.08681,4073,10,0
2019-09-26 14:00:00,1.08682,1.08738,1.08615,1.08674,6734,11,0
2019-09-26 16:00:00,1.08675,1.08722,1.08563,1.08586,7267,10,0
2019-09-26 18:00:00,1.08585,1.08598,1.08434,1.08517,5839,3,0
2019-09-26 20:00:00,1.08517,1.08579,1.08503,1.08519,2812,13,0
2019-09-26 22:00:00,1.0852,1.08599,1.08464,1.08464,2904,10,0
2019-09-27 00:00:00,1.08465,1.08526,1.08458,1.085,1109,15,0
2019-09-27 02:00:00,1.08499,1.08518,1.08426,1.08448,1988,10,0
2019-09-27 04:00:00,1.08448,1.08539,1.08423,1.08524,1180,13,0
2019-09-27 06:00:00,1.08523,1.08567,1.08506,1.08538,1399,13,0
2019-09-27 08:00:00,1.08538,1.08594,1.08477,1.08562,3781,12,0
2019-09-27 10:00:00,1.08563,1.08574,1.08421,1.08445,5253,11,0
2019-09-27 12:00:00,1.08444,1.08538,1.08384,1.08509,4172,12,0
2019-09-27 14:00:00,1.0851,1.08631,1.08471,1.08505,4769,9,0
2019-09-27 16:00:00,1.08504,1.08644,1.08491,1.08562,6410,6,0
2019-09-27 18:00:00,1.08561,1.08626,1.0837,1.08383,8749,9,0
2019-09-27 20:00:00,1.08384,1.08408,1.0832,1.0834,4274,11,0
2019-09-27 22:00:00,1.08339,1.08446,1.08324,1.08379,1943,11,0
2019-09-30 00:00:00,1.08397,1.08487,1.08392,1.08399,602,15,0
2019-09-30 02:00:00,1.08402,1.08446,1.08372,1.08374,1407,10,0
2019-09-30 04:00:00,1.08372,1.0839,1.08344,1.0837,2082,12,0
2019-09-30 06:00:00,1.08369,1.0839,1.08349,1.08387,2601,12,0
2019-09-30 08:00:00,1.08386,1.08566,1.08375,1.08521,2471,10,0
2019-09-30 10:00:00,1.08519,1.08588,1.08485,1.08574,4884,11,0
2019-09-30 12:00:00,1.08573,1.08723,1.08529,1.08689,3444,11,0
2019-09-30 14:00:00,1.0869,1.08692,1.08428,1.08622,6570,10,0
2019-09-30 16:00:00,1.0862,1.08834,1.08583,1.08702,7240,10,0
2019-09-30 18:00:00,1.087,1.08827,1.08667,1.08791,4471,10,0
2019-09-30 20:00:00,1.08792,1.08866,1.08781,1.0881,2393,12,0
2019-09-30 22:00:00,1.08811,1.08819,1.08702,1.08713,1685,12,0
2019-10-01 00:00:00,1.08702,1.0875,1.08702,1.08731,760,13,0
2019-10-01 02:00:00,1.0873,1.08768,1.08723,1.08765,833,13,0
2019-10-01 04:00:00,1.08763,1.0878,1.08734,1.08742,2282,10,0
2019-10-01 06:00:00,1.08742,1.08827,1.08733,1.08808,2616,10,0
2019-10-01 08:00:00,1.08809,1.08826,1.08715,1.08732,3160,10,0
2019-10-01 10:00:00,1.08731,1.0904,1.08731,1.0901,7950,9,0
2019-10-01 12:00:00,1.09008,1.09203,1.08932,1.09144,5836,3,0
2019-10-01 14:00:00,1.09144,1.09189,1.08997,1.09003,5000,10,0
2019-10-01 16:00:00,1.09003,1.09025,1.08755,1.08762,13160,2,0
2019-10-01 18:00:00,1.08763,1.08804,1.08566,1.08684,8087,0,0
2019-10-01 20:00:00,1.08683,1.0869,1.0857,1.08598,4066,11,0
2019-10-01 22:00:00,1.08599,1.08608,1.08507,1.0856,3027,11,0
2019-10-02 00:00:00,1.08561,1.08595,1.08512,1.08573,749,7,0
2019-10-02 02:00:00,1.08573,1.08581,1.08521,1.08575,1506,12,0
2019-10-02 04:00:00,1.08574,1.08609,1.08545,1.086,3601,11,0
2019-10-02 06:00:00,1.086,1.08655,1.08588,1.08597,1870,12,0
2019-10-02 08:00:00,1.08596,1.08774,1.08589,1.08757,2905,12,0
2019-10-02 10:00:00,1.08757,1.09055,1.08747,1.09002,8313,11,0
2019-10-02 12:00:00,1.09002,1.09201,1.0899,1.09136,5650,10,0
2019-10-02 14:00:00,1.09142,1.09534,1.09114,1.09331,7513,6,0
2019-10-02 16:00:00,1.09331,1.0945,1.0928,1.09295,9146,8,0
2019-10-02 18:00:00,1.09294,1.0935,1.09167,1.09227,6549,11,0
2019-10-02 20:00:00,1.09229,1.09326,1.09222,1.09301,3641,9,0
2019-10-02 22:00:00,1.09302,1.09318,1.09224,1.09224,2876,13,0
2019-10-03 00:00:00,1.09231,1.09282,1.09212,1.09277,1026,15,0
2019-10-03 02:00:00,1.09275,1.09281,1.0918,1.0921,1831,6,0
2019-10-03 04:00:00,1.09209,1.09331,1.09209,1.09313,1291,10,0
2019-10-03 06:00:00,1.09313,1.09356,1.09299,1.09331,1994,8,0
2019-10-03 08:00:00,1.09331,1.0973,1.09278,1.09666,4535,10,0
2019-10-03 10:00:00,1.09666,1.09684,1.09502,1.09512,9041,10,0
2019-10-03 12:00:00,1.09512,1.09642,1.09444,1.09629,5418,12,0
2019-10-03 14:00:00,1.0963,1.09674,1.09517,1.09642,7914,10,0
2019-10-03 16:00:00,1.09641,1.09786,1.09412,1.09487,13550,4,0
2019-10-03 18:00:00,1.09488,1.09658,1.09483,1.09586,7283,10,0
2019-10-03 20:00:00,1.09586,1.0966,1.09561,1.09584,3272,6,0
2019-10-03 22:00:00,1.09586,1.09586,1.09497,1.09499,3057,11,0
2019-10-04 00:00:00,1.09498,1.09563,1.09475,1.0953,1238,16,0
2019-10-04 02:00:00,1.0953,1.09624,1.09513,1.09605,1582,12,0
2019-10-04 04:00:00,1.09605,1.09663,1.09605,1.09653,1455,11,0
2019-10-04 06:00:00,1.09653,1.09675,1.09649,1.09653,984,10,0
2019-10-04 08:00:00,1.09653,1.09772,1.09566,1.09607,3221,6,0
2019-10-04 10:00:00,1.09606,1.09686,1.09382,1.09383,6057,10,0
2019-10-04 12:00:00,1.09385,1.09405,1.09111,1.09119,5351,10,0
2019-10-04 14:00:00,1.09124,1.09265,1.09087,1.09201,10903,8,0
2019-10-04 16:00:00,1.09199,1.0928,1.09102,1.09235,10382,10,0
2019-10-04 18:00:00,1.09234,1.09298,1.0922,1.09293,4470,12,0
2019-10-04 20:00:00,1.09293,1.09308,1.09236,1.09277,3929,7,0
2019-10-04 22:00:00,1.09276,1.09299,1.09214,1.09229,2659,12,0
2019-10-07 00:00:00,1.09147,1.09282,1.09129,1.09205,508,18,0
2019-10-07 02:00:00,1.09205,1.09274,1.09159,1.09269,1116,11,0
2019-10-07 04:00:00,1.0927,1.09307,1.09255,1.09285,1393,12,0
2019-10-07 06:00:00,1.09285,1.09345,1.09284,1.09336,1517,13,0
2019-10-07 08:00:00,1.09337,1.09375,1.09219,1.09223,2053,11,0
2019-10-07 10:00:00,1.09223,1.0926,1.08963,1.08995,6195,12,0
2019-10-07 12:00:00,1.08995,1.09171,1.08983,1.09169,3452,10,0
2019-10-07 14:00:00,1.09168,1.09285,1.09153,1.09257,5170,12,0
2019-10-07 16:00:00,1.09256,1.09357,1.09167,1.09232,6245,10,0
2019-10-07 18:00:00,1.09232,1.09301,1.09181,1.09221,4435,10,0
2019-10-07 20:00:00,1.09222,1.09319,1.09137,1.09147,6837,8,0
2019-10-07 22:00:00,1.09149,1.0918,1.09086,1.09086,2259,11,0
2019-10-08 00:00:00,1.0909,1.0914,1.0909,1.09127,716,17,0
2019-10-08 02:00:00,1.09129,1.09217,1.09127,1.09175,1362,12,0
2019-10-08 04:00:00,1.09177,1.09241,1.0912,1.09212,3643,11,0
2019-10-08 06:00:00,1.09211,1.09272,1.09205,1.0925,1630,9,0
2019-10-08 08:00:00,1.09243,1.09243,1.09134,1.09135,2904,12,0
2019-10-08 10:00:00,1.09134,1.09173,1.0899,1.09044,7466,10,0
2019-10-08 12:00:00,1.09043,1.09077,1.08876,1.08937,6276,12,0
2019-10-08 14:00:00,1.08937,1.08976,1.08847,1.08879,7931,10,0
2019-10-08 16:00:00,1.08879,1.08889,1.08711,1.0879,9592,11,0
2019-10-08 18:00:00,1.08789,1.08944,1.08757,1.08917,5174,7,0
2019-10-08 20:00:00,1.08917,1.08937,1.08785,1.08854,6148,0,0
2019-10-08 22:00:00,1.08854,1.08866,1.08762,1.08765,5610,12,0
2019-10-09 00:00:00,1.08764,1.08791,1.08696,1.08773,2180,15,0
2019-10-09 02:00:00,1.08772,1.08841,1.08759,1.08835,1493,12,0
2019-10-09 04:00:00,1.08836,1.08919,1.08825,1.08912,1326,12,0
2019-10-09 06:00:00,1.08912,1.08933,1.08892,1.08932,1000,12,0
2019-10-09 08:00:00,1.08931,1.08944,1.08867,1.08944,2096,8,0
2019-10-09 10:00:00,1.08945,1.09151,1.08863,1.09107,7687,8,0
2019-10-09 12:00:00,1.09106,1.092,1.09038,1.09161,6631,10,0
2019-10-09 14:00:00,1.09159,1.09289,1.09156,1.09162,4166,8,0
2019-10-09 16:00:00,1.09163,1.09278,1.09112,1.09273,5859,6,0
2019-10-09 18:00:00,1.09274,1.09295,1.09202,1.09279,3978,7,0
2019-10-09 20:00:00,1.0928,1.093,1.09239,1.09291,4469,9,0
2019-10-09 22:00:00,1.09289,1.09302,1.09236,1.09243,2604,10,0
2019-10-10 00:00:00,1.09223,1.09272,1.08986,1.09009,8905,8,0
2019-10-10 02:00:00,1.09008,1.09241,1.09001,1.09234,2938,10,0
2019-10-10 04:00:00,1.09237,1.09366,1.09224,1.0929,3400,8,0
2019-10-10 06:00:00,1.09291,1.09308,1.09271,1.093,1177,12,0
2019-10-10 08:00:00,1.09299,1.09332,1.09205,1.0931,3546,10,0
2019-10-10 10:00:00,1.09309,1.09354,1.09215,1.0929,6554,10,0
2019-10-10 12:00:00,1.09291,1.09458,1.09268,1.09442,5631,10,0
2019-10-10 14:00:00,1.09443,1.09554,1.09412,1.09499,7595,9,0
2019-10-10 16:00:00,1.09498,1.09706,1.0945,1.09678,10011,11,0
2019-10-10 18:00:00,1.09686,1.0974,1.09611,1.09674,6878,2,0
2019-10-10 20:00:00,1.09674,1.09768,1.09654,1.09687,5761,10,0
2019-10-10 22:00:00,1.09688,1.09742,1.09665,1.09685,3457,13,0
2019-10-11 00:00:00,1.09685,1.097,1.09649,1.09674,2182,10,0
2019-10-11 02:00:00,1.09673,1.09699,1.09648,1.09683,1310,12,0
2019-10-11 04:00:00,1.09685,1.09832,1.09673,1.09824,1646,11,0
2019-10-11 06:00:00,1.09824,1.09888,1.0981,1.09873,1083,10,0
2019-10-11 08:00:00,1.09871,1.09948,1.0978,1.09895,3512,10,0
2019-10-11 10:00:00,1.09894,1.09964,1.09751,1.09947,7745,0,0
2019-10-11 12:00:00,1.09943,1.10112,1.09894,1.10071,7732,3,0
2019-10-11 14:00:00,1.10072,1.1035,1.10067,1.10316,10499,8,0
2019-10-11 16:00:00,1.10314,1.10385,1.10113,1.10171,8868,1,0
2019-10-11 18:00:00,1.10171,1.10227,1.09904,1.1009,7789,9,0
2019-10-11 20:00:00,1.10091,1.10178,1.10081,1.10131,3930,0,0
2019-10-11 22:00:00,1.10131,1.10162,1.09955,1.09988,4206,11,0
2019-10-14 00:00:00,1.1001,1.10082,1.09903,1.10072,833,15,0
2019-10-14 02:00:00,1.10075,1.10097,1.09973,1.09977,1826,12,0
2019-10-14 04:00:00,1.09976,1.09991,1.0984,1.09844,2809,12,0
2019-10-14 06:00:00,1.09844,1.09916,1.09801,1.09831,1822,10,0
2019-10-14 08:00:00,1.09831,1.09884,1.09712,1.09745,4328,12,0
2019-10-14 10:00:00,1.09744,1.0993,1.09709,1.0987,6207,7,0
2019-10-14 12:00:00,1.0987,1.09905,1.09718,1.09789,5650,11,0
2019-10-14 14:00:00,1.09788,1.09853,1.09746,1.09842,3619,11,0
2019-10-14 16:00:00,1.09843,1.09913,1.0979,1.09855,4791,11,0
2019-10-14 18:00:00,1.0985,1.1001,1.09824,1.09954,3714,11,0
2019-10-14 20:00:00,1.09953,1.09977,1.09889,1.09966,1563,11,0
2019-10-14 22:00:00,1.09967,1.10006,1.09918,1.09943,1679,12,0
2019-10-15 00:00:00,1.099,1.09984,1.09851,1.09979,1146,15,0
2019-10-15 02:00:00,1.0998,1.10005,1.09921,1.09938,1233,9,0
2019-10-15 04:00:00,1.09938,1.10019,1.09923,1.09939,2178,10,0
2019-10-15 06:00:00,1.09938,1.0995,1.09911,1.09919,1863,8,0
2019-10-15 08:00:00,1.09919,1.10105,1.09894,1.10077,5100,11,0
2019-10-15 10:00:00,1.10077,1.10187,1.09991,1.1007,8006,10,0
2019-10-15 12:00:00,1.10071,1.10085,1.09796,1.09846,6769,10,0
2019-10-15 14:00:00,1.09848,1.09878,1.09732,1.09759,5798,7,0
2019-10-15 16:00:00,1.09758,1.10256,1.09718,1.10209,10579,8,0
2019-10-15 18:00:00,1.10209,1.10234,1.09994,1.10072,8511,8,0
2019-10-15 20:00:00,1.10072,1.10211,1.10038,1.10196,2997,12,0
2019-10-15 22:00:00,1.10196,1.10269,1.10158,1.10166,2530,12,0
2019-10-16 00:00:00,1.10166,1.10201,1.10097,1.10195,1490,14,0
2019-10-16 02:00:00,1.10195,1.1021,1.10067,1.10081,2162,11,0
2019-10-16 04:00:00,1.1008,1.10082,1.10021,1.10074,2438,13,0
2019-10-16 06:00:00,1.10074,1.10085,1.10013,1.10026,2309,13,0
2019-10-16 08:00:00,1.10027,1.10258,1.10027,1.10136,6015,10,0
2019-10-16 10:00:00,1.10136,1.10172,1.09984,1.10031,8873,10,0
2019-10-16 12:00:00,1.1003,1.10202,1.09944,1.10034,7590,10,0
2019-10-16 14:00:00,1.10035,1.10123,1.09936,1.10011,7746,2,0
2019-10-16 16:00:00,1.10012,1.10168,1.09971,1.10164,5926,9,0
2019-10-16 18:00:00,1.10165,1.10312,1.10105,1.10241,4892,9,0
2019-10-16 20:00:00,1.10243,1.10243,1.10105,1.10166,3548,10,0
2019-10-16 22:00:00,1.10166,1.10194,1.10119,1.10132,1422,12,0
2019-10-17 00:00:00,1.10135,1.10176,1.10103,1.10117,962,9,0
2019-10-17 02:00:00,1.10117,1.10164,1.10055,1.10062,1689,4,0
2019-10-17 04:00:00,1.10063,1.10072,1.09992,1.10027,3618,9,0
2019-10-17 06:00:00,1.10025,1.10061,1.09992,1.10044,1249,13,0
2019-10-17 08:00:00,1.10046,1.1006,1.09906,1.09922,3404,12,0
2019-10-17 10:00:00,1.09922,1.10146,1.09887,1.10133,6791,10,0
2019-10-17 12:00:00,1.10133,1.10585,1.10117,1.10171,12650,5,0
2019-10-17 14:00:00,1.10172,1.10188,1.09829,1.09921,9720,6,0
2019-10-17 16:00:00,1.09915,1.09969,1.0974,1.0977,7820,9,0
2019-10-17 18:00:00,1.0977,1.09876,1.09758,1.09814,5037,9,0
2019-10-17 20:00:00,1.09815,1.09899,1.09775,1.0989,2766,9,0
2019-10-17 22:00:00,1.0989,1.09909,1.09859,1.09864,1865,10,0
2019-10-18 00:00:00,1.09846,1.09917,1.09773,1.09869,714,13,0
2019-10-18 02:00:00,1.09869,1.099,1.09836,1.0988,1227,11,0
2019-10-18 04:00:00,1.09881,1.099,1.09831,1.09847,3445,10,0
2019-10-18 06:00:00,1.09849,1.09873,1.098,1.09802,1542,8,0
2019-10-18 08:00:00,1.09801,1.09886,1.09742,1.09872,2860,11,0
2019-10-18 10:00:00,1.09873,1.10009,1.09779,1.09937,5468,11,0
2019-10-18 12:00:00,1.09937,1.10059,1.09916,1.10011,4684,12,0
2019-10-18 14:00:00,1.10011,1.10077,1.09844,1.10039,4705,10,0
2019-10-18 16:00:00,1.10038,1.10079,1.09857,1.09888,6722,9,0
2019-10-18 18:00:00,1.09887,1.09946,1.09806,1.09865,6236,8,0
2019-10-18 20:00:00,1.09866,1.10034,1.09863,1.09965,3476,9,0
2019-10-18 22:00:00,1.09965,1.09966,1.09817,1.09817,2523,14,0
2019-10-21 00:00:00,1.09822,1.09889,1.09804,1.09875,1508,14,0
2019-10-21 02:00:00,1.09877,1.09969,1.09826,1.09953,2316,11,0
2019-10-21 04:00:00,1.09952,1.09982,1.09925,1.09953,1701,13,0
2019-10-21 06:00:00,1.09955,1.10035,1.09953,1.10027,990,10,0
2019-10-21 08:00:00,1.10028,1.1004,1.09893,1.09956,3732,11,0
2019-10-21 10:00:00,1.09955,1.10082,1.09845,1.09942,6679,11,0
2019-10-21 12:00:00,1.09941,1.10074,1.09915,1.0998,3899,12,0
2019-10-21 14:00:00,1.09981,1.10075,1.09911,1.09941,4699,13,0
2019-10-21 16:00:00,1.0994,1.09969,1.09859,1.0995,5585,11,0
2019-10-21 18:00:00,1.09951,1.10023,1.09917,1.0995,4863,12,0
2019-10-21 20:00:00,1.0995,1.09965,1.09838,1.09849,2564,12,0
2019-10-21 22:00:00,1.0985,1.09922,1.09841,1.0987,1577,12,0
2019-10-22 00:00:00,1.09853,1.09949,1.09848,1.0993,1509,13,0
2019-10-22 02:00:00,1.09929,1.10055,1.09928,1.10025,1197,10,0
2019-10-22 04:00:00,1.10024,1.10051,1.09983,1.10028,2413,10,0
2019-10-22 06:00:00,1.10028,1.10052,1.10006,1.10047,1483,12,0
2019-10-22 08:00:00,1.10047,1.10075,1.09968,1.09969,2897,12,0
2019-10-22 10:00:00,1.0997,1.10161,1.09966,1.10116,5000,9,0
2019-10-22 12:00:00,1.10116,1.10202,1.10101,1.10119,3607,12,0
2019-10-22 14:00:00,1.10117,1.10132,1.09911,1.0995,4576,6,0
2019-10-22 16:00:00,1.09951,1.10073,1.09922,1.10035,4435,8,0
2019-10-22 18:00:00,1.10035,1.10165,1.10016,1.1015,3249,12,0
2019-10-22 20:00:00,1.1015,1.1023,1.09995,1.10023,5944,10,0
2019-10-22 22:00:00,1.10024,1.1012,1.09977,1.10049,1919,14,0
2019-10-23 00:00:00,1.1006,1.1011,1.09979,1.10096,1077,15,0
2019-10-23 02:00:00,1.10099,1.10114,1.10027,1.10092,1579,11,0
2019-10-23 04:00:00,1.10092,1.10101,1.10019,1.10035,1434,10,0
2019-10-23 06:00:00,1.10035,1.10067,1.10021,1.10032,1730,10,0
2019-10-23 08:00:00,1.10034,1.1008,1.0995,1.10002,2926,10,0
2019-10-23 10:00:00,1.10001,1.10126,1.09977,1.09995,4273,13,0
2019-10-23 12:00:00,1.09994,1.10036,1.09929,1.10014,3770,11,0
2019-10-23 14:00:00,1.10013,1.10083,1.09982,1.10045,2883,12,0
2019-10-23 16:00:00,1.10044,1.10141,1.10006,1.10072,3884,10,0
2019-10-23 18:00:00,1.10071,1.10176,1.10055,1.10174,3335,11,0
2019-10-23 20:00:00,1.10176,1.10247,1.1017,1.1022,1841,13,0
2019-10-23 22:00:00,1.10219,1.10299,1.10217,1.10217,1807,10,0
2019-10-24 00:00:00,1.10217,1.10289,1.10173,1.10261,1137,16,0
2019-10-24 02:00:00,1.10261,1.10299,1.10236,1.10291,1025,14,0
2019-10-24 04:00:00,1.10292,1.10325,1.10254,1.10273,1663,12,0
2019-10-24 06:00:00,1.10272,1.10326,1.10247,1.10279,3183,15,0
2019-10-24 08:00:00,1.1028,1.10332,1.1025,1.10265,2310,9,0
2019-10-24 10:00:00,1.10264,1.1041,1.10206,1.10253,8281,8,0
2019-10-24 12:00:00,1.10254,1.10297,1.10159,1.10212,2869,12,0
2019-10-24 14:00:00,1.10212,1.10347,1.10146,1.10333,4713,10,0
2019-10-24 16:00:00,1.10335,1.1034,1.10085,1.10099,8204,10,0
2019-10-24 18:00:00,1.101,1.10238,1.10057,1.10231,4967,12,0
2019-10-24 20:00:00,1.1023,1.10264,1.10156,1.10191,1651,13,0
2019-10-24 22:00:00,1.10191,1.1022,1.10139,1.10139,1343,15,0
2019-10-25 00:00:00,1.10147,1.10204,1.10041,1.10142,6418,16,0
2019-10-25 02:00:00,1.10142,1.10235,1.1013,1.10209,1449,14,0
2019-10-25 04:00:00,1.1021,1.10249,1.10196,1.10232,797,13,0
2019-10-25 06:00:00,1.10231,1.10248,1.10203,1.10234,925,11,0
2019-10-25 08:00:00,1.10233,1.10265,1.10208,1.10249,1625,13,0
2019-10-25 10:00:00,1.1025,1.10289,1.10176,1.10201,4320,13,0
2019-10-25 12:00:00,1.102,1.103,1.10165,1.10194,2706,12,0
2019-10-25 14:00:00,1.10197,1.10222,1.10144,1.10164,4513,12,0
2019-10-25 16:00:00,1.10164,1.10204,1.101,1.10175,4982,7,0
2019-10-25 18:00:00,1.10173,1.10247,1.10101,1.10204,4791,12,0
2019-10-25 20:00:00,1.10206,1.10222,1.10179,1.10199,2116,13,0
2019-10-25 22:00:00,1.10175,1.102,1.10145,1.10169,1545,14,0
2019-10-28 00:00:00,1.10169,1.10218,1.10166,1.10213,755,14,0
2019-10-28 02:00:00,1.10213,1.1026,1.10201,1.10255,1481,14,0
2019-10-28 04:00:00,1.10253,1.10335,1.1025,1.10325,2538,14,0
2019-10-28 06:00:00,1.10326,1.10386,1.10325,1.10383,1533,14,0
2019-10-28 08:00:00,1.10383,1.10389,1.10275,1.10323,3569,13,0
2019-10-28 10:00:00,1.10322,1.10458,1.10317,1.10399,7166,12,0
2019-10-28 12:00:00,1.10397,1.10516,1.10345,1.10455,5402,10,0
2019-10-28 14:00:00,1.10457,1.10578,1.10424,1.10533,7926,10,0
2019-10-28 16:00:00,1.10533,1.10539,1.10353,1.10491,8215,10,0
2019-10-28 18:00:00,1.1049,1.10498,1.10399,1.10439,4734,10,0
2019-10-28 20:00:00,1.1044,1.10443,1.10374,1.10413,2850,13,0
2019-10-28 22:00:00,1.10411,1.10417,1.10364,1.10412,1450,15,0
2019-10-29 00:00:00,1.10409,1.10413,1.10383,1.10407,757,15,0
2019-10-29 02:00:00,1.10407,1.10421,1.1036,1.10391,1671,8,0
2019-10-29 04:00:00,1.1039,1.10414,1.10341,1.1035,1908,14,0
2019-10-29 06:00:00,1.10349,1.10366,1.10312,1.10341,1603,12,0
2019-10-29 08:00:00,1.10346,1.10361,1.10278,1.10287,2673,13,0
2019-10-29 10:00:00,1.10286,1.10396,1.10269,1.10269,4357,12,0
2019-10-29 12:00:00,1.10268,1.10454,1.10206,1.10272,4863,11,0
2019-10-29 14:00:00,1.10273,1.10423,1.10255,1.10356,4559,12,0
2019-10-29 16:00:00,1.10356,1.10489,1.10354,1.10445,7302,10,0
2019-10-29 18:00:00,1.10444,1.10464,1.10369,1.10374,3739,10,0
2019-10-29 20:00:00,1.10375,1.10468,1.10343,1.10418,2501,12,0
2019-10-29 22:00:00,1.10418,1.10451,1.10373,1.10423,1070,14,0
2019-10-30 00:00:00,1.10424,1.10489,1.10424,1.10467,1137,14,0
2019-10-30 02:00:00,1.10467,1.10471,1.1042,1.1044,1480,14,0
2019-10-30 04:00:00,1.10441,1.10462,1.10422,1.10436,3572,13,0
2019-10-30 06:00:00,1.10439,1.10439,1.10383,1.10383,1300,11,0
2019-10-30 08:00:00,1.10383,1.10411,1.10336,1.10384,2731,12,0
2019-10-30 10:00:00,1.10381,1.10394,1.10232,1.10239,4202,12,0
2019-10-30 12:00:00,1.10239,1.10363,1.10206,1.10273,5314,11,0
2019-10-30 14:00:00,1.10275,1.1039,1.10216,1.10237,7113,12,0
2019-10-30 16:00:00,1.10238,1.10315,1.10161,1.10213,7755,8,0
2019-10-30 18:00:00,1.10214,1.10235,1.10141,1.1019,3466,13,0
2019-10-30 20:00:00,1.10191,1.1029,1.10128,1.10272,10361,7,0
2019-10-30 22:00:00,1.10272,1.10329,1.10229,1.10314,1570,11,0
2019-10-31 00:00:00,1.10319,1.10344,1.10284,1.103,1479,13,0
2019-10-31 02:00:00,1.10301,1.10315,1.10204,1.10239,2497,10,0
2019-10-31 04:00:00,1.10237,1.10239,1.10178,1.10197,1845,13,0
2019-10-31 06:00:00,1.10198,1.10243,1.10187,1.10202,1530,12,0
2019-10-31 08:00:00,1.10202,1.10262,1.10159,1.10246,3432,11,0
2019-10-31 10:00:00,1.10245,1.10326,1.10107,1.10178,7331,11,0
2019-10-31 12:00:00,1.10177,1.10253,1.10055,1.10057,6401,11,0
2019-10-31 14:00:00,1.10058,1.10123,1.09962,1.09962,7750,9,0
2019-10-31 16:00:00,1.09963,1.10106,1.09912,1.10087,9928,10,0
2019-10-31 18:00:00,1.10087,1.10148,1.09942,1.09951,6522,11,0
2019-10-31 20:00:00,1.09951,1.1002,1.09921,1.10011,3639,13,0
2019-10-31 22:00:00,1.10012,1.10021,1.09952,1.09994,794,15,0
2019-11-01 00:00:00,1.09993,1.10053,1.09993,1.10042,911,14,0
2019-11-01 02:00:00,1.10042,1.10092,1.10013,1.10078,2551,12,0
2019-11-01 04:00:00,1.10077,1.10121,1.10059,1.10072,8054,12,0
2019-11-01 06:00:00,1.10071,1.10096,1.1004,1.10065,3799,12,0
2019-11-01 08:00:00,1.10066,1.10138,1.10017,1.10066,3010,3,0
2019-11-01 10:00:00,1.10066,1.10109,1.09986,1.10049,3725,12,0
2019-11-01 12:00:00,1.10048,1.10073,1.09982,1.10052,4807,12,0
2019-11-01 14:00:00,1.10052,1.10178,1.09996,1.10115,8878,10,0
2019-11-01 16:00:00,1.10116,1.10262,1.10053,1.10064,8979,10,0
2019-11-01 18:00:00,1.10063,1.1012,1.10004,1.10005,3841,13,0
2019-11-01 20:00:00,1.10007,1.10069,1.09992,1.10026,2042,13,0
2019-11-01 22:00:00,1.10025,1.10046,1.09994,1.10009,614,13,0
2019-11-04 00:00:00,1.1002,1.10085,1.09995,1.10072,846,15,0
2019-11-04 02:00:00,1.10072,1.10162,1.10067,1.10147,866,11,0
2019-11-04 04:00:00,1.10146,1.10193,1.10143,1.10172,1184,11,0
2019-11-04 06:00:00,1.10172,1.10206,1.10155,1.10189,894,11,0
2019-11-04 08:00:00,1.10188,1.10194,1.10063,1.10122,2272,12,0
2019-11-04 10:00:00,1.1012,1.10294,1.10095,1.10287,7237,10,0
2019-11-04 12:00:00,1.10286,1.10333,1.1024,1.1027,3923,11,0
2019-11-04 14:00:00,1.10269,1.10341,1.10145,1.10149,4581,11,0
2019-11-04 16:00:00,1.1015,1.10189,1.09998,1.10016,5219,11,0
2019-11-04 18:00:00,1.10015,1.10063,1.09919,1.09923,3932,11,0
2019-11-04 20:00:00,1.09923,1.09983,1.09916,1.09932,2451,13,0
2019-11-04 22:00:00,1.09932,1.09953,1.09899,1.099,2229,13,0
2019-11-05 00:00:00,1.099,1.09998,1.09854,1.09983,4108,14,0
2019-11-05 02:00:00,1.09983,1.09994,1.09953,1.09977,1559,14,0
2019-11-05 04:00:00,1.09977,1.10039,1.09955,1.10035,2563,13,0
2019-11-05 06:00:00,1.10033,1.10042,1.09994,1.10036,1796,14,0
2019-11-05 08:00:00,1.10034,1.10129,1.1001,1.10101,3000,11,0
2019-11-05 10:00:00,1.101,1.10264,1.10068,1.10229,6147,11,0
2019-11-05 12:00:00,1.10228,1.10285,1.1012,1.10155,5517,11,0
2019-11-05 14:00:00,1.10156,1.10208,1.09995,1.10034,6183,12,0
2019-11-05 16:00:00,1.10034,1.1004,1.09787,1.09829,9791,10,0
2019-11-05 18:00:00,1.09829,1.09952,1.09821,1.09913,4863,10,0
2019-11-05 20:00:00,1.09912,1.09959,1.09899,1.09914,3114,11,0
2019-11-05 22:00:00,1.09913,1.0994,1.09891,1.09917,2159,12,0
2019-11-06 00:00:00,1.0991,1.09958,1.09901,1.09914,1316,15,0
2019-11-06 02:00:00,1.09915,1.09936,1.09866,1.09932,2003,13,0
2019-11-06 04:00:00,1.09933,1.09951,1.09904,1.09929,1614,13,0
2019-11-06 06:00:00,1.09928,1.09972,1.09922,1.09966,1414,14,0
2019-11-06 08:00:00,1.09967,1.10019,1.09938,1.09973,3155,13,0
2019-11-06 10:00:00,1.09976,1.10151,1.09946,1.10102,5224,13,0
2019-11-06 12:00:00,1.10103,1.10129,1.10075,1.10105,3068,5,0
2019-11-06 14:00:00,1.10106,1.10117,1.10017,1.10067,4020,13,0
2019-11-06 16:00:00,1.10067,1.1013,1.09864,1.09905,5762,11,0
2019-11-06 18:00:00,1.09904,1.09965,1.09805,1.09821,5876,10,0
2019-11-06 20:00:00,1.0982,1.0987,1.09779,1.09837,2546,14,0
2019-11-06 22:00:00,1.09837,1.0986,1.09812,1.09832,1504,13,0
2019-11-07 00:00:00,1.09834,1.09875,1.09785,1.09858,6778,14,0
2019-11-07 02:00:00,1.09858,1.09859,1.09775,1.09786,1357,12,0
2019-11-07 04:00:00,1.09787,1.09787,1.0974,1.09752,2858,10,0
2019-11-07 06:00:00,1.09752,1.09795,1.09747,1.09794,813,14,0
2019-11-07 08:00:00,1.09793,1.09994,1.09747,1.09939,6267,11,0
2019-11-07 10:00:00,1.09939,1.10075,1.09906,1.10011,6048,12,0
2019-11-07 12:00:00,1.10013,1.10061,1.09866,1.09887,5965,12,0
2019-11-07 14:00:00,1.09887,1.10007,1.09842,1.09897,6158,13,0
2019-11-07 16:00:00,1.09898,1.09982,1.09855,1.09882,7577,10,0
2019-11-07 18:00:00,1.09882,1.10117,1.09867,1.10106,6433,9,0
2019-11-07 20:00:00,1.10109,1.10118,1.09956,1.09959,5178,10,0
2019-11-07 22:00:00,1.09961,1.09984,1.09864,1.09905,2851,13,0
2019-11-08 00:00:00,1.09904,1.09952,1.09884,1.09938,3194,15,0
2019-11-08 02:00:00,1.0994,1.09987,1.09897,1.09964,1765,13,0
2019-11-08 04:00:00,1.09963,1.09963,1.09889,1.09896,2240,13,0
2019-11-08 06:00:00,1.09894,1.09936,1.09885,1.09919,4988,12,0
2019-11-08 08:00:00,1.09919,1.09983,1.09893,1.09983,3247,13,0
2019-11-08 10:00:00,1.09981,1.10046,1.09879,1.09885,4657,10,0
2019-11-08 12:00:00,1.09886,1.10005,1.09882,1.09927,4072,11,0
2019-11-08 14:00:00,1.09929,1.09996,1.0985,1.09909,5150,12,0
2019-11-08 16:00:00,1.09908,1.09931,1.09746,1.09848,7600,10,0
2019-11-08 18:00:00,1.0985,1.09914,1.09793,1.09907,3657,12,0
2019-11-08 20:00:00,1.09907,1.09963,1.09904,1.09953,2512,11,0
2019-11-08 22:00:00,1.09954,1.09966,1.09842,1.09842,1358,14,0
2019-11-11 00:00:00,1.09908,1.09931,1.09851,1.09903,1558,16,0
2019-11-11 02:00:00,1.09904,1.09944,1.09856,1.09864,966,10,0
2019-11-11 04:00:00,1.09865,1.09897,1.09843,1.09872,2112,10,0
2019-11-11 06:00:00,1.09872,1.0988,1.09863,1.09868,804,14,0
2019-11-11 08:00:00,1.09868,1.09872,1.09773,1.09867,2493,13,0
2019-11-11 10:00:00,1.09868,1.09886,1.09762,1.09775,4111,12,0
2019-11-11 12:00:00,1.09775,1.09781,1.09686,1.097,2725,12,0
2019-11-11 14:00:00,1.09702,1.09726,1.09619,1.09634,4240,10,0
2019-11-11 16:00:00,1.09633,1.09749,1.09586,1.09732,4292,8,0
2019-11-11 18:00:00,1.09731,1.09744,1.09633,1.09635,3053,11,0
2019-11-11 20:00:00,1.09635,1.09637,1.09581,1.09589,1703,13,0
2019-11-11 22:00:00,1.0959,1.09595,1.09567,1.09574,947,10,0
2019-11-12 00:00:00,1.09573,1.09597,1.09569,1.09586,666,15,0
2019-11-12 02:00:00,1.09585,1.09639,1.09575,1.09631,1821,13,0
2019-11-12 04:00:00,1.09631,1.09698,1.09618,1.09681,1197,11,0
2019-11-12 06:00:00,1.09682,1.09741,1.09676,1.09734,1988,13,0
2019-11-12 08:00:00,1.09733,1.09793,1.09668,1.09673,2569,11,0
2019-11-12 10:00:00,1.09674,1.09732,1.09609,1.0972,4778,11,0
2019-11-12 12:00:00,1.09719,1.09771,1.09667,1.09717,3734,13,0
2019-11-12 14:00:00,1.09718,1.09719,1.0961,1.09629,3475,13,0
2019-11-12 16:00:00,1.0963,1.09647,1.09459,1.09476,5575,11,0
2019-11-12 18:00:00,1.09477,1.09479,1.09315,1.09354,5538,10,0
2019-11-12 20:00:00,1.09356,1.09362,1.09263,1.09273,3676,12,0
2019-11-12 22:00:00,1.09274,1.09336,1.09266,1.09314,1784,11,0
2019-11-13 00:00:00,1.09315,1.09374,1.09253,1.09318,1153,16,0
2019-11-13 02:00:00,1.09319,1.09322,1.09211,1.09217,2194,12,0
2019-11-13 04:00:00,1.09216,1.0927,1.09206,1.09215,2538,14,0
2019-11-13 06:00:00,1.09214,1.09217,1.09121,1.09127,2082,12,0
2019-11-13 08:00:00,1.09127,1.09174,1.09085,1.09124,2293,11,0
2019-11-13 10:00:00,1.09123,1.09123,1.08995,1.09022,5206,10,0
2019-11-13 12:00:00,1.09021,1.0907,1.08953,1.08981,3970,13,0
2019-11-13 14:00:00,1.08981,1.09034,1.08895,1.09034,4795,12,0
2019-11-13 16:00:00,1.09035,1.09061,1.08903,1.08921,6088,10,0
2019-11-13 18:00:00,1.08921,1.08958,1.08827,1.08879,3887,13,0
2019-11-13 20:00:00,1.0888,1.08882,1.08778,1.08836,3617,4,0
2019-11-13 22:00:00,1.08837,1.09001,1.08828,1.0896,1779,12,0
2019-11-14 00:00:00,1.08965,1.08967,1.0885,1.08959,1772,15,0
2019-11-14 02:00:00,1.08959,1.09031,1.08926,1.09012,1684,12,0
2019-11-14 04:00:00,1.09012,1.09012,1.0888,1.08891,2913,11,0
2019-11-14 06:00:00,1.08891,1.08914,1.08859,1.08879,3957,13,0
2019-11-14 08:00:00,1.08879,1.08895,1.08792,1.08872,3394,10,0
2019-11-14 10:00:00,1.08873,1.08896,1.08623,1.08641,4582,9,0
2019-11-14 12:00:00,1.08641,1.08805,1.08638,1.08685,3644,10,0
2019-11-14 14:00:00,1.08685,1.08743,1.08664,1.0872,3702,11,0
2019-11-14 16:00:00,1.08719,1.08849,1.08708,1.08728,5346,13,0
2019-11-14 18:00:00,1.08729,1.08874,1.08669,1.08873,4299,10,0
2019-11-14 20:00:00,1.08873,1.08943,1.08863,1.08892,2241,11,0
2019-11-14 22:00:00,1.08893,1.0896,1.08861,1.08861,1615,14,0
2019-11-15 00:00:00,1.08852,1.08962,1.08851,1.08958,662,14,0
2019-11-15 02:00:00,1.08959,1.09035,1.08948,1.09026,1703,13,0
2019-11-15 04:00:00,1.09025,1.09084,1.09021,1.0905,2039,12,0
2019-11-15 06:00:00,1.09051,1.09058,1.09037,1.09044,707,13,0
2019-11-15 08:00:00,1.09042,1.09057,1.08966,1.08973,1902,13,0
2019-11-15 10:00:00,1.08971,1.09191,1.08927,1.09174,3931,10,0
2019-11-15 12:00:00,1.09173,1.09184,1.09071,1.09145,2861,13,0
2019-11-15 14:00:00,1.09146,1.09307,1.09134,1.0924,3800,9,0
2019-11-15 16:00:00,1.09239,1.09388,1.09236,1.09335,5380,9,0
2019-11-15 18:00:00,1.09335,1.09457,1.093,1.0941,3172,11,0
2019-11-15 20:00:00,1.0941,1.09446,1.09354,1.09445,1489,14,0
2019-11-15 22:00:00,1.09446,1.09454,1.09354,1.09379,1325,13,0
2019-11-18 00:00:00,1.09294,1.09383,1.09273,1.09327,1419,13,0
2019-11-18 02:00:00,1.09327,1.09431,1.09323,1.0943,1079,9,0
2019-11-18 04:00:00,1.09429,1.09477,1.09429,1.09461,1598,12,0
2019-11-18 06:00:00,1.09461,1.09502,1.09451,1.09494,1433,12,0
2019-11-18 08:00:00,1.09496,1.09574,1.09414,1.09436,3001,2,0
2019-11-18 10:00:00,1.09438,1.09579,1.09358,1.09579,4365,0,0
2019-11-18 12:00:00,1.09579,1.09604,1.09476,1.09498,2920,8,0
2019-11-18 14:00:00,1.09498,1.09615,1.09368,1.094,4444,0,0
2019-11-18 16:00:00,1.094,1.09457,1.09305,1.09421,5711,6,0
2019-11-18 18:00:00,1.09421,1.09505,1.09408,1.09458,3810,8,0
2019-11-18 20:00:00,1.09457,1.0949,1.09424,1.0947,1643,12,0
2019-11-18 22:00:00,1.0947,1.09569,1.09453,1.0955,1503,11,0
2019-11-19 00:00:00,1.09538,1.09547,1.09454,1.09534,1108,16,0
2019-11-19 02:00:00,1.09533,1.09558,1.09499,1.09538,1931,6,0
2019-11-19 04:00:00,1.09538,1.09663,1.09537,1.09614,1351,12,0
2019-11-19 06:00:00,1.09612,1.09651,1.09603,1.0963,2350,11,0
2019-11-19 08:00:00,1.0963,1.09694,1.09583,1.09585,2602,7,0
2019-11-19 10:00:00,1.09586,1.09769,1.0955,1.09745,4367,7,0
2019-11-19 12:00:00,1.09746,1.09805,1.09702,1.09805,2937,9,0
2019-11-19 14:00:00,1.09803,1.09813,1.09729,1.09801,3009,7,0
2019-11-19 16:00:00,1.09801,1.09858,1.09628,1.09657,5433,7,0
2019-11-19 18:00:00,1.09658,1.09778,1.09638,1.09755,3955,4,0
2019-11-19 20:00:00,1.09754,1.09801,1.09726,1.09769,1981,12,0
2019-11-19 22:00:00,1.09769,1.09769,1.09702,1.09714,1473,6,0
2019-11-20 00:00:00,1.09715,1.09761,1.09658,1.09712,2879,11,0
2019-11-20 02:00:00,1.09713,1.09756,1.09611,1.09667,2362,9,0
2019-11-20 04:00:00,1.09666,1.09714,1.09634,1.09662,1271,12,0
2019-11-20 06:00:00,1.09662,1.09664,1.09621,1.09649,1364,10,0
2019-11-20 08:00:00,1.09649,1.09672,1.09585,1.09647,2816,0,0
2019-11-20 10:00:00,1.09647,1.09694,1.09511,1.09679,5631,8,0
2019-11-20 12:00:00,1.0968,1.09742,1.09659,1.09712,3185,8,0
2019-11-20 14:00:00,1.09711,1.09859,1.09708,1.09819,3546,8,0
2019-11-20 16:00:00,1.0982,1.10005,1.0976,1.09806,6281,8,0
2019-11-20 18:00:00,1.09805,1.09855,1.09659,1.09675,4569,0,0
2019-11-20 20:00:00,1.09676,1.09793,1.09592,1.09746,6173,5,0
2019-11-20 22:00:00,1.09747,1.09762,1.09688,1.09707,1997,10,0
2019-11-21 00:00:00,1.09707,1.09749,1.09644,1.09709,1003,15,0
2019-11-21 02:00:00,1.09711,1.09733,1.09554,1.09592,2040,10,0
2019-11-21 04:00:00,1.09592,1.09756,1.09569,1.09726,3476,4,0
2019-11-21 06:00:00,1.09725,1.09753,1.0971,1.09734,2150,12,0
2019-11-21 08:00:00,1.09733,1.09796,1.09703,1.09741,2907,2,0
2019-11-21 10:00:00,1.09741,1.09819,1.09685,1.09801,4620,6,0
2019-11-21 12:00:00,1.09802,1.09894,1.09732,1.09862,4853,8,0
2019-11-21 14:00:00,1.09862,1.10029,1.09835,1.09863,5751,0,0
2019-11-21 16:00:00,1.09862,1.09884,1.09752,1.09777,6453,9,0
2019-11-21 18:00:00,1.0978,1.09814,1.09761,1.09796,3550,8,0
2019-11-21 20:00:00,1.09796,1.09854,1.09792,1.09821,2745,7,0
2019-11-21 22:00:00,1.09822,1.09836,1.09798,1.09799,638,14,0
2019-11-22 00:00:00,1.09798,1.09856,1.09758,1.09851,1380,14,0
2019-11-22 02:00:00,1.09853,1.09949,1.09848,1.09936,1378,10,0
2019-11-22 04:00:00,1.09936,1.09938,1.09898,1.0992,1818,11,0
2019-11-22 06:00:00,1.0992,1.09949,1.09909,1.09945,673,9,0
2019-11-22 08:00:00,1.09945,1.10049,1.09907,1.1002,2242,8,0
2019-11-22 10:00:00,1.10021,1.10094,1.09796,1.09891,9966,0,0
2019-11-22 12:00:00,1.0989,1.0998,1.09819,1.09946,3425,9,0
2019-11-22 14:00:00,1.09946,1.09986,1.09901,1.0996,3939,5,0
2019-11-22 16:00:00,1.0996,1.10017,1.09852,1.09864,6659,0,0
2019-11-22 18:00:00,1.09863,1.09992,1.09826,1.09978,4067,1,0
2019-11-22 20:00:00,1.09978,1.09993,1.09918,1.09941,2952,10,0
2019-11-22 22:00:00,1.09944,1.09968,1.09843,1.09845,1677,12,0
2019-11-25 00:00:00,1.0991,1.09989,1.09889,1.09966,1008,13,0
2019-11-25 02:00:00,1.09966,1.09966,1.09904,1.09906,1718,14,0
2019-11-25 04:00:00,1.09908,1.09911,1.09817,1.09822,3603,12,0
2019-11-25 06:00:00,1.09822,1.1,1.09821,1.09979,4341,4,0
2019-11-25 08:00:00,1.09978,1.09979,1.09904,1.09953,2456,10,0
2019-11-25 10:00:00,1.09953,1.09994,1.09833,1.09857,4481,7,0
2019-11-25 12:00:00,1.09859,1.09927,1.09814,1.09922,2048,9,0
2019-11-25 14:00:00,1.09923,1.09957,1.09835,1.09932,3196,9,0
2019-11-25 16:00:00,1.09932,1.09955,1.09747,1.09803,5806,0,0
2019-11-25 18:00:00,1.09802,1.09813,1.09663,1.09693,3850,9,0
2019-11-25 20:00:00,1.09693,1.09772,1.09689,1.0977,1796,7,0
2019-11-25 22:00:00,1.0977,1.09791,1.09707,1.09708,1622,11,0
2019-11-26 00:00:00,1.09712,1.09758,1.09695,1.09745,1219,13,0
2019-11-26 02:00:00,1.09746,1.09834,1.09733,1.09775,2288,3,0
2019-11-26 04:00:00,1.09775,1.0978,1.09741,1.09751,1427,9,0
2019-11-26 06:00:00,1.09752,1.09772,1.09723,1.09761,1219,12,0
2019-11-26 08:00:00,1.09761,1.09952,1.09752,1.09951,2103,6,0
2019-11-26 10:00:00,1.09951,1.09989,1.09864,1.09876,4699,11,0
2019-11-26 12:00:00,1.09877,1.09892,1.09806,1.09846,2546,11,0
2019-11-26 14:00:00,1.09846,1.09922,1.09814,1.09831,2687,11,0
2019-11-26 16:00:00,1.09831,1.09962,1.09792,1.09956,5311,8,0
2019-11-26 18:00:00,1.09956,1.09993,1.09854,1.09925,4416,0,0
2019-11-26 20:00:00,1.09925,1.0995,1.09877,1.09885,2307,10,0
2019-11-26 22:00:00,1.09884,1.0994,1.09858,1.09858,1522,12,0
2019-11-27 00:00:00,1.09859,1.09959,1.09849,1.09953,2156,14,0
2019-11-27 02:00:00,1.09952,1.09957,1.09914,1.09924,1511,11,0
2019-11-27 04:00:00,1.09924,1.09938,1.09886,1.09889,954,10,0
2019-11-27 06:00:00,1.09888,1.09911,1.09863,1.09882,798,12,0
2019-11-27 08:00:00,1.09882,1.09941,1.09846,1.09921,2085,9,0
2019-11-27 10:00:00,1.09922,1.09923,1.09791,1.09845,3670,8,0
2019-11-27 12:00:00,1.09844,1.09857,1.09806,1.09828,2910,12,0
2019-11-27 14:00:00,1.09828,1.09934,1.09805,1.09883,4042,8,0
2019-11-27 16:00:00,1.09884,1.09937,1.09842,1.09872,5076,0,0
2019-11-27 18:00:00,1.09871,1.09998,1.09833,1.0996,3620,5,0
2019-11-27 20:00:00,1.09959,1.09988,1.09931,1.09982,2975,7,0
2019-11-27 22:00:00,1.09983,1.09989,1.09868,1.09875,3221,13,0
2019-11-28 00:00:00,1.09875,1.0994,1.09843,1.09893,1885,8,0
2019-11-28 02:00:00,1.09892,1.09927,1.09861,1.09909,1272,11,0
2019-11-28 04:00:00,1.09911,1.09934,1.09905,1.09924,1946,12,0
2019-11-28 06:00:00,1.09922,1.09955,1.09913,1.09948,735,15,0
2019-11-28 08:00:00,1.09949,1.10018,1.09943,1.10009,2279,11,0
2019-11-28 10:00:00,1.10008,1.10023,1.09923,1.09985,2966,7,0
2019-11-28 12:00:00,1.09984,1.09988,1.09897,1.09912,2703,8,0
2019-11-28 14:00:00,1.0991,1.09945,1.09852,1.09938,3065,9,0
2019-11-28 16:00:00,1.09942,1.09965,1.09883,1.09916,1688,11,0
2019-11-28 18:00:00,1.09914,1.09988,1.09913,1.09953,1139,13,0
2019-11-28 20:00:00,1.09953,1.09974,1.09942,1.09968,1067,11,0
2019-11-28 22:00:00,1.09967,1.09987,1.09885,1.09903,2614,19,0
2019-11-29 00:00:00,1.09892,1.09973,1.09888,1.09943,710,13,0
2019-11-29 02:00:00,1.09944,1.09988,1.09924,1.09946,1189,12,0
2019-11-29 04:00:00,1.09947,1.09969,1.09905,1.09926,1405,12,0
2019-11-29 06:00:00,1.09927,1.09952,1.09909,1.09914,1201,14,0
2019-11-29 08:00:00,1.09914,1.10006,1.09905,1.09965,1855,9,0
2019-11-29 10:00:00,1.09965,1.10021,1.09898,1.09995,2890,5,0
2019-11-29 12:00:00,1.09995,1.10018,1.0994,1.09974,2353,9,0
2019-11-29 14:00:00,1.09974,1.10111,1.09956,1.10103,3861,9,0
2019-11-29 16:00:00,1.10102,1.10223,1.1007,1.10208,5882,0,0
2019-11-29 18:00:00,1.10207,1.10215,1.1012,1.10123,5187,6,0
2019-11-29 20:00:00,1.10123,1.10179,1.10123,1.10173,4850,10,0
2019-11-29 22:00:00,1.10173,1.10189,1.10105,1.10179,2509,12,0
2019-12-02 00:00:00,1.10136,1.10248,1.10136,1.10197,1137,13,0
2019-12-02 02:00:00,1.10195,1.10267,1.10187,1.10196,1517,11,0
2019-12-02 04:00:00,1.10197,1.10235,1.1015,1.10153,1150,9,0
2019-12-02 06:00:00,1.10155,1.10187,1.10155,1.10184,570,13,0
2019-12-02 08:00:00,1.10183,1.10213,1.10125,1.10165,2363,10,0
2019-12-02 10:00:00,1.10164,1.10236,1.10108,1.10132,4235,10,0
2019-12-02 12:00:00,1.10131,1.1016,1.09822,1.0983,3102,8,0
2019-12-02 14:00:00,1.09829,1.09969,1.09823,1.09953,4337,6,0
2019-12-02 16:00:00,1.09953,1.10043,1.09912,1.09925,8471,2,0
2019-12-02 18:00:00,1.09925,1.0999,1.09817,1.09864,6001,0,0
2019-12-02 20:00:00,1.09865,1.09909,1.09833,1.09842,3098,2,0
2019-12-02 22:00:00,1.09841,1.0988,1.09805,1.09812,1949,12,0
2019-12-03 00:00:00,1.09815,1.09869,1.09789,1.0981,1125,12,0
2019-12-03 02:00:00,1.09811,1.09837,1.09777,1.09813,1615,11,0
2019-12-03 04:00:00,1.09813,1.09925,1.09804,1.09898,1111,6,0
2019-12-03 06:00:00,1.09897,1.0992,1.0987,1.09876,1138,12,0
2019-12-03 08:00:00,1.09876,1.09913,1.09765,1.09778,2207,7,0
2019-12-03 10:00:00,1.09778,1.09813,1.09614,1.09641,4396,7,0
2019-12-03 12:00:00,1.0964,1.09703,1.0945,1.09482,6337,6,0
2019-12-03 14:00:00,1.09483,1.09554,1.09406,1.09416,3997,4,0
2019-12-03 16:00:00,1.09417,1.09499,1.09298,1.09312,7569,0,0
2019-12-03 18:00:00,1.09312,1.09389,1.09265,1.09351,4359,1,0
2019-12-03 20:00:00,1.09351,1.09364,1.09317,1.09352,2569,11,0
2019-12-03 22:00:00,1.09353,1.09396,1.09347,1.09366,1339,11,0
2019-12-04 00:00:00,1.09365,1.09412,1.09337,1.09411,1243,12,0
2019-12-04 02:00:00,1.09412,1.09417,1.0931,1.09358,2099,8,0
2019-12-04 04:00:00,1.09355,1.09387,1.09347,1.09372,854,12,0
2019-12-04 06:00:00,1.09371,1.09372,1.09333,1.09367,980,13,0
2019-12-04 08:00:00,1.09367,1.09382,1.09228,1.09236,2455,7,0
2019-12-04 10:00:00,1.09237,1.09527,1.09205,1.09478,8325,0,0
2019-12-04 12:00:00,1.09477,1.09524,1.09412,1.09416,3733,8,0
2019-12-04 14:00:00,1.09418,1.09624,1.09412,1.09624,5242,0,0
2019-12-04 16:00:00,1.09628,1.0968,1.09514,1.09622,8191,2,0
2019-12-04 18:00:00,1.09623,1.09666,1.09536,1.0958,4782,7,0
2019-12-04 20:00:00,1.09578,1.09587,1.09527,1.09556,2881,12,0
2019-12-04 22:00:00,1.09555,1.0957,1.09483,1.09483,2222,9,0
2019-12-05 00:00:00,1.09474,1.09541,1.09474,1.09522,1168,13,0
2019-12-05 02:00:00,1.09522,1.09552,1.09487,1.09522,1814,10,0
2019-12-05 04:00:00,1.0952,1.09542,1.09479,1.09481,1506,12,0
2019-12-05 06:00:00,1.09481,1.0951,1.09447,1.09455,930,11,0
2019-12-05 08:00:00,1.09456,1.09579,1.09404,1.09555,2941,0,0
2019-12-05 10:00:00,1.09553,1.09728,1.09552,1.09702,3176,7,0
2019-12-05 12:00:00,1.09703,1.09709,1.09593,1.0962,3563,9,0
2019-12-05 14:00:00,1.09619,1.09747,1.09598,1.09742,4454,8,0
2019-12-05 16:00:00,1.09741,1.09817,1.09591,1.09613,4895,7,0
2019-12-05 18:00:00,1.09614,1.0966,1.09572,1.09619,3467,7,0
2019-12-05 20:00:00,1.09619,1.09622,1.09529,1.09568,2139,0,0
2019-12-05 22:00:00,1.0957,1.09653,1.0956,1.09593,2121,13,0
2019-12-06 00:00:00,1.096,1.09633,1.09591,1.09616,660,12,0
2019-12-06 02:00:00,1.09618,1.09635,1.09586,1.09605,951,11,0
2019-12-06 04:00:00,1.09606,1.0964,1.09604,1.0964,1068,13,0
2019-12-06 06:00:00,1.0964,1.0967,1.09616,1.0962,1051,12,0
2019-12-06 08:00:00,1.09621,1.09741,1.09619,1.09657,2334,6,0
2019-12-06 10:00:00,1.09657,1.09696,1.09548,1.09629,3400,9,0
2019-12-06 12:00:00,1.09629,1.09711,1.09612,1.09649,2377,8,0
2019-12-06 14:00:00,1.0965,1.098,1.09636,1.09696,5691,5,0
2019-12-06 16:00:00,1.09695,1.09713,1.09463,1.09497,6734,0,0
2019-12-06 18:00:00,1.09497,1.0955,1.0944,1.09462,2725,3,0
2019-12-06 20:00:00,1.09462,1.09475,1.09422,1.09441,1557,11,0
2019-12-06 22:00:00,1.09441,1.09525,1.0944,1.09522,1669,12,0
2019-12-09 00:00:00,1.09488,1.09554,1.09428,1.0954,635,15,0
2019-12-09 02:00:00,1.09539,1.09539,1.09459,1.09507,1538,12,0
2019-12-09 04:00:00,1.09508,1.09545,1.09491,1.09542,991,13,0
2019-12-09 06:00:00,1.09542,1.09584,1.09502,1.09575,1027,13,0
2019-12-09 08:00:00,1.09577,1.09595,1.09537,1.09565,1856,13,0
2019-12-09 10:00:00,1.09565,1.09644,1.09488,1.09563,3371,11,0
2019-12-09 12:00:00,1.09562,1.09667,1.09514,1.09617,2834,13,0
2019-12-09 14:00:00,1.09619,1.09638,1.09555,1.09575,2990,12,0
2019-12-09 16:00:00,1.09575,1.09575,1.09374,1.09394,3605,9,0
2019-12-09 18:00:00,1.09394,1.09431,1.09286,1.09307,2425,11,0
2019-12-09 20:00:00,1.09307,1.09333,1.09286,1.09302,1800,13,0
2019-12-09 22:00:00,1.09302,1.09331,1.09263,1.09285,1153,11,0
2019-12-10 00:00:00,1.09286,1.09304,1.09254,1.09297,715,15,0
2019-12-10 02:00:00,1.09296,1.09349,1.09285,1.09341,720,12,0
2019-12-10 04:00:00,1.09341,1.09346,1.09327,1.09331,532,12,0
2019-12-10 06:00:00,1.09332,1.09343,1.09312,1.09318,588,11,0
2019-12-10 08:00:00,1.09317,1.09323,1.09262,1.09311,1742,12,0
2019-12-10 10:00:00,1.0931,1.09317,1.0923,1.09237,4054,12,0
2019-12-10 12:00:00,1.09238,1.09268,1.09113,1.09248,3755,17,0
2019-12-10 14:00:00,1.09248,1.09326,1.09164,1.09225,4091,17,0
2019-12-10 16:00:00,1.09224,1.09354,1.09209,1.09346,5450,17,0
2019-12-10 18:00:00,1.09345,1.09362,1.09203,1.09206,4022,17,0
2019-12-10 20:00:00,1.09205,1.09238,1.09111,1.09126,2413,17,0
2019-12-10 22:00:00,1.09125,1.09212,1.09125,1.09178,2253,17,0
2019-12-11 00:00:00,1.09183,1.0922,1.09138,1.09201,2629,17,0
2019-12-11 02:00:00,1.09202,1.09207,1.09167,1.0919,1252,17,0
2019-12-11 04:00:00,1.0919,1.09213,1.09186,1.09202,523,17,0
2019-12-11 06:00:00,1.09202,1.09237,1.092,1.09225,511,15,0
2019-12-11 08:00:00,1.09226,1.09226,1.09152,1.09157,1854,15,0
2019-12-11 10:00:00,1.09157,1.09214,1.09097,1.09147,4144,15,0
2019-12-11 12:00:00,1.09148,1.09184,1.09131,1.09152,2791,15,0
2019-12-11 14:00:00,1.09151,1.09241,1.09131,1.09195,3726,15,0
2019-12-11 16:00:00,1.09195,1.09396,1.09193,1.09321,4179,15,0
2019-12-11 18:00:00,1.09321,1.09365,1.09281,1.0934,3356,15,0
2019-12-11 20:00:00,1.09339,1.09446,1.093,1.09359,6161,15,0
2019-12-11 22:00:00,1.09359,1.0942,1.0933,1.09372,4086,15,0
2019-12-12 00:00:00,1.09372,1.09428,1.09309,1.09375,788,15,0
2019-12-12 02:00:00,1.09375,1.09413,1.093,1.0941,1297,15,0
2019-12-12 04:00:00,1.0941,1.09464,1.09394,1.09438,1306,15,0
2019-12-12 06:00:00,1.09437,1.09451,1.09423,1.09425,627,15,0
2019-12-12 08:00:00,1.09425,1.0947,1.09358,1.09431,2415,15,0
2019-12-12 10:00:00,1.09432,1.0944,1.09227,1.09335,3668,15,0
2019-12-12 12:00:00,1.09335,1.0943,1.09296,1.09406,4034,15,0
2019-12-12 14:00:00,1.09406,1.09432,1.09312,1.09377,7143,15,0
2019-12-12 16:00:00,1.09378,1.09756,1.09344,1.09697,12137,15,0
2019-12-12 18:00:00,1.09697,1.09734,1.09551,1.09601,5402,15,0
2019-12-12 20:00:00,1.096,1.09629,1.09526,1.09555,6352,15,0
2019-12-12 22:00:00,1.09559,1.09657,1.09557,1.09589,5117,15,0
2019-12-13 00:00:00,1.09586,1.10334,1.09533,1.10155,5911,15,0
2019-12-13 02:00:00,1.10154,1.1016,1.10016,1.10048,4551,15,0
2019-12-13 04:00:00,1.10047,1.10112,1.09993,1.101,3160,15,0
2019-12-13 06:00:00,1.10099,1.10112,1.10041,1.1009,1648,15,0
2019-12-13 08:00:00,1.10089,1.10108,1.09478,1.09645,5892,15,0
2019-12-13 10:00:00,1.09645,1.09929,1.09634,1.09824,8905,15,0
2019-12-13 12:00:00,1.09823,1.09976,1.09798,1.09827,4573,15,0
2019-12-13 14:00:00,1.09828,1.09874,1.09734,1.09838,5985,15,0
2019-12-13 16:00:00,1.09837,1.09865,1.0938,1.09448,15861,15,0
2019-12-13 18:00:00,1.09448,1.09499,1.09322,1.09416,6544,15,0
2019-12-13 20:00:00,1.09415,1.09472,1.09368,1.09399,3655,15,0
2019-12-13 22:00:00,1.094,1.09439,1.09351,1.09364,2575,15,0
2019-12-16 00:00:00,1.09418,1.09477,1.09371,1.09449,1910,15,0
2019-12-16 02:00:00,1.09449,1.0951,1.09443,1.09505,1429,15,0
2019-12-16 04:00:00,1.09505,1.09567,1.09501,1.09545,1463,15,0
2019-12-16 06:00:00,1.09545,1.09572,1.09524,1.09526,1105,15,0
2019-12-16 08:00:00,1.09526,1.09576,1.09491,1.09557,3115,15,0
2019-12-16 10:00:00,1.09558,1.09589,1.0946,1.09497,5360,15,0
2019-12-16 12:00:00,1.09498,1.09595,1.09454,1.09509,3291,15,0
2019-12-16 14:00:00,1.09508,1.09551,1.09454,1.09543,3518,15,0
2019-12-16 16:00:00,1.09542,1.09588,1.09493,1.0957,3881,15,0
2019-12-16 18:00:00,1.0957,1.0967,1.09549,1.09558,3890,17,0
2019-12-16 20:00:00,1.09555,1.09565,1.09494,1.09512,1611,17,0
2019-12-16 22:00:00,1.09512,1.09517,1.09448,1.09449,1425,17,0
2019-12-17 00:00:00,1.09423,1.0953,1.09423,1.09491,1804,17,0
2019-12-17 02:00:00,1.09491,1.0955,1.09484,1.09524,1514,15,0
2019-12-17 04:00:00,1.09525,1.09552,1.09516,1.09544,1050,15,0
2019-12-17 06:00:00,1.09543,1.09571,1.09535,1.09565,1339,15,0
2019-12-17 08:00:00,1.09566,1.09586,1.09512,1.09542,2507,15,0
2019-12-17 10:00:00,1.09541,1.09671,1.09415,1.09656,5552,15,0
2019-12-17 12:00:00,1.09655,1.09661,1.09512,1.09563,3914,15,0
2019-12-17 14:00:00,1.09562,1.09578,1.09373,1.09379,5765,15,0
2019-12-17 16:00:00,1.09378,1.09494,1.09251,1.09285,5567,15,0
2019-12-17 18:00:00,1.09285,1.09431,1.0925,1.0931,3683,15,0
2019-12-17 20:00:00,1.09311,1.09359,1.09273,1.09289,1879,15,0
2019-12-17 22:00:00,1.0929,1.09367,1.09238,1.09367,1406,15,0
2019-12-18 00:00:00,1.09366,1.09367,1.09248,1.09269,1034,15,0
2019-12-18 02:00:00,1.09268,1.09273,1.0919,1.09198,1470,15,0
2019-12-18 04:00:00,1.09198,1.09223,1.09161,1.09177,1427,15,0
2019-12-18 06:00:00,1.09177,1.0921,1.09109,1.09167,1159,15,0
2019-12-18 08:00:00,1.09165,1.09271,1.09152,1.09182,2901,15,0
2019-12-18 10:00:00,1.09181,1.09288,1.0913,1.09147,4217,15,0
2019-12-18 12:00:00,1.09145,1.09164,1.09066,1.09133,2865,15,0
2019-12-18 14:00:00,1.09132,1.09174,1.09084,1.09101,4357,15,0
2019-12-18 16:00:00,1.09103,1.09178,1.09028,1.09178,4499,15,0
2019-12-18 18:00:00,1.09177,1.09179,1.08995,1.09007,3782,15,0
2019-12-18 20:00:00,1.09007,1.09009,1.08951,1.08953,1869,15,0
2019-12-18 22:00:00,1.08954,1.08978,1.0893,1.08941,1679,15,0
2019-12-19 00:00:00,1.08948,1.08996,1.08937,1.08943,913,15,0
2019-12-19 02:00:00,1.08943,1.09056,1.0894,1.09011,1485,15,0
2019-12-19 04:00:00,1.0901,1.09062,1.08997,1.0905,1034,17,0
2019-12-19 06:00:00,1.0905,1.09053,1.09005,1.09042,748,17,0
2019-12-19 08:00:00,1.09041,1.09099,1.09016,1.09067,2268,17,0
2019-12-19 10:00:00,1.09067,1.09257,1.0901,1.09253,4476,15,0
2019-12-19 12:00:00,1.09252,1.09253,1.09078,1.0911,3569,15,0
2019-12-19 14:00:00,1.09109,1.09133,1.08886,1.08909,6096,15,0
2019-12-19 16:00:00,1.08909,1.08998,1.08665,1.08745,6865,15,0
2019-12-19 18:00:00,1.08746,1.08818,1.08688,1.08727,4606,15,0
2019-12-19 20:00:00,1.0873,1.08785,1.08707,1.08763,2326,15,0
2019-12-19 22:00:00,1.08763,1.08805,1.08753,1.08803,1442,15,0
2019-12-20 00:00:00,1.08794,1.08825,1.08708,1.08815,2110,16,0
2019-12-20 02:00:00,1.08814,1.08814,1.08767,1.08797,1479,15,0
2019-12-20 04:00:00,1.08795,1.08837,1.08768,1.0883,1009,15,0
2019-12-20 06:00:00,1.08829,1.08846,1.08798,1.08843,780,15,0
2019-12-20 08:00:00,1.08842,1.08901,1.0877,1.08892,1901,15,0
2019-12-20 10:00:00,1.0889,1.09038,1.08834,1.08961,4427,15,0
2019-12-20 12:00:00,1.08961,1.09063,1.08749,1.08835,4927,15,0
2019-12-20 14:00:00,1.08834,1.08871,1.08716,1.08732,4529,15,0
2019-12-20 16:00:00,1.0874,1.0886,1.08732,1.08828,5514,15,0
2019-12-20 18:00:00,1.0883,1.08883,1.08783,1.08786,3428,17,0
2019-12-20 20:00:00,1.08786,1.0883,1.08744,1.08805,1690,17,0
2019-12-20 22:00:00,1.08805,1.0887,1.08698,1.08815,1702,15,0
2019-12-23 00:00:00,1.08776,1.08863,1.08758,1.08828,1706,16,0
2019-12-23 02:00:00,1.08831,1.08842,1.0879,1.08836,995,15,0
2019-12-23 04:00:00,1.08837,1.08852,1.08801,1.08804,657,15,0
2019-12-23 06:00:00,1.08803,1.08842,1.08771,1.08815,721,15,0
2019-12-23 08:00:00,1.08816,1.08822,1.08735,1.08752,2145,15,0
2019-12-23 10:00:00,1.08752,1.08762,1.08646,1.08646,3177,15,0
2019-12-23 12:00:00,1.08644,1.0877,1.08606,1.08637,3405,15,0
2019-12-23 14:00:00,1.08637,1.08747,1.08619,1.08725,4114,15,0
2019-12-23 16:00:00,1.08725,1.08902,1.08724,1.08883,4526,15,0
2019-12-23 18:00:00,1.08883,1.08964,1.0886,1.08907,3812,15,0
2019-12-23 20:00:00,1.08906,1.08918,1.08841,1.08898,2138,15,0
2019-12-23 22:00:00,1.08898,1.08899,1.08833,1.08862,1519,15,0
2019-12-24 00:00:00,1.08855,1.08883,1.08833,1.08859,663,16,0
2019-12-24 02:00:00,1.08861,1.0892,1.08853,1.089,750,15,0
2019-12-24 04:00:00,1.08901,1.0893,1.08875,1.08913,1073,15,0
2019-12-24 06:00:00,1.08914,1.08942,1.08905,1.08929,738,15,0
2019-12-24 08:00:00,1.08931,1.08976,1.08854,1.0897,1820,15,0
2019-12-24 10:00:00,1.08971,1.08973,1.08817,1.08826,2765,15,0
2019-12-24 12:00:00,1.08826,1.08856,1.08693,1.08736,2394,15,0
2019-12-24 14:00:00,1.08737,1.08812,1.08694,1.08746,2993,15,0
2019-12-24 16:00:00,1.08746,1.08775,1.0867,1.08727,3345,15,0
2019-12-24 18:00:00,1.08728,1.08774,1.0865,1.08654,2170,15,0
2019-12-26 02:00:00,1.08684,1.08791,1.08683,1.0877,1023,15,0
2019-12-26 04:00:00,1.08769,1.0884,1.08747,1.08801,730,15,0
2019-12-26 06:00:00,1.08799,1.088,1.08762,1.08763,547,15,0
2019-12-26 08:00:00,1.08764,1.08766,1.08724,1.08725,539,15,0
2019-12-26 10:00:00,1.08724,1.08823,1.08708,1.08788,784,15,0
2019-12-26 12:00:00,1.08789,1.08815,1.08748,1.08779,878,15,0
2019-12-26 14:00:00,1.08781,1.08862,1.08774,1.08821,1311,15,0
2019-12-26 16:00:00,1.0882,1.0891,1.0877,1.08908,1254,15,0
2019-12-26 18:00:00,1.08908,1.08927,1.08858,1.08887,1056,15,0
2019-12-26 20:00:00,1.0889,1.08914,1.08872,1.0889,930,15,0
2019-12-26 22:00:00,1.0889,1.08964,1.08854,1.08858,1144,15,0
2019-12-27 00:00:00,1.08848,1.08981,1.08802,1.08948,1349,15,0
2019-12-27 02:00:00,1.08949,1.08954,1.08804,1.08948,2186,15,0
2019-12-27 04:00:00,1.08947,1.08987,1.08918,1.08955,1746,15,0
2019-12-27 06:00:00,1.08954,1.08987,1.08941,1.08984,900,15,0
2019-12-27 08:00:00,1.08983,1.09044,1.08919,1.08996,2486,15,0
2019-12-27 10:00:00,1.09002,1.09005,1.08688,1.08734,4416,15,0
2019-12-27 12:00:00,1.08735,1.08849,1.08726,1.08798,3299,15,0
2019-12-27 14:00:00,1.08798,1.08911,1.08788,1.08872,3619,15,0
2019-12-27 16:00:00,1.08872,1.08978,1.08822,1.08931,4801,15,0
2019-12-27 18:00:00,1.08928,1.08931,1.08795,1.0885,4007,15,0
2019-12-27 20:00:00,1.08851,1.08894,1.08813,1.08884,2396,15,0
2019-12-27 22:00:00,1.08884,1.08949,1.0886,1.0889,2053,15,0
2019-12-30 00:00:00,1.08872,1.08977,1.08804,1.08886,1479,15,0
2019-12-30 02:00:00,1.08887,1.08972,1.08871,1.08939,1309,15,0
2019-12-30 04:00:00,1.08938,1.08989,1.0889,1.08917,1822,15,0
2019-12-30 06:00:00,1.08917,1.08928,1.08892,1.08911,852,15,0
2019-12-30 08:00:00,1.0891,1.08989,1.0884,1.08966,2529,15,0
2019-12-30 10:00:00,1.08965,1.09027,1.08921,1.0894,3449,15,0
2019-12-30 12:00:00,1.0894,1.08968,1.08738,1.08739,3227,15,0
2019-12-30 14:00:00,1.08739,1.08761,1.08644,1.08665,3699,15,0
2019-12-30 16:00:00,1.08666,1.08748,1.08487,1.08558,6842,15,0
2019-12-30 18:00:00,1.08558,1.0861,1.08491,1.08527,3280,15,0
2019-12-30 20:00:00,1.08528,1.08536,1.0849,1.08498,1757,15,0
2019-12-30 22:00:00,1.08498,1.08568,1.08493,1.08549,1645,15,0
2019-12-31 00:00:00,1.08549,1.08569,1.08484,1.0852,1127,15,0
2019-12-31 02:00:00,1.0852,1.08563,1.08513,1.08518,1293,16,0
2019-12-31 04:00:00,1.08517,1.08527,1.08397,1.0844,1441,15,0
2019-12-31 06:00:00,1.08441,1.08473,1.08431,1.08469,714,15,0
2019-12-31 08:00:00,1.08468,1.08676,1.08423,1.08622,1818,15,0
2019-12-31 10:00:00,1.08623,1.08632,1.08491,1.08588,2864,15,0
2019-12-31 12:00:00,1.08588,1.0859,1.08446,1.08549,3745,15,0
2019-12-31 14:00:00,1.08549,1.08616,1.08422,1.08457,4201,15,0
2019-12-31 16:00:00,1.08455,1.08828,1.084,1.08704,6876,15,0
2019-12-31 18:00:00,1.08705,1.08707,1.08529,1.0853,5065,15,0
2020-01-02 00:00:00,1.08415,1.08573,1.08406,1.08564,604,15,0
2020-01-02 02:00:00,1.08564,1.08642,1.08559,1.08605,1246,15,0
2020-01-02 04:00:00,1.08607,1.08654,1.08602,1.08625,1178,15,0
2020-01-02 06:00:00,1.08626,1.08706,1.08588,1.08694,1646,15,0
2020-01-02 08:00:00,1.08694,1.08774,1.08687,1.08724,2270,15,0
2020-01-02 10:00:00,1.08724,1.08756,1.085,1.08613,4052,15,0
2020-01-02 12:00:00,1.08611,1.08648,1.08493,1.08591,3935,15,0
2020-01-02 14:00:00,1.08591,1.08692,1.08565,1.0863,4074,15,0
2020-01-02 16:00:00,1.08629,1.08629,1.08359,1.08541,7613,15,0
2020-01-02 18:00:00,1.08539,1.08668,1.0852,1.08655,5090,17,0
2020-01-02 20:00:00,1.08654,1.08654,1.08566,1.08566,2907,17,0
2020-01-02 22:00:00,1.08567,1.08586,1.08456,1.08508,2325,17,0
2020-01-03 00:00:00,1.08506,1.08544,1.08483,1.08512,1021,17,0
2020-01-03 02:00:00,1.08511,1.08543,1.08393,1.084,1493,17,0
2020-01-03 04:00:00,1.08401,1.08423,1.08272,1.08331,2778,17,0
2020-01-03 06:00:00,1.08332,1.08436,1.0832,1.08388,1939,17,0
2020-01-03 08:00:00,1.08388,1.08418,1.08232,1.08287,4026,17,0
2020-01-03 10:00:00,1.08285,1.08492,1.08258,1.08438,5835,15,0
2020-01-03 12:00:00,1.08437,1.08488,1.08297,1.08358,4930,15,0
2020-01-03 14:00:00,1.08358,1.0844,1.083,1.0837,4272,15,0
2020-01-03 16:00:00,1.08369,1.08527,1.08339,1.08358,7481,15,0
2020-01-03 18:00:00,1.08357,1.085,1.08354,1.08454,3936,15,0
2020-01-03 20:00:00,1.08453,1.08577,1.08438,1.08498,3821,15,0
2020-01-03 22:00:00,1.08499,1.0854,1.08442,1.08508,2007,17,0
2020-01-06 00:00:00,1.08328,1.08439,1.08316,1.08426,1968,17,0
2020-01-06 02:00:00,1.08426,1.08469,1.08374,1.08403,3037,17,0
2020-01-06 04:00:00,1.08403,1.0844,1.08392,1.08435,2109,17,0
2020-01-06 06:00:00,1.08436,1.08438,1.08398,1.0841,1671,17,0
2020-01-06 08:00:00,1.0841,1.0846,1.08324,1.08437,2941,17,0
2020-01-06 10:00:00,1.08439,1.08477,1.08377,1.08451,4767,17,0
2020-01-06 12:00:00,1.0845,1.08578,1.08425,1.08558,3532,17,0
2020-01-06 14:00:00,1.08559,1.08589,1.08484,1.08559,3539,16,0
2020-01-06 16:00:00,1.0856,1.08572,1.08354,1.08385,5686,15,0
2020-01-06 18:00:00,1.08386,1.08432,1.08324,1.08386,3635,15,0
2020-01-06 20:00:00,1.08386,1.08452,1.0835,1.08413,2009,15,0
2020-01-06 22:00:00,1.08412,1.08431,1.08345,1.08376,1736,15,0
2020-01-07 00:00:00,1.08361,1.08425,1.08348,1.08424,1438,15,0
2020-01-07 02:00:00,1.08423,1.08474,1.08395,1.08444,2129,15,0
2020-01-07 04:00:00,1.08444,1.08489,1.08404,1.08473,2004,15,0
2020-01-07 06:00:00,1.08474,1.08483,1.08405,1.08412,1859,15,0
2020-01-07 08:00:00,1.08413,1.08529,1.08333,1.0836,4274,15,0
2020-01-07 10:00:00,1.08361,1.08593,1.08325,1.08584,5425,15,0
2020-01-07 12:00:00,1.08583,1.08598,1.08457,1.08496,4990,15,0
2020-01-07 14:00:00,1.08496,1.0853,1.08357,1.08367,4794,15,0
2020-01-07 16:00:00,1.08367,1.08368,1.0825,1.08279,7524,15,0
2020-01-07 18:00:00,1.08285,1.08311,1.08079,1.08142,3372,15,0
2020-01-07 20:00:00,1.08141,1.0825,1.08132,1.08188,2663,15,0
2020-01-07 22:00:00,1.08188,1.08234,1.08115,1.0818,1877,15,0
2020-01-08 00:00:00,1.08151,1.08238,1.07968,1.08049,3259,15,0
2020-01-08 02:00:00,1.08048,1.08091,1.07881,1.0807,8199,15,0
2020-01-08 04:00:00,1.08072,1.08278,1.08071,1.08181,6389,15,0
2020-01-08 06:00:00,1.0818,1.08195,1.08131,1.08169,2189,15,0
2020-01-08 08:00:00,1.0817,1.08279,1.08141,1.08235,4703,15,0
2020-01-08 10:00:00,1.08235,1.08237,1.08066,1.08187,6420,15,0
2020-01-08 12:00:00,1.08186,1.08231,1.08075,1.08162,5064,15,0
2020-01-08 14:00:00,1.08162,1.08167,1.07847,1.07873,5905,15,0
2020-01-08 16:00:00,1.07874,1.07958,1.07816,1.07889,5659,15,0
2020-01-08 18:00:00,1.0789,1.0824,1.07873,1.08203,7622,15,0
2020-01-08 20:00:00,1.08203,1.08218,1.08163,1.0818,2317,15,0
2020-01-08 22:00:00,1.08179,1.08189,1.0811,1.08139,2474,15,0
2020-01-09 00:00:00,1.08135,1.08176,1.08089,1.08156,935,15,0
2020-01-09 02:00:00,1.08155,1.08283,1.08131,1.08273,2231,15,0
2020-01-09 04:00:00,1.08276,1.08289,1.08254,1.08285,1674,15,0
2020-01-09 06:00:00,1.08284,1.08292,1.08236,1.08272,940,15,0
2020-01-09 08:00:00,1.08273,1.08322,1.08196,1.08312,3116,15,0
2020-01-09 10:00:00,1.08311,1.08312,1.08124,1.08124,5724,15,0
2020-01-09 12:00:00,1.08123,1.08218,1.08118,1.08145,3373,15,0
2020-01-09 14:00:00,1.08146,1.082,1.07942,1.08024,5078,15,0
2020-01-09 16:00:00,1.08024,1.08061,1.07954,1.0802,4807,15,0
2020-01-09 18:00:00,1.0802,1.08028,1.0796,1.08004,3505,15,0
2020-01-09 20:00:00,1.08003,1.08089,1.07966,1.08054,2296,15,0
2020-01-09 22:00:00,1.08053,1.08122,1.08049,1.08052,1348,15,0
2020-01-10 00:00:00,1.08053,1.08121,1.08025,1.08106,693,15,0
2020-01-10 02:00:00,1.08107,1.08126,1.08077,1.08095,1558,15,0
2020-01-10 04:00:00,1.08096,1.08119,1.08077,1.08102,783,15,0
2020-01-10 06:00:00,1.08102,1.08107,1.08055,1.08068,883,15,0
2020-01-10 08:00:00,1.08068,1.08141,1.08047,1.0814,1412,15,0
2020-01-10 10:00:00,1.08138,1.08172,1.08071,1.08143,3590,15,0
2020-01-10 12:00:00,1.08143,1.08228,1.0812,1.08183,2892,15,0
2020-01-10 14:00:00,1.08183,1.08289,1.08159,1.08255,5020,15,0
2020-01-10 16:00:00,1.08254,1.08254,1.08095,1.08157,5892,15,0
2020-01-10 18:00:00,1.08157,1.08189,1.08101,1.08171,3532,15,0
2020-01-10 20:00:00,1.08169,1.08221,1.0814,1.08149,1929,15,0
2020-01-10 22:00:00,1.08148,1.0819,1.08139,1.08166,1470,15,0
2020-01-13 00:00:00,1.08049,1.08226,1.08049,1.08175,863,15,0
2020-01-13 02:00:00,1.08174,1.08251,1.08174,1.08232,1299,15,0
2020-01-13 04:00:00,1.08231,1.08259,1.08212,1.08249,1718,15,0
2020-01-13 06:00:00,1.08248,1.08287,1.08241,1.0828,836,15,0
2020-01-13 08:00:00,1.08279,1.08326,1.0824,1.08268,1862,15,0
2020-01-13 10:00:00,1.08267,1.08306,1.08119,1.0812,5161,15,0
2020-01-13 12:00:00,1.08121,1.08175,1.08081,1.08092,2930,15,0
2020-01-13 14:00:00,1.08092,1.08169,1.08011,1.08044,2834,15,0
2020-01-13 16:00:00,1.08043,1.08093,1.07968,1.08081,4677,15,0
2020-01-13 18:00:00,1.08079,1.08134,1.07995,1.08048,2858,15,0
2020-01-13 20:00:00,1.08048,1.08121,1.0804,1.08113,1601,15,0
2020-01-13 22:00:00,1.08113,1.08118,1.08049,1.08051,1322,15,0
2020-01-14 00:00:00,1.08014,1.08105,1.07948,1.08103,722,15,0
2020-01-14 02:00:00,1.08101,1.08148,1.0808,1.08143,2378,15,0
2020-01-14 04:00:00,1.08144,1.0815,1.08117,1.08133,1724,15,0
2020-01-14 06:00:00,1.08134,1.0817,1.08116,1.08146,1688,15,0
2020-01-14 08:00:00,1.08145,1.08202,1.0808,1.08082,2506,15,0
2020-01-14 10:00:00,1.08083,1.08104,1.07843,1.07927,4387,15,0
2020-01-14 12:00:00,1.07926,1.07944,1.07627,1.07664,4641,15,0
2020-01-14 14:00:00,1.07663,1.07778,1.07593,1.07758,5243,15,0
2020-01-14 16:00:00,1.0776,1.07834,1.07633,1.0768,5987,15,0
2020-01-14 18:00:00,1.0768,1.07764,1.07664,1.07745,2743,15,0
2020-01-14 20:00:00,1.07745,1.0775,1.07588,1.07625,3259,15,0
2020-01-14 22:00:00,1.07625,1.0765,1.07583,1.07583,1984,15,0
2020-01-15 00:00:00,1.07577,1.07655,1.07577,1.07611,1057,15,0
2020-01-15 02:00:00,1.07614,1.07666,1.07612,1.07634,1750,15,0
2020-01-15 04:00:00,1.07635,1.07671,1.07602,1.07669,1546,15,0
2020-01-15 06:00:00,1.07669,1.07712,1.07654,1.07687,1697,15,0
2020-01-15 08:00:00,1.07687,1.07758,1.07617,1.07626,2089,15,0
2020-01-15 10:00:00,1.07624,1.07648,1.0749,1.07528,4304,15,0
2020-01-15 12:00:00,1.07527,1.07661,1.07442,1.07649,4034,15,0
2020-01-15 14:00:00,1.07647,1.07653,1.07414,1.07449,4705,15,0
2020-01-15 16:00:00,1.07449,1.07639,1.07445,1.07615,5760,15,0
2020-01-15 18:00:00,1.07616,1.07623,1.07442,1.07503,3314,15,0
2020-01-15 20:00:00,1.07503,1.07544,1.07424,1.07454,2867,15,0
2020-01-15 22:00:00,1.07454,1.07485,1.07422,1.07476,1931,15,0
2020-01-16 00:00:00,1.07475,1.07497,1.07457,1.07472,2256,15,0
2020-01-16 02:00:00,1.07473,1.07547,1.07471,1.07547,1597,15,0
2020-01-16 04:00:00,1.07547,1.07562,1.07531,1.07562,1022,15,0
2020-01-16 06:00:00,1.07561,1.07575,1.07529,1.07529,1554,15,0
2020-01-16 08:00:00,1.07529,1.0758,1.0751,1.07526,2054,15,0
2020-01-16 10:00:00,1.07527,1.07528,1.07314,1.07417,5079,15,0
2020-01-16 12:00:00,1.07416,1.07472,1.07372,1.07425,3199,15,0
2020-01-16 14:00:00,1.07427,1.07548,1.07352,1.07457,4812,15,0
2020-01-16 16:00:00,1.07456,1.07583,1.07339,1.07404,6351,15,0
2020-01-16 18:00:00,1.07403,1.07462,1.07384,1.07428,3305,15,0
2020-01-16 20:00:00,1.07427,1.0744,1.07389,1.07418,2024,15,0
2020-01-16 22:00:00,1.07416,1.07465,1.07412,1.07413,1612,15,0
2020-01-17 00:00:00,1.07423,1.07491,1.074,1.07463,753,15,0
2020-01-17 02:00:00,1.07459,1.07483,1.07433,1.07475,1207,15,0
2020-01-17 04:00:00,1.07475,1.07507,1.07454,1.07484,1303,15,0
2020-01-17 06:00:00,1.07483,1.07491,1.0745,1.07472,970,15,0
2020-01-17 08:00:00,1.07471,1.07541,1.07451,1.0753,1651,15,0
2020-01-17 10:00:00,1.07531,1.07564,1.07397,1.07434,4384,15,0
2020-01-17 12:00:00,1.07435,1.07499,1.07379,1.07386,4143,15,0
2020-01-17 14:00:00,1.07386,1.07542,1.07339,1.07526,4243,15,0
2020-01-17 16:00:00,1.07528,1.07531,1.07353,1.0736,5815,15,0
2020-01-17 18:00:00,1.07361,1.07414,1.07343,1.07352,3100,15,0
2020-01-17 20:00:00,1.07353,1.07402,1.07338,1.07345,2101,15,0
2020-01-17 22:00:00,1.07347,1.0735,1.07304,1.07304,1405,15,0
2020-01-20 00:00:00,1.07306,1.07414,1.073,1.07405,1560,15,0
2020-01-20 02:00:00,1.07404,1.07414,1.07357,1.07393,1229,15,0
2020-01-20 04:00:00,1.07392,1.07437,1.07378,1.0743,935,15,0
2020-01-20 06:00:00,1.0743,1.07454,1.07383,1.07452,1154,15,0
2020-01-20 08:00:00,1.07451,1.07492,1.07377,1.07383,1837,15,0
2020-01-20 10:00:00,1.07384,1.07433,1.07342,1.07346,3246,15,0
2020-01-20 12:00:00,1.07347,1.07439,1.07341,1.07414,2148,15,0
2020-01-20 14:00:00,1.07414,1.07425,1.07339,1.07373,1799,15,0
2020-01-20 16:00:00,1.07373,1.07452,1.07352,1.07428,2108,15,0
2020-01-20 18:00:00,1.07429,1.07447,1.07374,1.07399,1290,15,0
2020-01-20 20:00:00,1.07399,1.07438,1.07369,1.07417,1143,15,0
2020-01-20 22:00:00,1.07417,1.07443,1.07403,1.07412,1536,15,0
2020-01-21 00:00:00,1.07428,1.07453,1.07393,1.0745,878,15,0
2020-01-21 02:00:00,1.07449,1.07451,1.07322,1.07332,2207,15,0
2020-01-21 04:00:00,1.07332,1.07394,1.07318,1.07374,1637,15,0
2020-01-21 06:00:00,1.07375,1.07412,1.0734,1.07376,1152,15,0
2020-01-21 08:00:00,1.07376,1.07411,1.07323,1.07331,2262,15,0
2020-01-21 10:00:00,1.07332,1.07428,1.07301,1.07369,4582,15,0
2020-01-21 12:00:00,1.0737,1.07482,1.07359,1.07448,3821,15,0
2020-01-21 14:00:00,1.07447,1.07502,1.07401,1.07452,3547,15,0
2020-01-21 16:00:00,1.07452,1.07504,1.07335,1.07383,4564,15,0
2020-01-21 18:00:00,1.07383,1.07455,1.07354,1.07392,2808,15,0
2020-01-21 20:00:00,1.07392,1.07415,1.07333,1.07394,2900,15,0
2020-01-21 22:00:00,1.07393,1.07408,1.07332,1.07343,2014,15,0
2020-01-22 00:00:00,1.07341,1.07393,1.07315,1.0739,682,15,0
2020-01-22 02:00:00,1.07391,1.07451,1.07382,1.0743,1586,15,0
2020-01-22 04:00:00,1.0743,1.07481,1.0741,1.07475,1897,15,0
2020-01-22 06:00:00,1.07476,1.07489,1.07442,1.07483,1105,15,0
2020-01-22 08:00:00,1.07484,1.07844,1.07437,1.07738,2998,15,0
2020-01-22 10:00:00,1.07737,1.0787,1.07545,1.07725,4797,15,0
2020-01-22 12:00:00,1.07725,1.07733,1.07618,1.07633,3507,15,0
2020-01-22 14:00:00,1.07633,1.0765,1.07524,1.07533,4344,15,0
2020-01-22 16:00:00,1.07533,1.07557,1.07368,1.07432,6174,15,0
2020-01-22 18:00:00,1.07431,1.07494,1.07401,1.07426,3247,15,0
2020-01-22 20:00:00,1.07426,1.07437,1.07387,1.074,1996,15,0
2020-01-22 22:00:00,1.07399,1.07401,1.0734,1.07349,1494,15,0
2020-01-23 00:00:00,1.07347,1.07377,1.07333,1.07336,808,15,0
2020-01-23 02:00:00,1.07337,1.07369,1.07301,1.07319,2166,15,0
2020-01-23 04:00:00,1.07317,1.07367,1.07299,1.073,962,15,0
2020-01-23 06:00:00,1.073,1.07342,1.07292,1.0733,1228,15,0
2020-01-23 08:00:00,1.07331,1.0741,1.07292,1.0737,2053,15,0
2020-01-23 10:00:00,1.0737,1.07427,1.07291,1.07398,4406,15,0
2020-01-23 12:00:00,1.07397,1.07463,1.07388,1.07403,2687,15,0
2020-01-23 14:00:00,1.07402,1.07434,1.07222,1.07227,5824,15,0
2020-01-23 16:00:00,1.07229,1.07232,1.07041,1.07049,10432,15,0
2020-01-23 18:00:00,1.07048,1.07133,1.07013,1.07096,3804,15,0
2020-01-23 20:00:00,1.07097,1.0721,1.07095,1.07179,2374,15,0
2020-01-23 22:00:00,1.07179,1.07185,1.07097,1.07098,1448,15,0
2020-01-24 00:00:00,1.0708,1.07198,1.07064,1.07185,927,15,0
2020-01-24 02:00:00,1.07185,1.07192,1.0715,1.07171,836,15,0
2020-01-24 04:00:00,1.07171,1.07203,1.07132,1.07145,960,15,0
2020-01-24 06:00:00,1.07145,1.07176,1.07141,1.07172,528,15,0
2020-01-24 08:00:00,1.07171,1.07214,1.07143,1.07144,1660,15,0
2020-01-24 10:00:00,1.07144,1.07223,1.07107,1.07128,6515,15,0
2020-01-24 12:00:00,1.07129,1.07148,1.07065,1.07129,3140,15,0
2020-01-24 14:00:00,1.07129,1.07187,1.07031,1.07035,2803,15,0
2020-01-24 16:00:00,1.07036,1.07077,1.07001,1.07021,6349,15,0
2020-01-24 18:00:00,1.07022,1.07109,1.07008,1.0704,3487,15,0
2020-01-24 20:00:00,1.07037,1.07078,1.07015,1.07066,2111,15,0
2020-01-24 22:00:00,1.07065,1.07105,1.07018,1.07018,1599,15,0
2020-01-27 00:00:00,1.07022,1.0706,1.06926,1.06941,4998,15,0
2020-01-27 02:00:00,1.06943,1.07083,1.06943,1.07072,1791,15,0
2020-01-27 04:00:00,1.07073,1.0709,1.07021,1.07069,901,15,0
2020-01-27 06:00:00,1.07069,1.07075,1.07029,1.07061,704,15,0
2020-01-27 08:00:00,1.0706,1.07162,1.0704,1.07076,2320,15,0
2020-01-27 10:00:00,1.07077,1.07158,1.06909,1.06916,5639,15,0
2020-01-27 12:00:00,1.06916,1.06971,1.06823,1.06857,3882,15,0
2020-01-27 14:00:00,1.06858,1.0694,1.06818,1.06831,3574,15,0
2020-01-27 16:00:00,1.06832,1.0685,1.06759,1.06783,6748,15,0
2020-01-27 18:00:00,1.06782,1.06888,1.06775,1.06877,3650,15,0
2020-01-27 20:00:00,1.06878,1.06906,1.06796,1.06809,1822,15,0
2020-01-27 22:00:00,1.06808,1.06838,1.06781,1.06816,1377,15,0
2020-01-28 00:00:00,1.06817,1.06888,1.06763,1.06869,1794,15,0
2020-01-28 02:00:00,1.0687,1.0695,1.06856,1.0692,1313,15,0
2020-01-28 04:00:00,1.06921,1.06946,1.06898,1.06945,761,15,0
2020-01-28 06:00:00,1.06946,1.06967,1.06938,1.06963,502,15,0
2020-01-28 08:00:00,1.06962,1.06985,1.06914,1.06971,1805,15,0
2020-01-28 10:00:00,1.0697,1.0697,1.06643,1.06722,5182,15,0
2020-01-28 12:00:00,1.06722,1.06901,1.06714,1.06895,2830,15,0
2020-01-28 14:00:00,1.06894,1.0712,1.06827,1.07069,4575,15,0
2020-01-28 16:00:00,1.07069,1.0714,1.06961,1.07106,4726,15,0
2020-01-28 18:00:00,1.07106,1.07217,1.07095,1.07164,2862,15,0
2020-01-28 20:00:00,1.07164,1.07225,1.07144,1.07197,1716,15,0
2020-01-28 22:00:00,1.07197,1.07257,1.07181,1.07232,1385,15,0
2020-01-29 00:00:00,1.07231,1.07247,1.07204,1.0723,1106,15,0
2020-01-29 02:00:00,1.0723,1.07308,1.07227,1.07291,1790,15,0
2020-01-29 04:00:00,1.0729,1.07315,1.07265,1.07294,1247,15,0
2020-01-29 06:00:00,1.07295,1.07309,1.07263,1.07265,822,15,0
2020-01-29 08:00:00,1.07265,1.07286,1.07133,1.07152,2006,15,0
2020-01-29 10:00:00,1.07151,1.07242,1.07093,1.07241,3848,15,0
2020-01-29 12:00:00,1.07241,1.07281,1.07184,1.07257,2587,15,0
2020-01-29 14:00:00,1.07257,1.07311,1.07222,1.07294,2789,15,0
2020-01-29 16:00:00,1.07294,1.07369,1.07206,1.07232,5097,15,0
2020-01-29 18:00:00,1.07232,1.07304,1.07207,1.07258,2877,15,0
2020-01-29 20:00:00,1.07258,1.07264,1.07179,1.0723,2947,15,0
2020-01-29 22:00:00,1.0723,1.07238,1.07137,1.07142,2876,15,0
2020-01-30 00:00:00,1.07147,1.07222,1.07131,1.07182,1826,15,0
2020-01-30 02:00:00,1.07182,1.07195,1.07118,1.07123,1154,15,0
2020-01-30 04:00:00,1.07124,1.07135,1.0706,1.07076,2964,15,0
2020-01-30 06:00:00,1.07077,1.07124,1.07039,1.07063,902,15,0
2020-01-30 08:00:00,1.07063,1.07084,1.06949,1.07043,2857,15,0
2020-01-30 10:00:00,1.07039,1.07041,1.06897,1.06948,4209,15,0
2020-01-30 12:00:00,1.06949,1.07021,1.06913,1.06954,2617,15,0
2020-01-30 14:00:00,1.06957,1.07021,1.06852,1.06887,5401,15,0
2020-01-30 16:00:00,1.06887,1.07012,1.06805,1.06851,6903,15,0
2020-01-30 18:00:00,1.0685,1.06937,1.06839,1.06877,4673,15,0
2020-01-30 20:00:00,1.06878,1.06984,1.06858,1.0692,5196,15,0
2020-01-30 22:00:00,1.0692,1.07014,1.06907,1.06919,3815,15,0
2020-01-31 00:00:00,1.06913,1.06982,1.06878,1.06916,1584,15,0
2020-01-31 02:00:00,1.06916,1.07037,1.06916,1.06957,1860,15,0
2020-01-31 04:00:00,1.06957,1.06996,1.06942,1.06994,1968,15,0
2020-01-31 06:00:00,1.06995,1.07015,1.06975,1.06997,1968,15,0
2020-01-31 08:00:00,1.06997,1.07056,1.06978,1.07001,2283,15,0
2020-01-31 10:00:00,1.06999,1.0704,1.06952,1.06986,3640,15,0
2020-01-31 12:00:00,1.06987,1.06992,1.0684,1.06911,3951,15,0
2020-01-31 14:00:00,1.0691,1.07022,1.06836,1.06851,4747,15,0
2020-01-31 16:00:00,1.06851,1.06931,1.0676,1.06855,7360,15,0
2020-01-31 18:00:00,1.06856,1.06915,1.06764,1.06821,6929,15,0
2020-01-31 20:00:00,1.0682,1.0687,1.06767,1.06821,4081,15,0
2020-01-31 22:00:00,1.0682,1.06898,1.06793,1.06823,3673,15,0
2020-02-03 00:00:00,1.06861,1.06865,1.06774,1.06827,2977,15,0
2020-02-03 02:00:00,1.06826,1.06907,1.06811,1.06887,3143,15,0
2020-02-03 04:00:00,1.06887,1.06896,1.06784,1.06804,2042,15,0
2020-02-03 06:00:00,1.06805,1.06812,1.06762,1.06767,810,15,0
2020-02-03 08:00:00,1.06766,1.06926,1.06746,1.06815,3186,15,0
2020-02-03 10:00:00,1.06818,1.06858,1.06696,1.06746,5235,15,0
2020-02-03 12:00:00,1.06747,1.06763,1.06681,1.06698,3711,15,0
2020-02-03 14:00:00,1.06698,1.06748,1.06628,1.06655,2464,15,0
2020-02-03 16:00:00,1.06654,1.06807,1.0663,1.06791,6549,15,0
2020-02-03 18:00:00,1.0679,1.0687,1.06745,1.06824,4731,15,0
2020-02-03 20:00:00,1.06823,1.06889,1.06815,1.06869,2619,15,0
2020-02-03 22:00:00,1.0687,1.06882,1.06782,1.06792,2120,15,0
2020-02-04 00:00:00,1.06795,1.06847,1.06779,1.06838,1439,15,0
2020-02-04 02:00:00,1.06839,1.06944,1.06813,1.06926,1522,15,0
2020-02-04 04:00:00,1.06928,1.06943,1.06883,1.06898,2455,15,0
2020-02-04 06:00:00,1.06899,1.06981,1.06886,1.06951,1001,15,0
2020-02-04 08:00:00,1.0695,1.07058,1.06923,1.07008,3231,15,0
2020-02-04 10:00:00,1.07007,1.07165,1.07004,1.07074,6007,15,0
2020-02-04 12:00:00,1.07076,1.07115,1.06992,1.07051,2840,15,0
2020-02-04 14:00:00,1.07051,1.0708,1.06983,1.0705,3291,15,0
2020-02-04 16:00:00,1.0705,1.07098,1.06993,1.07045,5333,15,0
2020-02-04 18:00:00,1.07046,1.07093,1.07006,1.07024,3680,15,0
2020-02-04 20:00:00,1.07024,1.07095,1.07021,1.07061,1800,15,0
2020-02-04 22:00:00,1.07061,1.07064,1.06999,1.07006,1632,15,0
2020-02-05 00:00:00,1.07005,1.07059,1.06972,1.07049,728,15,0
2020-02-05 02:00:00,1.0705,1.07063,1.07,1.07051,1583,15,0
2020-02-05 04:00:00,1.0705,1.07051,1.06959,1.0697,1492,15,0
2020-02-05 06:00:00,1.06969,1.07016,1.06935,1.0695,1264,15,0
2020-02-05 08:00:00,1.06951,1.06996,1.069,1.06906,1953,15,0
2020-02-05 10:00:00,1.06905,1.07237,1.06897,1.0723,8990,15,0
2020-02-05 12:00:00,1.07229,1.07272,1.07067,1.07074,5221,15,0
2020-02-05 14:00:00,1.07074,1.0722,1.07053,1.07147,4465,15,0
2020-02-05 16:00:00,1.07148,1.07222,1.06987,1.07055,7320,15,0
2020-02-05 18:00:00,1.07054,1.07093,1.06968,1.07066,3317,15,0
2020-02-05 20:00:00,1.07065,1.0709,1.07032,1.07079,1750,15,0
2020-02-05 22:00:00,1.07078,1.07088,1.07036,1.07059,1581,15,0
2020-02-06 00:00:00,1.07061,1.07088,1.07057,1.07074,539,15,0
2020-02-06 02:00:00,1.07073,1.0713,1.07048,1.0705,1994,15,0
2020-02-06 04:00:00,1.07052,1.07115,1.07047,1.07108,1400,15,0
2020-02-06 06:00:00,1.07108,1.07162,1.07099,1.07129,1706,15,0
2020-02-06 08:00:00,1.07129,1.07185,1.07054,1.07158,2808,15,0
2020-02-06 10:00:00,1.07157,1.0723,1.07102,1.07189,5559,15,0
2020-02-06 12:00:00,1.07189,1.07215,1.07095,1.07197,3031,15,0
2020-02-06 14:00:00,1.07197,1.07218,1.07123,1.07167,2878,15,0
2020-02-06 16:00:00,1.07167,1.07236,1.0695,1.06996,6502,15,0
2020-02-06 18:00:00,1.06996,1.07095,1.06991,1.07024,4424,15,0
2020-02-06 20:00:00,1.07024,1.07072,1.0701,1.07055,1530,15,0
2020-02-06 22:00:00,1.07055,1.07061,1.07006,1.07028,1636,15,0
2020-02-07 00:00:00,1.07029,1.07054,1.06987,1.0702,846,15,0
2020-02-07 02:00:00,1.07021,1.0704,1.0695,1.06993,2126,15,0
2020-02-07 04:00:00,1.06992,1.07019,1.0698,1.07012,1302,15,0
2020-02-07 06:00:00,1.07011,1.07024,1.06947,1.07001,1411,15,0
2020-02-07 08:00:00,1.07002,1.07071,1.06954,1.06991,3093,15,0
2020-02-07 10:00:00,1.06993,1.07059,1.06899,1.06899,5789,15,0
2020-02-07 12:00:00,1.069,1.07016,1.06788,1.06958,4472,15,0
2020-02-07 14:00:00,1.06958,1.07088,1.06949,1.06983,4918,15,0
2020-02-07 16:00:00,1.06984,1.07092,1.06847,1.07032,7960,15,0
2020-02-07 18:00:00,1.07031,1.07097,1.06972,1.06976,3588,15,0
2020-02-07 20:00:00,1.06975,1.07015,1.06943,1.06971,2105,15,0
2020-02-07 22:00:00,1.06971,1.07016,1.06958,1.06968,1411,15,0
2020-02-10 00:00:00,1.06966,1.07007,1.06902,1.06927,1708,15,0
2020-02-10 02:00:00,1.06926,1.07036,1.0692,1.07015,2144,15,0
2020-02-10 04:00:00,1.07016,1.07127,1.07,1.0702,2155,15,0
2020-02-10 06:00:00,1.0702,1.07051,1.06983,1.07047,1279,15,0
2020-02-10 08:00:00,1.07046,1.07116,1.06985,1.06999,2928,15,0
2020-02-10 10:00:00,1.07,1.07086,1.06955,1.0703,4728,15,0
2020-02-10 12:00:00,1.0703,1.07071,1.07006,1.07059,4266,15,0
2020-02-10 14:00:00,1.07057,1.07093,1.06882,1.06908,4761,15,0
2020-02-10 16:00:00,1.06907,1.06912,1.06705,1.06733,6010,15,0
2020-02-10 18:00:00,1.0673,1.06746,1.06633,1.06643,3992,15,0
2020-02-10 20:00:00,1.06642,1.06655,1.06596,1.06623,2039,15,0
2020-02-10 22:00:00,1.06624,1.0665,1.06601,1.06611,1907,15,0
2020-02-11 00:00:00,1.06605,1.06646,1.06596,1.06631,885,17,0
2020-02-11 02:00:00,1.06629,1.06729,1.06618,1.06722,1781,15,0
2020-02-11 04:00:00,1.06721,1.06781,1.06719,1.06758,1536,15,0
2020-02-11 06:00:00,1.06759,1.06779,1.06715,1.06777,1752,15,0
2020-02-11 08:00:00,1.06776,1.06787,1.06668,1.06717,2586,15,0
2020-02-11 10:00:00,1.06717,1.06747,1.06553,1.0665,4426,15,0
2020-02-11 12:00:00,1.06651,1.06757,1.06606,1.06703,3037,15,0
2020-02-11 14:00:00,1.06704,1.06747,1.06602,1.06693,4493,15,0
2020-02-11 16:00:00,1.06694,1.0677,1.06644,1.06655,6460,15,0
2020-02-11 18:00:00,1.06657,1.06675,1.06515,1.06544,4099,15,0
2020-02-11 20:00:00,1.06545,1.06569,1.06482,1.06527,2650,15,0
2020-02-11 22:00:00,1.06526,1.06527,1.0649,1.06507,1417,15,0
2020-02-12 00:00:00,1.06507,1.0654,1.06484,1.06536,1132,15,0
2020-02-12 02:00:00,1.06536,1.06553,1.06457,1.06469,2308,15,0
2020-02-12 04:00:00,1.06468,1.0648,1.06442,1.06447,1581,15,0
2020-02-12 06:00:00,1.06448,1.06463,1.0642,1.06453,1042,15,0
2020-02-12 08:00:00,1.06453,1.06539,1.06412,1.06513,2082,15,0
2020-02-12 10:00:00,1.06511,1.06617,1.06376,1.06416,5406,15,0
2020-02-12 12:00:00,1.06415,1.06462,1.06332,1.06363,4161,15,0
2020-02-12 14:00:00,1.06362,1.06452,1.06357,1.06403,3599,15,0
2020-02-12 16:00:00,1.06402,1.06447,1.06343,1.06388,5929,15,0
2020-02-12 18:00:00,1.06387,1.06448,1.0633,1.06372,4497,15,0
2020-02-12 20:00:00,1.06372,1.06372,1.06303,1.06307,3210,15,0
2020-02-12 22:00:00,1.06309,1.0637,1.06304,1.06344,2456,15,0
2020-02-13 00:00:00,1.06343,1.06383,1.06299,1.06322,1893,15,0
2020-02-13 02:00:00,1.06321,1.06368,1.06277,1.06348,2665,15,0
2020-02-13 04:00:00,1.06349,1.06353,1.06285,1.06297,2302,15,0
2020-02-13 06:00:00,1.06298,1.06311,1.06267,1.06278,1445,15,0
2020-02-13 08:00:00,1.06277,1.06306,1.06211,1.06255,3356,15,0
2020-02-13 10:00:00,1.06255,1.06361,1.06251,1.06257,4244,15,0
2020-02-13 12:00:00,1.06258,1.06343,1.06213,1.06265,4706,15,0
2020-02-13 14:00:00,1.06264,1.06343,1.06175,1.06259,4789,15,0
2020-02-13 16:00:00,1.06259,1.06267,1.06089,1.06132,7599,15,0
2020-02-13 18:00:00,1.06132,1.06202,1.06093,1.06099,3510,15,0
2020-02-13 20:00:00,1.06099,1.06173,1.06089,1.06167,2271,15,0
2020-02-13 22:00:00,1.06168,1.06183,1.06139,1.06158,2140,15,0
2020-02-14 00:00:00,1.0616,1.0616,1.06112,1.06133,1469,15,0
2020-02-14 02:00:00,1.06135,1.06172,1.06079,1.06163,2414,15,0
2020-02-14 04:00:00,1.06162,1.06206,1.06149,1.06151,1685,15,0
2020-02-14 06:00:00,1.0615,1.06203,1.06145,1.0619,1166,15,0
2020-02-14 08:00:00,1.06188,1.06286,1.06158,1.06279,2099,15,0
2020-02-14 10:00:00,1.0628,1.06397,1.06194,1.06384,3144,15,0
2020-02-14 12:00:00,1.06384,1.06414,1.0628,1.06379,3040,15,0
2020-02-14 14:00:00,1.0638,1.06439,1.06334,1.06426,4408,15,0
2020-02-14 16:00:00,1.06427,1.06497,1.06391,1.06441,3947,15,0
2020-02-14 18:00:00,1.06442,1.06469,1.06355,1.06415,3397,15,0
2020-02-14 20:00:00,1.06416,1.06442,1.06371,1.06421,1863,15,0
2020-02-14 22:00:00,1.0642,1.06426,1.06337,1.06371,2090,15,0
2020-02-17 00:00:00,1.06391,1.06436,1.06332,1.06426,1947,16,0
2020-02-17 02:00:00,1.06425,1.06439,1.06358,1.06435,2008,15,0
2020-02-17 04:00:00,1.06434,1.06497,1.06417,1.06458,1354,15,0
2020-02-17 06:00:00,1.06458,1.06481,1.06444,1.06465,1269,15,0
2020-02-17 08:00:00,1.06465,1.0647,1.06383,1.06443,1510,15,0
2020-02-17 10:00:00,1.06445,1.06491,1.06374,1.06453,2754,15,0
2020-02-17 12:00:00,1.06454,1.06497,1.06398,1.0642,2256,15,0
2020-02-17 14:00:00,1.06421,1.06437,1.06354,1.06366,1908,15,0
2020-02-17 16:00:00,1.06366,1.06393,1.06322,1.06324,1788,15,0
2020-02-17 18:00:00,1.06324,1.06339,1.06269,1.0628,1500,15,0
2020-02-17 20:00:00,1.06281,1.06294,1.06262,1.06269,1442,15,0
2020-02-17 22:00:00,1.0627,1.06289,1.06248,1.06248,1126,15,0
2020-02-18 00:00:00,1.06248,1.06285,1.06229,1.06271,829,17,0
2020-02-18 02:00:00,1.06272,1.06272,1.06212,1.06235,2622,15,0
2020-02-18 04:00:00,1.06238,1.0624,1.06182,1.06197,2664,15,0
2020-02-18 06:00:00,1.06198,1.06206,1.06179,1.06195,960,15,0
2020-02-18 08:00:00,1.06193,1.06226,1.06152,1.06177,3051,15,0
2020-02-18 10:00:00,1.06178,1.06225,1.06137,1.06196,4800,15,0
2020-02-18 12:00:00,1.06193,1.06283,1.06139,1.06174,4264,15,0
2020-02-18 14:00:00,1.06173,1.06217,1.06108,1.06151,4740,15,0
2020-02-18 16:00:00,1.06152,1.06286,1.06113,1.0623,5653,15,0
2020-02-18 18:00:00,1.06228,1.06228,1.06103,1.06128,2758,15,0
2020-02-18 20:00:00,1.06129,1.06133,1.06096,1.06096,2369,15,0
2020-02-18 22:00:00,1.06098,1.0611,1.06082,1.06083,1742,15,0
2020-02-19 00:00:00,1.06072,1.06147,1.06059,1.06131,1275,15,0
2020-02-19 02:00:00,1.06132,1.06165,1.06113,1.06149,1700,15,0
2020-02-19 04:00:00,1.0615,1.06212,1.06132,1.06183,1423,15,0
2020-02-19 06:00:00,1.06183,1.06193,1.06131,1.06136,1253,15,0
2020-02-19 08:00:00,1.06136,1.06213,1.06109,1.06162,2024,15,0
2020-02-19 10:00:00,1.06161,1.06286,1.06135,1.0625,4559,15,0
2020-02-19 12:00:00,1.06249,1.06268,1.06153,1.06196,4142,15,0
2020-02-19 14:00:00,1.06196,1.0622,1.06147,1.06149,4597,15,0
2020-02-19 16:00:00,1.06149,1.06181,1.06116,1.06118,6193,15,0
2020-02-19 18:00:00,1.06117,1.06212,1.06109,1.06194,4476,15,0
2020-02-19 20:00:00,1.06194,1.06293,1.06178,1.06272,2482,15,0
2020-02-19 22:00:00,1.06271,1.06339,1.06263,1.06313,2274,15,0
2020-02-20 00:00:00,1.06312,1.06337,1.06247,1.06324,1315,15,0
2020-02-20 02:00:00,1.06326,1.06331,1.06152,1.06161,4135,15,0
2020-02-20 04:00:00,1.06162,1.06232,1.06113,1.06205,3918,15,0
2020-02-20 06:00:00,1.06204,1.06244,1.0618,1.0619,1803,15,0
2020-02-20 08:00:00,1.06191,1.06209,1.06112,1.06121,4253,15,0
2020-02-20 10:00:00,1.06121,1.06187,1.06099,1.06146,5382,15,0
2020-02-20 12:00:00,1.06146,1.06149,1.06057,1.06089,4496,15,0
2020-02-20 14:00:00,1.06089,1.0621,1.06089,1.06208,4813,15,0
2020-02-20 16:00:00,1.06207,1.06285,1.06112,1.06128,6390,15,0
2020-02-20 18:00:00,1.06128,1.06193,1.06066,1.06141,7511,15,0
2020-02-20 20:00:00,1.06139,1.06209,1.06133,1.0617,2927,15,0
2020-02-20 22:00:00,1.06171,1.06177,1.06109,1.06125,2364,15,0
2020-02-21 00:00:00,1.06114,1.0617,1.06113,1.06125,1678,15,0
2020-02-21 02:00:00,1.06125,1.06156,1.06118,1.06132,2103,15,0
2020-02-21 04:00:00,1.06132,1.06137,1.06096,1.06131,1871,15,0
2020-02-21 06:00:00,1.06129,1.06138,1.06086,1.06089,1255,15,0
2020-02-21 08:00:00,1.0609,1.06137,1.06079,1.06082,3053,15,0
2020-02-21 10:00:00,1.06081,1.06213,1.06058,1.06096,8649,15,0
2020-02-21 12:00:00,1.06094,1.06113,1.06067,1.0608,5046,15,0
2020-02-21 14:00:00,1.06079,1.06122,1.06065,1.06086,4923,15,0
2020-02-21 16:00:00,1.06086,1.06191,1.06051,1.06169,10118,15,0
2020-02-21 18:00:00,1.06168,1.06234,1.0614,1.06177,4857,15,0
2020-02-21 20:00:00,1.06177,1.06187,1.06127,1.06164,3091,15,0
2020-02-21 22:00:00,1.06163,1.06165,1.06094,1.06094,2487,15,0
2020-02-24 00:00:00,1.06068,1.06103,1.06056,1.06092,2947,15,0
2020-02-24 02:00:00,1.06094,1.06135,1.06064,1.06087,2908,15,0
2020-02-24 04:00:00,1.06088,1.06128,1.06059,1.06121,1824,15,0
2020-02-24 06:00:00,1.06121,1.06132,1.0606,1.06062,1064,15,0
2020-02-24 08:00:00,1.06062,1.06112,1.06051,1.06093,4065,15,0
2020-02-24 10:00:00,1.06092,1.06114,1.06055,1.06096,10735,15,0
2020-02-24 12:00:00,1.06097,1.06131,1.06047,1.06068,5710,15,0
2020-02-24 14:00:00,1.06068,1.06084,1.05913,1.05937,6572,15,0
2020-02-24 16:00:00,1.05937,1.06168,1.05892,1.06149,11004,15,0
2020-02-24 18:00:00,1.06148,1.06229,1.06071,1.06185,8081,15,0
2020-02-24 20:00:00,1.06184,1.06234,1.06176,1.06227,6282,15,0
2020-02-24 22:00:00,1.06227,1.06253,1.06177,1.06226,4293,15,0
2020-02-25 00:00:00,1.06226,1.06309,1.06203,1.06302,2450,15,0
2020-02-25 02:00:00,1.06301,1.06344,1.06268,1.06282,2816,15,0
2020-02-25 04:00:00,1.06283,1.06326,1.06267,1.06319,2469,15,0
2020-02-25 06:00:00,1.06319,1.06319,1.0627,1.06288,1198,15,0
2020-02-25 08:00:00,1.0629,1.06332,1.06225,1.06238,3828,15,0
2020-02-25 10:00:00,1.06238,1.063,1.06053,1.06055,8593,15,0
2020-02-25 12:00:00,1.06056,1.06072,1.05948,1.05957,6720,15,0
2020-02-25 14:00:00,1.05959,1.06081,1.05953,1.05959,5414,15,0
2020-02-25 16:00:00,1.05958,1.06105,1.05928,1.06097,11036,15,0
2020-02-25 18:00:00,1.06096,1.06181,1.06048,1.06135,9291,15,0
2020-02-25 20:00:00,1.06135,1.0621,1.06094,1.06193,8167,15,0
2020-02-25 22:00:00,1.06193,1.06229,1.06158,1.06193,5090,15,0
2020-02-26 00:00:00,1.06194,1.06196,1.06123,1.06192,1962,17,0
2020-02-26 02:00:00,1.06192,1.06202,1.06043,1.06119,3197,15,0
2020-02-26 04:00:00,1.06119,1.06225,1.06102,1.06213,3517,15,0
2020-02-26 06:00:00,1.06214,1.06219,1.06154,1.06197,2368,15,0
2020-02-26 08:00:00,1.06196,1.06197,1.06056,1.06101,5751,15,0
2020-02-26 10:00:00,1.06101,1.0615,1.05987,1.06076,9865,15,0
2020-02-26 12:00:00,1.06077,1.06139,1.06038,1.06109,6636,15,0
2020-02-26 14:00:00,1.06109,1.06221,1.0602,1.06066,8967,15,0
2020-02-26 16:00:00,1.06066,1.06204,1.06007,1.06196,9210,15,0
2020-02-26 18:00:00,1.06197,1.06341,1.06195,1.06295,6842,15,0
2020-02-26 20:00:00,1.06295,1.0636,1.06254,1.06282,8545,15,0
2020-02-26 22:00:00,1.06282,1.06327,1.06255,1.0628,4072,15,0
2020-02-27 00:00:00,1.06278,1.0631,1.06241,1.06295,1066,15,0
2020-02-27 02:00:00,1.06295,1.06329,1.06213,1.06257,4940,15,0
2020-02-27 04:00:00,1.06257,1.06273,1.06191,1.06228,2346,15,0
2020-02-27 06:00:00,1.06228,1.06245,1.06171,1.06174,2828,15,0
2020-02-27 08:00:00,1.06173,1.06328,1.06158,1.0629,5036,15,0
2020-02-27 10:00:00,1.06289,1.06421,1.06218,1.06286,9694,15,0
2020-02-27 12:00:00,1.06284,1.06376,1.06211,1.06227,7082,15,0
2020-02-27 14:00:00,1.06229,1.06332,1.06183,1.0631,8463,15,0
2020-02-27 16:00:00,1.06312,1.06618,1.06258,1.06564,13378,15,0
2020-02-27 18:00:00,1.06565,1.06692,1.06489,1.06662,11592,15,0
2020-02-27 20:00:00,1.06663,1.0671,1.06566,1.06567,10381,15,0
2020-02-27 22:00:00,1.06566,1.06638,1.06395,1.06395,6379,15,0
2020-02-28 00:00:00,1.0643,1.06571,1.06414,1.0653,2928,15,0
2020-02-28 02:00:00,1.06531,1.06584,1.064,1.06468,3818,15,0
2020-02-28 04:00:00,1.06467,1.06513,1.06352,1.06477,4370,15,0
2020-02-28 06:00:00,1.06478,1.06512,1.06358,1.06412,5421,15,0
2020-02-28 08:00:00,1.06413,1.06436,1.06304,1.06339,8341,15,0
2020-02-28 10:00:00,1.06339,1.06471,1.06152,1.06424,15017,15,0
2020-02-28 12:00:00,1.06424,1.06474,1.06168,1.0619,11057,15,0
2020-02-28 14:00:00,1.0619,1.0623,1.05987,1.06061,10941,15,0
2020-02-28 16:00:00,1.06061,1.06409,1.05846,1.06355,15780,15,0
2020-02-28 18:00:00,1.06356,1.06568,1.063,1.06523,13835,15,0
2020-02-28 20:00:00,1.06523,1.06556,1.06365,1.06501,10415,15,0
2020-02-28 22:00:00,1.06501,1.06534,1.06374,1.0641,7857,15,0
2020-03-02 00:00:00,1.06365,1.06567,1.06316,1.06525,3873,15,0
2020-03-02 02:00:00,1.06526,1.06639,1.06415,1.06505,5824,15,0
2020-03-02 04:00:00,1.06506,1.0667,1.06477,1.06538,4702,15,0
2020-03-02 06:00:00,1.06537,1.06557,1.0646,1.06528,2858,15,0
2020-03-02 08:00:00,1.06528,1.06825,1.06485,1.06758,7610,15,0
2020-03-02 10:00:00,1.06757,1.07055,1.06537,1.06571,12786,15,0
2020-03-02 12:00:00,1.06571,1.06611,1.06321,1.06359,10353,15,0
2020-03-02 14:00:00,1.06359,1.06614,1.06296,1.06399,13361,15,0
2020-03-02 16:00:00,1.06402,1.06857,1.06332,1.06821,16575,15,0
2020-03-02 18:00:00,1.06821,1.07036,1.06742,1.06919,12066,15,0
2020-03-02 20:00:00,1.06919,1.0694,1.06732,1.06858,5025,15,0
2020-03-02 22:00:00,1.06859,1.06953,1.06728,1.06759,5357,15,0
2020-03-03 00:00:00,1.06775,1.06859,1.06663,1.06796,2462,15,0
2020-03-03 02:00:00,1.06796,1.06812,1.06608,1.06647,3614,15,0
2020-03-03 04:00:00,1.06649,1.06793,1.06641,1.06718,3507,15,0
2020-03-03 06:00:00,1.06717,1.06801,1.06696,1.06772,4907,15,0
2020-03-03 08:00:00,1.0677,1.0681,1.06551,1.06604,6351,15,0
2020-03-03 10:00:00,1.06603,1.0664,1.06367,1.06502,9587,15,0
2020-03-03 12:00:00,1.06504,1.06556,1.0635,1.06448,7322,15,0
2020-03-03 14:00:00,1.06447,1.06527,1.06293,1.06415,12974,15,0
2020-03-03 16:00:00,1.06414,1.06862,1.06386,1.06816,20374,15,0
2020-03-03 18:00:00,1.06816,1.06948,1.06626,1.06889,15121,15,0
2020-03-03 20:00:00,1.06891,1.07091,1.06876,1.06978,12758,15,0
2020-03-03 22:00:00,1.06978,1.06987,1.06775,1.06799,7331,15,0
2020-03-04 00:00:00,1.06798,1.06864,1.06776,1.06814,1890,15,0
2020-03-04 02:00:00,1.06814,1.06888,1.06781,1.068,3360,15,0
2020-03-04 04:00:00,1.068,1.06851,1.06779,1.06804,2794,15,0
2020-03-04 06:00:00,1.06805,1.06816,1.06771,1.06774,1546,15,0
2020-03-04 08:00:00,1.06774,1.07032,1.06763,1.06853,5612,15,0
2020-03-04 10:00:00,1.06855,1.06857,1.06446,1.06454,9391,15,0
2020-03-04 12:00:00,1.06455,1.06654,1.06376,1.06572,7816,15,0
2020-03-04 14:00:00,1.06572,1.06607,1.06414,1.06434,7305,15,0
2020-03-04 16:00:00,1.06434,1.06458,1.06197,1.06425,12025,15,0
2020-03-04 18:00:00,1.06426,1.06479,1.06305,1.06372,7394,15,0
2020-03-04 20:00:00,1.06372,1.0661,1.06372,1.06486,4449,15,0
2020-03-04 22:00:00,1.06486,1.06569,1.06473,1.06516,2923,15,0
2020-03-05 00:00:00,1.06449,1.06576,1.06439,1.06547,1217,15,0
2020-03-05 02:00:00,1.06549,1.0655,1.06449,1.06462,2194,15,0
2020-03-05 04:00:00,1.06462,1.06559,1.06459,1.06477,1368,15,0
2020-03-05 06:00:00,1.06476,1.06539,1.0647,1.06514,938,15,0
2020-03-05 08:00:00,1.06513,1.06522,1.06418,1.06438,2854,15,0
2020-03-05 10:00:00,1.06438,1.06498,1.06342,1.0644,9012,15,0
2020-03-05 12:00:00,1.06439,1.0654,1.06375,1.06538,8428,15,0
2020-03-05 14:00:00,1.06539,1.06749,1.06454,1.06514,9264,15,0
2020-03-05 16:00:00,1.06514,1.06523,1.06304,1.06336,10343,15,0
2020-03-05 18:00:00,1.06335,1.06361,1.06158,1.06247,8628,15,0
2020-03-05 20:00:00,1.06245,1.06281,1.06202,1.06236,5425,15,0
2020-03-05 22:00:00,1.06237,1.0629,1.0618,1.06236,6300,15,0
2020-03-06 00:00:00,1.06228,1.06241,1.06144,1.06148,2406,15,0
2020-03-06 02:00:00,1.06148,1.06189,1.06118,1.06164,4381,15,0
2020-03-06 04:00:00,1.06161,1.06178,1.06073,1.06085,3572,15,0
2020-03-06 06:00:00,1.06084,1.06126,1.06055,1.0607,2681,15,0
2020-03-06 08:00:00,1.0607,1.06169,1.06012,1.06022,7888,15,0
2020-03-06 10:00:00,1.06021,1.06152,1.0594,1.06023,15807,15,0
2020-03-06 12:00:00,1.06024,1.06125,1.05902,1.05974,18015,15,0
2020-03-06 14:00:00,1.05973,1.05983,1.058,1.05843,13813,15,0
2020-03-06 16:00:00,1.05841,1.06083,1.05745,1.06044,23771,15,0
2020-03-06 18:00:00,1.06043,1.06099,1.05864,1.06016,11388,15,0
2020-03-06 20:00:00,1.06016,1.06059,1.05959,1.05991,9162,15,0
2020-03-06 22:00:00,1.0599,1.06139,1.05761,1.05816,9283,15,0
2020-03-09 00:00:00,1.05814,1.05854,1.05583,1.05596,10353,15,0
2020-03-09 02:00:00,1.05599,1.05952,1.05538,1.05618,11816,15,0
2020-03-09 04:00:00,1.05619,1.06039,1.0549,1.056,15539,15,0
2020-03-09 06:00:00,1.056,1.05715,1.05479,1.05492,7176,15,0
2020-03-09 08:00:00,1.05493,1.05923,1.05418,1.05909,15900,15,0
2020-03-09 10:00:00,1.05903,1.06077,1.05618,1.05814,15617,15,0
2020-03-09 12:00:00,1.05813,1.06211,1.05612,1.05921,14018,15,0
2020-03-09 14:00:00,1.05922,1.06188,1.05748,1.06116,21618,15,0
2020-03-09 16:00:00,1.06117,1.06239,1.05619,1.06166,23088,15,0
2020-03-09 18:00:00,1.06166,1.06381,1.05985,1.06055,15968,15,0
2020-03-09 20:00:00,1.06055,1.06131,1.05837,1.05858,16861,15,0
2020-03-09 22:00:00,1.05858,1.0603,1.05674,1.0593,4135,15,0
2020-03-10 00:00:00,1.05892,1.06055,1.05784,1.05819,5873,15,0
2020-03-10 02:00:00,1.05822,1.06141,1.05818,1.05989,8248,15,0
2020-03-10 04:00:00,1.05988,1.06195,1.05939,1.06181,3369,15,0
2020-03-10 06:00:00,1.0618,1.06459,1.06134,1.0629,7346,15,0
2020-03-10 08:00:00,1.0629,1.06362,1.05804,1.05923,16457,15,0
2020-03-10 10:00:00,1.05921,1.06036,1.05748,1.05897,18188,15,0
2020-03-10 12:00:00,1.05899,1.06125,1.05862,1.059,13731,15,0
2020-03-10 14:00:00,1.05901,1.06002,1.05822,1.05986,19647,15,0
2020-03-10 16:00:00,1.05985,1.06034,1.05754,1.05806,19551,15,0
2020-03-10 18:00:00,1.05808,1.06068,1.05795,1.0599,20968,15,0
2020-03-10 20:00:00,1.05994,1.06159,1.05931,1.06112,17375,15,0
2020-03-10 22:00:00,1.06113,1.06131,1.05906,1.06032,2723,15,0
2020-03-11 00:00:00,1.06048,1.06093,1.05938,1.06,3014,15,0
2020-03-11 02:00:00,1.05998,1.06088,1.05962,1.06044,4450,15,0
2020-03-11 04:00:00,1.06044,1.0609,1.05993,1.06009,3307,15,0
2020-03-11 06:00:00,1.06009,1.06077,1.05845,1.05863,3147,15,0
2020-03-11 08:00:00,1.05866,1.06051,1.05851,1.05934,11003,15,0
2020-03-11 10:00:00,1.05935,1.06053,1.05744,1.05946,15873,15,0
2020-03-11 12:00:00,1.05946,1.06082,1.05847,1.05948,10774,15,0
2020-03-11 14:00:00,1.05952,1.0599,1.05786,1.059,13794,15,0
2020-03-11 16:00:00,1.05899,1.05922,1.0572,1.0582,15207,15,0
2020-03-11 18:00:00,1.0582,1.0598,1.05758,1.05974,12818,15,0
2020-03-11 20:00:00,1.05974,1.0599,1.05716,1.05783,14142,15,0
2020-03-11 22:00:00,1.05783,1.05786,1.05656,1.05728,2582,15,0
2020-03-12 00:00:00,1.05728,1.05779,1.05694,1.0574,3302,15,0
2020-03-12 02:00:00,1.05741,1.0578,1.05623,1.05631,9016,15,0
2020-03-12 04:00:00,1.05632,1.05656,1.05538,1.05549,6022,15,0
2020-03-12 06:00:00,1.0555,1.05694,1.0554,1.05582,3677,15,0
2020-03-12 08:00:00,1.05581,1.05659,1.05528,1.05591,10131,15,0
2020-03-12 10:00:00,1.05589,1.05615,1.05446,1.05477,14316,15,0
2020-03-12 12:00:00,1.05475,1.05531,1.05444,1.05509,10607,15,0
2020-03-12 14:00:00,1.05508,1.05769,1.05445,1.05466,26819,15,0
2020-03-12 16:00:00,1.05468,1.0574,1.05403,1.05707,30289,15,0
2020-03-12 18:00:00,1.05708,1.05918,1.0551,1.05782,31905,15,0
2020-03-12 20:00:00,1.05782,1.05868,1.05648,1.05732,18800,15,0
2020-03-12 22:00:00,1.05731,1.05807,1.05503,1.05555,6663,15,0
2020-03-13 00:00:00,1.0558,1.05746,1.05532,1.05611,6926,15,0
2020-03-13 02:00:00,1.05612,1.05763,1.05577,1.05749,11611,15,0
2020-03-13 04:00:00,1.05748,1.05796,1.05655,1.05787,10459,15,0
2020-03-13 06:00:00,1.05787,1.0593,1.05644,1.05681,10021,15,0
2020-03-13 08:00:00,1.0568,1.05705,1.05496,1.0557,20486,15,0
2020-03-13 10:00:00,1.0557,1.05806,1.05539,1.05585,18402,15,0
2020-03-13 12:00:00,1.05584,1.05828,1.05495,1.058,13906,15,0
2020-03-13 14:00:00,1.05798,1.06184,1.05737,1.05805,25493,15,0
2020-03-13 16:00:00,1.05805,1.05918,1.05551,1.05587,26066,15,0
2020-03-13 18:00:00,1.05585,1.05907,1.05542,1.0564,27595,15,0
2020-03-13 20:00:00,1.05643,1.0589,1.05553,1.05834,17113,15,0
2020-03-13 22:00:00,1.05834,1.05885,1.05527,1.05587,4483,15,0
2020-03-16 00:00:00,1.05745,1.05837,1.05547,1.05578,19596,15,0
2020-03-16 02:00:00,1.05577,1.05816,1.05508,1.05629,16661,15,0
2020-03-16 04:00:00,1.05629,1.05717,1.05506,1.05622,11073,15,0
2020-03-16 06:00:00,1.05621,1.05704,1.05525,1.05532,8102,15,0
2020-03-16 08:00:00,1.05532,1.0558,1.05485,1.05508,28035,15,0
2020-03-16 10:00:00,1.05508,1.05622,1.05457,1.05478,25000,15,0
2020-03-16 12:00:00,1.05478,1.05609,1.05436,1.05455,21015,21,0
2020-03-16 14:00:00,1.05455,1.05486,1.05401,1.0543,25197,21,0
2020-03-16 16:00:00,1.05429,1.05469,1.05366,1.0544,19932,21,0
2020-03-16 18:00:00,1.0544,1.05715,1.0538,1.05676,17488,21,0
2020-03-16 20:00:00,1.05676,1.05893,1.05647,1.05723,15655,21,0
2020-03-16 22:00:00,1.05722,1.0587,1.05686,1.05692,2816,21,0
2020-03-17 00:00:00,1.05708,1.05834,1.0568,1.05752,6273,23,0
2020-03-17 02:00:00,1.0575,1.06018,1.05744,1.05998,5785,21,0
2020-03-17 04:00:00,1.05998,1.06042,1.05946,1.06003,5475,21,0
2020-03-17 06:00:00,1.06001,1.06021,1.05904,1.0592,2603,21,0
2020-03-17 08:00:00,1.05919,1.05977,1.05817,1.05913,15873,21,0
2020-03-17 10:00:00,1.05912,1.05984,1.05599,1.05684,16468,21,0
2020-03-17 12:00:00,1.05682,1.05746,1.05456,1.0549,13255,21,0
2020-03-17 14:00:00,1.05489,1.05783,1.05442,1.05566,17117,21,0
2020-03-17 16:00:00,1.05563,1.0587,1.05446,1.0584,24123,21,0
2020-03-17 18:00:00,1.05839,1.05882,1.05602,1.05743,14195,21,0
2020-03-17 20:00:00,1.05743,1.05835,1.0562,1.05637,10562,21,0
2020-03-17 22:00:00,1.05639,1.05771,1.05629,1.05742,2900,21,0
2020-03-18 00:00:00,1.05749,1.05839,1.05659,1.0572,5692,21,0
2020-03-18 02:00:00,1.0572,1.05723,1.05598,1.05616,6713,21,0
2020-03-18 04:00:00,1.05614,1.05723,1.0559,1.05696,5005,21,0
2020-03-18 06:00:00,1.05695,1.05717,1.05618,1.05669,4196,21,0
2020-03-18 08:00:00,1.05667,1.05699,1.05488,1.05522,16782,21,0
2020-03-18 10:00:00,1.05524,1.05599,1.0546,1.05479,21151,21,0
2020-03-18 12:00:00,1.05479,1.05591,1.05454,1.05491,18293,21,0
2020-03-18 14:00:00,1.0549,1.05546,1.05397,1.05423,16667,21,0
2020-03-18 16:00:00,1.05421,1.05465,1.05364,1.05375,19605,21,0
2020-03-18 18:00:00,1.05374,1.05421,1.05304,1.05345,21244,21,0
2020-03-18 20:00:00,1.05345,1.05531,1.05324,1.05457,21683,21,0
2020-03-18 22:00:00,1.05456,1.05662,1.05434,1.05522,3519,21,0
2020-03-19 00:00:00,1.05525,1.05984,1.05525,1.05902,11890,21,0
2020-03-19 02:00:00,1.05904,1.06005,1.05821,1.05835,10021,21,0
2020-03-19 04:00:00,1.0584,1.05848,1.05504,1.05699,8907,21,0
2020-03-19 06:00:00,1.05698,1.05698,1.05486,1.05523,5380,21,0
2020-03-19 08:00:00,1.05518,1.05864,1.0548,1.05495,22234,21,0
2020-03-19 10:00:00,1.05494,1.05828,1.05443,1.05459,18970,21,0
2020-03-19 12:00:00,1.05458,1.05499,1.05355,1.05364,19093,21,0
2020-03-19 14:00:00,1.05364,1.0547,1.05307,1.05376,31652,21,0
2020-03-19 16:00:00,1.05377,1.05415,1.05268,1.0533,25313,21,0
2020-03-19 18:00:00,1.0533,1.05423,1.05246,1.05353,23030,21,0
2020-03-19 20:00:00,1.05354,1.05383,1.05238,1.05302,18434,21,0
2020-03-19 22:00:00,1.05302,1.05433,1.05245,1.05272,3384,21,0
2020-03-20 00:00:00,1.05263,1.05435,1.05246,1.05345,10117,21,0
2020-03-20 02:00:00,1.05343,1.05415,1.05262,1.05357,10197,21,0
2020-03-20 04:00:00,1.05357,1.054,1.05254,1.05299,12800,21,0
2020-03-20 06:00:00,1.05301,1.05353,1.05255,1.05297,13628,21,0
2020-03-20 08:00:00,1.05297,1.05561,1.05285,1.0554,22530,21,0
2020-03-20 10:00:00,1.05541,1.05549,1.05367,1.05398,28423,21,0
2020-03-20 12:00:00,1.054,1.05472,1.05338,1.05348,22294,21,0
2020-03-20 14:00:00,1.05348,1.05463,1.05318,1.0536,18937,21,0
2020-03-20 16:00:00,1.0536,1.05525,1.05301,1.05392,24135,21,0
2020-03-20 18:00:00,1.05394,1.05558,1.05302,1.05342,21702,21,0
2020-03-20 20:00:00,1.05342,1.05419,1.05303,1.05322,22005,21,0
2020-03-20 22:00:00,1.05323,1.05501,1.05322,1.05468,3911,21,0
2020-03-23 00:00:00,1.05389,1.05453,1.05275,1.05314,20457,21,0
2020-03-23 02:00:00,1.05315,1.05459,1.05305,1.05415,20204,21,0
2020-03-23 04:00:00,1.05411,1.05431,1.05349,1.05372,10429,21,0
2020-03-23 06:00:00,1.05373,1.05485,1.05356,1.05458,7451,21,0
2020-03-23 08:00:00,1.05457,1.05656,1.05414,1.05588,16570,21,0
2020-03-23 10:00:00,1.05588,1.05614,1.05401,1.05441,18169,21,0
2020-03-23 12:00:00,1.05442,1.05656,1.0534,1.05584,15235,21,0
2020-03-23 14:00:00,1.05582,1.05939,1.05571,1.05886,28224,21,0
2020-03-23 16:00:00,1.05887,1.05992,1.05554,1.05702,18083,21,0
2020-03-23 18:00:00,1.05701,1.05767,1.05406,1.05627,19784,21,0
2020-03-23 20:00:00,1.05626,1.05732,1.05525,1.05537,16330,21,0
2020-03-23 22:00:00,1.05537,1.05686,1.05477,1.05618,2808,21,0
2020-03-24 00:00:00,1.05616,1.05758,1.05615,1.05683,9365,21,0
2020-03-24 02:00:00,1.05681,1.05903,1.05668,1.05835,10271,21,0
2020-03-24 04:00:00,1.05835,1.05864,1.05767,1.05785,7428,21,0
2020-03-24 06:00:00,1.05786,1.0579,1.05617,1.05685,5964,21,0
2020-03-24 08:00:00,1.05686,1.05926,1.05665,1.05862,18865,21,0
2020-03-24 10:00:00,1.05863,1.05932,1.05645,1.05681,10294,21,0
2020-03-24 12:00:00,1.05682,1.05966,1.05649,1.05924,10398,21,0
2020-03-24 14:00:00,1.05926,1.05929,1.05648,1.05845,20168,21,0
2020-03-24 16:00:00,1.05845,1.05993,1.05833,1.05941,15565,21,0
2020-03-24 18:00:00,1.05943,1.05982,1.05739,1.0577,11529,21,0
2020-03-24 20:00:00,1.0577,1.05888,1.0572,1.05854,8367,21,0
2020-03-24 22:00:00,1.05853,1.05942,1.05765,1.0588,3211,21,0
2020-03-25 00:00:00,1.05878,1.06023,1.05855,1.05863,4216,21,0
2020-03-25 02:00:00,1.05865,1.05991,1.05811,1.0594,6143,21,0
2020-03-25 04:00:00,1.05941,1.05973,1.05847,1.0593,5373,21,0
2020-03-25 06:00:00,1.05931,1.06057,1.05849,1.0604,6308,21,0
2020-03-25 08:00:00,1.0604,1.06171,1.05934,1.06144,10670,21,0
2020-03-25 10:00:00,1.06144,1.06266,1.06058,1.06113,16598,21,0
2020-03-25 12:00:00,1.06114,1.06174,1.05951,1.05974,14779,21,0
2020-03-25 14:00:00,1.05975,1.0607,1.05915,1.05925,15770,21,0
2020-03-25 16:00:00,1.05925,1.06011,1.05842,1.05971,11935,21,0
2020-03-25 18:00:00,1.0597,1.06293,1.05961,1.06265,9932,21,0
2020-03-25 20:00:00,1.06265,1.06361,1.06173,1.06251,10373,21,0
2020-03-25 22:00:00,1.06249,1.06328,1.0615,1.06188,2888,21,0
2020-03-26 00:00:00,1.06186,1.06366,1.06174,1.06291,5210,23,0
2020-03-26 02:00:00,1.06289,1.06527,1.0623,1.06376,8792,21,0
2020-03-26 04:00:00,1.06374,1.064,1.06226,1.06274,5436,21,0
2020-03-26 06:00:00,1.06277,1.06342,1.06243,1.06288,4919,21,0
2020-03-26 08:00:00,1.06289,1.06366,1.06234,1.06272,11428,21,0
2020-03-26 10:00:00,1.06274,1.06486,1.06244,1.06381,16669,21,0
2020-03-26 12:00:00,1.06383,1.0645,1.06264,1.06356,13392,21,0
2020-03-26 14:00:00,1.06356,1.06389,1.06166,1.06368,19437,21,0
2020-03-26 16:00:00,1.06368,1.06432,1.06204,1.06335,17287,21,0
2020-03-26 18:00:00,1.06335,1.06363,1.0618,1.06184,11982,21,0
2020-03-26 20:00:00,1.06185,1.06287,1.06174,1.06199,9046,21,0
2020-03-26 22:00:00,1.06199,1.06311,1.06162,1.06231,2596,21,0
2020-03-27 00:00:00,1.0625,1.06317,1.06139,1.06243,4688,21,0
2020-03-27 02:00:00,1.06244,1.06254,1.0612,1.06132,6022,21,0
2020-03-27 04:00:00,1.06132,1.06302,1.06089,1.06295,6074,21,0
2020-03-27 06:00:00,1.06291,1.06302,1.06155,1.06292,5076,21,0
2020-03-27 08:00:00,1.06291,1.06291,1.061,1.06168,12091,21,0
2020-03-27 10:00:00,1.06166,1.0635,1.06003,1.06014,12154,21,0
2020-03-27 12:00:00,1.06014,1.06032,1.05837,1.05913,11104,21,0
2020-03-27 14:00:00,1.05914,1.05952,1.05673,1.05686,11850,21,0
2020-03-27 16:00:00,1.05687,1.05789,1.05627,1.05699,14284,21,0
2020-03-27 18:00:00,1.05701,1.06038,1.05692,1.05902,12090,21,0
2020-03-27 20:00:00,1.05902,1.06022,1.05858,1.05889,10328,21,0
2020-03-27 22:00:00,1.05888,1.06021,1.05846,1.05908,2514,21,0
2020-03-30 00:00:00,1.05943,1.05959,1.0573,1.05755,3229,21,0
2020-03-30 02:00:00,1.05755,1.05949,1.05716,1.0584,6417,21,0
2020-03-30 04:00:00,1.05838,1.0587,1.05706,1.05772,4494,21,0
2020-03-30 06:00:00,1.05772,1.05958,1.05712,1.05905,4048,21,0
2020-03-30 08:00:00,1.05903,1.05974,1.0578,1.05799,7816,21,0
2020-03-30 10:00:00,1.05798,1.06001,1.05771,1.05953,10639,21,0
2020-03-30 12:00:00,1.05954,1.05983,1.05758,1.05813,8047,21,0
2020-03-30 14:00:00,1.05813,1.05819,1.0558,1.05588,6613,21,0
2020-03-30 16:00:00,1.05589,1.05877,1.05502,1.05857,10770,21,0
2020-03-30 18:00:00,1.05855,1.05909,1.05729,1.05791,6996,21,0
2020-03-30 20:00:00,1.05791,1.05888,1.05771,1.05831,4326,21,0
2020-03-30 22:00:00,1.0583,1.05955,1.05815,1.05815,4781,21,0
2020-03-31 00:00:00,1.05832,1.05886,1.05774,1.05859,820,30,0
2020-03-31 02:00:00,1.05859,1.05929,1.05652,1.05802,5337,21,0
2020-03-31 04:00:00,1.05804,1.05894,1.05747,1.0587,6703,21,0
2020-03-31 06:00:00,1.0587,1.0589,1.05749,1.05756,4383,21,0
2020-03-31 08:00:00,1.05755,1.05906,1.05702,1.0589,5034,21,0
2020-03-31 10:00:00,1.05889,1.0596,1.05835,1.05845,7588,21,0
2020-03-31 12:00:00,1.05844,1.0589,1.0569,1.05699,6372,21,0
2020-03-31 14:00:00,1.05699,1.05882,1.05652,1.05868,8961,21,0
2020-03-31 16:00:00,1.05866,1.06209,1.05614,1.0615,12173,21,0
2020-03-31 18:00:00,1.06147,1.06198,1.05946,1.05958,11432,21,0
2020-03-31 20:00:00,1.05958,1.06175,1.05917,1.06145,6630,21,0
2020-03-31 22:00:00,1.06146,1.06188,1.06007,1.06007,5036,21,0
2020-04-01 00:00:00,1.05917,1.06054,1.05917,1.06027,893,24,0
2020-04-01 02:00:00,1.06027,1.06045,1.05957,1.06031,4227,21,0
2020-04-01 04:00:00,1.06032,1.06032,1.05914,1.06007,4719,21,0
2020-04-01 06:00:00,1.06007,1.0603,1.05906,1.05912,2647,21,0
2020-04-01 08:00:00,1.05912,1.05961,1.058,1.05807,6680,21,0
2020-04-01 10:00:00,1.05809,1.05837,1.05639,1.05672,8141,21,0
2020-04-01 12:00:00,1.05671,1.05747,1.0559,1.05644,5803,21,0
2020-04-01 14:00:00,1.05645,1.05718,1.05568,1.05671,5427,21,0
2020-04-01 16:00:00,1.05672,1.05809,1.0557,1.05773,7908,21,0
2020-04-01 18:00:00,1.05772,1.05834,1.05666,1.05698,5567,21,0
2020-04-01 20:00:00,1.057,1.05783,1.05641,1.05669,4341,21,0
2020-04-01 22:00:00,1.0567,1.05881,1.05666,1.05837,5019,21,0
2020-04-02 00:00:00,1.05817,1.05856,1.05711,1.05812,2154,23,0
2020-04-02 02:00:00,1.05813,1.05846,1.05773,1.05816,3653,21,0
2020-04-02 04:00:00,1.05815,1.05873,1.05797,1.05825,2405,21,0
2020-04-02 06:00:00,1.05825,1.05875,1.05824,1.0587,1211,21,0
2020-04-02 08:00:00,1.05872,1.05931,1.05748,1.05768,3701,21,0
2020-04-02 10:00:00,1.05767,1.05812,1.0559,1.05642,5191,21,0
2020-04-02 12:00:00,1.0564,1.05705,1.05537,1.05559,5054,21,0
2020-04-02 14:00:00,1.05559,1.05592,1.05465,1.05476,7828,21,0
2020-04-02 16:00:00,1.05478,1.05711,1.05453,1.05618,11100,21,0
2020-04-02 18:00:00,1.05619,1.05696,1.05525,1.05565,8622,21,0
2020-04-02 20:00:00,1.05567,1.05604,1.05493,1.05591,4395,21,0
2020-04-02 22:00:00,1.05591,1.0575,1.05517,1.05703,5131,21,0
2020-04-03 00:00:00,1.05697,1.05764,1.05558,1.0574,1372,21,0
2020-04-03 02:00:00,1.0574,1.05752,1.05604,1.0565,3146,21,0
2020-04-03 04:00:00,1.05649,1.05725,1.05638,1.05645,2661,21,0
2020-04-03 06:00:00,1.05645,1.05647,1.05521,1.05603,2194,21,0
2020-04-03 08:00:00,1.05601,1.0563,1.05496,1.05511,3165,21,0
2020-04-03 10:00:00,1.05509,1.05587,1.05451,1.05492,7971,21,0
2020-04-03 12:00:00,1.05493,1.05536,1.05434,1.05465,4607,21,0
2020-04-03 14:00:00,1.05464,1.05547,1.05422,1.05538,7757,21,0
2020-04-03 16:00:00,1.05538,1.0559,1.0548,1.05568,6541,21,0
2020-04-03 18:00:00,1.05568,1.0561,1.05482,1.05528,4580,21,0
2020-04-03 20:00:00,1.05528,1.05584,1.05507,1.05511,2633,21,0
2020-04-03 22:00:00,1.0551,1.05604,1.05481,1.05522,3262,21,0
2020-04-06 00:00:00,1.05546,1.05657,1.05522,1.0561,1882,22,0
2020-04-06 02:00:00,1.05609,1.05722,1.05593,1.05695,5060,21,0
2020-04-06 04:00:00,1.05694,1.05728,1.05617,1.05676,2768,21,0
2020-04-06 06:00:00,1.05676,1.0573,1.05666,1.05719,2400,21,0
2020-04-06 08:00:00,1.0572,1.05805,1.05653,1.05682,3778,21,0
2020-04-06 10:00:00,1.05682,1.05739,1.05513,1.05567,5578,21,0
2020-04-06 12:00:00,1.05568,1.05704,1.05544,1.05621,4225,21,0
2020-04-06 14:00:00,1.05621,1.05633,1.05525,1.0554,4939,21,0
2020-04-06 16:00:00,1.05542,1.05649,1.05489,1.05521,5674,21,0
2020-04-06 18:00:00,1.05524,1.05626,1.05519,1.05567,3740,21,0
2020-04-06 20:00:00,1.05569,1.05638,1.05565,1.05611,2366,21,0
2020-04-06 22:00:00,1.05611,1.05634,1.0551,1.05604,3883,21,0
2020-04-07 00:00:00,1.05604,1.0563,1.05555,1.05581,1366,21,0
2020-04-07 02:00:00,1.05582,1.05642,1.05561,1.05597,3380,21,0
2020-04-07 04:00:00,1.05596,1.05653,1.05593,1.05647,3671,21,0
2020-04-07 06:00:00,1.05648,1.05666,1.05554,1.05638,3076,21,0
2020-04-07 08:00:00,1.05638,1.05784,1.05635,1.05763,4328,21,0
2020-04-07 10:00:00,1.05762,1.05831,1.05647,1.05719,5873,21,0
2020-04-07 12:00:00,1.05719,1.05871,1.05702,1.05854,4637,21,0
2020-04-07 14:00:00,1.05854,1.05935,1.05723,1.05832,5334,21,0
2020-04-07 16:00:00,1.05831,1.05867,1.05678,1.0571,6511,21,0
2020-04-07 18:00:00,1.0571,1.05787,1.05638,1.05753,5321,21,0
2020-04-07 20:00:00,1.05754,1.05784,1.05629,1.05646,4332,21,0
2020-04-07 22:00:00,1.05646,1.05673,1.0559,1.05615,2810,21,0
2020-04-08 00:00:00,1.05604,1.05664,1.05576,1.05604,1378,21,0
2020-04-08 02:00:00,1.05598,1.05618,1.05561,1.05565,3731,21,0
2020-04-08 04:00:00,1.05565,1.05608,1.05559,1.05588,2821,21,0
2020-04-08 06:00:00,1.0559,1.05637,1.05561,1.05613,2312,21,0
2020-04-08 08:00:00,1.05612,1.05667,1.05499,1.0553,4749,21,0
2020-04-08 10:00:00,1.05531,1.0558,1.05498,1.05509,4428,21,0
2020-04-08 12:00:00,1.05511,1.05596,1.05501,1.0558,3567,21,0
2020-04-08 14:00:00,1.05581,1.05628,1.05538,1.05547,4530,21,0
2020-04-08 16:00:00,1.05545,1.05589,1.05482,1.05491,5933,21,0
2020-04-08 18:00:00,1.05491,1.05549,1.05478,1.05503,6358,21,0
2020-04-08 20:00:00,1.05504,1.05527,1.05472,1.0549,3665,21,0
2020-04-08 22:00:00,1.0549,1.0553,1.05474,1.05481,2068,21,0
2020-04-09 00:00:00,1.05475,1.05568,1.05475,1.05547,892,21,0
2020-04-09 02:00:00,1.05547,1.05579,1.05538,1.05555,2165,21,0
2020-04-09 04:00:00,1.05556,1.05579,1.05526,1.05546,2664,21,0
2020-04-09 06:00:00,1.05545,1.05577,1.05536,1.0555,2143,21,0
2020-04-09 08:00:00,1.05552,1.05556,1.05501,1.05539,3320,21,0
2020-04-09 10:00:00,1.05539,1.05594,1.05498,1.05528,4581,21,0
2020-04-09 12:00:00,1.05527,1.05553,1.0549,1.05497,4248,21,0
2020-04-09 14:00:00,1.05498,1.05652,1.05486,1.05635,4902,21,0
2020-04-09 16:00:00,1.05634,1.05814,1.05619,1.05634,8944,21,0
2020-04-09 18:00:00,1.05634,1.0567,1.05578,1.05661,4750,21,0
2020-04-09 20:00:00,1.05661,1.05664,1.05578,1.05595,4020,21,0
2020-04-09 22:00:00,1.05595,1.05653,1.05572,1.05596,3058,21,0
2020-04-10 00:00:00,1.05596,1.0566,1.05567,1.05644,1267,28,0
2020-04-10 02:00:00,1.05645,1.05673,1.05623,1.05631,3102,27,0
2020-04-10 04:00:00,1.05632,1.05647,1.05581,1.05628,3658,21,0
2020-04-10 06:00:00,1.05628,1.05664,1.05591,1.05651,3731,32,0
2020-04-10 08:00:00,1.05649,1.05686,1.05616,1.05663,8413,21,0
2020-04-10 10:00:00,1.05665,1.05712,1.05588,1.05624,4950,21,0
2020-04-10 12:00:00,1.05626,1.05647,1.05574,1.05582,4431,21,0
2020-04-10 14:00:00,1.05584,1.05602,1.0556,1.05594,3353,21,0
2020-04-10 16:00:00,1.05596,1.05642,1.05582,1.05641,3057,21,0
2020-04-10 18:00:00,1.05638,1.05646,1.05573,1.05581,3596,21,0
2020-04-10 20:00:00,1.05579,1.05604,1.05521,1.05591,2303,21,0
2020-04-10 22:00:00,1.05593,1.05613,1.05541,1.05612,453,21,0
2020-04-13 00:00:00,1.05636,1.05644,1.05534,1.05573,870,30,0
2020-04-13 02:00:00,1.05574,1.05611,1.05561,1.05587,3079,21,0
2020-04-13 04:00:00,1.05587,1.05622,1.05555,1.05614,2335,21,0
2020-04-13 06:00:00,1.05612,1.05638,1.05547,1.05563,2169,21,0
2020-04-13 08:00:00,1.05561,1.05616,1.05546,1.05574,2944,21,0
2020-04-13 10:00:00,1.05572,1.05629,1.05559,1.05607,3924,21,0
2020-04-13 12:00:00,1.05606,1.05664,1.05535,1.05543,2961,21,0
2020-04-13 14:00:00,1.05542,1.05602,1.05541,1.05553,4174,21,0
2020-04-13 16:00:00,1.05554,1.05567,1.05512,1.05512,3304,21,0
2020-04-13 18:00:00,1.05509,1.05524,1.05491,1.05513,2860,21,0
2020-04-13 20:00:00,1.05513,1.05561,1.05492,1.0553,2091,21,0
2020-04-13 22:00:00,1.05531,1.05563,1.05512,1.05531,1862,21,0
2020-04-14 00:00:00,1.05526,1.0557,1.05522,1.05555,553,24,0
2020-04-14 02:00:00,1.05554,1.05585,1.05485,1.05488,2411,21,0
2020-04-14 04:00:00,1.05486,1.05567,1.05484,1.05544,3682,21,0
2020-04-14 06:00:00,1.05543,1.05575,1.05516,1.05556,2063,21,0
2020-04-14 08:00:00,1.05555,1.05585,1.05489,1.05506,2747,21,0
2020-04-14 10:00:00,1.05507,1.05528,1.05396,1.05419,4515,21,0
2020-04-14 12:00:00,1.05418,1.0551,1.05403,1.0543,4061,21,0
2020-04-14 14:00:00,1.05431,1.05481,1.05394,1.05424,4596,21,0
2020-04-14 16:00:00,1.05423,1.05456,1.0536,1.05371,5751,21,0
2020-04-14 18:00:00,1.0537,1.054,1.05321,1.05383,4476,21,0
2020-04-14 20:00:00,1.0538,1.05456,1.05378,1.05442,2562,21,0
2020-04-14 22:00:00,1.05443,1.05478,1.05428,1.05448,2169,21,0
2020-04-15 00:00:00,1.05448,1.05465,1.05434,1.0545,674,23,0
2020-04-15 02:00:00,1.05449,1.05487,1.05438,1.05452,1820,21,0
2020-04-15 04:00:00,1.05454,1.05483,1.05447,1.05457,1337,21,0
2020-04-15 06:00:00,1.05458,1.05489,1.05448,1.05458,981,21,0
2020-04-15 08:00:00,1.05457,1.05506,1.05409,1.05418,2935,21,0
2020-04-15 10:00:00,1.05419,1.05435,1.05355,1.05383,5503,21,0
2020-04-15 12:00:00,1.05383,1.05383,1.05324,1.05331,4875,21,0
2020-04-15 14:00:00,1.05331,1.0539,1.05301,1.05311,6395,21,0
2020-04-15 16:00:00,1.05312,1.05345,1.05257,1.05271,8043,21,0
2020-04-15 18:00:00,1.0527,1.05295,1.05222,1.05251,4970,21,0
2020-04-15 20:00:00,1.0525,1.053,1.05232,1.0524,3690,21,0
2020-04-15 22:00:00,1.05241,1.05277,1.05194,1.05226,1771,21,0
2020-04-16 00:00:00,1.05223,1.05257,1.05209,1.05228,616,21,0
2020-04-16 02:00:00,1.05223,1.05258,1.05211,1.05227,1983,21,0
2020-04-16 04:00:00,1.05227,1.05268,1.05218,1.05228,2496,21,0
2020-04-16 06:00:00,1.05228,1.05266,1.05203,1.0521,1950,21,0
2020-04-16 08:00:00,1.05214,1.0524,1.05193,1.05197,2295,21,0
2020-04-16 10:00:00,1.05196,1.05219,1.05172,1.05182,4434,21,0
2020-04-16 12:00:00,1.05182,1.0519,1.05143,1.05152,5189,21,0
2020-04-16 14:00:00,1.05154,1.05178,1.05133,1.05164,3975,21,0
2020-04-16 16:00:00,1.05165,1.0517,1.05103,1.05111,5815,21,0
2020-04-16 18:00:00,1.05111,1.05115,1.05078,1.05085,4093,21,0
2020-04-16 20:00:00,1.05084,1.05114,1.05073,1.05085,2058,21,0
2020-04-16 22:00:00,1.05087,1.05164,1.05072,1.05148,2863,21,0
2020-04-17 00:00:00,1.05133,1.05229,1.051,1.05227,1481,23,0
2020-04-17 02:00:00,1.05227,1.05266,1.05208,1.05222,2364,21,0
2020-04-17 04:00:00,1.05224,1.0526,1.05221,1.05254,2163,21,0
2020-04-17 06:00:00,1.05254,1.05265,1.05235,1.05243,1123,22,0
2020-04-17 08:00:00,1.05244,1.05263,1.05201,1.05207,2467,21,0
2020-04-17 10:00:00,1.0521,1.05222,1.05128,1.05144,4942,21,0
2020-04-17 12:00:00,1.05144,1.05174,1.05113,1.05138,4432,21,0
2020-04-17 14:00:00,1.05137,1.05155,1.05109,1.05119,4551,21,0
2020-04-17 16:00:00,1.0512,1.05193,1.05097,1.05179,7979,21,0
2020-04-17 18:00:00,1.0518,1.05186,1.05134,1.05139,5530,21,0
2020-04-17 20:00:00,1.05138,1.05171,1.05136,1.0514,2015,21,0
2020-04-17 22:00:00,1.05139,1.05179,1.05124,1.05124,2190,21,0
2020-04-20 00:00:00,1.05141,1.05187,1.0514,1.05165,731,21,0
2020-04-20 02:00:00,1.05167,1.05193,1.05157,1.05173,1282,21,0
2020-04-20 04:00:00,1.05174,1.05179,1.05153,1.05174,1014,21,0
2020-04-20 06:00:00,1.05174,1.05186,1.05156,1.05164,960,21,0
2020-04-20 08:00:00,1.05165,1.05172,1.05141,1.0515,2013,21,0
2020-04-20 10:00:00,1.05149,1.05165,1.05138,1.05157,3223,21,0
2020-04-20 12:00:00,1.05158,1.05228,1.05158,1.05185,2983,21,0
2020-04-20 14:00:00,1.05186,1.05186,1.05144,1.05168,3979,21,0
2020-04-20 16:00:00,1.05168,1.05178,1.05129,1.05134,4763,21,0
2020-04-20 18:00:00,1.05135,1.05171,1.05116,1.05143,3075,21,0
2020-04-20 20:00:00,1.05145,1.05149,1.05115,1.05121,3327,21,0
2020-04-20 22:00:00,1.05118,1.05151,1.05118,1.0513,2084,21,0
2020-04-21 00:00:00,1.05124,1.05174,1.0512,1.05156,1109,24,0
2020-04-21 02:00:00,1.05157,1.05179,1.05149,1.05171,1163,21,0
2020-04-21 04:00:00,1.05172,1.05179,1.05132,1.05146,3289,21,0
2020-04-21 06:00:00,1.05145,1.05153,1.05127,1.05147,1378,21,0
2020-04-21 08:00:00,1.05146,1.05159,1.05128,1.05134,2910,21,0
2020-04-21 10:00:00,1.05135,1.05147,1.05105,1.05118,5996,21,0
2020-04-21 12:00:00,1.05119,1.05178,1.05113,1.05146,4536,21,0
2020-04-21 14:00:00,1.05147,1.05217,1.05132,1.05216,2583,21,0
2020-04-21 16:00:00,1.05214,1.05239,1.0514,1.05193,5364,21,0
2020-04-21 18:00:00,1.05194,1.05238,1.05168,1.05229,3065,21,0
2020-04-21 20:00:00,1.05229,1.05281,1.05221,1.05259,2134,21,0
2020-04-21 22:00:00,1.05261,1.05305,1.05231,1.05233,1670,21,0
2020-04-22 00:00:00,1.05231,1.05307,1.05229,1.05271,670,23,0
2020-04-22 02:00:00,1.05271,1.0529,1.05248,1.0527,1122,21,0
2020-04-22 04:00:00,1.05274,1.05281,1.05242,1.05251,1801,21,0
2020-04-22 06:00:00,1.0525,1.05282,1.05231,1.05238,1272,21,0
2020-04-22 08:00:00,1.05237,1.05305,1.05227,1.05256,2054,21,0
2020-04-22 10:00:00,1.05256,1.05291,1.0523,1.05232,2917,21,0
2020-04-22 12:00:00,1.05233,1.05256,1.05211,1.05216,1919,21,0
2020-04-22 14:00:00,1.05215,1.05291,1.05198,1.05244,3368,21,0
2020-04-22 16:00:00,1.05243,1.05256,1.05153,1.0516,4082,21,0
2020-04-22 18:00:00,1.05159,1.0519,1.05122,1.05135,3058,21,0
2020-04-22 20:00:00,1.05137,1.05202,1.05122,1.05178,2313,21,0
2020-04-22 22:00:00,1.05178,1.052,1.05126,1.0513,1641,21,0
2020-04-23 00:00:00,1.0512,1.05165,1.05112,1.05153,461,21,0
2020-04-23 02:00:00,1.05151,1.05154,1.05119,1.05127,1171,21,0
2020-04-23 04:00:00,1.05128,1.05134,1.05119,1.05128,1158,21,0
2020-04-23 06:00:00,1.05127,1.05145,1.05121,1.05142,674,21,0
2020-04-23 08:00:00,1.05143,1.05179,1.05125,1.05144,2172,21,0
2020-04-23 10:00:00,1.05144,1.05164,1.05112,1.05119,3930,21,0
2020-04-23 12:00:00,1.05119,1.05123,1.05086,1.05096,4101,21,0
2020-04-23 14:00:00,1.05095,1.05127,1.05087,1.05087,3613,21,0
2020-04-23 16:00:00,1.05088,1.05292,1.05083,1.05253,6993,21,0
2020-04-23 18:00:00,1.05252,1.05278,1.05191,1.05213,3796,21,0
2020-04-23 20:00:00,1.05212,1.05299,1.05157,1.05281,4427,21,0
2020-04-23 22:00:00,1.05282,1.05283,1.05154,1.05165,2164,21,0
2020-04-24 00:00:00,1.05145,1.05207,1.05123,1.05192,724,27,0
2020-04-24 02:00:00,1.05192,1.05221,1.05168,1.05195,1845,22,0
2020-04-24 04:00:00,1.05195,1.05224,1.05156,1.05214,1283,21,0
2020-04-24 06:00:00,1.05213,1.05213,1.05181,1.0519,823,21,0
2020-04-24 08:00:00,1.05191,1.0522,1.05144,1.05151,2316,21,0
2020-04-24 10:00:00,1.0515,1.05174,1.05119,1.05129,3955,21,0
2020-04-24 12:00:00,1.0513,1.05192,1.05114,1.05192,2834,21,0
2020-04-24 14:00:00,1.0519,1.05286,1.05171,1.05275,3479,21,0
2020-04-24 16:00:00,1.05274,1.05291,1.05193,1.05281,4869,21,0
2020-04-24 18:00:00,1.05281,1.05294,1.05251,1.0528,3166,21,0
2020-04-24 20:00:00,1.05279,1.0531,1.05262,1.05281,1535,21,0
2020-04-24 22:00:00,1.0528,1.05363,1.05258,1.05259,2612,21,0
2020-04-27 00:00:00,1.05238,1.05342,1.05232,1.05327,568,26,0
2020-04-27 02:00:00,1.05325,1.05349,1.05311,1.05329,1399,21,0
2020-04-27 04:00:00,1.05329,1.05425,1.05327,1.05388,1570,21,0
2020-04-27 06:00:00,1.05388,1.05436,1.05383,1.05416,1475,21,0
2020-04-27 08:00:00,1.05418,1.05573,1.054,1.05546,2553,21,0
2020-04-27 10:00:00,1.05547,1.0555,1.05402,1.05459,3456,21,0
2020-04-27 12:00:00,1.05459,1.05616,1.05423,1.05605,2917,21,0
2020-04-27 14:00:00,1.05604,1.05637,1.05554,1.05634,3179,21,0
2020-04-27 16:00:00,1.05634,1.05786,1.05632,1.05761,3808,21,0
2020-04-27 18:00:00,1.05759,1.05775,1.05596,1.05646,2405,21,0
2020-04-27 20:00:00,1.05646,1.05668,1.05621,1.05655,1590,21,0
2020-04-27 22:00:00,1.05653,1.05658,1.05601,1.05615,1383,21,0
2020-04-28 00:00:00,1.05614,1.05645,1.05504,1.05631,788,22,0
2020-04-28 02:00:00,1.05633,1.05644,1.05605,1.05626,1010,21,0
2020-04-28 04:00:00,1.05625,1.05649,1.05616,1.05637,981,21,0
2020-04-28 06:00:00,1.05639,1.05645,1.05586,1.05611,965,21,0
2020-04-28 08:00:00,1.05611,1.05961,1.05601,1.05936,2035,21,0
2020-04-28 10:00:00,1.05934,1.06105,1.05836,1.05945,4850,21,0
2020-04-28 12:00:00,1.05944,1.06029,1.05822,1.05853,4221,21,0
2020-04-28 14:00:00,1.05853,1.05936,1.05762,1.05765,3034,21,0
2020-04-28 16:00:00,1.05764,1.05769,1.05597,1.05602,4502,21,0
2020-04-28 18:00:00,1.05602,1.05632,1.05538,1.05575,2713,21,0
2020-04-28 20:00:00,1.05575,1.05577,1.05481,1.05541,1748,21,0
2020-04-28 22:00:00,1.05542,1.05561,1.05442,1.05479,1681,21,0
2020-04-29 00:00:00,1.05469,1.05501,1.05413,1.05487,539,26,0
2020-04-29 02:00:00,1.05486,1.05502,1.05465,1.05485,968,21,0
2020-04-29 04:00:00,1.05485,1.05536,1.05483,1.05536,1221,21,0
2020-04-29 06:00:00,1.05534,1.05542,1.05499,1.05532,1009,21,0
2020-04-29 08:00:00,1.05532,1.05596,1.0552,1.05583,1541,21,0
2020-04-29 10:00:00,1.05582,1.05676,1.05567,1.0561,3036,21,0
2020-04-29 12:00:00,1.0561,1.05739,1.056,1.05729,2349,21,0
2020-04-29 14:00:00,1.05729,1.05743,1.05636,1.05692,3961,21,0
2020-04-29 16:00:00,1.05693,1.05727,1.05529,1.05644,4808,21,0
2020-04-29 18:00:00,1.05644,1.059,1.0563,1.05897,2825,21,0
2020-04-29 20:00:00,1.05898,1.06079,1.05888,1.06045,3829,21,0
2020-04-29 22:00:00,1.06044,1.06044,1.05879,1.05885,2435,21,0
2020-04-30 00:00:00,1.05867,1.05976,1.05845,1.05941,1224,22,0
2020-04-30 02:00:00,1.05941,1.05944,1.05862,1.05893,1395,21,0
2020-04-30 04:00:00,1.05893,1.0592,1.05876,1.05905,1224,21,0
2020-04-30 06:00:00,1.05905,1.05921,1.05823,1.05832,1136,21,0
2020-04-30 08:00:00,1.05832,1.05911,1.05812,1.05904,1949,21,0
2020-04-30 10:00:00,1.05903,1.0598,1.05653,1.05653,3588,21,0
2020-04-30 12:00:00,1.05654,1.05763,1.05517,1.05537,3698,21,0
2020-04-30 14:00:00,1.05536,1.05657,1.05522,1.05637,4710,21,0
2020-04-30 16:00:00,1.05638,1.05838,1.05456,1.05648,9696,21,0
2020-04-30 18:00:00,1.05646,1.05817,1.05604,1.05681,7465,21,0
2020-04-30 20:00:00,1.05682,1.05764,1.05661,1.05763,3076,21,0
2020-04-30 22:00:00,1.05762,1.0579,1.05726,1.05734,2368,21,0
2020-05-01 00:00:00,1.0572,1.05788,1.05716,1.05739,799,21,0
2020-05-01 02:00:00,1.05739,1.05783,1.05673,1.05686,2284,21,0
2020-05-01 04:00:00,1.05685,1.05694,1.05618,1.05622,1716,21,0
2020-05-01 06:00:00,1.05621,1.05642,1.05596,1.05612,1035,21,0
2020-05-01 08:00:00,1.0561,1.05651,1.05564,1.05607,1713,21,0
2020-05-01 10:00:00,1.05605,1.05688,1.05561,1.05669,3290,21,0
2020-05-01 12:00:00,1.0567,1.05706,1.05621,1.05683,2215,21,0
2020-05-01 14:00:00,1.05684,1.05715,1.05631,1.05638,2421,21,0
2020-05-01 16:00:00,1.05633,1.05727,1.05511,1.05623,4183,21,0
2020-05-01 18:00:00,1.05622,1.05662,1.05506,1.05525,2795,21,0
2020-05-01 20:00:00,1.05525,1.05574,1.05522,1.05554,1406,21,0
2020-05-01 22:00:00,1.05554,1.05562,1.05494,1.05494,1491,21,0
2020-05-04 00:00:00,1.05541,1.05582,1.05481,1.05521,1084,21,0
2020-05-04 02:00:00,1.05521,1.05522,1.0547,1.05476,1535,21,0
2020-05-04 04:00:00,1.05478,1.05504,1.05434,1.05453,1296,21,0
2020-05-04 06:00:00,1.05453,1.05466,1.05407,1.05442,1056,21,0
2020-05-04 08:00:00,1.05443,1.05474,1.05354,1.05393,1939,21,0
2020-05-04 10:00:00,1.05392,1.05503,1.05328,1.05461,4190,21,0
2020-05-04 12:00:00,1.05461,1.05514,1.05385,1.0545,3103,21,0
2020-05-04 14:00:00,1.0545,1.05517,1.05416,1.05499,2810,21,0
2020-05-04 16:00:00,1.05498,1.05498,1.05271,1.05277,4779,21,0
2020-05-04 18:00:00,1.05282,1.05308,1.05235,1.0525,2992,21,0
2020-05-04 20:00:00,1.05249,1.0531,1.05244,1.05286,1826,21,0
2020-05-04 22:00:00,1.05287,1.05302,1.05226,1.05238,1899,21,0
2020-05-05 00:00:00,1.05236,1.05272,1.0522,1.0526,524,21,0
2020-05-05 02:00:00,1.0526,1.05303,1.05258,1.05293,697,21,0
2020-05-05 04:00:00,1.05295,1.05306,1.05255,1.05296,811,21,0
2020-05-05 06:00:00,1.05296,1.05308,1.05269,1.05274,596,21,0
2020-05-05 08:00:00,1.05275,1.05357,1.05271,1.05315,1542,21,0
2020-05-05 10:00:00,1.05315,1.05386,1.05225,1.05242,5615,21,0
2020-05-05 12:00:00,1.05242,1.05294,1.05175,1.05209,4956,21,0
2020-05-05 14:00:00,1.05209,1.05326,1.05165,1.05289,3448,21,0
2020-05-05 16:00:00,1.05289,1.05464,1.05289,1.05383,5714,21,0
2020-05-05 18:00:00,1.05377,1.05549,1.05339,1.05475,3504,21,0
2020-05-05 20:00:00,1.05473,1.05493,1.05417,1.05456,1608,21,0
2020-05-05 22:00:00,1.05456,1.05481,1.05384,1.05387,1664,21,0
2020-05-06 00:00:00,1.05405,1.05443,1.05401,1.05422,1048,22,0
2020-05-06 02:00:00,1.05423,1.05423,1.05372,1.05391,996,21,0
2020-05-06 04:00:00,1.05392,1.05426,1.05382,1.05414,1187,21,0
2020-05-06 06:00:00,1.05413,1.05422,1.05371,1.05402,876,21,0
2020-05-06 08:00:00,1.05402,1.05406,1.05296,1.0537,2018,21,0
2020-05-06 10:00:00,1.05369,1.05394,1.05245,1.05264,4064,21,0
2020-05-06 12:00:00,1.05264,1.05275,1.05199,1.05213,2959,21,0
2020-05-06 14:00:00,1.05213,1.05345,1.05209,1.05297,2720,21,0
2020-05-06 16:00:00,1.05296,1.05359,1.05251,1.05276,4573,21,0
2020-05-06 18:00:00,1.05276,1.05352,1.0525,1.05277,2980,21,0
2020-05-06 20:00:00,1.05278,1.05347,1.05276,1.05312,1435,21,0
2020-05-06 22:00:00,1.05314,1.05325,1.05223,1.05225,1769,21,0
2020-05-07 00:00:00,1.05226,1.05276,1.05199,1.05267,521,24,0
2020-05-07 02:00:00,1.05266,1.05325,1.05255,1.05304,1457,21,0
2020-05-07 04:00:00,1.05306,1.05317,1.05274,1.05313,1165,21,0
2020-05-07 06:00:00,1.05312,1.0533,1.05279,1.05287,847,21,0
2020-05-07 08:00:00,1.05285,1.05306,1.05236,1.0526,1908,21,0
2020-05-07 10:00:00,1.05259,1.05352,1.0524,1.05308,4241,21,0
2020-05-07 12:00:00,1.05307,1.05345,1.05255,1.05305,3228,21,0
2020-05-07 14:00:00,1.05305,1.05356,1.05264,1.05303,3843,21,0
2020-05-07 16:00:00,1.05302,1.0539,1.05275,1.05361,4373,21,0
2020-05-07 18:00:00,1.0536,1.05407,1.05316,1.05347,3663,21,0
2020-05-07 20:00:00,1.05348,1.05402,1.05346,1.05368,2151,21,0
2020-05-07 22:00:00,1.05368,1.05417,1.05361,1.0538,1541,21,0
2020-05-08 00:00:00,1.05381,1.0543,1.05367,1.05418,535,21,0
2020-05-08 02:00:00,1.05417,1.05452,1.05403,1.05442,1248,21,0
2020-05-08 04:00:00,1.05442,1.0545,1.05399,1.05406,2135,21,0
2020-05-08 06:00:00,1.05406,1.0543,1.05389,1.05417,913,21,0
2020-05-08 08:00:00,1.05416,1.05433,1.05329,1.05331,1193,21,0
2020-05-08 10:00:00,1.05332,1.05348,1.05265,1.05267,2022,21,0
2020-05-08 12:00:00,1.05267,1.05326,1.05254,1.05262,1741,21,0
2020-05-08 14:00:00,1.05262,1.05313,1.05257,1.05298,2787,21,0
2020-05-08 16:00:00,1.053,1.0532,1.05241,1.0527,3710,21,0
2020-05-08 18:00:00,1.05271,1.05293,1.0525,1.05256,2240,21,0
2020-05-08 20:00:00,1.05257,1.05269,1.05239,1.05241,1130,21,0
2020-05-08 22:00:00,1.0524,1.05251,1.05197,1.052,1193,21,0
2020-05-11 00:00:00,1.05235,1.0528,1.05213,1.0525,752,23,0
2020-05-11 02:00:00,1.05251,1.05262,1.05235,1.05244,847,21,0
2020-05-11 04:00:00,1.05243,1.05257,1.05233,1.05248,720,21,0
2020-05-11 06:00:00,1.05248,1.05276,1.0523,1.05248,695,21,0
2020-05-11 08:00:00,1.05247,1.05312,1.05231,1.05295,1389,21,0
2020-05-11 10:00:00,1.05294,1.0531,1.05212,1.05229,3172,21,0
2020-05-11 12:00:00,1.0523,1.05234,1.05174,1.05184,2479,21,0
2020-05-11 14:00:00,1.05184,1.05234,1.05138,1.05173,2871,21,0
2020-05-11 16:00:00,1.05174,1.05233,1.05142,1.05166,3885,21,0
2020-05-11 18:00:00,1.05167,1.05184,1.05139,1.05143,2756,21,0
2020-05-11 20:00:00,1.05143,1.05151,1.05135,1.05146,1573,21,0
2020-05-11 22:00:00,1.05145,1.05158,1.05128,1.05133,1507,21,0
2020-05-12 00:00:00,1.05129,1.05158,1.05115,1.0515,450,24,0
2020-05-12 02:00:00,1.05149,1.05161,1.05134,1.05144,1323,21,0
2020-05-12 04:00:00,1.05148,1.05166,1.05134,1.05155,874,21,0
2020-05-12 06:00:00,1.05156,1.05168,1.05133,1.0514,749,21,0
2020-05-12 08:00:00,1.05139,1.05178,1.05135,1.05151,1429,21,0
2020-05-12 10:00:00,1.05151,1.05179,1.05127,1.05139,2912,21,0
2020-05-12 12:00:00,1.0514,1.05165,1.05132,1.05144,1911,21,0
2020-05-12 14:00:00,1.05144,1.05218,1.0514,1.05181,2625,21,0
2020-05-12 16:00:00,1.05181,1.0521,1.05131,1.05135,3622,21,0
2020-05-12 18:00:00,1.05135,1.05217,1.05132,1.05166,2579,21,0
2020-05-12 20:00:00,1.05166,1.05176,1.05131,1.05149,1317,21,0
2020-05-12 22:00:00,1.05147,1.05197,1.05134,1.05138,1547,21,0
2020-05-13 00:00:00,1.05138,1.05191,1.05134,1.05183,478,22,0
2020-05-13 02:00:00,1.05183,1.05206,1.05176,1.05197,1105,21,0
2020-05-13 04:00:00,1.05196,1.052,1.05159,1.05186,1032,21,0
2020-05-13 06:00:00,1.05185,1.05192,1.05165,1.05175,701,21,0
2020-05-13 08:00:00,1.05175,1.0519,1.05163,1.0517,1300,21,0
2020-05-13 10:00:00,1.0517,1.05209,1.05162,1.05194,2595,21,0
2020-05-13 12:00:00,1.05195,1.05269,1.05193,1.05237,2203,21,0
2020-05-13 14:00:00,1.05236,1.05312,1.05195,1.05277,2841,21,0
2020-05-13 16:00:00,1.05277,1.05307,1.05164,1.05189,6214,21,0
2020-05-13 18:00:00,1.0519,1.05201,1.05147,1.0517,3656,21,0
2020-05-13 20:00:00,1.05172,1.05172,1.0514,1.05145,1639,21,0
2020-05-13 22:00:00,1.05146,1.05176,1.05135,1.05141,1495,21,0
2020-05-14 00:00:00,1.05141,1.05193,1.05135,1.05153,662,21,0
2020-05-14 02:00:00,1.05152,1.05181,1.05151,1.05171,1546,21,0
2020-05-14 04:00:00,1.05171,1.05184,1.05151,1.05159,1155,21,0
2020-05-14 06:00:00,1.05158,1.05173,1.05143,1.05153,626,21,0
2020-05-14 08:00:00,1.05153,1.05166,1.05137,1.05158,1606,21,0
2020-05-14 10:00:00,1.05159,1.05186,1.05137,1.05161,3326,21,0
2020-05-14 12:00:00,1.05159,1.05163,1.05094,1.05104,3004,21,0
2020-05-14 14:00:00,1.05103,1.05139,1.05062,1.05077,3555,21,0
2020-05-14 16:00:00,1.05078,1.05094,1.05038,1.05052,5307,21,0
2020-05-14 18:00:00,1.05053,1.05063,1.05039,1.05044,3701,21,0
2020-05-14 20:00:00,1.05043,1.0507,1.05039,1.05061,1373,21,0
2020-05-14 22:00:00,1.05062,1.05136,1.05057,1.05114,1699,21,0
2020-05-15 00:00:00,1.05094,1.05176,1.05087,1.05148,884,22,0
2020-05-15 02:00:00,1.05149,1.05179,1.05145,1.05166,631,21,0
2020-05-15 04:00:00,1.05166,1.05167,1.05141,1.05153,897,21,0
2020-05-15 06:00:00,1.05153,1.05165,1.05144,1.0515,652,21,0
2020-05-15 08:00:00,1.0515,1.05159,1.05136,1.05155,1686,21,0
2020-05-15 10:00:00,1.05156,1.05231,1.05134,1.05204,2650,21,0
2020-05-15 12:00:00,1.05204,1.05216,1.05133,1.05147,2216,21,0
2020-05-15 14:00:00,1.05147,1.05188,1.05109,1.05155,4251,21,0
2020-05-15 16:00:00,1.05155,1.05255,1.0514,1.05217,4648,21,0
2020-05-15 18:00:00,1.05218,1.0524,1.05146,1.05151,3492,21,0
2020-05-15 20:00:00,1.05152,1.05166,1.05107,1.05116,1577,21,0
2020-05-15 22:00:00,1.05117,1.05163,1.05101,1.05101,1160,21,0
2020-05-18 00:00:00,1.05072,1.05158,1.05062,1.0515,691,21,0
2020-05-18 02:00:00,1.0515,1.05159,1.05132,1.05137,673,21,0
2020-05-18 04:00:00,1.05137,1.0516,1.05115,1.05135,1056,21,0
2020-05-18 06:00:00,1.05136,1.05154,1.05126,1.05133,564,21,0
2020-05-18 08:00:00,1.05132,1.05171,1.05111,1.05126,919,21,0
2020-05-18 10:00:00,1.05126,1.0517,1.05088,1.05112,3629,21,0
2020-05-18 12:00:00,1.05111,1.05131,1.05087,1.05092,2555,21,0
2020-05-18 14:00:00,1.05093,1.05227,1.05092,1.05215,2760,21,0
2020-05-18 16:00:00,1.05215,1.05365,1.05195,1.05259,4781,21,0
2020-05-18 18:00:00,1.05259,1.06072,1.05242,1.0604,6532,21,0
2020-05-18 20:00:00,1.06039,1.06606,1.06014,1.0616,3872,21,0
2020-05-18 22:00:00,1.0616,1.06191,1.05957,1.05957,1684,21,0
2020-05-19 00:00:00,1.05964,1.06105,1.05964,1.06035,914,26,0
2020-05-19 02:00:00,1.06036,1.06071,1.06033,1.06071,1329,21,0
2020-05-19 04:00:00,1.06069,1.06084,1.06008,1.06018,1076,21,0
2020-05-19 06:00:00,1.06017,1.06071,1.06004,1.06064,749,21,0
2020-05-19 08:00:00,1.06064,1.06392,1.06056,1.06374,2502,21,0
2020-05-19 10:00:00,1.06375,1.06387,1.06175,1.06376,4885,21,0
2020-05-19 12:00:00,1.06377,1.0655,1.06321,1.06481,3310,21,0
2020-05-19 14:00:00,1.06483,1.06496,1.06214,1.06249,3020,21,0
2020-05-19 16:00:00,1.06249,1.06362,1.06001,1.06343,4686,21,0
2020-05-19 18:00:00,1.06344,1.06356,1.06212,1.06229,2456,21,0
2020-05-19 20:00:00,1.06229,1.06313,1.06207,1.06274,1398,21,0
2020-05-19 22:00:00,1.06273,1.06279,1.06077,1.06077,1843,21,0
2020-05-20 00:00:00,1.06075,1.06122,1.06071,1.06116,645,21,0
2020-05-20 02:00:00,1.06116,1.06168,1.0609,1.06129,1132,21,0
2020-05-20 04:00:00,1.0613,1.06153,1.06105,1.06118,1086,21,0
2020-05-20 06:00:00,1.06118,1.0613,1.06103,1.06121,793,21,0
2020-05-20 08:00:00,1.06121,1.06131,1.06033,1.06036,1509,21,0
2020-05-20 10:00:00,1.06034,1.06087,1.05849,1.05858,3529,21,0
2020-05-20 12:00:00,1.05858,1.05879,1.0577,1.05798,2981,21,0
2020-05-20 14:00:00,1.058,1.0593,1.05769,1.05911,2762,21,0
2020-05-20 16:00:00,1.05911,1.06149,1.05856,1.05977,4573,21,0
2020-05-20 18:00:00,1.05978,1.06018,1.05931,1.05942,3021,21,0
2020-05-20 20:00:00,1.05941,1.06004,1.05939,1.05972,1948,21,0
2020-05-20 22:00:00,1.05972,1.05988,1.05905,1.05931,1271,21,0
2020-05-21 00:00:00,1.05931,1.0594,1.05837,1.05923,743,21,0
2020-05-21 02:00:00,1.05924,1.05942,1.0591,1.05921,821,21,0
2020-05-21 04:00:00,1.0592,1.05932,1.05859,1.05915,1219,21,0
2020-05-21 06:00:00,1.05915,1.05943,1.05883,1.05887,762,21,0
2020-05-21 08:00:00,1.05888,1.05904,1.05838,1.05896,1246,21,0
2020-05-21 10:00:00,1.05898,1.06022,1.0589,1.06016,3011,21,0
2020-05-21 12:00:00,1.06016,1.06099,1.0593,1.06066,2639,21,0
2020-05-21 14:00:00,1.06065,1.06499,1.06058,1.06454,4125,21,0
2020-05-21 16:00:00,1.06454,1.06456,1.06188,1.06218,5587,21,0
2020-05-21 18:00:00,1.06217,1.06326,1.06151,1.06263,3341,21,0
2020-05-21 20:00:00,1.06263,1.06346,1.06258,1.06284,1624,21,0
2020-05-21 22:00:00,1.06286,1.06335,1.06236,1.06243,1427,21,0
2020-05-22 00:00:00,1.06231,1.06302,1.06231,1.06285,444,24,0
2020-05-22 02:00:00,1.06283,1.06316,1.06262,1.06294,1194,21,0
2020-05-22 04:00:00,1.06293,1.06299,1.06222,1.06262,1611,21,0
2020-05-22 06:00:00,1.0626,1.06276,1.06162,1.06164,1368,21,0
2020-05-22 08:00:00,1.06163,1.0619,1.06024,1.06036,2006,21,0
2020-05-22 10:00:00,1.06036,1.0604,1.05898,1.05952,3777,21,0
2020-05-22 12:00:00,1.05951,1.06015,1.05914,1.05957,3043,21,0
2020-05-22 14:00:00,1.05955,1.06031,1.05861,1.0588,2964,21,0
2020-05-22 16:00:00,1.05878,1.05921,1.05803,1.05898,3541,21,0
2020-05-22 18:00:00,1.05896,1.05924,1.05851,1.05876,2031,21,0
2020-05-22 20:00:00,1.05875,1.0599,1.05874,1.05964,1242,21,0
2020-05-22 22:00:00,1.05963,1.06007,1.05835,1.05847,1486,21,0
2020-05-25 00:00:00,1.05837,1.05942,1.05837,1.05938,417,26,0
2020-05-25 02:00:00,1.05936,1.05954,1.05891,1.05896,933,21,0
2020-05-25 04:00:00,1.05894,1.05904,1.0584,1.0584,1204,21,0
2020-05-25 06:00:00,1.05841,1.05873,1.05837,1.05865,498,21,0
2020-05-25 08:00:00,1.05865,1.05928,1.05846,1.05877,1126,21,0
2020-05-25 10:00:00,1.05876,1.05897,1.0579,1.05882,2006,21,0
2020-05-25 12:00:00,1.05882,1.05947,1.05873,1.0591,1324,21,0
2020-05-25 14:00:00,1.0591,1.05975,1.05849,1.05853,1567,21,0
2020-05-25 16:00:00,1.05852,1.05874,1.05756,1.0581,1840,21,0
2020-05-25 18:00:00,1.05811,1.05849,1.05755,1.05804,939,21,0
2020-05-25 20:00:00,1.05804,1.05852,1.05782,1.05847,2033,21,0
2020-05-25 22:00:00,1.05849,1.0587,1.05811,1.05834,1569,21,0
2020-05-26 00:00:00,1.05789,1.05859,1.05787,1.05846,371,23,0
2020-05-26 02:00:00,1.05845,1.05918,1.05845,1.05913,948,21,0
2020-05-26 04:00:00,1.05912,1.05934,1.05908,1.05931,1211,21,0
2020-05-26 06:00:00,1.05932,1.05988,1.05916,1.05973,977,21,0
2020-05-26 08:00:00,1.05973,1.06098,1.05953,1.06028,1408,21,0
2020-05-26 10:00:00,1.06026,1.06138,1.05933,1.06075,3501,21,0
2020-05-26 12:00:00,1.06077,1.06172,1.05981,1.06014,2961,21,0
2020-05-26 14:00:00,1.06015,1.06076,1.05904,1.05975,3107,21,0
2020-05-26 16:00:00,1.05975,1.06296,1.05931,1.06296,4904,21,0
2020-05-26 18:00:00,1.06295,1.06322,1.06011,1.06057,2756,21,0
2020-05-26 20:00:00,1.06058,1.06087,1.06023,1.06074,1474,21,0
2020-05-26 22:00:00,1.06073,1.06076,1.0599,1.06012,1815,21,0
2020-05-27 00:00:00,1.06012,1.06037,1.05976,1.06023,853,22,0
2020-05-27 02:00:00,1.06019,1.06024,1.05944,1.05968,1116,21,0
2020-05-27 04:00:00,1.05964,1.05977,1.0588,1.05918,1581,21,0
2020-05-27 06:00:00,1.05916,1.05958,1.05915,1.05932,829,21,0
2020-05-27 08:00:00,1.05932,1.05982,1.05905,1.05967,1352,21,0
2020-05-27 10:00:00,1.05965,1.06472,1.05964,1.0639,4389,21,0
2020-05-27 12:00:00,1.06391,1.06908,1.06219,1.06753,9389,21,0
2020-05-27 14:00:00,1.06753,1.06971,1.06672,1.06749,7387,21,0
2020-05-27 16:00:00,1.0675,1.06816,1.0641,1.06419,7507,21,0
2020-05-27 18:00:00,1.06419,1.06453,1.06311,1.06329,4940,21,0
2020-05-27 20:00:00,1.06328,1.06469,1.06309,1.06466,2337,21,0
2020-05-27 22:00:00,1.06466,1.06576,1.06455,1.06564,1796,21,0
2020-05-28 00:00:00,1.06545,1.06617,1.06485,1.06614,637,21,0
2020-05-28 02:00:00,1.06615,1.06744,1.06591,1.06727,1374,21,0
2020-05-28 04:00:00,1.06728,1.06757,1.06666,1.06684,2226,21,0
2020-05-28 06:00:00,1.06684,1.06709,1.06601,1.06626,1349,21,0
2020-05-28 08:00:00,1.06626,1.06774,1.06606,1.0668,2241,21,0
2020-05-28 10:00:00,1.0668,1.06781,1.06571,1.06656,4534,21,0
2020-05-28 12:00:00,1.06656,1.06869,1.06587,1.0682,3892,21,0
2020-05-28 14:00:00,1.06819,1.06864,1.06697,1.06835,3637,21,0
2020-05-28 16:00:00,1.06836,1.06967,1.06721,1.06735,5958,21,0
2020-05-28 18:00:00,1.06736,1.06814,1.06668,1.06785,3800,21,0
2020-05-28 20:00:00,1.06783,1.06877,1.06774,1.06816,2171,21,0
2020-05-28 22:00:00,1.06817,1.06844,1.06725,1.06783,2304,21,0
2020-05-29 00:00:00,1.06783,1.06832,1.06685,1.06791,939,21,0
2020-05-29 02:00:00,1.0679,1.06821,1.06758,1.06764,1662,21,0
2020-05-29 04:00:00,1.06757,1.06797,1.06734,1.06796,1747,21,0
2020-05-29 06:00:00,1.06794,1.06836,1.06767,1.06829,1152,21,0
2020-05-29 08:00:00,1.0683,1.06958,1.06826,1.06911,2200,21,0
2020-05-29 10:00:00,1.06912,1.06971,1.06818,1.06906,4577,21,0
2020-05-29 12:00:00,1.06907,1.07043,1.06875,1.07035,3656,21,0
2020-05-29 14:00:00,1.07034,1.07249,1.0703,1.07188,3801,21,0
2020-05-29 16:00:00,1.07188,1.07189,1.06805,1.06828,8575,21,0
2020-05-29 18:00:00,1.06828,1.06962,1.06705,1.06731,5676,21,0
2020-05-29 20:00:00,1.06731,1.06755,1.06598,1.06754,3354,21,0
2020-05-29 22:00:00,1.06756,1.06779,1.06681,1.06688,3023,21,0
2020-06-01 00:00:00,1.06777,1.06815,1.06715,1.06749,898,21,0
2020-06-01 02:00:00,1.06748,1.06844,1.06747,1.06815,2077,21,0
2020-06-01 04:00:00,1.06813,1.06968,1.06783,1.06963,2730,21,0
2020-06-01 06:00:00,1.06962,1.07011,1.06936,1.06955,1308,21,0
2020-06-01 08:00:00,1.06955,1.07025,1.06939,1.06949,1960,21,0
2020-06-01 10:00:00,1.06951,1.07055,1.06677,1.06755,5845,21,0
2020-06-01 12:00:00,1.06756,1.0681,1.06704,1.06783,3494,21,0
2020-06-01 14:00:00,1.06781,1.06869,1.06771,1.06867,2997,21,0
2020-06-01 16:00:00,1.06866,1.07002,1.06843,1.06954,5095,21,0
2020-06-01 18:00:00,1.06954,1.06979,1.06892,1.06972,2799,21,0
2020-06-01 20:00:00,1.06972,1.07086,1.06954,1.07053,1536,21,0
2020-06-01 22:00:00,1.07054,1.07077,1.06961,1.06965,1591,21,0
2020-06-02 00:00:00,1.06965,1.06995,1.06885,1.06958,566,23,0
2020-06-02 02:00:00,1.06957,1.0696,1.06909,1.06928,1701,21,0
2020-06-02 04:00:00,1.06927,1.06972,1.06909,1.0695,1478,21,0
2020-06-02 06:00:00,1.06949,1.06977,1.06927,1.0695,940,21,0
2020-06-02 08:00:00,1.06949,1.07035,1.069,1.06922,2578,21,0
2020-06-02 10:00:00,1.06923,1.07009,1.06846,1.07005,5891,21,0
2020-06-02 12:00:00,1.07006,1.07621,1.07003,1.07414,6224,21,0
2020-06-02 14:00:00,1.07416,1.07538,1.07278,1.07479,5329,21,0
2020-06-02 16:00:00,1.07477,1.07637,1.07397,1.07436,6683,21,0
2020-06-02 18:00:00,1.07434,1.07546,1.07346,1.07476,4447,21,0
2020-06-02 20:00:00,1.07477,1.07567,1.07445,1.0748,2304,21,0
2020-06-02 22:00:00,1.07479,1.07514,1.0743,1.07468,1895,21,0
2020-06-03 00:00:00,1.07465,1.07488,1.07438,1.07464,618,21,0
2020-06-03 02:00:00,1.07466,1.07661,1.07455,1.0764,2600,21,0
2020-06-03 04:00:00,1.07638,1.07658,1.07543,1.07609,2522,21,0
2020-06-03 06:00:00,1.07609,1.07728,1.07606,1.07681,1536,21,0
2020-06-03 08:00:00,1.07681,1.0785,1.07671,1.07797,2471,21,0
2020-06-03 10:00:00,1.07796,1.07975,1.07763,1.07924,6834,21,0
2020-06-03 12:00:00,1.07924,1.0798,1.07885,1.079,3696,21,0
2020-06-03 14:00:00,1.07902,1.07998,1.07882,1.07919,5233,21,0
2020-06-03 16:00:00,1.07919,1.08086,1.07889,1.07902,9513,21,0
2020-06-03 18:00:00,1.07902,1.08136,1.07898,1.08059,5476,21,0
2020-06-03 20:00:00,1.08058,1.08115,1.0801,1.081,2258,21,0
2020-06-03 22:00:00,1.081,1.08185,1.07932,1.07961,2986,21,0
2020-06-04 00:00:00,1.0796,1.08028,1.07928,1.07966,638,24,0
2020-06-04 02:00:00,1.07966,1.08023,1.07895,1.07918,2243,21,0
2020-06-04 04:00:00,1.07921,1.0794,1.07788,1.07792,1990,21,0
2020-06-04 06:00:00,1.0779,1.07814,1.07775,1.07811,1518,21,0
2020-06-04 08:00:00,1.0781,1.0786,1.077,1.07736,2232,21,0
2020-06-04 10:00:00,1.07733,1.07754,1.07634,1.07655,4757,21,0
2020-06-04 12:00:00,1.07655,1.07678,1.07431,1.07562,3495,21,0
2020-06-04 14:00:00,1.07562,1.08014,1.07509,1.07768,11639,21,0
2020-06-04 16:00:00,1.07766,1.08598,1.07703,1.08553,12934,21,0
2020-06-04 18:00:00,1.08553,1.08604,1.08209,1.08272,6877,21,0
2020-06-04 20:00:00,1.08273,1.08437,1.08236,1.08372,3651,21,0
2020-06-04 22:00:00,1.08372,1.08391,1.0828,1.08323,2755,21,0
2020-06-05 00:00:00,1.08316,1.08346,1.0823,1.0832,1197,21,0
2020-06-05 02:00:00,1.0832,1.08375,1.08262,1.08267,2148,21,0
2020-06-05 04:00:00,1.08267,1.08325,1.08241,1.08318,2299,21,0
2020-06-05 06:00:00,1.0832,1.08478,1.08317,1.0844,1473,21,0
2020-06-05 08:00:00,1.08442,1.08635,1.0844,1.08567,4224,21,0
2020-06-05 10:00:00,1.08566,1.08746,1.0846,1.08518,5813,21,0
2020-06-05 12:00:00,1.08519,1.08544,1.08386,1.08484,5291,21,0
2020-06-05 14:00:00,1.08485,1.08911,1.08484,1.08841,9571,21,0
2020-06-05 16:00:00,1.08839,1.09143,1.08785,1.08867,12307,21,0
2020-06-05 18:00:00,1.08858,1.08976,1.08631,1.08648,5757,21,0
2020-06-05 20:00:00,1.08648,1.08745,1.08625,1.08648,2644,21,0
2020-06-05 22:00:00,1.08649,1.08693,1.08534,1.08622,2716,21,0
2020-06-08 00:00:00,1.0855,1.08705,1.08537,1.08666,1113,25,0
2020-06-08 02:00:00,1.08666,1.08796,1.08653,1.08708,2254,21,0
2020-06-08 04:00:00,1.08708,1.08726,1.08649,1.0866,2396,21,0
2020-06-08 06:00:00,1.08662,1.08727,1.08643,1.0869,1093,21,0
2020-06-08 08:00:00,1.0869,1.0878,1.08677,1.08751,2289,21,0
2020-06-08 10:00:00,1.08751,1.08887,1.08711,1.08733,4674,21,0
2020-06-08 12:00:00,1.08733,1.08826,1.08541,1.08542,4296,21,0
2020-06-08 14:00:00,1.08542,1.08608,1.08338,1.08366,4069,21,0
2020-06-08 16:00:00,1.08367,1.08413,1.08004,1.08025,7326,21,0
2020-06-08 18:00:00,1.08026,1.08164,1.08005,1.08095,4554,21,0
2020-06-08 20:00:00,1.08096,1.08159,1.08062,1.08148,2001,21,0
2020-06-08 22:00:00,1.0815,1.08158,1.08088,1.0814,1326,21,0
2020-06-09 00:00:00,1.08143,1.08183,1.08055,1.08175,785,23,0
2020-06-09 02:00:00,1.08174,1.08276,1.08145,1.0815,1773,21,0
2020-06-09 04:00:00,1.0815,1.08179,1.08092,1.08132,2600,21,0
2020-06-09 06:00:00,1.08133,1.0817,1.08111,1.08115,1238,21,0
2020-06-09 08:00:00,1.08115,1.08162,1.07858,1.07898,2712,21,0
2020-06-09 10:00:00,1.07897,1.07932,1.07462,1.07556,6960,21,0
2020-06-09 12:00:00,1.07555,1.07633,1.0745,1.07625,4785,21,0
2020-06-09 14:00:00,1.07623,1.07794,1.07491,1.0768,4186,21,0
2020-06-09 16:00:00,1.07679,1.07986,1.07609,1.07732,8689,21,0
2020-06-09 18:00:00,1.0773,1.07782,1.07614,1.07679,4099,21,0
2020-06-09 20:00:00,1.07679,1.07818,1.07652,1.0779,2139,21,0
2020-06-09 22:00:00,1.07789,1.07795,1.07735,1.07795,1381,21,0
2020-06-10 00:00:00,1.07795,1.07795,1.07715,1.07777,743,24,0
2020-06-10 02:00:00,1.07778,1.07893,1.07765,1.07865,1680,21,0
2020-06-10 04:00:00,1.07867,1.07894,1.07848,1.07888,1625,21,0
2020-06-10 06:00:00,1.0789,1.07896,1.07785,1.07789,1229,21,0
2020-06-10 08:00:00,1.0779,1.07891,1.07648,1.0771,3271,21,0
2020-06-10 10:00:00,1.07709,1.07728,1.07505,1.07532,5406,21,0
2020-06-10 12:00:00,1.07533,1.07576,1.07425,1.0751,4042,21,0
2020-06-10 14:00:00,1.07512,1.07681,1.075,1.07558,5209,21,0
2020-06-10 16:00:00,1.07558,1.07589,1.07291,1.07309,6285,21,0
2020-06-10 18:00:00,1.0731,1.07394,1.07268,1.07332,4283,21,0
2020-06-10 20:00:00,1.0733,1.07656,1.07251,1.07498,11438,21,0
2020-06-10 22:00:00,1.07498,1.07581,1.07246,1.07322,6908,21,0
2020-06-11 00:00:00,1.07398,1.07402,1.07259,1.07264,915,23,0
2020-06-11 02:00:00,1.07264,1.07426,1.07248,1.07408,3045,21,0
2020-06-11 04:00:00,1.0741,1.07467,1.07373,1.07419,2407,21,0
2020-06-11 06:00:00,1.0742,1.07421,1.07178,1.07203,3641,21,0
2020-06-11 08:00:00,1.07205,1.07256,1.0712,1.07151,5191,21,0
2020-06-11 10:00:00,1.07152,1.07166,1.06925,1.07082,8564,21,0
2020-06-11 12:00:00,1.07081,1.07285,1.07049,1.0719,5705,21,0
2020-06-11 14:00:00,1.07191,1.07202,1.06888,1.06952,6636,21,0
2020-06-11 16:00:00,1.06954,1.07153,1.06837,1.06888,9423,21,0
2020-06-11 18:00:00,1.06889,1.06947,1.06636,1.0669,7069,21,0
2020-06-11 20:00:00,1.06689,1.0669,1.06562,1.06586,6378,21,0
2020-06-11 22:00:00,1.06585,1.06695,1.0655,1.06649,4600,21,0
2020-06-12 00:00:00,1.06602,1.06698,1.06547,1.06626,1609,21,0
2020-06-12 02:00:00,1.06625,1.06648,1.06553,1.0657,3258,21,0
2020-06-12 04:00:00,1.06569,1.06672,1.06539,1.06627,3458,21,0
2020-06-12 06:00:00,1.06624,1.06714,1.06617,1.06702,2615,21,0
2020-06-12 08:00:00,1.06703,1.06852,1.06676,1.06789,4011,21,0
2020-06-12 10:00:00,1.0679,1.0719,1.06736,1.07129,6330,21,0
2020-06-12 12:00:00,1.0713,1.07267,1.06986,1.07013,5612,21,0
2020-06-12 14:00:00,1.07014,1.07057,1.06893,1.06944,4590,21,0
2020-06-12 16:00:00,1.06944,1.07182,1.06892,1.0699,8781,21,0
2020-06-12 18:00:00,1.0699,1.07153,1.06896,1.0709,8940,21,0
2020-06-12 20:00:00,1.07088,1.07254,1.06986,1.07183,5474,21,0
2020-06-12 22:00:00,1.07186,1.07268,1.07125,1.07183,3786,21,0
2020-06-15 00:00:00,1.07126,1.07133,1.07026,1.07087,1697,23,0
2020-06-15 02:00:00,1.07086,1.07097,1.06997,1.07004,3592,21,0
2020-06-15 04:00:00,1.07007,1.07146,1.06979,1.07113,3050,21,0
2020-06-15 06:00:00,1.07113,1.07189,1.07044,1.0705,1783,21,0
2020-06-15 08:00:00,1.0705,1.07174,1.06935,1.07167,6128,21,0
2020-06-15 10:00:00,1.07168,1.07283,1.07061,1.071,9040,21,0
2020-06-15 12:00:00,1.07101,1.07119,1.06951,1.06962,6174,21,0
2020-06-15 14:00:00,1.06963,1.06988,1.06718,1.06793,5752,21,0
2020-06-15 16:00:00,1.06793,1.07136,1.06789,1.07118,9192,21,0
2020-06-15 18:00:00,1.07117,1.0715,1.07016,1.07036,5882,21,0
2020-06-15 20:00:00,1.07038,1.07428,1.07027,1.07281,5164,21,0
2020-06-15 22:00:00,1.0728,1.07461,1.07278,1.07459,2900,21,0
2020-06-16 00:00:00,1.07441,1.07509,1.07392,1.07481,1204,21,0
2020-06-16 02:00:00,1.07481,1.07614,1.0746,1.07469,2235,21,0
2020-06-16 04:00:00,1.07469,1.07649,1.0746,1.07639,2867,21,0
2020-06-16 06:00:00,1.07638,1.07653,1.07572,1.07573,2188,21,0
2020-06-16 08:00:00,1.07575,1.0768,1.07529,1.07672,3999,21,0
2020-06-16 10:00:00,1.07674,1.07678,1.07312,1.07486,7995,21,0
2020-06-16 12:00:00,1.07487,1.07509,1.07068,1.07153,5346,21,0
2020-06-16 14:00:00,1.07152,1.07258,1.07061,1.07125,6900,21,0
2020-06-16 16:00:00,1.07126,1.07151,1.06842,1.0687,12297,21,0
2020-06-16 18:00:00,1.06869,1.0704,1.06829,1.0697,8308,21,0
2020-06-16 20:00:00,1.06971,1.07026,1.06895,1.07019,2419,21,0
2020-06-16 22:00:00,1.07018,1.07143,1.06953,1.07134,2268,21,0
2020-06-17 00:00:00,1.07147,1.07182,1.06988,1.07092,2719,21,0
2020-06-17 02:00:00,1.07093,1.0721,1.07076,1.07181,2834,21,0
2020-06-17 04:00:00,1.07182,1.07217,1.07054,1.07077,3087,21,0
2020-06-17 06:00:00,1.07078,1.07098,1.07056,1.07066,1468,21,0
2020-06-17 08:00:00,1.07066,1.07192,1.0706,1.07155,3167,21,0
2020-06-17 10:00:00,1.07154,1.07154,1.06896,1.06994,6330,21,0
2020-06-17 12:00:00,1.06995,1.07015,1.06604,1.06749,7023,21,0
2020-06-17 14:00:00,1.06748,1.0682,1.06631,1.06656,5911,21,0
2020-06-17 16:00:00,1.06657,1.0697,1.06586,1.06828,8582,21,0
2020-06-17 18:00:00,1.06829,1.06861,1.06644,1.06742,4694,21,0
2020-06-17 20:00:00,1.06742,1.06759,1.06619,1.06624,2232,21,0
2020-06-17 22:00:00,1.06621,1.06664,1.06603,1.06638,2136,21,0
2020-06-18 00:00:00,1.0664,1.06706,1.0661,1.06686,606,25,0
2020-06-18 02:00:00,1.06687,1.06706,1.06607,1.06657,2767,21,0
2020-06-18 04:00:00,1.06658,1.06763,1.066,1.0675,3314,21,0
2020-06-18 06:00:00,1.0675,1.06825,1.06739,1.06801,1873,21,0
2020-06-18 08:00:00,1.06802,1.06862,1.0674,1.06814,2542,21,0
2020-06-18 10:00:00,1.06812,1.06892,1.06674,1.06826,5758,21,0
2020-06-18 12:00:00,1.06824,1.06844,1.06704,1.06752,5086,21,0
2020-06-18 14:00:00,1.06752,1.06783,1.06619,1.0666,6653,21,0
2020-06-18 16:00:00,1.06658,1.06822,1.06629,1.06682,7056,21,0
2020-06-18 18:00:00,1.0668,1.06744,1.06531,1.06545,4082,21,0
2020-06-18 20:00:00,1.06543,1.06637,1.06519,1.06592,2531,21,0
2020-06-18 22:00:00,1.06591,1.06616,1.06546,1.06597,1720,21,0
2020-06-19 00:00:00,1.06608,1.06629,1.0653,1.06625,559,26,0
2020-06-19 02:00:00,1.06626,1.0669,1.06557,1.06573,1635,21,0
2020-06-19 04:00:00,1.06572,1.06622,1.06556,1.0662,2013,21,0
2020-06-19 06:00:00,1.06619,1.0662,1.06562,1.06598,1361,21,0
2020-06-19 08:00:00,1.06597,1.06633,1.06549,1.06565,1750,21,0
2020-06-19 10:00:00,1.06565,1.06614,1.06512,1.06598,3207,21,0
2020-06-19 12:00:00,1.06599,1.06713,1.06493,1.06505,3528,21,0
2020-06-19 14:00:00,1.06504,1.06772,1.06476,1.06684,5948,21,0
2020-06-19 16:00:00,1.06682,1.06738,1.06351,1.06421,7543,21,0
2020-06-19 18:00:00,1.06421,1.066,1.06391,1.0648,6165,21,0
2020-06-19 20:00:00,1.06481,1.06506,1.06409,1.06442,2374,21,0
2020-06-19 22:00:00,1.06441,1.06503,1.06403,1.06418,2173,21,0
2020-06-22 00:00:00,1.06455,1.06514,1.06401,1.06437,1015,23,0
2020-06-22 02:00:00,1.06435,1.0649,1.06383,1.06457,1776,21,0
2020-06-22 04:00:00,1.06457,1.06557,1.06457,1.06538,1705,21,0
2020-06-22 06:00:00,1.06538,1.06538,1.0648,1.06509,1134,21,0
2020-06-22 08:00:00,1.06509,1.06534,1.06435,1.06471,2334,21,0
2020-06-22 10:00:00,1.0647,1.06606,1.06408,1.06586,5049,21,0
2020-06-22 12:00:00,1.06586,1.06632,1.06504,1.0654,3979,21,0
2020-06-22 14:00:00,1.0654,1.06634,1.06498,1.0662,3375,21,0
2020-06-22 16:00:00,1.06618,1.06679,1.06538,1.0666,6787,21,0
2020-06-22 18:00:00,1.06659,1.06738,1.06638,1.06704,3230,21,0
2020-06-22 20:00:00,1.06705,1.06705,1.06646,1.06678,1774,21,0
2020-06-22 22:00:00,1.06674,1.06727,1.0665,1.06712,1662,21,0
2020-06-23 00:00:00,1.06696,1.06744,1.06651,1.06729,708,21,0
2020-06-23 02:00:00,1.06728,1.06805,1.06701,1.06731,1641,21,0
2020-06-23 04:00:00,1.06733,1.06818,1.06594,1.06791,8001,21,0
2020-06-23 06:00:00,1.06792,1.068,1.06699,1.06699,2160,21,0
2020-06-23 08:00:00,1.067,1.06721,1.06648,1.0667,2586,21,0
2020-06-23 10:00:00,1.06671,1.06803,1.06635,1.06641,5982,21,0
2020-06-23 12:00:00,1.06642,1.06769,1.06631,1.06739,4485,21,0
2020-06-23 14:00:00,1.06738,1.07106,1.06723,1.06974,5581,21,0
2020-06-23 16:00:00,1.06973,1.07003,1.06805,1.06844,6895,21,0
2020-06-23 18:00:00,1.06843,1.06947,1.06818,1.06836,3958,21,0
2020-06-23 20:00:00,1.06837,1.06941,1.06816,1.06828,1979,21,0
2020-06-23 22:00:00,1.06829,1.06861,1.06793,1.06836,1584,21,0
2020-06-24 00:00:00,1.06836,1.06841,1.06774,1.06821,1407,23,0
2020-06-24 02:00:00,1.06822,1.069,1.06811,1.06889,1678,21,0
2020-06-24 04:00:00,1.06891,1.06921,1.06828,1.06847,2398,21,0
2020-06-24 06:00:00,1.06846,1.06859,1.06817,1.06833,1492,21,0
2020-06-24 08:00:00,1.06832,1.06863,1.0678,1.0684,1704,21,0
2020-06-24 10:00:00,1.0684,1.06844,1.06678,1.0677,4939,21,0
2020-06-24 12:00:00,1.0677,1.06788,1.06591,1.06782,4934,21,0
2020-06-24 14:00:00,1.06782,1.06857,1.06734,1.06831,5105,21,0
2020-06-24 16:00:00,1.0683,1.06849,1.0669,1.06795,6805,21,0
2020-06-24 18:00:00,1.06795,1.06846,1.06723,1.068,5171,21,0
2020-06-24 20:00:00,1.06801,1.06801,1.06638,1.06711,2857,21,0
2020-06-24 22:00:00,1.06711,1.06738,1.06624,1.06639,2251,21,0
2020-06-25 00:00:00,1.06584,1.06678,1.06584,1.06669,949,21,0
2020-06-25 02:00:00,1.06669,1.06732,1.06646,1.06723,1593,21,0
2020-06-25 04:00:00,1.06721,1.06736,1.06643,1.067,1950,21,0
2020-06-25 06:00:00,1.06701,1.06732,1.06662,1.06723,1656,21,0
2020-06-25 08:00:00,1.06725,1.06757,1.06586,1.06592,2593,21,0
2020-06-25 10:00:00,1.0659,1.06625,1.06483,1.0655,8060,21,0
2020-06-25 12:00:00,1.0655,1.06566,1.06424,1.0644,5233,21,0
2020-06-25 14:00:00,1.0644,1.06473,1.06343,1.0642,6865,21,0
2020-06-25 16:00:00,1.06418,1.06486,1.06376,1.0639,7159,21,0
2020-06-25 18:00:00,1.06388,1.06456,1.06364,1.06429,3655,21,0
2020-06-25 20:00:00,1.0643,1.06483,1.06395,1.0641,1947,21,0
2020-06-25 22:00:00,1.06411,1.06469,1.06368,1.06384,2060,21,0
2020-06-26 00:00:00,1.06365,1.06417,1.0636,1.06379,1088,25,0
2020-06-26 02:00:00,1.06379,1.0642,1.06357,1.06402,1545,21,0
2020-06-26 04:00:00,1.06404,1.06404,1.06362,1.06382,1442,21,0
2020-06-26 06:00:00,1.06383,1.06435,1.06363,1.0638,1128,21,0
2020-06-26 08:00:00,1.06381,1.06405,1.06309,1.06337,1656,21,0
2020-06-26 10:00:00,1.06336,1.06427,1.06294,1.06426,4783,21,0
2020-06-26 12:00:00,1.06425,1.06425,1.06349,1.0636,4188,21,0
2020-06-26 14:00:00,1.06359,1.06395,1.06271,1.06335,4380,21,0
2020-06-26 16:00:00,1.06336,1.06386,1.0627,1.0634,5283,21,0
2020-06-26 18:00:00,1.06342,1.06392,1.06281,1.06357,4365,21,0
2020-06-26 20:00:00,1.06356,1.06426,1.06352,1.06374,1849,21,0
2020-06-26 22:00:00,1.06373,1.06404,1.06317,1.06323,1465,21,0
2020-06-29 00:00:00,1.06311,1.06382,1.06311,1.06376,450,22,0
2020-06-29 02:00:00,1.06379,1.06409,1.06346,1.06408,1249,21,0
2020-06-29 04:00:00,1.06409,1.06514,1.06409,1.06505,1821,21,0
2020-06-29 06:00:00,1.06504,1.06515,1.06449,1.06465,1768,21,0
2020-06-29 08:00:00,1.06465,1.06594,1.06464,1.06552,2818,21,0
2020-06-29 10:00:00,1.06552,1.06608,1.06458,1.06532,3592,21,0
2020-06-29 12:00:00,1.06531,1.06581,1.06489,1.06569,3675,21,0
2020-06-29 14:00:00,1.06569,1.06712,1.0656,1.06691,2950,21,0
2020-06-29 16:00:00,1.06691,1.06858,1.0664,1.06815,6892,21,0
2020-06-29 18:00:00,1.06816,1.06951,1.06785,1.06909,5023,21,0
2020-06-29 20:00:00,1.06909,1.06932,1.06846,1.06874,2874,21,0
2020-06-29 22:00:00,1.06874,1.06927,1.06869,1.06917,1701,21,0
2020-06-30 00:00:00,1.069,1.06968,1.06829,1.06962,751,21,0
2020-06-30 02:00:00,1.0696,1.06978,1.06925,1.06944,1273,21,0
2020-06-30 04:00:00,1.06944,1.06967,1.06917,1.06938,1307,21,0
2020-06-30 06:00:00,1.06936,1.06967,1.06916,1.06926,1120,21,0
2020-06-30 08:00:00,1.06925,1.06946,1.0675,1.06777,2539,21,0
2020-06-30 10:00:00,1.06778,1.06858,1.06758,1.06779,3666,21,0
2020-06-30 12:00:00,1.0678,1.06795,1.06477,1.06544,3829,21,0
2020-06-30 14:00:00,1.06544,1.066,1.0641,1.0653,4282,21,0
2020-06-30 16:00:00,1.06531,1.06583,1.06302,1.06407,9067,21,0
2020-06-30 18:00:00,1.06406,1.06589,1.0637,1.0647,6642,21,0
2020-06-30 20:00:00,1.06471,1.06483,1.06361,1.06414,2723,21,0
2020-06-30 22:00:00,1.06413,1.06442,1.06358,1.06402,2253,21,0
2020-07-01 00:00:00,1.06402,1.06403,1.06321,1.06395,422,24,0
2020-07-01 02:00:00,1.06394,1.0642,1.06376,1.06403,917,21,0
2020-07-01 04:00:00,1.06403,1.06409,1.06338,1.06349,1234,21,0
2020-07-01 06:00:00,1.06348,1.06394,1.06221,1.06233,1639,21,0
2020-07-01 08:00:00,1.06234,1.06398,1.06227,1.06392,2400,21,0
2020-07-01 10:00:00,1.06392,1.064,1.06305,1.0635,4219,21,0
2020-07-01 12:00:00,1.06349,1.06363,1.06114,1.06131,4591,21,0
2020-07-01 14:00:00,1.06132,1.06403,1.06113,1.06344,5887,21,0
2020-07-01 16:00:00,1.06343,1.06607,1.06298,1.06425,7269,21,0
2020-07-01 18:00:00,1.06428,1.06529,1.06387,1.06507,4110,21,0
2020-07-01 20:00:00,1.06506,1.06529,1.06395,1.06416,2454,21,0
2020-07-01 22:00:00,1.06416,1.0647,1.06379,1.06402,1518,21,0
2020-07-02 00:00:00,1.06419,1.06438,1.06335,1.06415,534,21,0
2020-07-02 02:00:00,1.06414,1.06454,1.06376,1.06439,1135,21,0
2020-07-02 04:00:00,1.06439,1.06535,1.06407,1.06527,1731,21,0
2020-07-02 06:00:00,1.06526,1.06534,1.06501,1.06522,1327,21,0
2020-07-02 08:00:00,1.06524,1.06604,1.06486,1.06514,1787,21,0
2020-07-02 10:00:00,1.06514,1.06589,1.06472,1.06524,4155,21,0
2020-07-02 12:00:00,1.06523,1.06548,1.06418,1.06439,2498,21,0
2020-07-02 14:00:00,1.06439,1.06569,1.06421,1.06429,5664,21,0
2020-07-02 16:00:00,1.06426,1.06461,1.06188,1.06202,8270,21,0
2020-07-02 18:00:00,1.06203,1.06292,1.06168,1.06233,3802,21,0
2020-07-02 20:00:00,1.06235,1.06277,1.06204,1.06237,1581,21,0
2020-07-02 22:00:00,1.06237,1.06258,1.06207,1.0623,1209,21,0
2020-07-03 00:00:00,1.0622,1.06276,1.06201,1.06276,285,25,0
2020-07-03 02:00:00,1.06277,1.06301,1.06243,1.06298,813,21,0
2020-07-03 04:00:00,1.063,1.06334,1.06279,1.06315,1491,21,0
2020-07-03 06:00:00,1.06316,1.06317,1.06196,1.06202,1227,21,0
2020-07-03 08:00:00,1.06202,1.06341,1.06201,1.0632,1978,21,0
2020-07-03 10:00:00,1.06322,1.0637,1.0627,1.06307,3477,21,0
2020-07-03 12:00:00,1.06307,1.06312,1.06214,1.06303,2773,21,0
2020-07-03 14:00:00,1.06303,1.06315,1.06183,1.06235,2599,21,0
2020-07-03 16:00:00,1.06234,1.06324,1.0622,1.06225,3162,21,0
2020-07-03 18:00:00,1.06225,1.06287,1.06209,1.06225,1645,21,0
2020-07-03 20:00:00,1.06225,1.06262,1.06211,1.06241,9285,21,0
2020-07-03 22:00:00,1.06241,1.06255,1.06182,1.06212,4240,21,0
2020-07-06 00:00:00,1.06222,1.06283,1.06205,1.06267,334,24,0
2020-07-06 02:00:00,1.06268,1.06342,1.06247,1.06341,1615,21,0
2020-07-06 04:00:00,1.06341,1.06431,1.0632,1.06395,1571,21,0
2020-07-06 06:00:00,1.06394,1.06446,1.0638,1.06439,1200,21,0
2020-07-06 08:00:00,1.06437,1.0651,1.06408,1.06434,2000,21,0
2020-07-06 10:00:00,1.06435,1.06482,1.06329,1.0636,4755,21,0
2020-07-06 12:00:00,1.06356,1.06413,1.06307,1.06383,3216,21,0
2020-07-06 14:00:00,1.06383,1.0647,1.06327,1.06375,4074,21,0
2020-07-06 16:00:00,1.06376,1.06486,1.06308,1.06345,6527,21,0
2020-07-06 18:00:00,1.06345,1.06539,1.06326,1.0643,4277,21,0
2020-07-06 20:00:00,1.0643,1.06526,1.06427,1.06508,2912,21,0
2020-07-06 22:00:00,1.06509,1.0655,1.06501,1.06543,1702,21,0
2020-07-07 00:00:00,1.06513,1.06548,1.06459,1.06545,619,22,0
2020-07-07 02:00:00,1.06545,1.0664,1.06525,1.06616,1529,21,0
2020-07-07 04:00:00,1.06615,1.06634,1.06577,1.06585,2802,21,0
2020-07-07 06:00:00,1.06584,1.06639,1.06584,1.06622,1171,21,0
2020-07-07 08:00:00,1.06622,1.06648,1.06443,1.06469,2223,21,0
2020-07-07 10:00:00,1.06468,1.06481,1.06352,1.06376,6060,21,0
2020-07-07 12:00:00,1.06375,1.06511,1.06364,1.06451,4814,21,0
2020-07-07 14:00:00,1.06452,1.06524,1.0638,1.0642,4355,21,0
2020-07-07 16:00:00,1.0642,1.06445,1.06204,1.06244,6398,21,0
2020-07-07 18:00:00,1.06243,1.06345,1.06232,1.06293,3891,21,0
2020-07-07 20:00:00,1.06293,1.06348,1.06279,1.06306,2266,21,0
2020-07-07 22:00:00,1.06305,1.06322,1.06203,1.06233,1800,21,0
2020-07-08 00:00:00,1.06195,1.06261,1.06195,1.06245,2028,25,0
2020-07-08 02:00:00,1.06244,1.06293,1.06228,1.06262,1328,21,0
2020-07-08 04:00:00,1.06263,1.06308,1.06253,1.06302,1551,21,0
2020-07-08 06:00:00,1.06301,1.06312,1.0624,1.06257,1117,21,0
2020-07-08 08:00:00,1.06256,1.06301,1.06197,1.06253,1931,21,0
2020-07-08 10:00:00,1.06252,1.06291,1.06194,1.06205,4762,21,0
2020-07-08 12:00:00,1.06206,1.06215,1.06138,1.06199,3839,21,0
2020-07-08 14:00:00,1.06199,1.06282,1.06189,1.06269,2955,21,0
2020-07-08 16:00:00,1.0627,1.06399,1.06225,1.06254,6837,21,0
2020-07-08 18:00:00,1.06254,1.06357,1.06218,1.06282,4500,21,0
2020-07-08 20:00:00,1.06281,1.06374,1.06281,1.0632,2133,21,0
2020-07-08 22:00:00,1.06319,1.06332,1.06273,1.06299,1835,21,0
2020-07-09 00:00:00,1.0627,1.06337,1.06267,1.06333,1457,21,0
2020-07-09 02:00:00,1.06333,1.06381,1.06318,1.06347,1308,21,0
2020-07-09 04:00:00,1.06348,1.06381,1.06311,1.06378,1843,21,0
2020-07-09 06:00:00,1.06375,1.06463,1.06351,1.06437,2119,21,0
2020-07-09 08:00:00,1.06436,1.06442,1.06334,1.0638,2311,21,0
2020-07-09 10:00:00,1.06379,1.06403,1.0624,1.06304,5098,21,0
2020-07-09 12:00:00,1.06304,1.06324,1.06225,1.06306,3899,21,0
2020-07-09 14:00:00,1.06307,1.0638,1.06264,1.06324,3453,21,0
2020-07-09 16:00:00,1.06322,1.06354,1.06115,1.06136,8105,21,0
2020-07-09 18:00:00,1.06136,1.06208,1.06121,1.06156,5380,21,0
2020-07-09 20:00:00,1.06156,1.06208,1.0614,1.06205,1996,21,0
2020-07-09 22:00:00,1.06204,1.06204,1.06064,1.06077,2126,21,0
2020-07-10 00:00:00,1.06076,1.0614,1.06025,1.06119,562,24,0
2020-07-10 02:00:00,1.06119,1.06144,1.0606,1.06086,1230,21,0
2020-07-10 04:00:00,1.06087,1.06149,1.06082,1.06141,1685,21,0
2020-07-10 06:00:00,1.06142,1.0618,1.06126,1.06127,1234,21,0
2020-07-10 08:00:00,1.06127,1.06174,1.06076,1.06133,2501,21,0
2020-07-10 10:00:00,1.06132,1.06319,1.06095,1.06274,5082,21,0
2020-07-10 12:00:00,1.06273,1.06346,1.06265,1.06328,3185,21,0
2020-07-10 14:00:00,1.06328,1.06364,1.06232,1.06295,2564,21,0
2020-07-10 16:00:00,1.06294,1.0638,1.06268,1.0631,6130,21,0
2020-07-10 18:00:00,1.06308,1.06335,1.06268,1.06294,3067,21,0
2020-07-10 20:00:00,1.06294,1.0639,1.06288,1.06367,1507,21,0
2020-07-10 22:00:00,1.06368,1.06384,1.06318,1.06342,1729,21,0
2020-07-13 00:00:00,1.06264,1.06409,1.06264,1.06406,738,23,0
2020-07-13 02:00:00,1.06405,1.0641,1.06341,1.06385,1283,21,0
2020-07-13 04:00:00,1.06387,1.06422,1.06367,1.06418,1464,21,0
2020-07-13 06:00:00,1.0642,1.0643,1.06401,1.06418,1017,21,0
2020-07-13 08:00:00,1.06419,1.06508,1.06395,1.06455,1914,21,0
2020-07-13 10:00:00,1.06454,1.06516,1.06409,1.06511,4017,21,0
2020-07-13 12:00:00,1.06512,1.0673,1.06497,1.0671,2886,21,0
2020-07-13 14:00:00,1.06712,1.06901,1.06693,1.06787,3298,21,0
2020-07-13 16:00:00,1.06787,1.07019,1.06771,1.07,5140,21,0
2020-07-13 18:00:00,1.06999,1.06999,1.06881,1.06894,3297,21,0
2020-07-13 20:00:00,1.06894,1.06972,1.06883,1.06895,2570,21,0
2020-07-13 22:00:00,1.06894,1.06894,1.06747,1.06798,2855,21,0
2020-07-14 00:00:00,1.06795,1.06853,1.06778,1.06841,669,21,0
2020-07-14 02:00:00,1.06841,1.06884,1.06833,1.06872,1323,21,0
2020-07-14 04:00:00,1.06872,1.06892,1.06793,1.06814,2122,21,0
2020-07-14 06:00:00,1.06815,1.06839,1.06805,1.06837,989,21,0
2020-07-14 08:00:00,1.06837,1.06848,1.06728,1.06735,1759,21,0
2020-07-14 10:00:00,1.06735,1.06752,1.06494,1.0663,4425,21,0
2020-07-14 12:00:00,1.06625,1.06847,1.06608,1.06847,4266,21,0
2020-07-14 14:00:00,1.06846,1.0694,1.068,1.06831,4477,21,0
2020-07-14 16:00:00,1.0683,1.07025,1.06807,1.07015,8138,21,0
2020-07-14 18:00:00,1.07015,1.07062,1.06979,1.0701,4010,21,0
2020-07-14 20:00:00,1.07011,1.07028,1.0697,1.06993,2214,21,0
2020-07-14 22:00:00,1.06994,1.07154,1.06977,1.07142,1850,21,0
2020-07-15 00:00:00,1.07143,1.07187,1.07025,1.07173,743,21,0
2020-07-15 02:00:00,1.07172,1.07302,1.07162,1.07301,1846,21,0
2020-07-15 04:00:00,1.07302,1.07321,1.07215,1.07229,2036,21,0
2020-07-15 06:00:00,1.07228,1.07233,1.07157,1.0718,1324,21,0
2020-07-15 08:00:00,1.07179,1.07213,1.07101,1.07104,1738,21,0
2020-07-15 10:00:00,1.07105,1.07351,1.07005,1.07334,5553,21,0
2020-07-15 12:00:00,1.07335,1.07642,1.07323,1.07639,4476,21,0
2020-07-15 14:00:00,1.07637,1.07821,1.07631,1.07748,4800,21,0
2020-07-15 16:00:00,1.07747,1.07808,1.07559,1.0775,6692,21,0
2020-07-15 18:00:00,1.07751,1.07831,1.07624,1.07714,4179,21,0
2020-07-15 20:00:00,1.07713,1.07867,1.07696,1.07827,1857,21,0
2020-07-15 22:00:00,1.07828,1.07851,1.07727,1.07756,1697,21,0
2020-07-16 00:00:00,1.07754,1.07779,1.07706,1.07767,961,27,0
2020-07-16 02:00:00,1.07769,1.07892,1.0774,1.07873,1538,21,0
2020-07-16 04:00:00,1.07872,1.07884,1.07741,1.0779,2318,21,0
2020-07-16 06:00:00,1.0779,1.0784,1.07788,1.07813,913,21,0
2020-07-16 08:00:00,1.07812,1.0784,1.0775,1.0775,2251,21,0
2020-07-16 10:00:00,1.0775,1.07775,1.07608,1.07649,4160,21,0
2020-07-16 12:00:00,1.07649,1.07784,1.07625,1.07765,3562,21,0
2020-07-16 14:00:00,1.07765,1.0795,1.07756,1.07886,5746,21,0
2020-07-16 16:00:00,1.07886,1.07959,1.07833,1.07845,6955,21,0
2020-07-16 18:00:00,1.07846,1.07854,1.07624,1.07637,3258,21,0
2020-07-16 20:00:00,1.07637,1.07644,1.07464,1.0751,3339,21,0
2020-07-16 22:00:00,1.07511,1.07637,1.07477,1.07604,2307,21,0
2020-07-17 00:00:00,1.07603,1.07638,1.07517,1.07636,1157,22,0
2020-07-17 02:00:00,1.07637,1.07678,1.07602,1.07625,1026,21,0
2020-07-17 04:00:00,1.07625,1.07638,1.07583,1.07624,1467,21,0
2020-07-17 06:00:00,1.07624,1.0763,1.07574,1.07581,876,21,0
2020-07-17 08:00:00,1.07582,1.0759,1.07528,1.07556,1774,21,0
2020-07-17 10:00:00,1.07558,1.07673,1.07525,1.07624,3343,21,0
2020-07-17 12:00:00,1.07623,1.07628,1.07468,1.07551,3314,21,0
2020-07-17 14:00:00,1.07552,1.07555,1.0741,1.07444,2696,21,0
2020-07-17 16:00:00,1.07445,1.0752,1.07304,1.0734,4499,21,0
2020-07-17 18:00:00,1.07339,1.07397,1.07309,1.07343,2852,21,0
2020-07-17 20:00:00,1.07342,1.07378,1.07311,1.07315,1448,21,0
2020-07-17 22:00:00,1.07315,1.07331,1.07213,1.0725,2129,21,0
2020-07-20 00:00:00,1.07245,1.07379,1.07245,1.07317,1420,22,0
2020-07-20 02:00:00,1.07318,1.07374,1.073,1.07346,2007,21,0
2020-07-20 04:00:00,1.07348,1.07383,1.0731,1.07345,2246,21,0
2020-07-20 06:00:00,1.07344,1.07391,1.0729,1.07391,1563,21,0
2020-07-20 08:00:00,1.07393,1.07698,1.0736,1.07619,4292,21,0
2020-07-20 10:00:00,1.07619,1.0775,1.07553,1.07625,5307,21,0
2020-07-20 12:00:00,1.07625,1.07646,1.07459,1.07461,2938,21,0
2020-07-20 14:00:00,1.07462,1.07508,1.07225,1.07235,4312,21,0
2020-07-20 16:00:00,1.07234,1.07471,1.07191,1.07464,6863,21,0
2020-07-20 18:00:00,1.07463,1.07483,1.07399,1.07468,2995,21,0
2020-07-20 20:00:00,1.07469,1.07518,1.07457,1.07465,1514,21,0
2020-07-20 22:00:00,1.07466,1.07496,1.07445,1.07464,1305,21,0
2020-07-21 00:00:00,1.07437,1.07486,1.07431,1.07481,330,23,0
2020-07-21 02:00:00,1.0748,1.07577,1.07477,1.07551,1486,21,0
2020-07-21 04:00:00,1.07552,1.07562,1.07494,1.07516,1522,21,0
2020-07-21 06:00:00,1.07516,1.07548,1.07344,1.07362,2974,21,0
2020-07-21 08:00:00,1.07362,1.07494,1.07317,1.07378,2719,21,0
2020-07-21 10:00:00,1.0738,1.07467,1.0731,1.0739,5349,21,0
2020-07-21 12:00:00,1.07391,1.07412,1.07228,1.07234,3937,21,0
2020-07-21 14:00:00,1.07236,1.07409,1.07208,1.07305,4332,21,0
2020-07-21 16:00:00,1.07305,1.07572,1.07296,1.0752,7480,21,0
2020-07-21 18:00:00,1.0752,1.07527,1.07321,1.07413,4285,21,0
2020-07-21 20:00:00,1.07415,1.07573,1.074,1.07556,2566,21,0
2020-07-21 22:00:00,1.07555,1.0758,1.0749,1.07544,2634,21,0
2020-07-22 00:00:00,1.0753,1.07574,1.07492,1.0756,927,22,0
2020-07-22 02:00:00,1.07559,1.07593,1.07522,1.0754,2056,21,0
2020-07-22 04:00:00,1.07539,1.0759,1.07522,1.07588,2459,21,0
2020-07-22 06:00:00,1.07588,1.07594,1.0756,1.07565,1014,21,0
2020-07-22 08:00:00,1.07565,1.07576,1.07416,1.07475,2580,21,0
2020-07-22 10:00:00,1.07474,1.07672,1.07419,1.07635,8045,21,0
2020-07-22 12:00:00,1.07636,1.07906,1.07596,1.07855,5980,21,0
2020-07-22 14:00:00,1.07855,1.07938,1.07752,1.07934,6105,21,0
2020-07-22 16:00:00,1.07934,1.07938,1.07696,1.07698,7624,21,0
2020-07-22 18:00:00,1.07702,1.0774,1.07555,1.07585,5141,21,0
2020-07-22 20:00:00,1.07582,1.07611,1.07527,1.07555,2113,21,0
2020-07-22 22:00:00,1.07556,1.07595,1.07526,1.07543,1644,21,0
2020-07-23 00:00:00,1.07544,1.0756,1.07493,1.07536,615,24,0
2020-07-23 02:00:00,1.07534,1.07545,1.07499,1.07505,1058,21,0
2020-07-23 04:00:00,1.07505,1.07545,1.07499,1.07503,1409,21,0
2020-07-23 06:00:00,1.07502,1.07526,1.07488,1.07507,1089,21,0
2020-07-23 08:00:00,1.07509,1.07589,1.07489,1.07513,2173,21,0
2020-07-23 10:00:00,1.07514,1.0761,1.07453,1.0754,4524,21,0
2020-07-23 12:00:00,1.07539,1.07545,1.07395,1.07415,3565,21,0
2020-07-23 14:00:00,1.07414,1.07463,1.07151,1.07151,4648,21,0
2020-07-23 16:00:00,1.07152,1.07397,1.07146,1.07322,6369,21,0
2020-07-23 18:00:00,1.07323,1.07534,1.07265,1.07458,5883,21,0
2020-07-23 20:00:00,1.0746,1.07469,1.07348,1.07411,3573,21,0
2020-07-23 22:00:00,1.07411,1.07418,1.07292,1.07302,2553,21,0
2020-07-24 00:00:00,1.07296,1.07328,1.07235,1.07327,919,24,0
2020-07-24 02:00:00,1.07325,1.07329,1.0723,1.0732,1429,21,0
2020-07-24 04:00:00,1.07321,1.07378,1.07313,1.0737,1573,21,0
2020-07-24 06:00:00,1.07371,1.07381,1.07239,1.07251,2255,21,0
2020-07-24 08:00:00,1.07252,1.07329,1.07212,1.07284,2591,21,0
2020-07-24 10:00:00,1.07285,1.07481,1.07218,1.07362,7437,21,0
2020-07-24 12:00:00,1.07362,1.07389,1.07112,1.07138,4605,21,0
2020-07-24 14:00:00,1.07138,1.07346,1.0713,1.07292,4057,21,0
2020-07-24 16:00:00,1.07292,1.07453,1.07232,1.07286,7421,21,0
2020-07-24 18:00:00,1.07287,1.07334,1.07255,1.0732,3345,21,0
2020-07-24 20:00:00,1.0732,1.07361,1.07288,1.07308,1850,21,0
2020-07-24 22:00:00,1.0731,1.07466,1.07254,1.07254,2553,21,0
2020-07-27 00:00:00,1.07214,1.0734,1.07204,1.07336,1170,21,0
2020-07-27 02:00:00,1.07337,1.07476,1.07289,1.07469,3960,21,0
2020-07-27 04:00:00,1.0747,1.07531,1.07404,1.07486,3461,21,0
2020-07-27 06:00:00,1.07486,1.07496,1.07356,1.07391,3174,21,0
2020-07-27 08:00:00,1.07391,1.07484,1.07344,1.07396,2867,21,0
2020-07-27 10:00:00,1.07397,1.07669,1.07309,1.07644,5924,21,0
2020-07-27 12:00:00,1.07646,1.07981,1.07537,1.0791,5245,21,0
2020-07-27 14:00:00,1.07911,1.0837,1.07908,1.0823,6888,21,0
2020-07-27 16:00:00,1.08229,1.083,1.08089,1.08234,6722,21,0
2020-07-27 18:00:00,1.08234,1.08283,1.08114,1.0812,3487,21,0
2020-07-27 20:00:00,1.08118,1.08202,1.08118,1.0814,1628,21,0
2020-07-27 22:00:00,1.08141,1.08162,1.08076,1.08091,1594,21,0
2020-07-28 00:00:00,1.08062,1.08182,1.08013,1.08176,3558,21,0
2020-07-28 02:00:00,1.08174,1.08253,1.08138,1.08234,3748,21,0
2020-07-28 04:00:00,1.08234,1.08264,1.08148,1.08154,2688,21,0
2020-07-28 06:00:00,1.08153,1.08187,1.08061,1.08109,3395,21,0
2020-07-28 08:00:00,1.08109,1.08167,1.07934,1.0796,3518,21,0
2020-07-28 10:00:00,1.07959,1.08079,1.07815,1.07833,6360,21,0
2020-07-28 12:00:00,1.07835,1.07855,1.07691,1.0779,3997,21,0
2020-07-28 14:00:00,1.0779,1.07812,1.07466,1.07488,4859,21,0
2020-07-28 16:00:00,1.07488,1.07598,1.07422,1.0755,8964,21,0
2020-07-28 18:00:00,1.07553,1.07664,1.07521,1.07565,4667,21,0
2020-07-28 20:00:00,1.07564,1.07634,1.07547,1.07551,2146,21,0
2020-07-28 22:00:00,1.0755,1.07556,1.07491,1.07531,1770,21,0
2020-07-29 00:00:00,1.07529,1.07575,1.07489,1.07564,1972,22,0
2020-07-29 02:00:00,1.07563,1.07634,1.07543,1.07627,1739,21,0
2020-07-29 04:00:00,1.07625,1.07641,1.07586,1.07613,2458,21,0
2020-07-29 06:00:00,1.07612,1.07622,1.07572,1.07622,1683,21,0
2020-07-29 08:00:00,1.0762,1.07708,1.07551,1.07679,1960,21,0
2020-07-29 10:00:00,1.07679,1.07709,1.07479,1.0757,4614,21,0
2020-07-29 12:00:00,1.0757,1.07752,1.07532,1.07749,3307,21,0
2020-07-29 14:00:00,1.0775,1.07763,1.07582,1.07759,4475,21,0
2020-07-29 16:00:00,1.0776,1.07814,1.07556,1.07665,5997,21,0
2020-07-29 18:00:00,1.07666,1.07678,1.07518,1.07538,3882,21,0
2020-07-29 20:00:00,1.07537,1.07704,1.07493,1.07514,6461,21,0
2020-07-29 22:00:00,1.07513,1.07646,1.07498,1.07592,5023,21,0
2020-07-30 00:00:00,1.07591,1.07591,1.07466,1.07521,1503,24,0
2020-07-30 02:00:00,1.07521,1.07553,1.07493,1.07502,2052,21,0
2020-07-30 04:00:00,1.07502,1.07511,1.07457,1.07466,1912,21,0
2020-07-30 06:00:00,1.07467,1.07494,1.07429,1.07434,1359,21,0
2020-07-30 08:00:00,1.07434,1.07465,1.07408,1.07416,2864,21,0
2020-07-30 10:00:00,1.07416,1.07488,1.0737,1.07373,5970,21,0
2020-07-30 12:00:00,1.07374,1.07493,1.0733,1.07402,4390,21,0
2020-07-30 14:00:00,1.07402,1.07509,1.07358,1.07501,4636,21,0
2020-07-30 16:00:00,1.07501,1.0759,1.07432,1.07554,10622,21,0
2020-07-30 18:00:00,1.07557,1.07628,1.07469,1.07572,5746,21,0
2020-07-30 20:00:00,1.07571,1.07712,1.07554,1.07673,3988,21,0
2020-07-30 22:00:00,1.07674,1.07727,1.07628,1.07664,2481,21,0
2020-07-31 00:00:00,1.07665,1.07762,1.0756,1.07708,1075,22,0
2020-07-31 02:00:00,1.07708,1.07875,1.07678,1.07756,5193,21,0
2020-07-31 04:00:00,1.07756,1.0787,1.07746,1.07823,4680,21,0
2020-07-31 06:00:00,1.07822,1.07858,1.07771,1.07837,2851,21,0
2020-07-31 08:00:00,1.07838,1.07868,1.07767,1.07806,4404,21,0
2020-07-31 10:00:00,1.07808,1.07965,1.07603,1.07617,6640,21,0
2020-07-31 12:00:00,1.07615,1.0772,1.07527,1.07626,5672,21,0
2020-07-31 14:00:00,1.07627,1.07751,1.07546,1.07699,5428,21,0
2020-07-31 16:00:00,1.07699,1.07907,1.07453,1.07602,11013,21,0
2020-07-31 18:00:00,1.07603,1.07758,1.07501,1.07662,8301,21,0
2020-07-31 20:00:00,1.07661,1.07757,1.07606,1.07726,3242,21,0
2020-07-31 22:00:00,1.07723,1.07782,1.07496,1.07496,3565,21,0
2020-08-03 00:00:00,1.07606,1.07695,1.07514,1.0769,1678,21,0
2020-08-03 02:00:00,1.07691,1.07709,1.07512,1.07624,6617,21,0
2020-08-03 04:00:00,1.07624,1.07684,1.07554,1.07629,4842,21,0
2020-08-03 06:00:00,1.07629,1.07772,1.07611,1.07771,1746,21,0
2020-08-03 08:00:00,1.07771,1.07876,1.07716,1.07776,3000,21,0
2020-08-03 10:00:00,1.07776,1.08155,1.0775,1.08016,5620,21,0
2020-08-03 12:00:00,1.08017,1.08017,1.07605,1.07644,5181,21,0
2020-08-03 14:00:00,1.07644,1.08025,1.07643,1.0792,4067,21,0
2020-08-03 16:00:00,1.0792,1.08376,1.07826,1.08123,8409,21,0
2020-08-03 18:00:00,1.08123,1.08163,1.0794,1.07992,3942,21,0
2020-08-03 20:00:00,1.07992,1.08019,1.0791,1.07931,2359,21,0
2020-08-03 22:00:00,1.07931,1.07993,1.07917,1.07931,2140,21,0
2020-08-04 00:00:00,1.07896,1.0793,1.07825,1.07906,3564,21,0
2020-08-04 02:00:00,1.07907,1.07984,1.07893,1.07965,1661,21,0
2020-08-04 04:00:00,1.07964,1.08,1.07953,1.07996,1384,21,0
2020-08-04 06:00:00,1.07997,1.08065,1.07965,1.08032,1508,21,0
2020-08-04 08:00:00,1.08031,1.081,1.07982,1.08075,2804,21,0
2020-08-04 10:00:00,1.08075,1.08075,1.07864,1.07954,6676,21,0
2020-08-04 12:00:00,1.07962,1.07968,1.07741,1.07744,4792,21,0
2020-08-04 14:00:00,1.07745,1.07765,1.07383,1.07427,5872,21,0
2020-08-04 16:00:00,1.07429,1.07778,1.07429,1.07672,7908,21,0
2020-08-04 18:00:00,1.07672,1.07778,1.07598,1.07768,4459,21,0
2020-08-04 20:00:00,1.07766,1.07777,1.07724,1.07743,2067,21,0
2020-08-04 22:00:00,1.07743,1.07788,1.0769,1.07775,1903,21,0
2020-08-05 00:00:00,1.07771,1.07783,1.07688,1.0778,1033,22,0
2020-08-05 02:00:00,1.0778,1.07835,1.07748,1.07824,2164,21,0
2020-08-05 04:00:00,1.07825,1.07851,1.07786,1.0784,1843,21,0
2020-08-05 06:00:00,1.0784,1.07842,1.07776,1.07786,1385,21,0
2020-08-05 08:00:00,1.07786,1.07834,1.0774,1.07747,2505,21,0
2020-08-05 10:00:00,1.07748,1.078,1.07611,1.07755,5844,21,0
2020-08-05 12:00:00,1.07758,1.07924,1.07664,1.07711,5556,21,0
2020-08-05 14:00:00,1.0771,1.07766,1.07622,1.07704,6380,21,0
2020-08-05 16:00:00,1.07705,1.07805,1.07663,1.07696,8107,21,0
2020-08-05 18:00:00,1.07697,1.07775,1.0767,1.07685,4625,21,0
2020-08-05 20:00:00,1.07687,1.07768,1.07687,1.07728,1734,21,0
2020-08-05 22:00:00,1.07728,1.07791,1.07715,1.0776,1777,21,0
2020-08-06 00:00:00,1.07677,1.07807,1.07662,1.07798,620,24,0
2020-08-06 02:00:00,1.07799,1.07886,1.07787,1.07856,1619,21,0
2020-08-06 04:00:00,1.07856,1.07866,1.07793,1.07796,2727,21,0
2020-08-06 06:00:00,1.07796,1.07903,1.07795,1.079,1326,21,0
2020-08-06 08:00:00,1.079,1.08074,1.07789,1.07848,5770,21,0
2020-08-06 10:00:00,1.07848,1.07942,1.07546,1.07555,8657,21,0
2020-08-06 12:00:00,1.07554,1.07758,1.07554,1.07585,5353,21,0
2020-08-06 14:00:00,1.07586,1.07817,1.07512,1.07812,5847,21,0
2020-08-06 16:00:00,1.07811,1.07959,1.07605,1.07869,9351,21,0
2020-08-06 18:00:00,1.07869,1.08156,1.07783,1.08133,6173,21,0
2020-08-06 20:00:00,1.08135,1.08208,1.08057,1.08082,3099,21,0
2020-08-06 22:00:00,1.08081,1.08101,1.07987,1.08033,2452,21,0
2020-08-07 00:00:00,1.0804,1.08078,1.07913,1.08067,739,22,0
2020-08-07 02:00:00,1.08067,1.08106,1.08032,1.081,1620,21,0
2020-08-07 04:00:00,1.081,1.08105,1.07941,1.0797,3001,21,0
2020-08-07 06:00:00,1.0797,1.08029,1.0794,1.07942,2710,21,0
2020-08-07 08:00:00,1.07944,1.07981,1.07902,1.07917,2644,21,0
2020-08-07 10:00:00,1.07916,1.08066,1.07848,1.08024,5784,21,0
2020-08-07 12:00:00,1.08021,1.08126,1.07946,1.08016,5045,21,0
2020-08-07 14:00:00,1.08017,1.08117,1.07895,1.07932,7447,21,0
2020-08-07 16:00:00,1.07933,1.07935,1.07545,1.07604,12341,21,0
2020-08-07 18:00:00,1.07606,1.07669,1.0756,1.07601,4747,21,0
2020-08-07 20:00:00,1.07601,1.0762,1.0753,1.07581,2477,21,0
2020-08-07 22:00:00,1.07583,1.07648,1.07519,1.07523,1899,21,0
2020-08-10 00:00:00,1.07556,1.07576,1.07502,1.07522,736,21,0
2020-08-10 02:00:00,1.07523,1.07612,1.07516,1.07606,1162,21,0
2020-08-10 04:00:00,1.07607,1.07704,1.07582,1.07685,1594,21,0
2020-08-10 06:00:00,1.07685,1.077,1.07665,1.0768,619,21,0
2020-08-10 08:00:00,1.07681,1.07738,1.07574,1.07578,2201,21,0
2020-08-10 10:00:00,1.07578,1.0778,1.07518,1.07771,4871,21,0
2020-08-10 12:00:00,1.07769,1.0789,1.07714,1.07855,3842,21,0
2020-08-10 14:00:00,1.07854,1.07916,1.07807,1.07866,3862,21,0
2020-08-10 16:00:00,1.07865,1.07879,1.07576,1.07595,6002,21,0
2020-08-10 18:00:00,1.07592,1.07651,1.07462,1.07482,4088,21,0
2020-08-10 20:00:00,1.07482,1.0754,1.07467,1.07481,1966,21,0
2020-08-10 22:00:00,1.07481,1.07494,1.0745,1.07462,2350,21,0
2020-08-11 00:00:00,1.07462,1.07476,1.07429,1.07468,784,23,0
2020-08-11 02:00:00,1.07467,1.07477,1.07441,1.07446,1413,21,0
2020-08-11 04:00:00,1.07445,1.07538,1.0743,1.07508,1699,21,0
2020-08-11 06:00:00,1.0751,1.07538,1.07488,1.07514,1241,21,0
2020-08-11 08:00:00,1.07515,1.07545,1.0735,1.07352,3943,21,0
2020-08-11 10:00:00,1.07351,1.07637,1.07341,1.07622,6480,21,0
2020-08-11 12:00:00,1.07619,1.07722,1.07494,1.07509,6495,21,0
2020-08-11 14:00:00,1.0751,1.07574,1.07395,1.07529,6980,21,0
2020-08-11 16:00:00,1.07528,1.07787,1.0749,1.07761,10463,21,0
2020-08-11 18:00:00,1.07766,1.07905,1.07718,1.0777,6400,21,0
2020-08-11 20:00:00,1.07771,1.07771,1.0766,1.07716,3605,21,0
2020-08-11 22:00:00,1.07716,1.07732,1.07611,1.07628,3515,21,0
2020-08-12 00:00:00,1.07622,1.07665,1.07594,1.07642,704,24,0
2020-08-12 02:00:00,1.07644,1.07688,1.07612,1.07656,2497,21,0
2020-08-12 04:00:00,1.07657,1.07741,1.07656,1.07719,3500,21,0
2020-08-12 06:00:00,1.07719,1.07743,1.07686,1.07717,1945,21,0
2020-08-12 08:00:00,1.07715,1.07864,1.07568,1.07579,3444,21,0
2020-08-12 10:00:00,1.07579,1.07725,1.07566,1.07595,6806,21,0
2020-08-12 12:00:00,1.07594,1.07612,1.07496,1.07529,5033,21,0
2020-08-12 14:00:00,1.07527,1.07592,1.07457,1.07517,6876,21,0
2020-08-12 16:00:00,1.07516,1.07539,1.07375,1.0747,8496,21,0
2020-08-12 18:00:00,1.07469,1.07503,1.07396,1.07426,4731,21,0
2020-08-12 20:00:00,1.07425,1.075,1.0741,1.07485,2353,21,0
2020-08-12 22:00:00,1.07486,1.07531,1.07454,1.07454,2064,21,0
2020-08-13 00:00:00,1.07453,1.07503,1.07401,1.07503,459,21,0
2020-08-13 02:00:00,1.075,1.07574,1.07489,1.07565,1845,21,0
2020-08-13 04:00:00,1.07567,1.07569,1.07504,1.07532,2419,21,0
2020-08-13 06:00:00,1.07532,1.07576,1.07532,1.07544,1397,21,0
2020-08-13 08:00:00,1.07543,1.07636,1.07505,1.0758,3296,21,0
2020-08-13 10:00:00,1.0758,1.07667,1.07527,1.07623,5667,21,0
2020-08-13 12:00:00,1.07624,1.07836,1.07598,1.07801,5041,21,0
2020-08-13 14:00:00,1.07801,1.07898,1.07713,1.07786,5265,21,0
2020-08-13 16:00:00,1.07786,1.07838,1.07615,1.07703,7166,21,0
2020-08-13 18:00:00,1.07702,1.07707,1.07492,1.07537,3237,21,0
2020-08-13 20:00:00,1.07534,1.07552,1.07439,1.07451,3008,21,0
2020-08-13 22:00:00,1.07449,1.07514,1.07429,1.07456,2296,21,0
2020-08-14 00:00:00,1.07458,1.07489,1.07432,1.07488,468,22,0
2020-08-14 02:00:00,1.0749,1.07512,1.07444,1.07446,1890,21,0
2020-08-14 04:00:00,1.07447,1.07474,1.07434,1.07461,1378,21,0
2020-08-14 06:00:00,1.0746,1.07518,1.07443,1.07511,934,21,0
2020-08-14 08:00:00,1.07511,1.07584,1.07476,1.07479,2463,21,0
2020-08-14 10:00:00,1.0748,1.07528,1.07401,1.07521,5167,21,0
2020-08-14 12:00:00,1.07519,1.07567,1.07407,1.07467,5341,21,0
2020-08-14 14:00:00,1.07468,1.076,1.07468,1.07532,3759,21,0
2020-08-14 16:00:00,1.07532,1.07604,1.07502,1.07567,5449,21,0
2020-08-14 18:00:00,1.07568,1.0771,1.07527,1.07698,3109,21,0
2020-08-14 20:00:00,1.07697,1.07713,1.07631,1.07647,2205,21,0
2020-08-14 22:00:00,1.07646,1.07658,1.07624,1.0763,1549,21,0
2020-08-17 00:00:00,1.07545,1.07653,1.07522,1.07639,716,23,0
2020-08-17 02:00:00,1.07638,1.07721,1.07637,1.07721,1245,21,0
2020-08-17 04:00:00,1.07721,1.07831,1.0771,1.0779,1247,21,0
2020-08-17 06:00:00,1.07789,1.07838,1.0778,1.07796,700,21,0
2020-08-17 08:00:00,1.07795,1.07799,1.0765,1.07653,1808,21,0
2020-08-17 10:00:00,1.07653,1.07688,1.07444,1.07482,5886,21,0
2020-08-17 12:00:00,1.0748,1.07606,1.07448,1.0757,3984,21,0
2020-08-17 14:00:00,1.07571,1.07716,1.07549,1.077,4092,21,0
2020-08-17 16:00:00,1.07701,1.07701,1.0749,1.0757,5936,21,0
2020-08-17 18:00:00,1.07572,1.07592,1.07475,1.07492,3729,21,0
2020-08-17 20:00:00,1.0749,1.07534,1.07484,1.07532,2527,21,0
2020-08-17 22:00:00,1.07531,1.07622,1.07511,1.07607,2152,21,0
2020-08-18 00:00:00,1.07607,1.07636,1.07478,1.07632,1281,24,0
2020-08-18 02:00:00,1.07633,1.0768,1.07631,1.07673,1430,21,0
2020-08-18 04:00:00,1.07672,1.07695,1.07599,1.07631,2806,21,0
2020-08-18 06:00:00,1.07631,1.07644,1.07601,1.07641,1510,21,0
2020-08-18 08:00:00,1.07641,1.07659,1.0753,1.07545,2852,21,0
2020-08-18 10:00:00,1.07543,1.078,1.07531,1.07782,6434,21,0
2020-08-18 12:00:00,1.07782,1.07833,1.07714,1.07724,3603,21,0
2020-08-18 14:00:00,1.07724,1.07836,1.07639,1.07815,5212,21,0
2020-08-18 16:00:00,1.07816,1.0789,1.07695,1.07734,9616,21,0
2020-08-18 18:00:00,1.07734,1.07789,1.07674,1.07734,4539,21,0
2020-08-18 20:00:00,1.07733,1.07794,1.07712,1.07786,2354,21,0
2020-08-18 22:00:00,1.07785,1.07813,1.07756,1.07811,1704,21,0
2020-08-19 00:00:00,1.07803,1.07823,1.07721,1.07821,1913,23,0
2020-08-19 02:00:00,1.0782,1.07886,1.07813,1.07867,1788,21,0
2020-08-19 04:00:00,1.07868,1.07887,1.07827,1.07852,2221,21,0
2020-08-19 06:00:00,1.07853,1.07865,1.07809,1.07811,1457,21,0
2020-08-19 08:00:00,1.07814,1.07844,1.07775,1.07798,2614,21,0
2020-08-19 10:00:00,1.07797,1.07845,1.07705,1.07734,5644,21,0
2020-08-19 12:00:00,1.07734,1.07822,1.07716,1.07789,4266,21,0
2020-08-19 14:00:00,1.07788,1.08333,1.07788,1.08301,5103,21,0
2020-08-19 16:00:00,1.08302,1.08484,1.08162,1.08305,8616,21,0
2020-08-19 18:00:00,1.08303,1.08458,1.08231,1.08367,7621,21,0
2020-08-19 20:00:00,1.08366,1.08478,1.08225,1.08315,8173,21,0
2020-08-19 22:00:00,1.08316,1.08368,1.08229,1.0829,3824,21,0
2020-08-20 00:00:00,1.08279,1.08369,1.08279,1.08353,1054,22,0
2020-08-20 02:00:00,1.08353,1.08404,1.08324,1.08403,1760,21,0
2020-08-20 04:00:00,1.08403,1.08407,1.08352,1.08394,2598,21,0
2020-08-20 06:00:00,1.08396,1.08396,1.08316,1.08341,2238,21,0
2020-08-20 08:00:00,1.08342,1.08358,1.08214,1.0823,4659,21,0
2020-08-20 10:00:00,1.08231,1.08308,1.07958,1.07975,8063,21,0
2020-08-20 12:00:00,1.07973,1.08033,1.07814,1.07876,6553,21,0
2020-08-20 14:00:00,1.07875,1.07884,1.07758,1.07774,6239,21,0
2020-08-20 16:00:00,1.07774,1.078,1.07641,1.07691,10486,21,0
2020-08-20 18:00:00,1.07688,1.07796,1.07682,1.07726,5321,21,0
2020-08-20 20:00:00,1.07725,1.07749,1.07668,1.0767,2707,21,0
2020-08-20 22:00:00,1.07671,1.07719,1.07609,1.0765,2444,21,0
2020-08-21 00:00:00,1.07635,1.07659,1.07575,1.07644,1413,25,0
2020-08-21 02:00:00,1.07645,1.07705,1.0763,1.07686,2494,21,0
2020-08-21 04:00:00,1.07686,1.07713,1.07637,1.07685,2061,21,0
2020-08-21 06:00:00,1.07684,1.07738,1.07681,1.07735,1081,21,0
2020-08-21 08:00:00,1.07734,1.07772,1.07641,1.07735,2587,21,0
2020-08-21 10:00:00,1.07734,1.07759,1.075,1.07556,7235,21,0
2020-08-21 12:00:00,1.07556,1.0761,1.07443,1.07548,4741,21,0
2020-08-21 14:00:00,1.07548,1.07548,1.07401,1.0748,6080,21,0
2020-08-21 16:00:00,1.07478,1.07508,1.07351,1.07482,7865,21,0
2020-08-21 18:00:00,1.07484,1.0756,1.07433,1.0753,3926,21,0
2020-08-21 20:00:00,1.07528,1.07559,1.07489,1.07536,2280,21,0
2020-08-21 22:00:00,1.07537,1.07558,1.07473,1.07511,2109,21,0
2020-08-24 00:00:00,1.07486,1.0759,1.07462,1.07561,1580,21,0
2020-08-24 02:00:00,1.0756,1.07638,1.07551,1.07614,1699,21,0
2020-08-24 04:00:00,1.07615,1.07633,1.07552,1.07558,1523,21,0
2020-08-24 06:00:00,1.07558,1.07617,1.07555,1.07595,1262,21,0
2020-08-24 08:00:00,1.07596,1.07679,1.07543,1.07667,1766,21,0
2020-08-24 10:00:00,1.07667,1.07742,1.07445,1.0758,4603,21,0
2020-08-24 12:00:00,1.0758,1.07636,1.07535,1.07609,2938,21,0
2020-08-24 14:00:00,1.0761,1.07637,1.07461,1.07519,3858,21,0
2020-08-24 16:00:00,1.07518,1.07622,1.07505,1.07546,6151,21,0
2020-08-24 18:00:00,1.07546,1.07562,1.07449,1.07463,4685,21,0
2020-08-24 20:00:00,1.07463,1.07505,1.07436,1.07462,2561,21,0
2020-08-24 22:00:00,1.07463,1.07502,1.07458,1.07481,1583,21,0
2020-08-25 00:00:00,1.07476,1.07545,1.07447,1.07539,3339,22,0
2020-08-25 02:00:00,1.07541,1.07576,1.07476,1.07479,1857,21,0
2020-08-25 04:00:00,1.07476,1.07567,1.07476,1.07566,1889,21,0
2020-08-25 06:00:00,1.07568,1.07626,1.07566,1.07614,1068,21,0
2020-08-25 08:00:00,1.07614,1.07671,1.07589,1.07598,2411,21,0
2020-08-25 10:00:00,1.07599,1.07657,1.0745,1.07509,5167,21,0
2020-08-25 12:00:00,1.0751,1.07614,1.07479,1.07523,4364,21,0
2020-08-25 14:00:00,1.07524,1.07562,1.07438,1.07549,3948,21,0
2020-08-25 16:00:00,1.07547,1.07588,1.07389,1.0751,7845,21,0
2020-08-25 18:00:00,1.07514,1.07529,1.0731,1.07382,5421,21,0
2020-08-25 20:00:00,1.07383,1.07459,1.07371,1.0742,2521,21,0
2020-08-25 22:00:00,1.0742,1.07422,1.07371,1.07411,2259,21,0
2020-08-26 00:00:00,1.0741,1.07462,1.07328,1.07429,4286,21,0
2020-08-26 02:00:00,1.07429,1.07468,1.07388,1.07424,1841,21,0
2020-08-26 04:00:00,1.07425,1.07491,1.07396,1.07405,2388,21,0
2020-08-26 06:00:00,1.07405,1.07438,1.07362,1.07383,1237,21,0
2020-08-26 08:00:00,1.07383,1.0754,1.07366,1.07538,2256,21,0
2020-08-26 10:00:00,1.07537,1.07584,1.07467,1.07523,5478,21,0
2020-08-26 12:00:00,1.07523,1.07536,1.07357,1.0736,4147,21,0
2020-08-26 14:00:00,1.07361,1.07416,1.07321,1.0737,5072,21,0
2020-08-26 16:00:00,1.07369,1.07467,1.07327,1.07356,6450,21,0
2020-08-26 18:00:00,1.07357,1.07382,1.0731,1.07376,4690,21,0
2020-08-26 20:00:00,1.07377,1.0743,1.07348,1.07356,2657,21,0
2020-08-26 22:00:00,1.07356,1.07457,1.0735,1.07434,1721,21,0
2020-08-27 00:00:00,1.07374,1.07442,1.07352,1.07432,790,21,0
2020-08-27 02:00:00,1.07433,1.07474,1.0741,1.07467,1626,21,0
2020-08-27 04:00:00,1.07468,1.07507,1.07418,1.07425,3212,21,0
2020-08-27 06:00:00,1.07425,1.07436,1.07391,1.07396,1143,21,0
2020-08-27 08:00:00,1.07396,1.07475,1.07331,1.07419,2454,21,0
2020-08-27 10:00:00,1.07419,1.07505,1.07327,1.07416,6422,21,0
2020-08-27 12:00:00,1.07414,1.07477,1.07293,1.07368,4569,21,0
2020-08-27 14:00:00,1.07367,1.07595,1.07358,1.07487,6933,21,0
2020-08-27 16:00:00,1.07488,1.07574,1.07234,1.07243,22408,21,0
2020-08-27 18:00:00,1.07243,1.07386,1.07207,1.07343,8575,21,0
2020-08-27 20:00:00,1.07343,1.07471,1.07326,1.07415,4486,21,0
2020-08-27 22:00:00,1.07414,1.07469,1.07384,1.07441,3118,21,0
2020-08-28 00:00:00,1.07356,1.07467,1.07328,1.07467,668,26,0
2020-08-28 02:00:00,1.07467,1.07492,1.0744,1.07447,2220,21,0
2020-08-28 04:00:00,1.07448,1.07496,1.07441,1.07487,2424,21,0
2020-08-28 06:00:00,1.07486,1.07567,1.0748,1.07562,2721,21,0
2020-08-28 08:00:00,1.07562,1.0758,1.07448,1.07463,7276,21,0
2020-08-28 10:00:00,1.07462,1.07589,1.07447,1.07548,9084,21,0
2020-08-28 12:00:00,1.0755,1.07584,1.07469,1.07529,6490,21,0
2020-08-28 14:00:00,1.0753,1.07622,1.07474,1.07591,6772,21,0
2020-08-28 16:00:00,1.0759,1.07672,1.07541,1.07559,10364,21,0
2020-08-28 18:00:00,1.0756,1.07666,1.075,1.07569,4938,21,0
2020-08-28 20:00:00,1.07569,1.07627,1.07566,1.07591,2733,21,0
2020-08-28 22:00:00,1.07592,1.07628,1.07555,1.07611,2137,21,0
2020-08-31 00:00:00,1.07617,1.07698,1.0756,1.07628,2848,21,0
2020-08-31 02:00:00,1.07627,1.07693,1.07592,1.0761,3112,21,0
2020-08-31 04:00:00,1.0761,1.07718,1.07588,1.07676,2550,21,0
2020-08-31 06:00:00,1.07676,1.07676,1.07614,1.07616,1146,21,0
2020-08-31 08:00:00,1.07613,1.07643,1.07485,1.07533,3261,21,0
2020-08-31 10:00:00,1.07533,1.07575,1.07456,1.07533,6068,21,0
2020-08-31 12:00:00,1.07529,1.07876,1.07492,1.07827,4502,21,0
2020-08-31 14:00:00,1.07828,1.0787,1.07667,1.07735,4610,21,0
2020-08-31 16:00:00,1.07733,1.07781,1.0757,1.0767,7282,21,0
2020-08-31 18:00:00,1.07676,1.07882,1.07635,1.07824,5261,21,0
2020-08-31 20:00:00,1.07823,1.0784,1.07802,1.07814,2392,21,0
2020-08-31 22:00:00,1.07816,1.07884,1.0779,1.07861,2087,21,0
2020-09-01 00:00:00,1.07861,1.07888,1.07801,1.07882,932,21,0
2020-09-01 02:00:00,1.07882,1.07971,1.07881,1.07929,1749,21,0
2020-09-01 04:00:00,1.07925,1.08025,1.07909,1.08007,4503,21,0
2020-09-01 06:00:00,1.08007,1.08039,1.07987,1.08009,1940,21,0
2020-09-01 08:00:00,1.08009,1.08021,1.07834,1.07871,4572,21,0
2020-09-01 10:00:00,1.07872,1.08078,1.07822,1.0806,7813,21,0
2020-09-01 12:00:00,1.08061,1.08424,1.08057,1.08367,5997,21,0
2020-09-01 14:00:00,1.08366,1.08757,1.08361,1.08669,7459,21,0
2020-09-01 16:00:00,1.08669,1.08766,1.08515,1.08545,10723,21,0
2020-09-01 18:00:00,1.08546,1.08556,1.08368,1.08414,5007,21,0
2020-09-01 20:00:00,1.08413,1.08413,1.08251,1.08323,5188,21,0
2020-09-01 22:00:00,1.08318,1.08332,1.08223,1.08302,2412,21,0
2020-09-02 00:00:00,1.08289,1.08412,1.0826,1.08387,908,23,0
2020-09-02 02:00:00,1.08388,1.08475,1.08375,1.08467,2447,21,0
2020-09-02 04:00:00,1.08466,1.08506,1.08377,1.08432,2743,21,0
2020-09-02 06:00:00,1.08432,1.08436,1.08396,1.08409,941,21,0
2020-09-02 08:00:00,1.08411,1.08502,1.0836,1.08458,3218,21,0
2020-09-02 10:00:00,1.08458,1.08474,1.08188,1.08221,7620,21,0
2020-09-02 12:00:00,1.0822,1.0826,1.0796,1.07982,5037,21,0
2020-09-02 14:00:00,1.0798,1.08117,1.07941,1.08066,7317,21,0
2020-09-02 16:00:00,1.08065,1.08084,1.07776,1.07804,8493,21,0
2020-09-02 18:00:00,1.07804,1.0801,1.07737,1.08002,5407,21,0
2020-09-02 20:00:00,1.07999,1.08002,1.07913,1.07931,3251,21,0
2020-09-02 22:00:00,1.07929,1.07966,1.0787,1.07942,2765,21,0
2020-09-03 00:00:00,1.0794,1.07999,1.07898,1.07992,927,21,0
2020-09-03 02:00:00,1.07993,1.08006,1.07936,1.07941,1976,21,0
2020-09-03 04:00:00,1.0794,1.07945,1.07853,1.0786,2209,21,0
2020-09-03 06:00:00,1.07861,1.07865,1.07767,1.07812,1759,21,0
2020-09-03 08:00:00,1.07813,1.07817,1.07725,1.07789,3511,21,0
2020-09-03 10:00:00,1.0779,1.07837,1.07686,1.07811,5677,21,0
2020-09-03 12:00:00,1.07811,1.07825,1.0763,1.07697,5185,21,0
2020-09-03 14:00:00,1.07696,1.07836,1.07648,1.0777,5111,21,0
2020-09-03 16:00:00,1.07769,1.07856,1.07581,1.07642,6895,21,0
2020-09-03 18:00:00,1.0764,1.0778,1.07598,1.07705,7869,21,0
2020-09-03 20:00:00,1.07704,1.07804,1.07704,1.07751,4429,21,0
2020-09-03 22:00:00,1.07751,1.078,1.0774,1.07776,3065,21,0
2020-09-04 00:00:00,1.07747,1.07773,1.07693,1.07773,894,24,0
2020-09-04 02:00:00,1.07773,1.07806,1.07727,1.07781,2068,21,0
2020-09-04 04:00:00,1.07783,1.07795,1.07724,1.07761,1867,21,0
2020-09-04 06:00:00,1.07759,1.078,1.07749,1.07783,1168,21,0
2020-09-04 08:00:00,1.07783,1.07835,1.07735,1.07783,2086,21,0
2020-09-04 10:00:00,1.07783,1.07994,1.07742,1.07869,5138,21,0
2020-09-04 12:00:00,1.07869,1.07949,1.07821,1.07946,2407,21,0
2020-09-04 14:00:00,1.07948,1.07978,1.07789,1.07834,6034,21,0
2020-09-04 16:00:00,1.07834,1.08041,1.0779,1.07986,9899,21,0
2020-09-04 18:00:00,1.0799,1.08189,1.07912,1.08163,6572,21,0
2020-09-04 20:00:00,1.08163,1.08248,1.08084,1.08101,2960,21,0
2020-09-04 22:00:00,1.08102,1.08132,1.08069,1.0812,2117,21,0
2020-09-07 00:00:00,1.08118,1.08151,1.08059,1.08134,747,21,0
2020-09-07 02:00:00,1.08134,1.08147,1.08095,1.08108,1531,21,0
2020-09-07 04:00:00,1.08106,1.08195,1.08102,1.08192,1222,21,0
2020-09-07 06:00:00,1.08191,1.08196,1.08131,1.08165,863,21,0
2020-09-07 08:00:00,1.08165,1.08193,1.0809,1.08137,2051,21,0
2020-09-07 10:00:00,1.08138,1.08145,1.07983,1.08027,4266,21,0
2020-09-07 12:00:00,1.08027,1.08155,1.08011,1.08034,3453,21,0
2020-09-07 14:00:00,1.08033,1.08215,1.08,1.08208,2487,21,0
2020-09-07 16:00:00,1.08208,1.08254,1.0815,1.08204,4155,21,0
2020-09-07 18:00:00,1.08204,1.08287,1.08185,1.08278,1720,21,0
2020-09-07 20:00:00,1.08279,1.08343,1.0823,1.08238,2029,21,0
2020-09-07 22:00:00,1.08239,1.08242,1.08202,1.08202,4053,21,0
2020-09-08 00:00:00,1.08203,1.08276,1.0819,1.08274,1269,21,0
2020-09-08 02:00:00,1.08274,1.0831,1.0825,1.08308,1817,21,0
2020-09-08 04:00:00,1.08308,1.08351,1.08265,1.08344,1885,21,0
2020-09-08 06:00:00,1.08345,1.08392,1.0833,1.08386,680,21,0
2020-09-08 08:00:00,1.08384,1.08412,1.08286,1.08374,3096,21,0
2020-09-08 10:00:00,1.08372,1.08434,1.08294,1.08359,5085,21,0
2020-09-08 12:00:00,1.08362,1.08458,1.08226,1.08238,6776,21,0
2020-09-08 14:00:00,1.08239,1.0831,1.08122,1.08223,7332,21,0
2020-09-08 16:00:00,1.08223,1.08241,1.08096,1.08134,11370,21,0
2020-09-08 18:00:00,1.08135,1.08154,1.08012,1.08081,5655,21,0
2020-09-08 20:00:00,1.08081,1.08127,1.07966,1.0807,2293,21,0
2020-09-08 22:00:00,1.08068,1.08133,1.08038,1.08069,3220,21,0
2020-09-09 00:00:00,1.08068,1.08071,1.07966,1.08035,1702,21,0
2020-09-09 02:00:00,1.08037,1.08095,1.08002,1.08089,1708,21,0
2020-09-09 04:00:00,1.08089,1.08103,1.08066,1.081,1867,21,0
2020-09-09 06:00:00,1.081,1.08126,1.08091,1.08118,818,21,0
2020-09-09 08:00:00,1.08118,1.08166,1.08036,1.08086,2717,21,0
2020-09-09 10:00:00,1.08086,1.08129,1.07944,1.07965,6233,21,0
2020-09-09 12:00:00,1.07964,1.0806,1.07915,1.08006,4002,21,0
2020-09-09 14:00:00,1.08007,1.08159,1.07955,1.08054,7403,21,0
2020-09-09 16:00:00,1.08053,1.08164,1.07864,1.07874,9873,21,0
2020-09-09 18:00:00,1.07876,1.0789,1.07773,1.07799,4635,21,0
2020-09-09 20:00:00,1.07798,1.07812,1.07744,1.0775,2550,21,0
2020-09-09 22:00:00,1.0775,1.0775,1.0767,1.07681,1980,21,0
2020-09-10 00:00:00,1.07677,1.0774,1.07669,1.07688,648,21,0
2020-09-10 02:00:00,1.07688,1.07699,1.07635,1.07687,1836,21,0
2020-09-10 04:00:00,1.07688,1.07762,1.07668,1.07753,1909,21,0
2020-09-10 06:00:00,1.07751,1.07759,1.07693,1.07734,945,21,0
2020-09-10 08:00:00,1.07734,1.07758,1.07645,1.07709,2384,21,0
2020-09-10 10:00:00,1.07708,1.07714,1.075,1.07518,4427,21,0
2020-09-10 12:00:00,1.07517,1.07679,1.07492,1.0759,3662,21,0
2020-09-10 14:00:00,1.0759,1.07828,1.0757,1.0774,10441,21,0
2020-09-10 16:00:00,1.07741,1.07865,1.07702,1.07748,9553,21,0
2020-09-10 18:00:00,1.07745,1.0786,1.0767,1.07699,7623,21,0
2020-09-10 20:00:00,1.077,1.07762,1.07581,1.07598,5474,21,0
2020-09-10 22:00:00,1.07597,1.07626,1.07542,1.07578,3976,21,0
2020-09-11 00:00:00,1.07578,1.07625,1.07545,1.07614,2001,21,0
2020-09-11 02:00:00,1.07613,1.07673,1.07595,1.07672,1584,21,0
2020-09-11 04:00:00,1.07672,1.07711,1.07652,1.07673,1578,21,0
2020-09-11 06:00:00,1.07672,1.07681,1.07643,1.07671,937,21,0
2020-09-11 08:00:00,1.07669,1.07765,1.07633,1.07755,2304,21,0
2020-09-11 10:00:00,1.07755,1.07816,1.07662,1.07721,5049,21,0
2020-09-11 12:00:00,1.0772,1.07874,1.07718,1.07829,4650,21,0
2020-09-11 14:00:00,1.07832,1.0787,1.07675,1.07697,5252,21,0
2020-09-11 16:00:00,1.07698,1.07756,1.07535,1.0757,6321,21,0
2020-09-11 18:00:00,1.07569,1.07626,1.07529,1.07611,3861,21,0
2020-09-11 20:00:00,1.07613,1.07649,1.07574,1.076,2228,21,0
2020-09-11 22:00:00,1.076,1.07673,1.07567,1.0765,1700,21,0
2020-09-14 00:00:00,1.07581,1.07648,1.07581,1.07634,611,21,0
2020-09-14 02:00:00,1.07634,1.07654,1.07606,1.07652,1222,21,0
2020-09-14 04:00:00,1.07654,1.07686,1.07652,1.07665,1683,21,0
2020-09-14 06:00:00,1.07665,1.07672,1.07629,1.0765,1043,21,0
2020-09-14 08:00:00,1.0765,1.07696,1.07615,1.07624,1851,21,0
2020-09-14 10:00:00,1.07625,1.07729,1.07584,1.0763,3754,21,0
2020-09-14 12:00:00,1.0763,1.07745,1.0761,1.07641,3918,21,0
2020-09-14 14:00:00,1.07641,1.07705,1.07625,1.07696,3262,21,0
2020-09-14 16:00:00,1.07697,1.07729,1.07563,1.07602,5330,21,0
2020-09-14 18:00:00,1.07603,1.07748,1.07603,1.07686,2304,21,0
2020-09-14 20:00:00,1.07685,1.07712,1.07632,1.07708,1560,21,0
2020-09-14 22:00:00,1.0771,1.07772,1.0771,1.07759,1434,21,0
2020-09-15 00:00:00,1.07759,1.07801,1.07713,1.07801,797,24,0
2020-09-15 02:00:00,1.07801,1.07817,1.07769,1.07796,1049,21,0
2020-09-15 04:00:00,1.07796,1.07813,1.07772,1.07796,1883,21,0
2020-09-15 06:00:00,1.07798,1.07849,1.07795,1.0784,945,21,0
2020-09-15 08:00:00,1.07838,1.07846,1.07755,1.07768,2307,21,0
2020-09-15 10:00:00,1.07769,1.07795,1.07631,1.0766,4100,21,0
2020-09-15 12:00:00,1.07659,1.0778,1.07659,1.07726,2894,21,0
2020-09-15 14:00:00,1.07724,1.07764,1.07614,1.07666,5387,21,0
2020-09-15 16:00:00,1.07665,1.07696,1.07518,1.07589,7946,21,0
2020-09-15 18:00:00,1.0759,1.07648,1.07579,1.07632,4156,21,0
2020-09-15 20:00:00,1.07632,1.07642,1.0759,1.07618,2674,21,0
2020-09-15 22:00:00,1.07617,1.07617,1.07537,1.07559,1446,21,0
2020-09-16 00:00:00,1.07558,1.07599,1.07549,1.07584,345,21,0
2020-09-16 02:00:00,1.07582,1.07609,1.07533,1.0759,1549,21,0
2020-09-16 04:00:00,1.0759,1.07607,1.07546,1.07549,1809,21,0
2020-09-16 06:00:00,1.07549,1.07566,1.07539,1.07547,936,21,0
2020-09-16 08:00:00,1.07554,1.07575,1.0753,1.07549,1518,21,0
2020-09-16 10:00:00,1.07547,1.07651,1.07502,1.07612,3177,21,0
2020-09-16 12:00:00,1.07611,1.07645,1.07509,1.07522,3661,21,0
2020-09-16 14:00:00,1.07521,1.07591,1.07499,1.07534,4058,21,0
2020-09-16 16:00:00,1.07535,1.07548,1.07377,1.07399,6760,21,0
2020-09-16 18:00:00,1.07396,1.075,1.07394,1.07449,3210,21,0
2020-09-16 20:00:00,1.07449,1.07474,1.07374,1.07419,9730,21,0
2020-09-16 22:00:00,1.07417,1.07479,1.07395,1.0744,5858,21,0
2020-09-17 00:00:00,1.07442,1.07508,1.07379,1.07483,644,21,0
2020-09-17 02:00:00,1.07483,1.07497,1.07342,1.07394,2563,21,0
2020-09-17 04:00:00,1.07395,1.07426,1.07338,1.07347,4290,21,0
2020-09-17 06:00:00,1.07346,1.07348,1.07262,1.07348,2995,21,0
2020-09-17 08:00:00,1.07347,1.07482,1.07306,1.07472,4836,21,0
2020-09-17 10:00:00,1.07472,1.07563,1.07396,1.07478,6702,21,0
2020-09-17 12:00:00,1.07477,1.07521,1.07373,1.07465,4187,21,0
2020-09-17 14:00:00,1.07466,1.07482,1.07352,1.07429,5906,21,0
2020-09-17 16:00:00,1.07429,1.07509,1.07394,1.07474,7463,21,0
2020-09-17 18:00:00,1.07474,1.07576,1.07454,1.07552,4521,21,0
2020-09-17 20:00:00,1.07552,1.07628,1.07551,1.07602,2478,21,0
2020-09-17 22:00:00,1.07602,1.07626,1.07561,1.07599,2467,21,0
2020-09-18 00:00:00,1.07599,1.07637,1.07526,1.07627,727,21,0
2020-09-18 02:00:00,1.07627,1.07665,1.07594,1.07639,1769,21,0
2020-09-18 04:00:00,1.07638,1.07663,1.07621,1.07646,2296,21,0
2020-09-18 06:00:00,1.07647,1.0765,1.07617,1.07633,742,21,0
2020-09-18 08:00:00,1.07633,1.07725,1.07629,1.07725,1885,21,0
2020-09-18 10:00:00,1.07726,1.07736,1.07588,1.07718,4656,21,0
2020-09-18 12:00:00,1.07718,1.07767,1.07585,1.07677,4220,21,0
2020-09-18 14:00:00,1.07676,1.07781,1.07655,1.07706,5072,21,0
2020-09-18 16:00:00,1.07706,1.07905,1.07696,1.07864,5710,21,0
2020-09-18 18:00:00,1.07865,1.0788,1.07804,1.07872,3971,21,0
2020-09-18 20:00:00,1.07872,1.07937,1.07846,1.07863,2711,21,0
2020-09-18 22:00:00,1.07862,1.0793,1.07859,1.07899,1816,21,0
2020-09-21 00:00:00,1.07764,1.07904,1.07746,1.0786,945,21,0
2020-09-21 02:00:00,1.0786,1.07988,1.07853,1.07946,1489,21,0
2020-09-21 04:00:00,1.07946,1.07968,1.0791,1.0791,1618,21,0
2020-09-21 06:00:00,1.07909,1.07971,1.07892,1.07956,1079,21,0
2020-09-21 08:00:00,1.07956,1.07978,1.07918,1.0795,2061,21,0
2020-09-21 10:00:00,1.0795,1.07952,1.0766,1.07792,8453,21,0
2020-09-21 12:00:00,1.07792,1.07857,1.07675,1.07686,6159,21,0
2020-09-21 14:00:00,1.07686,1.07694,1.07554,1.07596,5485,21,0
2020-09-21 16:00:00,1.07597,1.07621,1.07392,1.07538,8669,21,0
2020-09-21 18:00:00,1.07538,1.07612,1.07525,1.07551,5708,21,0
2020-09-21 20:00:00,1.07551,1.07616,1.07526,1.0756,3222,21,0
2020-09-21 22:00:00,1.07562,1.07661,1.07546,1.07634,2599,21,0
2020-09-22 00:00:00,1.07625,1.07651,1.07501,1.07635,1177,23,0
2020-09-22 02:00:00,1.07634,1.07704,1.07629,1.07671,1349,21,0
2020-09-22 04:00:00,1.07671,1.07676,1.07609,1.07618,1956,21,0
2020-09-22 06:00:00,1.07618,1.07666,1.07588,1.07602,1439,21,0
2020-09-22 08:00:00,1.07604,1.07606,1.07503,1.0758,3115,21,0
2020-09-22 10:00:00,1.07579,1.07594,1.07449,1.07504,6893,21,0
2020-09-22 12:00:00,1.07504,1.07609,1.0749,1.0755,4893,21,0
2020-09-22 14:00:00,1.07551,1.07566,1.07461,1.07561,4982,21,0
2020-09-22 16:00:00,1.07562,1.07677,1.07521,1.07601,7022,21,0
2020-09-22 18:00:00,1.07601,1.07736,1.07544,1.07725,6284,21,0
2020-09-22 20:00:00,1.07726,1.07738,1.07652,1.07662,3010,21,0
2020-09-22 22:00:00,1.07662,1.07692,1.0763,1.07668,1847,21,0
2020-09-23 00:00:00,1.07666,1.07702,1.07555,1.07695,584,21,0
2020-09-23 02:00:00,1.07694,1.07734,1.07577,1.07585,2494,21,0
2020-09-23 04:00:00,1.07588,1.07652,1.07586,1.07592,3004,21,0
2020-09-23 06:00:00,1.07593,1.07614,1.0758,1.07587,1658,21,0
2020-09-23 08:00:00,1.07588,1.07704,1.07587,1.0765,2958,21,0
2020-09-23 10:00:00,1.0765,1.07671,1.07515,1.07668,5869,21,0
2020-09-23 12:00:00,1.07667,1.07757,1.07628,1.07755,4269,21,0
2020-09-23 14:00:00,1.07754,1.07754,1.0764,1.0769,4950,21,0
2020-09-23 16:00:00,1.07691,1.07835,1.07678,1.07823,7196,21,0
2020-09-23 18:00:00,1.07822,1.07822,1.07743,1.07776,4989,21,0
2020-09-23 20:00:00,1.07778,1.07836,1.07725,1.07726,2756,21,0
2020-09-23 22:00:00,1.07726,1.07736,1.07672,1.07699,2863,21,0
2020-09-24 00:00:00,1.07732,1.07765,1.07687,1.07753,724,21,0
2020-09-24 02:00:00,1.07752,1.07766,1.07543,1.07639,2491,21,0
2020-09-24 04:00:00,1.07636,1.07661,1.0758,1.07613,2273,21,0
2020-09-24 06:00:00,1.07614,1.0764,1.07588,1.07595,1423,21,0
2020-09-24 08:00:00,1.07595,1.07679,1.0757,1.07668,3044,21,0
2020-09-24 10:00:00,1.07668,1.07885,1.07628,1.07781,5126,21,0
2020-09-24 12:00:00,1.0778,1.07857,1.07701,1.07719,3913,21,0
2020-09-24 14:00:00,1.07719,1.07782,1.07692,1.07735,4055,21,0
2020-09-24 16:00:00,1.07734,1.08004,1.07734,1.0799,7066,21,0
2020-09-24 18:00:00,1.07993,1.08085,1.07958,1.0802,5151,21,0
2020-09-24 20:00:00,1.0802,1.08094,1.08003,1.08068,3435,21,0
2020-09-24 22:00:00,1.08068,1.08172,1.08053,1.08092,2912,21,0
2020-09-25 00:00:00,1.08082,1.0818,1.08025,1.08157,1350,22,0
2020-09-25 02:00:00,1.08157,1.08183,1.08102,1.08158,1206,21,0
2020-09-25 04:00:00,1.08158,1.08202,1.08115,1.08122,1236,21,0
2020-09-25 06:00:00,1.08122,1.08139,1.0807,1.08088,1982,21,0
2020-09-25 08:00:00,1.08086,1.08124,1.08062,1.08085,2656,21,0
2020-09-25 10:00:00,1.08085,1.08172,1.07928,1.08024,5571,21,0
2020-09-25 12:00:00,1.08024,1.08084,1.07974,1.08005,4382,21,0
2020-09-25 14:00:00,1.08005,1.0803,1.07913,1.07963,4748,21,0
2020-09-25 16:00:00,1.07963,1.08062,1.079,1.07942,5690,21,0
2020-09-25 18:00:00,1.07942,1.08031,1.07909,1.07974,3456,21,0
2020-09-25 20:00:00,1.07975,1.08009,1.07936,1.07944,1932,21,0
2020-09-25 22:00:00,1.07945,1.08047,1.07943,1.07967,2493,21,0
2020-09-28 00:00:00,1.07971,1.08018,1.07943,1.07983,930,26,0
2020-09-28 02:00:00,1.07983,1.0803,1.07922,1.07925,1613,21,0
2020-09-28 04:00:00,1.07927,1.08059,1.07927,1.08042,1273,21,0
2020-09-28 06:00:00,1.08042,1.08076,1.08006,1.08006,1102,21,0
2020-09-28 08:00:00,1.08007,1.08086,1.07992,1.07993,1767,21,0
2020-09-28 10:00:00,1.07994,1.08049,1.07877,1.07897,4457,21,0
2020-09-28 12:00:00,1.07897,1.08019,1.07871,1.07969,3226,21,0
2020-09-28 14:00:00,1.0797,1.08169,1.07934,1.08127,3939,21,0
2020-09-28 16:00:00,1.08128,1.08293,1.07941,1.07982,5274,21,0
2020-09-28 18:00:00,1.07982,1.0802,1.07729,1.07756,3784,21,0
2020-09-28 20:00:00,1.07756,1.07859,1.07734,1.07837,1938,21,0
2020-09-28 22:00:00,1.07836,1.07882,1.07813,1.07817,1562,21,0
2020-09-29 00:00:00,1.07808,1.07871,1.07776,1.07864,491,22,0
2020-09-29 02:00:00,1.07867,1.07895,1.07844,1.07883,1428,21,0
2020-09-29 04:00:00,1.07883,1.07885,1.07824,1.07867,1575,21,0
2020-09-29 06:00:00,1.07868,1.07883,1.07825,1.07882,802,21,0
2020-09-29 08:00:00,1.07882,1.07912,1.07797,1.0786,2339,21,0
2020-09-29 10:00:00,1.07859,1.0793,1.07806,1.07828,4336,21,0
2020-09-29 12:00:00,1.07829,1.07924,1.07822,1.07866,3627,21,0
2020-09-29 14:00:00,1.07868,1.07968,1.07852,1.07872,3984,21,0
2020-09-29 16:00:00,1.07873,1.08139,1.07824,1.08083,6506,21,0
2020-09-29 18:00:00,1.08086,1.08167,1.07902,1.07908,5380,21,0
2020-09-29 20:00:00,1.0791,1.08007,1.07894,1.07916,1979,21,0
2020-09-29 22:00:00,1.07916,1.07981,1.07907,1.07921,1372,21,0
2020-09-30 00:00:00,1.07944,1.07988,1.07915,1.07934,327,26,0
2020-09-30 02:00:00,1.07936,1.08057,1.0793,1.07991,1199,26,0
2020-09-30 04:00:00,1.07989,1.08134,1.0798,1.08082,1936,26,0
2020-09-30 06:00:00,1.08081,1.08087,1.07993,1.0807,1718,26,0
2020-09-30 08:00:00,1.08067,1.08159,1.07973,1.08144,2238,21,0
2020-09-30 10:00:00,1.08145,1.08148,1.07971,1.08084,5358,21,0
2020-09-30 12:00:00,1.08084,1.08117,1.07942,1.07961,3914,21,0
2020-09-30 14:00:00,1.0796,1.08058,1.07917,1.08032,4187,21,0
2020-09-30 16:00:00,1.08033,1.08065,1.07695,1.07731,8619,21,0
2020-09-30 18:00:00,1.07732,1.08031,1.07616,1.0799,8084,21,0
2020-09-30 20:00:00,1.07992,1.0801,1.07903,1.07936,3697,21,0
2020-09-30 22:00:00,1.07935,1.08,1.07886,1.07886,2925,21,0
2020-10-01 00:00:00,1.07886,1.08001,1.07886,1.07986,451,23,0
2020-10-01 02:00:00,1.07987,1.08008,1.07939,1.07955,1735,21,0
2020-10-01 04:00:00,1.07958,1.07986,1.0793,1.07961,2026,21,0
2020-10-01 06:00:00,1.07962,1.08003,1.07944,1.07991,898,21,0
2020-10-01 08:00:00,1.07991,1.08034,1.07937,1.08004,2740,21,0
2020-10-01 10:00:00,1.08006,1.08045,1.07788,1.07794,7863,21,0
2020-10-01 12:00:00,1.07793,1.0786,1.07652,1.07801,5804,21,0
2020-10-01 14:00:00,1.07799,1.07926,1.07762,1.07853,7305,21,0
2020-10-01 16:00:00,1.07854,1.07926,1.07741,1.07885,8814,21,0
2020-10-01 18:00:00,1.07886,1.07916,1.07819,1.07893,5099,21,0
2020-10-01 20:00:00,1.07893,1.07901,1.0785,1.0789,2293,21,0
2020-10-01 22:00:00,1.07891,1.07941,1.07846,1.07911,2125,21,0
2020-10-02 00:00:00,1.07813,1.07924,1.07806,1.07912,641,26,0
2020-10-02 02:00:00,1.07912,1.07948,1.07861,1.07891,1463,21,0
2020-10-02 04:00:00,1.07891,1.07917,1.07827,1.07852,1398,21,0
2020-10-02 06:00:00,1.07852,1.079,1.07804,1.07812,1758,21,0
2020-10-02 08:00:00,1.07812,1.07827,1.07673,1.07822,6206,21,0
2020-10-02 10:00:00,1.07821,1.07929,1.07756,1.07902,7800,21,0
2020-10-02 12:00:00,1.07901,1.07957,1.07818,1.07883,4555,21,0
2020-10-02 14:00:00,1.07883,1.07936,1.07829,1.07841,6335,21,0
2020-10-02 16:00:00,1.07841,1.07894,1.07743,1.07747,7333,21,0
2020-10-02 18:00:00,1.07746,1.07829,1.0772,1.07824,4095,21,0
2020-10-02 20:00:00,1.07823,1.07868,1.07773,1.07805,2727,21,0
2020-10-02 22:00:00,1.07805,1.07863,1.07791,1.07799,1642,21,0
2020-10-05 00:00:00,1.07705,1.07766,1.07495,1.07513,1751,21,0
2020-10-05 02:00:00,1.07513,1.07662,1.0734,1.07612,3417,21,0
2020-10-05 04:00:00,1.07613,1.0764,1.0754,1.07561,1724,21,0
2020-10-05 06:00:00,1.07562,1.07615,1.07515,1.07614,897,21,0
2020-10-05 08:00:00,1.07614,1.0765,1.07582,1.07632,1794,21,0
2020-10-05 10:00:00,1.07631,1.07768,1.07518,1.0767,4070,21,0
2020-10-05 12:00:00,1.0767,1.07738,1.07596,1.0771,2637,21,0
2020-10-05 14:00:00,1.07708,1.07841,1.07679,1.0778,3020,21,0
2020-10-05 16:00:00,1.07781,1.0791,1.07777,1.07882,5131,21,0
2020-10-05 18:00:00,1.07881,1.07919,1.07851,1.07903,2308,21,0
2020-10-05 20:00:00,1.07904,1.0791,1.07812,1.07852,1583,21,0
2020-10-05 22:00:00,1.07851,1.07865,1.07792,1.07823,1729,21,0
2020-10-06 00:00:00,1.07809,1.07871,1.0779,1.07865,607,22,0
2020-10-06 02:00:00,1.07865,1.07887,1.07844,1.0785,1169,21,0
2020-10-06 04:00:00,1.07851,1.07884,1.07845,1.07883,1127,21,0
2020-10-06 06:00:00,1.07882,1.07882,1.07842,1.07846,1092,21,0
2020-10-06 08:00:00,1.07846,1.07862,1.07766,1.07808,1620,21,0
2020-10-06 10:00:00,1.07804,1.07846,1.07666,1.07733,4629,21,0
2020-10-06 12:00:00,1.07735,1.07803,1.07668,1.07752,3080,21,0
2020-10-06 14:00:00,1.07752,1.07837,1.07724,1.07825,3636,21,0
2020-10-06 16:00:00,1.07823,1.07871,1.0775,1.07787,5473,21,0
2020-10-06 18:00:00,1.07786,1.07816,1.07754,1.07789,3245,21,0
2020-10-06 20:00:00,1.07789,1.07836,1.07685,1.07731,3385,21,0
2020-10-06 22:00:00,1.07731,1.07784,1.07649,1.07678,5205,21,0
2020-10-07 00:00:00,1.07687,1.07726,1.07669,1.07703,1068,22,0
2020-10-07 02:00:00,1.07704,1.07743,1.07669,1.07719,1249,21,0
2020-10-07 04:00:00,1.07719,1.07731,1.0767,1.07692,2113,21,0
2020-10-07 06:00:00,1.07692,1.07718,1.07667,1.07714,880,21,0
2020-10-07 08:00:00,1.07713,1.07788,1.07691,1.0777,2204,21,0
2020-10-07 10:00:00,1.07771,1.07889,1.07684,1.07872,3749,21,0
2020-10-07 12:00:00,1.0787,1.07959,1.07856,1.0787,3091,21,0
2020-10-07 14:00:00,1.07871,1.07917,1.07836,1.07892,3895,21,0
2020-10-07 16:00:00,1.07892,1.07911,1.07811,1.07841,5565,21,0
2020-10-07 18:00:00,1.07841,1.0789,1.07823,1.07871,2565,21,0
2020-10-07 20:00:00,1.07872,1.07916,1.07867,1.0791,1467,21,0
2020-10-07 22:00:00,1.0791,1.07918,1.0787,1.07874,1626,21,0
2020-10-08 00:00:00,1.07814,1.07899,1.07814,1.07877,722,22,0
2020-10-08 02:00:00,1.07877,1.07911,1.07863,1.07879,1152,21,0
2020-10-08 04:00:00,1.07879,1.07895,1.07842,1.07895,1538,21,0
2020-10-08 06:00:00,1.07895,1.07928,1.07885,1.07897,782,21,0
2020-10-08 08:00:00,1.07897,1.0791,1.07865,1.07894,1482,21,0
2020-10-08 10:00:00,1.07894,1.07922,1.07806,1.07914,3760,21,0
2020-10-08 12:00:00,1.07913,1.07996,1.07846,1.07956,2637,21,0
2020-10-08 14:00:00,1.07955,1.07997,1.07868,1.07904,3028,21,0
2020-10-08 16:00:00,1.07902,1.07972,1.07808,1.07816,4235,21,0
2020-10-08 18:00:00,1.07818,1.07883,1.07799,1.07865,2360,21,0
2020-10-08 20:00:00,1.07865,1.0787,1.07794,1.07821,1318,21,0
2020-10-08 22:00:00,1.0782,1.0786,1.0779,1.0779,1632,21,0
2020-10-09 00:00:00,1.0779,1.07872,1.0779,1.07865,538,23,0
2020-10-09 02:00:00,1.07866,1.07884,1.07798,1.07802,883,21,0
2020-10-09 04:00:00,1.07802,1.07835,1.07788,1.07825,1540,21,0
2020-10-09 06:00:00,1.07824,1.07837,1.07793,1.078,784,21,0
2020-10-09 08:00:00,1.078,1.07828,1.07774,1.07801,1222,21,0
2020-10-09 10:00:00,1.07802,1.07851,1.07676,1.07712,4476,21,0
2020-10-09 12:00:00,1.07711,1.07752,1.07674,1.07686,2920,21,0
2020-10-09 14:00:00,1.07686,1.07767,1.07672,1.07695,3187,21,0
2020-10-09 16:00:00,1.07694,1.0781,1.07671,1.07695,3926,21,0
2020-10-09 18:00:00,1.07694,1.07732,1.07545,1.07573,3850,21,0
2020-10-09 20:00:00,1.07574,1.07612,1.07536,1.07592,1277,21,0
2020-10-09 22:00:00,1.07591,1.07625,1.07551,1.07581,1418,21,0
2020-10-12 00:00:00,1.07529,1.0761,1.07527,1.07564,1268,21,0
2020-10-12 02:00:00,1.07565,1.07598,1.07544,1.07573,1136,21,0
2020-10-12 04:00:00,1.07572,1.076,1.07531,1.0759,1603,21,0
2020-10-12 06:00:00,1.0759,1.0761,1.07586,1.07603,658,21,0
2020-10-12 08:00:00,1.07603,1.07628,1.07541,1.07568,1575,21,0
2020-10-12 10:00:00,1.07569,1.07732,1.07527,1.07568,3551,21,0
2020-10-12 12:00:00,1.07568,1.07643,1.07478,1.07487,2375,21,0
2020-10-12 14:00:00,1.0749,1.07491,1.07364,1.07426,2699,21,0
2020-10-12 16:00:00,1.07424,1.07432,1.07336,1.07358,2939,21,0
2020-10-12 18:00:00,1.07356,1.07419,1.07341,1.07381,1957,21,0
2020-10-12 20:00:00,1.07378,1.07419,1.07355,1.07382,1096,21,0
2020-10-12 22:00:00,1.07382,1.07416,1.07349,1.07351,1258,21,0
2020-10-13 00:00:00,1.07333,1.07391,1.07333,1.07381,441,22,0
2020-10-13 02:00:00,1.07383,1.074,1.07339,1.07361,1585,21,0
2020-10-13 04:00:00,1.07361,1.07371,1.07292,1.07293,1505,21,0
2020-10-13 06:00:00,1.07294,1.07306,1.0727,1.07292,795,21,0
2020-10-13 08:00:00,1.07291,1.07327,1.07248,1.07277,2080,21,0
2020-10-13 10:00:00,1.07278,1.07368,1.07263,1.07355,3793,21,0
2020-10-13 12:00:00,1.07357,1.0742,1.07318,1.07387,2463,21,0
2020-10-13 14:00:00,1.07388,1.07427,1.07276,1.07334,3091,21,0
2020-10-13 16:00:00,1.07333,1.07373,1.07251,1.07324,5654,21,0
2020-10-13 18:00:00,1.07324,1.07407,1.0727,1.07372,2844,21,0
2020-10-13 20:00:00,1.07372,1.07426,1.07356,1.07404,1680,21,0
2020-10-13 22:00:00,1.07403,1.07456,1.07402,1.07409,1253,21,0
2020-10-14 00:00:00,1.07367,1.07474,1.07346,1.0747,457,21,0
2020-10-14 02:00:00,1.0747,1.07486,1.07437,1.07469,1122,21,0
2020-10-14 04:00:00,1.07469,1.07474,1.07402,1.07409,2107,21,0
2020-10-14 06:00:00,1.07411,1.07465,1.07406,1.07425,1030,21,0
2020-10-14 08:00:00,1.07424,1.07471,1.07369,1.07378,1634,21,0
2020-10-14 10:00:00,1.07379,1.07389,1.0725,1.07336,3756,21,0
2020-10-14 12:00:00,1.07336,1.074,1.07303,1.07332,3701,21,0
2020-10-14 14:00:00,1.07333,1.07419,1.07299,1.07368,3318,21,0
2020-10-14 16:00:00,1.07368,1.07456,1.0724,1.07248,3586,21,0
2020-10-14 18:00:00,1.07246,1.07303,1.0724,1.07267,2332,21,0
2020-10-14 20:00:00,1.07266,1.07294,1.07248,1.07284,1351,16,0
2020-10-14 22:00:00,1.07285,1.07299,1.07254,1.07283,1234,16,0
2020-10-15 00:00:00,1.07289,1.07293,1.07258,1.0727,576,18,0
2020-10-15 02:00:00,1.0727,1.0731,1.07244,1.07285,1310,16,0
2020-10-15 04:00:00,1.07284,1.07324,1.0728,1.07293,1414,16,0
2020-10-15 06:00:00,1.07292,1.07307,1.07282,1.07299,828,16,0
2020-10-15 08:00:00,1.07299,1.0731,1.07249,1.07265,1702,16,0
2020-10-15 10:00:00,1.07266,1.07271,1.07064,1.07152,4439,16,0
2020-10-15 12:00:00,1.0715,1.07169,1.07057,1.07057,2994,16,0
2020-10-15 14:00:00,1.07057,1.0709,1.06926,1.06942,4190,16,0
2020-10-15 16:00:00,1.06942,1.06988,1.06888,1.0691,5028,16,0
2020-10-15 18:00:00,1.06912,1.06998,1.06876,1.06974,3032,16,0
2020-10-15 20:00:00,1.06974,1.07053,1.06962,1.07041,1714,16,0
2020-10-15 22:00:00,1.0704,1.07071,1.07004,1.07008,1103,16,0
2020-10-16 00:00:00,1.07012,1.07071,1.06957,1.07055,621,16,0
2020-10-16 02:00:00,1.07056,1.07088,1.0705,1.07068,1734,16,0
2020-10-16 04:00:00,1.07068,1.07114,1.07062,1.07071,1697,16,0
2020-10-16 06:00:00,1.07072,1.07103,1.07057,1.0708,2237,16,0
2020-10-16 08:00:00,1.07079,1.07108,1.07049,1.071,1797,16,0
2020-10-16 10:00:00,1.07098,1.072,1.07096,1.07154,3574,16,0
2020-10-16 12:00:00,1.07152,1.07251,1.0709,1.07115,3704,16,0
2020-10-16 14:00:00,1.07113,1.07206,1.07098,1.07131,5086,16,0
2020-10-16 16:00:00,1.0713,1.07184,1.07081,1.07176,4617,16,0
2020-10-16 18:00:00,1.07176,1.0727,1.07172,1.07264,2737,16,0
2020-10-16 20:00:00,1.07264,1.07292,1.07229,1.0723,1160,16,0
2020-10-16 22:00:00,1.0723,1.07274,1.07138,1.07138,1981,16,0
2020-10-19 00:00:00,1.07166,1.07215,1.07138,1.07189,619,17,0
2020-10-19 02:00:00,1.07189,1.07253,1.07178,1.07253,1083,16,0
2020-10-19 04:00:00,1.07252,1.07256,1.07191,1.07224,1884,16,0
2020-10-19 06:00:00,1.07221,1.07224,1.07177,1.07207,717,16,0
2020-10-19 08:00:00,1.07207,1.07264,1.07193,1.07251,1310,16,0
2020-10-19 10:00:00,1.07251,1.0728,1.07151,1.07178,3574,16,0
2020-10-19 12:00:00,1.07177,1.07244,1.07158,1.07195,3078,16,0
2020-10-19 14:00:00,1.07195,1.07266,1.07164,1.07166,3277,16,0
2020-10-19 16:00:00,1.07168,1.07253,1.07141,1.07152,3559,16,0
2020-10-19 18:00:00,1.0715,1.072,1.07138,1.07148,2662,16,0
2020-10-19 20:00:00,1.07148,1.07164,1.07091,1.07096,1460,16,0
2020-10-19 22:00:00,1.07098,1.07153,1.07077,1.07077,1115,16,0
2020-10-20 00:00:00,1.07049,1.07146,1.07049,1.07143,278,16,0
2020-10-20 02:00:00,1.07143,1.07175,1.07127,1.07129,1245,16,0
2020-10-20 04:00:00,1.07129,1.07165,1.0711,1.07118,1257,16,0
2020-10-20 06:00:00,1.07117,1.07157,1.07109,1.07134,747,16,0
2020-10-20 08:00:00,1.07134,1.07168,1.07108,1.07125,1695,16,0
2020-10-20 10:00:00,1.07125,1.07158,1.0703,1.07123,4091,16,0
2020-10-20 12:00:00,1.07123,1.07226,1.07101,1.07192,3221,16,0
2020-10-20 14:00:00,1.07194,1.0724,1.0716,1.07208,2624,16,0
2020-10-20 16:00:00,1.07207,1.07326,1.07174,1.07257,4377,16,0
2020-10-20 18:00:00,1.07256,1.07304,1.07235,1.0727,2681,16,0
2020-10-20 20:00:00,1.0727,1.0733,1.07222,1.07228,1576,16,0
2020-10-20 22:00:00,1.07228,1.07259,1.07175,1.07179,1426,16,0
2020-10-21 00:00:00,1.07181,1.07255,1.07181,1.07249,516,16,0
2020-10-21 02:00:00,1.07247,1.07275,1.0724,1.07254,1504,16,0
2020-10-21 04:00:00,1.07254,1.07299,1.07227,1.07237,1997,16,0
2020-10-21 06:00:00,1.07234,1.07376,1.07225,1.07318,1779,16,0
2020-10-21 08:00:00,1.07315,1.07352,1.07232,1.07256,2555,16,0
2020-10-21 10:00:00,1.07257,1.07296,1.07145,1.07156,4936,16,0
2020-10-21 12:00:00,1.07153,1.07208,1.07112,1.07135,3899,16,0
2020-10-21 14:00:00,1.07134,1.07202,1.07097,1.07186,3131,16,0
2020-10-21 16:00:00,1.07186,1.07327,1.07163,1.07275,4172,16,0
2020-10-21 18:00:00,1.07278,1.07384,1.07237,1.07361,3192,16,0
2020-10-21 20:00:00,1.07362,1.0739,1.07299,1.07305,1512,16,0
2020-10-21 22:00:00,1.07306,1.07376,1.07291,1.07344,1516,16,0
2020-10-22 00:00:00,1.07303,1.07396,1.07202,1.07381,680,16,0
2020-10-22 02:00:00,1.0738,1.07404,1.07354,1.07376,1645,16,0
2020-10-22 04:00:00,1.07376,1.07405,1.07359,1.07392,1500,16,0
2020-10-22 06:00:00,1.07394,1.074,1.07356,1.0736,953,16,0
2020-10-22 08:00:00,1.07363,1.07423,1.07343,1.07343,1516,16,0
2020-10-22 10:00:00,1.07343,1.0748,1.07334,1.07402,4152,16,0
2020-10-22 12:00:00,1.074,1.07414,1.07284,1.07359,3442,16,0
2020-10-22 14:00:00,1.07359,1.0736,1.07193,1.07208,3462,16,0
2020-10-22 16:00:00,1.0721,1.0728,1.07209,1.07265,3827,16,0
2020-10-22 18:00:00,1.07267,1.07303,1.07233,1.07252,2230,16,0
2020-10-22 20:00:00,1.07252,1.07261,1.07208,1.07221,1060,16,0
2020-10-22 22:00:00,1.07222,1.07254,1.07176,1.07177,874,16,0
2020-10-23 00:00:00,1.07139,1.07249,1.07139,1.07243,570,16,0
2020-10-23 02:00:00,1.07243,1.07248,1.07089,1.0713,2216,16,0
2020-10-23 04:00:00,1.0713,1.07132,1.07018,1.07078,1729,16,0
2020-10-23 06:00:00,1.07078,1.0711,1.07058,1.07103,953,16,0
2020-10-23 08:00:00,1.07103,1.07104,1.07057,1.07057,1450,16,0
2020-10-23 10:00:00,1.07056,1.07188,1.07019,1.07103,4815,16,0
2020-10-23 12:00:00,1.07103,1.07174,1.07083,1.07132,2569,16,0
2020-10-23 14:00:00,1.07134,1.07193,1.07114,1.07116,3063,16,0
2020-10-23 16:00:00,1.07116,1.07289,1.0709,1.07256,4046,16,0
2020-10-23 18:00:00,1.07257,1.07282,1.07208,1.07209,2179,16,0
2020-10-23 20:00:00,1.07209,1.0728,1.07206,1.07279,1100,16,0
2020-10-23 22:00:00,1.07278,1.07288,1.07133,1.07148,946,16,0
2020-10-26 00:00:00,1.07182,1.07204,1.07141,1.07174,2274,16,0
2020-10-26 02:00:00,1.07173,1.07178,1.07113,1.07122,1290,16,0
2020-10-26 04:00:00,1.07122,1.07134,1.0708,1.07089,939,16,0
2020-10-26 06:00:00,1.07089,1.07115,1.07068,1.07081,889,16,0
2020-10-26 08:00:00,1.07082,1.0716,1.07075,1.07108,1736,16,0
2020-10-26 10:00:00,1.07108,1.07161,1.07093,1.07103,4327,16,0
2020-10-26 12:00:00,1.07104,1.072,1.07094,1.07189,2225,16,0
2020-10-26 14:00:00,1.07188,1.07219,1.07127,1.07193,2623,16,0
2020-10-26 16:00:00,1.07192,1.07243,1.07157,1.07202,3545,16,0
2020-10-26 18:00:00,1.072,1.0724,1.07179,1.07181,2147,16,0
2020-10-26 20:00:00,1.07182,1.07218,1.07162,1.07204,1372,16,0
2020-10-26 22:00:00,1.07202,1.07206,1.07157,1.07198,694,16,0
2020-10-27 00:00:00,1.07198,1.07234,1.07181,1.07224,1082,16,0
2020-10-27 02:00:00,1.07223,1.0723,1.07192,1.07201,2592,16,0
2020-10-27 04:00:00,1.07201,1.07213,1.07171,1.07199,877,16,0
2020-10-27 06:00:00,1.072,1.07264,1.07188,1.07238,882,16,0
2020-10-27 08:00:00,1.07237,1.07289,1.07217,1.07264,1594,16,0
2020-10-27 10:00:00,1.07264,1.07366,1.0717,1.07355,3968,16,0
2020-10-27 12:00:00,1.07354,1.07471,1.07342,1.07349,3006,16,0
2020-10-27 14:00:00,1.0735,1.07384,1.07272,1.0729,2598,16,0
2020-10-27 16:00:00,1.07286,1.07328,1.07212,1.07278,3496,16,0
2020-10-27 18:00:00,1.07278,1.0729,1.0721,1.07213,1751,16,0
2020-10-27 20:00:00,1.07212,1.07222,1.07189,1.07209,970,16,0
2020-10-27 22:00:00,1.0721,1.07226,1.07115,1.07147,985,16,0
2020-10-28 00:00:00,1.0715,1.07154,1.0707,1.0708,2126,16,0
2020-10-28 02:00:00,1.07082,1.07121,1.07064,1.07086,1962,16,0
2020-10-28 04:00:00,1.07084,1.07091,1.07018,1.07026,982,16,0
2020-10-28 06:00:00,1.07028,1.0711,1.0702,1.07103,922,16,0
2020-10-28 08:00:00,1.07104,1.07187,1.07069,1.07156,2505,16,0
2020-10-28 10:00:00,1.07162,1.07186,1.07066,1.0712,5188,16,0
2020-10-28 12:00:00,1.07122,1.07125,1.0695,1.06974,3740,16,0
2020-10-28 14:00:00,1.06973,1.06982,1.06858,1.06916,4570,16,0
2020-10-28 16:00:00,1.06916,1.06939,1.06756,1.06891,5666,16,0
2020-10-28 18:00:00,1.0689,1.06954,1.06857,1.06899,2752,16,0
2020-10-28 20:00:00,1.06901,1.06972,1.06893,1.06921,1901,16,0
2020-10-28 22:00:00,1.06921,1.06952,1.06898,1.0692,469,16,0
2020-10-29 00:00:00,1.06917,1.06999,1.06916,1.06987,840,16,0
2020-10-29 02:00:00,1.06986,1.07022,1.06962,1.0701,1884,16,0
2020-10-29 04:00:00,1.07011,1.07021,1.06862,1.06895,1248,16,0
2020-10-29 06:00:00,1.06895,1.06903,1.06837,1.06871,1007,16,0
2020-10-29 08:00:00,1.06872,1.06932,1.06827,1.06919,2169,16,0
2020-10-29 10:00:00,1.06919,1.06972,1.06809,1.06914,4581,16,0
2020-10-29 12:00:00,1.06912,1.06951,1.06767,1.06794,3918,16,0
2020-10-29 14:00:00,1.06792,1.06889,1.06774,1.0683,7549,16,0
2020-10-29 16:00:00,1.06833,1.06909,1.06774,1.0689,6415,16,0
2020-10-29 18:00:00,1.0689,1.06901,1.06792,1.06867,2758,16,0
2020-10-29 20:00:00,1.06867,1.06921,1.06865,1.06873,1777,16,0
2020-10-29 22:00:00,1.06872,1.06925,1.06752,1.06846,773,16,0
2020-10-30 00:00:00,1.06846,1.069,1.06846,1.06886,947,16,0
2020-10-30 02:00:00,1.06885,1.06885,1.06818,1.06849,2128,16,0
2020-10-30 04:00:00,1.0685,1.06887,1.06819,1.06852,1485,16,0
2020-10-30 06:00:00,1.06852,1.06858,1.06767,1.06777,1396,16,0
2020-10-30 08:00:00,1.06777,1.06847,1.06764,1.06831,2304,16,0
2020-10-30 10:00:00,1.0683,1.06952,1.06792,1.06921,4525,16,0
2020-10-30 12:00:00,1.06921,1.06971,1.06884,1.0697,3472,16,0
2020-10-30 14:00:00,1.06968,1.07011,1.06888,1.0694,4069,16,0
2020-10-30 16:00:00,1.06943,1.06974,1.06732,1.06752,5407,16,0
2020-10-30 18:00:00,1.06752,1.0679,1.06708,1.06786,3329,16,0
2020-10-30 20:00:00,1.06784,1.06808,1.06764,1.06794,1620,16,0
2020-10-30 22:00:00,1.06793,1.06807,1.06738,1.06778,953,16,0
2020-11-02 00:00:00,1.06719,1.06774,1.0671,1.06771,880,16,0
2020-11-02 02:00:00,1.0677,1.06786,1.06742,1.06758,1650,16,0
2020-11-02 04:00:00,1.06756,1.06774,1.06732,1.06754,1117,16,0
2020-11-02 06:00:00,1.06754,1.06769,1.06725,1.06741,1074,16,0
2020-11-02 08:00:00,1.06741,1.06779,1.06708,1.06743,2014,16,0
2020-11-02 10:00:00,1.06742,1.06845,1.06717,1.06772,4104,16,0
2020-11-02 12:00:00,1.06773,1.0694,1.0676,1.0688,2921,16,0
2020-11-02 14:00:00,1.06882,1.06986,1.06877,1.06924,2568,16,0
2020-11-02 16:00:00,1.06925,1.07012,1.06918,1.06983,3495,16,0
2020-11-02 18:00:00,1.06982,1.07046,1.06964,1.06998,2215,16,0
2020-11-02 20:00:00,1.06999,1.07012,1.06945,1.07007,1364,16,0
2020-11-02 22:00:00,1.07009,1.07009,1.06952,1.06966,1003,16,0
2020-11-03 00:00:00,1.06869,1.06968,1.06869,1.06951,537,16,0
2020-11-03 02:00:00,1.0695,1.07028,1.06938,1.07014,1201,16,0
2020-11-03 04:00:00,1.07014,1.07038,1.06993,1.06997,1162,16,0
2020-11-03 06:00:00,1.06997,1.07033,1.06989,1.06998,925,16,0
2020-11-03 08:00:00,1.06998,1.07098,1.06988,1.07098,1697,16,0
2020-11-03 10:00:00,1.07098,1.07178,1.07069,1.0708,3134,16,0
2020-11-03 12:00:00,1.0708,1.07157,1.07062,1.07085,2444,16,0
2020-11-03 14:00:00,1.07085,1.0714,1.07036,1.07131,2386,16,0
2020-11-03 16:00:00,1.07131,1.07179,1.06949,1.07014,3643,16,0
2020-11-03 18:00:00,1.07013,1.07045,1.0688,1.0688,2518,16,0
2020-11-03 20:00:00,1.06881,1.0689,1.06807,1.0681,1614,16,0
2020-11-03 22:00:00,1.06816,1.06898,1.06809,1.06861,1738,16,0
2020-11-04 00:00:00,1.06838,1.07127,1.0683,1.07097,2395,21,0
2020-11-04 02:00:00,1.07098,1.07098,1.0681,1.06835,11183,21,0
2020-11-04 04:00:00,1.06836,1.0685,1.06589,1.06648,12295,21,0
2020-11-04 06:00:00,1.06648,1.06741,1.06594,1.06708,7175,21,0
2020-11-04 08:00:00,1.06709,1.06749,1.06603,1.0674,6358,21,0
2020-11-04 10:00:00,1.0674,1.06986,1.06677,1.06884,7302,21,0
2020-11-04 12:00:00,1.06886,1.06914,1.06745,1.06788,5467,21,0
2020-11-04 14:00:00,1.06787,1.06939,1.06673,1.06749,7072,21,0
2020-11-04 16:00:00,1.06749,1.06885,1.06695,1.06759,6880,21,0
2020-11-04 18:00:00,1.06759,1.06932,1.06686,1.069,4863,21,0
2020-11-04 20:00:00,1.06898,1.0697,1.06884,1.06959,2098,21,0
2020-11-04 22:00:00,1.06954,1.06958,1.06844,1.06844,2381,21,0
2020-11-05 00:00:00,1.06789,1.07037,1.06786,1.06945,1020,21,0
2020-11-05 02:00:00,1.06942,1.06954,1.06848,1.06855,2633,21,0
2020-11-05 04:00:00,1.06856,1.06954,1.06848,1.06923,2928,21,0
2020-11-05 06:00:00,1.06924,1.06963,1.06912,1.06914,1567,21,0
2020-11-05 08:00:00,1.06915,1.06957,1.06878,1.06889,3419,21,0
2020-11-05 10:00:00,1.06886,1.07142,1.06885,1.07055,5650,16,0
2020-11-05 12:00:00,1.07054,1.07176,1.0704,1.07147,4072,16,0
2020-11-05 14:00:00,1.07147,1.07262,1.07096,1.07212,5969,16,0
2020-11-05 16:00:00,1.07212,1.07261,1.07141,1.07146,5945,16,0
2020-11-05 18:00:00,1.07145,1.07154,1.06928,1.06959,4847,16,0
2020-11-05 20:00:00,1.06958,1.07078,1.06909,1.07048,3286,16,0
2020-11-05 22:00:00,1.07045,1.0708,1.06908,1.06953,2382,16,0
2020-11-06 00:00:00,1.06937,1.07003,1.06818,1.0686,2486,16,0
2020-11-06 02:00:00,1.06861,1.06925,1.06806,1.06854,2989,16,0
2020-11-06 04:00:00,1.06854,1.06887,1.06842,1.06852,1761,16,0
2020-11-06 06:00:00,1.06852,1.06856,1.06766,1.06766,1340,16,0
2020-11-06 08:00:00,1.06766,1.06884,1.06754,1.06869,2120,16,0
2020-11-06 10:00:00,1.0687,1.0697,1.06795,1.06855,3911,16,0
2020-11-06 12:00:00,1.06855,1.06961,1.06826,1.06914,3591,16,0
2020-11-06 14:00:00,1.06915,1.06955,1.06762,1.06841,5998,16,0
2020-11-06 16:00:00,1.06839,1.06942,1.06768,1.06783,8308,16,0
2020-11-06 18:00:00,1.06782,1.06859,1.06766,1.06838,4221,16,0
2020-11-06 20:00:00,1.06837,1.06899,1.06821,1.0687,1338,16,0
2020-11-06 22:00:00,1.06871,1.06968,1.0684,1.06858,1434,16,0
2020-11-09 00:00:00,1.06786,1.06965,1.06767,1.06941,1563,21,0
2020-11-09 02:00:00,1.0694,1.06983,1.06885,1.0696,2457,21,0
2020-11-09 04:00:00,1.06958,1.06978,1.0695,1.06956,1131,21,0
2020-11-09 06:00:00,1.06955,1.06967,1.06888,1.0689,1373,21,0
2020-11-09 08:00:00,1.0689,1.06937,1.06846,1.06874,2792,21,0
2020-11-09 10:00:00,1.06872,1.069,1.06794,1.0689,3638,21,0
2020-11-09 12:00:00,1.06895,1.07132,1.06842,1.0712,4129,16,0
2020-11-09 14:00:00,1.07121,1.07923,1.07069,1.07884,12867,16,0
2020-11-09 16:00:00,1.07882,1.0807,1.07712,1.07748,13324,16,0
2020-11-09 18:00:00,1.07747,1.07875,1.07732,1.07782,7910,16,0
2020-11-09 20:00:00,1.0778,1.07951,1.07753,1.07946,3735,16,0
2020-11-09 22:00:00,1.07947,1.08036,1.0788,1.07884,3295,16,0
2020-11-10 00:00:00,1.07787,1.07984,1.07787,1.07917,1548,16,0
2020-11-10 02:00:00,1.07916,1.07979,1.07857,1.0787,3321,16,0
2020-11-10 04:00:00,1.07872,1.07928,1.07847,1.07891,3095,16,0
2020-11-10 06:00:00,1.07892,1.07976,1.0789,1.07968,1927,16,0
2020-11-10 08:00:00,1.07969,1.08062,1.07816,1.07831,2697,16,0
2020-11-10 10:00:00,1.07833,1.08166,1.07831,1.08134,5196,16,0
2020-11-10 12:00:00,1.08137,1.08216,1.07964,1.08063,4634,16,0
2020-11-10 14:00:00,1.08062,1.08203,1.08033,1.08087,4374,16,0
2020-11-10 16:00:00,1.08086,1.08123,1.07901,1.07932,6691,16,0
2020-11-10 18:00:00,1.07933,1.0806,1.07815,1.0803,4044,16,0
2020-11-10 20:00:00,1.0803,1.0814,1.08017,1.08087,1856,16,0
2020-11-10 22:00:00,1.08087,1.0814,1.08052,1.081,1431,16,0
2020-11-11 00:00:00,1.081,1.0817,1.07978,1.0813,739,16,0
2020-11-11 02:00:00,1.08129,1.08152,1.08065,1.08085,1841,16,0
2020-11-11 04:00:00,1.08083,1.0815,1.08067,1.08131,1349,16,0
2020-11-11 06:00:00,1.08133,1.08156,1.08125,1.08152,616,16,0
2020-11-11 08:00:00,1.08151,1.08235,1.08114,1.08117,1525,16,0
2020-11-11 10:00:00,1.08117,1.08237,1.08058,1.08181,4490,16,0
2020-11-11 12:00:00,1.08181,1.08223,1.08026,1.08055,3684,16,0
2020-11-11 14:00:00,1.08054,1.08055,1.07814,1.0788,4589,16,0
2020-11-11 16:00:00,1.07878,1.07994,1.07854,1.07962,3860,16,0
2020-11-11 18:00:00,1.0796,1.08047,1.07896,1.0799,2632,16,0
2020-11-11 20:00:00,1.07988,1.08015,1.07962,1.07989,1092,16,0
2020-11-11 22:00:00,1.07987,1.08034,1.07954,1.07959,1122,16,0
2020-11-12 00:00:00,1.07917,1.07988,1.07917,1.07972,486,17,0
2020-11-12 02:00:00,1.07972,1.07983,1.07899,1.07934,1381,16,0
2020-11-12 04:00:00,1.07934,1.07937,1.07836,1.07839,1138,16,0
2020-11-12 06:00:00,1.0784,1.07862,1.07815,1.07862,982,16,0
2020-11-12 08:00:00,1.07861,1.0792,1.07808,1.07912,1845,16,0
2020-11-12 10:00:00,1.07912,1.08008,1.0786,1.0793,3376,16,0
2020-11-12 12:00:00,1.07929,1.08036,1.07891,1.08017,2254,16,0
2020-11-12 14:00:00,1.08016,1.08073,1.07965,1.07971,3157,16,0
2020-11-12 16:00:00,1.07972,1.0798,1.0783,1.07933,4217,16,0
2020-11-12 18:00:00,1.07933,1.08036,1.07906,1.0798,2534,16,0
2020-11-12 20:00:00,1.0798,1.08037,1.07976,1.08004,1616,16,0
2020-11-12 22:00:00,1.08006,1.08074,1.08002,1.08026,1204,16,0
2020-11-13 00:00:00,1.07972,1.08029,1.07952,1.0798,616,16,0
2020-11-13 02:00:00,1.07983,1.07999,1.07942,1.07966,1473,16,0
2020-11-13 04:00:00,1.07965,1.08001,1.07931,1.07985,1179,16,0
2020-11-13 06:00:00,1.07985,1.07993,1.0795,1.0795,890,16,0
2020-11-13 08:00:00,1.07952,1.08069,1.07947,1.08066,1552,16,0
2020-11-13 10:00:00,1.08064,1.08158,1.08008,1.08061,3163,16,0
2020-11-13 12:00:00,1.0806,1.08151,1.08049,1.08145,2299,16,0
2020-11-13 14:00:00,1.08147,1.08147,1.07892,1.07951,2599,16,0
2020-11-13 16:00:00,1.0795,1.08079,1.07934,1.07983,3562,16,0
2020-11-13 18:00:00,1.07983,1.0801,1.07948,1.0801,2134,16,0
2020-11-13 20:00:00,1.08011,1.08072,1.07993,1.08069,1039,16,0
2020-11-13 22:00:00,1.08067,1.08069,1.07951,1.07951,883,16,0
2020-11-16 00:00:00,1.08004,1.08061,1.07938,1.08032,1072,16,0
2020-11-16 02:00:00,1.08032,1.08046,1.07981,1.07996,1470,16,0
2020-11-16 04:00:00,1.07996,1.08079,1.07984,1.08069,1102,16,0
2020-11-16 06:00:00,1.08068,1.08087,1.08053,1.08079,578,16,0
2020-11-16 08:00:00,1.08078,1.08078,1.0798,1.08,1387,16,0
2020-11-16 10:00:00,1.07999,1.08042,1.07878,1.07922,3344,16,0
2020-11-16 12:00:00,1.07923,1.08186,1.07896,1.08159,4470,16,0
2020-11-16 14:00:00,1.08158,1.08266,1.08056,1.08058,6543,16,0
2020-11-16 16:00:00,1.08058,1.08115,1.07975,1.0801,4325,16,0
2020-11-16 18:00:00,1.0801,1.08036,1.07978,1.08013,2270,16,0
2020-11-16 20:00:00,1.08012,1.08102,1.07989,1.08096,1204,16,0
2020-11-16 22:00:00,1.08094,1.08174,1.08088,1.08141,924,16,0
2020-11-17 00:00:00,1.08141,1.08202,1.08138,1.08189,773,16,0
2020-11-17 02:00:00,1.08189,1.08201,1.08154,1.08168,1205,16,0
2020-11-17 04:00:00,1.0817,1.08197,1.08141,1.08194,1020,16,0
2020-11-17 06:00:00,1.08194,1.08199,1.08178,1.08182,670,16,0
2020-11-17 08:00:00,1.08181,1.08187,1.08104,1.08112,1272,16,0
2020-11-17 10:00:00,1.08113,1.08203,1.08028,1.0807,3915,16,0
2020-11-17 12:00:00,1.08068,1.08165,1.08026,1.08091,2384,16,0
2020-11-17 14:00:00,1.0809,1.08166,1.08044,1.0808,3194,16,0
2020-11-17 16:00:00,1.08082,1.08138,1.08021,1.08132,4355,16,0
2020-11-17 18:00:00,1.08132,1.08166,1.08023,1.08028,2610,16,0
2020-11-17 20:00:00,1.08028,1.08064,1.08022,1.08028,1225,16,0
2020-11-17 22:00:00,1.0803,1.08122,1.08028,1.08108,1288,16,0
2020-11-18 00:00:00,1.08105,1.08112,1.08069,1.0811,572,16,0
2020-11-18 02:00:00,1.0811,1.0811,1.08033,1.08034,1432,16,0
2020-11-18 04:00:00,1.08034,1.08098,1.08026,1.08061,1082,16,0
2020-11-18 06:00:00,1.08061,1.08105,1.08061,1.08097,1338,16,0
2020-11-18 08:00:00,1.08097,1.08193,1.08097,1.08186,1568,16,0
2020-11-18 10:00:00,1.08186,1.0824,1.08144,1.08146,2550,16,0
2020-11-18 12:00:00,1.08144,1.08166,1.08022,1.08108,2077,16,0
2020-11-18 14:00:00,1.08108,1.08179,1.0807,1.08108,2954,16,0
2020-11-18 16:00:00,1.08109,1.08133,1.07985,1.07999,3543,16,0
2020-11-18 18:00:00,1.07998,1.0801,1.0789,1.0797,2350,16,0
2020-11-18 20:00:00,1.07969,1.08014,1.07949,1.07986,1652,16,0
2020-11-18 22:00:00,1.07988,1.0807,1.0796,1.07969,1335,16,0
2020-11-19 00:00:00,1.07966,1.0805,1.0795,1.08004,1342,16,0
2020-11-19 02:00:00,1.08003,1.08014,1.07933,1.07952,2165,16,0
2020-11-19 04:00:00,1.07951,1.08001,1.07932,1.07947,1318,16,0
2020-11-19 06:00:00,1.07947,1.07972,1.07908,1.07957,1062,16,0
2020-11-19 08:00:00,1.07956,1.07982,1.07893,1.07926,2051,16,0
2020-11-19 10:00:00,1.07928,1.08077,1.07902,1.08074,4174,16,0
2020-11-19 12:00:00,1.08072,1.08073,1.0794,1.07957,3537,16,0
2020-11-19 14:00:00,1.07957,1.07982,1.07909,1.0794,2650,16,0
2020-11-19 16:00:00,1.07941,1.08077,1.07924,1.07981,4138,16,0
2020-11-19 18:00:00,1.07982,1.08061,1.07943,1.08058,2399,16,0
2020-11-19 20:00:00,1.0806,1.0812,1.08031,1.08114,1479,16,0
2020-11-19 22:00:00,1.08116,1.08182,1.08108,1.08115,1583,16,0
2020-11-20 00:00:00,1.08115,1.08139,1.08084,1.08096,595,16,0
2020-11-20 02:00:00,1.08095,1.0812,1.08077,1.08105,1075,16,0
2020-11-20 04:00:00,1.08106,1.08121,1.08061,1.08068,965,16,0
2020-11-20 06:00:00,1.08068,1.08139,1.08061,1.0809,1152,16,0
2020-11-20 08:00:00,1.0809,1.08133,1.08026,1.08026,1621,16,0
2020-11-20 10:00:00,1.08028,1.08084,1.07941,1.08024,3441,16,0
2020-11-20 12:00:00,1.08021,1.08226,1.08,1.08216,3020,16,0
2020-11-20 14:00:00,1.08216,1.08223,1.08041,1.08059,2922,16,0
2020-11-20 16:00:00,1.08059,1.08075,1.08002,1.08029,3329,16,0
2020-11-20 18:00:00,1.0803,1.08098,1.08028,1.08074,2017,16,0
2020-11-20 20:00:00,1.08072,1.08084,1.08052,1.08082,1327,16,0
2020-11-20 22:00:00,1.08079,1.08086,1.07984,1.07984,1173,16,0
2020-11-23 00:00:00,1.07966,1.08057,1.07966,1.08039,644,16,0
2020-11-23 02:00:00,1.08039,1.08094,1.08035,1.08074,1323,16,0
2020-11-23 04:00:00,1.08074,1.08086,1.08041,1.08047,778,16,0
2020-11-23 06:00:00,1.08047,1.08082,1.08046,1.08049,496,16,0
2020-11-23 08:00:00,1.08047,1.08096,1.08031,1.08039,1269,16,0
2020-11-23 10:00:00,1.08038,1.08172,1.08014,1.0816,2707,16,0
2020-11-23 12:00:00,1.08158,1.0817,1.0804,1.08049,2801,16,0
2020-11-23 14:00:00,1.0805,1.08094,1.08004,1.08012,2670,16,0
2020-11-23 16:00:00,1.08011,1.08122,1.07942,1.07968,5928,16,0
2020-11-23 18:00:00,1.07966,1.08018,1.07938,1.07998,4044,16,0
2020-11-23 20:00:00,1.07999,1.08076,1.07995,1.08019,1693,16,0
2020-11-23 22:00:00,1.08018,1.08061,1.08009,1.08032,1213,16,0
2020-11-24 00:00:00,1.08032,1.08063,1.07985,1.08051,687,16,0
2020-11-24 02:00:00,1.08052,1.0807,1.08023,1.08041,2005,16,0
2020-11-24 04:00:00,1.08042,1.08111,1.08041,1.08083,1374,16,0
2020-11-24 06:00:00,1.08083,1.08105,1.08039,1.08051,1100,16,0
2020-11-24 08:00:00,1.08052,1.0808,1.08017,1.08072,1069,16,0
2020-11-24 10:00:00,1.08074,1.0829,1.08052,1.08266,3568,16,0
2020-11-24 12:00:00,1.08265,1.0849,1.08241,1.08334,3585,16,0
2020-11-24 14:00:00,1.08333,1.08404,1.08129,1.08163,3404,16,0
2020-11-24 16:00:00,1.08163,1.08274,1.08092,1.08268,4580,16,0
2020-11-24 18:00:00,1.08267,1.08363,1.08257,1.08331,2730,16,0
2020-11-24 20:00:00,1.08331,1.08367,1.08294,1.08367,1629,16,0
2020-11-24 22:00:00,1.08365,1.08366,1.08314,1.08346,2004,16,0
2020-11-25 00:00:00,1.08346,1.08384,1.08275,1.0837,685,16,0
2020-11-25 02:00:00,1.0837,1.08402,1.08324,1.08372,1862,16,0
2020-11-25 04:00:00,1.08373,1.08446,1.08372,1.08435,2195,16,0
2020-11-25 06:00:00,1.08434,1.08453,1.08403,1.08408,1438,16,0
2020-11-25 08:00:00,1.08408,1.0847,1.08406,1.08429,1951,16,0
2020-11-25 10:00:00,1.08428,1.08708,1.08407,1.08589,4985,16,0
2020-11-25 12:00:00,1.08589,1.08599,1.08399,1.08444,3213,16,0
2020-11-25 14:00:00,1.08444,1.08459,1.08312,1.08393,3319,16,0
2020-11-25 16:00:00,1.08395,1.08443,1.08215,1.08259,4784,16,0
2020-11-25 18:00:00,1.08259,1.08276,1.08182,1.08202,2733,16,0
2020-11-25 20:00:00,1.08203,1.0827,1.08197,1.08252,2057,16,0
2020-11-25 22:00:00,1.08251,1.08262,1.08195,1.08195,1250,16,0
2020-11-26 00:00:00,1.08183,1.08233,1.08178,1.08221,824,16,0
2020-11-26 02:00:00,1.08221,1.08243,1.08184,1.08218,1093,16,0
2020-11-26 04:00:00,1.08219,1.0822,1.08159,1.08163,858,16,0
2020-11-26 06:00:00,1.08163,1.08177,1.08137,1.08165,957,16,0
2020-11-26 08:00:00,1.08167,1.08312,1.08158,1.08296,1358,16,0
2020-11-26 10:00:00,1.08294,1.08315,1.08141,1.08182,2707,16,0
2020-11-26 12:00:00,1.08182,1.08253,1.08076,1.0811,2286,16,0
2020-11-26 14:00:00,1.0811,1.08138,1.08037,1.08064,2658,16,0
2020-11-26 16:00:00,1.08062,1.08116,1.07951,1.07954,2339,16,0
2020-11-26 18:00:00,1.07954,1.08007,1.07913,1.08,1446,16,0
2020-11-26 20:00:00,1.07996,1.0802,1.07962,1.07982,2960,16,0
2020-11-26 22:00:00,1.07982,1.08017,1.07908,1.07908,1639,16,0
2020-11-27 00:00:00,1.07942,1.07997,1.07931,1.07966,425,16,0
2020-11-27 02:00:00,1.07966,1.07999,1.07937,1.07972,1155,16,0
2020-11-27 04:00:00,1.07972,1.07992,1.07948,1.07985,981,16,0
2020-11-27 06:00:00,1.07985,1.08008,1.07973,1.08004,571,16,0
2020-11-27 08:00:00,1.08004,1.0809,1.08001,1.08077,1363,16,0
2020-11-27 10:00:00,1.08078,1.08187,1.0806,1.08106,2918,16,0
2020-11-27 12:00:00,1.08105,1.08239,1.08062,1.08204,2413,16,0
2020-11-27 14:00:00,1.08206,1.08262,1.08186,1.0822,3039,16,0
2020-11-27 16:00:00,1.08221,1.08267,1.0809,1.0809,3731,16,0
2020-11-27 18:00:00,1.08091,1.08213,1.08075,1.08199,2942,16,0
2020-11-27 20:00:00,1.08201,1.08219,1.08125,1.08169,4910,16,0
2020-11-27 22:00:00,1.08169,1.08223,1.08163,1.08194,1285,16,0
2020-11-30 00:00:00,1.08087,1.08242,1.08087,1.08234,684,16,0
2020-11-30 02:00:00,1.08234,1.08237,1.08163,1.08182,1292,16,0
2020-11-30 04:00:00,1.08182,1.08185,1.08122,1.08148,1224,16,0
2020-11-30 06:00:00,1.08148,1.08154,1.08086,1.08098,1035,16,0
2020-11-30 08:00:00,1.08099,1.08111,1.08026,1.08071,1858,16,0
2020-11-30 10:00:00,1.08071,1.08247,1.08026,1.08242,3703,16,0
2020-11-30 12:00:00,1.08242,1.0834,1.08208,1.08259,2403,16,0
2020-11-30 14:00:00,1.08258,1.08465,1.08243,1.0846,3060,16,0
2020-11-30 16:00:00,1.0846,1.08582,1.08265,1.08275,6707,16,0
2020-11-30 18:00:00,1.08273,1.08316,1.08172,1.0827,5043,16,0
2020-11-30 20:00:00,1.0827,1.083,1.08227,1.08279,1709,16,0
2020-11-30 22:00:00,1.08278,1.08422,1.08273,1.08347,2773,16,0
2020-12-01 00:00:00,1.0826,1.08443,1.08238,1.08415,812,17,0
2020-12-01 02:00:00,1.08416,1.08456,1.08383,1.08442,1110,16,0
2020-12-01 04:00:00,1.08443,1.0849,1.08422,1.08489,907,16,0
2020-12-01 06:00:00,1.08488,1.08498,1.08452,1.08462,670,16,0
2020-12-01 08:00:00,1.08462,1.08528,1.08445,1.08513,1584,16,0
2020-12-01 10:00:00,1.08513,1.08588,1.08441,1.0858,3226,16,0
2020-12-01 12:00:00,1.08579,1.0859,1.08332,1.08407,3127,16,0
2020-12-01 14:00:00,1.08407,1.08416,1.08314,1.08381,3396,16,0
2020-12-01 16:00:00,1.08381,1.08559,1.0834,1.0842,6657,16,0
2020-12-01 18:00:00,1.0842,1.08532,1.08347,1.08444,4411,16,0
2020-12-01 20:00:00,1.08446,1.0853,1.08424,1.08503,1904,16,0
2020-12-01 22:00:00,1.08502,1.0864,1.08501,1.08612,2344,16,0
2020-12-02 00:00:00,1.08539,1.08626,1.08537,1.08574,939,17,0
2020-12-02 02:00:00,1.08574,1.08578,1.08498,1.08521,1394,16,0
2020-12-02 04:00:00,1.08523,1.08596,1.08502,1.08575,1218,16,0
2020-12-02 06:00:00,1.08575,1.08608,1.08557,1.0858,1306,16,0
2020-12-02 08:00:00,1.08582,1.08712,1.08577,1.08611,2236,16,0
2020-12-02 10:00:00,1.08611,1.08636,1.08503,1.08571,5119,16,0
2020-12-02 12:00:00,1.08573,1.08594,1.08329,1.08355,2943,16,0
2020-12-02 14:00:00,1.08355,1.08362,1.08146,1.08177,5217,16,0
2020-12-02 16:00:00,1.08177,1.08383,1.08124,1.08289,6235,16,0
2020-12-02 18:00:00,1.08289,1.08388,1.08249,1.08372,3505,16,0
2020-12-02 20:00:00,1.08374,1.08418,1.08356,1.08414,2461,16,0
2020-12-02 22:00:00,1.08411,1.08431,1.08345,1.08345,1960,16,0
2020-12-03 00:00:00,1.08342,1.08384,1.08327,1.08367,803,16,0
2020-12-03 02:00:00,1.08367,1.08401,1.08331,1.08361,1617,16,0
2020-12-03 04:00:00,1.08362,1.08379,1.08332,1.08358,1204,16,0
2020-12-03 06:00:00,1.08358,1.08365,1.08301,1.08317,778,16,0
2020-12-03 08:00:00,1.08317,1.08326,1.08273,1.08294,1813,16,0
2020-12-03 10:00:00,1.08295,1.08386,1.0825,1.08273,4180,16,0
2020-12-03 12:00:00,1.08273,1.08285,1.0816,1.08225,2873,16,0
2020-12-03 14:00:00,1.08224,1.08329,1.08184,1.08318,4832,16,0
2020-12-03 16:00:00,1.08319,1.08336,1.08228,1.08281,5348,16,0
2020-12-03 18:00:00,1.08281,1.08295,1.08169,1.08262,3150,16,0
2020-12-03 20:00:00,1.08262,1.083,1.08223,1.08223,1689,16,0
2020-12-03 22:00:00,1.08223,1.0825,1.0818,1.082,1708,16,0
2020-12-04 00:00:00,1.08202,1.08219,1.0816,1.08188,992,17,0
2020-12-04 02:00:00,1.08188,1.08217,1.08164,1.08198,1477,16,0
2020-12-04 04:00:00,1.08199,1.08205,1.08172,1.08179,783,16,0
2020-12-04 06:00:00,1.08179,1.08207,1.08168,1.08201,790,16,0
2020-12-04 08:00:00,1.08202,1.08283,1.0819,1.08264,1749,16,0
2020-12-04 10:00:00,1.08264,1.08481,1.08251,1.08462,3607,16,0
2020-12-04 12:00:00,1.08462,1.08466,1.08262,1.08282,3524,16,0
2020-12-04 14:00:00,1.08283,1.08283,1.08099,1.08162,5631,16,0
2020-12-04 16:00:00,1.08163,1.08207,1.08094,1.08165,5602,16,0
2020-12-04 18:00:00,1.08164,1.08201,1.08105,1.08114,2690,16,0
2020-12-04 20:00:00,1.08115,1.0816,1.08049,1.0807,1431,16,0
2020-12-04 22:00:00,1.08071,1.08141,1.07971,1.0807,2526,16,0
2020-12-07 00:00:00,1.07992,1.08144,1.07968,1.08086,1246,16,0
2020-12-07 02:00:00,1.08089,1.08109,1.08041,1.08081,1519,16,0
2020-12-07 04:00:00,1.08081,1.08117,1.08067,1.08072,828,16,0
2020-12-07 06:00:00,1.08072,1.08094,1.08063,1.08078,393,16,0
2020-12-07 08:00:00,1.08078,1.08106,1.08024,1.08057,1689,16,0
2020-12-07 10:00:00,1.08056,1.0812,1.07979,1.08029,4658,16,0
2020-12-07 12:00:00,1.08024,1.0809,1.07927,1.0795,3142,16,0
2020-12-07 14:00:00,1.07953,1.08068,1.07879,1.07983,3827,16,0
2020-12-07 16:00:00,1.07982,1.08008,1.0784,1.07849,5054,16,0
2020-12-07 18:00:00,1.07849,1.0797,1.07802,1.07902,2661,16,0
2020-12-07 20:00:00,1.07903,1.07949,1.0786,1.07887,2665,16,0
2020-12-07 22:00:00,1.07887,1.0791,1.07847,1.07847,1930,16,0
2020-12-08 00:00:00,1.07838,1.079,1.07823,1.07874,481,16,0
2020-12-08 02:00:00,1.07873,1.07907,1.07847,1.07875,1355,16,0
2020-12-08 04:00:00,1.07874,1.07928,1.07861,1.07924,894,16,0
2020-12-08 06:00:00,1.07923,1.07961,1.07921,1.07952,581,16,0
2020-12-08 08:00:00,1.07952,1.07983,1.07862,1.07869,1450,16,0
2020-12-08 10:00:00,1.0787,1.07944,1.07794,1.07846,4047,16,0
2020-12-08 12:00:00,1.07844,1.07904,1.07751,1.07758,3271,16,0
2020-12-08 14:00:00,1.0776,1.07844,1.07695,1.07764,5203,16,0
2020-12-08 16:00:00,1.07766,1.07778,1.07592,1.07651,5956,16,0
2020-12-08 18:00:00,1.07651,1.07678,1.076,1.07648,2999,16,0
2020-12-08 20:00:00,1.07647,1.07649,1.07589,1.07639,1820,16,0
2020-12-08 22:00:00,1.07638,1.07639,1.07586,1.076,1198,16,0
2020-12-09 00:00:00,1.07599,1.07624,1.07574,1.07612,710,17,0
2020-12-09 02:00:00,1.07612,1.07658,1.07601,1.07648,1162,16,0
2020-12-09 04:00:00,1.07648,1.07692,1.07643,1.07655,1082,16,0
2020-12-09 06:00:00,1.07654,1.07702,1.07653,1.07689,860,16,0
2020-12-09 08:00:00,1.07689,1.07755,1.07683,1.07726,1935,16,0
2020-12-09 10:00:00,1.07721,1.07743,1.07618,1.07691,3137,16,0
2020-12-09 12:00:00,1.07693,1.07829,1.07608,1.07624,3494,16,0
2020-12-09 14:00:00,1.07625,1.07694,1.07557,1.07634,2964,16,0
2020-12-09 16:00:00,1.07633,1.07646,1.07486,1.0752,5401,16,0
2020-12-09 18:00:00,1.07521,1.07563,1.07471,1.07492,4242,16,0
2020-12-09 20:00:00,1.07491,1.07528,1.07412,1.07416,2716,16,0
2020-12-09 22:00:00,1.07418,1.07466,1.07416,1.07443,1994,16,0
2020-12-10 00:00:00,1.0744,1.07451,1.07346,1.07427,591,16,0
2020-12-10 02:00:00,1.07426,1.07461,1.07413,1.0744,1003,16,0
2020-12-10 04:00:00,1.0744,1.07509,1.07439,1.07492,960,16,0
2020-12-10 06:00:00,1.07491,1.07521,1.07487,1.07507,796,16,0
2020-12-10 08:00:00,1.07507,1.07545,1.07462,1.07468,1812,16,0
2020-12-10 10:00:00,1.07468,1.07686,1.07462,1.0761,3339,16,0
2020-12-10 12:00:00,1.0761,1.07617,1.07472,1.07472,1995,16,0
2020-12-10 14:00:00,1.07473,1.07598,1.07419,1.07548,7180,16,0
2020-12-10 16:00:00,1.07547,1.07638,1.07461,1.07617,8029,16,0
2020-12-10 18:00:00,1.07617,1.0762,1.07537,1.07614,3748,16,0
2020-12-10 20:00:00,1.07613,1.0766,1.07586,1.07636,2900,16,0
2020-12-10 22:00:00,1.07639,1.07687,1.07531,1.07543,1927,16,0
2020-12-11 00:00:00,1.07526,1.07603,1.07497,1.07574,601,16,0
2020-12-11 02:00:00,1.07572,1.07632,1.07561,1.07626,1450,16,0
2020-12-11 04:00:00,1.07627,1.07671,1.07615,1.07665,948,16,0
2020-12-11 06:00:00,1.07665,1.07682,1.07625,1.07626,675,16,0
2020-12-11 08:00:00,1.07626,1.07726,1.07607,1.07616,1776,16,0
2020-12-11 10:00:00,1.07614,1.07618,1.07485,1.07501,4316,16,0
2020-12-11 12:00:00,1.07501,1.07804,1.07488,1.07745,3782,16,0
2020-12-11 14:00:00,1.07746,1.07852,1.07698,1.07795,3377,16,0
2020-12-11 16:00:00,1.07794,1.07857,1.07715,1.07836,5219,16,0
2020-12-11 18:00:00,1.07836,1.07888,1.07765,1.07779,2998,16,0
2020-12-11 20:00:00,1.0778,1.07787,1.07734,1.0774,1200,16,0
2020-12-11 22:00:00,1.07741,1.07781,1.07716,1.07717,1688,16,0
2020-12-14 00:00:00,1.07811,1.07854,1.07735,1.07798,1260,16,0
2020-12-14 02:00:00,1.07799,1.07858,1.07755,1.07848,1437,16,0
2020-12-14 04:00:00,1.07848,1.07851,1.07795,1.07841,886,16,0
2020-12-14 06:00:00,1.07841,1.07896,1.07835,1.07895,626,16,0
2020-12-14 08:00:00,1.07895,1.07914,1.07826,1.07826,1909,16,0
2020-12-14 10:00:00,1.07825,1.07874,1.07622,1.0765,3175,16,0
2020-12-14 12:00:00,1.0765,1.07714,1.07622,1.0765,2523,16,0
2020-12-14 14:00:00,1.07649,1.07784,1.07626,1.07778,3134,16,0
2020-12-14 16:00:00,1.07776,1.07786,1.0769,1.07738,5838,16,0
2020-12-14 18:00:00,1.07737,1.0777,1.07684,1.07718,2720,16,0
2020-12-14 20:00:00,1.07718,1.07762,1.07708,1.07744,1738,16,0
2020-12-14 22:00:00,1.07743,1.07747,1.07664,1.07664,1687,16,0
2020-12-15 00:00:00,1.07623,1.07729,1.07623,1.07719,915,16,0
2020-12-15 02:00:00,1.07717,1.07783,1.07703,1.07779,1397,16,0
2020-12-15 04:00:00,1.07778,1.07781,1.07706,1.07741,1141,16,0
2020-12-15 06:00:00,1.07741,1.07755,1.07717,1.07732,788,16,0
2020-12-15 08:00:00,1.07731,1.0785,1.07645,1.07658,1658,16,0
2020-12-15 10:00:00,1.07656,1.07706,1.0758,1.07701,3144,16,0
2020-12-15 12:00:00,1.077,1.0782,1.07681,1.077,2173,16,0
2020-12-15 14:00:00,1.07699,1.07738,1.0763,1.07703,4247,16,0
2020-12-15 16:00:00,1.07705,1.07804,1.07682,1.07701,4588,16,0
2020-12-15 18:00:00,1.077,1.07758,1.07681,1.0772,2559,16,0
2020-12-15 20:00:00,1.0772,1.0775,1.0762,1.07622,2225,16,0
2020-12-15 22:00:00,1.07621,1.07647,1.07609,1.07619,2397,16,0
2020-12-16 00:00:00,1.07616,1.07632,1.07607,1.07626,400,17,0
2020-12-16 02:00:00,1.07626,1.07677,1.07599,1.07654,915,16,0
2020-12-16 04:00:00,1.07654,1.07689,1.07647,1.07671,895,16,0
2020-12-16 06:00:00,1.0767,1.07685,1.07661,1.07678,965,16,0
2020-12-16 08:00:00,1.07678,1.07716,1.07643,1.07658,2029,16,0
2020-12-16 10:00:00,1.07657,1.07895,1.07656,1.07782,5746,16,0
2020-12-16 12:00:00,1.0778,1.07808,1.07676,1.07689,2705,16,0
2020-12-16 14:00:00,1.07689,1.07947,1.07671,1.07935,4276,16,0
2020-12-16 16:00:00,1.07935,1.08063,1.07822,1.07827,5086,16,0
2020-12-16 18:00:00,1.0783,1.0793,1.07807,1.07921,3003,16,0
2020-12-16 20:00:00,1.0792,1.07996,1.07806,1.07922,5306,16,0
2020-12-16 22:00:00,1.07921,1.0801,1.07865,1.0794,3480,16,0
2020-12-17 00:00:00,1.07935,1.07977,1.07916,1.07972,570,17,0
2020-12-17 02:00:00,1.07971,1.08012,1.07929,1.07994,1814,16,0
2020-12-17 04:00:00,1.07995,1.08074,1.0797,1.08049,1070,16,0
2020-12-17 06:00:00,1.08049,1.08129,1.08046,1.08086,1749,16,0
2020-12-17 08:00:00,1.08085,1.08104,1.07985,1.08083,2472,16,0
2020-12-17 10:00:00,1.08084,1.08211,1.07904,1.07936,3652,16,0
2020-12-17 12:00:00,1.07937,1.08134,1.07894,1.08101,2228,16,0
2020-12-17 14:00:00,1.08102,1.08268,1.08094,1.08229,3972,16,0
2020-12-17 16:00:00,1.0823,1.08329,1.08183,1.08294,5015,16,0
2020-12-17 18:00:00,1.08292,1.08425,1.08286,1.08416,3545,16,0
2020-12-17 20:00:00,1.08417,1.08574,1.0841,1.08509,1617,16,0
2020-12-17 22:00:00,1.08511,1.08532,1.08444,1.08465,2155,16,0
2020-12-18 00:00:00,1.08447,1.0849,1.08411,1.0848,471,16,0
2020-12-18 02:00:00,1.08479,1.08494,1.08344,1.08388,1252,16,0
2020-12-18 04:00:00,1.08389,1.08416,1.08347,1.08351,822,16,0
2020-12-18 06:00:00,1.08351,1.08363,1.08293,1.08323,848,16,0
2020-12-18 08:00:00,1.08323,1.08397,1.08298,1.08347,1728,16,0
2020-12-18 10:00:00,1.08346,1.0859,1.08314,1.08394,3052,16,0
2020-12-18 12:00:00,1.08394,1.08413,1.08164,1.08223,2455,16,0
2020-12-18 14:00:00,1.08222,1.08446,1.08208,1.08379,3730,16,0
2020-12-18 16:00:00,1.08378,1.08474,1.08303,1.08325,4541,16,0
2020-12-18 18:00:00,1.08327,1.0834,1.08232,1.08262,2902,16,0
2020-12-18 20:00:00,1.08263,1.08294,1.08191,1.08194,1091,16,0
2020-12-18 22:00:00,1.08194,1.08277,1.08178,1.08214,1610,16,0
2020-12-21 00:00:00,1.08139,1.0828,1.08132,1.08163,919,16,0
2020-12-21 02:00:00,1.08161,1.08164,1.08042,1.08109,2136,16,0
2020-12-21 04:00:00,1.08109,1.08111,1.07972,1.08029,1932,16,0
2020-12-21 06:00:00,1.0803,1.08086,1.08015,1.08052,1020,16,0
2020-12-21 08:00:00,1.08051,1.08188,1.08007,1.08172,3873,16,0
2020-12-21 10:00:00,1.08173,1.08292,1.08065,1.0817,6192,16,0
2020-12-21 12:00:00,1.0817,1.0822,1.08048,1.08052,7567,16,0
2020-12-21 14:00:00,1.08053,1.082,1.07996,1.08156,6243,16,0
2020-12-21 16:00:00,1.08156,1.08463,1.08144,1.08389,6361,16,0
2020-12-21 18:00:00,1.08388,1.08392,1.08287,1.08334,3696,16,0
2020-12-21 20:00:00,1.08332,1.08381,1.083,1.08351,2595,16,0
2020-12-21 22:00:00,1.08351,1.08445,1.08291,1.08412,2033,16,0
2020-12-22 00:00:00,1.08392,1.08446,1.08331,1.08348,1192,16,0
2020-12-22 02:00:00,1.08348,1.0843,1.08334,1.08408,1413,16,0
2020-12-22 04:00:00,1.08408,1.08408,1.08358,1.08382,1143,16,0
2020-12-22 06:00:00,1.08382,1.08405,1.08322,1.08363,751,16,0
2020-12-22 08:00:00,1.08362,1.0842,1.08327,1.08328,1721,16,0
2020-12-22 10:00:00,1.08328,1.08445,1.08258,1.08262,4004,16,0
2020-12-22 12:00:00,1.0826,1.0837,1.08207,1.08366,3973,16,0
2020-12-22 14:00:00,1.08366,1.08443,1.08271,1.08286,4221,16,0
2020-12-22 16:00:00,1.08286,1.08389,1.08199,1.08245,5690,16,0
2020-12-22 18:00:00,1.08245,1.08245,1.08145,1.08237,4247,16,0
2020-12-22 20:00:00,1.08239,1.08242,1.08177,1.08236,1928,16,0
2020-12-22 22:00:00,1.08235,1.08235,1.08135,1.08135,1785,16,0
2020-12-23 00:00:00,1.08159,1.08212,1.08115,1.0819,672,16,0
2020-12-23 02:00:00,1.0819,1.08215,1.08127,1.08165,3216,16,0
2020-12-23 04:00:00,1.08164,1.08193,1.08106,1.08193,1362,16,0
2020-12-23 06:00:00,1.08191,1.08215,1.08185,1.0821,845,16,0
2020-12-23 08:00:00,1.08208,1.08318,1.08198,1.08302,1518,16,0
2020-12-23 10:00:00,1.08303,1.08448,1.08255,1.08422,3415,16,0
2020-12-23 12:00:00,1.08423,1.08488,1.08355,1.08477,3192,16,0
2020-12-23 14:00:00,1.08477,1.08488,1.0829,1.08411,4637,16,0
2020-12-23 16:00:00,1.0841,1.08576,1.08307,1.08367,7296,16,0
2020-12-23 18:00:00,1.08366,1.08394,1.0822,1.08244,3298,16,0
2020-12-23 20:00:00,1.08243,1.08291,1.08224,1.0825,1897,16,0
2020-12-23 22:00:00,1.08251,1.08299,1.08213,1.08235,2207,16,0
2020-12-24 00:00:00,1.08191,1.08261,1.08191,1.08244,327,16,0
2020-12-24 02:00:00,1.08244,1.08334,1.08236,1.08328,1448,16,0
2020-12-24 04:00:00,1.08328,1.08355,1.08319,1.08323,931,16,0
2020-12-24 06:00:00,1.08323,1.08336,1.08301,1.08314,767,16,0
2020-12-24 08:00:00,1.08314,1.08422,1.08309,1.08334,1354,16,0
2020-12-24 10:00:00,1.08333,1.08409,1.08261,1.08358,2694,16,0
2020-12-24 12:00:00,1.08358,1.08389,1.08298,1.08357,1751,16,0
2020-12-24 14:00:00,1.08359,1.08573,1.08351,1.08523,2037,16,0
2020-12-24 16:00:00,1.08521,1.08632,1.0852,1.0855,3367,16,0
2020-12-24 18:00:00,1.08552,1.08622,1.08484,1.0862,1871,16,0
2020-12-28 00:00:00,1.08361,1.08601,1.08361,1.08559,1039,16,0
2020-12-28 02:00:00,1.08556,1.08639,1.08486,1.08601,2541,16,0
2020-12-28 04:00:00,1.08603,1.0869,1.0859,1.08674,1573,16,0
2020-12-28 06:00:00,1.08674,1.08688,1.08646,1.08679,739,16,0
2020-12-28 08:00:00,1.0868,1.08804,1.08676,1.08758,1960,16,0
2020-12-28 10:00:00,1.08757,1.08914,1.08717,1.08854,2816,16,0
2020-12-28 12:00:00,1.08855,1.08856,1.0871,1.08718,4617,16,0
2020-12-28 14:00:00,1.08719,1.08732,1.08486,1.08614,3676,16,0
2020-12-28 16:00:00,1.08614,1.08659,1.0857,1.08628,2998,16,0
2020-12-28 18:00:00,1.08628,1.08684,1.08609,1.08637,2647,16,0
2020-12-28 20:00:00,1.08637,1.08674,1.0859,1.08593,1111,16,0
2020-12-28 22:00:00,1.08593,1.08614,1.0851,1.08537,1356,16,0
2020-12-29 00:00:00,1.08538,1.08562,1.0851,1.08545,574,16,0
2020-12-29 02:00:00,1.08546,1.08607,1.08536,1.08605,1393,16,0
2020-12-29 04:00:00,1.08605,1.08617,1.08512,1.08553,1253,16,0
2020-12-29 06:00:00,1.08553,1.08584,1.08546,1.08546,850,16,0
2020-12-29 08:00:00,1.08545,1.08607,1.08488,1.08488,1527,16,0
2020-12-29 10:00:00,1.0849,1.08575,1.08379,1.08463,3209,16,0
2020-12-29 12:00:00,1.08462,1.0869,1.08405,1.08632,3550,16,0
2020-12-29 14:00:00,1.08633,1.08756,1.08465,1.08504,4523,16,0
2020-12-29 16:00:00,1.08506,1.08536,1.08317,1.08317,4555,16,0
2020-12-29 18:00:00,1.08316,1.08326,1.08216,1.08273,3022,16,0
2020-12-29 20:00:00,1.08274,1.08391,1.08269,1.08361,1579,16,0
2020-12-29 22:00:00,1.0836,1.08403,1.08272,1.08274,1591,16,0
2020-12-30 00:00:00,1.08221,1.08332,1.08211,1.08318,1080,16,0
2020-12-30 02:00:00,1.08318,1.08453,1.08296,1.08436,3451,16,0
2020-12-30 04:00:00,1.08436,1.08464,1.08373,1.08397,1425,16,0
2020-12-30 06:00:00,1.08398,1.084,1.08321,1.08351,1485,16,0
2020-12-30 08:00:00,1.08351,1.08433,1.08326,1.08361,1804,16,0
2020-12-30 10:00:00,1.08362,1.08534,1.08352,1.08532,4314,16,0
2020-12-30 12:00:00,1.08532,1.08586,1.08389,1.08566,3414,16,0
2020-12-30 14:00:00,1.08566,1.08624,1.08417,1.08492,3287,16,0
2020-12-30 16:00:00,1.08492,1.08619,1.08414,1.08582,6457,16,0
2020-12-30 18:00:00,1.08583,1.08609,1.08432,1.08494,3623,16,0
2020-12-30 20:00:00,1.08492,1.08492,1.08401,1.08403,1642,16,0
2020-12-30 22:00:00,1.08402,1.08428,1.08358,1.08358,1280,16,0
2020-12-31 00:00:00,1.08359,1.08445,1.08359,1.08422,458,16,0
2020-12-31 02:00:00,1.08424,1.08455,1.08397,1.08436,1236,16,0
2020-12-31 04:00:00,1.08435,1.08436,1.08358,1.08384,952,16,0
2020-12-31 06:00:00,1.08382,1.084,1.08367,1.08385,706,16,0
2020-12-31 08:00:00,1.08385,1.08403,1.08284,1.08289,1248,16,0
2020-12-31 10:00:00,1.0829,1.0837,1.08198,1.08209,4241,16,0
2020-12-31 12:00:00,1.0821,1.08277,1.08048,1.08102,3195,16,0
2020-12-31 14:00:00,1.08102,1.08167,1.07988,1.0806,3625,16,0
2020-12-31 16:00:00,1.08061,1.0819,1.07972,1.08157,4843,16,0
2020-12-31 18:00:00,1.08156,1.08217,1.08096,1.08132,3272,21,0
2021-01-04 00:00:00,1.08044,1.08188,1.08029,1.08176,1492,16,0
2021-01-04 02:00:00,1.08175,1.0827,1.08158,1.08254,2773,16,0
2021-01-04 04:00:00,1.08255,1.08307,1.08236,1.0829,1555,16,0
2021-01-04 06:00:00,1.0829,1.08308,1.08256,1.0828,1268,16,0
2021-01-04 08:00:00,1.0828,1.08307,1.08199,1.08272,2563,16,0
2021-01-04 10:00:00,1.08271,1.08271,1.08051,1.08143,4121,16,0
2021-01-04 12:00:00,1.08143,1.08183,1.08068,1.08153,2633,16,0
2021-01-04 14:00:00,1.08152,1.0817,1.08028,1.08161,3918,16,0
2021-01-04 16:00:00,1.0816,1.08255,1.07913,1.0794,7018,16,0
2021-01-04 18:00:00,1.07937,1.0803,1.07897,1.07984,5849,16,0
2021-01-04 20:00:00,1.07985,1.08006,1.07885,1.07891,2586,16,0
2021-01-04 22:00:00,1.07891,1.07942,1.07888,1.0791,2001,16,0
2021-01-05 00:00:00,1.07895,1.07974,1.07895,1.07969,594,18,0
2021-01-05 02:00:00,1.0797,1.08055,1.07963,1.08025,1559,16,0
2021-01-05 04:00:00,1.08025,1.0805,1.07985,1.07998,1608,16,0
2021-01-05 06:00:00,1.07997,1.08028,1.07964,1.08028,1394,16,0
2021-01-05 08:00:00,1.08029,1.08035,1.07975,1.07982,2360,16,0
2021-01-05 10:00:00,1.07983,1.08032,1.07892,1.07999,3741,16,0
2021-01-05 12:00:00,1.07999,1.0819,1.0797,1.08028,2995,16,0
2021-01-05 14:00:00,1.08029,1.0804,1.07908,1.07956,3856,16,0
2021-01-05 16:00:00,1.07954,1.08008,1.07919,1.07958,6900,16,0
2021-01-05 18:00:00,1.07959,1.08035,1.07915,1.07978,4799,16,0
2021-01-05 20:00:00,1.07977,1.08001,1.07942,1.07994,2905,16,0
2021-01-05 22:00:00,1.07993,1.0803,1.07972,1.07975,1452,16,0
2021-01-06 00:00:00,1.07995,1.08014,1.07939,1.08001,645,16,0
2021-01-06 02:00:00,1.08002,1.08095,1.07974,1.08021,4253,16,0
2021-01-06 04:00:00,1.08021,1.08046,1.07978,1.07988,2002,16,0
2021-01-06 06:00:00,1.07986,1.08042,1.07975,1.08014,2010,16,0
2021-01-06 08:00:00,1.08017,1.08172,1.07997,1.08106,3880,16,0
2021-01-06 10:00:00,1.08107,1.08182,1.0806,1.08173,4415,16,0
2021-01-06 12:00:00,1.08173,1.08179,1.08078,1.08093,3469,16,0
2021-01-06 14:00:00,1.08094,1.08316,1.08082,1.08306,5147,16,0
2021-01-06 16:00:00,1.08306,1.08316,1.08144,1.08216,7754,16,0
2021-01-06 18:00:00,1.08218,1.0836,1.08175,1.08333,6099,16,0
2021-01-06 20:00:00,1.08332,1.08369,1.08207,1.08265,4166,16,0
2021-01-06 22:00:00,1.08265,1.08343,1.08223,1.08223,4654,16,0
2021-01-07 00:00:00,1.08264,1.08351,1.08206,1.08336,1169,16,0
2021-01-07 02:00:00,1.08333,1.08339,1.08287,1.08327,1572,16,0
2021-01-07 04:00:00,1.08329,1.08352,1.08285,1.08295,1581,16,0
2021-01-07 06:00:00,1.08295,1.08323,1.0825,1.0827,956,16,0
2021-01-07 08:00:00,1.08268,1.0838,1.08251,1.08322,2209,16,0
2021-01-07 10:00:00,1.08321,1.08416,1.08265,1.08349,4869,16,0
2021-01-07 12:00:00,1.08349,1.08358,1.08243,1.08312,4362,16,0
2021-01-07 14:00:00,1.08312,1.08387,1.0827,1.08284,3991,16,0
2021-01-07 16:00:00,1.08282,1.08618,1.08271,1.0854,7633,16,0
2021-01-07 18:00:00,1.08541,1.08567,1.08424,1.08516,4044,16,0
2021-01-07 20:00:00,1.08515,1.08607,1.08509,1.08572,1904,16,0
2021-01-07 22:00:00,1.0857,1.08666,1.08538,1.08604,1989,16,0
2021-01-08 00:00:00,1.08526,1.08627,1.0851,1.086,799,16,0
2021-01-08 02:00:00,1.086,1.08619,1.08515,1.08558,2509,16,0
2021-01-08 04:00:00,1.08558,1.08594,1.08532,1.08571,1349,16,0
2021-01-08 06:00:00,1.08571,1.08602,1.0855,1.08552,1001,16,0
2021-01-08 08:00:00,1.08551,1.08615,1.08482,1.08504,2530,16,0
2021-01-08 10:00:00,1.08504,1.08596,1.08379,1.08416,5313,16,0
2021-01-08 12:00:00,1.08417,1.08466,1.08297,1.08298,2759,16,0
2021-01-08 14:00:00,1.08295,1.08376,1.08224,1.08322,5571,16,0
2021-01-08 16:00:00,1.08322,1.08408,1.0822,1.08231,7726,16,0
2021-01-08 18:00:00,1.0823,1.08397,1.08202,1.08335,5290,16,0
2021-01-08 20:00:00,1.08336,1.08348,1.08202,1.08258,2974,16,0
2021-01-08 22:00:00,1.08258,1.08271,1.08123,1.08168,2343,16,0
2021-01-11 00:00:00,1.08202,1.08234,1.08152,1.08161,666,16,0
2021-01-11 02:00:00,1.08162,1.08209,1.08146,1.08201,1793,16,0
2021-01-11 04:00:00,1.082,1.08202,1.08152,1.08173,1440,16,0
2021-01-11 06:00:00,1.08172,1.08192,1.0815,1.08188,998,16,0
2021-01-11 08:00:00,1.08188,1.08249,1.08156,1.08197,2472,16,0
2021-01-11 10:00:00,1.08198,1.08272,1.08141,1.08179,3710,16,0
2021-01-11 12:00:00,1.08177,1.08338,1.08158,1.08278,3178,16,0
2021-01-11 14:00:00,1.08276,1.08398,1.08225,1.08273,3704,16,0
2021-01-11 16:00:00,1.08273,1.08328,1.08161,1.08304,6510,16,0
2021-01-11 18:00:00,1.08305,1.08332,1.08129,1.08181,4195,16,0
2021-01-11 20:00:00,1.0818,1.08191,1.08129,1.08177,1395,16,0
2021-01-11 22:00:00,1.08177,1.08194,1.08143,1.0815,1766,16,0
2021-01-12 00:00:00,1.08153,1.08195,1.08127,1.08182,704,17,0
2021-01-12 02:00:00,1.08182,1.08236,1.08172,1.0821,2088,16,0
2021-01-12 04:00:00,1.08209,1.08253,1.0817,1.0825,902,16,0
2021-01-12 06:00:00,1.08249,1.08252,1.08209,1.08236,1224,16,0
2021-01-12 08:00:00,1.08237,1.08304,1.08212,1.08234,2122,16,0
2021-01-12 10:00:00,1.08236,1.08303,1.08182,1.08219,3617,16,0
2021-01-12 12:00:00,1.08219,1.08273,1.08069,1.08114,2878,16,0
2021-01-12 14:00:00,1.08115,1.08219,1.08053,1.08117,3813,16,0
2021-01-12 16:00:00,1.08116,1.08169,1.08096,1.08126,4849,16,0
2021-01-12 18:00:00,1.08127,1.08255,1.08126,1.08224,3817,16,0
2021-01-12 20:00:00,1.08224,1.08232,1.08145,1.08197,3730,16,0
2021-01-12 22:00:00,1.08197,1.08216,1.0815,1.0818,1895,16,0
2021-01-13 00:00:00,1.08176,1.08204,1.08147,1.08177,1144,16,0
2021-01-13 02:00:00,1.08177,1.08217,1.08162,1.08217,1475,16,0
2021-01-13 04:00:00,1.08217,1.08218,1.0817,1.08192,1068,16,0
2021-01-13 06:00:00,1.08192,1.08207,1.08168,1.08176,743,16,0
2021-01-13 08:00:00,1.08175,1.08207,1.08147,1.08185,1661,16,0
2021-01-13 10:00:00,1.08187,1.08218,1.08097,1.08148,4012,16,0
2021-01-13 12:00:00,1.08149,1.08174,1.08092,1.08098,2938,16,0
2021-01-13 14:00:00,1.08097,1.08133,1.07994,1.08027,3256,16,0
2021-01-13 16:00:00,1.08026,1.08034,1.07835,1.07926,4981,16,0
2021-01-13 18:00:00,1.07927,1.0797,1.07835,1.07923,4550,16,0
2021-01-13 20:00:00,1.07922,1.07949,1.07885,1.07913,2298,16,0
2021-01-13 22:00:00,1.07913,1.07932,1.07864,1.07864,1755,16,0
2021-01-14 00:00:00,1.0786,1.07921,1.07807,1.07887,1474,17,0
2021-01-14 02:00:00,1.07887,1.07929,1.07871,1.07923,1561,16,0
2021-01-14 04:00:00,1.07924,1.07949,1.07855,1.07882,2502,16,0
2021-01-14 06:00:00,1.07881,1.07881,1.07816,1.07843,1351,16,0
2021-01-14 08:00:00,1.07841,1.07852,1.07778,1.07798,2078,16,0
2021-01-14 10:00:00,1.078,1.07955,1.0779,1.07936,3500,16,0
2021-01-14 12:00:00,1.07936,1.081,1.07902,1.08091,2519,16,0
2021-01-14 14:00:00,1.08091,1.0814,1.0789,1.07903,6684,16,0
2021-01-14 16:00:00,1.07902,1.07945,1.07802,1.07868,6515,16,0
2021-01-14 18:00:00,1.07869,1.07883,1.07748,1.07822,4603,16,0
2021-01-14 20:00:00,1.07822,1.07925,1.07822,1.07916,3989,16,0
2021-01-14 22:00:00,1.07916,1.07961,1.07877,1.07938,2393,16,0
2021-01-15 00:00:00,1.07938,1.07946,1.07907,1.07935,790,17,0
2021-01-15 02:00:00,1.07936,1.07949,1.0789,1.07915,1246,16,0
2021-01-15 04:00:00,1.07916,1.07958,1.07879,1.07931,915,16,0
2021-01-15 06:00:00,1.07928,1.07956,1.07874,1.07935,1653,16,0
2021-01-15 08:00:00,1.07935,1.07946,1.07751,1.07766,2040,16,0
2021-01-15 10:00:00,1.07765,1.07796,1.07664,1.07708,3780,16,0
2021-01-15 12:00:00,1.07707,1.07737,1.07593,1.07599,3019,16,0
2021-01-15 14:00:00,1.07598,1.07708,1.07583,1.07599,3618,16,0
2021-01-15 16:00:00,1.076,1.07658,1.07496,1.07618,5994,16,0
2021-01-15 18:00:00,1.07618,1.07644,1.07582,1.07621,3563,16,0
2021-01-15 20:00:00,1.07622,1.07647,1.07594,1.07607,1773,16,0
2021-01-15 22:00:00,1.07605,1.0765,1.07511,1.07511,1640,16,0
2021-01-18 00:00:00,1.07555,1.07701,1.07555,1.07684,1624,16,0
2021-01-18 02:00:00,1.07684,1.07687,1.07609,1.07618,1924,16,0
2021-01-18 04:00:00,1.07618,1.07653,1.07604,1.07613,946,16,0
2021-01-18 06:00:00,1.07613,1.07653,1.07605,1.07651,1056,16,0
2021-01-18 08:00:00,1.07652,1.07682,1.07614,1.07614,1526,16,0
2021-01-18 10:00:00,1.07616,1.07688,1.07513,1.07515,3147,16,0
2021-01-18 12:00:00,1.07514,1.07599,1.07384,1.07434,2569,16,0
2021-01-18 14:00:00,1.07433,1.07551,1.07415,1.07525,2060,16,0
2021-01-18 16:00:00,1.07527,1.07597,1.07492,1.07522,1974,16,0
2021-01-18 18:00:00,1.07521,1.0761,1.07519,1.07608,1442,16,0
2021-01-18 20:00:00,1.07608,1.07608,1.07561,1.07585,2532,16,0
2021-01-18 22:00:00,1.07585,1.07623,1.07529,1.0753,1708,16,0
2021-01-19 00:00:00,1.07565,1.07598,1.07565,1.07598,412,16,0
2021-01-19 02:00:00,1.07597,1.07711,1.07592,1.07678,1605,16,0
2021-01-19 04:00:00,1.07678,1.07739,1.07668,1.07735,958,16,0
2021-01-19 06:00:00,1.07736,1.07759,1.07733,1.07759,606,16,0
2021-01-19 08:00:00,1.07759,1.07806,1.07695,1.07754,1938,16,0
2021-01-19 10:00:00,1.07754,1.07771,1.07601,1.07612,4303,16,0
2021-01-19 12:00:00,1.07612,1.07699,1.07558,1.07681,3447,16,0
2021-01-19 14:00:00,1.07687,1.07728,1.07592,1.0768,3988,16,0
2021-01-19 16:00:00,1.07682,1.07738,1.07641,1.07731,4138,16,0
2021-01-19 18:00:00,1.0773,1.07772,1.07677,1.07747,2160,16,0
2021-01-19 20:00:00,1.07748,1.07802,1.07715,1.07734,1054,16,0
2021-01-19 22:00:00,1.07734,1.07776,1.07717,1.0773,1289,16,0
2021-01-20 00:00:00,1.07729,1.07802,1.07672,1.07799,681,16,0
2021-01-20 02:00:00,1.07799,1.07808,1.0777,1.07779,1283,16,0
2021-01-20 04:00:00,1.07779,1.07814,1.07773,1.07795,795,16,0
2021-01-20 06:00:00,1.07795,1.07822,1.07767,1.07819,649,16,0
2021-01-20 08:00:00,1.0782,1.07917,1.07816,1.07857,1731,16,0
2021-01-20 10:00:00,1.07856,1.07887,1.07685,1.0776,4280,16,0
2021-01-20 12:00:00,1.0776,1.07808,1.07726,1.07755,3549,16,0
2021-01-20 14:00:00,1.07756,1.07798,1.07722,1.07767,3317,16,0
2021-01-20 16:00:00,1.07766,1.07819,1.07664,1.07764,4821,16,0
2021-01-20 18:00:00,1.07764,1.07786,1.07701,1.07771,2475,16,0
2021-01-20 20:00:00,1.0777,1.07777,1.07701,1.07721,889,16,0
2021-01-20 22:00:00,1.07722,1.07726,1.07659,1.0769,1115,16,0
2021-01-21 00:00:00,1.07689,1.07735,1.07669,1.07733,351,16,0
2021-01-21 02:00:00,1.07732,1.07786,1.07706,1.07759,1335,16,0
2021-01-21 04:00:00,1.07759,1.0779,1.07759,1.07784,771,16,0
2021-01-21 06:00:00,1.07785,1.07831,1.07785,1.07823,516,16,0
2021-01-21 08:00:00,1.07823,1.07856,1.07771,1.07796,2111,16,0
2021-01-21 10:00:00,1.07798,1.078,1.07558,1.07741,3603,16,0
2021-01-21 12:00:00,1.0774,1.07758,1.07623,1.07644,2299,16,0
2021-01-21 14:00:00,1.07642,1.07782,1.07637,1.07765,5480,16,0
2021-01-21 16:00:00,1.07764,1.07827,1.07591,1.07672,4389,16,0
2021-01-21 18:00:00,1.07671,1.07707,1.07621,1.07668,2118,16,0
2021-01-21 20:00:00,1.0767,1.0769,1.07638,1.07642,1104,16,0
2021-01-21 22:00:00,1.07643,1.07712,1.07638,1.07683,1213,16,0
2021-01-22 00:00:00,1.07647,1.07719,1.07643,1.07704,764,16,0
2021-01-22 02:00:00,1.07705,1.0775,1.07681,1.07747,1283,16,0
2021-01-22 04:00:00,1.07747,1.07747,1.0768,1.07719,1032,16,0
2021-01-22 06:00:00,1.07719,1.07727,1.077,1.07715,532,16,0
2021-01-22 08:00:00,1.07716,1.07717,1.07621,1.07638,1758,16,0
2021-01-22 10:00:00,1.07637,1.07759,1.07633,1.07718,4434,16,0
2021-01-22 12:00:00,1.07718,1.07781,1.07676,1.07742,2211,16,0
2021-01-22 14:00:00,1.07742,1.07759,1.07662,1.07754,2702,16,0
2021-01-22 16:00:00,1.07754,1.07789,1.07716,1.07768,3459,16,0
2021-01-22 18:00:00,1.07769,1.07838,1.07737,1.07784,2378,16,0
2021-01-22 20:00:00,1.07784,1.07809,1.0777,1.07806,1742,16,0
2021-01-22 22:00:00,1.07801,1.07804,1.07684,1.07698,1531,16,0
2021-01-25 00:00:00,1.07685,1.07755,1.07645,1.07746,819,16,0
2021-01-25 02:00:00,1.07746,1.07776,1.07721,1.07751,1477,16,0
2021-01-25 04:00:00,1.07751,1.07788,1.07746,1.07771,945,16,0
2021-01-25 06:00:00,1.07771,1.07792,1.07768,1.07786,625,16,0
2021-01-25 08:00:00,1.07786,1.07814,1.07769,1.07788,1555,16,0
2021-01-25 10:00:00,1.07788,1.07872,1.07741,1.0776,4359,16,0
2021-01-25 12:00:00,1.0776,1.07804,1.0773,1.07742,2675,16,0
2021-01-25 14:00:00,1.07741,1.07782,1.07682,1.07753,2549,16,0
2021-01-25 16:00:00,1.07752,1.07808,1.07691,1.07785,5731,16,0
2021-01-25 18:00:00,1.07784,1.07849,1.0775,1.07837,3617,16,0
2021-01-25 20:00:00,1.07835,1.07855,1.07797,1.078,1108,16,0
2021-01-25 22:00:00,1.078,1.07834,1.07798,1.07803,1018,16,0
2021-01-26 00:00:00,1.07769,1.07836,1.07759,1.07828,950,16,0
2021-01-26 02:00:00,1.07827,1.07837,1.07801,1.07827,996,16,0
2021-01-26 04:00:00,1.07826,1.07858,1.0781,1.07824,854,16,0
2021-01-26 06:00:00,1.07822,1.07824,1.07784,1.07804,665,16,0
2021-01-26 08:00:00,1.07804,1.07812,1.07698,1.07715,1907,16,0
2021-01-26 10:00:00,1.07715,1.07864,1.07715,1.07842,3513,16,0
2021-01-26 12:00:00,1.07842,1.07919,1.07795,1.07854,2186,16,0
2021-01-26 14:00:00,1.07853,1.07938,1.07838,1.07921,2895,16,0
2021-01-26 16:00:00,1.07923,1.07993,1.07886,1.07946,4532,16,0
2021-01-26 18:00:00,1.07946,1.07954,1.07832,1.07849,3348,16,0
2021-01-26 20:00:00,1.07848,1.07874,1.07836,1.07844,1275,16,0
2021-01-26 22:00:00,1.07845,1.07848,1.07796,1.07815,1532,16,0
2021-01-27 00:00:00,1.07815,1.07841,1.07793,1.07834,453,16,0
2021-01-27 02:00:00,1.07834,1.07849,1.07806,1.07808,1057,16,0
2021-01-27 04:00:00,1.07808,1.07813,1.0779,1.07806,929,16,0
2021-01-27 06:00:00,1.07804,1.0781,1.07793,1.07797,587,16,0
2021-01-27 08:00:00,1.07801,1.07823,1.07762,1.07762,1188,16,0
2021-01-27 10:00:00,1.0776,1.07783,1.07652,1.07693,4299,16,0
2021-01-27 12:00:00,1.07692,1.07709,1.07596,1.07642,2840,16,0
2021-01-27 14:00:00,1.07643,1.07666,1.07564,1.0762,4137,16,0
2021-01-27 16:00:00,1.07617,1.07628,1.07492,1.07538,8876,16,0
2021-01-27 18:00:00,1.07538,1.07606,1.07508,1.07602,4177,16,0
2021-01-27 20:00:00,1.07603,1.0764,1.07576,1.076,3904,16,0
2021-01-27 22:00:00,1.07599,1.07631,1.07562,1.0758,5143,16,0
2021-01-28 00:00:00,1.07591,1.07637,1.07578,1.07619,833,16,0
2021-01-28 02:00:00,1.07617,1.0763,1.07555,1.07622,2135,16,0
2021-01-28 04:00:00,1.07623,1.07631,1.07532,1.0754,1100,16,0
2021-01-28 06:00:00,1.07541,1.07577,1.07513,1.0757,1124,16,0
2021-01-28 08:00:00,1.07568,1.07612,1.0752,1.0759,2073,16,0
2021-01-28 10:00:00,1.0759,1.07738,1.07584,1.07718,4716,16,0
2021-01-28 12:00:00,1.07717,1.07783,1.07703,1.07753,3236,16,0
2021-01-28 14:00:00,1.07754,1.07838,1.07746,1.0783,4820,16,0
2021-01-28 16:00:00,1.07829,1.07886,1.07636,1.07695,6854,16,0
2021-01-28 18:00:00,1.07695,1.07758,1.0767,1.07694,4369,16,0
2021-01-28 20:00:00,1.07693,1.0772,1.0767,1.07689,2202,16,0
2021-01-28 22:00:00,1.07689,1.07714,1.07669,1.07688,1725,16,0
2021-01-29 00:00:00,1.07662,1.07709,1.07657,1.07698,644,16,0
2021-01-29 02:00:00,1.07698,1.07707,1.07654,1.0767,1597,16,0
2021-01-29 04:00:00,1.07671,1.07682,1.0764,1.07648,1045,16,0
2021-01-29 06:00:00,1.07647,1.07658,1.07597,1.07609,1188,16,0
2021-01-29 08:00:00,1.07608,1.07656,1.07597,1.07646,1684,16,0
2021-01-29 10:00:00,1.07642,1.07804,1.07605,1.07751,5034,16,0
2021-01-29 12:00:00,1.0775,1.07853,1.0771,1.07797,3669,16,0
2021-01-29 14:00:00,1.07797,1.08003,1.0778,1.07853,6647,19,0
2021-01-29 16:00:00,1.07854,1.08074,1.07839,1.08053,6774,19,0
2021-01-29 18:00:00,1.08051,1.08091,1.07977,1.08031,4805,19,0
2021-01-29 20:00:00,1.08029,1.08089,1.07997,1.0805,2733,19,0
2021-01-29 22:00:00,1.0805,1.08115,1.08023,1.08029,1928,19,0
2021-02-01 00:00:00,1.07891,1.08108,1.07876,1.08065,1551,19,0
2021-02-01 02:00:00,1.08065,1.081,1.08048,1.0807,1444,19,0
2021-02-01 04:00:00,1.0807,1.0818,1.08069,1.08146,882,19,0
2021-02-01 06:00:00,1.08146,1.08175,1.08139,1.08158,819,19,0
2021-02-01 08:00:00,1.0816,1.08173,1.08111,1.08164,1518,19,0
2021-02-01 10:00:00,1.08165,1.08248,1.08084,1.08203,6293,19,0
2021-02-01 12:00:00,1.08202,1.08244,1.08117,1.08147,3970,19,0
2021-02-01 14:00:00,1.08149,1.08259,1.08103,1.08243,3407,19,0
2021-02-01 16:00:00,1.08243,1.08263,1.08085,1.0822,5226,18,0
2021-02-01 18:00:00,1.08222,1.08237,1.08157,1.08188,3690,19,0
2021-02-01 20:00:00,1.08187,1.08235,1.08171,1.08209,1799,19,0
2021-02-01 22:00:00,1.08205,1.08217,1.08137,1.08137,2048,19,0
2021-02-02 00:00:00,1.08128,1.08203,1.08128,1.08184,521,19,0
2021-02-02 02:00:00,1.08183,1.08253,1.08172,1.08245,1263,19,0
2021-02-02 04:00:00,1.08248,1.08267,1.08229,1.08258,1178,19,0
2021-02-02 06:00:00,1.08259,1.08282,1.08253,1.08275,773,19,0
2021-02-02 08:00:00,1.08275,1.08307,1.08226,1.08291,1822,19,0
2021-02-02 10:00:00,1.0829,1.08321,1.08091,1.08134,3321,19,0
2021-02-02 12:00:00,1.08134,1.08149,1.07981,1.08038,3686,19,0
2021-02-02 14:00:00,1.08039,1.08119,1.07996,1.08086,2694,19,0
2021-02-02 16:00:00,1.08086,1.08168,1.08073,1.08098,4541,19,0
2021-02-02 18:00:00,1.08098,1.08108,1.08002,1.08019,2486,19,0
2021-02-02 20:00:00,1.08018,1.08043,1.08005,1.0801,2065,19,0
2021-02-02 22:00:00,1.08011,1.08112,1.08003,1.08029,2140,19,0
2021-02-03 00:00:00,1.08018,1.08121,1.08018,1.08077,598,19,0
2021-02-03 02:00:00,1.08077,1.08117,1.08069,1.08082,1232,19,0
2021-02-03 04:00:00,1.08082,1.0811,1.08074,1.08097,649,19,0
2021-02-03 06:00:00,1.08096,1.08125,1.08093,1.08114,701,19,0
2021-02-03 08:00:00,1.08114,1.08131,1.08051,1.08092,1806,19,0
2021-02-03 10:00:00,1.08094,1.08178,1.08025,1.08049,3227,19,0
2021-02-03 12:00:00,1.08053,1.08116,1.08007,1.0801,2094,18,0
2021-02-03 14:00:00,1.0801,1.08055,1.0795,1.07994,3100,19,0
2021-02-03 16:00:00,1.07993,1.08153,1.07977,1.08046,3998,18,0
2021-02-03 18:00:00,1.08046,1.08158,1.08041,1.08146,2135,19,0
2021-02-03 20:00:00,1.08146,1.08163,1.08129,1.08138,889,19,0
2021-02-03 22:00:00,1.08139,1.08188,1.08124,1.08179,1445,19,0
2021-02-04 00:00:00,1.08179,1.08196,1.08121,1.08174,771,19,0
2021-02-04 02:00:00,1.08175,1.0821,1.08168,1.08206,1921,19,0
2021-02-04 04:00:00,1.08206,1.08211,1.08141,1.08148,1736,19,0
2021-02-04 06:00:00,1.08148,1.08167,1.08132,1.0814,848,19,0
2021-02-04 08:00:00,1.08141,1.08171,1.08109,1.08125,1989,19,0
2021-02-04 10:00:00,1.08124,1.08201,1.08099,1.08139,5012,19,0
2021-02-04 12:00:00,1.08141,1.08193,1.08094,1.08175,3168,18,0
2021-02-04 14:00:00,1.08174,1.08199,1.08142,1.08148,4134,18,0
2021-02-04 16:00:00,1.08149,1.08225,1.0814,1.08184,3620,19,0
2021-02-04 18:00:00,1.08185,1.08196,1.08097,1.08108,2195,19,0
2021-02-04 20:00:00,1.08107,1.08172,1.08095,1.0817,1695,19,0
2021-02-04 22:00:00,1.08169,1.08185,1.08133,1.0815,1639,19,0
2021-02-05 00:00:00,1.08142,1.08195,1.08096,1.08175,807,19,0
2021-02-05 02:00:00,1.08173,1.08188,1.08136,1.08137,1032,19,0
2021-02-05 04:00:00,1.08138,1.08155,1.08104,1.08105,1042,19,0
2021-02-05 06:00:00,1.08104,1.08125,1.08101,1.08118,816,19,0
2021-02-05 08:00:00,1.08119,1.0814,1.08099,1.08116,1319,19,0
2021-02-05 10:00:00,1.08117,1.08154,1.08067,1.08131,3545,19,0
2021-02-05 12:00:00,1.0813,1.08228,1.08096,1.08226,2059,19,0
2021-02-05 14:00:00,1.08226,1.08289,1.08172,1.0827,4442,18,0
2021-02-05 16:00:00,1.08271,1.08328,1.08215,1.08258,4885,19,0
2021-02-05 18:00:00,1.08264,1.08319,1.08222,1.08313,3014,19,0
2021-02-05 20:00:00,1.08313,1.08344,1.08293,1.08335,1389,19,0
2021-02-05 22:00:00,1.08335,1.08338,1.08275,1.08279,1482,19,0
2021-02-08 00:00:00,1.08246,1.08323,1.08223,1.08313,1843,20,0
2021-02-08 02:00:00,1.08314,1.08359,1.08305,1.08318,1821,19,0
2021-02-08 04:00:00,1.08317,1.08341,1.08288,1.08308,845,19,0
2021-02-08 06:00:00,1.08309,1.08314,1.08288,1.08299,589,19,0
2021-02-08 08:00:00,1.08299,1.08338,1.08267,1.08334,1244,19,0
2021-02-08 10:00:00,1.08335,1.08386,1.08291,1.08368,2389,19,0
2021-02-08 12:00:00,1.08367,1.08376,1.08322,1.08344,1735,19,0
2021-02-08 14:00:00,1.08343,1.08453,1.08338,1.08396,2836,19,0
2021-02-08 16:00:00,1.08395,1.08405,1.08281,1.08285,3716,19,0
2021-02-08 18:00:00,1.08283,1.08294,1.08211,1.08253,2416,19,0
2021-02-08 20:00:00,1.08253,1.08341,1.0824,1.08327,1469,19,0
2021-02-08 22:00:00,1.08326,1.08326,1.08287,1.08299,1495,19,0
2021-02-09 00:00:00,1.08204,1.0831,1.08202,1.08299,533,19,0
2021-02-09 02:00:00,1.08298,1.08322,1.0828,1.08296,1107,19,0
2021-02-09 04:00:00,1.08296,1.08323,1.08254,1.0827,1344,19,0
2021-02-09 06:00:00,1.0827,1.08281,1.08242,1.08249,653,19,0
2021-02-09 08:00:00,1.08247,1.0826,1.08199,1.08213,1422,19,0
2021-02-09 10:00:00,1.08212,1.08262,1.08186,1.08197,5032,19,0
2021-02-09 12:00:00,1.08196,1.08202,1.08115,1.08155,3531,19,0
2021-02-09 14:00:00,1.08157,1.08181,1.08094,1.08112,2353,19,0
2021-02-09 16:00:00,1.08112,1.08153,1.08036,1.08056,3501,19,0
2021-02-09 18:00:00,1.08056,1.08101,1.08039,1.0806,2812,19,0
2021-02-09 20:00:00,1.08059,1.08111,1.0804,1.08086,1552,19,0
2021-02-09 22:00:00,1.08086,1.08137,1.08086,1.08102,873,19,0
2021-02-10 00:00:00,1.08097,1.08146,1.08089,1.08142,686,21,0
2021-02-10 02:00:00,1.08142,1.08157,1.08122,1.08144,1237,19,0
2021-02-10 04:00:00,1.08145,1.08179,1.08106,1.08114,980,19,0
2021-02-10 06:00:00,1.08114,1.08126,1.08097,1.08111,526,19,0
2021-02-10 08:00:00,1.08111,1.08121,1.08063,1.08103,1122,19,0
2021-02-10 10:00:00,1.08103,1.08104,1.07964,1.08048,3173,19,0
2021-02-10 12:00:00,1.08049,1.08061,1.07996,1.08012,1936,19,0
2021-02-10 14:00:00,1.08012,1.08039,1.07952,1.07974,3218,19,0
2021-02-10 16:00:00,1.07972,1.08033,1.07948,1.08005,3945,18,0
2021-02-10 18:00:00,1.08005,1.08024,1.07855,1.07931,2869,19,0
2021-02-10 20:00:00,1.07929,1.07943,1.07903,1.07916,1769,18,0
2021-02-10 22:00:00,1.07916,1.07916,1.07868,1.07869,1109,19,0
2021-02-11 00:00:00,1.07834,1.07897,1.07834,1.07885,423,19,0
2021-02-11 02:00:00,1.07885,1.07899,1.07858,1.07861,591,19,0
2021-02-11 04:00:00,1.0786,1.07896,1.07858,1.07883,464,19,0
2021-02-11 06:00:00,1.07883,1.0791,1.07882,1.07905,457,19,0
2021-02-11 08:00:00,1.07905,1.07941,1.07895,1.07934,661,19,0
2021-02-11 10:00:00,1.07934,1.07971,1.07905,1.07962,3532,19,0
2021-02-11 12:00:00,1.07961,1.07994,1.07934,1.07949,2536,19,0
2021-02-11 14:00:00,1.0795,1.08051,1.0795,1.08039,2024,19,0
2021-02-11 16:00:00,1.08039,1.08067,1.07986,1.08003,3071,19,0
2021-02-11 18:00:00,1.08002,1.08022,1.07967,1.07996,2178,19,0
2021-02-11 20:00:00,1.07997,1.08039,1.07946,1.07953,1568,19,0
2021-02-11 22:00:00,1.07953,1.07971,1.07933,1.0795,979,19,0
2021-02-12 00:00:00,1.07869,1.07973,1.07869,1.07964,481,20,0
2021-02-12 02:00:00,1.07965,1.07979,1.07942,1.07956,767,19,0
2021-02-12 04:00:00,1.07954,1.07966,1.07926,1.07927,621,19,0
2021-02-12 06:00:00,1.07927,1.07982,1.07927,1.07981,560,19,0
2021-02-12 08:00:00,1.07981,1.07982,1.07897,1.07907,1094,19,0
2021-02-12 10:00:00,1.07906,1.08059,1.07865,1.08041,2586,19,0
2021-02-12 12:00:00,1.08041,1.08084,1.08005,1.08061,1527,19,0
2021-02-12 14:00:00,1.08058,1.08067,1.07996,1.0801,2468,19,0
2021-02-12 16:00:00,1.0801,1.08051,1.07982,1.08048,3425,19,0
2021-02-12 18:00:00,1.08048,1.08079,1.08006,1.08068,1881,19,0
2021-02-12 20:00:00,1.08067,1.08086,1.08043,1.08084,1001,19,0
2021-02-12 22:00:00,1.08083,1.08097,1.08047,1.0805,1306,19,0
2021-02-15 00:00:00,1.08021,1.08118,1.08004,1.08099,1069,19,0
2021-02-15 02:00:00,1.08099,1.08144,1.08087,1.08094,918,19,0
2021-02-15 04:00:00,1.08095,1.08111,1.08077,1.08101,796,19,0
2021-02-15 06:00:00,1.08102,1.08132,1.08083,1.08108,720,19,0
2021-02-15 08:00:00,1.08109,1.08189,1.08109,1.08135,1291,19,0
2021-02-15 10:00:00,1.08133,1.08173,1.08057,1.08064,2567,19,0
2021-02-15 12:00:00,1.08065,1.081,1.08013,1.08027,1200,19,0
2021-02-15 14:00:00,1.08026,1.08065,1.08012,1.0802,1373,19,0
2021-02-15 16:00:00,1.08019,1.08023,1.07935,1.07947,1518,19,0
2021-02-15 18:00:00,1.07946,1.08013,1.07936,1.07987,1251,19,0
2021-02-15 20:00:00,1.07991,1.08019,1.07968,1.07976,868,19,0
2021-02-15 22:00:00,1.07975,1.07992,1.07923,1.07923,1092,26,0
2021-02-16 00:00:00,1.07934,1.07965,1.07866,1.07959,667,19,0
2021-02-16 02:00:00,1.07958,1.07972,1.07903,1.07938,1472,19,0
2021-02-16 04:00:00,1.07939,1.07943,1.07912,1.07929,872,19,0
2021-02-16 06:00:00,1.07929,1.07943,1.07869,1.07885,970,19,0
2021-02-16 08:00:00,1.07885,1.07943,1.07883,1.07925,1206,19,0
2021-02-16 10:00:00,1.07925,1.07981,1.07904,1.07975,2595,19,0
2021-02-16 12:00:00,1.07976,1.08009,1.07923,1.07994,1623,19,0
2021-02-16 14:00:00,1.07995,1.08022,1.07936,1.07976,3922,19,0
2021-02-16 16:00:00,1.07976,1.08026,1.07958,1.07999,4354,19,0
2021-02-16 18:00:00,1.07999,1.0807,1.07985,1.08045,3166,19,0
2021-02-16 20:00:00,1.08045,1.08058,1.08026,1.08035,1727,19,0
2021-02-16 22:00:00,1.08034,1.08069,1.07989,1.07989,1037,19,0
2021-02-17 00:00:00,1.07999,1.0808,1.07968,1.08011,1499,19,0
2021-02-17 02:00:00,1.08011,1.08033,1.07984,1.0799,1479,19,0
2021-02-17 04:00:00,1.07991,1.08004,1.0797,1.07988,1033,19,0
2021-02-17 06:00:00,1.07986,1.07993,1.07971,1.07981,728,19,0
2021-02-17 08:00:00,1.07982,1.08082,1.07946,1.08059,1925,19,0
2021-02-17 10:00:00,1.08059,1.08105,1.07981,1.07981,4394,19,0
2021-02-17 12:00:00,1.07981,1.08037,1.07932,1.07995,2049,19,0
2021-02-17 14:00:00,1.07994,1.08071,1.07991,1.08054,3727,18,0
2021-02-17 16:00:00,1.08053,1.08107,1.08032,1.08081,4745,19,0
2021-02-17 18:00:00,1.08082,1.08208,1.08075,1.08183,3501,19,0
2021-02-17 20:00:00,1.08182,1.08224,1.08145,1.08221,1500,19,0
2021-02-17 22:00:00,1.08221,1.08236,1.08153,1.08196,1572,19,0
2021-02-18 00:00:00,1.08132,1.08234,1.08108,1.0823,1214,19,0
2021-02-18 02:00:00,1.0823,1.08233,1.08185,1.08205,1342,19,0
2021-02-18 04:00:00,1.08205,1.08231,1.08193,1.08199,1005,19,0
2021-02-18 06:00:00,1.08198,1.08258,1.08181,1.08252,663,19,0
2021-02-18 08:00:00,1.08252,1.08277,1.0824,1.08266,1310,19,0
2021-02-18 10:00:00,1.08264,1.08272,1.08181,1.08247,2872,19,0
2021-02-18 12:00:00,1.08247,1.08305,1.08242,1.0829,1801,19,0
2021-02-18 14:00:00,1.08289,1.08302,1.08253,1.08259,2571,19,0
2021-02-18 16:00:00,1.08257,1.08336,1.08257,1.08331,4453,18,0
2021-02-18 18:00:00,1.08334,1.0834,1.0829,1.0829,2742,18,0
2021-02-18 20:00:00,1.08291,1.08357,1.08289,1.08326,931,19,0
2021-02-18 22:00:00,1.08323,1.08351,1.08285,1.08285,1007,19,0
2021-02-19 00:00:00,1.08255,1.0835,1.08255,1.08337,506,21,0
2021-02-19 02:00:00,1.08336,1.08372,1.08333,1.08352,984,19,0
2021-02-19 04:00:00,1.08352,1.08375,1.08338,1.08373,919,19,0
2021-02-19 06:00:00,1.08372,1.08398,1.08369,1.08387,693,19,0
2021-02-19 08:00:00,1.08388,1.08436,1.08383,1.08412,1573,18,0
2021-02-19 10:00:00,1.08411,1.08491,1.08378,1.08488,2839,18,0
2021-02-19 12:00:00,1.08486,1.08531,1.0845,1.08531,2257,19,0
2021-02-19 14:00:00,1.0853,1.08568,1.08461,1.08516,3204,19,0
2021-02-19 16:00:00,1.08515,1.08579,1.08498,1.08559,2798,19,0
2021-02-19 18:00:00,1.08558,1.08699,1.08539,1.08662,2025,19,0
2021-02-19 20:00:00,1.08663,1.08663,1.08608,1.08635,1584,19,0
2021-02-19 22:00:00,1.08634,1.0866,1.08583,1.08588,968,19,0
2021-02-22 00:00:00,1.08557,1.08732,1.08535,1.08732,733,19,0
2021-02-22 02:00:00,1.08733,1.08749,1.08689,1.0873,944,19,0
2021-02-22 04:00:00,1.0873,1.08788,1.0873,1.08783,1021,19,0
2021-02-22 06:00:00,1.08784,1.08867,1.0878,1.08849,863,19,0
2021-02-22 08:00:00,1.08847,1.08983,1.088,1.08983,1528,19,0
2021-02-22 10:00:00,1.08983,1.09149,1.08867,1.08885,4605,19,0
2021-02-22 12:00:00,1.08885,1.09071,1.08883,1.08972,2188,19,0
2021-02-22 14:00:00,1.08971,1.08971,1.08815,1.08859,2644,19,0
2021-02-22 16:00:00,1.08859,1.08885,1.08748,1.08855,3838,19,0
2021-02-22 18:00:00,1.08854,1.08923,1.08821,1.08914,2122,19,0
2021-02-22 20:00:00,1.08915,1.08999,1.08915,1.08954,1161,19,0
2021-02-22 22:00:00,1.08952,1.08957,1.08895,1.0892,1165,19,0
2021-02-23 00:00:00,1.08857,1.08978,1.08848,1.08958,577,20,0
2021-02-23 02:00:00,1.08959,1.08989,1.08944,1.08969,1062,19,0
2021-02-23 04:00:00,1.0897,1.0898,1.08932,1.08972,875,19,0
2021-02-23 06:00:00,1.08971,1.09022,1.08971,1.08998,490,19,0
2021-02-23 08:00:00,1.08998,1.09079,1.08985,1.09072,1154,19,0
2021-02-23 10:00:00,1.09074,1.09481,1.09055,1.09279,4279,19,0
2021-02-23 12:00:00,1.09279,1.09435,1.09276,1.09412,2634,19,0
2021-02-23 14:00:00,1.09411,1.0947,1.0935,1.09399,3145,19,0
2021-02-23 16:00:00,1.09399,1.0947,1.09294,1.0947,5328,18,0
2021-02-23 18:00:00,1.0947,1.09781,1.09458,1.09776,3452,18,0
2021-02-23 20:00:00,1.09774,1.09961,1.09752,1.09947,1919,19,0
2021-02-23 22:00:00,1.0995,1.09977,1.09929,1.09932,1600,19,0
2021-02-24 00:00:00,1.09932,1.09998,1.09845,1.09998,1082,19,0
2021-02-24 02:00:00,1.09998,1.10157,1.09984,1.10125,2532,19,0
2021-02-24 04:00:00,1.10125,1.10131,1.10038,1.1013,1814,19,0
2021-02-24 06:00:00,1.10128,1.10156,1.10093,1.10149,1475,19,0
2021-02-24 08:00:00,1.10148,1.10203,1.10086,1.10101,2262,19,0
2021-02-24 10:00:00,1.101,1.10555,1.10015,1.10283,6226,19,0
2021-02-24 12:00:00,1.10282,1.10434,1.10103,1.10351,3494,19,0
2021-02-24 14:00:00,1.1035,1.10397,1.10065,1.10126,5230,19,0
2021-02-24 16:00:00,1.10127,1.10275,1.10079,1.10196,6328,18,0
2021-02-24 18:00:00,1.10195,1.10237,1.10145,1.10196,2896,19,0
2021-02-24 20:00:00,1.10196,1.10267,1.10173,1.10259,1500,18,0
2021-02-24 22:00:00,1.10255,1.10345,1.10233,1.10307,1682,19,0
2021-02-25 00:00:00,1.10309,1.10346,1.10239,1.10333,1830,19,0
2021-02-25 02:00:00,1.10335,1.10341,1.10284,1.10316,1793,19,0
2021-02-25 04:00:00,1.10316,1.10318,1.10245,1.10305,1099,19,0
2021-02-25 06:00:00,1.10305,1.1036,1.10301,1.10329,1210,19,0
2021-02-25 08:00:00,1.1033,1.10391,1.10281,1.10386,2219,19,0
2021-02-25 10:00:00,1.10387,1.10745,1.10341,1.10718,4450,19,0
2021-02-25 12:00:00,1.10718,1.10969,1.10651,1.10782,5368,19,0
2021-02-25 14:00:00,1.10782,1.10858,1.10703,1.10717,5029,19,0
2021-02-25 16:00:00,1.10717,1.10769,1.10389,1.1043,6989,19,0
2021-02-25 18:00:00,1.10431,1.10569,1.10366,1.10487,3875,19,0
2021-02-25 20:00:00,1.10487,1.10515,1.10132,1.10238,6796,19,0
2021-02-25 22:00:00,1.10236,1.10288,1.10093,1.10103,3763,19,0
2021-02-26 00:00:00,1.1009,1.1021,1.10055,1.10108,4004,19,0
2021-02-26 02:00:00,1.10109,1.10172,1.10016,1.10115,4745,19,0
2021-02-26 04:00:00,1.10116,1.10154,1.10052,1.10077,2582,19,0
2021-02-26 06:00:00,1.10075,1.10124,1.10051,1.1006,2610,19,0
2021-02-26 08:00:00,1.10061,1.10073,1.0971,1.09745,5241,19,0
2021-02-26 10:00:00,1.09744,1.09977,1.09553,1.09626,6437,19,0
2021-02-26 12:00:00,1.09627,1.09787,1.09564,1.09684,5949,19,0
2021-02-26 14:00:00,1.09684,1.09855,1.09634,1.09827,5997,19,0
2021-02-26 16:00:00,1.09828,1.09929,1.09711,1.09905,8147,19,0
2021-02-26 18:00:00,1.09903,1.09984,1.09737,1.09899,5266,19,0
2021-02-26 20:00:00,1.09897,1.09932,1.09785,1.09791,2378,19,0
2021-02-26 22:00:00,1.09792,1.09861,1.09635,1.09654,2561,19,0
2021-03-01 00:00:00,1.09659,1.09736,1.09556,1.09696,1128,21,0
2021-03-01 02:00:00,1.09696,1.09796,1.09686,1.09755,3242,19,0
2021-03-01 04:00:00,1.09757,1.09782,1.09696,1.09722,1870,19,0
2021-03-01 06:00:00,1.09722,1.09786,1.09708,1.09777,1232,19,0
2021-03-01 08:00:00,1.09777,1.09868,1.09747,1.09853,2281,19,0
2021-03-01 10:00:00,1.09854,1.09867,1.09622,1.09741,5129,19,0
2021-03-01 12:00:00,1.0974,1.10153,1.09738,1.09922,4288,19,0
2021-03-01 14:00:00,1.09922,1.10196,1.09898,1.10188,3752,16,0
2021-03-01 16:00:00,1.10187,1.10231,1.10038,1.10102,7763,16,0
2021-03-01 18:00:00,1.10102,1.10194,1.10018,1.10134,4436,18,0
2021-03-01 20:00:00,1.10135,1.10307,1.10124,1.10229,2219,18,0
2021-03-01 22:00:00,1.10228,1.1024,1.10174,1.10218,1471,18,0
2021-03-02 00:00:00,1.10218,1.10251,1.10151,1.10239,859,18,0
2021-03-02 02:00:00,1.10239,1.10239,1.10156,1.10181,1951,18,0
2021-03-02 04:00:00,1.1018,1.10187,1.10063,1.10086,2454,16,0
2021-03-02 06:00:00,1.10085,1.10122,1.10064,1.10108,1849,16,0
2021-03-02 08:00:00,1.10108,1.10128,1.10027,1.10087,3604,16,0
2021-03-02 10:00:00,1.10087,1.10361,1.10068,1.10267,6539,16,0
2021-03-02 12:00:00,1.10265,1.10429,1.10265,1.10366,3722,16,0
2021-03-02 14:00:00,1.10367,1.10509,1.10355,1.10421,4909,16,0
2021-03-02 16:00:00,1.10423,1.10541,1.10257,1.10339,5606,16,0
2021-03-02 18:00:00,1.10338,1.10469,1.10327,1.10418,3818,16,0
2021-03-02 20:00:00,1.10418,1.1054,1.10418,1.10466,1777,16,0
2021-03-02 22:00:00,1.10465,1.10578,1.10453,1.10524,1409,16,0
2021-03-03 00:00:00,1.10523,1.10624,1.10506,1.10581,886,16,0
2021-03-03 02:00:00,1.10582,1.10648,1.10549,1.10637,1617,16,0
2021-03-03 04:00:00,1.10636,1.10638,1.10582,1.10601,903,16,0
2021-03-03 06:00:00,1.106,1.1064,1.10584,1.10586,864,16,0
2021-03-03 08:00:00,1.10587,1.10693,1.10553,1.10577,2254,16,0
2021-03-03 10:00:00,1.1058,1.10861,1.10548,1.10758,5563,16,0
2021-03-03 12:00:00,1.10759,1.10779,1.10669,1.10709,3812,16,0
2021-03-03 14:00:00,1.10709,1.10709,1.10543,1.10579,5396,16,0
2021-03-03 16:00:00,1.1058,1.10765,1.10567,1.10742,7605,16,0
2021-03-03 18:00:00,1.10742,1.10869,1.10721,1.10852,2871,16,0
2021-03-03 20:00:00,1.10851,1.10986,1.10839,1.10954,2132,16,0
2021-03-03 22:00:00,1.1095,1.10966,1.10875,1.10942,2174,16,0
2021-03-04 00:00:00,1.10942,1.10956,1.10794,1.10829,2352,16,0
2021-03-04 02:00:00,1.10829,1.10902,1.1082,1.10884,1771,16,0
2021-03-04 04:00:00,1.10884,1.10902,1.10796,1.10799,1779,16,0
2021-03-04 06:00:00,1.108,1.10843,1.10748,1.10829,1764,16,0
2021-03-04 08:00:00,1.10829,1.10961,1.10803,1.10953,2148,16,0
2021-03-04 10:00:00,1.10954,1.1119,1.10878,1.11043,5211,16,0
2021-03-04 12:00:00,1.11047,1.11411,1.10993,1.11227,4122,16,0
2021-03-04 14:00:00,1.11226,1.11234,1.11092,1.11203,4422,16,0
2021-03-04 16:00:00,1.11201,1.11402,1.11141,1.11384,4630,16,0
2021-03-04 18:00:00,1.11383,1.11511,1.11346,1.11367,6444,16,0
2021-03-04 20:00:00,1.11366,1.1138,1.1119,1.11202,4966,16,0
2021-03-04 22:00:00,1.11203,1.11271,1.1115,1.1115,3109,16,0
2021-03-05 00:00:00,1.11182,1.11242,1.1115,1.11205,1747,16,0
2021-03-05 02:00:00,1.11203,1.11223,1.11064,1.11098,2170,16,0
2021-03-05 04:00:00,1.11098,1.1111,1.1105,1.11086,1851,16,0
2021-03-05 06:00:00,1.11087,1.11109,1.11055,1.11107,1827,16,0
2021-03-05 08:00:00,1.11107,1.1117,1.1105,1.11119,2500,16,0
2021-03-05 10:00:00,1.11119,1.11137,1.10773,1.10835,7384,16,0
2021-03-05 12:00:00,1.10836,1.10941,1.1071,1.10759,4149,16,0
2021-03-05 14:00:00,1.10758,1.10785,1.10541,1.10653,7923,16,0
2021-03-05 16:00:00,1.10654,1.10913,1.10568,1.10894,9680,18,0
2021-03-05 18:00:00,1.10895,1.11005,1.10818,1.10908,4646,18,0
2021-03-05 20:00:00,1.10909,1.10919,1.10823,1.10884,2389,18,0
2021-03-05 22:00:00,1.10883,1.11012,1.10762,1.10762,1829,18,0
2021-03-08 00:00:00,1.10682,1.10975,1.10682,1.10925,1187,18,0
2021-03-08 02:00:00,1.10923,1.1099,1.10889,1.10988,2074,18,0
2021-03-08 04:00:00,1.10986,1.10992,1.10867,1.1088,1737,18,0
2021-03-08 06:00:00,1.1088,1.10983,1.10863,1.10976,1503,18,0
2021-03-08 08:00:00,1.10977,1.10995,1.10785,1.10849,3146,18,0
2021-03-08 10:00:00,1.10849,1.11,1.10767,1.10827,4699,18,0
2021-03-08 12:00:00,1.10827,1.10903,1.10766,1.10843,2661,16,0
2021-03-08 14:00:00,1.10843,1.10926,1.10761,1.10862,5124,16,0
2021-03-08 16:00:00,1.10861,1.10961,1.1078,1.10938,8755,16,0
2021-03-08 18:00:00,1.10937,1.10986,1.10827,1.10912,5000,16,0
2021-03-08 20:00:00,1.10914,1.10934,1.10847,1.1088,2783,16,0
2021-03-08 22:00:00,1.10878,1.10973,1.10855,1.10921,1885,16,0
2021-03-09 00:00:00,1.10851,1.1096,1.10808,1.1093,680,18,0
2021-03-09 02:00:00,1.10931,1.10988,1.10924,1.1096,2231,16,0
2021-03-09 04:00:00,1.1096,1.11036,1.1096,1.11003,2227,16,0
2021-03-09 06:00:00,1.11003,1.11009,1.10941,1.10941,1542,16,0
2021-03-09 08:00:00,1.1094,1.1101,1.10916,1.10964,3093,16,0
2021-03-09 10:00:00,1.10965,1.11185,1.10937,1.11084,5249,16,0
2021-03-09 12:00:00,1.11083,1.11098,1.1079,1.10831,4313,16,0
2021-03-09 14:00:00,1.10829,1.10848,1.10662,1.10756,4252,16,0
2021-03-09 16:00:00,1.10754,1.10813,1.10548,1.10574,6795,16,0
2021-03-09 18:00:00,1.10574,1.10637,1.1034,1.10362,5007,16,0
2021-03-09 20:00:00,1.10363,1.1049,1.10327,1.10456,3174,16,0
2021-03-09 22:00:00,1.10454,1.1048,1.1035,1.1035,2356,16,0
2021-03-10 00:00:00,1.1036,1.10444,1.10312,1.10417,756,22,0
2021-03-10 02:00:00,1.10416,1.10508,1.10385,1.10483,1629,16,0
2021-03-10 04:00:00,1.10482,1.10506,1.1044,1.10464,1541,19,0
2021-03-10 06:00:00,1.10466,1.10469,1.10428,1.10453,1179,18,0
2021-03-10 08:00:00,1.10454,1.10478,1.10353,1.10358,2838,17,0
2021-03-10 10:00:00,1.10356,1.1063,1.1029,1.10592,4247,16,0
2021-03-10 12:00:00,1.10591,1.10776,1.10585,1.10755,3902,16,0
2021-03-10 14:00:00,1.10755,1.10755,1.10612,1.10661,7628,16,0
2021-03-10 16:00:00,1.10661,1.10787,1.10597,1.10771,8622,16,0
2021-03-10 18:00:00,1.10771,1.10896,1.10757,1.10822,5340,18,0
2021-03-10 20:00:00,1.10823,1.10858,1.10793,1.10812,5041,18,0
2021-03-10 22:00:00,1.10813,1.10917,1.10765,1.10888,2006,18,0
2021-03-11 00:00:00,1.10879,1.10907,1.10782,1.10872,483,23,0
2021-03-11 02:00:00,1.10873,1.10958,1.10863,1.10957,1297,18,0
2021-03-11 04:00:00,1.10958,1.11005,1.10924,1.10939,1264,20,0
2021-03-11 06:00:00,1.1094,1.10969,1.10912,1.10968,1068,21,0
2021-03-11 08:00:00,1.1097,1.10978,1.10899,1.10907,2671,18,0
2021-03-11 10:00:00,1.10908,1.10932,1.10591,1.10664,5457,18,0
2021-03-11 12:00:00,1.10663,1.10722,1.10616,1.10666,2758,18,0
2021-03-11 14:00:00,1.10666,1.10695,1.10502,1.10666,7223,16,0
2021-03-11 16:00:00,1.10667,1.10745,1.10587,1.10682,9039,18,0
2021-03-11 18:00:00,1.10682,1.10766,1.10628,1.10765,4106,18,0
2021-03-11 20:00:00,1.10764,1.10774,1.10693,1.10756,3879,18,0
2021-03-11 22:00:00,1.10754,1.10819,1.1073,1.10776,1826,18,0
2021-03-12 00:00:00,1.10686,1.10825,1.10669,1.1079,568,25,0
2021-03-12 02:00:00,1.1079,1.10859,1.1079,1.10823,1153,22,0
2021-03-12 04:00:00,1.10823,1.10878,1.10812,1.1082,1483,20,0
2021-03-12 06:00:00,1.10821,1.10856,1.10818,1.10839,913,22,0
2021-03-12 08:00:00,1.10838,1.10882,1.10762,1.10874,3735,18,0
2021-03-12 10:00:00,1.10875,1.11116,1.10835,1.10956,5811,18,0
2021-03-12 12:00:00,1.10954,1.10963,1.10879,1.10949,3240,18,0
2021-03-12 14:00:00,1.10949,1.11068,1.10892,1.11032,4365,16,0
2021-03-12 16:00:00,1.11032,1.11084,1.10873,1.1091,8035,16,0
2021-03-12 18:00:00,1.10911,1.11017,1.1089,1.1098,4615,16,0
2021-03-12 20:00:00,1.1098,1.11098,1.10949,1.11072,1475,18,0
2021-03-12 22:00:00,1.11072,1.11125,1.11005,1.11051,2071,16,0
2021-03-15 00:00:00,1.10947,1.11064,1.10947,1.11058,1690,26,0
2021-03-15 02:00:00,1.11058,1.11061,1.10983,1.11048,1806,20,0
2021-03-15 04:00:00,1.11046,1.11071,1.11015,1.11053,1452,20,0
2021-03-15 06:00:00,1.11053,1.11055,1.1099,1.1103,1214,18,0
2021-03-15 08:00:00,1.11032,1.11057,1.1095,1.10953,3282,17,0
2021-03-15 10:00:00,1.10953,1.10994,1.10805,1.10822,3848,16,0
2021-03-15 12:00:00,1.10823,1.10875,1.10701,1.10787,2488,16,0
2021-03-15 14:00:00,1.10787,1.10865,1.10779,1.10799,3843,16,0
2021-03-15 16:00:00,1.10799,1.10813,1.10608,1.10616,4741,16,0
2021-03-15 18:00:00,1.10617,1.10719,1.10599,1.10715,2963,16,0
2021-03-15 20:00:00,1.10716,1.10723,1.10613,1.10626,2018,17,0
2021-03-15 22:00:00,1.10626,1.10686,1.10606,1.10631,958,19,0
2021-03-16 00:00:00,1.1063,1.10642,1.106,1.10629,955,20,0
2021-03-16 02:00:00,1.10628,1.10641,1.10603,1.10608,1388,18,0
2021-03-16 04:00:00,1.10607,1.10624,1.10562,1.10569,1977,18,0
2021-03-16 06:00:00,1.10568,1.10617,1.10556,1.10591,881,19,0
2021-03-16 08:00:00,1.10593,1.10653,1.10518,1.10629,2519,16,0
2021-03-16 10:00:00,1.10631,1.10757,1.10594,1.10647,3216,16,0
2021-03-16 12:00:00,1.10646,1.10666,1.10398,1.10536,3218,16,0
2021-03-16 14:00:00,1.10537,1.10589,1.10175,1.10197,7144,16,0
2021-03-16 16:00:00,1.10193,1.10277,1.10105,1.1014,4853,16,0
2021-03-16 18:00:00,1.10141,1.10184,1.10117,1.10158,3531,16,0
2021-03-16 20:00:00,1.10158,1.10164,1.10057,1.10088,2351,17,0
2021-03-16 22:00:00,1.10088,1.10101,1.10016,1.10094,618,19,0
2021-03-17 00:00:00,1.10094,1.10096,1.10041,1.10081,862,21,0
2021-03-17 02:00:00,1.10082,1.10175,1.10078,1.10162,2162,18,0
2021-03-17 04:00:00,1.10163,1.10204,1.10156,1.10168,1086,16,0
2021-03-17 06:00:00,1.10168,1.10192,1.10151,1.10165,1045,19,0
2021-03-17 08:00:00,1.10166,1.10215,1.10156,1.10204,2066,18,0
2021-03-17 10:00:00,1.10204,1.10366,1.10148,1.10314,3267,16,0
2021-03-17 12:00:00,1.10314,1.10415,1.10228,1.10397,2991,16,0
2021-03-17 14:00:00,1.10398,1.10605,1.10361,1.10501,4484,16,0
2021-03-17 16:00:00,1.10501,1.10587,1.10366,1.10423,3716,16,0
2021-03-17 18:00:00,1.10422,1.10475,1.10387,1.104,2605,17,0
2021-03-17 20:00:00,1.10401,1.10523,1.10345,1.10496,10364,17,0
2021-03-17 22:00:00,1.10496,1.10544,1.10463,1.10505,995,18,0
2021-03-18 00:00:00,1.10505,1.10563,1.10468,1.10494,2110,21,0
2021-03-18 02:00:00,1.10495,1.10602,1.10487,1.10562,2633,16,0
2021-03-18 04:00:00,1.10561,1.10584,1.10439,1.10455,2542,17,0
2021-03-18 06:00:00,1.10455,1.10519,1.10446,1.1048,1619,20,0
2021-03-18 08:00:00,1.10478,1.10747,1.10455,1.10628,4430,16,0
2021-03-18 10:00:00,1.10629,1.10655,1.10289,1.1048,5006,16,0
2021-03-18 12:00:00,1.10481,1.10779,1.10469,1.10745,3660,16,0
2021-03-18 14:00:00,1.10746,1.10778,1.10646,1.10768,7491,16,0
2021-03-18 16:00:00,1.10771,1.10837,1.10636,1.10688,6591,16,0
2021-03-18 18:00:00,1.10689,1.10754,1.10552,1.10581,4996,16,0
2021-03-18 20:00:00,1.1058,1.10618,1.10527,1.10573,4526,16,0
2021-03-18 22:00:00,1.10573,1.10588,1.10461,1.10498,1258,16,0
2021-03-19 00:00:00,1.10496,1.10531,1.10491,1.10512,784,20,0
2021-03-19 02:00:00,1.10513,1.10558,1.10502,1.10508,1807,16,0
2021-03-19 04:00:00,1.10507,1.10518,1.10461,1.10463,1579,18,0
2021-03-19 06:00:00,1.10462,1.10513,1.10434,1.10487,1613,19,0
2021-03-19 08:00:00,1.10486,1.10504,1.10398,1.1045,3265,17,0
2021-03-19 10:00:00,1.10451,1.10568,1.10429,1.10527,4467,16,0
2021-03-19 12:00:00,1.10527,1.10561,1.10403,1.10433,3508,16,0
2021-03-19 14:00:00,1.10432,1.10693,1.10429,1.10616,8949,16,0
2021-03-19 16:00:00,1.10617,1.10772,1.10523,1.10755,5857,16,0
2021-03-19 18:00:00,1.10754,1.10777,1.10627,1.10661,3111,16,0
2021-03-19 20:00:00,1.10661,1.10683,1.10608,1.10633,1386,16,0
2021-03-19 22:00:00,1.10632,1.10669,1.10543,1.10543,791,20,0
2021-03-22 00:00:00,1.10476,1.10549,1.10442,1.10516,1398,16,0
2021-03-22 02:00:00,1.10517,1.10561,1.10491,1.10511,2117,18,0
2021-03-22 04:00:00,1.10511,1.10532,1.10483,1.1052,1260,18,0
2021-03-22 06:00:00,1.1052,1.10588,1.10483,1.10586,1185,17,0
2021-03-22 08:00:00,1.10585,1.10629,1.10516,1.10532,3591,16,0
2021-03-22 10:00:00,1.10532,1.10547,1.10292,1.10298,5338,16,0
2021-03-22 12:00:00,1.10299,1.10424,1.10234,1.10312,4278,16,0
2021-03-22 14:00:00,1.10311,1.10387,1.10212,1.10347,5685,16,0
2021-03-22 16:00:00,1.10345,1.10352,1.10073,1.10139,5612,16,0
2021-03-22 18:00:00,1.10139,1.10256,1.10134,1.10245,2797,16,0
2021-03-22 20:00:00,1.10244,1.10295,1.10232,1.10249,1277,16,0
2021-03-22 22:00:00,1.10249,1.10262,1.10101,1.10128,1095,17,0
2021-03-23 00:00:00,1.10127,1.10214,1.10127,1.10173,1148,16,0
2021-03-23 02:00:00,1.10174,1.10327,1.10174,1.10251,1730,16,0
2021-03-23 04:00:00,1.1025,1.10254,1.10205,1.10231,1531,16,0
2021-03-23 06:00:00,1.10229,1.10248,1.10206,1.10231,1546,19,0
2021-03-23 08:00:00,1.10233,1.10522,1.10199,1.10484,3548,16,0
2021-03-23 10:00:00,1.10483,1.10517,1.1035,1.1046,5738,16,0
2021-03-23 12:00:00,1.10459,1.105,1.10393,1.10446,5518,16,0
2021-03-23 14:00:00,1.10447,1.10725,1.10437,1.10685,5506,16,0
2021-03-23 16:00:00,1.10682,1.10794,1.1067,1.10731,4979,16,0
2021-03-23 18:00:00,1.10731,1.10761,1.10648,1.10714,3546,16,0
2021-03-23 20:00:00,1.10714,1.10714,1.10592,1.10666,2784,16,0
2021-03-23 22:00:00,1.10664,1.10712,1.10617,1.10625,1444,17,0
2021-03-24 00:00:00,1.10622,1.10701,1.10619,1.10629,1469,22,0
2021-03-24 02:00:00,1.10631,1.10692,1.10625,1.10653,2173,16,0
2021-03-24 04:00:00,1.10654,1.10665,1.1063,1.10653,2050,19,0
2021-03-24 06:00:00,1.10654,1.10693,1.10614,1.10635,1783,19,0
2021-03-24 08:00:00,1.10635,1.10731,1.10587,1.10646,3744,16,0
2021-03-24 10:00:00,1.10644,1.10727,1.10566,1.10624,5383,16,0
2021-03-24 12:00:00,1.10623,1.10729,1.10604,1.10666,2845,16,0
2021-03-24 14:00:00,1.10666,1.10714,1.10573,1.10697,4663,16,0
2021-03-24 16:00:00,1.10697,1.10758,1.10636,1.10662,4653,17,0
2021-03-24 18:00:00,1.10661,1.10699,1.10592,1.10594,3465,16,0
2021-03-24 20:00:00,1.10595,1.10609,1.10501,1.10502,2721,16,0
2021-03-24 22:00:00,1.10501,1.10522,1.10492,1.105,969,17,0
2021-03-25 00:00:00,1.10498,1.10562,1.10495,1.10558,1175,24,0
2021-03-25 02:00:00,1.10557,1.10577,1.10527,1.10539,1773,16,0
2021-03-25 04:00:00,1.1054,1.10616,1.10536,1.1059,1783,17,0
2021-03-25 06:00:00,1.10589,1.10611,1.10565,1.10588,1915,20,0
2021-03-25 08:00:00,1.10587,1.10655,1.10552,1.10601,3130,16,0
2021-03-25 10:00:00,1.10601,1.10693,1.1052,1.1052,4198,16,0
2021-03-25 12:00:00,1.10519,1.10577,1.10424,1.10432,3564,16,0
2021-03-25 14:00:00,1.10433,1.10523,1.10421,1.10442,5696,16,0
2021-03-25 16:00:00,1.10439,1.10735,1.10436,1.10607,6777,16,0
2021-03-25 18:00:00,1.10609,1.10615,1.10515,1.10568,4421,16,0
2021-03-25 20:00:00,1.10567,1.10615,1.10552,1.10573,2994,17,0
2021-03-25 22:00:00,1.10571,1.10606,1.10513,1.10549,1066,17,0
2021-03-26 00:00:00,1.1055,1.10645,1.10548,1.1063,1444,21,0
2021-03-26 02:00:00,1.10631,1.10695,1.10618,1.10687,1750,16,0
2021-03-26 04:00:00,1.10689,1.10734,1.10681,1.10718,1057,18,0
2021-03-26 06:00:00,1.10716,1.10729,1.10691,1.10728,871,16,0
2021-03-26 08:00:00,1.10726,1.10896,1.10719,1.10875,2549,17,0
2021-03-26 10:00:00,1.10874,1.10913,1.10748,1.10848,4297,16,0
2021-03-26 12:00:00,1.10848,1.10867,1.10729,1.10797,3161,16,0
2021-03-26 14:00:00,1.10797,1.10939,1.10783,1.10856,4382,16,0
2021-03-26 16:00:00,1.10856,1.10901,1.10816,1.10871,4614,16,0
2021-03-26 18:00:00,1.10871,1.10873,1.1073,1.10771,2210,16,0
2021-03-26 20:00:00,1.10771,1.10785,1.10654,1.10703,2314,16,0
2021-03-26 22:00:00,1.10701,1.10758,1.10681,1.10719,771,16,0
2021-03-29 00:00:00,1.10649,1.10724,1.10649,1.10716,647,30,0
2021-03-29 02:00:00,1.10716,1.10748,1.10703,1.10725,1212,25,0
2021-03-29 04:00:00,1.10724,1.10766,1.10698,1.10752,1374,24,0
2021-03-29 06:00:00,1.10751,1.10753,1.10689,1.10695,939,22,0
2021-03-29 08:00:00,1.10695,1.10707,1.10611,1.10648,2515,21,0
2021-03-29 10:00:00,1.10649,1.10656,1.10369,1.10409,4599,16,0
2021-03-29 12:00:00,1.10409,1.10641,1.10383,1.10624,3104,16,0
2021-03-29 14:00:00,1.10621,1.10771,1.10595,1.10749,3879,16,0
2021-03-29 16:00:00,1.10749,1.10749,1.10422,1.10434,5075,16,0
2021-03-29 18:00:00,1.10436,1.10494,1.10403,1.10429,3458,16,0
2021-03-29 20:00:00,1.10429,1.10514,1.10418,1.10479,1868,16,0
2021-03-29 22:00:00,1.10479,1.10533,1.10468,1.1049,1709,16,0
2021-03-30 00:00:00,1.10438,1.10515,1.1037,1.10478,403,29,0
2021-03-30 02:00:00,1.1048,1.10538,1.10472,1.10538,969,16,0
2021-03-30 04:00:00,1.10538,1.10564,1.10517,1.10517,1739,19,0
2021-03-30 06:00:00,1.10518,1.10552,1.10505,1.1051,798,18,0
2021-03-30 08:00:00,1.1051,1.10584,1.10499,1.10527,2785,16,0
2021-03-30 10:00:00,1.10525,1.10663,1.10505,1.1065,4779,16,0
2021-03-30 12:00:00,1.10649,1.10666,1.10502,1.10505,2859,16,0
2021-03-30 14:00:00,1.10505,1.10598,1.10454,1.10503,4924,16,0
2021-03-30 16:00:00,1.10504,1.10682,1.10432,1.10601,6698,16,0
2021-03-30 18:00:00,1.10597,1.10642,1.10373,1.1042,4435,16,0
2021-03-30 20:00:00,1.10421,1.10422,1.10338,1.10389,1878,16,0
2021-03-30 22:00:00,1.10388,1.10424,1.10359,1.1037,1536,16,0
2021-03-31 00:00:00,1.10364,1.10382,1.10301,1.10379,350,33,0
2021-03-31 02:00:00,1.10383,1.10537,1.1037,1.10492,1486,21,0
2021-03-31 04:00:00,1.10491,1.105,1.10428,1.10491,1494,22,0
2021-03-31 06:00:00,1.10491,1.10531,1.10477,1.10517,2062,24,0
2021-03-31 08:00:00,1.10516,1.10566,1.10486,1.10537,2994,21,0
2021-03-31 10:00:00,1.10537,1.1066,1.10481,1.10632,3800,16,0
2021-03-31 12:00:00,1.10631,1.10668,1.10554,1.10664,3382,16,0
2021-03-31 14:00:00,1.10667,1.10732,1.10628,1.10675,3696,16,0
2021-03-31 16:00:00,1.10675,1.10688,1.10449,1.10576,6802,16,0
2021-03-31 18:00:00,1.10577,1.10683,1.10549,1.10679,4877,16,0
2021-03-31 20:00:00,1.10679,1.10882,1.10677,1.10862,2690,16,0
2021-03-31 22:00:00,1.10862,1.10904,1.10636,1.10643,2670,16,0
2021-04-01 00:00:00,1.10615,1.10701,1.10601,1.10675,1110,27,0
2021-04-01 02:00:00,1.10675,1.10812,1.10671,1.10792,1820,23,0
2021-04-01 04:00:00,1.10793,1.10799,1.10746,1.10777,2766,21,0
2021-04-01 06:00:00,1.10777,1.10833,1.10777,1.10794,2817,24,0
2021-04-01 08:00:00,1.10794,1.10879,1.10737,1.10874,2620,17,0
2021-04-01 10:00:00,1.10874,1.11096,1.10818,1.11027,5941,16,0
2021-04-01 12:00:00,1.11029,1.11172,1.10974,1.1102,4194,16,0
2021-04-01 14:00:00,1.1102,1.11143,1.10891,1.10892,4804,16,0
2021-04-01 16:00:00,1.10893,1.11035,1.10872,1.10911,6737,16,0
2021-04-01 18:00:00,1.10912,1.10941,1.10708,1.10789,4118,16,0
2021-04-01 20:00:00,1.10788,1.10885,1.10781,1.10881,2359,16,0
2021-04-01 22:00:00,1.1088,1.10906,1.10848,1.10891,1700,17,0
2021-04-02 00:00:00,1.10882,1.10947,1.10825,1.10942,324,31,0
2021-04-02 02:00:00,1.10944,1.10959,1.10868,1.10887,1018,20,0
2021-04-02 04:00:00,1.10884,1.10918,1.10868,1.10888,1233,20,0
2021-04-02 06:00:00,1.10886,1.10921,1.10872,1.10906,1607,22,0
2021-04-02 08:00:00,1.10906,1.10909,1.10861,1.10873,824,17,0
2021-04-02 10:00:00,1.10873,1.10912,1.10854,1.10862,1392,17,0
2021-04-02 12:00:00,1.10864,1.1088,1.10761,1.10787,1128,16,0
2021-04-02 14:00:00,1.10787,1.10955,1.1071,1.10832,2222,16,0
2021-04-02 16:00:00,1.10832,1.10861,1.10745,1.10839,1984,17,0
2021-04-02 18:00:00,1.10839,1.10877,1.10741,1.10793,1518,17,0
2021-04-02 20:00:00,1.10791,1.10876,1.10739,1.1085,891,24,0
2021-04-02 22:00:00,1.1085,1.10894,1.10768,1.1084,535,27,0
2021-04-05 00:00:00,1.10846,1.10894,1.10842,1.10877,1424,37,0
2021-04-05 02:00:00,1.10878,1.10898,1.10838,1.10853,1219,20,0
2021-04-05 04:00:00,1.10854,1.10894,1.10826,1.10879,1529,21,0
2021-04-05 06:00:00,1.10879,1.10938,1.10877,1.10889,1439,21,0
2021-04-05 08:00:00,1.10889,1.109,1.10816,1.10867,1620,18,0
2021-04-05 10:00:00,1.10865,1.10865,1.10723,1.10751,2003,16,0
2021-04-05 12:00:00,1.10751,1.10776,1.10718,1.10749,1076,16,0
2021-04-05 14:00:00,1.10749,1.10861,1.10724,1.1076,2721,16,0
2021-04-05 16:00:00,1.10759,1.10771,1.10489,1.10538,5655,16,0
2021-04-05 18:00:00,1.10538,1.10623,1.10494,1.10592,2132,16,0
2021-04-05 20:00:00,1.10592,1.10662,1.10566,1.10571,1764,16,0
2021-04-05 22:00:00,1.10569,1.10606,1.10552,1.10552,1269,16,0
2021-04-06 00:00:00,1.10558,1.1063,1.10488,1.10622,553,26,0
2021-04-06 02:00:00,1.10622,1.10699,1.10599,1.10694,1198,18,0
2021-04-06 04:00:00,1.10695,1.10748,1.10669,1.10711,1916,19,0
2021-04-06 06:00:00,1.10712,1.10734,1.1065,1.1065,1718,19,0
2021-04-06 08:00:00,1.10651,1.10759,1.10641,1.10756,1964,16,0
2021-04-06 10:00:00,1.10757,1.10864,1.10708,1.10784,5207,16,0
2021-04-06 12:00:00,1.10783,1.10869,1.10735,1.10825,4126,16,0
2021-04-06 14:00:00,1.10825,1.10857,1.10597,1.10625,4642,16,0
2021-04-06 16:00:00,1.10625,1.10682,1.10453,1.10468,5198,16,0
2021-04-06 18:00:00,1.10465,1.10558,1.10434,1.1053,2686,16,0
2021-04-06 20:00:00,1.1053,1.10614,1.10489,1.10529,2340,16,0
2021-04-06 22:00:00,1.10529,1.10576,1.10475,1.10502,2035,16,0
2021-04-07 00:00:00,1.10554,1.10554,1.10464,1.10509,653,28,0
2021-04-07 02:00:00,1.1051,1.10559,1.10489,1.10544,1218,21,0
2021-04-07 04:00:00,1.10544,1.10546,1.10479,1.10492,1407,18,0
2021-04-07 06:00:00,1.10492,1.10524,1.10488,1.10495,973,16,0
2021-04-07 08:00:00,1.10496,1.10548,1.10344,1.10378,3418,16,0
2021-04-07 10:00:00,1.10378,1.10515,1.10334,1.10457,4613,16,0
2021-04-07 12:00:00,1.10454,1.10529,1.10366,1.1048,3279,16,0
2021-04-07 14:00:00,1.10479,1.10502,1.10376,1.10413,4252,16,0
2021-04-07 16:00:00,1.10413,1.10467,1.10357,1.10378,6257,16,0
2021-04-07 18:00:00,1.10379,1.10395,1.10223,1.10312,3461,16,0
2021-04-07 20:00:00,1.10312,1.10349,1.10249,1.1032,2287,17,0
2021-04-07 22:00:00,1.1032,1.10364,1.10304,1.10325,2059,17,0
2021-04-08 00:00:00,1.10262,1.10338,1.10251,1.10313,365,24,0
2021-04-08 02:00:00,1.10315,1.10382,1.10311,1.10362,993,20,0
2021-04-08 04:00:00,1.10363,1.10366,1.10303,1.10327,1331,19,0
2021-04-08 06:00:00,1.10327,1.1033,1.10294,1.10313,939,20,0
2021-04-08 08:00:00,1.10314,1.10334,1.10254,1.10315,2189,16,0
2021-04-08 10:00:00,1.10315,1.10404,1.10187,1.10212,3953,16,0
2021-04-08 12:00:00,1.10211,1.10265,1.10142,1.10169,3048,16,0
2021-04-08 14:00:00,1.10169,1.10208,1.10107,1.1016,4413,16,0
2021-04-08 16:00:00,1.10155,1.10174,1.10049,1.10097,5866,16,0
2021-04-08 18:00:00,1.10096,1.10146,1.10073,1.10088,3150,16,0
2021-04-08 20:00:00,1.10089,1.10124,1.1006,1.10082,1631,16,0
2021-04-08 22:00:00,1.10084,1.10171,1.10057,1.10145,1322,17,0
2021-04-09 00:00:00,1.10171,1.10183,1.10066,1.10092,957,22,0
2021-04-09 02:00:00,1.10092,1.10128,1.10086,1.10106,1087,16,0
2021-04-09 04:00:00,1.10105,1.10133,1.10068,1.10096,1584,19,0
2021-04-09 06:00:00,1.10095,1.10104,1.10058,1.10091,1497,17,0
2021-04-09 08:00:00,1.10091,1.10094,1.10003,1.10034,2956,16,0
2021-04-09 10:00:00,1.10034,1.10114,1.09919,1.10041,5561,16,0
2021-04-09 12:00:00,1.10041,1.10178,1.10009,1.10024,2783,16,0
2021-04-09 14:00:00,1.10023,1.10184,1.1,1.10152,4922,16,0
2021-04-09 16:00:00,1.10154,1.10164,1.09973,1.09996,5887,16,0
2021-04-09 18:00:00,1.09996,1.10101,1.09981,1.1009,2888,16,0
2021-04-09 20:00:00,1.10092,1.10097,1.10062,1.1008,2002,16,0
2021-04-09 22:00:00,1.10081,1.10091,1.09974,1.09979,1376,16,0
2021-04-12 00:00:00,1.09975,1.10096,1.09975,1.10084,814,27,0
2021-04-12 02:00:00,1.10086,1.10136,1.10072,1.10136,1207,19,0
2021-04-12 04:00:00,1.10136,1.10137,1.1003,1.10072,2557,19,0
2021-04-12 06:00:00,1.10073,1.10129,1.10063,1.10113,1464,16,0
2021-04-12 08:00:00,1.10116,1.10146,1.10033,1.10045,2152,16,0
2021-04-12 10:00:00,1.10045,1.10083,1.09807,1.09959,3191,16,0
2021-04-12 12:00:00,1.09961,1.10019,1.09924,1.09992,3142,16,0
2021-04-12 14:00:00,1.09993,1.1006,1.09947,1.09996,2844,16,0
2021-04-12 16:00:00,1.09996,1.10036,1.0978,1.09805,4646,16,0
2021-04-12 18:00:00,1.09803,1.099,1.09743,1.09894,3215,16,0
2021-04-12 20:00:00,1.09893,1.09908,1.09833,1.09867,1507,16,0
2021-04-12 22:00:00,1.09865,1.09901,1.09818,1.09836,1516,16,0
2021-04-13 00:00:00,1.09865,1.09877,1.09784,1.0987,628,22,0
2021-04-13 02:00:00,1.09868,1.09926,1.09858,1.0991,1395,18,0
2021-04-13 04:00:00,1.0991,1.09936,1.09902,1.09919,2491,18,0
2021-04-13 06:00:00,1.09918,1.09948,1.09892,1.09898,1960,16,0
2021-04-13 08:00:00,1.09899,1.09957,1.09837,1.09947,2979,16,0
2021-04-13 10:00:00,1.09946,1.10082,1.09898,1.1001,4146,16,0
2021-04-13 12:00:00,1.10009,1.10127,1.09943,1.10035,2974,16,0
2021-04-13 14:00:00,1.10035,1.10037,1.09906,1.09993,6637,16,0
2021-04-13 16:00:00,1.09992,1.10078,1.09937,1.10002,6390,16,0
2021-04-13 18:00:00,1.10001,1.10065,1.09932,1.09973,3208,16,0
2021-04-13 20:00:00,1.09974,1.09999,1.09926,1.09965,2496,16,0
2021-04-13 22:00:00,1.09965,1.10038,1.09941,1.10002,1851,16,0
2021-04-14 00:00:00,1.09996,1.10018,1.09969,1.10007,619,25,0
2021-04-14 02:00:00,1.10007,1.10038,1.09993,1.10007,1714,18,0
2021-04-14 04:00:00,1.10007,1.10061,1.09987,1.09997,2270,16,0
2021-04-14 06:00:00,1.09997,1.10023,1.09983,1.10023,1788,17,0
2021-04-14 08:00:00,1.10023,1.10107,1.09997,1.10067,2736,16,0
2021-04-14 10:00:00,1.10066,1.10107,1.09969,1.09982,3475,16,0
2021-04-14 12:00:00,1.0998,1.10279,1.09944,1.10246,3977,16,0
2021-04-14 14:00:00,1.10246,1.10373,1.1022,1.10326,3721,16,0
2021-04-14 16:00:00,1.10328,1.10508,1.10265,1.10449,6438,16,0
2021-04-14 18:00:00,1.10453,1.10528,1.10438,1.10524,3723,16,0
2021-04-14 20:00:00,1.10524,1.10595,1.10461,1.10463,2108,16,0
2021-04-14 22:00:00,1.10463,1.10562,1.10463,1.10483,2347,16,0
2021-04-15 00:00:00,1.10479,1.10593,1.104,1.10584,657,18,0
2021-04-15 02:00:00,1.10584,1.10598,1.10555,1.10583,1536,18,0
2021-04-15 04:00:00,1.10583,1.10625,1.10558,1.10623,2279,16,0
2021-04-15 06:00:00,1.10622,1.10628,1.10551,1.1057,1503,17,0
2021-04-15 08:00:00,1.1057,1.10594,1.10487,1.10517,2145,16,0
2021-04-15 10:00:00,1.10517,1.1058,1.10458,1.10533,4527,16,0
2021-04-15 12:00:00,1.10532,1.10571,1.1046,1.10478,3719,16,0
2021-04-15 14:00:00,1.10482,1.10592,1.10395,1.10542,4696,16,0
2021-04-15 16:00:00,1.10542,1.10547,1.10295,1.10342,6400,16,0
2021-04-15 18:00:00,1.10342,1.10404,1.10291,1.10404,3250,16,0
2021-04-15 20:00:00,1.10404,1.10414,1.10307,1.10371,2132,16,0
2021-04-15 22:00:00,1.10373,1.10378,1.10311,1.10357,2009,17,0
2021-04-16 00:00:00,1.1035,1.10378,1.10304,1.10352,505,22,0
2021-04-16 02:00:00,1.10353,1.10365,1.10318,1.10332,1244,17,0
2021-04-16 04:00:00,1.10332,1.10385,1.10304,1.10317,2516,17,0
2021-04-16 06:00:00,1.10317,1.10326,1.10295,1.10311,1098,17,0
2021-04-16 08:00:00,1.1031,1.10347,1.10232,1.10253,2765,16,0
2021-04-16 10:00:00,1.10252,1.10287,1.10004,1.10176,5263,16,0
2021-04-16 12:00:00,1.10175,1.10213,1.10053,1.10143,3353,16,0
2021-04-16 14:00:00,1.10137,1.10229,1.10088,1.10144,4070,16,0
2021-04-16 16:00:00,1.10147,1.10263,1.10053,1.1008,4853,16,0
2021-04-16 18:00:00,1.10079,1.10208,1.10056,1.10208,2628,16,0
2021-04-16 20:00:00,1.10205,1.10243,1.10175,1.10175,1253,16,0
2021-04-16 22:00:00,1.10175,1.10234,1.10173,1.10234,1349,17,0
2021-04-19 00:00:00,1.10234,1.10234,1.10146,1.10209,1045,16,0
2021-04-19 02:00:00,1.10209,1.10219,1.10112,1.10117,2142,17,0
2021-04-19 04:00:00,1.10117,1.10125,1.10017,1.10052,2629,16,0
2021-04-19 06:00:00,1.10053,1.10121,1.10053,1.10113,1262,17,0
2021-04-19 08:00:00,1.10114,1.10186,1.101,1.10143,2202,16,0
2021-04-19 10:00:00,1.10143,1.10293,1.09968,1.09974,6619,16,0
2021-04-19 12:00:00,1.09974,1.10039,1.09921,1.09964,3921,16,0
2021-04-19 14:00:00,1.09964,1.1001,1.09921,1.09958,4185,16,0
2021-04-19 16:00:00,1.09958,1.10092,1.09939,1.10016,5991,16,0
2021-04-19 18:00:00,1.10017,1.10158,1.10008,1.1015,2823,16,0
2021-04-19 20:00:00,1.1015,1.10164,1.10088,1.10095,1797,16,0
2021-04-19 22:00:00,1.10097,1.10183,1.10088,1.10146,1512,16,0
2021-04-20 00:00:00,1.1007,1.10159,1.1007,1.10152,1141,18,0
2021-04-20 02:00:00,1.10152,1.10212,1.10139,1.10206,1288,16,0
2021-04-20 04:00:00,1.10207,1.10271,1.10191,1.10227,1968,16,0
2021-04-20 06:00:00,1.10227,1.10287,1.10224,1.10257,2138,16,0
2021-04-20 08:00:00,1.10257,1.10408,1.10252,1.10393,3302,16,0
2021-04-20 10:00:00,1.10392,1.10428,1.10292,1.1038,4473,16,0
2021-04-20 12:00:00,1.1038,1.1047,1.10253,1.10284,3377,16,0
2021-04-20 14:00:00,1.10282,1.10326,1.10247,1.10274,3746,16,0
2021-04-20 16:00:00,1.10274,1.10278,1.10089,1.10105,5628,16,0
2021-04-20 18:00:00,1.10106,1.10202,1.101,1.10193,3873,16,0
2021-04-20 20:00:00,1.10191,1.10242,1.10165,1.10212,1814,16,0
2021-04-20 22:00:00,1.10211,1.10242,1.10175,1.10203,1708,17,0
2021-04-21 00:00:00,1.10177,1.10218,1.10129,1.10206,430,20,0
2021-04-21 02:00:00,1.10208,1.10254,1.1019,1.10244,1332,16,0
2021-04-21 04:00:00,1.10244,1.10246,1.1018,1.10188,2059,18,0
2021-04-21 06:00:00,1.10188,1.10229,1.10179,1.10216,1123,16,0
2021-04-21 08:00:00,1.10216,1.10238,1.10134,1.10183,2066,16,0
2021-04-21 10:00:00,1.10179,1.10271,1.1011,1.10259,4524,16,0
2021-04-21 12:00:00,1.10258,1.10263,1.10078,1.10246,4636,16,0
2021-04-21 14:00:00,1.10246,1.10284,1.10193,1.1026,3217,16,0
2021-04-21 16:00:00,1.10263,1.10424,1.10218,1.10335,5564,16,0
2021-04-21 18:00:00,1.10337,1.10374,1.10262,1.103,2643,16,0
2021-04-21 20:00:00,1.10301,1.10347,1.10292,1.10315,1825,16,0
2021-04-21 22:00:00,1.10315,1.10361,1.1031,1.10348,1133,16,0
2021-04-22 00:00:00,1.10342,1.1035,1.10279,1.10327,386,21,0
2021-04-22 02:00:00,1.10327,1.10351,1.10315,1.1032,1096,16,0
2021-04-22 04:00:00,1.1032,1.10337,1.10299,1.10322,1507,16,0
2021-04-22 06:00:00,1.10323,1.10329,1.10257,1.10282,1039,16,0
2021-04-22 08:00:00,1.10281,1.10297,1.10142,1.10165,2479,16,0
2021-04-22 10:00:00,1.10166,1.10243,1.10132,1.10166,3343,16,0
2021-04-22 12:00:00,1.10166,1.10308,1.10151,1.10287,2760,16,0
2021-04-22 14:00:00,1.10286,1.10467,1.10257,1.1046,4597,16,0
2021-04-22 16:00:00,1.10458,1.10467,1.10224,1.10254,8138,16,0
2021-04-22 18:00:00,1.10255,1.10362,1.10246,1.10329,3237,16,0
2021-04-22 20:00:00,1.10328,1.10346,1.10172,1.10253,4415,16,0
2021-04-22 22:00:00,1.10252,1.10257,1.10138,1.10158,2172,16,0
2021-04-23 00:00:00,1.10182,1.10194,1.10153,1.10187,527,22,0
2021-04-23 02:00:00,1.10189,1.102,1.10155,1.10184,1997,18,0
2021-04-23 04:00:00,1.10187,1.10236,1.10166,1.10229,2069,16,0
2021-04-23 06:00:00,1.1023,1.10255,1.10218,1.10242,1345,16,0
2021-04-23 08:00:00,1.10242,1.10322,1.10229,1.10321,2250,16,0
2021-04-23 10:00:00,1.10321,1.10496,1.10276,1.10373,4446,16,0
2021-04-23 12:00:00,1.10372,1.10414,1.10239,1.10301,2858,16,0
2021-04-23 14:00:00,1.10301,1.10441,1.10272,1.10418,3958,16,0
2021-04-23 16:00:00,1.10419,1.10519,1.10366,1.10454,6627,16,0
2021-04-23 18:00:00,1.10454,1.1047,1.10405,1.10426,2842,16,0
2021-04-23 20:00:00,1.10428,1.10487,1.10391,1.10453,1619,16,0
2021-04-23 22:00:00,1.10452,1.1052,1.10422,1.10504,2218,16,0
2021-04-26 00:00:00,1.10399,1.10507,1.10392,1.1048,689,21,0
2021-04-26 02:00:00,1.1048,1.10563,1.10462,1.10554,2231,16,0
2021-04-26 04:00:00,1.10553,1.10559,1.10499,1.10516,1833,16,0
2021-04-26 06:00:00,1.10516,1.10539,1.10467,1.10482,2043,16,0
2021-04-26 08:00:00,1.10483,1.10585,1.1047,1.10522,2754,16,0
2021-04-26 10:00:00,1.10522,1.10627,1.10487,1.10617,3748,16,0
2021-04-26 12:00:00,1.10617,1.10633,1.10454,1.10581,2747,16,0
2021-04-26 14:00:00,1.1058,1.10701,1.10573,1.10648,3350,16,0
2021-04-26 16:00:00,1.10649,1.10664,1.10422,1.10441,5465,16,0
2021-04-26 18:00:00,1.10438,1.10534,1.10417,1.10511,2561,16,0
2021-04-26 20:00:00,1.10512,1.10539,1.10492,1.10516,1349,16,0
2021-04-26 22:00:00,1.10515,1.10529,1.10473,1.10474,2041,16,0
2021-04-27 00:00:00,1.10418,1.10503,1.10394,1.10479,641,27,0
2021-04-27 02:00:00,1.10479,1.10504,1.1042,1.10461,1657,18,0
2021-04-27 04:00:00,1.10463,1.10553,1.10448,1.1052,1953,17,0
2021-04-27 06:00:00,1.1052,1.10556,1.10515,1.10524,1185,18,0
2021-04-27 08:00:00,1.10524,1.10622,1.1051,1.10615,2064,16,0
2021-04-27 10:00:00,1.10616,1.10616,1.10494,1.10547,3577,16,0
2021-04-27 12:00:00,1.10548,1.10561,1.10246,1.10367,4142,16,0
2021-04-27 14:00:00,1.10368,1.10412,1.10311,1.10352,3995,16,0
2021-04-27 16:00:00,1.10353,1.1047,1.10232,1.1026,5428,16,0
2021-04-27 18:00:00,1.1026,1.1036,1.10254,1.10312,2722,16,0
2021-04-27 20:00:00,1.10311,1.10509,1.10302,1.10498,1998,16,0
2021-04-27 22:00:00,1.10496,1.10522,1.10401,1.10402,1621,16,0
2021-04-28 00:00:00,1.10403,1.10498,1.1036,1.10481,727,22,0
2021-04-28 02:00:00,1.10481,1.10537,1.1046,1.1053,1402,18,0
2021-04-28 04:00:00,1.1053,1.10534,1.10493,1.10508,2594,17,0
2021-04-28 06:00:00,1.10509,1.10524,1.1048,1.1052,1304,16,0
2021-04-28 08:00:00,1.10522,1.10677,1.10499,1.10657,2488,16,0
2021-04-28 10:00:00,1.10658,1.10747,1.10555,1.10602,4443,16,0
2021-04-28 12:00:00,1.10602,1.10638,1.10379,1.10384,3868,16,0
2021-04-28 14:00:00,1.10383,1.10478,1.10372,1.10425,3214,16,0
2021-04-28 16:00:00,1.10423,1.10454,1.10357,1.10395,5214,16,0
2021-04-28 18:00:00,1.10398,1.10414,1.10323,1.10337,3189,16,0
2021-04-28 20:00:00,1.10337,1.10444,1.102,1.10321,7056,16,0
2021-04-28 22:00:00,1.10321,1.10387,1.10202,1.10274,3695,16,0
2021-04-29 00:00:00,1.10196,1.10297,1.10196,1.1027,890,16,0
2021-04-29 02:00:00,1.1027,1.10322,1.10264,1.1032,837,16,0
2021-04-29 04:00:00,1.1032,1.10377,1.10306,1.1034,2093,16,0
2021-04-29 06:00:00,1.1034,1.10365,1.10301,1.10352,1512,16,0
2021-04-29 08:00:00,1.10351,1.10417,1.10351,1.10387,2091,16,0
2021-04-29 10:00:00,1.10386,1.10391,1.10273,1.10292,3555,16,0
2021-04-29 12:00:00,1.10281,1.10291,1.10128,1.10224,3791,16,0
2021-04-29 14:00:00,1.10222,1.10272,1.10141,1.10154,4100,16,0
2021-04-29 16:00:00,1.10154,1.10404,1.10147,1.10341,6638,16,0
2021-04-29 18:00:00,1.1034,1.1034,1.10143,1.1023,3249,16,0
2021-04-29 20:00:00,1.1023,1.1023,1.10114,1.10162,1600,16,0
2021-04-29 22:00:00,1.10161,1.10181,1.10114,1.10139,1379,16,0
2021-04-30 00:00:00,1.10131,1.10178,1.10112,1.10178,1478,20,0
2021-04-30 02:00:00,1.10177,1.10219,1.10115,1.10129,1258,16,0
2021-04-30 04:00:00,1.1013,1.10142,1.10095,1.10107,1515,16,0
2021-04-30 06:00:00,1.10107,1.10145,1.10105,1.10133,779,16,0
2021-04-30 08:00:00,1.10133,1.10139,1.10006,1.10027,1512,16,0
2021-04-30 10:00:00,1.10026,1.10073,1.09951,1.10001,3515,16,0
2021-04-30 12:00:00,1.10003,1.10003,1.09851,1.09857,3138,16,0
2021-04-30 14:00:00,1.09857,1.10053,1.09841,1.10028,4060,16,0
2021-04-30 16:00:00,1.10028,1.10028,1.09768,1.09799,6898,16,0
2021-04-30 18:00:00,1.098,1.09874,1.09743,1.09789,5598,16,0
2021-04-30 20:00:00,1.09789,1.09831,1.09768,1.09797,1747,16,0
2021-04-30 22:00:00,1.09795,1.09845,1.09714,1.09721,1664,16,0
2021-05-03 00:00:00,1.09722,1.09796,1.09715,1.09792,510,16,0
2021-05-03 02:00:00,1.09792,1.09863,1.09782,1.09859,1196,16,0
2021-05-03 04:00:00,1.0986,1.09876,1.09829,1.09833,1443,16,0
2021-05-03 06:00:00,1.09836,1.09861,1.09835,1.09847,677,16,0
2021-05-03 08:00:00,1.09847,1.09881,1.0978,1.09881,1885,16,0
2021-05-03 10:00:00,1.09881,1.09969,1.09798,1.0993,3566,16,0
2021-05-03 12:00:00,1.0993,1.0999,1.09893,1.09955,2403,16,0
2021-05-03 14:00:00,1.09955,1.10171,1.0994,1.1004,3793,16,0
2021-05-03 16:00:00,1.10039,1.10085,1.09778,1.09886,5351,16,0
2021-05-03 18:00:00,1.09889,1.09955,1.09835,1.09911,2723,16,0
2021-05-03 20:00:00,1.09911,1.09954,1.09876,1.0992,1398,16,0
2021-05-03 22:00:00,1.09922,1.09944,1.09853,1.09856,1229,16,0
2021-05-04 00:00:00,1.0986,1.09926,1.09787,1.09907,1240,19,0
2021-05-04 02:00:00,1.09906,1.09958,1.09902,1.09948,734,16,0
2021-05-04 04:00:00,1.09947,1.10015,1.09926,1.09992,1168,16,0
2021-05-04 06:00:00,1.09994,1.10099,1.09991,1.10098,1357,16,0
2021-05-04 08:00:00,1.10098,1.10099,1.09962,1.09967,2335,16,0
2021-05-04 10:00:00,1.09966,1.09999,1.09811,1.09857,4559,16,0
2021-05-04 12:00:00,1.09857,1.09973,1.09844,1.09868,3309,16,0
2021-05-04 14:00:00,1.09868,1.09902,1.0969,1.0971,4587,16,0
2021-05-04 16:00:00,1.0971,1.09775,1.09669,1.09681,6242,16,0
2021-05-04 18:00:00,1.09681,1.0982,1.09669,1.09783,6602,16,0
2021-05-04 20:00:00,1.09786,1.09809,1.09717,1.09728,2921,16,0
2021-05-04 22:00:00,1.09727,1.09766,1.09707,1.09725,1695,16,0
2021-05-05 00:00:00,1.09686,1.09752,1.09667,1.09751,468,17,0
2021-05-05 02:00:00,1.09751,1.09798,1.0974,1.09777,848,16,0
2021-05-05 04:00:00,1.09776,1.09783,1.09731,1.09751,1352,16,0
2021-05-05 06:00:00,1.0975,1.09773,1.09741,1.09751,817,19,0
2021-05-05 08:00:00,1.09752,1.09807,1.09727,1.09785,2519,16,0
2021-05-05 10:00:00,1.09784,1.09887,1.09741,1.09825,4505,16,0
2021-05-05 12:00:00,1.09825,1.09871,1.09771,1.09787,3081,16,0
2021-05-05 14:00:00,1.09787,1.09787,1.0956,1.09583,3327,16,0
2021-05-05 16:00:00,1.09584,1.09641,1.09521,1.09614,5554,16,0
2021-05-05 18:00:00,1.09612,1.09632,1.09549,1.09563,2867,16,0
2021-05-05 20:00:00,1.09563,1.09628,1.09544,1.09618,1850,16,0
2021-05-05 22:00:00,1.09613,1.09638,1.0957,1.0957,1791,16,0
2021-05-06 00:00:00,1.09573,1.09632,1.09559,1.09627,1198,16,0
2021-05-06 02:00:00,1.09626,1.09677,1.09621,1.09662,1529,16,0
2021-05-06 04:00:00,1.09662,1.09711,1.09647,1.09687,2944,16,0
2021-05-06 06:00:00,1.09688,1.09716,1.09668,1.09691,2061,16,0
2021-05-06 08:00:00,1.09691,1.09716,1.09614,1.09691,2954,16,0
2021-05-06 10:00:00,1.0969,1.0971,1.09529,1.09604,4457,16,0
2021-05-06 12:00:00,1.09603,1.09634,1.09414,1.09471,3336,16,0
2021-05-06 14:00:00,1.0947,1.09606,1.09434,1.0959,4589,16,0
2021-05-06 16:00:00,1.09591,1.0961,1.09434,1.0954,5311,16,0
2021-05-06 18:00:00,1.09532,1.09621,1.09514,1.09542,3448,16,0
2021-05-06 20:00:00,1.09541,1.09558,1.09513,1.09537,1476,16,0
2021-05-06 22:00:00,1.09537,1.09579,1.09422,1.09422,1762,16,0
2021-05-07 00:00:00,1.09421,1.09509,1.09421,1.09503,851,16,0
2021-05-07 02:00:00,1.095,1.09514,1.09465,1.09496,992,16,0
2021-05-07 04:00:00,1.09495,1.09538,1.09493,1.09519,1797,16,0
2021-05-07 06:00:00,1.09519,1.09519,1.09453,1.09458,1627,16,0
2021-05-07 08:00:00,1.09459,1.09479,1.09418,1.09443,2073,16,0
2021-05-07 10:00:00,1.09443,1.09739,1.09348,1.09683,5271,16,0
2021-05-07 12:00:00,1.09682,1.09758,1.09583,1.09745,2648,16,0
2021-05-07 14:00:00,1.09745,1.09757,1.09435,1.09598,8488,16,0
2021-05-07 16:00:00,1.09596,1.0966,1.09512,1.09603,9755,16,0
2021-05-07 18:00:00,1.09604,1.09643,1.09535,1.09602,4114,16,0
2021-05-07 20:00:00,1.09602,1.09612,1.09533,1.09605,2851,16,0
2021-05-07 22:00:00,1.09606,1.09617,1.09477,1.09494,2234,16,0
2021-05-10 00:00:00,1.09494,1.09594,1.09494,1.09554,812,18,0
2021-05-10 02:00:00,1.09554,1.09619,1.09552,1.09576,2918,16,0
2021-05-10 04:00:00,1.09575,1.09628,1.09507,1.09523,3348,16,0
2021-05-10 06:00:00,1.09524,1.09591,1.09518,1.09555,1190,16,0
2021-05-10 08:00:00,1.09549,1.09619,1.09473,1.09482,2923,16,0
2021-05-10 10:00:00,1.09481,1.09544,1.09396,1.09539,4995,16,0
2021-05-10 12:00:00,1.09542,1.09595,1.0944,1.09475,3319,16,0
2021-05-10 14:00:00,1.09474,1.09478,1.09353,1.09379,3056,16,0
2021-05-10 16:00:00,1.0938,1.09488,1.09354,1.09374,7252,16,0
2021-05-10 18:00:00,1.09377,1.09424,1.09353,1.09418,3120,16,0
2021-05-10 20:00:00,1.09417,1.09466,1.0937,1.09376,2452,16,0
2021-05-10 22:00:00,1.0938,1.09384,1.09292,1.09292,2074,16,0
2021-05-11 00:00:00,1.09282,1.09333,1.09282,1.09319,812,19,0
2021-05-11 02:00:00,1.09321,1.09355,1.09295,1.09298,1658,16,0
2021-05-11 04:00:00,1.09297,1.0935,1.0926,1.09321,3239,16,0
2021-05-11 06:00:00,1.09321,1.09361,1.0932,1.09325,2153,16,0
2021-05-11 08:00:00,1.09325,1.09495,1.09319,1.09443,3111,16,0
2021-05-11 10:00:00,1.09443,1.09722,1.09443,1.09691,4296,16,0
2021-05-11 12:00:00,1.09691,1.09818,1.09636,1.09708,3158,16,0
2021-05-11 14:00:00,1.09708,1.09757,1.09646,1.09752,3916,16,0
2021-05-11 16:00:00,1.09752,1.09773,1.09648,1.09704,7730,16,0
2021-05-11 18:00:00,1.09705,1.09853,1.09691,1.09846,3937,16,0
2021-05-11 20:00:00,1.09843,1.09878,1.09772,1.09782,2206,16,0
2021-05-11 22:00:00,1.09783,1.09818,1.09736,1.09751,1767,16,0
2021-05-12 00:00:00,1.09729,1.09805,1.09719,1.09766,1325,16,0
2021-05-12 02:00:00,1.09767,1.09798,1.09753,1.09774,1293,16,0
2021-05-12 04:00:00,1.09772,1.09829,1.09757,1.09781,2205,16,0
2021-05-12 06:00:00,1.09781,1.09801,1.0974,1.09757,1775,16,0
2021-05-12 08:00:00,1.09757,1.09804,1.09725,1.09743,2535,16,0
2021-05-12 10:00:00,1.09743,1.09834,1.09687,1.0975,4566,16,0
2021-05-12 12:00:00,1.09749,1.09773,1.09629,1.09648,3254,16,0
2021-05-12 14:00:00,1.09649,1.09828,1.0955,1.09745,7884,16,0
2021-05-12 16:00:00,1.09745,1.09765,1.09633,1.09738,9404,16,0
2021-05-12 18:00:00,1.09739,1.09784,1.09672,1.09709,5294,16,0
2021-05-12 20:00:00,1.09708,1.09746,1.09654,1.09689,3204,16,0
2021-05-12 22:00:00,1.09689,1.09733,1.09678,1.09717,1864,16,0
2021-05-13 00:00:00,1.09702,1.09769,1.09659,1.09745,1061,22,0
2021-05-13 02:00:00,1.09745,1.09779,1.09735,1.09755,1462,16,0
2021-05-13 04:00:00,1.09754,1.0977,1.09727,1.09742,2219,16,0
2021-05-13 06:00:00,1.09743,1.09757,1.09693,1.09726,2319,17,0
2021-05-13 08:00:00,1.09727,1.09846,1.09717,1.09828,3418,16,0
2021-05-13 10:00:00,1.09828,1.09851,1.09537,1.09581,7880,16,0
2021-05-13 12:00:00,1.0958,1.09632,1.09538,1.0956,5192,16,0
2021-05-13 14:00:00,1.0956,1.09686,1.09543,1.09664,5902,16,0
2021-05-13 16:00:00,1.09662,1.09667,1.09425,1.09443,6040,16,0
2021-05-13 18:00:00,1.09441,1.09511,1.09426,1.09444,4383,16,0
2021-05-13 20:00:00,1.09443,1.09451,1.09366,1.09437,3750,16,0
2021-05-13 22:00:00,1.09441,1.09448,1.0937,1.09408,2731,16,0
2021-05-14 00:00:00,1.09384,1.09435,1.0929,1.0939,384,20,0
2021-05-14 02:00:00,1.09389,1.09413,1.09386,1.094,747,16,0
2021-05-14 04:00:00,1.09402,1.09454,1.09399,1.09429,1968,16,0
2021-05-14 06:00:00,1.09429,1.09435,1.09401,1.09405,1234,16,0
2021-05-14 08:00:00,1.09406,1.09477,1.09348,1.09416,3218,16,0
2021-05-14 10:00:00,1.09416,1.09454,1.09323,1.09417,5252,16,0
2021-05-14 12:00:00,1.09417,1.09609,1.09402,1.09587,3842,16,0
2021-05-14 14:00:00,1.09585,1.0961,1.09463,1.09547,5944,16,0
2021-05-14 16:00:00,1.09548,1.09605,1.09435,1.0953,5971,16,0
2021-05-14 18:00:00,1.09531,1.09598,1.09493,1.09547,2829,16,0
2021-05-14 20:00:00,1.09548,1.09571,1.09531,1.0955,1679,16,0
2021-05-14 22:00:00,1.09552,1.09573,1.09417,1.09459,1586,16,0
2021-05-17 00:00:00,1.09427,1.09523,1.09396,1.09512,650,16,0
2021-05-17 02:00:00,1.09512,1.09532,1.0945,1.09479,1650,16,0
2021-05-17 04:00:00,1.09479,1.09512,1.09431,1.09505,2222,16,0
2021-05-17 06:00:00,1.09504,1.09507,1.09435,1.09457,1963,16,0
2021-05-17 08:00:00,1.09456,1.09472,1.09428,1.09435,2862,16,0
2021-05-17 10:00:00,1.09434,1.09564,1.09418,1.09545,4138,16,0
2021-05-17 12:00:00,1.09545,1.09546,1.09415,1.09532,3916,16,0
2021-05-17 14:00:00,1.09533,1.09572,1.09444,1.09456,3809,16,0
2021-05-17 16:00:00,1.09455,1.09547,1.09426,1.09477,5480,16,0
2021-05-17 18:00:00,1.0948,1.09665,1.09442,1.09623,3508,16,0
2021-05-17 20:00:00,1.09623,1.09708,1.09618,1.09708,1470,16,0
2021-05-17 22:00:00,1.09706,1.09771,1.09699,1.0972,1413,16,0
2021-05-18 00:00:00,1.09748,1.09777,1.09634,1.09775,716,18,0
2021-05-18 02:00:00,1.09775,1.09819,1.09768,1.09806,1262,16,0
2021-05-18 04:00:00,1.09807,1.09814,1.09711,1.09738,2318,16,0
2021-05-18 06:00:00,1.09738,1.0976,1.09692,1.09702,1054,16,0
2021-05-18 08:00:00,1.09702,1.09755,1.0959,1.09624,2997,16,0
2021-05-18 10:00:00,1.09624,1.09631,1.09523,1.09604,5029,16,0
2021-05-18 12:00:00,1.09604,1.09687,1.09578,1.09653,3518,16,0
2021-05-18 14:00:00,1.09652,1.09699,1.09601,1.09627,3525,16,0
2021-05-18 16:00:00,1.09628,1.0964,1.0951,1.09607,5223,16,0
2021-05-18 18:00:00,1.09606,1.09691,1.09573,1.09685,3587,16,0
2021-05-18 20:00:00,1.09686,1.09689,1.09617,1.09626,1867,16,0
2021-05-18 22:00:00,1.09627,1.09733,1.0961,1.09717,1818,16,0
2021-05-19 00:00:00,1.09709,1.09722,1.09631,1.09709,906,18,0
2021-05-19 02:00:00,1.09708,1.09762,1.09687,1.09742,1451,16,0
2021-05-19 04:00:00,1.09742,1.09798,1.09732,1.09781,2099,16,0
2021-05-19 06:00:00,1.0978,1.09788,1.09746,1.09756,933,16,0
2021-05-19 08:00:00,1.09755,1.0987,1.0975,1.09807,2094,16,0
2021-05-19 10:00:00,1.09808,1.10059,1.0978,1.0997,5568,16,0
2021-05-19 12:00:00,1.0997,1.10047,1.09925,1.10032,4110,16,0
2021-05-19 14:00:00,1.10031,1.10276,1.09954,1.10103,4601,16,0
2021-05-19 16:00:00,1.10107,1.10148,1.09984,1.10013,7637,16,0
2021-05-19 18:00:00,1.10012,1.10072,1.09947,1.09957,4172,16,0
2021-05-19 20:00:00,1.09958,1.10105,1.09958,1.10017,5872,16,0
2021-05-19 22:00:00,1.10016,1.10053,1.09975,1.1001,3565,16,0
2021-05-20 00:00:00,1.09955,1.10032,1.09841,1.1002,465,16,0
2021-05-20 02:00:00,1.10021,1.1013,1.10015,1.10113,1299,16,0
2021-05-20 04:00:00,1.10113,1.10117,1.10069,1.10103,1991,16,0
2021-05-20 06:00:00,1.10104,1.10126,1.10071,1.101,943,16,0
2021-05-20 08:00:00,1.10098,1.10198,1.10085,1.10115,2058,16,0
2021-05-20 10:00:00,1.10114,1.10121,1.09797,1.09907,4806,16,0
2021-05-20 12:00:00,1.09908,1.09937,1.0983,1.0988,3372,16,0
2021-05-20 14:00:00,1.09883,1.09934,1.09844,1.09901,3564,16,0
2021-05-20 16:00:00,1.09896,1.09924,1.09797,1.09916,5342,16,0
2021-05-20 18:00:00,1.09916,1.09917,1.09788,1.09811,3094,16,0
2021-05-20 20:00:00,1.09812,1.09812,1.09749,1.09762,1828,16,0
2021-05-20 22:00:00,1.09761,1.09785,1.09647,1.09647,1799,16,0
2021-05-21 00:00:00,1.09687,1.09731,1.09639,1.09723,1110,18,0
2021-05-21 02:00:00,1.09724,1.09768,1.09698,1.09756,1875,16,0
2021-05-21 04:00:00,1.09756,1.09762,1.09724,1.09751,2132,16,0
2021-05-21 06:00:00,1.09751,1.09752,1.09652,1.09669,1405,16,0
2021-05-21 08:00:00,1.0967,1.09802,1.09593,1.096,2086,16,0
2021-05-21 10:00:00,1.096,1.09662,1.09535,1.0964,4836,16,0
2021-05-21 12:00:00,1.09641,1.09676,1.09543,1.09593,3850,16,0
2021-05-21 14:00:00,1.09589,1.096,1.09484,1.09581,4468,16,0
2021-05-21 16:00:00,1.09579,1.09603,1.09468,1.09476,5785,16,0
2021-05-21 18:00:00,1.09479,1.09502,1.09352,1.0938,3865,16,0
2021-05-21 20:00:00,1.0938,1.09405,1.0935,1.09379,2009,16,0
2021-05-21 22:00:00,1.09378,1.09379,1.09318,1.0933,1850,16,0
2021-05-24 00:00:00,1.09379,1.09383,1.0933,1.09331,1352,16,0
2021-05-24 02:00:00,1.09331,1.09359,1.09307,1.09347,1648,16,0
2021-05-24 04:00:00,1.09347,1.09378,1.09325,1.09354,2562,16,0
2021-05-24 06:00:00,1.09355,1.09383,1.09326,1.09382,1808,16,0
2021-05-24 08:00:00,1.09382,1.09427,1.09358,1.09406,3087,16,0
2021-05-24 10:00:00,1.09406,1.0962,1.09386,1.09618,4861,16,0
2021-05-24 12:00:00,1.09618,1.09628,1.09573,1.096,4084,16,0
2021-05-24 14:00:00,1.09602,1.09639,1.09528,1.0957,3263,16,0
2021-05-24 16:00:00,1.0957,1.096,1.09471,1.09503,5491,16,0
2021-05-24 18:00:00,1.09502,1.09583,1.09497,1.0955,4135,16,0
2021-05-24 20:00:00,1.09551,1.09552,1.09509,1.09525,1381,16,0
2021-05-24 22:00:00,1.09525,1.09556,1.09517,1.09544,1096,16,0
2021-05-25 00:00:00,1.09539,1.09559,1.09485,1.09554,601,21,0
2021-05-25 02:00:00,1.09554,1.09571,1.09536,1.09566,1614,16,0
2021-05-25 04:00:00,1.09566,1.09581,1.09532,1.09577,2402,16,0
2021-05-25 06:00:00,1.09577,1.09611,1.09554,1.09591,1273,16,0
2021-05-25 08:00:00,1.09587,1.09671,1.09571,1.09656,3239,16,0
2021-05-25 10:00:00,1.09656,1.09669,1.09486,1.09534,5842,16,0
2021-05-25 12:00:00,1.09534,1.09652,1.09477,1.09638,3961,16,0
2021-05-25 14:00:00,1.09638,1.09844,1.09617,1.09814,3887,16,0
2021-05-25 16:00:00,1.09813,1.09826,1.09677,1.09754,6264,16,0
2021-05-25 18:00:00,1.09754,1.09772,1.09702,1.09712,3790,16,0
2021-05-25 20:00:00,1.09711,1.09727,1.09659,1.09698,1924,16,0
2021-05-25 22:00:00,1.09698,1.09698,1.09618,1.09618,1647,16,0
2021-05-26 00:00:00,1.09608,1.09703,1.09591,1.09689,797,16,0
2021-05-26 02:00:00,1.09689,1.09696,1.0964,1.09658,1581,16,0
2021-05-26 04:00:00,1.09658,1.09678,1.09608,1.09634,2285,16,0
2021-05-26 06:00:00,1.09634,1.09681,1.09632,1.09646,1406,16,0
2021-05-26 08:00:00,1.09647,1.09686,1.09596,1.09603,2484,16,0
2021-05-26 10:00:00,1.09603,1.09625,1.09503,1.09551,3290,16,0
2021-05-26 12:00:00,1.09551,1.09621,1.09467,1.09475,2583,16,0
2021-05-26 14:00:00,1.09473,1.09653,1.09469,1.09585,3660,16,0
2021-05-26 16:00:00,1.09586,1.09655,1.09492,1.09502,5354,16,0
2021-05-26 18:00:00,1.09501,1.09607,1.09464,1.09488,4156,16,0
2021-05-26 20:00:00,1.09487,1.09496,1.09438,1.09439,2156,16,0
2021-05-26 22:00:00,1.09439,1.09484,1.09383,1.09448,1708,16,0
2021-05-27 00:00:00,1.09446,1.09472,1.09385,1.09447,924,16,0
2021-05-27 02:00:00,1.09448,1.09467,1.09403,1.09446,1785,16,0
2021-05-27 04:00:00,1.09447,1.09456,1.09383,1.09385,2111,16,0
2021-05-27 06:00:00,1.09385,1.09394,1.09365,1.09375,1741,16,0
2021-05-27 08:00:00,1.09375,1.09454,1.09349,1.0945,2440,16,0
2021-05-27 10:00:00,1.0945,1.09592,1.09426,1.09465,4330,16,0
2021-05-27 12:00:00,1.09466,1.09643,1.09437,1.09585,3518,16,0
2021-05-27 14:00:00,1.09585,1.09733,1.09548,1.09663,5122,16,0
2021-05-27 16:00:00,1.09662,1.09766,1.09479,1.09556,8109,16,0
2021-05-27 18:00:00,1.09556,1.09585,1.09346,1.09395,4458,16,0
2021-05-27 20:00:00,1.09392,1.09439,1.09359,1.09417,2463,16,0
2021-05-27 22:00:00,1.09416,1.09425,1.09344,1.0935,1433,16,0
2021-05-28 00:00:00,1.09351,1.09394,1.09322,1.09382,502,17,0
2021-05-28 02:00:00,1.09384,1.09401,1.09346,1.09349,1385,16,0
2021-05-28 04:00:00,1.0935,1.09397,1.09318,1.09391,1515,16,0
2021-05-28 06:00:00,1.09391,1.09416,1.09369,1.09382,1303,16,0
2021-05-28 08:00:00,1.09382,1.09484,1.09376,1.09483,2328,16,0
2021-05-28 10:00:00,1.09483,1.09544,1.09431,1.0952,4098,16,0
2021-05-28 12:00:00,1.09521,1.09572,1.0948,1.09558,3283,16,0
2021-05-28 14:00:00,1.09557,1.09637,1.09529,1.09559,5785,16,0
2021-05-28 16:00:00,1.09559,1.0966,1.09491,1.09628,7250,16,0
2021-05-28 18:00:00,1.09628,1.09748,1.09581,1.09732,3696,16,0
2021-05-28 20:00:00,1.09734,1.09755,1.0968,1.09686,2324,16,0
2021-05-28 22:00:00,1.09685,1.0976,1.09633,1.0976,1606,16,0
2021-05-31 00:00:00,1.09586,1.09721,1.09563,1.09698,405,16,0
2021-05-31 02:00:00,1.09699,1.09725,1.09683,1.09692,1414,16,0
2021-05-31 04:00:00,1.09692,1.09703,1.09651,1.09654,2095,16,0
2021-05-31 06:00:00,1.09655,1.09683,1.09623,1.09669,1227,16,0
2021-05-31 08:00:00,1.09668,1.09722,1.09651,1.09673,1499,16,0
2021-05-31 10:00:00,1.09674,1.09896,1.09657,1.09764,3417,16,0
2021-05-31 12:00:00,1.09765,1.09769,1.09664,1.09692,2133,16,0
2021-05-31 14:00:00,1.09692,1.09825,1.09687,1.09794,1674,16,0
2021-05-31 16:00:00,1.09794,1.0998,1.09759,1.09963,2839,16,0
2021-05-31 18:00:00,1.09961,1.09965,1.09862,1.09894,2881,16,0
2021-05-31 20:00:00,1.09896,1.09913,1.09873,1.09879,2768,16,0
2021-05-31 22:00:00,1.09883,1.09902,1.09848,1.09879,504,21,0
2021-06-01 00:00:00,1.09879,1.09903,1.0984,1.09872,787,17,0
2021-06-01 02:00:00,1.09872,1.09901,1.09836,1.09875,1355,16,0
2021-06-01 04:00:00,1.09877,1.09905,1.09851,1.09854,2150,16,0
2021-06-01 06:00:00,1.09854,1.09898,1.09852,1.0987,1103,16,0
2021-06-01 08:00:00,1.0987,1.09944,1.09866,1.09899,1907,16,0
2021-06-01 10:00:00,1.099,1.09958,1.09869,1.09917,3936,16,0
2021-06-01 12:00:00,1.09916,1.10018,1.09876,1.09922,2996,16,0
2021-06-01 14:00:00,1.09923,1.09928,1.09808,1.09834,2668,16,0
2021-06-01 16:00:00,1.09834,1.09882,1.09597,1.09632,6095,16,0
2021-06-01 18:00:00,1.09632,1.09643,1.0955,1.09617,2523,16,0
2021-06-01 20:00:00,1.09618,1.09649,1.0961,1.09647,1329,16,0
2021-06-01 22:00:00,1.09647,1.09649,1.09541,1.09549,1789,16,0
2021-06-02 00:00:00,1.09547,1.096,1.09539,1.09592,503,17,0
2021-06-02 02:00:00,1.09594,1.09641,1.09587,1.09623,1300,16,0
2021-06-02 04:00:00,1.09623,1.09662,1.09606,1.09645,1685,16,0
2021-06-02 06:00:00,1.09645,1.09661,1.09612,1.09638,944,16,0
2021-06-02 08:00:00,1.09637,1.09662,1.09612,1.09632,2549,16,0
2021-06-02 10:00:00,1.09633,1.09765,1.09519,1.09686,5684,16,0
2021-06-02 12:00:00,1.09683,1.09811,1.09683,1.09794,4531,16,0
2021-06-02 14:00:00,1.09796,1.09816,1.09722,1.09777,4034,16,0
2021-06-02 16:00:00,1.09777,1.09784,1.09658,1.09669,3957,16,0
2021-06-02 18:00:00,1.09668,1.09728,1.09655,1.09694,2526,16,0
2021-06-02 20:00:00,1.09695,1.09705,1.09617,1.09639,1093,16,0
2021-06-02 22:00:00,1.09639,1.09671,1.09597,1.09599,1478,16,0
2021-06-03 00:00:00,1.09602,1.09667,1.09588,1.09663,531,16,0
2021-06-03 02:00:00,1.09662,1.09674,1.09646,1.0966,858,16,0
2021-06-03 04:00:00,1.0966,1.09676,1.09618,1.0962,1002,16,0
2021-06-03 06:00:00,1.0962,1.09659,1.09609,1.0961,691,16,0
2021-06-03 08:00:00,1.0961,1.09678,1.09601,1.09658,1856,16,0
2021-06-03 10:00:00,1.09658,1.09754,1.09647,1.09718,3738,16,0
2021-06-03 12:00:00,1.09717,1.09729,1.09627,1.09653,2836,16,0
2021-06-03 14:00:00,1.09652,1.09684,1.09505,1.09628,14203,16,0
2021-06-03 16:00:00,1.09635,1.09783,1.09585,1.09751,15369,16,0
2021-06-03 18:00:00,1.09751,1.09762,1.09642,1.09647,3565,16,0
2021-06-03 20:00:00,1.09646,1.09669,1.09609,1.09625,1557,16,0
2021-06-03 22:00:00,1.09627,1.09643,1.09546,1.09572,1591,16,0
2021-06-04 00:00:00,1.09574,1.09606,1.09522,1.09602,728,16,0
2021-06-04 02:00:00,1.09603,1.09607,1.0954,1.09598,1656,16,0
2021-06-04 04:00:00,1.09599,1.09603,1.09547,1.09572,1851,16,0
2021-06-04 06:00:00,1.09572,1.09576,1.0954,1.09569,1330,16,0
2021-06-04 08:00:00,1.09571,1.09574,1.09532,1.09557,2166,16,0
2021-06-04 10:00:00,1.09556,1.09653,1.09527,1.0953,3103,16,0
2021-06-04 12:00:00,1.0953,1.09574,1.09479,1.09525,2389,16,0
2021-06-04 14:00:00,1.09522,1.09591,1.09354,1.09424,6471,16,0
2021-06-04 16:00:00,1.09424,1.09461,1.09384,1.09394,5583,16,0
2021-06-04 18:00:00,1.09395,1.09445,1.09372,1.09392,2776,16,0
2021-06-04 20:00:00,1.09391,1.09413,1.09364,1.09383,1145,16,0
2021-06-04 22:00:00,1.09382,1.09407,1.09329,1.09366,1295,16,0
2021-06-07 00:00:00,1.09307,1.09385,1.09307,1.09373,838,16,0
2021-06-07 02:00:00,1.09372,1.09418,1.0937,1.09407,2302,16,0
2021-06-07 04:00:00,1.09407,1.09412,1.09372,1.09396,1214,16,0
2021-06-07 06:00:00,1.09395,1.09416,1.09377,1.09388,1048,16,0
2021-06-07 08:00:00,1.09388,1.09482,1.09355,1.09433,1500,16,0
2021-06-07 10:00:00,1.09433,1.0944,1.09326,1.09374,3011,16,0
2021-06-07 12:00:00,1.09375,1.09417,1.09336,1.0934,2157,16,0
2021-06-07 14:00:00,1.09341,1.09386,1.09299,1.09371,2480,16,0
2021-06-07 16:00:00,1.09372,1.09461,1.09309,1.09429,4326,16,0
2021-06-07 18:00:00,1.09429,1.09435,1.09386,1.09409,1938,16,0
2021-06-07 20:00:00,1.09409,1.09456,1.09379,1.09382,1197,16,0
2021-06-07 22:00:00,1.09383,1.09421,1.09383,1.0942,693,16,0
2021-06-08 00:00:00,1.09419,1.09433,1.09322,1.09421,878,19,0
2021-06-08 02:00:00,1.09421,1.09435,1.09396,1.09404,1937,16,0
2021-06-08 04:00:00,1.09403,1.09409,1.09334,1.09335,2076,16,0
2021-06-08 06:00:00,1.09335,1.09368,1.09326,1.09346,1222,16,0
2021-06-08 08:00:00,1.09345,1.09384,1.09339,1.09374,1228,16,0
2021-06-08 10:00:00,1.09371,1.09371,1.09194,1.09205,3058,16,0
2021-06-08 12:00:00,1.09219,1.09219,1.09127,1.09149,2749,16,0
2021-06-08 14:00:00,1.09152,1.09189,1.09098,1.09127,3052,16,0
2021-06-08 16:00:00,1.09128,1.09252,1.09117,1.09184,4500,16,0
2021-06-08 18:00:00,1.09183,1.09195,1.09136,1.09194,2171,16,0
2021-06-08 20:00:00,1.09193,1.09222,1.09159,1.0916,1187,16,0
2021-06-08 22:00:00,1.09159,1.09193,1.09144,1.09163,1267,16,0
2021-06-09 00:00:00,1.09157,1.09169,1.09146,1.09159,437,16,0
2021-06-09 02:00:00,1.09159,1.09191,1.09159,1.09178,627,16,0
2021-06-09 04:00:00,1.09179,1.09196,1.09168,1.09196,555,16,0
2021-06-09 06:00:00,1.09198,1.09198,1.09169,1.09182,545,16,0
2021-06-09 08:00:00,1.09181,1.09221,1.09151,1.09216,1124,16,0
2021-06-09 10:00:00,1.09216,1.09263,1.09183,1.09224,2374,16,0
2021-06-09 12:00:00,1.09225,1.09254,1.09155,1.09191,1998,16,0
2021-06-09 14:00:00,1.09189,1.09207,1.09099,1.09104,3073,16,0
2021-06-09 16:00:00,1.09107,1.09189,1.09042,1.09146,4939,16,0
2021-06-09 18:00:00,1.09145,1.0918,1.09101,1.09149,1664,16,0
2021-06-09 20:00:00,1.0915,1.09154,1.09071,1.09102,1271,16,0
2021-06-09 22:00:00,1.09103,1.09106,1.09045,1.09045,923,16,0
2021-06-10 00:00:00,1.09046,1.09089,1.09027,1.09082,315,19,0
2021-06-10 02:00:00,1.09082,1.09133,1.09074,1.09092,737,16,0
2021-06-10 04:00:00,1.09092,1.09096,1.09005,1.09005,1133,16,0
2021-06-10 06:00:00,1.09005,1.09013,1.08959,1.08965,444,16,0
2021-06-10 08:00:00,1.08967,1.09025,1.08955,1.09016,1132,16,0
2021-06-10 10:00:00,1.09015,1.09065,1.08969,1.09032,2656,16,0
2021-06-10 12:00:00,1.09037,1.09053,1.0898,1.08994,1534,16,0
2021-06-10 14:00:00,1.08992,1.0924,1.08992,1.09162,7546,16,0
2021-06-10 16:00:00,1.09163,1.09254,1.0897,1.09039,8582,16,0
2021-06-10 18:00:00,1.09039,1.0905,1.08934,1.08954,3116,16,0
2021-06-10 20:00:00,1.08954,1.08972,1.08902,1.08914,1494,16,0
2021-06-10 22:00:00,1.08914,1.08945,1.08892,1.08892,1448,16,0
2021-06-11 00:00:00,1.08894,1.0893,1.08886,1.08906,533,18,0
2021-06-11 02:00:00,1.08905,1.08931,1.08863,1.08916,922,16,0
2021-06-11 04:00:00,1.08917,1.08954,1.08903,1.08917,1295,16,0
2021-06-11 06:00:00,1.08916,1.08938,1.08905,1.08916,918,16,0
2021-06-11 08:00:00,1.08915,1.08954,1.08908,1.08936,1244,16,0
2021-06-11 10:00:00,1.08938,1.09011,1.08876,1.08953,3430,16,0
2021-06-11 12:00:00,1.08954,1.09007,1.08879,1.08906,1929,16,0
2021-06-11 14:00:00,1.08907,1.08913,1.08794,1.08836,2637,16,0
2021-06-11 16:00:00,1.08835,1.08897,1.08797,1.08849,4805,16,0
2021-06-11 18:00:00,1.08849,1.08887,1.08751,1.08762,2900,16,0
2021-06-11 20:00:00,1.08762,1.08806,1.08735,1.08787,872,16,0
2021-06-11 22:00:00,1.08785,1.08816,1.08692,1.08709,995,16,0
2021-06-14 00:00:00,1.0872,1.0881,1.0872,1.08764,656,17,0
2021-06-14 02:00:00,1.08764,1.08771,1.08714,1.0875,1322,16,0
2021-06-14 04:00:00,1.08751,1.08776,1.0874,1.08748,862,16,0
2021-06-14 06:00:00,1.0875,1.08779,1.08725,1.08779,876,16,0
2021-06-14 08:00:00,1.08779,1.08823,1.08748,1.08818,1393,16,0
2021-06-14 10:00:00,1.08816,1.08951,1.08812,1.08858,2949,16,0
2021-06-14 12:00:00,1.08857,1.08936,1.08839,1.08851,2256,16,0
2021-06-14 14:00:00,1.08852,1.08929,1.08828,1.08911,1834,16,0
2021-06-14 16:00:00,1.08909,1.0904,1.08896,1.09003,3135,16,0
2021-06-14 18:00:00,1.09004,1.09033,1.08981,1.09017,1739,16,0
2021-06-14 20:00:00,1.09019,1.09077,1.09008,1.09054,986,16,0
2021-06-14 22:00:00,1.09055,1.09067,1.08989,1.0899,1146,16,0
2021-06-15 00:00:00,1.0899,1.09021,1.08949,1.09012,583,16,0
2021-06-15 02:00:00,1.09014,1.09018,1.08987,1.09,754,16,0
2021-06-15 04:00:00,1.09,1.0908,1.08991,1.09047,1249,16,0
2021-06-15 06:00:00,1.09047,1.09055,1.09031,1.09048,395,16,0
2021-06-15 08:00:00,1.09048,1.09077,1.08972,1.08989,1552,16,0
2021-06-15 10:00:00,1.08989,1.0907,1.08864,1.08896,2453,16,0
2021-06-15 12:00:00,1.08896,1.0896,1.08888,1.08936,2069,16,0
2021-06-15 14:00:00,1.08934,1.0903,1.0893,1.08989,2942,16,0
2021-06-15 16:00:00,1.08988,1.09032,1.08921,1.08942,3881,16,0
2021-06-15 18:00:00,1.08942,1.08963,1.08894,1.08958,1532,16,0
2021-06-15 20:00:00,1.08959,1.0896,1.08875,1.08927,1000,16,0
2021-06-15 22:00:00,1.08926,1.08944,1.08856,1.08856,876,16,0
2021-06-16 00:00:00,1.08856,1.08941,1.08856,1.08937,388,20,0
2021-06-16 02:00:00,1.08936,1.08955,1.08916,1.08931,808,16,0
2021-06-16 04:00:00,1.08929,1.08965,1.08912,1.08961,901,16,0
2021-06-16 06:00:00,1.08961,1.08983,1.08952,1.08983,513,16,0
2021-06-16 08:00:00,1.08981,1.09008,1.08941,1.08952,1173,16,0
2021-06-16 10:00:00,1.08953,1.08976,1.08892,1.08932,2234,16,0
2021-06-16 12:00:00,1.08932,1.08994,1.08925,1.08957,1452,16,0
2021-06-16 14:00:00,1.08956,1.09005,1.08916,1.08999,2093,16,0
2021-06-16 16:00:00,1.08998,1.09115,1.08925,1.08937,3001,16,0
2021-06-16 18:00:00,1.08938,1.08955,1.0889,1.08909,2026,16,0
2021-06-16 20:00:00,1.08909,1.08955,1.08838,1.08903,10030,16,0
2021-06-16 22:00:00,1.08903,1.09038,1.08858,1.08964,5378,16,0
2021-06-17 00:00:00,1.08964,1.09002,1.08918,1.08997,1120,16,0
2021-06-17 02:00:00,1.08997,1.09001,1.08924,1.08963,1901,16,0
2021-06-17 04:00:00,1.08964,1.08971,1.08892,1.08957,2566,16,0
2021-06-17 06:00:00,1.08958,1.09007,1.08956,1.08998,679,16,0
2021-06-17 08:00:00,1.08999,1.09107,1.08925,1.09096,3275,16,0
2021-06-17 10:00:00,1.09097,1.09179,1.08991,1.09148,6011,16,0
2021-06-17 12:00:00,1.09147,1.09313,1.09136,1.09156,3758,16,0
2021-06-17 14:00:00,1.09157,1.09265,1.09152,1.09166,4180,16,0
2021-06-17 16:00:00,1.09167,1.09294,1.09132,1.09266,6544,16,0
2021-06-17 18:00:00,1.09267,1.09302,1.09219,1.09274,4263,16,0
2021-06-17 20:00:00,1.09273,1.09303,1.0924,1.09254,2539,16,0
2021-06-17 22:00:00,1.09254,1.09308,1.09209,1.09277,1792,16,0
2021-06-18 00:00:00,1.09275,1.093,1.09132,1.09286,583,20,0
2021-06-18 02:00:00,1.09288,1.09341,1.09283,1.09336,1853,16,0
2021-06-18 04:00:00,1.09337,1.09339,1.09285,1.09314,1470,16,0
2021-06-18 06:00:00,1.09315,1.09335,1.09284,1.09319,837,16,0
2021-06-18 08:00:00,1.09319,1.09338,1.09238,1.09261,2700,16,0
2021-06-18 10:00:00,1.0926,1.09484,1.09203,1.09425,3894,16,0
2021-06-18 12:00:00,1.09423,1.09515,1.09386,1.09483,2725,16,0
2021-06-18 14:00:00,1.09484,1.09524,1.09331,1.09382,4778,16,0
2021-06-18 16:00:00,1.09384,1.09467,1.09324,1.094,7891,16,0
2021-06-18 18:00:00,1.09399,1.09453,1.09329,1.09429,3444,16,0
2021-06-18 20:00:00,1.09429,1.09459,1.09373,1.09425,1619,16,0
2021-06-18 22:00:00,1.09425,1.09533,1.09408,1.0947,2125,16,0
2021-06-21 00:00:00,1.09342,1.09504,1.09339,1.09484,707,16,0
2021-06-21 02:00:00,1.09485,1.09511,1.09451,1.09457,1607,16,0
2021-06-21 04:00:00,1.09457,1.09461,1.09406,1.09419,2148,16,0
2021-06-21 06:00:00,1.09419,1.09499,1.09331,1.09486,2073,16,0
2021-06-21 08:00:00,1.09484,1.09527,1.09423,1.09452,2472,16,0
2021-06-21 10:00:00,1.09451,1.09568,1.09431,1.09522,4662,16,0
2021-06-21 12:00:00,1.0952,1.09632,1.09495,1.09554,2709,16,0
2021-06-21 14:00:00,1.09554,1.09576,1.09485,1.09517,2896,16,0
2021-06-21 16:00:00,1.09517,1.09598,1.0935,1.094,5214,16,0
2021-06-21 18:00:00,1.09401,1.09434,1.0937,1.09412,2503,16,0
2021-06-21 20:00:00,1.09412,1.09421,1.09369,1.09369,1552,16,0
2021-06-21 22:00:00,1.09371,1.09398,1.09328,1.09328,1203,16,0
2021-06-22 00:00:00,1.09329,1.09402,1.09324,1.09392,418,17,0
2021-06-22 02:00:00,1.09392,1.09441,1.09374,1.09426,1090,16,0
2021-06-22 04:00:00,1.09424,1.09488,1.09408,1.09482,1886,16,0
2021-06-22 06:00:00,1.09481,1.09482,1.09448,1.0946,1010,16,0
2021-06-22 08:00:00,1.09461,1.09518,1.09421,1.09449,2038,16,0
2021-06-22 10:00:00,1.0945,1.09481,1.09389,1.09433,3190,16,0
2021-06-22 12:00:00,1.09434,1.0949,1.09372,1.09438,2433,16,0
2021-06-22 14:00:00,1.09438,1.09463,1.0938,1.09458,2319,16,0
2021-06-22 16:00:00,1.09457,1.0953,1.09435,1.09518,5299,16,0
2021-06-22 18:00:00,1.09519,1.09668,1.09506,1.09621,2904,16,0
2021-06-22 20:00:00,1.09621,1.09637,1.09576,1.09611,1693,16,0
2021-06-22 22:00:00,1.09611,1.09664,1.09563,1.09566,1623,16,0
2021-06-23 00:00:00,1.09536,1.09662,1.09536,1.09643,479,16,0
2021-06-23 02:00:00,1.09643,1.09673,1.09635,1.09643,1590,16,0
2021-06-23 04:00:00,1.09644,1.09671,1.09627,1.09645,1243,16,0
2021-06-23 06:00:00,1.09644,1.0966,1.09607,1.09616,607,16,0
2021-06-23 08:00:00,1.09616,1.09662,1.09523,1.09529,1553,16,0
2021-06-23 10:00:00,1.09529,1.09638,1.09484,1.09614,3608,16,0
2021-06-23 12:00:00,1.09614,1.09669,1.09593,1.09665,1906,16,0
2021-06-23 14:00:00,1.09664,1.0967,1.09556,1.09598,2379,16,0
2021-06-23 16:00:00,1.09598,1.09625,1.09524,1.09526,4449,16,0
2021-06-23 18:00:00,1.09526,1.09628,1.09518,1.09613,2472,16,0
2021-06-23 20:00:00,1.09613,1.09617,1.09533,1.09538,1346,16,0
2021-06-23 22:00:00,1.09539,1.09565,1.09486,1.09527,1600,16,0
2021-06-24 00:00:00,1.0955,1.0955,1.09482,1.09539,391,17,0
2021-06-24 02:00:00,1.0954,1.09599,1.09513,1.09558,1976,16,0
2021-06-24 04:00:00,1.09559,1.09632,1.09547,1.09621,2873,16,0
2021-06-24 06:00:00,1.09621,1.0963,1.09595,1.09617,1239,16,0
2021-06-24 08:00:00,1.09618,1.09627,1.09574,1.09598,2615,16,0
2021-06-24 10:00:00,1.09597,1.09756,1.09597,1.09691,3874,16,0
2021-06-24 12:00:00,1.09692,1.09728,1.09653,1.09689,2433,16,0
2021-06-24 14:00:00,1.09689,1.09709,1.09646,1.09691,3853,16,0
2021-06-24 16:00:00,1.09691,1.097,1.09574,1.09607,3880,16,0
2021-06-24 18:00:00,1.09608,1.09613,1.09544,1.09552,2118,16,0
2021-06-24 20:00:00,1.09551,1.09564,1.09517,1.0955,1472,16,0
2021-06-24 22:00:00,1.09551,1.09573,1.09512,1.09518,1493,16,0
2021-06-25 00:00:00,1.09521,1.09523,1.09501,1.09516,371,18,0
2021-06-25 02:00:00,1.09518,1.09533,1.09498,1.09517,1604,16,0
2021-06-25 04:00:00,1.09517,1.0956,1.09515,1.09555,1008,16,0
2021-06-25 06:00:00,1.09555,1.09561,1.09531,1.09551,601,16,0
2021-06-25 08:00:00,1.0955,1.09601,1.09542,1.09577,1410,16,0
2021-06-25 10:00:00,1.09577,1.09633,1.09482,1.09484,2349,16,0
2021-06-25 12:00:00,1.09484,1.09516,1.09451,1.09509,1965,16,0
2021-06-25 14:00:00,1.09507,1.09568,1.09488,1.09557,3412,16,0
2021-06-25 16:00:00,1.09558,1.09566,1.09415,1.09483,4545,16,0
2021-06-25 18:00:00,1.09484,1.09556,1.09472,1.09492,2008,16,0
2021-06-25 20:00:00,1.09492,1.09517,1.0947,1.09507,749,16,0
2021-06-25 22:00:00,1.09505,1.09505,1.09408,1.09423,1220,16,0
2021-06-28 00:00:00,1.09493,1.09512,1.09439,1.09457,508,19,0
2021-06-28 02:00:00,1.09459,1.09502,1.09445,1.09497,1458,16,0
2021-06-28 04:00:00,1.09492,1.09553,1.09481,1.09521,1592,16,0
2021-06-28 06:00:00,1.0952,1.09537,1.09489,1.09513,634,16,0
2021-06-28 08:00:00,1.09513,1.09552,1.09502,1.09529,1387,16,0
2021-06-28 10:00:00,1.09528,1.09614,1.09528,1.09603,3001,16,0
2021-06-28 12:00:00,1.09604,1.09641,1.09543,1.09607,1821,16,0
2021-06-28 14:00:00,1.09606,1.09693,1.09575,1.09668,2580,16,0
2021-06-28 16:00:00,1.09667,1.09674,1.09592,1.09627,3827,16,0
2021-06-28 18:00:00,1.09628,1.09686,1.09598,1.09608,2073,16,0
2021-06-28 20:00:00,1.09608,1.09659,1.096,1.09656,1488,16,0
2021-06-28 22:00:00,1.09654,1.09684,1.09584,1.09584,1073,16,0
2021-06-29 00:00:00,1.09579,1.09691,1.09579,1.09666,540,20,0
2021-06-29 02:00:00,1.09672,1.09714,1.09669,1.09684,1251,16,0
2021-06-29 04:00:00,1.09684,1.09702,1.09622,1.09629,1266,16,0
2021-06-29 06:00:00,1.09629,1.0965,1.09603,1.09607,820,16,0
2021-06-29 08:00:00,1.09606,1.09654,1.09554,1.09558,1530,16,0
2021-06-29 10:00:00,1.09558,1.09639,1.09556,1.09612,2907,16,0
2021-06-29 12:00:00,1.09612,1.09639,1.09554,1.09625,2530,16,0
2021-06-29 14:00:00,1.09624,1.09693,1.09604,1.09645,3487,16,0
2021-06-29 16:00:00,1.09646,1.09687,1.09544,1.09602,5020,16,0
2021-06-29 18:00:00,1.09605,1.09621,1.09513,1.09537,2279,16,0
2021-06-29 20:00:00,1.09538,1.09609,1.09527,1.09603,1144,16,0
2021-06-29 22:00:00,1.09603,1.09613,1.09548,1.09548,1209,16,0
2021-06-30 00:00:00,1.09532,1.09596,1.09532,1.09591,372,17,0
2021-06-30 02:00:00,1.09591,1.0963,1.0957,1.09611,1125,16,0
2021-06-30 04:00:00,1.09611,1.09635,1.09595,1.09623,1005,16,0
2021-06-30 06:00:00,1.09622,1.09655,1.09621,1.09644,760,16,0
2021-06-30 08:00:00,1.09645,1.09689,1.09622,1.09648,1522,16,0
2021-06-30 10:00:00,1.09648,1.09733,1.09635,1.09696,2748,16,0
2021-06-30 12:00:00,1.09696,1.09726,1.09655,1.09714,2128,16,0
2021-06-30 14:00:00,1.09717,1.09809,1.09701,1.09798,3091,16,0
2021-06-30 16:00:00,1.09799,1.09807,1.09573,1.09601,6086,16,0
2021-06-30 18:00:00,1.09599,1.09674,1.09594,1.09646,3820,16,0
2021-06-30 20:00:00,1.09644,1.09727,1.0964,1.09707,1699,16,0
2021-06-30 22:00:00,1.09705,1.0973,1.09605,1.0966,1844,16,0
2021-07-01 00:00:00,1.09667,1.09703,1.09606,1.09703,661,18,0
2021-07-01 02:00:00,1.09703,1.09725,1.09652,1.09675,1251,16,0
2021-07-01 04:00:00,1.09677,1.09713,1.09677,1.09688,1536,16,0
2021-07-01 06:00:00,1.09689,1.09704,1.0966,1.09686,687,16,0
2021-07-01 08:00:00,1.09686,1.09691,1.09603,1.09666,2298,16,0
2021-07-01 10:00:00,1.09668,1.09785,1.09652,1.09751,4624,16,0
2021-07-01 12:00:00,1.0975,1.09779,1.09686,1.09761,2888,16,0
2021-07-01 14:00:00,1.09761,1.0986,1.09756,1.0977,3704,16,0
2021-07-01 16:00:00,1.0977,1.0978,1.09684,1.09713,5945,16,0
2021-07-01 18:00:00,1.09714,1.09731,1.09639,1.0969,3614,16,0
2021-07-01 20:00:00,1.09689,1.09702,1.09663,1.09698,1617,16,0
2021-07-01 22:00:00,1.09697,1.09697,1.09644,1.09685,1454,16,0
2021-07-02 00:00:00,1.09681,1.09708,1.09631,1.09677,588,16,0
2021-07-02 02:00:00,1.09677,1.09684,1.09644,1.09648,812,16,0
2021-07-02 04:00:00,1.09647,1.09718,1.09635,1.09692,1212,16,0
2021-07-02 06:00:00,1.09693,1.09704,1.09664,1.09695,652,16,0
2021-07-02 08:00:00,1.09694,1.09694,1.09631,1.09653,1552,16,0
2021-07-02 10:00:00,1.09654,1.09662,1.09526,1.09529,3298,16,0
2021-07-02 12:00:00,1.09529,1.09627,1.09394,1.09429,2516,16,0
2021-07-02 14:00:00,1.09428,1.09488,1.09359,1.0936,5899,16,0
2021-07-02 16:00:00,1.09361,1.09498,1.0934,1.09364,8108,16,0
2021-07-02 18:00:00,1.09363,1.09375,1.09247,1.09257,2527,16,0
2021-07-02 20:00:00,1.09254,1.09297,1.09219,1.09255,1674,16,0
2021-07-02 22:00:00,1.09255,1.09257,1.09199,1.09199,1169,16,0
2021-07-05 00:00:00,1.09247,1.09302,1.09228,1.09276,614,18,0
2021-07-05 02:00:00,1.09278,1.09334,1.09269,1.09325,1311,16,0
2021-07-05 04:00:00,1.09326,1.09336,1.09282,1.09331,980,16,0
2021-07-05 06:00:00,1.0933,1.09346,1.09319,1.09338,423,16,0
2021-07-05 08:00:00,1.09338,1.09392,1.09307,1.09379,1127,16,0
2021-07-05 10:00:00,1.09383,1.09435,1.09364,1.09396,2686,16,0
2021-07-05 12:00:00,1.09396,1.0942,1.09339,1.09345,1935,16,0
2021-07-05 14:00:00,1.09344,1.09383,1.09308,1.09322,1651,16,0
2021-07-05 16:00:00,1.09321,1.09411,1.09318,1.09354,1834,16,0
2021-07-05 18:00:00,1.09356,1.09428,1.09346,1.09407,1536,16,0
2021-07-05 20:00:00,1.09405,1.09437,1.09382,1.0941,4864,16,0
2021-07-05 22:00:00,1.09411,1.09451,1.09377,1.09389,4702,22,0
2021-07-06 00:00:00,1.09325,1.09418,1.09325,1.09376,533,21,0
2021-07-06 02:00:00,1.09375,1.09419,1.09327,1.09352,1222,16,0
2021-07-06 04:00:00,1.0935,1.09413,1.09328,1.09329,1599,16,0
2021-07-06 06:00:00,1.09329,1.09365,1.09306,1.09349,1073,16,0
2021-07-06 08:00:00,1.09351,1.09435,1.09331,1.09428,2085,16,0
2021-07-06 10:00:00,1.09425,1.09446,1.09341,1.0937,4019,16,0
2021-07-06 12:00:00,1.09372,1.09405,1.09261,1.09265,3299,16,0
2021-07-06 14:00:00,1.09264,1.09321,1.09243,1.09315,2863,16,0
2021-07-06 16:00:00,1.09316,1.09331,1.09214,1.09263,7371,16,0
2021-07-06 18:00:00,1.09266,1.09297,1.0921,1.09259,4519,16,0
2021-07-06 20:00:00,1.0926,1.09338,1.0926,1.09334,1807,16,0
2021-07-06 22:00:00,1.09335,1.09337,1.09225,1.09226,1584,16,0
2021-07-07 00:00:00,1.09199,1.09318,1.09192,1.09287,339,17,0
2021-07-07 02:00:00,1.09283,1.09335,1.09249,1.09275,1865,16,0
2021-07-07 04:00:00,1.09275,1.09301,1.09221,1.09225,1395,16,0
2021-07-07 06:00:00,1.09226,1.09252,1.09195,1.09209,682,16,0
2021-07-07 08:00:00,1.09209,1.09259,1.09207,1.09231,1995,16,0
2021-07-07 10:00:00,1.09231,1.09233,1.091,1.09156,3703,16,0
2021-07-07 12:00:00,1.09154,1.09191,1.09137,1.09181,2665,16,0
2021-07-07 14:00:00,1.09182,1.09213,1.09137,1.09171,3814,16,0
2021-07-07 16:00:00,1.09172,1.09243,1.09107,1.09181,5917,16,0
2021-07-07 18:00:00,1.09184,1.09219,1.09168,1.09211,3309,16,0
2021-07-07 20:00:00,1.09211,1.09241,1.09189,1.09201,3250,16,0
2021-07-07 22:00:00,1.09201,1.09205,1.09104,1.09104,2163,16,0
2021-07-08 00:00:00,1.09094,1.09161,1.09075,1.09153,591,16,0
2021-07-08 02:00:00,1.09157,1.09165,1.09137,1.09161,843,16,0
2021-07-08 04:00:00,1.09163,1.09164,1.09111,1.09131,1347,16,0
2021-07-08 06:00:00,1.09131,1.09152,1.09105,1.09145,793,16,0
2021-07-08 08:00:00,1.09146,1.09159,1.0908,1.09097,2328,16,0
2021-07-08 10:00:00,1.09096,1.09115,1.08375,1.08482,7321,16,0
2021-07-08 12:00:00,1.08482,1.08593,1.08466,1.08593,4514,16,0
2021-07-08 14:00:00,1.08593,1.08653,1.08442,1.08562,5456,16,0
2021-07-08 16:00:00,1.08562,1.08574,1.08299,1.08325,7309,16,0
2021-07-08 18:00:00,1.08324,1.08428,1.08237,1.08427,4223,16,0
2021-07-08 20:00:00,1.08426,1.08469,1.08405,1.0842,2165,16,0
2021-07-08 22:00:00,1.0842,1.08459,1.08346,1.08366,1521,16,0
2021-07-09 00:00:00,1.08344,1.08383,1.08334,1.0837,558,16,0
2021-07-09 02:00:00,1.08369,1.08406,1.08342,1.08373,1710,16,0
2021-07-09 04:00:00,1.08371,1.08393,1.08334,1.08383,1368,16,0
2021-07-09 06:00:00,1.08383,1.08394,1.08308,1.08344,1161,16,0
2021-07-09 08:00:00,1.08344,1.0849,1.08344,1.08387,2121,16,0
2021-07-09 10:00:00,1.08386,1.08437,1.08313,1.08331,3465,16,0
2021-07-09 12:00:00,1.08331,1.08479,1.08321,1.08435,2494,16,0
2021-07-09 14:00:00,1.08435,1.08547,1.08421,1.0854,2782,16,0
2021-07-09 16:00:00,1.08539,1.08673,1.08524,1.08539,4473,16,0
2021-07-09 18:00:00,1.08539,1.08576,1.08519,1.08563,2358,16,0
2021-07-09 20:00:00,1.08561,1.08613,1.08548,1.08555,967,16,0
2021-07-09 22:00:00,1.08555,1.08567,1.08502,1.08525,1614,16,0
2021-07-12 00:00:00,1.08525,1.08572,1.08501,1.08566,947,16,0
2021-07-12 02:00:00,1.08566,1.08569,1.08494,1.08535,1078,16,0
2021-07-12 04:00:00,1.08535,1.08573,1.08488,1.08547,1376,16,0
2021-07-12 06:00:00,1.08547,1.08564,1.08522,1.08536,801,16,0
2021-07-12 08:00:00,1.08536,1.08569,1.08521,1.08541,1511,16,0
2021-07-12 10:00:00,1.08541,1.08602,1.08457,1.08549,3337,16,0
2021-07-12 12:00:00,1.0855,1.08615,1.08501,1.0853,2818,16,0
2021-07-12 14:00:00,1.08531,1.0857,1.0846,1.08461,2688,16,0
2021-07-12 16:00:00,1.0846,1.08616,1.08441,1.08558,4218,16,0
2021-07-12 18:00:00,1.08558,1.08614,1.08527,1.0854,1935,16,0
2021-07-12 20:00:00,1.0854,1.08582,1.08514,1.08546,1190,16,0
2021-07-12 22:00:00,1.08547,1.08548,1.08502,1.08502,1142,16,0
2021-07-13 00:00:00,1.08518,1.08548,1.08504,1.08545,436,17,0
2021-07-13 02:00:00,1.08544,1.08571,1.08523,1.08524,735,16,0
2021-07-13 04:00:00,1.08526,1.08569,1.08509,1.08564,1234,16,0
2021-07-13 06:00:00,1.08562,1.08571,1.08519,1.08526,860,16,0
2021-07-13 08:00:00,1.08526,1.08543,1.08468,1.08509,1490,16,0
2021-07-13 10:00:00,1.08509,1.08564,1.08463,1.08482,2632,16,0
2021-07-13 12:00:00,1.08482,1.08512,1.08449,1.08474,1973,16,0
2021-07-13 14:00:00,1.08474,1.0862,1.08461,1.08495,7210,16,0
2021-07-13 16:00:00,1.08495,1.08513,1.08283,1.08311,6581,16,0
2021-07-13 18:00:00,1.08313,1.08329,1.08237,1.08252,2247,16,0
2021-07-13 20:00:00,1.0825,1.08285,1.08186,1.08242,2268,16,0
2021-07-13 22:00:00,1.08242,1.08242,1.08167,1.08167,1511,16,0
2021-07-14 00:00:00,1.08167,1.08214,1.08127,1.08191,443,16,0
2021-07-14 02:00:00,1.08189,1.08225,1.08183,1.08209,1121,16,0
2021-07-14 04:00:00,1.0821,1.08215,1.08177,1.0821,1853,16,0
2021-07-14 06:00:00,1.08209,1.08218,1.08182,1.08204,710,16,0
2021-07-14 08:00:00,1.08204,1.08281,1.08189,1.08273,1792,16,0
2021-07-14 10:00:00,1.08274,1.08314,1.08181,1.08299,3441,16,0
2021-07-14 12:00:00,1.083,1.08507,1.08272,1.0845,2663,16,0
2021-07-14 14:00:00,1.08449,1.08489,1.08355,1.08371,4736,16,0
2021-07-14 16:00:00,1.08372,1.08379,1.08232,1.08263,6146,16,0
2021-07-14 18:00:00,1.08263,1.08299,1.08201,1.08205,2251,16,0
2021-07-14 20:00:00,1.08205,1.08241,1.08197,1.08199,1019,16,0
2021-07-14 22:00:00,1.082,1.08237,1.08199,1.08221,975,16,0
2021-07-15 00:00:00,1.0825,1.0825,1.08139,1.08212,655,60,0
2021-07-15 02:00:00,1.08213,1.08225,1.08184,1.08211,1285,16,0
2021-07-15 04:00:00,1.08212,1.08235,1.08192,1.08202,1179,16,0
2021-07-15 06:00:00,1.08203,1.08209,1.08192,1.08196,500,16,0
2021-07-15 08:00:00,1.08197,1.08216,1.08189,1.08196,1822,16,0
2021-07-15 10:00:00,1.08195,1.08249,1.08039,1.08089,3014,16,0
2021-07-15 12:00:00,1.08089,1.08169,1.08039,1.08164,3041,16,0
2021-07-15 14:00:00,1.08164,1.0837,1.08153,1.08361,4331,16,0
2021-07-15 16:00:00,1.08361,1.08473,1.08291,1.08465,4604,16,0
2021-07-15 18:00:00,1.08466,1.08478,1.08433,1.0845,1815,16,0
2021-07-15 20:00:00,1.08452,1.08456,1.0839,1.08392,1689,16,0
2021-07-15 22:00:00,1.08392,1.08422,1.08384,1.08392,1310,16,0
2021-07-16 00:00:00,1.08394,1.08412,1.08328,1.08411,475,17,0
2021-07-16 02:00:00,1.0841,1.08441,1.08382,1.08431,1680,16,0
2021-07-16 04:00:00,1.08431,1.08483,1.08416,1.0848,1235,16,0
2021-07-16 06:00:00,1.08481,1.08485,1.08446,1.08466,799,16,0
2021-07-16 08:00:00,1.08463,1.08477,1.08416,1.08474,1334,16,0
2021-07-16 10:00:00,1.08475,1.0864,1.08441,1.0863,3149,16,0
2021-07-16 12:00:00,1.08628,1.08629,1.08503,1.08572,2336,16,0
2021-07-16 14:00:00,1.08572,1.08572,1.08475,1.08564,3397,16,0
2021-07-16 16:00:00,1.08563,1.08567,1.0845,1.08539,3711,16,0
2021-07-16 18:00:00,1.08539,1.08596,1.08525,1.08566,1668,16,0
2021-07-16 20:00:00,1.08564,1.08624,1.08549,1.08595,1178,16,0
2021-07-16 22:00:00,1.08595,1.086,1.08524,1.08535,1132,16,0
2021-07-19 00:00:00,1.08522,1.08592,1.08478,1.08542,473,20,0
2021-07-19 02:00:00,1.08543,1.08554,1.08489,1.085,1985,16,0
2021-07-19 04:00:00,1.08499,1.08537,1.08491,1.08502,1224,16,0
2021-07-19 06:00:00,1.08501,1.08521,1.08497,1.08508,553,16,0
2021-07-19 08:00:00,1.08509,1.08599,1.08504,1.08588,1239,16,0
2021-07-19 10:00:00,1.08587,1.08623,1.08416,1.08459,4763,16,0
2021-07-19 12:00:00,1.08457,1.08518,1.08429,1.08461,3416,16,0
2021-07-19 14:00:00,1.08461,1.08465,1.08297,1.08307,4374,16,0
2021-07-19 16:00:00,1.08309,1.08424,1.08281,1.08369,7089,16,0
2021-07-19 18:00:00,1.08369,1.08418,1.08252,1.08282,3883,16,0
2021-07-19 20:00:00,1.08281,1.08321,1.08264,1.08278,2283,16,0
2021-07-19 22:00:00,1.08278,1.08318,1.08263,1.08294,1810,16,0
2021-07-20 00:00:00,1.08248,1.08333,1.08248,1.08314,540,19,0
2021-07-20 02:00:00,1.08314,1.08346,1.08297,1.0833,1111,16,0
2021-07-20 04:00:00,1.0833,1.0835,1.08304,1.08333,1041,16,0
2021-07-20 06:00:00,1.08333,1.08333,1.08231,1.0827,1127,16,0
2021-07-20 08:00:00,1.0827,1.08331,1.08207,1.0822,1911,16,0
2021-07-20 10:00:00,1.08219,1.08329,1.08209,1.08244,4153,16,0
2021-07-20 12:00:00,1.08243,1.08328,1.08239,1.08322,3369,16,0
2021-07-20 14:00:00,1.08322,1.08472,1.08305,1.08397,4762,16,0
2021-07-20 16:00:00,1.08398,1.08547,1.08358,1.08526,6601,16,0
2021-07-20 18:00:00,1.08528,1.08571,1.0848,1.08559,2502,16,0
2021-07-20 20:00:00,1.0856,1.08571,1.08517,1.08519,1720,16,0
2021-07-20 22:00:00,1.08519,1.08552,1.085,1.085,1048,16,0
2021-07-21 00:00:00,1.08495,1.08538,1.0844,1.08522,407,22,0
2021-07-21 02:00:00,1.08522,1.08536,1.08508,1.08532,1251,16,0
2021-07-21 04:00:00,1.08532,1.08535,1.08472,1.08489,1074,16,0
2021-07-21 06:00:00,1.0849,1.08498,1.08445,1.08448,610,16,0
2021-07-21 08:00:00,1.08448,1.0847,1.08418,1.08443,1652,16,0
2021-07-21 10:00:00,1.08442,1.08527,1.08417,1.08485,3964,16,0
2021-07-21 12:00:00,1.08486,1.08569,1.08477,1.08525,2284,16,0
2021-07-21 14:00:00,1.08524,1.08533,1.08429,1.08459,2649,16,0
2021-07-21 16:00:00,1.08457,1.0848,1.08297,1.08316,3899,16,0
2021-07-21 18:00:00,1.08317,1.08344,1.08276,1.08299,2150,16,0
2021-07-21 20:00:00,1.08299,1.08305,1.08231,1.08231,1238,16,0
2021-07-21 22:00:00,1.08231,1.0826,1.08193,1.08193,1314,16,0
2021-07-22 00:00:00,1.08187,1.08249,1.08165,1.08202,480,18,0
2021-07-22 02:00:00,1.08201,1.08219,1.08195,1.08206,1001,16,0
2021-07-22 04:00:00,1.08206,1.08234,1.0817,1.08194,922,16,0
2021-07-22 06:00:00,1.08193,1.08234,1.08187,1.08219,555,16,0
2021-07-22 08:00:00,1.08222,1.08236,1.08171,1.08186,1403,16,0
2021-07-22 10:00:00,1.08186,1.08291,1.08125,1.08255,3446,16,0
2021-07-22 12:00:00,1.08256,1.08317,1.08196,1.0831,2221,16,0
2021-07-22 14:00:00,1.08309,1.08373,1.08203,1.08262,7272,16,0
2021-07-22 16:00:00,1.08262,1.08402,1.08226,1.08284,5804,16,0
2021-07-22 18:00:00,1.08286,1.08288,1.08158,1.0818,2843,16,0
2021-07-22 20:00:00,1.0818,1.08202,1.08159,1.08177,1477,16,0
2021-07-22 22:00:00,1.08178,1.08211,1.08115,1.08118,1566,16,0
2021-07-23 00:00:00,1.08123,1.08215,1.08112,1.08189,1104,18,0
2021-07-23 02:00:00,1.08189,1.08227,1.08185,1.08208,615,16,0
2021-07-23 04:00:00,1.08208,1.08284,1.08204,1.08271,871,16,0
2021-07-23 06:00:00,1.0827,1.08293,1.08242,1.08251,941,16,0
2021-07-23 08:00:00,1.08252,1.08332,1.08252,1.08287,1246,16,0
2021-07-23 10:00:00,1.08287,1.08387,1.08245,1.08374,3437,16,0
2021-07-23 12:00:00,1.08374,1.08382,1.08321,1.08374,2368,16,0
2021-07-23 14:00:00,1.08373,1.08404,1.08349,1.08361,2387,16,0
2021-07-23 16:00:00,1.08362,1.08365,1.08259,1.08288,3275,16,0
2021-07-23 18:00:00,1.08289,1.0834,1.08253,1.08322,1586,16,0
2021-07-23 20:00:00,1.08322,1.08331,1.08286,1.08312,571,16,0
2021-07-23 22:00:00,1.08314,1.08314,1.08194,1.08198,909,17,0
2021-07-26 00:00:00,1.08232,1.08279,1.08199,1.08254,546,16,0
2021-07-26 02:00:00,1.08253,1.08281,1.08233,1.08241,1189,16,0
2021-07-26 04:00:00,1.08243,1.08261,1.082,1.08202,1457,16,0
2021-07-26 06:00:00,1.08202,1.08222,1.08194,1.08204,664,16,0
2021-07-26 08:00:00,1.08203,1.08234,1.08172,1.08186,1691,16,0
2021-07-26 10:00:00,1.08186,1.08219,1.08131,1.08201,4168,16,0
2021-07-26 12:00:00,1.08201,1.08287,1.08198,1.08252,2041,16,0
2021-07-26 14:00:00,1.08253,1.08312,1.08206,1.08307,2142,16,0
2021-07-26 16:00:00,1.08307,1.08312,1.08172,1.08177,4133,16,0
2021-07-26 18:00:00,1.08177,1.08188,1.08111,1.08127,1619,16,0
2021-07-26 20:00:00,1.08128,1.08133,1.0806,1.08089,1039,16,0
2021-07-26 22:00:00,1.0809,1.08094,1.08056,1.08075,1058,16,0
2021-07-27 00:00:00,1.08073,1.08078,1.08045,1.08075,791,16,0
2021-07-27 02:00:00,1.08075,1.08091,1.08041,1.08061,1187,16,0
2021-07-27 04:00:00,1.08061,1.08115,1.08054,1.08094,1484,16,0
2021-07-27 06:00:00,1.08093,1.08137,1.0808,1.08087,846,16,0
2021-07-27 08:00:00,1.08087,1.08114,1.08042,1.08046,1424,16,0
2021-07-27 10:00:00,1.08045,1.08095,1.07966,1.08017,3375,16,0
2021-07-27 12:00:00,1.08016,1.08207,1.07992,1.08104,2791,16,0
2021-07-27 14:00:00,1.08106,1.08111,1.08023,1.08043,3138,16,0
2021-07-27 16:00:00,1.08044,1.08138,1.08026,1.08089,5004,16,0
2021-07-27 18:00:00,1.08091,1.08123,1.08041,1.0809,2640,16,0
2021-07-27 20:00:00,1.08089,1.0811,1.08071,1.08071,1571,16,0
2021-07-27 22:00:00,1.08074,1.08089,1.0803,1.0803,1198,16,0
2021-07-28 00:00:00,1.0803,1.08068,1.07956,1.08053,390,17,0
2021-07-28 02:00:00,1.08052,1.08124,1.08051,1.08115,1313,16,0
2021-07-28 04:00:00,1.08115,1.08139,1.081,1.08129,1038,16,0
2021-07-28 06:00:00,1.08132,1.08153,1.08106,1.0814,685,16,0
2021-07-28 08:00:00,1.08139,1.08155,1.0809,1.08095,1307,16,0
2021-07-28 10:00:00,1.08096,1.08101,1.07997,1.0803,2322,16,0
2021-07-28 12:00:00,1.08031,1.08076,1.07941,1.07952,1803,16,0
2021-07-28 14:00:00,1.07953,1.08067,1.07945,1.08051,2503,16,0
2021-07-28 16:00:00,1.08052,1.08066,1.07855,1.07873,3283,16,0
2021-07-28 18:00:00,1.07874,1.07894,1.07847,1.07857,1937,16,0
2021-07-28 20:00:00,1.07856,1.07884,1.07789,1.07841,7242,16,0
2021-07-28 22:00:00,1.07843,1.07861,1.07762,1.07788,2592,16,0
2021-07-29 00:00:00,1.07784,1.07798,1.07754,1.07772,462,16,0
2021-07-29 02:00:00,1.07769,1.0778,1.07722,1.0775,1304,16,0
2021-07-29 04:00:00,1.07751,1.07807,1.0773,1.07777,1406,16,0
2021-07-29 06:00:00,1.07777,1.07794,1.07749,1.07768,722,16,0
2021-07-29 08:00:00,1.07769,1.07795,1.07732,1.07781,1643,16,0
2021-07-29 10:00:00,1.07782,1.07863,1.07764,1.07842,2717,16,0
2021-07-29 12:00:00,1.07842,1.0793,1.07837,1.07923,1656,16,0
2021-07-29 14:00:00,1.07923,1.07933,1.07804,1.0787,3000,16,0
2021-07-29 16:00:00,1.0787,1.07896,1.07658,1.07659,4192,16,0
2021-07-29 18:00:00,1.07658,1.07723,1.07642,1.07714,2025,16,0
2021-07-29 20:00:00,1.07713,1.07713,1.07663,1.07666,947,16,0
2021-07-29 22:00:00,1.07666,1.0771,1.07666,1.07703,1458,16,0
2021-07-30 00:00:00,1.07702,1.07703,1.07663,1.07681,428,16,0
2021-07-30 02:00:00,1.0768,1.07703,1.07669,1.07674,1505,16,0
2021-07-30 04:00:00,1.07673,1.07726,1.07673,1.07721,1283,16,0
2021-07-30 06:00:00,1.07722,1.0774,1.07717,1.07722,1148,16,0
2021-07-30 08:00:00,1.07722,1.07799,1.0772,1.07769,1710,16,0
2021-07-30 10:00:00,1.07769,1.07794,1.07667,1.07745,2270,16,0
2021-07-30 12:00:00,1.07742,1.07747,1.07612,1.07705,2640,16,0
2021-07-30 14:00:00,1.07706,1.07751,1.07652,1.07657,2339,16,0
2021-07-30 16:00:00,1.07658,1.07675,1.07431,1.07482,5458,16,0
2021-07-30 18:00:00,1.07481,1.07493,1.07414,1.07474,3197,16,0
2021-07-30 20:00:00,1.07474,1.07505,1.07428,1.07449,1251,16,0
2021-07-30 22:00:00,1.07448,1.07462,1.0741,1.07444,2066,16,0
2021-08-02 00:00:00,1.07444,1.07509,1.07427,1.075,523,16,0
2021-08-02 02:00:00,1.07499,1.07523,1.07462,1.07518,1191,16,0
2021-08-02 04:00:00,1.07518,1.07523,1.07472,1.07492,1494,16,0
2021-08-02 06:00:00,1.07492,1.07527,1.07484,1.07515,573,16,0
2021-08-02 08:00:00,1.07517,1.07589,1.07496,1.07583,1443,16,0
2021-08-02 10:00:00,1.07583,1.0764,1.07537,1.07606,2117,16,0
2021-08-02 12:00:00,1.07605,1.07636,1.07552,1.07563,1563,16,0
2021-08-02 14:00:00,1.07563,1.07661,1.07563,1.07633,1961,16,0
2021-08-02 16:00:00,1.07632,1.07633,1.07398,1.07411,4038,16,0
2021-08-02 18:00:00,1.07411,1.07486,1.07394,1.07427,2334,16,0
2021-08-02 20:00:00,1.07427,1.07474,1.07421,1.07445,1035,16,0
2021-08-02 22:00:00,1.07445,1.07482,1.07424,1.07424,1054,16,0
2021-08-03 00:00:00,1.07421,1.0748,1.07409,1.07477,823,18,0
2021-08-03 02:00:00,1.07477,1.07507,1.07473,1.07486,1210,16,0
2021-08-03 04:00:00,1.07487,1.07499,1.0746,1.0748,1085,16,0
2021-08-03 06:00:00,1.07479,1.07526,1.07477,1.07505,1343,16,0
2021-08-03 08:00:00,1.07505,1.07534,1.07495,1.0751,1180,16,0
2021-08-03 10:00:00,1.07509,1.07527,1.07453,1.07464,1822,16,0
2021-08-03 12:00:00,1.07464,1.07473,1.07282,1.07301,2013,16,0
2021-08-03 14:00:00,1.07301,1.07363,1.0728,1.07299,2061,16,0
2021-08-03 16:00:00,1.073,1.07345,1.07209,1.07215,4933,16,0
2021-08-03 18:00:00,1.07215,1.07301,1.07214,1.0728,1553,16,0
2021-08-03 20:00:00,1.0728,1.07311,1.07246,1.07251,955,16,0
2021-08-03 22:00:00,1.07252,1.07279,1.07215,1.07218,722,16,0
2021-08-04 00:00:00,1.07208,1.07283,1.07202,1.07275,411,20,0
2021-08-04 02:00:00,1.07274,1.07283,1.07234,1.07246,836,16,0
2021-08-04 04:00:00,1.07244,1.07275,1.0723,1.07273,797,16,0
2021-08-04 06:00:00,1.07273,1.0728,1.07265,1.07275,433,16,0
2021-08-04 08:00:00,1.07274,1.07319,1.07259,1.07316,817,16,0
2021-08-04 10:00:00,1.07317,1.07366,1.07277,1.07321,2103,16,0
2021-08-04 12:00:00,1.0732,1.07327,1.07247,1.07273,1490,16,0
2021-08-04 14:00:00,1.07274,1.07304,1.07246,1.07293,2798,16,0
2021-08-04 16:00:00,1.07293,1.07401,1.07282,1.07359,5454,16,0
2021-08-04 18:00:00,1.07358,1.07399,1.07257,1.07278,2673,16,0
2021-08-04 20:00:00,1.07278,1.07298,1.07266,1.07287,845,16,0
2021-08-04 22:00:00,1.07287,1.07303,1.07257,1.07293,859,16,0
2021-08-05 00:00:00,1.07296,1.07318,1.07249,1.07307,449,17,0
2021-08-05 02:00:00,1.07307,1.07342,1.07298,1.07341,987,16,0
2021-08-05 04:00:00,1.07341,1.07402,1.07332,1.07384,927,16,0
2021-08-05 06:00:00,1.07384,1.07389,1.07358,1.07377,976,16,0
2021-08-05 08:00:00,1.07377,1.07399,1.07365,1.0737,967,16,0
2021-08-05 10:00:00,1.07371,1.07405,1.07201,1.07291,2324,16,0
2021-08-05 12:00:00,1.07291,1.07369,1.07252,1.07356,1591,16,0
2021-08-05 14:00:00,1.07356,1.07379,1.07311,1.0734,2698,16,0
2021-08-05 16:00:00,1.0734,1.07365,1.07308,1.07324,4367,16,0
2021-08-05 18:00:00,1.07324,1.07376,1.07313,1.07329,1431,16,0
2021-08-05 20:00:00,1.07329,1.07333,1.07247,1.07249,949,16,0
2021-08-05 22:00:00,1.07249,1.07288,1.07245,1.0728,829,16,0
2021-08-06 00:00:00,1.0727,1.07301,1.07254,1.07278,464,16,0
2021-08-06 02:00:00,1.07278,1.07309,1.07272,1.07287,802,16,0
2021-08-06 04:00:00,1.07289,1.07321,1.0728,1.07304,779,16,0
2021-08-06 06:00:00,1.07302,1.07356,1.07301,1.07353,755,16,0
2021-08-06 08:00:00,1.07352,1.07375,1.07308,1.07308,1006,16,0
2021-08-06 10:00:00,1.0731,1.07312,1.07199,1.07235,1999,16,0
2021-08-06 12:00:00,1.07235,1.07257,1.07213,1.07231,1290,16,0
2021-08-06 14:00:00,1.07231,1.07303,1.07179,1.07291,5090,16,0
2021-08-06 16:00:00,1.0729,1.0758,1.07277,1.07556,5507,16,0
2021-08-06 18:00:00,1.07554,1.07632,1.07499,1.07617,1720,16,0
2021-08-06 20:00:00,1.07618,1.07619,1.07545,1.07595,822,16,0
2021-08-06 22:00:00,1.07594,1.0763,1.07556,1.07592,1202,16,0
2021-08-09 00:00:00,1.07592,1.07673,1.07469,1.07648,1200,16,0
2021-08-09 02:00:00,1.07648,1.07649,1.07567,1.07595,2187,16,0
2021-08-09 04:00:00,1.07597,1.07613,1.07552,1.07592,1647,16,0
2021-08-09 06:00:00,1.07591,1.07613,1.07566,1.07611,615,16,0
2021-08-09 08:00:00,1.0761,1.07673,1.07573,1.07641,1279,16,0
2021-08-09 10:00:00,1.07642,1.07749,1.07625,1.07744,2495,16,0
2021-08-09 12:00:00,1.07744,1.07828,1.07744,1.0776,1381,16,0
2021-08-09 14:00:00,1.07761,1.07845,1.07743,1.07833,1748,16,0
2021-08-09 16:00:00,1.07831,1.07985,1.07809,1.07981,3148,16,0
2021-08-09 18:00:00,1.07979,1.08007,1.07937,1.07988,1740,16,0
2021-08-09 20:00:00,1.07991,1.08038,1.07987,1.08014,1035,16,0
2021-08-09 22:00:00,1.08016,1.08037,1.07946,1.07946,1176,16,0
2021-08-10 00:00:00,1.07902,1.08063,1.07902,1.0805,578,16,0
2021-08-10 02:00:00,1.08049,1.08078,1.0799,1.08001,896,16,0
2021-08-10 04:00:00,1.08001,1.0801,1.0795,1.07974,1171,16,0
2021-08-10 06:00:00,1.07974,1.07998,1.07942,1.07992,726,16,0
2021-08-10 08:00:00,1.07991,1.08027,1.07973,1.08006,1296,16,0
2021-08-10 10:00:00,1.08005,1.08089,1.07953,1.08045,2395,16,0
2021-08-10 12:00:00,1.08044,1.08073,1.08008,1.08063,1966,16,0
2021-08-10 14:00:00,1.08063,1.08173,1.08048,1.08151,1786,16,0
2021-08-10 16:00:00,1.08149,1.08153,1.08047,1.08099,3480,16,0
2021-08-10 18:00:00,1.08099,1.0817,1.08089,1.08164,1566,16,0
2021-08-10 20:00:00,1.08164,1.08179,1.0814,1.08174,770,16,0
2021-08-10 22:00:00,1.08173,1.08173,1.0811,1.0811,821,16,0
2021-08-11 00:00:00,1.08113,1.08164,1.08045,1.08153,1775,16,0
2021-08-11 02:00:00,1.08152,1.08168,1.08125,1.08125,696,16,0
2021-08-11 04:00:00,1.08125,1.08147,1.08094,1.08107,715,16,0
2021-08-11 06:00:00,1.08106,1.08138,1.08091,1.08123,752,16,0
2021-08-11 08:00:00,1.08123,1.08175,1.08111,1.08153,1148,16,0
2021-08-11 10:00:00,1.08152,1.08199,1.08145,1.08177,2265,16,0
2021-08-11 12:00:00,1.08178,1.08217,1.08133,1.08177,1398,16,0
2021-08-11 14:00:00,1.08177,1.08236,1.08103,1.08137,3901,16,0
2021-08-11 16:00:00,1.08137,1.08208,1.08097,1.08158,3276,16,0
2021-08-11 18:00:00,1.08159,1.08202,1.08137,1.08195,1335,16,0
2021-08-11 20:00:00,1.08196,1.08256,1.08169,1.08212,1558,16,0
2021-08-11 22:00:00,1.0821,1.08234,1.08199,1.08223,943,16,0
2021-08-12 00:00:00,1.08217,1.08217,1.08139,1.08211,731,19,0
2021-08-12 02:00:00,1.08211,1.08225,1.08198,1.08204,780,16,0
2021-08-12 04:00:00,1.08204,1.08211,1.08186,1.08203,709,16,0
2021-08-12 06:00:00,1.08202,1.08205,1.08188,1.08193,360,16,0
2021-08-12 08:00:00,1.08193,1.08217,1.08172,1.08209,841,16,0
2021-08-12 10:00:00,1.0821,1.08261,1.08156,1.08234,1823,16,0
2021-08-12 12:00:00,1.08235,1.08272,1.08195,1.08219,1346,16,0
2021-08-12 14:00:00,1.08219,1.08278,1.08205,1.08274,1765,16,0
2021-08-12 16:00:00,1.08273,1.08329,1.08244,1.08315,2192,16,0
2021-08-12 18:00:00,1.08313,1.08373,1.08292,1.08371,1322,16,0
2021-08-12 20:00:00,1.08372,1.0839,1.08359,1.08372,904,16,0
2021-08-12 22:00:00,1.08371,1.08375,1.08302,1.08306,1061,16,0
2021-08-13 00:00:00,1.08306,1.08346,1.08289,1.08337,657,20,0
2021-08-13 02:00:00,1.08338,1.08359,1.08322,1.08349,535,16,0
2021-08-13 04:00:00,1.0835,1.08365,1.08337,1.08355,497,16,0
2021-08-13 06:00:00,1.08355,1.08387,1.08348,1.08359,511,16,0
2021-08-13 08:00:00,1.08358,1.08397,1.08349,1.08365,664,16,0
2021-08-13 10:00:00,1.08366,1.08392,1.083,1.08316,1280,16,0
2021-08-13 12:00:00,1.08318,1.08355,1.08277,1.08309,1060,16,0
2021-08-13 14:00:00,1.08307,1.08316,1.08229,1.08232,1554,16,0
2021-08-13 16:00:00,1.08233,1.08237,1.08015,1.0803,3269,16,0
2021-08-13 18:00:00,1.0803,1.08084,1.08011,1.08046,1531,16,0
2021-08-13 20:00:00,1.08046,1.08046,1.07953,1.07955,991,16,0
2021-08-13 22:00:00,1.07953,1.07979,1.07945,1.07958,1246,16,0
2021-08-16 00:00:00,1.08107,1.08107,1.07932,1.07971,544,20,0
2021-08-16 02:00:00,1.07972,1.07978,1.07955,1.07971,967,16,0
2021-08-16 04:00:00,1.07971,1.07974,1.07945,1.07956,950,16,0
2021-08-16 06:00:00,1.07957,1.08028,1.07952,1.08002,812,16,0
2021-08-16 08:00:00,1.08001,1.08007,1.07939,1.07961,919,16,0
2021-08-16 10:00:00,1.0796,1.07962,1.07583,1.07594,2015,16,0
2021-08-16 12:00:00,1.07593,1.07712,1.0759,1.07622,1423,16,0
2021-08-16 14:00:00,1.07622,1.07643,1.07544,1.07562,1829,16,0
2021-08-16 16:00:00,1.07561,1.07567,1.07353,1.0739,3876,16,0
2021-08-16 18:00:00,1.0739,1.07489,1.07369,1.07437,1638,16,0
2021-08-16 20:00:00,1.07434,1.07436,1.07417,1.07424,525,16,0
2021-08-16 22:00:00,1.07421,1.07453,1.07419,1.07419,700,16,0
2021-08-17 00:00:00,1.07415,1.07457,1.07397,1.07453,880,16,0
2021-08-17 02:00:00,1.07453,1.07498,1.07451,1.07485,823,16,0
2021-08-17 04:00:00,1.07485,1.0751,1.07455,1.07492,1267,16,0
2021-08-17 06:00:00,1.07491,1.07516,1.07468,1.07495,1072,16,0
2021-08-17 08:00:00,1.07495,1.07516,1.0731,1.07319,1485,16,0
2021-08-17 10:00:00,1.0732,1.07326,1.07202,1.07244,3295,16,0
2021-08-17 12:00:00,1.07242,1.07287,1.07209,1.07216,1618,16,0
2021-08-17 14:00:00,1.07215,1.07246,1.07074,1.07126,3247,16,0
2021-08-17 16:00:00,1.0713,1.07149,1.07,1.07127,3664,16,0
2021-08-17 18:00:00,1.07127,1.07163,1.07083,1.07089,2388,16,0
2021-08-17 20:00:00,1.07087,1.07141,1.0707,1.0712,1501,16,0
2021-08-17 22:00:00,1.07119,1.07154,1.07039,1.07052,1185,16,0
2021-08-18 00:00:00,1.07053,1.07134,1.07049,1.0712,575,17,0
2021-08-18 02:00:00,1.0712,1.07148,1.07108,1.0713,1019,16,0
2021-08-18 04:00:00,1.07131,1.07139,1.07069,1.07091,1032,16,0
2021-08-18 06:00:00,1.07093,1.0713,1.07074,1.07122,1024,16,0
2021-08-18 08:00:00,1.07121,1.07131,1.0708,1.07108,983,16,0
2021-08-18 10:00:00,1.07108,1.07179,1.0702,1.07027,1945,16,0
2021-08-18 12:00:00,1.07026,1.07221,1.07013,1.07221,1439,16,0
2021-08-18 14:00:00,1.0722,1.07324,1.072,1.07287,1973,16,0
2021-08-18 16:00:00,1.07285,1.07482,1.07252,1.07465,2851,16,0
2021-08-18 18:00:00,1.07466,1.07569,1.07379,1.07405,2324,16,0
2021-08-18 20:00:00,1.07404,1.07434,1.07347,1.07347,3115,16,0
2021-08-18 22:00:00,1.07348,1.07373,1.07307,1.0736,1769,16,0
2021-08-19 00:00:00,1.07358,1.0743,1.0719,1.07374,723,24,0
2021-08-19 02:00:00,1.07374,1.07413,1.0736,1.07367,1770,16,0
2021-08-19 04:00:00,1.07368,1.0745,1.07365,1.07389,1652,16,0
2021-08-19 06:00:00,1.07389,1.07425,1.07381,1.07393,1105,16,0
2021-08-19 08:00:00,1.07393,1.07395,1.07162,1.07168,2091,16,0
2021-08-19 10:00:00,1.07167,1.07191,1.06952,1.0706,3034,16,0
2021-08-19 12:00:00,1.07058,1.07264,1.07018,1.07264,2026,16,0
2021-08-19 14:00:00,1.07264,1.0732,1.07215,1.0727,2191,16,0
2021-08-19 16:00:00,1.07267,1.07359,1.07235,1.07244,3657,16,0
2021-08-19 18:00:00,1.07244,1.07327,1.07209,1.07217,1928,16,0
2021-08-19 20:00:00,1.07218,1.07264,1.07204,1.07249,1496,16,0
2021-08-19 22:00:00,1.07248,1.07314,1.07227,1.07227,1767,16,0
2021-08-20 00:00:00,1.07207,1.07297,1.0718,1.07286,636,21,0
2021-08-20 02:00:00,1.07286,1.07306,1.07235,1.07241,758,16,0
2021-08-20 04:00:00,1.0724,1.07242,1.07154,1.07176,849,16,0
2021-08-20 06:00:00,1.07177,1.07188,1.07044,1.071,710,16,0
2021-08-20 08:00:00,1.07099,1.07111,1.07043,1.07055,1035,16,0
2021-08-20 10:00:00,1.07054,1.07196,1.06992,1.07149,2051,16,0
2021-08-20 12:00:00,1.07147,1.07226,1.07032,1.07071,1083,16,0
2021-08-20 14:00:00,1.07072,1.07173,1.07042,1.07152,1288,16,0
2021-08-20 16:00:00,1.07151,1.07214,1.07053,1.07207,2914,16,0
2021-08-20 18:00:00,1.07206,1.07312,1.07179,1.07281,1715,16,0
2021-08-20 20:00:00,1.07281,1.07327,1.0728,1.07321,612,16,0
2021-08-20 22:00:00,1.07319,1.07327,1.07233,1.07265,1372,16,0
2021-08-23 00:00:00,1.07169,1.07301,1.07158,1.07275,756,56,0
2021-08-23 02:00:00,1.07277,1.07314,1.07272,1.07305,1122,16,0
2021-08-23 04:00:00,1.07307,1.07349,1.07273,1.07317,1224,16,0
2021-08-23 06:00:00,1.07314,1.0739,1.07297,1.07385,495,16,0
2021-08-23 08:00:00,1.07384,1.07418,1.07325,1.07333,848,16,0
2021-08-23 10:00:00,1.07334,1.07336,1.0715,1.07221,2271,16,0
2021-08-23 12:00:00,1.0722,1.07531,1.07217,1.0746,1713,16,0
2021-08-23 14:00:00,1.07458,1.07564,1.07405,1.07492,1628,16,0
2021-08-23 16:00:00,1.07492,1.07492,1.07154,1.07205,3495,16,0
2021-08-23 18:00:00,1.07204,1.0724,1.0718,1.07192,1445,16,0
2021-08-23 20:00:00,1.07191,1.07194,1.07155,1.07192,573,16,0
2021-08-23 22:00:00,1.07192,1.07194,1.07144,1.07161,900,16,0
2021-08-24 00:00:00,1.07155,1.07171,1.07139,1.0715,237,16,0
2021-08-24 02:00:00,1.07147,1.07194,1.07134,1.07172,696,16,0
2021-08-24 04:00:00,1.07172,1.07193,1.07146,1.07189,646,16,0
2021-08-24 06:00:00,1.07189,1.07213,1.07175,1.07203,412,16,0
2021-08-24 08:00:00,1.07202,1.07251,1.07182,1.0723,1151,16,0
2021-08-24 10:00:00,1.07229,1.07232,1.07026,1.0709,1864,16,0
2021-08-24 12:00:00,1.07088,1.07191,1.06997,1.07181,1513,16,0
2021-08-24 14:00:00,1.07181,1.07191,1.07071,1.07088,1472,16,0
2021-08-24 16:00:00,1.07089,1.07248,1.07057,1.07231,3465,16,0
2021-08-24 18:00:00,1.07232,1.07253,1.07201,1.07231,1585,16,0
2021-08-24 20:00:00,1.0723,1.07337,1.07197,1.07284,1111,16,0
2021-08-24 22:00:00,1.07284,1.07334,1.07243,1.07243,645,16,0
2021-08-25 00:00:00,1.07203,1.07316,1.07203,1.07313,359,20,0
2021-08-25 02:00:00,1.07313,1.0739,1.07306,1.07378,971,16,0
2021-08-25 04:00:00,1.07378,1.07396,1.07333,1.07376,1018,16,0
2021-08-25 06:00:00,1.07374,1.0739,1.07344,1.07367,499,16,0
2021-08-25 08:00:00,1.07366,1.0739,1.07273,1.07321,858,16,0
2021-08-25 10:00:00,1.07321,1.0737,1.07228,1.07279,2233,16,0
2021-08-25 12:00:00,1.07278,1.0734,1.07262,1.07319,1227,16,0
2021-08-25 14:00:00,1.0732,1.07404,1.07281,1.07339,1969,16,0
2021-08-25 16:00:00,1.07339,1.07482,1.07237,1.07463,3491,16,0
2021-08-25 18:00:00,1.07464,1.07486,1.07403,1.07446,1919,16,0
2021-08-25 20:00:00,1.07446,1.07541,1.07434,1.07541,1316,16,0
2021-08-25 22:00:00,1.07542,1.07559,1.07494,1.07494,791,16,0
2021-08-26 00:00:00,1.07494,1.07559,1.0741,1.07555,455,16,0
2021-08-26 02:00:00,1.07554,1.07562,1.07538,1.07554,504,16,0
2021-08-26 04:00:00,1.07553,1.07563,1.07525,1.07561,593,16,0
2021-08-26 06:00:00,1.07562,1.07606,1.07562,1.07598,342,16,0
2021-08-26 08:00:00,1.07597,1.07745,1.07571,1.07745,915,16,0
2021-08-26 10:00:00,1.07745,1.07916,1.07737,1.07858,3148,16,0
2021-08-26 12:00:00,1.07859,1.07884,1.07763,1.07812,1478,16,0
2021-08-26 14:00:00,1.07814,1.07908,1.07799,1.07842,2363,16,0
2021-08-26 16:00:00,1.07839,1.0805,1.07808,1.07917,4338,16,0
2021-08-26 18:00:00,1.07917,1.07968,1.07848,1.0796,1936,16,0
2021-08-26 20:00:00,1.0796,1.0798,1.07894,1.07895,1706,16,0
2021-08-26 22:00:00,1.07896,1.0791,1.07815,1.07815,1075,16,0
2021-08-27 00:00:00,1.07793,1.07899,1.07789,1.07895,418,16,0
2021-08-27 02:00:00,1.07892,1.07898,1.0782,1.07833,963,16,0
2021-08-27 04:00:00,1.07834,1.07855,1.07788,1.07789,602,16,0
2021-08-27 06:00:00,1.0779,1.07834,1.0777,1.07776,593,16,0
2021-08-27 08:00:00,1.07776,1.07857,1.07775,1.07845,1023,16,0
2021-08-27 10:00:00,1.07844,1.07935,1.07743,1.07909,1821,16,0
2021-08-27 12:00:00,1.07911,1.07915,1.07841,1.07911,1163,16,0
2021-08-27 14:00:00,1.07912,1.07964,1.07888,1.07937,1773,16,0
2021-08-27 16:00:00,1.07936,1.07953,1.07653,1.07669,8517,16,0
2021-08-27 18:00:00,1.07667,1.0768,1.07453,1.07462,3101,16,0
2021-08-27 20:00:00,1.07462,1.07525,1.07462,1.07485,885,16,0
2021-08-27 22:00:00,1.07486,1.07508,1.07407,1.07419,1093,16,0
2021-08-30 00:00:00,1.07469,1.07532,1.07469,1.07506,381,16,0
2021-08-30 02:00:00,1.07506,1.07534,1.07486,1.07492,803,16,0
2021-08-30 04:00:00,1.07493,1.07508,1.07469,1.07487,1047,16,0
2021-08-30 06:00:00,1.07486,1.07532,1.07485,1.07532,491,16,0
2021-08-30 08:00:00,1.07532,1.07617,1.07505,1.07587,891,16,0
2021-08-30 10:00:00,1.07581,1.08034,1.07549,1.08032,2020,16,0
2021-08-30 12:00:00,1.08034,1.08045,1.07879,1.07901,1418,16,0
2021-08-30 14:00:00,1.07902,1.08036,1.07859,1.07957,1568,16,0
2021-08-30 16:00:00,1.07956,1.0825,1.07931,1.08079,2607,16,0
2021-08-30 18:00:00,1.08078,1.08174,1.08033,1.08126,1458,16,0
2021-08-30 20:00:00,1.08123,1.08188,1.08116,1.08185,748,16,0
2021-08-30 22:00:00,1.08184,1.08219,1.08144,1.08158,924,16,0
2021-08-31 00:00:00,1.08017,1.08208,1.08017,1.08202,565,17,0
2021-08-31 02:00:00,1.08205,1.08212,1.08151,1.08188,1075,16,0
2021-08-31 04:00:00,1.08189,1.0821,1.08156,1.08174,1137,16,0
2021-08-31 06:00:00,1.08174,1.08208,1.08159,1.08177,1139,16,0
2021-08-31 08:00:00,1.08176,1.08266,1.08143,1.08259,1617,16,0
2021-08-31 10:00:00,1.08258,1.08312,1.08055,1.08062,2049,16,0
2021-08-31 12:00:00,1.08059,1.08145,1.08001,1.08126,2257,16,0
2021-08-31 14:00:00,1.08126,1.08172,1.07874,1.0797,2590,16,0
2021-08-31 16:00:00,1.07971,1.08135,1.07816,1.08126,4853,16,0
2021-08-31 18:00:00,1.08127,1.08233,1.08063,1.0813,3247,16,0
2021-08-31 20:00:00,1.0813,1.08145,1.08055,1.08065,1261,16,0
2021-08-31 22:00:00,1.08064,1.08132,1.08045,1.08063,1061,16,0
2021-09-01 00:00:00,1.08064,1.08076,1.08029,1.08073,246,16,0
2021-09-01 02:00:00,1.08076,1.08158,1.08074,1.08157,769,16,0
2021-09-01 04:00:00,1.08157,1.08291,1.08156,1.08289,1167,16,0
2021-09-01 06:00:00,1.08289,1.0836,1.08289,1.08345,658,16,0
2021-09-01 08:00:00,1.08344,1.08438,1.08303,1.08429,2037,16,0
2021-09-01 10:00:00,1.08429,1.08449,1.08291,1.08386,2612,16,0
2021-09-01 12:00:00,1.08386,1.08443,1.08295,1.08321,1684,16,0
2021-09-01 14:00:00,1.08321,1.08498,1.08311,1.08312,2689,16,0
2021-09-01 16:00:00,1.08313,1.08456,1.08303,1.08369,3879,16,0
2021-09-01 18:00:00,1.08371,1.08451,1.08347,1.08362,1777,16,0
2021-09-01 20:00:00,1.08363,1.08406,1.08328,1.08398,988,16,0
2021-09-01 22:00:00,1.08399,1.08414,1.08323,1.08323,1170,16,0
2021-09-02 00:00:00,1.08279,1.08417,1.08279,1.08407,588,16,0
2021-09-02 02:00:00,1.08407,1.08415,1.08358,1.08389,613,16,0
2021-09-02 04:00:00,1.08388,1.08409,1.08361,1.08373,486,16,0
2021-09-02 06:00:00,1.08373,1.08381,1.08359,1.08365,410,17,0
2021-09-02 08:00:00,1.08363,1.08409,1.08329,1.08374,1047,16,0
2021-09-02 10:00:00,1.08373,1.08473,1.08361,1.08448,2324,16,0
2021-09-02 12:00:00,1.08449,1.08611,1.08426,1.08536,1436,16,0
2021-09-02 14:00:00,1.08537,1.08596,1.08373,1.08517,2339,16,0
2021-09-02 16:00:00,1.08517,1.08633,1.08468,1.08502,3357,16,0
2021-09-02 18:00:00,1.085,1.08634,1.0846,1.08608,1942,16,0
2021-09-02 20:00:00,1.08609,1.08624,1.08561,1.08608,1418,16,0
2021-09-02 22:00:00,1.08608,1.08608,1.08509,1.08509,881,16,0
2021-09-03 00:00:00,1.08504,1.08583,1.08495,1.08573,401,22,0
2021-09-03 02:00:00,1.08573,1.08608,1.08561,1.08596,738,16,0
2021-09-03 04:00:00,1.08596,1.086,1.08524,1.0859,917,16,0
2021-09-03 06:00:00,1.08591,1.08602,1.0856,1.08595,649,16,0
2021-09-03 08:00:00,1.08596,1.08609,1.08547,1.08568,952,16,0
2021-09-03 10:00:00,1.08568,1.08587,1.08512,1.0854,2259,16,0
2021-09-03 12:00:00,1.08546,1.08599,1.08516,1.08597,1649,16,0
2021-09-03 14:00:00,1.08595,1.08721,1.08512,1.0866,6511,16,0
2021-09-03 16:00:00,1.08661,1.08664,1.08473,1.08514,5941,16,0
2021-09-03 18:00:00,1.08514,1.08607,1.08485,1.08598,1646,16,0
2021-09-03 20:00:00,1.08598,1.08614,1.08556,1.08583,863,16,0
2021-09-03 22:00:00,1.08583,1.08586,1.08533,1.08539,1006,16,0
2021-09-06 00:00:00,1.08421,1.08595,1.08417,1.08586,438,16,0
2021-09-06 02:00:00,1.08586,1.08639,1.08577,1.08602,1125,16,0
2021-09-06 04:00:00,1.08603,1.08604,1.0858,1.08593,814,16,0
2021-09-06 06:00:00,1.08593,1.08594,1.08551,1.08568,624,16,0
2021-09-06 08:00:00,1.08568,1.08657,1.0855,1.08655,853,16,0
2021-09-06 10:00:00,1.08652,1.08706,1.08557,1.08621,1935,16,0
2021-09-06 12:00:00,1.08622,1.08703,1.08607,1.08693,1207,16,0
2021-09-06 14:00:00,1.08693,1.08738,1.0864,1.08733,1113,16,0
2021-09-06 16:00:00,1.08734,1.08792,1.0864,1.08654,1701,16,0
2021-09-06 18:00:00,1.08655,1.08692,1.08626,1.08627,1128,16,0
2021-09-06 20:00:00,1.08627,1.08629,1.08589,1.08597,1806,16,0
2021-09-06 22:00:00,1.08598,1.08655,1.08577,1.08577,5971,21,0
2021-09-07 00:00:00,1.08577,1.08656,1.08549,1.08643,421,22,0
2021-09-07 02:00:00,1.08643,1.08647,1.08578,1.0858,906,16,0
2021-09-07 04:00:00,1.0858,1.08608,1.08536,1.0854,695,16,0
2021-09-07 06:00:00,1.0854,1.08592,1.08537,1.0857,1090,16,0
2021-09-07 08:00:00,1.0857,1.08636,1.0852,1.08533,1457,16,0
2021-09-07 10:00:00,1.08533,1.0859,1.08452,1.08557,2922,16,0
2021-09-07 12:00:00,1.08556,1.08584,1.08443,1.08505,2391,16,0
2021-09-07 14:00:00,1.08505,1.08585,1.08487,1.08492,2428,16,0
2021-09-07 16:00:00,1.08492,1.08793,1.08469,1.08785,4155,16,0
2021-09-07 18:00:00,1.08784,1.08818,1.08737,1.08817,1641,16,0
2021-09-07 20:00:00,1.08817,1.0889,1.0881,1.08887,1260,16,0
2021-09-07 22:00:00,1.08886,1.08893,1.08875,1.08882,1110,16,0
2021-09-08 00:00:00,1.08818,1.089,1.08818,1.08877,729,16,0
2021-09-08 02:00:00,1.08877,1.089,1.08873,1.08881,614,16,0
2021-09-08 04:00:00,1.08882,1.08913,1.08859,1.08873,703,16,0
2021-09-08 06:00:00,1.08872,1.08895,1.08865,1.08892,646,16,0
2021-09-08 08:00:00,1.08892,1.0891,1.08843,1.08888,1566,16,0
2021-09-08 10:00:00,1.08889,1.08894,1.0864,1.08736,3532,16,0
2021-09-08 12:00:00,1.08736,1.08879,1.08699,1.08832,2363,16,0
2021-09-08 14:00:00,1.08832,1.0892,1.08805,1.08907,2690,16,0
2021-09-08 16:00:00,1.08907,1.09006,1.08848,1.08927,4819,16,0
2021-09-08 18:00:00,1.08928,1.08975,1.08899,1.08969,2135,16,0
2021-09-08 20:00:00,1.0897,1.08993,1.0891,1.08942,1333,16,0
2021-09-08 22:00:00,1.08941,1.08969,1.08866,1.08866,1326,16,0
2021-09-09 00:00:00,1.08824,1.08949,1.08824,1.08942,299,17,0
2021-09-09 02:00:00,1.08942,1.08966,1.08892,1.08893,696,16,0
2021-09-09 04:00:00,1.08893,1.08906,1.08834,1.08835,937,16,0
2021-09-09 06:00:00,1.08835,1.08837,1.0875,1.08758,847,16,0
2021-09-09 08:00:00,1.08757,1.0877,1.08697,1.08754,1411,16,0
2021-09-09 10:00:00,1.08752,1.08784,1.08694,1.08754,2461,16,0
2021-09-09 12:00:00,1.08751,1.08786,1.0871,1.08774,1540,16,0
2021-09-09 14:00:00,1.08774,1.08794,1.08504,1.08601,4716,16,0
2021-09-09 16:00:00,1.08602,1.08604,1.08465,1.08523,4504,16,0
2021-09-09 18:00:00,1.08524,1.08573,1.08433,1.08449,1544,16,0
2021-09-09 20:00:00,1.08451,1.08489,1.08439,1.08449,1445,16,0
2021-09-09 22:00:00,1.08449,1.08462,1.08342,1.08383,1145,16,0
2021-09-10 00:00:00,1.0836,1.08404,1.08346,1.08381,660,16,0
2021-09-10 02:00:00,1.08383,1.0839,1.08351,1.08369,738,16,0
2021-09-10 04:00:00,1.0837,1.08417,1.08349,1.08417,1083,16,0
2021-09-10 06:00:00,1.08418,1.08441,1.08415,1.08437,594,16,0
2021-09-10 08:00:00,1.08437,1.08448,1.08382,1.08428,1034,16,0
2021-09-10 10:00:00,1.08427,1.08513,1.08425,1.08433,2066,16,0
2021-09-10 12:00:00,1.08434,1.08615,1.08384,1.08563,2175,16,0
2021-09-10 14:00:00,1.08562,1.08562,1.08501,1.08508,2023,16,0
2021-09-10 16:00:00,1.08507,1.08588,1.08466,1.08528,3472,16,0
2021-09-10 18:00:00,1.08528,1.08573,1.08451,1.08476,1829,16,0
2021-09-10 20:00:00,1.08477,1.0849,1.08427,1.0844,635,16,0
2021-09-10 22:00:00,1.0844,1.08475,1.08396,1.08399,1899,16,0
2021-09-13 00:00:00,1.0841,1.08492,1.08405,1.08433,685,18,0
2021-09-13 02:00:00,1.08434,1.08488,1.08426,1.08468,817,16,0
2021-09-13 04:00:00,1.08471,1.08478,1.08426,1.08442,621,16,0
2021-09-13 06:00:00,1.08442,1.08442,1.0839,1.08411,455,16,0
2021-09-13 08:00:00,1.08411,1.08429,1.08377,1.08411,1637,16,0
2021-09-13 10:00:00,1.08411,1.08616,1.08403,1.08614,2282,16,0
2021-09-13 12:00:00,1.08614,1.0877,1.08567,1.08755,2268,16,0
2021-09-13 14:00:00,1.08754,1.08801,1.08703,1.08715,2440,16,0
2021-09-13 16:00:00,1.08714,1.08765,1.08655,1.08761,3338,16,0
2021-09-13 18:00:00,1.08761,1.08831,1.08741,1.08829,1743,16,0
2021-09-13 20:00:00,1.0883,1.08927,1.0883,1.08927,1157,16,0
2021-09-13 22:00:00,1.08927,1.08958,1.0885,1.0885,1361,16,0
2021-09-14 00:00:00,1.08835,1.08924,1.08828,1.08906,884,16,0
2021-09-14 02:00:00,1.08905,1.08935,1.08897,1.08935,703,16,0
2021-09-14 04:00:00,1.08935,1.08959,1.08905,1.08913,995,16,0
2021-09-14 06:00:00,1.08912,1.08931,1.08895,1.08901,562,16,0
2021-09-14 08:00:00,1.08901,1.08905,1.08803,1.08829,1562,16,0
2021-09-14 10:00:00,1.08829,1.09037,1.08815,1.08956,2396,16,0
2021-09-14 12:00:00,1.08957,1.0898,1.08846,1.08847,1670,16,0
2021-09-14 14:00:00,1.08847,1.08904,1.08772,1.08798,3953,16,0
2021-09-14 16:00:00,1.08799,1.08884,1.08678,1.08688,3883,16,0
2021-09-14 18:00:00,1.08687,1.08714,1.08603,1.08626,1421,16,0
2021-09-14 20:00:00,1.08628,1.08628,1.08539,1.08545,1119,16,0
2021-09-14 22:00:00,1.08545,1.08603,1.08541,1.08603,1098,16,0
2021-09-15 00:00:00,1.08539,1.086,1.08507,1.08578,332,16,0
2021-09-15 02:00:00,1.08579,1.08623,1.08576,1.08611,732,16,0
2021-09-15 04:00:00,1.08612,1.08622,1.0856,1.0858,941,16,0
2021-09-15 06:00:00,1.08582,1.0864,1.08541,1.08625,1043,16,0
2021-09-15 08:00:00,1.08623,1.08625,1.08529,1.0854,1807,16,0
2021-09-15 10:00:00,1.08538,1.08648,1.08524,1.08536,2484,16,0
2021-09-15 12:00:00,1.08537,1.08559,1.08407,1.08411,2195,16,0
2021-09-15 14:00:00,1.08411,1.0854,1.08393,1.08508,3263,16,0
2021-09-15 16:00:00,1.08506,1.08626,1.0846,1.08614,3323,16,0
2021-09-15 18:00:00,1.08615,1.08703,1.08584,1.08602,1899,16,0
2021-09-15 20:00:00,1.08604,1.08668,1.08598,1.08609,722,16,0
2021-09-15 22:00:00,1.08609,1.08673,1.08606,1.08654,813,16,0
2021-09-16 00:00:00,1.08656,1.08692,1.08558,1.08686,383,20,0
2021-09-16 02:00:00,1.08686,1.08734,1.08674,1.08713,986,16,0
2021-09-16 04:00:00,1.08712,1.08716,1.08656,1.08658,844,16,0
2021-09-16 06:00:00,1.08658,1.08693,1.08653,1.08662,564,16,0
2021-09-16 08:00:00,1.08663,1.08734,1.08629,1.08695,2133,16,0
2021-09-16 10:00:00,1.08694,1.08755,1.08573,1.08746,3833,16,0
2021-09-16 12:00:00,1.08746,1.0879,1.08644,1.08784,3012,16,0
2021-09-16 14:00:00,1.08783,1.08937,1.08768,1.08889,4383,16,0
2021-09-16 16:00:00,1.08891,1.08948,1.08772,1.08829,4904,16,0
2021-09-16 18:00:00,1.08827,1.08893,1.08774,1.08889,1579,16,0
2021-09-16 20:00:00,1.08889,1.08956,1.08887,1.08949,686,16,0
2021-09-16 22:00:00,1.0895,1.09177,1.08937,1.09167,2084,16,0
2021-09-17 00:00:00,1.09104,1.09158,1.09104,1.09141,795,16,0
2021-09-17 02:00:00,1.09142,1.09146,1.09065,1.09086,1103,16,0
2021-09-17 04:00:00,1.09081,1.09165,1.09061,1.091,1355,16,0
2021-09-17 06:00:00,1.09101,1.09103,1.09042,1.09097,786,16,0
2021-09-17 08:00:00,1.09096,1.09151,1.09059,1.09103,1485,16,0
2021-09-17 10:00:00,1.09104,1.0921,1.09058,1.092,3393,16,0
2021-09-17 12:00:00,1.092,1.09269,1.09155,1.09268,2908,16,0
2021-09-17 14:00:00,1.09268,1.09341,1.09264,1.09287,2467,16,0
2021-09-17 16:00:00,1.09287,1.09322,1.09204,1.09277,4348,16,0
2021-09-17 18:00:00,1.09277,1.0931,1.09187,1.09301,2168,16,0
2021-09-17 20:00:00,1.09301,1.09349,1.09263,1.09345,924,16,0
2021-09-17 22:00:00,1.09344,1.0937,1.09294,1.09301,1535,16,0
2021-09-20 00:00:00,1.09139,1.09338,1.09139,1.09319,558,16,0
2021-09-20 02:00:00,1.09319,1.09329,1.09285,1.09285,743,16,0
2021-09-20 04:00:00,1.09285,1.09309,1.09208,1.09208,1192,16,0
2021-09-20 06:00:00,1.09208,1.09226,1.09187,1.09202,676,16,0
2021-09-20 08:00:00,1.09203,1.09256,1.09166,1.09202,1568,16,0
2021-09-20 10:00:00,1.09204,1.09274,1.0903,1.09068,3811,16,0
2021-09-20 12:00:00,1.09067,1.09185,1.08959,1.09014,2925,16,0
2021-09-20 14:00:00,1.09015,1.09035,1.08743,1.08773,2893,16,0
2021-09-20 16:00:00,1.08772,1.08913,1.08761,1.08811,3631,16,0
2021-09-20 18:00:00,1.0881,1.08891,1.08746,1.0876,2287,16,0
2021-09-20 20:00:00,1.08761,1.08825,1.08761,1.08773,1097,16,0
2021-09-20 22:00:00,1.08775,1.08825,1.0874,1.0874,887,16,0
2021-09-21 00:00:00,1.08721,1.08844,1.0871,1.08832,311,20,0
2021-09-21 02:00:00,1.08833,1.08839,1.08758,1.08775,1156,16,0
2021-09-21 04:00:00,1.08775,1.08843,1.08753,1.08826,1549,16,0
2021-09-21 06:00:00,1.08827,1.08841,1.08782,1.08827,617,16,0
2021-09-21 08:00:00,1.08828,1.0885,1.08762,1.08794,1875,16,0
2021-09-21 10:00:00,1.08793,1.08841,1.08589,1.08617,3187,16,0
2021-09-21 12:00:00,1.08617,1.08635,1.08493,1.08499,2213,16,0
2021-09-21 14:00:00,1.08499,1.0857,1.08399,1.08415,4001,16,0
2021-09-21 16:00:00,1.08417,1.08435,1.08146,1.08192,4612,16,0
2021-09-21 18:00:00,1.08195,1.0833,1.08151,1.08289,3507,16,0
2021-09-21 20:00:00,1.08289,1.08334,1.08278,1.08278,1249,16,0
2021-09-21 22:00:00,1.08277,1.0831,1.08254,1.08254,1101,16,0
2021-09-22 00:00:00,1.08245,1.08316,1.08245,1.08284,376,16,0
2021-09-22 02:00:00,1.08285,1.08309,1.08228,1.08303,1110,16,0
2021-09-22 04:00:00,1.08302,1.08411,1.08274,1.08333,2202,16,0
2021-09-22 06:00:00,1.08333,1.08389,1.08333,1.08386,738,16,0
2021-09-22 08:00:00,1.08386,1.08433,1.08315,1.08377,1542,16,0
2021-09-22 10:00:00,1.08377,1.08416,1.08209,1.08217,3506,16,0
2021-09-22 12:00:00,1.08217,1.08251,1.08135,1.08182,1738,16,0
2021-09-22 14:00:00,1.08181,1.08247,1.08123,1.08184,2284,16,0
2021-09-22 16:00:00,1.08182,1.08287,1.08142,1.0825,2944,16,0
2021-09-22 18:00:00,1.0825,1.08322,1.08244,1.08312,1805,16,0
2021-09-22 20:00:00,1.08311,1.08442,1.08234,1.08356,7860,16,0
2021-09-22 22:00:00,1.08355,1.08357,1.08155,1.08155,3769,16,0
2021-09-23 00:00:00,1.08164,1.08318,1.08164,1.08279,753,17,0
2021-09-23 02:00:00,1.08281,1.08351,1.08251,1.08329,976,16,0
2021-09-23 04:00:00,1.0833,1.08419,1.0832,1.08416,922,16,0
2021-09-23 06:00:00,1.08417,1.0845,1.08407,1.08434,782,16,0
2021-09-23 08:00:00,1.08434,1.08449,1.08292,1.08313,1819,16,0
2021-09-23 10:00:00,1.08311,1.08437,1.08216,1.08272,4605,16,0
2021-09-23 12:00:00,1.08272,1.08487,1.08262,1.08314,4339,16,0
2021-09-23 14:00:00,1.08311,1.08407,1.08232,1.0832,3683,16,0
2021-09-23 16:00:00,1.08319,1.08405,1.08242,1.08345,4515,16,0
2021-09-23 18:00:00,1.08346,1.08492,1.08334,1.08441,2732,16,0
2021-09-23 20:00:00,1.08441,1.08479,1.08397,1.08477,1061,16,0
2021-09-23 22:00:00,1.08476,1.08592,1.08439,1.08477,1718,16,0
2021-09-24 00:00:00,1.08472,1.08555,1.08397,1.08546,363,20,0
2021-09-24 02:00:00,1.08546,1.08599,1.08533,1.08548,1299,16,0
2021-09-24 04:00:00,1.08548,1.08584,1.08505,1.08538,1285,16,0
2021-09-24 06:00:00,1.08538,1.08586,1.08529,1.08567,601,16,0
2021-09-24 08:00:00,1.08565,1.08639,1.08557,1.08577,1663,16,0
2021-09-24 10:00:00,1.08575,1.08577,1.08427,1.08441,3426,16,0
2021-09-24 12:00:00,1.08439,1.08439,1.08251,1.08257,2215,16,0
2021-09-24 14:00:00,1.08256,1.08357,1.08204,1.08299,3020,16,0
2021-09-24 16:00:00,1.08299,1.08379,1.08256,1.0832,3941,16,0
2021-09-24 18:00:00,1.0832,1.08369,1.08299,1.0835,2697,16,0
2021-09-24 20:00:00,1.0835,1.08398,1.08343,1.08377,1002,16,0
2021-09-24 22:00:00,1.08378,1.08392,1.08301,1.08322,1182,16,0
2021-09-27 00:00:00,1.08255,1.08397,1.08205,1.08396,613,17,0
2021-09-27 02:00:00,1.08398,1.08419,1.08364,1.0839,1467,16,0
2021-09-27 04:00:00,1.08391,1.0846,1.08378,1.08454,1254,16,0
2021-09-27 06:00:00,1.08454,1.08497,1.08421,1.08486,547,16,0
2021-09-27 08:00:00,1.08487,1.08636,1.08487,1.08569,1856,16,0
2021-09-27 10:00:00,1.08568,1.08639,1.08459,1.08508,4475,16,0
2021-09-27 12:00:00,1.08508,1.08573,1.08393,1.08451,3022,16,0
2021-09-27 14:00:00,1.08452,1.08584,1.08449,1.08498,6710,16,0
2021-09-27 16:00:00,1.08497,1.08533,1.08246,1.08325,5756,16,0
2021-09-27 18:00:00,1.08324,1.08341,1.08234,1.08327,2763,16,0
2021-09-27 20:00:00,1.08326,1.08339,1.08287,1.08319,1635,16,0
2021-09-27 22:00:00,1.08321,1.08345,1.08245,1.08245,1465,16,0
2021-09-28 00:00:00,1.08185,1.08279,1.08185,1.08264,258,19,0
2021-09-28 02:00:00,1.08262,1.08297,1.08251,1.08285,775,16,0
2021-09-28 04:00:00,1.08286,1.08317,1.08248,1.08303,1032,16,0
2021-09-28 06:00:00,1.08303,1.08369,1.08303,1.08357,620,16,0
2021-09-28 08:00:00,1.08358,1.08481,1.08357,1.08446,2152,16,0
2021-09-28 10:00:00,1.08444,1.08505,1.08313,1.08369,4756,16,0
2021-09-28 12:00:00,1.0837,1.08456,1.08275,1.08419,3641,16,0
2021-09-28 14:00:00,1.08418,1.08503,1.08332,1.08446,4492,16,0
2021-09-28 16:00:00,1.08447,1.08566,1.08381,1.084,8659,16,0
2021-09-28 18:00:00,1.08399,1.0852,1.08341,1.08507,4436,16,0
2021-09-28 20:00:00,1.08506,1.08592,1.08506,1.0859,2692,16,0
2021-09-28 22:00:00,1.08589,1.08591,1.0849,1.0849,1890,16,0
2021-09-29 00:00:00,1.08525,1.0857,1.08431,1.08566,320,17,0
2021-09-29 02:00:00,1.08565,1.08602,1.08558,1.08598,1054,16,0
2021-09-29 04:00:00,1.08597,1.08602,1.08474,1.08587,1812,16,0
2021-09-29 06:00:00,1.08585,1.08615,1.08575,1.08596,711,16,0
2021-09-29 08:00:00,1.08594,1.08608,1.08473,1.08514,2568,16,0
2021-09-29 10:00:00,1.08517,1.08555,1.08355,1.08401,4780,16,0
2021-09-29 12:00:00,1.08402,1.0842,1.08239,1.08258,3184,16,0
2021-09-29 14:00:00,1.08257,1.08341,1.08202,1.08315,4788,16,0
2021-09-29 16:00:00,1.08315,1.08413,1.08228,1.08387,7372,16,0
2021-09-29 18:00:00,1.08385,1.08473,1.08354,1.08461,3678,16,0
2021-09-29 20:00:00,1.08462,1.08508,1.08394,1.08394,2987,16,0
2021-09-29 22:00:00,1.08391,1.08422,1.08339,1.08368,1794,16,0
2021-09-30 00:00:00,1.08288,1.08402,1.08288,1.08388,407,16,0
2021-09-30 02:00:00,1.0839,1.084,1.08314,1.08346,1396,16,0
2021-09-30 04:00:00,1.08345,1.08377,1.08303,1.08327,1146,16,0
2021-09-30 06:00:00,1.08326,1.08335,1.08293,1.08334,702,16,0
2021-09-30 08:00:00,1.08334,1.0839,1.08263,1.08376,2308,16,0
2021-09-30 10:00:00,1.08376,1.08447,1.08285,1.08424,4043,16,0
2021-09-30 12:00:00,1.08423,1.08463,1.08342,1.08355,3508,16,0
2021-09-30 14:00:00,1.08354,1.08379,1.08215,1.08217,4274,16,0
2021-09-30 16:00:00,1.08217,1.08355,1.08048,1.08125,8721,16,0
2021-09-30 18:00:00,1.08124,1.0814,1.08044,1.08074,5532,16,0
2021-09-30 20:00:00,1.08073,1.08107,1.08013,1.08021,2854,16,0
2021-09-30 22:00:00,1.08022,1.08041,1.07831,1.07849,2878,16,0
2021-10-01 00:00:00,1.07845,1.07914,1.07792,1.07904,437,19,0
2021-10-01 02:00:00,1.07908,1.07967,1.07905,1.07905,1719,16,0
2021-10-01 04:00:00,1.07906,1.07918,1.07809,1.07876,1635,16,0
2021-10-01 06:00:00,1.07876,1.07888,1.07834,1.07868,877,16,0
2021-10-01 08:00:00,1.07867,1.0792,1.07753,1.07776,2728,16,0
2021-10-01 10:00:00,1.07776,1.07916,1.07764,1.07891,6121,16,0
2021-10-01 12:00:00,1.07891,1.08074,1.07874,1.08026,3893,16,0
2021-10-01 14:00:00,1.08023,1.08032,1.07721,1.07725,4621,16,0
2021-10-01 16:00:00,1.07727,1.07861,1.07714,1.07822,8337,16,0
2021-10-01 18:00:00,1.07825,1.07871,1.07804,1.07821,3902,16,0
2021-10-01 20:00:00,1.07824,1.07887,1.07812,1.0786,1112,17,0
2021-10-01 22:00:00,1.07858,1.07929,1.07835,1.07866,1160,16,0
2021-10-04 00:00:00,1.07732,1.07924,1.07712,1.07924,1126,19,0
2021-10-04 02:00:00,1.07923,1.07931,1.07876,1.07908,2022,16,0
2021-10-04 04:00:00,1.07907,1.07935,1.07869,1.07911,1763,16,0
2021-10-04 06:00:00,1.07911,1.07937,1.07845,1.07934,867,16,0
2021-10-04 08:00:00,1.07933,1.07959,1.07877,1.07936,1524,16,0
2021-10-04 10:00:00,1.07939,1.08012,1.07871,1.07879,4100,16,0
2021-10-04 12:00:00,1.07878,1.07916,1.07792,1.07843,2542,16,0
2021-10-04 14:00:00,1.07843,1.07843,1.0754,1.07592,3344,16,0
2021-10-04 16:00:00,1.07593,1.07597,1.07323,1.07372,5510,16,0
2021-10-04 18:00:00,1.07374,1.07509,1.07334,1.07415,3290,16,0
2021-10-04 20:00:00,1.07416,1.07499,1.07411,1.07459,1728,16,0
2021-10-04 22:00:00,1.07459,1.07467,1.07397,1.07422,1473,16,0
2021-10-05 00:00:00,1.07384,1.07433,1.07374,1.074,529,16,0
2021-10-05 02:00:00,1.07399,1.07469,1.07398,1.07452,1283,16,0
2021-10-05 04:00:00,1.0745,1.07475,1.07385,1.0742,1093,16,0
2021-10-05 06:00:00,1.07421,1.0746,1.07403,1.07434,569,16,0
2021-10-05 08:00:00,1.07435,1.07474,1.07385,1.07434,2009,16,0
2021-10-05 10:00:00,1.07434,1.07527,1.07417,1.07456,3600,16,0
2021-10-05 12:00:00,1.07455,1.07521,1.07434,1.07501,2013,16,0
2021-10-05 14:00:00,1.07501,1.07587,1.07458,1.07585,2414,16,0
2021-10-05 16:00:00,1.07585,1.07631,1.07498,1.07625,5364,16,0
2021-10-05 18:00:00,1.07625,1.07677,1.07547,1.07653,3389,16,0
2021-10-05 20:00:00,1.07651,1.07663,1.07597,1.07598,1517,16,0
2021-10-05 22:00:00,1.07603,1.07653,1.07589,1.07601,1173,16,0
2021-10-06 00:00:00,1.07547,1.07668,1.07531,1.07656,287,24,0
2021-10-06 02:00:00,1.07658,1.07705,1.07642,1.07681,978,16,0
2021-10-06 04:00:00,1.07681,1.07691,1.07633,1.07658,1350,16,0
2021-10-06 06:00:00,1.07657,1.07702,1.07655,1.07687,879,16,0
2021-10-06 08:00:00,1.07687,1.07707,1.07604,1.07621,1799,16,0
2021-10-06 10:00:00,1.0762,1.07627,1.07419,1.07435,4217,16,0
2021-10-06 12:00:00,1.07434,1.07442,1.07225,1.07232,4136,16,0
2021-10-06 14:00:00,1.07231,1.07303,1.07134,1.07209,4595,16,0
2021-10-06 16:00:00,1.0721,1.07246,1.07088,1.07096,6016,16,0
2021-10-06 18:00:00,1.07098,1.07155,1.0707,1.0714,3211,16,0
2021-10-06 20:00:00,1.07141,1.07212,1.07139,1.07168,2571,16,0
2021-10-06 22:00:00,1.07168,1.07183,1.07123,1.07133,1520,16,0
2021-10-07 00:00:00,1.07101,1.07202,1.07071,1.07185,349,16,0
2021-10-07 02:00:00,1.07186,1.07256,1.0716,1.07242,1261,16,0
2021-10-07 04:00:00,1.07242,1.07259,1.072,1.07215,792,16,0
2021-10-07 06:00:00,1.07215,1.07219,1.07159,1.07171,479,16,0
2021-10-07 08:00:00,1.0717,1.07217,1.07129,1.07187,1704,16,0
2021-10-07 10:00:00,1.07187,1.07266,1.07121,1.07167,2974,16,0
2021-10-07 12:00:00,1.07168,1.072,1.07014,1.07036,2091,16,0
2021-10-07 14:00:00,1.07036,1.07159,1.07033,1.07145,2774,16,0
2021-10-07 16:00:00,1.07146,1.07201,1.07055,1.07173,5286,16,0
2021-10-07 18:00:00,1.07174,1.07283,1.07162,1.07274,2552,16,0
2021-10-07 20:00:00,1.07275,1.07316,1.07252,1.0731,1564,16,0
2021-10-07 22:00:00,1.07312,1.07346,1.0727,1.0727,1925,16,0
2021-10-08 00:00:00,1.07154,1.07325,1.07154,1.07313,330,20,0
2021-10-08 02:00:00,1.07315,1.07369,1.07307,1.07361,1107,16,0
2021-10-08 04:00:00,1.07361,1.07375,1.07327,1.07348,1052,16,0
2021-10-08 06:00:00,1.07348,1.0738,1.0733,1.07378,732,16,0
2021-10-08 08:00:00,1.07377,1.07393,1.07321,1.07376,1562,16,0
2021-10-08 10:00:00,1.07376,1.07474,1.07346,1.07474,3152,16,0
2021-10-08 12:00:00,1.07474,1.07513,1.07384,1.07396,2675,16,0
2021-10-08 14:00:00,1.07396,1.07397,1.07207,1.07208,5410,16,0
2021-10-08 16:00:00,1.07208,1.07359,1.07201,1.0725,6837,16,0
2021-10-08 18:00:00,1.07251,1.07336,1.07228,1.07252,2523,16,0
2021-10-08 20:00:00,1.07251,1.07268,1.07206,1.07263,1526,16,0
2021-10-08 22:00:00,1.07265,1.07313,1.07234,1.07313,1425,16,0
2021-10-11 00:00:00,1.07313,1.07322,1.07188,1.07289,647,16,0
2021-10-11 02:00:00,1.07289,1.07346,1.07247,1.07343,1419,16,0
2021-10-11 04:00:00,1.07343,1.07428,1.07342,1.07425,835,16,0
2021-10-11 06:00:00,1.07425,1.07458,1.07387,1.07407,773,16,0
2021-10-11 08:00:00,1.07408,1.07426,1.07347,1.07348,1644,16,0
2021-10-11 10:00:00,1.07349,1.07361,1.07103,1.07192,3491,16,0
2021-10-11 12:00:00,1.07191,1.07257,1.07152,1.0718,4155,16,0
2021-10-11 14:00:00,1.07179,1.07241,1.07131,1.07191,2212,16,0
2021-10-11 16:00:00,1.07191,1.07239,1.0709,1.07216,3001,16,0
2021-10-11 18:00:00,1.07217,1.07269,1.07195,1.07232,1605,16,0
2021-10-11 20:00:00,1.07232,1.07234,1.07169,1.07184,971,16,0
2021-10-11 22:00:00,1.07185,1.07202,1.07137,1.07137,941,16,0
2021-10-12 00:00:00,1.07136,1.07184,1.07136,1.07157,139,16,0
2021-10-12 02:00:00,1.07158,1.07183,1.07133,1.07143,1016,16,0
2021-10-12 04:00:00,1.07144,1.07188,1.07121,1.07184,905,16,0
2021-10-12 06:00:00,1.07185,1.07235,1.07183,1.07218,496,16,0
2021-10-12 08:00:00,1.07219,1.07246,1.07093,1.07125,1453,16,0
2021-10-12 10:00:00,1.07124,1.07297,1.0708,1.07264,3691,16,0
2021-10-12 12:00:00,1.07264,1.07281,1.07142,1.07241,4705,16,0
2021-10-12 14:00:00,1.07241,1.07376,1.0717,1.07357,3716,16,0
2021-10-12 16:00:00,1.07355,1.07407,1.07238,1.07293,4326,16,0
2021-10-12 18:00:00,1.07292,1.07385,1.07283,1.07346,2022,16,0
2021-10-12 20:00:00,1.07345,1.07345,1.07274,1.07318,1994,16,0
2021-10-12 22:00:00,1.07317,1.07335,1.07267,1.07273,1149,16,0
2021-10-13 00:00:00,1.07212,1.07332,1.07207,1.07319,332,19,0
2021-10-13 02:00:00,1.07319,1.0734,1.07282,1.07321,1094,16,0
2021-10-13 04:00:00,1.07319,1.07374,1.07311,1.07332,991,16,0
2021-10-13 06:00:00,1.07333,1.0737,1.07329,1.07349,392,16,0
2021-10-13 08:00:00,1.07348,1.07388,1.07292,1.07328,1440,16,0
2021-10-13 10:00:00,1.07328,1.07351,1.07263,1.07295,6585,16,0
2021-10-13 12:00:00,1.07296,1.07317,1.07199,1.07219,6095,16,0
2021-10-13 14:00:00,1.0722,1.07296,1.07149,1.0724,4212,16,0
2021-10-13 16:00:00,1.07239,1.07286,1.07139,1.07196,5659,16,0
2021-10-13 18:00:00,1.07195,1.07197,1.07098,1.07118,2783,16,0
2021-10-13 20:00:00,1.07116,1.07154,1.07088,1.07093,2422,16,0
2021-10-13 22:00:00,1.07092,1.07141,1.07081,1.07084,1132,16,0
2021-10-14 00:00:00,1.07084,1.07138,1.07069,1.07121,443,18,0
2021-10-14 02:00:00,1.0712,1.07165,1.07093,1.07099,869,16,0
2021-10-14 04:00:00,1.07097,1.07131,1.07075,1.07077,763,16,0
2021-10-14 06:00:00,1.07078,1.07079,1.0701,1.07011,422,16,0
2021-10-14 08:00:00,1.07011,1.07017,1.06806,1.06937,2692,16,0
2021-10-14 10:00:00,1.06937,1.06958,1.06838,1.069,3314,16,0
2021-10-14 12:00:00,1.06899,1.06906,1.06801,1.06814,2293,16,0
2021-10-14 14:00:00,1.06814,1.06938,1.06798,1.06889,3047,16,0
2021-10-14 16:00:00,1.06888,1.07039,1.06852,1.07006,3330,16,0
2021-10-14 18:00:00,1.07007,1.07052,1.06984,1.07035,1729,16,0
2021-10-14 20:00:00,1.07035,1.07102,1.07034,1.07099,1088,16,0
2021-10-14 22:00:00,1.07099,1.07124,1.07063,1.07065,1078,16,0
2021-10-15 00:00:00,1.06991,1.07133,1.06974,1.07107,424,16,0
2021-10-15 02:00:00,1.07108,1.07165,1.07102,1.07161,969,16,0
2021-10-15 04:00:00,1.07161,1.07177,1.07142,1.07177,1030,16,0
2021-10-15 06:00:00,1.07176,1.07176,1.07122,1.07125,575,16,0
2021-10-15 08:00:00,1.07124,1.07172,1.07095,1.07159,1583,16,0
2021-10-15 10:00:00,1.07159,1.07243,1.07084,1.07108,3326,16,0
2021-10-15 12:00:00,1.07109,1.07232,1.07099,1.07218,2216,16,0
2021-10-15 14:00:00,1.07218,1.07391,1.07184,1.07345,3463,16,0
2021-10-15 16:00:00,1.07346,1.07359,1.07101,1.0711,4227,16,0
2021-10-15 18:00:00,1.07111,1.07152,1.07075,1.07132,2158,16,0
2021-10-15 20:00:00,1.07131,1.07144,1.07093,1.07093,980,16,0
2021-10-15 22:00:00,1.07088,1.07096,1.07016,1.07047,1094,16,0
2021-10-18 00:00:00,1.07047,1.07131,1.07047,1.07076,864,16,0
2021-10-18 02:00:00,1.07075,1.07108,1.07055,1.07068,1785,16,0
2021-10-18 04:00:00,1.07069,1.07104,1.07029,1.07091,1165,16,0
2021-10-18 06:00:00,1.07092,1.07121,1.07088,1.07107,1048,16,0
2021-10-18 08:00:00,1.07108,1.07196,1.07082,1.07152,1773,16,0
2021-10-18 10:00:00,1.07152,1.07293,1.0713,1.07273,3494,16,0
2021-10-18 12:00:00,1.07274,1.0735,1.07219,1.07276,4999,16,0
2021-10-18 14:00:00,1.07276,1.07279,1.07089,1.0719,3350,16,0
2021-10-18 16:00:00,1.07191,1.07268,1.07152,1.0717,3845,16,0
2021-10-18 18:00:00,1.07168,1.07214,1.07151,1.07196,1720,16,0
2021-10-18 20:00:00,1.07197,1.07218,1.07153,1.07179,1094,16,0
2021-10-18 22:00:00,1.07177,1.07249,1.07157,1.07217,1073,16,0
2021-10-19 00:00:00,1.07169,1.07265,1.07092,1.07237,385,16,0
2021-10-19 02:00:00,1.07238,1.07293,1.07233,1.0726,951,16,0
2021-10-19 04:00:00,1.0726,1.07335,1.07246,1.07332,1106,16,0
2021-10-19 06:00:00,1.07332,1.07334,1.07261,1.07269,974,16,0
2021-10-19 08:00:00,1.0727,1.07302,1.07204,1.07212,1895,16,0
2021-10-19 10:00:00,1.07211,1.07286,1.07098,1.07189,3846,16,0
2021-10-19 12:00:00,1.0719,1.07194,1.071,1.07146,3044,16,0
2021-10-19 14:00:00,1.07145,1.07176,1.07121,1.07128,2890,16,0
2021-10-19 16:00:00,1.07127,1.07268,1.07105,1.07244,4540,16,0
2021-10-19 18:00:00,1.07245,1.07371,1.07245,1.07365,2118,16,0
2021-10-19 20:00:00,1.07365,1.07394,1.07357,1.07386,1091,16,0
2021-10-19 22:00:00,1.07381,1.07399,1.07315,1.07338,1160,16,0
2021-10-20 00:00:00,1.07345,1.07376,1.07233,1.0736,344,18,0
2021-10-20 02:00:00,1.07362,1.07519,1.07338,1.07513,1496,16,0
2021-10-20 04:00:00,1.07511,1.07577,1.07484,1.0756,1398,16,0
2021-10-20 06:00:00,1.0756,1.07634,1.07558,1.07613,856,16,0
2021-10-20 08:00:00,1.07611,1.07645,1.07494,1.07521,1831,16,0
2021-10-20 10:00:00,1.0752,1.07522,1.07423,1.07502,6149,16,0
2021-10-20 12:00:00,1.07502,1.07512,1.07345,1.07359,7644,16,0
2021-10-20 14:00:00,1.0736,1.07443,1.07292,1.07302,2874,16,0
2021-10-20 16:00:00,1.07303,1.07305,1.07108,1.07116,3967,16,0
2021-10-20 18:00:00,1.07116,1.07137,1.07048,1.07111,2324,16,0
2021-10-20 20:00:00,1.07112,1.07143,1.07074,1.07106,1573,16,0
2021-10-20 22:00:00,1.07103,1.07106,1.07046,1.07055,1173,16,0
2021-10-21 00:00:00,1.07045,1.07063,1.07036,1.07049,459,16,0
2021-10-21 02:00:00,1.07049,1.07112,1.07048,1.07104,1073,16,0
2021-10-21 04:00:00,1.07103,1.07174,1.07103,1.07156,1147,16,0
2021-10-21 06:00:00,1.07156,1.07168,1.07051,1.07063,1084,16,0
2021-10-21 08:00:00,1.07062,1.07108,1.07039,1.0707,1995,16,0
2021-10-21 10:00:00,1.07067,1.07137,1.07013,1.07054,3423,16,0
2021-10-21 12:00:00,1.07055,1.07056,1.06932,1.06941,2126,16,0
2021-10-21 14:00:00,1.0694,1.06957,1.06834,1.06859,3692,16,0
2021-10-21 16:00:00,1.06857,1.06924,1.06805,1.06853,3853,16,0
2021-10-21 18:00:00,1.06853,1.06862,1.06774,1.06817,2236,16,0
2021-10-21 20:00:00,1.06816,1.06849,1.06743,1.06751,1364,16,0
2021-10-21 22:00:00,1.06751,1.06754,1.06693,1.06693,1239,16,0
2021-10-22 00:00:00,1.06683,1.06754,1.06677,1.06735,395,17,0
2021-10-22 02:00:00,1.06735,1.06767,1.06715,1.06754,1073,16,0
2021-10-22 04:00:00,1.06753,1.0679,1.06694,1.06702,1214,16,0
2021-10-22 06:00:00,1.06702,1.06729,1.06694,1.06709,556,17,0
2021-10-22 08:00:00,1.06709,1.06755,1.06691,1.06731,1891,16,0
2021-10-22 10:00:00,1.06732,1.06818,1.06706,1.06757,3144,16,0
2021-10-22 12:00:00,1.06756,1.06789,1.06666,1.06667,6022,16,0
2021-10-22 14:00:00,1.0667,1.06729,1.06605,1.06633,4425,16,0
2021-10-22 16:00:00,1.06631,1.06671,1.06581,1.06659,3968,16,0
2021-10-22 18:00:00,1.06659,1.06707,1.06585,1.06619,3731,16,0
2021-10-22 20:00:00,1.0662,1.06668,1.06601,1.06601,1387,16,0
2021-10-22 22:00:00,1.06601,1.06666,1.06601,1.06628,883,16,0
2021-10-25 00:00:00,1.06628,1.06681,1.06554,1.06677,569,17,0
2021-10-25 02:00:00,1.06677,1.06703,1.06636,1.06682,1724,16,0
2021-10-25 04:00:00,1.06683,1.06754,1.06678,1.06722,1214,16,0
2021-10-25 06:00:00,1.06721,1.06761,1.06698,1.06698,874,16,0
2021-10-25 08:00:00,1.06698,1.06818,1.06695,1.06785,1302,16,0
2021-10-25 10:00:00,1.06785,1.06913,1.06733,1.06872,3505,16,0
2021-10-25 12:00:00,1.06873,1.06914,1.06807,1.06831,8784,16,0
2021-10-25 14:00:00,1.06829,1.06834,1.06619,1.0665,4620,16,0
2021-10-25 16:00:00,1.0665,1.06794,1.06573,1.06756,4072,16,0
2021-10-25 18:00:00,1.06757,1.06787,1.067,1.06753,2045,16,0
2021-10-25 20:00:00,1.06752,1.06779,1.06715,1.06779,929,16,0
2021-10-25 22:00:00,1.06778,1.06801,1.0674,1.0674,874,16,0
2021-10-26 00:00:00,1.06699,1.06791,1.06614,1.06779,397,18,0
2021-10-26 02:00:00,1.06779,1.06823,1.06768,1.06823,844,16,0
2021-10-26 04:00:00,1.06822,1.06857,1.06798,1.06809,977,16,0
2021-10-26 06:00:00,1.06808,1.06826,1.06782,1.06826,514,16,0
2021-10-26 08:00:00,1.06826,1.06852,1.06764,1.06804,1407,16,0
2021-10-26 10:00:00,1.06803,1.07027,1.06741,1.06952,3746,16,0
2021-10-26 12:00:00,1.06952,1.06976,1.06788,1.06826,2573,16,0
2021-10-26 14:00:00,1.06825,1.06867,1.06777,1.06821,3331,16,0
2021-10-26 16:00:00,1.06822,1.06859,1.06684,1.06692,3840,16,0
2021-10-26 18:00:00,1.06692,1.0671,1.06625,1.06647,1973,16,0
2021-10-26 20:00:00,1.06648,1.0667,1.06604,1.06662,972,16,0
2021-10-26 22:00:00,1.06662,1.06676,1.06614,1.06616,897,16,0
2021-10-27 00:00:00,1.06644,1.06658,1.06584,1.06653,511,21,0
2021-10-27 02:00:00,1.06652,1.06716,1.0664,1.06713,1139,16,0
2021-10-27 04:00:00,1.06712,1.06727,1.06652,1.0668,973,16,0
2021-10-27 06:00:00,1.06681,1.06696,1.06639,1.06641,485,16,0
2021-10-27 08:00:00,1.06642,1.06693,1.06521,1.06568,1552,16,0
2021-10-27 10:00:00,1.06568,1.06665,1.06444,1.06453,4134,16,0
2021-10-27 12:00:00,1.06453,1.06641,1.06357,1.06637,6448,16,0
2021-10-27 14:00:00,1.06637,1.06714,1.06593,1.06614,3685,16,0
2021-10-27 16:00:00,1.06617,1.06624,1.06382,1.06405,4033,16,0
2021-10-27 18:00:00,1.06406,1.06534,1.06373,1.06534,2152,16,0
2021-10-27 20:00:00,1.06536,1.06538,1.06473,1.06483,1604,16,0
2021-10-27 22:00:00,1.06482,1.0653,1.06469,1.06469,1390,16,0
2021-10-28 00:00:00,1.06466,1.06537,1.06395,1.06513,412,18,0
2021-10-28 02:00:00,1.06517,1.0652,1.06481,1.0649,1083,16,0
2021-10-28 04:00:00,1.06489,1.06548,1.0646,1.06546,1511,16,0
2021-10-28 06:00:00,1.06545,1.06613,1.06544,1.06589,831,16,0
2021-10-28 08:00:00,1.06588,1.06622,1.06534,1.06552,1896,16,0
2021-10-28 10:00:00,1.06549,1.06569,1.0644,1.06455,5731,16,0
2021-10-28 12:00:00,1.06452,1.06597,1.06394,1.06597,7502,16,0
2021-10-28 14:00:00,1.06598,1.06693,1.06458,1.0662,7211,16,0
2021-10-28 16:00:00,1.06619,1.06702,1.06496,1.06678,9191,16,0
2021-10-28 18:00:00,1.06678,1.06679,1.06528,1.06528,4365,16,0
2021-10-28 20:00:00,1.0653,1.06564,1.06508,1.06528,1295,16,0
2021-10-28 22:00:00,1.06527,1.06556,1.06511,1.06521,1934,16,0
2021-10-29 00:00:00,1.06475,1.065,1.06417,1.06486,975,60,0
2021-10-29 02:00:00,1.06487,1.06526,1.06419,1.06445,1894,60,0
2021-10-29 04:00:00,1.06446,1.06454,1.06382,1.06406,1301,60,0
2021-10-29 06:00:00,1.06405,1.06449,1.06383,1.06397,1221,26,0
2021-10-29 08:00:00,1.06397,1.06471,1.06314,1.06365,2555,19,0
2021-10-29 10:00:00,1.06365,1.06367,1.0619,1.06216,4292,16,0
2021-10-29 12:00:00,1.06221,1.06228,1.06113,1.06147,3608,16,0
2021-10-29 14:00:00,1.06146,1.06254,1.06006,1.06006,4960,16,0
2021-10-29 16:00:00,1.06007,1.06103,1.05709,1.05752,8073,16,0
2021-10-29 18:00:00,1.05755,1.06013,1.05692,1.05778,6646,16,0
2021-10-29 20:00:00,1.05778,1.05847,1.05756,1.05806,1953,16,0
2021-10-29 22:00:00,1.05805,1.05891,1.05768,1.05779,1895,17,0
2021-11-01 00:00:00,1.05779,1.05895,1.05779,1.05864,1134,17,0
2021-11-01 02:00:00,1.05865,1.05893,1.05821,1.05841,1311,16,0
2021-11-01 04:00:00,1.05841,1.05907,1.05826,1.05879,1175,16,0
2021-11-01 06:00:00,1.05878,1.05927,1.05865,1.05907,1183,16,0
2021-11-01 08:00:00,1.05907,1.05965,1.05866,1.05965,3352,16,0
2021-11-01 10:00:00,1.05966,1.06033,1.05846,1.05853,3980,16,0
2021-11-01 12:00:00,1.05852,1.05889,1.05654,1.05663,2764,16,0
2021-11-01 14:00:00,1.05664,1.05729,1.05512,1.05512,4624,16,0
2021-11-01 16:00:00,1.05511,1.05574,1.05467,1.0554,4352,16,0
2021-11-01 18:00:00,1.05538,1.05668,1.05519,1.0558,1932,16,0
2021-11-01 20:00:00,1.05579,1.05593,1.05502,1.05508,1974,16,0
2021-11-01 22:00:00,1.05509,1.05538,1.05391,1.0547,1111,16,0
2021-11-02 00:00:00,1.05461,1.05512,1.05453,1.05477,955,18,0
2021-11-02 02:00:00,1.05477,1.05613,1.05474,1.05606,1532,17,0
2021-11-02 04:00:00,1.05607,1.05612,1.0552,1.05541,1108,16,0
2021-11-02 06:00:00,1.05543,1.05575,1.05491,1.05527,1476,17,0
2021-11-02 08:00:00,1.05526,1.05662,1.05495,1.0564,2500,16,0
2021-11-02 10:00:00,1.05639,1.0583,1.05595,1.05757,3945,16,0
2021-11-02 12:00:00,1.05758,1.05912,1.0571,1.05877,2751,16,0
2021-11-02 14:00:00,1.05877,1.05991,1.05826,1.05861,3601,16,0
2021-11-02 16:00:00,1.0586,1.06036,1.05827,1.05913,4214,16,0
2021-11-02 18:00:00,1.05912,1.05922,1.0585,1.05861,2273,16,0
2021-11-02 20:00:00,1.0586,1.05908,1.05843,1.05881,1348,16,0
2021-11-02 22:00:00,1.05882,1.0591,1.05829,1.05889,488,18,0
2021-11-03 00:00:00,1.05879,1.05933,1.05852,1.0592,660,18,0
2021-11-03 02:00:00,1.05919,1.05928,1.05844,1.05861,886,18,0
2021-11-03 04:00:00,1.05859,1.05896,1.05818,1.05831,938,16,0
2021-11-03 06:00:00,1.0583,1.05856,1.05816,1.05852,805,17,0
2021-11-03 08:00:00,1.05852,1.05904,1.05805,1.05848,1525,16,0
2021-11-03 10:00:00,1.05847,1.05858,1.05571,1.05607,3164,16,0
2021-11-03 12:00:00,1.05607,1.05611,1.05516,1.056,2940,16,0
2021-11-03 14:00:00,1.056,1.05694,1.0556,1.05609,4626,16,0
2021-11-03 16:00:00,1.05607,1.05727,1.05561,1.05655,3909,16,0
2021-11-03 18:00:00,1.05655,1.0577,1.05608,1.05694,2542,16,0
2021-11-03 20:00:00,1.05708,1.05815,1.05674,1.05796,8119,16,0
2021-11-03 22:00:00,1.05797,1.05881,1.0577,1.05831,1901,20,0
2021-11-04 00:00:00,1.05825,1.059,1.05822,1.05848,812,20,0
2021-11-04 02:00:00,1.05848,1.05887,1.05815,1.05829,1667,18,0
2021-11-04 04:00:00,1.05831,1.05848,1.05767,1.05771,1059,18,0
2021-11-04 06:00:00,1.0577,1.05782,1.05712,1.05735,845,17,0
2021-11-04 08:00:00,1.05735,1.05771,1.05691,1.05733,1982,16,0
2021-11-04 10:00:00,1.05737,1.05737,1.05354,1.0543,4299,16,0
2021-11-04 12:00:00,1.05429,1.05536,1.05385,1.05535,2730,16,0
2021-11-04 14:00:00,1.05535,1.05612,1.05489,1.05539,5814,16,0
2021-11-04 16:00:00,1.05533,1.05539,1.05356,1.05383,5428,16,0
2021-11-04 18:00:00,1.05384,1.05446,1.0535,1.05368,2559,16,0
2021-11-04 20:00:00,1.0537,1.05464,1.05369,1.05422,1522,16,0
2021-11-04 22:00:00,1.05422,1.05429,1.05382,1.05404,617,22,0
2021-11-05 00:00:00,1.05408,1.05453,1.054,1.0545,898,21,0
2021-11-05 02:00:00,1.05451,1.05455,1.05338,1.05347,1985,16,0
2021-11-05 04:00:00,1.05348,1.05446,1.05335,1.05418,1039,16,0
2021-11-05 06:00:00,1.05419,1.05452,1.05418,1.05434,829,18,0
2021-11-05 08:00:00,1.05433,1.05599,1.05407,1.05595,1670,16,0
2021-11-05 10:00:00,1.05596,1.05625,1.05434,1.05596,3764,16,0
2021-11-05 12:00:00,1.05594,1.05758,1.05571,1.0571,3206,16,0
2021-11-05 14:00:00,1.05711,1.05728,1.05467,1.0547,7982,16,0
2021-11-05 16:00:00,1.05469,1.05535,1.05422,1.05509,5016,16,0
2021-11-05 18:00:00,1.0551,1.05513,1.05384,1.05388,2500,16,0
2021-11-05 20:00:00,1.05388,1.05489,1.05367,1.05482,1607,16,0
2021-11-05 22:00:00,1.05483,1.05535,1.05465,1.05497,889,16,0
2021-11-08 00:00:00,1.05497,1.05517,1.05405,1.05495,1256,21,0
2021-11-08 02:00:00,1.05494,1.05538,1.05463,1.05538,1578,16,0
2021-11-08 04:00:00,1.0554,1.05594,1.05532,1.05565,1016,16,0
2021-11-08 06:00:00,1.05564,1.05588,1.05542,1.05585,975,17,0
2021-11-08 08:00:00,1.05586,1.057,1.05577,1.05667,2488,16,0
2021-11-08 10:00:00,1.05667,1.05781,1.05637,1.05756,4593,16,0
2021-11-08 12:00:00,1.05756,1.05897,1.05719,1.05885,2432,16,0
2021-11-08 14:00:00,1.05885,1.0597,1.05831,1.0589,3742,16,0
2021-11-08 16:00:00,1.0589,1.05929,1.05819,1.05848,4755,16,0
2021-11-08 18:00:00,1.05847,1.059,1.05794,1.05846,2125,16,0
2021-11-08 20:00:00,1.05845,1.05848,1.05788,1.05836,950,16,0
2021-11-08 22:00:00,1.05832,1.05873,1.05816,1.05845,1101,16,0
2021-11-09 00:00:00,1.05782,1.05839,1.05743,1.05838,587,18,0
2021-11-09 02:00:00,1.05838,1.0585,1.05768,1.05786,1604,16,0
2021-11-09 04:00:00,1.05785,1.05818,1.0567,1.05693,2219,16,0
2021-11-09 06:00:00,1.05693,1.0581,1.05693,1.05788,1532,17,0
2021-11-09 08:00:00,1.05787,1.05893,1.05765,1.05831,2285,16,0
2021-11-09 10:00:00,1.05831,1.05873,1.05762,1.05826,3396,16,0
2021-11-09 12:00:00,1.05825,1.05971,1.05798,1.05931,2742,16,0
2021-11-09 14:00:00,1.05931,1.05957,1.05823,1.05879,4241,16,0
2021-11-09 16:00:00,1.05879,1.059,1.05741,1.05773,7291,16,0
2021-11-09 18:00:00,1.05773,1.0579,1.05586,1.05604,3488,16,0
2021-11-09 20:00:00,1.05605,1.0563,1.05528,1.05556,1928,16,0
2021-11-09 22:00:00,1.05555,1.05635,1.05546,1.05617,1349,16,0
2021-11-10 00:00:00,1.05574,1.05643,1.05525,1.05616,578,20,0
2021-11-10 02:00:00,1.05617,1.05676,1.05585,1.05644,1776,16,0
2021-11-10 04:00:00,1.05645,1.0565,1.05584,1.05614,1326,16,0
2021-11-10 06:00:00,1.05614,1.05693,1.05609,1.05683,1352,16,0
2021-11-10 08:00:00,1.05684,1.05702,1.05591,1.05606,2541,16,0
2021-11-10 10:00:00,1.05605,1.05651,1.05494,1.05619,4370,16,0
2021-11-10 12:00:00,1.05619,1.05627,1.05552,1.05557,3222,16,0
2021-11-10 14:00:00,1.05558,1.05588,1.05451,1.05466,6961,16,0
2021-11-10 16:00:00,1.05463,1.05567,1.05453,1.05541,8904,16,0
2021-11-10 18:00:00,1.05541,1.05595,1.055,1.05536,4699,16,0
2021-11-10 20:00:00,1.05536,1.05597,1.0539,1.05395,4522,16,0
2021-11-10 22:00:00,1.05395,1.05431,1.05368,1.05382,1927,16,0
2021-11-11 00:00:00,1.0537,1.05435,1.05359,1.05427,739,21,0
2021-11-11 02:00:00,1.05426,1.05449,1.05394,1.05423,2285,16,0
2021-11-11 04:00:00,1.05423,1.05438,1.05348,1.0539,1315,16,0
2021-11-11 06:00:00,1.0539,1.05463,1.05378,1.0546,766,16,0
2021-11-11 08:00:00,1.0546,1.05475,1.05396,1.05398,1771,16,0
2021-11-11 10:00:00,1.05399,1.05562,1.05343,1.05555,4534,16,0
2021-11-11 12:00:00,1.05554,1.05596,1.05439,1.0558,3893,16,0
2021-11-11 14:00:00,1.05579,1.05695,1.05568,1.05641,3461,16,0
2021-11-11 16:00:00,1.05639,1.05741,1.05543,1.05576,4959,16,0
2021-11-11 18:00:00,1.05576,1.05582,1.05463,1.05468,2425,16,0
2021-11-11 20:00:00,1.05468,1.05517,1.05457,1.05515,1426,16,0
2021-11-11 22:00:00,1.05515,1.05515,1.05427,1.05433,1009,16,0
2021-11-12 00:00:00,1.05437,1.05465,1.05418,1.05456,478,21,0
2021-11-12 02:00:00,1.05456,1.05533,1.05449,1.05533,2309,16,0
2021-11-12 04:00:00,1.05533,1.05563,1.05515,1.05528,895,16,0
2021-11-12 06:00:00,1.05527,1.05538,1.0547,1.05505,1072,16,0
2021-11-12 08:00:00,1.05504,1.05543,1.05493,1.05494,1839,16,0
2021-11-12 10:00:00,1.05494,1.05568,1.05433,1.05516,3610,16,0
2021-11-12 12:00:00,1.05516,1.05668,1.05503,1.05665,2378,16,0
2021-11-12 14:00:00,1.05664,1.05707,1.05597,1.05609,2994,16,0
2021-11-12 16:00:00,1.0561,1.0564,1.05461,1.05467,6546,16,0
2021-11-12 18:00:00,1.05467,1.05473,1.05351,1.05416,3199,16,0
2021-11-12 20:00:00,1.05415,1.05427,1.05361,1.05366,1350,16,0
2021-11-12 22:00:00,1.05366,1.0541,1.05355,1.05384,981,16,0
2021-11-15 00:00:00,1.05384,1.05414,1.05339,1.05388,361,19,0
2021-11-15 02:00:00,1.05388,1.05428,1.05301,1.05312,1595,16,0
2021-11-15 04:00:00,1.05313,1.05338,1.05285,1.05326,1295,16,0
2021-11-15 06:00:00,1.05325,1.05399,1.05315,1.05371,914,16,0
2021-11-15 08:00:00,1.05373,1.05387,1.05333,1.0534,1773,16,0
2021-11-15 10:00:00,1.0534,1.05425,1.0529,1.05347,3621,16,0
2021-11-15 12:00:00,1.05345,1.05384,1.05298,1.05328,2974,16,0
2021-11-15 14:00:00,1.05326,1.05361,1.05289,1.05325,2629,16,0
2021-11-15 16:00:00,1.05323,1.05336,1.05239,1.05303,5173,16,0
2021-11-15 18:00:00,1.05303,1.05314,1.05132,1.05139,4238,16,0
2021-11-15 20:00:00,1.05137,1.05273,1.05102,1.05272,1972,16,0
2021-11-15 22:00:00,1.05271,1.05282,1.05105,1.05148,2465,16,0
2021-11-16 00:00:00,1.05136,1.05186,1.05113,1.05174,1092,19,0
2021-11-16 02:00:00,1.05175,1.05209,1.05141,1.05207,2102,17,0
2021-11-16 04:00:00,1.05208,1.0521,1.0514,1.05155,1786,16,0
2021-11-16 06:00:00,1.05155,1.05207,1.05134,1.05199,1277,17,0
2021-11-16 08:00:00,1.05199,1.05319,1.05149,1.05314,2230,16,0
2021-11-16 10:00:00,1.05315,1.05377,1.052,1.05337,3938,16,0
2021-11-16 12:00:00,1.05336,1.055,1.05319,1.05432,4240,16,0
2021-11-16 14:00:00,1.05432,1.05449,1.05255,1.05323,4505,16,0
2021-11-16 16:00:00,1.05321,1.05385,1.05223,1.05381,7614,16,0
2021-11-16 18:00:00,1.05382,1.05426,1.0532,1.05421,3884,16,0
2021-11-16 20:00:00,1.05421,1.05428,1.05335,1.05354,2185,16,0
2021-11-16 22:00:00,1.05355,1.05373,1.05252,1.053,1956,16,0
2021-11-17 00:00:00,1.05288,1.05309,1.05254,1.05291,1690,17,0
2021-11-17 02:00:00,1.05291,1.05329,1.05274,1.05319,1760,16,0
2021-11-17 04:00:00,1.05317,1.0537,1.05068,1.052,3082,16,0
2021-11-17 06:00:00,1.05203,1.0534,1.052,1.05322,2608,16,0
2021-11-17 08:00:00,1.05322,1.0535,1.05236,1.05252,3444,16,0
2021-11-17 10:00:00,1.05253,1.05439,1.05252,1.05385,4362,16,0
2021-11-17 12:00:00,1.05377,1.05391,1.05228,1.05352,2868,16,0
2021-11-17 14:00:00,1.0535,1.05377,1.05234,1.05285,3849,16,0
2021-11-17 16:00:00,1.05285,1.05326,1.05096,1.0511,5007,16,0
2021-11-17 18:00:00,1.05112,1.05193,1.05052,1.05072,3436,16,0
2021-11-17 20:00:00,1.05072,1.05105,1.05039,1.0505,2157,16,0
2021-11-17 22:00:00,1.0505,1.05089,1.05022,1.05038,1420,16,0
2021-11-18 00:00:00,1.05008,1.05112,1.05,1.05084,682,21,0
2021-11-18 02:00:00,1.05085,1.05122,1.05055,1.05101,1479,16,0
2021-11-18 04:00:00,1.05102,1.05126,1.05054,1.05085,1903,16,0
2021-11-18 06:00:00,1.05086,1.05126,1.05077,1.05094,1558,18,0
2021-11-18 08:00:00,1.05095,1.0517,1.05064,1.05121,1944,16,0
2021-11-18 10:00:00,1.0512,1.05202,1.0504,1.05056,4425,16,0
2021-11-18 12:00:00,1.05055,1.05211,1.05031,1.05111,4316,16,0
2021-11-18 14:00:00,1.0511,1.05149,1.04974,1.05106,5177,16,0
2021-11-18 16:00:00,1.05106,1.0518,1.05032,1.05093,5982,16,0
2021-11-18 18:00:00,1.05094,1.05242,1.05081,1.05225,3117,16,0
2021-11-18 20:00:00,1.05226,1.05243,1.05206,1.05239,1372,16,0
2021-11-18 22:00:00,1.0524,1.05255,1.05207,1.0525,1053,16,0
2021-11-19 00:00:00,1.05194,1.05258,1.05179,1.05235,1019,16,0
2021-11-19 02:00:00,1.05236,1.0528,1.05203,1.05244,1423,16,0
2021-11-19 04:00:00,1.05245,1.05259,1.05194,1.05211,1020,16,0
2021-11-19 06:00:00,1.0521,1.05216,1.05159,1.05165,715,16,0
2021-11-19 08:00:00,1.05163,1.052,1.05111,1.05139,2040,16,0
2021-11-19 10:00:00,1.0514,1.05166,1.04547,1.04597,8016,16,0
2021-11-19 12:00:00,1.04594,1.04808,1.04476,1.04615,7253,16,0
2021-11-19 14:00:00,1.04616,1.04691,1.04471,1.04602,7349,16,0
2021-11-19 16:00:00,1.04601,1.04868,1.04566,1.04864,8309,16,0
2021-11-19 18:00:00,1.04864,1.04883,1.04789,1.04869,3954,16,0
2021-11-19 20:00:00,1.0487,1.04893,1.04793,1.04818,2715,16,0
2021-11-19 22:00:00,1.04818,1.04842,1.04723,1.04734,1930,16,0
2021-11-22 00:00:00,1.04734,1.04818,1.04734,1.04778,928,23,0
2021-11-22 02:00:00,1.04778,1.04841,1.04764,1.04806,2029,16,0
2021-11-22 04:00:00,1.04805,1.04826,1.04706,1.04708,1431,16,0
2021-11-22 06:00:00,1.04709,1.04778,1.04708,1.04772,1357,17,0
2021-11-22 08:00:00,1.04771,1.04825,1.04659,1.04662,2509,16,0
2021-11-22 10:00:00,1.04661,1.04727,1.04598,1.04698,5028,16,0
2021-11-22 12:00:00,1.04699,1.0481,1.04536,1.04577,3847,16,0
2021-11-22 14:00:00,1.04576,1.04633,1.04495,1.04573,3424,16,0
2021-11-22 16:00:00,1.04574,1.04778,1.04474,1.04772,8961,16,0
2021-11-22 18:00:00,1.0477,1.04835,1.04704,1.04816,4022,16,0
2021-11-22 20:00:00,1.04818,1.04822,1.04756,1.04817,2046,16,0
2021-11-22 22:00:00,1.04816,1.04845,1.04806,1.04835,1963,16,0
2021-11-23 00:00:00,1.04799,1.0484,1.04724,1.04834,1016,19,0
2021-11-23 02:00:00,1.0483,1.04842,1.0476,1.0476,1106,16,0
2021-11-23 04:00:00,1.04761,1.04824,1.0476,1.04796,1236,16,0
2021-11-23 06:00:00,1.04796,1.04813,1.04754,1.04805,889,16,0
2021-11-23 08:00:00,1.04805,1.04813,1.04678,1.0474,3781,16,0
2021-11-23 10:00:00,1.04741,1.04966,1.04722,1.04931,8458,16,0
2021-11-23 12:00:00,1.04931,1.04932,1.04791,1.04884,4411,16,0
2021-11-23 14:00:00,1.04884,1.05059,1.04861,1.05007,4299,16,0
2021-11-23 16:00:00,1.05004,1.05072,1.04862,1.05015,5665,16,0
2021-11-23 18:00:00,1.05014,1.05123,1.04983,1.04994,3209,16,0
2021-11-23 20:00:00,1.04996,1.05029,1.04965,1.04997,1789,16,0
2021-11-23 22:00:00,1.05,1.05024,1.04958,1.04958,1281,17,0
2021-11-24 00:00:00,1.04948,1.04979,1.04883,1.04953,601,16,0
2021-11-24 02:00:00,1.04953,1.05033,1.04939,1.04966,1974,16,0
2021-11-24 04:00:00,1.04967,1.05002,1.04919,1.04952,1381,16,0
2021-11-24 06:00:00,1.04951,1.04968,1.04912,1.04922,1581,16,0
2021-11-24 08:00:00,1.04922,1.04971,1.04906,1.04941,2608,16,0
2021-11-24 10:00:00,1.04943,1.05013,1.04801,1.04856,6066,16,0
2021-11-24 12:00:00,1.04854,1.05,1.04828,1.0499,4290,16,0
2021-11-24 14:00:00,1.04989,1.04997,1.04806,1.04825,7055,16,0
2021-11-24 16:00:00,1.04824,1.04967,1.04742,1.04811,8048,16,0
2021-11-24 18:00:00,1.04812,1.0482,1.04675,1.04693,3378,16,0
2021-11-24 20:00:00,1.04692,1.04692,1.04551,1.04607,2456,16,0
2021-11-24 22:00:00,1.04609,1.04637,1.04561,1.04588,1450,16,0
2021-11-25 00:00:00,1.04543,1.04657,1.04541,1.04629,493,16,0
2021-11-25 02:00:00,1.04631,1.04693,1.04631,1.04665,1550,16,0
2021-11-25 04:00:00,1.04665,1.04735,1.04652,1.04699,1126,16,0
2021-11-25 06:00:00,1.04698,1.04713,1.04677,1.04688,786,16,0
2021-11-25 08:00:00,1.04688,1.04716,1.0457,1.04647,1409,16,0
2021-11-25 10:00:00,1.04648,1.04781,1.04641,1.04768,3635,16,0
2021-11-25 12:00:00,1.04768,1.04823,1.04688,1.04819,2727,16,0
2021-11-25 14:00:00,1.04816,1.0484,1.0473,1.04746,2373,16,0
2021-11-25 16:00:00,1.04747,1.04916,1.04747,1.0489,1956,16,0
2021-11-25 18:00:00,1.04889,1.04933,1.04861,1.04877,1288,16,0
2021-11-25 20:00:00,1.04879,1.04908,1.04842,1.04872,7681,18,0
2021-11-25 22:00:00,1.04869,1.04889,1.04827,1.04827,5502,31,0
2021-11-26 00:00:00,1.04817,1.04884,1.04787,1.04833,648,16,0
2021-11-26 02:00:00,1.04833,1.04847,1.04726,1.04768,3246,16,0
2021-11-26 04:00:00,1.04768,1.04777,1.04695,1.047,2706,16,0
2021-11-26 06:00:00,1.04699,1.04719,1.04571,1.04589,2603,16,0
2021-11-26 08:00:00,1.04588,1.04624,1.04388,1.0442,5805,16,0
2021-11-26 10:00:00,1.04421,1.04585,1.04324,1.04356,13753,16,0
2021-11-26 12:00:00,1.04356,1.0447,1.04344,1.04401,7977,16,0
2021-11-26 14:00:00,1.04403,1.04551,1.04383,1.04507,6778,16,0
2021-11-26 16:00:00,1.04509,1.04563,1.04348,1.04397,7741,16,0
2021-11-26 18:00:00,1.04396,1.04434,1.04275,1.0428,4258,16,0
2021-11-26 20:00:00,1.04281,1.04418,1.04254,1.04276,6957,16,0
2021-11-26 22:00:00,1.0427,1.04408,1.04259,1.04305,986,54,0
2021-11-29 00:00:00,1.04305,1.0447,1.04226,1.04378,2023,16,0
2021-11-29 02:00:00,1.04378,1.0448,1.04366,1.04462,3225,16,0
2021-11-29 04:00:00,1.04461,1.0447,1.04372,1.044,1981,16,0
2021-11-29 06:00:00,1.04399,1.04414,1.04334,1.04341,1578,16,0
2021-11-29 08:00:00,1.04341,1.04453,1.04333,1.04414,4640,16,0
2021-11-29 10:00:00,1.04413,1.04413,1.04248,1.04364,6235,16,0
2021-11-29 12:00:00,1.04363,1.04505,1.04285,1.0431,4421,16,0
2021-11-29 14:00:00,1.0431,1.04399,1.04292,1.04299,4468,16,0
2021-11-29 16:00:00,1.04298,1.04375,1.04161,1.04225,6538,16,0
2021-11-29 18:00:00,1.04226,1.04267,1.04147,1.04174,2859,16,0
2021-11-29 20:00:00,1.04174,1.04203,1.04142,1.04198,1201,16,0
2021-11-29 22:00:00,1.0419,1.04208,1.04148,1.04184,1524,16,0
2021-11-30 00:00:00,1.04159,1.04257,1.04131,1.04212,752,18,0
2021-11-30 02:00:00,1.04212,1.04239,1.04178,1.04209,1548,16,0
2021-11-30 04:00:00,1.04211,1.04251,1.04195,1.04223,1527,16,0
2021-11-30 06:00:00,1.04222,1.04237,1.04172,1.04185,4286,16,0
2021-11-30 08:00:00,1.04187,1.0432,1.04176,1.04294,6300,16,0
2021-11-30 10:00:00,1.04295,1.04428,1.04295,1.04325,8191,16,0
2021-11-30 12:00:00,1.04325,1.04355,1.04225,1.04249,5598,16,0
2021-11-30 14:00:00,1.04248,1.0432,1.04213,1.04304,5014,16,0
2021-11-30 16:00:00,1.04305,1.04319,1.04119,1.04124,10932,16,0
2021-11-30 18:00:00,1.04128,1.04137,1.03892,1.04087,10271,16,0
2021-11-30 20:00:00,1.04085,1.0411,1.04011,1.04014,4080,16,0
2021-11-30 22:00:00,1.04013,1.04137,1.04002,1.04117,3255,16,0
2021-12-01 00:00:00,1.04075,1.04218,1.04037,1.04176,1505,17,0
2021-12-01 02:00:00,1.04175,1.04287,1.04151,1.04286,3178,16,0
2021-12-01 04:00:00,1.04284,1.04318,1.04241,1.04278,1850,16,0
2021-12-01 06:00:00,1.04282,1.04321,1.04258,1.04316,1280,16,0
2021-12-01 08:00:00,1.04315,1.04329,1.04088,1.04233,4035,16,0
2021-12-01 10:00:00,1.04231,1.04277,1.04044,1.04117,7692,16,0
2021-12-01 12:00:00,1.04117,1.04231,1.04083,1.0419,3416,16,0
2021-12-01 14:00:00,1.04191,1.04316,1.04186,1.04211,5089,16,0
2021-12-01 16:00:00,1.04212,1.0425,1.04098,1.04232,6760,16,0
2021-12-01 18:00:00,1.04231,1.0427,1.04067,1.04077,4601,16,0
2021-12-01 20:00:00,1.04075,1.0415,1.04043,1.04149,2741,16,0
2021-12-01 22:00:00,1.0415,1.04197,1.04106,1.04185,2215,16,0
2021-12-02 00:00:00,1.04095,1.04214,1.04061,1.04198,599,20,0
2021-12-02 02:00:00,1.04198,1.04203,1.04121,1.04172,2664,16,0
2021-12-02 04:00:00,1.0417,1.04192,1.04154,1.04189,1363,16,0
2021-12-02 06:00:00,1.04188,1.04274,1.04168,1.04255,964,16,0
2021-12-02 08:00:00,1.04255,1.04263,1.04172,1.04255,2932,16,0
2021-12-02 10:00:00,1.04256,1.04353,1.04203,1.04239,4209,16,0
2021-12-02 12:00:00,1.04237,1.04274,1.04143,1.04232,3892,16,0
2021-12-02 14:00:00,1.04228,1.04251,1.04109,1.04136,4498,16,0
2021-12-02 16:00:00,1.04136,1.04222,1.04021,1.04039,6740,16,0
2021-12-02 18:00:00,1.04038,1.04111,1.0402,1.04052,4348,16,0
2021-12-02 20:00:00,1.0405,1.0405,1.04012,1.04021,1488,16,0
2021-12-02 22:00:00,1.0402,1.04057,1.03985,1.0399,1328,16,0
2021-12-03 00:00:00,1.0397,1.04005,1.03951,1.03987,992,17,0
2021-12-03 02:00:00,1.03987,1.04006,1.03928,1.03943,1810,16,0
2021-12-03 04:00:00,1.03944,1.03975,1.03925,1.03972,901,16,0
2021-12-03 06:00:00,1.03971,1.04023,1.03971,1.04008,987,16,0
2021-12-03 08:00:00,1.04009,1.04033,1.03965,1.04029,1854,16,0
2021-12-03 10:00:00,1.0403,1.04073,1.03963,1.03998,3196,16,0
2021-12-03 12:00:00,1.03997,1.04028,1.03939,1.03983,3073,16,0
2021-12-03 14:00:00,1.03983,1.03993,1.03823,1.03969,6525,16,0
2021-12-03 16:00:00,1.03969,1.03984,1.03751,1.03778,9036,16,0
2021-12-03 18:00:00,1.03779,1.0389,1.03765,1.03836,5728,16,0
2021-12-03 20:00:00,1.03837,1.03861,1.03775,1.0379,2614,16,0
2021-12-03 22:00:00,1.03791,1.03851,1.03759,1.03759,2531,16,0
2021-12-06 00:00:00,1.03759,1.03855,1.03759,1.03823,785,16,0
2021-12-06 02:00:00,1.03823,1.03895,1.03805,1.03892,1913,16,0
2021-12-06 04:00:00,1.03892,1.03936,1.03885,1.03918,975,16,0
2021-12-06 06:00:00,1.03918,1.03934,1.0387,1.03872,988,16,0
2021-12-06 08:00:00,1.03872,1.03982,1.03863,1.03914,1870,16,0
2021-12-06 10:00:00,1.03915,1.0422,1.03909,1.04217,4120,16,0
2021-12-06 12:00:00,1.04218,1.04238,1.04122,1.0416,2894,16,0
2021-12-06 14:00:00,1.0416,1.04206,1.04096,1.042,3846,16,0
2021-12-06 16:00:00,1.04201,1.04373,1.04123,1.04351,5497,16,0
2021-12-06 18:00:00,1.0435,1.04479,1.04323,1.04476,3409,16,0
2021-12-06 20:00:00,1.04478,1.04487,1.04432,1.04438,1687,16,0
2021-12-06 22:00:00,1.04438,1.04449,1.04396,1.04429,1395,16,0
2021-12-07 00:00:00,1.04388,1.04449,1.04388,1.04426,745,21,0
2021-12-07 02:00:00,1.04425,1.0444,1.04341,1.04368,1217,16,0
2021-12-07 04:00:00,1.04368,1.0437,1.04324,1.0434,1676,16,0
2021-12-07 06:00:00,1.04341,1.04404,1.04337,1.0439,1140,16,0
2021-12-07 08:00:00,1.04387,1.04468,1.0433,1.04336,2276,16,0
2021-12-07 10:00:00,1.04336,1.04348,1.041,1.04111,4905,16,0
2021-12-07 12:00:00,1.04111,1.04168,1.04023,1.0412,2915,16,0
2021-12-07 14:00:00,1.04123,1.04237,1.04083,1.04143,4495,16,0
2021-12-07 16:00:00,1.04144,1.04195,1.04027,1.04161,4703,16,0
2021-12-07 18:00:00,1.0416,1.04214,1.04142,1.04163,2413,16,0
2021-12-07 20:00:00,1.04162,1.04163,1.0407,1.04138,1218,16,0
2021-12-07 22:00:00,1.04137,1.04225,1.04112,1.042,1481,16,0
2021-12-08 00:00:00,1.04146,1.0422,1.04122,1.04209,396,17,0
2021-12-08 02:00:00,1.0421,1.04226,1.04155,1.04213,1371,16,0
2021-12-08 04:00:00,1.04213,1.04292,1.04212,1.04271,1098,16,0
2021-12-08 06:00:00,1.0427,1.04294,1.04265,1.0429,681,16,0
2021-12-08 08:00:00,1.04289,1.04343,1.0422,1.04297,2175,16,0
2021-12-08 10:00:00,1.04298,1.0437,1.04238,1.04289,3776,16,0
2021-12-08 12:00:00,1.0429,1.04356,1.04188,1.04228,5057,16,0
2021-12-08 14:00:00,1.04228,1.04407,1.04219,1.04392,6982,16,0
2021-12-08 16:00:00,1.04392,1.04547,1.04317,1.04529,5897,16,0
2021-12-08 18:00:00,1.0453,1.04545,1.04416,1.04476,3178,16,0
2021-12-08 20:00:00,1.04476,1.04495,1.04394,1.04395,1377,16,0
2021-12-08 22:00:00,1.04395,1.0443,1.04371,1.0439,1519,16,0
2021-12-09 00:00:00,1.04394,1.04426,1.04316,1.04379,380,20,0
2021-12-09 02:00:00,1.04378,1.04412,1.04347,1.04412,928,16,0
2021-12-09 04:00:00,1.04412,1.04423,1.04346,1.04355,677,16,0
2021-12-09 06:00:00,1.04354,1.04359,1.04316,1.04316,1035,16,0
2021-12-09 08:00:00,1.04316,1.04354,1.04236,1.04236,2929,16,0
2021-12-09 10:00:00,1.04236,1.04336,1.04196,1.04323,3775,16,0
2021-12-09 12:00:00,1.04323,1.04434,1.04272,1.0438,3401,16,0
2021-12-09 14:00:00,1.04379,1.04518,1.0433,1.04513,5075,16,0
2021-12-09 16:00:00,1.04514,1.04539,1.04393,1.04425,4961,16,0
2021-12-09 18:00:00,1.04425,1.04526,1.04408,1.0442,2513,16,0
2021-12-09 20:00:00,1.04421,1.04461,1.0434,1.04351,2023,16,0
2021-12-09 22:00:00,1.04351,1.04375,1.04296,1.04311,1311,16,0
2021-12-10 00:00:00,1.04245,1.04351,1.04244,1.04318,599,18,0
2021-12-10 02:00:00,1.04315,1.04346,1.04258,1.0431,1521,16,0
2021-12-10 04:00:00,1.04309,1.04404,1.04306,1.04372,736,18,0
2021-12-10 06:00:00,1.04371,1.04426,1.04362,1.04377,841,16,0
2021-12-10 08:00:00,1.04375,1.04468,1.04375,1.0439,2439,16,0
2021-12-10 10:00:00,1.04392,1.04413,1.04197,1.04219,3876,16,0
2021-12-10 12:00:00,1.04216,1.04252,1.0417,1.04203,2562,16,0
2021-12-10 14:00:00,1.04202,1.04299,1.04161,1.04259,4882,16,0
2021-12-10 16:00:00,1.04258,1.04276,1.04088,1.04182,5053,16,0
2021-12-10 18:00:00,1.04181,1.04192,1.04113,1.04168,2667,16,0
2021-12-10 20:00:00,1.04167,1.04184,1.04146,1.04165,1032,16,0
2021-12-10 22:00:00,1.04165,1.04209,1.04149,1.04173,940,16,0
2021-12-13 00:00:00,1.04195,1.04225,1.04089,1.042,1213,16,0
2021-12-13 02:00:00,1.04199,1.0425,1.04178,1.04194,1159,16,0
2021-12-13 04:00:00,1.04193,1.04202,1.0411,1.04132,961,16,0
2021-12-13 06:00:00,1.04133,1.04163,1.04106,1.04158,665,16,0
2021-12-13 08:00:00,1.04157,1.04168,1.04088,1.04168,1747,16,0
2021-12-13 10:00:00,1.04168,1.04294,1.04162,1.04208,3557,16,0
2021-12-13 12:00:00,1.04209,1.04236,1.04119,1.04207,2970,16,0
2021-12-13 14:00:00,1.04205,1.04277,1.04108,1.04143,3455,16,0
2021-12-13 16:00:00,1.04142,1.04156,1.04016,1.04089,4338,16,0
2021-12-13 18:00:00,1.04087,1.04112,1.04036,1.0408,2714,16,0
2021-12-13 20:00:00,1.0408,1.04117,1.04071,1.04072,827,16,0
2021-12-13 22:00:00,1.04073,1.04127,1.0407,1.04085,1420,16,0
2021-12-14 00:00:00,1.04105,1.04118,1.04058,1.04072,690,16,0
2021-12-14 02:00:00,1.04072,1.04121,1.04066,1.04107,1416,17,0
2021-12-14 04:00:00,1.04107,1.04154,1.04086,1.04095,989,16,0
2021-12-14 06:00:00,1.04094,1.04118,1.04081,1.04105,682,16,0
2021-12-14 08:00:00,1.04106,1.04131,1.04061,1.04062,1497,16,0
2021-12-14 10:00:00,1.04064,1.04092,1.03888,1.04034,3950,16,0
2021-12-14 12:00:00,1.04034,1.04068,1.04003,1.04061,3226,16,0
2021-12-14 14:00:00,1.04063,1.04129,1.03966,1.03976,4346,16,0
2021-12-14 16:00:00,1.03975,1.04164,1.0394,1.04152,4422,16,0
2021-12-14 18:00:00,1.0415,1.04171,1.04003,1.04016,2817,16,0
2021-12-14 20:00:00,1.04016,1.04056,1.03976,1.04024,1332,16,0
2021-12-14 22:00:00,1.04026,1.04045,1.04004,1.0403,1089,16,0
2021-12-15 00:00:00,1.0394,1.04041,1.0392,1.04031,800,20,0
2021-12-15 02:00:00,1.0403,1.04078,1.04024,1.04072,1083,18,0
2021-12-15 04:00:00,1.04071,1.04088,1.04006,1.04066,815,16,0
2021-12-15 06:00:00,1.04066,1.04124,1.04062,1.0411,708,16,0
2021-12-15 08:00:00,1.0411,1.04198,1.04078,1.04163,1664,16,0
2021-12-15 10:00:00,1.04165,1.04226,1.04117,1.0417,3396,16,0
2021-12-15 12:00:00,1.04171,1.04257,1.04124,1.0415,2171,16,0
2021-12-15 14:00:00,1.04151,1.04249,1.04092,1.04217,4011,16,0
2021-12-15 16:00:00,1.04214,1.04382,1.04168,1.04213,5792,16,0
2021-12-15 18:00:00,1.04212,1.04343,1.04188,1.04334,2985,16,0
2021-12-15 20:00:00,1.04333,1.04392,1.04158,1.04352,8352,16,0
2021-12-15 22:00:00,1.04352,1.04416,1.04314,1.04399,4328,16,0
2021-12-16 00:00:00,1.04302,1.04417,1.04278,1.04369,919,21,0
2021-12-16 02:00:00,1.04369,1.04424,1.04369,1.04392,1865,16,0
2021-12-16 04:00:00,1.04393,1.044,1.04285,1.04314,1722,16,0
2021-12-16 06:00:00,1.04314,1.04469,1.0429,1.04397,1692,16,0
2021-12-16 08:00:00,1.04399,1.04431,1.04329,1.0436,2516,16,0
2021-12-16 10:00:00,1.04359,1.04525,1.04289,1.04525,4868,16,0
2021-12-16 12:00:00,1.04525,1.04618,1.04464,1.04498,3908,16,0
2021-12-16 14:00:00,1.04496,1.04659,1.0443,1.04562,9677,16,0
2021-12-16 16:00:00,1.04561,1.04562,1.04184,1.04218,7720,16,0
2021-12-16 18:00:00,1.04218,1.04271,1.04154,1.04187,2726,16,0
2021-12-16 20:00:00,1.04189,1.04199,1.04093,1.04103,1820,16,0
2021-12-16 22:00:00,1.04102,1.04191,1.04093,1.04159,1697,16,0
2021-12-17 00:00:00,1.04094,1.04172,1.04093,1.04145,1023,22,0
2021-12-17 02:00:00,1.04146,1.04182,1.04072,1.04083,1632,16,0
2021-12-17 04:00:00,1.04083,1.04145,1.04068,1.04098,1584,17,0
2021-12-17 06:00:00,1.04097,1.04178,1.04078,1.04174,1541,16,0
2021-12-17 08:00:00,1.04174,1.04174,1.04041,1.04081,2355,16,0
2021-12-17 10:00:00,1.04079,1.04125,1.0399,1.04037,5098,16,0
2021-12-17 12:00:00,1.04038,1.04091,1.03961,1.04083,3481,16,0
2021-12-17 14:00:00,1.04083,1.04131,1.04031,1.04108,3898,16,0
2021-12-17 16:00:00,1.04108,1.04144,1.03965,1.03968,5750,16,0
2021-12-17 18:00:00,1.03967,1.04091,1.0394,1.04064,2811,16,0
2021-12-17 20:00:00,1.04065,1.04073,1.03932,1.03936,2216,16,0
2021-12-17 22:00:00,1.03937,1.03949,1.03824,1.03828,1954,16,0
2021-12-20 00:00:00,1.03828,1.03884,1.03794,1.03798,1390,16,0
2021-12-20 02:00:00,1.03796,1.039,1.03796,1.03845,2412,16,0
2021-12-20 04:00:00,1.03844,1.03897,1.03828,1.03896,1238,16,0
2021-12-20 06:00:00,1.03895,1.03915,1.0385,1.03899,1007,16,0
2021-12-20 08:00:00,1.03898,1.0401,1.03869,1.03977,2605,16,0
2021-12-20 10:00:00,1.03977,1.04096,1.03932,1.04052,5152,16,0
2021-12-20 12:00:00,1.04052,1.04113,1.04028,1.04095,4463,16,0
2021-12-20 14:00:00,1.04094,1.04129,1.0403,1.04114,3893,16,0
2021-12-20 16:00:00,1.04113,1.04125,1.03889,1.03966,4245,16,0
2021-12-20 18:00:00,1.03966,1.03981,1.03872,1.03948,2373,16,0
2021-12-20 20:00:00,1.03949,1.04016,1.03942,1.03991,1518,16,0
2021-12-20 22:00:00,1.03991,1.0401,1.03884,1.03889,1612,16,0
2021-12-21 00:00:00,1.0381,1.03941,1.0381,1.03941,349,22,0
2021-12-21 02:00:00,1.0394,1.03973,1.03889,1.03964,1290,19,0
2021-12-21 04:00:00,1.03965,1.03993,1.03953,1.03972,907,18,0
2021-12-21 06:00:00,1.03971,1.04003,1.03929,1.04001,1134,17,0
2021-12-21 08:00:00,1.04002,1.04002,1.03897,1.03954,2392,16,0
2021-12-21 10:00:00,1.03954,1.04,1.03861,1.03984,4630,16,0
2021-12-21 12:00:00,1.03984,1.04081,1.03963,1.04073,3872,16,0
2021-12-21 14:00:00,1.04073,1.04196,1.04063,1.04172,4065,16,0
2021-12-21 16:00:00,1.04172,1.04207,1.04092,1.04192,4843,16,0
2021-12-21 18:00:00,1.04192,1.04265,1.04145,1.04221,3117,16,0
2021-12-21 20:00:00,1.04221,1.04247,1.04166,1.04211,1603,16,0
2021-12-21 22:00:00,1.0421,1.04218,1.04171,1.04198,1126,16,0
2021-12-22 00:00:00,1.04147,1.04214,1.0412,1.0418,673,17,0
2021-12-22 02:00:00,1.04182,1.04266,1.04175,1.04246,1110,16,0
2021-12-22 04:00:00,1.04245,1.04249,1.04161,1.04188,1179,16,0
2021-12-22 06:00:00,1.04185,1.04212,1.04151,1.04168,902,17,0
2021-12-22 08:00:00,1.04168,1.04244,1.04148,1.04205,2269,16,0
2021-12-22 10:00:00,1.04207,1.04308,1.04184,1.04296,3935,16,0
2021-12-22 12:00:00,1.04296,1.04333,1.0425,1.04292,3678,16,0
2021-12-22 14:00:00,1.04292,1.04328,1.04242,1.04287,3567,16,0
2021-12-22 16:00:00,1.04286,1.04338,1.0424,1.04262,4443,16,0
2021-12-22 18:00:00,1.04263,1.04326,1.04141,1.04202,3550,16,0
2021-12-22 20:00:00,1.04201,1.04241,1.04186,1.04215,1508,16,0
2021-12-22 22:00:00,1.04214,1.04218,1.0414,1.04145,1195,17,0
2021-12-23 00:00:00,1.04117,1.04163,1.04117,1.04135,393,22,0
2021-12-23 02:00:00,1.04134,1.04237,1.04133,1.04232,1581,17,0
2021-12-23 04:00:00,1.04232,1.04262,1.04226,1.04238,1094,16,0
2021-12-23 06:00:00,1.04236,1.04243,1.04195,1.04196,669,16,0
2021-12-23 08:00:00,1.04198,1.04234,1.04167,1.04176,1304,16,0
2021-12-23 10:00:00,1.04176,1.04316,1.04144,1.04175,2978,16,0
2021-12-23 12:00:00,1.04174,1.04226,1.04125,1.04197,2759,16,0
2021-12-23 14:00:00,1.04196,1.04199,1.03994,1.03996,3846,16,0
2021-12-23 16:00:00,1.03996,1.04061,1.0391,1.04048,5063,16,0
2021-12-23 18:00:00,1.04046,1.0405,1.03959,1.04023,2641,16,0
2021-12-23 20:00:00,1.04023,1.04052,1.04003,1.04044,970,16,0
2021-12-23 22:00:00,1.04042,1.04076,1.0398,1.0399,1006,18,0
2021-12-24 00:00:00,1.03936,1.04048,1.03931,1.04031,1943,60,0
2021-12-24 02:00:00,1.04029,1.0404,1.03893,1.03903,2585,16,0
2021-12-24 04:00:00,1.03903,1.03966,1.03893,1.03946,4191,25,0
2021-12-24 06:00:00,1.03946,1.04,1.03893,1.03905,2337,23,0
2021-12-24 08:00:00,1.03905,1.03953,1.03897,1.03919,4641,16,0
2021-12-24 10:00:00,1.03917,1.04096,1.03898,1.04022,6669,16,0
2021-12-24 12:00:00,1.04023,1.04051,1.03906,1.0392,4315,16,0
2021-12-24 14:00:00,1.0392,1.04068,1.03894,1.03991,6459,16,0
2021-12-24 16:00:00,1.0399,1.04061,1.03949,1.03955,15111,16,0
2021-12-24 18:00:00,1.03956,1.04009,1.03922,1.04004,7246,60,0
2021-12-27 00:00:00,1.04004,1.04036,1.03895,1.04035,686,20,0
2021-12-27 02:00:00,1.04036,1.04054,1.04005,1.04035,1356,18,0
2021-12-27 04:00:00,1.0404,1.04092,1.04023,1.04091,943,17,0
2021-12-27 06:00:00,1.04092,1.04094,1.04036,1.04039,611,18,0
2021-12-27 08:00:00,1.04038,1.04105,1.04027,1.04084,1239,16,0
2021-12-27 10:00:00,1.04084,1.04103,1.0391,1.03986,3026,16,0
2021-12-27 12:00:00,1.03985,1.04007,1.03916,1.03984,1755,16,0
2021-12-27 14:00:00,1.03985,1.03997,1.03884,1.03965,2435,16,0
2021-12-27 16:00:00,1.03964,1.04028,1.03872,1.03879,3243,16,0
2021-12-27 18:00:00,1.03878,1.03978,1.03871,1.03947,1377,16,0
2021-12-27 20:00:00,1.03947,1.03955,1.03895,1.03917,856,16,0
2021-12-27 22:00:00,1.03918,1.03933,1.03895,1.03913,708,16,0
2021-12-28 00:00:00,1.03872,1.03934,1.03872,1.03904,291,23,0
2021-12-28 02:00:00,1.03904,1.03928,1.03869,1.03884,980,18,0
2021-12-28 04:00:00,1.03884,1.03898,1.03861,1.03889,705,19,0
2021-12-28 06:00:00,1.03888,1.03924,1.03884,1.0392,556,18,0
2021-12-28 08:00:00,1.0392,1.03934,1.03887,1.03894,900,17,0
2021-12-28 10:00:00,1.03895,1.03918,1.0382,1.03827,2502,16,0
2021-12-28 12:00:00,1.03825,1.03861,1.0379,1.03819,1626,16,0
2021-12-28 14:00:00,1.03819,1.03858,1.03752,1.03763,2181,16,0
2021-12-28 16:00:00,1.03764,1.03785,1.03711,1.03728,3900,16,0
2021-12-28 18:00:00,1.03728,1.03761,1.0369,1.03697,2249,16,0
2021-12-28 20:00:00,1.03698,1.03708,1.03688,1.03703,1299,16,0
2021-12-28 22:00:00,1.03703,1.03757,1.037,1.03714,1083,18,0
2021-12-29 00:00:00,1.03702,1.03761,1.03686,1.0375,786,21,0
2021-12-29 02:00:00,1.03751,1.03755,1.03666,1.03679,896,16,0
2021-12-29 04:00:00,1.0368,1.03717,1.03659,1.03691,1077,16,0
2021-12-29 06:00:00,1.0369,1.03727,1.03682,1.03715,638,18,0
2021-12-29 08:00:00,1.03715,1.03727,1.03638,1.03653,1203,16,0
2021-12-29 10:00:00,1.03653,1.03718,1.03621,1.03677,3349,16,0
2021-12-29 12:00:00,1.03676,1.03789,1.03673,1.03747,3239,16,0
2021-12-29 14:00:00,1.03747,1.03819,1.03741,1.03774,4642,16,0
2021-12-29 16:00:00,1.03775,1.0383,1.03657,1.03665,7193,16,0
2021-12-29 18:00:00,1.03665,1.03762,1.03617,1.03739,2737,16,0
2021-12-29 20:00:00,1.03739,1.03805,1.03719,1.0372,1404,16,0
2021-12-29 22:00:00,1.03724,1.03815,1.03694,1.03766,1368,16,0
2021-12-30 00:00:00,1.03744,1.03818,1.03711,1.03809,484,20,0
2021-12-30 02:00:00,1.03808,1.03821,1.03751,1.03815,1299,16,0
2021-12-30 04:00:00,1.03813,1.03834,1.03774,1.0378,795,16,0
2021-12-30 06:00:00,1.03779,1.03787,1.03747,1.03757,1001,16,0
2021-12-30 08:00:00,1.03758,1.03795,1.03661,1.03772,1937,16,0
2021-12-30 10:00:00,1.03774,1.03804,1.03694,1.03729,3134,16,0
2021-12-30 12:00:00,1.03727,1.03768,1.03594,1.03621,2443,16,0
2021-12-30 14:00:00,1.03621,1.03697,1.03551,1.03558,4340,16,0
2021-12-30 16:00:00,1.03558,1.03598,1.03453,1.03532,5453,16,0
2021-12-30 18:00:00,1.03533,1.03584,1.03451,1.03451,2168,16,0
2021-12-30 20:00:00,1.0345,1.03523,1.03441,1.03508,900,16,0
2021-12-30 22:00:00,1.03508,1.03526,1.03454,1.03464,1011,16,0
2021-12-31 00:00:00,1.03418,1.03484,1.0341,1.03467,518,16,0
2021-12-31 02:00:00,1.03467,1.03481,1.03441,1.03456,607,18,0
2021-12-31 04:00:00,1.03455,1.03475,1.03442,1.03452,459,20,0
2021-12-31 06:00:00,1.03451,1.03469,1.03429,1.03434,571,16,0
2021-12-31 08:00:00,1.03433,1.03457,1.03375,1.03376,1311,16,0
2021-12-31 10:00:00,1.03376,1.03456,1.0335,1.03376,2447,16,0
2021-12-31 12:00:00,1.03376,1.03425,1.03311,1.03313,2788,16,0
2021-12-31 14:00:00,1.03315,1.03433,1.03257,1.03422,4312,16,0
2021-12-31 16:00:00,1.03423,1.03709,1.03418,1.03591,5235,16,0
2021-12-31 18:00:00,1.0359,1.03765,1.03515,1.0376,3108,16,0
2022-01-03 00:00:00,1.03626,1.03765,1.03608,1.0372,743,16,0
2022-01-03 02:00:00,1.03722,1.03768,1.03683,1.03697,1500,16,0
2022-01-03 04:00:00,1.03697,1.03767,1.03672,1.03734,974,16,0
2022-01-03 06:00:00,1.03735,1.03754,1.03695,1.03703,737,16,0
2022-01-03 08:00:00,1.03704,1.0372,1.0363,1.03694,1639,16,0
2022-01-03 10:00:00,1.03694,1.03703,1.03485,1.03512,3741,16,0
2022-01-03 12:00:00,1.03509,1.03666,1.03507,1.03564,3190,16,0
2022-01-03 14:00:00,1.03563,1.03844,1.03543,1.03828,4794,16,0
2022-01-03 16:00:00,1.03828,1.03907,1.03706,1.0374,7219,16,0
2022-01-03 18:00:00,1.0374,1.03762,1.03683,1.03714,3917,16,0
2022-01-03 20:00:00,1.03714,1.03755,1.03714,1.03745,1347,16,0
2022-01-03 22:00:00,1.03744,1.038,1.03723,1.03796,1211,16,0
2022-01-04 00:00:00,1.03772,1.03813,1.03709,1.03786,598,20,0
2022-01-04 02:00:00,1.03787,1.03801,1.03708,1.03739,1496,16,0
2022-01-04 04:00:00,1.0374,1.03824,1.03718,1.03781,1546,16,0
2022-01-04 06:00:00,1.03781,1.03799,1.03744,1.03771,1177,16,0
2022-01-04 08:00:00,1.0377,1.0377,1.03671,1.03769,1876,16,0
2022-01-04 10:00:00,1.03768,1.0382,1.03666,1.03726,3993,16,0
2022-01-04 12:00:00,1.03726,1.03761,1.03591,1.03604,3102,16,0
2022-01-04 14:00:00,1.03603,1.03612,1.0347,1.03477,4167,16,0
2022-01-04 16:00:00,1.03478,1.03509,1.03366,1.03373,5972,16,0
2022-01-04 18:00:00,1.03373,1.03449,1.03343,1.03384,3074,16,0
2022-01-04 20:00:00,1.03385,1.03461,1.03383,1.03427,1744,16,0
2022-01-04 22:00:00,1.03431,1.03453,1.03361,1.03388,1323,17,0
2022-01-05 00:00:00,1.03339,1.03424,1.03339,1.03369,373,20,0
2022-01-05 02:00:00,1.03368,1.03409,1.03355,1.03403,1400,16,0
2022-01-05 04:00:00,1.03403,1.0348,1.03398,1.03476,1152,16,0
2022-01-05 06:00:00,1.0347,1.03474,1.03443,1.0345,610,17,0
2022-01-05 08:00:00,1.03449,1.03475,1.03384,1.03402,1190,16,0
2022-01-05 10:00:00,1.03403,1.0354,1.03381,1.03539,3179,16,0
2022-01-05 12:00:00,1.03536,1.03612,1.03484,1.03563,3135,16,0
2022-01-05 14:00:00,1.03561,1.03677,1.0355,1.03669,4510,16,0
2022-01-05 16:00:00,1.03668,1.0378,1.03659,1.03715,4158,16,0
2022-01-05 18:00:00,1.03715,1.03894,1.03703,1.0389,2489,16,0
2022-01-05 20:00:00,1.03889,1.03892,1.03753,1.03758,3818,16,0
2022-01-05 22:00:00,1.03761,1.0383,1.03748,1.03754,1949,16,0
2022-01-06 00:00:00,1.03741,1.03775,1.03664,1.03758,451,20,0
2022-01-06 02:00:00,1.03759,1.03843,1.03755,1.03763,1287,17,0
2022-01-06 04:00:00,1.03765,1.03823,1.03743,1.03802,1424,17,0
2022-01-06 06:00:00,1.03804,1.03834,1.03784,1.0379,1016,18,0
2022-01-06 08:00:00,1.03789,1.03827,1.03753,1.03814,2385,16,0
2022-01-06 10:00:00,1.03814,1.03892,1.03778,1.03849,4210,16,0
2022-01-06 12:00:00,1.03848,1.03949,1.03785,1.03832,3534,16,0
2022-01-06 14:00:00,1.03833,1.04011,1.0381,1.03888,4006,16,0
2022-01-06 16:00:00,1.03887,1.03922,1.03825,1.03855,6925,16,0
2022-01-06 18:00:00,1.03856,1.04011,1.03853,1.03969,3250,16,0
2022-01-06 20:00:00,1.03967,1.04099,1.03958,1.04099,1720,16,0
2022-01-06 22:00:00,1.04099,1.0411,1.04041,1.04069,1559,16,0
2022-01-07 00:00:00,1.04003,1.04112,1.03983,1.04068,581,19,0
2022-01-07 02:00:00,1.04067,1.04103,1.04052,1.04069,1210,16,0
2022-01-07 04:00:00,1.0407,1.04099,1.0405,1.04089,872,16,0
2022-01-07 06:00:00,1.04089,1.04128,1.04083,1.041,662,16,0
2022-01-07 08:00:00,1.041,1.04172,1.04079,1.04097,1357,16,0
2022-01-07 10:00:00,1.04097,1.04254,1.04059,1.04227,3027,16,0
2022-01-07 12:00:00,1.04227,1.04249,1.0409,1.04228,2158,16,0
2022-01-07 14:00:00,1.04229,1.04335,1.04178,1.04279,5785,16,0
2022-01-07 16:00:00,1.04279,1.04503,1.04268,1.04383,6912,16,0
2022-01-07 18:00:00,1.04384,1.04393,1.04328,1.04336,3133,16,0
2022-01-07 20:00:00,1.04335,1.04393,1.04326,1.04354,1274,16,0
2022-01-07 22:00:00,1.04354,1.04372,1.04295,1.04335,1353,16,0
2022-01-10 00:00:00,1.04266,1.04372,1.04264,1.0432,934,20,0
2022-01-10 02:00:00,1.0432,1.04353,1.04304,1.04305,921,16,0
2022-01-10 04:00:00,1.04305,1.0433,1.04276,1.04322,1087,16,0
2022-01-10 06:00:00,1.04323,1.04341,1.04276,1.04326,884,16,0
2022-01-10 08:00:00,1.04327,1.04356,1.04293,1.04302,1969,16,0
2022-01-10 10:00:00,1.04302,1.04357,1.04241,1.04303,5122,16,0
2022-01-10 12:00:00,1.04302,1.04441,1.04252,1.04415,3958,16,0
2022-01-10 14:00:00,1.04413,1.04551,1.04375,1.04521,5798,16,0
2022-01-10 16:00:00,1.0452,1.04779,1.04511,1.04764,7888,16,0
2022-01-10 18:00:00,1.04765,1.04922,1.04732,1.04917,3054,16,0
2022-01-10 20:00:00,1.04917,1.05022,1.04909,1.04988,2044,16,0
2022-01-10 22:00:00,1.04988,1.05033,1.04967,1.05018,1535,16,0
2022-01-11 00:00:00,1.04976,1.05064,1.04933,1.05046,1063,16,0
2022-01-11 02:00:00,1.05044,1.05109,1.05019,1.05076,1585,16,0
2022-01-11 04:00:00,1.05076,1.05084,1.05012,1.05071,1210,16,0
2022-01-11 06:00:00,1.05072,1.05072,1.05018,1.0502,849,17,0
2022-01-11 08:00:00,1.05021,1.05039,1.04916,1.0494,2240,16,0
2022-01-11 10:00:00,1.04938,1.05063,1.0489,1.04961,4714,16,0
2022-01-11 12:00:00,1.04962,1.0507,1.04926,1.05045,3476,16,0
2022-01-11 14:00:00,1.05045,1.05049,1.04972,1.05003,3096,16,0
2022-01-11 16:00:00,1.05002,1.05019,1.04891,1.04926,5523,16,0
2022-01-11 18:00:00,1.04925,1.05025,1.04916,1.04995,3357,16,0
2022-01-11 20:00:00,1.04994,1.05031,1.04974,1.04983,1718,16,0
2022-01-11 22:00:00,1.04983,1.05004,1.04958,1.04987,1208,16,0
2022-01-12 00:00:00,1.04916,1.04989,1.04902,1.04962,457,22,0
2022-01-12 02:00:00,1.04962,1.05006,1.04945,1.0499,1263,18,0
2022-01-12 04:00:00,1.04989,1.05017,1.04975,1.0501,775,17,0
2022-01-12 06:00:00,1.0501,1.0503,1.04995,1.05007,729,16,0
2022-01-12 08:00:00,1.05007,1.05052,1.04932,1.04952,1659,16,0
2022-01-12 10:00:00,1.04952,1.05016,1.04908,1.04936,3978,16,0
2022-01-12 12:00:00,1.04935,1.04937,1.04827,1.04911,2710,16,0
2022-01-12 14:00:00,1.0491,1.04937,1.04812,1.04875,6998,16,0
2022-01-12 16:00:00,1.04873,1.04921,1.04498,1.04525,8370,16,0
2022-01-12 18:00:00,1.04526,1.04599,1.04369,1.04507,4856,16,0
2022-01-12 20:00:00,1.04509,1.04613,1.04506,1.04568,2444,16,0
2022-01-12 22:00:00,1.04567,1.04638,1.04558,1.0458,1888,16,0
2022-01-13 00:00:00,1.04577,1.04608,1.04548,1.04569,643,20,0
2022-01-13 02:00:00,1.04568,1.04657,1.04565,1.04611,1789,16,0
2022-01-13 04:00:00,1.04612,1.04651,1.04592,1.04635,1208,16,0
2022-01-13 06:00:00,1.04635,1.04672,1.04635,1.04654,894,17,0
2022-01-13 08:00:00,1.04654,1.04666,1.04574,1.04623,2692,16,0
2022-01-13 10:00:00,1.04625,1.04867,1.04573,1.04671,5742,16,0
2022-01-13 12:00:00,1.0467,1.04694,1.04506,1.04535,4258,16,0
2022-01-13 14:00:00,1.04535,1.04567,1.0443,1.0445,5615,16,0
2022-01-13 16:00:00,1.04453,1.04462,1.04243,1.04307,6928,16,0
2022-01-13 18:00:00,1.04307,1.04389,1.04289,1.0435,3972,16,0
2022-01-13 20:00:00,1.0435,1.04411,1.04347,1.04358,2128,16,0
2022-01-13 22:00:00,1.04358,1.04381,1.04318,1.04347,1793,16,0
2022-01-14 00:00:00,1.04314,1.0438,1.04311,1.04377,775,22,0
2022-01-14 02:00:00,1.04377,1.04447,1.04337,1.04415,2080,16,0
2022-01-14 04:00:00,1.04416,1.0445,1.04364,1.04434,1806,18,0
2022-01-14 06:00:00,1.04435,1.0447,1.04411,1.04418,1478,17,0
2022-01-14 08:00:00,1.0442,1.04451,1.04323,1.04385,2701,16,0
2022-01-14 10:00:00,1.04385,1.04475,1.04298,1.04375,4649,16,0
2022-01-14 12:00:00,1.04376,1.04466,1.04334,1.04386,2552,16,0
2022-01-14 14:00:00,1.04383,1.04398,1.04212,1.04233,5601,16,0
2022-01-14 16:00:00,1.04232,1.043,1.0418,1.0425,7688,16,0
2022-01-14 18:00:00,1.04251,1.04284,1.04187,1.04218,4037,16,0
2022-01-14 20:00:00,1.04219,1.04305,1.04204,1.04304,2164,16,0
2022-01-14 22:00:00,1.04303,1.04323,1.04269,1.04314,1680,16,0
2022-01-17 00:00:00,1.04211,1.04358,1.04181,1.04347,1097,18,0
2022-01-17 02:00:00,1.04346,1.04424,1.04325,1.04397,1943,16,0
2022-01-17 04:00:00,1.04398,1.04425,1.04387,1.04407,1140,17,0
2022-01-17 06:00:00,1.04406,1.04417,1.04385,1.04403,1009,16,0
2022-01-17 08:00:00,1.04405,1.04446,1.04371,1.04374,1626,16,0
2022-01-17 10:00:00,1.04373,1.04402,1.04263,1.04356,3739,16,0
2022-01-17 12:00:00,1.04353,1.0437,1.04262,1.04342,2977,16,0
2022-01-17 14:00:00,1.04342,1.04368,1.04193,1.0421,3858,16,0
2022-01-17 16:00:00,1.04211,1.04307,1.04192,1.04217,3792,16,0
2022-01-17 18:00:00,1.04217,1.04308,1.04191,1.04302,2201,16,0
2022-01-17 20:00:00,1.04303,1.04322,1.04269,1.0427,706,16,0
2022-01-17 22:00:00,1.04272,1.04291,1.0423,1.0423,696,16,0
2022-01-18 00:00:00,1.04208,1.04283,1.04171,1.04279,413,18,0
2022-01-18 02:00:00,1.04278,1.04295,1.04241,1.04285,1857,16,0
2022-01-18 04:00:00,1.04285,1.04382,1.04268,1.04337,3066,16,0
2022-01-18 06:00:00,1.04338,1.04346,1.04293,1.04328,2292,16,0
2022-01-18 08:00:00,1.0433,1.0434,1.04219,1.04225,3061,16,0
2022-01-18 10:00:00,1.04225,1.04314,1.04184,1.04221,5381,16,0
2022-01-18 12:00:00,1.0422,1.04266,1.0413,1.04181,3157,16,0
2022-01-18 14:00:00,1.04183,1.0422,1.04089,1.04108,4982,16,0
2022-01-18 16:00:00,1.04109,1.0413,1.03963,1.03972,6018,16,0
2022-01-18 18:00:00,1.0397,1.03983,1.03843,1.03862,3426,16,0
2022-01-18 20:00:00,1.03861,1.03913,1.0386,1.03864,2295,16,0
2022-01-18 22:00:00,1.03864,1.03901,1.03801,1.03892,2047,16,0
2022-01-19 00:00:00,1.03841,1.03908,1.03812,1.03894,1283,18,0
2022-01-19 02:00:00,1.03894,1.03899,1.03817,1.03822,2529,17,0
2022-01-19 04:00:00,1.03823,1.03841,1.03802,1.03839,1395,16,0
2022-01-19 06:00:00,1.03839,1.03839,1.03739,1.03747,1248,16,0
2022-01-19 08:00:00,1.03744,1.03889,1.03741,1.03777,2463,16,0
2022-01-19 10:00:00,1.03778,1.03905,1.03752,1.03841,4262,16,0
2022-01-19 12:00:00,1.03842,1.03925,1.03826,1.03858,3107,16,0
2022-01-19 14:00:00,1.03856,1.03938,1.03778,1.03933,3766,16,0
2022-01-19 16:00:00,1.03933,1.04028,1.03839,1.03949,6030,16,0
2022-01-19 18:00:00,1.03949,1.03965,1.03828,1.03873,3939,16,0
2022-01-19 20:00:00,1.03873,1.03952,1.03863,1.03878,2181,16,0
2022-01-19 22:00:00,1.03879,1.03907,1.03851,1.0386,1926,16,0
2022-01-20 00:00:00,1.03844,1.03877,1.03837,1.03856,464,20,0
2022-01-20 02:00:00,1.03856,1.0391,1.03849,1.03889,2789,16,0
2022-01-20 04:00:00,1.0389,1.03928,1.03865,1.03912,1911,16,0
2022-01-20 06:00:00,1.03911,1.03923,1.03884,1.0391,1516,16,0
2022-01-20 08:00:00,1.03909,1.03944,1.03879,1.03911,1671,16,0
2022-01-20 10:00:00,1.03911,1.03915,1.03763,1.03877,3967,16,0
2022-01-20 12:00:00,1.03878,1.03879,1.03788,1.038,2839,16,0
2022-01-20 14:00:00,1.03799,1.03879,1.03764,1.03844,4168,16,0
2022-01-20 16:00:00,1.03844,1.03844,1.03714,1.03775,5203,16,0
2022-01-20 18:00:00,1.03774,1.03846,1.03743,1.03843,3506,16,0
2022-01-20 20:00:00,1.03845,1.03859,1.0375,1.03755,2091,16,0
2022-01-20 22:00:00,1.03752,1.0379,1.03724,1.03738,2259,16,0
2022-01-21 00:00:00,1.03751,1.03773,1.03704,1.03725,1492,16,0
2022-01-21 02:00:00,1.03727,1.0374,1.03632,1.03651,3198,16,0
2022-01-21 04:00:00,1.03652,1.03714,1.03638,1.03677,2577,16,0
2022-01-21 06:00:00,1.03678,1.03686,1.03632,1.03646,1490,16,0
2022-01-21 08:00:00,1.03646,1.03683,1.03577,1.03648,2634,16,0
2022-01-21 10:00:00,1.03647,1.03683,1.03404,1.03452,4414,16,0
2022-01-21 12:00:00,1.03451,1.03488,1.0337,1.03449,2777,16,0
2022-01-21 14:00:00,1.03449,1.03539,1.03408,1.03493,4322,16,0
2022-01-21 16:00:00,1.03493,1.0351,1.03342,1.0339,5789,16,0
2022-01-21 18:00:00,1.03391,1.0349,1.03384,1.0341,3274,16,0
2022-01-21 20:00:00,1.03411,1.03427,1.03349,1.03382,1738,16,0
2022-01-21 22:00:00,1.03381,1.03477,1.03373,1.03416,1858,16,0
2022-01-24 00:00:00,1.03344,1.03503,1.03344,1.03496,967,16,0
2022-01-24 02:00:00,1.03496,1.03523,1.03454,1.03515,1677,16,0
2022-01-24 04:00:00,1.03514,1.03552,1.03479,1.03518,1137,17,0
2022-01-24 06:00:00,1.03519,1.0353,1.03428,1.0343,1068,16,0
2022-01-24 08:00:00,1.0343,1.03505,1.03372,1.0338,2762,16,0
2022-01-24 10:00:00,1.03381,1.0341,1.03167,1.03236,4847,16,0
2022-01-24 12:00:00,1.03235,1.03263,1.03113,1.03133,4541,16,0
2022-01-24 14:00:00,1.03133,1.0322,1.02992,1.0319,4573,16,0
2022-01-24 16:00:00,1.03188,1.03528,1.03178,1.03526,8135,16,0
2022-01-24 18:00:00,1.03526,1.03582,1.03394,1.0343,4273,16,0
2022-01-24 20:00:00,1.0343,1.03501,1.03413,1.0348,3000,16,0
2022-01-24 22:00:00,1.03481,1.03538,1.03456,1.03496,1790,16,0
2022-01-25 00:00:00,1.03461,1.03534,1.03432,1.03507,568,22,0
2022-01-25 02:00:00,1.03505,1.03556,1.03484,1.03541,1953,16,0
2022-01-25 04:00:00,1.0354,1.03571,1.03522,1.03535,1530,16,0
2022-01-25 06:00:00,1.03536,1.03605,1.03517,1.03601,1151,16,0
2022-01-25 08:00:00,1.03601,1.03658,1.03549,1.03556,2660,16,0
2022-01-25 10:00:00,1.03557,1.03833,1.03557,1.03747,5715,16,0
2022-01-25 12:00:00,1.03746,1.03847,1.0368,1.037,3708,16,0
2022-01-25 14:00:00,1.03699,1.03703,1.0356,1.0356,4524,16,0
2022-01-25 16:00:00,1.03561,1.03659,1.03464,1.03651,6927,16,0
2022-01-25 18:00:00,1.03648,1.03789,1.03594,1.03764,3005,16,0
2022-01-25 20:00:00,1.03765,1.03834,1.03746,1.03803,2198,16,0
2022-01-25 22:00:00,1.03803,1.03828,1.03738,1.03756,2030,16,0
2022-01-26 00:00:00,1.0367,1.03757,1.0367,1.03745,561,21,0
2022-01-26 02:00:00,1.03749,1.03774,1.03718,1.03768,1200,16,0
2022-01-26 04:00:00,1.0377,1.03778,1.03703,1.03719,1077,16,0
2022-01-26 06:00:00,1.0372,1.03727,1.03696,1.03709,810,16,0
2022-01-26 08:00:00,1.03707,1.03867,1.03683,1.03863,1631,16,0
2022-01-26 10:00:00,1.03867,1.03899,1.03818,1.03852,3315,16,0
2022-01-26 12:00:00,1.03851,1.03881,1.03773,1.03797,2497,16,0
2022-01-26 14:00:00,1.03797,1.03856,1.03739,1.03829,3412,16,0
2022-01-26 16:00:00,1.0383,1.03911,1.03771,1.03901,5095,16,0
2022-01-26 18:00:00,1.03901,1.03965,1.03892,1.03946,2605,16,0
2022-01-26 20:00:00,1.0395,1.03983,1.03879,1.03914,7544,16,0
2022-01-26 22:00:00,1.03914,1.03953,1.03837,1.03856,5379,16,0
2022-01-27 00:00:00,1.03798,1.03862,1.0374,1.03858,805,17,0
2022-01-27 02:00:00,1.03858,1.03883,1.0378,1.038,2813,16,0
2022-01-27 04:00:00,1.03801,1.03816,1.03724,1.03734,1819,16,0
2022-01-27 06:00:00,1.03734,1.03795,1.03707,1.03725,1880,16,0
2022-01-27 08:00:00,1.03725,1.03805,1.03694,1.03706,2895,16,0
2022-01-27 10:00:00,1.03706,1.03846,1.03672,1.03818,5811,16,0
2022-01-27 12:00:00,1.03821,1.03937,1.03756,1.03819,4969,16,0
2022-01-27 14:00:00,1.03819,1.03927,1.03765,1.0386,7347,16,0
2022-01-27 16:00:00,1.0386,1.03973,1.03782,1.03832,8014,16,0
2022-01-27 18:00:00,1.03833,1.03895,1.03745,1.03746,4631,16,0
2022-01-27 20:00:00,1.03746,1.03784,1.03695,1.03782,2971,16,0
2022-01-27 22:00:00,1.03783,1.03791,1.0373,1.03749,1909,16,0
2022-01-28 00:00:00,1.0371,1.03771,1.03675,1.03751,793,16,0
2022-01-28 02:00:00,1.03751,1.03802,1.03716,1.03738,1905,16,0
2022-01-28 04:00:00,1.03739,1.0375,1.03703,1.03744,1143,16,0
2022-01-28 06:00:00,1.03744,1.03754,1.03693,1.03701,997,16,0
2022-01-28 08:00:00,1.03701,1.0376,1.03671,1.03747,2344,16,0
2022-01-28 10:00:00,1.03747,1.0377,1.0358,1.03641,4353,16,0
2022-01-28 12:00:00,1.03641,1.03754,1.03639,1.0375,3502,17,0
2022-01-28 14:00:00,1.03752,1.03873,1.03738,1.03873,6608,17,0
2022-01-28 16:00:00,1.0387,1.03905,1.03722,1.0384,7136,17,0
2022-01-28 18:00:00,1.03841,1.03869,1.0375,1.03834,4334,17,0
2022-01-28 20:00:00,1.03834,1.03843,1.03752,1.03752,2428,17,0
2022-01-28 22:00:00,1.03751,1.03814,1.03728,1.03773,1854,17,0
2022-01-31 00:00:00,1.03728,1.03853,1.03725,1.03837,1044,22,0
2022-01-31 02:00:00,1.03835,1.0389,1.03761,1.03887,1942,17,0
2022-01-31 04:00:00,1.03887,1.03939,1.03874,1.03922,1356,19,0
2022-01-31 06:00:00,1.03921,1.03937,1.03912,1.03925,996,18,0
2022-01-31 08:00:00,1.03926,1.0409,1.03926,1.04069,1938,18,0
2022-01-31 10:00:00,1.04067,1.04139,1.04018,1.04115,3963,17,0
2022-01-31 12:00:00,1.04114,1.04276,1.04088,1.04218,3090,17,0
2022-01-31 14:00:00,1.04217,1.04225,1.03996,1.0407,5296,17,0
2022-01-31 16:00:00,1.04071,1.0438,1.04051,1.04362,7318,17,0
2022-01-31 18:00:00,1.04358,1.04405,1.04184,1.04324,5194,17,0
2022-01-31 20:00:00,1.04324,1.04325,1.04029,1.04032,3970,17,0
2022-01-31 22:00:00,1.04031,1.04117,1.04024,1.04109,2349,17,0
2022-02-01 00:00:00,1.04059,1.04111,1.04033,1.04101,1230,20,0
2022-02-01 02:00:00,1.04101,1.04115,1.0407,1.04087,1714,17,0
2022-02-01 04:00:00,1.04088,1.04124,1.04045,1.04048,1236,18,0
2022-02-01 06:00:00,1.04049,1.04053,1.04005,1.04006,1017,17,0
2022-02-01 08:00:00,1.04009,1.04024,1.03899,1.03996,2770,17,0
2022-02-01 10:00:00,1.03997,1.04035,1.03894,1.03912,4657,17,0
2022-02-01 12:00:00,1.03912,1.03939,1.03774,1.03804,3289,17,0
2022-02-01 14:00:00,1.03804,1.03823,1.037,1.03821,3843,17,0
2022-02-01 16:00:00,1.03823,1.03933,1.03756,1.03797,6972,17,0
2022-02-01 18:00:00,1.03797,1.03861,1.03661,1.0367,4553,17,0
2022-02-01 20:00:00,1.03671,1.03741,1.03624,1.03722,2467,17,0
2022-02-01 22:00:00,1.03719,1.03824,1.03719,1.03816,2229,17,0
2022-02-02 00:00:00,1.03761,1.03844,1.03744,1.03822,511,24,0
2022-02-02 02:00:00,1.03823,1.03849,1.03796,1.03845,1309,17,0
2022-02-02 04:00:00,1.03842,1.03885,1.0384,1.03843,931,17,0
2022-02-02 06:00:00,1.03843,1.03877,1.03813,1.0382,662,18,0
2022-02-02 08:00:00,1.0382,1.03851,1.03765,1.03792,1751,18,0
2022-02-02 10:00:00,1.0379,1.04022,1.03774,1.03883,5922,17,0
2022-02-02 12:00:00,1.03891,1.04057,1.03869,1.04044,4405,17,0
2022-02-02 14:00:00,1.04043,1.04054,1.03926,1.04043,4383,17,0
2022-02-02 16:00:00,1.04043,1.04054,1.03786,1.03841,6109,17,0
2022-02-02 18:00:00,1.03841,1.03876,1.03781,1.03837,3258,17,0
2022-02-02 20:00:00,1.03836,1.03909,1.03832,1.03888,2161,17,0
2022-02-02 22:00:00,1.03888,1.03909,1.03854,1.03887,1581,18,0
2022-02-03 00:00:00,1.03804,1.03876,1.03802,1.03841,813,20,0
2022-02-03 02:00:00,1.03842,1.03883,1.03822,1.03877,1606,17,0
2022-02-03 04:00:00,1.03876,1.03905,1.03862,1.039,1507,17,0
2022-02-03 06:00:00,1.03901,1.03916,1.03887,1.03912,1232,17,0
2022-02-03 08:00:00,1.03913,1.03994,1.03893,1.03978,2159,17,0
2022-02-03 10:00:00,1.03978,1.0414,1.03959,1.04072,4373,17,0
2022-02-03 12:00:00,1.04071,1.04094,1.03984,1.04058,3146,17,0
2022-02-03 14:00:00,1.0406,1.04537,1.04032,1.04512,10833,17,0
2022-02-03 16:00:00,1.04515,1.04956,1.04501,1.04903,12385,17,0
2022-02-03 18:00:00,1.04903,1.05416,1.04862,1.05215,7823,17,0
2022-02-03 20:00:00,1.05218,1.05309,1.05117,1.05234,3464,17,0
2022-02-03 22:00:00,1.05235,1.05327,1.05189,1.05248,2229,17,0
2022-02-04 00:00:00,1.05239,1.05268,1.05163,1.05243,570,19,0
2022-02-04 02:00:00,1.0524,1.0534,1.05236,1.05299,2239,17,0
2022-02-04 04:00:00,1.053,1.05455,1.05287,1.05432,1752,17,0
2022-02-04 06:00:00,1.05432,1.05492,1.0542,1.05451,1143,17,0
2022-02-04 08:00:00,1.0545,1.05584,1.05363,1.0554,4067,17,0
2022-02-04 10:00:00,1.0554,1.05712,1.0535,1.05594,6384,17,0
2022-02-04 12:00:00,1.05593,1.05946,1.05591,1.05927,5252,17,0
2022-02-04 14:00:00,1.05926,1.05926,1.05616,1.05726,8618,17,0
2022-02-04 16:00:00,1.05726,1.05878,1.05508,1.05855,10019,17,0
2022-02-04 18:00:00,1.05855,1.05952,1.05834,1.05945,4012,17,0
2022-02-04 20:00:00,1.05945,1.06017,1.05935,1.05946,1933,17,0
2022-02-04 22:00:00,1.05947,1.05993,1.05912,1.05925,1580,18,0
2022-02-07 00:00:00,1.05926,1.06025,1.05905,1.05968,752,17,0
2022-02-07 02:00:00,1.05968,1.05983,1.05852,1.05911,1868,17,0
2022-02-07 04:00:00,1.0591,1.05917,1.05782,1.05792,1598,17,0
2022-02-07 06:00:00,1.05792,1.0585,1.05761,1.05767,1407,18,0
2022-02-07 08:00:00,1.05769,1.05799,1.05624,1.05667,2502,17,0
2022-02-07 10:00:00,1.05668,1.05871,1.05595,1.05645,5120,17,0
2022-02-07 12:00:00,1.05646,1.057,1.05512,1.0566,4280,17,0
2022-02-07 14:00:00,1.0566,1.0576,1.05607,1.05654,5033,17,0
2022-02-07 16:00:00,1.05654,1.05677,1.05496,1.05622,6049,17,0
2022-02-07 18:00:00,1.05619,1.057,1.05505,1.05584,4430,17,0
2022-02-07 20:00:00,1.05583,1.05655,1.05546,1.05654,1415,17,0
2022-02-07 22:00:00,1.05654,1.05655,1.05595,1.05655,1196,17,0
2022-02-08 00:00:00,1.05631,1.0565,1.05536,1.05598,766,17,0
2022-02-08 02:00:00,1.05598,1.05711,1.0559,1.05651,2054,17,0
2022-02-08 04:00:00,1.05651,1.05671,1.05605,1.05626,1645,17,0
2022-02-08 06:00:00,1.05625,1.05668,1.05621,1.05643,1418,17,0
2022-02-08 08:00:00,1.05644,1.05656,1.05488,1.05494,3816,17,0
2022-02-08 10:00:00,1.05495,1.05516,1.05289,1.05345,5867,17,0
2022-02-08 12:00:00,1.05342,1.05504,1.05295,1.05458,4026,17,0
2022-02-08 14:00:00,1.05457,1.05493,1.05381,1.0539,4958,17,0
2022-02-08 16:00:00,1.05393,1.05585,1.05384,1.05582,5894,17,0
2022-02-08 18:00:00,1.05582,1.05617,1.05506,1.05609,2857,17,0
2022-02-08 20:00:00,1.0561,1.05643,1.05493,1.05628,2287,17,0
2022-02-08 22:00:00,1.05628,1.05639,1.05597,1.05614,1230,17,0
2022-02-09 00:00:00,1.05521,1.05651,1.05512,1.05641,435,18,0
2022-02-09 02:00:00,1.05643,1.05665,1.05591,1.0562,1409,17,0
2022-02-09 04:00:00,1.05619,1.05659,1.05607,1.05638,1140,17,0
2022-02-09 06:00:00,1.05637,1.05658,1.05626,1.05642,686,17,0
2022-02-09 08:00:00,1.05638,1.05646,1.05423,1.05436,1878,17,0
2022-02-09 10:00:00,1.05434,1.0555,1.05428,1.05525,4660,17,0
2022-02-09 12:00:00,1.05524,1.0565,1.05447,1.05551,4135,17,0
2022-02-09 14:00:00,1.0555,1.05634,1.05492,1.055,3902,17,0
2022-02-09 16:00:00,1.05499,1.05622,1.05453,1.05577,4710,17,0
2022-02-09 18:00:00,1.05575,1.05639,1.05519,1.05601,3667,17,0
2022-02-09 20:00:00,1.05602,1.0561,1.05534,1.05594,1723,17,0
2022-02-09 22:00:00,1.05595,1.0561,1.05551,1.0557,1253,17,0
2022-02-10 00:00:00,1.05557,1.05571,1.05496,1.05553,495,17,0
2022-02-10 02:00:00,1.05553,1.05569,1.05524,1.05527,1383,17,0
2022-02-10 04:00:00,1.05528,1.05593,1.05528,1.05568,1165,17,0
2022-02-10 06:00:00,1.05569,1.05622,1.05568,1.05618,832,17,0
2022-02-10 08:00:00,1.05618,1.05623,1.05508,1.05544,1794,17,0
2022-02-10 10:00:00,1.05544,1.05711,1.05499,1.05672,5113,17,0
2022-02-10 12:00:00,1.05671,1.0578,1.05622,1.05721,3568,17,0
2022-02-10 14:00:00,1.05723,1.0582,1.05589,1.05798,8360,17,0
2022-02-10 16:00:00,1.05799,1.05987,1.05716,1.05969,13062,17,0
2022-02-10 18:00:00,1.05969,1.06109,1.05885,1.0596,7727,17,0
2022-02-10 20:00:00,1.0596,1.06003,1.05927,1.05978,5738,17,0
2022-02-10 22:00:00,1.05979,1.0602,1.05728,1.05733,3299,17,0
2022-02-11 00:00:00,1.0569,1.05748,1.05578,1.05645,2400,17,0
2022-02-11 02:00:00,1.05645,1.05654,1.05531,1.0559,2555,17,0
2022-02-11 04:00:00,1.05589,1.05643,1.0558,1.0562,1338,18,0
2022-02-11 06:00:00,1.05619,1.05626,1.05529,1.05568,1901,17,0
2022-02-11 08:00:00,1.05568,1.05636,1.05543,1.05591,3453,17,0
2022-02-11 10:00:00,1.05591,1.0573,1.05577,1.05619,7241,17,0
2022-02-11 12:00:00,1.05618,1.05661,1.0557,1.0565,3228,17,0
2022-02-11 14:00:00,1.0565,1.05688,1.05522,1.05571,4696,17,0
2022-02-11 16:00:00,1.05572,1.05584,1.05419,1.0554,7252,17,0
2022-02-11 18:00:00,1.05543,1.05555,1.05464,1.05499,3961,17,0
2022-02-11 20:00:00,1.05498,1.05545,1.0483,1.04872,12964,17,0
2022-02-11 22:00:00,1.04871,1.04968,1.04809,1.04963,6196,17,0
2022-02-14 00:00:00,1.04793,1.05099,1.04793,1.05085,1199,21,0
2022-02-14 02:00:00,1.05085,1.05133,1.04981,1.04991,2744,17,0
2022-02-14 04:00:00,1.04991,1.05016,1.04928,1.04928,1417,17,0
2022-02-14 06:00:00,1.04928,1.05076,1.04919,1.0503,1768,17,0
2022-02-14 08:00:00,1.05029,1.0503,1.04871,1.04871,2864,17,0
2022-02-14 10:00:00,1.04869,1.04925,1.04502,1.04542,7071,17,0
2022-02-14 12:00:00,1.04543,1.0468,1.04494,1.0458,3846,17,0
2022-02-14 14:00:00,1.0458,1.04862,1.04481,1.04724,8697,17,0
2022-02-14 16:00:00,1.04725,1.04828,1.0463,1.04698,8567,17,0
2022-02-14 18:00:00,1.04699,1.04785,1.04667,1.04667,5032,17,0
2022-02-14 20:00:00,1.04668,1.04701,1.04368,1.04548,5965,17,0
2022-02-14 22:00:00,1.04547,1.04622,1.04511,1.04529,2343,17,0
2022-02-15 00:00:00,1.04455,1.04531,1.04446,1.04521,433,20,0
2022-02-15 02:00:00,1.04522,1.04528,1.04452,1.04466,1775,18,0
2022-02-15 04:00:00,1.04466,1.04612,1.0446,1.04592,1584,18,0
2022-02-15 06:00:00,1.04592,1.04601,1.04524,1.04557,1164,17,0
2022-02-15 08:00:00,1.04556,1.04631,1.04531,1.04598,2195,17,0
2022-02-15 10:00:00,1.04598,1.05104,1.04554,1.04967,7792,17,0
2022-02-15 12:00:00,1.04964,1.05,1.04844,1.04869,4808,17,0
2022-02-15 14:00:00,1.0487,1.04905,1.04789,1.04837,5203,17,0
2022-02-15 16:00:00,1.04838,1.05227,1.04769,1.05209,8590,17,0
2022-02-15 18:00:00,1.05209,1.05297,1.05103,1.05198,4533,17,0
2022-02-15 20:00:00,1.05197,1.05202,1.05106,1.05133,1883,17,0
2022-02-15 22:00:00,1.05132,1.05142,1.0507,1.05079,1946,17,0
2022-02-16 00:00:00,1.05043,1.05118,1.05032,1.05086,422,18,0
2022-02-16 02:00:00,1.05086,1.05132,1.05029,1.0504,1201,17,0
2022-02-16 04:00:00,1.0504,1.05045,1.04985,1.04992,1196,17,0
2022-02-16 06:00:00,1.04994,1.0506,1.04989,1.05052,734,17,0
2022-02-16 08:00:00,1.05051,1.05237,1.05043,1.05196,2336,17,0
2022-02-16 10:00:00,1.05197,1.05487,1.05135,1.05166,6085,17,0
2022-02-16 12:00:00,1.05167,1.05298,1.05156,1.05263,3842,17,0
2022-02-16 14:00:00,1.05264,1.05335,1.04921,1.04966,5997,17,0
2022-02-16 16:00:00,1.04969,1.0499,1.04854,1.04866,5489,17,0
2022-02-16 18:00:00,1.04868,1.04934,1.04826,1.04851,3715,17,0
2022-02-16 20:00:00,1.04851,1.04936,1.04842,1.04891,5020,17,0
2022-02-16 22:00:00,1.04889,1.04929,1.04842,1.04864,2309,17,0
2022-02-17 00:00:00,1.04808,1.04924,1.04789,1.04838,963,18,0
2022-02-17 02:00:00,1.04838,1.04907,1.04812,1.04844,1991,17,0
2022-02-17 04:00:00,1.04843,1.04939,1.04546,1.04562,2482,17,0
2022-02-17 06:00:00,1.04562,1.04712,1.04467,1.04619,6263,17,0
2022-02-17 08:00:00,1.04619,1.04883,1.04586,1.04878,4713,17,0
2022-02-17 10:00:00,1.0488,1.04945,1.04555,1.04673,10722,17,0
2022-02-17 12:00:00,1.04674,1.04764,1.04607,1.04648,4878,17,0
2022-02-17 14:00:00,1.04647,1.04768,1.04475,1.04509,6796,17,0
2022-02-17 16:00:00,1.04509,1.04672,1.04497,1.04601,9295,17,0
2022-02-17 18:00:00,1.046,1.04621,1.04487,1.04543,4275,17,0
2022-02-17 20:00:00,1.04542,1.04567,1.04511,1.04546,2070,17,0
2022-02-17 22:00:00,1.04547,1.04573,1.04501,1.04522,1833,17,0
2022-02-18 00:00:00,1.0449,1.04576,1.0449,1.04519,930,20,0
2022-02-18 02:00:00,1.04519,1.04717,1.04483,1.04694,3068,17,0
2022-02-18 04:00:00,1.04695,1.04731,1.04667,1.04689,1989,17,0
2022-02-18 06:00:00,1.04689,1.04714,1.04675,1.047,1240,17,0
2022-02-18 08:00:00,1.04699,1.04776,1.04648,1.0469,2652,17,0
2022-02-18 10:00:00,1.04693,1.04816,1.04644,1.04665,4638,17,0
2022-02-18 12:00:00,1.04665,1.04696,1.04579,1.04602,3483,17,0
2022-02-18 14:00:00,1.04602,1.04603,1.04423,1.04466,5018,17,0
2022-02-18 16:00:00,1.04466,1.04493,1.04288,1.04391,7420,17,0
2022-02-18 18:00:00,1.04389,1.04409,1.04252,1.0428,6799,17,0
2022-02-18 20:00:00,1.04282,1.04375,1.04278,1.04361,2270,17,0
2022-02-18 22:00:00,1.04361,1.04383,1.04278,1.04313,2426,17,0
2022-02-21 00:00:00,1.04239,1.04325,1.04197,1.04208,1640,17,0
2022-02-21 02:00:00,1.04212,1.045,1.04164,1.04479,3689,17,0
2022-02-21 04:00:00,1.04478,1.04525,1.04434,1.04506,1866,17,0
2022-02-21 06:00:00,1.04506,1.04552,1.04499,1.04541,935,17,0
2022-02-21 08:00:00,1.0454,1.04658,1.04531,1.04532,1985,17,0
2022-02-21 10:00:00,1.04532,1.04607,1.04245,1.04292,5075,17,0
2022-02-21 12:00:00,1.04292,1.04293,1.03976,1.04019,3654,17,0
2022-02-21 14:00:00,1.04018,1.04114,1.03822,1.03889,4472,17,0
2022-02-21 16:00:00,1.03887,1.03983,1.03749,1.03762,5077,17,0
2022-02-21 18:00:00,1.03761,1.03875,1.03744,1.0377,2979,17,0
2022-02-21 20:00:00,1.03772,1.03804,1.03546,1.03665,3233,17,0
2022-02-21 22:00:00,1.03666,1.037,1.0354,1.03549,1291,17,0
2022-02-22 00:00:00,1.03571,1.03591,1.03455,1.03571,1134,17,0
2022-02-22 02:00:00,1.0357,1.03695,1.03547,1.03602,3585,17,0
2022-02-22 04:00:00,1.03601,1.03608,1.0341,1.03434,2145,17,0
2022-02-22 06:00:00,1.03435,1.03611,1.03434,1.03555,2243,17,0
2022-02-22 08:00:00,1.03558,1.03642,1.03373,1.03612,4664,17,0
2022-02-22 10:00:00,1.03613,1.04035,1.03598,1.03968,9051,17,0
2022-02-22 12:00:00,1.03973,1.04429,1.03957,1.04265,9741,17,0
2022-02-22 14:00:00,1.04266,1.04332,1.04195,1.04303,6069,17,0
2022-02-22 16:00:00,1.04304,1.04604,1.04251,1.04417,9165,17,0
2022-02-22 18:00:00,1.04417,1.04486,1.04276,1.04356,5387,17,0
2022-02-22 20:00:00,1.04354,1.04482,1.04296,1.04417,4400,17,0
2022-02-22 22:00:00,1.04415,1.04477,1.0435,1.04358,2890,17,0
2022-02-23 00:00:00,1.04289,1.04403,1.04289,1.04397,450,22,0
2022-02-23 02:00:00,1.04393,1.04417,1.04316,1.04361,1362,17,0
2022-02-23 04:00:00,1.04362,1.04395,1.04238,1.04261,1232,17,0
2022-02-23 06:00:00,1.04261,1.04281,1.04237,1.04255,1044,17,0
2022-02-23 08:00:00,1.04254,1.04485,1.04194,1.04443,2798,17,0
2022-02-23 10:00:00,1.04442,1.04594,1.04381,1.04484,5811,17,0
2022-02-23 12:00:00,1.04484,1.04493,1.04248,1.04285,5065,17,0
2022-02-23 14:00:00,1.04285,1.04376,1.04213,1.04251,4209,17,0
2022-02-23 16:00:00,1.04253,1.04254,1.03849,1.03859,7358,17,0
2022-02-23 18:00:00,1.03858,1.039,1.03753,1.03848,4618,17,0
2022-02-23 20:00:00,1.03848,1.03863,1.03776,1.03818,2700,17,0
2022-02-23 22:00:00,1.03817,1.0385,1.03771,1.03799,2016,17,0
2022-02-24 00:00:00,1.03742,1.03769,1.03675,1.03725,763,19,0
2022-02-24 02:00:00,1.03723,1.03744,1.03504,1.03729,3978,17,0
2022-02-24 04:00:00,1.03729,1.03732,1.03122,1.03143,7735,17,0
2022-02-24 06:00:00,1.03143,1.03333,1.02901,1.03198,10578,17,0
2022-02-24 08:00:00,1.03197,1.03508,1.03039,1.03401,11291,17,0
2022-02-24 10:00:00,1.034,1.03691,1.03271,1.03291,15181,17,0
2022-02-24 12:00:00,1.03291,1.03367,1.03007,1.03161,15378,17,0
2022-02-24 14:00:00,1.0316,1.03211,1.02962,1.03047,14255,17,0
2022-02-24 16:00:00,1.03046,1.03171,1.02783,1.03132,14563,17,0
2022-02-24 18:00:00,1.03133,1.03428,1.0312,1.03361,12195,17,0
2022-02-24 20:00:00,1.03362,1.0372,1.03294,1.03588,11450,17,0
2022-02-24 22:00:00,1.03585,1.03727,1.03542,1.03555,5796,17,0
2022-02-25 00:00:00,1.03505,1.03624,1.03505,1.03593,540,18,0
2022-02-25 02:00:00,1.03595,1.03628,1.03472,1.03563,6037,17,0
2022-02-25 04:00:00,1.03562,1.03608,1.03518,1.03602,3578,17,0
2022-02-25 06:00:00,1.03603,1.03647,1.03531,1.03592,3316,17,0
2022-02-25 08:00:00,1.03592,1.03628,1.0342,1.03564,6225,17,0
2022-02-25 10:00:00,1.03562,1.03586,1.03308,1.03558,10755,17,0
2022-02-25 12:00:00,1.03558,1.03641,1.03409,1.03618,7613,17,0
2022-02-25 14:00:00,1.03619,1.04167,1.03559,1.04164,12329,17,0
2022-02-25 16:00:00,1.04164,1.04376,1.03965,1.04328,11748,17,0
2022-02-25 18:00:00,1.04331,1.04473,1.04244,1.04283,6681,17,0
2022-02-25 20:00:00,1.04282,1.04373,1.04265,1.04339,4007,17,0
2022-02-25 22:00:00,1.04338,1.04368,1.0425,1.04317,3480,17,0
2022-02-28 00:00:00,1.03285,1.03728,1.03242,1.03609,5635,17,0
2022-02-28 02:00:00,1.0361,1.03791,1.03473,1.03529,9947,17,0
2022-02-28 04:00:00,1.03529,1.03558,1.03331,1.03362,5633,17,0
2022-02-28 06:00:00,1.03364,1.0338,1.03208,1.03307,3721,17,0
2022-02-28 08:00:00,1.03305,1.03679,1.03295,1.03589,10622,17,0
2022-02-28 10:00:00,1.0359,1.03606,1.03107,1.03118,11602,17,0
2022-02-28 12:00:00,1.03118,1.0344,1.03118,1.03225,10733,17,0
2022-02-28 14:00:00,1.03226,1.03385,1.02974,1.03012,10163,17,0
2022-02-28 16:00:00,1.03012,1.03157,1.02901,1.03026,11114,17,0
2022-02-28 18:00:00,1.03032,1.03274,1.02824,1.02939,9266,17,0
2022-02-28 20:00:00,1.02942,1.0297,1.02821,1.02863,4701,17,0
2022-02-28 22:00:00,1.02865,1.02894,1.02748,1.02829,3600,17,0
2022-03-01 00:00:00,1.02808,1.02923,1.02807,1.02887,853,17,0
2022-03-01 02:00:00,1.02889,1.02965,1.02842,1.02949,2448,17,0
2022-03-01 04:00:00,1.0295,1.02969,1.02791,1.028,1984,17,0
2022-03-01 06:00:00,1.028,1.02874,1.02787,1.02814,1733,17,0
2022-03-01 08:00:00,1.02815,1.02933,1.02673,1.02864,4803,17,0
2022-03-01 10:00:00,1.02865,1.02871,1.02461,1.02609,9830,17,0
2022-03-01 12:00:00,1.02609,1.02925,1.02401,1.02519,12964,17,0
2022-03-01 14:00:00,1.02518,1.02667,1.02312,1.0256,9363,17,0
2022-03-01 16:00:00,1.02561,1.02573,1.02322,1.02417,12333,17,0
2022-03-01 18:00:00,1.02416,1.02462,1.01984,1.02162,11284,17,0
2022-03-01 20:00:00,1.02161,1.02268,1.02057,1.02204,6914,17,0
2022-03-01 22:00:00,1.02201,1.02278,1.02172,1.02189,4549,17,0
2022-03-02 00:00:00,1.02198,1.02262,1.021,1.0225,1488,22,0
2022-03-02 02:00:00,1.02252,1.02329,1.02173,1.0231,2098,18,0
2022-03-02 04:00:00,1.0231,1.0237,1.02231,1.02251,2079,17,0
2022-03-02 06:00:00,1.0225,1.02265,1.02152,1.02157,1915,17,0
2022-03-02 08:00:00,1.02155,1.02171,1.01933,1.01965,8064,17,0
2022-03-02 10:00:00,1.01968,1.02064,1.01585,1.01626,15058,17,0
2022-03-02 12:00:00,1.01629,1.02062,1.01608,1.02042,9382,17,0
2022-03-02 14:00:00,1.02043,1.02217,1.02003,1.02139,9661,17,0
2022-03-02 16:00:00,1.02138,1.02265,1.02048,1.02158,12779,17,0
2022-03-02 18:00:00,1.02157,1.02626,1.02126,1.02379,13454,17,0
2022-03-02 20:00:00,1.0238,1.02484,1.02364,1.02414,5678,17,0
2022-03-02 22:00:00,1.02413,1.02428,1.02294,1.02322,3485,17,0
2022-03-03 00:00:00,1.02326,1.02356,1.02257,1.02281,4123,25,0
2022-03-03 02:00:00,1.02281,1.0232,1.02183,1.0222,3006,17,0
2022-03-03 04:00:00,1.0222,1.02269,1.0217,1.0226,2662,17,0
2022-03-03 06:00:00,1.0226,1.0229,1.02145,1.0216,2229,17,0
2022-03-03 08:00:00,1.02161,1.02196,1.01971,1.02049,3900,17,0
2022-03-03 10:00:00,1.02049,1.02135,1.01868,1.01909,7943,17,0
2022-03-03 12:00:00,1.01909,1.02049,1.01851,1.02044,5682,17,0
2022-03-03 14:00:00,1.02043,1.02046,1.0185,1.01979,7771,17,0
2022-03-03 16:00:00,1.01976,1.02011,1.01699,1.01801,10643,17,0
2022-03-03 18:00:00,1.01801,1.0182,1.01596,1.01647,10555,17,0
2022-03-03 20:00:00,1.01646,1.01736,1.01597,1.01611,5220,17,0
2022-03-03 22:00:00,1.01612,1.01663,1.01496,1.01504,3191,17,0
2022-03-04 00:00:00,1.01506,1.01569,1.01454,1.01561,786,20,0
2022-03-04 02:00:00,1.0156,1.01572,1.01161,1.0156,14209,17,0
2022-03-04 04:00:00,1.0156,1.01561,1.01255,1.01291,6939,17,0
2022-03-04 06:00:00,1.01291,1.01389,1.01265,1.01337,3851,17,0
2022-03-04 08:00:00,1.01337,1.01391,1.0114,1.01172,5760,17,0
2022-03-04 10:00:00,1.01173,1.01257,1.01125,1.01194,6741,17,0
2022-03-04 12:00:00,1.01193,1.01222,1.007,1.00725,9627,17,0
2022-03-04 14:00:00,1.00724,1.0079,1.00243,1.00359,12800,17,0
2022-03-04 16:00:00,1.00356,1.00499,1.00184,1.00302,13649,17,0
2022-03-04 18:00:00,1.00301,1.00359,1.00173,1.00353,7876,17,0
2022-03-04 20:00:00,1.00354,1.00467,1.00189,1.002,4824,17,0
2022-03-04 22:00:00,1.00201,1.00284,1.00185,1.00196,5358,17,0
2022-03-07 00:00:00,1.00137,1.00233,0.99812,1.00053,3820,17,0
2022-03-07 02:00:00,1.00051,1.0016,0.99712,0.99842,9973,17,0
2022-03-07 04:00:00,0.99842,1.00118,0.99775,1.00009,8434,17,0
2022-03-07 06:00:00,1.00009,1.00197,0.99964,1.0012,5437,17,0
2022-03-07 08:00:00,1.00119,1.00294,1.00082,1.00088,9320,17,0
2022-03-07 10:00:00,1.00088,1.00472,1.00059,1.00383,13666,17,0
2022-03-07 12:00:00,1.00382,1.00516,1.00021,1.00463,10824,17,0
2022-03-07 14:00:00,1.00464,1.00858,1.00412,1.0075,18127,17,0
2022-03-07 16:00:00,1.0075,1.00973,1.00664,1.00682,14253,17,0
2022-03-07 18:00:00,1.00681,1.00792,1.00572,1.00755,8787,17,0
2022-03-07 20:00:00,1.00755,1.00909,1.00409,1.0043,8032,17,0
2022-03-07 22:00:00,1.00431,1.00628,1.00422,1.0043,4443,17,0
2022-03-08 00:00:00,1.00439,1.00556,1.00419,1.00545,1080,21,0
2022-03-08 02:00:00,1.00546,1.00688,1.00464,1.00662,4280,18,0
2022-03-08 04:00:00,1.00663,1.00718,1.00554,1.00582,4371,18,0
2022-03-08 06:00:00,1.00581,1.00622,1.00526,1.00556,3956,18,0
2022-03-08 08:00:00,1.00558,1.00732,1.00476,1.0066,7564,17,0
2022-03-08 10:00:00,1.00659,1.01135,1.00592,1.01107,19030,17,0
2022-03-08 12:00:00,1.01108,1.01116,1.0075,1.00829,9402,17,0
2022-03-08 14:00:00,1.00829,1.01332,1.00829,1.01314,10893,17,0
2022-03-08 16:00:00,1.01314,1.01314,1.00962,1.01018,14525,17,0
2022-03-08 18:00:00,1.01019,1.01758,1.01011,1.01637,14968,17,0
2022-03-08 20:00:00,1.0163,1.01763,1.01281,1.01339,12365,17,0
2022-03-08 22:00:00,1.01339,1.01385,1.01232,1.01249,4548,17,0
2022-03-09 00:00:00,1.01155,1.01365,1.01146,1.01295,1162,24,0
2022-03-09 02:00:00,1.01297,1.01514,1.0127,1.01436,4129,17,0
2022-03-09 04:00:00,1.01436,1.01498,1.01307,1.01329,3900,17,0
2022-03-09 06:00:00,1.01329,1.01399,1.01315,1.01332,3183,17,0
2022-03-09 08:00:00,1.01333,1.01448,1.01305,1.01385,6625,17,0
2022-03-09 10:00:00,1.01388,1.01829,1.01317,1.0177,11391,17,0
2022-03-09 12:00:00,1.01769,1.01977,1.01586,1.01804,10113,17,0
2022-03-09 14:00:00,1.01805,1.02216,1.0173,1.02205,8782,17,0
2022-03-09 16:00:00,1.02206,1.02541,1.02126,1.02337,16909,17,0
2022-03-09 18:00:00,1.02345,1.02699,1.02329,1.02685,10765,17,0
2022-03-09 20:00:00,1.02686,1.02707,1.02521,1.02617,5402,17,0
2022-03-09 22:00:00,1.02618,1.02642,1.02483,1.026,3964,17,0
2022-03-10 00:00:00,1.02459,1.02609,1.02436,1.02591,1139,20,0
2022-03-10 02:00:00,1.02591,1.02593,1.02477,1.02534,3166,19,0
2022-03-10 04:00:00,1.02533,1.02627,1.02517,1.02625,2472,19,0
2022-03-10 06:00:00,1.02624,1.02628,1.02552,1.02577,2279,17,0
2022-03-10 08:00:00,1.02578,1.02634,1.02418,1.02594,5414,17,0
2022-03-10 10:00:00,1.02594,1.02595,1.02241,1.02324,16483,17,0
2022-03-10 12:00:00,1.02323,1.02436,1.02162,1.02314,14012,17,0
2022-03-10 14:00:00,1.02313,1.0296,1.02291,1.02904,18872,17,0
2022-03-10 16:00:00,1.02903,1.0302,1.02046,1.02174,18533,17,0
2022-03-10 18:00:00,1.02173,1.02371,1.02078,1.02256,8337,17,0
2022-03-10 20:00:00,1.02258,1.0227,1.02163,1.02177,4143,17,0
2022-03-10 22:00:00,1.02177,1.0223,1.02132,1.02206,2869,17,0
2022-03-11 00:00:00,1.02148,1.02358,1.02091,1.02352,2025,20,0
2022-03-11 02:00:00,1.02351,1.02366,1.02194,1.02226,3316,17,0
2022-03-11 04:00:00,1.02229,1.02343,1.02221,1.02339,5704,17,0
2022-03-11 06:00:00,1.02338,1.02371,1.02289,1.02358,3315,17,0
2022-03-11 08:00:00,1.02356,1.02443,1.02167,1.02183,4661,17,0
2022-03-11 10:00:00,1.02182,1.02306,1.0207,1.02188,9777,17,0
2022-03-11 12:00:00,1.02187,1.02773,1.02079,1.0257,11887,17,0
2022-03-11 14:00:00,1.02571,1.02755,1.02227,1.02431,11907,17,0
2022-03-11 16:00:00,1.0243,1.02461,1.02083,1.02291,11343,17,0
2022-03-11 18:00:00,1.0229,1.02321,1.01922,1.01952,8265,17,0
2022-03-11 20:00:00,1.01952,1.0201,1.01855,1.01982,4701,17,0
2022-03-11 22:00:00,1.0198,1.02019,1.01944,1.01997,3321,17,0
2022-03-14 00:00:00,1.01955,1.02237,1.01952,1.02183,2833,21,0
2022-03-14 02:00:00,1.02181,1.02315,1.02132,1.02171,4193,17,0
2022-03-14 04:00:00,1.02173,1.02173,1.02046,1.02072,3527,17,0
2022-03-14 06:00:00,1.02074,1.02162,1.02039,1.02117,2120,18,0
2022-03-14 08:00:00,1.02116,1.02357,1.02037,1.02307,6502,17,0
2022-03-14 10:00:00,1.02308,1.02558,1.02286,1.02486,12442,17,0
2022-03-14 12:00:00,1.02485,1.0257,1.02366,1.02384,8129,17,0
2022-03-14 14:00:00,1.02385,1.0253,1.02261,1.02362,10152,17,0
2022-03-14 16:00:00,1.02362,1.02805,1.02336,1.02742,9243,17,0
2022-03-14 18:00:00,1.02741,1.02876,1.02674,1.0277,6640,17,0
2022-03-14 20:00:00,1.02769,1.02825,1.02687,1.02717,4378,17,0
2022-03-14 22:00:00,1.02718,1.02767,1.02547,1.02687,948,17,0
2022-03-15 00:00:00,1.02659,1.02708,1.02573,1.02692,2653,22,0
2022-03-15 02:00:00,1.02693,1.02888,1.0269,1.02885,4026,17,0
2022-03-15 04:00:00,1.02885,1.03057,1.02874,1.03002,5104,17,0
2022-03-15 06:00:00,1.03002,1.032,1.02971,1.03193,2914,17,0
2022-03-15 08:00:00,1.03193,1.03336,1.02979,1.03242,10964,17,0
2022-03-15 10:00:00,1.03244,1.03296,1.0313,1.03287,11775,17,0
2022-03-15 12:00:00,1.03286,1.03302,1.03095,1.03139,8699,17,0
2022-03-15 14:00:00,1.03141,1.03306,1.03086,1.03227,10910,17,0
2022-03-15 16:00:00,1.03227,1.03377,1.03181,1.03302,10907,17,0
2022-03-15 18:00:00,1.03306,1.03316,1.02924,1.03046,10539,17,0
2022-03-15 20:00:00,1.03045,1.03133,1.0298,1.03085,4895,17,0
2022-03-15 22:00:00,1.03086,1.03114,1.03011,1.03051,892,17,0
2022-03-16 00:00:00,1.03022,1.03217,1.03022,1.03178,1628,21,0
2022-03-16 02:00:00,1.03181,1.0321,1.03058,1.03087,3328,19,0
2022-03-16 04:00:00,1.03089,1.03131,1.03033,1.03064,2561,17,0
2022-03-16 06:00:00,1.03063,1.03168,1.0306,1.0316,1434,17,0
2022-03-16 08:00:00,1.03159,1.03195,1.03049,1.03106,6203,17,0
2022-03-16 10:00:00,1.03106,1.03422,1.03072,1.03293,12023,17,0
2022-03-16 12:00:00,1.03292,1.03549,1.03289,1.03487,9515,17,0
2022-03-16 14:00:00,1.03488,1.035,1.03287,1.0344,9108,17,0
2022-03-16 16:00:00,1.03442,1.03754,1.03393,1.03492,17304,17,0
2022-03-16 18:00:00,1.03493,1.03725,1.03472,1.03564,7738,17,0
2022-03-16 20:00:00,1.03531,1.03845,1.03493,1.03806,22329,17,0
2022-03-16 22:00:00,1.03807,1.03816,1.03674,1.03686,1535,17,0
2022-03-17 00:00:00,1.03734,1.03836,1.03659,1.03764,2496,18,0
2022-03-17 02:00:00,1.03764,1.03892,1.0376,1.03816,5753,17,0
2022-03-17 04:00:00,1.03815,1.03845,1.03681,1.03728,4022,20,0
2022-03-17 06:00:00,1.03728,1.03735,1.03636,1.03664,3001,19,0
2022-03-17 08:00:00,1.03664,1.03939,1.03664,1.0392,5298,17,0
2022-03-17 10:00:00,1.03921,1.04011,1.03801,1.03858,9205,17,0
2022-03-17 12:00:00,1.03858,1.03911,1.03593,1.03864,9030,17,0
2022-03-17 14:00:00,1.03861,1.03982,1.03781,1.03901,11450,17,0
2022-03-17 16:00:00,1.03899,1.03975,1.03831,1.03871,9240,17,0
2022-03-17 18:00:00,1.03871,1.04015,1.03832,1.03998,5392,17,0
2022-03-17 20:00:00,1.03999,1.04015,1.03909,1.04005,3260,17,0
2022-03-17 22:00:00,1.04008,1.04008,1.03885,1.03912,929,17,0
2022-03-18 00:00:00,1.03899,1.03948,1.03864,1.03887,1396,21,0
2022-03-18 02:00:00,1.03889,1.04004,1.03815,1.03821,4783,17,0
2022-03-18 04:00:00,1.03822,1.0388,1.03769,1.03788,3126,17,0
2022-03-18 06:00:00,1.03786,1.03808,1.03699,1.03758,2524,17,0
2022-03-18 08:00:00,1.03759,1.03961,1.03703,1.03734,5846,17,0
2022-03-18 10:00:00,1.03731,1.03745,1.03274,1.03305,7909,17,0
2022-03-18 12:00:00,1.03303,1.0332,1.03109,1.03118,7552,17,0
2022-03-18 14:00:00,1.03117,1.03265,1.03074,1.03156,9456,17,0
2022-03-18 16:00:00,1.0316,1.0326,1.03086,1.03129,10909,17,0
2022-03-18 18:00:00,1.03131,1.03223,1.03064,1.03149,7270,17,0
2022-03-18 20:00:00,1.03148,1.03152,1.02923,1.03012,4490,17,0
2022-03-18 22:00:00,1.03013,1.03015,1.0293,1.02935,965,17,0
2022-03-21 00:00:00,1.02996,1.03045,1.02956,1.03014,1364,24,0
2022-03-21 02:00:00,1.03009,1.03027,1.02925,1.02997,1810,18,0
2022-03-21 04:00:00,1.02996,1.03118,1.0299,1.03092,1596,17,0
2022-03-21 06:00:00,1.03093,1.03094,1.03012,1.03072,1696,17,0
2022-03-21 08:00:00,1.03071,1.0322,1.0306,1.0315,5421,17,0
2022-03-21 10:00:00,1.03146,1.032,1.02833,1.0288,8222,17,0
2022-03-21 12:00:00,1.02878,1.02915,1.02643,1.0266,6512,17,0
2022-03-21 14:00:00,1.02661,1.02816,1.02655,1.02704,7077,17,0
2022-03-21 16:00:00,1.02709,1.02802,1.02639,1.02752,7671,17,0
2022-03-21 18:00:00,1.02753,1.02873,1.02711,1.02793,9278,17,0
2022-03-21 20:00:00,1.02793,1.0285,1.02724,1.02801,4069,17,0
2022-03-21 22:00:00,1.02799,1.02847,1.02789,1.0283,805,17,0
2022-03-22 00:00:00,1.02828,1.02896,1.0282,1.02883,1370,20,0
2022-03-22 02:00:00,1.02884,1.02923,1.02789,1.02828,4383,17,0
2022-03-22 04:00:00,1.0283,1.02916,1.02815,1.0288,2825,18,0
2022-03-22 06:00:00,1.0288,1.0291,1.02826,1.02849,3751,17,0
2022-03-22 08:00:00,1.02846,1.02914,1.02696,1.028,5644,17,0
2022-03-22 10:00:00,1.02804,1.02997,1.02746,1.0291,9724,17,0
2022-03-22 12:00:00,1.02909,1.02966,1.02657,1.02677,8590,17,0
2022-03-22 14:00:00,1.02677,1.029,1.02673,1.02888,11357,17,0
2022-03-22 16:00:00,1.0289,1.02941,1.02752,1.02767,9198,17,0
2022-03-22 18:00:00,1.02766,1.02909,1.02634,1.02875,5291,17,0
2022-03-22 20:00:00,1.02874,1.02917,1.02798,1.02906,2626,17,0
2022-03-22 22:00:00,1.02905,1.0293,1.02819,1.02831,774,19,0
2022-03-23 00:00:00,1.02851,1.02999,1.02835,1.02946,2194,17,0
2022-03-23 02:00:00,1.02947,1.0301,1.02872,1.03001,5374,17,0
2022-03-23 04:00:00,1.03003,1.03022,1.02936,1.02968,3607,18,0
2022-03-23 06:00:00,1.02969,1.03133,1.02963,1.03115,2506,17,0
2022-03-23 08:00:00,1.03115,1.03146,1.02869,1.02883,3943,17,0
2022-03-23 10:00:00,1.02884,1.03074,1.02782,1.02862,8603,17,0
2022-03-23 12:00:00,1.02861,1.02936,1.02663,1.02668,6847,17,0
2022-03-23 14:00:00,1.02667,1.02725,1.02467,1.02477,8523,17,0
2022-03-23 16:00:00,1.02479,1.02615,1.0245,1.02528,9190,17,0
2022-03-23 18:00:00,1.02528,1.02559,1.02378,1.02441,4779,17,0
2022-03-23 20:00:00,1.0244,1.02482,1.02374,1.02445,2654,17,0
2022-03-23 22:00:00,1.02446,1.0245,1.02334,1.02358,728,18,0
2022-03-24 00:00:00,1.02362,1.02449,1.02357,1.02427,1786,20,0
2022-03-24 02:00:00,1.0243,1.02536,1.02307,1.02371,4385,17,0
2022-03-24 04:00:00,1.02374,1.02393,1.02307,1.02352,2415,17,0
2022-03-24 06:00:00,1.02352,1.02407,1.02327,1.02336,1921,17,0
2022-03-24 08:00:00,1.02335,1.02522,1.02279,1.02473,4396,17,0
2022-03-24 10:00:00,1.02474,1.02679,1.02385,1.02529,11054,17,0
2022-03-24 12:00:00,1.02529,1.02563,1.02115,1.02281,8417,17,0
2022-03-24 14:00:00,1.0228,1.02286,1.02186,1.02242,9475,17,0
2022-03-24 16:00:00,1.02242,1.02508,1.02239,1.02445,10898,17,0
2022-03-24 18:00:00,1.02446,1.02458,1.02299,1.02318,5129,17,0
2022-03-24 20:00:00,1.02317,1.02411,1.0231,1.02351,3433,17,0
2022-03-24 22:00:00,1.02351,1.02368,1.02249,1.02268,753,18,0
2022-03-25 00:00:00,1.02267,1.02342,1.02267,1.02318,1145,19,0
2022-03-25 02:00:00,1.02319,1.02332,1.02114,1.02258,6504,17,0
2022-03-25 04:00:00,1.02255,1.02282,1.02191,1.02261,3606,18,0
2022-03-25 06:00:00,1.02262,1.02295,1.0218,1.02282,3882,17,0
2022-03-25 08:00:00,1.02282,1.02283,1.02182,1.02185,4216,17,0
2022-03-25 10:00:00,1.02183,1.02217,1.01959,1.01986,8164,17,0
2022-03-25 12:00:00,1.01986,1.02122,1.01938,1.02051,5262,17,0
2022-03-25 14:00:00,1.0205,1.02283,1.02008,1.0226,10142,17,0
2022-03-25 16:00:00,1.02259,1.02377,1.02194,1.02225,11460,17,0
2022-03-25 18:00:00,1.02226,1.02338,1.02174,1.02334,6866,17,0
2022-03-25 20:00:00,1.02333,1.02369,1.02195,1.02207,3902,17,0
2022-03-25 22:00:00,1.02208,1.02255,1.02154,1.02174,918,18,0
2022-03-28 00:00:00,1.02168,1.02241,1.02142,1.02219,440,26,0
2022-03-28 02:00:00,1.02219,1.02286,1.02188,1.0222,2187,17,0
2022-03-28 04:00:00,1.02218,1.02321,1.022,1.02255,7420,17,0
2022-03-28 06:00:00,1.02256,1.02291,1.02208,1.02281,3289,17,0
2022-03-28 08:00:00,1.0228,1.02392,1.02244,1.02346,5573,17,0
2022-03-28 10:00:00,1.02347,1.03006,1.02321,1.02888,13658,17,0
2022-03-28 12:00:00,1.0289,1.02897,1.02574,1.02734,11497,17,0
2022-03-28 14:00:00,1.02733,1.02755,1.02381,1.02464,11257,17,0
2022-03-28 16:00:00,1.02464,1.02751,1.0237,1.02574,14242,17,0
2022-03-28 18:00:00,1.02574,1.02697,1.02489,1.02652,7379,17,0
2022-03-28 20:00:00,1.02652,1.02755,1.02635,1.02747,4031,17,0
2022-03-28 22:00:00,1.02749,1.02756,1.02626,1.02659,2929,17,0
2022-03-29 00:00:00,1.02558,1.02749,1.02558,1.02714,920,19,0
2022-03-29 02:00:00,1.02713,1.02733,1.02552,1.02599,5047,17,0
2022-03-29 04:00:00,1.02599,1.02643,1.02506,1.0255,7779,17,0
2022-03-29 06:00:00,1.0255,1.02637,1.02504,1.02582,4623,17,0
2022-03-29 08:00:00,1.02582,1.02758,1.02527,1.02738,6197,17,0
2022-03-29 10:00:00,1.02739,1.02992,1.02732,1.02908,9921,17,0
2022-03-29 12:00:00,1.02907,1.03485,1.02862,1.03375,12238,17,0
2022-03-29 14:00:00,1.03374,1.03841,1.0327,1.03651,18269,17,0
2022-03-29 16:00:00,1.0365,1.03788,1.03347,1.03402,21533,17,0
2022-03-29 18:00:00,1.03405,1.03483,1.03235,1.0328,9003,17,0
2022-03-29 20:00:00,1.0328,1.03319,1.0319,1.03226,4338,17,0
2022-03-29 22:00:00,1.03225,1.0326,1.03154,1.0316,2375,17,0
2022-03-30 00:00:00,1.03124,1.03298,1.03106,1.03253,912,24,0
2022-03-30 02:00:00,1.03252,1.03299,1.0318,1.03214,5195,17,0
2022-03-30 04:00:00,1.03214,1.03251,1.0313,1.0319,8776,17,0
2022-03-30 06:00:00,1.03191,1.0323,1.03123,1.03154,6045,17,0
2022-03-30 08:00:00,1.03154,1.03199,1.03091,1.03147,6201,17,0
2022-03-30 10:00:00,1.03147,1.03294,1.03111,1.03228,15543,17,0
2022-03-30 12:00:00,1.03228,1.03265,1.02926,1.03048,10349,17,0
2022-03-30 14:00:00,1.03051,1.03243,1.03014,1.03031,10389,17,0
2022-03-30 16:00:00,1.03032,1.03204,1.02888,1.02947,14050,17,0
2022-03-30 18:00:00,1.02946,1.03104,1.02909,1.02948,6939,17,0
2022-03-30 20:00:00,1.02947,1.02993,1.02895,1.02952,3278,17,0
2022-03-30 22:00:00,1.02952,1.03026,1.02923,1.03018,2374,17,0
2022-03-31 00:00:00,1.02927,1.03042,1.02927,1.02996,461,31,0
2022-03-31 02:00:00,1.02994,1.03151,1.02962,1.0308,6267,22,0
2022-03-31 04:00:00,1.03079,1.0317,1.0306,1.03161,5356,22,0
2022-03-31 06:00:00,1.03162,1.03213,1.03125,1.03204,3556,22,0
2022-03-31 08:00:00,1.03203,1.03241,1.03062,1.03154,6919,22,0
2022-03-31 10:00:00,1.03155,1.03201,1.02876,1.029,12186,17,0
2022-03-31 12:00:00,1.02901,1.02913,1.02561,1.02611,10195,17,0
2022-03-31 14:00:00,1.02611,1.02716,1.0255,1.02646,9087,17,0
2022-03-31 16:00:00,1.02646,1.02679,1.02158,1.0233,16176,17,0
2022-03-31 18:00:00,1.02329,1.02436,1.02098,1.02189,7922,17,0
2022-03-31 20:00:00,1.02192,1.02245,1.02066,1.02121,3901,17,0
2022-03-31 22:00:00,1.02119,1.02243,1.02093,1.02101,2922,17,0
2022-04-01 00:00:00,1.0207,1.022,1.0207,1.022,653,24,0
2022-04-01 02:00:00,1.022,1.02285,1.02163,1.02277,2879,17,0
2022-04-01 04:00:00,1.02278,1.02371,1.0225,1.02314,3509,17,0
2022-04-01 06:00:00,1.02315,1.0235,1.02255,1.02282,3074,17,0
2022-04-01 08:00:00,1.02281,1.02313,1.01997,1.02159,5884,17,0
2022-04-01 10:00:00,1.02158,1.0228,1.02004,1.02181,11468,17,0
2022-04-01 12:00:00,1.02182,1.0225,1.02038,1.02247,7963,17,0
2022-04-01 14:00:00,1.02246,1.02302,1.02057,1.0223,8693,17,0
2022-04-01 16:00:00,1.02231,1.02435,1.02203,1.02227,10134,17,0
2022-04-01 18:00:00,1.02228,1.02289,1.02163,1.0221,5337,17,0
2022-04-01 20:00:00,1.02209,1.0225,1.02126,1.02166,2766,17,0
2022-04-01 22:00:00,1.02163,1.0226,1.02152,1.02228,2396,17,0
2022-04-04 00:00:00,1.02143,1.02283,1.02106,1.02274,833,24,0
2022-04-04 02:00:00,1.02273,1.02282,1.0219,1.02251,3240,17,0
2022-04-04 04:00:00,1.0225,1.02398,1.02244,1.02345,3024,17,0
2022-04-04 06:00:00,1.02345,1.02375,1.02309,1.02349,2103,17,0
2022-04-04 08:00:00,1.02349,1.02353,1.02106,1.02125,4573,17,0
2022-04-04 10:00:00,1.02125,1.02201,1.01997,1.02154,9333,17,0
2022-04-04 12:00:00,1.02154,1.02204,1.02001,1.0202,6011,17,0
2022-04-04 14:00:00,1.02019,1.02114,1.01749,1.01804,6380,17,0
2022-04-04 16:00:00,1.01806,1.01808,1.01587,1.01672,9053,17,0
2022-04-04 18:00:00,1.01673,1.01787,1.01669,1.01674,4186,17,0
2022-04-04 20:00:00,1.01674,1.01703,1.01548,1.0162,2896,17,0
2022-04-04 22:00:00,1.01613,1.01658,1.01582,1.01582,1720,17,0
2022-04-05 00:00:00,1.01598,1.01649,1.01595,1.01612,638,19,0
2022-04-05 02:00:00,1.01617,1.01676,1.01569,1.01602,2884,17,0
2022-04-05 04:00:00,1.01602,1.01607,1.01551,1.01594,3165,17,0
2022-04-05 06:00:00,1.01595,1.01632,1.01556,1.01572,3323,17,0
2022-04-05 08:00:00,1.01574,1.01632,1.01535,1.01577,4557,17,0
2022-04-05 10:00:00,1.01578,1.01707,1.01501,1.01587,9125,17,0
2022-04-05 12:00:00,1.01587,1.01689,1.01464,1.01559,5969,17,0
2022-04-05 14:00:00,1.01559,1.0158,1.01328,1.0138,5691,17,0
2022-04-05 16:00:00,1.01383,1.01622,1.01312,1.01525,11193,17,0
2022-04-05 18:00:00,1.01525,1.01554,1.01405,1.01453,6169,17,0
2022-04-05 20:00:00,1.01452,1.01464,1.01315,1.01326,3336,17,0
2022-04-05 22:00:00,1.01328,1.01363,1.01309,1.01354,1985,17,0
2022-04-06 00:00:00,1.01318,1.01382,1.0129,1.01358,466,19,0
2022-04-06 02:00:00,1.01357,1.01431,1.01336,1.01399,3355,17,0
2022-04-06 04:00:00,1.014,1.01436,1.01351,1.01381,5491,17,0
2022-04-06 06:00:00,1.0138,1.01476,1.01377,1.01445,3459,17,0
2022-04-06 08:00:00,1.01445,1.01596,1.01359,1.01593,5516,17,0
2022-04-06 10:00:00,1.01593,1.01936,1.01582,1.0185,10849,17,0
2022-04-06 12:00:00,1.01849,1.0188,1.01723,1.01841,7477,17,0
2022-04-06 14:00:00,1.01841,1.02006,1.01804,1.01998,7125,17,0
2022-04-06 16:00:00,1.01998,1.02038,1.01786,1.01838,9389,17,0
2022-04-06 18:00:00,1.01839,1.01843,1.0165,1.01726,5263,17,0
2022-04-06 20:00:00,1.01725,1.01738,1.01615,1.01686,9461,17,0
2022-04-06 22:00:00,1.01685,1.01724,1.01632,1.01655,3378,17,0
2022-04-07 00:00:00,1.0156,1.01704,1.01543,1.01681,688,25,0
2022-04-07 02:00:00,1.01681,1.01716,1.01582,1.01712,3507,17,0
2022-04-07 04:00:00,1.01712,1.01732,1.01669,1.01726,3982,18,0
2022-04-07 06:00:00,1.01727,1.01813,1.01677,1.01798,2189,17,0
2022-04-07 08:00:00,1.01798,1.01901,1.01758,1.01836,5088,17,0
2022-04-07 10:00:00,1.01835,1.01835,1.0145,1.01483,8094,17,0
2022-04-07 12:00:00,1.01481,1.01689,1.01471,1.01651,6722,17,0
2022-04-07 14:00:00,1.0165,1.0197,1.01631,1.01866,10992,17,0
2022-04-07 16:00:00,1.01867,1.01971,1.01644,1.01815,11993,17,0
2022-04-07 18:00:00,1.01815,1.01828,1.01575,1.01611,5389,17,0
2022-04-07 20:00:00,1.01607,1.01653,1.01548,1.01606,3908,17,0
2022-04-07 22:00:00,1.01605,1.01634,1.01531,1.01624,2869,17,0
2022-04-08 00:00:00,1.01525,1.01629,1.01508,1.01615,849,21,0
2022-04-08 02:00:00,1.01613,1.01613,1.01481,1.01489,5884,17,0
2022-04-08 04:00:00,1.01489,1.01548,1.01459,1.01508,4568,17,0
2022-04-08 06:00:00,1.01507,1.01547,1.01488,1.0151,2863,18,0
2022-04-08 08:00:00,1.0151,1.01568,1.01462,1.01512,4907,17,0
2022-04-08 10:00:00,1.01513,1.01677,1.01379,1.01613,8256,17,0
2022-04-08 12:00:00,1.01614,1.01783,1.01603,1.01739,6237,17,0
2022-04-08 14:00:00,1.01742,1.01748,1.01493,1.01604,7039,17,0
2022-04-08 16:00:00,1.01603,1.0165,1.01491,1.01589,10739,17,0
2022-04-08 18:00:00,1.01587,1.01645,1.01424,1.01503,4833,17,0
2022-04-08 20:00:00,1.01506,1.01613,1.01472,1.01612,2691,17,0
2022-04-08 22:00:00,1.01612,1.01612,1.01535,1.01577,1752,17,0
2022-04-11 00:00:00,1.01685,1.01781,1.01593,1.01677,2011,19,0
2022-04-11 02:00:00,1.0168,1.01798,1.01644,1.01791,4009,17,0
2022-04-11 04:00:00,1.01791,1.01897,1.0175,1.01818,4225,17,0
2022-04-11 06:00:00,1.01819,1.01885,1.01783,1.01826,2468,17,0
2022-04-11 08:00:00,1.01827,1.01942,1.01795,1.01928,4375,17,0
2022-04-11 10:00:00,1.01928,1.0201,1.01807,1.01918,8609,17,0
2022-04-11 12:00:00,1.01918,1.02049,1.01879,1.01921,5805,17,0
2022-04-11 14:00:00,1.0192,1.01934,1.01691,1.0174,6034,17,0
2022-04-11 16:00:00,1.01736,1.01757,1.01394,1.01429,8407,17,0
2022-04-11 18:00:00,1.01424,1.01453,1.01214,1.0126,4943,17,0
2022-04-11 20:00:00,1.0126,1.01399,1.01244,1.01385,2886,17,0
2022-04-11 22:00:00,1.01385,1.01409,1.01303,1.01333,2053,17,0
2022-04-12 00:00:00,1.0129,1.01342,1.01289,1.01316,681,19,0
2022-04-12 02:00:00,1.01315,1.01371,1.01279,1.01311,3795,17,0
2022-04-12 04:00:00,1.01312,1.0132,1.01212,1.01264,3584,17,0
2022-04-12 06:00:00,1.01265,1.01292,1.01238,1.01288,2316,17,0
2022-04-12 08:00:00,1.01289,1.01325,1.01201,1.01291,5770,17,0
2022-04-12 10:00:00,1.0129,1.01545,1.01262,1.01344,9234,17,0
2022-04-12 12:00:00,1.01345,1.01437,1.01327,1.01341,5516,17,0
2022-04-12 14:00:00,1.0134,1.01357,1.01186,1.01223,10177,17,0
2022-04-12 16:00:00,1.01222,1.01257,1.01051,1.01071,13108,17,0
2022-04-12 18:00:00,1.0107,1.01085,1.00892,1.00965,6645,17,0
2022-04-12 20:00:00,1.00964,1.01,1.00882,1.00922,3857,17,0
2022-04-12 22:00:00,1.00921,1.00995,1.00918,1.00969,1720,17,0
2022-04-13 00:00:00,1.00952,1.00987,1.00911,1.00987,852,19,0
2022-04-13 02:00:00,1.00988,1.01026,1.00935,1.00966,2415,17,0
2022-04-13 04:00:00,1.00967,1.01041,1.00957,1.01034,2429,17,0
2022-04-13 06:00:00,1.01034,1.01048,1.01002,1.01041,2019,17,0
2022-04-13 08:00:00,1.01041,1.01102,1.0102,1.0105,4096,17,0
2022-04-13 10:00:00,1.01051,1.01074,1.00911,1.00966,7313,17,0
2022-04-13 12:00:00,1.00966,1.01091,1.00872,1.01073,5587,17,0
2022-04-13 14:00:00,1.01074,1.01221,1.01073,1.01203,8423,17,0
2022-04-13 16:00:00,1.01205,1.01383,1.01019,1.01363,10707,17,0
2022-04-13 18:00:00,1.01362,1.01626,1.01345,1.01621,6977,17,0
2022-04-13 20:00:00,1.01622,1.01682,1.01549,1.01669,5337,17,0
2022-04-13 22:00:00,1.01669,1.0182,1.0166,1.01807,2136,17,0
2022-04-14 00:00:00,1.01697,1.01799,1.01667,1.01721,804,19,0
2022-04-14 02:00:00,1.01724,1.01792,1.01703,1.01757,3997,17,0
2022-04-14 04:00:00,1.01757,1.01789,1.01715,1.01729,4160,17,0
2022-04-14 06:00:00,1.0173,1.01791,1.01696,1.01776,2858,17,0
2022-04-14 08:00:00,1.01776,1.01892,1.01776,1.01891,4029,17,0
2022-04-14 10:00:00,1.01891,1.02,1.01727,1.01988,7367,17,0
2022-04-14 12:00:00,1.01989,1.0204,1.01914,1.01935,4682,17,0
2022-04-14 14:00:00,1.01933,1.02116,1.01671,1.01685,13416,17,0
2022-04-14 16:00:00,1.01686,1.01725,1.01387,1.01592,18934,17,0
2022-04-14 18:00:00,1.01591,1.01991,1.01528,1.01987,11871,17,0
2022-04-14 20:00:00,1.01985,1.02114,1.01903,1.02086,3584,17,0
2022-04-14 22:00:00,1.02086,1.02127,1.01999,1.02016,2710,17,0
2022-04-15 00:00:00,1.01894,1.02027,1.01894,1.01996,1480,60,0
2022-04-15 02:00:00,1.01995,1.02043,1.01823,1.01889,10487,20,0
2022-04-15 04:00:00,1.0189,1.02098,1.01863,1.01905,9723,26,0
2022-04-15 06:00:00,1.01904,1.02001,1.01854,1.01919,13046,48,0
2022-04-15 08:00:00,1.0192,1.01987,1.01748,1.01769,10258,19,0
2022-04-15 10:00:00,1.01767,1.0198,1.01706,1.01918,25827,19,0
2022-04-15 12:00:00,1.01917,1.01931,1.01794,1.01819,15643,19,0
2022-04-15 14:00:00,1.0182,1.01937,1.01781,1.01827,12667,28,0
2022-04-15 16:00:00,1.01826,1.019,1.01777,1.01854,12649,19,0
2022-04-15 18:00:00,1.01855,1.01929,1.01836,1.01877,3384,44,0
2022-04-15 20:00:00,1.01878,1.01913,1.01868,1.01888,1800,48,0
2022-04-15 22:00:00,1.01891,1.01979,1.0181,1.01851,881,53,0
2022-04-18 00:00:00,1.0174,1.01972,1.0174,1.01965,1860,24,0
2022-04-18 02:00:00,1.01965,1.02008,1.01825,1.01851,4445,19,0
2022-04-18 04:00:00,1.0185,1.01901,1.0183,1.01894,4345,20,0
2022-04-18 06:00:00,1.01893,1.01923,1.01841,1.01914,3515,19,0
2022-04-18 08:00:00,1.01913,1.01958,1.01834,1.0185,2011,19,0
2022-04-18 10:00:00,1.0185,1.01957,1.01837,1.01944,4342,19,0
2022-04-18 12:00:00,1.01943,1.01945,1.01729,1.01796,4035,19,0
2022-04-18 14:00:00,1.01796,1.01931,1.01792,1.01927,6435,19,0
2022-04-18 16:00:00,1.01927,1.01997,1.01786,1.01819,10158,19,0
2022-04-18 18:00:00,1.01819,1.01873,1.01729,1.01758,5788,19,0
2022-04-18 20:00:00,1.01757,1.01849,1.01735,1.01842,4482,19,0
2022-04-18 22:00:00,1.01842,1.0186,1.01785,1.01838,3261,19,0
2022-04-19 00:00:00,1.01676,1.0187,1.01654,1.01828,995,25,0
2022-04-19 02:00:00,1.01829,1.01995,1.01811,1.01908,5075,19,0
2022-04-19 04:00:00,1.01909,1.01962,1.01818,1.01825,4878,19,0
2022-04-19 06:00:00,1.01824,1.01914,1.01798,1.01882,3814,19,0
2022-04-19 08:00:00,1.01881,1.01969,1.01833,1.01895,5722,19,0
2022-04-19 10:00:00,1.01894,1.02267,1.01823,1.02266,11978,19,0
2022-04-19 12:00:00,1.02269,1.02384,1.02125,1.02379,8763,19,0
2022-04-19 14:00:00,1.02379,1.02416,1.01854,1.01957,11654,19,0
2022-04-19 16:00:00,1.01958,1.02404,1.01951,1.02378,14669,19,0
2022-04-19 18:00:00,1.02378,1.0249,1.02284,1.02488,8853,19,0
2022-04-19 20:00:00,1.02488,1.02674,1.02468,1.02646,5793,19,0
2022-04-19 22:00:00,1.02647,1.02755,1.02605,1.02702,3887,19,0
2022-04-20 00:00:00,1.02575,1.02768,1.02575,1.02739,1671,19,0
2022-04-20 02:00:00,1.02739,1.02872,1.02669,1.02853,3585,19,0
2022-04-20 04:00:00,1.02854,1.02902,1.02769,1.02867,8350,19,0
2022-04-20 06:00:00,1.02866,1.02907,1.02798,1.0287,7095,19,0
2022-04-20 08:00:00,1.0287,1.02875,1.02788,1.02851,5596,19,0
2022-04-20 10:00:00,1.02852,1.02869,1.02639,1.02756,8667,19,0
2022-04-20 12:00:00,1.02756,1.03005,1.02664,1.02871,10865,19,0
2022-04-20 14:00:00,1.02871,1.02884,1.0247,1.02685,9016,19,0
2022-04-20 16:00:00,1.02686,1.02831,1.02655,1.02809,14089,19,0
2022-04-20 18:00:00,1.02808,1.02899,1.02711,1.02876,6956,19,0
2022-04-20 20:00:00,1.02877,1.02917,1.02851,1.02854,4503,23,0
2022-04-20 22:00:00,1.02853,1.02931,1.02851,1.02898,2753,25,0
2022-04-21 00:00:00,1.02847,1.0298,1.0275,1.02943,1079,33,0
2022-04-21 02:00:00,1.02942,1.02982,1.02864,1.02898,3079,22,0
2022-04-21 04:00:00,1.02898,1.03007,1.02892,1.02993,3499,25,0
2022-04-21 06:00:00,1.02993,1.02993,1.02925,1.02965,2489,26,0
2022-04-21 08:00:00,1.02964,1.03328,1.02957,1.03221,6463,22,0
2022-04-21 10:00:00,1.03222,1.03614,1.03222,1.03565,7612,18,0
2022-04-21 12:00:00,1.03565,1.03701,1.03321,1.03327,4900,18,0
2022-04-21 14:00:00,1.03327,1.03399,1.03237,1.03345,5173,18,0
2022-04-21 16:00:00,1.03346,1.03436,1.03164,1.03217,7181,18,0
2022-04-21 18:00:00,1.03217,1.03505,1.03162,1.03441,5900,18,0
2022-04-21 20:00:00,1.03441,1.03474,1.03295,1.03295,5225,18,0
2022-04-21 22:00:00,1.03295,1.03334,1.03193,1.03193,2589,18,0
2022-04-22 00:00:00,1.03252,1.03369,1.03225,1.03345,1288,22,0
2022-04-22 02:00:00,1.03344,1.03433,1.03298,1.0343,2797,18,0
2022-04-22 04:00:00,1.03431,1.03434,1.03374,1.03412,2039,18,0
2022-04-22 06:00:00,1.03411,1.03433,1.0334,1.03401,2405,18,0
2022-04-22 08:00:00,1.03401,1.03457,1.03309,1.0334,4762,18,0
2022-04-22 10:00:00,1.03338,1.0335,1.03068,1.03172,8157,18,0
2022-04-22 12:00:00,1.03169,1.03284,1.03139,1.03275,5564,18,0
2022-04-22 14:00:00,1.03276,1.03429,1.03254,1.03359,5047,18,0
2022-04-22 16:00:00,1.0336,1.03508,1.03188,1.03212,7824,18,0
2022-04-22 18:00:00,1.03211,1.03464,1.03194,1.03269,5427,18,0
2022-04-22 20:00:00,1.03269,1.0333,1.0319,1.03203,2612,18,0
2022-04-22 22:00:00,1.03203,1.03326,1.03195,1.03233,3147,18,0
2022-04-25 00:00:00,1.03392,1.03466,1.03337,1.03366,2362,18,0
2022-04-25 02:00:00,1.03366,1.03374,1.03265,1.03309,3442,18,0
2022-04-25 04:00:00,1.03308,1.03332,1.03158,1.03178,4171,18,0
2022-04-25 06:00:00,1.03179,1.03244,1.03164,1.03212,3024,18,0
2022-04-25 08:00:00,1.0321,1.03315,1.02681,1.02724,7399,18,0
2022-04-25 10:00:00,1.02725,1.03017,1.02658,1.03004,9859,18,0
2022-04-25 12:00:00,1.03003,1.03039,1.02744,1.02788,5760,18,0
2022-04-25 14:00:00,1.02788,1.02962,1.02522,1.02621,10616,18,0
2022-04-25 16:00:00,1.02622,1.02657,1.02436,1.02626,9825,18,0
2022-04-25 18:00:00,1.02625,1.02761,1.02534,1.02732,6956,18,0
2022-04-25 20:00:00,1.02733,1.02829,1.02703,1.02715,3599,18,0
2022-04-25 22:00:00,1.02717,1.02777,1.02641,1.02693,2826,18,0
2022-04-26 00:00:00,1.02619,1.02753,1.02615,1.02677,1101,25,0
2022-04-26 02:00:00,1.02677,1.02759,1.02614,1.02738,3788,18,0
2022-04-26 04:00:00,1.02738,1.02776,1.02688,1.02773,4122,18,0
2022-04-26 06:00:00,1.02772,1.02892,1.02768,1.02831,3332,18,0
2022-04-26 08:00:00,1.02831,1.02897,1.0263,1.0266,4744,18,0
2022-04-26 10:00:00,1.0266,1.02772,1.0241,1.02497,8628,18,0
2022-04-26 12:00:00,1.02497,1.02548,1.02377,1.02389,5370,18,0
2022-04-26 14:00:00,1.02388,1.02398,1.02162,1.02197,6394,18,0
2022-04-26 16:00:00,1.02197,1.02314,1.02103,1.02244,9168,18,0
2022-04-26 18:00:00,1.02244,1.02498,1.02209,1.02425,5647,18,0
2022-04-26 20:00:00,1.02424,1.02459,1.02348,1.02433,3614,18,0
2022-04-26 22:00:00,1.02433,1.02465,1.02361,1.02379,2817,18,0
2022-04-27 00:00:00,1.02181,1.02408,1.02181,1.02361,1803,18,0
2022-04-27 02:00:00,1.02369,1.02468,1.02365,1.02452,2965,18,0
2022-04-27 04:00:00,1.02451,1.02472,1.02399,1.02427,3621,18,0
2022-04-27 06:00:00,1.02427,1.02528,1.02401,1.02512,2343,18,0
2022-04-27 08:00:00,1.02512,1.02582,1.02383,1.02444,4715,18,0
2022-04-27 10:00:00,1.02445,1.02538,1.02174,1.02235,9733,18,0
2022-04-27 12:00:00,1.02234,1.02362,1.02199,1.02318,7584,18,0
2022-04-27 14:00:00,1.02318,1.02318,1.02147,1.02259,7826,18,0
2022-04-27 16:00:00,1.02261,1.02281,1.0197,1.01975,10522,18,0
2022-04-27 18:00:00,1.01973,1.02336,1.0197,1.02259,6442,18,0
2022-04-27 20:00:00,1.02259,1.02324,1.02224,1.02285,3475,18,0
2022-04-27 22:00:00,1.02284,1.02323,1.02231,1.02231,2251,18,0
2022-04-28 00:00:00,1.02124,1.02282,1.02124,1.02254,1107,18,0
2022-04-28 02:00:00,1.02251,1.02267,1.02133,1.02164,3259,18,0
2022-04-28 04:00:00,1.02164,1.02279,1.02093,1.02121,3573,18,0
2022-04-28 06:00:00,1.02122,1.02203,1.02061,1.02105,5885,18,0
2022-04-28 08:00:00,1.02105,1.0218,1.01869,1.02161,7792,18,0
2022-04-28 10:00:00,1.02162,1.02301,1.01993,1.02143,10381,18,0
2022-04-28 12:00:00,1.02144,1.02308,1.02097,1.02113,7782,18,0
2022-04-28 14:00:00,1.02112,1.02411,1.02082,1.02299,10987,18,0
2022-04-28 16:00:00,1.02297,1.0237,1.02029,1.02154,12227,18,0
2022-04-28 18:00:00,1.02154,1.0226,1.02001,1.02025,6508,18,0
2022-04-28 20:00:00,1.02025,1.02103,1.01998,1.02075,3970,18,0
2022-04-28 22:00:00,1.02072,1.02128,1.02013,1.02027,2841,18,0
2022-04-29 00:00:00,1.02026,1.02061,1.01991,1.02007,1155,23,0
2022-04-29 02:00:00,1.02007,1.02129,1.02006,1.02104,2767,18,0
2022-04-29 04:00:00,1.02104,1.0216,1.02094,1.02139,3223,18,0
2022-04-29 06:00:00,1.0214,1.02164,1.02087,1.02101,2372,18,0
2022-04-29 08:00:00,1.021,1.02431,1.0209,1.02408,5444,18,0
2022-04-29 10:00:00,1.02407,1.02586,1.02297,1.02357,8605,18,0
2022-04-29 12:00:00,1.02358,1.02564,1.02335,1.02524,6521,18,0
2022-04-29 14:00:00,1.02523,1.02655,1.02259,1.02401,9519,18,0
2022-04-29 16:00:00,1.02401,1.02449,1.01882,1.02352,10978,18,0
2022-04-29 18:00:00,1.02346,1.02564,1.02339,1.02552,6798,18,0
2022-04-29 20:00:00,1.02551,1.02641,1.02518,1.02627,4474,18,0
2022-04-29 22:00:00,1.02624,1.02696,1.02568,1.02573,3508,18,0
2022-05-02 00:00:00,1.0243,1.02679,1.02379,1.02618,1961,18,0
2022-05-02 02:00:00,1.02618,1.0268,1.02574,1.02623,4586,18,0
2022-05-02 04:00:00,1.02622,1.02627,1.02435,1.02469,4430,18,0
2022-05-02 06:00:00,1.0247,1.02553,1.02464,1.02527,3495,18,0
2022-05-02 08:00:00,1.02531,1.02612,1.02398,1.02585,4229,18,0
2022-05-02 10:00:00,1.02584,1.0268,1.02269,1.02276,7288,18,0
2022-05-02 12:00:00,1.02276,1.02458,1.02276,1.02419,3402,18,0
2022-05-02 14:00:00,1.02419,1.02661,1.02349,1.02579,3866,18,0
2022-05-02 16:00:00,1.02578,1.02907,1.02488,1.0283,8245,18,0
2022-05-02 18:00:00,1.02831,1.02842,1.02706,1.02759,3987,18,0
2022-05-02 20:00:00,1.02758,1.02759,1.02606,1.02693,2436,18,0
2022-05-02 22:00:00,1.02692,1.02777,1.02662,1.02723,2888,18,0
2022-05-03 00:00:00,1.02663,1.02768,1.02656,1.02764,1241,19,0
2022-05-03 02:00:00,1.02764,1.02805,1.02722,1.02795,2231,20,0
2022-05-03 04:00:00,1.02796,1.02853,1.02694,1.0271,1970,21,0
2022-05-03 06:00:00,1.02708,1.02838,1.02686,1.02815,1854,18,0
2022-05-03 08:00:00,1.02815,1.02819,1.0267,1.02672,3760,18,0
2022-05-03 10:00:00,1.02671,1.02947,1.02644,1.02765,6067,18,0
2022-05-03 12:00:00,1.02767,1.02781,1.02624,1.02646,5779,18,0
2022-05-03 14:00:00,1.02647,1.02874,1.02538,1.02869,7093,18,0
2022-05-03 16:00:00,1.02869,1.03114,1.02809,1.03069,8413,18,0
2022-05-03 18:00:00,1.0307,1.03141,1.02943,1.02951,5689,18,0
2022-05-03 20:00:00,1.02954,1.03107,1.02945,1.03003,3834,18,0
2022-05-03 22:00:00,1.03008,1.03011,1.02908,1.02908,2953,18,0
2022-05-04 00:00:00,1.02898,1.03007,1.0283,1.02988,780,18,0
2022-05-04 02:00:00,1.02988,1.03054,1.02979,1.03021,1476,18,0
2022-05-04 04:00:00,1.03023,1.03082,1.0301,1.03032,1469,18,0
2022-05-04 06:00:00,1.03034,1.03057,1.02988,1.03031,1409,18,0
2022-05-04 08:00:00,1.03028,1.03041,1.02842,1.02877,2876,18,0
2022-05-04 10:00:00,1.02876,1.03218,1.02876,1.03169,5257,18,0
2022-05-04 12:00:00,1.0317,1.03353,1.03102,1.03341,3618,18,0
2022-05-04 14:00:00,1.0334,1.03429,1.03136,1.03423,4835,18,0
2022-05-04 16:00:00,1.03425,1.03653,1.03387,1.03638,6929,18,0
2022-05-04 18:00:00,1.03637,1.03736,1.03583,1.03718,4283,18,0
2022-05-04 20:00:00,1.03718,1.0376,1.03207,1.03436,16737,18,0
2022-05-04 22:00:00,1.03435,1.03464,1.03132,1.03244,11082,18,0
2022-05-05 00:00:00,1.0319,1.03395,1.0319,1.03353,1865,19,0
2022-05-05 02:00:00,1.03353,1.03394,1.0327,1.0329,4510,18,0
2022-05-05 04:00:00,1.03291,1.03373,1.03162,1.03257,4315,18,0
2022-05-05 06:00:00,1.03257,1.03309,1.03242,1.03257,2539,18,0
2022-05-05 08:00:00,1.03257,1.03457,1.0323,1.03358,4943,18,0
2022-05-05 10:00:00,1.03357,1.03739,1.03351,1.03684,6703,18,0
2022-05-05 12:00:00,1.03686,1.03732,1.03378,1.03539,5078,18,0
2022-05-05 14:00:00,1.03538,1.03692,1.034,1.03681,11171,18,0
2022-05-05 16:00:00,1.0368,1.03951,1.03642,1.03741,11751,18,0
2022-05-05 18:00:00,1.03742,1.03855,1.03612,1.03795,9045,18,0
2022-05-05 20:00:00,1.03795,1.03922,1.03766,1.03876,5430,18,0
2022-05-05 22:00:00,1.03876,1.03935,1.03791,1.03804,3791,18,0
2022-05-06 00:00:00,1.03739,1.03844,1.03739,1.03833,1402,18,0
2022-05-06 02:00:00,1.03833,1.03938,1.0379,1.03882,3900,18,0
2022-05-06 04:00:00,1.03882,1.03991,1.0387,1.03889,6144,18,0
2022-05-06 06:00:00,1.03891,1.03931,1.03812,1.03879,1936,18,0
2022-05-06 08:00:00,1.03881,1.03944,1.03508,1.0357,4461,18,0
2022-05-06 10:00:00,1.0357,1.04082,1.03321,1.0393,14467,18,0
2022-05-06 12:00:00,1.03932,1.04229,1.03849,1.04117,8098,18,0
2022-05-06 14:00:00,1.04117,1.04281,1.04011,1.04144,11219,18,0
2022-05-06 16:00:00,1.04145,1.04501,1.04092,1.04237,17178,18,0
2022-05-06 18:00:00,1.04237,1.04277,1.04074,1.04255,7618,18,0
2022-05-06 20:00:00,1.04255,1.04312,1.04203,1.04223,4180,18,0
2022-05-06 22:00:00,1.04222,1.04251,1.04169,1.04219,2653,18,0
2022-05-09 00:00:00,1.04077,1.04238,1.04065,1.04184,1059,21,0
2022-05-09 02:00:00,1.04183,1.04242,1.0415,1.04197,2903,18,0
2022-05-09 04:00:00,1.04199,1.04234,1.04143,1.04154,4168,18,0
2022-05-09 06:00:00,1.04156,1.04289,1.04127,1.04288,1985,18,0
2022-05-09 08:00:00,1.04288,1.04499,1.04219,1.04348,4165,18,0
2022-05-09 10:00:00,1.0435,1.04633,1.04293,1.04396,8418,18,0
2022-05-09 12:00:00,1.04396,1.04687,1.04292,1.04675,5441,18,0
2022-05-09 14:00:00,1.04676,1.04704,1.04517,1.04574,7475,18,0
2022-05-09 16:00:00,1.04574,1.04921,1.04406,1.04902,8366,18,0
2022-05-09 18:00:00,1.04901,1.04937,1.04721,1.04905,5496,18,0
2022-05-09 20:00:00,1.04904,1.04955,1.04817,1.04897,3132,18,0
2022-05-09 22:00:00,1.04895,1.04947,1.04806,1.04873,2923,18,0
2022-05-10 00:00:00,1.04822,1.04917,1.04775,1.04892,868,18,0
2022-05-10 02:00:00,1.04893,1.04916,1.04785,1.04816,3851,18,0
2022-05-10 04:00:00,1.04816,1.04895,1.04796,1.04833,5207,18,0
2022-05-10 06:00:00,1.04833,1.04899,1.04825,1.04865,2420,18,0
2022-05-10 08:00:00,1.04865,1.04915,1.0476,1.04781,3911,18,0
2022-05-10 10:00:00,1.04782,1.05037,1.04782,1.05001,7693,18,0
2022-05-10 12:00:00,1.05,1.05144,1.04983,1.05116,6308,18,0
2022-05-10 14:00:00,1.05114,1.05114,1.04556,1.04581,7013,18,0
2022-05-10 16:00:00,1.0458,1.04807,1.04574,1.04718,9943,18,0
2022-05-10 18:00:00,1.04719,1.04869,1.04703,1.04818,7091,18,0
2022-05-10 20:00:00,1.04818,1.04903,1.04783,1.04806,4598,18,0
2022-05-10 22:00:00,1.04806,1.04883,1.04791,1.04799,2384,18,0
2022-05-11 00:00:00,1.04742,1.04875,1.04715,1.04867,639,22,0
2022-05-11 02:00:00,1.04869,1.04921,1.04844,1.0485,2442,18,0
2022-05-11 04:00:00,1.0485,1.04877,1.04786,1.04872,2481,18,0
2022-05-11 06:00:00,1.04873,1.04907,1.04824,1.04836,1785,18,0
2022-05-11 08:00:00,1.04836,1.04899,1.04724,1.04749,4776,18,0
2022-05-11 10:00:00,1.04749,1.0483,1.0438,1.04465,7361,18,0
2022-05-11 12:00:00,1.04465,1.04495,1.04339,1.04427,4612,18,0
2022-05-11 14:00:00,1.04427,1.04771,1.04347,1.0473,10951,18,0
2022-05-11 16:00:00,1.04733,1.04776,1.04306,1.04498,14680,18,0
2022-05-11 18:00:00,1.04499,1.04584,1.04374,1.04436,6854,18,0
2022-05-11 20:00:00,1.04435,1.04582,1.04393,1.04555,6770,18,0
2022-05-11 22:00:00,1.04557,1.04603,1.04444,1.04472,3702,18,0
2022-05-12 00:00:00,1.04459,1.04574,1.04344,1.04538,1002,18,0
2022-05-12 02:00:00,1.04537,1.04639,1.04499,1.04613,3488,18,0
2022-05-12 04:00:00,1.04615,1.04666,1.04586,1.04631,3839,18,0
2022-05-12 06:00:00,1.04632,1.04755,1.04612,1.04732,2556,18,0
2022-05-12 08:00:00,1.04732,1.04759,1.04391,1.04411,5731,18,0
2022-05-12 10:00:00,1.04408,1.04458,1.04008,1.04034,12218,18,0
2022-05-12 12:00:00,1.04036,1.04068,1.03778,1.03969,6662,18,0
2022-05-12 14:00:00,1.03967,1.04001,1.03611,1.03804,8824,18,0
2022-05-12 16:00:00,1.03803,1.04105,1.0376,1.03953,10394,18,0
2022-05-12 18:00:00,1.03954,1.04017,1.03744,1.03949,6887,18,0
2022-05-12 20:00:00,1.03948,1.04169,1.03928,1.04156,5349,18,0
2022-05-12 22:00:00,1.04157,1.04208,1.0409,1.041,3036,18,0
2022-05-13 00:00:00,1.04117,1.04152,1.0407,1.04111,1425,18,0
2022-05-13 02:00:00,1.04112,1.04149,1.04037,1.04091,3235,18,0
2022-05-13 04:00:00,1.0409,1.04213,1.04084,1.0412,4624,18,0
2022-05-13 06:00:00,1.04121,1.04226,1.04114,1.04222,2604,18,0
2022-05-13 08:00:00,1.04222,1.0426,1.04119,1.04156,4131,18,0
2022-05-13 10:00:00,1.04159,1.0423,1.03982,1.04088,8779,18,0
2022-05-13 12:00:00,1.04088,1.04092,1.03796,1.03827,5848,18,0
2022-05-13 14:00:00,1.03828,1.03932,1.03793,1.03916,5018,18,0
2022-05-13 16:00:00,1.03915,1.04164,1.03831,1.04136,9665,18,0
2022-05-13 18:00:00,1.04135,1.04321,1.04119,1.04293,4543,18,0
2022-05-13 20:00:00,1.04292,1.04355,1.04226,1.04334,3346,18,0
2022-05-13 22:00:00,1.04334,1.04364,1.04143,1.04143,1987,18,0
2022-05-16 00:00:00,1.04132,1.04372,1.04049,1.04279,1600,41,0
2022-05-16 02:00:00,1.04281,1.04378,1.04208,1.04357,5174,18,0
2022-05-16 04:00:00,1.04358,1.04377,1.0415,1.04314,4526,18,0
2022-05-16 06:00:00,1.04312,1.04319,1.04208,1.04303,4903,18,0
2022-05-16 08:00:00,1.04303,1.04434,1.04277,1.04321,4767,18,0
2022-05-16 10:00:00,1.04322,1.04885,1.04299,1.04798,6710,18,0
2022-05-16 12:00:00,1.04798,1.04811,1.04646,1.04767,4406,18,0
2022-05-16 14:00:00,1.04766,1.04884,1.04642,1.04693,5269,18,0
2022-05-16 16:00:00,1.04695,1.04757,1.04482,1.04525,8245,18,0
2022-05-16 18:00:00,1.04526,1.04566,1.04395,1.04501,3968,18,0
2022-05-16 20:00:00,1.04501,1.04621,1.04476,1.04503,2824,18,0
2022-05-16 22:00:00,1.04501,1.04588,1.04501,1.04519,1884,18,0
2022-05-17 00:00:00,1.04482,1.04553,1.04477,1.0454,931,19,0
2022-05-17 02:00:00,1.04541,1.04687,1.04541,1.04639,2661,18,0
2022-05-17 04:00:00,1.04639,1.0466,1.04566,1.04576,2681,18,0
2022-05-17 06:00:00,1.04576,1.0464,1.04545,1.04584,1744,18,0
2022-05-17 08:00:00,1.04585,1.04663,1.04513,1.04524,3697,18,0
2022-05-17 10:00:00,1.04524,1.04696,1.043,1.04508,7313,18,0
2022-05-17 12:00:00,1.04509,1.04807,1.04365,1.04684,6985,18,0
2022-05-17 14:00:00,1.04684,1.04757,1.04535,1.04607,7506,18,0
2022-05-17 16:00:00,1.04602,1.0469,1.04501,1.04592,6929,18,0
2022-05-17 18:00:00,1.04592,1.04743,1.04505,1.04735,4184,18,0
2022-05-17 20:00:00,1.04734,1.04799,1.04692,1.04781,9304,18,0
2022-05-17 22:00:00,1.04783,1.04835,1.04771,1.0481,3045,18,0
2022-05-18 00:00:00,1.04783,1.04842,1.04783,1.0484,629,18,0
2022-05-18 02:00:00,1.04838,1.04869,1.04779,1.04779,2425,18,0
2022-05-18 04:00:00,1.0478,1.04837,1.04697,1.04742,3308,18,0
2022-05-18 06:00:00,1.04743,1.04753,1.04685,1.04704,2707,18,0
2022-05-18 08:00:00,1.04704,1.04787,1.04674,1.04738,4619,18,0
2022-05-18 10:00:00,1.04738,1.04941,1.04696,1.04789,6493,18,0
2022-05-18 12:00:00,1.04788,1.04825,1.04739,1.04812,3828,18,0
2022-05-18 14:00:00,1.04812,1.04936,1.04783,1.04904,4268,18,0
2022-05-18 16:00:00,1.04904,1.04916,1.03897,1.03971,8853,18,0
2022-05-18 18:00:00,1.03971,1.04028,1.03381,1.03532,6851,18,0
2022-05-18 20:00:00,1.03532,1.03537,1.03308,1.03414,3387,18,0
2022-05-18 22:00:00,1.03415,1.03493,1.03342,1.03365,2952,18,0
2022-05-19 00:00:00,1.03392,1.03492,1.03343,1.0347,1443,21,0
2022-05-19 02:00:00,1.03471,1.0351,1.03338,1.03501,4569,18,0
2022-05-19 04:00:00,1.03504,1.03586,1.0343,1.03569,4819,18,0
2022-05-19 06:00:00,1.03568,1.03594,1.03472,1.03474,3330,18,0
2022-05-19 08:00:00,1.03474,1.03511,1.03288,1.03304,4439,18,0
2022-05-19 10:00:00,1.03302,1.03302,1.02468,1.0247,9676,18,0
2022-05-19 12:00:00,1.02472,1.02882,1.02287,1.02806,6392,18,0
2022-05-19 14:00:00,1.02807,1.02872,1.02454,1.02609,7726,18,0
2022-05-19 16:00:00,1.0261,1.02948,1.02524,1.02938,12272,18,0
2022-05-19 18:00:00,1.02938,1.03051,1.02871,1.02894,6815,18,0
2022-05-19 20:00:00,1.02894,1.0296,1.02814,1.02839,3810,18,0
2022-05-19 22:00:00,1.02842,1.02981,1.02813,1.02954,2312,18,0
2022-05-20 00:00:00,1.02742,1.02953,1.02729,1.02826,821,19,0
2022-05-20 02:00:00,1.02826,1.02906,1.02807,1.02889,2980,18,0
2022-05-20 04:00:00,1.02889,1.02907,1.02724,1.02727,4764,18,0
2022-05-20 06:00:00,1.02728,1.02736,1.02546,1.02654,3056,18,0
2022-05-20 08:00:00,1.02654,1.02831,1.02642,1.02771,5486,18,0
2022-05-20 10:00:00,1.02771,1.03027,1.02646,1.02886,8991,18,0
2022-05-20 12:00:00,1.02886,1.02987,1.02671,1.028,5158,18,0
2022-05-20 14:00:00,1.02798,1.0292,1.02641,1.02839,6082,18,0
2022-05-20 16:00:00,1.02839,1.02978,1.02741,1.02943,8346,18,0
2022-05-20 18:00:00,1.02945,1.0299,1.02777,1.02806,6359,18,0
2022-05-20 20:00:00,1.02807,1.02929,1.02773,1.02911,4479,18,0
2022-05-20 22:00:00,1.02912,1.02964,1.02817,1.02908,3323,18,0
2022-05-23 00:00:00,1.02858,1.03061,1.02775,1.0305,1424,23,0
2022-05-23 02:00:00,1.0305,1.03084,1.02971,1.03025,4217,18,0
2022-05-23 04:00:00,1.03024,1.03068,1.02861,1.02869,3505,18,0
2022-05-23 06:00:00,1.02869,1.02947,1.02854,1.02923,2032,18,0
2022-05-23 08:00:00,1.02933,1.03144,1.02913,1.03042,4957,18,0
2022-05-23 10:00:00,1.03042,1.03195,1.02918,1.03146,9216,18,0
2022-05-23 12:00:00,1.03147,1.03346,1.03059,1.03165,6902,18,0
2022-05-23 14:00:00,1.03164,1.03238,1.02601,1.02769,7691,18,0
2022-05-23 16:00:00,1.02769,1.03019,1.02695,1.02964,8002,18,0
2022-05-23 18:00:00,1.02964,1.03243,1.02943,1.03171,4452,18,0
2022-05-23 20:00:00,1.03171,1.03271,1.03161,1.03237,2239,18,0
2022-05-23 22:00:00,1.03238,1.03276,1.03181,1.03181,2649,18,0
2022-05-24 00:00:00,1.03123,1.03233,1.03123,1.03179,1762,31,0
2022-05-24 02:00:00,1.03177,1.03203,1.03129,1.03137,2424,18,0
2022-05-24 04:00:00,1.03141,1.03148,1.03087,1.03104,2641,18,0
2022-05-24 06:00:00,1.03105,1.03139,1.03069,1.03078,1738,18,0
2022-05-24 08:00:00,1.03078,1.03182,1.03029,1.03163,4136,18,0
2022-05-24 10:00:00,1.03165,1.0337,1.02998,1.03088,11846,18,0
2022-05-24 12:00:00,1.0309,1.03499,1.03067,1.03463,6079,18,0
2022-05-24 14:00:00,1.03463,1.03481,1.0316,1.03184,8219,18,0
2022-05-24 16:00:00,1.03183,1.03203,1.02855,1.02911,11484,18,0
2022-05-24 18:00:00,1.0291,1.03152,1.02905,1.03069,5929,18,0
2022-05-24 20:00:00,1.03068,1.03109,1.0299,1.03052,3996,18,0
2022-05-24 22:00:00,1.03053,1.03148,1.03029,1.03029,1895,18,0
2022-05-25 00:00:00,1.03065,1.03144,1.03043,1.0313,1653,21,0
2022-05-25 02:00:00,1.03134,1.03135,1.03018,1.03074,3378,18,0
2022-05-25 04:00:00,1.03075,1.03097,1.02995,1.03046,4715,18,0
2022-05-25 06:00:00,1.03047,1.03128,1.0302,1.03024,3318,18,0
2022-05-25 08:00:00,1.03023,1.03043,1.02876,1.03,3989,18,0
2022-05-25 10:00:00,1.03,1.03,1.02651,1.02734,8204,18,0
2022-05-25 12:00:00,1.02734,1.02875,1.0269,1.0283,6214,18,0
2022-05-25 14:00:00,1.02829,1.02834,1.02384,1.02468,7620,18,0
2022-05-25 16:00:00,1.02467,1.02863,1.02434,1.02795,7912,18,0
2022-05-25 18:00:00,1.02794,1.02837,1.02636,1.02698,4494,18,0
2022-05-25 20:00:00,1.027,1.02798,1.02632,1.02794,6771,18,0
2022-05-25 22:00:00,1.02793,1.02814,1.02695,1.02713,2480,18,0
2022-05-26 00:00:00,1.02589,1.02825,1.02582,1.0279,2209,20,0
2022-05-26 02:00:00,1.02791,1.02928,1.02743,1.02904,3634,18,0
2022-05-26 04:00:00,1.02903,1.02916,1.02799,1.02855,4111,18,0
2022-05-26 06:00:00,1.02854,1.02894,1.02786,1.02799,3656,18,0
2022-05-26 08:00:00,1.02798,1.02827,1.02584,1.02648,4430,18,0
2022-05-26 10:00:00,1.02649,1.02696,1.02488,1.02509,7695,18,0
2022-05-26 12:00:00,1.02511,1.02854,1.02473,1.0278,6427,18,0
2022-05-26 14:00:00,1.02781,1.02891,1.02717,1.02799,7671,18,0
2022-05-26 16:00:00,1.02799,1.02959,1.02673,1.02935,7803,18,0
2022-05-26 18:00:00,1.02936,1.03088,1.02836,1.02839,5251,18,0
2022-05-26 20:00:00,1.02841,1.02868,1.02773,1.02841,3659,18,0
2022-05-26 22:00:00,1.02841,1.02895,1.02804,1.02851,3038,18,0
2022-05-27 00:00:00,1.02798,1.02905,1.02788,1.0288,1321,19,0
2022-05-27 02:00:00,1.02892,1.02938,1.02849,1.0292,3768,18,0
2022-05-27 04:00:00,1.0292,1.02991,1.02866,1.02956,4837,18,0
2022-05-27 06:00:00,1.02956,1.03039,1.02943,1.02991,2820,18,0
2022-05-27 08:00:00,1.0299,1.03078,1.02959,1.03001,4285,18,0
2022-05-27 10:00:00,1.03,1.03176,1.02839,1.02865,7302,18,0
2022-05-27 12:00:00,1.02866,1.02907,1.02649,1.02669,4645,18,0
2022-05-27 14:00:00,1.02668,1.02733,1.02404,1.02639,7177,18,0
2022-05-27 16:00:00,1.02637,1.02763,1.0247,1.02479,7011,18,0
2022-05-27 18:00:00,1.02478,1.02606,1.02323,1.02573,4724,18,0
2022-05-27 20:00:00,1.02578,1.02781,1.0257,1.0278,2498,18,0
2022-05-27 22:00:00,1.0278,1.02781,1.02688,1.02723,2031,18,0
2022-05-30 00:00:00,1.02706,1.02787,1.02603,1.02739,538,27,0
2022-05-30 02:00:00,1.02739,1.02814,1.02728,1.02767,2867,18,0
2022-05-30 04:00:00,1.02766,1.02816,1.02742,1.02773,5275,18,0
2022-05-30 06:00:00,1.02774,1.0289,1.02752,1.02877,5041,18,0
2022-05-30 08:00:00,1.02878,1.02952,1.02756,1.02779,4297,18,0
2022-05-30 10:00:00,1.02779,1.0306,1.02779,1.02955,5436,18,0
2022-05-30 12:00:00,1.02956,1.03356,1.02951,1.03323,5284,18,0
2022-05-30 14:00:00,1.03323,1.03354,1.03158,1.0323,5100,18,0
2022-05-30 16:00:00,1.0323,1.03306,1.03198,1.03216,5509,18,0
2022-05-30 18:00:00,1.03217,1.0329,1.03145,1.03269,3669,18,0
2022-05-30 20:00:00,1.03269,1.03269,1.03211,1.03235,1996,18,0
2022-05-30 22:00:00,1.03234,1.03244,1.03161,1.03161,1433,18,0
2022-05-31 00:00:00,1.03117,1.03226,1.0305,1.03219,707,20,0
2022-05-31 02:00:00,1.03219,1.0335,1.03193,1.03268,3741,18,0
2022-05-31 04:00:00,1.03268,1.0328,1.03105,1.03205,5246,18,0
2022-05-31 06:00:00,1.03205,1.03206,1.03101,1.03141,2264,18,0
2022-05-31 08:00:00,1.03142,1.03186,1.03027,1.03073,4027,18,0
2022-05-31 10:00:00,1.03074,1.03234,1.03045,1.03058,7628,18,0
2022-05-31 12:00:00,1.03063,1.03118,1.02613,1.02651,8655,18,0
2022-05-31 14:00:00,1.02652,1.02865,1.02591,1.02677,9458,18,0
2022-05-31 16:00:00,1.02676,1.02793,1.02543,1.0267,11458,18,0
2022-05-31 18:00:00,1.0267,1.02881,1.02645,1.02839,7882,18,0
2022-05-31 20:00:00,1.02838,1.02926,1.02714,1.02924,3449,18,0
2022-05-31 22:00:00,1.02924,1.03004,1.02887,1.02918,2057,18,0
2022-06-01 00:00:00,1.02793,1.03002,1.0279,1.02989,1090,20,0
2022-06-01 02:00:00,1.02988,1.03015,1.02954,1.02986,3017,18,0
2022-06-01 04:00:00,1.02987,1.03008,1.02899,1.02969,4642,18,0
2022-06-01 06:00:00,1.0297,1.03011,1.02915,1.02999,3464,18,0
2022-06-01 08:00:00,1.02999,1.03017,1.02805,1.02928,4330,18,0
2022-06-01 10:00:00,1.02929,1.03078,1.02886,1.0304,7509,18,0
2022-06-01 12:00:00,1.03038,1.03175,1.02996,1.03111,5528,18,0
2022-06-01 14:00:00,1.03109,1.03139,1.02962,1.03,6533,18,0
2022-06-01 16:00:00,1.03,1.03014,1.02762,1.02797,10498,18,0
2022-06-01 18:00:00,1.02798,1.02828,1.02451,1.02506,8222,18,0
2022-06-01 20:00:00,1.02506,1.02588,1.02433,1.02548,4648,18,0
2022-06-01 22:00:00,1.02546,1.02615,1.02523,1.02535,2703,18,0
2022-06-02 00:00:00,1.025,1.02597,1.02441,1.02562,1730,22,0
2022-06-02 02:00:00,1.02562,1.02604,1.0253,1.02592,2951,18,0
2022-06-02 04:00:00,1.02594,1.02634,1.02535,1.02615,4068,18,0
2022-06-02 06:00:00,1.02615,1.02658,1.02597,1.0261,2721,18,0
2022-06-02 08:00:00,1.02611,1.02713,1.02172,1.02293,4847,18,0
2022-06-02 10:00:00,1.02293,1.02656,1.02265,1.02643,5544,18,0
2022-06-02 12:00:00,1.02641,1.02679,1.02575,1.02619,4082,18,0
2022-06-02 14:00:00,1.02619,1.02687,1.02543,1.02633,6211,18,0
2022-06-02 16:00:00,1.02632,1.02964,1.02629,1.02887,9762,18,0
2022-06-02 18:00:00,1.02887,1.03009,1.02818,1.03006,4295,18,0
2022-06-02 20:00:00,1.03006,1.03014,1.02887,1.02892,3122,18,0
2022-06-02 22:00:00,1.02893,1.02963,1.02879,1.02901,3744,18,0
2022-06-03 00:00:00,1.02827,1.02979,1.02733,1.02927,1411,18,0
2022-06-03 02:00:00,1.02927,1.02993,1.02924,1.02969,3342,18,0
2022-06-03 04:00:00,1.02971,1.03027,1.02944,1.02978,3331,18,0
2022-06-03 06:00:00,1.02978,1.03018,1.02937,1.02941,2147,18,0
2022-06-03 08:00:00,1.02943,1.03045,1.02931,1.03004,2564,18,0
2022-06-03 10:00:00,1.03004,1.03071,1.02815,1.03037,4812,18,0
2022-06-03 12:00:00,1.03037,1.03153,1.0299,1.02997,3922,18,0
2022-06-03 14:00:00,1.02998,1.03273,1.02942,1.03153,8633,18,0
2022-06-03 16:00:00,1.03152,1.03279,1.03047,1.03169,10348,18,0
2022-06-03 18:00:00,1.03169,1.03271,1.03142,1.03243,4231,18,0
2022-06-03 20:00:00,1.03244,1.03244,1.03155,1.03181,2357,18,0
2022-06-03 22:00:00,1.0318,1.03211,1.03142,1.03172,2357,18,0
2022-06-06 00:00:00,1.03002,1.03236,1.03002,1.03205,1450,18,0
2022-06-06 02:00:00,1.03206,1.03244,1.03162,1.0317,2292,19,0
2022-06-06 04:00:00,1.03169,1.03174,1.03069,1.03116,3240,18,0
2022-06-06 06:00:00,1.03117,1.0315,1.0309,1.03147,2834,18,0
2022-06-06 08:00:00,1.03146,1.03243,1.03111,1.03112,3565,18,0
2022-06-06 10:00:00,1.03112,1.03289,1.03112,1.03281,4873,18,0
2022-06-06 12:00:00,1.03282,1.03293,1.03141,1.03164,3570,18,0
2022-06-06 14:00:00,1.03163,1.03268,1.03144,1.03255,3250,18,0
2022-06-06 16:00:00,1.03254,1.0361,1.03194,1.03546,6818,18,0
2022-06-06 18:00:00,1.03546,1.03782,1.03476,1.0375,5307,18,0
2022-06-06 20:00:00,1.03748,1.03911,1.03718,1.03811,3588,18,0
2022-06-06 22:00:00,1.03811,1.03848,1.03752,1.03835,2203,18,0
2022-06-07 00:00:00,1.03719,1.03829,1.03694,1.03818,1736,21,0
2022-06-07 02:00:00,1.03821,1.03852,1.03775,1.03808,4309,18,0
2022-06-07 04:00:00,1.03809,1.03822,1.03723,1.0374,5401,18,0
2022-06-07 06:00:00,1.03741,1.03847,1.0372,1.03821,4632,18,0
2022-06-07 08:00:00,1.03821,1.04074,1.03757,1.04054,6596,18,0
2022-06-07 10:00:00,1.04054,1.0425,1.03999,1.04202,6924,18,0
2022-06-07 12:00:00,1.04201,1.04361,1.0419,1.04209,5219,18,0
2022-06-07 14:00:00,1.04208,1.04253,1.04013,1.04049,7456,18,0
2022-06-07 16:00:00,1.0405,1.04178,1.03999,1.04091,9310,18,0
2022-06-07 18:00:00,1.0409,1.04159,1.04002,1.04147,4188,18,0
2022-06-07 20:00:00,1.04147,1.04176,1.04063,1.04106,3114,18,0
2022-06-07 22:00:00,1.04107,1.04156,1.04083,1.04093,1984,18,0
2022-06-08 00:00:00,1.03987,1.04159,1.03987,1.04139,1026,18,0
2022-06-08 02:00:00,1.04139,1.04168,1.04098,1.04157,2390,18,0
2022-06-08 04:00:00,1.04157,1.04192,1.04102,1.04115,4685,18,0
2022-06-08 06:00:00,1.04114,1.04153,1.04069,1.04139,2359,18,0
2022-06-08 08:00:00,1.04138,1.04199,1.04098,1.04105,3690,18,0
2022-06-08 10:00:00,1.04106,1.0454,1.04044,1.04524,8715,18,0
2022-06-08 12:00:00,1.04524,1.04863,1.04406,1.04763,8077,18,0
2022-06-08 14:00:00,1.04764,1.04908,1.04691,1.04877,6818,18,0
2022-06-08 16:00:00,1.04876,1.04886,1.0449,1.04562,9366,18,0
2022-06-08 18:00:00,1.04561,1.04776,1.04518,1.0467,5609,18,0
2022-06-08 20:00:00,1.04668,1.04797,1.0465,1.04763,4397,18,0
2022-06-08 22:00:00,1.04762,1.0486,1.04743,1.04791,1756,18,0
2022-06-09 00:00:00,1.04703,1.049,1.04683,1.04873,964,18,0
2022-06-09 02:00:00,1.04872,1.04903,1.04851,1.04853,2289,18,0
2022-06-09 04:00:00,1.04855,1.04901,1.04827,1.04898,3647,18,0
2022-06-09 06:00:00,1.04899,1.04903,1.04821,1.0488,2663,18,0
2022-06-09 08:00:00,1.04879,1.04894,1.04776,1.0479,4639,18,0
2022-06-09 10:00:00,1.0479,1.04946,1.04744,1.04861,8407,18,0
2022-06-09 12:00:00,1.04861,1.04892,1.04702,1.04792,4581,18,0
2022-06-09 14:00:00,1.04792,1.05133,1.04588,1.04671,18077,18,0
2022-06-09 16:00:00,1.04672,1.04714,1.03722,1.04268,16055,18,0
2022-06-09 18:00:00,1.04267,1.04362,1.04136,1.04177,6872,18,0
2022-06-09 20:00:00,1.04177,1.04193,1.03947,1.04124,2940,18,0
2022-06-09 22:00:00,1.04125,1.04176,1.04023,1.04045,3179,18,0
2022-06-10 00:00:00,1.04,1.041,1.03968,1.04098,3557,25,0
2022-06-10 02:00:00,1.04097,1.04132,1.04026,1.0404,5233,18,0
2022-06-10 04:00:00,1.04039,1.04096,1.04008,1.04067,3483,18,0
2022-06-10 06:00:00,1.04068,1.04131,1.04061,1.04125,2788,18,0
2022-06-10 08:00:00,1.04125,1.0414,1.03897,1.03925,5557,18,0
2022-06-10 10:00:00,1.03924,1.03994,1.03794,1.03915,8513,18,0
2022-06-10 12:00:00,1.03914,1.04062,1.03845,1.03955,7106,18,0
2022-06-10 14:00:00,1.03956,1.04099,1.0375,1.03767,12934,18,0
2022-06-10 16:00:00,1.03768,1.04121,1.03754,1.04067,14853,18,0
2022-06-10 18:00:00,1.04068,1.04085,1.03922,1.03977,8043,18,0
2022-06-10 20:00:00,1.03977,1.04033,1.03909,1.03961,4770,18,0
2022-06-10 22:00:00,1.03962,1.03987,1.03789,1.03818,3032,18,0
2022-06-13 00:00:00,1.0381,1.03919,1.03765,1.03855,2075,18,0
2022-06-13 02:00:00,1.03857,1.03884,1.03747,1.03753,3952,18,0
2022-06-13 04:00:00,1.03756,1.03761,1.03649,1.0374,5812,18,0
2022-06-13 06:00:00,1.03739,1.03782,1.03717,1.03743,4325,18,0
2022-06-13 08:00:00,1.03743,1.03828,1.03611,1.03762,6174,18,0
2022-06-13 10:00:00,1.03758,1.03854,1.03694,1.03846,10278,18,0
2022-06-13 12:00:00,1.03846,1.04016,1.03788,1.03939,9114,18,0
2022-06-13 14:00:00,1.03939,1.03989,1.03648,1.03777,9801,18,0
2022-06-13 16:00:00,1.03779,1.03917,1.03682,1.03903,9923,18,0
2022-06-13 18:00:00,1.03903,1.04088,1.03873,1.03929,8030,18,0
2022-06-13 20:00:00,1.0393,1.04028,1.03878,1.0397,4390,18,0
2022-06-13 22:00:00,1.03969,1.04049,1.03751,1.03765,8978,18,0
2022-06-14 00:00:00,1.03755,1.03845,1.03732,1.03747,2416,18,0
2022-06-14 02:00:00,1.03746,1.03827,1.03732,1.03774,5886,18,0
2022-06-14 04:00:00,1.03773,1.03835,1.03688,1.0376,7359,18,0
2022-06-14 06:00:00,1.03762,1.03889,1.03731,1.03816,8062,18,0
2022-06-14 08:00:00,1.03817,1.03929,1.03773,1.03785,7558,18,0
2022-06-14 10:00:00,1.03783,1.03848,1.03396,1.03491,13473,18,0
2022-06-14 12:00:00,1.03491,1.0372,1.03397,1.03701,9024,18,0
2022-06-14 14:00:00,1.03702,1.04048,1.03685,1.03967,11066,18,0
2022-06-14 16:00:00,1.03971,1.04126,1.0378,1.04117,11219,18,0
2022-06-14 18:00:00,1.04117,1.04473,1.04114,1.04467,9500,18,0
2022-06-14 20:00:00,1.04467,1.04515,1.04304,1.04399,6513,18,0
2022-06-14 22:00:00,1.044,1.04433,1.04258,1.04323,3623,18,0
2022-06-15 00:00:00,1.04314,1.0438,1.04285,1.04373,3244,18,0
2022-06-15 02:00:00,1.04373,1.04392,1.04256,1.04302,8862,18,0
2022-06-15 04:00:00,1.04299,1.04389,1.04291,1.04323,8073,18,0
2022-06-15 06:00:00,1.04319,1.04375,1.04299,1.04346,5890,18,0
2022-06-15 08:00:00,1.04346,1.04776,1.04323,1.0455,12223,18,0
2022-06-15 10:00:00,1.04547,1.04768,1.04387,1.04626,15254,18,0
2022-06-15 12:00:00,1.04627,1.04699,1.04498,1.04691,11554,18,0
2022-06-15 14:00:00,1.04688,1.04697,1.04129,1.04197,14721,18,0
2022-06-15 16:00:00,1.04197,1.04339,1.04044,1.04188,11214,18,0
2022-06-15 18:00:00,1.04188,1.04207,1.04011,1.04109,7452,18,0
2022-06-15 20:00:00,1.0411,1.04302,1.03883,1.04082,21052,18,0
2022-06-15 22:00:00,1.04081,1.0413,1.03745,1.03745,15585,18,0
2022-06-16 00:00:00,1.03762,1.04033,1.03762,1.03973,3110,18,0
2022-06-16 02:00:00,1.03973,1.04075,1.03951,1.0401,6445,18,0
2022-06-16 04:00:00,1.04013,1.04159,1.04002,1.04025,8872,18,0
2022-06-16 06:00:00,1.04026,1.04028,1.03871,1.03934,4276,18,0
2022-06-16 08:00:00,1.03933,1.03961,1.03751,1.03841,7738,18,0
2022-06-16 10:00:00,1.0384,1.0389,1.01676,1.01987,14446,18,0
2022-06-16 12:00:00,1.01951,1.02159,1.01839,1.02099,10988,18,0
2022-06-16 14:00:00,1.02098,1.02111,1.0129,1.01652,18671,22,0
2022-06-16 16:00:00,1.01653,1.01948,1.01481,1.01714,15630,17,0
2022-06-16 18:00:00,1.01714,1.01988,1.01656,1.01943,13455,17,0
2022-06-16 20:00:00,1.01942,1.02159,1.01809,1.0191,9794,17,0
2022-06-16 22:00:00,1.01911,1.01992,1.01859,1.01928,5874,17,0
2022-06-17 00:00:00,1.01923,1.02015,1.0184,1.01991,2944,22,0
2022-06-17 02:00:00,1.01992,1.02072,1.01918,1.02059,9849,17,0
2022-06-17 04:00:00,1.02058,1.02191,1.01962,1.01968,10548,17,0
2022-06-17 06:00:00,1.01966,1.02117,1.01953,1.01999,8145,17,0
2022-06-17 08:00:00,1.01999,1.02036,1.01555,1.01595,8678,17,0
2022-06-17 10:00:00,1.01595,1.01726,1.01302,1.01562,15016,17,0
2022-06-17 12:00:00,1.01562,1.01752,1.01418,1.01441,9386,18,0
2022-06-17 14:00:00,1.01442,1.0146,1.00976,1.0108,10861,18,0
2022-06-17 16:00:00,1.01081,1.01686,1.01051,1.01671,13395,18,0
2022-06-17 18:00:00,1.0167,1.01778,1.01533,1.01682,8253,18,0
2022-06-17 20:00:00,1.01681,1.01815,1.01612,1.01812,5009,18,0
2022-06-17 22:00:00,1.01814,1.01877,1.0165,1.0165,4334,18,0
2022-06-20 00:00:00,1.01687,1.0177,1.01547,1.01694,1658,18,0
2022-06-20 02:00:00,1.01692,1.01798,1.01667,1.01724,6367,18,0
2022-06-20 04:00:00,1.01724,1.01769,1.01536,1.01695,8429,18,0
2022-06-20 06:00:00,1.01694,1.01776,1.01656,1.01744,5011,18,0
2022-06-20 08:00:00,1.01745,1.01788,1.01602,1.01685,7032,18,0
2022-06-20 10:00:00,1.01684,1.0175,1.01468,1.01595,9718,18,0
2022-06-20 12:00:00,1.01594,1.01674,1.0135,1.01396,7369,18,0
2022-06-20 14:00:00,1.01395,1.01697,1.01349,1.01566,7001,18,0
2022-06-20 16:00:00,1.01566,1.01935,1.01552,1.01859,6799,18,0
2022-06-20 18:00:00,1.0186,1.01873,1.01705,1.01775,4506,18,0
2022-06-20 20:00:00,1.01776,1.01776,1.01682,1.01719,3789,18,0
2022-06-20 22:00:00,1.01719,1.01745,1.01654,1.01659,3310,18,0
2022-06-21 00:00:00,1.01658,1.01747,1.01634,1.01732,1282,18,0
2022-06-21 02:00:00,1.01731,1.01795,1.01707,1.01752,5306,18,0
2022-06-21 04:00:00,1.01753,1.01875,1.0175,1.01864,4046,18,0
2022-06-21 06:00:00,1.01865,1.01866,1.0171,1.0174,4159,18,0
2022-06-21 08:00:00,1.01741,1.01774,1.01664,1.01725,5866,18,0
2022-06-21 10:00:00,1.01724,1.02126,1.01671,1.02055,10840,18,0
2022-06-21 12:00:00,1.02055,1.0214,1.01901,1.02002,7001,18,0
2022-06-21 14:00:00,1.02003,1.02145,1.01952,1.02134,8996,18,0
2022-06-21 16:00:00,1.02134,1.02151,1.01715,1.01812,10188,18,0
2022-06-21 18:00:00,1.01809,1.01919,1.01733,1.01749,6153,18,0
2022-06-21 20:00:00,1.01749,1.01792,1.0165,1.01787,4138,18,0
2022-06-21 22:00:00,1.01788,1.01838,1.01702,1.01703,3156,18,0
2022-06-22 00:00:00,1.01708,1.01778,1.01705,1.01771,2250,18,0
2022-06-22 02:00:00,1.0177,1.0178,1.01719,1.0172,6403,18,0
2022-06-22 04:00:00,1.01721,1.01721,1.01526,1.01529,5506,18,0
2022-06-22 06:00:00,1.01528,1.01643,1.01487,1.01564,3967,18,0
2022-06-22 08:00:00,1.01566,1.01671,1.01465,1.01533,6704,18,0
2022-06-22 10:00:00,1.01532,1.01682,1.01314,1.01674,10816,18,0
2022-06-22 12:00:00,1.01674,1.01717,1.01471,1.01508,8637,18,0
2022-06-22 14:00:00,1.01508,1.01632,1.01392,1.01425,9653,18,0
2022-06-22 16:00:00,1.01426,1.01749,1.01382,1.01641,14308,18,0
2022-06-22 18:00:00,1.0164,1.01877,1.01535,1.01753,7737,18,0
2022-06-22 20:00:00,1.01749,1.01768,1.01584,1.01598,3878,18,0
2022-06-22 22:00:00,1.01599,1.01674,1.01533,1.01543,2810,18,0
2022-06-23 00:00:00,1.0153,1.01623,1.0153,1.01603,1250,23,0
2022-06-23 02:00:00,1.01602,1.01614,1.01533,1.0156,4721,18,0
2022-06-23 04:00:00,1.0156,1.01606,1.01508,1.01548,8436,18,0
2022-06-23 06:00:00,1.01548,1.01634,1.01548,1.01591,4270,18,0
2022-06-23 08:00:00,1.01591,1.01637,1.01518,1.01606,6386,18,0
2022-06-23 10:00:00,1.01605,1.01648,1.01338,1.0154,16283,18,0
2022-06-23 12:00:00,1.0154,1.01596,1.01411,1.0143,9097,18,0
2022-06-23 14:00:00,1.01431,1.01486,1.01177,1.01196,10390,18,0
2022-06-23 16:00:00,1.01196,1.01272,1.00678,1.00873,14341,18,0
2022-06-23 18:00:00,1.00873,1.00979,1.00823,1.00929,9121,18,0
2022-06-23 20:00:00,1.00927,1.01116,1.00922,1.01108,5409,18,0
2022-06-23 22:00:00,1.01109,1.01152,1.01081,1.01094,3260,18,0
2022-06-24 00:00:00,1.01064,1.01195,1.01064,1.01162,1909,18,0
2022-06-24 02:00:00,1.01161,1.01196,1.011,1.01132,4549,18,0
2022-06-24 04:00:00,1.01133,1.0125,1.0112,1.01199,4479,18,0
2022-06-24 06:00:00,1.01201,1.01263,1.01178,1.01212,4310,18,0
2022-06-24 08:00:00,1.01212,1.0129,1.01054,1.01082,5922,18,0
2022-06-24 10:00:00,1.01082,1.01382,1.00948,1.01185,9750,18,0
2022-06-24 12:00:00,1.01184,1.01185,1.00834,1.00872,7332,18,0
2022-06-24 14:00:00,1.00871,1.00948,1.00494,1.00566,8691,18,0
2022-06-24 16:00:00,1.00566,1.00777,1.00543,1.00677,12897,18,0
2022-06-24 18:00:00,1.00679,1.01092,1.00649,1.01053,8188,18,0
2022-06-24 20:00:00,1.01053,1.01181,1.01009,1.01123,4353,18,0
2022-06-24 22:00:00,1.01126,1.01173,1.01028,1.01088,3019,18,0
2022-06-27 00:00:00,1.0088,1.01131,1.00875,1.01064,1756,28,0
2022-06-27 02:00:00,1.01065,1.01174,1.01054,1.01068,6402,18,0
2022-06-27 04:00:00,1.01068,1.01134,1.01035,1.0112,8008,18,0
2022-06-27 06:00:00,1.01121,1.01123,1.01027,1.01089,4298,18,0
2022-06-27 08:00:00,1.01089,1.01191,1.01071,1.01141,5973,18,0
2022-06-27 10:00:00,1.0114,1.01433,1.01094,1.01396,6888,18,0
2022-06-27 12:00:00,1.01397,1.01466,1.01203,1.01421,7007,18,0
2022-06-27 14:00:00,1.01422,1.01571,1.01248,1.01466,8227,18,0
2022-06-27 16:00:00,1.01469,1.01481,1.01157,1.01334,10664,18,0
2022-06-27 18:00:00,1.01334,1.01406,1.01193,1.01197,5204,18,0
2022-06-27 20:00:00,1.01196,1.0123,1.01167,1.01214,2350,18,0
2022-06-27 22:00:00,1.01214,1.01238,1.01153,1.01196,2241,18,0
2022-06-28 00:00:00,1.01192,1.01217,1.01131,1.01143,1340,18,0
2022-06-28 02:00:00,1.01143,1.01186,1.01071,1.01093,3474,18,0
2022-06-28 04:00:00,1.01094,1.0114,1.01051,1.01068,5431,18,0
2022-06-28 06:00:00,1.01068,1.01145,1.01056,1.01135,3674,18,0
2022-06-28 08:00:00,1.01135,1.01304,1.01068,1.01145,6955,18,0
2022-06-28 10:00:00,1.01147,1.01232,1.00932,1.01049,11013,18,0
2022-06-28 12:00:00,1.01046,1.01157,1.00957,1.01122,8250,18,0
2022-06-28 14:00:00,1.01122,1.01158,1.00858,1.00939,9949,18,0
2022-06-28 16:00:00,1.0094,1.00971,1.00548,1.00707,11033,18,0
2022-06-28 18:00:00,1.00707,1.00806,1.00646,1.00652,7734,18,0
2022-06-28 20:00:00,1.00651,1.00736,1.00575,1.0071,3824,18,0
2022-06-28 22:00:00,1.00713,1.00787,1.00667,1.00668,3544,18,0
2022-06-29 00:00:00,1.0061,1.00729,1.00551,1.00728,1571,18,0
2022-06-29 02:00:00,1.00728,1.00752,1.0062,1.00663,3538,18,0
2022-06-29 04:00:00,1.00663,1.00728,1.00592,1.00627,5939,18,0
2022-06-29 06:00:00,1.00626,1.00703,1.00463,1.00513,5113,18,0
2022-06-29 08:00:00,1.00513,1.00574,1.00244,1.00442,6832,18,0
2022-06-29 10:00:00,1.00441,1.00681,1.0037,1.00403,11441,18,0
2022-06-29 12:00:00,1.00402,1.00435,0.99995,1.00001,9828,18,0
2022-06-29 14:00:00,1.00002,1.0025,0.9991,1.00209,9822,18,0
2022-06-29 16:00:00,1.00208,1.00231,0.99763,0.9983,12555,18,0
2022-06-29 18:00:00,0.99829,0.99977,0.99737,0.99743,6255,18,0
2022-06-29 20:00:00,0.99742,0.99765,0.99685,0.99721,3278,18,0
2022-06-29 22:00:00,0.99723,0.99735,0.99645,0.99686,1557,18,0
2022-06-30 00:00:00,0.99685,0.99717,0.99645,0.99689,3036,19,0
2022-06-30 02:00:00,0.99689,0.99763,0.99649,0.99662,3586,18,0
2022-06-30 04:00:00,0.99663,0.9975,0.9964,0.9969,6113,18,0
2022-06-30 06:00:00,0.99689,0.99767,0.99685,0.99743,5203,18,0
2022-06-30 08:00:00,0.99742,0.99913,0.99632,0.99795,8191,18,0
2022-06-30 10:00:00,0.99797,0.99939,0.99614,0.99784,14785,18,0
2022-06-30 12:00:00,0.99783,1.00003,0.99724,0.99772,9040,18,0
2022-06-30 14:00:00,0.99772,0.99787,0.99443,0.99608,11395,18,0
2022-06-30 16:00:00,0.99611,1.00126,0.99436,1.00072,14324,18,0
2022-06-30 18:00:00,1.00071,1.00099,0.99827,0.99965,9387,18,0
2022-06-30 20:00:00,0.99967,1.00022,0.9993,0.9994,3783,18,0
2022-06-30 22:00:00,0.99941,1.00099,0.99908,1.00092,2725,18,0
2022-07-01 00:00:00,1.00092,1.00107,0.99945,1.00055,4155,18,0
2022-07-01 02:00:00,1.00056,1.00106,1.00019,1.00052,4174,18,0
2022-07-01 04:00:00,1.00053,1.00057,0.99935,0.99984,5999,18,0
2022-07-01 06:00:00,0.99983,1.00028,0.99919,1.00002,6552,18,0
2022-07-01 08:00:00,1.00006,1.00045,0.99841,0.9993,9157,18,0
2022-07-01 10:00:00,0.99929,1.00219,0.99818,1.00193,13414,18,0
2022-07-01 12:00:00,1.00199,1.00406,1.00115,1.00361,9267,18,0
2022-07-01 14:00:00,1.00362,1.00414,1.00151,1.00168,10739,18,0
2022-07-01 16:00:00,1.00167,1.00231,0.99767,1.00065,15872,18,0
2022-07-01 18:00:00,1.00063,1.00228,1.0003,1.0004,9166,18,0
2022-07-01 20:00:00,1.00038,1.00098,0.99978,1.00039,4374,18,0
2022-07-01 22:00:00,1.00035,1.0011,0.99994,1.00037,2988,18,0
2022-07-04 00:00:00,1.00109,1.00114,0.99998,1.00063,1991,31,0
2022-07-04 02:00:00,1.00061,1.0007,0.99964,0.99995,8093,18,0
2022-07-04 04:00:00,0.99993,1.00033,0.99964,1.0001,7334,18,0
2022-07-04 06:00:00,1.0001,1.00049,0.99993,1.00023,4715,18,0
2022-07-04 08:00:00,1.00025,1.00098,0.99758,0.99942,6033,18,0
2022-07-04 10:00:00,0.99944,1.00181,0.99892,1.00169,7745,18,0
2022-07-04 12:00:00,1.0017,1.00336,1.00119,1.00277,6838,18,0
2022-07-04 14:00:00,1.00277,1.00427,1.00267,1.00397,5979,18,0
2022-07-04 16:00:00,1.00396,1.00458,1.00153,1.00199,5625,18,0
2022-07-04 18:00:00,1.002,1.00335,1.00129,1.00178,5557,18,0
2022-07-04 20:00:00,1.00176,1.00192,1.00141,1.00192,1263,18,0
2022-07-04 22:00:00,1.00191,1.00208,1.00144,1.00172,996,18,0
2022-07-05 00:00:00,1.00172,1.00194,1.00131,1.00176,1670,18,0
2022-07-05 02:00:00,1.00175,1.00255,1.0017,1.00241,5426,18,0
2022-07-05 04:00:00,1.0024,1.00279,1.00203,1.00221,4479,18,0
2022-07-05 06:00:00,1.00221,1.00249,1.00211,1.00237,3950,18,0
2022-07-05 08:00:00,1.00236,1.00312,1.00149,1.00167,4784,18,0
2022-07-05 10:00:00,1.00166,1.00173,0.99247,0.99392,15254,18,0
2022-07-05 12:00:00,0.99393,0.99486,0.9924,0.99369,11653,18,0
2022-07-05 14:00:00,0.9937,0.99569,0.99272,0.99431,10751,18,0
2022-07-05 16:00:00,0.99431,0.99455,0.99237,0.99373,13628,18,0
2022-07-05 18:00:00,0.99374,0.99392,0.99242,0.99319,6901,18,0
2022-07-05 20:00:00,0.99319,0.99415,0.99299,0.99367,4269,18,0
2022-07-05 22:00:00,0.99368,0.99441,0.99361,0.99402,2726,18,0
2022-07-06 00:00:00,0.99407,0.9945,0.99385,0.99425,2077,18,0
2022-07-06 02:00:00,0.99425,0.99433,0.99306,0.99379,4601,18,0
2022-07-06 04:00:00,0.99379,0.99409,0.99268,0.99293,7313,18,0
2022-07-06 06:00:00,0.99291,0.99388,0.99181,0.99227,4520,18,0
2022-07-06 08:00:00,0.99225,0.99413,0.99126,0.9937,11146,18,0
2022-07-06 10:00:00,0.99371,0.9947,0.99136,0.99271,11866,18,0
2022-07-06 12:00:00,0.99269,0.99277,0.98999,0.99035,9242,18,0
2022-07-06 14:00:00,0.99036,0.99101,0.98818,0.98941,10661,18,0
2022-07-06 16:00:00,0.98942,0.99046,0.98758,0.98898,13295,18,0
2022-07-06 18:00:00,0.989,0.9891,0.98742,0.98805,8084,18,0
2022-07-06 20:00:00,0.98805,0.98984,0.98781,0.98886,7748,18,0
2022-07-06 22:00:00,0.98886,0.98945,0.98752,0.98754,3709,18,0
2022-07-07 00:00:00,0.98755,0.98879,0.98684,0.98802,2559,18,0
2022-07-07 02:00:00,0.98805,0.98865,0.98761,0.98814,4801,18,0
2022-07-07 04:00:00,0.98814,0.98896,0.9873,0.98876,6684,18,0
2022-07-07 06:00:00,0.98877,0.98891,0.98791,0.98821,4268,18,0
2022-07-07 08:00:00,0.98821,0.99038,0.98821,0.98922,5501,18,0
2022-07-07 10:00:00,0.98922,0.99142,0.98787,0.99051,10588,18,0
2022-07-07 12:00:00,0.99049,0.993,0.98927,0.9911,9196,18,0
2022-07-07 14:00:00,0.9911,0.99149,0.9899,0.99059,10971,18,0
2022-07-07 16:00:00,0.99058,0.99142,0.98914,0.98952,10738,18,0
2022-07-07 18:00:00,0.9895,0.98976,0.98763,0.98901,6345,18,0
2022-07-07 20:00:00,0.989,0.99032,0.9884,0.98992,2843,18,0
2022-07-07 22:00:00,0.98993,0.99036,0.98899,0.98925,2198,18,0
2022-07-08 00:00:00,0.9887,0.99005,0.98823,0.98977,1595,18,0
2022-07-08 02:00:00,0.98978,0.99121,0.98968,0.99088,3616,18,0
2022-07-08 04:00:00,0.99089,0.99108,0.98894,0.98914,5562,18,0
2022-07-08 06:00:00,0.98914,0.98934,0.98791,0.98883,6233,18,0
2022-07-08 08:00:00,0.98882,0.99033,0.98836,0.98978,5197,18,0
2022-07-08 10:00:00,0.98979,0.9902,0.98654,0.98809,14514,18,0
2022-07-08 12:00:00,0.98808,0.99121,0.98767,0.99023,7691,18,0
2022-07-08 14:00:00,0.99022,0.99174,0.98945,0.99174,11703,18,0
2022-07-08 16:00:00,0.99174,0.99398,0.99114,0.99304,14207,18,0
2022-07-08 18:00:00,0.99298,0.99536,0.99296,0.99443,6546,18,0
2022-07-08 20:00:00,0.99442,0.99504,0.99415,0.99433,3468,18,0
2022-07-08 22:00:00,0.9943,0.99475,0.99342,0.99365,3324,18,0
2022-07-11 00:00:00,0.99306,0.99474,0.99306,0.99409,3441,18,0
2022-07-11 02:00:00,0.99408,0.99437,0.99375,0.99396,5901,18,0
2022-07-11 04:00:00,0.99395,0.99396,0.99253,0.9929,4375,18,0
2022-07-11 06:00:00,0.99292,0.99326,0.99255,0.99296,3307,18,0
2022-07-11 08:00:00,0.99297,0.99342,0.99149,0.99189,5558,18,0
2022-07-11 10:00:00,0.9919,0.99299,0.98986,0.99091,8674,18,0
2022-07-11 12:00:00,0.9909,0.99243,0.9906,0.99127,6887,18,0
2022-07-11 14:00:00,0.99126,0.99146,0.98874,0.98932,8911,18,0
2022-07-11 16:00:00,0.98933,0.99027,0.98711,0.98784,14834,18,0
2022-07-11 18:00:00,0.98792,0.98813,0.98614,0.98622,7121,18,0
2022-07-11 20:00:00,0.98621,0.98631,0.98546,0.98607,3256,18,0
2022-07-11 22:00:00,0.98603,0.98747,0.98547,0.98608,4225,18,0
2022-07-12 00:00:00,0.98605,0.98709,0.98602,0.98649,4559,19,0
2022-07-12 02:00:00,0.98654,0.98754,0.98596,0.98598,5117,18,0
2022-07-12 04:00:00,0.986,0.986,0.98485,0.98507,11413,18,0
2022-07-12 06:00:00,0.98509,0.98554,0.98486,0.98496,6440,18,0
2022-07-12 08:00:00,0.98495,0.98757,0.98486,0.98627,10116,18,0
2022-07-12 10:00:00,0.98625,0.98708,0.98346,0.98562,12590,18,0
2022-07-12 12:00:00,0.98562,0.98742,0.98473,0.9871,10226,18,0
2022-07-12 14:00:00,0.98709,0.98973,0.98699,0.98805,12887,18,0
2022-07-12 16:00:00,0.98803,0.98822,0.98561,0.98597,13031,18,0
2022-07-12 18:00:00,0.98596,0.98823,0.98593,0.98741,6146,18,0
2022-07-12 20:00:00,0.98739,0.98765,0.9859,0.98618,4400,18,0
2022-07-12 22:00:00,0.98618,0.98621,0.98493,0.98534,3987,18,0
2022-07-13 00:00:00,0.98544,0.9855,0.98492,0.98507,1328,18,0
2022-07-13 02:00:00,0.98508,0.98564,0.9848,0.98524,5304,18,0
2022-07-13 04:00:00,0.98522,0.98596,0.98498,0.9857,6768,19,0
2022-07-13 06:00:00,0.9857,0.9858,0.98511,0.98543,3348,18,0
2022-07-13 08:00:00,0.98543,0.98633,0.98484,0.98493,7775,18,0
2022-07-13 10:00:00,0.98494,0.98642,0.98065,0.98219,12697,18,0
2022-07-13 12:00:00,0.98219,0.98383,0.98151,0.98342,7926,18,0
2022-07-13 14:00:00,0.98342,0.98486,0.98052,0.98246,16750,18,0
2022-07-13 16:00:00,0.98245,0.98832,0.98168,0.98732,23403,18,0
2022-07-13 18:00:00,0.98733,0.98796,0.98529,0.98531,10937,18,0
2022-07-13 20:00:00,0.98531,0.98575,0.98496,0.98537,9581,18,0
2022-07-13 22:00:00,0.98537,0.98553,0.98412,0.98443,3895,18,0
2022-07-14 00:00:00,0.98332,0.98454,0.98316,0.98433,1924,19,0
2022-07-14 02:00:00,0.98431,0.98491,0.98337,0.98343,8524,18,0
2022-07-14 04:00:00,0.98345,0.9843,0.98344,0.98383,10117,18,0
2022-07-14 06:00:00,0.98385,0.98495,0.98384,0.98431,4635,18,0
2022-07-14 08:00:00,0.98431,0.98516,0.98389,0.98434,8173,18,0
2022-07-14 10:00:00,0.98435,0.98842,0.98408,0.98631,15317,18,0
2022-07-14 12:00:00,0.98636,0.98772,0.98537,0.98547,11508,18,0
2022-07-14 14:00:00,0.98547,0.98572,0.98354,0.98516,12291,18,0
2022-07-14 16:00:00,0.98512,0.98613,0.98252,0.98496,19426,18,0
2022-07-14 18:00:00,0.98497,0.98716,0.9839,0.98428,15890,18,0
2022-07-14 20:00:00,0.98427,0.98614,0.9839,0.98584,9519,18,0
2022-07-14 22:00:00,0.98583,0.98589,0.9847,0.98565,6101,18,0
2022-07-15 00:00:00,0.98451,0.98584,0.98355,0.98535,2300,22,0
2022-07-15 02:00:00,0.98538,0.98553,0.98398,0.98432,5888,18,0
2022-07-15 04:00:00,0.98433,0.98518,0.98396,0.98511,6832,18,0
2022-07-15 06:00:00,0.98511,0.9857,0.98508,0.98556,4325,18,0
2022-07-15 08:00:00,0.98555,0.98575,0.9838,0.9841,7083,18,0
2022-07-15 10:00:00,0.98409,0.98452,0.98258,0.98318,10543,18,0
2022-07-15 12:00:00,0.98319,0.98522,0.98269,0.98518,7956,18,0
2022-07-15 14:00:00,0.98516,0.98604,0.98394,0.98446,12504,18,0
2022-07-15 16:00:00,0.98445,0.9873,0.98414,0.98661,16813,18,0
2022-07-15 18:00:00,0.98662,0.98735,0.98548,0.98563,7381,18,0
2022-07-15 20:00:00,0.98562,0.986,0.98497,0.98576,3562,18,0
2022-07-15 22:00:00,0.9858,0.98586,0.98445,0.98567,3124,18,0
2022-07-18 00:00:00,0.98461,0.98493,0.98437,0.98452,1558,18,0
2022-07-18 02:00:00,0.9845,0.98508,0.98362,0.98394,6448,18,0
2022-07-18 04:00:00,0.98393,0.98491,0.98391,0.98469,7161,18,0
2022-07-18 06:00:00,0.98468,0.98573,0.98454,0.98493,6649,18,0
2022-07-18 08:00:00,0.98495,0.98724,0.98374,0.98708,7073,18,0
2022-07-18 10:00:00,0.98709,0.98971,0.98591,0.98714,13130,18,0
2022-07-18 12:00:00,0.98714,0.99146,0.98678,0.99132,8676,18,0
2022-07-18 14:00:00,0.99132,0.99146,0.99002,0.99082,7656,18,0
2022-07-18 16:00:00,0.99083,0.99318,0.99013,0.99258,11658,18,0
2022-07-18 18:00:00,0.99257,0.99331,0.99189,0.9925,6352,18,0
2022-07-18 20:00:00,0.99252,0.99295,0.99173,0.99182,4155,18,0
2022-07-18 22:00:00,0.99182,0.99196,0.99113,0.99139,3679,18,0
2022-07-19 00:00:00,0.99063,0.99174,0.99063,0.99144,1920,23,0
2022-07-19 02:00:00,0.99145,0.99206,0.9908,0.99081,3327,18,0
2022-07-19 04:00:00,0.99082,0.99141,0.99028,0.99048,4286,18,0
2022-07-19 06:00:00,0.99048,0.99072,0.98968,0.9898,4346,18,0
2022-07-19 08:00:00,0.98979,0.99131,0.9897,0.99075,6216,18,0
2022-07-19 10:00:00,0.9908,0.99444,0.98996,0.99351,16265,18,0
2022-07-19 12:00:00,0.9935,0.99384,0.99193,0.99291,12417,18,0
2022-07-19 14:00:00,0.99291,0.99354,0.98968,0.98994,9536,18,0
2022-07-19 16:00:00,0.9899,0.99286,0.98972,0.99206,12016,18,0
2022-07-19 18:00:00,0.99207,0.99245,0.99071,0.99152,5870,18,0
2022-07-19 20:00:00,0.99154,0.99176,0.99093,0.99128,3473,18,0
2022-07-19 22:00:00,0.99126,0.9913,0.99011,0.99052,3517,18,0
2022-07-20 00:00:00,0.99008,0.99182,0.98968,0.99128,3494,29,0
2022-07-20 02:00:00,0.99129,0.99257,0.99096,0.99197,7673,18,0
2022-07-20 04:00:00,0.99199,0.992,0.99093,0.99161,3800,18,0
2022-07-20 06:00:00,0.9916,0.99234,0.99142,0.99208,2903,18,0
2022-07-20 08:00:00,0.99209,0.99252,0.9909,0.99238,6645,18,0
2022-07-20 10:00:00,0.99239,0.9944,0.99113,0.99196,14789,18,0
2022-07-20 12:00:00,0.99192,0.99285,0.98831,0.98949,11892,18,0
2022-07-20 14:00:00,0.9895,0.99118,0.98815,0.99032,13079,18,0
2022-07-20 16:00:00,0.99031,0.99187,0.98975,0.99083,11991,18,0
2022-07-20 18:00:00,0.99083,0.99334,0.99067,0.99153,6996,18,0
2022-07-20 20:00:00,0.99152,0.99157,0.98764,0.98924,7694,18,0
2022-07-20 22:00:00,0.98924,0.98981,0.98841,0.98854,3222,18,0
2022-07-21 00:00:00,0.9877,0.98903,0.9877,0.98873,3720,18,0
2022-07-21 02:00:00,0.9887,0.99023,0.9886,0.98971,4743,18,0
2022-07-21 04:00:00,0.98973,0.99061,0.98921,0.9906,4824,18,0
2022-07-21 06:00:00,0.99058,0.99138,0.99026,0.99124,4191,18,0
2022-07-21 08:00:00,0.99124,0.99223,0.99072,0.99212,7844,18,0
2022-07-21 10:00:00,0.99213,0.99372,0.98993,0.99092,15145,18,0
2022-07-21 12:00:00,0.99092,0.99115,0.98891,0.99097,10825,18,0
2022-07-21 14:00:00,0.99098,0.99491,0.99004,0.99269,18687,18,0
2022-07-21 16:00:00,0.99269,0.99351,0.98649,0.98787,23413,18,0
2022-07-21 18:00:00,0.98789,0.98942,0.98655,0.98718,10004,18,0
2022-07-21 20:00:00,0.98718,0.98784,0.98611,0.98719,5417,18,0
2022-07-21 22:00:00,0.98718,0.98882,0.98666,0.98819,5049,18,0
2022-07-22 00:00:00,0.98808,0.98845,0.98797,0.98816,1957,18,0
2022-07-22 02:00:00,0.98815,0.98824,0.98659,0.98688,5243,18,0
2022-07-22 04:00:00,0.98688,0.98709,0.98622,0.98687,6744,18,0
2022-07-22 06:00:00,0.98688,0.98705,0.98627,0.98638,4368,18,0
2022-07-22 08:00:00,0.98638,0.98755,0.98609,0.98706,7709,18,0
2022-07-22 10:00:00,0.987,0.98769,0.98149,0.98276,15881,18,0
2022-07-22 12:00:00,0.98276,0.98293,0.98102,0.98199,10482,18,0
2022-07-22 14:00:00,0.982,0.98418,0.98107,0.98406,11281,18,0
2022-07-22 16:00:00,0.98406,0.9848,0.98151,0.98274,16748,18,0
2022-07-22 18:00:00,0.98274,0.98379,0.98206,0.98299,8623,18,0
2022-07-22 20:00:00,0.983,0.98367,0.9822,0.98234,6158,18,0
2022-07-22 22:00:00,0.98236,0.98265,0.98123,0.98149,5082,19,0
2022-07-25 00:00:00,0.98217,0.98344,0.98167,0.98264,2568,18,0
2022-07-25 02:00:00,0.98265,0.98309,0.98175,0.98176,7528,18,0
2022-07-25 04:00:00,0.98176,0.98298,0.98158,0.98279,7833,18,0
2022-07-25 06:00:00,0.98279,0.98342,0.9826,0.98286,3504,18,0
2022-07-25 08:00:00,0.98286,0.98427,0.98239,0.98342,6386,18,0
2022-07-25 10:00:00,0.98345,0.98567,0.98302,0.98479,13900,18,0
2022-07-25 12:00:00,0.9848,0.98689,0.98401,0.9859,9452,18,0
2022-07-25 14:00:00,0.98593,0.98768,0.98579,0.9874,10915,18,0
2022-07-25 16:00:00,0.98741,0.98819,0.98521,0.9858,11847,18,0
2022-07-25 18:00:00,0.98582,0.9865,0.985,0.98642,6445,18,0
2022-07-25 20:00:00,0.98643,0.98661,0.98558,0.98595,4418,18,0
2022-07-25 22:00:00,0.98596,0.9862,0.98521,0.98544,3307,18,0
2022-07-26 00:00:00,0.9853,0.9858,0.9853,0.98546,1265,20,0
2022-07-26 02:00:00,0.98545,0.986,0.9853,0.98562,4958,18,0
2022-07-26 04:00:00,0.98562,0.98642,0.98558,0.98614,5315,18,0
2022-07-26 06:00:00,0.98615,0.98639,0.9857,0.98602,3405,18,0
2022-07-26 08:00:00,0.98602,0.98647,0.98547,0.98584,3954,18,0
2022-07-26 10:00:00,0.98584,0.9865,0.98353,0.9841,9323,18,0
2022-07-26 12:00:00,0.98409,0.98433,0.97758,0.9793,10159,18,0
2022-07-26 14:00:00,0.9793,0.97945,0.97609,0.97811,8535,18,0
2022-07-26 16:00:00,0.9781,0.97815,0.97421,0.97512,13024,18,0
2022-07-26 18:00:00,0.9751,0.97573,0.97378,0.97463,6941,18,0
2022-07-26 20:00:00,0.97462,0.9752,0.97433,0.97463,5188,18,0
2022-07-26 22:00:00,0.97469,0.97482,0.97372,0.97415,3730,19,0
2022-07-27 00:00:00,0.97334,0.97489,0.97334,0.9747,3812,18,0
2022-07-27 02:00:00,0.97471,0.97565,0.97458,0.97561,4405,18,0
2022-07-27 04:00:00,0.97562,0.97609,0.9753,0.97602,4998,18,0
2022-07-27 06:00:00,0.97603,0.97611,0.97557,0.97608,3180,18,0
2022-07-27 08:00:00,0.97608,0.97615,0.97434,0.97564,5037,18,0
2022-07-27 10:00:00,0.97568,0.97699,0.97439,0.97484,9568,18,0
2022-07-27 12:00:00,0.97483,0.97611,0.97411,0.97611,6836,18,0
2022-07-27 14:00:00,0.97611,0.97739,0.97551,0.97558,7854,18,0
2022-07-27 16:00:00,0.97555,0.97601,0.97426,0.97577,9430,18,0
2022-07-27 18:00:00,0.97577,0.97732,0.97459,0.9762,7273,18,0
2022-07-27 20:00:00,0.9762,0.97936,0.97572,0.97809,14316,18,0
2022-07-27 22:00:00,0.97816,0.97965,0.97725,0.97849,10196,18,0
2022-07-28 00:00:00,0.97728,0.97887,0.97714,0.97845,3181,18,0
2022-07-28 02:00:00,0.97844,0.97844,0.97686,0.97718,5709,18,0
2022-07-28 04:00:00,0.97717,0.9781,0.97679,0.97755,10020,18,0
2022-07-28 06:00:00,0.97754,0.97955,0.97741,0.97835,5242,18,0
2022-07-28 08:00:00,0.97835,0.98044,0.97832,0.97927,6537,18,0
2022-07-28 10:00:00,0.97932,0.97945,0.97753,0.97816,11061,18,0
2022-07-28 12:00:00,0.97807,0.97807,0.97361,0.97415,10913,18,0
2022-07-28 14:00:00,0.97417,0.97524,0.97163,0.97302,14506,18,0
2022-07-28 16:00:00,0.97301,0.97311,0.97067,0.97126,15965,18,0
2022-07-28 18:00:00,0.97126,0.97267,0.97101,0.97158,8015,18,0
2022-07-28 20:00:00,0.9716,0.97213,0.97123,0.97209,3825,18,0
2022-07-28 22:00:00,0.97211,0.97355,0.972,0.97353,2452,18,0
2022-07-29 00:00:00,0.97255,0.97354,0.97221,0.9732,2041,18,0
2022-07-29 02:00:00,0.9732,0.97351,0.97248,0.97301,5142,18,0
2022-07-29 04:00:00,0.97301,0.97345,0.97254,0.97286,4850,18,0
2022-07-29 06:00:00,0.97286,0.97287,0.972,0.97237,7163,18,0
2022-07-29 08:00:00,0.97237,0.97471,0.97127,0.97355,9830,18,0
2022-07-29 10:00:00,0.97351,0.97523,0.97187,0.97361,13402,18,0
2022-07-29 12:00:00,0.97356,0.97486,0.97115,0.97451,9488,18,0
2022-07-29 14:00:00,0.9745,0.97505,0.97309,0.97386,11741,18,0
2022-07-29 16:00:00,0.9739,0.97417,0.97045,0.97098,14593,18,0
2022-07-29 18:00:00,0.97101,0.97227,0.96984,0.97096,9874,18,0
2022-07-29 20:00:00,0.97098,0.97316,0.97093,0.97275,4410,18,0
2022-07-29 22:00:00,0.97275,0.9732,0.97232,0.97277,3624,18,0
2022-08-01 00:00:00,0.97153,0.97347,0.97153,0.97256,2335,18,0
2022-08-01 02:00:00,0.97257,0.97289,0.97213,0.97245,6169,22,0
2022-08-01 04:00:00,0.97245,0.9732,0.97216,0.9728,9243,18,0
2022-08-01 06:00:00,0.97281,0.97285,0.97222,0.97231,4673,18,0
2022-08-01 08:00:00,0.97229,0.97304,0.97126,0.97258,5888,18,0
2022-08-01 10:00:00,0.97258,0.97505,0.97189,0.97384,10236,18,0
2022-08-01 12:00:00,0.97382,0.97457,0.97273,0.97344,8523,18,0
2022-08-01 14:00:00,0.97344,0.97353,0.9713,0.97196,9136,18,0
2022-08-01 16:00:00,0.97196,0.97579,0.97149,0.97538,13576,18,0
2022-08-01 18:00:00,0.97537,0.97563,0.97411,0.97541,6664,18,0
2022-08-01 20:00:00,0.97541,0.9757,0.9744,0.97442,4570,18,0
2022-08-01 22:00:00,0.97441,0.97493,0.97366,0.974,3438,18,0
2022-08-02 00:00:00,0.97432,0.97532,0.97427,0.97481,2295,18,0
2022-08-02 02:00:00,0.97481,0.97587,0.97429,0.97549,6446,18,0
2022-08-02 04:00:00,0.97548,0.97549,0.97404,0.9752,7867,18,0
2022-08-02 06:00:00,0.97519,0.97623,0.97513,0.97539,6017,18,0
2022-08-02 08:00:00,0.97539,0.97613,0.97405,0.97486,7486,18,0
2022-08-02 10:00:00,0.97485,0.97521,0.97336,0.97442,12909,18,0
2022-08-02 12:00:00,0.9744,0.97474,0.97332,0.97442,8707,18,0
2022-08-02 14:00:00,0.97443,0.97471,0.972,0.97236,9590,18,0
2022-08-02 16:00:00,0.97238,0.97524,0.97237,0.97287,16924,18,0
2022-08-02 18:00:00,0.97286,0.97361,0.9719,0.97248,9191,18,0
2022-08-02 20:00:00,0.97248,0.97395,0.97218,0.9734,5686,18,0
2022-08-02 22:00:00,0.9734,0.97378,0.97291,0.97316,3444,18,0
2022-08-03 00:00:00,0.97315,0.97338,0.97277,0.97311,1854,18,0
2022-08-03 02:00:00,0.97311,0.9737,0.97278,0.97356,6631,18,0
2022-08-03 04:00:00,0.97356,0.97386,0.97287,0.97343,7758,18,0
2022-08-03 06:00:00,0.97347,0.97373,0.97232,0.97254,5226,19,0
2022-08-03 08:00:00,0.97254,0.97483,0.97241,0.97338,6914,18,0
2022-08-03 10:00:00,0.97338,0.97738,0.97321,0.97713,11915,18,0
2022-08-03 12:00:00,0.97714,0.97816,0.97628,0.97644,8649,18,0
2022-08-03 14:00:00,0.97643,0.97791,0.97604,0.97742,10620,18,0
2022-08-03 16:00:00,0.97742,0.97813,0.9763,0.97682,14764,18,0
2022-08-03 18:00:00,0.9768,0.97746,0.97639,0.97704,8276,18,0
2022-08-03 20:00:00,0.97704,0.97744,0.97638,0.97716,4116,18,0
2022-08-03 22:00:00,0.97712,0.97743,0.97628,0.97641,3418,18,0
2022-08-04 00:00:00,0.97632,0.97672,0.97598,0.9764,2971,18,0
2022-08-04 02:00:00,0.9764,0.97682,0.9761,0.97628,4527,19,0
2022-08-04 04:00:00,0.97628,0.97743,0.97613,0.97675,4875,18,0
2022-08-04 06:00:00,0.97676,0.97721,0.97644,0.9767,3045,20,0
2022-08-04 08:00:00,0.9767,0.9777,0.97668,0.97758,4667,18,0
2022-08-04 10:00:00,0.97758,0.97967,0.97753,0.97921,8555,18,0
2022-08-04 12:00:00,0.97921,0.97938,0.97718,0.97777,6446,18,0
2022-08-04 14:00:00,0.97776,0.97816,0.97599,0.97685,12262,18,0
2022-08-04 16:00:00,0.97685,0.97786,0.9765,0.97741,13014,18,0
2022-08-04 18:00:00,0.97745,0.97913,0.97711,0.97818,9138,18,0
2022-08-04 20:00:00,0.97818,0.97871,0.97776,0.97822,4360,18,0
2022-08-04 22:00:00,0.97823,0.97867,0.97803,0.97821,3265,18,0
2022-08-05 00:00:00,0.97674,0.97872,0.97673,0.97847,3663,18,0
2022-08-05 02:00:00,0.97844,0.97858,0.97748,0.97767,4599,18,0
2022-08-05 04:00:00,0.97769,0.97893,0.97762,0.97887,4305,18,0
2022-08-05 06:00:00,0.97887,0.97903,0.97858,0.97887,3043,18,0
2022-08-05 08:00:00,0.97887,0.97923,0.97813,0.97911,4413,18,0
2022-08-05 10:00:00,0.97911,0.97956,0.9769,0.97701,7279,18,0
2022-08-05 12:00:00,0.977,0.97784,0.9759,0.97783,4861,18,0
2022-08-05 14:00:00,0.97781,0.97848,0.97669,0.97726,11877,18,0
2022-08-05 16:00:00,0.97726,0.9792,0.97724,0.97896,15514,18,0
2022-08-05 18:00:00,0.97896,0.97992,0.97864,0.97976,8090,18,0
2022-08-05 20:00:00,0.97976,0.98005,0.97872,0.9789,5154,18,0
2022-08-05 22:00:00,0.9789,0.97952,0.97849,0.97902,4102,18,0
2022-08-08 00:00:00,0.97853,0.97922,0.97837,0.97888,517,18,0
2022-08-08 02:00:00,0.97888,0.97895,0.97843,0.97864,3255,18,0
2022-08-08 04:00:00,0.97864,0.97895,0.97847,0.97866,3528,19,0
2022-08-08 06:00:00,0.97865,0.97915,0.97864,0.97894,3567,18,0
2022-08-08 08:00:00,0.97894,0.9792,0.97771,0.97777,6225,18,0
2022-08-08 10:00:00,0.97776,0.97838,0.9763,0.97655,9110,18,0
2022-08-08 12:00:00,0.97654,0.97668,0.97532,0.97575,6340,18,0
2022-08-08 14:00:00,0.97576,0.97654,0.97537,0.97639,6876,18,0
2022-08-08 16:00:00,0.97639,0.97644,0.97175,0.97397,9686,18,0
2022-08-08 18:00:00,0.97393,0.97477,0.97322,0.97388,5202,18,0
2022-08-08 20:00:00,0.9739,0.9744,0.97355,0.97396,4939,18,0
2022-08-08 22:00:00,0.97399,0.97448,0.97342,0.97342,3027,20,0
2022-08-09 00:00:00,0.97348,0.97411,0.97327,0.97385,1454,26,0
2022-08-09 02:00:00,0.97383,0.97424,0.97347,0.9736,2457,19,0
2022-08-09 04:00:00,0.9736,0.97371,0.97335,0.9736,2398,19,0
2022-08-09 06:00:00,0.97361,0.9739,0.97352,0.97354,2103,18,0
2022-08-09 08:00:00,0.97355,0.97448,0.97321,0.97361,3544,18,0
2022-08-09 10:00:00,0.97361,0.97591,0.97248,0.97458,7588,18,0
2022-08-09 12:00:00,0.97458,0.97564,0.97413,0.97471,6236,18,0
2022-08-09 14:00:00,0.97472,0.97653,0.97436,0.97441,6991,18,0
2022-08-09 16:00:00,0.97441,0.97533,0.97307,0.97356,7932,18,0
2022-08-09 18:00:00,0.97357,0.97459,0.97332,0.97431,5464,18,0
2022-08-09 20:00:00,0.97431,0.97486,0.97344,0.97345,3819,18,0
2022-08-09 22:00:00,0.97351,0.97415,0.97342,0.97366,2629,18,0
2022-08-10 00:00:00,0.9736,0.97407,0.97355,0.97363,1115,18,0
2022-08-10 02:00:00,0.97364,0.97405,0.97358,0.97403,3063,18,0
2022-08-10 04:00:00,0.97402,0.97426,0.97362,0.97414,3802,18,0
2022-08-10 06:00:00,0.97415,0.97419,0.97376,0.97394,2188,18,0
2022-08-10 08:00:00,0.97395,0.97455,0.97234,0.97241,3600,18,0
2022-08-10 10:00:00,0.9724,0.97288,0.97092,0.97276,7765,18,0
2022-08-10 12:00:00,0.97276,0.97279,0.97091,0.97189,6487,18,0
2022-08-10 14:00:00,0.97188,0.97397,0.97023,0.97346,13644,18,0
2022-08-10 16:00:00,0.97345,0.97398,0.97132,0.97345,17486,18,0
2022-08-10 18:00:00,0.97345,0.97411,0.97097,0.97107,9896,18,0
2022-08-10 20:00:00,0.97108,0.97132,0.97056,0.97065,5094,18,0
2022-08-10 22:00:00,0.97066,0.97152,0.97051,0.97074,3729,18,0
2022-08-11 00:00:00,0.97071,0.97099,0.97044,0.9706,2311,19,0
2022-08-11 02:00:00,0.97061,0.97105,0.9704,0.97072,4193,18,0
2022-08-11 04:00:00,0.9707,0.9709,0.97027,0.97088,4624,18,0
2022-08-11 06:00:00,0.97089,0.97113,0.97062,0.9708,3018,18,0
2022-08-11 08:00:00,0.9708,0.97102,0.96938,0.97041,5220,18,0
2022-08-11 10:00:00,0.97042,0.97141,0.97014,0.97108,8437,18,0
2022-08-11 12:00:00,0.97109,0.97308,0.971,0.97299,6506,18,0
2022-08-11 14:00:00,0.97299,0.97308,0.97046,0.9709,11281,18,0
2022-08-11 16:00:00,0.9709,0.97196,0.97001,0.97159,13988,18,0
2022-08-11 18:00:00,0.9716,0.97167,0.97018,0.97047,7147,18,0
2022-08-11 20:00:00,0.97046,0.97239,0.97037,0.97232,5542,18,0
2022-08-11 22:00:00,0.97234,0.97235,0.97112,0.97165,4013,18,0
2022-08-12 00:00:00,0.97145,0.97175,0.97117,0.97139,1910,21,0
2022-08-12 02:00:00,0.9714,0.97178,0.97099,0.97117,3123,18,0
2022-08-12 04:00:00,0.97117,0.97148,0.9708,0.97141,4000,18,0
2022-08-12 06:00:00,0.97141,0.97153,0.97116,0.97147,2857,20,0
2022-08-12 08:00:00,0.97147,0.97207,0.97102,0.97132,5006,18,0
2022-08-12 10:00:00,0.97135,0.97169,0.96863,0.96914,9038,18,0
2022-08-12 12:00:00,0.96915,0.97081,0.96915,0.97009,7632,18,0
2022-08-12 14:00:00,0.9701,0.97061,0.96702,0.96705,9420,18,0
2022-08-12 16:00:00,0.96705,0.96817,0.96663,0.96731,11783,18,0
2022-08-12 18:00:00,0.96731,0.96751,0.96598,0.96605,5698,18,0
2022-08-12 20:00:00,0.96606,0.96711,0.96589,0.96651,3023,18,0
2022-08-12 22:00:00,0.96653,0.96672,0.9653,0.96533,3931,18,0
2022-08-15 00:00:00,0.96547,0.96626,0.96537,0.96621,1493,18,0
2022-08-15 02:00:00,0.96622,0.96625,0.96564,0.96614,2705,18,0
2022-08-15 04:00:00,0.96613,0.9663,0.96487,0.9654,5986,18,0
2022-08-15 06:00:00,0.96541,0.96598,0.96524,0.96589,3814,18,0
2022-08-15 08:00:00,0.9659,0.96603,0.96461,0.96512,4378,18,0
2022-08-15 10:00:00,0.96511,0.96609,0.9649,0.96522,7105,18,0
2022-08-15 12:00:00,0.9652,0.96554,0.96343,0.9645,7626,18,0
2022-08-15 14:00:00,0.9645,0.96474,0.96161,0.96272,9352,18,0
2022-08-15 16:00:00,0.9627,0.96316,0.96207,0.96215,9031,18,0
2022-08-15 18:00:00,0.96215,0.96274,0.96156,0.96175,4829,18,0
2022-08-15 20:00:00,0.96175,0.96213,0.96124,0.96167,3257,18,0
2022-08-15 22:00:00,0.96168,0.96208,0.96095,0.96132,3161,18,0
2022-08-16 00:00:00,0.96107,0.96171,0.96085,0.96146,3525,18,0
2022-08-16 02:00:00,0.96147,0.96155,0.96032,0.96087,3601,18,0
2022-08-16 04:00:00,0.96087,0.96163,0.96085,0.96155,4735,18,0
2022-08-16 06:00:00,0.96155,0.96175,0.96117,0.96154,2879,18,0
2022-08-16 08:00:00,0.96154,0.96226,0.96088,0.96141,4662,18,0
2022-08-16 10:00:00,0.9614,0.96282,0.96071,0.96175,9577,18,0
2022-08-16 12:00:00,0.96175,0.96351,0.96117,0.96314,8411,18,0
2022-08-16 14:00:00,0.96315,0.96446,0.9618,0.96389,9613,18,0
2022-08-16 16:00:00,0.96388,0.96784,0.96349,0.96743,10713,18,0
2022-08-16 18:00:00,0.96743,0.96774,0.9662,0.96624,5680,18,0
2022-08-16 20:00:00,0.96625,0.96686,0.9657,0.96596,2998,18,0
2022-08-16 22:00:00,0.96598,0.96606,0.96485,0.96485,3000,18,0
2022-08-17 00:00:00,0.96466,0.96577,0.96466,0.96575,2360,18,0
2022-08-17 02:00:00,0.96573,0.96604,0.96521,0.96531,3239,19,0
2022-08-17 04:00:00,0.96531,0.96556,0.96501,0.9654,3969,18,0
2022-08-17 06:00:00,0.96541,0.96625,0.96538,0.9662,3463,18,0
2022-08-17 08:00:00,0.9662,0.96762,0.96593,0.96594,5366,18,0
2022-08-17 10:00:00,0.96594,0.96758,0.96546,0.9674,9327,18,0
2022-08-17 12:00:00,0.96739,0.96843,0.96655,0.96818,6851,18,0
2022-08-17 14:00:00,0.9682,0.96858,0.96704,0.96725,9557,18,0
2022-08-17 16:00:00,0.96724,0.96995,0.9671,0.96847,10959,18,0
2022-08-17 18:00:00,0.96847,0.96978,0.96844,0.96891,5216,18,0
2022-08-17 20:00:00,0.96893,0.96937,0.96826,0.96897,8356,18,0
2022-08-17 22:00:00,0.96893,0.96918,0.9679,0.9679,4596,19,0
2022-08-18 00:00:00,0.96787,0.96866,0.96778,0.96847,2253,18,0
2022-08-18 02:00:00,0.96848,0.96859,0.96782,0.96799,5045,18,0
2022-08-18 04:00:00,0.96799,0.96848,0.9679,0.96795,4222,18,0
2022-08-18 06:00:00,0.96795,0.96814,0.96758,0.9678,3119,18,0
2022-08-18 08:00:00,0.96781,0.96921,0.96767,0.96839,5655,18,0
2022-08-18 10:00:00,0.9684,0.96976,0.96756,0.96935,9629,18,0
2022-08-18 12:00:00,0.96935,0.96981,0.96866,0.96961,7039,18,0
2022-08-18 14:00:00,0.96961,0.96989,0.96682,0.96728,10766,18,0
2022-08-18 16:00:00,0.9673,0.96734,0.96478,0.96659,11913,18,0
2022-08-18 18:00:00,0.96659,0.96703,0.96489,0.96519,6355,18,0
2022-08-18 20:00:00,0.96518,0.96535,0.96444,0.96504,5377,18,0
2022-08-18 22:00:00,0.96506,0.96533,0.96472,0.96499,3266,18,0
2022-08-19 00:00:00,0.9649,0.96533,0.96456,0.96498,2213,18,0
2022-08-19 02:00:00,0.96497,0.96558,0.96493,0.96523,4517,18,0
2022-08-19 04:00:00,0.96524,0.96571,0.96474,0.9656,5125,19,0
2022-08-19 06:00:00,0.9656,0.96642,0.96555,0.96612,2815,18,0
2022-08-19 08:00:00,0.96613,0.96657,0.96517,0.96588,5371,18,0
2022-08-19 10:00:00,0.96592,0.9669,0.96507,0.96556,8462,18,0
2022-08-19 12:00:00,0.96556,0.96581,0.96186,0.96216,6257,18,0
2022-08-19 14:00:00,0.96214,0.96288,0.96117,0.96235,8153,18,0
2022-08-19 16:00:00,0.96234,0.96361,0.962,0.96298,8496,18,0
2022-08-19 18:00:00,0.96297,0.96348,0.96231,0.9627,5572,18,0
2022-08-19 20:00:00,0.9627,0.96282,0.96204,0.96232,3340,18,0
2022-08-19 22:00:00,0.96235,0.96287,0.96213,0.96221,3212,18,0
2022-08-22 00:00:00,0.96171,0.96243,0.96157,0.96206,2157,32,0
2022-08-22 02:00:00,0.96205,0.96236,0.96159,0.96216,3875,18,0
2022-08-22 04:00:00,0.96218,0.96282,0.96175,0.96277,3792,18,0
2022-08-22 06:00:00,0.96277,0.96284,0.96241,0.9625,1915,19,0
2022-08-22 08:00:00,0.96249,0.96306,0.96186,0.96201,5734,18,0
2022-08-22 10:00:00,0.96202,0.96225,0.95819,0.96036,9325,18,0
2022-08-22 12:00:00,0.96037,0.96113,0.95897,0.95972,7353,18,0
2022-08-22 14:00:00,0.95973,0.95996,0.95735,0.95881,7829,18,0
2022-08-22 16:00:00,0.95882,0.96012,0.95702,0.9601,9758,18,0
2022-08-22 18:00:00,0.96011,0.96011,0.95753,0.95771,8196,18,0
2022-08-22 20:00:00,0.95772,0.95854,0.95741,0.95836,4026,18,0
2022-08-22 22:00:00,0.95836,0.95901,0.95794,0.95796,2651,19,0
2022-08-23 00:00:00,0.95737,0.95851,0.95737,0.95835,2537,18,0
2022-08-23 02:00:00,0.95835,0.95907,0.958,0.95821,4411,18,0
2022-08-23 04:00:00,0.95821,0.95863,0.9577,0.95823,5549,18,0
2022-08-23 06:00:00,0.95824,0.95848,0.95788,0.95798,4344,18,0
2022-08-23 08:00:00,0.95797,0.9581,0.95519,0.9559,6457,18,0
2022-08-23 10:00:00,0.95583,0.96045,0.95527,0.95979,11883,18,0
2022-08-23 12:00:00,0.9598,0.96016,0.95841,0.9593,7431,18,0
2022-08-23 14:00:00,0.95929,0.96188,0.95882,0.96159,7726,18,0
2022-08-23 16:00:00,0.96163,0.96404,0.96044,0.96108,17457,18,0
2022-08-23 18:00:00,0.96109,0.96158,0.96044,0.96095,7600,18,0
2022-08-23 20:00:00,0.96096,0.96114,0.96049,0.96092,5379,18,0
2022-08-23 22:00:00,0.96091,0.96123,0.9607,0.96101,3237,18,0
2022-08-24 00:00:00,0.96082,0.96144,0.96066,0.96102,1252,18,0
2022-08-24 02:00:00,0.96105,0.96134,0.96074,0.96081,4674,18,0
2022-08-24 04:00:00,0.96081,0.96091,0.96036,0.96046,5427,18,0
2022-08-24 06:00:00,0.96044,0.96075,0.96031,0.96048,3688,18,0
2022-08-24 08:00:00,0.96049,0.96069,0.95956,0.95997,5247,18,0
2022-08-24 10:00:00,0.95996,0.96093,0.95685,0.95687,8447,18,0
2022-08-24 12:00:00,0.95687,0.95715,0.95572,0.95622,7487,18,0
2022-08-24 14:00:00,0.95621,0.95947,0.95613,0.95931,9335,18,0
2022-08-24 16:00:00,0.95931,0.96481,0.95917,0.96448,13028,18,0
2022-08-24 18:00:00,0.96447,0.96501,0.96214,0.96223,8643,18,0
2022-08-24 20:00:00,0.96223,0.96345,0.9621,0.96341,3431,18,0
2022-08-24 22:00:00,0.9634,0.96402,0.96276,0.96276,3362,19,0
2022-08-25 00:00:00,0.96282,0.96344,0.96249,0.96339,1851,18,0
2022-08-25 02:00:00,0.96339,0.96432,0.96317,0.96411,4791,18,0
2022-08-25 04:00:00,0.9641,0.96436,0.9629,0.96295,5802,18,0
2022-08-25 06:00:00,0.96296,0.96342,0.96281,0.96296,3809,18,0
2022-08-25 08:00:00,0.96296,0.96558,0.96279,0.96361,7537,18,0
2022-08-25 10:00:00,0.96361,0.96445,0.96113,0.96284,8698,18,0
2022-08-25 12:00:00,0.96285,0.96286,0.96123,0.96187,6274,18,0
2022-08-25 14:00:00,0.96188,0.96256,0.9613,0.96143,8793,18,0
2022-08-25 16:00:00,0.96144,0.96314,0.96086,0.96193,10061,18,0
2022-08-25 18:00:00,0.96191,0.96208,0.96031,0.96071,6873,18,0
2022-08-25 20:00:00,0.9607,0.96081,0.9601,0.96041,4068,18,0
2022-08-25 22:00:00,0.96042,0.96143,0.96018,0.96061,3566,18,0
2022-08-26 00:00:00,0.96002,0.96107,0.96002,0.96091,1218,18,0
2022-08-26 02:00:00,0.96087,0.96097,0.96048,0.96084,2918,18,0
2022-08-26 04:00:00,0.96083,0.96142,0.9607,0.96111,3789,18,0
2022-08-26 06:00:00,0.9611,0.96141,0.96053,0.96073,3430,18,0
2022-08-26 08:00:00,0.96072,0.96105,0.95997,0.96059,4346,18,0
2022-08-26 10:00:00,0.9606,0.96375,0.96035,0.96359,7178,18,0
2022-08-26 12:00:00,0.9636,0.96484,0.96331,0.96417,6036,18,0
2022-08-26 14:00:00,0.96417,0.96526,0.96304,0.96509,9158,18,0
2022-08-26 16:00:00,0.96507,0.96719,0.96358,0.96461,21914,18,0
2022-08-26 18:00:00,0.96458,0.96492,0.96287,0.96312,10144,18,0
2022-08-26 20:00:00,0.9631,0.96328,0.96204,0.96271,3735,18,0
2022-08-26 22:00:00,0.9627,0.96318,0.96196,0.96239,4136,18,0
2022-08-29 00:00:00,0.96199,0.96286,0.9613,0.9625,2796,39,0
2022-08-29 02:00:00,0.96249,0.96307,0.96198,0.962,7095,18,0
2022-08-29 04:00:00,0.96201,0.96251,0.96131,0.96131,7220,18,0
2022-08-29 06:00:00,0.96133,0.96196,0.96114,0.96167,5731,19,0
2022-08-29 08:00:00,0.96167,0.96408,0.9615,0.9636,6752,18,0
2022-08-29 10:00:00,0.96359,0.96444,0.96255,0.96316,9019,18,0
2022-08-29 12:00:00,0.96315,0.96694,0.96248,0.96684,8738,18,0
2022-08-29 14:00:00,0.96683,0.96959,0.96546,0.96807,11333,18,0
2022-08-29 16:00:00,0.96808,0.96936,0.96711,0.96789,12713,18,0
2022-08-29 18:00:00,0.9679,0.96966,0.96749,0.96949,6438,18,0
2022-08-29 20:00:00,0.96951,0.96967,0.96779,0.96795,3960,18,0
2022-08-29 22:00:00,0.96796,0.96833,0.9675,0.96785,2928,18,0
2022-08-30 00:00:00,0.96785,0.96814,0.96721,0.96789,1480,19,0
2022-08-30 02:00:00,0.96788,0.96826,0.96747,0.96747,3718,18,0
2022-08-30 04:00:00,0.96749,0.96775,0.96644,0.96703,5391,18,0
2022-08-30 06:00:00,0.96704,0.96814,0.96683,0.96742,4290,18,0
2022-08-30 08:00:00,0.96741,0.96782,0.96656,0.96723,5350,18,0
2022-08-30 10:00:00,0.96724,0.97463,0.96678,0.97219,13183,18,0
2022-08-30 12:00:00,0.97218,0.97486,0.97217,0.97425,7737,18,0
2022-08-30 14:00:00,0.97427,0.97459,0.9723,0.97323,10425,18,0
2022-08-30 16:00:00,0.97323,0.97485,0.97272,0.97475,14027,18,0
2022-08-30 18:00:00,0.97461,0.97717,0.97415,0.97617,9669,18,0
2022-08-30 20:00:00,0.97617,0.97636,0.9751,0.97552,5816,18,0
2022-08-30 22:00:00,0.97552,0.97597,0.97516,0.97567,4389,18,0
2022-08-31 00:00:00,0.97487,0.97585,0.97487,0.97564,1328,20,0
2022-08-31 02:00:00,0.97565,0.97649,0.97563,0.97592,4541,18,0
2022-08-31 04:00:00,0.97591,0.97622,0.97541,0.9756,3344,18,0
2022-08-31 06:00:00,0.97562,0.97705,0.97533,0.97694,3385,18,0
2022-08-31 08:00:00,0.97694,0.97704,0.97462,0.97472,5351,18,0
2022-08-31 10:00:00,0.97474,0.97782,0.97376,0.97504,11293,18,0
2022-08-31 12:00:00,0.97496,0.97802,0.97461,0.97789,9686,19,0
2022-08-31 14:00:00,0.97788,0.98064,0.9777,0.97938,8768,19,0
2022-08-31 16:00:00,0.97939,0.98211,0.97861,0.9811,13565,19,0
2022-08-31 18:00:00,0.98109,0.98235,0.97858,0.98029,10075,19,0
2022-08-31 20:00:00,0.98028,0.98055,0.97923,0.98052,5124,19,0
2022-08-31 22:00:00,0.98054,0.98331,0.98027,0.98248,5165,19,0
2022-09-01 00:00:00,0.98092,0.98292,0.98073,0.98282,1506,19,0
2022-09-01 02:00:00,0.98281,0.98317,0.98216,0.98245,5576,19,0
2022-09-01 04:00:00,0.98245,0.98341,0.98209,0.98235,7618,19,0
2022-09-01 06:00:00,0.98236,0.98241,0.98096,0.98133,4843,19,0
2022-09-01 08:00:00,0.98132,0.98178,0.97738,0.97852,8200,19,0
2022-09-01 10:00:00,0.97852,0.98007,0.97728,0.97945,10820,19,0
2022-09-01 12:00:00,0.97944,0.98147,0.97896,0.98059,8027,19,0
2022-09-01 14:00:00,0.98056,0.98144,0.9789,0.97926,10393,19,0
2022-09-01 16:00:00,0.97925,0.97952,0.97662,0.97814,16566,19,0
2022-09-01 18:00:00,0.97814,0.97909,0.97663,0.97666,9309,19,0
2022-09-01 20:00:00,0.97666,0.9772,0.97596,0.97663,5132,19,0
2022-09-01 22:00:00,0.97664,0.97684,0.97587,0.97618,3595,19,0
2022-09-02 00:00:00,0.97622,0.97647,0.97579,0.97627,3410,19,0
2022-09-02 02:00:00,0.97627,0.97661,0.97613,0.9766,3536,19,0
2022-09-02 04:00:00,0.97661,0.97698,0.97629,0.97677,4682,19,0
2022-09-02 06:00:00,0.97677,0.97755,0.97668,0.97749,3573,19,0
2022-09-02 08:00:00,0.97748,0.97819,0.9771,0.9779,5592,19,0
2022-09-02 10:00:00,0.9779,0.97901,0.97669,0.97722,6979,19,0
2022-09-02 12:00:00,0.97719,0.98245,0.97698,0.98206,6263,19,0
2022-09-02 14:00:00,0.98202,0.98652,0.98147,0.98491,13892,19,0
2022-09-02 16:00:00,0.9849,0.98494,0.97983,0.98166,16061,19,0
2022-09-02 18:00:00,0.98165,0.98358,0.97727,0.97888,9228,19,0
2022-09-02 20:00:00,0.97887,0.97889,0.97638,0.97703,7005,19,0
2022-09-02 22:00:00,0.97703,0.97716,0.97587,0.97647,4426,19,0
2022-09-05 00:00:00,0.97417,0.97503,0.97356,0.97474,3690,19,0
2022-09-05 02:00:00,0.97474,0.97554,0.9738,0.97389,4004,19,0
2022-09-05 04:00:00,0.97389,0.97473,0.97303,0.97473,6477,19,0
2022-09-05 06:00:00,0.97472,0.9748,0.97285,0.973,4179,19,0
2022-09-05 08:00:00,0.973,0.97365,0.97104,0.97363,8341,19,0
2022-09-05 10:00:00,0.97364,0.97561,0.97288,0.97453,10100,19,0
2022-09-05 12:00:00,0.97453,0.97543,0.97211,0.97469,8082,19,0
2022-09-05 14:00:00,0.97469,0.9748,0.97335,0.97371,8298,19,0
2022-09-05 16:00:00,0.97372,0.97448,0.9728,0.97352,7491,19,0
2022-09-05 18:00:00,0.97352,0.97413,0.97258,0.97326,3234,19,0
2022-09-05 20:00:00,0.97326,0.97379,0.97309,0.97309,1699,19,0
2022-09-05 22:00:00,0.97309,0.97353,0.9722,0.97245,2814,19,0
2022-09-06 00:00:00,0.97208,0.97376,0.97208,0.97326,2865,21,0
2022-09-06 02:00:00,0.97327,0.97401,0.97281,0.97347,5985,19,0
2022-09-06 04:00:00,0.97347,0.97402,0.97274,0.97327,5384,19,0
2022-09-06 06:00:00,0.97328,0.97442,0.97254,0.9742,3793,19,0
2022-09-06 08:00:00,0.97419,0.97641,0.97389,0.97641,7137,19,0
2022-09-06 10:00:00,0.97642,0.97861,0.97434,0.97615,12504,19,0
2022-09-06 12:00:00,0.97614,0.97618,0.97343,0.97403,9702,19,0
2022-09-06 14:00:00,0.974,0.97519,0.97315,0.97341,9534,19,0
2022-09-06 16:00:00,0.97343,0.97532,0.9719,0.97452,15252,19,0
2022-09-06 18:00:00,0.97452,0.97589,0.97416,0.97562,10013,19,0
2022-09-06 20:00:00,0.97563,0.97591,0.97482,0.9758,5419,19,0
2022-09-06 22:00:00,0.9758,0.9758,0.97432,0.97432,3291,19,0
2022-09-07 00:00:00,0.97254,0.97493,0.97254,0.97473,1650,19,0
2022-09-07 02:00:00,0.97474,0.97517,0.97421,0.97426,5381,20,0
2022-09-07 04:00:00,0.97426,0.97496,0.97372,0.97424,6662,19,0
2022-09-07 06:00:00,0.97423,0.97528,0.97389,0.97452,4846,19,0
2022-09-07 08:00:00,0.97452,0.97601,0.97402,0.97577,5670,19,0
2022-09-07 10:00:00,0.97576,0.97581,0.97354,0.97362,8805,19,0
2022-09-07 12:00:00,0.97362,0.9754,0.97276,0.9751,7200,19,0
2022-09-07 14:00:00,0.97509,0.9755,0.97369,0.97454,10201,19,0
2022-09-07 16:00:00,0.97452,0.97738,0.97349,0.97673,13299,19,0
2022-09-07 18:00:00,0.97675,0.977,0.97479,0.97679,6792,19,0
2022-09-07 20:00:00,0.97679,0.97799,0.97647,0.9767,5246,19,0
2022-09-07 22:00:00,0.9767,0.97764,0.97662,0.97701,3186,19,0
2022-09-08 00:00:00,0.97728,0.97757,0.97666,0.97694,2078,21,0
2022-09-08 02:00:00,0.97695,0.97703,0.97612,0.97644,3890,19,0
2022-09-08 04:00:00,0.97643,0.97672,0.9759,0.97653,4740,19,0
2022-09-08 06:00:00,0.97654,0.97657,0.97543,0.97633,4549,19,0
2022-09-08 08:00:00,0.97633,0.9766,0.97526,0.97586,6709,19,0
2022-09-08 10:00:00,0.97587,0.97631,0.97405,0.97519,10837,19,0
2022-09-08 12:00:00,0.97518,0.97529,0.97356,0.974,7937,19,0
2022-09-08 14:00:00,0.97399,0.97567,0.97186,0.97264,15089,19,0
2022-09-08 16:00:00,0.97262,0.97275,0.966,0.96889,21419,19,0
2022-09-08 18:00:00,0.96889,0.96999,0.96687,0.96902,10052,19,0
2022-09-08 20:00:00,0.96901,0.97086,0.96886,0.97079,5441,19,0
2022-09-08 22:00:00,0.97079,0.97089,0.96992,0.97007,3581,19,0
2022-09-09 00:00:00,0.97006,0.97026,0.96978,0.96993,1094,24,0
2022-09-09 02:00:00,0.96992,0.9716,0.96903,0.97133,3952,19,0
2022-09-09 04:00:00,0.97133,0.97254,0.97115,0.97233,4847,19,0
2022-09-09 06:00:00,0.97232,0.97264,0.97129,0.97135,6597,19,0
2022-09-09 08:00:00,0.97135,0.97179,0.96953,0.9698,6719,19,0
2022-09-09 10:00:00,0.96981,0.9703,0.96651,0.96714,12375,19,0
2022-09-09 12:00:00,0.96709,0.96776,0.96319,0.96634,9606,19,0
2022-09-09 14:00:00,0.96639,0.96663,0.96395,0.96429,11242,19,0
2022-09-09 16:00:00,0.96428,0.96653,0.96347,0.96538,14082,19,0
2022-09-09 18:00:00,0.96538,0.96579,0.9639,0.965,6518,19,0
2022-09-09 20:00:00,0.965,0.96554,0.96465,0.96485,3990,19,0
2022-09-09 22:00:00,0.96491,0.9653,0.96394,0.96394,2816,19,0
2022-09-12 00:00:00,0.96843,0.96843,0.96596,0.96703,3261,19,0
2022-09-12 02:00:00,0.96704,0.96712,0.96597,0.96618,5183,19,0
2022-09-12 04:00:00,0.96617,0.96721,0.96568,0.9668,4901,19,0
2022-09-12 06:00:00,0.96678,0.96789,0.96675,0.9675,3629,19,0
2022-09-12 08:00:00,0.96751,0.97111,0.96739,0.9711,6849,19,0
2022-09-12 10:00:00,0.97109,0.97452,0.97091,0.97268,14005,19,0
2022-09-12 12:00:00,0.97267,0.97267,0.96649,0.96654,10597,19,0
2022-09-12 14:00:00,0.96655,0.96821,0.96567,0.96674,11057,19,0
2022-09-12 16:00:00,0.96673,0.967,0.9634,0.96365,12507,19,0
2022-09-12 18:00:00,0.96375,0.96495,0.96344,0.96493,6795,19,0
2022-09-12 20:00:00,0.96493,0.96536,0.96463,0.96512,4662,19,0
2022-09-12 22:00:00,0.96514,0.96542,0.96492,0.96514,2787,19,0
2022-09-13 00:00:00,0.96512,0.96534,0.96457,0.96526,1443,19,0
2022-09-13 02:00:00,0.96526,0.96619,0.96492,0.96495,3348,19,0
2022-09-13 04:00:00,0.96496,0.96512,0.96414,0.96455,4189,19,0
2022-09-13 06:00:00,0.96456,0.96461,0.96366,0.96431,3437,19,0
2022-09-13 08:00:00,0.9643,0.96509,0.96366,0.96442,5525,19,0
2022-09-13 10:00:00,0.96441,0.96573,0.9627,0.96561,8709,19,0
2022-09-13 12:00:00,0.9656,0.96605,0.96487,0.96538,8070,19,0
2022-09-13 14:00:00,0.96537,0.96784,0.96179,0.96396,14352,19,0
2022-09-13 16:00:00,0.96394,0.96484,0.96225,0.96232,17599,19,0
2022-09-13 18:00:00,0.96232,0.96258,0.95925,0.95936,8888,19,0
2022-09-13 20:00:00,0.95934,0.95956,0.95837,0.95864,6714,19,0
2022-09-13 22:00:00,0.95865,0.95909,0.95834,0.95854,4046,19,0
2022-09-14 00:00:00,0.95854,0.95884,0.95828,0.95844,2910,19,0
2022-09-14 02:00:00,0.95843,0.95886,0.95803,0.95858,5419,19,0
2022-09-14 04:00:00,0.95857,0.96,0.9584,0.95985,5313,19,0
2022-09-14 06:00:00,0.95986,0.96056,0.95973,0.96039,5116,19,0
2022-09-14 08:00:00,0.96038,0.96041,0.95808,0.95882,7224,19,0
2022-09-14 10:00:00,0.95883,0.96046,0.95839,0.95964,12987,19,0
2022-09-14 12:00:00,0.95962,0.96278,0.95926,0.96145,8800,19,0
2022-09-14 14:00:00,0.96147,0.96191,0.96028,0.96055,12457,19,0
2022-09-14 16:00:00,0.96055,0.96118,0.9582,0.95971,14115,19,0
2022-09-14 18:00:00,0.9597,0.9613,0.95961,0.96097,8205,19,0
2022-09-14 20:00:00,0.96096,0.96161,0.9605,0.96088,4937,19,0
2022-09-14 22:00:00,0.96094,0.96117,0.95992,0.96051,4451,19,0
2022-09-15 00:00:00,0.9599,0.96044,0.95922,0.96023,1175,21,0
2022-09-15 02:00:00,0.96022,0.96045,0.9599,0.96005,2808,19,0
2022-09-15 04:00:00,0.96006,0.9606,0.95965,0.9603,4689,19,0
2022-09-15 06:00:00,0.96031,0.96074,0.95998,0.96019,2546,19,0
2022-09-15 08:00:00,0.96018,0.96045,0.95899,0.95936,4680,19,0
2022-09-15 10:00:00,0.95936,0.96105,0.95913,0.95983,10178,19,0
2022-09-15 12:00:00,0.95984,0.96008,0.95369,0.95372,10000,19,0
2022-09-15 14:00:00,0.95373,0.95796,0.95308,0.95744,13149,19,0
2022-09-15 16:00:00,0.95745,0.96077,0.95588,0.96027,15247,19,0
2022-09-15 18:00:00,0.96027,0.96106,0.959,0.96082,7967,19,0
2022-09-15 20:00:00,0.96082,0.96108,0.95941,0.95993,4733,19,0
2022-09-15 22:00:00,0.95991,0.96145,0.95972,0.96129,3317,19,0
2022-09-16 00:00:00,0.95967,0.96117,0.95967,0.96081,1348,19,0
2022-09-16 02:00:00,0.9608,0.96125,0.96045,0.96118,4172,19,0
2022-09-16 04:00:00,0.96117,0.96158,0.96086,0.96137,7080,19,0
2022-09-16 06:00:00,0.96138,0.96161,0.96115,0.96128,3166,20,0
2022-09-16 08:00:00,0.96128,0.96354,0.961,0.96353,7706,19,0
2022-09-16 10:00:00,0.96352,0.9637,0.95913,0.95986,12979,19,0
2022-09-16 12:00:00,0.95987,0.962,0.95979,0.9601,7522,19,0
2022-09-16 14:00:00,0.96009,0.96016,0.95775,0.95901,9939,19,0
2022-09-16 16:00:00,0.95901,0.96546,0.95854,0.96511,16303,19,0
2022-09-16 18:00:00,0.96511,0.96638,0.96424,0.96584,8684,19,0
2022-09-16 20:00:00,0.96582,0.96586,0.96449,0.96515,4647,19,0
2022-09-16 22:00:00,0.96515,0.96593,0.96467,0.96541,4914,19,0
2022-09-19 00:00:00,0.96475,0.96618,0.96442,0.96565,1811,19,0
2022-09-19 02:00:00,0.96562,0.966,0.96488,0.96528,6120,19,0
2022-09-19 04:00:00,0.96526,0.96581,0.96505,0.9653,6335,19,0
2022-09-19 06:00:00,0.9653,0.96575,0.96518,0.96535,5774,19,0
2022-09-19 08:00:00,0.96535,0.9662,0.96449,0.96494,4869,19,0
2022-09-19 10:00:00,0.96496,0.96706,0.96419,0.96451,9124,19,0
2022-09-19 12:00:00,0.96456,0.96534,0.96327,0.96491,8252,19,0
2022-09-19 14:00:00,0.96492,0.96613,0.96432,0.96507,9453,19,0
2022-09-19 16:00:00,0.96504,0.9668,0.96426,0.96589,12204,19,0
2022-09-19 18:00:00,0.96589,0.96665,0.9658,0.96637,7156,19,0
2022-09-19 20:00:00,0.96637,0.96688,0.96587,0.96673,6308,19,0
2022-09-19 22:00:00,0.96674,0.96683,0.96619,0.96659,5791,19,0
2022-09-20 00:00:00,0.96659,0.96698,0.96569,0.96663,2994,19,0
2022-09-20 02:00:00,0.96661,0.96784,0.96661,0.96761,7235,19,0
2022-09-20 04:00:00,0.96758,0.96793,0.96697,0.96721,8102,19,0
2022-09-20 06:00:00,0.96723,0.96758,0.96694,0.96757,6738,19,0
2022-09-20 08:00:00,0.96757,0.96814,0.96674,0.96722,6482,19,0
2022-09-20 10:00:00,0.96723,0.96741,0.96558,0.96694,11832,19,0
2022-09-20 12:00:00,0.96695,0.96743,0.9656,0.96604,8948,19,0
2022-09-20 14:00:00,0.96608,0.96629,0.96339,0.96421,12158,19,0
2022-09-20 16:00:00,0.96421,0.96525,0.96293,0.96426,13408,19,0
2022-09-20 18:00:00,0.96425,0.96491,0.96091,0.96165,7931,19,0
2022-09-20 20:00:00,0.96166,0.96177,0.96016,0.96102,5864,19,0
2022-09-20 22:00:00,0.96102,0.9618,0.96051,0.9609,5274,19,0
2022-09-21 00:00:00,0.96085,0.9615,0.96085,0.96114,3497,19,0
2022-09-21 02:00:00,0.96114,0.96117,0.95981,0.96033,7287,19,0
2022-09-21 04:00:00,0.96034,0.9609,0.96017,0.96056,5229,19,0
2022-09-21 06:00:00,0.96057,0.9612,0.96047,0.96098,7543,19,0
2022-09-21 08:00:00,0.96096,0.96176,0.95329,0.95506,12002,19,0
2022-09-21 10:00:00,0.95505,0.95931,0.95468,0.95488,12915,19,0
2022-09-21 12:00:00,0.95486,0.95742,0.95456,0.95634,9397,19,0
2022-09-21 14:00:00,0.95634,0.95688,0.95379,0.95525,9996,19,0
2022-09-21 16:00:00,0.95525,0.95614,0.95304,0.95308,12544,19,0
2022-09-21 18:00:00,0.95307,0.95433,0.95246,0.95371,8940,19,0
2022-09-21 20:00:00,0.95371,0.95389,0.9511,0.9531,17914,19,0
2022-09-21 22:00:00,0.95312,0.95337,0.95035,0.95067,13571,19,0
2022-09-22 00:00:00,0.95069,0.95131,0.95046,0.95071,3511,19,0
2022-09-22 02:00:00,0.95072,0.95185,0.95032,0.95081,8630,19,0
2022-09-22 04:00:00,0.9508,0.95082,0.94763,0.94839,11514,19,0
2022-09-22 06:00:00,0.94839,0.94903,0.94799,0.94902,8260,19,0
2022-09-22 08:00:00,0.94901,0.95029,0.94688,0.94689,11850,19,0
2022-09-22 10:00:00,0.94688,0.96802,0.94626,0.96232,25892,19,0
2022-09-22 12:00:00,0.96233,0.97006,0.96113,0.96864,15611,19,0
2022-09-22 14:00:00,0.96865,0.97139,0.96425,0.96473,19521,19,0
2022-09-22 16:00:00,0.96473,0.96747,0.96319,0.96358,19489,19,0
2022-09-22 18:00:00,0.96357,0.96526,0.96335,0.96396,11135,19,0
2022-09-22 20:00:00,0.96396,0.96415,0.96175,0.96247,6645,19,0
2022-09-22 22:00:00,0.96239,0.96255,0.96032,0.96056,4725,19,0
2022-09-23 00:00:00,0.96087,0.96125,0.95996,0.96013,2457,22,0
2022-09-23 02:00:00,0.96014,0.96131,0.95988,0.96117,5488,19,0
2022-09-23 04:00:00,0.96117,0.96213,0.96095,0.96125,5290,19,0
2022-09-23 06:00:00,0.96125,0.96173,0.96065,0.96093,4005,19,0
2022-09-23 08:00:00,0.96092,0.96199,0.9598,0.96042,5963,19,0
2022-09-23 10:00:00,0.96042,0.96049,0.95599,0.95728,13661,19,0
2022-09-23 12:00:00,0.95731,0.95873,0.95564,0.95844,14661,19,0
2022-09-23 14:00:00,0.95845,0.95934,0.95448,0.95543,13203,19,0
2022-09-23 16:00:00,0.95542,0.95571,0.94975,0.95264,18737,19,0
2022-09-23 18:00:00,0.95264,0.95442,0.95146,0.95173,10831,19,0
2022-09-23 20:00:00,0.95174,0.95295,0.95067,0.95103,8543,19,0
2022-09-23 22:00:00,0.95103,0.95226,0.95056,0.95108,7390,19,0
2022-09-26 00:00:00,0.95018,0.9523,0.94985,0.95227,4545,23,0
2022-09-26 02:00:00,0.95225,0.95233,0.94062,0.94204,12497,19,0
2022-09-26 04:00:00,0.94201,0.94965,0.94177,0.94963,17637,19,0
2022-09-26 06:00:00,0.94959,0.95049,0.94787,0.94819,11797,19,0
2022-09-26 08:00:00,0.94817,0.95208,0.94748,0.95115,12992,19,0
2022-09-26 10:00:00,0.95116,0.95491,0.95007,0.95405,18326,19,0
2022-09-26 12:00:00,0.95408,0.95592,0.95296,0.95472,14672,19,0
2022-09-26 14:00:00,0.95472,0.95682,0.9539,0.95423,18034,19,0
2022-09-26 16:00:00,0.95422,0.95621,0.95286,0.956,18525,19,0
2022-09-26 18:00:00,0.95598,0.95748,0.95373,0.95701,16868,19,0
2022-09-26 20:00:00,0.95699,0.95728,0.95581,0.95611,8340,20,0
2022-09-26 22:00:00,0.95612,0.95652,0.95371,0.95401,7513,19,0
2022-09-27 00:00:00,0.9543,0.9554,0.95264,0.95421,4228,19,0
2022-09-27 02:00:00,0.9542,0.95538,0.95389,0.95462,10005,19,0
2022-09-27 04:00:00,0.95463,0.95586,0.95462,0.9558,10171,19,0
2022-09-27 06:00:00,0.9558,0.95582,0.95516,0.95543,8587,19,0
2022-09-27 08:00:00,0.95543,0.95578,0.95333,0.95344,12441,19,0
2022-09-27 10:00:00,0.95344,0.95585,0.94954,0.94954,17257,19,0
2022-09-27 12:00:00,0.9496,0.95283,0.94878,0.9501,12757,19,0
2022-09-27 14:00:00,0.9501,0.95195,0.94955,0.95168,13804,19,0
2022-09-27 16:00:00,0.95169,0.95328,0.95033,0.95225,21761,19,0
2022-09-27 18:00:00,0.95224,0.95279,0.94827,0.94897,12613,19,0
2022-09-27 20:00:00,0.94896,0.9516,0.94843,0.95136,8503,19,0
2022-09-27 22:00:00,0.95137,0.95182,0.95098,0.95126,4825,20,0
2022-09-28 00:00:00,0.94964,0.9517,0.9489,0.95101,3161,19,0
2022-09-28 02:00:00,0.95102,0.95189,0.95018,0.95088,8434,19,0
2022-09-28 04:00:00,0.95088,0.95119,0.94955,0.94987,9278,19,0
2022-09-28 06:00:00,0.94989,0.95097,0.94957,0.95017,6160,19,0
2022-09-28 08:00:00,0.95017,0.95242,0.94988,0.95034,12645,19,0
2022-09-28 10:00:00,0.95036,0.95047,0.94684,0.94929,19336,19,0
2022-09-28 12:00:00,0.94929,0.95062,0.94537,0.94733,24175,19,0
2022-09-28 14:00:00,0.94734,0.9475,0.94337,0.94522,23744,19,0
2022-09-28 16:00:00,0.9452,0.94734,0.94368,0.94496,23297,19,0
2022-09-28 18:00:00,0.94496,0.94857,0.94391,0.94753,16537,19,0
2022-09-28 20:00:00,0.94753,0.95114,0.94751,0.95063,8085,19,0
2022-09-28 22:00:00,0.95061,0.95072,0.94949,0.95,5542,19,0
2022-09-29 00:00:00,0.9492,0.94999,0.9487,0.94938,2131,19,0
2022-09-29 02:00:00,0.94938,0.9496,0.94748,0.94748,7780,19,0
2022-09-29 04:00:00,0.94748,0.94794,0.94676,0.94761,6786,19,0
2022-09-29 06:00:00,0.94761,0.94867,0.94756,0.94833,5233,24,0
2022-09-29 08:00:00,0.94835,0.94878,0.94714,0.94844,10758,19,0
2022-09-29 10:00:00,0.94842,0.95142,0.94754,0.94985,20215,19,0
2022-09-29 12:00:00,0.94982,0.95186,0.94952,0.95079,18380,19,0
2022-09-29 14:00:00,0.9508,0.9549,0.95032,0.95347,19088,19,0
2022-09-29 16:00:00,0.95346,0.95814,0.95293,0.95783,21587,19,0
2022-09-29 18:00:00,0.95784,0.95903,0.95662,0.95853,12219,19,0
2022-09-29 20:00:00,0.9585,0.9587,0.95738,0.95754,5921,19,0
2022-09-29 22:00:00,0.95753,0.95824,0.95646,0.95714,7485,19,0
2022-09-30 00:00:00,0.9562,0.95897,0.95577,0.95758,6298,23,0
2022-09-30 02:00:00,0.95759,0.95859,0.95708,0.95742,11532,21,0
2022-09-30 04:00:00,0.95743,0.95768,0.95606,0.95703,9603,19,0
2022-09-30 06:00:00,0.95702,0.95725,0.95646,0.95671,6191,19,0
2022-09-30 08:00:00,0.95671,0.95884,0.95671,0.95788,12262,19,0
2022-09-30 10:00:00,0.95788,0.96209,0.95573,0.95995,19555,19,0
2022-09-30 12:00:00,0.9599,0.96034,0.95523,0.95607,14790,19,0
2022-09-30 14:00:00,0.95606,0.95795,0.95463,0.95547,18203,19,0
2022-09-30 16:00:00,0.95547,0.96441,0.95483,0.96371,18147,19,0
2022-09-30 18:00:00,0.96374,0.96436,0.96107,0.96298,14264,19,0
2022-09-30 20:00:00,0.96298,0.96755,0.96298,0.96724,6602,19,0
2022-09-30 22:00:00,0.96725,0.96804,0.96594,0.96711,7841,19,0
2022-10-03 00:00:00,0.96415,0.96677,0.96415,0.96547,2413,21,0
2022-10-03 02:00:00,0.96543,0.96643,0.965,0.96618,7917,19,0
2022-10-03 04:00:00,0.96617,0.96723,0.96605,0.96659,7211,19,0
2022-10-03 06:00:00,0.9666,0.9667,0.96503,0.96533,9240,19,0
2022-10-03 08:00:00,0.96534,0.97036,0.96534,0.96639,15429,19,0
2022-10-03 10:00:00,0.96638,0.97042,0.96542,0.96933,18305,19,0
2022-10-03 12:00:00,0.96934,0.96936,0.9665,0.96796,13193,19,0
2022-10-03 14:00:00,0.96798,0.96798,0.9642,0.96597,13322,19,0
2022-10-03 16:00:00,0.96594,0.97289,0.96533,0.9723,20576,19,0
2022-10-03 18:00:00,0.9723,0.97737,0.97187,0.97264,14095,19,0
2022-10-03 20:00:00,0.97266,0.97496,0.97264,0.97458,7034,19,0
2022-10-03 22:00:00,0.97459,0.97611,0.97406,0.97497,6568,19,0
2022-10-04 00:00:00,0.97421,0.97538,0.97398,0.97493,1674,22,0
2022-10-04 02:00:00,0.97493,0.97644,0.97483,0.97538,7350,19,0
2022-10-04 04:00:00,0.97537,0.97575,0.97415,0.97464,7232,19,0
2022-10-04 06:00:00,0.97464,0.97531,0.97414,0.97468,8904,19,0
2022-10-04 08:00:00,0.97468,0.97725,0.97464,0.97671,11653,19,0
2022-10-04 10:00:00,0.97671,0.9779,0.97432,0.97534,16983,19,0
2022-10-04 12:00:00,0.97532,0.97778,0.9743,0.97715,12423,19,0
2022-10-04 14:00:00,0.97714,0.97996,0.97632,0.97862,14817,19,0
2022-10-04 16:00:00,0.97863,0.97939,0.97559,0.977,17409,19,0
2022-10-04 18:00:00,0.97701,0.9787,0.97616,0.97709,11704,19,0
2022-10-04 20:00:00,0.97707,0.97866,0.97633,0.97843,7003,19,0
2022-10-04 22:00:00,0.97843,0.97865,0.9772,0.97797,7738,19,0
2022-10-05 00:00:00,0.9785,0.9785,0.97722,0.97799,1184,31,0
2022-10-05 02:00:00,0.97801,0.97802,0.97692,0.97724,7290,19,0
2022-10-05 04:00:00,0.9772,0.97792,0.97663,0.97713,9740,19,0
2022-10-05 06:00:00,0.97712,0.97716,0.97635,0.9769,3319,19,0
2022-10-05 08:00:00,0.9769,0.97963,0.97676,0.97875,8797,19,0
2022-10-05 10:00:00,0.97876,0.97909,0.97539,0.97616,16389,19,0
2022-10-05 12:00:00,0.97615,0.97735,0.97495,0.97526,10732,19,0
2022-10-05 14:00:00,0.97525,0.97652,0.97273,0.97402,12750,19,0
2022-10-05 16:00:00,0.97403,0.97468,0.9705,0.97156,19849,19,0
2022-10-05 18:00:00,0.97156,0.97203,0.96978,0.97085,8792,19,0
2022-10-05 20:00:00,0.97086,0.97202,0.97042,0.97199,5515,19,0
2022-10-05 22:00:00,0.972,0.97219,0.97072,0.97154,5937,19,0
2022-10-06 00:00:00,0.97021,0.972,0.97008,0.97172,2478,19,0
2022-10-06 02:00:00,0.97172,0.973,0.97164,0.97262,6537,19,0
2022-10-06 04:00:00,0.97262,0.97308,0.9723,0.97261,7395,19,0
2022-10-06 06:00:00,0.97261,0.97283,0.97236,0.97277,6268,19,0
2022-10-06 08:00:00,0.97279,0.97299,0.96916,0.96984,8028,19,0
2022-10-06 10:00:00,0.96984,0.97135,0.96931,0.97122,16256,19,0
2022-10-06 12:00:00,0.97124,0.97275,0.97101,0.97211,11528,19,0
2022-10-06 14:00:00,0.97206,0.97356,0.97025,0.97253,14066,19,0
2022-10-06 16:00:00,0.97253,0.9739,0.97045,0.97336,18752,19,0
2022-10-06 18:00:00,0.97338,0.97367,0.97004,0.97023,12391,19,0
2022-10-06 20:00:00,0.97019,0.97148,0.96986,0.97019,8238,19,0
2022-10-06 22:00:00,0.97019,0.97076,0.96931,0.96973,7515,19,0
2022-10-07 00:00:00,0.96917,0.96991,0.96745,0.96956,1192,19,0
2022-10-07 02:00:00,0.96956,0.97015,0.96889,0.96962,6309,19,0
2022-10-07 04:00:00,0.96962,0.97092,0.96937,0.9706,6051,19,0
2022-10-07 06:00:00,0.97058,0.97084,0.96929,0.96932,3541,19,0
2022-10-07 08:00:00,0.96932,0.97011,0.96789,0.9687,8227,19,0
2022-10-07 10:00:00,0.96868,0.97139,0.96828,0.9708,12898,19,0
2022-10-07 12:00:00,0.9708,0.97147,0.96929,0.97058,9486,19,0
2022-10-07 14:00:00,0.97057,0.9714,0.9679,0.96857,13403,19,0
2022-10-07 16:00:00,0.96857,0.97115,0.96758,0.97081,20894,19,0
2022-10-07 18:00:00,0.97082,0.97134,0.96897,0.96942,11457,19,0
2022-10-07 20:00:00,0.96944,0.97002,0.96829,0.96848,6119,19,0
2022-10-07 22:00:00,0.96847,0.96896,0.96779,0.96785,5823,19,0
2022-10-10 00:00:00,0.96746,0.96836,0.96695,0.96803,3523,19,0
2022-10-10 02:00:00,0.96803,0.96843,0.96728,0.96789,9434,19,0
2022-10-10 04:00:00,0.9679,0.96907,0.96774,0.96789,7005,19,0
2022-10-10 06:00:00,0.96788,0.96823,0.96734,0.96812,5283,19,0
2022-10-10 08:00:00,0.96812,0.96823,0.96591,0.96688,7823,19,0
2022-10-10 10:00:00,0.96689,0.96842,0.96613,0.96623,12686,19,0
2022-10-10 12:00:00,0.96623,0.9693,0.96623,0.96814,9653,19,0
2022-10-10 14:00:00,0.96813,0.9696,0.96739,0.96939,10343,19,0
2022-10-10 16:00:00,0.96937,0.97296,0.96882,0.97006,14379,19,0
2022-10-10 18:00:00,0.97006,0.9703,0.96843,0.9695,8084,19,0
2022-10-10 20:00:00,0.9695,0.97115,0.96929,0.96994,7474,19,0
2022-10-10 22:00:00,0.96994,0.97062,0.96972,0.96973,6583,19,0
2022-10-11 00:00:00,0.96935,0.97042,0.9685,0.97026,1697,22,0
2022-10-11 02:00:00,0.97027,0.97109,0.97004,0.97066,6094,19,0
2022-10-11 04:00:00,0.97064,0.97084,0.96916,0.96979,10341,19,0
2022-10-11 06:00:00,0.9698,0.97034,0.96892,0.96942,5718,19,0
2022-10-11 08:00:00,0.96944,0.97123,0.96853,0.9697,9474,19,0
2022-10-11 10:00:00,0.9697,0.97137,0.96914,0.97057,14722,19,0
2022-10-11 12:00:00,0.97057,0.9707,0.96797,0.96861,10600,19,0
2022-10-11 14:00:00,0.96859,0.96946,0.96701,0.96916,11504,19,0
2022-10-11 16:00:00,0.96915,0.96963,0.96691,0.9679,15511,19,0
2022-10-11 18:00:00,0.9679,0.97029,0.9679,0.96874,11389,19,0
2022-10-11 20:00:00,0.96875,0.96933,0.96782,0.96824,9287,19,0
2022-10-11 22:00:00,0.96825,0.96825,0.96666,0.96749,10339,19,0
2022-10-12 00:00:00,0.96685,0.96828,0.9663,0.96808,2242,21,0
2022-10-12 02:00:00,0.96808,0.96835,0.96709,0.96764,8595,19,0
2022-10-12 04:00:00,0.96764,0.96798,0.96659,0.96783,10498,19,0
2022-10-12 06:00:00,0.96783,0.96895,0.96711,0.96798,8917,19,0
2022-10-12 08:00:00,0.96798,0.96829,0.96647,0.96674,12184,19,0
2022-10-12 10:00:00,0.96674,0.96742,0.96425,0.96609,16449,19,0
2022-10-12 12:00:00,0.96609,0.96712,0.96572,0.96674,11512,19,0
2022-10-12 14:00:00,0.96675,0.9671,0.96534,0.96577,13254,19,0
2022-10-12 16:00:00,0.96578,0.96874,0.96539,0.96874,19084,19,0
2022-10-12 18:00:00,0.96874,0.96879,0.9668,0.96699,10828,19,0
2022-10-12 20:00:00,0.96699,0.9679,0.96658,0.96785,10617,19,0
2022-10-12 22:00:00,0.96786,0.96821,0.96726,0.96752,5014,19,0
2022-10-13 00:00:00,0.9671,0.96803,0.96658,0.96802,1322,19,0
2022-10-13 02:00:00,0.96803,0.96863,0.96766,0.96825,5768,19,0
2022-10-13 04:00:00,0.96825,0.96851,0.96745,0.96779,6948,19,0
2022-10-13 06:00:00,0.9678,0.96838,0.96765,0.96799,4150,19,0
2022-10-13 08:00:00,0.968,0.96879,0.96746,0.96753,7206,19,0
2022-10-13 10:00:00,0.96754,0.97032,0.9675,0.96996,8211,19,0
2022-10-13 12:00:00,0.96995,0.97183,0.96984,0.97114,8428,19,0
2022-10-13 14:00:00,0.97115,0.97383,0.96876,0.97112,20754,19,0
2022-10-13 16:00:00,0.97112,0.97578,0.97069,0.97564,28694,19,0
2022-10-13 18:00:00,0.97568,0.97778,0.9748,0.9773,23075,19,0
2022-10-13 20:00:00,0.9773,0.9782,0.97657,0.97718,9653,19,0
2022-10-13 22:00:00,0.97717,0.97903,0.97669,0.97822,5732,19,0
2022-10-14 00:00:00,0.97629,0.97882,0.97613,0.97856,3048,19,0
2022-10-14 02:00:00,0.97856,0.9787,0.97787,0.97815,7011,19,0
2022-10-14 04:00:00,0.97815,0.97889,0.97778,0.97829,10539,19,0
2022-10-14 06:00:00,0.9783,0.97843,0.97718,0.97732,7946,19,0
2022-10-14 08:00:00,0.97731,0.97762,0.97467,0.97546,11274,19,0
2022-10-14 10:00:00,0.97545,0.97612,0.97406,0.9757,13160,19,0
2022-10-14 12:00:00,0.97571,0.97672,0.97499,0.97602,13362,19,0
2022-10-14 14:00:00,0.97602,0.97729,0.975,0.97691,14455,19,0
2022-10-14 16:00:00,0.97691,0.97866,0.97621,0.97848,23934,19,0
2022-10-14 18:00:00,0.97845,0.97926,0.97657,0.97714,12664,19,0
2022-10-14 20:00:00,0.97715,0.97832,0.97697,0.97767,8089,19,0
2022-10-14 22:00:00,0.97766,0.97783,0.97679,0.97743,5453,19,0
2022-10-17 00:00:00,0.97485,0.97792,0.97485,0.9776,2702,19,0
2022-10-17 02:00:00,0.97758,0.97797,0.977,0.97773,12044,19,0
2022-10-17 04:00:00,0.97772,0.97854,0.97752,0.97786,9086,19,0
2022-10-17 06:00:00,0.97786,0.97789,0.97705,0.97729,8589,19,0
2022-10-17 08:00:00,0.97728,0.97753,0.97448,0.97454,10556,19,0
2022-10-17 10:00:00,0.97455,0.97639,0.97414,0.97633,13378,19,0
2022-10-17 12:00:00,0.97633,0.97779,0.9762,0.97672,9472,19,0
2022-10-17 14:00:00,0.97671,0.97683,0.97513,0.97586,10294,19,0
2022-10-17 16:00:00,0.97586,0.97831,0.97521,0.97785,13927,19,0
2022-10-17 18:00:00,0.97784,0.9808,0.97744,0.9799,9908,19,0
2022-10-17 20:00:00,0.97991,0.98074,0.97963,0.98046,6630,19,0
2022-10-17 22:00:00,0.98046,0.98046,0.97946,0.98,5402,19,0
2022-10-18 00:00:00,0.97881,0.98021,0.97881,0.9802,2477,24,0
2022-10-18 02:00:00,0.98021,0.98034,0.97911,0.97913,9094,19,0
2022-10-18 04:00:00,0.97914,0.97922,0.97795,0.97825,6331,19,0
2022-10-18 06:00:00,0.97825,0.97924,0.97809,0.97909,10514,19,0
2022-10-18 08:00:00,0.97908,0.98025,0.97877,0.97974,9765,19,0
2022-10-18 10:00:00,0.97974,0.97992,0.97786,0.97944,13414,19,0
2022-10-18 12:00:00,0.97942,0.98024,0.97819,0.97922,11318,19,0
2022-10-18 14:00:00,0.97922,0.97974,0.97835,0.97891,11099,19,0
2022-10-18 16:00:00,0.97893,0.98075,0.9786,0.97969,15401,19,0
2022-10-18 18:00:00,0.97971,0.9817,0.97918,0.98154,10916,19,0
2022-10-18 20:00:00,0.98154,0.98185,0.97989,0.97996,7863,19,0
2022-10-18 22:00:00,0.97994,0.98043,0.97969,0.97989,4420,19,0
2022-10-19 00:00:00,0.97996,0.98033,0.97967,0.98006,4095,25,0
2022-10-19 02:00:00,0.98007,0.98033,0.97956,0.9803,7296,19,0
2022-10-19 04:00:00,0.98031,0.9805,0.97957,0.97963,10990,19,0
2022-10-19 06:00:00,0.97963,0.97985,0.97902,0.97915,5019,19,0
2022-10-19 08:00:00,0.97913,0.98091,0.97886,0.98061,9164,19,0
2022-10-19 10:00:00,0.98061,0.98237,0.98009,0.98136,13927,19,0
2022-10-19 12:00:00,0.98137,0.98225,0.97974,0.98099,11103,19,0
2022-10-19 14:00:00,0.98099,0.98156,0.97976,0.98149,12678,19,0
2022-10-19 16:00:00,0.98148,0.98289,0.98064,0.98272,15062,19,0
2022-10-19 18:00:00,0.98272,0.98274,0.98115,0.98169,10458,19,0
2022-10-19 20:00:00,0.98169,0.98242,0.98148,0.98207,10237,19,0
2022-10-19 22:00:00,0.98207,0.98215,0.98103,0.98114,4597,19,0
2022-10-20 00:00:00,0.98163,0.98231,0.98105,0.98149,2249,19,0
2022-10-20 02:00:00,0.98149,0.98175,0.98111,0.98134,7650,19,0
2022-10-20 04:00:00,0.98134,0.98232,0.98101,0.98222,7726,19,0
2022-10-20 06:00:00,0.98222,0.98263,0.98156,0.98239,7833,19,0
2022-10-20 08:00:00,0.98239,0.98416,0.9823,0.98376,11261,19,0
2022-10-20 10:00:00,0.98373,0.98465,0.98239,0.98421,12119,19,0
2022-10-20 12:00:00,0.98421,0.98428,0.98222,0.98383,8855,19,0
2022-10-20 14:00:00,0.98383,0.98456,0.98304,0.98403,14914,19,0
2022-10-20 16:00:00,0.98402,0.98507,0.98241,0.98489,17280,19,0
2022-10-20 18:00:00,0.98489,0.98501,0.98156,0.98245,9274,19,0
2022-10-20 20:00:00,0.98245,0.98264,0.98182,0.98249,7950,19,0
2022-10-20 22:00:00,0.98249,0.98256,0.98134,0.98161,5913,19,0
2022-10-21 00:00:00,0.98158,0.98193,0.98142,0.98178,3122,25,0
2022-10-21 02:00:00,0.98176,0.98213,0.98144,0.98165,5543,19,0
2022-10-21 04:00:00,0.98165,0.98299,0.98147,0.98295,6223,19,0
2022-10-21 06:00:00,0.98296,0.98316,0.98222,0.98295,6571,19,0
2022-10-21 08:00:00,0.98295,0.98332,0.98192,0.98275,10471,19,0
2022-10-21 10:00:00,0.98275,0.98607,0.98273,0.98504,13614,19,0
2022-10-21 12:00:00,0.98509,0.98615,0.98421,0.9859,11338,19,0
2022-10-21 14:00:00,0.98591,0.98649,0.9844,0.98548,14150,19,0
2022-10-21 16:00:00,0.9855,0.98842,0.98392,0.98473,28883,19,0
2022-10-21 18:00:00,0.98472,0.98502,0.98257,0.98325,30695,19,0
2022-10-21 20:00:00,0.98323,0.984,0.98282,0.98398,10044,19,0
2022-10-21 22:00:00,0.98394,0.98436,0.98334,0.98388,6597,19,0
2022-10-24 00:00:00,0.98379,0.98724,0.98144,0.98498,10090,19,0
2022-10-24 02:00:00,0.98497,0.98556,0.98244,0.98397,20091,19,0
2022-10-24 04:00:00,0.98396,0.98398,0.98241,0.98268,13205,19,0
2022-10-24 06:00:00,0.98268,0.98277,0.9819,0.98273,9982,19,0
2022-10-24 08:00:00,0.98273,0.98377,0.98189,0.9824,16199,19,0
2022-10-24 10:00:00,0.98241,0.98463,0.98224,0.98447,20536,19,0
2022-10-24 12:00:00,0.98448,0.98454,0.98348,0.98437,12239,19,0
2022-10-24 14:00:00,0.98438,0.98561,0.98335,0.98546,17642,19,0
2022-10-24 16:00:00,0.98547,0.98912,0.98516,0.98898,24889,19,0
2022-10-24 18:00:00,0.98896,0.9892,0.98787,0.98885,12616,19,0
2022-10-24 20:00:00,0.98886,0.98905,0.98849,0.98867,5595,19,0
2022-10-24 22:00:00,0.98868,0.98898,0.98767,0.98799,3631,19,0
2022-10-25 00:00:00,0.98802,0.98817,0.98687,0.98782,3500,19,0
2022-10-25 02:00:00,0.98786,0.98828,0.98745,0.98792,8564,19,0
2022-10-25 04:00:00,0.98792,0.98882,0.98723,0.98824,13872,19,0
2022-10-25 06:00:00,0.98825,0.98849,0.9878,0.98824,8069,19,0
2022-10-25 08:00:00,0.98824,0.98887,0.98761,0.98845,10473,19,0
2022-10-25 10:00:00,0.98847,0.98995,0.98741,0.98843,11744,19,0
2022-10-25 12:00:00,0.98843,0.98971,0.98791,0.98823,9914,19,0
2022-10-25 14:00:00,0.98823,0.99024,0.98764,0.99002,11577,19,0
2022-10-25 16:00:00,0.99001,0.99222,0.98998,0.99162,24113,19,0
2022-10-25 18:00:00,0.99163,0.9926,0.9913,0.99204,11841,19,0
2022-10-25 20:00:00,0.99204,0.99229,0.99142,0.99156,7475,19,0
2022-10-25 22:00:00,0.99159,0.99207,0.99094,0.991,4617,19,0
2022-10-26 00:00:00,0.99096,0.99125,0.99068,0.99099,4068,19,0
2022-10-26 02:00:00,0.99098,0.99123,0.99033,0.99062,7650,19,0
2022-10-26 04:00:00,0.99063,0.991,0.9898,0.99018,8937,19,0
2022-10-26 06:00:00,0.99017,0.99055,0.98981,0.9901,6989,19,0
2022-10-26 08:00:00,0.99012,0.99111,0.98992,0.99057,9677,19,0
2022-10-26 10:00:00,0.99058,0.99189,0.98935,0.98994,18112,19,0
2022-10-26 12:00:00,0.98994,0.99256,0.98966,0.99172,11373,19,0
2022-10-26 14:00:00,0.9917,0.99268,0.99078,0.99201,13730,19,0
2022-10-26 16:00:00,0.99203,0.99237,0.99055,0.9922,18698,19,0
2022-10-26 18:00:00,0.9922,0.99442,0.99199,0.99435,10597,19,0
2022-10-26 20:00:00,0.99434,0.9946,0.99381,0.99431,8493,19,0
2022-10-26 22:00:00,0.9943,0.9945,0.99366,0.99366,6308,19,0
2022-10-27 00:00:00,0.99312,0.99418,0.99304,0.99394,7413,19,0
2022-10-27 02:00:00,0.99395,0.99417,0.99299,0.99322,7926,19,0
2022-10-27 04:00:00,0.9932,0.99328,0.99256,0.9929,8291,19,0
2022-10-27 06:00:00,0.9929,0.99331,0.99281,0.99309,5812,19,0
2022-10-27 08:00:00,0.99308,0.99407,0.9929,0.99359,10331,19,0
2022-10-27 10:00:00,0.99361,0.99439,0.99304,0.9937,11954,19,0
2022-10-27 12:00:00,0.99371,0.99406,0.99239,0.99372,11432,19,0
2022-10-27 14:00:00,0.99371,0.99542,0.99015,0.99018,18955,19,0
2022-10-27 16:00:00,0.99016,0.99188,0.98798,0.98943,23539,19,0
2022-10-27 18:00:00,0.98942,0.98992,0.9879,0.98835,13846,19,0
2022-10-27 20:00:00,0.98834,0.98857,0.98746,0.98816,8214,19,0
2022-10-27 22:00:00,0.98815,0.9888,0.98686,0.987,8202,19,0
2022-10-28 00:00:00,0.98702,0.98783,0.9864,0.98707,5369,26,0
2022-10-28 02:00:00,0.98707,0.98765,0.98654,0.98752,6444,19,0
2022-10-28 04:00:00,0.98753,0.98836,0.98732,0.98777,9300,19,0
2022-10-28 06:00:00,0.98773,0.98798,0.98716,0.98766,5430,19,0
2022-10-28 08:00:00,0.98766,0.98971,0.98752,0.98877,13524,19,0
2022-10-28 10:00:00,0.98879,0.99039,0.98864,0.98922,15238,19,0
2022-10-28 12:00:00,0.98921,0.99138,0.98896,0.99009,9562,19,0
2022-10-28 14:00:00,0.99009,0.99386,0.99007,0.99335,15071,19,0
2022-10-28 16:00:00,0.99335,0.99431,0.99105,0.99124,17565,19,0
2022-10-28 18:00:00,0.99124,0.99134,0.98996,0.99034,8830,19,0
2022-10-28 20:00:00,0.99033,0.9919,0.99033,0.99185,4889,19,0
2022-10-28 22:00:00,0.99187,0.99272,0.99146,0.99234,5069,19,0
2022-10-31 00:00:00,0.99145,0.99317,0.99091,0.99182,7194,19,0
2022-10-31 02:00:00,0.99182,0.99288,0.99154,0.99175,8953,19,0
2022-10-31 04:00:00,0.99175,0.99278,0.99168,0.99272,7384,19,0
2022-10-31 06:00:00,0.99272,0.99286,0.99177,0.99201,8221,19,0
2022-10-31 08:00:00,0.99199,0.99296,0.99133,0.99227,9835,19,0
2022-10-31 10:00:00,0.99228,0.99397,0.99183,0.99367,10130,19,0
2022-10-31 12:00:00,0.99368,0.99389,0.99273,0.99299,7999,19,0
2022-10-31 14:00:00,0.99301,0.99316,0.99103,0.99139,12110,19,0
2022-10-31 16:00:00,0.9914,0.99197,0.98792,0.98882,13010,19,0
2022-10-31 18:00:00,0.9888,0.99022,0.98872,0.98953,10565,19,0
2022-10-31 20:00:00,0.98952,0.99031,0.98929,0.98957,6285,19,0
2022-10-31 22:00:00,0.98955,0.99014,0.98812,0.98907,2084,19,0
2022-11-01 00:00:00,0.9891,0.99028,0.9891,0.99003,5650,22,0
2022-11-01 02:00:00,0.99004,0.99035,0.98969,0.98993,7162,19,0
2022-11-01 04:00:00,0.98994,0.99101,0.98986,0.9909,9391,19,0
2022-11-01 06:00:00,0.99091,0.99178,0.9905,0.99169,4322,20,0
2022-11-01 08:00:00,0.99169,0.9921,0.98965,0.99065,9958,19,0
2022-11-01 10:00:00,0.99064,0.99064,0.98568,0.98642,10613,19,0
2022-11-01 12:00:00,0.98643,0.98719,0.98503,0.98699,9443,19,0
2022-11-01 14:00:00,0.98699,0.98843,0.98614,0.98781,12070,19,0
2022-11-01 16:00:00,0.98783,0.98866,0.98624,0.98658,17115,19,0
2022-11-01 18:00:00,0.98656,0.9878,0.98629,0.987,10489,19,0
2022-11-01 20:00:00,0.98696,0.98815,0.98686,0.98778,6295,19,0
2022-11-01 22:00:00,0.98777,0.98805,0.98651,0.98679,1620,19,0
2022-11-02 00:00:00,0.98697,0.98817,0.98697,0.98756,3795,19,0
2022-11-02 02:00:00,0.9876,0.98783,0.9869,0.98704,6358,19,0
2022-11-02 04:00:00,0.98704,0.98754,0.98677,0.98743,4344,19,0
2022-11-02 06:00:00,0.98742,0.98747,0.98684,0.98697,3091,21,0
2022-11-02 08:00:00,0.98698,0.98725,0.98629,0.9871,6703,19,0
2022-11-02 10:00:00,0.98712,0.98829,0.98575,0.98691,8657,19,0
2022-11-02 12:00:00,0.9869,0.98766,0.98564,0.98588,8526,19,0
2022-11-02 14:00:00,0.98589,0.98618,0.98494,0.98594,12420,19,0
2022-11-02 16:00:00,0.98595,0.98695,0.9846,0.98612,10120,19,0
2022-11-02 18:00:00,0.98613,0.98675,0.98528,0.98582,7166,19,0
2022-11-02 20:00:00,0.98607,0.98909,0.98502,0.98516,28713,19,0
2022-11-02 22:00:00,0.98516,0.98571,0.98387,0.98424,4627,24,0
2022-11-03 00:00:00,0.98444,0.98503,0.98285,0.98458,7626,19,0
2022-11-03 02:00:00,0.98459,0.9847,0.98409,0.98445,5402,19,0
2022-11-03 04:00:00,0.98444,0.98472,0.98421,0.98447,4461,23,0
2022-11-03 06:00:00,0.98446,0.98539,0.9844,0.985,4759,19,0
2022-11-03 08:00:00,0.98501,0.98646,0.98428,0.98495,11813,19,0
2022-11-03 10:00:00,0.98496,0.98776,0.98471,0.98745,13090,19,0
2022-11-03 12:00:00,0.98745,0.98802,0.98661,0.98713,9164,19,0
2022-11-03 14:00:00,0.98711,0.98893,0.98687,0.9874,17621,19,0
2022-11-03 16:00:00,0.9874,0.98926,0.98705,0.98854,14805,19,0
2022-11-03 18:00:00,0.98854,0.9889,0.98712,0.98726,8375,19,0
2022-11-03 20:00:00,0.98726,0.98793,0.98701,0.98783,4447,19,0
2022-11-03 22:00:00,0.98783,0.98814,0.98747,0.98752,1513,21,0
2022-11-04 00:00:00,0.98752,0.98832,0.98703,0.98796,5187,19,0
2022-11-04 02:00:00,0.98796,0.98824,0.98728,0.98754,5925,19,0
2022-11-04 04:00:00,0.98755,0.98832,0.98745,0.98759,5394,19,0
2022-11-04 06:00:00,0.98757,0.98798,0.98707,0.98751,7406,19,0
2022-11-04 08:00:00,0.98751,0.98806,0.98659,0.98748,12617,19,0
2022-11-04 10:00:00,0.98747,0.98868,0.9866,0.9867,11000,19,0
2022-11-04 12:00:00,0.98668,0.98711,0.98528,0.98569,9369,19,0
2022-11-04 14:00:00,0.98569,0.98748,0.9843,0.98696,23637,19,0
2022-11-04 16:00:00,0.98695,0.98865,0.98618,0.9876,19031,19,0
2022-11-04 18:00:00,0.9876,0.98932,0.98756,0.98888,10702,19,0
2022-11-04 20:00:00,0.98888,0.99003,0.98866,0.98956,8382,19,0
2022-11-04 22:00:00,0.98957,0.99027,0.98908,0.9895,2141,23,0
2022-11-07 00:00:00,0.9884,0.98996,0.9884,0.98957,3748,21,0
2022-11-07 02:00:00,0.98957,0.99019,0.98931,0.98981,7129,19,0
2022-11-07 04:00:00,0.98983,0.99024,0.98939,0.9897,6835,19,0
2022-11-07 06:00:00,0.98969,0.99013,0.98956,0.98979,3675,19,0
2022-11-07 08:00:00,0.98979,0.99034,0.98904,0.98913,8130,19,0
2022-11-07 10:00:00,0.9891,0.99183,0.98856,0.99031,12457,19,0
2022-11-07 12:00:00,0.99031,0.99053,0.98733,0.98782,7459,19,0
2022-11-07 14:00:00,0.98782,0.98803,0.98632,0.98799,10729,19,0
2022-11-07 16:00:00,0.98801,0.98975,0.98786,0.98934,13822,19,0
2022-11-07 18:00:00,0.98933,0.99129,0.98911,0.99088,8643,19,0
2022-11-07 20:00:00,0.99086,0.99107,0.99032,0.9904,4922,19,0
2022-11-07 22:00:00,0.9904,0.99089,0.99003,0.99032,4073,19,0
2022-11-08 00:00:00,0.98963,0.99067,0.98963,0.99056,3270,19,0
2022-11-08 02:00:00,0.99057,0.99101,0.99039,0.99089,5060,19,0
2022-11-08 04:00:00,0.9909,0.99168,0.99087,0.99142,4791,19,0
2022-11-08 06:00:00,0.99141,0.99208,0.99136,0.99157,5205,19,0
2022-11-08 08:00:00,0.99158,0.99202,0.99048,0.9913,9007,19,0
2022-11-08 10:00:00,0.9913,0.99137,0.98806,0.9892,10639,19,0
2022-11-08 12:00:00,0.98919,0.99014,0.98831,0.98999,7992,19,0
2022-11-08 14:00:00,0.99,0.99194,0.98998,0.99027,10055,19,0
2022-11-08 16:00:00,0.99029,0.99224,0.98919,0.99126,12766,19,0
2022-11-08 18:00:00,0.99126,0.99354,0.99117,0.99319,8214,19,0
2022-11-08 20:00:00,0.99314,0.99329,0.99219,0.99306,7403,19,0
2022-11-08 22:00:00,0.99308,0.99312,0.99243,0.99243,3927,19,0
2022-11-09 00:00:00,0.99166,0.99298,0.99166,0.99241,2715,19,0
2022-11-09 02:00:00,0.99242,0.99297,0.99196,0.99271,6269,19,0
2022-11-09 04:00:00,0.9927,0.99326,0.99248,0.99299,5803,21,0
2022-11-09 06:00:00,0.993,0.99359,0.99284,0.99342,6338,19,0
2022-11-09 08:00:00,0.99341,0.99351,0.99159,0.99173,7275,19,0
2022-11-09 10:00:00,0.99173,0.99173,0.98952,0.99082,11151,19,0
2022-11-09 12:00:00,0.99082,0.99095,0.98765,0.98766,9885,19,0
2022-11-09 14:00:00,0.98769,0.98835,0.98597,0.98756,10377,19,0
2022-11-09 16:00:00,0.98755,0.98846,0.98614,0.98659,16875,19,0
2022-11-09 18:00:00,0.9866,0.98759,0.98648,0.98655,8524,19,0
2022-11-09 20:00:00,0.98656,0.98699,0.9856,0.98591,6797,19,0
2022-11-09 22:00:00,0.98591,0.98646,0.98488,0.9852,5941,19,0
2022-11-10 00:00:00,0.98507,0.98567,0.98498,0.98543,2311,19,0
2022-11-10 02:00:00,0.98543,0.98621,0.98525,0.98598,5455,19,0
2022-11-10 04:00:00,0.98597,0.98629,0.98533,0.98619,5589,20,0
2022-11-10 06:00:00,0.9862,0.98631,0.98581,0.9861,4487,19,0
2022-11-10 08:00:00,0.98611,0.98675,0.98542,0.9857,9457,19,0
2022-11-10 10:00:00,0.98571,0.98616,0.98379,0.984,11275,19,0
2022-11-10 12:00:00,0.98399,0.98454,0.98269,0.98407,11711,19,0
2022-11-10 14:00:00,0.98407,0.98949,0.9823,0.98801,17953,19,0
2022-11-10 16:00:00,0.98801,0.98802,0.98196,0.98455,27132,19,0
2022-11-10 18:00:00,0.98457,0.98476,0.98232,0.98314,13414,19,0
2022-11-10 20:00:00,0.98313,0.98401,0.98266,0.98376,8624,19,0
2022-11-10 22:00:00,0.98375,0.98473,0.98317,0.98353,8289,19,0
2022-11-11 00:00:00,0.98312,0.98445,0.98244,0.9834,3016,19,0
2022-11-11 02:00:00,0.98342,0.98421,0.98274,0.98399,8011,19,0
2022-11-11 04:00:00,0.984,0.98545,0.98399,0.98439,8428,19,0
2022-11-11 06:00:00,0.98439,0.98589,0.98396,0.98563,9864,19,0
2022-11-11 08:00:00,0.98562,0.98699,0.98413,0.98641,12965,19,0
2022-11-11 10:00:00,0.98638,0.98742,0.98429,0.98497,14339,19,0
2022-11-11 12:00:00,0.985,0.98678,0.98402,0.98524,13462,19,0
2022-11-11 14:00:00,0.98525,0.98539,0.97439,0.97819,14681,19,0
2022-11-11 16:00:00,0.97819,0.98072,0.97637,0.97651,17864,19,0
2022-11-11 18:00:00,0.97651,0.97731,0.97423,0.97451,12122,19,0
2022-11-11 20:00:00,0.97451,0.97504,0.97312,0.97454,6997,19,0
2022-11-11 22:00:00,0.97449,0.97503,0.97371,0.97404,6785,19,0
2022-11-14 00:00:00,0.97333,0.97505,0.97187,0.97499,4218,19,0
2022-11-14 02:00:00,0.97498,0.97572,0.97462,0.97526,10183,19,0
2022-11-14 04:00:00,0.97526,0.97625,0.97466,0.97623,8682,19,0
2022-11-14 06:00:00,0.97622,0.97693,0.97577,0.97638,8687,19,0
2022-11-14 08:00:00,0.97638,0.97737,0.97548,0.9763,9757,19,0
2022-11-14 10:00:00,0.9763,0.97731,0.97449,0.97532,13507,19,0
2022-11-14 12:00:00,0.97534,0.97655,0.97368,0.97389,9872,19,0
2022-11-14 14:00:00,0.97389,0.97706,0.97258,0.9757,13665,19,0
2022-11-14 16:00:00,0.9757,0.97737,0.97516,0.9767,14195,19,0
2022-11-14 18:00:00,0.97672,0.97768,0.97303,0.97394,11545,19,0
2022-11-14 20:00:00,0.97395,0.97473,0.97376,0.9747,4649,19,0
2022-11-14 22:00:00,0.97473,0.97477,0.97365,0.97382,5647,19,0
2022-11-15 00:00:00,0.97348,0.97448,0.97258,0.97345,3625,19,0
2022-11-15 02:00:00,0.97345,0.97471,0.9734,0.97453,6314,19,0
2022-11-15 04:00:00,0.97452,0.97541,0.97423,0.9754,4987,19,0
2022-11-15 06:00:00,0.9754,0.97548,0.97471,0.97539,4121,19,0
2022-11-15 08:00:00,0.97539,0.97888,0.9744,0.9779,10704,19,0
2022-11-15 10:00:00,0.97789,0.97895,0.97689,0.97744,14011,19,0
2022-11-15 12:00:00,0.97751,0.97995,0.97711,0.97905,11923,19,0
2022-11-15 14:00:00,0.97904,0.98131,0.97797,0.98079,18055,19,0
2022-11-15 16:00:00,0.98077,0.98398,0.97909,0.97976,21058,19,0
2022-11-15 18:00:00,0.97974,0.98057,0.97915,0.98041,13172,19,0
2022-11-15 20:00:00,0.98041,0.98126,0.97222,0.97669,23680,19,0
2022-11-15 22:00:00,0.97668,0.9776,0.97661,0.97698,9886,19,0
2022-11-16 00:00:00,0.97609,0.97712,0.97572,0.97666,2605,19,0
2022-11-16 02:00:00,0.97665,0.97763,0.97655,0.97743,11443,19,0
2022-11-16 04:00:00,0.97741,0.97989,0.97723,0.97923,9516,19,0
2022-11-16 06:00:00,0.97924,0.9794,0.97846,0.9793,8168,19,0
2022-11-16 08:00:00,0.97933,0.98131,0.97848,0.98039,12566,19,0
2022-11-16 10:00:00,0.98039,0.9811,0.97889,0.98011,13023,19,0
2022-11-16 12:00:00,0.9801,0.98114,0.97868,0.97905,12371,19,0
2022-11-16 14:00:00,0.97903,0.9801,0.97832,0.97872,15000,19,0
2022-11-16 16:00:00,0.9787,0.98093,0.978,0.98072,18245,19,0
2022-11-16 18:00:00,0.98072,0.98216,0.97943,0.98006,9513,19,0
2022-11-16 20:00:00,0.98006,0.98118,0.97903,0.98113,7744,19,0
2022-11-16 22:00:00,0.98113,0.98214,0.98074,0.98152,6356,19,0
2022-11-17 00:00:00,0.98147,0.98207,0.98111,0.98149,2510,19,0
2022-11-17 02:00:00,0.98149,0.98153,0.98069,0.98106,3220,19,0
2022-11-17 04:00:00,0.98107,0.9814,0.98059,0.98122,5890,19,0
2022-11-17 06:00:00,0.98122,0.98191,0.98106,0.98121,5749,19,0
2022-11-17 08:00:00,0.9812,0.98195,0.98074,0.98162,8407,19,0
2022-11-17 10:00:00,0.98163,0.983,0.9808,0.9817,11653,19,0
2022-11-17 12:00:00,0.9817,0.98323,0.98074,0.98128,11647,19,0
2022-11-17 14:00:00,0.9813,0.98297,0.9807,0.98176,16529,19,0
2022-11-17 16:00:00,0.98177,0.98635,0.98172,0.98614,13804,19,0
2022-11-17 18:00:00,0.98612,0.9867,0.98559,0.98605,9977,19,0
2022-11-17 20:00:00,0.98606,0.98681,0.98574,0.98655,5754,19,0
2022-11-17 22:00:00,0.98655,0.98699,0.98606,0.98606,4231,19,0
2022-11-18 00:00:00,0.98629,0.98728,0.98629,0.98726,5519,19,0
2022-11-18 02:00:00,0.98726,0.9877,0.98645,0.9865,5872,19,0
2022-11-18 04:00:00,0.98649,0.98775,0.98648,0.98741,6018,19,0
2022-11-18 06:00:00,0.98741,0.98759,0.98678,0.98702,4971,19,0
2022-11-18 08:00:00,0.98704,0.98849,0.98642,0.98664,8020,19,0
2022-11-18 10:00:00,0.98667,0.98767,0.9846,0.98707,12195,19,0
2022-11-18 12:00:00,0.98706,0.98791,0.98582,0.98747,7381,19,0
2022-11-18 14:00:00,0.98748,0.98901,0.98737,0.98781,8255,19,0
2022-11-18 16:00:00,0.9878,0.98837,0.9851,0.98521,11610,19,0
2022-11-18 18:00:00,0.9852,0.98584,0.98467,0.98482,6594,19,0
2022-11-18 20:00:00,0.98482,0.98548,0.98464,0.98475,4255,19,0
2022-11-18 22:00:00,0.98474,0.98566,0.9844,0.98552,4704,19,0
2022-11-21 00:00:00,0.98503,0.98532,0.98402,0.98485,2878,24,0
2022-11-21 02:00:00,0.98484,0.9853,0.98381,0.98399,4463,19,0
2022-11-21 04:00:00,0.98399,0.98399,0.98277,0.98309,4489,19,0
2022-11-21 06:00:00,0.98308,0.9833,0.98208,0.98255,5383,19,0
2022-11-21 08:00:00,0.98256,0.98273,0.98072,0.98126,8196,19,0
2022-11-21 10:00:00,0.98126,0.98228,0.97994,0.98091,10666,19,0
2022-11-21 12:00:00,0.98092,0.982,0.98019,0.98038,7011,19,0
2022-11-21 14:00:00,0.98041,0.98217,0.98031,0.9821,8113,19,0
2022-11-21 16:00:00,0.98209,0.98272,0.9804,0.98193,11216,19,0
2022-11-21 18:00:00,0.98194,0.98206,0.98064,0.98114,7097,19,0
2022-11-21 20:00:00,0.98115,0.98277,0.98094,0.98235,5000,19,0
2022-11-21 22:00:00,0.98234,0.98248,0.98117,0.98117,4970,19,0
2022-11-22 00:00:00,0.98138,0.98212,0.98132,0.98192,3420,20,0
2022-11-22 02:00:00,0.98191,0.9821,0.98145,0.98182,6194,19,0
2022-11-22 04:00:00,0.98181,0.98217,0.98153,0.98171,4815,19,0
2022-11-22 06:00:00,0.9817,0.98177,0.98109,0.9816,5614,19,0
2022-11-22 08:00:00,0.98159,0.98221,0.98085,0.98219,6507,19,0
2022-11-22 10:00:00,0.98218,0.98315,0.98108,0.98109,9611,19,0
2022-11-22 12:00:00,0.98108,0.98181,0.9801,0.98048,7766,19,0
2022-11-22 14:00:00,0.98049,0.98051,0.97633,0.97638,7939,19,0
2022-11-22 16:00:00,0.97637,0.97966,0.97625,0.97948,10388,19,0
2022-11-22 18:00:00,0.97947,0.98022,0.97917,0.98017,6594,19,0
2022-11-22 20:00:00,0.98014,0.98072,0.97982,0.98026,4636,19,0
2022-11-22 22:00:00,0.98026,0.98076,0.98023,0.98062,4478,19,0
2022-11-23 00:00:00,0.98062,0.98107,0.9802,0.98059,4026,22,0
2022-11-23 02:00:00,0.98059,0.9811,0.98039,0.98078,5024,19,0
2022-11-23 04:00:00,0.98077,0.9817,0.98073,0.98164,3895,19,0
2022-11-23 06:00:00,0.98164,0.98189,0.9812,0.98177,3669,19,0
2022-11-23 08:00:00,0.98178,0.9831,0.98125,0.98238,7057,19,0
2022-11-23 10:00:00,0.98233,0.98321,0.98158,0.98214,10144,19,0
2022-11-23 12:00:00,0.98211,0.98287,0.98111,0.98161,6530,19,0
2022-11-23 14:00:00,0.98162,0.98183,0.9793,0.98065,10168,19,0
2022-11-23 16:00:00,0.98063,0.98074,0.97741,0.97784,17048,19,0
2022-11-23 18:00:00,0.97782,0.97858,0.97647,0.97858,6875,19,0
2022-11-23 20:00:00,0.97856,0.97981,0.97841,0.97961,10800,19,0
2022-11-23 22:00:00,0.97962,0.98,0.97916,0.97949,6344,19,0
2022-11-24 00:00:00,0.97891,0.98059,0.97891,0.98021,3120,19,0
2022-11-24 02:00:00,0.9802,0.98044,0.97959,0.97973,7760,19,0
2022-11-24 04:00:00,0.97968,0.98091,0.97946,0.98064,4724,19,0
2022-11-24 06:00:00,0.98063,0.98119,0.98011,0.98033,4437,19,0
2022-11-24 08:00:00,0.98033,0.98189,0.98023,0.98048,7331,19,0
2022-11-24 10:00:00,0.98048,0.98352,0.98021,0.9829,9665,19,0
2022-11-24 12:00:00,0.9829,0.98299,0.98034,0.98052,8712,19,0
2022-11-24 14:00:00,0.98048,0.98262,0.98045,0.98151,8441,19,0
2022-11-24 16:00:00,0.98152,0.9834,0.98117,0.98228,7614,19,0
2022-11-24 18:00:00,0.98228,0.98265,0.98134,0.98173,4200,19,0
2022-11-24 20:00:00,0.98173,0.98223,0.98132,0.98222,2064,19,0
2022-11-24 22:00:00,0.98221,0.98223,0.9814,0.98178,3435,20,0
2022-11-25 00:00:00,0.98116,0.98241,0.98104,0.98192,7400,24,0
2022-11-25 02:00:00,0.98192,0.9827,0.98161,0.98241,6064,19,0
2022-11-25 04:00:00,0.98241,0.98279,0.98201,0.98247,4580,22,0
2022-11-25 06:00:00,0.98247,0.98307,0.98229,0.98269,5089,19,0
2022-11-25 08:00:00,0.98271,0.98471,0.98256,0.98414,6313,19,0
2022-11-25 10:00:00,0.98414,0.98426,0.98195,0.98219,10287,19,0
2022-11-25 12:00:00,0.9822,0.984,0.98165,0.98396,6046,19,0
2022-11-25 14:00:00,0.98397,0.98443,0.98171,0.98396,10184,19,0
2022-11-25 16:00:00,0.98396,0.98578,0.98296,0.98499,10279,19,0
2022-11-25 18:00:00,0.985,0.98507,0.9833,0.98337,7666,19,0
2022-11-25 20:00:00,0.98338,0.98415,0.9824,0.98382,12131,19,0
2022-11-25 22:00:00,0.98381,0.98392,0.98247,0.98343,2576,19,0
2022-11-28 00:00:00,0.98097,0.98365,0.98097,0.98211,2967,27,0
2022-11-28 02:00:00,0.98211,0.98253,0.97899,0.97946,5273,19,0
2022-11-28 04:00:00,0.97946,0.98105,0.97924,0.98078,7225,19,0
2022-11-28 06:00:00,0.98077,0.98095,0.9794,0.97989,4536,19,0
2022-11-28 08:00:00,0.97989,0.98161,0.9797,0.98161,11170,19,0
2022-11-28 10:00:00,0.9816,0.98504,0.98142,0.98476,13474,19,0
2022-11-28 12:00:00,0.98476,0.98895,0.98407,0.98726,11686,19,0
2022-11-28 14:00:00,0.98727,0.98844,0.98595,0.98656,11664,19,0
2022-11-28 16:00:00,0.98655,0.98674,0.98246,0.98256,14474,19,0
2022-11-28 18:00:00,0.98255,0.98351,0.9819,0.98275,10369,19,0
2022-11-28 20:00:00,0.98276,0.98337,0.98118,0.98129,6301,19,0
2022-11-28 22:00:00,0.9813,0.98155,0.98082,0.98121,4545,19,0
2022-11-29 00:00:00,0.98069,0.98156,0.98069,0.98144,1914,21,0
2022-11-29 02:00:00,0.98145,0.98236,0.98121,0.98219,4662,21,0
2022-11-29 04:00:00,0.98218,0.98303,0.98182,0.98299,4974,19,0
2022-11-29 06:00:00,0.98297,0.9833,0.98246,0.98277,4208,19,0
2022-11-29 08:00:00,0.98276,0.98384,0.98155,0.9837,10006,19,0
2022-11-29 10:00:00,0.98371,0.98659,0.98263,0.98638,13369,19,0
2022-11-29 12:00:00,0.98639,0.98707,0.98452,0.98575,9003,19,0
2022-11-29 14:00:00,0.98573,0.98634,0.98407,0.98407,12280,19,0
2022-11-29 16:00:00,0.98407,0.98625,0.9838,0.98526,16247,19,0
2022-11-29 18:00:00,0.98528,0.98529,0.98393,0.98458,9690,19,0
2022-11-29 20:00:00,0.98457,0.98557,0.98438,0.98489,6951,19,0
2022-11-29 22:00:00,0.98488,0.98558,0.98458,0.98458,4137,19,0
2022-11-30 00:00:00,0.98375,0.98541,0.98355,0.98534,2460,25,0
2022-11-30 02:00:00,0.98533,0.98631,0.98506,0.98586,7157,19,0
2022-11-30 04:00:00,0.98585,0.98646,0.98574,0.98576,5640,19,0
2022-11-30 06:00:00,0.98575,0.98631,0.98574,0.98612,5149,19,0
2022-11-30 08:00:00,0.98612,0.98719,0.98502,0.98579,7293,19,0
2022-11-30 10:00:00,0.98579,0.98667,0.98395,0.9842,10564,19,0
2022-11-30 12:00:00,0.98423,0.98497,0.98336,0.98381,8258,19,0
2022-11-30 14:00:00,0.98382,0.98624,0.9835,0.98584,11177,19,0
2022-11-30 16:00:00,0.98585,0.9869,0.98077,0.9812,18128,19,0
2022-11-30 18:00:00,0.98119,0.98144,0.97878,0.98128,13780,19,0
2022-11-30 20:00:00,0.98128,0.98427,0.98118,0.98396,20864,19,0
2022-11-30 22:00:00,0.98396,0.98493,0.98309,0.98359,11226,19,0
2022-12-01 00:00:00,0.98383,0.98408,0.98297,0.98371,5302,19,0
2022-12-01 02:00:00,0.98372,0.98444,0.98308,0.98324,9682,19,0
2022-12-01 04:00:00,0.98322,0.98368,0.98283,0.98344,9537,19,0
2022-12-01 06:00:00,0.98344,0.98507,0.98312,0.98471,7652,19,0
2022-12-01 08:00:00,0.98472,0.98569,0.98206,0.9825,10552,19,0
2022-12-01 10:00:00,0.98248,0.9855,0.98203,0.98546,14096,19,0
2022-12-01 12:00:00,0.98543,0.98722,0.98432,0.98709,9536,19,0
2022-12-01 14:00:00,0.9871,0.98867,0.9853,0.98718,14219,19,0
2022-12-01 16:00:00,0.98718,0.98786,0.98385,0.98487,17330,19,0
2022-12-01 18:00:00,0.98486,0.98571,0.98383,0.98557,15294,19,0
2022-12-01 20:00:00,0.98556,0.98601,0.9842,0.98511,8199,19,0
2022-12-01 22:00:00,0.98513,0.9863,0.985,0.98579,5564,19,0
2022-12-02 00:00:00,0.98516,0.98642,0.98471,0.98579,3420,19,0
2022-12-02 02:00:00,0.98579,0.98625,0.98557,0.98578,7083,19,0
2022-12-02 04:00:00,0.98577,0.98657,0.98551,0.98657,6767,19,0
2022-12-02 06:00:00,0.98657,0.98683,0.98615,0.98673,5338,19,0
2022-12-02 08:00:00,0.98674,0.98681,0.9846,0.98468,10031,19,0
2022-12-02 10:00:00,0.98472,0.98642,0.98362,0.98463,12530,19,0
2022-12-02 12:00:00,0.98461,0.98464,0.98244,0.98342,7781,19,0
2022-12-02 14:00:00,0.98342,0.98495,0.98223,0.98482,16228,19,0
2022-12-02 16:00:00,0.9848,0.9871,0.98411,0.98554,21504,19,0
2022-12-02 18:00:00,0.98553,0.98694,0.98507,0.98676,14026,19,0
2022-12-02 20:00:00,0.98678,0.98779,0.98673,0.98758,7926,19,0
2022-12-02 22:00:00,0.98758,0.98818,0.98707,0.98718,5835,19,0
2022-12-05 00:00:00,0.9877,0.98851,0.98637,0.98723,4529,27,0
2022-12-05 02:00:00,0.98723,0.98876,0.98723,0.98861,11405,19,0
2022-12-05 04:00:00,0.9886,0.98887,0.98776,0.9887,8047,19,0
2022-12-05 06:00:00,0.98871,0.98924,0.98855,0.98915,5294,19,0
2022-12-05 08:00:00,0.98915,0.98917,0.98651,0.98681,8192,19,0
2022-12-05 10:00:00,0.98681,0.98695,0.98498,0.98633,12600,19,0
2022-12-05 12:00:00,0.98631,0.98782,0.98537,0.98718,10363,19,0
2022-12-05 14:00:00,0.98718,0.98978,0.98716,0.98944,12170,19,0
2022-12-05 16:00:00,0.98942,0.99096,0.98731,0.98751,19232,19,0
2022-12-05 18:00:00,0.9875,0.98936,0.9875,0.98909,12001,19,0
2022-12-05 20:00:00,0.98909,0.98937,0.98833,0.98899,7902,19,0
2022-12-05 22:00:00,0.98897,0.98923,0.9885,0.98867,5559,19,0
2022-12-06 00:00:00,0.98773,0.98934,0.98758,0.98906,3410,20,0
2022-12-06 02:00:00,0.98905,0.9899,0.98893,0.9894,6738,19,0
2022-12-06 04:00:00,0.9894,0.98985,0.98865,0.98885,9602,19,0
2022-12-06 06:00:00,0.98886,0.98947,0.9887,0.98939,7908,19,0
2022-12-06 08:00:00,0.9894,0.99077,0.98923,0.98968,9050,19,0
2022-12-06 10:00:00,0.98969,0.99046,0.9886,0.98984,11495,19,0
2022-12-06 12:00:00,0.98984,0.99027,0.98779,0.9888,9030,19,0
2022-12-06 14:00:00,0.98878,0.98897,0.98679,0.98688,9999,19,0
2022-12-06 16:00:00,0.98685,0.9888,0.98579,0.98682,16468,19,0
2022-12-06 18:00:00,0.98684,0.98807,0.98645,0.98701,11719,19,0
2022-12-06 20:00:00,0.987,0.98705,0.98549,0.98562,6687,19,0
2022-12-06 22:00:00,0.98564,0.98606,0.98549,0.98591,4618,19,0
2022-12-07 00:00:00,0.9859,0.98602,0.9852,0.98599,1631,23,0
2022-12-07 02:00:00,0.986,0.98647,0.9854,0.98644,5259,19,0
2022-12-07 04:00:00,0.98644,0.9865,0.98585,0.98615,6045,19,0
2022-12-07 06:00:00,0.98613,0.98634,0.98582,0.98615,4497,19,0
2022-12-07 08:00:00,0.98617,0.98624,0.98374,0.98385,10386,19,0
2022-12-07 10:00:00,0.98385,0.98799,0.98383,0.98633,11515,19,0
2022-12-07 12:00:00,0.98634,0.9891,0.98627,0.98879,10234,19,0
2022-12-07 14:00:00,0.98879,0.98948,0.98771,0.98782,12849,19,0
2022-12-07 16:00:00,0.98787,0.98799,0.98475,0.98616,21653,20,0
2022-12-07 18:00:00,0.98618,0.98912,0.98556,0.98901,11927,20,0
2022-12-07 20:00:00,0.98902,0.98919,0.98755,0.98774,7556,20,0
2022-12-07 22:00:00,0.98779,0.98884,0.9875,0.98811,6928,21,0
2022-12-08 00:00:00,0.98813,0.98881,0.98807,0.98838,1956,20,0
2022-12-08 02:00:00,0.9884,0.98938,0.98825,0.98897,6149,20,0
2022-12-08 04:00:00,0.98897,0.98954,0.98869,0.98917,7290,20,0
2022-12-08 06:00:00,0.98916,0.98921,0.98869,0.98915,6885,20,0
2022-12-08 08:00:00,0.98914,0.98991,0.9884,0.98916,7818,20,0
2022-12-08 10:00:00,0.98915,0.98984,0.98827,0.98897,10917,20,0
2022-12-08 12:00:00,0.98897,0.98985,0.9881,0.98934,8044,20,0
2022-12-08 14:00:00,0.98934,0.98987,0.98775,0.9881,12783,20,0
2022-12-08 16:00:00,0.98807,0.98856,0.98622,0.98718,15578,20,0
2022-12-08 18:00:00,0.98717,0.98794,0.98626,0.98779,9884,20,0
2022-12-08 20:00:00,0.98778,0.98881,0.98749,0.9885,7310,20,0
2022-12-08 22:00:00,0.9885,0.9887,0.98776,0.9883,5540,20,0
2022-12-09 00:00:00,0.98813,0.98829,0.98711,0.98796,2974,21,0
2022-12-09 02:00:00,0.98793,0.98891,0.98738,0.98765,7707,20,0
2022-12-09 04:00:00,0.98764,0.98824,0.98742,0.98792,6919,22,0
2022-12-09 06:00:00,0.98793,0.98808,0.98729,0.98755,6478,20,0
2022-12-09 08:00:00,0.98754,0.98764,0.98602,0.98619,8113,20,0
2022-12-09 10:00:00,0.98618,0.98722,0.98546,0.98614,10731,20,0
2022-12-09 12:00:00,0.98613,0.98623,0.98397,0.98436,9397,20,0
2022-12-09 14:00:00,0.98437,0.98638,0.98424,0.98455,14879,20,0
2022-12-09 16:00:00,0.98457,0.98546,0.98251,0.98332,19443,20,0
2022-12-09 18:00:00,0.98332,0.98396,0.98251,0.98391,11004,20,0
2022-12-09 20:00:00,0.98392,0.98485,0.98368,0.9844,6223,20,0
2022-12-09 22:00:00,0.98441,0.98458,0.98364,0.98385,5288,20,0
2022-12-12 00:00:00,0.98277,0.98419,0.98241,0.9837,2469,22,0
2022-12-12 02:00:00,0.98373,0.98494,0.98365,0.98431,8930,20,0
2022-12-12 04:00:00,0.98429,0.98446,0.98393,0.98434,5890,20,0
2022-12-12 06:00:00,0.98434,0.98468,0.98405,0.98468,4596,20,0
2022-12-12 08:00:00,0.98467,0.98548,0.98415,0.98433,7714,20,0
2022-12-12 10:00:00,0.98434,0.98558,0.98419,0.98487,10369,20,0
2022-12-12 12:00:00,0.9849,0.98557,0.98423,0.98445,7206,20,0
2022-12-12 14:00:00,0.98445,0.98615,0.98427,0.9859,8248,20,0
2022-12-12 16:00:00,0.98589,0.98725,0.98463,0.98496,14526,20,0
2022-12-12 18:00:00,0.98496,0.98688,0.98475,0.98573,9940,20,0
2022-12-12 20:00:00,0.98573,0.9865,0.98557,0.98583,7855,20,0
2022-12-12 22:00:00,0.98583,0.98664,0.98583,0.98591,4385,20,0
2022-12-13 00:00:00,0.98591,0.9864,0.98551,0.98636,1243,20,0
2022-12-13 02:00:00,0.98634,0.98668,0.98625,0.98647,6492,20,0
2022-12-13 04:00:00,0.98649,0.98688,0.98631,0.98653,6056,20,0
2022-12-13 06:00:00,0.98652,0.98682,0.98633,0.98679,4709,20,0
2022-12-13 08:00:00,0.9868,0.98709,0.98569,0.98611,7628,20,0
2022-12-13 10:00:00,0.98607,0.9884,0.98577,0.98722,11229,20,0
2022-12-13 12:00:00,0.98724,0.98788,0.98626,0.98717,8278,20,0
2022-12-13 14:00:00,0.98716,0.99025,0.98499,0.98558,18906,20,0
2022-12-13 16:00:00,0.98556,0.98604,0.98325,0.98538,25320,20,0
2022-12-13 18:00:00,0.98539,0.98673,0.9845,0.9866,15306,20,0
2022-12-13 20:00:00,0.98659,0.98787,0.9863,0.98757,12231,20,0
2022-12-13 22:00:00,0.98759,0.98778,0.98685,0.98685,9336,20,0
2022-12-14 00:00:00,0.98671,0.98748,0.98641,0.98695,2668,21,0
2022-12-14 02:00:00,0.98697,0.98785,0.98685,0.98744,10432,20,0
2022-12-14 04:00:00,0.98745,0.98789,0.98694,0.98717,6323,20,0
2022-12-14 06:00:00,0.98718,0.98744,0.98688,0.98714,5870,20,0
2022-12-14 08:00:00,0.98712,0.98807,0.98667,0.98762,12364,20,0
2022-12-14 10:00:00,0.98761,0.98891,0.98623,0.98818,13988,20,0
2022-12-14 12:00:00,0.98817,0.98845,0.98705,0.98824,11743,20,0
2022-12-14 14:00:00,0.98824,0.98867,0.98563,0.98643,11563,20,0
2022-12-14 16:00:00,0.98644,0.98686,0.98327,0.98337,16463,20,0
2022-12-14 18:00:00,0.98338,0.98576,0.98303,0.98511,9514,20,0
2022-12-14 20:00:00,0.9851,0.98661,0.98324,0.98593,25346,20,0
2022-12-14 22:00:00,0.98592,0.98739,0.98535,0.98729,14419,20,0
2022-12-15 00:00:00,0.98692,0.98723,0.98627,0.98672,3101,28,0
2022-12-15 02:00:00,0.98673,0.98709,0.98567,0.98651,9589,20,0
2022-12-15 04:00:00,0.9865,0.98664,0.98577,0.98615,6432,20,0
2022-12-15 06:00:00,0.98615,0.9864,0.98582,0.98624,6656,21,0
2022-12-15 08:00:00,0.98624,0.98739,0.98562,0.98572,8522,20,0
2022-12-15 10:00:00,0.98568,0.98932,0.98366,0.98641,15412,20,0
2022-12-15 12:00:00,0.9864,0.98762,0.98476,0.98582,11142,20,0
2022-12-15 14:00:00,0.98581,0.9884,0.9846,0.98725,17486,20,0
2022-12-15 16:00:00,0.98722,0.99153,0.9864,0.98857,29490,20,0
2022-12-15 18:00:00,0.98857,0.98957,0.98595,0.98659,15050,20,0
2022-12-15 20:00:00,0.98658,0.98763,0.98652,0.98672,8400,20,0
2022-12-15 22:00:00,0.98672,0.98729,0.986,0.98637,6638,20,0
2022-12-16 00:00:00,0.98555,0.9868,0.9852,0.98678,2081,25,0
2022-12-16 02:00:00,0.98678,0.98681,0.98599,0.98658,4863,20,0
2022-12-16 04:00:00,0.98657,0.9869,0.98608,0.98665,6449,20,0
2022-12-16 06:00:00,0.98665,0.98678,0.98627,0.98675,3498,20,0
2022-12-16 08:00:00,0.98677,0.98847,0.98643,0.98677,9073,20,0
2022-12-16 10:00:00,0.98679,0.98812,0.98538,0.98657,13188,20,0
2022-12-16 12:00:00,0.98656,0.9887,0.98627,0.98842,10301,20,0
2022-12-16 14:00:00,0.98842,0.98939,0.98705,0.98937,9998,20,0
2022-12-16 16:00:00,0.98938,0.98988,0.98785,0.98967,20803,20,0
2022-12-16 18:00:00,0.98965,0.99059,0.98841,0.98843,12574,20,0
2022-12-16 20:00:00,0.98842,0.98962,0.98819,0.98887,8095,20,0
2022-12-16 22:00:00,0.98889,0.98926,0.98813,0.98829,9694,20,0
2022-12-19 00:00:00,0.98835,0.9891,0.98756,0.98905,3031,33,0
2022-12-19 02:00:00,0.98905,0.98916,0.98811,0.9884,4833,20,0
2022-12-19 04:00:00,0.9884,0.98925,0.98828,0.98922,3497,20,0
2022-12-19 06:00:00,0.98923,0.98934,0.98848,0.98933,2269,20,0
2022-12-19 08:00:00,0.98935,0.99118,0.98807,0.98837,6558,20,0
2022-12-19 10:00:00,0.98833,0.98951,0.98775,0.9879,12781,20,0
2022-12-19 12:00:00,0.98792,0.98935,0.9879,0.9883,9969,20,0
2022-12-19 14:00:00,0.98828,0.98923,0.98799,0.98876,10468,20,0
2022-12-19 16:00:00,0.98876,0.9895,0.98664,0.9873,14651,20,0
2022-12-19 18:00:00,0.98729,0.98863,0.98715,0.98753,11570,20,0
2022-12-19 20:00:00,0.98751,0.98762,0.98582,0.98618,9103,20,0
2022-12-19 22:00:00,0.98618,0.98649,0.98463,0.98463,5315,20,0
2022-12-20 00:00:00,0.98435,0.98573,0.98435,0.98541,6353,22,0
2022-12-20 02:00:00,0.98542,0.98641,0.98495,0.98607,8162,20,0
2022-12-20 04:00:00,0.98608,0.98669,0.98346,0.98484,17668,20,0
2022-12-20 06:00:00,0.98483,0.98526,0.98297,0.98321,13291,20,0
2022-12-20 08:00:00,0.98324,0.98524,0.98251,0.98426,16004,20,0
2022-12-20 10:00:00,0.9842,0.98522,0.98335,0.98474,16633,20,0
2022-12-20 12:00:00,0.98467,0.98585,0.98418,0.9854,10797,20,0
2022-12-20 14:00:00,0.98541,0.98585,0.98488,0.98567,12525,20,0
2022-12-20 16:00:00,0.98566,0.98639,0.9838,0.98499,18660,20,0
2022-12-20 18:00:00,0.98499,0.98514,0.98341,0.98354,12437,20,0
2022-12-20 20:00:00,0.98355,0.984,0.9831,0.98375,8653,20,0
2022-12-20 22:00:00,0.98375,0.98438,0.9832,0.98336,5448,20,0
2022-12-21 00:00:00,0.98368,0.98429,0.98306,0.98414,2737,31,0
2022-12-21 02:00:00,0.98415,0.98527,0.98394,0.98517,9923,20,0
2022-12-21 04:00:00,0.98518,0.98542,0.98455,0.98486,6457,20,0
2022-12-21 06:00:00,0.98485,0.98558,0.98464,0.98546,4311,20,0
2022-12-21 08:00:00,0.98545,0.98582,0.98479,0.98488,6848,20,0
2022-12-21 10:00:00,0.98489,0.98517,0.98248,0.98316,11535,20,0
2022-12-21 12:00:00,0.98317,0.98434,0.98238,0.9824,7981,20,0
2022-12-21 14:00:00,0.98241,0.98412,0.98235,0.98294,10581,20,0
2022-12-21 16:00:00,0.98293,0.98399,0.98213,0.98323,17124,20,0
2022-12-21 18:00:00,0.98319,0.98346,0.9821,0.98264,10955,20,0
2022-12-21 20:00:00,0.98265,0.98328,0.98213,0.98287,10688,20,0
2022-12-21 22:00:00,0.98287,0.98341,0.98239,0.98239,4788,20,0
2022-12-22 00:00:00,0.98236,0.98297,0.98226,0.98282,1321,25,0
2022-12-22 02:00:00,0.98288,0.9834,0.98245,0.98327,10838,20,0
2022-12-22 04:00:00,0.98328,0.98343,0.98243,0.98329,7405,20,0
2022-12-22 06:00:00,0.98329,0.98369,0.98307,0.98315,5519,20,0
2022-12-22 08:00:00,0.98312,0.98371,0.98248,0.98332,7261,20,0
2022-12-22 10:00:00,0.98334,0.98375,0.98158,0.98273,10077,20,0
2022-12-22 12:00:00,0.98274,0.98419,0.9826,0.98394,8206,20,0
2022-12-22 14:00:00,0.98394,0.98573,0.98383,0.98548,13027,20,0
2022-12-22 16:00:00,0.98547,0.98635,0.98422,0.98627,19638,20,0
2022-12-22 18:00:00,0.98625,0.9863,0.98533,0.98549,8935,20,0
2022-12-22 20:00:00,0.98548,0.98669,0.98536,0.98632,8633,20,0
2022-12-22 22:00:00,0.98632,0.98688,0.98603,0.98657,6847,20,0
2022-12-23 00:00:00,0.98653,0.98701,0.98626,0.98692,7210,20,0
2022-12-23 02:00:00,0.98695,0.98798,0.98664,0.98791,9763,20,0
2022-12-23 04:00:00,0.9879,0.98857,0.98783,0.98821,6845,20,0
2022-12-23 06:00:00,0.98822,0.98844,0.98781,0.98792,9973,21,0
2022-12-23 08:00:00,0.98792,0.9894,0.98786,0.98908,9124,20,0
2022-12-23 10:00:00,0.98908,0.98969,0.98654,0.98792,8630,20,0
2022-12-23 12:00:00,0.98791,0.98822,0.98689,0.98727,8322,20,0
2022-12-23 14:00:00,0.98727,0.98787,0.98633,0.9877,13636,20,0
2022-12-23 16:00:00,0.9877,0.9911,0.98747,0.99063,20501,20,0
2022-12-23 18:00:00,0.99064,0.99188,0.99015,0.99066,10097,20,0
2022-12-23 20:00:00,0.99066,0.99221,0.99045,0.9917,7216,20,0
2022-12-23 22:00:00,0.9917,0.99194,0.99028,0.99048,7672,22,0
2022-12-27 00:00:00,0.98992,0.99218,0.98992,0.99138,3844,41,0
2022-12-27 02:00:00,0.99136,0.99198,0.99089,0.99113,7889,23,0
2022-12-27 04:00:00,0.99113,0.99138,0.99027,0.9908,6079,23,0
2022-12-27 06:00:00,0.99082,0.99145,0.99074,0.99121,7970,21,0
2022-12-27 08:00:00,0.99122,0.9919,0.99061,0.99071,7505,23,0
2022-12-27 10:00:00,0.99071,0.99227,0.98938,0.98966,9042,20,0
2022-12-27 12:00:00,0.98966,0.98993,0.98845,0.9894,8455,20,0
2022-12-27 14:00:00,0.98941,0.98953,0.9882,0.98902,8857,20,0
2022-12-27 16:00:00,0.98901,0.98913,0.98745,0.98869,11828,20,0
2022-12-27 18:00:00,0.98868,0.98953,0.98868,0.98921,8768,20,0
2022-12-27 20:00:00,0.98921,0.98958,0.98838,0.98877,6347,21,0
2022-12-27 22:00:00,0.98876,0.98903,0.98809,0.98809,6558,23,0
2022-12-28 00:00:00,0.9873,0.98862,0.98719,0.98847,1920,29,0
2022-12-28 02:00:00,0.98847,0.98902,0.98698,0.98896,7076,22,0
2022-12-28 04:00:00,0.98897,0.9896,0.98879,0.9896,6857,20,0
2022-12-28 06:00:00,0.98959,0.98968,0.98904,0.98916,6041,21,0
2022-12-28 08:00:00,0.98914,0.99026,0.98906,0.98913,8610,22,0
2022-12-28 10:00:00,0.98914,0.98967,0.98731,0.98937,9702,20,0
2022-12-28 12:00:00,0.98937,0.98959,0.98669,0.98758,7563,20,0
2022-12-28 14:00:00,0.98758,0.98766,0.98534,0.98556,9707,20,0
2022-12-28 16:00:00,0.98556,0.98703,0.98508,0.98566,15571,20,0
2022-12-28 18:00:00,0.98565,0.98598,0.98437,0.98444,10025,20,0
2022-12-28 20:00:00,0.98444,0.98599,0.9842,0.98573,7739,20,0
2022-12-28 22:00:00,0.98572,0.98616,0.98547,0.98547,3890,21,0
2022-12-29 00:00:00,0.98494,0.98621,0.98433,0.98613,4118,20,0
2022-12-29 02:00:00,0.98615,0.98617,0.98505,0.98521,5300,20,0
2022-12-29 04:00:00,0.9852,0.98534,0.98457,0.98487,5929,27,0
2022-12-29 06:00:00,0.98489,0.9851,0.98475,0.98508,4848,24,0
2022-12-29 08:00:00,0.98508,0.98585,0.98456,0.98462,5995,21,0
2022-12-29 10:00:00,0.9846,0.98557,0.9834,0.98392,9423,20,0
2022-12-29 12:00:00,0.98394,0.9853,0.98347,0.98444,8364,20,0
2022-12-29 14:00:00,0.98444,0.98453,0.98325,0.98383,10271,20,0
2022-12-29 16:00:00,0.98384,0.98573,0.98234,0.98476,15504,20,0
2022-12-29 18:00:00,0.98477,0.98571,0.98449,0.98552,8234,20,0
2022-12-29 20:00:00,0.9855,0.9858,0.984,0.98401,7586,20,0
2022-12-29 22:00:00,0.98402,0.98484,0.98394,0.98397,4840,20,0
2022-12-30 00:00:00,0.98403,0.9842,0.98323,0.98394,1334,20,0
2022-12-30 02:00:00,0.98395,0.98445,0.98359,0.9839,6262,22,0
2022-12-30 04:00:00,0.98389,0.98403,0.98359,0.98393,4314,20,0
2022-12-30 06:00:00,0.98393,0.98427,0.98305,0.9832,4290,21,0
2022-12-30 08:00:00,0.98319,0.98518,0.9829,0.98515,6390,20,0
2022-12-30 10:00:00,0.98519,0.98645,0.9835,0.98353,10436,20,0
2022-12-30 12:00:00,0.98353,0.9858,0.98315,0.98494,9205,20,0
2022-12-30 14:00:00,0.98494,0.98678,0.98397,0.98539,11259,20,0
2022-12-30 16:00:00,0.98539,0.98839,0.98377,0.98716,20446,20,0
2022-12-30 18:00:00,0.98715,0.98875,0.98692,0.98731,15640,20,0
2022-12-30 20:00:00,0.98725,0.9892,0.98713,0.98893,11415,20,0
2022-12-30 22:00:00,0.98894,0.98986,0.9881,0.9881,6489,22,0
2023-01-02 00:00:00,0.98687,0.98881,0.98571,0.9886,135,60,0
2023-01-02 02:00:00,0.98868,0.9896,0.98854,0.98882,899,26,0
2023-01-02 04:00:00,0.98882,0.98915,0.98826,0.98854,118,40,0
2023-01-02 06:00:00,0.98847,0.98907,0.98788,0.98858,681,56,0
2023-01-02 08:00:00,0.98856,0.98873,0.98467,0.98555,2019,20,0
2023-01-02 10:00:00,0.98582,0.98828,0.98582,0.98725,7601,20,0
2023-01-02 12:00:00,0.98725,0.9879,0.98665,0.98724,12883,20,0
2023-01-02 14:00:00,0.98722,0.98754,0.9868,0.98687,4496,20,0
2023-01-02 16:00:00,0.98687,0.988,0.98653,0.98672,3058,23,0
2023-01-02 18:00:00,0.98674,0.98729,0.9854,0.98666,4651,20,0
2023-01-02 20:00:00,0.98666,0.9867,0.98515,0.98527,2252,20,0
2023-01-02 22:00:00,0.98518,0.98623,0.98517,0.98553,586,60,0
2023-01-03 00:00:00,0.98674,0.98834,0.98575,0.98659,3619,39,0
2023-01-03 02:00:00,0.9866,0.98747,0.98492,0.98536,15726,20,0
2023-01-03 04:00:00,0.98535,0.986,0.98522,0.98578,8008,21,0
2023-01-03 06:00:00,0.98577,0.98618,0.98508,0.98587,8454,22,0
2023-01-03 08:00:00,0.98588,0.98592,0.98384,0.98452,11750,20,0
2023-01-03 10:00:00,0.98452,0.98899,0.98435,0.98821,22904,20,0
2023-01-03 12:00:00,0.98822,0.98973,0.98781,0.98923,11856,20,0
2023-01-03 14:00:00,0.98923,0.9894,0.987,0.98806,12191,20,0
2023-01-03 16:00:00,0.98806,0.99044,0.98608,0.99025,16579,20,0
2023-01-03 18:00:00,0.99023,0.99027,0.98816,0.9882,11975,20,0
2023-01-03 20:00:00,0.9882,0.98867,0.98777,0.98782,7126,20,0
2023-01-03 22:00:00,0.98782,0.98802,0.98689,0.98708,6770,20,0
2023-01-04 00:00:00,0.98711,0.98791,0.98671,0.98716,8194,20,0
2023-01-04 02:00:00,0.98717,0.98764,0.98616,0.98624,8869,20,0
2023-01-04 04:00:00,0.98623,0.98702,0.98596,0.98644,4816,20,0
2023-01-04 06:00:00,0.98644,0.98715,0.9859,0.98701,6522,20,0
2023-01-04 08:00:00,0.987,0.98706,0.98379,0.98452,10960,20,0
2023-01-04 10:00:00,0.98452,0.98511,0.98329,0.98372,15796,20,0
2023-01-04 12:00:00,0.98373,0.98465,0.98338,0.98371,8373,20,0
2023-01-04 14:00:00,0.9837,0.98466,0.98339,0.98396,11970,20,0
2023-01-04 16:00:00,0.98395,0.98603,0.98346,0.98517,21941,20,0
2023-01-04 18:00:00,0.98519,0.98545,0.98389,0.98525,10515,20,0
2023-01-04 20:00:00,0.98525,0.98591,0.98494,0.98559,10800,20,0
2023-01-04 22:00:00,0.98558,0.9866,0.98528,0.98571,5876,20,0
2023-01-05 00:00:00,0.98535,0.9862,0.98535,0.98591,3681,24,0
2023-01-05 02:00:00,0.9859,0.98692,0.9857,0.98582,4704,20,0
2023-01-05 04:00:00,0.98582,0.98659,0.98567,0.98602,6980,20,0
2023-01-05 06:00:00,0.986,0.98685,0.98597,0.98682,4676,20,0
2023-01-05 08:00:00,0.9868,0.98694,0.98466,0.98483,7532,20,0
2023-01-05 10:00:00,0.98484,0.98564,0.98404,0.98425,11327,20,0
2023-01-05 12:00:00,0.9842,0.98437,0.98333,0.98349,6523,20,0
2023-01-05 14:00:00,0.9835,0.98511,0.98326,0.98496,13315,20,0
2023-01-05 16:00:00,0.98496,0.98709,0.98492,0.98606,20615,20,0
2023-01-05 18:00:00,0.98604,0.98612,0.98473,0.9856,9992,20,0
2023-01-05 20:00:00,0.9856,0.9862,0.98523,0.98547,9808,20,0
2023-01-05 22:00:00,0.98546,0.9856,0.98471,0.9852,6528,20,0
2023-01-06 00:00:00,0.98527,0.98527,0.98439,0.98471,5328,20,0
2023-01-06 02:00:00,0.98472,0.98527,0.98461,0.98513,10130,20,0
2023-01-06 04:00:00,0.98512,0.98591,0.98502,0.98574,8486,20,0
2023-01-06 06:00:00,0.98572,0.98589,0.98515,0.98566,6166,20,0
2023-01-06 08:00:00,0.98566,0.98631,0.98478,0.98609,10440,20,0
2023-01-06 10:00:00,0.98607,0.988,0.98607,0.98758,10131,20,0
2023-01-06 12:00:00,0.98758,0.98815,0.98601,0.98614,7946,20,0
2023-01-06 14:00:00,0.98615,0.98659,0.98488,0.98579,16535,20,0
2023-01-06 16:00:00,0.98578,0.98735,0.9855,0.98708,24463,20,0
2023-01-06 18:00:00,0.98708,0.98734,0.98637,0.9873,11358,20,0
2023-01-06 20:00:00,0.98729,0.98765,0.98693,0.98727,7630,20,0
2023-01-06 22:00:00,0.9873,0.98796,0.987,0.98741,6314,20,0
2023-01-09 00:00:00,0.98678,0.98778,0.98674,0.98778,4560,20,0
2023-01-09 02:00:00,0.98777,0.98896,0.98777,0.98827,8116,20,0
2023-01-09 04:00:00,0.98827,0.98859,0.98763,0.98792,6208,20,0
2023-01-09 06:00:00,0.98792,0.98864,0.98785,0.9882,5762,20,0
2023-01-09 08:00:00,0.98819,0.98858,0.98687,0.98698,8806,20,0
2023-01-09 10:00:00,0.98699,0.98727,0.98543,0.98653,12952,20,0
2023-01-09 12:00:00,0.98654,0.98723,0.98545,0.98707,8197,20,0
2023-01-09 14:00:00,0.98706,0.98734,0.98532,0.98582,11968,20,0
2023-01-09 16:00:00,0.98583,0.98662,0.98523,0.98621,14713,20,0
2023-01-09 18:00:00,0.98623,0.98864,0.98615,0.98848,10712,20,0
2023-01-09 20:00:00,0.98848,0.98894,0.9882,0.98884,7004,20,0
2023-01-09 22:00:00,0.98883,0.98893,0.98841,0.98849,6296,20,0
2023-01-10 00:00:00,0.98829,0.98888,0.98817,0.98845,3914,20,0
2023-01-10 02:00:00,0.98845,0.98887,0.98827,0.98839,5508,20,0
2023-01-10 04:00:00,0.9884,0.98927,0.9883,0.98924,7477,20,0
2023-01-10 06:00:00,0.98925,0.98929,0.98893,0.98925,3622,21,0
2023-01-10 08:00:00,0.98925,0.98936,0.9884,0.98846,7462,20,0
2023-01-10 10:00:00,0.98845,0.98883,0.98738,0.98841,10578,20,0
2023-01-10 12:00:00,0.9884,0.98984,0.9881,0.98967,7140,20,0
2023-01-10 14:00:00,0.98966,0.99108,0.98916,0.99099,9425,20,0
2023-01-10 16:00:00,0.99099,0.99106,0.98927,0.99001,19353,20,0
2023-01-10 18:00:00,0.99001,0.99048,0.98955,0.99044,9825,20,0
2023-01-10 20:00:00,0.99044,0.99123,0.99034,0.99118,6416,20,0
2023-01-10 22:00:00,0.99116,0.99117,0.99013,0.99022,3893,20,0
2023-01-11 00:00:00,0.99023,0.99078,0.9893,0.9904,2791,20,0
2023-01-11 02:00:00,0.99041,0.99076,0.99017,0.9905,6089,20,0
2023-01-11 04:00:00,0.99049,0.99083,0.99018,0.99055,5028,20,0
2023-01-11 06:00:00,0.99054,0.99072,0.99015,0.99018,6332,20,0
2023-01-11 08:00:00,0.99017,0.99078,0.98965,0.99037,6763,20,0
2023-01-11 10:00:00,0.99038,0.99193,0.98989,0.99148,10869,20,0
2023-01-11 12:00:00,0.99147,0.99497,0.99059,0.99462,8135,20,0
2023-01-11 14:00:00,0.99462,0.99906,0.99436,0.99862,10028,20,0
2023-01-11 16:00:00,0.99861,1.00192,0.9977,1.00118,15387,20,0
2023-01-11 18:00:00,1.0012,1.0013,0.9984,1.00084,8177,20,0
2023-01-11 20:00:00,1.00083,1.00211,1.00021,1.00204,9871,20,0
2023-01-11 22:00:00,1.00202,1.0021,1.00109,1.00169,4407,20,0
2023-01-12 00:00:00,1.00164,1.00213,1.00042,1.00206,5404,20,0
2023-01-12 02:00:00,1.00207,1.00288,1.00191,1.00286,7420,20,0
2023-01-12 04:00:00,1.00286,1.003,1.00217,1.00277,4767,20,0
2023-01-12 06:00:00,1.00278,1.00303,1.00248,1.00248,4313,20,0
2023-01-12 08:00:00,1.00249,1.00475,1.00239,1.00291,6700,20,0
2023-01-12 10:00:00,1.00291,1.00486,1.00176,1.00225,9844,20,0
2023-01-12 12:00:00,1.00227,1.00352,1.00212,1.00323,8150,20,0
2023-01-12 14:00:00,1.00324,1.00593,1.00247,1.00456,18545,20,0
2023-01-12 16:00:00,1.00455,1.0067,1.00225,1.00358,25677,20,0
2023-01-12 18:00:00,1.00359,1.00674,1.00339,1.00674,14864,20,0
2023-01-12 20:00:00,1.00673,1.00785,1.00587,1.00744,12141,20,0
2023-01-12 22:00:00,1.00745,1.00757,1.00603,1.00625,5636,20,0
2023-01-13 00:00:00,1.00522,1.00692,1.00471,1.00687,1879,21,0
2023-01-13 02:00:00,1.00687,1.00739,1.006,1.00733,9822,20,0
2023-01-13 04:00:00,1.00734,1.00753,1.00694,1.00741,7742,20,0
2023-01-13 06:00:00,1.00741,1.00827,1.00707,1.00825,5064,20,0
2023-01-13 08:00:00,1.00828,1.00961,1.00501,1.00616,9953,20,0
2023-01-13 10:00:00,1.00617,1.00894,1.00615,1.0066,11694,20,0
2023-01-13 12:00:00,1.00661,1.00758,1.00379,1.00548,9623,20,0
2023-01-13 14:00:00,1.00548,1.00548,1.00401,1.0046,11689,20,0
2023-01-13 16:00:00,1.0046,1.00547,1.00263,1.00294,16655,20,0
2023-01-13 18:00:00,1.00294,1.00363,1.00183,1.00311,11254,20,0
2023-01-13 20:00:00,1.00311,1.00367,1.00252,1.00366,5606,20,0
2023-01-13 22:00:00,1.00365,1.00366,1.00261,1.00335,4419,20,0
2023-01-16 00:00:00,1.00312,1.00395,1.00264,1.00306,4276,27,0
2023-01-16 02:00:00,1.00306,1.00368,1.0028,1.00313,7655,20,0
2023-01-16 04:00:00,1.00314,1.00331,1.00206,1.00256,5198,20,0
2023-01-16 06:00:00,1.00256,1.00344,1.00232,1.00336,7134,20,0
2023-01-16 08:00:00,1.00336,1.00386,1.00212,1.00234,8206,20,0
2023-01-16 10:00:00,1.00233,1.00334,0.99985,1.00085,11811,20,0
2023-01-16 12:00:00,1.00084,1.00364,1.00083,1.00299,7825,20,0
2023-01-16 14:00:00,1.003,1.00312,1.00041,1.00081,8660,20,0
2023-01-16 16:00:00,1.00082,1.00356,1.00073,1.00256,7700,20,0
2023-01-16 18:00:00,1.00256,1.00278,1.00079,1.00127,6391,20,0
2023-01-16 20:00:00,1.00125,1.00237,1.00118,1.00232,2068,20,0
2023-01-16 22:00:00,1.00232,1.00254,1.00167,1.00173,1727,23,0
2023-01-17 00:00:00,1.00114,1.00248,1.00094,1.00228,1286,28,0
2023-01-17 02:00:00,1.00228,1.00258,1.00167,1.00195,8799,20,0
2023-01-17 04:00:00,1.00195,1.00272,1.0018,1.00232,8233,20,0
2023-01-17 06:00:00,1.00231,1.00238,1.00091,1.00104,4404,20,0
2023-01-17 08:00:00,1.00106,1.00149,0.99988,1.00018,9476,20,0
2023-01-17 10:00:00,1.00018,1.00056,0.99849,0.99865,10467,20,0
2023-01-17 12:00:00,0.99863,0.99901,0.99577,0.99766,9952,20,0
2023-01-17 14:00:00,0.99767,0.99986,0.9969,0.99836,12756,20,0
2023-01-17 16:00:00,0.99835,0.99902,0.99421,0.99431,19371,20,0
2023-01-17 18:00:00,0.9943,0.99486,0.99344,0.99441,11107,20,0
2023-01-17 20:00:00,0.99442,0.99588,0.99419,0.99504,5949,20,0
2023-01-17 22:00:00,0.99502,0.99533,0.99422,0.99422,5647,20,0
2023-01-18 00:00:00,0.99446,0.9949,0.99433,0.99461,2131,33,0
2023-01-18 02:00:00,0.99461,0.99537,0.99441,0.99525,6628,22,0
2023-01-18 04:00:00,0.99525,0.99629,0.99346,0.99482,16198,20,0
2023-01-18 06:00:00,0.99484,0.995,0.99431,0.99468,8180,20,0
2023-01-18 08:00:00,0.99468,0.9961,0.99423,0.99444,15468,20,0
2023-01-18 10:00:00,0.99443,0.99465,0.99176,0.99217,15601,20,0
2023-01-18 12:00:00,0.99217,0.99256,0.98742,0.98773,11759,20,0
2023-01-18 14:00:00,0.98773,0.99123,0.98772,0.99042,15471,20,0
2023-01-18 16:00:00,0.99044,0.99052,0.98834,0.98899,22617,20,0
2023-01-18 18:00:00,0.98898,0.98972,0.98846,0.98867,12935,20,0
2023-01-18 20:00:00,0.98866,0.98933,0.98812,0.98872,7394,20,0
2023-01-18 22:00:00,0.9887,0.98939,0.98828,0.98876,6529,20,0
2023-01-19 00:00:00,0.98822,0.98906,0.9871,0.9889,3157,22,0
2023-01-19 02:00:00,0.98888,0.98937,0.98836,0.98933,8688,20,0
2023-01-19 04:00:00,0.98934,0.98966,0.98866,0.98884,5589,20,0
2023-01-19 06:00:00,0.98886,0.98906,0.98833,0.98888,5172,20,0
2023-01-19 08:00:00,0.98889,0.99023,0.9883,0.99003,10297,20,0
2023-01-19 10:00:00,0.99003,0.99201,0.98963,0.99177,10534,20,0
2023-01-19 12:00:00,0.99178,0.99304,0.9913,0.9917,10848,20,0
2023-01-19 14:00:00,0.9917,0.99283,0.99061,0.99225,14218,20,0
2023-01-19 16:00:00,0.99225,0.99249,0.98906,0.98925,15740,20,0
2023-01-19 18:00:00,0.98924,0.99123,0.98883,0.9908,10050,20,0
2023-01-19 20:00:00,0.9908,0.99188,0.99061,0.99135,7703,20,0
2023-01-19 22:00:00,0.99134,0.99238,0.99104,0.99165,5157,20,0
2023-01-20 00:00:00,0.99171,0.9923,0.99149,0.99205,1477,27,0
2023-01-20 02:00:00,0.99205,0.9928,0.99187,0.99277,4787,20,0
2023-01-20 04:00:00,0.99277,0.99303,0.99248,0.99274,3804,20,0
2023-01-20 06:00:00,0.99274,0.99325,0.99266,0.99298,3799,21,0
2023-01-20 08:00:00,0.99297,0.99389,0.99205,0.99297,7943,20,0
2023-01-20 10:00:00,0.993,0.99887,0.99183,0.99682,11582,20,0
2023-01-20 12:00:00,0.99682,0.99702,0.99556,0.99631,9942,20,0
2023-01-20 14:00:00,0.99632,0.99773,0.99532,0.99757,10571,20,0
2023-01-20 16:00:00,0.99756,0.99852,0.99709,0.99713,14147,20,0
2023-01-20 18:00:00,0.99712,0.99981,0.99703,0.99981,9231,20,0
2023-01-20 20:00:00,0.99981,0.99988,0.99871,0.99896,6387,20,0
2023-01-20 22:00:00,0.99897,0.99921,0.99833,0.99859,3801,20,0
2023-01-23 00:00:00,0.99718,0.99939,0.99689,0.99933,2471,28,0
2023-01-23 02:00:00,0.99932,1.00023,0.99896,1.00018,7170,25,0
2023-01-23 04:00:00,1.00018,1.00038,0.99949,0.99982,3179,25,0
2023-01-23 06:00:00,0.99981,1.00006,0.9994,0.99968,7091,26,0
2023-01-23 08:00:00,0.99967,1.00244,0.99957,1.00142,9178,20,0
2023-01-23 10:00:00,1.00144,1.00256,0.99859,1.00131,11394,20,0
2023-01-23 12:00:00,1.0013,1.00282,0.99966,1.00234,12111,20,0
2023-01-23 14:00:00,1.00234,1.00305,1.00076,1.00135,11462,20,0
2023-01-23 16:00:00,1.00135,1.00262,1.00072,1.00234,11479,20,0
2023-01-23 18:00:00,1.00233,1.00327,1.00197,1.00284,8210,20,0
2023-01-23 20:00:00,1.00284,1.00311,1.00151,1.00168,5743,20,0
2023-01-23 22:00:00,1.00168,1.00233,1.00145,1.00199,4781,20,0
2023-01-24 00:00:00,1.00197,1.00264,1.00125,1.0019,2316,20,0
2023-01-24 02:00:00,1.00189,1.00248,1.00172,1.00223,4257,20,0
2023-01-24 04:00:00,1.00224,1.0025,1.00201,1.00208,3084,20,0
2023-01-24 06:00:00,1.00209,1.00257,1.002,1.00244,2522,20,0
2023-01-24 08:00:00,1.00245,1.00305,1.00141,1.00147,6785,20,0
2023-01-24 10:00:00,1.00147,1.00217,0.99933,1.00116,11284,20,0
2023-01-24 12:00:00,1.00115,1.00307,1.00072,1.00267,7830,20,0
2023-01-24 14:00:00,1.00267,1.00655,1.0026,1.00621,8803,20,0
2023-01-24 16:00:00,1.00621,1.00659,1.00366,1.00384,14235,20,0
2023-01-24 18:00:00,1.00383,1.00508,1.00317,1.00399,8577,20,0
2023-01-24 20:00:00,1.00399,1.00459,1.00366,1.00454,4569,20,0
2023-01-24 22:00:00,1.00453,1.00461,1.00394,1.00413,3882,20,0
2023-01-25 00:00:00,1.00412,1.00474,1.00364,1.0042,2734,20,0
2023-01-25 02:00:00,1.0042,1.00472,1.00396,1.00451,5609,20,0
2023-01-25 04:00:00,1.0045,1.00544,1.00442,1.0052,4506,20,0
2023-01-25 06:00:00,1.00519,1.00572,1.00511,1.00561,3443,20,0
2023-01-25 08:00:00,1.00563,1.00684,1.00544,1.00546,7452,20,0
2023-01-25 10:00:00,1.00545,1.00628,1.00398,1.00436,8086,20,0
2023-01-25 12:00:00,1.00435,1.00473,1.00133,1.00179,7661,20,0
2023-01-25 14:00:00,1.00179,1.00294,1.00115,1.00274,9481,20,0
2023-01-25 16:00:00,1.00273,1.00338,1.0016,1.00308,14087,20,0
2023-01-25 18:00:00,1.00307,1.00321,1.00132,1.00227,7167,20,0
2023-01-25 20:00:00,1.00226,1.00249,1.00129,1.00154,4494,20,0
2023-01-25 22:00:00,1.00155,1.00199,1.00142,1.00158,3432,20,0
2023-01-26 00:00:00,1.00147,1.00194,1.00122,1.00154,2514,20,0
2023-01-26 02:00:00,1.00154,1.00182,1.00103,1.00138,4435,20,0
2023-01-26 04:00:00,1.00139,1.0016,1.00107,1.00147,3483,20,0
2023-01-26 06:00:00,1.00145,1.00159,1.00105,1.00135,3857,20,0
2023-01-26 08:00:00,1.00129,1.00263,1.00096,1.0014,7487,20,0
2023-01-26 10:00:00,1.00139,1.00204,1.00047,1.0018,9522,20,0
2023-01-26 12:00:00,1.00178,1.00217,0.99999,1.0003,5562,20,0
2023-01-26 14:00:00,1.00029,1.00147,0.99906,0.99906,9635,20,0
2023-01-26 16:00:00,0.99898,1.00176,0.99876,1.00071,15108,20,0
2023-01-26 18:00:00,1.0007,1.00128,1.00004,1.00106,7593,20,0
2023-01-26 20:00:00,1.00107,1.00208,1.00084,1.00157,4154,20,0
2023-01-26 22:00:00,1.00158,1.00269,1.00135,1.00224,3686,20,0
2023-01-27 00:00:00,1.00154,1.00243,1.00093,1.0023,2773,20,0
2023-01-27 02:00:00,1.00232,1.00271,1.00153,1.00221,5631,20,0
2023-01-27 04:00:00,1.0022,1.00264,1.00202,1.00232,4435,20,0
2023-01-27 06:00:00,1.00231,1.00248,1.00188,1.00223,3846,20,0
2023-01-27 08:00:00,1.00222,1.00349,1.00188,1.00299,6429,20,0
2023-01-27 10:00:00,1.00298,1.00331,1.00162,1.00234,9901,20,0
2023-01-27 12:00:00,1.00233,1.00382,1.00204,1.00317,7949,20,0
2023-01-27 14:00:00,1.00315,1.00338,1.00119,1.00129,10826,20,0
2023-01-27 16:00:00,1.00128,1.0032,1.00043,1.00044,17695,20,0
2023-01-27 18:00:00,1.00043,1.00144,0.99953,1.00135,12109,20,0
2023-01-27 20:00:00,1.00134,1.00136,1.00045,1.00108,5574,20,0
2023-01-27 22:00:00,1.00107,1.00121,1.00048,1.00106,4401,22,0
2023-01-30 00:00:00,1.00004,1.00113,0.99969,1.00075,1838,26,0
2023-01-30 02:00:00,1.00075,1.00164,1.00075,1.0016,4745,20,0
2023-01-30 04:00:00,1.00161,1.00196,1.00111,1.00117,5559,20,0
2023-01-30 06:00:00,1.00117,1.00137,1.00054,1.0007,6156,20,0
2023-01-30 08:00:00,1.00069,1.00222,1.00034,1.00222,6732,20,0
2023-01-30 10:00:00,1.00223,1.00334,1.00162,1.00213,9853,20,0
2023-01-30 12:00:00,1.00212,1.00305,1.00175,1.00302,7681,20,0
2023-01-30 14:00:00,1.00302,1.00482,1.00235,1.00417,9099,20,0
2023-01-30 16:00:00,1.00416,1.00602,1.00295,1.00312,12637,20,0
2023-01-30 18:00:00,1.00314,1.00412,1.00209,1.00262,8316,20,0
2023-01-30 20:00:00,1.00259,1.00372,1.00231,1.00367,4910,20,0
2023-01-30 22:00:00,1.00367,1.004,1.00327,1.00342,3380,20,0
2023-01-31 00:00:00,1.0029,1.00397,1.00272,1.00387,2056,29,0
2023-01-31 02:00:00,1.00388,1.00403,1.00301,1.00314,4658,20,0
2023-01-31 04:00:00,1.00314,1.00338,1.0029,1.00296,4164,20,0
2023-01-31 06:00:00,1.00298,1.00332,1.00281,1.00291,3959,20,0
2023-01-31 08:00:00,1.00293,1.00352,1.00248,1.00346,8126,20,0
2023-01-31 10:00:00,1.00346,1.00436,1.00211,1.00342,10083,20,0
2023-01-31 12:00:00,1.00343,1.00515,1.00318,1.00403,7751,20,0
2023-01-31 14:00:00,1.00404,1.00425,1.00176,1.00223,12022,20,0
2023-01-31 16:00:00,1.00222,1.00265,0.99699,0.99746,15617,20,0
2023-01-31 18:00:00,0.99736,0.99829,0.99564,0.9968,9353,20,0
2023-01-31 20:00:00,0.99681,0.99705,0.99426,0.99468,4046,20,0
2023-01-31 22:00:00,0.99466,0.99542,0.99455,0.99506,5959,20,0
2023-02-01 00:00:00,0.99498,0.99536,0.9945,0.9952,2489,20,0
2023-02-01 02:00:00,0.99521,0.99558,0.99505,0.99519,3330,20,0
2023-02-01 04:00:00,0.99519,0.99552,0.99505,0.99535,3201,20,0
2023-02-01 06:00:00,0.99535,0.99605,0.99521,0.99601,2499,20,0
2023-02-01 08:00:00,0.996,0.99639,0.99518,0.99579,6802,20,0
2023-02-01 10:00:00,0.9958,0.99781,0.99545,0.99672,8915,20,0
2023-02-01 12:00:00,0.99655,0.99803,0.99646,0.99743,7508,20,0
2023-02-01 14:00:00,0.99743,0.99835,0.99711,0.99788,7923,20,0
2023-02-01 16:00:00,0.99788,0.99924,0.99726,0.99806,14710,20,0
2023-02-01 18:00:00,0.99806,0.99912,0.99778,0.99909,8052,20,0
2023-02-01 20:00:00,0.99907,1.00068,0.9976,0.99811,18920,20,0
2023-02-01 22:00:00,0.99812,0.99941,0.99735,0.99863,14765,20,0
2023-02-02 00:00:00,0.99857,0.99992,0.9977,0.99898,5914,20,0
2023-02-02 02:00:00,0.99898,0.99938,0.99853,0.99932,8404,20,0
2023-02-02 04:00:00,0.99931,0.99965,0.99864,0.99957,5932,20,0
2023-02-02 06:00:00,0.99962,0.99975,0.9993,0.99962,4378,20,0
2023-02-02 08:00:00,0.99961,0.99976,0.99786,0.99792,6966,20,0
2023-02-02 10:00:00,0.99791,1.00046,0.99752,0.99843,10416,20,0
2023-02-02 12:00:00,0.99847,1.00011,0.99842,0.99998,7414,20,0
2023-02-02 14:00:00,1.00002,1.00004,0.99613,0.99631,17594,20,0
2023-02-02 16:00:00,0.99633,0.99716,0.99331,0.99482,21348,20,0
2023-02-02 18:00:00,0.99481,0.99634,0.99449,0.9963,10441,20,0
2023-02-02 20:00:00,0.99632,0.99744,0.99564,0.99656,8284,20,0
2023-02-02 22:00:00,0.99654,0.99688,0.99605,0.99619,6555,20,0
2023-02-03 00:00:00,0.99608,0.9964,0.99554,0.99573,2372,22,0
2023-02-03 02:00:00,0.99571,0.9961,0.99546,0.99582,5290,20,0
2023-02-03 04:00:00,0.9958,0.99605,0.99562,0.99579,4116,20,0
2023-02-03 06:00:00,0.9958,0.99602,0.99539,0.99588,3417,20,0
2023-02-03 08:00:00,0.99587,0.99729,0.99556,0.99653,6717,20,0
2023-02-03 10:00:00,0.99654,0.99927,0.99621,0.9977,9198,20,0
2023-02-03 12:00:00,0.99771,0.99857,0.99753,0.99807,5833,20,0
2023-02-03 14:00:00,0.99808,1.00035,0.99679,1.00034,13012,20,0
2023-02-03 16:00:00,1.00032,1.00318,1.00001,1.00187,23458,20,0
2023-02-03 18:00:00,1.00186,1.00194,1.00053,1.00054,13205,20,0
2023-02-03 20:00:00,1.00052,1.00077,0.99979,0.99994,8655,20,0
2023-02-03 22:00:00,0.99993,1.00026,0.99905,0.99979,7981,20,0
2023-02-06 00:00:00,0.99993,1.0011,0.99869,0.99957,4210,20,0
2023-02-06 02:00:00,0.99956,1.00019,0.99926,0.99938,6794,20,0
2023-02-06 04:00:00,0.99938,0.99969,0.99854,0.9991,5395,20,0
2023-02-06 06:00:00,0.9991,0.99925,0.99854,0.99857,7064,20,0
2023-02-06 08:00:00,0.99857,0.99882,0.99753,0.99836,5040,20,0
2023-02-06 10:00:00,0.99835,0.99877,0.99397,0.99431,8879,20,0
2023-02-06 12:00:00,0.99431,0.99782,0.99424,0.99734,8806,20,0
2023-02-06 14:00:00,0.99734,0.99788,0.99577,0.99605,7916,20,0
2023-02-06 16:00:00,0.99606,0.99723,0.99467,0.99591,12802,20,0
2023-02-06 18:00:00,0.99589,0.99619,0.9944,0.99471,7584,20,0
2023-02-06 20:00:00,0.9947,0.99556,0.99447,0.9953,5985,20,0
2023-02-06 22:00:00,0.99532,0.99586,0.99526,0.99549,4078,20,0
2023-02-07 00:00:00,0.99531,0.99555,0.99471,0.99553,2633,24,0
2023-02-07 02:00:00,0.99552,0.99572,0.9949,0.99507,3870,20,0
2023-02-07 04:00:00,0.99506,0.99515,0.99473,0.99514,3236,20,0
2023-02-07 06:00:00,0.99513,0.99525,0.99462,0.99506,2978,21,0
2023-02-07 08:00:00,0.99505,0.99506,0.99339,0.99349,5669,20,0
2023-02-07 10:00:00,0.99341,0.9942,0.99138,0.9919,10401,20,0
2023-02-07 12:00:00,0.99191,0.99271,0.99086,0.99253,7008,20,0
2023-02-07 14:00:00,0.99252,0.99271,0.98973,0.98991,8509,20,0
2023-02-07 16:00:00,0.98991,0.9902,0.98711,0.98726,12152,20,0
2023-02-07 18:00:00,0.98724,0.9896,0.98709,0.98956,15014,20,0
2023-02-07 20:00:00,0.98954,0.98961,0.98821,0.98888,19923,20,0
2023-02-07 22:00:00,0.98887,0.98915,0.9886,0.98881,5739,20,0
2023-02-08 00:00:00,0.98875,0.98909,0.98819,0.98883,1179,20,0
2023-02-08 02:00:00,0.98884,0.98915,0.98864,0.98904,3880,20,0
2023-02-08 04:00:00,0.98904,0.98952,0.98882,0.98917,4137,20,0
2023-02-08 06:00:00,0.98917,0.98925,0.98892,0.98921,2163,20,0
2023-02-08 08:00:00,0.98921,0.98942,0.98825,0.98855,5953,20,0
2023-02-08 10:00:00,0.98855,0.98872,0.98694,0.98728,9715,20,0
2023-02-08 12:00:00,0.98727,0.98793,0.98661,0.98695,6129,20,0
2023-02-08 14:00:00,0.98696,0.98829,0.98675,0.98692,7540,20,0
2023-02-08 16:00:00,0.98692,0.98805,0.98668,0.98736,13717,20,0
2023-02-08 18:00:00,0.98736,0.9878,0.98674,0.98697,8407,20,0
2023-02-08 20:00:00,0.98696,0.98711,0.98657,0.98662,6217,20,0
2023-02-08 22:00:00,0.98662,0.98675,0.9862,0.98623,3461,20,0
2023-02-09 00:00:00,0.98628,0.98682,0.98601,0.98666,2998,20,0
2023-02-09 02:00:00,0.98669,0.98744,0.98643,0.98726,4436,20,0
2023-02-09 04:00:00,0.98726,0.9874,0.98701,0.98725,3015,20,0
2023-02-09 06:00:00,0.98726,0.98727,0.98667,0.98702,3588,20,0
2023-02-09 08:00:00,0.98704,0.98739,0.98602,0.98655,6526,20,0
2023-02-09 10:00:00,0.98656,0.98874,0.9863,0.9884,8816,20,0
2023-02-09 12:00:00,0.98839,0.99007,0.98819,0.98953,7367,20,0
2023-02-09 14:00:00,0.98952,0.98964,0.98834,0.98841,8423,20,0
2023-02-09 16:00:00,0.98833,0.99006,0.98823,0.98909,12569,20,0
2023-02-09 18:00:00,0.98908,0.98942,0.9886,0.98901,7436,20,0
2023-02-09 20:00:00,0.989,0.99058,0.98865,0.99026,8035,20,0
2023-02-09 22:00:00,0.99027,0.99046,0.98986,0.9901,4752,20,0
2023-02-10 00:00:00,0.99026,0.99042,0.98961,0.99017,2450,20,0
2023-02-10 02:00:00,0.99016,0.99048,0.98975,0.99013,4566,20,0
2023-02-10 04:00:00,0.9901,0.99035,0.98977,0.99001,3571,20,0
2023-02-10 06:00:00,0.99,0.99012,0.98952,0.98975,2634,20,0
2023-02-10 08:00:00,0.98974,0.99007,0.98892,0.98971,5544,20,0
2023-02-10 10:00:00,0.98972,0.9904,0.98793,0.9881,10722,20,0
2023-02-10 12:00:00,0.98811,0.98838,0.98713,0.98721,5272,20,0
2023-02-10 14:00:00,0.98721,0.98762,0.98674,0.9873,6421,20,0
2023-02-10 16:00:00,0.98732,0.98827,0.98632,0.98646,10748,20,0
2023-02-10 18:00:00,0.98647,0.98698,0.98623,0.9865,5668,20,0
2023-02-10 20:00:00,0.98649,0.98725,0.98627,0.98653,3258,20,0
2023-02-10 22:00:00,0.98653,0.98684,0.98586,0.98586,2448,20,0
2023-02-13 00:00:00,0.9866,0.98696,0.98585,0.98634,2417,20,0
2023-02-13 02:00:00,0.98634,0.98694,0.98625,0.98682,2550,20,0
2023-02-13 04:00:00,0.98682,0.98712,0.98667,0.98674,2795,20,0
2023-02-13 06:00:00,0.98675,0.98733,0.98673,0.98727,2470,20,0
2023-02-13 08:00:00,0.98726,0.98735,0.98518,0.98525,4835,20,0
2023-02-13 10:00:00,0.98525,0.98769,0.98524,0.9857,6636,20,0
2023-02-13 12:00:00,0.98569,0.98601,0.98488,0.98505,3903,20,0
2023-02-13 14:00:00,0.98504,0.98577,0.98456,0.98573,5936,20,0
2023-02-13 16:00:00,0.98573,0.98738,0.98496,0.98727,8118,20,0
2023-02-13 18:00:00,0.98727,0.98762,0.9861,0.98629,3982,20,0
2023-02-13 20:00:00,0.98628,0.98641,0.98581,0.98593,2310,20,0
2023-02-13 22:00:00,0.98594,0.98618,0.98542,0.98542,2254,20,0
2023-02-14 00:00:00,0.98544,0.98678,0.98543,0.98581,2357,20,0
2023-02-14 02:00:00,0.98581,0.98599,0.98507,0.98524,3911,20,0
2023-02-14 04:00:00,0.98525,0.98567,0.98516,0.98556,4428,20,0
2023-02-14 06:00:00,0.98556,0.98581,0.9854,0.98557,2187,20,0
2023-02-14 08:00:00,0.98558,0.98581,0.98496,0.98537,4158,20,0
2023-02-14 10:00:00,0.98539,0.98617,0.98475,0.98599,6235,20,0
2023-02-14 12:00:00,0.98598,0.98889,0.98584,0.98778,5144,20,0
2023-02-14 14:00:00,0.98777,0.98816,0.98607,0.98749,13735,20,0
2023-02-14 16:00:00,0.98751,0.98906,0.98697,0.98822,18997,20,0
2023-02-14 18:00:00,0.98818,0.98928,0.988,0.98892,9503,20,0
2023-02-14 20:00:00,0.98891,0.98948,0.98858,0.98934,5960,20,0
2023-02-14 22:00:00,0.98931,0.9896,0.98908,0.98943,3359,20,0
2023-02-15 00:00:00,0.98973,0.98973,0.9886,0.98922,1468,20,0
2023-02-15 02:00:00,0.98922,0.99022,0.98918,0.99005,2608,20,0
2023-02-15 04:00:00,0.99005,0.99006,0.98921,0.98956,3307,20,0
2023-02-15 06:00:00,0.9895,0.98994,0.98914,0.98971,2304,20,0
2023-02-15 08:00:00,0.98973,0.98993,0.98884,0.98945,5817,20,0
2023-02-15 10:00:00,0.98946,0.99104,0.9889,0.98922,7549,20,0
2023-02-15 12:00:00,0.98921,0.98973,0.98782,0.98821,4937,20,0
2023-02-15 14:00:00,0.98823,0.98879,0.98701,0.98747,10005,20,0
2023-02-15 16:00:00,0.98746,0.98815,0.98666,0.98789,10790,20,0
2023-02-15 18:00:00,0.98788,0.9881,0.98632,0.987,5895,20,0
2023-02-15 20:00:00,0.98701,0.98754,0.98684,0.98711,4252,20,0
2023-02-15 22:00:00,0.98713,0.98754,0.98701,0.98704,2361,20,0
2023-02-16 00:00:00,0.98705,0.98769,0.9865,0.98715,1413,20,0
2023-02-16 02:00:00,0.98713,0.98784,0.98704,0.98728,4870,20,0
2023-02-16 04:00:00,0.98726,0.98768,0.98714,0.98735,1853,20,0
2023-02-16 06:00:00,0.98735,0.98747,0.98704,0.98733,1784,20,0
2023-02-16 08:00:00,0.98732,0.98793,0.98697,0.98784,3500,20,0
2023-02-16 10:00:00,0.98785,0.98858,0.9866,0.98699,5841,20,0
2023-02-16 12:00:00,0.98699,0.98725,0.98645,0.98687,3555,20,0
2023-02-16 14:00:00,0.98687,0.98818,0.98676,0.98749,8822,20,0
2023-02-16 16:00:00,0.9875,0.9884,0.98656,0.98812,11305,20,0
2023-02-16 18:00:00,0.98813,0.98843,0.98718,0.98818,6174,20,0
2023-02-16 20:00:00,0.98818,0.98833,0.98742,0.9879,3855,20,0
2023-02-16 22:00:00,0.9879,0.98832,0.98762,0.98794,6212,20,0
2023-02-17 00:00:00,0.98794,0.98824,0.98747,0.9882,1852,20,0
2023-02-17 02:00:00,0.98819,0.98896,0.98807,0.98885,3702,20,0
2023-02-17 04:00:00,0.98885,0.98894,0.98855,0.98871,3134,20,0
2023-02-17 06:00:00,0.9887,0.98874,0.98768,0.98837,2871,20,0
2023-02-17 08:00:00,0.98837,0.9892,0.9881,0.98878,4636,20,0
2023-02-17 10:00:00,0.98877,0.99205,0.98824,0.99157,7144,20,0
2023-02-17 12:00:00,0.99158,0.99244,0.99097,0.99119,5099,20,0
2023-02-17 14:00:00,0.99118,0.99127,0.9884,0.98962,6527,20,0
2023-02-17 16:00:00,0.98962,0.99049,0.98827,0.98913,10575,20,0
2023-02-17 18:00:00,0.98912,0.98973,0.98865,0.98938,6467,20,0
2023-02-17 20:00:00,0.98939,0.98958,0.98879,0.98905,3276,20,0
2023-02-17 22:00:00,0.98905,0.9891,0.98795,0.9891,2687,20,0
2023-02-20 00:00:00,0.98858,0.98946,0.98802,0.98857,2319,20,0
2023-02-20 02:00:00,0.98856,0.98864,0.98807,0.98825,2498,20,0
2023-02-20 04:00:00,0.98825,0.98834,0.98794,0.988,4317,20,0
2023-02-20 06:00:00,0.988,0.98825,0.98775,0.98812,2036,20,0
2023-02-20 08:00:00,0.98811,0.98842,0.98765,0.98776,3625,20,0
2023-02-20 10:00:00,0.98776,0.98809,0.98644,0.98645,4912,20,0
2023-02-20 12:00:00,0.98645,0.98695,0.98543,0.98552,4716,20,0
2023-02-20 14:00:00,0.98552,0.98747,0.98544,0.98686,4271,20,0
2023-02-20 16:00:00,0.98686,0.98722,0.98622,0.9865,4570,20,0
2023-02-20 18:00:00,0.9865,0.98683,0.98569,0.98635,2243,20,0
2023-02-20 20:00:00,0.98635,0.98648,0.98612,0.98628,442,20,0
2023-02-20 22:00:00,0.98628,0.98645,0.98594,0.98625,930,21,0
2023-02-21 00:00:00,0.98625,0.98653,0.98597,0.98615,705,21,0
2023-02-21 02:00:00,0.98616,0.98645,0.98566,0.98568,2648,20,0
2023-02-21 04:00:00,0.98568,0.98587,0.98538,0.98555,2171,20,0
2023-02-21 06:00:00,0.98554,0.98588,0.98522,0.98584,2406,20,0
2023-02-21 08:00:00,0.98584,0.9873,0.98569,0.98683,3581,20,0
2023-02-21 10:00:00,0.98685,0.98857,0.98524,0.98548,9252,20,0
2023-02-21 12:00:00,0.98548,0.98602,0.98472,0.98532,4549,20,0
2023-02-21 14:00:00,0.98532,0.9863,0.98477,0.98569,5702,20,0
2023-02-21 16:00:00,0.98569,0.99018,0.98565,0.98903,12653,20,0
2023-02-21 18:00:00,0.98904,0.98937,0.98733,0.98759,5537,20,0
2023-02-21 20:00:00,0.98759,0.98777,0.98709,0.98752,3503,20,0
2023-02-21 22:00:00,0.98752,0.98795,0.98731,0.98755,3074,20,0
2023-02-22 00:00:00,0.98691,0.98795,0.9868,0.98787,729,20,0
2023-02-22 02:00:00,0.98787,0.98796,0.98747,0.98762,3435,20,0
2023-02-22 04:00:00,0.98763,0.98783,0.98726,0.98736,2615,20,0
2023-02-22 06:00:00,0.98733,0.98759,0.98711,0.98722,1511,20,0
2023-02-22 08:00:00,0.98721,0.98738,0.98621,0.9863,2957,20,0
2023-02-22 10:00:00,0.98629,0.98855,0.98618,0.98659,7413,20,0
2023-02-22 12:00:00,0.9866,0.98738,0.98585,0.98672,5565,20,0
2023-02-22 14:00:00,0.9867,0.98775,0.98595,0.98712,8165,19,0
2023-02-22 16:00:00,0.98713,0.98958,0.9866,0.98798,9656,18,0
2023-02-22 18:00:00,0.98796,0.98829,0.98725,0.98776,6503,18,0
2023-02-22 20:00:00,0.98777,0.98808,0.98712,0.98749,8011,18,0
2023-02-22 22:00:00,0.98748,0.9878,0.98735,0.9875,3138,19,0
2023-02-23 00:00:00,0.98742,0.98769,0.98642,0.98759,696,19,0
2023-02-23 02:00:00,0.98759,0.98779,0.98732,0.98744,2435,19,0
2023-02-23 04:00:00,0.98745,0.98752,0.98694,0.98703,2077,19,0
2023-02-23 06:00:00,0.98703,0.9874,0.98697,0.98738,1126,19,0
2023-02-23 08:00:00,0.98737,0.9886,0.98712,0.98821,4429,19,0
2023-02-23 10:00:00,0.98822,0.98881,0.98752,0.98812,6500,19,0
2023-02-23 12:00:00,0.98808,0.9884,0.98707,0.98828,5228,18,0
2023-02-23 14:00:00,0.98827,0.9906,0.98793,0.99005,7486,18,0
2023-02-23 16:00:00,0.99005,0.99033,0.98821,0.98894,10928,18,0
2023-02-23 18:00:00,0.98897,0.98949,0.9883,0.98887,6286,19,0
2023-02-23 20:00:00,0.98887,0.98945,0.98866,0.98928,3171,19,0
2023-02-23 22:00:00,0.98929,0.98965,0.98911,0.98942,2228,19,0
2023-02-24 00:00:00,0.98862,0.98948,0.98862,0.98941,1167,21,0
2023-02-24 02:00:00,0.98942,0.99017,0.98913,0.98994,5299,19,0
2023-02-24 04:00:00,0.98996,0.99005,0.98949,0.98971,3132,19,0
2023-02-24 06:00:00,0.9897,0.99005,0.98968,0.98971,1615,19,0
2023-02-24 08:00:00,0.98972,0.99062,0.98964,0.99051,4630,19,0
2023-02-24 10:00:00,0.99053,0.99135,0.9893,0.98932,7569,20,0
2023-02-24 12:00:00,0.98933,0.99011,0.98894,0.98952,4748,18,0
2023-02-24 14:00:00,0.9895,0.99046,0.98873,0.9889,10990,18,0
2023-02-24 16:00:00,0.98889,0.99138,0.98873,0.99067,13725,18,0
2023-02-24 18:00:00,0.99068,0.9918,0.99027,0.99144,6173,18,0
2023-02-24 20:00:00,0.99143,0.99233,0.99125,0.99224,3338,18,0
2023-02-24 22:00:00,0.99225,0.99236,0.99163,0.99163,2388,18,0
2023-02-27 00:00:00,0.99109,0.99235,0.99092,0.99228,848,20,0
2023-02-27 02:00:00,0.99229,0.99264,0.99197,0.99263,2725,19,0
2023-02-27 04:00:00,0.99262,0.99279,0.99243,0.99274,2093,19,0
2023-02-27 06:00:00,0.99275,0.99286,0.99227,0.9923,1617,19,0
2023-02-27 08:00:00,0.9923,0.9933,0.99203,0.99314,3567,19,0
2023-02-27 10:00:00,0.99314,0.99458,0.99252,0.99295,4969,19,0
2023-02-27 12:00:00,0.99296,0.99402,0.99196,0.99302,3700,19,0
2023-02-27 14:00:00,0.99299,0.99348,0.99111,0.99183,5287,19,0
2023-02-27 16:00:00,0.99185,0.99344,0.99151,0.99335,8661,19,0
2023-02-27 18:00:00,0.99335,0.99342,0.99259,0.99289,3733,19,0
2023-02-27 20:00:00,0.99289,0.99327,0.99242,0.99271,2832,19,0
2023-02-27 22:00:00,0.99271,0.993,0.99249,0.99263,2071,19,0
2023-02-28 00:00:00,0.99195,0.99272,0.99179,0.99261,988,19,0
2023-02-28 02:00:00,0.99262,0.99282,0.99147,0.99153,2607,19,0
2023-02-28 04:00:00,0.99152,0.99179,0.9914,0.99166,1705,19,0
2023-02-28 06:00:00,0.99166,0.99188,0.99154,0.99157,2245,19,0
2023-02-28 08:00:00,0.99163,0.99437,0.99148,0.99424,3455,18,0
2023-02-28 10:00:00,0.99428,0.99578,0.99419,0.99459,7125,18,0
2023-02-28 12:00:00,0.99458,0.99609,0.9942,0.99491,4278,18,0
2023-02-28 14:00:00,0.99491,0.99533,0.99393,0.99457,4408,18,0
2023-02-28 16:00:00,0.99458,0.9959,0.99311,0.99396,10204,18,0
2023-02-28 18:00:00,0.99396,0.99454,0.99293,0.99398,5728,18,0
2023-02-28 20:00:00,0.99399,0.99529,0.99372,0.99528,3249,18,0
2023-02-28 22:00:00,0.99527,0.99646,0.99509,0.99636,2821,18,0
2023-03-01 00:00:00,0.99598,0.9966,0.99575,0.99631,1706,18,0
2023-03-01 02:00:00,0.99632,0.99634,0.99572,0.99616,3022,18,0
2023-03-01 04:00:00,0.99619,0.99623,0.99582,0.99608,1413,18,0
2023-03-01 06:00:00,0.99607,0.99641,0.99594,0.99621,1586,18,0
2023-03-01 08:00:00,0.9962,0.99947,0.99609,0.9993,5242,18,0
2023-03-01 10:00:00,0.9993,0.99981,0.99735,0.99761,8378,18,0
2023-03-01 12:00:00,0.99757,0.99925,0.99748,0.99854,5879,18,0
2023-03-01 14:00:00,0.99851,1.00075,0.99827,1.00072,5350,18,0
2023-03-01 16:00:00,1.00075,1.00229,0.99981,1.00214,10887,18,0
2023-03-01 18:00:00,1.00213,1.00239,1.00137,1.00236,5388,18,0
2023-03-01 20:00:00,1.00235,1.00236,1.00176,1.00203,3047,18,0
2023-03-01 22:00:00,1.00204,1.00256,1.00185,1.00201,1982,18,0
2023-03-02 00:00:00,1.00185,1.00255,1.00166,1.00228,931,18,0
2023-03-02 02:00:00,1.00227,1.00269,1.0021,1.00263,2515,18,0
2023-03-02 04:00:00,1.00263,1.00327,1.00258,1.00291,2373,18,0
2023-03-02 06:00:00,1.00291,1.00334,1.00282,1.00314,1729,18,0
2023-03-02 08:00:00,1.00314,1.0041,1.0026,1.0026,4396,18,0
2023-03-02 10:00:00,1.00261,1.00261,0.99994,1.00003,6808,18,0
2023-03-02 12:00:00,1.00004,1.00076,0.99899,0.9995,5371,18,0
2023-03-02 14:00:00,0.99951,0.9996,0.99796,0.99814,7167,18,0
2023-03-02 16:00:00,0.99813,0.99994,0.99785,0.99873,8611,18,0
2023-03-02 18:00:00,0.99872,0.99875,0.99773,0.99818,3554,18,0
2023-03-02 20:00:00,0.99818,0.99827,0.99734,0.9975,3615,18,0
2023-03-02 22:00:00,0.99747,0.99862,0.99741,0.9985,2633,18,0
2023-03-03 00:00:00,0.99848,0.99848,0.99747,0.99828,708,18,0
2023-03-03 02:00:00,0.99828,0.99873,0.99814,0.99842,2210,18,0
2023-03-03 04:00:00,0.99843,0.99851,0.99809,0.99819,1973,19,0
2023-03-03 06:00:00,0.9982,0.99835,0.99796,0.99802,1263,18,0
2023-03-03 08:00:00,0.99803,0.99808,0.99698,0.99713,3507,18,0
2023-03-03 10:00:00,0.99714,0.9972,0.99462,0.99499,6141,18,0
2023-03-03 12:00:00,0.99498,0.99702,0.99487,0.99644,4461,18,0
2023-03-03 14:00:00,0.99645,0.99693,0.99555,0.99608,4954,18,0
2023-03-03 16:00:00,0.99606,0.99646,0.99529,0.99562,9169,18,0
2023-03-03 18:00:00,0.99563,0.99644,0.99491,0.99619,5014,18,0
2023-03-03 20:00:00,0.9962,0.99653,0.99535,0.99547,2587,18,0
2023-03-03 22:00:00,0.99547,0.99586,0.99497,0.99515,3622,18,0
2023-03-06 00:00:00,0.99439,0.99568,0.99435,0.99556,1231,18,0
2023-03-06 02:00:00,0.99556,0.99596,0.99545,0.99587,2772,18,0
2023-03-06 04:00:00,0.99586,0.9963,0.99568,0.99594,2328,18,0
2023-03-06 06:00:00,0.99594,0.9965,0.99583,0.99636,1355,18,0
2023-03-06 08:00:00,0.99635,0.99657,0.99227,0.99246,4082,18,0
2023-03-06 10:00:00,0.99249,0.9947,0.99225,0.9929,6059,18,0
2023-03-06 12:00:00,0.99291,0.99554,0.99279,0.99488,4990,18,0
2023-03-06 14:00:00,0.99489,0.9955,0.99382,0.99549,5307,18,0
2023-03-06 16:00:00,0.99549,0.99658,0.99416,0.99542,8422,18,0
2023-03-06 18:00:00,0.99539,0.99564,0.99503,0.99528,4280,18,0
2023-03-06 20:00:00,0.99527,0.99531,0.99471,0.99512,3158,18,0
2023-03-06 22:00:00,0.99511,0.99523,0.9934,0.99354,2715,18,0
2023-03-07 00:00:00,0.99344,0.99461,0.99335,0.99445,760,21,0
2023-03-07 02:00:00,0.99449,0.9947,0.99423,0.99457,2017,18,0
2023-03-07 04:00:00,0.99455,0.99466,0.994,0.99405,2198,18,0
2023-03-07 06:00:00,0.99404,0.99412,0.9933,0.99355,1724,18,0
2023-03-07 08:00:00,0.99353,0.99367,0.99253,0.99288,5735,18,0
2023-03-07 10:00:00,0.99286,0.9939,0.99246,0.99388,7459,18,0
2023-03-07 12:00:00,0.99388,0.99516,0.9933,0.99511,4765,18,0
2023-03-07 14:00:00,0.99511,0.99611,0.99478,0.9957,5685,18,0
2023-03-07 16:00:00,0.99565,0.99642,0.99459,0.99526,16507,18,0
2023-03-07 18:00:00,0.99528,0.99552,0.99423,0.99442,12140,18,0
2023-03-07 20:00:00,0.99441,0.99462,0.99259,0.99359,5194,18,0
2023-03-07 22:00:00,0.99355,0.99399,0.99345,0.99358,3428,18,0
2023-03-08 00:00:00,0.99271,0.99402,0.99271,0.99389,820,18,0
2023-03-08 02:00:00,0.99389,0.99391,0.9934,0.99368,2131,18,0
2023-03-08 04:00:00,0.99367,0.99381,0.99326,0.9935,1948,18,0
2023-03-08 06:00:00,0.9935,0.99374,0.99322,0.99332,1973,18,0
2023-03-08 08:00:00,0.99334,0.99391,0.99311,0.9933,3806,18,0
2023-03-08 10:00:00,0.99331,0.99389,0.9928,0.99299,6798,18,0
2023-03-08 12:00:00,0.993,0.99429,0.99231,0.99387,4392,18,0
2023-03-08 14:00:00,0.99386,0.99403,0.99253,0.9929,6139,18,0
2023-03-08 16:00:00,0.99291,0.99381,0.99212,0.99227,12799,18,0
2023-03-08 18:00:00,0.99228,0.99258,0.99084,0.99253,5830,18,0
2023-03-08 20:00:00,0.99254,0.99312,0.99229,0.99249,5303,18,0
2023-03-08 22:00:00,0.99248,0.99292,0.99232,0.99292,2226,18,0
2023-03-09 00:00:00,0.99253,0.99269,0.9919,0.99249,843,21,0
2023-03-09 02:00:00,0.9925,0.9925,0.99189,0.99218,2074,18,0
2023-03-09 04:00:00,0.9922,0.99227,0.992,0.99209,1339,18,0
2023-03-09 06:00:00,0.99208,0.99219,0.9918,0.99191,1107,18,0
2023-03-09 08:00:00,0.99191,0.99197,0.99059,0.99099,2836,18,0
2023-03-09 10:00:00,0.99099,0.99158,0.98942,0.98942,4435,18,0
2023-03-09 12:00:00,0.98942,0.99134,0.98935,0.99112,4047,18,0
2023-03-09 14:00:00,0.99111,0.99172,0.99036,0.99104,6220,18,0
2023-03-09 16:00:00,0.99104,0.99178,0.98962,0.98999,7787,18,0
2023-03-09 18:00:00,0.98998,0.99083,0.98992,0.99033,4863,18,0
2023-03-09 20:00:00,0.9903,0.99064,0.98958,0.99045,4916,18,0
2023-03-09 22:00:00,0.99042,0.99042,0.9863,0.98637,5957,18,0
2023-03-10 00:00:00,0.9864,0.98744,0.98631,0.98743,1998,18,0
2023-03-10 02:00:00,0.98745,0.98776,0.98694,0.98727,4237,18,0
2023-03-10 04:00:00,0.98727,0.98731,0.98388,0.98395,5002,18,0
2023-03-10 06:00:00,0.98396,0.98509,0.98332,0.98498,3069,18,0
2023-03-10 08:00:00,0.98497,0.98579,0.98377,0.98527,6322,18,0
2023-03-10 10:00:00,0.98528,0.98609,0.98401,0.98432,8658,18,0
2023-03-10 12:00:00,0.98432,0.98528,0.98177,0.98225,6656,18,0
2023-03-10 14:00:00,0.98226,0.98394,0.98102,0.98277,15999,18,0
2023-03-10 16:00:00,0.98278,0.98302,0.97945,0.98226,22657,18,0
2023-03-10 18:00:00,0.98226,0.98249,0.97954,0.98014,10767,18,0
2023-03-10 20:00:00,0.98019,0.98083,0.97993,0.9804,9879,18,0
2023-03-10 22:00:00,0.9804,0.98074,0.97964,0.9798,7789,18,0
2023-03-13 00:00:00,0.98122,0.98188,0.97884,0.98182,6667,18,0
2023-03-13 02:00:00,0.98183,0.98215,0.98103,0.98136,8244,18,0
2023-03-13 04:00:00,0.98136,0.9827,0.98092,0.9823,8342,18,0
2023-03-13 06:00:00,0.98231,0.98338,0.98229,0.98331,7402,18,0
2023-03-13 08:00:00,0.98332,0.98335,0.98217,0.98231,10378,18,0
2023-03-13 10:00:00,0.98232,0.98235,0.97125,0.97479,17833,18,0
2023-03-13 12:00:00,0.9748,0.97689,0.97423,0.97501,16238,18,0
2023-03-13 14:00:00,0.97504,0.97637,0.97176,0.97378,23494,18,0
2023-03-13 16:00:00,0.97379,0.97885,0.97227,0.97861,19857,18,0
2023-03-13 18:00:00,0.9786,0.97869,0.97653,0.97814,11587,18,0
2023-03-13 20:00:00,0.97814,0.97828,0.97743,0.97794,8250,18,0
2023-03-13 22:00:00,0.978,0.97886,0.97695,0.97776,2466,21,0
2023-03-14 00:00:00,0.97776,0.97876,0.9772,0.97859,4751,18,0
2023-03-14 02:00:00,0.97856,0.9786,0.97723,0.97766,5139,18,0
2023-03-14 04:00:00,0.97766,0.97815,0.97743,0.978,4166,18,0
2023-03-14 06:00:00,0.97799,0.97865,0.97746,0.9778,3162,18,0
2023-03-14 08:00:00,0.97779,0.9778,0.97469,0.97544,12092,18,0
2023-03-14 10:00:00,0.97542,0.97785,0.975,0.97638,12702,18,0
2023-03-14 12:00:00,0.97638,0.97793,0.97513,0.97741,8972,18,0
2023-03-14 14:00:00,0.97741,0.98057,0.9765,0.98034,21868,18,0
2023-03-14 16:00:00,0.98035,0.98222,0.97906,0.97963,11770,18,0
2023-03-14 18:00:00,0.97962,0.9816,0.97939,0.98065,9542,18,0
2023-03-14 20:00:00,0.98064,0.98128,0.97948,0.98049,7724,18,0
2023-03-14 22:00:00,0.98049,0.98114,0.9796,0.98022,1383,18,0
2023-03-15 00:00:00,0.98019,0.98106,0.98019,0.98095,11188,18,0
2023-03-15 02:00:00,0.98095,0.98148,0.98083,0.98123,3266,18,0
2023-03-15 04:00:00,0.98124,0.98203,0.98121,0.98182,2758,18,0
2023-03-15 06:00:00,0.98182,0.98217,0.98157,0.98178,4468,18,0
2023-03-15 08:00:00,0.98178,0.98291,0.98141,0.98194,5829,18,0
2023-03-15 10:00:00,0.98195,0.9829,0.97905,0.98067,13148,18,0
2023-03-15 12:00:00,0.98067,0.98153,0.97493,0.97675,20281,18,0
2023-03-15 14:00:00,0.97674,0.97755,0.97167,0.9731,25062,18,0
2023-03-15 16:00:00,0.97311,0.97358,0.97052,0.97358,18402,18,0
2023-03-15 18:00:00,0.97357,0.98323,0.97287,0.98242,14300,18,0
2023-03-15 20:00:00,0.98241,0.98587,0.98167,0.98565,16970,18,0
2023-03-15 22:00:00,0.98561,0.98738,0.98555,0.9868,3506,23,0
2023-03-16 00:00:00,0.9868,0.98823,0.98546,0.98564,4484,18,0
2023-03-16 02:00:00,0.98563,0.98715,0.98379,0.98599,7858,18,0
2023-03-16 04:00:00,0.986,0.9868,0.98564,0.98617,5028,18,0
2023-03-16 06:00:00,0.98618,0.9866,0.98566,0.98634,2694,18,0
2023-03-16 08:00:00,0.98631,0.98634,0.98225,0.98249,7577,18,0
2023-03-16 10:00:00,0.9825,0.98459,0.98119,0.98441,13453,18,0
2023-03-16 12:00:00,0.98442,0.98648,0.98356,0.98365,9464,18,0
2023-03-16 14:00:00,0.9836,0.98461,0.9798,0.98403,22807,18,0
2023-03-16 16:00:00,0.98404,0.98765,0.98234,0.98762,21541,18,0
2023-03-16 18:00:00,0.98762,0.98796,0.98551,0.98682,11962,18,0
2023-03-16 20:00:00,0.98682,0.98721,0.98569,0.98693,8406,18,0
2023-03-16 22:00:00,0.98693,0.98709,0.98571,0.9862,2601,18,0
2023-03-17 00:00:00,0.9862,0.98678,0.98605,0.98618,5217,18,0
2023-03-17 02:00:00,0.98619,0.98661,0.98588,0.98601,3729,18,0
2023-03-17 04:00:00,0.98602,0.98655,0.98575,0.9864,3014,18,0
2023-03-17 06:00:00,0.98642,0.98676,0.98578,0.98605,4304,18,0
2023-03-17 08:00:00,0.98607,0.98734,0.98557,0.98607,5895,18,0
2023-03-17 10:00:00,0.98609,0.98806,0.98479,0.98592,9811,18,0
2023-03-17 12:00:00,0.98593,0.98617,0.98385,0.98608,8149,18,0
2023-03-17 14:00:00,0.98607,0.98673,0.98497,0.98592,12030,18,0
2023-03-17 16:00:00,0.98592,0.98854,0.98545,0.9884,12239,18,0
2023-03-17 18:00:00,0.9884,0.99117,0.98805,0.99025,7064,18,0
2023-03-17 20:00:00,0.99026,0.99034,0.98752,0.98761,8157,18,0
2023-03-17 22:00:00,0.98762,0.98816,0.98681,0.98714,2163,21,0
2023-03-20 00:00:00,0.98977,0.99038,0.98839,0.98999,5634,18,0
2023-03-20 02:00:00,0.98999,0.99062,0.98855,0.98937,4579,18,0
2023-03-20 04:00:00,0.98934,0.98957,0.98785,0.98821,3557,18,0
2023-03-20 06:00:00,0.98821,0.98836,0.98766,0.98824,2422,18,0
2023-03-20 08:00:00,0.98824,0.98866,0.98577,0.98849,10709,18,0
2023-03-20 10:00:00,0.98847,0.99227,0.98846,0.99189,15894,18,0
2023-03-20 12:00:00,0.99189,0.99309,0.99165,0.99221,9531,18,0
2023-03-20 14:00:00,0.99223,0.99326,0.99151,0.99171,11491,18,0
2023-03-20 16:00:00,0.99171,0.99392,0.99122,0.99349,9344,18,0
2023-03-20 18:00:00,0.99349,0.99483,0.99202,0.99479,6665,18,0
2023-03-20 20:00:00,0.99479,0.99618,0.99423,0.99572,4801,18,0
2023-03-20 22:00:00,0.99573,0.99646,0.99421,0.9954,1256,19,0
2023-03-21 00:00:00,0.9953,0.99617,0.9953,0.99595,8858,20,0
2023-03-21 02:00:00,0.99596,0.99636,0.99502,0.99554,5908,18,0
2023-03-21 04:00:00,0.99555,0.99583,0.99496,0.99543,2952,18,0
2023-03-21 06:00:00,0.99542,0.99622,0.99514,0.99621,2352,18,0
2023-03-21 08:00:00,0.9962,0.99742,0.99561,0.99655,5649,18,0
2023-03-21 10:00:00,0.99658,0.99771,0.99525,0.99585,9023,18,0
2023-03-21 12:00:00,0.99582,0.99682,0.99489,0.9958,7316,18,0
2023-03-21 14:00:00,0.99581,0.9971,0.99518,0.9954,8288,18,0
2023-03-21 16:00:00,0.9954,0.99594,0.99346,0.99473,9646,18,0
2023-03-21 18:00:00,0.99473,0.99497,0.99252,0.99319,5575,18,0
2023-03-21 20:00:00,0.99319,0.99374,0.99277,0.99357,3787,18,0
2023-03-21 22:00:00,0.99358,0.99361,0.99268,0.99305,1420,18,0
2023-03-22 00:00:00,0.9931,0.99315,0.99254,0.99291,1624,18,0
2023-03-22 02:00:00,0.99291,0.99366,0.9926,0.99361,3125,18,0
2023-03-22 04:00:00,0.99359,0.9938,0.99331,0.99358,2364,18,0
2023-03-22 06:00:00,0.99357,0.99396,0.99347,0.99375,4750,18,0
2023-03-22 08:00:00,0.99375,0.99473,0.99289,0.99369,4892,18,0
2023-03-22 10:00:00,0.9937,0.9947,0.99276,0.99428,9140,18,0
2023-03-22 12:00:00,0.99427,0.99587,0.99389,0.99583,5931,18,0
2023-03-22 14:00:00,0.99583,0.99642,0.99486,0.99633,6390,18,0
2023-03-22 16:00:00,0.99633,0.99671,0.99469,0.99668,5784,18,0
2023-03-22 18:00:00,0.99669,0.99737,0.99573,0.99665,5190,18,0
2023-03-22 20:00:00,0.99618,0.99836,0.99597,0.99732,22460,18,0
2023-03-22 22:00:00,0.99722,0.99726,0.9956,0.99591,2497,19,0
2023-03-23 00:00:00,0.99595,0.99648,0.99589,0.99624,2394,18,0
2023-03-23 02:00:00,0.99623,0.99823,0.9962,0.99817,4859,18,0
2023-03-23 04:00:00,0.99816,0.99826,0.99699,0.99809,5024,18,0
2023-03-23 06:00:00,0.99811,0.99859,0.99774,0.99839,4789,18,0
2023-03-23 08:00:00,0.99839,0.99971,0.99813,0.99906,8297,18,0
2023-03-23 10:00:00,0.99904,0.99945,0.99337,0.99662,12731,18,0
2023-03-23 12:00:00,0.99662,0.99771,0.99535,0.99676,6533,18,0
2023-03-23 14:00:00,0.99675,0.99746,0.99618,0.99643,9747,18,0
2023-03-23 16:00:00,0.99642,0.99676,0.99491,0.99579,9302,18,0
2023-03-23 18:00:00,0.99579,0.99591,0.99403,0.99416,6952,18,0
2023-03-23 20:00:00,0.99417,0.99455,0.99189,0.99242,11392,18,0
2023-03-23 22:00:00,0.99242,0.99296,0.99196,0.99257,2559,18,0
2023-03-24 00:00:00,0.99272,0.99331,0.99254,0.99318,6947,19,0
2023-03-24 02:00:00,0.99316,0.99316,0.99211,0.99291,4931,18,0
2023-03-24 04:00:00,0.99292,0.99317,0.99201,0.99222,4861,18,0
2023-03-24 06:00:00,0.99224,0.99246,0.99184,0.99211,4804,18,0
2023-03-24 08:00:00,0.99209,0.99389,0.99209,0.99359,4814,18,0
2023-03-24 10:00:00,0.99359,0.99373,0.98481,0.98484,15002,18,0
2023-03-24 12:00:00,0.98484,0.98898,0.98484,0.98766,12698,18,0
2023-03-24 14:00:00,0.98765,0.98856,0.98616,0.98829,12049,18,0
2023-03-24 16:00:00,0.98829,0.98927,0.98677,0.98793,12330,18,0
2023-03-24 18:00:00,0.98793,0.98968,0.9868,0.98907,8229,18,0
2023-03-24 20:00:00,0.98905,0.98989,0.98898,0.98932,4108,18,0
2023-03-24 22:00:00,0.98935,0.98967,0.98894,0.9892,1525,18,0
2023-03-27 00:00:00,0.98777,0.9908,0.98749,0.99048,3483,18,0
2023-03-27 02:00:00,0.99049,0.99051,0.98938,0.98991,4142,18,0
2023-03-27 04:00:00,0.9899,0.99002,0.98909,0.98945,4426,18,0
2023-03-27 06:00:00,0.98943,0.98954,0.98878,0.98913,2784,18,0
2023-03-27 08:00:00,0.98912,0.98928,0.98797,0.98829,5282,18,0
2023-03-27 10:00:00,0.98828,0.98893,0.98587,0.98633,8268,18,0
2023-03-27 12:00:00,0.98628,0.98711,0.98586,0.98644,6661,18,0
2023-03-27 14:00:00,0.98647,0.98849,0.98614,0.98837,6339,18,0
2023-03-27 16:00:00,0.98837,0.98884,0.98778,0.98793,7832,18,0
2023-03-27 18:00:00,0.98793,0.98906,0.9876,0.98859,4470,18,0
2023-03-27 20:00:00,0.9886,0.98966,0.98831,0.98885,3304,18,0
2023-03-27 22:00:00,0.98883,0.98923,0.98824,0.98824,3017,18,0
2023-03-28 00:00:00,0.98823,0.98879,0.98823,0.98842,4737,22,0
2023-03-28 02:00:00,0.98843,0.98925,0.98833,0.98914,3315,18,0
2023-03-28 04:00:00,0.98915,0.98943,0.98799,0.98834,4319,18,0
2023-03-28 06:00:00,0.98836,0.98855,0.98809,0.98838,2145,18,0
2023-03-28 08:00:00,0.98838,0.99206,0.98795,0.99108,4273,18,0
2023-03-28 10:00:00,0.99106,0.99266,0.99106,0.99165,7348,18,0
2023-03-28 12:00:00,0.99167,0.99358,0.99156,0.99302,4912,18,0
2023-03-28 14:00:00,0.99302,0.99525,0.99272,0.99517,6350,18,0
2023-03-28 16:00:00,0.99519,0.9984,0.99472,0.99742,8113,18,0
2023-03-28 18:00:00,0.99742,0.9976,0.99632,0.99673,4813,18,0
2023-03-28 20:00:00,0.99673,0.99698,0.99633,0.99674,2472,18,0
2023-03-28 22:00:00,0.99675,0.99765,0.99647,0.99731,2543,18,0
2023-03-29 00:00:00,0.9971,0.99771,0.99619,0.99771,937,20,0
2023-03-29 02:00:00,0.9977,0.99794,0.99723,0.99753,3645,18,0
2023-03-29 04:00:00,0.99755,0.9983,0.99722,0.99763,3088,18,0
2023-03-29 06:00:00,0.99765,0.99806,0.99735,0.99773,2480,18,0
2023-03-29 08:00:00,0.99772,0.99838,0.99742,0.99747,4949,18,0
2023-03-29 10:00:00,0.99748,0.99772,0.99582,0.9964,6783,18,0
2023-03-29 12:00:00,0.99639,0.9966,0.99458,0.9966,7106,18,0
2023-03-29 14:00:00,0.99656,0.99813,0.99652,0.9975,8389,18,0
2023-03-29 16:00:00,0.99749,0.99849,0.99579,0.99597,9734,18,0
2023-03-29 18:00:00,0.99597,0.99683,0.99498,0.99668,4680,18,0
2023-03-29 20:00:00,0.99667,0.99671,0.99609,0.99645,2535,18,0
2023-03-29 22:00:00,0.99642,0.99658,0.99562,0.99576,2762,18,0
2023-03-30 00:00:00,0.99576,0.99647,0.99542,0.99574,2464,20,0
2023-03-30 02:00:00,0.99575,0.99634,0.99538,0.99623,2271,18,0
2023-03-30 04:00:00,0.99623,0.99628,0.99547,0.99592,2345,18,0
2023-03-30 06:00:00,0.99593,0.99627,0.99571,0.99593,1742,18,0
2023-03-30 08:00:00,0.99591,0.99604,0.99417,0.99441,5625,18,0
2023-03-30 10:00:00,0.99442,0.99642,0.99324,0.99618,8512,18,0
2023-03-30 12:00:00,0.99618,0.9964,0.9944,0.99534,5897,18,0
2023-03-30 14:00:00,0.99536,0.99684,0.99476,0.99611,6931,18,0
2023-03-30 16:00:00,0.99612,0.9979,0.99609,0.99636,8980,18,0
2023-03-30 18:00:00,0.99636,0.99671,0.99565,0.99651,5613,18,0
2023-03-30 20:00:00,0.9965,0.99672,0.99576,0.99647,2497,18,0
2023-03-30 22:00:00,0.99649,0.99705,0.99526,0.99526,2257,18,0
2023-03-31 00:00:00,0.99526,0.99606,0.99518,0.99589,810,20,0
2023-03-31 02:00:00,0.99589,0.99717,0.99566,0.99697,2527,18,0
2023-03-31 04:00:00,0.99697,0.99697,0.99608,0.99676,4136,18,0
2023-03-31 06:00:00,0.99676,0.99684,0.99621,0.99638,1846,18,0
2023-03-31 08:00:00,0.99639,0.99695,0.9956,0.99611,4894,18,0
2023-03-31 10:00:00,0.99612,0.99786,0.9947,0.99757,8860,18,0
2023-03-31 12:00:00,0.99757,0.99895,0.99625,0.99705,7076,18,0
2023-03-31 14:00:00,0.99707,0.99778,0.99547,0.99562,6683,18,0
2023-03-31 16:00:00,0.9956,0.99581,0.99199,0.99269,10086,18,0
2023-03-31 18:00:00,0.99264,0.99374,0.99058,0.99319,5642,18,0
2023-03-31 20:00:00,0.99318,0.99324,0.99227,0.99229,2634,18,0
2023-03-31 22:00:00,0.99231,0.99306,0.99132,0.99132,4582,18,0
2023-04-03 00:00:00,0.99178,0.99245,0.99062,0.99131,1972,18,0
2023-04-03 02:00:00,0.9913,0.99189,0.99093,0.99134,4152,18,0
2023-04-03 04:00:00,0.99134,0.99139,0.99043,0.99065,3326,18,0
2023-04-03 06:00:00,0.99065,0.99132,0.99035,0.99124,2460,18,0
2023-04-03 08:00:00,0.99121,0.99415,0.9912,0.99412,5723,18,0
2023-04-03 10:00:00,0.99409,0.99547,0.99341,0.99488,7042,18,0
2023-04-03 12:00:00,0.99487,0.99613,0.99434,0.99605,5749,18,0
2023-04-03 14:00:00,0.99604,0.99616,0.99375,0.99472,5997,18,0
2023-04-03 16:00:00,0.9948,0.99534,0.99336,0.9936,9947,18,0
2023-04-03 18:00:00,0.99364,0.99459,0.9934,0.99446,4742,18,0
2023-04-03 20:00:00,0.99446,0.99505,0.99401,0.99483,3290,18,0
2023-04-03 22:00:00,0.99482,0.99556,0.99466,0.99478,2561,18,0
2023-04-04 00:00:00,0.99479,0.9952,0.99438,0.99512,3878,18,0
2023-04-04 02:00:00,0.9951,0.99566,0.99492,0.99511,2360,18,0
2023-04-04 04:00:00,0.99509,0.99538,0.99451,0.99461,2638,18,0
2023-04-04 06:00:00,0.99462,0.99516,0.99456,0.99482,2150,18,0
2023-04-04 08:00:00,0.99481,0.99537,0.99463,0.99524,3991,18,0
2023-04-04 10:00:00,0.99523,0.99623,0.99372,0.99536,8681,18,0
2023-04-04 12:00:00,0.99536,0.99701,0.99521,0.99604,7468,18,0
2023-04-04 14:00:00,0.99605,0.9967,0.99476,0.99478,6284,18,0
2023-04-04 16:00:00,0.9948,0.99585,0.99365,0.99536,11427,18,0
2023-04-04 18:00:00,0.99533,0.99547,0.99128,0.99195,7087,18,0
2023-04-04 20:00:00,0.99196,0.99231,0.99146,0.99209,2788,18,0
2023-04-04 22:00:00,0.9921,0.99277,0.99208,0.9922,1913,18,0
2023-04-05 00:00:00,0.99163,0.99256,0.99163,0.99243,1566,18,0
2023-04-05 02:00:00,0.99243,0.99312,0.99223,0.99265,3581,18,0
2023-04-05 04:00:00,0.99266,0.99267,0.99226,0.99252,3250,18,0
2023-04-05 06:00:00,0.99254,0.99268,0.99205,0.99226,2397,18,0
2023-04-05 08:00:00,0.99231,0.99234,0.99131,0.99134,4101,18,0
2023-04-05 10:00:00,0.99134,0.99234,0.99027,0.99062,6514,18,0
2023-04-05 12:00:00,0.99063,0.99177,0.99023,0.99039,4602,18,0
2023-04-05 14:00:00,0.99041,0.99065,0.98881,0.98999,7392,18,0
2023-04-05 16:00:00,0.98998,0.99029,0.98683,0.98712,11794,18,0
2023-04-05 18:00:00,0.98709,0.98891,0.98684,0.98856,4830,18,0
2023-04-05 20:00:00,0.98857,0.98867,0.98782,0.98806,2758,18,0
2023-04-05 22:00:00,0.98807,0.98879,0.98804,0.98862,1894,18,0
2023-04-06 00:00:00,0.98819,0.9888,0.98775,0.98867,1900,18,0
2023-04-06 02:00:00,0.98862,0.98868,0.98771,0.98787,1732,18,0
2023-04-06 04:00:00,0.98786,0.98797,0.98754,0.98782,2362,18,0
2023-04-06 06:00:00,0.98782,0.98829,0.98765,0.98808,1119,18,0
2023-04-06 08:00:00,0.98812,0.98888,0.98776,0.98877,3141,18,0
2023-04-06 10:00:00,0.98882,0.98887,0.98504,0.98569,7022,18,0
2023-04-06 12:00:00,0.98567,0.98769,0.98567,0.98651,4461,18,0
2023-04-06 14:00:00,0.9865,0.98802,0.98649,0.98691,5906,18,0
2023-04-06 16:00:00,0.9869,0.9883,0.98589,0.9877,6881,18,0
2023-04-06 18:00:00,0.98769,0.9885,0.98742,0.98842,3771,18,0
2023-04-06 20:00:00,0.98841,0.98869,0.98781,0.98825,1533,18,0
2023-04-06 22:00:00,0.98826,0.98854,0.9872,0.9872,1742,18,0
2023-04-07 00:00:00,0.98725,0.98777,0.98725,0.98737,4202,24,0
2023-04-07 02:00:00,0.98737,0.98791,0.98737,0.98748,2379,18,0
2023-04-07 04:00:00,0.98749,0.9876,0.98739,0.98742,780,18,0
2023-04-07 06:00:00,0.98744,0.98775,0.98736,0.98741,694,18,0
2023-04-07 08:00:00,0.98741,0.98756,0.9863,0.98631,1229,18,0
2023-04-07 10:00:00,0.9863,0.98717,0.9863,0.98667,1902,18,0
2023-04-07 12:00:00,0.98665,0.98729,0.98637,0.98686,1312,18,0
2023-04-07 14:00:00,0.98688,0.98896,0.9863,0.98808,5306,18,0
2023-04-07 16:00:00,0.98805,0.9887,0.98591,0.98633,3462,18,0
2023-04-07 18:00:00,0.98632,0.98792,0.98628,0.98729,5257,18,0
2023-04-07 20:00:00,0.98718,0.98742,0.98632,0.98691,7962,29,0
2023-04-07 22:00:00,0.98679,0.98727,0.98537,0.98587,4937,37,0
2023-04-10 00:00:00,0.98818,0.98818,0.98565,0.98666,2866,18,0
2023-04-10 02:00:00,0.98666,0.98757,0.98649,0.98744,2498,18,0
2023-04-10 04:00:00,0.98744,0.98777,0.98708,0.98735,2520,18,0
2023-04-10 06:00:00,0.98736,0.98763,0.9872,0.98739,1121,18,0
2023-04-10 08:00:00,0.9874,0.98838,0.98704,0.98823,2768,18,0
2023-04-10 10:00:00,0.98823,0.98857,0.9878,0.98803,3153,18,0
2023-04-10 12:00:00,0.98804,0.98873,0.98761,0.9878,3441,18,0
2023-04-10 14:00:00,0.98779,0.988,0.98689,0.98737,6595,18,0
2023-04-10 16:00:00,0.9874,0.98801,0.98684,0.98747,4907,18,0
2023-04-10 18:00:00,0.98746,0.98773,0.98712,0.98744,2705,18,0
2023-04-10 20:00:00,0.98745,0.98809,0.9874,0.98784,1606,18,0
2023-04-10 22:00:00,0.98785,0.98802,0.98749,0.98749,1655,18,0
2023-04-11 00:00:00,0.98694,0.98788,0.98691,0.9877,1351,18,0
2023-04-11 02:00:00,0.98771,0.98831,0.98754,0.98822,1287,18,0
2023-04-11 04:00:00,0.98823,0.98839,0.98765,0.98821,2298,18,0
2023-04-11 06:00:00,0.98821,0.98834,0.98803,0.9881,1666,18,0
2023-04-11 08:00:00,0.98805,0.98835,0.98698,0.98703,3106,18,0
2023-04-11 10:00:00,0.98703,0.98703,0.98518,0.98604,5934,18,0
2023-04-11 12:00:00,0.98604,0.98752,0.98598,0.98748,3597,18,0
2023-04-11 14:00:00,0.98747,0.98822,0.98644,0.98767,5606,18,0
2023-04-11 16:00:00,0.98768,0.98899,0.98606,0.98625,5742,18,0
2023-04-11 18:00:00,0.98626,0.98657,0.9855,0.98586,3462,18,0
2023-04-11 20:00:00,0.98587,0.98605,0.98487,0.98516,2497,18,0
2023-04-11 22:00:00,0.98517,0.98572,0.98515,0.98561,1852,18,0
2023-04-12 00:00:00,0.9855,0.98572,0.98523,0.98564,627,23,0
2023-04-12 02:00:00,0.98563,0.98626,0.98563,0.986,2053,18,0
2023-04-12 04:00:00,0.98599,0.98599,0.9854,0.98577,3010,18,0
2023-04-12 06:00:00,0.98578,0.98632,0.98571,0.98606,1286,18,0
2023-04-12 08:00:00,0.98606,0.98645,0.9854,0.9858,2463,18,0
2023-04-12 10:00:00,0.9858,0.98694,0.98572,0.98632,4451,18,0
2023-04-12 12:00:00,0.98632,0.98648,0.98522,0.98569,3732,18,0
2023-04-12 14:00:00,0.98569,0.98688,0.98355,0.98428,9088,18,0
2023-04-12 16:00:00,0.98428,0.98543,0.98311,0.98483,10205,18,0
2023-04-12 18:00:00,0.98484,0.98536,0.98423,0.98453,4765,18,0
2023-04-12 20:00:00,0.98452,0.98517,0.98416,0.98485,3189,18,0
2023-04-12 22:00:00,0.98484,0.98515,0.98437,0.98468,1968,18,0
2023-04-13 00:00:00,0.98477,0.98493,0.9844,0.98491,1005,18,0
2023-04-13 02:00:00,0.98491,0.98533,0.98467,0.98513,2208,18,0
2023-04-13 04:00:00,0.98515,0.98562,0.98495,0.98535,2420,18,0
2023-04-13 06:00:00,0.98534,0.98572,0.98492,0.98564,1791,18,0
2023-04-13 08:00:00,0.98564,0.98578,0.98381,0.98383,2899,18,0
2023-04-13 10:00:00,0.98382,0.98412,0.98105,0.98191,8030,18,0
2023-04-13 12:00:00,0.98193,0.98214,0.9807,0.98155,5325,18,0
2023-04-13 14:00:00,0.98154,0.98162,0.9799,0.98035,7494,18,0
2023-04-13 16:00:00,0.98036,0.98346,0.97986,0.98167,9560,18,0
2023-04-13 18:00:00,0.98167,0.98192,0.98043,0.98102,4219,18,0
2023-04-13 20:00:00,0.98103,0.98154,0.98068,0.981,2032,18,0
2023-04-13 22:00:00,0.98095,0.98267,0.98081,0.98253,2042,18,0
2023-04-14 00:00:00,0.98253,0.98261,0.9819,0.98252,688,20,0
2023-04-14 02:00:00,0.98252,0.98279,0.98236,0.98259,1716,18,0
2023-04-14 04:00:00,0.9826,0.98297,0.98246,0.98272,2886,18,0
2023-04-14 06:00:00,0.98275,0.98286,0.98235,0.98255,1772,18,0
2023-04-14 08:00:00,0.98257,0.98283,0.98197,0.98249,2856,18,0
2023-04-14 10:00:00,0.9825,0.9835,0.98125,0.98218,5627,18,0
2023-04-14 12:00:00,0.98217,0.98241,0.98102,0.98135,4133,18,0
2023-04-14 14:00:00,0.98134,0.98445,0.98132,0.98384,9339,18,0
2023-04-14 16:00:00,0.98387,0.98407,0.98218,0.98368,8648,18,0
2023-04-14 18:00:00,0.98369,0.98386,0.98261,0.98284,5622,18,0
2023-04-14 20:00:00,0.98285,0.98326,0.98273,0.98305,2230,18,0
2023-04-14 22:00:00,0.98307,0.98316,0.98225,0.98246,2167,18,0
2023-04-17 00:00:00,0.98268,0.98338,0.98243,0.98306,1423,18,0
2023-04-17 02:00:00,0.98309,0.98329,0.98247,0.98258,1758,18,0
2023-04-17 04:00:00,0.9826,0.98276,0.98179,0.98185,2239,18,0
2023-04-17 06:00:00,0.98187,0.98213,0.98164,0.98205,1372,18,0
2023-04-17 08:00:00,0.98206,0.98249,0.98131,0.98166,2771,18,0
2023-04-17 10:00:00,0.98167,0.9818,0.98088,0.98121,4965,18,0
2023-04-17 12:00:00,0.98122,0.9821,0.98103,0.98135,3518,18,0
2023-04-17 14:00:00,0.98135,0.98169,0.98076,0.98091,5055,18,0
2023-04-17 16:00:00,0.98092,0.98187,0.9803,0.98058,7612,18,0
2023-04-17 18:00:00,0.98058,0.98182,0.98057,0.98143,4216,18,0
2023-04-17 20:00:00,0.98143,0.98231,0.9814,0.98196,1542,18,0
2023-04-17 22:00:00,0.98196,0.98223,0.98159,0.98172,1499,18,0
2023-04-18 00:00:00,0.98145,0.98197,0.98134,0.98167,512,21,0
2023-04-18 02:00:00,0.98167,0.98189,0.98115,0.98139,1221,18,0
2023-04-18 04:00:00,0.98139,0.98187,0.98112,0.9813,2097,18,0
2023-04-18 06:00:00,0.98129,0.98175,0.98116,0.98175,1897,18,0
2023-04-18 08:00:00,0.98175,0.98368,0.98167,0.98346,2996,18,0
2023-04-18 10:00:00,0.98345,0.9842,0.98306,0.98372,5829,18,0
2023-04-18 12:00:00,0.9837,0.98404,0.98325,0.98401,3398,18,0
2023-04-18 14:00:00,0.98401,0.98407,0.98208,0.98326,4847,18,0
2023-04-18 16:00:00,0.98325,0.98428,0.98272,0.984,7654,18,0
2023-04-18 18:00:00,0.984,0.9842,0.98356,0.98389,2707,18,0
2023-04-18 20:00:00,0.9839,0.98408,0.98351,0.98402,2100,18,0
2023-04-18 22:00:00,0.98399,0.98432,0.98304,0.98304,1507,18,0
2023-04-19 00:00:00,0.983,0.98342,0.98288,0.98335,1659,18,0
2023-04-19 02:00:00,0.98334,0.98396,0.98315,0.98391,1637,18,0
2023-04-19 04:00:00,0.98393,0.98414,0.98378,0.98397,1880,18,0
2023-04-19 06:00:00,0.98398,0.98401,0.98367,0.98393,1156,18,0
2023-04-19 08:00:00,0.98392,0.98442,0.98331,0.98422,4924,18,0
2023-04-19 10:00:00,0.98424,0.98451,0.9824,0.98405,6375,18,0
2023-04-19 12:00:00,0.98406,0.98434,0.98272,0.98368,5185,18,0
2023-04-19 14:00:00,0.98368,0.98368,0.98251,0.98323,4641,18,0
2023-04-19 16:00:00,0.98322,0.98472,0.98288,0.98444,6301,18,0
2023-04-19 18:00:00,0.98445,0.98463,0.98366,0.98398,2532,18,0
2023-04-19 20:00:00,0.98397,0.9841,0.98298,0.98301,1737,18,0
2023-04-19 22:00:00,0.98302,0.98348,0.98278,0.98278,1126,18,0
2023-04-20 00:00:00,0.98278,0.98322,0.98272,0.98287,1162,18,0
2023-04-20 02:00:00,0.98288,0.98377,0.98285,0.98367,1285,18,0
2023-04-20 04:00:00,0.98366,0.98381,0.98257,0.98266,2294,18,0
2023-04-20 06:00:00,0.98267,0.98293,0.98239,0.98248,1443,18,0
2023-04-20 08:00:00,0.9825,0.98254,0.9816,0.98214,3404,18,0
2023-04-20 10:00:00,0.98214,0.9829,0.98181,0.98275,5422,18,0
2023-04-20 12:00:00,0.98274,0.98282,0.98042,0.9807,3463,18,0
2023-04-20 14:00:00,0.98071,0.98119,0.97979,0.98019,6306,18,0
2023-04-20 16:00:00,0.98021,0.98105,0.97926,0.98101,7597,18,0
2023-04-20 18:00:00,0.981,0.98147,0.98045,0.98062,3638,18,0
2023-04-20 20:00:00,0.98063,0.98063,0.97929,0.97944,1862,18,0
2023-04-20 22:00:00,0.97944,0.97963,0.97877,0.97878,2341,18,0
2023-04-21 00:00:00,0.97833,0.97905,0.97833,0.97869,488,19,0
2023-04-21 02:00:00,0.97869,0.97938,0.9786,0.9793,1441,18,0
2023-04-21 04:00:00,0.9793,0.97936,0.97895,0.9791,1511,18,0
2023-04-21 06:00:00,0.97909,0.97934,0.97893,0.97908,922,18,0
2023-04-21 08:00:00,0.97907,0.97936,0.97873,0.97873,3137,18,0
2023-04-21 10:00:00,0.97872,0.98029,0.97863,0.97924,6124,18,0
2023-04-21 12:00:00,0.97923,0.98006,0.97911,0.97964,3791,18,0
2023-04-21 14:00:00,0.97964,0.98008,0.97902,0.97939,4167,18,0
2023-04-21 16:00:00,0.97939,0.98045,0.97883,0.98039,8989,18,0
2023-04-21 18:00:00,0.9804,0.98064,0.97923,0.98003,3976,18,0
2023-04-21 20:00:00,0.98004,0.98056,0.97964,0.9804,1818,18,0
2023-04-21 22:00:00,0.98039,0.98073,0.98001,0.98041,2319,18,0
2023-04-24 00:00:00,0.98033,0.98077,0.98023,0.98048,429,18,0
2023-04-24 02:00:00,0.98051,0.98074,0.98018,0.98047,1578,18,0
2023-04-24 04:00:00,0.98048,0.98064,0.98017,0.98025,2350,18,0
2023-04-24 06:00:00,0.98026,0.98027,0.9796,0.97964,2128,18,0
2023-04-24 08:00:00,0.97965,0.97972,0.9784,0.97906,3468,18,0
2023-04-24 10:00:00,0.97908,0.97941,0.97784,0.97891,5389,18,0
2023-04-24 12:00:00,0.9789,0.97986,0.97876,0.97947,5070,18,0
2023-04-24 14:00:00,0.97947,0.97996,0.97902,0.97968,4444,18,0
2023-04-24 16:00:00,0.97969,0.98028,0.97944,0.98013,6160,18,0
2023-04-24 18:00:00,0.98013,0.98046,0.9797,0.9803,3174,18,0
2023-04-24 20:00:00,0.98031,0.98092,0.98021,0.98071,1892,18,0
2023-04-24 22:00:00,0.98072,0.98085,0.98025,0.98029,1372,18,0
2023-04-25 00:00:00,0.98029,0.9807,0.98003,0.98061,1288,19,0
2023-04-25 02:00:00,0.98062,0.9812,0.98029,0.98098,1599,18,0
2023-04-25 04:00:00,0.98096,0.98101,0.98031,0.98053,2238,18,0
2023-04-25 06:00:00,0.98054,0.98074,0.98039,0.98055,1268,18,0
2023-04-25 08:00:00,0.98055,0.98146,0.98024,0.98139,3052,18,0
2023-04-25 10:00:00,0.98139,0.98139,0.97765,0.97858,7865,18,0
2023-04-25 12:00:00,0.97857,0.97893,0.97758,0.97861,4182,18,0
2023-04-25 14:00:00,0.9786,0.97924,0.97777,0.97877,5068,18,0
2023-04-25 16:00:00,0.97875,0.97974,0.97861,0.97949,7129,18,0
2023-04-25 18:00:00,0.9795,0.97969,0.97829,0.97879,4241,18,0
2023-04-25 20:00:00,0.9788,0.97904,0.97798,0.97854,3089,18,0
2023-04-25 22:00:00,0.97857,0.97896,0.97845,0.97847,1963,18,0
2023-04-26 00:00:00,0.97779,0.97903,0.97744,0.97895,2783,18,0
2023-04-26 02:00:00,0.97895,0.97919,0.97848,0.97917,3643,18,0
2023-04-26 04:00:00,0.97917,0.97917,0.97825,0.97837,2652,18,0
2023-04-26 06:00:00,0.97836,0.9785,0.97802,0.9783,2006,18,0
2023-04-26 08:00:00,0.9783,0.98072,0.97794,0.98018,3408,18,0
2023-04-26 10:00:00,0.98018,0.98293,0.98009,0.98243,7944,18,0
2023-04-26 12:00:00,0.98241,0.98273,0.98155,0.98184,5422,18,0
2023-04-26 14:00:00,0.98185,0.98331,0.98121,0.98227,8593,18,0
2023-04-26 16:00:00,0.98228,0.98362,0.98135,0.98309,10839,18,0
2023-04-26 18:00:00,0.9831,0.98436,0.983,0.98431,5128,18,0
2023-04-26 20:00:00,0.98428,0.98443,0.9833,0.98335,2958,18,0
2023-04-26 22:00:00,0.98334,0.98397,0.98303,0.98363,1954,18,0
2023-04-27 00:00:00,0.9836,0.98379,0.98274,0.98366,1762,18,0
2023-04-27 02:00:00,0.98368,0.98394,0.98342,0.98361,1581,18,0
2023-04-27 04:00:00,0.9836,0.98468,0.98357,0.9845,2031,18,0
2023-04-27 06:00:00,0.98451,0.98455,0.98398,0.98445,1523,18,0
2023-04-27 08:00:00,0.98445,0.98512,0.98423,0.98466,3400,18,0
2023-04-27 10:00:00,0.98466,0.98646,0.98391,0.9863,7365,18,0
2023-04-27 12:00:00,0.98629,0.98657,0.9853,0.98593,5072,18,0
2023-04-27 14:00:00,0.98595,0.98793,0.98544,0.98695,8240,18,0
2023-04-27 16:00:00,0.98696,0.98793,0.98598,0.98746,8658,18,0
2023-04-27 18:00:00,0.98748,0.98753,0.98558,0.9858,4803,18,0
2023-04-27 20:00:00,0.98578,0.98589,0.98514,0.98575,2125,18,0
2023-04-27 22:00:00,0.98574,0.98631,0.98552,0.98615,2240,18,0
2023-04-28 00:00:00,0.98573,0.98618,0.98476,0.98588,1055,19,0
2023-04-28 02:00:00,0.98589,0.98628,0.98563,0.98597,2247,18,0
2023-04-28 04:00:00,0.98597,0.98602,0.98486,0.98515,3865,18,0
2023-04-28 06:00:00,0.98515,0.98542,0.98489,0.98537,4296,18,0
2023-04-28 08:00:00,0.98537,0.98599,0.98471,0.98536,6198,18,0
2023-04-28 10:00:00,0.98535,0.9856,0.98387,0.98429,9820,18,0
2023-04-28 12:00:00,0.98428,0.98475,0.98346,0.98368,5484,18,0
2023-04-28 14:00:00,0.98368,0.98437,0.98257,0.98284,7294,18,0
2023-04-28 16:00:00,0.98283,0.98433,0.98146,0.98239,11899,20,0
2023-04-28 18:00:00,0.98239,0.98432,0.98202,0.98413,6710,20,0
2023-04-28 20:00:00,0.98414,0.985,0.98393,0.98463,2776,20,0
2023-04-28 22:00:00,0.98464,0.98568,0.98418,0.98482,2592,20,0
2023-05-01 00:00:00,0.98145,0.98553,0.98145,0.98497,1097,22,0
2023-05-01 02:00:00,0.98497,0.98548,0.98486,0.9849,1501,20,0
2023-05-01 04:00:00,0.98492,0.985,0.98445,0.98465,1164,20,0
2023-05-01 06:00:00,0.98468,0.98469,0.98402,0.98404,1239,20,0
2023-05-01 08:00:00,0.98403,0.9845,0.98352,0.98356,2294,20,0
2023-05-01 10:00:00,0.98354,0.98367,0.98233,0.98301,3847,20,0
2023-05-01 12:00:00,0.98302,0.98332,0.98229,0.9825,2617,20,0
2023-05-01 14:00:00,0.98252,0.9839,0.9823,0.98374,3053,20,0
2023-05-01 16:00:00,0.98375,0.98402,0.9822,0.98326,7046,18,0
2023-05-01 18:00:00,0.98326,0.98363,0.9825,0.9826,4148,18,0
2023-05-01 20:00:00,0.98261,0.98302,0.98227,0.98286,1890,18,0
2023-05-01 22:00:00,0.98287,0.98331,0.98283,0.98289,2452,18,0
2023-05-02 00:00:00,0.98289,0.98298,0.98192,0.98279,1070,23,0
2023-05-02 02:00:00,0.98277,0.98336,0.98255,0.98328,1593,18,0
2023-05-02 04:00:00,0.98327,0.98349,0.98295,0.98333,1434,18,0
2023-05-02 06:00:00,0.98332,0.98397,0.9832,0.9839,2192,18,0
2023-05-02 08:00:00,0.9839,0.98514,0.98334,0.98499,3644,18,0
2023-05-02 10:00:00,0.98498,0.98652,0.9844,0.98543,6766,18,0
2023-05-02 12:00:00,0.98547,0.98598,0.98401,0.98458,5138,18,0
2023-05-02 14:00:00,0.98458,0.9848,0.98357,0.98447,4383,18,0
2023-05-02 16:00:00,0.98447,0.98454,0.98169,0.98189,10472,18,0
2023-05-02 18:00:00,0.98193,0.98254,0.98142,0.98234,5475,18,0
2023-05-02 20:00:00,0.98234,0.98271,0.98217,0.98263,1813,18,0
2023-05-02 22:00:00,0.9826,0.9827,0.98224,0.98224,1720,18,0
2023-05-03 00:00:00,0.98224,0.98273,0.98172,0.98272,1597,18,0
2023-05-03 02:00:00,0.9827,0.98282,0.98233,0.98246,1584,18,0
2023-05-03 04:00:00,0.98246,0.98256,0.98215,0.98235,1170,18,0
2023-05-03 06:00:00,0.98235,0.9826,0.9823,0.98245,1030,18,0
2023-05-03 08:00:00,0.98244,0.98249,0.98094,0.98108,2453,18,0
2023-05-03 10:00:00,0.98109,0.98193,0.97974,0.98001,5476,18,0
2023-05-03 12:00:00,0.98001,0.98093,0.97933,0.98052,4814,18,0
2023-05-03 14:00:00,0.98052,0.98172,0.98003,0.98075,5219,18,0
2023-05-03 16:00:00,0.98072,0.98105,0.97958,0.98073,6721,18,0
2023-05-03 18:00:00,0.98074,0.98103,0.97931,0.97964,4058,18,0
2023-05-03 20:00:00,0.97965,0.98199,0.97889,0.97951,12085,18,0
2023-05-03 22:00:00,0.97951,0.97987,0.97766,0.97766,9947,18,0
2023-05-04 00:00:00,0.97759,0.97861,0.97746,0.97758,3375,18,0
2023-05-04 02:00:00,0.97757,0.97808,0.97746,0.97775,2818,18,0
2023-05-04 04:00:00,0.97775,0.97843,0.97753,0.97828,2587,18,0
2023-05-04 06:00:00,0.97829,0.9786,0.97813,0.97855,1145,18,0
2023-05-04 08:00:00,0.97855,0.97899,0.97788,0.97895,3273,18,0
2023-05-04 10:00:00,0.97895,0.98046,0.97857,0.98021,6735,18,0
2023-05-04 12:00:00,0.98019,0.98122,0.9791,0.97922,5558,18,0
2023-05-04 14:00:00,0.97923,0.98075,0.97779,0.97825,10265,18,0
2023-05-04 16:00:00,0.97827,0.98003,0.97439,0.97551,13792,18,0
2023-05-04 18:00:00,0.97552,0.97596,0.97498,0.9756,6964,18,0
2023-05-04 20:00:00,0.97561,0.97609,0.97535,0.97562,2913,18,0
2023-05-04 22:00:00,0.9756,0.97585,0.97514,0.97535,2013,18,0
2023-05-05 00:00:00,0.97484,0.97596,0.97483,0.97592,906,18,0
2023-05-05 02:00:00,0.9759,0.97608,0.97571,0.97598,1007,18,0
2023-05-05 04:00:00,0.97599,0.9762,0.97582,0.97604,1432,18,0
2023-05-05 06:00:00,0.97603,0.97635,0.97591,0.97607,987,18,0
2023-05-05 08:00:00,0.97608,0.97943,0.97554,0.9785,3485,18,0
2023-05-05 10:00:00,0.97851,0.98488,0.97816,0.98349,6294,18,0
2023-05-05 12:00:00,0.98347,0.9848,0.98257,0.9826,4520,18,0
2023-05-05 14:00:00,0.9826,0.98438,0.98201,0.98293,8648,18,0
2023-05-05 16:00:00,0.98294,0.98347,0.98212,0.98241,8522,20,0
2023-05-05 18:00:00,0.98242,0.98297,0.98212,0.98254,4329,20,0
2023-05-05 20:00:00,0.98253,0.98256,0.98134,0.98162,3015,20,0
2023-05-05 22:00:00,0.98165,0.98174,0.98075,0.98095,2919,20,0
2023-05-08 00:00:00,0.98021,0.98151,0.98021,0.98142,1010,27,0
2023-05-08 02:00:00,0.9814,0.98194,0.98114,0.9813,2522,23,0
2023-05-08 04:00:00,0.98132,0.9818,0.98107,0.98116,3819,23,0
2023-05-08 06:00:00,0.98116,0.98158,0.98098,0.98153,1988,24,0
2023-05-08 08:00:00,0.98151,0.98197,0.98013,0.98039,2660,23,0
2023-05-08 10:00:00,0.98038,0.981,0.97985,0.98048,5451,18,0
2023-05-08 12:00:00,0.98048,0.98156,0.98014,0.98153,4402,18,0
2023-05-08 14:00:00,0.98153,0.9821,0.98083,0.98119,5930,18,0
2023-05-08 16:00:00,0.98119,0.9821,0.97992,0.98007,6919,18,0
2023-05-08 18:00:00,0.98008,0.98037,0.97929,0.97936,4274,18,0
2023-05-08 20:00:00,0.97937,0.97954,0.97851,0.97889,3194,18,0
2023-05-08 22:00:00,0.97891,0.97916,0.97853,0.97856,3411,18,0
2023-05-09 00:00:00,0.97855,0.979,0.97842,0.97871,1915,18,0
2023-05-09 02:00:00,0.97871,0.97891,0.97831,0.97854,2406,18,0
2023-05-09 04:00:00,0.97854,0.97857,0.97818,0.97835,2414,18,0
2023-05-09 06:00:00,0.97834,0.97835,0.97744,0.97754,1860,18,0
2023-05-09 08:00:00,0.97756,0.97829,0.97725,0.97807,4569,18,0
2023-05-09 10:00:00,0.97808,0.97997,0.97798,0.9794,8616,18,0
2023-05-09 12:00:00,0.97939,0.97967,0.97863,0.9792,6014,18,0
2023-05-09 14:00:00,0.97919,0.97948,0.97844,0.97847,5952,18,0
2023-05-09 16:00:00,0.97849,0.97871,0.9762,0.9764,7451,18,0
2023-05-09 18:00:00,0.97639,0.97698,0.97583,0.97659,4127,18,0
2023-05-09 20:00:00,0.97658,0.97665,0.97583,0.97583,3381,18,0
2023-05-09 22:00:00,0.97583,0.9763,0.97579,0.9759,1800,18,0
2023-05-10 00:00:00,0.97592,0.9761,0.97487,0.97596,1081,23,0
2023-05-10 02:00:00,0.97598,0.97624,0.97583,0.97614,1787,18,0
2023-05-10 04:00:00,0.97615,0.97662,0.9759,0.97656,2586,19,0
2023-05-10 06:00:00,0.97657,0.97664,0.9763,0.97631,1054,20,0
2023-05-10 08:00:00,0.97633,0.9766,0.97587,0.97616,3397,18,0
2023-05-10 10:00:00,0.97614,0.97647,0.97424,0.97534,9564,18,0
2023-05-10 12:00:00,0.97533,0.97633,0.97498,0.97623,5857,18,0
2023-05-10 14:00:00,0.97623,0.97737,0.97555,0.97589,11064,18,0
2023-05-10 16:00:00,0.9759,0.97689,0.97502,0.97531,14544,18,0
2023-05-10 18:00:00,0.97532,0.97755,0.97526,0.97703,6048,18,0
2023-05-10 20:00:00,0.97702,0.97716,0.97602,0.97634,4516,18,0
2023-05-10 22:00:00,0.97635,0.97711,0.97631,0.97706,2110,19,0
2023-05-11 00:00:00,0.97701,0.97702,0.97538,0.97672,514,18,0
2023-05-11 02:00:00,0.97671,0.97718,0.97653,0.9771,1543,18,0
2023-05-11 04:00:00,0.9771,0.97738,0.97669,0.97725,2693,18,0
2023-05-11 06:00:00,0.97725,0.97753,0.97704,0.97727,1913,18,0
2023-05-11 08:00:00,0.97725,0.97762,0.976,0.97645,4092,18,0
2023-05-11 10:00:00,0.97645,0.97813,0.97584,0.97764,11958,18,0
2023-05-11 12:00:00,0.97764,0.97782,0.97618,0.97657,6181,18,0
2023-05-11 14:00:00,0.97656,0.97687,0.97496,0.97497,14798,18,0
2023-05-11 16:00:00,0.97496,0.97704,0.97456,0.97627,14581,18,0
2023-05-11 18:00:00,0.97625,0.97752,0.97621,0.97669,5906,18,0
2023-05-11 20:00:00,0.9767,0.97673,0.97592,0.97646,4174,18,0
2023-05-11 22:00:00,0.97647,0.97655,0.97561,0.97584,1816,18,0
2023-05-12 00:00:00,0.97581,0.97615,0.97525,0.97587,1592,25,0
2023-05-12 02:00:00,0.97586,0.97594,0.97565,0.97576,1267,18,0
2023-05-12 04:00:00,0.97576,0.97587,0.97448,0.97458,2258,18,0
2023-05-12 06:00:00,0.97459,0.97542,0.97443,0.97529,2270,18,0
2023-05-12 08:00:00,0.97529,0.97533,0.97417,0.97477,4291,18,0
2023-05-12 10:00:00,0.97479,0.97497,0.97234,0.97318,9091,18,0
2023-05-12 12:00:00,0.97316,0.97499,0.9726,0.97414,6765,18,0
2023-05-12 14:00:00,0.97415,0.97457,0.97254,0.97256,6996,18,0
2023-05-12 16:00:00,0.97256,0.97559,0.97245,0.97424,10706,18,0
2023-05-12 18:00:00,0.97425,0.975,0.97363,0.97448,5404,18,0
2023-05-12 20:00:00,0.97447,0.97464,0.97398,0.97442,2915,18,0
2023-05-12 22:00:00,0.97442,0.97511,0.97424,0.97452,2086,18,0
2023-05-15 00:00:00,0.97281,0.97486,0.97281,0.97464,2228,18,0
2023-05-15 02:00:00,0.97463,0.97509,0.97436,0.97495,3081,19,0
2023-05-15 04:00:00,0.97495,0.97498,0.97445,0.97457,2620,18,0
2023-05-15 06:00:00,0.97457,0.97525,0.97454,0.97509,1869,18,0
2023-05-15 08:00:00,0.9751,0.97527,0.97464,0.97491,4094,18,0
2023-05-15 10:00:00,0.97491,0.97527,0.97404,0.97485,6689,18,0
2023-05-15 12:00:00,0.97485,0.97532,0.97364,0.97481,6059,18,0
2023-05-15 14:00:00,0.9748,0.97496,0.97398,0.9748,7016,18,0
2023-05-15 16:00:00,0.9748,0.97492,0.97276,0.97283,7960,18,0
2023-05-15 18:00:00,0.97283,0.97322,0.97256,0.97276,3404,18,0
2023-05-15 20:00:00,0.97277,0.97331,0.9727,0.97312,2308,18,0
2023-05-15 22:00:00,0.97311,0.9739,0.97309,0.97378,3116,18,0
2023-05-16 00:00:00,0.97381,0.97411,0.97318,0.9739,1955,18,0
2023-05-16 02:00:00,0.9739,0.9739,0.97358,0.97375,2298,18,0
2023-05-16 04:00:00,0.97374,0.97401,0.97341,0.97396,2824,18,0
2023-05-16 06:00:00,0.97395,0.97408,0.97382,0.97389,1642,18,0
2023-05-16 08:00:00,0.97389,0.97393,0.97327,0.97336,4263,18,0
2023-05-16 10:00:00,0.97336,0.97336,0.97187,0.97235,7175,18,0
2023-05-16 12:00:00,0.97236,0.97297,0.97186,0.9729,4500,18,0
2023-05-16 14:00:00,0.97291,0.97351,0.97264,0.97345,10140,18,0
2023-05-16 16:00:00,0.97346,0.97387,0.97309,0.97348,12791,18,0
2023-05-16 18:00:00,0.97349,0.9741,0.97309,0.97374,6684,18,0
2023-05-16 20:00:00,0.97375,0.97393,0.9735,0.97354,2440,18,0
2023-05-16 22:00:00,0.97353,0.97379,0.9734,0.97358,1728,18,0
2023-05-17 00:00:00,0.97357,0.9739,0.97355,0.97375,572,19,0
2023-05-17 02:00:00,0.97376,0.97415,0.97374,0.97396,1592,18,0
2023-05-17 04:00:00,0.97397,0.97413,0.9731,0.97311,1482,18,0
2023-05-17 06:00:00,0.9731,0.97352,0.97291,0.97342,1646,18,0
2023-05-17 08:00:00,0.97342,0.97382,0.97319,0.97321,4258,18,0
2023-05-17 10:00:00,0.9732,0.97553,0.97299,0.97496,9116,18,0
2023-05-17 12:00:00,0.97494,0.97496,0.97332,0.97405,5616,18,0
2023-05-17 14:00:00,0.97405,0.97506,0.97388,0.9749,8182,18,0
2023-05-17 16:00:00,0.97493,0.97618,0.97278,0.97296,10747,18,0
2023-05-17 18:00:00,0.97296,0.97427,0.97289,0.97395,5099,18,0
2023-05-17 20:00:00,0.97395,0.97435,0.97387,0.97403,3289,18,0
2023-05-17 22:00:00,0.97402,0.97413,0.97362,0.97387,1810,18,0
2023-05-18 00:00:00,0.97379,0.97414,0.97362,0.97382,1159,18,0
2023-05-18 02:00:00,0.97381,0.97415,0.97366,0.97404,1863,18,0
2023-05-18 04:00:00,0.97405,0.97426,0.97377,0.97405,3541,18,0
2023-05-18 06:00:00,0.97405,0.9741,0.97373,0.97398,1357,18,0
2023-05-18 08:00:00,0.97398,0.97448,0.97278,0.97279,4385,18,0
2023-05-18 10:00:00,0.9728,0.97417,0.97246,0.9739,9406,18,0
2023-05-18 12:00:00,0.9739,0.97405,0.97348,0.97374,4331,18,0
2023-05-18 14:00:00,0.97374,0.97397,0.9729,0.97321,8104,18,0
2023-05-18 16:00:00,0.9732,0.97587,0.97252,0.97524,11700,18,0
2023-05-18 18:00:00,0.97525,0.97533,0.97408,0.97438,4468,18,0
2023-05-18 20:00:00,0.97438,0.97486,0.97427,0.97457,2095,18,0
2023-05-18 22:00:00,0.97457,0.97495,0.97431,0.97468,2759,18,0
2023-05-19 00:00:00,0.97467,0.97497,0.97419,0.97493,1768,18,0
2023-05-19 02:00:00,0.97492,0.97499,0.9744,0.97454,2873,18,0
2023-05-19 04:00:00,0.97454,0.97482,0.97437,0.97458,3155,18,0
2023-05-19 06:00:00,0.97457,0.97461,0.97389,0.97405,2323,18,0
2023-05-19 08:00:00,0.97404,0.9742,0.97351,0.97356,5562,18,0
2023-05-19 10:00:00,0.97355,0.97422,0.97278,0.97406,6724,18,0
2023-05-19 12:00:00,0.97404,0.97505,0.97363,0.97391,7238,18,0
2023-05-19 14:00:00,0.97391,0.97486,0.97347,0.97447,8211,18,0
2023-05-19 16:00:00,0.97446,0.97486,0.97201,0.97298,9410,18,0
2023-05-19 18:00:00,0.97298,0.97319,0.97121,0.97254,13294,18,0
2023-05-19 20:00:00,0.97252,0.97274,0.97213,0.97228,3056,18,0
2023-05-19 22:00:00,0.9723,0.97264,0.97149,0.97186,3438,18,0
2023-05-22 00:00:00,0.97088,0.972,0.97079,0.97192,821,20,0
2023-05-22 02:00:00,0.97192,0.97216,0.97169,0.97179,2456,18,0
2023-05-22 04:00:00,0.97179,0.97184,0.97124,0.97176,4938,18,0
2023-05-22 06:00:00,0.97176,0.97188,0.9714,0.97168,3344,18,0
2023-05-22 08:00:00,0.97168,0.97177,0.9711,0.97137,3582,18,0
2023-05-22 10:00:00,0.97138,0.97154,0.96791,0.96814,6668,18,0
2023-05-22 12:00:00,0.96814,0.96873,0.96763,0.96873,6478,18,0
2023-05-22 14:00:00,0.96874,0.97051,0.96852,0.9703,7348,18,0
2023-05-22 16:00:00,0.97031,0.97127,0.96964,0.97077,13650,18,0
2023-05-22 18:00:00,0.97078,0.97168,0.9704,0.97083,5663,18,0
2023-05-22 20:00:00,0.97084,0.97115,0.9703,0.97056,3953,18,0
2023-05-22 22:00:00,0.97057,0.97095,0.97033,0.9706,2359,19,0
2023-05-23 00:00:00,0.97065,0.97101,0.97054,0.97066,1014,21,0
2023-05-23 02:00:00,0.97066,0.97112,0.97058,0.97096,1910,18,0
2023-05-23 04:00:00,0.97097,0.97146,0.97091,0.97104,2777,20,0
2023-05-23 06:00:00,0.97105,0.97118,0.97074,0.97117,1662,20,0
2023-05-23 08:00:00,0.97116,0.9716,0.97061,0.97098,4778,18,0
2023-05-23 10:00:00,0.97099,0.97187,0.97007,0.97146,9974,18,0
2023-05-23 12:00:00,0.97145,0.97181,0.97097,0.97134,4624,18,0
2023-05-23 14:00:00,0.97134,0.97203,0.97083,0.97177,6687,18,0
2023-05-23 16:00:00,0.97178,0.97178,0.96987,0.96997,13766,18,0
2023-05-23 18:00:00,0.96996,0.97107,0.96994,0.9707,5258,18,0
2023-05-23 20:00:00,0.97071,0.97161,0.97055,0.97108,4067,18,0
2023-05-23 22:00:00,0.97109,0.97136,0.97033,0.97033,1806,19,0
2023-05-24 00:00:00,0.97024,0.97106,0.97024,0.97095,1354,18,0
2023-05-24 02:00:00,0.97095,0.97098,0.97037,0.97058,1147,18,0
2023-05-24 04:00:00,0.97058,0.97081,0.97044,0.97059,3777,19,0
2023-05-24 06:00:00,0.9706,0.97123,0.97057,0.97109,3156,18,0
2023-05-24 08:00:00,0.9711,0.97234,0.97102,0.97203,4757,18,0
2023-05-24 10:00:00,0.97201,0.97226,0.97111,0.97204,8044,18,0
2023-05-24 12:00:00,0.97203,0.97295,0.97079,0.97134,5494,18,0
2023-05-24 14:00:00,0.97134,0.97471,0.97119,0.97378,6928,18,0
2023-05-24 16:00:00,0.97378,0.975,0.97344,0.97349,9247,18,0
2023-05-24 18:00:00,0.97349,0.97486,0.97313,0.97429,8281,18,0
2023-05-24 20:00:00,0.97429,0.97433,0.97282,0.97308,4094,18,0
2023-05-24 22:00:00,0.97307,0.97329,0.97262,0.97277,3732,18,0
2023-05-25 00:00:00,0.97276,0.97306,0.97216,0.97267,2899,23,0
2023-05-25 02:00:00,0.97266,0.97276,0.97208,0.97213,3312,23,0
2023-05-25 04:00:00,0.97214,0.97284,0.97185,0.97283,3818,23,0
2023-05-25 06:00:00,0.97282,0.97318,0.97271,0.97279,2186,18,0
2023-05-25 08:00:00,0.97279,0.97317,0.97214,0.97237,5527,18,0
2023-05-25 10:00:00,0.97238,0.97252,0.97006,0.9712,6926,18,0
2023-05-25 12:00:00,0.9712,0.97252,0.97104,0.97147,5082,18,0
2023-05-25 14:00:00,0.97147,0.97175,0.96998,0.97142,8358,18,0
2023-05-25 16:00:00,0.97142,0.97147,0.97035,0.97082,9706,18,0
2023-05-25 18:00:00,0.97085,0.97196,0.97081,0.97171,5733,18,0
2023-05-25 20:00:00,0.97171,0.97213,0.97137,0.97164,3240,18,0
2023-05-25 22:00:00,0.97164,0.97182,0.9711,0.97119,3358,18,0
2023-05-26 00:00:00,0.97122,0.97164,0.97051,0.97104,2236,18,0
2023-05-26 02:00:00,0.97105,0.97106,0.97051,0.97084,2776,18,0
2023-05-26 04:00:00,0.97085,0.97158,0.97053,0.97145,4116,18,0
2023-05-26 06:00:00,0.97146,0.97163,0.97128,0.97148,3469,18,0
2023-05-26 08:00:00,0.97149,0.97157,0.97072,0.97091,4774,18,0
2023-05-26 10:00:00,0.97092,0.97136,0.96888,0.97003,6652,18,0
2023-05-26 12:00:00,0.97001,0.9702,0.96867,0.96994,5592,18,0
2023-05-26 14:00:00,0.96995,0.97075,0.96983,0.97062,5808,18,0
2023-05-26 16:00:00,0.97062,0.97125,0.97012,0.97106,12584,18,0
2023-05-26 18:00:00,0.97105,0.9714,0.97031,0.97061,5591,18,0
2023-05-26 20:00:00,0.97062,0.97114,0.97036,0.97067,3364,18,0
2023-05-26 22:00:00,0.97068,0.97098,0.97041,0.97047,2328,19,0
2023-05-29 00:00:00,0.96937,0.97131,0.96937,0.97071,2302,18,0
2023-05-29 02:00:00,0.97072,0.9712,0.97069,0.97103,2034,18,0
2023-05-29 04:00:00,0.97103,0.97167,0.97101,0.97146,4026,18,0
2023-05-29 06:00:00,0.97147,0.97151,0.97119,0.9714,1867,18,0
2023-05-29 08:00:00,0.9714,0.97145,0.97098,0.97103,3272,18,0
2023-05-29 10:00:00,0.97103,0.97125,0.96847,0.96865,3917,18,0
2023-05-29 12:00:00,0.96863,0.96866,0.96797,0.96846,3454,18,0
2023-05-29 14:00:00,0.96846,0.96855,0.96749,0.96794,4346,18,0
2023-05-29 16:00:00,0.96794,0.96829,0.96743,0.96827,3043,18,0
2023-05-29 18:00:00,0.96826,0.96826,0.96777,0.96817,2324,18,0
2023-05-29 20:00:00,0.96818,0.96837,0.96799,0.96836,893,18,0
2023-05-29 22:00:00,0.96836,0.96862,0.96811,0.96825,2614,18,0
2023-05-30 00:00:00,0.96811,0.96854,0.96809,0.96845,1018,24,0
2023-05-30 02:00:00,0.96845,0.96861,0.96785,0.96828,3346,22,0
2023-05-30 04:00:00,0.96828,0.96868,0.96828,0.96844,4916,18,0
2023-05-30 06:00:00,0.96844,0.96848,0.96778,0.96797,2091,18,0
2023-05-30 08:00:00,0.96798,0.96867,0.96737,0.96801,7561,18,0
2023-05-30 10:00:00,0.96785,0.96968,0.96711,0.96842,9693,18,0
2023-05-30 12:00:00,0.96847,0.96876,0.9674,0.96835,6682,18,0
2023-05-30 14:00:00,0.96835,0.9694,0.96818,0.96828,6793,18,0
2023-05-30 16:00:00,0.96828,0.96996,0.96816,0.96966,7854,18,0
2023-05-30 18:00:00,0.96968,0.97164,0.96933,0.97159,4695,18,0
2023-05-30 20:00:00,0.97158,0.97178,0.9712,0.97136,2331,18,0
2023-05-30 22:00:00,0.97135,0.97231,0.97122,0.97218,2163,18,0
2023-05-31 00:00:00,0.97218,0.97247,0.97173,0.97231,954,20,0
2023-05-31 02:00:00,0.97233,0.97261,0.97207,0.9722,1630,18,0
2023-05-31 04:00:00,0.97222,0.97222,0.97143,0.97144,3222,18,0
2023-05-31 06:00:00,0.97144,0.97178,0.97114,0.97158,2079,18,0
2023-05-31 08:00:00,0.97157,0.9717,0.97085,0.97152,7521,18,0
2023-05-31 10:00:00,0.97152,0.97322,0.97104,0.97128,8527,18,0
2023-05-31 12:00:00,0.97138,0.97271,0.97112,0.97188,4683,18,0
2023-05-31 14:00:00,0.97187,0.97331,0.9718,0.97261,6983,18,0
2023-05-31 16:00:00,0.97263,0.97508,0.97255,0.97442,13612,18,0
2023-05-31 18:00:00,0.9744,0.97464,0.97238,0.97258,8858,18,0
2023-05-31 20:00:00,0.97258,0.97261,0.97191,0.97257,6567,18,0
2023-05-31 22:00:00,0.97258,0.97336,0.97218,0.97328,3781,18,0
2023-06-01 00:00:00,0.97328,0.97356,0.97262,0.97348,1699,18,0
2023-06-01 02:00:00,0.97346,0.97352,0.97286,0.97294,2143,19,0
2023-06-01 04:00:00,0.97293,0.97358,0.97279,0.97335,3702,18,0
2023-06-01 06:00:00,0.97335,0.97352,0.97293,0.97294,1768,18,0
2023-06-01 08:00:00,0.97293,0.97321,0.97249,0.97321,5099,18,0
2023-06-01 10:00:00,0.97319,0.97328,0.97112,0.97246,6658,18,0
2023-06-01 12:00:00,0.97245,0.97293,0.97224,0.97243,6537,18,0
2023-06-01 14:00:00,0.97242,0.97359,0.97195,0.97293,7266,18,0
2023-06-01 16:00:00,0.97293,0.97586,0.97283,0.97522,11085,18,0
2023-06-01 18:00:00,0.97521,0.97612,0.97511,0.9759,8346,18,0
2023-06-01 20:00:00,0.97591,0.97602,0.97464,0.97493,3210,18,0
2023-06-01 22:00:00,0.97493,0.97539,0.97407,0.9743,2169,18,0
2023-06-02 00:00:00,0.97434,0.97472,0.97387,0.97456,1358,19,0
2023-06-02 02:00:00,0.97455,0.97457,0.97401,0.97411,2133,18,0
2023-06-02 04:00:00,0.97413,0.97427,0.97393,0.97396,2964,18,0
2023-06-02 06:00:00,0.97397,0.97406,0.9736,0.97364,1905,18,0
2023-06-02 08:00:00,0.97363,0.97419,0.97341,0.97359,4272,18,0
2023-06-02 10:00:00,0.97358,0.97442,0.97295,0.97435,6195,18,0
2023-06-02 12:00:00,0.97434,0.97534,0.97409,0.97488,4859,18,0
2023-06-02 14:00:00,0.97489,0.97599,0.97466,0.97508,9608,18,0
2023-06-02 16:00:00,0.97513,0.97514,0.97276,0.9728,11342,18,0
2023-06-02 18:00:00,0.97279,0.97377,0.97274,0.97299,6435,18,0
2023-06-02 20:00:00,0.97299,0.9734,0.97283,0.97339,3085,18,0
2023-06-02 22:00:00,0.97339,0.97355,0.97291,0.97294,2832,18,0
2023-06-05 00:00:00,0.97235,0.97299,0.97184,0.9729,1346,20,0
2023-06-05 02:00:00,0.97293,0.97338,0.9729,0.97324,2553,18,0
2023-06-05 04:00:00,0.97325,0.97396,0.973,0.97354,4507,18,0
2023-06-05 06:00:00,0.97353,0.97361,0.97322,0.97358,2924,18,0
2023-06-05 08:00:00,0.97358,0.97507,0.97248,0.97314,4473,18,0
2023-06-05 10:00:00,0.97313,0.97465,0.97313,0.97408,7881,18,0
2023-06-05 12:00:00,0.97407,0.97439,0.97301,0.97406,4334,18,0
2023-06-05 14:00:00,0.97406,0.97425,0.97276,0.97308,4531,18,0
2023-06-05 16:00:00,0.97307,0.97338,0.96996,0.97057,10356,18,0
2023-06-05 18:00:00,0.97057,0.97116,0.97013,0.97017,4961,18,0
2023-06-05 20:00:00,0.97018,0.97019,0.96954,0.97019,3668,18,0
2023-06-05 22:00:00,0.97018,0.97071,0.97004,0.97066,1852,18,0
2023-06-06 00:00:00,0.97059,0.97086,0.97027,0.9707,1642,18,0
2023-06-06 02:00:00,0.97069,0.97071,0.97029,0.97061,1853,18,0
2023-06-06 04:00:00,0.97061,0.97064,0.97038,0.97041,2528,18,0
2023-06-06 06:00:00,0.97041,0.97072,0.97023,0.97029,3124,18,0
2023-06-06 08:00:00,0.97029,0.97052,0.96914,0.96939,5480,18,0
2023-06-06 10:00:00,0.96938,0.97093,0.96876,0.96937,11144,18,0
2023-06-06 12:00:00,0.96937,0.97087,0.9693,0.97083,5872,18,0
2023-06-06 14:00:00,0.97084,0.97089,0.96944,0.9697,6045,18,0
2023-06-06 16:00:00,0.9697,0.97136,0.96955,0.97125,8014,18,0
2023-06-06 18:00:00,0.97125,0.97132,0.96997,0.97008,3609,18,0
2023-06-06 20:00:00,0.97009,0.97068,0.96972,0.97047,2185,18,0
2023-06-06 22:00:00,0.97047,0.97068,0.97019,0.97023,1753,18,0
2023-06-07 00:00:00,0.97021,0.97057,0.9699,0.97045,760,21,0
2023-06-07 02:00:00,0.97045,0.97052,0.96993,0.97011,1565,18,0
2023-06-07 04:00:00,0.97012,0.9704,0.96962,0.96979,3757,18,0
2023-06-07 06:00:00,0.96978,0.96984,0.96953,0.9696,1857,19,0
2023-06-07 08:00:00,0.96959,0.96986,0.96905,0.96909,3783,18,0
2023-06-07 10:00:00,0.96909,0.97019,0.96902,0.96913,5562,18,0
2023-06-07 12:00:00,0.96912,0.97039,0.96898,0.97036,5059,18,0
2023-06-07 14:00:00,0.97035,0.97085,0.96981,0.97083,5299,18,0
2023-06-07 16:00:00,0.97082,0.972,0.97062,0.9719,10483,18,0
2023-06-07 18:00:00,0.97189,0.97301,0.97145,0.97271,4768,18,0
2023-06-07 20:00:00,0.97271,0.97362,0.97239,0.97356,3210,18,0
2023-06-07 22:00:00,0.97354,0.97388,0.97342,0.97352,2287,18,0
2023-06-08 00:00:00,0.97352,0.97367,0.97244,0.97337,2146,18,0
2023-06-08 02:00:00,0.97337,0.97387,0.97329,0.97356,1853,18,0
2023-06-08 04:00:00,0.97354,0.9739,0.97342,0.97349,2547,18,0
2023-06-08 06:00:00,0.97348,0.97409,0.97344,0.97394,2890,18,0
2023-06-08 08:00:00,0.97394,0.97484,0.97357,0.97482,4283,18,0
2023-06-08 10:00:00,0.97483,0.97511,0.97319,0.97457,6518,18,0
2023-06-08 12:00:00,0.97458,0.97605,0.97458,0.97567,4588,18,0
2023-06-08 14:00:00,0.97567,0.97592,0.97017,0.97017,8372,18,0
2023-06-08 16:00:00,0.97019,0.97063,0.96906,0.9703,12875,18,0
2023-06-08 18:00:00,0.9703,0.97097,0.96985,0.97074,4769,18,0
2023-06-08 20:00:00,0.97073,0.97073,0.96918,0.96918,2412,18,0
2023-06-08 22:00:00,0.96918,0.96954,0.96878,0.96893,2269,18,0
2023-06-09 00:00:00,0.9686,0.96938,0.96859,0.96921,1242,18,0
2023-06-09 02:00:00,0.96921,0.96957,0.96894,0.96944,2022,19,0
2023-06-09 04:00:00,0.96946,0.9696,0.9691,0.96923,2492,18,0
2023-06-09 06:00:00,0.96924,0.96955,0.96919,0.96931,1756,18,0
2023-06-09 08:00:00,0.96932,0.96968,0.96843,0.96877,3329,18,0
2023-06-09 10:00:00,0.96875,0.97033,0.96834,0.96912,7391,18,0
2023-06-09 12:00:00,0.96911,0.97078,0.96887,0.97037,6886,18,0
2023-06-09 14:00:00,0.97037,0.97174,0.96986,0.97013,8638,18,0
2023-06-09 16:00:00,0.97013,0.97174,0.96982,0.97036,9770,18,0
2023-06-09 18:00:00,0.97036,0.97073,0.96965,0.97053,4657,18,0
2023-06-09 20:00:00,0.97052,0.97079,0.96999,0.97075,1953,18,0
2023-06-09 22:00:00,0.97074,0.97119,0.97024,0.97036,2512,18,0
2023-06-12 00:00:00,0.96955,0.97098,0.96955,0.97088,959,18,0
2023-06-12 02:00:00,0.97087,0.97115,0.97058,0.97097,2266,18,0
2023-06-12 04:00:00,0.97096,0.97101,0.97061,0.97079,2572,18,0
2023-06-12 06:00:00,0.97079,0.97123,0.97062,0.97121,1776,18,0
2023-06-12 08:00:00,0.97122,0.97177,0.97087,0.97089,2581,18,0
2023-06-12 10:00:00,0.97092,0.97241,0.97044,0.97237,6861,18,0
2023-06-12 12:00:00,0.97236,0.97506,0.97219,0.97481,6281,18,0
2023-06-12 14:00:00,0.97481,0.97548,0.97421,0.97523,5870,18,0
2023-06-12 16:00:00,0.97524,0.97743,0.97515,0.97714,8374,18,0
2023-06-12 18:00:00,0.97715,0.97867,0.97696,0.97857,5604,18,0
2023-06-12 20:00:00,0.97856,0.97862,0.97802,0.97853,2881,18,0
2023-06-12 22:00:00,0.97852,0.97852,0.97729,0.97754,2303,18,0
2023-06-13 00:00:00,0.97747,0.97771,0.97687,0.9776,1906,21,0
2023-06-13 02:00:00,0.97757,0.97806,0.97745,0.97796,1530,18,0
2023-06-13 04:00:00,0.97796,0.97806,0.97765,0.97797,2167,18,0
2023-06-13 06:00:00,0.97797,0.97818,0.97763,0.97769,1532,18,0
2023-06-13 08:00:00,0.97768,0.97799,0.97612,0.97644,4520,18,0
2023-06-13 10:00:00,0.97644,0.97776,0.97545,0.97764,7099,18,0
2023-06-13 12:00:00,0.97764,0.97943,0.9775,0.9785,4570,18,0
2023-06-13 14:00:00,0.9785,0.97857,0.9768,0.97837,5118,18,0
2023-06-13 16:00:00,0.97836,0.9787,0.97707,0.97786,10140,18,0
2023-06-13 18:00:00,0.97785,0.97829,0.97527,0.97624,5874,18,0
2023-06-13 20:00:00,0.97623,0.97733,0.97598,0.97728,4505,18,0
2023-06-13 22:00:00,0.97729,0.97751,0.97668,0.97683,2821,18,0
2023-06-14 00:00:00,0.97687,0.97687,0.97616,0.97643,1856,20,0
2023-06-14 02:00:00,0.97642,0.97682,0.97638,0.97676,1152,18,0
2023-06-14 04:00:00,0.97676,0.97686,0.97616,0.97641,2327,18,0
2023-06-14 06:00:00,0.97642,0.97647,0.9761,0.9763,1332,18,0
2023-06-14 08:00:00,0.97636,0.97646,0.97571,0.97585,3279,19,0
2023-06-14 10:00:00,0.97585,0.97673,0.97547,0.97667,5175,18,0
2023-06-14 12:00:00,0.97667,0.97681,0.97501,0.97546,3706,18,0
2023-06-14 14:00:00,0.97547,0.97589,0.9735,0.97353,6456,18,0
2023-06-14 16:00:00,0.97353,0.97456,0.97295,0.97453,6655,18,0
2023-06-14 18:00:00,0.97453,0.97475,0.97344,0.974,4470,18,0
2023-06-14 20:00:00,0.97397,0.9754,0.97364,0.97456,13115,18,0
2023-06-14 22:00:00,0.97455,0.97619,0.97438,0.97595,6909,18,0
2023-06-15 00:00:00,0.97589,0.97589,0.97488,0.97563,956,23,0
2023-06-15 02:00:00,0.97564,0.97628,0.97556,0.97615,1372,18,0
2023-06-15 04:00:00,0.97616,0.97672,0.9759,0.97654,1940,18,0
2023-06-15 06:00:00,0.97654,0.97725,0.97634,0.97717,1750,18,0
2023-06-15 08:00:00,0.97717,0.97803,0.97694,0.97784,4512,18,0
2023-06-15 10:00:00,0.97786,0.97888,0.97763,0.97833,5399,18,0
2023-06-15 12:00:00,0.97831,0.97832,0.9759,0.97639,4004,18,0
2023-06-15 14:00:00,0.97641,0.97831,0.97546,0.97722,9497,18,0
2023-06-15 16:00:00,0.97723,0.9784,0.97495,0.97568,10010,18,0
2023-06-15 18:00:00,0.97566,0.97672,0.97489,0.97542,5342,18,0
2023-06-15 20:00:00,0.97541,0.9758,0.97494,0.97568,2364,18,0
2023-06-15 22:00:00,0.97569,0.97602,0.97541,0.97579,2837,18,0
2023-06-16 00:00:00,0.97578,0.97611,0.97516,0.97596,1908,19,0
2023-06-16 02:00:00,0.97597,0.97614,0.97581,0.97596,2969,18,0
2023-06-16 04:00:00,0.97597,0.97628,0.97567,0.97578,3978,18,0
2023-06-16 06:00:00,0.9758,0.97619,0.97566,0.97599,2660,18,0
2023-06-16 08:00:00,0.97599,0.97643,0.97534,0.9758,5799,18,0
2023-06-16 10:00:00,0.9758,0.9764,0.97456,0.97541,7407,18,0
2023-06-16 12:00:00,0.97542,0.97702,0.97492,0.97626,4948,18,0
2023-06-16 14:00:00,0.97627,0.97763,0.97627,0.97753,6542,18,0
2023-06-16 16:00:00,0.97753,0.97812,0.97633,0.97662,10453,18,0
2023-06-16 18:00:00,0.9766,0.9773,0.97574,0.97715,6064,18,0
2023-06-16 20:00:00,0.97716,0.97805,0.97664,0.97804,3528,18,0
2023-06-16 22:00:00,0.97803,0.97831,0.97752,0.97801,4218,18,0
2023-06-19 00:00:00,0.97741,0.97857,0.97673,0.97837,4322,21,0
2023-06-19 02:00:00,0.97838,0.97872,0.97797,0.97819,4907,18,0
2023-06-19 04:00:00,0.97818,0.97831,0.97784,0.97794,1780,20,0
2023-06-19 06:00:00,0.97794,0.97826,0.97767,0.97777,1515,18,0
2023-06-19 08:00:00,0.97775,0.97779,0.97682,0.97687,2863,18,0
2023-06-19 10:00:00,0.97686,0.97797,0.97654,0.97772,6851,18,0
2023-06-19 12:00:00,0.97771,0.97868,0.97713,0.97742,5097,18,0
2023-06-19 14:00:00,0.97745,0.97827,0.97648,0.9782,4181,18,0
2023-06-19 16:00:00,0.97821,0.97996,0.97785,0.97876,5213,18,0
2023-06-19 18:00:00,0.97878,0.97911,0.97831,0.97833,2886,18,0
2023-06-19 20:00:00,0.97832,0.97866,0.9782,0.97849,1461,18,0
2023-06-19 22:00:00,0.9785,0.97864,0.97791,0.97803,1044,18,0
2023-06-20 00:00:00,0.97807,0.9783,0.97781,0.97826,931,19,0
2023-06-20 02:00:00,0.97825,0.97876,0.97818,0.9785,3122,18,0
2023-06-20 04:00:00,0.97851,0.97876,0.97821,0.97873,5386,18,0
2023-06-20 06:00:00,0.97874,0.97913,0.97866,0.97911,2164,18,0
2023-06-20 08:00:00,0.9791,0.97981,0.97901,0.97966,5673,18,0
2023-06-20 10:00:00,0.97964,0.98133,0.97948,0.98088,8157,18,0
2023-06-20 12:00:00,0.98088,0.98101,0.97973,0.98098,4378,18,0
2023-06-20 14:00:00,0.98097,0.98122,0.9798,0.97992,5804,18,0
2023-06-20 16:00:00,0.9799,0.98088,0.97953,0.97999,8114,18,0
2023-06-20 18:00:00,0.97999,0.98053,0.97972,0.98032,4883,18,0
2023-06-20 20:00:00,0.98033,0.98045,0.9801,0.98012,4423,18,0
2023-06-20 22:00:00,0.98011,0.98026,0.97982,0.97994,1659,19,0
2023-06-21 00:00:00,0.97982,0.98026,0.97982,0.98009,1196,19,0
2023-06-21 02:00:00,0.98009,0.98054,0.98006,0.98031,1963,18,0
2023-06-21 04:00:00,0.9803,0.98088,0.9802,0.98073,3756,18,0
2023-06-21 06:00:00,0.98072,0.98091,0.98058,0.9806,3190,18,0
2023-06-21 08:00:00,0.9806,0.98118,0.98014,0.98053,4704,18,0
2023-06-21 10:00:00,0.98053,0.98201,0.97968,0.97969,7256,18,0
2023-06-21 12:00:00,0.97969,0.98064,0.97959,0.97993,5051,18,0
2023-06-21 14:00:00,0.97995,0.98103,0.97922,0.98088,6363,18,0
2023-06-21 16:00:00,0.98086,0.98177,0.97977,0.98044,10023,18,0
2023-06-21 18:00:00,0.98043,0.98083,0.979,0.98074,6004,18,0
2023-06-21 20:00:00,0.98075,0.98084,0.98012,0.98056,4662,18,0
2023-06-21 22:00:00,0.98056,0.98118,0.98054,0.98102,2811,18,0
2023-06-22 00:00:00,0.98102,0.98102,0.98037,0.98066,1511,21,0
2023-06-22 02:00:00,0.98065,0.98104,0.98041,0.98064,2365,18,0
2023-06-22 04:00:00,0.98062,0.9809,0.9804,0.98069,1910,18,0
2023-06-22 06:00:00,0.98069,0.98092,0.9804,0.98078,1842,18,0
2023-06-22 08:00:00,0.98078,0.98118,0.9802,0.98044,3998,18,0
2023-06-22 10:00:00,0.98044,0.9837,0.97891,0.98271,10663,18,0
2023-06-22 12:00:00,0.98272,0.98413,0.98196,0.98262,5813,18,0
2023-06-22 14:00:00,0.98263,0.98341,0.98179,0.98334,10285,18,0
2023-06-22 16:00:00,0.98334,0.98364,0.98203,0.98291,10242,18,0
2023-06-22 18:00:00,0.9829,0.98295,0.98162,0.98242,5428,18,0
2023-06-22 20:00:00,0.98244,0.98276,0.98192,0.98211,4484,18,0
2023-06-22 22:00:00,0.98212,0.98212,0.98001,0.98007,3865,18,0
2023-06-23 00:00:00,0.98005,0.9804,0.97959,0.98035,2442,19,0
2023-06-23 02:00:00,0.98035,0.98082,0.98018,0.98058,2365,18,0
2023-06-23 04:00:00,0.98059,0.9811,0.98055,0.981,3853,18,0
2023-06-23 06:00:00,0.981,0.98106,0.98066,0.98075,2626,18,0
2023-06-23 08:00:00,0.98075,0.98126,0.9804,0.98098,5086,18,0
2023-06-23 10:00:00,0.98097,0.9814,0.97671,0.97679,13415,18,0
2023-06-23 12:00:00,0.97679,0.97735,0.97625,0.97718,7638,18,0
2023-06-23 14:00:00,0.97718,0.97746,0.97513,0.97559,6915,18,0
2023-06-23 16:00:00,0.97558,0.97752,0.97489,0.97743,11358,18,0
2023-06-23 18:00:00,0.97743,0.97785,0.97654,0.97756,6472,18,0
2023-06-23 20:00:00,0.97756,0.97773,0.977,0.97723,5211,18,0
2023-06-23 22:00:00,0.9772,0.9772,0.97658,0.97668,5065,18,0
2023-06-26 00:00:00,0.97741,0.97741,0.9757,0.97673,1920,29,0
2023-06-26 02:00:00,0.97672,0.97716,0.97637,0.97711,3606,18,0
2023-06-26 04:00:00,0.97712,0.97754,0.97667,0.97695,3629,18,0
2023-06-26 06:00:00,0.97695,0.97713,0.97662,0.97671,1938,18,0
2023-06-26 08:00:00,0.97671,0.97747,0.97669,0.97689,4187,18,0
2023-06-26 10:00:00,0.9769,0.97698,0.97446,0.97492,7590,18,0
2023-06-26 12:00:00,0.97493,0.97534,0.97332,0.97376,5556,18,0
2023-06-26 14:00:00,0.97374,0.97476,0.97223,0.9746,5718,18,0
2023-06-26 16:00:00,0.97461,0.97629,0.97449,0.97619,8028,18,0
2023-06-26 18:00:00,0.97619,0.97647,0.97542,0.97609,5012,18,0
2023-06-26 20:00:00,0.9761,0.97696,0.97597,0.97669,3475,18,0
2023-06-26 22:00:00,0.9767,0.97684,0.9764,0.97663,1595,18,0
2023-06-27 00:00:00,0.97663,0.97702,0.97572,0.9768,2405,20,0
2023-06-27 02:00:00,0.9768,0.97751,0.97675,0.97746,1549,18,0
2023-06-27 04:00:00,0.97746,0.97776,0.97721,0.97751,3833,18,0
2023-06-27 06:00:00,0.97751,0.97786,0.97743,0.9776,2641,18,0
2023-06-27 08:00:00,0.97759,0.97831,0.97732,0.97774,3784,18,0
2023-06-27 10:00:00,0.97775,0.97908,0.97761,0.97871,6625,18,0
2023-06-27 12:00:00,0.97871,0.9795,0.97768,0.97924,5384,18,0
2023-06-27 14:00:00,0.97924,0.97927,0.97821,0.97924,5031,18,0
2023-06-27 16:00:00,0.97925,0.98214,0.97907,0.98087,10299,18,0
2023-06-27 18:00:00,0.98089,0.98128,0.97913,0.97914,6035,18,0
2023-06-27 20:00:00,0.97914,0.97919,0.97854,0.97861,2955,18,0
2023-06-27 22:00:00,0.9786,0.97952,0.9786,0.97931,2785,18,0
2023-06-28 00:00:00,0.97919,0.97934,0.97893,0.9791,1932,19,0
2023-06-28 02:00:00,0.97908,0.97929,0.97876,0.97886,2716,18,0
2023-06-28 04:00:00,0.97887,0.97931,0.9787,0.979,4138,18,0
2023-06-28 06:00:00,0.979,0.97919,0.97886,0.9791,2111,18,0
2023-06-28 08:00:00,0.9791,0.97947,0.97869,0.97883,3349,18,0
2023-06-28 10:00:00,0.97883,0.98054,0.97874,0.97995,6644,18,0
2023-06-28 12:00:00,0.97995,0.98156,0.97963,0.98132,6066,18,0
2023-06-28 14:00:00,0.98132,0.98221,0.98079,0.98184,7202,18,0
2023-06-28 16:00:00,0.98184,0.98213,0.97797,0.97797,10211,18,0
2023-06-28 18:00:00,0.97804,0.97898,0.97791,0.97806,6648,18,0
2023-06-28 20:00:00,0.97806,0.97892,0.97797,0.97891,3511,18,0
2023-06-28 22:00:00,0.9789,0.97906,0.97831,0.9787,2655,18,0
2023-06-29 00:00:00,0.97856,0.97877,0.97813,0.97859,1034,23,0
2023-06-29 02:00:00,0.9786,0.97888,0.97836,0.97843,1379,18,0
2023-06-29 04:00:00,0.97843,0.97863,0.97803,0.97834,3812,18,0
2023-06-29 06:00:00,0.97833,0.97852,0.97776,0.97803,2570,18,0
2023-06-29 08:00:00,0.97802,0.97922,0.97793,0.9792,5516,18,0
2023-06-29 10:00:00,0.97921,0.98053,0.97869,0.97878,7525,18,0
2023-06-29 12:00:00,0.9788,0.97956,0.97827,0.97862,4664,18,0
2023-06-29 14:00:00,0.97861,0.97907,0.9771,0.97734,7278,18,0
2023-06-29 16:00:00,0.97735,0.97852,0.97654,0.97666,10717,18,0
2023-06-29 18:00:00,0.97667,0.97787,0.97661,0.97715,5190,18,0
2023-06-29 20:00:00,0.97715,0.97776,0.97692,0.97772,2622,18,0
2023-06-29 22:00:00,0.97771,0.97788,0.97693,0.97693,2675,19,0
2023-06-30 00:00:00,0.97691,0.97727,0.97657,0.97716,2493,19,0
2023-06-30 02:00:00,0.97717,0.9774,0.97702,0.97706,2569,18,0
2023-06-30 04:00:00,0.97706,0.9773,0.97643,0.97653,3634,18,0
2023-06-30 06:00:00,0.97652,0.97686,0.97647,0.97669,1712,18,0
2023-06-30 08:00:00,0.97669,0.97724,0.97633,0.97657,5217,18,0
2023-06-30 10:00:00,0.97656,0.97725,0.9762,0.97674,6469,18,0
2023-06-30 12:00:00,0.97671,0.9779,0.97634,0.97764,5503,18,0
2023-06-30 14:00:00,0.97763,0.97888,0.97695,0.97824,7421,18,0
2023-06-30 16:00:00,0.97824,0.97849,0.97563,0.97612,10945,18,0
2023-06-30 18:00:00,0.97613,0.97754,0.9755,0.9768,6756,18,0
2023-06-30 20:00:00,0.97681,0.97682,0.97607,0.97636,3114,18,0
2023-06-30 22:00:00,0.97636,0.9772,0.97611,0.97612,4348,18,0
2023-07-03 00:00:00,0.97574,0.97662,0.97504,0.97646,898,20,0
2023-07-03 02:00:00,0.97645,0.9765,0.97609,0.97629,2949,18,0
2023-07-03 04:00:00,0.97629,0.97695,0.97626,0.97663,6579,19,0
2023-07-03 06:00:00,0.97664,0.97684,0.97644,0.97659,2926,18,0
2023-07-03 08:00:00,0.97659,0.97827,0.97603,0.97749,5385,18,0
2023-07-03 10:00:00,0.97749,0.9788,0.97679,0.9785,6918,18,0
2023-07-03 12:00:00,0.97851,0.97986,0.9785,0.97974,5538,18,0
2023-07-03 14:00:00,0.97974,0.98039,0.9791,0.97982,5295,18,0
2023-07-03 16:00:00,0.97982,0.97999,0.97712,0.97735,7863,18,0
2023-07-03 18:00:00,0.97734,0.97841,0.97727,0.97814,5225,18,0
2023-07-03 20:00:00,0.97814,0.97832,0.97782,0.97803,1730,18,0
2023-07-03 22:00:00,0.97804,0.97818,0.97765,0.97779,1151,18,0
2023-07-04 00:00:00,0.97732,0.97835,0.97718,0.97812,763,22,0
2023-07-04 02:00:00,0.97803,0.97834,0.97745,0.97779,2304,18,0
2023-07-04 04:00:00,0.9778,0.97818,0.97738,0.97745,2181,18,0
2023-07-04 06:00:00,0.97745,0.97792,0.97734,0.97769,2866,18,0
2023-07-04 08:00:00,0.97768,0.97782,0.97688,0.97701,3970,18,0
2023-07-04 10:00:00,0.977,0.97776,0.97572,0.97591,4819,18,0
2023-07-04 12:00:00,0.97591,0.97652,0.97515,0.97578,4099,18,0
2023-07-04 14:00:00,0.97577,0.97642,0.97567,0.97582,4601,18,0
2023-07-04 16:00:00,0.97582,0.97654,0.97563,0.97652,3546,18,0
2023-07-04 18:00:00,0.97651,0.97669,0.97606,0.97641,2241,18,0
2023-07-04 20:00:00,0.97641,0.97694,0.97586,0.9759,2691,18,0
2023-07-04 22:00:00,0.9759,0.97673,0.97566,0.97568,2327,18,0
2023-07-05 00:00:00,0.97567,0.97601,0.97565,0.97596,1512,18,0
2023-07-05 02:00:00,0.97595,0.97602,0.97569,0.97598,1221,18,0
2023-07-05 04:00:00,0.97597,0.97608,0.97571,0.97595,2267,18,0
2023-07-05 06:00:00,0.97595,0.97619,0.97585,0.97605,1173,18,0
2023-07-05 08:00:00,0.97602,0.97766,0.97579,0.9775,4978,18,0
2023-07-05 10:00:00,0.97751,0.97806,0.97612,0.97766,8872,18,0
2023-07-05 12:00:00,0.97765,0.9789,0.97704,0.97721,4528,18,0
2023-07-05 14:00:00,0.97722,0.97845,0.97714,0.97771,5660,18,0
2023-07-05 16:00:00,0.97771,0.97803,0.97594,0.97603,6842,18,0
2023-07-05 18:00:00,0.97604,0.97624,0.97545,0.9756,4159,18,0
2023-07-05 20:00:00,0.97559,0.97571,0.97516,0.97556,3131,18,0
2023-07-05 22:00:00,0.97556,0.97565,0.97522,0.97522,3630,19,0
2023-07-06 00:00:00,0.97517,0.97546,0.97495,0.97519,1585,18,0
2023-07-06 02:00:00,0.97519,0.97545,0.97493,0.97496,1888,18,0
2023-07-06 04:00:00,0.97495,0.97504,0.97441,0.97446,3300,18,0
2023-07-06 06:00:00,0.97446,0.97447,0.97376,0.97416,2862,18,0
2023-07-06 08:00:00,0.97417,0.97489,0.9737,0.97476,5620,18,0
2023-07-06 10:00:00,0.97476,0.97559,0.97429,0.97497,8306,18,0
2023-07-06 12:00:00,0.97496,0.97611,0.97455,0.97546,6336,18,0
2023-07-06 14:00:00,0.97546,0.9763,0.97442,0.97598,10515,18,0
2023-07-06 16:00:00,0.97597,0.97657,0.97409,0.97454,12385,18,0
2023-07-06 18:00:00,0.97454,0.97545,0.97407,0.97452,6224,18,0
2023-07-06 20:00:00,0.97452,0.97509,0.97443,0.97492,3889,18,0
2023-07-06 22:00:00,0.97491,0.97513,0.97457,0.97475,2803,18,0
2023-07-07 00:00:00,0.97474,0.97524,0.97438,0.97504,1632,21,0
2023-07-07 02:00:00,0.97503,0.97586,0.97485,0.97577,2445,18,0
2023-07-07 04:00:00,0.97577,0.97589,0.97525,0.97528,1590,18,0
2023-07-07 06:00:00,0.9753,0.97572,0.97528,0.97564,1860,18,0
2023-07-07 08:00:00,0.97564,0.97585,0.97448,0.97455,4643,18,0
2023-07-07 10:00:00,0.97455,0.97492,0.9738,0.97434,6603,18,0
2023-07-07 12:00:00,0.97434,0.97529,0.97405,0.97513,5910,18,0
2023-07-07 14:00:00,0.97512,0.97518,0.97493,0.97493,244,18,0
2023-07-07 20:00:00,0.97445,0.97449,0.97378,0.97437,1831,18,0
2023-07-07 22:00:00,0.97437,0.97519,0.97434,0.97518,3107,18,0
2023-07-10 00:00:00,0.97476,0.97492,0.97344,0.97474,1207,18,0
2023-07-10 02:00:00,0.97475,0.97531,0.97473,0.97526,2686,18,0
2023-07-10 04:00:00,0.97525,0.97553,0.97511,0.97546,3353,18,0
2023-07-10 06:00:00,0.97547,0.97595,0.97533,0.97561,2326,19,0
2023-07-10 08:00:00,0.97562,0.97614,0.97519,0.97529,4039,18,0
2023-07-10 10:00:00,0.97528,0.97554,0.97416,0.97511,4759,18,0
2023-07-10 12:00:00,0.97509,0.97548,0.97454,0.97507,4323,18,0
2023-07-10 14:00:00,0.97507,0.97585,0.97478,0.97582,4679,18,0
2023-07-10 16:00:00,0.97583,0.97607,0.97388,0.97491,7003,18,0
2023-07-10 18:00:00,0.9749,0.9752,0.97403,0.97416,4356,18,0
2023-07-10 20:00:00,0.97415,0.97439,0.97377,0.97377,1928,18,0
2023-07-10 22:00:00,0.97376,0.97406,0.9736,0.97379,1676,18,0
2023-07-11 00:00:00,0.97379,0.97409,0.97346,0.97404,1053,18,0
2023-07-11 02:00:00,0.97404,0.97411,0.97375,0.97403,1584,18,0
2023-07-11 04:00:00,0.97402,0.97427,0.97386,0.97414,3284,18,0
2023-07-11 06:00:00,0.97413,0.97443,0.97403,0.9744,3470,18,0
2023-07-11 08:00:00,0.97439,0.97447,0.97235,0.97292,5099,18,0
2023-07-11 10:00:00,0.97291,0.97299,0.96986,0.9701,5139,18,0
2023-07-11 12:00:00,0.97011,0.9715,0.96995,0.97024,4654,18,0
2023-07-11 14:00:00,0.97024,0.9706,0.96853,0.96996,6804,18,0
2023-07-11 16:00:00,0.96997,0.97022,0.96834,0.96935,8976,18,0
2023-07-11 18:00:00,0.96936,0.9696,0.96766,0.96809,4180,18,0
2023-07-11 20:00:00,0.96809,0.96841,0.96758,0.96769,2354,18,0
2023-07-11 22:00:00,0.9677,0.96828,0.96769,0.96798,2429,18,0
2023-07-12 00:00:00,0.9679,0.96809,0.96748,0.96788,1729,20,0
2023-07-12 02:00:00,0.96786,0.96789,0.96744,0.96775,2480,18,0
2023-07-12 04:00:00,0.96774,0.96859,0.96764,0.96854,4514,18,0
2023-07-12 06:00:00,0.96852,0.96887,0.96828,0.96835,1928,18,0
2023-07-12 08:00:00,0.96835,0.96863,0.96701,0.96736,2895,18,0
2023-07-12 10:00:00,0.96737,0.96938,0.96709,0.96766,5683,18,0
2023-07-12 12:00:00,0.96765,0.9684,0.96764,0.96804,4267,18,0
2023-07-12 14:00:00,0.96804,0.96864,0.9656,0.96731,10100,18,0
2023-07-12 16:00:00,0.96732,0.96735,0.96277,0.9642,12254,18,0
2023-07-12 18:00:00,0.96423,0.96642,0.9642,0.96587,6831,18,0
2023-07-12 20:00:00,0.96586,0.96619,0.96535,0.96541,4372,18,0
2023-07-12 22:00:00,0.96542,0.96617,0.96514,0.96522,2813,19,0
2023-07-13 00:00:00,0.96464,0.96557,0.96464,0.96537,867,19,0
2023-07-13 02:00:00,0.96537,0.96562,0.96509,0.96534,2090,18,0
2023-07-13 04:00:00,0.96534,0.96556,0.96471,0.96474,2369,18,0
2023-07-13 06:00:00,0.96477,0.96489,0.96437,0.96464,1593,18,0
2023-07-13 08:00:00,0.96464,0.96496,0.96221,0.96253,4017,18,0
2023-07-13 10:00:00,0.96254,0.96386,0.96222,0.96316,8370,18,0
2023-07-13 12:00:00,0.96317,0.96469,0.96276,0.96385,5342,18,0
2023-07-13 14:00:00,0.96384,0.9646,0.96347,0.9639,9147,18,0
2023-07-13 16:00:00,0.9639,0.96421,0.9607,0.96169,9571,18,0
2023-07-13 18:00:00,0.96168,0.96227,0.96154,0.96206,6460,18,0
2023-07-13 20:00:00,0.96207,0.96359,0.9618,0.96356,3930,18,0
2023-07-13 22:00:00,0.96354,0.96436,0.96331,0.96396,3976,18,0
2023-07-14 00:00:00,0.96364,0.96462,0.96359,0.96416,2760,18,0
2023-07-14 02:00:00,0.96416,0.96432,0.96351,0.96374,2206,18,0
2023-07-14 04:00:00,0.96373,0.96393,0.96324,0.96351,2865,18,0
2023-07-14 06:00:00,0.96351,0.9637,0.96321,0.96339,2421,18,0
2023-07-14 08:00:00,0.96339,0.96386,0.96272,0.96363,4585,18,0
2023-07-14 10:00:00,0.96363,0.96387,0.962,0.96296,6101,18,0
2023-07-14 12:00:00,0.96297,0.96422,0.96293,0.96393,5409,18,0
2023-07-14 14:00:00,0.96392,0.96633,0.96378,0.96628,5494,18,0
2023-07-14 16:00:00,0.96629,0.96838,0.96622,0.96679,10556,18,0
2023-07-14 18:00:00,0.9668,0.96859,0.96653,0.96812,3720,18,0
2023-07-14 20:00:00,0.96812,0.96853,0.96805,0.96819,2191,18,0
2023-07-14 22:00:00,0.96819,0.9683,0.96746,0.96748,2098,18,0
2023-07-17 00:00:00,0.96709,0.96874,0.96544,0.96749,1539,18,0
2023-07-17 02:00:00,0.96749,0.96791,0.96715,0.9672,2370,19,0
2023-07-17 04:00:00,0.9672,0.96735,0.9662,0.96658,3481,18,0
2023-07-17 06:00:00,0.96658,0.96692,0.96655,0.9666,2324,19,0
2023-07-17 08:00:00,0.96661,0.96687,0.96588,0.96625,3995,18,0
2023-07-17 10:00:00,0.96627,0.96671,0.96466,0.96528,5092,18,0
2023-07-17 12:00:00,0.96529,0.96532,0.96423,0.96476,4240,18,0
2023-07-17 14:00:00,0.96474,0.96694,0.96473,0.96665,5632,18,0
2023-07-17 16:00:00,0.96665,0.96727,0.96537,0.96619,8420,18,0
2023-07-17 18:00:00,0.96619,0.96678,0.96616,0.96654,3132,18,0
2023-07-17 20:00:00,0.96653,0.96719,0.96649,0.96676,1783,18,0
2023-07-17 22:00:00,0.96675,0.96708,0.96649,0.9666,1671,18,0
2023-07-18 00:00:00,0.96648,0.96707,0.96559,0.96692,2291,21,0
2023-07-18 02:00:00,0.96693,0.96705,0.96673,0.96678,1055,19,0
2023-07-18 04:00:00,0.96678,0.96683,0.96617,0.96631,3890,18,0
2023-07-18 06:00:00,0.96634,0.96653,0.96598,0.96602,2590,18,0
2023-07-18 08:00:00,0.96601,0.96717,0.96567,0.96568,5109,18,0
2023-07-18 10:00:00,0.96567,0.96653,0.96458,0.96542,7453,18,0
2023-07-18 12:00:00,0.96542,0.9658,0.96518,0.96549,4381,18,0
2023-07-18 14:00:00,0.96548,0.96563,0.96351,0.96368,9681,19,0
2023-07-18 16:00:00,0.96366,0.96508,0.9632,0.96365,14877,19,0
2023-07-18 18:00:00,0.96365,0.96386,0.96267,0.96378,5751,19,0
2023-07-18 20:00:00,0.96379,0.96379,0.96249,0.96265,2132,19,0
2023-07-18 22:00:00,0.96266,0.96324,0.96261,0.96269,2241,19,0
2023-07-19 00:00:00,0.96268,0.96315,0.96238,0.96298,1956,21,0
2023-07-19 02:00:00,0.96301,0.96313,0.96267,0.96268,1833,19,0
2023-07-19 04:00:00,0.96269,0.96291,0.96251,0.96276,4711,19,0
2023-07-19 06:00:00,0.96277,0.96335,0.96271,0.96298,2538,19,0
2023-07-19 08:00:00,0.96298,0.96372,0.96142,0.96189,7237,19,0
2023-07-19 10:00:00,0.96188,0.96475,0.96156,0.96472,7710,19,0
2023-07-19 12:00:00,0.96475,0.9649,0.96265,0.9632,6357,19,0
2023-07-19 14:00:00,0.96318,0.96327,0.96203,0.96212,5376,19,0
2023-07-19 16:00:00,0.96212,0.96371,0.96168,0.96178,10474,19,0
2023-07-19 18:00:00,0.96178,0.96296,0.96142,0.96202,6650,19,0
2023-07-19 20:00:00,0.96201,0.96237,0.96187,0.96187,4252,19,0
2023-07-19 22:00:00,0.96187,0.96207,0.96138,0.96148,1740,19,0
2023-07-20 00:00:00,0.96149,0.96181,0.96051,0.96134,2157,21,0
2023-07-20 02:00:00,0.96139,0.96175,0.96116,0.96157,2786,19,0
2023-07-20 04:00:00,0.96156,0.96173,0.96103,0.96107,5658,19,0
2023-07-20 06:00:00,0.96108,0.96126,0.96075,0.96097,3036,19,0
2023-07-20 08:00:00,0.96096,0.9613,0.96023,0.96098,3985,19,0
2023-07-20 10:00:00,0.96098,0.96233,0.96052,0.96178,6260,19,0
2023-07-20 12:00:00,0.9618,0.96246,0.96155,0.96187,5458,19,0
2023-07-20 14:00:00,0.96187,0.9645,0.96164,0.96431,7321,19,0
2023-07-20 16:00:00,0.96431,0.96589,0.96341,0.96454,12846,19,0
2023-07-20 18:00:00,0.96455,0.96575,0.96421,0.96498,5123,19,0
2023-07-20 20:00:00,0.96499,0.96585,0.96457,0.9648,3228,19,0
2023-07-20 22:00:00,0.96481,0.96482,0.96427,0.96434,2212,19,0
2023-07-21 00:00:00,0.96435,0.9648,0.96425,0.96454,1748,22,0
2023-07-21 02:00:00,0.96454,0.96472,0.96377,0.96419,2535,19,0
2023-07-21 04:00:00,0.9642,0.96481,0.964,0.96466,4051,19,0
2023-07-21 06:00:00,0.96466,0.9649,0.96435,0.96488,2384,19,0
2023-07-21 08:00:00,0.96489,0.96499,0.96411,0.96458,4024,19,0
2023-07-21 10:00:00,0.96457,0.96478,0.963,0.964,8067,19,0
2023-07-21 12:00:00,0.964,0.96433,0.96331,0.96386,5779,19,0
2023-07-21 14:00:00,0.96386,0.96394,0.96175,0.96246,5463,19,0
2023-07-21 16:00:00,0.96247,0.96263,0.96193,0.96233,6741,19,0
2023-07-21 18:00:00,0.96233,0.96295,0.96205,0.96281,4911,19,0
2023-07-21 20:00:00,0.96281,0.96346,0.96281,0.96332,2520,19,0
2023-07-21 22:00:00,0.96331,0.96356,0.9627,0.9632,1952,19,0
2023-07-24 00:00:00,0.96193,0.96366,0.9616,0.96363,1054,19,0
2023-07-24 02:00:00,0.96363,0.96397,0.96355,0.96386,2000,20,0
2023-07-24 04:00:00,0.96386,0.96391,0.96335,0.96345,2539,19,0
2023-07-24 06:00:00,0.96344,0.96373,0.96334,0.96368,1736,19,0
2023-07-24 08:00:00,0.96369,0.96458,0.96335,0.96435,4199,19,0
2023-07-24 10:00:00,0.96436,0.96438,0.96018,0.96054,12100,19,0
2023-07-24 12:00:00,0.96055,0.96116,0.95873,0.95906,5023,19,0
2023-07-24 14:00:00,0.95905,0.95969,0.95868,0.95884,5856,19,0
2023-07-24 16:00:00,0.95884,0.96007,0.95872,0.9592,9595,19,0
2023-07-24 18:00:00,0.95919,0.96124,0.95914,0.96124,5439,19,0
2023-07-24 20:00:00,0.96124,0.96172,0.96095,0.96095,3052,19,0
2023-07-24 22:00:00,0.96096,0.96234,0.96076,0.96203,2633,20,0
2023-07-25 00:00:00,0.96199,0.96234,0.96144,0.96213,2029,19,0
2023-07-25 02:00:00,0.96216,0.96239,0.96197,0.96219,2743,19,0
2023-07-25 04:00:00,0.96219,0.9625,0.96207,0.96236,3462,19,0
2023-07-25 06:00:00,0.96235,0.9625,0.96221,0.96244,2334,19,0
2023-07-25 08:00:00,0.96245,0.963,0.96137,0.96152,4252,19,0
2023-07-25 10:00:00,0.9615,0.96203,0.9603,0.96041,8304,19,0
2023-07-25 12:00:00,0.9604,0.96054,0.95962,0.95971,5108,19,0
2023-07-25 14:00:00,0.9597,0.96049,0.95846,0.95882,6524,19,0
2023-07-25 16:00:00,0.95882,0.95885,0.95597,0.95635,8234,19,0
2023-07-25 18:00:00,0.95636,0.95643,0.95458,0.95471,4980,19,0
2023-07-25 20:00:00,0.9547,0.95547,0.95461,0.95492,3449,19,0
2023-07-25 22:00:00,0.95491,0.95544,0.95464,0.95486,2923,19,0
2023-07-26 00:00:00,0.95485,0.95532,0.95453,0.95511,1399,19,0
2023-07-26 02:00:00,0.9551,0.95608,0.95504,0.95573,3448,19,0
2023-07-26 04:00:00,0.95573,0.95577,0.9549,0.95496,3671,19,0
2023-07-26 06:00:00,0.95496,0.95558,0.95476,0.95554,1686,19,0
2023-07-26 08:00:00,0.95554,0.95601,0.95359,0.95397,5574,19,0
2023-07-26 10:00:00,0.95397,0.95539,0.95348,0.95523,6269,19,0
2023-07-26 12:00:00,0.95523,0.95551,0.95364,0.95551,4103,19,0
2023-07-26 14:00:00,0.95551,0.95554,0.95414,0.95465,5779,19,0
2023-07-26 16:00:00,0.95465,0.95564,0.9544,0.95497,8118,19,0
2023-07-26 18:00:00,0.95497,0.95568,0.95457,0.95562,3945,19,0
2023-07-26 20:00:00,0.95562,0.95571,0.95444,0.95467,9681,19,0
2023-07-26 22:00:00,0.9547,0.95506,0.95392,0.95403,5276,19,0
2023-07-27 00:00:00,0.95367,0.95433,0.95349,0.95418,1509,20,0
2023-07-27 02:00:00,0.95418,0.9546,0.9539,0.95426,1935,19,0
2023-07-27 04:00:00,0.95427,0.95435,0.95367,0.95381,3488,19,0
2023-07-27 06:00:00,0.95382,0.9542,0.95363,0.95404,2494,19,0
2023-07-27 08:00:00,0.95406,0.95489,0.95401,0.95447,5439,19,0
2023-07-27 10:00:00,0.95447,0.95471,0.95266,0.95335,7092,19,0
2023-07-27 12:00:00,0.95335,0.95409,0.9529,0.95401,6023,19,0
2023-07-27 14:00:00,0.95402,0.95486,0.95234,0.95281,12385,19,0
2023-07-27 16:00:00,0.95282,0.95511,0.95214,0.95492,19020,19,0
2023-07-27 18:00:00,0.95494,0.95555,0.95374,0.95379,6545,19,0
2023-07-27 20:00:00,0.95379,0.95407,0.95298,0.95372,7968,19,0
2023-07-27 22:00:00,0.95373,0.95432,0.95332,0.95395,5110,19,0
2023-07-28 00:00:00,0.95393,0.95415,0.95363,0.95374,1654,24,0
2023-07-28 02:00:00,0.95374,0.95468,0.95368,0.95461,2207,24,0
2023-07-28 04:00:00,0.95461,0.95469,0.95411,0.95441,4341,19,0
2023-07-28 06:00:00,0.95441,0.95502,0.95267,0.95333,11963,19,0
2023-07-28 08:00:00,0.95333,0.9557,0.95239,0.95538,12313,19,0
2023-07-28 10:00:00,0.95539,0.95673,0.95412,0.95473,11209,19,0
2023-07-28 12:00:00,0.95474,0.95643,0.95463,0.95577,7753,19,0
2023-07-28 14:00:00,0.95577,0.9562,0.9548,0.95591,10182,19,0
2023-07-28 16:00:00,0.95591,0.95763,0.95548,0.95739,12609,19,0
2023-07-28 18:00:00,0.95737,0.9592,0.95722,0.95725,5383,19,0
2023-07-28 20:00:00,0.95726,0.95852,0.95724,0.95809,3841,19,0
2023-07-28 22:00:00,0.95809,0.95923,0.95787,0.95874,3754,19,0
2023-07-31 00:00:00,0.95655,0.95891,0.95655,0.95885,1331,22,0
2023-07-31 02:00:00,0.95884,0.95933,0.95859,0.95865,2468,20,0
2023-07-31 04:00:00,0.95865,0.9597,0.95852,0.95962,4615,19,0
2023-07-31 06:00:00,0.95963,0.95981,0.95931,0.95955,3183,19,0
2023-07-31 08:00:00,0.95956,0.95985,0.95843,0.95918,4814,19,0
2023-07-31 10:00:00,0.95918,0.96073,0.95771,0.96051,9768,19,0
2023-07-31 12:00:00,0.96051,0.96064,0.95882,0.96,5802,19,0
2023-07-31 14:00:00,0.95999,0.96219,0.9599,0.96103,6867,19,0
2023-07-31 16:00:00,0.96102,0.96137,0.95541,0.95602,10262,19,0
2023-07-31 18:00:00,0.95607,0.95798,0.95556,0.95698,6834,19,0
2023-07-31 20:00:00,0.95699,0.95893,0.95672,0.95857,3773,19,0
2023-07-31 22:00:00,0.95856,0.95918,0.95819,0.95855,3614,19,0
2023-08-01 00:00:00,0.95859,0.95885,0.9578,0.95864,1216,21,0
2023-08-01 02:00:00,0.95864,0.95871,0.9582,0.95862,1225,19,0
2023-08-01 04:00:00,0.95862,0.95879,0.95833,0.95849,2895,19,0
2023-08-01 06:00:00,0.95847,0.95875,0.95782,0.9587,2907,19,0
2023-08-01 08:00:00,0.95869,0.95901,0.95822,0.95867,3778,19,0
2023-08-01 10:00:00,0.95868,0.96064,0.95765,0.96013,9601,19,0
2023-08-01 12:00:00,0.96013,0.96143,0.95977,0.96123,7422,19,0
2023-08-01 14:00:00,0.96123,0.96149,0.96059,0.96119,6266,19,0
2023-08-01 16:00:00,0.96118,0.96232,0.95996,0.96065,12927,19,0
2023-08-01 18:00:00,0.96065,0.96142,0.96036,0.96088,5705,19,0
2023-08-01 20:00:00,0.96088,0.96113,0.96071,0.96104,2604,19,0
2023-08-01 22:00:00,0.96102,0.96124,0.96071,0.9612,2556,19,0
2023-08-02 00:00:00,0.9613,0.96137,0.95977,0.96062,6309,19,0
2023-08-02 02:00:00,0.96063,0.96124,0.9596,0.95985,4924,19,0
2023-08-02 04:00:00,0.95986,0.96064,0.95952,0.96042,5019,19,0
2023-08-02 06:00:00,0.96041,0.96179,0.9604,0.96173,6451,19,0
2023-08-02 08:00:00,0.96174,0.9618,0.96066,0.96127,5806,19,0
2023-08-02 10:00:00,0.96128,0.96465,0.96127,0.9633,12104,19,0
2023-08-02 12:00:00,0.96329,0.96372,0.96238,0.96347,6087,19,0
2023-08-02 14:00:00,0.96348,0.96487,0.9632,0.96376,8573,19,0
2023-08-02 16:00:00,0.96377,0.96447,0.95863,0.95881,10295,19,0
2023-08-02 18:00:00,0.95881,0.96066,0.95852,0.95949,6101,19,0
2023-08-02 20:00:00,0.95949,0.96029,0.9592,0.95998,3077,19,0
2023-08-02 22:00:00,0.95998,0.96042,0.95959,0.95969,1762,19,0
2023-08-03 00:00:00,0.9596,0.96015,0.95862,0.95995,2990,25,0
2023-08-03 02:00:00,0.95996,0.96017,0.95967,0.95984,2066,20,0
2023-08-03 04:00:00,0.95984,0.96006,0.95944,0.95956,2741,19,0
2023-08-03 06:00:00,0.95956,0.95997,0.95955,0.95977,4660,19,0
2023-08-03 08:00:00,0.95975,0.96117,0.95963,0.96047,7949,19,0
2023-08-03 10:00:00,0.96048,0.96087,0.95801,0.95823,9143,19,0
2023-08-03 12:00:00,0.95821,0.9589,0.95726,0.95732,5741,19,0
2023-08-03 14:00:00,0.95732,0.95814,0.95592,0.95714,13826,19,0
2023-08-03 16:00:00,0.95713,0.95785,0.95635,0.95721,12057,19,0
2023-08-03 18:00:00,0.95719,0.95772,0.95643,0.95719,6855,19,0
2023-08-03 20:00:00,0.95719,0.95762,0.95691,0.9574,3323,19,0
2023-08-03 22:00:00,0.9574,0.95781,0.9569,0.9569,2636,19,0
2023-08-04 00:00:00,0.9569,0.95747,0.95671,0.95719,4533,21,0
2023-08-04 02:00:00,0.95721,0.95776,0.95719,0.95743,2069,19,0
2023-08-04 04:00:00,0.95742,0.9577,0.95682,0.95735,4831,19,0
2023-08-04 06:00:00,0.95734,0.95781,0.95734,0.95755,3154,19,0
2023-08-04 08:00:00,0.95755,0.95802,0.95736,0.95779,3591,19,0
2023-08-04 10:00:00,0.95779,0.96021,0.95763,0.96001,6734,19,0
2023-08-04 12:00:00,0.96003,0.96072,0.95994,0.96017,5741,19,0
2023-08-04 14:00:00,0.96015,0.96041,0.95892,0.95923,10570,19,0
2023-08-04 16:00:00,0.9592,0.96133,0.95895,0.96112,13462,19,0
2023-08-04 18:00:00,0.96111,0.96225,0.9609,0.96098,5804,19,0
2023-08-04 20:00:00,0.96098,0.96126,0.96067,0.96073,3529,19,0
2023-08-04 22:00:00,0.96073,0.96119,0.9599,0.96005,2776,19,0
2023-08-07 00:00:00,0.95858,0.96154,0.95858,0.96152,2420,19,0
2023-08-07 02:00:00,0.96151,0.96212,0.96144,0.96198,3449,19,0
2023-08-07 04:00:00,0.96199,0.9627,0.96177,0.96224,4052,19,0
2023-08-07 06:00:00,0.96225,0.96228,0.96139,0.96147,2232,19,0
2023-08-07 08:00:00,0.96147,0.96226,0.96115,0.96171,5211,19,0
2023-08-07 10:00:00,0.96173,0.96177,0.96029,0.96099,6403,19,0
2023-08-07 12:00:00,0.96099,0.96233,0.96091,0.9623,3782,19,0
2023-08-07 14:00:00,0.96229,0.96269,0.96156,0.96187,5043,19,0
2023-08-07 16:00:00,0.96186,0.96239,0.96083,0.96199,6424,19,0
2023-08-07 18:00:00,0.96198,0.96211,0.96114,0.96133,3965,19,0
2023-08-07 20:00:00,0.96133,0.9615,0.96073,0.96075,2430,19,0
2023-08-07 22:00:00,0.96075,0.96099,0.96011,0.96011,1528,19,0
2023-08-08 00:00:00,0.96011,0.96051,0.95989,0.96005,2419,23,0
2023-08-08 02:00:00,0.96005,0.96063,0.96004,0.96013,1611,19,0
2023-08-08 04:00:00,0.96013,0.96038,0.95981,0.95984,3788,19,0
2023-08-08 06:00:00,0.95985,0.96035,0.95984,0.96026,3091,19,0
2023-08-08 08:00:00,0.96025,0.96055,0.95958,0.96044,5365,19,0
2023-08-08 10:00:00,0.96044,0.96082,0.95946,0.95977,9601,19,0
2023-08-08 12:00:00,0.95974,0.96069,0.95936,0.96009,6645,19,0
2023-08-08 14:00:00,0.96009,0.96037,0.95933,0.96026,8603,19,0
2023-08-08 16:00:00,0.96027,0.96049,0.95841,0.95844,8447,19,0
2023-08-08 18:00:00,0.95844,0.95931,0.95842,0.95876,3655,19,0
2023-08-08 20:00:00,0.95876,0.95998,0.95875,0.95953,3451,19,0
2023-08-08 22:00:00,0.95953,0.95957,0.95899,0.95917,1864,19,0
2023-08-09 00:00:00,0.95911,0.9595,0.95837,0.95943,3572,26,0
2023-08-09 02:00:00,0.95943,0.95957,0.95897,0.95901,1504,24,0
2023-08-09 04:00:00,0.95901,0.95958,0.95869,0.95926,2580,24,0
2023-08-09 06:00:00,0.95926,0.95941,0.95895,0.95905,2773,19,0
2023-08-09 08:00:00,0.95906,0.95937,0.95841,0.95889,4500,19,0
2023-08-09 10:00:00,0.95889,0.96076,0.95852,0.9607,4532,19,0
2023-08-09 12:00:00,0.96071,0.96236,0.96063,0.96236,3135,19,0
2023-08-09 14:00:00,0.96237,0.96314,0.96226,0.96245,4726,19,0
2023-08-09 16:00:00,0.96245,0.96299,0.96153,0.96289,6731,19,0
2023-08-09 18:00:00,0.96289,0.96315,0.96194,0.96253,5278,19,0
2023-08-09 20:00:00,0.96253,0.96306,0.96223,0.96282,3197,19,0
2023-08-09 22:00:00,0.96283,0.96315,0.96214,0.96251,2720,19,0
2023-08-10 00:00:00,0.96239,0.96257,0.96136,0.96252,2616,24,0
2023-08-10 02:00:00,0.96251,0.96272,0.96213,0.96222,1857,19,0
2023-08-10 04:00:00,0.96222,0.96261,0.96216,0.96255,2755,19,0
2023-08-10 06:00:00,0.96255,0.96292,0.96255,0.96276,1788,19,0
2023-08-10 08:00:00,0.96277,0.96336,0.96267,0.9633,3938,19,0
2023-08-10 10:00:00,0.96329,0.96365,0.96158,0.96217,6302,19,0
2023-08-10 12:00:00,0.96217,0.96282,0.96217,0.96276,4078,19,0
2023-08-10 14:00:00,0.96277,0.96291,0.96124,0.96265,11210,19,0
2023-08-10 16:00:00,0.96265,0.96353,0.96163,0.96248,14209,19,0
2023-08-10 18:00:00,0.96247,0.96257,0.96206,0.96234,6085,19,0
2023-08-10 20:00:00,0.96233,0.96346,0.96217,0.96239,6345,19,0
2023-08-10 22:00:00,0.96242,0.96276,0.96218,0.96259,2764,19,0
2023-08-11 00:00:00,0.9626,0.96287,0.96165,0.96277,3672,26,0
2023-08-11 02:00:00,0.96278,0.96309,0.96277,0.96293,1461,19,0
2023-08-11 04:00:00,0.96294,0.96311,0.96259,0.96263,4700,19,0
2023-08-11 06:00:00,0.96263,0.96275,0.96234,0.96263,2097,19,0
2023-08-11 08:00:00,0.96264,0.96435,0.9626,0.96407,4896,19,0
2023-08-11 10:00:00,0.96407,0.96478,0.96341,0.96408,5648,19,0
2023-08-11 12:00:00,0.96408,0.96408,0.96243,0.96267,4809,19,0
2023-08-11 14:00:00,0.96268,0.96272,0.96098,0.96146,8238,19,0
2023-08-11 16:00:00,0.96147,0.96237,0.96044,0.96062,10826,19,0
2023-08-11 18:00:00,0.96061,0.9608,0.96008,0.96027,2941,19,0
2023-08-11 20:00:00,0.96026,0.96036,0.95909,0.95933,2906,19,0
2023-08-11 22:00:00,0.95934,0.9597,0.95888,0.95905,2651,19,0
2023-08-14 00:00:00,0.95802,0.95943,0.95802,0.95933,1022,25,0
2023-08-14 02:00:00,0.95932,0.95986,0.95909,0.95962,2050,19,0
2023-08-14 04:00:00,0.95962,0.95972,0.95925,0.95947,3504,19,0
2023-08-14 06:00:00,0.95947,0.95948,0.95899,0.95933,1548,19,0
2023-08-14 08:00:00,0.95933,0.95934,0.95841,0.95843,2910,19,0
2023-08-14 10:00:00,0.95843,0.96002,0.95837,0.95978,6047,19,0
2023-08-14 12:00:00,0.95978,0.96036,0.95937,0.95959,4660,19,0
2023-08-14 14:00:00,0.95961,0.96125,0.95938,0.96033,6647,19,0
2023-08-14 16:00:00,0.96032,0.9607,0.9575,0.95864,8782,19,0
2023-08-14 18:00:00,0.95863,0.95882,0.95789,0.95831,4651,19,0
2023-08-14 20:00:00,0.95832,0.95855,0.95784,0.95845,2004,19,0
2023-08-14 22:00:00,0.95844,0.95844,0.95744,0.9577,2515,19,0
2023-08-15 00:00:00,0.95779,0.95805,0.95746,0.95761,1997,24,0
2023-08-15 02:00:00,0.9576,0.95782,0.95744,0.95764,1339,19,0
2023-08-15 04:00:00,0.95764,0.95777,0.95715,0.95715,6039,19,0
2023-08-15 06:00:00,0.95716,0.95754,0.95696,0.95737,1680,19,0
2023-08-15 08:00:00,0.95745,0.9583,0.95725,0.95815,4716,19,0
2023-08-15 10:00:00,0.95814,0.95847,0.95661,0.95703,6014,19,0
2023-08-15 12:00:00,0.95703,0.95827,0.95659,0.95774,6538,19,0
2023-08-15 14:00:00,0.95774,0.95913,0.95758,0.95776,9629,19,0
2023-08-15 16:00:00,0.95774,0.95951,0.95771,0.95819,11696,19,0
2023-08-15 18:00:00,0.95818,0.95892,0.95798,0.95883,4449,19,0
2023-08-15 20:00:00,0.95882,0.95889,0.95782,0.95812,2698,19,0
2023-08-15 22:00:00,0.95812,0.95826,0.95764,0.9577,2805,19,0
2023-08-16 00:00:00,0.95763,0.95798,0.95711,0.95796,4765,28,0
2023-08-16 02:00:00,0.95796,0.95825,0.95786,0.9582,1686,19,0
2023-08-16 04:00:00,0.95822,0.95825,0.95761,0.95796,6049,19,0
2023-08-16 06:00:00,0.95796,0.9583,0.95789,0.95824,2803,19,0
2023-08-16 08:00:00,0.95824,0.95927,0.95819,0.9585,5063,19,0
2023-08-16 10:00:00,0.95849,0.96007,0.95835,0.95935,6831,19,0
2023-08-16 12:00:00,0.95936,0.95989,0.95914,0.95989,4947,19,0
2023-08-16 14:00:00,0.95989,0.96104,0.95983,0.96065,7518,19,0
2023-08-16 16:00:00,0.96066,0.96069,0.95845,0.9586,9965,19,0
2023-08-16 18:00:00,0.9586,0.95885,0.9569,0.95723,4167,19,0
2023-08-16 20:00:00,0.95722,0.95736,0.95654,0.95707,5454,19,0
2023-08-16 22:00:00,0.95707,0.9575,0.95673,0.95718,4442,19,0
2023-08-17 00:00:00,0.95717,0.95755,0.95667,0.95715,4451,24,0
2023-08-17 02:00:00,0.95714,0.95722,0.95685,0.957,1891,19,0
2023-08-17 04:00:00,0.957,0.957,0.95639,0.95657,4127,19,0
2023-08-17 06:00:00,0.95656,0.95665,0.95637,0.95663,2983,19,0
2023-08-17 08:00:00,0.95664,0.9576,0.95647,0.95726,4678,19,0
2023-08-17 10:00:00,0.95725,0.95734,0.95587,0.95599,5046,19,0
2023-08-17 12:00:00,0.95598,0.95654,0.95525,0.95631,4463,19,0
2023-08-17 14:00:00,0.95632,0.95681,0.95516,0.95637,6942,19,0
2023-08-17 16:00:00,0.95638,0.95702,0.95602,0.95632,6803,19,0
2023-08-17 18:00:00,0.95633,0.95654,0.95567,0.9562,4586,19,0
2023-08-17 20:00:00,0.95621,0.95649,0.95522,0.95533,3015,19,0
2023-08-17 22:00:00,0.95532,0.95537,0.95464,0.95467,2568,19,0
2023-08-18 00:00:00,0.95395,0.95498,0.95395,0.95476,2660,30,0
2023-08-18 02:00:00,0.95475,0.95595,0.95475,0.95592,2036,19,0
2023-08-18 04:00:00,0.95592,0.95612,0.95537,0.95555,2949,19,0
2023-08-18 06:00:00,0.95557,0.95613,0.95553,0.95613,2023,19,0
2023-08-18 08:00:00,0.95612,0.95651,0.95564,0.95597,3338,19,0
2023-08-18 10:00:00,0.95596,0.95717,0.95571,0.95663,4429,19,0
2023-08-18 12:00:00,0.95664,0.95696,0.95626,0.95671,3107,19,0
2023-08-18 14:00:00,0.95672,0.95714,0.95617,0.95673,4660,19,0
2023-08-18 16:00:00,0.95674,0.95816,0.95601,0.95813,6738,19,0
2023-08-18 18:00:00,0.95815,0.95881,0.95794,0.95863,3350,19,0
2023-08-18 20:00:00,0.95864,0.95938,0.95834,0.95936,2689,19,0
2023-08-18 22:00:00,0.95936,0.9597,0.95872,0.95878,2789,19,0
2023-08-21 00:00:00,0.95737,0.95941,0.95737,0.95922,644,24,0
2023-08-21 02:00:00,0.95921,0.95952,0.95894,0.95903,1254,19,0
2023-08-21 04:00:00,0.95903,0.95962,0.95888,0.95939,2132,19,0
2023-08-21 06:00:00,0.95938,0.95983,0.95938,0.95974,895,19,0
2023-08-21 08:00:00,0.95973,0.96005,0.95822,0.95822,2823,19,0
2023-08-21 10:00:00,0.95823,0.95827,0.95718,0.95819,5077,19,0
2023-08-21 12:00:00,0.95819,0.9591,0.95768,0.95908,3074,19,0
2023-08-21 14:00:00,0.95907,0.95972,0.95809,0.95818,3900,19,0
2023-08-21 16:00:00,0.95817,0.9589,0.95814,0.95862,4897,19,0
2023-08-21 18:00:00,0.95863,0.95873,0.95745,0.95773,2759,19,0
2023-08-21 20:00:00,0.95773,0.9578,0.95723,0.9573,1751,19,0
2023-08-21 22:00:00,0.95728,0.9573,0.95674,0.95696,820,19,0
2023-08-22 00:00:00,0.95696,0.95726,0.95654,0.95713,2710,27,0
2023-08-22 02:00:00,0.95713,0.95759,0.95712,0.95733,1074,19,0
2023-08-22 04:00:00,0.95732,0.95745,0.95707,0.95737,2193,19,0
2023-08-22 06:00:00,0.95738,0.95794,0.95728,0.95772,1927,19,0
2023-08-22 08:00:00,0.95772,0.95805,0.9573,0.95784,3252,19,0
2023-08-22 10:00:00,0.95783,0.95908,0.95706,0.95736,4192,19,0
2023-08-22 12:00:00,0.95735,0.95759,0.95523,0.95545,3712,19,0
2023-08-22 14:00:00,0.95546,0.95662,0.95529,0.9555,4528,19,0
2023-08-22 16:00:00,0.95549,0.95577,0.95364,0.95487,6984,19,0
2023-08-22 18:00:00,0.95486,0.95501,0.95417,0.95435,3610,19,0
2023-08-22 20:00:00,0.95434,0.95519,0.95428,0.95492,1851,19,0
2023-08-22 22:00:00,0.95492,0.95503,0.95465,0.95466,1570,20,0
2023-08-23 00:00:00,0.95459,0.9548,0.95417,0.9545,952,25,0
2023-08-23 02:00:00,0.9545,0.95501,0.95447,0.95501,1409,19,0
2023-08-23 04:00:00,0.95501,0.95549,0.9548,0.95535,2550,19,0
2023-08-23 06:00:00,0.95535,0.95541,0.95505,0.95523,1280,19,0
2023-08-23 08:00:00,0.95522,0.95546,0.95477,0.95501,3406,19,0
2023-08-23 10:00:00,0.955,0.95503,0.95177,0.95244,7278,19,0
2023-08-23 12:00:00,0.95245,0.95263,0.95192,0.95242,3505,19,0
2023-08-23 14:00:00,0.95242,0.95262,0.95159,0.95199,4505,19,0
2023-08-23 16:00:00,0.95198,0.95365,0.95144,0.95361,9909,19,0
2023-08-23 18:00:00,0.95361,0.95458,0.95332,0.95408,3546,19,0
2023-08-23 20:00:00,0.95407,0.95447,0.95328,0.95333,2245,19,0
2023-08-23 22:00:00,0.95334,0.95381,0.95314,0.95366,2173,19,0
2023-08-24 00:00:00,0.95365,0.95374,0.95295,0.95341,2328,28,0
2023-08-24 02:00:00,0.95342,0.95356,0.95306,0.9532,1449,19,0
2023-08-24 04:00:00,0.95322,0.95346,0.95303,0.95305,1885,19,0
2023-08-24 06:00:00,0.95305,0.95363,0.95251,0.9535,1942,19,0
2023-08-24 08:00:00,0.95348,0.95353,0.95213,0.95269,3081,19,0
2023-08-24 10:00:00,0.9527,0.95531,0.95267,0.95505,5469,19,0
2023-08-24 12:00:00,0.95506,0.95597,0.95475,0.95515,4758,19,0
2023-08-24 14:00:00,0.95516,0.95645,0.95493,0.95535,6272,19,0
2023-08-24 16:00:00,0.95537,0.95658,0.95466,0.95611,7290,19,0
2023-08-24 18:00:00,0.9561,0.95615,0.95525,0.95561,3017,19,0
2023-08-24 20:00:00,0.95562,0.95613,0.95561,0.95597,1847,19,0
2023-08-24 22:00:00,0.95597,0.9564,0.95563,0.95594,2478,19,0
2023-08-25 00:00:00,0.95595,0.95636,0.95545,0.9561,2194,25,0
2023-08-25 02:00:00,0.95611,0.9562,0.95549,0.95555,2434,19,0
2023-08-25 04:00:00,0.95553,0.95579,0.95529,0.95568,2039,19,0
2023-08-25 06:00:00,0.95567,0.95576,0.95524,0.9556,1737,19,0
2023-08-25 08:00:00,0.9556,0.95588,0.95477,0.95484,2664,19,0
2023-08-25 10:00:00,0.95483,0.95564,0.95443,0.95512,4519,19,0
2023-08-25 12:00:00,0.95512,0.95646,0.95502,0.95636,3388,19,0
2023-08-25 14:00:00,0.95636,0.95685,0.95601,0.95643,3022,19,0
2023-08-25 16:00:00,0.95646,0.95681,0.95512,0.95531,12052,19,0
2023-08-25 18:00:00,0.95531,0.95603,0.95456,0.95591,4912,19,0
2023-08-25 20:00:00,0.95588,0.95588,0.95486,0.95508,3029,19,0
2023-08-25 22:00:00,0.95509,0.95525,0.95439,0.95449,2602,19,0
2023-08-28 00:00:00,0.95746,0.95746,0.95379,0.95525,762,24,0
2023-08-28 02:00:00,0.95527,0.9554,0.95486,0.95493,1728,19,0
2023-08-28 04:00:00,0.95495,0.9552,0.95466,0.95472,1684,19,0
2023-08-28 06:00:00,0.95472,0.9549,0.95445,0.95447,867,19,0
2023-08-28 08:00:00,0.95445,0.95528,0.95413,0.95501,2668,19,0
2023-08-28 10:00:00,0.95501,0.95539,0.95396,0.95494,3227,19,0
2023-08-28 12:00:00,0.95493,0.95542,0.95455,0.95507,2045,19,0
2023-08-28 14:00:00,0.95506,0.95613,0.95503,0.95529,3006,19,0
2023-08-28 16:00:00,0.9553,0.95625,0.95527,0.95592,4354,19,0
2023-08-28 18:00:00,0.95592,0.95606,0.95442,0.95517,3084,19,0
2023-08-28 20:00:00,0.95517,0.9555,0.95515,0.95545,1953,19,0
2023-08-28 22:00:00,0.95545,0.95609,0.95529,0.95608,1642,21,0
2023-08-29 00:00:00,0.956,0.95606,0.95552,0.95585,1783,29,0
2023-08-29 02:00:00,0.95585,0.95651,0.95576,0.95594,1028,19,0
2023-08-29 04:00:00,0.95595,0.95668,0.95585,0.95667,1726,19,0
2023-08-29 06:00:00,0.95667,0.9567,0.95614,0.95614,839,19,0
2023-08-29 08:00:00,0.95617,0.95637,0.95564,0.95596,2188,19,0
2023-08-29 10:00:00,0.95597,0.95674,0.95586,0.95632,3648,19,0
2023-08-29 12:00:00,0.95631,0.95654,0.9556,0.95646,2651,19,0
2023-08-29 14:00:00,0.95646,0.95678,0.9549,0.95506,3217,19,0
2023-08-29 16:00:00,0.95505,0.95606,0.95438,0.95446,9680,19,0
2023-08-29 18:00:00,0.95448,0.95504,0.95409,0.95476,4956,19,0
2023-08-29 20:00:00,0.95477,0.95519,0.95449,0.95513,2667,19,0
2023-08-29 22:00:00,0.95514,0.95586,0.95512,0.9555,2110,19,0
2023-08-30 00:00:00,0.9555,0.95569,0.95457,0.95563,5278,24,0
2023-08-30 02:00:00,0.95563,0.9557,0.95483,0.95487,1194,19,0
2023-08-30 04:00:00,0.95489,0.95534,0.95489,0.95512,1582,19,0
2023-08-30 06:00:00,0.95512,0.95526,0.9549,0.95524,865,19,0
2023-08-30 08:00:00,0.95525,0.95581,0.95481,0.95552,3483,19,0
2023-08-30 10:00:00,0.95554,0.95589,0.95506,0.95569,4489,19,0
2023-08-30 12:00:00,0.95572,0.95814,0.95568,0.95744,4411,19,0
2023-08-30 14:00:00,0.95744,0.95795,0.95621,0.95737,6814,19,0
2023-08-30 16:00:00,0.95735,0.95844,0.95641,0.95806,7663,19,0
2023-08-30 18:00:00,0.95805,0.9597,0.95761,0.95964,3420,19,0
2023-08-30 20:00:00,0.95965,0.95967,0.95907,0.95928,1922,19,0
2023-08-30 22:00:00,0.95929,0.9596,0.95921,0.95942,1083,19,0
2023-08-31 00:00:00,0.95944,0.9597,0.95914,0.95959,733,24,0
2023-08-31 02:00:00,0.9596,0.95978,0.95951,0.95966,1926,19,0
2023-08-31 04:00:00,0.95965,0.95969,0.95903,0.95921,2642,19,0
2023-08-31 06:00:00,0.95922,0.95937,0.95915,0.9592,986,19,0
2023-08-31 08:00:00,0.95919,0.96024,0.959,0.95921,3031,19,0
2023-08-31 10:00:00,0.95922,0.95928,0.95794,0.95794,5272,19,0
2023-08-31 12:00:00,0.95795,0.95946,0.9571,0.9581,4392,19,0
2023-08-31 14:00:00,0.95809,0.95935,0.95772,0.95806,6353,19,0
2023-08-31 16:00:00,0.95807,0.95889,0.9575,0.95866,8063,19,0
2023-08-31 18:00:00,0.95868,0.95926,0.95679,0.95686,4376,19,0
2023-08-31 20:00:00,0.95686,0.95819,0.95677,0.95779,2087,19,0
2023-08-31 22:00:00,0.9578,0.95831,0.95748,0.95764,1652,19,0
2023-09-01 00:00:00,0.9572,0.95785,0.95688,0.95762,1710,28,0
2023-09-01 02:00:00,0.95764,0.95792,0.95751,0.95751,856,19,0
2023-09-01 04:00:00,0.95753,0.95792,0.9575,0.95787,2098,19,0
2023-09-01 06:00:00,0.95787,0.95803,0.95775,0.9579,1145,19,0
2023-09-01 08:00:00,0.95791,0.95814,0.95642,0.95705,2912,19,0
2023-09-01 10:00:00,0.95706,0.95776,0.95678,0.95751,4050,19,0
2023-09-01 12:00:00,0.9575,0.95794,0.95655,0.95722,2187,19,0
2023-09-01 14:00:00,0.95722,0.95796,0.95677,0.9569,6174,19,0
2023-09-01 16:00:00,0.95692,0.95774,0.95532,0.95542,9540,19,0
2023-09-01 18:00:00,0.95542,0.95593,0.95509,0.95515,3659,19,0
2023-09-01 20:00:00,0.95514,0.95518,0.95407,0.95421,1667,19,0
2023-09-01 22:00:00,0.95422,0.9545,0.95413,0.9542,1422,19,0
2023-09-04 00:00:00,0.95407,0.95425,0.95396,0.954,536,28,0
2023-09-04 02:00:00,0.95387,0.95425,0.95373,0.95402,802,20,0
2023-09-04 04:00:00,0.95402,0.95407,0.9535,0.95378,2320,19,0
2023-09-04 06:00:00,0.95378,0.95442,0.95362,0.95437,1271,19,0
2023-09-04 08:00:00,0.95437,0.95437,0.95374,0.95399,1942,19,0
2023-09-04 10:00:00,0.954,0.95554,0.95362,0.95463,4584,19,0
2023-09-04 12:00:00,0.95463,0.95532,0.95432,0.95521,1814,19,0
2023-09-04 14:00:00,0.95521,0.9555,0.95426,0.95494,1843,19,0
2023-09-04 16:00:00,0.95492,0.95553,0.95434,0.95434,2184,19,0
2023-09-04 18:00:00,0.95434,0.95476,0.95413,0.95441,2072,19,0
2023-09-04 20:00:00,0.95441,0.9546,0.95397,0.95438,661,19,0
2023-09-04 22:00:00,0.95438,0.95503,0.95434,0.95462,575,19,0
2023-09-05 00:00:00,0.95454,0.95486,0.95414,0.95471,421,29,0
2023-09-05 02:00:00,0.95469,0.95495,0.95453,0.95462,1054,19,0
2023-09-05 04:00:00,0.95462,0.95503,0.95461,0.95493,1350,19,0
2023-09-05 06:00:00,0.95492,0.95512,0.95473,0.95502,996,19,0
2023-09-05 08:00:00,0.95503,0.95508,0.95397,0.95453,3618,19,0
2023-09-05 10:00:00,0.95454,0.95483,0.95368,0.95419,4942,19,0
2023-09-05 12:00:00,0.9542,0.95475,0.95388,0.95438,2626,19,0
2023-09-05 14:00:00,0.95439,0.95472,0.95361,0.95395,4704,19,0
2023-09-05 16:00:00,0.95398,0.95431,0.95202,0.9521,6651,19,0
2023-09-05 18:00:00,0.95211,0.95369,0.95199,0.95353,3389,19,0
2023-09-05 20:00:00,0.95352,0.9542,0.95351,0.95369,1889,19,0
2023-09-05 22:00:00,0.95369,0.95395,0.95351,0.95351,1255,19,0
2023-09-06 00:00:00,0.9532,0.95396,0.95238,0.95384,1054,24,0
2023-09-06 02:00:00,0.95383,0.95391,0.95348,0.95373,851,19,0
2023-09-06 04:00:00,0.95373,0.95417,0.95349,0.95415,1757,19,0
2023-09-06 06:00:00,0.95415,0.95418,0.95368,0.95409,1664,19,0
2023-09-06 08:00:00,0.95409,0.95414,0.95334,0.95399,2163,19,0
2023-09-06 10:00:00,0.95399,0.95529,0.95375,0.95499,4258,19,0
2023-09-06 12:00:00,0.95499,0.95581,0.95446,0.95573,3017,19,0
2023-09-06 14:00:00,0.95574,0.95649,0.95574,0.95595,3208,19,0
2023-09-06 16:00:00,0.95596,0.95746,0.95582,0.95621,8849,19,0
2023-09-06 18:00:00,0.95621,0.95659,0.9557,0.95645,3110,19,0
2023-09-06 20:00:00,0.95645,0.95652,0.95591,0.95608,1896,19,0
2023-09-06 22:00:00,0.95606,0.95621,0.95556,0.95572,1478,19,0
2023-09-07 00:00:00,0.95584,0.95608,0.95508,0.95578,1104,24,0
2023-09-07 02:00:00,0.95578,0.95598,0.95562,0.95591,820,21,0
2023-09-07 04:00:00,0.9559,0.956,0.95564,0.95584,1581,19,0
2023-09-07 06:00:00,0.95585,0.95622,0.95569,0.9558,1035,19,0
2023-09-07 08:00:00,0.9558,0.95608,0.95538,0.95559,2761,19,0
2023-09-07 10:00:00,0.95559,0.95587,0.95503,0.95527,4037,19,0
2023-09-07 12:00:00,0.95527,0.95577,0.95497,0.95553,2659,19,0
2023-09-07 14:00:00,0.95553,0.95576,0.95474,0.95522,4398,19,0
2023-09-07 16:00:00,0.95521,0.95625,0.95504,0.95565,6581,19,0
2023-09-07 18:00:00,0.95566,0.95595,0.95527,0.9557,2758,19,0
2023-09-07 20:00:00,0.95569,0.95584,0.95486,0.95494,1710,19,0
2023-09-07 22:00:00,0.95494,0.95513,0.95447,0.95459,1864,19,0
2023-09-08 00:00:00,0.95472,0.95482,0.95423,0.9548,1630,24,0
2023-09-08 02:00:00,0.95479,0.95495,0.95447,0.95483,2126,19,0
2023-09-08 04:00:00,0.95483,0.95519,0.95461,0.95487,2616,19,0
2023-09-08 06:00:00,0.95488,0.955,0.95457,0.9546,1431,19,0
2023-09-08 08:00:00,0.9546,0.95483,0.95367,0.95381,3225,19,0
2023-09-08 10:00:00,0.9538,0.95468,0.95366,0.95413,3842,19,0
2023-09-08 12:00:00,0.95412,0.95466,0.95379,0.95423,3528,19,0
2023-09-08 14:00:00,0.95423,0.95456,0.95342,0.95453,4283,19,0
2023-09-08 16:00:00,0.95454,0.95633,0.95426,0.95531,6477,19,0
2023-09-08 18:00:00,0.95531,0.95636,0.95526,0.95574,3389,19,0
2023-09-08 20:00:00,0.95575,0.9559,0.95558,0.95568,2200,19,0
2023-09-08 22:00:00,0.9557,0.9559,0.95489,0.95489,1798,19,0
2023-09-11 00:00:00,0.9539,0.95571,0.9539,0.95547,1530,24,0
2023-09-11 02:00:00,0.95548,0.95593,0.95538,0.95539,1586,19,0
2023-09-11 04:00:00,0.9554,0.95603,0.95538,0.9559,1695,19,0
2023-09-11 06:00:00,0.95589,0.95594,0.95547,0.95579,2065,19,0
2023-09-11 08:00:00,0.95579,0.95662,0.95535,0.9555,4656,19,0
2023-09-11 10:00:00,0.95549,0.9566,0.95497,0.95634,4436,19,0
2023-09-11 12:00:00,0.95634,0.95692,0.95592,0.95663,3396,19,0
2023-09-11 14:00:00,0.95663,0.95682,0.95548,0.95618,3706,19,0
2023-09-11 16:00:00,0.95618,0.95842,0.95606,0.95777,5550,19,0
2023-09-11 18:00:00,0.95778,0.95823,0.95702,0.95715,3196,19,0
2023-09-11 20:00:00,0.95715,0.95742,0.95675,0.95737,1942,19,0
2023-09-11 22:00:00,0.95736,0.95778,0.95724,0.95744,1352,19,0
2023-09-12 00:00:00,0.95744,0.9576,0.95672,0.95743,2825,24,0
2023-09-12 02:00:00,0.95744,0.95802,0.95743,0.95779,1366,19,0
2023-09-12 04:00:00,0.9578,0.9589,0.95757,0.95789,2777,19,0
2023-09-12 06:00:00,0.9579,0.95791,0.95697,0.95707,1557,19,0
2023-09-12 08:00:00,0.95707,0.95746,0.95603,0.95613,2318,19,0
2023-09-12 10:00:00,0.95613,0.95613,0.95436,0.95528,4742,19,0
2023-09-12 12:00:00,0.95527,0.95638,0.95525,0.95571,2858,19,0
2023-09-12 14:00:00,0.9557,0.95615,0.95525,0.956,4084,19,0
2023-09-12 16:00:00,0.95601,0.9571,0.95571,0.9564,5364,19,0
2023-09-12 18:00:00,0.95639,0.95702,0.95582,0.95604,3691,19,0
2023-09-12 20:00:00,0.95603,0.9567,0.95603,0.95643,2969,19,0
2023-09-12 22:00:00,0.95643,0.95897,0.95632,0.95834,2540,19,0
2023-09-13 00:00:00,0.95835,0.95881,0.9573,0.95861,2737,24,0
2023-09-13 02:00:00,0.95861,0.95892,0.95844,0.9589,1386,19,0
2023-09-13 04:00:00,0.95891,0.95909,0.95854,0.95864,2444,19,0
2023-09-13 06:00:00,0.95863,0.95894,0.958,0.95802,1298,19,0
2023-09-13 08:00:00,0.95801,0.95845,0.95711,0.95756,3280,19,0
2023-09-13 10:00:00,0.95756,0.95878,0.95736,0.95857,4940,19,0
2023-09-13 12:00:00,0.95857,0.95876,0.95758,0.95852,3426,19,0
2023-09-13 14:00:00,0.95853,0.95933,0.95812,0.95904,7772,19,0
2023-09-13 16:00:00,0.95905,0.95926,0.95836,0.9585,7578,19,0
2023-09-13 18:00:00,0.9585,0.95872,0.95806,0.95833,3657,19,0
2023-09-13 20:00:00,0.95835,0.95907,0.95834,0.95863,2601,19,0
2023-09-13 22:00:00,0.95864,0.95883,0.95835,0.95872,1599,19,0
2023-09-14 00:00:00,0.9587,0.95881,0.95804,0.95865,2656,24,0
2023-09-14 02:00:00,0.95866,0.95901,0.95815,0.95818,1390,19,0
2023-09-14 04:00:00,0.95818,0.95863,0.95814,0.95838,2029,19,0
2023-09-14 06:00:00,0.95838,0.95889,0.95835,0.95884,1082,19,0
2023-09-14 08:00:00,0.95883,0.95888,0.95816,0.95829,2383,19,0
2023-09-14 10:00:00,0.95826,0.95952,0.95821,0.95891,3841,19,0
2023-09-14 12:00:00,0.95889,0.95913,0.95807,0.95883,3117,19,0
2023-09-14 14:00:00,0.95883,0.95968,0.95491,0.95543,10324,19,0
2023-09-14 16:00:00,0.95544,0.95565,0.95374,0.95375,10794,19,0
2023-09-14 18:00:00,0.95376,0.95476,0.95339,0.95402,4400,19,0
2023-09-14 20:00:00,0.95401,0.95414,0.95295,0.95307,2910,19,0
2023-09-14 22:00:00,0.95307,0.95357,0.95286,0.95309,2409,19,0
2023-09-15 00:00:00,0.95308,0.95331,0.95283,0.95326,725,24,0
2023-09-15 02:00:00,0.95326,0.95331,0.95291,0.95294,1436,19,0
2023-09-15 04:00:00,0.95294,0.95319,0.95265,0.95301,2677,19,0
2023-09-15 06:00:00,0.95302,0.95369,0.95301,0.95363,1103,19,0
2023-09-15 08:00:00,0.95363,0.9549,0.95327,0.95442,3250,19,0
2023-09-15 10:00:00,0.95443,0.95509,0.95388,0.95499,4898,19,0
2023-09-15 12:00:00,0.95498,0.95523,0.95455,0.95489,2630,19,0
2023-09-15 14:00:00,0.95491,0.95575,0.95475,0.95518,3992,19,0
2023-09-15 16:00:00,0.95517,0.95697,0.95512,0.95652,8869,19,0
2023-09-15 18:00:00,0.95652,0.95711,0.95597,0.95658,4200,19,0
2023-09-15 20:00:00,0.95659,0.95685,0.9562,0.95644,2180,19,0
2023-09-15 22:00:00,0.95644,0.95691,0.95639,0.95665,1728,19,0
2023-09-18 00:00:00,0.95383,0.95711,0.95383,0.95696,629,24,0
2023-09-18 02:00:00,0.95692,0.957,0.95664,0.95679,1152,19,0
2023-09-18 04:00:00,0.95679,0.9572,0.95644,0.95665,1727,19,0
2023-09-18 06:00:00,0.95666,0.95701,0.95666,0.95691,579,19,0
2023-09-18 08:00:00,0.95692,0.95702,0.95587,0.95594,2642,19,0
2023-09-18 10:00:00,0.95594,0.95618,0.95481,0.9557,3711,19,0
2023-09-18 12:00:00,0.9557,0.9563,0.95538,0.95591,2304,19,0
2023-09-18 14:00:00,0.95591,0.95689,0.95556,0.95665,3495,19,0
2023-09-18 16:00:00,0.95666,0.95854,0.95638,0.95837,5038,19,0
2023-09-18 18:00:00,0.95836,0.9589,0.95811,0.95882,3456,19,0
2023-09-18 20:00:00,0.95883,0.959,0.95864,0.95883,1820,19,0
2023-09-18 22:00:00,0.95883,0.95916,0.9588,0.95893,1220,19,0
2023-09-19 00:00:00,0.95854,0.95921,0.95783,0.95919,1225,27,0
2023-09-19 02:00:00,0.95921,0.95939,0.95871,0.95872,1302,19,0
2023-09-19 04:00:00,0.95871,0.95907,0.9585,0.95887,1517,19,0
2023-09-19 06:00:00,0.95888,0.9592,0.95823,0.95828,987,19,0
2023-09-19 08:00:00,0.95827,0.95924,0.95799,0.95903,2219,19,0
2023-09-19 10:00:00,0.95904,0.9592,0.95684,0.95775,4453,19,0
2023-09-19 12:00:00,0.95773,0.95936,0.95773,0.95907,3191,19,0
2023-09-19 14:00:00,0.95907,0.95957,0.95874,0.95904,4346,19,0
2023-09-19 16:00:00,0.95905,0.95974,0.95844,0.9595,5019,19,0
2023-09-19 18:00:00,0.9595,0.95976,0.95902,0.95947,3190,21,0
2023-09-19 20:00:00,0.95949,0.95952,0.95892,0.95897,1454,21,0
2023-09-19 22:00:00,0.95896,0.95897,0.9585,0.95853,1368,21,0
2023-09-20 00:00:00,0.95856,0.95877,0.95818,0.95843,1463,27,0
2023-09-20 02:00:00,0.95844,0.95905,0.95828,0.95895,1964,21,0
2023-09-20 04:00:00,0.95896,0.95939,0.95885,0.95912,1460,21,0
2023-09-20 06:00:00,0.95911,0.95925,0.95888,0.95894,1031,21,0
2023-09-20 08:00:00,0.95893,0.95939,0.95837,0.95875,3954,21,0
2023-09-20 10:00:00,0.95872,0.95974,0.958,0.95963,4705,21,0
2023-09-20 12:00:00,0.9596,0.95997,0.95899,0.95973,2300,21,0
2023-09-20 14:00:00,0.95973,0.96037,0.95899,0.95921,3401,21,0
2023-09-20 16:00:00,0.95921,0.95998,0.95852,0.95885,5342,21,0
2023-09-20 18:00:00,0.95886,0.9597,0.95814,0.95916,4061,21,0
2023-09-20 20:00:00,0.95915,0.95951,0.95828,0.95829,10035,21,0
2023-09-20 22:00:00,0.9583,0.95886,0.95778,0.95779,5311,21,0
2023-09-21 00:00:00,0.95762,0.95825,0.95741,0.95803,4516,25,0
2023-09-21 02:00:00,0.95805,0.95818,0.95709,0.95717,3066,21,0
2023-09-21 04:00:00,0.95716,0.95756,0.95618,0.95686,2959,21,0
2023-09-21 06:00:00,0.95686,0.95726,0.95685,0.95717,1964,21,0
2023-09-21 08:00:00,0.95717,0.95797,0.95659,0.95748,3744,21,0
2023-09-21 10:00:00,0.95747,0.96686,0.95644,0.96646,9440,21,0
2023-09-21 12:00:00,0.96644,0.96762,0.96378,0.96463,7052,21,0
2023-09-21 14:00:00,0.9646,0.96467,0.96192,0.96219,9106,21,0
2023-09-21 16:00:00,0.96219,0.9643,0.96197,0.9623,8813,21,0
2023-09-21 18:00:00,0.96229,0.96362,0.96184,0.96338,5340,21,0
2023-09-21 20:00:00,0.96338,0.96419,0.96314,0.9636,2792,21,0
2023-09-21 22:00:00,0.9636,0.96438,0.96348,0.9642,1902,21,0
2023-09-22 00:00:00,0.9641,0.96445,0.96312,0.96434,966,24,0
2023-09-22 02:00:00,0.96433,0.96463,0.96415,0.96421,1085,21,0
2023-09-22 04:00:00,0.96422,0.96428,0.96285,0.96314,2878,21,0
2023-09-22 06:00:00,0.96314,0.96389,0.96314,0.96369,1527,21,0
2023-09-22 08:00:00,0.9637,0.96497,0.96335,0.96493,2496,21,0
2023-09-22 10:00:00,0.96493,0.96554,0.96229,0.96463,8064,21,0
2023-09-22 12:00:00,0.96463,0.96463,0.96348,0.96444,3419,21,0
2023-09-22 14:00:00,0.96446,0.96491,0.96394,0.96459,4477,21,0
2023-09-22 16:00:00,0.96461,0.96551,0.96377,0.96522,7310,21,0
2023-09-22 18:00:00,0.9652,0.96651,0.96518,0.96575,2917,21,0
2023-09-22 20:00:00,0.96575,0.96609,0.96537,0.96553,2194,21,0
2023-09-22 22:00:00,0.96553,0.96609,0.96509,0.96512,2499,21,0
2023-09-25 00:00:00,0.96387,0.96562,0.96346,0.96556,2097,26,0
2023-09-25 02:00:00,0.96557,0.96664,0.96539,0.96632,1498,21,0
2023-09-25 04:00:00,0.96633,0.9664,0.96579,0.96629,1934,21,0
2023-09-25 06:00:00,0.96628,0.96696,0.96597,0.96683,1584,21,0
2023-09-25 08:00:00,0.96682,0.96701,0.96613,0.96687,3091,21,0
2023-09-25 10:00:00,0.9669,0.96846,0.96656,0.96663,5978,21,0
2023-09-25 12:00:00,0.96663,0.9679,0.96656,0.96739,4102,21,0
2023-09-25 14:00:00,0.96739,0.96788,0.96691,0.96693,4686,21,0
2023-09-25 16:00:00,0.96694,0.96724,0.9658,0.96587,5924,21,0
2023-09-25 18:00:00,0.96586,0.96632,0.96561,0.96565,3793,21,0
2023-09-25 20:00:00,0.96565,0.96591,0.9655,0.96591,1556,21,0
2023-09-25 22:00:00,0.96591,0.96611,0.96561,0.96592,1492,21,0
2023-09-26 00:00:00,0.96593,0.96619,0.96535,0.96602,1123,24,0
2023-09-26 02:00:00,0.96602,0.96615,0.96559,0.96596,1075,21,0
2023-09-26 04:00:00,0.96594,0.96643,0.96573,0.96642,2455,21,0
2023-09-26 06:00:00,0.96639,0.9666,0.96594,0.9662,1218,21,0
2023-09-26 08:00:00,0.9662,0.96696,0.9661,0.96648,2637,21,0
2023-09-26 10:00:00,0.96652,0.96741,0.9663,0.96672,5660,21,0
2023-09-26 12:00:00,0.96672,0.96737,0.96644,0.96706,3032,21,0
2023-09-26 14:00:00,0.96705,0.96772,0.9668,0.96738,3292,21,0
2023-09-26 16:00:00,0.96738,0.96755,0.96658,0.96687,5287,21,0
2023-09-26 18:00:00,0.96688,0.96704,0.96622,0.96661,4064,21,0
2023-09-26 20:00:00,0.96662,0.96695,0.96638,0.96688,2267,21,0
2023-09-26 22:00:00,0.96689,0.96812,0.96683,0.96806,1498,21,0
2023-09-27 00:00:00,0.96797,0.96814,0.96629,0.96788,1858,24,0
2023-09-27 02:00:00,0.96788,0.9681,0.96738,0.96757,1551,21,0
2023-09-27 04:00:00,0.96758,0.9685,0.96754,0.96836,2146,21,0
2023-09-27 06:00:00,0.96837,0.96875,0.96809,0.96846,1736,21,0
2023-09-27 08:00:00,0.96846,0.96927,0.96825,0.96875,3148,21,0
2023-09-27 10:00:00,0.96875,0.96875,0.96773,0.96786,3712,21,0
2023-09-27 12:00:00,0.96787,0.96843,0.96742,0.96841,3046,21,0
2023-09-27 14:00:00,0.96841,0.96866,0.96738,0.96787,6426,21,0
2023-09-27 16:00:00,0.9679,0.96791,0.96569,0.96667,8511,21,0
2023-09-27 18:00:00,0.96667,0.96693,0.96617,0.96669,5003,21,0
2023-09-27 20:00:00,0.9667,0.96784,0.96663,0.96753,4000,21,0
2023-09-27 22:00:00,0.96752,0.96755,0.96703,0.96748,2736,21,0
2023-09-28 00:00:00,0.96733,0.96735,0.96691,0.96702,1078,25,0
2023-09-28 02:00:00,0.96705,0.96785,0.96702,0.96782,1503,21,0
2023-09-28 04:00:00,0.96782,0.96793,0.96726,0.96743,1845,21,0
2023-09-28 06:00:00,0.96744,0.96763,0.96707,0.96713,1249,21,0
2023-09-28 08:00:00,0.96713,0.96745,0.96639,0.96652,3109,21,0
2023-09-28 10:00:00,0.96653,0.96792,0.96581,0.96592,5593,21,0
2023-09-28 12:00:00,0.96591,0.96762,0.96582,0.96758,4985,21,0
2023-09-28 14:00:00,0.96758,0.96846,0.9671,0.96714,6729,21,0
2023-09-28 16:00:00,0.96714,0.96808,0.96677,0.96806,7481,21,0
2023-09-28 18:00:00,0.96805,0.96848,0.96722,0.96738,4810,21,0
2023-09-28 20:00:00,0.96737,0.9677,0.96687,0.96687,2302,21,0
2023-09-28 22:00:00,0.9669,0.96702,0.96657,0.96659,2033,21,0
2023-09-29 00:00:00,0.96663,0.96711,0.96636,0.96656,1250,21,0
2023-09-29 02:00:00,0.96655,0.96678,0.96611,0.96657,1120,21,0
2023-09-29 04:00:00,0.96656,0.96704,0.96646,0.96689,2204,21,0
2023-09-29 06:00:00,0.96687,0.96692,0.96619,0.96638,1011,21,0
2023-09-29 08:00:00,0.96637,0.96647,0.9646,0.96471,3564,21,0
2023-09-29 10:00:00,0.9647,0.96558,0.96445,0.96507,5971,21,0
2023-09-29 12:00:00,0.96507,0.96704,0.96442,0.9667,4546,21,0
2023-09-29 14:00:00,0.96671,0.96719,0.96578,0.96595,5799,21,0
2023-09-29 16:00:00,0.96596,0.96846,0.96521,0.96837,8711,21,0
2023-09-29 18:00:00,0.96837,0.96921,0.96664,0.96719,6272,21,0
2023-09-29 20:00:00,0.96718,0.96818,0.96689,0.96816,2797,21,0
2023-09-29 22:00:00,0.96812,0.96832,0.96677,0.96687,2718,21,0
2023-10-02 00:00:00,0.96587,0.9674,0.96587,0.96701,1272,24,0
2023-10-02 02:00:00,0.967,0.9677,0.96688,0.9676,2090,21,0
2023-10-02 04:00:00,0.9676,0.96822,0.96753,0.9677,1607,21,0
2023-10-02 06:00:00,0.96775,0.96783,0.96714,0.96779,1324,21,0
2023-10-02 08:00:00,0.96778,0.96825,0.96585,0.96655,3548,21,0
2023-10-02 10:00:00,0.96656,0.96682,0.96257,0.96268,6636,21,0
2023-10-02 12:00:00,0.96267,0.96311,0.96144,0.96311,4734,21,0
2023-10-02 14:00:00,0.96311,0.96442,0.96253,0.96425,3819,21,0
2023-10-02 16:00:00,0.96424,0.96527,0.96382,0.96453,7695,21,0
2023-10-02 18:00:00,0.9645,0.96496,0.96328,0.96338,4648,21,0
2023-10-02 20:00:00,0.96337,0.96364,0.96209,0.96212,3186,21,0
2023-10-02 22:00:00,0.96212,0.96215,0.96149,0.96203,2254,21,0
2023-10-03 00:00:00,0.96195,0.96199,0.96137,0.96175,2368,24,0
2023-10-03 02:00:00,0.96178,0.96213,0.96165,0.96177,2465,21,0
2023-10-03 04:00:00,0.96176,0.96201,0.96165,0.96174,2558,21,0
2023-10-03 06:00:00,0.96175,0.96195,0.96143,0.96188,2410,21,0
2023-10-03 08:00:00,0.96187,0.9644,0.96176,0.96291,3919,21,0
2023-10-03 10:00:00,0.96289,0.96612,0.96252,0.96436,4805,21,0
2023-10-03 12:00:00,0.96438,0.96748,0.96433,0.96666,4800,21,0
2023-10-03 14:00:00,0.96667,0.9672,0.96506,0.96522,4374,21,0
2023-10-03 16:00:00,0.96521,0.96608,0.96413,0.96475,10016,21,0
2023-10-03 18:00:00,0.96474,0.96506,0.96395,0.96401,5065,21,0
2023-10-03 20:00:00,0.96401,0.96463,0.96363,0.96457,2574,21,0
2023-10-03 22:00:00,0.96457,0.96483,0.96362,0.96374,2134,21,0
2023-10-04 00:00:00,0.96393,0.96396,0.96326,0.96362,2515,24,0
2023-10-04 02:00:00,0.96362,0.96479,0.96345,0.96431,2043,21,0
2023-10-04 04:00:00,0.96431,0.96467,0.9642,0.9644,2352,21,0
2023-10-04 06:00:00,0.96442,0.96487,0.96428,0.96461,1267,21,0
2023-10-04 08:00:00,0.96459,0.96516,0.96419,0.96442,2980,21,0
2023-10-04 10:00:00,0.96441,0.96515,0.96284,0.9632,5452,21,0
2023-10-04 12:00:00,0.9632,0.9653,0.96272,0.96521,4626,21,0
2023-10-04 14:00:00,0.9652,0.96524,0.96258,0.96305,6659,21,0
2023-10-04 16:00:00,0.96303,0.96451,0.96178,0.96442,7907,21,0
2023-10-04 18:00:00,0.96442,0.96459,0.96274,0.96286,4775,21,0
2023-10-04 20:00:00,0.96285,0.96338,0.96262,0.96305,2902,21,0
2023-10-04 22:00:00,0.96308,0.96359,0.96288,0.9633,2588,21,0
2023-10-05 00:00:00,0.96287,0.96357,0.96286,0.96348,1612,26,0
2023-10-05 02:00:00,0.96347,0.96353,0.96248,0.96248,1592,21,0
2023-10-05 04:00:00,0.96248,0.96256,0.96164,0.96175,2631,21,0
2023-10-05 06:00:00,0.96174,0.96185,0.96152,0.96166,1360,21,0
2023-10-05 08:00:00,0.96166,0.963,0.96159,0.96295,2724,21,0
2023-10-05 10:00:00,0.96294,0.96442,0.96278,0.96403,5109,21,0
2023-10-05 12:00:00,0.96404,0.96465,0.96308,0.96312,3846,21,0
2023-10-05 14:00:00,0.96312,0.96318,0.96208,0.96299,4035,21,0
2023-10-05 16:00:00,0.96299,0.96365,0.9612,0.96241,7403,21,0
2023-10-05 18:00:00,0.9624,0.96265,0.96198,0.96251,5077,21,0
2023-10-05 20:00:00,0.96253,0.96312,0.96218,0.96309,3154,21,0
2023-10-05 22:00:00,0.96307,0.96307,0.96228,0.96243,1673,21,0
2023-10-06 00:00:00,0.96243,0.96258,0.96213,0.96249,795,24,0
2023-10-06 02:00:00,0.9625,0.96283,0.96241,0.96259,986,21,0
2023-10-06 04:00:00,0.9626,0.96279,0.96239,0.96267,2330,21,0
2023-10-06 06:00:00,0.96267,0.96297,0.96244,0.96278,2048,21,0
2023-10-06 08:00:00,0.96277,0.96333,0.96253,0.96297,2650,21,0
2023-10-06 10:00:00,0.96296,0.96315,0.96215,0.96288,3878,21,0
2023-10-06 12:00:00,0.96289,0.96341,0.96258,0.96282,2978,21,0
2023-10-06 14:00:00,0.96282,0.96323,0.96158,0.96213,7587,21,0
2023-10-06 16:00:00,0.96212,0.9634,0.96125,0.96285,10648,21,0
2023-10-06 18:00:00,0.96285,0.96303,0.96154,0.96274,7187,21,0
2023-10-06 20:00:00,0.96275,0.9637,0.9626,0.96313,2178,21,0
2023-10-06 22:00:00,0.96313,0.96355,0.96265,0.96294,2046,21,0
2023-10-09 00:00:00,0.95791,0.96039,0.95791,0.95988,2562,24,0
2023-10-09 02:00:00,0.95986,0.96077,0.95985,0.96,2691,21,0
2023-10-09 04:00:00,0.96001,0.96068,0.95989,0.9603,1974,21,0
2023-10-09 06:00:00,0.96031,0.96065,0.96016,0.96042,1051,21,0
2023-10-09 08:00:00,0.96044,0.96083,0.95969,0.96028,3464,21,0
2023-10-09 10:00:00,0.96028,0.9606,0.95889,0.9598,4639,21,0
2023-10-09 12:00:00,0.95979,0.96003,0.95781,0.9581,3063,21,0
2023-10-09 14:00:00,0.95809,0.9582,0.95686,0.95699,4002,21,0
2023-10-09 16:00:00,0.95698,0.95762,0.95577,0.95673,6923,21,0
2023-10-09 18:00:00,0.95674,0.95747,0.95647,0.95663,3537,21,0
2023-10-09 20:00:00,0.95664,0.95684,0.95622,0.95657,2548,21,0
2023-10-09 22:00:00,0.95657,0.95802,0.95636,0.95772,2346,21,0
2023-10-10 00:00:00,0.95646,0.95779,0.95646,0.95733,1189,26,0
2023-10-10 02:00:00,0.95731,0.95759,0.95688,0.9572,2218,21,0
2023-10-10 04:00:00,0.95719,0.95739,0.95641,0.95644,2338,21,0
2023-10-10 06:00:00,0.95646,0.95719,0.95603,0.957,2431,21,0
2023-10-10 08:00:00,0.957,0.95756,0.95594,0.95674,4133,21,0
2023-10-10 10:00:00,0.95672,0.9589,0.95651,0.95867,6157,21,0
2023-10-10 12:00:00,0.95868,0.95913,0.95842,0.95869,3856,21,0
2023-10-10 14:00:00,0.9587,0.96101,0.9586,0.96058,5075,21,0
2023-10-10 16:00:00,0.96058,0.96136,0.95945,0.95957,5886,21,0
2023-10-10 18:00:00,0.95958,0.95985,0.95918,0.95962,3863,21,0
2023-10-10 20:00:00,0.95964,0.9597,0.95886,0.95897,2901,21,0
2023-10-10 22:00:00,0.95896,0.95946,0.95878,0.95925,1958,21,0
2023-10-11 00:00:00,0.95926,0.95939,0.95841,0.95909,522,24,0
2023-10-11 02:00:00,0.9591,0.95954,0.95897,0.95932,2238,21,0
2023-10-11 04:00:00,0.95933,0.95934,0.95883,0.95896,2725,21,0
2023-10-11 06:00:00,0.95896,0.95964,0.95875,0.95939,2390,21,0
2023-10-11 08:00:00,0.95938,0.96004,0.95904,0.95939,3328,21,0
2023-10-11 10:00:00,0.9594,0.96004,0.95736,0.95756,6303,21,0
2023-10-11 12:00:00,0.95757,0.95785,0.9569,0.95716,4313,21,0
2023-10-11 14:00:00,0.95717,0.9579,0.95675,0.95729,6286,21,0
2023-10-11 16:00:00,0.95728,0.95867,0.95625,0.95856,6668,21,0
2023-10-11 18:00:00,0.95854,0.95869,0.95723,0.95746,3667,21,0
2023-10-11 20:00:00,0.95745,0.95787,0.95723,0.95757,3284,21,0
2023-10-11 22:00:00,0.95759,0.95776,0.95738,0.95757,1130,21,0
2023-10-12 00:00:00,0.95684,0.95765,0.95684,0.95736,1231,27,0
2023-10-12 02:00:00,0.95735,0.9575,0.95686,0.95712,1101,21,0
2023-10-12 04:00:00,0.95712,0.9572,0.95646,0.957,1198,21,0
2023-10-12 06:00:00,0.95699,0.95737,0.95664,0.95729,1859,21,0
2023-10-12 08:00:00,0.95728,0.95741,0.95594,0.95642,3018,21,0
2023-10-12 10:00:00,0.95642,0.95754,0.95598,0.95625,3253,21,0
2023-10-12 12:00:00,0.95626,0.95673,0.95516,0.95586,2968,21,0
2023-10-12 14:00:00,0.95586,0.95722,0.95518,0.95518,6789,21,0
2023-10-12 16:00:00,0.95523,0.95663,0.95436,0.95646,7729,21,0
2023-10-12 18:00:00,0.95645,0.95684,0.95601,0.95665,3575,21,0
2023-10-12 20:00:00,0.95666,0.95709,0.95619,0.9564,3810,21,0
2023-10-12 22:00:00,0.9564,0.95667,0.95614,0.95621,1344,21,0
2023-10-13 00:00:00,0.95617,0.95642,0.95491,0.95612,1038,24,0
2023-10-13 02:00:00,0.95614,0.9565,0.95588,0.95604,1147,21,0
2023-10-13 04:00:00,0.95603,0.95642,0.95587,0.9563,1401,21,0
2023-10-13 06:00:00,0.95631,0.95652,0.95619,0.95624,994,21,0
2023-10-13 08:00:00,0.95625,0.95682,0.95589,0.95641,2828,21,0
2023-10-13 10:00:00,0.9564,0.95716,0.95558,0.95663,4785,21,0
2023-10-13 12:00:00,0.95664,0.95696,0.95474,0.95521,4394,21,0
2023-10-13 14:00:00,0.95522,0.95531,0.9538,0.95382,4758,21,0
2023-10-13 16:00:00,0.95381,0.95392,0.9499,0.95027,7145,21,0
2023-10-13 18:00:00,0.95028,0.95036,0.94645,0.94706,4552,21,0
2023-10-13 20:00:00,0.94706,0.94797,0.94559,0.94743,2852,21,0
2023-10-13 22:00:00,0.94744,0.94825,0.94697,0.94723,2104,21,0
2023-10-16 00:00:00,0.94586,0.95007,0.94586,0.94949,917,24,0
2023-10-16 02:00:00,0.94949,0.94963,0.94853,0.94898,1558,21,0
2023-10-16 04:00:00,0.94898,0.94924,0.94861,0.9487,1144,21,0
2023-10-16 06:00:00,0.9487,0.94901,0.94862,0.94885,752,21,0
2023-10-16 08:00:00,0.94886,0.95106,0.94862,0.95077,2988,21,0
2023-10-16 10:00:00,0.95077,0.95218,0.95002,0.95145,4099,21,0
2023-10-16 12:00:00,0.95144,0.95175,0.95042,0.95092,2402,21,0
2023-10-16 14:00:00,0.95091,0.95093,0.94886,0.94981,3666,21,0
2023-10-16 16:00:00,0.94982,0.95119,0.94981,0.95088,4911,21,0
2023-10-16 18:00:00,0.95088,0.95111,0.94917,0.9498,3115,21,0
2023-10-16 20:00:00,0.94979,0.95006,0.9494,0.95004,1765,21,0
2023-10-16 22:00:00,0.95003,0.95047,0.94991,0.95047,1385,21,0
2023-10-17 00:00:00,0.95033,0.95052,0.94975,0.95022,3532,28,0
2023-10-17 02:00:00,0.95021,0.95042,0.95012,0.95016,822,21,0
2023-10-17 04:00:00,0.95017,0.95052,0.95008,0.95018,1180,21,0
2023-10-17 06:00:00,0.9502,0.95049,0.95009,0.95038,963,21,0
2023-10-17 08:00:00,0.95038,0.95077,0.94976,0.95022,2379,21,0
2023-10-17 10:00:00,0.95023,0.95136,0.95011,0.95081,3857,21,0
2023-10-17 12:00:00,0.95081,0.95169,0.95049,0.95076,3750,21,0
2023-10-17 14:00:00,0.95077,0.95181,0.95076,0.95155,4999,21,0
2023-10-17 16:00:00,0.95155,0.95262,0.95091,0.95211,6654,21,0
2023-10-17 18:00:00,0.95212,0.95326,0.95176,0.95277,4370,21,0
2023-10-17 20:00:00,0.95279,0.95283,0.95161,0.95167,4036,21,0
2023-10-17 22:00:00,0.95166,0.95225,0.95166,0.95202,2364,22,0
2023-10-18 00:00:00,0.95202,0.95211,0.95123,0.95172,1157,24,0
2023-10-18 02:00:00,0.95172,0.95185,0.95122,0.95131,1412,21,0
2023-10-18 04:00:00,0.95132,0.95139,0.95042,0.95115,2373,21,0
2023-10-18 06:00:00,0.95116,0.95123,0.95069,0.95089,1360,21,0
2023-10-18 08:00:00,0.95088,0.95145,0.95035,0.95072,3175,21,0
2023-10-18 10:00:00,0.95074,0.95186,0.95034,0.95135,4082,21,0
2023-10-18 12:00:00,0.95134,0.95139,0.94901,0.94913,4315,21,0
2023-10-18 14:00:00,0.94913,0.94961,0.94815,0.94863,5801,21,0
2023-10-18 16:00:00,0.94863,0.94914,0.94482,0.94623,9431,21,0
2023-10-18 18:00:00,0.94622,0.94692,0.94544,0.9466,4909,21,0
2023-10-18 20:00:00,0.9466,0.94719,0.94652,0.94705,3133,21,0
2023-10-18 22:00:00,0.94706,0.94741,0.94678,0.94711,1508,21,0
2023-10-19 00:00:00,0.94686,0.94715,0.94631,0.94705,1592,24,0
2023-10-19 02:00:00,0.94705,0.94721,0.94669,0.94719,1788,21,0
2023-10-19 04:00:00,0.9472,0.94738,0.94684,0.94718,2214,21,0
2023-10-19 06:00:00,0.94718,0.94733,0.9468,0.94683,1343,21,0
2023-10-19 08:00:00,0.94684,0.94701,0.94595,0.94667,2786,21,0
2023-10-19 10:00:00,0.94666,0.94813,0.94661,0.94752,4394,21,0
2023-10-19 12:00:00,0.94753,0.94793,0.94691,0.94725,2545,21,0
2023-10-19 14:00:00,0.94725,0.94809,0.94642,0.94806,5049,21,0
2023-10-19 16:00:00,0.94803,0.94836,0.94729,0.94763,5989,21,0
2023-10-19 18:00:00,0.94759,0.9479,0.94613,0.94654,8915,21,0
2023-10-19 20:00:00,0.94653,0.94697,0.94493,0.94522,5472,21,0
2023-10-19 22:00:00,0.94521,0.94581,0.94264,0.943,3113,21,0
2023-10-20 00:00:00,0.94299,0.94387,0.94286,0.94363,1165,24,0
2023-10-20 02:00:00,0.94367,0.94447,0.94348,0.94365,1537,21,0
2023-10-20 04:00:00,0.94366,0.94367,0.94302,0.94327,2774,21,0
2023-10-20 06:00:00,0.94328,0.94421,0.94314,0.94417,1502,21,0
2023-10-20 08:00:00,0.94416,0.94443,0.94314,0.94421,3402,21,0
2023-10-20 10:00:00,0.94421,0.94461,0.94164,0.94385,5663,21,0
2023-10-20 12:00:00,0.94384,0.94469,0.94347,0.9435,3802,21,0
2023-10-20 14:00:00,0.9435,0.94493,0.94314,0.94473,4477,21,0
2023-10-20 16:00:00,0.9447,0.94527,0.94369,0.9438,6352,21,0
2023-10-20 18:00:00,0.94381,0.94482,0.94362,0.94456,5038,21,0
2023-10-20 20:00:00,0.94458,0.94536,0.94409,0.94462,3536,21,0
2023-10-20 22:00:00,0.94462,0.94552,0.94451,0.94473,2347,21,0
2023-10-23 00:00:00,0.9439,0.94565,0.9439,0.94556,964,24,0
2023-10-23 02:00:00,0.94553,0.94606,0.94532,0.94583,1403,21,0
2023-10-23 04:00:00,0.94583,0.94629,0.94567,0.94582,1575,21,0
2023-10-23 06:00:00,0.94583,0.94624,0.94567,0.946,771,21,0
2023-10-23 08:00:00,0.94599,0.94725,0.94537,0.94542,2895,21,0
2023-10-23 10:00:00,0.94543,0.94712,0.94502,0.94613,4213,21,0
2023-10-23 12:00:00,0.94612,0.94758,0.94502,0.94601,3618,21,0
2023-10-23 14:00:00,0.94601,0.94787,0.94539,0.9478,4590,21,0
2023-10-23 16:00:00,0.94782,0.94902,0.94699,0.94888,6038,21,0
2023-10-23 18:00:00,0.94887,0.95075,0.94849,0.95056,4760,21,0
2023-10-23 20:00:00,0.95056,0.95096,0.95031,0.95081,2281,21,0
2023-10-23 22:00:00,0.95081,0.95112,0.95035,0.95084,1655,22,0
2023-10-24 00:00:00,0.95037,0.95073,0.95018,0.95034,631,27,0
2023-10-24 02:00:00,0.95036,0.95076,0.95025,0.95061,1313,21,0
2023-10-24 04:00:00,0.95062,0.95117,0.95053,0.95105,1894,21,0
2023-10-24 06:00:00,0.95104,0.95141,0.951,0.95101,810,21,0
2023-10-24 08:00:00,0.95102,0.95145,0.95034,0.95062,2133,21,0
2023-10-24 10:00:00,0.95061,0.95114,0.94912,0.94945,5365,21,0
2023-10-24 12:00:00,0.94946,0.95064,0.94876,0.94907,3606,21,0
2023-10-24 14:00:00,0.94907,0.95016,0.94851,0.94879,4798,21,0
2023-10-24 16:00:00,0.94879,0.94976,0.94641,0.94683,7788,21,0
2023-10-24 18:00:00,0.94682,0.94714,0.94599,0.94603,4171,21,0
2023-10-24 20:00:00,0.94603,0.9464,0.94576,0.94593,2735,21,0
2023-10-24 22:00:00,0.94591,0.94618,0.94561,0.94583,1705,21,0
2023-10-25 00:00:00,0.94584,0.94627,0.94552,0.94594,1102,26,0
2023-10-25 02:00:00,0.94595,0.94638,0.9458,0.94584,1735,21,0
2023-10-25 04:00:00,0.94585,0.94665,0.94574,0.94662,1796,21,0
2023-10-25 06:00:00,0.94662,0.94675,0.94635,0.94663,775,21,0
2023-10-25 08:00:00,0.94663,0.9467,0.94548,0.94629,1969,21,0
2023-10-25 10:00:00,0.94629,0.94768,0.94615,0.94738,4309,21,0
2023-10-25 12:00:00,0.94739,0.9476,0.94656,0.94711,3513,21,0
2023-10-25 14:00:00,0.94713,0.94737,0.94659,0.94666,3129,21,0
2023-10-25 16:00:00,0.94667,0.94799,0.94598,0.94736,6828,21,0
2023-10-25 18:00:00,0.94735,0.94882,0.94701,0.94774,5642,21,0
2023-10-25 20:00:00,0.94772,0.94781,0.94715,0.94737,3185,21,0
2023-10-25 22:00:00,0.94736,0.94756,0.94713,0.94741,1329,21,0
2023-10-26 00:00:00,0.94722,0.94767,0.94707,0.94746,2310,24,0
2023-10-26 02:00:00,0.94746,0.9477,0.94717,0.94722,2071,21,0
2023-10-26 04:00:00,0.94721,0.94734,0.94675,0.94697,2547,21,0
2023-10-26 06:00:00,0.94696,0.94708,0.94663,0.94705,2006,21,0
2023-10-26 08:00:00,0.94707,0.94751,0.94664,0.94704,4028,21,0
2023-10-26 10:00:00,0.94704,0.94932,0.9469,0.94852,3488,21,0
2023-10-26 12:00:00,0.94851,0.94871,0.94645,0.94673,2721,21,0
2023-10-26 14:00:00,0.94675,0.94727,0.94586,0.94677,6439,21,0
2023-10-26 16:00:00,0.94677,0.94765,0.94583,0.94726,6848,21,0
2023-10-26 18:00:00,0.94726,0.94805,0.94688,0.9476,4349,21,0
2023-10-26 20:00:00,0.9476,0.94968,0.94759,0.94928,3629,21,0
2023-10-26 22:00:00,0.94927,0.94984,0.94875,0.94921,2190,21,0
2023-10-27 00:00:00,0.94819,0.94975,0.94796,0.94968,3061,25,0
2023-10-27 02:00:00,0.94968,0.94972,0.94872,0.9493,2076,21,0
2023-10-27 04:00:00,0.94929,0.94958,0.94879,0.9489,1807,21,0
2023-10-27 06:00:00,0.9489,0.94951,0.94882,0.94946,2104,21,0
2023-10-27 08:00:00,0.94946,0.94985,0.94906,0.94937,2525,21,0
2023-10-27 10:00:00,0.94937,0.95136,0.94867,0.95103,4901,21,0
2023-10-27 12:00:00,0.95102,0.95145,0.94986,0.95143,3450,21,0
2023-10-27 14:00:00,0.95141,0.95162,0.94971,0.9515,5989,21,0
2023-10-27 16:00:00,0.9515,0.95502,0.95145,0.95482,9822,21,0
2023-10-27 18:00:00,0.95483,0.95641,0.95457,0.95558,4564,21,0
2023-10-27 20:00:00,0.95558,0.95565,0.95203,0.95258,4566,21,0
2023-10-27 22:00:00,0.95256,0.95343,0.95242,0.95316,5566,21,0
2023-10-30 00:00:00,0.95242,0.95315,0.9524,0.95308,1326,22,0
2023-10-30 02:00:00,0.95307,0.95387,0.953,0.95379,1709,21,0
2023-10-30 04:00:00,0.95378,0.95394,0.95363,0.95388,886,21,0
2023-10-30 06:00:00,0.95389,0.95391,0.95359,0.95372,787,21,0
2023-10-30 08:00:00,0.95372,0.95381,0.95288,0.95356,3042,21,0
2023-10-30 10:00:00,0.95352,0.95573,0.95243,0.95569,4706,21,0
2023-10-30 12:00:00,0.95569,0.95766,0.9556,0.95713,3592,21,0
2023-10-30 14:00:00,0.95714,0.9575,0.95556,0.95706,5215,21,0
2023-10-30 16:00:00,0.95704,0.95831,0.95515,0.95744,7076,21,0
2023-10-30 18:00:00,0.95743,0.95775,0.95641,0.95736,3271,21,0
2023-10-30 20:00:00,0.95736,0.95757,0.95691,0.95709,1752,21,0
2023-10-30 22:00:00,0.95708,0.95747,0.95699,0.95724,419,24,0
2023-10-31 00:00:00,0.95727,0.95759,0.95722,0.95736,652,23,0
2023-10-31 02:00:00,0.95735,0.95738,0.95648,0.95689,1684,21,0
2023-10-31 04:00:00,0.95689,0.95696,0.95617,0.95636,2008,21,0
2023-10-31 06:00:00,0.95636,0.95646,0.95559,0.95577,1154,21,0
2023-10-31 08:00:00,0.95578,0.95816,0.95566,0.9579,3276,21,0
2023-10-31 10:00:00,0.9579,0.96232,0.95776,0.96184,4948,21,0
2023-10-31 12:00:00,0.96185,0.96231,0.96021,0.96169,4811,21,0
2023-10-31 14:00:00,0.96168,0.96227,0.95997,0.96108,6914,21,0
2023-10-31 16:00:00,0.9611,0.96229,0.96077,0.96147,8512,21,0
2023-10-31 18:00:00,0.96147,0.9623,0.96029,0.96177,7131,21,0
2023-10-31 20:00:00,0.96176,0.96255,0.96173,0.96237,2659,21,0
2023-10-31 22:00:00,0.96236,0.96278,0.96009,0.9619,1110,21,0
2023-11-01 00:00:00,0.96225,0.96274,0.96203,0.96254,1219,22,0
2023-11-01 02:00:00,0.96253,0.9626,0.96202,0.96214,2215,21,0
2023-11-01 04:00:00,0.96218,0.96225,0.9614,0.96152,2196,21,0
2023-11-01 06:00:00,0.96153,0.96168,0.96108,0.9611,1740,21,0
2023-11-01 08:00:00,0.96111,0.96149,0.9597,0.96048,3436,21,0
2023-11-01 10:00:00,0.9605,0.9608,0.95913,0.95941,5041,21,0
2023-11-01 12:00:00,0.9594,0.9594,0.95785,0.9585,3103,21,0
2023-11-01 14:00:00,0.95851,0.95854,0.9567,0.95756,8565,21,0
2023-11-01 16:00:00,0.95721,0.95961,0.95716,0.95909,7649,21,0
2023-11-01 18:00:00,0.95909,0.95927,0.95824,0.95846,3530,21,0
2023-11-01 20:00:00,0.95845,0.95949,0.95773,0.95924,11636,21,0
2023-11-01 22:00:00,0.95925,0.95963,0.9584,0.95877,2691,23,0
2023-11-02 00:00:00,0.95868,0.9596,0.95854,0.95859,1842,21,0
2023-11-02 02:00:00,0.95858,0.95935,0.95842,0.95888,2477,21,0
2023-11-02 04:00:00,0.95887,0.9589,0.95651,0.95669,2502,21,0
2023-11-02 06:00:00,0.9567,0.95814,0.95666,0.958,1953,21,0
2023-11-02 08:00:00,0.95798,0.95912,0.95779,0.95887,4011,21,0
2023-11-02 10:00:00,0.95886,0.95988,0.95833,0.95926,5175,21,0
2023-11-02 12:00:00,0.95927,0.96205,0.95926,0.96189,3826,21,0
2023-11-02 14:00:00,0.96181,0.96302,0.96151,0.96169,7769,21,0
2023-11-02 16:00:00,0.96172,0.96262,0.96096,0.96198,5779,21,0
2023-11-02 18:00:00,0.96198,0.96264,0.96129,0.96183,3526,21,0
2023-11-02 20:00:00,0.96184,0.96244,0.96162,0.9622,1898,21,0
2023-11-02 22:00:00,0.9622,0.96228,0.96153,0.96214,955,24,0
2023-11-03 00:00:00,0.96217,0.96217,0.96171,0.96187,671,22,0
2023-11-03 02:00:00,0.96187,0.96203,0.96144,0.96198,1467,21,0
2023-11-03 04:00:00,0.96199,0.96231,0.96195,0.96225,1108,21,0
2023-11-03 06:00:00,0.96224,0.96226,0.96188,0.96201,1258,21,0
2023-11-03 08:00:00,0.96198,0.96292,0.96181,0.96288,2041,21,0
2023-11-03 10:00:00,0.9629,0.96436,0.96231,0.96265,3772,21,0
2023-11-03 12:00:00,0.96264,0.96332,0.96257,0.96319,2951,21,0
2023-11-03 14:00:00,0.9632,0.96464,0.96205,0.96443,12733,21,0
2023-11-03 16:00:00,0.9644,0.96461,0.96292,0.96408,8830,21,0
2023-11-03 18:00:00,0.96408,0.96418,0.96301,0.96395,3902,21,0
2023-11-03 20:00:00,0.96396,0.96414,0.96353,0.96411,2377,21,0
2023-11-03 22:00:00,0.96411,0.96482,0.96409,0.96433,959,24,0
2023-11-06 00:00:00,0.96488,0.96488,0.9637,0.96488,757,21,0
2023-11-06 02:00:00,0.96486,0.9649,0.96344,0.96346,1660,21,0
2023-11-06 04:00:00,0.96345,0.96369,0.96313,0.96322,1405,21,0
2023-11-06 06:00:00,0.9632,0.96348,0.9627,0.96296,965,21,0
2023-11-06 08:00:00,0.96296,0.96376,0.96254,0.96365,2470,21,0
2023-11-06 10:00:00,0.96371,0.96404,0.96248,0.96304,4404,21,0
2023-11-06 12:00:00,0.96305,0.96458,0.96302,0.96457,3574,21,0
2023-11-06 14:00:00,0.96453,0.9652,0.96403,0.96435,4531,21,0
2023-11-06 16:00:00,0.96436,0.96493,0.9636,0.96384,4225,21,0
2023-11-06 18:00:00,0.96383,0.96411,0.96332,0.96373,2570,21,0
2023-11-06 20:00:00,0.96374,0.96407,0.9634,0.96352,1989,21,0
2023-11-06 22:00:00,0.96351,0.9638,0.96324,0.96375,1813,23,0
2023-11-07 00:00:00,0.96372,0.96393,0.96312,0.96377,667,23,0
2023-11-07 02:00:00,0.96377,0.96377,0.96269,0.96295,2039,21,0
2023-11-07 04:00:00,0.96296,0.96343,0.9629,0.96329,1963,21,0
2023-11-07 06:00:00,0.96328,0.96423,0.96325,0.96415,1827,21,0
2023-11-07 08:00:00,0.96415,0.96466,0.9629,0.96297,3471,21,0
2023-11-07 10:00:00,0.96296,0.96331,0.96136,0.96161,3991,21,0
2023-11-07 12:00:00,0.96161,0.96251,0.96122,0.96155,4193,21,0
2023-11-07 14:00:00,0.96157,0.96261,0.9615,0.96151,3904,21,0
2023-11-07 16:00:00,0.9615,0.96238,0.96086,0.96195,5757,21,0
2023-11-07 18:00:00,0.96195,0.96251,0.96178,0.96226,3833,21,0
2023-11-07 20:00:00,0.96226,0.96301,0.96214,0.96281,2350,21,0
2023-11-07 22:00:00,0.96277,0.96304,0.96255,0.96291,1274,24,0
2023-11-08 00:00:00,0.9629,0.96306,0.96166,0.96256,1154,21,0
2023-11-08 02:00:00,0.96255,0.96305,0.96252,0.96277,1087,21,0
2023-11-08 04:00:00,0.96276,0.96283,0.96249,0.96268,883,21,0
2023-11-08 06:00:00,0.96269,0.9628,0.9625,0.96279,662,21,0
2023-11-08 08:00:00,0.96279,0.96335,0.96265,0.96284,2583,21,0
2023-11-08 10:00:00,0.96285,0.96288,0.96152,0.96191,4270,21,0
2023-11-08 12:00:00,0.96192,0.96215,0.96105,0.96126,3232,21,0
2023-11-08 14:00:00,0.96125,0.96128,0.95959,0.96031,3827,21,0
2023-11-08 16:00:00,0.96032,0.96226,0.96031,0.96183,5049,21,0
2023-11-08 18:00:00,0.96182,0.96282,0.96112,0.96281,4526,21,0
2023-11-08 20:00:00,0.96281,0.96327,0.96268,0.96287,3045,21,0
2023-11-08 22:00:00,0.96287,0.96308,0.96275,0.96297,1573,24,0
2023-11-09 00:00:00,0.96277,0.963,0.96216,0.96295,782,21,0
2023-11-09 02:00:00,0.96296,0.96326,0.96262,0.9628,1416,21,0
2023-11-09 04:00:00,0.96282,0.9634,0.96277,0.96288,948,21,0
2023-11-09 06:00:00,0.96289,0.96316,0.96279,0.96279,1428,21,0
2023-11-09 08:00:00,0.9628,0.96342,0.96276,0.96319,2285,21,0
2023-11-09 10:00:00,0.96319,0.96377,0.96214,0.96329,3942,21,0
2023-11-09 12:00:00,0.96329,0.96329,0.96179,0.96215,2946,21,0
2023-11-09 14:00:00,0.96215,0.964,0.96212,0.9637,4389,21,0
2023-11-09 16:00:00,0.96369,0.96476,0.96328,0.96354,7163,21,0
2023-11-09 18:00:00,0.96355,0.96385,0.963,0.96383,3322,21,0
2023-11-09 20:00:00,0.96383,0.96398,0.96273,0.96364,8447,21,0
2023-11-09 22:00:00,0.96364,0.96414,0.9626,0.9626,2480,23,0
2023-11-10 00:00:00,0.96308,0.96337,0.96262,0.96337,1077,23,0
2023-11-10 02:00:00,0.96337,0.96402,0.96322,0.96379,1473,21,0
2023-11-10 04:00:00,0.96378,0.9641,0.9637,0.96396,892,21,0
2023-11-10 06:00:00,0.96395,0.96408,0.96362,0.9638,796,21,0
2023-11-10 08:00:00,0.96381,0.96423,0.96357,0.96391,2922,21,0
2023-11-10 10:00:00,0.96392,0.96429,0.96306,0.96329,3971,21,0
2023-11-10 12:00:00,0.96328,0.96341,0.96182,0.96286,3761,21,0
2023-11-10 14:00:00,0.96287,0.96412,0.96249,0.96352,4014,21,0
2023-11-10 16:00:00,0.96353,0.96408,0.9627,0.96338,6100,21,0
2023-11-10 18:00:00,0.96337,0.96393,0.96322,0.96359,3808,21,0
2023-11-10 20:00:00,0.9636,0.96408,0.96356,0.96389,1865,21,0
2023-11-10 22:00:00,0.96388,0.96432,0.96339,0.96348,1710,24,0
2023-11-13 00:00:00,0.96361,0.96458,0.96361,0.96413,991,23,0
2023-11-13 02:00:00,0.96413,0.96415,0.96356,0.96399,1097,21,0
2023-11-13 04:00:00,0.96399,0.9642,0.96384,0.96416,877,21,0
2023-11-13 06:00:00,0.96417,0.96435,0.96408,0.96408,780,21,0
2023-11-13 08:00:00,0.96408,0.96434,0.96378,0.96398,1804,21,0
2023-11-13 10:00:00,0.96398,0.96444,0.96362,0.96423,4230,21,0
2023-11-13 12:00:00,0.96422,0.96584,0.9642,0.9653,2984,21,0
2023-11-13 14:00:00,0.9653,0.96591,0.96469,0.96479,4128,21,0
2023-11-13 16:00:00,0.96479,0.96531,0.96385,0.96451,4621,21,0
2023-11-13 18:00:00,0.96452,0.96475,0.96406,0.96461,3469,21,0
2023-11-13 20:00:00,0.9646,0.96536,0.96435,0.96487,2949,21,0
2023-11-13 22:00:00,0.96485,0.96505,0.96439,0.96449,1603,24,0
2023-11-14 00:00:00,0.96452,0.96455,0.96411,0.96447,285,21,0
2023-11-14 02:00:00,0.96446,0.96504,0.96439,0.96503,1428,21,0
2023-11-14 04:00:00,0.96503,0.9652,0.96494,0.96513,627,21,0
2023-11-14 06:00:00,0.96513,0.96527,0.9649,0.96516,642,21,0
2023-11-14 08:00:00,0.96515,0.96543,0.96476,0.96506,1937,21,0
2023-11-14 10:00:00,0.96507,0.96594,0.96444,0.96581,3875,21,0
2023-11-14 12:00:00,0.96585,0.96738,0.96582,0.96726,3536,21,0
2023-11-14 14:00:00,0.96726,0.96776,0.9652,0.96688,9155,21,0
2023-11-14 16:00:00,0.96688,0.96714,0.96586,0.96662,11601,21,0
2023-11-14 18:00:00,0.96662,0.96798,0.96647,0.96787,6362,21,0
2023-11-14 20:00:00,0.96786,0.96791,0.96671,0.96691,2960,21,0
2023-11-14 22:00:00,0.9669,0.96715,0.96654,0.96709,2373,22,0
2023-11-15 00:00:00,0.9665,0.96715,0.96642,0.96703,924,21,0
2023-11-15 02:00:00,0.96702,0.96742,0.9667,0.96695,2064,21,0
2023-11-15 04:00:00,0.96696,0.96719,0.96652,0.96673,1354,21,0
2023-11-15 06:00:00,0.96672,0.96683,0.96623,0.96623,1510,21,0
2023-11-15 08:00:00,0.96625,0.9666,0.96512,0.96516,3749,21,0
2023-11-15 10:00:00,0.96514,0.96543,0.9639,0.9648,5852,21,0
2023-11-15 12:00:00,0.96481,0.96481,0.96416,0.96455,2346,21,0
2023-11-15 14:00:00,0.96454,0.96459,0.96296,0.96364,5652,21,0
2023-11-15 16:00:00,0.96363,0.96383,0.96225,0.96271,7672,21,0
2023-11-15 18:00:00,0.96271,0.96333,0.96243,0.96318,4391,21,0
2023-11-15 20:00:00,0.96317,0.96376,0.96313,0.96331,2352,21,0
2023-11-15 22:00:00,0.9633,0.96342,0.96288,0.96291,1483,22,0
2023-11-16 00:00:00,0.96292,0.96305,0.96242,0.9628,724,23,0
2023-11-16 02:00:00,0.9628,0.96314,0.96264,0.96285,1213,21,0
2023-11-16 04:00:00,0.96283,0.963,0.96242,0.96259,1522,21,0
2023-11-16 06:00:00,0.9626,0.963,0.96252,0.96283,1243,21,0
2023-11-16 08:00:00,0.96283,0.9634,0.96252,0.9632,2254,21,0
2023-11-16 10:00:00,0.96322,0.96517,0.96319,0.96476,3855,21,0
2023-11-16 12:00:00,0.96475,0.96487,0.96368,0.96418,2785,21,0
2023-11-16 14:00:00,0.96419,0.96538,0.96417,0.96538,5787,21,0
2023-11-16 16:00:00,0.96537,0.96548,0.96421,0.96518,7579,21,0
2023-11-16 18:00:00,0.96518,0.96536,0.96314,0.96413,4682,21,0
2023-11-16 20:00:00,0.96412,0.96489,0.96412,0.9645,2205,21,0
2023-11-16 22:00:00,0.9645,0.96462,0.96403,0.96424,1321,23,0
2023-11-17 00:00:00,0.96425,0.96443,0.96315,0.96422,523,21,0
2023-11-17 02:00:00,0.96421,0.9646,0.96391,0.96459,1400,21,0
2023-11-17 04:00:00,0.96459,0.96472,0.96399,0.96402,2194,21,0
2023-11-17 06:00:00,0.96401,0.96472,0.96385,0.96457,2109,21,0
2023-11-17 08:00:00,0.96458,0.96476,0.96256,0.96333,3482,21,0
2023-11-17 10:00:00,0.96334,0.96357,0.96224,0.9633,5341,21,0
2023-11-17 12:00:00,0.9633,0.96436,0.96322,0.96431,3152,21,0
2023-11-17 14:00:00,0.96431,0.96452,0.96373,0.96417,4316,21,0
2023-11-17 16:00:00,0.96416,0.96552,0.96413,0.96481,7095,21,0
2023-11-17 18:00:00,0.96479,0.9653,0.9646,0.96523,4873,21,0
2023-11-17 20:00:00,0.96524,0.96542,0.96491,0.96512,2734,21,0
2023-11-17 22:00:00,0.96512,0.96649,0.96508,0.96606,2004,23,0
2023-11-20 00:00:00,0.96529,0.96638,0.96529,0.9661,862,21,0
2023-11-20 02:00:00,0.96609,0.96615,0.96524,0.96525,2870,21,0
2023-11-20 04:00:00,0.96526,0.96626,0.96512,0.96572,2429,21,0
2023-11-20 06:00:00,0.96573,0.96581,0.96481,0.96487,2599,21,0
2023-11-20 08:00:00,0.96488,0.96577,0.9648,0.96537,3321,21,0
2023-11-20 10:00:00,0.96539,0.96643,0.96521,0.96524,3988,21,0
2023-11-20 12:00:00,0.96523,0.96574,0.965,0.96526,2199,21,0
2023-11-20 14:00:00,0.96527,0.96735,0.96525,0.96672,3225,21,0
2023-11-20 16:00:00,0.96672,0.96713,0.96561,0.96709,4684,21,0
2023-11-20 18:00:00,0.96709,0.96827,0.96699,0.96774,3224,21,0
2023-11-20 20:00:00,0.96774,0.96821,0.96762,0.96794,2820,21,0
2023-11-20 22:00:00,0.96793,0.96824,0.96767,0.96805,1273,23,0
2023-11-21 00:00:00,0.96799,0.96802,0.96735,0.96788,1050,21,0
2023-11-21 02:00:00,0.96786,0.96804,0.96725,0.96789,1722,21,0
2023-11-21 04:00:00,0.96788,0.96825,0.96781,0.96794,1512,21,0
2023-11-21 06:00:00,0.96795,0.96801,0.96764,0.96776,1867,21,0
2023-11-21 08:00:00,0.96779,0.96817,0.96762,0.96788,3303,21,0
2023-11-21 10:00:00,0.96788,0.96838,0.9672,0.9675,4360,21,0
2023-11-21 12:00:00,0.96751,0.96765,0.96703,0.96737,2844,21,0
2023-11-21 14:00:00,0.96737,0.96762,0.96607,0.96607,3863,21,0
2023-11-21 16:00:00,0.9661,0.96736,0.96476,0.96487,5497,21,0
2023-11-21 18:00:00,0.96485,0.96532,0.9643,0.9648,3269,21,0
2023-11-21 20:00:00,0.96479,0.96481,0.96411,0.96453,2819,21,0
2023-11-21 22:00:00,0.96453,0.96464,0.96393,0.96404,1205,24,0
2023-11-22 00:00:00,0.96392,0.96432,0.96368,0.96428,638,22,0
2023-11-22 02:00:00,0.96427,0.96443,0.96388,0.96409,2620,21,0
2023-11-22 04:00:00,0.96409,0.96428,0.96385,0.96399,1689,21,0
2023-11-22 06:00:00,0.96401,0.96413,0.96371,0.96399,1615,21,0
2023-11-22 08:00:00,0.964,0.96457,0.96334,0.96437,2406,21,0
2023-11-22 10:00:00,0.96436,0.96474,0.96351,0.96414,4259,21,0
2023-11-22 12:00:00,0.96416,0.96429,0.96331,0.96345,3736,21,0
2023-11-22 14:00:00,0.96346,0.96405,0.96256,0.96332,5962,21,0
2023-11-22 16:00:00,0.96336,0.96358,0.96224,0.96232,7246,21,0
2023-11-22 18:00:00,0.96232,0.96287,0.96179,0.9622,3994,21,0
2023-11-22 20:00:00,0.9622,0.96281,0.96203,0.96205,2372,21,0
2023-11-22 22:00:00,0.96205,0.9624,0.96186,0.96222,1249,22,0
2023-11-23 00:00:00,0.96206,0.96317,0.96168,0.96249,647,21,0
2023-11-23 02:00:00,0.96249,0.9625,0.96202,0.96215,1243,21,0
2023-11-23 04:00:00,0.96215,0.96256,0.96205,0.96229,1098,21,0
2023-11-23 06:00:00,0.96229,0.96305,0.96226,0.96289,894,21,0
2023-11-23 08:00:00,0.96289,0.96326,0.96268,0.96307,2152,21,0
2023-11-23 10:00:00,0.96307,0.9642,0.96235,0.96419,5329,21,0
2023-11-23 12:00:00,0.96417,0.96479,0.96306,0.96449,2606,21,0
2023-11-23 14:00:00,0.96449,0.96471,0.96352,0.96355,2849,21,0
2023-11-23 16:00:00,0.96357,0.96391,0.96244,0.96361,2641,21,0
2023-11-23 18:00:00,0.96361,0.96396,0.96318,0.96367,1247,21,0
2023-11-23 20:00:00,0.96368,0.9638,0.96341,0.96379,536,23,0
2023-11-23 22:00:00,0.96378,0.96443,0.96364,0.96364,1007,24,0
2023-11-24 00:00:00,0.9636,0.96454,0.96271,0.96443,624,21,0
2023-11-24 02:00:00,0.96442,0.96442,0.96366,0.96384,1574,21,0
2023-11-24 04:00:00,0.96383,0.96406,0.96353,0.96354,1282,21,0
2023-11-24 06:00:00,0.96353,0.96387,0.96331,0.96345,1806,21,0
2023-11-24 08:00:00,0.96344,0.9644,0.96333,0.96431,2043,21,0
2023-11-24 10:00:00,0.96431,0.96463,0.96374,0.96405,3601,21,0
2023-11-24 12:00:00,0.96404,0.96418,0.96376,0.96405,2464,21,0
2023-11-24 14:00:00,0.96404,0.96432,0.96369,0.96401,3435,21,0
2023-11-24 16:00:00,0.96402,0.96498,0.96393,0.9646,5490,21,0
2023-11-24 18:00:00,0.96459,0.96487,0.96402,0.96429,2689,21,0
2023-11-24 20:00:00,0.96429,0.96539,0.96404,0.96508,8190,21,0
2023-11-24 22:00:00,0.96511,0.96531,0.96436,0.96461,869,34,0
2023-11-27 00:00:00,0.96432,0.96536,0.96432,0.96501,648,23,0
2023-11-27 02:00:00,0.96501,0.96531,0.96441,0.96514,1851,21,0
2023-11-27 04:00:00,0.96514,0.96539,0.9649,0.96534,2030,21,0
2023-11-27 06:00:00,0.96538,0.96582,0.96525,0.96552,1650,21,0
2023-11-27 08:00:00,0.96551,0.96572,0.9641,0.96432,3207,21,0
2023-11-27 10:00:00,0.9643,0.96513,0.96321,0.96496,3226,21,0
2023-11-27 12:00:00,0.96496,0.96516,0.96336,0.96341,2704,21,0
2023-11-27 14:00:00,0.96341,0.96413,0.96298,0.96304,3530,21,0
2023-11-27 16:00:00,0.96304,0.96377,0.96214,0.96298,6555,21,0
2023-11-27 18:00:00,0.96297,0.96376,0.96286,0.96362,2785,21,0
2023-11-27 20:00:00,0.96362,0.96433,0.96358,0.96432,1496,22,0
2023-11-27 22:00:00,0.9643,0.96454,0.96408,0.96417,899,25,0
2023-11-28 00:00:00,0.96411,0.96444,0.96378,0.96425,4347,23,0
2023-11-28 02:00:00,0.96425,0.96436,0.964,0.96414,1206,21,0
2023-11-28 04:00:00,0.96414,0.96433,0.96406,0.96429,792,21,0
2023-11-28 06:00:00,0.96429,0.96429,0.96394,0.96402,568,21,0
2023-11-28 08:00:00,0.96402,0.96402,0.96303,0.96312,1474,21,0
2023-11-28 10:00:00,0.96311,0.96475,0.96295,0.96376,4128,21,0
2023-11-28 12:00:00,0.96376,0.96538,0.9637,0.96526,3423,21,0
2023-11-28 14:00:00,0.96528,0.96548,0.96391,0.96443,4356,21,0
2023-11-28 16:00:00,0.96443,0.96514,0.96399,0.96438,8792,21,0
2023-11-28 18:00:00,0.96436,0.96471,0.96387,0.96413,4831,21,0
2023-11-28 20:00:00,0.96414,0.96481,0.96393,0.96456,2811,22,0
2023-11-28 22:00:00,0.96459,0.96529,0.96434,0.96509,2128,24,0
2023-11-29 00:00:00,0.96496,0.9652,0.96442,0.96504,1296,21,0
2023-11-29 02:00:00,0.96505,0.9651,0.96434,0.96456,3338,21,0
2023-11-29 04:00:00,0.96456,0.9649,0.96434,0.96441,1843,21,0
2023-11-29 06:00:00,0.9644,0.96453,0.96413,0.96419,1638,21,0
2023-11-29 08:00:00,0.96421,0.96459,0.96367,0.96368,3668,21,0
2023-11-29 10:00:00,0.96371,0.9642,0.96189,0.96199,5291,21,0
2023-11-29 12:00:00,0.962,0.96332,0.96193,0.96259,2954,21,0
2023-11-29 14:00:00,0.96259,0.96287,0.96162,0.96162,5874,21,0
2023-11-29 16:00:00,0.96161,0.96192,0.95959,0.96012,6972,21,0
2023-11-29 18:00:00,0.96009,0.9604,0.95929,0.9597,3089,21,0
2023-11-29 20:00:00,0.9597,0.95984,0.95848,0.95864,2204,21,0
2023-11-29 22:00:00,0.95864,0.95904,0.95842,0.95848,1618,24,0
2023-11-30 00:00:00,0.95855,0.95882,0.9578,0.95824,1260,21,0
2023-11-30 02:00:00,0.95824,0.95851,0.95759,0.95764,1452,21,0
2023-11-30 04:00:00,0.95763,0.95764,0.95677,0.95745,1976,21,0
2023-11-30 06:00:00,0.95746,0.9579,0.9573,0.95779,1003,21,0
2023-11-30 08:00:00,0.95779,0.95797,0.95583,0.95595,3616,21,0
2023-11-30 10:00:00,0.95593,0.95666,0.95506,0.95539,6516,21,0
2023-11-30 12:00:00,0.95534,0.95599,0.95483,0.95534,4458,21,0
2023-11-30 14:00:00,0.95534,0.95655,0.95519,0.95532,6241,21,0
2023-11-30 16:00:00,0.95532,0.95564,0.94702,0.94933,11404,21,0
2023-11-30 18:00:00,0.94929,0.95291,0.94831,0.95263,9796,21,0
2023-11-30 20:00:00,0.95264,0.95376,0.95237,0.95306,2968,21,0
2023-11-30 22:00:00,0.95305,0.95367,0.95275,0.95276,2704,24,0
2023-12-01 00:00:00,0.95246,0.95323,0.9515,0.95266,3140,21,0
2023-12-01 02:00:00,0.95264,0.9536,0.95248,0.95326,2195,21,0
2023-12-01 04:00:00,0.95327,0.95374,0.95319,0.95369,1723,21,0
2023-12-01 06:00:00,0.95368,0.95386,0.95344,0.95374,1191,21,0
2023-12-01 08:00:00,0.95373,0.95441,0.95292,0.95294,2891,21,0
2023-12-01 10:00:00,0.95295,0.95327,0.95128,0.95219,5856,21,0
2023-12-01 12:00:00,0.95217,0.95297,0.95171,0.95283,2893,21,0
2023-12-01 14:00:00,0.95283,0.95412,0.95231,0.95236,5025,21,0
2023-12-01 16:00:00,0.95237,0.95243,0.94516,0.94519,9895,21,0
2023-12-01 18:00:00,0.94519,0.94721,0.94489,0.94708,11890,21,0
2023-12-01 20:00:00,0.9471,0.94713,0.945,0.94503,3728,21,0
2023-12-01 22:00:00,0.94504,0.94589,0.94498,0.94542,2493,24,0
2023-12-04 00:00:00,0.94538,0.94611,0.94408,0.94438,2837,21,0
2023-12-04 02:00:00,0.94437,0.94642,0.94437,0.94628,3918,21,0
2023-12-04 04:00:00,0.94628,0.94698,0.94611,0.94657,3088,21,0
2023-12-04 06:00:00,0.94656,0.94669,0.94607,0.94636,2964,21,0
2023-12-04 08:00:00,0.94635,0.94988,0.94546,0.94966,6027,21,0
2023-12-04 10:00:00,0.94966,0.95049,0.94805,0.94861,6812,21,0
2023-12-04 12:00:00,0.9486,0.94927,0.94817,0.94826,3900,21,0
2023-12-04 14:00:00,0.94827,0.94857,0.94715,0.9473,5271,21,0
2023-12-04 16:00:00,0.94729,0.9473,0.94365,0.94505,12372,21,0
2023-12-04 18:00:00,0.94506,0.94533,0.94426,0.94462,5579,21,0
2023-12-04 20:00:00,0.9446,0.94561,0.94449,0.94532,2713,21,0
2023-12-04 22:00:00,0.94533,0.94594,0.94517,0.94556,1915,23,0
2023-12-05 00:00:00,0.94528,0.94558,0.94524,0.94553,782,21,0
2023-12-05 02:00:00,0.94555,0.94569,0.94484,0.94549,3355,21,0
2023-12-05 04:00:00,0.9455,0.94596,0.94517,0.94583,1471,21,0
2023-12-05 06:00:00,0.94583,0.94588,0.94555,0.94568,1251,21,0
2023-12-05 08:00:00,0.94568,0.94577,0.94374,0.94473,5178,21,0
2023-12-05 10:00:00,0.94475,0.94639,0.94458,0.94613,4954,21,0
2023-12-05 12:00:00,0.94612,0.94683,0.94524,0.94557,3621,21,0
2023-12-05 14:00:00,0.94552,0.94596,0.94482,0.94547,5573,21,0
2023-12-05 16:00:00,0.94547,0.94661,0.94442,0.94446,8801,21,0
2023-12-05 18:00:00,0.94445,0.94522,0.94398,0.94404,4514,21,0
2023-12-05 20:00:00,0.94402,0.94444,0.94381,0.94395,3359,21,0
2023-12-05 22:00:00,0.94394,0.9449,0.94381,0.94451,1766,23,0
2023-12-06 00:00:00,0.9442,0.94457,0.94393,0.94438,3164,23,0
2023-12-06 02:00:00,0.94439,0.94442,0.94395,0.94415,2554,21,0
2023-12-06 04:00:00,0.94416,0.94462,0.94397,0.94437,1526,22,0
2023-12-06 06:00:00,0.94437,0.94463,0.94428,0.9446,1337,21,0
2023-12-06 08:00:00,0.9446,0.9446,0.94293,0.94307,3871,21,0
2023-12-06 10:00:00,0.94307,0.94457,0.94269,0.94329,5015,21,0
2023-12-06 12:00:00,0.94328,0.9439,0.94257,0.94279,3304,21,0
2023-12-06 14:00:00,0.94278,0.94338,0.94245,0.9429,7246,21,0
2023-12-06 16:00:00,0.9429,0.94333,0.94243,0.94248,7596,21,0
2023-12-06 18:00:00,0.94247,0.94322,0.94247,0.94292,3479,21,0
2023-12-06 20:00:00,0.94291,0.94304,0.94159,0.94198,2463,21,0
2023-12-06 22:00:00,0.94198,0.94221,0.94141,0.94155,1908,24,0
2023-12-07 00:00:00,0.94161,0.94179,0.94136,0.94156,1252,21,0
2023-12-07 02:00:00,0.94157,0.94195,0.94153,0.94185,2071,21,0
2023-12-07 04:00:00,0.94184,0.94211,0.9416,0.9418,1807,21,0
2023-12-07 06:00:00,0.9418,0.94246,0.9418,0.94229,2154,21,0
2023-12-07 08:00:00,0.94228,0.94243,0.94158,0.94199,4735,22,0
2023-12-07 10:00:00,0.94198,0.94238,0.94129,0.94138,4815,21,0
2023-12-07 12:00:00,0.94138,0.94245,0.94026,0.94233,5150,21,0
2023-12-07 14:00:00,0.94232,0.94469,0.94222,0.94434,8137,21,0
2023-12-07 16:00:00,0.94434,0.94611,0.94383,0.94512,10242,21,0
2023-12-07 18:00:00,0.94514,0.94579,0.94394,0.94481,6950,21,0
2023-12-07 20:00:00,0.94482,0.94504,0.94372,0.94404,3259,21,0
2023-12-07 22:00:00,0.94406,0.9452,0.94406,0.94454,2057,24,0
2023-12-08 00:00:00,0.94442,0.94487,0.94421,0.94452,3250,22,0
2023-12-08 02:00:00,0.94451,0.94474,0.94394,0.94409,5503,21,0
2023-12-08 04:00:00,0.9441,0.94446,0.94385,0.94425,3050,21,0
2023-12-08 06:00:00,0.94423,0.94431,0.9438,0.94382,2222,21,0
2023-12-08 08:00:00,0.94383,0.94445,0.94338,0.94424,3744,21,0
2023-12-08 10:00:00,0.94422,0.94443,0.94277,0.94306,4775,21,0
2023-12-08 12:00:00,0.94305,0.94435,0.94287,0.9432,4084,21,0
2023-12-08 14:00:00,0.9432,0.94538,0.94297,0.94505,11086,21,0
2023-12-08 16:00:00,0.94505,0.94721,0.94425,0.9472,12417,21,0
2023-12-08 18:00:00,0.9472,0.9475,0.94644,0.94717,5955,21,0
2023-12-08 20:00:00,0.94717,0.94751,0.947,0.94705,1740,21,0
2023-12-08 22:00:00,0.94704,0.94728,0.94675,0.94686,2589,25,0
2023-12-11 00:00:00,0.94699,0.94728,0.94675,0.94684,927,23,0
2023-12-11 02:00:00,0.9469,0.94706,0.94642,0.94668,4946,21,0
2023-12-11 04:00:00,0.94669,0.94702,0.94641,0.94699,2947,21,0
2023-12-11 06:00:00,0.94699,0.94745,0.94684,0.94743,2059,21,0
2023-12-11 08:00:00,0.94742,0.94764,0.94629,0.94683,5592,21,0
2023-12-11 10:00:00,0.94684,0.94684,0.94547,0.94631,5766,21,0
2023-12-11 12:00:00,0.9463,0.94863,0.94629,0.94753,4814,21,0
2023-12-11 14:00:00,0.94752,0.94823,0.94709,0.94734,4745,21,0
2023-12-11 16:00:00,0.94734,0.94749,0.94447,0.94464,7353,21,0
2023-12-11 18:00:00,0.94464,0.94544,0.94444,0.94538,3768,21,0
2023-12-11 20:00:00,0.94538,0.94567,0.94482,0.94514,2213,21,0
2023-12-11 22:00:00,0.94515,0.94572,0.9451,0.9454,1061,24,0
2023-12-12 00:00:00,0.94539,0.94561,0.94466,0.94544,2085,24,0
2023-12-12 02:00:00,0.94543,0.94549,0.94489,0.94491,2624,21,0
2023-12-12 04:00:00,0.9449,0.94511,0.94396,0.94432,1856,21,0
2023-12-12 06:00:00,0.94432,0.94439,0.94381,0.94397,1472,21,0
2023-12-12 08:00:00,0.94398,0.94468,0.94335,0.94409,2757,21,0
2023-12-12 10:00:00,0.94409,0.94789,0.94406,0.94726,5672,21,0
2023-12-12 12:00:00,0.94725,0.94734,0.94469,0.94478,5149,21,0
2023-12-12 14:00:00,0.94479,0.9453,0.94386,0.94502,8537,21,0
2023-12-12 16:00:00,0.94502,0.94566,0.94381,0.94487,8674,21,0
2023-12-12 18:00:00,0.94486,0.94539,0.94445,0.94512,4051,21,0
2023-12-12 20:00:00,0.94512,0.94529,0.94481,0.94483,2283,21,0
2023-12-12 22:00:00,0.94484,0.94516,0.94471,0.94486,1449,24,0
2023-12-13 00:00:00,0.94481,0.94508,0.94425,0.94492,2570,23,0
2023-12-13 02:00:00,0.94494,0.94509,0.9447,0.94484,1500,21,0
2023-12-13 04:00:00,0.94484,0.94486,0.94424,0.94463,2619,21,0
2023-12-13 06:00:00,0.94463,0.94474,0.94436,0.94454,1246,21,0
2023-12-13 08:00:00,0.94454,0.94492,0.94393,0.94406,2806,21,0
2023-12-13 10:00:00,0.94405,0.94535,0.94405,0.94491,5081,21,0
2023-12-13 12:00:00,0.94491,0.94511,0.94348,0.94428,3824,21,0
2023-12-13 14:00:00,0.94429,0.94543,0.94422,0.94527,4542,21,0
2023-12-13 16:00:00,0.94527,0.94683,0.9447,0.94564,6708,21,0
2023-12-13 18:00:00,0.94564,0.94587,0.9451,0.94581,4874,21,0
2023-12-13 20:00:00,0.94579,0.94779,0.94558,0.94673,14217,21,0
2023-12-13 22:00:00,0.94673,0.94906,0.94663,0.94774,9614,23,0
2023-12-14 00:00:00,0.94732,0.94787,0.94725,0.9478,1936,21,0
2023-12-14 02:00:00,0.94779,0.94782,0.94668,0.94677,5343,21,0
2023-12-14 04:00:00,0.94677,0.94693,0.94571,0.94585,4958,21,0
2023-12-14 06:00:00,0.94584,0.9467,0.94535,0.94541,3235,21,0
2023-12-14 08:00:00,0.94545,0.94896,0.94544,0.94824,6259,21,0
2023-12-14 10:00:00,0.94825,0.95171,0.94584,0.94992,13775,21,0
2023-12-14 12:00:00,0.94992,0.95096,0.94871,0.94897,6227,21,0
2023-12-14 14:00:00,0.94896,0.95178,0.94694,0.95162,11981,21,0
2023-12-14 16:00:00,0.9516,0.95439,0.95108,0.95199,15690,21,0
2023-12-14 18:00:00,0.95198,0.95214,0.94915,0.95054,8587,21,0
2023-12-14 20:00:00,0.95055,0.95279,0.95018,0.95185,5531,21,0
2023-12-14 22:00:00,0.95186,0.95355,0.95167,0.95347,2774,23,0
2023-12-15 00:00:00,0.9528,0.95328,0.95203,0.95314,3247,21,0
2023-12-15 02:00:00,0.95331,0.95358,0.95237,0.95239,4301,21,0
2023-12-15 04:00:00,0.9524,0.95306,0.95194,0.95206,3826,21,0
2023-12-15 06:00:00,0.95208,0.95261,0.95173,0.95228,3052,21,0
2023-12-15 08:00:00,0.95228,0.9532,0.95179,0.95313,4461,21,0
2023-12-15 10:00:00,0.95311,0.9541,0.94899,0.94982,9574,21,0
2023-12-15 12:00:00,0.94983,0.95036,0.94928,0.94983,5683,21,0
2023-12-15 14:00:00,0.94983,0.94986,0.94778,0.94879,8638,21,0
2023-12-15 16:00:00,0.9488,0.9489,0.94592,0.94611,11131,21,0
2023-12-15 18:00:00,0.94612,0.94807,0.94545,0.94757,5810,21,0
2023-12-15 20:00:00,0.94756,0.94839,0.94731,0.94824,4371,21,0
2023-12-15 22:00:00,0.94822,0.94891,0.94785,0.94809,3124,24,0
2023-12-18 00:00:00,0.94918,0.94918,0.9467,0.94843,1667,23,0
2023-12-18 02:00:00,0.94846,0.9491,0.9483,0.94877,2632,21,0
2023-12-18 04:00:00,0.94876,0.94897,0.94842,0.94871,1873,21,0
2023-12-18 06:00:00,0.94872,0.9489,0.94847,0.94872,1280,21,0
2023-12-18 08:00:00,0.94872,0.94981,0.94829,0.9483,3278,21,0
2023-12-18 10:00:00,0.94831,0.94903,0.94817,0.94855,4991,21,0
2023-12-18 12:00:00,0.94855,0.94908,0.94595,0.94614,3148,21,0
2023-12-18 14:00:00,0.94614,0.94821,0.94581,0.94744,4953,21,0
2023-12-18 16:00:00,0.94744,0.94911,0.94704,0.94727,6334,21,0
2023-12-18 18:00:00,0.94727,0.94833,0.94682,0.94813,3455,21,0
2023-12-18 20:00:00,0.94813,0.94828,0.9476,0.94794,1802,22,0
2023-12-18 22:00:00,0.94793,0.94801,0.94676,0.94701,2365,24,0
2023-12-19 00:00:00,0.94694,0.94734,0.94682,0.94709,2078,21,0
2023-12-19 02:00:00,0.94709,0.94726,0.94685,0.94694,1824,21,0
2023-12-19 04:00:00,0.94694,0.94719,0.94669,0.94674,2233,21,0
2023-12-19 06:00:00,0.94674,0.94687,0.94654,0.94658,879,21,0
2023-12-19 08:00:00,0.94657,0.94712,0.9458,0.94627,5143,21,0
2023-12-19 10:00:00,0.94628,0.94881,0.94617,0.94762,7402,21,0
2023-12-19 12:00:00,0.94761,0.94792,0.94656,0.94709,4477,21,0
2023-12-19 14:00:00,0.9471,0.94728,0.94584,0.9467,6104,21,0
2023-12-19 16:00:00,0.94668,0.94793,0.94381,0.94435,10496,21,0
2023-12-19 18:00:00,0.94434,0.94589,0.94415,0.94574,5293,21,0
2023-12-19 20:00:00,0.94574,0.94578,0.94452,0.94473,3315,22,0
2023-12-19 22:00:00,0.94472,0.94535,0.94465,0.94512,2063,24,0
2023-12-20 00:00:00,0.94514,0.94519,0.94408,0.94489,2054,24,0
2023-12-20 02:00:00,0.94489,0.94496,0.94415,0.94439,3361,21,0
2023-12-20 04:00:00,0.9444,0.94473,0.94435,0.94468,2525,21,0
2023-12-20 06:00:00,0.94468,0.94476,0.94431,0.94434,1649,21,0
2023-12-20 08:00:00,0.94433,0.94442,0.9425,0.94405,4885,21,0
2023-12-20 10:00:00,0.94402,0.94493,0.94357,0.94441,7192,21,0
2023-12-20 12:00:00,0.94441,0.94472,0.94331,0.94465,4677,21,0
2023-12-20 14:00:00,0.94465,0.9461,0.94431,0.9447,5895,21,0
2023-12-20 16:00:00,0.94471,0.94557,0.94404,0.9448,8000,21,0
2023-12-20 18:00:00,0.9448,0.94494,0.94339,0.9441,4761,21,0
2023-12-20 20:00:00,0.9441,0.94441,0.94382,0.94427,3800,21,0
2023-12-20 22:00:00,0.94427,0.94453,0.94368,0.94374,5200,24,0
2023-12-21 00:00:00,0.94374,0.94407,0.94324,0.94396,1087,21,0
2023-12-21 02:00:00,0.94396,0.9443,0.94367,0.94384,2055,21,0
2023-12-21 04:00:00,0.94386,0.94412,0.94314,0.94386,2399,21,0
2023-12-21 06:00:00,0.94385,0.94394,0.94352,0.94357,1247,21,0
2023-12-21 08:00:00,0.94356,0.94421,0.94335,0.94388,4393,21,0
2023-12-21 10:00:00,0.94384,0.94495,0.94242,0.94332,6530,21,0
2023-12-21 12:00:00,0.94332,0.94433,0.94307,0.94315,5618,21,0
2023-12-21 14:00:00,0.94315,0.94383,0.94174,0.94289,10512,21,0
2023-12-21 16:00:00,0.9429,0.94325,0.94151,0.94154,10751,21,0
2023-12-21 18:00:00,0.94155,0.94287,0.94099,0.94267,6220,21,0
2023-12-21 20:00:00,0.94268,0.94315,0.94225,0.94246,2537,21,0
2023-12-21 22:00:00,0.94246,0.94268,0.94204,0.9426,1984,25,0
2023-12-22 00:00:00,0.94239,0.94267,0.94137,0.94231,1256,21,0
2023-12-22 02:00:00,0.94231,0.94234,0.94176,0.94181,3550,21,0
2023-12-22 04:00:00,0.94181,0.94234,0.94169,0.94214,2517,21,0
2023-12-22 06:00:00,0.94214,0.94271,0.94214,0.94258,1640,21,0
2023-12-22 08:00:00,0.94258,0.94267,0.94204,0.94207,2382,21,0
2023-12-22 10:00:00,0.94209,0.94277,0.94098,0.94147,5713,21,0
2023-12-22 12:00:00,0.94146,0.94182,0.94032,0.94078,5875,21,0
2023-12-22 14:00:00,0.94079,0.94249,0.94062,0.94069,8575,21,0
2023-12-22 16:00:00,0.9407,0.94277,0.93963,0.94197,9997,21,0
2023-12-22 18:00:00,0.94197,0.94293,0.94149,0.94277,5086,21,0
2023-12-22 20:00:00,0.94277,0.94321,0.94252,0.94266,3566,21,0
2023-12-22 22:00:00,0.94268,0.94268,0.94183,0.94205,3012,24,0
2023-12-26 06:00:00,0.94289,0.94294,0.94237,0.94258,1391,21,0
2023-12-26 08:00:00,0.94258,0.94345,0.94191,0.9433,2595,21,0
2023-12-26 10:00:00,0.94331,0.94473,0.94329,0.94437,4440,21,0
2023-12-26 12:00:00,0.94437,0.94466,0.94397,0.94447,4094,21,0
2023-12-26 14:00:00,0.94446,0.94451,0.94167,0.94248,4447,21,0
2023-12-26 16:00:00,0.94241,0.9433,0.94186,0.94297,5114,21,0
2023-12-26 18:00:00,0.94297,0.94404,0.94293,0.9436,3557,21,0
2023-12-26 20:00:00,0.94359,0.94365,0.94232,0.94247,3618,21,0
2023-12-26 22:00:00,0.94247,0.94252,0.94192,0.9424,2577,24,0
2023-12-27 00:00:00,0.94219,0.94279,0.94199,0.94267,1059,21,0
2023-12-27 02:00:00,0.94268,0.94314,0.94215,0.94226,2499,21,0
2023-12-27 04:00:00,0.94226,0.94229,0.9418,0.94212,1881,21,0
2023-12-27 06:00:00,0.94211,0.94275,0.94203,0.94269,1514,21,0
2023-12-27 08:00:00,0.94269,0.9439,0.94171,0.94312,3709,21,0
2023-12-27 10:00:00,0.9431,0.94342,0.94117,0.94167,5311,21,0
2023-12-27 12:00:00,0.94166,0.94326,0.94156,0.94308,3866,21,0
2023-12-27 14:00:00,0.94308,0.94435,0.94259,0.94269,5132,21,0
2023-12-27 16:00:00,0.94265,0.94391,0.93953,0.93971,9019,21,0
2023-12-27 18:00:00,0.9397,0.93976,0.93509,0.93677,8225,21,0
2023-12-27 20:00:00,0.93676,0.93701,0.93566,0.93608,4278,21,0
2023-12-27 22:00:00,0.93609,0.9364,0.93551,0.93603,3552,24,0
2023-12-28 00:00:00,0.93577,0.93637,0.9356,0.93584,2410,24,0
2023-12-28 02:00:00,0.93582,0.93591,0.93471,0.93487,2300,21,0
2023-12-28 04:00:00,0.93487,0.93495,0.93349,0.93366,2702,21,0
2023-12-28 06:00:00,0.93367,0.93389,0.93279,0.93355,2118,21,0
2023-12-28 08:00:00,0.93356,0.93412,0.93268,0.93311,3718,21,0
2023-12-28 10:00:00,0.93312,0.93314,0.92854,0.9296,6936,21,0
2023-12-28 12:00:00,0.92958,0.93185,0.92958,0.93007,6499,21,0
2023-12-28 14:00:00,0.93006,0.93057,0.9294,0.92951,7555,21,0
2023-12-28 16:00:00,0.92954,0.9305,0.92569,0.92861,11116,21,0
2023-12-28 18:00:00,0.92862,0.93139,0.92785,0.93106,7752,21,0
2023-12-28 20:00:00,0.93107,0.93422,0.93068,0.93314,5448,21,0
2023-12-28 22:00:00,0.93315,0.93481,0.93303,0.93441,3629,24,0
2023-12-29 00:00:00,0.93442,0.93458,0.93314,0.93348,2213,21,0
2023-12-29 02:00:00,0.93347,0.9336,0.93296,0.93329,3476,21,0
2023-12-29 04:00:00,0.93329,0.93337,0.93283,0.93299,1881,21,0
2023-12-29 06:00:00,0.933,0.93333,0.93266,0.93302,2078,21,0
2023-12-29 08:00:00,0.93302,0.93329,0.93034,0.93097,3411,21,0
2023-12-29 10:00:00,0.93096,0.93113,0.92747,0.92835,6517,21,0
2023-12-29 12:00:00,0.92833,0.92856,0.9257,0.92631,8974,21,0
2023-12-29 14:00:00,0.92632,0.92831,0.92529,0.92818,9050,21,0
2023-12-29 16:00:00,0.92818,0.93013,0.92625,0.92957,12048,21,0
2023-12-29 18:00:00,0.92955,0.9314,0.92806,0.92844,9428,21,0
2023-12-29 20:00:00,0.92841,0.92915,0.92801,0.92881,6532,21,0
2023-12-29 22:00:00,0.92881,0.92959,0.92816,0.92835,4076,24,0
2024-01-02 00:00:00,0.92717,0.92955,0.92711,0.92909,1405,22,0
2024-01-02 02:00:00,0.92906,0.93,0.92894,0.92971,1700,21,0
2024-01-02 04:00:00,0.9297,0.93078,0.92956,0.93073,1467,21,0
2024-01-02 06:00:00,0.93072,0.93157,0.9307,0.9311,2069,21,0
2024-01-02 08:00:00,0.93108,0.93294,0.93043,0.93195,5870,21,0
2024-01-02 10:00:00,0.93195,0.93337,0.93082,0.93205,8013,21,0
2024-01-02 12:00:00,0.93204,0.93386,0.93125,0.93241,8051,21,0
2024-01-02 14:00:00,0.93242,0.93246,0.92918,0.9302,8866,21,0
2024-01-02 16:00:00,0.93024,0.93043,0.92802,0.92874,15648,21,0
2024-01-02 18:00:00,0.92873,0.9309,0.92845,0.93087,8273,21,0
2024-01-02 20:00:00,0.93087,0.93133,0.92926,0.92982,1966,21,0
2024-01-02 22:00:00,0.92981,0.93048,0.92951,0.9301,3755,24,0
2024-01-03 00:00:00,0.92991,0.93041,0.9295,0.93005,1008,21,0
2024-01-03 02:00:00,0.93006,0.93066,0.92958,0.93026,3050,21,0
2024-01-03 04:00:00,0.93025,0.93116,0.93016,0.93069,2422,21,0
2024-01-03 06:00:00,0.93072,0.93112,0.93051,0.93071,2883,21,0
2024-01-03 08:00:00,0.93071,0.93296,0.93071,0.93138,6005,21,0
2024-01-03 10:00:00,0.93138,0.93217,0.9306,0.93104,9523,21,0
2024-01-03 12:00:00,0.93104,0.93394,0.93097,0.93323,7454,21,0
2024-01-03 14:00:00,0.93317,0.93328,0.93102,0.93129,9655,21,0
2024-01-03 16:00:00,0.93129,0.93245,0.92903,0.92952,14707,21,0
2024-01-03 18:00:00,0.92951,0.93036,0.92817,0.92882,9206,21,0
2024-01-03 20:00:00,0.92882,0.9295,0.92801,0.92858,5418,21,0
2024-01-03 22:00:00,0.92857,0.92904,0.92711,0.92723,5530,24,0
2024-01-04 00:00:00,0.92689,0.92778,0.92689,0.92773,1558,21,0
2024-01-04 02:00:00,0.92773,0.92855,0.92766,0.92835,1595,21,0
2024-01-04 04:00:00,0.92836,0.92842,0.92701,0.92721,3045,21,0
2024-01-04 06:00:00,0.92721,0.92846,0.92692,0.92843,2808,21,0
2024-01-04 08:00:00,0.92843,0.92844,0.92717,0.92777,5951,21,0
2024-01-04 10:00:00,0.92778,0.9317,0.92752,0.9315,9641,21,0
2024-01-04 12:00:00,0.93151,0.93183,0.93018,0.93113,4766,22,0
2024-01-04 14:00:00,0.93115,0.93301,0.93057,0.93186,9224,22,0
2024-01-04 16:00:00,0.93185,0.93265,0.93013,0.93074,14223,22,0
2024-01-04 18:00:00,0.93075,0.93236,0.93065,0.93226,8531,22,0
2024-01-04 20:00:00,0.93225,0.93287,0.93144,0.93146,4488,22,0
2024-01-04 22:00:00,0.93147,0.93181,0.93028,0.93044,1969,25,0
2024-01-05 00:00:00,0.93039,0.93086,0.93013,0.93061,1379,22,0
2024-01-05 02:00:00,0.93066,0.93067,0.92962,0.92993,4235,22,0
2024-01-05 04:00:00,0.92998,0.93048,0.92985,0.93033,2189,22,0
2024-01-05 06:00:00,0.93034,0.93048,0.93006,0.93011,1918,22,0
2024-01-05 08:00:00,0.93011,0.93098,0.92952,0.93026,4129,22,0
2024-01-05 10:00:00,0.93025,0.93208,0.92864,0.9307,9579,22,0
2024-01-05 12:00:00,0.93069,0.9313,0.92996,0.93114,6841,22,0
2024-01-05 14:00:00,0.93113,0.93299,0.93043,0.93125,11332,22,0
2024-01-05 16:00:00,0.93126,0.93158,0.92928,0.93002,19411,22,0
2024-01-05 18:00:00,0.93001,0.93033,0.92904,0.93024,11154,22,0
2024-01-05 20:00:00,0.93024,0.93037,0.92948,0.92979,4744,22,0
2024-01-05 22:00:00,0.92976,0.93058,0.9294,0.92987,3522,24,0
2024-01-08 00:00:00,0.92948,0.93092,0.92939,0.93074,815,25,0
2024-01-08 02:00:00,0.93074,0.9313,0.93057,0.93075,1937,22,0
2024-01-08 04:00:00,0.93075,0.93124,0.93062,0.93123,1279,22,0
2024-01-08 06:00:00,0.93123,0.93165,0.93095,0.93143,1978,22,0
2024-01-08 08:00:00,0.93144,0.93171,0.92874,0.93035,5494,22,0
2024-01-08 10:00:00,0.93036,0.93091,0.92946,0.93045,7286,22,0
2024-01-08 12:00:00,0.93045,0.93144,0.93032,0.93113,2956,22,0
2024-01-08 14:00:00,0.93111,0.93154,0.93003,0.93056,4095,22,0
2024-01-08 16:00:00,0.93056,0.93094,0.92817,0.92837,7092,22,0
2024-01-08 18:00:00,0.92836,0.92923,0.9283,0.92864,4583,22,0
2024-01-08 20:00:00,0.92865,0.92878,0.92833,0.92835,2297,22,0
2024-01-08 22:00:00,0.92836,0.92876,0.92817,0.92843,3079,25,0
2024-01-09 00:00:00,0.92849,0.92888,0.92798,0.9285,1112,22,0
2024-01-09 02:00:00,0.92849,0.92871,0.92776,0.92787,1651,22,0
2024-01-09 04:00:00,0.92787,0.92863,0.92776,0.92838,1571,22,0
2024-01-09 06:00:00,0.92839,0.92839,0.92781,0.92813,1079,22,0
2024-01-09 08:00:00,0.92813,0.92903,0.92812,0.92854,2665,22,0
2024-01-09 10:00:00,0.92853,0.93054,0.9285,0.9298,8588,22,0
2024-01-09 12:00:00,0.92979,0.93101,0.92948,0.93056,3937,22,0
2024-01-09 14:00:00,0.93056,0.93173,0.93021,0.93024,5448,22,0
2024-01-09 16:00:00,0.93024,0.9319,0.92992,0.93037,8789,22,0
2024-01-09 18:00:00,0.93036,0.9312,0.93022,0.93104,5098,22,0
2024-01-09 20:00:00,0.93103,0.93139,0.9308,0.9311,2174,23,0
2024-01-09 22:00:00,0.93109,0.93196,0.93067,0.93143,1944,25,0
2024-01-10 00:00:00,0.93143,0.93177,0.93082,0.93173,1321,23,0
2024-01-10 02:00:00,0.93173,0.93196,0.93137,0.93153,2248,22,0
2024-01-10 04:00:00,0.93151,0.93191,0.9313,0.93155,1894,22,0
2024-01-10 06:00:00,0.93154,0.93176,0.93148,0.93162,944,22,0
2024-01-10 08:00:00,0.93163,0.9324,0.93108,0.93108,3936,22,0
2024-01-10 10:00:00,0.93108,0.93303,0.931,0.93273,5663,22,0
2024-01-10 12:00:00,0.93275,0.93356,0.93229,0.93329,4092,22,0
2024-01-10 14:00:00,0.93329,0.93371,0.93257,0.93268,3486,22,0
2024-01-10 16:00:00,0.93266,0.9337,0.93192,0.93354,6653,22,0
2024-01-10 18:00:00,0.93355,0.93381,0.93284,0.9332,4276,22,0
2024-01-10 20:00:00,0.93321,0.93424,0.9332,0.93396,3417,22,0
2024-01-10 22:00:00,0.93395,0.93414,0.93313,0.93339,3000,25,0
2024-01-11 00:00:00,0.93303,0.93344,0.93303,0.93327,508,27,0
2024-01-11 02:00:00,0.93326,0.93333,0.93246,0.9325,1732,22,0
2024-01-11 04:00:00,0.9325,0.93299,0.9325,0.93273,1594,22,0
2024-01-11 06:00:00,0.93273,0.93313,0.9325,0.93304,1023,22,0
2024-01-11 08:00:00,0.93303,0.9339,0.93272,0.93347,2594,22,0
2024-01-11 10:00:00,0.93347,0.93398,0.93193,0.93274,5202,22,0
2024-01-11 12:00:00,0.93276,0.93435,0.93262,0.93346,3410,22,0
2024-01-11 14:00:00,0.93347,0.93537,0.9327,0.935,11118,22,0
2024-01-11 16:00:00,0.935,0.93618,0.93362,0.93543,14675,22,0
2024-01-11 18:00:00,0.93543,0.9372,0.93543,0.93672,9282,22,0
2024-01-11 20:00:00,0.93672,0.93728,0.93556,0.9359,3331,22,0
2024-01-11 22:00:00,0.9359,0.93602,0.93452,0.93452,3324,24,0
2024-01-12 00:00:00,0.93437,0.93481,0.93431,0.93457,5843,23,0
2024-01-12 02:00:00,0.93457,0.93544,0.93456,0.93513,4767,22,0
2024-01-12 04:00:00,0.93515,0.93555,0.93497,0.93506,3025,22,0
2024-01-12 06:00:00,0.93505,0.93542,0.93498,0.93531,2826,22,0
2024-01-12 08:00:00,0.9353,0.93566,0.9349,0.93534,4961,22,0
2024-01-12 10:00:00,0.93532,0.93634,0.93445,0.93581,5526,22,0
2024-01-12 12:00:00,0.93582,0.93582,0.93438,0.93456,6090,22,0
2024-01-12 14:00:00,0.93458,0.93519,0.93335,0.93389,8100,22,0
2024-01-12 16:00:00,0.93388,0.93392,0.93234,0.93306,12152,22,0
2024-01-12 18:00:00,0.93307,0.93462,0.93301,0.93436,5879,22,0
2024-01-12 20:00:00,0.93435,0.93477,0.93369,0.93396,2284,22,0
2024-01-12 22:00:00,0.93395,0.93407,0.93289,0.93318,3068,23,0
2024-01-15 00:00:00,0.93251,0.93401,0.93251,0.93396,993,22,0
2024-01-15 02:00:00,0.93395,0.93468,0.93395,0.93442,2739,22,0
2024-01-15 04:00:00,0.93441,0.9348,0.93434,0.93445,1422,22,0
2024-01-15 06:00:00,0.93446,0.93485,0.93445,0.93477,839,22,0
2024-01-15 08:00:00,0.93478,0.93572,0.93467,0.93544,2879,22,0
2024-01-15 10:00:00,0.93544,0.93549,0.93405,0.93466,4629,22,0
2024-01-15 12:00:00,0.93465,0.93514,0.93385,0.9345,4626,22,0
2024-01-15 14:00:00,0.93452,0.93542,0.93443,0.93482,4148,22,0
2024-01-15 16:00:00,0.93482,0.93621,0.93479,0.9362,5231,22,0
2024-01-15 18:00:00,0.9362,0.93711,0.93561,0.93703,2660,22,0
2024-01-15 20:00:00,0.93702,0.93737,0.93696,0.93733,424,22,0
2024-01-15 22:00:00,0.93733,0.93737,0.93672,0.93672,461,25,0
2024-01-16 00:00:00,0.93672,0.93706,0.93664,0.93681,2118,25,0
2024-01-16 02:00:00,0.9368,0.93711,0.9357,0.93633,3899,22,0
2024-01-16 04:00:00,0.93633,0.93684,0.93628,0.93662,2777,22,0
2024-01-16 06:00:00,0.93662,0.93774,0.93638,0.93769,2692,22,0
2024-01-16 08:00:00,0.93768,0.93876,0.93717,0.93801,4245,22,0
2024-01-16 10:00:00,0.938,0.93854,0.93653,0.93666,8268,22,0
2024-01-16 12:00:00,0.93664,0.93713,0.93639,0.93685,4854,22,0
2024-01-16 14:00:00,0.93684,0.93712,0.93558,0.93608,5596,22,0
2024-01-16 16:00:00,0.93608,0.93658,0.93496,0.93527,9342,22,0
2024-01-16 18:00:00,0.93528,0.93651,0.93514,0.93614,8631,22,0
2024-01-16 20:00:00,0.93615,0.93633,0.93566,0.93618,3013,22,0
2024-01-16 22:00:00,0.93618,0.93699,0.93613,0.93681,2007,25,0
2024-01-17 00:00:00,0.93624,0.93708,0.93619,0.93708,4381,25,0
2024-01-17 02:00:00,0.93709,0.93752,0.9367,0.93677,3002,22,0
2024-01-17 04:00:00,0.93678,0.93701,0.93669,0.93691,2425,22,0
2024-01-17 06:00:00,0.93691,0.93704,0.93679,0.93695,2232,22,0
2024-01-17 08:00:00,0.93696,0.93813,0.93642,0.93733,5899,22,0
2024-01-17 10:00:00,0.93733,0.93814,0.93702,0.93736,6081,22,0
2024-01-17 12:00:00,0.93737,0.93985,0.93572,0.93975,6805,22,0
2024-01-17 14:00:00,0.93975,0.94167,0.9395,0.94091,7809,22,0
2024-01-17 16:00:00,0.94091,0.94209,0.94012,0.94177,8571,22,0
2024-01-17 18:00:00,0.94177,0.94188,0.94022,0.94032,6669,22,0
2024-01-17 20:00:00,0.94031,0.94123,0.94014,0.94106,3677,22,0
2024-01-17 22:00:00,0.94106,0.94111,0.94027,0.94027,2532,25,0
2024-01-18 00:00:00,0.94027,0.94084,0.94002,0.9408,1889,22,0
2024-01-18 02:00:00,0.94081,0.94141,0.94075,0.94131,2930,22,0
2024-01-18 04:00:00,0.94132,0.94172,0.94116,0.94162,1627,22,0
2024-01-18 06:00:00,0.94161,0.94215,0.94143,0.94203,1689,22,0
2024-01-18 08:00:00,0.94201,0.94248,0.94128,0.94131,3201,22,0
2024-01-18 10:00:00,0.9413,0.94248,0.94049,0.94065,5633,22,0
2024-01-18 12:00:00,0.94065,0.94229,0.94051,0.94155,4205,22,0
2024-01-18 14:00:00,0.94156,0.9434,0.9415,0.94274,8132,22,0
2024-01-18 16:00:00,0.94275,0.94349,0.94181,0.94282,10275,22,0
2024-01-18 18:00:00,0.94282,0.94357,0.94266,0.94333,5539,22,0
2024-01-18 20:00:00,0.94331,0.94433,0.94318,0.94417,3047,22,0
2024-01-18 22:00:00,0.94417,0.94422,0.94342,0.94389,1812,25,0
2024-01-19 00:00:00,0.94374,0.9444,0.94309,0.94432,1286,22,0
2024-01-19 02:00:00,0.94432,0.94486,0.94414,0.94483,1278,22,0
2024-01-19 04:00:00,0.94484,0.94531,0.94475,0.94508,1816,22,0
2024-01-19 06:00:00,0.94508,0.94538,0.94502,0.94509,908,22,0
2024-01-19 08:00:00,0.94509,0.94548,0.94421,0.94444,3869,22,0
2024-01-19 10:00:00,0.94444,0.94545,0.94409,0.94503,4761,22,0
2024-01-19 12:00:00,0.94503,0.94626,0.94434,0.94596,4752,22,0
2024-01-19 14:00:00,0.94595,0.94615,0.94535,0.94548,4058,22,0
2024-01-19 16:00:00,0.94547,0.94599,0.9449,0.94554,10076,22,0
2024-01-19 18:00:00,0.94553,0.94695,0.94527,0.94635,4885,23,0
2024-01-19 20:00:00,0.94634,0.947,0.94631,0.94644,2211,22,0
2024-01-19 22:00:00,0.94643,0.94657,0.94555,0.94559,1929,25,0
2024-01-22 00:00:00,0.94555,0.94617,0.94509,0.94588,1512,26,0
2024-01-22 02:00:00,0.94588,0.94629,0.94586,0.94613,3397,22,0
2024-01-22 04:00:00,0.94612,0.9466,0.94603,0.94644,1668,22,0
2024-01-22 06:00:00,0.94645,0.94672,0.94634,0.9464,914,22,0
2024-01-22 08:00:00,0.94638,0.94721,0.94624,0.94666,3985,22,0
2024-01-22 10:00:00,0.94666,0.94679,0.9446,0.94547,6005,22,0
2024-01-22 12:00:00,0.94548,0.94573,0.94509,0.94536,4955,22,0
2024-01-22 14:00:00,0.94537,0.94576,0.94459,0.94467,4972,22,0
2024-01-22 16:00:00,0.94467,0.94674,0.94464,0.94604,6142,22,0
2024-01-22 18:00:00,0.94605,0.9468,0.94591,0.94621,3058,22,0
2024-01-22 20:00:00,0.94621,0.94634,0.94553,0.94563,2609,22,0
2024-01-22 22:00:00,0.94563,0.94577,0.94541,0.94554,2553,25,0
2024-01-23 00:00:00,0.94539,0.94568,0.94522,0.94534,1205,25,0
2024-01-23 02:00:00,0.94534,0.94554,0.94467,0.94503,2105,22,0
2024-01-23 04:00:00,0.94502,0.94505,0.94417,0.94417,3335,22,0
2024-01-23 06:00:00,0.94417,0.94455,0.94384,0.94408,1951,22,0
2024-01-23 08:00:00,0.94408,0.94535,0.94393,0.94529,5360,22,0
2024-01-23 10:00:00,0.94529,0.94579,0.94463,0.94508,5353,22,0
2024-01-23 12:00:00,0.9451,0.94539,0.94397,0.94457,5335,22,0
2024-01-23 14:00:00,0.94457,0.94502,0.94353,0.94451,5071,22,0
2024-01-23 16:00:00,0.94451,0.94604,0.94376,0.9438,7213,22,0
2024-01-23 18:00:00,0.94381,0.94441,0.94352,0.94376,4725,22,0
2024-01-23 20:00:00,0.94378,0.94479,0.9437,0.9444,2162,22,0
2024-01-23 22:00:00,0.94441,0.94459,0.9442,0.94445,1700,22,0
2024-01-24 00:00:00,0.94453,0.94453,0.94361,0.94412,1072,25,0
2024-01-24 02:00:00,0.94411,0.94419,0.94382,0.94388,1837,22,0
2024-01-24 04:00:00,0.94388,0.94441,0.9438,0.94429,1527,22,0
2024-01-24 06:00:00,0.94431,0.94441,0.94393,0.94398,863,22,0
2024-01-24 08:00:00,0.94399,0.94468,0.94358,0.94363,3958,22,0
2024-01-24 10:00:00,0.94364,0.9439,0.94163,0.94311,8321,22,0
2024-01-24 12:00:00,0.94311,0.9435,0.94153,0.94237,5069,22,0
2024-01-24 14:00:00,0.94237,0.94238,0.94031,0.94061,5566,22,0
2024-01-24 16:00:00,0.94061,0.94172,0.94023,0.94083,10396,22,0
2024-01-24 18:00:00,0.94083,0.94153,0.93995,0.94011,6807,22,0
2024-01-24 20:00:00,0.94009,0.94045,0.93943,0.93981,4600,22,0
2024-01-24 22:00:00,0.93982,0.93993,0.9389,0.93901,3411,22,0
2024-01-25 00:00:00,0.93892,0.93914,0.93879,0.93906,1443,22,0
2024-01-25 02:00:00,0.93909,0.94021,0.93905,0.93992,2736,22,0
2024-01-25 04:00:00,0.93992,0.94043,0.93952,0.94028,1473,22,0
2024-01-25 06:00:00,0.9403,0.94059,0.94007,0.94048,1769,22,0
2024-01-25 08:00:00,0.94048,0.94062,0.93899,0.93952,3098,22,0
2024-01-25 10:00:00,0.93952,0.94124,0.93944,0.94067,5547,22,0
2024-01-25 12:00:00,0.94066,0.94187,0.94029,0.94182,3855,22,0
2024-01-25 14:00:00,0.94183,0.94257,0.94009,0.94098,9695,22,0
2024-01-25 16:00:00,0.94097,0.94098,0.93919,0.93988,14594,22,0
2024-01-25 18:00:00,0.93988,0.94096,0.9394,0.94007,5402,22,0
2024-01-25 20:00:00,0.94008,0.94014,0.93914,0.93992,5452,22,0
2024-01-25 22:00:00,0.93992,0.94043,0.93972,0.94027,2190,22,0
2024-01-26 00:00:00,0.93985,0.94048,0.93969,0.94038,2644,22,0
2024-01-26 02:00:00,0.94038,0.94051,0.9397,0.93979,2419,22,0
2024-01-26 04:00:00,0.93981,0.94029,0.93963,0.93977,1918,22,0
2024-01-26 06:00:00,0.93976,0.93995,0.93944,0.93955,2214,22,0
2024-01-26 08:00:00,0.93956,0.93997,0.93842,0.93893,4373,22,0
2024-01-26 10:00:00,0.93893,0.93914,0.93716,0.93798,6988,22,0
2024-01-26 12:00:00,0.93798,0.93853,0.93688,0.93836,5511,22,0
2024-01-26 14:00:00,0.93835,0.93981,0.93827,0.93851,8545,22,0
2024-01-26 16:00:00,0.93852,0.93863,0.93618,0.93751,10742,22,0
2024-01-26 18:00:00,0.93751,0.93856,0.93749,0.93826,4536,22,0
2024-01-26 20:00:00,0.93827,0.93886,0.9377,0.93822,4217,22,0
2024-01-26 22:00:00,0.93821,0.9383,0.937,0.93736,2649,22,0
2024-01-29 00:00:00,0.93833,0.93833,0.93627,0.93704,2969,22,0
2024-01-29 02:00:00,0.93706,0.9372,0.93607,0.93623,3339,22,0
2024-01-29 04:00:00,0.93624,0.9365,0.93611,0.93632,1671,22,0
2024-01-29 06:00:00,0.93631,0.9365,0.93593,0.93636,1805,22,0
2024-01-29 08:00:00,0.93635,0.93668,0.93397,0.93452,4419,22,0
2024-01-29 10:00:00,0.93452,0.93534,0.93222,0.93291,6211,22,0
2024-01-29 12:00:00,0.93292,0.93393,0.93202,0.93386,4193,22,0
2024-01-29 14:00:00,0.93386,0.93471,0.93297,0.93389,3756,22,0
2024-01-29 16:00:00,0.93389,0.93452,0.93257,0.93261,5198,22,0
2024-01-29 18:00:00,0.93261,0.93398,0.93239,0.93392,3759,22,0
2024-01-29 20:00:00,0.93391,0.93436,0.93299,0.93322,3869,22,0
2024-01-29 22:00:00,0.93323,0.93337,0.93251,0.93287,6605,22,0
2024-01-30 00:00:00,0.93283,0.93337,0.9324,0.93309,3063,23,0
2024-01-30 02:00:00,0.9331,0.9336,0.93308,0.93325,3961,22,0
2024-01-30 04:00:00,0.93326,0.9334,0.93287,0.9333,1584,22,0
2024-01-30 06:00:00,0.93331,0.93339,0.93236,0.9325,2591,22,0
2024-01-30 08:00:00,0.9325,0.93252,0.93136,0.9321,4530,22,0
2024-01-30 10:00:00,0.93211,0.93504,0.93209,0.93426,6204,22,0
2024-01-30 12:00:00,0.93426,0.93599,0.934,0.9353,4542,22,0
2024-01-30 14:00:00,0.9353,0.93641,0.93405,0.93409,5345,22,0
2024-01-30 16:00:00,0.93409,0.93643,0.93368,0.93562,11115,22,0
2024-01-30 18:00:00,0.93563,0.93604,0.93477,0.93482,4874,22,0
2024-01-30 20:00:00,0.93482,0.93493,0.93409,0.9344,2240,22,0
2024-01-30 22:00:00,0.93441,0.93479,0.9342,0.9345,2482,23,0
2024-01-31 00:00:00,0.93434,0.9345,0.93391,0.93438,1697,22,0
2024-01-31 02:00:00,0.93439,0.93471,0.93391,0.93394,2379,22,0
2024-01-31 04:00:00,0.93395,0.93406,0.9334,0.93375,2996,22,0
2024-01-31 06:00:00,0.93375,0.93384,0.93335,0.93355,2334,22,0
2024-01-31 08:00:00,0.93357,0.93444,0.93275,0.93417,4183,22,0
2024-01-31 10:00:00,0.9342,0.93428,0.9328,0.93367,7975,22,0
2024-01-31 12:00:00,0.93367,0.93606,0.93354,0.93528,5216,22,0
2024-01-31 14:00:00,0.9353,0.9357,0.9344,0.93508,8327,22,0
2024-01-31 16:00:00,0.93509,0.9355,0.93044,0.93181,15579,22,0
2024-01-31 18:00:00,0.93182,0.9329,0.93162,0.93259,8089,22,0
2024-01-31 20:00:00,0.93259,0.93315,0.93184,0.93223,13850,22,0
2024-01-31 22:00:00,0.93223,0.93326,0.93118,0.93161,10512,22,0
2024-02-01 00:00:00,0.93161,0.93197,0.93115,0.93163,1864,22,0
2024-02-01 02:00:00,0.9316,0.93308,0.93156,0.93291,3457,22,0
2024-02-01 04:00:00,0.93291,0.93315,0.93236,0.93278,2451,22,0
2024-02-01 06:00:00,0.93277,0.93302,0.9326,0.9328,2276,22,0
2024-02-01 08:00:00,0.9328,0.93303,0.93169,0.93247,4514,22,0
2024-02-01 10:00:00,0.93248,0.93253,0.93063,0.93156,6290,22,0
2024-02-01 12:00:00,0.93155,0.93274,0.93152,0.93208,4099,22,0
2024-02-01 14:00:00,0.93208,0.93393,0.93208,0.93262,8020,22,0
2024-02-01 16:00:00,0.93262,0.93348,0.93204,0.93263,11183,22,0
2024-02-01 18:00:00,0.9326,0.93352,0.93104,0.93342,10726,22,0
2024-02-01 20:00:00,0.93341,0.9335,0.93211,0.93227,6988,22,0
2024-02-01 22:00:00,0.93226,0.93261,0.9319,0.93236,3311,22,0
2024-02-02 00:00:00,0.93144,0.93258,0.93144,0.93251,1710,26,0
2024-02-02 02:00:00,0.93251,0.93255,0.93183,0.93207,2161,22,0
2024-02-02 04:00:00,0.93208,0.93249,0.93161,0.93198,2645,22,0
2024-02-02 06:00:00,0.93197,0.93271,0.93161,0.9325,2242,22,0
2024-02-02 08:00:00,0.9325,0.93303,0.93225,0.93294,3290,22,0
2024-02-02 10:00:00,0.93292,0.9332,0.93127,0.93247,4945,22,0
2024-02-02 12:00:00,0.93246,0.93247,0.93078,0.93126,3668,22,0
2024-02-02 14:00:00,0.93127,0.9338,0.93105,0.93322,8896,22,0
2024-02-02 16:00:00,0.93322,0.93495,0.93243,0.9349,12811,22,0
2024-02-02 18:00:00,0.9349,0.936,0.93436,0.9354,5530,22,0
2024-02-02 20:00:00,0.93539,0.93564,0.93488,0.93512,3376,22,0
2024-02-02 22:00:00,0.93512,0.93525,0.93478,0.93478,2921,22,0
2024-02-05 00:00:00,0.93459,0.93512,0.9341,0.93455,1482,22,0
2024-02-05 02:00:00,0.93456,0.93533,0.93445,0.93491,5946,22,0
2024-02-05 04:00:00,0.93491,0.93541,0.93489,0.93502,2371,22,0
2024-02-05 06:00:00,0.93503,0.93552,0.93489,0.93549,2156,22,0
2024-02-05 08:00:00,0.93548,0.93577,0.93504,0.93543,3818,22,0
2024-02-05 10:00:00,0.93543,0.93623,0.93425,0.93574,5815,22,0
2024-02-05 12:00:00,0.93575,0.93606,0.9344,0.93498,5237,22,0
2024-02-05 14:00:00,0.93501,0.93529,0.93413,0.93512,6016,22,0
2024-02-05 16:00:00,0.93512,0.93543,0.93377,0.9346,9198,22,0
2024-02-05 18:00:00,0.9346,0.93523,0.93431,0.93434,4017,22,0
2024-02-05 20:00:00,0.93435,0.93509,0.93413,0.93504,2239,22,0
2024-02-05 22:00:00,0.93504,0.93532,0.93474,0.93518,1716,22,0
2024-02-06 00:00:00,0.93484,0.93528,0.93479,0.93516,823,22,0
2024-02-06 02:00:00,0.93516,0.93534,0.9351,0.9353,1641,22,0
2024-02-06 04:00:00,0.93531,0.9354,0.93504,0.93504,884,22,0
2024-02-06 06:00:00,0.93506,0.93512,0.93449,0.93495,2961,22,0
2024-02-06 08:00:00,0.93497,0.93547,0.93485,0.93513,4024,22,0
2024-02-06 10:00:00,0.93512,0.93672,0.93512,0.93624,6323,22,0
2024-02-06 12:00:00,0.93624,0.93672,0.93563,0.93651,4518,22,0
2024-02-06 14:00:00,0.93651,0.93751,0.93583,0.9367,5854,22,0
2024-02-06 16:00:00,0.93669,0.93806,0.9349,0.93507,9332,22,0
2024-02-06 18:00:00,0.93507,0.93616,0.93492,0.93543,6116,22,0
2024-02-06 20:00:00,0.93542,0.93566,0.93507,0.93544,3042,22,0
2024-02-06 22:00:00,0.93542,0.93564,0.93502,0.93524,2370,22,0
2024-02-07 00:00:00,0.93502,0.93528,0.93484,0.93527,1322,26,0
2024-02-07 02:00:00,0.93527,0.9357,0.93526,0.93546,2130,22,0
2024-02-07 04:00:00,0.93546,0.93596,0.93538,0.93555,2409,22,0
2024-02-07 06:00:00,0.93554,0.93585,0.93542,0.93573,1781,22,0
2024-02-07 08:00:00,0.93574,0.93686,0.93545,0.9367,4927,22,0
2024-02-07 10:00:00,0.9367,0.93837,0.93665,0.93823,5910,22,0
2024-02-07 12:00:00,0.93824,0.94011,0.93821,0.9395,5374,22,0
2024-02-07 14:00:00,0.93951,0.93957,0.93839,0.93841,5064,22,0
2024-02-07 16:00:00,0.93841,0.93905,0.93765,0.93768,10047,22,0
2024-02-07 18:00:00,0.93767,0.94114,0.93765,0.94061,5557,22,0
2024-02-07 20:00:00,0.9406,0.9423,0.94035,0.9419,4150,22,0
2024-02-07 22:00:00,0.94187,0.94213,0.94126,0.94173,2272,22,0
2024-02-08 00:00:00,0.94146,0.94215,0.94129,0.94182,1356,23,0
2024-02-08 02:00:00,0.94182,0.94186,0.94112,0.94114,1726,22,0
2024-02-08 04:00:00,0.94115,0.94123,0.94063,0.9411,2446,22,0
2024-02-08 06:00:00,0.94111,0.94151,0.94104,0.94137,1943,22,0
2024-02-08 08:00:00,0.94136,0.94196,0.94094,0.94125,4152,22,0
2024-02-08 10:00:00,0.94125,0.94152,0.94021,0.94104,5703,22,0
2024-02-08 12:00:00,0.94103,0.94149,0.94048,0.94095,4539,22,0
2024-02-08 14:00:00,0.94095,0.94125,0.93957,0.94106,6248,22,0
2024-02-08 16:00:00,0.94107,0.94225,0.94067,0.94115,8641,22,0
2024-02-08 18:00:00,0.9411,0.94199,0.94079,0.94184,4173,22,0
2024-02-08 20:00:00,0.94184,0.94223,0.9415,0.94205,3697,22,0
2024-02-08 22:00:00,0.94205,0.94216,0.94143,0.94152,1760,22,0
2024-02-09 00:00:00,0.94094,0.94138,0.94082,0.94129,1820,24,0
2024-02-09 02:00:00,0.94128,0.94147,0.94112,0.9413,1663,22,0
2024-02-09 04:00:00,0.9413,0.94156,0.94125,0.94143,1544,22,0
2024-02-09 06:00:00,0.94143,0.94178,0.94142,0.94169,914,22,0
2024-02-09 08:00:00,0.94169,0.94298,0.94167,0.9427,2998,22,0
2024-02-09 10:00:00,0.94271,0.94369,0.94263,0.94285,5771,22,0
2024-02-09 12:00:00,0.94284,0.94324,0.94212,0.94309,4362,22,0
2024-02-09 14:00:00,0.94309,0.94364,0.94217,0.94315,11144,22,0
2024-02-09 16:00:00,0.94315,0.94384,0.94232,0.94365,11020,22,0
2024-02-09 18:00:00,0.94366,0.94376,0.943,0.94354,4728,22,0
2024-02-09 20:00:00,0.94353,0.9438,0.9432,0.94374,2435,22,0
2024-02-09 22:00:00,0.94374,0.9439,0.94289,0.94289,3341,23,0
2024-02-12 00:00:00,0.94288,0.94387,0.94284,0.94385,2391,22,0
2024-02-12 02:00:00,0.94384,0.9441,0.94374,0.94378,3002,22,0
2024-02-12 04:00:00,0.94379,0.94389,0.94363,0.94373,2583,22,0
2024-02-12 06:00:00,0.94374,0.94388,0.94355,0.94359,1624,22,0
2024-02-12 08:00:00,0.9436,0.94374,0.94281,0.9429,4233,22,0
2024-02-12 10:00:00,0.94291,0.94313,0.94136,0.94274,7657,22,0
2024-02-12 12:00:00,0.94276,0.94338,0.94199,0.94244,5892,22,0
2024-02-12 14:00:00,0.9424,0.94409,0.94224,0.94376,6058,22,0
2024-02-12 16:00:00,0.94374,0.94418,0.94314,0.94332,6712,22,0
2024-02-12 18:00:00,0.94331,0.94376,0.94306,0.94353,5300,22,0
2024-02-12 20:00:00,0.94353,0.94398,0.94309,0.94328,4120,22,0
2024-02-12 22:00:00,0.94328,0.94346,0.94299,0.94308,1969,22,0
2024-02-13 00:00:00,0.94299,0.94348,0.9427,0.94334,1522,22,0
2024-02-13 02:00:00,0.94333,0.9435,0.94315,0.94323,1878,22,0
2024-02-13 04:00:00,0.94323,0.94338,0.94313,0.94322,1664,22,0
2024-02-13 06:00:00,0.94322,0.94347,0.94305,0.94318,1523,22,0
2024-02-13 08:00:00,0.94317,0.9484,0.94291,0.94751,7149,22,0
2024-02-13 10:00:00,0.9475,0.94921,0.9468,0.94696,10047,22,0
2024-02-13 12:00:00,0.94696,0.94912,0.94662,0.9487,6558,22,0
2024-02-13 14:00:00,0.9487,0.94955,0.94729,0.94836,13679,22,0
2024-02-13 16:00:00,0.94835,0.95105,0.94771,0.94986,16250,22,0
2024-02-13 18:00:00,0.94988,0.95095,0.94966,0.95048,7232,22,0
2024-02-13 20:00:00,0.95048,0.95059,0.94955,0.95016,5429,22,0
2024-02-13 22:00:00,0.95015,0.95024,0.94965,0.94981,3189,22,0
2024-02-14 00:00:00,0.94957,0.95025,0.94936,0.95022,2626,25,0
2024-02-14 02:00:00,0.95023,0.95023,0.94967,0.94981,3991,22,0
2024-02-14 04:00:00,0.94981,0.94987,0.94932,0.94957,2706,22,0
2024-02-14 06:00:00,0.94958,0.9497,0.94914,0.94927,2338,22,0
2024-02-14 08:00:00,0.94926,0.94963,0.94897,0.94932,5519,22,0
2024-02-14 10:00:00,0.94932,0.95069,0.94907,0.94926,7244,22,0
2024-02-14 12:00:00,0.94925,0.95007,0.94923,0.94968,5368,22,0
2024-02-14 14:00:00,0.94967,0.94989,0.94899,0.94922,7701,22,0
2024-02-14 16:00:00,0.9492,0.95094,0.94905,0.95017,10717,22,0
2024-02-14 18:00:00,0.95018,0.95028,0.94954,0.9497,7586,22,0
2024-02-14 20:00:00,0.94968,0.9502,0.94939,0.95006,4109,22,0
2024-02-14 22:00:00,0.95004,0.95018,0.94983,0.95001,2896,24,0
2024-02-15 00:00:00,0.94957,0.95013,0.94948,0.94995,1598,26,0
2024-02-15 02:00:00,0.94994,0.95047,0.94979,0.94994,3072,22,0
2024-02-15 04:00:00,0.94994,0.94995,0.94952,0.94966,2641,22,0
2024-02-15 06:00:00,0.94967,0.94975,0.94944,0.9495,2277,22,0
2024-02-15 08:00:00,0.94953,0.94959,0.94787,0.94859,6299,22,0
2024-02-15 10:00:00,0.9486,0.94911,0.94704,0.94783,8418,22,0
2024-02-15 12:00:00,0.94783,0.94835,0.94734,0.94781,5597,22,0
2024-02-15 14:00:00,0.9478,0.94886,0.94735,0.94854,9265,22,0
2024-02-15 16:00:00,0.94854,0.94874,0.94706,0.94715,11402,22,0
2024-02-15 18:00:00,0.94716,0.94791,0.9471,0.9475,6831,22,0
2024-02-15 20:00:00,0.94749,0.94757,0.94671,0.94743,4051,22,0
2024-02-15 22:00:00,0.94743,0.9478,0.94708,0.9477,2548,22,0
2024-02-16 00:00:00,0.94775,0.94783,0.94684,0.94778,1103,27,0
2024-02-16 02:00:00,0.94778,0.94804,0.9476,0.94782,2567,22,0
2024-02-16 04:00:00,0.94782,0.94831,0.94782,0.94811,1919,22,0
2024-02-16 06:00:00,0.94811,0.94819,0.94783,0.9479,1753,22,0
2024-02-16 08:00:00,0.9479,0.94854,0.94771,0.94847,3743,22,0
2024-02-16 10:00:00,0.94848,0.94932,0.94808,0.94845,5446,22,0
2024-02-16 12:00:00,0.94845,0.94932,0.94831,0.94898,4190,22,0
2024-02-16 14:00:00,0.94898,0.94938,0.94795,0.94825,7821,22,0
2024-02-16 16:00:00,0.94825,0.94926,0.9481,0.94872,11830,22,0
2024-02-16 18:00:00,0.94874,0.94969,0.94828,0.94918,5555,22,0
2024-02-16 20:00:00,0.94919,0.94935,0.94859,0.94933,4546,22,0
2024-02-16 22:00:00,0.94932,0.94956,0.94882,0.94896,5099,23,0
2024-02-19 00:00:00,0.94793,0.94969,0.94766,0.94965,923,25,0
2024-02-19 02:00:00,0.94966,0.94967,0.94873,0.94931,3587,22,0
2024-02-19 04:00:00,0.94931,0.94985,0.94907,0.94982,2546,22,0
2024-02-19 06:00:00,0.94982,0.94986,0.94935,0.94967,2429,22,0
2024-02-19 08:00:00,0.94967,0.95037,0.94965,0.95023,3619,22,0
2024-02-19 10:00:00,0.95024,0.95045,0.94843,0.94929,5072,22,0
2024-02-19 12:00:00,0.94929,0.94933,0.94856,0.94863,4352,22,0
2024-02-19 14:00:00,0.94862,0.94938,0.94842,0.94889,3667,22,0
2024-02-19 16:00:00,0.94889,0.94965,0.94852,0.94954,4970,22,0
2024-02-19 18:00:00,0.94953,0.95118,0.94913,0.95116,2180,22,0
2024-02-19 20:00:00,0.95118,0.9513,0.95096,0.95117,1383,22,0
2024-02-19 22:00:00,0.95117,0.95128,0.95074,0.95074,1117,22,0
2024-02-20 00:00:00,0.95078,0.95118,0.95074,0.95113,2089,25,0
2024-02-20 02:00:00,0.95113,0.95114,0.95046,0.9506,1730,22,0
2024-02-20 04:00:00,0.95062,0.95076,0.95039,0.9506,1670,22,0
2024-02-20 06:00:00,0.95058,0.95076,0.95034,0.95059,1901,22,0
2024-02-20 08:00:00,0.95059,0.95169,0.95057,0.95133,3660,22,0
2024-02-20 10:00:00,0.95133,0.95213,0.95101,0.95194,5781,22,0
2024-02-20 12:00:00,0.95195,0.95238,0.95135,0.9518,4983,22,0
2024-02-20 14:00:00,0.9518,0.95282,0.9517,0.95204,7284,22,0
2024-02-20 16:00:00,0.95205,0.95271,0.95172,0.95228,11302,22,0
2024-02-20 18:00:00,0.9523,0.95268,0.95188,0.95264,5682,22,0
2024-02-20 20:00:00,0.95264,0.95299,0.95245,0.95271,3970,22,0
2024-02-20 22:00:00,0.9527,0.95318,0.95258,0.95296,3329,22,0
2024-02-21 00:00:00,0.95241,0.95337,0.95238,0.95322,1568,23,0
2024-02-21 02:00:00,0.95323,0.95327,0.95279,0.95292,3451,22,0
2024-02-21 04:00:00,0.95293,0.95306,0.95242,0.95251,3184,23,0
2024-02-21 06:00:00,0.9525,0.95262,0.95229,0.95237,2337,22,0
2024-02-21 08:00:00,0.95238,0.95285,0.95193,0.95239,4115,22,0
2024-02-21 10:00:00,0.95239,0.95276,0.95031,0.95093,6225,22,0
2024-02-21 12:00:00,0.95092,0.95097,0.94994,0.95042,5144,22,0
2024-02-21 14:00:00,0.95043,0.95127,0.95007,0.95118,7046,22,0
2024-02-21 16:00:00,0.95118,0.9519,0.95082,0.9517,8821,22,0
2024-02-21 18:00:00,0.9517,0.95198,0.95116,0.95151,6675,22,0
2024-02-21 20:00:00,0.9515,0.95167,0.95099,0.95146,6907,22,0
2024-02-21 22:00:00,0.95145,0.95158,0.9512,0.95146,5402,22,0
2024-02-22 00:00:00,0.95106,0.95157,0.9507,0.9512,1969,23,0
2024-02-22 02:00:00,0.95121,0.95171,0.95108,0.95141,3792,22,0
2024-02-22 04:00:00,0.95141,0.95146,0.95109,0.95136,2009,22,0
2024-02-22 06:00:00,0.95137,0.95151,0.95101,0.95115,2161,22,0
2024-02-22 08:00:00,0.95114,0.95137,0.94957,0.95063,5477,22,0
2024-02-22 10:00:00,0.95063,0.95219,0.95054,0.95183,10582,22,0
2024-02-22 12:00:00,0.95183,0.95302,0.95176,0.95301,5831,22,0
2024-02-22 14:00:00,0.95303,0.95363,0.95232,0.95259,7938,22,0
2024-02-22 16:00:00,0.95258,0.95325,0.95205,0.95321,11992,22,0
2024-02-22 18:00:00,0.9532,0.95387,0.95295,0.95373,6001,22,0
2024-02-22 20:00:00,0.95374,0.95383,0.95326,0.95339,4454,23,0
2024-02-22 22:00:00,0.9534,0.95346,0.95224,0.95244,2463,22,0
2024-02-23 00:00:00,0.95216,0.95266,0.95202,0.95258,1782,25,0
2024-02-23 02:00:00,0.95257,0.95321,0.9525,0.95306,3209,22,0
2024-02-23 04:00:00,0.95305,0.95328,0.95291,0.95304,1977,22,0
2024-02-23 06:00:00,0.95304,0.95329,0.95294,0.9532,1338,22,0
2024-02-23 08:00:00,0.95321,0.95351,0.95299,0.95343,3509,23,0
2024-02-23 10:00:00,0.95344,0.95422,0.95336,0.95363,5893,22,0
2024-02-23 12:00:00,0.95364,0.95397,0.9526,0.95284,5605,22,0
2024-02-23 14:00:00,0.95284,0.95298,0.95146,0.95287,8027,22,0
2024-02-23 16:00:00,0.95288,0.95355,0.95257,0.95314,10632,22,0
2024-02-23 18:00:00,0.95312,0.95364,0.95282,0.95309,7194,22,0
2024-02-23 20:00:00,0.95309,0.95369,0.95305,0.95355,5056,22,0
2024-02-23 22:00:00,0.95354,0.95371,0.95287,0.953,4116,23,0
2024-02-26 00:00:00,0.95261,0.95352,0.95206,0.95335,1401,25,0
2024-02-26 02:00:00,0.95336,0.95376,0.95331,0.95348,2211,22,0
2024-02-26 04:00:00,0.95348,0.95401,0.95341,0.95341,1557,22,0
2024-02-26 06:00:00,0.95342,0.9535,0.95311,0.95331,1447,22,0
2024-02-26 08:00:00,0.95331,0.95407,0.95324,0.95382,3559,22,0
2024-02-26 10:00:00,0.95382,0.95478,0.95349,0.95361,5450,22,0
2024-02-26 12:00:00,0.9536,0.95466,0.9534,0.95452,5171,22,0
2024-02-26 14:00:00,0.9545,0.95497,0.95431,0.95458,5351,22,0
2024-02-26 16:00:00,0.95459,0.95553,0.95427,0.9554,7671,22,0
2024-02-26 18:00:00,0.9554,0.95555,0.95499,0.95516,4693,22,0
2024-02-26 20:00:00,0.95515,0.95551,0.95508,0.95528,2578,22,0
2024-02-26 22:00:00,0.95528,0.95539,0.95471,0.95471,2111,22,0
2024-02-27 00:00:00,0.95468,0.95483,0.95417,0.9548,1780,25,0
2024-02-27 02:00:00,0.9548,0.95512,0.95476,0.95493,1443,22,0
2024-02-27 04:00:00,0.95493,0.95503,0.95449,0.95452,2303,22,0
2024-02-27 06:00:00,0.95451,0.95475,0.95425,0.95468,2860,22,0
2024-02-27 08:00:00,0.95467,0.95479,0.95378,0.95409,5210,22,0
2024-02-27 10:00:00,0.95409,0.9552,0.9539,0.95454,6168,22,0
2024-02-27 12:00:00,0.95454,0.95564,0.95437,0.95515,4676,22,0
2024-02-27 14:00:00,0.95516,0.95531,0.95391,0.95436,6188,22,0
2024-02-27 16:00:00,0.95437,0.95461,0.95328,0.95366,8901,22,0
2024-02-27 18:00:00,0.95366,0.95464,0.95334,0.9545,5634,22,0
2024-02-27 20:00:00,0.95449,0.95457,0.95372,0.95389,5059,23,0
2024-02-27 22:00:00,0.95391,0.95396,0.95254,0.95261,2831,22,0
2024-02-28 00:00:00,0.95259,0.95317,0.95243,0.95289,1733,22,0
2024-02-28 02:00:00,0.95287,0.95347,0.95278,0.95288,3753,22,0
2024-02-28 04:00:00,0.95287,0.95326,0.95276,0.95284,3732,22,0
2024-02-28 06:00:00,0.95284,0.9534,0.95283,0.95292,3190,22,0
2024-02-28 08:00:00,0.95292,0.95344,0.95267,0.95317,3819,22,0
2024-02-28 10:00:00,0.95318,0.95332,0.95109,0.95176,6440,22,0
2024-02-28 12:00:00,0.95176,0.95227,0.95131,0.95174,6247,22,0
2024-02-28 14:00:00,0.95173,0.95289,0.95129,0.95285,8391,22,0
2024-02-28 16:00:00,0.95286,0.95371,0.95205,0.95339,8669,22,0
2024-02-28 18:00:00,0.9534,0.95346,0.95226,0.95271,5921,22,0
2024-02-28 20:00:00,0.9527,0.95281,0.95219,0.95235,3129,22,0
2024-02-28 22:00:00,0.95235,0.95242,0.9521,0.95229,2536,22,0
2024-02-29 00:00:00,0.9523,0.95245,0.95187,0.95232,1096,22,0
2024-02-29 02:00:00,0.95231,0.95235,0.9514,0.95145,3792,22,0
2024-02-29 04:00:00,0.95141,0.95184,0.95136,0.95175,4857,22,0
2024-02-29 06:00:00,0.95174,0.95204,0.95154,0.95157,5163,22,0
2024-02-29 08:00:00,0.95157,0.95248,0.95148,0.9518,5204,22,0
2024-02-29 10:00:00,0.95176,0.9529,0.95145,0.95261,9288,22,0
2024-02-29 12:00:00,0.95261,0.95434,0.95254,0.95337,7913,22,0
2024-02-29 14:00:00,0.95337,0.9537,0.95245,0.95268,10240,22,0
2024-02-29 16:00:00,0.95267,0.95428,0.95209,0.953,12001,22,0
2024-02-29 18:00:00,0.95299,0.95485,0.95256,0.95445,9447,22,0
2024-02-29 20:00:00,0.95445,0.95541,0.95423,0.95538,5283,22,0
2024-02-29 22:00:00,0.95539,0.95581,0.95521,0.95551,4439,22,0
2024-03-01 00:00:00,0.95551,0.9558,0.95495,0.95556,3165,24,0
2024-03-01 02:00:00,0.95555,0.95673,0.95542,0.95672,3497,22,0
2024-03-01 04:00:00,0.95672,0.95677,0.95616,0.95622,2249,22,0
2024-03-01 06:00:00,0.95622,0.95663,0.9561,0.95661,2447,22,0
2024-03-01 08:00:00,0.95661,0.95827,0.95632,0.95802,5724,22,0
2024-03-01 10:00:00,0.95802,0.95942,0.95685,0.95722,10208,22,0
2024-03-01 12:00:00,0.95722,0.95761,0.95641,0.95729,6888,22,0
2024-03-01 14:00:00,0.95729,0.96013,0.9572,0.95987,7640,22,0
2024-03-01 16:00:00,0.95987,0.96036,0.95851,0.95883,13325,22,0
2024-03-01 18:00:00,0.95885,0.95887,0.95753,0.95788,5985,23,0
2024-03-01 20:00:00,0.9579,0.95833,0.95716,0.95738,4228,22,0
2024-03-01 22:00:00,0.95738,0.95741,0.95683,0.95723,3755,22,0
2024-03-04 00:00:00,0.95709,0.95779,0.95704,0.95765,3751,26,0
2024-03-04 02:00:00,0.95766,0.95792,0.9573,0.95761,3955,22,0
2024-03-04 04:00:00,0.95762,0.95776,0.95689,0.95714,2860,23,0
2024-03-04 06:00:00,0.95712,0.95786,0.95709,0.95756,2682,22,0
2024-03-04 08:00:00,0.95755,0.95807,0.95539,0.95606,5672,22,0
2024-03-04 10:00:00,0.95605,0.95743,0.95551,0.95733,7086,22,0
2024-03-04 12:00:00,0.95732,0.9595,0.95729,0.9592,5606,22,0
2024-03-04 14:00:00,0.95919,0.96105,0.95917,0.95937,8117,22,0
2024-03-04 16:00:00,0.95937,0.96207,0.95932,0.96098,8396,22,0
2024-03-04 18:00:00,0.96099,0.96114,0.95988,0.96009,6741,22,0
2024-03-04 20:00:00,0.96009,0.96076,0.95978,0.96073,3031,22,0
2024-03-04 22:00:00,0.96072,0.96087,0.96036,0.96048,2456,22,0
2024-03-05 00:00:00,0.96048,0.96087,0.95983,0.9607,2878,25,0
2024-03-05 02:00:00,0.9607,0.96081,0.96038,0.96065,2867,22,0
2024-03-05 04:00:00,0.96064,0.96077,0.96037,0.96057,2084,22,0
2024-03-05 06:00:00,0.96057,0.96101,0.96051,0.96096,1936,25,0
2024-03-05 08:00:00,0.96097,0.96147,0.96038,0.96067,4820,22,0
2024-03-05 10:00:00,0.96066,0.96161,0.96034,0.96104,8585,22,0
2024-03-05 12:00:00,0.96105,0.96166,0.96091,0.96131,5438,22,0
2024-03-05 14:00:00,0.96131,0.96168,0.95997,0.96016,8394,22,0
2024-03-05 16:00:00,0.96017,0.96049,0.95943,0.95946,14095,22,0
2024-03-05 18:00:00,0.95946,0.96003,0.95911,0.95952,5531,22,0
2024-03-05 20:00:00,0.95951,0.95954,0.95871,0.9588,5851,24,0
2024-03-05 22:00:00,0.9588,0.95901,0.95834,0.95894,3355,22,0
2024-03-06 00:00:00,0.95884,0.95924,0.95877,0.95907,1279,25,0
2024-03-06 02:00:00,0.95908,0.95999,0.95905,0.95946,3004,22,0
2024-03-06 04:00:00,0.95946,0.9598,0.9594,0.95974,2122,22,0
2024-03-06 06:00:00,0.95974,0.95992,0.95953,0.95989,2976,22,0
2024-03-06 08:00:00,0.9599,0.96049,0.95981,0.96028,4738,22,0
2024-03-06 10:00:00,0.96027,0.9626,0.96018,0.9619,5909,22,0
2024-03-06 12:00:00,0.96193,0.96308,0.9617,0.96225,4280,22,0
2024-03-06 14:00:00,0.96227,0.96233,0.96126,0.96166,8361,22,0
2024-03-06 16:00:00,0.96166,0.96184,0.96009,0.9615,10478,22,0
2024-03-06 18:00:00,0.96151,0.96206,0.96088,0.96138,7189,22,0
2024-03-06 20:00:00,0.96139,0.96152,0.96106,0.96127,4259,22,0
2024-03-06 22:00:00,0.96125,0.96137,0.96087,0.96111,2623,22,0
2024-03-07 00:00:00,0.96111,0.96143,0.96037,0.96127,2259,24,0
2024-03-07 02:00:00,0.96126,0.96183,0.96049,0.96079,5710,22,0
2024-03-07 04:00:00,0.9608,0.96133,0.96062,0.96094,4007,22,0
2024-03-07 06:00:00,0.96095,0.96113,0.96044,0.96105,3410,22,0
2024-03-07 08:00:00,0.96105,0.9612,0.95988,0.96032,6719,22,0
2024-03-07 10:00:00,0.96029,0.96049,0.95915,0.9601,5881,22,0
2024-03-07 12:00:00,0.96008,0.96043,0.95787,0.95816,5017,22,0
2024-03-07 14:00:00,0.95816,0.9592,0.95579,0.95594,11279,22,0
2024-03-07 16:00:00,0.95596,0.96077,0.95576,0.9606,14509,22,0
2024-03-07 18:00:00,0.96059,0.96093,0.95954,0.96087,8726,23,0
2024-03-07 20:00:00,0.96087,0.96129,0.96022,0.9603,4370,22,0
2024-03-07 22:00:00,0.9603,0.96091,0.96027,0.96073,3040,23,0
2024-03-08 00:00:00,0.96072,0.96072,0.96012,0.9606,2705,30,0
2024-03-08 02:00:00,0.96062,0.96074,0.9603,0.96042,3655,22,0
2024-03-08 04:00:00,0.96043,0.96065,0.96024,0.96051,2849,22,0
2024-03-08 06:00:00,0.96051,0.96059,0.96013,0.96019,2668,22,0
2024-03-08 08:00:00,0.96018,0.96047,0.959,0.9591,5886,22,0
2024-03-08 10:00:00,0.95909,0.95911,0.95737,0.95828,8891,22,0
2024-03-08 12:00:00,0.95826,0.95864,0.95756,0.95818,6181,22,0
2024-03-08 14:00:00,0.95818,0.9591,0.95766,0.95886,12292,22,0
2024-03-08 16:00:00,0.95885,0.95997,0.95798,0.95925,14753,22,0
2024-03-08 18:00:00,0.95924,0.95963,0.95842,0.95897,9024,22,0
2024-03-08 20:00:00,0.95897,0.95995,0.95894,0.95985,3263,22,0
2024-03-08 22:00:00,0.95985,0.95988,0.95932,0.95969,4008,24,0
2024-03-11 00:00:00,0.95944,0.96025,0.95937,0.96017,2982,26,0
2024-03-11 02:00:00,0.96016,0.96017,0.95949,0.95963,3069,22,0
2024-03-11 04:00:00,0.95962,0.9602,0.95945,0.96006,1991,22,0
2024-03-11 06:00:00,0.96006,0.96029,0.95992,0.96014,1374,22,0
2024-03-11 08:00:00,0.96015,0.96016,0.95834,0.95834,4339,22,0
2024-03-11 10:00:00,0.95833,0.95895,0.95753,0.95869,6028,22,0
2024-03-11 12:00:00,0.9587,0.95939,0.95819,0.9588,5802,22,0
2024-03-11 14:00:00,0.9588,0.95945,0.95872,0.95926,7632,22,0
2024-03-11 16:00:00,0.95926,0.95996,0.95891,0.95959,8451,22,0
2024-03-11 18:00:00,0.95959,0.95971,0.95913,0.95942,4104,22,0
2024-03-11 20:00:00,0.95941,0.95951,0.95854,0.95859,3441,22,0
2024-03-11 22:00:00,0.9586,0.95885,0.95823,0.95839,3040,25,0
2024-03-12 00:00:00,0.9584,0.95888,0.95825,0.95887,1765,23,0
2024-03-12 02:00:00,0.95887,0.95901,0.95864,0.95883,3193,22,0
2024-03-12 04:00:00,0.95882,0.95947,0.95875,0.95945,3647,22,0
2024-03-12 06:00:00,0.95944,0.95949,0.95892,0.9593,3127,22,0
2024-03-12 08:00:00,0.9593,0.95935,0.95819,0.95836,5800,23,0
2024-03-12 10:00:00,0.95838,0.95852,0.95716,0.9575,5603,22,0
2024-03-12 12:00:00,0.9575,0.95847,0.95732,0.95803,4803,22,0
2024-03-12 14:00:00,0.95803,0.95887,0.9569,0.95879,16859,22,0
2024-03-12 16:00:00,0.95878,0.9596,0.95839,0.9587,8328,22,0
2024-03-12 18:00:00,0.95869,0.9593,0.95822,0.95925,4460,22,0
2024-03-12 20:00:00,0.95926,0.95927,0.95857,0.9586,3470,22,0
2024-03-12 22:00:00,0.95861,0.95864,0.95806,0.95841,2167,25,0
2024-03-13 00:00:00,0.95847,0.95879,0.95832,0.95862,943,24,0
2024-03-13 02:00:00,0.95862,0.9589,0.95841,0.95869,2809,22,0
2024-03-13 04:00:00,0.95868,0.959,0.95852,0.95891,2559,22,0
2024-03-13 06:00:00,0.95891,0.95929,0.9587,0.95918,2477,22,0
2024-03-13 08:00:00,0.95916,0.9593,0.95883,0.9591,4738,22,0
2024-03-13 10:00:00,0.95909,0.96,0.95907,0.95979,6034,22,0
2024-03-13 12:00:00,0.95979,0.96038,0.95961,0.96015,5111,22,0
2024-03-13 14:00:00,0.96016,0.96052,0.95909,0.95945,6265,22,0
2024-03-13 16:00:00,0.95946,0.96074,0.95917,0.96073,7781,22,0
2024-03-13 18:00:00,0.96071,0.9613,0.9603,0.9611,6294,22,0
2024-03-13 20:00:00,0.9611,0.96195,0.96088,0.96187,3798,23,0
2024-03-13 22:00:00,0.96189,0.96206,0.96145,0.96179,2409,25,0
2024-03-14 00:00:00,0.96184,0.96212,0.96176,0.96199,2243,22,0
2024-03-14 02:00:00,0.96197,0.96205,0.96148,0.96154,3430,22,0
2024-03-14 04:00:00,0.96155,0.96204,0.96154,0.96201,2627,23,0
2024-03-14 06:00:00,0.96201,0.96234,0.96199,0.96221,2006,22,0
2024-03-14 08:00:00,0.96221,0.96275,0.96155,0.9622,4222,22,0
2024-03-14 10:00:00,0.9622,0.96272,0.96202,0.96237,5912,22,0
2024-03-14 12:00:00,0.96234,0.96245,0.96122,0.96122,5473,22,0
2024-03-14 14:00:00,0.96118,0.96198,0.96071,0.96104,14167,22,0
2024-03-14 16:00:00,0.96104,0.96192,0.96091,0.96169,9633,22,0
2024-03-14 18:00:00,0.96171,0.96193,0.96114,0.96173,5632,23,0
2024-03-14 20:00:00,0.96172,0.96222,0.96164,0.96216,3887,24,0
2024-03-14 22:00:00,0.96216,0.96226,0.96153,0.9617,4274,25,0
2024-03-15 00:00:00,0.9617,0.96234,0.96167,0.96225,1532,24,0
2024-03-15 02:00:00,0.96224,0.96246,0.96201,0.96227,4609,23,0
2024-03-15 04:00:00,0.96224,0.96238,0.96202,0.96229,1959,23,0
2024-03-15 06:00:00,0.96228,0.96231,0.96205,0.96221,2298,23,0
2024-03-15 08:00:00,0.96222,0.96284,0.96205,0.96273,5195,22,0
2024-03-15 10:00:00,0.96274,0.96291,0.96144,0.96214,6933,22,0
2024-03-15 12:00:00,0.96214,0.96248,0.96072,0.96075,5519,22,0
2024-03-15 14:00:00,0.96074,0.96123,0.96044,0.96086,9339,22,0
2024-03-15 16:00:00,0.96083,0.96222,0.96068,0.96197,8505,22,0
2024-03-15 18:00:00,0.96197,0.96267,0.96166,0.96214,5269,22,0
2024-03-15 20:00:00,0.96214,0.96246,0.9619,0.96204,4798,22,0
2024-03-15 22:00:00,0.96202,0.96208,0.96169,0.96197,1167,25,0
2024-03-18 00:00:00,0.96135,0.96198,0.9613,0.96153,7689,23,0
2024-03-18 02:00:00,0.96152,0.96194,0.96144,0.96173,2965,22,0
2024-03-18 04:00:00,0.96174,0.96182,0.96122,0.96138,2352,23,0
2024-03-18 06:00:00,0.96139,0.96184,0.96137,0.96172,1641,22,0
2024-03-18 08:00:00,0.9617,0.96313,0.96169,0.9628,3245,22,0
2024-03-18 10:00:00,0.96279,0.96362,0.96223,0.96351,7294,23,0
2024-03-18 12:00:00,0.9635,0.96374,0.96188,0.96215,5654,22,0
2024-03-18 14:00:00,0.96216,0.96351,0.9621,0.96329,7740,22,0
2024-03-18 16:00:00,0.9633,0.96471,0.96314,0.96456,7637,22,0
2024-03-18 18:00:00,0.96455,0.96537,0.96367,0.96484,5890,22,0
2024-03-18 20:00:00,0.96484,0.96556,0.96472,0.96546,3563,22,0
2024-03-18 22:00:00,0.96547,0.96557,0.96403,0.96461,4712,27,0
2024-03-19 00:00:00,0.96468,0.96504,0.96468,0.96495,2404,23,0
2024-03-19 02:00:00,0.96494,0.9657,0.96476,0.96565,3328,22,0
2024-03-19 04:00:00,0.96565,0.96598,0.96543,0.96562,5667,22,0
2024-03-19 06:00:00,0.96562,0.96564,0.96513,0.96536,6065,22,0
2024-03-19 08:00:00,0.96537,0.96635,0.96506,0.96532,7415,22,0
2024-03-19 10:00:00,0.96532,0.96584,0.96192,0.96222,9878,22,0
2024-03-19 12:00:00,0.96222,0.9645,0.96222,0.96291,7427,22,0
2024-03-19 14:00:00,0.96292,0.96392,0.96227,0.96374,7886,22,0
2024-03-19 16:00:00,0.96373,0.96454,0.96352,0.96432,7161,22,0
2024-03-19 18:00:00,0.96432,0.96493,0.96428,0.96459,5004,22,0
2024-03-19 20:00:00,0.96459,0.96499,0.96444,0.96485,2277,22,0
2024-03-19 22:00:00,0.96485,0.96497,0.9641,0.96451,2048,24,0
2024-03-20 00:00:00,0.96449,0.96526,0.96449,0.96506,1387,23,0
2024-03-20 02:00:00,0.96505,0.9658,0.96501,0.96578,2398,22,0
2024-03-20 04:00:00,0.96577,0.96601,0.96557,0.96568,1888,22,0
2024-03-20 06:00:00,0.96568,0.9664,0.96568,0.96606,2455,22,0
2024-03-20 08:00:00,0.96607,0.96674,0.96581,0.9667,5254,22,0
2024-03-20 10:00:00,0.96669,0.96672,0.9653,0.96568,7091,22,0
2024-03-20 12:00:00,0.96568,0.96685,0.96526,0.96556,5272,22,0
2024-03-20 14:00:00,0.96556,0.96645,0.96519,0.96639,5286,22,0
2024-03-20 16:00:00,0.9664,0.96752,0.96573,0.96721,5777,22,0
2024-03-20 18:00:00,0.9672,0.96841,0.96698,0.9671,4793,22,0
2024-03-20 20:00:00,0.96738,0.96874,0.96645,0.96822,19911,22,0
2024-03-20 22:00:00,0.96821,0.96866,0.96764,0.96822,6089,26,0
2024-03-21 00:00:00,0.96821,0.9687,0.96802,0.96855,4607,22,0
2024-03-21 02:00:00,0.96855,0.96855,0.96654,0.96692,8426,22,0
2024-03-21 04:00:00,0.96693,0.96776,0.96684,0.96759,3658,22,0
2024-03-21 06:00:00,0.96759,0.96841,0.96746,0.96801,2813,22,0
2024-03-21 08:00:00,0.968,0.96873,0.96692,0.96747,8117,22,0
2024-03-21 10:00:00,0.96746,0.97815,0.96702,0.97622,17643,22,0
2024-03-21 12:00:00,0.97622,0.97629,0.97357,0.97429,11313,22,0
2024-03-21 14:00:00,0.9743,0.97864,0.97387,0.97676,14927,22,0
2024-03-21 16:00:00,0.97678,0.97784,0.97551,0.97651,13358,22,0
2024-03-21 18:00:00,0.97652,0.97673,0.97527,0.97529,6850,22,0
2024-03-21 20:00:00,0.97528,0.97549,0.97485,0.97487,4977,22,0
2024-03-21 22:00:00,0.97488,0.97513,0.97441,0.97447,2186,25,0
2024-03-22 00:00:00,0.97468,0.97527,0.97458,0.97503,1694,22,0
2024-03-22 02:00:00,0.97505,0.97558,0.97466,0.97551,4638,22,0
2024-03-22 04:00:00,0.97551,0.97558,0.97422,0.97437,4905,22,0
2024-03-22 06:00:00,0.97438,0.97446,0.97361,0.97362,3330,22,0
2024-03-22 08:00:00,0.97362,0.97372,0.9729,0.97332,5850,22,0
2024-03-22 10:00:00,0.97334,0.97494,0.97327,0.97387,9288,22,0
2024-03-22 12:00:00,0.97387,0.97449,0.97345,0.97399,6160,22,0
2024-03-22 14:00:00,0.97399,0.97406,0.97137,0.9719,10082,22,0
2024-03-22 16:00:00,0.9719,0.97211,0.97081,0.97151,8315,22,0
2024-03-22 18:00:00,0.97151,0.97151,0.9707,0.97109,5141,22,0
2024-03-22 20:00:00,0.97109,0.97123,0.97021,0.97022,3316,22,0
2024-03-22 22:00:00,0.97018,0.97023,0.96895,0.9695,1867,25,0
2024-03-25 00:00:00,0.96939,0.9701,0.96921,0.97001,2998,24,0
2024-03-25 02:00:00,0.97001,0.97064,0.96989,0.97056,4090,22,0
2024-03-25 04:00:00,0.97055,0.97082,0.9703,0.97064,3574,22,0
2024-03-25 06:00:00,0.97064,0.97077,0.97036,0.97075,1996,22,0
2024-03-25 08:00:00,0.97075,0.97135,0.97041,0.97106,3223,22,0
2024-03-25 10:00:00,0.97105,0.97173,0.97074,0.97104,5141,22,0
2024-03-25 12:00:00,0.97104,0.97232,0.9709,0.97222,4423,22,0
2024-03-25 14:00:00,0.97219,0.97269,0.97172,0.97239,6067,22,0
2024-03-25 16:00:00,0.97238,0.97356,0.9721,0.97334,5989,22,0
2024-03-25 18:00:00,0.97335,0.97417,0.97318,0.97382,3681,22,0
2024-03-25 20:00:00,0.97382,0.97446,0.9738,0.97444,2299,22,0
2024-03-25 22:00:00,0.97443,0.97467,0.97336,0.97432,7854,24,0
2024-03-26 00:00:00,0.97431,0.97507,0.97431,0.97476,1377,22,0
2024-03-26 02:00:00,0.97474,0.97514,0.97469,0.97511,2853,22,0
2024-03-26 04:00:00,0.97511,0.97584,0.9751,0.97568,3005,22,0
2024-03-26 06:00:00,0.97568,0.97638,0.97566,0.97628,2057,22,0
2024-03-26 08:00:00,0.97629,0.9768,0.97594,0.97656,4966,22,0
2024-03-26 10:00:00,0.97655,0.97829,0.97644,0.97826,8275,22,0
2024-03-26 12:00:00,0.97827,0.9796,0.97709,0.97929,6398,22,0
2024-03-26 14:00:00,0.9793,0.98127,0.9787,0.97948,8068,22,0
2024-03-26 16:00:00,0.97945,0.9796,0.97722,0.97741,7666,22,0
2024-03-26 18:00:00,0.97742,0.97906,0.9773,0.97889,3998,22,0
2024-03-26 20:00:00,0.9789,0.97917,0.97825,0.97893,2676,22,0
2024-03-26 22:00:00,0.97894,0.979,0.97797,0.97856,1729,25,0
2024-03-27 00:00:00,0.97859,0.97897,0.97853,0.97878,1689,24,0
2024-03-27 02:00:00,0.97878,0.97881,0.97788,0.97809,3419,23,0
2024-03-27 04:00:00,0.97809,0.97877,0.97809,0.97851,2447,22,0
2024-03-27 06:00:00,0.97851,0.97899,0.97838,0.97891,1676,24,0
2024-03-27 08:00:00,0.97893,0.98016,0.97845,0.98005,4651,22,0
2024-03-27 10:00:00,0.98006,0.98102,0.97931,0.98017,7326,22,0
2024-03-27 12:00:00,0.98018,0.9819,0.97963,0.98111,6082,22,0
2024-03-27 14:00:00,0.9811,0.98116,0.97947,0.98004,6932,22,0
2024-03-27 16:00:00,0.98004,0.9809,0.97891,0.97978,7216,22,0
2024-03-27 18:00:00,0.97978,0.98026,0.97907,0.97974,4982,22,0
2024-03-27 20:00:00,0.97974,0.97992,0.97921,0.97941,2881,22,0
2024-03-27 22:00:00,0.9794,0.97955,0.97804,0.97835,2912,25,0
2024-03-28 00:00:00,0.97834,0.9792,0.97784,0.97909,3123,22,0
2024-03-28 02:00:00,0.97909,0.97985,0.97909,0.97914,4486,22,0
2024-03-28 04:00:00,0.97913,0.97926,0.97878,0.9791,2892,22,0
2024-03-28 06:00:00,0.97911,0.97948,0.97908,0.97948,2225,22,0
2024-03-28 08:00:00,0.97949,0.97989,0.97783,0.97792,3951,22,0
2024-03-28 10:00:00,0.97791,0.97829,0.97574,0.9764,6909,22,0
2024-03-28 12:00:00,0.9764,0.97744,0.97592,0.97653,5512,22,0
2024-03-28 14:00:00,0.97654,0.97717,0.97466,0.97466,9135,22,0
2024-03-28 16:00:00,0.97468,0.97534,0.97261,0.97275,9536,22,0
2024-03-28 18:00:00,0.97275,0.97332,0.97217,0.97298,6522,22,0
2024-03-28 20:00:00,0.97298,0.97326,0.9725,0.97278,3289,22,0
2024-03-28 22:00:00,0.97278,0.97285,0.97194,0.97277,2574,25,0
2024-03-29 00:00:00,0.97277,0.97308,0.97198,0.97239,16804,23,0
2024-03-29 02:00:00,0.97239,0.97307,0.97187,0.97214,13150,27,0
2024-03-29 04:00:00,0.97212,0.97248,0.97191,0.97206,6740,27,0
2024-03-29 06:00:00,0.97206,0.97259,0.97176,0.9724,3276,30,0
2024-03-29 08:00:00,0.97233,0.97251,0.97056,0.97101,7910,25,0
2024-03-29 10:00:00,0.971,0.97191,0.97071,0.97173,11130,22,0
2024-03-29 12:00:00,0.97171,0.97325,0.97152,0.97224,12812,22,0
2024-03-29 14:00:00,0.97226,0.97348,0.97192,0.9732,12600,22,0
2024-03-29 16:00:00,0.97323,0.97341,0.97256,0.97308,9154,29,0
2024-03-29 18:00:00,0.97308,0.97357,0.97282,0.97296,6997,31,0
2024-03-29 20:00:00,0.97298,0.97338,0.9728,0.97292,8187,30,0
2024-03-29 22:00:00,0.97291,0.97315,0.97252,0.97283,719,39,0
2024-04-01 00:00:00,0.97242,0.97327,0.97214,0.9731,2888,27,0
2024-04-01 02:00:00,0.97309,0.97363,0.97294,0.97315,2498,22,0
2024-04-01 04:00:00,0.97315,0.97326,0.97273,0.97295,2307,22,0
2024-04-01 06:00:00,0.97296,0.97318,0.9725,0.97269,1930,22,0
2024-04-01 08:00:00,0.97268,0.97283,0.97214,0.97267,2248,22,0
2024-04-01 10:00:00,0.97266,0.97273,0.97148,0.97191,4400,22,0
2024-04-01 12:00:00,0.9719,0.97234,0.97176,0.97233,2706,22,0
2024-04-01 14:00:00,0.97234,0.97298,0.97207,0.97262,3719,22,0
2024-04-01 16:00:00,0.97261,0.97326,0.97164,0.97205,8579,22,0
2024-04-01 18:00:00,0.97205,0.97239,0.97125,0.97148,4559,22,0
2024-04-01 20:00:00,0.97148,0.97195,0.9713,0.97195,2653,22,0
2024-04-01 22:00:00,0.97195,0.97204,0.97109,0.97129,2466,22,0
2024-04-02 00:00:00,0.9713,0.97174,0.9707,0.97159,2510,22,0
2024-04-02 02:00:00,0.97158,0.97199,0.97146,0.97184,3557,22,0
2024-04-02 04:00:00,0.97183,0.97223,0.97152,0.97205,2541,22,0
2024-04-02 06:00:00,0.97204,0.97269,0.97203,0.97265,1753,22,0
2024-04-02 08:00:00,0.97265,0.9736,0.97211,0.97334,3575,22,0
2024-04-02 10:00:00,0.97333,0.97551,0.97328,0.97484,7798,22,0
2024-04-02 12:00:00,0.97485,0.97607,0.97453,0.97573,5364,22,0
2024-04-02 14:00:00,0.97574,0.97646,0.97524,0.97588,7058,22,0
2024-04-02 16:00:00,0.97588,0.9764,0.97458,0.97551,9933,22,0
2024-04-02 18:00:00,0.97552,0.97697,0.97536,0.97666,6781,22,0
2024-04-02 20:00:00,0.97665,0.97735,0.97663,0.97735,3209,23,0
2024-04-02 22:00:00,0.97731,0.97776,0.97712,0.97761,2469,23,0
2024-04-03 00:00:00,0.97761,0.9778,0.97713,0.97758,1056,26,0
2024-04-03 02:00:00,0.97758,0.97796,0.97734,0.97789,2579,22,0
2024-04-03 04:00:00,0.97788,0.97855,0.97776,0.97853,2694,22,0
2024-04-03 06:00:00,0.97852,0.97879,0.97844,0.97844,1669,22,0
2024-04-03 08:00:00,0.97845,0.97925,0.97828,0.97897,3186,22,0
2024-04-03 10:00:00,0.97897,0.97913,0.97791,0.9781,4235,22,0
2024-04-03 12:00:00,0.97808,0.97894,0.97761,0.97873,4159,22,0
2024-04-03 14:00:00,0.97874,0.97964,0.97861,0.97954,6482,22,0
2024-04-03 16:00:00,0.97955,0.98045,0.97914,0.98016,11518,22,0
2024-04-03 18:00:00,0.98017,0.98036,0.97801,0.97878,7355,22,0
2024-04-03 20:00:00,0.97877,0.97897,0.97809,0.9786,3299,23,0
2024-04-03 22:00:00,0.97859,0.97863,0.97809,0.97822,3109,22,0
2024-04-04 00:00:00,0.97822,0.97834,0.97768,0.97826,856,26,0
2024-04-04 02:00:00,0.97828,0.97883,0.97817,0.97872,1879,22,0
2024-04-04 04:00:00,0.97871,0.97923,0.9786,0.97916,1462,22,0
2024-04-04 06:00:00,0.97916,0.97953,0.97911,0.97942,995,22,0
2024-04-04 08:00:00,0.97942,0.98362,0.97889,0.98283,4417,22,0
2024-04-04 10:00:00,0.98282,0.98468,0.98266,0.98382,6567,22,0
2024-04-04 12:00:00,0.98381,0.98444,0.98336,0.98382,4564,22,0
2024-04-04 14:00:00,0.98381,0.98473,0.98336,0.98342,6163,22,0
2024-04-04 16:00:00,0.98343,0.98399,0.98254,0.98315,6572,22,0
2024-04-04 18:00:00,0.98316,0.98329,0.98189,0.98203,3467,22,0
2024-04-04 20:00:00,0.98203,0.98259,0.97939,0.97963,5634,22,0
2024-04-04 22:00:00,0.97963,0.97995,0.97601,0.97664,7646,22,0
2024-04-05 00:00:00,0.97629,0.97707,0.97604,0.97692,3582,25,0
2024-04-05 02:00:00,0.97693,0.97756,0.97671,0.97715,4280,22,0
2024-04-05 04:00:00,0.97715,0.97733,0.97654,0.97667,3441,22,0
2024-04-05 06:00:00,0.97667,0.97722,0.97665,0.97713,1779,22,0
2024-04-05 08:00:00,0.97712,0.97781,0.97632,0.97657,3696,22,0
2024-04-05 10:00:00,0.97658,0.98006,0.97655,0.97903,6492,22,0
2024-04-05 12:00:00,0.97899,0.97934,0.97814,0.97825,4493,22,0
2024-04-05 14:00:00,0.97825,0.98031,0.978,0.97855,9871,22,0
2024-04-05 16:00:00,0.97855,0.97855,0.97535,0.97557,13507,22,0
2024-04-05 18:00:00,0.97556,0.97695,0.97445,0.97663,6827,22,0
2024-04-05 20:00:00,0.97662,0.97739,0.97643,0.97737,4357,22,0
2024-04-05 22:00:00,0.9774,0.97773,0.97708,0.97717,4785,22,0
2024-04-08 00:00:00,0.97584,0.97878,0.97584,0.97827,2135,27,0
2024-04-08 02:00:00,0.97827,0.97873,0.97779,0.97864,3296,22,0
2024-04-08 04:00:00,0.97864,0.97946,0.9783,0.97838,3781,22,0
2024-04-08 06:00:00,0.97838,0.97935,0.97838,0.97913,2271,22,0
2024-04-08 08:00:00,0.97911,0.9795,0.97832,0.97916,5503,22,0
2024-04-08 10:00:00,0.97916,0.98074,0.97887,0.9801,7928,22,0
2024-04-08 12:00:00,0.9801,0.98115,0.97968,0.98108,4711,22,0
2024-04-08 14:00:00,0.98108,0.98131,0.98013,0.98027,6194,22,0
2024-04-08 16:00:00,0.98024,0.98291,0.98,0.98202,10755,22,0
2024-04-08 18:00:00,0.98203,0.98279,0.98161,0.98249,5372,22,0
2024-04-08 20:00:00,0.98248,0.98308,0.98191,0.98239,4069,22,0
2024-04-08 22:00:00,0.98237,0.98334,0.9823,0.98303,2942,22,0
2024-04-09 00:00:00,0.98301,0.98342,0.98208,0.98324,1945,25,0
2024-04-09 02:00:00,0.98324,0.98339,0.98275,0.98315,2559,22,0
2024-04-09 04:00:00,0.98316,0.98321,0.9823,0.98235,3720,22,0
2024-04-09 06:00:00,0.98235,0.98251,0.98215,0.98226,1256,22,0
2024-04-09 08:00:00,0.98225,0.98239,0.9815,0.9816,3099,22,0
2024-04-09 10:00:00,0.98162,0.98259,0.98159,0.98193,5057,22,0
2024-04-09 12:00:00,0.98194,0.98201,0.98081,0.98105,5082,22,0
2024-04-09 14:00:00,0.98104,0.98187,0.98068,0.98124,6251,22,0
2024-04-09 16:00:00,0.98126,0.98184,0.98045,0.98089,9105,22,0
2024-04-09 18:00:00,0.9809,0.98103,0.98027,0.98052,5958,22,0
2024-04-09 20:00:00,0.98051,0.98088,0.98028,0.98053,3610,24,0
2024-04-09 22:00:00,0.98054,0.98088,0.98051,0.98069,3186,25,0
2024-04-10 00:00:00,0.98044,0.98088,0.98019,0.98068,4318,25,0
2024-04-10 02:00:00,0.98068,0.98074,0.98041,0.98067,1314,22,0
2024-04-10 04:00:00,0.98067,0.981,0.98047,0.98052,2439,22,0
2024-04-10 06:00:00,0.98053,0.98084,0.98038,0.98076,1174,22,0
2024-04-10 08:00:00,0.98076,0.98094,0.98025,0.98047,3372,22,0
2024-04-10 10:00:00,0.98046,0.98146,0.97999,0.98132,5400,22,0
2024-04-10 12:00:00,0.98132,0.9819,0.98088,0.98168,3457,22,0
2024-04-10 14:00:00,0.98169,0.98187,0.97907,0.97987,11855,22,0
2024-04-10 16:00:00,0.97984,0.98118,0.97939,0.98049,14369,22,0
2024-04-10 18:00:00,0.9805,0.98139,0.97958,0.98133,8700,22,0
2024-04-10 20:00:00,0.98133,0.98199,0.97918,0.98068,10649,22,0
2024-04-10 22:00:00,0.98069,0.98122,0.98021,0.98047,3672,22,0
2024-04-11 00:00:00,0.98042,0.98061,0.97982,0.98041,4959,24,0
2024-04-11 02:00:00,0.98041,0.98104,0.98032,0.98086,3018,22,0
2024-04-11 04:00:00,0.98086,0.98104,0.98069,0.98073,2668,22,0
2024-04-11 06:00:00,0.98073,0.98076,0.98046,0.98054,1187,22,0
2024-04-11 08:00:00,0.98053,0.98147,0.98021,0.98102,4436,22,0
2024-04-11 10:00:00,0.98102,0.98197,0.9809,0.98136,8768,22,0
2024-04-11 12:00:00,0.98137,0.98139,0.97848,0.97868,6093,22,0
2024-04-11 14:00:00,0.97867,0.97935,0.97458,0.97613,12926,22,0
2024-04-11 16:00:00,0.97614,0.9779,0.97509,0.97538,15437,22,0
2024-04-11 18:00:00,0.97539,0.97651,0.97522,0.97572,7593,22,0
2024-04-11 20:00:00,0.97572,0.97595,0.97527,0.97591,5826,22,0
2024-04-11 22:00:00,0.97592,0.97603,0.97558,0.9759,2379,22,0
2024-04-12 00:00:00,0.9753,0.97589,0.9753,0.97576,1211,22,0
2024-04-12 02:00:00,0.97577,0.97624,0.97561,0.97563,2484,22,0
2024-04-12 04:00:00,0.97563,0.9759,0.97536,0.9759,3945,22,0
2024-04-12 06:00:00,0.97589,0.97626,0.97564,0.97591,2023,22,0
2024-04-12 08:00:00,0.9759,0.97619,0.97405,0.97414,5328,22,0
2024-04-12 10:00:00,0.97412,0.9751,0.97374,0.97382,9872,22,0
2024-04-12 12:00:00,0.97381,0.97389,0.97235,0.97262,7396,22,0
2024-04-12 14:00:00,0.9726,0.97273,0.96835,0.96945,8340,22,0
2024-04-12 16:00:00,0.96946,0.97105,0.96765,0.96809,14343,22,0
2024-04-12 18:00:00,0.96807,0.97124,0.96793,0.97091,10401,22,0
2024-04-12 20:00:00,0.97092,0.97242,0.9707,0.97177,6563,22,0
2024-04-12 22:00:00,0.97176,0.97308,0.97173,0.9727,3290,22,0
2024-04-15 00:00:00,0.9687,0.97254,0.96849,0.97249,3827,23,0
2024-04-15 02:00:00,0.9725,0.97327,0.97234,0.97317,5006,22,0
2024-04-15 04:00:00,0.97317,0.97361,0.97261,0.97335,6224,22,0
2024-04-15 06:00:00,0.97335,0.97391,0.97326,0.97374,3249,22,0
2024-04-15 08:00:00,0.97374,0.97389,0.97233,0.97281,6807,22,0
2024-04-15 10:00:00,0.97279,0.97347,0.97208,0.97268,9058,22,0
2024-04-15 12:00:00,0.97268,0.97359,0.97219,0.97321,4822,22,0
2024-04-15 14:00:00,0.9732,0.97337,0.97191,0.97246,9631,22,0
2024-04-15 16:00:00,0.97247,0.97366,0.97056,0.97115,13562,22,0
2024-04-15 18:00:00,0.97115,0.97256,0.9709,0.97133,7115,22,0
2024-04-15 20:00:00,0.97132,0.97159,0.9694,0.96964,7105,22,0
2024-04-15 22:00:00,0.96962,0.9701,0.96822,0.96835,3940,22,0
2024-04-16 00:00:00,0.96834,0.97096,0.96811,0.96887,1771,27,0
2024-04-16 02:00:00,0.96885,0.96921,0.96863,0.96915,3344,22,0
2024-04-16 04:00:00,0.96916,0.96916,0.96838,0.96882,6141,22,0
2024-04-16 06:00:00,0.96882,0.9691,0.96867,0.96872,2547,22,0
2024-04-16 08:00:00,0.96871,0.96972,0.96806,0.96904,5814,22,0
2024-04-16 10:00:00,0.96905,0.97045,0.96806,0.96943,8415,22,0
2024-04-16 12:00:00,0.96926,0.97073,0.96926,0.97025,8402,22,0
2024-04-16 14:00:00,0.97026,0.9715,0.96995,0.97016,7392,22,0
2024-04-16 16:00:00,0.97014,0.97212,0.96968,0.97046,13990,22,0
2024-04-16 18:00:00,0.97047,0.97053,0.96923,0.96936,8571,22,0
2024-04-16 20:00:00,0.96938,0.97001,0.96858,0.96968,12480,22,0
2024-04-16 22:00:00,0.96968,0.96975,0.96914,0.96931,4850,22,0
2024-04-17 00:00:00,0.96927,0.96927,0.9685,0.96909,2954,24,0
2024-04-17 02:00:00,0.96908,0.96928,0.9688,0.96895,2720,22,0
2024-04-17 04:00:00,0.96894,0.96981,0.96884,0.96979,4502,22,0
2024-04-17 06:00:00,0.96979,0.96985,0.96915,0.96928,2319,22,0
2024-04-17 08:00:00,0.96927,0.96927,0.96756,0.96783,7426,22,0
2024-04-17 10:00:00,0.96783,0.9688,0.96751,0.9681,8547,22,0
2024-04-17 12:00:00,0.96809,0.97031,0.96795,0.96971,6017,22,0
2024-04-17 14:00:00,0.96971,0.96987,0.96842,0.96943,7269,22,0
2024-04-17 16:00:00,0.96942,0.97101,0.96897,0.97087,9555,22,0
2024-04-17 18:00:00,0.97088,0.97107,0.97004,0.97004,8345,22,0
2024-04-17 20:00:00,0.97002,0.97165,0.96971,0.97135,7848,22,0
2024-04-17 22:00:00,0.97132,0.97194,0.97107,0.97186,4146,23,0
2024-04-18 00:00:00,0.97179,0.97179,0.97108,0.97156,2288,22,0
2024-04-18 02:00:00,0.97157,0.97163,0.97101,0.9713,2021,22,0
2024-04-18 04:00:00,0.97129,0.9717,0.97092,0.97151,4063,22,0
2024-04-18 06:00:00,0.97151,0.97172,0.97132,0.97172,1793,22,0
2024-04-18 08:00:00,0.97171,0.9719,0.97131,0.97169,4445,22,0
2024-04-18 10:00:00,0.97167,0.97167,0.96988,0.97013,6194,22,0
2024-04-18 12:00:00,0.97013,0.97044,0.96923,0.97025,4132,22,0
2024-04-18 14:00:00,0.97025,0.97089,0.96931,0.96975,7154,22,0
2024-04-18 16:00:00,0.96974,0.9722,0.9697,0.97158,9814,22,0
2024-04-18 18:00:00,0.97156,0.9719,0.97098,0.97124,5963,22,0
2024-04-18 20:00:00,0.97126,0.97128,0.97016,0.97087,4157,22,0
2024-04-18 22:00:00,0.97087,0.97112,0.97051,0.97084,2102,22,0
2024-04-19 00:00:00,0.97086,0.97133,0.97041,0.97132,809,22,0
2024-04-19 02:00:00,0.97131,0.97147,0.97012,0.97013,3046,22,0
2024-04-19 04:00:00,0.97014,0.97017,0.95634,0.96125,17755,22,0
2024-04-19 06:00:00,0.96126,0.96743,0.9612,0.96577,10805,22,0
2024-04-19 08:00:00,0.96577,0.96783,0.96486,0.96712,10380,22,0
2024-04-19 10:00:00,0.96713,0.96839,0.96556,0.96701,10786,22,0
2024-04-19 12:00:00,0.96701,0.96861,0.96693,0.96722,6280,22,0
2024-04-19 14:00:00,0.96721,0.96881,0.96721,0.96822,7674,22,0
2024-04-19 16:00:00,0.96821,0.97061,0.96789,0.97013,12158,22,0
2024-04-19 18:00:00,0.9701,0.97013,0.96807,0.96928,8047,22,0
2024-04-19 20:00:00,0.96927,0.96968,0.96889,0.96903,7333,22,0
2024-04-19 22:00:00,0.96903,0.97011,0.96898,0.96904,4165,22,0
2024-04-22 00:00:00,0.96905,0.9707,0.96825,0.97065,3323,26,0
2024-04-22 02:00:00,0.97069,0.97119,0.97017,0.97045,4301,22,0
2024-04-22 04:00:00,0.97045,0.97221,0.97041,0.97176,4317,22,0
2024-04-22 06:00:00,0.97175,0.97246,0.97175,0.97222,2325,22,0
2024-04-22 08:00:00,0.97223,0.97256,0.97109,0.97132,4691,22,0
2024-04-22 10:00:00,0.97132,0.97157,0.96922,0.97058,7163,22,0
2024-04-22 12:00:00,0.9706,0.97107,0.97,0.97081,5778,22,0
2024-04-22 14:00:00,0.9708,0.97083,0.96903,0.96937,5938,22,0
2024-04-22 16:00:00,0.96936,0.97005,0.9689,0.96997,7956,22,0
2024-04-22 18:00:00,0.96997,0.97134,0.96985,0.97072,5256,22,0
2024-04-22 20:00:00,0.9707,0.97116,0.9704,0.97085,3186,22,0
2024-04-22 22:00:00,0.97085,0.97159,0.9706,0.97154,2651,22,0
2024-04-23 00:00:00,0.97148,0.97149,0.97031,0.97142,4229,25,0
2024-04-23 02:00:00,0.9714,0.97157,0.97121,0.97138,2140,22,0
2024-04-23 04:00:00,0.97137,0.97188,0.97127,0.97184,3558,22,0
2024-04-23 06:00:00,0.97185,0.97198,0.97156,0.97194,1531,22,0
2024-04-23 08:00:00,0.97193,0.97216,0.97084,0.97163,3634,22,0
2024-04-23 10:00:00,0.97163,0.97393,0.97105,0.97287,9465,22,0
2024-04-23 12:00:00,0.97287,0.97288,0.97135,0.97165,6192,22,0
2024-04-23 14:00:00,0.97166,0.97279,0.97165,0.97253,6527,22,0
2024-04-23 16:00:00,0.97253,0.97414,0.97187,0.97382,14039,22,0
2024-04-23 18:00:00,0.97382,0.97598,0.97362,0.97536,7000,22,0
2024-04-23 20:00:00,0.97536,0.97588,0.97458,0.97547,4990,22,0
2024-04-23 22:00:00,0.97546,0.97598,0.97526,0.97579,3161,22,0
2024-04-24 00:00:00,0.97577,0.97577,0.97511,0.97564,1695,27,0
2024-04-24 02:00:00,0.97563,0.97624,0.97552,0.97609,2657,22,0
2024-04-24 04:00:00,0.97609,0.97653,0.97591,0.97617,3258,22,0
2024-04-24 06:00:00,0.97618,0.97627,0.97579,0.97586,1945,22,0
2024-04-24 08:00:00,0.97586,0.97737,0.97562,0.97705,3715,22,0
2024-04-24 10:00:00,0.97703,0.97751,0.97605,0.97664,7172,22,0
2024-04-24 12:00:00,0.97665,0.97729,0.97646,0.97687,3421,22,0
2024-04-24 14:00:00,0.97686,0.97762,0.97586,0.97591,6742,22,0
2024-04-24 16:00:00,0.9759,0.97729,0.97469,0.97657,8715,23,0
2024-04-24 18:00:00,0.97655,0.97719,0.97614,0.9769,5943,23,0
2024-04-24 20:00:00,0.97689,0.97821,0.97647,0.97807,4847,22,0
2024-04-24 22:00:00,0.97805,0.97905,0.97802,0.97887,2894,22,0
2024-04-25 00:00:00,0.97835,0.97864,0.97693,0.97832,2715,28,0
2024-04-25 02:00:00,0.97836,0.97873,0.97808,0.9786,2264,23,0
2024-04-25 04:00:00,0.9786,0.97898,0.9783,0.97891,2519,22,0
2024-04-25 06:00:00,0.97891,0.97932,0.97875,0.97916,1490,22,0
2024-04-25 08:00:00,0.97917,0.97967,0.97858,0.97867,3909,23,0
2024-04-25 10:00:00,0.97869,0.97972,0.97825,0.97865,6065,22,0
2024-04-25 12:00:00,0.97865,0.97966,0.97827,0.97925,4057,24,0
2024-04-25 14:00:00,0.97925,0.97964,0.97787,0.97843,9074,22,0
2024-04-25 16:00:00,0.97843,0.97952,0.97696,0.97849,13416,23,0
2024-04-25 18:00:00,0.97848,0.97979,0.97815,0.97953,5575,22,0
2024-04-25 20:00:00,0.97954,0.97965,0.97829,0.9787,5345,23,0
2024-04-25 22:00:00,0.9787,0.97888,0.97839,0.97863,2989,24,0
2024-04-26 00:00:00,0.97857,0.97882,0.97782,0.97866,2737,28,0
2024-04-26 02:00:00,0.97867,0.97916,0.97863,0.97909,2035,26,0
2024-04-26 04:00:00,0.97909,0.97939,0.97891,0.97917,2184,22,0
2024-04-26 06:00:00,0.97918,0.97924,0.97864,0.97901,2643,22,0
2024-04-26 08:00:00,0.979,0.97966,0.97877,0.97939,3709,23,0
2024-04-26 10:00:00,0.97939,0.97962,0.97705,0.979,9903,22,0
2024-04-26 12:00:00,0.97901,0.97968,0.97833,0.97856,5853,22,0
2024-04-26 14:00:00,0.97856,0.97883,0.97712,0.97825,9209,22,0
2024-04-26 16:00:00,0.97825,0.97828,0.97611,0.97644,9810,22,0
2024-04-26 18:00:00,0.97645,0.9775,0.97623,0.97728,5460,23,0
2024-04-26 20:00:00,0.97727,0.97768,0.97702,0.97761,2478,22,0
2024-04-26 22:00:00,0.97761,0.97798,0.97706,0.97706,2602,22,0
2024-04-29 00:00:00,0.97711,0.97812,0.97633,0.97787,1690,28,0
2024-04-29 02:00:00,0.97786,0.97821,0.97764,0.9778,2473,22,0
2024-04-29 04:00:00,0.9778,0.98027,0.97751,0.9784,5302,22,0
2024-04-29 06:00:00,0.97839,0.97853,0.9762,0.97697,9362,22,0
2024-04-29 08:00:00,0.97696,0.9783,0.97626,0.97806,8793,22,0
2024-04-29 10:00:00,0.97804,0.97804,0.97562,0.97574,11662,22,0
2024-04-29 12:00:00,0.97573,0.97689,0.97516,0.97683,5365,22,0
2024-04-29 14:00:00,0.97683,0.97755,0.976,0.97612,5405,22,0
2024-04-29 16:00:00,0.97613,0.97717,0.97542,0.97555,8586,22,0
2024-04-29 18:00:00,0.97555,0.97644,0.97484,0.97577,6442,22,0
2024-04-29 20:00:00,0.97576,0.97622,0.97539,0.9758,4629,22,0
2024-04-29 22:00:00,0.97578,0.9761,0.97523,0.97588,2734,25,0
2024-04-30 00:00:00,0.97603,0.97619,0.97497,0.97614,1816,28,0
2024-04-30 02:00:00,0.97613,0.97646,0.97563,0.97609,2567,24,0
2024-04-30 04:00:00,0.97608,0.97628,0.9755,0.97581,2782,24,0
2024-04-30 06:00:00,0.97581,0.97594,0.97543,0.97551,1322,22,0
2024-04-30 08:00:00,0.97552,0.97703,0.97527,0.97657,4519,22,0
2024-04-30 10:00:00,0.97655,0.97751,0.97644,0.97695,6533,22,0
2024-04-30 12:00:00,0.97693,0.97812,0.97657,0.97759,6475,22,0
2024-04-30 14:00:00,0.97757,0.97923,0.97736,0.97878,8189,23,0
2024-04-30 16:00:00,0.97879,0.98114,0.97766,0.98028,13527,22,0
2024-04-30 18:00:00,0.9803,0.98091,0.97942,0.97989,8855,22,0
2024-04-30 20:00:00,0.97988,0.98154,0.97962,0.98134,3449,24,0
2024-04-30 22:00:00,0.98135,0.98147,0.98039,0.98052,3344,22,0
2024-05-01 00:00:00,0.98029,0.9808,0.97875,0.98076,1766,24,0
2024-05-01 02:00:00,0.98077,0.98092,0.98025,0.98072,1726,22,0
2024-05-01 04:00:00,0.98071,0.98093,0.98036,0.98062,1379,22,0
2024-05-01 06:00:00,0.98061,0.98191,0.98053,0.98152,1229,22,0
2024-05-01 08:00:00,0.98148,0.98235,0.98107,0.98225,3088,23,0
2024-05-01 10:00:00,0.98224,0.98311,0.98148,0.98257,4153,22,0
2024-05-01 12:00:00,0.98258,0.98285,0.98206,0.98264,3695,22,0
2024-05-01 14:00:00,0.98263,0.98267,0.98165,0.98247,4667,22,0
2024-05-01 16:00:00,0.98246,0.98272,0.98172,0.98188,7719,22,0
2024-05-01 18:00:00,0.98187,0.9822,0.98164,0.9818,3425,22,0
2024-05-01 20:00:00,0.98181,0.9836,0.98179,0.9829,12948,22,0
2024-05-01 22:00:00,0.98288,0.98304,0.98017,0.98074,13646,22,0
2024-05-02 00:00:00,0.98074,0.98246,0.9802,0.98221,3126,22,0
2024-05-02 02:00:00,0.98219,0.98251,0.98122,0.98195,3868,23,0
2024-05-02 04:00:00,0.98196,0.98247,0.98179,0.98222,2484,22,0
2024-05-02 06:00:00,0.98222,0.98246,0.98179,0.98202,1740,22,0
2024-05-02 08:00:00,0.98203,0.9823,0.97525,0.9766,6881,22,0
2024-05-02 10:00:00,0.97659,0.97802,0.97586,0.97681,9400,22,0
2024-05-02 12:00:00,0.97681,0.9771,0.97584,0.97584,4338,22,0
2024-05-02 14:00:00,0.97585,0.9766,0.97516,0.97596,6795,22,0
2024-05-02 16:00:00,0.97594,0.97663,0.97442,0.97617,10339,22,0
2024-05-02 18:00:00,0.97616,0.97683,0.97574,0.97671,6380,22,0
2024-05-02 20:00:00,0.97672,0.97714,0.9757,0.97635,4480,22,0
2024-05-02 22:00:00,0.97632,0.97682,0.97589,0.97652,3488,25,0
2024-05-03 00:00:00,0.97645,0.97645,0.97535,0.97612,1576,23,0
2024-05-03 02:00:00,0.97611,0.97657,0.9758,0.97598,2417,22,0
2024-05-03 04:00:00,0.97597,0.97625,0.97582,0.97594,2534,23,0
2024-05-03 06:00:00,0.97593,0.97629,0.97591,0.97599,1481,23,0
2024-05-03 08:00:00,0.97599,0.9761,0.97445,0.97461,4574,22,0
2024-05-03 10:00:00,0.9746,0.97558,0.97351,0.97516,6021,22,0
2024-05-03 12:00:00,0.97507,0.9753,0.97403,0.97462,5023,22,0
2024-05-03 14:00:00,0.9746,0.97516,0.9726,0.97457,11123,22,0
2024-05-03 16:00:00,0.97457,0.97543,0.9737,0.97387,18017,22,0
2024-05-03 18:00:00,0.97384,0.97476,0.97373,0.97473,5811,22,0
2024-05-03 20:00:00,0.97474,0.97498,0.97428,0.97436,2739,22,0
2024-05-03 22:00:00,0.97435,0.97452,0.97342,0.97342,2219,23,0
2024-05-06 00:00:00,0.97364,0.97456,0.97296,0.97448,1139,26,0
2024-05-06 02:00:00,0.97435,0.97502,0.97391,0.97497,2435,22,0
2024-05-06 04:00:00,0.97497,0.97533,0.97463,0.97499,3069,22,0
2024-05-06 06:00:00,0.97498,0.97525,0.97479,0.97502,1905,23,0
2024-05-06 08:00:00,0.97502,0.9755,0.9742,0.97464,2786,22,0
2024-05-06 10:00:00,0.97462,0.97493,0.97362,0.97406,4741,22,0
2024-05-06 12:00:00,0.97405,0.97556,0.974,0.9753,3936,22,0
2024-05-06 14:00:00,0.97529,0.97557,0.97481,0.97483,3641,22,0
2024-05-06 16:00:00,0.97484,0.97622,0.97433,0.97556,5421,22,0
2024-05-06 18:00:00,0.97555,0.9764,0.97537,0.97611,3111,22,0
2024-05-06 20:00:00,0.97609,0.97636,0.97589,0.97604,1864,22,0
2024-05-06 22:00:00,0.97607,0.97615,0.97561,0.97574,1672,22,0
2024-05-07 00:00:00,0.97563,0.97588,0.97381,0.97579,1308,23,0
2024-05-07 02:00:00,0.9758,0.97646,0.97571,0.97623,1804,22,0
2024-05-07 04:00:00,0.97625,0.97699,0.97602,0.97675,3053,23,0
2024-05-07 06:00:00,0.97674,0.97697,0.97635,0.97648,1983,22,0
2024-05-07 08:00:00,0.97647,0.97679,0.97575,0.9761,3447,22,0
2024-05-07 10:00:00,0.97611,0.97724,0.97534,0.97705,4373,23,0
2024-05-07 12:00:00,0.97706,0.97736,0.9766,0.97697,3513,23,0
2024-05-07 14:00:00,0.97695,0.97729,0.97636,0.97685,3505,22,0
2024-05-07 16:00:00,0.97686,0.97767,0.9762,0.97704,4714,22,0
2024-05-07 18:00:00,0.97704,0.97769,0.97662,0.97751,4142,22,0
2024-05-07 20:00:00,0.9775,0.97777,0.97708,0.97746,3477,23,0
2024-05-07 22:00:00,0.97747,0.97762,0.97668,0.97678,2652,24,0
2024-05-08 00:00:00,0.97674,0.97696,0.97614,0.9768,1484,28,0
2024-05-08 02:00:00,0.97683,0.97687,0.97642,0.97665,1841,26,0
2024-05-08 04:00:00,0.97664,0.97665,0.97609,0.97645,2190,23,0
2024-05-08 06:00:00,0.97645,0.97664,0.97618,0.97652,1249,22,0
2024-05-08 08:00:00,0.97653,0.97667,0.97606,0.97645,2122,23,0
2024-05-08 10:00:00,0.97643,0.97699,0.97564,0.97594,4496,22,0
2024-05-08 12:00:00,0.97594,0.97698,0.97563,0.97681,3538,22,0
2024-05-08 14:00:00,0.97682,0.97702,0.97604,0.97642,3675,22,0
2024-05-08 16:00:00,0.97641,0.97685,0.97589,0.97606,5282,22,0
2024-05-08 18:00:00,0.97605,0.97652,0.97574,0.97582,3047,22,0
2024-05-08 20:00:00,0.97583,0.97588,0.97515,0.97573,1890,23,0
2024-05-08 22:00:00,0.97573,0.9759,0.97554,0.97588,1310,22,0
2024-05-09 00:00:00,0.97588,0.97594,0.975,0.97582,1479,23,0
2024-05-09 02:00:00,0.9758,0.97585,0.97539,0.97584,1343,23,0
2024-05-09 04:00:00,0.97584,0.97623,0.97565,0.97618,1583,24,0
2024-05-09 06:00:00,0.97618,0.9763,0.97593,0.97598,1215,22,0
2024-05-09 08:00:00,0.97596,0.9761,0.97534,0.97541,2157,22,0
2024-05-09 10:00:00,0.9754,0.97568,0.97514,0.97554,3766,23,0
2024-05-09 12:00:00,0.97555,0.97647,0.97524,0.97599,2943,23,0
2024-05-09 14:00:00,0.97599,0.97634,0.97518,0.97606,7080,23,0
2024-05-09 16:00:00,0.97605,0.97705,0.97575,0.97696,6511,22,0
2024-05-09 18:00:00,0.97695,0.97729,0.97667,0.97694,2819,22,0
2024-05-09 20:00:00,0.97693,0.97698,0.97642,0.97663,2096,22,0
2024-05-09 22:00:00,0.97658,0.97671,0.97634,0.97659,1531,22,0
2024-05-10 00:00:00,0.97601,0.97667,0.97556,0.97645,1461,22,0
2024-05-10 02:00:00,0.97646,0.97689,0.97643,0.97681,1406,22,0
2024-05-10 04:00:00,0.97682,0.97712,0.97659,0.97685,2175,24,0
2024-05-10 06:00:00,0.97685,0.97691,0.97666,0.97668,761,22,0
2024-05-10 08:00:00,0.97666,0.97703,0.97651,0.97697,2444,22,0
2024-05-10 10:00:00,0.97698,0.97777,0.97645,0.97696,4768,22,0
2024-05-10 12:00:00,0.97698,0.97734,0.97672,0.97724,2592,24,0
2024-05-10 14:00:00,0.97724,0.97786,0.97695,0.97729,3444,23,0
2024-05-10 16:00:00,0.9773,0.97781,0.97646,0.97675,6140,22,0
2024-05-10 18:00:00,0.97676,0.97699,0.976,0.97628,3429,24,0
2024-05-10 20:00:00,0.97629,0.97634,0.97561,0.97623,2082,24,0
2024-05-10 22:00:00,0.97623,0.97633,0.97559,0.97597,1772,22,0
2024-05-13 00:00:00,0.97573,0.97631,0.97478,0.97626,1423,26,0
2024-05-13 02:00:00,0.97624,0.97638,0.97592,0.97601,1685,23,0
2024-05-13 04:00:00,0.97603,0.97667,0.97598,0.97642,2381,22,0
2024-05-13 06:00:00,0.97641,0.97668,0.9763,0.97655,975,23,0
2024-05-13 08:00:00,0.97653,0.97676,0.9762,0.97633,2082,23,0
2024-05-13 10:00:00,0.97633,0.97782,0.97632,0.97743,4314,23,0
2024-05-13 12:00:00,0.97742,0.97853,0.97738,0.97765,3013,22,0
2024-05-13 14:00:00,0.97765,0.97833,0.97693,0.97769,3752,23,0
2024-05-13 16:00:00,0.97768,0.97928,0.97723,0.97878,5157,22,0
2024-05-13 18:00:00,0.97879,0.97984,0.97873,0.97919,4426,22,0
2024-05-13 20:00:00,0.97919,0.97993,0.97906,0.97969,1754,22,0
2024-05-13 22:00:00,0.97968,0.98014,0.97933,0.97983,1698,22,0
2024-05-14 00:00:00,0.97982,0.97992,0.9791,0.97991,1054,24,0
2024-05-14 02:00:00,0.97989,0.97999,0.9797,0.97979,1426,24,0
2024-05-14 04:00:00,0.97979,0.98001,0.97963,0.97994,1380,22,0
2024-05-14 06:00:00,0.97994,0.98025,0.97978,0.9799,1004,23,0
2024-05-14 08:00:00,0.97989,0.98014,0.97917,0.97928,2271,23,0
2024-05-14 10:00:00,0.97929,0.97963,0.97846,0.97849,3831,22,0
2024-05-14 12:00:00,0.97849,0.98001,0.97848,0.97966,3669,22,0
2024-05-14 14:00:00,0.97966,0.98086,0.97961,0.98014,6891,22,0
2024-05-14 16:00:00,0.98014,0.98087,0.97956,0.98074,8368,22,0
2024-05-14 18:00:00,0.98074,0.98103,0.98022,0.98048,3777,22,0
2024-05-14 20:00:00,0.98048,0.98118,0.98042,0.98088,1829,24,0
2024-05-14 22:00:00,0.98086,0.98112,0.98048,0.98055,1475,24,0
2024-05-15 00:00:00,0.98055,0.98071,0.97987,0.98057,1610,29,0
2024-05-15 02:00:00,0.98056,0.98072,0.98035,0.9805,1478,25,0
2024-05-15 04:00:00,0.9805,0.98083,0.98044,0.98074,1183,22,0
2024-05-15 06:00:00,0.98074,0.98077,0.98035,0.98049,1156,22,0
2024-05-15 08:00:00,0.98048,0.98061,0.98004,0.98035,2504,22,0
2024-05-15 10:00:00,0.98035,0.98043,0.97942,0.9799,4276,22,0
2024-05-15 12:00:00,0.97992,0.98033,0.97982,0.98009,3043,22,0
2024-05-15 14:00:00,0.9801,0.98127,0.97869,0.98123,9523,22,0
2024-05-15 16:00:00,0.98123,0.98235,0.98059,0.98225,9411,22,0
2024-05-15 18:00:00,0.98226,0.98234,0.98122,0.98157,5119,22,0
2024-05-15 20:00:00,0.98156,0.98238,0.9814,0.9821,2972,22,0
2024-05-15 22:00:00,0.98207,0.9823,0.98165,0.98178,2273,22,0
2024-05-16 00:00:00,0.98171,0.98205,0.98121,0.98149,2981,25,0
2024-05-16 02:00:00,0.9815,0.98154,0.97916,0.97921,3217,22,0
2024-05-16 04:00:00,0.9792,0.9802,0.97912,0.97978,4362,22,0
2024-05-16 06:00:00,0.97978,0.98034,0.97972,0.98026,1960,23,0
2024-05-16 08:00:00,0.98024,0.98064,0.97989,0.98011,3423,22,0
2024-05-16 10:00:00,0.98011,0.98086,0.97849,0.98076,5374,22,0
2024-05-16 12:00:00,0.98076,0.98144,0.98021,0.98109,3146,22,0
2024-05-16 14:00:00,0.98109,0.98253,0.98065,0.98237,5992,22,0
2024-05-16 16:00:00,0.98236,0.98332,0.98203,0.9829,5981,22,0
2024-05-16 18:00:00,0.98291,0.98374,0.98266,0.9836,3005,22,0
2024-05-16 20:00:00,0.98359,0.98403,0.98338,0.98399,2012,22,0
2024-05-16 22:00:00,0.98399,0.9847,0.98376,0.9846,1539,22,0
2024-05-17 00:00:00,0.98445,0.98471,0.98349,0.98458,1106,22,0
2024-05-17 02:00:00,0.98458,0.9853,0.98447,0.98496,1823,22,0
2024-05-17 04:00:00,0.98496,0.98523,0.98466,0.98473,2253,22,0
2024-05-17 06:00:00,0.98473,0.98507,0.9847,0.98482,1144,22,0
2024-05-17 08:00:00,0.98483,0.98529,0.98454,0.98513,2453,22,0
2024-05-17 10:00:00,0.98514,0.9866,0.98513,0.98557,4442,22,0
2024-05-17 12:00:00,0.98558,0.98623,0.98548,0.98567,2981,22,0
2024-05-17 14:00:00,0.98568,0.98591,0.98514,0.98525,3148,22,0
2024-05-17 16:00:00,0.98526,0.98651,0.98519,0.98638,5278,22,0
2024-05-17 18:00:00,0.98639,0.98681,0.98601,0.98678,3876,22,0
2024-05-17 20:00:00,0.98677,0.98763,0.98672,0.98763,2295,22,0
2024-05-17 22:00:00,0.9876,0.98819,0.98723,0.98789,1950,22,0
2024-05-20 00:00:00,0.98703,0.98821,0.98693,0.988,1208,29,0
2024-05-20 02:00:00,0.98799,0.98873,0.98799,0.98867,1842,22,0
2024-05-20 04:00:00,0.98867,0.98901,0.98842,0.98884,2035,22,0
2024-05-20 06:00:00,0.98883,0.98925,0.98873,0.98921,1255,22,0
2024-05-20 08:00:00,0.9892,0.98927,0.98883,0.98918,1993,22,0
2024-05-20 10:00:00,0.98917,0.98928,0.98813,0.98829,3555,22,0
2024-05-20 12:00:00,0.98829,0.98857,0.98739,0.98787,2527,22,0
2024-05-20 14:00:00,0.98788,0.98871,0.98722,0.98848,4459,22,0
2024-05-20 16:00:00,0.98848,0.98853,0.9866,0.98734,5519,22,0
2024-05-20 18:00:00,0.98734,0.98832,0.98734,0.98792,2565,22,0
2024-05-20 20:00:00,0.98795,0.98843,0.98784,0.98842,1856,22,0
2024-05-20 22:00:00,0.98842,0.98886,0.9883,0.9884,1584,25,0
2024-05-21 00:00:00,0.9883,0.98862,0.98744,0.98838,2532,27,0
2024-05-21 02:00:00,0.98838,0.98905,0.98815,0.989,1731,22,0
2024-05-21 04:00:00,0.989,0.98926,0.98879,0.98893,2640,22,0
2024-05-21 06:00:00,0.98893,0.98898,0.98869,0.98884,1358,24,0
2024-05-21 08:00:00,0.98884,0.98902,0.98773,0.9883,3038,22,0
2024-05-21 10:00:00,0.98829,0.98909,0.9882,0.98873,3892,23,0
2024-05-21 12:00:00,0.98874,0.98878,0.98798,0.9882,3025,22,0
2024-05-21 14:00:00,0.98821,0.98839,0.98749,0.98785,3504,23,0
2024-05-21 16:00:00,0.98784,0.98835,0.9871,0.98753,8103,22,0
2024-05-21 18:00:00,0.98755,0.9891,0.98736,0.98826,3678,22,0
2024-05-21 20:00:00,0.98823,0.98879,0.98809,0.98875,2097,22,0
2024-05-21 22:00:00,0.98877,0.98882,0.98848,0.98853,1377,23,0
2024-05-22 00:00:00,0.98855,0.98891,0.98793,0.98888,1185,22,0
2024-05-22 02:00:00,0.98888,0.98924,0.98888,0.98913,1154,22,0
2024-05-22 04:00:00,0.98914,0.98925,0.989,0.98913,1942,22,0
2024-05-22 06:00:00,0.98914,0.98925,0.98909,0.9892,1166,22,0
2024-05-22 08:00:00,0.9892,0.99143,0.98901,0.9907,3541,22,0
2024-05-22 10:00:00,0.99069,0.99112,0.98984,0.99014,3991,22,0
2024-05-22 12:00:00,0.99013,0.99076,0.99005,0.99056,3302,22,0
2024-05-22 14:00:00,0.99057,0.99142,0.99017,0.99028,4850,22,0
2024-05-22 16:00:00,0.99027,0.99081,0.98956,0.99051,5543,22,0
2024-05-22 18:00:00,0.99051,0.99087,0.99007,0.99067,3386,22,0
2024-05-22 20:00:00,0.99067,0.99138,0.98994,0.9902,4481,22,0
2024-05-22 22:00:00,0.99019,0.9909,0.99016,0.99073,2187,23,0
2024-05-23 00:00:00,0.99073,0.99087,0.98983,0.99069,3196,27,0
2024-05-23 02:00:00,0.99069,0.99091,0.99059,0.99061,1936,22,0
2024-05-23 04:00:00,0.99061,0.99079,0.99001,0.99021,2390,22,0
2024-05-23 06:00:00,0.99021,0.99036,0.99004,0.99011,1312,22,0
2024-05-23 08:00:00,0.9901,0.99074,0.98996,0.99066,2669,23,0
2024-05-23 10:00:00,0.99066,0.99144,0.98909,0.99117,6497,22,0
2024-05-23 12:00:00,0.99117,0.99141,0.9904,0.99064,3764,22,0
2024-05-23 14:00:00,0.99064,0.99121,0.99027,0.99121,4289,23,0
2024-05-23 16:00:00,0.99122,0.99135,0.98876,0.98884,10534,22,0
2024-05-23 18:00:00,0.98886,0.99013,0.98885,0.98958,4380,22,0
2024-05-23 20:00:00,0.98957,0.98974,0.98802,0.98844,4710,22,0
2024-05-23 22:00:00,0.98843,0.98881,0.98832,0.9887,2618,24,0
2024-05-24 00:00:00,0.98869,0.98874,0.98796,0.98858,13972,27,0
2024-05-24 02:00:00,0.9886,0.98909,0.98847,0.98868,2595,22,0
2024-05-24 04:00:00,0.98867,0.98898,0.98859,0.9889,2003,22,0
2024-05-24 06:00:00,0.9889,0.98932,0.9889,0.98915,1653,22,0
2024-05-24 08:00:00,0.98917,0.98972,0.98905,0.98928,2599,22,0
2024-05-24 10:00:00,0.98927,0.99068,0.98923,0.99018,3688,22,0
2024-05-24 12:00:00,0.99018,0.99209,0.99004,0.99148,3330,22,0
2024-05-24 14:00:00,0.99149,0.99278,0.99116,0.99241,4750,22,0
2024-05-24 16:00:00,0.99239,0.99253,0.99085,0.99169,6192,22,0
2024-05-24 18:00:00,0.99169,0.99227,0.99141,0.99157,3221,22,0
2024-05-24 20:00:00,0.99157,0.99229,0.99151,0.99212,2465,22,0
2024-05-24 22:00:00,0.99211,0.99233,0.99141,0.99141,1718,23,0
2024-05-27 00:00:00,0.9912,0.99209,0.99065,0.99187,1304,26,0
2024-05-27 02:00:00,0.99186,0.99206,0.99164,0.99206,1219,22,0
2024-05-27 04:00:00,0.99205,0.99227,0.9918,0.99182,1287,22,0
2024-05-27 06:00:00,0.99183,0.99193,0.99163,0.99187,813,22,0
2024-05-27 08:00:00,0.99189,0.9927,0.99165,0.9927,1502,22,0
2024-05-27 10:00:00,0.99268,0.99292,0.99192,0.99207,2431,22,0
2024-05-27 12:00:00,0.99207,0.99262,0.9918,0.99242,2463,22,0
2024-05-27 14:00:00,0.99242,0.99274,0.9919,0.99229,3112,22,0
2024-05-27 16:00:00,0.9923,0.99233,0.99152,0.992,3343,22,0
2024-05-27 18:00:00,0.99199,0.99237,0.99168,0.99197,1454,22,0
2024-05-27 20:00:00,0.99197,0.99206,0.99163,0.99166,528,22,0
2024-05-27 22:00:00,0.99166,0.99207,0.99132,0.99132,874,22,0
2024-05-28 00:00:00,0.99144,0.99203,0.99122,0.99189,5121,29,0
2024-05-28 02:00:00,0.99189,0.99193,0.99141,0.99178,2577,22,0
2024-05-28 04:00:00,0.99177,0.99186,0.99138,0.99169,2483,22,0
2024-05-28 06:00:00,0.99169,0.99211,0.99152,0.99184,2150,22,0
2024-05-28 08:00:00,0.99183,0.99245,0.99155,0.99205,2927,22,0
2024-05-28 10:00:00,0.99205,0.99206,0.99025,0.99127,4833,22,0
2024-05-28 12:00:00,0.99127,0.99134,0.99025,0.99061,3255,22,0
2024-05-28 14:00:00,0.99061,0.99123,0.98818,0.98959,5188,23,0
2024-05-28 16:00:00,0.98959,0.99052,0.98893,0.98976,7832,22,0
2024-05-28 18:00:00,0.98977,0.99069,0.98973,0.99058,3194,22,0
2024-05-28 20:00:00,0.99057,0.99082,0.9902,0.99039,3848,22,0
2024-05-28 22:00:00,0.99039,0.99057,0.99006,0.99044,1863,24,0
2024-05-29 00:00:00,0.99043,0.9906,0.98973,0.9903,2870,28,0
2024-05-29 02:00:00,0.99029,0.99032,0.98977,0.98996,1578,22,0
2024-05-29 04:00:00,0.98994,0.99021,0.9894,0.98969,1986,22,0
2024-05-29 06:00:00,0.9897,0.98987,0.98954,0.98975,1153,22,0
2024-05-29 08:00:00,0.98974,0.9901,0.98929,0.9898,2888,22,0
2024-05-29 10:00:00,0.98983,0.99022,0.98827,0.98899,6184,22,0
2024-05-29 12:00:00,0.989,0.99083,0.98896,0.99058,3597,22,0
2024-05-29 14:00:00,0.99057,0.99072,0.98856,0.98873,5754,22,0
2024-05-29 16:00:00,0.98874,0.98907,0.9866,0.98736,7316,22,0
2024-05-29 18:00:00,0.98735,0.98833,0.98681,0.98796,4810,22,0
2024-05-29 20:00:00,0.98796,0.98808,0.98719,0.98722,2919,22,0
2024-05-29 22:00:00,0.98721,0.98725,0.98608,0.98612,2033,22,0
2024-05-30 00:00:00,0.98612,0.98729,0.98603,0.98622,1106,24,0
2024-05-30 02:00:00,0.98619,0.98639,0.98605,0.98614,1906,22,0
2024-05-30 04:00:00,0.98613,0.98693,0.98606,0.98625,2553,22,0
2024-05-30 06:00:00,0.98626,0.98637,0.98526,0.9855,2179,22,0
2024-05-30 08:00:00,0.98551,0.98559,0.98325,0.98328,5091,22,0
2024-05-30 10:00:00,0.98328,0.98388,0.9808,0.98088,7870,22,0
2024-05-30 12:00:00,0.98085,0.98135,0.97974,0.98066,5586,22,0
2024-05-30 14:00:00,0.98066,0.98169,0.97959,0.97989,6287,22,0
2024-05-30 16:00:00,0.97988,0.98054,0.97914,0.97962,7596,22,0
2024-05-30 18:00:00,0.97963,0.98023,0.97898,0.97971,4256,22,0
2024-05-30 20:00:00,0.97972,0.97973,0.97893,0.97906,2405,22,0
2024-05-30 22:00:00,0.97908,0.97917,0.97804,0.9783,2573,22,0
2024-05-31 00:00:00,0.9783,0.97855,0.97813,0.9784,869,28,0
2024-05-31 02:00:00,0.9784,0.97856,0.97736,0.97783,1962,22,0
2024-05-31 04:00:00,0.97783,0.97796,0.97688,0.97726,3152,22,0
2024-05-31 06:00:00,0.97725,0.97801,0.977,0.97782,2232,22,0
2024-05-31 08:00:00,0.97783,0.97959,0.97777,0.9789,4318,22,0
2024-05-31 10:00:00,0.97891,0.98175,0.97872,0.98124,5768,22,0
2024-05-31 12:00:00,0.98126,0.98354,0.98125,0.98304,5809,22,0
2024-05-31 14:00:00,0.98305,0.98311,0.9815,0.98257,8845,22,0
2024-05-31 16:00:00,0.98258,0.98262,0.97793,0.97929,11339,22,0
2024-05-31 18:00:00,0.97929,0.98069,0.97884,0.97967,7109,22,0
2024-05-31 20:00:00,0.97969,0.98011,0.9787,0.97878,3420,22,0
2024-05-31 22:00:00,0.97878,0.97936,0.97815,0.97823,3693,22,0
2024-06-03 00:00:00,0.97817,0.97916,0.97817,0.97865,2412,28,0
2024-06-03 02:00:00,0.97864,0.97865,0.9778,0.97808,1803,22,0
2024-06-03 04:00:00,0.97808,0.97828,0.9774,0.97819,1621,22,0
2024-06-03 06:00:00,0.9782,0.97849,0.97795,0.97806,1712,22,0
2024-06-03 08:00:00,0.97806,0.97962,0.97767,0.97951,3663,22,0
2024-06-03 10:00:00,0.97951,0.98005,0.97754,0.97842,5642,22,0
2024-06-03 12:00:00,0.97841,0.97895,0.97599,0.97613,4897,22,0
2024-06-03 14:00:00,0.97613,0.97793,0.97605,0.97709,4801,22,0
2024-06-03 16:00:00,0.9771,0.9778,0.97418,0.97478,9265,22,0
2024-06-03 18:00:00,0.9748,0.9754,0.97439,0.97467,6134,22,0
2024-06-03 20:00:00,0.97466,0.97588,0.9741,0.97583,3809,22,0
2024-06-03 22:00:00,0.97581,0.97666,0.97574,0.97574,2377,22,0
2024-06-04 00:00:00,0.97573,0.9767,0.97555,0.97645,1858,24,0
2024-06-04 02:00:00,0.97642,0.97701,0.97601,0.97684,2564,22,0
2024-06-04 04:00:00,0.97685,0.97731,0.97675,0.97705,2763,22,0
2024-06-04 06:00:00,0.97705,0.97722,0.97683,0.97699,1600,22,0
2024-06-04 08:00:00,0.97698,0.97796,0.97413,0.97657,5776,22,0
2024-06-04 10:00:00,0.97658,0.97671,0.97243,0.97385,8708,22,0
2024-06-04 12:00:00,0.97387,0.97399,0.96981,0.9704,8015,22,0
2024-06-04 14:00:00,0.97041,0.97167,0.96944,0.97049,7384,22,0
2024-06-04 16:00:00,0.97048,0.97083,0.96794,0.96867,10749,22,0
2024-06-04 18:00:00,0.96866,0.96898,0.96731,0.96745,7215,22,0
2024-06-04 20:00:00,0.96744,0.96795,0.96682,0.96781,4152,22,0
2024-06-04 22:00:00,0.96781,0.96837,0.96746,0.9683,2673,22,0
2024-06-05 00:00:00,0.96831,0.96831,0.967,0.96805,1440,22,0
2024-06-05 02:00:00,0.96806,0.96911,0.968,0.96909,2687,22,0
2024-06-05 04:00:00,0.96909,0.9695,0.9688,0.96921,2577,22,0
2024-06-05 06:00:00,0.96922,0.96932,0.96885,0.9693,1847,22,0
2024-06-05 08:00:00,0.9693,0.97038,0.96906,0.97008,3777,22,0
2024-06-05 10:00:00,0.97009,0.97125,0.96926,0.97017,6067,22,0
2024-06-05 12:00:00,0.97016,0.97079,0.96943,0.96979,4513,22,0
2024-06-05 14:00:00,0.9698,0.97082,0.96927,0.97068,4910,22,0
2024-06-05 16:00:00,0.97068,0.9721,0.96962,0.972,9421,22,0
2024-06-05 18:00:00,0.97199,0.97203,0.97059,0.97096,5429,22,0
2024-06-05 20:00:00,0.97099,0.97133,0.9708,0.97126,2696,23,0
2024-06-05 22:00:00,0.9713,0.97148,0.97078,0.97095,1420,22,0
2024-06-06 00:00:00,0.97094,0.97113,0.97035,0.97066,1469,24,0
2024-06-06 02:00:00,0.97066,0.97076,0.96993,0.96994,1830,24,0
2024-06-06 04:00:00,0.96995,0.97069,0.96934,0.97016,3658,22,0
2024-06-06 06:00:00,0.97017,0.97029,0.96962,0.97003,1853,22,0
2024-06-06 08:00:00,0.97003,0.97036,0.96963,0.97034,3574,22,0
2024-06-06 10:00:00,0.97032,0.97096,0.96975,0.97016,3682,22,0
2024-06-06 12:00:00,0.97015,0.97026,0.9689,0.96918,2803,22,0
2024-06-06 14:00:00,0.96917,0.97071,0.96829,0.97023,7203,22,0
2024-06-06 16:00:00,0.97022,0.97145,0.96985,0.97037,8222,22,0
2024-06-06 18:00:00,0.97038,0.97112,0.96994,0.97004,3375,22,0
2024-06-06 20:00:00,0.97004,0.97077,0.96983,0.97,2447,22,0
2024-06-06 22:00:00,0.96999,0.9701,0.96813,0.96813,3518,22,0
2024-06-07 00:00:00,0.96767,0.96895,0.96767,0.96876,1671,24,0
2024-06-07 02:00:00,0.96878,0.9694,0.96863,0.96929,2094,22,0
2024-06-07 04:00:00,0.9693,0.97022,0.96925,0.96989,2448,22,0
2024-06-07 06:00:00,0.9699,0.96997,0.96918,0.96937,1387,22,0
2024-06-07 08:00:00,0.96937,0.96948,0.96802,0.96816,3758,22,0
2024-06-07 10:00:00,0.96815,0.96923,0.96759,0.96835,6368,22,0
2024-06-07 12:00:00,0.96839,0.96902,0.9681,0.9687,5443,22,0
2024-06-07 14:00:00,0.96869,0.97069,0.96825,0.96981,10234,22,0
2024-06-07 16:00:00,0.96981,0.97062,0.96895,0.96931,10285,22,0
2024-06-07 18:00:00,0.96932,0.96956,0.96776,0.96818,5909,22,0
2024-06-07 20:00:00,0.96817,0.96849,0.96796,0.96836,2643,22,0
2024-06-07 22:00:00,0.96835,0.96848,0.96781,0.96792,2557,23,0
2024-06-10 00:00:00,0.96754,0.96795,0.96453,0.96593,2747,22,0
2024-06-10 02:00:00,0.96594,0.96646,0.96551,0.96631,2916,22,0
2024-06-10 04:00:00,0.96632,0.96656,0.96597,0.96624,2291,22,0
2024-06-10 06:00:00,0.96625,0.9666,0.96405,0.96499,2993,22,0
2024-06-10 08:00:00,0.96499,0.96543,0.96403,0.96531,4439,22,0
2024-06-10 10:00:00,0.9653,0.96667,0.96442,0.96469,7590,22,0
2024-06-10 12:00:00,0.9647,0.96482,0.96242,0.96246,6173,22,0
2024-06-10 14:00:00,0.96246,0.96389,0.96244,0.96316,4956,23,0
2024-06-10 16:00:00,0.96317,0.96396,0.96256,0.96284,6378,23,0
2024-06-10 18:00:00,0.96283,0.96454,0.96283,0.96428,4890,22,0
2024-06-10 20:00:00,0.96428,0.96473,0.96386,0.96469,3967,23,0
2024-06-10 22:00:00,0.96469,0.96508,0.96413,0.96413,2017,24,0
2024-06-11 00:00:00,0.96445,0.96509,0.96365,0.96505,2109,29,0
2024-06-11 02:00:00,0.96505,0.9655,0.9648,0.96533,1839,22,0
2024-06-11 04:00:00,0.96533,0.96558,0.9651,0.96557,1937,22,0
2024-06-11 06:00:00,0.96556,0.96561,0.96535,0.9654,1176,22,0
2024-06-11 08:00:00,0.9654,0.96554,0.96483,0.96522,2753,23,0
2024-06-11 10:00:00,0.96523,0.96566,0.96346,0.96357,5122,22,0
2024-06-11 12:00:00,0.96355,0.96435,0.96278,0.96317,6471,22,0
2024-06-11 14:00:00,0.96318,0.96367,0.96141,0.96278,5845,22,0
2024-06-11 16:00:00,0.9628,0.96409,0.96227,0.9639,6701,22,0
2024-06-11 18:00:00,0.9639,0.96483,0.96384,0.96457,3785,22,0
2024-06-11 20:00:00,0.96457,0.96464,0.96378,0.96381,2653,22,0
2024-06-11 22:00:00,0.96381,0.96417,0.96363,0.96363,1809,23,0
2024-06-12 00:00:00,0.96383,0.96422,0.96353,0.96422,1303,26,0
2024-06-12 02:00:00,0.96422,0.96435,0.96401,0.96426,1745,22,0
2024-06-12 04:00:00,0.96426,0.96431,0.96389,0.96415,2480,23,0
2024-06-12 06:00:00,0.96414,0.96427,0.96385,0.96387,1350,22,0
2024-06-12 08:00:00,0.96386,0.96421,0.9635,0.96372,2786,22,0
2024-06-12 10:00:00,0.96372,0.96434,0.9634,0.96342,3793,22,0
2024-06-12 12:00:00,0.96343,0.96415,0.96339,0.96364,3719,22,0
2024-06-12 14:00:00,0.96365,0.96445,0.96126,0.96397,9228,22,0
2024-06-12 16:00:00,0.96395,0.96636,0.96369,0.96629,8881,22,0
2024-06-12 18:00:00,0.96629,0.96744,0.96593,0.9664,5525,22,0
2024-06-12 20:00:00,0.96638,0.96714,0.96544,0.96644,11704,22,0
2024-06-12 22:00:00,0.96643,0.96699,0.9663,0.96658,4513,23,0
2024-06-13 00:00:00,0.96657,0.967,0.96571,0.96699,2104,26,0
2024-06-13 02:00:00,0.967,0.96713,0.96623,0.96661,1981,22,0
2024-06-13 04:00:00,0.9666,0.96715,0.96658,0.96702,2825,22,0
2024-06-13 06:00:00,0.96703,0.96731,0.96698,0.96729,1485,23,0
2024-06-13 08:00:00,0.9673,0.96769,0.96699,0.96745,2732,22,0
2024-06-13 10:00:00,0.96748,0.96835,0.96719,0.96749,4019,22,0
2024-06-13 12:00:00,0.96749,0.96816,0.9671,0.96743,3575,22,0
2024-06-13 14:00:00,0.96743,0.96783,0.9655,0.96554,6287,22,0
2024-06-13 16:00:00,0.96554,0.96702,0.9629,0.96313,8466,22,0
2024-06-13 18:00:00,0.96312,0.96322,0.95987,0.96032,6397,22,0
2024-06-13 20:00:00,0.96032,0.96058,0.95976,0.95997,3544,22,0
2024-06-13 22:00:00,0.95996,0.96001,0.95938,0.95953,2326,23,0
2024-06-14 00:00:00,0.95943,0.96035,0.95933,0.9599,1337,23,0
2024-06-14 02:00:00,0.95992,0.96008,0.95967,0.95967,2175,22,0
2024-06-14 04:00:00,0.95967,0.96007,0.95951,0.96,2540,22,0
2024-06-14 06:00:00,0.95998,0.96036,0.95946,0.95992,3960,22,0
2024-06-14 08:00:00,0.95992,0.96005,0.95757,0.95874,5151,22,0
2024-06-14 10:00:00,0.95876,0.95888,0.95267,0.95374,9838,22,0
2024-06-14 12:00:00,0.95374,0.95571,0.9527,0.95553,9337,22,0
2024-06-14 14:00:00,0.95552,0.95601,0.95267,0.95378,9527,22,0
2024-06-14 16:00:00,0.95379,0.95414,0.95081,0.95156,10292,22,0
2024-06-14 18:00:00,0.95155,0.95359,0.95102,0.95286,5748,22,0
2024-06-14 20:00:00,0.95286,0.9529,0.95169,0.95244,2936,22,0
2024-06-14 22:00:00,0.95246,0.95301,0.95182,0.95182,1987,23,0
2024-06-17 00:00:00,0.95229,0.95358,0.95147,0.95313,1779,25,0
2024-06-17 02:00:00,0.95311,0.95349,0.95288,0.95308,3006,22,0
2024-06-17 04:00:00,0.95309,0.95332,0.95277,0.95316,2784,22,0
2024-06-17 06:00:00,0.95316,0.95332,0.95294,0.95301,1845,22,0
2024-06-17 08:00:00,0.953,0.95364,0.95141,0.95283,6259,22,0
2024-06-17 10:00:00,0.95284,0.955,0.95254,0.95476,7682,22,0
2024-06-17 12:00:00,0.95476,0.95591,0.95449,0.95527,4878,22,0
2024-06-17 14:00:00,0.95528,0.95664,0.95523,0.95654,5455,22,0
2024-06-17 16:00:00,0.95655,0.95668,0.95584,0.95587,5920,22,0
2024-06-17 18:00:00,0.95585,0.95634,0.9553,0.95543,4730,22,0
2024-06-17 20:00:00,0.95542,0.95548,0.95477,0.95525,3550,22,0
2024-06-17 22:00:00,0.95525,0.95526,0.95453,0.95453,2271,22,0
2024-06-18 00:00:00,0.95467,0.9549,0.95433,0.95477,1122,22,0
2024-06-18 02:00:00,0.95478,0.95481,0.95335,0.95344,2449,22,0
2024-06-18 04:00:00,0.95345,0.95396,0.95322,0.9537,2495,22,0
2024-06-18 06:00:00,0.95369,0.95386,0.95339,0.95374,2080,22,0
2024-06-18 08:00:00,0.95373,0.95477,0.95335,0.95434,4683,22,0
2024-06-18 10:00:00,0.95435,0.95476,0.95222,0.95267,6058,22,0
2024-06-18 12:00:00,0.95268,0.9527,0.95106,0.95163,5133,22,0
2024-06-18 14:00:00,0.95164,0.95167,0.94951,0.94984,6958,22,0
2024-06-18 16:00:00,0.94985,0.95067,0.94808,0.94967,9832,22,0
2024-06-18 18:00:00,0.94967,0.95062,0.94877,0.94927,6541,22,0
2024-06-18 20:00:00,0.94927,0.94958,0.94861,0.94904,4707,22,0
2024-06-18 22:00:00,0.94905,0.94944,0.94886,0.94944,2529,22,0
2024-06-19 00:00:00,0.94938,0.9496,0.94815,0.94948,5722,27,0
2024-06-19 02:00:00,0.94947,0.94954,0.94923,0.94926,1546,22,0
2024-06-19 04:00:00,0.94926,0.94956,0.94893,0.94943,2224,23,0
2024-06-19 06:00:00,0.94942,0.94956,0.94924,0.94931,1505,22,0
2024-06-19 08:00:00,0.9493,0.94967,0.94857,0.94917,3696,22,0
2024-06-19 10:00:00,0.94918,0.94989,0.94767,0.94961,7020,23,0
2024-06-19 12:00:00,0.94959,0.95112,0.94923,0.95103,6384,22,0
2024-06-19 14:00:00,0.95104,0.9514,0.94931,0.94988,5516,22,0
2024-06-19 16:00:00,0.94989,0.95049,0.94929,0.95036,4156,22,0
2024-06-19 18:00:00,0.95037,0.95041,0.94946,0.95018,1799,22,0
2024-06-19 20:00:00,0.95017,0.95036,0.94983,0.95025,533,22,0
2024-06-19 22:00:00,0.95022,0.95038,0.94955,0.94955,614,22,0
2024-06-20 00:00:00,0.94958,0.95017,0.9495,0.95014,2393,32,0
2024-06-20 02:00:00,0.95014,0.95045,0.94989,0.94989,1894,24,0
2024-06-20 04:00:00,0.94989,0.94991,0.94902,0.94915,3091,23,0
2024-06-20 06:00:00,0.94916,0.94954,0.94912,0.94937,1860,22,0
2024-06-20 08:00:00,0.94936,0.94938,0.94811,0.94854,3840,22,0
2024-06-20 10:00:00,0.94854,0.95484,0.94799,0.9531,11072,22,0
2024-06-20 12:00:00,0.9531,0.95522,0.95304,0.95449,7645,22,0
2024-06-20 14:00:00,0.95451,0.95602,0.95401,0.95573,8957,22,0
2024-06-20 16:00:00,0.95572,0.95717,0.95443,0.95449,8844,22,0
2024-06-20 18:00:00,0.95449,0.95479,0.95325,0.9542,6880,22,0
2024-06-20 20:00:00,0.95419,0.95439,0.95365,0.95403,3716,22,0
2024-06-20 22:00:00,0.95402,0.95442,0.9534,0.95369,2783,22,0
2024-06-21 00:00:00,0.95313,0.95433,0.95313,0.95404,2385,28,0
2024-06-21 02:00:00,0.95404,0.9549,0.954,0.95483,2373,22,0
2024-06-21 04:00:00,0.95482,0.9555,0.95463,0.95542,2781,22,0
2024-06-21 06:00:00,0.95543,0.9555,0.95495,0.955,1666,22,0
2024-06-21 08:00:00,0.95501,0.95578,0.95461,0.95525,4585,24,0
2024-06-21 10:00:00,0.95523,0.95572,0.95053,0.95352,10438,22,0
2024-06-21 12:00:00,0.95351,0.95449,0.95257,0.95301,6059,22,0
2024-06-21 14:00:00,0.95301,0.95473,0.95289,0.95443,5653,22,0
2024-06-21 16:00:00,0.95446,0.95578,0.9539,0.95432,10156,22,0
2024-06-21 18:00:00,0.95432,0.95615,0.9543,0.9561,5765,22,0
2024-06-21 20:00:00,0.95609,0.95635,0.95578,0.9562,2819,23,0
2024-06-21 22:00:00,0.9562,0.95643,0.95515,0.9554,2137,22,0
2024-06-24 00:00:00,0.95508,0.95616,0.95445,0.95577,2536,23,0
2024-06-24 02:00:00,0.95574,0.95596,0.9554,0.95554,2462,22,0
2024-06-24 04:00:00,0.95553,0.95555,0.95477,0.95496,3334,23,0
2024-06-24 06:00:00,0.95496,0.95564,0.9549,0.95555,1574,22,0
2024-06-24 08:00:00,0.95556,0.9564,0.95539,0.95597,3608,22,0
2024-06-24 10:00:00,0.95597,0.95807,0.95591,0.95757,6299,22,0
2024-06-24 12:00:00,0.95756,0.95829,0.95676,0.95828,7349,22,0
2024-06-24 14:00:00,0.95828,0.95857,0.95761,0.95794,5689,22,0
2024-06-24 16:00:00,0.95795,0.95939,0.95789,0.95896,8729,22,0
2024-06-24 18:00:00,0.95896,0.95914,0.95805,0.95893,4032,22,0
2024-06-24 20:00:00,0.95892,0.95903,0.9584,0.95849,2649,22,0
2024-06-24 22:00:00,0.9585,0.95881,0.95763,0.95763,2249,24,0
2024-06-25 00:00:00,0.95772,0.95837,0.95764,0.95834,1131,29,0
2024-06-25 02:00:00,0.95835,0.95857,0.95706,0.95722,2376,22,0
2024-06-25 04:00:00,0.95723,0.95793,0.95708,0.9575,3249,22,0
2024-06-25 06:00:00,0.9575,0.95787,0.95745,0.95776,1746,22,0
2024-06-25 08:00:00,0.95776,0.95836,0.95744,0.95789,3626,22,0
2024-06-25 10:00:00,0.95789,0.95934,0.95718,0.95908,6136,22,0
2024-06-25 12:00:00,0.95908,0.95937,0.95711,0.95803,5910,22,0
2024-06-25 14:00:00,0.958,0.95809,0.95641,0.95709,6303,22,0
2024-06-25 16:00:00,0.95709,0.95762,0.95627,0.95703,6497,22,0
2024-06-25 18:00:00,0.95706,0.95803,0.95705,0.95789,3995,23,0
2024-06-25 20:00:00,0.95788,0.95875,0.95776,0.95838,2149,24,0
2024-06-25 22:00:00,0.95837,0.95852,0.95812,0.95812,1295,26,0
2024-06-26 00:00:00,0.95822,0.95853,0.95812,0.95843,1335,25,0
2024-06-26 02:00:00,0.95844,0.95896,0.95843,0.95893,1944,22,0
2024-06-26 04:00:00,0.95893,0.95913,0.95827,0.95841,3442,22,0
2024-06-26 06:00:00,0.9584,0.9586,0.95829,0.95854,1655,23,0
2024-06-26 08:00:00,0.95854,0.9589,0.95807,0.95835,3503,22,0
2024-06-26 10:00:00,0.95834,0.95939,0.95731,0.95938,5296,22,0
2024-06-26 12:00:00,0.95937,0.9599,0.95897,0.95937,5452,22,0
2024-06-26 14:00:00,0.95937,0.95966,0.95678,0.95678,7400,22,0
2024-06-26 16:00:00,0.95676,0.95923,0.95599,0.95799,10885,22,0
2024-06-26 18:00:00,0.958,0.95896,0.95758,0.95869,5683,22,0
2024-06-26 20:00:00,0.95868,0.95899,0.95804,0.95816,3102,22,0
2024-06-26 22:00:00,0.95816,0.95843,0.95803,0.9582,1440,22,0
2024-06-27 00:00:00,0.95816,0.95848,0.95757,0.95797,1331,25,0
2024-06-27 02:00:00,0.95797,0.95818,0.95766,0.95804,2870,22,0
2024-06-27 04:00:00,0.95805,0.95881,0.95803,0.95866,3186,22,0
2024-06-27 06:00:00,0.95867,0.95901,0.95861,0.95883,1907,24,0
2024-06-27 08:00:00,0.9588,0.95918,0.95872,0.95905,3009,23,0
2024-06-27 10:00:00,0.95905,0.96007,0.9588,0.95932,6007,22,0
2024-06-27 12:00:00,0.95931,0.96012,0.95878,0.96012,6438,22,0
2024-06-27 14:00:00,0.96013,0.96126,0.95978,0.96061,6926,22,0
2024-06-27 16:00:00,0.9606,0.96193,0.96028,0.96075,9412,22,0
2024-06-27 18:00:00,0.96074,0.96168,0.96055,0.96139,4696,22,0
2024-06-27 20:00:00,0.9614,0.96185,0.96108,0.96176,3871,22,0
2024-06-27 22:00:00,0.96179,0.96199,0.96107,0.96107,1717,23,0
2024-06-28 00:00:00,0.96105,0.9619,0.96059,0.96181,1166,24,0
2024-06-28 02:00:00,0.9618,0.96237,0.9618,0.96213,1456,22,0
2024-06-28 04:00:00,0.96214,0.96222,0.96127,0.96157,3809,23,0
2024-06-28 06:00:00,0.96157,0.96176,0.96108,0.96116,2094,22,0
2024-06-28 08:00:00,0.96115,0.962,0.96082,0.96175,3866,23,0
2024-06-28 10:00:00,0.96174,0.96264,0.96168,0.96211,7097,22,0
2024-06-28 12:00:00,0.9621,0.96292,0.96182,0.96244,5249,23,0
2024-06-28 14:00:00,0.96245,0.96357,0.96227,0.96261,8852,22,0
2024-06-28 16:00:00,0.96261,0.96383,0.96083,0.96326,13768,22,0
2024-06-28 18:00:00,0.96326,0.96331,0.96211,0.96266,7693,22,0
2024-06-28 20:00:00,0.96266,0.96307,0.96221,0.96238,3499,22,0
2024-06-28 22:00:00,0.96239,0.96274,0.96192,0.96253,3500,22,0
2024-07-01 00:00:00,0.96368,0.96669,0.96368,0.96602,2920,23,0
2024-07-01 02:00:00,0.96603,0.967,0.96588,0.96647,4475,22,0
2024-07-01 04:00:00,0.96645,0.96735,0.96617,0.96685,5124,22,0
2024-07-01 06:00:00,0.96684,0.96767,0.96672,0.96735,1864,22,0
2024-07-01 08:00:00,0.96736,0.96844,0.96709,0.96772,5671,22,0
2024-07-01 10:00:00,0.96772,0.96933,0.96713,0.96927,8113,22,0
2024-07-01 12:00:00,0.96929,0.96942,0.96821,0.96871,6153,23,0
2024-07-01 14:00:00,0.96871,0.96976,0.96821,0.96975,5577,22,0
2024-07-01 16:00:00,0.96973,0.97093,0.96859,0.96985,11260,22,0
2024-07-01 18:00:00,0.96983,0.96987,0.96903,0.96949,6503,22,0
2024-07-01 20:00:00,0.9695,0.96986,0.96907,0.96932,2066,23,0
2024-07-01 22:00:00,0.96931,0.96994,0.96917,0.96933,1797,22,0
2024-07-02 00:00:00,0.96936,0.96966,0.96897,0.96956,1635,26,0
2024-07-02 02:00:00,0.96957,0.96989,0.96947,0.96958,2327,22,0
2024-07-02 04:00:00,0.96957,0.96988,0.9692,0.96983,2919,22,0
2024-07-02 06:00:00,0.96983,0.96999,0.96963,0.9698,2094,22,0
2024-07-02 08:00:00,0.96979,0.97027,0.9695,0.96987,4264,22,0
2024-07-02 10:00:00,0.96988,0.97018,0.96803,0.96918,7942,22,0
2024-07-02 12:00:00,0.96917,0.96941,0.96802,0.96854,5843,22,0
2024-07-02 14:00:00,0.96853,0.9704,0.96837,0.97029,5826,23,0
2024-07-02 16:00:00,0.97028,0.97137,0.96967,0.97029,12799,22,0
2024-07-02 18:00:00,0.9703,0.97125,0.97,0.97059,4463,22,0
2024-07-02 20:00:00,0.97058,0.97134,0.97058,0.97121,2198,22,0
2024-07-02 22:00:00,0.97122,0.97132,0.97089,0.97112,1732,22,0
2024-07-03 00:00:00,0.97108,0.97132,0.97003,0.97129,1287,23,0
2024-07-03 02:00:00,0.97128,0.97173,0.97116,0.97132,1598,22,0
2024-07-03 04:00:00,0.97131,0.97146,0.97108,0.97128,1679,23,0
2024-07-03 06:00:00,0.97128,0.97133,0.97116,0.97124,1102,24,0
2024-07-03 08:00:00,0.97124,0.97256,0.97099,0.97242,2911,22,0
2024-07-03 10:00:00,0.97242,0.97297,0.97192,0.97203,5540,22,0
2024-07-03 12:00:00,0.97203,0.97219,0.97057,0.97143,4245,22,0
2024-07-03 14:00:00,0.97142,0.97292,0.97123,0.97243,6403,23,0
2024-07-03 16:00:00,0.97243,0.97367,0.97156,0.97359,10388,22,0
2024-07-03 18:00:00,0.97359,0.97364,0.97186,0.97227,5108,22,0
2024-07-03 20:00:00,0.97225,0.97225,0.97165,0.97198,2714,22,0
2024-07-03 22:00:00,0.97199,0.9724,0.97187,0.97204,1400,22,0
2024-07-04 00:00:00,0.9719,0.9726,0.97142,0.97229,3035,27,0
2024-07-04 02:00:00,0.9723,0.97235,0.9719,0.97191,1950,24,0
2024-07-04 04:00:00,0.97189,0.97203,0.97162,0.97163,2360,22,0
2024-07-04 06:00:00,0.97162,0.97186,0.97156,0.97182,1287,22,0
2024-07-04 08:00:00,0.97182,0.97543,0.97102,0.97496,5709,22,0
2024-07-04 10:00:00,0.97501,0.97512,0.97281,0.97344,8165,22,0
2024-07-04 12:00:00,0.97343,0.97352,0.97197,0.97212,4700,22,0
2024-07-04 14:00:00,0.97213,0.97215,0.97103,0.97158,5586,22,0
2024-07-04 16:00:00,0.97156,0.97265,0.9715,0.9726,3774,22,0
2024-07-04 18:00:00,0.97259,0.9731,0.97247,0.97283,2204,22,0
2024-07-04 20:00:00,0.97281,0.973,0.97261,0.97299,743,22,0
2024-07-04 22:00:00,0.97299,0.97308,0.9727,0.97271,728,25,0
2024-07-05 00:00:00,0.9728,0.97313,0.97218,0.973,672,28,0
2024-07-05 02:00:00,0.97299,0.9733,0.9728,0.97291,1958,22,0
2024-07-05 04:00:00,0.97292,0.97298,0.97241,0.97244,2513,23,0
2024-07-05 06:00:00,0.97244,0.97262,0.972,0.97223,2299,22,0
2024-07-05 08:00:00,0.97224,0.97253,0.97178,0.97225,3752,22,0
2024-07-05 10:00:00,0.97222,0.97286,0.97211,0.97255,6796,22,0
2024-07-05 12:00:00,0.97254,0.97282,0.97199,0.97266,4270,22,0
2024-07-05 14:00:00,0.97266,0.97409,0.97159,0.97234,10643,22,0
2024-07-05 16:00:00,0.97234,0.97266,0.97124,0.97183,12458,22,0
2024-07-05 18:00:00,0.97183,0.97215,0.97136,0.97156,4884,22,0
2024-07-05 20:00:00,0.97156,0.97156,0.97023,0.97075,2736,22,0
2024-07-05 22:00:00,0.97076,0.971,0.97026,0.97026,2793,22,0
2024-07-08 00:00:00,0.96741,0.96997,0.96686,0.96887,2326,26,0
2024-07-08 02:00:00,0.96886,0.96939,0.96855,0.96897,3409,22,0
2024-07-08 04:00:00,0.96897,0.96953,0.96885,0.96903,3228,22,0
2024-07-08 06:00:00,0.96905,0.96984,0.96902,0.96908,2386,22,0
2024-07-08 08:00:00,0.96908,0.96923,0.96769,0.968,6138,22,0
2024-07-08 10:00:00,0.968,0.97097,0.96788,0.97042,8029,22,0
2024-07-08 12:00:00,0.97042,0.97106,0.97025,0.97031,6034,22,0
2024-07-08 14:00:00,0.9703,0.97176,0.96988,0.97176,6258,22,0
2024-07-08 16:00:00,0.97176,0.97191,0.97066,0.97168,7163,22,0
2024-07-08 18:00:00,0.97169,0.97192,0.97142,0.9717,3678,22,0
2024-07-08 20:00:00,0.9717,0.97172,0.97093,0.971,1492,24,0
2024-07-08 22:00:00,0.971,0.97151,0.97087,0.97138,1195,25,0
2024-07-09 00:00:00,0.97147,0.9717,0.97081,0.97167,1140,29,0
2024-07-09 02:00:00,0.97167,0.97249,0.97165,0.97235,1775,22,0
2024-07-09 04:00:00,0.97235,0.97279,0.97222,0.9727,2378,22,0
2024-07-09 06:00:00,0.9727,0.97276,0.97244,0.97262,1590,22,0
2024-07-09 08:00:00,0.97261,0.97301,0.97201,0.97214,3058,22,0
2024-07-09 10:00:00,0.97213,0.97278,0.97157,0.97229,5382,22,0
2024-07-09 12:00:00,0.97229,0.97229,0.97088,0.97175,4249,22,0
2024-07-09 14:00:00,0.97174,0.97208,0.97072,0.97118,5583,22,0
2024-07-09 16:00:00,0.97119,0.97132,0.97059,0.97083,10210,22,0
2024-07-09 18:00:00,0.97083,0.97101,0.97021,0.97035,5136,22,0
2024-07-09 20:00:00,0.97035,0.97079,0.96995,0.97079,2871,22,0
2024-07-09 22:00:00,0.97078,0.97091,0.9706,0.97065,1975,22,0
2024-07-10 00:00:00,0.97066,0.97074,0.96983,0.97057,1399,27,0
2024-07-10 02:00:00,0.97058,0.97085,0.97045,0.97078,1837,22,0
2024-07-10 04:00:00,0.97076,0.97106,0.97071,0.97092,2573,22,0
2024-07-10 06:00:00,0.97093,0.971,0.97059,0.97067,1755,22,0
2024-07-10 08:00:00,0.97066,0.97108,0.97023,0.97083,3231,22,0
2024-07-10 10:00:00,0.97085,0.97108,0.96985,0.97037,6918,22,0
2024-07-10 12:00:00,0.97035,0.97185,0.97033,0.97175,4060,22,0
2024-07-10 14:00:00,0.97176,0.9724,0.97141,0.97227,3391,22,0
2024-07-10 16:00:00,0.97228,0.97362,0.97225,0.97342,7446,22,0
2024-07-10 18:00:00,0.97342,0.9738,0.97288,0.97342,3728,22,0
2024-07-10 20:00:00,0.97342,0.97384,0.97321,0.97382,1889,22,0
2024-07-10 22:00:00,0.97382,0.97412,0.9737,0.9741,1504,22,0
2024-07-11 00:00:00,0.97403,0.97404,0.97302,0.97396,639,25,0
2024-07-11 02:00:00,0.97396,0.97434,0.97383,0.97401,1819,22,0
2024-07-11 04:00:00,0.97401,0.97421,0.97387,0.97412,1774,22,0
2024-07-11 06:00:00,0.97412,0.97446,0.97404,0.97435,1307,22,0
2024-07-11 08:00:00,0.97433,0.97479,0.97413,0.97456,3061,22,0
2024-07-11 10:00:00,0.97455,0.97474,0.97394,0.97441,5987,22,0
2024-07-11 12:00:00,0.97441,0.97475,0.97408,0.97434,4276,22,0
2024-07-11 14:00:00,0.97433,0.97494,0.97163,0.97237,11543,22,0
2024-07-11 16:00:00,0.97236,0.97262,0.97069,0.97203,19131,22,0
2024-07-11 18:00:00,0.97204,0.97241,0.97104,0.97172,5932,22,0
2024-07-11 20:00:00,0.97172,0.97321,0.97148,0.97304,4937,22,0
2024-07-11 22:00:00,0.97302,0.97412,0.97301,0.97408,2661,22,0
2024-07-12 00:00:00,0.97397,0.97449,0.97212,0.97438,2731,22,0
2024-07-12 02:00:00,0.97436,0.97454,0.9733,0.97381,7857,22,0
2024-07-12 04:00:00,0.97381,0.97447,0.9738,0.97436,4064,22,0
2024-07-12 06:00:00,0.97437,0.9745,0.97398,0.97408,1696,22,0
2024-07-12 08:00:00,0.97409,0.97413,0.97317,0.97343,4977,22,0
2024-07-12 10:00:00,0.97348,0.97531,0.97317,0.97514,5058,22,0
2024-07-12 12:00:00,0.97513,0.97579,0.97484,0.9755,3393,22,0
2024-07-12 14:00:00,0.97548,0.97561,0.97372,0.97422,9526,22,0
2024-07-12 16:00:00,0.97422,0.97564,0.9729,0.97542,11943,22,0
2024-07-12 18:00:00,0.97543,0.97563,0.97467,0.97545,4754,22,0
2024-07-12 20:00:00,0.97543,0.97576,0.97515,0.97559,1915,22,0
2024-07-12 22:00:00,0.9756,0.9756,0.9746,0.9749,2124,22,0
2024-07-15 00:00:00,0.97297,0.97582,0.97246,0.97579,2711,28,0
2024-07-15 02:00:00,0.9758,0.97667,0.97547,0.97575,4421,22,0
2024-07-15 04:00:00,0.97575,0.97621,0.9753,0.9756,2862,22,0
2024-07-15 06:00:00,0.97558,0.97583,0.97546,0.97551,1150,23,0
2024-07-15 08:00:00,0.97549,0.9757,0.97408,0.97413,3970,22,0
2024-07-15 10:00:00,0.97412,0.97563,0.9739,0.97508,5472,22,0
2024-07-15 12:00:00,0.97505,0.97567,0.97451,0.97501,5028,23,0
2024-07-15 14:00:00,0.975,0.97578,0.97498,0.97522,6834,22,0
2024-07-15 16:00:00,0.97525,0.97726,0.97504,0.97693,5956,22,0
2024-07-15 18:00:00,0.97693,0.97719,0.97519,0.97567,6505,22,0
2024-07-15 20:00:00,0.97568,0.9762,0.97541,0.97613,3771,22,0
2024-07-15 22:00:00,0.97613,0.97621,0.97566,0.9757,1906,24,0
2024-07-16 00:00:00,0.97569,0.97589,0.97468,0.97579,1178,24,0
2024-07-16 02:00:00,0.97578,0.97597,0.9754,0.97541,1977,22,0
2024-07-16 04:00:00,0.97541,0.97576,0.97535,0.97555,2438,23,0
2024-07-16 06:00:00,0.97554,0.97571,0.97502,0.97508,1671,22,0
2024-07-16 08:00:00,0.97509,0.97517,0.97405,0.97417,4067,22,0
2024-07-16 10:00:00,0.97416,0.97579,0.97413,0.97567,5276,22,0
2024-07-16 12:00:00,0.97568,0.9765,0.97538,0.97608,4827,22,0
2024-07-16 14:00:00,0.97609,0.97679,0.97525,0.97607,7017,22,0
2024-07-16 16:00:00,0.97609,0.9761,0.97422,0.97465,6759,23,0
2024-07-16 18:00:00,0.97465,0.97481,0.97414,0.97456,3574,22,0
2024-07-16 20:00:00,0.97456,0.9747,0.97417,0.97426,2195,22,0
2024-07-16 22:00:00,0.97425,0.97438,0.9738,0.97382,1697,23,0
2024-07-17 00:00:00,0.97377,0.9743,0.97353,0.97393,1259,22,0
2024-07-17 02:00:00,0.97393,0.97438,0.97376,0.97426,2314,22,0
2024-07-17 04:00:00,0.97424,0.97475,0.97423,0.97453,2033,22,0
2024-07-17 06:00:00,0.97453,0.97477,0.97434,0.97435,1744,22,0
2024-07-17 08:00:00,0.97434,0.97455,0.97365,0.97369,5066,23,0
2024-07-17 10:00:00,0.97369,0.97382,0.97003,0.97089,11672,22,0
2024-07-17 12:00:00,0.97088,0.97239,0.97035,0.97069,8721,22,0
2024-07-17 14:00:00,0.9707,0.97107,0.96776,0.96944,9260,22,0
2024-07-17 16:00:00,0.96943,0.96948,0.96648,0.96877,12474,22,0
2024-07-17 18:00:00,0.96876,0.96888,0.96613,0.96652,6863,22,0
2024-07-17 20:00:00,0.96653,0.96742,0.96621,0.96624,3986,22,0
2024-07-17 22:00:00,0.96623,0.96648,0.96552,0.9662,2739,22,0
2024-07-18 00:00:00,0.96614,0.96618,0.96555,0.966,1495,24,0
2024-07-18 02:00:00,0.96597,0.96642,0.96485,0.9663,5240,22,0
2024-07-18 04:00:00,0.96632,0.9671,0.96628,0.96697,4487,23,0
2024-07-18 06:00:00,0.96698,0.96713,0.9667,0.96706,2670,23,0
2024-07-18 08:00:00,0.96707,0.9671,0.96589,0.96615,5763,22,0
2024-07-18 10:00:00,0.96614,0.96679,0.96506,0.96643,11210,22,0
2024-07-18 12:00:00,0.96644,0.96664,0.9656,0.96602,5003,22,0
2024-07-18 14:00:00,0.96601,0.96676,0.9652,0.96535,8051,22,0
2024-07-18 16:00:00,0.96535,0.96562,0.96412,0.96498,12352,22,0
2024-07-18 18:00:00,0.96495,0.96726,0.9646,0.96703,7505,22,0
2024-07-18 20:00:00,0.96703,0.96729,0.96616,0.96673,5625,22,0
2024-07-18 22:00:00,0.9667,0.96729,0.96663,0.96705,4051,22,0
2024-07-19 00:00:00,0.96698,0.96748,0.96483,0.96728,3617,29,0
2024-07-19 02:00:00,0.96728,0.96757,0.96691,0.96706,3592,22,0
2024-07-19 04:00:00,0.96706,0.96786,0.96693,0.96763,3779,22,0
2024-07-19 06:00:00,0.96763,0.96812,0.9675,0.9681,1982,22,0
2024-07-19 08:00:00,0.96809,0.96847,0.96664,0.96669,5971,22,0
2024-07-19 10:00:00,0.96668,0.96748,0.96619,0.96626,8912,22,0
2024-07-19 12:00:00,0.96624,0.96833,0.96562,0.96801,6738,22,0
2024-07-19 14:00:00,0.96801,0.96899,0.96791,0.96882,6701,22,0
2024-07-19 16:00:00,0.96882,0.96884,0.96721,0.96747,9314,22,0
2024-07-19 18:00:00,0.96748,0.9677,0.96692,0.96707,4829,22,0
2024-07-19 20:00:00,0.96706,0.96747,0.96688,0.96713,3373,22,0
2024-07-19 22:00:00,0.96713,0.96728,0.96684,0.96694,2917,22,0
2024-07-22 00:00:00,0.96697,0.96781,0.9665,0.96734,2792,26,0
2024-07-22 02:00:00,0.96733,0.96797,0.96716,0.96746,3534,22,0
2024-07-22 04:00:00,0.96747,0.96814,0.96722,0.96797,3432,22,0
2024-07-22 06:00:00,0.96797,0.96797,0.96724,0.96732,2469,22,0
2024-07-22 08:00:00,0.96732,0.96742,0.9655,0.96588,6866,23,0
2024-07-22 10:00:00,0.96589,0.96691,0.96589,0.96648,8265,22,0
2024-07-22 12:00:00,0.96648,0.96722,0.96603,0.96636,4755,22,0
2024-07-22 14:00:00,0.96635,0.96747,0.96596,0.96678,6422,23,0
2024-07-22 16:00:00,0.96679,0.96805,0.96663,0.96795,7009,22,0
2024-07-22 18:00:00,0.96795,0.96855,0.96765,0.96835,4447,22,0
2024-07-22 20:00:00,0.96835,0.96888,0.96818,0.96856,2019,22,0
2024-07-22 22:00:00,0.96858,0.96874,0.96823,0.96858,2326,22,0
2024-07-23 00:00:00,0.96863,0.96901,0.96718,0.96895,4172,26,0
2024-07-23 02:00:00,0.96896,0.96898,0.96831,0.96837,3043,22,0
2024-07-23 04:00:00,0.96836,0.96889,0.96823,0.9686,3930,23,0
2024-07-23 06:00:00,0.96859,0.96876,0.9681,0.96812,2379,23,0
2024-07-23 08:00:00,0.96811,0.96889,0.96783,0.96886,4239,22,0
2024-07-23 10:00:00,0.96885,0.96905,0.96731,0.96804,8946,22,0
2024-07-23 12:00:00,0.96803,0.96821,0.96724,0.9678,6451,22,0
2024-07-23 14:00:00,0.9678,0.96861,0.96742,0.96754,6556,22,0
2024-07-23 16:00:00,0.96756,0.96778,0.96673,0.96749,8787,22,0
2024-07-23 18:00:00,0.9675,0.96822,0.96739,0.9676,5339,22,0
2024-07-23 20:00:00,0.96759,0.96773,0.967,0.9672,4023,22,0
2024-07-23 22:00:00,0.96722,0.96747,0.96704,0.96721,1993,23,0
2024-07-24 00:00:00,0.9672,0.96724,0.96644,0.96696,1370,27,0
2024-07-24 02:00:00,0.96695,0.96752,0.96688,0.9673,2335,23,0
2024-07-24 04:00:00,0.9673,0.9674,0.96688,0.9671,4228,22,0
2024-07-24 06:00:00,0.96711,0.9672,0.96625,0.96653,3725,22,0
2024-07-24 08:00:00,0.96654,0.96701,0.9657,0.96583,4988,23,0
2024-07-24 10:00:00,0.96578,0.9659,0.96282,0.96328,11315,22,0
2024-07-24 12:00:00,0.96328,0.96331,0.96109,0.96149,6425,22,0
2024-07-24 14:00:00,0.96148,0.962,0.96014,0.96057,7324,22,0
2024-07-24 16:00:00,0.96057,0.96096,0.95866,0.95917,12075,22,0
2024-07-24 18:00:00,0.95917,0.95964,0.95873,0.95933,5855,23,0
2024-07-24 20:00:00,0.95932,0.96072,0.95927,0.95979,4649,22,0
2024-07-24 22:00:00,0.9598,0.96009,0.95925,0.95926,3439,22,0
2024-07-25 00:00:00,0.95926,0.95998,0.95883,0.95895,3334,25,0
2024-07-25 02:00:00,0.95893,0.95943,0.9584,0.95857,4324,24,0
2024-07-25 04:00:00,0.95856,0.95868,0.95739,0.95784,5460,22,0
2024-07-25 06:00:00,0.95783,0.95786,0.95688,0.95704,4462,22,0
2024-07-25 08:00:00,0.95704,0.95738,0.95633,0.95663,6088,23,0
2024-07-25 10:00:00,0.95663,0.95671,0.95258,0.95511,15497,22,0
2024-07-25 12:00:00,0.9551,0.95521,0.95228,0.95321,11517,22,0
2024-07-25 14:00:00,0.95323,0.95564,0.95197,0.95552,13580,22,0
2024-07-25 16:00:00,0.95552,0.95662,0.95308,0.9549,20445,22,0
2024-07-25 18:00:00,0.9549,0.9568,0.95484,0.95599,9630,22,0
2024-07-25 20:00:00,0.95597,0.95618,0.95502,0.95505,7095,22,0
2024-07-25 22:00:00,0.95504,0.95605,0.95503,0.95603,4118,23,0
2024-07-26 00:00:00,0.95602,0.95605,0.95525,0.9557,1926,24,0
2024-07-26 02:00:00,0.95569,0.95643,0.95523,0.9563,4159,23,0
2024-07-26 04:00:00,0.9563,0.9564,0.95576,0.95623,4935,22,0
2024-07-26 06:00:00,0.95624,0.95648,0.9561,0.95647,2704,24,0
2024-07-26 08:00:00,0.95648,0.95691,0.9561,0.95664,4464,22,0
2024-07-26 10:00:00,0.95662,0.95884,0.95639,0.95847,7900,22,0
2024-07-26 12:00:00,0.95849,0.95933,0.95788,0.95911,5281,24,0
2024-07-26 14:00:00,0.95912,0.95983,0.95824,0.95854,6929,22,0
2024-07-26 16:00:00,0.95853,0.95911,0.95725,0.95843,10628,22,0
2024-07-26 18:00:00,0.95843,0.95941,0.95774,0.95939,4720,23,0
2024-07-26 20:00:00,0.95941,0.95943,0.95897,0.95916,3952,23,0
2024-07-26 22:00:00,0.95916,0.95946,0.95871,0.95884,3104,22,0
2024-07-29 00:00:00,0.95854,0.95972,0.95793,0.95955,2580,26,0
2024-07-29 02:00:00,0.95956,0.95993,0.95919,0.95919,3689,22,0
2024-07-29 04:00:00,0.95922,0.95955,0.95848,0.95863,4828,22,0
2024-07-29 06:00:00,0.95864,0.95909,0.9586,0.95885,2282,24,0
2024-07-29 08:00:00,0.95886,0.95942,0.95846,0.95903,4861,24,0
2024-07-29 10:00:00,0.95904,0.96027,0.95842,0.95873,8637,22,0
2024-07-29 12:00:00,0.95873,0.95896,0.95801,0.95824,5917,23,0
2024-07-29 14:00:00,0.95825,0.95829,0.95687,0.95694,5525,23,0
2024-07-29 16:00:00,0.95693,0.95866,0.9565,0.95851,7051,23,0
2024-07-29 18:00:00,0.95852,0.95894,0.95811,0.95885,4334,22,0
2024-07-29 20:00:00,0.95884,0.95912,0.95859,0.95898,3268,22,0
2024-07-29 22:00:00,0.95898,0.95921,0.95868,0.95875,2793,22,0
2024-07-30 00:00:00,0.95839,0.95902,0.9581,0.95884,1346,28,0
2024-07-30 02:00:00,0.95884,0.95888,0.95843,0.9586,2631,22,0
2024-07-30 04:00:00,0.9586,0.95912,0.95859,0.95887,3227,22,0
2024-07-30 06:00:00,0.95886,0.95969,0.95885,0.95969,2113,24,0
2024-07-30 08:00:00,0.9597,0.96036,0.95936,0.96022,4435,22,0
2024-07-30 10:00:00,0.96018,0.96046,0.95861,0.95935,9541,22,0
2024-07-30 12:00:00,0.95937,0.96005,0.95914,0.95948,4761,23,0
2024-07-30 14:00:00,0.95948,0.95969,0.95723,0.95724,7172,22,0
2024-07-30 16:00:00,0.95723,0.95755,0.95626,0.95725,12069,22,0
2024-07-30 18:00:00,0.95725,0.95725,0.95491,0.95493,9899,22,0
2024-07-30 20:00:00,0.95494,0.95608,0.95432,0.95533,7064,22,0
2024-07-30 22:00:00,0.95533,0.95576,0.9544,0.95452,3623,23,0
2024-07-31 00:00:00,0.95452,0.95509,0.9541,0.95468,4333,26,0
2024-07-31 02:00:00,0.95469,0.95473,0.95358,0.95405,4572,22,0
2024-07-31 04:00:00,0.95404,0.9556,0.95352,0.95545,7169,22,0
2024-07-31 06:00:00,0.95543,0.9556,0.95339,0.95379,7137,22,0
2024-07-31 08:00:00,0.95378,0.95527,0.9536,0.95421,8369,22,0
2024-07-31 10:00:00,0.95422,0.9548,0.95151,0.95352,15043,22,0
2024-07-31 12:00:00,0.95351,0.95482,0.95346,0.95411,8795,22,0
2024-07-31 14:00:00,0.95414,0.95436,0.95216,0.95253,10442,22,0
2024-07-31 16:00:00,0.95252,0.95343,0.95088,0.95237,14227,22,0
2024-07-31 18:00:00,0.95237,0.95255,0.95141,0.95174,10241,22,0
2024-07-31 20:00:00,0.95174,0.95293,0.95131,0.95189,11018,22,0
2024-07-31 22:00:00,0.9519,0.95214,0.94945,0.95045,9384,22,0
2024-08-01 00:00:00,0.95047,0.95062,0.94981,0.95046,2785,23,0
2024-08-01 02:00:00,0.95047,0.95067,0.94982,0.94994,4114,22,0
2024-08-01 04:00:00,0.94995,0.95021,0.94877,0.94988,6909,22,0
2024-08-01 06:00:00,0.94988,0.95034,0.94928,0.94945,3818,23,0
2024-08-01 08:00:00,0.94944,0.95004,0.94781,0.94795,7011,22,0
2024-08-01 10:00:00,0.94792,0.94805,0.94407,0.94426,10596,22,0
2024-08-01 12:00:00,0.94432,0.94652,0.94408,0.9458,5603,22,0
2024-08-01 14:00:00,0.94584,0.94707,0.94491,0.94583,10884,22,0
2024-08-01 16:00:00,0.94582,0.94648,0.94222,0.94305,14765,22,0
2024-08-01 18:00:00,0.94305,0.94364,0.94124,0.94249,12194,22,0
2024-08-01 20:00:00,0.9425,0.94287,0.94113,0.94114,6861,22,0
2024-08-01 22:00:00,0.94115,0.94282,0.94104,0.9419,5316,23,0
2024-08-02 00:00:00,0.94185,0.94235,0.94087,0.94183,2490,23,0
2024-08-02 02:00:00,0.94184,0.9419,0.94052,0.94141,4913,22,0
2024-08-02 04:00:00,0.94142,0.94194,0.94063,0.94169,6769,22,0
2024-08-02 06:00:00,0.94169,0.94195,0.94123,0.94126,4231,22,0
2024-08-02 08:00:00,0.94126,0.94254,0.94039,0.94093,10107,22,0
2024-08-02 10:00:00,0.94092,0.94269,0.93985,0.94263,12702,22,0
2024-08-02 12:00:00,0.94262,0.94296,0.94067,0.94187,8516,22,0
2024-08-02 14:00:00,0.94188,0.9434,0.93887,0.94107,14242,22,0
2024-08-02 16:00:00,0.94109,0.94385,0.9381,0.93823,22004,22,0
2024-08-02 18:00:00,0.93823,0.93983,0.93655,0.9382,17355,22,0
2024-08-02 20:00:00,0.93821,0.93826,0.93699,0.93722,7533,22,0
2024-08-02 22:00:00,0.9372,0.93778,0.93519,0.93616,5096,23,0
2024-08-05 00:00:00,0.93629,0.93873,0.93497,0.93662,5807,22,0
2024-08-05 02:00:00,0.93662,0.93665,0.93199,0.93279,16014,22,0
2024-08-05 04:00:00,0.93278,0.93442,0.93019,0.93331,14001,22,0
2024-08-05 06:00:00,0.93331,0.93349,0.92781,0.92831,13427,22,0
2024-08-05 08:00:00,0.92829,0.93059,0.92086,0.92669,25647,22,0
2024-08-05 10:00:00,0.92672,0.93461,0.92561,0.93085,21331,22,0
2024-08-05 12:00:00,0.93084,0.93245,0.92786,0.92965,12607,22,0
2024-08-05 14:00:00,0.92966,0.93207,0.92626,0.928,17124,22,0
2024-08-05 16:00:00,0.92801,0.9339,0.92796,0.9319,23702,22,0
2024-08-05 18:00:00,0.93186,0.93714,0.93175,0.93522,18899,22,0
2024-08-05 20:00:00,0.93523,0.93555,0.93125,0.93134,15347,22,0
2024-08-05 22:00:00,0.93134,0.93332,0.93076,0.93116,8567,22,0
2024-08-06 00:00:00,0.93119,0.93435,0.92973,0.9343,4420,29,0
2024-08-06 02:00:00,0.93425,0.93703,0.93425,0.93646,15675,22,0
2024-08-06 04:00:00,0.93646,0.93733,0.93504,0.93661,13454,22,0
2024-08-06 06:00:00,0.93661,0.93795,0.93639,0.93757,7503,22,0
2024-08-06 08:00:00,0.93757,0.93832,0.93424,0.93475,17210,22,0
2024-08-06 10:00:00,0.93472,0.93639,0.93257,0.93346,19335,22,0
2024-08-06 12:00:00,0.93345,0.93403,0.93116,0.932,14793,22,0
2024-08-06 14:00:00,0.932,0.93314,0.92958,0.93012,13030,22,0
2024-08-06 16:00:00,0.93012,0.93227,0.92845,0.93197,19391,22,0
2024-08-06 18:00:00,0.93196,0.9332,0.93094,0.93266,13885,22,0
2024-08-06 20:00:00,0.93266,0.93318,0.9312,0.93211,6893,22,0
2024-08-06 22:00:00,0.93212,0.93231,0.92993,0.93034,7012,24,0
2024-08-07 00:00:00,0.93028,0.93185,0.92999,0.93138,4164,24,0
2024-08-07 02:00:00,0.93136,0.93322,0.9311,0.93272,8277,22,0
2024-08-07 04:00:00,0.93273,0.9361,0.93207,0.93484,16852,22,0
2024-08-07 06:00:00,0.93483,0.93779,0.93439,0.93702,8332,22,0
2024-08-07 08:00:00,0.93701,0.93731,0.93424,0.9346,14399,22,0
2024-08-07 10:00:00,0.93461,0.9381,0.9333,0.93755,16635,22,0
2024-08-07 12:00:00,0.93754,0.94261,0.93735,0.94169,10102,22,0
2024-08-07 14:00:00,0.94169,0.94341,0.9391,0.94036,10399,22,0
2024-08-07 16:00:00,0.94036,0.946,0.9399,0.94512,14413,22,0
2024-08-07 18:00:00,0.94512,0.9469,0.94209,0.9425,12608,22,0
2024-08-07 20:00:00,0.9425,0.94289,0.93997,0.94112,14327,22,0
2024-08-07 22:00:00,0.94113,0.94234,0.94066,0.94095,7453,23,0
2024-08-08 00:00:00,0.94095,0.94224,0.94026,0.94044,4146,25,0
2024-08-08 02:00:00,0.94043,0.94067,0.93678,0.9381,15108,22,0
2024-08-08 04:00:00,0.93809,0.94075,0.93806,0.9401,11154,22,0
2024-08-08 06:00:00,0.94011,0.94101,0.93864,0.93902,8478,22,0
2024-08-08 08:00:00,0.93914,0.9413,0.93809,0.94055,11123,22,0
2024-08-08 10:00:00,0.94057,0.94086,0.93848,0.93869,12062,22,0
2024-08-08 12:00:00,0.9387,0.93897,0.93619,0.9372,8744,22,0
2024-08-08 14:00:00,0.93718,0.94079,0.93537,0.93932,15252,22,0
2024-08-08 16:00:00,0.93923,0.94383,0.93901,0.9431,16778,22,0
2024-08-08 18:00:00,0.94309,0.9457,0.94288,0.94475,10351,22,0
2024-08-08 20:00:00,0.94475,0.94607,0.9442,0.94527,6864,22,0
2024-08-08 22:00:00,0.94522,0.94629,0.94435,0.94608,4818,24,0
2024-08-09 00:00:00,0.94608,0.94609,0.94471,0.94592,8060,22,0
2024-08-09 02:00:00,0.9459,0.94641,0.94432,0.94523,5863,22,0
2024-08-09 04:00:00,0.94523,0.94635,0.94512,0.94622,5145,22,0
2024-08-09 06:00:00,0.94621,0.94633,0.94457,0.94481,3699,22,0
2024-08-09 08:00:00,0.9448,0.94678,0.94423,0.9466,7042,22,0
2024-08-09 10:00:00,0.94661,0.94741,0.94418,0.9447,8638,22,0
2024-08-09 12:00:00,0.9447,0.94556,0.94387,0.94415,6107,22,0
2024-08-09 14:00:00,0.94419,0.94443,0.94227,0.94339,8968,22,0
2024-08-09 16:00:00,0.94342,0.94487,0.94301,0.94441,9289,23,0
2024-08-09 18:00:00,0.9444,0.94464,0.94319,0.94373,6080,22,0
2024-08-09 20:00:00,0.94374,0.94483,0.94361,0.94407,4305,23,0
2024-08-09 22:00:00,0.94407,0.94452,0.94362,0.94388,3267,24,0
2024-08-12 00:00:00,0.94455,0.94512,0.94272,0.94432,3046,24,0
2024-08-12 02:00:00,0.94433,0.94466,0.94369,0.94433,3288,25,0
2024-08-12 04:00:00,0.94433,0.94489,0.94393,0.9447,3686,24,0
2024-08-12 06:00:00,0.94469,0.94632,0.94459,0.94621,2646,22,0
2024-08-12 08:00:00,0.94622,0.94848,0.94619,0.94733,5387,23,0
2024-08-12 10:00:00,0.9473,0.94896,0.94649,0.94836,8245,22,0
2024-08-12 12:00:00,0.94837,0.94889,0.94808,0.9487,4848,25,0
2024-08-12 14:00:00,0.9487,0.94973,0.94806,0.94893,5618,24,0
2024-08-12 16:00:00,0.94893,0.95175,0.94844,0.94896,11700,22,0
2024-08-12 18:00:00,0.94897,0.9497,0.94619,0.94663,10653,22,0
2024-08-12 20:00:00,0.94662,0.94674,0.94554,0.94571,7961,22,0
2024-08-12 22:00:00,0.94571,0.94582,0.94481,0.9456,3931,27,0
2024-08-13 00:00:00,0.94538,0.94604,0.94517,0.94587,3105,25,0
2024-08-13 02:00:00,0.94587,0.9471,0.94536,0.94673,3616,25,0
2024-08-13 04:00:00,0.94674,0.94728,0.94649,0.94663,3456,22,0
2024-08-13 06:00:00,0.94663,0.94913,0.94653,0.94865,2579,22,0
2024-08-13 08:00:00,0.94866,0.949,0.94737,0.94837,5866,22,0
2024-08-13 10:00:00,0.94836,0.94847,0.94638,0.94731,6673,23,0
2024-08-13 12:00:00,0.94719,0.94769,0.94669,0.94686,5362,22,0
2024-08-13 14:00:00,0.94685,0.94912,0.94675,0.94803,8542,22,0
2024-08-13 16:00:00,0.94805,0.9491,0.94551,0.94813,12374,22,0
2024-08-13 18:00:00,0.94813,0.94889,0.94734,0.94879,7088,22,0
2024-08-13 20:00:00,0.94878,0.95043,0.94845,0.95016,7305,22,0
2024-08-13 22:00:00,0.95016,0.95125,0.94968,0.95056,6763,24,0
2024-08-14 00:00:00,0.95055,0.95131,0.9494,0.95113,4553,27,0
2024-08-14 02:00:00,0.95111,0.95142,0.95066,0.95118,4598,22,0
2024-08-14 04:00:00,0.95117,0.9516,0.94937,0.94988,7805,22,0
2024-08-14 06:00:00,0.94988,0.95078,0.94958,0.95033,5638,22,0
2024-08-14 08:00:00,0.95033,0.95148,0.94998,0.95103,6135,22,0
2024-08-14 10:00:00,0.95103,0.95128,0.94967,0.95024,9237,23,0
2024-08-14 12:00:00,0.95023,0.95138,0.94991,0.95072,7552,25,0
2024-08-14 14:00:00,0.95071,0.95382,0.95039,0.95296,14183,24,0
2024-08-14 16:00:00,0.95297,0.9544,0.95187,0.95261,19009,22,0
2024-08-14 18:00:00,0.95263,0.95282,0.95155,0.95268,6798,22,0
2024-08-14 20:00:00,0.95267,0.95327,0.95247,0.95267,3523,27,0
2024-08-14 22:00:00,0.95266,0.95314,0.95216,0.95238,2539,28,0
2024-08-15 00:00:00,0.95217,0.95283,0.95185,0.95272,2500,29,0
2024-08-15 02:00:00,0.95273,0.95301,0.9522,0.95226,4024,28,0
2024-08-15 04:00:00,0.95225,0.95348,0.95215,0.95336,7001,27,0
2024-08-15 06:00:00,0.95336,0.95343,0.95249,0.95273,3876,26,0
2024-08-15 08:00:00,0.95271,0.95335,0.9524,0.95272,5796,22,0
2024-08-15 10:00:00,0.95271,0.95352,0.95228,0.95313,8251,28,0
2024-08-15 12:00:00,0.95314,0.95453,0.95303,0.95363,5158,25,0
2024-08-15 14:00:00,0.95364,0.95699,0.95357,0.9564,12633,22,0
2024-08-15 16:00:00,0.95641,0.95798,0.95495,0.9566,20631,22,0
2024-08-15 18:00:00,0.95659,0.95755,0.95639,0.95736,6910,24,0
2024-08-15 20:00:00,0.95735,0.9578,0.95723,0.9574,3849,26,0
2024-08-15 22:00:00,0.95739,0.95743,0.95681,0.95706,3995,27,0
2024-08-16 00:00:00,0.95659,0.95748,0.95652,0.95724,3144,28,0
2024-08-16 02:00:00,0.95724,0.95741,0.95647,0.95689,5084,25,0
2024-08-16 04:00:00,0.95689,0.95704,0.95624,0.9566,4376,24,0
2024-08-16 06:00:00,0.95659,0.95681,0.95632,0.95657,3425,27,0
2024-08-16 08:00:00,0.95658,0.9572,0.9563,0.95636,5203,23,0
2024-08-16 10:00:00,0.95635,0.95644,0.95343,0.95377,7921,23,0
2024-08-16 12:00:00,0.95377,0.95486,0.95342,0.95413,8196,23,0
2024-08-16 14:00:00,0.95414,0.95414,0.95247,0.95287,11154,25,0
2024-08-16 16:00:00,0.95288,0.95548,0.95261,0.95421,14886,22,0
2024-08-16 18:00:00,0.95421,0.9558,0.95413,0.95547,5942,27,0
2024-08-16 20:00:00,0.95548,0.9555,0.95462,0.95533,4056,27,0
2024-08-16 22:00:00,0.95534,0.95569,0.95466,0.95469,2676,27,0
2024-08-19 00:00:00,0.95461,0.95641,0.95328,0.95605,2953,28,0
2024-08-19 02:00:00,0.95606,0.95669,0.95591,0.95601,5077,23,0
2024-08-19 04:00:00,0.95601,0.95636,0.95539,0.95572,5579,27,0
2024-08-19 06:00:00,0.95571,0.95573,0.95307,0.95359,8092,23,0
2024-08-19 08:00:00,0.95358,0.95404,0.95191,0.95399,12850,22,0
2024-08-19 10:00:00,0.95397,0.95473,0.95309,0.95416,12885,23,0
2024-08-19 12:00:00,0.95416,0.95507,0.95389,0.95486,9664,23,0
2024-08-19 14:00:00,0.95485,0.95514,0.9539,0.95513,9773,25,0
2024-08-19 16:00:00,0.95514,0.95631,0.95475,0.9553,15088,24,0
2024-08-19 18:00:00,0.95526,0.9559,0.9549,0.95554,6420,24,0
2024-08-19 20:00:00,0.95553,0.95602,0.95497,0.95585,3455,23,0
2024-08-19 22:00:00,0.95586,0.95641,0.95562,0.95602,2464,24,0
2024-08-20 00:00:00,0.95586,0.95638,0.95544,0.95604,1182,28,0
2024-08-20 02:00:00,0.95604,0.95651,0.95503,0.95524,4762,26,0
2024-08-20 04:00:00,0.95525,0.9553,0.95391,0.95465,6923,23,0
2024-08-20 06:00:00,0.95465,0.95499,0.95438,0.95476,5275,25,0
2024-08-20 08:00:00,0.95475,0.95511,0.95402,0.95454,6696,23,0
2024-08-20 10:00:00,0.95453,0.9549,0.95174,0.95273,12794,22,0
2024-08-20 12:00:00,0.95273,0.95314,0.95195,0.95241,7994,25,0
2024-08-20 14:00:00,0.95242,0.95359,0.95209,0.95337,8175,25,0
2024-08-20 16:00:00,0.95336,0.95353,0.95202,0.95232,13874,22,0
2024-08-20 18:00:00,0.95233,0.95264,0.95124,0.95151,7820,23,0
2024-08-20 20:00:00,0.9515,0.95204,0.95114,0.95127,3631,24,0
2024-08-20 22:00:00,0.95127,0.95154,0.95014,0.95014,3508,27,0
2024-08-21 00:00:00,0.94955,0.95037,0.94937,0.94948,1662,28,0
2024-08-21 02:00:00,0.94948,0.94988,0.94829,0.94967,7260,22,0
2024-08-21 04:00:00,0.94966,0.94992,0.94906,0.94926,6670,27,0
2024-08-21 06:00:00,0.94926,0.94984,0.94914,0.94967,5008,25,0
2024-08-21 08:00:00,0.94967,0.95019,0.94943,0.94982,6494,22,0
2024-08-21 10:00:00,0.94981,0.95125,0.94929,0.95075,10269,23,0
2024-08-21 12:00:00,0.95074,0.95165,0.9503,0.95154,5856,26,0
2024-08-21 14:00:00,0.95153,0.95159,0.94972,0.94994,7617,24,0
2024-08-21 16:00:00,0.94992,0.95012,0.94764,0.94914,22029,22,0
2024-08-21 18:00:00,0.94915,0.94946,0.94821,0.94878,10477,26,0
2024-08-21 20:00:00,0.94879,0.94947,0.94843,0.94908,6771,26,0
2024-08-21 22:00:00,0.94907,0.94995,0.94904,0.94933,3770,27,0
2024-08-22 00:00:00,0.94924,0.94976,0.94849,0.94908,2370,28,0
2024-08-22 02:00:00,0.94909,0.94954,0.94872,0.9494,4602,26,0
2024-08-22 04:00:00,0.94941,0.94976,0.94897,0.94922,5189,26,0
2024-08-22 06:00:00,0.94922,0.94929,0.9483,0.94863,3658,27,0
2024-08-22 08:00:00,0.94864,0.94875,0.94788,0.94854,5541,25,0
2024-08-22 10:00:00,0.94853,0.94892,0.94599,0.94834,12632,24,0
2024-08-22 12:00:00,0.94839,0.94889,0.94744,0.94882,8464,24,0
2024-08-22 14:00:00,0.94881,0.94928,0.94752,0.94827,10926,27,0
2024-08-22 16:00:00,0.94826,0.94858,0.94653,0.94704,15187,24,0
2024-08-22 18:00:00,0.94705,0.94744,0.94586,0.94652,6993,24,0
2024-08-22 20:00:00,0.94652,0.94691,0.94555,0.94645,5582,24,0
2024-08-22 22:00:00,0.94645,0.94707,0.94616,0.94673,3131,24,0
2024-08-23 00:00:00,0.94595,0.94691,0.94585,0.9466,4567,26,0
2024-08-23 02:00:00,0.94656,0.947,0.94639,0.94685,2748,26,0
2024-08-23 04:00:00,0.94684,0.9471,0.94622,0.94705,4054,24,0
2024-08-23 06:00:00,0.94705,0.94799,0.9469,0.94769,2194,24,0
2024-08-23 08:00:00,0.94767,0.9478,0.9464,0.94691,4329,24,0
2024-08-23 10:00:00,0.9469,0.94765,0.94585,0.94746,7050,24,0
2024-08-23 12:00:00,0.94746,0.94826,0.94702,0.94713,5285,24,0
2024-08-23 14:00:00,0.94712,0.94765,0.94675,0.94709,6104,24,0
2024-08-23 16:00:00,0.94709,0.94966,0.94684,0.9485,18793,24,0
2024-08-23 18:00:00,0.94849,0.94958,0.94804,0.94939,11686,24,0
2024-08-23 20:00:00,0.94939,0.9497,0.94839,0.94839,8299,24,0
2024-08-23 22:00:00,0.9484,0.94882,0.94796,0.94863,3357,24,0
2024-08-26 00:00:00,0.94729,0.94883,0.94729,0.94802,2652,27,0
2024-08-26 02:00:00,0.948,0.94815,0.94682,0.94732,6750,24,0
2024-08-26 04:00:00,0.94729,0.94755,0.94689,0.94739,4928,24,0
2024-08-26 06:00:00,0.94739,0.94756,0.94703,0.94727,3377,24,0
2024-08-26 08:00:00,0.94728,0.94789,0.9466,0.94668,5274,24,0
2024-08-26 10:00:00,0.94668,0.94683,0.94544,0.94553,7350,24,0
2024-08-26 12:00:00,0.94555,0.94638,0.94508,0.94553,5592,24,0
2024-08-26 14:00:00,0.94553,0.94679,0.94523,0.94574,8667,24,0
2024-08-26 16:00:00,0.94574,0.94661,0.94511,0.94605,11687,24,0
2024-08-26 18:00:00,0.94604,0.94674,0.94584,0.9464,6571,24,0
2024-08-26 20:00:00,0.94639,0.94661,0.94545,0.94548,6025,24,0
2024-08-26 22:00:00,0.94548,0.94579,0.94523,0.94544,2151,24,0
2024-08-27 00:00:00,0.94495,0.94577,0.94405,0.94519,1685,25,0
2024-08-27 02:00:00,0.94518,0.94597,0.94492,0.9459,2446,24,0
2024-08-27 04:00:00,0.94589,0.94625,0.94566,0.94608,2359,24,0
2024-08-27 06:00:00,0.94607,0.94632,0.94573,0.94589,1660,25,0
2024-08-27 08:00:00,0.9459,0.94659,0.94574,0.94615,3300,24,0
2024-08-27 10:00:00,0.9462,0.9473,0.94593,0.94637,7197,24,0
2024-08-27 12:00:00,0.94636,0.94651,0.9447,0.94516,6329,24,0
2024-08-27 14:00:00,0.94514,0.94531,0.94289,0.94313,6874,24,0
2024-08-27 16:00:00,0.94313,0.94337,0.94058,0.94117,10523,24,0
2024-08-27 18:00:00,0.94117,0.94224,0.94101,0.94133,6565,24,0
2024-08-27 20:00:00,0.94135,0.94167,0.94064,0.94097,5094,24,0
2024-08-27 22:00:00,0.94098,0.94116,0.94066,0.94111,3280,24,0
2024-08-28 00:00:00,0.94088,0.94122,0.94041,0.9406,3011,24,0
2024-08-28 02:00:00,0.9406,0.94125,0.9405,0.94093,3175,24,0
2024-08-28 04:00:00,0.94094,0.94186,0.94078,0.94153,4179,24,0
2024-08-28 06:00:00,0.94153,0.94177,0.94099,0.94113,2165,24,0
2024-08-28 08:00:00,0.94113,0.94123,0.94007,0.94068,5482,24,0
2024-08-28 10:00:00,0.94067,0.94105,0.93912,0.93918,8273,24,0
2024-08-28 12:00:00,0.9392,0.9392,0.93739,0.93805,6154,24,0
2024-08-28 14:00:00,0.93805,0.93892,0.93722,0.93825,7399,24,0
2024-08-28 16:00:00,0.93825,0.93929,0.93698,0.93703,11393,24,0
2024-08-28 18:00:00,0.93703,0.93767,0.93587,0.93688,6774,24,0
2024-08-28 20:00:00,0.93688,0.93713,0.93514,0.93603,5474,24,0
2024-08-28 22:00:00,0.93603,0.93645,0.93533,0.93634,4558,24,0
2024-08-29 00:00:00,0.93633,0.93685,0.93531,0.93567,2376,24,0
2024-08-29 02:00:00,0.93565,0.93726,0.93545,0.93673,3694,24,0
2024-08-29 04:00:00,0.93673,0.93698,0.93598,0.93626,2512,24,0
2024-08-29 06:00:00,0.93625,0.93634,0.93555,0.9359,2470,24,0
2024-08-29 08:00:00,0.93589,0.93609,0.93523,0.93548,5126,24,0
2024-08-29 10:00:00,0.93549,0.9372,0.93522,0.93592,10621,24,0
2024-08-29 12:00:00,0.93592,0.93667,0.93534,0.93569,7341,24,0
2024-08-29 14:00:00,0.93569,0.93899,0.93563,0.93857,12415,24,0
2024-08-29 16:00:00,0.93857,0.93983,0.93773,0.93923,12921,24,0
2024-08-29 18:00:00,0.93923,0.93943,0.93799,0.9383,6284,24,0
2024-08-29 20:00:00,0.9383,0.93848,0.93694,0.93724,6047,24,0
2024-08-29 22:00:00,0.93724,0.93862,0.93708,0.93841,4337,24,0
2024-08-30 00:00:00,0.93843,0.93871,0.93773,0.93865,2330,28,0
2024-08-30 02:00:00,0.93862,0.93901,0.9381,0.93848,3454,27,0
2024-08-30 04:00:00,0.93848,0.93857,0.93789,0.93816,3078,24,0
2024-08-30 06:00:00,0.93818,0.93881,0.93805,0.9386,1517,24,0
2024-08-30 08:00:00,0.93859,0.94031,0.93858,0.93985,3885,24,0
2024-08-30 10:00:00,0.93984,0.9409,0.93866,0.93962,7899,24,0
2024-08-30 12:00:00,0.93962,0.94078,0.93958,0.94073,6688,24,0
2024-08-30 14:00:00,0.94073,0.94163,0.9404,0.94073,9744,24,0
2024-08-30 16:00:00,0.94074,0.94133,0.93867,0.93892,16756,24,0
2024-08-30 18:00:00,0.93892,0.94013,0.93882,0.93999,8706,24,0
2024-08-30 20:00:00,0.93998,0.94036,0.93942,0.93972,4736,24,0
2024-08-30 22:00:00,0.9397,0.9399,0.93868,0.93886,4685,25,0
2024-09-02 00:00:00,0.93835,0.93957,0.93772,0.93939,1332,27,0
2024-09-02 02:00:00,0.93938,0.93995,0.93911,0.93947,3206,24,0
2024-09-02 04:00:00,0.93946,0.93969,0.93877,0.93894,3202,24,0
2024-09-02 06:00:00,0.93895,0.93904,0.93847,0.93886,1928,25,0
2024-09-02 08:00:00,0.93885,0.93984,0.93874,0.93958,3826,24,0
2024-09-02 10:00:00,0.93958,0.94098,0.9384,0.94048,6661,24,0
2024-09-02 12:00:00,0.94047,0.94128,0.94011,0.94094,4189,24,0
2024-09-02 14:00:00,0.94098,0.94205,0.94089,0.94196,4648,24,0
2024-09-02 16:00:00,0.94197,0.94442,0.94183,0.94186,5804,24,0
2024-09-02 18:00:00,0.94185,0.94263,0.94182,0.9421,1826,24,0
2024-09-02 20:00:00,0.9421,0.94257,0.94206,0.94241,1639,29,0
2024-09-02 22:00:00,0.9424,0.94284,0.94193,0.9425,1316,29,0
2024-09-03 00:00:00,0.94193,0.94278,0.94157,0.94253,891,26,0
2024-09-03 02:00:00,0.94248,0.94291,0.94206,0.94282,2775,25,0
2024-09-03 04:00:00,0.9428,0.9436,0.94261,0.94326,3894,25,0
2024-09-03 06:00:00,0.94326,0.94338,0.94227,0.94249,2613,24,0
2024-09-03 08:00:00,0.94249,0.94299,0.94088,0.94221,6390,24,0
2024-09-03 10:00:00,0.9422,0.94426,0.94171,0.94186,10182,24,0
2024-09-03 12:00:00,0.94185,0.94209,0.93989,0.93994,7742,24,0
2024-09-03 14:00:00,0.93993,0.94111,0.93946,0.93986,7856,24,0
2024-09-03 16:00:00,0.93987,0.93994,0.9374,0.93829,17246,24,0
2024-09-03 18:00:00,0.9383,0.93927,0.93813,0.93893,7362,24,0
2024-09-03 20:00:00,0.93894,0.93914,0.93814,0.93858,5141,24,0
2024-09-03 22:00:00,0.93857,0.93937,0.93835,0.93861,5886,24,0
2024-09-04 00:00:00,0.93842,0.93919,0.93766,0.93898,2420,25,0
2024-09-04 02:00:00,0.93901,0.93909,0.93718,0.93725,5809,24,0
2024-09-04 04:00:00,0.93727,0.93877,0.93714,0.93801,5562,25,0
2024-09-04 06:00:00,0.93801,0.9386,0.93776,0.93797,3494,24,0
2024-09-04 08:00:00,0.93798,0.93814,0.93716,0.9374,7538,24,0
2024-09-04 10:00:00,0.93741,0.9381,0.93677,0.93782,11266,24,0
2024-09-04 12:00:00,0.93784,0.93938,0.93776,0.93921,5999,24,0
2024-09-04 14:00:00,0.93922,0.94091,0.93868,0.94052,8078,24,0
2024-09-04 16:00:00,0.94053,0.9408,0.93854,0.93995,15520,24,0
2024-09-04 18:00:00,0.93995,0.94053,0.93927,0.9398,8610,24,0
2024-09-04 20:00:00,0.9398,0.9398,0.93805,0.93813,4593,24,0
2024-09-04 22:00:00,0.93814,0.93862,0.93774,0.9379,4293,24,0
2024-09-05 00:00:00,0.93772,0.9388,0.93752,0.93784,1689,26,0
2024-09-05 02:00:00,0.9378,0.93833,0.93703,0.93812,4341,24,0
2024-09-05 04:00:00,0.93812,0.93855,0.93746,0.93846,4299,25,0
2024-09-05 06:00:00,0.93846,0.93846,0.93745,0.93769,2641,25,0
2024-09-05 08:00:00,0.93768,0.93774,0.93712,0.93735,5598,24,0
2024-09-05 10:00:00,0.93734,0.93925,0.93729,0.93902,9863,24,0
2024-09-05 12:00:00,0.93901,0.93935,0.93855,0.93908,5194,24,0
2024-09-05 14:00:00,0.93907,0.93977,0.93763,0.93841,12562,24,0
2024-09-05 16:00:00,0.9384,0.9406,0.9382,0.93978,17282,24,0
2024-09-05 18:00:00,0.93979,0.94027,0.93769,0.93842,8314,24,0
2024-09-05 20:00:00,0.93842,0.93858,0.93765,0.93818,4606,24,0
2024-09-05 22:00:00,0.93817,0.93819,0.93716,0.93753,4176,24,0
2024-09-06 00:00:00,0.9372,0.93783,0.93706,0.93764,1350,24,0
2024-09-06 02:00:00,0.93764,0.93782,0.93674,0.93703,3092,24,0
2024-09-06 04:00:00,0.93701,0.93737,0.93665,0.9371,2626,25,0
2024-09-06 06:00:00,0.93711,0.93728,0.93653,0.93673,2386,24,0
2024-09-06 08:00:00,0.93672,0.93672,0.93533,0.93581,5662,24,0
2024-09-06 10:00:00,0.9358,0.93603,0.93408,0.9348,9272,24,0
2024-09-06 12:00:00,0.9348,0.93584,0.93445,0.93522,6731,24,0
2024-09-06 14:00:00,0.93524,0.93911,0.93403,0.93833,13928,24,0
2024-09-06 16:00:00,0.93833,0.93883,0.93458,0.93534,24126,24,0
2024-09-06 18:00:00,0.93534,0.93682,0.9336,0.93434,17378,24,0
2024-09-06 20:00:00,0.93434,0.93507,0.93386,0.9342,6908,24,0
2024-09-06 22:00:00,0.93418,0.935,0.93417,0.93444,4815,24,0
2024-09-09 00:00:00,0.93583,0.93601,0.93349,0.93508,2510,27,0
2024-09-09 02:00:00,0.9351,0.93598,0.93508,0.93578,4731,24,0
2024-09-09 04:00:00,0.93578,0.93706,0.93572,0.93654,4595,24,0
2024-09-09 06:00:00,0.93655,0.93723,0.93639,0.937,2241,25,0
2024-09-09 08:00:00,0.937,0.937,0.93568,0.93602,5226,24,0
2024-09-09 10:00:00,0.93601,0.93742,0.93541,0.93702,10125,24,0
2024-09-09 12:00:00,0.93702,0.93738,0.93659,0.93705,6977,24,0
2024-09-09 14:00:00,0.93704,0.93789,0.93668,0.93699,7778,24,0
2024-09-09 16:00:00,0.937,0.93737,0.93537,0.93563,10345,24,0
2024-09-09 18:00:00,0.93562,0.93725,0.93519,0.93711,5497,24,0
2024-09-09 20:00:00,0.93712,0.93727,0.93647,0.93659,5396,24,0
2024-09-09 22:00:00,0.93658,0.93729,0.93641,0.93692,4512,24,0
2024-09-10 00:00:00,0.9372,0.93729,0.93643,0.93694,1184,27,0
2024-09-10 02:00:00,0.93699,0.93753,0.93666,0.93722,2963,24,0
2024-09-10 04:00:00,0.93723,0.9375,0.93686,0.93709,3174,24,0
2024-09-10 06:00:00,0.93708,0.93715,0.93649,0.93651,1877,24,0
2024-09-10 08:00:00,0.9365,0.93746,0.93567,0.93742,4884,24,0
2024-09-10 10:00:00,0.93742,0.93761,0.93592,0.93602,6985,24,0
2024-09-10 12:00:00,0.93601,0.93603,0.93518,0.93562,5122,24,0
2024-09-10 14:00:00,0.93564,0.93585,0.9329,0.93367,8327,24,0
2024-09-10 16:00:00,0.93367,0.93475,0.93297,0.9339,11836,24,0
2024-09-10 18:00:00,0.93391,0.93402,0.93233,0.9336,6341,24,0
2024-09-10 20:00:00,0.93359,0.9338,0.93291,0.93328,5087,24,0
2024-09-10 22:00:00,0.93328,0.93354,0.93294,0.9331,4373,24,0
2024-09-11 00:00:00,0.93307,0.93333,0.93253,0.93329,1412,26,0
2024-09-11 02:00:00,0.93327,0.93338,0.9325,0.93276,2785,24,0
2024-09-11 04:00:00,0.93275,0.93323,0.93184,0.93229,6551,24,0
2024-09-11 06:00:00,0.93227,0.9329,0.93096,0.93124,4731,24,0
2024-09-11 08:00:00,0.93124,0.93239,0.93055,0.93213,6337,24,0
2024-09-11 10:00:00,0.93214,0.93385,0.93213,0.9337,8753,24,0
2024-09-11 12:00:00,0.93369,0.93494,0.93343,0.93493,4631,24,0
2024-09-11 14:00:00,0.93496,0.93716,0.93429,0.93662,13520,24,0
2024-09-11 16:00:00,0.93661,0.938,0.93271,0.93412,19004,24,0
2024-09-11 18:00:00,0.93412,0.9373,0.93389,0.93636,11975,24,0
2024-09-11 20:00:00,0.93635,0.93804,0.93635,0.93785,7935,24,0
2024-09-11 22:00:00,0.93785,0.93955,0.93785,0.93832,6147,24,0
2024-09-12 00:00:00,0.93793,0.93851,0.9376,0.93846,1154,26,0
2024-09-12 02:00:00,0.93845,0.93919,0.93838,0.93843,3299,24,0
2024-09-12 04:00:00,0.93843,0.93864,0.93773,0.93853,5038,24,0
2024-09-12 06:00:00,0.93852,0.93983,0.93836,0.93977,1741,25,0
2024-09-12 08:00:00,0.93975,0.94009,0.93867,0.93885,4313,24,0
2024-09-12 10:00:00,0.93887,0.94156,0.93886,0.94091,8581,24,0
2024-09-12 12:00:00,0.94091,0.94191,0.94075,0.94107,5416,24,0
2024-09-12 14:00:00,0.94108,0.94189,0.93921,0.94015,11160,24,0
2024-09-12 16:00:00,0.94013,0.94326,0.93993,0.94244,15355,24,0
2024-09-12 18:00:00,0.94245,0.94286,0.94097,0.94232,8565,24,0
2024-09-12 20:00:00,0.94232,0.94266,0.9415,0.94223,8305,24,0
2024-09-12 22:00:00,0.94224,0.94258,0.94155,0.94237,9737,24,0
2024-09-13 00:00:00,0.94236,0.94248,0.94165,0.94225,1764,26,0
2024-09-13 02:00:00,0.94222,0.94229,0.94084,0.94175,4887,24,0
2024-09-13 04:00:00,0.94175,0.94185,0.94085,0.94136,4819,24,0
2024-09-13 06:00:00,0.94136,0.94169,0.94094,0.94163,3346,24,0
2024-09-13 08:00:00,0.94162,0.94189,0.94042,0.94045,5008,24,0
2024-09-13 10:00:00,0.94045,0.94131,0.93988,0.94083,8265,24,0
2024-09-13 12:00:00,0.94083,0.9412,0.93985,0.94067,6633,24,0
2024-09-13 14:00:00,0.94065,0.94068,0.93796,0.93798,8529,24,0
2024-09-13 16:00:00,0.93799,0.94022,0.93684,0.93989,13158,24,0
2024-09-13 18:00:00,0.9399,0.94041,0.93919,0.93971,7971,24,0
2024-09-13 20:00:00,0.93972,0.94015,0.93942,0.93945,5524,24,0
2024-09-13 22:00:00,0.93944,0.94041,0.93919,0.9403,3693,24,0
2024-09-16 00:00:00,0.93905,0.94054,0.9384,0.94037,1997,27,0
2024-09-16 02:00:00,0.94036,0.94063,0.93915,0.93932,3153,25,0
2024-09-16 04:00:00,0.93932,0.93941,0.93889,0.93916,2436,25,0
2024-09-16 06:00:00,0.93915,0.93945,0.93836,0.93877,3425,24,0
2024-09-16 08:00:00,0.93877,0.93942,0.93857,0.93937,4546,24,0
2024-09-16 10:00:00,0.93937,0.93954,0.93816,0.93909,7542,24,0
2024-09-16 12:00:00,0.93909,0.94014,0.93894,0.93947,7349,24,0
2024-09-16 14:00:00,0.93948,0.93986,0.93861,0.93941,8997,24,0
2024-09-16 16:00:00,0.93938,0.94014,0.93909,0.94006,12388,24,0
2024-09-16 18:00:00,0.94005,0.94036,0.93973,0.94001,8814,24,0
2024-09-16 20:00:00,0.94,0.94029,0.93944,0.94007,5740,24,0
2024-09-16 22:00:00,0.94007,0.94065,0.94005,0.94028,5138,24,0
2024-09-17 00:00:00,0.93957,0.94029,0.93886,0.94012,1421,29,0
2024-09-17 02:00:00,0.94014,0.94029,0.93917,0.93943,3942,25,0
2024-09-17 04:00:00,0.93943,0.93959,0.9388,0.93907,3038,26,0
2024-09-17 06:00:00,0.93907,0.93931,0.93877,0.93901,2758,25,0
2024-09-17 08:00:00,0.93901,0.93941,0.93874,0.9391,4468,24,0
2024-09-17 10:00:00,0.9391,0.93983,0.93816,0.93968,7803,24,0
2024-09-17 12:00:00,0.93967,0.94048,0.93917,0.94043,6468,24,0
2024-09-17 14:00:00,0.94042,0.94173,0.93983,0.94141,10948,24,0
2024-09-17 16:00:00,0.9414,0.9421,0.94051,0.9415,15204,24,0
2024-09-17 18:00:00,0.94148,0.94174,0.9403,0.94079,7713,24,0
2024-09-17 20:00:00,0.94078,0.94161,0.94067,0.94073,6887,24,0
2024-09-17 22:00:00,0.94074,0.94165,0.94067,0.94125,5235,24,0
2024-09-18 00:00:00,0.94125,0.94154,0.94051,0.9411,1416,24,0
2024-09-18 02:00:00,0.94111,0.94126,0.94076,0.94086,2959,25,0
2024-09-18 04:00:00,0.94087,0.94099,0.94049,0.94087,2960,27,0
2024-09-18 06:00:00,0.94088,0.94088,0.93968,0.93985,1937,26,0
2024-09-18 08:00:00,0.93984,0.9404,0.93914,0.93926,4926,24,0
2024-09-18 10:00:00,0.93926,0.9405,0.93885,0.93912,6940,24,0
2024-09-18 12:00:00,0.93913,0.9392,0.93801,0.93826,4895,24,0
2024-09-18 14:00:00,0.93827,0.93934,0.93805,0.93917,7645,24,0
2024-09-18 16:00:00,0.93916,0.94056,0.93894,0.94021,10574,24,0
2024-09-18 18:00:00,0.9402,0.94069,0.93992,0.94003,6217,24,0
2024-09-18 20:00:00,0.94003,0.94143,0.93856,0.94,19067,24,0
2024-09-18 22:00:00,0.93995,0.94104,0.93929,0.94069,17679,24,0
2024-09-19 00:00:00,0.9406,0.94105,0.93987,0.94065,2059,25,0
2024-09-19 02:00:00,0.94068,0.94261,0.94065,0.94173,7700,24,0
2024-09-19 04:00:00,0.94171,0.94285,0.94153,0.94192,8216,24,0
2024-09-19 06:00:00,0.94195,0.94369,0.94181,0.94361,5782,24,0
2024-09-19 08:00:00,0.94362,0.94385,0.94196,0.94237,8818,24,0
2024-09-19 10:00:00,0.94238,0.94461,0.94182,0.94426,10385,24,0
2024-09-19 12:00:00,0.94426,0.94559,0.94422,0.94437,8577,24,0
2024-09-19 14:00:00,0.94438,0.94644,0.9443,0.94622,15841,24,0
2024-09-19 16:00:00,0.94623,0.94642,0.94341,0.9439,17708,24,0
2024-09-19 18:00:00,0.94391,0.9459,0.94336,0.94573,7599,24,0
2024-09-19 20:00:00,0.94574,0.94607,0.94492,0.94554,6443,24,0
2024-09-19 22:00:00,0.94554,0.94617,0.94489,0.94607,6321,24,0
2024-09-20 00:00:00,0.94566,0.94598,0.94507,0.94586,1417,25,0
2024-09-20 02:00:00,0.94587,0.94614,0.94491,0.94501,4221,25,0
2024-09-20 04:00:00,0.945,0.9453,0.94448,0.945,4999,25,0
2024-09-20 06:00:00,0.94502,0.94548,0.94448,0.94484,4242,24,0
2024-09-20 08:00:00,0.94484,0.9461,0.94458,0.94599,8094,24,0
2024-09-20 10:00:00,0.94598,0.94706,0.94552,0.94578,14018,24,0
2024-09-20 12:00:00,0.94577,0.9477,0.94577,0.94755,7455,24,0
2024-09-20 14:00:00,0.94756,0.94873,0.9469,0.94713,8405,24,0
2024-09-20 16:00:00,0.94714,0.94791,0.94674,0.9475,12397,24,0
2024-09-20 18:00:00,0.9475,0.94881,0.94742,0.94879,12447,24,0
2024-09-20 20:00:00,0.94878,0.95027,0.94874,0.9492,6180,24,0
2024-09-20 22:00:00,0.94918,0.94951,0.94878,0.94896,5431,24,0
2024-09-23 00:00:00,0.94746,0.94929,0.94746,0.94907,1623,29,0
2024-09-23 02:00:00,0.94908,0.94975,0.94896,0.94945,3218,25,0
2024-09-23 04:00:00,0.94946,0.94991,0.94941,0.94987,3318,26,0
2024-09-23 06:00:00,0.94987,0.95,0.94954,0.94988,1569,24,0
2024-09-23 08:00:00,0.94988,0.94998,0.94833,0.94911,3583,24,0
2024-09-23 10:00:00,0.9491,0.94913,0.94325,0.94394,14209,24,0
2024-09-23 12:00:00,0.94394,0.94575,0.94366,0.94408,6370,24,0
2024-09-23 14:00:00,0.94408,0.9453,0.94343,0.94514,8557,24,0
2024-09-23 16:00:00,0.94513,0.94634,0.94333,0.94362,15293,24,0
2024-09-23 18:00:00,0.94364,0.94427,0.94145,0.94166,10254,24,0
2024-09-23 20:00:00,0.94166,0.9418,0.94086,0.94103,4570,24,0
2024-09-23 22:00:00,0.94104,0.94175,0.94091,0.94134,3858,24,0
2024-09-24 00:00:00,0.94164,0.94164,0.94075,0.94136,1712,26,0
2024-09-24 02:00:00,0.94135,0.94169,0.94026,0.94026,3336,25,0
2024-09-24 04:00:00,0.94027,0.94101,0.94007,0.94049,4511,24,0
2024-09-24 06:00:00,0.94049,0.94184,0.94021,0.94159,3025,26,0
2024-09-24 08:00:00,0.94161,0.94327,0.94159,0.9428,7925,24,0
2024-09-24 10:00:00,0.94281,0.94522,0.94248,0.94439,9694,24,0
2024-09-24 12:00:00,0.94437,0.94551,0.94347,0.94347,6279,24,0
2024-09-24 14:00:00,0.94347,0.94458,0.94309,0.94356,8571,24,0
2024-09-24 16:00:00,0.94355,0.94479,0.94272,0.94306,15193,24,0
2024-09-24 18:00:00,0.94307,0.9435,0.94259,0.94291,7377,24,0
2024-09-24 20:00:00,0.94292,0.94317,0.94243,0.94245,4047,24,0
2024-09-24 22:00:00,0.94246,0.94282,0.94207,0.94259,4850,24,0
2024-09-25 00:00:00,0.94238,0.94429,0.94217,0.94236,1640,27,0
2024-09-25 02:00:00,0.94235,0.9424,0.94165,0.94197,4171,25,0
2024-09-25 04:00:00,0.94195,0.94286,0.94173,0.94243,4651,24,0
2024-09-25 06:00:00,0.94242,0.94287,0.94221,0.94283,2643,24,0
2024-09-25 08:00:00,0.94284,0.94344,0.94171,0.94321,4800,24,0
2024-09-25 10:00:00,0.94321,0.94725,0.94285,0.94675,8976,24,0
2024-09-25 12:00:00,0.94674,0.95011,0.94642,0.95003,8494,24,0
2024-09-25 14:00:00,0.95001,0.95072,0.9485,0.94933,10279,24,0
2024-09-25 16:00:00,0.94934,0.94984,0.94801,0.9483,13240,24,0
2024-09-25 18:00:00,0.94828,0.94846,0.94582,0.94625,9200,24,0
2024-09-25 20:00:00,0.94624,0.94647,0.94529,0.9461,6332,24,0
2024-09-25 22:00:00,0.94611,0.94663,0.94557,0.94654,5657,24,0
2024-09-26 00:00:00,0.94655,0.94664,0.94432,0.94646,3431,24,0
2024-09-26 02:00:00,0.94645,0.94678,0.94606,0.94649,5631,28,0
2024-09-26 04:00:00,0.94646,0.94757,0.94642,0.94714,3995,26,0
2024-09-26 06:00:00,0.94715,0.94729,0.94658,0.94673,2320,24,0
2024-09-26 08:00:00,0.94674,0.94952,0.94662,0.94896,5619,24,0
2024-09-26 10:00:00,0.94895,0.9497,0.94306,0.94644,16159,24,0
2024-09-26 12:00:00,0.94643,0.94685,0.94392,0.94545,9244,24,0
2024-09-26 14:00:00,0.94544,0.9466,0.94453,0.94633,13096,24,0
2024-09-26 16:00:00,0.94633,0.94791,0.94497,0.9462,17404,24,0
2024-09-26 18:00:00,0.94623,0.94672,0.94533,0.94593,8873,24,0
2024-09-26 20:00:00,0.94594,0.94597,0.94465,0.94535,6603,24,0
2024-09-26 22:00:00,0.94536,0.94564,0.94498,0.94557,9873,24,0
2024-09-27 00:00:00,0.94527,0.94571,0.94468,0.94545,3173,29,0
2024-09-27 02:00:00,0.94545,0.94658,0.94545,0.94638,3888,24,0
2024-09-27 04:00:00,0.94639,0.94688,0.94548,0.94571,5002,24,0
2024-09-27 06:00:00,0.94574,0.94696,0.94546,0.94673,3371,24,0
2024-09-27 08:00:00,0.9467,0.94779,0.94376,0.94408,16256,24,0
2024-09-27 10:00:00,0.94407,0.94407,0.93987,0.94183,14710,24,0
2024-09-27 12:00:00,0.94182,0.94246,0.94135,0.94202,8094,24,0
2024-09-27 14:00:00,0.94202,0.94285,0.94087,0.94158,11177,24,0
2024-09-27 16:00:00,0.94157,0.9421,0.94006,0.9409,15107,24,0
2024-09-27 18:00:00,0.94091,0.94128,0.93881,0.93902,10333,24,0
2024-09-27 20:00:00,0.93903,0.93949,0.93788,0.9386,7871,24,0
2024-09-27 22:00:00,0.93859,0.93879,0.9375,0.93805,6260,25,0
2024-09-30 00:00:00,0.93855,0.93907,0.93761,0.93901,2113,27,0
2024-09-30 02:00:00,0.93899,0.94017,0.93878,0.93953,5373,27,0
2024-09-30 04:00:00,0.93952,0.93961,0.93808,0.93892,5815,24,0
2024-09-30 06:00:00,0.93892,0.9396,0.93878,0.93908,3069,25,0
2024-09-30 08:00:00,0.93905,0.9402,0.93857,0.93994,7950,24,0
2024-09-30 10:00:00,0.93992,0.94493,0.93922,0.94493,11643,24,0
2024-09-30 12:00:00,0.94494,0.94494,0.94306,0.94461,9748,24,0
2024-09-30 14:00:00,0.94462,0.94488,0.94302,0.94385,9625,24,0
2024-09-30 16:00:00,0.94385,0.94397,0.94092,0.94116,16800,24,0
2024-09-30 18:00:00,0.94116,0.94214,0.9405,0.94131,10074,24,0
2024-09-30 20:00:00,0.94131,0.94271,0.94101,0.94244,11317,24,0
2024-09-30 22:00:00,0.94242,0.94282,0.94108,0.94137,6809,24,0
2024-10-01 00:00:00,0.94019,0.94164,0.93923,0.94137,2046,25,0
2024-10-01 02:00:00,0.94138,0.94186,0.94025,0.94112,5165,24,0
2024-10-01 04:00:00,0.9411,0.942,0.94097,0.94194,4203,24,0
2024-10-01 06:00:00,0.94195,0.94284,0.94192,0.94245,2849,25,0
2024-10-01 08:00:00,0.94245,0.94324,0.94156,0.9427,6558,24,0
2024-10-01 10:00:00,0.94268,0.94295,0.93966,0.93998,13653,24,0
2024-10-01 12:00:00,0.94002,0.9407,0.93855,0.93866,7738,24,0
2024-10-01 14:00:00,0.93861,0.93939,0.93769,0.93861,11846,24,0
2024-10-01 16:00:00,0.93862,0.93889,0.9332,0.93605,22067,24,0
2024-10-01 18:00:00,0.93606,0.93644,0.93486,0.93569,12742,24,0
2024-10-01 20:00:00,0.93568,0.93848,0.93438,0.93722,9994,24,0
2024-10-01 22:00:00,0.93722,0.93752,0.93622,0.93675,12011,24,0
2024-10-02 00:00:00,0.93663,0.93684,0.93512,0.93633,1354,26,0
2024-10-02 02:00:00,0.93632,0.93667,0.93602,0.93613,2972,24,0
2024-10-02 04:00:00,0.93614,0.93708,0.9357,0.93644,3409,24,0
2024-10-02 06:00:00,0.93645,0.93741,0.93482,0.93544,3556,24,0
2024-10-02 08:00:00,0.93543,0.93648,0.93408,0.93568,7284,24,0
2024-10-02 10:00:00,0.93571,0.93727,0.93527,0.93705,7739,24,0
2024-10-02 12:00:00,0.93706,0.93937,0.93642,0.93873,8574,24,0
2024-10-02 14:00:00,0.93875,0.94014,0.93835,0.93986,10202,24,0
2024-10-02 16:00:00,0.93988,0.94002,0.93774,0.93858,13080,24,0
2024-10-02 18:00:00,0.93856,0.939,0.93784,0.93848,7771,24,0
2024-10-02 20:00:00,0.93847,0.93852,0.93782,0.93795,4793,24,0
2024-10-02 22:00:00,0.93796,0.93864,0.93774,0.93828,5494,24,0
2024-10-03 00:00:00,0.93824,0.93884,0.93787,0.93865,2912,26,0
2024-10-03 02:00:00,0.93865,0.93907,0.93841,0.93902,4069,24,0
2024-10-03 04:00:00,0.93903,0.93925,0.93819,0.93821,4750,24,0
2024-10-03 06:00:00,0.93821,0.93847,0.9371,0.93734,2694,25,0
2024-10-03 08:00:00,0.93735,0.94214,0.93667,0.94179,9551,24,0
2024-10-03 10:00:00,0.94178,0.94211,0.93879,0.93888,13617,24,0
2024-10-03 12:00:00,0.93888,0.94032,0.93834,0.93885,8716,24,0
2024-10-03 14:00:00,0.93889,0.9391,0.93748,0.93823,10383,24,0
2024-10-03 16:00:00,0.93824,0.94089,0.93809,0.94003,19041,24,0
2024-10-03 18:00:00,0.94002,0.94116,0.93916,0.94018,10258,24,0
2024-10-03 20:00:00,0.9402,0.94078,0.93995,0.94036,5948,24,0
2024-10-03 22:00:00,0.94035,0.94057,0.94002,0.94013,5229,24,0
2024-10-04 00:00:00,0.93995,0.94044,0.93916,0.94016,2286,29,0
2024-10-04 02:00:00,0.94016,0.94017,0.93977,0.93986,2701,26,0
2024-10-04 04:00:00,0.93987,0.94009,0.93924,0.93934,3853,26,0
2024-10-04 06:00:00,0.93932,0.93939,0.93835,0.9386,2411,24,0
2024-10-04 08:00:00,0.93861,0.93866,0.93755,0.93844,5105,24,0
2024-10-04 10:00:00,0.93843,0.93992,0.93808,0.93876,9065,24,0
2024-10-04 12:00:00,0.93876,0.94032,0.93876,0.93902,6603,24,0
2024-10-04 14:00:00,0.93901,0.94277,0.93891,0.94234,15308,24,0
2024-10-04 16:00:00,0.94236,0.9437,0.94172,0.94196,17540,24,0
2024-10-04 18:00:00,0.94196,0.9426,0.94096,0.94178,10266,24,0
2024-10-04 20:00:00,0.94178,0.94192,0.94101,0.94191,5231,24,0
2024-10-04 22:00:00,0.94189,0.94237,0.94126,0.94132,5064,24,0
2024-10-07 00:00:00,0.94124,0.94271,0.94113,0.94239,2966,26,0
2024-10-07 02:00:00,0.9424,0.94279,0.94117,0.94152,4154,26,0
2024-10-07 04:00:00,0.94151,0.94173,0.94083,0.94099,4522,25,0
2024-10-07 06:00:00,0.94101,0.9412,0.94054,0.94064,1994,24,0
2024-10-07 08:00:00,0.94065,0.94201,0.94038,0.94152,5204,24,0
2024-10-07 10:00:00,0.94152,0.94203,0.94024,0.94121,10307,24,0
2024-10-07 12:00:00,0.9412,0.94121,0.93903,0.94006,7795,24,0
2024-10-07 14:00:00,0.94005,0.94022,0.9374,0.93786,8534,24,0
2024-10-07 16:00:00,0.93787,0.9397,0.93689,0.9394,13119,24,0
2024-10-07 18:00:00,0.93941,0.93941,0.93772,0.9378,8161,24,0
2024-10-07 20:00:00,0.93781,0.93824,0.93655,0.93655,4884,24,0
2024-10-07 22:00:00,0.93655,0.93767,0.93646,0.93731,4711,24,0
2024-10-08 00:00:00,0.937,0.9392,0.93641,0.93656,4615,26,0
2024-10-08 02:00:00,0.93657,0.93809,0.93656,0.93765,4095,25,0
2024-10-08 04:00:00,0.93765,0.93807,0.93638,0.93729,6347,24,0
2024-10-08 06:00:00,0.93729,0.93818,0.93702,0.9381,4372,24,0
2024-10-08 08:00:00,0.9381,0.93825,0.93713,0.93749,6635,24,0
2024-10-08 10:00:00,0.93756,0.93948,0.93712,0.93929,10032,24,0
2024-10-08 12:00:00,0.93928,0.94112,0.939,0.94044,8641,24,0
2024-10-08 14:00:00,0.94045,0.94169,0.93961,0.94054,9760,24,0
2024-10-08 16:00:00,0.94055,0.94103,0.93976,0.94091,10471,24,0
2024-10-08 18:00:00,0.94091,0.94107,0.94024,0.94089,7217,24,0
2024-10-08 20:00:00,0.94089,0.94128,0.94038,0.9412,5649,24,0
2024-10-08 22:00:00,0.94121,0.94159,0.94073,0.94089,3497,25,0
2024-10-09 00:00:00,0.94075,0.94116,0.93983,0.94094,3201,27,0
2024-10-09 02:00:00,0.94093,0.94118,0.94056,0.94111,2451,26,0
2024-10-09 04:00:00,0.94111,0.94122,0.9403,0.94052,4422,27,0
2024-10-09 06:00:00,0.94051,0.94088,0.94032,0.9405,2086,26,0
2024-10-09 08:00:00,0.9405,0.9415,0.93983,0.93993,6196,25,0
2024-10-09 10:00:00,0.93994,0.94025,0.93883,0.93959,8971,24,0
2024-10-09 12:00:00,0.93959,0.94009,0.93931,0.93976,6642,24,0
2024-10-09 14:00:00,0.93976,0.9405,0.93938,0.9403,6655,24,0
2024-10-09 16:00:00,0.94031,0.94088,0.93974,0.9406,8194,24,0
2024-10-09 18:00:00,0.94059,0.94154,0.94055,0.94083,7015,24,0
2024-10-09 20:00:00,0.94082,0.94151,0.94016,0.94134,5772,24,0
2024-10-09 22:00:00,0.94135,0.94165,0.94093,0.94093,3599,24,0
2024-10-10 00:00:00,0.9408,0.94164,0.94025,0.94143,4448,29,0
2024-10-10 02:00:00,0.94143,0.94166,0.94101,0.94134,2291,26,0
2024-10-10 04:00:00,0.94133,0.94151,0.94122,0.94129,3294,25,0
2024-10-10 06:00:00,0.94129,0.94168,0.94119,0.94162,1751,26,0
2024-10-10 08:00:00,0.94163,0.94181,0.93979,0.93979,5168,24,0
2024-10-10 10:00:00,0.9398,0.94122,0.93932,0.94063,7296,24,0
2024-10-10 12:00:00,0.94062,0.94078,0.93895,0.93901,4959,24,0
2024-10-10 14:00:00,0.93902,0.93998,0.93699,0.93836,14511,24,0
2024-10-10 16:00:00,0.93837,0.93901,0.9364,0.93713,18693,24,0
2024-10-10 18:00:00,0.93714,0.93723,0.9354,0.93545,11303,24,0
2024-10-10 20:00:00,0.93543,0.93616,0.93435,0.9361,7078,24,0
2024-10-10 22:00:00,0.93609,0.93654,0.93537,0.93621,4910,25,0
2024-10-11 00:00:00,0.93622,0.93656,0.93547,0.93647,4770,25,0
2024-10-11 02:00:00,0.93646,0.93681,0.93628,0.93659,3112,24,0
2024-10-11 04:00:00,0.93657,0.93729,0.93644,0.93706,3061,26,0
2024-10-11 06:00:00,0.93708,0.93742,0.93685,0.93716,1652,25,0
2024-10-11 08:00:00,0.93715,0.93796,0.93691,0.9375,3796,24,0
2024-10-11 10:00:00,0.93749,0.93815,0.93682,0.9373,7272,24,0
2024-10-11 12:00:00,0.93728,0.93835,0.93706,0.93815,5778,24,0
2024-10-11 14:00:00,0.93817,0.93828,0.93704,0.93743,10100,24,0
2024-10-11 16:00:00,0.93744,0.93868,0.93728,0.93802,11087,24,0
2024-10-11 18:00:00,0.93804,0.9386,0.93711,0.93714,6236,24,0
2024-10-11 20:00:00,0.93713,0.93777,0.93706,0.93736,3701,24,0
2024-10-11 22:00:00,0.93736,0.93755,0.93701,0.93724,3305,24,0
2024-10-14 00:00:00,0.93715,0.93764,0.93639,0.93756,2001,28,0
2024-10-14 02:00:00,0.93752,0.93761,0.93688,0.93728,2655,27,0
2024-10-14 04:00:00,0.93727,0.93765,0.93706,0.93752,3307,27,0
2024-10-14 06:00:00,0.93751,0.9379,0.93739,0.93742,1298,24,0
2024-10-14 08:00:00,0.93741,0.93803,0.93728,0.93775,3721,24,0
2024-10-14 10:00:00,0.93776,0.9399,0.93776,0.93944,6984,24,0
2024-10-14 12:00:00,0.93943,0.9402,0.93943,0.94008,3853,24,0
2024-10-14 14:00:00,0.94009,0.94183,0.93991,0.94147,7415,24,0
2024-10-14 16:00:00,0.94151,0.94264,0.94129,0.94194,10221,24,0
2024-10-14 18:00:00,0.94194,0.94212,0.941,0.94104,4971,24,0
2024-10-14 20:00:00,0.94105,0.94117,0.94056,0.94099,2462,24,0
2024-10-14 22:00:00,0.94101,0.94104,0.9404,0.94047,3433,25,0
2024-10-15 00:00:00,0.94047,0.94126,0.93947,0.94078,1434,29,0
2024-10-15 02:00:00,0.94076,0.94082,0.93942,0.93976,2524,24,0
2024-10-15 04:00:00,0.93974,0.94033,0.93953,0.94018,3083,24,0
2024-10-15 06:00:00,0.94017,0.94061,0.94013,0.94055,2283,24,0
2024-10-15 08:00:00,0.94054,0.94057,0.93901,0.93924,5059,24,0
2024-10-15 10:00:00,0.93923,0.94035,0.93828,0.93976,8290,24,0
2024-10-15 12:00:00,0.93976,0.94026,0.93908,0.9395,6582,24,0
2024-10-15 14:00:00,0.9395,0.94048,0.93917,0.93984,8669,24,0
2024-10-15 16:00:00,0.93984,0.94016,0.93803,0.93971,11596,24,0
2024-10-15 18:00:00,0.9397,0.94015,0.93914,0.93975,6024,24,0
2024-10-15 20:00:00,0.93975,0.94012,0.93903,0.93916,4080,24,0
2024-10-15 22:00:00,0.93917,0.93927,0.93846,0.93846,2982,25,0
2024-10-16 00:00:00,0.93833,0.93977,0.93822,0.93905,2072,27,0
2024-10-16 02:00:00,0.93906,0.93918,0.93843,0.93884,2694,27,0
2024-10-16 04:00:00,0.93885,0.93887,0.93828,0.93861,3472,26,0
2024-10-16 06:00:00,0.9386,0.93903,0.93852,0.93902,1792,27,0
2024-10-16 08:00:00,0.93903,0.93924,0.93787,0.9384,6360,24,0
2024-10-16 10:00:00,0.93838,0.93882,0.93769,0.93824,6761,24,0
2024-10-16 12:00:00,0.93824,0.93943,0.93796,0.93893,4909,24,0
2024-10-16 14:00:00,0.93892,0.93983,0.93871,0.93981,6260,24,0
2024-10-16 16:00:00,0.9398,0.94116,0.93905,0.94004,10745,24,0
2024-10-16 18:00:00,0.94005,0.94013,0.9393,0.93954,6666,24,0
2024-10-16 20:00:00,0.93955,0.93959,0.939,0.93933,3289,24,0
2024-10-16 22:00:00,0.93934,0.93994,0.93924,0.93982,4128,24,0
2024-10-17 00:00:00,0.93983,0.93983,0.93879,0.93969,3625,27,0
2024-10-17 02:00:00,0.9397,0.94039,0.93952,0.94021,3671,24,0
2024-10-17 04:00:00,0.94021,0.94028,0.93975,0.94003,4166,26,0
2024-10-17 06:00:00,0.94004,0.94016,0.93962,0.94002,2597,24,0
2024-10-17 08:00:00,0.94003,0.9409,0.93994,0.94032,5360,24,0
2024-10-17 10:00:00,0.94032,0.94057,0.93866,0.93868,5857,24,0
2024-10-17 12:00:00,0.9387,0.9392,0.93796,0.93823,5650,24,0
2024-10-17 14:00:00,0.93823,0.93852,0.9369,0.93728,10242,24,0
2024-10-17 16:00:00,0.93729,0.93773,0.93519,0.93667,15456,24,0
2024-10-17 18:00:00,0.93667,0.93798,0.93655,0.93714,7020,24,0
2024-10-17 20:00:00,0.93713,0.93832,0.93696,0.93813,4349,24,0
2024-10-17 22:00:00,0.93814,0.9382,0.93764,0.93782,3233,25,0
2024-10-18 00:00:00,0.93783,0.93806,0.93658,0.93784,1713,29,0
2024-10-18 02:00:00,0.93785,0.93809,0.93757,0.93796,3094,25,0
2024-10-18 04:00:00,0.93796,0.93847,0.93779,0.93843,4090,26,0
2024-10-18 06:00:00,0.93842,0.93853,0.9381,0.93839,2385,26,0
2024-10-18 08:00:00,0.9384,0.93928,0.93809,0.93845,5219,24,0
2024-10-18 10:00:00,0.93844,0.93966,0.93838,0.93874,5527,24,0
2024-10-18 12:00:00,0.93873,0.93938,0.93861,0.93925,5136,24,0
2024-10-18 14:00:00,0.93925,0.94052,0.93894,0.9396,6601,24,0
2024-10-18 16:00:00,0.93959,0.94035,0.93906,0.9393,7016,24,0
2024-10-18 18:00:00,0.93928,0.94021,0.93915,0.93994,5645,24,0
2024-10-18 20:00:00,0.93994,0.94024,0.93977,0.94011,4266,24,0
2024-10-18 22:00:00,0.94011,0.94014,0.93946,0.93951,6974,25,0
2024-10-21 00:00:00,0.93856,0.9401,0.93856,0.94003,1532,29,0
2024-10-21 02:00:00,0.94004,0.94014,0.93955,0.94004,4037,26,0
2024-10-21 04:00:00,0.94006,0.94013,0.93939,0.93945,4639,26,0
2024-10-21 06:00:00,0.93944,0.93946,0.93905,0.93909,2518,25,0
2024-10-21 08:00:00,0.9391,0.93958,0.93898,0.9392,6221,24,0
2024-10-21 10:00:00,0.9392,0.93929,0.93808,0.93877,6527,24,0
2024-10-21 12:00:00,0.93876,0.93905,0.93731,0.93732,5680,24,0
2024-10-21 14:00:00,0.93732,0.93795,0.93702,0.93765,6482,24,0
2024-10-21 16:00:00,0.93765,0.93809,0.9369,0.93711,8885,24,0
2024-10-21 18:00:00,0.93711,0.93734,0.93616,0.93619,7943,24,0
2024-10-21 20:00:00,0.93619,0.93668,0.93601,0.93634,4394,24,0
2024-10-21 22:00:00,0.93633,0.93671,0.93623,0.9366,3895,24,0
2024-10-22 00:00:00,0.93623,0.93673,0.93593,0.93601,2364,28,0
2024-10-22 02:00:00,0.93602,0.93622,0.93579,0.93579,2576,26,0
2024-10-22 04:00:00,0.93578,0.93584,0.93535,0.93545,4401,25,0
2024-10-22 06:00:00,0.93546,0.93615,0.93544,0.93606,3673,24,0
2024-10-22 08:00:00,0.93605,0.9369,0.93577,0.93673,5583,24,0
2024-10-22 10:00:00,0.93674,0.93751,0.93607,0.93682,8026,24,0
2024-10-22 12:00:00,0.93682,0.93732,0.93609,0.93726,7983,24,0
2024-10-22 14:00:00,0.93727,0.93752,0.9356,0.93588,7097,24,0
2024-10-22 16:00:00,0.93589,0.93589,0.93498,0.93529,9999,24,0
2024-10-22 18:00:00,0.9353,0.936,0.93477,0.93527,6099,24,0
2024-10-22 20:00:00,0.93528,0.93534,0.93427,0.93474,4870,24,0
2024-10-22 22:00:00,0.93476,0.93487,0.93386,0.93386,4338,24,0
2024-10-23 00:00:00,0.93406,0.9344,0.93374,0.93425,2203,26,0
2024-10-23 02:00:00,0.93426,0.93553,0.9341,0.93547,2888,26,0
2024-10-23 04:00:00,0.93548,0.93626,0.93525,0.9362,4142,24,0
2024-10-23 06:00:00,0.93622,0.93656,0.93588,0.93636,3247,24,0
2024-10-23 08:00:00,0.93635,0.93723,0.93582,0.93631,6384,24,0
2024-10-23 10:00:00,0.93631,0.93668,0.93473,0.93479,9081,24,0
2024-10-23 12:00:00,0.93478,0.93564,0.93398,0.93399,6546,24,0
2024-10-23 14:00:00,0.93399,0.9346,0.93352,0.93426,8670,24,0
2024-10-23 16:00:00,0.93425,0.93518,0.93381,0.93401,9390,24,0
2024-10-23 18:00:00,0.93402,0.93459,0.93348,0.9339,6815,24,0
2024-10-23 20:00:00,0.93391,0.93461,0.9335,0.93458,6973,24,0
2024-10-23 22:00:00,0.93457,0.93457,0.93353,0.93384,4581,24,0
2024-10-24 00:00:00,0.93344,0.93472,0.93311,0.93414,2168,29,0
2024-10-24 02:00:00,0.93412,0.93473,0.93396,0.93452,3161,26,0
2024-10-24 04:00:00,0.93451,0.93467,0.93418,0.93438,5042,26,0
2024-10-24 06:00:00,0.93439,0.93447,0.93409,0.93434,4411,27,0
2024-10-24 08:00:00,0.93433,0.93459,0.93365,0.93383,7008,24,0
2024-10-24 10:00:00,0.93382,0.93561,0.93311,0.93512,12808,24,0
2024-10-24 12:00:00,0.93513,0.93532,0.93418,0.93459,5798,24,0
2024-10-24 14:00:00,0.93461,0.93531,0.93417,0.93508,9761,24,0
2024-10-24 16:00:00,0.93507,0.9363,0.93491,0.93521,12799,24,0
2024-10-24 18:00:00,0.93522,0.93651,0.93508,0.93611,7085,24,0
2024-10-24 20:00:00,0.93611,0.93716,0.9361,0.93715,4826,24,0
2024-10-24 22:00:00,0.93714,0.93753,0.93635,0.93642,4811,24,0
2024-10-25 00:00:00,0.93625,0.93726,0.93612,0.93697,856,29,0
2024-10-25 02:00:00,0.93699,0.93732,0.93684,0.93726,2937,27,0
2024-10-25 04:00:00,0.93726,0.93738,0.93698,0.93725,2907,27,0
2024-10-25 06:00:00,0.93726,0.93738,0.93649,0.93659,2334,24,0
2024-10-25 08:00:00,0.93658,0.93688,0.93612,0.93622,5029,24,0
2024-10-25 10:00:00,0.93622,0.93867,0.9361,0.93804,8331,24,0
2024-10-25 12:00:00,0.93803,0.93861,0.93762,0.93815,4059,24,0
2024-10-25 14:00:00,0.93815,0.93868,0.93762,0.93816,6854,24,0
2024-10-25 16:00:00,0.93818,0.93857,0.93756,0.93807,9731,24,0
2024-10-25 18:00:00,0.9381,0.93833,0.93572,0.93585,7244,24,0
2024-10-25 20:00:00,0.93586,0.93616,0.93491,0.93577,5155,24,0
2024-10-25 22:00:00,0.93578,0.93579,0.9351,0.93564,4731,24,0
2024-10-28 00:00:00,0.93592,0.93793,0.93581,0.93751,4500,26,0
2024-10-28 02:00:00,0.9375,0.93886,0.93743,0.93848,6284,24,0
2024-10-28 04:00:00,0.93849,0.93851,0.93749,0.93773,3455,24,0
2024-10-28 06:00:00,0.93774,0.93829,0.93756,0.9376,3639,25,0
2024-10-28 08:00:00,0.93761,0.93791,0.93667,0.93759,5116,24,0
2024-10-28 10:00:00,0.93759,0.93836,0.93701,0.93768,6489,24,0
2024-10-28 12:00:00,0.93768,0.93781,0.93666,0.9371,5445,24,0
2024-10-28 14:00:00,0.93709,0.93733,0.93591,0.93626,7919,24,0
2024-10-28 16:00:00,0.93627,0.93693,0.93558,0.93661,7946,24,0
2024-10-28 18:00:00,0.93663,0.93676,0.9354,0.93557,5612,24,0
2024-10-28 20:00:00,0.93556,0.93585,0.93524,0.93527,5767,24,0
2024-10-28 22:00:00,0.93528,0.93554,0.93472,0.9354,2825,26,0
2024-10-29 00:00:00,0.9354,0.93558,0.93524,0.93525,1617,28,0
2024-10-29 02:00:00,0.93525,0.93559,0.93496,0.9353,3582,25,0
2024-10-29 04:00:00,0.9353,0.93542,0.93474,0.93484,3344,25,0
2024-10-29 06:00:00,0.93483,0.93515,0.93475,0.93512,2261,25,0
2024-10-29 08:00:00,0.93513,0.93648,0.935,0.93619,5041,24,0
2024-10-29 10:00:00,0.93619,0.93748,0.93619,0.93677,9809,24,0
2024-10-29 12:00:00,0.93677,0.93736,0.93622,0.93723,7710,24,0
2024-10-29 14:00:00,0.93723,0.93758,0.93639,0.9372,12005,24,0
2024-10-29 16:00:00,0.93721,0.93814,0.93644,0.93763,14146,24,0
2024-10-29 18:00:00,0.93763,0.93866,0.93745,0.93751,8385,24,0
2024-10-29 20:00:00,0.9375,0.93828,0.9373,0.93805,5899,24,0
2024-10-29 22:00:00,0.93804,0.9382,0.93746,0.93785,3182,27,0
2024-10-30 00:00:00,0.93784,0.93836,0.93761,0.93819,3446,28,0
2024-10-30 02:00:00,0.93819,0.93865,0.93807,0.93856,4315,26,0
2024-10-30 04:00:00,0.93857,0.93864,0.93824,0.93826,3681,24,0
2024-10-30 06:00:00,0.93826,0.93828,0.93777,0.93778,3127,24,0
2024-10-30 08:00:00,0.93779,0.93862,0.93696,0.93841,4736,24,0
2024-10-30 10:00:00,0.9384,0.94038,0.9384,0.93933,11229,24,0
2024-10-30 12:00:00,0.93934,0.93957,0.93877,0.93917,7049,24,0
2024-10-30 14:00:00,0.93919,0.94008,0.93883,0.93946,14960,24,0
2024-10-30 16:00:00,0.93947,0.94156,0.93935,0.94113,13028,24,0
2024-10-30 18:00:00,0.94113,0.94131,0.94016,0.94077,9576,24,0
2024-10-30 20:00:00,0.94076,0.94109,0.94044,0.94062,5459,24,0
2024-10-30 22:00:00,0.94063,0.94079,0.93993,0.94033,4245,26,0
2024-10-31 00:00:00,0.94045,0.94082,0.94036,0.9407,1737,29,0
2024-10-31 02:00:00,0.9407,0.94072,0.93936,0.93942,2890,25,0
2024-10-31 04:00:00,0.93943,0.93977,0.93889,0.9389,3334,25,0
2024-10-31 06:00:00,0.93891,0.93918,0.93843,0.93897,3031,26,0
2024-10-31 08:00:00,0.93899,0.94036,0.93818,0.93972,7768,24,0
2024-10-31 10:00:00,0.93975,0.94028,0.93901,0.93999,9385,24,0
2024-10-31 12:00:00,0.93998,0.94118,0.93989,0.94062,7606,24,0
2024-10-31 14:00:00,0.9406,0.9417,0.93916,0.93925,15761,24,0
2024-10-31 16:00:00,0.93926,0.94012,0.93792,0.93862,14383,24,0
2024-10-31 18:00:00,0.93862,0.94014,0.93852,0.93967,9994,24,0
2024-10-31 20:00:00,0.93968,0.93984,0.93881,0.93908,9190,24,0
2024-10-31 22:00:00,0.93907,0.94073,0.93902,0.93973,4444,26,0
2024-11-01 00:00:00,0.93971,0.93999,0.9395,0.93975,2404,27,0
2024-11-01 02:00:00,0.93974,0.94007,0.93937,0.93941,3937,24,0
2024-11-01 04:00:00,0.93941,0.93993,0.93935,0.93964,4409,27,0
2024-11-01 06:00:00,0.93965,0.93988,0.93938,0.9394,3635,25,0
2024-11-01 08:00:00,0.93939,0.94415,0.9393,0.94377,6027,24,0
2024-11-01 10:00:00,0.94375,0.94443,0.94216,0.94246,9242,24,0
2024-11-01 12:00:00,0.94247,0.94292,0.94201,0.94274,6735,24,0
2024-11-01 14:00:00,0.94273,0.94356,0.94177,0.94282,17750,24,0
2024-11-01 16:00:00,0.94278,0.94449,0.94278,0.94412,14892,24,0
2024-11-01 18:00:00,0.9441,0.9444,0.94298,0.9432,7388,24,0
2024-11-01 20:00:00,0.94317,0.94361,0.94291,0.94321,5699,24,0
2024-11-01 22:00:00,0.94321,0.94351,0.94199,0.9421,2415,24,0
2024-11-04 00:00:00,0.9428,0.9439,0.94168,0.94326,2838,25,0
2024-11-04 02:00:00,0.94325,0.9433,0.94217,0.94229,5469,25,0
2024-11-04 04:00:00,0.94229,0.94249,0.94177,0.94233,5007,25,0
2024-11-04 06:00:00,0.94232,0.9428,0.94231,0.94275,2705,26,0
2024-11-04 08:00:00,0.94275,0.94299,0.94208,0.94266,5916,24,0
2024-11-04 10:00:00,0.94267,0.94269,0.94078,0.94088,7388,24,0
2024-11-04 12:00:00,0.94089,0.94145,0.9404,0.94069,6419,24,0
2024-11-04 14:00:00,0.94068,0.94152,0.94065,0.94117,6935,24,0
2024-11-04 16:00:00,0.94116,0.94123,0.93935,0.94022,11757,24,0
2024-11-04 18:00:00,0.94022,0.94056,0.93935,0.93954,6157,24,0
2024-11-04 20:00:00,0.93955,0.93984,0.93934,0.93948,4520,24,0
2024-11-04 22:00:00,0.93949,0.93993,0.9394,0.9395,4464,24,0
2024-11-05 00:00:00,0.93963,0.94005,0.93931,0.93959,1620,28,0
2024-11-05 02:00:00,0.93958,0.93985,0.93932,0.93977,2795,25,0
2024-11-05 04:00:00,0.93976,0.93999,0.93972,0.93977,2726,26,0
2024-11-05 06:00:00,0.93977,0.94011,0.93976,0.9399,2426,26,0
2024-11-05 08:00:00,0.93989,0.94094,0.93974,0.94029,4741,24,0
2024-11-05 10:00:00,0.94029,0.94071,0.93862,0.93888,7236,24,0
2024-11-05 12:00:00,0.93888,0.93944,0.93847,0.9391,4011,24,0
2024-11-05 14:00:00,0.9391,0.94029,0.93904,0.94013,5872,24,0
2024-11-05 16:00:00,0.94014,0.9422,0.94012,0.94217,11141,24,0
2024-11-05 18:00:00,0.94217,0.94315,0.94217,0.94301,6015,26,0
2024-11-05 20:00:00,0.94302,0.9434,0.94273,0.94329,5961,26,0
2024-11-05 22:00:00,0.94329,0.94344,0.9427,0.9428,4478,26,0
2024-11-06 00:00:00,0.94279,0.94313,0.94212,0.94285,4794,26,0
2024-11-06 02:00:00,0.94284,0.94298,0.9404,0.94162,25019,24,0
2024-11-06 04:00:00,0.94164,0.94181,0.93743,0.93845,26297,24,0
2024-11-06 06:00:00,0.93844,0.93984,0.93672,0.93747,21336,24,0
2024-11-06 08:00:00,0.93745,0.9391,0.93536,0.93858,21313,24,0
2024-11-06 10:00:00,0.93856,0.94183,0.93772,0.94009,19294,26,0
2024-11-06 12:00:00,0.94008,0.94118,0.93812,0.93823,15444,26,0
2024-11-06 14:00:00,0.93823,0.93915,0.93631,0.93831,18787,26,0
2024-11-06 16:00:00,0.9383,0.93974,0.93728,0.9397,21526,24,0
2024-11-06 18:00:00,0.9397,0.94084,0.93932,0.93993,12639,26,0
2024-11-06 20:00:00,0.93993,0.94127,0.93987,0.94038,12557,26,0
2024-11-06 22:00:00,0.94039,0.94074,0.9397,0.93973,6158,26,0
2024-11-07 00:00:00,0.93968,0.9402,0.93939,0.93964,1777,29,0
2024-11-07 02:00:00,0.93964,0.94081,0.93893,0.93928,6683,26,0
2024-11-07 04:00:00,0.93929,0.94071,0.93924,0.94066,3879,26,0
2024-11-07 06:00:00,0.94065,0.94072,0.93998,0.94022,3323,29,0
2024-11-07 08:00:00,0.94022,0.94111,0.93994,0.94089,7502,26,0
2024-11-07 10:00:00,0.94088,0.9435,0.94082,0.94146,10759,26,0
2024-11-07 12:00:00,0.94148,0.94334,0.94145,0.94322,5862,26,0
2024-11-07 14:00:00,0.94323,0.94363,0.94236,0.94312,13208,24,0
2024-11-07 16:00:00,0.94312,0.94415,0.94208,0.94224,12778,26,0
2024-11-07 18:00:00,0.94222,0.94243,0.94094,0.9423,7921,26,0
2024-11-07 20:00:00,0.94232,0.94323,0.94157,0.94162,13274,26,0
2024-11-07 22:00:00,0.94163,0.94244,0.94132,0.94236,9502,26,0
2024-11-08 00:00:00,0.9424,0.9424,0.94155,0.94205,1993,28,0
2024-11-08 02:00:00,0.94201,0.94219,0.94139,0.94144,4554,28,0
2024-11-08 04:00:00,0.94143,0.94156,0.94051,0.94071,3469,26,0
2024-11-08 06:00:00,0.94069,0.94156,0.9406,0.94112,2656,26,0
2024-11-08 08:00:00,0.94113,0.94132,0.94021,0.94092,6268,27,0
2024-11-08 10:00:00,0.94092,0.94107,0.93902,0.9393,13317,26,0
2024-11-08 12:00:00,0.93933,0.93945,0.93775,0.93902,6950,26,0
2024-11-08 14:00:00,0.93901,0.93968,0.93802,0.93952,9749,24,0
2024-11-08 16:00:00,0.93952,0.93979,0.9382,0.93881,12970,26,0
2024-11-08 18:00:00,0.93883,0.9389,0.93655,0.9382,9794,26,0
2024-11-08 20:00:00,0.93821,0.93883,0.93778,0.93843,4646,26,0
2024-11-08 22:00:00,0.93844,0.9387,0.93817,0.93834,3941,26,0
2024-11-11 00:00:00,0.9377,0.93872,0.93689,0.93847,2978,28,0
2024-11-11 02:00:00,0.93847,0.93951,0.93842,0.93919,4057,26,0
2024-11-11 04:00:00,0.93919,0.93981,0.93909,0.93949,2800,28,0
2024-11-11 06:00:00,0.93949,0.93981,0.93916,0.93953,2857,26,0
2024-11-11 08:00:00,0.93954,0.9399,0.93795,0.93859,5303,26,0
2024-11-11 10:00:00,0.9386,0.93953,0.93742,0.93807,7785,26,0
2024-11-11 12:00:00,0.93806,0.93904,0.93697,0.93751,6754,26,0
2024-11-11 14:00:00,0.93755,0.93782,0.93621,0.93666,7469,26,0
2024-11-11 16:00:00,0.93665,0.9372,0.936,0.93673,7496,26,0
2024-11-11 18:00:00,0.93674,0.93757,0.93669,0.93721,4089,26,0
2024-11-11 20:00:00,0.93719,0.93826,0.93688,0.93812,2899,26,0
2024-11-11 22:00:00,0.93813,0.9386,0.9381,0.93845,2771,26,0
2024-11-12 00:00:00,0.93712,0.93859,0.93636,0.93857,1351,31,0
2024-11-12 02:00:00,0.93857,0.93875,0.93822,0.93854,3675,28,0
2024-11-12 04:00:00,0.93854,0.93854,0.93743,0.93745,3594,28,0
2024-11-12 06:00:00,0.93745,0.93784,0.93739,0.93757,3326,27,0
2024-11-12 08:00:00,0.93756,0.93789,0.93688,0.93719,6354,26,0
2024-11-12 10:00:00,0.93718,0.93778,0.93606,0.93759,8989,26,0
2024-11-12 12:00:00,0.9376,0.9376,0.9348,0.93484,7256,26,0
2024-11-12 14:00:00,0.93487,0.93624,0.93453,0.93608,9769,26,0
2024-11-12 16:00:00,0.93608,0.93655,0.93509,0.93578,10048,26,0
2024-11-12 18:00:00,0.93577,0.93628,0.93527,0.93596,8499,26,0
2024-11-12 20:00:00,0.93596,0.9367,0.93579,0.93633,5372,26,0
2024-11-12 22:00:00,0.93634,0.9369,0.93583,0.93583,3406,26,0
2024-11-13 00:00:00,0.93589,0.93649,0.93561,0.93637,1624,29,0
2024-11-13 02:00:00,0.9364,0.93724,0.93637,0.93707,4925,27,0
2024-11-13 04:00:00,0.93709,0.93733,0.93679,0.93682,2874,27,0
2024-11-13 06:00:00,0.93681,0.9371,0.93664,0.9368,2188,27,0
2024-11-13 08:00:00,0.9368,0.9375,0.93617,0.93685,5996,26,0
2024-11-13 10:00:00,0.93684,0.93802,0.9364,0.93777,7747,26,0
2024-11-13 12:00:00,0.93775,0.9383,0.93695,0.93823,5574,26,0
2024-11-13 14:00:00,0.93824,0.93854,0.93656,0.9373,14472,26,0
2024-11-13 16:00:00,0.93731,0.93732,0.9338,0.93529,19356,26,0
2024-11-13 18:00:00,0.9353,0.93551,0.93409,0.93534,9094,26,0
2024-11-13 20:00:00,0.93536,0.93606,0.93498,0.9358,5928,26,0
2024-11-13 22:00:00,0.93581,0.93603,0.93502,0.93507,5262,26,0
2024-11-14 00:00:00,0.93508,0.93573,0.93449,0.93565,3788,26,0
2024-11-14 02:00:00,0.93566,0.93604,0.93526,0.93567,4225,26,0
2024-11-14 04:00:00,0.93568,0.93613,0.93553,0.93579,3255,26,0
2024-11-14 06:00:00,0.93579,0.93601,0.93506,0.93584,3221,27,0
2024-11-14 08:00:00,0.93583,0.93601,0.93504,0.93599,7318,26,0
2024-11-14 10:00:00,0.93598,0.93643,0.93483,0.93542,9240,26,0
2024-11-14 12:00:00,0.93543,0.93675,0.93478,0.93636,10153,26,0
2024-11-14 14:00:00,0.93637,0.93734,0.93599,0.93709,13012,26,0
2024-11-14 16:00:00,0.93708,0.93869,0.93663,0.93842,15315,25,0
2024-11-14 18:00:00,0.93842,0.93844,0.93691,0.93726,8261,24,0
2024-11-14 20:00:00,0.93725,0.93749,0.93689,0.93723,4558,25,0
2024-11-14 22:00:00,0.93722,0.93764,0.93654,0.9373,10454,24,0
2024-11-15 00:00:00,0.93729,0.9376,0.93654,0.93747,1828,27,0
2024-11-15 02:00:00,0.93748,0.93785,0.93707,0.9373,5306,27,0
2024-11-15 04:00:00,0.93729,0.93764,0.9371,0.93743,3886,28,0
2024-11-15 06:00:00,0.93744,0.93756,0.93709,0.93714,3057,29,0
2024-11-15 08:00:00,0.93713,0.93771,0.93651,0.93707,8193,26,0
2024-11-15 10:00:00,0.93708,0.9387,0.93693,0.93813,8794,26,0
2024-11-15 12:00:00,0.93812,0.93908,0.93785,0.9388,7864,26,0
2024-11-15 14:00:00,0.93881,0.93923,0.93783,0.93794,13605,24,0
2024-11-15 16:00:00,0.93794,0.93804,0.93484,0.93533,16806,26,0
2024-11-15 18:00:00,0.93532,0.93674,0.9351,0.93539,11451,26,0
2024-11-15 20:00:00,0.93536,0.93538,0.93466,0.93511,7054,26,0
2024-11-15 22:00:00,0.93512,0.93604,0.93448,0.93575,5129,26,0
2024-11-18 00:00:00,0.93536,0.93605,0.93427,0.93597,2328,29,0
2024-11-18 02:00:00,0.93598,0.9363,0.93554,0.93568,7008,27,0
2024-11-18 04:00:00,0.93568,0.93595,0.93521,0.93524,3497,27,0
2024-11-18 06:00:00,0.93525,0.93554,0.93507,0.93529,2680,28,0
2024-11-18 08:00:00,0.93528,0.93559,0.93497,0.93559,4672,26,0
2024-11-18 10:00:00,0.93549,0.93605,0.93507,0.93599,6784,26,0
2024-11-18 12:00:00,0.93598,0.93628,0.93482,0.93564,6116,26,0
2024-11-18 14:00:00,0.93562,0.93661,0.93546,0.93597,7545,26,0
2024-11-18 16:00:00,0.93597,0.93653,0.93555,0.93637,8312,26,0
2024-11-18 18:00:00,0.93638,0.93688,0.93542,0.93634,5863,26,0
2024-11-18 20:00:00,0.93635,0.93673,0.93551,0.93561,3913,26,0
2024-11-18 22:00:00,0.93562,0.93593,0.93535,0.93558,3190,27,0
2024-11-19 00:00:00,0.93515,0.93596,0.93505,0.93563,1910,27,0
2024-11-19 02:00:00,0.93561,0.93563,0.9351,0.93523,5301,26,0
2024-11-19 04:00:00,0.93522,0.93578,0.9351,0.93574,3656,27,0
2024-11-19 06:00:00,0.93573,0.9359,0.93506,0.9353,2681,27,0
2024-11-19 08:00:00,0.93531,0.93591,0.93469,0.93492,5679,26,0
2024-11-19 10:00:00,0.9349,0.93551,0.93033,0.93195,18070,24,0
2024-11-19 12:00:00,0.93195,0.93306,0.93116,0.933,10103,26,0
2024-11-19 14:00:00,0.93298,0.9334,0.93125,0.93146,11058,26,0
2024-11-19 16:00:00,0.93147,0.93454,0.93126,0.93354,15672,26,0
2024-11-19 18:00:00,0.93355,0.9344,0.93315,0.93435,9084,26,0
2024-11-19 20:00:00,0.93435,0.93532,0.93376,0.9351,6641,26,0
2024-11-19 22:00:00,0.93511,0.93513,0.93409,0.93418,4826,27,0
2024-11-20 00:00:00,0.93363,0.93558,0.93289,0.93556,2109,26,0
2024-11-20 02:00:00,0.93556,0.93577,0.93519,0.93545,3805,26,0
2024-11-20 04:00:00,0.93544,0.9358,0.93524,0.93528,2615,27,0
2024-11-20 06:00:00,0.93527,0.93571,0.93522,0.93535,1756,28,0
2024-11-20 08:00:00,0.93535,0.93644,0.93517,0.93559,6001,26,0
2024-11-20 10:00:00,0.93561,0.93567,0.93386,0.93452,7603,26,0
2024-11-20 12:00:00,0.93452,0.93494,0.93385,0.93459,6457,26,0
2024-11-20 14:00:00,0.9346,0.93471,0.93311,0.93359,6412,26,0
2024-11-20 16:00:00,0.93358,0.93362,0.93037,0.93159,12745,25,0
2024-11-20 18:00:00,0.93158,0.93176,0.93048,0.93113,7639,26,0
2024-11-20 20:00:00,0.93114,0.93203,0.9311,0.93199,4127,26,0
2024-11-20 22:00:00,0.93198,0.93234,0.93155,0.93174,2964,26,0
2024-11-21 00:00:00,0.93139,0.9319,0.9313,0.93176,2029,27,0
2024-11-21 02:00:00,0.93176,0.93183,0.93118,0.93144,3651,26,0
2024-11-21 04:00:00,0.93144,0.93152,0.93115,0.93145,2621,28,0
2024-11-21 06:00:00,0.93143,0.93146,0.93119,0.93133,2062,27,0
2024-11-21 08:00:00,0.93134,0.93134,0.93006,0.93126,7704,26,0
2024-11-21 10:00:00,0.93126,0.93142,0.92827,0.92969,11967,26,0
2024-11-21 12:00:00,0.92969,0.93016,0.92924,0.92943,7486,26,0
2024-11-21 14:00:00,0.92942,0.93068,0.92913,0.9303,10094,26,0
2024-11-21 16:00:00,0.93031,0.93105,0.92932,0.9299,13379,26,0
2024-11-21 18:00:00,0.92991,0.93031,0.92781,0.929,15200,26,0
2024-11-21 20:00:00,0.929,0.92954,0.92868,0.92913,5765,26,0
2024-11-21 22:00:00,0.92913,0.92921,0.92834,0.92846,4289,26,0
2024-11-22 00:00:00,0.9283,0.92883,0.92805,0.9283,1851,27,0
2024-11-22 02:00:00,0.92829,0.92857,0.92798,0.92814,4728,26,0
2024-11-22 04:00:00,0.92814,0.92843,0.92787,0.92801,3360,28,0
2024-11-22 06:00:00,0.92802,0.92816,0.92752,0.92788,2472,27,0
2024-11-22 08:00:00,0.92788,0.92904,0.92783,0.92878,6088,26,0
2024-11-22 10:00:00,0.92877,0.92927,0.92028,0.92466,20897,26,0
2024-11-22 12:00:00,0.92465,0.92722,0.92344,0.92558,12394,26,0
2024-11-22 14:00:00,0.92558,0.93176,0.92543,0.93132,11612,24,0
2024-11-22 16:00:00,0.93131,0.93225,0.92954,0.93023,17882,24,0
2024-11-22 18:00:00,0.93023,0.93102,0.9294,0.93076,7896,26,0
2024-11-22 20:00:00,0.93076,0.93162,0.93071,0.93111,4162,26,0
2024-11-22 22:00:00,0.93111,0.93169,0.93106,0.93143,5024,26,0
2024-11-25 00:00:00,0.93192,0.9343,0.93145,0.93307,5912,28,0
2024-11-25 02:00:00,0.93308,0.93363,0.93244,0.93257,6420,26,0
2024-11-25 04:00:00,0.93256,0.93275,0.93231,0.93258,3743,28,0
2024-11-25 06:00:00,0.93259,0.93385,0.93256,0.93324,3156,27,0
2024-11-25 08:00:00,0.93331,0.93396,0.93128,0.93131,6370,26,0
2024-11-25 10:00:00,0.93131,0.9331,0.93109,0.93231,10422,26,0
2024-11-25 12:00:00,0.93232,0.93307,0.93225,0.93295,6696,26,0
2024-11-25 14:00:00,0.93297,0.93376,0.93211,0.93363,10194,26,0
2024-11-25 16:00:00,0.93364,0.93368,0.92984,0.93072,13453,26,0
2024-11-25 18:00:00,0.93073,0.93112,0.92904,0.93017,8628,26,0
2024-11-25 20:00:00,0.93021,0.93093,0.92995,0.93036,5413,26,0
2024-11-25 22:00:00,0.93038,0.93064,0.92953,0.92953,4320,26,0
2024-11-26 00:00:00,0.93114,0.93114,0.92802,0.92813,5370,26,0
2024-11-26 02:00:00,0.92813,0.92874,0.92686,0.92801,13009,26,0
2024-11-26 04:00:00,0.92803,0.92924,0.92796,0.92906,5221,26,0
2024-11-26 06:00:00,0.92905,0.92966,0.92885,0.92908,3548,26,0
2024-11-26 08:00:00,0.92907,0.93003,0.92893,0.92897,7300,26,0
2024-11-26 10:00:00,0.92897,0.93135,0.92851,0.93075,9647,26,0
2024-11-26 12:00:00,0.93076,0.93195,0.93059,0.93152,7736,26,0
2024-11-26 14:00:00,0.9315,0.93254,0.93054,0.93108,13343,26,0
2024-11-26 16:00:00,0.93109,0.932,0.92984,0.92996,13792,25,0
2024-11-26 18:00:00,0.92996,0.93052,0.92902,0.92962,9438,26,0
2024-11-26 20:00:00,0.92962,0.93005,0.929,0.92909,7091,26,0
2024-11-26 22:00:00,0.92909,0.92981,0.92895,0.92931,4034,27,0
2024-11-27 00:00:00,0.92892,0.92979,0.92873,0.92957,5229,29,0
2024-11-27 02:00:00,0.92957,0.92963,0.92861,0.92864,6652,29,0
2024-11-27 04:00:00,0.92865,0.92893,0.92831,0.92845,4694,29,0
2024-11-27 06:00:00,0.92846,0.92849,0.92779,0.92793,3725,29,0
2024-11-27 08:00:00,0.92792,0.92871,0.92755,0.92843,6130,29,0
2024-11-27 10:00:00,0.92844,0.92935,0.92769,0.9283,11635,28,0
2024-11-27 12:00:00,0.92829,0.92911,0.92772,0.92893,7249,28,0
2024-11-27 14:00:00,0.92893,0.93202,0.92863,0.93185,12201,27,0
2024-11-27 16:00:00,0.93186,0.93222,0.93041,0.93121,12660,27,0
2024-11-27 18:00:00,0.93122,0.93225,0.93096,0.93174,9542,27,0
2024-11-27 20:00:00,0.93175,0.9318,0.93103,0.93139,4142,27,0
2024-11-27 22:00:00,0.93139,0.93193,0.93108,0.93108,3685,27,0
2024-11-28 00:00:00,0.93109,0.93187,0.92968,0.93176,3946,29,0
2024-11-28 02:00:00,0.93174,0.93231,0.93166,0.93196,5902,29,0
2024-11-28 04:00:00,0.93193,0.93233,0.93183,0.93224,4051,29,0
2024-11-28 06:00:00,0.93222,0.93248,0.93188,0.9319,3253,29,0
2024-11-28 08:00:00,0.93189,0.93198,0.93104,0.9314,4915,29,0
2024-11-28 10:00:00,0.93136,0.93269,0.93102,0.93163,10014,26,0
2024-11-28 12:00:00,0.93163,0.93287,0.93141,0.93268,4549,28,0
2024-11-28 14:00:00,0.93267,0.93281,0.93038,0.93054,6224,27,0
2024-11-28 16:00:00,0.93056,0.93197,0.93028,0.93178,6794,27,0
2024-11-28 18:00:00,0.93178,0.93211,0.93135,0.93167,3148,27,0
2024-11-28 20:00:00,0.93168,0.93193,0.93159,0.93193,1297,32,0
2024-11-28 22:00:00,0.9319,0.93195,0.93134,0.9315,3532,32,0
2024-11-29 00:00:00,0.93221,0.93221,0.93108,0.93174,2725,29,0
2024-11-29 02:00:00,0.93174,0.93174,0.93019,0.9303,8781,29,0
2024-11-29 04:00:00,0.93031,0.93179,0.93023,0.93166,5192,29,0
2024-11-29 06:00:00,0.93165,0.93183,0.93134,0.93149,4851,29,0
2024-11-29 08:00:00,0.93148,0.93246,0.93104,0.93216,8070,29,0
2024-11-29 10:00:00,0.93216,0.9323,0.92978,0.93028,10260,28,0
2024-11-29 12:00:00,0.93026,0.93083,0.92943,0.93075,8441,26,0
2024-11-29 14:00:00,0.93079,0.93105,0.92992,0.93,9497,27,0
2024-11-29 16:00:00,0.92998,0.93165,0.92911,0.93031,11252,27,0
2024-11-29 18:00:00,0.93033,0.93086,0.92969,0.93082,8225,27,0
2024-11-29 20:00:00,0.93084,0.9313,0.93039,0.93109,8145,32,0
2024-11-29 22:00:00,0.93108,0.93194,0.9309,0.93129,7520,32,0
2024-12-02 00:00:00,0.92949,0.93091,0.92949,0.92999,5943,29,0
2024-12-02 02:00:00,0.93002,0.93089,0.92972,0.93076,6912,29,0
2024-12-02 04:00:00,0.93075,0.93095,0.93042,0.93075,5221,29,0
2024-12-02 06:00:00,0.93074,0.93139,0.93053,0.93097,4379,29,0
2024-12-02 08:00:00,0.93098,0.93113,0.92874,0.92921,8628,28,0
2024-12-02 10:00:00,0.9292,0.93153,0.92882,0.93137,9715,28,0
2024-12-02 12:00:00,0.93135,0.93194,0.93081,0.93158,7878,28,0
2024-12-02 14:00:00,0.93159,0.93231,0.93037,0.93119,10629,27,0
2024-12-02 16:00:00,0.93118,0.93145,0.92876,0.92925,13736,27,0
2024-12-02 18:00:00,0.92926,0.93021,0.92893,0.93014,9417,27,0
2024-12-02 20:00:00,0.93015,0.93073,0.93,0.93011,4892,27,0
2024-12-02 22:00:00,0.93009,0.9308,0.92991,0.93007,5601,27,0
2024-12-03 00:00:00,0.93056,0.93084,0.9295,0.93055,2719,29,0
2024-12-03 02:00:00,0.93056,0.93124,0.93048,0.93099,6519,29,0
2024-12-03 04:00:00,0.931,0.93173,0.93086,0.9316,4669,29,0
2024-12-03 06:00:00,0.93161,0.93175,0.93142,0.93149,3524,29,0
2024-12-03 08:00:00,0.9315,0.93226,0.93077,0.9308,6060,27,0
2024-12-03 10:00:00,0.93079,0.93235,0.93077,0.93122,9959,28,0
2024-12-03 12:00:00,0.93119,0.93183,0.93015,0.93067,5640,28,0
2024-12-03 14:00:00,0.93066,0.93096,0.92927,0.92952,8296,27,0
2024-12-03 16:00:00,0.92952,0.93112,0.929,0.9308,13522,27,0
2024-12-03 18:00:00,0.93081,0.93164,0.93039,0.93163,8253,27,0
2024-12-03 20:00:00,0.93164,0.93178,0.93064,0.93086,5094,27,0
2024-12-03 22:00:00,0.93085,0.93133,0.93075,0.93103,3349,27,0
2024-12-04 00:00:00,0.93127,0.9316,0.9301,0.93147,2197,29,0
2024-12-04 02:00:00,0.93146,0.93185,0.93106,0.93165,7071,29,0
2024-12-04 04:00:00,0.93166,0.93184,0.93053,0.93096,5404,29,0
2024-12-04 06:00:00,0.93097,0.93176,0.93077,0.93168,5007,29,0
2024-12-04 08:00:00,0.93165,0.93252,0.93133,0.93157,6512,28,0
2024-12-04 10:00:00,0.93157,0.93197,0.9301,0.93155,10059,28,0
2024-12-04 12:00:00,0.93154,0.93205,0.93055,0.93058,7209,28,0
2024-12-04 14:00:00,0.93057,0.9309,0.92942,0.92993,9735,26,0
2024-12-04 16:00:00,0.92992,0.93157,0.92897,0.93034,15442,27,0
2024-12-04 18:00:00,0.93035,0.9305,0.92956,0.93028,8331,27,0
2024-12-04 20:00:00,0.93027,0.93039,0.92905,0.9294,6804,27,0
2024-12-04 22:00:00,0.9294,0.92972,0.92871,0.92879,4388,27,0
2024-12-05 00:00:00,0.92888,0.9294,0.92856,0.92887,2240,29,0
2024-12-05 02:00:00,0.92889,0.92979,0.92887,0.92947,5087,29,0
2024-12-05 04:00:00,0.92946,0.93004,0.92939,0.92997,3818,29,0
2024-12-05 06:00:00,0.92998,0.93014,0.9298,0.9299,3853,29,0
2024-12-05 08:00:00,0.9299,0.93084,0.92958,0.93067,5460,29,0
2024-12-05 10:00:00,0.93065,0.93188,0.93055,0.93151,6641,28,0
2024-12-05 12:00:00,0.93152,0.93212,0.93017,0.93059,5138,28,0
2024-12-05 14:00:00,0.93059,0.9315,0.92984,0.93149,11311,27,0
2024-12-05 16:00:00,0.93151,0.93203,0.92967,0.93005,11927,27,0
2024-12-05 18:00:00,0.93004,0.93028,0.92904,0.92943,7455,27,0
2024-12-05 20:00:00,0.92942,0.92993,0.92921,0.92953,5101,27,0
2024-12-05 22:00:00,0.92952,0.92992,0.92933,0.9295,3214,27,0
2024-12-06 00:00:00,0.93021,0.93027,0.92955,0.92966,3931,29,0
2024-12-06 02:00:00,0.92967,0.92977,0.92899,0.92906,5173,29,0
2024-12-06 04:00:00,0.92905,0.92937,0.92896,0.92903,4230,29,0
2024-12-06 06:00:00,0.92904,0.92944,0.92891,0.92935,2952,29,0
2024-12-06 08:00:00,0.92934,0.92988,0.92926,0.92966,5340,28,0
2024-12-06 10:00:00,0.92968,0.93008,0.92941,0.92946,5739,28,0
2024-12-06 12:00:00,0.92949,0.92968,0.92822,0.9285,4770,28,0
2024-12-06 14:00:00,0.92849,0.92877,0.92568,0.92786,11879,27,0
2024-12-06 16:00:00,0.92786,0.92789,0.92575,0.92648,15688,27,0
2024-12-06 18:00:00,0.92647,0.92732,0.92635,0.92703,7734,27,0
2024-12-06 20:00:00,0.92704,0.92759,0.92704,0.92747,3962,27,0
2024-12-06 22:00:00,0.92744,0.92843,0.9274,0.92789,3817,27,0
2024-12-09 00:00:00,0.92727,0.92864,0.92727,0.92814,3545,29,0
2024-12-09 02:00:00,0.92815,0.92818,0.92741,0.92752,4998,29,0
2024-12-09 04:00:00,0.92751,0.92783,0.92719,0.92725,4170,29,0
2024-12-09 06:00:00,0.92726,0.92742,0.92691,0.92726,3862,29,0
2024-12-09 08:00:00,0.92725,0.92864,0.92719,0.92848,6299,28,0
2024-12-09 10:00:00,0.9285,0.92979,0.92842,0.9293,7619,28,0
2024-12-09 12:00:00,0.92926,0.93011,0.92882,0.92897,5117,28,0
2024-12-09 14:00:00,0.92898,0.92948,0.92836,0.92899,6518,27,0
2024-12-09 16:00:00,0.929,0.92969,0.92759,0.92794,9468,27,0
2024-12-09 18:00:00,0.92793,0.92805,0.92713,0.92793,7063,27,0
2024-12-09 20:00:00,0.92793,0.92805,0.92729,0.92737,4705,27,0
2024-12-09 22:00:00,0.92736,0.92753,0.92662,0.9268,3161,27,0
2024-12-10 00:00:00,0.92681,0.9274,0.92675,0.92713,2628,29,0
2024-12-10 02:00:00,0.92714,0.9274,0.92687,0.92706,5018,29,0
2024-12-10 04:00:00,0.92707,0.92736,0.92656,0.92668,5329,29,0
2024-12-10 06:00:00,0.92666,0.92687,0.92633,0.92642,4087,29,0
2024-12-10 08:00:00,0.92641,0.92726,0.92633,0.92707,5458,29,0
2024-12-10 10:00:00,0.92708,0.92743,0.92641,0.92707,7423,28,0
2024-12-10 12:00:00,0.92706,0.92722,0.92609,0.92645,5789,28,0
2024-12-10 14:00:00,0.92647,0.92693,0.92544,0.92584,7106,27,0
2024-12-10 16:00:00,0.92585,0.92716,0.92554,0.92665,9750,27,0
2024-12-10 18:00:00,0.92666,0.92771,0.92635,0.92766,6653,27,0
2024-12-10 20:00:00,0.92767,0.92927,0.92756,0.92923,4501,27,0
2024-12-10 22:00:00,0.92922,0.92949,0.92863,0.92869,3355,27,0
2024-12-11 00:00:00,0.92872,0.92956,0.92653,0.92954,2341,29,0
2024-12-11 02:00:00,0.92953,0.93021,0.9292,0.93013,4251,29,0
2024-12-11 04:00:00,0.93012,0.93023,0.9298,0.92987,3983,29,0
2024-12-11 06:00:00,0.92987,0.93004,0.92957,0.92966,3293,29,0
2024-12-11 08:00:00,0.92967,0.93004,0.92809,0.92825,7103,28,0
2024-12-11 10:00:00,0.92827,0.92918,0.92819,0.9284,10032,28,0
2024-12-11 12:00:00,0.92839,0.92846,0.92724,0.92785,7709,27,0
2024-12-11 14:00:00,0.92784,0.92885,0.92757,0.92798,11326,27,0
2024-12-11 16:00:00,0.928,0.92826,0.92699,0.92744,12580,25,0
2024-12-11 18:00:00,0.92743,0.92792,0.92728,0.92774,6882,27,0
2024-12-11 20:00:00,0.92775,0.92831,0.92762,0.92812,5531,27,0
2024-12-11 22:00:00,0.92811,0.92825,0.92665,0.92672,3031,27,0
2024-12-12 00:00:00,0.92684,0.92794,0.92674,0.92775,2070,29,0
2024-12-12 02:00:00,0.92774,0.92825,0.92754,0.92806,5433,29,0
2024-12-12 04:00:00,0.92805,0.92867,0.92804,0.92857,4202,29,0
2024-12-12 06:00:00,0.92856,0.92889,0.92834,0.92848,3663,29,0
2024-12-12 08:00:00,0.92849,0.92882,0.92747,0.92759,6122,28,0
2024-12-12 10:00:00,0.92758,0.93429,0.92744,0.93169,10958,27,0
2024-12-12 12:00:00,0.93168,0.93212,0.92997,0.93134,7358,28,0
2024-12-12 14:00:00,0.93135,0.93266,0.93117,0.93165,11304,27,0
2024-12-12 16:00:00,0.93168,0.93346,0.9306,0.93066,18063,27,0
2024-12-12 18:00:00,0.93067,0.93366,0.93065,0.93351,8320,27,0
2024-12-12 20:00:00,0.93351,0.9338,0.9329,0.93335,6055,27,0
2024-12-12 22:00:00,0.93335,0.93409,0.93298,0.93299,5186,27,0
2024-12-13 00:00:00,0.93291,0.93418,0.93256,0.93413,2445,29,0
2024-12-13 02:00:00,0.93415,0.93436,0.9338,0.93394,5539,29,0
2024-12-13 04:00:00,0.93394,0.93408,0.93358,0.93377,4274,29,0
2024-12-13 06:00:00,0.93378,0.93414,0.93357,0.93363,3332,29,0
2024-12-13 08:00:00,0.93364,0.93434,0.93349,0.93421,6263,29,0
2024-12-13 10:00:00,0.93419,0.93832,0.93415,0.93792,7528,25,0
2024-12-13 12:00:00,0.93794,0.93809,0.93706,0.93756,6691,25,0
2024-12-13 14:00:00,0.93754,0.93855,0.93728,0.93754,9982,25,0
2024-12-13 16:00:00,0.93754,0.93774,0.93658,0.93719,9715,25,0
2024-12-13 18:00:00,0.93718,0.93784,0.9364,0.93668,6808,25,0
2024-12-13 20:00:00,0.93669,0.93722,0.93646,0.93675,3728,25,0
2024-12-13 22:00:00,0.93674,0.93728,0.93659,0.93714,2706,25,0
2024-12-16 00:00:00,0.93627,0.93745,0.93623,0.93706,3649,27,0
2024-12-16 02:00:00,0.93707,0.93758,0.9369,0.93738,5813,27,0
2024-12-16 04:00:00,0.93737,0.9375,0.93662,0.93675,4765,27,0
2024-12-16 06:00:00,0.93674,0.93696,0.93653,0.93667,3760,27,0
2024-12-16 08:00:00,0.93667,0.93704,0.93629,0.93657,5540,25,0
2024-12-16 10:00:00,0.93656,0.93688,0.93515,0.93531,9225,25,0
2024-12-16 12:00:00,0.9353,0.93628,0.93497,0.93625,5541,25,0
2024-12-16 14:00:00,0.93626,0.93839,0.93622,0.93832,7165,25,0
2024-12-16 16:00:00,0.9383,0.93883,0.93675,0.93751,10481,25,0
2024-12-16 18:00:00,0.9375,0.93975,0.93741,0.9395,6880,25,0
2024-12-16 20:00:00,0.93951,0.9403,0.93943,0.94022,3888,25,0
2024-12-16 22:00:00,0.94021,0.94026,0.93929,0.93929,3651,24,0
2024-12-17 00:00:00,0.93924,0.94018,0.93921,0.94009,3138,27,0
2024-12-17 02:00:00,0.9401,0.94094,0.93951,0.93965,4800,27,0
2024-12-17 04:00:00,0.93966,0.94073,0.9396,0.94025,4046,27,0
2024-12-17 06:00:00,0.94024,0.9407,0.93951,0.93963,3376,27,0
2024-12-17 08:00:00,0.93964,0.94134,0.93958,0.94093,5513,25,0
2024-12-17 10:00:00,0.94094,0.94167,0.93991,0.94082,7286,25,0
2024-12-17 12:00:00,0.94084,0.94118,0.93975,0.94078,6561,25,0
2024-12-17 14:00:00,0.94077,0.9414,0.94005,0.94057,8863,23,0
2024-12-17 16:00:00,0.94058,0.94062,0.93869,0.93887,10475,25,0
2024-12-17 18:00:00,0.93886,0.93929,0.93638,0.93641,7122,25,0
2024-12-17 20:00:00,0.93643,0.93669,0.93544,0.93579,3970,25,0
2024-12-17 22:00:00,0.9358,0.93638,0.93578,0.93599,2829,25,0
2024-12-18 00:00:00,0.93577,0.93667,0.93577,0.93648,3295,27,0
2024-12-18 02:00:00,0.93651,0.9371,0.93632,0.93699,4238,27,0
2024-12-18 04:00:00,0.937,0.93743,0.93699,0.93709,3206,27,0
2024-12-18 06:00:00,0.9371,0.93742,0.93687,0.93713,2986,27,0
2024-12-18 08:00:00,0.93712,0.93814,0.93709,0.93772,5068,27,0
2024-12-18 10:00:00,0.93773,0.93821,0.93699,0.9378,7071,25,0
2024-12-18 12:00:00,0.93779,0.9387,0.93745,0.93808,5147,25,0
2024-12-18 14:00:00,0.93809,0.93842,0.93682,0.93726,7901,25,0
2024-12-18 16:00:00,0.93727,0.9381,0.93456,0.9351,9905,23,0
2024-12-18 18:00:00,0.93511,0.93574,0.93493,0.93515,6557,25,0
2024-12-18 20:00:00,0.93514,0.93575,0.93321,0.93404,14800,25,0
2024-12-18 22:00:00,0.93406,0.93425,0.93198,0.93225,14147,25,0
2024-12-19 00:00:00,0.93259,0.93411,0.93204,0.93317,4908,27,0
2024-12-19 02:00:00,0.93316,0.93462,0.93308,0.93383,8254,27,0
2024-12-19 04:00:00,0.93383,0.93541,0.93337,0.93407,6951,27,0
2024-12-19 06:00:00,0.93406,0.93464,0.93359,0.93384,4822,27,0
2024-12-19 08:00:00,0.93382,0.93488,0.93328,0.93367,10735,25,0
2024-12-19 10:00:00,0.93368,0.93486,0.93279,0.93303,11343,25,0
2024-12-19 12:00:00,0.93303,0.93329,0.93163,0.93217,7375,25,0
2024-12-19 14:00:00,0.93219,0.93296,0.93116,0.93293,11756,23,0
2024-12-19 16:00:00,0.93291,0.9341,0.93172,0.93188,12744,25,0
2024-12-19 18:00:00,0.9319,0.93221,0.93076,0.93183,9582,25,0
2024-12-19 20:00:00,0.93186,0.93202,0.93063,0.93067,5959,25,0
2024-12-19 22:00:00,0.93066,0.93178,0.93055,0.93167,3741,25,0
2024-12-20 00:00:00,0.93073,0.93241,0.93039,0.93167,3672,27,0
2024-12-20 02:00:00,0.93166,0.93174,0.93057,0.93064,6403,27,0
2024-12-20 04:00:00,0.93063,0.93089,0.93015,0.93063,5292,27,0
2024-12-20 06:00:00,0.93063,0.93086,0.93008,0.93047,4533,27,0
2024-12-20 08:00:00,0.9305,0.93183,0.92936,0.93151,7840,25,0
2024-12-20 10:00:00,0.9315,0.93164,0.9293,0.92942,7941,25,0
2024-12-20 12:00:00,0.92944,0.9297,0.92855,0.92914,5789,25,0
2024-12-20 14:00:00,0.92916,0.93062,0.9285,0.93025,9615,25,0
2024-12-20 16:00:00,0.93024,0.93058,0.92905,0.92996,12898,25,0
2024-12-20 18:00:00,0.92997,0.93164,0.92987,0.93042,8865,25,0
2024-12-20 20:00:00,0.93041,0.93142,0.93039,0.93127,4573,25,0
2024-12-20 22:00:00,0.93126,0.93152,0.93054,0.93078,3472,25,0
2024-12-23 00:00:00,0.92991,0.93177,0.9297,0.93167,5422,27,0
2024-12-23 02:00:00,0.93166,0.93198,0.93147,0.93192,4213,27,0
2024-12-23 04:00:00,0.9319,0.9324,0.93181,0.93222,3277,27,0
2024-12-23 06:00:00,0.93223,0.93297,0.9322,0.9329,2835,27,0
2024-12-23 08:00:00,0.9329,0.93296,0.93152,0.93172,4877,26,0
2024-12-23 10:00:00,0.93171,0.93227,0.93108,0.93189,5139,25,0
2024-12-23 12:00:00,0.93187,0.9327,0.93048,0.9324,4673,25,0
2024-12-23 14:00:00,0.93241,0.93367,0.93154,0.93296,6486,25,0
2024-12-23 16:00:00,0.93296,0.93526,0.93289,0.93508,8534,25,0
2024-12-23 18:00:00,0.93506,0.93609,0.93471,0.93487,5556,25,0
2024-12-23 20:00:00,0.93486,0.93563,0.93479,0.93527,3103,25,0
2024-12-23 22:00:00,0.93524,0.93528,0.93437,0.93442,2510,25,0
2024-12-24 00:00:00,0.93245,0.93496,0.93245,0.93473,2101,27,0
2024-12-24 02:00:00,0.93474,0.93485,0.9345,0.93472,3914,27,0
2024-12-24 04:00:00,0.93473,0.93506,0.93444,0.93456,3542,27,0
2024-12-24 06:00:00,0.93457,0.93465,0.93398,0.93408,2847,27,0
2024-12-24 08:00:00,0.93408,0.93538,0.93406,0.9352,3403,25,0
2024-12-24 10:00:00,0.93523,0.93615,0.9348,0.93589,4081,25,0
2024-12-24 12:00:00,0.93588,0.93627,0.93537,0.93568,3227,25,0
2024-12-24 14:00:00,0.93569,0.93621,0.93524,0.9359,5403,25,0
2024-12-24 16:00:00,0.93592,0.93659,0.93563,0.93598,6517,25,0
2024-12-24 18:00:00,0.93597,0.93627,0.93544,0.93583,4525,25,0
2024-12-24 20:00:00,0.93584,0.93646,0.93493,0.93605,2391,25,0
2024-12-24 22:00:00,0.93606,0.93628,0.93517,0.93517,645,57,0
2024-12-26 00:00:00,0.93513,0.93585,0.9346,0.9352,3029,27,0
2024-12-26 02:00:00,0.93522,0.9356,0.93498,0.93526,6380,27,0
2024-12-26 04:00:00,0.93526,0.93567,0.93522,0.93548,3118,27,0
2024-12-26 06:00:00,0.93547,0.93584,0.93535,0.9354,2913,27,0
2024-12-26 08:00:00,0.93541,0.93569,0.93537,0.93543,4124,25,0
2024-12-26 10:00:00,0.93542,0.93562,0.93528,0.93539,4846,25,0
2024-12-26 12:00:00,0.9354,0.93603,0.93532,0.93595,3091,25,0
2024-12-26 14:00:00,0.93596,0.93702,0.93568,0.9369,4602,23,0
2024-12-26 16:00:00,0.93689,0.93759,0.93614,0.93719,6660,25,0
2024-12-26 18:00:00,0.93722,0.93802,0.93637,0.93667,4797,25,0
2024-12-26 20:00:00,0.93667,0.93711,0.93646,0.93646,3986,25,0
2024-12-26 22:00:00,0.93645,0.93667,0.93564,0.93572,2567,25,0
2024-12-27 00:00:00,0.93579,0.93682,0.93446,0.93682,3301,27,0
2024-12-27 02:00:00,0.93681,0.93708,0.9362,0.93626,4884,27,0
2024-12-27 04:00:00,0.93625,0.93638,0.9359,0.93628,3426,27,0
2024-12-27 06:00:00,0.93627,0.93647,0.93594,0.93634,2736,27,0
2024-12-27 08:00:00,0.93633,0.93838,0.93623,0.93831,4474,25,0
2024-12-27 10:00:00,0.9383,0.93833,0.93696,0.93726,4676,25,0
2024-12-27 12:00:00,0.93725,0.93955,0.9371,0.93952,3935,25,0
2024-12-27 14:00:00,0.9395,0.94033,0.93911,0.94014,5831,25,0
2024-12-27 16:00:00,0.94016,0.94025,0.93884,0.93928,8514,25,0
2024-12-27 18:00:00,0.9393,0.94052,0.93928,0.94052,5700,25,0
2024-12-27 20:00:00,0.94049,0.94087,0.94021,0.9403,3029,25,0
2024-12-27 22:00:00,0.94029,0.94081,0.93963,0.93986,2452,25,0
2024-12-30 00:00:00,0.93886,0.94057,0.93886,0.94051,3874,27,0
2024-12-30 02:00:00,0.9405,0.94059,0.93988,0.93996,4208,27,0
2024-12-30 04:00:00,0.93994,0.9401,0.93983,0.93994,2491,27,0
2024-12-30 06:00:00,0.93995,0.94017,0.93983,0.94,2221,27,0
2024-12-30 08:00:00,0.94001,0.94053,0.93992,0.94022,3430,25,0
2024-12-30 10:00:00,0.94019,0.94146,0.94015,0.94097,4865,25,0
2024-12-30 12:00:00,0.94098,0.94294,0.94062,0.94271,4673,25,0
2024-12-30 14:00:00,0.94273,0.94399,0.94068,0.94098,8444,25,0
2024-12-30 16:00:00,0.94096,0.94195,0.94032,0.94098,11821,25,0
2024-12-30 18:00:00,0.94096,0.94197,0.94044,0.94067,6733,25,0
2024-12-30 20:00:00,0.94068,0.94096,0.93972,0.93976,3543,25,0
2024-12-30 22:00:00,0.93975,0.94033,0.93929,0.93989,3031,25,0
2024-12-31 00:00:00,0.94051,0.94051,0.9391,0.93992,2033,27,0
2024-12-31 02:00:00,0.93993,0.94009,0.93937,0.93994,4177,27,0
2024-12-31 04:00:00,0.93995,0.94005,0.9395,0.93966,3591,27,0
2024-12-31 06:00:00,0.93967,0.93978,0.9394,0.93949,2767,27,0
2024-12-31 08:00:00,0.9395,0.94068,0.93939,0.94067,3929,25,0
2024-12-31 10:00:00,0.94068,0.94195,0.93991,0.94164,5960,25,0
2024-12-31 12:00:00,0.9416,0.94221,0.94091,0.94206,5283,25,0
2024-12-31 14:00:00,0.94205,0.9427,0.94035,0.94079,5752,25,0
2024-12-31 16:00:00,0.94075,0.94076,0.93778,0.9384,10890,25,0
2024-12-31 18:00:00,0.93841,0.93972,0.93775,0.93933,7041,25,0
2024-12-31 20:00:00,0.93932,0.9398,0.93916,0.93977,2565,25,0
2025-01-02 00:00:00,0.93888,0.93958,0.93721,0.93942,2558,27,0
2025-01-02 02:00:00,0.93944,0.93953,0.93825,0.93832,4122,27,0
2025-01-02 04:00:00,0.93832,0.93872,0.93806,0.9382,2341,27,0
2025-01-02 06:00:00,0.93819,0.93829,0.93752,0.93784,2060,27,0
2025-01-02 08:00:00,0.93783,0.93791,0.93729,0.93742,5238,25,0
2025-01-02 10:00:00,0.93743,0.93797,0.93636,0.93648,8318,25,0
2025-01-02 12:00:00,0.93647,0.93787,0.93538,0.93782,7778,25,0
2025-01-02 14:00:00,0.93783,0.93796,0.93654,0.93708,8505,26,0
2025-01-02 16:00:00,0.93706,0.93778,0.93547,0.93561,10805,25,0
2025-01-02 18:00:00,0.93562,0.93649,0.93289,0.93645,12085,25,0
2025-01-02 20:00:00,0.93644,0.93645,0.93544,0.93623,5200,25,0
2025-01-02 22:00:00,0.93624,0.93674,0.93432,0.93432,2656,25,0
2025-01-03 00:00:00,0.93438,0.93665,0.93438,0.93637,1921,27,0
2025-01-03 02:00:00,0.93636,0.93646,0.93568,0.93582,2672,27,0
2025-01-03 04:00:00,0.93581,0.93663,0.93558,0.93656,2670,27,0
2025-01-03 06:00:00,0.93654,0.93685,0.93576,0.93608,2699,27,0
2025-01-03 08:00:00,0.93608,0.93631,0.93551,0.93568,4796,25,0
2025-01-03 10:00:00,0.93566,0.93627,0.93529,0.93545,6962,25,0
2025-01-03 12:00:00,0.93544,0.93646,0.9349,0.93625,5517,25,0
2025-01-03 14:00:00,0.93623,0.93637,0.93575,0.93588,4686,25,0
2025-01-03 16:00:00,0.93587,0.93686,0.93481,0.93683,9388,25,0
2025-01-03 18:00:00,0.93682,0.93708,0.93562,0.93624,5833,25,0
2025-01-03 20:00:00,0.93625,0.93657,0.93614,0.93635,3253,25,0
2025-01-03 22:00:00,0.93634,0.93674,0.93582,0.93589,2625,25,0
2025-01-06 00:00:00,0.93467,0.93701,0.93467,0.93701,1847,27,0
2025-01-06 02:00:00,0.93702,0.93817,0.93686,0.93816,3873,27,0
2025-01-06 04:00:00,0.93815,0.93838,0.93794,0.93804,2609,27,0
2025-01-06 06:00:00,0.93802,0.93808,0.93751,0.93756,1833,27,0
2025-01-06 08:00:00,0.93757,0.93819,0.93756,0.93773,4344,25,0
2025-01-06 10:00:00,0.93773,0.93897,0.93724,0.93809,10194,25,0
2025-01-06 12:00:00,0.93807,0.94014,0.93641,0.93979,12324,25,0
2025-01-06 14:00:00,0.93979,0.94032,0.93818,0.93981,11514,25,0
2025-01-06 16:00:00,0.9398,0.94084,0.93808,0.94043,17599,25,0
2025-01-06 18:00:00,0.94042,0.94048,0.93868,0.93888,7196,25,0
2025-01-06 20:00:00,0.93888,0.93964,0.93888,0.93944,4970,25,0
2025-01-06 22:00:00,0.93945,0.93974,0.93908,0.93926,3481,25,0
2025-01-07 00:00:00,0.93977,0.9404,0.93861,0.9395,2963,27,0
2025-01-07 02:00:00,0.93951,0.9401,0.93949,0.93971,3618,27,0
2025-01-07 04:00:00,0.9397,0.94021,0.93956,0.94018,2401,27,0
2025-01-07 06:00:00,0.94019,0.94024,0.93944,0.93954,2236,27,0
2025-01-07 08:00:00,0.93955,0.94291,0.9395,0.94204,6534,23,0
2025-01-07 10:00:00,0.94199,0.94281,0.94084,0.94254,9151,25,0
2025-01-07 12:00:00,0.94255,0.94388,0.94234,0.94326,8462,25,0
2025-01-07 14:00:00,0.94328,0.94381,0.9423,0.94281,7625,25,0
2025-01-07 16:00:00,0.94282,0.94319,0.9402,0.94155,12201,25,0
2025-01-07 18:00:00,0.94156,0.94184,0.94021,0.94078,9199,25,0
2025-01-07 20:00:00,0.94077,0.94112,0.94055,0.94071,4426,25,0
2025-01-07 22:00:00,0.94072,0.94072,0.93996,0.94015,3014,25,0
2025-01-08 00:00:00,0.94008,0.94065,0.93978,0.94049,1893,27,0
2025-01-08 02:00:00,0.9405,0.9411,0.94022,0.94107,3344,27,0
2025-01-08 04:00:00,0.94106,0.94137,0.94081,0.94083,2150,27,0
2025-01-08 06:00:00,0.94084,0.94129,0.94073,0.94109,2614,27,0
2025-01-08 08:00:00,0.94107,0.94152,0.94039,0.94077,5658,25,0
2025-01-08 10:00:00,0.94079,0.94185,0.94023,0.94085,10012,25,0
2025-01-08 12:00:00,0.94086,0.9411,0.93709,0.93883,11504,25,0
2025-01-08 14:00:00,0.93884,0.93914,0.93747,0.93782,12982,25,0
2025-01-08 16:00:00,0.93781,0.93874,0.93739,0.93856,11160,23,0
2025-01-08 18:00:00,0.93855,0.93938,0.93824,0.93927,7931,25,0
2025-01-08 20:00:00,0.93927,0.94035,0.93909,0.93978,5243,25,0
2025-01-08 22:00:00,0.93977,0.94022,0.93918,0.93936,3086,25,0
2025-01-09 00:00:00,0.93919,0.94004,0.93898,0.93943,2271,27,0
2025-01-09 02:00:00,0.93944,0.93956,0.93886,0.93922,3647,27,0
2025-01-09 04:00:00,0.9392,0.93961,0.93862,0.93891,3496,27,0
2025-01-09 06:00:00,0.9389,0.93926,0.93828,0.93853,3077,27,0
2025-01-09 08:00:00,0.93855,0.93947,0.93819,0.93898,7230,25,0
2025-01-09 10:00:00,0.93898,0.93991,0.93869,0.93927,9398,25,0
2025-01-09 12:00:00,0.93927,0.94013,0.93891,0.93952,7512,25,0
2025-01-09 14:00:00,0.93951,0.9398,0.93879,0.93922,7779,25,0
2025-01-09 16:00:00,0.93923,0.93962,0.93893,0.93932,7601,25,0
2025-01-09 18:00:00,0.93933,0.93975,0.93881,0.93973,4376,25,0
2025-01-09 20:00:00,0.93971,0.93986,0.93945,0.9397,1805,25,0
2025-01-09 22:00:00,0.93971,0.93986,0.93939,0.93954,1136,25,0
2025-01-10 00:00:00,0.93866,0.93944,0.93854,0.93898,1956,27,0
2025-01-10 02:00:00,0.93897,0.93944,0.93856,0.93912,3221,27,0
2025-01-10 04:00:00,0.93912,0.93944,0.93904,0.93913,2033,27,0
2025-01-10 06:00:00,0.93912,0.93953,0.93889,0.93895,1860,27,0
2025-01-10 08:00:00,0.93893,0.93945,0.93841,0.93942,4289,25,0
2025-01-10 10:00:00,0.9394,0.941,0.93923,0.94068,7533,25,0
2025-01-10 12:00:00,0.94069,0.94179,0.94055,0.94128,6415,25,0
2025-01-10 14:00:00,0.94126,0.94179,0.93837,0.94002,12393,25,0
2025-01-10 16:00:00,0.94004,0.94028,0.93853,0.93914,18419,25,0
2025-01-10 18:00:00,0.93913,0.93937,0.93843,0.93876,8963,25,0
2025-01-10 20:00:00,0.93875,0.9396,0.93852,0.93953,4157,25,0
2025-01-10 22:00:00,0.93953,0.93953,0.93814,0.93825,2962,25,0
2025-01-13 00:00:00,0.93846,0.93912,0.93794,0.93907,3058,27,0
2025-01-13 02:00:00,0.93909,0.93941,0.93838,0.93854,3453,27,0
2025-01-13 04:00:00,0.93857,0.93887,0.93696,0.93703,3556,27,0
2025-01-13 06:00:00,0.93701,0.93735,0.93679,0.93703,2823,27,0
2025-01-13 08:00:00,0.93703,0.93738,0.93603,0.93642,6324,25,0
2025-01-13 10:00:00,0.93641,0.93742,0.93396,0.93461,12560,25,0
2025-01-13 12:00:00,0.93459,0.93563,0.93384,0.93463,8675,25,0
2025-01-13 14:00:00,0.93467,0.9359,0.93362,0.93568,8228,25,0
2025-01-13 16:00:00,0.93567,0.93783,0.93527,0.93747,9077,25,0
2025-01-13 18:00:00,0.9375,0.93869,0.93741,0.93816,6352,25,0
2025-01-13 20:00:00,0.93817,0.93842,0.93767,0.93795,3271,25,0
2025-01-13 22:00:00,0.93796,0.93911,0.93758,0.93858,3544,25,0
2025-01-14 00:00:00,0.93871,0.94054,0.93772,0.93992,3026,27,0
2025-01-14 02:00:00,0.93993,0.93993,0.93859,0.93902,4569,27,0
2025-01-14 04:00:00,0.93908,0.93925,0.93855,0.93868,2783,27,0
2025-01-14 06:00:00,0.93867,0.93891,0.93828,0.93837,2259,27,0
2025-01-14 08:00:00,0.93839,0.93914,0.93803,0.93836,6127,25,0
2025-01-14 10:00:00,0.93834,0.93965,0.93759,0.93962,9158,25,0
2025-01-14 12:00:00,0.93961,0.94012,0.93929,0.93971,5971,25,0
2025-01-14 14:00:00,0.9397,0.94003,0.93895,0.93939,11527,25,0
2025-01-14 16:00:00,0.93941,0.94148,0.93907,0.94128,13697,25,0
2025-01-14 18:00:00,0.94128,0.9413,0.94003,0.94031,8342,25,0
2025-01-14 20:00:00,0.94032,0.94047,0.93965,0.93977,3555,25,0
2025-01-14 22:00:00,0.93978,0.94053,0.93941,0.93942,2824,25,0
2025-01-15 00:00:00,0.93956,0.94032,0.93883,0.94032,1447,28,0
2025-01-15 02:00:00,0.94031,0.94031,0.93945,0.93961,2294,27,0
2025-01-15 04:00:00,0.93961,0.93988,0.93959,0.93973,1924,27,0
2025-01-15 06:00:00,0.93975,0.93986,0.93917,0.9392,2109,27,0
2025-01-15 08:00:00,0.93919,0.93936,0.93825,0.93924,5816,25,0
2025-01-15 10:00:00,0.93923,0.94006,0.93891,0.9399,9349,25,0
2025-01-15 12:00:00,0.93991,0.94001,0.93898,0.93935,6905,25,0
2025-01-15 14:00:00,0.93937,0.94068,0.93895,0.94054,11545,25,0
2025-01-15 16:00:00,0.94055,0.94117,0.93925,0.93955,14014,23,0
2025-01-15 18:00:00,0.93954,0.94,0.93815,0.93904,9387,25,0
2025-01-15 20:00:00,0.93906,0.93962,0.93904,0.93937,4030,25,0
2025-01-15 22:00:00,0.93936,0.93966,0.93839,0.93845,3311,25,0
2025-01-16 00:00:00,0.93833,0.93927,0.93828,0.93893,1498,29,0
2025-01-16 02:00:00,0.93892,0.93924,0.93836,0.93846,4350,27,0
2025-01-16 04:00:00,0.93845,0.93866,0.93774,0.93858,3426,27,0
2025-01-16 06:00:00,0.93857,0.93877,0.93833,0.93839,1846,27,0
2025-01-16 08:00:00,0.93841,0.93908,0.93806,0.93891,5625,23,0
2025-01-16 10:00:00,0.93892,0.93902,0.93694,0.93705,8676,25,0
2025-01-16 12:00:00,0.93704,0.93818,0.93692,0.93786,5837,25,0
2025-01-16 14:00:00,0.93787,0.93797,0.93706,0.93756,10066,25,0
2025-01-16 16:00:00,0.93755,0.93925,0.93734,0.93913,13259,25,0
2025-01-16 18:00:00,0.93913,0.93913,0.93764,0.93773,9124,25,0
2025-01-16 20:00:00,0.93775,0.93844,0.93772,0.93827,3807,25,0
2025-01-16 22:00:00,0.93828,0.93841,0.9374,0.93805,2614,25,0
2025-01-17 00:00:00,0.93724,0.93864,0.93724,0.9385,1618,27,0
2025-01-17 02:00:00,0.9385,0.93852,0.93786,0.93794,2983,27,0
2025-01-17 04:00:00,0.93796,0.93843,0.93795,0.93816,2124,27,0
2025-01-17 06:00:00,0.93816,0.93828,0.9378,0.93814,1967,27,0
2025-01-17 08:00:00,0.93815,0.93851,0.93758,0.93764,5168,25,0
2025-01-17 10:00:00,0.93763,0.93819,0.93653,0.93803,8772,25,0
2025-01-17 12:00:00,0.93804,0.93946,0.93797,0.93943,7102,25,0
2025-01-17 14:00:00,0.93941,0.93965,0.93884,0.9395,9913,25,0
2025-01-17 16:00:00,0.93951,0.94129,0.9385,0.94085,13977,25,0
2025-01-17 18:00:00,0.94086,0.94132,0.9402,0.94022,6132,25,0
2025-01-17 20:00:00,0.94021,0.94069,0.94003,0.94006,3368,25,0
2025-01-17 22:00:00,0.94007,0.94039,0.93895,0.93904,2631,25,0
2025-01-20 00:00:00,0.93934,0.94003,0.93876,0.94003,2760,28,0
2025-01-20 02:00:00,0.94004,0.94053,0.9399,0.94,3033,27,0
2025-01-20 04:00:00,0.94001,0.94053,0.93989,0.94052,2559,27,0
2025-01-20 06:00:00,0.94053,0.94077,0.94038,0.94044,1723,27,0
2025-01-20 08:00:00,0.94043,0.94132,0.94027,0.94107,5000,25,0
2025-01-20 10:00:00,0.94108,0.94173,0.94067,0.94167,7386,25,0
2025-01-20 12:00:00,0.94166,0.94306,0.94166,0.94289,4587,25,0
2025-01-20 14:00:00,0.94289,0.94518,0.94251,0.94496,11830,25,0
2025-01-20 16:00:00,0.94497,0.9459,0.94388,0.94448,16013,25,0
2025-01-20 18:00:00,0.94449,0.94461,0.94203,0.94305,9504,25,0
2025-01-20 20:00:00,0.94306,0.94458,0.94302,0.94444,4047,25,0
2025-01-20 22:00:00,0.94445,0.94477,0.94344,0.9435,4763,25,0
2025-01-21 00:00:00,0.94337,0.94484,0.94245,0.94413,3818,28,0
2025-01-21 02:00:00,0.94413,0.94448,0.94137,0.9418,14047,27,0
2025-01-21 04:00:00,0.94182,0.94266,0.94172,0.94217,5503,27,0
2025-01-21 06:00:00,0.94216,0.94256,0.94196,0.9422,2613,27,0
2025-01-21 08:00:00,0.94221,0.94274,0.94183,0.94232,6461,25,0
2025-01-21 10:00:00,0.9423,0.94281,0.94109,0.94265,9372,25,0
2025-01-21 12:00:00,0.94259,0.9431,0.94217,0.94297,7937,25,0
2025-01-21 14:00:00,0.94298,0.94353,0.94232,0.9435,9527,25,0
2025-01-21 16:00:00,0.94351,0.94432,0.94303,0.94383,12764,25,0
2025-01-21 18:00:00,0.94382,0.94558,0.94375,0.94538,8294,25,0
2025-01-21 20:00:00,0.94537,0.94565,0.94425,0.94439,4891,25,0
2025-01-21 22:00:00,0.9444,0.94444,0.94363,0.94422,3386,25,0
2025-01-22 00:00:00,0.94399,0.94446,0.94279,0.94339,4628,27,0
2025-01-22 02:00:00,0.9434,0.94408,0.94336,0.94372,4542,27,0
2025-01-22 04:00:00,0.94371,0.94426,0.94353,0.94406,2862,27,0
2025-01-22 06:00:00,0.94407,0.94453,0.94402,0.94433,2013,27,0
2025-01-22 08:00:00,0.94434,0.94458,0.94316,0.94376,6172,25,0
2025-01-22 10:00:00,0.94373,0.94486,0.94286,0.94458,10861,25,0
2025-01-22 12:00:00,0.94459,0.94499,0.944,0.94464,7430,25,0
2025-01-22 14:00:00,0.94465,0.94515,0.94435,0.94501,7209,25,0
2025-01-22 16:00:00,0.94501,0.94536,0.94438,0.94472,9367,25,0
2025-01-22 18:00:00,0.94471,0.94518,0.94419,0.94432,5452,25,0
2025-01-22 20:00:00,0.94433,0.94444,0.94382,0.944,4056,25,0
2025-01-22 22:00:00,0.94397,0.94418,0.94302,0.94311,3293,25,0
2025-01-23 00:00:00,0.94384,0.94384,0.94287,0.94322,1865,27,0
2025-01-23 02:00:00,0.94325,0.94335,0.94279,0.94283,4825,27,0
2025-01-23 04:00:00,0.94282,0.94331,0.94251,0.9432,5442,27,0
2025-01-23 06:00:00,0.94321,0.94343,0.94305,0.94313,14890,27,0
2025-01-23 08:00:00,0.94314,0.94338,0.94241,0.94314,10714,25,0
2025-01-23 10:00:00,0.94314,0.94472,0.94278,0.94447,9738,25,0
2025-01-23 12:00:00,0.94446,0.94457,0.94359,0.94437,7667,25,0
2025-01-23 14:00:00,0.94438,0.94504,0.9439,0.94455,11634,25,0
2025-01-23 16:00:00,0.94457,0.94534,0.94444,0.94516,11811,25,0
2025-01-23 18:00:00,0.94517,0.94573,0.94442,0.94554,13422,25,0
2025-01-23 20:00:00,0.94555,0.94565,0.94496,0.94505,4333,25,0
2025-01-23 22:00:00,0.94503,0.94527,0.94428,0.9443,3793,25,0
2025-01-24 00:00:00,0.94405,0.9452,0.94388,0.94508,2728,29,0
2025-01-24 02:00:00,0.9451,0.94532,0.94465,0.94473,3130,27,0
2025-01-24 04:00:00,0.94474,0.94599,0.94469,0.94547,6526,27,0
2025-01-24 06:00:00,0.94546,0.9465,0.9451,0.94585,3641,27,0
2025-01-24 08:00:00,0.94584,0.94678,0.94561,0.94667,9945,25,0
2025-01-24 10:00:00,0.94668,0.94921,0.94657,0.94882,12686,25,0
2025-01-24 12:00:00,0.94881,0.95015,0.94871,0.94932,7429,25,0
2025-01-24 14:00:00,0.94932,0.94998,0.94819,0.94866,8020,25,0
2025-01-24 16:00:00,0.94867,0.95164,0.94866,0.95117,11924,25,0
2025-01-24 18:00:00,0.95119,0.95136,0.95053,0.95119,5882,25,0
2025-01-24 20:00:00,0.95118,0.9512,0.95025,0.95074,3283,25,0
2025-01-24 22:00:00,0.95073,0.95095,0.95047,0.95055,2491,25,0
2025-01-27 00:00:00,0.94998,0.95013,0.94901,0.94913,2564,28,0
2025-01-27 02:00:00,0.94914,0.94949,0.94822,0.9483,4444,27,0
2025-01-27 04:00:00,0.94831,0.94917,0.94829,0.94901,3398,27,0
2025-01-27 06:00:00,0.949,0.94902,0.94833,0.94858,2297,27,0
2025-01-27 08:00:00,0.94857,0.94871,0.94787,0.9479,5286,25,0
2025-01-27 10:00:00,0.94788,0.94794,0.94526,0.94542,11688,25,0
2025-01-27 12:00:00,0.9454,0.94544,0.9426,0.94332,12427,25,0
2025-01-27 14:00:00,0.94334,0.94578,0.9433,0.94526,10606,25,0
2025-01-27 16:00:00,0.94525,0.94665,0.94499,0.94546,10673,25,0
2025-01-27 18:00:00,0.94547,0.94585,0.94447,0.94501,8355,25,0
2025-01-27 20:00:00,0.945,0.94594,0.94491,0.94564,7035,25,0
2025-01-27 22:00:00,0.94565,0.94617,0.94534,0.94535,4308,25,0
2025-01-28 00:00:00,0.94539,0.94601,0.94356,0.94388,6117,27,0
2025-01-28 02:00:00,0.94389,0.94507,0.94379,0.94433,5902,27,0
2025-01-28 04:00:00,0.94432,0.94451,0.94378,0.94412,4740,27,0
2025-01-28 06:00:00,0.94413,0.94467,0.9441,0.94461,2436,27,0
2025-01-28 08:00:00,0.9446,0.94571,0.94449,0.94564,5738,25,0
2025-01-28 10:00:00,0.94566,0.94591,0.94474,0.94508,9781,25,0
2025-01-28 12:00:00,0.94507,0.94526,0.94458,0.9447,6470,25,0
2025-01-28 14:00:00,0.94469,0.94476,0.94361,0.94439,8085,25,0
2025-01-28 16:00:00,0.94437,0.94446,0.94313,0.9441,9182,25,0
2025-01-28 18:00:00,0.9441,0.94445,0.94294,0.943,6999,25,0
2025-01-28 20:00:00,0.94299,0.94352,0.94282,0.94316,5543,25,0
2025-01-28 22:00:00,0.94316,0.94329,0.94257,0.94257,3700,25,0
2025-01-29 00:00:00,0.94238,0.943,0.94209,0.94273,1158,28,0
2025-01-29 02:00:00,0.94271,0.94307,0.94265,0.94271,2972,27,0
2025-01-29 04:00:00,0.94273,0.943,0.94268,0.94284,2360,27,0
2025-01-29 06:00:00,0.94283,0.94314,0.94279,0.943,2073,27,0
2025-01-29 08:00:00,0.94302,0.94367,0.94276,0.94311,4798,25,0
2025-01-29 10:00:00,0.94309,0.94392,0.94248,0.9428,8021,25,0
2025-01-29 12:00:00,0.94283,0.94313,0.94215,0.94292,6677,25,0
2025-01-29 14:00:00,0.94293,0.94316,0.94258,0.94312,8513,25,0
2025-01-29 16:00:00,0.94314,0.94455,0.94293,0.94435,10249,23,0
2025-01-29 18:00:00,0.94436,0.94597,0.9442,0.94492,7444,25,0
2025-01-29 20:00:00,0.94493,0.94562,0.9441,0.94484,11304,25,0
2025-01-29 22:00:00,0.94483,0.94536,0.94431,0.9444,6128,26,0
2025-01-30 00:00:00,0.9444,0.94484,0.944,0.94473,3118,27,0
2025-01-30 02:00:00,0.94475,0.945,0.94429,0.94467,5300,27,0
2025-01-30 04:00:00,0.94466,0.945,0.94454,0.94492,4047,27,0
2025-01-30 06:00:00,0.94493,0.945,0.94441,0.94451,2483,27,0
2025-01-30 08:00:00,0.9445,0.94465,0.94378,0.94462,4215,25,0
2025-01-30 10:00:00,0.94463,0.94496,0.94389,0.94446,8510,25,0
2025-01-30 12:00:00,0.94445,0.94478,0.94367,0.94409,7304,25,0
2025-01-30 14:00:00,0.94411,0.94817,0.94385,0.94778,10884,24,0
2025-01-30 16:00:00,0.94777,0.94839,0.94529,0.94627,12966,25,0
2025-01-30 18:00:00,0.94625,0.94691,0.94561,0.94653,7656,25,0
2025-01-30 20:00:00,0.94654,0.94743,0.9465,0.94736,4052,25,0
2025-01-30 22:00:00,0.94735,0.94739,0.94422,0.94431,9209,25,0
2025-01-31 00:00:00,0.94421,0.94571,0.94416,0.94558,6116,27,0
2025-01-31 02:00:00,0.94557,0.94591,0.94456,0.94503,4202,27,0
2025-01-31 04:00:00,0.94505,0.94539,0.94487,0.94515,2470,27,0
2025-01-31 06:00:00,0.94516,0.94551,0.94495,0.94536,2310,27,0
2025-01-31 08:00:00,0.94536,0.94645,0.94536,0.94615,5120,23,0
2025-01-31 10:00:00,0.94614,0.9467,0.94461,0.94553,10424,25,0
2025-01-31 12:00:00,0.94552,0.94552,0.94471,0.9449,7205,25,0
2025-01-31 14:00:00,0.94498,0.94546,0.94447,0.9446,9135,25,0
2025-01-31 16:00:00,0.94458,0.94478,0.94261,0.944,11904,25,0
2025-01-31 18:00:00,0.94401,0.94647,0.94394,0.94599,11104,25,0
2025-01-31 20:00:00,0.94598,0.94613,0.94375,0.94466,11609,26,0
2025-01-31 22:00:00,0.94463,0.9451,0.94308,0.94357,9459,25,0
2025-02-03 00:00:00,0.9371,0.93839,0.93598,0.93764,9011,29,0
2025-02-03 02:00:00,0.93764,0.93913,0.93594,0.93752,12634,27,0
2025-02-03 04:00:00,0.93751,0.93778,0.93621,0.93715,6573,27,0
2025-02-03 06:00:00,0.93714,0.9383,0.9369,0.93806,5990,27,0
2025-02-03 08:00:00,0.93808,0.93972,0.93791,0.93918,8684,25,0
2025-02-03 10:00:00,0.93921,0.94006,0.93823,0.93823,11306,25,0
2025-02-03 12:00:00,0.93823,0.9398,0.93821,0.93916,8067,25,0
2025-02-03 14:00:00,0.93917,0.94004,0.93796,0.93893,12152,25,0
2025-02-03 16:00:00,0.93892,0.94121,0.93662,0.94031,19926,25,0
2025-02-03 18:00:00,0.94032,0.9409,0.9386,0.93924,15168,25,0
2025-02-03 20:00:00,0.9392,0.93997,0.9386,0.9387,6967,27,0
2025-02-03 22:00:00,0.93873,0.94183,0.93859,0.94121,7576,25,0
2025-02-04 00:00:00,0.94106,0.94181,0.93977,0.94132,4118,27,0
2025-02-04 02:00:00,0.9413,0.94145,0.94049,0.941,4857,27,0
2025-02-04 04:00:00,0.94097,0.94105,0.94016,0.94021,3847,27,0
2025-02-04 06:00:00,0.9402,0.94053,0.93748,0.93935,7641,27,0
2025-02-04 08:00:00,0.93934,0.94041,0.93908,0.94013,7121,25,0
2025-02-04 10:00:00,0.94011,0.94072,0.93919,0.94033,8783,25,0
2025-02-04 12:00:00,0.94034,0.94049,0.93822,0.93892,6193,25,0
2025-02-04 14:00:00,0.93895,0.93955,0.93862,0.93949,7628,25,0
2025-02-04 16:00:00,0.9395,0.94056,0.93895,0.94013,12915,24,0
2025-02-04 18:00:00,0.94013,0.94022,0.93897,0.93945,8036,25,0
2025-02-04 20:00:00,0.93942,0.93962,0.939,0.93933,4991,25,0
2025-02-04 22:00:00,0.93934,0.93975,0.939,0.93911,3441,25,0
2025-02-05 00:00:00,0.93921,0.93947,0.93875,0.93899,3059,27,0
2025-02-05 02:00:00,0.93898,0.93979,0.93893,0.93957,5845,27,0
2025-02-05 04:00:00,0.93956,0.93972,0.93908,0.93908,4380,27,0
2025-02-05 06:00:00,0.93909,0.93972,0.93904,0.93967,3440,27,0
2025-02-05 08:00:00,0.93968,0.94015,0.9391,0.94006,6990,25,0
2025-02-05 10:00:00,0.94005,0.94055,0.93861,0.93886,9263,25,0
2025-02-05 12:00:00,0.93885,0.9397,0.93872,0.93959,6883,25,0
2025-02-05 14:00:00,0.9396,0.94004,0.93905,0.93964,8143,25,0
2025-02-05 16:00:00,0.93965,0.94018,0.93821,0.93842,12399,23,0
2025-02-05 18:00:00,0.93841,0.93865,0.93802,0.93837,6816,25,0
2025-02-05 20:00:00,0.93837,0.93837,0.93736,0.93754,4428,25,0
2025-02-05 22:00:00,0.93755,0.93789,0.93735,0.93773,3343,25,0
2025-02-06 00:00:00,0.93744,0.93783,0.93691,0.93728,2517,27,0
2025-02-06 02:00:00,0.93727,0.93757,0.937,0.93716,5118,27,0
2025-02-06 04:00:00,0.93715,0.93785,0.93695,0.93767,3802,27,0
2025-02-06 06:00:00,0.93768,0.93789,0.93754,0.9377,3250,27,0
2025-02-06 08:00:00,0.93769,0.93824,0.93739,0.93768,5241,25,0
2025-02-06 10:00:00,0.93769,0.93802,0.93661,0.93775,7709,25,0
2025-02-06 12:00:00,0.93775,0.9383,0.93732,0.93762,6012,25,0
2025-02-06 14:00:00,0.9376,0.93845,0.93724,0.93775,10151,25,0
2025-02-06 16:00:00,0.93774,0.9394,0.93774,0.93844,10624,25,0
2025-02-06 18:00:00,0.93845,0.93938,0.93836,0.93902,5629,25,0
2025-02-06 20:00:00,0.93904,0.93996,0.93883,0.93984,5515,25,0
2025-02-06 22:00:00,0.93986,0.94021,0.93924,0.93938,2731,25,0
2025-02-07 00:00:00,0.93862,0.94003,0.93862,0.93991,2317,27,0
2025-02-07 02:00:00,0.93991,0.94036,0.9394,0.94025,5003,27,0
2025-02-07 04:00:00,0.94025,0.94091,0.94025,0.94052,3809,27,0
2025-02-07 06:00:00,0.94053,0.94066,0.94008,0.94009,3254,27,0
2025-02-07 08:00:00,0.9401,0.9416,0.93997,0.94141,4535,25,0
2025-02-07 10:00:00,0.94142,0.94198,0.94114,0.94126,5956,25,0
2025-02-07 12:00:00,0.94127,0.94169,0.94101,0.94139,4849,25,0
2025-02-07 14:00:00,0.94138,0.94261,0.94054,0.9421,10982,25,0
2025-02-07 16:00:00,0.94211,0.94283,0.93967,0.94139,14545,25,0
2025-02-07 18:00:00,0.9414,0.94172,0.93809,0.93951,16634,25,0
2025-02-07 20:00:00,0.93952,0.94009,0.9388,0.93928,4732,25,0
2025-02-07 22:00:00,0.93927,0.93982,0.93907,0.93941,3708,25,0
2025-02-10 00:00:00,0.93591,0.93914,0.93558,0.93904,4724,27,0
2025-02-10 02:00:00,0.93902,0.9396,0.93891,0.93928,5447,27,0
2025-02-10 04:00:00,0.93927,0.93964,0.93915,0.93962,3655,27,0
2025-02-10 06:00:00,0.93961,0.94006,0.93953,0.93971,2999,27,0
2025-02-10 08:00:00,0.93972,0.9404,0.93884,0.93922,5791,25,0
2025-02-10 10:00:00,0.93923,0.94025,0.93884,0.93986,7810,25,0
2025-02-10 12:00:00,0.93985,0.94008,0.93927,0.93935,5272,25,0
2025-02-10 14:00:00,0.93936,0.93985,0.93905,0.93911,6830,25,0
2025-02-10 16:00:00,0.93912,0.9392,0.93799,0.93886,8289,25,0
2025-02-10 18:00:00,0.93887,0.93968,0.93874,0.93958,5121,25,0
2025-02-10 20:00:00,0.93957,0.93984,0.93902,0.93931,3207,25,0
2025-02-10 22:00:00,0.93928,0.93937,0.93896,0.93904,2075,25,0
2025-02-11 00:00:00,0.93903,0.93908,0.93825,0.93868,3057,27,0
2025-02-11 02:00:00,0.93867,0.93902,0.93859,0.93865,3578,27,0
2025-02-11 04:00:00,0.93866,0.93881,0.93822,0.93863,3635,27,0
2025-02-11 06:00:00,0.93863,0.93935,0.9386,0.93934,2713,27,0
2025-02-11 08:00:00,0.93935,0.93966,0.93898,0.93934,4695,25,0
2025-02-11 10:00:00,0.93935,0.94099,0.93903,0.94065,6500,25,0
2025-02-11 12:00:00,0.94065,0.94229,0.94056,0.94224,4536,25,0
2025-02-11 14:00:00,0.94225,0.94298,0.94202,0.94268,6382,25,0
2025-02-11 16:00:00,0.94269,0.94473,0.94253,0.94416,8633,25,0
2025-02-11 18:00:00,0.94414,0.94485,0.94393,0.94454,5902,25,0
2025-02-11 20:00:00,0.94453,0.94696,0.94452,0.94581,5007,25,0
2025-02-11 22:00:00,0.9458,0.94656,0.94571,0.94602,3256,26,0
2025-02-12 00:00:00,0.94579,0.94635,0.94512,0.94611,2142,27,0
2025-02-12 02:00:00,0.9461,0.94624,0.94539,0.94572,4356,27,0
2025-02-12 04:00:00,0.94572,0.94636,0.9456,0.94629,3804,27,0
2025-02-12 06:00:00,0.9463,0.94638,0.94564,0.94567,3222,27,0
2025-02-12 08:00:00,0.94568,0.9466,0.94531,0.9464,4957,25,0
2025-02-12 10:00:00,0.94642,0.94653,0.94407,0.9444,6650,25,0
2025-02-12 12:00:00,0.94442,0.94573,0.94435,0.94498,5532,25,0
2025-02-12 14:00:00,0.94498,0.94569,0.94336,0.94481,11539,25,0
2025-02-12 16:00:00,0.94478,0.94773,0.94451,0.94744,14362,24,0
2025-02-12 18:00:00,0.94745,0.95049,0.9461,0.95046,12053,25,0
2025-02-12 20:00:00,0.95047,0.95063,0.94838,0.94889,6687,25,0
2025-02-12 22:00:00,0.94888,0.94911,0.94823,0.9483,3551,25,0
2025-02-13 00:00:00,0.94831,0.94918,0.94746,0.94918,2941,27,0
2025-02-13 02:00:00,0.94918,0.94969,0.949,0.94951,4716,27,0
2025-02-13 04:00:00,0.9495,0.95014,0.94926,0.95011,4704,27,0
2025-02-13 06:00:00,0.9501,0.95116,0.95009,0.95086,5393,27,0
2025-02-13 08:00:00,0.95087,0.95123,0.94725,0.94778,7906,27,0
2025-02-13 10:00:00,0.94779,0.94789,0.94472,0.94618,9532,25,0
2025-02-13 12:00:00,0.94619,0.94648,0.94325,0.94406,7600,25,0
2025-02-13 14:00:00,0.94408,0.94417,0.94189,0.94307,12488,25,0
2025-02-13 16:00:00,0.94307,0.94603,0.94265,0.94426,14586,25,0
2025-02-13 18:00:00,0.94427,0.94471,0.94263,0.94269,7389,25,0
2025-02-13 20:00:00,0.94268,0.9436,0.93997,0.94322,11607,25,0
2025-02-13 22:00:00,0.94327,0.94496,0.94318,0.9447,4146,26,0
2025-02-14 00:00:00,0.94439,0.94542,0.94415,0.94484,4452,27,0
2025-02-14 02:00:00,0.94486,0.94492,0.94395,0.94439,5382,27,0
2025-02-14 04:00:00,0.9444,0.94547,0.94433,0.94536,4297,27,0
2025-02-14 06:00:00,0.94536,0.94573,0.94483,0.9452,3919,27,0
2025-02-14 08:00:00,0.9452,0.94681,0.94512,0.94662,6198,25,0
2025-02-14 10:00:00,0.94666,0.94713,0.94462,0.94514,8832,25,0
2025-02-14 12:00:00,0.94513,0.94528,0.94331,0.94347,5814,25,0
2025-02-14 14:00:00,0.94347,0.94456,0.9424,0.9427,10406,25,0
2025-02-14 16:00:00,0.94267,0.94373,0.94259,0.94342,11275,25,0
2025-02-14 18:00:00,0.94345,0.94378,0.94264,0.94347,6221,25,0
2025-02-14 20:00:00,0.94347,0.94381,0.94323,0.94331,3444,25,0
2025-02-14 22:00:00,0.94332,0.94401,0.94329,0.94352,4464,25,0
2025-02-17 00:00:00,0.94114,0.94409,0.94094,0.94377,5118,27,0
2025-02-17 02:00:00,0.94378,0.94469,0.94357,0.94459,4751,27,0
2025-02-17 04:00:00,0.94461,0.9449,0.94427,0.94474,4728,27,0
2025-02-17 06:00:00,0.94475,0.94478,0.94373,0.94429,4752,27,0
2025-02-17 08:00:00,0.94429,0.94464,0.94319,0.94327,5612,25,0
2025-02-17 10:00:00,0.94326,0.94357,0.9425,0.9429,6865,25,0
2025-02-17 12:00:00,0.94289,0.94485,0.94288,0.94432,5060,25,0
2025-02-17 14:00:00,0.94431,0.94455,0.94321,0.94355,5075,25,0
2025-02-17 16:00:00,0.94356,0.94423,0.94349,0.94411,4559,25,0
2025-02-17 18:00:00,0.94412,0.94423,0.94364,0.94397,2651,25,0
2025-02-17 20:00:00,0.94396,0.94432,0.94383,0.94417,1414,25,0
2025-02-17 22:00:00,0.94416,0.94431,0.94375,0.94375,1524,25,0
2025-02-18 00:00:00,0.94351,0.94436,0.94344,0.94434,2408,27,0
2025-02-18 02:00:00,0.94432,0.9445,0.94362,0.94373,4378,27,0
2025-02-18 04:00:00,0.94373,0.94411,0.94361,0.94392,3948,27,0
2025-02-18 06:00:00,0.9439,0.94425,0.94358,0.94415,3675,27,0
2025-02-18 08:00:00,0.94414,0.94418,0.9429,0.94314,5057,25,0
2025-02-18 10:00:00,0.94313,0.94344,0.94137,0.94206,6563,25,0
2025-02-18 12:00:00,0.94205,0.94342,0.94194,0.94326,4497,25,0
2025-02-18 14:00:00,0.94327,0.94349,0.94163,0.9418,6706,25,0
2025-02-18 16:00:00,0.9418,0.94358,0.94167,0.94351,8389,25,0
2025-02-18 18:00:00,0.94352,0.94362,0.94293,0.9435,5309,25,0
2025-02-18 20:00:00,0.94351,0.94395,0.94289,0.94366,3293,25,0
2025-02-18 22:00:00,0.94364,0.94394,0.94332,0.94332,2298,25,0
2025-02-19 00:00:00,0.94245,0.94444,0.94245,0.94402,4530,27,0
2025-02-19 02:00:00,0.94399,0.94455,0.94377,0.94407,4313,27,0
2025-02-19 04:00:00,0.94407,0.94431,0.94377,0.94397,3628,27,0
2025-02-19 06:00:00,0.94398,0.94406,0.94371,0.94399,2961,27,0
2025-02-19 08:00:00,0.94398,0.94459,0.94365,0.94444,4530,25,0
2025-02-19 10:00:00,0.94445,0.94537,0.94311,0.94315,5820,25,0
2025-02-19 12:00:00,0.94313,0.94354,0.94184,0.94229,6688,25,0
2025-02-19 14:00:00,0.94231,0.94353,0.94202,0.94261,7252,25,0
2025-02-19 16:00:00,0.9426,0.94264,0.94117,0.94191,9129,25,0
2025-02-19 18:00:00,0.94191,0.94224,0.94151,0.94182,6184,25,0
2025-02-19 20:00:00,0.94183,0.94225,0.9416,0.94216,4435,25,0
2025-02-19 22:00:00,0.94213,0.94286,0.94193,0.94214,2567,25,0
2025-02-20 00:00:00,0.94192,0.94266,0.94143,0.94254,1695,27,0
2025-02-20 02:00:00,0.94255,0.94267,0.94155,0.94162,5075,27,0
2025-02-20 04:00:00,0.94163,0.94214,0.94146,0.94178,5149,27,0
2025-02-20 06:00:00,0.94179,0.94182,0.94107,0.94109,3716,27,0
2025-02-20 08:00:00,0.9411,0.9416,0.94072,0.94146,5086,25,0
2025-02-20 10:00:00,0.94145,0.942,0.94103,0.94137,5788,25,0
2025-02-20 12:00:00,0.94136,0.94215,0.94117,0.94179,4659,25,0
2025-02-20 14:00:00,0.94179,0.94241,0.94142,0.94234,6843,25,0
2025-02-20 16:00:00,0.94232,0.94337,0.94138,0.9422,10001,25,0
2025-02-20 18:00:00,0.94222,0.94245,0.94166,0.94216,5976,25,0
2025-02-20 20:00:00,0.94215,0.94269,0.94189,0.94254,3911,25,0
2025-02-20 22:00:00,0.94257,0.94284,0.9424,0.9424,2750,25,0
2025-02-21 00:00:00,0.94232,0.94305,0.94195,0.94305,2895,27,0
2025-02-21 02:00:00,0.94304,0.94306,0.94249,0.9429,5826,27,0
2025-02-21 04:00:00,0.94289,0.94336,0.9428,0.94315,4594,27,0
2025-02-21 06:00:00,0.94314,0.94318,0.94263,0.94296,3705,27,0
2025-02-21 08:00:00,0.94297,0.94339,0.9421,0.94218,5410,25,0
2025-02-21 10:00:00,0.94217,0.94258,0.93993,0.94099,8727,25,0
2025-02-21 12:00:00,0.94097,0.94116,0.9404,0.94073,4596,25,0
2025-02-21 14:00:00,0.94078,0.94246,0.94067,0.9422,6233,25,0
2025-02-21 16:00:00,0.94222,0.94265,0.94014,0.94034,10549,25,0
2025-02-21 18:00:00,0.94035,0.94063,0.93887,0.93901,5686,25,0
2025-02-21 20:00:00,0.939,0.93913,0.9379,0.93861,6506,25,0
2025-02-21 22:00:00,0.93858,0.9391,0.93823,0.9385,3791,25,0
2025-02-24 00:00:00,0.93966,0.94124,0.93853,0.94096,6326,27,0
2025-02-24 02:00:00,0.94098,0.94262,0.94048,0.94217,6802,27,0
2025-02-24 04:00:00,0.94217,0.94267,0.94184,0.942,5468,27,0
2025-02-24 06:00:00,0.94201,0.94244,0.94182,0.94235,3854,27,0
2025-02-24 08:00:00,0.94235,0.94246,0.94,0.94104,7095,25,0
2025-02-24 10:00:00,0.94103,0.94158,0.93986,0.94149,8877,25,0
2025-02-24 12:00:00,0.9415,0.94191,0.94108,0.94164,5758,25,0
2025-02-24 14:00:00,0.94163,0.9417,0.94046,0.9405,5909,25,0
2025-02-24 16:00:00,0.94049,0.94057,0.93795,0.93883,9612,25,0
2025-02-24 18:00:00,0.93884,0.93992,0.93865,0.93919,6509,25,0
2025-02-24 20:00:00,0.93918,0.93956,0.9387,0.93908,4391,25,0
2025-02-24 22:00:00,0.93907,0.93938,0.93839,0.93853,4468,25,0
2025-02-25 00:00:00,0.93812,0.93917,0.93812,0.93863,2577,27,0
2025-02-25 02:00:00,0.93862,0.93917,0.93855,0.93907,4199,27,0
2025-02-25 04:00:00,0.93908,0.93962,0.93907,0.93946,3793,27,0
2025-02-25 06:00:00,0.93946,0.93985,0.93928,0.93973,3254,27,0
2025-02-25 08:00:00,0.93972,0.93985,0.93816,0.93819,6094,25,0
2025-02-25 10:00:00,0.9382,0.93983,0.93778,0.93853,8069,25,0
2025-02-25 12:00:00,0.93853,0.93905,0.93801,0.93878,5709,25,0
2025-02-25 14:00:00,0.9388,0.93899,0.9376,0.9383,7947,25,0
2025-02-25 16:00:00,0.93829,0.93865,0.93696,0.93788,10929,25,0
2025-02-25 18:00:00,0.93789,0.9379,0.93652,0.93719,7644,25,0
2025-02-25 20:00:00,0.9372,0.93846,0.93687,0.93798,5205,25,0
2025-02-25 22:00:00,0.93799,0.93882,0.93785,0.93852,3854,25,0
2025-02-26 00:00:00,0.93814,0.93907,0.93755,0.93872,2502,27,0
2025-02-26 02:00:00,0.93873,0.93874,0.93805,0.93851,4642,27,0
2025-02-26 04:00:00,0.9385,0.93874,0.93813,0.9385,4271,27,0
2025-02-26 06:00:00,0.93847,0.93862,0.93827,0.93848,3553,27,0
2025-02-26 08:00:00,0.93848,0.93921,0.93827,0.93842,5330,25,0
2025-02-26 10:00:00,0.9384,0.93966,0.93807,0.93903,7020,25,0
2025-02-26 12:00:00,0.93902,0.93992,0.93874,0.9397,5191,25,0
2025-02-26 14:00:00,0.93971,0.93972,0.93781,0.93806,5951,25,0
2025-02-26 16:00:00,0.93807,0.93977,0.93735,0.93874,10642,25,0
2025-02-26 18:00:00,0.93878,0.93955,0.93752,0.93808,10334,25,0
2025-02-26 20:00:00,0.93809,0.93826,0.93688,0.93757,7204,25,0
2025-02-26 22:00:00,0.93756,0.93785,0.93707,0.93778,4296,25,0
2025-02-27 00:00:00,0.93781,0.93801,0.93708,0.93798,1804,27,0
2025-02-27 02:00:00,0.93798,0.9381,0.9374,0.93781,4571,27,0
2025-02-27 04:00:00,0.93781,0.93854,0.93759,0.93821,3664,27,0
2025-02-27 06:00:00,0.93822,0.93863,0.93809,0.93862,3379,27,0
2025-02-27 08:00:00,0.9386,0.93931,0.93786,0.9389,4753,25,0
2025-02-27 10:00:00,0.9389,0.94107,0.93867,0.94087,6505,25,0
2025-02-27 12:00:00,0.94086,0.94143,0.94049,0.94138,5428,25,0
2025-02-27 14:00:00,0.94137,0.94148,0.93776,0.93797,10892,25,0
2025-02-27 16:00:00,0.93796,0.93906,0.93518,0.93638,14686,25,0
2025-02-27 18:00:00,0.93639,0.9364,0.93492,0.9358,8413,25,0
2025-02-27 20:00:00,0.93583,0.93685,0.93554,0.93587,5633,25,0
2025-02-27 22:00:00,0.93589,0.93607,0.93514,0.93526,4317,25,0
2025-02-28 00:00:00,0.93525,0.93556,0.93465,0.93541,2072,27,0
2025-02-28 02:00:00,0.93541,0.93544,0.93337,0.93337,4405,27,0
2025-02-28 04:00:00,0.93338,0.93405,0.93311,0.93375,3974,27,0
2025-02-28 06:00:00,0.93376,0.93425,0.93361,0.93412,2704,27,0
2025-02-28 08:00:00,0.93413,0.93754,0.93386,0.93722,5928,25,0
2025-02-28 10:00:00,0.93721,0.93792,0.93663,0.9374,7790,25,0
2025-02-28 12:00:00,0.93738,0.9389,0.93731,0.93858,5437,25,0
2025-02-28 14:00:00,0.93857,0.93946,0.93752,0.93862,7986,25,0
2025-02-28 16:00:00,0.93864,0.94028,0.93797,0.93822,12166,25,0
2025-02-28 18:00:00,0.93823,0.93886,0.93689,0.93756,10860,25,0
2025-02-28 20:00:00,0.93756,0.93784,0.93518,0.93657,9756,25,0
2025-02-28 22:00:00,0.93656,0.93705,0.93586,0.93686,5642,25,0
2025-03-03 00:00:00,0.93844,0.94052,0.93825,0.93973,3621,27,0
2025-03-03 02:00:00,0.93973,0.94035,0.93883,0.93978,5991,27,0
2025-03-03 04:00:00,0.93978,0.93985,0.9387,0.93922,3757,27,0
2025-03-03 06:00:00,0.93921,0.93949,0.93906,0.9393,2012,27,0
2025-03-03 08:00:00,0.93928,0.93947,0.9379,0.93808,5444,25,0
2025-03-03 10:00:00,0.93809,0.93946,0.93646,0.9391,7717,25,0
2025-03-03 12:00:00,0.93913,0.94231,0.93913,0.94226,8676,25,0
2025-03-03 14:00:00,0.94227,0.94342,0.94179,0.94219,8524,25,0
2025-03-03 16:00:00,0.94218,0.94235,0.94113,0.94176,12382,25,0
2025-03-03 18:00:00,0.94175,0.94255,0.94046,0.94068,7622,25,0
2025-03-03 20:00:00,0.94068,0.94131,0.93979,0.9398,7829,25,0
2025-03-03 22:00:00,0.93977,0.94051,0.93836,0.93996,9218,25,0
2025-03-04 00:00:00,0.93982,0.9408,0.93948,0.94028,3099,27,0
2025-03-04 02:00:00,0.94027,0.94049,0.93849,0.93946,6911,27,0
2025-03-04 04:00:00,0.93945,0.93985,0.93875,0.93926,4387,27,0
2025-03-04 06:00:00,0.93927,0.9393,0.93815,0.93915,4972,27,0
2025-03-04 08:00:00,0.93916,0.93986,0.93783,0.93915,7524,25,0
2025-03-04 10:00:00,0.93913,0.93938,0.93678,0.937,12422,25,0
2025-03-04 12:00:00,0.93701,0.93819,0.93618,0.93795,9218,25,0
2025-03-04 14:00:00,0.93796,0.93804,0.93612,0.93684,11932,25,0
2025-03-04 16:00:00,0.93685,0.93809,0.93444,0.93713,17376,25,0
2025-03-04 18:00:00,0.93714,0.93823,0.9361,0.93791,12699,25,0
2025-03-04 20:00:00,0.93792,0.94246,0.93771,0.94235,10969,25,0
2025-03-04 22:00:00,0.94231,0.94512,0.94219,0.94499,9094,25,0
2025-03-05 00:00:00,0.94416,0.94665,0.94365,0.94527,3615,27,0
2025-03-05 02:00:00,0.94526,0.94615,0.9444,0.94534,7658,27,0
2025-03-05 04:00:00,0.94532,0.94607,0.94459,0.94578,6192,27,0
2025-03-05 06:00:00,0.94577,0.94606,0.94505,0.94556,3668,27,0
2025-03-05 08:00:00,0.94555,0.94771,0.94488,0.94747,9812,24,0
2025-03-05 10:00:00,0.94743,0.94999,0.94643,0.94867,13785,25,0
2025-03-05 12:00:00,0.94868,0.94976,0.94712,0.94936,9397,25,0
2025-03-05 14:00:00,0.94941,0.95186,0.94935,0.95161,14073,25,0
2025-03-05 16:00:00,0.95162,0.95773,0.95134,0.95635,20425,23,0
2025-03-05 18:00:00,0.95634,0.9611,0.95549,0.96056,14915,25,0
2025-03-05 20:00:00,0.96057,0.96076,0.9585,0.96063,9786,25,0
2025-03-05 22:00:00,0.96062,0.96219,0.96048,0.96066,5022,25,0
2025-03-06 00:00:00,0.96091,0.96142,0.96039,0.96138,2668,27,0
2025-03-06 02:00:00,0.96137,0.96291,0.96118,0.96278,6163,27,0
2025-03-06 04:00:00,0.96277,0.96347,0.96229,0.9627,5974,27,0
2025-03-06 06:00:00,0.96269,0.96327,0.96222,0.9628,4632,27,0
2025-03-06 08:00:00,0.96278,0.96313,0.95993,0.96002,11353,25,0
2025-03-06 10:00:00,0.96,0.96123,0.95663,0.95676,16346,25,0
2025-03-06 12:00:00,0.95677,0.95835,0.95568,0.95594,10472,23,0
2025-03-06 14:00:00,0.95595,0.96002,0.95565,0.95778,13620,25,0
2025-03-06 16:00:00,0.9578,0.95972,0.9558,0.95831,22055,25,0
2025-03-06 18:00:00,0.95833,0.95889,0.95371,0.95487,16240,25,0
2025-03-06 20:00:00,0.95486,0.95491,0.95135,0.95328,10397,25,0
2025-03-06 22:00:00,0.95326,0.95365,0.95228,0.95277,6126,25,0
2025-03-07 00:00:00,0.95275,0.95341,0.95191,0.95279,2919,27,0
2025-03-07 02:00:00,0.95278,0.95295,0.95158,0.95236,5318,27,0
2025-03-07 04:00:00,0.95234,0.95332,0.95213,0.95317,4262,27,0
2025-03-07 06:00:00,0.95316,0.95392,0.95294,0.95295,3402,27,0
2025-03-07 08:00:00,0.95294,0.95408,0.95247,0.95339,8170,25,0
2025-03-07 10:00:00,0.95342,0.9545,0.95197,0.95414,11979,25,0
2025-03-07 12:00:00,0.95414,0.95453,0.95315,0.95408,9568,25,0
2025-03-07 14:00:00,0.95409,0.95728,0.95337,0.95337,14984,25,0
2025-03-07 16:00:00,0.95336,0.95731,0.95187,0.9552,21304,25,0
2025-03-07 18:00:00,0.95518,0.95543,0.95137,0.95306,16053,25,0
2025-03-07 20:00:00,0.95307,0.9546,0.95302,0.95403,11168,25,0
2025-03-07 22:00:00,0.95402,0.95462,0.95265,0.95285,6435,25,0
2025-03-10 00:00:00,0.95277,0.95393,0.95188,0.95266,5464,27,0
2025-03-10 02:00:00,0.95265,0.95306,0.952,0.95294,6700,27,0
2025-03-10 04:00:00,0.95293,0.95308,0.95162,0.95169,4181,27,0
2025-03-10 06:00:00,0.95167,0.95203,0.95147,0.95153,2996,27,0
2025-03-10 08:00:00,0.95154,0.95266,0.9512,0.95207,8158,25,0
2025-03-10 10:00:00,0.95208,0.95258,0.94894,0.95168,12794,25,0
2025-03-10 12:00:00,0.95168,0.95309,0.94917,0.95119,11961,25,0
2025-03-10 14:00:00,0.9512,0.95232,0.95038,0.95189,11490,25,0
2025-03-10 16:00:00,0.95188,0.95506,0.95117,0.95488,14479,25,0
2025-03-10 18:00:00,0.95487,0.95554,0.95394,0.95435,10075,25,0
2025-03-10 20:00:00,0.95434,0.95482,0.95299,0.95461,8812,25,0
2025-03-10 22:00:00,0.9546,0.95477,0.95316,0.95387,2263,25,0
2025-03-11 00:00:00,0.95388,0.95452,0.95369,0.95375,3274,27,0
2025-03-11 02:00:00,0.95375,0.95397,0.95184,0.95263,7605,27,0
2025-03-11 04:00:00,0.95265,0.95453,0.95249,0.9542,5897,27,0
2025-03-11 06:00:00,0.95419,0.9545,0.95343,0.95359,3970,27,0
2025-03-11 08:00:00,0.9536,0.9576,0.95341,0.95697,11512,25,0
2025-03-11 10:00:00,0.95695,0.96174,0.95676,0.9611,12885,25,0
2025-03-11 12:00:00,0.96109,0.96157,0.95953,0.96156,8888,25,0
2025-03-11 14:00:00,0.96155,0.96201,0.96037,0.96086,13799,25,0
2025-03-11 16:00:00,0.96079,0.96168,0.95784,0.96149,21560,25,0
2025-03-11 18:00:00,0.96146,0.96284,0.96078,0.96219,11319,25,0
2025-03-11 20:00:00,0.96217,0.96483,0.96212,0.96315,12843,25,0
2025-03-11 22:00:00,0.96315,0.96386,0.96265,0.96306,2120,25,0
2025-03-12 00:00:00,0.9627,0.96428,0.9627,0.964,2013,27,0
2025-03-12 02:00:00,0.96401,0.96429,0.96318,0.96333,4165,27,0
2025-03-12 04:00:00,0.96332,0.96349,0.96265,0.96291,3954,27,0
2025-03-12 06:00:00,0.9629,0.9633,0.96285,0.96317,3033,27,0
2025-03-12 08:00:00,0.96316,0.96323,0.96077,0.96222,7652,25,0
2025-03-12 10:00:00,0.96225,0.96487,0.96092,0.96429,12679,25,0
2025-03-12 12:00:00,0.96428,0.96457,0.96159,0.96194,8185,25,0
2025-03-12 14:00:00,0.96193,0.96295,0.96047,0.96126,18061,25,0
2025-03-12 16:00:00,0.96125,0.96456,0.96105,0.96422,14382,25,0
2025-03-12 18:00:00,0.96421,0.96434,0.9617,0.96187,8487,25,0
2025-03-12 20:00:00,0.96188,0.9622,0.95984,0.96039,6750,25,0
2025-03-12 22:00:00,0.96038,0.9605,0.95935,0.95964,1789,26,0
2025-03-13 00:00:00,0.95964,0.9599,0.95958,0.95975,1599,27,0
2025-03-13 02:00:00,0.95976,0.9599,0.95932,0.95978,3039,27,0
2025-03-13 04:00:00,0.95977,0.96028,0.95929,0.95949,2659,27,0
2025-03-13 06:00:00,0.95951,0.9601,0.95888,0.95945,3105,27,0
2025-03-13 08:00:00,0.95946,0.96027,0.95715,0.9577,8966,25,0
2025-03-13 10:00:00,0.95773,0.95986,0.95742,0.95958,11457,25,0
2025-03-13 12:00:00,0.95959,0.95993,0.95735,0.95819,9520,25,0
2025-03-13 14:00:00,0.95816,0.95881,0.95626,0.9586,14328,25,0
2025-03-13 16:00:00,0.95859,0.96208,0.95849,0.96075,14239,25,0
2025-03-13 18:00:00,0.96073,0.96188,0.95921,0.95929,8869,25,0
2025-03-13 20:00:00,0.95928,0.95935,0.95786,0.95812,5977,25,0
2025-03-13 22:00:00,0.95813,0.9584,0.9566,0.95695,2771,26,0
2025-03-14 00:00:00,0.95695,0.95808,0.95663,0.95799,1662,27,0
2025-03-14 02:00:00,0.95798,0.95847,0.95771,0.95804,3885,27,0
2025-03-14 04:00:00,0.95805,0.95873,0.95792,0.95867,3307,27,0
2025-03-14 06:00:00,0.95868,0.95868,0.95813,0.95856,2590,27,0
2025-03-14 08:00:00,0.95857,0.95907,0.95751,0.95818,7083,25,0
2025-03-14 10:00:00,0.95819,0.9606,0.95761,0.95986,9545,25,0
2025-03-14 12:00:00,0.95984,0.96474,0.95979,0.96426,14096,25,0
2025-03-14 14:00:00,0.96425,0.96611,0.96271,0.9629,9855,25,0
2025-03-14 16:00:00,0.9629,0.964,0.96171,0.96252,11900,25,0
2025-03-14 18:00:00,0.96253,0.96313,0.96206,0.96293,6110,25,0
2025-03-14 20:00:00,0.96293,0.9632,0.96232,0.96305,3847,25,0
2025-03-14 22:00:00,0.96302,0.96322,0.96202,0.96223,1406,26,0
2025-03-17 00:00:00,0.96286,0.96293,0.96167,0.96182,2425,27,0
2025-03-17 02:00:00,0.9618,0.96255,0.96157,0.96222,3122,27,0
2025-03-17 04:00:00,0.9622,0.96232,0.96155,0.96219,2131,27,0
2025-03-17 06:00:00,0.9622,0.96295,0.96165,0.96183,2387,27,0
2025-03-17 08:00:00,0.96184,0.96223,0.96096,0.96125,5211,25,0
2025-03-17 10:00:00,0.96122,0.96216,0.96064,0.96197,8590,25,0
2025-03-17 12:00:00,0.96196,0.9631,0.96166,0.9621,5313,25,0
2025-03-17 14:00:00,0.96209,0.96235,0.96064,0.96155,10027,25,0
2025-03-17 16:00:00,0.96152,0.96251,0.96098,0.96228,9574,25,0
2025-03-17 18:00:00,0.96229,0.9623,0.96089,0.96108,6419,25,0
2025-03-17 20:00:00,0.96108,0.96199,0.961,0.96133,4583,25,0
2025-03-17 22:00:00,0.96132,0.96223,0.96116,0.96135,2108,26,0
2025-03-18 00:00:00,0.96136,0.96236,0.96124,0.96213,1452,27,0
2025-03-18 02:00:00,0.96214,0.96218,0.96168,0.96186,2686,27,0
2025-03-18 04:00:00,0.96189,0.96198,0.96089,0.96107,1908,27,0
2025-03-18 06:00:00,0.96107,0.96147,0.96091,0.96116,1706,27,0
2025-03-18 08:00:00,0.96115,0.96336,0.96106,0.96319,5124,25,0
2025-03-18 10:00:00,0.96317,0.9636,0.96227,0.96301,7979,25,0
2025-03-18 12:00:00,0.96298,0.96314,0.96028,0.96029,6617,25,0
2025-03-18 14:00:00,0.96045,0.96077,0.95902,0.95935,8799,25,0
2025-03-18 16:00:00,0.95936,0.95984,0.95761,0.95848,10560,25,0
2025-03-18 18:00:00,0.95846,0.95945,0.95832,0.95935,8114,25,0
2025-03-18 20:00:00,0.95936,0.95963,0.95878,0.95933,4914,25,0
2025-03-18 22:00:00,0.95932,0.95968,0.9588,0.95909,2147,25,0
2025-03-19 00:00:00,0.95914,0.95947,0.95877,0.95897,1562,27,0
2025-03-19 02:00:00,0.95896,0.95959,0.9588,0.95934,2625,27,0
2025-03-19 04:00:00,0.95935,0.95971,0.959,0.95911,2191,27,0
2025-03-19 06:00:00,0.9591,0.95936,0.95859,0.95863,2810,27,0
2025-03-19 08:00:00,0.95864,0.95883,0.95401,0.95548,8020,23,0
2025-03-19 10:00:00,0.95546,0.95784,0.95545,0.95753,7719,25,0
2025-03-19 12:00:00,0.95755,0.95912,0.95662,0.95856,6065,25,0
2025-03-19 14:00:00,0.95855,0.95912,0.95773,0.95862,8404,25,0
2025-03-19 16:00:00,0.95863,0.95928,0.95697,0.95704,7386,25,0
2025-03-19 18:00:00,0.95709,0.95769,0.95619,0.95621,6276,25,0
2025-03-19 20:00:00,0.95626,0.95786,0.95626,0.95677,14358,25,0
2025-03-19 22:00:00,0.95678,0.95697,0.95602,0.95648,2419,25,0
2025-03-20 00:00:00,0.95652,0.95679,0.95608,0.95628,3033,27,0
2025-03-20 02:00:00,0.95629,0.95633,0.95561,0.95573,5115,27,0
2025-03-20 04:00:00,0.95574,0.95627,0.95528,0.95564,5298,27,0
2025-03-20 06:00:00,0.95563,0.95608,0.95463,0.95484,4056,25,0
2025-03-20 08:00:00,0.95485,0.95523,0.9531,0.95435,6471,25,0
2025-03-20 10:00:00,0.95438,0.95814,0.95288,0.95713,13213,25,0
2025-03-20 12:00:00,0.95712,0.95712,0.95402,0.95694,10072,25,0
2025-03-20 14:00:00,0.95696,0.95784,0.95521,0.95628,9991,25,0
2025-03-20 16:00:00,0.9563,0.9582,0.95612,0.9573,8775,25,0
2025-03-20 18:00:00,0.9573,0.95786,0.95598,0.95648,6389,25,0
2025-03-20 20:00:00,0.95649,0.95721,0.9559,0.95719,4304,25,0
2025-03-20 22:00:00,0.9572,0.95749,0.95608,0.95691,2299,25,0
2025-03-21 00:00:00,0.9569,0.95725,0.95632,0.95683,4459,27,0
2025-03-21 02:00:00,0.95682,0.95773,0.95679,0.95747,3982,27,0
2025-03-21 04:00:00,0.95744,0.95759,0.95692,0.95709,3507,27,0
2025-03-21 06:00:00,0.95708,0.95714,0.95625,0.95679,3368,27,0
2025-03-21 08:00:00,0.95678,0.95743,0.95637,0.95736,5613,25,0
2025-03-21 10:00:00,0.95732,0.95776,0.9559,0.95601,6745,25,0
2025-03-21 12:00:00,0.95599,0.95663,0.95439,0.95511,6907,25,0
2025-03-21 14:00:00,0.9551,0.95551,0.95405,0.95509,10235,25,0
2025-03-21 16:00:00,0.9551,0.95563,0.95387,0.95445,9243,25,0
2025-03-21 18:00:00,0.95446,0.95571,0.95438,0.95539,8348,25,0
2025-03-21 20:00:00,0.95537,0.95577,0.95485,0.95534,5141,25,0
2025-03-21 22:00:00,0.95533,0.95536,0.95457,0.95465,1469,26,0
2025-03-24 00:00:00,0.95489,0.95666,0.95482,0.95657,4002,27,0
2025-03-24 02:00:00,0.95656,0.95706,0.95625,0.95644,4998,27,0
2025-03-24 04:00:00,0.95645,0.95693,0.95611,0.95617,3626,27,0
2025-03-24 06:00:00,0.95616,0.95698,0.95591,0.95681,2254,27,0
2025-03-24 08:00:00,0.9568,0.95736,0.95613,0.95618,5685,25,0
2025-03-24 10:00:00,0.95619,0.95759,0.9547,0.95567,9029,25,0
2025-03-24 12:00:00,0.95569,0.95574,0.95457,0.95466,6073,25,0
2025-03-24 14:00:00,0.95465,0.95499,0.95302,0.95316,8818,25,0
2025-03-24 16:00:00,0.95315,0.95492,0.95286,0.95426,10373,25,0
2025-03-24 18:00:00,0.95427,0.95478,0.95297,0.95309,5969,25,0
2025-03-24 20:00:00,0.95308,0.95475,0.95276,0.9538,4045,25,0
2025-03-24 22:00:00,0.95376,0.95382,0.95291,0.95342,1702,26,0
2025-03-25 00:00:00,0.95342,0.95386,0.95326,0.95349,1717,27,0
2025-03-25 02:00:00,0.9535,0.95391,0.95326,0.95369,2551,27,0
2025-03-25 04:00:00,0.9537,0.9539,0.95347,0.95379,2559,27,0
2025-03-25 06:00:00,0.9538,0.95414,0.95351,0.95353,2233,27,0
2025-03-25 08:00:00,0.95354,0.95456,0.95343,0.95424,5435,25,0
2025-03-25 10:00:00,0.95423,0.95474,0.95267,0.95422,8538,25,0
2025-03-25 12:00:00,0.95423,0.95528,0.95349,0.95414,7222,25,0
2025-03-25 14:00:00,0.95409,0.95424,0.95244,0.95257,7646,25,0
2025-03-25 16:00:00,0.95248,0.95306,0.95112,0.95266,9856,25,0
2025-03-25 18:00:00,0.95267,0.95315,0.95224,0.95262,5565,25,0
2025-03-25 20:00:00,0.95263,0.95307,0.95233,0.95244,4165,25,0
2025-03-25 22:00:00,0.95243,0.95245,0.95126,0.95196,1643,25,0
2025-03-26 00:00:00,0.95197,0.95242,0.9519,0.95211,2098,27,0
2025-03-26 02:00:00,0.9521,0.95272,0.95191,0.95259,3165,27,0
2025-03-26 04:00:00,0.95258,0.95345,0.95258,0.9528,2024,27,0
2025-03-26 06:00:00,0.95282,0.95311,0.95265,0.95285,2059,27,0
2025-03-26 08:00:00,0.95287,0.95343,0.95276,0.95295,5497,25,0
2025-03-26 10:00:00,0.95294,0.9545,0.95269,0.95384,7292,25,0
2025-03-26 12:00:00,0.95382,0.95398,0.95285,0.95387,5253,25,0
2025-03-26 14:00:00,0.95386,0.954,0.95233,0.95238,8941,23,0
2025-03-26 16:00:00,0.95237,0.95376,0.95163,0.95273,9077,23,0
2025-03-26 18:00:00,0.95275,0.95329,0.95091,0.95145,9346,25,0
2025-03-26 20:00:00,0.95146,0.95171,0.95046,0.95086,5428,25,0
2025-03-26 22:00:00,0.95085,0.95099,0.94903,0.9494,2156,25,0
2025-03-27 00:00:00,0.94941,0.95016,0.94888,0.94965,3242,27,0
2025-03-27 02:00:00,0.94964,0.9508,0.94953,0.95064,3656,27,0
2025-03-27 04:00:00,0.95065,0.95136,0.95064,0.95106,2605,27,0
2025-03-27 06:00:00,0.95108,0.95152,0.95047,0.95082,3397,26,0
2025-03-27 08:00:00,0.95081,0.9522,0.95081,0.95155,7044,25,0
2025-03-27 10:00:00,0.95151,0.95299,0.95077,0.95234,9363,25,0
2025-03-27 12:00:00,0.95234,0.95407,0.95184,0.95313,6406,25,0
2025-03-27 14:00:00,0.95309,0.95327,0.95159,0.95189,8646,25,0
2025-03-27 16:00:00,0.9519,0.95297,0.95172,0.95215,10404,25,0
2025-03-27 18:00:00,0.95216,0.95274,0.95142,0.95174,7058,25,0
2025-03-27 20:00:00,0.95173,0.95236,0.95163,0.95176,4097,25,0
2025-03-27 22:00:00,0.95177,0.95223,0.95113,0.95148,2093,25,0
2025-03-28 00:00:00,0.95149,0.95211,0.95127,0.95209,2746,27,0
2025-03-28 02:00:00,0.9521,0.95244,0.95179,0.95205,3865,27,0
2025-03-28 04:00:00,0.95206,0.95241,0.952,0.95225,3306,27,0
2025-03-28 06:00:00,0.95226,0.95227,0.95162,0.95179,1731,27,0
2025-03-28 08:00:00,0.9518,0.95201,0.95075,0.95099,4617,23,0
2025-03-28 10:00:00,0.95097,0.95152,0.95016,0.95072,6767,25,0
2025-03-28 12:00:00,0.95075,0.95134,0.95041,0.95107,4704,25,0
2025-03-28 14:00:00,0.95106,0.95384,0.95024,0.95341,10215,25,0
2025-03-28 16:00:00,0.95331,0.95489,0.95259,0.95345,10329,25,0
2025-03-28 18:00:00,0.95344,0.9544,0.95329,0.95407,6149,25,0
2025-03-28 20:00:00,0.95407,0.95471,0.95386,0.95423,4420,25,0
2025-03-28 22:00:00,0.95422,0.95442,0.95323,0.95345,1360,25,0
2025-03-31 00:00:00,0.95233,0.95322,0.95154,0.95277,3323,28,0
2025-03-31 02:00:00,0.95276,0.95341,0.95199,0.95279,4652,27,0
2025-03-31 04:00:00,0.95283,0.95307,0.95211,0.95222,4174,27,0
2025-03-31 06:00:00,0.95221,0.95238,0.95186,0.9523,2521,27,0
2025-03-31 08:00:00,0.95232,0.95326,0.95188,0.95263,6151,25,0
2025-03-31 10:00:00,0.95266,0.95424,0.95194,0.95346,10136,25,0
2025-03-31 12:00:00,0.95345,0.95405,0.9525,0.95359,5747,25,0
2025-03-31 14:00:00,0.95365,0.95367,0.95251,0.9529,6622,25,0
2025-03-31 16:00:00,0.95291,0.95616,0.95284,0.95541,10692,25,0
2025-03-31 18:00:00,0.95543,0.95645,0.95442,0.9561,9342,25,0
2025-03-31 20:00:00,0.9561,0.95715,0.9561,0.95666,4940,25,0
2025-03-31 22:00:00,0.95665,0.95676,0.95571,0.95595,3575,25,0
2025-04-01 00:00:00,0.95568,0.95655,0.95566,0.95628,1490,27,0
2025-04-01 02:00:00,0.95627,0.95644,0.95571,0.95622,2981,27,0
2025-04-01 04:00:00,0.9562,0.95627,0.95561,0.95607,3427,27,0
2025-04-01 06:00:00,0.95608,0.95619,0.9556,0.95563,3298,27,0
2025-04-01 08:00:00,0.95562,0.95562,0.95414,0.95496,5822,25,0
2025-04-01 10:00:00,0.95494,0.95496,0.95339,0.95463,7143,25,0
2025-04-01 12:00:00,0.95461,0.95486,0.95214,0.95243,7327,25,0
2025-04-01 14:00:00,0.95244,0.9527,0.95108,0.95261,7668,25,0
2025-04-01 16:00:00,0.95258,0.95418,0.95204,0.95383,10774,25,0
2025-04-01 18:00:00,0.95383,0.95406,0.95293,0.95371,7819,25,0
2025-04-01 20:00:00,0.95373,0.95424,0.95328,0.95342,5058,25,0
2025-04-01 22:00:00,0.95343,0.95409,0.95318,0.95346,3660,25,0
2025-04-02 00:00:00,0.95348,0.95481,0.95239,0.95426,2733,27,0
2025-04-02 02:00:00,0.95425,0.95432,0.95331,0.95342,3857,27,0
2025-04-02 04:00:00,0.95343,0.95397,0.95327,0.95346,3965,27,0
2025-04-02 06:00:00,0.95345,0.95386,0.95339,0.95364,2582,27,0
2025-04-02 08:00:00,0.95362,0.95449,0.95327,0.95418,4300,25,0
2025-04-02 10:00:00,0.95419,0.95523,0.95347,0.95479,6059,25,0
2025-04-02 12:00:00,0.9548,0.95545,0.95395,0.9543,5568,25,0
2025-04-02 14:00:00,0.95429,0.9551,0.95391,0.95507,6430,25,0
2025-04-02 16:00:00,0.95506,0.95793,0.95454,0.9579,10430,23,0
2025-04-02 18:00:00,0.95787,0.95886,0.95718,0.95868,7663,25,0
2025-04-02 20:00:00,0.95869,0.95884,0.95763,0.95768,4134,25,0
2025-04-02 22:00:00,0.95769,0.96312,0.9547,0.9571,14597,23,0
2025-04-03 00:00:00,0.95715,0.95798,0.95187,0.95358,7215,27,0
2025-04-03 02:00:00,0.95361,0.95726,0.95284,0.95624,16195,27,0
2025-04-03 04:00:00,0.95623,0.95757,0.95594,0.9562,11218,27,0
2025-04-03 06:00:00,0.95621,0.95622,0.95491,0.95535,7795,27,0
2025-04-03 08:00:00,0.95536,0.95634,0.95292,0.95494,15482,25,0
2025-04-03 10:00:00,0.95495,0.95495,0.95193,0.95338,15735,25,0
2025-04-03 12:00:00,0.95337,0.95784,0.95235,0.95395,18803,25,0
2025-04-03 14:00:00,0.95394,0.95461,0.95177,0.95204,17677,23,0
2025-04-03 16:00:00,0.95205,0.95408,0.94964,0.95147,22893,23,0
2025-04-03 18:00:00,0.95148,0.95155,0.94868,0.9492,15984,25,0
2025-04-03 20:00:00,0.94921,0.95071,0.94871,0.95022,8260,25,0
2025-04-03 22:00:00,0.95021,0.95024,0.94664,0.94933,6212,25,0
2025-04-04 00:00:00,0.94876,0.94992,0.94792,0.94921,4302,27,0
2025-04-04 02:00:00,0.9492,0.94941,0.94752,0.94834,6741,27,0
2025-04-04 04:00:00,0.94836,0.94913,0.94689,0.94707,6017,27,0
2025-04-04 06:00:00,0.94708,0.94733,0.94538,0.94574,6910,27,0
2025-04-04 08:00:00,0.94573,0.94733,0.9454,0.94557,9855,25,0
2025-04-04 10:00:00,0.94558,0.94571,0.93851,0.94072,16853,25,0
2025-04-04 12:00:00,0.9407,0.94125,0.93748,0.93775,21396,25,0
2025-04-04 14:00:00,0.93774,0.94287,0.93652,0.93986,31262,25,0
2025-04-04 16:00:00,0.93987,0.94095,0.93619,0.9404,30862,25,0
2025-04-04 18:00:00,0.94039,0.94279,0.93979,0.94176,27496,25,0
2025-04-04 20:00:00,0.94175,0.94366,0.93955,0.94164,16713,25,0
2025-04-04 22:00:00,0.94165,0.94434,0.94139,0.94277,10483,25,0
2025-04-07 00:00:00,0.93185,0.93828,0.92972,0.93554,12636,27,0
2025-04-07 02:00:00,0.93555,0.93645,0.93347,0.93638,23849,27,0
2025-04-07 04:00:00,0.93637,0.9386,0.93568,0.93775,18272,27,0
2025-04-07 06:00:00,0.93776,0.93803,0.93609,0.93671,9904,27,0
2025-04-07 08:00:00,0.93672,0.93883,0.93394,0.93412,20094,25,0
2025-04-07 10:00:00,0.93414,0.93703,0.93113,0.93542,27652,25,0
2025-04-07 12:00:00,0.93544,0.93824,0.93315,0.93554,20546,25,0
2025-04-07 14:00:00,0.93555,0.94118,0.93412,0.93966,23582,25,0
2025-04-07 16:00:00,0.93965,0.9499,0.93609,0.94009,37924,25,0
2025-04-07 18:00:00,0.94008,0.94114,0.93626,0.93833,29174,25,0
2025-04-07 20:00:00,0.93834,0.93957,0.93639,0.93673,21155,25,0
2025-04-07 22:00:00,0.93675,0.9381,0.93602,0.93758,12983,25,0
2025-04-08 00:00:00,0.9375,0.93883,0.93676,0.93818,6139,27,0
2025-04-08 02:00:00,0.9382,0.93944,0.93729,0.93797,10372,27,0
2025-04-08 04:00:00,0.93796,0.94024,0.93768,0.93963,11048,27,0
2025-04-08 06:00:00,0.93964,0.94037,0.93894,0.94037,6634,27,0
2025-04-08 08:00:00,0.94041,0.94072,0.93847,0.93869,11401,25,0
2025-04-08 10:00:00,0.93867,0.94087,0.93784,0.93955,16754,25,0
2025-04-08 12:00:00,0.93954,0.93971,0.93431,0.93496,11698,25,0
2025-04-08 14:00:00,0.93498,0.93573,0.93299,0.93367,14058,25,0
2025-04-08 16:00:00,0.93366,0.93657,0.93294,0.93653,22523,25,0
2025-04-08 18:00:00,0.93655,0.93661,0.93183,0.93187,16549,25,0
2025-04-08 20:00:00,0.93192,0.93239,0.92849,0.92861,19301,25,0
2025-04-08 22:00:00,0.92858,0.92965,0.92772,0.92852,12310,25,0
2025-04-09 00:00:00,0.92849,0.92953,0.92723,0.92831,7776,27,0
2025-04-09 02:00:00,0.92831,0.92891,0.92686,0.92886,13642,27,0
2025-04-09 04:00:00,0.92887,0.93218,0.92867,0.93063,16223,27,0
2025-04-09 06:00:00,0.93064,0.93066,0.92691,0.93011,17454,27,0
2025-04-09 08:00:00,0.9301,0.93382,0.92928,0.9334,21558,25,0
2025-04-09 10:00:00,0.93338,0.93477,0.92875,0.92934,24914,25,0
2025-04-09 12:00:00,0.92935,0.93006,0.9268,0.92778,15473,25,0
2025-04-09 14:00:00,0.92781,0.9284,0.92612,0.92658,23425,25,0
2025-04-09 16:00:00,0.9266,0.9297,0.92524,0.92777,25237,23,0
2025-04-09 18:00:00,0.92778,0.93183,0.92747,0.92754,14618,25,0
2025-04-09 20:00:00,0.92751,0.93881,0.92657,0.93712,34240,25,0
2025-04-09 22:00:00,0.93716,0.93922,0.93548,0.93803,14818,26,0
2025-04-10 00:00:00,0.93654,0.9384,0.9362,0.93693,13420,27,0
2025-04-10 02:00:00,0.93692,0.93762,0.93492,0.93622,15049,27,0
2025-04-10 04:00:00,0.93621,0.93688,0.93455,0.93531,12726,27,0
2025-04-10 06:00:00,0.93525,0.93633,0.93508,0.93611,9134,27,0
2025-04-10 08:00:00,0.93611,0.94079,0.9361,0.94068,12631,26,0
2025-04-10 10:00:00,0.94067,0.94076,0.93365,0.93384,19674,25,0
2025-04-10 12:00:00,0.93383,0.93434,0.92928,0.93221,14722,25,0
2025-04-10 14:00:00,0.9322,0.93333,0.92798,0.9314,19172,25,0
2025-04-10 16:00:00,0.93137,0.9333,0.92919,0.93221,24051,25,0
2025-04-10 18:00:00,0.9322,0.9322,0.92485,0.92537,28129,25,0
2025-04-10 20:00:00,0.92536,0.92652,0.92422,0.92426,20785,25,0
2025-04-10 22:00:00,0.92427,0.9247,0.92183,0.9222,14295,25,0
2025-04-11 00:00:00,0.92219,0.92455,0.92166,0.92415,6896,27,0
2025-04-11 02:00:00,0.92414,0.92916,0.92278,0.92551,22541,27,0
2025-04-11 04:00:00,0.92552,0.92812,0.92461,0.92721,21660,27,0
2025-04-11 06:00:00,0.9272,0.92866,0.92555,0.92601,13170,27,0
2025-04-11 08:00:00,0.926,0.92955,0.92586,0.92788,19601,23,0
2025-04-11 10:00:00,0.9279,0.93099,0.92567,0.92897,29177,25,0
2025-04-11 12:00:00,0.92898,0.93196,0.92864,0.92973,23795,25,0
2025-04-11 14:00:00,0.92971,0.92993,0.92313,0.92459,21877,25,0
2025-04-11 16:00:00,0.92462,0.92655,0.92228,0.92384,31068,25,0
2025-04-11 18:00:00,0.92383,0.92494,0.92223,0.92379,19001,25,0
2025-04-11 20:00:00,0.92377,0.92531,0.92225,0.92413,13441,25,0
2025-04-11 22:00:00,0.92412,0.92585,0.92403,0.92537,6803,25,0
2025-04-14 00:00:00,0.9257,0.9281,0.9257,0.92684,8645,27,0
2025-04-14 02:00:00,0.92684,0.92891,0.92599,0.92784,11388,27,0
2025-04-14 04:00:00,0.92781,0.93062,0.92735,0.92945,13179,27,0
2025-04-14 06:00:00,0.92944,0.93011,0.9286,0.92909,8932,27,0
2025-04-14 08:00:00,0.92911,0.92983,0.92822,0.92888,12625,25,0
2025-04-14 10:00:00,0.92887,0.9323,0.92749,0.93027,14676,25,0
2025-04-14 12:00:00,0.93028,0.93262,0.92995,0.93246,10855,25,0
2025-04-14 14:00:00,0.93247,0.93522,0.93147,0.93431,12350,25,0
2025-04-14 16:00:00,0.93429,0.93508,0.92859,0.9288,21008,25,0
2025-04-14 18:00:00,0.92882,0.92947,0.92363,0.92421,16555,25,0
2025-04-14 20:00:00,0.92422,0.92515,0.92316,0.92399,8316,25,0
2025-04-14 22:00:00,0.92398,0.92495,0.92314,0.92403,5166,25,0
2025-04-15 00:00:00,0.92451,0.9251,0.92361,0.92479,4860,27,0
2025-04-15 02:00:00,0.92478,0.92643,0.92463,0.92637,6591,27,0
2025-04-15 04:00:00,0.92632,0.92676,0.92544,0.92639,6173,27,0
2025-04-15 06:00:00,0.9264,0.92744,0.92591,0.92656,4915,27,0
2025-04-15 08:00:00,0.92655,0.92763,0.92534,0.92563,7790,25,0
2025-04-15 10:00:00,0.92565,0.92832,0.92365,0.92439,11717,25,0
2025-04-15 12:00:00,0.92422,0.92517,0.92318,0.92422,8978,25,0
2025-04-15 14:00:00,0.92421,0.92589,0.92285,0.92515,11526,23,0
2025-04-15 16:00:00,0.92514,0.92624,0.92367,0.92609,16232,25,0
2025-04-15 18:00:00,0.92608,0.92692,0.92527,0.92547,10623,25,0
2025-04-15 20:00:00,0.92548,0.9272,0.92525,0.92681,6088,25,0
2025-04-15 22:00:00,0.9268,0.92949,0.92675,0.9282,3442,25,0
2025-04-16 00:00:00,0.92819,0.92882,0.92482,0.92728,7501,27,0
2025-04-16 02:00:00,0.92727,0.92748,0.92546,0.92598,9343,27,0
2025-04-16 04:00:00,0.92597,0.92694,0.92568,0.92651,8044,27,0
2025-04-16 06:00:00,0.9265,0.92695,0.9246,0.92625,7651,27,0
2025-04-16 08:00:00,0.92624,0.92717,0.92376,0.92644,10798,25,0
2025-04-16 10:00:00,0.92643,0.92992,0.92531,0.92892,14205,25,0
2025-04-16 12:00:00,0.92894,0.92952,0.92737,0.9289,10768,25,0
2025-04-16 14:00:00,0.92888,0.92955,0.92491,0.92577,10509,24,0
2025-04-16 16:00:00,0.92576,0.92808,0.92485,0.92808,13436,23,0
2025-04-16 18:00:00,0.92809,0.92864,0.92589,0.9276,9170,25,0
2025-04-16 20:00:00,0.92764,0.92829,0.92644,0.92688,10429,23,0
2025-04-16 22:00:00,0.9269,0.92753,0.92591,0.92627,6343,25,0
2025-04-17 00:00:00,0.92631,0.92754,0.92552,0.92747,5537,27,0
2025-04-17 02:00:00,0.92748,0.92781,0.92686,0.92766,8318,27,0
2025-04-17 04:00:00,0.92768,0.92962,0.92707,0.92891,9190,27,0
2025-04-17 06:00:00,0.92893,0.929,0.92794,0.92849,6041,27,0
2025-04-17 08:00:00,0.9285,0.93008,0.92779,0.92941,7437,25,0
2025-04-17 10:00:00,0.92935,0.93157,0.92873,0.92913,9910,25,0
2025-04-17 12:00:00,0.92914,0.92964,0.92786,0.92842,7181,25,0
2025-04-17 14:00:00,0.92844,0.92946,0.92749,0.92879,11910,23,0
2025-04-17 16:00:00,0.92878,0.9306,0.92808,0.93038,15693,25,0
2025-04-17 18:00:00,0.93039,0.93369,0.93033,0.93184,11676,25,0
2025-04-17 20:00:00,0.93182,0.93254,0.93065,0.93106,6780,28,0
2025-04-17 22:00:00,0.93107,0.93163,0.93048,0.93087,4854,28,0
2025-04-18 00:00:00,0.93074,0.93126,0.93036,0.93106,1992,57,0
2025-04-18 02:00:00,0.93107,0.93145,0.93015,0.93083,10727,36,0
2025-04-18 04:00:00,0.93086,0.93125,0.93003,0.9302,42610,32,0
2025-04-18 06:00:00,0.93021,0.93082,0.92986,0.93048,31096,32,0
2025-04-18 08:00:00,0.9305,0.93152,0.93008,0.931,41423,28,0
2025-04-18 10:00:00,0.93101,0.93163,0.92986,0.93126,34037,28,0
2025-04-18 12:00:00,0.93125,0.93154,0.93045,0.93107,41294,28,0
2025-04-18 14:00:00,0.93113,0.93182,0.93029,0.93096,27211,28,0
2025-04-18 16:00:00,0.9309,0.93203,0.92984,0.93137,28154,28,0
2025-04-18 18:00:00,0.93138,0.93144,0.93065,0.93131,39829,28,0
2025-04-18 20:00:00,0.93129,0.93134,0.92997,0.93037,33812,28,0
2025-04-18 22:00:00,0.93035,0.93076,0.92933,0.92969,21907,28,0
2025-04-21 00:00:00,0.9312,0.93354,0.92984,0.93019,6530,32,0
2025-04-21 02:00:00,0.9302,0.93146,0.92973,0.93087,13728,32,0
2025-04-21 04:00:00,0.93089,0.93161,0.92912,0.93024,12556,32,0
2025-04-21 06:00:00,0.93025,0.93147,0.93,0.93057,6889,32,0
2025-04-21 08:00:00,0.93056,0.93209,0.93034,0.93199,7761,28,0
2025-04-21 10:00:00,0.932,0.93205,0.92927,0.93047,11947,28,0
2025-04-21 12:00:00,0.93045,0.93117,0.9297,0.92997,9042,28,0
2025-04-21 14:00:00,0.93,0.9308,0.92859,0.92892,10835,28,0
2025-04-21 16:00:00,0.92891,0.9291,0.92742,0.92858,13616,28,0
2025-04-21 18:00:00,0.92857,0.92935,0.92757,0.92879,8584,28,0
2025-04-21 20:00:00,0.9288,0.93045,0.92796,0.92999,6410,28,0
2025-04-21 22:00:00,0.93002,0.93118,0.93002,0.93115,4824,28,0
2025-04-22 00:00:00,0.93137,0.93426,0.92927,0.93131,4480,34,0
2025-04-22 02:00:00,0.93132,0.93217,0.93091,0.93188,7380,32,0
2025-04-22 04:00:00,0.93192,0.93341,0.93167,0.9324,8200,32,0
2025-04-22 06:00:00,0.93241,0.93301,0.93127,0.9318,7424,32,0
2025-04-22 08:00:00,0.93183,0.93353,0.93125,0.93275,12260,28,0
2025-04-22 10:00:00,0.93274,0.93291,0.93096,0.93201,13987,25,0
2025-04-22 12:00:00,0.932,0.93356,0.93046,0.93333,11077,25,0
2025-04-22 14:00:00,0.93334,0.93362,0.93129,0.93192,10611,25,0
2025-04-22 16:00:00,0.93193,0.93462,0.9319,0.93414,14165,25,0
2025-04-22 18:00:00,0.93415,0.93533,0.93258,0.93495,12615,25,0
2025-04-22 20:00:00,0.93494,0.9361,0.93385,0.93546,10064,25,0
2025-04-22 22:00:00,0.93547,0.93575,0.93456,0.93484,4931,25,0
2025-04-23 00:00:00,0.93481,0.93782,0.93277,0.93779,10534,27,0
2025-04-23 02:00:00,0.93777,0.93795,0.93675,0.93757,13069,27,0
2025-04-23 04:00:00,0.93758,0.93792,0.9365,0.93736,10685,27,0
2025-04-23 06:00:00,0.93737,0.93761,0.93652,0.93703,6588,27,0
2025-04-23 08:00:00,0.937,0.93735,0.93531,0.9356,11064,25,0
2025-04-23 10:00:00,0.93561,0.93746,0.93457,0.93745,13984,23,0
2025-04-23 12:00:00,0.93744,0.93988,0.93735,0.93918,10520,25,0
2025-04-23 14:00:00,0.93917,0.93945,0.93663,0.93818,10054,25,0
2025-04-23 16:00:00,0.93816,0.94022,0.93684,0.93997,24535,23,0
2025-04-23 18:00:00,0.93999,0.94093,0.93813,0.94052,17735,25,0
2025-04-23 20:00:00,0.94053,0.94053,0.9389,0.93941,8105,24,0
2025-04-23 22:00:00,0.93936,0.94027,0.93913,0.93946,5172,25,0
2025-04-24 00:00:00,0.93945,0.94039,0.93788,0.94025,3158,27,0
2025-04-24 02:00:00,0.94024,0.94035,0.93946,0.94016,6718,27,0
2025-04-24 04:00:00,0.94018,0.94053,0.93935,0.93982,7463,27,0
2025-04-24 06:00:00,0.93981,0.9401,0.93924,0.93956,4756,27,0
2025-04-24 08:00:00,0.93954,0.93983,0.93862,0.93888,7330,25,0
2025-04-24 10:00:00,0.93891,0.94135,0.93875,0.9406,10848,25,0
2025-04-24 12:00:00,0.94061,0.94093,0.93838,0.93976,7474,25,0
2025-04-24 14:00:00,0.93975,0.94001,0.93813,0.93913,8787,25,0
2025-04-24 16:00:00,0.93912,0.94038,0.93904,0.94016,11183,25,0
2025-04-24 18:00:00,0.94017,0.94145,0.93945,0.94108,9695,25,0
2025-04-24 20:00:00,0.94107,0.94219,0.94085,0.94203,4970,25,0
2025-04-24 22:00:00,0.94206,0.94251,0.94109,0.94111,3818,25,0
2025-04-25 00:00:00,0.94094,0.94217,0.93991,0.94197,3104,27,0
2025-04-25 02:00:00,0.942,0.94288,0.94168,0.94257,6049,27,0
2025-04-25 04:00:00,0.94256,0.94299,0.94161,0.94188,6822,27,0
2025-04-25 06:00:00,0.94189,0.94288,0.94177,0.94252,7608,27,0
2025-04-25 08:00:00,0.94259,0.94442,0.94228,0.9435,8840,24,0
2025-04-25 10:00:00,0.94351,0.94457,0.94238,0.94261,10424,23,0
2025-04-25 12:00:00,0.94262,0.94282,0.94092,0.94099,9232,25,0
2025-04-25 14:00:00,0.94101,0.94292,0.94089,0.94284,7108,23,0
2025-04-25 16:00:00,0.94283,0.94366,0.94125,0.943,11222,25,0
2025-04-25 18:00:00,0.94299,0.94352,0.94203,0.94245,5989,25,0
2025-04-25 20:00:00,0.94246,0.94258,0.94095,0.94101,4717,25,0
2025-04-25 22:00:00,0.94105,0.94114,0.93974,0.93986,3656,25,0
2025-04-28 00:00:00,0.94257,0.94276,0.93942,0.94018,2925,27,0
2025-04-28 02:00:00,0.94017,0.94039,0.93961,0.94031,5446,27,0
2025-04-28 04:00:00,0.94031,0.94078,0.94005,0.94068,4950,27,0
2025-04-28 06:00:00,0.94069,0.94082,0.94007,0.94038,3558,27,0
2025-04-28 08:00:00,0.94035,0.94239,0.94033,0.94117,6513,25,0
2025-04-28 10:00:00,0.94117,0.94362,0.94102,0.94207,8408,25,0
2025-04-28 12:00:00,0.94206,0.94227,0.94073,0.94181,6903,25,0
2025-04-28 14:00:00,0.94182,0.9429,0.94137,0.9423,6664,25,0
2025-04-28 16:00:00,0.94231,0.94247,0.93875,0.93902,11730,23,0
2025-04-28 18:00:00,0.93903,0.93989,0.9364,0.93683,8887,25,0
2025-04-28 20:00:00,0.93682,0.93729,0.93606,0.93673,6096,25,0
2025-04-28 22:00:00,0.93672,0.93734,0.93572,0.93579,3841,25,0
2025-04-29 00:00:00,0.93571,0.93681,0.93571,0.93675,1677,27,0
2025-04-29 02:00:00,0.93674,0.9373,0.9365,0.93686,4360,27,0
2025-04-29 04:00:00,0.93685,0.93844,0.93663,0.93799,6170,27,0
2025-04-29 06:00:00,0.93801,0.93869,0.93759,0.93788,5236,27,0
2025-04-29 08:00:00,0.93789,0.93827,0.93681,0.93772,6415,25,0
2025-04-29 10:00:00,0.93775,0.93963,0.93749,0.93907,9664,25,0
2025-04-29 12:00:00,0.93907,0.94059,0.93904,0.93948,6283,25,0
2025-04-29 14:00:00,0.9395,0.93966,0.93815,0.93873,7906,25,0
2025-04-29 16:00:00,0.93872,0.93923,0.93736,0.93806,13944,24,0
2025-04-29 18:00:00,0.93805,0.93966,0.93804,0.93866,8056,25,0
2025-04-29 20:00:00,0.93865,0.93886,0.93777,0.938,5201,25,0
2025-04-29 22:00:00,0.93801,0.93833,0.9374,0.93748,3183,25,0
2025-04-30 00:00:00,0.93743,0.93856,0.93718,0.93805,3051,27,0
2025-04-30 02:00:00,0.93806,0.93828,0.93699,0.93735,4598,27,0
2025-04-30 04:00:00,0.93734,0.93742,0.93597,0.9364,5782,27,0
2025-04-30 06:00:00,0.93641,0.93684,0.93619,0.93658,4313,27,0
2025-04-30 08:00:00,0.93656,0.93884,0.93651,0.93857,5594,25,0
2025-04-30 10:00:00,0.93856,0.93934,0.93817,0.93879,7742,25,0
2025-04-30 12:00:00,0.93878,0.9389,0.93691,0.93737,6457,25,0
2025-04-30 14:00:00,0.93736,0.93896,0.93589,0.93642,11690,25,0
2025-04-30 16:00:00,0.93639,0.93661,0.93346,0.93393,14581,23,0
2025-04-30 18:00:00,0.93392,0.93489,0.93284,0.93357,12038,24,0
2025-04-30 20:00:00,0.93358,0.93438,0.93327,0.93376,5918,25,0
2025-04-30 22:00:00,0.93373,0.93664,0.93365,0.93509,5701,25,0
2025-05-01 00:00:00,0.93504,0.93654,0.9343,0.93563,2136,27,0
2025-05-01 02:00:00,0.93564,0.93564,0.93486,0.93525,3984,27,0
2025-05-01 04:00:00,0.93525,0.93546,0.93446,0.9346,3766,27,0
2025-05-01 06:00:00,0.93459,0.93545,0.93439,0.93513,4978,27,0
2025-05-01 08:00:00,0.93516,0.93591,0.93491,0.93514,6152,25,0
2025-05-01 10:00:00,0.93516,0.93589,0.93433,0.93568,6775,25,0
2025-05-01 12:00:00,0.93569,0.93673,0.93536,0.9364,4534,25,0
2025-05-01 14:00:00,0.93636,0.93814,0.93626,0.93781,9345,25,0
2025-05-01 16:00:00,0.93782,0.9392,0.9368,0.93884,11995,25,0
2025-05-01 18:00:00,0.93885,0.93941,0.93809,0.93824,6858,25,0
2025-05-01 20:00:00,0.93821,0.93858,0.93778,0.93845,4339,25,0
2025-05-01 22:00:00,0.93847,0.93848,0.93569,0.93581,4168,25,0
2025-05-02 00:00:00,0.93583,0.93864,0.93541,0.93599,1779,27,0
2025-05-02 02:00:00,0.936,0.93796,0.936,0.9379,4667,27,0
2025-05-02 04:00:00,0.93789,0.93795,0.93695,0.93764,5870,27,0
2025-05-02 06:00:00,0.93767,0.9377,0.93691,0.93734,4992,27,0
2025-05-02 08:00:00,0.93735,0.93755,0.9361,0.93685,7315,25,0
2025-05-02 10:00:00,0.93684,0.93823,0.93605,0.93614,7955,25,0
2025-05-02 12:00:00,0.93608,0.93637,0.93105,0.93409,9030,25,0
2025-05-02 14:00:00,0.9341,0.93639,0.93335,0.9362,11619,25,0
2025-05-02 16:00:00,0.93622,0.93757,0.93572,0.93598,15124,25,0
2025-05-02 18:00:00,0.93599,0.93758,0.93591,0.93658,9753,25,0
2025-05-02 20:00:00,0.93655,0.93671,0.93437,0.93449,5709,25,0
2025-05-02 22:00:00,0.9345,0.93464,0.93307,0.93391,3771,25,0
2025-05-05 00:00:00,0.93207,0.93397,0.93207,0.93302,2937,27,0
2025-05-05 02:00:00,0.93299,0.93342,0.93285,0.93303,4450,27,0
2025-05-05 04:00:00,0.93304,0.93314,0.93214,0.9328,4963,27,0
2025-05-05 06:00:00,0.93279,0.93322,0.93271,0.93318,3156,27,0
2025-05-05 08:00:00,0.93319,0.93686,0.93315,0.93569,7691,25,0
2025-05-05 10:00:00,0.93567,0.93631,0.93424,0.93427,7580,25,0
2025-05-05 12:00:00,0.9343,0.93454,0.93336,0.93388,6266,25,0
2025-05-05 14:00:00,0.93385,0.93461,0.93337,0.93459,6578,25,0
2025-05-05 16:00:00,0.93461,0.93499,0.93129,0.93194,10535,25,0
2025-05-05 18:00:00,0.93196,0.93235,0.93122,0.93128,5734,25,0
2025-05-05 20:00:00,0.93127,0.93142,0.93033,0.93079,3163,25,0
2025-05-05 22:00:00,0.93078,0.93115,0.92988,0.93,2738,25,0
2025-05-06 00:00:00,0.92964,0.93091,0.92926,0.93012,1433,27,0
2025-05-06 02:00:00,0.93013,0.93044,0.92967,0.93041,3858,27,0
2025-05-06 04:00:00,0.9304,0.93124,0.93024,0.93053,6589,27,0
2025-05-06 06:00:00,0.93054,0.93166,0.93037,0.93164,3936,27,0
2025-05-06 08:00:00,0.93165,0.93256,0.93095,0.93253,5648,25,0
2025-05-06 10:00:00,0.93252,0.93495,0.93234,0.93337,10408,25,0
2025-05-06 12:00:00,0.93338,0.93464,0.93245,0.93415,7382,25,0
2025-05-06 14:00:00,0.93414,0.93474,0.93363,0.93454,7125,25,0
2025-05-06 16:00:00,0.93456,0.93576,0.93372,0.93436,9839,25,0
2025-05-06 18:00:00,0.93434,0.93556,0.9342,0.9346,6018,25,0
2025-05-06 20:00:00,0.93462,0.93504,0.93354,0.93421,4159,25,0
2025-05-06 22:00:00,0.93423,0.93517,0.9338,0.93425,3693,25,0
2025-05-07 00:00:00,0.93426,0.93692,0.93387,0.93691,5779,27,0
2025-05-07 02:00:00,0.93692,0.93736,0.93576,0.93707,8584,27,0
2025-05-07 04:00:00,0.93706,0.93712,0.93596,0.93599,8688,27,0
2025-05-07 06:00:00,0.93598,0.93658,0.93582,0.93634,4530,27,0
2025-05-07 08:00:00,0.93636,0.93729,0.93601,0.93628,6533,25,0
2025-05-07 10:00:00,0.93631,0.93872,0.93591,0.93753,7741,25,0
2025-05-07 12:00:00,0.93752,0.9381,0.93458,0.93565,6003,25,0
2025-05-07 14:00:00,0.9357,0.93691,0.93334,0.93353,6829,25,0
2025-05-07 16:00:00,0.93354,0.93405,0.93151,0.93234,8465,23,0
2025-05-07 18:00:00,0.93235,0.93281,0.93,0.93079,7163,25,0
2025-05-07 20:00:00,0.93078,0.93158,0.93002,0.93041,10343,25,0
2025-05-07 22:00:00,0.9304,0.93137,0.93023,0.9303,8287,25,0
2025-05-08 00:00:00,0.9304,0.9311,0.93029,0.93103,1707,27,0
2025-05-08 02:00:00,0.93103,0.93183,0.93089,0.93175,4124,27,0
2025-05-08 04:00:00,0.93181,0.9324,0.93166,0.93187,8139,27,0
2025-05-08 06:00:00,0.93189,0.93272,0.93181,0.93261,4150,27,0
2025-05-08 08:00:00,0.93262,0.93379,0.93181,0.93314,8110,25,0
2025-05-08 10:00:00,0.93316,0.93468,0.93209,0.93327,9546,25,0
2025-05-08 12:00:00,0.93328,0.93344,0.93162,0.93229,7532,25,0
2025-05-08 14:00:00,0.93231,0.93312,0.93124,0.93134,10288,25,0
2025-05-08 16:00:00,0.93138,0.93358,0.93114,0.93269,11301,25,0
2025-05-08 18:00:00,0.93265,0.93333,0.93147,0.93257,12635,25,0
2025-05-08 20:00:00,0.93256,0.93326,0.93228,0.93286,5102,25,0
2025-05-08 22:00:00,0.93285,0.93443,0.93269,0.93325,4961,25,0
2025-05-09 00:00:00,0.93322,0.9333,0.93194,0.93321,2609,27,0
2025-05-09 02:00:00,0.93322,0.93372,0.93265,0.93272,7236,27,0
2025-05-09 04:00:00,0.93273,0.93417,0.9326,0.93308,8374,27,0
2025-05-09 06:00:00,0.93307,0.93369,0.93294,0.93325,6136,27,0
2025-05-09 08:00:00,0.93326,0.93419,0.93283,0.93353,6681,25,0
2025-05-09 10:00:00,0.93354,0.93483,0.93328,0.93443,7632,23,0
2025-05-09 12:00:00,0.93442,0.93583,0.93436,0.93488,5826,25,0
2025-05-09 14:00:00,0.93487,0.93551,0.93407,0.93426,8052,23,0
2025-05-09 16:00:00,0.93427,0.93501,0.93349,0.93395,10422,25,0
2025-05-09 18:00:00,0.93396,0.93592,0.93384,0.93584,6666,25,0
2025-05-09 20:00:00,0.93583,0.93591,0.93528,0.93553,3085,25,0
2025-05-09 22:00:00,0.93554,0.93566,0.9344,0.93463,2838,25,0
2025-05-12 00:00:00,0.93497,0.93676,0.93402,0.93632,4645,27,0
2025-05-12 02:00:00,0.93633,0.93728,0.93607,0.93703,8013,27,0
2025-05-12 04:00:00,0.937,0.93742,0.93598,0.93621,8725,27,0
2025-05-12 06:00:00,0.93621,0.93654,0.93572,0.93628,6327,27,0
2025-05-12 08:00:00,0.93629,0.93691,0.93555,0.93652,6797,25,0
2025-05-12 10:00:00,0.93653,0.93937,0.93633,0.93718,23997,25,0
2025-05-12 12:00:00,0.9372,0.939,0.93714,0.93783,12799,25,0
2025-05-12 14:00:00,0.9378,0.93784,0.93555,0.9366,13507,25,0
2025-05-12 16:00:00,0.9366,0.93799,0.93557,0.93709,14985,25,0
2025-05-12 18:00:00,0.93709,0.93713,0.93539,0.93663,8344,25,0
2025-05-12 20:00:00,0.93662,0.93809,0.9363,0.93775,5311,25,0
2025-05-12 22:00:00,0.93773,0.93786,0.93667,0.93677,3510,25,0
2025-05-13 00:00:00,0.93376,0.93783,0.93376,0.93763,2603,27,0
2025-05-13 02:00:00,0.93761,0.93787,0.93654,0.93684,7119,27,0
2025-05-13 04:00:00,0.93684,0.93716,0.93668,0.93713,8242,27,0
2025-05-13 06:00:00,0.93712,0.93719,0.93655,0.93679,6318,27,0
2025-05-13 08:00:00,0.9368,0.93712,0.9359,0.93608,7501,25,0
2025-05-13 10:00:00,0.93609,0.93628,0.933,0.93304,9671,25,0
2025-05-13 12:00:00,0.93303,0.93512,0.93295,0.93471,7714,25,0
2025-05-13 14:00:00,0.93472,0.93706,0.9344,0.93686,9952,25,0
2025-05-13 16:00:00,0.93687,0.93923,0.93665,0.93917,12424,23,0
2025-05-13 18:00:00,0.93914,0.94075,0.93869,0.94025,7767,23,0
2025-05-13 20:00:00,0.94026,0.94048,0.93972,0.94004,3794,25,0
2025-05-13 22:00:00,0.94005,0.94017,0.93825,0.93832,3089,25,0
2025-05-14 00:00:00,0.93809,0.93913,0.93754,0.93897,2181,27,0
2025-05-14 02:00:00,0.93895,0.93958,0.93874,0.93904,6518,27,0
2025-05-14 04:00:00,0.93903,0.93905,0.93807,0.93848,9053,27,0
2025-05-14 06:00:00,0.93847,0.93884,0.93809,0.93819,5931,27,0
2025-05-14 08:00:00,0.93818,0.93957,0.93796,0.93887,7131,25,0
2025-05-14 10:00:00,0.93889,0.94009,0.93843,0.939,12777,25,0
2025-05-14 12:00:00,0.93902,0.93933,0.93727,0.93792,10104,25,0
2025-05-14 14:00:00,0.93788,0.94007,0.93773,0.94004,9863,25,0
2025-05-14 16:00:00,0.94005,0.94181,0.93927,0.94094,12493,23,0
2025-05-14 18:00:00,0.94093,0.94149,0.9406,0.94087,9307,25,0
2025-05-14 20:00:00,0.94086,0.94185,0.94064,0.94168,4995,25,0
2025-05-14 22:00:00,0.94167,0.942,0.94021,0.9404,3607,25,0
2025-05-15 00:00:00,0.94039,0.94099,0.9393,0.94084,2566,27,0
2025-05-15 02:00:00,0.94086,0.94099,0.94002,0.94011,6358,27,0
2025-05-15 04:00:00,0.94012,0.9403,0.93956,0.93961,8145,27,0
2025-05-15 06:00:00,0.9396,0.9406,0.93936,0.94054,5536,27,0
2025-05-15 08:00:00,0.94055,0.94069,0.93951,0.93973,8181,25,0
2025-05-15 10:00:00,0.93974,0.93986,0.93704,0.93773,8996,25,0
2025-05-15 12:00:00,0.93774,0.93863,0.93733,0.93836,6892,25,0
2025-05-15 14:00:00,0.93835,0.93866,0.93642,0.9375,10388,23,0
2025-05-15 16:00:00,0.93749,0.93764,0.93536,0.9362,13332,25,0
2025-05-15 18:00:00,0.93621,0.9365,0.9346,0.93528,7013,25,0
2025-05-15 20:00:00,0.93529,0.93539,0.93441,0.93452,3502,25,0
2025-05-15 22:00:00,0.93453,0.93475,0.93384,0.93449,3158,25,0
2025-05-16 00:00:00,0.93511,0.93515,0.93398,0.93439,2467,27,0
2025-05-16 02:00:00,0.9344,0.93464,0.93337,0.93343,6193,27,0
2025-05-16 04:00:00,0.93344,0.93438,0.93323,0.93433,6805,27,0
2025-05-16 06:00:00,0.93434,0.93488,0.93387,0.93486,4781,27,0
2025-05-16 08:00:00,0.93488,0.93518,0.9344,0.93474,6574,25,0
2025-05-16 10:00:00,0.93475,0.93572,0.93341,0.9355,7504,25,0
2025-05-16 12:00:00,0.93549,0.93728,0.93541,0.93706,5885,25,0
2025-05-16 14:00:00,0.93705,0.93813,0.93678,0.93737,7281,25,0
2025-05-16 16:00:00,0.93739,0.93785,0.93587,0.93604,9583,23,0
2025-05-16 18:00:00,0.93606,0.93655,0.93485,0.93501,5788,25,0
2025-05-16 20:00:00,0.93502,0.93573,0.93471,0.93555,3035,25,0
2025-05-16 22:00:00,0.93554,0.93569,0.9336,0.93434,2950,25,0
2025-05-19 00:00:00,0.93496,0.93552,0.93335,0.93403,5212,27,0
2025-05-19 02:00:00,0.93404,0.93475,0.93382,0.93465,7958,27,0
2025-05-19 04:00:00,0.93465,0.93491,0.93393,0.93411,9468,27,0
2025-05-19 06:00:00,0.93411,0.93535,0.93398,0.93521,6024,27,0
2025-05-19 08:00:00,0.93522,0.93614,0.93457,0.93493,7982,25,0
2025-05-19 10:00:00,0.93495,0.9382,0.9346,0.93799,10225,25,0
2025-05-19 12:00:00,0.93798,0.93943,0.93779,0.93902,9569,25,0
2025-05-19 14:00:00,0.93901,0.93953,0.9385,0.93907,8980,25,0
2025-05-19 16:00:00,0.93906,0.93914,0.93656,0.93668,11728,25,0
2025-05-19 18:00:00,0.93671,0.93792,0.9363,0.9375,7677,25,0
2025-05-19 20:00:00,0.93749,0.93779,0.93713,0.93778,4212,25,0
2025-05-19 22:00:00,0.93776,0.93835,0.93732,0.93732,3607,25,0
2025-05-20 00:00:00,0.93741,0.93823,0.93682,0.93791,2522,27,0
2025-05-20 02:00:00,0.93789,0.93816,0.9376,0.93774,5714,27,0
2025-05-20 04:00:00,0.93773,0.93837,0.93715,0.93814,7510,27,0
2025-05-20 06:00:00,0.93813,0.93824,0.93779,0.93796,6635,25,0
2025-05-20 08:00:00,0.93797,0.93844,0.93718,0.93834,8832,25,0
2025-05-20 10:00:00,0.93836,0.9384,0.93623,0.93643,9136,25,0
2025-05-20 12:00:00,0.93644,0.93777,0.93612,0.93755,6859,25,0
2025-05-20 14:00:00,0.93753,0.93764,0.93611,0.9369,7533,23,0
2025-05-20 16:00:00,0.93688,0.93769,0.93592,0.93649,11296,25,0
2025-05-20 18:00:00,0.93648,0.93669,0.93567,0.93659,6635,25,0
2025-05-20 20:00:00,0.93658,0.93686,0.9351,0.9353,5213,25,0
2025-05-20 22:00:00,0.93531,0.93583,0.93425,0.93427,3299,25,0
2025-05-21 00:00:00,0.93414,0.93485,0.93211,0.93384,2786,27,0
2025-05-21 02:00:00,0.93383,0.93387,0.93266,0.93305,6574,27,0
2025-05-21 04:00:00,0.93306,0.93322,0.93144,0.93182,9256,27,0
2025-05-21 06:00:00,0.93184,0.9325,0.93122,0.93143,7074,27,0
2025-05-21 08:00:00,0.93142,0.93243,0.93132,0.93193,9955,25,0
2025-05-21 10:00:00,0.93192,0.93489,0.93184,0.93453,9194,25,0
2025-05-21 12:00:00,0.93454,0.93512,0.9337,0.93421,8201,25,0
2025-05-21 14:00:00,0.93422,0.9355,0.93401,0.93455,9079,25,0
2025-05-21 16:00:00,0.93457,0.93605,0.93408,0.93486,11842,23,0
2025-05-21 18:00:00,0.93487,0.93625,0.93476,0.93566,6648,25,0
2025-05-21 20:00:00,0.93566,0.93605,0.93429,0.93497,8219,25,0
2025-05-21 22:00:00,0.93498,0.93517,0.9341,0.93449,4395,25,0
2025-05-22 00:00:00,0.93448,0.93524,0.93368,0.93495,3742,27,0
2025-05-22 02:00:00,0.93496,0.93503,0.93414,0.9343,7363,27,0
2025-05-22 04:00:00,0.9343,0.93469,0.93391,0.93403,9689,27,0
2025-05-22 06:00:00,0.93403,0.93458,0.93395,0.93444,6388,27,0
2025-05-22 08:00:00,0.93443,0.93503,0.93401,0.93452,7599,25,0
2025-05-22 10:00:00,0.93449,0.93476,0.93291,0.93368,10517,25,0
2025-05-22 12:00:00,0.93369,0.93404,0.93289,0.93372,7132,25,0
2025-05-22 14:00:00,0.93373,0.93468,0.93342,0.93433,9097,23,0
2025-05-22 16:00:00,0.93434,0.93521,0.93398,0.93457,11783,24,0
2025-05-22 18:00:00,0.93458,0.93541,0.93434,0.93435,7401,25,0
2025-05-22 20:00:00,0.93436,0.93519,0.93428,0.93503,4741,23,0
2025-05-22 22:00:00,0.93503,0.93525,0.93431,0.93445,3768,25,0
2025-05-23 00:00:00,0.9345,0.93506,0.93406,0.9345,2255,27,0
2025-05-23 02:00:00,0.93451,0.93521,0.93435,0.93515,5839,27,0
2025-05-23 04:00:00,0.93513,0.93554,0.93493,0.93498,7184,27,0
2025-05-23 06:00:00,0.93498,0.93531,0.93475,0.93518,5179,27,0
2025-05-23 08:00:00,0.93517,0.93573,0.9349,0.93503,5873,25,0
2025-05-23 10:00:00,0.93502,0.93731,0.93493,0.93702,6722,25,0
2025-05-23 12:00:00,0.93703,0.93783,0.93662,0.93779,6027,25,0
2025-05-23 14:00:00,0.93778,0.93795,0.92918,0.93294,20251,23,0
2025-05-23 16:00:00,0.93293,0.93309,0.93115,0.93154,13106,25,0
2025-05-23 18:00:00,0.93152,0.93277,0.93119,0.93227,7028,25,0
2025-05-23 20:00:00,0.93228,0.93297,0.93202,0.93235,3642,25,0
2025-05-23 22:00:00,0.93236,0.93308,0.93229,0.93243,3066,25,0
2025-05-26 00:00:00,0.93242,0.93516,0.93204,0.93458,5468,27,0
2025-05-26 02:00:00,0.93459,0.93666,0.93455,0.93636,7260,27,0
2025-05-26 04:00:00,0.93635,0.93635,0.93511,0.93542,8828,27,0
2025-05-26 06:00:00,0.93545,0.93594,0.93532,0.93586,7286,27,0
2025-05-26 08:00:00,0.93587,0.93638,0.93567,0.93575,7086,25,0
2025-05-26 10:00:00,0.93576,0.93585,0.93462,0.93523,6174,25,0
2025-05-26 12:00:00,0.9352,0.93569,0.93407,0.93509,4093,25,0
2025-05-26 14:00:00,0.93508,0.93601,0.93476,0.93589,4159,25,0
2025-05-26 16:00:00,0.9359,0.93641,0.93326,0.93357,4380,25,0
2025-05-26 18:00:00,0.93356,0.93401,0.93322,0.93357,2583,25,0
2025-05-26 20:00:00,0.93355,0.9342,0.93352,0.93397,995,25,0
2025-05-26 22:00:00,0.934,0.93468,0.93397,0.93431,808,25,0
2025-05-27 00:00:00,0.93438,0.93493,0.93346,0.93457,4488,27,0
2025-05-27 02:00:00,0.93462,0.9347,0.93387,0.93436,4929,27,0
2025-05-27 04:00:00,0.93435,0.93437,0.93352,0.93418,6048,27,0
2025-05-27 06:00:00,0.93419,0.93497,0.93409,0.93477,5316,27,0
2025-05-27 08:00:00,0.93476,0.93539,0.93421,0.9347,9604,25,0
2025-05-27 10:00:00,0.93466,0.93679,0.93432,0.93617,9230,25,0
2025-05-27 12:00:00,0.93618,0.93843,0.93596,0.93838,7470,25,0
2025-05-27 14:00:00,0.93837,0.93899,0.93772,0.93804,7578,25,0
2025-05-27 16:00:00,0.93803,0.93814,0.93717,0.93757,10581,25,0
2025-05-27 18:00:00,0.93758,0.93792,0.93686,0.93704,6389,25,0
2025-05-27 20:00:00,0.93703,0.93772,0.93684,0.93767,3231,25,0
2025-05-27 22:00:00,0.93765,0.93792,0.93657,0.93668,2451,25,0
2025-05-28 00:00:00,0.9367,0.93762,0.9366,0.93744,2024,27,0
2025-05-28 02:00:00,0.93744,0.938,0.93737,0.93763,4626,27,0
2025-05-28 04:00:00,0.93762,0.93827,0.93674,0.93693,8991,25,0
2025-05-28 06:00:00,0.93694,0.93701,0.93613,0.93653,6207,25,0
2025-05-28 08:00:00,0.93652,0.9367,0.93571,0.936,6975,25,0
2025-05-28 10:00:00,0.93601,0.9371,0.93525,0.93672,6688,25,0
2025-05-28 12:00:00,0.93674,0.93788,0.93616,0.93767,5748,25,0
2025-05-28 14:00:00,0.93768,0.93782,0.93513,0.93588,6373,25,0
2025-05-28 16:00:00,0.93591,0.93678,0.93342,0.93383,10633,25,0
2025-05-28 18:00:00,0.93382,0.93468,0.93357,0.93397,6167,25,0
2025-05-28 20:00:00,0.93396,0.9343,0.93349,0.93401,3021,23,0
2025-05-28 22:00:00,0.93402,0.93425,0.93348,0.93355,3144,25,0
2025-05-29 00:00:00,0.93334,0.93453,0.9332,0.93447,2174,27,0
2025-05-29 02:00:00,0.93449,0.93713,0.93444,0.93661,17728,27,0
2025-05-29 04:00:00,0.93659,0.93696,0.93617,0.93644,10825,27,0
2025-05-29 06:00:00,0.93645,0.93665,0.93556,0.93592,7545,27,0
2025-05-29 08:00:00,0.93595,0.93705,0.93566,0.93659,8789,26,0
2025-05-29 10:00:00,0.9366,0.93666,0.93487,0.93517,8923,25,0
2025-05-29 12:00:00,0.93519,0.93545,0.93394,0.93418,6401,25,0
2025-05-29 14:00:00,0.93419,0.9356,0.93326,0.9355,11581,25,0
2025-05-29 16:00:00,0.93552,0.93611,0.93484,0.93563,11544,25,0
2025-05-29 18:00:00,0.93564,0.93631,0.93491,0.93581,6598,23,0
2025-05-29 20:00:00,0.9358,0.93628,0.93516,0.93532,3727,25,0
2025-05-29 22:00:00,0.93531,0.93562,0.9345,0.93479,2495,25,0
2025-05-30 00:00:00,0.93426,0.93541,0.93421,0.93519,3833,27,0
2025-05-30 02:00:00,0.9352,0.93565,0.93431,0.93468,6747,27,0
2025-05-30 04:00:00,0.93467,0.93476,0.93356,0.9342,8695,27,0
2025-05-30 06:00:00,0.93419,0.93439,0.93345,0.93361,6862,27,0
2025-05-30 08:00:00,0.93362,0.93451,0.93359,0.93405,7169,24,0
2025-05-30 10:00:00,0.93404,0.9346,0.93284,0.9329,8171,25,0
2025-05-30 12:00:00,0.93289,0.93393,0.93271,0.9339,5608,25,0
2025-05-30 14:00:00,0.93391,0.93435,0.93258,0.93318,10094,23,0
2025-05-30 16:00:00,0.93319,0.93366,0.9319,0.93249,13534,25,0
2025-05-30 18:00:00,0.93248,0.93398,0.93235,0.93312,9730,25,0
2025-05-30 20:00:00,0.93311,0.93399,0.93295,0.93395,5090,25,0
2025-05-30 22:00:00,0.93394,0.93428,0.9327,0.93295,4337,25,0
2025-06-02 00:00:00,0.93414,0.93457,0.93207,0.93328,5016,27,0
2025-06-02 02:00:00,0.93321,0.93416,0.93321,0.93409,6919,27,0
2025-06-02 04:00:00,0.9341,0.93474,0.93399,0.93445,7935,27,0
2025-06-02 06:00:00,0.93444,0.93469,0.9342,0.9346,5351,27,0
2025-06-02 08:00:00,0.93459,0.93487,0.93364,0.93483,6452,25,0
2025-06-02 10:00:00,0.93485,0.93529,0.93367,0.93372,9226,25,0
2025-06-02 12:00:00,0.93373,0.93397,0.93245,0.93389,6960,25,0
2025-06-02 14:00:00,0.93392,0.93428,0.93322,0.93396,7542,25,0
2025-06-02 16:00:00,0.93397,0.93496,0.93315,0.93374,12117,24,0
2025-06-02 18:00:00,0.93379,0.93448,0.93352,0.93399,7425,23,0
2025-06-02 20:00:00,0.93397,0.93475,0.93391,0.93458,4932,23,0
2025-06-02 22:00:00,0.93459,0.93484,0.93431,0.93442,3494,25,0
2025-06-03 00:00:00,0.93436,0.93561,0.93354,0.93444,2478,27,0
2025-06-03 02:00:00,0.93443,0.93488,0.93429,0.93478,5168,27,0
2025-06-03 04:00:00,0.93479,0.93528,0.93448,0.93492,7603,27,0
2025-06-03 06:00:00,0.93491,0.93508,0.93427,0.93434,5686,27,0
2025-06-03 08:00:00,0.93433,0.9351,0.93393,0.93497,6393,25,0
2025-06-03 10:00:00,0.93498,0.93501,0.93322,0.93435,7160,23,0
2025-06-03 12:00:00,0.93434,0.9349,0.93389,0.93471,5657,25,0
2025-06-03 14:00:00,0.93472,0.93688,0.93454,0.93676,7349,25,0
2025-06-03 16:00:00,0.93678,0.93806,0.93567,0.93764,10721,24,0
2025-06-03 18:00:00,0.93765,0.93765,0.93677,0.93693,6840,25,0
2025-06-03 20:00:00,0.93695,0.9372,0.93644,0.93686,3739,25,0
2025-06-03 22:00:00,0.93687,0.93703,0.93625,0.93633,2863,25,0
2025-06-04 00:00:00,0.93638,0.93689,0.93583,0.93681,1570,28,0
2025-06-04 02:00:00,0.93682,0.93722,0.93661,0.93716,4335,27,0
2025-06-04 04:00:00,0.93715,0.93741,0.9365,0.93656,5518,27,0
2025-06-04 06:00:00,0.93657,0.93719,0.93635,0.9369,4424,27,0
2025-06-04 08:00:00,0.93691,0.93709,0.93609,0.93634,6180,25,0
2025-06-04 10:00:00,0.93635,0.93785,0.93606,0.93713,7125,25,0
2025-06-04 12:00:00,0.93715,0.93791,0.93692,0.93752,6137,25,0
2025-06-04 14:00:00,0.93753,0.93769,0.93626,0.93682,9335,24,0
2025-06-04 16:00:00,0.93681,0.93718,0.93479,0.93548,11660,23,0
2025-06-04 18:00:00,0.93546,0.93582,0.9338,0.93407,7541,25,0
2025-06-04 20:00:00,0.9341,0.93446,0.93369,0.93378,4802,25,0
2025-06-04 22:00:00,0.9338,0.93475,0.93369,0.93369,4246,25,0
2025-06-05 00:00:00,0.93368,0.93484,0.9333,0.93444,2539,27,0
2025-06-05 02:00:00,0.93443,0.93472,0.93403,0.93437,5450,27,0
2025-06-05 04:00:00,0.93438,0.93477,0.93434,0.93443,5553,27,0
2025-06-05 06:00:00,0.93442,0.93489,0.93426,0.93452,4503,27,0
2025-06-05 08:00:00,0.93453,0.93511,0.93431,0.93494,4694,25,0
2025-06-05 10:00:00,0.93493,0.93667,0.93481,0.93623,7123,25,0
2025-06-05 12:00:00,0.93621,0.93652,0.93564,0.9357,6358,25,0
2025-06-05 14:00:00,0.93571,0.93858,0.93546,0.93752,11749,23,0
2025-06-05 16:00:00,0.93751,0.93983,0.9374,0.93929,17536,25,0
2025-06-05 18:00:00,0.93928,0.93949,0.93742,0.93768,9231,25,0
2025-06-05 20:00:00,0.93767,0.93877,0.93765,0.93867,5574,25,0
2025-06-05 22:00:00,0.93868,0.93898,0.93746,0.93754,6160,25,0
2025-06-06 00:00:00,0.93752,0.94009,0.93661,0.93829,1568,29,0
2025-06-06 02:00:00,0.93827,0.93913,0.93809,0.93903,3536,27,0
2025-06-06 04:00:00,0.93901,0.93916,0.93827,0.93842,4601,27,0
2025-06-06 06:00:00,0.93843,0.9385,0.93814,0.93838,3063,27,0
2025-06-06 08:00:00,0.93834,0.93955,0.93825,0.93937,5054,25,0
2025-06-06 10:00:00,0.93937,0.93959,0.93753,0.93823,6400,25,0
2025-06-06 12:00:00,0.93822,0.93841,0.93761,0.93818,5096,25,0
2025-06-06 14:00:00,0.93819,0.93904,0.93705,0.93873,11394,25,0
2025-06-06 16:00:00,0.93872,0.93916,0.93756,0.93763,13429,25,0
2025-06-06 18:00:00,0.93761,0.93829,0.9363,0.93721,8952,25,0
2025-06-06 20:00:00,0.93722,0.93734,0.93638,0.93697,4737,25,0
2025-06-06 22:00:00,0.93695,0.93704,0.93623,0.93634,3029,25,0
2025-06-09 00:00:00,0.9361,0.93688,0.9355,0.9367,1796,29,0
2025-06-09 02:00:00,0.93671,0.93706,0.93645,0.93705,3028,27,0
2025-06-09 04:00:00,0.93706,0.93749,0.93698,0.9374,4596,27,0
2025-06-09 06:00:00,0.93739,0.93753,0.93697,0.93722,3255,27,0
2025-06-09 08:00:00,0.9372,0.93746,0.93688,0.93741,4450,25,0
2025-06-09 10:00:00,0.93739,0.93754,0.93598,0.93725,5474,25,0
2025-06-09 12:00:00,0.93726,0.93739,0.93678,0.93703,4618,25,0
2025-06-09 14:00:00,0.93704,0.93742,0.93645,0.93703,6330,25,0
2025-06-09 16:00:00,0.93704,0.93739,0.93594,0.93728,7495,25,0
2025-06-09 18:00:00,0.9373,0.93791,0.93687,0.93783,4899,25,0
2025-06-09 20:00:00,0.93784,0.93846,0.93764,0.93846,3577,25,0
2025-06-09 22:00:00,0.93846,0.93855,0.93778,0.93783,2679,25,0
2025-06-10 00:00:00,0.93786,0.93888,0.93743,0.9383,1467,28,0
2025-06-10 02:00:00,0.93831,0.93872,0.9382,0.93829,3957,27,0
2025-06-10 04:00:00,0.9383,0.93854,0.9379,0.93792,6759,27,0
2025-06-10 06:00:00,0.93791,0.93796,0.93724,0.93752,3713,27,0
2025-06-10 08:00:00,0.93751,0.93754,0.9366,0.93701,8400,25,0
2025-06-10 10:00:00,0.937,0.93729,0.93621,0.9366,9065,25,0
2025-06-10 12:00:00,0.9366,0.93812,0.93657,0.93806,5922,25,0
2025-06-10 14:00:00,0.93804,0.93937,0.93754,0.93928,6840,25,0
2025-06-10 16:00:00,0.93927,0.93965,0.9385,0.93895,8222,25,0
2025-06-10 18:00:00,0.93894,0.93973,0.93861,0.93918,6289,25,0
2025-06-10 20:00:00,0.93917,0.9399,0.93905,0.93974,3947,25,0
2025-06-10 22:00:00,0.93973,0.94028,0.93934,0.93935,3618,25,0
2025-06-11 00:00:00,0.93932,0.94017,0.93856,0.94009,2281,29,0
2025-06-11 02:00:00,0.94007,0.94027,0.93877,0.93887,5520,27,0
2025-06-11 04:00:00,0.93888,0.93938,0.93865,0.93902,5161,27,0
2025-06-11 06:00:00,0.93901,0.93919,0.9389,0.939,3678,27,0
2025-06-11 08:00:00,0.93899,0.93973,0.93889,0.93906,4641,25,0
2025-06-11 10:00:00,0.93908,0.93967,0.93883,0.93951,5883,25,0
2025-06-11 12:00:00,0.93952,0.94044,0.93943,0.94019,5413,25,0
2025-06-11 14:00:00,0.94017,0.94087,0.93891,0.94038,10072,25,0
2025-06-11 16:00:00,0.94037,0.9413,0.93964,0.94106,9571,23,0
2025-06-11 18:00:00,0.94104,0.94266,0.94082,0.94255,6226,25,0
2025-06-11 20:00:00,0.94256,0.9428,0.94178,0.94229,5304,25,0
2025-06-11 22:00:00,0.9423,0.94243,0.94172,0.94172,4220,25,0
2025-06-12 00:00:00,0.94172,0.9422,0.94089,0.94207,2593,27,0
2025-06-12 02:00:00,0.94206,0.94226,0.94156,0.94188,5799,27,0
2025-06-12 04:00:00,0.94187,0.94188,0.94032,0.94042,6332,27,0
2025-06-12 06:00:00,0.94043,0.94081,0.94042,0.94056,5208,27,0
2025-06-12 08:00:00,0.94055,0.94126,0.94019,0.94049,6539,24,0
2025-06-12 10:00:00,0.9405,0.94076,0.93906,0.94029,9731,25,0
2025-06-12 12:00:00,0.94028,0.94244,0.94023,0.94156,10877,25,0
2025-06-12 14:00:00,0.94155,0.94286,0.94104,0.94166,10919,25,0
2025-06-12 16:00:00,0.94165,0.94199,0.94059,0.94161,10080,25,0
2025-06-12 18:00:00,0.94159,0.94208,0.93962,0.94009,8551,25,0
2025-06-12 20:00:00,0.9401,0.9401,0.93901,0.93943,4787,25,0
2025-06-12 22:00:00,0.93942,0.93954,0.93802,0.93802,4295,25,0
2025-06-13 00:00:00,0.93727,0.93989,0.93697,0.93889,1370,27,0
2025-06-13 02:00:00,0.93891,0.93901,0.93159,0.93265,14347,27,0
2025-06-13 04:00:00,0.93262,0.93306,0.9306,0.93137,13301,27,0
2025-06-13 06:00:00,0.93138,0.93345,0.93082,0.93297,7584,27,0
2025-06-13 08:00:00,0.93298,0.93586,0.93286,0.93578,10162,25,0
2025-06-13 10:00:00,0.93577,0.93707,0.93557,0.93648,10420,25,0
2025-06-13 12:00:00,0.93647,0.93742,0.93583,0.93628,9660,25,0
2025-06-13 14:00:00,0.93629,0.93646,0.93545,0.93613,7641,25,0
2025-06-13 16:00:00,0.93614,0.93723,0.93588,0.93718,10112,25,0
2025-06-13 18:00:00,0.93719,0.93864,0.93706,0.93738,7137,25,0
2025-06-13 20:00:00,0.93737,0.93738,0.93592,0.93644,6376,25,0
2025-06-13 22:00:00,0.93642,0.93697,0.93597,0.93648,5808,25,0
2025-06-16 00:00:00,0.93485,0.93694,0.93449,0.93621,7877,27,0
2025-06-16 02:00:00,0.93626,0.93681,0.93578,0.93634,8164,27,0
2025-06-16 04:00:00,0.93633,0.93692,0.93555,0.93667,6857,27,0
2025-06-16 06:00:00,0.93666,0.9376,0.93642,0.93734,3943,27,0
2025-06-16 08:00:00,0.93733,0.93955,0.93714,0.93934,7584,25,0
2025-06-16 10:00:00,0.93931,0.94179,0.93905,0.94014,8106,25,0
2025-06-16 12:00:00,0.94013,0.94034,0.93802,0.93809,6014,25,0
2025-06-16 14:00:00,0.9381,0.93963,0.9379,0.93947,6487,25,0
2025-06-16 16:00:00,0.93945,0.9405,0.93841,0.93966,10254,25,0
2025-06-16 18:00:00,0.93965,0.94026,0.93944,0.94015,6051,25,0
2025-06-16 20:00:00,0.94015,0.94117,0.93989,0.94106,4233,25,0
2025-06-16 22:00:00,0.94106,0.94164,0.94018,0.94026,3909,25,0
2025-06-17 00:00:00,0.94074,0.9414,0.93939,0.94001,2592,28,0
2025-06-17 02:00:00,0.94003,0.94067,0.93958,0.94061,6086,27,0
2025-06-17 04:00:00,0.94062,0.94122,0.93983,0.94109,5868,27,0
2025-06-17 06:00:00,0.94107,0.94108,0.93988,0.94042,5565,27,0
2025-06-17 08:00:00,0.94043,0.94092,0.93926,0.93936,6353,25,0
2025-06-17 10:00:00,0.93937,0.93991,0.93845,0.93889,7616,25,0
2025-06-17 12:00:00,0.9389,0.93963,0.93871,0.9396,6009,25,0
2025-06-17 14:00:00,0.93961,0.94076,0.93921,0.94037,7406,25,0
2025-06-17 16:00:00,0.94037,0.94174,0.93902,0.94007,9839,25,0
2025-06-17 18:00:00,0.94008,0.94014,0.93729,0.93754,7302,25,0
2025-06-17 20:00:00,0.93753,0.93786,0.93586,0.9378,6387,25,0
2025-06-17 22:00:00,0.93779,0.93788,0.93637,0.93637,4209,25,0
2025-06-18 00:00:00,0.93638,0.93778,0.93332,0.93752,2881,29,0
2025-06-18 02:00:00,0.93756,0.93873,0.9374,0.93864,4976,27,0
2025-06-18 04:00:00,0.93863,0.93903,0.93843,0.93852,6470,27,0
2025-06-18 06:00:00,0.93851,0.93927,0.93847,0.93923,4636,27,0
2025-06-18 08:00:00,0.93922,0.9397,0.93825,0.93849,5945,25,0
2025-06-18 10:00:00,0.93848,0.94121,0.93846,0.93983,6722,25,0
2025-06-18 12:00:00,0.93984,0.94082,0.93891,0.93896,6288,25,0
2025-06-18 14:00:00,0.93895,0.94069,0.93892,0.93957,6819,25,0
2025-06-18 16:00:00,0.93955,0.94124,0.93888,0.94098,9744,24,0
2025-06-18 18:00:00,0.94099,0.94215,0.94031,0.94051,6101,23,0
2025-06-18 20:00:00,0.9405,0.9408,0.93933,0.93978,10560,25,0
2025-06-18 22:00:00,0.9398,0.94048,0.93915,0.93922,7955,25,0
2025-06-19 00:00:00,0.9398,0.93997,0.93835,0.93971,1970,27,0
2025-06-19 02:00:00,0.93969,0.94024,0.93936,0.94017,6498,27,0
2025-06-19 04:00:00,0.94018,0.94018,0.93896,0.9393,7416,27,0
2025-06-19 06:00:00,0.93931,0.93996,0.93931,0.93995,3695,27,0
2025-06-19 08:00:00,0.93996,0.9411,0.93953,0.94105,6913,25,0
2025-06-19 10:00:00,0.94106,0.94176,0.93627,0.93641,11224,23,0
2025-06-19 12:00:00,0.93639,0.93888,0.936,0.93825,7260,25,0
2025-06-19 14:00:00,0.93826,0.93897,0.93786,0.9382,5974,24,0
2025-06-19 16:00:00,0.93819,0.93944,0.93789,0.93913,5893,25,0
2025-06-19 18:00:00,0.93914,0.9395,0.93793,0.93796,4663,25,0
2025-06-19 20:00:00,0.93795,0.93933,0.93792,0.93883,2556,25,0
2025-06-19 22:00:00,0.93882,0.93892,0.9379,0.9381,3706,25,0
2025-06-20 00:00:00,0.93809,0.93923,0.93701,0.9391,1890,28,0
2025-06-20 02:00:00,0.93913,0.94023,0.93911,0.94007,4465,27,0
2025-06-20 04:00:00,0.94006,0.94104,0.93957,0.94079,5496,27,0
2025-06-20 06:00:00,0.9408,0.9413,0.94016,0.94124,4686,27,0
2025-06-20 08:00:00,0.94125,0.94135,0.93892,0.93941,6171,23,0
2025-06-20 10:00:00,0.93937,0.94022,0.93908,0.94012,5908,25,0
2025-06-20 12:00:00,0.94011,0.94163,0.94011,0.94118,4867,25,0
2025-06-20 14:00:00,0.94119,0.94182,0.94036,0.94064,6826,25,0
2025-06-20 16:00:00,0.94065,0.94172,0.94017,0.94138,8311,25,0
2025-06-20 18:00:00,0.94139,0.94217,0.9409,0.94199,6324,25,0
2025-06-20 20:00:00,0.942,0.94232,0.94176,0.94199,3026,25,0
2025-06-20 22:00:00,0.942,0.94243,0.94164,0.94169,3059,25,0
2025-06-23 00:00:00,0.93554,0.94024,0.9355,0.93994,5927,27,0
2025-06-23 02:00:00,0.93996,0.94092,0.93981,0.94045,7936,27,0
2025-06-23 04:00:00,0.94044,0.94084,0.93991,0.94008,7186,27,0
2025-06-23 06:00:00,0.94009,0.94038,0.93945,0.93998,6349,27,0
2025-06-23 08:00:00,0.93999,0.94089,0.9394,0.93951,7744,25,0
2025-06-23 10:00:00,0.93952,0.93991,0.9386,0.93903,9773,23,0
2025-06-23 12:00:00,0.93903,0.93941,0.93766,0.93823,8788,25,0
2025-06-23 14:00:00,0.93824,0.93922,0.93744,0.93825,7763,25,0
2025-06-23 16:00:00,0.93826,0.94049,0.93745,0.9382,12868,24,0
2025-06-23 18:00:00,0.93819,0.93901,0.93769,0.9386,9773,25,0
2025-06-23 20:00:00,0.93861,0.94025,0.93852,0.94018,7125,25,0
2025-06-23 22:00:00,0.94016,0.94076,0.93958,0.94004,3994,25,0
2025-06-24 00:00:00,0.94002,0.94188,0.93927,0.94166,3324,27,0
2025-06-24 02:00:00,0.94171,0.94266,0.94157,0.94192,7299,27,0
2025-06-24 04:00:00,0.94193,0.94243,0.94164,0.9419,6146,27,0
2025-06-24 06:00:00,0.94189,0.94225,0.94143,0.9421,3913,27,0
2025-06-24 08:00:00,0.94211,0.94249,0.94095,0.94183,7561,25,0
2025-06-24 10:00:00,0.9418,0.94205,0.94039,0.94047,10070,23,0
2025-06-24 12:00:00,0.9405,0.94084,0.9393,0.93947,6532,25,0
2025-06-24 14:00:00,0.93946,0.93975,0.93713,0.93753,6701,25,0
2025-06-24 16:00:00,0.93752,0.93781,0.93485,0.93539,12041,23,0
2025-06-24 18:00:00,0.93538,0.93564,0.93385,0.93463,7799,25,0
2025-06-24 20:00:00,0.93462,0.93523,0.93437,0.93485,3839,25,0
2025-06-24 22:00:00,0.93484,0.93525,0.93434,0.93454,3597,25,0
2025-06-25 00:00:00,0.93441,0.9351,0.93403,0.9346,2889,29,0
2025-06-25 02:00:00,0.93461,0.93545,0.93445,0.93522,5040,27,0
2025-06-25 04:00:00,0.93523,0.93588,0.9351,0.93544,5459,27,0
2025-06-25 06:00:00,0.93545,0.93585,0.93487,0.93493,3461,27,0
2025-06-25 08:00:00,0.93494,0.93512,0.93447,0.93488,5818,25,0
2025-06-25 10:00:00,0.93486,0.93521,0.93317,0.93499,7596,25,0
2025-06-25 12:00:00,0.935,0.93669,0.9349,0.93587,6540,25,0
2025-06-25 14:00:00,0.93586,0.93625,0.93523,0.93561,5459,25,0
2025-06-25 16:00:00,0.9356,0.93653,0.93524,0.93637,7627,23,0
2025-06-25 18:00:00,0.93636,0.93694,0.93586,0.93637,5130,25,0
2025-06-25 20:00:00,0.93638,0.93767,0.93633,0.93762,4063,25,0
2025-06-25 22:00:00,0.93761,0.9383,0.93746,0.93762,3083,25,0
2025-06-26 00:00:00,0.93762,0.93822,0.93656,0.938,1308,28,0
2025-06-26 02:00:00,0.93798,0.93909,0.93794,0.93861,4499,27,0
2025-06-26 04:00:00,0.93859,0.93934,0.93821,0.93921,4976,27,0
2025-06-26 06:00:00,0.93922,0.94006,0.93848,0.93853,5058,27,0
2025-06-26 08:00:00,0.93851,0.93895,0.9378,0.9385,6137,25,0
2025-06-26 10:00:00,0.93849,0.9389,0.93687,0.93751,10211,25,0
2025-06-26 12:00:00,0.93751,0.93832,0.93718,0.93788,7248,23,0
2025-06-26 14:00:00,0.93788,0.93824,0.93628,0.93666,8783,25,0
2025-06-26 16:00:00,0.93668,0.93723,0.93546,0.93634,10645,25,0
2025-06-26 18:00:00,0.93636,0.93704,0.93589,0.937,6786,25,0
2025-06-26 20:00:00,0.93699,0.93719,0.93638,0.93648,4529,25,0
2025-06-26 22:00:00,0.93649,0.93651,0.93562,0.93571,3976,25,0
2025-06-27 00:00:00,0.93572,0.93666,0.93463,0.9362,2097,28,0
2025-06-27 02:00:00,0.93621,0.93689,0.93603,0.9366,4419,27,0
2025-06-27 04:00:00,0.93659,0.93678,0.93583,0.9367,4861,27,0
2025-06-27 06:00:00,0.93671,0.93687,0.93624,0.93624,3024,27,0
2025-06-27 08:00:00,0.93628,0.937,0.93616,0.937,5634,25,0
2025-06-27 10:00:00,0.93698,0.93756,0.93475,0.93477,6785,25,0
2025-06-27 12:00:00,0.93476,0.93517,0.93404,0.93516,5508,25,0
2025-06-27 14:00:00,0.93517,0.93636,0.93482,0.93536,8019,25,0
2025-06-27 16:00:00,0.93535,0.93796,0.9351,0.93684,10743,25,0
2025-06-27 18:00:00,0.93685,0.93705,0.93569,0.93679,5546,25,0
2025-06-27 20:00:00,0.9368,0.93731,0.93519,0.93557,6668,25,0
2025-06-27 22:00:00,0.93558,0.93651,0.93521,0.93536,3576,25,0
2025-06-30 00:00:00,0.93674,0.93709,0.9359,0.93665,3898,28,0
2025-06-30 02:00:00,0.93666,0.93697,0.936,0.93619,3342,27,0
2025-06-30 04:00:00,0.93616,0.9367,0.9358,0.93605,5746,27,0
2025-06-30 06:00:00,0.93606,0.93655,0.93592,0.93637,4002,27,0
2025-06-30 08:00:00,0.93636,0.93682,0.93548,0.93665,5582,25,0
2025-06-30 10:00:00,0.93664,0.93723,0.93518,0.93542,8836,25,0
2025-06-30 12:00:00,0.9354,0.9354,0.93384,0.93427,6418,25,0
2025-06-30 14:00:00,0.93428,0.93482,0.93394,0.93468,5574,25,0
2025-06-30 16:00:00,0.93469,0.93558,0.93383,0.93426,9433,25,0
2025-06-30 18:00:00,0.93428,0.93475,0.93348,0.93404,7974,25,0
2025-06-30 20:00:00,0.93405,0.93426,0.93338,0.93411,4431,25,0
2025-06-30 22:00:00,0.93409,0.9347,0.934,0.93458,3533,25,0
2025-07-01 00:00:00,0.93424,0.93486,0.93296,0.93457,2025,28,0
2025-07-01 02:00:00,0.93458,0.93463,0.93361,0.93414,3592,27,0
2025-07-01 04:00:00,0.93415,0.93453,0.93356,0.93412,4333,27,0
2025-07-01 06:00:00,0.93411,0.93432,0.93367,0.93389,3224,27,0
2025-07-01 08:00:00,0.93388,0.93388,0.9328,0.93286,5321,25,0
2025-07-01 10:00:00,0.93285,0.93297,0.93082,0.93203,8745,25,0
2025-07-01 12:00:00,0.93204,0.93218,0.9305,0.93144,8397,25,0
2025-07-01 14:00:00,0.93141,0.93304,0.93092,0.93257,6902,25,0
2025-07-01 16:00:00,0.93256,0.93368,0.93088,0.93249,11460,23,0
2025-07-01 18:00:00,0.93248,0.93447,0.93242,0.93354,7739,25,0
2025-07-01 20:00:00,0.93354,0.93421,0.93347,0.93371,3310,25,0
2025-07-01 22:00:00,0.9337,0.93438,0.9331,0.93315,3528,25,0
2025-07-02 00:00:00,0.93242,0.93387,0.9305,0.93373,1819,29,0
2025-07-02 02:00:00,0.93372,0.93381,0.93293,0.93315,2931,27,0
2025-07-02 04:00:00,0.93316,0.93358,0.93284,0.93307,3815,27,0
2025-07-02 06:00:00,0.93308,0.93352,0.933,0.93347,2729,27,0
2025-07-02 08:00:00,0.93348,0.9338,0.93306,0.93325,4143,25,0
2025-07-02 10:00:00,0.93326,0.93428,0.93264,0.93308,5889,25,0
2025-07-02 12:00:00,0.93309,0.93356,0.93219,0.93244,5332,25,0
2025-07-02 14:00:00,0.93243,0.933,0.9313,0.93198,9594,25,0
2025-07-02 16:00:00,0.93199,0.93356,0.93187,0.93356,9543,25,0
2025-07-02 18:00:00,0.93354,0.93426,0.93311,0.93338,5623,25,0
2025-07-02 20:00:00,0.93337,0.93421,0.93335,0.93372,3014,25,0
2025-07-02 22:00:00,0.93371,0.9343,0.93363,0.93401,2068,25,0
2025-07-03 00:00:00,0.9341,0.93494,0.93272,0.9341,1808,27,0
2025-07-03 02:00:00,0.93412,0.93423,0.93386,0.93417,2976,27,0
2025-07-03 04:00:00,0.9342,0.93424,0.93339,0.93358,3211,27,0
2025-07-03 06:00:00,0.93359,0.93381,0.93328,0.93343,2284,27,0
2025-07-03 08:00:00,0.93344,0.93398,0.93225,0.9325,4424,25,0
2025-07-03 10:00:00,0.93252,0.93434,0.93211,0.93415,5484,25,0
2025-07-03 12:00:00,0.93415,0.93474,0.93378,0.93465,4624,25,0
2025-07-03 14:00:00,0.93464,0.93634,0.93345,0.936,10201,25,0
2025-07-03 16:00:00,0.93598,0.9363,0.935,0.93541,12174,25,0
2025-07-03 18:00:00,0.93546,0.93584,0.93415,0.93472,5970,25,0
2025-07-03 20:00:00,0.93471,0.93524,0.93453,0.93521,2748,25,0
2025-07-03 22:00:00,0.9352,0.9352,0.93427,0.93427,2718,25,0
2025-07-04 00:00:00,0.93392,0.93547,0.93327,0.9348,2043,27,0
2025-07-04 02:00:00,0.93479,0.93494,0.93439,0.93452,4053,27,0
2025-07-04 04:00:00,0.93451,0.93477,0.93433,0.93442,4353,27,0
2025-07-04 06:00:00,0.93443,0.93462,0.9339,0.9342,3314,27,0
2025-07-04 08:00:00,0.93419,0.93422,0.93338,0.9337,4529,26,0
2025-07-04 10:00:00,0.93371,0.93477,0.93367,0.93408,6126,25,0
2025-07-04 12:00:00,0.93405,0.93484,0.93388,0.93471,4789,25,0
2025-07-04 14:00:00,0.93471,0.93485,0.9342,0.93449,4001,25,0
2025-07-04 16:00:00,0.9345,0.93482,0.93388,0.93445,4319,25,0
2025-07-04 18:00:00,0.93442,0.93468,0.93398,0.93399,2532,25,0
2025-07-04 20:00:00,0.93398,0.93454,0.93375,0.93449,22732,25,0
2025-07-04 22:00:00,0.93447,0.93617,0.93445,0.93459,21907,25,0
2025-07-07 00:00:00,0.93536,0.93575,0.93402,0.93528,1913,29,0
2025-07-07 02:00:00,0.93526,0.93566,0.93503,0.93504,3478,27,0
2025-07-07 04:00:00,0.93501,0.93522,0.93447,0.935,4160,27,0
2025-07-07 06:00:00,0.93499,0.9354,0.93492,0.93517,4035,27,0
2025-07-07 08:00:00,0.93518,0.93549,0.93415,0.93468,5325,25,0
2025-07-07 10:00:00,0.93467,0.93542,0.9344,0.93445,6246,25,0
2025-07-07 12:00:00,0.93446,0.93547,0.93431,0.93483,5069,25,0
2025-07-07 14:00:00,0.93484,0.93576,0.93455,0.93536,5568,25,0
2025-07-07 16:00:00,0.93535,0.93564,0.93463,0.93531,5985,25,0
2025-07-07 18:00:00,0.93533,0.93547,0.93338,0.93371,6819,25,0
2025-07-07 20:00:00,0.93372,0.93544,0.93357,0.93536,5843,25,0
2025-07-07 22:00:00,0.93537,0.93549,0.93397,0.93397,2737,25,0
2025-07-08 00:00:00,0.93457,0.9354,0.93336,0.9354,2163,28,0
2025-07-08 02:00:00,0.93541,0.93581,0.93521,0.93577,4481,27,0
2025-07-08 04:00:00,0.93578,0.9358,0.93511,0.93515,5248,27,0
2025-07-08 06:00:00,0.93516,0.93579,0.93477,0.93493,3587,25,0
2025-07-08 08:00:00,0.93494,0.9358,0.9349,0.93553,5462,25,0
2025-07-08 10:00:00,0.93552,0.93656,0.9353,0.93562,5991,25,0
2025-07-08 12:00:00,0.93561,0.93577,0.93473,0.93532,4836,25,0
2025-07-08 14:00:00,0.93533,0.9355,0.93476,0.93537,5437,25,0
2025-07-08 16:00:00,0.93538,0.9357,0.93243,0.93289,8305,25,0
2025-07-08 18:00:00,0.93291,0.93355,0.93266,0.93297,6401,25,0
2025-07-08 20:00:00,0.93298,0.93352,0.93237,0.93302,4996,25,0
2025-07-08 22:00:00,0.93304,0.93336,0.93267,0.93267,3240,25,0
2025-07-09 00:00:00,0.93538,0.93538,0.93212,0.93318,2095,29,0
2025-07-09 02:00:00,0.93312,0.93351,0.93294,0.93345,3016,27,0
2025-07-09 04:00:00,0.93344,0.93359,0.93306,0.93327,5207,27,0
2025-07-09 06:00:00,0.93326,0.93368,0.93308,0.93355,3715,27,0
2025-07-09 08:00:00,0.93354,0.93391,0.93329,0.93354,4025,25,0
2025-07-09 10:00:00,0.93355,0.93399,0.93247,0.93271,6230,25,0
2025-07-09 12:00:00,0.93272,0.93285,0.93158,0.93162,4736,25,0
2025-07-09 14:00:00,0.9316,0.93252,0.93156,0.9321,5890,25,0
2025-07-09 16:00:00,0.93211,0.93216,0.93029,0.93108,7167,25,0
2025-07-09 18:00:00,0.93107,0.93179,0.93088,0.93092,3858,25,0
2025-07-09 20:00:00,0.93093,0.93118,0.93069,0.93093,3103,25,0
2025-07-09 22:00:00,0.93096,0.93121,0.93013,0.93018,2881,25,0
2025-07-10 00:00:00,0.93017,0.93134,0.92798,0.93039,3656,27,0
2025-07-10 02:00:00,0.93037,0.93062,0.92999,0.93044,3224,27,0
2025-07-10 04:00:00,0.93042,0.93159,0.93042,0.93154,3072,27,0
2025-07-10 06:00:00,0.93153,0.93196,0.93152,0.9317,2646,27,0
2025-07-10 08:00:00,0.93171,0.9325,0.9317,0.93209,3283,25,0
2025-07-10 10:00:00,0.93208,0.93264,0.93101,0.93237,4411,25,0
2025-07-10 12:00:00,0.93239,0.93245,0.93157,0.93171,2871,25,0
2025-07-10 14:00:00,0.93171,0.93245,0.93139,0.93219,4911,24,0
2025-07-10 16:00:00,0.9322,0.93266,0.93096,0.93127,8332,25,0
2025-07-10 18:00:00,0.93125,0.93219,0.93087,0.93202,5123,25,0
2025-07-10 20:00:00,0.93201,0.93208,0.93162,0.93184,3076,25,0
2025-07-10 22:00:00,0.93183,0.93219,0.93111,0.93218,2752,25,0
2025-07-11 00:00:00,0.93218,0.9324,0.93057,0.93218,2850,28,0
2025-07-11 02:00:00,0.93219,0.93252,0.93029,0.93091,4919,27,0
2025-07-11 04:00:00,0.93089,0.93154,0.9308,0.93111,4678,27,0
2025-07-11 06:00:00,0.93112,0.93146,0.93091,0.9311,4504,27,0
2025-07-11 08:00:00,0.93109,0.93135,0.93066,0.93128,4711,25,0
2025-07-11 10:00:00,0.93132,0.93163,0.93061,0.9313,5082,25,0
2025-07-11 12:00:00,0.93131,0.93144,0.93014,0.93022,4152,25,0
2025-07-11 14:00:00,0.93021,0.93138,0.93009,0.93075,5727,23,0
2025-07-11 16:00:00,0.93074,0.9317,0.93029,0.93103,7741,25,0
2025-07-11 18:00:00,0.93104,0.93167,0.93072,0.9308,4888,25,0
2025-07-11 20:00:00,0.93079,0.93175,0.93068,0.93162,2817,25,0
2025-07-11 22:00:00,0.93161,0.93165,0.93004,0.93049,3708,25,0
2025-07-14 00:00:00,0.93042,0.93042,0.92817,0.93009,3590,27,0
2025-07-14 02:00:00,0.9301,0.93082,0.92998,0.93067,5633,27,0
2025-07-14 04:00:00,0.93068,0.93089,0.93045,0.93067,5438,27,0
2025-07-14 06:00:00,0.93066,0.93094,0.93052,0.93075,4411,27,0
2025-07-14 08:00:00,0.93076,0.93086,0.93017,0.93054,5000,25,0
2025-07-14 10:00:00,0.93055,0.93199,0.9305,0.9311,5569,25,0
2025-07-14 12:00:00,0.93111,0.9317,0.93082,0.93108,3571,25,0
2025-07-14 14:00:00,0.93109,0.9314,0.92986,0.9302,4443,25,0
2025-07-14 16:00:00,0.93019,0.93098,0.92951,0.93068,5952,25,0
2025-07-14 18:00:00,0.93067,0.93139,0.93032,0.93042,5365,25,0
2025-07-14 20:00:00,0.9304,0.9312,0.93025,0.93104,2638,25,0
2025-07-14 22:00:00,0.93103,0.93117,0.93021,0.93022,2471,25,0
2025-07-15 00:00:00,0.92966,0.93084,0.92904,0.93077,1982,27,0
2025-07-15 02:00:00,0.93076,0.93092,0.93024,0.93026,4202,27,0
2025-07-15 04:00:00,0.93027,0.93105,0.93017,0.93035,5504,27,0
2025-07-15 06:00:00,0.93034,0.93043,0.93002,0.9304,3228,27,0
2025-07-15 08:00:00,0.93041,0.93086,0.92965,0.92977,3801,25,0
2025-07-15 10:00:00,0.92976,0.93028,0.92937,0.92996,4488,25,0
2025-07-15 12:00:00,0.92994,0.93031,0.92961,0.9299,3710,25,0
2025-07-15 14:00:00,0.92989,0.93025,0.92904,0.92977,6876,25,0
2025-07-15 16:00:00,0.92975,0.93103,0.92923,0.93006,10962,25,0
2025-07-15 18:00:00,0.93005,0.93062,0.9297,0.92973,6948,25,0
2025-07-15 20:00:00,0.92974,0.93046,0.92966,0.93017,3303,25,0
2025-07-15 22:00:00,0.93018,0.93038,0.92932,0.92932,2481,25,0
2025-07-16 00:00:00,0.92931,0.93022,0.92761,0.9302,2502,27,0
2025-07-16 02:00:00,0.93018,0.93056,0.93005,0.93045,4080,27,0
2025-07-16 04:00:00,0.93046,0.93082,0.93034,0.93079,4672,27,0
2025-07-16 06:00:00,0.93078,0.9312,0.93074,0.9311,3727,27,0
2025-07-16 08:00:00,0.93111,0.93126,0.93039,0.93082,4713,25,0
2025-07-16 10:00:00,0.93081,0.93137,0.93043,0.93135,4710,25,0
2025-07-16 12:00:00,0.93136,0.9314,0.93069,0.93103,3928,25,0
2025-07-16 14:00:00,0.93102,0.93331,0.93094,0.9322,7616,24,0
2025-07-16 16:00:00,0.93221,0.93288,0.93125,0.93238,9962,23,0
2025-07-16 18:00:00,0.93235,0.93303,0.93095,0.93161,22350,25,0
2025-07-16 20:00:00,0.93162,0.93218,0.93124,0.93214,6143,25,0
2025-07-16 22:00:00,0.93215,0.93232,0.93146,0.93146,4569,25,0
2025-07-17 00:00:00,0.93147,0.9324,0.92977,0.93197,3307,27,0
2025-07-17 02:00:00,0.93193,0.93232,0.93162,0.93232,4826,27,0
2025-07-17 04:00:00,0.93231,0.93241,0.93159,0.93205,5527,27,0
2025-07-17 06:00:00,0.93206,0.93271,0.93181,0.93261,3771,27,0
2025-07-17 08:00:00,0.9326,0.93267,0.93145,0.93197,6227,25,0
2025-07-17 10:00:00,0.93198,0.93239,0.93151,0.9319,5766,25,0
2025-07-17 12:00:00,0.93192,0.93223,0.93162,0.9317,4187,25,0
2025-07-17 14:00:00,0.93171,0.93239,0.93133,0.93222,6685,25,0
2025-07-17 16:00:00,0.93221,0.93286,0.93205,0.93267,7524,25,0
2025-07-17 18:00:00,0.93269,0.93332,0.93245,0.93316,4590,25,0
2025-07-17 20:00:00,0.93316,0.93346,0.93299,0.9332,3025,25,0
2025-07-17 22:00:00,0.93319,0.93343,0.93219,0.93219,2949,25,0
2025-07-18 00:00:00,0.93218,0.9334,0.93153,0.93265,3014,27,0
2025-07-18 02:00:00,0.93261,0.93327,0.93232,0.93326,5216,27,0
2025-07-18 04:00:00,0.93327,0.93339,0.93289,0.93325,5060,27,0
2025-07-18 06:00:00,0.93325,0.93327,0.93263,0.93274,3719,27,0
2025-07-18 08:00:00,0.93274,0.9337,0.93266,0.93343,3888,25,0
2025-07-18 10:00:00,0.93342,0.93366,0.93288,0.93336,4624,25,0
2025-07-18 12:00:00,0.93337,0.93391,0.93298,0.93304,3616,25,0
2025-07-18 14:00:00,0.93303,0.93323,0.93197,0.93201,5192,25,0
2025-07-18 16:00:00,0.93196,0.93265,0.93146,0.93177,7629,25,0
2025-07-18 18:00:00,0.93176,0.93188,0.93095,0.93106,5548,25,0
2025-07-18 20:00:00,0.93107,0.9316,0.93095,0.93158,3819,25,0
2025-07-18 22:00:00,0.93159,0.93199,0.93083,0.93134,3893,25,0
2025-07-21 00:00:00,0.92978,0.93191,0.92962,0.93171,4339,27,0
2025-07-21 02:00:00,0.9317,0.93193,0.93138,0.9315,4701,27,0
2025-07-21 04:00:00,0.93151,0.93173,0.93138,0.93155,4653,27,0
2025-07-21 06:00:00,0.93156,0.93194,0.93152,0.93184,3198,27,0
2025-07-21 08:00:00,0.93185,0.93205,0.93148,0.93161,3911,25,0
2025-07-21 10:00:00,0.93162,0.93257,0.93121,0.93158,4945,25,0
2025-07-21 12:00:00,0.93159,0.93236,0.93155,0.93195,3668,25,0
2025-07-21 14:00:00,0.93194,0.93249,0.93148,0.93222,5064,25,0
2025-07-21 16:00:00,0.93223,0.93319,0.93164,0.93303,6849,25,0
2025-07-21 18:00:00,0.93302,0.93327,0.93263,0.93302,5267,25,0
2025-07-21 20:00:00,0.93301,0.93308,0.93267,0.93289,3201,25,0
2025-07-21 22:00:00,0.93289,0.93329,0.93229,0.93229,2648,25,0
2025-07-22 00:00:00,0.9331,0.9341,0.93164,0.93314,3584,27,0
2025-07-22 02:00:00,0.93315,0.93368,0.93284,0.93293,3881,27,0
2025-07-22 04:00:00,0.93292,0.9331,0.93262,0.93277,4540,27,0
2025-07-22 06:00:00,0.93277,0.93296,0.93236,0.93238,3953,27,0
2025-07-22 08:00:00,0.93237,0.93345,0.93228,0.93316,4083,25,0
2025-07-22 10:00:00,0.93315,0.93337,0.93135,0.9323,4859,25,0
2025-07-22 12:00:00,0.93231,0.93317,0.93229,0.93272,3671,25,0
2025-07-22 14:00:00,0.93273,0.93303,0.93196,0.93238,5006,25,0
2025-07-22 16:00:00,0.93234,0.9326,0.93121,0.93254,8624,25,0
2025-07-22 18:00:00,0.93252,0.93254,0.93065,0.93115,6722,25,0
2025-07-22 20:00:00,0.93114,0.93146,0.93095,0.93118,2814,25,0
2025-07-22 22:00:00,0.93116,0.93131,0.93057,0.93074,2516,25,0
2025-07-23 00:00:00,0.93079,0.93113,0.92972,0.9311,3107,27,0
2025-07-23 02:00:00,0.93109,0.93165,0.93101,0.93151,5920,27,0
2025-07-23 04:00:00,0.9315,0.93161,0.93114,0.93143,6570,27,0
2025-07-23 06:00:00,0.93143,0.93175,0.93095,0.93136,4006,27,0
2025-07-23 08:00:00,0.93137,0.9317,0.93081,0.93111,4662,25,0
2025-07-23 10:00:00,0.9311,0.93119,0.92924,0.92983,5893,25,0
2025-07-23 12:00:00,0.92983,0.9302,0.92953,0.92968,4393,25,0
2025-07-23 14:00:00,0.92967,0.93072,0.92956,0.93043,4808,25,0
2025-07-23 16:00:00,0.93044,0.93166,0.93027,0.93131,7291,23,0
2025-07-23 18:00:00,0.93132,0.93337,0.9309,0.93335,7870,25,0
2025-07-23 20:00:00,0.93336,0.93421,0.93306,0.9331,4703,25,0
2025-07-23 22:00:00,0.93311,0.93311,0.93202,0.93204,3840,25,0
2025-07-24 00:00:00,0.9323,0.93376,0.93179,0.93254,3748,27,0
2025-07-24 02:00:00,0.93255,0.93274,0.93228,0.93262,4913,27,0
2025-07-24 04:00:00,0.93259,0.93268,0.93216,0.93241,6054,27,0
2025-07-24 06:00:00,0.93242,0.93301,0.93229,0.93295,4072,25,0
2025-07-24 08:00:00,0.93295,0.93311,0.93228,0.93231,4956,25,0
2025-07-24 10:00:00,0.9323,0.93373,0.9322,0.93335,5370,23,0
2025-07-24 12:00:00,0.93334,0.93394,0.93329,0.93359,4040,25,0
2025-07-24 14:00:00,0.93358,0.93414,0.93279,0.9334,5966,24,0
2025-07-24 16:00:00,0.93341,0.93547,0.93305,0.93511,10862,25,0
2025-07-24 18:00:00,0.93512,0.93618,0.93435,0.93444,6229,25,0
2025-07-24 20:00:00,0.93442,0.93459,0.93405,0.93453,2962,25,0
2025-07-24 22:00:00,0.93454,0.93486,0.93378,0.93388,3986,25,0
2025-07-25 00:00:00,0.93344,0.93471,0.93229,0.93445,3056,27,0
2025-07-25 02:00:00,0.93443,0.93513,0.93417,0.93505,4440,27,0
2025-07-25 04:00:00,0.93506,0.93527,0.93454,0.93477,5140,27,0
2025-07-25 06:00:00,0.93475,0.93491,0.93435,0.93443,4090,27,0
2025-07-25 08:00:00,0.93444,0.93487,0.93431,0.93436,4751,26,0
2025-07-25 10:00:00,0.93435,0.93527,0.93427,0.9346,5762,25,0
2025-07-25 12:00:00,0.93459,0.93505,0.9339,0.93446,4181,25,0
2025-07-25 14:00:00,0.93446,0.9347,0.93341,0.9341,5315,25,0
2025-07-25 16:00:00,0.93409,0.93471,0.93327,0.93433,10423,25,0
2025-07-25 18:00:00,0.93434,0.93481,0.93288,0.93288,5222,25,0
2025-07-25 20:00:00,0.93289,0.93355,0.93266,0.93337,2650,25,0
2025-07-25 22:00:00,0.93337,0.9336,0.9327,0.93283,2656,25,0
2025-07-28 00:00:00,0.93601,0.93627,0.93461,0.93494,2905,27,0
2025-07-28 02:00:00,0.93496,0.93517,0.93471,0.93499,5657,27,0
2025-07-28 04:00:00,0.935,0.93512,0.9347,0.93494,6086,27,0
2025-07-28 06:00:00,0.93495,0.93505,0.93424,0.93447,4531,27,0
2025-07-28 08:00:00,0.93446,0.9348,0.93273,0.93292,6839,26,0
2025-07-28 10:00:00,0.93296,0.93317,0.93162,0.93313,8022,25,0
2025-07-28 12:00:00,0.93314,0.9342,0.93294,0.93373,5945,25,0
2025-07-28 14:00:00,0.93372,0.93386,0.93312,0.9334,8050,25,0
2025-07-28 16:00:00,0.93339,0.93393,0.93153,0.93218,8435,25,0
2025-07-28 18:00:00,0.93218,0.93235,0.93116,0.93116,5660,25,0
2025-07-28 20:00:00,0.93115,0.93133,0.93022,0.93122,2967,25,0
2025-07-28 22:00:00,0.93121,0.93134,0.93054,0.93066,2205,25,0
2025-07-29 00:00:00,0.9301,0.93144,0.92861,0.93125,3081,27,0
2025-07-29 02:00:00,0.93126,0.93151,0.93085,0.93113,3803,27,0
2025-07-29 04:00:00,0.93114,0.93138,0.93064,0.93093,5014,27,0
2025-07-29 06:00:00,0.93092,0.93118,0.93045,0.93118,4548,27,0
2025-07-29 08:00:00,0.9312,0.93125,0.92981,0.9301,6404,25,0
2025-07-29 10:00:00,0.93012,0.93158,0.92984,0.93138,8169,25,0
2025-07-29 12:00:00,0.93137,0.9323,0.93113,0.93123,5479,25,0
2025-07-29 14:00:00,0.93123,0.93134,0.9302,0.93051,7207,25,0
2025-07-29 16:00:00,0.9305,0.93084,0.9289,0.93021,10262,25,0
2025-07-29 18:00:00,0.93023,0.93104,0.92989,0.93061,6177,25,0
2025-07-29 20:00:00,0.93062,0.93081,0.9301,0.93028,3966,25,0
2025-07-29 22:00:00,0.93029,0.93086,0.93004,0.93017,2801,25,0
2025-07-30 00:00:00,0.93016,0.93063,0.92978,0.93054,2771,27,0
2025-07-30 02:00:00,0.93053,0.93072,0.9302,0.93029,4679,27,0
2025-07-30 04:00:00,0.93028,0.93055,0.93012,0.93025,5630,27,0
2025-07-30 06:00:00,0.93026,0.93058,0.92998,0.93049,4375,27,0
2025-07-30 08:00:00,0.93047,0.93063,0.92992,0.93032,5278,27,0
2025-07-30 10:00:00,0.9303,0.93052,0.92919,0.92965,5420,25,0
2025-07-30 12:00:00,0.92966,0.93033,0.92936,0.9302,5313,25,0
2025-07-30 14:00:00,0.93019,0.93039,0.92928,0.92964,8864,25,0
2025-07-30 16:00:00,0.92965,0.9314,0.92959,0.9308,9947,23,0
2025-07-30 18:00:00,0.93078,0.93083,0.92997,0.93002,5098,25,0
2025-07-30 20:00:00,0.93003,0.93058,0.92876,0.92926,10370,25,0
2025-07-30 22:00:00,0.92925,0.92994,0.92893,0.92904,8407,25,0
2025-07-31 00:00:00,0.92851,0.92985,0.92629,0.92963,3667,27,0
2025-07-31 02:00:00,0.9296,0.93009,0.92933,0.92967,4855,27,0
2025-07-31 04:00:00,0.92968,0.92978,0.92894,0.92902,6016,27,0
2025-07-31 06:00:00,0.92903,0.92937,0.9288,0.92931,4898,27,0
2025-07-31 08:00:00,0.92929,0.92991,0.92889,0.92974,5819,25,0
2025-07-31 10:00:00,0.92973,0.93059,0.92934,0.93056,6885,25,0
2025-07-31 12:00:00,0.93057,0.93068,0.92972,0.92992,4872,25,0
2025-07-31 14:00:00,0.92991,0.93021,0.92828,0.92924,6969,25,0
2025-07-31 16:00:00,0.92925,0.92971,0.9286,0.92933,9367,25,0
2025-07-31 18:00:00,0.9293,0.92948,0.92782,0.92794,6774,25,0
2025-07-31 20:00:00,0.92793,0.92851,0.92771,0.92808,3663,25,0
2025-07-31 22:00:00,0.92807,0.92825,0.92662,0.9268,4570,25,0
2025-08-01 00:00:00,0.92735,0.92775,0.92653,0.92729,4223,27,0
2025-08-01 02:00:00,0.9273,0.92982,0.92726,0.92856,6655,27,0
2025-08-01 04:00:00,0.92857,0.92906,0.92847,0.92858,6613,27,0
2025-08-01 06:00:00,0.92859,0.9296,0.92851,0.92943,4665,27,0
2025-08-01 08:00:00,0.92942,0.93052,0.92917,0.92926,5018,26,0
2025-08-01 10:00:00,0.92925,0.93194,0.92925,0.93163,6229,25,0
2025-08-01 12:00:00,0.93165,0.93202,0.93017,0.93097,5412,25,0
2025-08-01 14:00:00,0.93098,0.93129,0.92953,0.92988,13786,25,0
2025-08-01 16:00:00,0.92991,0.93186,0.92917,0.93175,20772,24,0
2025-08-01 18:00:00,0.93174,0.93234,0.93069,0.93069,8550,25,0
2025-08-01 20:00:00,0.93068,0.93128,0.92972,0.93127,5678,25,0
2025-08-01 22:00:00,0.93126,0.93188,0.93065,0.93124,7899,25,0
2025-08-04 00:00:00,0.93133,0.93447,0.93027,0.93145,4490,27,0
2025-08-04 02:00:00,0.93146,0.93204,0.93125,0.93199,6924,27,0
2025-08-04 04:00:00,0.93197,0.93252,0.93128,0.93225,6382,27,0
2025-08-04 06:00:00,0.93228,0.93256,0.93172,0.93185,3635,27,0
2025-08-04 08:00:00,0.93187,0.93458,0.93092,0.93447,6174,27,0
2025-08-04 10:00:00,0.93445,0.93508,0.9336,0.93495,8026,26,0
2025-08-04 12:00:00,0.93496,0.9358,0.93468,0.93484,5818,25,0
2025-08-04 14:00:00,0.93482,0.93507,0.93336,0.93379,7148,25,0
2025-08-04 16:00:00,0.93378,0.93537,0.93348,0.93465,9483,25,0
2025-08-04 18:00:00,0.93466,0.93554,0.93451,0.93474,5758,25,0
2025-08-04 20:00:00,0.93473,0.93515,0.93443,0.93453,3688,25,0
2025-08-04 22:00:00,0.93452,0.93539,0.93443,0.93447,2943,25,0
2025-08-05 00:00:00,0.93448,0.93514,0.93184,0.93481,5757,27,0
2025-08-05 02:00:00,0.93482,0.93566,0.9347,0.93529,3852,27,0
2025-08-05 04:00:00,0.93528,0.93548,0.93486,0.93523,4800,27,0
2025-08-05 06:00:00,0.93522,0.9355,0.93505,0.93542,3414,27,0
2025-08-05 08:00:00,0.93543,0.93548,0.93485,0.93495,4436,26,0
2025-08-05 10:00:00,0.93496,0.93583,0.93386,0.93559,6406,25,0
2025-08-05 12:00:00,0.9356,0.9359,0.93493,0.93515,4824,25,0
2025-08-05 14:00:00,0.93514,0.93523,0.93391,0.9341,6182,25,0
2025-08-05 16:00:00,0.93411,0.93441,0.93289,0.93352,9832,25,0
2025-08-05 18:00:00,0.93353,0.93487,0.9334,0.93476,6064,25,0
2025-08-05 20:00:00,0.93477,0.93497,0.93432,0.93432,3161,25,0
2025-08-05 22:00:00,0.93431,0.93462,0.93399,0.93404,2847,25,0
2025-08-06 00:00:00,0.93406,0.93519,0.93338,0.93441,4133,27,0
2025-08-06 02:00:00,0.9344,0.93459,0.93411,0.93434,3128,27,0
2025-08-06 04:00:00,0.93435,0.93454,0.93402,0.93411,4914,27,0
2025-08-06 06:00:00,0.93413,0.93438,0.93398,0.93438,3699,27,0
2025-08-06 08:00:00,0.93437,0.93485,0.93414,0.93461,3886,27,0
2025-08-06 10:00:00,0.9346,0.93644,0.9346,0.93608,4918,25,0
2025-08-06 12:00:00,0.93609,0.93663,0.93581,0.93643,5328,25,0
2025-08-06 14:00:00,0.93642,0.93731,0.93619,0.93715,4929,25,0
2025-08-06 16:00:00,0.93714,0.93885,0.93701,0.93869,7754,24,0
2025-08-06 18:00:00,0.9387,0.9395,0.93705,0.93882,7344,25,0
2025-08-06 20:00:00,0.93881,0.9403,0.93855,0.94022,4167,25,0
2025-08-06 22:00:00,0.94023,0.94059,0.93926,0.93935,3305,25,0
2025-08-07 00:00:00,0.93994,0.94011,0.93888,0.94006,3342,27,0
2025-08-07 02:00:00,0.94005,0.94014,0.93963,0.93967,5550,27,0
2025-08-07 04:00:00,0.93968,0.93969,0.9391,0.93928,4639,27,0
2025-08-07 06:00:00,0.93927,0.93963,0.93913,0.93941,4509,27,0
2025-08-07 08:00:00,0.9394,0.94023,0.93919,0.93941,4554,27,0
2025-08-07 10:00:00,0.93942,0.9427,0.93941,0.94127,7073,25,0
2025-08-07 12:00:00,0.94129,0.94197,0.93981,0.94061,6040,25,0
2025-08-07 14:00:00,0.9406,0.94179,0.94016,0.94136,9710,25,0
2025-08-07 16:00:00,0.94137,0.94157,0.93895,0.93915,11177,25,0
2025-08-07 18:00:00,0.93913,0.93998,0.93884,0.93925,5789,25,0
2025-08-07 20:00:00,0.93926,0.93997,0.9391,0.93921,3271,25,0
2025-08-07 22:00:00,0.93921,0.94051,0.93913,0.94038,5027,25,0
2025-08-08 00:00:00,0.94064,0.94245,0.9395,0.94046,3750,27,0
2025-08-08 02:00:00,0.94048,0.94092,0.94026,0.94086,4484,27,0
2025-08-08 04:00:00,0.94087,0.94123,0.94043,0.94059,4640,27,0
2025-08-08 06:00:00,0.94059,0.94074,0.94031,0.94037,3301,27,0
2025-08-08 08:00:00,0.94036,0.9408,0.94003,0.94079,3789,26,0
2025-08-08 10:00:00,0.9408,0.94152,0.94032,0.94076,5837,25,0
2025-08-08 12:00:00,0.94077,0.94088,0.93983,0.93994,4799,25,0
2025-08-08 14:00:00,0.93995,0.94104,0.93991,0.94026,5050,24,0
2025-08-08 16:00:00,0.94027,0.9412,0.93976,0.94111,6438,25,0
2025-08-08 18:00:00,0.9411,0.94167,0.9409,0.94167,5310,25,0
2025-08-08 20:00:00,0.94166,0.94191,0.94117,0.94132,3553,25,0
2025-08-08 22:00:00,0.94133,0.94134,0.9399,0.9404,3527,25,0
2025-08-11 00:00:00,0.9417,0.94173,0.93997,0.94095,2161,29,0
2025-08-11 02:00:00,0.94094,0.94096,0.94033,0.94054,3447,27,0
2025-08-11 04:00:00,0.94051,0.94128,0.94046,0.94112,4034,27,0
2025-08-11 06:00:00,0.94111,0.94129,0.94103,0.94112,3578,27,0
2025-08-11 08:00:00,0.94111,0.94131,0.94071,0.94102,3745,27,0
2025-08-11 10:00:00,0.94101,0.94228,0.94066,0.94199,4520,25,0
2025-08-11 12:00:00,0.94201,0.94294,0.94174,0.94278,3515,25,0
2025-08-11 14:00:00,0.94278,0.94296,0.94223,0.9428,5424,25,0
2025-08-11 16:00:00,0.94282,0.94318,0.94206,0.94209,6536,25,0
2025-08-11 18:00:00,0.9421,0.94343,0.94204,0.94316,4475,25,0
2025-08-11 20:00:00,0.94315,0.94329,0.94284,0.94315,2663,25,0
2025-08-11 22:00:00,0.94314,0.94364,0.94257,0.94323,2650,25,0
2025-08-12 00:00:00,0.94325,0.94366,0.94141,0.94347,2781,27,0
2025-08-12 02:00:00,0.94348,0.94349,0.94278,0.94293,3400,27,0
2025-08-12 04:00:00,0.94292,0.94302,0.94222,0.94248,4748,27,0
2025-08-12 06:00:00,0.94249,0.94283,0.9422,0.94282,4450,27,0
2025-08-12 08:00:00,0.94281,0.94284,0.94148,0.94213,6054,25,0
2025-08-12 10:00:00,0.94212,0.94223,0.93996,0.94063,5627,25,0
2025-08-12 12:00:00,0.94062,0.94153,0.94037,0.94148,4796,25,0
2025-08-12 14:00:00,0.94149,0.94252,0.94028,0.94248,9763,25,0
2025-08-12 16:00:00,0.94247,0.94387,0.94204,0.94322,13084,25,0
2025-08-12 18:00:00,0.94321,0.94377,0.94266,0.94289,8081,25,0
2025-08-12 20:00:00,0.9429,0.94293,0.94174,0.94194,3900,25,0
2025-08-12 22:00:00,0.94195,0.94197,0.94077,0.94081,3366,25,0
2025-08-13 00:00:00,0.94079,0.94257,0.94051,0.94136,12163,27,0
2025-08-13 02:00:00,0.94133,0.94187,0.9412,0.94181,3146,27,0
2025-08-13 04:00:00,0.94182,0.94249,0.94171,0.94221,5416,27,0
2025-08-13 06:00:00,0.9422,0.94246,0.94209,0.94217,4619,27,0
2025-08-13 08:00:00,0.94218,0.94277,0.94172,0.94201,5762,25,0
2025-08-13 10:00:00,0.94203,0.94232,0.94037,0.94098,6473,25,0
2025-08-13 12:00:00,0.94099,0.9419,0.94043,0.94161,5222,25,0
2025-08-13 14:00:00,0.94162,0.94164,0.94064,0.94094,5221,25,0
2025-08-13 16:00:00,0.94093,0.94227,0.9408,0.942,7579,24,0
2025-08-13 18:00:00,0.94199,0.94246,0.94174,0.94227,4362,25,0
2025-08-13 20:00:00,0.94226,0.94251,0.94211,0.94237,2451,25,0
2025-08-13 22:00:00,0.94238,0.94269,0.94215,0.94219,2282,25,0
2025-08-14 00:00:00,0.94058,0.94268,0.93965,0.94258,3949,27,0
2025-08-14 02:00:00,0.94256,0.94276,0.94235,0.94252,4215,27,0
2025-08-14 04:00:00,0.9425,0.94271,0.94224,0.94263,5672,27,0
2025-08-14 06:00:00,0.94264,0.94271,0.94227,0.94235,4016,27,0
2025-08-14 08:00:00,0.94234,0.94306,0.94208,0.9422,5327,27,0
2025-08-14 10:00:00,0.94221,0.94279,0.94115,0.94116,6169,25,0
2025-08-14 12:00:00,0.94117,0.94214,0.94115,0.94196,4718,25,0
2025-08-14 14:00:00,0.94199,0.94204,0.94053,0.94069,8797,25,0
2025-08-14 16:00:00,0.9407,0.94197,0.94029,0.94098,9890,25,0
2025-08-14 18:00:00,0.94097,0.94155,0.94041,0.94084,6326,25,0
2025-08-14 20:00:00,0.94085,0.94121,0.94046,0.94104,3110,25,0
2025-08-14 22:00:00,0.94103,0.94107,0.94005,0.94019,2846,25,0
2025-08-15 00:00:00,0.93991,0.94153,0.93901,0.94068,2112,28,0
2025-08-15 02:00:00,0.94069,0.94105,0.9406,0.941,3585,27,0
2025-08-15 04:00:00,0.94097,0.94106,0.94038,0.9405,4525,27,0
2025-08-15 06:00:00,0.94051,0.94078,0.94041,0.94052,2943,27,0
2025-08-15 08:00:00,0.94051,0.94137,0.94038,0.94095,3544,25,0
2025-08-15 10:00:00,0.94094,0.94145,0.94032,0.94047,4637,25,0
2025-08-15 12:00:00,0.94046,0.94176,0.94035,0.94174,4302,25,0
2025-08-15 14:00:00,0.94173,0.94205,0.94133,0.94177,5824,25,0
2025-08-15 16:00:00,0.94178,0.94289,0.9417,0.94281,8344,25,0
2025-08-15 18:00:00,0.9428,0.94397,0.9428,0.94345,4234,25,0
2025-08-15 20:00:00,0.94344,0.94364,0.94302,0.94331,2537,25,0
2025-08-15 22:00:00,0.94332,0.94411,0.94329,0.94365,3507,25,0
2025-08-18 00:00:00,0.94244,0.94497,0.94244,0.94432,3230,28,0
2025-08-18 02:00:00,0.9443,0.94444,0.9437,0.94375,3459,27,0
2025-08-18 04:00:00,0.94376,0.94382,0.94317,0.9436,3792,27,0
2025-08-18 06:00:00,0.94359,0.94371,0.94318,0.94355,3567,27,0
2025-08-18 08:00:00,0.94354,0.94358,0.94229,0.94234,3842,27,0
2025-08-18 10:00:00,0.94232,0.94309,0.94215,0.94278,5842,25,0
2025-08-18 12:00:00,0.94276,0.943,0.94218,0.94273,4382,25,0
2025-08-18 14:00:00,0.94272,0.94304,0.94195,0.94264,4418,25,0
2025-08-18 16:00:00,0.94265,0.94301,0.94125,0.94129,6030,25,0
2025-08-18 18:00:00,0.9413,0.94181,0.94094,0.94097,4042,25,0
2025-08-18 20:00:00,0.94096,0.94194,0.94088,0.94147,2651,25,0
2025-08-18 22:00:00,0.94145,0.9418,0.94085,0.94086,2242,25,0
2025-08-19 00:00:00,0.94071,0.94197,0.94011,0.94189,2694,29,0
2025-08-19 02:00:00,0.94191,0.94206,0.94113,0.94117,3255,27,0
2025-08-19 04:00:00,0.94117,0.9413,0.94079,0.94094,5217,27,0
2025-08-19 06:00:00,0.94095,0.94126,0.94079,0.94111,4071,27,0
2025-08-19 08:00:00,0.9411,0.94127,0.94066,0.94094,4157,26,0
2025-08-19 10:00:00,0.94093,0.94162,0.94075,0.9409,5388,25,0
2025-08-19 12:00:00,0.94091,0.9412,0.9406,0.94094,3555,25,0
2025-08-19 14:00:00,0.94095,0.9411,0.94015,0.94044,4717,23,0
2025-08-19 16:00:00,0.94043,0.9409,0.94004,0.94087,6426,25,0
2025-08-19 18:00:00,0.94086,0.94104,0.94052,0.94079,4399,25,0
2025-08-19 20:00:00,0.9408,0.94095,0.94035,0.94055,2809,25,0
2025-08-19 22:00:00,0.94054,0.94087,0.93993,0.94002,2444,25,0
2025-08-20 00:00:00,0.93944,0.94076,0.93903,0.94057,3605,27,0
2025-08-20 02:00:00,0.94051,0.9412,0.94031,0.94094,3429,27,0
2025-08-20 04:00:00,0.94093,0.94117,0.9402,0.9403,4921,27,0
2025-08-20 06:00:00,0.94029,0.94048,0.94018,0.94046,3744,27,0
2025-08-20 08:00:00,0.94045,0.94085,0.93932,0.94029,4564,25,0
2025-08-20 10:00:00,0.94031,0.94102,0.94005,0.94014,4922,25,0
2025-08-20 12:00:00,0.94015,0.94064,0.93984,0.94017,4017,25,0
2025-08-20 14:00:00,0.94018,0.94069,0.93973,0.94021,5056,25,0
2025-08-20 16:00:00,0.94022,0.94052,0.93691,0.93736,8134,25,0
2025-08-20 18:00:00,0.93737,0.93798,0.93656,0.93725,4825,25,0
2025-08-20 20:00:00,0.93731,0.93755,0.93674,0.93696,3602,25,0
2025-08-20 22:00:00,0.93697,0.93701,0.93602,0.93617,2927,25,0
2025-08-21 00:00:00,0.93618,0.93685,0.93558,0.93669,2515,27,0
2025-08-21 02:00:00,0.93668,0.93708,0.93664,0.93672,3979,27,0
2025-08-21 04:00:00,0.93674,0.93754,0.93657,0.9374,4871,27,0
2025-08-21 06:00:00,0.93739,0.93774,0.93711,0.93769,3342,27,0
2025-08-21 08:00:00,0.93768,0.93821,0.93692,0.93724,4912,25,0
2025-08-21 10:00:00,0.93723,0.93859,0.93715,0.93839,6013,24,0
2025-08-21 12:00:00,0.93837,0.9388,0.93826,0.93875,4425,25,0
2025-08-21 14:00:00,0.93878,0.93933,0.93774,0.93877,6541,24,0
2025-08-21 16:00:00,0.93879,0.93909,0.93768,0.93839,9419,25,0
2025-08-21 18:00:00,0.93838,0.93869,0.93792,0.93818,6375,25,0
2025-08-21 20:00:00,0.93817,0.93894,0.93817,0.93893,2511,25,0
2025-08-21 22:00:00,0.9389,0.93895,0.93802,0.93803,1999,25,0
2025-08-22 00:00:00,0.9378,0.93888,0.9359,0.93887,3344,29,0
2025-08-22 02:00:00,0.93888,0.93941,0.93887,0.93934,3177,27,0
2025-08-22 04:00:00,0.93935,0.94006,0.93919,0.93922,3796,27,0
2025-08-22 06:00:00,0.93921,0.93931,0.93838,0.93861,3322,27,0
2025-08-22 08:00:00,0.9386,0.93888,0.93835,0.93865,3649,27,0
2025-08-22 10:00:00,0.93866,0.93901,0.93818,0.93866,4465,25,0
2025-08-22 12:00:00,0.93865,0.93883,0.93773,0.93789,3567,25,0
2025-08-22 14:00:00,0.93788,0.93837,0.93779,0.93798,4672,25,0
2025-08-22 16:00:00,0.93799,0.93992,0.93691,0.93913,15617,25,0
2025-08-22 18:00:00,0.93911,0.93964,0.93841,0.93918,8687,24,0
2025-08-22 20:00:00,0.93917,0.93945,0.93878,0.93885,4566,25,0
2025-08-22 22:00:00,0.93886,0.93949,0.93855,0.93875,2742,25,0
2025-08-25 00:00:00,0.93863,0.94029,0.93819,0.93957,2851,27,0
2025-08-25 02:00:00,0.93959,0.93967,0.9389,0.9392,3261,27,0
2025-08-25 04:00:00,0.93919,0.93969,0.93891,0.93956,3225,27,0
2025-08-25 06:00:00,0.93957,0.93995,0.93938,0.9398,2300,27,0
2025-08-25 08:00:00,0.93981,0.94035,0.93956,0.93964,3477,25,0
2025-08-25 10:00:00,0.93965,0.93973,0.93833,0.93845,3991,25,0
2025-08-25 12:00:00,0.93843,0.93869,0.93783,0.93809,2953,25,0
2025-08-25 14:00:00,0.9381,0.93875,0.93801,0.93867,4011,25,0
2025-08-25 16:00:00,0.93868,0.93948,0.93851,0.93859,5831,25,0
2025-08-25 18:00:00,0.93861,0.93872,0.93706,0.93709,5867,25,0
2025-08-25 20:00:00,0.93708,0.93723,0.93637,0.93652,4853,25,0
2025-08-25 22:00:00,0.9365,0.93694,0.93567,0.93574,4720,25,0
2025-08-26 00:00:00,0.93604,0.93657,0.9332,0.93646,2734,29,0
2025-08-26 02:00:00,0.93647,0.93685,0.93559,0.93577,7811,27,0
2025-08-26 04:00:00,0.93575,0.93644,0.93568,0.93621,5637,27,0
2025-08-26 06:00:00,0.93619,0.93687,0.936,0.93673,3562,27,0
2025-08-26 08:00:00,0.93674,0.93765,0.93664,0.93739,4943,27,0
2025-08-26 10:00:00,0.93738,0.93768,0.93625,0.93712,6942,25,0
2025-08-26 12:00:00,0.93711,0.93854,0.93711,0.93818,4868,25,0
2025-08-26 14:00:00,0.93817,0.93842,0.93648,0.93681,6043,25,0
2025-08-26 16:00:00,0.93682,0.93768,0.93651,0.9368,7605,25,0
2025-08-26 18:00:00,0.93682,0.93698,0.93557,0.93564,5656,25,0
2025-08-26 20:00:00,0.93565,0.93578,0.93503,0.93513,4443,23,0
2025-08-26 22:00:00,0.93515,0.93539,0.93466,0.93474,3577,25,0
2025-08-27 00:00:00,0.93474,0.93633,0.93424,0.93543,2733,29,0
2025-08-27 02:00:00,0.93541,0.93559,0.93511,0.93553,2885,27,0
2025-08-27 04:00:00,0.93554,0.93571,0.93535,0.9356,3831,27,0
2025-08-27 06:00:00,0.93561,0.93566,0.93489,0.9351,2561,27,0
2025-08-27 08:00:00,0.93511,0.93578,0.93487,0.93576,3353,25,0
2025-08-27 10:00:00,0.93578,0.93581,0.93421,0.93444,5484,25,0
2025-08-27 12:00:00,0.93443,0.93517,0.93426,0.93447,3714,25,0
2025-08-27 14:00:00,0.93446,0.93491,0.93265,0.93281,5124,25,0
2025-08-27 16:00:00,0.93282,0.93367,0.93171,0.93183,8223,23,0
2025-08-27 18:00:00,0.93182,0.93336,0.9317,0.93318,6957,25,0
2025-08-27 20:00:00,0.93319,0.93343,0.93294,0.93325,4514,25,0
2025-08-27 22:00:00,0.93326,0.93367,0.93303,0.93312,3361,25,0
2025-08-28 00:00:00,0.9347,0.93489,0.9329,0.93338,3594,28,0
2025-08-28 02:00:00,0.93339,0.93357,0.93327,0.93349,2502,27,0
2025-08-28 04:00:00,0.9335,0.93372,0.93318,0.93341,3566,27,0
2025-08-28 06:00:00,0.93342,0.93348,0.93277,0.93286,2818,27,0
2025-08-28 08:00:00,0.93287,0.93356,0.93281,0.93337,3417,25,0
2025-08-28 10:00:00,0.93336,0.93358,0.93214,0.93265,5036,25,0
2025-08-28 12:00:00,0.93266,0.93345,0.93247,0.93313,4429,25,0
2025-08-28 14:00:00,0.9331,0.93617,0.9329,0.93577,7622,23,0
2025-08-28 16:00:00,0.93576,0.93659,0.93536,0.93574,8823,25,0
2025-08-28 18:00:00,0.93573,0.93604,0.93535,0.93556,5433,25,0
2025-08-28 20:00:00,0.93555,0.9365,0.93532,0.93649,4746,25,0
2025-08-28 22:00:00,0.9365,0.93654,0.93542,0.93545,3350,25,0
2025-08-29 00:00:00,0.93541,0.93667,0.9348,0.93608,3249,28,0
2025-08-29 02:00:00,0.93609,0.93674,0.93581,0.93625,3247,27,0
2025-08-29 04:00:00,0.93626,0.9365,0.93583,0.9362,5006,27,0
2025-08-29 06:00:00,0.93621,0.93629,0.93572,0.93596,2660,27,0
2025-08-29 08:00:00,0.93597,0.93607,0.93522,0.93544,3957,27,0
2025-08-29 10:00:00,0.93543,0.93567,0.93398,0.93472,6396,25,0
2025-08-29 12:00:00,0.93473,0.93622,0.93472,0.93621,4562,25,0
2025-08-29 14:00:00,0.93622,0.93661,0.93512,0.93541,6062,23,0
2025-08-29 16:00:00,0.93542,0.93573,0.93444,0.93512,9651,25,0
2025-08-29 18:00:00,0.93513,0.93596,0.93479,0.93513,6489,25,0
2025-08-29 20:00:00,0.93512,0.9358,0.93499,0.93579,3006,25,0
2025-08-29 22:00:00,0.9358,0.93597,0.93455,0.93503,2885,25,0
2025-09-01 00:00:00,0.93411,0.93619,0.93383,0.936,2096,27,0
2025-09-01 02:00:00,0.93603,0.93666,0.93581,0.93647,2640,27,0
2025-09-01 04:00:00,0.93646,0.93651,0.93615,0.93628,4740,27,0
2025-09-01 06:00:00,0.93629,0.93636,0.93592,0.93608,3198,27,0
2025-09-01 08:00:00,0.93607,0.93718,0.93604,0.93705,3824,26,0
2025-09-01 10:00:00,0.93704,0.93728,0.93639,0.93723,4849,25,0
2025-09-01 12:00:00,0.93724,0.93737,0.93654,0.93669,3706,25,0
2025-09-01 14:00:00,0.9367,0.93824,0.93668,0.93775,4484,25,0
2025-09-01 16:00:00,0.93777,0.93789,0.93671,0.93699,5293,25,0
2025-09-01 18:00:00,0.93698,0.9379,0.9369,0.93765,3512,25,0
2025-09-01 20:00:00,0.93766,0.93768,0.93744,0.93762,1559,25,0
2025-09-01 22:00:00,0.93763,0.93764,0.93682,0.93682,2251,25,0
2025-09-02 00:00:00,0.93705,0.93781,0.9363,0.93731,2443,28,0
2025-09-02 02:00:00,0.93732,0.93791,0.93718,0.93766,4122,27,0
2025-09-02 04:00:00,0.93767,0.93774,0.93693,0.93723,5561,27,0
2025-09-02 06:00:00,0.93722,0.93729,0.9366,0.93693,3896,27,0
2025-09-02 08:00:00,0.93694,0.93794,0.93662,0.93793,4367,26,0
2025-09-02 10:00:00,0.93794,0.93801,0.93542,0.93644,10914,25,0
2025-09-02 12:00:00,0.93651,0.93698,0.93551,0.93572,7137,25,0
2025-09-02 14:00:00,0.93569,0.93678,0.93532,0.93532,8244,25,0
2025-09-02 16:00:00,0.93533,0.93726,0.93528,0.93602,11022,25,0
2025-09-02 18:00:00,0.93603,0.93644,0.93571,0.93597,5734,25,0
2025-09-02 20:00:00,0.93598,0.93672,0.93584,0.9365,3482,25,0
2025-09-02 22:00:00,0.93652,0.93673,0.93585,0.93585,3344,25,0
2025-09-03 00:00:00,0.93594,0.93671,0.93441,0.93663,2679,29,0
2025-09-03 02:00:00,0.93665,0.93708,0.93643,0.93703,3161,27,0
2025-09-03 04:00:00,0.93704,0.93706,0.9364,0.93649,4847,27,0
2025-09-03 06:00:00,0.93648,0.9367,0.93637,0.93645,3362,27,0
2025-09-03 08:00:00,0.93647,0.93677,0.93616,0.93626,3380,25,0
2025-09-03 10:00:00,0.93627,0.93743,0.93608,0.93719,6624,25,0
2025-09-03 12:00:00,0.9372,0.93732,0.9361,0.93662,4717,25,0
2025-09-03 14:00:00,0.93659,0.93794,0.93651,0.93777,5471,25,0
2025-09-03 16:00:00,0.93779,0.93791,0.93637,0.93707,9871,23,0
2025-09-03 18:00:00,0.93708,0.93788,0.93701,0.93764,5050,25,0
2025-09-03 20:00:00,0.93762,0.93776,0.93731,0.93754,3247,25,0
2025-09-03 22:00:00,0.93752,0.93779,0.93712,0.93715,2553,25,0
2025-09-04 00:00:00,0.93681,0.9376,0.93555,0.93737,2832,29,0
2025-09-04 02:00:00,0.93736,0.93763,0.93712,0.93737,5450,27,0
2025-09-04 04:00:00,0.93736,0.9376,0.93704,0.93708,5648,27,0
2025-09-04 06:00:00,0.93707,0.93735,0.93698,0.93714,3317,27,0
2025-09-04 08:00:00,0.93715,0.93823,0.93695,0.93762,3790,25,0
2025-09-04 10:00:00,0.93763,0.93816,0.93739,0.93756,5326,25,0
2025-09-04 12:00:00,0.93757,0.93794,0.93682,0.93787,4631,25,0
2025-09-04 14:00:00,0.93788,0.93833,0.93706,0.93807,7118,24,0
2025-09-04 16:00:00,0.9381,0.93863,0.93737,0.93831,8609,25,0
2025-09-04 18:00:00,0.9383,0.93896,0.93819,0.9388,4649,23,0
2025-09-04 20:00:00,0.93879,0.93925,0.93836,0.93869,3028,25,0
2025-09-04 22:00:00,0.93868,0.93872,0.93784,0.93784,2069,25,0
2025-09-05 00:00:00,0.93788,0.93856,0.93685,0.93849,3049,28,0
2025-09-05 02:00:00,0.93847,0.93863,0.93812,0.93846,4263,27,0
2025-09-05 04:00:00,0.93847,0.93903,0.93836,0.93887,4534,27,0
2025-09-05 06:00:00,0.93886,0.93887,0.9386,0.9388,2930,27,0
2025-09-05 08:00:00,0.93881,0.93887,0.93838,0.93855,3431,25,0
2025-09-05 10:00:00,0.93858,0.93877,0.93808,0.9384,4458,25,0
2025-09-05 12:00:00,0.93839,0.93891,0.93815,0.93863,3694,25,0
2025-09-05 14:00:00,0.93862,0.93946,0.93739,0.93831,11132,25,0
2025-09-05 16:00:00,0.93829,0.93834,0.93587,0.93612,13928,25,0
2025-09-05 18:00:00,0.93613,0.93623,0.93525,0.93554,6690,25,0
2025-09-05 20:00:00,0.93553,0.93564,0.9351,0.93523,3798,25,0
2025-09-05 22:00:00,0.93524,0.9356,0.93408,0.93442,2659,25,0
2025-09-08 00:00:00,0.93478,0.93687,0.93049,0.93554,6123,28,0
2025-09-08 02:00:00,0.93557,0.93604,0.93484,0.935,5539,27,0
2025-09-08 04:00:00,0.93501,0.93515,0.93438,0.93477,6039,27,0
2025-09-08 06:00:00,0.93476,0.93488,0.93395,0.93395,4335,27,0
2025-09-08 08:00:00,0.93396,0.9343,0.93331,0.9339,4780,25,0
2025-09-08 10:00:00,0.93387,0.93437,0.93332,0.93358,5672,25,0
2025-09-08 12:00:00,0.93359,0.93375,0.93236,0.93251,4178,25,0
2025-09-08 14:00:00,0.93253,0.93316,0.93239,0.9326,5590,25,0
2025-09-08 16:00:00,0.93262,0.9328,0.93201,0.93224,7090,25,0
2025-09-08 18:00:00,0.93222,0.93255,0.93175,0.93241,4536,25,0
2025-09-08 20:00:00,0.9324,0.933,0.93233,0.93285,2530,25,0
2025-09-08 22:00:00,0.93282,0.93293,0.93251,0.93253,2761,25,0
2025-09-09 00:00:00,0.93254,0.93335,0.93224,0.93291,3098,27,0
2025-09-09 02:00:00,0.9329,0.93317,0.93248,0.9328,3936,27,0
2025-09-09 04:00:00,0.93281,0.93293,0.93248,0.93281,4720,27,0
2025-09-09 06:00:00,0.93283,0.93294,0.9326,0.93261,3512,27,0
2025-09-09 08:00:00,0.9326,0.93272,0.93157,0.93176,4563,25,0
2025-09-09 10:00:00,0.93175,0.93299,0.93129,0.93248,7709,25,0
2025-09-09 12:00:00,0.93247,0.93322,0.93217,0.93263,5087,25,0
2025-09-09 14:00:00,0.93264,0.93312,0.93223,0.93301,5407,25,0
2025-09-09 16:00:00,0.933,0.93336,0.93215,0.93276,10245,25,0
2025-09-09 18:00:00,0.93275,0.93393,0.93269,0.93374,5478,25,0
2025-09-09 20:00:00,0.93371,0.93406,0.93332,0.9337,3651,25,0
2025-09-09 22:00:00,0.93371,0.93383,0.93362,0.93376,561,25,0
2025-09-10 02:00:00,0.93312,0.93314,0.93311,0.93312,15,30,0
2025-09-10 04:00:00,0.93313,0.93353,0.93304,0.93346,5925,27,0
2025-09-10 06:00:00,0.93345,0.93361,0.93321,0.93322,3893,27,0
2025-09-10 08:00:00,0.93321,0.93368,0.93265,0.93331,3617,25,0
2025-09-10 10:00:00,0.9333,0.93352,0.93256,0.93302,5586,25,0
2025-09-10 12:00:00,0.93301,0.93345,0.93285,0.93342,3979,25,0
2025-09-10 14:00:00,0.9334,0.93435,0.93272,0.9336,8590,25,0
2025-09-10 16:00:00,0.93361,0.93515,0.93315,0.93474,8413,23,0
2025-09-10 18:00:00,0.93472,0.9351,0.93432,0.93488,4905,25,0
2025-09-10 20:00:00,0.93489,0.93531,0.93479,0.9349,2737,25,0
2025-09-10 22:00:00,0.93489,0.93491,0.93409,0.93412,2509,25,0
2025-09-11 00:00:00,0.93426,0.93487,0.933,0.93462,2485,29,0
2025-09-11 02:00:00,0.93463,0.93481,0.93442,0.93443,3064,27,0
2025-09-11 04:00:00,0.93444,0.93461,0.93427,0.9344,3296,27,0
2025-09-11 06:00:00,0.93439,0.93445,0.93421,0.93427,2653,27,0
2025-09-11 08:00:00,0.93426,0.9348,0.93405,0.93466,5155,27,0
2025-09-11 10:00:00,0.93467,0.93482,0.93378,0.93441,6748,26,0
2025-09-11 12:00:00,0.9344,0.93446,0.93364,0.93416,4845,25,0
2025-09-11 14:00:00,0.93415,0.93464,0.93195,0.93444,9638,25,0
2025-09-11 16:00:00,0.93443,0.93532,0.93329,0.93333,11736,25,0
2025-09-11 18:00:00,0.93332,0.93406,0.93326,0.93402,5693,25,0
2025-09-11 20:00:00,0.93401,0.9341,0.93355,0.93356,3991,25,0
2025-09-11 22:00:00,0.93355,0.93407,0.93296,0.93303,3058,25,0
2025-09-12 00:00:00,0.93304,0.93453,0.93245,0.93388,1629,27,0
2025-09-12 02:00:00,0.9339,0.93401,0.93348,0.93389,2678,27,0
2025-09-12 04:00:00,0.9339,0.93395,0.93362,0.9339,2451,27,0
2025-09-12 06:00:00,0.93388,0.93421,0.93368,0.93409,1825,27,0
2025-09-12 08:00:00,0.9341,0.9346,0.93363,0.93451,3081,25,0
2025-09-12 10:00:00,0.93438,0.93489,0.93406,0.93415,5592,25,0
2025-09-12 12:00:00,0.93416,0.93488,0.93388,0.93454,4065,25,0
2025-09-12 14:00:00,0.93452,0.93462,0.93398,0.93424,5696,25,0
2025-09-12 16:00:00,0.93423,0.93437,0.93338,0.93406,6917,23,0
2025-09-12 18:00:00,0.93405,0.93419,0.93371,0.93402,4249,25,0
2025-09-12 20:00:00,0.93403,0.9345,0.93399,0.93433,2708,25,0
2025-09-12 22:00:00,0.93432,0.93447,0.93399,0.93425,2953,25,0
2025-09-15 00:00:00,0.93463,0.93463,0.93315,0.93412,1798,27,0
2025-09-15 02:00:00,0.93415,0.93423,0.93379,0.93393,1979,27,0
2025-09-15 04:00:00,0.93394,0.93435,0.93383,0.93431,2121,27,0
2025-09-15 06:00:00,0.93429,0.93434,0.93406,0.9342,1306,27,0
2025-09-15 08:00:00,0.93422,0.93441,0.93391,0.93414,2350,26,0
2025-09-15 10:00:00,0.9341,0.9348,0.93399,0.93431,3986,25,0
2025-09-15 12:00:00,0.93428,0.93481,0.93407,0.93421,3578,25,0
2025-09-15 14:00:00,0.93421,0.93538,0.93421,0.93532,4415,25,0
2025-09-15 16:00:00,0.93533,0.93549,0.93422,0.93434,6216,25,0
2025-09-15 18:00:00,0.93438,0.93456,0.93405,0.93425,4051,25,0
2025-09-15 20:00:00,0.93424,0.93468,0.93413,0.93454,2690,25,0
2025-09-15 22:00:00,0.93456,0.93471,0.93383,0.93383,2431,25,0
2025-09-16 00:00:00,0.93393,0.93531,0.93382,0.93467,1659,27,0
2025-09-16 02:00:00,0.9347,0.93478,0.93421,0.9343,3009,27,0
2025-09-16 04:00:00,0.93428,0.93483,0.93427,0.93471,4659,27,0
2025-09-16 06:00:00,0.9347,0.93488,0.93454,0.93459,3210,27,0
2025-09-16 08:00:00,0.9346,0.93471,0.93393,0.93405,4336,26,0
2025-09-16 10:00:00,0.93404,0.93461,0.93383,0.9343,5576,25,0
2025-09-16 12:00:00,0.93428,0.93472,0.93406,0.9341,5458,25,0
2025-09-16 14:00:00,0.93411,0.93417,0.93274,0.93347,7333,25,0
2025-09-16 16:00:00,0.93348,0.93358,0.93243,0.93333,10058,25,0
2025-09-16 18:00:00,0.93333,0.93348,0.9327,0.9328,5754,25,0
2025-09-16 20:00:00,0.93279,0.93331,0.93254,0.93279,4964,25,0
2025-09-16 22:00:00,0.9328,0.93299,0.93184,0.93207,3880,25,0
2025-09-17 00:00:00,0.93208,0.93297,0.93161,0.93284,2045,28,0
2025-09-17 02:00:00,0.93287,0.93302,0.93256,0.9327,3022,27,0
2025-09-17 04:00:00,0.93271,0.93293,0.93233,0.93258,3254,27,0
2025-09-17 06:00:00,0.93259,0.93303,0.93256,0.93279,1893,27,0
2025-09-17 08:00:00,0.9328,0.93334,0.93276,0.93282,3356,27,0
2025-09-17 10:00:00,0.93283,0.9329,0.93197,0.93214,4350,25,0
2025-09-17 12:00:00,0.93208,0.93228,0.93114,0.93119,3719,25,0
2025-09-17 14:00:00,0.9312,0.93204,0.93113,0.93184,4422,25,0
2025-09-17 16:00:00,0.93186,0.93247,0.9317,0.93221,5558,23,0
2025-09-17 18:00:00,0.9322,0.93283,0.93197,0.9327,4090,25,0
2025-09-17 20:00:00,0.93269,0.93335,0.93153,0.93312,17645,25,0
2025-09-17 22:00:00,0.93313,0.93336,0.93101,0.93114,10847,25,0
2025-09-18 00:00:00,0.93116,0.93209,0.93042,0.93196,2664,27,0
2025-09-18 02:00:00,0.93198,0.93245,0.93188,0.93243,4831,27,0
2025-09-18 04:00:00,0.93242,0.9328,0.93213,0.93259,5088,27,0
2025-09-18 06:00:00,0.93258,0.93281,0.93219,0.93246,2906,27,0
2025-09-18 08:00:00,0.93247,0.93317,0.93204,0.93313,5247,25,0
2025-09-18 10:00:00,0.93312,0.93356,0.93269,0.9332,7187,25,0
2025-09-18 12:00:00,0.93322,0.93343,0.93229,0.93266,5180,25,0
2025-09-18 14:00:00,0.93265,0.93335,0.93154,0.93295,8218,25,0
2025-09-18 16:00:00,0.93294,0.93324,0.93233,0.93292,11830,25,0
2025-09-18 18:00:00,0.93293,0.93389,0.93264,0.93378,6807,25,0
2025-09-18 20:00:00,0.93377,0.934,0.9337,0.93379,3795,25,0
2025-09-18 22:00:00,0.93378,0.93422,0.93253,0.93311,3292,25,0
2025-09-19 00:00:00,0.93313,0.9346,0.93151,0.9341,6383,27,0
2025-09-19 02:00:00,0.93412,0.93423,0.93377,0.93389,4894,27,0
2025-09-19 04:00:00,0.93387,0.93432,0.93368,0.93422,5575,27,0
2025-09-19 06:00:00,0.93423,0.93439,0.93353,0.93359,6349,27,0
2025-09-19 08:00:00,0.93358,0.9344,0.93336,0.93434,6065,25,0
2025-09-19 10:00:00,0.93435,0.93532,0.93406,0.93516,6799,25,0
2025-09-19 12:00:00,0.93517,0.93528,0.93439,0.93503,4691,25,0
2025-09-19 14:00:00,0.93508,0.93546,0.93393,0.93399,6213,25,0
2025-09-19 16:00:00,0.93399,0.93476,0.93375,0.9346,8352,25,0
2025-09-19 18:00:00,0.93459,0.93483,0.93347,0.93393,5838,25,0
2025-09-19 20:00:00,0.93394,0.93453,0.93378,0.93439,2867,25,0
2025-09-19 22:00:00,0.93438,0.93448,0.93365,0.93375,3643,25,0
2025-09-22 00:00:00,0.93369,0.93451,0.93191,0.93437,3923,27,0
2025-09-22 02:00:00,0.93438,0.93498,0.93421,0.93458,6225,27,0
2025-09-22 04:00:00,0.93459,0.93475,0.93434,0.93464,6346,27,0
2025-09-22 06:00:00,0.93465,0.93499,0.93463,0.93491,4029,27,0
2025-09-22 08:00:00,0.9349,0.93494,0.93437,0.93445,4181,25,0
2025-09-22 10:00:00,0.93444,0.93474,0.93388,0.93406,5667,25,0
2025-09-22 12:00:00,0.93404,0.93541,0.93389,0.93446,3984,25,0
2025-09-22 14:00:00,0.93445,0.93481,0.93415,0.93444,4752,25,0
2025-09-22 16:00:00,0.93446,0.93494,0.93355,0.93406,6913,25,0
2025-09-22 18:00:00,0.93405,0.9348,0.93374,0.93457,4506,25,0
2025-09-22 20:00:00,0.93458,0.93487,0.9345,0.93466,2726,25,0
2025-09-22 22:00:00,0.93467,0.93505,0.93464,0.9347,3338,25,0
2025-09-23 00:00:00,0.93468,0.93637,0.93424,0.93485,4014,27,0
2025-09-23 02:00:00,0.93486,0.93513,0.93481,0.93499,4410,27,0
2025-09-23 04:00:00,0.93497,0.93512,0.93453,0.9348,6119,27,0
2025-09-23 06:00:00,0.9348,0.93492,0.93461,0.93484,4390,27,0
2025-09-23 08:00:00,0.93482,0.93506,0.93442,0.93452,4347,27,0
2025-09-23 10:00:00,0.9345,0.93495,0.93393,0.93452,7074,24,0
2025-09-23 12:00:00,0.93451,0.93496,0.93431,0.93437,4238,25,0
2025-09-23 14:00:00,0.93436,0.93484,0.93393,0.93434,4283,25,0
2025-09-23 16:00:00,0.93435,0.9355,0.93407,0.93513,8725,25,0
2025-09-23 18:00:00,0.93512,0.9353,0.93409,0.93467,5670,25,0
2025-09-23 20:00:00,0.93466,0.93488,0.93453,0.9348,4748,23,0
2025-09-23 22:00:00,0.93482,0.93504,0.93418,0.93421,3147,25,0
2025-09-24 00:00:00,0.93422,0.93587,0.93378,0.93478,7366,27,0
2025-09-24 02:00:00,0.93479,0.93506,0.93471,0.93472,6319,27,0
2025-09-24 04:00:00,0.93471,0.93484,0.93441,0.93442,6971,27,0
2025-09-24 06:00:00,0.93442,0.93497,0.93438,0.9348,3722,27,0
2025-09-24 08:00:00,0.93481,0.93492,0.93418,0.93418,4429,26,0
2025-09-24 10:00:00,0.93417,0.93505,0.93416,0.93454,5768,25,0
2025-09-24 12:00:00,0.93453,0.93462,0.93404,0.93411,4273,25,0
2025-09-24 14:00:00,0.9341,0.93418,0.93272,0.93286,6186,25,0
2025-09-24 16:00:00,0.93285,0.9332,0.93223,0.93281,8644,23,0
2025-09-24 18:00:00,0.93283,0.93376,0.93283,0.93334,5223,25,0
2025-09-24 20:00:00,0.93333,0.93355,0.9332,0.9334,3216,25,0
2025-09-24 22:00:00,0.93343,0.93356,0.93252,0.93253,2931,25,0
2025-09-25 00:00:00,0.93255,0.93325,0.93154,0.93319,3639,27,0
2025-09-25 02:00:00,0.9332,0.9333,0.93302,0.93309,4407,27,0
2025-09-25 04:00:00,0.9331,0.93393,0.93307,0.93391,4381,27,0
2025-09-25 06:00:00,0.93391,0.93401,0.93373,0.93385,2704,27,0
2025-09-25 08:00:00,0.93386,0.93483,0.93342,0.93404,4247,27,0
2025-09-25 10:00:00,0.93405,0.93492,0.93339,0.9344,6331,25,0
2025-09-25 12:00:00,0.93436,0.93482,0.93427,0.93441,3938,25,0
2025-09-25 14:00:00,0.93439,0.93482,0.93319,0.93462,8562,25,0
2025-09-25 16:00:00,0.93461,0.93499,0.93327,0.93432,12222,25,0
2025-09-25 18:00:00,0.93433,0.93479,0.93405,0.93452,6381,25,0
2025-09-25 20:00:00,0.93451,0.9346,0.93219,0.93257,5079,25,0
2025-09-25 22:00:00,0.93258,0.93286,0.93221,0.93232,3525,25,0
2025-09-26 00:00:00,0.93224,0.93305,0.93151,0.93286,7366,27,0
2025-09-26 02:00:00,0.93286,0.93348,0.93277,0.93333,4859,27,0
2025-09-26 04:00:00,0.93334,0.93367,0.93322,0.93358,5054,27,0
2025-09-26 06:00:00,0.93357,0.9336,0.93322,0.93329,3379,27,0
2025-09-26 08:00:00,0.93328,0.93343,0.93247,0.93281,4185,25,0
2025-09-26 10:00:00,0.9328,0.93383,0.93273,0.93339,5340,25,0
2025-09-26 12:00:00,0.93338,0.93394,0.93307,0.93325,4000,25,0
2025-09-26 14:00:00,0.93326,0.93337,0.93255,0.93324,7443,25,0
2025-09-26 16:00:00,0.93326,0.93368,0.93241,0.93337,10393,25,0
2025-09-26 18:00:00,0.93338,0.93369,0.93295,0.93343,6037,25,0
2025-09-26 20:00:00,0.93341,0.93353,0.93305,0.93325,3434,25,0
2025-09-26 22:00:00,0.93329,0.93367,0.93306,0.93337,3410,25,0
2025-09-29 00:00:00,0.93281,0.93404,0.9322,0.93357,5317,27,0
2025-09-29 02:00:00,0.93355,0.93388,0.93328,0.93354,3847,27,0
2025-09-29 04:00:00,0.93354,0.93381,0.9332,0.93333,4782,27,0
2025-09-29 06:00:00,0.93332,0.93354,0.93322,0.93339,2909,27,0
2025-09-29 08:00:00,0.93339,0.93383,0.93317,0.93363,4585,26,0
2025-09-29 10:00:00,0.93364,0.93372,0.93233,0.93313,5027,25,0
2025-09-29 12:00:00,0.93314,0.93454,0.93303,0.93454,3621,25,0
2025-09-29 14:00:00,0.93455,0.93585,0.93451,0.93543,7241,25,0
2025-09-29 16:00:00,0.93542,0.93639,0.93525,0.93532,8002,25,0
2025-09-29 18:00:00,0.93531,0.93549,0.93452,0.93481,5038,25,0
2025-09-29 20:00:00,0.93482,0.93518,0.93457,0.93509,2595,25,0
2025-09-29 22:00:00,0.93508,0.93529,0.93477,0.93486,2555,25,0
2025-09-30 00:00:00,0.93485,0.93541,0.93435,0.93524,3442,27,0
2025-09-30 02:00:00,0.93525,0.93554,0.93491,0.93511,5392,27,0
2025-09-30 04:00:00,0.9351,0.9352,0.93447,0.93498,4563,27,0
2025-09-30 06:00:00,0.93499,0.935,0.93455,0.93462,3659,25,0
2025-09-30 08:00:00,0.93461,0.93584,0.93451,0.9346,4981,25,0
2025-09-30 10:00:00,0.93459,0.93602,0.93405,0.9358,6396,25,0
2025-09-30 12:00:00,0.93579,0.93684,0.93576,0.93684,5461,25,0
2025-09-30 14:00:00,0.93687,0.93699,0.9351,0.93544,4459,25,0
2025-09-30 16:00:00,0.93545,0.93573,0.93395,0.9347,10145,25,0
2025-09-30 18:00:00,0.93469,0.9351,0.9339,0.9341,6538,25,0
2025-09-30 20:00:00,0.93411,0.93458,0.93348,0.93456,3984,25,0
2025-09-30 22:00:00,0.93454,0.93469,0.93368,0.93406,3238,25,0
2025-10-01 00:00:00,0.93364,0.93472,0.93255,0.93437,5145,27,0
2025-10-01 02:00:00,0.93436,0.93472,0.93435,0.93443,4077,27,0
2025-10-01 04:00:00,0.93443,0.93469,0.93431,0.93451,3770,27,0
2025-10-01 06:00:00,0.9345,0.93451,0.93373,0.93391,3715,27,0
2025-10-01 08:00:00,0.9339,0.93484,0.93351,0.93377,5657,25,0
2025-10-01 10:00:00,0.93379,0.93502,0.93332,0.9348,9019,25,0
2025-10-01 12:00:00,0.93478,0.9358,0.93424,0.93543,6348,25,0
2025-10-01 14:00:00,0.93542,0.9371,0.93511,0.93673,11335,24,0
2025-10-01 16:00:00,0.93674,0.93718,0.93567,0.93619,12655,24,0
2025-10-01 18:00:00,0.93616,0.93644,0.93546,0.93562,8329,25,0
2025-10-01 20:00:00,0.93561,0.93583,0.93498,0.93516,3763,25,0
2025-10-01 22:00:00,0.93517,0.93535,0.93415,0.93415,3331,25,0
2025-10-02 00:00:00,0.9344,0.93506,0.93365,0.93493,3261,27,0
2025-10-02 02:00:00,0.93491,0.93515,0.93462,0.93488,4086,27,0
2025-10-02 04:00:00,0.93486,0.9349,0.93446,0.9345,4943,27,0
2025-10-02 06:00:00,0.9345,0.93477,0.93444,0.93474,2957,27,0
2025-10-02 08:00:00,0.93475,0.93591,0.93455,0.93567,4393,26,0
2025-10-02 10:00:00,0.93566,0.93621,0.93529,0.93571,5485,25,0
2025-10-02 12:00:00,0.93572,0.93575,0.93458,0.93459,4269,25,0
2025-10-02 14:00:00,0.9346,0.93548,0.93457,0.93494,6142,25,0
2025-10-02 16:00:00,0.93497,0.93587,0.93447,0.93496,9380,25,0
2025-10-02 18:00:00,0.93493,0.93511,0.93437,0.93487,6936,25,0
2025-10-02 20:00:00,0.93486,0.93536,0.93466,0.93479,3297,25,0
2025-10-02 22:00:00,0.9348,0.93488,0.93382,0.93395,2855,25,0
2025-10-03 00:00:00,0.93422,0.93487,0.93323,0.9345,2896,27,0
2025-10-03 02:00:00,0.93453,0.93488,0.93435,0.93476,2899,27,0
2025-10-03 04:00:00,0.93475,0.93526,0.93454,0.93518,4926,27,0
2025-10-03 06:00:00,0.93519,0.93525,0.93462,0.93466,2757,27,0
2025-10-03 08:00:00,0.93467,0.935,0.93453,0.93477,3896,25,0
2025-10-03 10:00:00,0.93478,0.93566,0.93442,0.93465,4346,25,0
2025-10-03 12:00:00,0.93466,0.93536,0.93461,0.93479,2812,25,0
2025-10-03 14:00:00,0.9348,0.93498,0.93337,0.93407,4483,23,0
2025-10-03 16:00:00,0.93406,0.9351,0.93342,0.93357,10076,24,0
2025-10-03 18:00:00,0.93359,0.93392,0.93335,0.93352,4067,25,0
2025-10-03 20:00:00,0.93351,0.93377,0.93332,0.93368,2535,25,0
2025-10-03 22:00:00,0.93367,0.93385,0.93283,0.93321,2027,25,0
2025-10-06 00:00:00,0.93304,0.93463,0.93233,0.93424,4444,27,0
2025-10-06 02:00:00,0.93423,0.93425,0.93291,0.9331,11397,27,0
2025-10-06 04:00:00,0.93309,0.93342,0.93297,0.93321,5418,27,0
2025-10-06 06:00:00,0.93323,0.93326,0.93263,0.93281,4003,27,0
2025-10-06 08:00:00,0.93282,0.93311,0.93231,0.93265,5728,26,0
2025-10-06 10:00:00,0.93267,0.93379,0.93109,0.93171,10532,25,0
2025-10-06 12:00:00,0.93156,0.93187,0.93106,0.93108,5008,25,0
2025-10-06 14:00:00,0.93107,0.93186,0.93105,0.93174,7101,25,0
2025-10-06 16:00:00,0.93173,0.93239,0.93138,0.93177,7271,25,0
2025-10-06 18:00:00,0.93176,0.93182,0.93095,0.93106,4523,25,0
2025-10-06 20:00:00,0.93111,0.93159,0.93107,0.93139,2674,25,0
2025-10-06 22:00:00,0.93138,0.93142,0.93031,0.9304,3154,25,0
2025-10-07 00:00:00,0.93041,0.93168,0.93008,0.93077,4832,27,0
2025-10-07 02:00:00,0.93076,0.93098,0.9306,0.93076,5424,27,0
2025-10-07 04:00:00,0.93076,0.93113,0.93046,0.93092,4896,27,0
2025-10-07 06:00:00,0.93093,0.93104,0.93048,0.93059,3905,27,0
2025-10-07 08:00:00,0.93057,0.93123,0.93041,0.93102,4640,25,0
2025-10-07 10:00:00,0.93103,0.93123,0.93041,0.93053,4982,25,0
2025-10-07 12:00:00,0.93051,0.93096,0.93025,0.93045,3959,25,0
2025-10-07 14:00:00,0.9305,0.93145,0.93034,0.93035,5821,25,0
2025-10-07 16:00:00,0.93036,0.93093,0.92983,0.9306,7827,25,0
2025-10-07 18:00:00,0.93061,0.9307,0.93014,0.93042,5721,25,0
2025-10-07 20:00:00,0.93043,0.93069,0.93014,0.93024,3896,25,0
2025-10-07 22:00:00,0.93025,0.93065,0.9297,0.92971,2949,25,0
2025-10-08 00:00:00,0.92872,0.93048,0.92842,0.93038,4535,27,0
2025-10-08 02:00:00,0.93038,0.93071,0.93016,0.93046,4582,27,0
2025-10-08 04:00:00,0.93044,0.93054,0.92983,0.93033,6430,27,0
2025-10-08 06:00:00,0.93034,0.93069,0.93026,0.93043,3125,27,0
2025-10-08 08:00:00,0.93042,0.93075,0.93015,0.93069,4615,26,0
2025-10-08 10:00:00,0.9307,0.93169,0.93017,0.93031,6140,25,0
2025-10-08 12:00:00,0.93032,0.93048,0.92949,0.93013,5094,25,0
2025-10-08 14:00:00,0.93012,0.93105,0.92995,0.93078,4966,25,0
2025-10-08 16:00:00,0.93081,0.93191,0.93014,0.93021,7719,24,0
2025-10-08 18:00:00,0.9302,0.93113,0.92991,0.93089,5699,25,0
2025-10-08 20:00:00,0.9309,0.93211,0.93041,0.93183,4763,25,0
2025-10-08 22:00:00,0.93185,0.93253,0.93166,0.93187,3021,26,0
2025-10-09 00:00:00,0.93157,0.93234,0.93093,0.93226,4048,27,0
2025-10-09 02:00:00,0.93227,0.93234,0.93181,0.93201,4209,27,0
2025-10-09 04:00:00,0.932,0.93228,0.93159,0.93217,5017,27,0
2025-10-09 06:00:00,0.93218,0.9323,0.93199,0.9321,2542,27,0
2025-10-09 08:00:00,0.93211,0.93259,0.93176,0.93242,4891,25,0
2025-10-09 10:00:00,0.93237,0.93277,0.93106,0.93123,5571,25,0
2025-10-09 12:00:00,0.93124,0.93162,0.92997,0.93002,5096,25,0
2025-10-09 14:00:00,0.93001,0.93182,0.92993,0.93179,5492,23,0
2025-10-09 16:00:00,0.93177,0.93283,0.93152,0.93157,12046,25,0
2025-10-09 18:00:00,0.93156,0.93243,0.93098,0.93221,7952,25,0
2025-10-09 20:00:00,0.9322,0.93268,0.93201,0.93218,4779,25,0
2025-10-09 22:00:00,0.93219,0.93239,0.93181,0.93216,3652,25,0
2025-10-10 00:00:00,0.93123,0.93254,0.93122,0.93232,2631,27,0
2025-10-10 02:00:00,0.93233,0.93284,0.93217,0.93261,4777,27,0
2025-10-10 04:00:00,0.9326,0.93292,0.93256,0.93275,4301,27,0
2025-10-10 06:00:00,0.93274,0.9329,0.93244,0.9326,3219,27,0
2025-10-10 08:00:00,0.93261,0.93277,0.93168,0.93199,4823,26,0
2025-10-10 10:00:00,0.932,0.93302,0.93179,0.93217,5771,25,0
2025-10-10 12:00:00,0.93216,0.93283,0.93197,0.93252,3770,25,0
2025-10-10 14:00:00,0.93251,0.93271,0.93174,0.93207,5357,23,0
2025-10-10 16:00:00,0.93208,0.93224,0.93098,0.9317,7428,23,0
2025-10-10 18:00:00,0.93169,0.93169,0.92988,0.92998,16408,25,0
2025-10-10 20:00:00,0.92999,0.93031,0.9296,0.93005,5165,25,0
2025-10-10 22:00:00,0.93003,0.9303,0.92761,0.92818,5481,25,0
2025-10-13 00:00:00,0.93025,0.93189,0.92852,0.93074,5295,27,0
2025-10-13 02:00:00,0.93076,0.93087,0.93016,0.93052,7862,27,0
2025-10-13 04:00:00,0.93051,0.93128,0.93042,0.93102,6611,27,0
2025-10-13 06:00:00,0.93101,0.93106,0.93065,0.93079,4263,27,0
2025-10-13 08:00:00,0.9308,0.93101,0.92995,0.93009,5420,27,0
2025-10-13 10:00:00,0.93008,0.93165,0.92986,0.93146,7283,25,0
2025-10-13 12:00:00,0.93147,0.93167,0.93053,0.93124,4905,25,0
2025-10-13 14:00:00,0.93123,0.93125,0.93009,0.93076,7151,25,0
2025-10-13 16:00:00,0.93075,0.93149,0.93055,0.93086,7752,25,0
2025-10-13 18:00:00,0.93089,0.93114,0.93024,0.93058,4118,25,0
2025-10-13 20:00:00,0.93059,0.93075,0.93002,0.93006,2503,25,0
2025-10-13 22:00:00,0.9301,0.93046,0.92954,0.92955,2606,25,0
2025-10-14 00:00:00,0.92972,0.93047,0.92916,0.93025,2338,27,0
2025-10-14 02:00:00,0.93023,0.93032,0.92993,0.93003,4899,27,0
2025-10-14 04:00:00,0.93004,0.93078,0.92991,0.93061,4510,27,0
2025-10-14 06:00:00,0.93062,0.93076,0.92977,0.9302,6225,27,0
2025-10-14 08:00:00,0.93022,0.93031,0.92861,0.929,8452,26,0
2025-10-14 10:00:00,0.92901,0.92997,0.92806,0.92839,8664,25,0
2025-10-14 12:00:00,0.92837,0.92927,0.92819,0.92877,5731,25,0
2025-10-14 14:00:00,0.92876,0.92967,0.92859,0.92925,6940,25,0
2025-10-14 16:00:00,0.92924,0.9304,0.92913,0.92958,10828,25,0
2025-10-14 18:00:00,0.92959,0.93005,0.92914,0.9296,9305,23,0
2025-10-14 20:00:00,0.92959,0.92988,0.92931,0.92955,3852,23,0
2025-10-14 22:00:00,0.92956,0.92976,0.9291,0.92911,4033,25,0
2025-10-15 00:00:00,0.92769,0.92985,0.92769,0.92949,2281,27,0
2025-10-15 02:00:00,0.9295,0.9301,0.92944,0.92998,4885,27,0
2025-10-15 04:00:00,0.92999,0.93034,0.92976,0.92995,6747,27,0
2025-10-15 06:00:00,0.92995,0.92996,0.92932,0.92939,4017,27,0
2025-10-15 08:00:00,0.92941,0.93024,0.92926,0.9301,5037,27,0
2025-10-15 10:00:00,0.93012,0.93053,0.92992,0.93024,6105,25,0
2025-10-15 12:00:00,0.93022,0.93096,0.93021,0.93063,4727,25,0
2025-10-15 14:00:00,0.93062,0.93093,0.92949,0.93002,6014,25,0
2025-10-15 16:00:00,0.93003,0.93015,0.92814,0.92823,8510,25,0
2025-10-15 18:00:00,0.92824,0.92848,0.92645,0.92723,8296,25,0
2025-10-15 20:00:00,0.92724,0.92757,0.92678,0.92754,4869,25,0
2025-10-15 22:00:00,0.92753,0.92789,0.92735,0.92742,4267,23,0
2025-10-16 00:00:00,0.92741,0.92898,0.92679,0.92764,3280,27,0
2025-10-16 02:00:00,0.92761,0.92771,0.92707,0.92754,5081,27,0
2025-10-16 04:00:00,0.92755,0.92772,0.92597,0.9268,7016,27,0
2025-10-16 06:00:00,0.9268,0.92722,0.9265,0.92712,3859,27,0
2025-10-16 08:00:00,0.92711,0.92817,0.92706,0.92783,5872,25,0
2025-10-16 10:00:00,0.92784,0.92876,0.92754,0.92858,6769,25,0
2025-10-16 12:00:00,0.92857,0.92893,0.92814,0.92891,4846,25,0
2025-10-16 14:00:00,0.92892,0.93035,0.92876,0.92907,6478,25,0
2025-10-16 16:00:00,0.92909,0.92981,0.92823,0.92834,9445,25,0
2025-10-16 18:00:00,0.92833,0.92877,0.92737,0.92741,9538,23,0
2025-10-16 20:00:00,0.9274,0.92788,0.92663,0.92681,8134,23,0
2025-10-16 22:00:00,0.92679,0.92693,0.92594,0.92599,4332,25,0
2025-10-17 00:00:00,0.92635,0.92681,0.92596,0.92642,2603,27,0
2025-10-17 02:00:00,0.92643,0.92668,0.92599,0.9263,5600,27,0
2025-10-17 04:00:00,0.92631,0.92637,0.92521,0.92538,7077,27,0
2025-10-17 06:00:00,0.92539,0.9256,0.92511,0.92539,4332,27,0
2025-10-17 08:00:00,0.92538,0.92545,0.92334,0.9235,7234,25,0
2025-10-17 10:00:00,0.92348,0.92458,0.92177,0.92313,12712,27,0
2025-10-17 12:00:00,0.92313,0.92398,0.92287,0.92333,6785,25,0
2025-10-17 14:00:00,0.92334,0.92579,0.92326,0.92486,11888,25,0
2025-10-17 16:00:00,0.92484,0.92529,0.92311,0.92457,12750,25,0
2025-10-17 18:00:00,0.92456,0.92467,0.92378,0.92438,7258,25,0
2025-10-17 20:00:00,0.92439,0.92536,0.92427,0.92461,4951,25,0
2025-10-17 22:00:00,0.92462,0.92503,0.92379,0.92393,4495,25,0
2025-10-20 00:00:00,0.92312,0.92544,0.92261,0.92534,2864,28,0
2025-10-20 02:00:00,0.92532,0.92541,0.9245,0.92482,6828,28,0
2025-10-20 04:00:00,0.92481,0.92554,0.92475,0.92517,4597,28,0
2025-10-20 06:00:00,0.92518,0.92531,0.9249,0.92519,3372,28,0
2025-10-20 08:00:00,0.92518,0.92558,0.92487,0.92537,4769,26,0
2025-10-20 10:00:00,0.92538,0.92576,0.92408,0.92418,5695,25,0
2025-10-20 12:00:00,0.92419,0.92474,0.92356,0.92373,4886,25,0
2025-10-20 14:00:00,0.92374,0.92394,0.92318,0.92342,5314,25,0
2025-10-20 16:00:00,0.92343,0.92346,0.9213,0.9214,6652,25,0
2025-10-20 18:00:00,0.92139,0.92311,0.92137,0.9226,5424,25,0
2025-10-20 20:00:00,0.92262,0.92273,0.922,0.92213,2825,25,0
2025-10-20 22:00:00,0.92214,0.92266,0.92199,0.92205,2622,25,0
2025-10-21 00:00:00,0.92205,0.92269,0.92073,0.92251,2509,28,0
2025-10-21 02:00:00,0.92252,0.9227,0.92202,0.92255,5262,28,0
2025-10-21 04:00:00,0.92256,0.92284,0.92228,0.92253,5880,28,0
2025-10-21 06:00:00,0.92254,0.92284,0.92235,0.92264,4848,28,0
2025-10-21 08:00:00,0.92262,0.92289,0.92088,0.92111,5993,28,0
2025-10-21 10:00:00,0.92109,0.9223,0.921,0.92219,7903,25,0
2025-10-21 12:00:00,0.9222,0.9233,0.92218,0.92296,5569,25,0
2025-10-21 14:00:00,0.92297,0.92362,0.92256,0.92358,7820,25,0
2025-10-21 16:00:00,0.92357,0.92362,0.92203,0.92321,10109,25,0
2025-10-21 18:00:00,0.92322,0.9244,0.92277,0.9238,7672,25,0
2025-10-21 20:00:00,0.92379,0.92394,0.92325,0.92373,3895,25,0
2025-10-21 22:00:00,0.92371,0.92393,0.92322,0.92322,2547,25,0
2025-10-22 00:00:00,0.92321,0.92389,0.92189,0.92389,4421,30,0
2025-10-22 02:00:00,0.92388,0.92439,0.92361,0.92361,3634,28,0
2025-10-22 04:00:00,0.9236,0.92364,0.92322,0.92358,3641,28,0
2025-10-22 06:00:00,0.92357,0.92391,0.92342,0.92369,2333,28,0
2025-10-22 08:00:00,0.92368,0.92377,0.92313,0.92325,4695,28,0
2025-10-22 10:00:00,0.92327,0.92374,0.92291,0.92314,6690,25,0
2025-10-22 12:00:00,0.92313,0.92354,0.92285,0.92309,4474,25,0
2025-10-22 14:00:00,0.92308,0.92324,0.92201,0.923,6499,25,0
2025-10-22 16:00:00,0.92301,0.92405,0.92297,0.92373,8557,25,0
2025-10-22 18:00:00,0.92374,0.92421,0.9234,0.92382,7350,25,0
2025-10-22 20:00:00,0.92381,0.92409,0.9235,0.92394,3842,25,0
2025-10-22 22:00:00,0.92393,0.9242,0.92363,0.92364,2664,25,0
2025-10-23 00:00:00,0.9238,0.92423,0.92302,0.92417,1614,27,0
2025-10-23 02:00:00,0.92416,0.92427,0.92377,0.92395,3175,27,0
2025-10-23 04:00:00,0.92396,0.92462,0.92396,0.92458,2533,27,0
2025-10-23 06:00:00,0.92457,0.92463,0.92429,0.92455,1928,27,0
2025-10-23 08:00:00,0.92454,0.92475,0.92421,0.92451,2992,26,0
2025-10-23 10:00:00,0.9245,0.9252,0.92441,0.92469,4507,25,0
2025-10-23 12:00:00,0.92468,0.92523,0.92442,0.92508,3439,25,0
2025-10-23 14:00:00,0.92506,0.92529,0.92427,0.92436,4381,25,0
2025-10-23 16:00:00,0.92437,0.92476,0.92346,0.92354,7302,25,0
2025-10-23 18:00:00,0.92353,0.92387,0.92335,0.9234,5147,25,0
2025-10-23 20:00:00,0.92341,0.92395,0.92339,0.92371,3134,25,0
2025-10-23 22:00:00,0.92372,0.92383,0.92337,0.92337,2149,25,0
2025-10-24 00:00:00,0.92357,0.92443,0.92337,0.92368,3009,28,0
2025-10-24 02:00:00,0.92367,0.9237,0.92336,0.92368,3025,27,0
2025-10-24 04:00:00,0.92367,0.92388,0.9235,0.92386,3333,27,0
2025-10-24 06:00:00,0.92384,0.92393,0.92366,0.92388,2046,27,0
2025-10-24 08:00:00,0.92387,0.92397,0.92354,0.92363,2926,26,0
2025-10-24 10:00:00,0.92362,0.92448,0.92278,0.92381,6502,25,0
2025-10-24 12:00:00,0.9238,0.92482,0.92356,0.9248,3230,25,0
2025-10-24 14:00:00,0.92479,0.92499,0.92359,0.92429,8145,25,0
2025-10-24 16:00:00,0.92428,0.92492,0.92355,0.92447,9217,25,0
2025-10-24 18:00:00,0.92446,0.92532,0.92439,0.92505,4807,25,0
2025-10-24 20:00:00,0.92504,0.92517,0.92468,0.92496,2358,25,0
2025-10-24 22:00:00,0.92498,0.9251,0.92428,0.92444,3048,25,0
2025-10-26 22:00:00,0.92619,0.9267,0.92497,0.9259,723,125,0
2025-10-27 00:00:00,0.92539,0.9263,0.92493,0.92582,3411,27,0
2025-10-27 02:00:00,0.9258,0.92593,0.92507,0.92533,4622,27,0
2025-10-27 04:00:00,0.92534,0.92571,0.92519,0.92531,2784,27,0
2025-10-27 06:00:00,0.9253,0.92581,0.92522,0.92579,2530,27,0
2025-10-27 08:00:00,0.92579,0.92618,0.92555,0.92587,3881,25,0
2025-10-27 10:00:00,0.92588,0.92695,0.92583,0.92621,5144,25,0
2025-10-27 12:00:00,0.92618,0.92679,0.92598,0.92608,4011,25,0
2025-10-27 14:00:00,0.92607,0.92684,0.92565,0.92658,5219,25,0
2025-10-27 16:00:00,0.92657,0.92688,0.92625,0.9266,5509,25,0
2025-10-27 18:00:00,0.92661,0.92664,0.92576,0.92605,3679,25,0
2025-10-27 20:00:00,0.92606,0.92637,0.92585,0.92629,2775,25,0
2025-10-27 22:00:00,0.92628,0.92642,0.92518,0.92575,1483,25,0
2025-10-28 00:00:00,0.9256,0.92606,0.92559,0.92572,3211,27,0
2025-10-28 02:00:00,0.92569,0.92573,0.92542,0.92562,4106,27,0
2025-10-28 04:00:00,0.92561,0.92586,0.92536,0.92541,3230,27,0
2025-10-28 06:00:00,0.92542,0.92559,0.92519,0.9253,3366,27,0
2025-10-28 08:00:00,0.9253,0.92619,0.92513,0.92581,3721,25,0
2025-10-28 10:00:00,0.92582,0.92591,0.92466,0.92478,5246,25,0
2025-10-28 12:00:00,0.92479,0.92636,0.92474,0.9262,3462,25,0
2025-10-28 14:00:00,0.92621,0.92657,0.92555,0.92572,6782,25,0
2025-10-28 16:00:00,0.92574,0.92605,0.92405,0.9241,6975,25,0
2025-10-28 18:00:00,0.92409,0.9254,0.92395,0.92501,5256,25,0
2025-10-28 20:00:00,0.92503,0.92503,0.92414,0.92421,2781,25,0
2025-10-28 22:00:00,0.9242,0.92462,0.92342,0.92404,3142,25,0
2025-10-29 00:00:00,0.92401,0.92468,0.92392,0.9241,1790,27,0
2025-10-29 02:00:00,0.92408,0.9244,0.92384,0.92399,5394,27,0
2025-10-29 04:00:00,0.924,0.92428,0.92382,0.92384,2958,27,0
2025-10-29 06:00:00,0.92385,0.92416,0.92363,0.92374,2947,27,0
2025-10-29 08:00:00,0.92376,0.92539,0.92368,0.92521,4445,25,0
2025-10-29 10:00:00,0.92522,0.92694,0.92504,0.92676,5904,25,0
2025-10-29 12:00:00,0.92677,0.92802,0.92645,0.92791,4143,25,0
2025-10-29 14:00:00,0.92787,0.92849,0.92712,0.92792,6221,25,0
2025-10-29 16:00:00,0.92791,0.92873,0.9277,0.92809,7090,23,0
2025-10-29 18:00:00,0.92808,0.92857,0.9275,0.9276,4866,25,0
2025-10-29 20:00:00,0.92761,0.92876,0.92756,0.92849,17544,25,0
2025-10-29 22:00:00,0.92848,0.9286,0.92576,0.92758,4279,25,0
2025-10-30 00:00:00,0.92747,0.92827,0.92726,0.92822,2308,27,0
2025-10-30 02:00:00,0.92823,0.92868,0.92798,0.92812,5291,27,0
2025-10-30 04:00:00,0.9281,0.9284,0.928,0.92821,4701,27,0
2025-10-30 06:00:00,0.92821,0.92836,0.9278,0.92832,5784,25,0
2025-10-30 08:00:00,0.92832,0.92845,0.92772,0.92774,5159,25,0
2025-10-30 10:00:00,0.92779,0.92816,0.92733,0.92778,5786,25,0
2025-10-30 12:00:00,0.92779,0.92881,0.92772,0.92851,4688,25,0
2025-10-30 14:00:00,0.9285,0.92856,0.92743,0.92809,10205,24,0
2025-10-30 16:00:00,0.92807,0.9281,0.92724,0.9273,8482,25,0
2025-10-30 18:00:00,0.92733,0.9279,0.92671,0.92772,4011,25,0
2025-10-30 20:00:00,0.92772,0.92828,0.92733,0.92754,3450,25,0
2025-10-30 22:00:00,0.9275,0.92767,0.92679,0.9274,1713,25,0
2025-10-31 00:00:00,0.92748,0.92751,0.92675,0.92749,1741,27,0
2025-10-31 02:00:00,0.92751,0.92768,0.92701,0.92725,4237,27,0
2025-10-31 04:00:00,0.92726,0.92758,0.92717,0.9274,3997,27,0
2025-10-31 06:00:00,0.92741,0.92771,0.92732,0.92736,2848,27,0
2025-10-31 08:00:00,0.92737,0.92838,0.92735,0.92823,3800,25,0
2025-10-31 10:00:00,0.92822,0.9284,0.92765,0.92778,4327,25,0
2025-10-31 12:00:00,0.92767,0.92906,0.92732,0.92897,4357,25,0
2025-10-31 14:00:00,0.92896,0.92901,0.92776,0.9279,7025,23,0
2025-10-31 16:00:00,0.92791,0.92794,0.92572,0.92623,9841,25,0
2025-10-31 18:00:00,0.92622,0.9268,0.92612,0.9265,6001,25,0
2025-10-31 20:00:00,0.92651,0.92756,0.9265,0.92727,3093,25,0
2025-10-31 22:00:00,0.92725,0.92854,0.92723,0.92795,1920,25,0
2025-11-03 00:00:00,0.92593,0.92839,0.92587,0.92777,6828,27,0
2025-11-03 02:00:00,0.92778,0.92816,0.92758,0.92777,5192,27,0
2025-11-03 04:00:00,0.92778,0.92818,0.92769,0.92788,2557,27,0
2025-11-03 06:00:00,0.92789,0.92798,0.92773,0.92784,2719,27,0
2025-11-03 08:00:00,0.92785,0.92937,0.92748,0.92898,3353,24,0
2025-11-03 10:00:00,0.92897,0.92938,0.92817,0.92932,4680,25,0
2025-11-03 12:00:00,0.92936,0.93,0.929,0.92933,4448,25,0
2025-11-03 14:00:00,0.92932,0.93061,0.92909,0.93035,4716,25,0
2025-11-03 16:00:00,0.93034,0.93091,0.9292,0.93053,7750,25,0
2025-11-03 18:00:00,0.93052,0.93101,0.93036,0.93064,5027,25,0
2025-11-03 20:00:00,0.93064,0.93084,0.93019,0.93033,3148,23,0
2025-11-03 22:00:00,0.93034,0.93082,0.93027,0.93031,1947,25,0
2025-11-04 00:00:00,0.93002,0.93084,0.92966,0.93079,3603,28,0
2025-11-04 02:00:00,0.93078,0.93152,0.93065,0.93151,4409,27,0
2025-11-04 04:00:00,0.9315,0.93157,0.93097,0.93123,3228,27,0
2025-11-04 06:00:00,0.93124,0.93153,0.93088,0.93096,3004,27,0
2025-11-04 08:00:00,0.93094,0.9312,0.92993,0.93062,4470,25,0
2025-11-04 10:00:00,0.93066,0.93112,0.92975,0.92995,5807,25,0
2025-11-04 12:00:00,0.92996,0.93045,0.92959,0.93,4300,25,0
2025-11-04 14:00:00,0.93002,0.9301,0.92895,0.92901,5539,25,0
2025-11-04 16:00:00,0.929,0.9301,0.92886,0.92976,8025,25,0
2025-11-04 18:00:00,0.92975,0.93004,0.92924,0.92956,5164,25,0
2025-11-04 20:00:00,0.92955,0.9303,0.92944,0.93021,2971,25,0
2025-11-04 22:00:00,0.93021,0.93069,0.92949,0.9295,2824,25,0
2025-11-05 00:00:00,0.92948,0.93066,0.92841,0.93059,1578,28,0
2025-11-05 02:00:00,0.93057,0.93061,0.9283,0.92901,6485,27,0
2025-11-05 04:00:00,0.92904,0.93017,0.92882,0.93016,3847,27,0
2025-11-05 06:00:00,0.93017,0.93029,0.92949,0.92957,4480,27,0
2025-11-05 08:00:00,0.92959,0.92996,0.92911,0.92975,3785,25,0
2025-11-05 10:00:00,0.92976,0.93085,0.92963,0.9308,4449,25,0
2025-11-05 12:00:00,0.93081,0.93171,0.93043,0.93048,4121,25,0
2025-11-05 14:00:00,0.93046,0.93125,0.9301,0.93036,6006,25,0
2025-11-05 16:00:00,0.93037,0.93186,0.93002,0.93102,9029,24,0
2025-11-05 18:00:00,0.93104,0.93131,0.9306,0.93097,5102,25,0
2025-11-05 20:00:00,0.93093,0.93095,0.93047,0.93066,2391,25,0
2025-11-05 22:00:00,0.93065,0.93104,0.93056,0.93059,2221,25,0
2025-11-06 00:00:00,0.93034,0.93135,0.92947,0.93086,1873,28,0
2025-11-06 02:00:00,0.93087,0.93096,0.93023,0.93081,4207,27,0
2025-11-06 04:00:00,0.93082,0.93117,0.93073,0.93107,2162,27,0
2025-11-06 06:00:00,0.93106,0.93122,0.93089,0.93116,2683,27,0
2025-11-06 08:00:00,0.93114,0.93156,0.93077,0.93086,2654,25,0
2025-11-06 10:00:00,0.93087,0.93177,0.93075,0.93119,5224,25,0
2025-11-06 12:00:00,0.93117,0.93189,0.93103,0.93149,3289,25,0
2025-11-06 14:00:00,0.93152,0.93196,0.93099,0.93143,6230,23,0
2025-11-06 16:00:00,0.93144,0.93186,0.93079,0.93106,7990,23,0
2025-11-06 18:00:00,0.93105,0.93156,0.93083,0.93136,6362,25,0
2025-11-06 20:00:00,0.93137,0.93173,0.9309,0.93106,3562,25,0
2025-11-06 22:00:00,0.93107,0.93116,0.93053,0.93053,2801,25,0
2025-11-07 00:00:00,0.93053,0.93112,0.93024,0.93086,3598,29,0
2025-11-07 02:00:00,0.93087,0.93126,0.93081,0.93095,4879,27,0
2025-11-07 04:00:00,0.93094,0.93149,0.93085,0.93146,3051,27,0
2025-11-07 06:00:00,0.93143,0.93167,0.93125,0.9314,2317,27,0
2025-11-07 08:00:00,0.93143,0.93163,0.93115,0.93115,2665,25,0
2025-11-07 10:00:00,0.93113,0.93245,0.93113,0.93237,3446,25,0
2025-11-07 12:00:00,0.93236,0.93251,0.93083,0.93123,3866,25,0
2025-11-07 14:00:00,0.93124,0.93165,0.93043,0.93139,5549,25,0
2025-11-07 16:00:00,0.93138,0.93151,0.93037,0.93106,8606,25,0
2025-11-07 18:00:00,0.93107,0.9313,0.93062,0.9308,4303,25,0
2025-11-07 20:00:00,0.93079,0.93126,0.93061,0.9311,3276,25,0
2025-11-07 22:00:00,0.93111,0.93128,0.93012,0.93027,2829,25,0
2025-11-10 00:00:00,0.93051,0.93192,0.93033,0.93155,3964,28,0
2025-11-10 02:00:00,0.93154,0.93197,0.9313,0.93192,5247,27,0
2025-11-10 04:00:00,0.93193,0.93203,0.9315,0.93163,2793,27,0
2025-11-10 06:00:00,0.93164,0.93195,0.93162,0.93173,3020,27,0
2025-11-10 08:00:00,0.93174,0.9321,0.93136,0.93183,4484,25,0
2025-11-10 10:00:00,0.93182,0.93244,0.93157,0.93219,5489,25,0
2025-11-10 12:00:00,0.93218,0.93224,0.93149,0.93172,3568,25,0
2025-11-10 14:00:00,0.93171,0.93183,0.9308,0.9308,4294,25,0
2025-11-10 16:00:00,0.93079,0.93155,0.93063,0.93091,5898,25,0
2025-11-10 18:00:00,0.93094,0.93118,0.92982,0.93027,4864,25,0
2025-11-10 20:00:00,0.93028,0.93035,0.92999,0.93026,2513,25,0
2025-11-10 22:00:00,0.93027,0.93046,0.92974,0.92974,2414,25,0
2025-11-11 00:00:00,0.92979,0.93184,0.92979,0.93039,1613,29,0
2025-11-11 02:00:00,0.9304,0.93085,0.93023,0.93029,2661,28,0
2025-11-11 04:00:00,0.9303,0.93031,0.92985,0.9302,1545,28,0
2025-11-11 06:00:00,0.93019,0.93024,0.92945,0.92947,1714,28,0
2025-11-11 08:00:00,0.92948,0.92993,0.92863,0.92865,3627,26,0
2025-11-11 10:00:00,0.92861,0.92936,0.92818,0.92881,4254,26,0
2025-11-11 12:00:00,0.92882,0.92883,0.92755,0.92783,3662,26,0
2025-11-11 14:00:00,0.92781,0.92791,0.92676,0.92725,6182,25,0
2025-11-11 16:00:00,0.92726,0.92758,0.92646,0.92714,6441,25,0
2025-11-11 18:00:00,0.92715,0.92766,0.92687,0.9273,3836,25,0
2025-11-11 20:00:00,0.92729,0.92757,0.92707,0.9271,2560,25,0
2025-11-11 22:00:00,0.92711,0.92738,0.92631,0.92637,2689,25,0
2025-11-12 00:00:00,0.9266,0.92801,0.92542,0.92723,3383,29,0
2025-11-12 02:00:00,0.92722,0.92731,0.9269,0.92696,2723,27,0
2025-11-12 04:00:00,0.92696,0.92712,0.92671,0.92679,1455,27,0
2025-11-12 06:00:00,0.92677,0.92686,0.92644,0.92676,2342,27,0
2025-11-12 08:00:00,0.92675,0.92713,0.92623,0.92625,2520,25,0
2025-11-12 10:00:00,0.92626,0.9263,0.92444,0.92462,5474,25,0
2025-11-12 12:00:00,0.92461,0.92524,0.92435,0.92471,4004,25,0
2025-11-12 14:00:00,0.92473,0.92501,0.92382,0.92385,5009,25,0
2025-11-12 16:00:00,0.92384,0.92413,0.92317,0.92406,6847,25,0
2025-11-12 18:00:00,0.92405,0.92433,0.92379,0.92388,4445,25,0
2025-11-12 20:00:00,0.92387,0.9243,0.92387,0.92425,2450,25,0
2025-11-12 22:00:00,0.92424,0.92478,0.92415,0.92425,2153,25,0
2025-11-13 00:00:00,0.92383,0.92475,0.92361,0.9247,1835,29,0
2025-11-13 02:00:00,0.92471,0.9249,0.92436,0.92483,3746,27,0
2025-11-13 04:00:00,0.92484,0.92556,0.9248,0.92534,2003,27,0
2025-11-13 06:00:00,0.92533,0.92562,0.92512,0.92557,1541,27,0
2025-11-13 08:00:00,0.92556,0.92569,0.92438,0.9246,3507,27,0
2025-11-13 10:00:00,0.92461,0.92473,0.92338,0.92396,6603,25,0
2025-11-13 12:00:00,0.92396,0.92417,0.92346,0.92361,4453,25,0
2025-11-13 14:00:00,0.92363,0.92461,0.9234,0.92459,4787,25,0
2025-11-13 16:00:00,0.92458,0.92463,0.92223,0.92255,7654,25,0
2025-11-13 18:00:00,0.92254,0.92269,0.92145,0.92175,7574,23,0
2025-11-13 20:00:00,0.92174,0.92226,0.92129,0.92223,4227,25,0
2025-11-13 22:00:00,0.92222,0.92261,0.92185,0.92188,2864,25,0
2025-11-14 00:00:00,0.92187,0.92276,0.92143,0.92243,3318,29,0
2025-11-14 02:00:00,0.92245,0.92267,0.92215,0.92255,4268,27,0
2025-11-14 04:00:00,0.92252,0.92281,0.92196,0.92208,2673,27,0
2025-11-14 06:00:00,0.92207,0.92227,0.92176,0.92223,2248,27,0
2025-11-14 08:00:00,0.92222,0.92224,0.9205,0.92068,4702,25,0
2025-11-14 10:00:00,0.92069,0.92095,0.91849,0.92055,7436,25,0
2025-11-14 12:00:00,0.92053,0.92073,0.9193,0.91942,4559,25,0
2025-11-14 14:00:00,0.91943,0.91952,0.91781,0.91871,9451,25,0
2025-11-14 16:00:00,0.91872,0.92146,0.91826,0.92116,10430,25,0
2025-11-14 18:00:00,0.92117,0.92271,0.9208,0.92204,5849,25,0
2025-11-14 20:00:00,0.92203,0.9224,0.9218,0.92233,3734,25,0
2025-11-14 22:00:00,0.92234,0.92292,0.92197,0.92214,3379,25,0
2025-11-17 00:00:00,0.92201,0.92285,0.92183,0.92243,1845,29,0
2025-11-17 02:00:00,0.92241,0.92257,0.9218,0.92199,3302,27,0
2025-11-17 04:00:00,0.922,0.92262,0.9218,0.92236,2227,27,0
2025-11-17 06:00:00,0.92237,0.92254,0.9218,0.92201,2241,27,0
2025-11-17 08:00:00,0.92202,0.92232,0.92113,0.9212,3085,25,0
2025-11-17 10:00:00,0.92121,0.92222,0.92102,0.92142,5672,25,0
2025-11-17 12:00:00,0.92143,0.92291,0.92142,0.92257,5256,25,0
2025-11-17 14:00:00,0.92255,0.92268,0.92213,0.92238,5056,23,0
2025-11-17 16:00:00,0.92239,0.9225,0.92144,0.92243,6390,25,0
2025-11-17 18:00:00,0.92244,0.92268,0.92192,0.92237,3985,25,0
2025-11-17 20:00:00,0.92236,0.92265,0.92222,0.92254,3134,25,0
2025-11-17 22:00:00,0.92253,0.92298,0.9222,0.92241,2758,25,0
2025-11-18 00:00:00,0.9219,0.92283,0.92089,0.92274,1686,29,0
2025-11-18 02:00:00,0.92275,0.92288,0.92227,0.92258,2737,27,0
2025-11-18 04:00:00,0.92257,0.92269,0.92188,0.92192,2739,27,0
2025-11-18 06:00:00,0.92193,0.92194,0.92092,0.9214,3834,27,0
2025-11-18 08:00:00,0.92139,0.92166,0.9206,0.92145,4834,25,0
2025-11-18 10:00:00,0.92146,0.92282,0.92137,0.92281,6346,25,0
2025-11-18 12:00:00,0.9228,0.92361,0.92258,0.92307,4637,25,0
2025-11-18 14:00:00,0.92308,0.92365,0.92271,0.9235,5835,25,0
2025-11-18 16:00:00,0.92351,0.92511,0.92325,0.92474,9344,25,0
2025-11-18 18:00:00,0.92476,0.92599,0.92475,0.92566,7260,25,0
2025-11-18 20:00:00,0.92565,0.92575,0.92507,0.92571,4214,25,0
2025-11-18 22:00:00,0.9257,0.92632,0.92562,0.92562,2466,25,0
2025-11-19 00:00:00,0.92563,0.92669,0.92446,0.92656,1767,29,0
2025-11-19 02:00:00,0.92655,0.92671,0.92589,0.92646,3688,27,0
2025-11-19 04:00:00,0.92647,0.92685,0.92629,0.92649,2718,27,0
2025-11-19 06:00:00,0.92648,0.92679,0.92536,0.92613,2736,27,0
2025-11-19 08:00:00,0.92614,0.9266,0.92556,0.92564,4096,25,0
2025-11-19 10:00:00,0.92565,0.92734,0.92534,0.9273,6085,25,0
2025-11-19 12:00:00,0.92729,0.92895,0.92724,0.92875,7533,25,0
2025-11-19 14:00:00,0.92868,0.92894,0.92809,0.92859,5184,25,0
2025-11-19 16:00:00,0.9286,0.92947,0.92751,0.92883,9347,23,0
2025-11-19 18:00:00,0.92882,0.92897,0.92797,0.92801,7911,25,0
2025-11-19 20:00:00,0.92801,0.92913,0.92797,0.92894,6098,23,0
2025-11-19 22:00:00,0.92893,0.92942,0.92865,0.92865,4576,25,0
2025-11-20 00:00:00,0.92879,0.92952,0.92723,0.92928,1932,28,0
2025-11-20 02:00:00,0.92927,0.92942,0.92851,0.9289,4410,27,0
2025-11-20 04:00:00,0.92895,0.92929,0.92874,0.9291,3045,27,0
2025-11-20 06:00:00,0.92909,0.92925,0.92867,0.92893,2432,27,0
2025-11-20 08:00:00,0.92894,0.92908,0.92844,0.92852,4307,25,0
2025-11-20 10:00:00,0.92851,0.92876,0.92813,0.92849,5192,25,0
2025-11-20 12:00:00,0.92847,0.92961,0.92842,0.92934,4220,25,0
2025-11-20 14:00:00,0.92937,0.9298,0.92826,0.92956,8897,25,0
2025-11-20 16:00:00,0.92957,0.93042,0.9295,0.92958,9986,25,0
2025-11-20 18:00:00,0.92956,0.92966,0.92833,0.92871,10688,25,0
2025-11-20 20:00:00,0.92872,0.92942,0.92864,0.92908,5244,25,0
2025-11-20 22:00:00,0.92909,0.92929,0.92816,0.92826,3559,25,0
2025-11-21 00:00:00,0.92708,0.92903,0.92699,0.92897,2758,29,0
2025-11-21 02:00:00,0.92895,0.92925,0.92828,0.92877,4355,27,0
2025-11-21 04:00:00,0.92873,0.92884,0.92806,0.9283,2684,27,0
2025-11-21 06:00:00,0.92831,0.92843,0.92785,0.92802,2788,27,0
2025-11-21 08:00:00,0.92803,0.92857,0.92766,0.92805,4545,25,0
2025-11-21 10:00:00,0.92807,0.92957,0.92745,0.9282,7700,25,0
2025-11-21 12:00:00,0.92819,0.92906,0.92753,0.92865,6446,25,0
2025-11-21 14:00:00,0.92866,0.92949,0.92775,0.92936,8813,25,0
2025-11-21 16:00:00,0.92937,0.92999,0.92874,0.92999,10307,25,0
2025-11-21 18:00:00,0.92998,0.93085,0.92981,0.93004,7540,25,0
2025-11-21 20:00:00,0.93005,0.9307,0.92991,0.92991,4693,25,0
2025-11-21 22:00:00,0.92992,0.93084,0.92982,0.93059,3878,25,0
2025-11-24 00:00:00,0.93067,0.93088,0.92957,0.93046,2006,28,0
2025-11-24 02:00:00,0.93047,0.93096,0.92995,0.93079,2971,27,0
2025-11-24 04:00:00,0.9308,0.93127,0.93077,0.93095,2354,27,0
2025-11-24 06:00:00,0.93096,0.93135,0.9309,0.93114,2267,27,0
2025-11-24 08:00:00,0.93113,0.93233,0.93112,0.93232,3563,25,0
2025-11-24 10:00:00,0.93234,0.93237,0.93025,0.9306,6959,25,0
2025-11-24 12:00:00,0.93058,0.93165,0.93001,0.93165,5036,25,0
2025-11-24 14:00:00,0.93162,0.93241,0.93102,0.93158,4395,25,0
2025-11-24 16:00:00,0.93157,0.93181,0.93064,0.93106,6756,25,0
2025-11-24 18:00:00,0.93105,0.93165,0.93084,0.93115,2810,25,0
2025-11-24 20:00:00,0.93114,0.93129,0.93068,0.93096,3683,25,0
2025-11-24 22:00:00,0.93095,0.93126,0.93088,0.93115,2766,25,0
2025-11-25 00:00:00,0.93109,0.93163,0.93109,0.93133,2153,29,0
2025-11-25 02:00:00,0.93132,0.93164,0.93102,0.93142,3297,27,0
2025-11-25 04:00:00,0.93144,0.93205,0.93138,0.93145,2393,27,0
2025-11-25 06:00:00,0.93144,0.93175,0.93133,0.93142,2174,27,0
2025-11-25 08:00:00,0.93143,0.93247,0.93138,0.932,3374,25,0
2025-11-25 10:00:00,0.93204,0.93361,0.93185,0.93356,5480,25,0
2025-11-25 12:00:00,0.93355,0.9345,0.93345,0.93373,4522,25,0
2025-11-25 14:00:00,0.93371,0.93493,0.9333,0.93429,8231,25,0
2025-11-25 16:00:00,0.93428,0.93469,0.93321,0.93389,9807,25,0
2025-11-25 18:00:00,0.9339,0.93486,0.93383,0.93404,7488,25,0
2025-11-25 20:00:00,0.93404,0.93424,0.93372,0.934,5194,25,0
2025-11-25 22:00:00,0.93401,0.93442,0.93369,0.93372,3863,25,0
2025-11-26 00:00:00,0.93374,0.93439,0.93305,0.93424,1769,29,0
2025-11-26 02:00:00,0.93423,0.93453,0.93389,0.93418,5868,27,0
2025-11-26 04:00:00,0.93417,0.93421,0.93334,0.93365,3649,27,0
2025-11-26 06:00:00,0.93366,0.93378,0.93208,0.93237,2902,27,0
2025-11-26 08:00:00,0.93238,0.93337,0.93227,0.93298,5543,25,0
2025-11-26 10:00:00,0.93299,0.93335,0.93251,0.93321,6629,25,0
2025-11-26 12:00:00,0.9332,0.9337,0.93278,0.93367,5862,25,0
2025-11-26 14:00:00,0.93365,0.93422,0.93323,0.93343,10115,25,0
2025-11-26 16:00:00,0.93342,0.93457,0.93305,0.93353,8918,23,0
2025-11-26 18:00:00,0.93354,0.93381,0.93199,0.93214,6702,25,0
2025-11-26 20:00:00,0.93215,0.9325,0.93206,0.9323,3914,25,0
2025-11-26 22:00:00,0.93232,0.93263,0.93196,0.93206,3195,25,0
2025-11-27 00:00:00,0.93265,0.93314,0.93185,0.93201,2395,29,0
2025-11-27 02:00:00,0.932,0.93229,0.93165,0.932,3485,27,0
2025-11-27 04:00:00,0.93201,0.93233,0.9317,0.93225,2517,27,0
2025-11-27 06:00:00,0.93224,0.93242,0.9321,0.93215,2266,27,0
2025-11-27 08:00:00,0.93216,0.9328,0.93202,0.93267,3577,25,0
2025-11-27 10:00:00,0.93266,0.93325,0.93236,0.93259,5081,25,0
2025-11-27 12:00:00,0.93259,0.93366,0.93259,0.9336,3866,25,0
2025-11-27 14:00:00,0.93362,0.93367,0.93323,0.93327,3437,25,0
2025-11-27 16:00:00,0.93328,0.9344,0.93319,0.93345,3128,25,0
2025-11-27 18:00:00,0.93346,0.93388,0.93315,0.93316,1981,25,0
2025-11-27 20:00:00,0.93312,0.93333,0.93304,0.93324,1278,25,0
2025-11-27 22:00:00,0.93324,0.93335,0.93261,0.93268,1766,25,0
2025-11-28 00:00:00,0.93269,0.93324,0.93235,0.93318,873,27,0
2025-11-28 02:00:00,0.93319,0.93347,0.9327,0.93286,5750,27,0
2025-11-28 04:00:00,0.93287,0.93321,0.93213,0.93239,16375,27,0
2025-11-28 06:00:00,0.93242,0.93317,0.93218,0.93219,18583,27,0
2025-11-28 08:00:00,0.93224,0.93359,0.93194,0.93297,21359,25,0
2025-11-28 10:00:00,0.93298,0.93355,0.9309,0.93274,23743,23,0
2025-11-28 12:00:00,0.93273,0.93291,0.93185,0.9321,14701,23,0
2025-11-28 14:00:00,0.93209,0.93233,0.93111,0.93159,15474,23,0
2025-11-28 16:00:00,0.93161,0.93302,0.93117,0.93172,9554,25,0
2025-11-28 18:00:00,0.93173,0.93215,0.93148,0.9317,6106,25,0
2025-11-28 20:00:00,0.93171,0.93214,0.93167,0.93212,4710,25,0
2025-11-28 22:00:00,0.93213,0.93224,0.93115,0.93152,9915,25,0
2025-12-01 00:00:00,0.93177,0.93251,0.93148,0.93187,3129,29,0
2025-12-01 02:00:00,0.93186,0.93246,0.93173,0.93229,5321,27,0
2025-12-01 04:00:00,0.9323,0.93253,0.93198,0.93243,3029,27,0
2025-12-01 06:00:00,0.93244,0.9329,0.93214,0.93282,2514,27,0
2025-12-01 08:00:00,0.93281,0.93325,0.93236,0.93245,4974,25,0
2025-12-01 10:00:00,0.93246,0.93298,0.93188,0.93295,7942,25,0
2025-12-01 12:00:00,0.93296,0.9337,0.93286,0.93291,5624,25,0
2025-12-01 14:00:00,0.93287,0.93317,0.93157,0.93235,6791,25,0
2025-12-01 16:00:00,0.93237,0.93359,0.93179,0.93287,9367,23,0
2025-12-01 18:00:00,0.93288,0.93392,0.93279,0.93385,5350,25,0
2025-12-01 20:00:00,0.93386,0.93399,0.93352,0.93363,4290,25,0
2025-12-01 22:00:00,0.93362,0.93433,0.93355,0.93361,2883,25,0
2025-12-02 00:00:00,0.93098,0.93411,0.93098,0.93395,863,29,0
2025-12-02 02:00:00,0.93396,0.93411,0.93372,0.93377,2443,27,0
2025-12-02 04:00:00,0.93376,0.93405,0.93356,0.93369,1425,27,0
2025-12-02 06:00:00,0.93373,0.93404,0.93369,0.93394,1300,27,0
2025-12-02 08:00:00,0.93393,0.93407,0.93351,0.93399,2733,25,0
2025-12-02 10:00:00,0.93401,0.93433,0.93348,0.93359,4330,25,0
2025-12-02 12:00:00,0.9336,0.93419,0.93341,0.93401,4430,25,0
2025-12-02 14:00:00,0.934,0.93463,0.93397,0.93446,3844,25,0
2025-12-02 16:00:00,0.93446,0.93478,0.93257,0.93356,7498,25,0
2025-12-02 18:00:00,0.93357,0.93368,0.93263,0.93313,5631,25,0
2025-12-02 20:00:00,0.93313,0.9336,0.9331,0.9333,3982,25,0
2025-12-02 22:00:00,0.93331,0.93353,0.93255,0.93271,3159,25,0
2025-12-03 00:00:00,0.93285,0.93355,0.93237,0.93339,1339,29,0
2025-12-03 02:00:00,0.9334,0.93345,0.93287,0.9332,2697,27,0
2025-12-03 04:00:00,0.93319,0.93338,0.93314,0.93321,1467,27,0
2025-12-03 06:00:00,0.9332,0.93358,0.93319,0.93355,1382,27,0
2025-12-03 08:00:00,0.93358,0.93424,0.93296,0.93377,4022,24,0
2025-12-03 10:00:00,0.93376,0.93396,0.93279,0.93366,5521,25,0
2025-12-03 12:00:00,0.93365,0.93397,0.93301,0.93327,4696,25,0
2025-12-03 14:00:00,0.93328,0.93377,0.93292,0.93338,5536,24,0
2025-12-03 16:00:00,0.93339,0.93392,0.9327,0.93331,8849,23,0
2025-12-03 18:00:00,0.93332,0.93366,0.93266,0.93279,5297,25,0
2025-12-03 20:00:00,0.9328,0.93317,0.93271,0.93299,4067,25,0
2025-12-03 22:00:00,0.93297,0.93315,0.93253,0.93253,2706,25,0
2025-12-04 00:00:00,0.93295,0.93332,0.93257,0.93293,2713,29,0
2025-12-04 02:00:00,0.93292,0.93319,0.93282,0.93303,3070,27,0
2025-12-04 04:00:00,0.93302,0.93333,0.93282,0.93331,2078,27,0
2025-12-04 06:00:00,0.9333,0.93369,0.93319,0.93362,2396,27,0
2025-12-04 08:00:00,0.93363,0.93395,0.93329,0.93388,3562,25,0
2025-12-04 10:00:00,0.93387,0.93459,0.93366,0.93377,6519,25,0
2025-12-04 12:00:00,0.93377,0.93416,0.93343,0.93387,4863,25,0
2025-12-04 14:00:00,0.93385,0.93413,0.93332,0.93387,5498,23,0
2025-12-04 16:00:00,0.93386,0.9348,0.93333,0.93478,7102,25,0
2025-12-04 18:00:00,0.93479,0.93551,0.93461,0.93532,4844,25,0
2025-12-04 20:00:00,0.93532,0.93581,0.93528,0.93581,3895,25,0
2025-12-04 22:00:00,0.93578,0.93591,0.93475,0.93486,3418,25,0
2025-12-05 00:00:00,0.93462,0.93572,0.93264,0.93569,1017,29,0
2025-12-05 02:00:00,0.9357,0.93589,0.93566,0.93585,2410,27,0
2025-12-05 04:00:00,0.93586,0.9359,0.93571,0.93585,1648,27,0
2025-12-05 06:00:00,0.93584,0.9362,0.93543,0.93597,2120,27,0
2025-12-05 08:00:00,0.93596,0.93624,0.93556,0.93602,3635,25,0
2025-12-05 10:00:00,0.93601,0.9364,0.93523,0.93534,5177,25,0
2025-12-05 12:00:00,0.93535,0.93609,0.93517,0.93548,3668,25,0
2025-12-05 14:00:00,0.93547,0.93651,0.9354,0.93607,5228,23,0
2025-12-05 16:00:00,0.93608,0.93696,0.93555,0.93658,8589,25,0
2025-12-05 18:00:00,0.93659,0.937,0.93623,0.93697,7736,25,0
2025-12-05 20:00:00,0.93696,0.93706,0.93634,0.93638,4149,25,0
2025-12-05 22:00:00,0.93639,0.9367,0.93617,0.9364,3527,25,0
2025-12-08 00:00:00,0.93552,0.93709,0.93529,0.93672,6690,27,0
2025-12-08 02:00:00,0.93671,0.93679,0.93607,0.93614,4047,27,0
2025-12-08 04:00:00,0.93615,0.93631,0.936,0.93609,2343,27,0
2025-12-08 06:00:00,0.93609,0.93636,0.93609,0.93631,2590,27,0
2025-12-08 08:00:00,0.93632,0.93712,0.93623,0.93649,4730,25,0
2025-12-08 10:00:00,0.9365,0.93731,0.93643,0.93676,4904,25,0
2025-12-08 12:00:00,0.93675,0.93871,0.93665,0.93848,4021,25,0
2025-12-08 14:00:00,0.93847,0.93888,0.93824,0.93856,5015,25,0
2025-12-08 16:00:00,0.93859,0.93945,0.93813,0.93902,8126,25,0
2025-12-08 18:00:00,0.93903,0.93903,0.93855,0.9388,5764,25,0
2025-12-08 20:00:00,0.93881,0.93888,0.93846,0.93885,3888,25,0
2025-12-08 22:00:00,0.93886,0.93909,0.93834,0.93834,2728,25,0
2025-12-09 00:00:00,0.93834,0.93903,0.93785,0.93889,1921,27,0
2025-12-09 02:00:00,0.9389,0.93905,0.93864,0.93891,3743,27,0
2025-12-09 04:00:00,0.93892,0.93896,0.93863,0.93866,3616,27,0
2025-12-09 06:00:00,0.93867,0.93917,0.93789,0.93814,2552,27,0
2025-12-09 08:00:00,0.93813,0.93864,0.93813,0.93844,3593,25,0
2025-12-09 10:00:00,0.93846,0.93887,0.93746,0.93858,5467,23,0
2025-12-09 12:00:00,0.93857,0.93916,0.93851,0.93876,4546,25,0
2025-12-09 14:00:00,0.93878,0.93903,0.93748,0.93773,5629,25,0
2025-12-09 16:00:00,0.93774,0.93881,0.9373,0.93834,8543,24,0
2025-12-09 18:00:00,0.93833,0.93838,0.93704,0.9372,5025,25,0
2025-12-09 20:00:00,0.93721,0.93738,0.93688,0.93704,3907,25,0
2025-12-09 22:00:00,0.93703,0.93724,0.93691,0.93724,2931,25,0
2025-12-10 00:00:00,0.93699,0.93767,0.93608,0.93714,1128,29,0
2025-12-10 02:00:00,0.93713,0.93727,0.93691,0.93717,2539,27,0
2025-12-10 04:00:00,0.93716,0.93725,0.93699,0.93709,1616,27,0
2025-12-10 06:00:00,0.9371,0.93733,0.93706,0.9373,1385,27,0
2025-12-10 08:00:00,0.93729,0.93779,0.93713,0.93768,2871,25,0
2025-12-10 10:00:00,0.93763,0.93768,0.93644,0.93684,5111,25,0
2025-12-10 12:00:00,0.93686,0.93711,0.93646,0.93687,4200,25,0
2025-12-10 14:00:00,0.93688,0.93695,0.93477,0.9349,5037,24,0
2025-12-10 16:00:00,0.93489,0.93502,0.93428,0.93428,6580,23,0
2025-12-10 18:00:00,0.93427,0.93521,0.93427,0.93514,4533,25,0
2025-12-10 20:00:00,0.93515,0.93565,0.934,0.93539,12810,23,0
2025-12-10 22:00:00,0.93538,0.93568,0.93491,0.93512,7496,25,0
2025-12-11 00:00:00,0.935,0.93561,0.93391,0.93522,2085,27,0
2025-12-11 02:00:00,0.93521,0.93551,0.93477,0.93481,4306,27,0
2025-12-11 04:00:00,0.93482,0.93498,0.93387,0.93396,3274,27,0
2025-12-11 06:00:00,0.93397,0.93461,0.93382,0.93441,2146,27,0
2025-12-11 08:00:00,0.9344,0.93557,0.9343,0.93506,3610,25,0
2025-12-11 10:00:00,0.93505,0.93544,0.93332,0.93379,6509,25,0
2025-12-11 12:00:00,0.93377,0.93398,0.93262,0.93274,5103,25,0
2025-12-11 14:00:00,0.93275,0.93329,0.93245,0.93311,6868,25,0
2025-12-11 16:00:00,0.9331,0.93361,0.93193,0.93262,8399,25,0
2025-12-11 18:00:00,0.93264,0.93318,0.9319,0.93264,6469,25,0
2025-12-11 20:00:00,0.93264,0.93341,0.93253,0.93334,4382,25,0
2025-12-11 22:00:00,0.93333,0.93348,0.93254,0.93337,3656,25,0
2025-12-12 00:00:00,0.93322,0.93337,0.93179,0.93284,4210,27,0
2025-12-12 02:00:00,0.93285,0.93303,0.93221,0.93249,3944,27,0
2025-12-12 04:00:00,0.93248,0.93274,0.93215,0.93259,2452,27,0
2025-12-12 06:00:00,0.93258,0.93283,0.93253,0.93272,1986,27,0
2025-12-12 08:00:00,0.93271,0.93305,0.93257,0.93301,3479,25,0
2025-12-12 10:00:00,0.933,0.93315,0.93218,0.93249,5759,25,0
2025-12-12 12:00:00,0.93248,0.93283,0.93229,0.93248,3489,25,0
2025-12-12 14:00:00,0.93248,0.93354,0.93245,0.93332,4701,25,0
2025-12-12 16:00:00,0.93333,0.93418,0.93277,0.93388,8293,25,0
2025-12-12 18:00:00,0.93387,0.93448,0.93355,0.9343,6476,25,0
2025-12-12 20:00:00,0.93429,0.93451,0.93403,0.93428,3730,25,0
2025-12-12 22:00:00,0.93426,0.93461,0.93367,0.93387,3321,25,0
2025-12-15 00:00:00,0.93289,0.93436,0.93188,0.93436,4517,27,0
2025-12-15 02:00:00,0.93437,0.93452,0.93408,0.9344,3442,27,0
2025-12-15 04:00:00,0.93441,0.93442,0.93394,0.93413,2908,27,0
2025-12-15 06:00:00,0.93414,0.93415,0.93383,0.93387,3573,27,0
2025-12-15 08:00:00,0.93386,0.93435,0.93384,0.93415,4402,26,0
2025-12-15 10:00:00,0.93417,0.93546,0.93413,0.93478,4625,25,0
2025-12-15 12:00:00,0.93477,0.9351,0.9344,0.93497,2915,25,0
2025-12-15 14:00:00,0.93496,0.93564,0.9348,0.93517,3858,23,0
2025-12-15 16:00:00,0.9352,0.93528,0.93386,0.93513,8261,25,0
2025-12-15 18:00:00,0.93514,0.93626,0.93488,0.93587,5093,25,0
2025-12-15 20:00:00,0.93587,0.93589,0.93549,0.93579,3519,25,0
2025-12-15 22:00:00,0.9358,0.93591,0.93498,0.93498,3078,25,0
2025-12-16 00:00:00,0.93494,0.93589,0.93383,0.93571,2575,27,0
2025-12-16 02:00:00,0.9357,0.93573,0.9349,0.93502,6303,27,0
2025-12-16 04:00:00,0.93503,0.93525,0.93484,0.93507,5537,27,0
2025-12-16 06:00:00,0.93505,0.93565,0.93493,0.93559,3337,27,0
2025-12-16 08:00:00,0.93558,0.93627,0.93556,0.93603,3611,25,0
2025-12-16 10:00:00,0.93605,0.93663,0.93548,0.93548,5043,24,0
2025-12-16 12:00:00,0.9355,0.93592,0.93533,0.93566,3377,25,0
2025-12-16 14:00:00,0.93567,0.93592,0.93386,0.93579,8858,25,0
2025-12-16 16:00:00,0.9358,0.93622,0.9355,0.93581,10209,24,0
2025-12-16 18:00:00,0.93582,0.93588,0.93417,0.93419,5842,25,0
2025-12-16 20:00:00,0.93418,0.93453,0.93395,0.93414,4742,25,0
2025-12-16 22:00:00,0.93415,0.93428,0.9333,0.93334,3090,25,0
2025-12-17 00:00:00,0.93333,0.93428,0.93253,0.93427,2125,27,0
2025-12-17 02:00:00,0.93428,0.93432,0.93387,0.93399,5509,27,0
2025-12-17 04:00:00,0.934,0.93417,0.93385,0.93393,3774,27,0
2025-12-17 06:00:00,0.93393,0.93398,0.93359,0.93383,3701,27,0
2025-12-17 08:00:00,0.93384,0.93508,0.93374,0.9348,6330,25,0
2025-12-17 10:00:00,0.9348,0.93551,0.93417,0.93469,5746,25,0
2025-12-17 12:00:00,0.93467,0.93495,0.933,0.93333,4621,25,0
2025-12-17 14:00:00,0.93332,0.93354,0.93244,0.93346,6352,25,0
2025-12-17 16:00:00,0.93345,0.9341,0.93283,0.93365,9128,24,0
2025-12-17 18:00:00,0.93364,0.93407,0.93345,0.93346,5654,25,0
2025-12-17 20:00:00,0.93347,0.93399,0.93332,0.93388,3405,25,0
2025-12-17 22:00:00,0.9339,0.93418,0.93358,0.93358,2645,25,0
2025-12-18 00:00:00,0.93359,0.93387,0.93222,0.93359,2865,27,0
2025-12-18 02:00:00,0.9336,0.93374,0.93334,0.93369,5285,27,0
2025-12-18 04:00:00,0.9337,0.93383,0.93348,0.93356,3597,27,0
2025-12-18 06:00:00,0.93355,0.93385,0.93342,0.93366,3113,27,0
2025-12-18 08:00:00,0.93365,0.9338,0.93321,0.93334,4061,25,0
2025-12-18 10:00:00,0.93335,0.93371,0.93286,0.93356,4920,25,0
2025-12-18 12:00:00,0.93353,0.93365,0.93177,0.93201,3673,23,0
2025-12-18 14:00:00,0.93202,0.93258,0.93055,0.93233,9343,23,0
2025-12-18 16:00:00,0.93234,0.93255,0.93086,0.93087,10452,25,0
2025-12-18 18:00:00,0.93086,0.93162,0.93086,0.93111,5984,25,0
2025-12-18 20:00:00,0.93113,0.93118,0.93084,0.93086,3555,25,0
2025-12-18 22:00:00,0.93088,0.93105,0.93043,0.93043,2088,25,0
2025-12-19 00:00:00,0.93036,0.93168,0.93035,0.93094,1438,29,0
2025-12-19 02:00:00,0.93093,0.93157,0.93092,0.93154,2929,27,0
2025-12-19 04:00:00,0.93155,0.93188,0.93151,0.93176,3118,27,0
2025-12-19 06:00:00,0.93175,0.93197,0.93144,0.93152,3332,27,0
2025-12-19 08:00:00,0.93152,0.93186,0.93105,0.93126,5861,25,0
2025-12-19 10:00:00,0.93127,0.9319,0.9309,0.93117,5611,25,0
2025-12-19 12:00:00,0.93118,0.93179,0.93092,0.93179,4521,25,0
2025-12-19 14:00:00,0.93178,0.932,0.93141,0.93163,5115,25,0
2025-12-19 16:00:00,0.93164,0.93271,0.93155,0.93178,8119,25,0
2025-12-19 18:00:00,0.93179,0.93214,0.9315,0.93163,4439,25,0
2025-12-19 20:00:00,0.93162,0.93201,0.93137,0.93153,3322,25,0
2025-12-19 22:00:00,0.93152,0.9317,0.9309,0.93099,2912,25,0
2025-12-22 00:00:00,0.93077,0.93184,0.9301,0.93128,9690,27,0
2025-12-22 02:00:00,0.93126,0.93149,0.93048,0.93117,8339,27,0
2025-12-22 04:00:00,0.93118,0.93149,0.93075,0.93087,3270,27,0
2025-12-22 06:00:00,0.93089,0.93124,0.93076,0.93106,3084,27,0
2025-12-22 08:00:00,0.93107,0.93184,0.93085,0.9317,3282,27,0
2025-12-22 10:00:00,0.93171,0.93213,0.93043,0.93049,4381,25,0
2025-12-22 12:00:00,0.9305,0.93129,0.93043,0.93078,3237,25,0
2025-12-22 14:00:00,0.93079,0.9318,0.93075,0.93167,4946,25,0
2025-12-22 16:00:00,0.93166,0.93231,0.93142,0.9319,6133,25,0
2025-12-22 18:00:00,0.93191,0.9321,0.93101,0.93111,3954,25,0
2025-12-22 20:00:00,0.93112,0.93116,0.93064,0.93066,2489,25,0
2025-12-22 22:00:00,0.93067,0.93125,0.93061,0.93076,1756,25,0
2025-12-23 00:00:00,0.9307,0.93246,0.93068,0.93099,3338,27,0
2025-12-23 02:00:00,0.931,0.93103,0.93045,0.93065,4500,27,0
2025-12-23 04:00:00,0.93065,0.93069,0.92955,0.92965,4533,27,0
2025-12-23 06:00:00,0.92964,0.93,0.92957,0.92985,6456,27,0
2025-12-23 08:00:00,0.92985,0.93107,0.92984,0.93087,4115,26,0
2025-12-23 10:00:00,0.93088,0.93094,0.92844,0.92953,6302,25,0
2025-12-23 12:00:00,0.9295,0.92966,0.92853,0.92897,4215,25,0
2025-12-23 14:00:00,0.92898,0.92936,0.92803,0.92919,6339,23,0
2025-12-23 16:00:00,0.9292,0.93073,0.92915,0.92982,8399,25,0
2025-12-23 18:00:00,0.92983,0.92992,0.92884,0.92893,4308,25,0
2025-12-23 20:00:00,0.92892,0.92912,0.92843,0.92856,2855,25,0
2025-12-23 22:00:00,0.92857,0.92903,0.92847,0.92847,2289,25,0
2025-12-24 00:00:00,0.92999,0.93109,0.92827,0.92877,3093,27,0
2025-12-24 02:00:00,0.92878,0.92878,0.92783,0.92818,5028,27,0
2025-12-24 04:00:00,0.92817,0.92871,0.92805,0.92806,4545,27,0
2025-12-24 06:00:00,0.92805,0.92857,0.92801,0.92848,2228,27,0
2025-12-24 08:00:00,0.92847,0.92859,0.92822,0.92829,3671,25,0
2025-12-24 10:00:00,0.9283,0.92859,0.92764,0.92766,4556,25,0
2025-12-24 12:00:00,0.92767,0.92829,0.92725,0.9274,3534,25,0
2025-12-24 14:00:00,0.92739,0.92857,0.92733,0.92852,4616,23,0
2025-12-24 16:00:00,0.92853,0.92906,0.92839,0.929,5295,25,0
2025-12-24 18:00:00,0.92898,0.92968,0.9283,0.92837,3505,25,0
2025-12-24 20:00:00,0.9284,0.92848,0.92785,0.92836,2082,25,0
2025-12-24 22:00:00,0.92837,0.9284,0.92739,0.92808,11561,28,0
2025-12-26 00:00:00,0.9269,0.92867,0.92576,0.92866,7897,27,0
2025-12-26 02:00:00,0.92868,0.92926,0.92814,0.92869,6221,27,0
2025-12-26 04:00:00,0.9287,0.92926,0.92862,0.92888,3496,27,0
2025-12-26 06:00:00,0.92889,0.92891,0.92856,0.92871,3251,27,0
2025-12-26 08:00:00,0.92872,0.92955,0.92832,0.92923,3462,25,0
2025-12-26 10:00:00,0.92924,0.92986,0.92914,0.92963,3226,25,0
2025-12-26 12:00:00,0.92961,0.93017,0.92947,0.92974,2650,25,0
2025-12-26 14:00:00,0.92973,0.92994,0.92937,0.92943,3899,25,0
2025-12-26 16:00:00,0.92945,0.9295,0.92876,0.92889,5807,25,0
2025-12-26 18:00:00,0.9289,0.92952,0.92888,0.92944,11587,25,0
2025-12-26 20:00:00,0.92943,0.92969,0.9291,0.92913,5264,25,0
2025-12-26 22:00:00,0.92912,0.92931,0.92821,0.92844,3062,25,0
2025-12-29 00:00:00,0.92775,0.92937,0.92663,0.929,6277,27,0
2025-12-29 02:00:00,0.92895,0.92918,0.92847,0.92918,5405,27,0
2025-12-29 04:00:00,0.92917,0.92976,0.92909,0.92931,3442,27,0
2025-12-29 06:00:00,0.92932,0.92957,0.92845,0.92854,3430,27,0
2025-12-29 08:00:00,0.92853,0.92956,0.92817,0.92873,4245,27,0
2025-12-29 10:00:00,0.92875,0.92971,0.92798,0.92843,5479,25,0
2025-12-29 12:00:00,0.92844,0.93068,0.92834,0.92976,5628,25,0
2025-12-29 14:00:00,0.92976,0.92997,0.92876,0.92972,6130,25,0
2025-12-29 16:00:00,0.92971,0.93011,0.92861,0.92866,8938,24,0
2025-12-29 18:00:00,0.92868,0.92926,0.92809,0.92903,5856,25,0
2025-12-29 20:00:00,0.92904,0.92947,0.92894,0.92902,2707,25,0
2025-12-29 22:00:00,0.92903,0.92933,0.92839,0.92839,2747,25,0
2025-12-30 00:00:00,0.92732,0.92904,0.92691,0.92865,3144,27,0
2025-12-30 02:00:00,0.92863,0.92888,0.92822,0.92883,4566,27,0
2025-12-30 04:00:00,0.92882,0.92913,0.92838,0.92849,2929,27,0
2025-12-30 06:00:00,0.92848,0.92873,0.92837,0.92865,2892,27,0
2025-12-30 08:00:00,0.92866,0.92884,0.92817,0.92856,3236,25,0
2025-12-30 10:00:00,0.92856,0.9293,0.92821,0.92826,4420,25,0
2025-12-30 12:00:00,0.92827,0.92855,0.92747,0.92835,3721,25,0
2025-12-30 14:00:00,0.92834,0.92964,0.92824,0.92916,5189,25,0
2025-12-30 16:00:00,0.92915,0.93002,0.92905,0.92997,7127,25,0
2025-12-30 18:00:00,0.92996,0.93039,0.9297,0.93016,4553,25,0
2025-12-30 20:00:00,0.93015,0.93018,0.9296,0.93005,2629,25,0
2025-12-30 22:00:00,0.93003,0.93061,0.92976,0.92976,1978,25,0
2025-12-31 00:00:00,0.92933,0.93024,0.92914,0.93007,2345,27,0
2025-12-31 02:00:00,0.93006,0.93014,0.92976,0.92978,3779,27,0
2025-12-31 04:00:00,0.92978,0.93035,0.92976,0.9301,4126,27,0
2025-12-31 06:00:00,0.93011,0.93046,0.92977,0.93044,3194,27,0
2025-12-31 08:00:00,0.93045,0.93079,0.93007,0.93069,2899,25,0
2025-12-31 10:00:00,0.9307,0.93113,0.93022,0.93106,4162,25,0
2025-12-31 12:00:00,0.93104,0.93157,0.93042,0.93075,4024,25,0
2025-12-31 14:00:00,0.93074,0.93156,0.93039,0.93047,5848,24,0
2025-12-31 16:00:00,0.93048,0.93124,0.92966,0.93039,8772,23,0
2025-12-31 18:00:00,0.93038,0.93154,0.93029,0.9311,5757,25,0
2025-12-31 20:00:00,0.93109,0.93113,0.93097,0.93101,75,26,0
2026-01-02 00:00:00,0.93061,0.93116,0.93004,0.93052,3712,27,0
2026-01-02 02:00:00,0.93053,0.93073,0.93009,0.93032,2769,27,0
2026-01-02 04:00:00,0.93033,0.93074,0.92991,0.93073,2627,27,0
2026-01-02 06:00:00,0.93072,0.93114,0.93069,0.9311,2382,27,0
2026-01-02 08:00:00,0.93111,0.93149,0.93078,0.93098,3031,26,0
2026-01-02 10:00:00,0.93099,0.93104,0.92962,0.93015,5268,25,0
2026-01-02 12:00:00,0.93013,0.93032,0.92932,0.9295,3686,25,0
2026-01-02 14:00:00,0.92951,0.92987,0.92927,0.92952,4310,25,0
2026-01-02 16:00:00,0.92951,0.92953,0.92817,0.92865,6453,25,0
2026-01-02 18:00:00,0.92864,0.9293,0.92853,0.92884,5122,25,0
2026-01-02 20:00:00,0.92884,0.92901,0.92825,0.92837,3589,25,0
2026-01-02 22:00:00,0.92839,0.92878,0.92794,0.92809,2669,25,0
2026-01-05 00:00:00,0.92776,0.92854,0.92733,0.9284,2958,27,0
2026-01-05 02:00:00,0.92841,0.9285,0.92722,0.92739,5808,27,0
2026-01-05 04:00:00,0.92739,0.92804,0.92689,0.92796,4927,27,0
2026-01-05 06:00:00,0.92796,0.9281,0.9274,0.92784,2697,27,0
2026-01-05 08:00:00,0.92784,0.92827,0.92781,0.92791,3730,25,0
2026-01-05 10:00:00,0.92789,0.9303,0.92784,0.93023,5375,25,0
2026-01-05 12:00:00,0.93024,0.93052,0.92802,0.92819,5253,25,0
2026-01-05 14:00:00,0.92816,0.92888,0.92747,0.92854,6610,25,0
2026-01-05 16:00:00,0.92852,0.92936,0.92823,0.92862,8426,23,0
2026-01-05 18:00:00,0.92862,0.9288,0.92806,0.92839,5516,25,0
2026-01-05 20:00:00,0.92841,0.92882,0.92788,0.92811,3173,25,0
2026-01-05 22:00:00,0.92808,0.9281,0.92727,0.92729,1928,25,0
2026-01-06 00:00:00,0.9274,0.92795,0.92702,0.92792,1613,27,0
2026-01-06 02:00:00,0.92794,0.92814,0.92765,0.92775,3602,27,0
2026-01-06 04:00:00,0.92776,0.92824,0.92755,0.92812,2667,27,0
2026-01-06 06:00:00,0.92813,0.92826,0.92796,0.92808,1988,27,0
2026-01-06 08:00:00,0.92809,0.92865,0.92772,0.92788,3252,25,0
2026-01-06 10:00:00,0.92789,0.92923,0.92775,0.92827,5416,25,0
2026-01-06 12:00:00,0.92826,0.92866,0.92806,0.92843,3838,25,0
2026-01-06 14:00:00,0.92843,0.92897,0.9279,0.9284,5528,25,0
2026-01-06 16:00:00,0.92841,0.92971,0.92796,0.92947,8559,25,0
2026-01-06 18:00:00,0.92948,0.93014,0.92946,0.93001,4348,25,0
2026-01-06 20:00:00,0.93002,0.93009,0.92956,0.92962,2899,25,0
2026-01-06 22:00:00,0.92958,0.92992,0.92946,0.92949,2010,25,0
2026-01-07 00:00:00,0.92948,0.93003,0.92835,0.92986,1911,28,0
2026-01-07 02:00:00,0.92987,0.93001,0.9296,0.92965,4581,27,0
2026-01-07 04:00:00,0.92964,0.93004,0.92946,0.92973,3156,27,0
2026-01-07 06:00:00,0.92972,0.92982,0.92942,0.92966,3752,27,0
2026-01-07 08:00:00,0.92965,0.93037,0.92924,0.93029,4076,26,0
2026-01-07 10:00:00,0.93031,0.93053,0.92945,0.92963,4754,25,0
2026-01-07 12:00:00,0.92962,0.93114,0.92959,0.93067,4141,25,0
2026-01-07 14:00:00,0.93068,0.9307,0.92987,0.93016,5673,23,0
2026-01-07 16:00:00,0.93053,0.93133,0.92923,0.93102,9899,23,0
2026-01-07 18:00:00,0.93103,0.93142,0.93093,0.93128,4554,25,0
2026-01-07 20:00:00,0.93127,0.93173,0.93119,0.93148,3371,25,0
2026-01-07 22:00:00,0.93149,0.93152,0.93056,0.93056,2125,26,0
2026-01-08 00:00:00,0.92945,0.93143,0.92918,0.93137,1146,28,0
2026-01-08 02:00:00,0.93135,0.93153,0.93112,0.93132,3289,27,0
2026-01-08 04:00:00,0.93131,0.93139,0.93095,0.93105,3069,27,0
2026-01-08 06:00:00,0.93106,0.93123,0.93101,0.93121,2460,27,0
2026-01-08 08:00:00,0.93119,0.93147,0.93057,0.93106,4498,25,0
2026-01-08 10:00:00,0.93112,0.93178,0.93091,0.93113,4866,25,0
2026-01-08 12:00:00,0.93114,0.93146,0.93051,0.93073,4064,25,0
2026-01-08 14:00:00,0.93074,0.9312,0.93061,0.93085,4948,23,0
2026-01-08 16:00:00,0.93087,0.93162,0.93072,0.93159,6993,25,0
2026-01-08 18:00:00,0.93162,0.93182,0.93114,0.93131,4814,25,0
2026-01-08 20:00:00,0.93131,0.93149,0.9311,0.93128,2733,25,0
2026-01-08 22:00:00,0.93129,0.93144,0.93084,0.9313,2984,25,0
2026-01-09 00:00:00,0.9313,0.93153,0.93009,0.93138,1379,29,0
2026-01-09 02:00:00,0.93136,0.93187,0.93123,0.93164,3790,27,0
2026-01-09 04:00:00,0.93165,0.9319,0.93143,0.93182,3353,27,0
2026-01-09 06:00:00,0.93183,0.93187,0.93161,0.93165,3034,27,0
2026-01-09 08:00:00,0.93166,0.93177,0.93133,0.93154,3340,26,0
2026-01-09 10:00:00,0.93152,0.93179,0.93098,0.93143,4797,25,0
2026-01-09 12:00:00,0.9314,0.93161,0.93102,0.9313,3273,25,0
2026-01-09 14:00:00,0.93131,0.93151,0.93013,0.93112,8904,23,0
2026-01-09 16:00:00,0.93111,0.93239,0.93087,0.93236,13182,23,0
2026-01-09 18:00:00,0.93236,0.9325,0.93175,0.93207,6589,25,0
2026-01-09 20:00:00,0.93208,0.93222,0.93178,0.93178,2916,25,0
2026-01-09 22:00:00,0.93177,0.93183,0.93125,0.93159,2240,25,0
2026-01-12 00:00:00,0.93075,0.93215,0.93051,0.93171,1554,27,0
2026-01-12 02:00:00,0.9317,0.93179,0.9301,0.93056,7872,27,0
2026-01-12 04:00:00,0.93055,0.93128,0.93053,0.93124,3422,27,0
2026-01-12 06:00:00,0.93125,0.93142,0.93087,0.93108,2726,27,0
2026-01-12 08:00:00,0.93107,0.93128,0.93004,0.93051,4900,25,0
2026-01-12 10:00:00,0.93048,0.93104,0.93001,0.93095,5599,25,0
2026-01-12 12:00:00,0.93094,0.9317,0.93073,0.93141,4324,25,0
2026-01-12 14:00:00,0.93142,0.93174,0.93058,0.93107,6468,25,0
2026-01-12 16:00:00,0.93108,0.93139,0.92963,0.92995,8309,25,0
2026-01-12 18:00:00,0.92996,0.9305,0.92965,0.92999,5257,25,0
2026-01-12 20:00:00,0.93003,0.93036,0.9299,0.93014,2361,25,0
2026-01-12 22:00:00,0.93012,0.93054,0.92981,0.92982,2293,25,0
2026-01-13 00:00:00,0.92982,0.93051,0.92908,0.93011,2457,27,0
2026-01-13 02:00:00,0.93012,0.93028,0.92995,0.93013,3848,27,0
2026-01-13 04:00:00,0.93015,0.93025,0.92973,0.93004,2736,27,0
2026-01-13 06:00:00,0.93004,0.93009,0.92951,0.92973,3610,27,0
2026-01-13 08:00:00,0.92974,0.93022,0.92958,0.93004,4191,25,0
2026-01-13 10:00:00,0.93003,0.93095,0.92949,0.93094,4973,24,0
2026-01-13 12:00:00,0.93093,0.93145,0.93078,0.93131,3704,24,0
2026-01-13 14:00:00,0.93133,0.93146,0.93024,0.93137,8428,23,0
2026-01-13 16:00:00,0.93138,0.93201,0.93083,0.93191,10095,25,0
2026-01-13 18:00:00,0.93191,0.93277,0.9318,0.93249,6009,25,0
2026-01-13 20:00:00,0.9325,0.93276,0.93238,0.93254,2993,25,0
2026-01-13 22:00:00,0.93252,0.93264,0.93213,0.93213,1796,25,0
2026-01-14 00:00:00,0.9322,0.93264,0.93189,0.93256,3158,27,0
2026-01-14 02:00:00,0.93256,0.93287,0.93249,0.93282,4044,27,0
2026-01-14 04:00:00,0.93283,0.93298,0.93248,0.9326,2824,27,0
2026-01-14 06:00:00,0.93263,0.93302,0.93258,0.93285,2448,27,0
2026-01-14 08:00:00,0.93286,0.93294,0.93251,0.93284,3708,25,0
2026-01-14 10:00:00,0.93283,0.93484,0.93273,0.93435,5935,25,0
2026-01-14 12:00:00,0.93436,0.93458,0.93247,0.93277,3989,25,0
2026-01-14 14:00:00,0.93279,0.93335,0.93203,0.93322,5386,23,0
2026-01-14 16:00:00,0.93321,0.93322,0.93118,0.93119,8066,23,0
2026-01-14 18:00:00,0.9312,0.93126,0.93069,0.93115,4047,25,0
2026-01-14 20:00:00,0.93114,0.9315,0.93101,0.93127,2554,25,0
2026-01-14 22:00:00,0.93123,0.93182,0.93069,0.93069,3491,25,0
2026-01-15 00:00:00,0.9307,0.93135,0.92918,0.9312,4060,28,0
2026-01-15 02:00:00,0.93121,0.93123,0.93049,0.93078,4049,27,0
2026-01-15 04:00:00,0.93079,0.93156,0.9306,0.93149,2715,27,0
2026-01-15 06:00:00,0.9315,0.93197,0.93147,0.93186,2080,27,0
2026-01-15 08:00:00,0.93184,0.93208,0.93131,0.93162,3638,25,0
2026-01-15 10:00:00,0.93161,0.93237,0.9312,0.93132,4330,25,0
2026-01-15 12:00:00,0.93131,0.93177,0.93101,0.93174,3706,25,0
2026-01-15 14:00:00,0.93175,0.93188,0.93075,0.93081,5760,23,0
2026-01-15 16:00:00,0.9308,0.93274,0.93068,0.93206,7576,25,0
2026-01-15 18:00:00,0.93204,0.93219,0.93159,0.93208,4166,25,0
2026-01-15 20:00:00,0.93204,0.9326,0.932,0.93255,2825,25,0
2026-01-15 22:00:00,0.93253,0.93273,0.93176,0.93176,2082,25,0
2026-01-16 00:00:00,0.93169,0.93266,0.93073,0.93253,1419,27,0
2026-01-16 02:00:00,0.93252,0.93271,0.93218,0.93229,3123,27,0
2026-01-16 04:00:00,0.93228,0.9323,0.93169,0.9317,4314,27,0
2026-01-16 06:00:00,0.93169,0.93172,0.93133,0.93143,2675,27,0
2026-01-16 08:00:00,0.93142,0.93175,0.93116,0.93157,2731,26,0
2026-01-16 10:00:00,0.93158,0.93188,0.93093,0.93117,3611,25,0
2026-01-16 12:00:00,0.93118,0.93155,0.93053,0.93116,3019,25,0
2026-01-16 14:00:00,0.93117,0.93187,0.93091,0.93116,4093,25,0
2026-01-16 16:00:00,0.93115,0.93125,0.93036,0.93077,7819,25,0
2026-01-16 18:00:00,0.93076,0.93113,0.93048,0.93106,4993,25,0
2026-01-16 20:00:00,0.93105,0.93153,0.93103,0.93148,2548,25,0
2026-01-16 22:00:00,0.9315,0.93158,0.9306,0.93065,2208,25,0
2026-01-19 00:00:00,0.92741,0.92931,0.92686,0.92835,7995,28,0
2026-01-19 02:00:00,0.92836,0.92915,0.92808,0.92877,8262,27,0
2026-01-19 04:00:00,0.92878,0.92895,0.92805,0.92869,4962,27,0
2026-01-19 06:00:00,0.9287,0.929,0.92846,0.92878,3973,27,0
2026-01-19 08:00:00,0.92875,0.92954,0.92839,0.92922,5498,25,0
2026-01-19 10:00:00,0.92923,0.92964,0.92827,0.9284,5337,25,0
2026-01-19 12:00:00,0.92841,0.92875,0.9281,0.92853,3332,25,0
2026-01-19 14:00:00,0.92852,0.92864,0.92758,0.92791,3821,24,0
2026-01-19 16:00:00,0.92792,0.92804,0.92697,0.92764,4824,25,0
2026-01-19 18:00:00,0.92763,0.92852,0.9275,0.92848,3843,25,0
2026-01-19 20:00:00,0.92847,0.9285,0.92823,0.92827,2477,25,0
2026-01-19 22:00:00,0.92829,0.92859,0.92802,0.92802,1698,25,0
2026-01-20 00:00:00,0.92781,0.9287,0.92768,0.92862,1052,27,0
2026-01-20 02:00:00,0.9286,0.92872,0.92827,0.92841,3969,27,0
2026-01-20 04:00:00,0.9284,0.92855,0.92812,0.92855,2810,27,0
2026-01-20 06:00:00,0.92854,0.92902,0.92802,0.92864,2984,27,0
2026-01-20 08:00:00,0.92863,0.92903,0.92732,0.92753,5473,26,0
2026-01-20 10:00:00,0.92749,0.9277,0.92594,0.92693,9545,24,0
2026-01-20 12:00:00,0.92691,0.92728,0.92547,0.92644,6698,25,0
2026-01-20 14:00:00,0.92681,0.9273,0.9258,0.92703,9514,25,0
2026-01-20 16:00:00,0.92704,0.92785,0.92648,0.92654,10635,25,0
2026-01-20 18:00:00,0.92653,0.92678,0.92573,0.92594,6727,25,0
2026-01-20 20:00:00,0.92593,0.92642,0.92534,0.92556,4794,25,0
2026-01-20 22:00:00,0.92557,0.92611,0.92541,0.92541,3798,25,0
2026-01-21 00:00:00,0.92544,0.92626,0.92406,0.92589,2105,29,0
2026-01-21 02:00:00,0.9259,0.92624,0.92559,0.9258,3790,27,0
2026-01-21 04:00:00,0.92579,0.9271,0.92576,0.92649,3170,27,0
2026-01-21 06:00:00,0.92648,0.92696,0.92637,0.92662,2670,27,0
2026-01-21 08:00:00,0.92663,0.92753,0.92646,0.9271,4365,25,0
2026-01-21 10:00:00,0.92709,0.92791,0.92671,0.92777,5021,25,0
2026-01-21 12:00:00,0.92778,0.92814,0.92626,0.9265,4622,25,0
2026-01-21 14:00:00,0.92651,0.92768,0.92567,0.92751,6011,23,0
2026-01-21 16:00:00,0.92752,0.92983,0.92714,0.9291,12092,25,0
2026-01-21 18:00:00,0.92912,0.92933,0.92771,0.92832,7159,25,0
2026-01-21 20:00:00,0.92833,0.93066,0.92801,0.93009,6504,25,0
2026-01-21 22:00:00,0.93008,0.93024,0.9288,0.9288,3797,26,0
2026-01-22 00:00:00,0.92883,0.92967,0.9287,0.9295,2516,27,0
2026-01-22 02:00:00,0.92949,0.92978,0.9291,0.92974,4678,27,0
2026-01-22 04:00:00,0.92975,0.92994,0.92912,0.92913,2702,27,0
2026-01-22 06:00:00,0.92912,0.92915,0.92863,0.92872,2305,27,0
2026-01-22 08:00:00,0.9287,0.92928,0.92799,0.9282,3726,25,0
2026-01-22 10:00:00,0.92821,0.92872,0.92714,0.92744,4857,25,0
2026-01-22 12:00:00,0.92743,0.92807,0.92726,0.92768,4826,25,0
2026-01-22 14:00:00,0.92767,0.92829,0.92739,0.92818,5782,25,0
2026-01-22 16:00:00,0.92816,0.92832,0.92765,0.92776,7187,23,0
2026-01-22 18:00:00,0.92775,0.92828,0.9272,0.92787,5490,23,0
2026-01-22 20:00:00,0.92788,0.92801,0.92751,0.92773,2760,25,0
2026-01-22 22:00:00,0.9277,0.92772,0.92711,0.92712,2477,25,0
2026-01-23 00:00:00,0.92711,0.92866,0.92707,0.92734,2043,28,0
2026-01-23 02:00:00,0.92735,0.92778,0.92716,0.92775,3707,27,0
2026-01-23 04:00:00,0.92774,0.92825,0.92767,0.92819,3060,27,0
2026-01-23 06:00:00,0.92818,0.92847,0.92813,0.92828,2608,27,0
2026-01-23 08:00:00,0.92829,0.92854,0.92704,0.92758,6144,25,0
2026-01-23 10:00:00,0.92758,0.92823,0.92732,0.92816,6402,24,0
2026-01-23 12:00:00,0.92817,0.92835,0.92737,0.92761,4200,25,0
2026-01-23 14:00:00,0.9276,0.92794,0.92744,0.92785,3981,25,0
2026-01-23 16:00:00,0.92786,0.9286,0.92737,0.92767,5638,25,0
2026-01-23 18:00:00,0.92766,0.92796,0.92642,0.92668,9757,25,0
2026-01-23 20:00:00,0.92667,0.92709,0.92322,0.92415,7448,25,0
2026-01-23 22:00:00,0.92413,0.92495,0.92139,0.92244,6040,25,0
2026-01-26 00:00:00,0.91914,0.92264,0.91885,0.92251,7898,27,0
2026-01-26 02:00:00,0.9225,0.92308,0.92152,0.92186,10222,27,0
2026-01-26 04:00:00,0.92187,0.92207,0.92139,0.9217,6529,27,0
2026-01-26 06:00:00,0.92169,0.92189,0.92132,0.92175,4915,27,0
2026-01-26 08:00:00,0.92173,0.92264,0.92121,0.92235,6880,25,0
2026-01-26 10:00:00,0.92236,0.92275,0.91946,0.92033,9146,25,0
2026-01-26 12:00:00,0.92034,0.92197,0.92003,0.92147,6072,25,0
2026-01-26 14:00:00,0.92148,0.92236,0.92141,0.92192,6343,25,0
2026-01-26 16:00:00,0.92191,0.92197,0.92025,0.92057,8723,25,0
2026-01-26 18:00:00,0.92058,0.9222,0.92006,0.92195,7101,25,0
2026-01-26 20:00:00,0.92194,0.92261,0.9216,0.92212,5103,25,0
2026-01-26 22:00:00,0.92211,0.92298,0.9216,0.9216,3622,25,0
2026-01-27 00:00:00,0.92163,0.92311,0.91748,0.92287,1969,28,0
2026-01-27 02:00:00,0.92288,0.9232,0.92272,0.9229,5267,27,0
2026-01-27 04:00:00,0.92289,0.92324,0.92221,0.92296,4419,27,0
2026-01-27 06:00:00,0.92298,0.92348,0.92293,0.92316,3933,27,0
2026-01-27 08:00:00,0.92315,0.92325,0.92241,0.92264,4824,25,0
2026-01-27 10:00:00,0.92262,0.92299,0.92194,0.92212,6633,25,0
2026-01-27 12:00:00,0.92211,0.92271,0.92093,0.92096,6202,25,0
2026-01-27 14:00:00,0.92095,0.92096,0.91832,0.91898,11273,25,0
2026-01-27 16:00:00,0.91894,0.91948,0.91633,0.91755,13248,25,0
2026-01-27 18:00:00,0.91756,0.91845,0.91737,0.91805,8703,25,0
2026-01-27 20:00:00,0.91807,0.91829,0.91761,0.91794,4573,25,0
2026-01-27 22:00:00,0.91795,0.9188,0.91584,0.91586,12034,25,0
2026-01-28 00:00:00,0.91587,0.91851,0.91587,0.91707,7708,28,0
2026-01-28 02:00:00,0.91706,0.91836,0.91691,0.91831,7821,27,0
2026-01-28 04:00:00,0.91832,0.91868,0.91819,0.9185,4081,27,0
2026-01-28 06:00:00,0.91849,0.91853,0.91757,0.91794,4677,27,0
2026-01-28 08:00:00,0.91798,0.91831,0.91674,0.91742,6735,25,0
2026-01-28 10:00:00,0.91743,0.9209,0.91696,0.91937,10574,25,0
2026-01-28 12:00:00,0.91936,0.91996,0.91892,0.91926,6548,25,0
2026-01-28 14:00:00,0.91925,0.91933,0.91804,0.91873,7192,25,0
2026-01-28 16:00:00,0.9187,0.92106,0.91802,0.91871,14855,23,0
2026-01-28 18:00:00,0.9187,0.91949,0.91853,0.91874,8364,25,0
2026-01-28 20:00:00,0.91873,0.9199,0.91845,0.91927,10558,24,0
2026-01-28 22:00:00,0.91926,0.91926,0.91792,0.91797,5729,25,0
2026-01-29 00:00:00,0.91796,0.91908,0.91681,0.91699,5289,28,0
2026-01-29 02:00:00,0.91697,0.91783,0.91625,0.91768,7611,27,0
2026-01-29 04:00:00,0.91767,0.91803,0.91719,0.91732,4736,27,0
2026-01-29 06:00:00,0.91729,0.91763,0.91707,0.91733,4224,27,0
2026-01-29 08:00:00,0.91732,0.91825,0.91713,0.91769,6076,25,0
2026-01-29 10:00:00,0.9177,0.9182,0.91701,0.91789,8039,25,0
2026-01-29 12:00:00,0.9179,0.91814,0.91718,0.91781,6391,25,0
2026-01-29 14:00:00,0.91782,0.91807,0.91699,0.91751,7539,24,0
2026-01-29 16:00:00,0.91752,0.91803,0.91573,0.91613,17045,25,0
2026-01-29 18:00:00,0.91612,0.91659,0.91568,0.91635,11193,25,0
2026-01-29 20:00:00,0.91634,0.91659,0.91579,0.91591,5796,25,0
2026-01-29 22:00:00,0.9159,0.91609,0.91436,0.91436,4425,25,0
2026-01-30 00:00:00,0.91439,0.91687,0.91414,0.91468,9540,28,0
2026-01-30 02:00:00,0.91467,0.91586,0.91439,0.91551,9082,27,0
2026-01-30 04:00:00,0.91552,0.91627,0.91517,0.91611,8638,27,0
2026-01-30 06:00:00,0.9161,0.91651,0.91592,0.9164,4576,27,0
2026-01-30 08:00:00,0.91639,0.91652,0.91526,0.916,8209,25,0
2026-01-30 10:00:00,0.91601,0.91729,0.91554,0.91645,9970,25,0
2026-01-30 12:00:00,0.91644,0.91685,0.91578,0.91632,7169,25,0
2026-01-30 14:00:00,0.91632,0.91638,0.91474,0.91588,9312,23,0
2026-01-30 16:00:00,0.91586,0.91611,0.91442,0.91599,12958,25,0
2026-01-30 18:00:00,0.916,0.91658,0.91542,0.91624,11723,25,0
2026-01-30 20:00:00,0.91623,0.91655,0.91568,0.91603,9999,25,0
2026-01-30 22:00:00,0.91602,0.91636,0.91546,0.9156,6100,25,0
2026-02-02 00:00:00,0.91515,0.9172,0.91478,0.91648,6394,27,0
2026-02-02 02:00:00,0.91647,0.91699,0.91615,0.91646,9429,27,0
2026-02-02 04:00:00,0.91647,0.9171,0.9162,0.91625,5921,27,0
2026-02-02 06:00:00,0.91624,0.91639,0.91571,0.91594,5518,27,0
2026-02-02 08:00:00,0.91594,0.91685,0.9156,0.91665,8522,25,0
2026-02-02 10:00:00,0.91666,0.91906,0.91621,0.91902,8254,25,0
2026-02-02 12:00:00,0.91901,0.92107,0.91844,0.91963,6711,25,0
2026-02-02 14:00:00,0.91964,0.92093,0.91941,0.92041,8261,25,0
2026-02-02 16:00:00,0.92043,0.92163,0.9199,0.92147,12654,25,0
2026-02-02 18:00:00,0.92146,0.92161,0.91988,0.91989,8227,25,0
2026-02-02 20:00:00,0.91987,0.92034,0.91901,0.91917,5067,25,0
2026-02-02 22:00:00,0.91916,0.91933,0.91858,0.91858,2965,25,0
2026-02-03 00:00:00,0.91856,0.91964,0.91705,0.91905,2756,29,0
2026-02-03 02:00:00,0.91906,0.91931,0.91887,0.91929,4475,27,0
2026-02-03 04:00:00,0.9193,0.91931,0.91863,0.91908,4148,27,0
2026-02-03 06:00:00,0.91909,0.91937,0.91861,0.91893,3204,25,0
2026-02-03 08:00:00,0.91895,0.91925,0.91818,0.91834,5282,25,0
2026-02-03 10:00:00,0.91833,0.91853,0.91748,0.91834,6802,25,0
2026-02-03 12:00:00,0.91835,0.9186,0.91719,0.91743,4748,25,0
2026-02-03 14:00:00,0.91745,0.91759,0.91664,0.91684,5508,25,0
2026-02-03 16:00:00,0.91683,0.91761,0.9154,0.91553,9129,24,0
2026-02-03 18:00:00,0.91554,0.91603,0.91477,0.91574,6972,25,0
2026-02-03 20:00:00,0.91574,0.91616,0.91524,0.91608,5278,25,0
2026-02-03 22:00:00,0.91606,0.91655,0.91549,0.91562,3459,25,0
2026-02-04 00:00:00,0.91576,0.91789,0.91521,0.91651,3482,28,0
2026-02-04 02:00:00,0.9165,0.91744,0.9164,0.91731,4781,27,0
2026-02-04 04:00:00,0.91731,0.91742,0.91664,0.91697,3405,27,0
2026-02-04 06:00:00,0.91697,0.91724,0.91665,0.91693,2486,27,0
2026-02-04 08:00:00,0.91695,0.91804,0.91661,0.91788,4143,25,0
2026-02-04 10:00:00,0.91789,0.91822,0.91687,0.91692,6020,25,0
2026-02-04 12:00:00,0.91692,0.91751,0.91671,0.91695,4589,25,0
2026-02-04 14:00:00,0.91695,0.91698,0.91599,0.91675,5505,25,0
2026-02-04 16:00:00,0.91673,0.91707,0.9161,0.91662,9626,23,0
2026-02-04 18:00:00,0.91663,0.91678,0.91576,0.91631,7963,25,0
2026-02-04 20:00:00,0.9163,0.91699,0.91606,0.91692,5157,25,0
2026-02-04 22:00:00,0.91693,0.91765,0.91691,0.91714,3049,25,0
2026-02-05 00:00:00,0.91695,0.91797,0.91595,0.91725,2063,29,0
2026-02-05 02:00:00,0.91726,0.9173,0.91682,0.91697,4218,27,0
2026-02-05 04:00:00,0.91698,0.91708,0.91648,0.91707,5172,27,0
2026-02-05 06:00:00,0.91706,0.91737,0.91706,0.91732,2179,27,0
2026-02-05 08:00:00,0.91731,0.91799,0.91728,0.91751,4686,25,0
2026-02-05 10:00:00,0.91754,0.91766,0.91657,0.91702,5819,25,0
2026-02-05 12:00:00,0.91701,0.91722,0.91651,0.91676,4352,25,0
2026-02-05 14:00:00,0.91677,0.9168,0.91398,0.91497,11386,23,0
2026-02-05 16:00:00,0.91498,0.91642,0.91472,0.91632,12320,24,0
2026-02-05 18:00:00,0.91622,0.91721,0.916,0.91666,6632,23,0
2026-02-05 20:00:00,0.91665,0.9168,0.91614,0.91675,2954,25,0
2026-02-05 22:00:00,0.91676,0.91688,0.91584,0.91585,3613,25,0
2026-02-06 00:00:00,0.91585,0.91639,0.91574,0.91582,2704,27,0
2026-02-06 02:00:00,0.9158,0.91603,0.91526,0.91592,5502,27,0
2026-02-06 04:00:00,0.91591,0.91617,0.91582,0.91613,2821,27,0
2026-02-06 06:00:00,0.91612,0.9162,0.91573,0.91602,2334,27,0
2026-02-06 08:00:00,0.916,0.91666,0.91555,0.91665,4205,25,0
2026-02-06 10:00:00,0.91664,0.91801,0.91638,0.91779,5361,25,0
2026-02-06 12:00:00,0.9178,0.91787,0.9169,0.91732,4093,25,0
2026-02-06 14:00:00,0.91728,0.91773,0.91681,0.91756,4438,25,0
2026-02-06 16:00:00,0.91755,0.91783,0.91594,0.91611,8382,24,0
2026-02-06 18:00:00,0.9161,0.91664,0.91603,0.91626,4513,25,0
2026-02-06 20:00:00,0.91627,0.91648,0.91617,0.9163,2116,25,0
2026-02-06 22:00:00,0.91631,0.9167,0.91585,0.91605,2045,25,0
2026-02-09 00:00:00,0.91539,0.91781,0.91521,0.91748,3000,29,0
2026-02-09 02:00:00,0.91747,0.91748,0.91647,0.91699,6180,27,0
2026-02-09 04:00:00,0.91698,0.91756,0.91684,0.91699,3126,27,0
2026-02-09 06:00:00,0.917,0.91716,0.91664,0.91684,2253,27,0
2026-02-09 08:00:00,0.91684,0.91694,0.91585,0.91636,6482,25,0
2026-02-09 10:00:00,0.91637,0.91678,0.91574,0.91619,5273,25,0
2026-02-09 12:00:00,0.91619,0.91639,0.91529,0.91549,5392,25,0
2026-02-09 14:00:00,0.91548,0.91548,0.9145,0.91511,7160,25,0
2026-02-09 16:00:00,0.9151,0.91524,0.91253,0.91288,10050,25,0
2026-02-09 18:00:00,0.91289,0.91395,0.91277,0.9138,5338,25,0
2026-02-09 20:00:00,0.91381,0.91382,0.91274,0.91292,3250,25,0
2026-02-09 22:00:00,0.9129,0.91329,0.91214,0.91214,3048,25,0
2026-02-10 00:00:00,0.91285,0.91344,0.91244,0.91294,2846,27,0
2026-02-10 02:00:00,0.91296,0.91337,0.9129,0.91295,3702,27,0
2026-02-10 04:00:00,0.91297,0.91303,0.91224,0.91269,3022,27,0
2026-02-10 06:00:00,0.9127,0.91352,0.91263,0.9134,2132,27,0
2026-02-10 08:00:00,0.91339,0.91371,0.91293,0.91299,3615,25,0
2026-02-10 10:00:00,0.91297,0.91357,0.91187,0.91206,4618,25,0
2026-02-10 12:00:00,0.91208,0.91259,0.91176,0.91235,3595,25,0
2026-02-10 14:00:00,0.91236,0.91245,0.9109,0.91091,6852,23,0
2026-02-10 16:00:00,0.91089,0.91155,0.90936,0.91138,10700,25,0
2026-02-10 18:00:00,0.91136,0.91329,0.91126,0.91303,5729,25,0
2026-02-10 20:00:00,0.91302,0.91386,0.91294,0.91324,3050,25,0
2026-02-10 22:00:00,0.91323,0.91347,0.91239,0.91306,2357,25,0
2026-02-11 00:00:00,0.91246,0.91376,0.90985,0.91363,2968,28,0
2026-02-11 02:00:00,0.91364,0.91366,0.91318,0.91359,4670,27,0
2026-02-11 04:00:00,0.9136,0.91365,0.91257,0.91276,3291,27,0
2026-02-11 06:00:00,0.91275,0.91286,0.91214,0.91223,2642,27,0
2026-02-11 08:00:00,0.91222,0.91272,0.91191,0.91249,4332,25,0
2026-02-11 10:00:00,0.91246,0.91345,0.9117,0.91246,5100,25,0
2026-02-11 12:00:00,0.91245,0.91314,0.91182,0.9123,4204,25,0
2026-02-11 14:00:00,0.91231,0.91475,0.91224,0.91414,11527,25,0
2026-02-11 16:00:00,0.91415,0.91679,0.91369,0.91601,14423,23,0
2026-02-11 18:00:00,0.916,0.9162,0.91481,0.91517,7259,25,0
2026-02-11 20:00:00,0.91516,0.91535,0.91476,0.91524,4431,25,0
2026-02-11 22:00:00,0.91526,0.91595,0.91524,0.9154,2443,26,0
2026-02-12 00:00:00,0.91474,0.91586,0.91298,0.91568,1660,29,0
2026-02-12 02:00:00,0.91567,0.91569,0.91487,0.91511,4047,27,0
2026-02-12 04:00:00,0.91512,0.91515,0.91467,0.91477,3798,27,0
2026-02-12 06:00:00,0.91478,0.91521,0.91465,0.91511,3274,27,0
2026-02-12 08:00:00,0.9151,0.916,0.91481,0.91525,5254,25,0
2026-02-12 10:00:00,0.91524,0.91574,0.91279,0.91284,5065,25,0
2026-02-12 12:00:00,0.91285,0.91313,0.91126,0.9113,4155,25,0
2026-02-12 14:00:00,0.91126,0.91446,0.91114,0.91352,6189,23,0
2026-02-12 16:00:00,0.91353,0.9143,0.91192,0.91238,8609,25,0
2026-02-12 18:00:00,0.91239,0.9135,0.912,0.91324,10894,25,0
2026-02-12 20:00:00,0.91325,0.91367,0.91279,0.91335,4819,25,0
2026-02-12 22:00:00,0.91336,0.91352,0.91246,0.9125,2812,25,0
2026-02-13 00:00:00,0.91194,0.91324,0.90991,0.91322,1930,29,0
2026-02-13 02:00:00,0.91321,0.9133,0.91273,0.91297,3944,27,0
2026-02-13 04:00:00,0.91299,0.91336,0.91296,0.91335,2315,27,0
2026-02-13 06:00:00,0.91336,0.91365,0.91295,0.91319,2845,27,0
2026-02-13 08:00:00,0.91322,0.91442,0.91288,0.91362,4728,24,0
2026-02-13 10:00:00,0.91361,0.91382,0.91249,0.91277,4525,25,0
2026-02-13 12:00:00,0.91279,0.91298,0.91205,0.91266,3873,25,0
2026-02-13 14:00:00,0.91258,0.91266,0.91088,0.9122,7653,25,0
2026-02-13 16:00:00,0.91219,0.91261,0.91121,0.91253,9495,25,0
2026-02-13 18:00:00,0.91251,0.91267,0.91164,0.91169,5472,25,0
2026-02-13 20:00:00,0.9117,0.91197,0.91135,0.91154,2505,25,0
2026-02-13 22:00:00,0.91155,0.91186,0.91036,0.91039,2736,25,0
2026-02-16 00:00:00,0.91169,0.91187,0.91086,0.91171,2241,28,0
2026-02-16 02:00:00,0.91171,0.91188,0.91147,0.91155,3550,27,0
2026-02-16 04:00:00,0.91154,0.91171,0.91138,0.91143,2408,27,0
2026-02-16 06:00:00,0.91142,0.91185,0.91131,0.91179,2693,27,0
2026-02-16 08:00:00,0.9118,0.91186,0.91146,0.91148,2595,25,0
2026-02-16 10:00:00,0.91147,0.9129,0.91138,0.9129,4071,25,0
2026-02-16 12:00:00,0.91289,0.91352,0.91256,0.91308,2899,25,0
2026-02-16 14:00:00,0.91308,0.9132,0.91237,0.91241,2699,25,0
2026-02-16 16:00:00,0.9124,0.91245,0.91179,0.91191,3136,25,0
2026-02-16 18:00:00,0.91187,0.91217,0.91155,0.91179,1849,25,0
2026-02-16 20:00:00,0.91178,0.91191,0.91167,0.91172,622,25,0
2026-02-16 22:00:00,0.9117,0.91191,0.91149,0.91149,843,25,0
2026-02-17 00:00:00,0.91092,0.91208,0.91026,0.912,1673,27,0
2026-02-17 02:00:00,0.91201,0.91201,0.91149,0.91154,4655,27,0
2026-02-17 04:00:00,0.91152,0.91161,0.91104,0.91109,3261,27,0
2026-02-17 06:00:00,0.91108,0.91117,0.91062,0.91071,3303,27,0
2026-02-17 08:00:00,0.91069,0.91159,0.91047,0.91154,4072,25,0
2026-02-17 10:00:00,0.91153,0.91158,0.91053,0.91113,4483,25,0
2026-02-17 12:00:00,0.91111,0.91153,0.91069,0.91136,3476,25,0
2026-02-17 14:00:00,0.91135,0.91198,0.91091,0.91164,5832,23,0
2026-02-17 16:00:00,0.91163,0.91387,0.9116,0.9138,9338,25,0
2026-02-17 18:00:00,0.91379,0.91392,0.91265,0.91283,5930,25,0
2026-02-17 20:00:00,0.91282,0.91316,0.9124,0.91248,2991,25,0
2026-02-17 22:00:00,0.91247,0.91281,0.91232,0.91235,1931,25,0
2026-02-18 00:00:00,0.91293,0.91408,0.91157,0.9127,3078,27,0
2026-02-18 02:00:00,0.91271,0.91283,0.91232,0.91243,3900,27,0
2026-02-18 04:00:00,0.91244,0.91299,0.91243,0.91295,3253,27,0
2026-02-18 06:00:00,0.91294,0.91303,0.91289,0.91296,2388,27,0
2026-02-18 08:00:00,0.91293,0.91315,0.91253,0.91288,3210,25,0
2026-02-18 10:00:00,0.91288,0.91342,0.91235,0.91299,4074,25,0
2026-02-18 12:00:00,0.913,0.91335,0.91236,0.91248,2842,25,0
2026-02-18 14:00:00,0.9125,0.91268,0.91212,0.91225,4762,25,0
2026-02-18 16:00:00,0.91224,0.91225,0.91157,0.91176,7593,25,0
2026-02-18 18:00:00,0.91177,0.9122,0.91154,0.91207,4124,25,0
2026-02-18 20:00:00,0.91208,0.91208,0.91046,0.91064,4616,23,0
2026-02-18 22:00:00,0.91063,0.91088,0.9093,0.90934,2240,25,0
2026-02-19 00:00:00,0.90651,0.9106,0.90607,0.91047,2040,27,0
2026-02-19 02:00:00,0.91046,0.91097,0.91045,0.91062,4105,27,0
2026-02-19 04:00:00,0.91061,0.9112,0.9105,0.91118,3591,27,0
2026-02-19 06:00:00,0.91119,0.91142,0.91109,0.91128,3327,27,0
2026-02-19 08:00:00,0.91127,0.9115,0.9109,0.91129,3604,25,0
2026-02-19 10:00:00,0.91128,0.91219,0.91119,0.91219,4481,25,0
2026-02-19 12:00:00,0.91218,0.91254,0.91162,0.91183,3876,25,0
2026-02-19 14:00:00,0.91182,0.9122,0.91098,0.91129,5896,24,0
2026-02-19 16:00:00,0.9113,0.91225,0.91093,0.91215,9703,25,0
2026-02-19 18:00:00,0.91216,0.9126,0.91168,0.91234,5394,24,0
2026-02-19 20:00:00,0.9123,0.91285,0.91206,0.91267,2968,25,0
2026-02-19 22:00:00,0.91266,0.91271,0.91183,0.91184,2771,25,0
2026-02-20 00:00:00,0.91159,0.9125,0.91143,0.91242,2213,27,0
2026-02-20 02:00:00,0.91241,0.91268,0.91205,0.9121,4778,27,0
2026-02-20 04:00:00,0.91211,0.91227,0.91195,0.91198,3566,27,0
2026-02-20 06:00:00,0.91199,0.91207,0.91172,0.91181,3194,27,0
2026-02-20 08:00:00,0.9118,0.9121,0.91144,0.91205,4136,25,0
2026-02-20 10:00:00,0.91204,0.91259,0.91159,0.91226,5491,23,0
2026-02-20 12:00:00,0.91225,0.9134,0.91224,0.91333,3699,25,0
2026-02-20 14:00:00,0.91332,0.91358,0.91254,0.91342,5865,25,0
2026-02-20 16:00:00,0.91343,0.91416,0.91236,0.91275,13561,25,0
2026-02-20 18:00:00,0.91277,0.91369,0.91252,0.91317,7982,25,0
2026-02-20 20:00:00,0.91316,0.91365,0.91292,0.91344,6161,25,0
2026-02-20 22:00:00,0.91345,0.91395,0.91292,0.91339,3397,25,0
2026-02-23 00:00:00,0.91273,0.91348,0.91231,0.91317,4152,27,0
2026-02-23 02:00:00,0.91317,0.91321,0.91231,0.91251,6988,27,0
2026-02-23 04:00:00,0.91249,0.91286,0.912,0.91273,4253,27,0
2026-02-23 06:00:00,0.91271,0.91311,0.91264,0.91305,2931,27,0
2026-02-23 08:00:00,0.91304,0.91348,0.91285,0.91286,4113,25,0
2026-02-23 10:00:00,0.91285,0.91382,0.91267,0.91359,5285,25,0
2026-02-23 12:00:00,0.9136,0.91483,0.91342,0.91473,4157,25,0
2026-02-23 14:00:00,0.91475,0.91482,0.91389,0.91411,4889,25,0
2026-02-23 16:00:00,0.9141,0.91427,0.91265,0.91301,7472,25,0
2026-02-23 18:00:00,0.91299,0.91329,0.91261,0.9129,5132,25,0
2026-02-23 20:00:00,0.91289,0.91326,0.91282,0.91295,2670,25,0
2026-02-23 22:00:00,0.91296,0.91304,0.91262,0.91265,2353,25,0
2026-02-24 00:00:00,0.91267,0.91309,0.91176,0.91298,2395,27,0
2026-02-24 02:00:00,0.91299,0.91364,0.91284,0.91355,5484,27,0
2026-02-24 04:00:00,0.91354,0.91372,0.91325,0.91357,4108,27,0
2026-02-24 06:00:00,0.91356,0.91401,0.91334,0.91337,3433,27,0
2026-02-24 08:00:00,0.91336,0.91406,0.91323,0.91348,4320,25,0
2026-02-24 10:00:00,0.91341,0.91347,0.91208,0.91213,5160,25,0
2026-02-24 12:00:00,0.91214,0.91231,0.91117,0.91135,3813,25,0
2026-02-24 14:00:00,0.91133,0.91206,0.91133,0.91199,4764,25,0
2026-02-24 16:00:00,0.91198,0.91214,0.91147,0.91194,6908,25,0
2026-02-24 18:00:00,0.91193,0.91205,0.91131,0.91137,4034,25,0
2026-02-24 20:00:00,0.91138,0.91143,0.91088,0.91093,2820,25,0
2026-02-24 22:00:00,0.91095,0.91145,0.91061,0.91061,2361,25,0
2026-02-25 00:00:00,0.91106,0.9118,0.91037,0.91104,2228,27,0
2026-02-25 02:00:00,0.91102,0.91127,0.91083,0.91092,4767,27,0
2026-02-25 04:00:00,0.91092,0.91152,0.91077,0.91128,5632,27,0
2026-02-25 06:00:00,0.91129,0.91152,0.91102,0.91113,3896,27,0
2026-02-25 08:00:00,0.91114,0.91217,0.91112,0.91182,4303,25,0
2026-02-25 10:00:00,0.91181,0.91255,0.91165,0.91237,4767,25,0
2026-02-25 12:00:00,0.91236,0.91315,0.91227,0.91297,3808,25,0
2026-02-25 14:00:00,0.91296,0.91305,0.91205,0.9123,4616,25,0
2026-02-25 16:00:00,0.91229,0.91252,0.91122,0.91249,6869,25,0
2026-02-25 18:00:00,0.9125,0.91256,0.91172,0.91197,4204,25,0
2026-02-25 20:00:00,0.91196,0.91238,0.91184,0.9123,2075,25,0
2026-02-25 22:00:00,0.91231,0.91261,0.91163,0.91163,2307,25,0
2026-02-26 00:00:00,0.9088,0.91252,0.90759,0.91217,4970,27,0
2026-02-26 02:00:00,0.91218,0.91243,0.91185,0.91195,4890,27,0
2026-02-26 04:00:00,0.91196,0.91235,0.91182,0.9123,3604,27,0
2026-02-26 06:00:00,0.91229,0.91247,0.91219,0.91235,3678,27,0
2026-02-26 08:00:00,0.91235,0.9124,0.91175,0.91181,4063,25,0
2026-02-26 10:00:00,0.9118,0.91324,0.91171,0.91292,4970,25,0
2026-02-26 12:00:00,0.91291,0.91498,0.91289,0.91466,1978,25,0
2026-02-26 14:00:00,0.91467,0.91474,0.91381,0.91386,3442,23,0
2026-02-26 16:00:00,0.91386,0.91393,0.91249,0.91277,8655,25,0
2026-02-26 18:00:00,0.91276,0.91295,0.91205,0.91256,5083,25,0
2026-02-26 20:00:00,0.91255,0.91318,0.91245,0.913,3433,25,0
2026-02-26 22:00:00,0.91299,0.91334,0.91251,0.91251,2122,25,0
2026-02-27 00:00:00,0.91252,0.91361,0.91203,0.91255,2429,27,0
2026-02-27 02:00:00,0.91256,0.9126,0.91209,0.9123,5945,27,0
2026-02-27 04:00:00,0.91231,0.91264,0.91214,0.91239,3881,27,0
2026-02-27 06:00:00,0.91238,0.9127,0.9123,0.91259,3758,27,0
2026-02-27 08:00:00,0.91259,0.9134,0.9122,0.91303,4956,25,0
2026-02-27 10:00:00,0.91302,0.9132,0.91153,0.91156,4940,25,0
2026-02-27 12:00:00,0.91157,0.91185,0.91103,0.9111,3562,25,0
2026-02-27 14:00:00,0.91109,0.91115,0.90811,0.90854,6552,25,0
2026-02-27 16:00:00,0.90855,0.90857,0.90597,0.90779,10145,25,0
2026-02-27 18:00:00,0.90776,0.90897,0.90775,0.90838,5870,25,0
2026-02-27 20:00:00,0.90837,0.90847,0.9074,0.90779,2713,25,0
2026-02-27 22:00:00,0.90777,0.90891,0.90775,0.90816,3326,25,0
2026-03-02 00:00:00,0.90299,0.90583,0.90194,0.9048,6635,28,0
2026-03-02 02:00:00,0.90479,0.90645,0.90465,0.906,9049,28,0
2026-03-02 04:00:00,0.90602,0.90628,0.90536,0.90552,5228,28,0
2026-03-02 06:00:00,0.90551,0.90575,0.90449,0.90452,4541,28,0
2026-03-02 08:00:00,0.90452,0.9056,0.90322,0.90523,10536,23,0
2026-03-02 10:00:00,0.90524,0.90613,0.90472,0.90584,9645,23,0
2026-03-02 12:00:00,0.90587,0.90932,0.90566,0.90923,6248,25,0
2026-03-02 14:00:00,0.90924,0.91213,0.90922,0.91034,10201,25,0
2026-03-02 16:00:00,0.91035,0.91296,0.90985,0.91122,11978,23,0
2026-03-02 18:00:00,0.91124,0.91209,0.9109,0.91106,8527,25,0
2026-03-02 20:00:00,0.91105,0.91129,0.91071,0.91108,4413,25,0
2026-03-02 22:00:00,0.91109,0.91131,0.91033,0.91033,4855,25,0
2026-03-03 00:00:00,0.9103,0.91092,0.90907,0.91061,3322,27,0
2026-03-03 02:00:00,0.91061,0.91166,0.91051,0.91124,6516,27,0
2026-03-03 04:00:00,0.91123,0.9121,0.91114,0.91192,5822,25,0
2026-03-03 06:00:00,0.91193,0.91232,0.91121,0.91146,5742,25,0
2026-03-03 08:00:00,0.91144,0.91202,0.91113,0.91142,8378,25,0
2026-03-03 10:00:00,0.91139,0.91251,0.91108,0.91191,12068,25,0
2026-03-03 12:00:00,0.91192,0.91267,0.91177,0.9119,10516,25,0
2026-03-03 14:00:00,0.9119,0.91219,0.91002,0.91013,11238,23,0
2026-03-03 16:00:00,0.91014,0.91021,0.90692,0.90822,17821,25,0
2026-03-03 18:00:00,0.90823,0.90842,0.90655,0.90729,15332,25,0
2026-03-03 20:00:00,0.90731,0.90836,0.90715,0.90757,9485,25,0
2026-03-03 22:00:00,0.90756,0.90787,0.90708,0.90755,5834,25,0
2026-03-04 00:00:00,0.90765,0.90997,0.90685,0.90786,4227,27,0
2026-03-04 02:00:00,0.90786,0.90793,0.90619,0.9067,9465,27,0
2026-03-04 04:00:00,0.90669,0.90686,0.90599,0.90615,6782,27,0
2026-03-04 06:00:00,0.90616,0.90655,0.90559,0.90645,6458,27,0
2026-03-04 08:00:00,0.90646,0.90673,0.90525,0.90631,7849,25,0
2026-03-04 10:00:00,0.90632,0.90976,0.90592,0.90934,10761,25,0
2026-03-04 12:00:00,0.90933,0.90976,0.908,0.90817,10914,25,0
2026-03-04 14:00:00,0.90817,0.90837,0.9074,0.90788,9943,23,0
2026-03-04 16:00:00,0.90787,0.90868,0.90727,0.90777,13305,23,0
2026-03-04 18:00:00,0.90778,0.90805,0.90703,0.90706,7329,25,0
2026-03-04 20:00:00,0.90708,0.90729,0.90627,0.90639,4236,25,0
2026-03-04 22:00:00,0.90638,0.90696,0.90586,0.90587,3032,25,0
2026-03-05 00:00:00,0.90589,0.90764,0.90534,0.90643,2492,27,0
2026-03-05 02:00:00,0.90642,0.90654,0.90595,0.90609,6947,27,0
2026-03-05 04:00:00,0.90608,0.90636,0.90568,0.90578,5971,27,0
2026-03-05 06:00:00,0.90577,0.90609,0.90555,0.906,5425,27,0
2026-03-05 08:00:00,0.906,0.9064,0.90535,0.90559,7332,25,0
2026-03-05 10:00:00,0.90558,0.90709,0.90482,0.90525,12115,25,0
2026-03-05 12:00:00,0.90524,0.90628,0.90485,0.90576,6660,25,0
2026-03-05 14:00:00,0.90577,0.90646,0.90497,0.90614,8432,23,0
2026-03-05 16:00:00,0.90613,0.90622,0.90487,0.90547,11467,25,0
2026-03-05 18:00:00,0.90548,0.9066,0.90514,0.90656,11374,25,0
2026-03-05 20:00:00,0.90655,0.90677,0.90612,0.90664,7676,25,0
2026-03-05 22:00:00,0.90665,0.907,0.906,0.90606,6288,26,0
2026-03-06 00:00:00,0.90604,0.90692,0.90543,0.9062,2622,27,0
2026-03-06 02:00:00,0.90621,0.90654,0.90609,0.90647,6422,27,0
2026-03-06 04:00:00,0.90646,0.90664,0.90639,0.90659,4548,27,0
2026-03-06 06:00:00,0.9066,0.9066,0.90618,0.9064,4319,27,0
2026-03-06 08:00:00,0.90641,0.90646,0.90516,0.90518,5190,25,0
2026-03-06 10:00:00,0.90517,0.90557,0.90451,0.90505,7461,25,0
2026-03-06 12:00:00,0.90506,0.90518,0.9041,0.90419,6838,25,0
2026-03-06 14:00:00,0.90418,0.90458,0.9029,0.90321,12205,24,0
2026-03-06 16:00:00,0.90322,0.90368,0.90153,0.90261,16637,25,0
2026-03-06 18:00:00,0.9026,0.90299,0.90133,0.90148,11397,25,0
2026-03-06 20:00:00,0.90147,0.90175,0.90073,0.90143,8222,25,0
2026-03-06 22:00:00,0.90144,0.90193,0.90067,0.90114,5981,25,0
2026-03-09 00:00:00,0.89936,0.90046,0.8984,0.90015,10016,27,0
2026-03-09 02:00:00,0.90015,0.90072,0.89986,0.90042,10259,27,0
2026-03-09 04:00:00,0.90042,0.90079,0.89959,0.89963,8314,27,0
2026-03-09 06:00:00,0.89964,0.90089,0.8995,0.90072,8838,27,0
2026-03-09 08:00:00,0.90073,0.90123,0.89931,0.89968,10843,25,0
2026-03-09 10:00:00,0.89969,0.90084,0.89794,0.90035,13939,25,0
2026-03-09 12:00:00,0.90034,0.90067,0.89968,0.90055,10229,25,0
2026-03-09 14:00:00,0.90056,0.90193,0.90033,0.90162,7574,25,0
2026-03-09 16:00:00,0.90161,0.90256,0.90056,0.90255,13196,25,0
2026-03-09 18:00:00,0.90257,0.90324,0.90205,0.90287,7152,25,0
2026-03-09 20:00:00,0.90288,0.90391,0.90281,0.90325,9508,25,0
2026-03-09 22:00:00,0.90326,0.90558,0.90326,0.90415,3359,26,0
2026-03-10 00:00:00,0.90405,0.90459,0.90353,0.90362,5632,27,0
2026-03-10 02:00:00,0.90363,0.90369,0.90308,0.90321,8840,27,0
2026-03-10 04:00:00,0.90318,0.90329,0.90293,0.90311,6071,27,0
2026-03-10 06:00:00,0.9031,0.90352,0.90304,0.90347,4815,27,0
2026-03-10 08:00:00,0.90347,0.90461,0.90331,0.90429,6576,25,0
2026-03-10 10:00:00,0.90427,0.90439,0.90329,0.90347,8285,25,0
2026-03-10 12:00:00,0.90348,0.90389,0.90285,0.903,8051,25,0
2026-03-10 14:00:00,0.90301,0.90321,0.90219,0.9027,10142,25,0
2026-03-10 16:00:00,0.90271,0.90342,0.90258,0.90291,8607,25,0
2026-03-10 18:00:00,0.90292,0.90475,0.90291,0.90454,7528,25,0
2026-03-10 20:00:00,0.90453,0.90491,0.90406,0.90421,9986,25,0
2026-03-10 22:00:00,0.90422,0.90431,0.9012,0.90291,2222,26,0
2026-03-11 00:00:00,0.9027,0.90398,0.90249,0.90396,3384,27,0
2026-03-11 02:00:00,0.90397,0.90454,0.90378,0.9042,6875,27,0
2026-03-11 04:00:00,0.9042,0.90422,0.90357,0.9038,4324,27,0
2026-03-11 06:00:00,0.90381,0.90399,0.90365,0.90395,3936,27,0
2026-03-11 08:00:00,0.90396,0.90459,0.90325,0.90342,5916,25,0
2026-03-11 10:00:00,0.90341,0.90409,0.90077,0.90239,8631,25,0
2026-03-11 12:00:00,0.90238,0.90375,0.90218,0.90304,6656,25,0
2026-03-11 14:00:00,0.90305,0.90315,0.90191,0.90276,11869,25,0
2026-03-11 16:00:00,0.90277,0.90383,0.90184,0.9027,12881,23,0
2026-03-11 18:00:00,0.90269,0.90301,0.90191,0.90192,7967,25,0
2026-03-11 20:00:00,0.90191,0.90235,0.90189,0.90227,4633,25,0
2026-03-11 22:00:00,0.90232,0.90263,0.90062,0.90213,1893,26,0
2026-03-12 00:00:00,0.90191,0.90272,0.90176,0.90223,5035,27,0
2026-03-12 02:00:00,0.90221,0.90234,0.90172,0.90214,6851,27,0
2026-03-12 04:00:00,0.90215,0.9023,0.90183,0.90224,4777,27,0
2026-03-12 06:00:00,0.90223,0.90227,0.90179,0.90205,4504,27,0
2026-03-12 08:00:00,0.90206,0.90317,0.90198,0.90299,4878,25,0
2026-03-12 10:00:00,0.90298,0.90374,0.90191,0.90204,6543,25,0
2026-03-12 12:00:00,0.90206,0.90261,0.90176,0.90254,6423,25,0
2026-03-12 14:00:00,0.90253,0.90283,0.90158,0.90206,9977,23,0
2026-03-12 16:00:00,0.90207,0.9038,0.902,0.90369,12520,25,0
2026-03-12 18:00:00,0.90367,0.9041,0.90329,0.90377,8885,25,0
2026-03-12 20:00:00,0.90378,0.90483,0.90371,0.90481,4859,25,0
2026-03-12 22:00:00,0.9048,0.90504,0.90367,0.90371,1973,26,0
2026-03-13 00:00:00,0.9037,0.90515,0.90368,0.90476,4715,27,0
2026-03-13 02:00:00,0.90476,0.90494,0.90443,0.90481,5386,27,0
2026-03-13 04:00:00,0.90478,0.90537,0.90478,0.9051,4427,27,0
2026-03-13 06:00:00,0.90509,0.90532,0.90477,0.90519,4110,27,0
2026-03-13 08:00:00,0.90516,0.90516,0.9029,0.90349,6267,25,0
2026-03-13 10:00:00,0.90348,0.90348,0.90208,0.90288,8416,25,0
2026-03-13 12:00:00,0.90287,0.90344,0.90237,0.90254,7692,25,0
2026-03-13 14:00:00,0.90253,0.90357,0.90193,0.90251,10954,23,0
2026-03-13 16:00:00,0.90254,0.90407,0.90249,0.90364,11809,24,0
2026-03-13 18:00:00,0.90362,0.90371,0.90308,0.90352,7708,25,0
2026-03-13 20:00:00,0.90351,0.90389,0.90342,0.90355,4858,25,0
2026-03-13 22:00:00,0.90356,0.90357,0.90283,0.90293,1889,26,0
2026-03-16 00:00:00,0.90299,0.90393,0.90254,0.90322,6402,27,0
2026-03-16 02:00:00,0.9032,0.90384,0.90318,0.90378,7125,27,0
2026-03-16 04:00:00,0.90377,0.90383,0.90324,0.90358,4696,27,0
2026-03-16 06:00:00,0.9036,0.90443,0.90317,0.90353,3070,27,0
2026-03-16 08:00:00,0.90354,0.9046,0.90352,0.90415,5721,25,0
2026-03-16 10:00:00,0.90416,0.90442,0.90306,0.90368,8218,25,0
2026-03-16 12:00:00,0.90367,0.90451,0.90345,0.90406,6928,25,0
2026-03-16 14:00:00,0.90404,0.90502,0.9037,0.90494,7167,23,0
2026-03-16 16:00:00,0.90493,0.90616,0.90447,0.90588,8106,25,0
2026-03-16 18:00:00,0.90586,0.9061,0.90508,0.90592,6291,25,0
2026-03-16 20:00:00,0.90591,0.90647,0.90586,0.90618,5112,25,0
2026-03-16 22:00:00,0.90617,0.90634,0.9053,0.90606,1876,26,0
2026-03-17 00:00:00,0.90603,0.90619,0.90544,0.90611,2128,27,0
2026-03-17 02:00:00,0.90612,0.90639,0.90567,0.90638,4116,27,0
2026-03-17 04:00:00,0.90637,0.9066,0.90606,0.90611,2550,25,0
2026-03-17 06:00:00,0.90612,0.90621,0.90585,0.9059,2633,25,0
2026-03-17 08:00:00,0.90592,0.90605,0.9053,0.9054,5316,25,0
2026-03-17 10:00:00,0.90539,0.90629,0.90494,0.90591,6686,25,0
2026-03-17 12:00:00,0.90593,0.90624,0.90503,0.90609,5257,25,0
2026-03-17 14:00:00,0.90611,0.90702,0.90595,0.90683,7697,25,0
2026-03-17 16:00:00,0.9068,0.9069,0.90519,0.90534,7818,25,0
2026-03-17 18:00:00,0.90534,0.9058,0.90479,0.90556,5274,25,0
2026-03-17 20:00:00,0.90554,0.90571,0.9053,0.90554,2429,25,0
2026-03-17 22:00:00,0.90555,0.90567,0.9045,0.90499,1509,26,0
2026-03-18 00:00:00,0.90496,0.90582,0.90482,0.90557,4895,27,0
2026-03-18 02:00:00,0.90558,0.90604,0.90542,0.90595,5331,27,0
2026-03-18 04:00:00,0.90594,0.90609,0.90565,0.90585,2124,27,0
2026-03-18 06:00:00,0.90586,0.90661,0.90579,0.90639,2003,27,0
2026-03-18 08:00:00,0.90639,0.90689,0.90617,0.90636,3216,25,0
2026-03-18 10:00:00,0.90638,0.90724,0.90637,0.90693,4631,25,0
2026-03-18 12:00:00,0.90692,0.9076,0.90669,0.90708,5789,25,0
2026-03-18 14:00:00,0.90709,0.90741,0.90599,0.90736,12243,23,0
2026-03-18 16:00:00,0.90735,0.90856,0.90722,0.90848,10014,23,0
2026-03-18 18:00:00,0.90843,0.90988,0.90801,0.90903,6253,25,0
2026-03-18 20:00:00,0.909,0.91016,0.908,0.9092,10278,24,0
2026-03-18 22:00:00,0.90921,0.90922,0.90731,0.90789,2967,25,0
2026-03-19 00:00:00,0.90809,0.9086,0.90767,0.90859,4305,27,0
2026-03-19 02:00:00,0.90858,0.90891,0.90833,0.90856,5076,27,0
2026-03-19 04:00:00,0.90857,0.90906,0.90846,0.90875,4034,27,0
2026-03-19 06:00:00,0.90874,0.90904,0.90869,0.90888,2760,25,0
2026-03-19 08:00:00,0.90887,0.90903,0.90686,0.90696,6752,24,0
2026-03-19 10:00:00,0.90695,0.9129,0.90675,0.911,13784,24,0
2026-03-19 12:00:00,0.91101,0.91271,0.91014,0.91211,7639,23,0
2026-03-19 14:00:00,0.91212,0.91248,0.91052,0.9122,17256,23,0
2026-03-19 16:00:00,0.91219,0.91274,0.91006,0.91227,15824,25,0
2026-03-19 18:00:00,0.91228,0.91401,0.91194,0.91375,10427,25,0
2026-03-19 20:00:00,0.91377,0.91399,0.91214,0.91307,11561,25,0
2026-03-19 22:00:00,0.91309,0.91328,0.91274,0.91327,1987,26,0
2026-03-20 00:00:00,0.91381,0.91454,0.91227,0.91318,3623,27,0
2026-03-20 02:00:00,0.91317,0.91319,0.91197,0.91204,4697,27,0
2026-03-20 04:00:00,0.91203,0.91231,0.91192,0.91203,2930,27,0
2026-03-20 06:00:00,0.91204,0.91225,0.91191,0.91205,2485,27,0
2026-03-20 08:00:00,0.91204,0.91333,0.91198,0.91294,4841,25,0
2026-03-20 10:00:00,0.91293,0.91325,0.91007,0.91039,7564,25,0
2026-03-20 12:00:00,0.91038,0.9113,0.90991,0.91038,7783,25,0
2026-03-20 14:00:00,0.91037,0.9104,0.90902,0.91032,10571,25,0
2026-03-20 16:00:00,0.91031,0.91121,0.91023,0.91059,13762,25,0
2026-03-20 18:00:00,0.91058,0.91135,0.91046,0.91132,8775,25,0
2026-03-20 20:00:00,0.91133,0.91148,0.91075,0.91099,7251,25,0
2026-03-20 22:00:00,0.911,0.91158,0.91095,0.91137,2155,26,0
2026-03-23 00:00:00,0.90907,0.91078,0.90886,0.91071,6027,27,0
2026-03-23 02:00:00,0.9107,0.9109,0.9104,0.9108,7905,27,0
2026-03-23 04:00:00,0.91081,0.91126,0.91065,0.91115,3678,27,0
2026-03-23 06:00:00,0.9112,0.91141,0.91076,0.91104,3094,27,0
2026-03-23 08:00:00,0.91105,0.91113,0.90975,0.90994,7539,25,0
2026-03-23 10:00:00,0.90995,0.91247,0.9092,0.91134,10836,25,0
2026-03-23 12:00:00,0.91133,0.91452,0.91102,0.91257,22390,25,0
2026-03-23 14:00:00,0.91258,0.91316,0.91174,0.91253,23501,25,0
2026-03-23 16:00:00,0.91251,0.91262,0.91124,0.91253,18938,25,0
2026-03-23 18:00:00,0.91252,0.91303,0.91195,0.91295,12768,25,0
2026-03-23 20:00:00,0.91296,0.91316,0.91251,0.91293,7486,25,0
2026-03-23 22:00:00,0.91292,0.91316,0.91223,0.91244,1998,26,0
2026-03-24 00:00:00,0.91245,0.91343,0.91221,0.91302,3070,27,0
2026-03-24 02:00:00,0.913,0.91339,0.91282,0.9132,9455,27,0
2026-03-24 04:00:00,0.91319,0.91351,0.91283,0.9131,5190,27,0
2026-03-24 06:00:00,0.91309,0.9134,0.91281,0.91316,4452,27,0
2026-03-24 08:00:00,0.91317,0.91373,0.91235,0.91259,8086,25,0
2026-03-24 10:00:00,0.9126,0.91285,0.91161,0.91187,9570,23,0
2026-03-24 12:00:00,0.91186,0.91306,0.91178,0.91266,7682,25,0
2026-03-24 14:00:00,0.91267,0.91587,0.91247,0.91517,12628,23,0
2026-03-24 16:00:00,0.91518,0.91666,0.91509,0.91617,13752,25,0
2026-03-24 18:00:00,0.91618,0.9165,0.91535,0.91592,10267,25,0
2026-03-24 20:00:00,0.91591,0.91616,0.91521,0.91539,6266,25,0
2026-03-24 22:00:00,0.91541,0.91544,0.91403,0.91446,6627,26,0
2026-03-25 00:00:00,0.91447,0.91527,0.91447,0.91509,3408,27,0
2026-03-25 02:00:00,0.9151,0.91559,0.9148,0.91518,7288,27,0
2026-03-25 04:00:00,0.91517,0.91587,0.91496,0.91576,3746,27,0
2026-03-25 06:00:00,0.91575,0.91579,0.91531,0.91557,3213,27,0
2026-03-25 08:00:00,0.91556,0.91642,0.91524,0.91602,5215,23,0
2026-03-25 10:00:00,0.91601,0.91674,0.91551,0.9162,8728,25,0
2026-03-25 12:00:00,0.91619,0.91622,0.91505,0.91536,6710,25,0
2026-03-25 14:00:00,0.91535,0.9163,0.91494,0.91593,11124,25,0
2026-03-25 16:00:00,0.91592,0.91626,0.91545,0.91593,11118,23,0
2026-03-25 18:00:00,0.91592,0.91604,0.91533,0.9158,6860,25,0
2026-03-25 20:00:00,0.91579,0.91593,0.9152,0.91529,4206,25,0
2026-03-25 22:00:00,0.91528,0.91543,0.91435,0.91465,1660,26,0
2026-03-26 00:00:00,0.91457,0.91508,0.91456,0.91504,2121,27,0
2026-03-26 02:00:00,0.91503,0.91575,0.91496,0.91567,4021,27,0
2026-03-26 04:00:00,0.91566,0.91582,0.91536,0.91581,2397,27,0
2026-03-26 06:00:00,0.91582,0.91585,0.91529,0.91562,2254,27,0
2026-03-26 08:00:00,0.91561,0.91625,0.91519,0.91542,4808,25,0
2026-03-26 10:00:00,0.91541,0.91569,0.9148,0.91541,6047,25,0
2026-03-26 12:00:00,0.9154,0.91545,0.91431,0.91442,5110,25,0
2026-03-26 14:00:00,0.91451,0.91595,0.91422,0.91551,7852,23,0
2026-03-26 16:00:00,0.91552,0.91606,0.91524,0.91572,10070,25,0
2026-03-26 18:00:00,0.91571,0.91654,0.91564,0.91623,5199,25,0
2026-03-26 20:00:00,0.91624,0.91677,0.91624,0.91668,3774,25,0
2026-03-26 22:00:00,0.91669,0.91694,0.91496,0.91578,7245,26,0
2026-03-27 00:00:00,0.91579,0.91669,0.91574,0.91658,2448,27,0
2026-03-27 02:00:00,0.91659,0.91703,0.91651,0.91694,5265,27,0
2026-03-27 04:00:00,0.91695,0.9178,0.91692,0.91779,2974,27,0
2026-03-27 06:00:00,0.9178,0.91812,0.91745,0.91792,4412,27,0
2026-03-27 08:00:00,0.91793,0.91816,0.91747,0.91767,4348,25,0
2026-03-27 10:00:00,0.91766,0.91862,0.917,0.91833,6450,25,0
2026-03-27 12:00:00,0.91836,0.91865,0.91738,0.91765,5506,25,0
2026-03-27 14:00:00,0.91766,0.91806,0.91708,0.91725,8119,25,0
2026-03-27 16:00:00,0.91726,0.91972,0.91713,0.9181,10471,25,0
2026-03-27 18:00:00,0.91809,0.91837,0.91702,0.91835,7228,25,0
2026-03-27 20:00:00,0.91836,0.91984,0.91827,0.91969,4400,25,0
2026-03-27 22:00:00,0.9197,0.91987,0.91883,0.91893,2726,26,0
2026-03-30 00:00:00,0.91586,0.9192,0.91483,0.91877,3923,29,0
2026-03-30 02:00:00,0.91876,0.91926,0.91876,0.91888,5637,27,0
2026-03-30 04:00:00,0.91886,0.91938,0.91862,0.91927,5128,27,0
2026-03-30 06:00:00,0.91928,0.91965,0.91923,0.91939,2878,27,0
2026-03-30 08:00:00,0.91942,0.91957,0.91868,0.91943,3869,25,0
2026-03-30 10:00:00,0.91942,0.9199,0.91907,0.91964,5784,25,0
2026-03-30 12:00:00,0.91963,0.91969,0.91824,0.91838,4932,25,0
2026-03-30 14:00:00,0.91839,0.91883,0.9181,0.91831,7173,25,0
2026-03-30 16:00:00,0.91832,0.91852,0.91695,0.91699,9488,25,0
2026-03-30 18:00:00,0.917,0.91707,0.91594,0.91681,6326,25,0
2026-03-30 20:00:00,0.91682,0.91723,0.91638,0.91655,4446,25,0
2026-03-30 22:00:00,0.91656,0.91671,0.91565,0.91584,3716,25,0
2026-03-31 00:00:00,0.91526,0.91649,0.91334,0.91633,2200,27,0
2026-03-31 02:00:00,0.91636,0.91674,0.91586,0.91652,5007,27,0
2026-03-31 04:00:00,0.91651,0.91689,0.91606,0.9161,5752,27,0
2026-03-31 06:00:00,0.91611,0.91612,0.91586,0.9159,2296,27,0
2026-03-31 08:00:00,0.91591,0.91729,0.91562,0.91709,4352,25,0
2026-03-31 10:00:00,0.91708,0.91768,0.91668,0.91715,6051,25,0
2026-03-31 12:00:00,0.91716,0.9183,0.9169,0.91778,4971,25,0
2026-03-31 14:00:00,0.91779,0.9206,0.91773,0.9204,9229,24,0
2026-03-31 16:00:00,0.92041,0.92604,0.92017,0.92598,12423,23,0
2026-03-31 18:00:00,0.92597,0.92656,0.92343,0.9243,15162,25,0
2026-03-31 20:00:00,0.92429,0.92481,0.92334,0.92394,10318,25,0
2026-03-31 22:00:00,0.92393,0.92461,0.92276,0.92459,5285,25,0
2026-04-01 00:00:00,0.9246,0.92537,0.92231,0.92349,3231,27,0
2026-04-01 02:00:00,0.9235,0.92364,0.92205,0.92205,3823,27,0
2026-04-01 04:00:00,0.92204,0.9227,0.92189,0.92253,5313,27,0
2026-04-01 06:00:00,0.92255,0.92265,0.92223,0.92234,2663,27,0
2026-04-01 08:00:00,0.92235,0.92239,0.92069,0.92082,6851,25,0
2026-04-01 10:00:00,0.92083,0.92109,0.91891,0.92014,10786,25,0
2026-04-01 12:00:00,0.92013,0.92047,0.91882,0.91885,7544,25,0
2026-04-01 14:00:00,0.91884,0.91929,0.91788,0.91898,9206,23,0
2026-04-01 16:00:00,0.91897,0.92192,0.91883,0.92116,14111,23,0
2026-04-01 18:00:00,0.92117,0.92142,0.92032,0.92038,7216,25,0
2026-04-01 20:00:00,0.92037,0.92041,0.91958,0.91997,5453,25,0
2026-04-01 22:00:00,0.91996,0.92065,0.91939,0.9196,3351,25,0
2026-04-02 00:00:00,0.91963,0.92147,0.91903,0.92023,2118,28,0
2026-04-02 02:00:00,0.92024,0.92028,0.91946,0.91962,3924,28,0
2026-04-02 04:00:00,0.91961,0.92065,0.91934,0.92057,13596,27,0
2026-04-02 06:00:00,0.92058,0.92128,0.92045,0.92111,3805,27,0
2026-04-02 08:00:00,0.9211,0.92207,0.92082,0.92091,6307,25,0
2026-04-02 10:00:00,0.92092,0.92197,0.92086,0.92136,6767,25,0
2026-04-02 12:00:00,0.92135,0.92194,0.92119,0.92166,5197,25,0
2026-04-02 14:00:00,0.92166,0.92192,0.92077,0.92077,7158,23,0
2026-04-02 16:00:00,0.92078,0.92277,0.92063,0.92271,12882,25,0
2026-04-02 18:00:00,0.92269,0.92269,0.92128,0.92156,9580,25,0
2026-04-02 20:00:00,0.92157,0.92172,0.92138,0.92159,4208,25,0
2026-04-02 22:00:00,0.9216,0.9217,0.92065,0.92073,2949,25,0
2026-04-03 00:00:00,0.92046,0.92179,0.92029,0.92167,2449,29,0
2026-04-03 02:00:00,0.92166,0.92175,0.92148,0.92155,1551,27,0
2026-04-03 04:00:00,0.92156,0.92167,0.9212,0.92127,1751,27,0
2026-04-03 06:00:00,0.92128,0.92137,0.9211,0.92117,1076,27,0
2026-04-03 08:00:00,0.92115,0.92142,0.92094,0.92118,1336,26,0
2026-04-03 10:00:00,0.92119,0.9212,0.92075,0.92093,1481,25,0
2026-04-03 12:00:00,0.92094,0.9214,0.92094,0.92138,1243,25,0
2026-04-03 14:00:00,0.92137,0.92238,0.92064,0.92151,3698,25,0
2026-04-03 16:00:00,0.9215,0.92153,0.92087,0.92127,2724,25,0
2026-04-03 18:00:00,0.92126,0.92252,0.92062,0.92233,15372,25,0
2026-04-03 20:00:00,0.92234,0.92251,0.92174,0.92207,7836,25,0
2026-04-03 22:00:00,0.92205,0.9225,0.92042,0.92069,4095,25,0
2026-04-06 00:00:00,0.92168,0.92189,0.92041,0.92154,3864,27,0
2026-04-06 02:00:00,0.92153,0.92225,0.92114,0.92222,3953,27,0
2026-04-06 04:00:00,0.92221,0.92301,0.92201,0.92252,4092,27,0
2026-04-06 06:00:00,0.92251,0.92253,0.92215,0.92239,2542,27,0
2026-04-06 08:00:00,0.92238,0.92248,0.92198,0.92214,3642,25,0
2026-04-06 10:00:00,0.92212,0.92265,0.92123,0.92126,5992,25,0
2026-04-06 12:00:00,0.92127,0.92154,0.92106,0.9211,4791,25,0
2026-04-06 14:00:00,0.92109,0.92163,0.92079,0.92085,4963,25,0
2026-04-06 16:00:00,0.92086,0.92151,0.92059,0.92092,8835,25,0
2026-04-06 18:00:00,0.92093,0.92132,0.92079,0.92114,5421,25,0
2026-04-06 20:00:00,0.92113,0.92142,0.92104,0.92126,4165,25,0
2026-04-06 22:00:00,0.92125,0.92127,0.92034,0.92055,2107,25,0
2026-04-07 00:00:00,0.9205,0.92114,0.92017,0.92097,1546,29,0
2026-04-07 02:00:00,0.92098,0.92172,0.92091,0.92162,2962,27,0
2026-04-07 04:00:00,0.92161,0.92215,0.92143,0.92179,3623,27,0
2026-04-07 06:00:00,0.9218,0.92192,0.92117,0.92125,2113,27,0
2026-04-07 08:00:00,0.92126,0.92233,0.92114,0.92233,4150,25,0
2026-04-07 10:00:00,0.92232,0.92367,0.92206,0.92359,7645,25,0
2026-04-07 12:00:00,0.92358,0.92401,0.923,0.9237,7846,25,0
2026-04-07 14:00:00,0.92369,0.92466,0.92364,0.92441,6318,25,0
2026-04-07 16:00:00,0.92442,0.92593,0.92428,0.92569,9121,25,0
2026-04-07 18:00:00,0.9257,0.92646,0.92474,0.92479,7971,25,0
2026-04-07 20:00:00,0.92477,0.92515,0.92462,0.925,5128,25,0
2026-04-07 22:00:00,0.92503,0.92604,0.92435,0.92483,6795,25,0
2026-04-08 00:00:00,0.92522,0.92683,0.92391,0.92506,10223,27,0
2026-04-08 02:00:00,0.92505,0.92553,0.92299,0.92345,16007,27,0
2026-04-08 04:00:00,0.92346,0.92346,0.92228,0.92257,8764,27,0
2026-04-08 06:00:00,0.92256,0.92256,0.92167,0.92175,5153,27,0
2026-04-08 08:00:00,0.92176,0.92245,0.92088,0.92162,8800,25,0
2026-04-08 10:00:00,0.92161,0.92241,0.92049,0.9213,9621,25,0
2026-04-08 12:00:00,0.92132,0.92215,0.92073,0.9216,6517,25,0
2026-04-08 14:00:00,0.92159,0.92268,0.92158,0.92237,8781,25,0
2026-04-08 16:00:00,0.92238,0.92341,0.92181,0.92199,11742,23,0
2026-04-08 18:00:00,0.922,0.92318,0.92182,0.92274,7692,25,0
2026-04-08 20:00:00,0.92275,0.92319,0.92264,0.92284,6840,24,0
2026-04-08 22:00:00,0.92283,0.92311,0.92165,0.92165,5170,25,0
2026-04-09 00:00:00,0.92166,0.92315,0.92141,0.92257,1873,27,0
2026-04-09 02:00:00,0.92256,0.92297,0.92233,0.92283,3250,27,0
2026-04-09 04:00:00,0.92284,0.92303,0.92265,0.92272,4117,27,0
2026-04-09 06:00:00,0.92271,0.92289,0.9224,0.92283,2650,27,0
2026-04-09 08:00:00,0.92284,0.92337,0.92264,0.92305,4118,25,0
2026-04-09 10:00:00,0.92306,0.92321,0.92192,0.92318,5279,25,0
2026-04-09 12:00:00,0.92317,0.92404,0.92317,0.92374,4330,25,0
2026-04-09 14:00:00,0.92375,0.92392,0.92322,0.92359,5241,25,0
2026-04-09 16:00:00,0.9236,0.92365,0.92162,0.92355,8744,25,0
2026-04-09 18:00:00,0.92354,0.92406,0.92292,0.92321,9119,25,0
2026-04-09 20:00:00,0.92322,0.92477,0.92319,0.92469,6169,25,0
2026-04-09 22:00:00,0.92468,0.92487,0.92351,0.92354,3257,25,0
2026-04-10 00:00:00,0.92347,0.92479,0.92329,0.92447,3338,29,0
2026-04-10 02:00:00,0.92448,0.92479,0.92444,0.92463,2683,27,0
2026-04-10 04:00:00,0.92462,0.92469,0.9241,0.92421,2502,27,0
2026-04-10 06:00:00,0.92422,0.92429,0.92383,0.92391,1614,27,0
2026-04-10 08:00:00,0.92392,0.92398,0.92309,0.9231,2833,25,0
2026-04-10 10:00:00,0.92311,0.92334,0.92265,0.92333,4717,25,0
2026-04-10 12:00:00,0.92332,0.92507,0.9227,0.92445,6317,25,0
2026-04-10 14:00:00,0.92446,0.92454,0.92248,0.92384,6370,25,0
2026-04-10 16:00:00,0.92382,0.92594,0.92177,0.92511,10673,25,0
2026-04-10 18:00:00,0.92512,0.92532,0.92434,0.92513,7426,25,0
2026-04-10 20:00:00,0.92514,0.92563,0.92494,0.92515,4954,25,0
2026-04-10 22:00:00,0.92514,0.92564,0.92438,0.92513,4083,25,0
2026-04-13 00:00:00,0.92221,0.92543,0.92167,0.92527,5170,27,0
2026-04-13 02:00:00,0.92529,0.9262,0.92507,0.92606,5113,27,0
2026-04-13 04:00:00,0.92604,0.92604,0.92543,0.9255,3672,27,0
2026-04-13 06:00:00,0.92551,0.92554,0.92528,0.92545,2034,27,0
2026-04-13 08:00:00,0.92544,0.92567,0.92415,0.92415,4256,25,0
2026-04-13 10:00:00,0.92414,0.92427,0.92337,0.92348,5319,25,0
2026-04-13 12:00:00,0.92347,0.9237,0.92322,0.92367,3911,25,0
2026-04-13 14:00:00,0.9237,0.92412,0.92318,0.92359,5724,25,0
2026-04-13 16:00:00,0.92357,0.92395,0.92202,0.92207,8839,25,0
2026-04-13 18:00:00,0.92206,0.9224,0.92121,0.92128,8033,25,0
2026-04-13 20:00:00,0.92129,0.92142,0.92066,0.92109,6001,25,0
2026-04-13 22:00:00,0.9211,0.92175,0.9204,0.92047,3787,25,0
2026-04-14 00:00:00,0.9204,0.9213,0.9203,0.92083,488,102,0
2026-04-14 08:00:00,0.92131,0.92149,0.92107,0.92122,2806,25,0
2026-04-14 10:00:00,0.92123,0.92157,0.91934,0.9197,8104,25,0
2026-04-14 12:00:00,0.91969,0.92105,0.91945,0.92104,5500,25,0
2026-04-14 14:00:00,0.92103,0.92107,0.91967,0.9206,6832,25,0
2026-04-14 16:00:00,0.92058,0.92117,0.91936,0.92064,8538,25,0
2026-04-14 18:00:00,0.92063,0.92129,0.92041,0.92115,6289,25,0
2026-04-14 20:00:00,0.92114,0.9212,0.92073,0.92108,3916,25,0
2026-04-14 22:00:00,0.92107,0.92129,0.92045,0.92066,2678,25,0
2026-04-15 00:00:00,0.92117,0.92117,0.92028,0.92111,1812,27,0
2026-04-15 02:00:00,0.9211,0.9214,0.92096,0.92098,3566,27,0
2026-04-15 04:00:00,0.92097,0.92121,0.92068,0.92096,4032,27,0
2026-04-15 06:00:00,0.92097,0.92106,0.92083,0.92092,3254,27,0
2026-04-15 08:00:00,0.92091,0.92116,0.9205,0.92056,4772,26,0
2026-04-15 10:00:00,0.92057,0.92067,0.91961,0.92036,5758,25,0
2026-04-15 12:00:00,0.92035,0.92148,0.92034,0.92144,7019,25,0
2026-04-15 14:00:00,0.92143,0.92234,0.92129,0.92216,6104,25,0
2026-04-15 16:00:00,0.92217,0.92223,0.92092,0.92178,7841,24,0
2026-04-15 18:00:00,0.92179,0.92238,0.9217,0.92226,6278,25,0
2026-04-15 20:00:00,0.92227,0.92254,0.92202,0.92229,4651,25,0
2026-04-15 22:00:00,0.92228,0.92264,0.92215,0.9225,2660,25,0
2026-04-16 00:00:00,0.92251,0.92311,0.92185,0.92225,3721,27,0
2026-04-16 02:00:00,0.92225,0.92243,0.922,0.92207,3949,27,0
2026-04-16 04:00:00,0.92208,0.92232,0.92186,0.92211,4926,27,0
2026-04-16 06:00:00,0.92211,0.92214,0.92174,0.92196,4535,27,0
2026-04-16 08:00:00,0.92197,0.92214,0.92143,0.92149,4694,25,0
2026-04-16 10:00:00,0.92148,0.92238,0.92135,0.92202,6401,25,0
2026-04-16 12:00:00,0.922,0.92343,0.92193,0.92322,4585,25,0
2026-04-16 14:00:00,0.92323,0.92341,0.92263,0.92303,5695,25,0
2026-04-16 16:00:00,0.92302,0.92304,0.92161,0.9226,8188,25,0
2026-04-16 18:00:00,0.92261,0.92339,0.9226,0.92295,6937,25,0
2026-04-16 20:00:00,0.92294,0.92349,0.92278,0.92282,5106,25,0
2026-04-16 22:00:00,0.92283,0.92308,0.92204,0.92238,2851,25,0
2026-04-17 00:00:00,0.92239,0.9231,0.92205,0.92302,1971,27,0
2026-04-17 02:00:00,0.92303,0.92308,0.92239,0.9224,3975,27,0
2026-04-17 04:00:00,0.9224,0.92278,0.92225,0.9227,4080,27,0
2026-04-17 06:00:00,0.92272,0.92302,0.92251,0.9228,2331,27,0
2026-04-17 08:00:00,0.92281,0.92308,0.9224,0.92298,4106,25,0
2026-04-17 10:00:00,0.92299,0.92299,0.92241,0.92246,4823,25,0
2026-04-17 12:00:00,0.92245,0.92289,0.92216,0.92284,4213,25,0
2026-04-17 14:00:00,0.92283,0.92313,0.92181,0.92195,7655,25,0
2026-04-17 16:00:00,0.92194,0.92255,0.91942,0.91996,15712,25,0
2026-04-17 18:00:00,0.91997,0.9203,0.91923,0.91951,8891,25,0
2026-04-17 20:00:00,0.9195,0.91984,0.91914,0.91945,6949,25,0
2026-04-17 22:00:00,0.91946,0.91969,0.91881,0.91915,4544,25,0
2026-04-20 00:00:00,0.91671,0.9197,0.91636,0.91969,4263,27,0
2026-04-20 02:00:00,0.9197,0.92009,0.91948,0.91982,5630,27,0
2026-04-20 04:00:00,0.91983,0.9201,0.91966,0.91993,4280,27,0
2026-04-20 06:00:00,0.91992,0.92009,0.91974,0.92,2870,27,0
2026-04-20 08:00:00,0.92001,0.92045,0.91978,0.92001,5428,25,0
2026-04-20 10:00:00,0.92003,0.92017,0.9194,0.91956,7398,25,0
2026-04-20 12:00:00,0.91958,0.91964,0.91892,0.91934,5224,25,0
2026-04-20 14:00:00,0.91933,0.91949,0.91841,0.91864,5383,23,0
2026-04-20 16:00:00,0.91864,0.91877,0.91616,0.9163,10536,25,0
2026-04-20 18:00:00,0.91629,0.91722,0.91624,0.91708,7812,25,0
2026-04-20 20:00:00,0.91709,0.91736,0.91698,0.91729,4252,25,0
2026-04-20 22:00:00,0.91728,0.9174,0.9167,0.91695,2722,25,0
2026-04-21 00:00:00,0.91674,0.91859,0.91656,0.91721,3089,27,0
2026-04-21 02:00:00,0.91722,0.9175,0.91716,0.9173,3583,27,0
2026-04-21 04:00:00,0.91731,0.91754,0.91706,0.9173,3288,27,0
2026-04-21 06:00:00,0.91729,0.91763,0.91724,0.91755,2282,27,0
2026-04-21 08:00:00,0.91754,0.91754,0.91693,0.91705,4408,25,0
2026-04-21 10:00:00,0.91703,0.91801,0.9167,0.91796,6731,25,0
2026-04-21 12:00:00,0.91797,0.91799,0.91664,0.91717,4627,25,0
2026-04-21 14:00:00,0.91716,0.91744,0.91649,0.91722,6137,23,0
2026-04-21 16:00:00,0.91721,0.91749,0.91614,0.91614,8368,23,0
2026-04-21 18:00:00,0.91613,0.91699,0.91612,0.91674,7753,25,0
2026-04-21 20:00:00,0.91675,0.91716,0.91646,0.91653,9607,25,0
2026-04-21 22:00:00,0.91654,0.91732,0.91622,0.91644,9523,25,0
2026-04-22 00:00:00,0.91646,0.91792,0.91556,0.9167,2260,27,0
2026-04-22 02:00:00,0.91671,0.91673,0.91632,0.91658,3624,27,0
2026-04-22 04:00:00,0.91657,0.91673,0.91645,0.91651,3694,27,0
2026-04-22 06:00:00,0.9165,0.91653,0.91631,0.91641,2593,27,0
2026-04-22 08:00:00,0.9164,0.91663,0.9159,0.91636,5234,25,0
2026-04-22 10:00:00,0.91637,0.91676,0.91598,0.91669,5960,25,0
2026-04-22 12:00:00,0.9167,0.91775,0.91654,0.91754,5163,25,0
2026-04-22 14:00:00,0.91756,0.91843,0.9171,0.91823,6267,25,0
2026-04-22 16:00:00,0.91822,0.91838,0.91739,0.91747,9178,23,0
2026-04-22 18:00:00,0.91749,0.91805,0.91731,0.91804,6679,25,0
2026-04-22 20:00:00,0.91803,0.91845,0.91767,0.91822,4286,25,0
2026-04-22 22:00:00,0.91823,0.91866,0.91799,0.91805,3634,25,0
2026-04-23 00:00:00,0.91806,0.91852,0.91565,0.91839,1445,27,0
2026-04-23 02:00:00,0.9184,0.91885,0.91835,0.91843,5954,27,0
2026-04-23 04:00:00,0.9184,0.91878,0.91816,0.91877,4831,27,0
2026-04-23 06:00:00,0.91876,0.91897,0.91871,0.91893,3858,27,0
2026-04-23 08:00:00,0.91894,0.9191,0.91805,0.91808,3921,25,0
2026-04-23 10:00:00,0.91809,0.91847,0.91737,0.91743,6108,24,0
2026-04-23 12:00:00,0.91745,0.91812,0.9174,0.91756,5668,25,0
2026-04-23 14:00:00,0.91757,0.91844,0.9169,0.91826,7844,25,0
2026-04-23 16:00:00,0.91825,0.91892,0.91741,0.91747,9263,25,0
2026-04-23 18:00:00,0.91748,0.91826,0.91731,0.91807,7090,25,0
2026-04-23 20:00:00,0.91808,0.91879,0.91806,0.91871,12718,25,0
2026-04-23 22:00:00,0.91872,0.91885,0.91759,0.91818,5727,25,0
2026-04-24 00:00:00,0.91744,0.91878,0.91675,0.91875,1894,27,0
2026-04-24 02:00:00,0.91874,0.91884,0.91827,0.91869,3060,27,0
2026-04-24 04:00:00,0.91868,0.91885,0.91854,0.91878,3720,27,0
2026-04-24 06:00:00,0.91878,0.91914,0.91873,0.919,3154,27,0
2026-04-24 08:00:00,0.91899,0.91956,0.91884,0.91943,3979,25,0
2026-04-24 10:00:00,0.91944,0.91977,0.91881,0.91882,5231,25,0
2026-04-24 12:00:00,0.91881,0.9197,0.91863,0.91961,4295,25,0
2026-04-24 14:00:00,0.9196,0.92068,0.91945,0.92033,8048,25,0
2026-04-24 16:00:00,0.92032,0.92139,0.91959,0.92024,8931,25,0
2026-04-24 18:00:00,0.92025,0.92027,0.91922,0.91969,7565,25,0
2026-04-24 20:00:00,0.91967,0.92006,0.91953,0.92001,4854,25,0
2026-04-24 22:00:00,0.92002,0.92009,0.91907,0.91924,3920,25,0
2026-04-27 00:00:00,0.91982,0.9204,0.91893,0.92036,2719,27,0
2026-04-27 02:00:00,0.92037,0.92062,0.9203,0.92041,3305,27,0
2026-04-27 04:00:00,0.92042,0.92049,0.9201,0.92023,4945,27,0
2026-04-27 06:00:00,0.92023,0.92025,0.92001,0.92013,2757,27,0
2026-04-27 08:00:00,0.92014,0.92065,0.92006,0.92059,3931,25,0
2026-04-27 10:00:00,0.9206,0.92157,0.92034,0.92047,5732,25,0
2026-04-27 12:00:00,0.92046,0.92102,0.92025,0.921,4318,25,0
2026-04-27 14:00:00,0.92101,0.92138,0.92066,0.92118,5261,25,0
2026-04-27 16:00:00,0.92119,0.92127,0.91953,0.9203,7485,25,0
2026-04-27 18:00:00,0.92031,0.92094,0.92012,0.92079,4913,25,0
2026-04-27 20:00:00,0.9208,0.92119,0.92045,0.92055,4021,25,0
2026-04-27 22:00:00,0.92056,0.92093,0.91994,0.92013,2835,25,0
2026-04-28 00:00:00,0.91976,0.92053,0.91938,0.92051,2244,27,0
2026-04-28 02:00:00,0.92052,0.92083,0.92029,0.92075,3343,27,0
2026-04-28 04:00:00,0.92076,0.92136,0.92074,0.92108,4064,27,0
2026-04-28 06:00:00,0.92109,0.92152,0.92103,0.92147,3612,27,0
2026-04-28 08:00:00,0.92148,0.92281,0.92147,0.9227,5551,25,0
2026-04-28 10:00:00,0.92269,0.92357,0.92223,0.92298,7466,25,0
2026-04-28 12:00:00,0.92297,0.92358,0.92266,0.92295,6200,25,0
2026-04-28 14:00:00,0.92297,0.92443,0.92291,0.92348,8232,25,0
2026-04-28 16:00:00,0.9235,0.92491,0.92339,0.92396,10742,25,0
2026-04-28 18:00:00,0.92397,0.92445,0.92367,0.92407,8018,25,0
2026-04-28 20:00:00,0.92408,0.92469,0.924,0.92461,5382,25,0
2026-04-28 22:00:00,0.92462,0.92465,0.92386,0.92388,3819,25,0
2026-04-29 00:00:00,0.92368,0.9245,0.92364,0.92441,1295,27,0
2026-04-29 02:00:00,0.92444,0.92445,0.92412,0.9242,2623,27,0
2026-04-29 04:00:00,0.92421,0.92444,0.92334,0.92352,4861,27,0
2026-04-29 06:00:00,0.92352,0.92361,0.92329,0.92346,2758,27,0
2026-04-29 08:00:00,0.92347,0.92377,0.92297,0.92303,4451,25,0
2026-04-29 10:00:00,0.923,0.92393,0.92291,0.92375,6648,25,0
2026-04-29 12:00:00,0.92376,0.92431,0.92346,0.92399,5147,25,0
2026-04-29 14:00:00,0.924,0.92424,0.92317,0.92424,5881,25,0
2026-04-29 16:00:00,0.92423,0.92496,0.92371,0.92388,9495,23,0
2026-04-29 18:00:00,0.92389,0.92414,0.9235,0.92368,8008,25,0
2026-04-29 20:00:00,0.92369,0.92419,0.9226,0.92374,9988,24,0
2026-04-29 22:00:00,0.92375,0.92397,0.92314,0.92315,6066,25,0
2026-04-30 00:00:00,0.92318,0.92399,0.92175,0.92385,4396,27,0
2026-04-30 02:00:00,0.92384,0.92403,0.9235,0.92353,4320,27,0
2026-04-30 04:00:00,0.92352,0.92357,0.92313,0.9233,4989,27,0
2026-04-30 06:00:00,0.92331,0.92348,0.92299,0.92332,4070,27,0
2026-04-30 08:00:00,0.92331,0.92346,0.92292,0.92327,5866,25,0
2026-04-30 10:00:00,0.92329,0.92367,0.92192,0.92198,9348,25,0
2026-04-30 12:00:00,0.92201,0.92212,0.91989,0.91999,13854,23,0
2026-04-30 14:00:00,0.91995,0.92017,0.91608,0.91651,15339,23,0
2026-04-30 16:00:00,0.91653,0.91913,0.91488,0.91715,17386,25,0
2026-04-30 18:00:00,0.91713,0.91795,0.91546,0.91742,11369,25,0
2026-04-30 20:00:00,0.91741,0.9177,0.91672,0.91681,7296,25,0
2026-04-30 22:00:00,0.9168,0.91694,0.91602,0.91602,5877,25,0
2026-05-01 00:00:00,0.91638,0.91736,0.91587,0.91657,2396,27,0
2026-05-01 02:00:00,0.91658,0.91675,0.91632,0.91649,4108,27,0
2026-05-01 04:00:00,0.9165,0.91687,0.91649,0.91676,4146,27,0
2026-05-01 06:00:00,0.91678,0.91718,0.91662,0.9171,2725,27,0
2026-05-01 08:00:00,0.91711,0.91751,0.91546,0.91628,5736,25,0
2026-05-01 10:00:00,0.9163,0.9173,0.9163,0.9173,4482,25,0
