date_time,open,high,low,close,volume,spread,real_volume
2022-04-21 06:30:00,0.95072,0.95107,0.95051,0.95057,533,22,0
2022-04-21 07:00:00,0.95055,0.95062,0.95007,0.95028,686,22,0
2022-04-21 07:30:00,0.95027,0.95081,0.95015,0.95055,587,22,0
2022-04-21 08:00:00,0.95055,0.95072,0.94999,0.95029,884,20,0
2022-04-21 08:30:00,0.95029,0.95042,0.94938,0.95019,916,20,0
2022-04-21 09:00:00,0.95018,0.95024,0.94938,0.94938,1603,21,0
2022-04-21 09:30:00,0.9494,0.94949,0.94643,0.94675,2025,19,0
2022-04-21 10:00:00,0.94677,0.94856,0.94677,0.94718,1890,22,0
2022-04-21 10:30:00,0.94717,0.94763,0.94568,0.94569,2144,18,0
2022-04-21 11:00:00,0.94565,0.94841,0.94557,0.94839,1363,17,0
2022-04-21 11:30:00,0.94839,0.94871,0.9474,0.94826,1490,16,0
2022-04-21 12:00:00,0.94825,0.94938,0.94779,0.9483,1092,16,0
2022-04-21 12:30:00,0.94829,0.94829,0.94756,0.94827,942,16,0
2022-04-21 13:00:00,0.94826,0.94864,0.94699,0.94753,1056,16,0
2022-04-21 13:30:00,0.94753,0.94811,0.94724,0.94784,1126,16,0
2022-04-21 14:00:00,0.94783,0.94917,0.94781,0.94888,1344,16,0
2022-04-21 14:30:00,0.94887,0.94961,0.94869,0.94947,1074,16,0
2022-04-21 15:00:00,0.94945,0.9499,0.94893,0.94987,1217,16,0
2022-04-21 15:30:00,0.94987,0.94991,0.94887,0.94888,1279,16,0
2022-04-21 16:00:00,0.9489,0.94962,0.94888,0.94933,1700,16,0
2022-04-21 16:30:00,0.94933,0.94997,0.94868,0.94982,1879,16,0
2022-04-21 17:00:00,0.94982,0.9506,0.94955,0.94982,1653,16,0
2022-04-21 17:30:00,0.94982,0.95231,0.94952,0.95194,1745,16,0
2022-04-21 18:00:00,0.95193,0.95202,0.95035,0.95058,1370,16,0
2022-04-21 18:30:00,0.95059,0.95381,0.95059,0.95306,1904,16,0
2022-04-21 19:00:00,0.95303,0.95524,0.95283,0.95439,1360,16,0
2022-04-21 19:30:00,0.95439,0.95462,0.95355,0.95394,1303,16,0
2022-04-21 20:00:00,0.95394,0.95421,0.95254,0.95299,1732,16,0
2022-04-21 20:30:00,0.95301,0.95336,0.95214,0.9525,2475,16,0
2022-04-21 21:00:00,0.95251,0.95354,0.95251,0.95341,2291,16,0
2022-04-21 21:30:00,0.95343,0.95364,0.95261,0.95306,1192,17,0
2022-04-21 22:00:00,0.95306,0.95331,0.95261,0.95293,701,16,0
2022-04-21 22:30:00,0.95293,0.95321,0.9524,0.95245,707,16,0
2022-04-21 23:00:00,0.95245,0.95326,0.95245,0.95321,388,20,0
2022-04-21 23:30:00,0.9532,0.95348,0.95278,0.9528,376,22,0
2022-04-22 00:00:00,0.95276,0.95315,0.95271,0.95308,32,36,0
2022-04-22 00:30:00,0.95308,0.95324,0.95308,0.9531,45,27,0
2022-04-22 01:00:00,0.95309,0.95387,0.95308,0.9537,252,16,0
2022-04-22 01:30:00,0.9537,0.95392,0.95335,0.95336,193,16,0
2022-04-22 02:00:00,0.95337,0.95362,0.95322,0.95343,272,16,0
2022-04-22 02:30:00,0.95343,0.95373,0.95322,0.95366,356,16,0
2022-04-22 03:00:00,0.95366,0.95419,0.95343,0.95413,540,16,0
2022-04-22 03:30:00,0.95413,0.95465,0.95364,0.95441,789,16,0
2022-04-22 04:00:00,0.95441,0.95441,0.9534,0.95376,759,16,0
2022-04-22 04:30:00,0.95376,0.95409,0.95359,0.95378,595,16,0
2022-04-22 05:00:00,0.95376,0.95392,0.95359,0.95359,324,16,0
2022-04-22 05:30:00,0.9536,0.95436,0.95359,0.9539,958,16,0
2022-04-22 06:00:00,0.9539,0.9544,0.95355,0.95397,914,16,0
2022-04-22 06:30:00,0.95398,0.95416,0.95369,0.95383,367,16,0
2022-04-22 07:00:00,0.95383,0.95407,0.95292,0.95336,714,16,0
2022-04-22 07:30:00,0.95335,0.95348,0.95304,0.95338,574,16,0
2022-04-22 08:00:00,0.95337,0.95398,0.95296,0.95393,857,16,0
2022-04-22 08:30:00,0.95394,0.9541,0.95276,0.95305,1083,16,0
2022-04-22 09:00:00,0.95306,0.95365,0.95282,0.95339,1547,16,0
2022-04-22 09:30:00,0.95339,0.9548,0.95279,0.95451,1308,16,0
2022-04-22 10:00:00,0.95452,0.95497,0.95423,0.95481,1924,16,0
2022-04-22 10:30:00,0.95479,0.95482,0.95391,0.95474,1220,16,0
2022-04-22 11:00:00,0.95475,0.95581,0.95462,0.95537,1549,16,0
2022-04-22 11:30:00,0.95538,0.95575,0.95464,0.9555,1425,16,0
2022-04-22 12:00:00,0.95549,0.95579,0.95469,0.95522,1389,16,0
2022-04-22 12:30:00,0.95523,0.95598,0.95507,0.95519,931,16,0
2022-04-22 13:00:00,0.95519,0.95541,0.95472,0.95512,956,16,0
2022-04-22 13:30:00,0.95512,0.95522,0.95456,0.95489,846,16,0
2022-04-22 14:00:00,0.95488,0.95507,0.95428,0.95444,795,16,0
2022-04-22 14:30:00,0.95444,0.95497,0.95432,0.95444,731,16,0
2022-04-22 15:00:00,0.95443,0.95581,0.95441,0.95509,1169,16,0
2022-04-22 15:30:00,0.95509,0.95555,0.95471,0.95529,1392,16,0
2022-04-22 16:00:00,0.95527,0.95581,0.95424,0.95576,1484,16,0
2022-04-22 16:30:00,0.95576,0.95715,0.95573,0.95691,1959,16,0
2022-04-22 17:00:00,0.95692,0.95701,0.95595,0.95682,1869,16,0
2022-04-22 17:30:00,0.95682,0.95807,0.95675,0.95775,1810,16,0
2022-04-22 18:00:00,0.95775,0.95894,0.95754,0.95807,2289,16,0
2022-04-22 18:30:00,0.95807,0.95876,0.95761,0.95861,1429,16,0
2022-04-22 19:00:00,0.95859,0.95916,0.95835,0.95879,641,16,0
2022-04-22 19:30:00,0.95878,0.95878,0.95784,0.95801,705,16,0
2022-04-22 20:00:00,0.95799,0.95808,0.95752,0.95757,486,16,0
2022-04-22 20:30:00,0.95757,0.9576,0.95688,0.95705,1060,16,0
2022-04-22 21:00:00,0.95704,0.95736,0.95691,0.95708,786,16,0
2022-04-22 21:30:00,0.95707,0.95739,0.95634,0.95675,578,16,0
2022-04-22 22:00:00,0.95675,0.9568,0.95612,0.95664,1115,16,0
2022-04-22 22:30:00,0.95666,0.95723,0.95638,0.95697,518,16,0
2022-04-22 23:00:00,0.95697,0.95706,0.95634,0.95641,503,18,0
2022-04-22 23:30:00,0.95642,0.95689,0.95629,0.95689,980,23,0
2022-04-25 00:00:00,0.95634,0.9571,0.95616,0.95616,4,170,0
2022-04-25 00:30:00,0.95648,0.95648,0.95648,0.95648,1,170,0
2022-04-25 01:00:00,0.95639,0.95726,0.95637,0.95706,662,16,0
2022-04-25 01:30:00,0.95708,0.95742,0.95654,0.95656,685,16,0
2022-04-25 02:00:00,0.95654,0.95671,0.95571,0.95576,370,16,0
2022-04-25 02:30:00,0.95576,0.95584,0.95542,0.95565,344,16,0
2022-04-25 03:00:00,0.95564,0.95675,0.95545,0.95637,793,16,0
2022-04-25 03:30:00,0.95636,0.9567,0.95582,0.9564,894,16,0
2022-04-25 04:00:00,0.9564,0.95684,0.95621,0.9565,1068,16,0
2022-04-25 04:30:00,0.95649,0.95717,0.95644,0.95716,904,16,0
2022-04-25 05:00:00,0.95716,0.9575,0.95689,0.95727,825,16,0
2022-04-25 05:30:00,0.95728,0.95763,0.95684,0.95698,761,16,0
2022-04-25 06:00:00,0.95699,0.95735,0.95681,0.95681,473,16,0
2022-04-25 06:30:00,0.95684,0.95703,0.95657,0.95688,380,19,0
2022-04-25 07:00:00,0.95689,0.95723,0.95667,0.95711,447,16,0
2022-04-25 07:30:00,0.95713,0.95819,0.95705,0.95793,717,16,0
2022-04-25 08:00:00,0.95795,0.95824,0.95767,0.9581,639,16,0
2022-04-25 08:30:00,0.9581,0.95871,0.95796,0.95824,872,16,0
2022-04-25 09:00:00,0.95826,0.95963,0.95751,0.95904,2744,16,0
2022-04-25 09:30:00,0.95902,0.95942,0.95722,0.95869,2529,16,0
2022-04-25 10:00:00,0.95869,0.95873,0.95723,0.95767,2777,16,0
2022-04-25 10:30:00,0.95769,0.95843,0.95761,0.95782,1280,16,0
2022-04-25 11:00:00,0.95782,0.95817,0.95656,0.95657,1388,16,0
2022-04-25 11:30:00,0.95658,0.95879,0.95606,0.95862,1628,16,0
2022-04-25 12:00:00,0.95863,0.95909,0.95793,0.95808,1424,16,0
2022-04-25 12:30:00,0.95809,0.95879,0.95798,0.95858,961,16,0
2022-04-25 13:00:00,0.95858,0.95899,0.95818,0.9582,943,16,0
2022-04-25 13:30:00,0.95819,0.95872,0.95768,0.95844,991,16,0
2022-04-25 14:00:00,0.95844,0.95879,0.95766,0.9584,1686,16,0
2022-04-25 14:30:00,0.95841,0.95863,0.95603,0.95605,1631,16,0
2022-04-25 15:00:00,0.95605,0.95634,0.9547,0.95476,1957,16,0
2022-04-25 15:30:00,0.95476,0.95568,0.95459,0.95519,1601,16,0
2022-04-25 16:00:00,0.95519,0.95609,0.95517,0.95577,1375,16,0
2022-04-25 16:30:00,0.95576,0.95645,0.95519,0.9558,2541,16,0
2022-04-25 17:00:00,0.9558,0.95709,0.95558,0.95694,2577,16,0
2022-04-25 17:30:00,0.95696,0.95861,0.95695,0.9585,2046,16,0
2022-04-25 18:00:00,0.95849,0.95862,0.9574,0.95826,2080,16,0
2022-04-25 18:30:00,0.95825,0.95858,0.95783,0.95843,2075,16,0
2022-04-25 19:00:00,0.95843,0.9587,0.958,0.95852,1627,16,0
2022-04-25 19:30:00,0.95851,0.95888,0.95832,0.95876,1091,16,0
2022-04-25 20:00:00,0.95876,0.95955,0.95875,0.95949,851,16,0
2022-04-25 20:30:00,0.95948,0.95954,0.95897,0.95914,762,16,0
2022-04-25 21:00:00,0.95914,0.95951,0.95905,0.95919,1476,16,0
2022-04-25 21:30:00,0.95918,0.9592,0.95862,0.9591,845,16,0
2022-04-25 22:00:00,0.95912,0.9592,0.95832,0.95832,787,16,0
2022-04-25 22:30:00,0.95831,0.95888,0.95819,0.95857,924,16,0
2022-04-25 23:00:00,0.9586,0.95941,0.95856,0.95936,473,19,0
2022-04-25 23:30:00,0.95935,0.95957,0.95853,0.95853,279,21,0
2022-04-26 00:00:00,0.95784,0.95822,0.95784,0.95822,2,149,0
2022-04-26 00:30:00,0.95852,0.95868,0.95852,0.95868,3,103,0
2022-04-26 01:00:00,0.95875,0.95921,0.95851,0.95884,434,19,0
2022-04-26 01:30:00,0.95882,0.95883,0.95827,0.95843,284,16,0
2022-04-26 02:00:00,0.95844,0.95888,0.95844,0.95882,272,17,0
2022-04-26 02:30:00,0.95883,0.95898,0.95823,0.95843,448,16,0
2022-04-26 03:00:00,0.95842,0.95857,0.9569,0.95708,982,16,0
2022-04-26 03:30:00,0.95708,0.95775,0.9569,0.95742,1232,16,0
2022-04-26 04:00:00,0.95743,0.95817,0.95695,0.95785,1172,16,0
2022-04-26 04:30:00,0.95786,0.958,0.95719,0.95763,1259,16,0
2022-04-26 05:00:00,0.95756,0.95787,0.95708,0.95709,994,16,0
2022-04-26 05:30:00,0.95708,0.95791,0.95703,0.95784,919,16,0
2022-04-26 06:00:00,0.95782,0.95787,0.95744,0.95763,1324,16,0
2022-04-26 06:30:00,0.9576,0.95865,0.95738,0.95852,902,16,0
2022-04-26 07:00:00,0.95852,0.95896,0.95837,0.95862,748,16,0
2022-04-26 07:30:00,0.95863,0.95864,0.95832,0.9585,449,16,0
2022-04-26 08:00:00,0.95849,0.95922,0.95848,0.95867,556,16,0
2022-04-26 08:30:00,0.95867,0.95887,0.95814,0.95816,623,16,0
2022-04-26 09:00:00,0.95815,0.95989,0.95815,0.9596,1271,16,0
2022-04-26 09:30:00,0.9596,0.9597,0.95865,0.9591,1740,16,0
2022-04-26 10:00:00,0.95908,0.95991,0.95906,0.95955,1707,16,0
2022-04-26 10:30:00,0.95954,0.96021,0.95904,0.95936,1607,16,0
2022-04-26 11:00:00,0.95937,0.95979,0.9587,0.95879,1195,16,0
2022-04-26 11:30:00,0.95878,0.95994,0.95818,0.9596,1058,16,0
2022-04-26 12:00:00,0.9596,0.95978,0.95834,0.95839,999,16,0
2022-04-26 12:30:00,0.95841,0.95863,0.95811,0.95814,757,16,0
2022-04-26 13:00:00,0.95815,0.95871,0.95805,0.95814,835,16,0
2022-04-26 13:30:00,0.95815,0.95833,0.95746,0.95788,715,16,0
2022-04-26 14:00:00,0.95788,0.95823,0.95728,0.95762,892,16,0
2022-04-26 14:30:00,0.95763,0.95845,0.95762,0.95838,1113,16,0
2022-04-26 15:00:00,0.95837,0.95858,0.95741,0.9576,1473,16,0
2022-04-26 15:30:00,0.95758,0.9577,0.95661,0.95699,2324,16,0
2022-04-26 16:00:00,0.957,0.95772,0.95633,0.95676,1830,16,0
2022-04-26 16:30:00,0.95675,0.95791,0.95643,0.95778,1430,16,0
2022-04-26 17:00:00,0.95777,0.95895,0.95777,0.95832,1349,16,0
2022-04-26 17:30:00,0.95831,0.96003,0.95826,0.96,2241,16,0
2022-04-26 18:00:00,0.96002,0.96021,0.95911,0.9601,1638,16,0
2022-04-26 18:30:00,0.9601,0.96112,0.96005,0.96103,1005,16,0
2022-04-26 19:00:00,0.96104,0.96123,0.9606,0.96062,796,16,0
2022-04-26 19:30:00,0.96063,0.96106,0.96052,0.9609,681,16,0
2022-04-26 20:00:00,0.9609,0.96128,0.9607,0.96088,715,16,0
2022-04-26 20:30:00,0.96091,0.96184,0.96081,0.96184,739,16,0
2022-04-26 21:00:00,0.96184,0.96235,0.96184,0.96185,599,16,0
2022-04-26 21:30:00,0.96185,0.96227,0.96185,0.96223,571,16,0
2022-04-26 22:00:00,0.96224,0.96241,0.96224,0.96233,365,16,0
2022-04-26 22:30:00,0.96232,0.96237,0.96199,0.962,532,16,0
2022-04-26 23:00:00,0.96201,0.96251,0.96197,0.96243,835,20,0
2022-04-26 23:30:00,0.96242,0.96253,0.96235,0.96238,769,21,0
2022-04-27 00:00:00,0.96236,0.96238,0.96183,0.96183,13,23,0
2022-04-27 00:30:00,0.96183,0.96184,0.96181,0.96184,8,93,0
2022-04-27 01:00:00,0.96186,0.96233,0.96136,0.96164,652,16,0
2022-04-27 01:30:00,0.96164,0.96183,0.9615,0.96164,273,17,0
2022-04-27 02:00:00,0.96164,0.96216,0.96162,0.96208,550,16,0
2022-04-27 02:30:00,0.96208,0.96231,0.96185,0.96231,430,16,0
2022-04-27 03:00:00,0.96231,0.9626,0.96186,0.96243,540,16,0
2022-04-27 03:30:00,0.96243,0.96312,0.96243,0.96258,643,16,0
2022-04-27 04:00:00,0.96257,0.96294,0.9624,0.96258,620,16,0
2022-04-27 04:30:00,0.96258,0.96283,0.96198,0.96199,909,16,0
2022-04-27 05:00:00,0.96199,0.96216,0.96158,0.96209,623,16,0
2022-04-27 05:30:00,0.9621,0.96315,0.96206,0.96315,658,17,0
2022-04-27 06:00:00,0.96314,0.96314,0.9627,0.96297,743,16,0
2022-04-27 06:30:00,0.96296,0.96325,0.96266,0.96314,447,16,0
2022-04-27 07:00:00,0.96314,0.9638,0.96287,0.96289,380,16,0
2022-04-27 07:30:00,0.96288,0.96304,0.96255,0.96259,539,16,0
2022-04-27 08:00:00,0.96259,0.96288,0.96235,0.96262,568,16,0
2022-04-27 08:30:00,0.96262,0.96306,0.96258,0.9628,583,16,0
2022-04-27 09:00:00,0.96281,0.96421,0.96267,0.9641,1928,16,0
2022-04-27 09:30:00,0.96411,0.9646,0.96374,0.96458,1167,16,0
2022-04-27 10:00:00,0.96459,0.96536,0.96453,0.96528,1276,16,0
2022-04-27 10:30:00,0.96527,0.96534,0.96441,0.96484,1670,16,0
2022-04-27 11:00:00,0.96485,0.96547,0.9634,0.96432,1832,16,0
2022-04-27 11:30:00,0.96431,0.96557,0.96418,0.96551,1617,16,0
2022-04-27 12:00:00,0.96552,0.96568,0.96372,0.96375,1997,16,0
2022-04-27 12:30:00,0.96381,0.96441,0.96318,0.96352,1356,16,0
2022-04-27 13:00:00,0.96353,0.9643,0.96317,0.9632,1224,16,0
2022-04-27 13:30:00,0.9632,0.96447,0.96317,0.96427,1143,16,0
2022-04-27 14:00:00,0.9643,0.96492,0.96391,0.96492,914,16,0
2022-04-27 14:30:00,0.96491,0.96585,0.96486,0.9658,1148,16,0
2022-04-27 15:00:00,0.9658,0.96737,0.96576,0.96719,1754,16,0
2022-04-27 15:30:00,0.96723,0.96955,0.96683,0.9688,2119,16,0
2022-04-27 16:00:00,0.96882,0.96952,0.96792,0.96901,1879,16,0
2022-04-27 16:30:00,0.969,0.96967,0.96831,0.96886,2433,16,0
2022-04-27 17:00:00,0.96886,0.96945,0.96819,0.96923,2196,16,0
2022-04-27 17:30:00,0.96916,0.96983,0.96907,0.96981,2036,16,0
2022-04-27 18:00:00,0.9698,0.97001,0.96916,0.96959,1481,16,0
2022-04-27 18:30:00,0.96957,0.96969,0.96902,0.96934,1594,16,0
2022-04-27 19:00:00,0.96937,0.96941,0.96847,0.96867,1032,16,0
2022-04-27 19:30:00,0.96866,0.96882,0.96772,0.96807,868,16,0
2022-04-27 20:00:00,0.96807,0.96833,0.96779,0.96791,704,16,0
2022-04-27 20:30:00,0.96792,0.96807,0.96733,0.96753,1265,16,0
2022-04-27 21:00:00,0.96753,0.96837,0.96736,0.96818,659,16,0
2022-04-27 21:30:00,0.9682,0.96858,0.96786,0.96854,903,16,0
2022-04-27 22:00:00,0.96854,0.96889,0.96827,0.96883,1151,16,0
2022-04-27 22:30:00,0.96885,0.96916,0.96854,0.96857,834,16,0
2022-04-27 23:00:00,0.96859,0.96898,0.96848,0.96863,297,17,0
2022-04-27 23:30:00,0.96865,0.96914,0.96865,0.96887,179,21,0
2022-04-28 00:00:00,0.96881,0.96893,0.96858,0.96858,9,28,0
2022-04-28 00:30:00,0.96763,0.96804,0.96763,0.96804,9,170,0
2022-04-28 01:00:00,0.96848,0.96903,0.96848,0.96888,931,16,0
2022-04-28 01:30:00,0.96887,0.96915,0.96884,0.96912,190,21,0
2022-04-28 02:00:00,0.96913,0.96914,0.9688,0.96884,340,18,0
2022-04-28 02:30:00,0.96885,0.9689,0.96855,0.96873,479,16,0
2022-04-28 03:00:00,0.96873,0.96915,0.96856,0.96909,664,16,0
2022-04-28 03:30:00,0.96908,0.96986,0.96903,0.96943,900,16,0
2022-04-28 04:00:00,0.96942,0.96965,0.96887,0.96925,741,16,0
2022-04-28 04:30:00,0.96924,0.96963,0.96881,0.96885,650,16,0
2022-04-28 05:00:00,0.96885,0.96947,0.96884,0.96927,564,16,0
2022-04-28 05:30:00,0.96926,0.96943,0.96894,0.96918,528,16,0
2022-04-28 06:00:00,0.96918,0.97078,0.96895,0.96977,2387,16,0
2022-04-28 06:30:00,0.96977,0.97125,0.96956,0.97123,1699,16,0
2022-04-28 07:00:00,0.97123,0.97171,0.97085,0.97158,804,16,0
2022-04-28 07:30:00,0.97158,0.97167,0.97004,0.97079,882,16,0
2022-04-28 08:00:00,0.97079,0.9719,0.97052,0.97185,820,16,0
2022-04-28 08:30:00,0.97185,0.97199,0.96854,0.96963,2184,16,0
2022-04-28 09:00:00,0.96965,0.97088,0.96932,0.97015,2031,16,0
2022-04-28 09:30:00,0.97015,0.97112,0.96974,0.97075,1960,16,0
2022-04-28 10:00:00,0.97075,0.971,0.9692,0.96944,2754,16,0
2022-04-28 10:30:00,0.96943,0.96947,0.96826,0.96835,2620,16,0
2022-04-28 11:00:00,0.96834,0.97061,0.96793,0.96933,1733,16,0
2022-04-28 11:30:00,0.96933,0.97134,0.96916,0.97134,1544,16,0
2022-04-28 12:00:00,0.97134,0.97156,0.97009,0.97053,1950,16,0
2022-04-28 12:30:00,0.97054,0.97164,0.97013,0.97159,2097,16,0
2022-04-28 13:00:00,0.97157,0.97291,0.97084,0.9725,1401,16,0
2022-04-28 13:30:00,0.97251,0.97291,0.9719,0.97271,1514,16,0
2022-04-28 14:00:00,0.97272,0.97335,0.97212,0.97263,1340,16,0
2022-04-28 14:30:00,0.97264,0.97385,0.9722,0.97362,1315,16,0
2022-04-28 15:00:00,0.97356,0.97581,0.97309,0.97468,2262,16,0
2022-04-28 15:30:00,0.97468,0.97577,0.97179,0.9756,3692,16,0
2022-04-28 16:00:00,0.97561,0.97576,0.97294,0.97412,2897,16,0
2022-04-28 16:30:00,0.97413,0.97452,0.9727,0.97275,2734,16,0
2022-04-28 17:00:00,0.97277,0.97363,0.97201,0.97295,2476,16,0
2022-04-28 17:30:00,0.97294,0.97398,0.97116,0.97149,3040,16,0
2022-04-28 18:00:00,0.97149,0.9718,0.9704,0.97058,2111,16,0
2022-04-28 18:30:00,0.97058,0.97261,0.97058,0.97237,1611,16,0
2022-04-28 19:00:00,0.97235,0.9724,0.9718,0.97192,1410,16,0
2022-04-28 19:30:00,0.97193,0.97215,0.9704,0.97048,1003,16,0
2022-04-28 20:00:00,0.97048,0.9711,0.97036,0.97109,1629,16,0
2022-04-28 20:30:00,0.97109,0.97225,0.97104,0.97211,1074,16,0
2022-04-28 21:00:00,0.97211,0.97217,0.97097,0.9711,942,16,0
2022-04-28 21:30:00,0.97109,0.97179,0.97103,0.9717,1089,16,0
2022-04-28 22:00:00,0.97171,0.97185,0.97152,0.97183,580,16,0
2022-04-28 22:30:00,0.97183,0.97205,0.97144,0.97144,671,16,0
2022-04-28 23:00:00,0.97145,0.97186,0.97139,0.97144,271,17,0
2022-04-28 23:30:00,0.97143,0.97186,0.97142,0.97175,353,21,0
2022-04-29 00:00:00,0.97108,0.97108,0.97108,0.97108,1,170,0
2022-04-29 00:30:00,0.97133,0.97133,0.9712,0.9712,3,144,0
2022-04-29 01:00:00,0.9714,0.97209,0.9714,0.97175,782,16,0
2022-04-29 01:30:00,0.97174,0.97215,0.97164,0.97189,170,17,0
2022-04-29 02:00:00,0.97191,0.97207,0.97169,0.97177,342,16,0
2022-04-29 02:30:00,0.97178,0.972,0.97166,0.97167,189,16,0
2022-04-29 03:00:00,0.97165,0.97175,0.97088,0.97123,640,16,0
2022-04-29 03:30:00,0.97123,0.97142,0.9709,0.97097,415,16,0
2022-04-29 04:00:00,0.971,0.97106,0.96997,0.96997,764,16,0
2022-04-29 04:30:00,0.96998,0.97065,0.96988,0.9706,669,16,0
2022-04-29 05:00:00,0.97058,0.97162,0.97048,0.97144,644,16,0
2022-04-29 05:30:00,0.97144,0.97208,0.97127,0.97181,559,16,0
2022-04-29 06:00:00,0.97181,0.97181,0.97132,0.97152,587,16,0
2022-04-29 06:30:00,0.97151,0.97164,0.97102,0.97126,599,16,0
2022-04-29 07:00:00,0.97127,0.97159,0.97096,0.97117,372,16,0
2022-04-29 07:30:00,0.97117,0.97136,0.97062,0.97085,421,16,0
2022-04-29 08:00:00,0.97083,0.97086,0.96965,0.96986,884,16,0
2022-04-29 08:30:00,0.96985,0.97057,0.96948,0.97055,747,16,0
2022-04-29 09:00:00,0.97054,0.97087,0.96967,0.96998,1344,16,0
2022-04-29 09:30:00,0.96999,0.97134,0.96999,0.97132,1067,16,0
2022-04-29 10:00:00,0.97132,0.97147,0.97,0.97031,1478,16,0
2022-04-29 10:30:00,0.97031,0.97036,0.96833,0.96868,1568,16,0
2022-04-29 11:00:00,0.96867,0.96939,0.96816,0.9682,1466,16,0
2022-04-29 11:30:00,0.96818,0.96907,0.96788,0.96848,1513,16,0
2022-04-29 12:00:00,0.96846,0.96924,0.96837,0.96886,1395,16,0
2022-04-29 12:30:00,0.96886,0.96952,0.96833,0.96887,1198,16,0
2022-04-29 13:00:00,0.96886,0.9703,0.96886,0.96963,823,16,0
2022-04-29 13:30:00,0.96962,0.97058,0.96955,0.97043,1165,16,0
2022-04-29 14:00:00,0.97043,0.97149,0.96986,0.97041,1403,16,0
2022-04-29 14:30:00,0.97041,0.97182,0.97036,0.97095,2014,16,0
2022-04-29 15:00:00,0.97094,0.97188,0.97029,0.97161,1452,16,0
2022-04-29 15:30:00,0.97163,0.97353,0.97163,0.97232,2559,16,0
2022-04-29 16:00:00,0.97235,0.97292,0.97112,0.97124,2110,16,0
2022-04-29 16:30:00,0.97124,0.97141,0.97016,0.97022,1812,16,0
2022-04-29 17:00:00,0.97021,0.97106,0.96959,0.97064,1768,16,0
2022-04-29 17:30:00,0.97062,0.97074,0.967,0.97039,3707,16,0
2022-04-29 18:00:00,0.97042,0.97338,0.97026,0.97321,2847,16,0
2022-04-29 18:30:00,0.97322,0.97355,0.97148,0.97208,1608,16,0
2022-04-29 19:00:00,0.97208,0.97308,0.97199,0.9724,1144,16,0
2022-04-29 19:30:00,0.97243,0.97259,0.97206,0.97212,886,16,0
2022-04-29 20:00:00,0.97216,0.97231,0.96994,0.97008,1021,16,0
2022-04-29 20:30:00,0.97007,0.97053,0.96983,0.97052,926,16,0
2022-04-29 21:00:00,0.97051,0.97105,0.9699,0.97036,1141,16,0
2022-04-29 21:30:00,0.97037,0.971,0.97008,0.97093,1059,16,0
2022-04-29 22:00:00,0.9709,0.97227,0.9709,0.97221,1376,16,0
2022-04-29 22:30:00,0.97221,0.97332,0.97213,0.97256,1001,16,0
2022-04-29 23:00:00,0.97255,0.97328,0.97253,0.97327,498,16,0
2022-04-29 23:30:00,0.97328,0.97341,0.97279,0.97326,383,21,0
2022-05-02 00:00:00,0.97016,0.97065,0.97016,0.97065,2,170,0
2022-05-02 01:00:00,0.97151,0.97369,0.97151,0.97369,504,16,0
2022-05-02 01:30:00,0.97373,0.97417,0.97323,0.97335,619,16,0
2022-05-02 02:00:00,0.97333,0.97384,0.97305,0.97366,709,16,0
2022-05-02 02:30:00,0.97366,0.9742,0.9731,0.97414,566,16,0
2022-05-02 03:00:00,0.97413,0.97413,0.97252,0.97306,955,16,0
2022-05-02 03:30:00,0.97308,0.97471,0.97307,0.97459,687,16,0
2022-05-02 04:00:00,0.97457,0.97488,0.97424,0.97468,913,20,0
2022-05-02 04:30:00,0.97468,0.97486,0.97395,0.97452,918,16,0
2022-05-02 05:00:00,0.97452,0.97485,0.97426,0.97428,522,16,0
2022-05-02 05:30:00,0.97428,0.97433,0.97332,0.97394,547,16,0
2022-05-02 06:00:00,0.97395,0.97452,0.97368,0.9745,698,16,0
2022-05-02 06:30:00,0.97449,0.97449,0.974,0.97424,697,16,0
2022-05-02 07:00:00,0.97423,0.97448,0.97401,0.97442,486,16,0
2022-05-02 07:30:00,0.97442,0.97476,0.97418,0.97469,396,16,0
2022-05-02 08:00:00,0.97471,0.97488,0.97431,0.97442,639,16,0
2022-05-02 08:30:00,0.97443,0.9749,0.97404,0.97471,653,16,0
2022-05-02 09:00:00,0.9747,0.97474,0.97319,0.97327,950,16,0
2022-05-02 09:30:00,0.97331,0.97363,0.97201,0.97252,598,16,0
2022-05-02 10:00:00,0.97251,0.97307,0.97155,0.97236,1136,16,0
2022-05-02 10:30:00,0.97237,0.97337,0.97196,0.97334,729,16,0
2022-05-02 11:00:00,0.97334,0.97358,0.97292,0.97308,927,16,0
2022-05-02 11:30:00,0.97304,0.97338,0.97134,0.97136,808,16,0
2022-05-02 12:00:00,0.97136,0.97248,0.97136,0.97208,608,16,0
2022-05-02 12:30:00,0.97209,0.97309,0.97208,0.97301,471,16,0
2022-05-02 13:00:00,0.973,0.97346,0.97291,0.9733,367,16,0
2022-05-02 13:30:00,0.9733,0.97342,0.97294,0.97297,247,16,0
2022-05-02 14:00:00,0.97296,0.9735,0.97293,0.97337,375,16,0
2022-05-02 14:30:00,0.97338,0.9744,0.97335,0.97418,646,16,0
2022-05-02 15:00:00,0.97417,0.9744,0.97336,0.97338,693,16,0
2022-05-02 15:30:00,0.97339,0.97621,0.97339,0.97596,619,16,0
2022-05-02 16:00:00,0.97596,0.97611,0.97536,0.97589,639,16,0
2022-05-02 16:30:00,0.9759,0.9762,0.97572,0.97579,1061,16,0
2022-05-02 17:00:00,0.97581,0.9769,0.97505,0.97655,1135,16,0
2022-05-02 17:30:00,0.97655,0.97744,0.97594,0.97724,1164,16,0
2022-05-02 18:00:00,0.97723,0.9784,0.97718,0.97807,1039,16,0
2022-05-02 18:30:00,0.97807,0.97818,0.97697,0.97698,904,16,0
2022-05-02 19:00:00,0.97699,0.97737,0.97663,0.97665,522,16,0
2022-05-02 19:30:00,0.97665,0.97799,0.97663,0.97784,776,16,0
2022-05-02 20:00:00,0.97783,0.97801,0.97733,0.97757,593,16,0
2022-05-02 20:30:00,0.97758,0.97844,0.97757,0.97789,471,16,0
2022-05-02 21:00:00,0.97789,0.9782,0.97773,0.97792,632,16,0
2022-05-02 21:30:00,0.97792,0.97883,0.97789,0.97876,422,16,0
2022-05-02 22:00:00,0.97876,0.97876,0.97772,0.97772,993,16,0
2022-05-02 22:30:00,0.97772,0.97805,0.97726,0.97791,562,16,0
2022-05-02 23:00:00,0.9779,0.97821,0.97773,0.97773,197,19,0
2022-05-02 23:30:00,0.97773,0.97777,0.9774,0.97759,280,21,0
2022-05-03 00:00:00,0.97777,0.97777,0.97774,0.97774,4,84,0
2022-05-03 00:30:00,0.97758,0.97776,0.97758,0.97776,6,93,0
2022-05-03 01:00:00,0.97695,0.97768,0.97695,0.97725,526,20,0
2022-05-03 01:30:00,0.97725,0.97786,0.97714,0.97776,223,16,0
2022-05-03 02:00:00,0.97776,0.97828,0.97773,0.97783,209,17,0
2022-05-03 02:30:00,0.97783,0.97784,0.97749,0.97753,131,16,0
2022-05-03 03:00:00,0.97755,0.97779,0.9773,0.97746,323,16,0
2022-05-03 03:30:00,0.97744,0.97744,0.9765,0.97666,503,16,0
2022-05-03 04:00:00,0.97667,0.97744,0.97664,0.97731,388,16,0
2022-05-03 04:30:00,0.97731,0.97757,0.97696,0.97696,268,18,0
2022-05-03 05:00:00,0.97697,0.97743,0.9766,0.97666,205,16,0
2022-05-03 05:30:00,0.97663,0.97714,0.97653,0.97691,268,17,0
2022-05-03 06:00:00,0.97693,0.97725,0.97691,0.97699,330,16,0
2022-05-03 06:30:00,0.97701,0.97742,0.97696,0.97709,267,16,0
2022-05-03 07:00:00,0.97707,0.97757,0.97707,0.97745,134,16,0
2022-05-03 07:30:00,0.97745,0.97898,0.97706,0.97897,718,16,0
2022-05-03 08:00:00,0.97897,0.97907,0.97783,0.97809,371,16,0
2022-05-03 08:30:00,0.9781,0.97866,0.97796,0.9783,385,16,0
2022-05-03 09:00:00,0.9783,0.97886,0.978,0.97874,762,16,0
2022-05-03 09:30:00,0.97874,0.97874,0.9779,0.97803,742,16,0
2022-05-03 10:00:00,0.97801,0.9786,0.97773,0.97802,1022,16,0
2022-05-03 10:30:00,0.97802,0.97819,0.97727,0.97786,686,16,0
2022-05-03 11:00:00,0.97787,0.97836,0.97728,0.97836,563,16,0
2022-05-03 11:30:00,0.97836,0.97902,0.97832,0.97868,890,16,0
2022-05-03 12:00:00,0.97868,0.9793,0.978,0.97848,869,16,0
2022-05-03 12:30:00,0.97849,0.97856,0.97721,0.97744,749,16,0
2022-05-03 13:00:00,0.97745,0.9776,0.97657,0.97696,728,16,0
2022-05-03 13:30:00,0.97697,0.97729,0.97675,0.97721,460,16,0
2022-05-03 14:00:00,0.9772,0.97728,0.97583,0.9759,583,16,0
2022-05-03 14:30:00,0.97588,0.97595,0.97396,0.97434,1246,16,0
2022-05-03 15:00:00,0.97433,0.97434,0.97243,0.97287,1492,16,0
2022-05-03 15:30:00,0.97286,0.97352,0.97194,0.97346,1207,16,0
2022-05-03 16:00:00,0.97346,0.97377,0.97279,0.97374,789,16,0
2022-05-03 16:30:00,0.97375,0.97554,0.97359,0.97519,1000,16,0
2022-05-03 17:00:00,0.97518,0.9776,0.97514,0.97645,1039,16,0
2022-05-03 17:30:00,0.97641,0.97808,0.97547,0.97803,1799,16,0
2022-05-03 18:00:00,0.97804,0.97904,0.97699,0.97737,1166,16,0
2022-05-03 18:30:00,0.97737,0.97846,0.97718,0.97829,881,16,0
2022-05-03 19:00:00,0.9783,0.97987,0.97829,0.97942,714,16,0
2022-05-03 19:30:00,0.97943,0.97967,0.97896,0.979,1754,16,0
2022-05-03 20:00:00,0.97901,0.97926,0.97776,0.97856,882,16,0
2022-05-03 20:30:00,0.97856,0.97901,0.97842,0.97892,389,16,0
2022-05-03 21:00:00,0.97892,0.97974,0.97883,0.97934,475,16,0
2022-05-03 21:30:00,0.97933,0.97948,0.97828,0.97856,794,16,0
2022-05-03 22:00:00,0.97853,0.97889,0.97825,0.97881,751,16,0
2022-05-03 22:30:00,0.97882,0.97885,0.97811,0.97815,610,16,0
2022-05-03 23:00:00,0.97815,0.97868,0.97811,0.97863,366,18,0
2022-05-03 23:30:00,0.97861,0.9788,0.9786,0.97867,301,22,0
2022-05-04 00:30:00,0.97753,0.97839,0.97753,0.97812,3,147,0
2022-05-04 01:00:00,0.97816,0.97864,0.97814,0.97848,289,20,0
2022-05-04 01:30:00,0.97847,0.97872,0.97846,0.97856,161,18,0
2022-05-04 02:00:00,0.97854,0.97902,0.97846,0.97896,165,16,0
2022-05-04 02:30:00,0.97897,0.97914,0.97866,0.97871,235,18,0
2022-05-04 03:00:00,0.97872,0.97913,0.97815,0.97906,279,16,0
2022-05-04 03:30:00,0.97906,0.97927,0.97862,0.97883,264,16,0
2022-05-04 04:00:00,0.97882,0.97946,0.97875,0.97877,323,17,0
2022-05-04 04:30:00,0.97878,0.97894,0.9784,0.97886,322,16,0
2022-05-04 05:00:00,0.97885,0.97926,0.97877,0.97894,404,16,0
2022-05-04 05:30:00,0.97895,0.97946,0.97879,0.9794,350,16,0
2022-05-04 06:00:00,0.97939,0.97958,0.97914,0.97942,399,16,0
2022-05-04 06:30:00,0.97939,0.9797,0.97929,0.97951,384,16,0
2022-05-04 07:00:00,0.97954,0.97984,0.97942,0.97979,316,16,0
2022-05-04 07:30:00,0.9798,0.97983,0.97945,0.97964,454,16,0
2022-05-04 08:00:00,0.97965,0.97985,0.97927,0.97934,447,16,0
2022-05-04 08:30:00,0.97934,0.97934,0.97901,0.97914,304,16,0
2022-05-04 09:00:00,0.97913,0.97939,0.97834,0.97869,552,16,0
2022-05-04 09:30:00,0.97872,0.97893,0.97841,0.97849,472,16,0
2022-05-04 10:00:00,0.97849,0.97953,0.97802,0.97946,892,16,0
2022-05-04 10:30:00,0.97945,0.97985,0.97925,0.97961,661,16,0
2022-05-04 11:00:00,0.97961,0.98019,0.97959,0.97994,723,16,0
2022-05-04 11:30:00,0.97997,0.98052,0.97953,0.98051,535,16,0
2022-05-04 12:00:00,0.98054,0.98054,0.97968,0.97973,572,16,0
2022-05-04 12:30:00,0.97972,0.98099,0.97962,0.98076,409,16,0
2022-05-04 13:00:00,0.98076,0.98163,0.98063,0.98152,566,16,0
2022-05-04 13:30:00,0.98151,0.98177,0.9813,0.98141,650,16,0
2022-05-04 14:00:00,0.98142,0.98151,0.98018,0.98031,645,16,0
2022-05-04 14:30:00,0.98031,0.98039,0.97962,0.97994,656,16,0
2022-05-04 15:00:00,0.97995,0.98065,0.97991,0.97994,864,16,0
2022-05-04 15:30:00,0.97994,0.98016,0.97901,0.97999,908,16,0
2022-05-04 16:00:00,0.98,0.98121,0.97992,0.9812,673,16,0
2022-05-04 16:30:00,0.98122,0.98266,0.9812,0.98225,1853,16,0
2022-05-04 17:00:00,0.98226,0.98348,0.98203,0.98318,1730,16,0
2022-05-04 17:30:00,0.98323,0.9838,0.9822,0.98269,1155,16,0
2022-05-04 18:00:00,0.98269,0.9828,0.98172,0.98196,721,16,0
2022-05-04 18:30:00,0.98197,0.98331,0.98176,0.98285,621,16,0
2022-05-04 19:00:00,0.98285,0.9834,0.9828,0.9832,478,16,0
2022-05-04 19:30:00,0.9832,0.98356,0.98292,0.98321,495,16,0
2022-05-04 20:00:00,0.98319,0.98364,0.98275,0.98345,469,16,0
2022-05-04 20:30:00,0.98344,0.9845,0.98299,0.98304,736,16,0
2022-05-04 21:00:00,0.98305,0.98366,0.97957,0.98159,3741,16,0
2022-05-04 21:30:00,0.98159,0.98514,0.97312,0.97431,8788,16,0
2022-05-04 22:00:00,0.9743,0.97688,0.97317,0.9733,6100,16,0
2022-05-04 22:30:00,0.97331,0.97387,0.9723,0.97286,3455,16,0
2022-05-04 23:00:00,0.97286,0.97374,0.97202,0.97215,1238,16,0
2022-05-04 23:30:00,0.97216,0.97254,0.97196,0.97205,399,21,0
2022-05-05 00:00:00,0.97196,0.97238,0.97191,0.97238,82,38,0
2022-05-05 00:30:00,0.97297,0.97297,0.97254,0.97254,2,170,0
2022-05-05 01:00:00,0.97284,0.97397,0.97212,0.97393,564,16,0
2022-05-05 01:30:00,0.97393,0.97454,0.97359,0.97449,613,16,0
2022-05-05 02:00:00,0.97449,0.97474,0.9739,0.97399,504,16,0
2022-05-05 02:30:00,0.974,0.97404,0.97282,0.97324,439,16,0
2022-05-05 03:00:00,0.97321,0.9738,0.97255,0.97369,1291,16,0
2022-05-05 03:30:00,0.9737,0.9741,0.97317,0.97319,815,16,0
2022-05-05 04:00:00,0.97319,0.97358,0.97201,0.97203,1134,16,0
2022-05-05 04:30:00,0.97203,0.9724,0.97115,0.97166,1124,16,0
2022-05-05 05:00:00,0.97165,0.97211,0.97134,0.97182,859,16,0
2022-05-05 05:30:00,0.97181,0.97201,0.97087,0.972,498,16,0
2022-05-05 06:00:00,0.972,0.97246,0.972,0.97229,443,17,0
2022-05-05 06:30:00,0.97228,0.97282,0.97189,0.97266,463,16,0
2022-05-05 07:00:00,0.97266,0.9732,0.97254,0.97319,545,16,0
2022-05-05 07:30:00,0.97319,0.97325,0.97262,0.97301,478,16,0
2022-05-05 08:00:00,0.97301,0.97342,0.97261,0.9729,507,16,0
2022-05-05 08:30:00,0.9729,0.97419,0.97277,0.97407,547,16,0
2022-05-05 09:00:00,0.97408,0.97529,0.9732,0.97493,1398,16,0
2022-05-05 09:30:00,0.97492,0.97616,0.9749,0.97556,1126,16,0
2022-05-05 10:00:00,0.97552,0.97772,0.97469,0.97763,1652,16,0
2022-05-05 10:30:00,0.97761,0.97763,0.97577,0.97656,1601,16,0
2022-05-05 11:00:00,0.97655,0.97831,0.97648,0.9781,1228,16,0
2022-05-05 11:30:00,0.97812,0.9798,0.97794,0.97816,1370,16,0
2022-05-05 12:00:00,0.97818,0.97859,0.97721,0.97749,1122,16,0
2022-05-05 12:30:00,0.97746,0.97809,0.97707,0.97732,1053,16,0
2022-05-05 13:00:00,0.97732,0.9776,0.9753,0.97541,999,16,0
2022-05-05 13:30:00,0.97541,0.97742,0.97527,0.97701,776,16,0
2022-05-05 14:00:00,0.97699,0.97984,0.97662,0.97962,1964,16,0
2022-05-05 14:30:00,0.97961,0.98125,0.9794,0.98118,2017,16,0
2022-05-05 15:00:00,0.98117,0.98117,0.97937,0.97994,1708,16,0
2022-05-05 15:30:00,0.98,0.98264,0.97972,0.98245,1905,16,0
2022-05-05 16:00:00,0.98244,0.98294,0.98154,0.98251,1979,16,0
2022-05-05 16:30:00,0.9825,0.98434,0.98249,0.98316,1893,16,0
2022-05-05 17:00:00,0.98317,0.98521,0.98305,0.9849,2620,16,0
2022-05-05 17:30:00,0.98489,0.98624,0.98446,0.98487,2157,16,0
2022-05-05 18:00:00,0.98489,0.9873,0.98477,0.98716,2284,16,0
2022-05-05 18:30:00,0.98717,0.98772,0.98585,0.98741,1768,16,0
2022-05-05 19:00:00,0.98741,0.98873,0.98734,0.98786,1668,16,0
2022-05-05 19:30:00,0.98787,0.98814,0.98701,0.98751,1070,16,0
2022-05-05 20:00:00,0.9875,0.98809,0.98609,0.98804,1323,16,0
2022-05-05 20:30:00,0.98806,0.98883,0.98806,0.98845,815,16,0
2022-05-05 21:00:00,0.98844,0.9889,0.98774,0.98853,811,16,0
2022-05-05 21:30:00,0.98854,0.98861,0.98761,0.98773,779,16,0
2022-05-05 22:00:00,0.98773,0.98773,0.98601,0.98602,1052,16,0
2022-05-05 22:30:00,0.98603,0.98639,0.98447,0.98451,1136,16,0
2022-05-05 23:00:00,0.98452,0.98521,0.98451,0.98488,350,19,0
2022-05-05 23:30:00,0.98489,0.98526,0.98444,0.98444,317,21,0
2022-05-06 00:00:00,0.98414,0.98414,0.98414,0.98414,1,148,0
2022-05-06 00:30:00,0.98433,0.98466,0.98433,0.98466,2,89,0
2022-05-06 01:00:00,0.98451,0.985,0.98433,0.98474,495,16,0
2022-05-06 01:30:00,0.98473,0.98482,0.98405,0.98417,502,16,0
2022-05-06 02:00:00,0.98417,0.98521,0.98411,0.98485,839,16,0
2022-05-06 02:30:00,0.98485,0.98547,0.98472,0.98518,666,16,0
2022-05-06 03:00:00,0.98518,0.98568,0.9845,0.98507,955,16,0
2022-05-06 03:30:00,0.98506,0.98595,0.98506,0.98547,858,16,0
2022-05-06 04:00:00,0.98546,0.98755,0.98541,0.98665,1321,16,0
2022-05-06 04:30:00,0.98666,0.98831,0.98665,0.98733,1754,16,0
2022-05-06 05:00:00,0.98732,0.98797,0.98693,0.98753,792,16,0
2022-05-06 05:30:00,0.98752,0.98765,0.98647,0.98676,655,16,0
2022-05-06 06:00:00,0.98674,0.98677,0.98571,0.98583,525,16,0
2022-05-06 06:30:00,0.98582,0.98614,0.98539,0.98609,564,16,0
2022-05-06 07:00:00,0.98608,0.98661,0.98585,0.9862,395,16,0
2022-05-06 07:30:00,0.98621,0.98653,0.98604,0.98631,256,16,0
2022-05-06 08:00:00,0.9863,0.98699,0.98625,0.98653,385,16,0
2022-05-06 08:30:00,0.98655,0.98763,0.98651,0.98737,513,16,0
2022-05-06 09:00:00,0.98734,0.98797,0.9864,0.9871,1001,16,0
2022-05-06 09:30:00,0.98709,0.98793,0.98566,0.98766,1388,16,0
2022-05-06 10:00:00,0.98766,0.98766,0.98334,0.98411,2190,16,0
2022-05-06 10:30:00,0.98405,0.98641,0.98385,0.98599,2238,16,0
2022-05-06 11:00:00,0.986,0.98664,0.98457,0.9847,2481,16,0
2022-05-06 11:30:00,0.98471,0.9853,0.98303,0.98447,2296,16,0
2022-05-06 12:00:00,0.98446,0.98549,0.98384,0.98444,1681,16,0
2022-05-06 12:30:00,0.98443,0.98503,0.98337,0.98439,1225,16,0
2022-05-06 13:00:00,0.98439,0.98455,0.98384,0.98388,854,16,0
2022-05-06 13:30:00,0.98387,0.98445,0.98287,0.98326,1065,16,0
2022-05-06 14:00:00,0.98326,0.9835,0.98275,0.98294,856,16,0
2022-05-06 14:30:00,0.98295,0.98594,0.98295,0.98582,1232,16,0
2022-05-06 15:00:00,0.98582,0.98661,0.98484,0.9851,1259,16,0
2022-05-06 15:30:00,0.98512,0.98788,0.9828,0.98677,3265,16,0
2022-05-06 16:00:00,0.98676,0.98702,0.98546,0.98641,2275,16,0
2022-05-06 16:30:00,0.98641,0.98869,0.9859,0.9882,3105,16,0
2022-05-06 17:00:00,0.98819,0.98841,0.98437,0.98498,2649,16,0
2022-05-06 17:30:00,0.98498,0.98719,0.98447,0.98512,2804,16,0
2022-05-06 18:00:00,0.98509,0.98538,0.98267,0.98268,1962,16,0
2022-05-06 18:30:00,0.98264,0.98576,0.98264,0.98574,1263,16,0
2022-05-06 19:00:00,0.98571,0.98586,0.98502,0.98523,627,16,0
2022-05-06 19:30:00,0.98523,0.9864,0.98504,0.9864,900,16,0
2022-05-06 20:00:00,0.98639,0.98708,0.98592,0.98684,751,16,0
2022-05-06 20:30:00,0.98684,0.98822,0.98683,0.98822,1038,16,0
2022-05-06 21:00:00,0.98823,0.98843,0.9875,0.9877,888,16,0
2022-05-06 21:30:00,0.98769,0.98847,0.98756,0.98818,1891,16,0
2022-05-06 22:00:00,0.98816,0.98913,0.9881,0.98861,1015,16,0
2022-05-06 22:30:00,0.98861,0.98867,0.98729,0.98824,729,16,0
2022-05-06 23:00:00,0.98826,0.98861,0.98808,0.98827,390,21,0
2022-05-06 23:30:00,0.98828,0.9886,0.98792,0.98836,538,21,0
2022-05-09 00:00:00,0.98666,0.98666,0.98666,0.98666,1,170,0
2022-05-09 00:30:00,0.98698,0.98698,0.98698,0.98698,1,170,0
2022-05-09 01:00:00,0.98775,0.98913,0.98775,0.98873,898,19,0
2022-05-09 01:30:00,0.98872,0.98878,0.98839,0.9886,857,17,0
2022-05-09 02:00:00,0.98861,0.98934,0.98851,0.9891,828,16,0
2022-05-09 02:30:00,0.98911,0.98933,0.98859,0.98904,722,16,0
2022-05-09 03:00:00,0.98903,0.98984,0.98887,0.98965,983,16,0
2022-05-09 03:30:00,0.98965,0.9907,0.98958,0.99054,948,16,0
2022-05-09 04:00:00,0.99053,0.99083,0.98996,0.99081,1394,16,0
2022-05-09 04:30:00,0.9908,0.99094,0.98982,0.98998,883,16,0
2022-05-09 05:00:00,0.99,0.99081,0.99,0.99038,1427,16,0
2022-05-09 05:30:00,0.99038,0.99146,0.99013,0.99128,821,16,0
2022-05-09 06:00:00,0.99129,0.99133,0.99079,0.99097,632,16,0
2022-05-09 06:30:00,0.99099,0.99177,0.99062,0.99124,482,16,0
2022-05-09 07:00:00,0.99126,0.99167,0.99081,0.99092,572,16,0
2022-05-09 07:30:00,0.99093,0.9922,0.99089,0.99208,347,16,0
2022-05-09 08:00:00,0.99208,0.99312,0.99208,0.99284,535,16,0
2022-05-09 08:30:00,0.99284,0.99349,0.99157,0.99344,946,16,0
2022-05-09 09:00:00,0.99347,0.99448,0.99267,0.99278,1316,16,0
2022-05-09 09:30:00,0.99279,0.9941,0.99262,0.99353,1116,16,0
2022-05-09 10:00:00,0.99357,0.99432,0.99224,0.99324,2168,16,0
2022-05-09 10:30:00,0.99323,0.99446,0.99302,0.99308,1819,16,0
2022-05-09 11:00:00,0.99308,0.99394,0.99215,0.99226,1380,16,0
2022-05-09 11:30:00,0.99227,0.99372,0.99226,0.99355,1329,16,0
2022-05-09 12:00:00,0.99355,0.99383,0.99204,0.99266,1160,16,0
2022-05-09 12:30:00,0.99265,0.99281,0.99138,0.99148,1087,16,0
2022-05-09 13:00:00,0.99148,0.99207,0.99086,0.99122,1047,16,0
2022-05-09 13:30:00,0.99121,0.99268,0.99102,0.99265,1306,16,0
2022-05-09 14:00:00,0.99265,0.99348,0.9921,0.99246,1151,16,0
2022-05-09 14:30:00,0.99246,0.99255,0.99138,0.99253,1239,16,0
2022-05-09 15:00:00,0.99262,0.99267,0.98949,0.98964,2332,16,0
2022-05-09 15:30:00,0.98965,0.99021,0.98922,0.99003,1085,16,0
2022-05-09 16:00:00,0.99004,0.9914,0.98974,0.99097,1225,16,0
2022-05-09 16:30:00,0.99096,0.99376,0.99092,0.99355,1914,16,0
2022-05-09 17:00:00,0.9935,0.99485,0.99343,0.99483,1250,16,0
2022-05-09 17:30:00,0.99484,0.99647,0.99478,0.99644,1754,16,0
2022-05-09 18:00:00,0.9964,0.99647,0.99429,0.99443,1185,16,0
2022-05-09 18:30:00,0.99443,0.99484,0.99215,0.99286,1344,16,0
2022-05-09 19:00:00,0.99286,0.99306,0.99039,0.99054,1315,16,0
2022-05-09 19:30:00,0.99055,0.99209,0.99039,0.99208,909,16,0
2022-05-09 20:00:00,0.99209,0.99347,0.992,0.99303,679,16,0
2022-05-09 20:30:00,0.99303,0.99396,0.99256,0.99312,820,16,0
2022-05-09 21:00:00,0.99313,0.99356,0.99249,0.99353,619,16,0
2022-05-09 21:30:00,0.99354,0.99377,0.99276,0.99278,740,16,0
2022-05-09 22:00:00,0.99278,0.99314,0.99207,0.99289,1097,16,0
2022-05-09 22:30:00,0.9929,0.993,0.99245,0.99282,625,16,0
2022-05-09 23:00:00,0.99281,0.99345,0.99277,0.99292,343,18,0
2022-05-09 23:30:00,0.99294,0.99385,0.99292,0.99366,335,21,0
2022-05-10 00:00:00,0.99366,0.99373,0.9935,0.99367,43,33,0
2022-05-10 00:30:00,0.99358,0.99358,0.99312,0.99312,4,48,0
2022-05-10 01:00:00,0.99318,0.99367,0.99317,0.9935,281,16,0
2022-05-10 01:30:00,0.9935,0.9937,0.99337,0.99356,223,16,0
2022-05-10 02:00:00,0.99358,0.99361,0.99308,0.99315,262,16,0
2022-05-10 02:30:00,0.99315,0.99321,0.99264,0.99297,375,16,0
2022-05-10 03:00:00,0.99297,0.99354,0.99249,0.99276,1385,16,0
2022-05-10 03:30:00,0.99275,0.99294,0.99212,0.99265,932,16,0
2022-05-10 04:00:00,0.99265,0.99286,0.99181,0.99224,1082,16,0
2022-05-10 04:30:00,0.99224,0.99267,0.99205,0.99231,993,16,0
2022-05-10 05:00:00,0.99226,0.99281,0.99154,0.99158,964,16,0
2022-05-10 05:30:00,0.99156,0.99183,0.99131,0.99157,639,16,0
2022-05-10 06:00:00,0.99157,0.99182,0.99142,0.99177,457,16,0
2022-05-10 06:30:00,0.99175,0.9918,0.99127,0.99134,463,16,0
2022-05-10 07:00:00,0.99135,0.99171,0.99115,0.99167,311,16,0
2022-05-10 07:30:00,0.99166,0.99175,0.99111,0.9916,318,16,0
2022-05-10 08:00:00,0.99159,0.99176,0.9913,0.99152,833,16,0
2022-05-10 08:30:00,0.99152,0.99171,0.99087,0.99141,999,16,0
2022-05-10 09:00:00,0.99142,0.99186,0.9909,0.99184,1261,16,0
2022-05-10 09:30:00,0.99184,0.99249,0.99153,0.99224,1108,16,0
2022-05-10 10:00:00,0.99225,0.99335,0.99193,0.99227,1502,16,0
2022-05-10 10:30:00,0.99226,0.99328,0.99205,0.99326,1643,16,0
2022-05-10 11:00:00,0.99325,0.99342,0.99251,0.99315,1105,16,0
2022-05-10 11:30:00,0.9931,0.99386,0.99247,0.99317,1382,16,0
2022-05-10 12:00:00,0.99315,0.9947,0.9931,0.99457,1109,16,0
2022-05-10 12:30:00,0.9946,0.99709,0.99413,0.99692,1327,16,0
2022-05-10 13:00:00,0.99695,0.99741,0.99659,0.99674,1034,16,0
2022-05-10 13:30:00,0.99675,0.99725,0.99597,0.99607,1068,16,0
2022-05-10 14:00:00,0.99607,0.99607,0.99381,0.99391,853,16,0
2022-05-10 14:30:00,0.99392,0.99394,0.99269,0.99331,1110,16,0
2022-05-10 15:00:00,0.9933,0.99374,0.99223,0.99251,1680,16,0
2022-05-10 15:30:00,0.9925,0.99262,0.99063,0.99112,1476,16,0
2022-05-10 16:00:00,0.99112,0.99269,0.99048,0.99218,1489,16,0
2022-05-10 16:30:00,0.99216,0.99269,0.99137,0.99243,1331,16,0
2022-05-10 17:00:00,0.99245,0.99348,0.99199,0.99319,1935,16,0
2022-05-10 17:30:00,0.99319,0.99449,0.99302,0.9934,1811,16,0
2022-05-10 18:00:00,0.9934,0.99525,0.99327,0.99477,1675,16,0
2022-05-10 18:30:00,0.99477,0.99523,0.9938,0.9949,1445,16,0
2022-05-10 19:00:00,0.9949,0.99532,0.99388,0.99441,1456,16,0
2022-05-10 19:30:00,0.99441,0.99509,0.99394,0.99506,768,16,0
2022-05-10 20:00:00,0.99506,0.99637,0.99476,0.996,1011,16,0
2022-05-10 20:30:00,0.99603,0.99623,0.99458,0.99474,701,16,0
2022-05-10 21:00:00,0.99474,0.99521,0.99462,0.99517,427,16,0
2022-05-10 21:30:00,0.99518,0.99544,0.99484,0.99525,517,16,0
2022-05-10 22:00:00,0.99523,0.99531,0.99463,0.99526,551,16,0
2022-05-10 22:30:00,0.99526,0.99607,0.99508,0.99509,505,16,0
2022-05-10 23:00:00,0.9951,0.99567,0.99491,0.99532,234,17,0
2022-05-10 23:30:00,0.99531,0.99592,0.99528,0.9953,288,21,0
2022-05-11 00:00:00,0.9953,0.99532,0.99515,0.99532,5,135,0
2022-05-11 00:30:00,0.99496,0.99512,0.99465,0.99512,6,170,0
2022-05-11 01:00:00,0.9957,0.99575,0.99553,0.99563,177,21,0
2022-05-11 01:30:00,0.99564,0.99565,0.99539,0.99558,177,16,0
2022-05-11 02:00:00,0.99556,0.99587,0.99553,0.99556,300,16,0
2022-05-11 02:30:00,0.99555,0.99606,0.99553,0.99587,356,16,0
2022-05-11 03:00:00,0.99588,0.99631,0.99542,0.99576,464,16,0
2022-05-11 03:30:00,0.99578,0.99581,0.99526,0.99562,554,16,0
2022-05-11 04:00:00,0.99561,0.99579,0.99533,0.99543,625,17,0
2022-05-11 04:30:00,0.99543,0.99573,0.99513,0.99525,718,16,0
2022-05-11 05:00:00,0.99526,0.99549,0.99495,0.99531,460,16,0
2022-05-11 05:30:00,0.99531,0.99579,0.99509,0.99552,464,16,0
2022-05-11 06:00:00,0.99552,0.99576,0.99519,0.99524,374,16,0
2022-05-11 06:30:00,0.99525,0.99565,0.99525,0.99545,630,18,0
2022-05-11 07:00:00,0.99546,0.99547,0.995,0.99515,679,16,0
2022-05-11 07:30:00,0.99514,0.99515,0.99446,0.99455,440,16,0
2022-05-11 08:00:00,0.99455,0.99511,0.99401,0.99418,709,16,0
2022-05-11 08:30:00,0.99417,0.99478,0.99374,0.9944,791,16,0
2022-05-11 09:00:00,0.9944,0.99482,0.99401,0.99427,1047,17,0
2022-05-11 09:30:00,0.99428,0.99498,0.99316,0.99363,2075,16,0
2022-05-11 10:00:00,0.99364,0.99377,0.99215,0.99272,2130,16,0
2022-05-11 10:30:00,0.99271,0.99285,0.99139,0.99191,1819,16,0
2022-05-11 11:00:00,0.9919,0.99216,0.99014,0.99057,1896,16,0
2022-05-11 11:30:00,0.99058,0.99113,0.98763,0.98851,1514,16,0
2022-05-11 12:00:00,0.98851,0.98882,0.98711,0.98847,1428,16,0
2022-05-11 12:30:00,0.98846,0.98948,0.98798,0.98807,879,16,0
2022-05-11 13:00:00,0.98807,0.98928,0.98794,0.98906,826,16,0
2022-05-11 13:30:00,0.98906,0.99041,0.98866,0.99015,754,16,0
2022-05-11 14:00:00,0.99015,0.99044,0.98899,0.98928,1349,16,0
2022-05-11 14:30:00,0.98926,0.99006,0.98902,0.99003,1165,16,0
2022-05-11 15:00:00,0.99002,0.9903,0.98931,0.98976,1190,16,0
2022-05-11 15:30:00,0.98975,0.99611,0.98975,0.99543,6410,16,0
2022-05-11 16:00:00,0.99552,0.99574,0.99051,0.99059,4131,16,0
2022-05-11 16:30:00,0.99059,0.99078,0.9873,0.9882,4054,16,0
2022-05-11 17:00:00,0.9882,0.9906,0.98724,0.98942,2999,16,0
2022-05-11 17:30:00,0.98941,0.99077,0.98856,0.99065,3214,16,0
2022-05-11 18:00:00,0.99066,0.99147,0.99043,0.99089,2353,16,0
2022-05-11 18:30:00,0.9909,0.99118,0.98933,0.99062,1678,16,0
2022-05-11 19:00:00,0.99063,0.9914,0.99039,0.99114,1756,16,0
2022-05-11 19:30:00,0.99113,0.99175,0.99045,0.99172,2135,16,0
2022-05-11 20:00:00,0.99171,0.99222,0.99124,0.99202,1839,16,0
2022-05-11 20:30:00,0.99203,0.99323,0.99196,0.9931,1506,16,0
2022-05-11 21:00:00,0.9931,0.99311,0.99215,0.99289,1879,16,0
2022-05-11 21:30:00,0.99288,0.99321,0.99225,0.99282,1658,16,0
2022-05-11 22:00:00,0.99286,0.99429,0.99276,0.99345,2381,16,0
2022-05-11 22:30:00,0.9935,0.99415,0.99349,0.99409,1057,16,0
2022-05-11 23:00:00,0.99409,0.9944,0.99382,0.99423,660,18,0
2022-05-11 23:30:00,0.99424,0.99433,0.99346,0.99399,337,21,0
2022-05-12 00:00:00,0.99401,0.9941,0.99376,0.99376,41,60,0
2022-05-12 00:30:00,0.99306,0.99306,0.99306,0.99306,1,170,0
2022-05-12 01:00:00,0.99303,0.99469,0.99303,0.99466,494,16,0
2022-05-12 01:30:00,0.99463,0.99463,0.99392,0.99394,237,23,0
2022-05-12 02:00:00,0.99394,0.99409,0.99376,0.99407,403,17,0
2022-05-12 02:30:00,0.99406,0.99451,0.99393,0.99446,293,17,0
2022-05-12 03:00:00,0.99448,0.99505,0.9942,0.99435,1027,16,0
2022-05-12 03:30:00,0.99438,0.99489,0.99314,0.99407,1069,16,0
2022-05-12 04:00:00,0.9941,0.99464,0.99393,0.99412,926,16,0
2022-05-12 04:30:00,0.99411,0.99421,0.99374,0.99401,854,16,0
2022-05-12 05:00:00,0.994,0.99418,0.99381,0.99399,779,16,0
2022-05-12 05:30:00,0.99399,0.99529,0.99397,0.99503,903,16,0
2022-05-12 06:00:00,0.99501,0.99513,0.99458,0.99467,611,16,0
2022-05-12 06:30:00,0.99475,0.99518,0.99466,0.99515,359,16,0
2022-05-12 07:00:00,0.99515,0.99526,0.99493,0.99515,570,17,0
2022-05-12 07:30:00,0.99515,0.99582,0.99501,0.99576,404,16,0
2022-05-12 08:00:00,0.99575,0.99644,0.99566,0.99623,613,16,0
2022-05-12 08:30:00,0.99621,0.99654,0.99533,0.99581,1098,16,0
2022-05-12 09:00:00,0.99579,0.9966,0.99499,0.99571,1482,16,0
2022-05-12 09:30:00,0.9957,0.9957,0.99311,0.994,1499,16,0
2022-05-12 10:00:00,0.99399,0.99676,0.99398,0.99572,3532,16,0
2022-05-12 10:30:00,0.99566,0.99606,0.99402,0.99548,2334,16,0
2022-05-12 11:00:00,0.99549,0.99645,0.99474,0.99576,1778,16,0
2022-05-12 11:30:00,0.99578,0.99649,0.99551,0.99643,1044,16,0
2022-05-12 12:00:00,0.99642,0.99688,0.99542,0.99568,1229,16,0
2022-05-12 12:30:00,0.99566,0.99631,0.9952,0.99568,1582,16,0
2022-05-12 13:00:00,0.99568,0.99599,0.99507,0.99546,1011,16,0
2022-05-12 13:30:00,0.99545,0.9966,0.99532,0.99614,971,16,0
2022-05-12 14:00:00,0.99615,0.997,0.9956,0.99684,1373,16,0
2022-05-12 14:30:00,0.99683,0.99738,0.99607,0.99709,1901,16,0
2022-05-12 15:00:00,0.99708,0.9975,0.99642,0.99714,1304,16,0
2022-05-12 15:30:00,0.99717,0.99719,0.99457,0.99665,2333,16,0
2022-05-12 16:00:00,0.99666,0.99861,0.99586,0.99856,1978,16,0
2022-05-12 16:30:00,0.99856,0.99985,0.99803,0.9998,3626,16,0
2022-05-12 17:00:00,0.99979,1.00008,0.99893,1.00002,2641,16,0
2022-05-12 17:30:00,1.00004,1.00005,0.99821,0.99836,1903,16,0
2022-05-12 18:00:00,0.99836,0.99872,0.99731,0.99838,1356,16,0
2022-05-12 18:30:00,0.9984,1.00043,0.9983,1.00037,1416,16,0
2022-05-12 19:00:00,1.00036,1.0008,0.99974,1.00028,1930,16,0
2022-05-12 19:30:00,1.00028,1.00364,0.99987,1.00356,1761,15,0
2022-05-12 20:00:00,1.00356,1.0044,1.00332,1.0042,1829,16,0
2022-05-12 20:30:00,1.0042,1.00483,1.00373,1.00379,986,16,0
2022-05-12 21:00:00,1.00381,1.00438,1.00315,1.00429,1285,16,0
2022-05-12 21:30:00,1.00429,1.00465,1.00411,1.00437,1074,16,0
2022-05-12 22:00:00,1.00437,1.0045,1.00363,1.00412,1066,16,0
2022-05-12 22:30:00,1.00412,1.00421,1.00341,1.0041,1289,16,0
2022-05-12 23:00:00,1.00411,1.00424,1.00352,1.00399,428,18,0
2022-05-12 23:30:00,1.00399,1.004,1.00273,1.00284,540,21,0
2022-05-13 00:30:00,1.00297,1.00297,1.00228,1.00228,3,168,0
2022-05-13 01:00:00,1.00244,1.00311,1.00244,1.00279,672,17,0
2022-05-13 01:30:00,1.00278,1.00321,1.00276,1.00315,533,16,0
2022-05-13 02:00:00,1.00316,1.0034,1.00301,1.00326,418,18,0
2022-05-13 02:30:00,1.00325,1.00334,1.0028,1.00321,542,17,0
2022-05-13 03:00:00,1.00323,1.00346,1.00247,1.00261,749,16,0
2022-05-13 03:30:00,1.0026,1.00313,1.00231,1.00274,784,16,0
2022-05-13 04:00:00,1.00274,1.00337,1.00256,1.00326,1483,16,0
2022-05-13 04:30:00,1.00327,1.00406,1.00308,1.00403,1138,16,0
2022-05-13 05:00:00,1.00402,1.00402,1.00295,1.00311,934,17,0
2022-05-13 05:30:00,1.00312,1.00316,1.00203,1.00213,994,16,0
2022-05-13 06:00:00,1.00214,1.00243,1.00162,1.00204,903,16,0
2022-05-13 06:30:00,1.00205,1.00271,1.00202,1.0025,796,16,0
2022-05-13 07:00:00,1.00251,1.00252,1.00208,1.0021,545,17,0
2022-05-13 07:30:00,1.0021,1.00255,1.00208,1.00245,580,16,0
2022-05-13 08:00:00,1.00244,1.00292,1.00212,1.00255,508,16,0
2022-05-13 08:30:00,1.00255,1.00268,1.00206,1.00252,704,16,0
2022-05-13 09:00:00,1.00251,1.0029,1.00192,1.00244,1425,16,0
2022-05-13 09:30:00,1.00243,1.00277,1.00151,1.00224,1455,16,0
2022-05-13 10:00:00,1.00224,1.00293,1.00025,1.00042,2203,16,0
2022-05-13 10:30:00,1.00043,1.00083,0.99986,1.00031,2428,16,0
2022-05-13 11:00:00,1.00033,1.0006,1.00007,1.00008,1150,16,0
2022-05-13 11:30:00,1.00008,1.00061,0.99929,1.00009,1232,16,0
2022-05-13 12:00:00,1.00007,1.00072,0.99963,1.00057,1316,16,0
2022-05-13 12:30:00,1.00059,1.00165,1.0003,1.00114,1323,16,0
2022-05-13 13:00:00,1.00115,1.0012,1.00011,1.00011,1029,16,0
2022-05-13 13:30:00,1.0001,1.00053,0.99935,0.9995,1398,16,0
2022-05-13 14:00:00,0.9995,1.00002,0.99911,0.99999,1065,16,0
2022-05-13 14:30:00,1.0,1.0,0.99942,0.99984,806,16,0
2022-05-13 15:00:00,0.99982,1.0014,0.99915,1.00116,1315,16,0
2022-05-13 15:30:00,1.00117,1.00131,1.00037,1.00131,1328,16,0
2022-05-13 16:00:00,1.00132,1.00402,1.00064,1.004,1784,16,0
2022-05-13 16:30:00,1.00399,1.00461,1.00279,1.0032,2538,16,0
2022-05-13 17:00:00,1.00318,1.00407,1.00158,1.00193,3181,16,0
2022-05-13 17:30:00,1.00194,1.00236,1.00086,1.00187,2045,16,0
2022-05-13 18:00:00,1.00184,1.00201,1.00056,1.00063,1528,16,0
2022-05-13 18:30:00,1.00062,1.00158,1.00035,1.00127,1103,16,0
2022-05-13 19:00:00,1.00128,1.00178,1.00114,1.00175,907,16,0
2022-05-13 19:30:00,1.00175,1.00207,1.00109,1.00198,873,16,0
2022-05-13 20:00:00,1.00197,1.00204,1.0015,1.00199,833,16,0
2022-05-13 20:30:00,1.00201,1.00281,1.00184,1.00271,755,16,0
2022-05-13 21:00:00,1.00271,1.0034,1.00262,1.00313,945,16,0
2022-05-13 21:30:00,1.00311,1.00312,1.00257,1.0028,966,16,0
2022-05-13 22:00:00,1.00278,1.00279,1.00239,1.00273,516,16,0
2022-05-13 22:30:00,1.00274,1.00294,1.00254,1.00262,532,16,0
2022-05-13 23:00:00,1.00263,1.00291,1.00236,1.00285,259,17,0
2022-05-13 23:30:00,1.00284,1.00286,1.00131,1.00138,534,21,0
2022-05-16 00:00:00,1.00138,1.00138,1.00056,1.00121,3,170,0
2022-05-16 00:30:00,1.00134,1.00134,1.00134,1.00134,1,170,0
2022-05-16 01:00:00,1.0015,1.00237,1.00147,1.00224,478,35,0
2022-05-16 01:30:00,1.00223,1.00268,1.00162,1.00214,592,16,0
2022-05-16 02:00:00,1.00214,1.00286,1.00208,1.00274,327,22,0
2022-05-16 02:30:00,1.00285,1.00297,1.00201,1.00223,711,16,0
2022-05-16 03:00:00,1.0021,1.00303,1.00195,1.0024,510,16,0
2022-05-16 03:30:00,1.0024,1.00284,1.00209,1.00242,635,16,0
2022-05-16 04:00:00,1.00241,1.00258,1.00157,1.00228,715,16,0
2022-05-16 04:30:00,1.0023,1.0028,1.002,1.0023,963,16,0
2022-05-16 05:00:00,1.0023,1.00267,1.00183,1.00238,1491,16,0
2022-05-16 05:30:00,1.00237,1.00306,1.00231,1.00281,1039,16,0
2022-05-16 06:00:00,1.00275,1.00321,1.00258,1.00281,873,16,0
2022-05-16 06:30:00,1.0028,1.00309,1.00272,1.00295,605,16,0
2022-05-16 07:00:00,1.00296,1.00308,1.00269,1.00277,474,16,0
2022-05-16 07:30:00,1.00276,1.00307,1.00269,1.003,456,16,0
2022-05-16 08:00:00,1.00299,1.003,1.00253,1.00265,989,16,0
2022-05-16 08:30:00,1.00266,1.00266,1.00235,1.00263,571,16,0
2022-05-16 09:00:00,1.00259,1.0034,1.00241,1.00324,719,16,0
2022-05-16 09:30:00,1.00325,1.00371,1.00269,1.00274,906,16,0
2022-05-16 10:00:00,1.00273,1.00351,1.00217,1.00247,1543,16,0
2022-05-16 10:30:00,1.00248,1.00576,1.00229,1.00569,1523,16,0
2022-05-16 11:00:00,1.00567,1.00569,1.00387,1.0039,1132,16,0
2022-05-16 11:30:00,1.00391,1.00536,1.00381,1.0045,1064,16,0
2022-05-16 12:00:00,1.0045,1.00498,1.00411,1.00438,922,16,0
2022-05-16 12:30:00,1.00438,1.00518,1.00438,1.00492,674,16,0
2022-05-16 13:00:00,1.00492,1.00524,1.00427,1.00464,797,16,0
2022-05-16 13:30:00,1.00466,1.00493,1.00377,1.00391,781,16,0
2022-05-16 14:00:00,1.00392,1.00435,1.0032,1.00382,947,16,0
2022-05-16 14:30:00,1.00383,1.00455,1.00378,1.00445,948,16,0
2022-05-16 15:00:00,1.00446,1.00635,1.00443,1.00573,1110,16,0
2022-05-16 15:30:00,1.00577,1.00577,1.00407,1.00439,1494,16,0
2022-05-16 16:00:00,1.00439,1.00489,1.00373,1.00466,1090,16,0
2022-05-16 16:30:00,1.00466,1.00578,1.00438,1.00556,1492,16,0
2022-05-16 17:00:00,1.00556,1.00602,1.0038,1.00392,1433,16,0
2022-05-16 17:30:00,1.00393,1.00594,1.00388,1.00477,1914,16,0
2022-05-16 18:00:00,1.00477,1.00509,1.00377,1.00378,1281,16,0
2022-05-16 18:30:00,1.00378,1.00383,1.00233,1.00268,892,16,0
2022-05-16 19:00:00,1.00267,1.00353,1.00267,1.00311,491,16,0
2022-05-16 19:30:00,1.00312,1.00322,1.00232,1.00243,486,16,0
2022-05-16 20:00:00,1.00243,1.00329,1.00219,1.00302,415,16,0
2022-05-16 20:30:00,1.00301,1.0032,1.00284,1.00296,335,16,0
2022-05-16 21:00:00,1.00295,1.00321,1.00271,1.00295,485,16,0
2022-05-16 21:30:00,1.00296,1.00296,1.00068,1.00125,951,16,0
2022-05-16 22:00:00,1.00126,1.00179,1.00124,1.00176,679,16,0
2022-05-16 22:30:00,1.00179,1.00237,1.00175,1.00227,702,16,0
2022-05-16 23:00:00,1.00227,1.00265,1.00225,1.00258,517,16,0
2022-05-16 23:30:00,1.00258,1.00258,1.00165,1.00179,332,21,0
2022-05-17 00:00:00,1.00132,1.00132,1.00132,1.00132,1,170,0
2022-05-17 00:30:00,1.00098,1.00125,1.00098,1.00125,3,170,0
2022-05-17 01:00:00,1.00156,1.00178,1.00137,1.00173,289,22,0
2022-05-17 01:30:00,1.00173,1.00209,1.00157,1.00176,328,17,0
2022-05-17 02:00:00,1.00181,1.00216,1.00181,1.00186,211,16,0
2022-05-17 02:30:00,1.00186,1.002,1.00164,1.00191,257,16,0
2022-05-17 03:00:00,1.0019,1.0019,1.00093,1.00127,830,16,0
2022-05-17 03:30:00,1.00127,1.00165,1.00114,1.00159,732,16,0
2022-05-17 04:00:00,1.00157,1.00212,1.00156,1.00203,647,16,0
2022-05-17 04:30:00,1.00203,1.00208,1.00133,1.00138,956,16,0
2022-05-17 05:00:00,1.00136,1.00199,1.00129,1.00186,704,16,0
2022-05-17 05:30:00,1.00187,1.00202,1.0017,1.00191,375,16,0
2022-05-17 06:00:00,1.00191,1.00219,1.00186,1.00211,357,16,0
2022-05-17 06:30:00,1.00212,1.00229,1.00195,1.00201,483,17,0
2022-05-17 07:00:00,1.00201,1.0022,1.00159,1.0019,462,16,0
2022-05-17 07:30:00,1.00191,1.00197,1.00166,1.0017,403,16,0
2022-05-17 08:00:00,1.00169,1.00172,1.00097,1.00127,434,16,0
2022-05-17 08:30:00,1.00127,1.00163,1.00085,1.00117,601,16,0
2022-05-17 09:00:00,1.0012,1.0012,1.00037,1.00079,1303,16,0
2022-05-17 09:30:00,1.00079,1.00086,0.99925,0.99946,1133,16,0
2022-05-17 10:00:00,0.99945,1.00001,0.99927,0.99954,1620,16,0
2022-05-17 10:30:00,0.99951,0.99988,0.99827,0.9983,1543,16,0
2022-05-17 11:00:00,0.9983,0.99845,0.99566,0.99672,1829,16,0
2022-05-17 11:30:00,0.99674,0.99726,0.99614,0.99628,1755,16,0
2022-05-17 12:00:00,0.99627,0.99672,0.9961,0.99645,1553,16,0
2022-05-17 12:30:00,0.99641,0.99732,0.99625,0.99637,912,16,0
2022-05-17 13:00:00,0.99637,0.99655,0.99508,0.99548,1878,16,0
2022-05-17 13:30:00,0.99547,0.99609,0.99538,0.99551,1556,16,0
2022-05-17 14:00:00,0.99552,0.99563,0.99353,0.9936,1556,16,0
2022-05-17 14:30:00,0.99359,0.99386,0.99173,0.99236,1483,16,0
2022-05-17 15:00:00,0.99234,0.99322,0.99193,0.99283,1193,16,0
2022-05-17 15:30:00,0.99274,0.99404,0.99176,0.99218,2104,16,0
2022-05-17 16:00:00,0.99211,0.99384,0.9921,0.99355,1334,16,0
2022-05-17 16:30:00,0.99357,0.99388,0.99292,0.99303,1650,16,0
2022-05-17 17:00:00,0.99302,0.99387,0.99247,0.99262,1846,16,0
2022-05-17 17:30:00,0.99261,0.99368,0.99179,0.99281,2045,16,0
2022-05-17 18:00:00,0.99281,0.99297,0.99209,0.99262,1055,16,0
2022-05-17 18:30:00,0.99261,0.99312,0.99205,0.99312,865,16,0
2022-05-17 19:00:00,0.99313,0.99354,0.99211,0.99235,871,16,0
2022-05-17 19:30:00,0.99236,0.99357,0.99236,0.99339,854,16,0
2022-05-17 20:00:00,0.9934,0.99355,0.99283,0.993,706,16,0
2022-05-17 20:30:00,0.99299,0.99339,0.99273,0.99338,527,16,0
2022-05-17 21:00:00,0.99338,0.99481,0.99234,0.99456,4100,16,0
2022-05-17 21:30:00,0.99455,0.9958,0.99345,0.9938,2073,16,0
2022-05-17 22:00:00,0.99379,0.99453,0.99379,0.99419,919,16,0
2022-05-17 22:30:00,0.9942,0.99428,0.9935,0.99371,1044,16,0
2022-05-17 23:00:00,0.99369,0.99417,0.99341,0.99401,556,17,0
2022-05-17 23:30:00,0.99402,0.99405,0.99318,0.99346,316,23,0
2022-05-18 00:00:00,0.99287,0.99287,0.99279,0.99279,2,144,0
2022-05-18 00:30:00,0.99275,0.99275,0.99275,0.99275,1,134,0
2022-05-18 01:00:00,0.99307,0.99385,0.99307,0.99381,137,23,0
2022-05-18 01:30:00,0.9938,0.99383,0.99343,0.99381,450,19,0
2022-05-18 02:00:00,0.99381,0.99431,0.99372,0.99419,296,18,0
2022-05-18 02:30:00,0.9942,0.9943,0.99355,0.9936,468,17,0
2022-05-18 03:00:00,0.99361,0.99373,0.99255,0.99263,813,16,0
2022-05-18 03:30:00,0.99259,0.99279,0.99228,0.99269,537,16,0
2022-05-18 04:00:00,0.99269,0.9935,0.99268,0.99324,510,16,0
2022-05-18 04:30:00,0.99322,0.99412,0.99318,0.99398,1053,16,0
2022-05-18 05:00:00,0.99399,0.99409,0.99364,0.99383,363,17,0
2022-05-18 05:30:00,0.99383,0.99434,0.9937,0.99418,412,16,0
2022-05-18 06:00:00,0.99417,0.99468,0.99409,0.99464,780,16,0
2022-05-18 06:30:00,0.99465,0.99467,0.99429,0.99433,616,17,0
2022-05-18 07:00:00,0.99434,0.99442,0.99405,0.9944,553,16,0
2022-05-18 07:30:00,0.99439,0.99448,0.99403,0.99441,270,16,0
2022-05-18 08:00:00,0.99443,0.99443,0.99382,0.99412,633,16,0
2022-05-18 08:30:00,0.9941,0.99425,0.99364,0.99374,917,16,0
2022-05-18 09:00:00,0.99365,0.99461,0.99362,0.99444,1073,16,0
2022-05-18 09:30:00,0.99445,0.99557,0.99442,0.99551,972,16,0
2022-05-18 10:00:00,0.99552,0.9966,0.99547,0.99649,1430,16,0
2022-05-18 10:30:00,0.99649,0.99782,0.99611,0.99745,1321,16,0
2022-05-18 11:00:00,0.99744,0.99804,0.99632,0.99723,988,16,0
2022-05-18 11:30:00,0.99717,0.99837,0.99622,0.99727,1406,16,0
2022-05-18 12:00:00,0.99727,0.99727,0.99617,0.99651,1131,16,0
2022-05-18 12:30:00,0.99652,0.99655,0.99574,0.99592,869,16,0
2022-05-18 13:00:00,0.99591,0.99593,0.99538,0.99575,1066,16,0
2022-05-18 13:30:00,0.99574,0.99653,0.99565,0.99646,852,16,0
2022-05-18 14:00:00,0.99645,0.99729,0.99627,0.99724,1010,16,0
2022-05-18 14:30:00,0.99724,0.99767,0.99691,0.99731,1013,16,0
2022-05-18 15:00:00,0.9973,0.99731,0.9964,0.99671,1149,16,0
2022-05-18 15:30:00,0.99671,0.99748,0.99654,0.99704,1225,16,0
2022-05-18 16:00:00,0.99704,0.99738,0.99638,0.9969,1197,16,0
2022-05-18 16:30:00,0.99689,0.99717,0.99511,0.99594,1898,16,0
2022-05-18 17:00:00,0.99593,0.99614,0.99228,0.99245,1997,16,0
2022-05-18 17:30:00,0.99246,0.99253,0.98905,0.98929,2245,16,0
2022-05-18 18:00:00,0.98928,0.99006,0.98734,0.98805,1886,16,0
2022-05-18 18:30:00,0.98806,0.99027,0.98805,0.99026,1669,16,0
2022-05-18 19:00:00,0.99026,0.99097,0.98612,0.98714,2036,16,0
2022-05-18 19:30:00,0.98717,0.98764,0.98638,0.98721,986,16,0
2022-05-18 20:00:00,0.9872,0.98739,0.98598,0.98636,1090,16,0
2022-05-18 20:30:00,0.98642,0.98709,0.98637,0.98704,822,16,0
2022-05-18 21:00:00,0.98703,0.98705,0.9865,0.98666,984,16,0
2022-05-18 21:30:00,0.98665,0.98739,0.98649,0.98734,1022,16,0
2022-05-18 22:00:00,0.98734,0.98823,0.98733,0.98818,899,16,0
2022-05-18 22:30:00,0.98817,0.98846,0.98794,0.98821,1045,16,0
2022-05-18 23:00:00,0.9882,0.98859,0.98813,0.98813,488,19,0
2022-05-18 23:30:00,0.98812,0.98855,0.98792,0.98809,297,21,0
2022-05-19 00:00:00,0.98775,0.98775,0.98775,0.98775,1,170,0
2022-05-19 00:30:00,0.98746,0.98787,0.98726,0.98787,7,170,0
2022-05-19 01:00:00,0.98847,0.98851,0.98796,0.98825,465,27,0
2022-05-19 01:30:00,0.98823,0.98843,0.98777,0.98781,1083,18,0
2022-05-19 02:00:00,0.9878,0.98816,0.98767,0.98768,287,18,0
2022-05-19 02:30:00,0.98767,0.98789,0.987,0.98713,601,16,0
2022-05-19 03:00:00,0.98714,0.98747,0.98593,0.98641,958,16,0
2022-05-19 03:30:00,0.98638,0.9869,0.98577,0.98683,1347,16,0
2022-05-19 04:00:00,0.98682,0.98724,0.9866,0.98666,1226,16,0
2022-05-19 04:30:00,0.98666,0.98733,0.98665,0.98697,990,16,0
2022-05-19 05:00:00,0.98697,0.98709,0.98628,0.9865,526,16,0
2022-05-19 05:30:00,0.9865,0.98668,0.98569,0.98666,929,16,0
2022-05-19 06:00:00,0.98665,0.98667,0.98552,0.98596,1074,16,0
2022-05-19 06:30:00,0.98597,0.98617,0.98557,0.98558,562,16,0
2022-05-19 07:00:00,0.98559,0.98582,0.98518,0.98553,601,16,0
2022-05-19 07:30:00,0.98552,0.98589,0.98545,0.98581,406,16,0
2022-05-19 08:00:00,0.98581,0.98596,0.98555,0.98577,536,16,0
2022-05-19 08:30:00,0.98577,0.98631,0.98564,0.98612,882,16,0
2022-05-19 09:00:00,0.98617,0.98634,0.9855,0.98606,1104,16,0
2022-05-19 09:30:00,0.98606,0.98651,0.98545,0.98583,939,16,0
2022-05-19 10:00:00,0.98582,0.98584,0.98161,0.9825,2545,16,0
2022-05-19 10:30:00,0.98249,0.98309,0.98021,0.98244,2340,16,0
2022-05-19 11:00:00,0.98243,0.98275,0.97887,0.97968,2012,16,0
2022-05-19 11:30:00,0.97967,0.97976,0.97566,0.97621,2148,16,0
2022-05-19 12:00:00,0.97622,0.97739,0.97482,0.97739,1823,16,0
2022-05-19 12:30:00,0.97739,0.97769,0.97652,0.97662,1337,16,0
2022-05-19 13:00:00,0.97662,0.97753,0.97662,0.97721,1191,16,0
2022-05-19 13:30:00,0.97721,0.978,0.97612,0.9765,1611,16,0
2022-05-19 14:00:00,0.97651,0.97682,0.97522,0.97652,1274,16,0
2022-05-19 14:30:00,0.97652,0.97664,0.97551,0.97627,1227,16,0
2022-05-19 15:00:00,0.97628,0.97671,0.97464,0.97471,1250,16,0
2022-05-19 15:30:00,0.97472,0.97496,0.97188,0.97376,2080,16,0
2022-05-19 16:00:00,0.97376,0.97384,0.97244,0.97301,2124,16,0
2022-05-19 16:30:00,0.973,0.97361,0.97101,0.97165,2913,16,0
2022-05-19 17:00:00,0.97165,0.97197,0.97082,0.97177,2933,16,0
2022-05-19 17:30:00,0.97177,0.97339,0.97177,0.97195,3398,16,0
2022-05-19 18:00:00,0.97196,0.97371,0.9714,0.97141,2649,16,0
2022-05-19 18:30:00,0.97141,0.97332,0.97141,0.9729,1762,16,0
2022-05-19 19:00:00,0.97288,0.97303,0.97162,0.97169,1243,16,0
2022-05-19 19:30:00,0.97167,0.97181,0.97121,0.97126,1059,16,0
2022-05-19 20:00:00,0.97129,0.97173,0.97107,0.97151,1083,16,0
2022-05-19 20:30:00,0.97151,0.97186,0.96962,0.96976,1252,16,0
2022-05-19 21:00:00,0.96975,0.97069,0.96974,0.97046,1038,16,0
2022-05-19 21:30:00,0.97046,0.97086,0.97004,0.97029,1382,16,0
2022-05-19 22:00:00,0.97036,0.97166,0.97029,0.97166,771,16,0
2022-05-19 22:30:00,0.97166,0.9718,0.97128,0.97142,802,16,0
2022-05-19 23:00:00,0.97141,0.97213,0.97141,0.972,478,16,0
2022-05-19 23:30:00,0.97199,0.97286,0.97198,0.9727,317,21,0
2022-05-20 01:00:00,0.97181,0.9725,0.97143,0.97165,743,18,0
2022-05-20 01:30:00,0.97165,0.97197,0.97156,0.9718,1222,16,0
2022-05-20 02:00:00,0.97181,0.97202,0.97177,0.97187,287,16,0
2022-05-20 02:30:00,0.97188,0.97231,0.97178,0.9722,678,16,0
2022-05-20 03:00:00,0.9722,0.97251,0.9715,0.97226,624,16,0
2022-05-20 03:30:00,0.97227,0.97331,0.97225,0.97285,745,16,0
2022-05-20 04:00:00,0.97285,0.97287,0.97217,0.97232,1091,16,0
2022-05-20 04:30:00,0.97233,0.9729,0.97224,0.97274,917,16,0
2022-05-20 05:00:00,0.97275,0.97349,0.9727,0.97313,961,16,0
2022-05-20 05:30:00,0.97314,0.97344,0.97272,0.97282,406,16,0
2022-05-20 06:00:00,0.97279,0.97285,0.97192,0.97197,352,16,0
2022-05-20 06:30:00,0.97197,0.972,0.97062,0.97067,676,16,0
2022-05-20 07:00:00,0.97069,0.97124,0.97042,0.97058,898,16,0
2022-05-20 07:30:00,0.97059,0.97095,0.97049,0.97084,564,16,0
2022-05-20 08:00:00,0.97085,0.97123,0.97051,0.97084,771,16,0
2022-05-20 08:30:00,0.97083,0.97094,0.96942,0.96947,1222,16,0
2022-05-20 09:00:00,0.96943,0.97132,0.96931,0.97091,1781,16,0
2022-05-20 09:30:00,0.9709,0.97171,0.97045,0.97153,1176,16,0
2022-05-20 10:00:00,0.97154,0.97314,0.97037,0.97267,2418,16,0
2022-05-20 10:30:00,0.97265,0.9743,0.97214,0.97232,2107,16,0
2022-05-20 11:00:00,0.9723,0.9745,0.97221,0.97336,1912,16,0
2022-05-20 11:30:00,0.97333,0.97423,0.97255,0.97266,1647,16,0
2022-05-20 12:00:00,0.97266,0.97289,0.97175,0.97245,1417,16,0
2022-05-20 12:30:00,0.97244,0.97316,0.9721,0.97222,1021,16,0
2022-05-20 13:00:00,0.97221,0.97225,0.97044,0.9705,1678,16,0
2022-05-20 13:30:00,0.97051,0.97089,0.96992,0.97081,1317,16,0
2022-05-20 14:00:00,0.9708,0.97139,0.9708,0.97131,1460,16,0
2022-05-20 14:30:00,0.97131,0.97205,0.97048,0.97205,1225,16,0
2022-05-20 15:00:00,0.97205,0.97268,0.97157,0.97238,1710,16,0
2022-05-20 15:30:00,0.97239,0.97354,0.97208,0.97348,1764,16,0
2022-05-20 16:00:00,0.97347,0.97419,0.97305,0.97376,1741,16,0
2022-05-20 16:30:00,0.97377,0.97439,0.97357,0.97427,2184,16,0
2022-05-20 17:00:00,0.97426,0.97534,0.97394,0.97475,2200,16,0
2022-05-20 17:30:00,0.97476,0.97519,0.97402,0.97516,2344,16,0
2022-05-20 18:00:00,0.97517,0.97578,0.97467,0.97548,1849,16,0
2022-05-20 18:30:00,0.97548,0.97548,0.97428,0.97486,1271,16,0
2022-05-20 19:00:00,0.97486,0.9755,0.97469,0.97512,1037,16,0
2022-05-20 19:30:00,0.97512,0.97529,0.97385,0.97454,1108,16,0
2022-05-20 20:00:00,0.97454,0.97526,0.97416,0.97515,1053,16,0
2022-05-20 20:30:00,0.97515,0.97565,0.97503,0.97563,1021,16,0
2022-05-20 21:00:00,0.97563,0.97624,0.97558,0.97624,1120,16,0
2022-05-20 21:30:00,0.97624,0.97633,0.9752,0.97588,1024,16,0
2022-05-20 22:00:00,0.97587,0.97587,0.97489,0.97503,1029,16,0
2022-05-20 22:30:00,0.97502,0.97519,0.97462,0.97489,975,16,0
2022-05-20 23:00:00,0.9749,0.97496,0.97404,0.97427,575,18,0
2022-05-20 23:30:00,0.97426,0.97466,0.97422,0.97453,520,21,0
2022-05-23 00:00:00,0.9742,0.9742,0.9742,0.9742,1,170,0
2022-05-23 00:30:00,0.97404,0.97404,0.97404,0.97404,1,170,0
2022-05-23 01:00:00,0.97457,0.97473,0.97436,0.97463,429,18,0
2022-05-23 01:30:00,0.97463,0.97469,0.97432,0.97434,236,18,0
2022-05-23 02:00:00,0.97433,0.97467,0.97414,0.97439,576,16,0
2022-05-23 02:30:00,0.97439,0.97504,0.97429,0.97499,574,16,0
2022-05-23 03:00:00,0.975,0.975,0.97373,0.97374,597,16,0
2022-05-23 03:30:00,0.97374,0.97377,0.97281,0.97354,607,16,0
2022-05-23 04:00:00,0.97355,0.97387,0.97278,0.97282,743,16,0
2022-05-23 04:30:00,0.97283,0.97292,0.97218,0.97222,547,16,0
2022-05-23 05:00:00,0.97222,0.97233,0.97115,0.97139,573,16,0
2022-05-23 05:30:00,0.97139,0.97168,0.97123,0.97147,269,16,0
2022-05-23 06:00:00,0.97147,0.97179,0.97123,0.97158,343,16,0
2022-05-23 06:30:00,0.97158,0.97178,0.97152,0.97172,279,16,0
2022-05-23 07:00:00,0.97171,0.97187,0.97137,0.97145,153,16,0
2022-05-23 07:30:00,0.97146,0.97189,0.97128,0.97184,164,16,0
2022-05-23 08:00:00,0.97186,0.9725,0.97172,0.97247,224,16,0
2022-05-23 08:30:00,0.97249,0.97262,0.97128,0.97184,897,16,0
2022-05-23 09:00:00,0.97184,0.97275,0.97127,0.97266,1457,16,0
2022-05-23 09:30:00,0.97268,0.97273,0.97129,0.97152,1072,16,0
2022-05-23 10:00:00,0.97153,0.97217,0.97088,0.97109,1370,16,0
2022-05-23 10:30:00,0.9711,0.97237,0.9709,0.97093,1155,16,0
2022-05-23 11:00:00,0.97095,0.97159,0.96909,0.97026,2180,16,0
2022-05-23 11:30:00,0.97027,0.9715,0.96885,0.96887,1606,16,0
2022-05-23 12:00:00,0.96887,0.96914,0.96679,0.96741,2133,16,0
2022-05-23 12:30:00,0.96741,0.96848,0.96581,0.96633,1883,16,0
2022-05-23 13:00:00,0.96632,0.96676,0.96581,0.96627,1337,16,0
2022-05-23 13:30:00,0.96628,0.96663,0.96593,0.96634,1016,16,0
2022-05-23 14:00:00,0.96637,0.96692,0.96584,0.96618,812,16,0
2022-05-23 14:30:00,0.96618,0.96762,0.96607,0.9676,1108,16,0
2022-05-23 15:00:00,0.96757,0.96808,0.96264,0.96586,2361,16,0
2022-05-23 15:30:00,0.96589,0.96681,0.96444,0.96507,2392,16,0
2022-05-23 16:00:00,0.96507,0.96597,0.96437,0.96574,1460,16,0
2022-05-23 16:30:00,0.96574,0.9658,0.9646,0.96474,1581,16,0
2022-05-23 17:00:00,0.96475,0.96592,0.96418,0.96449,1625,16,0
2022-05-23 17:30:00,0.96452,0.96567,0.96398,0.96514,1989,16,0
2022-05-23 18:00:00,0.96514,0.9661,0.96491,0.96569,1501,16,0
2022-05-23 18:30:00,0.96571,0.96641,0.96512,0.96636,1114,16,0
2022-05-23 19:00:00,0.96636,0.9665,0.96608,0.96626,512,16,0
2022-05-23 19:30:00,0.96626,0.96646,0.96567,0.96627,573,16,0
2022-05-23 20:00:00,0.96627,0.96682,0.96622,0.96658,655,16,0
2022-05-23 20:30:00,0.96659,0.96659,0.96583,0.96624,649,16,0
2022-05-23 21:00:00,0.96624,0.96656,0.9661,0.96637,376,16,0
2022-05-23 21:30:00,0.96638,0.96638,0.96521,0.96543,648,16,0
2022-05-23 22:00:00,0.96544,0.96661,0.96544,0.96622,583,16,0
2022-05-23 22:30:00,0.96621,0.96626,0.96579,0.96605,670,16,0
2022-05-23 23:00:00,0.96605,0.96634,0.96549,0.96551,354,16,0
2022-05-23 23:30:00,0.96551,0.96579,0.96518,0.96518,313,21,0
2022-05-24 00:00:00,0.96498,0.96498,0.96498,0.96498,1,167,0
2022-05-24 00:30:00,0.96497,0.96497,0.96497,0.96497,1,147,0
2022-05-24 01:00:00,0.96522,0.96612,0.96513,0.96584,369,16,0
2022-05-24 01:30:00,0.96586,0.96591,0.96562,0.96585,123,23,0
2022-05-24 02:00:00,0.96587,0.96601,0.9656,0.96565,243,16,0
2022-05-24 02:30:00,0.96565,0.9659,0.96511,0.96572,432,16,0
2022-05-24 03:00:00,0.96571,0.96644,0.96551,0.96638,685,16,0
2022-05-24 03:30:00,0.96637,0.96679,0.96607,0.96664,457,16,0
2022-05-24 04:00:00,0.96662,0.96671,0.96606,0.96625,532,16,0
2022-05-24 04:30:00,0.96626,0.96681,0.96625,0.96665,843,16,0
2022-05-24 05:00:00,0.96665,0.96691,0.96654,0.96679,823,16,0
2022-05-24 05:30:00,0.9668,0.9668,0.96649,0.96677,436,16,0
2022-05-24 06:00:00,0.96676,0.9668,0.96628,0.96674,528,16,0
2022-05-24 06:30:00,0.96675,0.96676,0.96624,0.96634,250,18,0
2022-05-24 07:00:00,0.96633,0.96648,0.96614,0.96644,396,16,0
2022-05-24 07:30:00,0.96643,0.96664,0.96623,0.96661,323,16,0
2022-05-24 08:00:00,0.96657,0.96658,0.96621,0.96637,463,16,0
2022-05-24 08:30:00,0.96636,0.96667,0.96612,0.96626,663,16,0
2022-05-24 09:00:00,0.96626,0.96637,0.96566,0.96594,988,16,0
2022-05-24 09:30:00,0.96594,0.96616,0.9647,0.96551,1633,16,0
2022-05-24 10:00:00,0.9655,0.9655,0.96263,0.9629,3403,16,0
2022-05-24 10:30:00,0.96288,0.9634,0.96169,0.96205,2127,16,0
2022-05-24 11:00:00,0.962,0.96264,0.96097,0.96264,2160,16,0
2022-05-24 11:30:00,0.96263,0.9632,0.9625,0.96299,1751,16,0
2022-05-24 12:00:00,0.96298,0.96313,0.9623,0.96257,1071,16,0
2022-05-24 12:30:00,0.96256,0.96468,0.9625,0.96461,1455,16,0
2022-05-24 13:00:00,0.9646,0.96552,0.96418,0.96481,1038,16,0
2022-05-24 13:30:00,0.96482,0.96645,0.96479,0.96608,1038,16,0
2022-05-24 14:00:00,0.96605,0.96624,0.96508,0.96517,1030,16,0
2022-05-24 14:30:00,0.96516,0.96521,0.96415,0.9646,1495,16,0
2022-05-24 15:00:00,0.96461,0.9651,0.96369,0.96492,2119,16,0
2022-05-24 15:30:00,0.96493,0.96511,0.96321,0.96359,2114,16,0
2022-05-24 16:00:00,0.9636,0.96379,0.96241,0.96274,1530,16,0
2022-05-24 16:30:00,0.96275,0.96275,0.95947,0.96011,3375,16,0
2022-05-24 17:00:00,0.96013,0.96015,0.95732,0.95911,3360,16,0
2022-05-24 17:30:00,0.95911,0.95987,0.95844,0.95936,2603,16,0
2022-05-24 18:00:00,0.95936,0.96077,0.95932,0.95978,1715,16,0
2022-05-24 18:30:00,0.95976,0.96052,0.95939,0.9598,1312,16,0
2022-05-24 19:00:00,0.95981,0.96015,0.95947,0.96003,821,16,0
2022-05-24 19:30:00,0.95999,0.96068,0.95991,0.96044,802,16,0
2022-05-24 20:00:00,0.96045,0.9607,0.95981,0.9601,883,16,0
2022-05-24 20:30:00,0.96009,0.96053,0.96003,0.96039,936,16,0
2022-05-24 21:00:00,0.96039,0.96056,0.95976,0.96009,936,16,0
2022-05-24 21:30:00,0.96009,0.96092,0.96002,0.96082,794,16,0
2022-05-24 22:00:00,0.96082,0.96093,0.96025,0.96066,655,16,0
2022-05-24 22:30:00,0.96063,0.96096,0.96028,0.96096,591,16,0
2022-05-24 23:00:00,0.96098,0.96101,0.96047,0.96066,209,16,0
2022-05-24 23:30:00,0.96065,0.96073,0.9602,0.96031,166,21,0
2022-05-25 00:30:00,0.95962,0.95962,0.95962,0.95962,1,170,0
2022-05-25 01:00:00,0.95998,0.96072,0.95998,0.96063,165,18,0
2022-05-25 01:30:00,0.96063,0.96075,0.96023,0.96027,194,16,0
2022-05-25 02:00:00,0.96027,0.96045,0.9601,0.96041,250,16,0
2022-05-25 02:30:00,0.96041,0.96046,0.96015,0.96031,317,16,0
2022-05-25 03:00:00,0.9603,0.96072,0.96006,0.96066,607,16,0
2022-05-25 03:30:00,0.96065,0.96143,0.96058,0.96109,915,16,0
2022-05-25 04:00:00,0.96106,0.96185,0.96094,0.96176,951,16,0
2022-05-25 04:30:00,0.96175,0.9618,0.96134,0.96152,529,16,0
2022-05-25 05:00:00,0.96154,0.96183,0.96079,0.96181,948,16,0
2022-05-25 05:30:00,0.96182,0.96283,0.9618,0.96233,779,16,0
2022-05-25 06:00:00,0.96231,0.96277,0.96201,0.96218,678,16,0
2022-05-25 06:30:00,0.96216,0.96226,0.9619,0.96221,691,16,0
2022-05-25 07:00:00,0.96221,0.96275,0.96218,0.96227,655,16,0
2022-05-25 07:30:00,0.96224,0.96253,0.96188,0.96218,554,16,0
2022-05-25 08:00:00,0.96218,0.96223,0.96198,0.96215,543,16,0
2022-05-25 08:30:00,0.96217,0.96243,0.96191,0.96191,694,16,0
2022-05-25 09:00:00,0.96186,0.9629,0.96176,0.96267,1201,16,0
2022-05-25 09:30:00,0.96266,0.96277,0.96122,0.96266,1675,16,0
2022-05-25 10:00:00,0.96265,0.96286,0.96201,0.96255,2172,16,0
2022-05-25 10:30:00,0.96254,0.96262,0.96121,0.9614,1748,16,0
2022-05-25 11:00:00,0.9614,0.96295,0.96127,0.96279,1712,16,0
2022-05-25 11:30:00,0.9628,0.96288,0.96218,0.96266,1372,16,0
2022-05-25 12:00:00,0.96267,0.96387,0.96221,0.96265,1462,16,0
2022-05-25 12:30:00,0.96264,0.96362,0.96223,0.96345,1264,16,0
2022-05-25 13:00:00,0.96346,0.96386,0.96323,0.96342,994,16,0
2022-05-25 13:30:00,0.96343,0.96411,0.96313,0.96396,1227,16,0
2022-05-25 14:00:00,0.96397,0.96413,0.96302,0.96317,1046,16,0
2022-05-25 14:30:00,0.96319,0.96347,0.96256,0.9632,2017,16,0
2022-05-25 15:00:00,0.9632,0.96394,0.96189,0.96255,2228,16,0
2022-05-25 15:30:00,0.96249,0.96257,0.96064,0.96189,2054,16,0
2022-05-25 16:00:00,0.9619,0.96238,0.96123,0.96141,1276,16,0
2022-05-25 16:30:00,0.96139,0.9631,0.96132,0.96264,1984,16,0
2022-05-25 17:00:00,0.96265,0.96324,0.9622,0.96237,1496,16,0
2022-05-25 17:30:00,0.96236,0.9631,0.96188,0.9625,2149,16,0
2022-05-25 18:00:00,0.9625,0.96307,0.96204,0.96234,1527,16,0
2022-05-25 18:30:00,0.96235,0.96362,0.96228,0.96361,947,16,0
2022-05-25 19:00:00,0.96362,0.96364,0.9627,0.96276,827,16,0
2022-05-25 19:30:00,0.96275,0.96374,0.96243,0.96372,573,16,0
2022-05-25 20:00:00,0.96372,0.96376,0.96253,0.96258,718,16,0
2022-05-25 20:30:00,0.96258,0.96286,0.9622,0.96253,766,16,0
2022-05-25 21:00:00,0.96255,0.96309,0.96072,0.96209,3524,16,0
2022-05-25 21:30:00,0.9621,0.96245,0.96144,0.96161,1324,16,0
2022-05-25 22:00:00,0.96159,0.96162,0.96102,0.96135,881,16,0
2022-05-25 22:30:00,0.96134,0.96204,0.96128,0.96197,699,16,0
2022-05-25 23:00:00,0.96193,0.96236,0.96169,0.96232,337,16,0
2022-05-25 23:30:00,0.96229,0.96231,0.96182,0.96189,613,21,0
2022-05-26 00:00:00,0.96107,0.96107,0.96073,0.96073,2,170,0
2022-05-26 00:30:00,0.96114,0.96114,0.96114,0.96114,1,170,0
2022-05-26 01:00:00,0.96174,0.9619,0.96135,0.96148,594,19,0
2022-05-26 01:30:00,0.96147,0.96162,0.96129,0.96152,795,18,0
2022-05-26 02:00:00,0.96152,0.96159,0.96135,0.96153,257,16,0
2022-05-26 02:30:00,0.96154,0.96164,0.96138,0.9615,269,16,0
2022-05-26 03:00:00,0.9615,0.9618,0.96135,0.96145,475,16,0
2022-05-26 03:30:00,0.96145,0.96157,0.96071,0.96134,802,16,0
2022-05-26 04:00:00,0.96133,0.96162,0.96118,0.96126,624,16,0
2022-05-26 04:30:00,0.96127,0.96192,0.96123,0.96183,1003,16,0
2022-05-26 05:00:00,0.96181,0.96188,0.96139,0.96174,929,16,0
2022-05-26 05:30:00,0.96173,0.96173,0.96114,0.96149,581,16,0
2022-05-26 06:00:00,0.96151,0.96205,0.9615,0.96182,1115,16,0
2022-05-26 06:30:00,0.96181,0.96187,0.96129,0.9613,734,16,0
2022-05-26 07:00:00,0.96129,0.96185,0.96107,0.96167,605,16,0
2022-05-26 07:30:00,0.96167,0.96238,0.96161,0.96231,922,17,0
2022-05-26 08:00:00,0.96231,0.96264,0.96227,0.96258,642,16,0
2022-05-26 08:30:00,0.96258,0.96318,0.96253,0.96309,1359,16,0
2022-05-26 09:00:00,0.96308,0.96308,0.96176,0.96224,1074,16,0
2022-05-26 09:30:00,0.96223,0.96232,0.96131,0.96153,734,16,0
2022-05-26 10:00:00,0.96154,0.96158,0.96037,0.96095,1960,16,0
2022-05-26 10:30:00,0.96098,0.96107,0.95897,0.95934,1617,16,0
2022-05-26 11:00:00,0.95935,0.96017,0.95897,0.95992,1318,16,0
2022-05-26 11:30:00,0.95993,0.96004,0.95927,0.95959,1085,16,0
2022-05-26 12:00:00,0.95961,0.96013,0.95923,0.95991,971,16,0
2022-05-26 12:30:00,0.95992,0.96048,0.95914,0.95929,1565,16,0
2022-05-26 13:00:00,0.95929,0.95993,0.95898,0.95952,1196,16,0
2022-05-26 13:30:00,0.95953,0.95966,0.95819,0.95881,958,16,0
2022-05-26 14:00:00,0.95881,0.96065,0.95864,0.96057,1278,16,0
2022-05-26 14:30:00,0.96056,0.96094,0.96025,0.96049,1541,16,0
2022-05-26 15:00:00,0.96048,0.96151,0.9601,0.9604,1541,16,0
2022-05-26 15:30:00,0.96035,0.96149,0.95984,0.96086,2181,16,0
2022-05-26 16:00:00,0.96089,0.96089,0.9597,0.96001,1628,16,0
2022-05-26 16:30:00,0.95999,0.96011,0.95903,0.95936,1595,16,0
2022-05-26 17:00:00,0.95936,0.95965,0.95905,0.95936,1405,16,0
2022-05-26 17:30:00,0.95936,0.96125,0.95935,0.96048,1762,16,0
2022-05-26 18:00:00,0.96049,0.96128,0.96036,0.96085,1618,16,0
2022-05-26 18:30:00,0.96084,0.96109,0.95937,0.9594,1098,16,0
2022-05-26 19:00:00,0.95939,0.95993,0.95923,0.9598,702,16,0
2022-05-26 19:30:00,0.9598,0.96072,0.9595,0.96059,873,16,0
2022-05-26 20:00:00,0.96059,0.96072,0.95988,0.96001,909,16,0
2022-05-26 20:30:00,0.96,0.96005,0.95927,0.95937,884,16,0
2022-05-26 21:00:00,0.95937,0.9596,0.95917,0.95951,566,16,0
2022-05-26 21:30:00,0.95952,0.95952,0.95912,0.95931,583,16,0
2022-05-26 22:00:00,0.95931,0.95934,0.9587,0.9592,790,16,0
2022-05-26 22:30:00,0.9592,0.95932,0.95891,0.95923,537,16,0
2022-05-26 23:00:00,0.95922,0.95922,0.95872,0.95876,250,16,0
2022-05-26 23:30:00,0.95876,0.95901,0.95845,0.95858,306,21,0
2022-05-27 00:30:00,0.95848,0.95858,0.95848,0.95858,3,147,0
2022-05-27 01:00:00,0.95846,0.95898,0.95846,0.95888,224,21,0
2022-05-27 01:30:00,0.95888,0.95891,0.95877,0.95885,127,16,0
2022-05-27 02:00:00,0.95885,0.95906,0.95843,0.95852,215,16,0
2022-05-27 02:30:00,0.95849,0.95861,0.95833,0.95854,226,16,0
2022-05-27 03:00:00,0.95855,0.95868,0.95833,0.9584,726,16,0
2022-05-27 03:30:00,0.95839,0.95886,0.95824,0.9583,823,16,0
2022-05-27 04:00:00,0.95829,0.95852,0.95812,0.95836,781,16,0
2022-05-27 04:30:00,0.95837,0.95841,0.95644,0.95676,1401,16,0
2022-05-27 05:00:00,0.95677,0.95736,0.95673,0.95724,761,16,0
2022-05-27 05:30:00,0.95724,0.95727,0.95662,0.95722,725,16,0
2022-05-27 06:00:00,0.95723,0.95736,0.95688,0.9573,462,16,0
2022-05-27 06:30:00,0.95732,0.95773,0.95711,0.95768,427,16,0
2022-05-27 07:00:00,0.95768,0.95793,0.95757,0.95768,419,16,0
2022-05-27 07:30:00,0.95769,0.95779,0.95758,0.95762,227,16,0
2022-05-27 08:00:00,0.95763,0.95785,0.95756,0.95765,660,17,0
2022-05-27 08:30:00,0.95766,0.95881,0.95737,0.95844,1185,16,0
2022-05-27 09:00:00,0.95845,0.9585,0.95745,0.95798,1226,16,0
2022-05-27 09:30:00,0.95797,0.95973,0.95795,0.95907,1220,16,0
2022-05-27 10:00:00,0.95908,0.95988,0.95867,0.95981,1623,16,0
2022-05-27 10:30:00,0.95986,0.96018,0.95919,0.95956,1632,16,0
2022-05-27 11:00:00,0.95957,0.95962,0.9579,0.9585,1179,16,0
2022-05-27 11:30:00,0.95851,0.95913,0.95828,0.95863,1129,16,0
2022-05-27 12:00:00,0.95862,0.95936,0.95836,0.95893,1083,16,0
2022-05-27 12:30:00,0.95892,0.95942,0.95869,0.9591,1381,16,0
2022-05-27 13:00:00,0.9591,0.95957,0.95849,0.95863,772,16,0
2022-05-27 13:30:00,0.95864,0.95972,0.95827,0.95963,781,16,0
2022-05-27 14:00:00,0.95964,0.95977,0.95818,0.95846,894,16,0
2022-05-27 14:30:00,0.95846,0.95881,0.95723,0.95844,1095,16,0
2022-05-27 15:00:00,0.95844,0.95844,0.95479,0.95578,1701,16,0
2022-05-27 15:30:00,0.95574,0.95796,0.95547,0.95787,2228,16,0
2022-05-27 16:00:00,0.95788,0.95788,0.95644,0.95644,1238,16,0
2022-05-27 16:30:00,0.95645,0.95724,0.95532,0.95624,1740,16,0
2022-05-27 17:00:00,0.95624,0.95688,0.95533,0.95627,1463,16,0
2022-05-27 17:30:00,0.95627,0.9568,0.95439,0.9567,1887,16,0
2022-05-27 18:00:00,0.95672,0.95735,0.9558,0.95618,1861,16,0
2022-05-27 18:30:00,0.95617,0.95786,0.95604,0.95747,939,16,0
2022-05-27 19:00:00,0.95745,0.95791,0.95727,0.95761,676,16,0
2022-05-27 19:30:00,0.95762,0.95844,0.95736,0.95768,651,16,0
2022-05-27 20:00:00,0.95773,0.95833,0.95773,0.95824,770,16,0
2022-05-27 20:30:00,0.95824,0.95839,0.95784,0.95813,535,16,0
2022-05-27 21:00:00,0.95812,0.95836,0.95785,0.95792,503,16,0
2022-05-27 21:30:00,0.95793,0.95793,0.95747,0.9577,390,16,0
2022-05-27 22:00:00,0.9577,0.95777,0.95731,0.95744,416,16,0
2022-05-27 22:30:00,0.95745,0.95763,0.95725,0.95742,495,16,0
2022-05-27 23:00:00,0.95742,0.95749,0.95704,0.95709,264,17,0
2022-05-27 23:30:00,0.9571,0.95738,0.95697,0.95718,425,23,0
2022-05-30 00:00:00,0.95616,0.95714,0.95616,0.95714,2,170,0
2022-05-30 00:30:00,0.9567,0.95671,0.9567,0.95671,2,170,0
2022-05-30 01:00:00,0.95711,0.95745,0.95681,0.95743,566,23,0
2022-05-30 01:30:00,0.95744,0.95783,0.95741,0.9576,915,16,0
2022-05-30 02:00:00,0.95759,0.95819,0.95746,0.95797,950,16,0
2022-05-30 02:30:00,0.95798,0.95825,0.95771,0.95789,784,16,0
2022-05-30 03:00:00,0.95788,0.958,0.95757,0.95776,899,16,0
2022-05-30 03:30:00,0.95775,0.95804,0.95755,0.95777,773,16,0
2022-05-30 04:00:00,0.95775,0.95801,0.95741,0.95743,908,16,0
2022-05-30 04:30:00,0.95743,0.95754,0.9558,0.9562,1163,16,0
2022-05-30 05:00:00,0.95621,0.95627,0.95552,0.95575,1043,16,0
2022-05-30 05:30:00,0.95575,0.95669,0.95574,0.95645,945,16,0
2022-05-30 06:00:00,0.95645,0.95733,0.9564,0.95713,805,16,0
2022-05-30 06:30:00,0.95713,0.95722,0.95647,0.95653,669,16,0
2022-05-30 07:00:00,0.95653,0.95664,0.95635,0.95644,614,16,0
2022-05-30 07:30:00,0.95643,0.95649,0.956,0.9563,626,16,0
2022-05-30 08:00:00,0.9563,0.95646,0.95601,0.95644,353,16,0
2022-05-30 08:30:00,0.95644,0.95664,0.95602,0.95664,515,16,0
2022-05-30 09:00:00,0.95664,0.9571,0.95619,0.9565,1065,16,0
2022-05-30 09:30:00,0.95649,0.95651,0.95531,0.95576,954,16,0
2022-05-30 10:00:00,0.95575,0.95705,0.9556,0.95688,1233,16,0
2022-05-30 10:30:00,0.95688,0.95885,0.95654,0.9586,876,16,0
2022-05-30 11:00:00,0.95861,0.95884,0.95779,0.95837,1215,16,0
2022-05-30 11:30:00,0.95836,0.95836,0.95647,0.95654,912,16,0
2022-05-30 12:00:00,0.95654,0.95794,0.95644,0.95734,1095,16,0
2022-05-30 12:30:00,0.95736,0.95769,0.95709,0.9574,706,16,0
2022-05-30 13:00:00,0.9574,0.95906,0.95725,0.95881,741,16,0
2022-05-30 13:30:00,0.9588,0.95952,0.95829,0.95891,1811,16,0
2022-05-30 14:00:00,0.9589,0.95944,0.95838,0.95936,931,16,0
2022-05-30 14:30:00,0.95936,0.95967,0.95881,0.95918,799,16,0
2022-05-30 15:00:00,0.95917,0.95995,0.959,0.9596,1140,16,0
2022-05-30 15:30:00,0.95966,0.96054,0.95942,0.96003,1263,16,0
2022-05-30 16:00:00,0.96004,0.96023,0.95935,0.95942,1269,16,0
2022-05-30 16:30:00,0.95943,0.95966,0.95887,0.95887,873,16,0
2022-05-30 17:00:00,0.95888,0.95943,0.95854,0.95912,1153,16,0
2022-05-30 17:30:00,0.9591,0.95918,0.95721,0.9574,1481,16,0
2022-05-30 18:00:00,0.95739,0.95754,0.95674,0.95727,937,16,0
2022-05-30 18:30:00,0.95728,0.95763,0.95721,0.95729,503,16,0
2022-05-30 19:00:00,0.95729,0.95747,0.9569,0.95691,296,16,0
2022-05-30 19:30:00,0.95691,0.95787,0.95682,0.95745,377,16,0
2022-05-30 20:00:00,0.95745,0.95749,0.9571,0.95728,254,16,0
2022-05-30 20:30:00,0.95728,0.95731,0.95712,0.95725,152,16,0
2022-05-30 21:00:00,0.95725,0.95759,0.95722,0.9574,256,16,0
2022-05-30 21:30:00,0.95739,0.95771,0.95738,0.95739,243,16,0
2022-05-30 22:00:00,0.95733,0.95763,0.9572,0.95741,230,16,0
2022-05-30 22:30:00,0.95742,0.95754,0.95738,0.95741,128,16,0
2022-05-30 23:00:00,0.9574,0.95743,0.95692,0.95728,218,16,0
2022-05-30 23:30:00,0.95728,0.95728,0.95678,0.95682,98,24,0
2022-05-31 00:30:00,0.95623,0.95656,0.95623,0.95656,6,170,0
2022-05-31 01:00:00,0.95735,0.95772,0.95709,0.95766,147,20,0
2022-05-31 01:30:00,0.95767,0.95799,0.95763,0.95794,111,16,0
2022-05-31 02:00:00,0.95794,0.95827,0.95785,0.95815,217,16,0
2022-05-31 02:30:00,0.95815,0.95824,0.95794,0.95819,262,16,0
2022-05-31 03:00:00,0.9582,0.96078,0.95814,0.96078,671,16,0
2022-05-31 03:30:00,0.96077,0.96114,0.96034,0.961,1081,16,0
2022-05-31 04:00:00,0.96102,0.9613,0.96018,0.96045,968,16,0
2022-05-31 04:30:00,0.96046,0.96103,0.95992,0.96013,1209,16,0
2022-05-31 05:00:00,0.96013,0.96024,0.95963,0.95968,722,16,0
2022-05-31 05:30:00,0.95969,0.96029,0.95966,0.95995,762,16,0
2022-05-31 06:00:00,0.95997,0.95997,0.95922,0.95957,1154,16,0
2022-05-31 06:30:00,0.95958,0.95959,0.95923,0.95932,568,16,0
2022-05-31 07:00:00,0.95932,0.9596,0.95917,0.95943,319,16,0
2022-05-31 07:30:00,0.95948,0.95997,0.95948,0.95992,295,16,0
2022-05-31 08:00:00,0.95992,0.96002,0.95944,0.95951,242,16,0
2022-05-31 08:30:00,0.95951,0.96001,0.95925,0.96,337,16,0
2022-05-31 09:00:00,0.96003,0.96003,0.95882,0.95948,946,16,0
2022-05-31 09:30:00,0.95949,0.96062,0.95934,0.96038,1352,16,0
2022-05-31 10:00:00,0.96032,0.96074,0.95989,0.96065,1424,16,0
2022-05-31 10:30:00,0.96065,0.96126,0.96042,0.96104,1005,16,0
2022-05-31 11:00:00,0.96104,0.96115,0.96021,0.96082,1148,16,0
2022-05-31 11:30:00,0.96083,0.96156,0.96041,0.96076,1017,16,0
2022-05-31 12:00:00,0.96077,0.96127,0.95785,0.95827,1542,16,0
2022-05-31 12:30:00,0.95827,0.9599,0.95826,0.95988,1127,16,0
2022-05-31 13:00:00,0.95984,0.96009,0.95893,0.95909,1020,16,0
2022-05-31 13:30:00,0.95909,0.96061,0.95842,0.95967,1930,16,0
2022-05-31 14:00:00,0.95966,0.96066,0.95934,0.96034,1516,16,0
2022-05-31 14:30:00,0.96034,0.96038,0.9594,0.95942,944,16,0
2022-05-31 15:00:00,0.95946,0.96096,0.95928,0.9607,1774,16,0
2022-05-31 15:30:00,0.9607,0.96195,0.96021,0.96121,2134,16,0
2022-05-31 16:00:00,0.96119,0.9612,0.95832,0.9586,1809,16,0
2022-05-31 16:30:00,0.9586,0.95992,0.95824,0.95923,2278,16,0
2022-05-31 17:00:00,0.95923,0.96009,0.95888,0.95888,2770,16,0
2022-05-31 17:30:00,0.95886,0.95966,0.95679,0.95847,3599,16,0
2022-05-31 18:00:00,0.95848,0.95883,0.95748,0.95804,3049,16,0
2022-05-31 18:30:00,0.95805,0.95843,0.9567,0.95694,1418,16,0
2022-05-31 19:00:00,0.95694,0.95847,0.95683,0.95846,977,16,0
2022-05-31 19:30:00,0.95845,0.95878,0.95817,0.95831,1007,16,0
2022-05-31 20:00:00,0.95831,0.95873,0.9574,0.95747,954,16,0
2022-05-31 20:30:00,0.95747,0.95761,0.95687,0.95741,769,16,0
2022-05-31 21:00:00,0.95741,0.95849,0.95733,0.95806,616,16,0
2022-05-31 21:30:00,0.9581,0.95887,0.95765,0.95862,606,16,0
2022-05-31 22:00:00,0.95862,0.95887,0.95839,0.95849,954,16,0
2022-05-31 22:30:00,0.95851,0.95954,0.95849,0.95929,602,16,0
2022-05-31 23:00:00,0.95929,0.95976,0.95871,0.95897,437,17,0
2022-05-31 23:30:00,0.95898,0.95983,0.95896,0.95917,483,21,0
2022-06-01 00:00:00,0.95797,0.95797,0.95797,0.95797,1,170,0
2022-06-01 00:30:00,0.9589,0.9591,0.95888,0.95907,7,84,0
2022-06-01 01:00:00,0.95943,0.95957,0.95916,0.95919,876,16,0
2022-06-01 01:30:00,0.95918,0.95933,0.95905,0.95918,342,17,0
2022-06-01 02:00:00,0.95917,0.9595,0.95912,0.95936,267,18,0
2022-06-01 02:30:00,0.95935,0.95955,0.9593,0.95953,322,18,0
2022-06-01 03:00:00,0.95952,0.95981,0.95945,0.95961,715,16,0
2022-06-01 03:30:00,0.9596,0.95998,0.9594,0.95997,1107,16,0
2022-06-01 04:00:00,0.95996,0.96033,0.95995,0.96015,703,16,0
2022-06-01 04:30:00,0.96017,0.96149,0.96015,0.96067,1406,16,0
2022-06-01 05:00:00,0.96066,0.96103,0.96041,0.96054,662,16,0
2022-06-01 05:30:00,0.96054,0.96093,0.96028,0.96084,787,16,0
2022-06-01 06:00:00,0.96081,0.96091,0.96036,0.96051,740,16,0
2022-06-01 06:30:00,0.96054,0.96067,0.9604,0.96054,334,16,0
2022-06-01 07:00:00,0.96056,0.96145,0.96056,0.96111,771,16,0
2022-06-01 07:30:00,0.96112,0.96163,0.96094,0.96133,641,16,0
2022-06-01 08:00:00,0.96134,0.96177,0.96125,0.96141,480,16,0
2022-06-01 08:30:00,0.96142,0.96176,0.96116,0.96116,621,16,0
2022-06-01 09:00:00,0.9611,0.9613,0.95948,0.95981,973,16,0
2022-06-01 09:30:00,0.9598,0.9604,0.95954,0.95978,996,16,0
2022-06-01 10:00:00,0.95978,0.95998,0.95883,0.95945,1401,16,0
2022-06-01 10:30:00,0.95943,0.96053,0.95943,0.96033,1162,16,0
2022-06-01 11:00:00,0.96034,0.96046,0.9591,0.96019,1351,16,0
2022-06-01 11:30:00,0.96016,0.96138,0.95991,0.96136,1088,16,0
2022-06-01 12:00:00,0.96136,0.96226,0.96117,0.96169,1196,16,0
2022-06-01 12:30:00,0.96169,0.96214,0.96127,0.9614,644,16,0
2022-06-01 13:00:00,0.96139,0.96226,0.96132,0.96179,843,16,0
2022-06-01 13:30:00,0.96178,0.96247,0.96163,0.96207,945,16,0
2022-06-01 14:00:00,0.96206,0.96248,0.96188,0.96234,834,16,0
2022-06-01 14:30:00,0.96233,0.96246,0.96156,0.96227,912,16,0
2022-06-01 15:00:00,0.96227,0.96266,0.96168,0.96187,1114,16,0
2022-06-01 15:30:00,0.96187,0.96201,0.96003,0.96026,1406,16,0
2022-06-01 16:00:00,0.96025,0.96036,0.9595,0.9601,1020,16,0
2022-06-01 16:30:00,0.96011,0.96131,0.96011,0.96092,1667,16,0
2022-06-01 17:00:00,0.96095,0.96582,0.96083,0.96517,3722,16,0
2022-06-01 17:30:00,0.96511,0.96514,0.96298,0.96363,2382,16,0
2022-06-01 18:00:00,0.96364,0.96521,0.96338,0.96452,2020,16,0
2022-06-01 18:30:00,0.96451,0.96528,0.96419,0.9644,1787,16,0
2022-06-01 19:00:00,0.96443,0.96464,0.96295,0.9637,1638,16,0
2022-06-01 19:30:00,0.96369,0.96377,0.96287,0.96346,864,16,0
2022-06-01 20:00:00,0.96353,0.96367,0.96236,0.96275,734,16,0
2022-06-01 20:30:00,0.96276,0.96292,0.96224,0.96267,929,16,0
2022-06-01 21:00:00,0.96267,0.96337,0.96234,0.96261,991,16,0
2022-06-01 21:30:00,0.96262,0.96278,0.96221,0.9624,672,16,0
2022-06-01 22:00:00,0.9624,0.96268,0.96218,0.96242,676,16,0
2022-06-01 22:30:00,0.96243,0.96333,0.96238,0.96333,397,16,0
2022-06-01 23:00:00,0.96333,0.96344,0.96296,0.96318,293,16,0
2022-06-01 23:30:00,0.96316,0.96331,0.96286,0.96293,249,21,0
2022-06-02 00:00:00,0.96215,0.96215,0.96215,0.96215,1,170,0
2022-06-02 00:30:00,0.96221,0.96268,0.96163,0.96268,9,68,0
2022-06-02 01:00:00,0.96307,0.96307,0.96242,0.96274,440,18,0
2022-06-02 01:30:00,0.96278,0.96288,0.96272,0.9628,96,16,0
2022-06-02 02:00:00,0.96281,0.96308,0.96276,0.96276,203,16,0
2022-06-02 02:30:00,0.96275,0.96313,0.96275,0.96299,210,16,0
2022-06-02 03:00:00,0.963,0.96342,0.9621,0.96211,638,16,0
2022-06-02 03:30:00,0.96211,0.9627,0.9619,0.9627,602,16,0
2022-06-02 04:00:00,0.9627,0.9631,0.96262,0.9627,530,16,0
2022-06-02 04:30:00,0.96269,0.96294,0.9624,0.96276,771,16,0
2022-06-02 05:00:00,0.96277,0.96284,0.96236,0.96262,577,16,0
2022-06-02 05:30:00,0.96261,0.96352,0.9626,0.96348,797,16,0
2022-06-02 06:00:00,0.96347,0.96355,0.96329,0.96336,398,16,0
2022-06-02 06:30:00,0.96336,0.96346,0.96316,0.96335,529,16,0
2022-06-02 07:00:00,0.96335,0.96335,0.96285,0.96301,730,16,0
2022-06-02 07:30:00,0.96301,0.96302,0.96273,0.96277,422,16,0
2022-06-02 08:00:00,0.96275,0.96347,0.96275,0.96338,659,16,0
2022-06-02 08:30:00,0.96336,0.96347,0.96271,0.96326,660,16,0
2022-06-02 09:00:00,0.96321,0.96323,0.96237,0.96239,786,16,0
2022-06-02 09:30:00,0.9624,0.96244,0.95745,0.95807,2543,16,0
2022-06-02 10:00:00,0.95808,0.95948,0.95754,0.95869,1990,16,0
2022-06-02 10:30:00,0.9587,0.95965,0.95842,0.95957,1223,16,0
2022-06-02 11:00:00,0.95953,0.96028,0.9592,0.96025,1191,16,0
2022-06-02 11:30:00,0.96027,0.96069,0.9596,0.96068,793,16,0
2022-06-02 12:00:00,0.96069,0.96116,0.95971,0.96034,765,16,0
2022-06-02 12:30:00,0.96036,0.96048,0.95991,0.96036,810,16,0
2022-06-02 13:00:00,0.96036,0.96053,0.96008,0.96038,1162,16,0
2022-06-02 13:30:00,0.96032,0.96061,0.95934,0.95943,710,16,0
2022-06-02 14:00:00,0.95942,0.95998,0.95887,0.95896,641,16,0
2022-06-02 14:30:00,0.95895,0.96035,0.9589,0.95992,1081,16,0
2022-06-02 15:00:00,0.95993,0.96013,0.95929,0.95971,1387,16,0
2022-06-02 15:30:00,0.95974,0.96051,0.95797,0.95888,2268,16,0
2022-06-02 16:00:00,0.95888,0.96045,0.95834,0.95875,1727,16,0
2022-06-02 16:30:00,0.95876,0.96141,0.95873,0.96032,2019,16,0
2022-06-02 17:00:00,0.96031,0.96098,0.95921,0.9608,2672,16,0
2022-06-02 17:30:00,0.96085,0.961,0.95954,0.96009,2169,16,0
2022-06-02 18:00:00,0.96011,0.96039,0.95836,0.95903,1352,16,0
2022-06-02 18:30:00,0.95902,0.95965,0.95894,0.95926,720,16,0
2022-06-02 19:00:00,0.95929,0.95929,0.95816,0.9586,614,16,0
2022-06-02 19:30:00,0.9586,0.959,0.95832,0.95865,527,16,0
2022-06-02 20:00:00,0.95865,0.95905,0.9584,0.95877,609,16,0
2022-06-02 20:30:00,0.95877,0.95877,0.9583,0.95851,502,16,0
2022-06-02 21:00:00,0.9585,0.95857,0.95803,0.95815,365,16,0
2022-06-02 21:30:00,0.95816,0.95822,0.95776,0.95807,560,16,0
2022-06-02 22:00:00,0.95807,0.9582,0.95778,0.95809,611,16,0
2022-06-02 22:30:00,0.9581,0.9581,0.95763,0.95765,687,16,0
2022-06-02 23:00:00,0.95764,0.9579,0.95745,0.95754,435,16,0
2022-06-02 23:30:00,0.95754,0.95776,0.95723,0.95741,645,21,0
2022-06-03 00:00:00,0.95684,0.95686,0.95668,0.95686,5,138,0
2022-06-03 00:30:00,0.95738,0.95749,0.9569,0.95733,12,151,0
2022-06-03 01:00:00,0.95727,0.9578,0.95724,0.95772,318,20,0
2022-06-03 01:30:00,0.95771,0.95796,0.95766,0.95767,220,16,0
2022-06-03 02:00:00,0.95767,0.95774,0.95752,0.95768,140,16,0
2022-06-03 02:30:00,0.95767,0.95775,0.95744,0.95754,117,16,0
2022-06-03 03:00:00,0.95754,0.95797,0.95746,0.95747,505,16,0
2022-06-03 03:30:00,0.95747,0.95755,0.95673,0.95699,1153,16,0
2022-06-03 04:00:00,0.95698,0.95741,0.95695,0.95727,831,16,0
2022-06-03 04:30:00,0.95728,0.95737,0.957,0.95708,735,16,0
2022-06-03 05:00:00,0.95709,0.95747,0.95705,0.95707,1021,16,0
2022-06-03 05:30:00,0.95707,0.95742,0.95706,0.95723,360,16,0
2022-06-03 06:00:00,0.95723,0.9575,0.9572,0.95734,263,16,0
2022-06-03 06:30:00,0.95734,0.95766,0.95731,0.95761,453,16,0
2022-06-03 07:00:00,0.9576,0.95779,0.95753,0.95772,418,16,0
2022-06-03 07:30:00,0.95773,0.95788,0.95759,0.95787,753,16,0
2022-06-03 08:00:00,0.95787,0.95801,0.95757,0.95758,215,16,0
2022-06-03 08:30:00,0.95757,0.95786,0.95756,0.95772,172,16,0
2022-06-03 09:00:00,0.95771,0.95787,0.95754,0.9578,354,16,0
2022-06-03 09:30:00,0.9578,0.9581,0.95774,0.95791,528,16,0
2022-06-03 10:00:00,0.95797,0.95811,0.95681,0.95682,809,16,0
2022-06-03 10:30:00,0.95683,0.95698,0.95558,0.95617,962,16,0
2022-06-03 11:00:00,0.95618,0.95688,0.95611,0.95671,1000,16,0
2022-06-03 11:30:00,0.95669,0.9583,0.95651,0.95814,926,16,0
2022-06-03 12:00:00,0.95815,0.95976,0.95801,0.95954,1033,16,0
2022-06-03 12:30:00,0.95954,0.95979,0.95924,0.95928,709,16,0
2022-06-03 13:00:00,0.95928,0.95959,0.95876,0.95918,719,16,0
2022-06-03 13:30:00,0.95918,0.95974,0.95891,0.95893,710,16,0
2022-06-03 14:00:00,0.95894,0.95954,0.95873,0.9595,1029,16,0
2022-06-03 14:30:00,0.9595,0.96052,0.95946,0.96013,1121,16,0
2022-06-03 15:00:00,0.96013,0.96051,0.95922,0.96012,1357,16,0
2022-06-03 15:30:00,0.95995,0.9642,0.95923,0.96253,4582,16,0
2022-06-03 16:00:00,0.96253,0.9628,0.96069,0.96083,1995,16,0
2022-06-03 16:30:00,0.96083,0.96173,0.9601,0.96032,2559,16,0
2022-06-03 17:00:00,0.96002,0.96218,0.95997,0.96185,2151,16,0
2022-06-03 17:30:00,0.96186,0.96286,0.9614,0.96205,1999,16,0
2022-06-03 18:00:00,0.96205,0.96292,0.96202,0.96256,1038,16,0
2022-06-03 18:30:00,0.96255,0.96376,0.96244,0.96361,898,16,0
2022-06-03 19:00:00,0.96361,0.96367,0.96276,0.96278,835,16,0
2022-06-03 19:30:00,0.96276,0.96291,0.96221,0.96226,563,16,0
2022-06-03 20:00:00,0.96231,0.9627,0.96193,0.96256,518,16,0
2022-06-03 20:30:00,0.96257,0.96274,0.96242,0.96265,512,16,0
2022-06-03 21:00:00,0.96265,0.96295,0.96259,0.96264,607,16,0
2022-06-03 21:30:00,0.96261,0.96281,0.96237,0.96238,464,16,0
2022-06-03 22:00:00,0.96237,0.96269,0.96212,0.9625,450,16,0
2022-06-03 22:30:00,0.96252,0.96265,0.96232,0.96244,324,16,0
2022-06-03 23:00:00,0.96243,0.96266,0.96226,0.96234,922,17,0
2022-06-03 23:30:00,0.96233,0.96285,0.96212,0.96249,625,21,0
2022-06-06 00:00:00,0.96097,0.96097,0.96097,0.96097,1,170,0
2022-06-06 00:30:00,0.96172,0.96172,0.96142,0.96154,22,170,0
2022-06-06 01:00:00,0.9624,0.96335,0.96203,0.96238,1082,16,0
2022-06-06 01:30:00,0.96241,0.96251,0.96221,0.96231,435,16,0
2022-06-06 02:00:00,0.9623,0.96254,0.96225,0.96237,213,16,0
2022-06-06 02:30:00,0.96238,0.96246,0.96213,0.96229,224,16,0
2022-06-06 03:00:00,0.96229,0.96246,0.96189,0.96201,509,16,0
2022-06-06 03:30:00,0.962,0.96282,0.96194,0.96275,1081,16,0
2022-06-06 04:00:00,0.96277,0.96277,0.96196,0.96217,554,16,0
2022-06-06 04:30:00,0.96217,0.96263,0.96191,0.96201,397,16,0
2022-06-06 05:00:00,0.96205,0.9621,0.96168,0.96176,289,16,0
2022-06-06 05:30:00,0.96176,0.96184,0.96157,0.96167,214,16,0
2022-06-06 06:00:00,0.96168,0.96174,0.96153,0.96165,135,16,0
2022-06-06 06:30:00,0.96165,0.96169,0.9612,0.9613,186,16,0
2022-06-06 07:00:00,0.9613,0.96181,0.9613,0.9616,409,16,0
2022-06-06 07:30:00,0.96159,0.96174,0.96124,0.96152,595,16,0
2022-06-06 08:00:00,0.96152,0.96206,0.96112,0.96195,1135,16,0
2022-06-06 08:30:00,0.96196,0.96209,0.96159,0.96209,269,16,0
2022-06-06 09:00:00,0.9621,0.96228,0.96164,0.96218,539,16,0
2022-06-06 09:30:00,0.96219,0.96225,0.96141,0.9615,547,16,0
2022-06-06 10:00:00,0.96151,0.96211,0.96112,0.96201,969,16,0
2022-06-06 10:30:00,0.96201,0.96227,0.96104,0.96106,1171,16,0
2022-06-06 11:00:00,0.96108,0.96142,0.96046,0.96115,990,16,0
2022-06-06 11:30:00,0.96115,0.96136,0.96067,0.96068,712,16,0
2022-06-06 12:00:00,0.96069,0.96109,0.96046,0.96093,597,16,0
2022-06-06 12:30:00,0.96091,0.96108,0.96057,0.96057,460,16,0
2022-06-06 13:00:00,0.96057,0.9611,0.96048,0.96101,731,16,0
2022-06-06 13:30:00,0.961,0.96182,0.961,0.96163,546,16,0
2022-06-06 14:00:00,0.96162,0.96184,0.96148,0.96173,432,16,0
2022-06-06 14:30:00,0.96172,0.96202,0.96157,0.96185,469,16,0
2022-06-06 15:00:00,0.96184,0.96328,0.96179,0.96279,794,16,0
2022-06-06 15:30:00,0.96278,0.96325,0.96269,0.96295,741,16,0
2022-06-06 16:00:00,0.96295,0.96391,0.96281,0.96369,685,16,0
2022-06-06 16:30:00,0.9637,0.96414,0.96344,0.96387,1010,16,0
2022-06-06 17:00:00,0.96387,0.96626,0.96367,0.96621,1744,16,0
2022-06-06 17:30:00,0.96621,0.9682,0.96585,0.96608,2377,16,0
2022-06-06 18:00:00,0.96609,0.96918,0.96581,0.96894,2062,16,0
2022-06-06 18:30:00,0.96895,0.96926,0.96843,0.96895,1457,16,0
2022-06-06 19:00:00,0.96897,0.96954,0.96874,0.9695,781,16,0
2022-06-06 19:30:00,0.96951,0.96985,0.96934,0.96955,650,16,0
2022-06-06 20:00:00,0.96952,0.97019,0.96941,0.96987,799,16,0
2022-06-06 20:30:00,0.96988,0.97125,0.96969,0.97121,591,16,0
2022-06-06 21:00:00,0.97119,0.9712,0.97049,0.97085,631,16,0
2022-06-06 21:30:00,0.97086,0.9712,0.97074,0.97105,536,16,0
2022-06-06 22:00:00,0.97105,0.97134,0.97055,0.97064,575,16,0
2022-06-06 22:30:00,0.97067,0.97067,0.9703,0.97044,521,16,0
2022-06-06 23:00:00,0.97045,0.97089,0.97043,0.9708,346,17,0
2022-06-06 23:30:00,0.9708,0.97082,0.9703,0.9703,360,21,0
2022-06-07 00:00:00,0.9704,0.9704,0.9704,0.9704,2,58,0
2022-06-07 01:00:00,0.97017,0.97095,0.97017,0.97092,382,18,0
2022-06-07 01:30:00,0.97092,0.97092,0.97071,0.97078,134,21,0
2022-06-07 02:00:00,0.97078,0.97149,0.97076,0.97143,458,16,0
2022-06-07 02:30:00,0.97144,0.97178,0.97118,0.9713,609,16,0
2022-06-07 03:00:00,0.97129,0.97156,0.97089,0.97136,426,16,0
2022-06-07 03:30:00,0.97137,0.97176,0.97118,0.97159,700,16,0
2022-06-07 04:00:00,0.97158,0.97238,0.97128,0.97208,1328,16,0
2022-06-07 04:30:00,0.97208,0.97219,0.97171,0.97188,1153,16,0
2022-06-07 05:00:00,0.97189,0.97232,0.9718,0.97196,1015,16,0
2022-06-07 05:30:00,0.97195,0.9723,0.97167,0.9717,494,16,0
2022-06-07 06:00:00,0.9717,0.97188,0.97099,0.97139,400,16,0
2022-06-07 06:30:00,0.9714,0.97161,0.97129,0.97135,304,16,0
2022-06-07 07:00:00,0.97135,0.97153,0.97097,0.97101,272,16,0
2022-06-07 07:30:00,0.97096,0.97184,0.97044,0.97183,1529,16,0
2022-06-07 08:00:00,0.97182,0.97266,0.97156,0.97245,1085,16,0
2022-06-07 08:30:00,0.97245,0.97297,0.97203,0.9727,880,16,0
2022-06-07 09:00:00,0.97271,0.97372,0.9726,0.97303,1191,16,0
2022-06-07 09:30:00,0.97303,0.97386,0.97237,0.9738,1169,16,0
2022-06-07 10:00:00,0.97376,0.97386,0.9727,0.97356,1571,16,0
2022-06-07 10:30:00,0.97357,0.97526,0.97294,0.97498,1331,16,0
2022-06-07 11:00:00,0.97498,0.97518,0.97313,0.97361,1293,16,0
2022-06-07 11:30:00,0.97358,0.97578,0.97328,0.97575,1089,16,0
2022-06-07 12:00:00,0.97575,0.97662,0.97544,0.97578,993,16,0
2022-06-07 12:30:00,0.97584,0.97662,0.97561,0.97621,787,16,0
2022-06-07 13:00:00,0.97621,0.97723,0.97578,0.97705,791,16,0
2022-06-07 13:30:00,0.97705,0.97719,0.97589,0.97631,1001,16,0
2022-06-07 14:00:00,0.97633,0.97684,0.97531,0.97619,1085,16,0
2022-06-07 14:30:00,0.97618,0.97783,0.97608,0.97729,1330,16,0
2022-06-07 15:00:00,0.97729,0.97768,0.97592,0.97613,1075,16,0
2022-06-07 15:30:00,0.97613,0.97656,0.97541,0.97646,1336,16,0
2022-06-07 16:00:00,0.97649,0.97692,0.97546,0.9757,1380,16,0
2022-06-07 16:30:00,0.97568,0.97592,0.97286,0.97326,2724,16,0
2022-06-07 17:00:00,0.97326,0.97483,0.97311,0.97358,1860,16,0
2022-06-07 17:30:00,0.97356,0.97362,0.97194,0.97236,2520,16,0
2022-06-07 18:00:00,0.97237,0.9728,0.97204,0.97252,1389,16,0
2022-06-07 18:30:00,0.97252,0.97347,0.97241,0.97326,1021,16,0
2022-06-07 19:00:00,0.97325,0.97345,0.97282,0.9731,671,16,0
2022-06-07 19:30:00,0.97318,0.9733,0.97269,0.97325,798,16,0
2022-06-07 20:00:00,0.97322,0.97405,0.97307,0.97365,619,16,0
2022-06-07 20:30:00,0.97365,0.97378,0.97314,0.97336,569,16,0
2022-06-07 21:00:00,0.97336,0.97354,0.97205,0.97205,599,16,0
2022-06-07 21:30:00,0.97204,0.97242,0.9715,0.97231,969,16,0
2022-06-07 22:00:00,0.97225,0.9725,0.97206,0.97235,691,16,0
2022-06-07 22:30:00,0.97235,0.97267,0.97207,0.97265,777,16,0
2022-06-07 23:00:00,0.97265,0.97279,0.97235,0.97279,260,16,0
2022-06-07 23:30:00,0.97278,0.97278,0.97239,0.97262,279,21,0
2022-06-08 00:00:00,0.97232,0.97232,0.97148,0.97151,11,170,0
2022-06-08 00:30:00,0.97139,0.97225,0.97139,0.97225,14,87,0
2022-06-08 01:00:00,0.97224,0.97283,0.97208,0.97283,466,18,0
2022-06-08 01:30:00,0.97282,0.97301,0.97274,0.9728,517,16,0
2022-06-08 02:00:00,0.97279,0.97331,0.97279,0.97331,216,16,0
2022-06-08 02:30:00,0.97331,0.97353,0.97305,0.97351,364,16,0
2022-06-08 03:00:00,0.97346,0.97384,0.97326,0.97354,535,16,0
2022-06-08 03:30:00,0.97353,0.97409,0.9732,0.97405,474,16,0
2022-06-08 04:00:00,0.97406,0.97472,0.97391,0.97398,899,16,0
2022-06-08 04:30:00,0.97397,0.9749,0.97387,0.9745,1266,16,0
2022-06-08 05:00:00,0.97451,0.97455,0.9739,0.97421,995,16,0
2022-06-08 05:30:00,0.97421,0.97431,0.97372,0.97388,716,16,0
2022-06-08 06:00:00,0.97388,0.9744,0.97376,0.97435,633,16,0
2022-06-08 06:30:00,0.97435,0.97466,0.97421,0.97458,513,16,0
2022-06-08 07:00:00,0.97457,0.97494,0.97454,0.97471,607,16,0
2022-06-08 07:30:00,0.9747,0.97518,0.9747,0.97517,430,16,0
2022-06-08 08:00:00,0.97518,0.97524,0.97483,0.975,518,16,0
2022-06-08 08:30:00,0.97499,0.97499,0.97445,0.97467,462,16,0
2022-06-08 09:00:00,0.97469,0.97496,0.9737,0.97401,1009,16,0
2022-06-08 09:30:00,0.974,0.97444,0.9738,0.97405,747,16,0
2022-06-08 10:00:00,0.97405,0.97612,0.9736,0.97544,1749,16,0
2022-06-08 10:30:00,0.97544,0.9761,0.97506,0.976,1008,16,0
2022-06-08 11:00:00,0.976,0.97675,0.97587,0.9767,1245,16,0
2022-06-08 11:30:00,0.97671,0.97881,0.9767,0.97875,1635,16,0
2022-06-08 12:00:00,0.97876,0.97879,0.9778,0.9778,1570,16,0
2022-06-08 12:30:00,0.97779,0.97782,0.97663,0.97727,1116,16,0
2022-06-08 13:00:00,0.97727,0.97762,0.97671,0.97748,1386,16,0
2022-06-08 13:30:00,0.9775,0.97794,0.97696,0.9773,1349,16,0
2022-06-08 14:00:00,0.97731,0.97757,0.97524,0.97584,1144,16,0
2022-06-08 14:30:00,0.97583,0.97659,0.97539,0.97617,1002,16,0
2022-06-08 15:00:00,0.9762,0.97831,0.9758,0.97822,1296,16,0
2022-06-08 15:30:00,0.97821,0.97835,0.97714,0.97726,1342,16,0
2022-06-08 16:00:00,0.97726,0.9775,0.97539,0.97554,1416,16,0
2022-06-08 16:30:00,0.97553,0.97609,0.97302,0.97367,2305,16,0
2022-06-08 17:00:00,0.97365,0.97456,0.97294,0.97419,1885,16,0
2022-06-08 17:30:00,0.97417,0.97451,0.97329,0.97436,2094,16,0
2022-06-08 18:00:00,0.97436,0.97494,0.97387,0.97467,1322,16,0
2022-06-08 18:30:00,0.97465,0.97504,0.9745,0.97486,726,16,0
2022-06-08 19:00:00,0.97485,0.97578,0.97477,0.97481,704,16,0
2022-06-08 19:30:00,0.9748,0.97577,0.9748,0.97564,713,16,0
2022-06-08 20:00:00,0.97568,0.97643,0.97565,0.97619,1178,16,0
2022-06-08 20:30:00,0.9762,0.97667,0.97616,0.97649,406,16,0
2022-06-08 21:00:00,0.9765,0.97706,0.97643,0.97694,506,16,0
2022-06-08 21:30:00,0.97695,0.97802,0.97695,0.97763,477,16,0
2022-06-08 22:00:00,0.97765,0.97793,0.97743,0.97775,358,16,0
2022-06-08 22:30:00,0.97776,0.97869,0.97773,0.97856,499,16,0
2022-06-08 23:00:00,0.97853,0.9787,0.97827,0.9786,324,16,0
2022-06-08 23:30:00,0.97859,0.97872,0.97813,0.97813,158,21,0
2022-06-09 00:00:00,0.97787,0.97787,0.97718,0.97736,5,90,0
2022-06-09 00:30:00,0.97728,0.97816,0.97728,0.97765,7,95,0
2022-06-09 01:00:00,0.97792,0.97853,0.97792,0.97853,438,17,0
2022-06-09 01:30:00,0.97855,0.97859,0.97835,0.97844,324,18,0
2022-06-09 02:00:00,0.97842,0.97872,0.97831,0.97852,194,16,0
2022-06-09 02:30:00,0.97854,0.97892,0.97851,0.97879,422,16,0
2022-06-09 03:00:00,0.97879,0.97925,0.9785,0.97862,433,16,0
2022-06-09 03:30:00,0.97862,0.9792,0.97855,0.97884,506,16,0
2022-06-09 04:00:00,0.97881,0.97896,0.97852,0.97866,742,16,0
2022-06-09 04:30:00,0.97864,0.97891,0.97842,0.97885,718,16,0
2022-06-09 05:00:00,0.97883,0.97901,0.9786,0.97868,646,16,0
2022-06-09 05:30:00,0.97868,0.97872,0.97822,0.97825,578,16,0
2022-06-09 06:00:00,0.97825,0.97837,0.97801,0.97822,210,16,0
2022-06-09 06:30:00,0.97822,0.97831,0.9768,0.97705,565,16,0
2022-06-09 07:00:00,0.97706,0.97757,0.97701,0.97754,576,16,0
2022-06-09 07:30:00,0.97754,0.97783,0.97731,0.97775,366,16,0
2022-06-09 08:00:00,0.97776,0.97797,0.97751,0.97766,479,16,0
2022-06-09 08:30:00,0.97765,0.97798,0.97687,0.97796,638,16,0
2022-06-09 09:00:00,0.97795,0.97885,0.97785,0.97874,992,16,0
2022-06-09 09:30:00,0.97875,0.97882,0.9779,0.97801,1065,16,0
2022-06-09 10:00:00,0.97802,0.97952,0.97801,0.97946,1391,16,0
2022-06-09 10:30:00,0.97948,0.97977,0.97864,0.97928,1187,16,0
2022-06-09 11:00:00,0.97929,0.98,0.97899,0.98,1083,16,0
2022-06-09 11:30:00,0.98,0.98001,0.97838,0.97862,1128,16,0
2022-06-09 12:00:00,0.97862,0.97906,0.97801,0.97837,731,16,0
2022-06-09 12:30:00,0.97837,0.9784,0.97716,0.97719,805,16,0
2022-06-09 13:00:00,0.97719,0.9777,0.97691,0.97699,744,16,0
2022-06-09 13:30:00,0.97699,0.97782,0.97683,0.97763,908,16,0
2022-06-09 14:00:00,0.97762,0.97824,0.97724,0.97752,1414,16,0
2022-06-09 14:30:00,0.97749,0.97886,0.97672,0.97731,4323,15,0
2022-06-09 15:00:00,0.97731,0.97794,0.97583,0.97639,3748,16,0
2022-06-09 15:30:00,0.9764,0.97697,0.97507,0.97511,4063,16,0
2022-06-09 16:00:00,0.9751,0.97539,0.97319,0.97402,3425,16,0
2022-06-09 16:30:00,0.97405,0.97426,0.97228,0.97285,4053,16,0
2022-06-09 17:00:00,0.97284,0.97668,0.97244,0.97564,3369,16,0
2022-06-09 17:30:00,0.97564,0.97922,0.97563,0.97914,2912,16,0
2022-06-09 18:00:00,0.97916,0.97958,0.97823,0.97828,2773,16,0
2022-06-09 18:30:00,0.97829,0.97856,0.97685,0.97771,1519,16,0
2022-06-09 19:00:00,0.97771,0.9787,0.9776,0.97813,962,16,0
2022-06-09 19:30:00,0.97814,0.97834,0.97736,0.97798,683,16,0
2022-06-09 20:00:00,0.97798,0.97902,0.97756,0.97856,1095,16,0
2022-06-09 20:30:00,0.97854,0.979,0.9785,0.97879,634,16,0
2022-06-09 21:00:00,0.97879,0.97905,0.97862,0.97905,739,16,0
2022-06-09 21:30:00,0.97906,0.97992,0.97906,0.97988,548,16,0
2022-06-09 22:00:00,0.97986,0.98019,0.97984,0.98012,644,16,0
2022-06-09 22:30:00,0.98014,0.98086,0.98011,0.98074,668,16,0
2022-06-09 23:00:00,0.98071,0.98164,0.98068,0.98075,935,16,0
2022-06-09 23:30:00,0.98075,0.98083,0.97965,0.9799,501,21,0
2022-06-10 00:30:00,0.97954,0.97978,0.97954,0.97975,4,98,0
2022-06-10 01:00:00,0.97976,0.9804,0.97955,0.98039,434,16,0
2022-06-10 01:30:00,0.9804,0.98063,0.98036,0.98058,1185,16,0
2022-06-10 02:00:00,0.98059,0.98076,0.98053,0.98063,595,16,0
2022-06-10 02:30:00,0.98063,0.98063,0.98028,0.9803,1084,16,0
2022-06-10 03:00:00,0.98029,0.98062,0.9802,0.98027,1122,16,0
2022-06-10 03:30:00,0.98028,0.98031,0.97928,0.97931,633,16,0
2022-06-10 04:00:00,0.9793,0.9796,0.97907,0.97953,707,16,0
2022-06-10 04:30:00,0.97959,0.97992,0.97945,0.97964,582,16,0
2022-06-10 05:00:00,0.97965,0.97967,0.97912,0.97912,453,16,0
2022-06-10 05:30:00,0.97913,0.97963,0.97899,0.97904,442,16,0
2022-06-10 06:00:00,0.97907,0.97921,0.979,0.979,625,16,0
2022-06-10 06:30:00,0.97902,0.97904,0.97886,0.979,445,16,0
2022-06-10 07:00:00,0.97899,0.97917,0.97879,0.97915,659,16,0
2022-06-10 07:30:00,0.97916,0.97949,0.97908,0.97945,685,16,0
2022-06-10 08:00:00,0.97946,0.97946,0.97843,0.97878,1546,16,0
2022-06-10 08:30:00,0.97878,0.97898,0.97844,0.97896,815,16,0
2022-06-10 09:00:00,0.97898,0.97939,0.97804,0.97811,1404,16,0
2022-06-10 09:30:00,0.97814,0.9786,0.97727,0.97767,1374,16,0
2022-06-10 10:00:00,0.97766,0.97786,0.97653,0.9768,1786,16,0
2022-06-10 10:30:00,0.9768,0.97842,0.97679,0.97832,1613,16,0
2022-06-10 11:00:00,0.97833,0.97888,0.97795,0.97855,1023,16,0
2022-06-10 11:30:00,0.97854,0.97904,0.97781,0.97897,1166,16,0
2022-06-10 12:00:00,0.97897,0.98062,0.97869,0.98042,1101,16,0
2022-06-10 12:30:00,0.98041,0.98151,0.97996,0.98111,1197,16,0
2022-06-10 13:00:00,0.98112,0.98183,0.98087,0.98136,1141,16,0
2022-06-10 13:30:00,0.98135,0.98152,0.98072,0.98132,1086,16,0
2022-06-10 14:00:00,0.98132,0.98272,0.98108,0.98248,1125,16,0
2022-06-10 14:30:00,0.98251,0.98422,0.9825,0.98383,1340,16,0
2022-06-10 15:00:00,0.98382,0.98414,0.98228,0.98252,1352,16,0
2022-06-10 15:30:00,0.98228,0.98657,0.98226,0.98614,6560,16,0
2022-06-10 16:00:00,0.98614,0.98746,0.98468,0.98698,4006,16,0
2022-06-10 16:30:00,0.98699,0.98916,0.98695,0.98797,3840,16,0
2022-06-10 17:00:00,0.98796,0.98972,0.98792,0.98869,2929,16,0
2022-06-10 17:30:00,0.98869,0.9889,0.98764,0.98824,2783,16,0
2022-06-10 18:00:00,0.98824,0.98848,0.98764,0.9884,2521,16,0
2022-06-10 18:30:00,0.98841,0.98932,0.9884,0.98858,1426,16,0
2022-06-10 19:00:00,0.98858,0.98904,0.9882,0.98848,1087,16,0
2022-06-10 19:30:00,0.98848,0.9888,0.98812,0.98868,986,16,0
2022-06-10 20:00:00,0.9887,0.98872,0.98747,0.98747,706,16,0
2022-06-10 20:30:00,0.98748,0.98834,0.98733,0.9883,1022,16,0
2022-06-10 21:00:00,0.9883,0.98876,0.98814,0.9886,857,16,0
2022-06-10 21:30:00,0.9886,0.98883,0.98769,0.98803,899,16,0
2022-06-10 22:00:00,0.98804,0.98834,0.98771,0.98788,990,16,0
2022-06-10 22:30:00,0.98784,0.9883,0.98776,0.98816,680,16,0
2022-06-10 23:00:00,0.98816,0.98826,0.98794,0.98794,384,16,0
2022-06-10 23:30:00,0.98794,0.98817,0.9867,0.98701,715,21,0
2022-06-13 00:00:00,0.9873,0.9873,0.98691,0.98691,5,80,0
2022-06-13 00:30:00,0.98707,0.98708,0.987,0.98708,3,164,0
2022-06-13 01:00:00,0.98751,0.98897,0.98747,0.98749,767,16,0
2022-06-13 01:30:00,0.98751,0.98872,0.98749,0.98841,589,20,0
2022-06-13 02:00:00,0.9884,0.98901,0.98806,0.98867,648,16,0
2022-06-13 02:30:00,0.98866,0.98959,0.98862,0.9892,1155,16,0
2022-06-13 03:00:00,0.9892,0.98961,0.98869,0.98875,1218,16,0
2022-06-13 03:30:00,0.98875,0.98987,0.98865,0.98952,1125,16,0
2022-06-13 04:00:00,0.98952,0.98989,0.98915,0.98931,1828,16,0
2022-06-13 04:30:00,0.98931,0.98942,0.9888,0.98915,1271,16,0
2022-06-13 05:00:00,0.98913,0.98952,0.98828,0.98919,1735,16,0
2022-06-13 05:30:00,0.98919,0.98933,0.9886,0.98903,1000,16,0
2022-06-13 06:00:00,0.98904,0.98908,0.98861,0.98895,625,16,0
2022-06-13 06:30:00,0.98896,0.98929,0.98894,0.98906,281,16,0
2022-06-13 07:00:00,0.98906,0.98953,0.98905,0.98933,618,16,0
2022-06-13 07:30:00,0.98933,0.98974,0.98885,0.98886,896,16,0
2022-06-13 08:00:00,0.98887,0.98923,0.98819,0.98866,1010,16,0
2022-06-13 08:30:00,0.98869,0.9893,0.98843,0.98893,799,16,0
2022-06-13 09:00:00,0.98902,0.98918,0.98809,0.98888,1138,16,0
2022-06-13 09:30:00,0.98887,0.99128,0.9888,0.99112,1477,16,0
2022-06-13 10:00:00,0.99111,0.99111,0.98884,0.99041,2149,16,0
2022-06-13 10:30:00,0.99042,0.99172,0.98992,0.99139,1995,16,0
2022-06-13 11:00:00,0.99138,0.99229,0.9897,0.98983,1995,16,0
2022-06-13 11:30:00,0.98984,0.99137,0.98948,0.99132,1697,16,0
2022-06-13 12:00:00,0.99133,0.99213,0.9906,0.99141,1644,16,0
2022-06-13 12:30:00,0.99141,0.99354,0.99135,0.99352,1538,16,0
2022-06-13 13:00:00,0.99351,0.99445,0.99235,0.99278,1875,16,0
2022-06-13 13:30:00,0.99277,0.99301,0.99155,0.99283,1748,16,0
2022-06-13 14:00:00,0.99284,0.9942,0.99283,0.9934,1634,16,0
2022-06-13 14:30:00,0.99339,0.9944,0.99235,0.99422,1969,16,0
2022-06-13 15:00:00,0.99418,0.9942,0.99013,0.99024,2954,16,0
2022-06-13 15:30:00,0.99021,0.99194,0.99021,0.99165,3163,16,0
2022-06-13 16:00:00,0.99165,0.99303,0.99127,0.99296,1910,16,0
2022-06-13 16:30:00,0.99294,0.99413,0.99166,0.99377,2974,16,0
2022-06-13 17:00:00,0.99376,0.99586,0.99351,0.9949,2838,16,0
2022-06-13 17:30:00,0.99492,0.99708,0.9945,0.99705,2406,16,0
2022-06-13 18:00:00,0.99706,0.99777,0.9964,0.99649,2387,16,0
2022-06-13 18:30:00,0.99649,0.99736,0.99633,0.99658,1999,16,0
2022-06-13 19:00:00,0.99658,0.99679,0.99464,0.99479,1859,16,0
2022-06-13 19:30:00,0.9948,0.99574,0.99414,0.99574,1298,16,0
2022-06-13 20:00:00,0.99576,0.99587,0.99507,0.99534,883,16,0
2022-06-13 20:30:00,0.99536,0.99572,0.99452,0.99506,1300,16,0
2022-06-13 21:00:00,0.99507,0.99631,0.99503,0.99624,1262,16,0
2022-06-13 21:30:00,0.99624,0.99746,0.99603,0.99728,1467,16,0
2022-06-13 22:00:00,0.9973,0.99892,0.99544,0.99887,4844,16,0
2022-06-13 22:30:00,0.99882,0.99937,0.99773,0.99821,2821,16,0
2022-06-13 23:00:00,0.99821,0.99897,0.99769,0.99812,1481,19,0
2022-06-13 23:30:00,0.99813,0.99819,0.99672,0.99701,765,21,0
2022-06-14 00:00:00,0.99652,0.99676,0.99652,0.99676,2,99,0
2022-06-14 00:30:00,0.99652,0.99702,0.99652,0.99673,33,56,0
2022-06-14 01:00:00,0.99692,0.99758,0.99684,0.99698,393,16,0
2022-06-14 01:30:00,0.99698,0.99706,0.99648,0.99678,525,16,0
2022-06-14 02:00:00,0.99679,0.99705,0.99663,0.99669,230,16,0
2022-06-14 02:30:00,0.99669,0.99738,0.99664,0.99665,389,16,0
2022-06-14 03:00:00,0.99665,0.99764,0.99576,0.99596,2091,16,0
2022-06-14 03:30:00,0.996,0.99606,0.99534,0.99565,1148,16,0
2022-06-14 04:00:00,0.99565,0.99687,0.99545,0.99666,1386,16,0
2022-06-14 04:30:00,0.99661,0.99747,0.99641,0.99706,2082,16,0
2022-06-14 05:00:00,0.99712,0.99766,0.99676,0.99714,1402,16,0
2022-06-14 05:30:00,0.99723,0.99725,0.99571,0.99601,1030,16,0
2022-06-14 06:00:00,0.99602,0.99662,0.99535,0.99632,2236,16,0
2022-06-14 06:30:00,0.99632,0.99662,0.99528,0.99579,1340,16,0
2022-06-14 07:00:00,0.99578,0.99578,0.99474,0.99525,1598,16,0
2022-06-14 07:30:00,0.9953,0.99604,0.99511,0.9959,1707,16,0
2022-06-14 08:00:00,0.99589,0.9967,0.99566,0.9967,494,16,0
2022-06-14 08:30:00,0.9967,0.9968,0.99486,0.99553,1330,16,0
2022-06-14 09:00:00,0.99555,0.99627,0.99465,0.99509,2092,16,0
2022-06-14 09:30:00,0.99511,0.99563,0.99331,0.99415,1921,16,0
2022-06-14 10:00:00,0.99415,0.99429,0.99195,0.99225,2521,16,0
2022-06-14 10:30:00,0.99224,0.99245,0.99001,0.99041,2134,16,0
2022-06-14 11:00:00,0.99042,0.99085,0.98852,0.98868,2205,16,0
2022-06-14 11:30:00,0.98869,0.98899,0.98727,0.98886,2977,16,0
2022-06-14 12:00:00,0.98885,0.99124,0.98853,0.99093,2329,16,0
2022-06-14 12:30:00,0.99093,0.99337,0.99074,0.99321,2090,16,0
2022-06-14 13:00:00,0.99321,0.99384,0.99281,0.99351,1713,16,0
2022-06-14 13:30:00,0.9935,0.99437,0.9932,0.99381,1548,16,0
2022-06-14 14:00:00,0.99381,0.99423,0.99342,0.99361,1971,16,0
2022-06-14 14:30:00,0.99362,0.99407,0.99276,0.99398,2067,16,0
2022-06-14 15:00:00,0.99398,0.99501,0.99326,0.99414,2876,16,0
2022-06-14 15:30:00,0.99415,0.9953,0.99346,0.99499,3531,16,0
2022-06-14 16:00:00,0.99499,0.99506,0.99361,0.99458,2794,16,0
2022-06-14 16:30:00,0.99456,0.99499,0.994,0.99483,3202,16,0
2022-06-14 17:00:00,0.99483,0.99878,0.9946,0.9986,2718,16,0
2022-06-14 17:30:00,0.99861,1.00019,0.9983,1.00015,3298,16,0
2022-06-14 18:00:00,1.00016,1.00134,0.99943,0.99977,2938,16,0
2022-06-14 18:30:00,0.99968,1.0027,0.99946,1.00168,2499,16,0
2022-06-14 19:00:00,1.00169,1.00227,1.00093,1.00111,2168,16,0
2022-06-14 19:30:00,1.00113,1.0026,1.0011,1.00256,1820,16,0
2022-06-14 20:00:00,1.00257,1.00257,1.00054,1.0011,1611,16,0
2022-06-14 20:30:00,1.0011,1.00139,1.00078,1.00127,1291,16,0
2022-06-14 21:00:00,1.00126,1.00141,1.00002,1.0012,1482,16,0
2022-06-14 21:30:00,1.0012,1.00305,1.00103,1.00275,1273,16,0
2022-06-14 22:00:00,1.00276,1.00359,1.00244,1.00251,1244,16,0
2022-06-14 22:30:00,1.00251,1.00277,1.00153,1.00177,1865,16,0
2022-06-14 23:00:00,1.00176,1.00191,1.0012,1.00188,454,16,0
2022-06-14 23:30:00,1.00188,1.00188,1.00134,1.00145,271,21,0
2022-06-15 00:00:00,1.00132,1.00176,1.00109,1.00148,26,43,0
2022-06-15 00:30:00,1.0012,1.0012,1.00081,1.00081,10,162,0
2022-06-15 01:00:00,1.00121,1.00186,1.00088,1.00133,966,22,0
2022-06-15 01:30:00,1.00151,1.00152,1.00065,1.00068,357,40,0
2022-06-15 02:00:00,1.00067,1.00117,0.99971,1.0001,951,16,0
2022-06-15 02:30:00,1.00011,1.0002,0.99921,0.99939,927,16,0
2022-06-15 03:00:00,0.9994,1.00054,0.99881,1.0001,3407,16,0
2022-06-15 03:30:00,1.00013,1.00027,0.99951,0.99956,1801,16,0
2022-06-15 04:00:00,0.99957,1.00001,0.99858,0.99867,1480,16,0
2022-06-15 04:30:00,0.99868,0.99954,0.99864,0.99919,1179,16,0
2022-06-15 05:00:00,0.9992,0.99948,0.99868,0.99891,1444,16,0
2022-06-15 05:30:00,0.99893,0.99909,0.99854,0.99873,1907,16,0
2022-06-15 06:00:00,0.99874,0.99904,0.9986,0.99879,519,16,0
2022-06-15 06:30:00,0.9988,0.99946,0.99879,0.99928,2543,16,0
2022-06-15 07:00:00,0.99929,1.00012,0.9992,1.00009,1646,16,0
2022-06-15 07:30:00,1.00008,1.00083,0.99998,1.00073,875,16,0
2022-06-15 08:00:00,1.00073,1.00094,1.00015,1.00024,1119,16,0
2022-06-15 08:30:00,1.00026,1.00188,0.99964,1.00033,2279,16,0
2022-06-15 09:00:00,1.00033,1.00048,0.99816,0.9985,3113,16,0
2022-06-15 09:30:00,0.99851,0.99942,0.99711,0.99819,1907,16,0
2022-06-15 10:00:00,0.9982,0.99939,0.9982,0.99887,2474,16,0
2022-06-15 10:30:00,0.99888,0.99976,0.99752,0.999,3574,16,0
2022-06-15 11:00:00,0.99899,0.99905,0.99743,0.99828,3379,16,0
2022-06-15 11:30:00,0.99827,0.99887,0.99702,0.99703,2570,16,0
2022-06-15 12:00:00,0.99704,0.99805,0.99601,0.99799,2281,16,0
2022-06-15 12:30:00,0.99798,0.99819,0.99664,0.99677,2544,16,0
2022-06-15 13:00:00,0.99677,0.9981,0.99675,0.99759,2191,16,0
2022-06-15 13:30:00,0.99759,0.99877,0.99742,0.99873,1876,16,0
2022-06-15 14:00:00,0.99871,0.99911,0.99732,0.99781,1963,16,0
2022-06-15 14:30:00,0.99781,0.99936,0.99752,0.99918,1972,16,0
2022-06-15 15:00:00,0.9991,1.00081,0.99891,0.99983,3228,16,0
2022-06-15 15:30:00,0.99981,1.00086,0.99808,1.00045,4241,16,0
2022-06-15 16:00:00,1.00044,1.00182,1.00008,1.00148,3226,16,0
2022-06-15 16:30:00,1.00146,1.00198,0.99979,0.99987,3201,16,0
2022-06-15 17:00:00,0.99989,1.0006,0.99956,0.99964,2227,16,0
2022-06-15 17:30:00,0.99964,1.00076,0.99902,1.00072,2744,16,0
2022-06-15 18:00:00,1.00072,1.00188,1.00022,1.00032,1906,16,0
2022-06-15 18:30:00,1.00033,1.00228,1.00026,1.0022,1782,16,0
2022-06-15 19:00:00,1.00216,1.00257,1.00173,1.00238,1091,16,0
2022-06-15 19:30:00,1.00236,1.00294,1.00205,1.0028,1192,16,0
2022-06-15 20:00:00,1.00279,1.00287,1.00202,1.00213,1108,16,0
2022-06-15 20:30:00,1.00213,1.00223,1.00035,1.00094,1510,16,0
2022-06-15 21:00:00,1.00092,1.00489,0.99888,1.00286,8928,15,0
2022-06-15 21:30:00,1.00287,1.00431,0.99565,0.99857,9935,16,0
2022-06-15 22:00:00,0.99858,0.99935,0.99336,0.99345,7082,16,0
2022-06-15 22:30:00,0.99346,0.99547,0.9933,0.9944,4789,16,0
2022-06-15 23:00:00,0.99439,0.99451,0.99305,0.99344,1978,16,0
2022-06-15 23:30:00,0.99343,0.9943,0.99301,0.99403,913,21,0
2022-06-16 00:00:00,0.9935,0.99354,0.99343,0.99353,10,161,0
2022-06-16 00:30:00,0.99349,0.99354,0.99347,0.99354,3,121,0
2022-06-16 01:00:00,0.99361,0.99534,0.99361,0.99514,1028,16,0
2022-06-16 01:30:00,0.99516,0.99578,0.99507,0.99564,1555,16,0
2022-06-16 02:00:00,0.99564,0.99615,0.99497,0.9951,473,16,0
2022-06-16 02:30:00,0.99509,0.99517,0.99439,0.99439,1502,16,0
2022-06-16 03:00:00,0.9944,0.99449,0.99313,0.99445,1893,16,0
2022-06-16 03:30:00,0.99446,0.99519,0.99413,0.99506,1779,16,0
2022-06-16 04:00:00,0.99506,0.99598,0.995,0.9957,2130,16,0
2022-06-16 04:30:00,0.9957,0.99809,0.99565,0.99792,2533,16,0
2022-06-16 05:00:00,0.99792,0.99802,0.99695,0.99758,988,16,0
2022-06-16 05:30:00,0.99764,0.99766,0.9959,0.99592,778,16,0
2022-06-16 06:00:00,0.99591,0.99591,0.99501,0.99515,729,16,0
2022-06-16 06:30:00,0.99516,0.99547,0.99478,0.99492,988,16,0
2022-06-16 07:00:00,0.99494,0.99555,0.99483,0.99541,716,16,0
2022-06-16 07:30:00,0.99542,0.99585,0.99513,0.99567,658,16,0
2022-06-16 08:00:00,0.99564,0.99573,0.99517,0.99545,981,16,0
2022-06-16 08:30:00,0.99544,0.99632,0.99537,0.99591,1076,16,0
2022-06-16 09:00:00,0.99594,0.99614,0.99452,0.99465,2060,16,0
2022-06-16 09:30:00,0.99466,0.99851,0.99463,0.99756,2205,16,0
2022-06-16 10:00:00,0.99757,0.99886,0.99714,0.99756,2868,16,0
2022-06-16 10:30:00,0.99751,0.99758,0.97825,0.97929,6494,15,0
2022-06-16 11:00:00,0.97928,0.9833,0.9784,0.98139,5198,15,0
2022-06-16 11:30:00,0.98138,0.98424,0.97948,0.97981,5539,16,0
2022-06-16 12:00:00,0.97981,0.98108,0.97701,0.98022,4085,15,0
2022-06-16 12:30:00,0.98022,0.98128,0.97952,0.9803,3410,15,0
2022-06-16 13:00:00,0.9804,0.98158,0.97974,0.98055,2740,23,0
2022-06-16 13:30:00,0.98054,0.98149,0.9795,0.98123,2405,19,0
2022-06-16 14:00:00,0.98124,0.98136,0.97893,0.97936,3023,20,0
2022-06-16 14:30:00,0.97937,0.98081,0.97879,0.98023,2669,18,0
2022-06-16 15:00:00,0.98025,0.98025,0.97292,0.97369,3503,18,0
2022-06-16 15:30:00,0.9737,0.97497,0.97194,0.97479,3680,19,0
2022-06-16 16:00:00,0.97478,0.97484,0.97262,0.97263,3158,20,0
2022-06-16 16:30:00,0.97263,0.97276,0.9713,0.9715,3898,21,0
2022-06-16 17:00:00,0.97146,0.97384,0.96931,0.96974,3828,25,0
2022-06-16 17:30:00,0.96975,0.97074,0.96825,0.9692,4104,15,0
2022-06-16 18:00:00,0.96919,0.97075,0.96749,0.96868,4659,15,0
2022-06-16 18:30:00,0.96867,0.96935,0.96596,0.96621,3938,15,0
2022-06-16 19:00:00,0.9662,0.9678,0.96488,0.96547,3295,15,0
2022-06-16 19:30:00,0.96549,0.96661,0.96427,0.96536,3935,15,0
2022-06-16 20:00:00,0.96536,0.96603,0.96468,0.96503,3331,15,0
2022-06-16 20:30:00,0.96503,0.96545,0.96343,0.96404,4540,15,0
2022-06-16 21:00:00,0.96405,0.96455,0.96331,0.96337,2521,15,0
2022-06-16 21:30:00,0.96336,0.96436,0.96289,0.96366,2417,15,0
2022-06-16 22:00:00,0.96369,0.96412,0.96316,0.9639,2093,15,0
2022-06-16 22:30:00,0.96391,0.96562,0.96376,0.96553,1932,15,0
2022-06-16 23:00:00,0.96554,0.96621,0.9653,0.9662,1109,21,0
2022-06-16 23:30:00,0.96617,0.96655,0.96609,0.96641,1019,20,0
2022-06-17 00:00:00,0.96555,0.9658,0.96555,0.9658,3,189,0
2022-06-17 00:30:00,0.96555,0.96604,0.96519,0.96604,15,145,0
2022-06-17 01:00:00,0.96467,0.96638,0.96467,0.96635,926,22,0
2022-06-17 01:30:00,0.96636,0.96718,0.96622,0.96711,1040,17,0
2022-06-17 02:00:00,0.96711,0.96724,0.96646,0.96697,1617,15,0
2022-06-17 02:30:00,0.96697,0.96697,0.96634,0.9668,1629,16,0
2022-06-17 03:00:00,0.96679,0.96776,0.96605,0.96727,3939,15,0
2022-06-17 03:30:00,0.96724,0.96858,0.96722,0.96821,4931,15,0
2022-06-17 04:00:00,0.96822,0.96937,0.96798,0.96817,3132,17,0
2022-06-17 04:30:00,0.96816,0.969,0.96805,0.96889,1972,15,0
2022-06-17 05:00:00,0.96889,0.96941,0.96875,0.96919,922,16,0
2022-06-17 05:30:00,0.96918,0.9711,0.96796,0.96865,4709,15,0
2022-06-17 06:00:00,0.96862,0.96954,0.96799,0.96908,3432,16,0
2022-06-17 06:30:00,0.96904,0.97081,0.96889,0.97064,2805,16,0
2022-06-17 07:00:00,0.97064,0.97067,0.96915,0.96932,1737,17,0
2022-06-17 07:30:00,0.96933,0.96938,0.96869,0.96889,1061,16,0
2022-06-17 08:00:00,0.96889,0.96947,0.96869,0.96938,883,15,0
2022-06-17 08:30:00,0.96938,0.96966,0.96866,0.96944,1762,17,0
2022-06-17 09:00:00,0.96945,0.96964,0.96866,0.96878,2431,15,0
2022-06-17 09:30:00,0.96878,0.96939,0.96681,0.96755,4394,15,0
2022-06-17 10:00:00,0.96755,0.96893,0.96453,0.96455,5131,15,0
2022-06-17 10:30:00,0.96456,0.96553,0.96334,0.96338,3930,15,0
2022-06-17 11:00:00,0.96344,0.96558,0.96335,0.96536,3540,15,0
2022-06-17 11:30:00,0.96534,0.96559,0.96327,0.96544,3045,16,0
2022-06-17 12:00:00,0.96544,0.96733,0.96457,0.96723,2449,16,0
2022-06-17 12:30:00,0.96723,0.96727,0.96516,0.96624,2308,16,0
2022-06-17 13:00:00,0.96624,0.96648,0.96471,0.96544,1716,16,0
2022-06-17 13:30:00,0.96546,0.96555,0.964,0.96422,1627,16,0
2022-06-17 14:00:00,0.96424,0.96454,0.96181,0.96203,2178,16,0
2022-06-17 14:30:00,0.96203,0.96366,0.96192,0.96324,2408,16,0
2022-06-17 15:00:00,0.96326,0.96468,0.96312,0.96435,2729,16,0
2022-06-17 15:30:00,0.96435,0.96435,0.96265,0.96313,2300,16,0
2022-06-17 16:00:00,0.96313,0.96493,0.96287,0.96447,2173,16,0
2022-06-17 16:30:00,0.96448,0.96661,0.96351,0.96535,3936,16,0
2022-06-17 17:00:00,0.96536,0.97031,0.96534,0.96943,4831,16,0
2022-06-17 17:30:00,0.96944,0.97317,0.96905,0.97214,4433,16,0
2022-06-17 18:00:00,0.97216,0.97216,0.96978,0.97103,3552,16,0
2022-06-17 18:30:00,0.97103,0.9718,0.97023,0.9716,2033,16,0
2022-06-17 19:00:00,0.9716,0.97227,0.97102,0.97139,2064,16,0
2022-06-17 19:30:00,0.9714,0.97207,0.97123,0.9714,1267,16,0
2022-06-17 20:00:00,0.9714,0.97153,0.96959,0.9698,1893,16,0
2022-06-17 20:30:00,0.96978,0.97064,0.96942,0.97017,1683,16,0
2022-06-17 21:00:00,0.97017,0.97017,0.96912,0.96965,1286,16,0
2022-06-17 21:30:00,0.96964,0.97044,0.96932,0.97043,1438,16,0
2022-06-17 22:00:00,0.97043,0.97086,0.96987,0.96993,1380,16,0
2022-06-17 22:30:00,0.96988,0.97048,0.96922,0.97046,1148,16,0
2022-06-17 23:00:00,0.97047,0.97101,0.97009,0.97048,763,21,0
2022-06-17 23:30:00,0.97047,0.97064,0.9692,0.96981,1406,21,0
2022-06-20 00:00:00,0.97028,0.97028,0.96996,0.96996,5,138,0
2022-06-20 00:30:00,0.96918,0.96958,0.96918,0.9694,4,170,0
2022-06-20 01:00:00,0.96928,0.97099,0.96872,0.96945,670,36,0
2022-06-20 01:30:00,0.96944,0.96981,0.96911,0.9694,487,16,0
2022-06-20 02:00:00,0.9694,0.97074,0.9692,0.97009,1179,16,0
2022-06-20 02:30:00,0.97008,0.97016,0.96944,0.96974,443,16,0
2022-06-20 03:00:00,0.96972,0.97008,0.96906,0.96952,1298,16,0
2022-06-20 03:30:00,0.96954,0.97035,0.96916,0.96943,1300,16,0
2022-06-20 04:00:00,0.96941,0.96964,0.96858,0.96879,1031,16,0
2022-06-20 04:30:00,0.96876,0.96895,0.9676,0.96772,1709,16,0
2022-06-20 05:00:00,0.96774,0.96778,0.96686,0.96717,1403,16,0
2022-06-20 05:30:00,0.96717,0.96721,0.96625,0.96682,1977,16,0
2022-06-20 06:00:00,0.96681,0.96743,0.96655,0.96736,1194,16,0
2022-06-20 06:30:00,0.96735,0.96742,0.96598,0.96603,1174,16,0
2022-06-20 07:00:00,0.96603,0.96656,0.96583,0.96624,1462,16,0
2022-06-20 07:30:00,0.96624,0.96687,0.96615,0.96686,649,16,0
2022-06-20 08:00:00,0.96689,0.96712,0.96652,0.96693,913,16,0
2022-06-20 08:30:00,0.96694,0.96711,0.96575,0.96606,791,16,0
2022-06-20 09:00:00,0.96605,0.96631,0.96423,0.96512,1844,16,0
2022-06-20 09:30:00,0.96513,0.96628,0.96503,0.96618,1446,16,0
2022-06-20 10:00:00,0.9662,0.96685,0.96547,0.96645,2726,16,0
2022-06-20 10:30:00,0.96644,0.96722,0.96513,0.96515,2366,16,0
2022-06-20 11:00:00,0.96515,0.96589,0.96484,0.96512,1884,16,0
2022-06-20 11:30:00,0.96512,0.96597,0.96462,0.96534,1611,16,0
2022-06-20 12:00:00,0.96533,0.96535,0.96392,0.964,1942,16,0
2022-06-20 12:30:00,0.96402,0.96433,0.96328,0.96362,1271,16,0
2022-06-20 13:00:00,0.96361,0.96474,0.96333,0.96338,1471,16,0
2022-06-20 13:30:00,0.96339,0.96346,0.9621,0.96276,1459,16,0
2022-06-20 14:00:00,0.96272,0.96384,0.96247,0.96371,1354,16,0
2022-06-20 14:30:00,0.96371,0.96612,0.9632,0.96606,1463,16,0
2022-06-20 15:00:00,0.96606,0.96658,0.96535,0.96544,1421,16,0
2022-06-20 15:30:00,0.96545,0.96588,0.96512,0.96568,1200,16,0
2022-06-20 16:00:00,0.96569,0.96724,0.96547,0.96684,1702,16,0
2022-06-20 16:30:00,0.96685,0.96816,0.96683,0.96771,1842,16,0
2022-06-20 17:00:00,0.96771,0.96788,0.9661,0.96691,1818,16,0
2022-06-20 17:30:00,0.96691,0.96784,0.96587,0.96684,1782,16,0
2022-06-20 18:00:00,0.96685,0.96766,0.96592,0.96639,1207,16,0
2022-06-20 18:30:00,0.96639,0.96641,0.96539,0.96568,1191,16,0
2022-06-20 19:00:00,0.96568,0.96661,0.96558,0.96656,1043,16,0
2022-06-20 19:30:00,0.96656,0.96745,0.96655,0.96717,871,16,0
2022-06-20 20:00:00,0.96719,0.96811,0.96717,0.96771,915,16,0
2022-06-20 20:30:00,0.96771,0.96815,0.96725,0.96814,883,16,0
2022-06-20 21:00:00,0.96814,0.96888,0.96803,0.96858,604,16,0
2022-06-20 21:30:00,0.96858,0.96894,0.96834,0.96889,976,16,0
2022-06-20 22:00:00,0.96889,0.96889,0.96856,0.96867,1129,16,0
2022-06-20 22:30:00,0.96866,0.96867,0.96781,0.96781,798,16,0
2022-06-20 23:00:00,0.96783,0.96788,0.96743,0.96761,1849,16,0
2022-06-20 23:30:00,0.96758,0.96792,0.96683,0.96683,1459,16,0
2022-06-21 00:00:00,0.9674,0.96783,0.96663,0.96681,27,41,0
2022-06-21 00:30:00,0.96679,0.96714,0.96679,0.96684,34,56,0
2022-06-21 01:00:00,0.96705,0.96784,0.9669,0.96777,425,23,0
2022-06-21 01:30:00,0.96777,0.96777,0.96717,0.96723,411,17,0
2022-06-21 02:00:00,0.96723,0.96748,0.96719,0.96723,587,17,0
2022-06-21 02:30:00,0.96723,0.96761,0.967,0.96739,736,16,0
2022-06-21 03:00:00,0.96739,0.96763,0.9665,0.96694,1506,16,0
2022-06-21 03:30:00,0.9669,0.96708,0.96606,0.96608,1091,16,0
2022-06-21 04:00:00,0.96608,0.96649,0.96564,0.96624,897,16,0
2022-06-21 04:30:00,0.96625,0.96682,0.96613,0.96675,1094,16,0
2022-06-21 05:00:00,0.96674,0.96705,0.96647,0.96697,881,16,0
2022-06-21 05:30:00,0.96696,0.9672,0.9668,0.96705,967,16,0
2022-06-21 06:00:00,0.96705,0.96732,0.96678,0.96706,689,16,0
2022-06-21 06:30:00,0.96705,0.96729,0.96655,0.96656,622,16,0
2022-06-21 07:00:00,0.96657,0.96685,0.96645,0.96651,713,16,0
2022-06-21 07:30:00,0.9665,0.96695,0.96637,0.96688,452,16,0
2022-06-21 08:00:00,0.96685,0.96711,0.96653,0.9671,382,16,0
2022-06-21 08:30:00,0.9671,0.96749,0.96709,0.96718,619,16,0
2022-06-21 09:00:00,0.9672,0.96721,0.96644,0.96698,1310,16,0
2022-06-21 09:30:00,0.967,0.96705,0.9657,0.96584,1564,16,0
2022-06-21 10:00:00,0.96585,0.96607,0.96454,0.96454,2435,16,0
2022-06-21 10:30:00,0.96454,0.96468,0.9638,0.96415,2296,16,0
2022-06-21 11:00:00,0.96415,0.96666,0.96414,0.96611,2225,16,0
2022-06-21 11:30:00,0.96611,0.96611,0.96452,0.96476,2066,16,0
2022-06-21 12:00:00,0.96477,0.96591,0.96469,0.9651,1593,16,0
2022-06-21 12:30:00,0.9651,0.96641,0.96507,0.96628,1029,16,0
2022-06-21 13:00:00,0.96627,0.96673,0.96575,0.9664,1440,16,0
2022-06-21 13:30:00,0.96637,0.96669,0.96491,0.96666,1613,16,0
2022-06-21 14:00:00,0.96666,0.96831,0.96615,0.96765,2054,16,0
2022-06-21 14:30:00,0.96765,0.96815,0.96723,0.96747,2046,16,0
2022-06-21 15:00:00,0.96742,0.96824,0.96677,0.96699,2174,16,0
2022-06-21 15:30:00,0.96698,0.9683,0.96627,0.96793,2613,16,0
2022-06-21 16:00:00,0.96793,0.96802,0.96686,0.96712,2302,16,0
2022-06-21 16:30:00,0.96713,0.96728,0.96447,0.9652,3060,16,0
2022-06-21 17:00:00,0.96525,0.9666,0.96433,0.96437,2465,16,0
2022-06-21 17:30:00,0.9644,0.96516,0.96314,0.96361,2944,16,0
2022-06-21 18:00:00,0.96362,0.96532,0.96317,0.96413,1991,16,0
2022-06-21 18:30:00,0.96414,0.96621,0.96373,0.96597,1471,16,0
2022-06-21 19:00:00,0.96597,0.96687,0.96596,0.96632,1405,16,0
2022-06-21 19:30:00,0.96633,0.96648,0.96562,0.96584,1108,16,0
2022-06-21 20:00:00,0.96585,0.96613,0.96498,0.96554,1196,16,0
2022-06-21 20:30:00,0.96554,0.96578,0.96515,0.96552,1087,16,0
2022-06-21 21:00:00,0.96552,0.96613,0.96539,0.96586,883,16,0
2022-06-21 21:30:00,0.96585,0.96712,0.96565,0.96652,1352,16,0
2022-06-21 22:00:00,0.96652,0.96652,0.96576,0.96592,1178,16,0
2022-06-21 22:30:00,0.9659,0.96704,0.96587,0.96662,812,16,0
2022-06-21 23:00:00,0.96663,0.96691,0.96624,0.96626,333,16,0
2022-06-21 23:30:00,0.96625,0.96644,0.96547,0.96582,224,21,0
2022-06-22 00:00:00,0.96486,0.96549,0.9643,0.96549,12,90,0
2022-06-22 00:30:00,0.96556,0.96556,0.96518,0.96518,3,119,0
2022-06-22 01:00:00,0.96542,0.96609,0.96536,0.96597,924,17,0
2022-06-22 01:30:00,0.96597,0.96601,0.96565,0.96568,681,17,0
2022-06-22 02:00:00,0.96566,0.96634,0.96566,0.96622,750,16,0
2022-06-22 02:30:00,0.96623,0.96629,0.96574,0.9661,587,16,0
2022-06-22 03:00:00,0.9661,0.96721,0.96605,0.96692,868,16,0
2022-06-22 03:30:00,0.96691,0.96789,0.96691,0.96756,1252,16,0
2022-06-22 04:00:00,0.96754,0.96755,0.96661,0.96668,1553,16,0
2022-06-22 04:30:00,0.96668,0.96796,0.96666,0.96771,1446,16,0
2022-06-22 05:00:00,0.9677,0.96775,0.96663,0.96667,1065,16,0
2022-06-22 05:30:00,0.96667,0.96675,0.96598,0.96603,1100,16,0
2022-06-22 06:00:00,0.96602,0.96612,0.96578,0.9659,1476,16,0
2022-06-22 06:30:00,0.9659,0.96667,0.96569,0.96667,868,16,0
2022-06-22 07:00:00,0.96667,0.96693,0.96623,0.96677,560,16,0
2022-06-22 07:30:00,0.96676,0.96797,0.96662,0.96758,1017,16,0
2022-06-22 08:00:00,0.96754,0.9679,0.96754,0.96776,1067,16,0
2022-06-22 08:30:00,0.96776,0.96872,0.96773,0.96862,1151,16,0
2022-06-22 09:00:00,0.96861,0.96861,0.96728,0.96762,1711,16,0
2022-06-22 09:30:00,0.96763,0.9689,0.9673,0.96775,1896,16,0
2022-06-22 10:00:00,0.96777,0.9683,0.96692,0.96745,3448,16,0
2022-06-22 10:30:00,0.96748,0.96757,0.96651,0.96731,2451,16,0
2022-06-22 11:00:00,0.96731,0.96815,0.96608,0.96694,2386,16,0
2022-06-22 11:30:00,0.96693,0.96781,0.96666,0.96761,1885,16,0
2022-06-22 12:00:00,0.96762,0.96803,0.96574,0.96585,1855,16,0
2022-06-22 12:30:00,0.96586,0.96647,0.96509,0.96543,2079,16,0
2022-06-22 13:00:00,0.96542,0.9672,0.96489,0.96613,2076,16,0
2022-06-22 13:30:00,0.96612,0.9664,0.96479,0.96492,1355,16,0
2022-06-22 14:00:00,0.96491,0.96552,0.96408,0.9652,2030,16,0
2022-06-22 14:30:00,0.96519,0.96591,0.96498,0.96572,1505,16,0
2022-06-22 15:00:00,0.96574,0.96599,0.96365,0.96371,1851,16,0
2022-06-22 15:30:00,0.96371,0.96542,0.9628,0.96314,2622,16,0
2022-06-22 16:00:00,0.96314,0.96355,0.96178,0.96297,3263,16,0
2022-06-22 16:30:00,0.96298,0.96378,0.95981,0.9614,5157,16,0
2022-06-22 17:00:00,0.9614,0.96259,0.96067,0.96171,2982,16,0
2022-06-22 17:30:00,0.96168,0.96252,0.95795,0.95912,3973,16,0
2022-06-22 18:00:00,0.95913,0.96001,0.9585,0.95937,2181,16,0
2022-06-22 18:30:00,0.95935,0.96169,0.95914,0.96163,2365,16,0
2022-06-22 19:00:00,0.96162,0.9624,0.96121,0.96184,2044,16,0
2022-06-22 19:30:00,0.96185,0.96227,0.96164,0.96221,1325,16,0
2022-06-22 20:00:00,0.96217,0.96226,0.96035,0.96044,1471,16,0
2022-06-22 20:30:00,0.96045,0.96099,0.96031,0.96047,865,16,0
2022-06-22 21:00:00,0.96046,0.96103,0.96019,0.96078,999,16,0
2022-06-22 21:30:00,0.96078,0.96181,0.96067,0.96146,940,16,0
2022-06-22 22:00:00,0.96146,0.96155,0.96028,0.96111,1169,16,0
2022-06-22 22:30:00,0.96112,0.96175,0.96085,0.96172,625,16,0
2022-06-22 23:00:00,0.96171,0.96209,0.96142,0.96161,556,16,0
2022-06-22 23:30:00,0.96161,0.96168,0.96083,0.96089,395,21,0
2022-06-23 00:00:00,0.96058,0.96069,0.96058,0.96069,2,170,0
2022-06-23 00:30:00,0.96112,0.96112,0.96078,0.96082,6,97,0
2022-06-23 01:00:00,0.96052,0.96143,0.96052,0.96134,284,16,0
2022-06-23 01:30:00,0.96132,0.96162,0.96119,0.96149,204,16,0
2022-06-23 02:00:00,0.9615,0.96166,0.96137,0.96141,442,16,0
2022-06-23 02:30:00,0.9614,0.96185,0.96117,0.96158,555,16,0
2022-06-23 03:00:00,0.96158,0.96164,0.96069,0.96133,1131,16,0
2022-06-23 03:30:00,0.96132,0.96164,0.96037,0.96045,1203,16,0
2022-06-23 04:00:00,0.96045,0.96066,0.95975,0.9602,1777,16,0
2022-06-23 04:30:00,0.9602,0.96224,0.9602,0.9622,1518,16,0
2022-06-23 05:00:00,0.96219,0.96236,0.96125,0.96173,1507,16,0
2022-06-23 05:30:00,0.96174,0.96186,0.96008,0.96063,2032,16,0
2022-06-23 06:00:00,0.96064,0.96126,0.96046,0.96111,1317,16,0
2022-06-23 06:30:00,0.96112,0.96185,0.96086,0.96121,1135,16,0
2022-06-23 07:00:00,0.96123,0.96156,0.9607,0.96074,1470,16,0
2022-06-23 07:30:00,0.96073,0.96138,0.9607,0.96137,971,16,0
2022-06-23 08:00:00,0.96137,0.96138,0.96073,0.96102,672,16,0
2022-06-23 08:30:00,0.96102,0.96144,0.96053,0.96069,1246,16,0
2022-06-23 09:00:00,0.96069,0.96197,0.96057,0.96179,1288,16,0
2022-06-23 09:30:00,0.9618,0.96212,0.96025,0.96059,1431,16,0
2022-06-23 10:00:00,0.9606,0.96459,0.9603,0.96372,3427,16,0
2022-06-23 10:30:00,0.96374,0.96663,0.96345,0.96631,3781,16,0
2022-06-23 11:00:00,0.96631,0.96743,0.966,0.96635,3220,16,0
2022-06-23 11:30:00,0.96634,0.96777,0.96614,0.96763,3094,16,0
2022-06-23 12:00:00,0.96763,0.96763,0.96519,0.96603,2045,16,0
2022-06-23 12:30:00,0.96603,0.96689,0.96578,0.96594,2071,16,0
2022-06-23 13:00:00,0.96594,0.96687,0.96527,0.9656,1593,16,0
2022-06-23 13:30:00,0.96559,0.96637,0.96531,0.96559,1697,16,0
2022-06-23 14:00:00,0.96559,0.96644,0.96502,0.9656,1547,16,0
2022-06-23 14:30:00,0.96565,0.96633,0.96447,0.96479,1928,16,0
2022-06-23 15:00:00,0.96479,0.96556,0.96373,0.96387,2551,16,0
2022-06-23 15:30:00,0.96389,0.96414,0.9626,0.96337,3162,16,0
2022-06-23 16:00:00,0.96335,0.96337,0.96055,0.96079,2909,16,0
2022-06-23 16:30:00,0.96078,0.9617,0.95813,0.95829,4638,16,0
2022-06-23 17:00:00,0.9583,0.95933,0.95652,0.95772,4635,16,0
2022-06-23 17:30:00,0.95774,0.95938,0.95709,0.95807,4486,16,0
2022-06-23 18:00:00,0.95807,0.95975,0.95748,0.95958,3368,16,0
2022-06-23 18:30:00,0.95954,0.96076,0.95929,0.96072,2042,16,0
2022-06-23 19:00:00,0.96072,0.96102,0.9598,0.96031,2185,16,0
2022-06-23 19:30:00,0.9603,0.96083,0.95956,0.96049,2049,16,0
2022-06-23 20:00:00,0.96049,0.96097,0.95978,0.96012,1676,16,0
2022-06-23 20:30:00,0.96012,0.96131,0.95985,0.96131,1356,16,0
2022-06-23 21:00:00,0.96132,0.96182,0.96132,0.9618,1308,16,0
2022-06-23 21:30:00,0.96179,0.96184,0.96094,0.96108,1254,16,0
2022-06-23 22:00:00,0.96111,0.96115,0.96019,0.96039,1291,16,0
2022-06-23 22:30:00,0.9604,0.96087,0.95996,0.96037,832,16,0
2022-06-23 23:00:00,0.96037,0.9612,0.96013,0.96117,500,16,0
2022-06-23 23:30:00,0.96116,0.96148,0.96101,0.96128,531,21,0
2022-06-24 00:00:00,0.96115,0.96115,0.96115,0.96115,1,57,0
2022-06-24 00:30:00,0.96115,0.96115,0.96115,0.96115,7,47,0
2022-06-24 01:00:00,0.96128,0.96144,0.96101,0.96142,363,16,0
2022-06-24 01:30:00,0.96143,0.96155,0.96094,0.96107,406,16,0
2022-06-24 02:00:00,0.9611,0.96114,0.96084,0.96086,160,17,0
2022-06-24 02:30:00,0.96094,0.96154,0.96093,0.96125,285,16,0
2022-06-24 03:00:00,0.96124,0.96205,0.96079,0.96194,1157,16,0
2022-06-24 03:30:00,0.96196,0.96264,0.96128,0.96161,1448,16,0
2022-06-24 04:00:00,0.96152,0.96194,0.96082,0.96114,1023,16,0
2022-06-24 04:30:00,0.96115,0.96162,0.96055,0.96111,1208,16,0
2022-06-24 05:00:00,0.96108,0.96168,0.96082,0.96156,904,16,0
2022-06-24 05:30:00,0.96158,0.96158,0.96065,0.96066,712,16,0
2022-06-24 06:00:00,0.96069,0.96154,0.96067,0.9607,917,16,0
2022-06-24 06:30:00,0.96071,0.96118,0.96051,0.96102,896,16,0
2022-06-24 07:00:00,0.96102,0.96136,0.96068,0.96071,645,16,0
2022-06-24 07:30:00,0.96071,0.96093,0.95997,0.96028,796,16,0
2022-06-24 08:00:00,0.96029,0.96101,0.9602,0.96064,721,16,0
2022-06-24 08:30:00,0.96064,0.96067,0.96027,0.96034,668,16,0
2022-06-24 09:00:00,0.96032,0.961,0.95984,0.95992,1331,16,0
2022-06-24 09:30:00,0.95991,0.96021,0.95909,0.95951,1454,16,0
2022-06-24 10:00:00,0.95952,0.96055,0.95915,0.96052,2629,16,0
2022-06-24 10:30:00,0.96054,0.96134,0.95999,0.96122,1719,16,0
2022-06-24 11:00:00,0.96122,0.96318,0.96078,0.96223,2208,16,0
2022-06-24 11:30:00,0.96222,0.96244,0.95856,0.95963,2072,16,0
2022-06-24 12:00:00,0.95965,0.95977,0.95769,0.9577,1869,16,0
2022-06-24 12:30:00,0.95771,0.95864,0.9572,0.9573,1518,16,0
2022-06-24 13:00:00,0.95733,0.95787,0.9562,0.95663,1228,16,0
2022-06-24 13:30:00,0.95664,0.95753,0.95631,0.95725,1336,16,0
2022-06-24 14:00:00,0.95729,0.95812,0.95703,0.9581,1461,16,0
2022-06-24 14:30:00,0.95811,0.95826,0.95612,0.95651,2285,16,0
2022-06-24 15:00:00,0.95643,0.95729,0.95562,0.95575,2150,16,0
2022-06-24 15:30:00,0.95575,0.95607,0.95447,0.95567,2416,16,0
2022-06-24 16:00:00,0.95567,0.95694,0.95463,0.95474,2280,16,0
2022-06-24 16:30:00,0.95475,0.956,0.9538,0.95567,3321,16,0
2022-06-24 17:00:00,0.95536,0.95536,0.95212,0.95232,6085,16,0
2022-06-24 17:30:00,0.95232,0.95545,0.95205,0.95491,4496,16,0
2022-06-24 18:00:00,0.95494,0.95568,0.95407,0.95458,2689,16,0
2022-06-24 18:30:00,0.95457,0.95701,0.95395,0.95685,2169,16,0
2022-06-24 19:00:00,0.9568,0.95776,0.95641,0.95752,2025,16,0
2022-06-24 19:30:00,0.95751,0.95867,0.95745,0.95819,1210,16,0
2022-06-24 20:00:00,0.95818,0.95851,0.95772,0.95842,767,16,0
2022-06-24 20:30:00,0.95843,0.9601,0.95817,0.95901,1184,16,0
2022-06-24 21:00:00,0.959,0.959,0.95766,0.95795,1084,16,0
2022-06-24 21:30:00,0.95794,0.95875,0.95771,0.95863,870,16,0
2022-06-24 22:00:00,0.95862,0.95921,0.95797,0.95821,1131,16,0
2022-06-24 22:30:00,0.95821,0.9588,0.95802,0.95803,752,16,0
2022-06-24 23:00:00,0.95802,0.9589,0.95802,0.95886,466,16,0
2022-06-24 23:30:00,0.95886,0.959,0.95712,0.95754,564,21,0
2022-06-27 00:00:00,0.95651,0.95661,0.95646,0.95646,9,170,0
2022-06-27 00:30:00,0.95664,0.95664,0.95609,0.9561,5,170,0
2022-06-27 01:00:00,0.95681,0.95821,0.95681,0.95805,451,16,0
2022-06-27 01:30:00,0.95805,0.95805,0.95659,0.9566,426,16,0
2022-06-27 02:00:00,0.95661,0.95747,0.95617,0.95688,952,16,0
2022-06-27 02:30:00,0.95687,0.95729,0.95659,0.95713,914,17,0
2022-06-27 03:00:00,0.95715,0.95763,0.95664,0.9572,1198,16,0
2022-06-27 03:30:00,0.9572,0.9579,0.9569,0.95745,1353,16,0
2022-06-27 04:00:00,0.95744,0.95761,0.95677,0.95718,1112,16,0
2022-06-27 04:30:00,0.9572,0.95729,0.95633,0.95687,1652,16,0
2022-06-27 05:00:00,0.95689,0.95713,0.95664,0.95692,1475,16,0
2022-06-27 05:30:00,0.95692,0.958,0.9566,0.9579,1737,16,0
2022-06-27 06:00:00,0.95791,0.95809,0.95758,0.95781,1229,16,0
2022-06-27 06:30:00,0.95781,0.95791,0.95726,0.95735,838,16,0
2022-06-27 07:00:00,0.95737,0.9577,0.95704,0.95709,665,16,0
2022-06-27 07:30:00,0.9571,0.95734,0.95682,0.95688,753,16,0
2022-06-27 08:00:00,0.95687,0.95712,0.95663,0.95693,618,16,0
2022-06-27 08:30:00,0.95695,0.95819,0.95693,0.95806,818,16,0
2022-06-27 09:00:00,0.95796,0.95832,0.95737,0.95741,1868,16,0
2022-06-27 09:30:00,0.95739,0.95801,0.9568,0.95702,1055,16,0
2022-06-27 10:00:00,0.95702,0.95739,0.95651,0.95701,1963,16,0
2022-06-27 10:30:00,0.95702,0.95726,0.9559,0.9566,2013,16,0
2022-06-27 11:00:00,0.9566,0.95772,0.9558,0.95757,1447,16,0
2022-06-27 11:30:00,0.95756,0.95843,0.95752,0.958,1451,16,0
2022-06-27 12:00:00,0.958,0.95915,0.9577,0.95911,1533,16,0
2022-06-27 12:30:00,0.95913,0.95923,0.95699,0.95777,1535,16,0
2022-06-27 13:00:00,0.95777,0.95842,0.95736,0.95822,1625,16,0
2022-06-27 13:30:00,0.95822,0.95837,0.95769,0.9582,1265,16,0
2022-06-27 14:00:00,0.95819,0.9594,0.95814,0.9594,1432,16,0
2022-06-27 14:30:00,0.9594,0.95997,0.95884,0.95956,1235,16,0
2022-06-27 15:00:00,0.95956,0.96009,0.95917,0.95938,1868,16,0
2022-06-27 15:30:00,0.95937,0.96194,0.95816,0.96013,2922,16,0
2022-06-27 16:00:00,0.96014,0.96014,0.95801,0.95858,2244,16,0
2022-06-27 16:30:00,0.95859,0.95885,0.95731,0.95781,2803,16,0
2022-06-27 17:00:00,0.95781,0.95862,0.95725,0.95761,2558,16,0
2022-06-27 17:30:00,0.95761,0.95779,0.95586,0.95627,3221,16,0
2022-06-27 18:00:00,0.95627,0.95665,0.95459,0.95514,1984,16,0
2022-06-27 18:30:00,0.95513,0.95539,0.95419,0.95518,1582,16,0
2022-06-27 19:00:00,0.95517,0.95543,0.95471,0.95535,1029,16,0
2022-06-27 19:30:00,0.95538,0.95578,0.95488,0.95489,877,16,0
2022-06-27 20:00:00,0.9549,0.95637,0.95451,0.95549,1507,16,0
2022-06-27 20:30:00,0.95551,0.95612,0.95541,0.95559,806,16,0
2022-06-27 21:00:00,0.95559,0.95585,0.95517,0.95555,925,16,0
2022-06-27 21:30:00,0.95552,0.95642,0.95546,0.95627,680,16,0
2022-06-27 22:00:00,0.9563,0.95652,0.95572,0.95599,881,16,0
2022-06-27 22:30:00,0.956,0.95636,0.9557,0.95625,754,16,0
2022-06-27 23:00:00,0.95625,0.95643,0.95599,0.95606,304,18,0
2022-06-27 23:30:00,0.95606,0.95634,0.95573,0.95573,505,21,0
2022-06-28 00:00:00,0.9557,0.9557,0.9557,0.9557,1,170,0
2022-06-28 00:30:00,0.95577,0.95595,0.95542,0.95542,8,140,0
2022-06-28 01:00:00,0.95594,0.9563,0.95593,0.95623,332,17,0
2022-06-28 01:30:00,0.95622,0.95663,0.95598,0.95599,400,17,0
2022-06-28 02:00:00,0.95599,0.95636,0.95589,0.95631,187,20,0
2022-06-28 02:30:00,0.95632,0.95652,0.95622,0.95628,214,16,0
2022-06-28 03:00:00,0.95627,0.95633,0.95561,0.95593,676,16,0
2022-06-28 03:30:00,0.95593,0.95619,0.95566,0.95585,885,16,0
2022-06-28 04:00:00,0.95585,0.95589,0.9552,0.95568,792,16,0
2022-06-28 04:30:00,0.95568,0.9563,0.9554,0.95566,1047,16,0
2022-06-28 05:00:00,0.95566,0.95633,0.95554,0.95605,732,16,0
2022-06-28 05:30:00,0.95606,0.95615,0.95504,0.9556,828,16,0
2022-06-28 06:00:00,0.95559,0.95571,0.95525,0.95547,759,16,0
2022-06-28 06:30:00,0.95547,0.95581,0.95541,0.95575,1014,16,0
2022-06-28 07:00:00,0.95576,0.95591,0.95544,0.95556,943,16,0
2022-06-28 07:30:00,0.95555,0.95631,0.95553,0.95629,747,16,0
2022-06-28 08:00:00,0.95629,0.95633,0.95583,0.95632,431,16,0
2022-06-28 08:30:00,0.95632,0.95664,0.95605,0.95664,829,16,0
2022-06-28 09:00:00,0.95663,0.95671,0.95477,0.95509,1859,16,0
2022-06-28 09:30:00,0.95509,0.95618,0.9542,0.95573,1963,16,0
2022-06-28 10:00:00,0.95572,0.95615,0.95496,0.95574,2534,16,0
2022-06-28 10:30:00,0.95574,0.95608,0.95402,0.95492,2177,16,0
2022-06-28 11:00:00,0.95492,0.95582,0.95408,0.95463,2464,16,0
2022-06-28 11:30:00,0.95461,0.95498,0.95371,0.95401,2427,16,0
2022-06-28 12:00:00,0.95405,0.955,0.95326,0.95471,2025,16,0
2022-06-28 12:30:00,0.95468,0.95507,0.95362,0.95428,1828,16,0
2022-06-28 13:00:00,0.95431,0.95471,0.95367,0.95435,1764,16,0
2022-06-28 13:30:00,0.95438,0.956,0.95438,0.95595,1846,16,0
2022-06-28 14:00:00,0.95596,0.95601,0.95432,0.95564,1804,16,0
2022-06-28 14:30:00,0.95564,0.95676,0.9554,0.95622,1784,16,0
2022-06-28 15:00:00,0.95623,0.95674,0.95564,0.95575,2091,16,0
2022-06-28 15:30:00,0.95578,0.95837,0.95578,0.95788,2631,16,0
2022-06-28 16:00:00,0.95789,0.95862,0.95635,0.95681,2775,16,0
2022-06-28 16:30:00,0.95682,0.95766,0.95642,0.95745,2546,16,0
2022-06-28 17:00:00,0.95747,0.95777,0.95634,0.95678,2620,16,0
2022-06-28 17:30:00,0.95677,0.95846,0.95594,0.95754,3121,16,0
2022-06-28 18:00:00,0.95755,0.95778,0.95659,0.957,2387,16,0
2022-06-28 18:30:00,0.95703,0.95711,0.95593,0.95631,2062,16,0
2022-06-28 19:00:00,0.95629,0.95665,0.95575,0.95611,1771,16,0
2022-06-28 19:30:00,0.95612,0.95678,0.956,0.9565,947,16,0
2022-06-28 20:00:00,0.95651,0.95688,0.95577,0.95684,1284,16,0
2022-06-28 20:30:00,0.95683,0.95693,0.95576,0.95579,1046,16,0
2022-06-28 21:00:00,0.9558,0.95619,0.95552,0.956,845,16,0
2022-06-28 21:30:00,0.95599,0.95732,0.95599,0.95714,823,16,0
2022-06-28 22:00:00,0.95713,0.95739,0.95672,0.95691,658,16,0
2022-06-28 22:30:00,0.95692,0.95781,0.95678,0.95715,785,16,0
2022-06-28 23:00:00,0.95714,0.95786,0.95669,0.95725,1166,16,0
2022-06-28 23:30:00,0.95725,0.95751,0.95665,0.95669,701,21,0
2022-06-29 00:00:00,0.95672,0.95679,0.95568,0.95673,103,80,0
2022-06-29 00:30:00,0.95673,0.95677,0.95673,0.95677,11,75,0
2022-06-29 01:00:00,0.95677,0.95733,0.95677,0.95733,1059,20,0
2022-06-29 01:30:00,0.95734,0.95734,0.95684,0.95692,399,16,0
2022-06-29 02:00:00,0.95692,0.95706,0.95647,0.95676,290,16,0
2022-06-29 02:30:00,0.95679,0.95694,0.95648,0.95672,294,16,0
2022-06-29 03:00:00,0.95674,0.95696,0.95649,0.95657,642,16,0
2022-06-29 03:30:00,0.95655,0.95689,0.95628,0.95678,862,16,0
2022-06-29 04:00:00,0.95678,0.95706,0.95576,0.95635,1282,16,0
2022-06-29 04:30:00,0.95635,0.9566,0.9558,0.95583,1292,16,0
2022-06-29 05:00:00,0.95587,0.95628,0.95496,0.95614,1229,16,0
2022-06-29 05:30:00,0.95615,0.95631,0.95561,0.95572,809,16,0
2022-06-29 06:00:00,0.95572,0.95628,0.9556,0.95614,1098,16,0
2022-06-29 06:30:00,0.95615,0.9563,0.95599,0.9563,391,16,0
2022-06-29 07:00:00,0.9563,0.95642,0.9558,0.95604,409,16,0
2022-06-29 07:30:00,0.95604,0.95697,0.95578,0.95687,1633,16,0
2022-06-29 08:00:00,0.95687,0.95694,0.95636,0.95642,855,16,0
2022-06-29 08:30:00,0.95641,0.9568,0.95617,0.9566,1177,16,0
2022-06-29 09:00:00,0.95661,0.957,0.95541,0.95573,2163,16,0
2022-06-29 09:30:00,0.95572,0.95733,0.95537,0.95717,2040,16,0
2022-06-29 10:00:00,0.95709,0.95744,0.95503,0.9573,3808,16,0
2022-06-29 10:30:00,0.95732,0.95774,0.95586,0.95612,2741,16,0
2022-06-29 11:00:00,0.95614,0.95666,0.95448,0.95524,2648,16,0
2022-06-29 11:30:00,0.95525,0.95605,0.95522,0.95531,2202,16,0
2022-06-29 12:00:00,0.9553,0.95537,0.95213,0.95329,2718,16,0
2022-06-29 12:30:00,0.95325,0.95411,0.9525,0.95404,2173,16,0
2022-06-29 13:00:00,0.95405,0.95446,0.95074,0.95178,2523,16,0
2022-06-29 13:30:00,0.95179,0.9518,0.95034,0.95051,2113,16,0
2022-06-29 14:00:00,0.95052,0.95107,0.94987,0.95031,2052,16,0
2022-06-29 14:30:00,0.95029,0.95119,0.94943,0.95076,2155,16,0
2022-06-29 15:00:00,0.95076,0.95268,0.95036,0.9524,2363,16,0
2022-06-29 15:30:00,0.95246,0.95308,0.95101,0.95245,3003,16,0
2022-06-29 16:00:00,0.95244,0.95382,0.95176,0.95308,3156,16,0
2022-06-29 16:30:00,0.95308,0.95432,0.95227,0.95307,3834,16,0
2022-06-29 17:00:00,0.95307,0.95357,0.9521,0.95317,3098,16,0
2022-06-29 17:30:00,0.95315,0.95375,0.9522,0.95277,3564,16,0
2022-06-29 18:00:00,0.95276,0.95397,0.95266,0.95366,2525,16,0
2022-06-29 18:30:00,0.95367,0.95488,0.95364,0.95396,1730,16,0
2022-06-29 19:00:00,0.95397,0.95435,0.95345,0.95386,1564,16,0
2022-06-29 19:30:00,0.95387,0.95497,0.95385,0.95487,1460,16,0
2022-06-29 20:00:00,0.95488,0.95492,0.95404,0.95415,1323,16,0
2022-06-29 20:30:00,0.95413,0.95463,0.95413,0.95463,763,16,0
2022-06-29 21:00:00,0.95463,0.95507,0.95429,0.95464,1240,16,0
2022-06-29 21:30:00,0.95463,0.95511,0.9545,0.95505,1081,16,0
2022-06-29 22:00:00,0.95505,0.95532,0.95443,0.95477,653,16,0
2022-06-29 22:30:00,0.95479,0.95512,0.95445,0.95509,515,16,0
2022-06-29 23:00:00,0.95511,0.95516,0.95473,0.95479,248,18,0
2022-06-29 23:30:00,0.95479,0.9549,0.9543,0.9543,217,21,0
2022-06-30 00:00:00,0.95464,0.95511,0.954,0.95454,18,47,0
2022-06-30 00:30:00,0.95454,0.95466,0.95411,0.95411,31,58,0
2022-06-30 01:00:00,0.95422,0.95497,0.95422,0.95484,1111,21,0
2022-06-30 01:30:00,0.95481,0.95481,0.95448,0.95453,220,18,0
2022-06-30 02:00:00,0.95452,0.95492,0.95431,0.95444,451,16,0
2022-06-30 02:30:00,0.95445,0.95454,0.95393,0.95406,463,17,0
2022-06-30 03:00:00,0.95404,0.95541,0.95404,0.95505,1290,16,0
2022-06-30 03:30:00,0.95506,0.95525,0.95415,0.95441,1032,16,0
2022-06-30 04:00:00,0.95445,0.95514,0.95418,0.95422,1870,16,0
2022-06-30 04:30:00,0.95422,0.95501,0.95421,0.95493,1323,16,0
2022-06-30 05:00:00,0.9548,0.9548,0.95382,0.95382,744,16,0
2022-06-30 05:30:00,0.95383,0.95404,0.95363,0.95375,750,16,0
2022-06-30 06:00:00,0.95375,0.95409,0.9536,0.9538,824,16,0
2022-06-30 06:30:00,0.95379,0.95412,0.9537,0.95405,1332,16,0
2022-06-30 07:00:00,0.95407,0.9544,0.95397,0.95422,635,16,0
2022-06-30 07:30:00,0.95422,0.95432,0.95389,0.95415,347,16,0
2022-06-30 08:00:00,0.95415,0.95423,0.95378,0.95386,511,16,0
2022-06-30 08:30:00,0.95385,0.95471,0.95381,0.95392,1116,16,0
2022-06-30 09:00:00,0.95392,0.95464,0.95289,0.9545,2249,16,0
2022-06-30 09:30:00,0.95452,0.95598,0.95373,0.95585,2237,16,0
2022-06-30 10:00:00,0.9558,0.95738,0.95423,0.95467,3267,16,0
2022-06-30 10:30:00,0.95467,0.9554,0.9541,0.95507,2716,16,0
2022-06-30 11:00:00,0.95508,0.95565,0.95438,0.95541,2273,16,0
2022-06-30 11:30:00,0.95544,0.95575,0.95385,0.9557,2754,16,0
2022-06-30 12:00:00,0.9557,0.95722,0.95543,0.95715,1554,16,0
2022-06-30 12:30:00,0.95717,0.95881,0.95687,0.9582,1726,16,0
2022-06-30 13:00:00,0.95821,0.96045,0.95818,0.96028,1726,16,0
2022-06-30 13:30:00,0.96027,0.96041,0.95896,0.95926,1681,16,0
2022-06-30 14:00:00,0.95927,0.95933,0.95716,0.95791,2060,16,0
2022-06-30 14:30:00,0.95791,0.95878,0.95719,0.95721,2538,16,0
2022-06-30 15:00:00,0.9572,0.95905,0.95627,0.9571,2133,16,0
2022-06-30 15:30:00,0.95698,0.95853,0.956,0.95792,3795,16,0
2022-06-30 16:00:00,0.95798,0.95809,0.95564,0.95581,3322,16,0
2022-06-30 16:30:00,0.95575,0.95612,0.95473,0.95547,3637,16,0
2022-06-30 17:00:00,0.95542,0.95606,0.95461,0.95546,2843,16,0
2022-06-30 17:30:00,0.95549,0.95933,0.9553,0.95749,4617,16,0
2022-06-30 18:00:00,0.95749,0.95752,0.95453,0.95476,3617,16,0
2022-06-30 18:30:00,0.95476,0.9555,0.95426,0.95505,2195,16,0
2022-06-30 19:00:00,0.95501,0.9552,0.95374,0.95428,1384,16,0
2022-06-30 19:30:00,0.95427,0.95435,0.9534,0.95361,1299,16,0
2022-06-30 20:00:00,0.95363,0.95397,0.95349,0.95373,1269,16,0
2022-06-30 20:30:00,0.95373,0.95415,0.95346,0.95414,697,16,0
2022-06-30 21:00:00,0.95412,0.95438,0.95389,0.95395,791,16,0
2022-06-30 21:30:00,0.95394,0.95409,0.95351,0.95357,721,16,0
2022-06-30 22:00:00,0.95354,0.95504,0.95345,0.9549,1023,16,0
2022-06-30 22:30:00,0.95491,0.95504,0.95432,0.95453,970,16,0
2022-06-30 23:00:00,0.9545,0.95489,0.95421,0.95429,712,16,0
2022-06-30 23:30:00,0.95429,0.95489,0.95426,0.95449,565,21,0
2022-07-01 00:00:00,0.95464,0.9548,0.95349,0.95349,14,73,0
2022-07-01 00:30:00,0.9535,0.95449,0.9535,0.95449,15,103,0
2022-07-01 01:00:00,0.95447,0.95544,0.95437,0.95523,1280,18,0
2022-07-01 01:30:00,0.95521,0.95536,0.95481,0.95502,512,16,0
2022-07-01 02:00:00,0.95502,0.95554,0.95489,0.95516,497,16,0
2022-07-01 02:30:00,0.95516,0.95544,0.95485,0.95502,330,16,0
2022-07-01 03:00:00,0.95496,0.95555,0.95488,0.95531,799,16,0
2022-07-01 03:30:00,0.95535,0.95565,0.95506,0.95548,644,16,0
2022-07-01 04:00:00,0.95549,0.95555,0.95516,0.95538,777,16,0
2022-07-01 04:30:00,0.9554,0.95552,0.95494,0.95499,821,16,0
2022-07-01 05:00:00,0.955,0.95527,0.9548,0.95523,577,16,0
2022-07-01 05:30:00,0.95524,0.95558,0.95501,0.95528,1316,16,0
2022-07-01 06:00:00,0.95529,0.9556,0.9548,0.95523,989,16,0
2022-07-01 06:30:00,0.95523,0.95677,0.95521,0.95624,1342,16,0
2022-07-01 07:00:00,0.95625,0.9573,0.95606,0.95718,1528,16,0
2022-07-01 07:30:00,0.9572,0.95724,0.95614,0.9566,1277,16,0
2022-07-01 08:00:00,0.9566,0.95664,0.95568,0.95574,1267,16,0
2022-07-01 08:30:00,0.95576,0.95617,0.9554,0.95561,1266,16,0
2022-07-01 09:00:00,0.95562,0.95614,0.95462,0.95596,1559,16,0
2022-07-01 09:30:00,0.95596,0.95657,0.95524,0.95524,2093,16,0
2022-07-01 10:00:00,0.95515,0.95847,0.95462,0.95697,3484,16,0
2022-07-01 10:30:00,0.95705,0.95852,0.95645,0.95824,2563,16,0
2022-07-01 11:00:00,0.95825,0.95962,0.95733,0.95773,2621,16,0
2022-07-01 11:30:00,0.95774,0.95818,0.95729,0.95802,2028,16,0
2022-07-01 12:00:00,0.95801,0.9591,0.95683,0.95904,2229,16,0
2022-07-01 12:30:00,0.95903,0.95942,0.95843,0.95928,1653,16,0
2022-07-01 13:00:00,0.95926,0.95937,0.95817,0.95876,1588,16,0
2022-07-01 13:30:00,0.95877,0.96069,0.95838,0.96037,1805,16,0
2022-07-01 14:00:00,0.96035,0.96116,0.95914,0.95974,2249,16,0
2022-07-01 14:30:00,0.95974,0.9609,0.95966,0.96047,2402,16,0
2022-07-01 15:00:00,0.96048,0.96217,0.96038,0.96216,2212,16,0
2022-07-01 15:30:00,0.96209,0.96253,0.96146,0.96253,2187,16,0
2022-07-01 16:00:00,0.96252,0.96308,0.9619,0.96247,2817,16,0
2022-07-01 16:30:00,0.96246,0.96257,0.96064,0.96141,3000,16,0
2022-07-01 17:00:00,0.96142,0.96319,0.95986,0.96276,5124,16,0
2022-07-01 17:30:00,0.96275,0.96317,0.96172,0.96307,4349,16,0
2022-07-01 18:00:00,0.96309,0.96408,0.96248,0.96257,3463,16,0
2022-07-01 18:30:00,0.96258,0.96278,0.96144,0.96226,2391,16,0
2022-07-01 19:00:00,0.96226,0.9628,0.96183,0.96278,2086,16,0
2022-07-01 19:30:00,0.96277,0.9631,0.96121,0.96182,1771,16,0
2022-07-01 20:00:00,0.9618,0.96217,0.96141,0.96202,1519,16,0
2022-07-01 20:30:00,0.96201,0.96211,0.96069,0.96074,1117,16,0
2022-07-01 21:00:00,0.96074,0.96084,0.96018,0.96031,831,16,0
2022-07-01 21:30:00,0.96031,0.96031,0.95925,0.95973,790,16,0
2022-07-01 22:00:00,0.95973,0.96022,0.95967,0.96002,878,16,0
2022-07-01 22:30:00,0.96001,0.9601,0.95968,0.95976,665,16,0
2022-07-01 23:00:00,0.95977,0.96003,0.95912,0.95918,413,17,0
2022-07-01 23:30:00,0.95917,0.95978,0.95915,0.95938,1166,21,0
2022-07-04 00:00:00,0.96012,0.96066,0.95999,0.96016,60,170,0
2022-07-04 00:30:00,0.96012,0.96032,0.95969,0.95972,13,170,0
2022-07-04 01:00:00,0.96044,0.96044,0.95895,0.95911,1032,16,0
2022-07-04 01:30:00,0.95921,0.95921,0.95872,0.95877,1760,16,0
2022-07-04 02:00:00,0.95877,0.95912,0.95851,0.95852,1733,16,0
2022-07-04 02:30:00,0.95852,0.95898,0.95839,0.95855,1214,16,0
2022-07-04 03:00:00,0.9586,0.95864,0.95795,0.95803,1262,16,0
2022-07-04 03:30:00,0.95802,0.95886,0.958,0.95834,1164,16,0
2022-07-04 04:00:00,0.95835,0.95907,0.95832,0.95856,1071,16,0
2022-07-04 04:30:00,0.95856,0.95869,0.95808,0.95837,1765,16,0
2022-07-04 05:00:00,0.95837,0.95889,0.95818,0.95884,930,16,0
2022-07-04 05:30:00,0.95883,0.95899,0.95844,0.9587,997,16,0
2022-07-04 06:00:00,0.9587,0.95884,0.95828,0.95846,808,16,0
2022-07-04 06:30:00,0.95845,0.95938,0.95844,0.95915,764,16,0
2022-07-04 07:00:00,0.95913,0.95938,0.95906,0.95927,676,16,0
2022-07-04 07:30:00,0.95926,0.95947,0.95915,0.95921,755,16,0
2022-07-04 08:00:00,0.95923,0.95945,0.95903,0.95934,679,16,0
2022-07-04 08:30:00,0.95933,0.95942,0.95871,0.95889,772,16,0
2022-07-04 09:00:00,0.9589,0.95934,0.95777,0.95797,1231,16,0
2022-07-04 09:30:00,0.95741,0.95946,0.95603,0.95864,1841,16,0
2022-07-04 10:00:00,0.95867,0.95871,0.95751,0.95827,2415,16,0
2022-07-04 10:30:00,0.95831,0.95931,0.95822,0.95917,1779,16,0
2022-07-04 11:00:00,0.9592,0.96007,0.95893,0.95941,1766,16,0
2022-07-04 11:30:00,0.95942,0.96048,0.95917,0.9598,1488,16,0
2022-07-04 12:00:00,0.95981,0.95998,0.95907,0.95947,1273,16,0
2022-07-04 12:30:00,0.95947,0.95965,0.95878,0.9593,1870,16,0
2022-07-04 13:00:00,0.9593,0.95948,0.95901,0.95913,1257,16,0
2022-07-04 13:30:00,0.95912,0.95984,0.95895,0.95941,1183,16,0
2022-07-04 14:00:00,0.9594,0.96037,0.95906,0.95935,1583,16,0
2022-07-04 14:30:00,0.95933,0.96037,0.95887,0.9603,1264,16,0
2022-07-04 15:00:00,0.96027,0.96056,0.95977,0.96034,1488,16,0
2022-07-04 15:30:00,0.96035,0.96098,0.96024,0.96064,1152,16,0
2022-07-04 16:00:00,0.96063,0.96122,0.96029,0.96084,1289,16,0
2022-07-04 16:30:00,0.96086,0.96126,0.96045,0.96098,1474,16,0
2022-07-04 17:00:00,0.96102,0.96141,0.96069,0.96122,1718,16,0
2022-07-04 17:30:00,0.96122,0.96133,0.95975,0.96131,1651,16,0
2022-07-04 18:00:00,0.96132,0.96165,0.96027,0.96115,1903,16,0
2022-07-04 18:30:00,0.96116,0.96153,0.96058,0.96062,1221,16,0
2022-07-04 19:00:00,0.96062,0.96083,0.96031,0.96071,1317,16,0
2022-07-04 19:30:00,0.96071,0.96115,0.96068,0.96108,1284,16,0
2022-07-04 20:00:00,0.96107,0.96127,0.96063,0.96119,1066,16,0
2022-07-04 20:30:00,0.9612,0.96123,0.961,0.9611,300,16,0
2022-07-04 21:00:00,0.96109,0.9611,0.96095,0.96101,581,16,0
2022-07-04 21:30:00,0.961,0.96115,0.96099,0.96109,226,16,0
2022-07-04 22:00:00,0.96108,0.96154,0.96106,0.96149,266,16,0
2022-07-04 22:30:00,0.9615,0.9615,0.96121,0.96136,169,19,0
2022-07-04 23:00:00,0.96136,0.96139,0.96088,0.96105,265,19,0
2022-07-04 23:30:00,0.96103,0.96121,0.96074,0.96103,214,21,0
2022-07-05 00:00:00,0.96083,0.96083,0.96042,0.96049,3,111,0
2022-07-05 00:30:00,0.96026,0.9609,0.96016,0.9609,10,69,0
2022-07-05 01:00:00,0.9609,0.96103,0.96041,0.96092,164,24,0
2022-07-05 01:30:00,0.96092,0.96101,0.96065,0.96069,120,17,0
2022-07-05 02:00:00,0.96069,0.96083,0.96037,0.96055,603,17,0
2022-07-05 02:30:00,0.96056,0.96094,0.9604,0.96087,1047,16,0
2022-07-05 03:00:00,0.96086,0.96092,0.96022,0.96069,1400,16,0
2022-07-05 03:30:00,0.96069,0.96093,0.96053,0.96074,1343,16,0
2022-07-05 04:00:00,0.96074,0.96135,0.96062,0.96115,817,16,0
2022-07-05 04:30:00,0.96116,0.96126,0.96058,0.96083,1120,16,0
2022-07-05 05:00:00,0.96083,0.96101,0.96066,0.96098,564,16,0
2022-07-05 05:30:00,0.96098,0.96098,0.96071,0.96093,827,16,0
2022-07-05 06:00:00,0.96094,0.96108,0.96064,0.96085,969,16,0
2022-07-05 06:30:00,0.96086,0.96086,0.96021,0.96054,1080,16,0
2022-07-05 07:00:00,0.96053,0.96086,0.9604,0.96043,641,16,0
2022-07-05 07:30:00,0.96044,0.96099,0.96033,0.96033,1018,17,0
2022-07-05 08:00:00,0.96035,0.96045,0.96,0.96009,866,16,0
2022-07-05 08:30:00,0.96007,0.96033,0.9598,0.96024,885,16,0
2022-07-05 09:00:00,0.96024,0.96061,0.95991,0.96014,1098,16,0
2022-07-05 09:30:00,0.96013,0.9607,0.9598,0.95983,1099,16,0
2022-07-05 10:00:00,0.95984,0.96246,0.95919,0.96214,3205,16,0
2022-07-05 10:30:00,0.96216,0.96251,0.96003,0.96097,3190,16,0
2022-07-05 11:00:00,0.96098,0.96225,0.96041,0.96206,3691,16,0
2022-07-05 11:30:00,0.96207,0.96463,0.96131,0.96428,3284,16,0
2022-07-05 12:00:00,0.96427,0.96441,0.96288,0.96343,2792,16,0
2022-07-05 12:30:00,0.96344,0.96598,0.96318,0.96493,2486,16,0
2022-07-05 13:00:00,0.96493,0.96503,0.96373,0.96443,2130,16,0
2022-07-05 13:30:00,0.96444,0.96539,0.96418,0.96478,2175,16,0
2022-07-05 14:00:00,0.96473,0.96586,0.9646,0.96544,2058,16,0
2022-07-05 14:30:00,0.96544,0.96578,0.96503,0.96505,1892,16,0
2022-07-05 15:00:00,0.96506,0.96584,0.96458,0.96572,2732,16,0
2022-07-05 15:30:00,0.96573,0.96739,0.96538,0.96609,3083,16,0
2022-07-05 16:00:00,0.96611,0.96784,0.96576,0.9675,3403,16,0
2022-07-05 16:30:00,0.96748,0.96798,0.96628,0.9675,3399,16,0
2022-07-05 17:00:00,0.9675,0.96849,0.96714,0.96785,2964,16,0
2022-07-05 17:30:00,0.96782,0.97038,0.96769,0.97023,3418,16,0
2022-07-05 18:00:00,0.97021,0.97021,0.96872,0.96903,2656,16,0
2022-07-05 18:30:00,0.96904,0.9693,0.96798,0.96887,1948,16,0
2022-07-05 19:00:00,0.96886,0.97016,0.96863,0.96988,1717,16,0
2022-07-05 19:30:00,0.96986,0.96988,0.96918,0.96945,1088,16,0
2022-07-05 20:00:00,0.96944,0.96987,0.96857,0.96903,1293,16,0
2022-07-05 20:30:00,0.96903,0.96941,0.96856,0.96869,940,16,0
2022-07-05 21:00:00,0.96869,0.96896,0.96821,0.96833,1181,16,0
2022-07-05 21:30:00,0.96833,0.9685,0.96789,0.96833,1161,16,0
2022-07-05 22:00:00,0.96831,0.96888,0.96822,0.96844,942,16,0
2022-07-05 22:30:00,0.96841,0.96844,0.96785,0.96818,873,16,0
2022-07-05 23:00:00,0.96822,0.96868,0.96809,0.96861,312,18,0
2022-07-05 23:30:00,0.9686,0.96871,0.96799,0.96833,464,21,0
2022-07-06 00:00:00,0.96749,0.96791,0.96749,0.96791,3,108,0
2022-07-06 00:30:00,0.96795,0.96822,0.96759,0.96821,87,62,0
2022-07-06 01:00:00,0.96826,0.96866,0.96796,0.96821,469,23,0
2022-07-06 01:30:00,0.96821,0.96836,0.96783,0.96831,682,19,0
2022-07-06 02:00:00,0.96832,0.9684,0.968,0.96836,497,17,0
2022-07-06 02:30:00,0.96835,0.96857,0.96782,0.96836,390,17,0
2022-07-06 03:00:00,0.96836,0.96884,0.96823,0.96879,1281,16,0
2022-07-06 03:30:00,0.96877,0.96882,0.96801,0.96804,1094,17,0
2022-07-06 04:00:00,0.96803,0.96858,0.9675,0.96857,1368,16,0
2022-07-06 04:30:00,0.96857,0.96857,0.96741,0.96797,1355,16,0
2022-07-06 05:00:00,0.96797,0.9682,0.96726,0.9675,1480,17,0
2022-07-06 05:30:00,0.96752,0.96761,0.96719,0.96725,911,17,0
2022-07-06 06:00:00,0.96725,0.96779,0.96708,0.96766,710,17,0
2022-07-06 06:30:00,0.96763,0.96821,0.9675,0.96821,739,16,0
2022-07-06 07:00:00,0.96821,0.96854,0.96793,0.9684,888,17,0
2022-07-06 07:30:00,0.96839,0.96885,0.9681,0.96832,966,16,0
2022-07-06 08:00:00,0.96833,0.96857,0.968,0.96818,2624,16,0
2022-07-06 08:30:00,0.96818,0.9684,0.96784,0.968,2896,16,0
2022-07-06 09:00:00,0.96799,0.96844,0.9671,0.96828,2703,16,0
2022-07-06 09:30:00,0.96829,0.96867,0.96721,0.96765,1887,16,0
2022-07-06 10:00:00,0.96766,0.9689,0.96717,0.96857,2789,16,0
2022-07-06 10:30:00,0.96857,0.96913,0.96799,0.96837,2829,16,0
2022-07-06 11:00:00,0.96839,0.96889,0.96705,0.96843,2666,16,0
2022-07-06 11:30:00,0.96844,0.96982,0.96814,0.96907,2409,16,0
2022-07-06 12:00:00,0.96905,0.96938,0.96859,0.96926,2816,16,0
2022-07-06 12:30:00,0.9693,0.9704,0.96921,0.97033,1791,16,0
2022-07-06 13:00:00,0.97033,0.97093,0.97017,0.97057,1477,16,0
2022-07-06 13:30:00,0.97057,0.97199,0.97047,0.97136,2054,16,0
2022-07-06 14:00:00,0.97135,0.97241,0.97092,0.97129,2322,16,0
2022-07-06 14:30:00,0.97128,0.97224,0.971,0.97126,2753,16,0
2022-07-06 15:00:00,0.97125,0.97245,0.97099,0.97195,3609,16,0
2022-07-06 15:30:00,0.97195,0.97247,0.97117,0.97124,3279,16,0
2022-07-06 16:00:00,0.97128,0.97153,0.97006,0.9706,3001,16,0
2022-07-06 16:30:00,0.97061,0.97177,0.96944,0.97166,3981,16,0
2022-07-06 17:00:00,0.97167,0.97425,0.97075,0.97078,5455,16,0
2022-07-06 17:30:00,0.97078,0.97136,0.96991,0.97019,4228,16,0
2022-07-06 18:00:00,0.97023,0.97125,0.96873,0.97124,3300,16,0
2022-07-06 18:30:00,0.97125,0.97228,0.97103,0.97156,2557,16,0
2022-07-06 19:00:00,0.97156,0.9721,0.97138,0.97147,1517,16,0
2022-07-06 19:30:00,0.97147,0.97174,0.97095,0.97123,1172,16,0
2022-07-06 20:00:00,0.97124,0.97133,0.97041,0.97066,1329,16,0
2022-07-06 20:30:00,0.97068,0.97141,0.97017,0.97025,1075,16,0
2022-07-06 21:00:00,0.97024,0.97272,0.96955,0.97173,4799,16,0
2022-07-06 21:30:00,0.97175,0.97197,0.9708,0.97123,3240,16,0
2022-07-06 22:00:00,0.97122,0.97169,0.9708,0.97101,1726,16,0
2022-07-06 22:30:00,0.97103,0.97178,0.97049,0.97049,1201,16,0
2022-07-06 23:00:00,0.97052,0.97101,0.97031,0.97081,579,17,0
2022-07-06 23:30:00,0.97081,0.97105,0.97017,0.97052,511,21,0
2022-07-07 00:00:00,0.96966,0.96966,0.96966,0.96966,1,170,0
2022-07-07 00:30:00,0.96935,0.96988,0.96935,0.96988,5,170,0
2022-07-07 01:00:00,0.97034,0.97074,0.97008,0.97049,748,16,0
2022-07-07 01:30:00,0.97048,0.97048,0.96978,0.96981,455,20,0
2022-07-07 02:00:00,0.96979,0.97068,0.96979,0.97013,669,19,0
2022-07-07 02:30:00,0.97013,0.97033,0.96989,0.97017,387,19,0
2022-07-07 03:00:00,0.97016,0.97064,0.97004,0.97022,1368,16,0
2022-07-07 03:30:00,0.97023,0.97073,0.96982,0.97,1363,16,0
2022-07-07 04:00:00,0.97,0.97025,0.96928,0.96958,1267,16,0
2022-07-07 04:30:00,0.96957,0.97007,0.96932,0.96988,1684,16,0
2022-07-07 05:00:00,0.96986,0.96987,0.96884,0.96912,1273,16,0
2022-07-07 05:30:00,0.96912,0.96935,0.96837,0.96901,1856,16,0
2022-07-07 06:00:00,0.969,0.96906,0.96849,0.96894,1164,16,0
2022-07-07 06:30:00,0.96893,0.96912,0.96852,0.96888,973,18,0
2022-07-07 07:00:00,0.96889,0.96913,0.96857,0.9688,616,16,0
2022-07-07 07:30:00,0.9688,0.96898,0.96845,0.96867,699,17,0
2022-07-07 08:00:00,0.96863,0.96889,0.96808,0.96848,978,16,0
2022-07-07 08:30:00,0.96847,0.9688,0.96822,0.96879,1150,16,0
2022-07-07 09:00:00,0.96876,0.96987,0.96874,0.96921,1582,16,0
2022-07-07 09:30:00,0.96923,0.96998,0.96917,0.9697,1676,16,0
2022-07-07 10:00:00,0.96969,0.97133,0.96906,0.97124,2485,16,0
2022-07-07 10:30:00,0.97119,0.97158,0.97044,0.97096,2083,16,0
2022-07-07 11:00:00,0.97098,0.97121,0.96972,0.97095,2615,16,0
2022-07-07 11:30:00,0.97095,0.97193,0.97059,0.97135,2285,16,0
2022-07-07 12:00:00,0.97139,0.97275,0.9708,0.97266,3413,16,0
2022-07-07 12:30:00,0.97265,0.97289,0.97132,0.97234,2098,16,0
2022-07-07 13:00:00,0.97232,0.97259,0.97142,0.97189,1725,16,0
2022-07-07 13:30:00,0.97189,0.9731,0.97159,0.97254,2140,16,0
2022-07-07 14:00:00,0.97255,0.97289,0.97141,0.97224,2132,16,0
2022-07-07 14:30:00,0.97223,0.97274,0.97178,0.97253,2499,16,0
2022-07-07 15:00:00,0.97251,0.97318,0.97137,0.97206,2743,16,0
2022-07-07 15:30:00,0.97205,0.97409,0.97187,0.97401,2808,16,0
2022-07-07 16:00:00,0.974,0.97401,0.97231,0.97296,3107,16,0
2022-07-07 16:30:00,0.97296,0.97336,0.9722,0.97258,3171,16,0
2022-07-07 17:00:00,0.97258,0.97325,0.97199,0.97278,2521,16,0
2022-07-07 17:30:00,0.97278,0.97341,0.97186,0.97286,3055,16,0
2022-07-07 18:00:00,0.97285,0.9734,0.97228,0.9728,2185,16,0
2022-07-07 18:30:00,0.9728,0.97357,0.97203,0.9734,1693,16,0
2022-07-07 19:00:00,0.97338,0.97376,0.97302,0.97363,1560,16,0
2022-07-07 19:30:00,0.97364,0.97423,0.97313,0.97392,1427,16,0
2022-07-07 20:00:00,0.97393,0.97443,0.97353,0.97417,1147,16,0
2022-07-07 20:30:00,0.97418,0.97451,0.97399,0.9743,884,16,0
2022-07-07 21:00:00,0.97431,0.97444,0.97391,0.97396,1183,16,0
2022-07-07 21:30:00,0.97398,0.97454,0.97384,0.97453,810,17,0
2022-07-07 22:00:00,0.97453,0.97476,0.97433,0.97453,871,16,0
2022-07-07 22:30:00,0.97452,0.97455,0.97381,0.97398,751,16,0
2022-07-07 23:00:00,0.97401,0.97424,0.97377,0.97385,453,19,0
2022-07-07 23:30:00,0.97385,0.97432,0.97348,0.97355,683,21,0
2022-07-08 00:30:00,0.97268,0.97321,0.97268,0.97294,8,123,0
2022-07-08 01:00:00,0.97325,0.97395,0.97325,0.97378,647,16,0
2022-07-08 01:30:00,0.97378,0.97399,0.97365,0.97368,518,16,0
2022-07-08 02:00:00,0.97368,0.97404,0.97367,0.97397,582,17,0
2022-07-08 02:30:00,0.97398,0.97415,0.97362,0.97375,597,16,0
2022-07-08 03:00:00,0.97374,0.97423,0.97363,0.9738,818,17,0
2022-07-08 03:30:00,0.97379,0.97387,0.97259,0.97273,778,17,0
2022-07-08 04:00:00,0.97273,0.97287,0.97219,0.97235,659,16,0
2022-07-08 04:30:00,0.97236,0.97297,0.97223,0.9729,1515,16,0
2022-07-08 05:00:00,0.97289,0.9731,0.97269,0.97287,1019,16,0
2022-07-08 05:30:00,0.97286,0.97346,0.97253,0.97307,1995,16,0
2022-07-08 06:00:00,0.97307,0.97337,0.9727,0.97291,1923,16,0
2022-07-08 06:30:00,0.9729,0.97356,0.97269,0.97342,1603,16,0
2022-07-08 07:00:00,0.97342,0.97456,0.97342,0.97405,1448,16,0
2022-07-08 07:30:00,0.97406,0.97406,0.97361,0.97377,856,16,0
2022-07-08 08:00:00,0.97376,0.97439,0.9735,0.97424,961,16,0
2022-07-08 08:30:00,0.97418,0.97465,0.97352,0.97365,1208,16,0
2022-07-08 09:00:00,0.97366,0.97391,0.97318,0.97356,1337,16,0
2022-07-08 09:30:00,0.97355,0.97421,0.9735,0.97416,1320,16,0
2022-07-08 10:00:00,0.97416,0.97731,0.97397,0.97701,2875,16,0
2022-07-08 10:30:00,0.97702,0.97966,0.97668,0.97751,4387,16,0
2022-07-08 11:00:00,0.97751,0.9784,0.97669,0.97761,3418,16,0
2022-07-08 11:30:00,0.97764,0.97818,0.97632,0.977,2454,16,0
2022-07-08 12:00:00,0.977,0.97816,0.97668,0.97754,2346,16,0
2022-07-08 12:30:00,0.97753,0.97808,0.97685,0.97694,1855,16,0
2022-07-08 13:00:00,0.97693,0.97729,0.97615,0.97649,1872,16,0
2022-07-08 13:30:00,0.97651,0.97672,0.97595,0.97667,2371,16,0
2022-07-08 14:00:00,0.97666,0.97721,0.97595,0.97718,1895,16,0
2022-07-08 14:30:00,0.97717,0.97721,0.97589,0.97606,1795,16,0
2022-07-08 15:00:00,0.97607,0.9766,0.97452,0.97471,2181,16,0
2022-07-08 15:30:00,0.9747,0.97918,0.97466,0.97776,6411,15,0
2022-07-08 16:00:00,0.97776,0.97786,0.97626,0.97681,4860,16,0
2022-07-08 16:30:00,0.9768,0.9792,0.97646,0.97853,5122,16,0
2022-07-08 17:00:00,0.97852,0.97879,0.97633,0.97639,4064,16,0
2022-07-08 17:30:00,0.97638,0.97669,0.97516,0.9761,3669,16,0
2022-07-08 18:00:00,0.97611,0.97736,0.97527,0.9771,2453,16,0
2022-07-08 18:30:00,0.9771,0.97789,0.9765,0.97756,1711,16,0
2022-07-08 19:00:00,0.97755,0.97868,0.97748,0.9785,1317,16,0
2022-07-08 19:30:00,0.97851,0.9787,0.9779,0.97809,1466,16,0
2022-07-08 20:00:00,0.97805,0.97851,0.97781,0.97836,1344,16,0
2022-07-08 20:30:00,0.97837,0.97885,0.97817,0.9784,1157,16,0
2022-07-08 21:00:00,0.97838,0.97839,0.97756,0.97756,784,16,0
2022-07-08 21:30:00,0.97757,0.97781,0.97711,0.97733,945,16,0
2022-07-08 22:00:00,0.97732,0.97736,0.97668,0.97678,979,16,0
2022-07-08 22:30:00,0.97678,0.97703,0.97599,0.97657,964,16,0
2022-07-08 23:00:00,0.97656,0.97692,0.97617,0.97651,788,18,0
2022-07-08 23:30:00,0.97649,0.97689,0.97619,0.97636,780,21,0
2022-07-11 00:00:00,0.97574,0.97621,0.97574,0.97621,2,170,0
2022-07-11 00:30:00,0.97603,0.97603,0.97603,0.97603,1,170,0
2022-07-11 01:00:00,0.97692,0.97744,0.97651,0.97738,818,16,0
2022-07-11 01:30:00,0.97738,0.97739,0.97695,0.97698,1770,16,0
2022-07-11 02:00:00,0.977,0.97778,0.97698,0.9775,1653,16,0
2022-07-11 02:30:00,0.97751,0.97779,0.97701,0.97766,1679,16,0
2022-07-11 03:00:00,0.97766,0.97859,0.97764,0.97841,1544,17,0
2022-07-11 03:30:00,0.9784,0.97881,0.97804,0.97878,1190,16,0
2022-07-11 04:00:00,0.97876,0.9789,0.97854,0.9788,980,17,0
2022-07-11 04:30:00,0.97881,0.97963,0.97874,0.97925,1427,16,0
2022-07-11 05:00:00,0.97929,0.97933,0.97831,0.97834,1236,16,0
2022-07-11 05:30:00,0.97833,0.97868,0.9779,0.97827,1133,16,0
2022-07-11 06:00:00,0.97826,0.97826,0.97753,0.9778,1103,16,0
2022-07-11 06:30:00,0.97779,0.97867,0.97779,0.97837,800,18,0
2022-07-11 07:00:00,0.97837,0.97846,0.97786,0.97812,708,16,0
2022-07-11 07:30:00,0.97811,0.97861,0.9779,0.97817,868,16,0
2022-07-11 08:00:00,0.97816,0.97865,0.97797,0.9784,821,19,0
2022-07-11 08:30:00,0.9784,0.97903,0.97835,0.97875,1301,18,0
2022-07-11 09:00:00,0.97882,0.98007,0.97866,0.9798,2184,16,0
2022-07-11 09:30:00,0.9798,0.97995,0.97908,0.9794,1676,16,0
2022-07-11 10:00:00,0.97941,0.97982,0.9787,0.97925,2318,16,0
2022-07-11 10:30:00,0.97926,0.9796,0.9784,0.97927,2098,16,0
2022-07-11 11:00:00,0.97924,0.97943,0.97866,0.97894,1782,16,0
2022-07-11 11:30:00,0.97895,0.97944,0.97809,0.97926,1729,16,0
2022-07-11 12:00:00,0.97926,0.97971,0.97869,0.97971,1567,16,0
2022-07-11 12:30:00,0.97971,0.98169,0.97971,0.98146,1650,16,0
2022-07-11 13:00:00,0.98144,0.98159,0.98072,0.98113,1413,16,0
2022-07-11 13:30:00,0.98113,0.9813,0.9801,0.98021,1251,16,0
2022-07-11 14:00:00,0.98021,0.98103,0.97982,0.98099,1165,16,0
2022-07-11 14:30:00,0.98099,0.98158,0.98067,0.98098,1711,16,0
2022-07-11 15:00:00,0.98098,0.98139,0.98042,0.98097,2724,16,0
2022-07-11 15:30:00,0.98098,0.98235,0.98062,0.98137,2716,16,0
2022-07-11 16:00:00,0.98138,0.98412,0.98122,0.98321,3167,16,0
2022-07-11 16:30:00,0.98318,0.98421,0.9812,0.9819,3612,16,0
2022-07-11 17:00:00,0.98194,0.98204,0.98049,0.98091,3125,16,0
2022-07-11 17:30:00,0.98084,0.98092,0.9791,0.97985,3332,16,0
2022-07-11 18:00:00,0.97992,0.97994,0.97894,0.97926,2356,16,0
2022-07-11 18:30:00,0.97926,0.98005,0.97898,0.97939,2056,16,0
2022-07-11 19:00:00,0.9794,0.98014,0.9793,0.97984,1772,16,0
2022-07-11 19:30:00,0.97984,0.98025,0.97955,0.97995,1226,16,0
2022-07-11 20:00:00,0.97993,0.97997,0.97858,0.97908,1285,16,0
2022-07-11 20:30:00,0.97903,0.97951,0.97896,0.97896,1055,16,0
2022-07-11 21:00:00,0.97897,0.97967,0.97861,0.97939,1129,16,0
2022-07-11 21:30:00,0.9794,0.98007,0.97906,0.97993,800,16,0
2022-07-11 22:00:00,0.97989,0.98132,0.97957,0.98099,920,16,0
2022-07-11 22:30:00,0.98099,0.98277,0.98069,0.98172,1300,16,0
2022-07-11 23:00:00,0.98172,0.98317,0.98145,0.98312,576,19,0
2022-07-11 23:30:00,0.98313,0.98332,0.98266,0.98302,644,21,0
2022-07-12 00:00:00,0.98198,0.98198,0.98178,0.98184,12,170,0
2022-07-12 00:30:00,0.98222,0.98225,0.98219,0.98224,15,149,0
2022-07-12 01:00:00,0.98222,0.98329,0.98196,0.98215,774,16,0
2022-07-12 01:30:00,0.98215,0.9827,0.98212,0.98255,639,16,0
2022-07-12 02:00:00,0.98254,0.98276,0.98239,0.98273,1023,16,0
2022-07-12 02:30:00,0.98273,0.98289,0.98255,0.98283,263,17,0
2022-07-12 03:00:00,0.98291,0.98305,0.98156,0.98269,688,17,0
2022-07-12 03:30:00,0.98269,0.9827,0.98179,0.98203,764,18,0
2022-07-12 04:00:00,0.98202,0.98431,0.98187,0.98365,2365,16,0
2022-07-12 04:30:00,0.98365,0.98366,0.98258,0.98282,1659,18,0
2022-07-12 05:00:00,0.98281,0.98351,0.98236,0.98317,1907,16,0
2022-07-12 05:30:00,0.98318,0.98326,0.98237,0.98253,1146,19,0
2022-07-12 06:00:00,0.98256,0.98325,0.98236,0.98271,1232,16,0
2022-07-12 06:30:00,0.98281,0.98317,0.98262,0.98282,543,18,0
2022-07-12 07:00:00,0.98283,0.98357,0.98281,0.98334,789,20,0
2022-07-12 07:30:00,0.98333,0.98398,0.98332,0.98346,799,16,0
2022-07-12 08:00:00,0.98345,0.98437,0.9833,0.98387,1213,19,0
2022-07-12 08:30:00,0.98387,0.98449,0.98377,0.98412,1804,16,0
2022-07-12 09:00:00,0.98412,0.98418,0.98343,0.984,2527,16,0
2022-07-12 09:30:00,0.98398,0.98442,0.98357,0.98406,2578,16,0
2022-07-12 10:00:00,0.98405,0.98517,0.98378,0.98411,3651,16,0
2022-07-12 10:30:00,0.98412,0.98452,0.98361,0.98404,2818,16,0
2022-07-12 11:00:00,0.98404,0.98464,0.98316,0.98372,2191,16,0
2022-07-12 11:30:00,0.98372,0.98478,0.98329,0.98459,2279,16,0
2022-07-12 12:00:00,0.9846,0.98504,0.98437,0.98499,2490,16,0
2022-07-12 12:30:00,0.98495,0.98573,0.98479,0.98492,2278,16,0
2022-07-12 13:00:00,0.98493,0.98539,0.98448,0.98531,2432,16,0
2022-07-12 13:30:00,0.98531,0.98577,0.98494,0.98506,2220,16,0
2022-07-12 14:00:00,0.98507,0.98542,0.98291,0.9835,3491,16,0
2022-07-12 14:30:00,0.98349,0.98476,0.98317,0.98402,3005,16,0
2022-07-12 15:00:00,0.98403,0.9847,0.98381,0.98448,2937,16,0
2022-07-12 15:30:00,0.98449,0.98469,0.98263,0.98282,2999,16,0
2022-07-12 16:00:00,0.9828,0.98297,0.98181,0.98244,2834,16,0
2022-07-12 16:30:00,0.98245,0.98366,0.98161,0.98256,3912,16,0
2022-07-12 17:00:00,0.98257,0.98274,0.98101,0.98141,2854,16,0
2022-07-12 17:30:00,0.98141,0.98217,0.98024,0.98105,2813,16,0
2022-07-12 18:00:00,0.98103,0.98141,0.98049,0.98081,2064,16,0
2022-07-12 18:30:00,0.98081,0.98203,0.98068,0.98124,1686,16,0
2022-07-12 19:00:00,0.98124,0.98156,0.98083,0.98156,1488,16,0
2022-07-12 19:30:00,0.98155,0.98161,0.9811,0.98128,771,16,0
2022-07-12 20:00:00,0.98127,0.982,0.98112,0.98164,1468,16,0
2022-07-12 20:30:00,0.98163,0.98181,0.98107,0.98108,971,16,0
2022-07-12 21:00:00,0.98108,0.98155,0.98086,0.98121,780,16,0
2022-07-12 21:30:00,0.98119,0.98188,0.98103,0.98178,964,16,0
2022-07-12 22:00:00,0.98178,0.98193,0.9815,0.98181,1015,16,0
2022-07-12 22:30:00,0.9818,0.98221,0.98138,0.98207,1468,16,0
2022-07-12 23:00:00,0.98207,0.98233,0.98178,0.982,536,20,0
2022-07-12 23:30:00,0.98201,0.98201,0.98131,0.98155,355,21,0
2022-07-13 00:00:00,0.98201,0.98201,0.98198,0.98198,2,170,0
2022-07-13 00:30:00,0.98115,0.9814,0.98115,0.9814,2,161,0
2022-07-13 01:00:00,0.98202,0.98273,0.98138,0.98212,1140,19,0
2022-07-13 01:30:00,0.98213,0.98221,0.9818,0.98199,730,20,0
2022-07-13 02:00:00,0.98197,0.98234,0.98159,0.9816,619,18,0
2022-07-13 02:30:00,0.9816,0.98186,0.98153,0.98181,531,20,0
2022-07-13 03:00:00,0.98185,0.98249,0.9816,0.98228,1036,19,0
2022-07-13 03:30:00,0.98229,0.98258,0.98193,0.98222,1478,17,0
2022-07-13 04:00:00,0.98216,0.98274,0.98141,0.9825,1287,19,0
2022-07-13 04:30:00,0.98251,0.98276,0.98214,0.9825,1258,19,0
2022-07-13 05:00:00,0.9825,0.9829,0.98235,0.98263,1369,18,0
2022-07-13 05:30:00,0.98263,0.98265,0.98165,0.98173,1096,19,0
2022-07-13 06:00:00,0.98174,0.98214,0.98166,0.98174,1123,18,0
2022-07-13 06:30:00,0.98175,0.98194,0.98109,0.9818,1249,16,0
2022-07-13 07:00:00,0.98179,0.98197,0.98143,0.98151,833,19,0
2022-07-13 07:30:00,0.98151,0.98205,0.9815,0.98193,716,19,0
2022-07-13 08:00:00,0.98193,0.98238,0.98181,0.98202,1044,16,0
2022-07-13 08:30:00,0.98202,0.98231,0.9815,0.98183,1497,16,0
2022-07-13 09:00:00,0.98182,0.9824,0.98071,0.98205,2325,17,0
2022-07-13 09:30:00,0.98206,0.98231,0.98145,0.98166,1492,17,0
2022-07-13 10:00:00,0.98165,0.98176,0.98042,0.98149,3044,16,0
2022-07-13 10:30:00,0.98148,0.9815,0.97835,0.97889,3350,16,0
2022-07-13 11:00:00,0.97888,0.97943,0.97804,0.97849,2489,16,0
2022-07-13 11:30:00,0.97849,0.97908,0.97742,0.97867,2457,16,0
2022-07-13 12:00:00,0.97867,0.97972,0.97828,0.97831,1925,16,0
2022-07-13 12:30:00,0.97833,0.97877,0.9777,0.97861,1492,16,0
2022-07-13 13:00:00,0.97862,0.979,0.9775,0.97788,1764,16,0
2022-07-13 13:30:00,0.97789,0.97797,0.97689,0.97744,1874,16,0
2022-07-13 14:00:00,0.97743,0.97768,0.97619,0.97683,1460,16,0
2022-07-13 14:30:00,0.97683,0.97705,0.97564,0.97564,2127,16,0
2022-07-13 15:00:00,0.97563,0.97737,0.97544,0.97668,2424,16,0
2022-07-13 15:30:00,0.97709,0.9819,0.97673,0.98049,8219,16,0
2022-07-13 16:00:00,0.9805,0.98165,0.9785,0.98082,5414,16,0
2022-07-13 16:30:00,0.98082,0.98254,0.98041,0.98162,5124,16,0
2022-07-13 17:00:00,0.98159,0.98263,0.97904,0.97915,6267,16,0
2022-07-13 17:30:00,0.97915,0.97989,0.97614,0.97687,6705,16,0
2022-07-13 18:00:00,0.97686,0.97838,0.97635,0.97761,3812,16,0
2022-07-13 18:30:00,0.9776,0.97881,0.97726,0.97854,2646,16,0
2022-07-13 19:00:00,0.97855,0.97855,0.97669,0.97716,2015,16,0
2022-07-13 19:30:00,0.97715,0.97769,0.9765,0.97727,1480,16,0
2022-07-13 20:00:00,0.97727,0.9779,0.97715,0.97736,2312,16,0
2022-07-13 20:30:00,0.97733,0.97781,0.97666,0.97747,1173,16,0
2022-07-13 21:00:00,0.97747,0.97912,0.97747,0.97832,4118,16,0
2022-07-13 21:30:00,0.97832,0.97933,0.97807,0.9792,1601,16,0
2022-07-13 22:00:00,0.97919,0.97941,0.9785,0.9787,1928,16,0
2022-07-13 22:30:00,0.97872,0.97935,0.97862,0.97884,1094,16,0
2022-07-13 23:00:00,0.97882,0.97914,0.97855,0.9786,689,20,0
2022-07-13 23:30:00,0.97864,0.97887,0.9784,0.97841,463,21,0
2022-07-14 00:00:00,0.97752,0.97752,0.9771,0.9771,2,170,0
2022-07-14 00:30:00,0.97796,0.97833,0.97796,0.97832,7,170,0
2022-07-14 01:00:00,0.97814,0.97889,0.97814,0.9787,2073,22,0
2022-07-14 01:30:00,0.97871,0.97925,0.97858,0.97902,448,16,0
2022-07-14 02:00:00,0.97903,0.97977,0.97903,0.97973,547,20,0
2022-07-14 02:30:00,0.97974,0.98095,0.9796,0.98074,829,21,0
2022-07-14 03:00:00,0.98074,0.98148,0.98057,0.98123,793,16,0
2022-07-14 03:30:00,0.98124,0.9816,0.98094,0.98123,1396,18,0
2022-07-14 04:00:00,0.98123,0.9821,0.98108,0.98124,1599,19,0
2022-07-14 04:30:00,0.98122,0.98229,0.98116,0.98196,2201,16,0
2022-07-14 05:00:00,0.98198,0.98254,0.98131,0.98196,1776,20,0
2022-07-14 05:30:00,0.98196,0.98202,0.98124,0.98161,1345,17,0
2022-07-14 06:00:00,0.9816,0.98174,0.9811,0.9811,1584,19,0
2022-07-14 06:30:00,0.98109,0.98148,0.98097,0.98133,723,21,0
2022-07-14 07:00:00,0.98134,0.98167,0.98126,0.98141,462,21,0
2022-07-14 07:30:00,0.9814,0.98214,0.98124,0.98205,1459,16,0
2022-07-14 08:00:00,0.98204,0.98233,0.98159,0.98224,1660,18,0
2022-07-14 08:30:00,0.98223,0.98256,0.9818,0.98226,1540,19,0
2022-07-14 09:00:00,0.98224,0.98329,0.98176,0.98282,2437,16,0
2022-07-14 09:30:00,0.9828,0.98379,0.98199,0.98374,1856,16,0
2022-07-14 10:00:00,0.98373,0.98441,0.98269,0.9839,4089,16,0
2022-07-14 10:30:00,0.98391,0.98435,0.98278,0.98425,2795,16,0
2022-07-14 11:00:00,0.98423,0.98617,0.98421,0.98529,2714,16,0
2022-07-14 11:30:00,0.98528,0.98545,0.9838,0.9843,2625,16,0
2022-07-14 12:00:00,0.98436,0.98493,0.98355,0.9836,2753,16,0
2022-07-14 12:30:00,0.98361,0.98381,0.98273,0.98287,2360,16,0
2022-07-14 13:00:00,0.98287,0.98403,0.9825,0.98372,2137,16,0
2022-07-14 13:30:00,0.98375,0.98444,0.98345,0.98388,2183,16,0
2022-07-14 14:00:00,0.98387,0.98437,0.98363,0.98399,2446,16,0
2022-07-14 14:30:00,0.984,0.98421,0.98283,0.98321,2834,16,0
2022-07-14 15:00:00,0.98322,0.98439,0.983,0.98347,2379,16,0
2022-07-14 15:30:00,0.98346,0.98507,0.98303,0.98495,3478,16,0
2022-07-14 16:00:00,0.98495,0.98742,0.98444,0.98708,4591,16,0
2022-07-14 16:30:00,0.98709,0.98846,0.98484,0.98507,5278,16,0
2022-07-14 17:00:00,0.98507,0.98739,0.98499,0.98609,3644,16,0
2022-07-14 17:30:00,0.98605,0.98663,0.98486,0.98535,3305,16,0
2022-07-14 18:00:00,0.98537,0.98555,0.98339,0.98474,5169,16,0
2022-07-14 18:30:00,0.98476,0.9848,0.98214,0.98283,4237,16,0
2022-07-14 19:00:00,0.98284,0.98519,0.98283,0.98493,2524,16,0
2022-07-14 19:30:00,0.98493,0.98568,0.98445,0.98516,3199,16,0
2022-07-14 20:00:00,0.98515,0.98515,0.98348,0.98387,3175,16,0
2022-07-14 20:30:00,0.98386,0.98469,0.98378,0.98427,2237,16,0
2022-07-14 21:00:00,0.98427,0.98434,0.98272,0.98303,1961,16,0
2022-07-14 21:30:00,0.98303,0.98332,0.98232,0.98293,2238,18,0
2022-07-14 22:00:00,0.98292,0.98382,0.98272,0.98317,2189,17,0
2022-07-14 22:30:00,0.98317,0.98378,0.98297,0.98367,1530,16,0
2022-07-14 23:00:00,0.98368,0.98378,0.98321,0.98327,1058,20,0
2022-07-14 23:30:00,0.98326,0.98378,0.98325,0.98368,971,22,0
2022-07-15 00:30:00,0.98253,0.98307,0.98234,0.98284,15,127,0
2022-07-15 01:00:00,0.98335,0.98376,0.98312,0.98369,1696,34,0
2022-07-15 01:30:00,0.98373,0.98376,0.9833,0.98348,1375,24,0
2022-07-15 02:00:00,0.98347,0.98364,0.98317,0.98324,1694,24,0
2022-07-15 02:30:00,0.98323,0.98323,0.98279,0.98279,956,18,0
2022-07-15 03:00:00,0.98281,0.98321,0.98259,0.98282,1525,16,0
2022-07-15 03:30:00,0.98282,0.98321,0.9823,0.98243,1686,16,0
2022-07-15 04:00:00,0.98244,0.98247,0.98191,0.98227,2049,16,0
2022-07-15 04:30:00,0.98226,0.98233,0.98136,0.98144,2074,18,0
2022-07-15 05:00:00,0.98145,0.98175,0.98093,0.98102,1061,17,0
2022-07-15 05:30:00,0.98101,0.98153,0.98098,0.98144,1085,18,0
2022-07-15 06:00:00,0.98145,0.98276,0.9814,0.98273,1160,17,0
2022-07-15 06:30:00,0.98272,0.98292,0.98253,0.98285,882,16,0
2022-07-15 07:00:00,0.98287,0.98314,0.98265,0.98278,672,16,0
2022-07-15 07:30:00,0.98279,0.98285,0.98239,0.98255,631,16,0
2022-07-15 08:00:00,0.98256,0.98333,0.98251,0.98333,915,18,0
2022-07-15 08:30:00,0.98333,0.98367,0.98266,0.98347,1280,17,0
2022-07-15 09:00:00,0.98338,0.98403,0.98256,0.98262,1709,16,0
2022-07-15 09:30:00,0.98262,0.98376,0.98239,0.98249,2769,16,0
2022-07-15 10:00:00,0.98251,0.98296,0.98095,0.98097,3109,16,0
2022-07-15 10:30:00,0.98097,0.98124,0.98017,0.98052,2277,16,0
2022-07-15 11:00:00,0.98056,0.98106,0.98006,0.98101,1936,16,0
2022-07-15 11:30:00,0.981,0.98211,0.98004,0.98015,1499,16,0
2022-07-15 12:00:00,0.98016,0.98045,0.97894,0.97944,1893,16,0
2022-07-15 12:30:00,0.97946,0.98022,0.97899,0.97964,2122,16,0
2022-07-15 13:00:00,0.97962,0.97983,0.97904,0.9794,1691,16,0
2022-07-15 13:30:00,0.9794,0.97971,0.97918,0.97942,1865,16,0
2022-07-15 14:00:00,0.97941,0.97997,0.97928,0.97941,1810,16,0
2022-07-15 14:30:00,0.97941,0.97941,0.97886,0.97913,1669,16,0
2022-07-15 15:00:00,0.97913,0.97923,0.97852,0.97884,1714,16,0
2022-07-15 15:30:00,0.97887,0.98089,0.97698,0.9774,5705,16,0
2022-07-15 16:00:00,0.97737,0.98109,0.97695,0.98096,3516,16,0
2022-07-15 16:30:00,0.98096,0.98193,0.97972,0.98107,4129,16,0
2022-07-15 17:00:00,0.98106,0.98106,0.97845,0.97899,5693,16,0
2022-07-15 17:30:00,0.97885,0.98022,0.97813,0.97876,3854,16,0
2022-07-15 18:00:00,0.97877,0.97911,0.9775,0.9777,3105,16,0
2022-07-15 18:30:00,0.97771,0.9781,0.97703,0.97759,2013,16,0
2022-07-15 19:00:00,0.97758,0.97862,0.97753,0.97861,1211,16,0
2022-07-15 19:30:00,0.97861,0.97888,0.97766,0.97766,1185,16,0
2022-07-15 20:00:00,0.97767,0.97775,0.97654,0.97715,1136,16,0
2022-07-15 20:30:00,0.97714,0.97781,0.97675,0.97767,1189,16,0
2022-07-15 21:00:00,0.97767,0.97825,0.97761,0.97808,935,16,0
2022-07-15 21:30:00,0.97808,0.97845,0.97775,0.97792,807,16,0
2022-07-15 22:00:00,0.97793,0.97804,0.97742,0.97751,879,16,0
2022-07-15 22:30:00,0.9775,0.97788,0.97691,0.97692,1184,16,0
2022-07-15 23:00:00,0.97699,0.97701,0.97632,0.97665,964,16,0
2022-07-15 23:30:00,0.97666,0.97688,0.97582,0.976,1185,22,0
2022-07-18 00:00:00,0.97764,0.97764,0.97572,0.97572,3,170,0
2022-07-18 00:30:00,0.9757,0.97694,0.9757,0.97686,17,170,0
2022-07-18 01:00:00,0.97709,0.97709,0.97602,0.97674,900,29,0
2022-07-18 01:30:00,0.97673,0.97676,0.97612,0.97624,1337,16,0
2022-07-18 02:00:00,0.97624,0.97657,0.97555,0.97577,1826,16,0
2022-07-18 02:30:00,0.97575,0.97588,0.97537,0.97543,1351,16,0
2022-07-18 03:00:00,0.97543,0.97572,0.97514,0.97531,1147,16,0
2022-07-18 03:30:00,0.97532,0.97561,0.97456,0.97498,1329,16,0
2022-07-18 04:00:00,0.97495,0.97499,0.97395,0.9742,1782,16,0
2022-07-18 04:30:00,0.97419,0.97438,0.97365,0.97394,1859,18,0
2022-07-18 05:00:00,0.97393,0.9741,0.97359,0.97408,1504,20,0
2022-07-18 05:30:00,0.97409,0.97479,0.97384,0.97478,1326,20,0
2022-07-18 06:00:00,0.97478,0.97493,0.97425,0.97436,1136,21,0
2022-07-18 06:30:00,0.97438,0.97553,0.97435,0.97545,1123,21,0
2022-07-18 07:00:00,0.97543,0.97611,0.97525,0.9759,1068,16,0
2022-07-18 07:30:00,0.9759,0.97615,0.97582,0.97601,736,21,0
2022-07-18 08:00:00,0.97601,0.97606,0.97531,0.97531,529,18,0
2022-07-18 08:30:00,0.97528,0.9758,0.97456,0.97579,1367,16,0
2022-07-18 09:00:00,0.97578,0.97608,0.97527,0.97595,2090,16,0
2022-07-18 09:30:00,0.97595,0.9767,0.97546,0.97629,2110,16,0
2022-07-18 10:00:00,0.97632,0.97689,0.97431,0.97559,4293,16,0
2022-07-18 10:30:00,0.97558,0.97601,0.9746,0.97478,2963,16,0
2022-07-18 11:00:00,0.9748,0.97525,0.97396,0.97446,2133,16,0
2022-07-18 11:30:00,0.97448,0.97464,0.97363,0.97443,2258,16,0
2022-07-18 12:00:00,0.97442,0.97568,0.97422,0.97507,2195,16,0
2022-07-18 12:30:00,0.97508,0.97556,0.97422,0.97446,1933,16,0
2022-07-18 13:00:00,0.97448,0.97476,0.97309,0.97441,1856,16,0
2022-07-18 13:30:00,0.97442,0.97646,0.97427,0.97607,1843,16,0
2022-07-18 14:00:00,0.97608,0.97659,0.9759,0.97651,1014,16,0
2022-07-18 14:30:00,0.97652,0.97694,0.97594,0.97683,1525,16,0
2022-07-18 15:00:00,0.97683,0.97879,0.97683,0.97874,1704,16,0
2022-07-18 15:30:00,0.97873,0.97888,0.9773,0.97746,2511,16,0
2022-07-18 16:00:00,0.97748,0.97826,0.97622,0.97653,2541,16,0
2022-07-18 16:30:00,0.97652,0.97698,0.97432,0.97529,3242,16,0
2022-07-18 17:00:00,0.97527,0.97536,0.97366,0.97408,3297,16,0
2022-07-18 17:30:00,0.97407,0.97417,0.97299,0.97367,3248,16,0
2022-07-18 18:00:00,0.97367,0.97687,0.97357,0.97667,2317,16,0
2022-07-18 18:30:00,0.9767,0.97687,0.97612,0.97625,1605,16,0
2022-07-18 19:00:00,0.97626,0.97641,0.97509,0.97515,1466,16,0
2022-07-18 19:30:00,0.97515,0.97636,0.97508,0.97618,1013,16,0
2022-07-18 20:00:00,0.97618,0.97627,0.97548,0.97607,820,16,0
2022-07-18 20:30:00,0.97607,0.97728,0.97605,0.97718,1111,16,0
2022-07-18 21:00:00,0.9772,0.97744,0.97672,0.97722,1323,16,0
2022-07-18 21:30:00,0.97723,0.97738,0.97684,0.97708,1375,16,0
2022-07-18 22:00:00,0.97711,0.97716,0.97657,0.97692,1072,16,0
2022-07-18 22:30:00,0.97693,0.9775,0.97693,0.97727,1704,16,0
2022-07-18 23:00:00,0.97723,0.97755,0.9772,0.97748,482,20,0
2022-07-18 23:30:00,0.97749,0.9775,0.97707,0.97716,436,22,0
2022-07-19 00:00:00,0.97678,0.97678,0.97632,0.97632,8,155,0
2022-07-19 00:30:00,0.97614,0.97664,0.97614,0.97664,3,123,0
2022-07-19 01:00:00,0.97648,0.97733,0.97648,0.97725,653,25,0
2022-07-19 01:30:00,0.97725,0.97765,0.97717,0.9776,1035,25,0
2022-07-19 02:00:00,0.97759,0.97786,0.97754,0.97765,198,18,0
2022-07-19 02:30:00,0.97765,0.9779,0.97732,0.97747,605,16,0
2022-07-19 03:00:00,0.97746,0.9781,0.97724,0.978,660,19,0
2022-07-19 03:30:00,0.97799,0.97821,0.97784,0.9782,1130,16,0
2022-07-19 04:00:00,0.9782,0.97856,0.97814,0.97825,572,18,0
2022-07-19 04:30:00,0.97825,0.97854,0.97796,0.9784,922,16,0
2022-07-19 05:00:00,0.9784,0.9784,0.97752,0.97775,864,16,0
2022-07-19 05:30:00,0.97772,0.97793,0.97735,0.97781,890,18,0
2022-07-19 06:00:00,0.97782,0.97788,0.97711,0.97725,998,16,0
2022-07-19 06:30:00,0.97725,0.97799,0.97713,0.97772,666,16,0
2022-07-19 07:00:00,0.97769,0.9777,0.97721,0.97734,489,16,0
2022-07-19 07:30:00,0.97734,0.97771,0.97642,0.97724,735,18,0
2022-07-19 08:00:00,0.97724,0.97727,0.97576,0.97591,1183,18,0
2022-07-19 08:30:00,0.97593,0.97614,0.97547,0.97597,912,16,0
2022-07-19 09:00:00,0.97597,0.97628,0.97541,0.97556,1991,16,0
2022-07-19 09:30:00,0.97556,0.97556,0.97417,0.9745,1957,16,0
2022-07-19 10:00:00,0.9745,0.97452,0.97232,0.97312,3390,16,0
2022-07-19 10:30:00,0.97314,0.97316,0.9699,0.97025,4666,16,0
2022-07-19 11:00:00,0.97025,0.97055,0.96939,0.97028,3305,16,0
2022-07-19 11:30:00,0.97029,0.97059,0.96958,0.96994,2467,16,0
2022-07-19 12:00:00,0.96991,0.97095,0.96949,0.97007,2860,16,0
2022-07-19 12:30:00,0.97006,0.97022,0.96822,0.9693,2268,16,0
2022-07-19 13:00:00,0.9693,0.96933,0.96753,0.96842,2455,16,0
2022-07-19 13:30:00,0.96843,0.96896,0.96725,0.9673,2928,16,0
2022-07-19 14:00:00,0.9673,0.96823,0.9673,0.96792,2531,16,0
2022-07-19 14:30:00,0.96792,0.96806,0.96712,0.96782,2238,16,0
2022-07-19 15:00:00,0.96782,0.96852,0.96759,0.96809,1806,17,0
2022-07-19 15:30:00,0.96809,0.96842,0.96728,0.96773,2050,16,0
2022-07-19 16:00:00,0.96772,0.96774,0.96612,0.96716,2374,16,0
2022-07-19 16:30:00,0.96715,0.96715,0.96599,0.96703,3534,16,0
2022-07-19 17:00:00,0.96704,0.96858,0.96526,0.96818,4333,16,0
2022-07-19 17:30:00,0.96819,0.96927,0.96776,0.9683,4004,16,0
2022-07-19 18:00:00,0.96825,0.96852,0.96732,0.96807,2530,16,0
2022-07-19 18:30:00,0.96806,0.96856,0.96746,0.96822,1448,16,0
2022-07-19 19:00:00,0.96822,0.96892,0.96816,0.96841,871,16,0
2022-07-19 19:30:00,0.96841,0.96869,0.96768,0.96824,1044,16,0
2022-07-19 20:00:00,0.96823,0.96853,0.96784,0.96837,925,16,0
2022-07-19 20:30:00,0.96836,0.96873,0.96826,0.96868,863,16,0
2022-07-19 21:00:00,0.96867,0.96909,0.96852,0.96896,815,16,0
2022-07-19 21:30:00,0.96896,0.96937,0.96862,0.9688,1185,16,0
2022-07-19 22:00:00,0.9688,0.96918,0.96854,0.96862,974,18,0
2022-07-19 22:30:00,0.96863,0.96914,0.96848,0.96906,1083,17,0
2022-07-19 23:00:00,0.96906,0.96909,0.96869,0.96885,672,22,0
2022-07-19 23:30:00,0.96886,0.96887,0.96821,0.96849,404,22,0
2022-07-20 00:00:00,0.96833,0.96833,0.96743,0.96743,4,170,0
2022-07-20 00:30:00,0.96784,0.9679,0.96774,0.96782,16,170,0
2022-07-20 01:00:00,0.96846,0.96896,0.9684,0.96849,690,31,0
2022-07-20 01:30:00,0.96849,0.9687,0.96829,0.96867,294,21,0
2022-07-20 02:00:00,0.96867,0.9691,0.96821,0.96886,1932,16,0
2022-07-20 02:30:00,0.96884,0.96908,0.96858,0.9689,541,16,0
2022-07-20 03:00:00,0.96894,0.96914,0.96845,0.96855,624,16,0
2022-07-20 03:30:00,0.96854,0.96904,0.96761,0.96818,1809,16,0
2022-07-20 04:00:00,0.96816,0.96849,0.9677,0.96809,598,16,0
2022-07-20 04:30:00,0.9681,0.96855,0.9681,0.96845,696,19,0
2022-07-20 05:00:00,0.96845,0.96854,0.96804,0.96849,540,21,0
2022-07-20 05:30:00,0.9685,0.96862,0.96808,0.96818,755,18,0
2022-07-20 06:00:00,0.96819,0.96843,0.96791,0.968,659,19,0
2022-07-20 06:30:00,0.96801,0.96832,0.96784,0.96821,402,22,0
2022-07-20 07:00:00,0.96822,0.96857,0.96808,0.96848,575,20,0
2022-07-20 07:30:00,0.96849,0.96863,0.9682,0.96846,695,22,0
2022-07-20 08:00:00,0.96846,0.96887,0.96823,0.9686,1052,16,0
2022-07-20 08:30:00,0.96861,0.96937,0.96861,0.96921,1082,18,0
2022-07-20 09:00:00,0.96921,0.96945,0.96877,0.96916,1379,16,0
2022-07-20 09:30:00,0.96918,0.96946,0.9676,0.96818,1808,16,0
2022-07-20 10:00:00,0.96819,0.96889,0.96764,0.96795,2911,16,0
2022-07-20 10:30:00,0.96796,0.96997,0.96752,0.96976,3029,16,0
2022-07-20 11:00:00,0.96976,0.97017,0.96893,0.96991,2639,16,0
2022-07-20 11:30:00,0.96991,0.96991,0.96896,0.96952,1484,16,0
2022-07-20 12:00:00,0.96958,0.9696,0.9679,0.96858,1376,16,0
2022-07-20 12:30:00,0.96859,0.969,0.96805,0.96837,1564,16,0
2022-07-20 13:00:00,0.9684,0.96972,0.96838,0.96901,1338,16,0
2022-07-20 13:30:00,0.96901,0.97156,0.96889,0.97029,3593,16,0
2022-07-20 14:00:00,0.97028,0.97054,0.96976,0.96988,2400,16,0
2022-07-20 14:30:00,0.96988,0.97129,0.96977,0.96982,3107,16,0
2022-07-20 15:00:00,0.96984,0.97091,0.96976,0.97039,2700,16,0
2022-07-20 15:30:00,0.9704,0.97075,0.96974,0.96986,2581,16,0
2022-07-20 16:00:00,0.96987,0.96987,0.96845,0.96912,2113,16,0
2022-07-20 16:30:00,0.96913,0.9699,0.96839,0.96981,2991,16,0
2022-07-20 17:00:00,0.9698,0.9703,0.96908,0.97018,2685,16,0
2022-07-20 17:30:00,0.97011,0.9712,0.96982,0.97022,3143,16,0
2022-07-20 18:00:00,0.97022,0.97235,0.97012,0.97233,1741,16,0
2022-07-20 18:30:00,0.97233,0.97284,0.97184,0.97191,1128,16,0
2022-07-20 19:00:00,0.97192,0.97249,0.97188,0.97245,963,16,0
2022-07-20 19:30:00,0.97245,0.97351,0.97238,0.97297,1862,16,0
2022-07-20 20:00:00,0.97298,0.97351,0.97251,0.97285,3129,16,0
2022-07-20 20:30:00,0.97287,0.97306,0.97202,0.97244,1435,16,0
2022-07-20 21:00:00,0.97244,0.97267,0.97204,0.97238,1554,16,0
2022-07-20 21:30:00,0.97237,0.97253,0.97198,0.972,1151,17,0
2022-07-20 22:00:00,0.972,0.97229,0.97165,0.97224,838,16,0
2022-07-20 22:30:00,0.97225,0.97251,0.97201,0.9721,760,17,0
2022-07-20 23:00:00,0.97209,0.97214,0.97139,0.97143,405,20,0
2022-07-20 23:30:00,0.97143,0.97161,0.97044,0.97081,684,24,0
2022-07-21 00:00:00,0.97018,0.97018,0.97018,0.97018,1,170,0
2022-07-21 00:30:00,0.97026,0.97102,0.97026,0.97081,20,76,0
2022-07-21 01:00:00,0.97079,0.97138,0.97048,0.9707,3935,26,0
2022-07-21 01:30:00,0.97075,0.97099,0.97048,0.97092,331,24,0
2022-07-21 02:00:00,0.97092,0.97168,0.97092,0.97157,439,19,0
2022-07-21 02:30:00,0.97158,0.97177,0.9713,0.97147,826,17,0
2022-07-21 03:00:00,0.97148,0.97184,0.97143,0.97163,972,16,0
2022-07-21 03:30:00,0.97173,0.97175,0.97109,0.97151,1160,20,0
2022-07-21 04:00:00,0.9715,0.97187,0.97136,0.97149,729,21,0
2022-07-21 04:30:00,0.97149,0.97153,0.97082,0.97114,737,19,0
2022-07-21 05:00:00,0.97114,0.97142,0.9706,0.9706,1782,17,0
2022-07-21 05:30:00,0.97061,0.97069,0.9701,0.9703,1198,18,0
2022-07-21 06:00:00,0.97031,0.97057,0.96983,0.97037,1185,18,0
2022-07-21 06:30:00,0.97037,0.97072,0.97031,0.97042,810,19,0
2022-07-21 07:00:00,0.97042,0.97044,0.97001,0.97027,465,16,0
2022-07-21 07:30:00,0.97026,0.97029,0.9694,0.9696,1169,17,0
2022-07-21 08:00:00,0.96962,0.97024,0.96952,0.9701,732,17,0
2022-07-21 08:30:00,0.97011,0.97013,0.96939,0.96987,1037,16,0
2022-07-21 09:00:00,0.96995,0.97088,0.96978,0.97088,1498,16,0
2022-07-21 09:30:00,0.97086,0.97228,0.97035,0.97212,1720,16,0
2022-07-21 10:00:00,0.97214,0.97373,0.97096,0.97346,3548,16,0
2022-07-21 10:30:00,0.97346,0.9735,0.97219,0.97331,2399,16,0
2022-07-21 11:00:00,0.97332,0.97383,0.97282,0.97302,2734,16,0
2022-07-21 11:30:00,0.97302,0.97336,0.97222,0.9723,3072,16,0
2022-07-21 12:00:00,0.9723,0.97298,0.97199,0.97205,2416,16,0
2022-07-21 12:30:00,0.97204,0.97281,0.97155,0.9717,1549,16,0
2022-07-21 13:00:00,0.97169,0.9722,0.9714,0.97192,1560,16,0
2022-07-21 13:30:00,0.97189,0.97276,0.97162,0.97259,1634,16,0
2022-07-21 14:00:00,0.9726,0.97325,0.9722,0.97229,1768,16,0
2022-07-21 14:30:00,0.97228,0.97319,0.97211,0.97289,2108,16,0
2022-07-21 15:00:00,0.97289,0.97307,0.96942,0.97062,4819,16,0
2022-07-21 15:30:00,0.97063,0.97065,0.96691,0.9671,6635,16,0
2022-07-21 16:00:00,0.96711,0.97172,0.96667,0.97132,6723,16,0
2022-07-21 16:30:00,0.97132,0.97252,0.96977,0.97057,5426,16,0
2022-07-21 17:00:00,0.97056,0.97206,0.97019,0.97199,3959,16,0
2022-07-21 17:30:00,0.972,0.97213,0.96904,0.9693,3757,16,0
2022-07-21 18:00:00,0.9693,0.97036,0.96845,0.96983,2599,16,0
2022-07-21 18:30:00,0.96982,0.96997,0.96881,0.96925,1751,16,0
2022-07-21 19:00:00,0.96925,0.96997,0.9692,0.9693,1686,16,0
2022-07-21 19:30:00,0.96929,0.96995,0.96915,0.96955,1117,16,0
2022-07-21 20:00:00,0.96959,0.9698,0.96888,0.96901,1062,16,0
2022-07-21 20:30:00,0.969,0.96958,0.96893,0.96938,1009,16,0
2022-07-21 21:00:00,0.96939,0.96955,0.968,0.9685,912,16,0
2022-07-21 21:30:00,0.9685,0.96855,0.96819,0.96851,952,16,0
2022-07-21 22:00:00,0.96851,0.96888,0.96782,0.96823,891,16,0
2022-07-21 22:30:00,0.96823,0.96838,0.96722,0.96725,1222,17,0
2022-07-21 23:00:00,0.96723,0.9676,0.96631,0.96645,999,22,0
2022-07-21 23:30:00,0.96645,0.96665,0.96627,0.96645,573,21,0
2022-07-22 00:00:00,0.96647,0.96661,0.96624,0.96651,43,36,0
2022-07-22 00:30:00,0.96651,0.96652,0.96624,0.96632,51,31,0
2022-07-22 01:00:00,0.96648,0.96675,0.96623,0.96672,1095,21,0
2022-07-22 01:30:00,0.96668,0.96676,0.96638,0.96648,498,19,0
2022-07-22 02:00:00,0.9665,0.96651,0.9659,0.96595,423,17,0
2022-07-22 02:30:00,0.96594,0.96627,0.96572,0.96627,292,16,0
2022-07-22 03:00:00,0.96628,0.96662,0.96579,0.96662,778,21,0
2022-07-22 03:30:00,0.96662,0.96711,0.96648,0.96708,629,16,0
2022-07-22 04:00:00,0.96708,0.96775,0.96673,0.96763,1072,17,0
2022-07-22 04:30:00,0.96763,0.96765,0.96694,0.96724,758,23,0
2022-07-22 05:00:00,0.96723,0.96808,0.96713,0.96804,569,19,0
2022-07-22 05:30:00,0.96804,0.96804,0.96756,0.96798,552,20,0
2022-07-22 06:00:00,0.96797,0.9685,0.96782,0.96842,338,16,0
2022-07-22 06:30:00,0.96841,0.96851,0.96809,0.96812,364,22,0
2022-07-22 07:00:00,0.96813,0.96837,0.968,0.96835,389,22,0
2022-07-22 07:30:00,0.96836,0.96887,0.96836,0.96883,521,18,0
2022-07-22 08:00:00,0.96884,0.96886,0.9684,0.96853,618,20,0
2022-07-22 08:30:00,0.96852,0.9687,0.96829,0.96843,727,16,0
2022-07-22 09:00:00,0.96844,0.96891,0.96788,0.96789,1331,16,0
2022-07-22 09:30:00,0.9679,0.96852,0.96682,0.96687,2086,16,0
2022-07-22 10:00:00,0.96685,0.96845,0.96677,0.96834,3069,15,0
2022-07-22 10:30:00,0.96834,0.97032,0.96817,0.96871,3289,16,0
2022-07-22 11:00:00,0.96872,0.96902,0.96761,0.96836,2768,16,0
2022-07-22 11:30:00,0.96836,0.96853,0.96742,0.96789,2745,16,0
2022-07-22 12:00:00,0.9679,0.96795,0.9661,0.96706,2570,16,0
2022-07-22 12:30:00,0.96707,0.96747,0.9662,0.96628,2183,16,0
2022-07-22 13:00:00,0.96628,0.9678,0.96624,0.96654,1954,16,0
2022-07-22 13:30:00,0.96654,0.96682,0.96527,0.96533,1849,16,0
2022-07-22 14:00:00,0.96534,0.96631,0.96533,0.96574,2203,16,0
2022-07-22 14:30:00,0.96573,0.96591,0.96433,0.96476,2707,16,0
2022-07-22 15:00:00,0.96476,0.96559,0.96438,0.96451,2232,16,0
2022-07-22 15:30:00,0.9645,0.96598,0.96433,0.96596,1713,16,0
2022-07-22 16:00:00,0.96595,0.96637,0.96541,0.96576,2237,16,0
2022-07-22 16:30:00,0.96576,0.96583,0.96,0.96087,5395,16,0
2022-07-22 17:00:00,0.96088,0.96177,0.95987,0.96167,4681,16,0
2022-07-22 17:30:00,0.96166,0.96225,0.96044,0.96064,4126,16,0
2022-07-22 18:00:00,0.96061,0.96189,0.96035,0.96113,2579,16,0
2022-07-22 18:30:00,0.96124,0.96185,0.96084,0.96114,1582,16,0
2022-07-22 19:00:00,0.96115,0.96187,0.96115,0.96156,1239,16,0
2022-07-22 19:30:00,0.96155,0.96169,0.96048,0.96067,1118,16,0
2022-07-22 20:00:00,0.96066,0.96144,0.96024,0.96122,1259,16,0
2022-07-22 20:30:00,0.96122,0.96194,0.96122,0.96183,948,16,0
2022-07-22 21:00:00,0.96184,0.96345,0.96164,0.96321,1519,16,0
2022-07-22 21:30:00,0.96322,0.96399,0.96297,0.96353,1226,16,0
2022-07-22 22:00:00,0.96354,0.96394,0.96288,0.96313,1812,16,0
2022-07-22 22:30:00,0.96311,0.96329,0.96189,0.9619,1792,16,0
2022-07-22 23:00:00,0.96189,0.96227,0.96165,0.96172,573,22,0
2022-07-22 23:30:00,0.96173,0.96181,0.96061,0.96082,643,24,0
2022-07-25 00:00:00,0.96123,0.96226,0.96123,0.96192,64,170,0
2022-07-25 00:30:00,0.96139,0.96158,0.96139,0.96158,3,170,0
2022-07-25 01:00:00,0.96127,0.96262,0.96097,0.96197,1720,25,0
2022-07-25 01:30:00,0.96196,0.96266,0.96143,0.96222,1345,16,0
2022-07-25 02:00:00,0.96221,0.96333,0.96221,0.96328,1107,16,0
2022-07-25 02:30:00,0.96323,0.96331,0.96293,0.96317,232,16,0
2022-07-25 03:00:00,0.96317,0.9642,0.96317,0.96389,668,16,0
2022-07-25 03:30:00,0.96391,0.96444,0.96391,0.96423,792,16,0
2022-07-25 04:00:00,0.96422,0.96423,0.96326,0.96388,880,16,0
2022-07-25 04:30:00,0.9639,0.96395,0.96258,0.9627,1205,16,0
2022-07-25 05:00:00,0.9627,0.96287,0.96196,0.96258,1304,19,0
2022-07-25 05:30:00,0.96258,0.96289,0.96235,0.96244,744,21,0
2022-07-25 06:00:00,0.96245,0.96316,0.96245,0.96315,594,19,0
2022-07-25 06:30:00,0.96315,0.96334,0.96278,0.96329,592,19,0
2022-07-25 07:00:00,0.96327,0.96327,0.96241,0.96248,533,17,0
2022-07-25 07:30:00,0.96248,0.96303,0.96229,0.96285,640,20,0
2022-07-25 08:00:00,0.96286,0.96355,0.9628,0.96324,735,19,0
2022-07-25 08:30:00,0.9632,0.96373,0.9632,0.96356,734,19,0
2022-07-25 09:00:00,0.9636,0.96471,0.96333,0.96456,1463,16,0
2022-07-25 09:30:00,0.96458,0.96493,0.96408,0.96446,1612,16,0
2022-07-25 10:00:00,0.96445,0.96527,0.96372,0.96443,3288,16,0
2022-07-25 10:30:00,0.96445,0.96541,0.96407,0.96526,2251,16,0
2022-07-25 11:00:00,0.96528,0.96593,0.96387,0.96427,3201,16,0
2022-07-25 11:30:00,0.96428,0.96435,0.96294,0.96342,1841,16,0
2022-07-25 12:00:00,0.96343,0.96365,0.96217,0.96283,2661,16,0
2022-07-25 12:30:00,0.96283,0.96306,0.96167,0.96202,1916,16,0
2022-07-25 13:00:00,0.96201,0.96336,0.96197,0.96332,1686,16,0
2022-07-25 13:30:00,0.9633,0.96384,0.96328,0.96332,1532,16,0
2022-07-25 14:00:00,0.96333,0.96381,0.96263,0.96351,1942,16,0
2022-07-25 14:30:00,0.96352,0.96433,0.96327,0.9639,1700,16,0
2022-07-25 15:00:00,0.96385,0.96489,0.96366,0.96458,2011,16,0
2022-07-25 15:30:00,0.96461,0.96461,0.96359,0.96372,1561,16,0
2022-07-25 16:00:00,0.96372,0.96416,0.96336,0.96373,1508,16,0
2022-07-25 16:30:00,0.96374,0.96432,0.96357,0.96396,1913,16,0
2022-07-25 17:00:00,0.96397,0.96549,0.9638,0.96522,2522,16,0
2022-07-25 17:30:00,0.96521,0.96568,0.96441,0.96476,3155,16,0
2022-07-25 18:00:00,0.96475,0.96533,0.9644,0.96508,1528,16,0
2022-07-25 18:30:00,0.96508,0.96545,0.96474,0.96517,1058,16,0
2022-07-25 19:00:00,0.96516,0.96559,0.96493,0.96542,900,16,0
2022-07-25 19:30:00,0.96543,0.96553,0.96477,0.96509,637,16,0
2022-07-25 20:00:00,0.9651,0.96522,0.96417,0.96418,936,16,0
2022-07-25 20:30:00,0.96418,0.96505,0.9641,0.96465,680,16,0
2022-07-25 21:00:00,0.96465,0.96481,0.96411,0.96428,507,16,0
2022-07-25 21:30:00,0.96427,0.96461,0.96402,0.96459,906,16,0
2022-07-25 22:00:00,0.96459,0.96467,0.96412,0.96427,659,16,0
2022-07-25 22:30:00,0.96428,0.96446,0.96406,0.96406,904,17,0
2022-07-25 23:00:00,0.96407,0.9645,0.96389,0.96441,876,21,0
2022-07-25 23:30:00,0.9644,0.96467,0.96357,0.96357,489,23,0
2022-07-26 00:00:00,0.96387,0.96397,0.96387,0.96392,5,86,0
2022-07-26 00:30:00,0.96388,0.96408,0.96357,0.96357,30,53,0
2022-07-26 01:00:00,0.96404,0.96444,0.9636,0.96433,464,19,0
2022-07-26 01:30:00,0.96433,0.96452,0.96413,0.96417,121,28,0
2022-07-26 02:00:00,0.96417,0.96458,0.96412,0.96443,291,18,0
2022-07-26 02:30:00,0.96445,0.96463,0.96416,0.96424,318,16,0
2022-07-26 03:00:00,0.96422,0.96428,0.96374,0.96393,451,16,0
2022-07-26 03:30:00,0.96386,0.96404,0.96328,0.96344,588,16,0
2022-07-26 04:00:00,0.96345,0.96366,0.9625,0.96258,915,16,0
2022-07-26 04:30:00,0.96258,0.96298,0.96217,0.96289,714,20,0
2022-07-26 05:00:00,0.96286,0.96337,0.96284,0.96329,272,21,0
2022-07-26 05:30:00,0.96329,0.96342,0.96284,0.96316,376,20,0
2022-07-26 06:00:00,0.96315,0.96341,0.96301,0.96332,219,17,0
2022-07-26 06:30:00,0.96334,0.96399,0.96334,0.9639,322,16,0
2022-07-26 07:00:00,0.9639,0.96409,0.9638,0.96395,284,20,0
2022-07-26 07:30:00,0.96394,0.96424,0.96388,0.96424,245,21,0
2022-07-26 08:00:00,0.96423,0.96438,0.96372,0.96418,488,20,0
2022-07-26 08:30:00,0.96417,0.96492,0.96407,0.96479,616,20,0
2022-07-26 09:00:00,0.96479,0.96495,0.96442,0.9645,807,17,0
2022-07-26 09:30:00,0.96449,0.96536,0.96402,0.96532,1091,16,0
2022-07-26 10:00:00,0.96533,0.96546,0.96364,0.96389,2336,16,0
2022-07-26 10:30:00,0.9639,0.96523,0.96372,0.96462,1751,16,0
2022-07-26 11:00:00,0.96462,0.9647,0.96299,0.96335,1802,16,0
2022-07-26 11:30:00,0.96333,0.96462,0.96319,0.96402,1616,16,0
2022-07-26 12:00:00,0.96403,0.96668,0.96399,0.96623,1525,16,0
2022-07-26 12:30:00,0.96622,0.96626,0.96542,0.96583,1849,16,0
2022-07-26 13:00:00,0.96583,0.96637,0.9634,0.96407,3154,16,0
2022-07-26 13:30:00,0.96407,0.96494,0.96402,0.96467,2456,16,0
2022-07-26 14:00:00,0.96466,0.96545,0.96463,0.96502,2024,16,0
2022-07-26 14:30:00,0.96505,0.96528,0.96398,0.96442,1913,16,0
2022-07-26 15:00:00,0.96443,0.96582,0.96421,0.96558,1726,16,0
2022-07-26 15:30:00,0.96559,0.96559,0.96378,0.96384,1934,16,0
2022-07-26 16:00:00,0.96383,0.96438,0.96285,0.96316,2338,16,0
2022-07-26 16:30:00,0.96318,0.96463,0.96296,0.96337,2290,16,0
2022-07-26 17:00:00,0.96338,0.96397,0.96196,0.96231,2711,16,0
2022-07-26 17:30:00,0.96231,0.96252,0.96146,0.96222,1899,16,0
2022-07-26 18:00:00,0.96222,0.96389,0.96183,0.96387,1649,16,0
2022-07-26 18:30:00,0.96387,0.96391,0.96295,0.96333,1281,16,0
2022-07-26 19:00:00,0.96334,0.96352,0.96255,0.96264,960,17,0
2022-07-26 19:30:00,0.96265,0.9631,0.96226,0.96239,555,16,0
2022-07-26 20:00:00,0.96239,0.96271,0.96193,0.96236,1017,16,0
2022-07-26 20:30:00,0.96238,0.96355,0.96238,0.96342,1087,16,0
2022-07-26 21:00:00,0.9634,0.9634,0.96263,0.96292,1019,16,0
2022-07-26 21:30:00,0.96292,0.96316,0.96268,0.96291,673,16,0
2022-07-26 22:00:00,0.96291,0.96293,0.96255,0.9628,676,16,0
2022-07-26 22:30:00,0.9628,0.96293,0.96251,0.96283,899,16,0
2022-07-26 23:00:00,0.96283,0.96309,0.96246,0.96282,619,21,0
2022-07-26 23:30:00,0.96281,0.96302,0.96238,0.96238,303,24,0
2022-07-27 00:00:00,0.96235,0.96241,0.96205,0.96211,47,68,0
2022-07-27 00:30:00,0.96214,0.96262,0.96208,0.96235,110,65,0
2022-07-27 01:00:00,0.96219,0.96277,0.96202,0.96216,560,16,0
2022-07-27 01:30:00,0.96216,0.96236,0.96213,0.96223,148,16,0
2022-07-27 02:00:00,0.96221,0.96226,0.96179,0.96197,592,19,0
2022-07-27 02:30:00,0.96198,0.96229,0.96193,0.96224,641,16,0
2022-07-27 03:00:00,0.96226,0.96249,0.96167,0.96201,1154,16,0
2022-07-27 03:30:00,0.96202,0.96235,0.96161,0.96209,601,18,0
2022-07-27 04:00:00,0.96213,0.96232,0.96178,0.96231,1142,18,0
2022-07-27 04:30:00,0.96229,0.96249,0.96154,0.96173,1562,18,0
2022-07-27 05:00:00,0.96175,0.9625,0.96161,0.96228,645,20,0
2022-07-27 05:30:00,0.9623,0.96236,0.96188,0.96214,856,18,0
2022-07-27 06:00:00,0.96216,0.96216,0.96163,0.96173,408,18,0
2022-07-27 06:30:00,0.96174,0.96195,0.96157,0.96194,361,19,0
2022-07-27 07:00:00,0.96195,0.96199,0.96145,0.96154,228,20,0
2022-07-27 07:30:00,0.96154,0.9617,0.96141,0.96156,372,20,0
2022-07-27 08:00:00,0.96157,0.9618,0.96138,0.9614,444,18,0
2022-07-27 08:30:00,0.96141,0.96183,0.96136,0.96143,591,20,0
2022-07-27 09:00:00,0.96144,0.96189,0.96093,0.96183,1361,16,0
2022-07-27 09:30:00,0.96183,0.9632,0.96145,0.96302,951,16,0
2022-07-27 10:00:00,0.963,0.96301,0.96194,0.96267,2168,16,0
2022-07-27 10:30:00,0.96269,0.96372,0.96196,0.96222,1712,16,0
2022-07-27 11:00:00,0.96222,0.96222,0.96106,0.96157,1829,16,0
2022-07-27 11:30:00,0.96157,0.96157,0.96066,0.96121,1272,16,0
2022-07-27 12:00:00,0.96122,0.96129,0.96035,0.96039,1102,16,0
2022-07-27 12:30:00,0.96039,0.96145,0.96036,0.96137,1351,16,0
2022-07-27 13:00:00,0.96137,0.96145,0.96094,0.96103,1419,16,0
2022-07-27 13:30:00,0.96104,0.96141,0.96072,0.96134,1232,16,0
2022-07-27 14:00:00,0.96135,0.96139,0.96036,0.96131,1430,16,0
2022-07-27 14:30:00,0.96132,0.96243,0.96111,0.96232,1316,16,0
2022-07-27 15:00:00,0.96232,0.9627,0.96055,0.96055,1478,16,0
2022-07-27 15:30:00,0.96056,0.96215,0.96055,0.9618,2084,16,0
2022-07-27 16:00:00,0.96179,0.96194,0.96024,0.96141,1447,16,0
2022-07-27 16:30:00,0.96139,0.9628,0.9605,0.96251,1805,16,0
2022-07-27 17:00:00,0.9624,0.96395,0.96179,0.96393,2183,16,0
2022-07-27 17:30:00,0.96394,0.96494,0.96341,0.96418,1937,16,0
2022-07-27 18:00:00,0.96426,0.96487,0.9638,0.96444,1861,16,0
2022-07-27 18:30:00,0.96444,0.9655,0.96396,0.96519,1373,16,0
2022-07-27 19:00:00,0.96519,0.9655,0.96421,0.96542,1107,16,0
2022-07-27 19:30:00,0.96543,0.96584,0.96496,0.96548,808,16,0
2022-07-27 20:00:00,0.96545,0.96555,0.96436,0.96468,796,16,0
2022-07-27 20:30:00,0.96469,0.96522,0.96383,0.96394,1087,16,0
2022-07-27 21:00:00,0.96406,0.9645,0.9621,0.96293,3924,16,0
2022-07-27 21:30:00,0.96292,0.96566,0.95873,0.95895,9048,16,0
2022-07-27 22:00:00,0.95893,0.95986,0.95868,0.95895,4365,16,0
2022-07-27 22:30:00,0.95893,0.95937,0.95827,0.9589,2573,16,0
2022-07-27 23:00:00,0.9589,0.95922,0.95858,0.959,882,23,0
2022-07-27 23:30:00,0.95897,0.95951,0.95864,0.95935,382,22,0
2022-07-28 00:00:00,0.95902,0.95904,0.95902,0.95904,2,170,0
2022-07-28 00:30:00,0.9589,0.95914,0.95867,0.9587,21,90,0
2022-07-28 01:00:00,0.9588,0.95965,0.95874,0.95941,1439,33,0
2022-07-28 01:30:00,0.95948,0.95972,0.95889,0.95894,724,16,0
2022-07-28 02:00:00,0.95897,0.95897,0.95839,0.95851,444,17,0
2022-07-28 02:30:00,0.95852,0.95856,0.95814,0.95827,402,20,0
2022-07-28 03:00:00,0.95829,0.95937,0.95778,0.95934,1128,16,0
2022-07-28 03:30:00,0.95933,0.95975,0.95888,0.95925,766,16,0
2022-07-28 04:00:00,0.9592,0.95945,0.95784,0.95813,1601,19,0
2022-07-28 04:30:00,0.95812,0.95824,0.95711,0.95814,2294,16,0
2022-07-28 05:00:00,0.95816,0.9587,0.95784,0.95827,1473,16,0
2022-07-28 05:30:00,0.95826,0.95853,0.95775,0.9578,1581,16,0
2022-07-28 06:00:00,0.95781,0.95789,0.95743,0.95759,667,19,0
2022-07-28 06:30:00,0.95762,0.95861,0.95755,0.95846,631,16,0
2022-07-28 07:00:00,0.95846,0.95903,0.95825,0.95841,407,16,0
2022-07-28 07:30:00,0.95841,0.95908,0.95804,0.95889,1188,16,0
2022-07-28 08:00:00,0.95888,0.95916,0.95865,0.95865,446,16,0
2022-07-28 08:30:00,0.95863,0.95883,0.95805,0.9586,1064,16,0
2022-07-28 09:00:00,0.95862,0.95883,0.95795,0.9585,1632,16,0
2022-07-28 09:30:00,0.95848,0.95964,0.95782,0.95853,1811,16,0
2022-07-28 10:00:00,0.9585,0.96036,0.95834,0.95952,2295,16,0
2022-07-28 10:30:00,0.95953,0.96016,0.9587,0.95887,2206,16,0
2022-07-28 11:00:00,0.95882,0.95957,0.95797,0.95823,1967,16,0
2022-07-28 11:30:00,0.95824,0.95851,0.95728,0.9573,1544,16,0
2022-07-28 12:00:00,0.95736,0.95802,0.95675,0.95724,1793,16,0
2022-07-28 12:30:00,0.95727,0.95965,0.95727,0.95964,2426,16,0
2022-07-28 13:00:00,0.95962,0.95997,0.95904,0.95962,1990,16,0
2022-07-28 13:30:00,0.95962,0.96187,0.95946,0.96125,2076,16,0
2022-07-28 14:00:00,0.96125,0.96251,0.96121,0.96193,1811,16,0
2022-07-28 14:30:00,0.96192,0.96312,0.96185,0.96228,2183,16,0
2022-07-28 15:00:00,0.9623,0.96303,0.95929,0.9614,3247,16,0
2022-07-28 15:30:00,0.96141,0.96171,0.95648,0.95726,5764,16,0
2022-07-28 16:00:00,0.95727,0.95844,0.95578,0.95668,3893,16,0
2022-07-28 16:30:00,0.9567,0.95892,0.95585,0.95768,4292,16,0
2022-07-28 17:00:00,0.95771,0.95791,0.95657,0.95674,3295,16,0
2022-07-28 17:30:00,0.95674,0.95701,0.95587,0.9562,2818,16,0
2022-07-28 18:00:00,0.9562,0.95758,0.9556,0.95604,1886,16,0
2022-07-28 18:30:00,0.95605,0.95706,0.95576,0.95673,1659,16,0
2022-07-28 19:00:00,0.95675,0.95792,0.95675,0.95753,1117,16,0
2022-07-28 19:30:00,0.95753,0.95775,0.95642,0.95643,916,16,0
2022-07-28 20:00:00,0.95643,0.9565,0.95565,0.95614,1617,16,0
2022-07-28 20:30:00,0.95613,0.9565,0.95588,0.95635,989,16,0
2022-07-28 21:00:00,0.95634,0.9569,0.9557,0.95582,887,16,0
2022-07-28 21:30:00,0.95581,0.95613,0.95513,0.95515,991,16,0
2022-07-28 22:00:00,0.95518,0.95519,0.95436,0.9546,1011,16,0
2022-07-28 22:30:00,0.9546,0.9551,0.95457,0.95498,769,16,0
2022-07-28 23:00:00,0.95495,0.955,0.9545,0.95464,359,20,0
2022-07-28 23:30:00,0.95465,0.95477,0.95436,0.95474,357,24,0
2022-07-29 00:00:00,0.9541,0.95428,0.9541,0.95428,2,150,0
2022-07-29 00:30:00,0.95437,0.95459,0.95414,0.95449,12,101,0
2022-07-29 01:00:00,0.95444,0.95516,0.95433,0.95492,697,16,0
2022-07-29 01:30:00,0.95491,0.95493,0.95445,0.95446,746,18,0
2022-07-29 02:00:00,0.95449,0.95477,0.95449,0.95462,285,23,0
2022-07-29 02:30:00,0.95463,0.95502,0.95433,0.95433,305,22,0
2022-07-29 03:00:00,0.95431,0.95488,0.95396,0.95466,934,19,0
2022-07-29 03:30:00,0.95465,0.95472,0.95356,0.95404,1107,16,0
2022-07-29 04:00:00,0.95403,0.95436,0.95385,0.9541,1060,16,0
2022-07-29 04:30:00,0.95413,0.95446,0.95381,0.95423,1086,20,0
2022-07-29 05:00:00,0.9542,0.95444,0.9539,0.95405,785,18,0
2022-07-29 05:30:00,0.95406,0.95439,0.95399,0.95409,441,21,0
2022-07-29 06:00:00,0.95408,0.9543,0.95256,0.95319,2101,16,0
2022-07-29 06:30:00,0.95318,0.95331,0.95131,0.95188,1309,16,0
2022-07-29 07:00:00,0.95191,0.95198,0.95134,0.95174,805,18,0
2022-07-29 07:30:00,0.95175,0.95253,0.95173,0.95235,1056,16,0
2022-07-29 08:00:00,0.95235,0.95235,0.95091,0.95124,1722,19,0
2022-07-29 08:30:00,0.95124,0.95154,0.95082,0.95149,1473,16,0
2022-07-29 09:00:00,0.95148,0.95159,0.95078,0.95086,2073,16,0
2022-07-29 09:30:00,0.95087,0.95158,0.95036,0.95052,2327,16,0
2022-07-29 10:00:00,0.95053,0.95179,0.95006,0.9512,2502,16,0
2022-07-29 10:30:00,0.9512,0.95296,0.95119,0.95187,2259,16,0
2022-07-29 11:00:00,0.95188,0.9531,0.95136,0.95179,2054,16,0
2022-07-29 11:30:00,0.9518,0.9531,0.95174,0.95246,1799,16,0
2022-07-29 12:00:00,0.95244,0.95371,0.95169,0.95319,2265,16,0
2022-07-29 12:30:00,0.95319,0.95361,0.95222,0.95315,1731,16,0
2022-07-29 13:00:00,0.95316,0.95374,0.95256,0.95302,1884,16,0
2022-07-29 13:30:00,0.95298,0.95304,0.95136,0.95149,1647,16,0
2022-07-29 14:00:00,0.95152,0.95348,0.95152,0.95343,1723,16,0
2022-07-29 14:30:00,0.95342,0.95433,0.95305,0.95427,2040,16,0
2022-07-29 15:00:00,0.95427,0.95609,0.95421,0.95512,2934,16,0
2022-07-29 15:30:00,0.95511,0.95703,0.95505,0.95686,3739,16,0
2022-07-29 16:00:00,0.95689,0.95934,0.95685,0.95769,3097,16,0
2022-07-29 16:30:00,0.9577,0.959,0.9575,0.95764,3043,16,0
2022-07-29 17:00:00,0.95752,0.95879,0.95578,0.95596,4253,16,0
2022-07-29 17:30:00,0.95597,0.95614,0.95226,0.95229,4700,16,0
2022-07-29 18:00:00,0.95228,0.95259,0.95096,0.95119,3725,16,0
2022-07-29 18:30:00,0.95118,0.95232,0.9509,0.95122,1937,16,0
2022-07-29 19:00:00,0.95122,0.95211,0.95064,0.95202,1578,16,0
2022-07-29 19:30:00,0.95201,0.9529,0.95194,0.95213,1322,16,0
2022-07-29 20:00:00,0.95214,0.95325,0.95207,0.95301,857,16,0
2022-07-29 20:30:00,0.95301,0.95323,0.95203,0.95242,607,16,0
2022-07-29 21:00:00,0.95241,0.95259,0.95203,0.95226,511,16,0
2022-07-29 21:30:00,0.95225,0.95295,0.95176,0.95177,892,16,0
2022-07-29 22:00:00,0.95177,0.95258,0.95155,0.95245,770,16,0
2022-07-29 22:30:00,0.95244,0.95272,0.95159,0.95181,998,16,0
2022-07-29 23:00:00,0.95176,0.95197,0.95077,0.95084,486,22,0
2022-07-29 23:30:00,0.95084,0.95166,0.9508,0.95139,866,23,0
2022-08-01 00:00:00,0.951,0.951,0.951,0.951,1,170,0
2022-08-01 00:30:00,0.95078,0.95134,0.95078,0.95134,4,170,0
2022-08-01 01:00:00,0.95131,0.95334,0.95131,0.95319,839,36,0
2022-08-01 01:30:00,0.95264,0.95268,0.95201,0.95215,262,16,0
2022-08-01 02:00:00,0.95215,0.95292,0.95214,0.95277,434,21,0
2022-08-01 02:30:00,0.95279,0.95312,0.95266,0.95278,405,18,0
2022-08-01 03:00:00,0.95277,0.95283,0.95108,0.95151,983,20,0
2022-08-01 03:30:00,0.95158,0.95197,0.95131,0.95152,1103,17,0
2022-08-01 04:00:00,0.95152,0.95174,0.95029,0.9504,2191,16,0
2022-08-01 04:30:00,0.95042,0.95096,0.95035,0.95063,1920,16,0
2022-08-01 05:00:00,0.95065,0.95072,0.94999,0.95001,671,17,0
2022-08-01 05:30:00,0.95002,0.95027,0.95,0.95002,413,18,0
2022-08-01 06:00:00,0.95,0.95103,0.94999,0.9509,541,16,0
2022-08-01 06:30:00,0.95088,0.95113,0.95071,0.951,451,20,0
2022-08-01 07:00:00,0.95097,0.95148,0.95057,0.95076,435,21,0
2022-08-01 07:30:00,0.95076,0.9512,0.95051,0.95101,408,17,0
2022-08-01 08:00:00,0.95101,0.95115,0.95059,0.95064,393,17,0
2022-08-01 08:30:00,0.95064,0.95136,0.95057,0.95103,588,18,0
2022-08-01 09:00:00,0.95101,0.95129,0.95053,0.95065,1319,16,0
2022-08-01 09:30:00,0.95066,0.9509,0.94962,0.9504,1665,16,0
2022-08-01 10:00:00,0.9504,0.95075,0.94995,0.95059,1672,16,0
2022-08-01 10:30:00,0.95059,0.95114,0.95017,0.95088,1625,16,0
2022-08-01 11:00:00,0.95088,0.95181,0.95073,0.95102,1690,16,0
2022-08-01 11:30:00,0.95102,0.95102,0.94941,0.94952,2125,16,0
2022-08-01 12:00:00,0.9495,0.94982,0.94897,0.94952,1703,16,0
2022-08-01 12:30:00,0.94951,0.94951,0.94829,0.94849,1785,16,0
2022-08-01 13:00:00,0.94845,0.9488,0.94816,0.94864,1133,16,0
2022-08-01 13:30:00,0.94864,0.94965,0.94826,0.94954,1626,16,0
2022-08-01 14:00:00,0.94954,0.94983,0.94912,0.94957,1693,16,0
2022-08-01 14:30:00,0.94959,0.95019,0.94926,0.94977,1396,16,0
2022-08-01 15:00:00,0.94975,0.95038,0.94865,0.94972,1689,16,0
2022-08-01 15:30:00,0.94972,0.95035,0.94933,0.94955,1938,16,0
2022-08-01 16:00:00,0.94955,0.9502,0.94814,0.94944,2608,16,0
2022-08-01 16:30:00,0.94943,0.9502,0.94928,0.9497,2558,16,0
2022-08-01 17:00:00,0.94978,0.95134,0.94903,0.95012,3864,16,0
2022-08-01 17:30:00,0.9501,0.95015,0.94867,0.94947,3214,16,0
2022-08-01 18:00:00,0.94944,0.94987,0.94843,0.94897,1499,16,0
2022-08-01 18:30:00,0.94893,0.94919,0.94811,0.9487,1292,16,0
2022-08-01 19:00:00,0.94872,0.9498,0.94848,0.94973,797,16,0
2022-08-01 19:30:00,0.94972,0.94989,0.94914,0.94936,720,16,0
2022-08-01 20:00:00,0.94937,0.9508,0.94937,0.95062,1168,16,0
2022-08-01 20:30:00,0.95062,0.9509,0.95028,0.95078,776,16,0
2022-08-01 21:00:00,0.95078,0.95148,0.95069,0.95121,734,16,0
2022-08-01 21:30:00,0.9512,0.95152,0.95023,0.95029,826,16,0
2022-08-01 22:00:00,0.95029,0.9507,0.95021,0.95029,1129,16,0
2022-08-01 22:30:00,0.95031,0.95036,0.94975,0.95005,667,16,0
2022-08-01 23:00:00,0.95005,0.95012,0.94976,0.94989,419,19,0
2022-08-01 23:30:00,0.94989,0.95005,0.94907,0.9495,381,27,0
2022-08-02 00:00:00,0.94953,0.94961,0.94949,0.94955,5,53,0
2022-08-02 00:30:00,0.9496,0.94961,0.94925,0.94925,19,58,0
2022-08-02 01:00:00,0.94955,0.95055,0.94949,0.95049,903,19,0
2022-08-02 01:30:00,0.95047,0.95048,0.9498,0.94985,508,22,0
2022-08-02 02:00:00,0.94985,0.95004,0.94957,0.94981,410,18,0
2022-08-02 02:30:00,0.9498,0.95046,0.94978,0.95002,1114,16,0
2022-08-02 03:00:00,0.95004,0.95034,0.94879,0.94891,1621,16,0
2022-08-02 03:30:00,0.9489,0.94925,0.9469,0.94825,1871,16,0
2022-08-02 04:00:00,0.94825,0.94906,0.94797,0.94862,1455,19,0
2022-08-02 04:30:00,0.94863,0.94903,0.94782,0.94889,1441,17,0
2022-08-02 05:00:00,0.94887,0.94967,0.94858,0.94926,1089,18,0
2022-08-02 05:30:00,0.94925,0.94967,0.94888,0.94909,1417,17,0
2022-08-02 06:00:00,0.9491,0.95034,0.94905,0.94992,1253,18,0
2022-08-02 06:30:00,0.94994,0.95028,0.94958,0.94993,1193,16,0
2022-08-02 07:00:00,0.94995,0.95005,0.94947,0.94963,429,21,0
2022-08-02 07:30:00,0.94965,0.94994,0.94937,0.94961,915,16,0
2022-08-02 08:00:00,0.94962,0.95003,0.94951,0.94951,1079,20,0
2022-08-02 08:30:00,0.94951,0.95056,0.94941,0.95041,789,17,0
2022-08-02 09:00:00,0.95037,0.95133,0.95031,0.951,1832,16,0
2022-08-02 09:30:00,0.95101,0.95184,0.95096,0.95184,1826,16,0
2022-08-02 10:00:00,0.95184,0.95244,0.95124,0.9523,2245,16,0
2022-08-02 10:30:00,0.95229,0.95329,0.95149,0.95211,2814,16,0
2022-08-02 11:00:00,0.9521,0.95251,0.95074,0.95155,2225,16,0
2022-08-02 11:30:00,0.95154,0.95213,0.95137,0.95149,2010,16,0
2022-08-02 12:00:00,0.9515,0.95188,0.95124,0.95156,1760,16,0
2022-08-02 12:30:00,0.95156,0.95183,0.95041,0.95098,2026,16,0
2022-08-02 13:00:00,0.95097,0.95175,0.95094,0.95175,1306,16,0
2022-08-02 13:30:00,0.95175,0.95285,0.95162,0.95279,1364,16,0
2022-08-02 14:00:00,0.95278,0.95295,0.95157,0.9517,1709,16,0
2022-08-02 14:30:00,0.9517,0.95256,0.95156,0.95236,1536,16,0
2022-08-02 15:00:00,0.95235,0.95296,0.95205,0.95218,1990,16,0
2022-08-02 15:30:00,0.95219,0.95248,0.95184,0.95219,2401,16,0
2022-08-02 16:00:00,0.95219,0.95429,0.95198,0.95339,3387,16,0
2022-08-02 16:30:00,0.9534,0.95485,0.95206,0.95424,4633,16,0
2022-08-02 17:00:00,0.95423,0.95586,0.95395,0.95508,4538,16,0
2022-08-02 17:30:00,0.95507,0.95575,0.95351,0.95376,4573,16,0
2022-08-02 18:00:00,0.95374,0.95476,0.95278,0.95298,3206,16,0
2022-08-02 18:30:00,0.95299,0.95449,0.95223,0.95395,2455,16,0
2022-08-02 19:00:00,0.95395,0.95435,0.95338,0.95357,1748,16,0
2022-08-02 19:30:00,0.95357,0.95441,0.95347,0.95385,1404,16,0
2022-08-02 20:00:00,0.95387,0.95615,0.95369,0.95562,1265,16,0
2022-08-02 20:30:00,0.95563,0.95671,0.9556,0.95585,1857,16,0
2022-08-02 21:00:00,0.95589,0.95685,0.95585,0.95592,1585,16,0
2022-08-02 21:30:00,0.95591,0.95705,0.95556,0.95685,1345,16,0
2022-08-02 22:00:00,0.95684,0.95699,0.95611,0.95672,1306,16,0
2022-08-02 22:30:00,0.95673,0.95728,0.95628,0.95708,816,16,0
2022-08-02 23:00:00,0.95705,0.95736,0.957,0.9572,313,22,0
2022-08-02 23:30:00,0.9572,0.95734,0.95714,0.9572,410,22,0
2022-08-03 00:00:00,0.95718,0.95723,0.95697,0.95723,24,59,0
2022-08-03 00:30:00,0.95729,0.95744,0.95728,0.95738,38,32,0
2022-08-03 01:00:00,0.95734,0.95746,0.95643,0.95664,1327,17,0
2022-08-03 01:30:00,0.95664,0.95735,0.95658,0.9573,490,18,0
2022-08-03 02:00:00,0.9573,0.95857,0.95725,0.95849,554,18,0
2022-08-03 02:30:00,0.95847,0.95855,0.95807,0.95829,602,16,0
2022-08-03 03:00:00,0.95821,0.95895,0.95776,0.95864,1027,16,0
2022-08-03 03:30:00,0.95864,0.95877,0.95796,0.9584,1285,16,0
2022-08-03 04:00:00,0.95838,0.95847,0.95706,0.95752,985,16,0
2022-08-03 04:30:00,0.95753,0.95801,0.9571,0.95717,820,16,0
2022-08-03 05:00:00,0.95715,0.95732,0.95673,0.95691,1178,18,0
2022-08-03 05:30:00,0.9569,0.95696,0.95601,0.9562,673,16,0
2022-08-03 06:00:00,0.9562,0.95632,0.95555,0.95601,773,21,0
2022-08-03 06:30:00,0.95599,0.95603,0.95448,0.95457,692,18,0
2022-08-03 07:00:00,0.95455,0.95471,0.95412,0.95428,1898,16,0
2022-08-03 07:30:00,0.9543,0.95504,0.95412,0.9548,699,18,0
2022-08-03 08:00:00,0.95479,0.95579,0.95472,0.95575,608,19,0
2022-08-03 08:30:00,0.95578,0.9561,0.95547,0.95599,731,19,0
2022-08-03 09:00:00,0.956,0.95679,0.95591,0.95664,1350,16,0
2022-08-03 09:30:00,0.95663,0.95837,0.95617,0.95812,1843,16,0
2022-08-03 10:00:00,0.95813,0.95836,0.95709,0.95734,2683,16,0
2022-08-03 10:30:00,0.95733,0.95883,0.95682,0.95818,2158,16,0
2022-08-03 11:00:00,0.95818,0.95818,0.9572,0.9575,1815,16,0
2022-08-03 11:30:00,0.95746,0.95947,0.95745,0.95915,2110,16,0
2022-08-03 12:00:00,0.95914,0.95942,0.9584,0.9585,1758,16,0
2022-08-03 12:30:00,0.95851,0.95971,0.95829,0.95945,1159,16,0
2022-08-03 13:00:00,0.95946,0.9602,0.95817,0.96002,1677,16,0
2022-08-03 13:30:00,0.96003,0.96007,0.95821,0.95838,1526,16,0
2022-08-03 14:00:00,0.95839,0.95853,0.95693,0.95703,1587,16,0
2022-08-03 14:30:00,0.95702,0.95883,0.95691,0.95874,2499,16,0
2022-08-03 15:00:00,0.95875,0.95951,0.95846,0.95951,1807,16,0
2022-08-03 15:30:00,0.95952,0.96014,0.95895,0.95953,2465,16,0
2022-08-03 16:00:00,0.95954,0.96127,0.95951,0.96089,1729,16,0
2022-08-03 16:30:00,0.96088,0.96135,0.96051,0.96086,2162,16,0
2022-08-03 17:00:00,0.96091,0.96503,0.96091,0.96376,5388,15,0
2022-08-03 17:30:00,0.96375,0.96504,0.96321,0.96424,4211,16,0
2022-08-03 18:00:00,0.96422,0.96481,0.96357,0.96388,2796,16,0
2022-08-03 18:30:00,0.96386,0.96422,0.96308,0.96315,2399,16,0
2022-08-03 19:00:00,0.96314,0.96335,0.96135,0.96179,1530,16,0
2022-08-03 19:30:00,0.9618,0.96283,0.96156,0.96258,1327,16,0
2022-08-03 20:00:00,0.96256,0.96292,0.96212,0.96227,1013,16,0
2022-08-03 20:30:00,0.96227,0.96227,0.96149,0.96162,837,16,0
2022-08-03 21:00:00,0.96162,0.962,0.96142,0.96177,989,16,0
2022-08-03 21:30:00,0.96177,0.96255,0.96166,0.96228,1003,16,0
2022-08-03 22:00:00,0.96226,0.96226,0.96109,0.96117,1154,16,0
2022-08-03 22:30:00,0.96116,0.96131,0.96041,0.96065,968,16,0
2022-08-03 23:00:00,0.96063,0.96065,0.96007,0.9603,463,19,0
2022-08-03 23:30:00,0.9603,0.9604,0.96001,0.96012,368,25,0
2022-08-04 00:00:00,0.96012,0.96025,0.95998,0.95998,7,57,0
2022-08-04 01:00:00,0.96014,0.9611,0.96013,0.96091,837,17,0
2022-08-04 01:30:00,0.96091,0.96091,0.96067,0.96077,134,25,0
2022-08-04 02:00:00,0.96079,0.96142,0.96079,0.96134,650,17,0
2022-08-04 02:30:00,0.9614,0.9614,0.96102,0.96111,593,16,0
2022-08-04 03:00:00,0.96112,0.96157,0.96074,0.96137,1839,17,0
2022-08-04 03:30:00,0.96139,0.96147,0.96036,0.96044,1941,16,0
2022-08-04 04:00:00,0.96047,0.96069,0.96011,0.96023,924,18,0
2022-08-04 04:30:00,0.96021,0.96104,0.96008,0.96101,1115,17,0
2022-08-04 05:00:00,0.961,0.96101,0.96068,0.96082,522,17,0
2022-08-04 05:30:00,0.96081,0.96115,0.96075,0.96095,409,20,0
2022-08-04 06:00:00,0.96091,0.96129,0.96072,0.96105,267,16,0
2022-08-04 06:30:00,0.96105,0.96131,0.961,0.96108,940,18,0
2022-08-04 07:00:00,0.96106,0.96117,0.96083,0.96092,884,18,0
2022-08-04 07:30:00,0.96092,0.96106,0.96064,0.96092,388,18,0
2022-08-04 08:00:00,0.96091,0.96118,0.96053,0.96064,463,16,0
2022-08-04 08:30:00,0.96065,0.96137,0.96061,0.96116,820,18,0
2022-08-04 09:00:00,0.96115,0.96202,0.96107,0.96174,1084,16,0
2022-08-04 09:30:00,0.96173,0.96188,0.96112,0.96147,1276,16,0
2022-08-04 10:00:00,0.96147,0.9622,0.9608,0.96138,1989,16,0
2022-08-04 10:30:00,0.96139,0.96156,0.96092,0.96122,1418,16,0
2022-08-04 11:00:00,0.96123,0.96168,0.96073,0.96155,1149,16,0
2022-08-04 11:30:00,0.96156,0.96176,0.96056,0.96081,1597,16,0
2022-08-04 12:00:00,0.96081,0.96106,0.95939,0.95942,1460,16,0
2022-08-04 12:30:00,0.95941,0.95969,0.95861,0.95961,1137,16,0
2022-08-04 13:00:00,0.95962,0.95999,0.95925,0.9593,1272,16,0
2022-08-04 13:30:00,0.95932,0.95965,0.95895,0.95935,1195,16,0
2022-08-04 14:00:00,0.95938,0.96038,0.95923,0.95968,2670,16,0
2022-08-04 14:30:00,0.95968,0.961,0.95966,0.95989,2023,16,0
2022-08-04 15:00:00,0.95991,0.9602,0.95899,0.95917,2450,16,0
2022-08-04 15:30:00,0.95916,0.95953,0.95792,0.95879,2195,16,0
2022-08-04 16:00:00,0.95883,0.96056,0.95855,0.96022,2718,16,0
2022-08-04 16:30:00,0.96021,0.96053,0.95852,0.95876,3259,16,0
2022-08-04 17:00:00,0.95875,0.9591,0.95759,0.95855,2172,16,0
2022-08-04 17:30:00,0.95856,0.95916,0.95698,0.9571,2888,16,0
2022-08-04 18:00:00,0.95712,0.95774,0.95645,0.95689,2409,16,0
2022-08-04 18:30:00,0.95687,0.95769,0.95626,0.95626,1912,16,0
2022-08-04 19:00:00,0.95627,0.9567,0.95538,0.95551,1522,16,0
2022-08-04 19:30:00,0.9555,0.95591,0.95502,0.95557,1782,16,0
2022-08-04 20:00:00,0.95557,0.95585,0.95521,0.95532,873,16,0
2022-08-04 20:30:00,0.95532,0.95552,0.95513,0.95541,531,16,0
2022-08-04 21:00:00,0.95543,0.95554,0.95495,0.95509,540,16,0
2022-08-04 21:30:00,0.95509,0.95515,0.95429,0.95436,898,16,0
2022-08-04 22:00:00,0.95437,0.95472,0.9543,0.95462,869,16,0
2022-08-04 22:30:00,0.95466,0.95504,0.95452,0.95485,723,16,0
2022-08-04 23:00:00,0.95485,0.95521,0.95461,0.95506,748,22,0
2022-08-04 23:30:00,0.95504,0.95519,0.95464,0.95471,602,23,0
2022-08-05 00:00:00,0.95434,0.95436,0.95407,0.95413,20,123,0
2022-08-05 00:30:00,0.95447,0.95475,0.95445,0.95446,49,56,0
2022-08-05 01:00:00,0.95446,0.95527,0.95408,0.95514,2648,17,0
2022-08-05 01:30:00,0.95514,0.95518,0.95472,0.95472,416,25,0
2022-08-05 02:00:00,0.95473,0.95477,0.95376,0.95395,495,17,0
2022-08-05 02:30:00,0.95395,0.95436,0.95387,0.95397,914,16,0
2022-08-05 03:00:00,0.95397,0.95547,0.95381,0.95543,1273,16,0
2022-08-05 03:30:00,0.95543,0.95558,0.95501,0.95546,1133,16,0
2022-08-05 04:00:00,0.95545,0.9559,0.9551,0.9556,994,18,0
2022-08-05 04:30:00,0.9556,0.95635,0.95548,0.95595,961,17,0
2022-08-05 05:00:00,0.95593,0.95635,0.95548,0.95623,796,20,0
2022-08-05 05:30:00,0.95622,0.95656,0.95614,0.95646,411,16,0
2022-08-05 06:00:00,0.95647,0.95648,0.95608,0.95629,349,16,0
2022-08-05 06:30:00,0.9563,0.95634,0.95596,0.95612,473,16,0
2022-08-05 07:00:00,0.95612,0.95649,0.95612,0.95635,277,16,0
2022-08-05 07:30:00,0.95636,0.95649,0.95616,0.9564,373,20,0
2022-08-05 08:00:00,0.95642,0.95697,0.95628,0.95641,374,16,0
2022-08-05 08:30:00,0.9564,0.95692,0.95617,0.95649,790,18,0
2022-08-05 09:00:00,0.95651,0.957,0.95629,0.95665,973,16,0
2022-08-05 09:30:00,0.95666,0.95735,0.95652,0.95655,1335,16,0
2022-08-05 10:00:00,0.95653,0.95711,0.95651,0.95664,1708,16,0
2022-08-05 10:30:00,0.95665,0.95676,0.95585,0.95605,1316,16,0
2022-08-05 11:00:00,0.95602,0.95728,0.956,0.95677,1481,16,0
2022-08-05 11:30:00,0.95678,0.95689,0.95542,0.95562,1404,16,0
2022-08-05 12:00:00,0.95561,0.95561,0.95427,0.95461,1325,16,0
2022-08-05 12:30:00,0.95461,0.9553,0.95461,0.9547,1024,16,0
2022-08-05 13:00:00,0.9547,0.95483,0.95383,0.95386,818,16,0
2022-08-05 13:30:00,0.95386,0.95564,0.95367,0.95526,936,16,0
2022-08-05 14:00:00,0.95526,0.95585,0.95521,0.9555,1074,16,0
2022-08-05 14:30:00,0.95552,0.95577,0.95516,0.95533,1442,16,0
2022-08-05 15:00:00,0.95531,0.9558,0.95513,0.9555,1488,16,0
2022-08-05 15:30:00,0.95549,0.96241,0.95549,0.96208,7400,16,0
2022-08-05 16:00:00,0.96208,0.96435,0.96176,0.96294,4412,16,0
2022-08-05 16:30:00,0.96295,0.96355,0.96146,0.96167,4131,16,0
2022-08-05 17:00:00,0.96166,0.96262,0.96126,0.96234,4268,16,0
2022-08-05 17:30:00,0.96233,0.96314,0.96176,0.96294,3250,16,0
2022-08-05 18:00:00,0.96292,0.9649,0.96278,0.96454,2209,16,0
2022-08-05 18:30:00,0.96456,0.96456,0.96332,0.96341,2382,16,0
2022-08-05 19:00:00,0.96338,0.96372,0.96249,0.9627,1843,16,0
2022-08-05 19:30:00,0.96271,0.96298,0.96162,0.96217,1444,16,0
2022-08-05 20:00:00,0.96216,0.96221,0.96106,0.96154,1457,16,0
2022-08-05 20:30:00,0.96156,0.96217,0.96135,0.96155,1237,16,0
2022-08-05 21:00:00,0.96155,0.96218,0.96127,0.96169,1102,16,0
2022-08-05 21:30:00,0.96169,0.9623,0.96136,0.9619,1161,16,0
2022-08-05 22:00:00,0.96189,0.96212,0.96132,0.96178,1401,16,0
2022-08-05 22:30:00,0.96179,0.96201,0.96128,0.96201,1081,16,0
2022-08-05 23:00:00,0.962,0.96214,0.96172,0.96178,416,21,0
2022-08-05 23:30:00,0.96177,0.96195,0.96082,0.96082,547,24,0
2022-08-08 00:00:00,0.9607,0.96129,0.96045,0.9611,9,170,0
2022-08-08 01:00:00,0.9616,0.96239,0.9616,0.96231,226,47,0
2022-08-08 01:30:00,0.96233,0.96233,0.96198,0.96209,185,34,0
2022-08-08 02:00:00,0.96207,0.96216,0.96175,0.96192,463,16,0
2022-08-08 02:30:00,0.96193,0.9622,0.96176,0.96208,353,16,0
2022-08-08 03:00:00,0.96208,0.96341,0.96193,0.96331,1552,16,0
2022-08-08 03:30:00,0.96335,0.9634,0.96256,0.96263,825,20,0
2022-08-08 04:00:00,0.96261,0.96278,0.96195,0.96214,1254,21,0
2022-08-08 04:30:00,0.96214,0.96221,0.96167,0.96182,876,18,0
2022-08-08 05:00:00,0.96182,0.96211,0.96135,0.96135,741,16,0
2022-08-08 05:30:00,0.96135,0.96146,0.96121,0.9613,428,20,0
2022-08-08 06:00:00,0.96131,0.96175,0.9613,0.96154,420,20,0
2022-08-08 06:30:00,0.96155,0.96163,0.96123,0.96125,290,21,0
2022-08-08 07:00:00,0.96126,0.96161,0.96124,0.96138,270,20,0
2022-08-08 07:30:00,0.96138,0.96155,0.961,0.96107,304,18,0
2022-08-08 08:00:00,0.96107,0.96142,0.961,0.96133,1291,18,0
2022-08-08 08:30:00,0.96134,0.96143,0.96074,0.96081,919,16,0
2022-08-08 09:00:00,0.9608,0.9611,0.95995,0.96056,1486,16,0
2022-08-08 09:30:00,0.96057,0.96141,0.96049,0.96066,1346,16,0
2022-08-08 10:00:00,0.96067,0.96086,0.95951,0.95959,1650,16,0
2022-08-08 10:30:00,0.95959,0.95964,0.95686,0.95719,2123,16,0
2022-08-08 11:00:00,0.9572,0.95874,0.95711,0.95858,1466,16,0
2022-08-08 11:30:00,0.95858,0.9592,0.95794,0.95815,1637,16,0
2022-08-08 12:00:00,0.95813,0.95909,0.95811,0.95856,1399,16,0
2022-08-08 12:30:00,0.95855,0.95905,0.95838,0.95851,1074,16,0
2022-08-08 13:00:00,0.95851,0.95857,0.95725,0.95805,1208,16,0
2022-08-08 13:30:00,0.95805,0.95831,0.9572,0.95735,1346,16,0
2022-08-08 14:00:00,0.95737,0.95747,0.95661,0.95729,1635,16,0
2022-08-08 14:30:00,0.95727,0.95777,0.95655,0.95656,1220,16,0
2022-08-08 15:00:00,0.95659,0.95778,0.95634,0.95756,1519,16,0
2022-08-08 15:30:00,0.95758,0.95817,0.95724,0.95736,1433,16,0
2022-08-08 16:00:00,0.95735,0.95773,0.95646,0.95652,1677,16,0
2022-08-08 16:30:00,0.95652,0.95669,0.95372,0.9539,2351,16,0
2022-08-08 17:00:00,0.95389,0.95396,0.95211,0.95254,2709,16,0
2022-08-08 17:30:00,0.95255,0.95374,0.95238,0.95327,1911,16,0
2022-08-08 18:00:00,0.95328,0.95374,0.95243,0.95335,1453,16,0
2022-08-08 18:30:00,0.95336,0.95477,0.95336,0.95454,1050,16,0
2022-08-08 19:00:00,0.95451,0.95507,0.95398,0.95483,708,16,0
2022-08-08 19:30:00,0.95483,0.95534,0.95469,0.95514,597,16,0
2022-08-08 20:00:00,0.95513,0.95529,0.95463,0.95501,584,16,0
2022-08-08 20:30:00,0.95499,0.95544,0.95458,0.95482,1134,16,0
2022-08-08 21:00:00,0.9548,0.9557,0.95447,0.95549,747,16,0
2022-08-08 21:30:00,0.95549,0.95622,0.95525,0.95616,704,17,0
2022-08-08 22:00:00,0.95619,0.95625,0.95579,0.95607,466,16,0
2022-08-08 22:30:00,0.95609,0.95645,0.95581,0.95587,545,16,0
2022-08-08 23:00:00,0.95587,0.95587,0.95526,0.95537,299,19,0
2022-08-08 23:30:00,0.95539,0.95555,0.95466,0.95498,329,26,0
2022-08-09 00:00:00,0.95496,0.95496,0.95463,0.95468,5,118,0
2022-08-09 00:30:00,0.95478,0.95489,0.95441,0.95447,16,114,0
2022-08-09 01:00:00,0.95457,0.95534,0.95457,0.95522,730,29,0
2022-08-09 01:30:00,0.95522,0.95528,0.95512,0.95521,213,24,0
2022-08-09 02:00:00,0.95521,0.95521,0.9547,0.95493,201,21,0
2022-08-09 02:30:00,0.95492,0.95499,0.95479,0.95491,180,19,0
2022-08-09 03:00:00,0.95492,0.95534,0.95488,0.95515,635,16,0
2022-08-09 03:30:00,0.95518,0.9555,0.95513,0.95534,565,20,0
2022-08-09 04:00:00,0.95531,0.95543,0.95506,0.9551,554,20,0
2022-08-09 04:30:00,0.95511,0.95521,0.95501,0.95518,433,19,0
2022-08-09 05:00:00,0.95519,0.95538,0.95512,0.95514,606,16,0
2022-08-09 05:30:00,0.95515,0.95531,0.95508,0.95515,148,20,0
2022-08-09 06:00:00,0.95519,0.95524,0.95496,0.95502,275,16,0
2022-08-09 06:30:00,0.95504,0.95512,0.95498,0.95508,161,19,0
2022-08-09 07:00:00,0.95508,0.95541,0.95508,0.95516,249,19,0
2022-08-09 07:30:00,0.95516,0.95525,0.95493,0.95499,620,20,0
2022-08-09 08:00:00,0.955,0.95505,0.95483,0.95491,467,19,0
2022-08-09 08:30:00,0.9549,0.95522,0.95463,0.95468,680,16,0
2022-08-09 09:00:00,0.95464,0.95476,0.95437,0.9547,897,16,0
2022-08-09 09:30:00,0.9547,0.95475,0.95363,0.95403,659,16,0
2022-08-09 10:00:00,0.95403,0.95443,0.9534,0.95435,1289,16,0
2022-08-09 10:30:00,0.95434,0.95475,0.95319,0.95342,1512,16,0
2022-08-09 11:00:00,0.95342,0.95363,0.95268,0.95279,1438,16,0
2022-08-09 11:30:00,0.95279,0.95305,0.95172,0.95177,1473,16,0
2022-08-09 12:00:00,0.95178,0.95259,0.95155,0.95249,1372,16,0
2022-08-09 12:30:00,0.95248,0.95348,0.95195,0.95209,1408,16,0
2022-08-09 13:00:00,0.95209,0.95266,0.95196,0.95233,1231,16,0
2022-08-09 13:30:00,0.95235,0.95329,0.95232,0.95325,1205,16,0
2022-08-09 14:00:00,0.95324,0.95382,0.95296,0.95368,911,16,0
2022-08-09 14:30:00,0.95367,0.95455,0.95335,0.9545,1340,16,0
2022-08-09 15:00:00,0.95448,0.95488,0.95315,0.9532,1539,16,0
2022-08-09 15:30:00,0.95319,0.95336,0.95157,0.95178,1656,16,0
2022-08-09 16:00:00,0.95189,0.95228,0.95104,0.95195,1428,16,0
2022-08-09 16:30:00,0.95194,0.95249,0.9512,0.95163,1429,16,0
2022-08-09 17:00:00,0.95163,0.95324,0.95149,0.95313,1436,16,0
2022-08-09 17:30:00,0.95312,0.95323,0.95144,0.95234,1671,16,0
2022-08-09 18:00:00,0.95235,0.95312,0.95218,0.95305,1248,16,0
2022-08-09 18:30:00,0.95305,0.95308,0.95224,0.95242,877,16,0
2022-08-09 19:00:00,0.95242,0.95299,0.95231,0.95292,1131,16,0
2022-08-09 19:30:00,0.95293,0.95355,0.95269,0.95346,564,16,0
2022-08-09 20:00:00,0.95346,0.95382,0.95331,0.95377,542,16,0
2022-08-09 20:30:00,0.95376,0.95455,0.9537,0.95394,649,16,0
2022-08-09 21:00:00,0.95393,0.9544,0.95354,0.95435,769,16,0
2022-08-09 21:30:00,0.95435,0.9544,0.95385,0.95387,517,16,0
2022-08-09 22:00:00,0.95394,0.95426,0.95366,0.95378,463,16,0
2022-08-09 22:30:00,0.95376,0.95407,0.95366,0.95377,296,16,0
2022-08-09 23:00:00,0.95379,0.95382,0.95342,0.95367,280,18,0
2022-08-09 23:30:00,0.95367,0.95374,0.95333,0.95364,485,23,0
2022-08-10 00:00:00,0.95335,0.95335,0.95301,0.95303,5,66,0
2022-08-10 00:30:00,0.9531,0.95348,0.9531,0.95343,136,68,0
2022-08-10 01:00:00,0.95332,0.95366,0.95322,0.95347,495,28,0
2022-08-10 01:30:00,0.95346,0.95396,0.9534,0.95392,398,25,0
2022-08-10 02:00:00,0.95394,0.954,0.95374,0.95397,252,21,0
2022-08-10 02:30:00,0.95398,0.95415,0.95392,0.95411,282,16,0
2022-08-10 03:00:00,0.95412,0.95436,0.95381,0.95432,471,19,0
2022-08-10 03:30:00,0.95433,0.9544,0.95392,0.95416,433,20,0
2022-08-10 04:00:00,0.95417,0.95417,0.95388,0.95398,481,19,0
2022-08-10 04:30:00,0.95399,0.95411,0.95341,0.95345,931,16,0
2022-08-10 05:00:00,0.95345,0.95358,0.95324,0.95354,641,18,0
2022-08-10 05:30:00,0.95354,0.95358,0.95315,0.95333,913,16,0
2022-08-10 06:00:00,0.95334,0.95351,0.95328,0.95348,435,17,0
2022-08-10 06:30:00,0.95346,0.95359,0.95337,0.95353,212,21,0
2022-08-10 07:00:00,0.95352,0.95358,0.95343,0.95355,149,21,0
2022-08-10 07:30:00,0.95355,0.95368,0.95341,0.9536,442,18,0
2022-08-10 08:00:00,0.95361,0.95401,0.95354,0.95395,667,17,0
2022-08-10 08:30:00,0.95393,0.95397,0.95345,0.95361,512,18,0
2022-08-10 09:00:00,0.95361,0.95371,0.9531,0.95337,693,16,0
2022-08-10 09:30:00,0.95338,0.95352,0.95219,0.95226,891,16,0
2022-08-10 10:00:00,0.95226,0.95241,0.9515,0.95172,1518,16,0
2022-08-10 10:30:00,0.95172,0.95183,0.95084,0.95111,1061,16,0
2022-08-10 11:00:00,0.95112,0.95244,0.95102,0.95189,1475,16,0
2022-08-10 11:30:00,0.9519,0.9521,0.95122,0.9516,1478,16,0
2022-08-10 12:00:00,0.95157,0.95181,0.95039,0.95057,1428,16,0
2022-08-10 12:30:00,0.95056,0.95056,0.94945,0.94981,1424,16,0
2022-08-10 13:00:00,0.94978,0.95005,0.94926,0.94951,945,16,0
2022-08-10 13:30:00,0.94951,0.9496,0.94861,0.94897,1501,16,0
2022-08-10 14:00:00,0.94896,0.94916,0.94819,0.94843,1319,16,0
2022-08-10 14:30:00,0.94842,0.94878,0.94782,0.94791,1527,16,0
2022-08-10 15:00:00,0.9479,0.94882,0.94725,0.94872,1751,16,0
2022-08-10 15:30:00,0.94858,0.94878,0.9406,0.94286,7441,16,0
2022-08-10 16:00:00,0.94285,0.94368,0.94184,0.94255,4251,16,0
2022-08-10 16:30:00,0.94252,0.94327,0.94116,0.94145,4074,16,0
2022-08-10 17:00:00,0.94143,0.94193,0.94,0.94022,4400,16,0
2022-08-10 17:30:00,0.94023,0.94077,0.93959,0.94004,3314,16,0
2022-08-10 18:00:00,0.94005,0.94109,0.93925,0.94052,2827,16,0
2022-08-10 18:30:00,0.94052,0.94163,0.94038,0.9411,2226,16,0
2022-08-10 19:00:00,0.94109,0.94202,0.94096,0.94138,2039,16,0
2022-08-10 19:30:00,0.94138,0.94142,0.94045,0.94048,1624,16,0
2022-08-10 20:00:00,0.94047,0.94067,0.93996,0.94053,1425,16,0
2022-08-10 20:30:00,0.94055,0.94108,0.94032,0.94089,862,16,0
2022-08-10 21:00:00,0.94088,0.94262,0.9408,0.94261,1354,16,0
2022-08-10 21:30:00,0.94261,0.94261,0.94159,0.94203,1505,16,0
2022-08-10 22:00:00,0.94203,0.94281,0.94203,0.94245,1033,16,0
2022-08-10 22:30:00,0.94246,0.94297,0.94241,0.9427,811,16,0
2022-08-10 23:00:00,0.94266,0.94295,0.94247,0.94281,861,23,0
2022-08-10 23:30:00,0.9428,0.94296,0.94232,0.94251,741,24,0
2022-08-11 00:00:00,0.94245,0.94245,0.94245,0.94245,1,117,0
2022-08-11 00:30:00,0.94249,0.94249,0.94244,0.94248,33,70,0
2022-08-11 01:00:00,0.94248,0.94257,0.94184,0.94239,1329,19,0
2022-08-11 01:30:00,0.94238,0.94239,0.9419,0.94211,721,22,0
2022-08-11 02:00:00,0.94211,0.94243,0.94202,0.94229,1292,18,0
2022-08-11 02:30:00,0.94228,0.9425,0.94215,0.94236,1353,16,0
2022-08-11 03:00:00,0.94235,0.94274,0.94202,0.94253,651,18,0
2022-08-11 03:30:00,0.94251,0.94278,0.94235,0.94259,556,16,0
2022-08-11 04:00:00,0.94258,0.94314,0.94258,0.94304,893,19,0
2022-08-11 04:30:00,0.94307,0.94354,0.94302,0.94333,637,21,0
2022-08-11 05:00:00,0.94332,0.94364,0.94329,0.94351,654,19,0
2022-08-11 05:30:00,0.9435,0.94413,0.9435,0.94412,1357,19,0
2022-08-11 06:00:00,0.9441,0.9444,0.94389,0.9439,744,19,0
2022-08-11 06:30:00,0.94391,0.94399,0.94348,0.94382,1198,16,0
2022-08-11 07:00:00,0.9438,0.94387,0.94321,0.94369,473,19,0
2022-08-11 07:30:00,0.94368,0.94414,0.9436,0.94405,454,21,0
2022-08-11 08:00:00,0.94404,0.94452,0.9439,0.94416,749,16,0
2022-08-11 08:30:00,0.94418,0.94418,0.94344,0.94382,870,16,0
2022-08-11 09:00:00,0.9438,0.94383,0.94238,0.94288,1590,16,0
2022-08-11 09:30:00,0.94288,0.9429,0.94085,0.94108,1525,16,0
2022-08-11 10:00:00,0.94108,0.94144,0.9403,0.94051,2554,16,0
2022-08-11 10:30:00,0.9405,0.94058,0.9399,0.94021,2158,16,0
2022-08-11 11:00:00,0.94022,0.94092,0.94001,0.94056,1447,16,0
2022-08-11 11:30:00,0.94056,0.94077,0.93904,0.93906,1583,16,0
2022-08-11 12:00:00,0.93907,0.94067,0.939,0.94047,1785,16,0
2022-08-11 12:30:00,0.94048,0.94117,0.94027,0.94065,1352,16,0
2022-08-11 13:00:00,0.94065,0.94094,0.93989,0.94054,1439,16,0
2022-08-11 13:30:00,0.94054,0.94169,0.94012,0.9413,1687,16,0
2022-08-11 14:00:00,0.94129,0.94142,0.94063,0.94112,1391,16,0
2022-08-11 14:30:00,0.94113,0.94119,0.94004,0.94016,1955,16,0
2022-08-11 15:00:00,0.94015,0.94042,0.93878,0.93902,1875,16,0
2022-08-11 15:30:00,0.93901,0.93994,0.93812,0.93834,3491,16,0
2022-08-11 16:00:00,0.93834,0.93882,0.93771,0.93795,2111,16,0
2022-08-11 16:30:00,0.93795,0.93844,0.93696,0.93734,2965,16,0
2022-08-11 17:00:00,0.93737,0.93885,0.93719,0.93864,2802,16,0
2022-08-11 17:30:00,0.93864,0.94019,0.93831,0.93924,2888,16,0
2022-08-11 18:00:00,0.93924,0.94072,0.93902,0.94026,2306,16,0
2022-08-11 18:30:00,0.94025,0.94027,0.93907,0.93917,1648,16,0
2022-08-11 19:00:00,0.93917,0.93977,0.93887,0.93898,1281,16,0
2022-08-11 19:30:00,0.93899,0.93967,0.93886,0.9394,866,16,0
2022-08-11 20:00:00,0.93939,0.94032,0.93928,0.94026,1295,16,0
2022-08-11 20:30:00,0.94024,0.94118,0.94022,0.94096,943,16,0
2022-08-11 21:00:00,0.94095,0.94137,0.94093,0.94129,808,17,0
2022-08-11 21:30:00,0.9413,0.94228,0.94126,0.94176,1180,16,0
2022-08-11 22:00:00,0.94183,0.94192,0.94136,0.9415,753,16,0
2022-08-11 22:30:00,0.94151,0.94198,0.94141,0.94185,686,16,0
2022-08-11 23:00:00,0.94187,0.94219,0.94138,0.94151,545,19,0
2022-08-11 23:30:00,0.9415,0.94152,0.94046,0.94083,732,24,0
2022-08-12 00:00:00,0.94084,0.94084,0.94084,0.94084,1,170,0
2022-08-12 00:30:00,0.9408,0.94107,0.94036,0.94036,170,88,0
2022-08-12 01:00:00,0.94042,0.9411,0.94042,0.94077,593,21,0
2022-08-12 01:30:00,0.94077,0.94109,0.94071,0.94109,216,19,0
2022-08-12 02:00:00,0.94109,0.94161,0.94106,0.9414,198,19,0
2022-08-12 02:30:00,0.94138,0.94165,0.94131,0.94143,220,17,0
2022-08-12 03:00:00,0.94144,0.94222,0.94078,0.94202,882,16,0
2022-08-12 03:30:00,0.94202,0.94249,0.94145,0.94169,863,18,0
2022-08-12 04:00:00,0.94169,0.94191,0.94148,0.94162,558,19,0
2022-08-12 04:30:00,0.94161,0.94217,0.94143,0.94208,614,19,0
2022-08-12 05:00:00,0.94206,0.9424,0.94201,0.94231,1143,18,0
2022-08-12 05:30:00,0.94232,0.94237,0.94193,0.94202,669,16,0
2022-08-12 06:00:00,0.94203,0.94215,0.94143,0.94157,437,17,0
2022-08-12 06:30:00,0.94157,0.94173,0.94142,0.94152,435,17,0
2022-08-12 07:00:00,0.94151,0.94159,0.94098,0.94114,637,16,0
2022-08-12 07:30:00,0.94116,0.94173,0.94114,0.94153,313,16,0
2022-08-12 08:00:00,0.94154,0.94191,0.9414,0.94156,352,16,0
2022-08-12 08:30:00,0.94157,0.94169,0.9409,0.9414,729,18,0
2022-08-12 09:00:00,0.9414,0.94199,0.94097,0.94199,1209,16,0
2022-08-12 09:30:00,0.94199,0.94224,0.94135,0.94199,884,16,0
2022-08-12 10:00:00,0.94198,0.94259,0.94121,0.94184,2015,16,0
2022-08-12 10:30:00,0.94184,0.94253,0.94166,0.94196,1544,16,0
2022-08-12 11:00:00,0.94197,0.94223,0.94099,0.94152,1533,16,0
2022-08-12 11:30:00,0.94154,0.94191,0.9407,0.94074,1250,16,0
2022-08-12 12:00:00,0.94073,0.94206,0.94073,0.94131,1249,16,0
2022-08-12 12:30:00,0.94128,0.94241,0.94119,0.94223,1390,16,0
2022-08-12 13:00:00,0.94222,0.94291,0.94214,0.94253,1461,16,0
2022-08-12 13:30:00,0.94252,0.94324,0.94251,0.94263,1223,16,0
2022-08-12 14:00:00,0.94264,0.94331,0.94246,0.94274,1665,16,0
2022-08-12 14:30:00,0.94273,0.9428,0.94201,0.94244,1639,16,0
2022-08-12 15:00:00,0.94243,0.94268,0.94107,0.94129,1654,16,0
2022-08-12 15:30:00,0.9413,0.94173,0.94095,0.94156,2189,16,0
2022-08-12 16:00:00,0.94156,0.94231,0.94101,0.94196,2063,16,0
2022-08-12 16:30:00,0.94197,0.94231,0.94078,0.94087,2596,16,0
2022-08-12 17:00:00,0.94087,0.94348,0.94083,0.94342,3736,16,0
2022-08-12 17:30:00,0.94341,0.94495,0.94241,0.94416,3378,16,0
2022-08-12 18:00:00,0.94415,0.9442,0.94277,0.94304,2095,16,0
2022-08-12 18:30:00,0.94304,0.9434,0.94251,0.943,1283,16,0
2022-08-12 19:00:00,0.94301,0.94303,0.94229,0.94264,904,16,0
2022-08-12 19:30:00,0.94263,0.94265,0.94177,0.94181,650,16,0
2022-08-12 20:00:00,0.94182,0.94182,0.9412,0.94158,915,16,0
2022-08-12 20:30:00,0.94158,0.94214,0.9414,0.94207,469,16,0
2022-08-12 21:00:00,0.94207,0.94244,0.94137,0.94151,637,16,0
2022-08-12 21:30:00,0.94153,0.94195,0.94136,0.94153,508,16,0
2022-08-12 22:00:00,0.94154,0.94205,0.94154,0.94183,382,16,0
2022-08-12 22:30:00,0.94184,0.94195,0.94153,0.9417,464,17,0
2022-08-12 23:00:00,0.94171,0.94197,0.94149,0.94161,696,21,0
2022-08-12 23:30:00,0.94163,0.94164,0.94058,0.94079,472,23,0
2022-08-15 00:00:00,0.9405,0.94075,0.9405,0.94064,4,170,0
2022-08-15 00:30:00,0.94075,0.94108,0.94073,0.94076,16,102,0
2022-08-15 01:00:00,0.94078,0.9416,0.94078,0.94152,819,32,0
2022-08-15 01:30:00,0.94152,0.94168,0.94146,0.94159,167,22,0
2022-08-15 02:00:00,0.9416,0.94174,0.94143,0.94171,208,17,0
2022-08-15 02:30:00,0.94169,0.94193,0.94132,0.94182,359,16,0
2022-08-15 03:00:00,0.94182,0.94208,0.94138,0.94143,539,16,0
2022-08-15 03:30:00,0.94143,0.94163,0.94081,0.94106,618,16,0
2022-08-15 04:00:00,0.94106,0.94189,0.94095,0.94177,689,18,0
2022-08-15 04:30:00,0.94177,0.94203,0.94158,0.94197,417,16,0
2022-08-15 05:00:00,0.94196,0.94244,0.94194,0.94215,562,19,0
2022-08-15 05:30:00,0.94216,0.9425,0.94206,0.94223,634,19,0
2022-08-15 06:00:00,0.94223,0.94237,0.942,0.94204,620,19,0
2022-08-15 06:30:00,0.94204,0.94215,0.94179,0.94194,541,19,0
2022-08-15 07:00:00,0.94195,0.94204,0.94165,0.94204,383,19,0
2022-08-15 07:30:00,0.94204,0.9423,0.94182,0.94227,725,18,0
2022-08-15 08:00:00,0.94227,0.94248,0.94216,0.9422,592,18,0
2022-08-15 08:30:00,0.94219,0.94252,0.94198,0.94228,750,19,0
2022-08-15 09:00:00,0.94228,0.94248,0.94184,0.94248,975,16,0
2022-08-15 09:30:00,0.94255,0.94293,0.94249,0.94286,874,16,0
2022-08-15 10:00:00,0.94286,0.94347,0.94246,0.94315,1737,16,0
2022-08-15 10:30:00,0.94315,0.94393,0.94265,0.94374,1141,16,0
2022-08-15 11:00:00,0.94374,0.94427,0.94337,0.94407,897,16,0
2022-08-15 11:30:00,0.94406,0.94607,0.94402,0.94564,1700,16,0
2022-08-15 12:00:00,0.94562,0.94647,0.94534,0.94625,1757,16,0
2022-08-15 12:30:00,0.94625,0.94666,0.94497,0.94507,1161,16,0
2022-08-15 13:00:00,0.94508,0.94599,0.9446,0.94593,1418,16,0
2022-08-15 13:30:00,0.94594,0.9464,0.94516,0.94524,1566,16,0
2022-08-15 14:00:00,0.94523,0.94565,0.94492,0.94524,1360,16,0
2022-08-15 14:30:00,0.94525,0.94561,0.94431,0.94442,1448,16,0
2022-08-15 15:00:00,0.94443,0.94503,0.94276,0.9433,2178,16,0
2022-08-15 15:30:00,0.94308,0.94409,0.94199,0.94376,3235,16,0
2022-08-15 16:00:00,0.94377,0.94439,0.94179,0.94204,2513,16,0
2022-08-15 16:30:00,0.94206,0.94427,0.94203,0.94388,2063,16,0
2022-08-15 17:00:00,0.94388,0.94463,0.9435,0.94374,1628,16,0
2022-08-15 17:30:00,0.94376,0.94472,0.94369,0.94382,1955,16,0
2022-08-15 18:00:00,0.94381,0.94498,0.94353,0.94483,1421,16,0
2022-08-15 18:30:00,0.94483,0.94508,0.94422,0.94479,1184,16,0
2022-08-15 19:00:00,0.9448,0.9456,0.94472,0.9454,1075,16,0
2022-08-15 19:30:00,0.9454,0.94543,0.94499,0.94514,780,16,0
2022-08-15 20:00:00,0.94515,0.94602,0.94511,0.9459,621,16,0
2022-08-15 20:30:00,0.94591,0.94631,0.94581,0.94626,480,16,0
2022-08-15 21:00:00,0.94627,0.94703,0.94622,0.94679,812,16,0
2022-08-15 21:30:00,0.94679,0.94689,0.94641,0.94686,647,16,0
2022-08-15 22:00:00,0.94687,0.94688,0.94638,0.94641,543,16,0
2022-08-15 22:30:00,0.9464,0.94653,0.94617,0.94637,382,16,0
2022-08-15 23:00:00,0.94635,0.94669,0.94635,0.94659,385,21,0
2022-08-15 23:30:00,0.9466,0.94666,0.94587,0.94627,390,26,0
2022-08-16 00:00:00,0.94464,0.94515,0.94464,0.94515,4,155,0
2022-08-16 00:30:00,0.94528,0.94592,0.94515,0.94573,806,65,0
2022-08-16 01:00:00,0.94567,0.9464,0.94561,0.94636,977,22,0
2022-08-16 01:30:00,0.94637,0.94644,0.94588,0.94609,612,16,0
2022-08-16 02:00:00,0.9461,0.94615,0.94565,0.94581,302,18,0
2022-08-16 02:30:00,0.94579,0.94601,0.94573,0.94588,198,21,0
2022-08-16 03:00:00,0.94587,0.94628,0.94577,0.94612,564,16,0
2022-08-16 03:30:00,0.94611,0.94645,0.94599,0.94634,502,18,0
2022-08-16 04:00:00,0.94634,0.94683,0.94606,0.94666,564,18,0
2022-08-16 04:30:00,0.94668,0.94677,0.94617,0.94618,772,21,0
2022-08-16 05:00:00,0.94619,0.94619,0.94546,0.94563,541,20,0
2022-08-16 05:30:00,0.94562,0.9457,0.9455,0.94557,596,20,0
2022-08-16 06:00:00,0.94556,0.94585,0.94533,0.94569,629,21,0
2022-08-16 06:30:00,0.9457,0.94606,0.94568,0.94604,548,20,0
2022-08-16 07:00:00,0.94605,0.94627,0.94605,0.94621,467,20,0
2022-08-16 07:30:00,0.94622,0.9465,0.9462,0.94646,514,19,0
2022-08-16 08:00:00,0.94645,0.94673,0.94636,0.94636,446,19,0
2022-08-16 08:30:00,0.94637,0.94641,0.94612,0.94619,659,17,0
2022-08-16 09:00:00,0.94619,0.94665,0.94542,0.94546,1289,16,0
2022-08-16 09:30:00,0.94547,0.94681,0.94546,0.94678,1559,16,0
2022-08-16 10:00:00,0.9468,0.94838,0.94664,0.94787,2354,16,0
2022-08-16 10:30:00,0.94787,0.94833,0.94609,0.94641,1866,16,0
2022-08-16 11:00:00,0.94641,0.94865,0.94641,0.94854,2415,16,0
2022-08-16 11:30:00,0.94855,0.94914,0.94826,0.94854,1921,16,0
2022-08-16 12:00:00,0.94855,0.95024,0.94839,0.95022,2511,16,0
2022-08-16 12:30:00,0.95019,0.95064,0.94966,0.94991,1636,16,0
2022-08-16 13:00:00,0.94995,0.95073,0.94966,0.9506,1981,16,0
2022-08-16 13:30:00,0.9506,0.95088,0.95041,0.95045,1275,16,0
2022-08-16 14:00:00,0.95046,0.9509,0.95014,0.95022,2158,16,0
2022-08-16 14:30:00,0.95023,0.95058,0.94983,0.95009,1934,16,0
2022-08-16 15:00:00,0.95006,0.95034,0.94928,0.94948,1175,16,0
2022-08-16 15:30:00,0.94945,0.95129,0.94927,0.95021,2958,16,0
2022-08-16 16:00:00,0.95021,0.95029,0.94918,0.9496,1990,16,0
2022-08-16 16:30:00,0.9496,0.9501,0.94897,0.94908,2066,16,0
2022-08-16 17:00:00,0.94907,0.95047,0.94888,0.94897,2220,16,0
2022-08-16 17:30:00,0.94898,0.9509,0.94815,0.95043,2124,16,0
2022-08-16 18:00:00,0.95043,0.95123,0.94974,0.95029,1893,16,0
2022-08-16 18:30:00,0.95029,0.9507,0.94995,0.95062,829,16,0
2022-08-16 19:00:00,0.95062,0.95098,0.95042,0.95071,986,16,0
2022-08-16 19:30:00,0.95072,0.95112,0.95044,0.95049,611,16,0
2022-08-16 20:00:00,0.9505,0.9505,0.94976,0.95015,454,16,0
2022-08-16 20:30:00,0.95015,0.95025,0.94974,0.94996,739,16,0
2022-08-16 21:00:00,0.94995,0.95019,0.94959,0.94982,951,16,0
2022-08-16 21:30:00,0.9498,0.95062,0.9496,0.95001,1293,16,0
2022-08-16 22:00:00,0.95003,0.95009,0.94969,0.9499,892,16,0
2022-08-16 22:30:00,0.9499,0.94994,0.94914,0.94914,758,18,0
2022-08-16 23:00:00,0.94913,0.94976,0.94898,0.94958,488,20,0
2022-08-16 23:30:00,0.94959,0.94965,0.94884,0.94897,314,23,0
2022-08-17 00:00:00,0.94879,0.94924,0.94858,0.94864,19,97,0
2022-08-17 00:30:00,0.94852,0.9494,0.94852,0.94915,223,61,0
2022-08-17 01:00:00,0.94941,0.94969,0.94915,0.94929,1582,19,0
2022-08-17 01:30:00,0.94927,0.94963,0.94925,0.94957,1079,19,0
2022-08-17 02:00:00,0.94957,0.94963,0.94933,0.94956,1694,18,0
2022-08-17 02:30:00,0.94955,0.94962,0.9494,0.9496,339,23,0
2022-08-17 03:00:00,0.9496,0.95,0.94935,0.94976,529,18,0
2022-08-17 03:30:00,0.94977,0.94981,0.9491,0.94914,572,17,0
2022-08-17 04:00:00,0.94914,0.94924,0.94867,0.94876,491,20,0
2022-08-17 04:30:00,0.94878,0.94932,0.94864,0.94875,817,19,0
2022-08-17 05:00:00,0.94879,0.94886,0.94821,0.94879,839,16,0
2022-08-17 05:30:00,0.94878,0.94908,0.94871,0.94894,277,20,0
2022-08-17 06:00:00,0.94895,0.94958,0.94875,0.94934,310,20,0
2022-08-17 06:30:00,0.94935,0.94945,0.94922,0.94943,304,22,0
2022-08-17 07:00:00,0.94943,0.94963,0.94931,0.94937,231,20,0
2022-08-17 07:30:00,0.94937,0.94937,0.94875,0.94896,522,19,0
2022-08-17 08:00:00,0.94897,0.94912,0.94874,0.94912,453,20,0
2022-08-17 08:30:00,0.94911,0.94953,0.949,0.94918,1318,16,0
2022-08-17 09:00:00,0.94918,0.95098,0.94899,0.95088,1665,16,0
2022-08-17 09:30:00,0.95086,0.95175,0.95026,0.95037,1538,16,0
2022-08-17 10:00:00,0.95039,0.95166,0.95033,0.95148,2341,16,0
2022-08-17 10:30:00,0.95148,0.95179,0.95119,0.95128,1750,16,0
2022-08-17 11:00:00,0.95129,0.95213,0.94934,0.95011,2436,16,0
2022-08-17 11:30:00,0.95012,0.95096,0.94977,0.95086,2170,16,0
2022-08-17 12:00:00,0.95086,0.95104,0.9499,0.95068,1338,16,0
2022-08-17 12:30:00,0.95069,0.95102,0.95041,0.95065,1423,16,0
2022-08-17 13:00:00,0.95067,0.95164,0.95058,0.95162,1452,16,0
2022-08-17 13:30:00,0.9516,0.95203,0.95139,0.95159,1621,16,0
2022-08-17 14:00:00,0.95159,0.953,0.95121,0.95295,1823,16,0
2022-08-17 14:30:00,0.95295,0.95338,0.9518,0.95186,2120,16,0
2022-08-17 15:00:00,0.95186,0.95319,0.9517,0.95249,1780,16,0
2022-08-17 15:30:00,0.9525,0.95379,0.95164,0.95214,3520,16,0
2022-08-17 16:00:00,0.95214,0.9529,0.9517,0.95207,2438,16,0
2022-08-17 16:30:00,0.95207,0.95425,0.95207,0.95334,2179,16,0
2022-08-17 17:00:00,0.95334,0.95358,0.95106,0.95175,2505,16,0
2022-08-17 17:30:00,0.95162,0.95312,0.95137,0.95301,1947,16,0
2022-08-17 18:00:00,0.95303,0.95427,0.95281,0.95316,1522,16,0
2022-08-17 18:30:00,0.95317,0.95384,0.95275,0.95383,1138,16,0
2022-08-17 19:00:00,0.95383,0.95399,0.95351,0.95384,914,16,0
2022-08-17 19:30:00,0.95384,0.95384,0.95276,0.95321,824,16,0
2022-08-17 20:00:00,0.9532,0.9535,0.9527,0.95302,880,16,0
2022-08-17 20:30:00,0.95302,0.95338,0.95244,0.95266,709,16,0
2022-08-17 21:00:00,0.95267,0.95267,0.95013,0.95042,5279,15,0
2022-08-17 21:30:00,0.95043,0.95141,0.94968,0.95141,1807,16,0
2022-08-17 22:00:00,0.95142,0.95193,0.95097,0.95115,1350,16,0
2022-08-17 22:30:00,0.95116,0.95155,0.951,0.95139,689,17,0
2022-08-17 23:00:00,0.95139,0.95192,0.95129,0.9517,379,23,0
2022-08-17 23:30:00,0.9517,0.95177,0.95134,0.9514,533,24,0
2022-08-18 00:00:00,0.95137,0.95167,0.95137,0.95151,97,74,0
2022-08-18 00:30:00,0.95148,0.95151,0.95106,0.95109,48,53,0
2022-08-18 01:00:00,0.95086,0.95177,0.95086,0.95151,572,34,0
2022-08-18 01:30:00,0.9515,0.95159,0.95127,0.95149,469,19,0
2022-08-18 02:00:00,0.9515,0.95171,0.95149,0.95152,591,16,0
2022-08-18 02:30:00,0.95153,0.95153,0.95122,0.95126,467,20,0
2022-08-18 03:00:00,0.95124,0.95147,0.9505,0.95062,544,20,0
2022-08-18 03:30:00,0.95062,0.95064,0.94966,0.95007,820,16,0
2022-08-18 04:00:00,0.95008,0.95054,0.94995,0.9502,1036,16,0
2022-08-18 04:30:00,0.95022,0.9507,0.95006,0.95032,736,16,0
2022-08-18 05:00:00,0.9503,0.95097,0.9503,0.95089,443,19,0
2022-08-18 05:30:00,0.95088,0.95103,0.95056,0.95083,349,19,0
2022-08-18 06:00:00,0.95083,0.95117,0.95077,0.95106,324,16,0
2022-08-18 06:30:00,0.95107,0.95195,0.95101,0.95177,436,19,0
2022-08-18 07:00:00,0.95179,0.95199,0.9516,0.95197,347,20,0
2022-08-18 07:30:00,0.95196,0.95214,0.95168,0.95186,386,18,0
2022-08-18 08:00:00,0.95188,0.95195,0.95137,0.95145,390,16,0
2022-08-18 08:30:00,0.95145,0.95251,0.95116,0.95232,1007,17,0
2022-08-18 09:00:00,0.95233,0.95318,0.95222,0.95267,1581,16,0
2022-08-18 09:30:00,0.95268,0.95402,0.9526,0.95397,1806,16,0
2022-08-18 10:00:00,0.95396,0.95404,0.9525,0.95336,2315,16,0
2022-08-18 10:30:00,0.95338,0.95398,0.95298,0.95348,1849,16,0
2022-08-18 11:00:00,0.9535,0.9535,0.95226,0.9531,2039,16,0
2022-08-18 11:30:00,0.9531,0.95388,0.95273,0.95344,1976,16,0
2022-08-18 12:00:00,0.95342,0.95413,0.95327,0.95411,1435,16,0
2022-08-18 12:30:00,0.95412,0.95436,0.95298,0.95307,1511,16,0
2022-08-18 13:00:00,0.95309,0.95347,0.9518,0.95312,1675,16,0
2022-08-18 13:30:00,0.95311,0.95336,0.95281,0.95306,1184,16,0
2022-08-18 14:00:00,0.95306,0.95311,0.95214,0.95253,1422,16,0
2022-08-18 14:30:00,0.95253,0.95253,0.95144,0.95195,2362,16,0
2022-08-18 15:00:00,0.95192,0.952,0.95004,0.95041,2077,16,0
2022-08-18 15:30:00,0.95041,0.95203,0.95018,0.95114,3142,16,0
2022-08-18 16:00:00,0.95111,0.95157,0.95042,0.95124,2667,16,0
2022-08-18 16:30:00,0.95123,0.95414,0.95103,0.95333,3521,16,0
2022-08-18 17:00:00,0.95333,0.95477,0.95332,0.95434,3032,16,0
2022-08-18 17:30:00,0.95432,0.95464,0.95378,0.95427,2045,16,0
2022-08-18 18:00:00,0.95427,0.95432,0.95269,0.9528,1434,16,0
2022-08-18 18:30:00,0.95279,0.95467,0.95274,0.95461,1298,16,0
2022-08-18 19:00:00,0.95461,0.95561,0.95425,0.95527,1326,16,0
2022-08-18 19:30:00,0.95527,0.95667,0.95516,0.95653,992,16,0
2022-08-18 20:00:00,0.95653,0.95704,0.95613,0.9568,1949,16,0
2022-08-18 20:30:00,0.95679,0.95692,0.95615,0.95688,1139,16,0
2022-08-18 21:00:00,0.95688,0.95695,0.95628,0.95647,640,16,0
2022-08-18 21:30:00,0.95647,0.95661,0.95614,0.95636,644,17,0
2022-08-18 22:00:00,0.95634,0.95634,0.95547,0.95574,638,16,0
2022-08-18 22:30:00,0.95572,0.95624,0.95553,0.956,484,17,0
2022-08-18 23:00:00,0.95599,0.95638,0.95599,0.9563,610,22,0
2022-08-18 23:30:00,0.9563,0.95688,0.95628,0.9565,523,23,0
2022-08-19 00:00:00,0.9557,0.95603,0.9557,0.95585,21,128,0
2022-08-19 00:30:00,0.9559,0.95652,0.9559,0.95652,20,44,0
2022-08-19 01:00:00,0.95655,0.95665,0.95603,0.95657,1546,16,0
2022-08-19 01:30:00,0.95657,0.95673,0.95643,0.95667,821,24,0
2022-08-19 02:00:00,0.95666,0.95676,0.95655,0.95656,130,20,0
2022-08-19 02:30:00,0.95655,0.95664,0.95634,0.95661,192,20,0
2022-08-19 03:00:00,0.95662,0.9577,0.95659,0.9575,943,16,0
2022-08-19 03:30:00,0.95751,0.95812,0.95743,0.95762,912,16,0
2022-08-19 04:00:00,0.95762,0.95769,0.95729,0.95743,645,18,0
2022-08-19 04:30:00,0.95744,0.95848,0.95741,0.95781,1308,16,0
2022-08-19 05:00:00,0.95781,0.95786,0.95696,0.95759,513,19,0
2022-08-19 05:30:00,0.95759,0.95772,0.95728,0.95739,452,20,0
2022-08-19 06:00:00,0.95738,0.95795,0.95736,0.95791,339,20,0
2022-08-19 06:30:00,0.95793,0.95885,0.95786,0.95872,438,16,0
2022-08-19 07:00:00,0.95869,0.95917,0.9586,0.95863,420,16,0
2022-08-19 07:30:00,0.95863,0.95883,0.95848,0.95882,515,16,0
2022-08-19 08:00:00,0.95881,0.95893,0.95856,0.95885,528,20,0
2022-08-19 08:30:00,0.95886,0.95901,0.95822,0.95844,870,16,0
2022-08-19 09:00:00,0.95846,0.9591,0.95738,0.95741,1913,16,0
2022-08-19 09:30:00,0.9574,0.95834,0.95661,0.95825,1881,16,0
2022-08-19 10:00:00,0.95829,0.95883,0.95754,0.95842,2173,16,0
2022-08-19 10:30:00,0.95843,0.95857,0.95657,0.9566,1661,16,0
2022-08-19 11:00:00,0.95661,0.95826,0.95658,0.9572,1908,16,0
2022-08-19 11:30:00,0.95722,0.95796,0.95703,0.95706,1538,16,0
2022-08-19 12:00:00,0.95706,0.9574,0.95656,0.95656,1203,16,0
2022-08-19 12:30:00,0.95657,0.95697,0.95521,0.95572,1100,16,0
2022-08-19 13:00:00,0.95573,0.95692,0.95573,0.9562,1588,16,0
2022-08-19 13:30:00,0.95621,0.95668,0.95619,0.95661,1234,16,0
2022-08-19 14:00:00,0.95659,0.95738,0.95594,0.95728,1387,16,0
2022-08-19 14:30:00,0.95727,0.95736,0.95647,0.9567,1923,16,0
2022-08-19 15:00:00,0.95671,0.95727,0.95584,0.95699,2048,16,0
2022-08-19 15:30:00,0.95698,0.95712,0.95602,0.95606,1739,16,0
2022-08-19 16:00:00,0.95607,0.95726,0.95582,0.95712,1624,16,0
2022-08-19 16:30:00,0.95712,0.95817,0.95691,0.95797,2532,16,0
2022-08-19 17:00:00,0.95799,0.95886,0.95784,0.95874,1800,16,0
2022-08-19 17:30:00,0.95875,0.95945,0.95842,0.959,1928,16,0
2022-08-19 18:00:00,0.95901,0.95965,0.95861,0.95875,1343,16,0
2022-08-19 18:30:00,0.95878,0.95905,0.95846,0.95901,1242,16,0
2022-08-19 19:00:00,0.959,0.95928,0.95854,0.95912,728,16,0
2022-08-19 19:30:00,0.95913,0.95971,0.95897,0.95924,671,16,0
2022-08-19 20:00:00,0.95924,0.95927,0.95813,0.95862,733,16,0
2022-08-19 20:30:00,0.9586,0.95882,0.95819,0.95832,707,16,0
2022-08-19 21:00:00,0.95833,0.95893,0.95828,0.95844,627,16,0
2022-08-19 21:30:00,0.95842,0.95923,0.95822,0.95912,745,16,0
2022-08-19 22:00:00,0.95912,0.95916,0.95873,0.95895,646,16,0
2022-08-19 22:30:00,0.95894,0.95895,0.95844,0.95851,746,16,0
2022-08-19 23:00:00,0.9585,0.95895,0.95832,0.9585,280,23,0
2022-08-19 23:30:00,0.9585,0.95902,0.95838,0.95857,1067,23,0
2022-08-22 00:00:00,0.9572,0.9572,0.9572,0.9572,1,170,0
2022-08-22 00:30:00,0.95752,0.95766,0.95752,0.95766,3,170,0
2022-08-22 01:00:00,0.95802,0.95871,0.95802,0.9585,1037,56,0
2022-08-22 01:30:00,0.95853,0.95874,0.95825,0.95865,792,25,0
2022-08-22 02:00:00,0.95866,0.9588,0.95834,0.95868,481,23,0
2022-08-22 02:30:00,0.95869,0.95894,0.95852,0.95869,447,20,0
2022-08-22 03:00:00,0.95869,0.95968,0.95854,0.95964,1040,16,0
2022-08-22 03:30:00,0.95964,0.95975,0.9591,0.95965,650,17,0
2022-08-22 04:00:00,0.95965,0.95973,0.95901,0.95906,649,16,0
2022-08-22 04:30:00,0.95906,0.95937,0.95899,0.95928,524,17,0
2022-08-22 05:00:00,0.95928,0.95968,0.95899,0.95923,475,19,0
2022-08-22 05:30:00,0.95923,0.95935,0.95845,0.9585,460,19,0
2022-08-22 06:00:00,0.95849,0.95885,0.95833,0.9588,604,17,0
2022-08-22 06:30:00,0.95879,0.959,0.95867,0.95871,314,19,0
2022-08-22 07:00:00,0.95872,0.9589,0.95852,0.9586,242,20,0
2022-08-22 07:30:00,0.95861,0.9591,0.95859,0.95887,285,20,0
2022-08-22 08:00:00,0.95887,0.95909,0.95866,0.9588,349,20,0
2022-08-22 08:30:00,0.95881,0.9594,0.9586,0.9594,498,19,0
2022-08-22 09:00:00,0.95937,0.96028,0.9592,0.95965,1518,17,0
2022-08-22 09:30:00,0.95965,0.96017,0.95942,0.95986,1552,17,0
2022-08-22 10:00:00,0.95983,0.96006,0.9584,0.95916,1915,16,0
2022-08-22 10:30:00,0.95915,0.96008,0.95899,0.95955,1785,16,0
2022-08-22 11:00:00,0.95957,0.96044,0.95857,0.95857,1986,16,0
2022-08-22 11:30:00,0.95858,0.95941,0.95791,0.95907,1988,16,0
2022-08-22 12:00:00,0.95903,0.96013,0.95896,0.95987,1659,16,0
2022-08-22 12:30:00,0.95988,0.96001,0.95852,0.95852,1262,16,0
2022-08-22 13:00:00,0.95856,0.95918,0.95817,0.95866,1512,16,0
2022-08-22 13:30:00,0.95864,0.9593,0.9583,0.95877,1411,16,0
2022-08-22 14:00:00,0.95876,0.95882,0.95834,0.9586,1208,16,0
2022-08-22 14:30:00,0.9586,0.95873,0.95729,0.95745,1456,16,0
2022-08-22 15:00:00,0.95746,0.95823,0.95741,0.95745,1407,16,0
2022-08-22 15:30:00,0.95746,0.95876,0.95742,0.95821,1757,16,0
2022-08-22 16:00:00,0.9582,0.959,0.95815,0.95843,1388,16,0
2022-08-22 16:30:00,0.95843,0.96032,0.95837,0.96031,1417,16,0
2022-08-22 17:00:00,0.9603,0.96323,0.95969,0.96234,2249,16,0
2022-08-22 17:30:00,0.96236,0.96336,0.96138,0.96324,2373,16,0
2022-08-22 18:00:00,0.96325,0.96578,0.96278,0.96577,1650,16,0
2022-08-22 18:30:00,0.96577,0.96577,0.96442,0.96531,1991,16,0
2022-08-22 19:00:00,0.96531,0.96544,0.96367,0.96384,1299,16,0
2022-08-22 19:30:00,0.96385,0.96426,0.96334,0.96425,1243,16,0
2022-08-22 20:00:00,0.96425,0.96458,0.96401,0.96428,797,16,0
2022-08-22 20:30:00,0.96428,0.96479,0.96399,0.96471,731,16,0
2022-08-22 21:00:00,0.96472,0.96479,0.96423,0.96464,867,16,0
2022-08-22 21:30:00,0.96463,0.96493,0.96433,0.9648,886,16,0
2022-08-22 22:00:00,0.96479,0.96482,0.96399,0.96416,692,16,0
2022-08-22 22:30:00,0.96415,0.96451,0.964,0.964,577,16,0
2022-08-22 23:00:00,0.96399,0.9644,0.96397,0.9643,175,20,0
2022-08-22 23:30:00,0.9643,0.96456,0.96379,0.96401,296,21,0
2022-08-23 00:00:00,0.96284,0.96319,0.96284,0.96319,3,112,0
2022-08-23 00:30:00,0.96323,0.96345,0.96323,0.96332,29,81,0
2022-08-23 01:00:00,0.9633,0.96405,0.96322,0.96399,682,30,0
2022-08-23 01:30:00,0.96398,0.96408,0.96371,0.96383,411,18,0
2022-08-23 02:00:00,0.96383,0.96451,0.96381,0.96449,273,19,0
2022-08-23 02:30:00,0.96449,0.96453,0.96419,0.96438,424,17,0
2022-08-23 03:00:00,0.96437,0.96532,0.96425,0.96441,1033,16,0
2022-08-23 03:30:00,0.96442,0.96446,0.96347,0.96397,1289,17,0
2022-08-23 04:00:00,0.96398,0.96403,0.96344,0.96365,1064,21,0
2022-08-23 04:30:00,0.96367,0.9641,0.96359,0.96361,584,19,0
2022-08-23 05:00:00,0.96361,0.96409,0.96356,0.96391,997,17,0
2022-08-23 05:30:00,0.96392,0.96413,0.96343,0.9635,989,17,0
2022-08-23 06:00:00,0.96351,0.96391,0.96346,0.96354,1363,16,0
2022-08-23 06:30:00,0.96353,0.96379,0.96351,0.96377,695,16,0
2022-08-23 07:00:00,0.96378,0.96404,0.96356,0.96394,256,20,0
2022-08-23 07:30:00,0.96395,0.96425,0.96366,0.96424,597,16,0
2022-08-23 08:00:00,0.96425,0.96507,0.96399,0.96472,632,16,0
2022-08-23 08:30:00,0.96471,0.96493,0.96435,0.96455,1040,16,0
2022-08-23 09:00:00,0.96454,0.96535,0.96454,0.96488,1593,16,0
2022-08-23 09:30:00,0.96488,0.96522,0.96405,0.965,1567,16,0
2022-08-23 10:00:00,0.96495,0.96553,0.96414,0.96523,2782,16,0
2022-08-23 10:30:00,0.96523,0.96531,0.96366,0.96507,3536,16,0
2022-08-23 11:00:00,0.96508,0.96639,0.96479,0.96603,2641,16,0
2022-08-23 11:30:00,0.96604,0.96668,0.96534,0.96636,2081,16,0
2022-08-23 12:00:00,0.96636,0.96679,0.96566,0.96657,1483,16,0
2022-08-23 12:30:00,0.96658,0.96675,0.96592,0.96593,1376,16,0
2022-08-23 13:00:00,0.96593,0.96761,0.96568,0.967,1491,16,0
2022-08-23 13:30:00,0.96699,0.96699,0.96601,0.96662,1205,16,0
2022-08-23 14:00:00,0.96661,0.96668,0.96573,0.96632,1013,16,0
2022-08-23 14:30:00,0.96632,0.96717,0.96589,0.96681,1382,16,0
2022-08-23 15:00:00,0.96686,0.9686,0.96661,0.96831,1681,16,0
2022-08-23 15:30:00,0.96831,0.96915,0.96817,0.96901,2112,16,0
2022-08-23 16:00:00,0.969,0.96913,0.96804,0.96806,2038,16,0
2022-08-23 16:30:00,0.96808,0.96836,0.9629,0.9629,4389,16,0
2022-08-23 17:00:00,0.96292,0.96327,0.96017,0.96279,4785,16,0
2022-08-23 17:30:00,0.9628,0.96373,0.96184,0.9623,3283,16,0
2022-08-23 18:00:00,0.9623,0.9625,0.96091,0.96205,2309,16,0
2022-08-23 18:30:00,0.96205,0.9635,0.96175,0.9633,1680,16,0
2022-08-23 19:00:00,0.96329,0.96388,0.9631,0.96342,1348,16,0
2022-08-23 19:30:00,0.96342,0.96347,0.96285,0.96297,1112,16,0
2022-08-23 20:00:00,0.96297,0.96401,0.9629,0.96394,1522,16,0
2022-08-23 20:30:00,0.96397,0.96441,0.96379,0.96438,757,16,0
2022-08-23 21:00:00,0.96437,0.96443,0.96356,0.96401,999,16,0
2022-08-23 21:30:00,0.96402,0.96474,0.96399,0.96471,865,16,0
2022-08-23 22:00:00,0.96469,0.96485,0.96422,0.96448,717,16,0
2022-08-23 22:30:00,0.96449,0.96449,0.96386,0.9639,623,16,0
2022-08-23 23:00:00,0.96391,0.96419,0.96374,0.96402,581,21,0
2022-08-23 23:30:00,0.96402,0.96414,0.96365,0.96376,233,23,0
2022-08-24 00:00:00,0.96319,0.96319,0.96305,0.96316,13,153,0
2022-08-24 00:30:00,0.96327,0.96391,0.96327,0.96342,52,83,0
2022-08-24 01:00:00,0.96365,0.96395,0.96358,0.96384,283,27,0
2022-08-24 01:30:00,0.96384,0.96394,0.96363,0.96366,192,22,0
2022-08-24 02:00:00,0.96366,0.96438,0.96366,0.96436,408,21,0
2022-08-24 02:30:00,0.96436,0.96466,0.96434,0.96436,341,18,0
2022-08-24 03:00:00,0.96437,0.96542,0.96397,0.96526,691,16,0
2022-08-24 03:30:00,0.96525,0.96551,0.9649,0.96537,829,16,0
2022-08-24 04:00:00,0.96532,0.9658,0.96502,0.96545,851,19,0
2022-08-24 04:30:00,0.96547,0.96589,0.96538,0.96539,719,19,0
2022-08-24 05:00:00,0.96542,0.96543,0.96491,0.96527,779,19,0
2022-08-24 05:30:00,0.96528,0.96575,0.96513,0.96571,1247,20,0
2022-08-24 06:00:00,0.96572,0.96573,0.96535,0.96535,659,19,0
2022-08-24 06:30:00,0.96535,0.96579,0.96521,0.96543,546,20,0
2022-08-24 07:00:00,0.96543,0.96558,0.96489,0.96502,522,19,0
2022-08-24 07:30:00,0.96502,0.96516,0.96447,0.96459,494,18,0
2022-08-24 08:00:00,0.9646,0.96472,0.96416,0.96466,650,19,0
2022-08-24 08:30:00,0.96465,0.96542,0.96457,0.96539,980,18,0
2022-08-24 09:00:00,0.96538,0.96616,0.96538,0.96597,1112,16,0
2022-08-24 09:30:00,0.966,0.9662,0.96471,0.96485,1122,16,0
2022-08-24 10:00:00,0.96484,0.96565,0.96383,0.96386,1918,16,0
2022-08-24 10:30:00,0.96386,0.96395,0.96267,0.96275,1631,16,0
2022-08-24 11:00:00,0.96273,0.96334,0.96252,0.96291,1504,16,0
2022-08-24 11:30:00,0.96292,0.96322,0.96204,0.96207,1482,16,0
2022-08-24 12:00:00,0.96206,0.96215,0.96101,0.96164,1820,16,0
2022-08-24 12:30:00,0.96163,0.96178,0.96067,0.96146,1396,16,0
2022-08-24 13:00:00,0.96145,0.96281,0.96144,0.96253,1117,16,0
2022-08-24 13:30:00,0.96253,0.96409,0.96241,0.96382,1753,16,0
2022-08-24 14:00:00,0.96383,0.96408,0.963,0.96355,1814,16,0
2022-08-24 14:30:00,0.96356,0.96452,0.96355,0.96402,2146,16,0
2022-08-24 15:00:00,0.96403,0.96527,0.96312,0.96512,2138,16,0
2022-08-24 15:30:00,0.96512,0.96716,0.96426,0.96622,3511,16,0
2022-08-24 16:00:00,0.96621,0.96756,0.96602,0.9674,2577,16,0
2022-08-24 16:30:00,0.96739,0.96823,0.96726,0.96803,2019,16,0
2022-08-24 17:00:00,0.96797,0.96867,0.96661,0.96693,2235,16,0
2022-08-24 17:30:00,0.9669,0.96828,0.96532,0.9655,3691,16,0
2022-08-24 18:00:00,0.96552,0.96599,0.96446,0.96589,2591,16,0
2022-08-24 18:30:00,0.96591,0.9664,0.96534,0.96631,1417,16,0
2022-08-24 19:00:00,0.96632,0.96719,0.96568,0.96717,1230,16,0
2022-08-24 19:30:00,0.96717,0.96775,0.96676,0.96676,1200,16,0
2022-08-24 20:00:00,0.96676,0.967,0.96593,0.96611,1080,16,0
2022-08-24 20:30:00,0.96612,0.96645,0.96589,0.96627,705,16,0
2022-08-24 21:00:00,0.96627,0.96658,0.966,0.96601,586,17,0
2022-08-24 21:30:00,0.96597,0.96705,0.96597,0.96697,551,16,0
2022-08-24 22:00:00,0.96699,0.96716,0.96602,0.96665,630,17,0
2022-08-24 22:30:00,0.96666,0.96698,0.96613,0.96632,634,16,0
2022-08-24 23:00:00,0.96632,0.9667,0.9662,0.9665,346,19,0
2022-08-24 23:30:00,0.96652,0.96693,0.96615,0.96635,447,21,0
2022-08-25 00:00:00,0.96576,0.96615,0.96535,0.96588,288,66,0
2022-08-25 00:30:00,0.96615,0.96628,0.96577,0.96601,98,59,0
2022-08-25 01:00:00,0.96611,0.96657,0.96581,0.96626,695,17,0
2022-08-25 01:30:00,0.96625,0.96641,0.96609,0.96638,470,16,0
2022-08-25 02:00:00,0.96638,0.96676,0.96615,0.96642,296,19,0
2022-08-25 02:30:00,0.96644,0.9665,0.96613,0.96648,257,18,0
2022-08-25 03:00:00,0.96648,0.967,0.96568,0.96579,845,17,0
2022-08-25 03:30:00,0.9658,0.96591,0.96528,0.96583,911,17,0
2022-08-25 04:00:00,0.96584,0.96609,0.96518,0.96521,889,16,0
2022-08-25 04:30:00,0.96521,0.96536,0.9648,0.96519,1375,19,0
2022-08-25 05:00:00,0.9652,0.96536,0.96388,0.96412,787,20,0
2022-08-25 05:30:00,0.96412,0.96469,0.96399,0.96458,733,17,0
2022-08-25 06:00:00,0.96458,0.96471,0.96398,0.96399,511,20,0
2022-08-25 06:30:00,0.964,0.96447,0.96397,0.96412,635,18,0
2022-08-25 07:00:00,0.96412,0.96445,0.96393,0.96398,1263,20,0
2022-08-25 07:30:00,0.96397,0.96402,0.96242,0.96308,1034,16,0
2022-08-25 08:00:00,0.96307,0.96358,0.96265,0.96342,1092,16,0
2022-08-25 08:30:00,0.96343,0.96426,0.96341,0.96392,810,16,0
2022-08-25 09:00:00,0.96394,0.96436,0.96308,0.96323,2095,16,0
2022-08-25 09:30:00,0.96321,0.96326,0.96159,0.96259,2002,16,0
2022-08-25 10:00:00,0.9626,0.9628,0.96184,0.962,1946,16,0
2022-08-25 10:30:00,0.96201,0.96308,0.962,0.96223,1325,16,0
2022-08-25 11:00:00,0.96223,0.96244,0.96122,0.96224,1728,16,0
2022-08-25 11:30:00,0.96225,0.96232,0.96121,0.96215,1419,16,0
2022-08-25 12:00:00,0.96215,0.96287,0.96163,0.9628,1545,16,0
2022-08-25 12:30:00,0.96284,0.96317,0.9615,0.96212,1645,16,0
2022-08-25 13:00:00,0.96211,0.96332,0.96198,0.96316,1348,16,0
2022-08-25 13:30:00,0.96316,0.96381,0.96314,0.96377,1005,17,0
2022-08-25 14:00:00,0.96376,0.96407,0.96286,0.96299,1375,16,0
2022-08-25 14:30:00,0.963,0.96405,0.96288,0.96386,1449,16,0
2022-08-25 15:00:00,0.96386,0.96489,0.96374,0.96419,1873,16,0
2022-08-25 15:30:00,0.9642,0.96543,0.96406,0.96438,2844,16,0
2022-08-25 16:00:00,0.96439,0.96532,0.96398,0.96431,2081,16,0
2022-08-25 16:30:00,0.9643,0.96497,0.96417,0.96476,1850,16,0
2022-08-25 17:00:00,0.96473,0.96503,0.9635,0.96419,1931,16,0
2022-08-25 17:30:00,0.96418,0.96419,0.96255,0.96377,2263,16,0
2022-08-25 18:00:00,0.96375,0.96441,0.96328,0.96413,1986,16,0
2022-08-25 18:30:00,0.96413,0.96482,0.96403,0.96469,1487,16,0
2022-08-25 19:00:00,0.96469,0.96535,0.96464,0.96482,1345,16,0
2022-08-25 19:30:00,0.96482,0.96497,0.9643,0.96452,918,16,0
2022-08-25 20:00:00,0.96454,0.96455,0.96336,0.96359,1325,16,0
2022-08-25 20:30:00,0.96363,0.96363,0.96292,0.96328,893,16,0
2022-08-25 21:00:00,0.96324,0.96387,0.96317,0.96327,978,16,0
2022-08-25 21:30:00,0.96327,0.9635,0.96284,0.96344,953,16,0
2022-08-25 22:00:00,0.96343,0.9637,0.96316,0.96367,546,16,0
2022-08-25 22:30:00,0.96368,0.96378,0.96332,0.96344,780,16,0
2022-08-25 23:00:00,0.96344,0.96382,0.96338,0.96357,277,18,0
2022-08-25 23:30:00,0.96357,0.96371,0.96262,0.96262,800,24,0
2022-08-26 00:00:00,0.96243,0.96243,0.96238,0.96238,3,125,0
2022-08-26 00:30:00,0.96245,0.96308,0.96245,0.96308,31,63,0
2022-08-26 01:00:00,0.96298,0.96329,0.96298,0.96323,399,26,0
2022-08-26 01:30:00,0.96322,0.96347,0.96322,0.9634,190,25,0
2022-08-26 02:00:00,0.9634,0.96372,0.9634,0.96352,228,18,0
2022-08-26 02:30:00,0.96352,0.96385,0.96342,0.9636,187,18,0
2022-08-26 03:00:00,0.96361,0.96419,0.96338,0.96411,368,16,0
2022-08-26 03:30:00,0.96409,0.9643,0.96358,0.96414,596,16,0
2022-08-26 04:00:00,0.96413,0.96433,0.96382,0.96415,528,19,0
2022-08-26 04:30:00,0.96414,0.96462,0.9639,0.96444,1094,17,0
2022-08-26 05:00:00,0.96447,0.96457,0.96408,0.96413,376,17,0
2022-08-26 05:30:00,0.96413,0.96423,0.96399,0.96413,482,19,0
2022-08-26 06:00:00,0.96414,0.96418,0.96382,0.96409,271,20,0
2022-08-26 06:30:00,0.96409,0.96409,0.96368,0.96368,269,16,0
2022-08-26 07:00:00,0.96367,0.96385,0.9636,0.9637,389,20,0
2022-08-26 07:30:00,0.96371,0.9643,0.96366,0.96429,443,18,0
2022-08-26 08:00:00,0.9643,0.96438,0.9639,0.96399,457,18,0
2022-08-26 08:30:00,0.96399,0.96426,0.96364,0.96397,646,17,0
2022-08-26 09:00:00,0.96397,0.96439,0.96364,0.96383,892,16,0
2022-08-26 09:30:00,0.96386,0.9655,0.96376,0.96525,1201,16,0
2022-08-26 10:00:00,0.96524,0.96566,0.96432,0.96441,1616,16,0
2022-08-26 10:30:00,0.9644,0.96484,0.9637,0.96447,1458,16,0
2022-08-26 11:00:00,0.96447,0.96525,0.96447,0.9649,1176,16,0
2022-08-26 11:30:00,0.96491,0.96591,0.96446,0.96464,1462,16,0
2022-08-26 12:00:00,0.96465,0.96473,0.96319,0.9632,1066,16,0
2022-08-26 12:30:00,0.96317,0.96415,0.96295,0.96385,1265,16,0
2022-08-26 13:00:00,0.96385,0.96418,0.96298,0.96323,1150,16,0
2022-08-26 13:30:00,0.96323,0.96347,0.9625,0.96265,1233,16,0
2022-08-26 14:00:00,0.96265,0.96361,0.96264,0.96333,864,16,0
2022-08-26 14:30:00,0.96333,0.96457,0.9633,0.96428,1349,16,0
2022-08-26 15:00:00,0.96429,0.96435,0.96333,0.96431,1676,16,0
2022-08-26 15:30:00,0.9643,0.96449,0.9619,0.96192,4205,16,0
2022-08-26 16:00:00,0.96191,0.96193,0.95931,0.95934,3392,16,0
2022-08-26 16:30:00,0.95931,0.96054,0.95922,0.95932,3564,16,0
2022-08-26 17:00:00,0.95929,0.96328,0.95762,0.96275,7696,16,0
2022-08-26 17:30:00,0.96276,0.96342,0.96103,0.96318,5254,16,0
2022-08-26 18:00:00,0.96317,0.96492,0.96278,0.96352,3241,16,0
2022-08-26 18:30:00,0.96353,0.96425,0.96239,0.96359,2436,16,0
2022-08-26 19:00:00,0.9636,0.96451,0.96333,0.9645,2038,16,0
2022-08-26 19:30:00,0.96451,0.96569,0.96423,0.96506,1565,16,0
2022-08-26 20:00:00,0.96506,0.9662,0.96478,0.96593,1144,16,0
2022-08-26 20:30:00,0.96592,0.96612,0.96571,0.96574,618,16,0
2022-08-26 21:00:00,0.96573,0.96638,0.96551,0.96611,751,16,0
2022-08-26 21:30:00,0.9661,0.96634,0.96565,0.96614,998,16,0
2022-08-26 22:00:00,0.96616,0.96685,0.96607,0.96675,966,16,0
2022-08-26 22:30:00,0.96676,0.96679,0.96616,0.96645,1188,16,0
2022-08-26 23:00:00,0.96644,0.96653,0.96538,0.96538,703,21,0
2022-08-26 23:30:00,0.96539,0.9662,0.96535,0.96563,871,21,0
2022-08-29 00:00:00,0.96512,0.96512,0.96504,0.96512,4,170,0
2022-08-29 00:30:00,0.96499,0.96526,0.96499,0.96518,12,136,0
2022-08-29 01:00:00,0.96536,0.96751,0.96536,0.96699,1544,39,0
2022-08-29 01:30:00,0.96703,0.96776,0.96699,0.96751,725,16,0
2022-08-29 02:00:00,0.96749,0.96829,0.96741,0.96805,727,16,0
2022-08-29 02:30:00,0.96808,0.96869,0.968,0.96867,653,18,0
2022-08-29 03:00:00,0.96863,0.96902,0.96801,0.96827,1203,16,0
2022-08-29 03:30:00,0.96831,0.96906,0.96817,0.96878,1014,16,0
2022-08-29 04:00:00,0.96876,0.96911,0.96809,0.96891,763,18,0
2022-08-29 04:30:00,0.96891,0.96975,0.96884,0.96895,972,19,0
2022-08-29 05:00:00,0.96895,0.96959,0.96885,0.96893,545,16,0
2022-08-29 05:30:00,0.96895,0.96897,0.96821,0.96831,571,17,0
2022-08-29 06:00:00,0.96831,0.96891,0.96825,0.96875,486,21,0
2022-08-29 06:30:00,0.96876,0.96922,0.96853,0.96892,785,19,0
2022-08-29 07:00:00,0.96892,0.96951,0.96879,0.96941,695,19,0
2022-08-29 07:30:00,0.9694,0.96983,0.96935,0.96975,635,18,0
2022-08-29 08:00:00,0.96976,0.96988,0.9693,0.96966,570,16,0
2022-08-29 08:30:00,0.96965,0.96986,0.96938,0.96943,946,20,0
2022-08-29 09:00:00,0.96944,0.97037,0.96908,0.96987,1361,16,0
2022-08-29 09:30:00,0.96987,0.97018,0.96928,0.96978,1225,16,0
2022-08-29 10:00:00,0.96982,0.97019,0.96854,0.96916,2463,17,0
2022-08-29 10:30:00,0.96916,0.96972,0.96886,0.9693,1791,16,0
2022-08-29 11:00:00,0.96928,0.97057,0.96882,0.97043,1270,16,0
2022-08-29 11:30:00,0.97043,0.97067,0.9691,0.96915,1285,16,0
2022-08-29 12:00:00,0.96913,0.96942,0.96787,0.96796,1474,16,0
2022-08-29 12:30:00,0.96795,0.96818,0.96627,0.96647,1289,16,0
2022-08-29 13:00:00,0.96647,0.96722,0.96594,0.96717,1799,16,0
2022-08-29 13:30:00,0.96715,0.96844,0.96658,0.96837,2145,16,0
2022-08-29 14:00:00,0.96838,0.96897,0.9679,0.96861,2017,16,0
2022-08-29 14:30:00,0.96863,0.96904,0.96746,0.96754,1542,16,0
2022-08-29 15:00:00,0.96754,0.9684,0.9659,0.96594,1874,16,0
2022-08-29 15:30:00,0.96594,0.96768,0.96586,0.96723,2301,16,0
2022-08-29 16:00:00,0.96724,0.9685,0.96696,0.96697,2015,16,0
2022-08-29 16:30:00,0.96698,0.96776,0.96632,0.96746,2141,16,0
2022-08-29 17:00:00,0.96746,0.96765,0.96609,0.96675,2040,16,0
2022-08-29 17:30:00,0.96675,0.96994,0.96675,0.96958,2245,16,0
2022-08-29 18:00:00,0.96957,0.96967,0.96864,0.96906,1565,16,0
2022-08-29 18:30:00,0.96905,0.96923,0.96828,0.96893,1381,16,0
2022-08-29 19:00:00,0.96892,0.96936,0.96853,0.96921,1090,16,0
2022-08-29 19:30:00,0.96921,0.96938,0.96808,0.96811,923,16,0
2022-08-29 20:00:00,0.96811,0.96819,0.96748,0.96802,722,18,0
2022-08-29 20:30:00,0.968,0.96822,0.96768,0.96809,494,16,0
2022-08-29 21:00:00,0.96809,0.96875,0.96798,0.96815,958,16,0
2022-08-29 21:30:00,0.96815,0.9688,0.9678,0.96877,919,16,0
2022-08-29 22:00:00,0.96877,0.9688,0.9683,0.96876,1036,18,0
2022-08-29 22:30:00,0.96875,0.96878,0.96797,0.96799,591,16,0
2022-08-29 23:00:00,0.96802,0.96846,0.96784,0.96797,347,21,0
2022-08-29 23:30:00,0.96797,0.96827,0.9679,0.96794,399,21,0
2022-08-30 00:00:00,0.9678,0.96813,0.96738,0.9679,14,54,0
2022-08-30 00:30:00,0.9679,0.96793,0.96684,0.96723,541,67,0
2022-08-30 01:00:00,0.96792,0.96805,0.96773,0.96783,289,27,0
2022-08-30 01:30:00,0.96783,0.96794,0.96766,0.96775,208,25,0
2022-08-30 02:00:00,0.96774,0.96811,0.96772,0.96779,240,16,0
2022-08-30 02:30:00,0.96779,0.96782,0.96714,0.96721,511,17,0
2022-08-30 03:00:00,0.96723,0.9674,0.96655,0.96713,1177,16,0
2022-08-30 03:30:00,0.96712,0.9676,0.96669,0.96691,605,16,0
2022-08-30 04:00:00,0.96692,0.96749,0.96647,0.96693,851,18,0
2022-08-30 04:30:00,0.96695,0.9678,0.96689,0.96768,738,19,0
2022-08-30 05:00:00,0.96767,0.9684,0.96761,0.96819,843,18,0
2022-08-30 05:30:00,0.96817,0.96833,0.96785,0.96794,471,20,0
2022-08-30 06:00:00,0.96796,0.96802,0.96768,0.96786,390,20,0
2022-08-30 06:30:00,0.96787,0.96794,0.96759,0.96785,698,17,0
2022-08-30 07:00:00,0.96786,0.96797,0.96741,0.96769,879,16,0
2022-08-30 07:30:00,0.96767,0.96769,0.96707,0.96742,1018,16,0
2022-08-30 08:00:00,0.96743,0.96772,0.96728,0.96728,412,20,0
2022-08-30 08:30:00,0.96729,0.96736,0.96679,0.96699,1108,16,0
2022-08-30 09:00:00,0.967,0.96751,0.9668,0.96701,1200,16,0
2022-08-30 09:30:00,0.96697,0.96811,0.96679,0.96802,1446,16,0
2022-08-30 10:00:00,0.96803,0.96979,0.9679,0.96969,2520,16,0
2022-08-30 10:30:00,0.9697,0.97223,0.96959,0.9702,3296,16,0
2022-08-30 11:00:00,0.97019,0.97032,0.9686,0.96891,2715,16,0
2022-08-30 11:30:00,0.9689,0.97002,0.96876,0.96981,1786,16,0
2022-08-30 12:00:00,0.96985,0.97047,0.9688,0.97021,1747,16,0
2022-08-30 12:30:00,0.97022,0.9714,0.96996,0.97021,1644,16,0
2022-08-30 13:00:00,0.97023,0.97084,0.96967,0.96968,1363,16,0
2022-08-30 13:30:00,0.96969,0.97137,0.96954,0.97121,1400,16,0
2022-08-30 14:00:00,0.9712,0.97126,0.96986,0.97044,1741,16,0
2022-08-30 14:30:00,0.97044,0.97091,0.97021,0.97047,1757,16,0
2022-08-30 15:00:00,0.97046,0.97157,0.97013,0.97109,2304,16,0
2022-08-30 15:30:00,0.97109,0.97222,0.97088,0.97211,2507,16,0
2022-08-30 16:00:00,0.97212,0.97243,0.97086,0.97157,2230,16,0
2022-08-30 16:30:00,0.97158,0.97182,0.97076,0.97136,2489,16,0
2022-08-30 17:00:00,0.97136,0.97446,0.97127,0.97391,3361,16,0
2022-08-30 17:30:00,0.97391,0.97611,0.97381,0.9757,3114,16,0
2022-08-30 18:00:00,0.97572,0.97587,0.97244,0.97248,3026,16,0
2022-08-30 18:30:00,0.97249,0.97467,0.97244,0.97444,2209,16,0
2022-08-30 19:00:00,0.97444,0.97467,0.97369,0.97447,1758,16,0
2022-08-30 19:30:00,0.97447,0.97454,0.97373,0.97386,1655,16,0
2022-08-30 20:00:00,0.97387,0.97429,0.97361,0.97392,1059,17,0
2022-08-30 20:30:00,0.97392,0.97432,0.97336,0.97393,1211,16,0
2022-08-30 21:00:00,0.97391,0.97439,0.97322,0.9733,1327,16,0
2022-08-30 21:30:00,0.9733,0.97408,0.97306,0.97343,1474,16,0
2022-08-30 22:00:00,0.97342,0.97356,0.97283,0.97326,831,16,0
2022-08-30 22:30:00,0.97326,0.97373,0.97324,0.97359,665,16,0
2022-08-30 23:00:00,0.97358,0.97405,0.97346,0.9736,1098,23,0
2022-08-30 23:30:00,0.9736,0.97433,0.97359,0.97395,529,24,0
2022-08-31 00:00:00,0.97309,0.97404,0.97309,0.97378,9,107,0
2022-08-31 00:30:00,0.97359,0.97422,0.97359,0.97381,58,79,0
2022-08-31 01:00:00,0.97367,0.97421,0.97367,0.97384,202,21,0
2022-08-31 01:30:00,0.97381,0.97392,0.97372,0.97391,345,21,0
2022-08-31 02:00:00,0.97392,0.97412,0.97378,0.97392,260,18,0
2022-08-31 02:30:00,0.97393,0.97406,0.97369,0.97397,429,20,0
2022-08-31 03:00:00,0.97398,0.97432,0.97321,0.97331,673,17,0
2022-08-31 03:30:00,0.97335,0.97344,0.97297,0.97324,601,19,0
2022-08-31 04:00:00,0.97323,0.97332,0.97288,0.97316,537,20,0
2022-08-31 04:30:00,0.97315,0.97377,0.97304,0.97364,1005,17,0
2022-08-31 05:00:00,0.97365,0.97406,0.97356,0.97374,658,19,0
2022-08-31 05:30:00,0.97376,0.97376,0.973,0.97314,360,21,0
2022-08-31 06:00:00,0.97312,0.97345,0.97302,0.97332,354,16,0
2022-08-31 06:30:00,0.97332,0.97334,0.97287,0.97291,305,17,0
2022-08-31 07:00:00,0.9729,0.97301,0.97276,0.97286,269,17,0
2022-08-31 07:30:00,0.97286,0.97315,0.97254,0.97304,568,18,0
2022-08-31 08:00:00,0.97304,0.97312,0.97257,0.97281,350,16,0
2022-08-31 08:30:00,0.97282,0.97296,0.97256,0.9728,477,19,0
2022-08-31 09:00:00,0.97281,0.97366,0.97254,0.97317,776,16,0
2022-08-31 09:30:00,0.97319,0.97351,0.97281,0.97317,1356,16,0
2022-08-31 10:00:00,0.97318,0.97445,0.97293,0.97422,2602,16,0
2022-08-31 10:30:00,0.97421,0.97633,0.97412,0.97632,2074,16,0
2022-08-31 11:00:00,0.97633,0.97661,0.97509,0.97643,2530,16,0
2022-08-31 11:30:00,0.97642,0.97833,0.97631,0.97698,2653,17,0
2022-08-31 12:00:00,0.97703,0.97803,0.97647,0.97796,2218,17,0
2022-08-31 12:30:00,0.97797,0.9793,0.97762,0.97903,1743,17,0
2022-08-31 13:00:00,0.97903,0.97934,0.97805,0.97887,1528,17,0
2022-08-31 13:30:00,0.97887,0.98012,0.97886,0.98004,1412,17,0
2022-08-31 14:00:00,0.98003,0.98045,0.97941,0.97966,1571,17,0
2022-08-31 14:30:00,0.97966,0.98064,0.97928,0.97973,1531,17,0
2022-08-31 15:00:00,0.97972,0.98006,0.97853,0.97954,2105,17,0
2022-08-31 15:30:00,0.97953,0.97983,0.97857,0.97857,1318,17,0
2022-08-31 16:00:00,0.97857,0.97911,0.9778,0.979,2038,17,0
2022-08-31 16:30:00,0.97901,0.97957,0.9781,0.97933,2514,17,0
2022-08-31 17:00:00,0.97934,0.98011,0.97813,0.97823,3599,17,0
2022-08-31 17:30:00,0.97823,0.97848,0.97419,0.97578,4568,17,0
2022-08-31 18:00:00,0.97576,0.97584,0.97334,0.97392,3391,17,0
2022-08-31 18:30:00,0.97393,0.97544,0.97389,0.97489,2273,17,0
2022-08-31 19:00:00,0.97488,0.97575,0.97466,0.97542,1483,17,0
2022-08-31 19:30:00,0.97542,0.97555,0.97482,0.97508,886,17,0
2022-08-31 20:00:00,0.97507,0.97548,0.97479,0.97537,528,17,0
2022-08-31 20:30:00,0.97537,0.97598,0.97512,0.97515,1095,17,0
2022-08-31 21:00:00,0.97513,0.9753,0.97461,0.97506,1118,17,0
2022-08-31 21:30:00,0.97507,0.97624,0.97499,0.97623,1209,17,0
2022-08-31 22:00:00,0.97623,0.97698,0.97582,0.97697,1106,17,0
2022-08-31 22:30:00,0.97697,0.97837,0.97686,0.97767,1460,17,0
2022-08-31 23:00:00,0.97763,0.97809,0.97721,0.97752,1045,19,0
2022-08-31 23:30:00,0.97755,0.97816,0.97697,0.9776,803,22,0
2022-09-01 00:00:00,0.9764,0.97669,0.97596,0.97646,11,171,0
2022-09-01 00:30:00,0.97658,0.97773,0.97658,0.97722,96,74,0
2022-09-01 01:00:00,0.97724,0.97771,0.97723,0.97757,528,37,0
2022-09-01 01:30:00,0.97757,0.97798,0.97744,0.97784,791,18,0
2022-09-01 02:00:00,0.97783,0.97874,0.97782,0.97872,700,17,0
2022-09-01 02:30:00,0.97873,0.97939,0.97869,0.97915,731,18,0
2022-09-01 03:00:00,0.97917,0.98053,0.97917,0.98044,1051,17,0
2022-09-01 03:30:00,0.98045,0.98068,0.97987,0.98016,1521,17,0
2022-09-01 04:00:00,0.98015,0.9805,0.97976,0.98046,1403,19,0
2022-09-01 04:30:00,0.98047,0.98079,0.9796,0.97984,1119,21,0
2022-09-01 05:00:00,0.97982,0.98028,0.97948,0.97964,1796,17,0
2022-09-01 05:30:00,0.97965,0.98024,0.97952,0.98012,1486,18,0
2022-09-01 06:00:00,0.98014,0.98015,0.9796,0.97961,546,20,0
2022-09-01 06:30:00,0.97963,0.98017,0.97948,0.97972,717,17,0
2022-09-01 07:00:00,0.97972,0.98006,0.97967,0.98001,498,21,0
2022-09-01 07:30:00,0.98,0.98013,0.97983,0.97991,573,19,0
2022-09-01 08:00:00,0.9799,0.98063,0.97975,0.97976,682,20,0
2022-09-01 08:30:00,0.97978,0.98006,0.97951,0.97959,1034,18,0
2022-09-01 09:00:00,0.97958,0.9797,0.97768,0.97778,1521,17,0
2022-09-01 09:30:00,0.97789,0.97829,0.97593,0.97649,2539,17,0
2022-09-01 10:00:00,0.97649,0.97726,0.97564,0.97597,2252,17,0
2022-09-01 10:30:00,0.97598,0.9768,0.97502,0.97604,2051,17,0
2022-09-01 11:00:00,0.97603,0.97674,0.97465,0.97496,2786,17,0
2022-09-01 11:30:00,0.97494,0.9767,0.97432,0.97585,2153,17,0
2022-09-01 12:00:00,0.97582,0.97675,0.97527,0.97644,1952,17,0
2022-09-01 12:30:00,0.97644,0.97746,0.97628,0.9774,1631,17,0
2022-09-01 13:00:00,0.9774,0.9796,0.97732,0.9795,1557,17,0
2022-09-01 13:30:00,0.97947,0.9799,0.97863,0.97872,1388,17,0
2022-09-01 14:00:00,0.97872,0.97903,0.97811,0.97878,1392,17,0
2022-09-01 14:30:00,0.97878,0.97904,0.97755,0.97872,2057,17,0
2022-09-01 15:00:00,0.9787,0.98014,0.97863,0.98002,1558,17,0
2022-09-01 15:30:00,0.98002,0.98238,0.97968,0.98036,3020,17,0
2022-09-01 16:00:00,0.98037,0.98065,0.97913,0.9805,2354,17,0
2022-09-01 16:30:00,0.98049,0.98084,0.97855,0.97877,3103,16,0
2022-09-01 17:00:00,0.97877,0.9842,0.97877,0.9822,5032,17,0
2022-09-01 17:30:00,0.98221,0.98602,0.98194,0.98485,4573,17,0
2022-09-01 18:00:00,0.98486,0.98487,0.98297,0.98458,2681,17,0
2022-09-01 18:30:00,0.98462,0.985,0.98356,0.9837,3155,17,0
2022-09-01 19:00:00,0.98372,0.98385,0.98222,0.98261,1562,17,0
2022-09-01 19:30:00,0.98262,0.98293,0.98225,0.98287,1235,17,0
2022-09-01 20:00:00,0.98289,0.98315,0.98128,0.98147,1585,17,0
2022-09-01 20:30:00,0.98147,0.98157,0.98096,0.98133,1126,17,0
2022-09-01 21:00:00,0.98134,0.98142,0.98079,0.98115,1303,17,0
2022-09-01 21:30:00,0.98117,0.98225,0.98107,0.9821,876,17,0
2022-09-01 22:00:00,0.9821,0.98213,0.98098,0.98151,1040,17,0
2022-09-01 22:30:00,0.98151,0.98199,0.98133,0.98169,782,17,0
2022-09-01 23:00:00,0.9817,0.9818,0.98139,0.98142,455,21,0
2022-09-01 23:30:00,0.98141,0.98174,0.98134,0.9814,519,26,0
2022-09-02 00:00:00,0.98152,0.98152,0.98083,0.98083,9,87,0
2022-09-02 00:30:00,0.98096,0.98133,0.98095,0.98108,1006,69,0
2022-09-02 01:00:00,0.98098,0.98173,0.98096,0.98164,413,17,0
2022-09-02 01:30:00,0.98163,0.98172,0.98144,0.98161,1485,22,0
2022-09-02 02:00:00,0.98163,0.98186,0.98134,0.98138,255,23,0
2022-09-02 02:30:00,0.98137,0.98143,0.98105,0.9811,223,22,0
2022-09-02 03:00:00,0.98117,0.98128,0.98053,0.98066,579,17,0
2022-09-02 03:30:00,0.98065,0.98102,0.98058,0.98088,631,18,0
2022-09-02 04:00:00,0.98089,0.98099,0.98056,0.98064,529,20,0
2022-09-02 04:30:00,0.98059,0.98106,0.98059,0.98101,943,18,0
2022-09-02 05:00:00,0.98101,0.98113,0.98082,0.98083,949,17,0
2022-09-02 05:30:00,0.98082,0.98096,0.98059,0.98084,478,20,0
2022-09-02 06:00:00,0.98085,0.98085,0.98063,0.98078,410,22,0
2022-09-02 06:30:00,0.98076,0.98084,0.98062,0.98069,258,22,0
2022-09-02 07:00:00,0.9807,0.98077,0.98058,0.98061,295,21,0
2022-09-02 07:30:00,0.98063,0.98123,0.98063,0.98079,648,18,0
2022-09-02 08:00:00,0.98078,0.98081,0.9804,0.98064,511,20,0
2022-09-02 08:30:00,0.98062,0.98088,0.98052,0.98072,402,17,0
2022-09-02 09:00:00,0.98072,0.9809,0.98007,0.98088,926,17,0
2022-09-02 09:30:00,0.98087,0.98108,0.97977,0.98045,944,17,0
2022-09-02 10:00:00,0.98045,0.98048,0.97861,0.97905,1585,17,0
2022-09-02 10:30:00,0.97905,0.98015,0.97881,0.97913,1379,17,0
2022-09-02 11:00:00,0.9791,0.97996,0.97903,0.97973,1277,17,0
2022-09-02 11:30:00,0.97973,0.98035,0.97932,0.97988,909,17,0
2022-09-02 12:00:00,0.97989,0.98083,0.97943,0.98006,954,17,0
2022-09-02 12:30:00,0.98005,0.98068,0.97947,0.98048,1050,17,0
2022-09-02 13:00:00,0.98049,0.98175,0.97967,0.98166,1420,17,0
2022-09-02 13:30:00,0.98165,0.98264,0.98154,0.98229,996,17,0
2022-09-02 14:00:00,0.98227,0.9832,0.98181,0.98304,1092,17,0
2022-09-02 14:30:00,0.98296,0.98341,0.98206,0.98287,1797,17,0
2022-09-02 15:00:00,0.98288,0.98495,0.98276,0.98361,1962,17,0
2022-09-02 15:30:00,0.98368,0.98581,0.98135,0.9839,7319,17,0
2022-09-02 16:00:00,0.98391,0.98431,0.98222,0.98285,3703,17,0
2022-09-02 16:30:00,0.98282,0.98353,0.9808,0.98085,3593,17,0
2022-09-02 17:00:00,0.98081,0.98125,0.98004,0.98031,2894,17,0
2022-09-02 17:30:00,0.98032,0.9809,0.97825,0.97913,3006,17,0
2022-09-02 18:00:00,0.97912,0.98028,0.97911,0.98,1987,17,0
2022-09-02 18:30:00,0.97999,0.98167,0.97964,0.98006,1662,17,0
2022-09-02 19:00:00,0.98007,0.9819,0.97991,0.98146,1946,17,0
2022-09-02 19:30:00,0.98149,0.98214,0.98053,0.9819,2582,17,0
2022-09-02 20:00:00,0.98186,0.982,0.98051,0.9814,1963,17,0
2022-09-02 20:30:00,0.98141,0.98156,0.98051,0.98078,1414,17,0
2022-09-02 21:00:00,0.98079,0.98108,0.98021,0.98032,1298,17,0
2022-09-02 21:30:00,0.98033,0.98083,0.98003,0.98041,1124,17,0
2022-09-02 22:00:00,0.98042,0.98108,0.98,0.98104,961,17,0
2022-09-02 22:30:00,0.98102,0.98182,0.98088,0.98104,1429,17,0
2022-09-02 23:00:00,0.98105,0.98114,0.98049,0.98078,697,22,0
2022-09-02 23:30:00,0.98079,0.98129,0.98,0.9806,1053,28,0
2022-09-05 00:00:00,0.9809,0.98125,0.9809,0.98123,8,79,0
2022-09-05 00:30:00,0.98096,0.98244,0.98092,0.98184,71,59,0
2022-09-05 01:00:00,0.98215,0.98324,0.9809,0.98248,868,25,0
2022-09-05 01:30:00,0.98248,0.98259,0.98143,0.98241,1404,19,0
2022-09-05 02:00:00,0.9824,0.98319,0.98232,0.98308,608,17,0
2022-09-05 02:30:00,0.98308,0.98332,0.98306,0.98324,439,21,0
2022-09-05 03:00:00,0.98325,0.98326,0.98229,0.98296,1498,17,0
2022-09-05 03:30:00,0.98296,0.98296,0.98201,0.98214,1098,18,0
2022-09-05 04:00:00,0.98216,0.9824,0.98157,0.98204,1759,17,0
2022-09-05 04:30:00,0.98203,0.98217,0.98141,0.98159,1129,17,0
2022-09-05 05:00:00,0.9816,0.98293,0.98157,0.98235,1158,18,0
2022-09-05 05:30:00,0.98238,0.98327,0.98233,0.98319,764,18,0
2022-09-05 06:00:00,0.98318,0.98325,0.98283,0.98309,384,20,0
2022-09-05 06:30:00,0.98308,0.98315,0.98247,0.98248,639,17,0
2022-09-05 07:00:00,0.98247,0.98282,0.98205,0.9821,397,17,0
2022-09-05 07:30:00,0.98213,0.98271,0.98199,0.98232,714,17,0
2022-09-05 08:00:00,0.98233,0.98332,0.98232,0.98317,1166,17,0
2022-09-05 08:30:00,0.98317,0.9833,0.98236,0.98242,1240,17,0
2022-09-05 09:00:00,0.98242,0.98329,0.98138,0.98155,2295,17,0
2022-09-05 09:30:00,0.98155,0.98282,0.98144,0.98278,1749,17,0
2022-09-05 10:00:00,0.98276,0.98353,0.98249,0.98282,2175,17,0
2022-09-05 10:30:00,0.98283,0.98283,0.98163,0.98268,2133,17,0
2022-09-05 11:00:00,0.98267,0.98337,0.98197,0.98281,1621,17,0
2022-09-05 11:30:00,0.9828,0.98366,0.98266,0.98333,1397,17,0
2022-09-05 12:00:00,0.98333,0.98368,0.98298,0.98307,1765,17,0
2022-09-05 12:30:00,0.98306,0.98332,0.97945,0.98078,1886,17,0
2022-09-05 13:00:00,0.98076,0.98161,0.98034,0.98082,1878,17,0
2022-09-05 13:30:00,0.98082,0.98154,0.98074,0.98121,1464,17,0
2022-09-05 14:00:00,0.98122,0.98249,0.9806,0.98241,1017,17,0
2022-09-05 14:30:00,0.98242,0.98242,0.98151,0.98182,1411,17,0
2022-09-05 15:00:00,0.98182,0.98281,0.98151,0.98199,2494,17,0
2022-09-05 15:30:00,0.98196,0.98207,0.98094,0.98122,1406,17,0
2022-09-05 16:00:00,0.98121,0.98124,0.97985,0.98082,1700,17,0
2022-09-05 16:30:00,0.98083,0.98089,0.98035,0.98069,1193,17,0
2022-09-05 17:00:00,0.9807,0.98124,0.98043,0.98088,914,17,0
2022-09-05 17:30:00,0.98089,0.98158,0.98044,0.98137,1111,17,0
2022-09-05 18:00:00,0.98135,0.98175,0.98106,0.9814,1144,17,0
2022-09-05 18:30:00,0.98139,0.98142,0.97961,0.97984,915,17,0
2022-09-05 19:00:00,0.97983,0.98041,0.97969,0.98037,593,18,0
2022-09-05 19:30:00,0.98037,0.98057,0.98011,0.98018,558,18,0
2022-09-05 20:00:00,0.98018,0.98038,0.9801,0.98038,298,17,0
2022-09-05 20:30:00,0.98036,0.98052,0.98035,0.98038,848,17,0
2022-09-05 21:00:00,0.98039,0.98039,0.97993,0.98025,536,18,0
2022-09-05 21:30:00,0.98024,0.98034,0.98002,0.98002,829,18,0
2022-09-05 22:00:00,0.98005,0.98028,0.97993,0.98009,725,18,0
2022-09-05 22:30:00,0.98008,0.98018,0.97993,0.97996,677,17,0
2022-09-05 23:00:00,0.97999,0.98023,0.97941,0.97972,457,18,0
2022-09-05 23:30:00,0.97971,0.98032,0.97918,0.97927,1710,22,0
2022-09-06 00:00:00,0.97924,0.97927,0.97902,0.9792,14,71,0
2022-09-06 00:30:00,0.97911,0.97969,0.97911,0.97936,616,79,0
2022-09-06 01:00:00,0.97919,0.97996,0.9784,0.97862,766,18,0
2022-09-06 01:30:00,0.97861,0.9792,0.97861,0.97901,324,25,0
2022-09-06 02:00:00,0.97904,0.97939,0.97877,0.97896,443,17,0
2022-09-06 02:30:00,0.97896,0.97906,0.97842,0.97853,437,18,0
2022-09-06 03:00:00,0.97852,0.97853,0.97706,0.97764,1331,17,0
2022-09-06 03:30:00,0.97765,0.97765,0.97645,0.97653,1457,19,0
2022-09-06 04:00:00,0.97652,0.97702,0.97645,0.9769,1429,17,0
2022-09-06 04:30:00,0.97691,0.97733,0.97669,0.97709,901,20,0
2022-09-06 05:00:00,0.97709,0.97773,0.97703,0.97759,796,18,0
2022-09-06 05:30:00,0.9776,0.97772,0.9772,0.97729,943,19,0
2022-09-06 06:00:00,0.9773,0.97754,0.97724,0.97737,637,20,0
2022-09-06 06:30:00,0.97735,0.97859,0.97727,0.97849,615,18,0
2022-09-06 07:00:00,0.97847,0.97877,0.97805,0.97814,873,20,0
2022-09-06 07:30:00,0.97813,0.97978,0.97802,0.97948,1868,17,0
2022-09-06 08:00:00,0.97949,0.97965,0.97879,0.97894,1929,18,0
2022-09-06 08:30:00,0.97895,0.97904,0.97851,0.97887,1345,17,0
2022-09-06 09:00:00,0.97888,0.98019,0.97886,0.97913,2056,17,0
2022-09-06 09:30:00,0.97911,0.97956,0.97833,0.97937,2252,17,0
2022-09-06 10:00:00,0.97939,0.98165,0.97937,0.9799,3511,17,0
2022-09-06 10:30:00,0.97988,0.98006,0.9789,0.97912,2022,17,0
2022-09-06 11:00:00,0.97911,0.97952,0.9785,0.97904,1957,17,0
2022-09-06 11:30:00,0.97904,0.98078,0.97845,0.98028,2363,17,0
2022-09-06 12:00:00,0.98029,0.98122,0.97999,0.98001,1969,17,0
2022-09-06 12:30:00,0.98,0.98065,0.97942,0.98008,2296,17,0
2022-09-06 13:00:00,0.98009,0.98058,0.97964,0.98035,2304,17,0
2022-09-06 13:30:00,0.98034,0.98141,0.98026,0.98133,2118,17,0
2022-09-06 14:00:00,0.9813,0.98175,0.98091,0.98155,1556,17,0
2022-09-06 14:30:00,0.98159,0.98279,0.98138,0.98169,2257,17,0
2022-09-06 15:00:00,0.98169,0.98217,0.98114,0.98169,2569,17,0
2022-09-06 15:30:00,0.9817,0.9832,0.98163,0.98319,2983,17,0
2022-09-06 16:00:00,0.98319,0.98377,0.98253,0.98299,2754,17,0
2022-09-06 16:30:00,0.98298,0.98376,0.98234,0.98343,3467,17,0
2022-09-06 17:00:00,0.98344,0.98608,0.98295,0.98338,5303,17,0
2022-09-06 17:30:00,0.98337,0.98574,0.98312,0.98396,4258,17,0
2022-09-06 18:00:00,0.98395,0.98435,0.98177,0.98374,2749,17,0
2022-09-06 18:30:00,0.98376,0.98428,0.98302,0.98387,2825,17,0
2022-09-06 19:00:00,0.98387,0.9844,0.98343,0.98408,1945,18,0
2022-09-06 19:30:00,0.98408,0.98503,0.98404,0.98462,1701,17,0
2022-09-06 20:00:00,0.98461,0.98511,0.98419,0.9848,1706,17,0
2022-09-06 20:30:00,0.98481,0.98529,0.98465,0.985,993,17,0
2022-09-06 21:00:00,0.985,0.98521,0.98447,0.98484,1152,17,0
2022-09-06 21:30:00,0.98485,0.98492,0.98416,0.98477,2007,17,0
2022-09-06 22:00:00,0.98475,0.98475,0.98414,0.98434,1223,17,0
2022-09-06 22:30:00,0.98435,0.98486,0.98433,0.98451,948,17,0
2022-09-06 23:00:00,0.98452,0.98486,0.98438,0.98452,684,24,0
2022-09-06 23:30:00,0.98451,0.98461,0.98361,0.98361,752,26,0
2022-09-07 00:00:00,0.982,0.98256,0.982,0.98208,4,171,0
2022-09-07 00:30:00,0.98236,0.98351,0.98236,0.98348,26,107,0
2022-09-07 01:00:00,0.98359,0.98431,0.98359,0.98404,273,19,0
2022-09-07 01:30:00,0.98405,0.98504,0.9839,0.98496,739,17,0
2022-09-07 02:00:00,0.98495,0.98528,0.98465,0.98491,388,23,0
2022-09-07 02:30:00,0.98493,0.98513,0.98418,0.98456,487,18,0
2022-09-07 03:00:00,0.98458,0.98608,0.98416,0.98576,1250,18,0
2022-09-07 03:30:00,0.98575,0.986,0.98488,0.98508,1180,19,0
2022-09-07 04:00:00,0.98508,0.9857,0.98462,0.98462,1213,17,0
2022-09-07 04:30:00,0.98463,0.98551,0.98458,0.985,1090,20,0
2022-09-07 05:00:00,0.98497,0.98603,0.98492,0.98526,1683,18,0
2022-09-07 05:30:00,0.98527,0.98608,0.98497,0.9856,1164,20,0
2022-09-07 06:00:00,0.98561,0.98653,0.98518,0.98618,1719,18,0
2022-09-07 06:30:00,0.98619,0.98684,0.98601,0.9861,841,17,0
2022-09-07 07:00:00,0.98611,0.98686,0.98591,0.98669,796,18,0
2022-09-07 07:30:00,0.98668,0.9867,0.98458,0.98512,1059,17,0
2022-09-07 08:00:00,0.98512,0.98519,0.98425,0.98473,999,21,0
2022-09-07 08:30:00,0.98474,0.9854,0.98458,0.98519,916,18,0
2022-09-07 09:00:00,0.9851,0.98554,0.98431,0.98433,1387,17,0
2022-09-07 09:30:00,0.98433,0.98528,0.98421,0.98497,1566,17,0
2022-09-07 10:00:00,0.98498,0.98567,0.9838,0.98508,2546,17,0
2022-09-07 10:30:00,0.9851,0.98539,0.98194,0.98208,2264,17,0
2022-09-07 11:00:00,0.98207,0.98292,0.98159,0.9826,2318,17,0
2022-09-07 11:30:00,0.98259,0.98295,0.98198,0.98273,1691,17,0
2022-09-07 12:00:00,0.98272,0.98332,0.98221,0.98323,1660,17,0
2022-09-07 12:30:00,0.98322,0.98408,0.98298,0.98359,1340,17,0
2022-09-07 13:00:00,0.98358,0.9846,0.98346,0.98442,1399,17,0
2022-09-07 13:30:00,0.98439,0.98533,0.98436,0.98522,1520,17,0
2022-09-07 14:00:00,0.98523,0.98571,0.98453,0.98465,2001,17,0
2022-09-07 14:30:00,0.98463,0.986,0.98453,0.98596,2376,17,0
2022-09-07 15:00:00,0.98591,0.98644,0.98507,0.98511,1948,17,0
2022-09-07 15:30:00,0.9851,0.98591,0.98474,0.98507,2294,17,0
2022-09-07 16:00:00,0.98507,0.98606,0.98365,0.98371,2146,17,0
2022-09-07 16:30:00,0.98371,0.98373,0.98223,0.98339,2815,17,0
2022-09-07 17:00:00,0.98338,0.98429,0.98222,0.98234,2964,17,0
2022-09-07 17:30:00,0.98237,0.98237,0.98072,0.98179,3307,17,0
2022-09-07 18:00:00,0.98175,0.9821,0.98069,0.98082,1973,17,0
2022-09-07 18:30:00,0.98081,0.98111,0.98003,0.98075,1601,17,0
2022-09-07 19:00:00,0.98078,0.98097,0.98018,0.98034,876,17,0
2022-09-07 19:30:00,0.98035,0.98076,0.97933,0.97939,1505,17,0
2022-09-07 20:00:00,0.9794,0.9795,0.9774,0.97852,1874,17,0
2022-09-07 20:30:00,0.97852,0.97875,0.977,0.97708,1207,17,0
2022-09-07 21:00:00,0.97709,0.978,0.97704,0.97795,771,17,0
2022-09-07 21:30:00,0.97795,0.97858,0.97767,0.97843,744,17,0
2022-09-07 22:00:00,0.97843,0.97848,0.97708,0.97708,1115,17,0
2022-09-07 22:30:00,0.97709,0.9771,0.97601,0.97619,944,17,0
2022-09-07 23:00:00,0.97618,0.977,0.97618,0.97697,561,18,0
2022-09-07 23:30:00,0.97696,0.97696,0.976,0.97617,307,24,0
2022-09-08 00:00:00,0.97589,0.97618,0.97589,0.97618,20,121,0
2022-09-08 00:30:00,0.97608,0.9765,0.97608,0.97622,180,90,0
2022-09-08 01:00:00,0.97589,0.97646,0.97589,0.97636,735,23,0
2022-09-08 01:30:00,0.97636,0.97681,0.97618,0.97638,500,17,0
2022-09-08 02:00:00,0.97639,0.97727,0.97639,0.97723,343,18,0
2022-09-08 02:30:00,0.97723,0.97728,0.97661,0.97662,409,19,0
2022-09-08 03:00:00,0.97661,0.9776,0.97654,0.97755,822,18,0
2022-09-08 03:30:00,0.97754,0.97799,0.97746,0.97789,770,20,0
2022-09-08 04:00:00,0.97787,0.9781,0.97686,0.97694,885,18,0
2022-09-08 04:30:00,0.97695,0.97774,0.97694,0.97773,818,18,0
2022-09-08 05:00:00,0.97774,0.9778,0.97735,0.97759,741,17,0
2022-09-08 05:30:00,0.97761,0.97798,0.97738,0.97774,460,21,0
2022-09-08 06:00:00,0.9778,0.97811,0.97706,0.97719,985,20,0
2022-09-08 06:30:00,0.97728,0.97743,0.97691,0.97701,892,19,0
2022-09-08 07:00:00,0.97702,0.97723,0.97647,0.97706,537,20,0
2022-09-08 07:30:00,0.97708,0.97773,0.97708,0.97729,364,18,0
2022-09-08 08:00:00,0.97729,0.97743,0.97641,0.97657,395,17,0
2022-09-08 08:30:00,0.97658,0.977,0.97604,0.97608,1270,17,0
2022-09-08 09:00:00,0.97607,0.97622,0.97405,0.97544,1789,17,0
2022-09-08 09:30:00,0.97543,0.97671,0.97508,0.97604,1743,17,0
2022-09-08 10:00:00,0.97604,0.9764,0.97513,0.9758,2612,17,0
2022-09-08 10:30:00,0.9758,0.97686,0.97564,0.97652,2330,17,0
2022-09-08 11:00:00,0.97653,0.97702,0.97596,0.97671,2167,17,0
2022-09-08 11:30:00,0.97671,0.97676,0.97529,0.9754,2281,17,0
2022-09-08 12:00:00,0.97541,0.97567,0.97358,0.97473,1582,17,0
2022-09-08 12:30:00,0.97473,0.97524,0.97417,0.97435,1711,17,0
2022-09-08 13:00:00,0.97436,0.97473,0.97276,0.97326,1709,17,0
2022-09-08 13:30:00,0.97324,0.9735,0.97244,0.97301,2059,17,0
2022-09-08 14:00:00,0.97302,0.97386,0.97224,0.97264,1610,17,0
2022-09-08 14:30:00,0.97264,0.97266,0.97092,0.97241,2192,17,0
2022-09-08 15:00:00,0.97241,0.97456,0.97128,0.97307,4349,17,0
2022-09-08 15:30:00,0.97307,0.97411,0.97073,0.9727,5465,17,0
2022-09-08 16:00:00,0.97269,0.97576,0.97249,0.974,6598,17,0
2022-09-08 16:30:00,0.97399,0.97478,0.97077,0.97132,6739,17,0
2022-09-08 17:00:00,0.97134,0.9725,0.97101,0.97221,4594,17,0
2022-09-08 17:30:00,0.9722,0.9737,0.9719,0.97315,3966,17,0
2022-09-08 18:00:00,0.9732,0.97363,0.97188,0.97247,3334,17,0
2022-09-08 18:30:00,0.97256,0.97353,0.97218,0.97275,2178,17,0
2022-09-08 19:00:00,0.97274,0.97329,0.97116,0.97122,3357,17,0
2022-09-08 19:30:00,0.97123,0.97237,0.97103,0.97205,2330,17,0
2022-09-08 20:00:00,0.97205,0.97237,0.97059,0.97068,2022,17,0
2022-09-08 20:30:00,0.97069,0.97132,0.97056,0.97099,1258,17,0
2022-09-08 21:00:00,0.97101,0.97148,0.97079,0.97082,1001,17,0
2022-09-08 21:30:00,0.97082,0.97161,0.97058,0.97159,1149,17,0
2022-09-08 22:00:00,0.9716,0.9716,0.97056,0.97087,1019,17,0
2022-09-08 22:30:00,0.97087,0.97118,0.97061,0.97074,977,17,0
2022-09-08 23:00:00,0.97073,0.97086,0.97017,0.97037,559,23,0
2022-09-08 23:30:00,0.97041,0.97056,0.97006,0.97051,462,24,0
2022-09-09 00:00:00,0.97038,0.97038,0.97,0.97003,6,74,0
2022-09-09 00:30:00,0.96995,0.97016,0.96989,0.96992,341,89,0
2022-09-09 01:00:00,0.97017,0.9704,0.96951,0.9697,345,17,0
2022-09-09 01:30:00,0.96971,0.96986,0.9696,0.96964,308,24,0
2022-09-09 02:00:00,0.96964,0.96973,0.96927,0.96934,425,19,0
2022-09-09 02:30:00,0.96932,0.96932,0.9686,0.96864,608,17,0
2022-09-09 03:00:00,0.96862,0.96874,0.96738,0.96756,1401,17,0
2022-09-09 03:30:00,0.96758,0.96769,0.96648,0.96704,1780,17,0
2022-09-09 04:00:00,0.96705,0.96716,0.96636,0.96664,1197,18,0
2022-09-09 04:30:00,0.96667,0.96693,0.96622,0.96645,773,19,0
2022-09-09 05:00:00,0.96644,0.96664,0.96543,0.96573,929,17,0
2022-09-09 05:30:00,0.96572,0.96586,0.9653,0.96575,1050,18,0
2022-09-09 06:00:00,0.96575,0.96589,0.96437,0.96459,1308,17,0
2022-09-09 06:30:00,0.96457,0.96539,0.96456,0.965,1115,18,0
2022-09-09 07:00:00,0.96501,0.96523,0.96392,0.96425,1639,17,0
2022-09-09 07:30:00,0.96424,0.96453,0.96398,0.96434,1054,20,0
2022-09-09 08:00:00,0.96435,0.96499,0.96422,0.96473,772,17,0
2022-09-09 08:30:00,0.96474,0.96534,0.96449,0.96529,869,17,0
2022-09-09 09:00:00,0.9653,0.96539,0.96399,0.96421,1067,17,0
2022-09-09 09:30:00,0.96417,0.96442,0.96303,0.96313,1488,17,0
2022-09-09 10:00:00,0.96314,0.96345,0.95903,0.95932,3561,17,0
2022-09-09 10:30:00,0.95935,0.96076,0.95906,0.95943,2392,17,0
2022-09-09 11:00:00,0.95943,0.95964,0.95816,0.95863,2022,17,0
2022-09-09 11:30:00,0.95862,0.95881,0.95614,0.95695,2261,17,0
2022-09-09 12:00:00,0.95682,0.95807,0.95615,0.9565,2207,17,0
2022-09-09 12:30:00,0.9565,0.95737,0.95589,0.95593,1622,17,0
2022-09-09 13:00:00,0.95591,0.9571,0.95464,0.95698,2236,17,0
2022-09-09 13:30:00,0.95698,0.95989,0.95686,0.95927,2324,17,0
2022-09-09 14:00:00,0.95931,0.95995,0.95894,0.95975,2430,17,0
2022-09-09 14:30:00,0.95973,0.96208,0.95966,0.96205,2218,17,0
2022-09-09 15:00:00,0.96205,0.96262,0.96052,0.96123,2189,17,0
2022-09-09 15:30:00,0.96123,0.96136,0.95864,0.96,2693,17,0
2022-09-09 16:00:00,0.95999,0.96144,0.95924,0.96135,3105,17,0
2022-09-09 16:30:00,0.96134,0.9619,0.96046,0.96126,3877,17,0
2022-09-09 17:00:00,0.96127,0.96148,0.95907,0.96116,3221,17,0
2022-09-09 17:30:00,0.96115,0.96161,0.95948,0.96136,2545,17,0
2022-09-09 18:00:00,0.96136,0.96215,0.96067,0.96136,1629,17,0
2022-09-09 18:30:00,0.96136,0.96151,0.95992,0.96051,1428,17,0
2022-09-09 19:00:00,0.96051,0.96138,0.9603,0.9607,1369,17,0
2022-09-09 19:30:00,0.9607,0.96149,0.95978,0.95983,1202,17,0
2022-09-09 20:00:00,0.95982,0.96068,0.9598,0.96051,1231,17,0
2022-09-09 20:30:00,0.9605,0.96102,0.9601,0.96093,708,17,0
2022-09-09 21:00:00,0.96095,0.96141,0.96073,0.96078,633,19,0
2022-09-09 21:30:00,0.96077,0.96142,0.96062,0.96065,532,17,0
2022-09-09 22:00:00,0.96066,0.96092,0.96055,0.96063,513,17,0
2022-09-09 22:30:00,0.96062,0.96092,0.96029,0.96062,629,18,0
2022-09-09 23:00:00,0.96061,0.96097,0.96023,0.9609,513,22,0
2022-09-09 23:30:00,0.9609,0.9609,0.95949,0.95964,658,26,0
2022-09-12 00:00:00,0.95846,0.95884,0.95839,0.95854,17,71,0
2022-09-12 00:30:00,0.95859,0.95899,0.95832,0.95863,20,30,0
2022-09-12 01:00:00,0.95863,0.96074,0.95845,0.96043,1863,18,0
2022-09-12 01:30:00,0.96043,0.96084,0.95992,0.96046,771,17,0
2022-09-12 02:00:00,0.96047,0.96066,0.95949,0.95951,867,17,0
2022-09-12 02:30:00,0.95949,0.95996,0.9593,0.95964,1171,18,0
2022-09-12 03:00:00,0.95963,0.96029,0.95916,0.96,1877,20,0
2022-09-12 03:30:00,0.96,0.96007,0.95909,0.95939,1260,21,0
2022-09-12 04:00:00,0.95942,0.95948,0.95804,0.95835,1550,19,0
2022-09-12 04:30:00,0.95836,0.95858,0.95794,0.95824,1136,18,0
2022-09-12 05:00:00,0.95823,0.95845,0.9577,0.9581,738,17,0
2022-09-12 05:30:00,0.9581,0.95939,0.95809,0.95893,914,21,0
2022-09-12 06:00:00,0.95893,0.95945,0.95889,0.95943,624,19,0
2022-09-12 06:30:00,0.95943,0.95977,0.95938,0.95955,703,20,0
2022-09-12 07:00:00,0.95954,0.96037,0.95945,0.96033,910,19,0
2022-09-12 07:30:00,0.96033,0.96036,0.9598,0.96,939,18,0
2022-09-12 08:00:00,0.95998,0.96002,0.95899,0.95938,944,18,0
2022-09-12 08:30:00,0.95939,0.9601,0.9593,0.95965,1012,17,0
2022-09-12 09:00:00,0.95962,0.96072,0.95944,0.96019,2005,17,0
2022-09-12 09:30:00,0.9602,0.96031,0.957,0.9573,3006,17,0
2022-09-12 10:00:00,0.9573,0.95789,0.95491,0.9553,4614,17,0
2022-09-12 10:30:00,0.9553,0.95593,0.95447,0.9549,3035,17,0
2022-09-12 11:00:00,0.95489,0.95623,0.95439,0.95454,3400,17,0
2022-09-12 11:30:00,0.95454,0.95485,0.95315,0.95439,3011,17,0
2022-09-12 12:00:00,0.95439,0.95564,0.95404,0.95523,2843,17,0
2022-09-12 12:30:00,0.95523,0.95655,0.95488,0.95612,2306,17,0
2022-09-12 13:00:00,0.95613,0.95691,0.9553,0.95532,2233,17,0
2022-09-12 13:30:00,0.95532,0.95561,0.95324,0.95346,2537,17,0
2022-09-12 14:00:00,0.95343,0.95529,0.95316,0.95472,1998,17,0
2022-09-12 14:30:00,0.95477,0.95501,0.95324,0.95351,2702,17,0
2022-09-12 15:00:00,0.95351,0.95381,0.95126,0.95266,3613,17,0
2022-09-12 15:30:00,0.95265,0.95347,0.95236,0.95325,2885,17,0
2022-09-12 16:00:00,0.95324,0.95471,0.95319,0.95406,2919,17,0
2022-09-12 16:30:00,0.95409,0.95491,0.95301,0.95318,2884,17,0
2022-09-12 17:00:00,0.95316,0.9535,0.95189,0.9526,2812,17,0
2022-09-12 17:30:00,0.95257,0.95296,0.95112,0.95136,2668,17,0
2022-09-12 18:00:00,0.95136,0.95186,0.95092,0.95114,2013,17,0
2022-09-12 18:30:00,0.95115,0.95223,0.95112,0.95193,1625,17,0
2022-09-12 19:00:00,0.95192,0.95209,0.95129,0.95186,1717,17,0
2022-09-12 19:30:00,0.95185,0.95187,0.95083,0.95127,1363,17,0
2022-09-12 20:00:00,0.95125,0.95235,0.95107,0.9522,1140,17,0
2022-09-12 20:30:00,0.95219,0.95254,0.95199,0.95235,741,17,0
2022-09-12 21:00:00,0.95236,0.95447,0.95234,0.9544,1337,17,0
2022-09-12 21:30:00,0.95441,0.95449,0.95386,0.95388,788,17,0
2022-09-12 22:00:00,0.95389,0.95448,0.9537,0.95446,445,18,0
2022-09-12 22:30:00,0.95445,0.95448,0.9537,0.954,718,18,0
2022-09-12 23:00:00,0.954,0.95418,0.95381,0.95391,478,21,0
2022-09-12 23:30:00,0.95391,0.95398,0.95304,0.95304,686,24,0
2022-09-13 00:00:00,0.95325,0.95325,0.95253,0.95289,24,85,0
2022-09-13 00:30:00,0.95289,0.95341,0.95289,0.95321,432,63,0
2022-09-13 01:00:00,0.95318,0.95354,0.95302,0.95325,538,24,0
2022-09-13 01:30:00,0.95326,0.95356,0.95314,0.95353,286,25,0
2022-09-13 02:00:00,0.95353,0.95358,0.95315,0.95324,148,22,0
2022-09-13 02:30:00,0.95323,0.95325,0.95289,0.95289,176,17,0
2022-09-13 03:00:00,0.9529,0.95337,0.95193,0.95253,961,17,0
2022-09-13 03:30:00,0.95253,0.95266,0.95189,0.95205,654,17,0
2022-09-13 04:00:00,0.95207,0.95278,0.95182,0.95258,1114,17,0
2022-09-13 04:30:00,0.95258,0.95271,0.95181,0.95182,1359,17,0
2022-09-13 05:00:00,0.95184,0.95243,0.9518,0.95227,759,17,0
2022-09-13 05:30:00,0.95227,0.95243,0.95198,0.95204,477,17,0
2022-09-13 06:00:00,0.95204,0.95223,0.95162,0.95188,533,17,0
2022-09-13 06:30:00,0.9519,0.95249,0.95184,0.95193,328,17,0
2022-09-13 07:00:00,0.9519,0.95228,0.9519,0.95194,298,18,0
2022-09-13 07:30:00,0.95197,0.95235,0.95175,0.95204,368,17,0
2022-09-13 08:00:00,0.95206,0.95213,0.95097,0.95104,308,17,0
2022-09-13 08:30:00,0.95108,0.95141,0.95089,0.95106,944,17,0
2022-09-13 09:00:00,0.95106,0.95136,0.94973,0.95133,1699,17,0
2022-09-13 09:30:00,0.95132,0.95186,0.95068,0.95122,1373,17,0
2022-09-13 10:00:00,0.95121,0.95141,0.94976,0.94976,2290,17,0
2022-09-13 10:30:00,0.94975,0.95077,0.94965,0.9502,1690,17,0
2022-09-13 11:00:00,0.95019,0.95263,0.95008,0.95251,1515,17,0
2022-09-13 11:30:00,0.9525,0.9525,0.95053,0.95088,1289,17,0
2022-09-13 12:00:00,0.95088,0.95149,0.95018,0.95032,1724,17,0
2022-09-13 12:30:00,0.95031,0.95069,0.94969,0.9502,1502,17,0
2022-09-13 13:00:00,0.95018,0.95042,0.94934,0.94955,1518,17,0
2022-09-13 13:30:00,0.94956,0.94973,0.94836,0.94837,1453,17,0
2022-09-13 14:00:00,0.94836,0.94892,0.94786,0.9489,1475,17,0
2022-09-13 14:30:00,0.9489,0.95032,0.94829,0.95018,1551,17,0
2022-09-13 15:00:00,0.95018,0.95152,0.94965,0.95135,2111,17,0
2022-09-13 15:30:00,0.95136,0.96043,0.95124,0.96032,8992,17,0
2022-09-13 16:00:00,0.96031,0.96325,0.96031,0.96134,6152,17,0
2022-09-13 16:30:00,0.96135,0.96161,0.95893,0.95955,5212,17,0
2022-09-13 17:00:00,0.95955,0.96193,0.95915,0.96003,4849,17,0
2022-09-13 17:30:00,0.96003,0.96225,0.95983,0.96091,3049,17,0
2022-09-13 18:00:00,0.96089,0.96141,0.96012,0.9606,2193,17,0
2022-09-13 18:30:00,0.9606,0.96096,0.95992,0.96083,2069,17,0
2022-09-13 19:00:00,0.96083,0.9612,0.95974,0.96083,1747,17,0
2022-09-13 19:30:00,0.96084,0.96113,0.95941,0.95949,1460,17,0
2022-09-13 20:00:00,0.9595,0.95965,0.95807,0.95861,2007,17,0
2022-09-13 20:30:00,0.9586,0.96073,0.95859,0.96061,1612,17,0
2022-09-13 21:00:00,0.96062,0.96125,0.95984,0.9601,1479,17,0
2022-09-13 21:30:00,0.96008,0.96109,0.96004,0.96077,1266,17,0
2022-09-13 22:00:00,0.96076,0.96095,0.96047,0.96066,989,17,0
2022-09-13 22:30:00,0.96064,0.96159,0.96063,0.96146,764,17,0
2022-09-13 23:00:00,0.96146,0.96165,0.96113,0.96126,796,21,0
2022-09-13 23:30:00,0.96127,0.96185,0.96111,0.96159,538,23,0
2022-09-14 00:00:00,0.9611,0.96164,0.9611,0.96162,16,39,0
2022-09-14 00:30:00,0.96162,0.96174,0.9616,0.96174,30,49,0
2022-09-14 01:00:00,0.96165,0.96244,0.96056,0.96094,1016,24,0
2022-09-14 01:30:00,0.96095,0.96164,0.96095,0.96135,683,20,0
2022-09-14 02:00:00,0.96136,0.96172,0.96096,0.96102,679,19,0
2022-09-14 02:30:00,0.96103,0.96105,0.9603,0.96054,938,21,0
2022-09-14 03:00:00,0.96052,0.96146,0.96043,0.96051,1264,18,0
2022-09-14 03:30:00,0.96052,0.96132,0.96013,0.96061,1438,19,0
2022-09-14 04:00:00,0.96061,0.96158,0.96047,0.96085,1252,17,0
2022-09-14 04:30:00,0.96086,0.96149,0.96076,0.96118,1294,18,0
2022-09-14 05:00:00,0.96119,0.96119,0.9606,0.96105,776,18,0
2022-09-14 05:30:00,0.96111,0.96146,0.96103,0.96117,1126,19,0
2022-09-14 06:00:00,0.96116,0.96184,0.96104,0.96147,875,20,0
2022-09-14 06:30:00,0.96145,0.96175,0.96104,0.96151,851,20,0
2022-09-14 07:00:00,0.96152,0.96181,0.96141,0.96159,562,21,0
2022-09-14 07:30:00,0.96158,0.96159,0.95993,0.96085,1825,17,0
2022-09-14 08:00:00,0.96084,0.9609,0.95987,0.96015,1175,18,0
2022-09-14 08:30:00,0.96014,0.96132,0.96,0.96105,1084,20,0
2022-09-14 09:00:00,0.96105,0.96209,0.96034,0.96166,2243,17,0
2022-09-14 09:30:00,0.96164,0.96254,0.96094,0.96204,2217,17,0
2022-09-14 10:00:00,0.96204,0.96265,0.96055,0.96199,4113,17,0
2022-09-14 10:30:00,0.96201,0.96225,0.96011,0.9602,2882,17,0
2022-09-14 11:00:00,0.96021,0.9605,0.95882,0.96004,3708,17,0
2022-09-14 11:30:00,0.96003,0.96082,0.95921,0.96048,3246,17,0
2022-09-14 12:00:00,0.96048,0.96161,0.96048,0.96116,2572,17,0
2022-09-14 12:30:00,0.96116,0.96146,0.96022,0.96111,2074,17,0
2022-09-14 13:00:00,0.96109,0.96139,0.96021,0.96027,1522,17,0
2022-09-14 13:30:00,0.96027,0.96109,0.96,0.96065,1695,17,0
2022-09-14 14:00:00,0.96066,0.96124,0.96042,0.96099,1940,17,0
2022-09-14 14:30:00,0.96103,0.96271,0.96071,0.96145,2797,17,0
2022-09-14 15:00:00,0.96149,0.96252,0.96107,0.96212,2392,17,0
2022-09-14 15:30:00,0.96212,0.96302,0.96017,0.96073,4183,17,0
2022-09-14 16:00:00,0.96074,0.96168,0.9603,0.96167,2882,17,0
2022-09-14 16:30:00,0.96167,0.9621,0.96054,0.96156,3384,17,0
2022-09-14 17:00:00,0.96158,0.96227,0.96063,0.96196,2923,17,0
2022-09-14 17:30:00,0.96196,0.96199,0.95931,0.95996,4181,17,0
2022-09-14 18:00:00,0.95995,0.96094,0.95952,0.96091,2308,17,0
2022-09-14 18:30:00,0.96091,0.96135,0.96044,0.96117,1962,17,0
2022-09-14 19:00:00,0.96118,0.9614,0.96056,0.96081,1005,17,0
2022-09-14 19:30:00,0.96081,0.96131,0.96044,0.96122,964,17,0
2022-09-14 20:00:00,0.96122,0.96175,0.96114,0.96148,1546,17,0
2022-09-14 20:30:00,0.96148,0.96205,0.96112,0.96189,1337,17,0
2022-09-14 21:00:00,0.96189,0.96247,0.96184,0.96225,1107,17,0
2022-09-14 21:30:00,0.96224,0.96296,0.96208,0.9629,867,17,0
2022-09-14 22:00:00,0.96292,0.96343,0.9627,0.96335,768,17,0
2022-09-14 22:30:00,0.96335,0.96357,0.96258,0.96271,1098,17,0
2022-09-14 23:00:00,0.96273,0.96276,0.96227,0.96229,429,20,0
2022-09-14 23:30:00,0.96228,0.96246,0.9616,0.9616,517,24,0
2022-09-15 00:00:00,0.96108,0.96145,0.96108,0.96145,16,171,0
2022-09-15 00:30:00,0.9615,0.96224,0.9615,0.96195,160,66,0
2022-09-15 01:00:00,0.96189,0.96209,0.96175,0.96182,470,18,0
2022-09-15 01:30:00,0.96183,0.96204,0.96167,0.96187,173,21,0
2022-09-15 02:00:00,0.96189,0.96211,0.96168,0.96186,753,22,0
2022-09-15 02:30:00,0.96185,0.96207,0.96173,0.96206,605,20,0
2022-09-15 03:00:00,0.96205,0.96295,0.96202,0.96238,759,17,0
2022-09-15 03:30:00,0.96236,0.96285,0.96223,0.96236,677,18,0
2022-09-15 04:00:00,0.96238,0.96284,0.96213,0.96229,855,20,0
2022-09-15 04:30:00,0.96229,0.96248,0.96179,0.96181,1032,17,0
2022-09-15 05:00:00,0.96182,0.96324,0.96178,0.96284,588,21,0
2022-09-15 05:30:00,0.96285,0.96289,0.96264,0.96282,345,21,0
2022-09-15 06:00:00,0.96284,0.96342,0.96284,0.9629,323,21,0
2022-09-15 06:30:00,0.96293,0.96309,0.96256,0.96277,285,19,0
2022-09-15 07:00:00,0.96276,0.96294,0.96246,0.96273,245,21,0
2022-09-15 07:30:00,0.96272,0.9635,0.96261,0.96324,435,21,0
2022-09-15 08:00:00,0.96326,0.96391,0.96325,0.96385,935,21,0
2022-09-15 08:30:00,0.96385,0.9641,0.96334,0.96348,1035,18,0
2022-09-15 09:00:00,0.96349,0.96393,0.9627,0.96275,1181,17,0
2022-09-15 09:30:00,0.96274,0.96382,0.9627,0.96294,1197,17,0
2022-09-15 10:00:00,0.96302,0.96361,0.9623,0.96251,2011,17,0
2022-09-15 10:30:00,0.96252,0.96268,0.96209,0.96244,1195,17,0
2022-09-15 11:00:00,0.96243,0.96312,0.96221,0.9625,1354,17,0
2022-09-15 11:30:00,0.9625,0.96258,0.96045,0.96057,1668,17,0
2022-09-15 12:00:00,0.96056,0.96119,0.95839,0.95898,1783,17,0
2022-09-15 12:30:00,0.95897,0.959,0.95612,0.95706,1906,17,0
2022-09-15 13:00:00,0.95706,0.95851,0.95706,0.95736,1406,17,0
2022-09-15 13:30:00,0.95736,0.95782,0.95558,0.95565,2591,16,0
2022-09-15 14:00:00,0.95565,0.95647,0.95555,0.95615,1927,17,0
2022-09-15 14:30:00,0.95616,0.9577,0.95577,0.95757,1854,17,0
2022-09-15 15:00:00,0.95757,0.95901,0.95734,0.95837,1872,17,0
2022-09-15 15:30:00,0.95836,0.95908,0.95593,0.95671,4325,17,0
2022-09-15 16:00:00,0.95671,0.95855,0.95571,0.95822,3207,17,0
2022-09-15 16:30:00,0.95823,0.95867,0.95708,0.95729,3143,17,0
2022-09-15 17:00:00,0.95729,0.95975,0.95705,0.95973,2515,17,0
2022-09-15 17:30:00,0.95972,0.96118,0.95924,0.96063,2993,17,0
2022-09-15 18:00:00,0.96057,0.96067,0.95927,0.96011,2632,17,0
2022-09-15 18:30:00,0.96008,0.96082,0.95988,0.96072,1429,17,0
2022-09-15 19:00:00,0.96071,0.96158,0.96065,0.96122,1248,17,0
2022-09-15 19:30:00,0.96124,0.96138,0.96028,0.9603,728,17,0
2022-09-15 20:00:00,0.96029,0.96029,0.95902,0.95914,1604,17,0
2022-09-15 20:30:00,0.95916,0.96014,0.95909,0.95992,597,17,0
2022-09-15 21:00:00,0.95992,0.96047,0.95979,0.95991,913,17,0
2022-09-15 21:30:00,0.9599,0.9607,0.9597,0.96069,685,17,0
2022-09-15 22:00:00,0.9607,0.96126,0.96034,0.96091,830,17,0
2022-09-15 22:30:00,0.96091,0.96127,0.96086,0.9611,501,17,0
2022-09-15 23:00:00,0.9611,0.96129,0.9606,0.96128,537,20,0
2022-09-15 23:30:00,0.96129,0.96168,0.96107,0.96129,413,25,0
2022-09-16 00:00:00,0.96126,0.96126,0.96049,0.96056,14,88,0
2022-09-16 00:30:00,0.96071,0.96113,0.9602,0.96076,149,89,0
2022-09-16 01:00:00,0.96079,0.96161,0.96079,0.96145,248,20,0
2022-09-16 01:30:00,0.96145,0.96159,0.96119,0.96136,531,18,0
2022-09-16 02:00:00,0.96134,0.96185,0.96132,0.96181,1060,17,0
2022-09-16 02:30:00,0.9618,0.96202,0.96159,0.96177,270,18,0
2022-09-16 03:00:00,0.96177,0.96203,0.96085,0.96095,728,17,0
2022-09-16 03:30:00,0.96096,0.96112,0.96026,0.96064,866,17,0
2022-09-16 04:00:00,0.96066,0.96069,0.95993,0.96047,904,17,0
2022-09-16 04:30:00,0.96046,0.96123,0.96028,0.96112,1727,18,0
2022-09-16 05:00:00,0.96113,0.96197,0.96101,0.96192,646,20,0
2022-09-16 05:30:00,0.96191,0.96241,0.96156,0.96195,498,17,0
2022-09-16 06:00:00,0.96195,0.96202,0.96151,0.96151,492,19,0
2022-09-16 06:30:00,0.96152,0.96181,0.96127,0.96164,767,19,0
2022-09-16 07:00:00,0.96162,0.9618,0.96131,0.96157,772,19,0
2022-09-16 07:30:00,0.96162,0.96173,0.96134,0.96168,561,19,0
2022-09-16 08:00:00,0.96167,0.96253,0.96165,0.9622,794,20,0
2022-09-16 08:30:00,0.9622,0.96351,0.96219,0.9635,793,17,0
2022-09-16 09:00:00,0.9635,0.96407,0.96319,0.96407,1930,17,0
2022-09-16 09:30:00,0.96406,0.96446,0.96363,0.96422,2693,17,0
2022-09-16 10:00:00,0.96422,0.96427,0.96231,0.96302,2592,17,0
2022-09-16 10:30:00,0.96302,0.96517,0.96279,0.96385,3076,17,0
2022-09-16 11:00:00,0.96386,0.96453,0.96355,0.96394,2889,17,0
2022-09-16 11:30:00,0.96393,0.96454,0.96381,0.96431,2156,17,0
2022-09-16 12:00:00,0.9643,0.96455,0.96309,0.96357,2401,17,0
2022-09-16 12:30:00,0.96355,0.96371,0.96279,0.96302,2229,17,0
2022-09-16 13:00:00,0.96303,0.96337,0.96241,0.96263,1845,17,0
2022-09-16 13:30:00,0.96264,0.96264,0.96113,0.9615,1994,17,0
2022-09-16 14:00:00,0.9615,0.96182,0.96073,0.96082,1771,17,0
2022-09-16 14:30:00,0.96081,0.96197,0.96032,0.96186,2496,17,0
2022-09-16 15:00:00,0.96185,0.96271,0.96171,0.96225,2531,17,0
2022-09-16 15:30:00,0.96224,0.96332,0.96175,0.96329,2952,17,0
2022-09-16 16:00:00,0.96329,0.96359,0.96212,0.96225,3223,17,0
2022-09-16 16:30:00,0.96224,0.96429,0.96201,0.963,3399,17,0
2022-09-16 17:00:00,0.963,0.96343,0.96121,0.96179,4414,17,0
2022-09-16 17:30:00,0.96179,0.96284,0.96081,0.96214,4304,17,0
2022-09-16 18:00:00,0.96216,0.96379,0.96206,0.96379,2389,17,0
2022-09-16 18:30:00,0.96379,0.96536,0.96353,0.96465,2245,17,0
2022-09-16 19:00:00,0.96465,0.966,0.96398,0.96581,1274,17,0
2022-09-16 19:30:00,0.9658,0.96602,0.96485,0.9652,1080,17,0
2022-09-16 20:00:00,0.96519,0.96532,0.96442,0.96503,1093,17,0
2022-09-16 20:30:00,0.96502,0.96522,0.96467,0.96522,1300,17,0
2022-09-16 21:00:00,0.9652,0.96543,0.96464,0.96471,763,17,0
2022-09-16 21:30:00,0.96475,0.96504,0.96438,0.96494,774,17,0
2022-09-16 22:00:00,0.96492,0.96499,0.96422,0.96457,1001,17,0
2022-09-16 22:30:00,0.96457,0.96484,0.96417,0.96452,1151,17,0
2022-09-16 23:00:00,0.96452,0.96482,0.96424,0.96461,467,21,0
2022-09-16 23:30:00,0.96462,0.96469,0.96318,0.96431,727,25,0
2022-09-19 00:00:00,0.96296,0.96328,0.96296,0.96328,2,171,0
2022-09-19 00:30:00,0.96348,0.96352,0.96304,0.96352,10,171,0
2022-09-19 01:00:00,0.96423,0.96459,0.9639,0.96443,541,27,0
2022-09-19 01:30:00,0.96446,0.96455,0.96346,0.96373,529,17,0
2022-09-19 02:00:00,0.96371,0.9642,0.96361,0.9637,1688,17,0
2022-09-19 02:30:00,0.96372,0.96377,0.96266,0.96305,696,20,0
2022-09-19 03:00:00,0.96307,0.96353,0.96249,0.96351,1138,17,0
2022-09-19 03:30:00,0.9635,0.96432,0.96335,0.96421,525,17,0
2022-09-19 04:00:00,0.96421,0.9647,0.96389,0.96455,794,17,0
2022-09-19 04:30:00,0.96456,0.96496,0.96434,0.96477,491,17,0
2022-09-19 05:00:00,0.96474,0.96605,0.96474,0.96551,540,17,0
2022-09-19 05:30:00,0.96552,0.9659,0.96499,0.96501,421,17,0
2022-09-19 06:00:00,0.96503,0.96577,0.96503,0.96562,277,18,0
2022-09-19 06:30:00,0.96564,0.96603,0.96547,0.9657,329,18,0
2022-09-19 07:00:00,0.9657,0.96597,0.96552,0.96593,474,17,0
2022-09-19 07:30:00,0.96593,0.96627,0.96571,0.96613,870,17,0
2022-09-19 08:00:00,0.96613,0.96636,0.96604,0.96635,379,17,0
2022-09-19 08:30:00,0.96635,0.96775,0.96635,0.96743,566,17,0
2022-09-19 09:00:00,0.96742,0.96823,0.96724,0.96794,969,17,0
2022-09-19 09:30:00,0.96794,0.96819,0.96718,0.9678,890,18,0
2022-09-19 10:00:00,0.9678,0.96856,0.96751,0.96835,1495,17,0
2022-09-19 10:30:00,0.96835,0.96942,0.96793,0.96858,1737,17,0
2022-09-19 11:00:00,0.96857,0.96881,0.96696,0.96723,1468,17,0
2022-09-19 11:30:00,0.96723,0.96747,0.96662,0.9669,1971,17,0
2022-09-19 12:00:00,0.96696,0.96741,0.96618,0.96682,1047,17,0
2022-09-19 12:30:00,0.96682,0.96694,0.9662,0.96658,1301,17,0
2022-09-19 13:00:00,0.96657,0.96688,0.96614,0.9663,1296,17,0
2022-09-19 13:30:00,0.96628,0.96645,0.96483,0.96549,1701,17,0
2022-09-19 14:00:00,0.96546,0.96628,0.9646,0.96608,1473,17,0
2022-09-19 14:30:00,0.96606,0.96731,0.96572,0.96708,1990,17,0
2022-09-19 15:00:00,0.96708,0.9672,0.9662,0.96648,1938,17,0
2022-09-19 15:30:00,0.96649,0.96705,0.96606,0.96674,1672,17,0
2022-09-19 16:00:00,0.96671,0.9677,0.96562,0.96754,2261,17,0
2022-09-19 16:30:00,0.96753,0.96765,0.96595,0.96691,2687,17,0
2022-09-19 17:00:00,0.96692,0.96777,0.96643,0.96668,2397,17,0
2022-09-19 17:30:00,0.96672,0.967,0.96441,0.96478,2719,17,0
2022-09-19 18:00:00,0.96478,0.96552,0.96446,0.96542,1410,17,0
2022-09-19 18:30:00,0.96541,0.96623,0.96536,0.96623,1373,17,0
2022-09-19 19:00:00,0.96624,0.96628,0.96524,0.96535,1283,17,0
2022-09-19 19:30:00,0.96535,0.96566,0.96493,0.96516,534,17,0
2022-09-19 20:00:00,0.96517,0.96534,0.96479,0.96515,698,17,0
2022-09-19 20:30:00,0.96514,0.96579,0.96514,0.96555,911,18,0
2022-09-19 21:00:00,0.96557,0.966,0.96537,0.96579,692,17,0
2022-09-19 21:30:00,0.96578,0.96614,0.96544,0.96562,463,17,0
2022-09-19 22:00:00,0.96563,0.96563,0.9643,0.96455,991,17,0
2022-09-19 22:30:00,0.96454,0.9646,0.96418,0.96419,891,18,0
2022-09-19 23:00:00,0.96418,0.96471,0.96406,0.96443,493,19,0
2022-09-19 23:30:00,0.96442,0.96447,0.96386,0.9642,804,25,0
2022-09-20 00:00:00,0.9642,0.9642,0.96382,0.96382,7,94,0
2022-09-20 00:30:00,0.96385,0.96407,0.96379,0.96379,31,72,0
2022-09-20 01:00:00,0.96399,0.96427,0.96376,0.96398,407,17,0
2022-09-20 01:30:00,0.96399,0.96405,0.96391,0.96402,118,20,0
2022-09-20 02:00:00,0.96402,0.9644,0.96391,0.96408,424,20,0
2022-09-20 02:30:00,0.96409,0.96454,0.9639,0.9639,895,18,0
2022-09-20 03:00:00,0.9639,0.9639,0.96253,0.96341,1266,17,0
2022-09-20 03:30:00,0.96341,0.96457,0.96314,0.96426,1169,17,0
2022-09-20 04:00:00,0.96427,0.96477,0.9641,0.96456,956,17,0
2022-09-20 04:30:00,0.96458,0.96513,0.96453,0.96506,719,17,0
2022-09-20 05:00:00,0.96507,0.96523,0.96476,0.96486,520,17,0
2022-09-20 05:30:00,0.96485,0.96495,0.96396,0.96396,497,18,0
2022-09-20 06:00:00,0.96397,0.96446,0.96397,0.96412,568,17,0
2022-09-20 06:30:00,0.96413,0.96455,0.96401,0.96437,853,17,0
2022-09-20 07:00:00,0.96435,0.96514,0.96434,0.96498,652,18,0
2022-09-20 07:30:00,0.96499,0.96556,0.96499,0.96544,401,18,0
2022-09-20 08:00:00,0.96545,0.96603,0.96535,0.96551,547,17,0
2022-09-20 08:30:00,0.9655,0.96619,0.96514,0.96592,899,17,0
2022-09-20 09:00:00,0.96592,0.96599,0.96399,0.96409,1696,17,0
2022-09-20 09:30:00,0.96411,0.9647,0.96379,0.96458,2019,17,0
2022-09-20 10:00:00,0.96461,0.96478,0.96266,0.96354,3350,17,0
2022-09-20 10:30:00,0.96354,0.96445,0.96225,0.96233,3631,17,0
2022-09-20 11:00:00,0.96234,0.96585,0.96234,0.96532,2571,17,0
2022-09-20 11:30:00,0.96531,0.96629,0.96472,0.966,1940,17,0
2022-09-20 12:00:00,0.96598,0.96671,0.96576,0.96601,2894,17,0
2022-09-20 12:30:00,0.96601,0.9661,0.96522,0.96579,1843,17,0
2022-09-20 13:00:00,0.96578,0.96655,0.96499,0.96503,2111,17,0
2022-09-20 13:30:00,0.96503,0.96577,0.96502,0.96543,1587,17,0
2022-09-20 14:00:00,0.96542,0.96561,0.96481,0.9649,2002,17,0
2022-09-20 14:30:00,0.9649,0.96618,0.96487,0.96541,3140,17,0
2022-09-20 15:00:00,0.96538,0.96704,0.96526,0.9668,2377,17,0
2022-09-20 15:30:00,0.9668,0.96812,0.96671,0.96703,2974,17,0
2022-09-20 16:00:00,0.96704,0.96789,0.96643,0.96761,2813,17,0
2022-09-20 16:30:00,0.96762,0.96767,0.96626,0.96663,3443,17,0
2022-09-20 17:00:00,0.96664,0.96665,0.96534,0.96652,3553,17,0
2022-09-20 17:30:00,0.96652,0.96711,0.96414,0.9648,3785,17,0
2022-09-20 18:00:00,0.96479,0.96564,0.96407,0.9645,2062,17,0
2022-09-20 18:30:00,0.96451,0.96453,0.96264,0.9628,2250,17,0
2022-09-20 19:00:00,0.96281,0.96341,0.96263,0.96263,1085,17,0
2022-09-20 19:30:00,0.96263,0.96386,0.96253,0.96359,1137,17,0
2022-09-20 20:00:00,0.96359,0.96402,0.96284,0.96384,1155,17,0
2022-09-20 20:30:00,0.96384,0.96422,0.96372,0.96375,1310,17,0
2022-09-20 21:00:00,0.96376,0.96417,0.96333,0.96402,924,17,0
2022-09-20 21:30:00,0.96402,0.96441,0.96373,0.96402,902,17,0
2022-09-20 22:00:00,0.96404,0.96434,0.96367,0.96388,1398,17,0
2022-09-20 22:30:00,0.96387,0.96435,0.9636,0.964,1197,17,0
2022-09-20 23:00:00,0.964,0.9641,0.9635,0.96354,387,17,0
2022-09-20 23:30:00,0.96355,0.96414,0.96349,0.96395,760,23,0
2022-09-21 00:00:00,0.96402,0.96402,0.96288,0.96356,12,72,0
2022-09-21 00:30:00,0.96348,0.96373,0.96317,0.96317,25,76,0
2022-09-21 01:00:00,0.9634,0.9648,0.9634,0.96448,1054,17,0
2022-09-21 01:30:00,0.96447,0.96453,0.9639,0.96394,646,17,0
2022-09-21 02:00:00,0.96394,0.96394,0.96327,0.96354,528,17,0
2022-09-21 02:30:00,0.96353,0.96379,0.96323,0.96376,355,18,0
2022-09-21 03:00:00,0.96376,0.96403,0.96325,0.96359,908,17,0
2022-09-21 03:30:00,0.96357,0.96417,0.96306,0.96392,997,17,0
2022-09-21 04:00:00,0.9639,0.96422,0.96385,0.96399,689,18,0
2022-09-21 04:30:00,0.96399,0.9642,0.96378,0.96414,610,17,0
2022-09-21 05:00:00,0.96414,0.9642,0.96342,0.96348,408,17,0
2022-09-21 05:30:00,0.96347,0.96403,0.96346,0.964,394,17,0
2022-09-21 06:00:00,0.96399,0.96482,0.96376,0.96463,676,17,0
2022-09-21 06:30:00,0.96463,0.96471,0.96419,0.96438,779,19,0
2022-09-21 07:00:00,0.96437,0.96451,0.96421,0.96425,625,19,0
2022-09-21 07:30:00,0.96426,0.96494,0.96418,0.96482,615,18,0
2022-09-21 08:00:00,0.96481,0.96522,0.96461,0.96519,649,17,0
2022-09-21 08:30:00,0.96518,0.96534,0.96467,0.96484,1270,17,0
2022-09-21 09:00:00,0.9649,0.96502,0.96295,0.96297,2931,17,0
2022-09-21 09:30:00,0.96297,0.96584,0.96294,0.96494,4401,17,0
2022-09-21 10:00:00,0.96494,0.96655,0.96471,0.96636,4005,17,0
2022-09-21 10:30:00,0.96636,0.96779,0.96612,0.96758,2455,17,0
2022-09-21 11:00:00,0.96757,0.96824,0.96633,0.96703,1907,17,0
2022-09-21 11:30:00,0.96704,0.96704,0.964,0.96434,2882,17,0
2022-09-21 12:00:00,0.96435,0.96523,0.96382,0.96388,2318,17,0
2022-09-21 12:30:00,0.96389,0.96471,0.96282,0.96347,2365,17,0
2022-09-21 13:00:00,0.9635,0.96405,0.96341,0.96391,1666,17,0
2022-09-21 13:30:00,0.96391,0.9644,0.96349,0.96387,1337,17,0
2022-09-21 14:00:00,0.96388,0.96485,0.96345,0.96355,1620,17,0
2022-09-21 14:30:00,0.96356,0.96393,0.96236,0.96362,1879,17,0
2022-09-21 15:00:00,0.96364,0.96477,0.96332,0.9644,1843,17,0
2022-09-21 15:30:00,0.9644,0.96491,0.96294,0.96358,2298,17,0
2022-09-21 16:00:00,0.96358,0.96386,0.96258,0.96295,2276,17,0
2022-09-21 16:30:00,0.96294,0.96456,0.96292,0.96455,2884,17,0
2022-09-21 17:00:00,0.96454,0.96516,0.96339,0.96357,2937,17,0
2022-09-21 17:30:00,0.96355,0.96512,0.96355,0.96478,2980,17,0
2022-09-21 18:00:00,0.96477,0.96598,0.96475,0.96547,2760,17,0
2022-09-21 18:30:00,0.96546,0.96567,0.96486,0.96517,2055,17,0
2022-09-21 19:00:00,0.96518,0.96612,0.96518,0.96572,1876,17,0
2022-09-21 19:30:00,0.96572,0.96641,0.96552,0.96629,1742,17,0
2022-09-21 20:00:00,0.96627,0.96648,0.96589,0.96629,1064,17,0
2022-09-21 20:30:00,0.9663,0.96643,0.96451,0.96516,1312,17,0
2022-09-21 21:00:00,0.96517,0.96987,0.96517,0.96731,8294,17,0
2022-09-21 21:30:00,0.96733,0.96799,0.96192,0.96222,10469,17,0
2022-09-21 22:00:00,0.96222,0.96587,0.96198,0.96541,7228,17,0
2022-09-21 22:30:00,0.96543,0.96724,0.96475,0.96604,4452,17,0
2022-09-21 23:00:00,0.96605,0.96673,0.96568,0.96665,1719,20,0
2022-09-21 23:30:00,0.96664,0.967,0.96593,0.96595,1634,22,0
2022-09-22 00:00:00,0.96553,0.96615,0.96553,0.96564,20,58,0
2022-09-22 00:30:00,0.96566,0.96606,0.96558,0.96606,36,53,0
2022-09-22 01:00:00,0.96586,0.96627,0.96557,0.96581,1265,17,0
2022-09-22 01:30:00,0.96581,0.96643,0.96579,0.96636,738,17,0
2022-09-22 02:00:00,0.96633,0.96759,0.96625,0.96675,635,17,0
2022-09-22 02:30:00,0.96674,0.96796,0.9666,0.96774,784,17,0
2022-09-22 03:00:00,0.96773,0.96886,0.9676,0.96847,1539,17,0
2022-09-22 03:30:00,0.96847,0.96925,0.96835,0.96868,1727,17,0
2022-09-22 04:00:00,0.96868,0.96868,0.96666,0.96676,2051,17,0
2022-09-22 04:30:00,0.96673,0.96754,0.9666,0.96676,1328,18,0
2022-09-22 05:00:00,0.96677,0.96783,0.96673,0.96717,1110,17,0
2022-09-22 05:30:00,0.96716,0.96751,0.96381,0.96543,2714,17,0
2022-09-22 06:00:00,0.96544,0.96627,0.96511,0.96593,2115,17,0
2022-09-22 06:30:00,0.96593,0.9662,0.96524,0.96619,1460,17,0
2022-09-22 07:00:00,0.96619,0.96623,0.96524,0.96561,1189,17,0
2022-09-22 07:30:00,0.96564,0.96581,0.96527,0.96552,1018,17,0
2022-09-22 08:00:00,0.96554,0.96565,0.96507,0.96559,1373,17,0
2022-09-22 08:30:00,0.96559,0.96626,0.96511,0.96598,1581,17,0
2022-09-22 09:00:00,0.96597,0.9663,0.96533,0.96569,2998,17,0
2022-09-22 09:30:00,0.96569,0.96615,0.96387,0.96417,3791,17,0
2022-09-22 10:00:00,0.96418,0.96538,0.96205,0.96209,5115,17,0
2022-09-22 10:30:00,0.96212,0.97802,0.96212,0.97794,6821,16,0
2022-09-22 11:00:00,0.97795,0.97986,0.97586,0.9782,7051,17,0
2022-09-22 11:30:00,0.97828,0.97915,0.97146,0.97409,6639,17,0
2022-09-22 12:00:00,0.97406,0.97527,0.97236,0.97443,4358,16,0
2022-09-22 12:30:00,0.97442,0.97739,0.97397,0.97674,3889,16,0
2022-09-22 13:00:00,0.97674,0.98173,0.97644,0.9802,3687,16,0
2022-09-22 13:30:00,0.9802,0.98155,0.97896,0.98072,3351,17,0
2022-09-22 14:00:00,0.98074,0.98495,0.97928,0.9843,4996,16,0
2022-09-22 14:30:00,0.98431,0.98431,0.98098,0.98123,5371,17,0
2022-09-22 15:00:00,0.98123,0.98144,0.97739,0.97832,5065,17,0
2022-09-22 15:30:00,0.97833,0.98071,0.97548,0.97682,4649,17,0
2022-09-22 16:00:00,0.97682,0.97971,0.97614,0.97959,5149,17,0
2022-09-22 16:30:00,0.97959,0.9822,0.97884,0.98173,6021,17,0
2022-09-22 17:00:00,0.98173,0.98282,0.97949,0.9797,5025,17,0
2022-09-22 17:30:00,0.97972,0.98192,0.97968,0.98172,5629,17,0
2022-09-22 18:00:00,0.98172,0.9826,0.98137,0.98199,3277,17,0
2022-09-22 18:30:00,0.98198,0.98242,0.98015,0.98055,2844,17,0
2022-09-22 19:00:00,0.98055,0.98062,0.97971,0.97994,2761,17,0
2022-09-22 19:30:00,0.97994,0.98018,0.97892,0.97966,1985,17,0
2022-09-22 20:00:00,0.97966,0.97967,0.97833,0.97891,2010,17,0
2022-09-22 20:30:00,0.97892,0.97915,0.97811,0.97819,1395,18,0
2022-09-22 21:00:00,0.97818,0.979,0.9779,0.9779,1454,17,0
2022-09-22 21:30:00,0.97793,0.97922,0.97776,0.97906,2108,17,0
2022-09-22 22:00:00,0.97902,0.97906,0.97728,0.97728,1602,18,0
2022-09-22 22:30:00,0.9773,0.9773,0.97619,0.9767,994,17,0
2022-09-22 23:00:00,0.97672,0.97737,0.97648,0.97649,588,21,0
2022-09-22 23:30:00,0.97649,0.97707,0.97649,0.97661,539,23,0
2022-09-23 00:00:00,0.9762,0.97709,0.9762,0.97709,38,90,0
2022-09-23 00:30:00,0.97719,0.9772,0.97648,0.97648,7,79,0
2022-09-23 01:00:00,0.97703,0.97706,0.97591,0.97624,828,18,0
2022-09-23 01:30:00,0.97623,0.97661,0.97601,0.97649,606,20,0
2022-09-23 02:00:00,0.97647,0.97666,0.97617,0.97624,1158,17,0
2022-09-23 02:30:00,0.97624,0.97638,0.9756,0.9758,749,17,0
2022-09-23 03:00:00,0.9758,0.97697,0.97547,0.97685,619,17,0
2022-09-23 03:30:00,0.97685,0.97685,0.97581,0.97647,1251,17,0
2022-09-23 04:00:00,0.97646,0.97718,0.97602,0.97698,1472,17,0
2022-09-23 04:30:00,0.97699,0.9777,0.97686,0.97739,1039,17,0
2022-09-23 05:00:00,0.97739,0.97849,0.97739,0.97806,897,17,0
2022-09-23 05:30:00,0.97806,0.97856,0.97792,0.97807,1000,19,0
2022-09-23 06:00:00,0.97806,0.97832,0.97787,0.9783,979,17,0
2022-09-23 06:30:00,0.97832,0.97894,0.97828,0.97864,833,17,0
2022-09-23 07:00:00,0.97864,0.97887,0.97797,0.97797,1022,19,0
2022-09-23 07:30:00,0.97797,0.97827,0.97766,0.97822,865,17,0
2022-09-23 08:00:00,0.97823,0.97834,0.9778,0.97823,964,18,0
2022-09-23 08:30:00,0.97823,0.97858,0.97814,0.97858,791,17,0
2022-09-23 09:00:00,0.97857,0.97861,0.9771,0.97776,1348,17,0
2022-09-23 09:30:00,0.97777,0.97894,0.97751,0.97881,1754,17,0
2022-09-23 10:00:00,0.97881,0.9799,0.97838,0.97884,3853,17,0
2022-09-23 10:30:00,0.97879,0.9799,0.97871,0.97983,2510,17,0
2022-09-23 11:00:00,0.97984,0.9801,0.97944,0.98003,2224,17,0
2022-09-23 11:30:00,0.98003,0.98177,0.97984,0.98151,2749,17,0
2022-09-23 12:00:00,0.98153,0.98163,0.98037,0.98102,3357,17,0
2022-09-23 12:30:00,0.98102,0.98301,0.98018,0.98079,3920,17,0
2022-09-23 13:00:00,0.9808,0.98153,0.97997,0.98131,3532,17,0
2022-09-23 13:30:00,0.9813,0.98303,0.98071,0.98303,3708,17,0
2022-09-23 14:00:00,0.98304,0.9831,0.97967,0.9797,3735,17,0
2022-09-23 14:30:00,0.9797,0.98104,0.97939,0.98033,3247,17,0
2022-09-23 15:00:00,0.98033,0.98077,0.97841,0.97945,2978,17,0
2022-09-23 15:30:00,0.97943,0.98009,0.97869,0.97933,2947,17,0
2022-09-23 16:00:00,0.97932,0.97932,0.9758,0.97593,4058,17,0
2022-09-23 16:30:00,0.97591,0.97826,0.97549,0.97627,5734,17,0
2022-09-23 17:00:00,0.97628,0.97912,0.97606,0.97869,5252,17,0
2022-09-23 17:30:00,0.97869,0.98164,0.97862,0.98163,5087,17,0
2022-09-23 18:00:00,0.98162,0.98202,0.98067,0.9807,3017,17,0
2022-09-23 18:30:00,0.98077,0.9816,0.97954,0.98155,2101,17,0
2022-09-23 19:00:00,0.98157,0.98159,0.97916,0.98047,2254,17,0
2022-09-23 19:30:00,0.98048,0.98093,0.97912,0.98047,2526,17,0
2022-09-23 20:00:00,0.98046,0.98112,0.97998,0.9811,1818,17,0
2022-09-23 20:30:00,0.98108,0.98285,0.98098,0.98271,1786,17,0
2022-09-23 21:00:00,0.9827,0.98315,0.98209,0.98235,2595,17,0
2022-09-23 21:30:00,0.98234,0.9839,0.98234,0.98319,2089,17,0
2022-09-23 22:00:00,0.98321,0.98321,0.98176,0.98181,1795,17,0
2022-09-23 22:30:00,0.98181,0.98205,0.98103,0.98174,1930,17,0
2022-09-23 23:00:00,0.98176,0.98229,0.981,0.98101,1361,19,0
2022-09-23 23:30:00,0.981,0.98175,0.98058,0.9807,1962,22,0
2022-09-26 00:00:00,0.98215,0.98215,0.98156,0.98156,6,168,0
2022-09-26 00:30:00,0.98148,0.98148,0.98148,0.98148,1,171,0
2022-09-26 01:00:00,0.98204,0.9831,0.97909,0.97993,1326,39,0
2022-09-26 01:30:00,0.97994,0.9823,0.97992,0.98181,1508,17,0
2022-09-26 02:00:00,0.98182,0.98216,0.98147,0.98192,2201,17,0
2022-09-26 02:30:00,0.98193,0.98276,0.98163,0.98238,2091,17,0
2022-09-26 03:00:00,0.98239,0.9835,0.98203,0.98305,2572,17,0
2022-09-26 03:30:00,0.98305,0.98488,0.98276,0.98443,3245,17,0
2022-09-26 04:00:00,0.98443,0.98477,0.98204,0.98295,5668,17,0
2022-09-26 04:30:00,0.98296,0.983,0.98129,0.98219,3316,17,0
2022-09-26 05:00:00,0.98214,0.98333,0.98156,0.98246,3179,17,0
2022-09-26 05:30:00,0.9825,0.98359,0.98239,0.98311,2211,17,0
2022-09-26 06:00:00,0.98311,0.98465,0.98311,0.98442,1843,17,0
2022-09-26 06:30:00,0.98442,0.9849,0.98422,0.98489,1854,17,0
2022-09-26 07:00:00,0.98489,0.98491,0.98435,0.98442,1513,17,0
2022-09-26 07:30:00,0.98441,0.98495,0.98431,0.98477,1569,17,0
2022-09-26 08:00:00,0.98477,0.98498,0.9845,0.98482,1229,17,0
2022-09-26 08:30:00,0.98482,0.98488,0.98373,0.98416,2356,17,0
2022-09-26 09:00:00,0.98417,0.9862,0.98375,0.98607,3826,17,0
2022-09-26 09:30:00,0.98607,0.98727,0.9859,0.98656,3954,17,0
2022-09-26 10:00:00,0.98658,0.98666,0.9803,0.98118,5667,17,0
2022-09-26 10:30:00,0.98119,0.98331,0.98075,0.98262,5204,17,0
2022-09-26 11:00:00,0.98257,0.9848,0.98247,0.98474,4413,17,0
2022-09-26 11:30:00,0.98479,0.98576,0.98392,0.98512,3300,17,0
2022-09-26 12:00:00,0.98513,0.98586,0.9846,0.98582,2428,17,0
2022-09-26 12:30:00,0.98577,0.98861,0.98532,0.98856,3117,17,0
2022-09-26 13:00:00,0.98855,0.99146,0.98839,0.99015,3775,17,0
2022-09-26 13:30:00,0.99012,0.9905,0.98958,0.9903,3078,17,0
2022-09-26 14:00:00,0.9903,0.99235,0.98998,0.99221,3682,17,0
2022-09-26 14:30:00,0.99221,0.99221,0.98961,0.98995,2928,17,0
2022-09-26 15:00:00,0.98995,0.99127,0.98932,0.99029,4913,17,0
2022-09-26 15:30:00,0.99031,0.99033,0.98581,0.98685,4791,17,0
2022-09-26 16:00:00,0.98685,0.98894,0.98594,0.98837,3645,17,0
2022-09-26 16:30:00,0.98837,0.98855,0.98525,0.98612,3700,17,0
2022-09-26 17:00:00,0.98612,0.98846,0.98604,0.98829,5453,17,0
2022-09-26 17:30:00,0.9883,0.99136,0.98784,0.99094,4712,17,0
2022-09-26 18:00:00,0.9909,0.99163,0.98912,0.99131,5223,17,0
2022-09-26 18:30:00,0.99133,0.99328,0.99066,0.99245,6291,17,0
2022-09-26 19:00:00,0.99244,0.99503,0.9922,0.99474,3685,17,0
2022-09-26 19:30:00,0.99474,0.99574,0.99407,0.99467,2949,17,0
2022-09-26 20:00:00,0.99472,0.99594,0.99457,0.9953,2559,17,0
2022-09-26 20:30:00,0.99531,0.9964,0.99491,0.99631,2263,17,0
2022-09-26 21:00:00,0.99631,0.99635,0.99527,0.99626,2099,17,0
2022-09-26 21:30:00,0.9963,0.99645,0.99399,0.99481,2188,17,0
2022-09-26 22:00:00,0.99478,0.99478,0.99329,0.99342,2321,17,0
2022-09-26 22:30:00,0.99343,0.99448,0.99207,0.99297,2744,17,0
2022-09-26 23:00:00,0.99295,0.99329,0.99226,0.99255,1642,20,0
2022-09-26 23:30:00,0.99256,0.99312,0.99244,0.99301,1381,24,0
2022-09-27 00:00:00,0.99322,0.99322,0.99322,0.99322,1,171,0
2022-09-27 00:30:00,0.9929,0.99379,0.99289,0.99379,16,96,0
2022-09-27 01:00:00,0.99288,0.99414,0.99248,0.99382,1222,21,0
2022-09-27 01:30:00,0.99388,0.99388,0.99274,0.99325,2110,27,0
2022-09-27 02:00:00,0.99325,0.99345,0.9928,0.99294,1269,21,0
2022-09-27 02:30:00,0.99295,0.99307,0.99199,0.99218,2003,20,0
2022-09-27 03:00:00,0.99217,0.99229,0.99117,0.99132,1965,17,0
2022-09-27 03:30:00,0.99132,0.99183,0.99068,0.99086,1802,17,0
2022-09-27 04:00:00,0.99086,0.99167,0.99063,0.99147,1836,17,0
2022-09-27 04:30:00,0.99144,0.99243,0.99081,0.99242,1662,17,0
2022-09-27 05:00:00,0.99242,0.99282,0.99192,0.9924,1653,17,0
2022-09-27 05:30:00,0.9924,0.99264,0.99203,0.99225,1251,17,0
2022-09-27 06:00:00,0.99224,0.99246,0.9915,0.99154,1266,17,0
2022-09-27 06:30:00,0.99155,0.99168,0.99079,0.99109,1903,17,0
2022-09-27 07:00:00,0.9911,0.99129,0.9908,0.99103,1565,17,0
2022-09-27 07:30:00,0.99104,0.99147,0.9909,0.99145,1233,19,0
2022-09-27 08:00:00,0.99144,0.99178,0.99094,0.99094,1389,18,0
2022-09-27 08:30:00,0.99093,0.99115,0.98898,0.98941,2190,18,0
2022-09-27 09:00:00,0.98941,0.98986,0.98721,0.98721,3106,17,0
2022-09-27 09:30:00,0.98721,0.98941,0.987,0.98856,3839,17,0
2022-09-27 10:00:00,0.98859,0.98883,0.98677,0.98743,4721,17,0
2022-09-27 10:30:00,0.98743,0.98954,0.98714,0.98908,3709,17,0
2022-09-27 11:00:00,0.98907,0.99073,0.98903,0.98917,3198,17,0
2022-09-27 11:30:00,0.98918,0.99036,0.98659,0.98667,2864,17,0
2022-09-27 12:00:00,0.98669,0.98986,0.98575,0.98978,3557,17,0
2022-09-27 12:30:00,0.98979,0.99051,0.98837,0.9897,2365,17,0
2022-09-27 13:00:00,0.98969,0.9897,0.98726,0.98764,2487,17,0
2022-09-27 13:30:00,0.98762,0.98784,0.98628,0.98687,2511,17,0
2022-09-27 14:00:00,0.98686,0.98793,0.98607,0.98637,2420,17,0
2022-09-27 14:30:00,0.98632,0.98649,0.98479,0.98649,2360,17,0
2022-09-27 15:00:00,0.98653,0.98669,0.9849,0.98653,3020,17,0
2022-09-27 15:30:00,0.98663,0.98903,0.98623,0.98903,4394,17,0
2022-09-27 16:00:00,0.98903,0.98947,0.98755,0.98804,4264,17,0
2022-09-27 16:30:00,0.98805,0.98837,0.98649,0.98807,5538,17,0
2022-09-27 17:00:00,0.98808,0.9907,0.98808,0.99065,5628,17,0
2022-09-27 17:30:00,0.99065,0.99077,0.98889,0.98955,5601,17,0
2022-09-27 18:00:00,0.98957,0.9907,0.98921,0.9904,3417,17,0
2022-09-27 18:30:00,0.99039,0.99041,0.98827,0.98959,2491,17,0
2022-09-27 19:00:00,0.98956,0.99092,0.98924,0.99083,2440,17,0
2022-09-27 19:30:00,0.99084,0.99143,0.99027,0.99041,2956,17,0
2022-09-27 20:00:00,0.99042,0.99156,0.99026,0.9913,2994,17,0
2022-09-27 20:30:00,0.9913,0.99211,0.9912,0.99176,1379,18,0
2022-09-27 21:00:00,0.99175,0.99205,0.99136,0.99181,961,18,0
2022-09-27 21:30:00,0.99182,0.99196,0.99085,0.99105,1571,17,0
2022-09-27 22:00:00,0.99105,0.99189,0.99104,0.99162,1797,17,0
2022-09-27 22:30:00,0.99162,0.9923,0.9916,0.99204,1707,17,0
2022-09-27 23:00:00,0.99201,0.99226,0.9915,0.99189,615,21,0
2022-09-27 23:30:00,0.99188,0.99204,0.99114,0.99114,607,22,0
2022-09-28 00:30:00,0.99008,0.99102,0.99008,0.99102,7,138,0
2022-09-28 01:00:00,0.99129,0.99209,0.99125,0.99187,896,23,0
2022-09-28 01:30:00,0.99187,0.99208,0.99175,0.99199,361,17,0
2022-09-28 02:00:00,0.99199,0.99223,0.9919,0.99219,423,20,0
2022-09-28 02:30:00,0.99222,0.99222,0.99146,0.99165,885,17,0
2022-09-28 03:00:00,0.99165,0.99237,0.99109,0.99229,1399,17,0
2022-09-28 03:30:00,0.99227,0.9935,0.99196,0.9934,2763,17,0
2022-09-28 04:00:00,0.9934,0.99429,0.99301,0.99427,2603,17,0
2022-09-28 04:30:00,0.99426,0.99438,0.99343,0.99385,2749,17,0
2022-09-28 05:00:00,0.99387,0.99491,0.99364,0.99481,2327,17,0
2022-09-28 05:30:00,0.99481,0.99505,0.99455,0.99466,2012,17,0
2022-09-28 06:00:00,0.99466,0.99469,0.99404,0.99428,1520,17,0
2022-09-28 06:30:00,0.99428,0.99479,0.99422,0.99462,1225,17,0
2022-09-28 07:00:00,0.99462,0.99507,0.99454,0.9948,1463,17,0
2022-09-28 07:30:00,0.9948,0.99526,0.99432,0.99491,1320,17,0
2022-09-28 08:00:00,0.99491,0.99531,0.99465,0.99477,1793,17,0
2022-09-28 08:30:00,0.99477,0.9952,0.99445,0.99493,1738,17,0
2022-09-28 09:00:00,0.99492,0.9954,0.99395,0.99538,3092,17,0
2022-09-28 09:30:00,0.99538,0.99648,0.99475,0.99626,2463,17,0
2022-09-28 10:00:00,0.99625,0.99625,0.99281,0.99381,4413,17,0
2022-09-28 10:30:00,0.99381,0.99418,0.99043,0.99099,4643,17,0
2022-09-28 11:00:00,0.99095,0.99134,0.98995,0.99104,3742,17,0
2022-09-28 11:30:00,0.99103,0.99395,0.99035,0.99333,3673,17,0
2022-09-28 12:00:00,0.99333,0.99404,0.99297,0.99333,3992,17,0
2022-09-28 12:30:00,0.99333,0.99377,0.99223,0.99263,3541,17,0
2022-09-28 13:00:00,0.99263,0.99263,0.98896,0.98915,7816,16,0
2022-09-28 13:30:00,0.98914,0.98969,0.98755,0.98948,5545,17,0
2022-09-28 14:00:00,0.98948,0.99038,0.98826,0.98873,5055,17,0
2022-09-28 14:30:00,0.98874,0.99007,0.98755,0.98767,4867,17,0
2022-09-28 15:00:00,0.98767,0.98767,0.98465,0.98593,6550,17,0
2022-09-28 15:30:00,0.98595,0.98674,0.98384,0.98612,4918,17,0
2022-09-28 16:00:00,0.98616,0.98717,0.98481,0.98613,5720,17,0
2022-09-28 16:30:00,0.98614,0.98698,0.98262,0.98489,6002,17,0
2022-09-28 17:00:00,0.98487,0.98601,0.98153,0.98173,6700,17,0
2022-09-28 17:30:00,0.9817,0.98228,0.98084,0.98113,6247,17,0
2022-09-28 18:00:00,0.98119,0.98159,0.97893,0.9799,4802,17,0
2022-09-28 18:30:00,0.97987,0.9802,0.97519,0.97571,4161,17,0
2022-09-28 19:00:00,0.97568,0.97841,0.97447,0.97839,4017,17,0
2022-09-28 19:30:00,0.97837,0.97887,0.97644,0.9766,2160,17,0
2022-09-28 20:00:00,0.97662,0.97718,0.97531,0.97586,3692,17,0
2022-09-28 20:30:00,0.97586,0.97691,0.97574,0.97668,2526,17,0
2022-09-28 21:00:00,0.97669,0.97736,0.97658,0.97682,1186,19,0
2022-09-28 21:30:00,0.97681,0.97703,0.97493,0.97552,2001,17,0
2022-09-28 22:00:00,0.97554,0.97706,0.97529,0.97701,2449,17,0
2022-09-28 22:30:00,0.97702,0.97713,0.97567,0.97605,1343,17,0
2022-09-28 23:00:00,0.97607,0.97637,0.97559,0.97597,859,17,0
2022-09-28 23:30:00,0.97598,0.97606,0.97555,0.97574,1231,22,0
2022-09-29 00:00:00,0.97563,0.97563,0.97563,0.97563,1,143,0
2022-09-29 00:30:00,0.97465,0.9755,0.97465,0.9755,9,93,0
2022-09-29 01:00:00,0.97592,0.97643,0.97513,0.97638,715,17,0
2022-09-29 01:30:00,0.97636,0.97699,0.97633,0.97699,2203,17,0
2022-09-29 02:00:00,0.97698,0.97718,0.97652,0.97678,2407,17,0
2022-09-29 02:30:00,0.97677,0.97776,0.97668,0.97775,2382,17,0
2022-09-29 03:00:00,0.97775,0.97795,0.977,0.97734,3818,17,0
2022-09-29 03:30:00,0.97734,0.97798,0.97721,0.97792,2428,17,0
2022-09-29 04:00:00,0.97792,0.97801,0.97694,0.97721,1706,17,0
2022-09-29 04:30:00,0.97721,0.97831,0.97706,0.97802,1827,17,0
2022-09-29 05:00:00,0.97805,0.9792,0.97796,0.9791,1412,17,0
2022-09-29 05:30:00,0.9791,0.97941,0.97841,0.97885,1051,17,0
2022-09-29 06:00:00,0.97884,0.97955,0.97867,0.97943,897,17,0
2022-09-29 06:30:00,0.97944,0.97965,0.9789,0.97928,1099,17,0
2022-09-29 07:00:00,0.97928,0.97955,0.97893,0.9791,959,17,0
2022-09-29 07:30:00,0.9791,0.97942,0.97881,0.97919,1113,17,0
2022-09-29 08:00:00,0.97918,0.97974,0.97899,0.9795,1127,17,0
2022-09-29 08:30:00,0.97953,0.98182,0.97946,0.98128,2460,17,0
2022-09-29 09:00:00,0.9813,0.98191,0.98058,0.9813,2803,17,0
2022-09-29 09:30:00,0.98129,0.98135,0.97955,0.98134,2946,17,0
2022-09-29 10:00:00,0.98133,0.98419,0.98123,0.98355,4837,17,0
2022-09-29 10:30:00,0.98356,0.9855,0.98356,0.98437,4516,17,0
2022-09-29 11:00:00,0.98433,0.98481,0.98278,0.98416,3691,17,0
2022-09-29 11:30:00,0.98416,0.98452,0.98249,0.98282,3670,17,0
2022-09-29 12:00:00,0.9828,0.98302,0.98145,0.9818,3822,17,0
2022-09-29 12:30:00,0.98179,0.98218,0.97958,0.98057,4377,17,0
2022-09-29 13:00:00,0.98056,0.98163,0.98052,0.98127,3294,17,0
2022-09-29 13:30:00,0.98129,0.98161,0.97858,0.97863,3130,17,0
2022-09-29 14:00:00,0.97863,0.97938,0.97807,0.97921,2634,17,0
2022-09-29 14:30:00,0.9792,0.98045,0.97858,0.98038,3859,17,0
2022-09-29 15:00:00,0.98037,0.98327,0.98018,0.98026,3931,17,0
2022-09-29 15:30:00,0.98025,0.9843,0.98021,0.98418,5953,16,0
2022-09-29 16:00:00,0.98417,0.98544,0.97946,0.97967,5077,17,0
2022-09-29 16:30:00,0.97967,0.98224,0.97945,0.98163,5755,17,0
2022-09-29 17:00:00,0.98164,0.98276,0.98023,0.9812,5436,17,0
2022-09-29 17:30:00,0.98125,0.98389,0.98018,0.98088,5186,17,0
2022-09-29 18:00:00,0.98088,0.98135,0.97828,0.97976,4717,17,0
2022-09-29 18:30:00,0.97977,0.97991,0.97827,0.97971,4103,17,0
2022-09-29 19:00:00,0.97972,0.98003,0.97832,0.97927,3513,17,0
2022-09-29 19:30:00,0.97926,0.98055,0.97846,0.98044,1905,17,0
2022-09-29 20:00:00,0.98045,0.98099,0.97872,0.97948,1283,17,0
2022-09-29 20:30:00,0.97948,0.97959,0.97868,0.97903,1465,17,0
2022-09-29 21:00:00,0.97903,0.97982,0.97864,0.9788,1367,17,0
2022-09-29 21:30:00,0.97878,0.97905,0.97761,0.97793,1656,17,0
2022-09-29 22:00:00,0.97793,0.97817,0.97719,0.97745,1808,17,0
2022-09-29 22:30:00,0.97746,0.97757,0.97662,0.97691,1642,17,0
2022-09-29 23:00:00,0.97693,0.97723,0.97634,0.97642,991,22,0
2022-09-29 23:30:00,0.97642,0.97675,0.97499,0.97521,1094,23,0
2022-09-30 00:00:00,0.9743,0.97436,0.9743,0.97436,2,171,0
2022-09-30 00:30:00,0.97464,0.97528,0.9743,0.97436,9,84,0
2022-09-30 01:00:00,0.97455,0.97529,0.97369,0.97495,1324,17,0
2022-09-30 01:30:00,0.97493,0.97546,0.97487,0.9754,2497,17,0
2022-09-30 02:00:00,0.9754,0.97582,0.97502,0.97514,1008,18,0
2022-09-30 02:30:00,0.97515,0.97515,0.97389,0.97491,1486,17,0
2022-09-30 03:00:00,0.97488,0.97545,0.97478,0.97524,1596,17,0
2022-09-30 03:30:00,0.97523,0.97567,0.9739,0.97448,1432,17,0
2022-09-30 04:00:00,0.97449,0.97479,0.9739,0.97432,1352,17,0
2022-09-30 04:30:00,0.97434,0.97522,0.97396,0.97519,1655,17,0
2022-09-30 05:00:00,0.97519,0.97628,0.97512,0.97593,1679,18,0
2022-09-30 05:30:00,0.97589,0.97606,0.97521,0.9757,1590,18,0
2022-09-30 06:00:00,0.9757,0.97618,0.97544,0.97616,1052,19,0
2022-09-30 06:30:00,0.97618,0.97635,0.97592,0.97626,1553,17,0
2022-09-30 07:00:00,0.97624,0.97648,0.97581,0.97602,922,19,0
2022-09-30 07:30:00,0.976,0.97639,0.97552,0.97635,1096,17,0
2022-09-30 08:00:00,0.97635,0.97639,0.97537,0.9756,2157,17,0
2022-09-30 08:30:00,0.97559,0.97601,0.97511,0.97519,2186,17,0
2022-09-30 09:00:00,0.97519,0.97694,0.97421,0.97662,3146,17,0
2022-09-30 09:30:00,0.9766,0.978,0.9766,0.97754,3427,17,0
2022-09-30 10:00:00,0.97754,0.97754,0.97506,0.97689,5463,17,0
2022-09-30 10:30:00,0.9769,0.97893,0.97617,0.97634,4178,17,0
2022-09-30 11:00:00,0.97634,0.97728,0.97548,0.97629,4488,17,0
2022-09-30 11:30:00,0.97627,0.9768,0.97533,0.97635,4619,17,0
2022-09-30 12:00:00,0.97618,0.97678,0.97521,0.97662,3791,17,0
2022-09-30 12:30:00,0.97662,0.97759,0.97637,0.97759,3089,17,0
2022-09-30 13:00:00,0.97759,0.97936,0.9772,0.97933,3391,17,0
2022-09-30 13:30:00,0.97932,0.97974,0.9782,0.9794,3980,17,0
2022-09-30 14:00:00,0.9794,0.98109,0.97937,0.98056,3979,17,0
2022-09-30 14:30:00,0.98055,0.98163,0.98023,0.98071,3965,17,0
2022-09-30 15:00:00,0.98072,0.98135,0.97862,0.97905,4397,17,0
2022-09-30 15:30:00,0.97916,0.98143,0.97799,0.97946,5866,17,0
2022-09-30 16:00:00,0.97946,0.98191,0.97912,0.98161,4532,17,0
2022-09-30 16:30:00,0.98159,0.98164,0.97782,0.97782,5609,17,0
2022-09-30 17:00:00,0.97784,0.98057,0.97764,0.97886,4713,17,0
2022-09-30 17:30:00,0.97887,0.9844,0.97887,0.984,6340,17,0
2022-09-30 18:00:00,0.98406,0.98524,0.97987,0.98136,5325,17,0
2022-09-30 18:30:00,0.98136,0.98454,0.9812,0.98448,3260,17,0
2022-09-30 19:00:00,0.98448,0.98672,0.98435,0.98522,2983,17,0
2022-09-30 19:30:00,0.98524,0.98553,0.98363,0.98363,2542,17,0
2022-09-30 20:00:00,0.98363,0.98495,0.98357,0.98465,1747,17,0
2022-09-30 20:30:00,0.98465,0.98589,0.98448,0.98494,2080,17,0
2022-09-30 21:00:00,0.98493,0.98552,0.98464,0.98464,1147,17,0
2022-09-30 21:30:00,0.98465,0.98635,0.98445,0.98631,2031,17,0
2022-09-30 22:00:00,0.9863,0.98665,0.98568,0.98628,2248,17,0
2022-09-30 22:30:00,0.98629,0.98761,0.98602,0.98648,2797,17,0
2022-09-30 23:00:00,0.9865,0.98702,0.98558,0.98569,1157,17,0
2022-09-30 23:30:00,0.98568,0.98734,0.98568,0.9866,1628,22,0
2022-10-03 00:00:00,0.98404,0.98608,0.98396,0.98608,5,171,0
2022-10-03 00:30:00,0.98622,0.98622,0.98598,0.98608,4,171,0
2022-10-03 01:00:00,0.98629,0.98713,0.98464,0.98511,880,23,0
2022-10-03 01:30:00,0.98516,0.98541,0.98486,0.98505,1301,17,0
2022-10-03 02:00:00,0.98504,0.98588,0.98498,0.98554,1893,17,0
2022-10-03 02:30:00,0.98554,0.98601,0.98518,0.98547,2191,17,0
2022-10-03 03:00:00,0.98546,0.98677,0.98526,0.98603,2276,17,0
2022-10-03 03:30:00,0.98603,0.98636,0.98568,0.98576,1972,17,0
2022-10-03 04:00:00,0.98575,0.98583,0.98455,0.98464,1684,17,0
2022-10-03 04:30:00,0.98464,0.98488,0.9839,0.98394,1648,17,0
2022-10-03 05:00:00,0.98395,0.98437,0.98338,0.98428,1160,17,0
2022-10-03 05:30:00,0.98427,0.98505,0.98411,0.98505,1249,17,0
2022-10-03 06:00:00,0.98504,0.98512,0.98456,0.98492,996,17,0
2022-10-03 06:30:00,0.98492,0.98526,0.98476,0.98521,1062,17,0
2022-10-03 07:00:00,0.98521,0.98635,0.98513,0.98545,2465,17,0
2022-10-03 07:30:00,0.98545,0.98657,0.98529,0.98653,1054,17,0
2022-10-03 08:00:00,0.98652,0.98686,0.98619,0.98625,1038,17,0
2022-10-03 08:30:00,0.98625,0.98625,0.98313,0.98381,2477,17,0
2022-10-03 09:00:00,0.98382,0.98535,0.98354,0.98486,2772,17,0
2022-10-03 09:30:00,0.98802,0.98883,0.98631,0.98635,3415,17,0
2022-10-03 10:00:00,0.98632,0.98716,0.98536,0.98671,5109,17,0
2022-10-03 10:30:00,0.9867,0.98786,0.9854,0.98783,4156,17,0
2022-10-03 11:00:00,0.98783,0.98858,0.98639,0.98664,4145,17,0
2022-10-03 11:30:00,0.98668,0.98826,0.98665,0.98803,3577,17,0
2022-10-03 12:00:00,0.988,0.98943,0.98784,0.98853,2849,17,0
2022-10-03 12:30:00,0.98852,0.99171,0.98851,0.99075,2517,17,0
2022-10-03 13:00:00,0.99074,0.99088,0.98892,0.98894,2620,17,0
2022-10-03 13:30:00,0.98887,0.99026,0.9886,0.98984,2896,17,0
2022-10-03 14:00:00,0.98984,0.99003,0.9888,0.9892,2479,17,0
2022-10-03 14:30:00,0.9892,0.98928,0.98755,0.98777,3178,17,0
2022-10-03 15:00:00,0.98778,0.98945,0.98776,0.98919,3300,17,0
2022-10-03 15:30:00,0.98918,0.98948,0.98841,0.98913,3530,17,0
2022-10-03 16:00:00,0.98914,0.98958,0.98715,0.98945,4021,17,0
2022-10-03 16:30:00,0.98947,0.99168,0.9893,0.99074,4513,17,0
2022-10-03 17:00:00,0.99063,0.99084,0.98757,0.98775,5979,17,0
2022-10-03 17:30:00,0.98776,0.99175,0.98714,0.99078,5644,17,0
2022-10-03 18:00:00,0.99075,0.99389,0.98914,0.99161,4616,17,0
2022-10-03 18:30:00,0.99162,0.99312,0.99123,0.9929,3468,17,0
2022-10-03 19:00:00,0.99289,0.99366,0.99202,0.99217,3067,17,0
2022-10-03 19:30:00,0.99216,0.99289,0.99164,0.99173,2874,17,0
2022-10-03 20:00:00,0.99171,0.99352,0.99164,0.99331,2098,17,0
2022-10-03 20:30:00,0.9933,0.99455,0.99305,0.99441,1542,17,0
2022-10-03 21:00:00,0.99436,0.9949,0.99338,0.99349,2033,17,0
2022-10-03 21:30:00,0.99348,0.99356,0.9926,0.99269,1892,17,0
2022-10-03 22:00:00,0.99268,0.99359,0.99252,0.99276,1913,17,0
2022-10-03 22:30:00,0.99275,0.99358,0.99225,0.99311,1680,17,0
2022-10-03 23:00:00,0.99312,0.99313,0.99227,0.99309,1066,22,0
2022-10-03 23:30:00,0.99307,0.99321,0.99166,0.99173,686,22,0
2022-10-04 00:00:00,0.99181,0.99181,0.99147,0.99147,2,90,0
2022-10-04 00:30:00,0.99144,0.99181,0.99136,0.99136,40,82,0
2022-10-04 01:00:00,0.99169,0.99276,0.99168,0.99216,354,22,0
2022-10-04 01:30:00,0.99216,0.99221,0.9916,0.99186,818,20,0
2022-10-04 02:00:00,0.99186,0.99207,0.99154,0.99199,1124,17,0
2022-10-04 02:30:00,0.99201,0.99276,0.99199,0.99275,1057,17,0
2022-10-04 03:00:00,0.99274,0.99284,0.99202,0.99266,1521,17,0
2022-10-04 03:30:00,0.99269,0.99291,0.99249,0.99257,1069,17,0
2022-10-04 04:00:00,0.99256,0.99287,0.99233,0.99274,1780,17,0
2022-10-04 04:30:00,0.99274,0.99368,0.99245,0.99368,1551,17,0
2022-10-04 05:00:00,0.99368,0.99405,0.99285,0.9932,1157,18,0
2022-10-04 05:30:00,0.9932,0.99344,0.99161,0.99167,1152,17,0
2022-10-04 06:00:00,0.99166,0.99212,0.99129,0.99209,1325,17,0
2022-10-04 06:30:00,0.99209,0.99234,0.98971,0.98997,3410,17,0
2022-10-04 07:00:00,0.98998,0.99149,0.98994,0.99131,2005,18,0
2022-10-04 07:30:00,0.9913,0.99149,0.99048,0.9912,1528,19,0
2022-10-04 08:00:00,0.9912,0.9922,0.99089,0.99219,1526,18,0
2022-10-04 08:30:00,0.99225,0.99251,0.99109,0.99185,1762,17,0
2022-10-04 09:00:00,0.99186,0.99219,0.98994,0.99049,2752,17,0
2022-10-04 09:30:00,0.99048,0.99053,0.98924,0.98951,3780,17,0
2022-10-04 10:00:00,0.9895,0.99034,0.98728,0.98754,4756,17,0
2022-10-04 10:30:00,0.98754,0.98983,0.98713,0.9897,4186,17,0
2022-10-04 11:00:00,0.98972,0.99022,0.98818,0.98843,2988,17,0
2022-10-04 11:30:00,0.98842,0.98867,0.98656,0.98768,2887,17,0
2022-10-04 12:00:00,0.98769,0.98933,0.98739,0.98906,3700,17,0
2022-10-04 12:30:00,0.98908,0.9894,0.9877,0.98829,2987,17,0
2022-10-04 13:00:00,0.98829,0.98876,0.98748,0.98762,2790,17,0
2022-10-04 13:30:00,0.98761,0.98793,0.9868,0.98785,2358,17,0
2022-10-04 14:00:00,0.98784,0.98929,0.98743,0.98844,3622,17,0
2022-10-04 14:30:00,0.98843,0.98891,0.98767,0.98767,3072,17,0
2022-10-04 15:00:00,0.98765,0.98822,0.98681,0.98794,4054,17,0
2022-10-04 15:30:00,0.98793,0.98846,0.98516,0.98612,4136,17,0
2022-10-04 16:00:00,0.98613,0.98667,0.98529,0.98641,3762,17,0
2022-10-04 16:30:00,0.98641,0.98743,0.98584,0.98594,4566,17,0
2022-10-04 17:00:00,0.98593,0.98593,0.98192,0.98346,4960,17,0
2022-10-04 17:30:00,0.98345,0.98352,0.98039,0.98127,4593,17,0
2022-10-04 18:00:00,0.98126,0.98142,0.97922,0.9796,3696,17,0
2022-10-04 18:30:00,0.97967,0.98114,0.97947,0.98055,2657,17,0
2022-10-04 19:00:00,0.98055,0.98093,0.97849,0.9786,2176,17,0
2022-10-04 19:30:00,0.97863,0.98045,0.97836,0.98,2322,17,0
2022-10-04 20:00:00,0.97998,0.9809,0.9794,0.98037,2112,17,0
2022-10-04 20:30:00,0.98037,0.9808,0.9802,0.98026,1304,18,0
2022-10-04 21:00:00,0.98022,0.98086,0.97979,0.9798,1103,17,0
2022-10-04 21:30:00,0.9798,0.97999,0.97851,0.97864,1278,17,0
2022-10-04 22:00:00,0.97864,0.98021,0.97851,0.97956,1739,17,0
2022-10-04 22:30:00,0.97957,0.97968,0.9786,0.97897,1947,17,0
2022-10-04 23:00:00,0.97897,0.97952,0.97857,0.97879,1300,21,0
2022-10-04 23:30:00,0.97878,0.97956,0.97878,0.97936,766,22,0
2022-10-05 00:30:00,0.97923,0.97923,0.97909,0.97909,2,171,0
2022-10-05 01:00:00,0.97923,0.97984,0.97923,0.97944,669,26,0
2022-10-05 01:30:00,0.97945,0.9797,0.97939,0.97965,321,22,0
2022-10-05 02:00:00,0.97966,0.97967,0.97926,0.97935,1308,18,0
2022-10-05 02:30:00,0.97937,0.97944,0.9786,0.97866,1412,17,0
2022-10-05 03:00:00,0.97865,0.9796,0.97841,0.97922,1236,18,0
2022-10-05 03:30:00,0.97923,0.98008,0.97919,0.97957,1453,19,0
2022-10-05 04:00:00,0.97958,0.97961,0.9787,0.97893,2381,18,0
2022-10-05 04:30:00,0.97893,0.98074,0.9789,0.98034,1909,17,0
2022-10-05 05:00:00,0.98035,0.98049,0.9798,0.98001,1932,17,0
2022-10-05 05:30:00,0.98002,0.98069,0.97973,0.98034,1449,17,0
2022-10-05 06:00:00,0.98033,0.9805,0.97997,0.97999,1479,17,0
2022-10-05 06:30:00,0.97999,0.98049,0.97984,0.97985,1351,17,0
2022-10-05 07:00:00,0.97986,0.98036,0.9797,0.98028,994,20,0
2022-10-05 07:30:00,0.98028,0.98058,0.97985,0.9802,920,17,0
2022-10-05 08:00:00,0.98021,0.98022,0.97928,0.97963,1395,17,0
2022-10-05 08:30:00,0.97963,0.9806,0.9793,0.98055,1457,17,0
2022-10-05 09:00:00,0.98056,0.98147,0.98002,0.98016,2200,17,0
2022-10-05 09:30:00,0.98016,0.98122,0.97916,0.98099,2527,17,0
2022-10-05 10:00:00,0.981,0.98275,0.98082,0.98265,3401,17,0
2022-10-05 10:30:00,0.98265,0.98374,0.98233,0.98255,2275,17,0
2022-10-05 11:00:00,0.98256,0.9837,0.98206,0.98312,3124,17,0
2022-10-05 11:30:00,0.98312,0.98337,0.98081,0.98131,2489,17,0
2022-10-05 12:00:00,0.98132,0.98181,0.98044,0.98181,1721,17,0
2022-10-05 12:30:00,0.9818,0.98473,0.98174,0.98404,2255,17,0
2022-10-05 13:00:00,0.98403,0.98485,0.98368,0.98401,1979,17,0
2022-10-05 13:30:00,0.98402,0.98405,0.9826,0.98272,1598,17,0
2022-10-05 14:00:00,0.98271,0.9842,0.9827,0.98415,2016,17,0
2022-10-05 14:30:00,0.98415,0.9853,0.98395,0.98497,1998,17,0
2022-10-05 15:00:00,0.98498,0.98539,0.98188,0.98205,3186,17,0
2022-10-05 15:30:00,0.98204,0.98464,0.98087,0.98272,3568,17,0
2022-10-05 16:00:00,0.98274,0.98512,0.98214,0.98491,3699,17,0
2022-10-05 16:30:00,0.98491,0.98634,0.98428,0.98497,4318,17,0
2022-10-05 17:00:00,0.98495,0.98878,0.98495,0.98755,5893,17,0
2022-10-05 17:30:00,0.98752,0.98774,0.9845,0.98587,5133,17,0
2022-10-05 18:00:00,0.98585,0.98618,0.98492,0.98538,2855,17,0
2022-10-05 18:30:00,0.98538,0.98555,0.9835,0.98377,2315,17,0
2022-10-05 19:00:00,0.98376,0.98395,0.98234,0.98349,1895,17,0
2022-10-05 19:30:00,0.98348,0.98448,0.98342,0.98434,1213,17,0
2022-10-05 20:00:00,0.98434,0.98477,0.9824,0.98267,1077,17,0
2022-10-05 20:30:00,0.9827,0.9841,0.98255,0.98361,1085,18,0
2022-10-05 21:00:00,0.98361,0.98387,0.9827,0.98279,1251,17,0
2022-10-05 21:30:00,0.98279,0.98331,0.98225,0.98237,1399,17,0
2022-10-05 22:00:00,0.98234,0.98256,0.98127,0.9815,1513,17,0
2022-10-05 22:30:00,0.9815,0.9835,0.98133,0.983,1598,17,0
2022-10-05 23:00:00,0.98304,0.98343,0.9826,0.98301,1127,17,0
2022-10-05 23:30:00,0.98301,0.98344,0.98279,0.98327,459,22,0
2022-10-06 00:00:00,0.98238,0.98238,0.98238,0.98238,1,171,0
2022-10-06 00:30:00,0.98275,0.98303,0.98272,0.98276,39,78,0
2022-10-06 01:00:00,0.98252,0.9829,0.98222,0.98275,624,24,0
2022-10-06 01:30:00,0.98274,0.98294,0.98248,0.98253,811,17,0
2022-10-06 02:00:00,0.98254,0.98273,0.98197,0.98198,948,20,0
2022-10-06 02:30:00,0.98198,0.98217,0.98116,0.98121,970,18,0
2022-10-06 03:00:00,0.98121,0.98138,0.97994,0.98028,1260,18,0
2022-10-06 03:30:00,0.98032,0.98084,0.98019,0.98077,1168,18,0
2022-10-06 04:00:00,0.98076,0.98163,0.98049,0.98156,1425,18,0
2022-10-06 04:30:00,0.98155,0.98212,0.98125,0.98154,1709,17,0
2022-10-06 05:00:00,0.98154,0.98186,0.98097,0.98151,1143,18,0
2022-10-06 05:30:00,0.98151,0.98179,0.98068,0.98089,1028,18,0
2022-10-06 06:00:00,0.98089,0.98098,0.97976,0.9799,905,20,0
2022-10-06 06:30:00,0.9799,0.98088,0.97988,0.98072,1326,18,0
2022-10-06 07:00:00,0.98071,0.98133,0.9807,0.98102,1328,17,0
2022-10-06 07:30:00,0.98105,0.98143,0.98047,0.9805,1052,17,0
2022-10-06 08:00:00,0.98048,0.98111,0.98048,0.98065,1088,17,0
2022-10-06 08:30:00,0.98065,0.98067,0.98009,0.98034,1278,17,0
2022-10-06 09:00:00,0.98034,0.98106,0.97981,0.98,1943,17,0
2022-10-06 09:30:00,0.98002,0.98025,0.97867,0.98,2316,17,0
2022-10-06 10:00:00,0.97999,0.98001,0.97851,0.97856,4225,17,0
2022-10-06 10:30:00,0.97857,0.97965,0.97797,0.97962,3160,17,0
2022-10-06 11:00:00,0.97963,0.98142,0.9794,0.98138,3305,17,0
2022-10-06 11:30:00,0.98138,0.98252,0.98094,0.98217,2811,17,0
2022-10-06 12:00:00,0.98215,0.98235,0.98161,0.98176,2202,17,0
2022-10-06 12:30:00,0.98178,0.98319,0.98167,0.98299,2015,17,0
2022-10-06 13:00:00,0.983,0.9838,0.98261,0.98365,2198,17,0
2022-10-06 13:30:00,0.98365,0.98443,0.98323,0.98337,2217,17,0
2022-10-06 14:00:00,0.98333,0.98444,0.98313,0.98421,2961,18,0
2022-10-06 14:30:00,0.98422,0.98496,0.98341,0.98385,2749,17,0
2022-10-06 15:00:00,0.98385,0.985,0.98341,0.98468,2545,17,0
2022-10-06 15:30:00,0.98465,0.98553,0.98327,0.98547,3165,17,0
2022-10-06 16:00:00,0.98548,0.98797,0.98532,0.98783,3568,17,0
2022-10-06 16:30:00,0.98786,0.9887,0.98611,0.98793,4750,17,0
2022-10-06 17:00:00,0.98793,0.98979,0.98779,0.98956,4744,17,0
2022-10-06 17:30:00,0.98956,0.99072,0.98886,0.98914,4703,17,0
2022-10-06 18:00:00,0.98912,0.98958,0.98779,0.98786,3823,17,0
2022-10-06 18:30:00,0.98787,0.98999,0.98785,0.98991,2474,17,0
2022-10-06 19:00:00,0.98991,0.99128,0.98954,0.99073,2608,17,0
2022-10-06 19:30:00,0.99073,0.99118,0.98962,0.98975,1915,17,0
2022-10-06 20:00:00,0.98976,0.99017,0.98867,0.98881,2069,17,0
2022-10-06 20:30:00,0.98881,0.98968,0.98881,0.98962,1717,17,0
2022-10-06 21:00:00,0.98961,0.99024,0.98958,0.98989,1880,17,0
2022-10-06 21:30:00,0.98989,0.99083,0.9893,0.99075,1573,17,0
2022-10-06 22:00:00,0.99075,0.99115,0.99015,0.99029,2009,17,0
2022-10-06 22:30:00,0.99029,0.99114,0.99022,0.99042,1472,17,0
2022-10-06 23:00:00,0.99043,0.99062,0.99006,0.99036,863,19,0
2022-10-06 23:30:00,0.99035,0.99057,0.98997,0.9902,494,23,0
2022-10-07 00:30:00,0.98706,0.98706,0.98692,0.98692,2,171,0
2022-10-07 01:00:00,0.98952,0.99026,0.98952,0.99006,352,21,0
2022-10-07 01:30:00,0.99007,0.99027,0.99003,0.99015,346,20,0
2022-10-07 02:00:00,0.99015,0.99055,0.99,0.99017,684,17,0
2022-10-07 02:30:00,0.99016,0.99056,0.98986,0.98992,944,17,0
2022-10-07 03:00:00,0.98993,0.99042,0.98948,0.98991,1296,17,0
2022-10-07 03:30:00,0.98989,0.99052,0.98983,0.99013,1187,17,0
2022-10-07 04:00:00,0.99008,0.99084,0.98995,0.99015,1054,17,0
2022-10-07 04:30:00,0.99015,0.99059,0.98999,0.99028,1331,19,0
2022-10-07 05:00:00,0.99031,0.9906,0.98975,0.99008,1253,19,0
2022-10-07 05:30:00,0.99006,0.9902,0.98951,0.98964,1122,17,0
2022-10-07 06:00:00,0.98964,0.98977,0.98921,0.9896,1393,17,0
2022-10-07 06:30:00,0.98962,0.98975,0.98922,0.98949,1018,17,0
2022-10-07 07:00:00,0.98947,0.98952,0.98922,0.98936,771,17,0
2022-10-07 07:30:00,0.98936,0.99,0.98926,0.98997,745,17,0
2022-10-07 08:00:00,0.98996,0.98996,0.98947,0.98953,1022,17,0
2022-10-07 08:30:00,0.98951,0.98962,0.98914,0.98955,971,17,0
2022-10-07 09:00:00,0.98955,0.991,0.98955,0.99095,1577,17,0
2022-10-07 09:30:00,0.99095,0.99124,0.98995,0.99033,2785,17,0
2022-10-07 10:00:00,0.99034,0.99042,0.98878,0.98897,2661,17,0
2022-10-07 10:30:00,0.98898,0.98987,0.98853,0.98987,2738,17,0
2022-10-07 11:00:00,0.98987,0.99024,0.98773,0.98893,2676,17,0
2022-10-07 11:30:00,0.98893,0.9904,0.98847,0.99039,2408,17,0
2022-10-07 12:00:00,0.99037,0.99104,0.98992,0.99017,1827,17,0
2022-10-07 12:30:00,0.99017,0.99088,0.98974,0.99047,2064,17,0
2022-10-07 13:00:00,0.99048,0.99112,0.99011,0.9906,1811,17,0
2022-10-07 13:30:00,0.9906,0.99115,0.98944,0.99072,2143,17,0
2022-10-07 14:00:00,0.99071,0.99114,0.9902,0.99102,1370,17,0
2022-10-07 14:30:00,0.99101,0.99135,0.9903,0.99067,1725,17,0
2022-10-07 15:00:00,0.99068,0.99134,0.98982,0.99044,1841,17,0
2022-10-07 15:30:00,0.99066,0.99525,0.99015,0.99335,6570,17,0
2022-10-07 16:00:00,0.99335,0.99486,0.99176,0.9918,5201,17,0
2022-10-07 16:30:00,0.9918,0.99408,0.99134,0.99356,5411,17,0
2022-10-07 17:00:00,0.99357,0.99427,0.99273,0.99298,4974,17,0
2022-10-07 17:30:00,0.99298,0.99429,0.99159,0.99205,4998,17,0
2022-10-07 18:00:00,0.99206,0.99373,0.99158,0.99166,3277,17,0
2022-10-07 18:30:00,0.99167,0.99248,0.9912,0.99136,2454,17,0
2022-10-07 19:00:00,0.99137,0.99293,0.991,0.99251,2575,17,0
2022-10-07 19:30:00,0.99254,0.99374,0.99253,0.99318,1451,17,0
2022-10-07 20:00:00,0.99317,0.99354,0.99288,0.993,955,17,0
2022-10-07 20:30:00,0.99302,0.99354,0.99291,0.99346,956,17,0
2022-10-07 21:00:00,0.99347,0.99428,0.99338,0.99427,1309,17,0
2022-10-07 21:30:00,0.99427,0.99486,0.99424,0.99481,832,17,0
2022-10-07 22:00:00,0.9945,0.99493,0.9945,0.99482,907,18,0
2022-10-07 22:30:00,0.99483,0.9949,0.9945,0.99458,1240,17,0
2022-10-07 23:00:00,0.9946,0.99486,0.99439,0.99471,792,21,0
2022-10-07 23:30:00,0.99471,0.99475,0.99398,0.99398,902,23,0
2022-10-10 00:00:00,0.99292,0.99303,0.99292,0.99303,2,171,0
2022-10-10 00:30:00,0.993,0.993,0.993,0.993,1,171,0
2022-10-10 01:00:00,0.99375,0.99488,0.99375,0.99463,838,17,0
2022-10-10 01:30:00,0.99462,0.99485,0.9944,0.99476,879,17,0
2022-10-10 02:00:00,0.99477,0.995,0.9944,0.99458,917,17,0
2022-10-10 02:30:00,0.99465,0.99489,0.99439,0.99442,803,17,0
2022-10-10 03:00:00,0.99443,0.99494,0.99431,0.99475,1247,17,0
2022-10-10 03:30:00,0.99479,0.99494,0.99342,0.99399,1377,17,0
2022-10-10 04:00:00,0.99397,0.99424,0.99357,0.99396,1676,17,0
2022-10-10 04:30:00,0.99396,0.99405,0.99311,0.99328,2161,17,0
2022-10-10 05:00:00,0.9933,0.9943,0.99327,0.9935,976,17,0
2022-10-10 05:30:00,0.99349,0.99362,0.99317,0.99323,1175,17,0
2022-10-10 06:00:00,0.99324,0.99386,0.99311,0.99382,677,17,0
2022-10-10 06:30:00,0.99381,0.994,0.99359,0.99382,766,17,0
2022-10-10 07:00:00,0.99383,0.99444,0.99379,0.99431,835,17,0
2022-10-10 07:30:00,0.99434,0.99443,0.99395,0.99403,713,18,0
2022-10-10 08:00:00,0.99406,0.99424,0.99368,0.99393,660,18,0
2022-10-10 08:30:00,0.99394,0.99448,0.99389,0.99426,1632,17,0
2022-10-10 09:00:00,0.99417,0.9946,0.9937,0.99432,2168,17,0
2022-10-10 09:30:00,0.99433,0.99492,0.99396,0.99476,1738,17,0
2022-10-10 10:00:00,0.99476,0.99574,0.9943,0.99567,2973,17,0
2022-10-10 10:30:00,0.99569,0.99778,0.99517,0.99735,1954,17,0
2022-10-10 11:00:00,0.99736,0.99902,0.99719,0.99788,2342,17,0
2022-10-10 11:30:00,0.99787,0.99842,0.99717,0.99728,2671,17,0
2022-10-10 12:00:00,0.99729,0.99808,0.99658,0.99807,2780,17,0
2022-10-10 12:30:00,0.99809,0.99809,0.99699,0.9973,2128,17,0
2022-10-10 13:00:00,0.99731,0.99865,0.99706,0.99843,1565,17,0
2022-10-10 13:30:00,0.99842,0.99899,0.99783,0.99884,1920,17,0
2022-10-10 14:00:00,0.99885,0.99927,0.99811,0.99816,1479,17,0
2022-10-10 14:30:00,0.99818,0.99933,0.99802,0.99873,1824,17,0
2022-10-10 15:00:00,0.99875,0.99881,0.9972,0.99762,1646,17,0
2022-10-10 15:30:00,0.99763,0.99858,0.99741,0.99782,1850,17,0
2022-10-10 16:00:00,0.99783,0.99914,0.99737,0.99894,2326,17,0
2022-10-10 16:30:00,0.99893,0.99975,0.99882,0.99965,2785,17,0
2022-10-10 17:00:00,0.99965,0.9999,0.99953,0.99965,1732,17,0
2022-10-10 17:30:00,0.99962,1.00015,0.99781,0.99976,4464,17,0
2022-10-10 18:00:00,0.99977,1.00024,0.99955,0.99984,1989,17,0
2022-10-10 18:30:00,0.99984,1.00022,0.99946,0.9999,1564,17,0
2022-10-10 19:00:00,0.99989,1.00043,0.99956,1.00037,1129,17,0
2022-10-10 19:30:00,1.00037,1.00045,0.99986,1.00031,737,17,0
2022-10-10 20:00:00,1.00032,1.00095,0.99969,0.99991,1320,17,0
2022-10-10 20:30:00,0.99991,1.00004,0.99914,0.99927,1698,19,0
2022-10-10 21:00:00,0.99925,0.99941,0.99877,0.99938,842,17,0
2022-10-10 21:30:00,0.9994,0.99971,0.99874,0.9996,927,17,0
2022-10-10 22:00:00,0.9996,0.99997,0.99923,0.99969,1119,17,0
2022-10-10 22:30:00,0.9997,1.00001,0.99953,0.99989,822,17,0
2022-10-10 23:00:00,0.99988,0.99999,0.99928,0.99933,495,22,0
2022-10-10 23:30:00,0.99935,0.99992,0.99929,0.99963,271,24,0
2022-10-11 00:30:00,0.99876,0.99955,0.99853,0.99853,45,63,0
2022-10-11 01:00:00,0.99918,0.99992,0.99918,0.99979,308,23,0
2022-10-11 01:30:00,0.99979,0.9999,0.99923,0.99935,528,19,0
2022-10-11 02:00:00,0.99933,0.99971,0.99926,0.99946,483,17,0
2022-10-11 02:30:00,0.99945,0.99957,0.99925,0.99941,456,19,0
2022-10-11 03:00:00,0.99942,1.00023,0.99866,0.99871,1805,19,0
2022-10-11 03:30:00,0.99871,0.9992,0.99856,0.99858,1188,17,0
2022-10-11 04:00:00,0.99858,0.99913,0.99844,0.99908,1399,17,0
2022-10-11 04:30:00,0.99908,1.0008,0.99893,1.00031,2077,17,0
2022-10-11 05:00:00,1.00033,1.00113,1.00011,1.00093,1562,17,0
2022-10-11 05:30:00,1.00092,1.00127,1.00075,1.00117,1122,17,0
2022-10-11 06:00:00,1.00115,1.00128,1.00075,1.00096,1001,17,0
2022-10-11 06:30:00,1.00096,1.00171,1.00066,1.0016,1225,17,0
2022-10-11 07:00:00,1.00159,1.00187,1.00133,1.00183,1093,17,0
2022-10-11 07:30:00,1.00184,1.002,1.00153,1.00179,971,17,0
2022-10-11 08:00:00,1.00181,1.00183,1.00036,1.00114,1183,17,0
2022-10-11 08:30:00,1.00113,1.00145,1.00071,1.00097,1101,17,0
2022-10-11 09:00:00,1.00096,1.00197,1.00061,1.00157,2808,17,0
2022-10-11 09:30:00,1.00156,1.00156,1.00022,1.00067,2318,17,0
2022-10-11 10:00:00,1.00067,1.00087,0.99863,0.99962,3819,17,0
2022-10-11 10:30:00,0.99962,1.00069,0.99828,1.00065,3445,17,0
2022-10-11 11:00:00,1.00063,1.00078,0.99889,1.00011,2876,17,0
2022-10-11 11:30:00,1.00012,1.00088,0.99932,0.99984,2912,17,0
2022-10-11 12:00:00,0.99983,0.99993,0.99809,0.99903,2502,17,0
2022-10-11 12:30:00,0.99902,0.99957,0.99847,0.99907,2594,17,0
2022-10-11 13:00:00,0.99906,0.99969,0.99764,0.9982,2473,17,0
2022-10-11 13:30:00,0.9982,0.99838,0.99671,0.99677,2164,17,0
2022-10-11 14:00:00,0.99679,0.9972,0.99537,0.99558,2615,17,0
2022-10-11 14:30:00,0.99557,0.99672,0.99518,0.9955,2246,17,0
2022-10-11 15:00:00,0.99551,0.996,0.99452,0.99571,2746,17,0
2022-10-11 15:30:00,0.99572,0.9971,0.99507,0.9971,2950,17,0
2022-10-11 16:00:00,0.99711,0.99786,0.99657,0.99771,2845,17,0
2022-10-11 16:30:00,0.9977,0.99903,0.99736,0.99815,3908,17,0
2022-10-11 17:00:00,0.99815,0.99874,0.99643,0.99695,3981,17,0
2022-10-11 17:30:00,0.99695,0.99758,0.99572,0.99709,4150,17,0
2022-10-11 18:00:00,0.99708,0.99776,0.9962,0.99717,3222,17,0
2022-10-11 18:30:00,0.99715,0.99722,0.99381,0.9939,2853,17,0
2022-10-11 19:00:00,0.99391,0.99488,0.99231,0.99259,2000,17,0
2022-10-11 19:30:00,0.9926,0.9932,0.9915,0.99203,2142,17,0
2022-10-11 20:00:00,0.99201,0.99336,0.99184,0.99321,1502,17,0
2022-10-11 20:30:00,0.9932,0.9933,0.99196,0.99292,1680,17,0
2022-10-11 21:00:00,0.99292,0.99401,0.99285,0.99385,1464,17,0
2022-10-11 21:30:00,0.99384,0.99751,0.99354,0.99723,2836,17,0
2022-10-11 22:00:00,0.99724,0.99785,0.99585,0.99625,3528,17,0
2022-10-11 22:30:00,0.99624,0.99671,0.99567,0.99645,2195,17,0
2022-10-11 23:00:00,0.99646,0.99708,0.99578,0.99582,1002,22,0
2022-10-11 23:30:00,0.99591,0.99691,0.9959,0.99684,883,22,0
2022-10-12 00:00:00,0.99682,0.99682,0.99682,0.99682,1,171,0
2022-10-12 00:30:00,0.99608,0.99698,0.99586,0.99645,14,82,0
2022-10-12 01:00:00,0.99634,0.99709,0.99628,0.99633,1239,17,0
2022-10-12 01:30:00,0.99633,0.99677,0.99628,0.99662,437,24,0
2022-10-12 02:00:00,0.99663,0.99735,0.99663,0.99734,372,18,0
2022-10-12 02:30:00,0.99732,0.99769,0.99673,0.9976,574,18,0
2022-10-12 03:00:00,0.99758,0.99837,0.99713,0.99775,2292,17,0
2022-10-12 03:30:00,0.99772,0.99783,0.9966,0.99726,2422,18,0
2022-10-12 04:00:00,0.99726,0.99791,0.99655,0.99732,1979,18,0
2022-10-12 04:30:00,0.9973,0.99846,0.9973,0.99797,1731,18,0
2022-10-12 05:00:00,0.99796,0.9986,0.99784,0.99836,1286,17,0
2022-10-12 05:30:00,0.99835,0.99877,0.99781,0.99781,1118,17,0
2022-10-12 06:00:00,0.99772,0.99824,0.99737,0.99751,1008,19,0
2022-10-12 06:30:00,0.9975,0.99789,0.99737,0.99747,1272,17,0
2022-10-12 07:00:00,0.99748,0.99775,0.99507,0.99622,2851,17,0
2022-10-12 07:30:00,0.99622,0.99662,0.99615,0.9964,1223,18,0
2022-10-12 08:00:00,0.99643,0.99686,0.99619,0.99658,968,19,0
2022-10-12 08:30:00,0.9966,0.99678,0.99521,0.99554,1786,17,0
2022-10-12 09:00:00,0.99549,0.99595,0.99459,0.99466,2819,17,0
2022-10-12 09:30:00,0.99466,0.99485,0.99397,0.99441,2731,17,0
2022-10-12 10:00:00,0.99441,0.99676,0.99406,0.99643,4211,17,0
2022-10-12 10:30:00,0.99644,0.99663,0.99385,0.99388,4166,17,0
2022-10-12 11:00:00,0.99388,0.99516,0.99301,0.99407,3441,17,0
2022-10-12 11:30:00,0.99407,0.99573,0.99404,0.99559,2385,17,0
2022-10-12 12:00:00,0.99558,0.99619,0.99504,0.99518,2157,17,0
2022-10-12 12:30:00,0.99518,0.99596,0.99511,0.99582,2034,17,0
2022-10-12 13:00:00,0.99581,0.99601,0.99478,0.99566,2126,17,0
2022-10-12 13:30:00,0.99565,0.99614,0.99493,0.995,1796,17,0
2022-10-12 14:00:00,0.99499,0.99614,0.9944,0.9953,2282,17,0
2022-10-12 14:30:00,0.99529,0.99562,0.99461,0.99495,2071,17,0
2022-10-12 15:00:00,0.99496,0.99583,0.99472,0.99534,2710,17,0
2022-10-12 15:30:00,0.99532,0.99673,0.99457,0.99511,3965,17,0
2022-10-12 16:00:00,0.99512,0.9967,0.99476,0.9961,3046,17,0
2022-10-12 16:30:00,0.9961,0.99712,0.99596,0.99712,3712,17,0
2022-10-12 17:00:00,0.99712,0.9983,0.9963,0.9982,3411,17,0
2022-10-12 17:30:00,0.99816,1.00033,0.9972,0.99857,4538,17,0
2022-10-12 18:00:00,0.99855,0.9988,0.99748,0.99776,3100,17,0
2022-10-12 18:30:00,0.99775,0.99821,0.99681,0.99798,2495,17,0
2022-10-12 19:00:00,0.99798,0.99885,0.99769,0.99781,2224,17,0
2022-10-12 19:30:00,0.9978,0.99919,0.99773,0.99857,2130,17,0
2022-10-12 20:00:00,0.99856,0.99902,0.99818,0.99825,1406,17,0
2022-10-12 20:30:00,0.99825,0.99861,0.99756,0.99764,1249,18,0
2022-10-12 21:00:00,0.99762,0.99852,0.9956,0.99668,3411,17,0
2022-10-12 21:30:00,0.99668,0.99803,0.99623,0.99802,1788,17,0
2022-10-12 22:00:00,0.99804,0.99848,0.99699,0.9973,1219,18,0
2022-10-12 22:30:00,0.9973,0.99787,0.99708,0.99762,1238,17,0
2022-10-12 23:00:00,0.99762,0.99779,0.99724,0.99751,611,21,0
2022-10-12 23:30:00,0.99752,0.99787,0.99729,0.99738,962,25,0
2022-10-13 00:00:00,0.99726,0.99726,0.99661,0.99661,2,171,0
2022-10-13 00:30:00,0.99642,0.99679,0.99642,0.99679,5,171,0
2022-10-13 01:00:00,0.99724,0.99724,0.99625,0.99691,946,56,0
2022-10-13 01:30:00,0.99687,0.9971,0.9967,0.99709,159,24,0
2022-10-13 02:00:00,0.99706,0.99758,0.99704,0.99753,565,17,0
2022-10-13 02:30:00,0.99754,0.99763,0.99689,0.99754,726,17,0
2022-10-13 03:00:00,0.99759,0.99807,0.9971,0.99712,996,17,0
2022-10-13 03:30:00,0.99712,0.99713,0.99631,0.99668,1402,17,0
2022-10-13 04:00:00,0.99667,0.99762,0.99646,0.99759,1283,19,0
2022-10-13 04:30:00,0.99759,0.99794,0.99739,0.99745,1345,17,0
2022-10-13 05:00:00,0.99746,0.99803,0.99742,0.99772,1283,17,0
2022-10-13 05:30:00,0.9977,0.99799,0.99742,0.99789,928,17,0
2022-10-13 06:00:00,0.99788,0.99817,0.99775,0.99783,888,18,0
2022-10-13 06:30:00,0.99784,0.99798,0.99767,0.99791,560,20,0
2022-10-13 07:00:00,0.99792,0.9982,0.99783,0.9979,738,19,0
2022-10-13 07:30:00,0.99791,0.99793,0.9975,0.99752,441,18,0
2022-10-13 08:00:00,0.99751,0.99762,0.99719,0.99754,584,18,0
2022-10-13 08:30:00,0.99755,0.99801,0.99724,0.99783,1239,17,0
2022-10-13 09:00:00,0.99784,0.99809,0.99723,0.99807,1271,17,0
2022-10-13 09:30:00,0.9981,0.99867,0.99752,0.99848,1316,17,0
2022-10-13 10:00:00,0.99849,0.99981,0.99838,0.99981,2131,17,0
2022-10-13 10:30:00,0.9998,1.00018,0.99873,0.99917,2000,17,0
2022-10-13 11:00:00,0.99917,1.00031,0.99916,1.00003,1637,17,0
2022-10-13 11:30:00,1.00005,1.00007,0.99853,0.99853,1376,17,0
2022-10-13 12:00:00,0.99854,0.99872,0.99693,0.997,2278,17,0
2022-10-13 12:30:00,0.997,0.99865,0.99685,0.99853,2113,17,0
2022-10-13 13:00:00,0.99853,0.99858,0.99784,0.99812,1475,17,0
2022-10-13 13:30:00,0.99811,0.99922,0.99811,0.99861,1511,17,0
2022-10-13 14:00:00,0.9986,0.99861,0.99746,0.99766,1605,17,0
2022-10-13 14:30:00,0.99767,0.99788,0.99586,0.99755,5144,17,0
2022-10-13 15:00:00,0.99755,0.99996,0.99738,0.99918,3304,17,0
2022-10-13 15:30:00,0.99916,1.00703,0.99893,1.0044,8096,17,0
2022-10-13 16:00:00,1.00442,1.00728,1.00429,1.00601,6830,17,0
2022-10-13 16:30:00,1.006,1.00669,1.00331,1.00377,6542,17,0
2022-10-13 17:00:00,1.00376,1.00585,1.00326,1.00564,5753,17,0
2022-10-13 17:30:00,1.00561,1.00587,1.00253,1.00404,6298,17,0
2022-10-13 18:00:00,1.00403,1.00417,0.99912,1.00038,6022,17,0
2022-10-13 18:30:00,1.00037,1.00065,0.99687,0.99863,5608,17,0
2022-10-13 19:00:00,0.99865,1.00001,0.99763,0.99954,3780,17,0
2022-10-13 19:30:00,0.99953,1.00003,0.99852,0.99984,2245,17,0
2022-10-13 20:00:00,0.99983,1.00013,0.99786,0.9982,2471,17,0
2022-10-13 20:30:00,0.99822,0.99822,0.99701,0.99798,2281,17,0
2022-10-13 21:00:00,0.99798,0.9994,0.99777,0.99917,1751,17,0
2022-10-13 21:30:00,0.99916,0.99918,0.99797,0.9985,1815,17,0
2022-10-13 22:00:00,0.99852,0.99965,0.99819,0.99946,1738,17,0
2022-10-13 22:30:00,0.99946,0.99972,0.99905,0.99965,1508,17,0
2022-10-13 23:00:00,0.99965,1.00024,0.99932,0.9999,740,19,0
2022-10-13 23:30:00,0.99993,1.00121,0.9998,1.00051,1318,22,0
2022-10-14 00:00:00,0.99952,0.99952,0.99952,0.99952,1,171,0
2022-10-14 00:30:00,0.99942,1.00078,0.99942,0.99958,9,81,0
2022-10-14 01:00:00,0.99896,1.00164,0.99896,1.00157,876,22,0
2022-10-14 01:30:00,1.00157,1.0016,1.00077,1.00091,1228,21,0
2022-10-14 02:00:00,1.00092,1.00112,1.00085,1.00091,871,17,0
2022-10-14 02:30:00,1.00092,1.0017,1.0009,1.00162,1010,18,0
2022-10-14 03:00:00,1.00161,1.00184,1.00075,1.00143,2118,18,0
2022-10-14 03:30:00,1.00143,1.00176,1.00087,1.00133,1606,20,0
2022-10-14 04:00:00,1.00129,1.00132,1.00026,1.00072,1994,19,0
2022-10-14 04:30:00,1.00071,1.00083,0.998,0.99837,2761,17,0
2022-10-14 05:00:00,0.99837,0.99917,0.99825,0.99894,1387,18,0
2022-10-14 05:30:00,0.99895,0.99925,0.99866,0.99923,1626,21,0
2022-10-14 06:00:00,0.99923,0.99923,0.99866,0.99888,1042,19,0
2022-10-14 06:30:00,0.99884,0.99884,0.99819,0.9987,1207,20,0
2022-10-14 07:00:00,0.99865,0.99938,0.99861,0.99938,1020,18,0
2022-10-14 07:30:00,0.99938,0.99943,0.99895,0.99915,1276,17,0
2022-10-14 08:00:00,0.99914,0.99946,0.99884,0.99917,1511,18,0
2022-10-14 08:30:00,0.99918,0.99936,0.9986,0.99896,1824,19,0
2022-10-14 09:00:00,0.99897,0.99902,0.99654,0.99669,2318,17,0
2022-10-14 09:30:00,0.99668,0.9973,0.99638,0.99654,2456,17,0
2022-10-14 10:00:00,0.99655,0.99909,0.99638,0.99844,3415,17,0
2022-10-14 10:30:00,0.99846,0.99963,0.99778,0.99797,2741,17,0
2022-10-14 11:00:00,0.99798,1.00061,0.99798,1.00022,2430,17,0
2022-10-14 11:30:00,1.00022,1.00081,0.99972,1.0007,2130,17,0
2022-10-14 12:00:00,1.00069,1.00362,1.00069,1.00357,1630,17,0
2022-10-14 12:30:00,1.00352,1.00371,1.002,1.00291,3300,17,0
2022-10-14 13:00:00,1.00289,1.00315,1.00013,1.00036,3866,17,0
2022-10-14 13:30:00,1.00035,1.00308,0.99979,1.00267,2929,17,0
2022-10-14 14:00:00,1.00267,1.00312,1.00166,1.00262,1534,17,0
2022-10-14 14:30:00,1.00262,1.00462,1.00253,1.00395,2453,17,0
2022-10-14 15:00:00,1.00394,1.00446,1.00337,1.00371,2850,17,0
2022-10-14 15:30:00,1.00368,1.00428,0.99935,0.9996,4513,17,0
2022-10-14 16:00:00,0.99959,1.00245,0.99828,1.00238,5102,17,0
2022-10-14 16:30:00,1.00237,1.00422,1.00173,1.00355,6279,17,0
2022-10-14 17:00:00,1.00351,1.0058,1.0034,1.0038,6505,17,0
2022-10-14 17:30:00,1.0038,1.00477,1.00221,1.00318,5459,17,0
2022-10-14 18:00:00,1.0032,1.00453,1.00227,1.00339,3927,17,0
2022-10-14 18:30:00,1.0034,1.00512,1.0034,1.00474,2672,17,0
2022-10-14 19:00:00,1.00476,1.0055,1.00351,1.0041,3769,17,0
2022-10-14 19:30:00,1.00411,1.00585,1.00401,1.00555,2458,17,0
2022-10-14 20:00:00,1.00554,1.00653,1.00491,1.00624,1846,17,0
2022-10-14 20:30:00,1.00629,1.00629,1.00514,1.00551,2009,18,0
2022-10-14 21:00:00,1.00552,1.00614,1.00521,1.00579,1514,17,0
2022-10-14 21:30:00,1.0058,1.00609,1.00517,1.00548,1554,17,0
2022-10-14 22:00:00,1.00544,1.00592,1.00498,1.00528,1518,17,0
2022-10-14 22:30:00,1.00528,1.00545,1.00462,1.00473,1765,18,0
2022-10-14 23:00:00,1.00474,1.00522,1.0044,1.00514,1200,20,0
2022-10-14 23:30:00,1.00513,1.00544,1.00477,1.005,571,25,0
2022-10-17 00:00:00,1.0038,1.0038,1.0038,1.0038,1,171,0
2022-10-17 00:30:00,1.00441,1.00441,1.00428,1.00438,4,171,0
2022-10-17 01:00:00,1.00428,1.00508,1.00373,1.00377,1087,40,0
2022-10-17 01:30:00,1.00373,1.00503,1.00373,1.00452,469,56,0
2022-10-17 02:00:00,1.00445,1.00491,1.0036,1.00384,1222,17,0
2022-10-17 02:30:00,1.00385,1.00388,1.00323,1.00352,2090,17,0
2022-10-17 03:00:00,1.00353,1.00396,1.00274,1.00336,1835,17,0
2022-10-17 03:30:00,1.00337,1.0037,1.0026,1.00326,2130,17,0
2022-10-17 04:00:00,1.00325,1.00444,1.00315,1.00416,1770,17,0
2022-10-17 04:30:00,1.00415,1.00422,1.00324,1.00367,1276,17,0
2022-10-17 05:00:00,1.00366,1.00372,1.00323,1.00345,1099,17,0
2022-10-17 05:30:00,1.00346,1.00378,1.00326,1.00345,808,17,0
2022-10-17 06:00:00,1.00346,1.0035,1.00313,1.00324,826,17,0
2022-10-17 06:30:00,1.00324,1.00361,1.00315,1.0035,756,17,0
2022-10-17 07:00:00,1.00351,1.00398,1.00349,1.00387,779,17,0
2022-10-17 07:30:00,1.00386,1.00395,1.00331,1.00375,950,18,0
2022-10-17 08:00:00,1.00373,1.00378,1.00256,1.00267,1145,18,0
2022-10-17 08:30:00,1.00269,1.0028,1.00178,1.00181,1294,17,0
2022-10-17 09:00:00,1.00182,1.0025,1.00132,1.00155,1612,18,0
2022-10-17 09:30:00,1.00158,1.00223,1.00132,1.00137,1672,17,0
2022-10-17 10:00:00,1.00137,1.00191,1.00053,1.00129,4597,17,0
2022-10-17 10:30:00,1.00128,1.00144,0.99992,1.00042,3610,18,0
2022-10-17 11:00:00,1.00043,1.00148,0.99914,1.00144,2806,17,0
2022-10-17 11:30:00,1.00144,1.00274,1.00134,1.00254,2664,17,0
2022-10-17 12:00:00,1.00253,1.00269,1.00122,1.00172,2277,18,0
2022-10-17 12:30:00,1.00172,1.00261,1.00131,1.00251,1829,17,0
2022-10-17 13:00:00,1.00251,1.00274,1.00023,1.00165,3025,17,0
2022-10-17 13:30:00,1.00164,1.0024,1.0014,1.00193,2240,17,0
2022-10-17 14:00:00,1.00191,1.00226,1.00088,1.00114,1607,17,0
2022-10-17 14:30:00,1.00115,1.00242,1.00109,1.00174,2370,17,0
2022-10-17 15:00:00,1.00175,1.00237,1.00056,1.00066,2651,17,0
2022-10-17 15:30:00,1.00065,1.00098,0.99745,0.99828,2561,17,0
2022-10-17 16:00:00,0.99829,0.99843,0.99689,0.99804,2080,17,0
2022-10-17 16:30:00,0.99803,0.99832,0.99547,0.99783,3403,17,0
2022-10-17 17:00:00,0.99782,0.99782,0.99605,0.99662,3211,17,0
2022-10-17 17:30:00,0.99662,0.99701,0.99544,0.99614,3561,17,0
2022-10-17 18:00:00,0.99614,0.99752,0.99603,0.99651,2339,17,0
2022-10-17 18:30:00,0.99647,0.99684,0.99426,0.9952,1688,17,0
2022-10-17 19:00:00,0.99519,0.99614,0.99491,0.99555,2010,17,0
2022-10-17 19:30:00,0.99557,0.9967,0.99532,0.99596,1650,17,0
2022-10-17 20:00:00,0.99594,0.99608,0.99517,0.99589,1263,17,0
2022-10-17 20:30:00,0.99588,0.99618,0.99553,0.99593,927,17,0
2022-10-17 21:00:00,0.99592,0.99653,0.99528,0.99631,1006,17,0
2022-10-17 21:30:00,0.9963,0.99642,0.99521,0.9957,877,17,0
2022-10-17 22:00:00,0.9957,0.9964,0.99554,0.99602,1320,17,0
2022-10-17 22:30:00,0.99602,0.9963,0.99549,0.99627,803,17,0
2022-10-17 23:00:00,0.99627,0.99633,0.99572,0.996,866,18,0
2022-10-17 23:30:00,0.99599,0.99616,0.99547,0.9957,345,27,0
2022-10-18 00:00:00,0.9949,0.9951,0.99474,0.99474,3,171,0
2022-10-18 00:30:00,0.9954,0.99563,0.99539,0.99558,4,171,0
2022-10-18 01:00:00,0.99531,0.99597,0.99527,0.99578,1672,22,0
2022-10-18 01:30:00,0.99577,0.9959,0.9956,0.99585,333,22,0
2022-10-18 02:00:00,0.99587,0.9959,0.99526,0.99545,779,21,0
2022-10-18 02:30:00,0.99545,0.99588,0.99525,0.99564,769,17,0
2022-10-18 03:00:00,0.99564,0.99565,0.9948,0.9948,1345,17,0
2022-10-18 03:30:00,0.99481,0.99514,0.99439,0.99491,1243,17,0
2022-10-18 04:00:00,0.99493,0.99559,0.99489,0.99531,1005,17,0
2022-10-18 04:30:00,0.99531,0.99565,0.9948,0.99515,1581,18,0
2022-10-18 05:00:00,0.99516,0.99555,0.99489,0.99491,832,18,0
2022-10-18 05:30:00,0.99489,0.99529,0.99462,0.99505,803,17,0
2022-10-18 06:00:00,0.99505,0.99592,0.99463,0.99558,1089,19,0
2022-10-18 06:30:00,0.99558,0.9956,0.99396,0.99414,1553,19,0
2022-10-18 07:00:00,0.99414,0.99417,0.99242,0.99259,2080,17,0
2022-10-18 07:30:00,0.99259,0.9935,0.99204,0.99327,1696,19,0
2022-10-18 08:00:00,0.99327,0.99359,0.99307,0.99354,1904,17,0
2022-10-18 08:30:00,0.99357,0.99439,0.99321,0.99391,1510,17,0
2022-10-18 09:00:00,0.99386,0.99423,0.99339,0.99355,1874,18,0
2022-10-18 09:30:00,0.99355,0.99439,0.99277,0.9934,2005,17,0
2022-10-18 10:00:00,0.99339,0.9947,0.99181,0.99415,3342,17,0
2022-10-18 10:30:00,0.99414,0.99421,0.99318,0.99318,2431,17,0
2022-10-18 11:00:00,0.9932,0.99386,0.99278,0.99322,2229,17,0
2022-10-18 11:30:00,0.99322,0.99659,0.99306,0.99652,2405,17,0
2022-10-18 12:00:00,0.99656,0.99664,0.99347,0.99355,3498,17,0
2022-10-18 12:30:00,0.99353,0.99529,0.99328,0.99472,2063,17,0
2022-10-18 13:00:00,0.99472,0.99569,0.99439,0.99565,1737,17,0
2022-10-18 13:30:00,0.99565,0.99737,0.99555,0.99723,2031,17,0
2022-10-18 14:00:00,0.99722,0.99723,0.99556,0.99574,2007,17,0
2022-10-18 14:30:00,0.99572,0.99634,0.9955,0.99585,2932,17,0
2022-10-18 15:00:00,0.99583,0.99637,0.99422,0.99422,2034,17,0
2022-10-18 15:30:00,0.99424,0.99442,0.99302,0.99338,2539,17,0
2022-10-18 16:00:00,0.99338,0.99463,0.9929,0.99375,2775,17,0
2022-10-18 16:30:00,0.99372,0.99539,0.99292,0.99475,3521,17,0
2022-10-18 17:00:00,0.99476,0.99597,0.99387,0.9957,3231,17,0
2022-10-18 17:30:00,0.9957,0.99697,0.99392,0.99465,3743,17,0
2022-10-18 18:00:00,0.99463,0.99767,0.99445,0.99729,3353,17,0
2022-10-18 18:30:00,0.9973,0.99779,0.99612,0.99618,2698,17,0
2022-10-18 19:00:00,0.99616,0.99691,0.996,0.9963,1873,17,0
2022-10-18 19:30:00,0.99631,0.99688,0.99544,0.99586,1810,17,0
2022-10-18 20:00:00,0.99585,0.99691,0.99559,0.99569,1955,17,0
2022-10-18 20:30:00,0.9957,0.99598,0.99487,0.99507,1467,17,0
2022-10-18 21:00:00,0.99505,0.99529,0.99466,0.99488,1202,18,0
2022-10-18 21:30:00,0.99487,0.99585,0.99482,0.99484,1677,18,0
2022-10-18 22:00:00,0.99485,0.99524,0.99473,0.99514,1386,17,0
2022-10-18 22:30:00,0.99514,0.99514,0.99416,0.9942,986,18,0
2022-10-18 23:00:00,0.99419,0.99456,0.99397,0.99397,794,20,0
2022-10-18 23:30:00,0.99395,0.99421,0.99364,0.994,503,23,0
2022-10-19 00:30:00,0.99354,0.99354,0.99332,0.99332,4,146,0
2022-10-19 01:00:00,0.99368,0.99426,0.99339,0.99346,2683,25,0
2022-10-19 01:30:00,0.99346,0.99349,0.99319,0.99333,687,26,0
2022-10-19 02:00:00,0.99333,0.99344,0.99276,0.99305,1149,17,0
2022-10-19 02:30:00,0.99305,0.99376,0.99302,0.99369,695,18,0
2022-10-19 03:00:00,0.9937,0.99443,0.99334,0.99433,1137,17,0
2022-10-19 03:30:00,0.99431,0.99467,0.99391,0.99414,1511,17,0
2022-10-19 04:00:00,0.99415,0.99454,0.99398,0.99416,1694,19,0
2022-10-19 04:30:00,0.99416,0.99419,0.99341,0.99376,1324,17,0
2022-10-19 05:00:00,0.99376,0.99408,0.99363,0.99378,1168,18,0
2022-10-19 05:30:00,0.99377,0.99459,0.99377,0.99434,1202,18,0
2022-10-19 06:00:00,0.99434,0.9946,0.99414,0.99454,957,18,0
2022-10-19 06:30:00,0.99455,0.995,0.99444,0.99492,658,19,0
2022-10-19 07:00:00,0.99492,0.99516,0.99468,0.99508,785,17,0
2022-10-19 07:30:00,0.99509,0.99532,0.99498,0.99504,641,18,0
2022-10-19 08:00:00,0.99504,0.99569,0.99498,0.99531,913,17,0
2022-10-19 08:30:00,0.99531,0.99552,0.99501,0.99545,1040,17,0
2022-10-19 09:00:00,0.99548,0.99689,0.99548,0.99677,2172,17,0
2022-10-19 09:30:00,0.99678,0.99862,0.99631,0.99842,2339,17,0
2022-10-19 10:00:00,0.99842,0.99922,0.99793,0.99913,3432,17,0
2022-10-19 10:30:00,0.99914,0.99918,0.99781,0.99793,2655,17,0
2022-10-19 11:00:00,0.99792,0.99986,0.99791,0.99942,2536,17,0
2022-10-19 11:30:00,0.99943,0.99978,0.99842,0.99973,2122,17,0
2022-10-19 12:00:00,0.99972,1.00075,0.99919,1.00053,1933,17,0
2022-10-19 12:30:00,1.00053,1.00086,0.99947,0.99948,2044,17,0
2022-10-19 13:00:00,0.99947,1.00079,0.9993,1.00076,1965,17,0
2022-10-19 13:30:00,1.00076,1.00311,1.00055,1.0029,2412,17,0
2022-10-19 14:00:00,1.0029,1.00426,1.00269,1.00284,2711,17,0
2022-10-19 14:30:00,1.00299,1.00424,1.00208,1.00228,2488,17,0
2022-10-19 15:00:00,1.00227,1.00389,1.00223,1.00329,2587,17,0
2022-10-19 15:30:00,1.0033,1.00444,1.00321,1.00359,3129,17,0
2022-10-19 16:00:00,1.00358,1.00434,1.0028,1.0031,2919,17,0
2022-10-19 16:30:00,1.00311,1.00432,1.00204,1.00428,4032,17,0
2022-10-19 17:00:00,1.00427,1.00475,1.00203,1.0022,2785,17,0
2022-10-19 17:30:00,1.0022,1.00431,1.00212,1.00376,3381,17,0
2022-10-19 18:00:00,1.00377,1.00396,1.00316,1.0035,2483,17,0
2022-10-19 18:30:00,1.00351,1.00398,1.00322,1.00392,2132,17,0
2022-10-19 19:00:00,1.0039,1.0049,1.00381,1.00475,2752,17,0
2022-10-19 19:30:00,1.00476,1.00533,1.00427,1.00523,1795,17,0
2022-10-19 20:00:00,1.00523,1.00621,1.00477,1.005,1886,17,0
2022-10-19 20:30:00,1.00502,1.0056,1.00477,1.00543,1349,18,0
2022-10-19 21:00:00,1.00544,1.00568,1.00451,1.00458,942,17,0
2022-10-19 21:30:00,1.00461,1.00577,1.00461,1.00554,779,17,0
2022-10-19 22:00:00,1.00554,1.00557,1.00433,1.00503,1021,17,0
2022-10-19 22:30:00,1.00502,1.00514,1.00438,1.00443,866,17,0
2022-10-19 23:00:00,1.00444,1.00496,1.00433,1.00445,872,20,0
2022-10-19 23:30:00,1.00448,1.00454,1.00403,1.00403,283,24,0
2022-10-20 00:00:00,1.00446,1.00452,1.00446,1.00452,3,30,0
2022-10-20 00:30:00,1.00396,1.00452,1.00332,1.00403,14,32,0
2022-10-20 01:00:00,1.00345,1.00491,1.00345,1.00469,908,17,0
2022-10-20 01:30:00,1.00469,1.00513,1.00469,1.00505,331,21,0
2022-10-20 02:00:00,1.00505,1.00523,1.00479,1.00504,569,17,0
2022-10-20 02:30:00,1.00504,1.00529,1.00475,1.00491,335,17,0
2022-10-20 03:00:00,1.00491,1.00553,1.00458,1.00479,792,17,0
2022-10-20 03:30:00,1.00478,1.00558,1.00457,1.00498,1378,17,0
2022-10-20 04:00:00,1.00497,1.00569,1.00493,1.00537,979,19,0
2022-10-20 04:30:00,1.00537,1.00599,1.00537,1.0058,1178,20,0
2022-10-20 05:00:00,1.0058,1.00633,1.00561,1.00619,1072,17,0
2022-10-20 05:30:00,1.00618,1.00625,1.00575,1.00581,788,17,0
2022-10-20 06:00:00,1.00581,1.00616,1.0057,1.00599,551,19,0
2022-10-20 06:30:00,1.00598,1.00613,1.00583,1.00596,644,19,0
2022-10-20 07:00:00,1.00596,1.00617,1.00412,1.00531,1883,18,0
2022-10-20 07:30:00,1.00533,1.0059,1.00474,1.00474,1203,17,0
2022-10-20 08:00:00,1.00473,1.00515,1.00401,1.0046,2234,17,0
2022-10-20 08:30:00,1.00459,1.00494,1.00451,1.00461,1622,20,0
2022-10-20 09:00:00,1.00461,1.00547,1.00418,1.0048,1752,17,0
2022-10-20 09:30:00,1.00482,1.00573,1.00466,1.00466,1774,17,0
2022-10-20 10:00:00,1.00468,1.0063,1.00448,1.00564,3513,17,0
2022-10-20 10:30:00,1.00562,1.00676,1.00369,1.00426,3170,17,0
2022-10-20 11:00:00,1.00425,1.00524,1.0036,1.00519,2104,17,0
2022-10-20 11:30:00,1.00522,1.0062,1.00515,1.00616,2275,17,0
2022-10-20 12:00:00,1.00615,1.00615,1.00401,1.0054,1811,17,0
2022-10-20 12:30:00,1.00539,1.00542,1.00403,1.00481,1733,17,0
2022-10-20 13:00:00,1.00483,1.00559,1.00438,1.00548,1178,17,0
2022-10-20 13:30:00,1.00549,1.00572,1.00314,1.00325,2503,17,0
2022-10-20 14:00:00,1.00326,1.0037,1.00127,1.00183,2397,17,0
2022-10-20 14:30:00,1.00182,1.00295,1.00177,1.00206,2033,17,0
2022-10-20 15:00:00,1.00204,1.0028,1.00092,1.001,2326,17,0
2022-10-20 15:30:00,1.001,1.00397,1.00053,1.00383,4876,17,0
2022-10-20 16:00:00,1.00384,1.00437,1.00282,1.00379,3195,17,0
2022-10-20 16:30:00,1.00382,1.00469,1.00347,1.0044,4309,17,0
2022-10-20 17:00:00,1.00438,1.00458,0.99995,1.00054,3952,17,0
2022-10-20 17:30:00,1.00055,1.00211,0.99997,1.00043,4329,17,0
2022-10-20 18:00:00,1.00042,1.00122,1.00027,1.00071,2668,17,0
2022-10-20 18:30:00,1.0007,1.00091,0.99936,1.00032,1961,17,0
2022-10-20 19:00:00,1.0003,1.00179,1.00029,1.00175,2718,17,0
2022-10-20 19:30:00,1.00175,1.00252,1.00167,1.00224,1585,17,0
2022-10-20 20:00:00,1.00223,1.00344,1.00207,1.0034,2319,17,0
2022-10-20 20:30:00,1.00341,1.00429,1.00334,1.00407,1470,18,0
2022-10-20 21:00:00,1.00406,1.00486,1.00385,1.00484,1293,17,0
2022-10-20 21:30:00,1.00483,1.00484,1.00327,1.00416,1936,17,0
2022-10-20 22:00:00,1.00414,1.00474,1.00354,1.00467,1252,17,0
2022-10-20 22:30:00,1.00466,1.00493,1.00382,1.00393,1085,17,0
2022-10-20 23:00:00,1.00394,1.00432,1.00381,1.00398,1134,19,0
2022-10-20 23:30:00,1.00398,1.00398,1.00253,1.00272,788,22,0
2022-10-21 00:30:00,1.00305,1.00305,1.00286,1.00286,2,171,0
2022-10-21 01:00:00,1.00363,1.00363,1.00283,1.0033,579,17,0
2022-10-21 01:30:00,1.0033,1.00366,1.0033,1.00364,201,23,0
2022-10-21 02:00:00,1.00361,1.00418,1.00361,1.00415,481,21,0
2022-10-21 02:30:00,1.00415,1.00428,1.00379,1.00392,490,18,0
2022-10-21 03:00:00,1.00389,1.00507,1.00361,1.00455,1095,19,0
2022-10-21 03:30:00,1.00454,1.00512,1.0045,1.00468,1064,17,0
2022-10-21 04:00:00,1.00468,1.00534,1.00447,1.00514,1360,17,0
2022-10-21 04:30:00,1.00515,1.0055,1.00494,1.00523,1248,17,0
2022-10-21 05:00:00,1.00523,1.0055,1.0047,1.00485,972,17,0
2022-10-21 05:30:00,1.00483,1.00545,1.00458,1.00539,605,17,0
2022-10-21 06:00:00,1.0054,1.00541,1.00481,1.00495,532,19,0
2022-10-21 06:30:00,1.00496,1.006,1.00495,1.0057,932,17,0
2022-10-21 07:00:00,1.0057,1.00613,1.00547,1.00574,803,17,0
2022-10-21 07:30:00,1.00572,1.00633,1.00568,1.00596,719,19,0
2022-10-21 08:00:00,1.00597,1.00641,1.00595,1.00605,1461,19,0
2022-10-21 08:30:00,1.00603,1.00613,1.00543,1.00564,1175,17,0
2022-10-21 09:00:00,1.00565,1.00634,1.00565,1.00632,1538,17,0
2022-10-21 09:30:00,1.00631,1.00642,1.00561,1.00633,1951,17,0
2022-10-21 10:00:00,1.00632,1.00731,1.00353,1.00378,3384,17,0
2022-10-21 10:30:00,1.00378,1.00552,1.00356,1.0051,2826,17,0
2022-10-21 11:00:00,1.00515,1.00668,1.00504,1.00665,1936,17,0
2022-10-21 11:30:00,1.00665,1.00991,1.00664,1.00973,2603,17,0
2022-10-21 12:00:00,1.00973,1.01121,1.00955,1.01069,2609,17,0
2022-10-21 12:30:00,1.01067,1.01186,1.01047,1.0115,2275,17,0
2022-10-21 13:00:00,1.01152,1.01239,1.01041,1.01111,2365,17,0
2022-10-21 13:30:00,1.0111,1.01217,1.01096,1.01118,2199,17,0
2022-10-21 14:00:00,1.01119,1.0116,1.01011,1.01069,2501,17,0
2022-10-21 14:30:00,1.01068,1.0123,1.01055,1.01215,1645,17,0
2022-10-21 15:00:00,1.01215,1.01448,1.01127,1.01404,3047,17,0
2022-10-21 15:30:00,1.01405,1.01468,1.00808,1.00986,4469,17,0
2022-10-21 16:00:00,1.00986,1.01122,1.00806,1.00942,7266,17,0
2022-10-21 16:30:00,1.00944,1.01058,1.00499,1.00528,7025,17,0
2022-10-21 17:00:00,1.00527,1.0085,1.00415,1.00837,6173,17,0
2022-10-21 17:30:00,1.00838,1.00939,1.00245,1.00512,8576,17,0
2022-10-21 18:00:00,1.00511,1.00662,1.00096,1.00267,7797,17,0
2022-10-21 18:30:00,1.00268,1.00471,0.99799,0.99822,8155,16,0
2022-10-21 19:00:00,0.99822,1.00065,0.99607,1.00026,7070,17,0
2022-10-21 19:30:00,1.00024,1.00035,0.99831,0.99933,4609,17,0
2022-10-21 20:00:00,0.99934,1.00032,0.99824,0.99996,2773,17,0
2022-10-21 20:30:00,0.99994,1.00065,0.99921,1.00044,2183,17,0
2022-10-21 21:00:00,1.00044,1.00111,0.9996,1.00087,2378,17,0
2022-10-21 21:30:00,1.00087,1.00093,0.99851,0.99959,2978,17,0
2022-10-21 22:00:00,0.99955,0.99957,0.99718,0.9976,2660,18,0
2022-10-21 22:30:00,0.99759,0.99815,0.99721,0.99781,2029,17,0
2022-10-21 23:00:00,0.99784,0.9979,0.99727,0.99745,1068,21,0
2022-10-21 23:30:00,0.99745,0.99794,0.99666,0.99666,685,24,0
2022-10-24 00:00:00,0.99579,0.99583,0.99552,0.99552,6,45,0
2022-10-24 00:30:00,0.99518,0.99627,0.99518,0.99531,371,22,0
2022-10-24 01:00:00,0.99547,1.00135,0.99522,1.00135,3788,17,0
2022-10-24 01:30:00,1.00117,1.00122,0.99874,1.00006,3302,19,0
2022-10-24 02:00:00,1.00007,1.00149,1.00004,1.00125,1981,18,0
2022-10-24 02:30:00,1.00124,1.00138,0.9941,0.99767,5323,17,0
2022-10-24 03:00:00,0.9977,0.99891,0.99684,0.99834,3720,17,0
2022-10-24 03:30:00,0.99833,0.99978,0.99773,0.99909,2783,17,0
2022-10-24 04:00:00,0.99914,0.99989,0.99891,0.99912,2593,19,0
2022-10-24 04:30:00,0.99911,0.9994,0.99846,0.99917,2222,17,0
2022-10-24 05:00:00,0.99918,0.99975,0.99914,0.99929,2135,18,0
2022-10-24 05:30:00,0.99929,0.99933,0.99799,0.99834,1456,18,0
2022-10-24 06:00:00,0.99834,0.99946,0.99799,0.99888,1508,17,0
2022-10-24 06:30:00,0.99882,0.99926,0.99872,0.999,1199,20,0
2022-10-24 07:00:00,0.999,0.99919,0.99821,0.99837,1475,18,0
2022-10-24 07:30:00,0.99838,0.99842,0.99757,0.99793,1139,17,0
2022-10-24 08:00:00,0.99792,0.99843,0.99779,0.99829,1332,17,0
2022-10-24 08:30:00,0.99829,0.99842,0.99753,0.99808,1224,18,0
2022-10-24 09:00:00,0.99809,0.9985,0.99721,0.99795,2244,17,0
2022-10-24 09:30:00,0.99795,0.99913,0.99755,0.99775,2397,17,0
2022-10-24 10:00:00,0.99775,0.99849,0.9964,0.9978,4426,17,0
2022-10-24 10:30:00,0.99788,1.00054,0.99762,0.99978,3854,17,0
2022-10-24 11:00:00,0.99977,1.00113,0.99951,1.00092,5281,17,0
2022-10-24 11:30:00,1.00091,1.00188,1.00002,1.00104,3592,17,0
2022-10-24 12:00:00,1.00107,1.00259,1.00058,1.00256,2723,17,0
2022-10-24 12:30:00,1.00255,1.00307,1.00068,1.00085,2484,17,0
2022-10-24 13:00:00,1.00084,1.00163,1.0006,1.00163,2476,17,0
2022-10-24 13:30:00,1.00168,1.00225,1.0015,1.00219,2501,17,0
2022-10-24 14:00:00,1.00218,1.00253,1.00156,1.00231,2934,17,0
2022-10-24 14:30:00,1.00231,1.00238,0.99936,1.00149,3624,17,0
2022-10-24 15:00:00,1.00149,1.00228,0.99966,1.0014,4365,17,0
2022-10-24 15:30:00,1.00139,1.00196,0.99997,1.0011,4073,17,0
2022-10-24 16:00:00,1.00111,1.00286,1.0011,1.0023,4068,17,0
2022-10-24 16:30:00,1.00229,1.00246,0.99683,0.99796,6403,17,0
2022-10-24 17:00:00,0.99796,1.00177,0.99776,1.00007,6099,17,0
2022-10-24 17:30:00,1.00009,1.00076,0.99873,1.00044,5400,17,0
2022-10-24 18:00:00,1.00044,1.00151,0.99972,1.00068,3820,17,0
2022-10-24 18:30:00,1.00067,1.00196,1.00042,1.00064,3417,17,0
2022-10-24 19:00:00,1.00063,1.00148,1.00032,1.001,2872,17,0
2022-10-24 19:30:00,1.00099,1.00227,1.00093,1.0018,2399,17,0
2022-10-24 20:00:00,1.0018,1.00196,1.00149,1.0016,1400,17,0
2022-10-24 20:30:00,1.00163,1.00195,1.00123,1.00175,1243,17,0
2022-10-24 21:00:00,1.00175,1.00195,1.00135,1.00182,1303,17,0
2022-10-24 21:30:00,1.00183,1.00184,1.001,1.00116,1378,18,0
2022-10-24 22:00:00,1.00117,1.00125,1.00041,1.00084,1223,17,0
2022-10-24 22:30:00,1.00085,1.00128,1.00076,1.00106,1044,17,0
2022-10-24 23:00:00,1.00105,1.00134,1.00089,1.0009,570,21,0
2022-10-24 23:30:00,1.00089,1.00105,1.00031,1.00042,375,25,0
2022-10-25 00:30:00,1.00036,1.00038,0.99981,0.99981,6,49,0
2022-10-25 01:00:00,0.99997,1.00051,0.99916,0.99933,1226,23,0
2022-10-25 01:30:00,0.99931,0.9999,0.99906,0.99909,537,18,0
2022-10-25 02:00:00,0.99915,0.99957,0.99901,0.99942,750,17,0
2022-10-25 02:30:00,0.99942,0.99953,0.99917,0.99949,491,17,0
2022-10-25 03:00:00,0.99949,1.00004,0.9985,0.99877,2109,17,0
2022-10-25 03:30:00,0.99876,0.99892,0.99821,0.99844,1900,17,0
2022-10-25 04:00:00,0.99845,0.99976,0.99799,0.99873,2213,17,0
2022-10-25 04:30:00,0.99872,0.99969,0.99846,0.99964,1576,17,0
2022-10-25 05:00:00,0.99963,1.00026,0.99959,0.9997,1158,18,0
2022-10-25 05:30:00,0.9997,1.00018,0.99969,0.9998,1704,17,0
2022-10-25 06:00:00,0.99978,1.00011,0.99939,0.99949,1454,17,0
2022-10-25 06:30:00,0.99949,0.99978,0.99924,0.99973,1243,20,0
2022-10-25 07:00:00,0.99973,1.00022,0.99959,1.00006,897,18,0
2022-10-25 07:30:00,1.00006,1.00049,0.99987,1.00038,899,17,0
2022-10-25 08:00:00,1.00038,1.00081,1.00028,1.00063,1342,18,0
2022-10-25 08:30:00,1.00065,1.0011,1.00021,1.0011,1817,17,0
2022-10-25 09:00:00,1.00112,1.00142,1.00051,1.00067,1682,17,0
2022-10-25 09:30:00,1.00066,1.00254,1.0005,1.00239,1999,17,0
2022-10-25 10:00:00,1.0024,1.00279,1.00151,1.00182,2867,17,0
2022-10-25 10:30:00,1.00181,1.00284,1.00116,1.0024,2276,17,0
2022-10-25 11:00:00,1.00242,1.0027,1.00098,1.0024,2680,17,0
2022-10-25 11:30:00,1.0024,1.00287,1.00205,1.00273,2139,17,0
2022-10-25 12:00:00,1.00272,1.00278,1.00163,1.00185,1941,17,0
2022-10-25 12:30:00,1.00186,1.00293,1.00177,1.00283,1858,17,0
2022-10-25 13:00:00,1.00282,1.00287,1.00211,1.00259,1509,17,0
2022-10-25 13:30:00,1.00259,1.00282,1.00215,1.00241,1552,17,0
2022-10-25 14:00:00,1.0024,1.00296,1.00205,1.00236,1879,17,0
2022-10-25 14:30:00,1.00237,1.00269,1.00179,1.00206,1898,17,0
2022-10-25 15:00:00,1.00203,1.00292,1.00191,1.00271,2528,17,0
2022-10-25 15:30:00,1.00271,1.00307,1.00193,1.0026,2441,17,0
2022-10-25 16:00:00,1.00261,1.00295,0.9976,0.99782,4364,17,0
2022-10-25 16:30:00,0.99781,0.99806,0.99459,0.99481,6151,17,0
2022-10-25 17:00:00,0.99481,0.99798,0.99389,0.99625,5854,17,0
2022-10-25 17:30:00,0.99623,0.99675,0.99511,0.99588,4821,17,0
2022-10-25 18:00:00,0.99588,0.99653,0.99446,0.9947,3580,17,0
2022-10-25 18:30:00,0.99473,0.99638,0.99396,0.99607,2619,17,0
2022-10-25 19:00:00,0.99608,0.9966,0.99561,0.99652,2398,17,0
2022-10-25 19:30:00,0.99653,0.99738,0.99589,0.99671,1639,18,0
2022-10-25 20:00:00,0.9967,0.9971,0.99606,0.99633,2017,17,0
2022-10-25 20:30:00,0.99633,0.99642,0.9954,0.99546,1581,17,0
2022-10-25 21:00:00,0.99548,0.99563,0.99487,0.99488,1670,17,0
2022-10-25 21:30:00,0.99488,0.99609,0.9948,0.99566,1459,17,0
2022-10-25 22:00:00,0.99565,0.99593,0.99477,0.99495,1651,17,0
2022-10-25 22:30:00,0.99494,0.99524,0.99448,0.9945,902,17,0
2022-10-25 23:00:00,0.99449,0.99478,0.99426,0.99451,722,18,0
2022-10-25 23:30:00,0.9945,0.99471,0.99402,0.99425,398,27,0
2022-10-26 00:00:00,0.9944,0.9944,0.9944,0.9944,1,171,0
2022-10-26 00:30:00,0.99435,0.99465,0.99408,0.99408,52,79,0
2022-10-26 01:00:00,0.99416,0.99533,0.99407,0.99504,1885,19,0
2022-10-26 01:30:00,0.99505,0.99519,0.99473,0.99498,830,17,0
2022-10-26 02:00:00,0.99499,0.99511,0.99445,0.99477,573,17,0
2022-10-26 02:30:00,0.99478,0.99492,0.99434,0.9947,743,18,0
2022-10-26 03:00:00,0.99468,0.9955,0.99412,0.99522,1619,19,0
2022-10-26 03:30:00,0.99522,0.99616,0.99505,0.99585,2157,17,0
2022-10-26 04:00:00,0.99585,0.9961,0.99496,0.99552,1802,17,0
2022-10-26 04:30:00,0.99556,0.99566,0.99487,0.99559,1827,17,0
2022-10-26 05:00:00,0.99558,0.9957,0.99506,0.99523,1177,17,0
2022-10-26 05:30:00,0.99523,0.99533,0.99481,0.99494,1441,18,0
2022-10-26 06:00:00,0.99498,0.99514,0.99419,0.9943,862,17,0
2022-10-26 06:30:00,0.99431,0.99487,0.99426,0.99455,988,17,0
2022-10-26 07:00:00,0.99455,0.99494,0.99439,0.99453,942,17,0
2022-10-26 07:30:00,0.99452,0.99468,0.9942,0.99461,910,19,0
2022-10-26 08:00:00,0.99461,0.99497,0.99429,0.99432,1463,17,0
2022-10-26 08:30:00,0.99431,0.99459,0.99367,0.99408,1607,17,0
2022-10-26 09:00:00,0.99408,0.9943,0.99254,0.99305,2023,17,0
2022-10-26 09:30:00,0.99306,0.99318,0.99197,0.9923,2637,17,0
2022-10-26 10:00:00,0.9923,0.99291,0.99006,0.99006,3869,17,0
2022-10-26 10:30:00,0.99009,0.99104,0.98772,0.98773,3435,17,0
2022-10-26 11:00:00,0.98771,0.98873,0.98628,0.98784,3530,17,0
2022-10-26 11:30:00,0.98785,0.98794,0.9858,0.98617,3124,17,0
2022-10-26 12:00:00,0.98617,0.98893,0.98536,0.98887,3388,17,0
2022-10-26 12:30:00,0.98887,0.98989,0.98836,0.98955,2545,17,0
2022-10-26 13:00:00,0.98953,0.9911,0.98926,0.98995,2409,17,0
2022-10-26 13:30:00,0.98994,0.99045,0.98929,0.98941,1796,17,0
2022-10-26 14:00:00,0.98941,0.98945,0.98833,0.98893,2654,17,0
2022-10-26 14:30:00,0.98892,0.98993,0.98848,0.98961,2161,17,0
2022-10-26 15:00:00,0.98962,0.99122,0.98882,0.99122,3590,17,0
2022-10-26 15:30:00,0.99126,0.99276,0.99064,0.99155,4286,17,0
2022-10-26 16:00:00,0.99152,0.99178,0.99002,0.99089,3090,17,0
2022-10-26 16:30:00,0.99089,0.9911,0.98814,0.99002,4216,17,0
2022-10-26 17:00:00,0.99008,0.99009,0.98742,0.98928,6280,17,0
2022-10-26 17:30:00,0.98926,0.99051,0.98714,0.98747,4452,17,0
2022-10-26 18:00:00,0.98746,0.98825,0.98515,0.98571,2905,17,0
2022-10-26 18:30:00,0.98574,0.98716,0.98529,0.98634,2486,17,0
2022-10-26 19:00:00,0.98632,0.98715,0.98567,0.98636,2226,17,0
2022-10-26 19:30:00,0.98637,0.98709,0.98552,0.98679,2058,17,0
2022-10-26 20:00:00,0.98679,0.98724,0.9865,0.9872,2561,17,0
2022-10-26 20:30:00,0.9872,0.9877,0.9863,0.98641,1928,17,0
2022-10-26 21:00:00,0.9864,0.98643,0.98562,0.98606,1750,17,0
2022-10-26 21:30:00,0.98604,0.98675,0.98537,0.98629,1812,17,0
2022-10-26 22:00:00,0.98628,0.98684,0.98625,0.98683,1498,19,0
2022-10-26 22:30:00,0.98682,0.98692,0.9859,0.98632,1169,17,0
2022-10-26 23:00:00,0.98631,0.98657,0.98598,0.9861,794,17,0
2022-10-26 23:30:00,0.98611,0.98645,0.98548,0.98595,728,26,0
2022-10-27 00:00:00,0.98516,0.98519,0.98516,0.98519,2,166,0
2022-10-27 00:30:00,0.98508,0.98577,0.98508,0.98546,24,70,0
2022-10-27 01:00:00,0.98543,0.98647,0.98543,0.98589,3225,24,0
2022-10-27 01:30:00,0.98588,0.98607,0.98562,0.98597,1750,19,0
2022-10-27 02:00:00,0.98597,0.98609,0.98532,0.98542,546,20,0
2022-10-27 02:30:00,0.98541,0.9855,0.98466,0.98467,752,17,0
2022-10-27 03:00:00,0.98467,0.98554,0.98405,0.98454,1346,17,0
2022-10-27 03:30:00,0.98456,0.98577,0.98455,0.98551,1071,18,0
2022-10-27 04:00:00,0.98551,0.98556,0.98455,0.98496,2160,18,0
2022-10-27 04:30:00,0.98497,0.98528,0.98471,0.98523,1758,18,0
2022-10-27 05:00:00,0.98526,0.98663,0.98526,0.98658,1353,17,0
2022-10-27 05:30:00,0.98658,0.9869,0.98609,0.98636,874,17,0
2022-10-27 06:00:00,0.98634,0.98649,0.986,0.98636,762,17,0
2022-10-27 06:30:00,0.98636,0.98649,0.98602,0.98628,571,18,0
2022-10-27 07:00:00,0.98633,0.98667,0.98627,0.98633,462,17,0
2022-10-27 07:30:00,0.98633,0.9866,0.98593,0.98611,1269,17,0
2022-10-27 08:00:00,0.98609,0.98625,0.98547,0.98581,1183,17,0
2022-10-27 08:30:00,0.98583,0.98595,0.98495,0.98563,1373,17,0
2022-10-27 09:00:00,0.98562,0.98689,0.98533,0.9865,2082,17,0
2022-10-27 09:30:00,0.9865,0.98844,0.98648,0.98798,2156,17,0
2022-10-27 10:00:00,0.98801,0.98852,0.9866,0.98779,3447,17,0
2022-10-27 10:30:00,0.98779,0.98831,0.98691,0.98692,2338,17,0
2022-10-27 11:00:00,0.98694,0.9876,0.98575,0.98674,2923,17,0
2022-10-27 11:30:00,0.98676,0.98824,0.98638,0.98777,2305,17,0
2022-10-27 12:00:00,0.98777,0.98903,0.98731,0.98898,2005,17,0
2022-10-27 12:30:00,0.98897,0.99032,0.98868,0.98934,2507,17,0
2022-10-27 13:00:00,0.98932,0.99016,0.98852,0.98997,2304,17,0
2022-10-27 13:30:00,0.98996,0.99035,0.98932,0.99019,2579,17,0
2022-10-27 14:00:00,0.99018,0.99037,0.98931,0.9895,2502,17,0
2022-10-27 14:30:00,0.98949,0.99096,0.98944,0.99031,2555,17,0
2022-10-27 15:00:00,0.99032,0.99265,0.99031,0.99127,4419,17,0
2022-10-27 15:30:00,0.9912,0.99192,0.98879,0.98957,6659,17,0
2022-10-27 16:00:00,0.98957,0.99131,0.98895,0.99044,6388,17,0
2022-10-27 16:30:00,0.99043,0.99145,0.98844,0.99049,6143,17,0
2022-10-27 17:00:00,0.99051,0.99051,0.98707,0.98709,4352,17,0
2022-10-27 17:30:00,0.98708,0.99072,0.98682,0.98961,4896,17,0
2022-10-27 18:00:00,0.98961,0.99002,0.98811,0.98833,3812,17,0
2022-10-27 18:30:00,0.98834,0.9907,0.98822,0.98981,4049,17,0
2022-10-27 19:00:00,0.9898,0.99085,0.98916,0.99085,2300,17,0
2022-10-27 19:30:00,0.99086,0.99099,0.99029,0.99052,1507,17,0
2022-10-27 20:00:00,0.99053,0.99075,0.98887,0.98937,1627,17,0
2022-10-27 20:30:00,0.98938,0.99083,0.98929,0.99075,1302,17,0
2022-10-27 21:00:00,0.9907,0.99168,0.99036,0.99162,1054,17,0
2022-10-27 21:30:00,0.99163,0.99189,0.99102,0.99186,1269,17,0
2022-10-27 22:00:00,0.99185,0.99226,0.99105,0.99147,1165,17,0
2022-10-27 22:30:00,0.99147,0.99209,0.99128,0.99157,1220,17,0
2022-10-27 23:00:00,0.99156,0.99183,0.99119,0.99128,1202,19,0
2022-10-27 23:30:00,0.99126,0.99133,0.99041,0.99053,1039,24,0
2022-10-28 00:00:00,0.99028,0.99079,0.99028,0.99079,6,93,0
2022-10-28 00:30:00,0.99079,0.9908,0.99013,0.99043,34,74,0
2022-10-28 01:00:00,0.99031,0.99101,0.99,0.99043,3222,30,0
2022-10-28 01:30:00,0.99043,0.99058,0.9899,0.99001,559,18,0
2022-10-28 02:00:00,0.99003,0.99058,0.98999,0.99019,478,21,0
2022-10-28 02:30:00,0.99021,0.99063,0.98986,0.99024,517,21,0
2022-10-28 03:00:00,0.99022,0.99127,0.99005,0.99089,1065,17,0
2022-10-28 03:30:00,0.9909,0.99102,0.99052,0.99088,1082,17,0
2022-10-28 04:00:00,0.99087,0.99102,0.98938,0.98942,1920,17,0
2022-10-28 04:30:00,0.98941,0.98992,0.98831,0.98838,1321,17,0
2022-10-28 05:00:00,0.9884,0.98916,0.98825,0.98899,1340,17,0
2022-10-28 05:30:00,0.98902,0.98997,0.9887,0.98892,2655,17,0
2022-10-28 06:00:00,0.98891,0.98971,0.98868,0.98921,1618,17,0
2022-10-28 06:30:00,0.9892,0.98926,0.98833,0.98845,1534,17,0
2022-10-28 07:00:00,0.98846,0.9892,0.98818,0.98885,1081,17,0
2022-10-28 07:30:00,0.98888,0.98942,0.98883,0.98915,865,17,0
2022-10-28 08:00:00,0.98916,0.98961,0.9889,0.98956,1081,17,0
2022-10-28 08:30:00,0.98956,0.99136,0.98913,0.9913,2559,17,0
2022-10-28 09:00:00,0.99124,0.99327,0.9908,0.99214,2470,17,0
2022-10-28 09:30:00,0.99215,0.99255,0.99111,0.99211,2893,18,0
2022-10-28 10:00:00,0.99209,0.99522,0.99174,0.99459,4103,17,0
2022-10-28 10:30:00,0.99461,0.9952,0.99416,0.99448,2298,17,0
2022-10-28 11:00:00,0.99448,0.99603,0.994,0.99562,2587,17,0
2022-10-28 11:30:00,0.99562,0.99601,0.99427,0.99515,2073,17,0
2022-10-28 12:00:00,0.99514,0.99546,0.99437,0.9949,2434,17,0
2022-10-28 12:30:00,0.9949,0.99643,0.99456,0.99461,1971,17,0
2022-10-28 13:00:00,0.99461,0.99489,0.99433,0.9946,1514,17,0
2022-10-28 13:30:00,0.99461,0.9959,0.99456,0.9953,1588,17,0
2022-10-28 14:00:00,0.99531,0.99629,0.99397,0.99401,2392,17,0
2022-10-28 14:30:00,0.99402,0.99677,0.99342,0.99666,3075,17,0
2022-10-28 15:00:00,0.99664,0.99706,0.99585,0.99664,2781,17,0
2022-10-28 15:30:00,0.99642,0.9979,0.99447,0.99644,5860,17,0
2022-10-28 16:00:00,0.99644,0.99665,0.99482,0.99661,4551,17,0
2022-10-28 16:30:00,0.9966,0.99693,0.99457,0.99509,4283,17,0
2022-10-28 17:00:00,0.99506,0.99726,0.99403,0.99626,5107,17,0
2022-10-28 17:30:00,0.99624,0.99706,0.99522,0.99622,3577,17,0
2022-10-28 18:00:00,0.99616,0.9978,0.99587,0.99644,3145,17,0
2022-10-28 18:30:00,0.99645,0.99722,0.99602,0.99683,2820,18,0
2022-10-28 19:00:00,0.99683,0.99747,0.99649,0.9972,1187,17,0
2022-10-28 19:30:00,0.99722,0.99731,0.99634,0.99647,1011,17,0
2022-10-28 20:00:00,0.99648,0.99679,0.99579,0.9967,973,17,0
2022-10-28 20:30:00,0.9967,0.99722,0.99644,0.99688,1006,17,0
2022-10-28 21:00:00,0.99686,0.99704,0.99595,0.99648,859,17,0
2022-10-28 21:30:00,0.99647,0.99681,0.99596,0.99627,1389,17,0
2022-10-28 22:00:00,0.9963,0.9964,0.99555,0.99602,1336,17,0
2022-10-28 22:30:00,0.99603,0.99614,0.99533,0.99536,778,17,0
2022-10-28 23:00:00,0.99537,0.99634,0.99532,0.99568,634,19,0
2022-10-28 23:30:00,0.99569,0.99602,0.99465,0.99465,705,24,0
2022-10-31 00:00:00,0.99569,0.99787,0.99569,0.99762,5103,44,0
2022-10-31 00:30:00,0.99754,0.99762,0.99528,0.99597,210,65,0
2022-10-31 01:00:00,0.99615,0.99727,0.99592,0.99617,1076,20,0
2022-10-31 01:30:00,0.99619,0.99673,0.99613,0.99636,914,17,0
2022-10-31 02:00:00,0.99637,0.99694,0.99584,0.99668,1362,17,0
2022-10-31 02:30:00,0.99673,0.99709,0.99632,0.99676,2016,17,0
2022-10-31 03:00:00,0.99677,0.99697,0.99625,0.99655,775,17,0
2022-10-31 03:30:00,0.99653,0.99744,0.99649,0.99694,1273,18,0
2022-10-31 04:00:00,0.99698,0.99724,0.99684,0.99703,1303,18,0
2022-10-31 04:30:00,0.99702,0.9971,0.99633,0.99682,1524,19,0
2022-10-31 05:00:00,0.9968,0.99707,0.99653,0.99675,906,19,0
2022-10-31 05:30:00,0.99675,0.99695,0.9961,0.99623,1400,19,0
2022-10-31 06:00:00,0.99624,0.99664,0.99609,0.99632,625,20,0
2022-10-31 06:30:00,0.99632,0.99675,0.99624,0.99653,530,19,0
2022-10-31 07:00:00,0.99654,0.99685,0.99645,0.99675,657,19,0
2022-10-31 07:30:00,0.99677,0.99742,0.99664,0.99719,945,17,0
2022-10-31 08:00:00,0.9972,0.99772,0.99693,0.99737,1023,17,0
2022-10-31 08:30:00,0.99737,0.99757,0.99662,0.99694,1438,17,0
2022-10-31 09:00:00,0.99693,0.99903,0.99674,0.99837,2226,17,0
2022-10-31 09:30:00,0.99838,0.9994,0.9975,0.99934,2715,17,0
2022-10-31 10:00:00,0.99936,1.00116,0.99912,1.00047,3007,17,0
2022-10-31 10:30:00,1.00046,1.00118,1.00017,1.00031,2211,17,0
2022-10-31 11:00:00,1.00032,1.00054,0.99945,0.99995,1816,17,0
2022-10-31 11:30:00,0.99995,0.99995,0.9982,0.99907,2374,17,0
2022-10-31 12:00:00,0.99907,1.00011,0.99887,1.00008,1668,17,0
2022-10-31 12:30:00,1.00007,1.0007,0.99983,1.00035,1583,17,0
2022-10-31 13:00:00,1.00034,1.00055,0.99971,1.00031,1772,17,0
2022-10-31 13:30:00,1.00031,1.00053,0.99932,0.99937,1605,17,0
2022-10-31 14:00:00,0.99936,1.00015,0.99931,1.00014,2207,17,0
2022-10-31 14:30:00,1.00015,1.00156,0.99977,1.00144,2252,17,0
2022-10-31 15:00:00,1.00148,1.00198,1.00079,1.00183,2640,17,0
2022-10-31 15:30:00,1.00184,1.00251,1.00109,1.00242,3265,17,0
2022-10-31 16:00:00,1.00242,1.00248,0.99988,1.0012,2576,17,0
2022-10-31 16:30:00,1.0012,1.00277,1.0012,1.00257,3066,17,0
2022-10-31 17:00:00,1.00258,1.00286,1.00144,1.0024,2679,17,0
2022-10-31 17:30:00,1.00239,1.00317,0.99941,1.00056,3635,17,0
2022-10-31 18:00:00,1.00057,1.0018,1.00042,1.00105,2620,17,0
2022-10-31 18:30:00,1.00105,1.00164,1.00081,1.00137,2129,17,0
2022-10-31 19:00:00,1.00137,1.00173,1.00075,1.00112,1707,17,0
2022-10-31 19:30:00,1.00115,1.00168,1.00083,1.00083,1184,17,0
2022-10-31 20:00:00,1.00085,1.00138,1.00035,1.00092,1247,17,0
2022-10-31 20:30:00,1.00093,1.00146,1.00067,1.0011,1376,17,0
2022-10-31 21:00:00,1.0011,1.00188,1.00106,1.00142,1145,17,0
2022-10-31 21:30:00,1.00143,1.00186,1.0012,1.00129,1327,17,0
2022-10-31 22:00:00,1.00129,1.00167,1.00111,1.00144,635,17,0
2022-10-31 22:30:00,1.00144,1.00207,1.00118,1.00157,617,20,0
2022-10-31 23:00:00,1.00171,1.00175,1.0002,1.00033,8,56,0
2022-10-31 23:30:00,1.00048,1.00083,1.00048,1.00083,4,143,0
2022-11-01 00:00:00,1.00086,1.00198,1.00079,1.00123,937,30,0
2022-11-01 00:30:00,1.0012,1.00134,1.00095,1.00128,834,27,0
2022-11-01 01:00:00,1.00137,1.00138,1.00089,1.00126,773,20,0
2022-11-01 01:30:00,1.00127,1.00154,1.00124,1.00148,733,19,0
2022-11-01 02:00:00,1.00147,1.00154,1.001,1.00129,766,17,0
2022-11-01 02:30:00,1.00128,1.00169,1.00108,1.00154,591,18,0
2022-11-01 03:00:00,1.00155,1.00163,1.00078,1.00084,1208,17,0
2022-11-01 03:30:00,1.00084,1.00084,1.00001,1.00046,1158,17,0
2022-11-01 04:00:00,1.00046,1.00069,1.00006,1.0001,815,19,0
2022-11-01 04:30:00,1.0001,1.00029,0.99942,0.99993,795,17,0
2022-11-01 05:00:00,0.99991,1.00082,0.99981,1.00065,848,19,0
2022-11-01 05:30:00,1.00064,1.00105,1.00035,1.00059,1225,17,0
2022-11-01 06:00:00,1.00058,1.00086,0.99999,1.00019,1002,19,0
2022-11-01 06:30:00,1.00019,1.00045,1.00003,1.00033,1199,19,0
2022-11-01 07:00:00,1.00035,1.00044,0.99977,1.00017,691,18,0
2022-11-01 07:30:00,1.00017,1.0003,0.99892,0.9992,1289,17,0
2022-11-01 08:00:00,0.9992,0.99957,0.99811,0.99844,1845,17,0
2022-11-01 08:30:00,0.99843,0.99897,0.99754,0.99756,1815,17,0
2022-11-01 09:00:00,0.99756,0.99937,0.99703,0.99844,2534,17,0
2022-11-01 09:30:00,0.99846,0.99877,0.99744,0.99764,2148,17,0
2022-11-01 10:00:00,0.99764,0.9977,0.9946,0.99529,2842,17,0
2022-11-01 10:30:00,0.99529,0.99568,0.99415,0.99443,2131,17,0
2022-11-01 11:00:00,0.99436,0.99511,0.99392,0.99407,1449,17,0
2022-11-01 11:30:00,0.99407,0.99438,0.99261,0.993,1830,17,0
2022-11-01 12:00:00,0.99301,0.99309,0.9914,0.99174,2228,17,0
2022-11-01 12:30:00,0.99175,0.99355,0.99156,0.99339,1550,17,0
2022-11-01 13:00:00,0.99339,0.99377,0.99246,0.99253,1784,17,0
2022-11-01 13:30:00,0.99252,0.9938,0.99198,0.99351,1768,17,0
2022-11-01 14:00:00,0.99353,0.99353,0.99152,0.99198,2538,17,0
2022-11-01 14:30:00,0.99197,0.99365,0.99178,0.99283,1913,17,0
2022-11-01 15:00:00,0.99276,0.99417,0.99228,0.99401,2305,17,0
2022-11-01 15:30:00,0.994,0.99519,0.99341,0.99366,3799,17,0
2022-11-01 16:00:00,0.99312,0.99894,0.99312,0.99794,5961,17,0
2022-11-01 16:30:00,0.99788,1.00101,0.99685,0.99978,4689,17,0
2022-11-01 17:00:00,0.99977,1.00103,0.9993,0.99961,2996,17,0
2022-11-01 17:30:00,0.9996,1.00048,0.999,0.99951,3171,17,0
2022-11-01 18:00:00,0.99952,1.00027,0.99667,1.00023,4031,17,0
2022-11-01 18:30:00,1.00022,1.00119,1.00012,1.00043,2526,17,0
2022-11-01 19:00:00,1.00043,1.00067,0.99938,0.99997,1090,17,0
2022-11-01 19:30:00,0.99997,1.00004,0.99865,0.99871,1306,17,0
2022-11-01 20:00:00,0.99871,0.99933,0.99863,0.99923,1325,17,0
2022-11-01 20:30:00,0.99924,1.00016,0.99924,0.9998,955,17,0
2022-11-01 21:00:00,0.99977,1.0,0.99964,0.99986,853,17,0
2022-11-01 21:30:00,0.99985,1.00038,0.99972,1.00001,930,17,0
2022-11-01 22:00:00,1.00002,1.00058,0.99969,1.00048,468,18,0
2022-11-01 22:30:00,1.00048,1.0006,0.99941,0.99941,452,24,0
2022-11-01 23:00:00,0.99862,0.99884,0.99853,0.99854,19,71,0
2022-11-01 23:30:00,0.99902,0.99924,0.9987,0.99922,19,170,0
2022-11-02 00:00:00,0.99963,1.0008,0.99911,0.99952,1993,23,0
2022-11-02 00:30:00,0.99952,1.00026,0.99952,1.0002,508,17,0
2022-11-02 01:00:00,1.00021,1.0004,0.99965,1.00015,726,18,0
2022-11-02 01:30:00,1.00015,1.00026,0.99959,0.99987,564,18,0
2022-11-02 02:00:00,0.99986,1.00012,0.9995,0.99963,894,18,0
2022-11-02 02:30:00,0.99961,0.99978,0.99838,0.99842,1827,17,0
2022-11-02 03:00:00,0.99843,0.99881,0.99825,0.99863,1338,18,0
2022-11-02 03:30:00,0.99863,0.99889,0.99812,0.99825,1007,17,0
2022-11-02 04:00:00,0.99824,0.99911,0.99822,0.99842,849,18,0
2022-11-02 04:30:00,0.99842,0.99846,0.99747,0.99775,653,19,0
2022-11-02 05:00:00,0.99775,0.99792,0.99739,0.99761,628,19,0
2022-11-02 05:30:00,0.99762,0.9981,0.99751,0.99809,508,17,0
2022-11-02 06:00:00,0.99808,0.99883,0.99804,0.99854,607,19,0
2022-11-02 06:30:00,0.99855,0.99904,0.99827,0.99873,952,17,0
2022-11-02 07:00:00,0.99872,0.99878,0.99825,0.99849,903,17,0
2022-11-02 07:30:00,0.99848,0.99852,0.99762,0.99822,976,17,0
2022-11-02 08:00:00,0.99821,0.99873,0.99783,0.99833,713,17,0
2022-11-02 08:30:00,0.99834,0.99905,0.99798,0.99848,1620,18,0
2022-11-02 09:00:00,0.99839,0.99957,0.99807,0.99913,1235,17,0
2022-11-02 09:30:00,0.99915,0.99943,0.99799,0.99865,1683,17,0
2022-11-02 10:00:00,0.99865,0.99929,0.99749,0.99773,2374,17,0
2022-11-02 10:30:00,0.99772,0.99815,0.99736,0.99739,1839,17,0
2022-11-02 11:00:00,0.9974,0.99794,0.99677,0.99684,1787,17,0
2022-11-02 11:30:00,0.99684,0.99721,0.99629,0.99641,1572,17,0
2022-11-02 12:00:00,0.99641,0.99722,0.99594,0.99692,1408,17,0
2022-11-02 12:30:00,0.99692,0.99739,0.99652,0.99713,1794,17,0
2022-11-02 13:00:00,0.99712,0.99768,0.99625,0.99714,1610,17,0
2022-11-02 13:30:00,0.99713,0.99723,0.99592,0.99607,1342,17,0
2022-11-02 14:00:00,0.99606,0.99701,0.99498,0.9962,3237,17,0
2022-11-02 14:30:00,0.99618,0.99688,0.99464,0.99475,3327,17,0
2022-11-02 15:00:00,0.99476,0.99533,0.99421,0.995,2222,17,0
2022-11-02 15:30:00,0.995,0.99684,0.99496,0.99649,2944,17,0
2022-11-02 16:00:00,0.99652,0.99746,0.99634,0.99685,2665,17,0
2022-11-02 16:30:00,0.99685,0.99833,0.99668,0.99789,2304,17,0
2022-11-02 17:00:00,0.99788,0.99897,0.9976,0.99872,2015,17,0
2022-11-02 17:30:00,0.99872,0.99929,0.99824,0.99866,2134,17,0
2022-11-02 18:00:00,0.99865,0.99969,0.99857,0.99939,1683,17,0
2022-11-02 18:30:00,0.9994,0.99961,0.99861,0.99885,1469,17,0
2022-11-02 19:00:00,0.99886,0.99947,0.99879,0.99899,1280,18,0
2022-11-02 19:30:00,0.99899,0.99909,0.99738,0.99798,1381,17,0
2022-11-02 20:00:00,0.99756,0.99997,0.99246,0.99321,6699,17,0
2022-11-02 20:30:00,0.99322,0.99983,0.99094,0.9981,9558,17,0
2022-11-02 21:00:00,0.99812,1.00398,0.99629,1.00282,6762,17,0
2022-11-02 21:30:00,1.0028,1.00341,1.00119,1.00235,3857,17,0
2022-11-02 22:00:00,1.00237,1.00313,1.00234,1.0029,1210,18,0
2022-11-02 22:30:00,1.00291,1.00352,1.00271,1.00313,980,22,0
2022-11-02 23:00:00,1.00276,1.00303,1.00276,1.00303,11,62,0
2022-11-02 23:30:00,1.00301,1.00309,1.00242,1.00257,35,36,0
2022-11-03 00:00:00,1.0025,1.0032,1.0003,1.00201,2588,23,0
2022-11-03 00:30:00,1.00199,1.00316,1.00164,1.00269,1175,21,0
2022-11-03 01:00:00,1.0027,1.00393,1.0027,1.00355,700,17,0
2022-11-03 01:30:00,1.00356,1.00395,1.00291,1.00323,768,17,0
2022-11-03 02:00:00,1.00324,1.00364,1.00286,1.0033,609,19,0
2022-11-03 02:30:00,1.00331,1.0035,1.00205,1.00223,768,17,0
2022-11-03 03:00:00,1.00225,1.00249,1.00082,1.00125,1400,17,0
2022-11-03 03:30:00,1.00124,1.0015,1.00061,1.0014,1215,17,0
2022-11-03 04:00:00,1.00141,1.00144,1.00061,1.00114,1094,18,0
2022-11-03 04:30:00,1.00115,1.00179,1.00105,1.00165,765,20,0
2022-11-03 05:00:00,1.00165,1.00193,1.00124,1.00192,690,20,0
2022-11-03 05:30:00,1.00193,1.00226,1.0015,1.00158,505,19,0
2022-11-03 06:00:00,1.00157,1.00196,1.00136,1.00173,627,17,0
2022-11-03 06:30:00,1.00177,1.00199,1.00146,1.00164,582,17,0
2022-11-03 07:00:00,1.00164,1.00234,1.00159,1.00203,847,17,0
2022-11-03 07:30:00,1.00202,1.00265,1.00185,1.00246,925,17,0
2022-11-03 08:00:00,1.00247,1.00434,1.00246,1.00405,1415,17,0
2022-11-03 08:30:00,1.00407,1.00474,1.00403,1.00449,1131,17,0
2022-11-03 09:00:00,1.00448,1.00666,1.00441,1.00643,2642,17,0
2022-11-03 09:30:00,1.00643,1.00867,1.00636,1.00671,2803,17,0
2022-11-03 10:00:00,1.00671,1.01042,1.00671,1.01024,3365,17,0
2022-11-03 10:30:00,1.01024,1.01145,1.00998,1.01089,2977,17,0
2022-11-03 11:00:00,1.01089,1.01288,1.01031,1.01173,2976,17,0
2022-11-03 11:30:00,1.01175,1.01295,1.01128,1.01242,2439,17,0
2022-11-03 12:00:00,1.01241,1.01408,1.01215,1.01389,2314,17,0
2022-11-03 12:30:00,1.0139,1.01437,1.0128,1.01294,2176,17,0
2022-11-03 13:00:00,1.01297,1.0139,1.01285,1.01372,2351,17,0
2022-11-03 13:30:00,1.01373,1.0139,1.01304,1.01357,2123,17,0
2022-11-03 14:00:00,1.01358,1.01426,1.01218,1.013,3889,17,0
2022-11-03 14:30:00,1.01294,1.01429,1.0129,1.01425,3695,17,0
2022-11-03 15:00:00,1.01425,1.01466,1.01216,1.01242,3990,17,0
2022-11-03 15:30:00,1.01242,1.01397,1.01179,1.01326,4761,17,0
2022-11-03 16:00:00,1.01334,1.01361,1.00989,1.01026,5205,17,0
2022-11-03 16:30:00,1.01026,1.01111,1.00894,1.01036,3617,17,0
2022-11-03 17:00:00,1.01036,1.01221,1.01033,1.01215,2955,17,0
2022-11-03 17:30:00,1.01216,1.01353,1.01212,1.01303,3585,17,0
2022-11-03 18:00:00,1.01305,1.01336,1.01204,1.01329,2395,17,0
2022-11-03 18:30:00,1.01331,1.01405,1.01242,1.01271,1806,17,0
2022-11-03 19:00:00,1.01275,1.01341,1.01241,1.01312,1297,17,0
2022-11-03 19:30:00,1.01313,1.01313,1.01234,1.01286,1093,17,0
2022-11-03 20:00:00,1.01287,1.01331,1.01249,1.01251,934,17,0
2022-11-03 20:30:00,1.01248,1.01279,1.01178,1.01236,802,17,0
2022-11-03 21:00:00,1.01232,1.01236,1.01179,1.01194,837,18,0
2022-11-03 21:30:00,1.01195,1.01318,1.01188,1.01303,918,18,0
2022-11-03 22:00:00,1.01301,1.01336,1.01289,1.01324,445,18,0
2022-11-03 22:30:00,1.01322,1.01359,1.01277,1.01286,392,23,0
2022-11-03 23:00:00,1.01232,1.01272,1.01232,1.01271,3,71,0
2022-11-03 23:30:00,1.01277,1.01277,1.01277,1.01277,2,128,0
2022-11-04 00:00:00,1.01277,1.01433,1.01245,1.01289,2529,18,0
2022-11-04 00:30:00,1.01301,1.01351,1.01301,1.01307,1043,19,0
2022-11-04 01:00:00,1.01304,1.01363,1.01299,1.01338,249,18,0
2022-11-04 01:30:00,1.01338,1.01349,1.01328,1.01336,393,18,0
2022-11-04 02:00:00,1.01336,1.01345,1.01234,1.01265,915,17,0
2022-11-04 02:30:00,1.01265,1.01283,1.01216,1.01273,859,18,0
2022-11-04 03:00:00,1.01272,1.01288,1.01247,1.01274,1295,17,0
2022-11-04 03:30:00,1.01274,1.01279,1.01138,1.01142,793,17,0
2022-11-04 04:00:00,1.01141,1.01209,1.01139,1.01185,808,18,0
2022-11-04 04:30:00,1.01186,1.01212,1.01147,1.01173,719,17,0
2022-11-04 05:00:00,1.01174,1.01177,1.01093,1.0112,753,17,0
2022-11-04 05:30:00,1.01123,1.01137,1.01053,1.01054,574,17,0
2022-11-04 06:00:00,1.01054,1.01071,1.00972,1.00992,677,17,0
2022-11-04 06:30:00,1.00991,1.01003,1.00871,1.00874,914,17,0
2022-11-04 07:00:00,1.00875,1.00965,1.00868,1.00954,1023,17,0
2022-11-04 07:30:00,1.00953,1.0104,1.00943,1.01022,1183,17,0
2022-11-04 08:00:00,1.01023,1.01031,1.00902,1.00954,1101,17,0
2022-11-04 08:30:00,1.00956,1.00994,1.00819,1.00943,2546,17,0
2022-11-04 09:00:00,1.00944,1.01031,1.00854,1.01006,2390,17,0
2022-11-04 09:30:00,1.01006,1.01156,1.0094,1.01137,2273,17,0
2022-11-04 10:00:00,1.01137,1.01138,1.00941,1.01076,2512,17,0
2022-11-04 10:30:00,1.01075,1.01132,1.01022,1.01064,2197,17,0
2022-11-04 11:00:00,1.01064,1.01089,1.00931,1.00964,2270,17,0
2022-11-04 11:30:00,1.00965,1.01013,1.0093,1.00945,1844,17,0
2022-11-04 12:00:00,1.00945,1.00969,1.00793,1.00806,1523,17,0
2022-11-04 12:30:00,1.00806,1.00816,1.00626,1.00665,1249,17,0
2022-11-04 13:00:00,1.00664,1.00715,1.00572,1.00667,2501,17,0
2022-11-04 13:30:00,1.00666,1.00696,1.00551,1.00608,1687,17,0
2022-11-04 14:00:00,1.00607,1.00769,1.00579,1.00658,2309,17,0
2022-11-04 14:30:00,1.00658,1.00993,1.00061,1.00103,7216,17,0
2022-11-04 15:00:00,1.00102,1.00143,0.99825,0.99985,6893,17,0
2022-11-04 15:30:00,0.99985,1.00221,0.9994,1.00034,5996,17,0
2022-11-04 16:00:00,1.00033,1.00033,0.99453,0.99545,5645,17,0
2022-11-04 16:30:00,0.99546,0.99579,0.99404,0.99458,4675,17,0
2022-11-04 17:00:00,0.99457,0.99763,0.99412,0.9975,3704,17,0
2022-11-04 17:30:00,0.99749,0.99823,0.99629,0.99805,3932,17,0
2022-11-04 18:00:00,0.99805,0.99945,0.99733,0.99767,3397,17,0
2022-11-04 18:30:00,0.99767,0.99814,0.99726,0.99743,2333,17,0
2022-11-04 19:00:00,0.99742,0.99761,0.99621,0.99675,2200,17,0
2022-11-04 19:30:00,0.99676,0.99704,0.99649,0.99655,1575,17,0
2022-11-04 20:00:00,0.99654,0.99729,0.99564,0.99568,1296,17,0
2022-11-04 20:30:00,0.99571,0.99576,0.99422,0.99429,1567,17,0
2022-11-04 21:00:00,0.9943,0.99471,0.99354,0.99419,1517,17,0
2022-11-04 21:30:00,0.99418,0.99432,0.99309,0.99345,1519,17,0
2022-11-04 22:00:00,0.99344,0.99372,0.9932,0.99357,845,18,0
2022-11-04 22:30:00,0.99357,0.99433,0.99327,0.99354,1243,23,0
2022-11-07 00:00:00,0.99811,0.99837,0.99784,0.99784,15,62,0
2022-11-07 00:30:00,0.99731,0.99731,0.99624,0.99669,23,168,0
2022-11-07 01:00:00,0.99721,0.99735,0.9949,0.99538,1904,17,0
2022-11-07 01:30:00,0.99539,0.99684,0.99531,0.99673,973,17,0
2022-11-07 02:00:00,0.99673,0.99675,0.9952,0.99674,1090,17,0
2022-11-07 02:30:00,0.99674,0.99702,0.99611,0.9965,1262,18,0
2022-11-07 03:00:00,0.99649,0.99769,0.99635,0.99748,1422,18,0
2022-11-07 03:30:00,0.99749,0.99754,0.99605,0.99676,1503,17,0
2022-11-07 04:00:00,0.99676,0.99724,0.99644,0.9967,1048,17,0
2022-11-07 04:30:00,0.99673,0.99688,0.9961,0.9961,1181,17,0
2022-11-07 05:00:00,0.99609,0.99699,0.99572,0.99588,832,17,0
2022-11-07 05:30:00,0.99587,0.99604,0.99525,0.99592,737,17,0
2022-11-07 06:00:00,0.99593,0.99619,0.99568,0.99589,530,17,0
2022-11-07 06:30:00,0.99589,0.99602,0.99561,0.99586,441,18,0
2022-11-07 07:00:00,0.99585,0.99596,0.99525,0.99525,548,17,0
2022-11-07 07:30:00,0.99525,0.99545,0.99434,0.99534,739,17,0
2022-11-07 08:00:00,0.99534,0.99602,0.99521,0.9955,1043,17,0
2022-11-07 08:30:00,0.99551,0.996,0.99529,0.99586,1372,17,0
2022-11-07 09:00:00,0.99572,0.99637,0.99533,0.99632,2389,17,0
2022-11-07 09:30:00,0.99629,0.99689,0.99598,0.99627,1998,17,0
2022-11-07 10:00:00,0.99627,0.99635,0.99239,0.99376,3318,17,0
2022-11-07 10:30:00,0.99376,0.99399,0.99151,0.99216,3430,17,0
2022-11-07 11:00:00,0.99213,0.99216,0.99063,0.99149,3191,17,0
2022-11-07 11:30:00,0.9915,0.99198,0.99095,0.99176,2216,17,0
2022-11-07 12:00:00,0.99177,0.99187,0.99028,0.99047,2288,17,0
2022-11-07 12:30:00,0.99047,0.99082,0.9901,0.99024,1803,17,0
2022-11-07 13:00:00,0.99027,0.99044,0.98923,0.9894,1634,17,0
2022-11-07 13:30:00,0.98939,0.98985,0.98912,0.98968,1636,17,0
2022-11-07 14:00:00,0.98969,0.99017,0.989,0.98978,2122,17,0
2022-11-07 14:30:00,0.98977,0.9898,0.98823,0.98838,2516,17,0
2022-11-07 15:00:00,0.98835,0.98938,0.98747,0.98909,3903,17,0
2022-11-07 15:30:00,0.98906,0.98985,0.98861,0.98861,2972,17,0
2022-11-07 16:00:00,0.98858,0.98904,0.98759,0.98878,2831,17,0
2022-11-07 16:30:00,0.98875,0.99088,0.988,0.99028,4385,17,0
2022-11-07 17:00:00,0.99028,0.9912,0.98946,0.99023,3770,17,0
2022-11-07 17:30:00,0.99022,0.99087,0.98883,0.98923,3358,17,0
2022-11-07 18:00:00,0.98925,0.99058,0.98925,0.99004,2317,17,0
2022-11-07 18:30:00,0.99004,0.99129,0.98989,0.99056,2152,17,0
2022-11-07 19:00:00,0.99058,0.99065,0.98862,0.98877,2210,17,0
2022-11-07 19:30:00,0.98876,0.98909,0.98856,0.9887,1735,17,0
2022-11-07 20:00:00,0.98871,0.98894,0.98792,0.98798,1092,17,0
2022-11-07 20:30:00,0.98798,0.98833,0.98757,0.98765,950,17,0
2022-11-07 21:00:00,0.98763,0.98835,0.98747,0.98779,859,17,0
2022-11-07 21:30:00,0.98781,0.98793,0.98742,0.98774,933,17,0
2022-11-07 22:00:00,0.98777,0.98802,0.98748,0.98782,938,17,0
2022-11-07 22:30:00,0.98781,0.98878,0.98757,0.9887,913,17,0
2022-11-07 23:00:00,0.98875,0.9889,0.98806,0.9886,605,18,0
2022-11-07 23:30:00,0.9886,0.98873,0.98788,0.98808,822,23,0
2022-11-08 00:00:00,0.98787,0.98801,0.98783,0.98783,5,171,0
2022-11-08 00:30:00,0.98829,0.98837,0.98786,0.98797,44,53,0
2022-11-08 01:00:00,0.98788,0.98886,0.98787,0.98853,1153,22,0
2022-11-08 01:30:00,0.98852,0.98905,0.98852,0.98882,308,22,0
2022-11-08 02:00:00,0.9888,0.98893,0.98827,0.9884,493,21,0
2022-11-08 02:30:00,0.9884,0.9884,0.98763,0.98796,787,18,0
2022-11-08 03:00:00,0.98795,0.98899,0.98785,0.98886,937,19,0
2022-11-08 03:30:00,0.98886,0.98991,0.98874,0.98951,1567,17,0
2022-11-08 04:00:00,0.98952,0.99,0.98947,0.9897,590,17,0
2022-11-08 04:30:00,0.9897,0.99059,0.98962,0.99056,544,18,0
2022-11-08 05:00:00,0.99057,0.99076,0.99035,0.99048,625,17,0
2022-11-08 05:30:00,0.99048,0.99049,0.98986,0.99014,366,17,0
2022-11-08 06:00:00,0.99014,0.99083,0.99001,0.99077,407,17,0
2022-11-08 06:30:00,0.99077,0.99149,0.99077,0.99129,392,17,0
2022-11-08 07:00:00,0.99128,0.99176,0.99118,0.99146,421,19,0
2022-11-08 07:30:00,0.99146,0.99208,0.99143,0.99202,668,18,0
2022-11-08 08:00:00,0.99204,0.99204,0.99096,0.99159,750,18,0
2022-11-08 08:30:00,0.99157,0.9918,0.99098,0.99146,884,17,0
2022-11-08 09:00:00,0.99139,0.99224,0.99086,0.99125,1273,17,0
2022-11-08 09:30:00,0.99124,0.99209,0.99123,0.99139,1180,17,0
2022-11-08 10:00:00,0.99137,0.99162,0.9902,0.99045,2524,17,0
2022-11-08 10:30:00,0.99046,0.99095,0.98939,0.99015,2162,17,0
2022-11-08 11:00:00,0.99016,0.99087,0.98903,0.98986,2069,17,0
2022-11-08 11:30:00,0.98984,0.99016,0.98856,0.98884,1832,17,0
2022-11-08 12:00:00,0.98884,0.98946,0.98881,0.98908,1406,17,0
2022-11-08 12:30:00,0.98906,0.98988,0.98839,0.98974,1734,17,0
2022-11-08 13:00:00,0.98974,0.99008,0.98888,0.98943,1374,17,0
2022-11-08 13:30:00,0.98944,0.99046,0.98942,0.99016,1750,17,0
2022-11-08 14:00:00,0.99018,0.9915,0.99002,0.99125,1954,17,0
2022-11-08 14:30:00,0.99126,0.99259,0.99045,0.99243,1814,17,0
2022-11-08 15:00:00,0.99241,0.99257,0.99025,0.99117,2114,17,0
2022-11-08 15:30:00,0.99117,0.99158,0.98995,0.99031,1668,17,0
2022-11-08 16:00:00,0.99031,0.99066,0.98923,0.98944,2439,17,0
2022-11-08 16:30:00,0.98943,0.99014,0.98879,0.98893,2675,17,0
2022-11-08 17:00:00,0.98894,0.98902,0.98519,0.98669,4486,17,0
2022-11-08 17:30:00,0.98669,0.98686,0.98416,0.98475,3853,17,0
2022-11-08 18:00:00,0.98475,0.98545,0.98437,0.98476,2796,17,0
2022-11-08 18:30:00,0.98476,0.98504,0.98361,0.98412,2045,17,0
2022-11-08 19:00:00,0.98412,0.98543,0.98388,0.98508,1529,17,0
2022-11-08 19:30:00,0.98508,0.98528,0.98441,0.9845,957,17,0
2022-11-08 20:00:00,0.98449,0.98588,0.98371,0.98587,1786,17,0
2022-11-08 20:30:00,0.98588,0.98657,0.9849,0.98604,2307,17,0
2022-11-08 21:00:00,0.98605,0.98716,0.9857,0.98715,2037,17,0
2022-11-08 21:30:00,0.98714,0.98766,0.9854,0.9859,2303,17,0
2022-11-08 22:00:00,0.98592,0.98603,0.98506,0.98539,1494,17,0
2022-11-08 22:30:00,0.98539,0.98583,0.98457,0.98576,1583,17,0
2022-11-08 23:00:00,0.98575,0.98588,0.98526,0.98538,453,20,0
2022-11-08 23:30:00,0.98538,0.98578,0.98489,0.98553,741,26,0
2022-11-09 00:00:00,0.98463,0.98532,0.98463,0.98494,9,171,0
2022-11-09 00:30:00,0.98504,0.98512,0.9849,0.98503,17,92,0
2022-11-09 01:00:00,0.98488,0.98551,0.98437,0.9847,845,24,0
2022-11-09 01:30:00,0.98471,0.98494,0.9845,0.98453,685,18,0
2022-11-09 02:00:00,0.98453,0.98601,0.98453,0.98573,604,19,0
2022-11-09 02:30:00,0.98572,0.98606,0.98505,0.98603,568,19,0
2022-11-09 03:00:00,0.98601,0.98668,0.98576,0.98614,1242,17,0
2022-11-09 03:30:00,0.98614,0.98663,0.98568,0.98652,1032,19,0
2022-11-09 04:00:00,0.98652,0.98652,0.98527,0.98532,920,17,0
2022-11-09 04:30:00,0.98534,0.98551,0.9848,0.98498,1062,17,0
2022-11-09 05:00:00,0.98497,0.98518,0.98431,0.98516,1049,17,0
2022-11-09 05:30:00,0.98518,0.986,0.98508,0.98593,706,20,0
2022-11-09 06:00:00,0.98591,0.9867,0.98591,0.9863,757,18,0
2022-11-09 06:30:00,0.98631,0.98667,0.9861,0.98647,547,18,0
2022-11-09 07:00:00,0.98645,0.98673,0.98603,0.98621,586,17,0
2022-11-09 07:30:00,0.98619,0.98715,0.98602,0.98665,711,18,0
2022-11-09 08:00:00,0.98665,0.98732,0.98653,0.98684,879,17,0
2022-11-09 08:30:00,0.98685,0.98696,0.98646,0.98676,925,17,0
2022-11-09 09:00:00,0.98672,0.98672,0.98535,0.98587,1609,17,0
2022-11-09 09:30:00,0.98586,0.98615,0.98497,0.98541,2225,17,0
2022-11-09 10:00:00,0.98541,0.98544,0.98258,0.98272,3277,17,0
2022-11-09 10:30:00,0.98275,0.98385,0.98241,0.98377,2434,17,0
2022-11-09 11:00:00,0.98375,0.98515,0.98355,0.98395,2184,17,0
2022-11-09 11:30:00,0.98396,0.98663,0.98342,0.98618,2411,17,0
2022-11-09 12:00:00,0.9862,0.98636,0.98468,0.98589,2990,17,0
2022-11-09 12:30:00,0.98588,0.98626,0.98508,0.98538,2239,17,0
2022-11-09 13:00:00,0.9854,0.98543,0.98346,0.9836,1940,17,0
2022-11-09 13:30:00,0.9836,0.98363,0.98201,0.98232,1902,17,0
2022-11-09 14:00:00,0.98232,0.98262,0.98122,0.98221,2348,17,0
2022-11-09 14:30:00,0.98221,0.98296,0.9818,0.98264,1942,17,0
2022-11-09 15:00:00,0.98263,0.98507,0.98242,0.98486,2709,17,0
2022-11-09 15:30:00,0.98486,0.98563,0.98378,0.98473,2998,17,0
2022-11-09 16:00:00,0.98473,0.98483,0.98331,0.9844,2501,17,0
2022-11-09 16:30:00,0.98439,0.98522,0.98383,0.98451,3407,17,0
2022-11-09 17:00:00,0.98451,0.98453,0.97993,0.98313,5063,17,0
2022-11-09 17:30:00,0.98314,0.98577,0.98289,0.98385,4868,17,0
2022-11-09 18:00:00,0.98385,0.98388,0.9815,0.98211,2348,17,0
2022-11-09 18:30:00,0.98211,0.98362,0.98206,0.98353,2068,17,0
2022-11-09 19:00:00,0.98353,0.98457,0.98301,0.98443,1214,17,0
2022-11-09 19:30:00,0.98448,0.98475,0.98374,0.98388,1289,17,0
2022-11-09 20:00:00,0.98388,0.98528,0.98348,0.98501,2217,17,0
2022-11-09 20:30:00,0.98502,0.9863,0.98502,0.98553,1843,17,0
2022-11-09 21:00:00,0.98552,0.98601,0.98535,0.98587,1051,18,0
2022-11-09 21:30:00,0.98587,0.98656,0.98525,0.98563,1757,17,0
2022-11-09 22:00:00,0.98565,0.98571,0.98483,0.98495,1165,17,0
2022-11-09 22:30:00,0.98495,0.98541,0.98484,0.98531,1445,17,0
2022-11-09 23:00:00,0.9853,0.98539,0.98424,0.98447,623,21,0
2022-11-09 23:30:00,0.98447,0.98459,0.98371,0.98383,938,22,0
2022-11-10 00:30:00,0.98365,0.98434,0.9834,0.9834,25,171,0
2022-11-10 01:00:00,0.98336,0.98441,0.98336,0.98393,1370,19,0
2022-11-10 01:30:00,0.98394,0.98398,0.98342,0.9835,424,18,0
2022-11-10 02:00:00,0.9835,0.98381,0.98302,0.98313,647,17,0
2022-11-10 02:30:00,0.98312,0.98391,0.98293,0.98336,959,17,0
2022-11-10 03:00:00,0.98336,0.98358,0.98271,0.98298,954,17,0
2022-11-10 03:30:00,0.98298,0.98422,0.98294,0.98364,1071,17,0
2022-11-10 04:00:00,0.98364,0.98456,0.98344,0.98434,1449,17,0
2022-11-10 04:30:00,0.98434,0.98473,0.98388,0.98419,1012,17,0
2022-11-10 05:00:00,0.98419,0.98446,0.98359,0.98401,814,17,0
2022-11-10 05:30:00,0.98403,0.98411,0.98337,0.98361,748,17,0
2022-11-10 06:00:00,0.9836,0.98368,0.98335,0.98355,484,19,0
2022-11-10 06:30:00,0.98355,0.98369,0.98308,0.98313,490,17,0
2022-11-10 07:00:00,0.98312,0.98328,0.98252,0.98259,691,17,0
2022-11-10 07:30:00,0.98261,0.9828,0.98245,0.98269,858,18,0
2022-11-10 08:00:00,0.98269,0.98355,0.98255,0.98347,927,18,0
2022-11-10 08:30:00,0.98348,0.98351,0.98238,0.98311,1095,17,0
2022-11-10 09:00:00,0.98303,0.98533,0.98303,0.98512,1821,17,0
2022-11-10 09:30:00,0.98512,0.98596,0.98502,0.98594,2409,17,0
2022-11-10 10:00:00,0.98595,0.98595,0.98412,0.98492,3126,17,0
2022-11-10 10:30:00,0.98491,0.98582,0.98452,0.98569,2199,17,0
2022-11-10 11:00:00,0.9857,0.98687,0.98568,0.98682,2329,17,0
2022-11-10 11:30:00,0.98681,0.98791,0.98622,0.9878,2350,17,0
2022-11-10 12:00:00,0.98781,0.98919,0.98741,0.98916,2645,17,0
2022-11-10 12:30:00,0.98915,0.98951,0.98801,0.98846,2417,17,0
2022-11-10 13:00:00,0.98851,0.98964,0.98834,0.98889,2735,17,0
2022-11-10 13:30:00,0.98887,0.98983,0.98886,0.98959,1972,17,0
2022-11-10 14:00:00,0.98957,0.98972,0.98831,0.98849,2074,17,0
2022-11-10 14:30:00,0.98851,0.98882,0.98799,0.98816,1741,17,0
2022-11-10 15:00:00,0.98817,0.98848,0.98724,0.98759,2848,17,0
2022-11-10 15:30:00,0.98757,0.98757,0.97326,0.976,9607,17,0
2022-11-10 16:00:00,0.97601,0.97622,0.97222,0.97288,7189,17,0
2022-11-10 16:30:00,0.97285,0.97303,0.96674,0.96717,8517,17,0
2022-11-10 17:00:00,0.96716,0.96839,0.96619,0.96663,6632,17,0
2022-11-10 17:30:00,0.96664,0.96761,0.96585,0.96705,5825,17,0
2022-11-10 18:00:00,0.96704,0.96922,0.96683,0.96832,5279,17,0
2022-11-10 18:30:00,0.96831,0.9684,0.96695,0.96721,3283,17,0
2022-11-10 19:00:00,0.96721,0.96851,0.96709,0.9684,2282,17,0
2022-11-10 19:30:00,0.96838,0.96992,0.96838,0.96931,2386,17,0
2022-11-10 20:00:00,0.96924,0.96929,0.96755,0.96906,2999,17,0
2022-11-10 20:30:00,0.96906,0.96929,0.9681,0.96813,2168,17,0
2022-11-10 21:00:00,0.96813,0.96852,0.96727,0.96738,1827,17,0
2022-11-10 21:30:00,0.96737,0.9676,0.96621,0.96621,1404,18,0
2022-11-10 22:00:00,0.96621,0.9666,0.9656,0.96598,981,17,0
2022-11-10 22:30:00,0.96597,0.96621,0.96511,0.96517,1330,18,0
2022-11-10 23:00:00,0.96517,0.96526,0.9629,0.96313,2334,20,0
2022-11-10 23:30:00,0.96314,0.96395,0.96298,0.96298,939,22,0
2022-11-11 00:30:00,0.96306,0.96368,0.96306,0.96364,81,171,0
2022-11-11 01:00:00,0.96465,0.96546,0.96428,0.96506,1515,24,0
2022-11-11 01:30:00,0.96502,0.96527,0.96463,0.96497,568,19,0
2022-11-11 02:00:00,0.96498,0.96501,0.96419,0.96481,1011,17,0
2022-11-11 02:30:00,0.9648,0.96605,0.9647,0.96526,1469,17,0
2022-11-11 03:00:00,0.96527,0.96635,0.96499,0.96624,1372,17,0
2022-11-11 03:30:00,0.96625,0.96796,0.96622,0.96794,1531,17,0
2022-11-11 04:00:00,0.96795,0.96811,0.96689,0.96698,1283,17,0
2022-11-11 04:30:00,0.96698,0.96698,0.96563,0.96603,1094,17,0
2022-11-11 05:00:00,0.96604,0.96664,0.96576,0.96662,873,17,0
2022-11-11 05:30:00,0.96663,0.96693,0.96613,0.9666,1002,19,0
2022-11-11 06:00:00,0.96662,0.96715,0.96651,0.9666,813,17,0
2022-11-11 06:30:00,0.9666,0.96689,0.96567,0.96587,1154,18,0
2022-11-11 07:00:00,0.96588,0.96605,0.96462,0.96467,1400,17,0
2022-11-11 07:30:00,0.96468,0.96517,0.96397,0.96451,1948,17,0
2022-11-11 08:00:00,0.96452,0.96486,0.96333,0.96446,2112,17,0
2022-11-11 08:30:00,0.96445,0.96526,0.96421,0.96421,1512,18,0
2022-11-11 09:00:00,0.96415,0.96415,0.96215,0.96287,2563,17,0
2022-11-11 09:30:00,0.96283,0.96347,0.96182,0.96284,2912,17,0
2022-11-11 10:00:00,0.96284,0.96459,0.96255,0.96335,3376,17,0
2022-11-11 10:30:00,0.96335,0.96368,0.96077,0.96106,3038,17,0
2022-11-11 11:00:00,0.96105,0.96211,0.96051,0.96187,3237,17,0
2022-11-11 11:30:00,0.96187,0.96202,0.95887,0.95916,3201,17,0
2022-11-11 12:00:00,0.95917,0.96054,0.95802,0.9601,4142,17,0
2022-11-11 12:30:00,0.96004,0.96134,0.95955,0.96089,3202,17,0
2022-11-11 13:00:00,0.96087,0.96102,0.95853,0.95862,2496,17,0
2022-11-11 13:30:00,0.95855,0.95887,0.95704,0.95738,2816,17,0
2022-11-11 14:00:00,0.95738,0.95772,0.95524,0.95562,2544,17,0
2022-11-11 14:30:00,0.95563,0.9566,0.95437,0.95475,2542,17,0
2022-11-11 15:00:00,0.95475,0.95535,0.94493,0.94526,4183,17,0
2022-11-11 15:30:00,0.94527,0.95082,0.94496,0.94856,4017,17,0
2022-11-11 16:00:00,0.94858,0.95144,0.94678,0.95136,3761,17,0
2022-11-11 16:30:00,0.95136,0.9545,0.94872,0.94922,4946,17,0
2022-11-11 17:00:00,0.94919,0.95077,0.94847,0.94855,5039,17,0
2022-11-11 17:30:00,0.94855,0.95026,0.94557,0.94565,3619,17,0
2022-11-11 18:00:00,0.94564,0.94693,0.945,0.94583,3342,17,0
2022-11-11 18:30:00,0.94583,0.94676,0.94452,0.94497,2856,17,0
2022-11-11 19:00:00,0.94496,0.94519,0.94311,0.94317,1825,17,0
2022-11-11 19:30:00,0.94318,0.94397,0.94177,0.94226,1834,17,0
2022-11-11 20:00:00,0.94226,0.94269,0.94028,0.94032,1972,17,0
2022-11-11 20:30:00,0.94031,0.94131,0.94028,0.94098,1487,17,0
2022-11-11 21:00:00,0.94099,0.94136,0.94053,0.94079,1543,17,0
2022-11-11 21:30:00,0.94078,0.94116,0.93965,0.94042,1390,18,0
2022-11-11 22:00:00,0.94039,0.94144,0.94034,0.94059,1214,17,0
2022-11-11 22:30:00,0.94059,0.94105,0.94,0.94062,1279,17,0
2022-11-11 23:00:00,0.94064,0.94079,0.93996,0.9401,730,19,0
2022-11-11 23:30:00,0.94018,0.94114,0.94018,0.94102,772,22,0
2022-11-14 00:00:00,0.94104,0.94223,0.94104,0.94223,20,83,0
2022-11-14 00:30:00,0.94259,0.94272,0.94259,0.94272,10,171,0
2022-11-14 01:00:00,0.94337,0.94404,0.9427,0.9432,1545,17,0
2022-11-14 01:30:00,0.94319,0.94405,0.94316,0.94405,646,17,0
2022-11-14 02:00:00,0.94407,0.94441,0.94326,0.94421,1988,17,0
2022-11-14 02:30:00,0.9442,0.94483,0.94386,0.94389,1522,17,0
2022-11-14 03:00:00,0.94389,0.9442,0.94244,0.94364,2431,17,0
2022-11-14 03:30:00,0.94364,0.94457,0.94352,0.94436,1654,17,0
2022-11-14 04:00:00,0.94435,0.9449,0.94413,0.94437,1279,17,0
2022-11-14 04:30:00,0.94436,0.94512,0.94387,0.94447,943,17,0
2022-11-14 05:00:00,0.94446,0.94504,0.94426,0.94468,1256,17,0
2022-11-14 05:30:00,0.94465,0.94556,0.94449,0.94533,815,17,0
2022-11-14 06:00:00,0.94533,0.94696,0.94531,0.9469,1023,17,0
2022-11-14 06:30:00,0.9469,0.94728,0.94654,0.94669,749,17,0
2022-11-14 07:00:00,0.94669,0.94775,0.94661,0.94775,800,17,0
2022-11-14 07:30:00,0.94775,0.94842,0.94757,0.9479,1053,17,0
2022-11-14 08:00:00,0.94785,0.94791,0.94685,0.94689,1310,17,0
2022-11-14 08:30:00,0.94689,0.94749,0.94611,0.94626,1003,17,0
2022-11-14 09:00:00,0.94625,0.94688,0.94521,0.94662,1674,17,0
2022-11-14 09:30:00,0.94658,0.94676,0.94531,0.94535,1915,17,0
2022-11-14 10:00:00,0.94533,0.94611,0.9437,0.94483,3807,17,0
2022-11-14 10:30:00,0.94482,0.94498,0.9424,0.94258,3515,17,0
2022-11-14 11:00:00,0.94258,0.94609,0.94258,0.94514,3127,17,0
2022-11-14 11:30:00,0.94513,0.94594,0.9444,0.94579,3134,17,0
2022-11-14 12:00:00,0.94579,0.94799,0.94518,0.94666,2429,17,0
2022-11-14 12:30:00,0.94665,0.94872,0.94653,0.94861,2532,17,0
2022-11-14 13:00:00,0.94861,0.94882,0.94664,0.94712,2125,17,0
2022-11-14 13:30:00,0.94712,0.94795,0.94667,0.94703,1887,17,0
2022-11-14 14:00:00,0.94703,0.94752,0.9458,0.9459,2005,17,0
2022-11-14 14:30:00,0.9459,0.94684,0.94383,0.94396,2861,17,0
2022-11-14 15:00:00,0.94397,0.9457,0.94394,0.94564,3693,17,0
2022-11-14 15:30:00,0.94565,0.94706,0.94536,0.94559,3691,17,0
2022-11-14 16:00:00,0.94555,0.94768,0.94524,0.94724,3063,17,0
2022-11-14 16:30:00,0.94723,0.94774,0.94627,0.94733,3500,17,0
2022-11-14 17:00:00,0.94735,0.94736,0.94451,0.94567,3216,17,0
2022-11-14 17:30:00,0.94568,0.946,0.94462,0.94552,2942,17,0
2022-11-14 18:00:00,0.94553,0.94612,0.94408,0.94431,2247,17,0
2022-11-14 18:30:00,0.94431,0.94431,0.94203,0.94271,2887,17,0
2022-11-14 19:00:00,0.94272,0.94272,0.941,0.94115,2298,17,0
2022-11-14 19:30:00,0.94115,0.94259,0.94054,0.94232,2104,17,0
2022-11-14 20:00:00,0.94231,0.94253,0.94072,0.94074,1572,17,0
2022-11-14 20:30:00,0.94074,0.94122,0.94064,0.94091,984,17,0
2022-11-14 21:00:00,0.94091,0.94155,0.9404,0.94139,655,17,0
2022-11-14 21:30:00,0.94138,0.94176,0.94117,0.94143,662,17,0
2022-11-14 22:00:00,0.9415,0.94233,0.94104,0.94204,919,17,0
2022-11-14 22:30:00,0.94204,0.94297,0.94176,0.94297,1386,17,0
2022-11-14 23:00:00,0.94298,0.94323,0.94259,0.94269,717,17,0
2022-11-14 23:30:00,0.94269,0.94318,0.94268,0.94286,414,24,0
2022-11-15 00:00:00,0.94228,0.94318,0.94228,0.94318,2,171,0
2022-11-15 00:30:00,0.943,0.94308,0.943,0.94308,15,85,0
2022-11-15 01:00:00,0.94318,0.94391,0.94261,0.94349,2099,17,0
2022-11-15 01:30:00,0.94348,0.9435,0.94244,0.94326,836,18,0
2022-11-15 02:00:00,0.94326,0.94424,0.94295,0.9442,747,17,0
2022-11-15 02:30:00,0.9442,0.94451,0.9437,0.94401,908,17,0
2022-11-15 03:00:00,0.94399,0.94447,0.94309,0.94376,1321,17,0
2022-11-15 03:30:00,0.94375,0.94479,0.94374,0.94433,1182,17,0
2022-11-15 04:00:00,0.94433,0.94475,0.94392,0.94453,959,17,0
2022-11-15 04:30:00,0.94454,0.94455,0.94396,0.94425,658,17,0
2022-11-15 05:00:00,0.94423,0.94477,0.94411,0.94468,824,17,0
2022-11-15 05:30:00,0.94469,0.9453,0.94466,0.94511,631,17,0
2022-11-15 06:00:00,0.94511,0.94521,0.94472,0.94496,496,18,0
2022-11-15 06:30:00,0.94495,0.94503,0.9447,0.94478,417,18,0
2022-11-15 07:00:00,0.94477,0.94485,0.94344,0.94353,769,17,0
2022-11-15 07:30:00,0.94352,0.94417,0.9435,0.94407,762,18,0
2022-11-15 08:00:00,0.94408,0.94423,0.94275,0.94363,940,17,0
2022-11-15 08:30:00,0.94361,0.9442,0.94333,0.9439,925,17,0
2022-11-15 09:00:00,0.94373,0.94376,0.94022,0.94109,2016,17,0
2022-11-15 09:30:00,0.94111,0.94116,0.93783,0.93961,3767,17,0
2022-11-15 10:00:00,0.93961,0.94057,0.93916,0.93986,3848,17,0
2022-11-15 10:30:00,0.93986,0.94036,0.93923,0.93958,2935,17,0
2022-11-15 11:00:00,0.9396,0.94155,0.93904,0.94085,2422,17,0
2022-11-15 11:30:00,0.94085,0.94165,0.93936,0.9394,2144,17,0
2022-11-15 12:00:00,0.93922,0.94045,0.93899,0.93968,3015,17,0
2022-11-15 12:30:00,0.93967,0.93968,0.93824,0.9385,2840,17,0
2022-11-15 13:00:00,0.9385,0.93992,0.93794,0.93948,2794,17,0
2022-11-15 13:30:00,0.93947,0.94066,0.93917,0.94029,2421,17,0
2022-11-15 14:00:00,0.9403,0.94157,0.94007,0.94123,2676,17,0
2022-11-15 14:30:00,0.94124,0.94139,0.93992,0.9413,2213,16,0
2022-11-15 15:00:00,0.94129,0.94241,0.94033,0.94187,3395,17,0
2022-11-15 15:30:00,0.94126,0.94172,0.93554,0.93952,8621,17,0
2022-11-15 16:00:00,0.93953,0.94473,0.93924,0.94423,6386,17,0
2022-11-15 16:30:00,0.94423,0.94532,0.94281,0.94369,6826,17,0
2022-11-15 17:00:00,0.94367,0.945,0.9425,0.94344,4821,17,0
2022-11-15 17:30:00,0.94345,0.94651,0.94262,0.94491,5388,17,0
2022-11-15 18:00:00,0.94494,0.94516,0.94318,0.94469,4206,17,0
2022-11-15 18:30:00,0.94468,0.94512,0.94368,0.94446,2500,17,0
2022-11-15 19:00:00,0.94446,0.94629,0.94404,0.94415,3050,17,0
2022-11-15 19:30:00,0.94415,0.94453,0.94361,0.94402,1975,17,0
2022-11-15 20:00:00,0.94402,0.94734,0.94395,0.94615,2949,17,0
2022-11-15 20:30:00,0.94616,0.94745,0.94484,0.94518,7049,17,0
2022-11-15 21:00:00,0.94516,0.94678,0.94446,0.94561,6459,17,0
2022-11-15 21:30:00,0.9456,0.94561,0.94232,0.94232,3587,17,0
2022-11-15 22:00:00,0.94234,0.94347,0.94166,0.94307,3582,17,0
2022-11-15 22:30:00,0.94306,0.944,0.94266,0.94397,2574,17,0
2022-11-15 23:00:00,0.94397,0.94445,0.94345,0.94413,1138,20,0
2022-11-15 23:30:00,0.94413,0.94481,0.9439,0.9439,872,24,0
2022-11-16 00:30:00,0.94336,0.94382,0.94318,0.94362,16,91,0
2022-11-16 01:00:00,0.94374,0.94434,0.94307,0.94352,740,17,0
2022-11-16 01:30:00,0.94353,0.94368,0.94276,0.94291,565,17,0
2022-11-16 02:00:00,0.94291,0.94485,0.94283,0.9447,1048,17,0
2022-11-16 02:30:00,0.94468,0.94498,0.94375,0.94421,1406,17,0
2022-11-16 03:00:00,0.94419,0.9447,0.94401,0.94442,1172,17,0
2022-11-16 03:30:00,0.94443,0.94556,0.94443,0.94501,2384,17,0
2022-11-16 04:00:00,0.94501,0.94513,0.94311,0.94349,2202,17,0
2022-11-16 04:30:00,0.94353,0.94406,0.94327,0.9437,1277,17,0
2022-11-16 05:00:00,0.9437,0.94527,0.94364,0.94524,1435,17,0
2022-11-16 05:30:00,0.94524,0.94583,0.94519,0.94576,960,17,0
2022-11-16 06:00:00,0.94576,0.94686,0.94548,0.94585,1137,17,0
2022-11-16 06:30:00,0.94584,0.94614,0.94515,0.94612,1148,18,0
2022-11-16 07:00:00,0.94609,0.94655,0.94362,0.94414,1968,17,0
2022-11-16 07:30:00,0.94413,0.94441,0.94377,0.94408,1671,17,0
2022-11-16 08:00:00,0.94408,0.94466,0.94319,0.9432,1561,18,0
2022-11-16 08:30:00,0.94322,0.94385,0.94237,0.94295,1459,17,0
2022-11-16 09:00:00,0.94291,0.94462,0.94243,0.94438,2647,17,0
2022-11-16 09:30:00,0.94438,0.94496,0.94217,0.94241,2598,17,0
2022-11-16 10:00:00,0.94242,0.94256,0.94106,0.94239,3539,17,0
2022-11-16 10:30:00,0.94239,0.94318,0.94127,0.94216,2371,17,0
2022-11-16 11:00:00,0.94215,0.9426,0.94029,0.94093,2491,17,0
2022-11-16 11:30:00,0.94093,0.94147,0.94044,0.94046,1961,17,0
2022-11-16 12:00:00,0.94045,0.94078,0.93923,0.94002,2280,17,0
2022-11-16 12:30:00,0.94002,0.94115,0.9385,0.93861,2172,17,0
2022-11-16 13:00:00,0.93864,0.94011,0.93862,0.93908,3007,17,0
2022-11-16 13:30:00,0.93908,0.94073,0.93908,0.93985,2648,17,0
2022-11-16 14:00:00,0.93985,0.93998,0.93882,0.93973,2125,17,0
2022-11-16 14:30:00,0.93974,0.94067,0.93894,0.93909,2630,17,0
2022-11-16 15:00:00,0.93907,0.94157,0.93907,0.94063,2533,17,0
2022-11-16 15:30:00,0.94065,0.94309,0.94045,0.94183,5377,17,0
2022-11-16 16:00:00,0.94182,0.94206,0.94072,0.94104,3568,17,0
2022-11-16 16:30:00,0.94103,0.94323,0.94032,0.94249,4547,17,0
2022-11-16 17:00:00,0.9425,0.94367,0.94177,0.94303,4293,17,0
2022-11-16 17:30:00,0.94302,0.94321,0.9423,0.94267,3944,17,0
2022-11-16 18:00:00,0.94269,0.94318,0.94178,0.94309,2434,17,0
2022-11-16 18:30:00,0.9431,0.94471,0.94302,0.94444,1992,17,0
2022-11-16 19:00:00,0.94444,0.94472,0.94398,0.94417,1727,17,0
2022-11-16 19:30:00,0.94417,0.94433,0.94335,0.94382,1743,17,0
2022-11-16 20:00:00,0.94381,0.94507,0.94329,0.9449,1298,17,0
2022-11-16 20:30:00,0.94489,0.94559,0.94482,0.94492,1549,17,0
2022-11-16 21:00:00,0.94492,0.94516,0.94455,0.94475,1057,17,0
2022-11-16 21:30:00,0.94473,0.94511,0.94372,0.94405,1721,17,0
2022-11-16 22:00:00,0.94405,0.94469,0.94388,0.94392,1240,17,0
2022-11-16 22:30:00,0.94391,0.9444,0.94358,0.94417,1114,17,0
2022-11-16 23:00:00,0.94416,0.94509,0.94407,0.94499,600,17,0
2022-11-16 23:30:00,0.945,0.94505,0.94437,0.9444,369,23,0
2022-11-17 00:00:00,0.94412,0.94412,0.94408,0.94408,2,138,0
2022-11-17 00:30:00,0.94374,0.94427,0.94361,0.94377,50,95,0
2022-11-17 01:00:00,0.94398,0.9446,0.94368,0.94379,1371,18,0
2022-11-17 01:30:00,0.94386,0.94448,0.94386,0.94434,287,19,0
2022-11-17 02:00:00,0.94434,0.94435,0.9439,0.9441,440,20,0
2022-11-17 02:30:00,0.94411,0.94462,0.94393,0.9446,500,18,0
2022-11-17 03:00:00,0.94455,0.94499,0.94422,0.94472,678,18,0
2022-11-17 03:30:00,0.94472,0.94552,0.94455,0.94537,817,17,0
2022-11-17 04:00:00,0.94537,0.94639,0.9451,0.94613,1065,17,0
2022-11-17 04:30:00,0.94614,0.94614,0.94547,0.94573,619,17,0
2022-11-17 05:00:00,0.94571,0.94674,0.94571,0.94651,628,17,0
2022-11-17 05:30:00,0.94651,0.9467,0.94597,0.94602,531,17,0
2022-11-17 06:00:00,0.94601,0.94639,0.9458,0.94609,566,18,0
2022-11-17 06:30:00,0.9461,0.94659,0.94582,0.94652,541,17,0
2022-11-17 07:00:00,0.94652,0.94666,0.94544,0.94568,655,18,0
2022-11-17 07:30:00,0.94569,0.94609,0.94524,0.94526,686,19,0
2022-11-17 08:00:00,0.94527,0.9455,0.94487,0.94526,694,17,0
2022-11-17 08:30:00,0.94525,0.9455,0.94417,0.9446,766,17,0
2022-11-17 09:00:00,0.94465,0.94645,0.94459,0.94584,1569,17,0
2022-11-17 09:30:00,0.94583,0.94583,0.94421,0.94454,1485,17,0
2022-11-17 10:00:00,0.94454,0.94508,0.94319,0.94498,2689,17,0
2022-11-17 10:30:00,0.94499,0.94574,0.94446,0.94551,2131,17,0
2022-11-17 11:00:00,0.94552,0.94638,0.94541,0.94631,1606,17,0
2022-11-17 11:30:00,0.94631,0.94785,0.94631,0.94724,1702,17,0
2022-11-17 12:00:00,0.94723,0.94796,0.94677,0.94751,1856,17,0
2022-11-17 12:30:00,0.94749,0.95091,0.94735,0.9498,2388,17,0
2022-11-17 13:00:00,0.9498,0.94995,0.94888,0.94914,1901,17,0
2022-11-17 13:30:00,0.94914,0.94987,0.94819,0.94841,3085,17,0
2022-11-17 14:00:00,0.94841,0.94883,0.94709,0.9485,2713,17,0
2022-11-17 14:30:00,0.94851,0.95047,0.94836,0.94977,2841,17,0
2022-11-17 15:00:00,0.94978,0.9517,0.94969,0.95059,3972,17,0
2022-11-17 15:30:00,0.95063,0.95225,0.9485,0.95201,3983,17,0
2022-11-17 16:00:00,0.95202,0.95277,0.95118,0.95133,3056,17,0
2022-11-17 16:30:00,0.95136,0.95347,0.95074,0.95345,3675,17,0
2022-11-17 17:00:00,0.95345,0.95357,0.9523,0.95271,2743,17,0
2022-11-17 17:30:00,0.95271,0.95528,0.95271,0.95474,2767,17,0
2022-11-17 18:00:00,0.95474,0.95565,0.95439,0.95491,2386,17,0
2022-11-17 18:30:00,0.95492,0.9554,0.95369,0.95392,2125,17,0
2022-11-17 19:00:00,0.95391,0.95395,0.95292,0.95349,2456,17,0
2022-11-17 19:30:00,0.9535,0.95367,0.95197,0.95272,1666,17,0
2022-11-17 20:00:00,0.9527,0.95284,0.95158,0.95191,1332,17,0
2022-11-17 20:30:00,0.95192,0.95193,0.95099,0.95164,908,17,0
2022-11-17 21:00:00,0.95164,0.95229,0.95143,0.95225,992,17,0
2022-11-17 21:30:00,0.95225,0.9523,0.95161,0.95189,1106,17,0
2022-11-17 22:00:00,0.9519,0.95233,0.95146,0.9523,1379,17,0
2022-11-17 22:30:00,0.95229,0.95231,0.95168,0.95175,1137,17,0
2022-11-17 23:00:00,0.9518,0.95193,0.95139,0.95153,597,18,0
2022-11-17 23:30:00,0.95154,0.95219,0.95152,0.95168,458,22,0
2022-11-18 00:00:00,0.95086,0.95203,0.95086,0.95203,4,89,0
2022-11-18 00:30:00,0.95198,0.95198,0.95184,0.95198,63,30,0
2022-11-18 01:00:00,0.95205,0.95232,0.95148,0.95231,2787,17,0
2022-11-18 01:30:00,0.9523,0.95285,0.95216,0.95281,2393,18,0
2022-11-18 02:00:00,0.95282,0.95298,0.95181,0.95188,683,17,0
2022-11-18 02:30:00,0.95188,0.95195,0.95139,0.9519,491,17,0
2022-11-18 03:00:00,0.95191,0.95233,0.95144,0.9517,857,17,0
2022-11-18 03:30:00,0.95171,0.95224,0.95135,0.95147,1072,19,0
2022-11-18 04:00:00,0.95149,0.95183,0.95099,0.95139,920,17,0
2022-11-18 04:30:00,0.95139,0.95227,0.95136,0.95196,675,17,0
2022-11-18 05:00:00,0.95196,0.95227,0.95155,0.95208,647,19,0
2022-11-18 05:30:00,0.95207,0.95224,0.95054,0.95099,935,19,0
2022-11-18 06:00:00,0.95101,0.95187,0.95092,0.95179,687,19,0
2022-11-18 06:30:00,0.95179,0.95253,0.95176,0.95228,500,18,0
2022-11-18 07:00:00,0.95227,0.95238,0.95204,0.95213,523,18,0
2022-11-18 07:30:00,0.95214,0.9523,0.95163,0.95163,597,18,0
2022-11-18 08:00:00,0.95163,0.95237,0.95148,0.95236,722,17,0
2022-11-18 08:30:00,0.95237,0.95261,0.95154,0.95174,1220,17,0
2022-11-18 09:00:00,0.95173,0.95286,0.9514,0.95264,1718,17,0
2022-11-18 09:30:00,0.95266,0.95289,0.95079,0.95092,1489,17,0
2022-11-18 10:00:00,0.95092,0.95302,0.95091,0.95249,2799,17,0
2022-11-18 10:30:00,0.95249,0.95264,0.95093,0.95115,1973,17,0
2022-11-18 11:00:00,0.95114,0.95192,0.95018,0.9504,2226,17,0
2022-11-18 11:30:00,0.95038,0.95142,0.94973,0.95076,2001,17,0
2022-11-18 12:00:00,0.95077,0.95167,0.9507,0.95144,1443,17,0
2022-11-18 12:30:00,0.95143,0.95144,0.95067,0.95128,1469,17,0
2022-11-18 13:00:00,0.95128,0.95196,0.95061,0.95163,1740,17,0
2022-11-18 13:30:00,0.95161,0.95304,0.95147,0.95261,1650,17,0
2022-11-18 14:00:00,0.9526,0.95265,0.95152,0.95173,1531,17,0
2022-11-18 14:30:00,0.95175,0.95372,0.95175,0.95347,1571,17,0
2022-11-18 15:00:00,0.95347,0.9538,0.95166,0.95235,2367,17,0
2022-11-18 15:30:00,0.95235,0.95373,0.95186,0.95304,2295,17,0
2022-11-18 16:00:00,0.95303,0.95399,0.9528,0.95318,2268,17,0
2022-11-18 16:30:00,0.95319,0.95454,0.95274,0.95392,3041,17,0
2022-11-18 17:00:00,0.95393,0.95469,0.95232,0.95247,2585,17,0
2022-11-18 17:30:00,0.9525,0.95261,0.95039,0.95061,2570,17,0
2022-11-18 18:00:00,0.95062,0.95126,0.95015,0.95097,1776,17,0
2022-11-18 18:30:00,0.95098,0.95245,0.95082,0.9522,1712,17,0
2022-11-18 19:00:00,0.95219,0.95395,0.95212,0.95338,1354,17,0
2022-11-18 19:30:00,0.95339,0.95348,0.95259,0.95305,984,17,0
2022-11-18 20:00:00,0.95304,0.95399,0.953,0.95325,838,17,0
2022-11-18 20:30:00,0.95325,0.95386,0.95321,0.95355,637,17,0
2022-11-18 21:00:00,0.95355,0.95407,0.95342,0.95403,637,17,0
2022-11-18 21:30:00,0.95403,0.95418,0.95344,0.95347,843,17,0
2022-11-18 22:00:00,0.95349,0.95356,0.95305,0.9533,1001,17,0
2022-11-18 22:30:00,0.95331,0.95386,0.95318,0.95377,1151,17,0
2022-11-18 23:00:00,0.95377,0.95446,0.95377,0.95442,444,19,0
2022-11-18 23:30:00,0.95442,0.9548,0.95427,0.95453,624,24,0
2022-11-21 00:00:00,0.95393,0.95398,0.95381,0.95381,14,56,0
2022-11-21 00:30:00,0.95378,0.95406,0.95378,0.95406,12,56,0
2022-11-21 01:00:00,0.95407,0.95407,0.95307,0.95361,2922,17,0
2022-11-21 01:30:00,0.95363,0.95374,0.95324,0.95334,2834,17,0
2022-11-21 02:00:00,0.95331,0.95437,0.95328,0.95422,685,17,0
2022-11-21 02:30:00,0.95422,0.95474,0.95387,0.95433,943,17,0
2022-11-21 03:00:00,0.95434,0.9552,0.95422,0.95485,1207,17,0
2022-11-21 03:30:00,0.95485,0.95519,0.95363,0.95419,1443,17,0
2022-11-21 04:00:00,0.9542,0.95541,0.95419,0.95449,1129,17,0
2022-11-21 04:30:00,0.95449,0.95551,0.95449,0.95522,836,17,0
2022-11-21 05:00:00,0.95522,0.95529,0.95432,0.95453,780,17,0
2022-11-21 05:30:00,0.95454,0.95468,0.95419,0.9543,721,17,0
2022-11-21 06:00:00,0.95429,0.95498,0.95414,0.95491,504,17,0
2022-11-21 06:30:00,0.95492,0.95583,0.9549,0.95557,1042,17,0
2022-11-21 07:00:00,0.95556,0.956,0.95541,0.95564,890,17,0
2022-11-21 07:30:00,0.95567,0.9562,0.95544,0.95553,855,17,0
2022-11-21 08:00:00,0.95554,0.95596,0.95522,0.9558,1202,17,0
2022-11-21 08:30:00,0.95579,0.95723,0.95553,0.95714,1198,17,0
2022-11-21 09:00:00,0.95719,0.95736,0.95654,0.95688,1701,17,0
2022-11-21 09:30:00,0.95688,0.95725,0.95551,0.95682,1707,17,0
2022-11-21 10:00:00,0.95682,0.95726,0.95588,0.95602,1930,17,0
2022-11-21 10:30:00,0.95601,0.95641,0.95545,0.95637,1854,17,0
2022-11-21 11:00:00,0.95636,0.95793,0.95615,0.95762,1854,17,0
2022-11-21 11:30:00,0.95763,0.95928,0.95755,0.95913,2247,17,0
2022-11-21 12:00:00,0.95912,0.95929,0.95818,0.95911,1640,17,0
2022-11-21 12:30:00,0.95911,0.95968,0.95817,0.9582,1932,17,0
2022-11-21 13:00:00,0.95824,0.95868,0.95782,0.9581,1881,17,0
2022-11-21 13:30:00,0.9581,0.95826,0.95694,0.95784,1417,17,0
2022-11-21 14:00:00,0.95783,0.95898,0.95782,0.95792,1918,17,0
2022-11-21 14:30:00,0.95795,0.95862,0.95768,0.95816,1641,17,0
2022-11-21 15:00:00,0.95814,0.95882,0.95711,0.95753,1781,17,0
2022-11-21 15:30:00,0.95752,0.95858,0.95741,0.95772,1768,17,0
2022-11-21 16:00:00,0.95773,0.95862,0.95672,0.95698,2241,17,0
2022-11-21 16:30:00,0.95699,0.95802,0.95647,0.95666,2395,17,0
2022-11-21 17:00:00,0.95665,0.95838,0.95605,0.95806,2545,17,0
2022-11-21 17:30:00,0.95807,0.95899,0.95756,0.95895,2235,17,0
2022-11-21 18:00:00,0.95895,0.95897,0.95766,0.95815,1328,17,0
2022-11-21 18:30:00,0.95813,0.95895,0.95777,0.95846,1374,17,0
2022-11-21 19:00:00,0.95846,0.95937,0.95837,0.95928,1539,17,0
2022-11-21 19:30:00,0.9593,0.95932,0.95845,0.95884,1056,17,0
2022-11-21 20:00:00,0.9589,0.95924,0.95842,0.95922,1111,18,0
2022-11-21 20:30:00,0.95922,0.95955,0.95909,0.95923,763,17,0
2022-11-21 21:00:00,0.95924,0.95925,0.95881,0.95896,839,17,0
2022-11-21 21:30:00,0.95899,0.95941,0.9588,0.95937,1054,17,0
2022-11-21 22:00:00,0.95934,0.95975,0.95884,0.95954,1040,17,0
2022-11-21 22:30:00,0.95955,0.95956,0.95855,0.95887,1363,17,0
2022-11-21 23:00:00,0.95887,0.95949,0.95887,0.95895,604,17,0
2022-11-21 23:30:00,0.95896,0.9593,0.95872,0.9589,434,17,0
2022-11-22 00:00:00,0.95829,0.95894,0.95829,0.9589,22,51,0
2022-11-22 00:30:00,0.95881,0.95887,0.95867,0.95867,31,22,0
2022-11-22 01:00:00,0.9587,0.9587,0.95816,0.95851,1400,17,0
2022-11-22 01:30:00,0.9585,0.95869,0.95827,0.95841,447,19,0
2022-11-22 02:00:00,0.9584,0.95866,0.95757,0.95777,660,17,0
2022-11-22 02:30:00,0.95778,0.95791,0.95725,0.95737,675,17,0
2022-11-22 03:00:00,0.95737,0.95741,0.95634,0.95655,687,17,0
2022-11-22 03:30:00,0.95654,0.95732,0.95612,0.95686,807,17,0
2022-11-22 04:00:00,0.95687,0.95709,0.95658,0.95679,721,17,0
2022-11-22 04:30:00,0.9568,0.95722,0.95641,0.95648,1135,17,0
2022-11-22 05:00:00,0.95647,0.9566,0.95625,0.95641,593,18,0
2022-11-22 05:30:00,0.9564,0.95675,0.95639,0.95667,415,18,0
2022-11-22 06:00:00,0.95668,0.95676,0.95659,0.95667,338,19,0
2022-11-22 06:30:00,0.95666,0.95669,0.95613,0.95649,323,18,0
2022-11-22 07:00:00,0.95648,0.9571,0.95643,0.95706,602,17,0
2022-11-22 07:30:00,0.95707,0.95777,0.95697,0.9573,595,17,0
2022-11-22 08:00:00,0.95734,0.95735,0.95648,0.95696,720,17,0
2022-11-22 08:30:00,0.95695,0.95739,0.95666,0.95725,982,17,0
2022-11-22 09:00:00,0.95725,0.95759,0.95682,0.95749,1158,17,0
2022-11-22 09:30:00,0.95748,0.95754,0.95654,0.95681,1397,17,0
2022-11-22 10:00:00,0.95681,0.95814,0.9562,0.95663,2387,17,0
2022-11-22 10:30:00,0.95663,0.95738,0.95619,0.95691,1854,17,0
2022-11-22 11:00:00,0.95692,0.95717,0.95642,0.95668,1894,17,0
2022-11-22 11:30:00,0.95666,0.95666,0.95521,0.95541,2158,17,0
2022-11-22 12:00:00,0.95543,0.95568,0.95339,0.95426,1777,17,0
2022-11-22 12:30:00,0.95425,0.9549,0.9541,0.95438,939,17,0
2022-11-22 13:00:00,0.95436,0.95478,0.95374,0.95434,1757,17,0
2022-11-22 13:30:00,0.95436,0.95514,0.95436,0.95469,1664,17,0
2022-11-22 14:00:00,0.9547,0.95531,0.9544,0.95528,1311,17,0
2022-11-22 14:30:00,0.95527,0.95532,0.95323,0.95332,1149,17,0
2022-11-22 15:00:00,0.95334,0.95366,0.95202,0.95251,1675,17,0
2022-11-22 15:30:00,0.9525,0.9527,0.95083,0.95151,1764,17,0
2022-11-22 16:00:00,0.95151,0.95267,0.95142,0.95215,1864,17,0
2022-11-22 16:30:00,0.95215,0.95277,0.95144,0.95177,2500,17,0
2022-11-22 17:00:00,0.95178,0.95265,0.95126,0.95142,2132,17,0
2022-11-22 17:30:00,0.95141,0.95253,0.95117,0.95249,2249,17,0
2022-11-22 18:00:00,0.95249,0.95372,0.95222,0.95334,1443,17,0
2022-11-22 18:30:00,0.95345,0.954,0.9531,0.9531,1432,17,0
2022-11-22 19:00:00,0.95313,0.95377,0.95308,0.95358,894,17,0
2022-11-22 19:30:00,0.95358,0.95367,0.95199,0.952,819,17,0
2022-11-22 20:00:00,0.95197,0.95257,0.95197,0.952,829,17,0
2022-11-22 20:30:00,0.95199,0.95219,0.95122,0.95151,722,17,0
2022-11-22 21:00:00,0.95152,0.95242,0.95151,0.95199,637,18,0
2022-11-22 21:30:00,0.952,0.95248,0.95195,0.95216,456,17,0
2022-11-22 22:00:00,0.95216,0.95244,0.95206,0.95218,646,17,0
2022-11-22 22:30:00,0.95218,0.95224,0.95159,0.95175,920,17,0
2022-11-22 23:00:00,0.95174,0.95205,0.95144,0.95146,709,17,0
2022-11-22 23:30:00,0.95145,0.95189,0.95134,0.95134,725,22,0
2022-11-23 00:00:00,0.95142,0.95178,0.95142,0.95153,32,56,0
2022-11-23 00:30:00,0.95148,0.9517,0.95138,0.95151,111,56,0
2022-11-23 01:00:00,0.9515,0.95209,0.95121,0.95165,1768,22,0
2022-11-23 01:30:00,0.95165,0.95165,0.95101,0.95109,260,19,0
2022-11-23 02:00:00,0.9511,0.95118,0.95025,0.95061,458,17,0
2022-11-23 02:30:00,0.95057,0.95154,0.95057,0.9515,408,17,0
2022-11-23 03:00:00,0.95149,0.9521,0.95082,0.9519,1130,17,0
2022-11-23 03:30:00,0.95191,0.95199,0.95099,0.95121,1123,17,0
2022-11-23 04:00:00,0.95121,0.95169,0.95106,0.9515,629,17,0
2022-11-23 04:30:00,0.95147,0.9515,0.95041,0.95043,806,17,0
2022-11-23 05:00:00,0.95043,0.95147,0.95043,0.95143,602,17,0
2022-11-23 05:30:00,0.95141,0.95181,0.95102,0.95162,377,18,0
2022-11-23 06:00:00,0.95164,0.95199,0.95163,0.95187,477,17,0
2022-11-23 06:30:00,0.95187,0.95189,0.95149,0.95152,288,17,0
2022-11-23 07:00:00,0.95154,0.95185,0.95027,0.95027,490,18,0
2022-11-23 07:30:00,0.95026,0.95066,0.95022,0.95065,460,17,0
2022-11-23 08:00:00,0.95065,0.95095,0.95045,0.95072,505,17,0
2022-11-23 08:30:00,0.95063,0.95099,0.95024,0.95077,742,17,0
2022-11-23 09:00:00,0.95079,0.95116,0.95006,0.95028,1128,17,0
2022-11-23 09:30:00,0.95028,0.95051,0.94882,0.94975,1394,17,0
2022-11-23 10:00:00,0.94979,0.95188,0.94979,0.95132,2170,16,0
2022-11-23 10:30:00,0.95131,0.95227,0.95131,0.95208,1710,17,0
2022-11-23 11:00:00,0.95207,0.95293,0.95177,0.95204,1501,17,0
2022-11-23 11:30:00,0.95204,0.95236,0.95074,0.95119,1473,17,0
2022-11-23 12:00:00,0.95121,0.95309,0.9512,0.95298,1494,17,0
2022-11-23 12:30:00,0.95298,0.95323,0.95219,0.95237,899,17,0
2022-11-23 13:00:00,0.95238,0.95284,0.95175,0.95178,1139,17,0
2022-11-23 13:30:00,0.95178,0.95225,0.95089,0.95111,862,17,0
2022-11-23 14:00:00,0.95112,0.95159,0.94993,0.94993,1157,17,0
2022-11-23 14:30:00,0.94993,0.95024,0.94904,0.94945,1498,17,0
2022-11-23 15:00:00,0.94943,0.94982,0.94834,0.9495,1851,17,0
2022-11-23 15:30:00,0.94953,0.9498,0.94799,0.94916,4018,17,0
2022-11-23 16:00:00,0.94914,0.94919,0.9475,0.94854,2170,17,0
2022-11-23 16:30:00,0.94853,0.94872,0.94415,0.94525,3733,17,0
2022-11-23 17:00:00,0.94532,0.94597,0.94438,0.94501,4097,17,0
2022-11-23 17:30:00,0.94499,0.94502,0.94204,0.94233,3612,17,0
2022-11-23 18:00:00,0.94229,0.94305,0.94209,0.94269,2270,17,0
2022-11-23 18:30:00,0.94269,0.94375,0.94235,0.94314,1630,17,0
2022-11-23 19:00:00,0.94315,0.94388,0.94287,0.94334,1204,17,0
2022-11-23 19:30:00,0.94332,0.94423,0.94274,0.94423,1095,17,0
2022-11-23 20:00:00,0.94422,0.94465,0.94394,0.9441,1023,17,0
2022-11-23 20:30:00,0.94409,0.9441,0.94312,0.94366,1071,17,0
2022-11-23 21:00:00,0.94367,0.94443,0.94111,0.94166,5190,17,0
2022-11-23 21:30:00,0.94164,0.94245,0.94148,0.94184,2076,17,0
2022-11-23 22:00:00,0.94184,0.9423,0.94163,0.94195,1773,18,0
2022-11-23 22:30:00,0.94195,0.9422,0.94163,0.94191,1385,17,0
2022-11-23 23:00:00,0.94191,0.94231,0.94179,0.94216,538,20,0
2022-11-23 23:30:00,0.94216,0.9425,0.9419,0.94233,450,22,0
2022-11-24 00:00:00,0.942,0.942,0.942,0.942,1,171,0
2022-11-24 00:30:00,0.94219,0.94219,0.94183,0.94183,8,107,0
2022-11-24 01:00:00,0.9419,0.9422,0.94081,0.94108,1692,23,0
2022-11-24 01:30:00,0.94108,0.94136,0.9408,0.9409,617,17,0
2022-11-24 02:00:00,0.94091,0.94175,0.94075,0.94153,893,17,0
2022-11-24 02:30:00,0.94153,0.94154,0.94073,0.94089,1757,17,0
2022-11-24 03:00:00,0.94088,0.94103,0.94033,0.94069,1200,17,0
2022-11-24 03:30:00,0.94069,0.9413,0.93975,0.93991,907,17,0
2022-11-24 04:00:00,0.93983,0.94065,0.93959,0.94064,822,17,0
2022-11-24 04:30:00,0.94064,0.94064,0.93955,0.94011,675,17,0
2022-11-24 05:00:00,0.9401,0.94014,0.93882,0.93904,562,17,0
2022-11-24 05:30:00,0.93904,0.93948,0.93864,0.93877,664,17,0
2022-11-24 06:00:00,0.93878,0.93965,0.93877,0.93957,548,17,0
2022-11-24 06:30:00,0.93959,0.93971,0.93898,0.93904,694,17,0
2022-11-24 07:00:00,0.93905,0.93945,0.93881,0.93903,419,17,0
2022-11-24 07:30:00,0.93904,0.93958,0.93873,0.93954,614,17,0
2022-11-24 08:00:00,0.93955,0.94049,0.93912,0.94043,715,17,0
2022-11-24 08:30:00,0.94044,0.94073,0.93996,0.94058,708,17,0
2022-11-24 09:00:00,0.94059,0.94098,0.94013,0.94045,1338,17,0
2022-11-24 09:30:00,0.94044,0.94148,0.94021,0.94127,1320,17,0
2022-11-24 10:00:00,0.94128,0.94301,0.9412,0.94244,2637,17,0
2022-11-24 10:30:00,0.94245,0.94406,0.94203,0.94384,1614,17,0
2022-11-24 11:00:00,0.94384,0.94412,0.94231,0.94296,1886,17,0
2022-11-24 11:30:00,0.94299,0.94384,0.94254,0.94335,1410,17,0
2022-11-24 12:00:00,0.94334,0.94386,0.94241,0.94382,2025,17,0
2022-11-24 12:30:00,0.94382,0.94446,0.94272,0.94286,1955,17,0
2022-11-24 13:00:00,0.94286,0.94434,0.94282,0.94417,1463,17,0
2022-11-24 13:30:00,0.94416,0.94441,0.94218,0.94235,1459,17,0
2022-11-24 14:00:00,0.94233,0.94396,0.94197,0.94354,1437,17,0
2022-11-24 14:30:00,0.94355,0.94439,0.94291,0.94363,1961,17,0
2022-11-24 15:00:00,0.94363,0.94399,0.94167,0.94208,2375,17,0
2022-11-24 15:30:00,0.94207,0.94269,0.94124,0.94164,1847,17,0
2022-11-24 16:00:00,0.94166,0.9426,0.94136,0.94223,1821,17,0
2022-11-24 16:30:00,0.94224,0.9429,0.94179,0.94212,1804,17,0
2022-11-24 17:00:00,0.94212,0.94387,0.94199,0.94358,1585,17,0
2022-11-24 17:30:00,0.94358,0.94388,0.94309,0.94364,1386,17,0
2022-11-24 18:00:00,0.94363,0.94383,0.94305,0.9433,1273,17,0
2022-11-24 18:30:00,0.9433,0.94368,0.94317,0.94352,582,17,0
2022-11-24 19:00:00,0.94352,0.94378,0.943,0.94332,555,19,0
2022-11-24 19:30:00,0.94331,0.94346,0.94313,0.94315,363,17,0
2022-11-24 20:00:00,0.94314,0.94342,0.94298,0.9434,198,17,0
2022-11-24 20:30:00,0.94341,0.94348,0.94334,0.94338,229,19,0
2022-11-24 21:00:00,0.94338,0.94343,0.94333,0.94337,545,21,0
2022-11-24 21:30:00,0.94338,0.9435,0.94319,0.9432,308,17,0
2022-11-24 22:00:00,0.94317,0.9432,0.94277,0.94314,599,18,0
2022-11-24 22:30:00,0.94314,0.94324,0.94292,0.94304,865,20,0
2022-11-24 23:00:00,0.94304,0.94355,0.94298,0.94309,1491,22,0
2022-11-24 23:30:00,0.94308,0.94345,0.94296,0.94306,198,27,0
2022-11-25 00:00:00,0.94272,0.94272,0.94256,0.94256,2,171,0
2022-11-25 00:30:00,0.94247,0.94283,0.94238,0.94263,9,90,0
2022-11-25 01:00:00,0.94263,0.9438,0.94263,0.94362,2954,26,0
2022-11-25 01:30:00,0.94361,0.94363,0.94317,0.94346,798,22,0
2022-11-25 02:00:00,0.94346,0.94419,0.9433,0.94416,595,19,0
2022-11-25 02:30:00,0.94416,0.94457,0.94406,0.94411,560,18,0
2022-11-25 03:00:00,0.9441,0.94432,0.9434,0.94348,747,17,0
2022-11-25 03:30:00,0.9435,0.94413,0.94335,0.94374,745,18,0
2022-11-25 04:00:00,0.94375,0.94392,0.94315,0.94343,548,19,0
2022-11-25 04:30:00,0.94342,0.94374,0.9432,0.94374,499,18,0
2022-11-25 05:00:00,0.94375,0.94415,0.94361,0.94387,534,17,0
2022-11-25 05:30:00,0.94388,0.94388,0.94313,0.9432,474,18,0
2022-11-25 06:00:00,0.94319,0.94319,0.94216,0.94291,856,18,0
2022-11-25 06:30:00,0.94289,0.94323,0.94284,0.94296,620,19,0
2022-11-25 07:00:00,0.94296,0.94374,0.94286,0.94368,624,18,0
2022-11-25 07:30:00,0.94365,0.94404,0.94323,0.94383,696,17,0
2022-11-25 08:00:00,0.94383,0.94435,0.94372,0.94424,537,18,0
2022-11-25 08:30:00,0.94423,0.94448,0.94383,0.94383,964,17,0
2022-11-25 09:00:00,0.94385,0.94494,0.94351,0.9444,1111,17,0
2022-11-25 09:30:00,0.9444,0.94554,0.94414,0.94546,1138,17,0
2022-11-25 10:00:00,0.94547,0.94564,0.94252,0.94367,1989,17,0
2022-11-25 10:30:00,0.94365,0.94446,0.94297,0.94345,1836,17,0
2022-11-25 11:00:00,0.94347,0.94441,0.94284,0.94439,1870,17,0
2022-11-25 11:30:00,0.9444,0.9459,0.94343,0.945,2234,17,0
2022-11-25 12:00:00,0.945,0.94503,0.94289,0.94292,1411,17,0
2022-11-25 12:30:00,0.94293,0.94346,0.94278,0.94344,1157,17,0
2022-11-25 13:00:00,0.94344,0.94434,0.94344,0.94419,1046,17,0
2022-11-25 13:30:00,0.94419,0.94704,0.94403,0.94701,1482,17,0
2022-11-25 14:00:00,0.94702,0.94703,0.94581,0.94619,1424,17,0
2022-11-25 14:30:00,0.94621,0.94639,0.94566,0.94587,1624,17,0
2022-11-25 15:00:00,0.94587,0.94869,0.94571,0.94831,2588,17,0
2022-11-25 15:30:00,0.94831,0.94948,0.94811,0.94863,1807,17,0
2022-11-25 16:00:00,0.94863,0.94991,0.94852,0.94895,1815,17,0
2022-11-25 16:30:00,0.94894,0.94911,0.94765,0.94823,2801,17,0
2022-11-25 17:00:00,0.94824,0.94909,0.94797,0.94813,1952,17,0
2022-11-25 17:30:00,0.94814,0.94817,0.94634,0.94646,2423,17,0
2022-11-25 18:00:00,0.94645,0.94676,0.94548,0.94629,2076,17,0
2022-11-25 18:30:00,0.9463,0.94663,0.94519,0.94584,1463,17,0
2022-11-25 19:00:00,0.94583,0.94596,0.9447,0.9453,1415,17,0
2022-11-25 19:30:00,0.94528,0.94632,0.94498,0.94502,1231,17,0
2022-11-25 20:00:00,0.94503,0.94625,0.94503,0.94589,913,17,0
2022-11-25 20:30:00,0.94587,0.94612,0.94479,0.94599,1845,16,0
2022-11-25 21:00:00,0.94599,0.94612,0.9446,0.94517,3622,22,0
2022-11-25 21:30:00,0.94521,0.94529,0.94461,0.94475,1137,34,0
2022-11-25 22:00:00,0.94477,0.94481,0.94443,0.94444,688,56,0
2022-11-25 22:30:00,0.94445,0.94507,0.94419,0.9448,330,17,0
2022-11-25 23:00:00,0.94488,0.94534,0.94414,0.94458,327,22,0
2022-11-25 23:30:00,0.94468,0.94646,0.94468,0.94566,56,71,0
2022-11-28 00:00:00,0.94588,0.94652,0.94586,0.94649,4,96,0
2022-11-28 00:30:00,0.94658,0.9468,0.94604,0.94627,12,171,0
2022-11-28 01:00:00,0.94641,0.94777,0.94618,0.94725,1628,17,0
2022-11-28 01:30:00,0.94725,0.94788,0.94701,0.94737,876,24,0
2022-11-28 02:00:00,0.94737,0.94753,0.94583,0.94585,992,17,0
2022-11-28 02:30:00,0.94585,0.94618,0.94544,0.94585,880,17,0
2022-11-28 03:00:00,0.94585,0.9463,0.94574,0.94603,1446,17,0
2022-11-28 03:30:00,0.94601,0.94713,0.94576,0.94649,1658,17,0
2022-11-28 04:00:00,0.94647,0.94725,0.94553,0.94587,1299,17,0
2022-11-28 04:30:00,0.94585,0.9465,0.94554,0.94635,1227,17,0
2022-11-28 05:00:00,0.94635,0.94688,0.94631,0.94684,560,17,0
2022-11-28 05:30:00,0.94684,0.94739,0.94675,0.94717,566,18,0
2022-11-28 06:00:00,0.94715,0.94736,0.94656,0.94665,548,17,0
2022-11-28 06:30:00,0.94665,0.94688,0.94639,0.94648,470,19,0
2022-11-28 07:00:00,0.94648,0.9469,0.94594,0.94625,650,17,0
2022-11-28 07:30:00,0.94624,0.94695,0.94618,0.94665,842,17,0
2022-11-28 08:00:00,0.94665,0.94682,0.94567,0.94602,1704,17,0
2022-11-28 08:30:00,0.94601,0.94612,0.94542,0.94566,1145,17,0
2022-11-28 09:00:00,0.94562,0.94579,0.94486,0.94567,1261,17,0
2022-11-28 09:30:00,0.94569,0.94625,0.94466,0.94617,1667,17,0
2022-11-28 10:00:00,0.94616,0.94715,0.94359,0.94425,3045,17,0
2022-11-28 10:30:00,0.94425,0.94451,0.94091,0.94105,3668,17,0
2022-11-28 11:00:00,0.94104,0.94221,0.94042,0.94195,2526,17,0
2022-11-28 11:30:00,0.94195,0.94311,0.94168,0.94255,2378,17,0
2022-11-28 12:00:00,0.94253,0.9427,0.94053,0.9411,2362,17,0
2022-11-28 12:30:00,0.9411,0.94309,0.94097,0.94264,2041,17,0
2022-11-28 13:00:00,0.94265,0.94313,0.94169,0.94238,2028,17,0
2022-11-28 13:30:00,0.94234,0.94318,0.942,0.94254,2281,17,0
2022-11-28 14:00:00,0.94254,0.94383,0.94252,0.9437,2293,17,0
2022-11-28 14:30:00,0.94371,0.94401,0.94303,0.94358,2064,17,0
2022-11-28 15:00:00,0.94358,0.94509,0.94246,0.94423,2838,17,0
2022-11-28 15:30:00,0.94421,0.94427,0.94252,0.94288,2367,17,0
2022-11-28 16:00:00,0.94289,0.94449,0.94289,0.9441,2695,17,0
2022-11-28 16:30:00,0.94407,0.94435,0.94301,0.94394,3544,17,0
2022-11-28 17:00:00,0.94393,0.94513,0.94327,0.9449,2242,17,0
2022-11-28 17:30:00,0.9449,0.94581,0.94382,0.94492,3607,17,0
2022-11-28 18:00:00,0.94492,0.94722,0.94448,0.94703,2773,17,0
2022-11-28 18:30:00,0.94704,0.94732,0.94605,0.94622,1678,17,0
2022-11-28 19:00:00,0.94622,0.94754,0.94595,0.94733,2753,17,0
2022-11-28 19:30:00,0.94731,0.94772,0.94683,0.94769,1588,17,0
2022-11-28 20:00:00,0.9477,0.94872,0.94744,0.94864,1273,17,0
2022-11-28 20:30:00,0.94865,0.94925,0.94807,0.94892,1151,17,0
2022-11-28 21:00:00,0.94892,0.94934,0.94869,0.9489,1013,17,0
2022-11-28 21:30:00,0.94891,0.94946,0.94844,0.94923,832,17,0
2022-11-28 22:00:00,0.94922,0.9497,0.949,0.94934,1215,17,0
2022-11-28 22:30:00,0.94933,0.94955,0.94904,0.94951,1046,18,0
2022-11-28 23:00:00,0.94951,0.94963,0.94858,0.94877,517,19,0
2022-11-28 23:30:00,0.94877,0.94904,0.94863,0.9487,285,22,0
2022-11-29 00:00:00,0.94877,0.94877,0.94858,0.94858,6,68,0
2022-11-29 00:30:00,0.94859,0.94895,0.94859,0.9489,20,39,0
2022-11-29 01:00:00,0.9489,0.94899,0.94857,0.94869,583,28,0
2022-11-29 01:30:00,0.9487,0.94898,0.94868,0.9489,635,19,0
2022-11-29 02:00:00,0.94891,0.94897,0.94816,0.94847,614,17,0
2022-11-29 02:30:00,0.9485,0.94918,0.94835,0.94913,493,17,0
2022-11-29 03:00:00,0.94911,0.95003,0.94891,0.94912,1151,17,0
2022-11-29 03:30:00,0.94912,0.94917,0.94797,0.94809,1196,17,0
2022-11-29 04:00:00,0.9481,0.94849,0.94788,0.94831,679,17,0
2022-11-29 04:30:00,0.94829,0.94918,0.94804,0.94895,608,17,0
2022-11-29 05:00:00,0.94895,0.94904,0.94664,0.94694,1169,18,0
2022-11-29 05:30:00,0.94696,0.94724,0.94654,0.94708,992,17,0
2022-11-29 06:00:00,0.9471,0.94743,0.94694,0.94735,664,17,0
2022-11-29 06:30:00,0.94735,0.94735,0.946,0.9461,907,17,0
2022-11-29 07:00:00,0.94612,0.94649,0.94599,0.94626,738,17,0
2022-11-29 07:30:00,0.94627,0.94653,0.94593,0.94622,1033,17,0
2022-11-29 08:00:00,0.9462,0.947,0.94612,0.94671,667,17,0
2022-11-29 08:30:00,0.94671,0.94849,0.94617,0.94838,1999,17,0
2022-11-29 09:00:00,0.94841,0.94883,0.94709,0.94729,2248,17,0
2022-11-29 09:30:00,0.94728,0.94827,0.94641,0.94759,2429,17,0
2022-11-29 10:00:00,0.94759,0.95026,0.94709,0.95001,2917,17,0
2022-11-29 10:30:00,0.95,0.95012,0.94837,0.94905,2475,17,0
2022-11-29 11:00:00,0.94904,0.9506,0.94858,0.95034,2072,17,0
2022-11-29 11:30:00,0.95027,0.95236,0.95006,0.95173,2354,17,0
2022-11-29 12:00:00,0.95174,0.95181,0.9497,0.95007,2048,17,0
2022-11-29 12:30:00,0.95008,0.95017,0.94855,0.94878,1599,17,0
2022-11-29 13:00:00,0.94878,0.9497,0.94833,0.94942,1728,17,0
2022-11-29 13:30:00,0.94942,0.94994,0.94911,0.94939,2003,17,0
2022-11-29 14:00:00,0.94938,0.95089,0.94927,0.95081,2075,17,0
2022-11-29 14:30:00,0.9508,0.95086,0.94942,0.94953,1581,17,0
2022-11-29 15:00:00,0.94952,0.95136,0.949,0.95109,2775,17,0
2022-11-29 15:30:00,0.9511,0.95383,0.9508,0.95261,3128,17,0
2022-11-29 16:00:00,0.95261,0.95448,0.95202,0.95407,2837,17,0
2022-11-29 16:30:00,0.95407,0.95434,0.95163,0.95233,3203,17,0
2022-11-29 17:00:00,0.95233,0.95338,0.95,0.95068,3420,17,0
2022-11-29 17:30:00,0.95068,0.95177,0.95005,0.95128,2630,17,0
2022-11-29 18:00:00,0.95128,0.95286,0.95104,0.95186,2506,17,0
2022-11-29 18:30:00,0.9518,0.95203,0.95041,0.95063,1897,17,0
2022-11-29 19:00:00,0.95062,0.95303,0.95062,0.95298,1918,17,0
2022-11-29 19:30:00,0.95298,0.95298,0.95197,0.95217,1435,17,0
2022-11-29 20:00:00,0.95217,0.95381,0.9521,0.95372,1062,17,0
2022-11-29 20:30:00,0.95373,0.95397,0.95293,0.95297,1001,17,0
2022-11-29 21:00:00,0.95296,0.95312,0.95224,0.9531,1318,17,0
2022-11-29 21:30:00,0.95312,0.95386,0.95305,0.95363,1259,17,0
2022-11-29 22:00:00,0.95363,0.95408,0.95346,0.95393,529,17,0
2022-11-29 22:30:00,0.95394,0.95411,0.95354,0.95391,1107,17,0
2022-11-29 23:00:00,0.95393,0.95441,0.95355,0.95425,596,20,0
2022-11-29 23:30:00,0.95425,0.95427,0.95357,0.95376,482,22,0
2022-11-30 00:30:00,0.95222,0.95368,0.95222,0.95316,111,94,0
2022-11-30 01:00:00,0.95334,0.95445,0.95334,0.9542,1102,21,0
2022-11-30 01:30:00,0.95421,0.95449,0.9542,0.95443,370,20,0
2022-11-30 02:00:00,0.95443,0.95459,0.95368,0.9538,558,17,0
2022-11-30 02:30:00,0.95381,0.95413,0.95312,0.95313,1034,17,0
2022-11-30 03:00:00,0.95313,0.95374,0.95303,0.95365,929,17,0
2022-11-30 03:30:00,0.95365,0.95386,0.9523,0.95271,1106,19,0
2022-11-30 04:00:00,0.9527,0.95338,0.9526,0.95338,825,21,0
2022-11-30 04:30:00,0.95336,0.9536,0.95288,0.95302,779,17,0
2022-11-30 05:00:00,0.95301,0.95332,0.95275,0.95315,613,19,0
2022-11-30 05:30:00,0.95315,0.95316,0.95255,0.95263,470,19,0
2022-11-30 06:00:00,0.95268,0.9527,0.95223,0.95244,400,20,0
2022-11-30 06:30:00,0.95243,0.95246,0.95171,0.952,551,17,0
2022-11-30 07:00:00,0.952,0.9522,0.9517,0.95182,572,20,0
2022-11-30 07:30:00,0.95183,0.95284,0.95183,0.95284,660,20,0
2022-11-30 08:00:00,0.95284,0.95339,0.95248,0.95334,814,17,0
2022-11-30 08:30:00,0.95333,0.95466,0.95309,0.95399,1133,17,0
2022-11-30 09:00:00,0.95399,0.95435,0.95218,0.95255,1369,17,0
2022-11-30 09:30:00,0.95254,0.95258,0.95111,0.95238,1425,17,0
2022-11-30 10:00:00,0.95238,0.95283,0.9514,0.95204,2438,17,0
2022-11-30 10:30:00,0.95205,0.95279,0.9505,0.9506,1831,17,0
2022-11-30 11:00:00,0.95061,0.95093,0.94982,0.95021,1713,17,0
2022-11-30 11:30:00,0.95021,0.9514,0.94993,0.95028,1488,17,0
2022-11-30 12:00:00,0.95026,0.95029,0.94837,0.95001,1815,17,0
2022-11-30 12:30:00,0.94998,0.95017,0.94974,0.95011,1158,17,0
2022-11-30 13:00:00,0.9501,0.9513,0.94967,0.94968,1369,17,0
2022-11-30 13:30:00,0.94968,0.95003,0.94894,0.9497,1094,17,0
2022-11-30 14:00:00,0.94968,0.95029,0.94912,0.94997,1532,17,0
2022-11-30 14:30:00,0.94996,0.95067,0.94956,0.94994,1365,17,0
2022-11-30 15:00:00,0.94993,0.95013,0.94818,0.94889,2507,17,0
2022-11-30 15:30:00,0.9488,0.95191,0.94879,0.95163,4550,17,0
2022-11-30 16:00:00,0.95165,0.95201,0.9496,0.95019,2922,17,0
2022-11-30 16:30:00,0.95019,0.95043,0.94747,0.94986,3887,17,0
2022-11-30 17:00:00,0.94992,0.95351,0.94992,0.95351,4527,17,0
2022-11-30 17:30:00,0.95351,0.95439,0.95228,0.95276,4876,17,0
2022-11-30 18:00:00,0.95277,0.95281,0.94983,0.9499,3926,17,0
2022-11-30 18:30:00,0.9499,0.95021,0.94837,0.94865,2352,17,0
2022-11-30 19:00:00,0.94864,0.94933,0.94806,0.94871,2415,17,0
2022-11-30 19:30:00,0.94872,0.95157,0.94871,0.95134,2145,17,0
2022-11-30 20:00:00,0.95136,0.95259,0.95118,0.95253,1616,17,0
2022-11-30 20:30:00,0.95254,0.95297,0.94656,0.94707,6045,16,0
2022-11-30 21:00:00,0.94708,0.94766,0.9456,0.94681,5144,17,0
2022-11-30 21:30:00,0.9468,0.94727,0.94482,0.94489,3916,17,0
2022-11-30 22:00:00,0.94487,0.94558,0.94329,0.94372,2482,17,0
2022-11-30 22:30:00,0.94372,0.94621,0.94306,0.94621,3222,17,0
2022-11-30 23:00:00,0.94626,0.94693,0.94497,0.94543,2034,17,0
2022-11-30 23:30:00,0.94542,0.94577,0.94505,0.94508,891,24,0
2022-12-01 00:00:00,0.9456,0.94564,0.94497,0.94515,34,65,0
2022-12-01 00:30:00,0.94422,0.94524,0.94422,0.94518,51,47,0
2022-12-01 01:00:00,0.94507,0.94518,0.94399,0.94467,1047,17,0
2022-12-01 01:30:00,0.94467,0.94479,0.94311,0.94375,1210,18,0
2022-12-01 02:00:00,0.94375,0.94433,0.94302,0.94343,1647,17,0
2022-12-01 02:30:00,0.94344,0.9435,0.94192,0.94203,1309,19,0
2022-12-01 03:00:00,0.94202,0.94303,0.94142,0.94261,1732,17,0
2022-12-01 03:30:00,0.94261,0.94328,0.94246,0.94308,1342,17,0
2022-12-01 04:00:00,0.94309,0.94378,0.94282,0.94284,1205,17,0
2022-12-01 04:30:00,0.94284,0.94335,0.94242,0.94318,1020,17,0
2022-12-01 05:00:00,0.94316,0.94318,0.94276,0.94317,775,17,0
2022-12-01 05:30:00,0.94315,0.94315,0.94267,0.9427,511,17,0
2022-12-01 06:00:00,0.9427,0.94315,0.9427,0.94294,514,18,0
2022-12-01 06:30:00,0.94295,0.94306,0.94252,0.94294,689,19,0
2022-12-01 07:00:00,0.94294,0.94305,0.94241,0.94262,941,17,0
2022-12-01 07:30:00,0.94262,0.94301,0.94244,0.94271,1050,17,0
2022-12-01 08:00:00,0.94271,0.94383,0.94263,0.94364,1281,17,0
2022-12-01 08:30:00,0.94363,0.94375,0.94209,0.94209,1065,17,0
2022-12-01 09:00:00,0.94208,0.94264,0.94121,0.94251,1915,17,0
2022-12-01 09:30:00,0.94248,0.94488,0.94206,0.9443,2998,17,0
2022-12-01 10:00:00,0.94431,0.94522,0.94224,0.9447,3421,17,0
2022-12-01 10:30:00,0.94469,0.94501,0.94242,0.94291,3220,17,0
2022-12-01 11:00:00,0.94289,0.94375,0.94269,0.94334,1885,17,0
2022-12-01 11:30:00,0.94335,0.94438,0.943,0.94381,2243,17,0
2022-12-01 12:00:00,0.94381,0.94478,0.94331,0.94459,2266,17,0
2022-12-01 12:30:00,0.94459,0.94509,0.94375,0.94484,2579,17,0
2022-12-01 13:00:00,0.94483,0.94509,0.94428,0.94483,2236,17,0
2022-12-01 13:30:00,0.94484,0.94596,0.94429,0.9457,1807,17,0
2022-12-01 14:00:00,0.94567,0.94588,0.94329,0.94341,2066,17,0
2022-12-01 14:30:00,0.9434,0.94468,0.94304,0.94454,2617,17,0
2022-12-01 15:00:00,0.94455,0.94532,0.94157,0.94237,2913,17,0
2022-12-01 15:30:00,0.94218,0.94261,0.93953,0.9411,5272,17,0
2022-12-01 16:00:00,0.9411,0.94157,0.93982,0.94085,3161,17,0
2022-12-01 16:30:00,0.93731,0.93779,0.93731,0.93779,58,17,0
2022-12-01 17:00:00,0.93778,0.94059,0.93648,0.9403,6165,17,0
2022-12-01 17:30:00,0.9403,0.94114,0.9386,0.93913,5594,17,0
2022-12-01 18:00:00,0.93913,0.93929,0.93811,0.93825,3579,17,0
2022-12-01 18:30:00,0.93825,0.93861,0.93674,0.93767,3217,17,0
2022-12-01 19:00:00,0.93765,0.93997,0.93763,0.93775,3202,17,0
2022-12-01 19:30:00,0.93775,0.93819,0.93722,0.93795,2651,17,0
2022-12-01 20:00:00,0.93795,0.93829,0.93733,0.93765,1533,17,0
2022-12-01 20:30:00,0.9377,0.93796,0.93708,0.93708,1509,17,0
2022-12-01 21:00:00,0.93709,0.93766,0.93665,0.93723,1571,17,0
2022-12-01 21:30:00,0.93722,0.93751,0.93646,0.93651,1432,17,0
2022-12-01 22:00:00,0.93655,0.93766,0.93649,0.93733,1525,17,0
2022-12-01 22:30:00,0.93733,0.93734,0.93644,0.93689,1304,17,0
2022-12-01 23:00:00,0.9369,0.93703,0.93663,0.9369,705,19,0
2022-12-01 23:30:00,0.9369,0.93699,0.93639,0.93644,274,24,0
2022-12-02 00:00:00,0.9363,0.9363,0.9363,0.9363,1,94,0
2022-12-02 00:30:00,0.93685,0.93685,0.93643,0.93669,336,59,0
2022-12-02 01:00:00,0.93645,0.9369,0.93583,0.93612,1013,17,0
2022-12-02 01:30:00,0.93611,0.93671,0.93607,0.93634,719,21,0
2022-12-02 02:00:00,0.93633,0.93786,0.93626,0.93783,822,17,0
2022-12-02 02:30:00,0.93783,0.93818,0.93761,0.93785,617,18,0
2022-12-02 03:00:00,0.93783,0.93826,0.93761,0.93803,729,17,0
2022-12-02 03:30:00,0.938,0.93815,0.93734,0.93761,1001,17,0
2022-12-02 04:00:00,0.93761,0.93848,0.93739,0.9382,1071,17,0
2022-12-02 04:30:00,0.93819,0.93847,0.93802,0.93812,979,17,0
2022-12-02 05:00:00,0.93813,0.93834,0.9375,0.93762,797,17,0
2022-12-02 05:30:00,0.93761,0.93764,0.93723,0.93742,623,18,0
2022-12-02 06:00:00,0.93741,0.93783,0.93733,0.93749,488,18,0
2022-12-02 06:30:00,0.93749,0.93783,0.9372,0.93748,493,18,0
2022-12-02 07:00:00,0.93749,0.93752,0.93702,0.93747,538,18,0
2022-12-02 07:30:00,0.93746,0.938,0.93725,0.93766,1120,17,0
2022-12-02 08:00:00,0.93766,0.9377,0.93656,0.93672,1057,17,0
2022-12-02 08:30:00,0.93672,0.93704,0.9364,0.93691,813,18,0
2022-12-02 09:00:00,0.93691,0.93691,0.93559,0.93591,2081,17,0
2022-12-02 09:30:00,0.93591,0.93659,0.93458,0.93518,2093,17,0
2022-12-02 10:00:00,0.93518,0.93652,0.93419,0.93442,3089,17,0
2022-12-02 10:30:00,0.93441,0.93487,0.93352,0.93485,3220,17,0
2022-12-02 11:00:00,0.93486,0.937,0.93484,0.93627,2678,17,0
2022-12-02 11:30:00,0.93628,0.93653,0.93491,0.93506,2764,17,0
2022-12-02 12:00:00,0.93507,0.93564,0.93339,0.93378,2034,17,0
2022-12-02 12:30:00,0.93377,0.93425,0.93339,0.9336,1450,17,0
2022-12-02 13:00:00,0.93359,0.9341,0.93335,0.93367,1764,17,0
2022-12-02 13:30:00,0.93368,0.93427,0.9332,0.93325,1386,17,0
2022-12-02 14:00:00,0.93324,0.93414,0.93297,0.93298,1522,17,0
2022-12-02 14:30:00,0.93299,0.93366,0.93254,0.93312,1821,17,0
2022-12-02 15:00:00,0.93312,0.9343,0.93263,0.934,2899,17,0
2022-12-02 15:30:00,0.93401,0.94385,0.93374,0.9415,10441,17,0
2022-12-02 16:00:00,0.94149,0.94261,0.93939,0.93944,6544,17,0
2022-12-02 16:30:00,0.93945,0.9415,0.9388,0.94127,6072,17,0
2022-12-02 17:00:00,0.94129,0.94331,0.94057,0.94298,4881,17,0
2022-12-02 17:30:00,0.94297,0.94358,0.94049,0.94103,4299,17,0
2022-12-02 18:00:00,0.941,0.94137,0.93919,0.93931,3348,17,0
2022-12-02 18:30:00,0.9393,0.93943,0.93655,0.93679,3642,17,0
2022-12-02 19:00:00,0.93679,0.93759,0.93631,0.93679,3035,17,0
2022-12-02 19:30:00,0.9368,0.93759,0.93659,0.93753,2430,17,0
2022-12-02 20:00:00,0.9375,0.93803,0.93725,0.93764,2678,17,0
2022-12-02 20:30:00,0.93765,0.9383,0.93725,0.93828,1776,17,0
2022-12-02 21:00:00,0.93827,0.93927,0.93825,0.93853,1637,17,0
2022-12-02 21:30:00,0.93853,0.93883,0.93727,0.93732,1295,17,0
2022-12-02 22:00:00,0.93731,0.93765,0.93697,0.93708,1462,17,0
2022-12-02 22:30:00,0.93706,0.93789,0.93676,0.93768,1137,17,0
2022-12-02 23:00:00,0.9377,0.93778,0.93712,0.93713,520,20,0
2022-12-02 23:30:00,0.93712,0.93783,0.93645,0.93656,946,26,0
2022-12-05 00:00:00,0.93795,0.93834,0.9364,0.93723,65,75,0
2022-12-05 00:30:00,0.93666,0.93666,0.93645,0.93648,16,140,0
2022-12-05 01:00:00,0.93629,0.93804,0.93629,0.9376,1347,25,0
2022-12-05 01:30:00,0.9376,0.93769,0.93635,0.93637,1080,23,0
2022-12-05 02:00:00,0.93639,0.93765,0.93636,0.93711,994,20,0
2022-12-05 02:30:00,0.93713,0.93769,0.93707,0.93731,881,20,0
2022-12-05 03:00:00,0.9373,0.93731,0.93556,0.93561,1144,18,0
2022-12-05 03:30:00,0.93561,0.9358,0.93492,0.93546,1262,17,0
2022-12-05 04:00:00,0.93546,0.93578,0.93521,0.93545,805,17,0
2022-12-05 04:30:00,0.93546,0.93546,0.93486,0.93492,1057,20,0
2022-12-05 05:00:00,0.93492,0.93545,0.93454,0.93465,799,17,0
2022-12-05 05:30:00,0.93465,0.93474,0.93433,0.93447,935,17,0
2022-12-05 06:00:00,0.93446,0.9347,0.93421,0.93469,384,20,0
2022-12-05 06:30:00,0.93467,0.93508,0.93453,0.93466,441,18,0
2022-12-05 07:00:00,0.93467,0.93499,0.9345,0.9345,333,20,0
2022-12-05 07:30:00,0.93448,0.93511,0.93426,0.93463,668,17,0
2022-12-05 08:00:00,0.93465,0.93556,0.93465,0.93502,727,20,0
2022-12-05 08:30:00,0.935,0.93541,0.93479,0.93531,737,20,0
2022-12-05 09:00:00,0.93516,0.93665,0.9349,0.93553,1487,17,0
2022-12-05 09:30:00,0.93554,0.93686,0.9348,0.93629,1855,17,0
2022-12-05 10:00:00,0.93629,0.9365,0.93487,0.93542,3248,17,0
2022-12-05 10:30:00,0.93543,0.93571,0.93445,0.93478,2405,17,0
2022-12-05 11:00:00,0.93478,0.93478,0.93294,0.93313,2206,17,0
2022-12-05 11:30:00,0.93314,0.93495,0.93307,0.93405,2075,18,0
2022-12-05 12:00:00,0.93405,0.93673,0.93399,0.93618,2069,17,0
2022-12-05 12:30:00,0.93618,0.93671,0.93555,0.93592,1551,17,0
2022-12-05 13:00:00,0.93591,0.93653,0.9344,0.93485,1287,17,0
2022-12-05 13:30:00,0.93485,0.93495,0.93395,0.93444,1721,18,0
2022-12-05 14:00:00,0.93445,0.9354,0.93403,0.93515,1910,17,0
2022-12-05 14:30:00,0.93516,0.93569,0.9338,0.93414,2118,17,0
2022-12-05 15:00:00,0.93413,0.93486,0.93382,0.93404,2316,17,0
2022-12-05 15:30:00,0.93402,0.93671,0.93391,0.93646,2571,17,0
2022-12-05 16:00:00,0.93646,0.9386,0.93619,0.93829,2672,17,0
2022-12-05 16:30:00,0.93828,0.93852,0.93709,0.93786,3736,17,0
2022-12-05 17:00:00,0.93786,0.94082,0.93786,0.93948,5625,17,0
2022-12-05 17:30:00,0.9395,0.94045,0.93707,0.93821,4006,17,0
2022-12-05 18:00:00,0.93822,0.94095,0.93786,0.94065,2986,17,0
2022-12-05 18:30:00,0.94066,0.94225,0.94039,0.94204,2831,17,0
2022-12-05 19:00:00,0.94204,0.94245,0.94054,0.9408,3007,17,0
2022-12-05 19:30:00,0.94081,0.94253,0.94063,0.94246,2173,17,0
2022-12-05 20:00:00,0.94245,0.94266,0.94148,0.94161,1733,17,0
2022-12-05 20:30:00,0.94161,0.94239,0.94151,0.94211,1407,17,0
2022-12-05 21:00:00,0.94212,0.94275,0.94192,0.94255,1463,18,0
2022-12-05 21:30:00,0.94257,0.94326,0.94229,0.94255,1685,17,0
2022-12-05 22:00:00,0.94254,0.94333,0.94219,0.9433,1848,18,0
2022-12-05 22:30:00,0.9433,0.94335,0.94265,0.94333,1154,17,0
2022-12-05 23:00:00,0.94334,0.94341,0.94245,0.94263,552,20,0
2022-12-05 23:30:00,0.94263,0.94266,0.94222,0.94244,415,24,0
2022-12-06 00:30:00,0.94103,0.94103,0.94103,0.94103,1,171,0
2022-12-06 01:00:00,0.94165,0.94254,0.94165,0.94232,1415,21,0
2022-12-06 01:30:00,0.94231,0.94255,0.94225,0.94229,840,21,0
2022-12-06 02:00:00,0.94231,0.94241,0.9415,0.94155,435,19,0
2022-12-06 02:30:00,0.94158,0.94205,0.94139,0.94156,526,21,0
2022-12-06 03:00:00,0.94157,0.94228,0.94082,0.94097,1396,17,0
2022-12-06 03:30:00,0.94098,0.94137,0.94087,0.94136,1049,20,0
2022-12-06 04:00:00,0.94136,0.94277,0.94109,0.94272,1271,19,0
2022-12-06 04:30:00,0.94271,0.94325,0.94237,0.94257,1428,22,0
2022-12-06 05:00:00,0.94257,0.94257,0.94162,0.94167,804,20,0
2022-12-06 05:30:00,0.94168,0.94264,0.94151,0.9424,1084,17,0
2022-12-06 06:00:00,0.94239,0.94262,0.94195,0.94217,978,17,0
2022-12-06 06:30:00,0.9422,0.94268,0.94216,0.94267,986,17,0
2022-12-06 07:00:00,0.94266,0.94293,0.9423,0.9429,597,21,0
2022-12-06 07:30:00,0.94289,0.94344,0.94275,0.94283,1236,19,0
2022-12-06 08:00:00,0.94283,0.94441,0.94282,0.94437,858,20,0
2022-12-06 08:30:00,0.94437,0.94548,0.94391,0.94483,1229,19,0
2022-12-06 09:00:00,0.94485,0.94546,0.94356,0.94439,1894,19,0
2022-12-06 09:30:00,0.9444,0.94475,0.94287,0.94337,2320,17,0
2022-12-06 10:00:00,0.94341,0.94396,0.94198,0.94378,3057,17,0
2022-12-06 10:30:00,0.9438,0.94415,0.9422,0.94357,3058,17,0
2022-12-06 11:00:00,0.94356,0.94375,0.94274,0.94291,2335,18,0
2022-12-06 11:30:00,0.94292,0.94383,0.94259,0.94321,2204,19,0
2022-12-06 12:00:00,0.94327,0.94344,0.94176,0.94225,2193,17,0
2022-12-06 12:30:00,0.94226,0.94247,0.94132,0.94162,1814,17,0
2022-12-06 13:00:00,0.94162,0.9417,0.93983,0.94056,1943,17,0
2022-12-06 13:30:00,0.94056,0.94082,0.93952,0.9402,1725,17,0
2022-12-06 14:00:00,0.9402,0.94045,0.93878,0.93908,1637,17,0
2022-12-06 14:30:00,0.93909,0.93935,0.93819,0.93831,1851,17,0
2022-12-06 15:00:00,0.9383,0.93927,0.93802,0.93842,2525,17,0
2022-12-06 15:30:00,0.93841,0.93981,0.938,0.93867,2613,17,0
2022-12-06 16:00:00,0.93859,0.93943,0.93844,0.93918,2586,17,0
2022-12-06 16:30:00,0.93918,0.94081,0.93798,0.94072,3558,17,0
2022-12-06 17:00:00,0.94073,0.94234,0.94021,0.94112,3554,17,0
2022-12-06 17:30:00,0.94105,0.94137,0.93944,0.93991,3543,17,0
2022-12-06 18:00:00,0.9399,0.93992,0.93801,0.9392,3185,17,0
2022-12-06 18:30:00,0.93921,0.94083,0.93874,0.94054,2004,17,0
2022-12-06 19:00:00,0.94053,0.94184,0.94048,0.94141,1440,17,0
2022-12-06 19:30:00,0.9414,0.94181,0.94121,0.94163,1354,17,0
2022-12-06 20:00:00,0.94164,0.94225,0.94136,0.94186,1159,17,0
2022-12-06 20:30:00,0.94186,0.94248,0.94158,0.94236,1374,17,0
2022-12-06 21:00:00,0.94235,0.94262,0.94178,0.94219,1247,17,0
2022-12-06 21:30:00,0.9422,0.94252,0.94157,0.94198,1185,17,0
2022-12-06 22:00:00,0.94199,0.94213,0.94161,0.94179,1184,17,0
2022-12-06 22:30:00,0.9418,0.94208,0.94148,0.94156,730,18,0
2022-12-06 23:00:00,0.94154,0.9421,0.94142,0.94181,581,18,0
2022-12-06 23:30:00,0.94184,0.94208,0.9417,0.94201,390,22,0
2022-12-07 00:00:00,0.94132,0.94132,0.94114,0.94114,7,80,0
2022-12-07 00:30:00,0.94134,0.94154,0.94091,0.94149,77,57,0
2022-12-07 01:00:00,0.94161,0.94178,0.94138,0.94162,470,26,0
2022-12-07 01:30:00,0.94162,0.94205,0.94162,0.94195,221,24,0
2022-12-07 02:00:00,0.94192,0.94227,0.94174,0.94211,551,19,0
2022-12-07 02:30:00,0.94212,0.94277,0.94208,0.94246,474,21,0
2022-12-07 03:00:00,0.94244,0.94317,0.94235,0.94306,877,18,0
2022-12-07 03:30:00,0.94305,0.94312,0.9417,0.94186,1327,18,0
2022-12-07 04:00:00,0.94186,0.94216,0.94147,0.94163,1072,19,0
2022-12-07 04:30:00,0.94162,0.9421,0.94151,0.9421,1339,17,0
2022-12-07 05:00:00,0.9421,0.94279,0.9421,0.94269,1103,18,0
2022-12-07 05:30:00,0.94269,0.9427,0.94205,0.94212,388,19,0
2022-12-07 06:00:00,0.94215,0.94255,0.9421,0.94246,259,20,0
2022-12-07 06:30:00,0.94244,0.94279,0.94237,0.94243,492,17,0
2022-12-07 07:00:00,0.94242,0.94244,0.94164,0.94212,622,20,0
2022-12-07 07:30:00,0.94214,0.94235,0.94172,0.94221,773,19,0
2022-12-07 08:00:00,0.94219,0.94364,0.94203,0.94353,1732,18,0
2022-12-07 08:30:00,0.94354,0.94367,0.94266,0.94292,1415,19,0
2022-12-07 09:00:00,0.94293,0.94328,0.94144,0.94162,2388,19,0
2022-12-07 09:30:00,0.94162,0.94172,0.9405,0.94062,1985,17,0
2022-12-07 10:00:00,0.9406,0.94241,0.9406,0.9416,3263,17,0
2022-12-07 10:30:00,0.94159,0.94315,0.94117,0.94198,2680,17,0
2022-12-07 11:00:00,0.94198,0.94286,0.94194,0.94254,2772,17,0
2022-12-07 11:30:00,0.94253,0.9431,0.94153,0.94155,2150,18,0
2022-12-07 12:00:00,0.94155,0.94195,0.9404,0.94187,1832,17,0
2022-12-07 12:30:00,0.94188,0.94225,0.9407,0.94161,2306,17,0
2022-12-07 13:00:00,0.94156,0.942,0.94096,0.94138,1924,17,0
2022-12-07 13:30:00,0.94141,0.94266,0.94111,0.94264,2090,17,0
2022-12-07 14:00:00,0.94264,0.94282,0.94098,0.94132,1554,17,0
2022-12-07 14:30:00,0.94131,0.94148,0.93873,0.93884,2298,17,0
2022-12-07 15:00:00,0.93884,0.94027,0.9385,0.93987,3581,18,0
2022-12-07 15:30:00,0.93986,0.93989,0.93647,0.937,3992,18,0
2022-12-07 16:00:00,0.93698,0.93823,0.93625,0.93791,4340,18,0
2022-12-07 16:30:00,0.93792,0.93907,0.93688,0.93856,4755,18,0
2022-12-07 17:00:00,0.93861,0.93937,0.93731,0.93736,6229,18,0
2022-12-07 17:30:00,0.93735,0.93959,0.93689,0.93884,4579,18,0
2022-12-07 18:00:00,0.93886,0.94001,0.9388,0.93969,3124,18,0
2022-12-07 18:30:00,0.9397,0.94062,0.93947,0.9401,2209,18,0
2022-12-07 19:00:00,0.94013,0.94068,0.93964,0.94047,1989,18,0
2022-12-07 19:30:00,0.94046,0.94093,0.94022,0.94034,1601,18,0
2022-12-07 20:00:00,0.94034,0.94039,0.93905,0.93961,1484,18,0
2022-12-07 20:30:00,0.93961,0.94,0.93919,0.93985,1291,18,0
2022-12-07 21:00:00,0.93987,0.94015,0.93932,0.93944,965,19,0
2022-12-07 21:30:00,0.93943,0.93974,0.93921,0.93948,1085,19,0
2022-12-07 22:00:00,0.93948,0.94035,0.9392,0.94014,1360,19,0
2022-12-07 22:30:00,0.94016,0.94033,0.93981,0.94023,1482,18,0
2022-12-07 23:00:00,0.94022,0.94083,0.93998,0.94077,669,20,0
2022-12-07 23:30:00,0.94077,0.94087,0.94049,0.9406,423,23,0
2022-12-08 00:00:00,0.94058,0.94063,0.93966,0.93972,5,51,0
2022-12-08 00:30:00,0.93996,0.94036,0.93986,0.94008,681,52,0
2022-12-08 01:00:00,0.94008,0.9406,0.93996,0.94037,462,18,0
2022-12-08 01:30:00,0.94035,0.94038,0.94018,0.9403,239,24,0
2022-12-08 02:00:00,0.94031,0.94127,0.94021,0.94109,514,18,0
2022-12-08 02:30:00,0.94114,0.9414,0.94075,0.94136,385,19,0
2022-12-08 03:00:00,0.94137,0.94231,0.9412,0.9419,1393,19,0
2022-12-08 03:30:00,0.94189,0.94223,0.94167,0.9417,846,18,0
2022-12-08 04:00:00,0.94172,0.94202,0.9413,0.94196,1359,18,0
2022-12-08 04:30:00,0.94197,0.94218,0.94154,0.94211,849,19,0
2022-12-08 05:00:00,0.94209,0.94227,0.94143,0.94162,623,19,0
2022-12-08 05:30:00,0.94161,0.94184,0.94153,0.9417,633,18,0
2022-12-08 06:00:00,0.94171,0.94241,0.94167,0.94225,587,18,0
2022-12-08 06:30:00,0.94226,0.94241,0.94163,0.9417,936,18,0
2022-12-08 07:00:00,0.9417,0.94236,0.94168,0.94218,1033,19,0
2022-12-08 07:30:00,0.94217,0.94217,0.94147,0.94175,1058,18,0
2022-12-08 08:00:00,0.94176,0.94181,0.94102,0.9411,1020,18,0
2022-12-08 08:30:00,0.94112,0.94122,0.94029,0.94097,1571,19,0
2022-12-08 09:00:00,0.94099,0.94124,0.94043,0.94078,1743,18,0
2022-12-08 09:30:00,0.94079,0.94082,0.93925,0.93975,1650,19,0
2022-12-08 10:00:00,0.93975,0.94057,0.93945,0.94013,2852,18,0
2022-12-08 10:30:00,0.94014,0.94088,0.94011,0.94016,2275,18,0
2022-12-08 11:00:00,0.94015,0.94113,0.93994,0.94095,2008,18,0
2022-12-08 11:30:00,0.94096,0.94243,0.94083,0.94235,2121,18,0
2022-12-08 12:00:00,0.94234,0.94258,0.94151,0.94158,1561,18,0
2022-12-08 12:30:00,0.94157,0.94211,0.94115,0.94124,1697,18,0
2022-12-08 13:00:00,0.94122,0.94209,0.94107,0.94207,1102,18,0
2022-12-08 13:30:00,0.94208,0.94233,0.94119,0.94151,1168,18,0
2022-12-08 14:00:00,0.94153,0.94166,0.94033,0.94054,1524,18,0
2022-12-08 14:30:00,0.94055,0.94085,0.93978,0.94006,1831,18,0
2022-12-08 15:00:00,0.94006,0.94022,0.93902,0.93938,2371,18,0
2022-12-08 15:30:00,0.93938,0.94019,0.93831,0.93919,3557,18,0
2022-12-08 16:00:00,0.9392,0.93958,0.93811,0.93865,3321,18,0
2022-12-08 16:30:00,0.93864,0.939,0.93688,0.93718,4268,18,0
2022-12-08 17:00:00,0.93715,0.93743,0.93544,0.9355,3164,18,0
2022-12-08 17:30:00,0.93551,0.93634,0.93502,0.93612,2954,18,0
2022-12-08 18:00:00,0.93613,0.93648,0.93518,0.93529,2423,18,0
2022-12-08 18:30:00,0.93528,0.93585,0.93429,0.93578,2238,18,0
2022-12-08 19:00:00,0.93578,0.93681,0.93578,0.93654,1709,18,0
2022-12-08 19:30:00,0.93654,0.93713,0.93633,0.93681,1432,18,0
2022-12-08 20:00:00,0.93682,0.93787,0.93655,0.93691,1615,18,0
2022-12-08 20:30:00,0.93692,0.93711,0.93578,0.93604,1513,18,0
2022-12-08 21:00:00,0.93604,0.93712,0.93595,0.9366,1739,18,0
2022-12-08 21:30:00,0.93659,0.93693,0.93593,0.93607,1254,18,0
2022-12-08 22:00:00,0.93608,0.93638,0.93601,0.93606,733,18,0
2022-12-08 22:30:00,0.93606,0.93664,0.93574,0.93603,1431,18,0
2022-12-08 23:00:00,0.93604,0.93604,0.93567,0.93593,808,21,0
2022-12-08 23:30:00,0.93594,0.93641,0.93589,0.93617,489,23,0
2022-12-09 00:00:00,0.93617,0.9365,0.93617,0.9365,11,69,0
2022-12-09 00:30:00,0.9359,0.93595,0.93548,0.93549,334,77,0
2022-12-09 01:00:00,0.93565,0.93615,0.93546,0.93597,637,21,0
2022-12-09 01:30:00,0.93594,0.93613,0.9357,0.93596,492,20,0
2022-12-09 02:00:00,0.93596,0.93657,0.93581,0.9365,767,20,0
2022-12-09 02:30:00,0.9365,0.93663,0.93572,0.93573,542,19,0
2022-12-09 03:00:00,0.93573,0.93578,0.93362,0.93371,1409,21,0
2022-12-09 03:30:00,0.93368,0.93404,0.93335,0.93354,1536,19,0
2022-12-09 04:00:00,0.93353,0.93461,0.93341,0.93444,866,19,0
2022-12-09 04:30:00,0.93446,0.93472,0.93414,0.93446,737,22,0
2022-12-09 05:00:00,0.93446,0.93447,0.93356,0.93363,1101,18,0
2022-12-09 05:30:00,0.93363,0.93403,0.93347,0.93374,625,22,0
2022-12-09 06:00:00,0.93374,0.93387,0.93339,0.93349,500,22,0
2022-12-09 06:30:00,0.9335,0.93375,0.93349,0.93366,571,22,0
2022-12-09 07:00:00,0.93367,0.93378,0.93296,0.93334,1430,19,0
2022-12-09 07:30:00,0.93335,0.93373,0.93305,0.9337,720,20,0
2022-12-09 08:00:00,0.9337,0.93408,0.93355,0.93393,787,18,0
2022-12-09 08:30:00,0.93396,0.93406,0.93305,0.93312,1190,21,0
2022-12-09 09:00:00,0.93311,0.93372,0.93238,0.93335,1637,18,0
2022-12-09 09:30:00,0.93334,0.93394,0.93276,0.93317,1616,18,0
2022-12-09 10:00:00,0.93319,0.93392,0.93281,0.9335,2362,18,0
2022-12-09 10:30:00,0.93351,0.93457,0.93325,0.93444,2164,18,0
2022-12-09 11:00:00,0.93444,0.93489,0.93343,0.93428,2409,18,0
2022-12-09 11:30:00,0.93428,0.93468,0.93356,0.9341,2106,18,0
2022-12-09 12:00:00,0.93408,0.93415,0.9324,0.93266,1660,18,0
2022-12-09 12:30:00,0.93266,0.93321,0.93251,0.93272,1175,18,0
2022-12-09 13:00:00,0.93271,0.93303,0.93221,0.93245,1769,18,0
2022-12-09 13:30:00,0.93245,0.93279,0.93212,0.93269,1732,18,0
2022-12-09 14:00:00,0.93268,0.93302,0.93236,0.93254,1945,18,0
2022-12-09 14:30:00,0.93253,0.93342,0.93239,0.933,2053,18,0
2022-12-09 15:00:00,0.93295,0.93365,0.93278,0.93352,2569,18,0
2022-12-09 15:30:00,0.93352,0.93803,0.93302,0.93425,7372,18,0
2022-12-09 16:00:00,0.93424,0.93557,0.93384,0.93395,3648,18,0
2022-12-09 16:30:00,0.93388,0.93442,0.93328,0.93357,4456,18,0
2022-12-09 17:00:00,0.93324,0.93559,0.9321,0.93452,4925,18,0
2022-12-09 17:30:00,0.93451,0.93458,0.93224,0.93288,4111,18,0
2022-12-09 18:00:00,0.93288,0.93352,0.93227,0.9323,2744,19,0
2022-12-09 18:30:00,0.9323,0.93242,0.93112,0.93197,2602,18,0
2022-12-09 19:00:00,0.93198,0.9338,0.93186,0.93374,1910,18,0
2022-12-09 19:30:00,0.93374,0.93374,0.93292,0.93303,1717,18,0
2022-12-09 20:00:00,0.93303,0.93341,0.93271,0.93313,1428,19,0
2022-12-09 20:30:00,0.93316,0.93361,0.93263,0.93352,1313,18,0
2022-12-09 21:00:00,0.93353,0.9339,0.93321,0.93343,1284,19,0
2022-12-09 21:30:00,0.93343,0.93369,0.93332,0.93335,1124,19,0
2022-12-09 22:00:00,0.93338,0.93401,0.93331,0.93399,1309,19,0
2022-12-09 22:30:00,0.93399,0.93488,0.93384,0.93488,1268,18,0
2022-12-09 23:00:00,0.93487,0.9349,0.93415,0.93421,563,19,0
2022-12-09 23:30:00,0.93423,0.93471,0.93409,0.93409,610,27,0
2022-12-12 00:00:00,0.93335,0.93335,0.93265,0.93265,2,172,0
2022-12-12 00:30:00,0.93289,0.93295,0.93253,0.93253,5,172,0
2022-12-12 01:00:00,0.93379,0.93466,0.93351,0.93454,646,21,0
2022-12-12 01:30:00,0.93447,0.93508,0.93447,0.93502,663,24,0
2022-12-12 02:00:00,0.93505,0.93645,0.93497,0.93626,1007,20,0
2022-12-12 02:30:00,0.93622,0.93657,0.93589,0.93633,915,18,0
2022-12-12 03:00:00,0.93631,0.93658,0.93595,0.93615,1870,19,0
2022-12-12 03:30:00,0.93614,0.9365,0.93585,0.9363,943,19,0
2022-12-12 04:00:00,0.9363,0.93661,0.93624,0.9364,528,22,0
2022-12-12 04:30:00,0.93638,0.93639,0.93573,0.93617,439,22,0
2022-12-12 05:00:00,0.93614,0.93622,0.93597,0.93612,336,21,0
2022-12-12 05:30:00,0.93612,0.93623,0.93598,0.93609,400,18,0
2022-12-12 06:00:00,0.93607,0.93615,0.93581,0.93596,380,18,0
2022-12-12 06:30:00,0.93596,0.93597,0.93572,0.93592,191,19,0
2022-12-12 07:00:00,0.93592,0.93652,0.93591,0.93646,619,20,0
2022-12-12 07:30:00,0.93645,0.93646,0.9362,0.93632,530,20,0
2022-12-12 08:00:00,0.93633,0.9367,0.93629,0.93661,842,19,0
2022-12-12 08:30:00,0.93662,0.93681,0.93574,0.9362,1267,21,0
2022-12-12 09:00:00,0.93616,0.93662,0.93538,0.93551,1682,20,0
2022-12-12 09:30:00,0.93552,0.93598,0.93488,0.93513,1635,18,0
2022-12-12 10:00:00,0.93513,0.93622,0.93505,0.93575,2840,18,0
2022-12-12 10:30:00,0.93575,0.93575,0.93343,0.93397,2465,18,0
2022-12-12 11:00:00,0.93396,0.93428,0.93355,0.93373,2139,18,0
2022-12-12 11:30:00,0.93374,0.93379,0.9324,0.93272,1893,18,0
2022-12-12 12:00:00,0.93272,0.93357,0.9326,0.93319,1556,18,0
2022-12-12 12:30:00,0.93318,0.93324,0.93215,0.93244,1534,18,0
2022-12-12 13:00:00,0.93245,0.93278,0.93147,0.93168,1466,18,0
2022-12-12 13:30:00,0.93167,0.93187,0.93122,0.93176,1531,18,0
2022-12-12 14:00:00,0.93177,0.93195,0.93132,0.93167,1056,18,0
2022-12-12 14:30:00,0.93167,0.93288,0.93148,0.93262,1777,19,0
2022-12-12 15:00:00,0.93252,0.93327,0.93241,0.93271,2544,18,0
2022-12-12 15:30:00,0.93272,0.93292,0.9321,0.9326,2300,18,0
2022-12-12 16:00:00,0.93263,0.93297,0.93214,0.93258,2354,18,0
2022-12-12 16:30:00,0.93258,0.93392,0.93256,0.93379,3228,18,0
2022-12-12 17:00:00,0.93378,0.93465,0.93306,0.93398,3066,18,0
2022-12-12 17:30:00,0.93401,0.93624,0.93399,0.93593,3185,18,0
2022-12-12 18:00:00,0.93592,0.93667,0.93577,0.93625,3048,18,0
2022-12-12 18:30:00,0.93624,0.93652,0.93538,0.93551,2868,18,0
2022-12-12 19:00:00,0.93552,0.93632,0.93491,0.93631,1715,17,0
2022-12-12 19:30:00,0.9363,0.93663,0.93556,0.93573,1633,19,0
2022-12-12 20:00:00,0.93572,0.93741,0.93566,0.93736,2861,18,0
2022-12-12 20:30:00,0.93736,0.93789,0.93706,0.93731,1501,18,0
2022-12-12 21:00:00,0.93731,0.93781,0.93701,0.93732,1438,18,0
2022-12-12 21:30:00,0.93732,0.93758,0.93687,0.93692,1524,18,0
2022-12-12 22:00:00,0.93692,0.93732,0.93633,0.93658,991,19,0
2022-12-12 22:30:00,0.93657,0.93663,0.93607,0.9361,1206,19,0
2022-12-12 23:00:00,0.9361,0.93634,0.93591,0.93598,510,22,0
2022-12-12 23:30:00,0.93597,0.93605,0.93576,0.93593,322,24,0
2022-12-13 00:00:00,0.93638,0.93638,0.93521,0.93521,6,84,0
2022-12-13 00:30:00,0.93521,0.93576,0.93521,0.93553,17,80,0
2022-12-13 01:00:00,0.93558,0.93588,0.93526,0.93564,361,22,0
2022-12-13 01:30:00,0.93565,0.93584,0.93552,0.93566,340,21,0
2022-12-13 02:00:00,0.93566,0.93618,0.93551,0.93605,487,21,0
2022-12-13 02:30:00,0.93604,0.93604,0.93525,0.93562,585,20,0
2022-12-13 03:00:00,0.93561,0.93571,0.93525,0.93559,759,20,0
2022-12-13 03:30:00,0.9356,0.93569,0.93525,0.93533,997,19,0
2022-12-13 04:00:00,0.93536,0.93563,0.93526,0.93555,485,18,0
2022-12-13 04:30:00,0.93553,0.93565,0.935,0.93545,652,19,0
2022-12-13 05:00:00,0.93546,0.93608,0.93538,0.93584,1197,18,0
2022-12-13 05:30:00,0.93586,0.93645,0.93569,0.93642,1123,20,0
2022-12-13 06:00:00,0.93643,0.93675,0.93627,0.93628,1034,22,0
2022-12-13 06:30:00,0.93627,0.93636,0.93598,0.93606,702,22,0
2022-12-13 07:00:00,0.93607,0.93613,0.93582,0.93592,902,20,0
2022-12-13 07:30:00,0.93595,0.93605,0.93516,0.93524,1028,20,0
2022-12-13 08:00:00,0.93521,0.93532,0.93482,0.93498,1139,20,0
2022-12-13 08:30:00,0.93499,0.93554,0.93471,0.9353,1960,18,0
2022-12-13 09:00:00,0.93523,0.93523,0.93441,0.93455,1134,18,0
2022-12-13 09:30:00,0.93455,0.93471,0.93383,0.93458,1541,19,0
2022-12-13 10:00:00,0.93454,0.93545,0.93383,0.93521,2446,18,0
2022-12-13 10:30:00,0.93521,0.93655,0.93516,0.9363,2605,18,0
2022-12-13 11:00:00,0.9363,0.93739,0.9363,0.9373,2060,18,0
2022-12-13 11:30:00,0.93729,0.93734,0.93626,0.93635,2230,18,0
2022-12-13 12:00:00,0.93636,0.93726,0.93632,0.93668,2111,18,0
2022-12-13 12:30:00,0.93665,0.93725,0.93625,0.93689,1419,18,0
2022-12-13 13:00:00,0.93689,0.93696,0.93601,0.93643,1582,18,0
2022-12-13 13:30:00,0.93643,0.93708,0.93633,0.93698,1951,18,0
2022-12-13 14:00:00,0.93698,0.93706,0.93558,0.93599,2321,18,0
2022-12-13 14:30:00,0.93598,0.93633,0.93532,0.93555,2097,18,0
2022-12-13 15:00:00,0.93554,0.9362,0.93442,0.93475,3081,18,0
2022-12-13 15:30:00,0.93472,0.93472,0.92433,0.92565,10332,17,0
2022-12-13 16:00:00,0.92563,0.92598,0.92305,0.92406,7304,18,0
2022-12-13 16:30:00,0.92405,0.92611,0.92348,0.92463,6546,18,0
2022-12-13 17:00:00,0.92459,0.92656,0.92399,0.92648,5416,18,0
2022-12-13 17:30:00,0.92648,0.92745,0.92526,0.9264,6396,18,0
2022-12-13 18:00:00,0.92639,0.92677,0.9245,0.92452,3893,18,0
2022-12-13 18:30:00,0.92453,0.92703,0.92441,0.92676,3878,18,0
2022-12-13 19:00:00,0.92675,0.92802,0.92627,0.92796,4001,18,0
2022-12-13 19:30:00,0.92797,0.92957,0.92787,0.92951,3993,18,0
2022-12-13 20:00:00,0.92952,0.92983,0.92865,0.92885,3538,18,0
2022-12-13 20:30:00,0.92884,0.92975,0.92848,0.92974,2544,18,0
2022-12-13 21:00:00,0.92973,0.9298,0.92932,0.92949,1875,18,0
2022-12-13 21:30:00,0.92951,0.92963,0.92821,0.92853,2456,18,0
2022-12-13 22:00:00,0.92852,0.92902,0.92818,0.92828,2320,18,0
2022-12-13 22:30:00,0.92828,0.92926,0.92826,0.92913,1884,18,0
2022-12-13 23:00:00,0.92912,0.9293,0.9288,0.92914,954,21,0
2022-12-13 23:30:00,0.92913,0.92922,0.92815,0.92844,403,25,0
2022-12-14 00:00:00,0.92825,0.92825,0.9281,0.9281,2,111,0
2022-12-14 00:30:00,0.92827,0.92827,0.92792,0.92792,6,85,0
2022-12-14 01:00:00,0.9283,0.92936,0.92804,0.92926,1214,21,0
2022-12-14 01:30:00,0.92923,0.92932,0.92873,0.92894,1891,25,0
2022-12-14 02:00:00,0.92895,0.92942,0.92847,0.92918,1482,19,0
2022-12-14 02:30:00,0.92919,0.92948,0.92839,0.92864,1739,18,0
2022-12-14 03:00:00,0.92862,0.92909,0.92832,0.92902,1450,18,0
2022-12-14 03:30:00,0.92901,0.92902,0.92844,0.92852,1431,20,0
2022-12-14 04:00:00,0.92851,0.92913,0.92847,0.92905,1331,19,0
2022-12-14 04:30:00,0.92904,0.92936,0.929,0.92908,1219,19,0
2022-12-14 05:00:00,0.92907,0.92938,0.92899,0.929,634,20,0
2022-12-14 05:30:00,0.929,0.92904,0.9286,0.92899,729,18,0
2022-12-14 06:00:00,0.92903,0.92947,0.92898,0.92937,861,19,0
2022-12-14 06:30:00,0.92937,0.92964,0.92909,0.9291,424,19,0
2022-12-14 07:00:00,0.92909,0.92914,0.92849,0.92863,394,20,0
2022-12-14 07:30:00,0.92866,0.92901,0.92858,0.92896,487,19,0
2022-12-14 08:00:00,0.92895,0.92895,0.92839,0.92849,1232,20,0
2022-12-14 08:30:00,0.92848,0.92857,0.92805,0.92823,1518,19,0
2022-12-14 09:00:00,0.92824,0.92933,0.92782,0.92905,2212,18,0
2022-12-14 09:30:00,0.92901,0.92949,0.9286,0.9291,2004,18,0
2022-12-14 10:00:00,0.92909,0.9295,0.92736,0.92831,2777,18,0
2022-12-14 10:30:00,0.92836,0.92836,0.92679,0.92774,2640,18,0
2022-12-14 11:00:00,0.92774,0.92816,0.92679,0.92685,2730,18,0
2022-12-14 11:30:00,0.92685,0.92789,0.92667,0.92681,2033,19,0
2022-12-14 12:00:00,0.92681,0.92737,0.92599,0.92668,2962,18,0
2022-12-14 12:30:00,0.92669,0.92712,0.92607,0.92618,2011,18,0
2022-12-14 13:00:00,0.92619,0.9273,0.92616,0.92687,2568,18,0
2022-12-14 13:30:00,0.92686,0.92816,0.92685,0.92777,2015,18,0
2022-12-14 14:00:00,0.92777,0.92837,0.92758,0.92763,1910,18,0
2022-12-14 14:30:00,0.92763,0.92796,0.92681,0.92684,2323,18,0
2022-12-14 15:00:00,0.92682,0.92722,0.92594,0.92716,2300,18,0
2022-12-14 15:30:00,0.92715,0.92737,0.926,0.92653,3130,18,0
2022-12-14 16:00:00,0.92654,0.92754,0.92617,0.92733,3313,18,0
2022-12-14 16:30:00,0.92732,0.9278,0.92476,0.92579,3669,18,0
2022-12-14 17:00:00,0.92578,0.92593,0.92335,0.92346,3383,18,0
2022-12-14 17:30:00,0.92346,0.92457,0.92301,0.9236,3220,18,0
2022-12-14 18:00:00,0.92361,0.92422,0.92297,0.92307,2837,18,0
2022-12-14 18:30:00,0.92309,0.92375,0.92257,0.92373,1800,18,0
2022-12-14 19:00:00,0.92374,0.92497,0.92372,0.92413,1765,18,0
2022-12-14 19:30:00,0.92413,0.92487,0.924,0.92485,1823,18,0
2022-12-14 20:00:00,0.92484,0.92486,0.92276,0.9228,1530,18,0
2022-12-14 20:30:00,0.92284,0.92285,0.92143,0.92242,2333,18,0
2022-12-14 21:00:00,0.92241,0.92678,0.92194,0.92483,9524,18,0
2022-12-14 21:30:00,0.92489,0.92734,0.92308,0.92451,11200,18,0
2022-12-14 22:00:00,0.92451,0.92471,0.92148,0.92441,8429,18,0
2022-12-14 22:30:00,0.92444,0.92507,0.9228,0.92358,4327,18,0
2022-12-14 23:00:00,0.92358,0.92449,0.92263,0.92446,1030,21,0
2022-12-14 23:30:00,0.92445,0.92445,0.92375,0.92415,658,23,0
2022-12-15 00:00:00,0.92392,0.92392,0.92392,0.92392,5,73,0
2022-12-15 00:30:00,0.92385,0.92394,0.92365,0.92366,8,89,0
2022-12-15 01:00:00,0.92391,0.92453,0.9236,0.92377,1166,25,0
2022-12-15 01:30:00,0.92376,0.9247,0.92365,0.92425,956,24,0
2022-12-15 02:00:00,0.92424,0.92487,0.9242,0.92426,927,19,0
2022-12-15 02:30:00,0.92424,0.92437,0.92349,0.92381,608,20,0
2022-12-15 03:00:00,0.9238,0.9245,0.9238,0.92431,1185,18,0
2022-12-15 03:30:00,0.92431,0.92545,0.92431,0.92518,851,22,0
2022-12-15 04:00:00,0.92518,0.92578,0.92491,0.92565,919,18,0
2022-12-15 04:30:00,0.92565,0.92566,0.9248,0.92554,933,21,0
2022-12-15 05:00:00,0.92554,0.92581,0.92522,0.92564,351,19,0
2022-12-15 05:30:00,0.92564,0.9257,0.92545,0.92554,333,18,0
2022-12-15 06:00:00,0.92554,0.92613,0.92546,0.92571,345,18,0
2022-12-15 06:30:00,0.92574,0.92623,0.92571,0.92603,301,22,0
2022-12-15 07:00:00,0.92604,0.92622,0.92576,0.92591,485,22,0
2022-12-15 07:30:00,0.9259,0.92616,0.92522,0.92531,896,18,0
2022-12-15 08:00:00,0.92531,0.9255,0.92505,0.9251,689,18,0
2022-12-15 08:30:00,0.92514,0.92575,0.92504,0.92573,1081,19,0
2022-12-15 09:00:00,0.92578,0.92694,0.92569,0.92655,1325,18,0
2022-12-15 09:30:00,0.92655,0.92685,0.9261,0.92633,1485,18,0
2022-12-15 10:00:00,0.92631,0.92704,0.9245,0.92561,3286,18,0
2022-12-15 10:30:00,0.92564,0.93003,0.92563,0.92886,3986,18,0
2022-12-15 11:00:00,0.92884,0.92999,0.92699,0.92826,3401,18,0
2022-12-15 11:30:00,0.92826,0.93029,0.92676,0.92866,2793,17,0
2022-12-15 12:00:00,0.92868,0.92978,0.92833,0.92898,2666,18,0
2022-12-15 12:30:00,0.92899,0.92975,0.92889,0.9294,2398,19,0
2022-12-15 13:00:00,0.92938,0.92978,0.9281,0.9281,2204,18,0
2022-12-15 13:30:00,0.9281,0.92886,0.92737,0.92791,2298,18,0
2022-12-15 14:00:00,0.92789,0.92906,0.92739,0.92771,2519,18,0
2022-12-15 14:30:00,0.9277,0.92794,0.92724,0.92734,1908,18,0
2022-12-15 15:00:00,0.92734,0.92888,0.92638,0.92776,3601,18,0
2022-12-15 15:30:00,0.92774,0.92774,0.92622,0.9268,5349,18,0
2022-12-15 16:00:00,0.9268,0.92703,0.9231,0.92516,5714,18,0
2022-12-15 16:30:00,0.92516,0.92569,0.92381,0.92533,6327,18,0
2022-12-15 17:00:00,0.92533,0.92906,0.92486,0.92884,5506,18,0
2022-12-15 17:30:00,0.92885,0.9296,0.92655,0.92836,5080,18,0
2022-12-15 18:00:00,0.92837,0.92934,0.928,0.92843,3401,18,0
2022-12-15 18:30:00,0.92843,0.93003,0.92826,0.92874,3582,18,0
2022-12-15 19:00:00,0.92875,0.93097,0.92863,0.92998,3470,18,0
2022-12-15 19:30:00,0.92997,0.93109,0.92943,0.93082,2579,18,0
2022-12-15 20:00:00,0.93076,0.93162,0.93031,0.93044,2212,18,0
2022-12-15 20:30:00,0.93045,0.93045,0.92943,0.92978,1729,18,0
2022-12-15 21:00:00,0.92977,0.92977,0.92874,0.92906,1622,18,0
2022-12-15 21:30:00,0.92905,0.92924,0.92816,0.92816,1985,19,0
2022-12-15 22:00:00,0.92818,0.92856,0.92788,0.92829,1876,19,0
2022-12-15 22:30:00,0.92829,0.92886,0.92812,0.92867,1466,18,0
2022-12-15 23:00:00,0.92869,0.92878,0.92824,0.92837,852,18,0
2022-12-15 23:30:00,0.92837,0.92872,0.92789,0.92789,621,23,0
2022-12-16 00:00:00,0.9278,0.92861,0.92755,0.92755,18,89,0
2022-12-16 00:30:00,0.92743,0.92778,0.92716,0.92716,15,60,0
2022-12-16 01:00:00,0.92738,0.9284,0.92738,0.92807,533,23,0
2022-12-16 01:30:00,0.92808,0.92828,0.9276,0.9276,502,19,0
2022-12-16 02:00:00,0.92751,0.92757,0.92701,0.92703,353,23,0
2022-12-16 02:30:00,0.92705,0.92727,0.9268,0.92683,604,21,0
2022-12-16 03:00:00,0.92683,0.92715,0.92649,0.92709,1019,20,0
2022-12-16 03:30:00,0.92708,0.92715,0.92677,0.9271,829,18,0
2022-12-16 04:00:00,0.92711,0.9272,0.92578,0.92586,1080,18,0
2022-12-16 04:30:00,0.92585,0.92631,0.92526,0.92619,651,19,0
2022-12-16 05:00:00,0.9262,0.92687,0.92617,0.92678,534,18,0
2022-12-16 05:30:00,0.92678,0.92691,0.92651,0.92666,1126,18,0
2022-12-16 06:00:00,0.92665,0.92674,0.92623,0.9265,746,18,0
2022-12-16 06:30:00,0.92649,0.92685,0.92632,0.92662,403,22,0
2022-12-16 07:00:00,0.92663,0.92706,0.92652,0.92683,450,21,0
2022-12-16 07:30:00,0.92685,0.92714,0.92678,0.92698,958,18,0
2022-12-16 08:00:00,0.92701,0.92716,0.92641,0.9266,541,21,0
2022-12-16 08:30:00,0.92658,0.92663,0.92593,0.92653,967,18,0
2022-12-16 09:00:00,0.92646,0.92742,0.92601,0.92734,1308,18,0
2022-12-16 09:30:00,0.92736,0.92842,0.92711,0.92824,1560,18,0
2022-12-16 10:00:00,0.92815,0.92827,0.92724,0.9273,2917,17,0
2022-12-16 10:30:00,0.92706,0.928,0.92672,0.92715,2243,17,0
2022-12-16 11:00:00,0.92714,0.9283,0.92689,0.92826,2295,18,0
2022-12-16 11:30:00,0.92824,0.92987,0.92808,0.92977,2223,18,0
2022-12-16 12:00:00,0.92974,0.93013,0.92841,0.92969,2324,18,0
2022-12-16 12:30:00,0.9297,0.93058,0.92953,0.92972,1985,18,0
2022-12-16 13:00:00,0.92994,0.93029,0.92835,0.92894,2413,18,0
2022-12-16 13:30:00,0.92893,0.92988,0.92881,0.92941,1608,18,0
2022-12-16 14:00:00,0.92941,0.92971,0.92917,0.92964,1442,19,0
2022-12-16 14:30:00,0.92965,0.93029,0.92924,0.92962,1403,18,0
2022-12-16 15:00:00,0.92963,0.93061,0.92955,0.92987,2507,18,0
2022-12-16 15:30:00,0.92994,0.93055,0.92963,0.93038,2928,18,0
2022-12-16 16:00:00,0.93038,0.9316,0.92974,0.931,3851,18,0
2022-12-16 16:30:00,0.93101,0.93179,0.92914,0.92948,5801,18,0
2022-12-16 17:00:00,0.92947,0.93148,0.92904,0.93051,4279,18,0
2022-12-16 17:30:00,0.9305,0.93248,0.9301,0.93217,4258,18,0
2022-12-16 18:00:00,0.93219,0.9335,0.93214,0.93329,3156,18,0
2022-12-16 18:30:00,0.93328,0.93342,0.93192,0.93236,2918,18,0
2022-12-16 19:00:00,0.93236,0.93244,0.93146,0.93221,2180,18,0
2022-12-16 19:30:00,0.93218,0.93267,0.93199,0.93205,1687,18,0
2022-12-16 20:00:00,0.93206,0.93232,0.93157,0.93193,1392,19,0
2022-12-16 20:30:00,0.93191,0.93238,0.93154,0.93218,1363,18,0
2022-12-16 21:00:00,0.93218,0.93284,0.932,0.93256,1411,18,0
2022-12-16 21:30:00,0.93256,0.93356,0.93253,0.93293,1549,18,0
2022-12-16 22:00:00,0.93297,0.9333,0.93246,0.93283,1806,19,0
2022-12-16 22:30:00,0.93286,0.93373,0.93262,0.93373,1833,18,0
2022-12-16 23:00:00,0.93374,0.9341,0.93347,0.93398,922,20,0
2022-12-16 23:30:00,0.93398,0.93404,0.93325,0.93329,635,25,0
2022-12-19 00:00:00,0.93182,0.93182,0.93182,0.93182,1,172,0
2022-12-19 00:30:00,0.93226,0.93238,0.93226,0.93238,4,161,0
2022-12-19 01:00:00,0.93291,0.93353,0.93256,0.93342,949,30,0
2022-12-19 01:30:00,0.9334,0.9346,0.93334,0.93449,425,21,0
2022-12-19 02:00:00,0.93449,0.9345,0.93267,0.93282,847,18,0
2022-12-19 02:30:00,0.93281,0.93295,0.93241,0.93264,956,18,0
2022-12-19 03:00:00,0.93265,0.93276,0.93227,0.93267,827,18,0
2022-12-19 03:30:00,0.93266,0.93267,0.93182,0.93192,1051,18,0
2022-12-19 04:00:00,0.93192,0.93235,0.93152,0.93191,1238,19,0
2022-12-19 04:30:00,0.93189,0.93246,0.93182,0.93242,591,19,0
2022-12-19 05:00:00,0.93241,0.93256,0.93212,0.93243,498,19,0
2022-12-19 05:30:00,0.93243,0.93277,0.9324,0.93245,430,21,0
2022-12-19 06:00:00,0.93243,0.93247,0.93193,0.93201,575,18,0
2022-12-19 06:30:00,0.93202,0.93219,0.93188,0.93214,768,19,0
2022-12-19 07:00:00,0.93213,0.93272,0.93208,0.9327,611,19,0
2022-12-19 07:30:00,0.93269,0.93284,0.93261,0.9327,677,18,0
2022-12-19 08:00:00,0.93271,0.93297,0.93254,0.93261,753,20,0
2022-12-19 08:30:00,0.93262,0.93266,0.93186,0.93205,1542,18,0
2022-12-19 09:00:00,0.93199,0.93202,0.93109,0.93114,1779,18,0
2022-12-19 09:30:00,0.93115,0.93134,0.92982,0.93025,1539,18,0
2022-12-19 10:00:00,0.93026,0.93048,0.929,0.92927,2256,18,0
2022-12-19 10:30:00,0.92928,0.93,0.92884,0.92911,1669,18,0
2022-12-19 11:00:00,0.92913,0.92942,0.92829,0.92871,2302,19,0
2022-12-19 11:30:00,0.92871,0.93043,0.92847,0.93033,2281,19,0
2022-12-19 12:00:00,0.93033,0.93092,0.92985,0.93082,1738,19,0
2022-12-19 12:30:00,0.93081,0.93157,0.93061,0.93097,1469,18,0
2022-12-19 13:00:00,0.93096,0.93184,0.9309,0.93157,1738,21,0
2022-12-19 13:30:00,0.93161,0.9319,0.93134,0.93183,1796,18,0
2022-12-19 14:00:00,0.93183,0.93263,0.93161,0.93229,2163,18,0
2022-12-19 14:30:00,0.9323,0.93266,0.93174,0.93211,1966,20,0
2022-12-19 15:00:00,0.93214,0.93261,0.93177,0.93248,2080,18,0
2022-12-19 15:30:00,0.93248,0.9326,0.93191,0.93225,2122,17,0
2022-12-19 16:00:00,0.93224,0.93269,0.93188,0.93201,2261,19,0
2022-12-19 16:30:00,0.93197,0.93263,0.93176,0.93211,2251,18,0
2022-12-19 17:00:00,0.93213,0.9322,0.93104,0.93147,3503,18,0
2022-12-19 17:30:00,0.93147,0.934,0.93147,0.93325,3960,18,0
2022-12-19 18:00:00,0.93322,0.93358,0.93052,0.93052,2754,18,0
2022-12-19 18:30:00,0.93054,0.93131,0.92991,0.93029,2831,18,0
2022-12-19 19:00:00,0.9303,0.93051,0.92952,0.9302,1922,18,0
2022-12-19 19:30:00,0.93023,0.93048,0.92903,0.92944,1649,18,0
2022-12-19 20:00:00,0.92944,0.92967,0.92913,0.92919,950,19,0
2022-12-19 20:30:00,0.92918,0.93,0.92902,0.92995,1311,19,0
2022-12-19 21:00:00,0.92995,0.93061,0.92956,0.92996,1580,18,0
2022-12-19 21:30:00,0.92995,0.9303,0.92952,0.92996,1786,18,0
2022-12-19 22:00:00,0.92996,0.9304,0.92966,0.92975,1352,19,0
2022-12-19 22:30:00,0.92975,0.93023,0.92954,0.92965,1134,18,0
2022-12-19 23:00:00,0.92965,0.92965,0.92892,0.92898,301,21,0
2022-12-19 23:30:00,0.92899,0.92911,0.9284,0.92842,362,23,0
2022-12-20 00:00:00,0.92838,0.9285,0.92832,0.92842,17,41,0
2022-12-20 00:30:00,0.92843,0.92843,0.9283,0.92833,4,116,0
2022-12-20 01:00:00,0.92853,0.92893,0.92843,0.92858,1791,22,0
2022-12-20 01:30:00,0.92857,0.92867,0.92831,0.92859,2524,21,0
2022-12-20 02:00:00,0.92857,0.9298,0.92855,0.92956,906,18,0
2022-12-20 02:30:00,0.92957,0.93044,0.92951,0.92988,1193,19,0
2022-12-20 03:00:00,0.92989,0.93067,0.9298,0.93016,2200,20,0
2022-12-20 03:30:00,0.93013,0.93024,0.92959,0.92979,1057,18,0
2022-12-20 04:00:00,0.92978,0.92998,0.92952,0.9299,1491,19,0
2022-12-20 04:30:00,0.92989,0.93007,0.92926,0.92933,1194,19,0
2022-12-20 05:00:00,0.92932,0.92967,0.9254,0.92735,8029,18,0
2022-12-20 05:30:00,0.92734,0.92854,0.9265,0.92834,4402,19,0
2022-12-20 06:00:00,0.92835,0.92855,0.92741,0.92822,2700,18,0
2022-12-20 06:30:00,0.92821,0.92891,0.92789,0.92885,2973,18,0
2022-12-20 07:00:00,0.92885,0.92915,0.92802,0.92905,1412,19,0
2022-12-20 07:30:00,0.92906,0.92942,0.92848,0.92879,2479,18,0
2022-12-20 08:00:00,0.92877,0.92878,0.92731,0.92785,2286,18,0
2022-12-20 08:30:00,0.92787,0.92979,0.9278,0.92876,3715,19,0
2022-12-20 09:00:00,0.92874,0.92876,0.9275,0.92777,2867,18,0
2022-12-20 09:30:00,0.92776,0.92917,0.92758,0.92758,2980,19,0
2022-12-20 10:00:00,0.92752,0.92823,0.92579,0.9273,4210,18,0
2022-12-20 10:30:00,0.92731,0.92743,0.92547,0.92547,3557,18,0
2022-12-20 11:00:00,0.92548,0.92623,0.92493,0.925,2537,19,0
2022-12-20 11:30:00,0.925,0.92701,0.9248,0.92578,2783,18,0
2022-12-20 12:00:00,0.92578,0.9276,0.92549,0.92687,2848,18,0
2022-12-20 12:30:00,0.92689,0.9271,0.92604,0.92644,2098,19,0
2022-12-20 13:00:00,0.92643,0.92773,0.92626,0.92668,1715,18,0
2022-12-20 13:30:00,0.92667,0.92667,0.9253,0.92589,1782,18,0
2022-12-20 14:00:00,0.92587,0.92704,0.92553,0.92689,2491,18,0
2022-12-20 14:30:00,0.9269,0.92866,0.92688,0.92857,2665,18,0
2022-12-20 15:00:00,0.92857,0.92987,0.92856,0.9294,3046,18,0
2022-12-20 15:30:00,0.92938,0.92961,0.92821,0.92851,2478,18,0
2022-12-20 16:00:00,0.9285,0.92994,0.92821,0.92872,3053,18,0
2022-12-20 16:30:00,0.92871,0.92909,0.92606,0.92641,4725,18,0
2022-12-20 17:00:00,0.92638,0.92647,0.92416,0.9248,4039,18,0
2022-12-20 17:30:00,0.92479,0.92586,0.92408,0.92579,4292,18,0
2022-12-20 18:00:00,0.92578,0.92735,0.92507,0.92706,3535,18,0
2022-12-20 18:30:00,0.92705,0.92708,0.9257,0.92582,2478,18,0
2022-12-20 19:00:00,0.92583,0.92659,0.92545,0.92614,2751,18,0
2022-12-20 19:30:00,0.92615,0.92687,0.92606,0.92652,2188,18,0
2022-12-20 20:00:00,0.92653,0.92729,0.92649,0.92695,1828,18,0
2022-12-20 20:30:00,0.92695,0.9275,0.92634,0.92747,1111,18,0
2022-12-20 21:00:00,0.92745,0.92776,0.92663,0.92698,1069,19,0
2022-12-20 21:30:00,0.92697,0.92701,0.92602,0.92617,1172,20,0
2022-12-20 22:00:00,0.92617,0.92677,0.92615,0.92624,1107,20,0
2022-12-20 22:30:00,0.92625,0.92697,0.92608,0.9269,1038,18,0
2022-12-20 23:00:00,0.92693,0.92693,0.92593,0.92604,886,22,0
2022-12-20 23:30:00,0.92603,0.92624,0.92551,0.92563,608,23,0
2022-12-21 00:00:00,0.92563,0.92563,0.92563,0.92563,1,74,0
2022-12-21 00:30:00,0.92556,0.92626,0.92556,0.92601,10,139,0
2022-12-21 01:00:00,0.926,0.92613,0.92571,0.92599,1122,28,0
2022-12-21 01:30:00,0.92601,0.92641,0.92597,0.92625,1098,25,0
2022-12-21 02:00:00,0.92622,0.92647,0.92599,0.92645,529,19,0
2022-12-21 02:30:00,0.92645,0.92698,0.92637,0.92681,1238,18,0
2022-12-21 03:00:00,0.92679,0.92719,0.92642,0.92711,1853,22,0
2022-12-21 03:30:00,0.92711,0.92802,0.927,0.92762,1874,21,0
2022-12-21 04:00:00,0.92763,0.92784,0.92724,0.92742,1168,21,0
2022-12-21 04:30:00,0.92742,0.92798,0.9274,0.92769,762,18,0
2022-12-21 05:00:00,0.92769,0.92793,0.92741,0.9278,1033,22,0
2022-12-21 05:30:00,0.92782,0.92797,0.92762,0.92764,712,21,0
2022-12-21 06:00:00,0.92764,0.92821,0.92762,0.9282,736,22,0
2022-12-21 06:30:00,0.92821,0.92856,0.92813,0.92845,691,21,0
2022-12-21 07:00:00,0.92847,0.92861,0.92822,0.92848,414,22,0
2022-12-21 07:30:00,0.9285,0.92863,0.92817,0.92818,638,19,0
2022-12-21 08:00:00,0.92819,0.92856,0.92813,0.92827,594,20,0
2022-12-21 08:30:00,0.92827,0.92861,0.92813,0.9286,846,18,0
2022-12-21 09:00:00,0.9286,0.92884,0.9269,0.92691,1287,18,0
2022-12-21 09:30:00,0.92692,0.92697,0.92637,0.92639,1213,19,0
2022-12-21 10:00:00,0.92632,0.92704,0.92537,0.92646,2157,18,0
2022-12-21 10:30:00,0.92646,0.9269,0.92504,0.92534,2690,18,0
2022-12-21 11:00:00,0.92535,0.92636,0.92514,0.92595,2342,18,0
2022-12-21 11:30:00,0.92596,0.92671,0.92533,0.92622,2084,18,0
2022-12-21 12:00:00,0.92623,0.9265,0.9257,0.92571,1714,19,0
2022-12-21 12:30:00,0.92571,0.92709,0.92564,0.92676,1677,18,0
2022-12-21 13:00:00,0.92678,0.92695,0.92563,0.92622,1717,18,0
2022-12-21 13:30:00,0.92624,0.92658,0.92567,0.92628,1689,19,0
2022-12-21 14:00:00,0.92626,0.92729,0.92602,0.92609,1900,18,0
2022-12-21 14:30:00,0.92607,0.92619,0.92455,0.92467,2360,18,0
2022-12-21 15:00:00,0.92463,0.92487,0.92424,0.92473,2944,18,0
2022-12-21 15:30:00,0.92474,0.92514,0.92376,0.92483,2736,19,0
2022-12-21 16:00:00,0.92482,0.9276,0.92479,0.92694,3683,18,0
2022-12-21 16:30:00,0.92692,0.92766,0.92606,0.92691,3573,18,0
2022-12-21 17:00:00,0.92691,0.92752,0.92529,0.92571,3507,18,0
2022-12-21 17:30:00,0.92572,0.92651,0.92385,0.92621,3666,18,0
2022-12-21 18:00:00,0.92617,0.92698,0.92594,0.92634,2487,18,0
2022-12-21 18:30:00,0.92635,0.92769,0.92624,0.92759,2422,19,0
2022-12-21 19:00:00,0.92758,0.92807,0.92706,0.92729,2170,18,0
2022-12-21 19:30:00,0.9273,0.92741,0.92676,0.92698,1599,19,0
2022-12-21 20:00:00,0.92699,0.92759,0.92639,0.92689,1329,20,0
2022-12-21 20:30:00,0.92689,0.92708,0.92597,0.92601,901,20,0
2022-12-21 21:00:00,0.92599,0.92616,0.92533,0.92616,1633,20,0
2022-12-21 21:30:00,0.92616,0.92646,0.92562,0.92595,1458,18,0
2022-12-21 22:00:00,0.92596,0.92659,0.92596,0.92649,866,19,0
2022-12-21 22:30:00,0.9265,0.92664,0.92608,0.92664,944,18,0
2022-12-21 23:00:00,0.92662,0.92681,0.92633,0.92657,552,21,0
2022-12-21 23:30:00,0.92659,0.92695,0.92641,0.92644,266,24,0
2022-12-22 00:00:00,0.92639,0.92647,0.92629,0.92629,7,53,0
2022-12-22 00:30:00,0.92601,0.92601,0.92559,0.92569,11,172,0
2022-12-22 01:00:00,0.92617,0.92661,0.92595,0.92628,602,25,0
2022-12-22 01:30:00,0.9263,0.92654,0.92625,0.9265,348,21,0
2022-12-22 02:00:00,0.92656,0.92672,0.92636,0.92655,633,21,0
2022-12-22 02:30:00,0.92654,0.92657,0.9254,0.92541,912,20,0
2022-12-22 03:00:00,0.92542,0.92612,0.9249,0.92501,1082,22,0
2022-12-22 03:30:00,0.92502,0.92532,0.92499,0.92501,1173,19,0
2022-12-22 04:00:00,0.92501,0.92516,0.92434,0.92456,1067,20,0
2022-12-22 04:30:00,0.92455,0.92496,0.92436,0.92453,830,20,0
2022-12-22 05:00:00,0.92453,0.9246,0.92415,0.92453,618,19,0
2022-12-22 05:30:00,0.9245,0.92452,0.92382,0.92385,596,21,0
2022-12-22 06:00:00,0.92386,0.92433,0.92381,0.92431,592,20,0
2022-12-22 06:30:00,0.92436,0.92451,0.92386,0.92396,352,18,0
2022-12-22 07:00:00,0.92398,0.92401,0.92348,0.9236,618,21,0
2022-12-22 07:30:00,0.92361,0.92412,0.9235,0.92397,711,20,0
2022-12-22 08:00:00,0.92396,0.92396,0.92307,0.92337,663,21,0
2022-12-22 08:30:00,0.92336,0.92376,0.92305,0.92348,772,18,0
2022-12-22 09:00:00,0.9235,0.92467,0.92289,0.92433,1025,19,0
2022-12-22 09:30:00,0.92434,0.92466,0.92383,0.92426,1096,20,0
2022-12-22 10:00:00,0.92431,0.92463,0.92254,0.92329,1831,18,0
2022-12-22 10:30:00,0.92327,0.92391,0.92311,0.9237,2043,18,0
2022-12-22 11:00:00,0.92369,0.92432,0.9233,0.92432,1762,19,0
2022-12-22 11:30:00,0.92431,0.92447,0.92272,0.92309,1831,20,0
2022-12-22 12:00:00,0.9231,0.92377,0.92278,0.92355,1643,19,0
2022-12-22 12:30:00,0.92356,0.92532,0.92334,0.92526,2138,20,0
2022-12-22 13:00:00,0.92527,0.92646,0.92525,0.92609,1641,18,0
2022-12-22 13:30:00,0.92608,0.92707,0.92579,0.9269,1673,18,0
2022-12-22 14:00:00,0.92692,0.92722,0.92657,0.9268,2074,18,0
2022-12-22 14:30:00,0.92678,0.92715,0.92578,0.92592,1913,18,0
2022-12-22 15:00:00,0.92589,0.92651,0.92567,0.92607,1844,18,0
2022-12-22 15:30:00,0.92608,0.92906,0.92607,0.92872,5032,18,0
2022-12-22 16:00:00,0.92872,0.9297,0.92743,0.92969,3391,18,0
2022-12-22 16:30:00,0.92969,0.93048,0.92819,0.92825,4609,18,0
2022-12-22 17:00:00,0.92824,0.93028,0.9278,0.93016,4377,18,0
2022-12-22 17:30:00,0.93017,0.93063,0.92963,0.93028,3656,18,0
2022-12-22 18:00:00,0.9303,0.93077,0.92928,0.9306,2467,18,0
2022-12-22 18:30:00,0.93059,0.93134,0.93016,0.93098,2306,18,0
2022-12-22 19:00:00,0.93099,0.93147,0.93097,0.93124,1417,18,0
2022-12-22 19:30:00,0.93125,0.93153,0.93079,0.93106,1976,18,0
2022-12-22 20:00:00,0.93106,0.93161,0.93106,0.93148,1788,20,0
2022-12-22 20:30:00,0.93149,0.9319,0.93136,0.93185,2073,18,0
2022-12-22 21:00:00,0.93184,0.93204,0.93164,0.93195,1469,18,0
2022-12-22 21:30:00,0.93196,0.93203,0.93099,0.93115,2495,21,0
2022-12-22 22:00:00,0.93115,0.93138,0.93046,0.93072,1929,20,0
2022-12-22 22:30:00,0.93071,0.93137,0.93062,0.93099,1520,20,0
2022-12-22 23:00:00,0.93099,0.93144,0.93082,0.93142,977,21,0
2022-12-22 23:30:00,0.93141,0.93146,0.93071,0.93081,686,25,0
2022-12-23 00:00:00,0.93078,0.93098,0.9305,0.93098,15,51,0
2022-12-23 00:30:00,0.93063,0.9307,0.93062,0.93062,4,64,0
2022-12-23 01:00:00,0.93071,0.93093,0.93061,0.93086,2543,24,0
2022-12-23 01:30:00,0.93088,0.93115,0.93071,0.93111,5518,20,0
2022-12-23 02:00:00,0.93107,0.9315,0.9309,0.93146,3497,20,0
2022-12-23 02:30:00,0.93145,0.93199,0.93128,0.93191,3477,20,0
2022-12-23 03:00:00,0.93191,0.9321,0.93165,0.9319,1620,20,0
2022-12-23 03:30:00,0.93189,0.932,0.93154,0.93178,1781,23,0
2022-12-23 04:00:00,0.93179,0.9318,0.93144,0.93154,2078,22,0
2022-12-23 04:30:00,0.93153,0.9317,0.93135,0.93168,2072,24,0
2022-12-23 05:00:00,0.93169,0.93176,0.93145,0.93156,1550,20,0
2022-12-23 05:30:00,0.93157,0.9318,0.93145,0.93163,826,23,0
2022-12-23 06:00:00,0.93162,0.93167,0.93151,0.93156,2033,22,0
2022-12-23 06:30:00,0.93155,0.93174,0.9315,0.93163,1561,22,0
2022-12-23 07:00:00,0.93164,0.93181,0.93155,0.93172,2615,21,0
2022-12-23 07:30:00,0.93173,0.93176,0.93151,0.93165,2925,20,0
2022-12-23 08:00:00,0.93166,0.93186,0.93155,0.93178,2759,21,0
2022-12-23 08:30:00,0.93176,0.93179,0.93132,0.93161,1018,21,0
2022-12-23 09:00:00,0.93159,0.93171,0.93085,0.93125,1371,18,0
2022-12-23 09:30:00,0.93124,0.9313,0.93052,0.93061,1163,18,0
2022-12-23 10:00:00,0.93059,0.93261,0.93058,0.93242,2752,18,0
2022-12-23 10:30:00,0.93246,0.93256,0.93034,0.93054,1248,19,0
2022-12-23 11:00:00,0.93054,0.93118,0.93021,0.93049,1359,21,0
2022-12-23 11:30:00,0.9305,0.9313,0.93043,0.93114,1467,18,0
2022-12-23 12:00:00,0.93115,0.93124,0.92978,0.9299,1523,18,0
2022-12-23 12:30:00,0.92989,0.93027,0.92949,0.92978,1100,19,0
2022-12-23 13:00:00,0.92978,0.9305,0.92971,0.93022,1702,18,0
2022-12-23 13:30:00,0.9302,0.93055,0.92978,0.93019,1546,19,0
2022-12-23 14:00:00,0.93019,0.93061,0.92995,0.93042,1415,18,0
2022-12-23 14:30:00,0.93039,0.93094,0.92901,0.9292,1706,18,0
2022-12-23 15:00:00,0.92919,0.92959,0.92864,0.92931,2085,18,0
2022-12-23 15:30:00,0.92922,0.93146,0.92838,0.93109,6279,18,0
2022-12-23 16:00:00,0.93108,0.93182,0.93053,0.9314,3726,18,0
2022-12-23 16:30:00,0.93146,0.93311,0.93099,0.93305,4516,18,0
2022-12-23 17:00:00,0.93305,0.93409,0.93181,0.93284,4959,18,0
2022-12-23 17:30:00,0.93283,0.93342,0.93125,0.93339,3232,18,0
2022-12-23 18:00:00,0.93336,0.93378,0.93238,0.93289,2835,18,0
2022-12-23 18:30:00,0.9329,0.93343,0.93271,0.93339,1782,18,0
2022-12-23 19:00:00,0.93339,0.9338,0.93252,0.93266,2512,20,0
2022-12-23 19:30:00,0.93267,0.93294,0.93184,0.9328,1471,21,0
2022-12-23 20:00:00,0.9328,0.93346,0.9327,0.9331,1289,18,0
2022-12-23 20:30:00,0.93311,0.93414,0.93309,0.93365,1437,21,0
2022-12-23 21:00:00,0.93364,0.9343,0.93357,0.93411,1227,22,0
2022-12-23 21:30:00,0.93411,0.93434,0.93368,0.93379,1395,21,0
2022-12-23 22:00:00,0.93375,0.93413,0.93341,0.93403,1460,24,0
2022-12-23 22:30:00,0.93403,0.93422,0.93309,0.93322,1359,20,0
2022-12-23 23:00:00,0.93322,0.93345,0.93274,0.93333,769,27,0
2022-12-23 23:30:00,0.93333,0.93379,0.93283,0.93327,574,32,0
2022-12-27 00:00:00,0.93083,0.93109,0.93083,0.93109,2,172,0
2022-12-27 00:30:00,0.93188,0.93236,0.93185,0.93185,7,46,0
2022-12-27 01:00:00,0.93161,0.93295,0.93161,0.9321,2477,20,0
2022-12-27 01:30:00,0.93207,0.93209,0.93123,0.93182,611,33,0
2022-12-27 02:00:00,0.93183,0.93193,0.93129,0.93152,2018,27,0
2022-12-27 02:30:00,0.9315,0.93222,0.93139,0.93152,1427,26,0
2022-12-27 03:00:00,0.93153,0.93157,0.93095,0.93106,1781,24,0
2022-12-27 03:30:00,0.93107,0.93145,0.93024,0.93045,842,24,0
2022-12-27 04:00:00,0.93043,0.93053,0.92989,0.93028,1079,21,0
2022-12-27 04:30:00,0.93027,0.93049,0.93022,0.93042,519,24,0
2022-12-27 05:00:00,0.93043,0.93119,0.93042,0.93116,515,24,0
2022-12-27 05:30:00,0.93117,0.93168,0.9311,0.93126,441,24,0
2022-12-27 06:00:00,0.93127,0.93134,0.93089,0.93089,471,19,0
2022-12-27 06:30:00,0.93091,0.93112,0.93081,0.93085,1351,18,0
2022-12-27 07:00:00,0.93084,0.93105,0.9307,0.93081,1045,20,0
2022-12-27 07:30:00,0.93082,0.93102,0.93016,0.93021,485,23,0
2022-12-27 08:00:00,0.9302,0.93072,0.92976,0.93068,865,21,0
2022-12-27 08:30:00,0.9307,0.9307,0.9296,0.92982,787,24,0
2022-12-27 09:00:00,0.92983,0.93018,0.92931,0.92946,805,21,0
2022-12-27 09:30:00,0.92947,0.93087,0.92941,0.93065,694,21,0
2022-12-27 10:00:00,0.93067,0.93203,0.93061,0.93107,2121,21,0
2022-12-27 10:30:00,0.93109,0.9315,0.92997,0.93017,1592,22,0
2022-12-27 11:00:00,0.93014,0.93033,0.92913,0.92913,1649,21,0
2022-12-27 11:30:00,0.92914,0.92951,0.9283,0.92832,1041,20,0
2022-12-27 12:00:00,0.92832,0.92897,0.92724,0.92736,1542,20,0
2022-12-27 12:30:00,0.92736,0.92774,0.92686,0.92715,1043,20,0
2022-12-27 13:00:00,0.92715,0.92802,0.92704,0.92783,1396,20,0
2022-12-27 13:30:00,0.92784,0.92913,0.92772,0.92864,1651,19,0
2022-12-27 14:00:00,0.92866,0.92913,0.9283,0.92904,1484,19,0
2022-12-27 14:30:00,0.92904,0.9299,0.92891,0.92973,1249,20,0
2022-12-27 15:00:00,0.92972,0.93058,0.92968,0.93002,2144,18,0
2022-12-27 15:30:00,0.93003,0.93075,0.92984,0.93064,2957,18,0
2022-12-27 16:00:00,0.93066,0.93152,0.93051,0.93079,2372,19,0
2022-12-27 16:30:00,0.93078,0.93099,0.92949,0.93006,2512,18,0
2022-12-27 17:00:00,0.93006,0.93025,0.9275,0.92768,2526,18,0
2022-12-27 17:30:00,0.92768,0.92883,0.92702,0.92838,2595,18,0
2022-12-27 18:00:00,0.92839,0.92894,0.9283,0.92868,2211,18,0
2022-12-27 18:30:00,0.92867,0.92891,0.92812,0.9285,1792,19,0
2022-12-27 19:00:00,0.92849,0.92965,0.92847,0.92942,1294,21,0
2022-12-27 19:30:00,0.92944,0.93011,0.92935,0.92995,858,21,0
2022-12-27 20:00:00,0.92998,0.93005,0.92927,0.92934,882,20,0
2022-12-27 20:30:00,0.92931,0.92952,0.9287,0.92908,1063,20,0
2022-12-27 21:00:00,0.92909,0.92927,0.92856,0.92923,1426,21,0
2022-12-27 21:30:00,0.92922,0.92934,0.92874,0.92917,1399,20,0
2022-12-27 22:00:00,0.92917,0.92918,0.92872,0.92902,1606,22,0
2022-12-27 22:30:00,0.92901,0.9294,0.92888,0.92921,1060,23,0
2022-12-27 23:00:00,0.92926,0.92929,0.92873,0.92917,426,26,0
2022-12-27 23:30:00,0.92917,0.92938,0.9287,0.9287,424,25,0
2022-12-28 00:00:00,0.92795,0.92795,0.92795,0.92795,1,172,0
2022-12-28 00:30:00,0.92817,0.92817,0.92817,0.92817,1,172,0
2022-12-28 01:00:00,0.92843,0.92934,0.92832,0.92907,641,18,0
2022-12-28 01:30:00,0.92907,0.92932,0.929,0.9293,569,23,0
2022-12-28 02:00:00,0.9293,0.93036,0.92898,0.9303,749,23,0
2022-12-28 02:30:00,0.93028,0.93057,0.92897,0.93007,1192,22,0
2022-12-28 03:00:00,0.93005,0.93026,0.92947,0.92954,1230,21,0
2022-12-28 03:30:00,0.92953,0.92962,0.9292,0.92929,1138,23,0
2022-12-28 04:00:00,0.92929,0.92995,0.92929,0.92966,612,20,0
2022-12-28 04:30:00,0.92969,0.92993,0.92947,0.92974,870,22,0
2022-12-28 05:00:00,0.92973,0.9298,0.92924,0.92973,703,22,0
2022-12-28 05:30:00,0.92975,0.9304,0.92971,0.93028,1319,18,0
2022-12-28 06:00:00,0.93028,0.93029,0.92987,0.92992,932,22,0
2022-12-28 06:30:00,0.92991,0.93019,0.92963,0.92977,994,22,0
2022-12-28 07:00:00,0.92978,0.92981,0.92926,0.92936,1066,22,0
2022-12-28 07:30:00,0.92935,0.92948,0.92909,0.92914,1018,20,0
2022-12-28 08:00:00,0.92913,0.92953,0.92899,0.92921,1564,22,0
2022-12-28 08:30:00,0.92921,0.92957,0.92919,0.92943,906,20,0
2022-12-28 09:00:00,0.92955,0.92973,0.92905,0.92944,1640,22,0
2022-12-28 09:30:00,0.92943,0.9298,0.92906,0.92914,1370,20,0
2022-12-28 10:00:00,0.92914,0.9296,0.92745,0.92831,2484,19,0
2022-12-28 10:30:00,0.92831,0.9298,0.92831,0.92964,1949,18,0
2022-12-28 11:00:00,0.92959,0.93054,0.92949,0.93034,1920,18,0
2022-12-28 11:30:00,0.93033,0.93063,0.92958,0.9301,1250,18,0
2022-12-28 12:00:00,0.9301,0.93051,0.92879,0.92885,1451,18,0
2022-12-28 12:30:00,0.92879,0.92918,0.92788,0.92815,1354,18,0
2022-12-28 13:00:00,0.92812,0.92827,0.92745,0.92803,1102,18,0
2022-12-28 13:30:00,0.92802,0.92802,0.92728,0.9276,1353,18,0
2022-12-28 14:00:00,0.9276,0.92813,0.92704,0.92705,1993,18,0
2022-12-28 14:30:00,0.92703,0.92711,0.92576,0.92654,2236,18,0
2022-12-28 15:00:00,0.92654,0.92699,0.92579,0.92652,2477,18,0
2022-12-28 15:30:00,0.92653,0.9274,0.926,0.92611,1733,18,0
2022-12-28 16:00:00,0.92611,0.92615,0.92522,0.92539,2122,18,0
2022-12-28 16:30:00,0.92543,0.92597,0.92443,0.92549,3088,18,0
2022-12-28 17:00:00,0.92551,0.92644,0.92518,0.92644,2999,18,0
2022-12-28 17:30:00,0.92645,0.92866,0.92615,0.92817,3932,18,0
2022-12-28 18:00:00,0.92819,0.9288,0.92699,0.92772,2470,18,0
2022-12-28 18:30:00,0.92771,0.92791,0.92662,0.92748,1882,18,0
2022-12-28 19:00:00,0.92748,0.92775,0.92609,0.92628,2136,19,0
2022-12-28 19:30:00,0.92629,0.92722,0.92614,0.92616,2155,18,0
2022-12-28 20:00:00,0.92615,0.92705,0.92566,0.92688,1850,19,0
2022-12-28 20:30:00,0.92687,0.92814,0.92671,0.92813,1522,19,0
2022-12-28 21:00:00,0.92813,0.92839,0.92767,0.9278,1100,20,0
2022-12-28 21:30:00,0.92782,0.92859,0.92772,0.9284,1079,20,0
2022-12-28 22:00:00,0.92841,0.92895,0.92835,0.92874,1206,21,0
2022-12-28 22:30:00,0.92875,0.92912,0.9286,0.9291,983,21,0
2022-12-28 23:00:00,0.92912,0.92929,0.92888,0.92918,296,23,0
2022-12-28 23:30:00,0.92919,0.92932,0.92833,0.9284,294,23,0
2022-12-29 00:00:00,0.92743,0.92743,0.92743,0.92743,1,172,0
2022-12-29 00:30:00,0.92732,0.92739,0.9273,0.92739,3,172,0
2022-12-29 01:00:00,0.92796,0.9285,0.92782,0.92801,2239,18,0
2022-12-29 01:30:00,0.92801,0.92815,0.92776,0.92779,411,20,0
2022-12-29 02:00:00,0.92779,0.92779,0.92731,0.92749,766,18,0
2022-12-29 02:30:00,0.92749,0.92768,0.92663,0.92678,1062,20,0
2022-12-29 03:00:00,0.92679,0.92709,0.92662,0.927,1237,22,0
2022-12-29 03:30:00,0.92701,0.92707,0.9268,0.92697,867,19,0
2022-12-29 04:00:00,0.92699,0.92699,0.92666,0.92682,423,22,0
2022-12-29 04:30:00,0.92682,0.92691,0.92662,0.92689,706,20,0
2022-12-29 05:00:00,0.9269,0.92723,0.92678,0.92695,543,21,0
2022-12-29 05:30:00,0.92694,0.92727,0.92692,0.92711,446,21,0
2022-12-29 06:00:00,0.92711,0.92744,0.92711,0.9273,297,18,0
2022-12-29 06:30:00,0.92729,0.92737,0.9269,0.92691,748,22,0
2022-12-29 07:00:00,0.92692,0.92706,0.92671,0.92696,812,20,0
2022-12-29 07:30:00,0.92697,0.92745,0.92688,0.92716,689,22,0
2022-12-29 08:00:00,0.92715,0.92739,0.92678,0.92732,789,20,0
2022-12-29 08:30:00,0.92734,0.92839,0.92733,0.9282,569,20,0
2022-12-29 09:00:00,0.92832,0.92866,0.9279,0.9285,566,21,0
2022-12-29 09:30:00,0.92849,0.92858,0.92672,0.92681,923,21,0
2022-12-29 10:00:00,0.92679,0.92712,0.92493,0.92511,1867,18,0
2022-12-29 10:30:00,0.92508,0.92617,0.92508,0.9259,1477,18,0
2022-12-29 11:00:00,0.9259,0.9259,0.92408,0.92475,1350,18,0
2022-12-29 11:30:00,0.92475,0.92545,0.92275,0.92333,1567,20,0
2022-12-29 12:00:00,0.92333,0.92599,0.92333,0.92523,1952,18,0
2022-12-29 12:30:00,0.92522,0.92577,0.925,0.92556,1895,18,0
2022-12-29 13:00:00,0.92555,0.92592,0.92498,0.92514,1695,19,0
2022-12-29 13:30:00,0.92515,0.92562,0.92439,0.9254,1627,19,0
2022-12-29 14:00:00,0.9254,0.92553,0.92415,0.92435,1799,18,0
2022-12-29 14:30:00,0.92434,0.92493,0.92388,0.92407,1691,20,0
2022-12-29 15:00:00,0.92406,0.92409,0.92335,0.9237,2301,19,0
2022-12-29 15:30:00,0.92369,0.92395,0.92229,0.92337,2963,20,0
2022-12-29 16:00:00,0.92338,0.9242,0.92249,0.92254,3126,19,0
2022-12-29 16:30:00,0.92255,0.92364,0.92094,0.92335,3711,18,0
2022-12-29 17:00:00,0.92333,0.92541,0.92333,0.92524,3452,18,0
2022-12-29 17:30:00,0.92523,0.92542,0.92308,0.92319,3527,18,0
2022-12-29 18:00:00,0.92319,0.92436,0.92307,0.92383,2502,19,0
2022-12-29 18:30:00,0.92384,0.92408,0.92285,0.92326,1828,18,0
2022-12-29 19:00:00,0.92326,0.92347,0.92295,0.92311,1349,20,0
2022-12-29 19:30:00,0.92311,0.92341,0.92198,0.9226,1567,18,0
2022-12-29 20:00:00,0.92259,0.92309,0.92244,0.92258,1361,18,0
2022-12-29 20:30:00,0.92257,0.923,0.92239,0.9225,931,20,0
2022-12-29 21:00:00,0.9225,0.92263,0.92203,0.9226,1581,18,0
2022-12-29 21:30:00,0.92261,0.92263,0.92149,0.92154,1163,18,0
2022-12-29 22:00:00,0.92153,0.92309,0.92153,0.92287,1220,18,0
2022-12-29 22:30:00,0.92288,0.92308,0.9224,0.92274,973,19,0
2022-12-29 23:00:00,0.92273,0.92294,0.92234,0.92293,444,18,0
2022-12-29 23:30:00,0.92294,0.92322,0.92293,0.92296,369,24,0
2022-12-30 00:00:00,0.92301,0.92301,0.92285,0.92285,2,50,0
2022-12-30 00:30:00,0.92221,0.92237,0.92221,0.92223,3,172,0
2022-12-30 01:00:00,0.92237,0.92343,0.92235,0.92339,1237,18,0
2022-12-30 01:30:00,0.92338,0.92339,0.92289,0.92289,329,19,0
2022-12-30 02:00:00,0.92289,0.92318,0.92276,0.92301,1129,18,0
2022-12-30 02:30:00,0.923,0.92308,0.92217,0.92219,1080,18,0
2022-12-30 03:00:00,0.9222,0.92318,0.92214,0.92267,992,18,0
2022-12-30 03:30:00,0.92267,0.92293,0.92258,0.92288,847,19,0
2022-12-30 04:00:00,0.92291,0.92333,0.92288,0.9231,1189,18,0
2022-12-30 04:30:00,0.92311,0.92333,0.92293,0.92296,1178,18,0
2022-12-30 05:00:00,0.92299,0.923,0.92273,0.92274,612,21,0
2022-12-30 05:30:00,0.92273,0.92306,0.92253,0.92303,523,21,0
2022-12-30 06:00:00,0.92303,0.92351,0.92303,0.92331,478,18,0
2022-12-30 06:30:00,0.92332,0.92364,0.92321,0.92327,361,18,0
2022-12-30 07:00:00,0.92326,0.92328,0.92284,0.92286,640,21,0
2022-12-30 07:30:00,0.92288,0.92378,0.9227,0.92371,1097,20,0
2022-12-30 08:00:00,0.92371,0.92382,0.92314,0.92374,718,21,0
2022-12-30 08:30:00,0.92375,0.92411,0.92353,0.92379,574,18,0
2022-12-30 09:00:00,0.92379,0.92475,0.92327,0.92466,948,18,0
2022-12-30 09:30:00,0.92466,0.92494,0.92394,0.92478,1648,19,0
2022-12-30 10:00:00,0.92484,0.92491,0.92314,0.92452,2426,18,0
2022-12-30 10:30:00,0.9245,0.92485,0.92347,0.92419,2059,18,0
2022-12-30 11:00:00,0.92419,0.92458,0.92351,0.92431,1824,18,0
2022-12-30 11:30:00,0.9243,0.9249,0.92286,0.92305,2081,19,0
2022-12-30 12:00:00,0.92305,0.92322,0.92194,0.92198,1403,19,0
2022-12-30 12:30:00,0.92194,0.92234,0.92133,0.92164,1639,18,0
2022-12-30 13:00:00,0.92161,0.92193,0.92131,0.92143,1636,18,0
2022-12-30 13:30:00,0.92142,0.92258,0.92104,0.92252,2403,19,0
2022-12-30 14:00:00,0.92252,0.92335,0.92239,0.92313,1708,19,0
2022-12-30 14:30:00,0.92313,0.92375,0.92244,0.92258,2099,18,0
2022-12-30 15:00:00,0.92259,0.92435,0.92194,0.92428,2933,18,0
2022-12-30 15:30:00,0.92429,0.92469,0.92352,0.92357,2553,18,0
2022-12-30 16:00:00,0.92358,0.92369,0.92163,0.92202,3191,18,0
2022-12-30 16:30:00,0.922,0.92277,0.91997,0.92216,4900,18,0
2022-12-30 17:00:00,0.92212,0.92514,0.92205,0.92499,3783,18,0
2022-12-30 17:30:00,0.92499,0.92673,0.92322,0.92492,5135,18,0
2022-12-30 18:00:00,0.92492,0.92531,0.92411,0.92457,3373,18,0
2022-12-30 18:30:00,0.9246,0.9255,0.92397,0.92397,1623,18,0
2022-12-30 19:00:00,0.92397,0.92399,0.92245,0.92287,2768,20,0
2022-12-30 19:30:00,0.92288,0.92291,0.92163,0.92172,3070,19,0
2022-12-30 20:00:00,0.92162,0.92296,0.92155,0.92249,3662,21,0
2022-12-30 20:30:00,0.92251,0.92324,0.92226,0.92317,2491,20,0
2022-12-30 21:00:00,0.92319,0.92358,0.92315,0.92345,1320,18,0
2022-12-30 21:30:00,0.92345,0.92438,0.923,0.92422,1852,20,0
2022-12-30 22:00:00,0.92423,0.92528,0.92366,0.92395,1632,18,0
2022-12-30 22:30:00,0.92397,0.92473,0.92338,0.92445,1941,21,0
2022-12-30 23:00:00,0.92446,0.92474,0.92389,0.92447,1429,22,0
2022-12-30 23:30:00,0.92445,0.9247,0.92415,0.92455,1548,31,0
2023-01-02 00:00:00,0.92289,0.92289,0.92289,0.92289,1,172,0
2023-01-02 00:30:00,0.92289,0.92289,0.92269,0.92289,5,172,0
2023-01-02 01:00:00,0.92305,0.92305,0.92305,0.92305,1,167,0
2023-01-02 01:30:00,0.92306,0.92306,0.92306,0.92306,1,167,0
2023-01-02 02:00:00,0.92349,0.92349,0.92349,0.92349,1,167,0
2023-01-02 02:30:00,0.92346,0.92394,0.92314,0.92314,4,167,0
2023-01-02 03:00:00,0.92355,0.92418,0.92355,0.92399,12,33,0
2023-01-02 03:30:00,0.92398,0.92408,0.92389,0.92395,27,40,0
2023-01-02 04:00:00,0.92395,0.92427,0.92395,0.92418,33,54,0
2023-01-02 04:30:00,0.92418,0.92423,0.92417,0.92418,15,48,0
2023-01-02 05:00:00,0.92418,0.92425,0.92418,0.92418,47,45,0
2023-01-02 05:30:00,0.92422,0.92433,0.92418,0.92418,53,40,0
2023-01-02 06:00:00,0.92418,0.92428,0.92321,0.92321,18,42,0
2023-01-02 06:30:00,0.92371,0.92371,0.92371,0.92371,1,104,0
2023-01-02 07:00:00,0.92379,0.92411,0.92348,0.92356,32,42,0
2023-01-02 07:30:00,0.9237,0.92409,0.9237,0.92378,18,80,0
2023-01-02 08:00:00,0.92376,0.92376,0.92367,0.92367,2,121,0
2023-01-02 08:30:00,0.92445,0.92456,0.92317,0.92317,373,33,0
2023-01-02 09:00:00,0.92361,0.92611,0.92355,0.92478,226,37,0
2023-01-02 09:30:00,0.92468,0.92543,0.92196,0.92258,308,42,0
2023-01-02 10:00:00,0.92256,0.92468,0.92256,0.92446,471,17,0
2023-01-02 10:30:00,0.92452,0.92454,0.9235,0.92444,1117,18,0
2023-01-02 11:00:00,0.92448,0.9245,0.92338,0.92392,2334,44,0
2023-01-02 11:30:00,0.92398,0.92495,0.92388,0.92448,2017,20,0
2023-01-02 12:00:00,0.92448,0.92454,0.92363,0.92412,1885,18,0
2023-01-02 12:30:00,0.92412,0.92447,0.92378,0.92425,2191,18,0
2023-01-02 13:00:00,0.92422,0.92429,0.92366,0.92387,5866,29,0
2023-01-02 13:30:00,0.92387,0.92404,0.92347,0.92397,5102,18,0
2023-01-02 14:00:00,0.92394,0.92415,0.92371,0.92385,1012,18,0
2023-01-02 14:30:00,0.92384,0.92423,0.92361,0.92407,897,18,0
2023-01-02 15:00:00,0.92407,0.92421,0.92385,0.92417,726,18,0
2023-01-02 15:30:00,0.92415,0.92421,0.92396,0.9241,890,18,0
2023-01-02 16:00:00,0.92411,0.92485,0.92406,0.92469,563,22,0
2023-01-02 16:30:00,0.92468,0.92527,0.92468,0.92522,1651,18,0
2023-01-02 17:00:00,0.92521,0.92571,0.92517,0.92549,357,18,0
2023-01-02 17:30:00,0.92549,0.92565,0.92529,0.92561,398,17,0
2023-01-02 18:00:00,0.92562,0.92571,0.92503,0.92522,1015,20,0
2023-01-02 18:30:00,0.92523,0.92559,0.92511,0.92559,979,19,0
2023-01-02 19:00:00,0.92558,0.92559,0.9255,0.92555,504,25,0
2023-01-02 19:30:00,0.92554,0.92557,0.92552,0.92554,489,23,0
2023-01-02 20:00:00,0.92554,0.92557,0.92547,0.92549,213,24,0
2023-01-02 20:30:00,0.92549,0.92562,0.92547,0.92554,180,21,0
2023-01-02 21:00:00,0.92553,0.92557,0.92511,0.92522,447,18,0
2023-01-02 21:30:00,0.92521,0.92553,0.92421,0.9243,60,36,0
2023-01-02 22:00:00,0.92428,0.9251,0.92422,0.9246,45,67,0
2023-01-02 22:30:00,0.92448,0.9246,0.92422,0.92428,64,67,0
2023-01-02 23:00:00,0.92432,0.92466,0.92414,0.92455,35,67,0
2023-01-02 23:30:00,0.92464,0.92516,0.92464,0.92507,29,67,0
2023-01-03 00:00:00,0.92541,0.92552,0.92524,0.92527,9,67,0
2023-01-03 00:30:00,0.92514,0.92514,0.92514,0.92514,1,167,0
2023-01-03 01:00:00,0.92448,0.92681,0.92448,0.92563,63,28,0
2023-01-03 01:30:00,0.92514,0.92543,0.92345,0.92462,244,18,0
2023-01-03 02:00:00,0.92462,0.92493,0.92315,0.92378,3026,18,0
2023-01-03 02:30:00,0.92375,0.92444,0.92282,0.92383,4658,18,0
2023-01-03 03:00:00,0.92384,0.92491,0.92384,0.92458,2628,18,0
2023-01-03 03:30:00,0.92457,0.92505,0.92425,0.92433,1229,21,0
2023-01-03 04:00:00,0.92434,0.92461,0.92412,0.92429,1485,21,0
2023-01-03 04:30:00,0.92428,0.92434,0.923,0.9231,1693,21,0
2023-01-03 05:00:00,0.92312,0.92383,0.92301,0.92367,1244,21,0
2023-01-03 05:30:00,0.92367,0.92367,0.92338,0.92363,624,22,0
2023-01-03 06:00:00,0.92363,0.9239,0.92331,0.92339,1076,21,0
2023-01-03 06:30:00,0.92339,0.92399,0.9233,0.92394,776,22,0
2023-01-03 07:00:00,0.92396,0.92451,0.92375,0.92434,1037,21,0
2023-01-03 07:30:00,0.92434,0.92471,0.92422,0.92453,1148,20,0
2023-01-03 08:00:00,0.92453,0.92468,0.92413,0.92436,623,18,0
2023-01-03 08:30:00,0.92436,0.92503,0.9243,0.92475,1567,19,0
2023-01-03 09:00:00,0.92476,0.92508,0.92416,0.92462,1620,19,0
2023-01-03 09:30:00,0.92465,0.92709,0.92442,0.9267,2602,18,0
2023-01-03 10:00:00,0.92669,0.93462,0.92647,0.93404,5286,18,0
2023-01-03 10:30:00,0.93402,0.93513,0.93298,0.93496,4033,18,0
2023-01-03 11:00:00,0.93497,0.93813,0.93478,0.93643,3848,18,0
2023-01-03 11:30:00,0.93645,0.93755,0.93531,0.93692,3051,18,0
2023-01-03 12:00:00,0.93693,0.93835,0.93664,0.93792,2232,18,0
2023-01-03 12:30:00,0.93792,0.93874,0.93747,0.93838,2419,18,0
2023-01-03 13:00:00,0.93839,0.93971,0.93819,0.93958,1836,18,0
2023-01-03 13:30:00,0.93957,0.93976,0.93874,0.93958,2081,18,0
2023-01-03 14:00:00,0.93957,0.93964,0.93803,0.93805,1832,18,0
2023-01-03 14:30:00,0.93805,0.93815,0.93718,0.93756,1953,18,0
2023-01-03 15:00:00,0.93757,0.93784,0.93534,0.93545,2963,18,0
2023-01-03 15:30:00,0.93542,0.93583,0.93477,0.93565,2676,18,0
2023-01-03 16:00:00,0.93564,0.93636,0.9348,0.93532,2377,18,0
2023-01-03 16:30:00,0.93529,0.93563,0.9317,0.93286,4116,18,0
2023-01-03 17:00:00,0.93284,0.9359,0.93264,0.93571,3795,18,0
2023-01-03 17:30:00,0.9357,0.93818,0.93565,0.93815,3737,18,0
2023-01-03 18:00:00,0.93815,0.93912,0.93696,0.93707,3124,18,0
2023-01-03 18:30:00,0.93707,0.93856,0.93674,0.93682,2679,18,0
2023-01-03 19:00:00,0.93681,0.93728,0.93637,0.93701,1612,18,0
2023-01-03 19:30:00,0.93701,0.93772,0.93661,0.93701,1224,18,0
2023-01-03 20:00:00,0.93702,0.93747,0.93623,0.93626,1060,19,0
2023-01-03 20:30:00,0.93627,0.93667,0.93605,0.93651,1243,19,0
2023-01-03 21:00:00,0.93651,0.9366,0.93589,0.93592,1215,18,0
2023-01-03 21:30:00,0.93593,0.93618,0.93486,0.93486,1558,19,0
2023-01-03 22:00:00,0.93486,0.93578,0.93475,0.93525,1494,18,0
2023-01-03 22:30:00,0.93524,0.93592,0.93494,0.93587,1369,18,0
2023-01-03 23:00:00,0.93586,0.93605,0.93552,0.93597,904,18,0
2023-01-03 23:30:00,0.93598,0.93609,0.93559,0.93569,426,18,0
2023-01-04 00:00:00,0.93561,0.93565,0.93559,0.93559,8,75,0
2023-01-04 00:30:00,0.93562,0.93563,0.93551,0.93551,4,153,0
2023-01-04 01:00:00,0.93564,0.93652,0.93552,0.93648,926,26,0
2023-01-04 01:30:00,0.9365,0.93655,0.93581,0.93611,959,22,0
2023-01-04 02:00:00,0.93612,0.93614,0.93526,0.93542,899,19,0
2023-01-04 02:30:00,0.93542,0.93545,0.93438,0.93448,1101,20,0
2023-01-04 03:00:00,0.93446,0.9347,0.93373,0.93382,1925,19,0
2023-01-04 03:30:00,0.93381,0.93403,0.93309,0.93328,1645,18,0
2023-01-04 04:00:00,0.93329,0.93358,0.93299,0.9334,1047,19,0
2023-01-04 04:30:00,0.9334,0.93426,0.93335,0.9342,1056,19,0
2023-01-04 05:00:00,0.9342,0.9342,0.93349,0.93352,688,20,0
2023-01-04 05:30:00,0.93352,0.93357,0.9333,0.93332,1066,20,0
2023-01-04 06:00:00,0.93331,0.93348,0.93317,0.93325,677,21,0
2023-01-04 06:30:00,0.93324,0.9334,0.93239,0.93263,648,21,0
2023-01-04 07:00:00,0.93263,0.93363,0.93235,0.93341,1272,20,0
2023-01-04 07:30:00,0.93341,0.93402,0.93337,0.93382,1191,20,0
2023-01-04 08:00:00,0.93383,0.934,0.93249,0.93262,1447,20,0
2023-01-04 08:30:00,0.93262,0.93369,0.93208,0.9323,1301,18,0
2023-01-04 09:00:00,0.93235,0.93262,0.93003,0.93022,2286,18,0
2023-01-04 09:30:00,0.9302,0.9308,0.92829,0.92933,2743,18,0
2023-01-04 10:00:00,0.92934,0.92935,0.92566,0.92632,4636,18,0
2023-01-04 10:30:00,0.92632,0.9273,0.92523,0.92722,3461,18,0
2023-01-04 11:00:00,0.92722,0.92798,0.92603,0.92637,2793,18,0
2023-01-04 11:30:00,0.92637,0.92741,0.9261,0.92711,2047,18,0
2023-01-04 12:00:00,0.9271,0.92741,0.9265,0.92694,1745,18,0
2023-01-04 12:30:00,0.92694,0.92713,0.92625,0.92681,1719,18,0
2023-01-04 13:00:00,0.92681,0.92718,0.92629,0.92697,1688,18,0
2023-01-04 13:30:00,0.92694,0.92773,0.92687,0.92766,1801,18,0
2023-01-04 14:00:00,0.92765,0.92844,0.92725,0.92785,2071,18,0
2023-01-04 14:30:00,0.92785,0.92855,0.92753,0.92793,1901,18,0
2023-01-04 15:00:00,0.92792,0.92899,0.92701,0.92747,2695,18,0
2023-01-04 15:30:00,0.92746,0.92797,0.92651,0.92732,3026,18,0
2023-01-04 16:00:00,0.92732,0.928,0.92659,0.92736,3385,18,0
2023-01-04 16:30:00,0.92736,0.92859,0.927,0.92734,3493,18,0
2023-01-04 17:00:00,0.92741,0.93136,0.92741,0.92986,6493,18,0
2023-01-04 17:30:00,0.92988,0.93067,0.92819,0.92916,4965,18,0
2023-01-04 18:00:00,0.92916,0.93,0.9282,0.9282,3524,18,0
2023-01-04 18:30:00,0.92819,0.92845,0.92678,0.92713,2800,18,0
2023-01-04 19:00:00,0.92713,0.92798,0.92698,0.92768,2028,18,0
2023-01-04 19:30:00,0.92768,0.92885,0.92682,0.92885,1863,18,0
2023-01-04 20:00:00,0.92885,0.92961,0.92855,0.92947,2086,18,0
2023-01-04 20:30:00,0.92948,0.93023,0.92907,0.92982,1823,19,0
2023-01-04 21:00:00,0.92994,0.9309,0.9288,0.92943,5127,18,0
2023-01-04 21:30:00,0.92942,0.92964,0.92894,0.92932,2387,19,0
2023-01-04 22:00:00,0.92933,0.92973,0.92897,0.92938,2016,18,0
2023-01-04 22:30:00,0.9294,0.92992,0.92919,0.9299,1859,18,0
2023-01-04 23:00:00,0.92988,0.93015,0.92967,0.92997,560,18,0
2023-01-04 23:30:00,0.92997,0.93003,0.92931,0.92931,586,18,0
2023-01-05 00:00:00,0.92977,0.92977,0.92919,0.92933,23,56,0
2023-01-05 00:30:00,0.92935,0.92935,0.92889,0.92889,17,97,0
2023-01-05 01:00:00,0.92873,0.92987,0.92873,0.92948,1001,25,0
2023-01-05 01:30:00,0.92947,0.9296,0.92909,0.9296,563,24,0
2023-01-05 02:00:00,0.92961,0.92977,0.92806,0.9281,811,18,0
2023-01-05 02:30:00,0.92808,0.92902,0.928,0.92824,1274,18,0
2023-01-05 03:00:00,0.92822,0.92852,0.92787,0.92832,1631,20,0
2023-01-05 03:30:00,0.92831,0.92864,0.92808,0.92824,1241,18,0
2023-01-05 04:00:00,0.92825,0.92912,0.92825,0.92906,1063,18,0
2023-01-05 04:30:00,0.92906,0.92915,0.92853,0.92869,1095,18,0
2023-01-05 05:00:00,0.9287,0.92945,0.92865,0.92942,711,21,0
2023-01-05 05:30:00,0.92941,0.92969,0.92909,0.9296,601,18,0
2023-01-05 06:00:00,0.92958,0.92986,0.92939,0.92963,735,18,0
2023-01-05 06:30:00,0.92963,0.93031,0.92941,0.93025,609,18,0
2023-01-05 07:00:00,0.93023,0.93069,0.93,0.93047,837,18,0
2023-01-05 07:30:00,0.9305,0.93064,0.93,0.93006,839,18,0
2023-01-05 08:00:00,0.93004,0.93011,0.92885,0.92957,1075,18,0
2023-01-05 08:30:00,0.92959,0.93041,0.92945,0.93039,1032,19,0
2023-01-05 09:00:00,0.9304,0.93071,0.92958,0.92963,1774,18,0
2023-01-05 09:30:00,0.92964,0.93021,0.92844,0.92861,1700,18,0
2023-01-05 10:00:00,0.92863,0.92889,0.9271,0.9277,2892,18,0
2023-01-05 10:30:00,0.9277,0.9284,0.92708,0.92729,2007,18,0
2023-01-05 11:00:00,0.92728,0.9283,0.92701,0.92739,1698,18,0
2023-01-05 11:30:00,0.92738,0.92744,0.926,0.92648,1935,18,0
2023-01-05 12:00:00,0.92639,0.92688,0.92602,0.92669,1567,18,0
2023-01-05 12:30:00,0.92668,0.92727,0.92628,0.92628,1416,18,0
2023-01-05 13:00:00,0.92626,0.92768,0.92597,0.92763,1400,18,0
2023-01-05 13:30:00,0.92763,0.92768,0.9265,0.92685,1085,18,0
2023-01-05 14:00:00,0.92684,0.92721,0.92645,0.92687,1230,18,0
2023-01-05 14:30:00,0.92685,0.92824,0.9265,0.92816,1626,18,0
2023-01-05 15:00:00,0.92817,0.9303,0.92748,0.93013,3981,18,0
2023-01-05 15:30:00,0.93014,0.9334,0.93011,0.93337,5017,18,0
2023-01-05 16:00:00,0.93337,0.93445,0.93269,0.93404,4309,18,0
2023-01-05 16:30:00,0.93404,0.93604,0.9337,0.93583,5013,18,0
2023-01-05 17:00:00,0.93583,0.93671,0.93403,0.93606,5707,18,0
2023-01-05 17:30:00,0.93605,0.9377,0.93593,0.93744,3892,18,0
2023-01-05 18:00:00,0.93737,0.93758,0.93573,0.9358,3242,18,0
2023-01-05 18:30:00,0.9358,0.93687,0.93568,0.9364,2598,18,0
2023-01-05 19:00:00,0.93639,0.93656,0.93544,0.93601,2283,18,0
2023-01-05 19:30:00,0.93601,0.93655,0.93583,0.93603,1491,18,0
2023-01-05 20:00:00,0.93603,0.93651,0.9349,0.93539,3536,18,0
2023-01-05 20:30:00,0.93538,0.93563,0.93466,0.93538,2206,18,0
2023-01-05 21:00:00,0.93536,0.9359,0.93526,0.93581,1349,19,0
2023-01-05 21:30:00,0.93582,0.93592,0.93525,0.93584,1551,18,0
2023-01-05 22:00:00,0.93584,0.93639,0.93577,0.9362,1183,20,0
2023-01-05 22:30:00,0.93619,0.93648,0.93584,0.93648,1260,19,0
2023-01-05 23:00:00,0.93645,0.93676,0.93627,0.93666,551,18,0
2023-01-05 23:30:00,0.93666,0.93675,0.93588,0.93588,518,19,0
2023-01-06 00:00:00,0.93569,0.93569,0.93546,0.93559,7,73,0
2023-01-06 00:30:00,0.93534,0.93553,0.93527,0.9355,10,118,0
2023-01-06 01:00:00,0.93621,0.93621,0.93545,0.93569,2152,28,0
2023-01-06 01:30:00,0.93571,0.93618,0.93567,0.93609,2354,20,0
2023-01-06 02:00:00,0.93609,0.93632,0.9357,0.9357,964,19,0
2023-01-06 02:30:00,0.93569,0.93581,0.93517,0.93541,1861,18,0
2023-01-06 03:00:00,0.93539,0.93587,0.93501,0.93579,2142,19,0
2023-01-06 03:30:00,0.93577,0.93614,0.93573,0.936,3217,19,0
2023-01-06 04:00:00,0.93599,0.93608,0.93515,0.9355,2624,18,0
2023-01-06 04:30:00,0.93554,0.93608,0.93552,0.93602,2646,18,0
2023-01-06 05:00:00,0.936,0.93608,0.9354,0.93581,1118,18,0
2023-01-06 05:30:00,0.93583,0.93607,0.93569,0.93592,812,19,0
2023-01-06 06:00:00,0.93593,0.93631,0.93575,0.93585,914,19,0
2023-01-06 06:30:00,0.93586,0.93636,0.93578,0.93634,618,20,0
2023-01-06 07:00:00,0.93632,0.93735,0.9362,0.93732,1141,19,0
2023-01-06 07:30:00,0.9373,0.93771,0.93703,0.93745,1561,18,0
2023-01-06 08:00:00,0.93746,0.93747,0.9368,0.93708,1433,19,0
2023-01-06 08:30:00,0.93708,0.93715,0.93652,0.9369,1077,18,0
2023-01-06 09:00:00,0.93688,0.93766,0.9364,0.9375,2040,18,0
2023-01-06 09:30:00,0.9375,0.93829,0.93672,0.93799,2281,18,0
2023-01-06 10:00:00,0.938,0.93843,0.93713,0.9384,3252,18,0
2023-01-06 10:30:00,0.93841,0.93906,0.9383,0.93898,1495,18,0
2023-01-06 11:00:00,0.939,0.94017,0.93866,0.93911,1987,18,0
2023-01-06 11:30:00,0.93912,0.94042,0.93876,0.93984,2073,18,0
2023-01-06 12:00:00,0.93983,0.94008,0.93897,0.9397,1849,18,0
2023-01-06 12:30:00,0.93969,0.94005,0.93896,0.94,1299,18,0
2023-01-06 13:00:00,0.93999,0.94034,0.93849,0.93865,1548,18,0
2023-01-06 13:30:00,0.93865,0.93999,0.93862,0.9397,1547,18,0
2023-01-06 14:00:00,0.93969,0.94065,0.93964,0.9402,1770,18,0
2023-01-06 14:30:00,0.9402,0.94064,0.93925,0.93944,1635,18,0
2023-01-06 15:00:00,0.93944,0.94001,0.93888,0.93888,2673,18,0
2023-01-06 15:30:00,0.93947,0.94078,0.93438,0.93504,8278,18,0
2023-01-06 16:00:00,0.93503,0.938,0.93484,0.93711,5399,18,0
2023-01-06 16:30:00,0.93713,0.9399,0.93605,0.93899,4760,18,0
2023-01-06 17:00:00,0.93904,0.93904,0.93098,0.93278,7526,18,0
2023-01-06 17:30:00,0.93278,0.93283,0.93002,0.93102,5322,18,0
2023-01-06 18:00:00,0.93102,0.93157,0.92984,0.9307,4258,18,0
2023-01-06 18:30:00,0.9307,0.93075,0.9289,0.92925,3040,18,0
2023-01-06 19:00:00,0.92925,0.92956,0.92874,0.92913,1687,18,0
2023-01-06 19:30:00,0.92912,0.92914,0.928,0.92813,1731,19,0
2023-01-06 20:00:00,0.92814,0.92859,0.92782,0.92839,1761,18,0
2023-01-06 20:30:00,0.92839,0.92847,0.92764,0.92804,1598,18,0
2023-01-06 21:00:00,0.92807,0.92813,0.92705,0.92762,1651,18,0
2023-01-06 21:30:00,0.92763,0.92791,0.92712,0.92741,1203,19,0
2023-01-06 22:00:00,0.92743,0.92767,0.92705,0.92709,1643,19,0
2023-01-06 22:30:00,0.92708,0.92761,0.92693,0.92759,1499,21,0
2023-01-06 23:00:00,0.9276,0.92823,0.92727,0.92819,856,18,0
2023-01-06 23:30:00,0.9282,0.92824,0.92717,0.92768,681,19,0
2023-01-09 00:00:00,0.92716,0.92716,0.92716,0.92716,1,167,0
2023-01-09 00:30:00,0.92713,0.9273,0.92713,0.92726,4,167,0
2023-01-09 01:00:00,0.92731,0.92744,0.92678,0.92684,1419,21,0
2023-01-09 01:30:00,0.92684,0.9273,0.9263,0.92634,2110,23,0
2023-01-09 02:00:00,0.92634,0.92758,0.92613,0.92754,1559,19,0
2023-01-09 02:30:00,0.92755,0.9279,0.92705,0.92707,897,18,0
2023-01-09 03:00:00,0.92709,0.92782,0.92666,0.92723,1092,18,0
2023-01-09 03:30:00,0.92724,0.92743,0.92638,0.92649,1331,21,0
2023-01-09 04:00:00,0.9265,0.92653,0.92583,0.92594,805,20,0
2023-01-09 04:30:00,0.92596,0.92621,0.92512,0.92526,1003,20,0
2023-01-09 05:00:00,0.92526,0.92609,0.92526,0.92569,839,20,0
2023-01-09 05:30:00,0.92568,0.92617,0.92545,0.92609,767,20,0
2023-01-09 06:00:00,0.92611,0.92615,0.92553,0.92559,528,19,0
2023-01-09 06:30:00,0.92561,0.92574,0.9253,0.9257,481,20,0
2023-01-09 07:00:00,0.92568,0.92607,0.92543,0.92553,563,18,0
2023-01-09 07:30:00,0.92554,0.92582,0.92518,0.92553,774,20,0
2023-01-09 08:00:00,0.92552,0.92553,0.92481,0.92529,1010,20,0
2023-01-09 08:30:00,0.92533,0.92566,0.92517,0.92542,1051,19,0
2023-01-09 09:00:00,0.9254,0.9254,0.9237,0.9248,1666,19,0
2023-01-09 09:30:00,0.92487,0.92554,0.92441,0.92472,2392,18,0
2023-01-09 10:00:00,0.92473,0.92485,0.92157,0.92239,3571,18,0
2023-01-09 10:30:00,0.92238,0.92288,0.92166,0.9225,2395,18,0
2023-01-09 11:00:00,0.9225,0.92456,0.92207,0.92422,2316,18,0
2023-01-09 11:30:00,0.92422,0.92498,0.92388,0.92439,2120,18,0
2023-01-09 12:00:00,0.92438,0.92499,0.92409,0.92473,1844,18,0
2023-01-09 12:30:00,0.92472,0.92509,0.92433,0.92492,1826,18,0
2023-01-09 13:00:00,0.92491,0.92499,0.92336,0.92342,1426,18,0
2023-01-09 13:30:00,0.92341,0.92455,0.92339,0.92383,1578,18,0
2023-01-09 14:00:00,0.92388,0.92406,0.92318,0.92323,1574,18,0
2023-01-09 14:30:00,0.92325,0.92338,0.922,0.92216,1910,18,0
2023-01-09 15:00:00,0.92217,0.9226,0.91974,0.91982,2866,18,0
2023-01-09 15:30:00,0.91983,0.91989,0.91873,0.91917,3900,18,0
2023-01-09 16:00:00,0.91916,0.92065,0.91876,0.92012,3143,18,0
2023-01-09 16:30:00,0.92012,0.92046,0.91799,0.91891,3698,18,0
2023-01-09 17:00:00,0.91893,0.91915,0.91736,0.91757,3103,18,0
2023-01-09 17:30:00,0.91759,0.91847,0.91661,0.91826,3154,18,0
2023-01-09 18:00:00,0.91825,0.91845,0.91759,0.91771,2427,18,0
2023-01-09 18:30:00,0.9177,0.91831,0.91748,0.91793,2674,18,0
2023-01-09 19:00:00,0.91793,0.91994,0.91782,0.91959,1931,18,0
2023-01-09 19:30:00,0.9196,0.9201,0.91931,0.91951,1616,18,0
2023-01-09 20:00:00,0.91951,0.92013,0.9193,0.91981,1300,19,0
2023-01-09 20:30:00,0.91978,0.92088,0.91952,0.9203,1952,18,0
2023-01-09 21:00:00,0.9203,0.92031,0.91964,0.91976,1279,18,0
2023-01-09 21:30:00,0.91976,0.92018,0.9195,0.91969,1331,18,0
2023-01-09 22:00:00,0.91967,0.92055,0.9195,0.92023,1738,18,0
2023-01-09 22:30:00,0.92022,0.92113,0.92017,0.92108,2174,18,0
2023-01-09 23:00:00,0.92108,0.92149,0.92085,0.92135,549,18,0
2023-01-09 23:30:00,0.92131,0.92147,0.92088,0.92088,705,20,0
2023-01-10 00:00:00,0.92044,0.92077,0.92044,0.92074,15,60,0
2023-01-10 00:30:00,0.92052,0.92103,0.92052,0.92076,228,39,0
2023-01-10 01:00:00,0.92075,0.9213,0.9206,0.92095,1804,20,0
2023-01-10 01:30:00,0.92096,0.92109,0.92071,0.92097,1638,20,0
2023-01-10 02:00:00,0.92098,0.9221,0.92076,0.92198,1256,18,0
2023-01-10 02:30:00,0.922,0.92202,0.9213,0.92141,813,18,0
2023-01-10 03:00:00,0.92141,0.92157,0.92082,0.92092,1190,18,0
2023-01-10 03:30:00,0.92093,0.92104,0.92044,0.92059,1194,19,0
2023-01-10 04:00:00,0.92059,0.92148,0.92049,0.92137,795,20,0
2023-01-10 04:30:00,0.92136,0.92217,0.92123,0.92162,1221,20,0
2023-01-10 05:00:00,0.92162,0.92189,0.92139,0.92139,973,18,0
2023-01-10 05:30:00,0.9214,0.92187,0.92132,0.92174,1024,20,0
2023-01-10 06:00:00,0.92173,0.92211,0.92163,0.92179,1003,21,0
2023-01-10 06:30:00,0.92179,0.92193,0.92159,0.92171,438,21,0
2023-01-10 07:00:00,0.9217,0.92178,0.92092,0.921,540,18,0
2023-01-10 07:30:00,0.92099,0.9211,0.92068,0.92087,709,19,0
2023-01-10 08:00:00,0.92086,0.92147,0.9208,0.92139,1018,20,0
2023-01-10 08:30:00,0.92141,0.92186,0.92127,0.92132,1369,18,0
2023-01-10 09:00:00,0.9213,0.92228,0.92079,0.92202,2182,18,0
2023-01-10 09:30:00,0.92201,0.92224,0.92087,0.92106,1517,18,0
2023-01-10 10:00:00,0.92106,0.92106,0.91985,0.92003,2492,18,0
2023-01-10 10:30:00,0.92003,0.92036,0.91947,0.91991,2071,18,0
2023-01-10 11:00:00,0.91991,0.92069,0.91943,0.91958,2066,18,0
2023-01-10 11:30:00,0.91957,0.92055,0.91943,0.91979,1906,18,0
2023-01-10 12:00:00,0.91979,0.92085,0.9197,0.92078,1694,18,0
2023-01-10 12:30:00,0.92077,0.92152,0.92068,0.92134,1375,18,0
2023-01-10 13:00:00,0.92133,0.92171,0.92092,0.92111,1669,18,0
2023-01-10 13:30:00,0.92113,0.92201,0.92113,0.92189,1416,18,0
2023-01-10 14:00:00,0.9219,0.92283,0.92188,0.92228,1436,18,0
2023-01-10 14:30:00,0.92229,0.92438,0.92213,0.92434,1945,18,0
2023-01-10 15:00:00,0.92433,0.92445,0.92341,0.92435,2155,18,0
2023-01-10 15:30:00,0.92435,0.92512,0.92396,0.9243,2186,18,0
2023-01-10 16:00:00,0.9243,0.92431,0.92109,0.92188,4388,18,0
2023-01-10 16:30:00,0.92189,0.92274,0.92088,0.92194,5071,18,0
2023-01-10 17:00:00,0.92192,0.92237,0.92044,0.92204,4556,18,0
2023-01-10 17:30:00,0.92204,0.92375,0.92204,0.92286,4614,18,0
2023-01-10 18:00:00,0.92286,0.92306,0.92134,0.92208,2772,18,0
2023-01-10 18:30:00,0.92208,0.92285,0.92179,0.92242,2597,18,0
2023-01-10 19:00:00,0.92241,0.92297,0.92182,0.92198,1714,19,0
2023-01-10 19:30:00,0.92197,0.92294,0.92176,0.92276,1206,18,0
2023-01-10 20:00:00,0.92275,0.92349,0.92251,0.92333,1113,18,0
2023-01-10 20:30:00,0.92333,0.9234,0.92253,0.92265,814,18,0
2023-01-10 21:00:00,0.92265,0.92281,0.92232,0.92262,846,18,0
2023-01-10 21:30:00,0.92259,0.92313,0.92257,0.92282,1034,18,0
2023-01-10 22:00:00,0.92281,0.9229,0.92214,0.92256,577,19,0
2023-01-10 22:30:00,0.92257,0.92308,0.92241,0.92269,649,19,0
2023-01-10 23:00:00,0.92269,0.92285,0.92242,0.92248,393,21,0
2023-01-10 23:30:00,0.92247,0.92285,0.92241,0.9227,361,26,0
2023-01-11 00:00:00,0.92229,0.92229,0.92229,0.92229,1,98,0
2023-01-11 00:30:00,0.92144,0.92216,0.92111,0.92196,91,119,0
2023-01-11 01:00:00,0.92148,0.92279,0.92148,0.92274,320,26,0
2023-01-11 01:30:00,0.9228,0.9228,0.92225,0.9223,489,21,0
2023-01-11 02:00:00,0.9223,0.92262,0.92209,0.92258,893,19,0
2023-01-11 02:30:00,0.92257,0.92258,0.92169,0.92194,967,18,0
2023-01-11 03:00:00,0.92195,0.9233,0.92194,0.92318,926,18,0
2023-01-11 03:30:00,0.92318,0.92347,0.92272,0.92303,676,20,0
2023-01-11 04:00:00,0.92305,0.92328,0.92249,0.92255,539,18,0
2023-01-11 04:30:00,0.92255,0.92322,0.9225,0.92321,858,18,0
2023-01-11 05:00:00,0.92321,0.92327,0.92281,0.92314,568,18,0
2023-01-11 05:30:00,0.92315,0.92316,0.92262,0.92284,414,22,0
2023-01-11 06:00:00,0.92283,0.92306,0.92247,0.92261,301,21,0
2023-01-11 06:30:00,0.9226,0.92262,0.92211,0.92212,336,20,0
2023-01-11 07:00:00,0.92213,0.92225,0.92151,0.9217,468,20,0
2023-01-11 07:30:00,0.92169,0.9217,0.92089,0.92133,801,20,0
2023-01-11 08:00:00,0.92132,0.92154,0.92077,0.92081,694,18,0
2023-01-11 08:30:00,0.92081,0.92138,0.92057,0.92138,658,18,0
2023-01-11 09:00:00,0.92137,0.92152,0.92038,0.92042,1217,19,0
2023-01-11 09:30:00,0.92043,0.92187,0.92043,0.92154,1320,18,0
2023-01-11 10:00:00,0.92155,0.92248,0.9214,0.92232,2399,18,0
2023-01-11 10:30:00,0.92233,0.9228,0.92167,0.92275,2098,18,0
2023-01-11 11:00:00,0.92274,0.92336,0.92129,0.9219,2455,18,0
2023-01-11 11:30:00,0.92191,0.92342,0.92168,0.92304,1710,18,0
2023-01-11 12:00:00,0.92303,0.92318,0.92196,0.9225,1702,18,0
2023-01-11 12:30:00,0.92251,0.92352,0.9224,0.92282,1548,18,0
2023-01-11 13:00:00,0.92282,0.92452,0.92282,0.92449,1366,18,0
2023-01-11 13:30:00,0.9245,0.92567,0.92421,0.9254,1910,18,0
2023-01-11 14:00:00,0.9254,0.92749,0.92532,0.927,1808,18,0
2023-01-11 14:30:00,0.92698,0.92873,0.92666,0.92785,2065,18,0
2023-01-11 15:00:00,0.92785,0.9282,0.92707,0.92772,2218,18,0
2023-01-11 15:30:00,0.92773,0.92952,0.92755,0.92897,2571,18,0
2023-01-11 16:00:00,0.92897,0.92981,0.92806,0.92838,2964,18,0
2023-01-11 16:30:00,0.92837,0.92971,0.92823,0.92858,3503,18,0
2023-01-11 17:00:00,0.92856,0.93006,0.92837,0.9291,2840,18,0
2023-01-11 17:30:00,0.92909,0.93147,0.9288,0.9309,2532,18,0
2023-01-11 18:00:00,0.93091,0.93105,0.92915,0.92944,2289,18,0
2023-01-11 18:30:00,0.92943,0.92988,0.92883,0.92983,1529,18,0
2023-01-11 19:00:00,0.92982,0.93102,0.92969,0.93097,1417,18,0
2023-01-11 19:30:00,0.93097,0.93169,0.93081,0.93129,1149,18,0
2023-01-11 20:00:00,0.9313,0.93305,0.93006,0.93244,2400,18,0
2023-01-11 20:30:00,0.93245,0.93246,0.93026,0.93033,2264,18,0
2023-01-11 21:00:00,0.93032,0.93115,0.93015,0.93083,1412,19,0
2023-01-11 21:30:00,0.93083,0.93139,0.93074,0.93102,1588,18,0
2023-01-11 22:00:00,0.93099,0.93171,0.93094,0.93118,980,21,0
2023-01-11 22:30:00,0.93118,0.93134,0.9307,0.93108,789,18,0
2023-01-11 23:00:00,0.93109,0.93177,0.93108,0.93152,557,21,0
2023-01-11 23:30:00,0.93151,0.93153,0.93062,0.93069,392,24,0
2023-01-12 00:00:00,0.93063,0.93077,0.93052,0.93067,40,74,0
2023-01-12 00:30:00,0.93065,0.93077,0.92984,0.93025,245,85,0
2023-01-12 01:00:00,0.93066,0.93118,0.93,0.93066,1567,21,0
2023-01-12 01:30:00,0.93066,0.93105,0.93028,0.93086,964,20,0
2023-01-12 02:00:00,0.93086,0.93121,0.93026,0.93046,1300,19,0
2023-01-12 02:30:00,0.93044,0.93129,0.93009,0.93127,1381,18,0
2023-01-12 03:00:00,0.93125,0.93127,0.93085,0.93096,827,21,0
2023-01-12 03:30:00,0.93095,0.9315,0.93071,0.93145,1534,19,0
2023-01-12 04:00:00,0.93145,0.93168,0.93102,0.93131,898,19,0
2023-01-12 04:30:00,0.93131,0.93133,0.93088,0.93126,995,18,0
2023-01-12 05:00:00,0.93125,0.9314,0.93103,0.93131,698,21,0
2023-01-12 05:30:00,0.93131,0.9316,0.93113,0.93118,680,20,0
2023-01-12 06:00:00,0.93119,0.93146,0.93104,0.93111,479,19,0
2023-01-12 06:30:00,0.93111,0.93114,0.93051,0.93067,804,22,0
2023-01-12 07:00:00,0.93072,0.93111,0.93071,0.93099,1102,18,0
2023-01-12 07:30:00,0.93098,0.93152,0.9309,0.93142,1013,20,0
2023-01-12 08:00:00,0.93141,0.93223,0.93122,0.932,1052,19,0
2023-01-12 08:30:00,0.932,0.93255,0.93194,0.9324,658,21,0
2023-01-12 09:00:00,0.93238,0.93382,0.93235,0.9333,1258,18,0
2023-01-12 09:30:00,0.93331,0.93342,0.93157,0.93184,1732,18,0
2023-01-12 10:00:00,0.93186,0.93477,0.93186,0.93467,2298,18,0
2023-01-12 10:30:00,0.93467,0.93468,0.9337,0.9341,1583,18,0
2023-01-12 11:00:00,0.93411,0.93438,0.93151,0.93154,2066,18,0
2023-01-12 11:30:00,0.93155,0.93194,0.93037,0.93101,2115,18,0
2023-01-12 12:00:00,0.93102,0.93285,0.93098,0.93247,1970,18,0
2023-01-12 12:30:00,0.93246,0.93277,0.93132,0.93182,1554,18,0
2023-01-12 13:00:00,0.93184,0.93233,0.93149,0.93179,1297,18,0
2023-01-12 13:30:00,0.93177,0.93242,0.93167,0.93222,1636,18,0
2023-01-12 14:00:00,0.93226,0.9328,0.93167,0.93271,1634,18,0
2023-01-12 14:30:00,0.9327,0.93356,0.93244,0.93349,1536,18,0
2023-01-12 15:00:00,0.93348,0.93407,0.92981,0.93179,3114,18,0
2023-01-12 15:30:00,0.93192,0.93606,0.92648,0.92763,10944,18,0
2023-01-12 16:00:00,0.92763,0.93262,0.9274,0.92997,7400,18,0
2023-01-12 16:30:00,0.92995,0.9343,0.92877,0.93254,7967,18,0
2023-01-12 17:00:00,0.93253,0.93285,0.92853,0.92885,6708,18,0
2023-01-12 17:30:00,0.92885,0.92991,0.9273,0.92867,6057,18,0
2023-01-12 18:00:00,0.92868,0.93009,0.92848,0.92956,4231,18,0
2023-01-12 18:30:00,0.92955,0.93002,0.92857,0.92878,3271,18,0
2023-01-12 19:00:00,0.92879,0.92892,0.92807,0.92878,2418,18,0
2023-01-12 19:30:00,0.9288,0.92896,0.92766,0.92798,2835,18,0
2023-01-12 20:00:00,0.92799,0.92816,0.92673,0.92783,2995,18,0
2023-01-12 20:30:00,0.92783,0.92788,0.92672,0.92748,2532,18,0
2023-01-12 21:00:00,0.92749,0.92869,0.92734,0.92867,2006,18,0
2023-01-12 21:30:00,0.92867,0.92946,0.92851,0.92857,1337,19,0
2023-01-12 22:00:00,0.92859,0.92923,0.92844,0.92868,1268,20,0
2023-01-12 22:30:00,0.92869,0.92878,0.92787,0.92788,1477,18,0
2023-01-12 23:00:00,0.92788,0.92818,0.92743,0.92759,943,20,0
2023-01-12 23:30:00,0.92759,0.92768,0.92708,0.92723,578,25,0
2023-01-13 00:00:00,0.92626,0.92626,0.92626,0.92626,1,172,0
2023-01-13 00:30:00,0.92689,0.92764,0.92689,0.92738,12,89,0
2023-01-13 01:00:00,0.92737,0.92784,0.92702,0.92717,537,20,0
2023-01-13 01:30:00,0.92716,0.92741,0.92689,0.92723,566,21,0
2023-01-13 02:00:00,0.92726,0.92734,0.92565,0.9263,1112,18,0
2023-01-13 02:30:00,0.9263,0.92813,0.92622,0.92808,1351,18,0
2023-01-13 03:00:00,0.92808,0.9285,0.92782,0.92825,1238,18,0
2023-01-13 03:30:00,0.92826,0.92852,0.92776,0.92795,982,18,0
2023-01-13 04:00:00,0.92794,0.92966,0.92794,0.92922,1570,18,0
2023-01-13 04:30:00,0.92923,0.92928,0.92841,0.92865,961,20,0
2023-01-13 05:00:00,0.92863,0.92893,0.92845,0.92882,662,18,0
2023-01-13 05:30:00,0.92882,0.92924,0.92875,0.92882,390,18,0
2023-01-13 06:00:00,0.9288,0.92918,0.92875,0.92885,421,19,0
2023-01-13 06:30:00,0.92886,0.92944,0.92874,0.92936,492,21,0
2023-01-13 07:00:00,0.92935,0.93044,0.92924,0.93035,508,19,0
2023-01-13 07:30:00,0.93035,0.93075,0.92981,0.93039,809,18,0
2023-01-13 08:00:00,0.93037,0.93151,0.93017,0.93122,831,20,0
2023-01-13 08:30:00,0.93126,0.93129,0.92909,0.92947,1522,18,0
2023-01-13 09:00:00,0.92947,0.92996,0.92819,0.92914,1581,18,0
2023-01-13 09:30:00,0.92913,0.92913,0.927,0.92742,2116,18,0
2023-01-13 10:00:00,0.92741,0.92895,0.9273,0.92848,2778,18,0
2023-01-13 10:30:00,0.92847,0.92902,0.92809,0.92817,2982,18,0
2023-01-13 11:00:00,0.92819,0.92951,0.92739,0.92946,2658,18,0
2023-01-13 11:30:00,0.92946,0.93036,0.92834,0.9284,1975,18,0
2023-01-13 12:00:00,0.9284,0.92903,0.92692,0.92748,2207,18,0
2023-01-13 12:30:00,0.92747,0.92787,0.9267,0.9268,1914,18,0
2023-01-13 13:00:00,0.92682,0.9287,0.92676,0.92863,2132,18,0
2023-01-13 13:30:00,0.92861,0.93019,0.92861,0.92995,2436,18,0
2023-01-13 14:00:00,0.92995,0.92996,0.92905,0.92936,1708,18,0
2023-01-13 14:30:00,0.92938,0.92991,0.92893,0.929,2052,18,0
2023-01-13 15:00:00,0.92899,0.93015,0.92866,0.92901,2667,18,0
2023-01-13 15:30:00,0.92898,0.93085,0.92896,0.93072,3441,18,0
2023-01-13 16:00:00,0.93063,0.93158,0.92988,0.93046,2978,18,0
2023-01-13 16:30:00,0.93046,0.93092,0.92816,0.92831,3694,18,0
2023-01-13 17:00:00,0.92843,0.92903,0.92751,0.9279,4597,18,0
2023-01-13 17:30:00,0.9279,0.92807,0.9255,0.9261,3639,18,0
2023-01-13 18:00:00,0.92609,0.92756,0.92581,0.92616,3025,18,0
2023-01-13 18:30:00,0.92615,0.92872,0.9261,0.92832,2805,18,0
2023-01-13 19:00:00,0.92831,0.92851,0.92638,0.92648,2571,18,0
2023-01-13 19:30:00,0.92647,0.92681,0.9261,0.92638,1678,18,0
2023-01-13 20:00:00,0.92638,0.92702,0.92586,0.92698,1135,18,0
2023-01-13 20:30:00,0.92697,0.92715,0.92589,0.92643,1467,18,0
2023-01-13 21:00:00,0.92644,0.9267,0.92588,0.92594,820,18,0
2023-01-13 21:30:00,0.92593,0.92696,0.92567,0.92678,1121,18,0
2023-01-13 22:00:00,0.92679,0.92694,0.92626,0.92626,647,18,0
2023-01-13 22:30:00,0.92623,0.92635,0.92556,0.92587,852,18,0
2023-01-13 23:00:00,0.92587,0.92609,0.92559,0.92567,683,20,0
2023-01-13 23:30:00,0.92569,0.92632,0.92569,0.9259,453,27,0
2023-01-16 00:00:00,0.92683,0.92683,0.92605,0.92633,20,172,0
2023-01-16 00:30:00,0.92618,0.92628,0.92609,0.92628,4,172,0
2023-01-16 01:00:00,0.92625,0.92724,0.92594,0.92694,1434,30,0
2023-01-16 01:30:00,0.92694,0.92696,0.92586,0.9268,1509,22,0
2023-01-16 02:00:00,0.92679,0.92693,0.92589,0.9263,1083,18,0
2023-01-16 02:30:00,0.9263,0.92636,0.92499,0.92516,1154,18,0
2023-01-16 03:00:00,0.92521,0.92533,0.92432,0.92463,1345,19,0
2023-01-16 03:30:00,0.92462,0.92475,0.92295,0.92303,1690,18,0
2023-01-16 04:00:00,0.92304,0.92321,0.92176,0.92201,1684,18,0
2023-01-16 04:30:00,0.922,0.92228,0.9218,0.92221,1632,18,0
2023-01-16 05:00:00,0.9222,0.92292,0.92215,0.92286,1169,20,0
2023-01-16 05:30:00,0.92288,0.92333,0.92273,0.92314,725,20,0
2023-01-16 06:00:00,0.92314,0.92315,0.92289,0.92307,520,20,0
2023-01-16 06:30:00,0.92307,0.92407,0.92306,0.92396,771,20,0
2023-01-16 07:00:00,0.92395,0.92405,0.92361,0.92403,501,20,0
2023-01-16 07:30:00,0.92403,0.92417,0.92371,0.92387,652,22,0
2023-01-16 08:00:00,0.92388,0.925,0.92387,0.925,1079,20,0
2023-01-16 08:30:00,0.92501,0.92618,0.92492,0.92522,1557,18,0
2023-01-16 09:00:00,0.92523,0.92638,0.92518,0.92636,1091,19,0
2023-01-16 09:30:00,0.92636,0.92643,0.92494,0.92543,1278,18,0
2023-01-16 10:00:00,0.92547,0.92689,0.92526,0.92652,3915,18,0
2023-01-16 10:30:00,0.92651,0.92799,0.92651,0.92789,2669,18,0
2023-01-16 11:00:00,0.9279,0.92875,0.92668,0.92709,2444,18,0
2023-01-16 11:30:00,0.92708,0.92708,0.92394,0.92491,1941,18,0
2023-01-16 12:00:00,0.9249,0.92536,0.9245,0.92486,2019,18,0
2023-01-16 12:30:00,0.92486,0.92661,0.92465,0.92623,1921,18,0
2023-01-16 13:00:00,0.92624,0.92624,0.92545,0.92604,1817,18,0
2023-01-16 13:30:00,0.92603,0.9267,0.9254,0.92637,1681,18,0
2023-01-16 14:00:00,0.92638,0.92661,0.92582,0.92609,1619,18,0
2023-01-16 14:30:00,0.92608,0.92689,0.92582,0.9268,1510,18,0
2023-01-16 15:00:00,0.9268,0.92765,0.9264,0.92764,1825,18,0
2023-01-16 15:30:00,0.92764,0.92765,0.92487,0.92533,2577,18,0
2023-01-16 16:00:00,0.92533,0.92728,0.9251,0.92721,1957,18,0
2023-01-16 16:30:00,0.92721,0.92772,0.9262,0.92627,1627,18,0
2023-01-16 17:00:00,0.92626,0.92712,0.92553,0.92693,1427,18,0
2023-01-16 17:30:00,0.92693,0.927,0.92577,0.92612,1764,18,0
2023-01-16 18:00:00,0.92612,0.92653,0.92576,0.92621,1398,18,0
2023-01-16 18:30:00,0.9262,0.9262,0.92552,0.92552,926,18,0
2023-01-16 19:00:00,0.92553,0.9258,0.92544,0.92548,672,19,0
2023-01-16 19:30:00,0.92547,0.92622,0.92529,0.92589,564,20,0
2023-01-16 20:00:00,0.92588,0.92654,0.92585,0.92648,400,18,0
2023-01-16 20:30:00,0.92648,0.92687,0.92644,0.92685,426,18,0
2023-01-16 21:00:00,0.92684,0.92689,0.92619,0.92641,538,19,0
2023-01-16 21:30:00,0.92642,0.92654,0.9262,0.92647,429,18,0
2023-01-16 22:00:00,0.92647,0.92655,0.92631,0.92636,378,22,0
2023-01-16 22:30:00,0.92636,0.92646,0.92594,0.92616,244,22,0
2023-01-16 23:00:00,0.92616,0.92632,0.92564,0.92591,342,23,0
2023-01-16 23:30:00,0.9259,0.92615,0.92563,0.92589,220,30,0
2023-01-17 00:00:00,0.92529,0.92529,0.92529,0.92529,1,172,0
2023-01-17 00:30:00,0.92495,0.92541,0.9247,0.92541,49,167,0
2023-01-17 01:00:00,0.92578,0.92594,0.92539,0.9257,515,24,0
2023-01-17 01:30:00,0.92569,0.92571,0.9253,0.92553,399,22,0
2023-01-17 02:00:00,0.92554,0.9259,0.92517,0.92537,1137,18,0
2023-01-17 02:30:00,0.92538,0.92568,0.92507,0.92548,1452,18,0
2023-01-17 03:00:00,0.92547,0.92645,0.92515,0.92571,1296,19,0
2023-01-17 03:30:00,0.9257,0.92655,0.92557,0.92629,2141,18,0
2023-01-17 04:00:00,0.92631,0.92697,0.92509,0.92696,1556,18,0
2023-01-17 04:30:00,0.92693,0.9275,0.92678,0.92692,1327,19,0
2023-01-17 05:00:00,0.9269,0.92698,0.9261,0.9261,1113,20,0
2023-01-17 05:30:00,0.9261,0.92619,0.9257,0.92587,649,20,0
2023-01-17 06:00:00,0.92586,0.92609,0.92526,0.92552,586,20,0
2023-01-17 06:30:00,0.92551,0.92579,0.92523,0.92528,371,22,0
2023-01-17 07:00:00,0.92528,0.9255,0.925,0.9253,754,18,0
2023-01-17 07:30:00,0.92534,0.92564,0.92419,0.92424,928,18,0
2023-01-17 08:00:00,0.92422,0.92484,0.92399,0.92459,851,19,0
2023-01-17 08:30:00,0.9246,0.92578,0.92402,0.92572,868,18,0
2023-01-17 09:00:00,0.92572,0.92597,0.92455,0.92473,2318,19,0
2023-01-17 09:30:00,0.92473,0.92511,0.92354,0.92367,1862,19,0
2023-01-17 10:00:00,0.92364,0.9237,0.92272,0.92341,2804,18,0
2023-01-17 10:30:00,0.92348,0.92403,0.92252,0.92377,2176,18,0
2023-01-17 11:00:00,0.92374,0.92434,0.9232,0.92383,1882,18,0
2023-01-17 11:30:00,0.92384,0.92417,0.92297,0.92324,1719,18,0
2023-01-17 12:00:00,0.92324,0.92384,0.92222,0.92258,2162,18,0
2023-01-17 12:30:00,0.92257,0.9237,0.922,0.9225,1995,18,0
2023-01-17 13:00:00,0.92253,0.92253,0.9203,0.92138,1941,18,0
2023-01-17 13:30:00,0.9214,0.92181,0.92076,0.92102,1966,18,0
2023-01-17 14:00:00,0.921,0.92217,0.92083,0.92127,2090,18,0
2023-01-17 14:30:00,0.92126,0.92199,0.92042,0.92073,2440,18,0
2023-01-17 15:00:00,0.92072,0.92241,0.92047,0.92157,3086,18,0
2023-01-17 15:30:00,0.92158,0.92172,0.91993,0.92079,4333,18,0
2023-01-17 16:00:00,0.92077,0.92077,0.91891,0.91934,3880,18,0
2023-01-17 16:30:00,0.91931,0.91973,0.91866,0.9191,3483,18,0
2023-01-17 17:00:00,0.91909,0.92312,0.91892,0.92179,5784,18,0
2023-01-17 17:30:00,0.9218,0.92267,0.92039,0.92049,4987,18,0
2023-01-17 18:00:00,0.92049,0.92133,0.91971,0.92071,3112,18,0
2023-01-17 18:30:00,0.92072,0.92168,0.92035,0.92145,2157,18,0
2023-01-17 19:00:00,0.92145,0.92227,0.92093,0.92226,1680,18,0
2023-01-17 19:30:00,0.92223,0.92264,0.92179,0.92232,1099,18,0
2023-01-17 20:00:00,0.92232,0.92261,0.92181,0.92242,1242,18,0
2023-01-17 20:30:00,0.92242,0.92283,0.92209,0.92227,1007,18,0
2023-01-17 21:00:00,0.92226,0.92254,0.92174,0.92184,1293,18,0
2023-01-17 21:30:00,0.92186,0.92228,0.92157,0.92189,1362,19,0
2023-01-17 22:00:00,0.9219,0.92229,0.92149,0.9222,1291,20,0
2023-01-17 22:30:00,0.9222,0.92238,0.92188,0.92188,789,19,0
2023-01-17 23:00:00,0.92187,0.92227,0.92165,0.92168,520,22,0
2023-01-17 23:30:00,0.92167,0.92208,0.92157,0.92186,470,27,0
2023-01-18 00:00:00,0.92166,0.92166,0.92166,0.92166,1,89,0
2023-01-18 00:30:00,0.92137,0.92141,0.92119,0.92133,10,139,0
2023-01-18 01:00:00,0.92154,0.92177,0.92138,0.92159,402,28,0
2023-01-18 01:30:00,0.92159,0.922,0.92159,0.92185,320,25,0
2023-01-18 02:00:00,0.92185,0.92284,0.92178,0.92239,788,18,0
2023-01-18 02:30:00,0.92238,0.92287,0.92224,0.92264,1066,18,0
2023-01-18 03:00:00,0.92265,0.9227,0.92212,0.92246,929,21,0
2023-01-18 03:30:00,0.92246,0.92256,0.92181,0.92182,1188,19,0
2023-01-18 04:00:00,0.92184,0.92234,0.92159,0.92234,1243,19,0
2023-01-18 04:30:00,0.92235,0.92447,0.92224,0.92295,4279,18,0
2023-01-18 05:00:00,0.92294,0.92355,0.92178,0.92209,2637,18,0
2023-01-18 05:30:00,0.9221,0.92361,0.9221,0.92343,1789,19,0
2023-01-18 06:00:00,0.92343,0.92373,0.92315,0.92316,1264,18,0
2023-01-18 06:30:00,0.92321,0.92328,0.92278,0.92302,861,19,0
2023-01-18 07:00:00,0.92301,0.92355,0.92298,0.92341,804,20,0
2023-01-18 07:30:00,0.9234,0.92356,0.92256,0.9227,1350,20,0
2023-01-18 08:00:00,0.9227,0.92276,0.92214,0.92252,1820,19,0
2023-01-18 08:30:00,0.92253,0.92337,0.92192,0.92197,2271,18,0
2023-01-18 09:00:00,0.92199,0.92207,0.91962,0.91997,2613,20,0
2023-01-18 09:30:00,0.91995,0.92056,0.91797,0.91862,3763,18,0
2023-01-18 10:00:00,0.91862,0.91863,0.91525,0.91605,3837,18,0
2023-01-18 10:30:00,0.91605,0.91618,0.91501,0.91509,3573,18,0
2023-01-18 11:00:00,0.91509,0.916,0.9149,0.91531,2958,18,0
2023-01-18 11:30:00,0.91532,0.91538,0.91276,0.91281,3084,18,0
2023-01-18 12:00:00,0.91281,0.91375,0.91253,0.91359,2878,18,0
2023-01-18 12:30:00,0.91358,0.91403,0.9125,0.91318,1942,18,0
2023-01-18 13:00:00,0.91318,0.91342,0.91229,0.91314,1920,18,0
2023-01-18 13:30:00,0.91316,0.91389,0.91246,0.91333,2628,18,0
2023-01-18 14:00:00,0.91334,0.91478,0.9131,0.91388,2422,18,0
2023-01-18 14:30:00,0.91387,0.91475,0.91375,0.91384,2473,18,0
2023-01-18 15:00:00,0.91386,0.91485,0.91355,0.91386,2963,18,0
2023-01-18 15:30:00,0.9139,0.91406,0.91136,0.91213,6237,17,0
2023-01-18 16:00:00,0.91213,0.91254,0.90852,0.90901,5286,18,0
2023-01-18 16:30:00,0.90899,0.91163,0.90843,0.91074,6878,18,0
2023-01-18 17:00:00,0.91075,0.91214,0.91051,0.91101,5157,18,0
2023-01-18 17:30:00,0.91101,0.91322,0.91081,0.91295,4809,18,0
2023-01-18 18:00:00,0.91292,0.91426,0.91242,0.9138,3163,18,0
2023-01-18 18:30:00,0.91383,0.91466,0.9136,0.91388,2799,19,0
2023-01-18 19:00:00,0.91388,0.91691,0.91387,0.9165,2938,18,0
2023-01-18 19:30:00,0.91651,0.91712,0.91566,0.91576,1969,18,0
2023-01-18 20:00:00,0.91575,0.91614,0.91519,0.91595,1934,18,0
2023-01-18 20:30:00,0.91597,0.91672,0.91577,0.91627,1693,18,0
2023-01-18 21:00:00,0.91627,0.91669,0.9159,0.91641,1536,18,0
2023-01-18 21:30:00,0.91641,0.91672,0.91572,0.91587,1072,18,0
2023-01-18 22:00:00,0.9159,0.91645,0.9158,0.91606,1646,18,0
2023-01-18 22:30:00,0.91606,0.91678,0.91606,0.91669,1539,18,0
2023-01-18 23:00:00,0.91667,0.91688,0.9162,0.91665,336,21,0
2023-01-18 23:30:00,0.91663,0.91663,0.91586,0.91586,510,24,0
2023-01-19 00:00:00,0.9149,0.91541,0.9149,0.91541,3,149,0
2023-01-19 00:30:00,0.91575,0.91593,0.91531,0.91538,27,59,0
2023-01-19 01:00:00,0.91537,0.91634,0.91537,0.916,852,19,0
2023-01-19 01:30:00,0.91601,0.91617,0.91579,0.91585,267,21,0
2023-01-19 02:00:00,0.91584,0.91646,0.91563,0.91608,706,18,0
2023-01-19 02:30:00,0.91605,0.91664,0.9158,0.9166,1333,18,0
2023-01-19 03:00:00,0.9166,0.91676,0.916,0.91655,1174,21,0
2023-01-19 03:30:00,0.91654,0.91742,0.91639,0.91708,1684,20,0
2023-01-19 04:00:00,0.91707,0.91752,0.91701,0.91709,1114,21,0
2023-01-19 04:30:00,0.91709,0.91712,0.91669,0.91678,918,20,0
2023-01-19 05:00:00,0.91678,0.91687,0.91633,0.91644,795,20,0
2023-01-19 05:30:00,0.9164,0.91645,0.91525,0.91554,724,18,0
2023-01-19 06:00:00,0.91552,0.91582,0.91523,0.91578,1174,19,0
2023-01-19 06:30:00,0.91577,0.91603,0.91556,0.9157,1024,19,0
2023-01-19 07:00:00,0.91565,0.9161,0.91551,0.91583,952,19,0
2023-01-19 07:30:00,0.91584,0.91637,0.91581,0.91637,644,18,0
2023-01-19 08:00:00,0.91636,0.91642,0.91578,0.91599,772,18,0
2023-01-19 08:30:00,0.91597,0.91643,0.91566,0.91607,1174,18,0
2023-01-19 09:00:00,0.916,0.91695,0.9154,0.91693,2068,18,0
2023-01-19 09:30:00,0.91694,0.91703,0.91541,0.91593,1659,18,0
2023-01-19 10:00:00,0.91593,0.91639,0.91479,0.91539,2831,18,0
2023-01-19 10:30:00,0.91538,0.91645,0.91515,0.91634,2231,18,0
2023-01-19 11:00:00,0.91634,0.91703,0.91567,0.91619,2073,18,0
2023-01-19 11:30:00,0.91618,0.91638,0.91491,0.91619,1954,18,0
2023-01-19 12:00:00,0.9162,0.91678,0.91596,0.91618,1675,19,0
2023-01-19 12:30:00,0.91612,0.91738,0.91606,0.91662,2416,18,0
2023-01-19 13:00:00,0.91661,0.91723,0.91641,0.91668,1556,18,0
2023-01-19 13:30:00,0.91668,0.91709,0.91609,0.91636,2273,19,0
2023-01-19 14:00:00,0.91636,0.91639,0.91553,0.91588,1432,18,0
2023-01-19 14:30:00,0.91589,0.91742,0.91562,0.91723,2412,18,0
2023-01-19 15:00:00,0.91722,0.9181,0.91561,0.9167,2965,18,0
2023-01-19 15:30:00,0.91668,0.91887,0.91661,0.91794,5605,18,0
2023-01-19 16:00:00,0.91794,0.91841,0.91631,0.91659,3394,18,0
2023-01-19 16:30:00,0.91661,0.91746,0.91568,0.91623,3572,19,0
2023-01-19 17:00:00,0.91621,0.91657,0.9151,0.91652,2941,18,0
2023-01-19 17:30:00,0.91651,0.91778,0.91625,0.91689,3291,18,0
2023-01-19 18:00:00,0.91688,0.91711,0.91593,0.91674,2154,18,0
2023-01-19 18:30:00,0.91673,0.91685,0.91595,0.91609,1549,18,0
2023-01-19 19:00:00,0.9161,0.91632,0.91532,0.91626,1779,18,0
2023-01-19 19:30:00,0.91626,0.91655,0.91558,0.91599,1179,18,0
2023-01-19 20:00:00,0.916,0.91686,0.91547,0.91614,2032,19,0
2023-01-19 20:30:00,0.91612,0.91613,0.91509,0.91587,1604,18,0
2023-01-19 21:00:00,0.91589,0.91642,0.91506,0.91525,1288,18,0
2023-01-19 21:30:00,0.91525,0.91533,0.91459,0.9153,1233,18,0
2023-01-19 22:00:00,0.91531,0.91539,0.91463,0.91527,1235,18,0
2023-01-19 22:30:00,0.91526,0.91562,0.91498,0.91558,1334,19,0
2023-01-19 23:00:00,0.91559,0.91561,0.91523,0.91554,625,20,0
2023-01-19 23:30:00,0.91554,0.91641,0.91547,0.91577,406,23,0
2023-01-20 00:00:00,0.91529,0.91556,0.91529,0.91545,16,81,0
2023-01-20 00:30:00,0.91538,0.9155,0.91496,0.91501,31,81,0
2023-01-20 01:00:00,0.91528,0.91573,0.91522,0.91553,1200,28,0
2023-01-20 01:30:00,0.91554,0.91583,0.91551,0.9157,689,22,0
2023-01-20 02:00:00,0.91569,0.91578,0.91539,0.91545,546,19,0
2023-01-20 02:30:00,0.91545,0.91626,0.91541,0.91607,780,18,0
2023-01-20 03:00:00,0.91604,0.91627,0.91495,0.91498,1191,18,0
2023-01-20 03:30:00,0.915,0.91631,0.91494,0.91614,1127,23,0
2023-01-20 04:00:00,0.91616,0.91632,0.9155,0.91556,735,21,0
2023-01-20 04:30:00,0.91556,0.91617,0.91554,0.91614,769,21,0
2023-01-20 05:00:00,0.91613,0.91649,0.91604,0.9164,634,20,0
2023-01-20 05:30:00,0.9164,0.91644,0.91612,0.91629,378,19,0
2023-01-20 06:00:00,0.91627,0.9169,0.91625,0.91672,697,18,0
2023-01-20 06:30:00,0.91673,0.91692,0.91657,0.91683,581,18,0
2023-01-20 07:00:00,0.91684,0.91744,0.91669,0.91724,559,20,0
2023-01-20 07:30:00,0.91724,0.91726,0.91639,0.91645,1452,19,0
2023-01-20 08:00:00,0.91644,0.91661,0.91612,0.91656,724,18,0
2023-01-20 08:30:00,0.91656,0.91673,0.9164,0.9166,863,19,0
2023-01-20 09:00:00,0.91663,0.91693,0.91562,0.91593,1365,18,0
2023-01-20 09:30:00,0.91594,0.91667,0.91581,0.91593,1789,19,0
2023-01-20 10:00:00,0.91593,0.91783,0.91404,0.91779,2878,18,0
2023-01-20 10:30:00,0.91778,0.91949,0.91761,0.91869,2448,18,0
2023-01-20 11:00:00,0.91868,0.9199,0.91844,0.91967,2161,18,0
2023-01-20 11:30:00,0.91967,0.92151,0.91962,0.92033,2363,18,0
2023-01-20 12:00:00,0.92034,0.92049,0.91911,0.91992,2057,18,0
2023-01-20 12:30:00,0.91991,0.91998,0.91851,0.91878,2445,18,0
2023-01-20 13:00:00,0.91879,0.91961,0.91861,0.91928,1652,18,0
2023-01-20 13:30:00,0.91929,0.92061,0.91919,0.92036,2000,18,0
2023-01-20 14:00:00,0.92035,0.92065,0.92002,0.92017,2218,18,0
2023-01-20 14:30:00,0.92018,0.92084,0.92001,0.92074,1876,18,0
2023-01-20 15:00:00,0.92075,0.921,0.91998,0.92091,1851,19,0
2023-01-20 15:30:00,0.92091,0.92327,0.92074,0.92313,3015,18,0
2023-01-20 16:00:00,0.92315,0.92338,0.92216,0.9224,2498,18,0
2023-01-20 16:30:00,0.92242,0.92316,0.92172,0.92199,3138,18,0
2023-01-20 17:00:00,0.922,0.92233,0.91965,0.91974,2866,18,0
2023-01-20 17:30:00,0.91972,0.9222,0.91943,0.92063,3651,18,0
2023-01-20 18:00:00,0.92062,0.92118,0.9199,0.9209,2137,18,0
2023-01-20 18:30:00,0.9209,0.92226,0.92038,0.92213,1747,18,0
2023-01-20 19:00:00,0.92214,0.92236,0.92122,0.92161,1593,18,0
2023-01-20 19:30:00,0.92162,0.92207,0.92143,0.92205,1362,18,0
2023-01-20 20:00:00,0.92204,0.92244,0.92084,0.92187,2220,17,0
2023-01-20 20:30:00,0.92188,0.92195,0.92074,0.92091,1394,18,0
2023-01-20 21:00:00,0.9209,0.92101,0.92032,0.92061,1007,20,0
2023-01-20 21:30:00,0.92061,0.92089,0.9203,0.92036,968,18,0
2023-01-20 22:00:00,0.92033,0.92045,0.91989,0.9201,1013,20,0
2023-01-20 22:30:00,0.92011,0.92041,0.91968,0.92019,1006,19,0
2023-01-20 23:00:00,0.92019,0.92028,0.9199,0.92012,739,20,0
2023-01-20 23:30:00,0.92008,0.92012,0.91948,0.91948,381,26,0
2023-01-23 00:00:00,0.91811,0.91881,0.91811,0.91881,4,171,0
2023-01-23 00:30:00,0.91877,0.91907,0.91875,0.91881,12,136,0
2023-01-23 01:00:00,0.91887,0.91944,0.91861,0.91892,1202,24,0
2023-01-23 01:30:00,0.91891,0.91986,0.91891,0.91985,1092,24,0
2023-01-23 02:00:00,0.91984,0.91984,0.91887,0.91963,804,23,0
2023-01-23 02:30:00,0.91961,0.91975,0.91833,0.91838,1333,24,0
2023-01-23 03:00:00,0.9184,0.91853,0.91728,0.91774,1559,26,0
2023-01-23 03:30:00,0.91776,0.91829,0.91755,0.91806,1330,25,0
2023-01-23 04:00:00,0.91804,0.91819,0.91788,0.91792,475,26,0
2023-01-23 04:30:00,0.9179,0.9182,0.91779,0.91787,491,25,0
2023-01-23 05:00:00,0.91785,0.91785,0.9169,0.91697,498,26,0
2023-01-23 05:30:00,0.91698,0.91745,0.91695,0.91743,460,26,0
2023-01-23 06:00:00,0.91742,0.91809,0.91737,0.91804,555,27,0
2023-01-23 06:30:00,0.91806,0.91812,0.91762,0.91769,480,28,0
2023-01-23 07:00:00,0.9177,0.9181,0.91749,0.9176,545,26,0
2023-01-23 07:30:00,0.9176,0.91788,0.91723,0.9178,612,24,0
2023-01-23 08:00:00,0.91781,0.9182,0.91767,0.91808,765,24,0
2023-01-23 08:30:00,0.91809,0.91817,0.91708,0.918,1433,20,0
2023-01-23 09:00:00,0.91795,0.91913,0.91657,0.91886,1720,18,0
2023-01-23 09:30:00,0.91886,0.919,0.91751,0.91754,2046,18,0
2023-01-23 10:00:00,0.91754,0.91804,0.91665,0.91683,2663,18,0
2023-01-23 10:30:00,0.91682,0.91709,0.91589,0.91634,2554,18,0
2023-01-23 11:00:00,0.91635,0.9181,0.91634,0.91805,1776,19,0
2023-01-23 11:30:00,0.91807,0.91896,0.91727,0.91765,1835,19,0
2023-01-23 12:00:00,0.91767,0.91778,0.91617,0.91777,2062,18,0
2023-01-23 12:30:00,0.91777,0.91964,0.91773,0.91912,2067,18,0
2023-01-23 13:00:00,0.91911,0.92087,0.91895,0.92076,2086,18,0
2023-01-23 13:30:00,0.92077,0.92168,0.92074,0.92121,1653,18,0
2023-01-23 14:00:00,0.9212,0.92235,0.9211,0.92207,1581,18,0
2023-01-23 14:30:00,0.92209,0.92239,0.92051,0.92071,2187,18,0
2023-01-23 15:00:00,0.92071,0.92117,0.92035,0.9206,2161,18,0
2023-01-23 15:30:00,0.92061,0.92285,0.92059,0.92216,3006,18,0
2023-01-23 16:00:00,0.92216,0.92374,0.92202,0.92351,2460,18,0
2023-01-23 16:30:00,0.92351,0.92396,0.92205,0.92253,3150,18,0
2023-01-23 17:00:00,0.92254,0.92338,0.92189,0.92192,2760,18,0
2023-01-23 17:30:00,0.92192,0.92286,0.92106,0.92258,3374,18,0
2023-01-23 18:00:00,0.92258,0.92294,0.92134,0.92253,2545,18,0
2023-01-23 18:30:00,0.92256,0.92331,0.92224,0.92306,1543,18,0
2023-01-23 19:00:00,0.92307,0.92401,0.92272,0.92362,1168,19,0
2023-01-23 19:30:00,0.92362,0.92376,0.9231,0.92323,1062,18,0
2023-01-23 20:00:00,0.92323,0.92324,0.92268,0.92289,1415,20,0
2023-01-23 20:30:00,0.92287,0.9229,0.92217,0.92247,773,19,0
2023-01-23 21:00:00,0.92248,0.92258,0.92206,0.92242,745,21,0
2023-01-23 21:30:00,0.92242,0.92337,0.92229,0.92244,1388,20,0
2023-01-23 22:00:00,0.92242,0.92276,0.92198,0.92244,1469,20,0
2023-01-23 22:30:00,0.92244,0.92267,0.92189,0.92223,1548,20,0
2023-01-23 23:00:00,0.92224,0.92234,0.92154,0.92154,482,18,0
2023-01-23 23:30:00,0.92154,0.9219,0.92148,0.92156,409,20,0
2023-01-24 00:00:00,0.92151,0.92172,0.92151,0.92167,33,51,0
2023-01-24 00:30:00,0.9216,0.92168,0.92088,0.92148,12,83,0
2023-01-24 01:00:00,0.92158,0.92181,0.92158,0.92174,326,18,0
2023-01-24 01:30:00,0.92175,0.92175,0.92135,0.92162,510,21,0
2023-01-24 02:00:00,0.92158,0.92197,0.92116,0.92139,726,22,0
2023-01-24 02:30:00,0.92137,0.92164,0.92112,0.92134,824,20,0
2023-01-24 03:00:00,0.92133,0.9215,0.92101,0.92135,672,22,0
2023-01-24 03:30:00,0.92133,0.92144,0.92087,0.92108,738,20,0
2023-01-24 04:00:00,0.92109,0.9213,0.9209,0.92128,495,18,0
2023-01-24 04:30:00,0.92127,0.92149,0.92118,0.92143,442,21,0
2023-01-24 05:00:00,0.92147,0.92162,0.92127,0.92127,468,22,0
2023-01-24 05:30:00,0.92128,0.92162,0.92118,0.92146,350,21,0
2023-01-24 06:00:00,0.92148,0.92196,0.92146,0.9217,376,23,0
2023-01-24 06:30:00,0.92166,0.92174,0.92147,0.92155,362,19,0
2023-01-24 07:00:00,0.92153,0.92159,0.9211,0.92111,368,21,0
2023-01-24 07:30:00,0.92112,0.92155,0.92097,0.92147,591,20,0
2023-01-24 08:00:00,0.92146,0.92152,0.92118,0.92124,459,21,0
2023-01-24 08:30:00,0.92125,0.92148,0.92049,0.9207,961,18,0
2023-01-24 09:00:00,0.9207,0.92143,0.92024,0.92027,1209,20,0
2023-01-24 09:30:00,0.92026,0.92035,0.91942,0.91972,1586,18,0
2023-01-24 10:00:00,0.91971,0.9204,0.91934,0.91951,1956,18,0
2023-01-24 10:30:00,0.91958,0.92052,0.91912,0.91995,2243,18,0
2023-01-24 11:00:00,0.91994,0.92074,0.91924,0.91976,2379,18,0
2023-01-24 11:30:00,0.91978,0.92238,0.91978,0.92179,2688,18,0
2023-01-24 12:00:00,0.92183,0.92361,0.92108,0.92294,1836,18,0
2023-01-24 12:30:00,0.92292,0.92347,0.92268,0.92317,1559,18,0
2023-01-24 13:00:00,0.92316,0.92375,0.92239,0.92244,1537,18,0
2023-01-24 13:30:00,0.92244,0.92275,0.92199,0.92268,1350,18,0
2023-01-24 14:00:00,0.92267,0.92373,0.92253,0.92362,1290,18,0
2023-01-24 14:30:00,0.92359,0.92537,0.9235,0.92523,1709,18,0
2023-01-24 15:00:00,0.92522,0.92602,0.92438,0.92446,2233,18,0
2023-01-24 15:30:00,0.92445,0.92677,0.92434,0.92604,2456,18,0
2023-01-24 16:00:00,0.92602,0.92604,0.92489,0.92557,2392,18,0
2023-01-24 16:30:00,0.92556,0.92777,0.92533,0.92751,3874,18,0
2023-01-24 17:00:00,0.92752,0.92787,0.92462,0.92465,4352,18,0
2023-01-24 17:30:00,0.92466,0.92592,0.92277,0.92304,4142,18,0
2023-01-24 18:00:00,0.92303,0.92437,0.92271,0.92274,2459,18,0
2023-01-24 18:30:00,0.92271,0.92334,0.92262,0.92303,1982,18,0
2023-01-24 19:00:00,0.92303,0.92306,0.92227,0.92256,1674,18,0
2023-01-24 19:30:00,0.92257,0.9229,0.9223,0.92249,1279,18,0
2023-01-24 20:00:00,0.92247,0.92281,0.92203,0.92208,1208,18,0
2023-01-24 20:30:00,0.9221,0.92316,0.92198,0.92316,1050,18,0
2023-01-24 21:00:00,0.92315,0.92348,0.92284,0.92341,937,19,0
2023-01-24 21:30:00,0.9234,0.92342,0.9227,0.92297,934,18,0
2023-01-24 22:00:00,0.92296,0.9234,0.92269,0.92279,696,18,0
2023-01-24 22:30:00,0.92278,0.92297,0.92263,0.9227,634,19,0
2023-01-24 23:00:00,0.92271,0.92285,0.9223,0.92266,855,18,0
2023-01-24 23:30:00,0.92266,0.92271,0.92188,0.92228,443,19,0
2023-01-25 00:00:00,0.92218,0.92218,0.92218,0.92218,10,70,0
2023-01-25 00:30:00,0.92146,0.92158,0.92131,0.92148,5,167,0
2023-01-25 01:00:00,0.92169,0.92236,0.92158,0.92219,539,24,0
2023-01-25 01:30:00,0.92221,0.92258,0.92214,0.92216,510,20,0
2023-01-25 02:00:00,0.92217,0.92287,0.92214,0.92277,987,18,0
2023-01-25 02:30:00,0.92278,0.92292,0.92229,0.9225,1639,18,0
2023-01-25 03:00:00,0.92251,0.92268,0.92198,0.9224,838,21,0
2023-01-25 03:30:00,0.92239,0.9225,0.922,0.92217,803,19,0
2023-01-25 04:00:00,0.92216,0.9222,0.9218,0.92184,562,20,0
2023-01-25 04:30:00,0.92184,0.9224,0.92163,0.92229,603,19,0
2023-01-25 05:00:00,0.92229,0.92261,0.92229,0.92239,456,19,0
2023-01-25 05:30:00,0.92237,0.92272,0.92233,0.92243,458,18,0
2023-01-25 06:00:00,0.92243,0.92266,0.92195,0.92238,429,21,0
2023-01-25 06:30:00,0.92238,0.92275,0.92225,0.92259,596,21,0
2023-01-25 07:00:00,0.92258,0.92298,0.9225,0.92254,680,19,0
2023-01-25 07:30:00,0.92252,0.9232,0.9225,0.92276,785,23,0
2023-01-25 08:00:00,0.92277,0.923,0.92204,0.92228,1509,20,0
2023-01-25 08:30:00,0.92227,0.92326,0.92213,0.92285,1404,18,0
2023-01-25 09:00:00,0.92285,0.92322,0.92225,0.92262,1402,19,0
2023-01-25 09:30:00,0.92262,0.92435,0.92256,0.92405,2088,18,0
2023-01-25 10:00:00,0.92403,0.92429,0.92332,0.92336,2317,18,0
2023-01-25 10:30:00,0.92335,0.92399,0.92255,0.92377,1940,18,0
2023-01-25 11:00:00,0.92378,0.92443,0.92322,0.9233,1970,18,0
2023-01-25 11:30:00,0.92332,0.92333,0.92225,0.923,1982,18,0
2023-01-25 12:00:00,0.923,0.9239,0.92283,0.9229,1941,18,0
2023-01-25 12:30:00,0.92292,0.92296,0.92214,0.92266,1795,18,0
2023-01-25 13:00:00,0.92265,0.9227,0.92156,0.92192,1386,18,0
2023-01-25 13:30:00,0.92191,0.92307,0.92189,0.92205,1862,18,0
2023-01-25 14:00:00,0.92205,0.92222,0.92136,0.92205,1577,18,0
2023-01-25 14:30:00,0.92205,0.92216,0.92056,0.92087,1864,19,0
2023-01-25 15:00:00,0.92088,0.92179,0.9204,0.92161,2293,18,0
2023-01-25 15:30:00,0.92162,0.92293,0.92152,0.9223,2123,18,0
2023-01-25 16:00:00,0.9223,0.92293,0.92129,0.92144,2332,18,0
2023-01-25 16:30:00,0.92144,0.92152,0.91964,0.91988,3021,18,0
2023-01-25 17:00:00,0.9199,0.92018,0.91712,0.91872,4467,18,0
2023-01-25 17:30:00,0.91872,0.9204,0.9184,0.92013,3167,18,0
2023-01-25 18:00:00,0.92013,0.92151,0.91947,0.92006,2883,18,0
2023-01-25 18:30:00,0.92005,0.9206,0.91983,0.91993,1657,18,0
2023-01-25 19:00:00,0.91992,0.92036,0.91951,0.91987,973,18,0
2023-01-25 19:30:00,0.91987,0.91988,0.91939,0.91956,1155,18,0
2023-01-25 20:00:00,0.91956,0.91956,0.91813,0.91834,1119,18,0
2023-01-25 20:30:00,0.91831,0.91847,0.9178,0.91812,808,18,0
2023-01-25 21:00:00,0.91811,0.9184,0.91773,0.91803,658,19,0
2023-01-25 21:30:00,0.91803,0.91804,0.91754,0.91763,775,19,0
2023-01-25 22:00:00,0.91763,0.91833,0.91748,0.91816,880,18,0
2023-01-25 22:30:00,0.91816,0.91816,0.91777,0.91795,938,19,0
2023-01-25 23:00:00,0.91794,0.91819,0.9176,0.91765,373,20,0
2023-01-25 23:30:00,0.91764,0.9178,0.91752,0.91777,327,25,0
2023-01-26 00:00:00,0.91768,0.91768,0.91718,0.91739,20,74,0
2023-01-26 00:30:00,0.91752,0.91766,0.91721,0.91722,10,94,0
2023-01-26 01:00:00,0.91715,0.9174,0.91698,0.91714,889,21,0
2023-01-26 01:30:00,0.91714,0.91716,0.91686,0.91708,312,18,0
2023-01-26 02:00:00,0.91707,0.91737,0.91677,0.91701,623,19,0
2023-01-26 02:30:00,0.91704,0.91721,0.9168,0.91721,831,18,0
2023-01-26 03:00:00,0.91721,0.91782,0.9172,0.91775,1027,20,0
2023-01-26 03:30:00,0.91777,0.91781,0.91694,0.91711,731,21,0
2023-01-26 04:00:00,0.91712,0.91758,0.91689,0.91754,1184,19,0
2023-01-26 04:30:00,0.91755,0.91773,0.9171,0.91728,1026,18,0
2023-01-26 05:00:00,0.91726,0.91752,0.9171,0.91746,1001,19,0
2023-01-26 05:30:00,0.91747,0.91767,0.91736,0.91763,820,20,0
2023-01-26 06:00:00,0.91763,0.91763,0.91726,0.91743,1148,18,0
2023-01-26 06:30:00,0.91743,0.9176,0.91723,0.9173,524,22,0
2023-01-26 07:00:00,0.91731,0.91776,0.91731,0.91749,574,18,0
2023-01-26 07:30:00,0.91748,0.91763,0.91706,0.91709,540,21,0
2023-01-26 08:00:00,0.91708,0.91739,0.91705,0.9173,698,18,0
2023-01-26 08:30:00,0.9173,0.91731,0.91604,0.91674,938,18,0
2023-01-26 09:00:00,0.91676,0.91827,0.91676,0.91791,2258,18,0
2023-01-26 09:30:00,0.91792,0.91836,0.91692,0.91705,1749,18,0
2023-01-26 10:00:00,0.91702,0.91773,0.91654,0.91725,3265,18,0
2023-01-26 10:30:00,0.91727,0.91834,0.91656,0.91826,2410,21,0
2023-01-26 11:00:00,0.91826,0.91902,0.91786,0.91897,2372,18,0
2023-01-26 11:30:00,0.91896,0.91965,0.91791,0.91944,2223,18,0
2023-01-26 12:00:00,0.91945,0.91961,0.91807,0.91821,2082,18,0
2023-01-26 12:30:00,0.91821,0.91837,0.91755,0.91798,1541,18,0
2023-01-26 13:00:00,0.91798,0.9186,0.91767,0.91795,1471,18,0
2023-01-26 13:30:00,0.91796,0.91802,0.91722,0.91745,1340,18,0
2023-01-26 14:00:00,0.91745,0.91932,0.91743,0.91851,1823,18,0
2023-01-26 14:30:00,0.91851,0.91897,0.91801,0.91847,1872,18,0
2023-01-26 15:00:00,0.91847,0.91871,0.91746,0.91746,1824,18,0
2023-01-26 15:30:00,0.91745,0.91982,0.9163,0.9163,5381,18,0
2023-01-26 16:00:00,0.91625,0.91737,0.91573,0.91678,3817,18,0
2023-01-26 16:30:00,0.91679,0.91979,0.91599,0.91898,3836,18,0
2023-01-26 17:00:00,0.91894,0.92028,0.91854,0.92004,3019,18,0
2023-01-26 17:30:00,0.92007,0.92245,0.91975,0.92183,3853,18,0
2023-01-26 18:00:00,0.92181,0.92244,0.92095,0.92139,2497,18,0
2023-01-26 18:30:00,0.92144,0.92176,0.92067,0.92094,1758,18,0
2023-01-26 19:00:00,0.92092,0.92128,0.92026,0.92124,1190,19,0
2023-01-26 19:30:00,0.92124,0.92171,0.92107,0.9214,982,18,0
2023-01-26 20:00:00,0.92141,0.92147,0.92041,0.92045,1286,18,0
2023-01-26 20:30:00,0.92046,0.92068,0.91968,0.92028,954,18,0
2023-01-26 21:00:00,0.92028,0.92044,0.91991,0.92036,604,19,0
2023-01-26 21:30:00,0.92035,0.92035,0.91975,0.91978,626,18,0
2023-01-26 22:00:00,0.91979,0.92015,0.91952,0.92011,644,19,0
2023-01-26 22:30:00,0.9201,0.92025,0.91987,0.92011,712,20,0
2023-01-26 23:00:00,0.92003,0.9203,0.91972,0.92026,862,19,0
2023-01-26 23:30:00,0.92025,0.92045,0.91994,0.9201,348,23,0
2023-01-27 00:30:00,0.91942,0.91942,0.91833,0.91833,7,162,0
2023-01-27 01:00:00,0.91979,0.92005,0.9194,0.91969,1382,21,0
2023-01-27 01:30:00,0.9197,0.92021,0.9194,0.92011,656,24,0
2023-01-27 02:00:00,0.9201,0.92018,0.91973,0.91984,483,19,0
2023-01-27 02:30:00,0.91982,0.91991,0.91913,0.91931,1225,18,0
2023-01-27 03:00:00,0.91932,0.92026,0.91911,0.92007,985,20,0
2023-01-27 03:30:00,0.92008,0.92047,0.91973,0.92034,975,19,0
2023-01-27 04:00:00,0.92034,0.92102,0.92023,0.92087,822,20,0
2023-01-27 04:30:00,0.9209,0.92147,0.92078,0.92143,869,21,0
2023-01-27 05:00:00,0.92144,0.92161,0.92098,0.92159,722,18,0
2023-01-27 05:30:00,0.92162,0.92193,0.92159,0.92176,659,20,0
2023-01-27 06:00:00,0.9218,0.92218,0.9218,0.9221,628,20,0
2023-01-27 06:30:00,0.92209,0.92218,0.92197,0.92213,385,22,0
2023-01-27 07:00:00,0.92215,0.92217,0.9219,0.92198,309,20,0
2023-01-27 07:30:00,0.92198,0.9221,0.92163,0.92164,408,20,0
2023-01-27 08:00:00,0.92165,0.92189,0.92155,0.92172,609,22,0
2023-01-27 08:30:00,0.92173,0.92235,0.92172,0.92224,957,19,0
2023-01-27 09:00:00,0.92225,0.92248,0.922,0.9223,1174,20,0
2023-01-27 09:30:00,0.92231,0.92263,0.92205,0.9224,1476,18,0
2023-01-27 10:00:00,0.92233,0.92277,0.92149,0.92159,2229,18,0
2023-01-27 10:30:00,0.92159,0.92161,0.92029,0.92082,1868,19,0
2023-01-27 11:00:00,0.92082,0.92103,0.92004,0.92017,2303,18,0
2023-01-27 11:30:00,0.92018,0.92158,0.92008,0.92093,2592,18,0
2023-01-27 12:00:00,0.92094,0.92127,0.92023,0.9205,1960,18,0
2023-01-27 12:30:00,0.92049,0.92103,0.92037,0.92063,2089,19,0
2023-01-27 13:00:00,0.92062,0.92157,0.92026,0.92147,1820,19,0
2023-01-27 13:30:00,0.92148,0.92253,0.92148,0.9221,1782,18,0
2023-01-27 14:00:00,0.9221,0.92242,0.92149,0.9215,1491,18,0
2023-01-27 14:30:00,0.92151,0.92245,0.92139,0.92221,2036,18,0
2023-01-27 15:00:00,0.92222,0.92304,0.92126,0.92218,2425,18,0
2023-01-27 15:30:00,0.92225,0.92237,0.92063,0.9218,3512,18,0
2023-01-27 16:00:00,0.9218,0.92347,0.92137,0.92309,3126,18,0
2023-01-27 16:30:00,0.92312,0.92338,0.92141,0.92235,2892,18,0
2023-01-27 17:00:00,0.92225,0.92278,0.92058,0.92272,3333,20,0
2023-01-27 17:30:00,0.92275,0.9239,0.92232,0.92307,4102,18,0
2023-01-27 18:00:00,0.92303,0.92317,0.92062,0.92094,2771,18,0
2023-01-27 18:30:00,0.92094,0.92196,0.92046,0.92179,1354,18,0
2023-01-27 19:00:00,0.92177,0.92213,0.92139,0.92155,1226,19,0
2023-01-27 19:30:00,0.92155,0.92158,0.92068,0.92149,1117,18,0
2023-01-27 20:00:00,0.9215,0.92208,0.9215,0.92169,746,19,0
2023-01-27 20:30:00,0.92169,0.92171,0.92088,0.92125,892,18,0
2023-01-27 21:00:00,0.92124,0.92151,0.92079,0.92096,598,20,0
2023-01-27 21:30:00,0.92095,0.92133,0.92082,0.9211,734,19,0
2023-01-27 22:00:00,0.92109,0.92112,0.92071,0.92105,1176,19,0
2023-01-27 22:30:00,0.92104,0.92112,0.92077,0.92107,984,20,0
2023-01-27 23:00:00,0.92109,0.92116,0.92064,0.92089,407,21,0
2023-01-27 23:30:00,0.9209,0.92116,0.92065,0.92116,330,26,0
2023-01-30 00:00:00,0.92067,0.92086,0.92065,0.92081,4,172,0
2023-01-30 00:30:00,0.92007,0.92007,0.92007,0.92007,1,172,0
2023-01-30 01:00:00,0.92,0.92104,0.92,0.9207,836,18,0
2023-01-30 01:30:00,0.92077,0.92093,0.92058,0.92058,493,19,0
2023-01-30 02:00:00,0.92058,0.92103,0.92058,0.9206,591,19,0
2023-01-30 02:30:00,0.92063,0.92091,0.92049,0.92073,577,19,0
2023-01-30 03:00:00,0.92074,0.92158,0.92068,0.92137,654,19,0
2023-01-30 03:30:00,0.92135,0.92191,0.921,0.92113,1039,18,0
2023-01-30 04:00:00,0.92114,0.92175,0.92114,0.92141,629,18,0
2023-01-30 04:30:00,0.92142,0.92159,0.92115,0.92125,966,18,0
2023-01-30 05:00:00,0.92123,0.92167,0.92112,0.92126,716,18,0
2023-01-30 05:30:00,0.92127,0.92153,0.92115,0.92117,520,18,0
2023-01-30 06:00:00,0.92117,0.92121,0.92001,0.92075,1763,18,0
2023-01-30 06:30:00,0.92074,0.92085,0.92033,0.92035,1149,18,0
2023-01-30 07:00:00,0.92036,0.92079,0.92024,0.92076,1057,20,0
2023-01-30 07:30:00,0.92078,0.92105,0.92065,0.92067,1058,20,0
2023-01-30 08:00:00,0.92068,0.92132,0.92061,0.92095,913,18,0
2023-01-30 08:30:00,0.92096,0.92157,0.92088,0.92123,954,19,0
2023-01-30 09:00:00,0.92121,0.92291,0.92073,0.92265,1411,18,0
2023-01-30 09:30:00,0.92267,0.92302,0.92222,0.92272,986,19,0
2023-01-30 10:00:00,0.92258,0.92276,0.92078,0.92178,2912,19,0
2023-01-30 10:30:00,0.92178,0.92186,0.92085,0.92175,1719,18,0
2023-01-30 11:00:00,0.92176,0.92213,0.91985,0.92001,1928,18,0
2023-01-30 11:30:00,0.92002,0.92035,0.91916,0.91924,1563,18,0
2023-01-30 12:00:00,0.91923,0.91944,0.91835,0.91845,1776,18,0
2023-01-30 12:30:00,0.91849,0.91886,0.91812,0.91855,1063,19,0
2023-01-30 13:00:00,0.91853,0.91987,0.91849,0.91971,1654,18,0
2023-01-30 13:30:00,0.91972,0.92085,0.9196,0.92053,1492,18,0
2023-01-30 14:00:00,0.92053,0.92064,0.91981,0.92018,1140,18,0
2023-01-30 14:30:00,0.92017,0.92105,0.91986,0.92082,1633,18,0
2023-01-30 15:00:00,0.92081,0.92201,0.92061,0.92155,2330,18,0
2023-01-30 15:30:00,0.92155,0.92253,0.92099,0.92241,2818,18,0
2023-01-30 16:00:00,0.9224,0.92383,0.92236,0.92374,1899,19,0
2023-01-30 16:30:00,0.92375,0.92379,0.92261,0.92285,2994,18,0
2023-01-30 17:00:00,0.92284,0.92317,0.92232,0.92241,2590,18,0
2023-01-30 17:30:00,0.92243,0.92333,0.92196,0.92278,2991,18,0
2023-01-30 18:00:00,0.92277,0.92375,0.92271,0.92349,2023,18,0
2023-01-30 18:30:00,0.9235,0.9235,0.92294,0.92308,1682,18,0
2023-01-30 19:00:00,0.9231,0.92342,0.92287,0.92311,908,18,0
2023-01-30 19:30:00,0.92312,0.92343,0.92239,0.9234,1067,18,0
2023-01-30 20:00:00,0.92346,0.92405,0.92326,0.92383,1183,18,0
2023-01-30 20:30:00,0.92383,0.92422,0.92381,0.9241,1745,18,0
2023-01-30 21:00:00,0.9241,0.92529,0.92396,0.92523,1336,18,0
2023-01-30 21:30:00,0.92524,0.92556,0.92513,0.92536,1137,18,0
2023-01-30 22:00:00,0.92537,0.92537,0.92485,0.92504,682,18,0
2023-01-30 22:30:00,0.92503,0.92524,0.9247,0.92523,722,18,0
2023-01-30 23:00:00,0.92519,0.92534,0.92487,0.92488,390,18,0
2023-01-30 23:30:00,0.92489,0.92503,0.9247,0.92488,237,18,0
2023-01-31 00:00:00,0.92439,0.92447,0.92426,0.9244,15,73,0
2023-01-31 00:30:00,0.92431,0.92482,0.92431,0.92474,54,29,0
2023-01-31 01:00:00,0.92463,0.92553,0.92463,0.92544,433,22,0
2023-01-31 01:30:00,0.92542,0.92548,0.9252,0.92525,342,22,0
2023-01-31 02:00:00,0.92525,0.92533,0.92481,0.92498,812,20,0
2023-01-31 02:30:00,0.92499,0.92514,0.92436,0.9244,931,18,0
2023-01-31 03:00:00,0.92439,0.92468,0.9243,0.92445,739,18,0
2023-01-31 03:30:00,0.92444,0.92464,0.92378,0.92389,783,18,0
2023-01-31 04:00:00,0.9239,0.92427,0.92383,0.92426,890,18,0
2023-01-31 04:30:00,0.92425,0.92449,0.92416,0.92422,750,21,0
2023-01-31 05:00:00,0.92422,0.92465,0.92421,0.9246,720,18,0
2023-01-31 05:30:00,0.92462,0.92491,0.92452,0.92484,510,21,0
2023-01-31 06:00:00,0.92484,0.92533,0.92468,0.92527,436,21,0
2023-01-31 06:30:00,0.92528,0.92537,0.92474,0.92477,539,23,0
2023-01-31 07:00:00,0.92478,0.92513,0.92478,0.92491,397,19,0
2023-01-31 07:30:00,0.92491,0.92569,0.9249,0.92564,656,20,0
2023-01-31 08:00:00,0.9256,0.92579,0.92519,0.9253,976,19,0
2023-01-31 08:30:00,0.92533,0.92557,0.92495,0.92512,926,18,0
2023-01-31 09:00:00,0.92516,0.92569,0.92454,0.92467,1945,18,0
2023-01-31 09:30:00,0.92465,0.92535,0.92463,0.92535,1921,19,0
2023-01-31 10:00:00,0.92533,0.92724,0.92532,0.92677,2998,18,0
2023-01-31 10:30:00,0.92676,0.92864,0.92676,0.92862,2302,18,0
2023-01-31 11:00:00,0.92862,0.92872,0.9278,0.92796,1965,18,0
2023-01-31 11:30:00,0.92795,0.92806,0.92603,0.92655,1777,18,0
2023-01-31 12:00:00,0.92656,0.92792,0.92651,0.92773,1556,18,0
2023-01-31 12:30:00,0.92773,0.92843,0.92748,0.92841,1726,18,0
2023-01-31 13:00:00,0.92844,0.9287,0.92724,0.9283,1519,18,0
2023-01-31 13:30:00,0.9283,0.92841,0.92654,0.92656,1482,18,0
2023-01-31 14:00:00,0.92657,0.92681,0.92575,0.92581,1285,18,0
2023-01-31 14:30:00,0.92582,0.92744,0.92564,0.92696,1614,18,0
2023-01-31 15:00:00,0.92696,0.92719,0.92439,0.92562,2250,18,0
2023-01-31 15:30:00,0.92564,0.92565,0.92311,0.92361,5183,17,0
2023-01-31 16:00:00,0.92361,0.92382,0.92227,0.92272,2786,18,0
2023-01-31 16:30:00,0.92272,0.92398,0.92231,0.92268,3113,18,0
2023-01-31 17:00:00,0.92268,0.92341,0.92164,0.9232,3476,18,0
2023-01-31 17:30:00,0.92316,0.92316,0.9182,0.91828,4449,18,0
2023-01-31 18:00:00,0.91834,0.91968,0.91642,0.9167,3345,18,0
2023-01-31 18:30:00,0.91667,0.91918,0.91645,0.91855,2163,18,0
2023-01-31 19:00:00,0.91849,0.91886,0.91802,0.91864,1461,18,0
2023-01-31 19:30:00,0.91866,0.9188,0.91732,0.91742,1372,18,0
2023-01-31 20:00:00,0.91743,0.91771,0.91659,0.91695,1101,18,0
2023-01-31 20:30:00,0.91694,0.91694,0.91565,0.91578,1065,18,0
2023-01-31 21:00:00,0.91582,0.91583,0.91546,0.91555,836,20,0
2023-01-31 21:30:00,0.91556,0.91574,0.91495,0.91554,1025,18,0
2023-01-31 22:00:00,0.9155,0.9161,0.91543,0.91588,814,18,0
2023-01-31 22:30:00,0.91587,0.91617,0.91525,0.91535,1084,19,0
2023-01-31 23:00:00,0.91534,0.91575,0.91531,0.91568,575,18,0
2023-01-31 23:30:00,0.9157,0.91619,0.91542,0.91575,641,19,0
2023-02-01 00:00:00,0.91542,0.91558,0.91534,0.91551,37,62,0
2023-02-01 00:30:00,0.9155,0.91615,0.91538,0.916,138,18,0
2023-02-01 01:00:00,0.916,0.91622,0.91574,0.91615,780,23,0
2023-02-01 01:30:00,0.91616,0.91638,0.9161,0.9163,577,18,0
2023-02-01 02:00:00,0.9163,0.9166,0.91621,0.91628,514,18,0
2023-02-01 02:30:00,0.91629,0.91651,0.91594,0.91609,468,18,0
2023-02-01 03:00:00,0.91606,0.91662,0.91593,0.91653,652,18,0
2023-02-01 03:30:00,0.91653,0.91665,0.91627,0.91659,542,19,0
2023-02-01 04:00:00,0.91659,0.91695,0.91659,0.91687,397,18,0
2023-02-01 04:30:00,0.91687,0.91717,0.91673,0.91696,500,18,0
2023-02-01 05:00:00,0.91696,0.91705,0.91649,0.91652,480,18,0
2023-02-01 05:30:00,0.91653,0.91659,0.91625,0.91629,266,18,0
2023-02-01 06:00:00,0.9163,0.91634,0.91589,0.916,386,22,0
2023-02-01 06:30:00,0.91601,0.91629,0.91588,0.9161,431,21,0
2023-02-01 07:00:00,0.91611,0.91612,0.91577,0.91604,368,18,0
2023-02-01 07:30:00,0.91604,0.91629,0.91576,0.91613,466,18,0
2023-02-01 08:00:00,0.91614,0.91618,0.91566,0.9158,833,21,0
2023-02-01 08:30:00,0.91581,0.91669,0.91537,0.91592,1132,18,0
2023-02-01 09:00:00,0.91594,0.91652,0.91512,0.91532,2026,19,0
2023-02-01 09:30:00,0.91533,0.91622,0.91512,0.9152,2028,18,0
2023-02-01 10:00:00,0.91519,0.91612,0.91511,0.91521,2066,18,0
2023-02-01 10:30:00,0.9152,0.91619,0.91516,0.91616,1934,18,0
2023-02-01 11:00:00,0.91617,0.91693,0.91594,0.91622,1551,18,0
2023-02-01 11:30:00,0.91621,0.91683,0.91583,0.91592,1710,18,0
2023-02-01 12:00:00,0.91592,0.91627,0.91561,0.91604,1869,18,0
2023-02-01 12:30:00,0.91602,0.9164,0.91567,0.91573,1318,18,0
2023-02-01 13:00:00,0.91573,0.91608,0.9153,0.91601,1308,18,0
2023-02-01 13:30:00,0.916,0.91607,0.91526,0.9157,896,18,0
2023-02-01 14:00:00,0.9157,0.91605,0.91546,0.91572,1049,19,0
2023-02-01 14:30:00,0.91569,0.91626,0.91559,0.91586,1715,18,0
2023-02-01 15:00:00,0.91585,0.91628,0.91422,0.91529,2579,18,0
2023-02-01 15:30:00,0.9153,0.91578,0.91468,0.91515,2430,18,0
2023-02-01 16:00:00,0.91516,0.9159,0.91501,0.91587,1870,18,0
2023-02-01 16:30:00,0.91588,0.91626,0.91545,0.91565,2168,18,0
2023-02-01 17:00:00,0.91703,0.91709,0.91575,0.9158,4331,18,0
2023-02-01 17:30:00,0.91581,0.91601,0.91355,0.91404,3335,18,0
2023-02-01 18:00:00,0.91405,0.91475,0.91374,0.91425,2022,19,0
2023-02-01 18:30:00,0.91425,0.91476,0.91423,0.91465,994,19,0
2023-02-01 19:00:00,0.91465,0.91527,0.91451,0.91519,1182,18,0
2023-02-01 19:30:00,0.91519,0.91612,0.91514,0.91597,1122,18,0
2023-02-01 20:00:00,0.91592,0.91621,0.91535,0.91564,1161,18,0
2023-02-01 20:30:00,0.91564,0.91655,0.91552,0.91593,1475,18,0
2023-02-01 21:00:00,0.91601,0.9182,0.91545,0.91637,5066,19,0
2023-02-01 21:30:00,0.91636,0.91809,0.90835,0.90915,9742,18,0
2023-02-01 22:00:00,0.90918,0.91021,0.90811,0.90817,6105,21,0
2023-02-01 22:30:00,0.90815,0.90874,0.90685,0.90855,2917,21,0
2023-02-01 23:00:00,0.90855,0.90939,0.90826,0.90884,849,20,0
2023-02-01 23:30:00,0.90883,0.90891,0.90808,0.90825,649,18,0
2023-02-02 00:00:00,0.9084,0.9084,0.90837,0.9084,6,92,0
2023-02-02 00:30:00,0.90849,0.90892,0.90807,0.90884,27,126,0
2023-02-02 01:00:00,0.90832,0.90832,0.90577,0.9064,1751,22,0
2023-02-02 01:30:00,0.90639,0.90741,0.90626,0.90715,819,24,0
2023-02-02 02:00:00,0.90715,0.90716,0.90634,0.90673,2059,18,0
2023-02-02 02:30:00,0.90673,0.90674,0.90594,0.90665,1579,18,0
2023-02-02 03:00:00,0.90664,0.90728,0.90648,0.90715,1331,19,0
2023-02-02 03:30:00,0.90716,0.90779,0.90703,0.90734,1129,19,0
2023-02-02 04:00:00,0.90736,0.90742,0.90643,0.90703,1343,20,0
2023-02-02 04:30:00,0.90703,0.90717,0.9066,0.90693,772,19,0
2023-02-02 05:00:00,0.90692,0.90723,0.90663,0.90716,575,21,0
2023-02-02 05:30:00,0.90717,0.90739,0.90715,0.90719,793,21,0
2023-02-02 06:00:00,0.90722,0.90733,0.90699,0.90716,494,19,0
2023-02-02 06:30:00,0.90716,0.90725,0.9065,0.90694,510,22,0
2023-02-02 07:00:00,0.90693,0.90713,0.90671,0.90678,492,21,0
2023-02-02 07:30:00,0.90679,0.90717,0.90676,0.90706,806,22,0
2023-02-02 08:00:00,0.90706,0.90717,0.90681,0.90701,1191,22,0
2023-02-02 08:30:00,0.90705,0.9076,0.90689,0.90748,875,19,0
2023-02-02 09:00:00,0.90747,0.9079,0.90672,0.90768,1608,18,0
2023-02-02 09:30:00,0.90769,0.90793,0.90705,0.90777,1489,18,0
2023-02-02 10:00:00,0.90778,0.90787,0.9066,0.90756,2051,18,0
2023-02-02 10:30:00,0.90757,0.90921,0.90717,0.90836,2420,18,0
2023-02-02 11:00:00,0.9084,0.90992,0.90834,0.90869,2404,19,0
2023-02-02 11:30:00,0.9087,0.90897,0.90749,0.90776,2150,18,0
2023-02-02 12:00:00,0.90775,0.90982,0.90774,0.90964,1720,18,0
2023-02-02 12:30:00,0.90965,0.91063,0.90926,0.91047,1542,19,0
2023-02-02 13:00:00,0.91046,0.91057,0.90917,0.90917,1534,18,0
2023-02-02 13:30:00,0.90918,0.90935,0.90866,0.90918,1881,18,0
2023-02-02 14:00:00,0.90918,0.90937,0.90801,0.90835,3299,18,0
2023-02-02 14:30:00,0.90834,0.90954,0.90806,0.9086,3383,18,0
2023-02-02 15:00:00,0.9086,0.90981,0.90808,0.909,3670,18,0
2023-02-02 15:30:00,0.909,0.91026,0.90793,0.91026,4721,18,0
2023-02-02 16:00:00,0.91024,0.91072,0.90905,0.91015,5381,18,0
2023-02-02 16:30:00,0.91019,0.91262,0.9093,0.91206,5485,18,0
2023-02-02 17:00:00,0.91206,0.91338,0.91076,0.91153,4785,18,0
2023-02-02 17:30:00,0.91152,0.91172,0.90951,0.9096,3606,18,0
2023-02-02 18:00:00,0.90961,0.91081,0.90894,0.91039,3129,18,0
2023-02-02 18:30:00,0.9104,0.91252,0.9104,0.91201,2209,18,0
2023-02-02 19:00:00,0.912,0.91211,0.91079,0.91154,1361,18,0
2023-02-02 19:30:00,0.91153,0.91346,0.91123,0.9133,1401,18,0
2023-02-02 20:00:00,0.91329,0.91377,0.91304,0.9132,1434,18,0
2023-02-02 20:30:00,0.91319,0.91363,0.91253,0.9126,1150,18,0
2023-02-02 21:00:00,0.91261,0.91277,0.91209,0.91257,1652,18,0
2023-02-02 21:30:00,0.91258,0.91358,0.91242,0.91357,2253,18,0
2023-02-02 22:00:00,0.91357,0.91384,0.91331,0.91366,1922,18,0
2023-02-02 22:30:00,0.91365,0.91365,0.91304,0.91339,1375,18,0
2023-02-02 23:00:00,0.91339,0.91367,0.91307,0.91323,1018,18,0
2023-02-02 23:30:00,0.91327,0.91352,0.91296,0.91305,691,18,0
2023-02-03 00:00:00,0.91305,0.91312,0.91213,0.91283,10,28,0
2023-02-03 00:30:00,0.91312,0.9132,0.91271,0.91314,58,38,0
2023-02-03 01:00:00,0.91309,0.91334,0.91305,0.91324,451,24,0
2023-02-03 01:30:00,0.91321,0.91325,0.91304,0.91314,406,23,0
2023-02-03 02:00:00,0.91316,0.91415,0.91316,0.91354,932,19,0
2023-02-03 02:30:00,0.91354,0.91401,0.91348,0.91381,919,18,0
2023-02-03 03:00:00,0.91385,0.91406,0.91361,0.91405,778,18,0
2023-02-03 03:30:00,0.91406,0.91455,0.91395,0.91409,578,20,0
2023-02-03 04:00:00,0.9141,0.91453,0.91394,0.9145,780,18,0
2023-02-03 04:30:00,0.91449,0.91461,0.91421,0.91436,960,18,0
2023-02-03 05:00:00,0.91437,0.91444,0.91399,0.91435,774,18,0
2023-02-03 05:30:00,0.91435,0.91437,0.91381,0.91407,394,20,0
2023-02-03 06:00:00,0.91406,0.91436,0.91389,0.91417,415,18,0
2023-02-03 06:30:00,0.91417,0.91432,0.91405,0.91415,440,18,0
2023-02-03 07:00:00,0.91415,0.91431,0.91407,0.91415,416,21,0
2023-02-03 07:30:00,0.91415,0.91441,0.91377,0.91415,519,21,0
2023-02-03 08:00:00,0.91415,0.91419,0.91384,0.91418,420,20,0
2023-02-03 08:30:00,0.91416,0.91418,0.91381,0.91402,767,19,0
2023-02-03 09:00:00,0.91399,0.91525,0.91353,0.91524,1468,19,0
2023-02-03 09:30:00,0.9153,0.91564,0.91431,0.91432,1663,18,0
2023-02-03 10:00:00,0.91428,0.9163,0.91428,0.91615,2005,18,0
2023-02-03 10:30:00,0.91614,0.9167,0.91564,0.91627,1882,18,0
2023-02-03 11:00:00,0.91623,0.91643,0.91407,0.91409,2319,18,0
2023-02-03 11:30:00,0.91403,0.91415,0.91251,0.91279,1675,18,0
2023-02-03 12:00:00,0.91281,0.91347,0.91251,0.91324,1193,18,0
2023-02-03 12:30:00,0.91324,0.91341,0.91289,0.91289,1308,18,0
2023-02-03 13:00:00,0.9129,0.91339,0.91277,0.91323,1064,18,0
2023-02-03 13:30:00,0.91332,0.91353,0.91286,0.91323,981,19,0
2023-02-03 14:00:00,0.91322,0.91334,0.9129,0.9129,937,18,0
2023-02-03 14:30:00,0.91291,0.91329,0.91258,0.91316,1308,18,0
2023-02-03 15:00:00,0.91318,0.91452,0.91273,0.91385,1817,18,0
2023-02-03 15:30:00,0.91385,0.92327,0.91385,0.92286,8913,18,0
2023-02-03 16:00:00,0.92284,0.92388,0.92241,0.9238,5228,18,0
2023-02-03 16:30:00,0.92382,0.92432,0.92241,0.92292,4819,18,0
2023-02-03 17:00:00,0.9245,0.92686,0.92213,0.92363,7468,18,0
2023-02-03 17:30:00,0.92362,0.92427,0.92208,0.92263,5536,18,0
2023-02-03 18:00:00,0.92263,0.92383,0.92214,0.92358,3447,18,0
2023-02-03 18:30:00,0.92357,0.92502,0.92336,0.92491,3097,18,0
2023-02-03 19:00:00,0.92492,0.92509,0.92425,0.92485,1775,18,0
2023-02-03 19:30:00,0.92486,0.92498,0.92373,0.92432,1458,18,0
2023-02-03 20:00:00,0.92433,0.92556,0.92426,0.92519,1558,18,0
2023-02-03 20:30:00,0.92519,0.92586,0.92517,0.92529,1302,18,0
2023-02-03 21:00:00,0.9253,0.9258,0.92505,0.92559,1218,18,0
2023-02-03 21:30:00,0.92559,0.92587,0.92514,0.92544,1513,18,0
2023-02-03 22:00:00,0.92544,0.92606,0.92542,0.92589,1037,20,0
2023-02-03 22:30:00,0.92588,0.92628,0.9257,0.92614,1248,19,0
2023-02-03 23:00:00,0.92614,0.92631,0.92539,0.92546,1165,20,0
2023-02-03 23:30:00,0.92543,0.92605,0.92534,0.92577,707,22,0
2023-02-06 00:00:00,0.92694,0.92727,0.92628,0.92671,8,53,0
2023-02-06 00:30:00,0.92671,0.92671,0.92662,0.92662,2,98,0
2023-02-06 01:00:00,0.92556,0.92653,0.92507,0.92542,1668,20,0
2023-02-06 01:30:00,0.92542,0.92668,0.92534,0.92643,1424,18,0
2023-02-06 02:00:00,0.92644,0.92712,0.9261,0.92682,1305,19,0
2023-02-06 02:30:00,0.92682,0.92745,0.9267,0.92682,1053,18,0
2023-02-06 03:00:00,0.92682,0.92719,0.92614,0.92643,885,18,0
2023-02-06 03:30:00,0.92643,0.92675,0.9262,0.92664,743,20,0
2023-02-06 04:00:00,0.92664,0.92678,0.92606,0.92621,816,19,0
2023-02-06 04:30:00,0.92621,0.92642,0.92523,0.92585,1033,20,0
2023-02-06 05:00:00,0.92587,0.92595,0.92507,0.92524,899,20,0
2023-02-06 05:30:00,0.92524,0.92601,0.92507,0.92589,633,18,0
2023-02-06 06:00:00,0.92591,0.92596,0.92502,0.92514,801,18,0
2023-02-06 06:30:00,0.92514,0.9255,0.925,0.92524,790,18,0
2023-02-06 07:00:00,0.92525,0.92548,0.92508,0.92548,640,21,0
2023-02-06 07:30:00,0.92549,0.9257,0.92486,0.92491,814,20,0
2023-02-06 08:00:00,0.92493,0.92522,0.9247,0.92507,531,21,0
2023-02-06 08:30:00,0.92509,0.92555,0.92468,0.92496,658,21,0
2023-02-06 09:00:00,0.92494,0.92533,0.92462,0.92514,1299,20,0
2023-02-06 09:30:00,0.92513,0.92612,0.92513,0.92611,1354,18,0
2023-02-06 10:00:00,0.92611,0.92671,0.92512,0.9263,2296,18,0
2023-02-06 10:30:00,0.92631,0.92635,0.92358,0.92371,2155,18,0
2023-02-06 11:00:00,0.92369,0.92382,0.92291,0.92361,1883,18,0
2023-02-06 11:30:00,0.9236,0.92369,0.92263,0.92351,1927,19,0
2023-02-06 12:00:00,0.92351,0.9258,0.9235,0.92567,1833,18,0
2023-02-06 12:30:00,0.92566,0.92663,0.92545,0.92627,1636,18,0
2023-02-06 13:00:00,0.92626,0.92714,0.92623,0.92696,870,18,0
2023-02-06 13:30:00,0.92693,0.92709,0.92614,0.92634,1222,19,0
2023-02-06 14:00:00,0.92635,0.92649,0.92537,0.92538,1275,18,0
2023-02-06 14:30:00,0.92539,0.92546,0.92424,0.92456,1091,18,0
2023-02-06 15:00:00,0.92457,0.92541,0.92431,0.92487,2136,18,0
2023-02-06 15:30:00,0.92485,0.92603,0.92463,0.92583,2648,18,0
2023-02-06 16:00:00,0.92584,0.92747,0.92548,0.92725,2246,18,0
2023-02-06 16:30:00,0.92724,0.92791,0.92595,0.92737,3567,18,0
2023-02-06 17:00:00,0.92736,0.9278,0.92696,0.92723,2963,18,0
2023-02-06 17:30:00,0.92728,0.929,0.92702,0.92811,2720,18,0
2023-02-06 18:00:00,0.92813,0.92847,0.92709,0.92734,2645,18,0
2023-02-06 18:30:00,0.92733,0.92803,0.92699,0.92778,1428,18,0
2023-02-06 19:00:00,0.92783,0.92842,0.92758,0.92834,1244,19,0
2023-02-06 19:30:00,0.92834,0.92864,0.92781,0.92849,1054,18,0
2023-02-06 20:00:00,0.92849,0.92857,0.92798,0.92833,1144,18,0
2023-02-06 20:30:00,0.92833,0.92843,0.92789,0.9279,698,18,0
2023-02-06 21:00:00,0.92791,0.92814,0.9268,0.92692,999,18,0
2023-02-06 21:30:00,0.92693,0.92812,0.92691,0.92803,742,19,0
2023-02-06 22:00:00,0.92804,0.92836,0.92781,0.92819,789,19,0
2023-02-06 22:30:00,0.92816,0.92881,0.92784,0.92794,1401,18,0
2023-02-06 23:00:00,0.92795,0.9286,0.92783,0.92822,443,20,0
2023-02-06 23:30:00,0.92823,0.92829,0.92803,0.92809,188,19,0
2023-02-07 00:00:00,0.92808,0.92808,0.92739,0.92757,174,35,0
2023-02-07 00:30:00,0.92771,0.9279,0.92722,0.92722,106,33,0
2023-02-07 01:00:00,0.92711,0.928,0.92696,0.9279,844,21,0
2023-02-07 01:30:00,0.92792,0.92812,0.92772,0.92797,406,21,0
2023-02-07 02:00:00,0.92793,0.92793,0.92719,0.92732,603,18,0
2023-02-07 02:30:00,0.9274,0.92754,0.92709,0.92734,717,18,0
2023-02-07 03:00:00,0.92736,0.92742,0.92684,0.92686,618,19,0
2023-02-07 03:30:00,0.92684,0.927,0.92623,0.9264,894,20,0
2023-02-07 04:00:00,0.92641,0.92667,0.92633,0.92639,652,21,0
2023-02-07 04:30:00,0.9264,0.92664,0.92624,0.92635,791,18,0
2023-02-07 05:00:00,0.92634,0.92658,0.92628,0.92636,703,20,0
2023-02-07 05:30:00,0.92636,0.9268,0.92613,0.92673,1266,18,0
2023-02-07 06:00:00,0.92673,0.92692,0.9266,0.92682,453,22,0
2023-02-07 06:30:00,0.92681,0.92721,0.92675,0.92682,368,22,0
2023-02-07 07:00:00,0.92683,0.92694,0.92662,0.92675,406,18,0
2023-02-07 07:30:00,0.92674,0.9268,0.92641,0.92647,485,19,0
2023-02-07 08:00:00,0.92649,0.92662,0.92597,0.92613,649,22,0
2023-02-07 08:30:00,0.92613,0.92625,0.92575,0.92605,980,19,0
2023-02-07 09:00:00,0.92606,0.92687,0.92584,0.92648,1179,20,0
2023-02-07 09:30:00,0.9265,0.9269,0.92602,0.92632,1378,19,0
2023-02-07 10:00:00,0.92632,0.92886,0.9261,0.92753,2804,18,0
2023-02-07 10:30:00,0.9275,0.92779,0.92656,0.92719,2462,19,0
2023-02-07 11:00:00,0.92715,0.92718,0.92416,0.92511,2228,18,0
2023-02-07 11:30:00,0.92509,0.92617,0.92464,0.92607,1863,18,0
2023-02-07 12:00:00,0.92606,0.92606,0.92447,0.92482,1538,18,0
2023-02-07 12:30:00,0.92482,0.92628,0.9247,0.92616,1478,18,0
2023-02-07 13:00:00,0.92617,0.92678,0.92603,0.92603,1059,18,0
2023-02-07 13:30:00,0.92602,0.92728,0.92601,0.92715,1647,18,0
2023-02-07 14:00:00,0.92714,0.92717,0.92497,0.92507,1632,18,0
2023-02-07 14:30:00,0.92508,0.92603,0.9247,0.92479,1741,18,0
2023-02-07 15:00:00,0.9248,0.92656,0.92466,0.92632,2240,18,0
2023-02-07 15:30:00,0.92631,0.92679,0.92521,0.92554,2596,18,0
2023-02-07 16:00:00,0.92554,0.92605,0.92505,0.92573,2352,18,0
2023-02-07 16:30:00,0.92573,0.927,0.92537,0.92659,2985,18,0
2023-02-07 17:00:00,0.92658,0.92714,0.92561,0.92597,2611,18,0
2023-02-07 17:30:00,0.92599,0.92613,0.92324,0.92329,3801,18,0
2023-02-07 18:00:00,0.92328,0.92381,0.92286,0.92352,2733,18,0
2023-02-07 18:30:00,0.92351,0.92417,0.9229,0.92382,2563,18,0
2023-02-07 19:00:00,0.92386,0.92409,0.92341,0.92391,1511,18,0
2023-02-07 19:30:00,0.92392,0.92447,0.91907,0.9196,7394,18,0
2023-02-07 20:00:00,0.91962,0.92371,0.91918,0.9236,8606,18,0
2023-02-07 20:30:00,0.9236,0.92485,0.92323,0.92353,5644,18,0
2023-02-07 21:00:00,0.92355,0.92388,0.92252,0.92281,3190,18,0
2023-02-07 21:30:00,0.92278,0.92291,0.9217,0.9225,2404,18,0
2023-02-07 22:00:00,0.92246,0.92345,0.92227,0.92267,1352,19,0
2023-02-07 22:30:00,0.92268,0.92268,0.92162,0.92179,1726,18,0
2023-02-07 23:00:00,0.92181,0.92227,0.92181,0.92212,604,20,0
2023-02-07 23:30:00,0.92214,0.92214,0.92141,0.92179,529,20,0
2023-02-08 00:00:00,0.92181,0.92181,0.92181,0.92181,2,69,0
2023-02-08 00:30:00,0.92127,0.9215,0.92123,0.92123,5,99,0
2023-02-08 01:00:00,0.92115,0.92202,0.92115,0.92183,365,25,0
2023-02-08 01:30:00,0.92183,0.92198,0.92153,0.92157,184,20,0
2023-02-08 02:00:00,0.92156,0.92179,0.92131,0.92174,639,20,0
2023-02-08 02:30:00,0.92174,0.92178,0.92124,0.92132,670,21,0
2023-02-08 03:00:00,0.92136,0.92214,0.92107,0.92179,814,18,0
2023-02-08 03:30:00,0.92178,0.92207,0.92139,0.92204,1122,19,0
2023-02-08 04:00:00,0.92205,0.92225,0.92172,0.92204,708,20,0
2023-02-08 04:30:00,0.92206,0.92211,0.92187,0.92191,486,18,0
2023-02-08 05:00:00,0.9219,0.92205,0.92168,0.92179,509,18,0
2023-02-08 05:30:00,0.92178,0.92193,0.92146,0.92167,786,19,0
2023-02-08 06:00:00,0.92167,0.92186,0.9215,0.92155,832,20,0
2023-02-08 06:30:00,0.92156,0.92179,0.9214,0.92143,412,19,0
2023-02-08 07:00:00,0.92146,0.92184,0.92146,0.9218,296,18,0
2023-02-08 07:30:00,0.92184,0.922,0.92142,0.92157,328,20,0
2023-02-08 08:00:00,0.92157,0.92174,0.92125,0.9214,585,20,0
2023-02-08 08:30:00,0.9214,0.92186,0.92122,0.92185,693,19,0
2023-02-08 09:00:00,0.92183,0.92216,0.92087,0.92103,1392,19,0
2023-02-08 09:30:00,0.92103,0.92121,0.91868,0.91883,1921,19,0
2023-02-08 10:00:00,0.91883,0.91994,0.91813,0.91859,2583,18,0
2023-02-08 10:30:00,0.9186,0.91906,0.91776,0.91856,2277,18,0
2023-02-08 11:00:00,0.91855,0.91881,0.91771,0.9186,1992,18,0
2023-02-08 11:30:00,0.91859,0.91886,0.91775,0.91793,1790,18,0
2023-02-08 12:00:00,0.91793,0.91951,0.91781,0.91917,1747,18,0
2023-02-08 12:30:00,0.91916,0.91937,0.91883,0.9191,1368,18,0
2023-02-08 13:00:00,0.91911,0.91982,0.91881,0.91929,1276,18,0
2023-02-08 13:30:00,0.91929,0.91939,0.91864,0.91938,1174,18,0
2023-02-08 14:00:00,0.91938,0.91938,0.91854,0.91872,1269,19,0
2023-02-08 14:30:00,0.91873,0.92041,0.91841,0.92017,1376,18,0
2023-02-08 15:00:00,0.92018,0.92113,0.92002,0.92083,2414,18,0
2023-02-08 15:30:00,0.92082,0.92109,0.91956,0.91963,1713,18,0
2023-02-08 16:00:00,0.91962,0.92039,0.9186,0.92035,2767,18,0
2023-02-08 16:30:00,0.92036,0.92108,0.91959,0.92026,4099,18,0
2023-02-08 17:00:00,0.92027,0.92155,0.92026,0.92139,3817,18,0
2023-02-08 17:30:00,0.92141,0.92162,0.92061,0.92061,3115,18,0
2023-02-08 18:00:00,0.9206,0.92108,0.91954,0.92087,2784,18,0
2023-02-08 18:30:00,0.92088,0.92099,0.91966,0.91981,1763,18,0
2023-02-08 19:00:00,0.91981,0.91999,0.91926,0.9195,1215,18,0
2023-02-08 19:30:00,0.91953,0.9203,0.91944,0.91996,1038,18,0
2023-02-08 20:00:00,0.91995,0.92009,0.9189,0.91968,1988,18,0
2023-02-08 20:30:00,0.9197,0.92006,0.91945,0.91948,1525,18,0
2023-02-08 21:00:00,0.91949,0.91992,0.91937,0.91987,943,19,0
2023-02-08 21:30:00,0.91989,0.92028,0.91962,0.92007,778,19,0
2023-02-08 22:00:00,0.9201,0.92105,0.91997,0.92103,929,18,0
2023-02-08 22:30:00,0.92103,0.92105,0.92052,0.92077,825,19,0
2023-02-08 23:00:00,0.92078,0.92109,0.92065,0.92093,344,18,0
2023-02-08 23:30:00,0.92092,0.92096,0.9207,0.9208,422,18,0
2023-02-09 00:00:00,0.92079,0.92082,0.92046,0.92082,9,30,0
2023-02-09 00:30:00,0.92021,0.92066,0.91967,0.91997,40,72,0
2023-02-09 01:00:00,0.91977,0.92105,0.91977,0.92068,570,18,0
2023-02-09 01:30:00,0.92066,0.92092,0.92052,0.92082,203,18,0
2023-02-09 02:00:00,0.92083,0.92085,0.92041,0.92055,288,21,0
2023-02-09 02:30:00,0.92059,0.92107,0.92059,0.92099,611,18,0
2023-02-09 03:00:00,0.92102,0.92176,0.92082,0.92113,743,18,0
2023-02-09 03:30:00,0.92112,0.92118,0.9204,0.92053,950,20,0
2023-02-09 04:00:00,0.92052,0.92059,0.92008,0.92024,587,21,0
2023-02-09 04:30:00,0.92025,0.92038,0.91986,0.92013,799,18,0
2023-02-09 05:00:00,0.92008,0.92039,0.91993,0.92001,553,18,0
2023-02-09 05:30:00,0.92002,0.92012,0.91984,0.9201,499,22,0
2023-02-09 06:00:00,0.92011,0.92012,0.9198,0.91994,567,21,0
2023-02-09 06:30:00,0.91995,0.92014,0.91963,0.91966,637,21,0
2023-02-09 07:00:00,0.91967,0.91971,0.91935,0.91963,356,18,0
2023-02-09 07:30:00,0.91962,0.92017,0.91884,0.91939,1268,18,0
2023-02-09 08:00:00,0.91937,0.91979,0.91848,0.91857,1180,19,0
2023-02-09 08:30:00,0.91858,0.91909,0.91856,0.91879,925,20,0
2023-02-09 09:00:00,0.91876,0.91948,0.91858,0.91889,1640,20,0
2023-02-09 09:30:00,0.9189,0.91983,0.91875,0.91916,1378,18,0
2023-02-09 10:00:00,0.91917,0.9192,0.91733,0.91767,2075,18,0
2023-02-09 10:30:00,0.91769,0.91887,0.91709,0.9185,1788,18,0
2023-02-09 11:00:00,0.91849,0.91921,0.91789,0.91908,1878,18,0
2023-02-09 11:30:00,0.91908,0.91922,0.91825,0.91828,1395,18,0
2023-02-09 12:00:00,0.91827,0.91875,0.91802,0.91818,1252,20,0
2023-02-09 12:30:00,0.91818,0.91841,0.91715,0.91771,1527,19,0
2023-02-09 13:00:00,0.91772,0.91962,0.9177,0.91932,1123,18,0
2023-02-09 13:30:00,0.91934,0.92004,0.91886,0.91937,1215,18,0
2023-02-09 14:00:00,0.91938,0.91951,0.91805,0.91827,1139,18,0
2023-02-09 14:30:00,0.91821,0.91878,0.91795,0.91799,1362,18,0
2023-02-09 15:00:00,0.91798,0.91866,0.91785,0.91861,1900,19,0
2023-02-09 15:30:00,0.91861,0.91864,0.91599,0.91604,2692,18,0
2023-02-09 16:00:00,0.91597,0.91732,0.91592,0.91642,2295,18,0
2023-02-09 16:30:00,0.91641,0.9183,0.91634,0.91799,3229,18,0
2023-02-09 17:00:00,0.918,0.91872,0.91728,0.91865,2987,18,0
2023-02-09 17:30:00,0.91864,0.91941,0.91835,0.91897,2806,18,0
2023-02-09 18:00:00,0.91896,0.92019,0.91894,0.91978,2364,18,0
2023-02-09 18:30:00,0.91979,0.9203,0.9191,0.91912,1565,18,0
2023-02-09 19:00:00,0.91913,0.92001,0.91913,0.91947,1321,18,0
2023-02-09 19:30:00,0.91948,0.92103,0.91947,0.9201,1572,18,0
2023-02-09 20:00:00,0.92011,0.92112,0.91995,0.92103,2166,18,0
2023-02-09 20:30:00,0.92101,0.92166,0.92069,0.92145,1152,19,0
2023-02-09 21:00:00,0.92149,0.92212,0.92107,0.92197,2088,18,0
2023-02-09 21:30:00,0.92196,0.92241,0.92195,0.92227,1622,18,0
2023-02-09 22:00:00,0.92228,0.92252,0.92194,0.92248,1415,18,0
2023-02-09 22:30:00,0.92254,0.92275,0.92221,0.92262,1706,18,0
2023-02-09 23:00:00,0.92262,0.92263,0.92225,0.92245,510,18,0
2023-02-09 23:30:00,0.92245,0.92245,0.92199,0.922,382,18,0
2023-02-10 00:00:00,0.92197,0.92206,0.9216,0.92204,13,37,0
2023-02-10 00:30:00,0.92158,0.92221,0.92146,0.92191,227,25,0
2023-02-10 01:00:00,0.92191,0.92226,0.92187,0.92203,704,19,0
2023-02-10 01:30:00,0.92203,0.92214,0.92185,0.92202,188,19,0
2023-02-10 02:00:00,0.92201,0.92304,0.922,0.92302,559,20,0
2023-02-10 02:30:00,0.92302,0.92302,0.92233,0.92233,545,21,0
2023-02-10 03:00:00,0.92234,0.92265,0.92208,0.92244,871,20,0
2023-02-10 03:30:00,0.92244,0.92308,0.92233,0.92243,1030,18,0
2023-02-10 04:00:00,0.92248,0.92295,0.92232,0.92252,903,19,0
2023-02-10 04:30:00,0.92252,0.92307,0.9223,0.923,817,19,0
2023-02-10 05:00:00,0.92299,0.92353,0.92285,0.92349,927,19,0
2023-02-10 05:30:00,0.92348,0.92366,0.92337,0.92349,717,18,0
2023-02-10 06:00:00,0.92347,0.92361,0.92291,0.92307,830,19,0
2023-02-10 06:30:00,0.92308,0.92349,0.92292,0.92342,722,19,0
2023-02-10 07:00:00,0.92343,0.92345,0.9229,0.92313,851,18,0
2023-02-10 07:30:00,0.92312,0.92322,0.92271,0.92272,956,20,0
2023-02-10 08:00:00,0.92273,0.92277,0.92221,0.92256,921,21,0
2023-02-10 08:30:00,0.92256,0.92279,0.9222,0.92224,724,20,0
2023-02-10 09:00:00,0.92223,0.9227,0.92073,0.92184,2472,19,0
2023-02-10 09:30:00,0.92183,0.92283,0.92112,0.92143,3191,18,0
2023-02-10 10:00:00,0.92142,0.922,0.91972,0.92162,3551,18,0
2023-02-10 10:30:00,0.92161,0.92312,0.92135,0.92171,2944,18,0
2023-02-10 11:00:00,0.92171,0.92427,0.92132,0.92307,3587,18,0
2023-02-10 11:30:00,0.92308,0.92329,0.92209,0.92287,2855,19,0
2023-02-10 12:00:00,0.92288,0.9242,0.92267,0.92296,1905,19,0
2023-02-10 12:30:00,0.92296,0.92309,0.92208,0.92261,1476,19,0
2023-02-10 13:00:00,0.92262,0.92351,0.92244,0.92346,1346,18,0
2023-02-10 13:30:00,0.92345,0.92345,0.92253,0.92275,1198,18,0
2023-02-10 14:00:00,0.92271,0.92306,0.92251,0.92294,1268,19,0
2023-02-10 14:30:00,0.92294,0.92407,0.92273,0.92398,1302,18,0
2023-02-10 15:00:00,0.92397,0.92429,0.92287,0.92297,1960,18,0
2023-02-10 15:30:00,0.92301,0.92411,0.92256,0.92307,3204,18,0
2023-02-10 16:00:00,0.92313,0.92345,0.92273,0.92308,2184,18,0
2023-02-10 16:30:00,0.92308,0.9243,0.92255,0.92352,3183,18,0
2023-02-10 17:00:00,0.9237,0.92452,0.92215,0.92305,4864,18,0
2023-02-10 17:30:00,0.92306,0.92431,0.92252,0.92392,3181,18,0
2023-02-10 18:00:00,0.92392,0.92443,0.92314,0.92441,2109,18,0
2023-02-10 18:30:00,0.9244,0.92476,0.92386,0.92454,2213,18,0
2023-02-10 19:00:00,0.92454,0.92485,0.92424,0.92474,1313,18,0
2023-02-10 19:30:00,0.92475,0.92495,0.9244,0.92469,1187,18,0
2023-02-10 20:00:00,0.92469,0.92474,0.92389,0.92419,993,18,0
2023-02-10 20:30:00,0.92423,0.92483,0.92401,0.92482,564,18,0
2023-02-10 21:00:00,0.92482,0.9252,0.92444,0.92446,791,20,0
2023-02-10 21:30:00,0.92445,0.92457,0.92407,0.92427,866,19,0
2023-02-10 22:00:00,0.92428,0.92435,0.92391,0.92403,695,20,0
2023-02-10 22:30:00,0.92404,0.92417,0.92358,0.92369,654,20,0
2023-02-10 23:00:00,0.9237,0.92385,0.92344,0.92355,350,19,0
2023-02-10 23:30:00,0.92354,0.92381,0.92344,0.92358,514,23,0
2023-02-13 00:00:00,0.92304,0.92304,0.92304,0.92304,1,167,0
2023-02-13 00:30:00,0.92327,0.92327,0.9229,0.9229,3,167,0
2023-02-13 01:00:00,0.92312,0.92394,0.92312,0.92384,277,21,0
2023-02-13 01:30:00,0.92383,0.92415,0.92348,0.92373,497,25,0
2023-02-13 02:00:00,0.92373,0.92451,0.92354,0.92434,617,22,0
2023-02-13 02:30:00,0.92435,0.92462,0.92391,0.92439,591,21,0
2023-02-13 03:00:00,0.92439,0.92561,0.92417,0.92553,828,18,0
2023-02-13 03:30:00,0.92554,0.92586,0.92498,0.92508,862,19,0
2023-02-13 04:00:00,0.92508,0.92535,0.92487,0.92526,675,18,0
2023-02-13 04:30:00,0.92527,0.92577,0.92501,0.92524,453,19,0
2023-02-13 05:00:00,0.92523,0.92547,0.92512,0.92517,662,21,0
2023-02-13 05:30:00,0.92518,0.92562,0.92511,0.92558,839,20,0
2023-02-13 06:00:00,0.92557,0.92558,0.92533,0.92534,702,21,0
2023-02-13 06:30:00,0.92535,0.92548,0.92517,0.92533,544,18,0
2023-02-13 07:00:00,0.92533,0.92559,0.92518,0.92526,674,19,0
2023-02-13 07:30:00,0.92525,0.92575,0.92518,0.92531,789,18,0
2023-02-13 08:00:00,0.92532,0.9254,0.92455,0.92478,922,19,0
2023-02-13 08:30:00,0.92478,0.92478,0.92413,0.9247,1005,20,0
2023-02-13 09:00:00,0.92465,0.92479,0.92201,0.92201,1599,19,0
2023-02-13 09:30:00,0.92197,0.92327,0.9218,0.92224,1596,18,0
2023-02-13 10:00:00,0.92224,0.92447,0.92211,0.92421,2072,18,0
2023-02-13 10:30:00,0.92422,0.92485,0.92365,0.92483,1646,18,0
2023-02-13 11:00:00,0.92484,0.92498,0.92379,0.92436,1808,19,0
2023-02-13 11:30:00,0.92435,0.92503,0.92303,0.92318,1816,18,0
2023-02-13 12:00:00,0.92318,0.92335,0.92228,0.92236,1106,18,0
2023-02-13 12:30:00,0.92238,0.92334,0.92211,0.92298,1052,18,0
2023-02-13 13:00:00,0.92298,0.92332,0.92271,0.9228,877,18,0
2023-02-13 13:30:00,0.9228,0.92292,0.92229,0.92267,1062,18,0
2023-02-13 14:00:00,0.92268,0.9229,0.92119,0.9217,1510,18,0
2023-02-13 14:30:00,0.9217,0.92176,0.92089,0.92111,1722,18,0
2023-02-13 15:00:00,0.92112,0.92245,0.92062,0.92237,2156,19,0
2023-02-13 15:30:00,0.92238,0.92311,0.92205,0.92292,1962,18,0
2023-02-13 16:00:00,0.92291,0.92332,0.92225,0.92278,1765,18,0
2023-02-13 16:30:00,0.92277,0.92303,0.92034,0.92044,3226,18,0
2023-02-13 17:00:00,0.92044,0.92104,0.91982,0.92095,2808,18,0
2023-02-13 17:30:00,0.92092,0.92127,0.92029,0.92096,2537,18,0
2023-02-13 18:00:00,0.92099,0.92188,0.92069,0.92096,1769,18,0
2023-02-13 18:30:00,0.92095,0.92138,0.92027,0.92067,1041,18,0
2023-02-13 19:00:00,0.92067,0.92071,0.9203,0.92038,726,19,0
2023-02-13 19:30:00,0.92039,0.92051,0.91989,0.92018,992,18,0
2023-02-13 20:00:00,0.92019,0.92052,0.91975,0.91976,555,18,0
2023-02-13 20:30:00,0.91975,0.91975,0.91902,0.91938,808,18,0
2023-02-13 21:00:00,0.91938,0.91994,0.91934,0.91982,596,19,0
2023-02-13 21:30:00,0.91982,0.9201,0.9195,0.91994,774,21,0
2023-02-13 22:00:00,0.91994,0.9202,0.91977,0.91994,948,19,0
2023-02-13 22:30:00,0.91994,0.91994,0.91923,0.91928,639,18,0
2023-02-13 23:00:00,0.91928,0.91952,0.91908,0.91952,263,18,0
2023-02-13 23:30:00,0.91951,0.91957,0.91906,0.91908,452,19,0
2023-02-14 00:00:00,0.91905,0.91911,0.91905,0.91911,2,60,0
2023-02-14 00:30:00,0.91903,0.91933,0.919,0.919,21,40,0
2023-02-14 01:00:00,0.919,0.91937,0.919,0.9191,1458,31,0
2023-02-14 01:30:00,0.91911,0.91911,0.91857,0.91863,510,22,0
2023-02-14 02:00:00,0.91864,0.91874,0.91821,0.91837,982,20,0
2023-02-14 02:30:00,0.91836,0.91857,0.91803,0.9181,1104,18,0
2023-02-14 03:00:00,0.91809,0.91848,0.91781,0.91821,1455,19,0
2023-02-14 03:30:00,0.9182,0.91868,0.91811,0.9183,1218,19,0
2023-02-14 04:00:00,0.91829,0.91874,0.91808,0.91862,1169,21,0
2023-02-14 04:30:00,0.91861,0.91866,0.91811,0.91824,1404,19,0
2023-02-14 05:00:00,0.91824,0.91841,0.91805,0.91827,1000,19,0
2023-02-14 05:30:00,0.91826,0.91832,0.91787,0.91811,1726,19,0
2023-02-14 06:00:00,0.9181,0.91832,0.9178,0.91808,520,20,0
2023-02-14 06:30:00,0.91807,0.91816,0.91786,0.91786,449,19,0
2023-02-14 07:00:00,0.91787,0.91794,0.91765,0.91785,763,19,0
2023-02-14 07:30:00,0.91784,0.9181,0.91771,0.91778,978,20,0
2023-02-14 08:00:00,0.91777,0.91808,0.91761,0.91794,774,20,0
2023-02-14 08:30:00,0.91792,0.91798,0.9174,0.9178,768,19,0
2023-02-14 09:00:00,0.91777,0.91801,0.91711,0.91781,1513,19,0
2023-02-14 09:30:00,0.9178,0.91852,0.91727,0.91816,1929,19,0
2023-02-14 10:00:00,0.91817,0.91843,0.91731,0.91754,2665,18,0
2023-02-14 10:30:00,0.91754,0.9182,0.91613,0.9163,1773,18,0
2023-02-14 11:00:00,0.91625,0.91735,0.91603,0.91614,2011,18,0
2023-02-14 11:30:00,0.91613,0.91639,0.9157,0.91623,1370,18,0
2023-02-14 12:00:00,0.91626,0.91914,0.91585,0.91903,1551,18,0
2023-02-14 12:30:00,0.919,0.9194,0.91848,0.91887,1489,18,0
2023-02-14 13:00:00,0.91889,0.91925,0.9186,0.91865,1181,18,0
2023-02-14 13:30:00,0.91866,0.91889,0.91762,0.91841,1361,18,0
2023-02-14 14:00:00,0.91842,0.91855,0.91736,0.91741,1798,19,0
2023-02-14 14:30:00,0.91742,0.9177,0.91588,0.91733,1756,18,0
2023-02-14 15:00:00,0.91733,0.91802,0.91644,0.91678,2665,18,0
2023-02-14 15:30:00,0.91677,0.92018,0.91362,0.91769,10552,18,0
2023-02-14 16:00:00,0.91766,0.92236,0.91655,0.9221,8340,18,0
2023-02-14 16:30:00,0.92209,0.92332,0.91799,0.91884,8142,18,0
2023-02-14 17:00:00,0.91884,0.91939,0.91699,0.91921,5380,18,0
2023-02-14 17:30:00,0.9192,0.92287,0.91877,0.92222,4824,18,0
2023-02-14 18:00:00,0.92219,0.92268,0.92092,0.92249,4518,18,0
2023-02-14 18:30:00,0.92249,0.92306,0.92191,0.92243,3953,18,0
2023-02-14 19:00:00,0.92243,0.92255,0.92166,0.92235,2739,18,0
2023-02-14 19:30:00,0.92235,0.92264,0.92181,0.92182,1804,18,0
2023-02-14 20:00:00,0.92183,0.92187,0.92015,0.92117,2629,19,0
2023-02-14 20:30:00,0.92116,0.92166,0.92076,0.92146,1564,18,0
2023-02-14 21:00:00,0.92146,0.92223,0.92145,0.92186,1851,18,0
2023-02-14 21:30:00,0.92186,0.92188,0.92117,0.92132,1551,18,0
2023-02-14 22:00:00,0.92129,0.92171,0.92125,0.92144,1228,20,0
2023-02-14 22:30:00,0.92145,0.92164,0.92103,0.92141,1536,18,0
2023-02-14 23:00:00,0.92141,0.92166,0.92124,0.92149,459,18,0
2023-02-14 23:30:00,0.92148,0.92165,0.92134,0.92136,260,19,0
2023-02-15 00:00:00,0.92132,0.92132,0.92046,0.92046,2,72,0
2023-02-15 00:30:00,0.92064,0.92143,0.92064,0.92093,135,53,0
2023-02-15 01:00:00,0.92097,0.92171,0.92089,0.92141,373,23,0
2023-02-15 01:30:00,0.9214,0.92151,0.92114,0.92147,221,21,0
2023-02-15 02:00:00,0.92146,0.92189,0.92119,0.92126,502,19,0
2023-02-15 02:30:00,0.92128,0.92182,0.92127,0.92173,697,18,0
2023-02-15 03:00:00,0.92172,0.92183,0.92139,0.92153,629,20,0
2023-02-15 03:30:00,0.92153,0.92197,0.92145,0.92185,524,18,0
2023-02-15 04:00:00,0.92183,0.92268,0.92178,0.92251,1056,20,0
2023-02-15 04:30:00,0.92251,0.92285,0.92231,0.92249,1217,20,0
2023-02-15 05:00:00,0.9225,0.92261,0.92225,0.92254,1118,20,0
2023-02-15 05:30:00,0.92255,0.92332,0.92251,0.92324,616,21,0
2023-02-15 06:00:00,0.92322,0.92345,0.92279,0.92289,657,19,0
2023-02-15 06:30:00,0.92289,0.92313,0.92274,0.92285,582,19,0
2023-02-15 07:00:00,0.92286,0.92351,0.92266,0.9235,786,20,0
2023-02-15 07:30:00,0.92349,0.92383,0.92327,0.92366,708,18,0
2023-02-15 08:00:00,0.92367,0.92372,0.92308,0.92344,1072,20,0
2023-02-15 08:30:00,0.92343,0.92423,0.9234,0.92384,1270,18,0
2023-02-15 09:00:00,0.92382,0.92466,0.92332,0.92386,2074,19,0
2023-02-15 09:30:00,0.92387,0.92473,0.92291,0.924,2095,18,0
2023-02-15 10:00:00,0.92401,0.92452,0.92276,0.92281,2762,18,0
2023-02-15 10:30:00,0.92284,0.92424,0.92264,0.92403,1993,18,0
2023-02-15 11:00:00,0.924,0.92437,0.92307,0.92329,2279,18,0
2023-02-15 11:30:00,0.92331,0.92348,0.92219,0.92228,1842,18,0
2023-02-15 12:00:00,0.92228,0.92254,0.9217,0.92228,1679,19,0
2023-02-15 12:30:00,0.92223,0.92235,0.92148,0.92209,1545,18,0
2023-02-15 13:00:00,0.92209,0.92238,0.92179,0.92186,1288,18,0
2023-02-15 13:30:00,0.92186,0.92261,0.92169,0.92261,1191,18,0
2023-02-15 14:00:00,0.9226,0.92275,0.92149,0.9222,1250,18,0
2023-02-15 14:30:00,0.92219,0.9232,0.92209,0.92294,1618,18,0
2023-02-15 15:00:00,0.92296,0.92409,0.92262,0.92368,2053,18,0
2023-02-15 15:30:00,0.92397,0.92586,0.92235,0.92434,6863,18,0
2023-02-15 16:00:00,0.92432,0.92579,0.92393,0.92506,4136,18,0
2023-02-15 16:30:00,0.92505,0.9253,0.92428,0.9251,4369,18,0
2023-02-15 17:00:00,0.92511,0.92542,0.92402,0.92502,3199,18,0
2023-02-15 17:30:00,0.92495,0.92619,0.92426,0.92536,3034,18,0
2023-02-15 18:00:00,0.92533,0.92552,0.92416,0.92501,2301,18,0
2023-02-15 18:30:00,0.92496,0.92516,0.92336,0.92376,1615,18,0
2023-02-15 19:00:00,0.92376,0.92506,0.92365,0.92505,1385,18,0
2023-02-15 19:30:00,0.92505,0.92544,0.92489,0.92528,1458,18,0
2023-02-15 20:00:00,0.92527,0.92582,0.92479,0.92489,1266,18,0
2023-02-15 20:30:00,0.92492,0.92538,0.92452,0.92473,1392,19,0
2023-02-15 21:00:00,0.92473,0.92477,0.92402,0.92408,1088,18,0
2023-02-15 21:30:00,0.92409,0.92439,0.92391,0.92416,680,20,0
2023-02-15 22:00:00,0.92417,0.92447,0.92401,0.92418,548,20,0
2023-02-15 22:30:00,0.92417,0.92433,0.9236,0.92361,1060,20,0
2023-02-15 23:00:00,0.92362,0.92385,0.92352,0.92368,448,20,0
2023-02-15 23:30:00,0.92368,0.92381,0.92355,0.92365,293,22,0
2023-02-16 00:00:00,0.92365,0.92372,0.92359,0.92359,11,32,0
2023-02-16 00:30:00,0.92357,0.92368,0.9234,0.9234,1810,32,0
2023-02-16 01:00:00,0.92372,0.92391,0.92337,0.9238,437,21,0
2023-02-16 01:30:00,0.9238,0.92384,0.92323,0.92327,287,23,0
2023-02-16 02:00:00,0.92326,0.92355,0.92293,0.9235,734,18,0
2023-02-16 02:30:00,0.92349,0.92396,0.92333,0.92372,1692,19,0
2023-02-16 03:00:00,0.92371,0.92396,0.92304,0.92308,1784,19,0
2023-02-16 03:30:00,0.92308,0.92309,0.92202,0.92224,1464,19,0
2023-02-16 04:00:00,0.92224,0.92269,0.92202,0.92253,590,18,0
2023-02-16 04:30:00,0.92253,0.92259,0.92164,0.92195,916,20,0
2023-02-16 05:00:00,0.92195,0.92231,0.9219,0.92221,585,18,0
2023-02-16 05:30:00,0.9222,0.92222,0.9219,0.92192,773,19,0
2023-02-16 06:00:00,0.92194,0.92205,0.92186,0.92197,325,19,0
2023-02-16 06:30:00,0.92198,0.92205,0.92183,0.92204,641,21,0
2023-02-16 07:00:00,0.92203,0.92242,0.92192,0.92224,444,20,0
2023-02-16 07:30:00,0.9222,0.92245,0.92205,0.92224,445,18,0
2023-02-16 08:00:00,0.92224,0.92288,0.92197,0.92258,648,18,0
2023-02-16 08:30:00,0.92257,0.92303,0.92231,0.92281,1021,18,0
2023-02-16 09:00:00,0.92273,0.92295,0.92185,0.92213,1142,18,0
2023-02-16 09:30:00,0.92214,0.9227,0.92203,0.92242,1301,20,0
2023-02-16 10:00:00,0.92243,0.92313,0.9216,0.92202,2274,18,0
2023-02-16 10:30:00,0.92202,0.92311,0.92194,0.92251,1722,18,0
2023-02-16 11:00:00,0.92253,0.92272,0.92191,0.92246,1691,18,0
2023-02-16 11:30:00,0.92244,0.9233,0.92234,0.92234,1472,18,0
2023-02-16 12:00:00,0.92233,0.92257,0.92135,0.92149,1196,18,0
2023-02-16 12:30:00,0.92149,0.92213,0.92129,0.92196,816,19,0
2023-02-16 13:00:00,0.92198,0.92258,0.9217,0.92246,891,18,0
2023-02-16 13:30:00,0.92242,0.92246,0.9217,0.92185,762,18,0
2023-02-16 14:00:00,0.92185,0.92278,0.92166,0.92278,940,18,0
2023-02-16 14:30:00,0.92277,0.92302,0.92224,0.92285,1353,19,0
2023-02-16 15:00:00,0.92283,0.92317,0.92233,0.92268,2207,18,0
2023-02-16 15:30:00,0.92254,0.92607,0.92254,0.92465,6269,18,0
2023-02-16 16:00:00,0.92466,0.9256,0.92376,0.92553,3538,18,0
2023-02-16 16:30:00,0.92553,0.92678,0.92495,0.92624,3959,18,0
2023-02-16 17:00:00,0.92624,0.9271,0.9257,0.92585,3840,18,0
2023-02-16 17:30:00,0.92586,0.92654,0.92465,0.92581,2850,18,0
2023-02-16 18:00:00,0.92577,0.9259,0.92452,0.92456,1810,18,0
2023-02-16 18:30:00,0.92456,0.92532,0.92415,0.92443,1928,18,0
2023-02-16 19:00:00,0.92444,0.92508,0.92422,0.92477,1433,18,0
2023-02-16 19:30:00,0.92476,0.92477,0.92375,0.92414,1464,19,0
2023-02-16 20:00:00,0.92413,0.92484,0.92378,0.9246,1224,19,0
2023-02-16 20:30:00,0.92461,0.92462,0.92366,0.92397,1393,19,0
2023-02-16 21:00:00,0.92396,0.92415,0.92368,0.92403,741,18,0
2023-02-16 21:30:00,0.92403,0.92423,0.92355,0.9241,822,19,0
2023-02-16 22:00:00,0.9241,0.92591,0.92397,0.9257,3487,18,0
2023-02-16 22:30:00,0.92571,0.92603,0.92533,0.92557,1784,18,0
2023-02-16 23:00:00,0.92557,0.92601,0.92525,0.92562,690,18,0
2023-02-16 23:30:00,0.92562,0.92579,0.92538,0.92538,329,18,0
2023-02-17 00:00:00,0.92538,0.92538,0.9249,0.92491,13,50,0
2023-02-17 00:30:00,0.92496,0.92541,0.92491,0.92541,82,68,0
2023-02-17 01:00:00,0.92565,0.92666,0.92563,0.92654,598,18,0
2023-02-17 01:30:00,0.92654,0.92673,0.92636,0.92652,351,22,0
2023-02-17 02:00:00,0.92658,0.92751,0.92658,0.92743,929,18,0
2023-02-17 02:30:00,0.92746,0.92771,0.92725,0.92742,733,18,0
2023-02-17 03:00:00,0.92742,0.92766,0.92708,0.9272,602,20,0
2023-02-17 03:30:00,0.92718,0.92833,0.92691,0.92817,1201,19,0
2023-02-17 04:00:00,0.92817,0.92849,0.92795,0.92796,1176,18,0
2023-02-17 04:30:00,0.92796,0.92824,0.92789,0.92817,1324,18,0
2023-02-17 05:00:00,0.92817,0.92845,0.928,0.928,571,20,0
2023-02-17 05:30:00,0.928,0.92827,0.9278,0.92811,700,19,0
2023-02-17 06:00:00,0.92813,0.92832,0.92801,0.92817,609,21,0
2023-02-17 06:30:00,0.92817,0.92927,0.92817,0.92884,1352,18,0
2023-02-17 07:00:00,0.92886,0.92913,0.92854,0.92894,650,19,0
2023-02-17 07:30:00,0.92894,0.92929,0.92874,0.92907,551,19,0
2023-02-17 08:00:00,0.92908,0.92968,0.92902,0.92958,727,19,0
2023-02-17 08:30:00,0.92956,0.9298,0.92917,0.92972,1616,18,0
2023-02-17 09:00:00,0.92976,0.93032,0.92903,0.92932,1745,18,0
2023-02-17 09:30:00,0.92933,0.92962,0.92889,0.92891,1316,18,0
2023-02-17 10:00:00,0.92892,0.93026,0.92887,0.92933,2163,18,0
2023-02-17 10:30:00,0.92936,0.93156,0.92924,0.93111,2284,18,0
2023-02-17 11:00:00,0.93112,0.93177,0.93064,0.93128,1605,18,0
2023-02-17 11:30:00,0.93128,0.93223,0.93049,0.9322,1736,18,0
2023-02-17 12:00:00,0.93219,0.93283,0.93199,0.93245,1447,18,0
2023-02-17 12:30:00,0.93245,0.93269,0.93209,0.93249,1384,19,0
2023-02-17 13:00:00,0.93251,0.93295,0.9322,0.93236,1118,19,0
2023-02-17 13:30:00,0.93235,0.93312,0.93228,0.93283,1556,18,0
2023-02-17 14:00:00,0.93281,0.93305,0.93167,0.93218,1244,18,0
2023-02-17 14:30:00,0.93216,0.93243,0.93179,0.93201,1846,18,0
2023-02-17 15:00:00,0.93202,0.93211,0.93011,0.93014,1703,18,0
2023-02-17 15:30:00,0.93013,0.93052,0.929,0.92999,2232,18,0
2023-02-17 16:00:00,0.92998,0.93057,0.92909,0.92987,2487,18,0
2023-02-17 16:30:00,0.92986,0.93107,0.9297,0.93079,2558,18,0
2023-02-17 17:00:00,0.93081,0.93081,0.92627,0.92724,4455,18,0
2023-02-17 17:30:00,0.92724,0.92813,0.92529,0.92766,3802,18,0
2023-02-17 18:00:00,0.92767,0.9282,0.92728,0.92758,2631,18,0
2023-02-17 18:30:00,0.92757,0.92772,0.92625,0.92655,2143,18,0
2023-02-17 19:00:00,0.92656,0.92659,0.92534,0.92556,1934,18,0
2023-02-17 19:30:00,0.92557,0.92653,0.92549,0.92648,1311,18,0
2023-02-17 20:00:00,0.92647,0.9267,0.92551,0.92582,1077,19,0
2023-02-17 20:30:00,0.9258,0.92607,0.92521,0.92567,815,19,0
2023-02-17 21:00:00,0.92567,0.92567,0.9246,0.92492,1231,18,0
2023-02-17 21:30:00,0.92493,0.92537,0.92442,0.92467,1205,18,0
2023-02-17 22:00:00,0.92469,0.92473,0.9242,0.92446,949,18,0
2023-02-17 22:30:00,0.92447,0.92463,0.92421,0.92441,685,18,0
2023-02-17 23:00:00,0.92436,0.92456,0.92392,0.92403,319,18,0
2023-02-17 23:30:00,0.92402,0.92446,0.92383,0.92412,512,21,0
2023-02-20 00:00:00,0.92528,0.92528,0.92486,0.92486,2,167,0
2023-02-20 00:30:00,0.92492,0.92492,0.92382,0.92382,4,166,0
2023-02-20 01:00:00,0.92381,0.92507,0.92381,0.92456,974,18,0
2023-02-20 01:30:00,0.92457,0.92539,0.92453,0.92527,507,23,0
2023-02-20 02:00:00,0.92527,0.92568,0.92494,0.92541,836,18,0
2023-02-20 02:30:00,0.92539,0.92587,0.92534,0.92536,494,19,0
2023-02-20 03:00:00,0.92535,0.92579,0.92519,0.92527,1177,20,0
2023-02-20 03:30:00,0.92528,0.92592,0.9252,0.92563,968,19,0
2023-02-20 04:00:00,0.92564,0.92565,0.92502,0.92503,920,18,0
2023-02-20 04:30:00,0.92502,0.92532,0.92475,0.92495,1892,18,0
2023-02-20 05:00:00,0.92494,0.92533,0.92479,0.92521,1190,18,0
2023-02-20 05:30:00,0.9252,0.92522,0.92484,0.92491,954,19,0
2023-02-20 06:00:00,0.92492,0.92494,0.9241,0.92446,838,19,0
2023-02-20 06:30:00,0.92446,0.92446,0.924,0.92434,647,19,0
2023-02-20 07:00:00,0.92433,0.92464,0.92425,0.92444,426,18,0
2023-02-20 07:30:00,0.92446,0.92454,0.92406,0.92428,998,20,0
2023-02-20 08:00:00,0.92428,0.92452,0.92398,0.92433,1102,21,0
2023-02-20 08:30:00,0.92434,0.92459,0.92424,0.9243,1058,18,0
2023-02-20 09:00:00,0.9243,0.92452,0.92356,0.9236,1036,19,0
2023-02-20 09:30:00,0.92359,0.92367,0.92286,0.92296,1062,18,0
2023-02-20 10:00:00,0.92297,0.92319,0.92196,0.92264,1732,18,0
2023-02-20 10:30:00,0.92266,0.92453,0.92259,0.9233,1310,18,0
2023-02-20 11:00:00,0.92329,0.92424,0.92263,0.92411,1467,18,0
2023-02-20 11:30:00,0.92411,0.9243,0.92345,0.92367,1296,18,0
2023-02-20 12:00:00,0.92366,0.92397,0.9227,0.92329,1875,19,0
2023-02-20 12:30:00,0.92331,0.92361,0.92292,0.92336,1349,19,0
2023-02-20 13:00:00,0.92337,0.9235,0.92265,0.92291,1009,19,0
2023-02-20 13:30:00,0.92292,0.92328,0.92212,0.92236,1488,18,0
2023-02-20 14:00:00,0.92234,0.92341,0.92229,0.92334,1238,19,0
2023-02-20 14:30:00,0.92334,0.92402,0.92313,0.92388,1460,18,0
2023-02-20 15:00:00,0.92387,0.92413,0.92336,0.92381,1521,19,0
2023-02-20 15:30:00,0.92382,0.92441,0.92339,0.92397,1900,18,0
2023-02-20 16:00:00,0.92397,0.92403,0.92325,0.92327,1808,18,0
2023-02-20 16:30:00,0.92326,0.9237,0.92267,0.92292,1490,18,0
2023-02-20 17:00:00,0.92292,0.92358,0.92267,0.92343,1032,18,0
2023-02-20 17:30:00,0.92343,0.92367,0.92262,0.92313,1277,19,0
2023-02-20 18:00:00,0.92315,0.92347,0.92277,0.92311,762,19,0
2023-02-20 18:30:00,0.92311,0.92312,0.92239,0.92242,664,18,0
2023-02-20 19:00:00,0.92244,0.9231,0.92239,0.92299,421,21,0
2023-02-20 19:30:00,0.92298,0.92312,0.92289,0.92303,249,18,0
2023-02-20 20:00:00,0.92305,0.92309,0.92284,0.92304,188,20,0
2023-02-20 20:30:00,0.92305,0.92311,0.92286,0.92309,494,18,0
2023-02-20 21:00:00,0.9231,0.9231,0.92291,0.92296,426,23,0
2023-02-20 21:30:00,0.92296,0.92299,0.92281,0.92284,326,20,0
2023-02-20 22:00:00,0.92286,0.92301,0.92281,0.92293,221,20,0
2023-02-20 22:30:00,0.9229,0.92306,0.9229,0.92306,300,22,0
2023-02-20 23:00:00,0.92309,0.92327,0.92284,0.92317,274,23,0
2023-02-20 23:30:00,0.92313,0.92314,0.92275,0.92275,175,28,0
2023-02-21 00:00:00,0.92277,0.92277,0.92277,0.92277,1,83,0
2023-02-21 00:30:00,0.92267,0.92279,0.92251,0.92273,28,139,0
2023-02-21 01:00:00,0.92297,0.92313,0.92271,0.92272,330,25,0
2023-02-21 01:30:00,0.92278,0.92318,0.92277,0.92315,115,23,0
2023-02-21 02:00:00,0.92316,0.92384,0.92316,0.92331,406,20,0
2023-02-21 02:30:00,0.92332,0.92346,0.92289,0.92345,646,20,0
2023-02-21 03:00:00,0.92344,0.92434,0.92344,0.92411,1172,18,0
2023-02-21 03:30:00,0.92412,0.92415,0.92323,0.92346,716,20,0
2023-02-21 04:00:00,0.92344,0.92393,0.92339,0.92374,744,20,0
2023-02-21 04:30:00,0.92375,0.92425,0.92345,0.92425,647,19,0
2023-02-21 05:00:00,0.92424,0.92433,0.92393,0.92426,537,18,0
2023-02-21 05:30:00,0.92427,0.92428,0.92391,0.92394,552,18,0
2023-02-21 06:00:00,0.92395,0.9242,0.92389,0.92407,593,18,0
2023-02-21 06:30:00,0.92407,0.92421,0.92344,0.92346,684,20,0
2023-02-21 07:00:00,0.92348,0.92401,0.92345,0.92399,624,20,0
2023-02-21 07:30:00,0.92398,0.92402,0.92355,0.9236,788,19,0
2023-02-21 08:00:00,0.9236,0.92397,0.9236,0.92381,616,19,0
2023-02-21 08:30:00,0.92382,0.92433,0.92381,0.92426,817,18,0
2023-02-21 09:00:00,0.92429,0.92578,0.92429,0.92534,931,19,0
2023-02-21 09:30:00,0.92535,0.92576,0.92484,0.92492,837,19,0
2023-02-21 10:00:00,0.92492,0.92578,0.92464,0.92492,2743,18,0
2023-02-21 10:30:00,0.92492,0.92612,0.92471,0.92574,1724,19,0
2023-02-21 11:00:00,0.92574,0.9271,0.92505,0.92588,2324,18,0
2023-02-21 11:30:00,0.92589,0.92611,0.92314,0.92427,2822,18,0
2023-02-21 12:00:00,0.92427,0.92484,0.92366,0.92432,1673,18,0
2023-02-21 12:30:00,0.9243,0.92567,0.92427,0.92523,1608,18,0
2023-02-21 13:00:00,0.92523,0.92548,0.92399,0.92417,1051,18,0
2023-02-21 13:30:00,0.92416,0.92475,0.92385,0.92453,1498,18,0
2023-02-21 14:00:00,0.92452,0.92511,0.92445,0.92481,996,18,0
2023-02-21 14:30:00,0.92481,0.92498,0.92388,0.92405,1346,18,0
2023-02-21 15:00:00,0.92405,0.92521,0.92379,0.92487,2165,19,0
2023-02-21 15:30:00,0.92483,0.9254,0.92399,0.92528,2644,18,0
2023-02-21 16:00:00,0.92527,0.92643,0.92495,0.92609,2661,18,0
2023-02-21 16:30:00,0.92609,0.92812,0.92535,0.92777,4715,18,0
2023-02-21 17:00:00,0.92776,0.92785,0.92626,0.92697,4809,18,0
2023-02-21 17:30:00,0.92699,0.92724,0.92467,0.92559,3882,18,0
2023-02-21 18:00:00,0.92559,0.92707,0.92541,0.92645,2480,19,0
2023-02-21 18:30:00,0.92646,0.92692,0.92597,0.92673,2375,18,0
2023-02-21 19:00:00,0.92672,0.92708,0.92644,0.92669,1559,18,0
2023-02-21 19:30:00,0.9267,0.92682,0.92609,0.92637,1075,18,0
2023-02-21 20:00:00,0.92638,0.92751,0.92614,0.92728,1334,18,0
2023-02-21 20:30:00,0.92728,0.92819,0.92724,0.92776,1053,19,0
2023-02-21 21:00:00,0.92777,0.92806,0.92755,0.92759,990,18,0
2023-02-21 21:30:00,0.92758,0.92768,0.92717,0.92737,914,20,0
2023-02-21 22:00:00,0.92737,0.92776,0.92697,0.92752,930,20,0
2023-02-21 22:30:00,0.92751,0.92759,0.92726,0.92754,868,19,0
2023-02-21 23:00:00,0.92753,0.92783,0.92736,0.92775,489,22,0
2023-02-21 23:30:00,0.92775,0.92778,0.92751,0.92761,376,23,0
2023-02-22 00:00:00,0.92761,0.92761,0.92722,0.92725,5,41,0
2023-02-22 00:30:00,0.92661,0.92668,0.92636,0.92646,27,172,0
2023-02-22 01:00:00,0.92664,0.92761,0.92664,0.92759,132,23,0
2023-02-22 01:30:00,0.92758,0.92758,0.92728,0.92744,253,21,0
2023-02-22 02:00:00,0.92741,0.92753,0.92707,0.92712,812,18,0
2023-02-22 02:30:00,0.92711,0.92744,0.92666,0.9267,797,20,0
2023-02-22 03:00:00,0.92669,0.92682,0.92634,0.92635,837,21,0
2023-02-22 03:30:00,0.92635,0.92691,0.92621,0.92666,1382,20,0
2023-02-22 04:00:00,0.92667,0.92685,0.92642,0.92671,1265,19,0
2023-02-22 04:30:00,0.92672,0.92683,0.9264,0.92674,1066,21,0
2023-02-22 05:00:00,0.92675,0.92676,0.92608,0.92637,868,19,0
2023-02-22 05:30:00,0.92638,0.92672,0.92618,0.92618,337,22,0
2023-02-22 06:00:00,0.9262,0.9264,0.92615,0.9263,196,22,0
2023-02-22 06:30:00,0.92631,0.92646,0.92617,0.92628,393,22,0
2023-02-22 07:00:00,0.92628,0.92694,0.92623,0.92689,351,20,0
2023-02-22 07:30:00,0.92689,0.92699,0.92624,0.92629,276,20,0
2023-02-22 08:00:00,0.92623,0.92653,0.9261,0.9263,580,20,0
2023-02-22 08:30:00,0.9263,0.92633,0.92576,0.92596,597,20,0
2023-02-22 09:00:00,0.92599,0.92663,0.92576,0.92588,998,19,0
2023-02-22 09:30:00,0.9259,0.9261,0.92519,0.92576,1076,19,0
2023-02-22 10:00:00,0.92575,0.9267,0.92554,0.9266,2036,18,0
2023-02-22 10:30:00,0.92662,0.92841,0.92641,0.92782,1494,19,0
2023-02-22 11:00:00,0.92777,0.92864,0.92741,0.92836,1890,18,0
2023-02-22 11:30:00,0.92836,0.92841,0.92692,0.92747,2042,18,0
2023-02-22 12:00:00,0.92747,0.92852,0.92732,0.92773,1582,18,0
2023-02-22 12:30:00,0.92775,0.92802,0.92731,0.92789,1462,19,0
2023-02-22 13:00:00,0.92788,0.92789,0.9271,0.92779,1398,18,0
2023-02-22 13:30:00,0.9278,0.92824,0.92763,0.92818,1553,18,0
2023-02-22 14:00:00,0.92819,0.92828,0.92671,0.92691,1697,18,0
2023-02-22 14:30:00,0.9269,0.92741,0.92628,0.9267,2076,19,0
2023-02-22 15:00:00,0.92669,0.92762,0.92641,0.92724,2834,18,0
2023-02-22 15:30:00,0.92724,0.92866,0.92704,0.92717,2397,17,0
2023-02-22 16:00:00,0.92718,0.92775,0.92653,0.92679,2995,17,0
2023-02-22 16:30:00,0.92679,0.92696,0.9259,0.92673,3399,17,0
2023-02-22 17:00:00,0.92672,0.92891,0.92621,0.92881,3473,17,0
2023-02-22 17:30:00,0.92879,0.93036,0.92865,0.92968,3959,16,0
2023-02-22 18:00:00,0.92968,0.93009,0.9289,0.92977,3396,16,0
2023-02-22 18:30:00,0.92977,0.93019,0.92937,0.92972,1833,16,0
2023-02-22 19:00:00,0.92972,0.9304,0.92928,0.92969,1344,16,0
2023-02-22 19:30:00,0.92969,0.92995,0.92912,0.92938,1365,16,0
2023-02-22 20:00:00,0.92937,0.92957,0.92893,0.92945,1133,16,0
2023-02-22 20:30:00,0.92946,0.92986,0.92915,0.92934,1210,16,0
2023-02-22 21:00:00,0.92933,0.93096,0.92869,0.93066,5235,17,0
2023-02-22 21:30:00,0.93065,0.93157,0.93053,0.93147,1855,17,0
2023-02-22 22:00:00,0.93147,0.93173,0.93111,0.93135,1353,18,0
2023-02-22 22:30:00,0.93134,0.93176,0.93131,0.9314,1163,19,0
2023-02-22 23:00:00,0.93139,0.93161,0.93128,0.93158,459,21,0
2023-02-22 23:30:00,0.93157,0.93158,0.9311,0.93111,505,25,0
2023-02-23 00:00:00,0.93107,0.93107,0.93107,0.93107,1,42,0
2023-02-23 01:00:00,0.93068,0.93124,0.93068,0.93105,344,27,0
2023-02-23 01:30:00,0.93104,0.93121,0.93099,0.93117,199,23,0
2023-02-23 02:00:00,0.93117,0.93131,0.93064,0.93069,576,19,0
2023-02-23 02:30:00,0.9307,0.93085,0.93055,0.9306,335,19,0
2023-02-23 03:00:00,0.93061,0.93069,0.93036,0.93038,509,20,0
2023-02-23 03:30:00,0.93038,0.93045,0.92971,0.92981,644,19,0
2023-02-23 04:00:00,0.9298,0.93015,0.9297,0.92993,417,20,0
2023-02-23 04:30:00,0.92992,0.92997,0.92911,0.92923,654,20,0
2023-02-23 05:00:00,0.92926,0.92939,0.92899,0.92923,494,17,0
2023-02-23 05:30:00,0.92924,0.92935,0.92907,0.92918,310,20,0
2023-02-23 06:00:00,0.92916,0.92953,0.92916,0.92948,188,20,0
2023-02-23 06:30:00,0.92949,0.92952,0.92911,0.92913,235,20,0
2023-02-23 07:00:00,0.92914,0.92967,0.92914,0.92965,370,19,0
2023-02-23 07:30:00,0.92966,0.9299,0.92942,0.92951,470,20,0
2023-02-23 08:00:00,0.9295,0.92957,0.92894,0.92894,535,22,0
2023-02-23 08:30:00,0.92893,0.92984,0.92891,0.9297,645,17,0
2023-02-23 09:00:00,0.92972,0.93066,0.92972,0.93058,1484,17,0
2023-02-23 09:30:00,0.93057,0.93134,0.93056,0.93083,1219,18,0
2023-02-23 10:00:00,0.93085,0.93176,0.93076,0.9314,1641,18,0
2023-02-23 10:30:00,0.93142,0.93234,0.93087,0.93222,1757,18,0
2023-02-23 11:00:00,0.93221,0.9328,0.93188,0.93253,1555,17,0
2023-02-23 11:30:00,0.93253,0.93336,0.93201,0.93298,1578,18,0
2023-02-23 12:00:00,0.93299,0.93329,0.93171,0.93205,2118,18,0
2023-02-23 12:30:00,0.93204,0.93228,0.93168,0.93188,1139,16,0
2023-02-23 13:00:00,0.93188,0.93277,0.93148,0.93261,1479,16,0
2023-02-23 13:30:00,0.9326,0.93289,0.93144,0.93199,1763,16,0
2023-02-23 14:00:00,0.93199,0.93224,0.93137,0.93178,1538,16,0
2023-02-23 14:30:00,0.93178,0.93218,0.93149,0.93198,1632,16,0
2023-02-23 15:00:00,0.93198,0.93309,0.93157,0.9325,1999,16,0
2023-02-23 15:30:00,0.93253,0.93427,0.93208,0.93333,4385,17,0
2023-02-23 16:00:00,0.93333,0.93383,0.93214,0.93242,2962,16,0
2023-02-23 16:30:00,0.93242,0.93367,0.93187,0.93242,4387,16,0
2023-02-23 17:00:00,0.9324,0.93363,0.93233,0.93247,3370,16,0
2023-02-23 17:30:00,0.93248,0.93395,0.93244,0.93323,2999,16,0
2023-02-23 18:00:00,0.93327,0.93417,0.93304,0.93397,2596,17,0
2023-02-23 18:30:00,0.93395,0.93448,0.93355,0.93431,1859,17,0
2023-02-23 19:00:00,0.93432,0.93478,0.93409,0.93427,1590,18,0
2023-02-23 19:30:00,0.93426,0.93436,0.93395,0.93414,1342,17,0
2023-02-23 20:00:00,0.93413,0.93451,0.9338,0.93421,929,19,0
2023-02-23 20:30:00,0.9342,0.93437,0.93363,0.93398,1203,18,0
2023-02-23 21:00:00,0.93396,0.93402,0.9329,0.93308,1061,19,0
2023-02-23 21:30:00,0.93307,0.93369,0.93278,0.93366,908,18,0
2023-02-23 22:00:00,0.93369,0.93369,0.93325,0.93333,633,20,0
2023-02-23 22:30:00,0.93334,0.93342,0.93303,0.93318,729,18,0
2023-02-23 23:00:00,0.93319,0.93394,0.93319,0.93392,191,22,0
2023-02-23 23:30:00,0.93391,0.93391,0.93368,0.93384,343,24,0
2023-02-24 00:00:00,0.93382,0.93384,0.93318,0.93318,3,41,0
2023-02-24 00:30:00,0.93249,0.93302,0.93249,0.93263,3,118,0
2023-02-24 01:00:00,0.93258,0.93356,0.93258,0.93341,802,25,0
2023-02-24 01:30:00,0.93339,0.93363,0.93335,0.93362,424,20,0
2023-02-24 02:00:00,0.93361,0.93371,0.93322,0.93359,725,19,0
2023-02-24 02:30:00,0.93358,0.93389,0.93284,0.9329,1425,19,0
2023-02-24 03:00:00,0.93281,0.9335,0.93244,0.9335,1840,18,0
2023-02-24 03:30:00,0.93351,0.93411,0.93323,0.9338,1650,17,0
2023-02-24 04:00:00,0.93378,0.93383,0.9329,0.93347,1153,21,0
2023-02-24 04:30:00,0.93346,0.93414,0.93308,0.93401,915,18,0
2023-02-24 05:00:00,0.93402,0.93402,0.9333,0.93343,524,21,0
2023-02-24 05:30:00,0.93342,0.93367,0.93333,0.93366,535,21,0
2023-02-24 06:00:00,0.93365,0.93407,0.93361,0.93382,582,21,0
2023-02-24 06:30:00,0.93384,0.93391,0.93372,0.93379,473,18,0
2023-02-24 07:00:00,0.93378,0.93395,0.93361,0.93381,423,17,0
2023-02-24 07:30:00,0.93379,0.93397,0.93371,0.93392,377,18,0
2023-02-24 08:00:00,0.93391,0.93411,0.93372,0.93374,767,20,0
2023-02-24 08:30:00,0.93375,0.93422,0.93364,0.934,971,19,0
2023-02-24 09:00:00,0.93405,0.93518,0.93405,0.93512,1074,16,0
2023-02-24 09:30:00,0.93512,0.93547,0.93449,0.9354,1507,16,0
2023-02-24 10:00:00,0.9354,0.9364,0.93522,0.9356,2332,16,0
2023-02-24 10:30:00,0.93561,0.93578,0.93506,0.93539,2676,16,0
2023-02-24 11:00:00,0.93539,0.93631,0.93521,0.93595,1675,16,0
2023-02-24 11:30:00,0.93595,0.93605,0.93437,0.93454,1381,16,0
2023-02-24 12:00:00,0.93454,0.93527,0.93401,0.93407,1314,16,0
2023-02-24 12:30:00,0.93407,0.9348,0.93407,0.93463,890,16,0
2023-02-24 13:00:00,0.93463,0.93517,0.93446,0.93495,1264,16,0
2023-02-24 13:30:00,0.93494,0.93564,0.93489,0.93526,1588,16,0
2023-02-24 14:00:00,0.93528,0.93626,0.93525,0.93612,1249,16,0
2023-02-24 14:30:00,0.93613,0.93654,0.93577,0.93608,1759,16,0
2023-02-24 15:00:00,0.93609,0.93696,0.93599,0.93665,2718,16,0
2023-02-24 15:30:00,0.93666,0.93797,0.93611,0.93701,6424,16,0
2023-02-24 16:00:00,0.937,0.93877,0.93694,0.93862,5107,16,0
2023-02-24 16:30:00,0.93863,0.93894,0.93751,0.93862,5708,16,0
2023-02-24 17:00:00,0.93862,0.93946,0.93811,0.93893,5743,16,0
2023-02-24 17:30:00,0.93894,0.93974,0.93835,0.9397,3804,16,0
2023-02-24 18:00:00,0.9397,0.9399,0.93887,0.9393,3108,16,0
2023-02-24 18:30:00,0.9393,0.94013,0.93888,0.93998,1700,16,0
2023-02-24 19:00:00,0.93998,0.94012,0.93925,0.93954,1835,16,0
2023-02-24 19:30:00,0.93954,0.94056,0.93899,0.94,1807,16,0
2023-02-24 20:00:00,0.93998,0.94049,0.93941,0.93954,1621,16,0
2023-02-24 20:30:00,0.93955,0.94049,0.93955,0.94047,1154,16,0
2023-02-24 21:00:00,0.94046,0.94056,0.93977,0.94003,1398,16,0
2023-02-24 21:30:00,0.94002,0.94062,0.94002,0.9405,1385,16,0
2023-02-24 22:00:00,0.94051,0.94051,0.93989,0.94031,1047,16,0
2023-02-24 22:30:00,0.94031,0.94079,0.94017,0.94074,1127,16,0
2023-02-24 23:00:00,0.94075,0.94092,0.94051,0.94082,630,16,0
2023-02-24 23:30:00,0.94087,0.9411,0.94019,0.94068,431,25,0
2023-02-27 00:00:00,0.93978,0.93978,0.93978,0.93978,1,171,0
2023-02-27 01:00:00,0.94,0.94062,0.94,0.94017,588,22,0
2023-02-27 01:30:00,0.94016,0.94027,0.93994,0.94025,470,18,0
2023-02-27 02:00:00,0.94025,0.94074,0.94013,0.94039,641,19,0
2023-02-27 02:30:00,0.94038,0.94055,0.94007,0.9401,1027,22,0
2023-02-27 03:00:00,0.94011,0.9405,0.93996,0.94025,590,20,0
2023-02-27 03:30:00,0.94025,0.94035,0.93996,0.94004,404,20,0
2023-02-27 04:00:00,0.94007,0.94036,0.93994,0.94029,399,20,0
2023-02-27 04:30:00,0.94028,0.94079,0.94009,0.94071,653,19,0
2023-02-27 05:00:00,0.94069,0.9413,0.94057,0.94125,599,19,0
2023-02-27 05:30:00,0.94126,0.94171,0.94117,0.94148,593,19,0
2023-02-27 06:00:00,0.94149,0.94155,0.94099,0.94135,435,19,0
2023-02-27 06:30:00,0.94133,0.9414,0.94106,0.9411,366,20,0
2023-02-27 07:00:00,0.94109,0.94156,0.94098,0.94147,635,17,0
2023-02-27 07:30:00,0.94149,0.94162,0.94133,0.94149,523,20,0
2023-02-27 08:00:00,0.9415,0.94159,0.9409,0.94159,579,17,0
2023-02-27 08:30:00,0.9416,0.94195,0.94151,0.94189,537,19,0
2023-02-27 09:00:00,0.94187,0.94195,0.94056,0.94082,1147,17,0
2023-02-27 09:30:00,0.94084,0.94184,0.94082,0.94154,1264,17,0
2023-02-27 10:00:00,0.94157,0.94202,0.9407,0.94173,2114,17,0
2023-02-27 10:30:00,0.94174,0.94208,0.94083,0.94185,1611,17,0
2023-02-27 11:00:00,0.94187,0.9428,0.94178,0.94214,1379,17,0
2023-02-27 11:30:00,0.94209,0.94209,0.94054,0.94104,1068,19,0
2023-02-27 12:00:00,0.94108,0.94147,0.94004,0.94074,1507,17,0
2023-02-27 12:30:00,0.94076,0.94101,0.94033,0.94039,1003,17,0
2023-02-27 13:00:00,0.94042,0.94103,0.94008,0.94022,1110,18,0
2023-02-27 13:30:00,0.94022,0.94055,0.93992,0.94012,769,18,0
2023-02-27 14:00:00,0.94015,0.94061,0.93967,0.94044,883,18,0
2023-02-27 14:30:00,0.94046,0.94082,0.94012,0.94063,801,18,0
2023-02-27 15:00:00,0.94065,0.94102,0.94024,0.94059,1171,17,0
2023-02-27 15:30:00,0.9407,0.94091,0.93682,0.93721,2503,18,0
2023-02-27 16:00:00,0.9372,0.93764,0.93678,0.93693,2160,17,0
2023-02-27 16:30:00,0.93692,0.93763,0.93675,0.9374,2253,17,0
2023-02-27 17:00:00,0.93738,0.93759,0.93432,0.93448,2384,17,0
2023-02-27 17:30:00,0.93448,0.93707,0.93445,0.93705,2608,17,0
2023-02-27 18:00:00,0.93705,0.93786,0.93662,0.93773,1382,17,0
2023-02-27 18:30:00,0.93773,0.93841,0.9373,0.93743,970,19,0
2023-02-27 19:00:00,0.93742,0.93799,0.93693,0.93729,1150,18,0
2023-02-27 19:30:00,0.93727,0.9373,0.93651,0.93656,734,17,0
2023-02-27 20:00:00,0.93656,0.9369,0.93635,0.93637,607,19,0
2023-02-27 20:30:00,0.93638,0.93642,0.93566,0.93591,931,17,0
2023-02-27 21:00:00,0.93591,0.93597,0.93517,0.93551,861,18,0
2023-02-27 21:30:00,0.93551,0.93609,0.93533,0.93587,836,19,0
2023-02-27 22:00:00,0.93582,0.93606,0.93567,0.93583,817,19,0
2023-02-27 22:30:00,0.93584,0.93621,0.93573,0.93585,884,18,0
2023-02-27 23:00:00,0.93584,0.93612,0.93566,0.93572,358,23,0
2023-02-27 23:30:00,0.93572,0.93587,0.93551,0.93551,256,22,0
2023-02-28 00:00:00,0.93552,0.93552,0.9352,0.9354,4,49,0
2023-02-28 00:30:00,0.93484,0.93564,0.93474,0.93549,29,119,0
2023-02-28 01:00:00,0.93559,0.93562,0.93527,0.93556,433,25,0
2023-02-28 01:30:00,0.93557,0.93564,0.93546,0.93558,302,25,0
2023-02-28 02:00:00,0.93561,0.93576,0.93524,0.93548,540,19,0
2023-02-28 02:30:00,0.93548,0.93571,0.93523,0.93554,580,19,0
2023-02-28 03:00:00,0.93554,0.9359,0.93544,0.93565,612,17,0
2023-02-28 03:30:00,0.93564,0.93653,0.93544,0.93651,735,21,0
2023-02-28 04:00:00,0.93651,0.93657,0.93577,0.93578,1111,17,0
2023-02-28 04:30:00,0.93578,0.93625,0.93569,0.93588,627,19,0
2023-02-28 05:00:00,0.93587,0.93613,0.93581,0.93581,351,18,0
2023-02-28 05:30:00,0.93582,0.93629,0.9358,0.93619,410,19,0
2023-02-28 06:00:00,0.93618,0.93672,0.93613,0.93643,579,19,0
2023-02-28 06:30:00,0.93645,0.93664,0.93629,0.93639,407,20,0
2023-02-28 07:00:00,0.93638,0.93704,0.93636,0.93701,419,20,0
2023-02-28 07:30:00,0.93698,0.93713,0.93672,0.93676,453,18,0
2023-02-28 08:00:00,0.9368,0.93731,0.9366,0.93714,694,17,0
2023-02-28 08:30:00,0.93713,0.93724,0.93672,0.93713,575,20,0
2023-02-28 09:00:00,0.93716,0.93853,0.937,0.93815,1158,19,0
2023-02-28 09:30:00,0.93816,0.93881,0.93792,0.93859,1668,16,0
2023-02-28 10:00:00,0.93857,0.93879,0.93738,0.93777,2940,16,0
2023-02-28 10:30:00,0.93777,0.93833,0.93666,0.93716,2243,16,0
2023-02-28 11:00:00,0.93715,0.93761,0.93599,0.93728,1852,16,0
2023-02-28 11:30:00,0.93729,0.93828,0.93703,0.93772,1506,16,0
2023-02-28 12:00:00,0.93771,0.93873,0.93681,0.93845,1459,16,0
2023-02-28 12:30:00,0.93845,0.93884,0.93776,0.93786,1322,16,0
2023-02-28 13:00:00,0.93785,0.93858,0.9376,0.93825,1126,16,0
2023-02-28 13:30:00,0.93826,0.93841,0.93736,0.93775,1247,16,0
2023-02-28 14:00:00,0.93775,0.93834,0.93737,0.93771,1259,16,0
2023-02-28 14:30:00,0.93769,0.93786,0.93662,0.93663,1310,16,0
2023-02-28 15:00:00,0.93664,0.9371,0.93632,0.9367,1868,16,0
2023-02-28 15:30:00,0.93671,0.9369,0.93542,0.93553,1791,16,0
2023-02-28 16:00:00,0.93555,0.93571,0.93442,0.93566,1948,16,0
2023-02-28 16:30:00,0.93565,0.93717,0.93498,0.93535,3447,16,0
2023-02-28 17:00:00,0.93533,0.93632,0.93406,0.93457,4655,16,0
2023-02-28 17:30:00,0.93457,0.93806,0.93446,0.93722,4603,16,0
2023-02-28 18:00:00,0.93723,0.93723,0.93548,0.93635,3249,16,0
2023-02-28 18:30:00,0.93636,0.9376,0.93606,0.93758,2386,16,0
2023-02-28 19:00:00,0.93757,0.93826,0.93705,0.93774,1745,16,0
2023-02-28 19:30:00,0.93774,0.93797,0.93671,0.93722,1590,16,0
2023-02-28 20:00:00,0.93723,0.93886,0.93716,0.93869,1341,16,0
2023-02-28 20:30:00,0.93868,0.93923,0.93841,0.93923,1117,16,0
2023-02-28 21:00:00,0.93923,0.93942,0.93887,0.93922,1083,16,0
2023-02-28 21:30:00,0.93922,0.94043,0.93913,0.94037,1530,16,0
2023-02-28 22:00:00,0.94037,0.94069,0.94026,0.9405,1428,16,0
2023-02-28 22:30:00,0.9405,0.94189,0.94044,0.94169,1228,16,0
2023-02-28 23:00:00,0.94168,0.94221,0.94148,0.94205,859,16,0
2023-02-28 23:30:00,0.94204,0.94219,0.94156,0.9421,687,21,0
2023-03-01 00:00:00,0.94215,0.94215,0.94156,0.94157,52,30,0
2023-03-01 00:30:00,0.94156,0.94164,0.9414,0.94153,255,33,0
2023-03-01 01:00:00,0.94152,0.94195,0.94152,0.94169,673,16,0
2023-03-01 01:30:00,0.94169,0.94204,0.94169,0.94196,416,17,0
2023-03-01 02:00:00,0.94196,0.94241,0.9419,0.94225,684,16,0
2023-03-01 02:30:00,0.94227,0.94277,0.94224,0.94231,1203,16,0
2023-03-01 03:00:00,0.94231,0.9424,0.94185,0.94193,733,16,0
2023-03-01 03:30:00,0.94193,0.94194,0.94112,0.94114,1623,17,0
2023-03-01 04:00:00,0.94116,0.94145,0.94094,0.94115,761,16,0
2023-03-01 04:30:00,0.94115,0.94117,0.94094,0.94102,642,16,0
2023-03-01 05:00:00,0.94102,0.94111,0.94014,0.94018,892,16,0
2023-03-01 05:30:00,0.94019,0.94033,0.94005,0.94026,442,16,0
2023-03-01 06:00:00,0.94026,0.94065,0.94013,0.94052,396,17,0
2023-03-01 06:30:00,0.94052,0.94064,0.94044,0.94056,471,17,0
2023-03-01 07:00:00,0.94057,0.94057,0.94023,0.94036,683,16,0
2023-03-01 07:30:00,0.94036,0.94073,0.94034,0.94061,555,16,0
2023-03-01 08:00:00,0.94061,0.94066,0.93964,0.93967,627,16,0
2023-03-01 08:30:00,0.93968,0.94017,0.9394,0.94013,1408,16,0
2023-03-01 09:00:00,0.94012,0.94043,0.93934,0.93963,1742,16,0
2023-03-01 09:30:00,0.93963,0.94017,0.93885,0.93904,2628,16,0
2023-03-01 10:00:00,0.93904,0.94013,0.9375,0.938,3896,16,0
2023-03-01 10:30:00,0.93799,0.93897,0.93761,0.93772,2662,16,0
2023-03-01 11:00:00,0.93772,0.93804,0.93714,0.93802,2750,16,0
2023-03-01 11:30:00,0.93802,0.93818,0.93679,0.93736,1772,16,0
2023-03-01 12:00:00,0.93738,0.93868,0.93667,0.93671,2292,16,0
2023-03-01 12:30:00,0.93671,0.93794,0.93648,0.93657,2128,16,0
2023-03-01 13:00:00,0.93657,0.93708,0.93594,0.93656,1971,16,0
2023-03-01 13:30:00,0.93656,0.93671,0.93564,0.93585,1508,16,0
2023-03-01 14:00:00,0.93585,0.93626,0.93513,0.93537,1705,16,0
2023-03-01 14:30:00,0.93537,0.93567,0.93516,0.93517,1059,16,0
2023-03-01 15:00:00,0.93517,0.93657,0.93495,0.93624,1999,16,0
2023-03-01 15:30:00,0.93624,0.93778,0.93609,0.93774,2503,16,0
2023-03-01 16:00:00,0.93778,0.93823,0.93732,0.93802,2470,16,0
2023-03-01 16:30:00,0.93802,0.93838,0.93719,0.93797,3156,16,0
2023-03-01 17:00:00,0.93796,0.94109,0.93713,0.94002,6250,16,0
2023-03-01 17:30:00,0.94008,0.94062,0.93791,0.939,5030,16,0
2023-03-01 18:00:00,0.939,0.9402,0.93848,0.93865,3583,16,0
2023-03-01 18:30:00,0.93865,0.93916,0.93799,0.93873,2420,16,0
2023-03-01 19:00:00,0.93873,0.93941,0.93798,0.93938,1660,16,0
2023-03-01 19:30:00,0.93937,0.93992,0.93911,0.93986,1570,16,0
2023-03-01 20:00:00,0.93984,0.94045,0.93974,0.94039,938,16,0
2023-03-01 20:30:00,0.9404,0.94067,0.94008,0.94064,1204,16,0
2023-03-01 21:00:00,0.94064,0.94115,0.94049,0.94092,1197,16,0
2023-03-01 21:30:00,0.94093,0.94129,0.93998,0.94022,1504,16,0
2023-03-01 22:00:00,0.94022,0.94028,0.93983,0.94007,824,16,0
2023-03-01 22:30:00,0.94008,0.94024,0.93973,0.93977,921,16,0
2023-03-01 23:00:00,0.93981,0.93983,0.93947,0.93953,412,16,0
2023-03-01 23:30:00,0.93953,0.93971,0.93941,0.93941,610,23,0
2023-03-02 00:00:00,0.93937,0.93941,0.93888,0.93902,40,32,0
2023-03-02 00:30:00,0.939,0.93941,0.939,0.9393,280,32,0
2023-03-02 01:00:00,0.93928,0.93965,0.93913,0.93935,526,20,0
2023-03-02 01:30:00,0.93936,0.93955,0.93929,0.93944,558,16,0
2023-03-02 02:00:00,0.93945,0.93972,0.93914,0.93941,838,17,0
2023-03-02 02:30:00,0.93942,0.94037,0.9393,0.94025,960,17,0
2023-03-02 03:00:00,0.94027,0.94062,0.9401,0.94052,946,17,0
2023-03-02 03:30:00,0.94052,0.94165,0.94046,0.94129,1500,16,0
2023-03-02 04:00:00,0.94129,0.94157,0.94107,0.94113,1357,17,0
2023-03-02 04:30:00,0.94114,0.9418,0.94113,0.94152,849,16,0
2023-03-02 05:00:00,0.94152,0.94204,0.94146,0.94183,1229,16,0
2023-03-02 05:30:00,0.94183,0.9422,0.94175,0.94204,687,16,0
2023-03-02 06:00:00,0.94205,0.94209,0.94185,0.942,532,16,0
2023-03-02 06:30:00,0.942,0.94212,0.94187,0.94206,642,16,0
2023-03-02 07:00:00,0.94205,0.94259,0.94202,0.94253,584,16,0
2023-03-02 07:30:00,0.94252,0.94298,0.94251,0.94267,793,16,0
2023-03-02 08:00:00,0.94268,0.94316,0.9426,0.94274,1285,16,0
2023-03-02 08:30:00,0.94275,0.94312,0.9424,0.94268,1091,16,0
2023-03-02 09:00:00,0.94264,0.94393,0.94232,0.94323,1499,16,0
2023-03-02 09:30:00,0.94324,0.94336,0.94241,0.94258,1729,16,0
2023-03-02 10:00:00,0.94263,0.94298,0.94215,0.94256,2386,16,0
2023-03-02 10:30:00,0.94257,0.94258,0.94112,0.9416,2759,16,0
2023-03-02 11:00:00,0.94159,0.94213,0.94109,0.94188,2472,16,0
2023-03-02 11:30:00,0.94188,0.94241,0.94127,0.94129,1795,16,0
2023-03-02 12:00:00,0.9413,0.94206,0.94095,0.94145,2966,16,0
2023-03-02 12:30:00,0.94145,0.9421,0.94137,0.94146,2143,16,0
2023-03-02 13:00:00,0.94145,0.94148,0.94072,0.941,1667,16,0
2023-03-02 13:30:00,0.94099,0.9413,0.94058,0.94071,1319,16,0
2023-03-02 14:00:00,0.9407,0.94072,0.93949,0.94035,1482,16,0
2023-03-02 14:30:00,0.94036,0.94198,0.94021,0.94191,1724,16,0
2023-03-02 15:00:00,0.94191,0.9422,0.94112,0.94128,1892,16,0
2023-03-02 15:30:00,0.94128,0.94336,0.94128,0.94288,4345,16,0
2023-03-02 16:00:00,0.94287,0.94288,0.94129,0.94234,2706,16,0
2023-03-02 16:30:00,0.94236,0.9426,0.94114,0.94168,4571,16,0
2023-03-02 17:00:00,0.94168,0.9437,0.94103,0.94247,3926,16,0
2023-03-02 17:30:00,0.94247,0.94279,0.94094,0.94141,3081,16,0
2023-03-02 18:00:00,0.94142,0.94175,0.94073,0.94175,2143,16,0
2023-03-02 18:30:00,0.94176,0.94222,0.9414,0.94195,1469,16,0
2023-03-02 19:00:00,0.94194,0.94304,0.9419,0.94271,1407,16,0
2023-03-02 19:30:00,0.94272,0.94393,0.94253,0.94343,1322,16,0
2023-03-02 20:00:00,0.94343,0.94371,0.94308,0.94343,1045,16,0
2023-03-02 20:30:00,0.94344,0.94346,0.94183,0.9419,1877,16,0
2023-03-02 21:00:00,0.9419,0.94195,0.94125,0.94131,2059,16,0
2023-03-02 21:30:00,0.9413,0.94195,0.94119,0.94189,1284,16,0
2023-03-02 22:00:00,0.94185,0.94226,0.94131,0.94147,1279,16,0
2023-03-02 22:30:00,0.94146,0.94206,0.94098,0.94172,1513,16,0
2023-03-02 23:00:00,0.94174,0.94202,0.94159,0.94188,459,16,0
2023-03-02 23:30:00,0.94185,0.9423,0.9417,0.94224,606,21,0
2023-03-03 00:00:00,0.94225,0.94225,0.94225,0.94225,1,39,0
2023-03-03 00:30:00,0.9413,0.94205,0.94099,0.94171,270,51,0
2023-03-03 01:00:00,0.9417,0.94195,0.94167,0.94178,388,16,0
2023-03-03 01:30:00,0.94178,0.94201,0.94172,0.9419,1100,16,0
2023-03-03 02:00:00,0.9419,0.94201,0.94153,0.94189,770,17,0
2023-03-03 02:30:00,0.94189,0.94189,0.94105,0.94116,1256,16,0
2023-03-03 03:00:00,0.94116,0.94124,0.94068,0.94106,891,17,0
2023-03-03 03:30:00,0.94104,0.94144,0.9409,0.94115,1150,16,0
2023-03-03 04:00:00,0.94115,0.94119,0.94044,0.94104,1004,17,0
2023-03-03 04:30:00,0.94103,0.94147,0.94083,0.94143,823,18,0
2023-03-03 05:00:00,0.94144,0.94148,0.94103,0.94112,821,18,0
2023-03-03 05:30:00,0.94113,0.94141,0.94104,0.9411,798,16,0
2023-03-03 06:00:00,0.9411,0.94111,0.94085,0.94095,454,18,0
2023-03-03 06:30:00,0.94095,0.94114,0.94095,0.941,471,16,0
2023-03-03 07:00:00,0.94099,0.941,0.94067,0.94071,491,17,0
2023-03-03 07:30:00,0.94072,0.94078,0.94036,0.94071,601,16,0
2023-03-03 08:00:00,0.94072,0.94073,0.93975,0.9398,642,16,0
2023-03-03 08:30:00,0.93981,0.93983,0.9391,0.93916,808,16,0
2023-03-03 09:00:00,0.93916,0.9397,0.9391,0.93939,1469,16,0
2023-03-03 09:30:00,0.93938,0.93981,0.93862,0.93977,1133,16,0
2023-03-03 10:00:00,0.93977,0.93978,0.9379,0.93868,2510,16,0
2023-03-03 10:30:00,0.93868,0.93874,0.93692,0.93715,1855,16,0
2023-03-03 11:00:00,0.93715,0.93752,0.93676,0.9375,2032,16,0
2023-03-03 11:30:00,0.93751,0.93826,0.93691,0.93775,1913,16,0
2023-03-03 12:00:00,0.93774,0.93904,0.93767,0.93816,1970,16,0
2023-03-03 12:30:00,0.93816,0.93838,0.93732,0.93825,1400,16,0
2023-03-03 13:00:00,0.93824,0.93953,0.93819,0.93943,1419,16,0
2023-03-03 13:30:00,0.93943,0.9395,0.93827,0.93876,1127,16,0
2023-03-03 14:00:00,0.93877,0.93971,0.93832,0.93942,1317,16,0
2023-03-03 14:30:00,0.93941,0.93977,0.93832,0.93842,1613,16,0
2023-03-03 15:00:00,0.93843,0.9387,0.93766,0.93791,1574,16,0
2023-03-03 15:30:00,0.93791,0.93813,0.93697,0.93769,2290,16,0
2023-03-03 16:00:00,0.93768,0.93854,0.93691,0.93821,2151,16,0
2023-03-03 16:30:00,0.9382,0.9385,0.93748,0.93824,3052,16,0
2023-03-03 17:00:00,0.93896,0.94071,0.93749,0.93816,5023,16,0
2023-03-03 17:30:00,0.93816,0.94019,0.93811,0.93947,3866,16,0
2023-03-03 18:00:00,0.93945,0.94,0.93847,0.93847,2803,16,0
2023-03-03 18:30:00,0.93847,0.93849,0.93774,0.93809,2049,16,0
2023-03-03 19:00:00,0.93808,0.9385,0.9376,0.93784,2113,16,0
2023-03-03 19:30:00,0.93784,0.93811,0.93751,0.93761,1854,16,0
2023-03-03 20:00:00,0.93761,0.93806,0.93746,0.93787,1009,16,0
2023-03-03 20:30:00,0.93787,0.93823,0.93764,0.93765,625,16,0
2023-03-03 21:00:00,0.93762,0.93769,0.93683,0.93706,1174,16,0
2023-03-03 21:30:00,0.93707,0.93714,0.9359,0.93605,1384,16,0
2023-03-03 22:00:00,0.93602,0.9364,0.93582,0.93616,1290,16,0
2023-03-03 22:30:00,0.93617,0.93658,0.93606,0.93607,1156,17,0
2023-03-03 23:00:00,0.93608,0.9365,0.936,0.93637,488,19,0
2023-03-03 23:30:00,0.93644,0.93662,0.9358,0.93593,523,21,0
2023-03-06 00:00:00,0.93648,0.93648,0.93608,0.93628,33,68,0
2023-03-06 00:30:00,0.93627,0.9364,0.93615,0.93615,61,68,0
2023-03-06 01:00:00,0.93613,0.93686,0.93613,0.93682,788,21,0
2023-03-06 01:30:00,0.93681,0.93698,0.9366,0.93694,942,18,0
2023-03-06 02:00:00,0.93695,0.93699,0.93605,0.93606,1362,16,0
2023-03-06 02:30:00,0.93606,0.93702,0.93606,0.93696,1453,17,0
2023-03-06 03:00:00,0.93697,0.93721,0.93663,0.93687,712,16,0
2023-03-06 03:30:00,0.93687,0.93687,0.93617,0.93628,971,16,0
2023-03-06 04:00:00,0.93629,0.93687,0.93623,0.9366,585,18,0
2023-03-06 04:30:00,0.9366,0.93664,0.93534,0.93562,1376,16,0
2023-03-06 05:00:00,0.93562,0.93575,0.93526,0.93556,942,16,0
2023-03-06 05:30:00,0.93556,0.93561,0.93529,0.9355,639,16,0
2023-03-06 06:00:00,0.9355,0.93579,0.93537,0.93563,511,17,0
2023-03-06 06:30:00,0.93562,0.93592,0.93555,0.93572,724,16,0
2023-03-06 07:00:00,0.93572,0.93589,0.93551,0.93565,519,16,0
2023-03-06 07:30:00,0.93563,0.93609,0.93559,0.93567,884,16,0
2023-03-06 08:00:00,0.93564,0.93628,0.93547,0.93621,928,16,0
2023-03-06 08:30:00,0.93622,0.93648,0.93544,0.93552,923,16,0
2023-03-06 09:00:00,0.93551,0.93551,0.934,0.93403,1692,16,0
2023-03-06 09:30:00,0.93372,0.93372,0.9312,0.93201,1873,16,0
2023-03-06 10:00:00,0.93201,0.93352,0.93164,0.93342,2293,16,0
2023-03-06 10:30:00,0.93342,0.93411,0.93275,0.93411,2023,16,0
2023-03-06 11:00:00,0.93411,0.93497,0.93343,0.93421,2007,16,0
2023-03-06 11:30:00,0.93422,0.93478,0.93372,0.93411,1843,16,0
2023-03-06 12:00:00,0.9341,0.93459,0.93387,0.93416,1586,16,0
2023-03-06 12:30:00,0.93417,0.9352,0.93392,0.93503,1905,16,0
2023-03-06 13:00:00,0.93502,0.93555,0.93471,0.93517,1783,16,0
2023-03-06 13:30:00,0.93515,0.93589,0.93465,0.93508,2789,16,0
2023-03-06 14:00:00,0.93508,0.93526,0.93429,0.93493,1810,16,0
2023-03-06 14:30:00,0.93493,0.93531,0.93411,0.93417,1561,16,0
2023-03-06 15:00:00,0.93417,0.93427,0.93309,0.93359,2241,16,0
2023-03-06 15:30:00,0.93359,0.93447,0.93315,0.9343,1953,16,0
2023-03-06 16:00:00,0.9343,0.93461,0.93355,0.93423,2188,16,0
2023-03-06 16:30:00,0.93422,0.93484,0.93304,0.93353,3526,16,0
2023-03-06 17:00:00,0.93353,0.93394,0.9307,0.93249,3351,16,0
2023-03-06 17:30:00,0.93249,0.93249,0.93097,0.93215,2578,16,0
2023-03-06 18:00:00,0.93215,0.93237,0.93139,0.9322,1835,16,0
2023-03-06 18:30:00,0.93221,0.93232,0.93071,0.93083,1505,16,0
2023-03-06 19:00:00,0.93082,0.93136,0.93043,0.93128,1388,16,0
2023-03-06 19:30:00,0.93129,0.93196,0.93121,0.93145,1029,16,0
2023-03-06 20:00:00,0.93145,0.93203,0.93132,0.93165,1037,16,0
2023-03-06 20:30:00,0.93164,0.93225,0.9316,0.93213,975,16,0
2023-03-06 21:00:00,0.93215,0.93263,0.93191,0.93241,726,16,0
2023-03-06 21:30:00,0.93241,0.9325,0.93183,0.93215,891,16,0
2023-03-06 22:00:00,0.93216,0.93241,0.93189,0.93221,778,16,0
2023-03-06 22:30:00,0.93221,0.93246,0.93174,0.93187,1229,16,0
2023-03-06 23:00:00,0.93187,0.93196,0.93102,0.93102,492,18,0
2023-03-06 23:30:00,0.93102,0.93112,0.93042,0.93051,441,22,0
2023-03-07 00:00:00,0.93013,0.93075,0.93013,0.93066,75,34,0
2023-03-07 00:30:00,0.93068,0.93093,0.93061,0.93089,99,32,0
2023-03-07 01:00:00,0.93089,0.93105,0.9306,0.93094,473,16,0
2023-03-07 01:30:00,0.93093,0.93093,0.93059,0.93064,531,16,0
2023-03-07 02:00:00,0.93065,0.93105,0.93058,0.93097,476,16,0
2023-03-07 02:30:00,0.93097,0.93115,0.93087,0.93111,675,16,0
2023-03-07 03:00:00,0.9311,0.93141,0.93067,0.93075,567,16,0
2023-03-07 03:30:00,0.93075,0.93117,0.93058,0.93064,818,16,0
2023-03-07 04:00:00,0.93064,0.93073,0.93,0.93024,963,16,0
2023-03-07 04:30:00,0.93025,0.93029,0.92986,0.9302,629,16,0
2023-03-07 05:00:00,0.9302,0.93049,0.93017,0.93023,486,17,0
2023-03-07 05:30:00,0.93022,0.93057,0.92975,0.92976,2056,16,0
2023-03-07 06:00:00,0.92975,0.92985,0.92961,0.92976,625,17,0
2023-03-07 06:30:00,0.92975,0.92991,0.92954,0.92978,295,16,0
2023-03-07 07:00:00,0.92978,0.9299,0.92944,0.92954,410,16,0
2023-03-07 07:30:00,0.92955,0.93006,0.92955,0.92989,636,16,0
2023-03-07 08:00:00,0.9299,0.92999,0.92957,0.92988,776,17,0
2023-03-07 08:30:00,0.92988,0.93027,0.92946,0.93021,670,16,0
2023-03-07 09:00:00,0.93009,0.93012,0.92883,0.92903,1524,16,0
2023-03-07 09:30:00,0.92903,0.92957,0.92849,0.92915,1472,16,0
2023-03-07 10:00:00,0.92916,0.9311,0.92888,0.92995,2089,16,0
2023-03-07 10:30:00,0.92997,0.93107,0.92978,0.93073,1799,16,0
2023-03-07 11:00:00,0.93074,0.93173,0.93074,0.93127,2263,16,0
2023-03-07 11:30:00,0.93128,0.93274,0.93074,0.93262,1820,16,0
2023-03-07 12:00:00,0.9326,0.93282,0.93197,0.93248,1404,16,0
2023-03-07 12:30:00,0.93248,0.93295,0.93225,0.93294,1355,16,0
2023-03-07 13:00:00,0.93295,0.9332,0.93205,0.93238,1448,16,0
2023-03-07 13:30:00,0.93238,0.93381,0.93233,0.9338,1386,16,0
2023-03-07 14:00:00,0.9338,0.93417,0.93333,0.9341,1448,16,0
2023-03-07 14:30:00,0.93413,0.93454,0.93317,0.93319,1856,16,0
2023-03-07 15:00:00,0.93318,0.93394,0.93277,0.93378,2074,16,0
2023-03-07 15:30:00,0.93377,0.93458,0.93344,0.93435,1940,16,0
2023-03-07 16:00:00,0.93435,0.93543,0.9341,0.93511,2349,16,0
2023-03-07 16:30:00,0.93511,0.93583,0.9345,0.9346,2960,16,0
2023-03-07 17:00:00,0.9346,0.93981,0.9346,0.9386,8858,16,0
2023-03-07 17:30:00,0.93857,0.94089,0.93804,0.94021,7061,16,0
2023-03-07 18:00:00,0.94023,0.94102,0.93899,0.94099,5063,16,0
2023-03-07 18:30:00,0.94099,0.94132,0.94007,0.94128,3955,16,0
2023-03-07 19:00:00,0.94129,0.94162,0.93963,0.94034,4110,16,0
2023-03-07 19:30:00,0.94034,0.94139,0.94017,0.94104,2816,16,0
2023-03-07 20:00:00,0.94103,0.94148,0.94018,0.94047,2492,16,0
2023-03-07 20:30:00,0.94048,0.9411,0.93968,0.94071,2586,16,0
2023-03-07 21:00:00,0.94072,0.94193,0.94039,0.94167,1937,16,0
2023-03-07 21:30:00,0.94166,0.94239,0.94149,0.94167,1423,16,0
2023-03-07 22:00:00,0.94166,0.94178,0.94124,0.94164,1415,16,0
2023-03-07 22:30:00,0.94166,0.94208,0.94142,0.94189,1022,17,0
2023-03-07 23:00:00,0.94189,0.94218,0.94166,0.94215,430,18,0
2023-03-07 23:30:00,0.94213,0.94225,0.94139,0.94184,466,21,0
2023-03-08 00:00:00,0.9416,0.9416,0.9406,0.94124,16,62,0
2023-03-08 00:30:00,0.94123,0.94165,0.94092,0.94092,233,44,0
2023-03-08 01:00:00,0.94117,0.94221,0.94113,0.94176,685,16,0
2023-03-08 01:30:00,0.94175,0.94223,0.94175,0.94222,459,18,0
2023-03-08 02:00:00,0.94222,0.94253,0.9421,0.94238,564,16,0
2023-03-08 02:30:00,0.94237,0.94237,0.94173,0.94177,794,16,0
2023-03-08 03:00:00,0.94176,0.94227,0.94176,0.94216,817,16,0
2023-03-08 03:30:00,0.94216,0.94245,0.94185,0.94231,1351,16,0
2023-03-08 04:00:00,0.94232,0.94261,0.94219,0.94258,810,16,0
2023-03-08 04:30:00,0.94258,0.94347,0.94254,0.9434,717,16,0
2023-03-08 05:00:00,0.9434,0.94343,0.94281,0.9431,1001,16,0
2023-03-08 05:30:00,0.9431,0.94363,0.94295,0.94356,505,16,0
2023-03-08 06:00:00,0.94357,0.94357,0.94294,0.94331,622,16,0
2023-03-08 06:30:00,0.9433,0.94361,0.94296,0.94305,743,16,0
2023-03-08 07:00:00,0.94305,0.9438,0.94302,0.94347,748,16,0
2023-03-08 07:30:00,0.94347,0.94356,0.94304,0.94321,964,17,0
2023-03-08 08:00:00,0.94321,0.9433,0.94274,0.94328,980,16,0
2023-03-08 08:30:00,0.94327,0.94328,0.94265,0.94269,931,16,0
2023-03-08 09:00:00,0.94271,0.94295,0.94235,0.94272,1379,16,0
2023-03-08 09:30:00,0.94273,0.94284,0.94175,0.94209,1555,16,0
2023-03-08 10:00:00,0.94209,0.94241,0.94145,0.94207,1938,16,0
2023-03-08 10:30:00,0.94207,0.94258,0.94159,0.94235,1440,16,0
2023-03-08 11:00:00,0.94235,0.94316,0.94181,0.94262,1844,16,0
2023-03-08 11:30:00,0.94263,0.94289,0.94199,0.94256,1525,16,0
2023-03-08 12:00:00,0.94256,0.94299,0.94189,0.94287,1827,16,0
2023-03-08 12:30:00,0.94287,0.94299,0.94202,0.94281,1444,16,0
2023-03-08 13:00:00,0.94282,0.94315,0.9421,0.94296,1147,16,0
2023-03-08 13:30:00,0.94296,0.94325,0.94254,0.94315,990,16,0
2023-03-08 14:00:00,0.94314,0.94336,0.94246,0.94272,1111,16,0
2023-03-08 14:30:00,0.94272,0.94275,0.94204,0.9422,1119,16,0
2023-03-08 15:00:00,0.9422,0.94272,0.94127,0.94244,2893,16,0
2023-03-08 15:30:00,0.94242,0.94259,0.94123,0.94192,2585,16,0
2023-03-08 16:00:00,0.94191,0.94197,0.94107,0.94159,2439,16,0
2023-03-08 16:30:00,0.94155,0.94155,0.94033,0.94107,3142,16,0
2023-03-08 17:00:00,0.94107,0.94347,0.9392,0.94037,7414,16,0
2023-03-08 17:30:00,0.94037,0.94143,0.93875,0.94031,5260,17,0
2023-03-08 18:00:00,0.94028,0.94045,0.93881,0.9396,2791,17,0
2023-03-08 18:30:00,0.93961,0.94,0.93893,0.93947,1787,17,0
2023-03-08 19:00:00,0.93947,0.94092,0.93933,0.94089,1645,16,0
2023-03-08 19:30:00,0.9409,0.9414,0.94033,0.94124,1775,16,0
2023-03-08 20:00:00,0.94124,0.94185,0.94102,0.9417,2507,16,0
2023-03-08 20:30:00,0.94171,0.94207,0.94127,0.94141,1256,16,0
2023-03-08 21:00:00,0.94141,0.94161,0.94079,0.94079,982,16,0
2023-03-08 21:30:00,0.94078,0.94139,0.94073,0.9411,818,16,0
2023-03-08 22:00:00,0.94111,0.94162,0.94099,0.94148,820,16,0
2023-03-08 22:30:00,0.94149,0.94154,0.94091,0.94113,847,16,0
2023-03-08 23:00:00,0.94113,0.94135,0.94113,0.94115,248,20,0
2023-03-08 23:30:00,0.94114,0.9416,0.94114,0.94138,410,21,0
2023-03-09 00:00:00,0.94136,0.94169,0.93993,0.9407,74,48,0
2023-03-09 00:30:00,0.94096,0.94103,0.94071,0.94095,52,98,0
2023-03-09 01:00:00,0.94068,0.94122,0.94066,0.94085,454,21,0
2023-03-09 01:30:00,0.94085,0.94091,0.94063,0.94079,481,16,0
2023-03-09 02:00:00,0.94079,0.9408,0.94016,0.94036,676,18,0
2023-03-09 02:30:00,0.94035,0.94096,0.94029,0.94062,984,16,0
2023-03-09 03:00:00,0.94061,0.94095,0.94045,0.94072,414,17,0
2023-03-09 03:30:00,0.94074,0.94154,0.94074,0.94131,714,16,0
2023-03-09 04:00:00,0.94131,0.94138,0.9409,0.94101,551,16,0
2023-03-09 04:30:00,0.941,0.94104,0.9406,0.94087,624,16,0
2023-03-09 05:00:00,0.94088,0.941,0.94052,0.94065,436,18,0
2023-03-09 05:30:00,0.94066,0.94067,0.94032,0.94041,594,17,0
2023-03-09 06:00:00,0.94041,0.94066,0.94036,0.94044,395,17,0
2023-03-09 06:30:00,0.94043,0.94054,0.93999,0.94015,497,18,0
2023-03-09 07:00:00,0.94015,0.94025,0.93969,0.93991,644,18,0
2023-03-09 07:30:00,0.93992,0.94012,0.93974,0.93999,444,16,0
2023-03-09 08:00:00,0.93999,0.94032,0.93982,0.94004,820,16,0
2023-03-09 08:30:00,0.94004,0.94032,0.93955,0.93964,743,16,0
2023-03-09 09:00:00,0.93966,0.93992,0.93892,0.93906,1786,16,0
2023-03-09 09:30:00,0.93906,0.93944,0.93841,0.93876,1284,16,0
2023-03-09 10:00:00,0.93874,0.93972,0.93856,0.93928,1546,16,0
2023-03-09 10:30:00,0.93929,0.93954,0.93832,0.93915,1725,16,0
2023-03-09 11:00:00,0.93915,0.93943,0.93773,0.93774,902,16,0
2023-03-09 11:30:00,0.93773,0.93797,0.93707,0.93708,1604,16,0
2023-03-09 12:00:00,0.93707,0.93794,0.93693,0.9376,1371,16,0
2023-03-09 12:30:00,0.93757,0.93805,0.93704,0.93731,1175,16,0
2023-03-09 13:00:00,0.93731,0.93749,0.9366,0.9367,1390,16,0
2023-03-09 13:30:00,0.93671,0.93759,0.93668,0.93758,1240,16,0
2023-03-09 14:00:00,0.93758,0.93833,0.93746,0.93829,1336,16,0
2023-03-09 14:30:00,0.93829,0.939,0.93818,0.93859,1198,16,0
2023-03-09 15:00:00,0.93859,0.93928,0.93828,0.93875,2082,16,0
2023-03-09 15:30:00,0.93833,0.93852,0.93711,0.93722,4223,16,0
2023-03-09 16:00:00,0.93722,0.93837,0.9365,0.9379,3050,16,0
2023-03-09 16:30:00,0.93791,0.93826,0.9356,0.93675,3147,16,0
2023-03-09 17:00:00,0.93675,0.93701,0.93584,0.93621,2227,16,0
2023-03-09 17:30:00,0.9362,0.93691,0.93536,0.9367,2164,16,0
2023-03-09 18:00:00,0.93672,0.93732,0.93612,0.93651,1652,16,0
2023-03-09 18:30:00,0.93651,0.93651,0.93581,0.93634,1500,16,0
2023-03-09 19:00:00,0.93634,0.93712,0.9362,0.9368,1391,16,0
2023-03-09 19:30:00,0.93679,0.93684,0.93615,0.93627,1038,16,0
2023-03-09 20:00:00,0.93627,0.93681,0.93558,0.93633,1921,16,0
2023-03-09 20:30:00,0.93633,0.93643,0.93449,0.93459,1497,16,0
2023-03-09 21:00:00,0.9346,0.93516,0.93445,0.9351,1379,16,0
2023-03-09 21:30:00,0.9351,0.93655,0.93505,0.93651,1257,16,0
2023-03-09 22:00:00,0.93653,0.93653,0.93509,0.93529,2195,16,0
2023-03-09 22:30:00,0.93529,0.93557,0.9337,0.93382,2788,16,0
2023-03-09 23:00:00,0.93381,0.93422,0.93235,0.93312,1195,17,0
2023-03-09 23:30:00,0.93311,0.93338,0.93208,0.93216,836,21,0
2023-03-10 00:00:00,0.93221,0.93231,0.93197,0.93231,7,56,0
2023-03-10 00:30:00,0.93214,0.93274,0.9319,0.93253,138,70,0
2023-03-10 01:00:00,0.93261,0.9332,0.93232,0.93299,2235,16,0
2023-03-10 01:30:00,0.93299,0.93302,0.9325,0.93281,2443,17,0
2023-03-10 02:00:00,0.93281,0.93282,0.9318,0.93182,2031,16,0
2023-03-10 02:30:00,0.93183,0.93204,0.93138,0.93156,1163,16,0
2023-03-10 03:00:00,0.93156,0.93245,0.93152,0.93208,1635,16,0
2023-03-10 03:30:00,0.93209,0.93226,0.9318,0.93184,2406,16,0
2023-03-10 04:00:00,0.93184,0.93189,0.93123,0.93178,1779,16,0
2023-03-10 04:30:00,0.93177,0.93251,0.93046,0.93056,3093,16,0
2023-03-10 05:00:00,0.93058,0.93132,0.92987,0.92993,1918,16,0
2023-03-10 05:30:00,0.92992,0.93006,0.92838,0.92842,1291,16,0
2023-03-10 06:00:00,0.92843,0.92882,0.92807,0.92865,1101,16,0
2023-03-10 06:30:00,0.92865,0.92919,0.92852,0.92916,1211,16,0
2023-03-10 07:00:00,0.92917,0.92992,0.92898,0.92988,1022,17,0
2023-03-10 07:30:00,0.92986,0.93051,0.92967,0.9304,1022,18,0
2023-03-10 08:00:00,0.93039,0.93061,0.9299,0.93045,1052,16,0
2023-03-10 08:30:00,0.93046,0.9312,0.92971,0.92975,1352,16,0
2023-03-10 09:00:00,0.92975,0.92989,0.92861,0.92918,2383,16,0
2023-03-10 09:30:00,0.92919,0.93048,0.92891,0.92992,2118,16,0
2023-03-10 10:00:00,0.92992,0.9313,0.92961,0.93097,2835,16,0
2023-03-10 10:30:00,0.93097,0.93158,0.92991,0.9306,2725,16,0
2023-03-10 11:00:00,0.93062,0.93077,0.92891,0.92989,1806,16,0
2023-03-10 11:30:00,0.92989,0.93029,0.92898,0.9302,2171,16,0
2023-03-10 12:00:00,0.93021,0.93046,0.92939,0.92944,1521,16,0
2023-03-10 12:30:00,0.92944,0.92972,0.92868,0.9296,1583,16,0
2023-03-10 13:00:00,0.9296,0.92965,0.92746,0.92746,1222,16,0
2023-03-10 13:30:00,0.92746,0.92772,0.92676,0.92754,1767,16,0
2023-03-10 14:00:00,0.92755,0.92958,0.92755,0.92819,2068,16,0
2023-03-10 14:30:00,0.92818,0.92832,0.92583,0.9265,2450,16,0
2023-03-10 15:00:00,0.9265,0.92827,0.92641,0.92776,3132,16,0
2023-03-10 15:30:00,0.92778,0.92778,0.92294,0.92527,8512,16,0
2023-03-10 16:00:00,0.92527,0.92611,0.92014,0.92019,7526,16,0
2023-03-10 16:30:00,0.92019,0.9208,0.9179,0.91964,8496,16,0
2023-03-10 17:00:00,0.91966,0.91976,0.91765,0.91831,6893,16,0
2023-03-10 17:30:00,0.91827,0.91919,0.91738,0.91909,5331,16,0
2023-03-10 18:00:00,0.91908,0.92079,0.91906,0.92057,4005,16,0
2023-03-10 18:30:00,0.92057,0.92158,0.91987,0.92128,5607,16,0
2023-03-10 19:00:00,0.92127,0.92154,0.92,0.92001,2993,16,0
2023-03-10 19:30:00,0.92,0.92036,0.91785,0.91871,2918,16,0
2023-03-10 20:00:00,0.91872,0.92051,0.91837,0.92044,1987,16,0
2023-03-10 20:30:00,0.92044,0.92134,0.92028,0.92123,2716,16,0
2023-03-10 21:00:00,0.92123,0.92155,0.92056,0.92146,2420,16,0
2023-03-10 21:30:00,0.9215,0.92188,0.92104,0.92111,3082,16,0
2023-03-10 22:00:00,0.92112,0.92153,0.92081,0.92134,2061,16,0
2023-03-10 22:30:00,0.92134,0.92153,0.92099,0.92132,1837,16,0
2023-03-10 23:00:00,0.9213,0.92167,0.92115,0.92163,858,16,0
2023-03-10 23:30:00,0.92164,0.92191,0.9209,0.92103,1280,21,0
2023-03-13 00:00:00,0.91742,0.91747,0.915,0.91689,868,30,0
2023-03-13 00:30:00,0.9169,0.91761,0.91591,0.91637,783,18,0
2023-03-13 01:00:00,0.91697,0.91711,0.91507,0.9163,1987,16,0
2023-03-13 01:30:00,0.91631,0.91949,0.91619,0.91917,2421,16,0
2023-03-13 02:00:00,0.9191,0.9195,0.91754,0.91793,4158,16,0
2023-03-13 02:30:00,0.91792,0.91906,0.91777,0.91902,2642,16,0
2023-03-13 03:00:00,0.91902,0.91939,0.91848,0.91904,3233,16,0
2023-03-13 03:30:00,0.91905,0.92018,0.91904,0.91984,1438,16,0
2023-03-13 04:00:00,0.91984,0.91993,0.91706,0.91724,2638,16,0
2023-03-13 04:30:00,0.91725,0.91726,0.91511,0.91527,3801,16,0
2023-03-13 05:00:00,0.91526,0.91644,0.91516,0.91642,2681,16,0
2023-03-13 05:30:00,0.91642,0.91656,0.91557,0.91655,2754,16,0
2023-03-13 06:00:00,0.91654,0.91699,0.91617,0.91634,3166,16,0
2023-03-13 06:30:00,0.91634,0.91703,0.91631,0.91691,1426,17,0
2023-03-13 07:00:00,0.91694,0.91719,0.91649,0.91685,1688,16,0
2023-03-13 07:30:00,0.91685,0.91745,0.91662,0.91723,2468,17,0
2023-03-13 08:00:00,0.91726,0.91743,0.91615,0.91714,2028,17,0
2023-03-13 08:30:00,0.91713,0.91758,0.91617,0.91685,1807,16,0
2023-03-13 09:00:00,0.91685,0.91702,0.91623,0.91634,2895,16,0
2023-03-13 09:30:00,0.91634,0.91693,0.9152,0.91589,3391,16,0
2023-03-13 10:00:00,0.91587,0.91612,0.91433,0.9153,4818,16,0
2023-03-13 10:30:00,0.9153,0.91627,0.91508,0.9156,3815,16,0
2023-03-13 11:00:00,0.9156,0.9159,0.91275,0.91329,6149,16,0
2023-03-13 11:30:00,0.9133,0.9143,0.90973,0.91351,8036,16,0
2023-03-13 12:00:00,0.91352,0.91468,0.91222,0.91438,5632,16,0
2023-03-13 12:30:00,0.91439,0.9155,0.91396,0.91462,5095,16,0
2023-03-13 13:00:00,0.91461,0.91557,0.91364,0.91502,3480,16,0
2023-03-13 13:30:00,0.91504,0.91508,0.91256,0.91422,5141,16,0
2023-03-13 14:00:00,0.91423,0.91572,0.91302,0.91347,8911,16,0
2023-03-13 14:30:00,0.91348,0.91349,0.90921,0.90975,7894,16,0
2023-03-13 15:00:00,0.90975,0.91213,0.90955,0.91184,6562,16,0
2023-03-13 15:30:00,0.91182,0.91204,0.90952,0.91012,5459,16,0
2023-03-13 16:00:00,0.91014,0.91072,0.90704,0.91057,5983,16,0
2023-03-13 16:30:00,0.91056,0.91196,0.90886,0.91023,6636,16,0
2023-03-13 17:00:00,0.91022,0.91178,0.90999,0.91049,5686,16,0
2023-03-13 17:30:00,0.91048,0.91265,0.91027,0.91175,5290,16,0
2023-03-13 18:00:00,0.91173,0.91202,0.90986,0.91044,4852,16,0
2023-03-13 18:30:00,0.91043,0.91126,0.90978,0.9109,3348,16,0
2023-03-13 19:00:00,0.9109,0.91143,0.90938,0.9099,2748,16,0
2023-03-13 19:30:00,0.90991,0.91114,0.90934,0.91084,2548,16,0
2023-03-13 20:00:00,0.91085,0.91134,0.91038,0.91078,2736,16,0
2023-03-13 20:30:00,0.91078,0.91137,0.91008,0.91067,3689,16,0
2023-03-13 21:00:00,0.91067,0.91211,0.91067,0.9115,3419,16,0
2023-03-13 21:30:00,0.91156,0.91164,0.91091,0.91147,2687,16,0
2023-03-13 22:00:00,0.91147,0.91233,0.91104,0.91186,1776,16,0
2023-03-13 22:30:00,0.91186,0.91212,0.9112,0.91142,1220,23,0
2023-03-13 23:00:00,0.91175,0.91177,0.91136,0.91149,84,43,0
2023-03-13 23:30:00,0.91143,0.91193,0.91137,0.91168,431,28,0
2023-03-14 00:00:00,0.91167,0.91176,0.91091,0.91112,2121,17,0
2023-03-14 00:30:00,0.91112,0.91194,0.91097,0.91187,402,30,0
2023-03-14 01:00:00,0.91187,0.91239,0.9118,0.91204,751,16,0
2023-03-14 01:30:00,0.91204,0.91258,0.91202,0.91248,707,19,0
2023-03-14 02:00:00,0.91252,0.91269,0.91175,0.91211,2325,16,0
2023-03-14 02:30:00,0.9121,0.91245,0.91183,0.91226,2023,18,0
2023-03-14 03:00:00,0.91227,0.9129,0.91201,0.91277,1651,16,0
2023-03-14 03:30:00,0.91279,0.91338,0.91272,0.91296,1868,17,0
2023-03-14 04:00:00,0.91296,0.91337,0.91268,0.91331,1249,17,0
2023-03-14 04:30:00,0.91331,0.91368,0.91316,0.91348,1095,17,0
2023-03-14 05:00:00,0.91348,0.91361,0.91305,0.91353,1274,19,0
2023-03-14 05:30:00,0.91353,0.91384,0.91313,0.91376,1497,16,0
2023-03-14 06:00:00,0.91373,0.91384,0.91348,0.91373,784,18,0
2023-03-14 06:30:00,0.91373,0.91444,0.91366,0.91407,671,16,0
2023-03-14 07:00:00,0.91408,0.91418,0.91346,0.91384,1171,16,0
2023-03-14 07:30:00,0.91385,0.91385,0.9131,0.91314,1515,17,0
2023-03-14 08:00:00,0.91314,0.9134,0.91043,0.91302,4738,16,0
2023-03-14 08:30:00,0.91302,0.9138,0.91282,0.91293,2199,16,0
2023-03-14 09:00:00,0.91286,0.91319,0.91159,0.9125,4632,16,0
2023-03-14 09:30:00,0.91251,0.914,0.91242,0.9125,4804,16,0
2023-03-14 10:00:00,0.91252,0.91436,0.91197,0.91358,3990,16,0
2023-03-14 10:30:00,0.91357,0.91388,0.9119,0.91204,3199,16,0
2023-03-14 11:00:00,0.91208,0.91308,0.91204,0.91277,2946,16,0
2023-03-14 11:30:00,0.91276,0.91313,0.91107,0.91156,3317,16,0
2023-03-14 12:00:00,0.91157,0.91271,0.91125,0.91126,1758,16,0
2023-03-14 12:30:00,0.91125,0.91145,0.90995,0.91006,2115,16,0
2023-03-14 13:00:00,0.91006,0.91151,0.91004,0.91133,1841,16,0
2023-03-14 13:30:00,0.91133,0.91181,0.9112,0.91158,1851,16,0
2023-03-14 14:00:00,0.91158,0.91181,0.91046,0.91101,4300,16,0
2023-03-14 14:30:00,0.91103,0.91382,0.90943,0.91091,10168,16,0
2023-03-14 15:00:00,0.91091,0.91258,0.91048,0.91193,7090,16,0
2023-03-14 15:30:00,0.91193,0.91636,0.91171,0.91543,5952,16,0
2023-03-14 16:00:00,0.91542,0.91604,0.91361,0.91461,4905,16,0
2023-03-14 16:30:00,0.91461,0.91637,0.91432,0.91613,4241,16,0
2023-03-14 17:00:00,0.91613,0.91618,0.91445,0.91482,2998,16,0
2023-03-14 17:30:00,0.91482,0.91515,0.91291,0.9137,3055,16,0
2023-03-14 18:00:00,0.9137,0.91559,0.91319,0.91556,2605,16,0
2023-03-14 18:30:00,0.91556,0.91605,0.91472,0.91501,3940,16,0
2023-03-14 19:00:00,0.91502,0.91504,0.91258,0.91347,4479,16,0
2023-03-14 19:30:00,0.91347,0.91392,0.91256,0.91367,3299,16,0
2023-03-14 20:00:00,0.91367,0.91419,0.91261,0.91265,2547,16,0
2023-03-14 20:30:00,0.91265,0.91343,0.91211,0.91314,3005,16,0
2023-03-14 21:00:00,0.91314,0.91336,0.91225,0.91275,3001,16,0
2023-03-14 21:30:00,0.91276,0.91295,0.91214,0.91276,1932,16,0
2023-03-14 22:00:00,0.91277,0.91361,0.91271,0.91361,788,18,0
2023-03-14 22:30:00,0.91359,0.9141,0.91349,0.914,679,21,0
2023-03-14 23:00:00,0.914,0.914,0.9129,0.91327,52,43,0
2023-03-14 23:30:00,0.91328,0.91375,0.91322,0.91368,572,43,0
2023-03-15 00:00:00,0.91369,0.91395,0.91316,0.91348,4729,16,0
2023-03-15 00:30:00,0.91347,0.91397,0.91345,0.91379,6668,16,0
2023-03-15 01:00:00,0.91375,0.91418,0.91352,0.91414,1194,19,0
2023-03-15 01:30:00,0.91414,0.9146,0.91403,0.91449,509,16,0
2023-03-15 02:00:00,0.91448,0.91478,0.91426,0.91438,1647,16,0
2023-03-15 02:30:00,0.91439,0.91461,0.91392,0.91418,1592,18,0
2023-03-15 03:00:00,0.91417,0.91426,0.91384,0.91423,1646,16,0
2023-03-15 03:30:00,0.91424,0.91433,0.91357,0.91375,1360,16,0
2023-03-15 04:00:00,0.91376,0.91379,0.91237,0.91293,2910,16,0
2023-03-15 04:30:00,0.91292,0.91295,0.91222,0.91272,1846,19,0
2023-03-15 05:00:00,0.91273,0.91311,0.91262,0.91303,1636,19,0
2023-03-15 05:30:00,0.91303,0.91335,0.91298,0.91323,2219,16,0
2023-03-15 06:00:00,0.91322,0.91336,0.91303,0.91326,1758,17,0
2023-03-15 06:30:00,0.91327,0.91419,0.91324,0.91385,987,17,0
2023-03-15 07:00:00,0.91384,0.91436,0.9138,0.9143,1201,19,0
2023-03-15 07:30:00,0.9143,0.91441,0.91385,0.91428,1009,16,0
2023-03-15 08:00:00,0.91427,0.91498,0.91392,0.91444,1732,16,0
2023-03-15 08:30:00,0.91445,0.91497,0.91419,0.91496,2005,16,0
2023-03-15 09:00:00,0.91489,0.91505,0.91421,0.91497,3318,16,0
2023-03-15 09:30:00,0.91498,0.91587,0.91434,0.91446,3394,16,0
2023-03-15 10:00:00,0.91449,0.91584,0.91411,0.91568,4465,16,0
2023-03-15 10:30:00,0.91569,0.91599,0.91438,0.91518,2708,16,0
2023-03-15 11:00:00,0.91517,0.91607,0.91461,0.91578,3518,16,0
2023-03-15 11:30:00,0.91578,0.9185,0.91576,0.91839,6133,16,0
2023-03-15 12:00:00,0.91836,0.91939,0.91756,0.9192,3742,16,0
2023-03-15 12:30:00,0.91921,0.92229,0.91902,0.92218,4874,16,0
2023-03-15 13:00:00,0.92224,0.92564,0.92197,0.92486,5677,16,0
2023-03-15 13:30:00,0.92491,0.92497,0.9207,0.92254,6732,16,0
2023-03-15 14:00:00,0.92253,0.92463,0.92081,0.92171,5293,16,0
2023-03-15 14:30:00,0.92172,0.92275,0.91954,0.9216,7888,16,0
2023-03-15 15:00:00,0.92161,0.92466,0.92118,0.92465,7350,16,0
2023-03-15 15:30:00,0.92466,0.9248,0.92221,0.92277,7443,16,0
2023-03-15 16:00:00,0.92277,0.92282,0.92028,0.92166,7131,16,0
2023-03-15 16:30:00,0.92164,0.92317,0.92044,0.92169,6967,16,0
2023-03-15 17:00:00,0.92168,0.92279,0.92106,0.92149,6809,16,0
2023-03-15 17:30:00,0.92149,0.92457,0.92136,0.92421,4601,16,0
2023-03-15 18:00:00,0.92421,0.92507,0.92351,0.92431,5033,16,0
2023-03-15 18:30:00,0.9243,0.92844,0.92416,0.92783,4653,16,0
2023-03-15 19:00:00,0.92784,0.92898,0.92624,0.92812,6215,16,0
2023-03-15 19:30:00,0.92812,0.93171,0.92805,0.93058,3894,16,0
2023-03-15 20:00:00,0.93057,0.93237,0.93011,0.93056,4126,16,0
2023-03-15 20:30:00,0.93058,0.93058,0.92826,0.92902,7916,16,0
2023-03-15 21:00:00,0.92902,0.92918,0.92753,0.9285,6506,16,0
2023-03-15 21:30:00,0.92851,0.93211,0.92833,0.93152,4857,16,0
2023-03-15 22:00:00,0.93155,0.93331,0.93136,0.93328,3062,17,0
2023-03-15 22:30:00,0.93323,0.93368,0.93273,0.93285,2013,21,0
2023-03-15 23:00:00,0.9328,0.93313,0.93266,0.93302,85,48,0
2023-03-15 23:30:00,0.93281,0.93308,0.93262,0.93281,136,53,0
2023-03-16 00:00:00,0.93281,0.93392,0.93257,0.93264,1611,18,0
2023-03-16 00:30:00,0.93264,0.93264,0.93169,0.93205,1762,17,0
2023-03-16 01:00:00,0.93204,0.93229,0.93121,0.93152,3033,16,0
2023-03-16 01:30:00,0.93152,0.93156,0.93091,0.93143,3668,16,0
2023-03-16 02:00:00,0.93143,0.93159,0.92971,0.93015,5951,16,0
2023-03-16 02:30:00,0.93013,0.93188,0.92973,0.93161,6489,16,0
2023-03-16 03:00:00,0.9316,0.93193,0.93089,0.93146,4852,16,0
2023-03-16 03:30:00,0.93147,0.93197,0.93068,0.93071,2992,16,0
2023-03-16 04:00:00,0.93071,0.93167,0.9304,0.93157,3544,16,0
2023-03-16 04:30:00,0.93156,0.93189,0.93112,0.93118,3923,16,0
2023-03-16 05:00:00,0.93117,0.9313,0.93022,0.93023,3062,16,0
2023-03-16 05:30:00,0.93023,0.93078,0.9301,0.93043,2012,16,0
2023-03-16 06:00:00,0.93049,0.93069,0.92974,0.93022,2653,16,0
2023-03-16 06:30:00,0.93021,0.9303,0.92969,0.93005,870,17,0
2023-03-16 07:00:00,0.93005,0.93057,0.92925,0.92946,1345,17,0
2023-03-16 07:30:00,0.92947,0.92999,0.92919,0.92983,1833,16,0
2023-03-16 08:00:00,0.92983,0.93005,0.92927,0.92952,1671,16,0
2023-03-16 08:30:00,0.92952,0.92955,0.92857,0.92887,2256,16,0
2023-03-16 09:00:00,0.92888,0.92948,0.92796,0.92861,3796,16,0
2023-03-16 09:30:00,0.92863,0.92863,0.92435,0.92469,5405,16,0
2023-03-16 10:00:00,0.9247,0.92512,0.92283,0.92394,4618,16,0
2023-03-16 10:30:00,0.92393,0.92619,0.92377,0.92613,4407,16,0
2023-03-16 11:00:00,0.92612,0.92709,0.92508,0.9268,3448,16,0
2023-03-16 11:30:00,0.92679,0.92734,0.9262,0.92714,2884,16,0
2023-03-16 12:00:00,0.92713,0.92919,0.92706,0.92906,1984,16,0
2023-03-16 12:30:00,0.92906,0.93026,0.92873,0.92876,2118,16,0
2023-03-16 13:00:00,0.92876,0.9294,0.92837,0.92921,3712,16,0
2023-03-16 13:30:00,0.92922,0.92944,0.92675,0.92675,2272,16,0
2023-03-16 14:00:00,0.92675,0.92767,0.92616,0.92764,2960,16,0
2023-03-16 14:30:00,0.92752,0.92806,0.92559,0.9264,6227,16,0
2023-03-16 15:00:00,0.92641,0.92885,0.92618,0.92809,6286,16,0
2023-03-16 15:30:00,0.92809,0.92857,0.92633,0.92777,7855,16,0
2023-03-16 16:00:00,0.92778,0.93023,0.92701,0.93016,7536,16,0
2023-03-16 16:30:00,0.93018,0.93131,0.92845,0.92995,7253,16,0
2023-03-16 17:00:00,0.92995,0.93107,0.92853,0.92949,6732,16,0
2023-03-16 17:30:00,0.92952,0.93215,0.92882,0.92987,6564,16,0
2023-03-16 18:00:00,0.92984,0.93032,0.92838,0.92859,4578,16,0
2023-03-16 18:30:00,0.92858,0.92922,0.92835,0.92914,4818,16,0
2023-03-16 19:00:00,0.92914,0.92964,0.92873,0.92957,3619,16,0
2023-03-16 19:30:00,0.92957,0.9319,0.92926,0.93161,3835,16,0
2023-03-16 20:00:00,0.93162,0.93172,0.93006,0.93013,2475,16,0
2023-03-16 20:30:00,0.93013,0.93041,0.92901,0.92993,4776,16,0
2023-03-16 21:00:00,0.92993,0.92993,0.92839,0.92885,3090,16,0
2023-03-16 21:30:00,0.92886,0.93004,0.92869,0.92975,3004,16,0
2023-03-16 22:00:00,0.92975,0.92992,0.92942,0.92992,1458,17,0
2023-03-16 22:30:00,0.92991,0.93004,0.92905,0.9292,1910,21,0
2023-03-16 23:00:00,0.92921,0.92934,0.92893,0.92932,33,39,0
2023-03-16 23:30:00,0.92932,0.92943,0.92888,0.9291,224,60,0
2023-03-17 00:00:00,0.9291,0.92991,0.9291,0.92935,2214,16,0
2023-03-17 00:30:00,0.92934,0.92954,0.92927,0.9294,2036,16,0
2023-03-17 01:00:00,0.92939,0.92943,0.92903,0.92908,803,20,0
2023-03-17 01:30:00,0.92907,0.92923,0.9288,0.92918,1884,16,0
2023-03-17 02:00:00,0.92918,0.92949,0.92875,0.92935,2272,16,0
2023-03-17 02:30:00,0.92936,0.92946,0.92895,0.92909,1492,17,0
2023-03-17 03:00:00,0.9291,0.92924,0.92783,0.92785,2772,16,0
2023-03-17 03:30:00,0.92784,0.92817,0.92763,0.92789,2177,16,0
2023-03-17 04:00:00,0.9279,0.92792,0.92712,0.92717,2405,16,0
2023-03-17 04:30:00,0.92716,0.92736,0.92685,0.92736,2483,17,0
2023-03-17 05:00:00,0.92738,0.92757,0.92647,0.92672,2401,17,0
2023-03-17 05:30:00,0.92674,0.92731,0.92669,0.92701,1025,16,0
2023-03-17 06:00:00,0.92703,0.92713,0.9266,0.92679,2920,17,0
2023-03-17 06:30:00,0.9268,0.92703,0.92635,0.92635,3824,17,0
2023-03-17 07:00:00,0.92634,0.92653,0.92604,0.92623,3938,19,0
2023-03-17 07:30:00,0.92622,0.92626,0.92569,0.92595,1670,16,0
2023-03-17 08:00:00,0.92595,0.92668,0.92592,0.9261,1434,16,0
2023-03-17 08:30:00,0.9261,0.92631,0.92486,0.92493,1509,18,0
2023-03-17 09:00:00,0.92494,0.92565,0.92485,0.92554,3441,16,0
2023-03-17 09:30:00,0.92554,0.92572,0.92397,0.92484,2676,16,0
2023-03-17 10:00:00,0.9248,0.92705,0.9247,0.92685,5157,16,0
2023-03-17 10:30:00,0.92685,0.92685,0.92451,0.92505,2824,16,0
2023-03-17 11:00:00,0.92504,0.92589,0.92387,0.92586,2499,16,0
2023-03-17 11:30:00,0.92587,0.92608,0.92541,0.92604,2227,16,0
2023-03-17 12:00:00,0.92604,0.92711,0.92596,0.92637,2237,16,0
2023-03-17 12:30:00,0.92637,0.92772,0.92624,0.92705,2749,16,0
2023-03-17 13:00:00,0.92704,0.9271,0.9261,0.92692,2501,16,0
2023-03-17 13:30:00,0.92692,0.92783,0.9267,0.92767,3137,16,0
2023-03-17 14:00:00,0.92767,0.92831,0.92712,0.92831,4502,16,0
2023-03-17 14:30:00,0.9283,0.92857,0.92758,0.9278,3239,16,0
2023-03-17 15:00:00,0.92782,0.9284,0.92693,0.92787,4028,16,0
2023-03-17 15:30:00,0.92788,0.92827,0.92664,0.92664,4724,16,0
2023-03-17 16:00:00,0.92645,0.92845,0.92625,0.92765,4585,16,0
2023-03-17 16:30:00,0.92764,0.92807,0.92679,0.92745,3880,16,0
2023-03-17 17:00:00,0.92745,0.92849,0.92671,0.92824,3568,16,0
2023-03-17 17:30:00,0.92822,0.92867,0.92757,0.92837,3896,16,0
2023-03-17 18:00:00,0.92837,0.92916,0.92692,0.92745,2625,16,0
2023-03-17 18:30:00,0.92744,0.92924,0.92693,0.92853,2292,16,0
2023-03-17 19:00:00,0.92855,0.9289,0.92767,0.92767,2907,16,0
2023-03-17 19:30:00,0.92766,0.92883,0.92708,0.9278,2274,16,0
2023-03-17 20:00:00,0.92782,0.92811,0.92662,0.92729,3385,16,0
2023-03-17 20:30:00,0.9273,0.9275,0.92523,0.92548,4122,16,0
2023-03-17 21:00:00,0.92548,0.9259,0.92488,0.92576,2827,16,0
2023-03-17 21:30:00,0.92577,0.92668,0.92537,0.92633,2290,16,0
2023-03-17 22:00:00,0.92633,0.92712,0.92588,0.92692,1520,17,0
2023-03-17 22:30:00,0.92692,0.92693,0.92529,0.92577,2010,21,0
2023-03-20 00:00:00,0.92599,0.92661,0.92507,0.92643,408,39,0
2023-03-20 00:30:00,0.92643,0.92776,0.92609,0.92666,2631,20,0
2023-03-20 01:00:00,0.92684,0.92692,0.92603,0.92646,1528,24,0
2023-03-20 01:30:00,0.92646,0.92715,0.92634,0.92687,1634,16,0
2023-03-20 02:00:00,0.92691,0.92709,0.92646,0.92689,1165,17,0
2023-03-20 02:30:00,0.92689,0.92704,0.92639,0.92648,1436,16,0
2023-03-20 03:00:00,0.92649,0.92705,0.92551,0.92558,1521,16,0
2023-03-20 03:30:00,0.92558,0.92692,0.92529,0.92677,2622,16,0
2023-03-20 04:00:00,0.92677,0.92677,0.92617,0.92652,1673,17,0
2023-03-20 04:30:00,0.92652,0.92666,0.92543,0.92591,1631,17,0
2023-03-20 05:00:00,0.92591,0.92648,0.92564,0.92602,2409,18,0
2023-03-20 05:30:00,0.92602,0.9266,0.92583,0.92621,2570,16,0
2023-03-20 06:00:00,0.92621,0.92626,0.92563,0.92595,1906,19,0
2023-03-20 06:30:00,0.92595,0.92627,0.9255,0.92586,1295,18,0
2023-03-20 07:00:00,0.92586,0.92605,0.92544,0.92563,1103,16,0
2023-03-20 07:30:00,0.92563,0.92604,0.92516,0.92533,943,18,0
2023-03-20 08:00:00,0.92532,0.92624,0.92505,0.92517,2553,18,0
2023-03-20 08:30:00,0.92516,0.92593,0.92442,0.92591,4196,16,0
2023-03-20 09:00:00,0.92592,0.9281,0.92506,0.92559,4728,16,0
2023-03-20 09:30:00,0.9256,0.92783,0.92503,0.92763,3797,16,0
2023-03-20 10:00:00,0.92764,0.93115,0.92682,0.93053,5879,16,0
2023-03-20 10:30:00,0.93054,0.93075,0.92804,0.92845,3628,16,0
2023-03-20 11:00:00,0.92844,0.93017,0.92831,0.93003,3269,16,0
2023-03-20 11:30:00,0.93004,0.93064,0.9285,0.92917,3641,16,0
2023-03-20 12:00:00,0.92917,0.92957,0.92788,0.92824,3647,16,0
2023-03-20 12:30:00,0.92823,0.92836,0.92731,0.92776,3606,16,0
2023-03-20 13:00:00,0.92778,0.92893,0.92709,0.92801,3399,16,0
2023-03-20 13:30:00,0.92801,0.92842,0.92665,0.92668,2827,16,0
2023-03-20 14:00:00,0.92669,0.92723,0.9253,0.92554,2821,16,0
2023-03-20 14:30:00,0.92555,0.9275,0.92555,0.9273,3832,16,0
2023-03-20 15:00:00,0.9273,0.92739,0.92583,0.92607,3460,16,0
2023-03-20 15:30:00,0.92607,0.92624,0.92417,0.92479,3887,16,0
2023-03-20 16:00:00,0.92479,0.92551,0.92395,0.92519,3694,16,0
2023-03-20 16:30:00,0.92519,0.92591,0.92482,0.92508,2474,16,0
2023-03-20 17:00:00,0.9251,0.92644,0.92499,0.92624,2359,16,0
2023-03-20 17:30:00,0.92625,0.92699,0.9261,0.92665,3081,16,0
2023-03-20 18:00:00,0.92665,0.92678,0.92545,0.92568,2630,16,0
2023-03-20 18:30:00,0.92568,0.92622,0.92546,0.92604,1473,16,0
2023-03-20 19:00:00,0.92604,0.92706,0.92575,0.92693,1773,16,0
2023-03-20 19:30:00,0.92694,0.92833,0.92685,0.92829,1199,16,0
2023-03-20 20:00:00,0.92829,0.92866,0.92717,0.92728,1612,16,0
2023-03-20 20:30:00,0.92728,0.9285,0.92724,0.92829,1656,16,0
2023-03-20 21:00:00,0.92829,0.92902,0.92817,0.92855,1403,16,0
2023-03-20 21:30:00,0.92855,0.92921,0.92826,0.92857,861,16,0
2023-03-20 22:00:00,0.92856,0.92921,0.92855,0.92916,462,17,0
2023-03-20 22:30:00,0.92917,0.92933,0.9287,0.92879,610,21,0
2023-03-20 23:00:00,0.92758,0.92854,0.92758,0.92854,14,58,0
2023-03-20 23:30:00,0.92854,0.92869,0.92847,0.92859,341,44,0
2023-03-21 00:00:00,0.9286,0.92882,0.92845,0.9287,5092,16,0
2023-03-21 00:30:00,0.92868,0.92876,0.92857,0.9287,2852,24,0
2023-03-21 01:00:00,0.9287,0.92909,0.92868,0.92892,2554,17,0
2023-03-21 01:30:00,0.92892,0.92923,0.92882,0.92917,1931,16,0
2023-03-21 02:00:00,0.92917,0.92922,0.92852,0.92899,3636,16,0
2023-03-21 02:30:00,0.92901,0.92902,0.92814,0.92857,6880,18,0
2023-03-21 03:00:00,0.92857,0.92908,0.92848,0.92893,4823,16,0
2023-03-21 03:30:00,0.92894,0.92913,0.92876,0.92895,5806,16,0
2023-03-21 04:00:00,0.92894,0.92899,0.92861,0.9288,5875,16,0
2023-03-21 04:30:00,0.92879,0.92885,0.92847,0.92861,5097,16,0
2023-03-21 05:00:00,0.9286,0.92904,0.92842,0.92855,2383,16,0
2023-03-21 05:30:00,0.92855,0.92897,0.92841,0.92891,1402,16,0
2023-03-21 06:00:00,0.92892,0.92951,0.92887,0.92945,2748,16,0
2023-03-21 06:30:00,0.92944,0.92968,0.92898,0.92964,1181,18,0
2023-03-21 07:00:00,0.92964,0.92995,0.92948,0.92981,1022,18,0
2023-03-21 07:30:00,0.92981,0.92996,0.92953,0.92964,584,19,0
2023-03-21 08:00:00,0.92963,0.93075,0.92961,0.93066,1642,16,0
2023-03-21 08:30:00,0.93066,0.93161,0.93066,0.93123,1484,16,0
2023-03-21 09:00:00,0.93123,0.93145,0.92998,0.93031,3371,16,0
2023-03-21 09:30:00,0.93032,0.9307,0.92904,0.92969,3233,16,0
2023-03-21 10:00:00,0.9297,0.93018,0.9285,0.929,4407,16,0
2023-03-21 10:30:00,0.92901,0.92988,0.92801,0.92803,2881,16,0
2023-03-21 11:00:00,0.92805,0.9288,0.92765,0.9278,2137,16,0
2023-03-21 11:30:00,0.9278,0.92784,0.9263,0.92668,2014,16,0
2023-03-21 12:00:00,0.92669,0.9271,0.9263,0.9266,1545,16,0
2023-03-21 12:30:00,0.9266,0.92673,0.92478,0.92526,1869,16,0
2023-03-21 13:00:00,0.92527,0.92552,0.92451,0.92456,1968,16,0
2023-03-21 13:30:00,0.92457,0.9247,0.92324,0.92385,1837,16,0
2023-03-21 14:00:00,0.92385,0.9248,0.92369,0.92461,1548,16,0
2023-03-21 14:30:00,0.92461,0.92474,0.92332,0.92412,2153,16,0
2023-03-21 15:00:00,0.92413,0.92542,0.92402,0.92439,2284,16,0
2023-03-21 15:30:00,0.92439,0.92453,0.92318,0.92364,2349,16,0
2023-03-21 16:00:00,0.92364,0.92488,0.92353,0.92416,3540,16,0
2023-03-21 16:30:00,0.92416,0.92444,0.92346,0.92356,2216,16,0
2023-03-21 17:00:00,0.92356,0.92389,0.92297,0.92376,2046,16,0
2023-03-21 17:30:00,0.92376,0.92442,0.9224,0.92373,2672,16,0
2023-03-21 18:00:00,0.92373,0.92381,0.92086,0.92115,1995,16,0
2023-03-21 18:30:00,0.92113,0.92263,0.92112,0.92242,1688,16,0
2023-03-21 19:00:00,0.92246,0.92313,0.92212,0.92313,1790,16,0
2023-03-21 19:30:00,0.92313,0.92326,0.92258,0.92264,1373,16,0
2023-03-21 20:00:00,0.92265,0.92304,0.92239,0.92273,1761,16,0
2023-03-21 20:30:00,0.9227,0.92307,0.92242,0.9227,1665,16,0
2023-03-21 21:00:00,0.9227,0.92273,0.92237,0.9226,1170,16,0
2023-03-21 21:30:00,0.9226,0.92284,0.9223,0.92262,1086,16,0
2023-03-21 22:00:00,0.92263,0.92263,0.92211,0.92237,792,16,0
2023-03-21 22:30:00,0.92238,0.92244,0.92209,0.92215,498,21,0
2023-03-21 23:00:00,0.9221,0.92216,0.92193,0.92206,55,42,0
2023-03-21 23:30:00,0.92206,0.92241,0.92198,0.92226,103,41,0
2023-03-22 00:00:00,0.92227,0.92227,0.92198,0.92216,315,22,0
2023-03-22 00:30:00,0.92216,0.92221,0.92193,0.92193,1655,16,0
2023-03-22 01:00:00,0.92193,0.92212,0.92141,0.92161,2265,17,0
2023-03-22 01:30:00,0.92159,0.92192,0.92144,0.92168,2942,18,0
2023-03-22 02:00:00,0.92167,0.92215,0.92112,0.92214,2341,17,0
2023-03-22 02:30:00,0.92214,0.92238,0.92175,0.92221,1700,17,0
2023-03-22 03:00:00,0.92221,0.92241,0.92199,0.92239,2088,18,0
2023-03-22 03:30:00,0.92239,0.9225,0.92197,0.9223,2698,17,0
2023-03-22 04:00:00,0.9223,0.92246,0.92206,0.92236,1955,16,0
2023-03-22 04:30:00,0.92234,0.92276,0.92232,0.92252,1430,18,0
2023-03-22 05:00:00,0.92251,0.92283,0.9224,0.92251,1444,20,0
2023-03-22 05:30:00,0.92251,0.92272,0.92243,0.92256,2513,16,0
2023-03-22 06:00:00,0.92254,0.92283,0.92241,0.92283,2561,19,0
2023-03-22 06:30:00,0.92282,0.92294,0.92263,0.92282,1157,19,0
2023-03-22 07:00:00,0.92281,0.92286,0.92251,0.92252,1077,17,0
2023-03-22 07:30:00,0.92253,0.9226,0.92233,0.92248,1126,16,0
2023-03-22 08:00:00,0.92249,0.92301,0.92234,0.92283,1509,16,0
2023-03-22 08:30:00,0.92283,0.92329,0.92219,0.92233,2036,16,0
2023-03-22 09:00:00,0.92234,0.92374,0.9218,0.92371,3619,16,0
2023-03-22 09:30:00,0.92372,0.92444,0.92263,0.92291,3410,16,0
2023-03-22 10:00:00,0.9229,0.92297,0.92111,0.92226,3325,16,0
2023-03-22 10:30:00,0.92226,0.92257,0.92129,0.92225,2614,16,0
2023-03-22 11:00:00,0.92224,0.92249,0.92056,0.92078,2574,16,0
2023-03-22 11:30:00,0.92079,0.92218,0.92072,0.92175,1460,16,0
2023-03-22 12:00:00,0.92176,0.92247,0.92135,0.92222,2018,16,0
2023-03-22 12:30:00,0.92221,0.92308,0.92187,0.92195,2303,16,0
2023-03-22 13:00:00,0.922,0.92235,0.92186,0.92196,1921,16,0
2023-03-22 13:30:00,0.92196,0.92238,0.92185,0.9223,1957,16,0
2023-03-22 14:00:00,0.92231,0.92306,0.92199,0.92274,2307,16,0
2023-03-22 14:30:00,0.92274,0.92352,0.92233,0.92282,2090,16,0
2023-03-22 15:00:00,0.92282,0.92381,0.92279,0.92316,2230,16,0
2023-03-22 15:30:00,0.92316,0.92445,0.92287,0.92409,2005,16,0
2023-03-22 16:00:00,0.92409,0.92449,0.92284,0.92291,1450,16,0
2023-03-22 16:30:00,0.92292,0.92312,0.92176,0.92191,1619,16,0
2023-03-22 17:00:00,0.92191,0.9231,0.9219,0.92296,1749,16,0
2023-03-22 17:30:00,0.92295,0.92397,0.92271,0.9236,1784,16,0
2023-03-22 18:00:00,0.92359,0.92387,0.92258,0.92372,1668,16,0
2023-03-22 18:30:00,0.92372,0.92398,0.92278,0.92314,1404,16,0
2023-03-22 19:00:00,0.92313,0.92395,0.92264,0.92385,1052,16,0
2023-03-22 19:30:00,0.92386,0.9241,0.92325,0.9238,1594,16,0
2023-03-22 20:00:00,0.92379,0.92379,0.91836,0.91898,6975,16,0
2023-03-22 20:30:00,0.91898,0.9199,0.91464,0.91707,8630,16,0
2023-03-22 21:00:00,0.91707,0.91916,0.91602,0.91611,7649,16,0
2023-03-22 21:30:00,0.91612,0.91822,0.91612,0.91783,4379,16,0
2023-03-22 22:00:00,0.91784,0.91791,0.91725,0.91757,1763,16,0
2023-03-22 22:30:00,0.91756,0.9176,0.91707,0.9173,1482,23,0
2023-03-22 23:00:00,0.91738,0.91742,0.9169,0.91709,36,51,0
2023-03-22 23:30:00,0.9169,0.91734,0.91687,0.91728,141,41,0
2023-03-23 00:00:00,0.91728,0.91743,0.91702,0.91713,1201,20,0
2023-03-23 00:30:00,0.91713,0.91743,0.91692,0.91738,540,23,0
2023-03-23 01:00:00,0.91738,0.91738,0.91657,0.91698,585,20,0
2023-03-23 01:30:00,0.91698,0.91704,0.91644,0.91649,660,22,0
2023-03-23 02:00:00,0.91649,0.91695,0.91629,0.91678,1352,16,0
2023-03-23 02:30:00,0.91677,0.91722,0.91573,0.91574,2497,16,0
2023-03-23 03:00:00,0.91573,0.91701,0.91572,0.91698,1427,16,0
2023-03-23 03:30:00,0.91698,0.91711,0.91673,0.91685,1067,18,0
2023-03-23 04:00:00,0.91684,0.91723,0.91613,0.91615,1339,18,0
2023-03-23 04:30:00,0.91615,0.91631,0.91555,0.91575,1734,16,0
2023-03-23 05:00:00,0.91574,0.91603,0.91443,0.91528,2217,17,0
2023-03-23 05:30:00,0.91528,0.91577,0.91501,0.91561,1592,16,0
2023-03-23 06:00:00,0.91562,0.91595,0.91531,0.91532,2020,19,0
2023-03-23 06:30:00,0.91532,0.91584,0.91505,0.91514,1832,17,0
2023-03-23 07:00:00,0.91514,0.91543,0.91485,0.91494,1795,16,0
2023-03-23 07:30:00,0.91495,0.91556,0.91493,0.91553,1735,16,0
2023-03-23 08:00:00,0.91553,0.91592,0.91455,0.91469,2990,16,0
2023-03-23 08:30:00,0.9147,0.91534,0.914,0.91513,2989,16,0
2023-03-23 09:00:00,0.91513,0.91581,0.91371,0.91413,3584,16,0
2023-03-23 09:30:00,0.91412,0.91654,0.91402,0.91602,3828,16,0
2023-03-23 10:00:00,0.91601,0.91659,0.91471,0.91609,3832,16,0
2023-03-23 10:30:00,0.91609,0.91609,0.91169,0.91382,3549,16,0
2023-03-23 11:00:00,0.91382,0.91629,0.91304,0.91608,2629,16,0
2023-03-23 11:30:00,0.91608,0.918,0.91481,0.91551,3044,16,0
2023-03-23 12:00:00,0.91554,0.91679,0.91549,0.9161,2280,16,0
2023-03-23 12:30:00,0.91611,0.91681,0.91498,0.91668,2165,16,0
2023-03-23 13:00:00,0.91667,0.91689,0.91631,0.91672,1696,16,0
2023-03-23 13:30:00,0.91672,0.91683,0.91607,0.91649,1605,16,0
2023-03-23 14:00:00,0.91648,0.91684,0.91515,0.91587,2443,16,0
2023-03-23 14:30:00,0.91585,0.91686,0.91563,0.91664,2736,16,0
2023-03-23 15:00:00,0.91664,0.9167,0.91481,0.91539,2039,16,0
2023-03-23 15:30:00,0.9154,0.91615,0.91531,0.91532,2569,16,0
2023-03-23 16:00:00,0.91531,0.91574,0.91462,0.91466,2464,16,0
2023-03-23 16:30:00,0.91465,0.91528,0.91335,0.91403,3190,16,0
2023-03-23 17:00:00,0.91404,0.91418,0.9133,0.9137,1666,16,0
2023-03-23 17:30:00,0.91369,0.91499,0.91301,0.91438,2639,16,0
2023-03-23 18:00:00,0.91439,0.91485,0.91297,0.91327,2535,16,0
2023-03-23 18:30:00,0.91328,0.91391,0.91261,0.91382,1814,16,0
2023-03-23 19:00:00,0.91381,0.9156,0.91357,0.91552,1831,16,0
2023-03-23 19:30:00,0.91553,0.91553,0.91433,0.91465,1651,16,0
2023-03-23 20:00:00,0.91466,0.915,0.91422,0.91489,1856,16,0
2023-03-23 20:30:00,0.91487,0.91651,0.91475,0.91588,2919,16,0
2023-03-23 21:00:00,0.91589,0.91624,0.91493,0.91554,4171,16,0
2023-03-23 21:30:00,0.91555,0.9164,0.91536,0.91556,2536,16,0
2023-03-23 22:00:00,0.91556,0.91616,0.91549,0.91564,1099,18,0
2023-03-23 22:30:00,0.91565,0.91662,0.91557,0.9163,1107,21,0
2023-03-23 23:00:00,0.91625,0.91664,0.91597,0.91597,18,37,0
2023-03-23 23:30:00,0.916,0.91648,0.91599,0.91642,151,63,0
2023-03-24 00:00:00,0.91642,0.91663,0.91618,0.91653,2664,18,0
2023-03-24 00:30:00,0.91653,0.91683,0.91644,0.9166,3540,16,0
2023-03-24 01:00:00,0.91661,0.91664,0.91638,0.91654,2184,19,0
2023-03-24 01:30:00,0.91654,0.91689,0.91642,0.91669,2134,18,0
2023-03-24 02:00:00,0.9167,0.91719,0.91624,0.91632,1640,17,0
2023-03-24 02:30:00,0.91632,0.91673,0.91617,0.91624,1143,16,0
2023-03-24 03:00:00,0.91623,0.91733,0.91617,0.91712,1824,16,0
2023-03-24 03:30:00,0.91712,0.91738,0.91681,0.91719,2438,16,0
2023-03-24 04:00:00,0.9172,0.91741,0.91692,0.91702,1155,16,0
2023-03-24 04:30:00,0.91702,0.91763,0.91691,0.91755,1561,16,0
2023-03-24 05:00:00,0.91753,0.91783,0.9173,0.9174,1575,16,0
2023-03-24 05:30:00,0.9174,0.91743,0.91621,0.91625,1388,16,0
2023-03-24 06:00:00,0.91625,0.91684,0.91612,0.91621,1438,18,0
2023-03-24 06:30:00,0.91622,0.91631,0.91552,0.91553,1207,18,0
2023-03-24 07:00:00,0.91553,0.91581,0.91541,0.91551,1628,16,0
2023-03-24 07:30:00,0.91551,0.91594,0.91548,0.91577,1175,16,0
2023-03-24 08:00:00,0.91577,0.91736,0.91564,0.91706,2827,18,0
2023-03-24 08:30:00,0.91706,0.91804,0.91691,0.91801,2414,16,0
2023-03-24 09:00:00,0.918,0.91801,0.91693,0.91749,2220,16,0
2023-03-24 09:30:00,0.91749,0.91775,0.91687,0.91759,1986,16,0
2023-03-24 10:00:00,0.91758,0.91906,0.9172,0.91774,4443,16,0
2023-03-24 10:30:00,0.91774,0.9192,0.91724,0.91738,4147,16,0
2023-03-24 11:00:00,0.91736,0.9179,0.91693,0.91752,2446,16,0
2023-03-24 11:30:00,0.91752,0.91923,0.9169,0.91818,4205,16,0
2023-03-24 12:00:00,0.91819,0.91965,0.91781,0.9193,4100,16,0
2023-03-24 12:30:00,0.9193,0.92108,0.91909,0.92084,2524,16,0
2023-03-24 13:00:00,0.92083,0.92161,0.91961,0.92022,3424,16,0
2023-03-24 13:30:00,0.92021,0.92046,0.91972,0.91978,2481,16,0
2023-03-24 14:00:00,0.91977,0.92004,0.91871,0.9189,3158,16,0
2023-03-24 14:30:00,0.91891,0.91981,0.91825,0.919,3952,16,0
2023-03-24 15:00:00,0.91899,0.91955,0.91725,0.91762,3017,16,0
2023-03-24 15:30:00,0.91764,0.91914,0.9174,0.91873,5199,16,0
2023-03-24 16:00:00,0.91872,0.92006,0.91782,0.91843,4264,16,0
2023-03-24 16:30:00,0.91843,0.91921,0.91818,0.91843,3067,16,0
2023-03-24 17:00:00,0.91844,0.91946,0.91828,0.91853,2524,16,0
2023-03-24 17:30:00,0.9185,0.91858,0.91752,0.91804,2665,16,0
2023-03-24 18:00:00,0.91804,0.91811,0.91743,0.91765,2224,16,0
2023-03-24 18:30:00,0.91765,0.91851,0.91746,0.91841,2068,16,0
2023-03-24 19:00:00,0.91842,0.91939,0.91819,0.91924,1653,16,0
2023-03-24 19:30:00,0.91923,0.91953,0.91862,0.91904,1712,16,0
2023-03-24 20:00:00,0.91904,0.92022,0.91899,0.92019,1061,16,0
2023-03-24 20:30:00,0.92019,0.92019,0.91911,0.91947,1141,16,0
2023-03-24 21:00:00,0.91947,0.91984,0.91932,0.91942,1191,16,0
2023-03-24 21:30:00,0.91943,0.91965,0.91935,0.91953,1356,16,0
2023-03-24 22:00:00,0.91952,0.91963,0.91907,0.91959,551,17,0
2023-03-24 22:30:00,0.91961,0.9198,0.9193,0.9193,975,22,0
2023-03-27 00:00:00,0.918,0.91815,0.91722,0.91758,35,79,0
2023-03-27 00:30:00,0.91756,0.91849,0.91756,0.91842,191,186,0
2023-03-27 01:00:00,0.91772,0.91924,0.91772,0.91914,1457,20,0
2023-03-27 01:30:00,0.91914,0.91938,0.91895,0.919,1891,22,0
2023-03-27 02:00:00,0.919,0.91921,0.91878,0.91889,1160,16,0
2023-03-27 02:30:00,0.91889,0.91935,0.91882,0.91888,1129,19,0
2023-03-27 03:00:00,0.91888,0.91928,0.91881,0.91922,1224,16,0
2023-03-27 03:30:00,0.91923,0.91986,0.91892,0.91984,1139,17,0
2023-03-27 04:00:00,0.91985,0.91987,0.91872,0.91877,1745,17,0
2023-03-27 04:30:00,0.91877,0.91965,0.91876,0.91953,1377,16,0
2023-03-27 05:00:00,0.91953,0.91953,0.91877,0.91908,1421,17,0
2023-03-27 05:30:00,0.91908,0.91916,0.91854,0.91871,1110,17,0
2023-03-27 06:00:00,0.91871,0.91876,0.91836,0.91845,953,16,0
2023-03-27 06:30:00,0.91846,0.91849,0.91791,0.91825,1410,16,0
2023-03-27 07:00:00,0.91824,0.91832,0.91789,0.91811,1237,18,0
2023-03-27 07:30:00,0.91812,0.91878,0.9181,0.91856,1599,16,0
2023-03-27 08:00:00,0.91856,0.91873,0.91824,0.91851,1872,18,0
2023-03-27 08:30:00,0.91851,0.91876,0.91811,0.91873,1352,17,0
2023-03-27 09:00:00,0.91872,0.91966,0.91834,0.91897,2317,16,0
2023-03-27 09:30:00,0.91897,0.91963,0.91784,0.91815,3002,16,0
2023-03-27 10:00:00,0.91811,0.91863,0.91708,0.91836,3233,16,0
2023-03-27 10:30:00,0.91836,0.91865,0.917,0.91772,2905,16,0
2023-03-27 11:00:00,0.91772,0.91783,0.91564,0.91677,2951,16,0
2023-03-27 11:30:00,0.91676,0.91706,0.91568,0.91609,1940,16,0
2023-03-27 12:00:00,0.91608,0.91701,0.91557,0.9168,1811,16,0
2023-03-27 12:30:00,0.9168,0.91744,0.91624,0.91643,2539,16,0
2023-03-27 13:00:00,0.91644,0.91667,0.91559,0.91628,1984,16,0
2023-03-27 13:30:00,0.91629,0.91666,0.91566,0.91609,1577,16,0
2023-03-27 14:00:00,0.91609,0.91639,0.91566,0.91588,1826,16,0
2023-03-27 14:30:00,0.91587,0.91699,0.91556,0.9163,1745,16,0
2023-03-27 15:00:00,0.9163,0.91676,0.91597,0.91655,2135,16,0
2023-03-27 15:30:00,0.91655,0.91771,0.91638,0.91747,2765,16,0
2023-03-27 16:00:00,0.91747,0.91755,0.91572,0.91584,2739,16,0
2023-03-27 16:30:00,0.91584,0.9169,0.91546,0.91651,2896,16,0
2023-03-27 17:00:00,0.91652,0.91672,0.91569,0.91614,2464,16,0
2023-03-27 17:30:00,0.91615,0.91714,0.91575,0.91632,2647,16,0
2023-03-27 18:00:00,0.91632,0.91664,0.91588,0.91641,2079,16,0
2023-03-27 18:30:00,0.91642,0.91661,0.91617,0.9163,1514,16,0
2023-03-27 19:00:00,0.91634,0.91636,0.9158,0.91604,1281,16,0
2023-03-27 19:30:00,0.91603,0.91648,0.91603,0.9161,927,16,0
2023-03-27 20:00:00,0.91609,0.91639,0.91578,0.9159,1084,16,0
2023-03-27 20:30:00,0.91591,0.91649,0.91585,0.91644,781,16,0
2023-03-27 21:00:00,0.91643,0.9168,0.91603,0.9168,843,16,0
2023-03-27 21:30:00,0.9168,0.91684,0.91583,0.91593,1446,16,0
2023-03-27 22:00:00,0.91594,0.91638,0.91568,0.91631,1030,16,0
2023-03-27 22:30:00,0.91632,0.91651,0.9157,0.91574,867,16,0
2023-03-27 23:00:00,0.91573,0.91601,0.91532,0.91542,577,16,0
2023-03-27 23:30:00,0.91542,0.91564,0.91526,0.91544,499,23,0
2023-03-28 00:00:00,0.91544,0.91567,0.91517,0.91558,62,56,0
2023-03-28 00:30:00,0.91557,0.91576,0.91552,0.91573,106,41,0
2023-03-28 01:00:00,0.91572,0.91572,0.91536,0.9155,2371,18,0
2023-03-28 01:30:00,0.9155,0.91558,0.91531,0.91538,7545,22,0
2023-03-28 02:00:00,0.91538,0.91538,0.91496,0.915,1254,20,0
2023-03-28 02:30:00,0.915,0.91534,0.91494,0.91504,1286,17,0
2023-03-28 03:00:00,0.91502,0.91521,0.91464,0.91482,1146,17,0
2023-03-28 03:30:00,0.91482,0.91482,0.91411,0.91451,1560,16,0
2023-03-28 04:00:00,0.91449,0.91482,0.91411,0.91413,1587,17,0
2023-03-28 04:30:00,0.91413,0.91419,0.91365,0.91405,1094,16,0
2023-03-28 05:00:00,0.91405,0.9144,0.91393,0.91403,1170,17,0
2023-03-28 05:30:00,0.91403,0.91407,0.91357,0.91393,1171,16,0
2023-03-28 06:00:00,0.91393,0.91401,0.91359,0.91383,891,16,0
2023-03-28 06:30:00,0.91384,0.91405,0.9137,0.91389,1120,17,0
2023-03-28 07:00:00,0.91389,0.91424,0.91374,0.91412,784,16,0
2023-03-28 07:30:00,0.91413,0.91422,0.91379,0.91414,695,17,0
2023-03-28 08:00:00,0.91413,0.91444,0.91394,0.91426,1562,19,0
2023-03-28 08:30:00,0.91426,0.91481,0.91412,0.91455,1156,17,0
2023-03-28 09:00:00,0.91456,0.91568,0.91455,0.91509,2109,16,0
2023-03-28 09:30:00,0.91509,0.91725,0.91509,0.91688,1964,16,0
2023-03-28 10:00:00,0.91687,0.91799,0.91596,0.91596,2438,16,0
2023-03-28 10:30:00,0.91597,0.9167,0.91556,0.91648,1950,16,0
2023-03-28 11:00:00,0.91649,0.91697,0.91615,0.91649,1496,16,0
2023-03-28 11:30:00,0.91649,0.91742,0.91643,0.91717,999,16,0
2023-03-28 12:00:00,0.91718,0.91809,0.91687,0.91793,1311,16,0
2023-03-28 12:30:00,0.91794,0.91847,0.91682,0.91764,1735,16,0
2023-03-28 13:00:00,0.91764,0.91813,0.91735,0.91746,1431,16,0
2023-03-28 13:30:00,0.91747,0.9176,0.91662,0.91756,1129,16,0
2023-03-28 14:00:00,0.91756,0.91786,0.91676,0.91737,1515,16,0
2023-03-28 14:30:00,0.91738,0.91839,0.91698,0.91804,1339,16,0
2023-03-28 15:00:00,0.91805,0.91838,0.91717,0.91766,1471,16,0
2023-03-28 15:30:00,0.91767,0.91873,0.91687,0.91806,2472,16,0
2023-03-28 16:00:00,0.91807,0.91924,0.91801,0.91871,1990,16,0
2023-03-28 16:30:00,0.9187,0.92092,0.9185,0.92081,2971,16,0
2023-03-28 17:00:00,0.9208,0.92218,0.9205,0.92099,3051,16,0
2023-03-28 17:30:00,0.921,0.92157,0.92062,0.9208,2189,16,0
2023-03-28 18:00:00,0.9208,0.92092,0.9194,0.91992,2017,16,0
2023-03-28 18:30:00,0.91991,0.92007,0.91887,0.91977,1249,16,0
2023-03-28 19:00:00,0.91977,0.9203,0.91951,0.91991,888,16,0
2023-03-28 19:30:00,0.91991,0.92004,0.91928,0.91928,867,16,0
2023-03-28 20:00:00,0.91928,0.91968,0.91895,0.91917,835,16,0
2023-03-28 20:30:00,0.91918,0.91954,0.91906,0.91941,1279,16,0
2023-03-28 21:00:00,0.91942,0.91961,0.9191,0.91949,1072,16,0
2023-03-28 21:30:00,0.91948,0.91964,0.91911,0.91922,767,16,0
2023-03-28 22:00:00,0.91922,0.91947,0.91906,0.9192,589,16,0
2023-03-28 22:30:00,0.91919,0.91928,0.91857,0.91901,714,16,0
2023-03-28 23:00:00,0.91901,0.91997,0.91901,0.91995,480,16,0
2023-03-28 23:30:00,0.91995,0.91995,0.91937,0.91957,459,22,0
2023-03-29 00:00:00,0.91948,0.91948,0.91896,0.91943,92,69,0
2023-03-29 00:30:00,0.91943,0.91991,0.91941,0.91988,100,28,0
2023-03-29 01:00:00,0.91978,0.91999,0.91969,0.91993,236,16,0
2023-03-29 01:30:00,0.91992,0.92027,0.9199,0.92025,293,18,0
2023-03-29 02:00:00,0.92025,0.92083,0.92023,0.92067,1710,18,0
2023-03-29 02:30:00,0.92069,0.92073,0.92023,0.92034,276,17,0
2023-03-29 03:00:00,0.92033,0.92034,0.91963,0.91979,957,16,0
2023-03-29 03:30:00,0.9198,0.92003,0.91954,0.91961,987,16,0
2023-03-29 04:00:00,0.91962,0.92046,0.91954,0.92039,1152,17,0
2023-03-29 04:30:00,0.92039,0.9207,0.91997,0.91998,998,16,0
2023-03-29 05:00:00,0.91999,0.92005,0.91958,0.91983,856,16,0
2023-03-29 05:30:00,0.91982,0.92058,0.91973,0.92053,1011,17,0
2023-03-29 06:00:00,0.92053,0.92077,0.92031,0.92066,919,16,0
2023-03-29 06:30:00,0.92066,0.92085,0.92052,0.92057,769,17,0
2023-03-29 07:00:00,0.92059,0.92067,0.91991,0.92,749,17,0
2023-03-29 07:30:00,0.92,0.92089,0.91997,0.92051,656,16,0
2023-03-29 08:00:00,0.9205,0.92109,0.92047,0.92108,1024,16,0
2023-03-29 08:30:00,0.92109,0.92128,0.92082,0.92113,1361,16,0
2023-03-29 09:00:00,0.92111,0.92222,0.9211,0.92172,2076,16,0
2023-03-29 09:30:00,0.92173,0.92208,0.92129,0.92158,2045,16,0
2023-03-29 10:00:00,0.92159,0.92209,0.91982,0.91993,2517,16,0
2023-03-29 10:30:00,0.91994,0.92038,0.91949,0.91989,1680,16,0
2023-03-29 11:00:00,0.91988,0.92021,0.91928,0.91974,1496,16,0
2023-03-29 11:30:00,0.91974,0.92056,0.91942,0.91981,1849,16,0
2023-03-29 12:00:00,0.91981,0.91995,0.91736,0.91784,1765,16,0
2023-03-29 12:30:00,0.91784,0.91818,0.91641,0.91682,1643,16,0
2023-03-29 13:00:00,0.9168,0.91741,0.91645,0.91732,1777,16,0
2023-03-29 13:30:00,0.91731,0.91815,0.91721,0.91789,1557,16,0
2023-03-29 14:00:00,0.91787,0.91858,0.91775,0.91781,1666,16,0
2023-03-29 14:30:00,0.91781,0.91892,0.91755,0.9188,2149,16,0
2023-03-29 15:00:00,0.91879,0.92035,0.91834,0.92004,2142,16,0
2023-03-29 15:30:00,0.92004,0.92023,0.91878,0.91905,2676,16,0
2023-03-29 16:00:00,0.91904,0.92036,0.91856,0.92028,2377,16,0
2023-03-29 16:30:00,0.92029,0.9212,0.91978,0.92047,3042,16,0
2023-03-29 17:00:00,0.92046,0.92062,0.91973,0.92008,2484,16,0
2023-03-29 17:30:00,0.92011,0.92053,0.91925,0.91953,3255,16,0
2023-03-29 18:00:00,0.91954,0.91959,0.91875,0.91915,2570,16,0
2023-03-29 18:30:00,0.91915,0.91956,0.91833,0.91949,2344,16,0
2023-03-29 19:00:00,0.91949,0.92039,0.91888,0.92032,1742,16,0
2023-03-29 19:30:00,0.92032,0.92076,0.91999,0.92048,1371,16,0
2023-03-29 20:00:00,0.92047,0.92055,0.91955,0.91962,925,16,0
2023-03-29 20:30:00,0.9196,0.91971,0.91858,0.9187,1120,16,0
2023-03-29 21:00:00,0.91871,0.91932,0.91855,0.91917,725,16,0
2023-03-29 21:30:00,0.91915,0.91937,0.91872,0.91885,821,16,0
2023-03-29 22:00:00,0.91885,0.91914,0.91873,0.91888,947,16,0
2023-03-29 22:30:00,0.91889,0.91895,0.91856,0.9188,718,16,0
2023-03-29 23:00:00,0.9188,0.91895,0.91831,0.91841,511,17,0
2023-03-29 23:30:00,0.9184,0.91856,0.91808,0.91822,669,22,0
2023-03-30 00:00:00,0.91822,0.91822,0.91792,0.91792,6,53,0
2023-03-30 00:30:00,0.91842,0.9186,0.91813,0.91855,387,36,0
2023-03-30 01:00:00,0.91857,0.91857,0.91819,0.91822,316,17,0
2023-03-30 01:30:00,0.91823,0.91843,0.91811,0.91823,930,18,0
2023-03-30 02:00:00,0.91824,0.91858,0.91805,0.91818,841,16,0
2023-03-30 02:30:00,0.91818,0.9183,0.91807,0.91818,397,17,0
2023-03-30 03:00:00,0.91818,0.91909,0.91811,0.91895,974,16,0
2023-03-30 03:30:00,0.91895,0.91948,0.91887,0.91921,1123,16,0
2023-03-30 04:00:00,0.91921,0.91957,0.91913,0.91943,1203,16,0
2023-03-30 04:30:00,0.91944,0.91959,0.91895,0.91922,1733,16,0
2023-03-30 05:00:00,0.91922,0.91935,0.91899,0.91909,820,16,0
2023-03-30 05:30:00,0.9191,0.91969,0.91891,0.91952,556,16,0
2023-03-30 06:00:00,0.91952,0.91994,0.91921,0.91935,557,16,0
2023-03-30 06:30:00,0.91936,0.91952,0.91923,0.91943,813,16,0
2023-03-30 07:00:00,0.91943,0.91954,0.9188,0.91891,569,17,0
2023-03-30 07:30:00,0.91892,0.91898,0.91862,0.91882,483,16,0
2023-03-30 08:00:00,0.91882,0.91891,0.91819,0.91839,849,17,0
2023-03-30 08:30:00,0.9184,0.9184,0.9175,0.91782,2073,16,0
2023-03-30 09:00:00,0.91787,0.91816,0.91733,0.91761,2786,16,0
2023-03-30 09:30:00,0.9176,0.91771,0.91686,0.91714,1941,16,0
2023-03-30 10:00:00,0.91713,0.91786,0.91681,0.9174,3418,16,0
2023-03-30 10:30:00,0.9174,0.91779,0.91632,0.91691,2461,16,0
2023-03-30 11:00:00,0.91694,0.91721,0.91607,0.91652,2280,16,0
2023-03-30 11:30:00,0.91651,0.91667,0.9157,0.91609,2209,16,0
2023-03-30 12:00:00,0.91609,0.91655,0.91561,0.91566,2315,16,0
2023-03-30 12:30:00,0.91565,0.91629,0.91521,0.91579,1347,16,0
2023-03-30 13:00:00,0.91578,0.91618,0.91543,0.91611,1103,16,0
2023-03-30 13:30:00,0.91611,0.91613,0.91443,0.91496,1474,16,0
2023-03-30 14:00:00,0.91497,0.91539,0.91464,0.91528,1386,16,0
2023-03-30 14:30:00,0.91528,0.91532,0.9148,0.91485,1161,16,0
2023-03-30 15:00:00,0.91485,0.91539,0.91383,0.91395,1989,16,0
2023-03-30 15:30:00,0.91395,0.91447,0.91277,0.91301,2542,16,0
2023-03-30 16:00:00,0.91301,0.91385,0.91252,0.91295,2692,16,0
2023-03-30 16:30:00,0.91295,0.91406,0.91284,0.91361,2417,16,0
2023-03-30 17:00:00,0.91359,0.9145,0.91311,0.9132,2185,16,0
2023-03-30 17:30:00,0.91321,0.91361,0.91284,0.91301,2604,16,0
2023-03-30 18:00:00,0.913,0.9137,0.91279,0.91369,1807,16,0
2023-03-30 18:30:00,0.91369,0.91446,0.91342,0.91402,1934,16,0
2023-03-30 19:00:00,0.91406,0.91424,0.91339,0.91366,1090,16,0
2023-03-30 19:30:00,0.91366,0.91395,0.9134,0.91381,1623,16,0
2023-03-30 20:00:00,0.9138,0.91447,0.91375,0.9141,1027,16,0
2023-03-30 20:30:00,0.91409,0.91424,0.91363,0.91382,810,16,0
2023-03-30 21:00:00,0.91381,0.91413,0.91377,0.91405,778,16,0
2023-03-30 21:30:00,0.91403,0.91421,0.9137,0.91371,981,16,0
2023-03-30 22:00:00,0.91374,0.91413,0.9136,0.91383,1339,16,0
2023-03-30 22:30:00,0.91385,0.91414,0.91372,0.91392,486,16,0
2023-03-30 23:00:00,0.91393,0.91415,0.91365,0.91372,872,18,0
2023-03-30 23:30:00,0.91373,0.91397,0.9127,0.91284,894,21,0
2023-03-31 00:00:00,0.91284,0.91317,0.91251,0.91287,61,52,0
2023-03-31 00:30:00,0.91287,0.91327,0.91272,0.91288,70,46,0
2023-03-31 01:00:00,0.91289,0.91343,0.91288,0.91324,2239,19,0
2023-03-31 01:30:00,0.91325,0.91344,0.9131,0.91341,1679,18,0
2023-03-31 02:00:00,0.91342,0.91351,0.91308,0.91316,566,19,0
2023-03-31 02:30:00,0.91317,0.91337,0.91306,0.91331,631,16,0
2023-03-31 03:00:00,0.91333,0.91385,0.91314,0.91364,1290,16,0
2023-03-31 03:30:00,0.91364,0.9141,0.91316,0.91332,1454,16,0
2023-03-31 04:00:00,0.91333,0.91335,0.91242,0.91267,1449,16,0
2023-03-31 04:30:00,0.91266,0.91341,0.91235,0.91335,1571,16,0
2023-03-31 05:00:00,0.91335,0.91398,0.91332,0.91364,1622,16,0
2023-03-31 05:30:00,0.91365,0.91392,0.91338,0.91383,1244,16,0
2023-03-31 06:00:00,0.91383,0.91404,0.91362,0.91375,1022,17,0
2023-03-31 06:30:00,0.91374,0.91389,0.91339,0.91345,1117,17,0
2023-03-31 07:00:00,0.91346,0.91372,0.91329,0.91366,583,16,0
2023-03-31 07:30:00,0.91366,0.91396,0.91365,0.91381,827,16,0
2023-03-31 08:00:00,0.91381,0.9147,0.91363,0.91469,1695,16,0
2023-03-31 08:30:00,0.91469,0.91486,0.91417,0.91456,2040,16,0
2023-03-31 09:00:00,0.91455,0.91493,0.91366,0.91417,2614,16,0
2023-03-31 09:30:00,0.91417,0.91419,0.91332,0.91355,1892,16,0
2023-03-31 10:00:00,0.91356,0.91471,0.91332,0.91402,2564,16,0
2023-03-31 10:30:00,0.91402,0.9152,0.91394,0.91466,2228,16,0
2023-03-31 11:00:00,0.91465,0.91535,0.91414,0.91474,2255,16,0
2023-03-31 11:30:00,0.91475,0.91638,0.91462,0.91605,1732,16,0
2023-03-31 12:00:00,0.91603,0.91688,0.91525,0.91671,2716,16,0
2023-03-31 12:30:00,0.91671,0.91764,0.91644,0.91723,1780,16,0
2023-03-31 13:00:00,0.91724,0.91737,0.91657,0.91724,1460,16,0
2023-03-31 13:30:00,0.91724,0.91738,0.9165,0.91732,1651,16,0
2023-03-31 14:00:00,0.91733,0.91767,0.91675,0.91702,1458,16,0
2023-03-31 14:30:00,0.91702,0.91731,0.91655,0.91677,1484,16,0
2023-03-31 15:00:00,0.91676,0.91705,0.9162,0.91631,1814,16,0
2023-03-31 15:30:00,0.9163,0.91657,0.91426,0.91447,3991,16,0
2023-03-31 16:00:00,0.91446,0.91503,0.91359,0.91397,3030,16,0
2023-03-31 16:30:00,0.91396,0.91435,0.91256,0.91289,2616,16,0
2023-03-31 17:00:00,0.91289,0.91297,0.91149,0.91218,2342,16,0
2023-03-31 17:30:00,0.91218,0.91412,0.91191,0.91347,3373,16,0
2023-03-31 18:00:00,0.91346,0.91346,0.91178,0.91253,2665,16,0
2023-03-31 18:30:00,0.91253,0.9133,0.91246,0.91282,1824,16,0
2023-03-31 19:00:00,0.91282,0.91421,0.91277,0.91406,1426,16,0
2023-03-31 19:30:00,0.91404,0.91465,0.91373,0.91373,1375,16,0
2023-03-31 20:00:00,0.91372,0.91441,0.91354,0.91433,1151,16,0
2023-03-31 20:30:00,0.91432,0.91509,0.91421,0.91467,900,16,0
2023-03-31 21:00:00,0.91468,0.91483,0.91421,0.91443,1217,16,0
2023-03-31 21:30:00,0.91441,0.91448,0.91384,0.9141,905,16,0
2023-03-31 22:00:00,0.9141,0.91515,0.91409,0.91459,1464,16,0
2023-03-31 22:30:00,0.91458,0.9151,0.91451,0.91467,1614,16,0
2023-03-31 23:00:00,0.91467,0.91527,0.91466,0.91523,1084,16,0
2023-03-31 23:30:00,0.9152,0.91531,0.91451,0.91453,1406,23,0
2023-04-03 00:00:00,0.91486,0.91539,0.9132,0.9132,10,178,0
2023-04-03 00:30:00,0.91372,0.91447,0.91372,0.91405,106,159,0
2023-04-03 01:00:00,0.91413,0.91634,0.91405,0.91585,1481,20,0
2023-04-03 01:30:00,0.91584,0.9169,0.91584,0.91624,1386,18,0
2023-04-03 02:00:00,0.91625,0.91698,0.91624,0.91691,1121,17,0
2023-04-03 02:30:00,0.9169,0.91778,0.91662,0.91767,1328,19,0
2023-04-03 03:00:00,0.91767,0.91818,0.91688,0.91696,2246,16,0
2023-04-03 03:30:00,0.91695,0.91723,0.91664,0.91671,1534,17,0
2023-04-03 04:00:00,0.9167,0.91694,0.91622,0.91652,2025,16,0
2023-04-03 04:30:00,0.91652,0.91724,0.91633,0.91681,2007,17,0
2023-04-03 05:00:00,0.91682,0.91701,0.9167,0.91688,1072,17,0
2023-04-03 05:30:00,0.91687,0.91785,0.91683,0.91778,867,16,0
2023-04-03 06:00:00,0.91778,0.91801,0.91753,0.91776,811,17,0
2023-04-03 06:30:00,0.91777,0.91803,0.91751,0.91787,471,17,0
2023-04-03 07:00:00,0.91789,0.91799,0.91763,0.91785,550,17,0
2023-04-03 07:30:00,0.91785,0.91849,0.91779,0.91841,713,17,0
2023-04-03 08:00:00,0.91841,0.91866,0.91837,0.91863,847,17,0
2023-04-03 08:30:00,0.91864,0.91908,0.91836,0.91901,1365,16,0
2023-04-03 09:00:00,0.91904,0.91943,0.91732,0.91821,2080,16,0
2023-04-03 09:30:00,0.9182,0.91953,0.9182,0.91918,2120,16,0
2023-04-03 10:00:00,0.91919,0.91952,0.91754,0.91767,3222,16,0
2023-04-03 10:30:00,0.91766,0.91845,0.91696,0.91749,2164,16,0
2023-04-03 11:00:00,0.9175,0.9185,0.9175,0.91846,1536,16,0
2023-04-03 11:30:00,0.91845,0.91863,0.91707,0.91753,1931,16,0
2023-04-03 12:00:00,0.91753,0.91757,0.91645,0.91704,2190,16,0
2023-04-03 12:30:00,0.91704,0.91721,0.91637,0.91717,1449,16,0
2023-04-03 13:00:00,0.91715,0.91732,0.91562,0.91601,1868,16,0
2023-04-03 13:30:00,0.91601,0.9166,0.91601,0.91629,1521,16,0
2023-04-03 14:00:00,0.9163,0.91706,0.91614,0.91623,1806,16,0
2023-04-03 14:30:00,0.91624,0.91637,0.91425,0.9143,2130,16,0
2023-04-03 15:00:00,0.91431,0.91588,0.91429,0.91528,2298,16,0
2023-04-03 15:30:00,0.91528,0.91596,0.91496,0.9155,2100,16,0
2023-04-03 16:00:00,0.9155,0.9156,0.9141,0.91416,1764,16,0
2023-04-03 16:30:00,0.91418,0.91469,0.91311,0.91337,2501,16,0
2023-04-03 17:00:00,0.91336,0.91336,0.91145,0.91216,4823,16,0
2023-04-03 17:30:00,0.91216,0.91412,0.91216,0.91263,3693,16,0
2023-04-03 18:00:00,0.91262,0.91393,0.91227,0.91379,3193,16,0
2023-04-03 18:30:00,0.91377,0.91379,0.91234,0.91297,1652,16,0
2023-04-03 19:00:00,0.91297,0.9133,0.91271,0.91297,1186,16,0
2023-04-03 19:30:00,0.91296,0.91333,0.91284,0.91328,943,16,0
2023-04-03 20:00:00,0.91328,0.91397,0.91324,0.91354,995,16,0
2023-04-03 20:30:00,0.91354,0.91385,0.91323,0.91349,857,16,0
2023-04-03 21:00:00,0.91348,0.9135,0.91265,0.91276,1213,16,0
2023-04-03 21:30:00,0.91277,0.91317,0.91266,0.91292,1332,16,0
2023-04-03 22:00:00,0.91293,0.91318,0.91275,0.91312,743,16,0
2023-04-03 22:30:00,0.91312,0.91317,0.91225,0.91249,791,16,0
2023-04-03 23:00:00,0.9125,0.91291,0.91218,0.91277,530,17,0
2023-04-03 23:30:00,0.91278,0.91293,0.9124,0.91249,877,22,0
2023-04-04 00:00:00,0.91242,0.91242,0.91241,0.91241,17,91,0
2023-04-04 00:30:00,0.91241,0.91254,0.91227,0.91238,160,70,0
2023-04-04 01:00:00,0.91251,0.91265,0.91225,0.91257,4526,16,0
2023-04-04 01:30:00,0.91257,0.91276,0.91237,0.91265,404,17,0
2023-04-04 02:00:00,0.91264,0.91264,0.91228,0.91239,372,17,0
2023-04-04 02:30:00,0.91239,0.91277,0.91238,0.91274,386,16,0
2023-04-04 03:00:00,0.91275,0.91299,0.91234,0.91247,1211,16,0
2023-04-04 03:30:00,0.91246,0.91302,0.91237,0.91284,1265,16,0
2023-04-04 04:00:00,0.91285,0.91344,0.91276,0.9132,992,17,0
2023-04-04 04:30:00,0.91319,0.91357,0.91294,0.91349,773,17,0
2023-04-04 05:00:00,0.91348,0.9136,0.91309,0.91331,770,16,0
2023-04-04 05:30:00,0.91331,0.91337,0.91318,0.91324,500,17,0
2023-04-04 06:00:00,0.91324,0.91367,0.9132,0.91366,468,16,0
2023-04-04 06:30:00,0.91365,0.91373,0.9135,0.91366,502,16,0
2023-04-04 07:00:00,0.91366,0.91389,0.91349,0.91359,609,17,0
2023-04-04 07:30:00,0.91359,0.91368,0.91293,0.91312,1636,16,0
2023-04-04 08:00:00,0.91312,0.91355,0.91308,0.91352,1102,16,0
2023-04-04 08:30:00,0.91353,0.91421,0.91353,0.91405,993,16,0
2023-04-04 09:00:00,0.91403,0.91419,0.91275,0.91295,1699,16,0
2023-04-04 09:30:00,0.91296,0.91336,0.91206,0.91247,1955,16,0
2023-04-04 10:00:00,0.91247,0.91247,0.91073,0.91187,2618,16,0
2023-04-04 10:30:00,0.91187,0.91231,0.90995,0.91098,3404,16,0
2023-04-04 11:00:00,0.91099,0.91221,0.91084,0.91167,3025,16,0
2023-04-04 11:30:00,0.91166,0.91268,0.91153,0.9117,1747,16,0
2023-04-04 12:00:00,0.91169,0.91198,0.91065,0.91174,2322,16,0
2023-04-04 12:30:00,0.91175,0.91196,0.91105,0.9114,1870,16,0
2023-04-04 13:00:00,0.9114,0.91245,0.91124,0.91159,1507,16,0
2023-04-04 13:30:00,0.91159,0.9128,0.91139,0.912,1550,16,0
2023-04-04 14:00:00,0.91201,0.91378,0.91201,0.91316,1894,16,0
2023-04-04 14:30:00,0.91314,0.91367,0.91299,0.9135,1098,16,0
2023-04-04 15:00:00,0.9135,0.9138,0.91218,0.91301,2940,16,0
2023-04-04 15:30:00,0.91301,0.914,0.91276,0.91337,2360,16,0
2023-04-04 16:00:00,0.91336,0.9134,0.91196,0.91228,2336,16,0
2023-04-04 16:30:00,0.91229,0.91282,0.91135,0.91196,2706,16,0
2023-04-04 17:00:00,0.91196,0.91196,0.90798,0.9081,6262,16,0
2023-04-04 17:30:00,0.90807,0.90855,0.90695,0.90737,3697,16,0
2023-04-04 18:00:00,0.90737,0.90802,0.90699,0.90762,2498,16,0
2023-04-04 18:30:00,0.90761,0.90778,0.90652,0.90701,1983,16,0
2023-04-04 19:00:00,0.90701,0.90715,0.90543,0.90578,1650,16,0
2023-04-04 19:30:00,0.90579,0.90634,0.90571,0.9062,931,16,0
2023-04-04 20:00:00,0.9062,0.90638,0.90585,0.9061,696,16,0
2023-04-04 20:30:00,0.9061,0.90634,0.90564,0.90623,644,16,0
2023-04-04 21:00:00,0.90623,0.90632,0.90556,0.90591,659,16,0
2023-04-04 21:30:00,0.90592,0.90611,0.90567,0.90574,725,16,0
2023-04-04 22:00:00,0.90573,0.9062,0.90573,0.90605,676,16,0
2023-04-04 22:30:00,0.90605,0.90617,0.9058,0.90595,602,16,0
2023-04-04 23:00:00,0.90595,0.90605,0.90577,0.90581,412,16,0
2023-04-04 23:30:00,0.90581,0.90608,0.90581,0.90605,461,21,0
2023-04-05 00:00:00,0.90554,0.90586,0.90554,0.90558,55,42,0
2023-04-05 00:30:00,0.90558,0.90581,0.90549,0.90581,35,30,0
2023-04-05 01:00:00,0.90583,0.90589,0.90565,0.90576,318,17,0
2023-04-05 01:30:00,0.90577,0.90581,0.90554,0.90573,588,16,0
2023-04-05 02:00:00,0.90573,0.90576,0.9054,0.90543,463,17,0
2023-04-05 02:30:00,0.90544,0.90575,0.90539,0.90565,527,17,0
2023-04-05 03:00:00,0.90565,0.90571,0.9053,0.90559,1098,16,0
2023-04-05 03:30:00,0.90559,0.90584,0.90543,0.90565,1021,16,0
2023-04-05 04:00:00,0.90565,0.90566,0.90537,0.90547,831,16,0
2023-04-05 04:30:00,0.90548,0.90579,0.90543,0.90565,720,16,0
2023-04-05 05:00:00,0.90563,0.90578,0.90527,0.90551,1851,16,0
2023-04-05 05:30:00,0.90552,0.90556,0.90525,0.9055,1063,16,0
2023-04-05 06:00:00,0.90549,0.90567,0.90544,0.90549,734,16,0
2023-04-05 06:30:00,0.9055,0.90568,0.90544,0.90548,606,17,0
2023-04-05 07:00:00,0.90548,0.90581,0.90548,0.90557,805,17,0
2023-04-05 07:30:00,0.90557,0.90593,0.90547,0.9058,747,16,0
2023-04-05 08:00:00,0.9058,0.90594,0.90565,0.90583,451,16,0
2023-04-05 08:30:00,0.90581,0.90593,0.90539,0.90541,1113,16,0
2023-04-05 09:00:00,0.9054,0.90567,0.90524,0.90547,1282,16,0
2023-04-05 09:30:00,0.90548,0.90574,0.90526,0.90544,1130,16,0
2023-04-05 10:00:00,0.90542,0.90544,0.90432,0.90438,2169,16,0
2023-04-05 10:30:00,0.90439,0.90519,0.904,0.90505,2200,16,0
2023-04-05 11:00:00,0.90504,0.90527,0.90446,0.90473,1791,16,0
2023-04-05 11:30:00,0.90473,0.9054,0.90453,0.9046,1597,16,0
2023-04-05 12:00:00,0.9046,0.90576,0.90422,0.90558,1380,16,0
2023-04-05 12:30:00,0.90558,0.90562,0.90479,0.90518,1472,16,0
2023-04-05 13:00:00,0.90518,0.90536,0.90457,0.9049,1181,16,0
2023-04-05 13:30:00,0.9049,0.9055,0.90464,0.9048,1259,16,0
2023-04-05 14:00:00,0.90478,0.90548,0.90476,0.90505,1156,16,0
2023-04-05 14:30:00,0.90505,0.90545,0.9049,0.90532,1647,16,0
2023-04-05 15:00:00,0.90533,0.90533,0.90278,0.9039,3372,16,0
2023-04-05 15:30:00,0.90389,0.90428,0.90306,0.90344,2840,16,0
2023-04-05 16:00:00,0.90344,0.90435,0.90277,0.90428,2199,16,0
2023-04-05 16:30:00,0.90428,0.90486,0.90362,0.90436,2735,16,0
2023-04-05 17:00:00,0.90434,0.90465,0.90048,0.90393,4582,16,0
2023-04-05 17:30:00,0.90391,0.90571,0.90381,0.90475,3838,16,0
2023-04-05 18:00:00,0.90473,0.90504,0.90401,0.90454,2388,16,0
2023-04-05 18:30:00,0.90453,0.90512,0.90448,0.905,1294,16,0
2023-04-05 19:00:00,0.90498,0.90623,0.90489,0.90614,1954,16,0
2023-04-05 19:30:00,0.90614,0.90753,0.906,0.90722,1533,16,0
2023-04-05 20:00:00,0.90722,0.90752,0.9067,0.90681,1278,16,0
2023-04-05 20:30:00,0.9068,0.9072,0.90641,0.90646,769,16,0
2023-04-05 21:00:00,0.90646,0.90685,0.90614,0.90614,776,16,0
2023-04-05 21:30:00,0.90615,0.9064,0.90566,0.90569,429,16,0
2023-04-05 22:00:00,0.90571,0.90639,0.90569,0.90636,469,16,0
2023-04-05 22:30:00,0.90636,0.90652,0.90604,0.90633,584,16,0
2023-04-05 23:00:00,0.90633,0.9068,0.90631,0.90671,313,18,0
2023-04-05 23:30:00,0.90671,0.90685,0.90639,0.90685,437,21,0
2023-04-06 00:00:00,0.90594,0.90648,0.90594,0.90626,17,66,0
2023-04-06 00:30:00,0.9062,0.90638,0.90588,0.90613,680,44,0
2023-04-06 01:00:00,0.90615,0.90639,0.90609,0.90638,653,20,0
2023-04-06 01:30:00,0.90637,0.90639,0.90612,0.90618,419,18,0
2023-04-06 02:00:00,0.90618,0.9063,0.90589,0.90597,964,18,0
2023-04-06 02:30:00,0.90597,0.90634,0.90589,0.90633,622,16,0
2023-04-06 03:00:00,0.90633,0.90639,0.90608,0.90634,732,16,0
2023-04-06 03:30:00,0.90633,0.9069,0.90631,0.90679,729,16,0
2023-04-06 04:00:00,0.90678,0.9074,0.90678,0.90694,822,16,0
2023-04-06 04:30:00,0.90693,0.90709,0.90667,0.90687,879,17,0
2023-04-06 05:00:00,0.90693,0.90717,0.90679,0.90712,577,17,0
2023-04-06 05:30:00,0.90712,0.9074,0.90704,0.90738,438,16,0
2023-04-06 06:00:00,0.90737,0.90738,0.90695,0.90703,375,16,0
2023-04-06 06:30:00,0.90703,0.90718,0.90693,0.90699,555,16,0
2023-04-06 07:00:00,0.90698,0.90739,0.90691,0.9072,576,16,0
2023-04-06 07:30:00,0.9072,0.9072,0.90692,0.90706,710,16,0
2023-04-06 08:00:00,0.90709,0.90742,0.90702,0.90725,1208,16,0
2023-04-06 08:30:00,0.90725,0.90732,0.90683,0.90687,1386,16,0
2023-04-06 09:00:00,0.90677,0.90688,0.90641,0.90666,1122,16,0
2023-04-06 09:30:00,0.90666,0.90707,0.90651,0.90694,1377,16,0
2023-04-06 10:00:00,0.90694,0.90696,0.905,0.90514,2397,16,0
2023-04-06 10:30:00,0.90514,0.90522,0.90357,0.90457,2307,16,0
2023-04-06 11:00:00,0.90458,0.9051,0.90374,0.90456,2126,16,0
2023-04-06 11:30:00,0.90457,0.9048,0.90374,0.90437,1661,16,0
2023-04-06 12:00:00,0.90437,0.90561,0.90436,0.90524,1383,16,0
2023-04-06 12:30:00,0.90525,0.90562,0.90496,0.90526,1330,16,0
2023-04-06 13:00:00,0.90526,0.90542,0.90496,0.90505,1020,16,0
2023-04-06 13:30:00,0.90505,0.90546,0.90498,0.90508,1415,16,0
2023-04-06 14:00:00,0.90507,0.90519,0.90431,0.90481,1326,16,0
2023-04-06 14:30:00,0.90481,0.90516,0.90465,0.90493,1106,16,0
2023-04-06 15:00:00,0.90493,0.90524,0.90468,0.9049,1963,16,0
2023-04-06 15:30:00,0.90493,0.90628,0.90408,0.90608,3793,16,0
2023-04-06 16:00:00,0.90608,0.90663,0.90587,0.90621,2187,16,0
2023-04-06 16:30:00,0.90621,0.90621,0.90508,0.90563,2303,16,0
2023-04-06 17:00:00,0.90563,0.90583,0.90461,0.90547,2147,16,0
2023-04-06 17:30:00,0.90547,0.90568,0.90411,0.90422,2372,16,0
2023-04-06 18:00:00,0.90422,0.90465,0.90379,0.90438,1561,16,0
2023-04-06 18:30:00,0.90438,0.90447,0.90397,0.90404,917,16,0
2023-04-06 19:00:00,0.90403,0.90408,0.90352,0.90375,1032,16,0
2023-04-06 19:30:00,0.90374,0.90396,0.90352,0.90393,605,16,0
2023-04-06 20:00:00,0.90393,0.90419,0.90368,0.90386,599,16,0
2023-04-06 20:30:00,0.90386,0.90428,0.90371,0.90418,606,16,0
2023-04-06 21:00:00,0.90419,0.90432,0.90379,0.90428,1137,16,0
2023-04-06 21:30:00,0.90428,0.9043,0.90392,0.90405,634,16,0
2023-04-06 22:00:00,0.90406,0.90467,0.90406,0.90466,735,16,0
2023-04-06 22:30:00,0.90466,0.90487,0.90445,0.90458,425,16,0
2023-04-06 23:00:00,0.90459,0.90473,0.9043,0.9043,531,18,0
2023-04-06 23:30:00,0.90431,0.90461,0.90382,0.90382,439,21,0
2023-04-07 00:00:00,0.90384,0.90462,0.90384,0.90457,264,72,0
2023-04-07 00:30:00,0.90455,0.90474,0.90454,0.90463,187,45,0
2023-04-07 01:00:00,0.90464,0.90472,0.90428,0.90455,2967,16,0
2023-04-07 01:30:00,0.90457,0.90463,0.90449,0.90453,776,19,0
2023-04-07 02:00:00,0.90453,0.90474,0.90452,0.90459,1312,16,0
2023-04-07 02:30:00,0.90459,0.90462,0.90428,0.90444,406,17,0
2023-04-07 03:00:00,0.90444,0.90456,0.90415,0.90441,646,17,0
2023-04-07 03:30:00,0.90441,0.90477,0.90441,0.90456,399,20,0
2023-04-07 04:00:00,0.90456,0.90464,0.90433,0.90438,1401,16,0
2023-04-07 04:30:00,0.90438,0.90453,0.90424,0.90442,331,20,0
2023-04-07 05:00:00,0.90442,0.90449,0.90418,0.90421,1656,19,0
2023-04-07 05:30:00,0.9042,0.90429,0.90404,0.90418,574,17,0
2023-04-07 06:00:00,0.90418,0.90447,0.90407,0.90445,1154,18,0
2023-04-07 06:30:00,0.90441,0.90456,0.90434,0.90442,1265,16,0
2023-04-07 07:00:00,0.90442,0.90459,0.90431,0.90449,762,16,0
2023-04-07 07:30:00,0.90448,0.90461,0.9044,0.90459,603,18,0
2023-04-07 08:00:00,0.90459,0.90462,0.90432,0.90436,553,18,0
2023-04-07 08:30:00,0.90436,0.90451,0.9043,0.90444,1602,19,0
2023-04-07 09:00:00,0.90445,0.90484,0.90368,0.90371,744,16,0
2023-04-07 09:30:00,0.90372,0.90394,0.90334,0.90334,687,16,0
2023-04-07 10:00:00,0.90335,0.90403,0.90335,0.90373,634,16,0
2023-04-07 10:30:00,0.90372,0.90439,0.90364,0.90423,621,16,0
2023-04-07 11:00:00,0.90423,0.90447,0.90386,0.90389,539,18,0
2023-04-07 11:30:00,0.90389,0.90405,0.90357,0.90386,648,18,0
2023-04-07 12:00:00,0.90386,0.90449,0.90386,0.90422,681,16,0
2023-04-07 12:30:00,0.90422,0.90444,0.90414,0.9044,353,16,0
2023-04-07 13:00:00,0.9044,0.90449,0.90364,0.90372,291,18,0
2023-04-07 13:30:00,0.90372,0.90395,0.90348,0.90354,547,18,0
2023-04-07 14:00:00,0.90355,0.90404,0.90355,0.90394,686,16,0
2023-04-07 14:30:00,0.90394,0.90433,0.90375,0.90393,407,16,0
2023-04-07 15:00:00,0.90394,0.9059,0.90393,0.90472,1134,16,0
2023-04-07 15:30:00,0.90396,0.90799,0.90396,0.90621,4456,16,0
2023-04-07 16:00:00,0.90619,0.90674,0.90593,0.90657,1899,16,0
2023-04-07 16:30:00,0.90657,0.90671,0.9061,0.90624,617,18,0
2023-04-07 17:00:00,0.90624,0.90667,0.90447,0.90455,588,16,0
2023-04-07 17:30:00,0.90456,0.90503,0.90333,0.90363,892,16,0
2023-04-07 18:00:00,0.90365,0.90575,0.90358,0.90434,1083,16,0
2023-04-07 18:30:00,0.90434,0.90532,0.90434,0.90505,363,24,0
2023-04-07 19:00:00,0.90503,0.90522,0.90482,0.90485,707,45,0
2023-04-07 19:30:00,0.90485,0.90499,0.90482,0.90482,887,36,0
2023-04-07 20:00:00,0.90493,0.90499,0.90476,0.90491,1339,34,0
2023-04-07 20:30:00,0.90482,0.90504,0.90475,0.90483,741,24,0
2023-04-07 21:00:00,0.90483,0.9052,0.9035,0.9043,3106,24,0
2023-04-07 21:30:00,0.90435,0.90453,0.90398,0.90407,87,84,0
2023-04-07 22:00:00,0.90369,0.90452,0.90345,0.90409,581,30,0
2023-04-07 22:30:00,0.9041,0.90433,0.90361,0.90363,474,32,0
2023-04-07 23:00:00,0.90368,0.90389,0.90357,0.90357,8,175,0
2023-04-07 23:30:00,0.90359,0.90568,0.90355,0.90506,110,21,0
2023-04-10 00:00:00,0.90362,0.90444,0.90362,0.90444,2,138,0
2023-04-10 00:30:00,0.90433,0.90467,0.90427,0.90438,13,74,0
2023-04-10 01:00:00,0.90454,0.90464,0.90361,0.90371,1761,16,0
2023-04-10 01:30:00,0.90372,0.90472,0.9037,0.90446,553,18,0
2023-04-10 02:00:00,0.90446,0.90478,0.90431,0.90455,422,20,0
2023-04-10 02:30:00,0.90459,0.90461,0.90425,0.9044,1178,21,0
2023-04-10 03:00:00,0.9044,0.90501,0.90426,0.90484,1732,16,0
2023-04-10 03:30:00,0.90485,0.90566,0.90483,0.90564,1284,16,0
2023-04-10 04:00:00,0.90564,0.9058,0.90525,0.90551,1234,16,0
2023-04-10 04:30:00,0.90552,0.90625,0.90551,0.90606,1264,16,0
2023-04-10 05:00:00,0.90606,0.90612,0.90572,0.90582,937,17,0
2023-04-10 05:30:00,0.90583,0.90602,0.90579,0.90593,414,18,0
2023-04-10 06:00:00,0.90593,0.90613,0.90574,0.90576,375,18,0
2023-04-10 06:30:00,0.90575,0.90607,0.90575,0.90593,626,17,0
2023-04-10 07:00:00,0.90593,0.9062,0.90593,0.90604,646,16,0
2023-04-10 07:30:00,0.90605,0.90618,0.90575,0.90615,399,16,0
2023-04-10 08:00:00,0.90616,0.90637,0.90611,0.90624,456,17,0
2023-04-10 08:30:00,0.90624,0.90664,0.90619,0.90634,1216,17,0
2023-04-10 09:00:00,0.90633,0.90664,0.90616,0.90632,1574,16,0
2023-04-10 09:30:00,0.90632,0.90654,0.90593,0.9062,726,16,0
2023-04-10 10:00:00,0.90621,0.90631,0.90562,0.90595,1375,16,0
2023-04-10 10:30:00,0.90595,0.90603,0.90529,0.90536,701,16,0
2023-04-10 11:00:00,0.90536,0.90566,0.90508,0.90514,581,16,0
2023-04-10 11:30:00,0.90514,0.90574,0.905,0.90546,440,17,0
2023-04-10 12:00:00,0.90546,0.90615,0.90546,0.90571,574,16,0
2023-04-10 12:30:00,0.9057,0.90615,0.90555,0.90586,949,18,0
2023-04-10 13:00:00,0.90585,0.90607,0.90548,0.9058,1127,18,0
2023-04-10 13:30:00,0.90577,0.90606,0.90533,0.90572,1100,17,0
2023-04-10 14:00:00,0.90569,0.90633,0.90541,0.90626,1224,16,0
2023-04-10 14:30:00,0.90627,0.90697,0.90618,0.90688,1027,16,0
2023-04-10 15:00:00,0.90688,0.90921,0.9067,0.90867,3151,16,0
2023-04-10 15:30:00,0.90866,0.91025,0.90808,0.91011,2796,16,0
2023-04-10 16:00:00,0.91016,0.91038,0.90954,0.90991,2754,16,0
2023-04-10 16:30:00,0.90991,0.91085,0.90965,0.91073,2272,16,0
2023-04-10 17:00:00,0.91078,0.91136,0.91043,0.91108,1477,16,0
2023-04-10 17:30:00,0.91108,0.91195,0.91086,0.9111,1505,16,0
2023-04-10 18:00:00,0.91106,0.91111,0.91023,0.91062,1681,16,0
2023-04-10 18:30:00,0.91064,0.91127,0.91057,0.9112,734,16,0
2023-04-10 19:00:00,0.91119,0.91119,0.91044,0.91058,664,16,0
2023-04-10 19:30:00,0.91057,0.91061,0.90999,0.91027,1299,16,0
2023-04-10 20:00:00,0.91028,0.91028,0.90956,0.90989,1146,16,0
2023-04-10 20:30:00,0.90989,0.9101,0.9098,0.9099,1204,16,0
2023-04-10 21:00:00,0.90989,0.91018,0.90979,0.91004,1877,16,0
2023-04-10 21:30:00,0.91003,0.91021,0.90958,0.90966,1425,16,0
2023-04-10 22:00:00,0.90966,0.90982,0.90943,0.90963,496,17,0
2023-04-10 22:30:00,0.90963,0.90965,0.9092,0.90926,670,17,0
2023-04-10 23:00:00,0.90927,0.90966,0.90927,0.90964,314,19,0
2023-04-10 23:30:00,0.90964,0.90964,0.90919,0.90925,974,22,0
2023-04-11 00:00:00,0.90898,0.90936,0.90895,0.90913,116,54,0
2023-04-11 00:30:00,0.90921,0.90933,0.909,0.90914,324,89,0
2023-04-11 01:00:00,0.90912,0.90951,0.90897,0.90909,2082,16,0
2023-04-11 01:30:00,0.90909,0.90914,0.90902,0.9091,645,17,0
2023-04-11 02:00:00,0.90909,0.90912,0.90881,0.90887,1081,19,0
2023-04-11 02:30:00,0.90886,0.909,0.90873,0.9088,556,16,0
2023-04-11 03:00:00,0.90881,0.90882,0.90816,0.90835,1055,16,0
2023-04-11 03:30:00,0.90835,0.90854,0.90818,0.90844,805,16,0
2023-04-11 04:00:00,0.90845,0.90881,0.9083,0.90875,930,17,0
2023-04-11 04:30:00,0.90875,0.90895,0.90815,0.90817,502,16,0
2023-04-11 05:00:00,0.90818,0.90821,0.90781,0.90809,831,16,0
2023-04-11 05:30:00,0.90809,0.90826,0.90797,0.90802,609,17,0
2023-04-11 06:00:00,0.90803,0.9081,0.90766,0.9079,572,18,0
2023-04-11 06:30:00,0.90789,0.90819,0.90787,0.90804,501,17,0
2023-04-11 07:00:00,0.90804,0.90809,0.90774,0.90806,389,17,0
2023-04-11 07:30:00,0.90805,0.90807,0.90784,0.90792,439,16,0
2023-04-11 08:00:00,0.90792,0.90792,0.90732,0.90744,719,16,0
2023-04-11 08:30:00,0.90744,0.90758,0.90706,0.90712,984,16,0
2023-04-11 09:00:00,0.90712,0.9073,0.90661,0.9073,1476,16,0
2023-04-11 09:30:00,0.9073,0.90732,0.90682,0.90682,927,16,0
2023-04-11 10:00:00,0.90681,0.90685,0.90368,0.90417,1966,16,0
2023-04-11 10:30:00,0.90415,0.90483,0.90368,0.9048,1593,16,0
2023-04-11 11:00:00,0.90481,0.90496,0.90398,0.90427,1046,16,0
2023-04-11 11:30:00,0.90427,0.90466,0.90386,0.90405,957,16,0
2023-04-11 12:00:00,0.90404,0.90468,0.90383,0.90442,1054,16,0
2023-04-11 12:30:00,0.90442,0.90456,0.90396,0.90438,1050,16,0
2023-04-11 13:00:00,0.90438,0.90474,0.90391,0.90465,1050,16,0
2023-04-11 13:30:00,0.90465,0.90481,0.90364,0.90406,1213,16,0
2023-04-11 14:00:00,0.90406,0.90508,0.90396,0.90486,1316,16,0
2023-04-11 14:30:00,0.90487,0.90512,0.90408,0.90478,1190,16,0
2023-04-11 15:00:00,0.90477,0.90535,0.90422,0.90506,1359,16,0
2023-04-11 15:30:00,0.90506,0.90549,0.9046,0.90505,2310,16,0
2023-04-11 16:00:00,0.90501,0.90547,0.90478,0.90499,1515,16,0
2023-04-11 16:30:00,0.90495,0.90586,0.90476,0.9048,2176,16,0
2023-04-11 17:00:00,0.90479,0.90483,0.9041,0.90443,1822,16,0
2023-04-11 17:30:00,0.90443,0.90466,0.90361,0.90389,1792,16,0
2023-04-11 18:00:00,0.9039,0.90417,0.90342,0.90349,1278,16,0
2023-04-11 18:30:00,0.90349,0.90417,0.90308,0.90405,1066,16,0
2023-04-11 19:00:00,0.90399,0.90458,0.9039,0.90429,653,16,0
2023-04-11 19:30:00,0.90429,0.90493,0.90425,0.90453,732,16,0
2023-04-11 20:00:00,0.90453,0.90478,0.90415,0.90418,566,16,0
2023-04-11 20:30:00,0.90419,0.90419,0.9032,0.9033,502,16,0
2023-04-11 21:00:00,0.9033,0.90342,0.90287,0.90306,533,16,0
2023-04-11 21:30:00,0.90306,0.90356,0.90306,0.90315,481,16,0
2023-04-11 22:00:00,0.90315,0.90337,0.90286,0.90287,437,16,0
2023-04-11 22:30:00,0.90288,0.90341,0.90269,0.90297,808,16,0
2023-04-11 23:00:00,0.90298,0.9032,0.9029,0.90303,321,19,0
2023-04-11 23:30:00,0.90302,0.90326,0.90298,0.90313,387,21,0
2023-04-12 00:00:00,0.90313,0.90322,0.90302,0.90316,66,45,0
2023-04-12 00:30:00,0.90318,0.9033,0.90308,0.90309,247,37,0
2023-04-12 01:00:00,0.90313,0.90321,0.90273,0.90276,530,23,0
2023-04-12 01:30:00,0.90277,0.90291,0.90272,0.90283,306,16,0
2023-04-12 02:00:00,0.90284,0.90311,0.90284,0.90301,239,16,0
2023-04-12 02:30:00,0.90301,0.90311,0.90284,0.90297,849,18,0
2023-04-12 03:00:00,0.90296,0.90327,0.90285,0.90302,903,16,0
2023-04-12 03:30:00,0.90303,0.90304,0.90238,0.90248,789,16,0
2023-04-12 04:00:00,0.90246,0.90257,0.90222,0.90229,611,16,0
2023-04-12 04:30:00,0.90229,0.90232,0.90177,0.90191,793,16,0
2023-04-12 05:00:00,0.90193,0.90253,0.90188,0.9025,485,16,0
2023-04-12 05:30:00,0.9025,0.90296,0.90226,0.90278,636,16,0
2023-04-12 06:00:00,0.90278,0.90307,0.90268,0.90269,660,16,0
2023-04-12 06:30:00,0.90269,0.90269,0.90241,0.9025,348,16,0
2023-04-12 07:00:00,0.90249,0.90268,0.90243,0.90244,275,16,0
2023-04-12 07:30:00,0.90244,0.9026,0.90229,0.90252,436,16,0
2023-04-12 08:00:00,0.90252,0.90268,0.90243,0.90259,404,17,0
2023-04-12 08:30:00,0.90259,0.90261,0.90184,0.90189,514,16,0
2023-04-12 09:00:00,0.90194,0.90283,0.90163,0.90276,954,16,0
2023-04-12 09:30:00,0.90279,0.90297,0.90211,0.90219,1170,17,0
2023-04-12 10:00:00,0.9022,0.90308,0.90175,0.90295,1539,16,0
2023-04-12 10:30:00,0.90296,0.90341,0.90253,0.90259,1332,16,0
2023-04-12 11:00:00,0.9026,0.90305,0.90222,0.90275,1137,16,0
2023-04-12 11:30:00,0.90276,0.90294,0.90246,0.90293,728,16,0
2023-04-12 12:00:00,0.90294,0.90298,0.90201,0.90228,864,16,0
2023-04-12 12:30:00,0.90228,0.90264,0.90211,0.90232,660,16,0
2023-04-12 13:00:00,0.90231,0.90233,0.90118,0.90207,1090,16,0
2023-04-12 13:30:00,0.90206,0.90229,0.90149,0.90226,987,16,0
2023-04-12 14:00:00,0.90223,0.90268,0.90139,0.90176,1025,16,0
2023-04-12 14:30:00,0.90176,0.90196,0.90124,0.90181,880,16,0
2023-04-12 15:00:00,0.9018,0.90222,0.90145,0.90162,1351,16,0
2023-04-12 15:30:00,0.90156,0.90163,0.89663,0.89776,6424,16,0
2023-04-12 16:00:00,0.89776,0.89816,0.89608,0.89657,3145,16,0
2023-04-12 16:30:00,0.89657,0.89804,0.89616,0.89661,3446,16,0
2023-04-12 17:00:00,0.8966,0.89677,0.89455,0.89483,3110,16,0
2023-04-12 17:30:00,0.89483,0.89763,0.89429,0.89724,2984,16,0
2023-04-12 18:00:00,0.89724,0.8974,0.8968,0.8968,1832,16,0
2023-04-12 18:30:00,0.89678,0.89733,0.89651,0.89681,993,16,0
2023-04-12 19:00:00,0.89681,0.89695,0.89517,0.89561,1044,16,0
2023-04-12 19:30:00,0.89558,0.89616,0.8953,0.89532,762,16,0
2023-04-12 20:00:00,0.89533,0.89606,0.89527,0.89543,865,16,0
2023-04-12 20:30:00,0.89544,0.89585,0.89526,0.89547,840,16,0
2023-04-12 21:00:00,0.89546,0.89581,0.89486,0.8957,1624,16,0
2023-04-12 21:30:00,0.89569,0.89581,0.8953,0.89571,1338,16,0
2023-04-12 22:00:00,0.8957,0.89598,0.8955,0.89596,874,16,0
2023-04-12 22:30:00,0.89596,0.89655,0.89585,0.89629,844,16,0
2023-04-12 23:00:00,0.89631,0.89649,0.89602,0.89636,534,18,0
2023-04-12 23:30:00,0.89637,0.89637,0.8955,0.8957,427,23,0
2023-04-13 00:00:00,0.8957,0.89574,0.8957,0.89573,10,73,0
2023-04-13 00:30:00,0.89581,0.89586,0.89559,0.89559,360,52,0
2023-04-13 01:00:00,0.89563,0.89613,0.8955,0.89585,1195,16,0
2023-04-13 01:30:00,0.89584,0.89584,0.89568,0.89573,281,18,0
2023-04-13 02:00:00,0.89574,0.89581,0.89548,0.89559,519,18,0
2023-04-13 02:30:00,0.89559,0.89582,0.89546,0.89582,354,17,0
2023-04-13 03:00:00,0.89582,0.89626,0.89569,0.89572,620,16,0
2023-04-13 03:30:00,0.89572,0.89579,0.89527,0.89538,646,16,0
2023-04-13 04:00:00,0.89538,0.89605,0.89537,0.89584,592,16,0
2023-04-13 04:30:00,0.89584,0.8962,0.89569,0.89613,775,17,0
2023-04-13 05:00:00,0.89615,0.8964,0.89603,0.89632,430,16,0
2023-04-13 05:30:00,0.8963,0.89647,0.89616,0.89635,326,16,0
2023-04-13 06:00:00,0.89634,0.89681,0.89626,0.89666,529,16,0
2023-04-13 06:30:00,0.89667,0.89678,0.89645,0.89672,285,16,0
2023-04-13 07:00:00,0.89672,0.89674,0.89632,0.89653,261,17,0
2023-04-13 07:30:00,0.89656,0.89702,0.89654,0.89686,307,17,0
2023-04-13 08:00:00,0.89687,0.89716,0.89681,0.89701,441,16,0
2023-04-13 08:30:00,0.89701,0.89741,0.89696,0.89738,382,16,0
2023-04-13 09:00:00,0.89738,0.8974,0.89638,0.89662,1023,16,0
2023-04-13 09:30:00,0.89662,0.89674,0.89591,0.89591,1294,16,0
2023-04-13 10:00:00,0.89589,0.89595,0.89431,0.89436,1936,16,0
2023-04-13 10:30:00,0.89436,0.89442,0.89335,0.89356,1766,16,0
2023-04-13 11:00:00,0.89356,0.89356,0.8913,0.89139,2507,16,0
2023-04-13 11:30:00,0.89138,0.89147,0.8903,0.89147,1446,16,0
2023-04-13 12:00:00,0.89146,0.89183,0.88994,0.89008,1574,16,0
2023-04-13 12:30:00,0.89008,0.89049,0.88961,0.89013,1686,16,0
2023-04-13 13:00:00,0.89014,0.89119,0.88985,0.89097,1215,16,0
2023-04-13 13:30:00,0.89096,0.89133,0.89065,0.89115,1002,16,0
2023-04-13 14:00:00,0.89114,0.89115,0.88974,0.89003,1148,16,0
2023-04-13 14:30:00,0.89004,0.89058,0.88995,0.89049,1046,16,0
2023-04-13 15:00:00,0.89049,0.89056,0.88944,0.88973,1775,16,0
2023-04-13 15:30:00,0.88973,0.89038,0.88694,0.88734,4620,16,0
2023-04-13 16:00:00,0.88733,0.8877,0.88663,0.88696,2222,16,0
2023-04-13 16:30:00,0.88695,0.88896,0.88589,0.8871,3159,16,0
2023-04-13 17:00:00,0.8871,0.88995,0.88708,0.88895,3073,16,0
2023-04-13 17:30:00,0.88894,0.88936,0.88782,0.88862,2758,16,0
2023-04-13 18:00:00,0.88863,0.88887,0.88711,0.88715,1856,16,0
2023-04-13 18:30:00,0.88715,0.88742,0.88645,0.8874,1420,16,0
2023-04-13 19:00:00,0.88738,0.88764,0.88704,0.88719,833,16,0
2023-04-13 19:30:00,0.88723,0.88786,0.88708,0.88735,842,16,0
2023-04-13 20:00:00,0.88734,0.88794,0.88733,0.88791,767,16,0
2023-04-13 20:30:00,0.8879,0.88796,0.88745,0.8876,395,16,0
2023-04-13 21:00:00,0.8876,0.88781,0.88747,0.88771,468,16,0
2023-04-13 21:30:00,0.88772,0.88828,0.88763,0.8879,467,16,0
2023-04-13 22:00:00,0.88788,0.88846,0.88781,0.8883,559,16,0
2023-04-13 22:30:00,0.8883,0.88886,0.88818,0.88881,602,16,0
2023-04-13 23:00:00,0.8888,0.88906,0.88855,0.88901,398,18,0
2023-04-13 23:30:00,0.88901,0.8895,0.88898,0.88936,526,21,0
2023-04-14 00:00:00,0.88936,0.88936,0.88909,0.88922,52,51,0
2023-04-14 00:30:00,0.88922,0.88959,0.88922,0.88923,92,29,0
2023-04-14 01:00:00,0.88926,0.8894,0.88917,0.88932,272,16,0
2023-04-14 01:30:00,0.88932,0.88936,0.88923,0.8893,469,16,0
2023-04-14 02:00:00,0.88931,0.88933,0.88907,0.88921,203,16,0
2023-04-14 02:30:00,0.88921,0.88925,0.88898,0.88901,199,16,0
2023-04-14 03:00:00,0.889,0.88928,0.88868,0.88882,880,16,0
2023-04-14 03:30:00,0.88882,0.88888,0.8884,0.88886,613,16,0
2023-04-14 04:00:00,0.88887,0.88906,0.88829,0.88849,574,16,0
2023-04-14 04:30:00,0.88847,0.88849,0.88817,0.88817,703,16,0
2023-04-14 05:00:00,0.88817,0.88827,0.88742,0.88773,1726,16,0
2023-04-14 05:30:00,0.88772,0.88788,0.88755,0.88766,1029,17,0
2023-04-14 06:00:00,0.88767,0.88785,0.88738,0.88768,570,16,0
2023-04-14 06:30:00,0.8877,0.88778,0.8873,0.88761,446,16,0
2023-04-14 07:00:00,0.88761,0.88788,0.88749,0.88757,422,16,0
2023-04-14 07:30:00,0.88755,0.8877,0.88751,0.88765,402,16,0
2023-04-14 08:00:00,0.88764,0.88787,0.88753,0.8876,518,16,0
2023-04-14 08:30:00,0.8876,0.8881,0.88723,0.88723,548,16,0
2023-04-14 09:00:00,0.88711,0.88786,0.887,0.8874,993,16,0
2023-04-14 09:30:00,0.8874,0.88798,0.88734,0.8878,746,16,0
2023-04-14 10:00:00,0.8878,0.88877,0.88778,0.88829,1260,16,0
2023-04-14 10:30:00,0.88829,0.88846,0.88715,0.88735,1430,16,0
2023-04-14 11:00:00,0.88733,0.88835,0.88718,0.88814,1451,16,0
2023-04-14 11:30:00,0.88813,0.88832,0.88769,0.88812,1591,16,0
2023-04-14 12:00:00,0.88812,0.88823,0.88744,0.88767,1099,16,0
2023-04-14 12:30:00,0.88767,0.88836,0.88763,0.88797,889,16,0
2023-04-14 13:00:00,0.88798,0.88808,0.88707,0.88708,861,16,0
2023-04-14 13:30:00,0.88709,0.88755,0.88661,0.88738,821,16,0
2023-04-14 14:00:00,0.88741,0.88921,0.8874,0.88903,1304,16,0
2023-04-14 14:30:00,0.88904,0.88966,0.88874,0.88891,915,16,0
2023-04-14 15:00:00,0.88893,0.88898,0.88837,0.8886,873,16,0
2023-04-14 15:30:00,0.88849,0.89262,0.88746,0.89161,7747,16,0
2023-04-14 16:00:00,0.89161,0.89189,0.89123,0.89149,3049,16,0
2023-04-14 16:30:00,0.89148,0.89223,0.89085,0.89223,2396,16,0
2023-04-14 17:00:00,0.89212,0.89417,0.89181,0.89311,4573,16,0
2023-04-14 17:30:00,0.8931,0.8939,0.89285,0.89379,2671,16,0
2023-04-14 18:00:00,0.89379,0.8951,0.8935,0.89484,2626,16,0
2023-04-14 18:30:00,0.89484,0.89581,0.89468,0.89555,1440,16,0
2023-04-14 19:00:00,0.89554,0.89564,0.89497,0.89537,1409,16,0
2023-04-14 19:30:00,0.89537,0.89564,0.89513,0.8953,1108,16,0
2023-04-14 20:00:00,0.89531,0.89552,0.89455,0.89464,1321,16,0
2023-04-14 20:30:00,0.89463,0.89498,0.89445,0.89481,733,16,0
2023-04-14 21:00:00,0.89479,0.8948,0.89413,0.89419,770,16,0
2023-04-14 21:30:00,0.89419,0.89436,0.89374,0.89379,800,16,0
2023-04-14 22:00:00,0.89379,0.89412,0.89372,0.8939,661,16,0
2023-04-14 22:30:00,0.89389,0.89396,0.89368,0.89388,663,17,0
2023-04-14 23:00:00,0.89387,0.89411,0.89363,0.89385,482,20,0
2023-04-14 23:30:00,0.89386,0.89401,0.89357,0.89384,1042,23,0
2023-04-17 00:00:00,0.8937,0.89394,0.8937,0.89392,6,201,0
2023-04-17 00:30:00,0.89394,0.89394,0.89386,0.89386,6,141,0
2023-04-17 01:00:00,0.89393,0.89467,0.89388,0.89458,1437,18,0
2023-04-17 01:30:00,0.89458,0.89481,0.89423,0.89475,598,17,0
2023-04-17 02:00:00,0.89476,0.89477,0.89446,0.8946,420,17,0
2023-04-17 02:30:00,0.8946,0.89488,0.89451,0.89482,220,17,0
2023-04-17 03:00:00,0.89482,0.89519,0.89442,0.89455,586,16,0
2023-04-17 03:30:00,0.89454,0.89548,0.89443,0.89547,736,16,0
2023-04-17 04:00:00,0.89546,0.89588,0.89505,0.89518,979,16,0
2023-04-17 04:30:00,0.89517,0.89528,0.89481,0.89497,594,17,0
2023-04-17 05:00:00,0.89494,0.89496,0.89441,0.89453,440,16,0
2023-04-17 05:30:00,0.89454,0.8946,0.89408,0.89411,426,17,0
2023-04-17 06:00:00,0.89412,0.89438,0.89408,0.89436,429,16,0
2023-04-17 06:30:00,0.89437,0.89458,0.89423,0.89434,641,16,0
2023-04-17 07:00:00,0.89436,0.8944,0.89412,0.89426,732,16,0
2023-04-17 07:30:00,0.89427,0.89431,0.89399,0.89402,590,16,0
2023-04-17 08:00:00,0.89401,0.8942,0.89387,0.89388,661,16,0
2023-04-17 08:30:00,0.8939,0.8939,0.89316,0.89337,961,16,0
2023-04-17 09:00:00,0.89342,0.89386,0.89274,0.89349,1101,16,0
2023-04-17 09:30:00,0.89348,0.89394,0.89334,0.89346,1045,16,0
2023-04-17 10:00:00,0.89348,0.89348,0.89212,0.8926,1501,16,0
2023-04-17 10:30:00,0.8926,0.89283,0.89211,0.89262,1293,16,0
2023-04-17 11:00:00,0.89264,0.89408,0.89249,0.89377,1708,16,0
2023-04-17 11:30:00,0.89378,0.89495,0.89372,0.8949,1663,16,0
2023-04-17 12:00:00,0.8949,0.89503,0.894,0.89426,1177,16,0
2023-04-17 12:30:00,0.89426,0.89465,0.89388,0.89431,1163,16,0
2023-04-17 13:00:00,0.8943,0.89438,0.89371,0.89385,1175,16,0
2023-04-17 13:30:00,0.89387,0.89391,0.89345,0.89363,996,16,0
2023-04-17 14:00:00,0.89363,0.89417,0.89351,0.89414,981,16,0
2023-04-17 14:30:00,0.89414,0.89453,0.89374,0.89415,900,16,0
2023-04-17 15:00:00,0.89414,0.89416,0.89304,0.89315,1444,16,0
2023-04-17 15:30:00,0.89315,0.89562,0.89315,0.89549,2547,16,0
2023-04-17 16:00:00,0.89549,0.89716,0.89539,0.89687,2250,16,0
2023-04-17 16:30:00,0.89689,0.89734,0.8958,0.89696,2915,16,0
2023-04-17 17:00:00,0.89698,0.89827,0.89678,0.89824,2199,16,0
2023-04-17 17:30:00,0.89823,0.89921,0.89814,0.8984,2904,16,0
2023-04-17 18:00:00,0.89841,0.89893,0.89824,0.89876,1720,16,0
2023-04-17 18:30:00,0.89874,0.89944,0.89864,0.89943,1158,16,0
2023-04-17 19:00:00,0.89942,0.89956,0.89918,0.89929,818,16,0
2023-04-17 19:30:00,0.8993,0.89943,0.89873,0.89942,689,16,0
2023-04-17 20:00:00,0.89943,0.8995,0.89891,0.89929,770,16,0
2023-04-17 20:30:00,0.8993,0.8994,0.89911,0.89924,432,16,0
2023-04-17 21:00:00,0.89926,0.89941,0.89902,0.89925,673,16,0
2023-04-17 21:30:00,0.89924,0.8993,0.89866,0.89873,1015,16,0
2023-04-17 22:00:00,0.89872,0.89879,0.89824,0.89829,642,16,0
2023-04-17 22:30:00,0.89831,0.89854,0.89826,0.89845,694,16,0
2023-04-17 23:00:00,0.89846,0.89883,0.89846,0.89864,469,16,0
2023-04-17 23:30:00,0.89865,0.89876,0.89801,0.89805,543,21,0
2023-04-18 00:00:00,0.89804,0.89843,0.89794,0.89843,68,72,0
2023-04-18 00:30:00,0.89843,0.89865,0.89832,0.89842,519,44,0
2023-04-18 01:00:00,0.89841,0.89861,0.89823,0.89858,345,16,0
2023-04-18 01:30:00,0.89857,0.89865,0.89841,0.89857,914,16,0
2023-04-18 02:00:00,0.89856,0.89865,0.89847,0.89859,993,16,0
2023-04-18 02:30:00,0.8986,0.89867,0.89837,0.89851,218,16,0
2023-04-18 03:00:00,0.8985,0.8985,0.89816,0.89819,710,16,0
2023-04-18 03:30:00,0.89819,0.89831,0.89789,0.89825,467,16,0
2023-04-18 04:00:00,0.89824,0.89851,0.89804,0.89838,685,16,0
2023-04-18 04:30:00,0.89839,0.89843,0.89774,0.89798,876,16,0
2023-04-18 05:00:00,0.89796,0.89834,0.89732,0.89755,1618,16,0
2023-04-18 05:30:00,0.89754,0.89773,0.89732,0.89743,556,16,0
2023-04-18 06:00:00,0.89743,0.89751,0.89699,0.89724,1009,16,0
2023-04-18 06:30:00,0.89725,0.89755,0.89721,0.8974,699,16,0
2023-04-18 07:00:00,0.89741,0.89757,0.89739,0.89756,322,16,0
2023-04-18 07:30:00,0.89756,0.89773,0.89748,0.89763,326,18,0
2023-04-18 08:00:00,0.89763,0.89778,0.8975,0.89766,262,16,0
2023-04-18 08:30:00,0.89763,0.89775,0.89741,0.89755,542,16,0
2023-04-18 09:00:00,0.8976,0.89833,0.89739,0.89818,1408,16,0
2023-04-18 09:30:00,0.89818,0.89831,0.89732,0.89822,1728,16,0
2023-04-18 10:00:00,0.89818,0.89842,0.89766,0.89775,2394,16,0
2023-04-18 10:30:00,0.89776,0.89799,0.8961,0.89613,2666,16,0
2023-04-18 11:00:00,0.89615,0.89677,0.89569,0.89642,1232,16,0
2023-04-18 11:30:00,0.89641,0.89667,0.8957,0.89584,1489,16,0
2023-04-18 12:00:00,0.89585,0.89661,0.89564,0.89624,1684,16,0
2023-04-18 12:30:00,0.89625,0.89688,0.89611,0.89635,929,16,0
2023-04-18 13:00:00,0.89634,0.8968,0.89613,0.89645,891,16,0
2023-04-18 13:30:00,0.89645,0.89662,0.89591,0.8964,810,16,0
2023-04-18 14:00:00,0.89637,0.8965,0.89608,0.89627,816,17,0
2023-04-18 14:30:00,0.89626,0.89626,0.89548,0.89551,1032,16,0
2023-04-18 15:00:00,0.89551,0.89664,0.89536,0.89611,1717,16,0
2023-04-18 15:30:00,0.89613,0.89756,0.89574,0.89746,1684,16,0
2023-04-18 16:00:00,0.89742,0.8983,0.89722,0.89792,2100,16,0
2023-04-18 16:30:00,0.89793,0.89862,0.897,0.89766,1779,16,0
2023-04-18 17:00:00,0.89766,0.89828,0.89711,0.8972,2635,16,0
2023-04-18 17:30:00,0.89723,0.89771,0.89685,0.89763,2500,16,0
2023-04-18 18:00:00,0.89762,0.89791,0.89713,0.89724,1466,16,0
2023-04-18 18:30:00,0.89724,0.89805,0.89712,0.89798,986,16,0
2023-04-18 19:00:00,0.89799,0.89807,0.89749,0.89765,668,16,0
2023-04-18 19:30:00,0.89764,0.89766,0.89687,0.89687,1076,16,0
2023-04-18 20:00:00,0.89687,0.89702,0.8965,0.89667,597,16,0
2023-04-18 20:30:00,0.89668,0.89716,0.89652,0.89695,627,16,0
2023-04-18 21:00:00,0.89695,0.89705,0.89653,0.89656,553,16,0
2023-04-18 21:30:00,0.89657,0.89691,0.89648,0.8969,723,16,0
2023-04-18 22:00:00,0.89689,0.89716,0.89678,0.89707,475,16,0
2023-04-18 22:30:00,0.89706,0.89716,0.89652,0.89661,539,16,0
2023-04-18 23:00:00,0.89662,0.89667,0.8963,0.8963,364,17,0
2023-04-18 23:30:00,0.89631,0.89642,0.89591,0.89599,301,21,0
2023-04-19 00:00:00,0.896,0.89613,0.89591,0.89613,39,66,0
2023-04-19 00:30:00,0.89613,0.89644,0.896,0.89615,354,28,0
2023-04-19 01:00:00,0.89617,0.89623,0.89587,0.89604,345,16,0
2023-04-19 01:30:00,0.89605,0.89619,0.89601,0.89602,221,17,0
2023-04-19 02:00:00,0.89601,0.89608,0.8958,0.89584,201,18,0
2023-04-19 02:30:00,0.89585,0.89608,0.89585,0.89596,352,16,0
2023-04-19 03:00:00,0.89595,0.89623,0.89574,0.89619,440,16,0
2023-04-19 03:30:00,0.89619,0.89619,0.89573,0.89588,503,17,0
2023-04-19 04:00:00,0.89588,0.8963,0.89587,0.89621,461,16,0
2023-04-19 04:30:00,0.89622,0.89706,0.89622,0.89697,639,16,0
2023-04-19 05:00:00,0.89697,0.89734,0.89691,0.89698,733,16,0
2023-04-19 05:30:00,0.89696,0.897,0.89659,0.89662,632,17,0
2023-04-19 06:00:00,0.89661,0.89671,0.89647,0.89648,564,17,0
2023-04-19 06:30:00,0.89649,0.89681,0.89645,0.89655,537,17,0
2023-04-19 07:00:00,0.89655,0.89676,0.89652,0.89674,413,16,0
2023-04-19 07:30:00,0.89674,0.89705,0.89672,0.89704,430,18,0
2023-04-19 08:00:00,0.89701,0.89716,0.89683,0.89695,287,16,0
2023-04-19 08:30:00,0.89694,0.89764,0.89693,0.89762,594,17,0
2023-04-19 09:00:00,0.89762,0.89897,0.89717,0.8985,2482,16,0
2023-04-19 09:30:00,0.89851,0.89855,0.89727,0.89834,2506,16,0
2023-04-19 10:00:00,0.89833,0.89836,0.89589,0.89673,3081,16,0
2023-04-19 10:30:00,0.89673,0.8982,0.89637,0.89746,2066,16,0
2023-04-19 11:00:00,0.89748,0.899,0.89746,0.8979,2191,16,0
2023-04-19 11:30:00,0.89789,0.89871,0.89715,0.89824,1800,16,0
2023-04-19 12:00:00,0.89822,0.89905,0.89775,0.89884,1904,16,0
2023-04-19 12:30:00,0.89884,0.89988,0.89881,0.89917,2408,16,0
2023-04-19 13:00:00,0.89916,0.89999,0.89893,0.89957,1322,16,0
2023-04-19 13:30:00,0.89956,0.89967,0.89923,0.89966,1291,16,0
2023-04-19 14:00:00,0.89967,0.90004,0.89919,0.89997,1538,16,0
2023-04-19 14:30:00,0.89999,0.90022,0.89893,0.89909,1412,16,0
2023-04-19 15:00:00,0.89909,0.89941,0.89837,0.89855,1677,16,0
2023-04-19 15:30:00,0.89857,0.89885,0.89794,0.89794,1425,16,0
2023-04-19 16:00:00,0.89793,0.89807,0.89726,0.89747,1632,16,0
2023-04-19 16:30:00,0.89747,0.89787,0.89671,0.89735,1945,16,0
2023-04-19 17:00:00,0.89732,0.89737,0.89578,0.89722,2210,16,0
2023-04-19 17:30:00,0.89723,0.89853,0.89632,0.89843,1782,16,0
2023-04-19 18:00:00,0.89843,0.89857,0.89782,0.8979,1368,16,0
2023-04-19 18:30:00,0.89789,0.89846,0.89782,0.89845,834,16,0
2023-04-19 19:00:00,0.89844,0.89857,0.89782,0.89801,823,16,0
2023-04-19 19:30:00,0.898,0.898,0.89706,0.89729,1107,16,0
2023-04-19 20:00:00,0.8973,0.89781,0.89717,0.89768,994,16,0
2023-04-19 20:30:00,0.89767,0.89777,0.89739,0.89768,548,16,0
2023-04-19 21:00:00,0.89767,0.89774,0.89729,0.89737,777,16,0
2023-04-19 21:30:00,0.89739,0.89762,0.89727,0.89749,727,16,0
2023-04-19 22:00:00,0.8975,0.89776,0.89745,0.89773,476,16,0
2023-04-19 22:30:00,0.89773,0.89783,0.89754,0.89772,790,17,0
2023-04-19 23:00:00,0.89771,0.89789,0.89755,0.89755,401,17,0
2023-04-19 23:30:00,0.89755,0.8976,0.89726,0.89734,366,21,0
2023-04-20 00:00:00,0.89735,0.89746,0.89691,0.89736,274,37,0
2023-04-20 00:30:00,0.89735,0.89756,0.89721,0.89725,865,30,0
2023-04-20 01:00:00,0.89726,0.89728,0.89704,0.89714,348,16,0
2023-04-20 01:30:00,0.89714,0.89747,0.89712,0.8974,214,16,0
2023-04-20 02:00:00,0.8974,0.89778,0.89737,0.89769,252,16,0
2023-04-20 02:30:00,0.89767,0.89792,0.89758,0.89765,149,16,0
2023-04-20 03:00:00,0.89764,0.89767,0.89716,0.89735,354,17,0
2023-04-20 03:30:00,0.89734,0.89778,0.89733,0.89777,626,16,0
2023-04-20 04:00:00,0.89776,0.89824,0.89735,0.89735,568,16,0
2023-04-20 04:30:00,0.89735,0.89738,0.89687,0.89694,665,16,0
2023-04-20 05:00:00,0.89695,0.89716,0.89667,0.89678,656,16,0
2023-04-20 05:30:00,0.89677,0.89716,0.89655,0.89706,491,16,0
2023-04-20 06:00:00,0.89705,0.89713,0.89674,0.89682,457,16,0
2023-04-20 06:30:00,0.89682,0.89689,0.89659,0.89679,299,17,0
2023-04-20 07:00:00,0.89679,0.89709,0.89674,0.89676,356,16,0
2023-04-20 07:30:00,0.89676,0.89693,0.89649,0.89649,675,16,0
2023-04-20 08:00:00,0.89649,0.89649,0.89622,0.89639,397,16,0
2023-04-20 08:30:00,0.8964,0.89641,0.89577,0.89605,515,16,0
2023-04-20 09:00:00,0.89606,0.89609,0.89481,0.89515,1471,16,0
2023-04-20 09:30:00,0.89515,0.89556,0.89492,0.89554,1507,16,0
2023-04-20 10:00:00,0.89554,0.89676,0.8955,0.89633,1646,16,0
2023-04-20 10:30:00,0.89634,0.89703,0.89607,0.89617,2001,16,0
2023-04-20 11:00:00,0.89616,0.8965,0.89493,0.89522,1951,16,0
2023-04-20 11:30:00,0.89526,0.89604,0.8951,0.8957,1588,16,0
2023-04-20 12:00:00,0.8957,0.89655,0.89555,0.89623,1322,16,0
2023-04-20 12:30:00,0.89623,0.89628,0.89519,0.89533,1203,16,0
2023-04-20 13:00:00,0.89533,0.89543,0.8947,0.89496,1055,16,0
2023-04-20 13:30:00,0.89495,0.89496,0.89362,0.8939,1241,16,0
2023-04-20 14:00:00,0.89388,0.89429,0.89385,0.89392,910,16,0
2023-04-20 14:30:00,0.89388,0.89536,0.89364,0.89529,1023,16,0
2023-04-20 15:00:00,0.89529,0.89675,0.89525,0.89633,2445,16,0
2023-04-20 15:30:00,0.89632,0.89639,0.8922,0.89291,4400,16,0
2023-04-20 16:00:00,0.89289,0.89428,0.89282,0.89412,2883,16,0
2023-04-20 16:30:00,0.89413,0.89416,0.89207,0.89269,2326,16,0
2023-04-20 17:00:00,0.8927,0.89315,0.89193,0.89306,2534,16,0
2023-04-20 17:30:00,0.89304,0.89367,0.89245,0.8935,2321,16,0
2023-04-20 18:00:00,0.89349,0.89451,0.89345,0.89425,2184,16,0
2023-04-20 18:30:00,0.89426,0.89455,0.89409,0.89434,1449,16,0
2023-04-20 19:00:00,0.89432,0.89436,0.89394,0.89417,1068,16,0
2023-04-20 19:30:00,0.89415,0.8944,0.89407,0.89408,597,16,0
2023-04-20 20:00:00,0.8941,0.8942,0.89377,0.89389,616,16,0
2023-04-20 20:30:00,0.89388,0.89414,0.89362,0.89366,876,16,0
2023-04-20 21:00:00,0.89366,0.89384,0.89343,0.89381,766,16,0
2023-04-20 21:30:00,0.89383,0.89409,0.8932,0.89324,979,16,0
2023-04-20 22:00:00,0.89326,0.89379,0.89315,0.89371,1001,16,0
2023-04-20 22:30:00,0.89371,0.89382,0.89334,0.89351,975,16,0
2023-04-20 23:00:00,0.89353,0.89354,0.89267,0.8927,457,19,0
2023-04-20 23:30:00,0.89272,0.89277,0.89184,0.89184,428,21,0
2023-04-21 00:00:00,0.89223,0.89256,0.89216,0.89229,70,43,0
2023-04-21 00:30:00,0.89231,0.89258,0.89215,0.89226,1259,40,0
2023-04-21 01:00:00,0.89228,0.8924,0.89202,0.89219,998,16,0
2023-04-21 01:30:00,0.89222,0.89231,0.89206,0.89226,229,16,0
2023-04-21 02:00:00,0.89225,0.89238,0.89221,0.89233,414,17,0
2023-04-21 02:30:00,0.89234,0.89247,0.89214,0.89234,823,17,0
2023-04-21 03:00:00,0.89234,0.89323,0.89234,0.89314,522,16,0
2023-04-21 03:30:00,0.89315,0.89322,0.89254,0.8927,402,16,0
2023-04-21 04:00:00,0.8927,0.89272,0.89231,0.89257,883,16,0
2023-04-21 04:30:00,0.89257,0.89292,0.89246,0.89289,676,16,0
2023-04-21 05:00:00,0.89289,0.89291,0.8925,0.8928,546,16,0
2023-04-21 05:30:00,0.89279,0.893,0.89271,0.89291,440,16,0
2023-04-21 06:00:00,0.89291,0.89313,0.89273,0.89302,499,16,0
2023-04-21 06:30:00,0.89302,0.89326,0.8929,0.8931,290,16,0
2023-04-21 07:00:00,0.89311,0.89336,0.89304,0.89328,259,16,0
2023-04-21 07:30:00,0.89328,0.89339,0.89312,0.89328,171,17,0
2023-04-21 08:00:00,0.89326,0.89351,0.89316,0.89341,261,17,0
2023-04-21 08:30:00,0.89342,0.89389,0.89336,0.89343,536,16,0
2023-04-21 09:00:00,0.89344,0.89396,0.89316,0.89377,997,16,0
2023-04-21 09:30:00,0.89379,0.89484,0.89375,0.89446,1627,16,0
2023-04-21 10:00:00,0.89446,0.8945,0.89389,0.89418,1959,16,0
2023-04-21 10:30:00,0.89419,0.89526,0.89395,0.89422,2140,16,0
2023-04-21 11:00:00,0.89423,0.89441,0.89295,0.89439,2120,16,0
2023-04-21 11:30:00,0.89428,0.89437,0.89347,0.89347,2075,16,0
2023-04-21 12:00:00,0.89348,0.89416,0.89323,0.89383,1771,16,0
2023-04-21 12:30:00,0.89382,0.89418,0.89368,0.89401,1362,16,0
2023-04-21 13:00:00,0.89401,0.89439,0.89343,0.8937,1241,16,0
2023-04-21 13:30:00,0.89371,0.89379,0.89317,0.89339,1631,16,0
2023-04-21 14:00:00,0.89339,0.89368,0.89237,0.89283,1749,16,0
2023-04-21 14:30:00,0.89283,0.89284,0.89162,0.89186,1143,16,0
2023-04-21 15:00:00,0.89185,0.89228,0.89183,0.89189,1696,16,0
2023-04-21 15:30:00,0.89189,0.89232,0.89117,0.89131,1726,16,0
2023-04-21 16:00:00,0.89132,0.89153,0.89073,0.89137,1992,16,0
2023-04-21 16:30:00,0.89138,0.89445,0.89068,0.89398,4625,16,0
2023-04-21 17:00:00,0.89399,0.89535,0.89205,0.89253,3543,16,0
2023-04-21 17:30:00,0.89254,0.89362,0.89254,0.89355,2711,16,0
2023-04-21 18:00:00,0.89354,0.89363,0.89233,0.89272,1927,16,0
2023-04-21 18:30:00,0.89271,0.89292,0.89241,0.89257,1325,16,0
2023-04-21 19:00:00,0.89255,0.89289,0.89217,0.89246,1336,16,0
2023-04-21 19:30:00,0.89246,0.89298,0.89242,0.89269,1108,16,0
2023-04-21 20:00:00,0.8927,0.893,0.8924,0.89287,1061,16,0
2023-04-21 20:30:00,0.89288,0.8932,0.89255,0.89265,843,16,0
2023-04-21 21:00:00,0.89263,0.89264,0.89214,0.89241,981,16,0
2023-04-21 21:30:00,0.8924,0.89329,0.8924,0.89316,758,16,0
2023-04-21 22:00:00,0.89317,0.89317,0.89244,0.89248,649,16,0
2023-04-21 22:30:00,0.89248,0.89272,0.892,0.89208,776,16,0
2023-04-21 23:00:00,0.89207,0.89252,0.89185,0.89216,432,19,0
2023-04-21 23:30:00,0.89215,0.89228,0.89191,0.89214,490,23,0
2023-04-24 00:00:00,0.89234,0.89234,0.89234,0.89234,15,46,0
2023-04-24 00:30:00,0.89234,0.89234,0.89226,0.89226,26,45,0
2023-04-24 01:00:00,0.89239,0.89244,0.89203,0.89206,512,16,0
2023-04-24 01:30:00,0.89205,0.8921,0.89188,0.89197,325,16,0
2023-04-24 02:00:00,0.89196,0.89202,0.89158,0.89181,697,16,0
2023-04-24 02:30:00,0.89182,0.89192,0.89162,0.89187,348,16,0
2023-04-24 03:00:00,0.89191,0.89234,0.8919,0.89216,447,16,0
2023-04-24 03:30:00,0.89216,0.89257,0.89171,0.89171,488,16,0
2023-04-24 04:00:00,0.8917,0.89222,0.8915,0.89208,579,16,0
2023-04-24 04:30:00,0.89208,0.89242,0.89181,0.89226,637,16,0
2023-04-24 05:00:00,0.89228,0.89238,0.89201,0.8922,399,16,0
2023-04-24 05:30:00,0.8922,0.89271,0.89218,0.89266,580,16,0
2023-04-24 06:00:00,0.89268,0.89272,0.89211,0.89222,486,16,0
2023-04-24 06:30:00,0.89222,0.89247,0.8922,0.89234,556,16,0
2023-04-24 07:00:00,0.89235,0.8925,0.8922,0.89221,260,16,0
2023-04-24 07:30:00,0.8922,0.89233,0.89205,0.89215,387,17,0
2023-04-24 08:00:00,0.89215,0.89256,0.89208,0.89239,345,17,0
2023-04-24 08:30:00,0.89239,0.89246,0.89213,0.89213,554,16,0
2023-04-24 09:00:00,0.89213,0.89224,0.89117,0.89131,1331,16,0
2023-04-24 09:30:00,0.89131,0.89222,0.89125,0.89209,898,16,0
2023-04-24 10:00:00,0.8921,0.89246,0.8908,0.89082,1632,16,0
2023-04-24 10:30:00,0.89081,0.89124,0.89021,0.89057,1448,16,0
2023-04-24 11:00:00,0.89057,0.89093,0.88984,0.89092,1676,16,0
2023-04-24 11:30:00,0.89092,0.89108,0.88916,0.88918,1463,16,0
2023-04-24 12:00:00,0.88918,0.88994,0.88834,0.88844,1634,16,0
2023-04-24 12:30:00,0.88836,0.89017,0.88822,0.89005,1372,16,0
2023-04-24 13:00:00,0.89006,0.89015,0.88933,0.88964,1545,16,0
2023-04-24 13:30:00,0.88963,0.89001,0.88895,0.88907,1079,16,0
2023-04-24 14:00:00,0.88907,0.89014,0.88901,0.89013,1102,16,0
2023-04-24 14:30:00,0.89014,0.89049,0.88976,0.89017,952,16,0
2023-04-24 15:00:00,0.89016,0.89071,0.88992,0.88992,1410,16,0
2023-04-24 15:30:00,0.88991,0.89002,0.88865,0.88876,1732,16,0
2023-04-24 16:00:00,0.88876,0.88954,0.888,0.88943,1770,16,0
2023-04-24 16:30:00,0.88944,0.88985,0.88895,0.88902,2274,16,0
2023-04-24 17:00:00,0.88902,0.88915,0.88851,0.88905,1851,16,0
2023-04-24 17:30:00,0.88905,0.88911,0.88786,0.88866,2222,16,0
2023-04-24 18:00:00,0.88866,0.88912,0.88843,0.8891,1707,16,0
2023-04-24 18:30:00,0.88911,0.88921,0.8886,0.88868,1395,16,0
2023-04-24 19:00:00,0.88867,0.88875,0.88824,0.88863,855,16,0
2023-04-24 19:30:00,0.88863,0.88867,0.88836,0.88843,594,16,0
2023-04-24 20:00:00,0.88842,0.8885,0.88795,0.88805,466,16,0
2023-04-24 20:30:00,0.88804,0.88836,0.88752,0.88798,1070,16,0
2023-04-24 21:00:00,0.88798,0.8881,0.88762,0.88763,938,16,0
2023-04-24 21:30:00,0.88762,0.88798,0.8876,0.88778,968,16,0
2023-04-24 22:00:00,0.88778,0.88816,0.88776,0.88806,441,16,0
2023-04-24 22:30:00,0.88805,0.88821,0.8879,0.88801,323,16,0
2023-04-24 23:00:00,0.88802,0.88806,0.88759,0.88762,256,16,0
2023-04-24 23:30:00,0.88763,0.88773,0.88747,0.88753,224,21,0
2023-04-25 00:00:00,0.88752,0.88788,0.88744,0.8876,207,37,0
2023-04-25 00:30:00,0.88767,0.88784,0.88752,0.8876,796,31,0
2023-04-25 01:00:00,0.88777,0.88777,0.88737,0.88748,331,16,0
2023-04-25 01:30:00,0.88747,0.8875,0.88731,0.88731,131,16,0
2023-04-25 02:00:00,0.8873,0.88733,0.88701,0.88707,579,17,0
2023-04-25 02:30:00,0.88707,0.88716,0.88698,0.88701,250,18,0
2023-04-25 03:00:00,0.88702,0.88734,0.88689,0.887,457,16,0
2023-04-25 03:30:00,0.88697,0.88707,0.88655,0.88703,718,16,0
2023-04-25 04:00:00,0.88704,0.88712,0.88631,0.88637,488,16,0
2023-04-25 04:30:00,0.88637,0.88678,0.88625,0.88665,465,16,0
2023-04-25 05:00:00,0.88665,0.88698,0.88665,0.88685,326,16,0
2023-04-25 05:30:00,0.88686,0.88707,0.88684,0.88703,393,16,0
2023-04-25 06:00:00,0.88702,0.88721,0.88685,0.88701,578,16,0
2023-04-25 06:30:00,0.88702,0.88717,0.88693,0.88709,447,16,0
2023-04-25 07:00:00,0.88707,0.88712,0.88678,0.88694,420,17,0
2023-04-25 07:30:00,0.88694,0.8873,0.88691,0.88726,277,16,0
2023-04-25 08:00:00,0.88726,0.88763,0.88716,0.88763,363,16,0
2023-04-25 08:30:00,0.88762,0.88764,0.88708,0.8873,665,16,0
2023-04-25 09:00:00,0.88741,0.88776,0.88683,0.88724,1403,16,0
2023-04-25 09:30:00,0.88725,0.88816,0.88715,0.88798,1094,16,0
2023-04-25 10:00:00,0.88796,0.88916,0.88774,0.88817,2581,16,0
2023-04-25 10:30:00,0.88814,0.88838,0.88746,0.88746,1605,16,0
2023-04-25 11:00:00,0.88746,0.88761,0.88635,0.88662,1448,16,0
2023-04-25 11:30:00,0.88663,0.88695,0.88603,0.8864,1385,16,0
2023-04-25 12:00:00,0.88641,0.88684,0.88614,0.88657,1132,16,0
2023-04-25 12:30:00,0.88657,0.88671,0.88598,0.88637,1105,16,0
2023-04-25 13:00:00,0.88637,0.88717,0.88629,0.88712,1117,16,0
2023-04-25 13:30:00,0.88713,0.888,0.88706,0.88795,1563,16,0
2023-04-25 14:00:00,0.88795,0.88838,0.88754,0.88835,1730,16,0
2023-04-25 14:30:00,0.88834,0.88877,0.88811,0.88828,2048,16,0
2023-04-25 15:00:00,0.88827,0.88835,0.88734,0.88767,1716,16,0
2023-04-25 15:30:00,0.88769,0.88863,0.88714,0.88837,1899,16,0
2023-04-25 16:00:00,0.88838,0.88977,0.88832,0.88945,2396,16,0
2023-04-25 16:30:00,0.88945,0.89025,0.88926,0.89005,2118,16,0
2023-04-25 17:00:00,0.89005,0.89154,0.8897,0.89099,2589,16,0
2023-04-25 17:30:00,0.89098,0.89236,0.89069,0.89231,3373,16,0
2023-04-25 18:00:00,0.8923,0.89262,0.89135,0.89166,2097,16,0
2023-04-25 18:30:00,0.89165,0.89252,0.89141,0.89252,1197,16,0
2023-04-25 19:00:00,0.89253,0.89263,0.89173,0.89219,1010,16,0
2023-04-25 19:30:00,0.89219,0.89266,0.89195,0.89238,1220,16,0
2023-04-25 20:00:00,0.89237,0.89253,0.89195,0.89222,1683,16,0
2023-04-25 20:30:00,0.89222,0.8924,0.89167,0.89186,1058,16,0
2023-04-25 21:00:00,0.89185,0.89187,0.89136,0.89157,1205,16,0
2023-04-25 21:30:00,0.89156,0.89227,0.89151,0.89183,707,16,0
2023-04-25 22:00:00,0.89183,0.89197,0.8917,0.8918,401,16,0
2023-04-25 22:30:00,0.8918,0.89223,0.89165,0.89196,672,16,0
2023-04-25 23:00:00,0.89192,0.89209,0.89178,0.89185,891,16,0
2023-04-25 23:30:00,0.89186,0.89206,0.89174,0.89177,635,23,0
2023-04-26 00:00:00,0.89137,0.89153,0.89072,0.8912,283,32,0
2023-04-26 00:30:00,0.89119,0.89178,0.89111,0.8915,520,28,0
2023-04-26 01:00:00,0.89166,0.8918,0.89147,0.89157,817,17,0
2023-04-26 01:30:00,0.89156,0.89179,0.89156,0.89173,473,18,0
2023-04-26 02:00:00,0.89173,0.89189,0.8916,0.89179,318,16,0
2023-04-26 02:30:00,0.89176,0.89199,0.89173,0.89179,312,17,0
2023-04-26 03:00:00,0.89179,0.89188,0.89152,0.89157,930,16,0
2023-04-26 03:30:00,0.89157,0.89224,0.89146,0.89191,985,16,0
2023-04-26 04:00:00,0.89194,0.89251,0.89185,0.89219,618,16,0
2023-04-26 04:30:00,0.89219,0.89227,0.89149,0.89158,773,16,0
2023-04-26 05:00:00,0.89158,0.89171,0.89136,0.89141,800,16,0
2023-04-26 05:30:00,0.8914,0.89151,0.89116,0.89126,606,16,0
2023-04-26 06:00:00,0.89126,0.89149,0.89122,0.89142,296,17,0
2023-04-26 06:30:00,0.89142,0.89142,0.8911,0.89114,939,16,0
2023-04-26 07:00:00,0.89114,0.89133,0.8911,0.89129,595,17,0
2023-04-26 07:30:00,0.89127,0.89127,0.89076,0.89087,746,16,0
2023-04-26 08:00:00,0.89089,0.89091,0.89044,0.89044,649,17,0
2023-04-26 08:30:00,0.89045,0.89066,0.89018,0.89058,925,16,0
2023-04-26 09:00:00,0.89061,0.89105,0.89057,0.89073,1086,16,0
2023-04-26 09:30:00,0.89073,0.891,0.89046,0.89054,1311,16,0
2023-04-26 10:00:00,0.89055,0.89079,0.88942,0.88968,2064,16,0
2023-04-26 10:30:00,0.88969,0.89131,0.8896,0.89091,1997,16,0
2023-04-26 11:00:00,0.89091,0.8918,0.89027,0.89032,2142,16,0
2023-04-26 11:30:00,0.89031,0.89079,0.88961,0.88974,1791,16,0
2023-04-26 12:00:00,0.88974,0.88974,0.88863,0.88923,1508,16,0
2023-04-26 12:30:00,0.88923,0.88986,0.88892,0.88958,1029,16,0
2023-04-26 13:00:00,0.88959,0.88959,0.88865,0.88866,983,16,0
2023-04-26 13:30:00,0.88866,0.889,0.88774,0.88892,1605,16,0
2023-04-26 14:00:00,0.88892,0.88957,0.88852,0.88858,1478,16,0
2023-04-26 14:30:00,0.88858,0.88976,0.88842,0.88964,2327,16,0
2023-04-26 15:00:00,0.88964,0.89002,0.88857,0.88873,1945,16,0
2023-04-26 15:30:00,0.88875,0.88989,0.88829,0.88864,2434,16,0
2023-04-26 16:00:00,0.88865,0.88901,0.8851,0.88553,3531,16,0
2023-04-26 16:30:00,0.88554,0.88707,0.88537,0.88624,3376,16,0
2023-04-26 17:00:00,0.88624,0.88827,0.88608,0.88789,3496,16,0
2023-04-26 17:30:00,0.88788,0.89043,0.88767,0.8902,2497,16,0
2023-04-26 18:00:00,0.89019,0.89106,0.88971,0.89049,2399,16,0
2023-04-26 18:30:00,0.89049,0.89064,0.88955,0.89004,1670,16,0
2023-04-26 19:00:00,0.89004,0.89149,0.88991,0.89144,1449,16,0
2023-04-26 19:30:00,0.89144,0.89162,0.89085,0.89148,1367,16,0
2023-04-26 20:00:00,0.89154,0.89195,0.89131,0.89163,1902,16,0
2023-04-26 20:30:00,0.89164,0.89193,0.89144,0.89154,705,16,0
2023-04-26 21:00:00,0.89153,0.89186,0.89131,0.89161,709,16,0
2023-04-26 21:30:00,0.89162,0.89164,0.89073,0.89079,1011,16,0
2023-04-26 22:00:00,0.8908,0.89124,0.89061,0.89101,804,16,0
2023-04-26 22:30:00,0.89101,0.89151,0.89098,0.89106,715,16,0
2023-04-26 23:00:00,0.89107,0.89134,0.89107,0.89116,368,18,0
2023-04-26 23:30:00,0.89115,0.89122,0.89092,0.89092,378,21,0
2023-04-27 00:00:00,0.89092,0.89092,0.89007,0.89007,7,41,0
2023-04-27 00:30:00,0.89038,0.89114,0.89023,0.89054,1551,38,0
2023-04-27 01:00:00,0.89055,0.89109,0.89055,0.89087,1033,16,0
2023-04-27 01:30:00,0.89089,0.89111,0.89082,0.89102,162,17,0
2023-04-27 02:00:00,0.89102,0.89107,0.89072,0.89087,499,17,0
2023-04-27 02:30:00,0.89086,0.89088,0.89067,0.89081,452,16,0
2023-04-27 03:00:00,0.8908,0.89091,0.89052,0.89067,944,16,0
2023-04-27 03:30:00,0.89066,0.89073,0.89046,0.89046,526,16,0
2023-04-27 04:00:00,0.89046,0.89108,0.89046,0.89095,436,17,0
2023-04-27 04:30:00,0.89095,0.89102,0.89045,0.8908,649,16,0
2023-04-27 05:00:00,0.8908,0.89093,0.89068,0.89068,752,16,0
2023-04-27 05:30:00,0.89068,0.8909,0.89064,0.89068,1444,16,0
2023-04-27 06:00:00,0.89067,0.89076,0.89051,0.89069,1484,17,0
2023-04-27 06:30:00,0.89068,0.89083,0.89052,0.89083,716,16,0
2023-04-27 07:00:00,0.89083,0.89086,0.89056,0.89064,387,16,0
2023-04-27 07:30:00,0.89063,0.89088,0.89047,0.89084,311,16,0
2023-04-27 08:00:00,0.89084,0.89102,0.89064,0.89064,504,16,0
2023-04-27 08:30:00,0.89064,0.89066,0.89025,0.89042,1098,16,0
2023-04-27 09:00:00,0.89046,0.89071,0.89028,0.89051,1183,16,0
2023-04-27 09:30:00,0.8905,0.89098,0.89021,0.89061,1658,16,0
2023-04-27 10:00:00,0.8906,0.89208,0.89034,0.89164,2904,16,0
2023-04-27 10:30:00,0.89164,0.89207,0.89084,0.89195,1871,16,0
2023-04-27 11:00:00,0.89196,0.89297,0.89185,0.89245,1810,16,0
2023-04-27 11:30:00,0.89244,0.89251,0.89151,0.89233,1109,16,0
2023-04-27 12:00:00,0.89236,0.89282,0.89207,0.89251,1193,16,0
2023-04-27 12:30:00,0.8925,0.89375,0.89242,0.8933,1202,16,0
2023-04-27 13:00:00,0.8933,0.8934,0.89266,0.89272,1192,16,0
2023-04-27 13:30:00,0.89272,0.89294,0.89237,0.89265,1094,16,0
2023-04-27 14:00:00,0.89266,0.8932,0.89207,0.89318,1542,16,0
2023-04-27 14:30:00,0.89318,0.89391,0.89269,0.89382,1361,16,0
2023-04-27 15:00:00,0.89381,0.89383,0.89273,0.89291,1960,16,0
2023-04-27 15:30:00,0.89326,0.89753,0.89177,0.89616,6766,16,0
2023-04-27 16:00:00,0.89616,0.89737,0.89518,0.8969,3381,16,0
2023-04-27 16:30:00,0.89692,0.89724,0.89569,0.89615,3647,16,0
2023-04-27 17:00:00,0.89613,0.89649,0.8956,0.89642,3086,16,0
2023-04-27 17:30:00,0.89642,0.89754,0.89597,0.89682,2504,16,0
2023-04-27 18:00:00,0.89682,0.89687,0.89486,0.89489,2271,16,0
2023-04-27 18:30:00,0.89488,0.89574,0.89486,0.89564,1425,16,0
2023-04-27 19:00:00,0.89563,0.89598,0.89529,0.89531,1019,16,0
2023-04-27 19:30:00,0.89531,0.89561,0.89498,0.89545,1141,16,0
2023-04-27 20:00:00,0.89545,0.8957,0.89427,0.89429,801,16,0
2023-04-27 20:30:00,0.89429,0.89431,0.89366,0.89384,888,16,0
2023-04-27 21:00:00,0.89384,0.89409,0.89363,0.89363,505,16,0
2023-04-27 21:30:00,0.89363,0.89405,0.89355,0.89393,628,16,0
2023-04-27 22:00:00,0.89394,0.894,0.89358,0.89374,631,16,0
2023-04-27 22:30:00,0.89369,0.89449,0.89367,0.89405,722,16,0
2023-04-27 23:00:00,0.89406,0.89433,0.89395,0.89411,549,18,0
2023-04-27 23:30:00,0.89411,0.89429,0.89403,0.8942,448,21,0
2023-04-28 00:00:00,0.89359,0.89424,0.89357,0.89397,48,37,0
2023-04-28 00:30:00,0.89365,0.89425,0.89357,0.8938,443,37,0
2023-04-28 01:00:00,0.89365,0.89422,0.89365,0.89419,429,19,0
2023-04-28 01:30:00,0.89417,0.89417,0.89404,0.89409,120,20,0
2023-04-28 02:00:00,0.89409,0.89412,0.89384,0.89401,398,17,0
2023-04-28 02:30:00,0.894,0.89402,0.89377,0.89385,329,16,0
2023-04-28 03:00:00,0.89385,0.89385,0.89332,0.89335,643,16,0
2023-04-28 03:30:00,0.89333,0.89364,0.89306,0.8935,923,16,0
2023-04-28 04:00:00,0.89351,0.89361,0.8934,0.89352,793,17,0
2023-04-28 04:30:00,0.89351,0.89374,0.89304,0.89343,1296,16,0
2023-04-28 05:00:00,0.89346,0.89403,0.89345,0.89378,1005,16,0
2023-04-28 05:30:00,0.89379,0.89424,0.89373,0.89419,780,16,0
2023-04-28 06:00:00,0.8942,0.89467,0.89384,0.89424,1426,16,0
2023-04-28 06:30:00,0.89424,0.89425,0.89388,0.89397,1260,16,0
2023-04-28 07:00:00,0.89398,0.89484,0.89365,0.89463,2262,16,0
2023-04-28 07:30:00,0.89464,0.89486,0.89453,0.89466,683,17,0
2023-04-28 08:00:00,0.89466,0.89493,0.89419,0.89441,518,16,0
2023-04-28 08:30:00,0.89441,0.89503,0.89392,0.89476,812,16,0
2023-04-28 09:00:00,0.8948,0.8952,0.89429,0.89435,2322,16,0
2023-04-28 09:30:00,0.89435,0.89493,0.89324,0.89377,3453,16,0
2023-04-28 10:00:00,0.89382,0.89613,0.89377,0.89464,3579,16,0
2023-04-28 10:30:00,0.89464,0.89519,0.89441,0.89461,1885,16,0
2023-04-28 11:00:00,0.89461,0.89744,0.8945,0.89733,2848,16,0
2023-04-28 11:30:00,0.89734,0.89736,0.89549,0.89553,1997,16,0
2023-04-28 12:00:00,0.89552,0.89599,0.89519,0.89586,1771,16,0
2023-04-28 12:30:00,0.89587,0.89625,0.8957,0.8959,1386,16,0
2023-04-28 13:00:00,0.89591,0.89643,0.89483,0.89501,1456,16,0
2023-04-28 13:30:00,0.89502,0.89567,0.89501,0.89556,829,16,0
2023-04-28 14:00:00,0.89555,0.89641,0.89526,0.89574,1305,16,0
2023-04-28 14:30:00,0.89571,0.89634,0.89568,0.89599,1144,16,0
2023-04-28 15:00:00,0.89595,0.89612,0.89548,0.896,1694,16,0
2023-04-28 15:30:00,0.89601,0.8971,0.89469,0.89474,5514,16,0
2023-04-28 16:00:00,0.89474,0.89475,0.89202,0.89339,3665,16,0
2023-04-28 16:30:00,0.89342,0.89504,0.89323,0.89417,3600,16,0
2023-04-28 17:00:00,0.89417,0.89494,0.89211,0.89243,3425,16,0
2023-04-28 17:30:00,0.89244,0.89245,0.88971,0.89012,4180,16,0
2023-04-28 18:00:00,0.89012,0.89077,0.88954,0.89044,2980,16,0
2023-04-28 18:30:00,0.89043,0.89105,0.88983,0.89104,2032,16,0
2023-04-28 19:00:00,0.89105,0.892,0.89096,0.89192,1882,16,0
2023-04-28 19:30:00,0.89191,0.89218,0.89162,0.89217,1240,16,0
2023-04-28 20:00:00,0.89217,0.89295,0.89217,0.89295,891,16,0
2023-04-28 20:30:00,0.89299,0.89325,0.89237,0.89321,1019,16,0
2023-04-28 21:00:00,0.8932,0.89356,0.89304,0.89323,858,16,0
2023-04-28 21:30:00,0.89321,0.89381,0.89311,0.89373,928,16,0
2023-04-28 22:00:00,0.89373,0.89399,0.89346,0.89348,839,16,0
2023-04-28 22:30:00,0.89347,0.89383,0.89313,0.89366,693,16,0
2023-04-28 23:00:00,0.89366,0.89472,0.89366,0.89443,615,16,0
2023-04-28 23:30:00,0.89442,0.89474,0.89376,0.89426,1231,17,0
2023-05-01 00:00:00,0.89142,0.89261,0.89142,0.89261,4,230,0
2023-05-01 00:30:00,0.89258,0.89272,0.89232,0.89232,6,280,0
2023-05-01 01:00:00,0.89241,0.89474,0.89241,0.89457,337,18,0
2023-05-01 01:30:00,0.89458,0.8948,0.89447,0.89453,1779,20,0
2023-05-01 02:00:00,0.89452,0.89467,0.89437,0.89453,539,17,0
2023-05-01 02:30:00,0.89452,0.89482,0.89445,0.89466,273,16,0
2023-05-01 03:00:00,0.89466,0.89518,0.89431,0.89518,607,18,0
2023-05-01 03:30:00,0.89519,0.89531,0.8947,0.89492,622,18,0
2023-05-01 04:00:00,0.89491,0.89514,0.89483,0.89486,487,17,0
2023-05-01 04:30:00,0.89486,0.89498,0.89452,0.89478,619,18,0
2023-05-01 05:00:00,0.89479,0.89497,0.8947,0.89479,1007,18,0
2023-05-01 05:30:00,0.89479,0.89481,0.89445,0.89445,627,17,0
2023-05-01 06:00:00,0.89447,0.89459,0.89385,0.89402,650,18,0
2023-05-01 06:30:00,0.89405,0.89434,0.89394,0.89394,261,18,0
2023-05-01 07:00:00,0.89394,0.89411,0.89373,0.89374,364,17,0
2023-05-01 07:30:00,0.89374,0.89443,0.89373,0.89407,376,17,0
2023-05-01 08:00:00,0.89407,0.89468,0.89407,0.89468,405,16,0
2023-05-01 08:30:00,0.89468,0.89484,0.89416,0.89434,457,16,0
2023-05-01 09:00:00,0.89439,0.89485,0.89431,0.89463,966,16,0
2023-05-01 09:30:00,0.89462,0.89471,0.8939,0.8943,1908,16,0
2023-05-01 10:00:00,0.89431,0.89432,0.89265,0.89307,2105,17,0
2023-05-01 10:30:00,0.89308,0.89364,0.89271,0.89325,1572,16,0
2023-05-01 11:00:00,0.89326,0.89396,0.89326,0.89361,1324,16,0
2023-05-01 11:30:00,0.89362,0.89431,0.89354,0.89431,1105,16,0
2023-05-01 12:00:00,0.89431,0.89459,0.8938,0.89383,1702,17,0
2023-05-01 12:30:00,0.89383,0.89384,0.89317,0.89319,1777,16,0
2023-05-01 13:00:00,0.8932,0.89326,0.89265,0.89283,1292,16,0
2023-05-01 13:30:00,0.89283,0.89301,0.89236,0.89247,512,16,0
2023-05-01 14:00:00,0.89246,0.89296,0.89225,0.89278,945,16,0
2023-05-01 14:30:00,0.89279,0.89304,0.89249,0.89275,903,16,0
2023-05-01 15:00:00,0.89276,0.89307,0.89228,0.89259,1478,16,0
2023-05-01 15:30:00,0.89258,0.89284,0.89143,0.89165,3151,16,0
2023-05-01 16:00:00,0.89165,0.89246,0.89144,0.89235,2661,16,0
2023-05-01 16:30:00,0.89235,0.89275,0.89181,0.89221,2329,16,0
2023-05-01 17:00:00,0.89243,0.89436,0.89243,0.89408,3707,16,0
2023-05-01 17:30:00,0.89409,0.89584,0.89408,0.89537,3125,16,0
2023-05-01 18:00:00,0.89538,0.89656,0.8952,0.89623,2548,16,0
2023-05-01 18:30:00,0.89624,0.89648,0.89597,0.89606,1253,16,0
2023-05-01 19:00:00,0.89605,0.89652,0.89599,0.89632,1009,16,0
2023-05-01 19:30:00,0.89631,0.89631,0.89568,0.89592,1036,16,0
2023-05-01 20:00:00,0.89592,0.89601,0.89543,0.89549,641,16,0
2023-05-01 20:30:00,0.89551,0.89583,0.89539,0.8955,633,16,0
2023-05-01 21:00:00,0.89551,0.89571,0.89528,0.89551,461,17,0
2023-05-01 21:30:00,0.89552,0.89603,0.89547,0.89598,538,17,0
2023-05-01 22:00:00,0.89597,0.89645,0.89595,0.89637,737,17,0
2023-05-01 22:30:00,0.89636,0.89658,0.89599,0.89609,976,18,0
2023-05-01 23:00:00,0.8961,0.89615,0.89593,0.89595,606,20,0
2023-05-01 23:30:00,0.89595,0.89597,0.89539,0.89539,525,21,0
2023-05-02 00:00:00,0.89539,0.89569,0.89429,0.89537,135,36,0
2023-05-02 00:30:00,0.89538,0.89572,0.89526,0.89548,1381,28,0
2023-05-02 01:00:00,0.89548,0.89567,0.89544,0.8955,633,17,0
2023-05-02 01:30:00,0.89551,0.89564,0.89543,0.89552,519,18,0
2023-05-02 02:00:00,0.89554,0.89584,0.89552,0.89567,267,18,0
2023-05-02 02:30:00,0.89567,0.89596,0.89567,0.89587,373,17,0
2023-05-02 03:00:00,0.89586,0.89598,0.8954,0.89568,561,16,0
2023-05-02 03:30:00,0.89569,0.89586,0.8955,0.89561,481,16,0
2023-05-02 04:00:00,0.89561,0.89561,0.89435,0.89442,610,16,0
2023-05-02 04:30:00,0.89441,0.89485,0.89412,0.89469,522,16,0
2023-05-02 05:00:00,0.89467,0.89488,0.89458,0.89482,514,17,0
2023-05-02 05:30:00,0.89481,0.895,0.89479,0.89487,529,16,0
2023-05-02 06:00:00,0.89488,0.89517,0.89484,0.89493,308,18,0
2023-05-02 06:30:00,0.89494,0.89528,0.89491,0.89522,405,18,0
2023-05-02 07:00:00,0.89522,0.89551,0.89519,0.89546,420,17,0
2023-05-02 07:30:00,0.89545,0.89585,0.89481,0.89573,1807,16,0
2023-05-02 08:00:00,0.89574,0.89578,0.89484,0.89501,964,16,0
2023-05-02 08:30:00,0.89501,0.89576,0.89491,0.89574,902,16,0
2023-05-02 09:00:00,0.89575,0.89632,0.89546,0.89604,1289,16,0
2023-05-02 09:30:00,0.89605,0.89632,0.89588,0.89614,2011,16,0
2023-05-02 10:00:00,0.89614,0.89633,0.89516,0.89574,3162,16,0
2023-05-02 10:30:00,0.89574,0.89765,0.89566,0.89737,2307,16,0
2023-05-02 11:00:00,0.89738,0.89856,0.89736,0.89788,2644,16,0
2023-05-02 11:30:00,0.89786,0.89827,0.897,0.89818,1794,16,0
2023-05-02 12:00:00,0.89817,0.89943,0.89768,0.899,2046,16,0
2023-05-02 12:30:00,0.89903,0.8993,0.89853,0.89914,1630,16,0
2023-05-02 13:00:00,0.89914,0.89925,0.89827,0.89851,1435,16,0
2023-05-02 13:30:00,0.89852,0.89887,0.89851,0.89857,1016,16,0
2023-05-02 14:00:00,0.89858,0.89858,0.89689,0.89698,1437,16,0
2023-05-02 14:30:00,0.89698,0.89762,0.89663,0.89707,1192,16,0
2023-05-02 15:00:00,0.89706,0.89761,0.89683,0.89758,1441,16,0
2023-05-02 15:30:00,0.89757,0.89871,0.89743,0.89859,2113,16,0
2023-05-02 16:00:00,0.8986,0.89909,0.89812,0.89815,1971,16,0
2023-05-02 16:30:00,0.89816,0.89888,0.89787,0.89871,2100,16,0
2023-05-02 17:00:00,0.89871,0.89873,0.89636,0.89644,4867,16,0
2023-05-02 17:30:00,0.89643,0.89643,0.89328,0.8943,4218,16,0
2023-05-02 18:00:00,0.89431,0.89443,0.89347,0.89373,2552,16,0
2023-05-02 18:30:00,0.89371,0.89428,0.89298,0.89305,1774,16,0
2023-05-02 19:00:00,0.89305,0.8934,0.89263,0.8934,1130,16,0
2023-05-02 19:30:00,0.8934,0.89355,0.89267,0.89303,981,16,0
2023-05-02 20:00:00,0.89303,0.89346,0.89287,0.89308,663,16,0
2023-05-02 20:30:00,0.89308,0.8935,0.89277,0.8934,599,16,0
2023-05-02 21:00:00,0.89339,0.89347,0.89301,0.8932,694,16,0
2023-05-02 21:30:00,0.89321,0.89338,0.89314,0.89319,837,16,0
2023-05-02 22:00:00,0.8932,0.89326,0.89284,0.89301,499,16,0
2023-05-02 22:30:00,0.89301,0.89301,0.89229,0.89267,517,16,0
2023-05-02 23:00:00,0.89267,0.8931,0.89252,0.89307,372,18,0
2023-05-02 23:30:00,0.89306,0.89321,0.89296,0.89301,400,23,0
2023-05-03 00:00:00,0.89295,0.89305,0.89266,0.8928,80,28,0
2023-05-03 00:30:00,0.89281,0.893,0.89269,0.89286,598,34,0
2023-05-03 01:00:00,0.89278,0.89293,0.89263,0.89272,1703,18,0
2023-05-03 01:30:00,0.89274,0.89287,0.89265,0.89285,1715,16,0
2023-05-03 02:00:00,0.89285,0.89286,0.89223,0.8924,657,16,0
2023-05-03 02:30:00,0.8924,0.89249,0.89218,0.89228,370,16,0
2023-05-03 03:00:00,0.89229,0.89266,0.89203,0.89227,392,16,0
2023-05-03 03:30:00,0.89227,0.89227,0.89172,0.89174,397,16,0
2023-05-03 04:00:00,0.89175,0.89199,0.89138,0.89148,507,16,0
2023-05-03 04:30:00,0.89148,0.89163,0.89106,0.89121,593,16,0
2023-05-03 05:00:00,0.8912,0.89155,0.89108,0.89155,444,17,0
2023-05-03 05:30:00,0.89155,0.89155,0.89097,0.89097,674,18,0
2023-05-03 06:00:00,0.89097,0.89097,0.89076,0.89089,276,17,0
2023-05-03 06:30:00,0.89087,0.89103,0.89064,0.89068,199,19,0
2023-05-03 07:00:00,0.89069,0.8912,0.89068,0.8912,303,17,0
2023-05-03 07:30:00,0.89121,0.89137,0.89109,0.89134,416,16,0
2023-05-03 08:00:00,0.89133,0.89133,0.89095,0.89104,683,18,0
2023-05-03 08:30:00,0.89105,0.89135,0.89093,0.89122,463,16,0
2023-05-03 09:00:00,0.89126,0.89151,0.89082,0.89119,1164,16,0
2023-05-03 09:30:00,0.89119,0.89119,0.88939,0.88939,1130,16,0
2023-05-03 10:00:00,0.8894,0.89024,0.88906,0.88942,1861,16,0
2023-05-03 10:30:00,0.88945,0.89004,0.88881,0.88936,1498,16,0
2023-05-03 11:00:00,0.88937,0.88937,0.88804,0.88837,2130,16,0
2023-05-03 11:30:00,0.88842,0.88865,0.88702,0.88773,1383,16,0
2023-05-03 12:00:00,0.88774,0.88796,0.88729,0.88735,1328,16,0
2023-05-03 12:30:00,0.88734,0.88789,0.88707,0.88773,1120,16,0
2023-05-03 13:00:00,0.88774,0.88906,0.88772,0.88877,974,16,0
2023-05-03 13:30:00,0.88878,0.88906,0.88815,0.8887,1661,16,0
2023-05-03 14:00:00,0.8887,0.88935,0.88865,0.88931,1338,16,0
2023-05-03 14:30:00,0.88931,0.88942,0.88831,0.88865,1606,17,0
2023-05-03 15:00:00,0.88865,0.89024,0.88807,0.88907,2938,16,0
2023-05-03 15:30:00,0.88903,0.88906,0.88797,0.88848,2420,16,0
2023-05-03 16:00:00,0.88846,0.88902,0.88761,0.88764,2132,16,0
2023-05-03 16:30:00,0.88764,0.88855,0.88738,0.88835,2515,16,0
2023-05-03 17:00:00,0.88835,0.88835,0.88656,0.8873,3129,16,0
2023-05-03 17:30:00,0.88729,0.88753,0.88669,0.8873,2467,16,0
2023-05-03 18:00:00,0.88731,0.88781,0.88623,0.88661,1973,16,0
2023-05-03 18:30:00,0.88661,0.88723,0.88646,0.88705,1396,16,0
2023-05-03 19:00:00,0.88707,0.88723,0.88635,0.8864,822,16,0
2023-05-03 19:30:00,0.88639,0.88683,0.88626,0.8868,699,16,0
2023-05-03 20:00:00,0.8868,0.88729,0.88654,0.88654,868,16,0
2023-05-03 20:30:00,0.88651,0.88677,0.88619,0.88652,1015,16,0
2023-05-03 21:00:00,0.88653,0.88655,0.88315,0.88552,5615,16,0
2023-05-03 21:30:00,0.88553,0.88767,0.88544,0.88562,7055,16,0
2023-05-03 22:00:00,0.88562,0.88717,0.88531,0.88559,4973,16,0
2023-05-03 22:30:00,0.88559,0.88682,0.88518,0.88538,2671,16,0
2023-05-03 23:00:00,0.88537,0.88596,0.88533,0.88538,1081,16,0
2023-05-03 23:30:00,0.88542,0.88583,0.88335,0.88366,1227,21,0
2023-05-04 00:00:00,0.88345,0.88478,0.88345,0.88437,157,50,0
2023-05-04 00:30:00,0.88437,0.88459,0.88355,0.8837,217,28,0
2023-05-04 01:00:00,0.88372,0.88392,0.88259,0.88323,2646,16,0
2023-05-04 01:30:00,0.88322,0.88342,0.88262,0.88325,1747,16,0
2023-05-04 02:00:00,0.88326,0.88382,0.88303,0.88308,1302,16,0
2023-05-04 02:30:00,0.88309,0.88337,0.88286,0.88336,635,18,0
2023-05-04 03:00:00,0.88335,0.88341,0.88191,0.88252,982,16,0
2023-05-04 03:30:00,0.88252,0.88278,0.88228,0.88278,491,17,0
2023-05-04 04:00:00,0.88276,0.88324,0.8825,0.88258,1128,16,0
2023-05-04 04:30:00,0.88258,0.88281,0.8822,0.88265,1121,16,0
2023-05-04 05:00:00,0.88265,0.88283,0.88248,0.88252,799,16,0
2023-05-04 05:30:00,0.88251,0.88279,0.88228,0.88259,746,17,0
2023-05-04 06:00:00,0.88258,0.88284,0.88251,0.88266,565,16,0
2023-05-04 06:30:00,0.88266,0.88296,0.88265,0.88295,806,16,0
2023-05-04 07:00:00,0.88295,0.88305,0.88271,0.88283,369,16,0
2023-05-04 07:30:00,0.88284,0.88305,0.88251,0.88303,637,16,0
2023-05-04 08:00:00,0.88302,0.88305,0.88265,0.88276,766,16,0
2023-05-04 08:30:00,0.88276,0.88294,0.88242,0.88277,648,16,0
2023-05-04 09:00:00,0.88276,0.88301,0.88232,0.88244,1880,16,0
2023-05-04 09:30:00,0.88245,0.88394,0.88245,0.88391,1581,16,0
2023-05-04 10:00:00,0.88391,0.88539,0.88358,0.88524,2369,16,0
2023-05-04 10:30:00,0.88524,0.88648,0.88516,0.88605,2109,16,0
2023-05-04 11:00:00,0.88605,0.88725,0.88602,0.88718,2025,16,0
2023-05-04 11:30:00,0.88718,0.88809,0.88661,0.88783,1608,16,0
2023-05-04 12:00:00,0.88782,0.88814,0.88717,0.88795,2122,16,0
2023-05-04 12:30:00,0.88795,0.88797,0.88706,0.88731,2044,16,0
2023-05-04 13:00:00,0.8873,0.88774,0.88649,0.88686,2285,16,0
2023-05-04 13:30:00,0.88694,0.88708,0.88505,0.88532,1966,16,0
2023-05-04 14:00:00,0.88535,0.88536,0.88413,0.88491,1762,16,0
2023-05-04 14:30:00,0.88491,0.88526,0.88459,0.88478,1521,16,0
2023-05-04 15:00:00,0.88479,0.88734,0.88453,0.88723,3628,16,0
2023-05-04 15:30:00,0.88724,0.88896,0.8871,0.88855,5787,16,0
2023-05-04 16:00:00,0.88857,0.88905,0.88638,0.88717,5452,16,0
2023-05-04 16:30:00,0.88716,0.88802,0.88609,0.88685,4738,16,0
2023-05-04 17:00:00,0.88684,0.888,0.88401,0.88463,5328,16,0
2023-05-04 17:30:00,0.88464,0.88734,0.88376,0.88676,6230,16,0
2023-05-04 18:00:00,0.88676,0.88743,0.88622,0.88664,3835,16,0
2023-05-04 18:30:00,0.88663,0.88692,0.8854,0.88603,2609,16,0
2023-05-04 19:00:00,0.88603,0.8861,0.88469,0.88484,2326,16,0
2023-05-04 19:30:00,0.88483,0.88512,0.88422,0.88491,1238,16,0
2023-05-04 20:00:00,0.88493,0.88538,0.8848,0.88508,1226,16,0
2023-05-04 20:30:00,0.88507,0.88544,0.88445,0.88537,1148,16,0
2023-05-04 21:00:00,0.88538,0.88609,0.88534,0.88582,1064,16,0
2023-05-04 21:30:00,0.8858,0.886,0.88526,0.88567,1087,16,0
2023-05-04 22:00:00,0.88564,0.88593,0.8855,0.88579,694,17,0
2023-05-04 22:30:00,0.88577,0.88589,0.88552,0.88574,917,16,0
2023-05-04 23:00:00,0.88574,0.88582,0.88551,0.88552,745,17,0
2023-05-04 23:30:00,0.8855,0.88583,0.88542,0.88542,738,21,0
2023-05-05 00:00:00,0.88542,0.88576,0.88517,0.88542,64,44,0
2023-05-05 00:30:00,0.88541,0.88572,0.88527,0.88554,1299,39,0
2023-05-05 01:00:00,0.88553,0.88591,0.88553,0.88567,598,16,0
2023-05-05 01:30:00,0.88566,0.88578,0.88549,0.88551,612,16,0
2023-05-05 02:00:00,0.88551,0.88566,0.8854,0.88543,292,16,0
2023-05-05 02:30:00,0.88541,0.88549,0.88533,0.88537,214,16,0
2023-05-05 03:00:00,0.88537,0.88559,0.88533,0.88537,348,16,0
2023-05-05 03:30:00,0.88537,0.88543,0.88493,0.88523,335,16,0
2023-05-05 04:00:00,0.88519,0.88519,0.88428,0.88467,489,16,0
2023-05-05 04:30:00,0.88467,0.88467,0.88433,0.88446,597,16,0
2023-05-05 05:00:00,0.88447,0.88491,0.8844,0.88489,892,16,0
2023-05-05 05:30:00,0.8849,0.88512,0.88448,0.88478,400,16,0
2023-05-05 06:00:00,0.88478,0.88481,0.88401,0.88401,472,17,0
2023-05-05 06:30:00,0.88401,0.88417,0.88385,0.88402,329,17,0
2023-05-05 07:00:00,0.884,0.88403,0.88376,0.88378,183,18,0
2023-05-05 07:30:00,0.88378,0.8841,0.88376,0.88395,418,16,0
2023-05-05 08:00:00,0.88396,0.88397,0.88336,0.88362,471,16,0
2023-05-05 08:30:00,0.88362,0.88422,0.88355,0.8841,677,16,0
2023-05-05 09:00:00,0.8841,0.88511,0.88385,0.8851,1459,16,0
2023-05-05 09:30:00,0.88511,0.88705,0.88494,0.88587,2299,16,0
2023-05-05 10:00:00,0.88587,0.88837,0.88557,0.8882,2662,16,0
2023-05-05 10:30:00,0.88821,0.88929,0.88787,0.88927,2135,16,0
2023-05-05 11:00:00,0.88928,0.89074,0.88894,0.89064,1807,16,0
2023-05-05 11:30:00,0.89066,0.89306,0.89056,0.89176,2532,16,0
2023-05-05 12:00:00,0.89177,0.89238,0.891,0.89191,2048,16,0
2023-05-05 12:30:00,0.89191,0.8929,0.89153,0.8921,1438,16,0
2023-05-05 13:00:00,0.89209,0.89222,0.89104,0.89125,1698,16,0
2023-05-05 13:30:00,0.89126,0.89176,0.89118,0.89122,1344,16,0
2023-05-05 14:00:00,0.89122,0.89151,0.89106,0.89124,1064,16,0
2023-05-05 14:30:00,0.89125,0.8924,0.89097,0.89222,1288,16,0
2023-05-05 15:00:00,0.89222,0.89339,0.89185,0.89271,1882,16,0
2023-05-05 15:30:00,0.89264,0.89725,0.89264,0.89551,7566,16,0
2023-05-05 16:00:00,0.8955,0.89552,0.89358,0.89461,4227,16,0
2023-05-05 16:30:00,0.89461,0.89564,0.89387,0.89423,4456,16,0
2023-05-05 17:00:00,0.89423,0.89469,0.89327,0.89358,3115,16,0
2023-05-05 17:30:00,0.89358,0.89382,0.89249,0.89253,2498,16,0
2023-05-05 18:00:00,0.89253,0.89278,0.89147,0.89173,1911,16,0
2023-05-05 18:30:00,0.89172,0.89221,0.89104,0.89125,1491,16,0
2023-05-05 19:00:00,0.89124,0.8916,0.89094,0.89155,805,17,0
2023-05-05 19:30:00,0.89154,0.89154,0.89027,0.89059,1072,16,0
2023-05-05 20:00:00,0.89058,0.89097,0.89023,0.89097,1395,16,0
2023-05-05 20:30:00,0.89096,0.89154,0.89087,0.89139,850,16,0
2023-05-05 21:00:00,0.89142,0.89146,0.8908,0.89082,639,16,0
2023-05-05 21:30:00,0.89083,0.89096,0.89017,0.89023,639,16,0
2023-05-05 22:00:00,0.89026,0.89062,0.89025,0.89033,627,16,0
2023-05-05 22:30:00,0.89032,0.89058,0.89002,0.89048,518,16,0
2023-05-05 23:00:00,0.89048,0.89064,0.89007,0.89043,541,16,0
2023-05-05 23:30:00,0.89041,0.89071,0.89028,0.89047,1065,16,0
2023-05-08 00:00:00,0.88881,0.89021,0.88881,0.89021,3,121,0
2023-05-08 00:30:00,0.89017,0.89018,0.88967,0.88967,70,113,0
2023-05-08 01:00:00,0.88976,0.8906,0.88976,0.89058,1278,28,0
2023-05-08 01:30:00,0.89057,0.89097,0.89057,0.89088,377,23,0
2023-05-08 02:00:00,0.8909,0.89105,0.89068,0.8907,616,21,0
2023-05-08 02:30:00,0.8907,0.89112,0.89061,0.89112,455,22,0
2023-05-08 03:00:00,0.89112,0.89114,0.89018,0.89026,1063,21,0
2023-05-08 03:30:00,0.89027,0.89043,0.89004,0.89015,610,21,0
2023-05-08 04:00:00,0.89013,0.89058,0.89011,0.89041,611,21,0
2023-05-08 04:30:00,0.8904,0.89041,0.88983,0.88998,1077,22,0
2023-05-08 05:00:00,0.88996,0.89016,0.88943,0.88943,620,23,0
2023-05-08 05:30:00,0.88944,0.88947,0.88903,0.88937,678,21,0
2023-05-08 06:00:00,0.88937,0.88951,0.88907,0.88918,502,22,0
2023-05-08 06:30:00,0.88917,0.88922,0.88858,0.88871,504,21,0
2023-05-08 07:00:00,0.88871,0.88893,0.88863,0.88875,284,22,0
2023-05-08 07:30:00,0.88875,0.88885,0.8886,0.88877,420,21,0
2023-05-08 08:00:00,0.88877,0.88903,0.88873,0.88899,367,23,0
2023-05-08 08:30:00,0.88898,0.88951,0.88892,0.88945,647,21,0
2023-05-08 09:00:00,0.88946,0.88948,0.88818,0.88843,923,21,0
2023-05-08 09:30:00,0.88843,0.88844,0.88697,0.88737,1135,21,0
2023-05-08 10:00:00,0.88736,0.88781,0.88688,0.88768,1294,21,0
2023-05-08 10:30:00,0.88765,0.88794,0.88685,0.88716,1168,21,0
2023-05-08 11:00:00,0.88715,0.88772,0.88667,0.88744,1981,21,0
2023-05-08 11:30:00,0.88745,0.88844,0.88726,0.8884,1232,16,0
2023-05-08 12:00:00,0.88837,0.88932,0.88826,0.88905,1332,16,0
2023-05-08 12:30:00,0.88907,0.88945,0.88863,0.88904,1219,16,0
2023-05-08 13:00:00,0.88904,0.88911,0.88812,0.88839,1091,16,0
2023-05-08 13:30:00,0.88839,0.88847,0.88793,0.8884,958,16,0
2023-05-08 14:00:00,0.88841,0.88901,0.88838,0.88897,906,16,0
2023-05-08 14:30:00,0.88896,0.88976,0.88859,0.88918,1305,16,0
2023-05-08 15:00:00,0.88916,0.88939,0.88862,0.88871,1391,16,0
2023-05-08 15:30:00,0.88871,0.88911,0.8884,0.88896,1162,16,0
2023-05-08 16:00:00,0.88896,0.88924,0.88844,0.8892,1164,16,0
2023-05-08 16:30:00,0.8892,0.88963,0.88843,0.88852,2155,16,0
2023-05-08 17:00:00,0.8885,0.88925,0.88815,0.88912,1729,16,0
2023-05-08 17:30:00,0.88911,0.88992,0.88894,0.88971,1695,16,0
2023-05-08 18:00:00,0.88971,0.89012,0.88923,0.88928,1004,16,0
2023-05-08 18:30:00,0.8893,0.88948,0.88877,0.88937,756,16,0
2023-05-08 19:00:00,0.88934,0.88941,0.88841,0.88846,937,16,0
2023-05-08 19:30:00,0.88847,0.88851,0.88809,0.88812,728,16,0
2023-05-08 20:00:00,0.88812,0.88835,0.88776,0.88818,519,16,0
2023-05-08 20:30:00,0.88818,0.88894,0.88818,0.8888,490,17,0
2023-05-08 21:00:00,0.88879,0.88955,0.88879,0.88902,1037,16,0
2023-05-08 21:30:00,0.88902,0.88958,0.88902,0.88942,508,16,0
2023-05-08 22:00:00,0.88943,0.8897,0.88938,0.8897,628,16,0
2023-05-08 22:30:00,0.88972,0.88997,0.88963,0.88987,405,16,0
2023-05-08 23:00:00,0.88986,0.88991,0.88941,0.88957,480,17,0
2023-05-08 23:30:00,0.88957,0.88964,0.8893,0.88939,349,24,0
2023-05-09 00:00:00,0.88939,0.88966,0.88901,0.88957,65,30,0
2023-05-09 00:30:00,0.88958,0.88965,0.88931,0.8895,1462,31,0
2023-05-09 01:00:00,0.88951,0.88963,0.88935,0.88953,464,16,0
2023-05-09 01:30:00,0.88953,0.88973,0.88947,0.88963,203,16,0
2023-05-09 02:00:00,0.88963,0.8901,0.88957,0.88998,582,16,0
2023-05-09 02:30:00,0.88997,0.89001,0.88984,0.88988,582,16,0
2023-05-09 03:00:00,0.88988,0.8907,0.88984,0.89058,695,16,0
2023-05-09 03:30:00,0.89058,0.89058,0.89029,0.89042,551,17,0
2023-05-09 04:00:00,0.89043,0.89051,0.88992,0.89017,601,17,0
2023-05-09 04:30:00,0.89016,0.89041,0.89002,0.89039,524,18,0
2023-05-09 05:00:00,0.89039,0.89054,0.89017,0.89017,326,19,0
2023-05-09 05:30:00,0.89014,0.89017,0.88993,0.89014,341,16,0
2023-05-09 06:00:00,0.89017,0.89025,0.89005,0.89019,278,17,0
2023-05-09 06:30:00,0.89019,0.89024,0.88945,0.88945,432,16,0
2023-05-09 07:00:00,0.88944,0.88951,0.88915,0.88926,438,16,0
2023-05-09 07:30:00,0.88926,0.88965,0.88923,0.88958,398,17,0
2023-05-09 08:00:00,0.88958,0.88965,0.88909,0.88932,469,16,0
2023-05-09 08:30:00,0.8893,0.88956,0.88921,0.88924,648,17,0
2023-05-09 09:00:00,0.88924,0.88932,0.88877,0.88915,1444,16,0
2023-05-09 09:30:00,0.88913,0.8898,0.88899,0.88966,1189,16,0
2023-05-09 10:00:00,0.88966,0.8912,0.88939,0.89113,1965,16,0
2023-05-09 10:30:00,0.89114,0.89266,0.89114,0.89222,2180,16,0
2023-05-09 11:00:00,0.89222,0.89248,0.89152,0.89216,1328,16,0
2023-05-09 11:30:00,0.89216,0.8926,0.89197,0.89206,1245,16,0
2023-05-09 12:00:00,0.89205,0.89208,0.89128,0.89135,1126,16,0
2023-05-09 12:30:00,0.89134,0.8916,0.89108,0.89119,992,16,0
2023-05-09 13:00:00,0.89119,0.89181,0.89108,0.8917,989,16,0
2023-05-09 13:30:00,0.8917,0.89216,0.8915,0.89181,1289,16,0
2023-05-09 14:00:00,0.8918,0.8923,0.89134,0.89227,871,16,0
2023-05-09 14:30:00,0.89227,0.8934,0.89224,0.89299,1507,16,0
2023-05-09 15:00:00,0.89298,0.89323,0.89273,0.89275,2127,16,0
2023-05-09 15:30:00,0.89275,0.89367,0.89253,0.89355,1315,16,0
2023-05-09 16:00:00,0.89355,0.8942,0.8933,0.89358,1922,16,0
2023-05-09 16:30:00,0.89356,0.89365,0.89244,0.89262,2264,16,0
2023-05-09 17:00:00,0.89261,0.89312,0.89166,0.89187,1743,16,0
2023-05-09 17:30:00,0.89188,0.89232,0.89113,0.89118,1977,16,0
2023-05-09 18:00:00,0.89117,0.89153,0.89098,0.89148,1284,16,0
2023-05-09 18:30:00,0.89148,0.89195,0.89122,0.89159,985,16,0
2023-05-09 19:00:00,0.89159,0.89174,0.89054,0.89092,789,16,0
2023-05-09 19:30:00,0.89091,0.89161,0.8908,0.89145,741,16,0
2023-05-09 20:00:00,0.89145,0.89153,0.89046,0.89077,995,16,0
2023-05-09 20:30:00,0.89076,0.89097,0.89014,0.89018,746,16,0
2023-05-09 21:00:00,0.89018,0.89042,0.88965,0.88966,964,17,0
2023-05-09 21:30:00,0.88966,0.89021,0.88955,0.88979,1076,16,0
2023-05-09 22:00:00,0.88979,0.89015,0.88978,0.89009,1194,16,0
2023-05-09 22:30:00,0.8901,0.89049,0.89003,0.89033,560,17,0
2023-05-09 23:00:00,0.89031,0.89055,0.89024,0.89054,236,18,0
2023-05-09 23:30:00,0.89055,0.89062,0.89027,0.89034,287,22,0
2023-05-10 00:00:00,0.89041,0.89041,0.89,0.89018,136,36,0
2023-05-10 00:30:00,0.89013,0.89045,0.89003,0.8903,488,28,0
2023-05-10 01:00:00,0.89025,0.89042,0.89003,0.89007,338,18,0
2023-05-10 01:30:00,0.89009,0.89009,0.88991,0.89008,170,19,0
2023-05-10 02:00:00,0.89009,0.89009,0.8898,0.88985,209,16,0
2023-05-10 02:30:00,0.88986,0.89021,0.88984,0.89009,322,18,0
2023-05-10 03:00:00,0.89007,0.89012,0.88966,0.88984,410,16,0
2023-05-10 03:30:00,0.88985,0.88994,0.88971,0.88991,450,17,0
2023-05-10 04:00:00,0.8899,0.8899,0.88962,0.88969,497,16,0
2023-05-10 04:30:00,0.88969,0.88985,0.88955,0.88969,489,16,0
2023-05-10 05:00:00,0.88968,0.88989,0.88961,0.88983,309,16,0
2023-05-10 05:30:00,0.88982,0.88998,0.88978,0.88985,324,17,0
2023-05-10 06:00:00,0.88986,0.88991,0.8897,0.8897,237,17,0
2023-05-10 06:30:00,0.88969,0.88978,0.88954,0.88957,405,16,0
2023-05-10 07:00:00,0.88957,0.8897,0.88956,0.88961,113,18,0
2023-05-10 07:30:00,0.8896,0.88984,0.88955,0.88982,596,17,0
2023-05-10 08:00:00,0.88985,0.89022,0.88976,0.89019,294,18,0
2023-05-10 08:30:00,0.89018,0.89061,0.89013,0.89023,696,17,0
2023-05-10 09:00:00,0.89023,0.89043,0.88979,0.89026,1142,16,0
2023-05-10 09:30:00,0.89025,0.89031,0.88938,0.88988,1100,16,0
2023-05-10 10:00:00,0.88988,0.88988,0.88857,0.88894,2163,16,0
2023-05-10 10:30:00,0.88895,0.88975,0.88855,0.8896,1569,16,0
2023-05-10 11:00:00,0.8896,0.8904,0.88914,0.88992,2292,16,0
2023-05-10 11:30:00,0.88993,0.89064,0.88989,0.89057,1463,16,0
2023-05-10 12:00:00,0.89056,0.89086,0.89013,0.89047,1003,16,0
2023-05-10 12:30:00,0.89047,0.89078,0.89023,0.89034,926,16,0
2023-05-10 13:00:00,0.89032,0.89117,0.89016,0.89112,956,16,0
2023-05-10 13:30:00,0.89113,0.89128,0.89084,0.89112,1166,16,0
2023-05-10 14:00:00,0.89113,0.89168,0.89101,0.89129,1284,16,0
2023-05-10 14:30:00,0.89128,0.89197,0.89124,0.89183,1050,16,0
2023-05-10 15:00:00,0.89184,0.89266,0.89173,0.89202,2184,16,0
2023-05-10 15:30:00,0.89045,0.89101,0.88673,0.8871,6722,16,0
2023-05-10 16:00:00,0.88707,0.88875,0.88687,0.88856,3609,16,0
2023-05-10 16:30:00,0.88854,0.88956,0.8879,0.88821,4163,16,0
2023-05-10 17:00:00,0.8882,0.88889,0.88746,0.88821,3874,16,0
2023-05-10 17:30:00,0.88823,0.88965,0.88803,0.88887,3915,16,0
2023-05-10 18:00:00,0.88888,0.89046,0.88875,0.89044,2293,16,0
2023-05-10 18:30:00,0.89041,0.89112,0.89031,0.89102,1484,16,0
2023-05-10 19:00:00,0.89103,0.89117,0.89039,0.89043,1079,16,0
2023-05-10 19:30:00,0.89044,0.8907,0.89027,0.89062,695,16,0
2023-05-10 20:00:00,0.89062,0.89086,0.89044,0.89055,1750,16,0
2023-05-10 20:30:00,0.89056,0.89071,0.88977,0.89001,1563,16,0
2023-05-10 21:00:00,0.89002,0.89007,0.88948,0.88963,1109,16,0
2023-05-10 21:30:00,0.88962,0.88965,0.88875,0.88944,978,16,0
2023-05-10 22:00:00,0.88944,0.88951,0.88892,0.88903,403,16,0
2023-05-10 22:30:00,0.88903,0.88931,0.88892,0.88917,372,17,0
2023-05-10 23:00:00,0.88918,0.88941,0.889,0.88941,281,17,0
2023-05-10 23:30:00,0.88941,0.88966,0.88932,0.88958,262,22,0
2023-05-11 00:00:00,0.88959,0.88959,0.88838,0.88874,10,38,0
2023-05-11 00:30:00,0.88861,0.88935,0.88861,0.8892,151,40,0
2023-05-11 01:00:00,0.88918,0.88926,0.889,0.88917,193,18,0
2023-05-11 01:30:00,0.88917,0.88918,0.88902,0.88905,140,19,0
2023-05-11 02:00:00,0.88905,0.88914,0.88896,0.88907,394,18,0
2023-05-11 02:30:00,0.88908,0.88938,0.88908,0.8893,406,17,0
2023-05-11 03:00:00,0.88929,0.88932,0.88875,0.88891,490,16,0
2023-05-11 03:30:00,0.8889,0.88918,0.8888,0.88886,508,16,0
2023-05-11 04:00:00,0.88886,0.88906,0.88859,0.88878,502,17,0
2023-05-11 04:30:00,0.88877,0.88937,0.88872,0.88936,549,16,0
2023-05-11 05:00:00,0.88935,0.89031,0.88931,0.89027,365,16,0
2023-05-11 05:30:00,0.89027,0.8903,0.88993,0.88996,548,17,0
2023-05-11 06:00:00,0.88996,0.89009,0.88985,0.89005,957,16,0
2023-05-11 06:30:00,0.89005,0.89068,0.89004,0.89068,320,16,0
2023-05-11 07:00:00,0.89068,0.89097,0.89055,0.89068,430,16,0
2023-05-11 07:30:00,0.89069,0.89079,0.89028,0.89041,298,16,0
2023-05-11 08:00:00,0.8904,0.89061,0.89026,0.89036,453,16,0
2023-05-11 08:30:00,0.89037,0.89043,0.89006,0.89034,520,16,0
2023-05-11 09:00:00,0.89035,0.89069,0.89023,0.89042,885,16,0
2023-05-11 09:30:00,0.89042,0.89354,0.89042,0.89332,2308,16,0
2023-05-11 10:00:00,0.89334,0.89404,0.89274,0.89364,3984,16,0
2023-05-11 10:30:00,0.89363,0.89378,0.89275,0.89348,2803,16,0
2023-05-11 11:00:00,0.89349,0.89459,0.89317,0.89387,2571,16,0
2023-05-11 11:30:00,0.89388,0.89494,0.89382,0.89461,1487,16,0
2023-05-11 12:00:00,0.89461,0.89465,0.89352,0.8936,1664,16,0
2023-05-11 12:30:00,0.89361,0.89417,0.89343,0.89401,1102,16,0
2023-05-11 13:00:00,0.894,0.89481,0.8938,0.89408,1815,16,0
2023-05-11 13:30:00,0.89408,0.8943,0.89381,0.89406,1665,16,0
2023-05-11 14:00:00,0.89407,0.89419,0.89218,0.89285,3072,16,0
2023-05-11 14:30:00,0.89284,0.89359,0.89255,0.89295,2308,16,0
2023-05-11 15:00:00,0.89295,0.89386,0.89247,0.89299,2967,16,0
2023-05-11 15:30:00,0.89299,0.89299,0.89127,0.89179,4936,16,0
2023-05-11 16:00:00,0.89179,0.89359,0.89176,0.89334,3281,16,0
2023-05-11 16:30:00,0.89334,0.89521,0.89304,0.89504,4280,16,0
2023-05-11 17:00:00,0.89502,0.89571,0.89477,0.89549,2409,16,0
2023-05-11 17:30:00,0.89548,0.89563,0.89412,0.8942,2241,16,0
2023-05-11 18:00:00,0.89418,0.89475,0.8941,0.89468,1248,16,0
2023-05-11 18:30:00,0.89467,0.89542,0.89464,0.89525,989,16,0
2023-05-11 19:00:00,0.89524,0.89525,0.8944,0.89447,804,16,0
2023-05-11 19:30:00,0.89449,0.8945,0.8937,0.89395,849,16,0
2023-05-11 20:00:00,0.89396,0.89436,0.89376,0.89432,925,16,0
2023-05-11 20:30:00,0.89432,0.89454,0.8942,0.89438,508,16,0
2023-05-11 21:00:00,0.89438,0.89452,0.89424,0.89431,692,18,0
2023-05-11 21:30:00,0.89431,0.89443,0.8942,0.89428,439,17,0
2023-05-11 22:00:00,0.89429,0.89445,0.89393,0.89397,508,16,0
2023-05-11 22:30:00,0.89396,0.89411,0.89374,0.89409,411,16,0
2023-05-11 23:00:00,0.8941,0.89425,0.89385,0.89392,318,16,0
2023-05-11 23:30:00,0.89391,0.89417,0.89377,0.8941,403,21,0
2023-05-12 00:00:00,0.89399,0.89411,0.89323,0.89339,55,48,0
2023-05-12 00:30:00,0.89341,0.89395,0.89325,0.89351,379,63,0
2023-05-12 01:00:00,0.89351,0.89402,0.89351,0.89401,387,20,0
2023-05-12 01:30:00,0.89403,0.89415,0.89391,0.89395,317,19,0
2023-05-12 02:00:00,0.89397,0.89408,0.89385,0.8939,474,19,0
2023-05-12 02:30:00,0.89391,0.8942,0.8939,0.89415,885,16,0
2023-05-12 03:00:00,0.89412,0.89412,0.89365,0.89376,636,17,0
2023-05-12 03:30:00,0.89376,0.89381,0.89338,0.89343,379,17,0
2023-05-12 04:00:00,0.89343,0.89363,0.89325,0.89354,460,16,0
2023-05-12 04:30:00,0.89354,0.89358,0.89272,0.89272,1428,17,0
2023-05-12 05:00:00,0.89272,0.89279,0.89242,0.89246,599,17,0
2023-05-12 05:30:00,0.89246,0.89263,0.89244,0.89261,301,16,0
2023-05-12 06:00:00,0.8926,0.89276,0.89255,0.89265,400,16,0
2023-05-12 06:30:00,0.89266,0.89297,0.89264,0.89268,645,17,0
2023-05-12 07:00:00,0.89268,0.89275,0.89249,0.89261,268,17,0
2023-05-12 07:30:00,0.89261,0.89272,0.89252,0.89261,433,17,0
2023-05-12 08:00:00,0.89262,0.89275,0.89207,0.89207,716,16,0
2023-05-12 08:30:00,0.89206,0.89222,0.89183,0.89212,584,16,0
2023-05-12 09:00:00,0.89212,0.89286,0.89191,0.8923,1187,16,0
2023-05-12 09:30:00,0.89229,0.89235,0.8913,0.89194,1236,16,0
2023-05-12 10:00:00,0.89194,0.89208,0.88962,0.89048,2330,16,0
2023-05-12 10:30:00,0.8905,0.89232,0.89047,0.89228,1934,16,0
2023-05-12 11:00:00,0.89228,0.89261,0.89145,0.89153,1706,16,0
2023-05-12 11:30:00,0.89152,0.89197,0.89125,0.8917,1609,16,0
2023-05-12 12:00:00,0.8917,0.89304,0.89124,0.89282,1308,16,0
2023-05-12 12:30:00,0.89279,0.89407,0.89248,0.89257,1605,16,0
2023-05-12 13:00:00,0.89257,0.8929,0.89243,0.89272,1384,16,0
2023-05-12 13:30:00,0.89271,0.89334,0.89264,0.89327,1073,16,0
2023-05-12 14:00:00,0.89328,0.8946,0.89312,0.89448,1136,16,0
2023-05-12 14:30:00,0.89449,0.89493,0.89372,0.89444,1280,16,0
2023-05-12 15:00:00,0.89445,0.89487,0.89417,0.89441,2005,16,0
2023-05-12 15:30:00,0.89441,0.89478,0.89325,0.89333,2087,16,0
2023-05-12 16:00:00,0.89333,0.89462,0.89274,0.89456,2267,16,0
2023-05-12 16:30:00,0.89456,0.89588,0.8944,0.89558,3185,16,0
2023-05-12 17:00:00,0.89558,0.89652,0.8948,0.89547,3750,16,0
2023-05-12 17:30:00,0.89548,0.89704,0.89533,0.89687,3282,16,0
2023-05-12 18:00:00,0.8969,0.89744,0.89654,0.89689,1868,16,0
2023-05-12 18:30:00,0.89687,0.8971,0.89663,0.89706,1274,16,0
2023-05-12 19:00:00,0.89707,0.8984,0.89707,0.89835,1228,16,0
2023-05-12 19:30:00,0.89836,0.89848,0.89797,0.89797,1440,16,0
2023-05-12 20:00:00,0.89798,0.89805,0.89746,0.89752,1217,16,0
2023-05-12 20:30:00,0.89753,0.8979,0.89751,0.89753,887,16,0
2023-05-12 21:00:00,0.89754,0.89787,0.8975,0.89778,614,16,0
2023-05-12 21:30:00,0.89778,0.89796,0.89765,0.8978,804,17,0
2023-05-12 22:00:00,0.89782,0.8981,0.89769,0.89809,799,16,0
2023-05-12 22:30:00,0.89808,0.89838,0.89801,0.89832,459,16,0
2023-05-12 23:00:00,0.89832,0.89867,0.89829,0.89851,457,16,0
2023-05-12 23:30:00,0.89851,0.89863,0.89793,0.89804,731,22,0
2023-05-15 00:00:00,0.89538,0.89715,0.89538,0.89689,5,152,0
2023-05-15 00:30:00,0.89689,0.89744,0.8967,0.89724,17,190,0
2023-05-15 01:00:00,0.89783,0.8985,0.89783,0.89813,1024,19,0
2023-05-15 01:30:00,0.89813,0.89834,0.8981,0.89828,535,16,0
2023-05-15 02:00:00,0.89826,0.89839,0.89812,0.89828,2268,16,0
2023-05-15 02:30:00,0.89828,0.89858,0.89823,0.89833,247,18,0
2023-05-15 03:00:00,0.89833,0.8986,0.89811,0.89847,474,16,0
2023-05-15 03:30:00,0.89845,0.89868,0.89823,0.89831,593,16,0
2023-05-15 04:00:00,0.8983,0.89832,0.89759,0.89773,646,16,0
2023-05-15 04:30:00,0.89772,0.89785,0.8972,0.89727,618,18,0
2023-05-15 05:00:00,0.89727,0.89785,0.89726,0.89766,978,16,0
2023-05-15 05:30:00,0.89767,0.8978,0.89747,0.89777,465,17,0
2023-05-15 06:00:00,0.89778,0.8978,0.89742,0.89748,340,16,0
2023-05-15 06:30:00,0.89748,0.89771,0.89734,0.89763,1336,17,0
2023-05-15 07:00:00,0.89762,0.8979,0.8976,0.89767,468,16,0
2023-05-15 07:30:00,0.89767,0.89806,0.89756,0.89764,781,16,0
2023-05-15 08:00:00,0.89763,0.89768,0.89706,0.89719,1340,17,0
2023-05-15 08:30:00,0.89721,0.89738,0.89705,0.89721,656,16,0
2023-05-15 09:00:00,0.8972,0.89747,0.89673,0.89707,1327,16,0
2023-05-15 09:30:00,0.89707,0.89751,0.89689,0.89689,1181,16,0
2023-05-15 10:00:00,0.8969,0.89692,0.89601,0.89659,1495,16,0
2023-05-15 10:30:00,0.89658,0.89695,0.89629,0.89661,1218,16,0
2023-05-15 11:00:00,0.89664,0.89683,0.8961,0.89639,1344,16,0
2023-05-15 11:30:00,0.89639,0.89712,0.89622,0.89697,1133,16,0
2023-05-15 12:00:00,0.89697,0.89757,0.89661,0.8967,1347,16,0
2023-05-15 12:30:00,0.8967,0.89695,0.89643,0.89686,1045,16,0
2023-05-15 13:00:00,0.89685,0.89739,0.89663,0.89665,1153,16,0
2023-05-15 13:30:00,0.89665,0.89667,0.896,0.89611,962,16,0
2023-05-15 14:00:00,0.89612,0.89637,0.8959,0.8963,936,16,0
2023-05-15 14:30:00,0.8963,0.89657,0.89546,0.89594,1234,16,0
2023-05-15 15:00:00,0.89594,0.89626,0.89563,0.89604,1337,16,0
2023-05-15 15:30:00,0.89598,0.89616,0.89452,0.89605,3423,16,0
2023-05-15 16:00:00,0.89607,0.8964,0.89544,0.89569,1773,16,0
2023-05-15 16:30:00,0.89569,0.89623,0.89523,0.89532,1897,16,0
2023-05-15 17:00:00,0.89532,0.89544,0.89466,0.89487,1988,16,0
2023-05-15 17:30:00,0.89489,0.89548,0.89458,0.8954,1880,16,0
2023-05-15 18:00:00,0.8954,0.89563,0.89485,0.89504,1134,16,0
2023-05-15 18:30:00,0.89505,0.89509,0.89469,0.89486,874,16,0
2023-05-15 19:00:00,0.89487,0.89492,0.89465,0.89482,710,16,0
2023-05-15 19:30:00,0.89482,0.89497,0.89417,0.89417,606,16,0
2023-05-15 20:00:00,0.89418,0.8946,0.89417,0.8944,715,16,0
2023-05-15 20:30:00,0.89441,0.8947,0.89426,0.89454,654,16,0
2023-05-15 21:00:00,0.89454,0.89489,0.89433,0.89488,363,16,0
2023-05-15 21:30:00,0.89487,0.89496,0.89478,0.89488,1074,16,0
2023-05-15 22:00:00,0.8949,0.89496,0.89481,0.89485,363,16,0
2023-05-15 22:30:00,0.89485,0.89502,0.89479,0.89502,335,17,0
2023-05-15 23:00:00,0.89499,0.89539,0.89489,0.89529,405,19,0
2023-05-15 23:30:00,0.89529,0.89555,0.8952,0.8955,635,21,0
2023-05-16 00:00:00,0.89551,0.89561,0.89506,0.89516,88,54,0
2023-05-16 00:30:00,0.89516,0.89567,0.89505,0.89564,896,28,0
2023-05-16 01:00:00,0.89569,0.89569,0.89524,0.89536,978,16,0
2023-05-16 01:30:00,0.89535,0.89542,0.8953,0.89542,1014,17,0
2023-05-16 02:00:00,0.89544,0.89549,0.89527,0.89537,285,16,0
2023-05-16 02:30:00,0.89534,0.89547,0.89534,0.89542,1007,18,0
2023-05-16 03:00:00,0.89542,0.89543,0.89493,0.895,730,16,0
2023-05-16 03:30:00,0.89501,0.89511,0.89474,0.89478,1341,16,0
2023-05-16 04:00:00,0.8948,0.89505,0.89477,0.89496,295,17,0
2023-05-16 04:30:00,0.89496,0.89532,0.89492,0.89515,432,16,0
2023-05-16 05:00:00,0.89516,0.89565,0.89513,0.89534,882,16,0
2023-05-16 05:30:00,0.89535,0.89536,0.89483,0.89483,486,17,0
2023-05-16 06:00:00,0.89482,0.89507,0.89474,0.89502,475,18,0
2023-05-16 06:30:00,0.89503,0.89509,0.89478,0.89485,781,18,0
2023-05-16 07:00:00,0.89487,0.89511,0.89483,0.89509,330,18,0
2023-05-16 07:30:00,0.89512,0.89512,0.89478,0.89481,986,18,0
2023-05-16 08:00:00,0.8948,0.89511,0.8948,0.89495,469,18,0
2023-05-16 08:30:00,0.89494,0.89563,0.89494,0.89551,602,17,0
2023-05-16 09:00:00,0.89552,0.89617,0.89515,0.89589,1326,16,0
2023-05-16 09:30:00,0.89589,0.8959,0.89482,0.89487,947,16,0
2023-05-16 10:00:00,0.89488,0.89506,0.89371,0.89418,2200,16,0
2023-05-16 10:30:00,0.89423,0.89442,0.89284,0.89284,1633,16,0
2023-05-16 11:00:00,0.89285,0.89302,0.89236,0.89243,1090,16,0
2023-05-16 11:30:00,0.89243,0.89287,0.89217,0.89274,964,16,0
2023-05-16 12:00:00,0.89276,0.89282,0.89191,0.89222,1287,16,0
2023-05-16 12:30:00,0.89222,0.89266,0.89207,0.89255,823,16,0
2023-05-16 13:00:00,0.89255,0.89295,0.89251,0.89286,1132,16,0
2023-05-16 13:30:00,0.89286,0.89323,0.89264,0.89293,1782,16,0
2023-05-16 14:00:00,0.89294,0.8931,0.89262,0.89278,1919,16,0
2023-05-16 14:30:00,0.89277,0.89391,0.89277,0.89377,1254,16,0
2023-05-16 15:00:00,0.89376,0.89451,0.89365,0.8941,2394,16,0
2023-05-16 15:30:00,0.89402,0.89554,0.89312,0.89452,4873,18,0
2023-05-16 16:00:00,0.89452,0.89542,0.89397,0.89517,3068,16,0
2023-05-16 16:30:00,0.89518,0.89534,0.89417,0.89528,3462,16,0
2023-05-16 17:00:00,0.89528,0.8961,0.89517,0.89554,2608,16,0
2023-05-16 17:30:00,0.89554,0.89606,0.89536,0.89579,2282,16,0
2023-05-16 18:00:00,0.8958,0.89682,0.89578,0.89619,1800,16,0
2023-05-16 18:30:00,0.89618,0.89697,0.8961,0.89639,1770,16,0
2023-05-16 19:00:00,0.89638,0.89645,0.8955,0.89603,1174,16,0
2023-05-16 19:30:00,0.89604,0.8962,0.89559,0.89602,664,16,0
2023-05-16 20:00:00,0.89601,0.8964,0.89574,0.89575,570,17,0
2023-05-16 20:30:00,0.89576,0.89614,0.89554,0.89611,634,16,0
2023-05-16 21:00:00,0.89609,0.89624,0.89589,0.89589,796,16,0
2023-05-16 21:30:00,0.89588,0.89603,0.89571,0.89576,527,17,0
2023-05-16 22:00:00,0.89575,0.89598,0.89565,0.89584,413,16,0
2023-05-16 22:30:00,0.89586,0.8965,0.89586,0.89627,638,17,0
2023-05-16 23:00:00,0.89627,0.89654,0.89616,0.89633,430,19,0
2023-05-16 23:30:00,0.89633,0.89643,0.89613,0.89625,568,23,0
2023-05-17 00:00:00,0.89624,0.89645,0.89582,0.89596,734,43,0
2023-05-17 00:30:00,0.89595,0.89635,0.8959,0.89623,345,28,0
2023-05-17 01:00:00,0.89625,0.89644,0.89607,0.89633,236,16,0
2023-05-17 01:30:00,0.89632,0.89633,0.89618,0.89628,126,17,0
2023-05-17 02:00:00,0.89628,0.89652,0.89626,0.89635,201,16,0
2023-05-17 02:30:00,0.89632,0.89646,0.89623,0.8963,271,16,0
2023-05-17 03:00:00,0.89629,0.89636,0.89583,0.89587,562,16,0
2023-05-17 03:30:00,0.89588,0.89607,0.89576,0.89582,510,16,0
2023-05-17 04:00:00,0.89581,0.89601,0.89576,0.89582,386,18,0
2023-05-17 04:30:00,0.89582,0.89639,0.89581,0.89596,482,16,0
2023-05-17 05:00:00,0.89596,0.89603,0.89563,0.89571,308,18,0
2023-05-17 05:30:00,0.8957,0.89587,0.89506,0.89507,446,16,0
2023-05-17 06:00:00,0.89506,0.89538,0.89483,0.89533,573,16,0
2023-05-17 06:30:00,0.89533,0.89568,0.89531,0.89562,598,17,0
2023-05-17 07:00:00,0.89561,0.89591,0.8956,0.89574,202,17,0
2023-05-17 07:30:00,0.89573,0.89585,0.89557,0.8958,542,17,0
2023-05-17 08:00:00,0.8958,0.89641,0.89569,0.89638,656,17,0
2023-05-17 08:30:00,0.89638,0.89692,0.89616,0.89683,1165,16,0
2023-05-17 09:00:00,0.89687,0.89725,0.89637,0.89645,1313,16,0
2023-05-17 09:30:00,0.89646,0.89682,0.89606,0.8965,1344,16,0
2023-05-17 10:00:00,0.89651,0.89792,0.89612,0.89736,2052,16,0
2023-05-17 10:30:00,0.89736,0.89878,0.89719,0.89825,1837,16,0
2023-05-17 11:00:00,0.89823,0.89865,0.89777,0.89794,1549,16,0
2023-05-17 11:30:00,0.89795,0.90069,0.89784,0.90014,1783,16,0
2023-05-17 12:00:00,0.90017,0.90046,0.8995,0.89959,1940,16,0
2023-05-17 12:30:00,0.89959,0.89963,0.89844,0.89919,1267,16,0
2023-05-17 13:00:00,0.89915,0.89937,0.89877,0.89899,1237,16,0
2023-05-17 13:30:00,0.89899,0.89939,0.89891,0.89921,1051,16,0
2023-05-17 14:00:00,0.8992,0.89953,0.89889,0.89898,1353,16,0
2023-05-17 14:30:00,0.89899,0.8999,0.89836,0.89989,1521,16,0
2023-05-17 15:00:00,0.89986,0.90001,0.89932,0.89995,1926,16,0
2023-05-17 15:30:00,0.89994,0.90107,0.89971,0.90053,2697,16,0
2023-05-17 16:00:00,0.90053,0.90094,0.8994,0.90076,3127,16,0
2023-05-17 16:30:00,0.90078,0.90215,0.90075,0.90193,2105,16,0
2023-05-17 17:00:00,0.90189,0.90247,0.89839,0.89851,3131,16,0
2023-05-17 17:30:00,0.89849,0.90015,0.89829,0.89901,2341,16,0
2023-05-17 18:00:00,0.89901,0.89993,0.89873,0.8989,1874,16,0
2023-05-17 18:30:00,0.89891,0.89938,0.89823,0.89919,1185,16,0
2023-05-17 19:00:00,0.89919,0.89922,0.89863,0.89868,716,16,0
2023-05-17 19:30:00,0.89869,0.89869,0.89795,0.89816,816,16,0
2023-05-17 20:00:00,0.89815,0.89835,0.89791,0.89804,973,16,0
2023-05-17 20:30:00,0.89806,0.89854,0.89774,0.89812,1104,16,0
2023-05-17 21:00:00,0.89811,0.89876,0.89791,0.89863,578,16,0
2023-05-17 21:30:00,0.89862,0.89882,0.89843,0.8986,1061,16,0
2023-05-17 22:00:00,0.89859,0.89859,0.89803,0.89842,490,16,0
2023-05-17 22:30:00,0.89841,0.89846,0.89807,0.89818,454,16,0
2023-05-17 23:00:00,0.89822,0.89848,0.89805,0.89836,214,19,0
2023-05-17 23:30:00,0.89836,0.8985,0.89807,0.89811,269,21,0
2023-05-18 00:00:00,0.89811,0.89839,0.89786,0.89833,131,36,0
2023-05-18 00:30:00,0.89832,0.89844,0.89788,0.89821,1018,28,0
2023-05-18 01:00:00,0.89824,0.89852,0.89824,0.89847,592,16,0
2023-05-18 01:30:00,0.89848,0.89848,0.89832,0.89843,363,19,0
2023-05-18 02:00:00,0.89844,0.89864,0.89843,0.89864,258,18,0
2023-05-18 02:30:00,0.89865,0.89869,0.89847,0.89854,143,16,0
2023-05-18 03:00:00,0.89854,0.89883,0.89835,0.89858,323,17,0
2023-05-18 03:30:00,0.89857,0.89876,0.89833,0.89838,428,17,0
2023-05-18 04:00:00,0.89839,0.89861,0.89791,0.89797,658,17,0
2023-05-18 04:30:00,0.89796,0.89845,0.89794,0.8982,1031,16,0
2023-05-18 05:00:00,0.89821,0.89836,0.89804,0.89825,574,17,0
2023-05-18 05:30:00,0.89825,0.89825,0.89796,0.89804,434,17,0
2023-05-18 06:00:00,0.89804,0.89832,0.89797,0.89828,295,16,0
2023-05-18 06:30:00,0.89828,0.89847,0.89824,0.89833,260,16,0
2023-05-18 07:00:00,0.89833,0.89872,0.89829,0.89863,303,16,0
2023-05-18 07:30:00,0.89863,0.89912,0.8986,0.89907,281,17,0
2023-05-18 08:00:00,0.89906,0.89944,0.89905,0.89927,476,16,0
2023-05-18 08:30:00,0.89928,0.89978,0.899,0.89963,756,16,0
2023-05-18 09:00:00,0.89962,0.89965,0.89834,0.89834,1374,16,0
2023-05-18 09:30:00,0.89835,0.89907,0.89827,0.89856,1451,16,0
2023-05-18 10:00:00,0.89855,0.89888,0.89835,0.8987,2133,16,0
2023-05-18 10:30:00,0.8987,0.90099,0.89863,0.90033,2217,16,0
2023-05-18 11:00:00,0.90032,0.90065,0.89976,0.90022,2643,16,0
2023-05-18 11:30:00,0.90022,0.9008,0.89991,0.90035,1570,16,0
2023-05-18 12:00:00,0.90037,0.90089,0.9,0.9007,1367,16,0
2023-05-18 12:30:00,0.9007,0.9007,0.90002,0.90017,1441,16,0
2023-05-18 13:00:00,0.90019,0.90075,0.90015,0.9007,1090,17,0
2023-05-18 13:30:00,0.9007,0.901,0.90028,0.90033,886,16,0
2023-05-18 14:00:00,0.90032,0.90085,0.90031,0.9008,851,16,0
2023-05-18 14:30:00,0.90079,0.90089,0.89995,0.90007,930,16,0
2023-05-18 15:00:00,0.90007,0.90032,0.89987,0.90028,1109,16,0
2023-05-18 15:30:00,0.90028,0.90223,0.90017,0.90194,3983,16,0
2023-05-18 16:00:00,0.90194,0.90198,0.9011,0.90178,2991,16,0
2023-05-18 16:30:00,0.90178,0.9044,0.90173,0.90414,2973,16,0
2023-05-18 17:00:00,0.90415,0.90424,0.9033,0.9042,2578,16,0
2023-05-18 17:30:00,0.90419,0.90618,0.90409,0.90556,1761,16,0
2023-05-18 18:00:00,0.90556,0.90574,0.90481,0.90491,1967,16,0
2023-05-18 18:30:00,0.90492,0.90518,0.90451,0.90454,980,16,0
2023-05-18 19:00:00,0.90454,0.90485,0.90407,0.90478,1070,16,0
2023-05-18 19:30:00,0.90478,0.90538,0.90474,0.90531,553,16,0
2023-05-18 20:00:00,0.90531,0.90565,0.90507,0.90508,789,16,0
2023-05-18 20:30:00,0.90509,0.90531,0.90485,0.90508,586,16,0
2023-05-18 21:00:00,0.90507,0.90526,0.90486,0.90496,707,16,0
2023-05-18 21:30:00,0.90491,0.90524,0.90484,0.90515,522,16,0
2023-05-18 22:00:00,0.90515,0.90542,0.90486,0.90521,609,16,0
2023-05-18 22:30:00,0.9052,0.90521,0.90466,0.90481,944,16,0
2023-05-18 23:00:00,0.90481,0.90509,0.90452,0.90496,451,17,0
2023-05-18 23:30:00,0.90496,0.90501,0.90467,0.90498,574,22,0
2023-05-19 00:00:00,0.90497,0.90521,0.90489,0.90507,165,28,0
2023-05-19 00:30:00,0.90501,0.90519,0.90461,0.90463,1212,28,0
2023-05-19 01:00:00,0.90473,0.90509,0.90456,0.90457,948,16,0
2023-05-19 01:30:00,0.90455,0.90474,0.90454,0.9047,774,16,0
2023-05-19 02:00:00,0.90472,0.90481,0.90463,0.90471,267,17,0
2023-05-19 02:30:00,0.90473,0.90491,0.90473,0.90481,427,18,0
2023-05-19 03:00:00,0.90481,0.90488,0.90419,0.90445,704,16,0
2023-05-19 03:30:00,0.90446,0.90465,0.90413,0.90454,552,16,0
2023-05-19 04:00:00,0.90454,0.90538,0.90434,0.90532,811,16,0
2023-05-19 04:30:00,0.90531,0.90581,0.9051,0.90546,774,16,0
2023-05-19 05:00:00,0.90547,0.90574,0.9054,0.90554,506,16,0
2023-05-19 05:30:00,0.90553,0.90553,0.90451,0.9047,887,16,0
2023-05-19 06:00:00,0.90469,0.90512,0.90468,0.90479,502,16,0
2023-05-19 06:30:00,0.90482,0.90488,0.90454,0.90474,353,17,0
2023-05-19 07:00:00,0.90475,0.90491,0.90459,0.9049,510,17,0
2023-05-19 07:30:00,0.9049,0.90512,0.90485,0.90492,971,16,0
2023-05-19 08:00:00,0.90491,0.90498,0.90478,0.90494,1778,16,0
2023-05-19 08:30:00,0.90494,0.90503,0.90427,0.90442,1061,17,0
2023-05-19 09:00:00,0.90444,0.90476,0.90252,0.90258,2064,16,0
2023-05-19 09:30:00,0.90258,0.90328,0.90243,0.90297,1087,16,0
2023-05-19 10:00:00,0.90297,0.90302,0.9019,0.90289,1367,16,0
2023-05-19 10:30:00,0.90289,0.90311,0.90239,0.90285,1404,16,0
2023-05-19 11:00:00,0.90286,0.90344,0.90266,0.90276,1220,16,0
2023-05-19 11:30:00,0.90276,0.90309,0.90191,0.90289,1578,16,0
2023-05-19 12:00:00,0.90288,0.90355,0.90265,0.90347,694,16,0
2023-05-19 12:30:00,0.90347,0.90355,0.90205,0.90216,1968,16,0
2023-05-19 13:00:00,0.90217,0.90243,0.90188,0.90228,1848,16,0
2023-05-19 13:30:00,0.90228,0.90256,0.90207,0.90223,1218,16,0
2023-05-19 14:00:00,0.90223,0.90253,0.90215,0.90235,1335,16,0
2023-05-19 14:30:00,0.90234,0.90236,0.90105,0.90106,1261,16,0
2023-05-19 15:00:00,0.90106,0.90153,0.9007,0.90104,1341,16,0
2023-05-19 15:30:00,0.90104,0.90209,0.90028,0.90178,1815,16,0
2023-05-19 16:00:00,0.90181,0.90308,0.90156,0.90215,1798,16,0
2023-05-19 16:30:00,0.90214,0.90263,0.90109,0.90146,1963,16,0
2023-05-19 17:00:00,0.90146,0.90238,0.90146,0.90196,1570,16,0
2023-05-19 17:30:00,0.90196,0.90221,0.90098,0.90207,1528,16,0
2023-05-19 18:00:00,0.90208,0.9022,0.89738,0.89823,4931,16,0
2023-05-19 18:30:00,0.89826,0.89983,0.8976,0.8988,4436,16,0
2023-05-19 19:00:00,0.89881,0.89959,0.89853,0.89944,1996,16,0
2023-05-19 19:30:00,0.89945,0.89989,0.89847,0.89871,1499,16,0
2023-05-19 20:00:00,0.89871,0.89906,0.89864,0.89876,641,16,0
2023-05-19 20:30:00,0.89875,0.89876,0.89796,0.89854,705,16,0
2023-05-19 21:00:00,0.89854,0.89937,0.89848,0.89916,723,16,0
2023-05-19 21:30:00,0.89916,0.89973,0.89909,0.89956,715,16,0
2023-05-19 22:00:00,0.89956,0.90017,0.89955,0.90004,525,16,0
2023-05-19 22:30:00,0.90006,0.90041,0.89964,0.89966,547,16,0
2023-05-19 23:00:00,0.89967,0.90004,0.89943,0.89953,411,19,0
2023-05-19 23:30:00,0.89954,0.8997,0.89915,0.89921,507,21,0
2023-05-22 00:00:00,0.89828,0.89852,0.89828,0.89845,8,88,0
2023-05-22 00:30:00,0.89852,0.89858,0.89838,0.89858,221,63,0
2023-05-22 01:00:00,0.89862,0.89893,0.89836,0.89843,253,16,0
2023-05-22 01:30:00,0.8984,0.89857,0.89814,0.89845,489,18,0
2023-05-22 02:00:00,0.89845,0.89848,0.89803,0.89826,356,17,0
2023-05-22 02:30:00,0.89826,0.89852,0.89814,0.89815,436,18,0
2023-05-22 03:00:00,0.89818,0.89855,0.89802,0.8982,781,16,0
2023-05-22 03:30:00,0.8982,0.8984,0.89773,0.89785,1143,16,0
2023-05-22 04:00:00,0.89783,0.89783,0.89692,0.89725,1108,16,0
2023-05-22 04:30:00,0.89724,0.89777,0.89724,0.89751,1172,16,0
2023-05-22 05:00:00,0.8975,0.89811,0.8975,0.89766,815,16,0
2023-05-22 05:30:00,0.89765,0.89819,0.89765,0.89787,1014,16,0
2023-05-22 06:00:00,0.89788,0.89813,0.89775,0.89785,1487,16,0
2023-05-22 06:30:00,0.89784,0.89795,0.89753,0.89777,761,17,0
2023-05-22 07:00:00,0.89778,0.89791,0.89755,0.89779,551,17,0
2023-05-22 07:30:00,0.89775,0.89827,0.89775,0.89815,1028,16,0
2023-05-22 08:00:00,0.89815,0.89834,0.89794,0.89834,357,17,0
2023-05-22 08:30:00,0.89834,0.89869,0.89829,0.89865,734,16,0
2023-05-22 09:00:00,0.89862,0.89875,0.89746,0.89775,1304,16,0
2023-05-22 09:30:00,0.89774,0.89853,0.89758,0.89852,1162,16,0
2023-05-22 10:00:00,0.89853,0.89963,0.89798,0.89843,2226,16,0
2023-05-22 10:30:00,0.89844,0.89895,0.89718,0.89736,2525,16,0
2023-05-22 11:00:00,0.89736,0.89773,0.89669,0.89746,2120,16,0
2023-05-22 11:30:00,0.89746,0.8978,0.89536,0.89557,1946,16,0
2023-05-22 12:00:00,0.89555,0.89563,0.89475,0.89476,1483,16,0
2023-05-22 12:30:00,0.89476,0.89525,0.89442,0.89483,1362,16,0
2023-05-22 13:00:00,0.89483,0.89501,0.89401,0.89438,1125,16,0
2023-05-22 13:30:00,0.8944,0.89515,0.89424,0.89514,1468,16,0
2023-05-22 14:00:00,0.89513,0.89583,0.89485,0.89531,2039,16,0
2023-05-22 14:30:00,0.8953,0.89637,0.89528,0.89608,2046,16,0
2023-05-22 15:00:00,0.89607,0.89643,0.89547,0.89567,1896,16,0
2023-05-22 15:30:00,0.89567,0.89711,0.89566,0.89682,2508,16,0
2023-05-22 16:00:00,0.89681,0.89778,0.89663,0.89766,1977,16,0
2023-05-22 16:30:00,0.89766,0.89843,0.89692,0.89803,3016,16,0
2023-05-22 17:00:00,0.89803,0.89854,0.89603,0.89785,4414,16,0
2023-05-22 17:30:00,0.89783,0.89901,0.8975,0.89899,2854,16,0
2023-05-22 18:00:00,0.89899,0.89929,0.89846,0.89867,1964,16,0
2023-05-22 18:30:00,0.89866,0.89931,0.8985,0.89908,1460,16,0
2023-05-22 19:00:00,0.89907,0.89916,0.89792,0.89801,1708,16,0
2023-05-22 19:30:00,0.89801,0.89827,0.89784,0.89809,925,16,0
2023-05-22 20:00:00,0.8981,0.89825,0.89718,0.89795,1454,16,0
2023-05-22 20:30:00,0.89795,0.89803,0.89712,0.89724,1006,16,0
2023-05-22 21:00:00,0.89725,0.89738,0.89693,0.89722,795,16,0
2023-05-22 21:30:00,0.89721,0.8976,0.89695,0.89709,774,16,0
2023-05-22 22:00:00,0.89711,0.8977,0.89683,0.89756,739,16,0
2023-05-22 22:30:00,0.89757,0.89809,0.89741,0.89794,857,17,0
2023-05-22 23:00:00,0.89795,0.89811,0.89756,0.89774,343,19,0
2023-05-22 23:30:00,0.89773,0.89777,0.89759,0.8977,345,21,0
2023-05-23 00:00:00,0.8977,0.89772,0.89756,0.89772,39,41,0
2023-05-23 00:30:00,0.89772,0.89782,0.89732,0.89733,295,45,0
2023-05-23 01:00:00,0.89742,0.89788,0.89738,0.89777,308,21,0
2023-05-23 01:30:00,0.89778,0.8978,0.89763,0.89771,295,18,0
2023-05-23 02:00:00,0.8977,0.89836,0.89763,0.89828,502,18,0
2023-05-23 02:30:00,0.89827,0.8985,0.89813,0.89823,1083,17,0
2023-05-23 03:00:00,0.89819,0.89821,0.89744,0.89765,628,17,0
2023-05-23 03:30:00,0.89766,0.89811,0.8976,0.89806,448,16,0
2023-05-23 04:00:00,0.89807,0.8986,0.89802,0.89846,851,17,0
2023-05-23 04:30:00,0.89846,0.89886,0.8983,0.89885,1172,17,0
2023-05-23 05:00:00,0.89884,0.89902,0.89863,0.89887,843,16,0
2023-05-23 05:30:00,0.89889,0.89893,0.89819,0.89826,505,17,0
2023-05-23 06:00:00,0.89825,0.89869,0.89825,0.89861,315,17,0
2023-05-23 06:30:00,0.89863,0.89866,0.89811,0.89835,427,19,0
2023-05-23 07:00:00,0.89834,0.89848,0.89826,0.89847,435,18,0
2023-05-23 07:30:00,0.89845,0.89851,0.89815,0.89839,317,17,0
2023-05-23 08:00:00,0.89839,0.89893,0.89827,0.89886,351,17,0
2023-05-23 08:30:00,0.89886,0.89941,0.89875,0.89885,1049,16,0
2023-05-23 09:00:00,0.89885,0.89933,0.8983,0.89885,1685,16,0
2023-05-23 09:30:00,0.89884,0.89886,0.89781,0.89826,951,16,0
2023-05-23 10:00:00,0.89827,0.89987,0.8982,0.89943,2043,16,0
2023-05-23 10:30:00,0.89946,0.90014,0.89846,0.89935,2293,16,0
2023-05-23 11:00:00,0.89939,0.90038,0.89926,0.89954,2058,16,0
2023-05-23 11:30:00,0.89962,0.89991,0.89892,0.89922,1812,16,0
2023-05-23 12:00:00,0.89923,0.90027,0.89915,0.90012,1261,16,0
2023-05-23 12:30:00,0.90012,0.9014,0.8999,0.90138,1223,16,0
2023-05-23 13:00:00,0.90138,0.90182,0.90112,0.9015,1275,16,0
2023-05-23 13:30:00,0.90151,0.90155,0.90095,0.90122,1306,16,0
2023-05-23 14:00:00,0.90123,0.90141,0.9007,0.90102,1483,16,0
2023-05-23 14:30:00,0.90101,0.90168,0.90086,0.90137,1383,16,0
2023-05-23 15:00:00,0.90135,0.90172,0.90112,0.90166,1496,16,0
2023-05-23 15:30:00,0.90165,0.90287,0.90161,0.90278,2475,16,0
2023-05-23 16:00:00,0.90278,0.90278,0.90082,0.90149,2692,16,0
2023-05-23 16:30:00,0.9015,0.90164,0.90007,0.90053,4373,16,0
2023-05-23 17:00:00,0.90047,0.90077,0.89845,0.89941,3324,16,0
2023-05-23 17:30:00,0.89941,0.90048,0.89919,0.89987,2414,16,0
2023-05-23 18:00:00,0.89986,0.90113,0.89985,0.90087,1681,16,0
2023-05-23 18:30:00,0.90087,0.9014,0.90069,0.90131,1355,16,0
2023-05-23 19:00:00,0.90132,0.90214,0.90123,0.90205,1192,16,0
2023-05-23 19:30:00,0.90206,0.90211,0.90116,0.90155,1074,16,0
2023-05-23 20:00:00,0.90154,0.90177,0.90123,0.90151,1197,16,0
2023-05-23 20:30:00,0.90151,0.9016,0.90113,0.90128,1012,16,0
2023-05-23 21:00:00,0.90128,0.90161,0.90114,0.90125,1001,16,0
2023-05-23 21:30:00,0.90126,0.90138,0.90104,0.90112,799,16,0
2023-05-23 22:00:00,0.90111,0.90173,0.90104,0.90168,945,16,0
2023-05-23 22:30:00,0.90169,0.902,0.90166,0.90191,696,16,0
2023-05-23 23:00:00,0.9019,0.90192,0.90131,0.90131,660,18,0
2023-05-23 23:30:00,0.90131,0.90147,0.90117,0.90117,258,22,0
2023-05-24 00:00:00,0.90098,0.90164,0.90098,0.90133,98,34,0
2023-05-24 00:30:00,0.90117,0.90132,0.90102,0.90117,195,31,0
2023-05-24 01:00:00,0.90118,0.90139,0.90116,0.90127,373,16,0
2023-05-24 01:30:00,0.90126,0.90133,0.90124,0.90132,204,19,0
2023-05-24 02:00:00,0.90134,0.9014,0.90107,0.90135,476,17,0
2023-05-24 02:30:00,0.90136,0.90154,0.90135,0.90141,273,16,0
2023-05-24 03:00:00,0.90142,0.90147,0.90066,0.90075,655,16,0
2023-05-24 03:30:00,0.90074,0.9011,0.90057,0.901,710,16,0
2023-05-24 04:00:00,0.90099,0.9014,0.90074,0.90121,1043,16,0
2023-05-24 04:30:00,0.9012,0.90129,0.90093,0.901,935,17,0
2023-05-24 05:00:00,0.90103,0.90143,0.90078,0.9008,1437,16,0
2023-05-24 05:30:00,0.90079,0.90114,0.90074,0.90084,1127,16,0
2023-05-24 06:00:00,0.90082,0.90102,0.90061,0.90075,988,21,0
2023-05-24 06:30:00,0.90073,0.90089,0.90066,0.90077,696,21,0
2023-05-24 07:00:00,0.90077,0.90103,0.90075,0.90075,668,21,0
2023-05-24 07:30:00,0.90073,0.90092,0.90072,0.90084,494,16,0
2023-05-24 08:00:00,0.90083,0.90094,0.90059,0.90086,847,16,0
2023-05-24 08:30:00,0.90087,0.90095,0.90043,0.9007,932,17,0
2023-05-24 09:00:00,0.9007,0.90137,0.90038,0.90099,2206,16,0
2023-05-24 09:30:00,0.901,0.90201,0.90072,0.90189,2125,16,0
2023-05-24 10:00:00,0.90189,0.90224,0.9011,0.90159,3075,16,0
2023-05-24 10:30:00,0.90158,0.90212,0.90074,0.90113,2851,16,0
2023-05-24 11:00:00,0.90114,0.90148,0.90053,0.90075,2763,16,0
2023-05-24 11:30:00,0.90076,0.9021,0.90074,0.90192,2034,16,0
2023-05-24 12:00:00,0.90193,0.90286,0.90164,0.90186,1644,16,0
2023-05-24 12:30:00,0.90188,0.90258,0.9017,0.90235,1184,16,0
2023-05-24 13:00:00,0.90236,0.90365,0.9023,0.90304,2461,16,0
2023-05-24 13:30:00,0.90305,0.90356,0.90297,0.90343,1177,17,0
2023-05-24 14:00:00,0.90344,0.90346,0.90205,0.90214,1495,16,0
2023-05-24 14:30:00,0.90213,0.90313,0.90195,0.90226,1579,16,0
2023-05-24 15:00:00,0.90224,0.90287,0.90157,0.90244,2532,16,0
2023-05-24 15:30:00,0.90241,0.90273,0.90199,0.90248,2306,16,0
2023-05-24 16:00:00,0.90248,0.90321,0.90221,0.90293,2046,16,0
2023-05-24 16:30:00,0.90293,0.90486,0.90278,0.90476,2706,16,0
2023-05-24 17:00:00,0.90474,0.90509,0.90425,0.90483,2493,16,0
2023-05-24 17:30:00,0.90484,0.90532,0.9042,0.90449,2679,16,0
2023-05-24 18:00:00,0.9045,0.90509,0.90413,0.90487,2221,16,0
2023-05-24 18:30:00,0.90486,0.90596,0.90485,0.90579,2150,16,0
2023-05-24 19:00:00,0.90581,0.90661,0.90546,0.9066,1709,16,0
2023-05-24 19:30:00,0.9066,0.90662,0.90526,0.90581,1259,16,0
2023-05-24 20:00:00,0.90581,0.90598,0.90476,0.9049,1560,16,0
2023-05-24 20:30:00,0.9049,0.90517,0.90465,0.90481,1015,16,0
2023-05-24 21:00:00,0.90479,0.90529,0.90393,0.90397,1965,16,0
2023-05-24 21:30:00,0.90394,0.90524,0.90369,0.90508,1146,16,0
2023-05-24 22:00:00,0.90507,0.90535,0.90468,0.90482,1215,16,0
2023-05-24 22:30:00,0.90481,0.90491,0.90436,0.90491,1445,16,0
2023-05-24 23:00:00,0.9049,0.90507,0.90469,0.90499,457,19,0
2023-05-24 23:30:00,0.90498,0.90507,0.90438,0.90496,445,23,0
2023-05-25 00:00:00,0.90472,0.90485,0.9047,0.90471,19,37,0
2023-05-25 00:30:00,0.90471,0.9051,0.9047,0.90489,479,28,0
2023-05-25 01:00:00,0.9049,0.90524,0.90468,0.90504,740,21,0
2023-05-25 01:30:00,0.90505,0.90505,0.90417,0.90443,986,21,0
2023-05-25 02:00:00,0.90442,0.90451,0.90413,0.90443,549,21,0
2023-05-25 02:30:00,0.90443,0.90454,0.90421,0.90424,543,23,0
2023-05-25 03:00:00,0.90425,0.90467,0.90423,0.90454,702,21,0
2023-05-25 03:30:00,0.90454,0.9049,0.90426,0.9043,784,21,0
2023-05-25 04:00:00,0.90431,0.9051,0.9038,0.90491,1192,21,0
2023-05-25 04:30:00,0.9049,0.90553,0.90455,0.90526,1195,21,0
2023-05-25 05:00:00,0.90528,0.90547,0.9052,0.90523,717,21,0
2023-05-25 05:30:00,0.90524,0.90568,0.90502,0.90567,587,22,0
2023-05-25 06:00:00,0.90564,0.90637,0.90559,0.90628,971,21,0
2023-05-25 06:30:00,0.90628,0.90635,0.90604,0.90621,749,22,0
2023-05-25 07:00:00,0.9062,0.90629,0.9061,0.90618,310,16,0
2023-05-25 07:30:00,0.90617,0.90638,0.9061,0.90624,423,16,0
2023-05-25 08:00:00,0.90625,0.90652,0.90591,0.9063,893,16,0
2023-05-25 08:30:00,0.90629,0.90637,0.90596,0.9061,858,16,0
2023-05-25 09:00:00,0.90609,0.90678,0.90598,0.90613,1779,16,0
2023-05-25 09:30:00,0.90612,0.90631,0.90513,0.90602,1586,16,0
2023-05-25 10:00:00,0.90602,0.90659,0.90531,0.90546,2091,16,0
2023-05-25 10:30:00,0.90544,0.90567,0.90496,0.90499,1664,16,0
2023-05-25 11:00:00,0.90499,0.90536,0.90448,0.90486,1684,16,0
2023-05-25 11:30:00,0.90487,0.90584,0.90461,0.9057,1411,16,0
2023-05-25 12:00:00,0.90572,0.9063,0.90537,0.90589,1312,16,0
2023-05-25 12:30:00,0.90589,0.90604,0.90545,0.90569,1088,16,0
2023-05-25 13:00:00,0.90568,0.9061,0.90545,0.90564,909,16,0
2023-05-25 13:30:00,0.90564,0.90599,0.90556,0.90598,721,16,0
2023-05-25 14:00:00,0.90598,0.90608,0.9055,0.90551,867,16,0
2023-05-25 14:30:00,0.90552,0.90559,0.90478,0.90483,957,16,0
2023-05-25 15:00:00,0.90483,0.90505,0.90368,0.90406,2252,16,0
2023-05-25 15:30:00,0.90406,0.90684,0.90389,0.9063,4965,16,0
2023-05-25 16:00:00,0.90631,0.90654,0.90482,0.90583,2720,16,0
2023-05-25 16:30:00,0.90582,0.90689,0.90556,0.90636,2542,16,0
2023-05-25 17:00:00,0.90635,0.90639,0.90489,0.90502,2331,16,0
2023-05-25 17:30:00,0.90503,0.9053,0.90445,0.9049,2863,16,0
2023-05-25 18:00:00,0.90491,0.90624,0.90484,0.90624,2012,16,0
2023-05-25 18:30:00,0.90625,0.90632,0.90572,0.90591,1327,16,0
2023-05-25 19:00:00,0.90592,0.90654,0.90587,0.90631,927,16,0
2023-05-25 19:30:00,0.9063,0.90725,0.90595,0.90708,1088,16,0
2023-05-25 20:00:00,0.90708,0.9071,0.90633,0.90633,1499,16,0
2023-05-25 20:30:00,0.90633,0.90633,0.90594,0.90604,806,16,0
2023-05-25 21:00:00,0.90604,0.90639,0.90575,0.90603,587,16,0
2023-05-25 21:30:00,0.90603,0.90642,0.90594,0.90627,584,16,0
2023-05-25 22:00:00,0.90626,0.90656,0.90609,0.90624,761,16,0
2023-05-25 22:30:00,0.90624,0.90656,0.906,0.90601,1114,16,0
2023-05-25 23:00:00,0.906,0.90621,0.90587,0.90603,502,19,0
2023-05-25 23:30:00,0.90602,0.90606,0.90538,0.90552,494,21,0
2023-05-26 00:00:00,0.90528,0.90535,0.90525,0.90525,4,61,0
2023-05-26 00:30:00,0.90521,0.90557,0.90512,0.9052,658,44,0
2023-05-26 01:00:00,0.90511,0.90561,0.90505,0.90556,1110,16,0
2023-05-26 01:30:00,0.90555,0.90557,0.90522,0.90524,940,16,0
2023-05-26 02:00:00,0.90524,0.90531,0.90489,0.90497,587,16,0
2023-05-26 02:30:00,0.905,0.90523,0.90495,0.90504,527,16,0
2023-05-26 03:00:00,0.90503,0.9055,0.90485,0.90509,456,16,0
2023-05-26 03:30:00,0.90509,0.90562,0.90492,0.90514,940,16,0
2023-05-26 04:00:00,0.90513,0.90513,0.90442,0.90482,1023,16,0
2023-05-26 04:30:00,0.90482,0.90507,0.90457,0.9046,957,16,0
2023-05-26 05:00:00,0.90461,0.90464,0.90424,0.90454,978,17,0
2023-05-26 05:30:00,0.90455,0.90518,0.90446,0.90494,1006,17,0
2023-05-26 06:00:00,0.90497,0.90502,0.9046,0.90466,543,17,0
2023-05-26 06:30:00,0.90468,0.905,0.90456,0.90458,1113,17,0
2023-05-26 07:00:00,0.90459,0.90464,0.90434,0.90459,315,18,0
2023-05-26 07:30:00,0.9046,0.90467,0.90443,0.90449,509,16,0
2023-05-26 08:00:00,0.90448,0.90476,0.90408,0.90424,913,16,0
2023-05-26 08:30:00,0.90424,0.90474,0.90421,0.90466,880,16,0
2023-05-26 09:00:00,0.90467,0.90516,0.90415,0.90435,1421,16,0
2023-05-26 09:30:00,0.90436,0.90533,0.9043,0.90487,1794,16,0
2023-05-26 10:00:00,0.90487,0.90539,0.9038,0.9041,1914,16,0
2023-05-26 10:30:00,0.90409,0.9041,0.90177,0.9028,1957,16,0
2023-05-26 11:00:00,0.9028,0.90439,0.90278,0.90423,1892,16,0
2023-05-26 11:30:00,0.90423,0.90437,0.9033,0.90384,1625,16,0
2023-05-26 12:00:00,0.90384,0.90418,0.90294,0.90296,1329,16,0
2023-05-26 12:30:00,0.90296,0.90329,0.90273,0.90292,1231,16,0
2023-05-26 13:00:00,0.90293,0.9039,0.90266,0.90267,1422,16,0
2023-05-26 13:30:00,0.90265,0.90272,0.90205,0.90271,1311,16,0
2023-05-26 14:00:00,0.90271,0.9032,0.90229,0.90267,1219,16,0
2023-05-26 14:30:00,0.90264,0.90296,0.90196,0.90245,1296,16,0
2023-05-26 15:00:00,0.90245,0.90285,0.90206,0.90207,1689,16,0
2023-05-26 15:30:00,0.90207,0.9043,0.90194,0.90352,2222,16,0
2023-05-26 16:00:00,0.90351,0.90502,0.90302,0.90398,2407,16,0
2023-05-26 16:30:00,0.90399,0.9054,0.90388,0.90496,2531,16,0
2023-05-26 17:00:00,0.90498,0.90498,0.90345,0.90431,2963,16,0
2023-05-26 17:30:00,0.90433,0.9071,0.90411,0.90702,3124,16,0
2023-05-26 18:00:00,0.90701,0.90736,0.90653,0.90683,2245,16,0
2023-05-26 18:30:00,0.90682,0.90687,0.90577,0.9059,1101,16,0
2023-05-26 19:00:00,0.9059,0.9059,0.90534,0.9055,969,16,0
2023-05-26 19:30:00,0.9055,0.90565,0.90518,0.90539,618,16,0
2023-05-26 20:00:00,0.90538,0.90544,0.90457,0.90507,848,16,0
2023-05-26 20:30:00,0.90507,0.9054,0.90493,0.90526,628,16,0
2023-05-26 21:00:00,0.90526,0.90531,0.90469,0.9047,407,16,0
2023-05-26 21:30:00,0.9047,0.90493,0.90451,0.90464,380,16,0
2023-05-26 22:00:00,0.90464,0.90487,0.90455,0.90481,406,16,0
2023-05-26 22:30:00,0.90482,0.90491,0.9046,0.90485,372,17,0
2023-05-26 23:00:00,0.90485,0.90498,0.9048,0.90492,244,17,0
2023-05-26 23:30:00,0.90494,0.90514,0.90465,0.90483,870,23,0
2023-05-29 00:00:00,0.90478,0.905,0.90478,0.905,2,121,0
2023-05-29 00:30:00,0.90484,0.90487,0.90447,0.90447,10,121,0
2023-05-29 01:00:00,0.90465,0.90557,0.90435,0.90507,1253,27,0
2023-05-29 01:30:00,0.90507,0.9056,0.90506,0.90554,536,18,0
2023-05-29 02:00:00,0.90554,0.90575,0.90533,0.90537,320,17,0
2023-05-29 02:30:00,0.90537,0.9058,0.90532,0.9058,392,17,0
2023-05-29 03:00:00,0.90581,0.90612,0.90576,0.90595,367,16,0
2023-05-29 03:30:00,0.90595,0.90596,0.90554,0.90578,545,16,0
2023-05-29 04:00:00,0.90578,0.90591,0.90517,0.90527,710,16,0
2023-05-29 04:30:00,0.90526,0.90555,0.90516,0.90518,656,16,0
2023-05-29 05:00:00,0.90517,0.90525,0.90501,0.90507,645,17,0
2023-05-29 05:30:00,0.9051,0.90535,0.90496,0.90524,492,17,0
2023-05-29 06:00:00,0.90526,0.90526,0.90504,0.90518,361,17,0
2023-05-29 06:30:00,0.90521,0.90533,0.90505,0.90515,226,16,0
2023-05-29 07:00:00,0.90517,0.90519,0.90498,0.90503,287,17,0
2023-05-29 07:30:00,0.90504,0.9051,0.90477,0.90479,566,16,0
2023-05-29 08:00:00,0.90479,0.90484,0.90443,0.90459,510,18,0
2023-05-29 08:30:00,0.90458,0.90492,0.90451,0.90463,840,18,0
2023-05-29 09:00:00,0.90464,0.90469,0.90396,0.90404,938,16,0
2023-05-29 09:30:00,0.90405,0.90451,0.90397,0.9044,871,16,0
2023-05-29 10:00:00,0.90439,0.90498,0.90417,0.90427,1176,16,0
2023-05-29 10:30:00,0.90426,0.90472,0.90426,0.90427,808,16,0
2023-05-29 11:00:00,0.90427,0.90515,0.90368,0.9037,1208,16,0
2023-05-29 11:30:00,0.90371,0.90387,0.90306,0.90325,957,17,0
2023-05-29 12:00:00,0.90324,0.90385,0.90311,0.90348,853,16,0
2023-05-29 12:30:00,0.90349,0.90369,0.90319,0.90333,1122,17,0
2023-05-29 13:00:00,0.90334,0.90398,0.90322,0.90393,819,16,0
2023-05-29 13:30:00,0.90392,0.90427,0.9037,0.90382,691,16,0
2023-05-29 14:00:00,0.90382,0.90387,0.90291,0.90298,1172,16,0
2023-05-29 14:30:00,0.90297,0.90351,0.90265,0.90349,810,16,0
2023-05-29 15:00:00,0.90349,0.90365,0.90324,0.90326,898,16,0
2023-05-29 15:30:00,0.90327,0.90372,0.90313,0.90335,683,16,0
2023-05-29 16:00:00,0.90335,0.90368,0.90325,0.90335,865,16,0
2023-05-29 16:30:00,0.90334,0.90381,0.90321,0.90352,961,16,0
2023-05-29 17:00:00,0.90352,0.90373,0.90334,0.90355,698,17,0
2023-05-29 17:30:00,0.90354,0.90421,0.90353,0.9042,614,16,0
2023-05-29 18:00:00,0.90418,0.90418,0.90359,0.90385,379,16,0
2023-05-29 18:30:00,0.90384,0.90386,0.90343,0.90349,756,16,0
2023-05-29 19:00:00,0.90348,0.90373,0.9034,0.90369,794,19,0
2023-05-29 19:30:00,0.90369,0.90377,0.90357,0.90376,402,16,0
2023-05-29 20:00:00,0.90376,0.90378,0.90363,0.9037,359,16,0
2023-05-29 20:30:00,0.9037,0.90377,0.90368,0.9037,86,19,0
2023-05-29 21:00:00,0.90371,0.9038,0.9037,0.9038,90,17,0
2023-05-29 21:30:00,0.9038,0.9041,0.90376,0.9041,97,21,0
2023-05-29 22:00:00,0.90409,0.9042,0.90401,0.90405,264,18,0
2023-05-29 22:30:00,0.90405,0.90444,0.90405,0.9042,378,18,0
2023-05-29 23:00:00,0.90418,0.90439,0.9041,0.90439,274,17,0
2023-05-29 23:30:00,0.90437,0.90437,0.90392,0.90392,393,22,0
2023-05-30 00:00:00,0.90372,0.90372,0.90301,0.90365,58,80,0
2023-05-30 00:30:00,0.90372,0.9042,0.90372,0.9041,342,44,0
2023-05-30 01:00:00,0.90411,0.90424,0.90388,0.90424,188,21,0
2023-05-30 01:30:00,0.90424,0.90428,0.90415,0.90424,731,19,0
2023-05-30 02:00:00,0.90424,0.90433,0.90418,0.90423,239,19,0
2023-05-30 02:30:00,0.90425,0.90458,0.90425,0.90446,234,18,0
2023-05-30 03:00:00,0.90448,0.90468,0.90345,0.90377,844,17,0
2023-05-30 03:30:00,0.90376,0.9041,0.90344,0.90379,903,16,0
2023-05-30 04:00:00,0.90379,0.9038,0.90345,0.90345,552,16,0
2023-05-30 04:30:00,0.90345,0.90352,0.90302,0.90336,896,17,0
2023-05-30 05:00:00,0.90334,0.9034,0.90313,0.90328,532,17,0
2023-05-30 05:30:00,0.90328,0.90352,0.90318,0.90329,510,17,0
2023-05-30 06:00:00,0.90329,0.90397,0.90325,0.9038,594,17,0
2023-05-30 06:30:00,0.90382,0.90445,0.90381,0.90404,689,16,0
2023-05-30 07:00:00,0.90405,0.90432,0.90392,0.90414,478,18,0
2023-05-30 07:30:00,0.90414,0.90422,0.90391,0.90397,489,16,0
2023-05-30 08:00:00,0.90397,0.90551,0.90397,0.90532,886,16,0
2023-05-30 08:30:00,0.90532,0.90629,0.9051,0.90581,1282,16,0
2023-05-30 09:00:00,0.9058,0.90652,0.90572,0.90615,1953,16,0
2023-05-30 09:30:00,0.90615,0.90617,0.90493,0.90516,1522,16,0
2023-05-30 10:00:00,0.90516,0.90792,0.90449,0.90779,2874,16,0
2023-05-30 10:30:00,0.90778,0.90834,0.90622,0.90635,2766,16,0
2023-05-30 11:00:00,0.90636,0.90657,0.90526,0.90559,2104,16,0
2023-05-30 11:30:00,0.9056,0.90581,0.90455,0.90469,1649,16,0
2023-05-30 12:00:00,0.90475,0.90554,0.90324,0.90337,2377,16,0
2023-05-30 12:30:00,0.90336,0.90372,0.90239,0.9027,1890,16,0
2023-05-30 13:00:00,0.90269,0.9027,0.90134,0.9024,2053,16,0
2023-05-30 13:30:00,0.90241,0.90245,0.90147,0.90234,1808,16,0
2023-05-30 14:00:00,0.90234,0.90282,0.90185,0.9027,2068,17,0
2023-05-30 14:30:00,0.90269,0.90287,0.90201,0.90212,2001,16,0
2023-05-30 15:00:00,0.90212,0.90312,0.90165,0.90289,2278,16,0
2023-05-30 15:30:00,0.90287,0.90314,0.90218,0.90303,2084,16,0
2023-05-30 16:00:00,0.90303,0.90334,0.90234,0.90308,2313,16,0
2023-05-30 16:30:00,0.90306,0.90376,0.90281,0.90346,2380,16,0
2023-05-30 17:00:00,0.90347,0.90424,0.9031,0.90331,2818,16,0
2023-05-30 17:30:00,0.90332,0.90421,0.90244,0.90387,2683,16,0
2023-05-30 18:00:00,0.9039,0.90476,0.9036,0.90435,1669,16,0
2023-05-30 18:30:00,0.90435,0.905,0.90414,0.90482,1067,16,0
2023-05-30 19:00:00,0.9048,0.9051,0.90451,0.90493,1107,16,0
2023-05-30 19:30:00,0.90497,0.9063,0.90489,0.90628,1035,16,0
2023-05-30 20:00:00,0.90628,0.90685,0.90617,0.90646,1119,16,0
2023-05-30 20:30:00,0.90646,0.90655,0.90602,0.90645,986,16,0
2023-05-30 21:00:00,0.90644,0.90648,0.90622,0.90633,575,16,0
2023-05-30 21:30:00,0.90633,0.90647,0.90603,0.90616,471,16,0
2023-05-30 22:00:00,0.90614,0.90619,0.90551,0.90562,961,16,0
2023-05-30 22:30:00,0.90562,0.90605,0.90551,0.90566,800,16,0
2023-05-30 23:00:00,0.90565,0.90622,0.90565,0.90587,580,17,0
2023-05-30 23:30:00,0.90585,0.90591,0.90561,0.90561,423,21,0
2023-05-31 00:00:00,0.90561,0.90582,0.90545,0.90557,112,42,0
2023-05-31 00:30:00,0.90556,0.90585,0.90554,0.9058,60,28,0
2023-05-31 01:00:00,0.90583,0.90616,0.90561,0.90607,389,16,0
2023-05-31 01:30:00,0.90607,0.90607,0.90585,0.90599,291,20,0
2023-05-31 02:00:00,0.906,0.90613,0.90586,0.90595,233,16,0
2023-05-31 02:30:00,0.90594,0.90612,0.90578,0.90601,476,16,0
2023-05-31 03:00:00,0.90602,0.90663,0.90589,0.9063,595,16,0
2023-05-31 03:30:00,0.90629,0.90636,0.90548,0.90564,476,16,0
2023-05-31 04:00:00,0.90565,0.90597,0.90547,0.90585,436,16,0
2023-05-31 04:30:00,0.90582,0.90708,0.9056,0.90692,1041,16,0
2023-05-31 05:00:00,0.90692,0.90753,0.90684,0.90746,833,16,0
2023-05-31 05:30:00,0.90746,0.90778,0.90742,0.90742,480,16,0
2023-05-31 06:00:00,0.90744,0.90804,0.9074,0.90785,429,16,0
2023-05-31 06:30:00,0.90786,0.90814,0.90784,0.90803,413,16,0
2023-05-31 07:00:00,0.90803,0.90825,0.90803,0.90822,553,16,0
2023-05-31 07:30:00,0.90823,0.90848,0.90799,0.90816,764,16,0
2023-05-31 08:00:00,0.90815,0.90841,0.90806,0.9083,562,16,0
2023-05-31 08:30:00,0.9083,0.90868,0.90758,0.90772,1430,16,0
2023-05-31 09:00:00,0.90771,0.90875,0.90771,0.90865,2093,16,0
2023-05-31 09:30:00,0.90866,0.9093,0.90843,0.90927,1641,16,0
2023-05-31 10:00:00,0.90929,0.91003,0.90925,0.90998,2035,16,0
2023-05-31 10:30:00,0.90997,0.91167,0.90995,0.91152,1918,16,0
2023-05-31 11:00:00,0.91151,0.91165,0.91056,0.91077,1842,16,0
2023-05-31 11:30:00,0.91078,0.91184,0.9106,0.91118,1522,16,0
2023-05-31 12:00:00,0.91116,0.91116,0.91036,0.91048,1532,16,0
2023-05-31 12:30:00,0.91049,0.91146,0.91036,0.91036,1454,16,0
2023-05-31 13:00:00,0.91036,0.91141,0.91033,0.91062,1033,16,0
2023-05-31 13:30:00,0.91063,0.91064,0.9102,0.9103,801,16,0
2023-05-31 14:00:00,0.9103,0.9104,0.90985,0.90989,979,16,0
2023-05-31 14:30:00,0.90989,0.91037,0.90977,0.91001,1294,16,0
2023-05-31 15:00:00,0.91001,0.91063,0.90977,0.91043,1288,16,0
2023-05-31 15:30:00,0.91046,0.91093,0.91005,0.91063,1400,16,0
2023-05-31 16:00:00,0.91063,0.91112,0.9103,0.9105,1712,16,0
2023-05-31 16:30:00,0.91048,0.91144,0.90952,0.91075,2734,16,0
2023-05-31 17:00:00,0.91073,0.91352,0.91073,0.91239,5147,16,0
2023-05-31 17:30:00,0.9124,0.91423,0.91041,0.91399,4021,16,0
2023-05-31 18:00:00,0.91398,0.91446,0.91333,0.91361,2865,16,0
2023-05-31 18:30:00,0.91361,0.91385,0.91223,0.91289,2042,16,0
2023-05-31 19:00:00,0.9129,0.91396,0.91284,0.91388,1663,16,0
2023-05-31 19:30:00,0.91388,0.91467,0.91376,0.91423,1163,16,0
2023-05-31 20:00:00,0.91421,0.9144,0.91275,0.91279,1492,16,0
2023-05-31 20:30:00,0.91278,0.91288,0.91118,0.91149,2360,16,0
2023-05-31 21:00:00,0.91149,0.91174,0.9108,0.91089,1709,16,0
2023-05-31 21:30:00,0.9109,0.91115,0.91044,0.91115,1364,16,0
2023-05-31 22:00:00,0.91116,0.91151,0.91083,0.91086,890,16,0
2023-05-31 22:30:00,0.91088,0.91099,0.91029,0.91077,961,16,0
2023-05-31 23:00:00,0.91079,0.91082,0.91027,0.91048,567,17,0
2023-05-31 23:30:00,0.91049,0.91054,0.91029,0.91045,451,22,0
2023-06-01 00:00:00,0.91045,0.91047,0.90985,0.91044,62,57,0
2023-06-01 00:30:00,0.91045,0.91073,0.91028,0.91033,409,44,0
2023-06-01 01:00:00,0.91036,0.91047,0.91016,0.91036,491,17,0
2023-06-01 01:30:00,0.91037,0.91042,0.90998,0.91038,653,16,0
2023-06-01 02:00:00,0.91037,0.91041,0.90998,0.91005,402,16,0
2023-06-01 02:30:00,0.91005,0.91018,0.90988,0.90992,249,16,0
2023-06-01 03:00:00,0.90992,0.91031,0.90985,0.9101,534,16,0
2023-06-01 03:30:00,0.9101,0.91049,0.91008,0.91044,546,16,0
2023-06-01 04:00:00,0.91045,0.91058,0.91025,0.91045,600,16,0
2023-06-01 04:30:00,0.91043,0.91111,0.91035,0.91049,1247,16,0
2023-06-01 05:00:00,0.9105,0.91076,0.91033,0.9107,791,16,0
2023-06-01 05:30:00,0.9107,0.9107,0.9104,0.91048,694,16,0
2023-06-01 06:00:00,0.91049,0.91056,0.91025,0.91038,303,17,0
2023-06-01 06:30:00,0.91038,0.91098,0.91038,0.91083,370,16,0
2023-06-01 07:00:00,0.91083,0.91093,0.91046,0.91054,342,18,0
2023-06-01 07:30:00,0.91053,0.91095,0.91047,0.91086,401,17,0
2023-06-01 08:00:00,0.91085,0.91103,0.91062,0.91082,695,16,0
2023-06-01 08:30:00,0.91082,0.9112,0.91063,0.91089,849,16,0
2023-06-01 09:00:00,0.91089,0.91131,0.91054,0.91087,1215,16,0
2023-06-01 09:30:00,0.91087,0.91127,0.91049,0.91089,1402,16,0
2023-06-01 10:00:00,0.9109,0.911,0.91008,0.91062,1933,16,0
2023-06-01 10:30:00,0.91061,0.91132,0.91035,0.91081,1738,16,0
2023-06-01 11:00:00,0.9108,0.91103,0.91036,0.91068,1622,16,0
2023-06-01 11:30:00,0.91069,0.91098,0.90991,0.91002,1278,16,0
2023-06-01 12:00:00,0.91,0.91049,0.90949,0.90978,1284,16,0
2023-06-01 12:30:00,0.90976,0.90979,0.90817,0.90836,1448,16,0
2023-06-01 13:00:00,0.90836,0.90888,0.90812,0.90849,1215,16,0
2023-06-01 13:30:00,0.90847,0.90847,0.90775,0.90805,1366,16,0
2023-06-01 14:00:00,0.90804,0.90809,0.90742,0.90769,972,16,0
2023-06-01 14:30:00,0.90768,0.90809,0.90744,0.90796,1121,16,0
2023-06-01 15:00:00,0.90797,0.91106,0.9078,0.91009,3094,16,0
2023-06-01 15:30:00,0.91009,0.91033,0.90829,0.9086,3461,16,0
2023-06-01 16:00:00,0.90857,0.91007,0.90817,0.90895,2035,16,0
2023-06-01 16:30:00,0.90894,0.90926,0.90754,0.90876,2930,16,0
2023-06-01 17:00:00,0.90877,0.90932,0.90729,0.90897,4158,18,0
2023-06-01 17:30:00,0.90896,0.90989,0.90848,0.90872,2244,16,0
2023-06-01 18:00:00,0.90873,0.9092,0.90819,0.90868,1821,16,0
2023-06-01 18:30:00,0.90868,0.90874,0.90702,0.90764,1862,16,0
2023-06-01 19:00:00,0.90766,0.90766,0.90682,0.9075,1579,16,0
2023-06-01 19:30:00,0.9075,0.90752,0.9066,0.90695,1298,16,0
2023-06-01 20:00:00,0.90696,0.90728,0.90665,0.90674,1042,16,0
2023-06-01 20:30:00,0.90675,0.90693,0.90627,0.9063,608,16,0
2023-06-01 21:00:00,0.9063,0.90631,0.90534,0.90548,712,16,0
2023-06-01 21:30:00,0.90549,0.90595,0.9053,0.90591,576,16,0
2023-06-01 22:00:00,0.9059,0.90642,0.90586,0.90611,567,16,0
2023-06-01 22:30:00,0.90611,0.90628,0.90586,0.90601,508,16,0
2023-06-01 23:00:00,0.90601,0.90612,0.90582,0.90603,503,17,0
2023-06-01 23:30:00,0.90603,0.90603,0.90531,0.90531,941,22,0
2023-06-02 00:00:00,0.90531,0.90531,0.90501,0.90501,3,39,0
2023-06-02 00:30:00,0.90518,0.9057,0.90516,0.90527,895,44,0
2023-06-02 01:00:00,0.90522,0.90575,0.90522,0.90545,821,20,0
2023-06-02 01:30:00,0.90544,0.90571,0.90527,0.90527,238,19,0
2023-06-02 02:00:00,0.90527,0.90563,0.90527,0.90563,1154,18,0
2023-06-02 02:30:00,0.90562,0.90565,0.90543,0.90553,129,16,0
2023-06-02 03:00:00,0.90553,0.90573,0.9052,0.90547,461,16,0
2023-06-02 03:30:00,0.90547,0.90556,0.90493,0.90516,643,16,0
2023-06-02 04:00:00,0.90516,0.9054,0.90483,0.90523,696,16,0
2023-06-02 04:30:00,0.90523,0.90542,0.90478,0.90524,950,16,0
2023-06-02 05:00:00,0.90523,0.90535,0.90482,0.90487,510,16,0
2023-06-02 05:30:00,0.90486,0.90494,0.90458,0.90469,416,16,0
2023-06-02 06:00:00,0.9047,0.9048,0.90413,0.9043,847,16,0
2023-06-02 06:30:00,0.9043,0.90476,0.90423,0.9043,531,16,0
2023-06-02 07:00:00,0.9043,0.90464,0.9043,0.90453,430,17,0
2023-06-02 07:30:00,0.90453,0.90483,0.90444,0.9046,884,16,0
2023-06-02 08:00:00,0.90461,0.90477,0.90441,0.90475,803,17,0
2023-06-02 08:30:00,0.90475,0.90494,0.90422,0.90434,991,16,0
2023-06-02 09:00:00,0.90429,0.90429,0.90346,0.904,1322,16,0
2023-06-02 09:30:00,0.90398,0.90423,0.90373,0.90392,959,16,0
2023-06-02 10:00:00,0.90391,0.90421,0.90349,0.90349,1515,16,0
2023-06-02 10:30:00,0.9035,0.90512,0.90339,0.90504,1894,16,0
2023-06-02 11:00:00,0.90505,0.90507,0.90407,0.90431,1227,16,0
2023-06-02 11:30:00,0.90431,0.90445,0.90378,0.90432,1064,16,0
2023-06-02 12:00:00,0.90431,0.90573,0.90418,0.9057,1569,16,0
2023-06-02 12:30:00,0.9057,0.9058,0.9052,0.90553,1657,16,0
2023-06-02 13:00:00,0.90553,0.90561,0.90497,0.90503,849,16,0
2023-06-02 13:30:00,0.90504,0.90568,0.90445,0.9054,1037,16,0
2023-06-02 14:00:00,0.90538,0.90625,0.90534,0.9059,1091,16,0
2023-06-02 14:30:00,0.90589,0.90687,0.90589,0.90675,1326,16,0
2023-06-02 15:00:00,0.90675,0.90677,0.90569,0.90577,1836,16,0
2023-06-02 15:30:00,0.90593,0.90851,0.90576,0.90727,6371,16,0
2023-06-02 16:00:00,0.90727,0.90729,0.90483,0.90495,3178,16,0
2023-06-02 16:30:00,0.90496,0.90769,0.90463,0.90752,4079,16,0
2023-06-02 17:00:00,0.90751,0.90878,0.90655,0.90828,3267,16,0
2023-06-02 17:30:00,0.90827,0.9085,0.90708,0.90715,2611,16,0
2023-06-02 18:00:00,0.90715,0.90743,0.90671,0.90698,1729,16,0
2023-06-02 18:30:00,0.90697,0.90803,0.90692,0.90748,1460,16,0
2023-06-02 19:00:00,0.90747,0.90889,0.90746,0.90867,1310,16,0
2023-06-02 19:30:00,0.90867,0.90867,0.90825,0.90848,1008,16,0
2023-06-02 20:00:00,0.90847,0.9087,0.90796,0.90801,1330,16,0
2023-06-02 20:30:00,0.908,0.90885,0.90798,0.90879,793,16,0
2023-06-02 21:00:00,0.90879,0.90903,0.90856,0.90861,782,16,0
2023-06-02 21:30:00,0.9086,0.90881,0.90833,0.90868,1165,16,0
2023-06-02 22:00:00,0.90865,0.90892,0.90839,0.90891,484,16,0
2023-06-02 22:30:00,0.9089,0.90909,0.90866,0.9089,720,16,0
2023-06-02 23:00:00,0.90889,0.90903,0.90867,0.90887,550,17,0
2023-06-02 23:30:00,0.90888,0.90903,0.90853,0.90861,765,23,0
2023-06-05 00:00:00,0.90727,0.90787,0.90727,0.90787,3,141,0
2023-06-05 00:30:00,0.90771,0.90797,0.90768,0.90791,8,75,0
2023-06-05 01:00:00,0.90793,0.909,0.90793,0.90865,546,19,0
2023-06-05 01:30:00,0.90865,0.9092,0.90865,0.9092,263,17,0
2023-06-05 02:00:00,0.90921,0.90971,0.90913,0.90965,417,16,0
2023-06-05 02:30:00,0.90964,0.9099,0.90963,0.90974,558,17,0
2023-06-05 03:00:00,0.90973,0.91042,0.90968,0.91029,633,16,0
2023-06-05 03:30:00,0.91029,0.91043,0.90996,0.9101,476,16,0
2023-06-05 04:00:00,0.91009,0.91048,0.90964,0.91035,734,16,0
2023-06-05 04:30:00,0.91035,0.91048,0.90988,0.91002,886,16,0
2023-06-05 05:00:00,0.91001,0.91016,0.90978,0.90999,1943,16,0
2023-06-05 05:30:00,0.91,0.91015,0.90977,0.90983,896,16,0
2023-06-05 06:00:00,0.90983,0.90985,0.90957,0.90977,433,16,0
2023-06-05 06:30:00,0.90976,0.90977,0.90941,0.90947,558,18,0
2023-06-05 07:00:00,0.90948,0.90992,0.90945,0.90972,1151,17,0
2023-06-05 07:30:00,0.90971,0.91001,0.9096,0.90991,209,16,0
2023-06-05 08:00:00,0.9099,0.91032,0.90988,0.90999,357,16,0
2023-06-05 08:30:00,0.91,0.91068,0.90986,0.91061,732,16,0
2023-06-05 09:00:00,0.91063,0.91154,0.91044,0.91084,1795,16,0
2023-06-05 09:30:00,0.91084,0.9114,0.90938,0.91001,1471,16,0
2023-06-05 10:00:00,0.91002,0.91186,0.90971,0.91158,2354,16,0
2023-06-05 10:30:00,0.91156,0.91181,0.91073,0.91078,2037,16,0
2023-06-05 11:00:00,0.91077,0.91114,0.91008,0.91077,1795,16,0
2023-06-05 11:30:00,0.91078,0.91123,0.91052,0.9107,1486,16,0
2023-06-05 12:00:00,0.91071,0.91129,0.91018,0.91027,1609,16,0
2023-06-05 12:30:00,0.91028,0.91048,0.90963,0.91038,1176,16,0
2023-06-05 13:00:00,0.91038,0.91144,0.9103,0.91142,1035,16,0
2023-06-05 13:30:00,0.91142,0.91172,0.91065,0.91093,1154,16,0
2023-06-05 14:00:00,0.91093,0.91121,0.91056,0.9112,921,16,0
2023-06-05 14:30:00,0.91119,0.91136,0.91042,0.91054,1133,16,0
2023-06-05 15:00:00,0.91051,0.91078,0.90999,0.91077,1254,16,0
2023-06-05 15:30:00,0.91078,0.91186,0.91076,0.91122,1283,16,0
2023-06-05 16:00:00,0.91122,0.91143,0.91039,0.91057,1464,16,0
2023-06-05 16:30:00,0.91061,0.91103,0.90992,0.91043,2282,16,0
2023-06-05 17:00:00,0.91046,0.91046,0.90552,0.90591,5461,16,0
2023-06-05 17:30:00,0.90592,0.90656,0.90515,0.90615,2901,16,0
2023-06-05 18:00:00,0.90616,0.90637,0.90574,0.90612,1721,16,0
2023-06-05 18:30:00,0.90612,0.90687,0.90572,0.90572,1408,16,0
2023-06-05 19:00:00,0.90572,0.90594,0.9054,0.90581,1333,16,0
2023-06-05 19:30:00,0.90582,0.90614,0.90569,0.9057,691,16,0
2023-06-05 20:00:00,0.9057,0.90573,0.90529,0.90565,1018,16,0
2023-06-05 20:30:00,0.90566,0.90573,0.90518,0.90523,530,16,0
2023-06-05 21:00:00,0.90523,0.90543,0.90516,0.90526,730,16,0
2023-06-05 21:30:00,0.90526,0.90557,0.90517,0.90557,742,16,0
2023-06-05 22:00:00,0.90557,0.90573,0.90534,0.90546,1265,16,0
2023-06-05 22:30:00,0.90546,0.90587,0.90519,0.90585,532,16,0
2023-06-05 23:00:00,0.90584,0.90604,0.90563,0.90598,261,19,0
2023-06-05 23:30:00,0.90598,0.90632,0.90589,0.90605,501,21,0
2023-06-06 00:00:00,0.90605,0.90605,0.90539,0.90553,23,48,0
2023-06-06 00:30:00,0.90545,0.90567,0.90545,0.90553,209,71,0
2023-06-06 01:00:00,0.90555,0.90653,0.90555,0.90637,1170,16,0
2023-06-06 01:30:00,0.90634,0.90639,0.90595,0.90608,512,16,0
2023-06-06 02:00:00,0.90608,0.90631,0.90591,0.90627,738,16,0
2023-06-06 02:30:00,0.90629,0.90629,0.90584,0.90597,217,16,0
2023-06-06 03:00:00,0.90597,0.90611,0.90591,0.90598,285,16,0
2023-06-06 03:30:00,0.90598,0.906,0.90569,0.90576,547,16,0
2023-06-06 04:00:00,0.90575,0.90579,0.90564,0.90575,338,16,0
2023-06-06 04:30:00,0.90575,0.90592,0.90561,0.90571,590,16,0
2023-06-06 05:00:00,0.9057,0.90571,0.90494,0.90529,614,16,0
2023-06-06 05:30:00,0.90529,0.90568,0.90524,0.90538,386,16,0
2023-06-06 06:00:00,0.90538,0.90556,0.90534,0.90537,372,16,0
2023-06-06 06:30:00,0.9054,0.90568,0.90539,0.90559,366,17,0
2023-06-06 07:00:00,0.90558,0.90563,0.90522,0.90531,328,16,0
2023-06-06 07:30:00,0.90531,0.90557,0.90481,0.90482,1449,16,0
2023-06-06 08:00:00,0.90481,0.90481,0.90418,0.90466,818,16,0
2023-06-06 08:30:00,0.90466,0.90481,0.90426,0.90438,846,16,0
2023-06-06 09:00:00,0.90437,0.90452,0.90347,0.90395,1571,16,0
2023-06-06 09:30:00,0.90394,0.90414,0.90349,0.90393,1345,16,0
2023-06-06 10:00:00,0.90394,0.90516,0.90326,0.90483,2821,16,0
2023-06-06 10:30:00,0.90484,0.90652,0.90447,0.90584,2857,16,0
2023-06-06 11:00:00,0.90583,0.90725,0.90555,0.90651,2489,16,0
2023-06-06 11:30:00,0.90652,0.90657,0.90595,0.90602,1638,16,0
2023-06-06 12:00:00,0.90602,0.90698,0.90581,0.90688,1341,16,0
2023-06-06 12:30:00,0.90688,0.90746,0.90665,0.90717,1398,16,0
2023-06-06 13:00:00,0.90718,0.90836,0.90712,0.90829,1114,16,0
2023-06-06 13:30:00,0.90828,0.9084,0.90733,0.9075,1405,16,0
2023-06-06 14:00:00,0.90751,0.90821,0.90724,0.90754,1221,16,0
2023-06-06 14:30:00,0.90754,0.9082,0.90728,0.90817,1327,16,0
2023-06-06 15:00:00,0.9082,0.90954,0.90754,0.90893,1856,16,0
2023-06-06 15:30:00,0.90892,0.9096,0.90851,0.90872,1975,16,0
2023-06-06 16:00:00,0.90872,0.90881,0.90795,0.90815,1640,16,0
2023-06-06 16:30:00,0.90815,0.90947,0.90801,0.90915,1818,16,0
2023-06-06 17:00:00,0.90913,0.90931,0.90835,0.90916,1795,16,0
2023-06-06 17:30:00,0.90914,0.90973,0.90845,0.90849,2000,16,0
2023-06-06 18:00:00,0.90848,0.9087,0.90791,0.90791,1466,16,0
2023-06-06 18:30:00,0.90791,0.90809,0.9074,0.90758,989,16,0
2023-06-06 19:00:00,0.90759,0.90775,0.90713,0.90767,962,16,0
2023-06-06 19:30:00,0.90766,0.90779,0.90748,0.90759,617,16,0
2023-06-06 20:00:00,0.9076,0.90785,0.90745,0.90768,448,16,0
2023-06-06 20:30:00,0.9077,0.90785,0.90758,0.9078,335,16,0
2023-06-06 21:00:00,0.9078,0.90784,0.90748,0.90771,409,17,0
2023-06-06 21:30:00,0.90772,0.90788,0.90739,0.90749,543,16,0
2023-06-06 22:00:00,0.90749,0.9076,0.90731,0.90744,387,17,0
2023-06-06 22:30:00,0.90743,0.90781,0.9074,0.90776,403,16,0
2023-06-06 23:00:00,0.90775,0.90776,0.90748,0.90754,221,18,0
2023-06-06 23:30:00,0.90754,0.90765,0.90738,0.90743,311,26,0
2023-06-07 00:00:00,0.90728,0.90751,0.9071,0.9073,56,50,0
2023-06-07 00:30:00,0.90728,0.90759,0.90728,0.90754,262,44,0
2023-06-07 01:00:00,0.90757,0.90757,0.90719,0.90733,202,18,0
2023-06-07 01:30:00,0.90733,0.90754,0.90729,0.90736,201,16,0
2023-06-07 02:00:00,0.90736,0.90751,0.90736,0.90741,114,18,0
2023-06-07 02:30:00,0.90741,0.90744,0.90699,0.90702,148,17,0
2023-06-07 03:00:00,0.90702,0.90702,0.90645,0.90662,556,16,0
2023-06-07 03:30:00,0.90663,0.90678,0.90623,0.90659,408,17,0
2023-06-07 04:00:00,0.90659,0.90664,0.9063,0.90635,832,18,0
2023-06-07 04:30:00,0.90635,0.90733,0.90623,0.90694,1054,16,0
2023-06-07 05:00:00,0.90694,0.9076,0.90694,0.90715,631,16,0
2023-06-07 05:30:00,0.90715,0.90725,0.90691,0.90692,1395,17,0
2023-06-07 06:00:00,0.90693,0.90714,0.90679,0.90691,552,17,0
2023-06-07 06:30:00,0.90691,0.90695,0.90668,0.90673,286,16,0
2023-06-07 07:00:00,0.90673,0.90679,0.90662,0.90677,182,17,0
2023-06-07 07:30:00,0.90677,0.90723,0.90677,0.90695,302,17,0
2023-06-07 08:00:00,0.90695,0.90774,0.90693,0.90763,667,18,0
2023-06-07 08:30:00,0.90763,0.90764,0.90714,0.90736,624,16,0
2023-06-07 09:00:00,0.90739,0.90844,0.90724,0.90799,1009,16,0
2023-06-07 09:30:00,0.90797,0.90863,0.90757,0.90767,1373,16,0
2023-06-07 10:00:00,0.90768,0.90866,0.90733,0.90803,1564,16,0
2023-06-07 10:30:00,0.90803,0.90803,0.90738,0.90762,1562,16,0
2023-06-07 11:00:00,0.90763,0.9082,0.90713,0.90778,1289,16,0
2023-06-07 11:30:00,0.90781,0.90786,0.9063,0.9063,1000,16,0
2023-06-07 12:00:00,0.90629,0.9068,0.90589,0.90632,1369,16,0
2023-06-07 12:30:00,0.90633,0.90675,0.90623,0.90638,940,16,0
2023-06-07 13:00:00,0.90639,0.90684,0.90584,0.90597,1104,16,0
2023-06-07 13:30:00,0.90596,0.90619,0.9053,0.9056,1205,16,0
2023-06-07 14:00:00,0.90559,0.90574,0.90505,0.90539,1242,16,0
2023-06-07 14:30:00,0.90537,0.90591,0.90529,0.90546,1204,16,0
2023-06-07 15:00:00,0.90546,0.90596,0.90493,0.90586,1534,16,0
2023-06-07 15:30:00,0.90586,0.90648,0.90544,0.90595,1914,16,0
2023-06-07 16:00:00,0.90595,0.90621,0.90538,0.90621,1492,16,0
2023-06-07 16:30:00,0.9062,0.90633,0.90432,0.90436,2477,16,0
2023-06-07 17:00:00,0.90436,0.90675,0.90422,0.90662,3907,16,0
2023-06-07 17:30:00,0.90663,0.90776,0.90648,0.90766,2557,16,0
2023-06-07 18:00:00,0.90765,0.90813,0.90736,0.90798,1573,16,0
2023-06-07 18:30:00,0.90798,0.90939,0.90797,0.90886,1412,16,0
2023-06-07 19:00:00,0.90886,0.90917,0.9085,0.90881,1094,16,0
2023-06-07 19:30:00,0.9088,0.90982,0.9085,0.90965,852,16,0
2023-06-07 20:00:00,0.90963,0.90984,0.90931,0.90946,878,16,0
2023-06-07 20:30:00,0.90947,0.90974,0.90931,0.90948,687,16,0
2023-06-07 21:00:00,0.90947,0.90984,0.90945,0.90973,662,16,0
2023-06-07 21:30:00,0.90974,0.90993,0.90953,0.90966,778,16,0
2023-06-07 22:00:00,0.90966,0.90984,0.90939,0.90978,503,16,0
2023-06-07 22:30:00,0.90977,0.9106,0.90974,0.9106,649,16,0
2023-06-07 23:00:00,0.91059,0.91062,0.90987,0.91002,450,18,0
2023-06-07 23:30:00,0.91002,0.91011,0.90983,0.90992,485,22,0
2023-06-08 00:00:00,0.90915,0.90965,0.90893,0.90953,192,32,0
2023-06-08 00:30:00,0.90951,0.90972,0.90905,0.90962,762,35,0
2023-06-08 01:00:00,0.90964,0.91004,0.9095,0.90976,732,18,0
2023-06-08 01:30:00,0.90975,0.90993,0.90966,0.90973,554,18,0
2023-06-08 02:00:00,0.90973,0.90999,0.90965,0.9099,273,17,0
2023-06-08 02:30:00,0.90989,0.90992,0.90941,0.90952,308,16,0
2023-06-08 03:00:00,0.90951,0.90953,0.9092,0.90926,339,16,0
2023-06-08 03:30:00,0.90926,0.90926,0.90895,0.90911,366,16,0
2023-06-08 04:00:00,0.90911,0.90951,0.90898,0.90949,553,17,0
2023-06-08 04:30:00,0.90952,0.90955,0.90907,0.90911,606,16,0
2023-06-08 05:00:00,0.90911,0.90942,0.90887,0.90925,468,16,0
2023-06-08 05:30:00,0.90925,0.9094,0.90916,0.90921,498,16,0
2023-06-08 06:00:00,0.90922,0.90934,0.90909,0.90914,371,16,0
2023-06-08 06:30:00,0.90916,0.90946,0.90913,0.90943,512,17,0
2023-06-08 07:00:00,0.90941,0.90971,0.90929,0.90941,249,16,0
2023-06-08 07:30:00,0.90941,0.90954,0.90915,0.90924,372,17,0
2023-06-08 08:00:00,0.90924,0.90928,0.90872,0.90872,594,16,0
2023-06-08 08:30:00,0.90874,0.90942,0.90853,0.9093,574,16,0
2023-06-08 09:00:00,0.9093,0.90975,0.90927,0.90973,736,16,0
2023-06-08 09:30:00,0.90972,0.9102,0.90882,0.91011,1025,16,0
2023-06-08 10:00:00,0.9101,0.91068,0.90974,0.91024,1877,16,0
2023-06-08 10:30:00,0.91024,0.91054,0.90918,0.90918,1123,16,0
2023-06-08 11:00:00,0.90917,0.90942,0.90863,0.90877,909,16,0
2023-06-08 11:30:00,0.90876,0.90878,0.90802,0.90857,1637,16,0
2023-06-08 12:00:00,0.90857,0.90956,0.90845,0.90925,1427,16,0
2023-06-08 12:30:00,0.90926,0.90983,0.90925,0.90952,1301,16,0
2023-06-08 13:00:00,0.90949,0.9097,0.90909,0.90948,940,16,0
2023-06-08 13:30:00,0.90949,0.90954,0.90898,0.90931,934,16,0
2023-06-08 14:00:00,0.90932,0.90996,0.90879,0.90887,1021,16,0
2023-06-08 14:30:00,0.90886,0.90917,0.90842,0.90889,1314,16,0
2023-06-08 15:00:00,0.90888,0.9089,0.90434,0.90513,2676,16,0
2023-06-08 15:30:00,0.90526,0.90526,0.90242,0.90275,3017,16,0
2023-06-08 16:00:00,0.90276,0.90289,0.90124,0.90206,2855,16,0
2023-06-08 16:30:00,0.90207,0.90226,0.90064,0.90116,3346,16,0
2023-06-08 17:00:00,0.90114,0.90151,0.89965,0.90008,2618,16,0
2023-06-08 17:30:00,0.90007,0.90098,0.89963,0.90098,2400,16,0
2023-06-08 18:00:00,0.90096,0.90116,0.90007,0.90058,1849,16,0
2023-06-08 18:30:00,0.90056,0.90059,0.89986,0.9003,1230,16,0
2023-06-08 19:00:00,0.90029,0.90064,0.89966,0.89972,847,16,0
2023-06-08 19:30:00,0.89973,0.90031,0.89965,0.90011,1106,16,0
2023-06-08 20:00:00,0.90014,0.90029,0.89982,0.89991,958,16,0
2023-06-08 20:30:00,0.89991,0.90021,0.89972,0.90012,1187,17,0
2023-06-08 21:00:00,0.90012,0.90013,0.89945,0.89957,591,16,0
2023-06-08 21:30:00,0.89958,0.89963,0.89906,0.89911,760,16,0
2023-06-08 22:00:00,0.89909,0.8995,0.89889,0.8993,631,16,0
2023-06-08 22:30:00,0.8993,0.89949,0.89892,0.89928,548,16,0
2023-06-08 23:00:00,0.8993,0.89938,0.8989,0.89909,502,18,0
2023-06-08 23:30:00,0.89908,0.89929,0.89888,0.89892,606,23,0
2023-06-09 00:00:00,0.89872,0.8989,0.89834,0.8988,61,32,0
2023-06-09 00:30:00,0.89878,0.89881,0.89863,0.89871,158,41,0
2023-06-09 01:00:00,0.89873,0.899,0.89859,0.89896,588,16,0
2023-06-09 01:30:00,0.89895,0.89898,0.89871,0.89876,701,16,0
2023-06-09 02:00:00,0.89875,0.89879,0.8985,0.8986,364,17,0
2023-06-09 02:30:00,0.89862,0.8989,0.89852,0.89888,299,17,0
2023-06-09 03:00:00,0.89888,0.89908,0.89882,0.89897,365,17,0
2023-06-09 03:30:00,0.89898,0.89926,0.8987,0.89913,582,17,0
2023-06-09 04:00:00,0.89912,0.89924,0.89889,0.89916,878,17,0
2023-06-09 04:30:00,0.89915,0.89934,0.89893,0.89926,624,16,0
2023-06-09 05:00:00,0.89924,0.89945,0.89916,0.89933,400,16,0
2023-06-09 05:30:00,0.89933,0.89941,0.89918,0.89936,349,16,0
2023-06-09 06:00:00,0.89938,0.89939,0.8992,0.89924,226,18,0
2023-06-09 06:30:00,0.89925,0.89933,0.89914,0.89932,294,16,0
2023-06-09 07:00:00,0.89932,0.8996,0.89925,0.8995,399,17,0
2023-06-09 07:30:00,0.89951,0.89967,0.89941,0.89956,532,16,0
2023-06-09 08:00:00,0.89955,0.89977,0.89934,0.89971,520,16,0
2023-06-09 08:30:00,0.89972,0.89973,0.89866,0.89894,591,16,0
2023-06-09 09:00:00,0.89886,0.89936,0.89838,0.8991,1189,16,0
2023-06-09 09:30:00,0.89909,0.89931,0.89851,0.89876,1010,16,0
2023-06-09 10:00:00,0.89876,0.90032,0.89856,0.89986,1791,16,0
2023-06-09 10:30:00,0.89986,0.90031,0.89943,0.8995,1860,16,0
2023-06-09 11:00:00,0.89952,0.90155,0.89949,0.90063,1524,16,0
2023-06-09 11:30:00,0.90064,0.90093,0.89985,0.90039,1649,16,0
2023-06-09 12:00:00,0.90039,0.90108,0.90015,0.90079,1048,16,0
2023-06-09 12:30:00,0.9008,0.90192,0.90062,0.90187,1046,16,0
2023-06-09 13:00:00,0.90187,0.90235,0.90152,0.90168,1480,16,0
2023-06-09 13:30:00,0.90168,0.90237,0.90162,0.90171,1176,16,0
2023-06-09 14:00:00,0.90171,0.90211,0.90161,0.90186,1049,16,0
2023-06-09 14:30:00,0.90187,0.90214,0.90112,0.90142,1266,16,0
2023-06-09 15:00:00,0.90142,0.90148,0.90068,0.90111,1567,16,0
2023-06-09 15:30:00,0.90109,0.90166,0.89973,0.90098,3071,16,0
2023-06-09 16:00:00,0.90098,0.9016,0.90057,0.90094,2070,16,0
2023-06-09 16:30:00,0.90094,0.9022,0.9004,0.90151,2541,16,0
2023-06-09 17:00:00,0.90151,0.90221,0.90126,0.90172,1271,16,0
2023-06-09 17:30:00,0.90174,0.90273,0.90173,0.90208,2043,16,0
2023-06-09 18:00:00,0.90209,0.90224,0.90139,0.9022,1299,16,0
2023-06-09 18:30:00,0.9022,0.90275,0.90201,0.90258,1005,16,0
2023-06-09 19:00:00,0.90259,0.90267,0.90236,0.90255,615,16,0
2023-06-09 19:30:00,0.90255,0.90318,0.90253,0.90297,654,16,0
2023-06-09 20:00:00,0.90297,0.90312,0.90235,0.90252,554,16,0
2023-06-09 20:30:00,0.90252,0.90271,0.9024,0.9025,308,16,0
2023-06-09 21:00:00,0.9025,0.90277,0.90237,0.90267,259,16,0
2023-06-09 21:30:00,0.90267,0.90311,0.90267,0.90305,547,16,0
2023-06-09 22:00:00,0.90304,0.90336,0.90274,0.9033,433,16,0
2023-06-09 22:30:00,0.90329,0.90384,0.90319,0.90368,509,16,0
2023-06-09 23:00:00,0.90369,0.90369,0.90298,0.90314,527,18,0
2023-06-09 23:30:00,0.90314,0.90325,0.90255,0.90289,732,22,0
2023-06-12 00:00:00,0.90088,0.90195,0.90088,0.90195,6,263,0
2023-06-12 00:30:00,0.90157,0.90173,0.90116,0.9012,13,226,0
2023-06-12 01:00:00,0.90174,0.90337,0.90174,0.90324,449,22,0
2023-06-12 01:30:00,0.90325,0.90366,0.90325,0.90356,308,18,0
2023-06-12 02:00:00,0.90356,0.90386,0.90336,0.9034,212,18,0
2023-06-12 02:30:00,0.90338,0.90341,0.90313,0.90325,173,16,0
2023-06-12 03:00:00,0.90324,0.90365,0.90312,0.90365,436,17,0
2023-06-12 03:30:00,0.90367,0.9037,0.90337,0.90359,375,16,0
2023-06-12 04:00:00,0.9036,0.90377,0.90337,0.90374,481,16,0
2023-06-12 04:30:00,0.90373,0.90415,0.9036,0.90409,862,16,0
2023-06-12 05:00:00,0.90409,0.90442,0.90398,0.90414,483,16,0
2023-06-12 05:30:00,0.90416,0.90449,0.904,0.90401,569,16,0
2023-06-12 06:00:00,0.90402,0.90423,0.9039,0.90404,423,16,0
2023-06-12 06:30:00,0.90403,0.90404,0.90376,0.90384,391,16,0
2023-06-12 07:00:00,0.90386,0.90401,0.90366,0.90391,466,17,0
2023-06-12 07:30:00,0.90391,0.90422,0.90389,0.90422,411,16,0
2023-06-12 08:00:00,0.90422,0.90443,0.90405,0.90421,361,16,0
2023-06-12 08:30:00,0.90421,0.9043,0.90387,0.90399,431,16,0
2023-06-12 09:00:00,0.90399,0.90399,0.90293,0.90301,761,16,0
2023-06-12 09:30:00,0.903,0.90375,0.90299,0.90325,694,16,0
2023-06-12 10:00:00,0.90325,0.9036,0.90256,0.90315,1640,16,0
2023-06-12 10:30:00,0.90315,0.90324,0.9017,0.90232,1490,16,0
2023-06-12 11:00:00,0.90232,0.90259,0.90179,0.90206,1819,16,0
2023-06-12 11:30:00,0.90205,0.90241,0.90148,0.90228,1513,16,0
2023-06-12 12:00:00,0.90228,0.90274,0.90197,0.9024,1104,16,0
2023-06-12 12:30:00,0.9024,0.90347,0.90215,0.90303,1157,16,0
2023-06-12 13:00:00,0.90297,0.90361,0.90284,0.90348,1286,16,0
2023-06-12 13:30:00,0.90348,0.90515,0.90341,0.90489,1481,16,0
2023-06-12 14:00:00,0.9049,0.90516,0.90436,0.90505,1211,16,0
2023-06-12 14:30:00,0.90505,0.90584,0.90456,0.90568,1037,16,0
2023-06-12 15:00:00,0.90569,0.90578,0.90488,0.90555,1459,16,0
2023-06-12 15:30:00,0.90554,0.90619,0.90546,0.90583,1296,16,0
2023-06-12 16:00:00,0.90585,0.90629,0.9056,0.90626,1254,16,0
2023-06-12 16:30:00,0.90624,0.90869,0.90619,0.90837,2256,16,0
2023-06-12 17:00:00,0.90836,0.90877,0.90769,0.90872,1672,16,0
2023-06-12 17:30:00,0.90873,0.90948,0.9077,0.90924,1785,16,0
2023-06-12 18:00:00,0.90924,0.91009,0.90857,0.90901,1712,16,0
2023-06-12 18:30:00,0.90903,0.90988,0.90863,0.90982,1157,16,0
2023-06-12 19:00:00,0.90978,0.91013,0.9092,0.91008,853,16,0
2023-06-12 19:30:00,0.91008,0.91084,0.90971,0.91042,929,16,0
2023-06-12 20:00:00,0.91041,0.91056,0.90975,0.91003,1006,16,0
2023-06-12 20:30:00,0.91004,0.91048,0.90956,0.90988,689,16,0
2023-06-12 21:00:00,0.90987,0.91012,0.90952,0.90979,841,16,0
2023-06-12 21:30:00,0.90978,0.9099,0.90937,0.90974,909,16,0
2023-06-12 22:00:00,0.90974,0.90974,0.90839,0.90849,1039,16,0
2023-06-12 22:30:00,0.90849,0.90878,0.90844,0.90852,585,16,0
2023-06-12 23:00:00,0.90851,0.90873,0.90843,0.90873,251,18,0
2023-06-12 23:30:00,0.90872,0.90884,0.90842,0.90882,425,23,0
2023-06-13 00:00:00,0.90882,0.90882,0.90825,0.90825,49,28,0
2023-06-13 00:30:00,0.90864,0.90869,0.90796,0.90809,114,28,0
2023-06-13 01:00:00,0.90824,0.90869,0.90824,0.90852,554,16,0
2023-06-13 01:30:00,0.90853,0.90861,0.90844,0.90856,892,17,0
2023-06-13 02:00:00,0.90857,0.90861,0.90813,0.90834,510,16,0
2023-06-13 02:30:00,0.90833,0.90853,0.90813,0.90853,568,16,0
2023-06-13 03:00:00,0.90852,0.90869,0.90829,0.90844,539,16,0
2023-06-13 03:30:00,0.90844,0.90886,0.90835,0.90886,389,16,0
2023-06-13 04:00:00,0.90886,0.90887,0.90835,0.90835,599,16,0
2023-06-13 04:30:00,0.90836,0.90848,0.90811,0.9082,712,16,0
2023-06-13 05:00:00,0.90821,0.90828,0.90767,0.908,639,16,0
2023-06-13 05:30:00,0.908,0.90804,0.90753,0.90767,571,16,0
2023-06-13 06:00:00,0.90769,0.9077,0.9072,0.90728,377,16,0
2023-06-13 06:30:00,0.90728,0.90732,0.90703,0.90709,668,16,0
2023-06-13 07:00:00,0.9071,0.90743,0.90705,0.90723,416,16,0
2023-06-13 07:30:00,0.90723,0.90729,0.90669,0.90674,475,16,0
2023-06-13 08:00:00,0.90674,0.90676,0.9059,0.90599,519,16,0
2023-06-13 08:30:00,0.90598,0.90637,0.9056,0.90633,884,16,0
2023-06-13 09:00:00,0.90633,0.90636,0.90498,0.90551,1924,16,0
2023-06-13 09:30:00,0.90554,0.90563,0.90428,0.9047,1584,16,0
2023-06-13 10:00:00,0.90472,0.90473,0.90347,0.90428,1775,16,0
2023-06-13 10:30:00,0.90426,0.90475,0.90349,0.90435,1812,16,0
2023-06-13 11:00:00,0.90439,0.90519,0.90439,0.90481,1422,16,0
2023-06-13 11:30:00,0.90482,0.90503,0.90437,0.90458,1111,16,0
2023-06-13 12:00:00,0.90459,0.90595,0.90459,0.90516,1464,16,0
2023-06-13 12:30:00,0.90516,0.90642,0.9051,0.90624,993,16,0
2023-06-13 13:00:00,0.90625,0.90662,0.90571,0.90624,1244,16,0
2023-06-13 13:30:00,0.90627,0.90653,0.90601,0.90611,875,16,0
2023-06-13 14:00:00,0.90612,0.90654,0.90601,0.90636,877,16,0
2023-06-13 14:30:00,0.90636,0.90643,0.90583,0.90619,772,16,0
2023-06-13 15:00:00,0.90619,0.90664,0.906,0.90619,1704,16,0
2023-06-13 15:30:00,0.90619,0.90619,0.90476,0.90477,173,18,0
2023-06-13 16:00:00,0.90476,0.90647,0.90403,0.90522,2409,16,0
2023-06-13 16:30:00,0.90521,0.90621,0.90473,0.90604,3199,16,0
2023-06-13 17:00:00,0.90602,0.90725,0.90573,0.90584,2784,16,0
2023-06-13 17:30:00,0.90584,0.90617,0.90416,0.90527,2042,16,0
2023-06-13 18:00:00,0.90527,0.9063,0.90419,0.90626,1913,16,0
2023-06-13 18:30:00,0.90627,0.90657,0.90528,0.90528,1424,16,0
2023-06-13 19:00:00,0.90527,0.90545,0.90397,0.90455,1365,16,0
2023-06-13 19:30:00,0.90455,0.90456,0.90311,0.90372,1030,16,0
2023-06-13 20:00:00,0.9037,0.90418,0.9034,0.90416,799,16,0
2023-06-13 20:30:00,0.90417,0.90535,0.9041,0.90489,848,16,0
2023-06-13 21:00:00,0.90489,0.9054,0.90469,0.90537,791,16,0
2023-06-13 21:30:00,0.90537,0.90594,0.90525,0.90571,850,16,0
2023-06-13 22:00:00,0.90572,0.90616,0.90568,0.90581,1159,16,0
2023-06-13 22:30:00,0.90581,0.90583,0.90517,0.90525,1456,16,0
2023-06-13 23:00:00,0.90526,0.90547,0.90513,0.90521,576,19,0
2023-06-13 23:30:00,0.90522,0.90541,0.90495,0.90501,268,22,0
2023-06-14 00:00:00,0.90504,0.90522,0.90429,0.90495,32,28,0
2023-06-14 00:30:00,0.90496,0.9053,0.90472,0.9048,208,28,0
2023-06-14 01:00:00,0.90517,0.90521,0.90483,0.905,674,19,0
2023-06-14 01:30:00,0.90499,0.905,0.90472,0.9048,268,17,0
2023-06-14 02:00:00,0.90482,0.90521,0.90481,0.90517,122,17,0
2023-06-14 02:30:00,0.9052,0.90532,0.90515,0.90515,767,16,0
2023-06-14 03:00:00,0.90517,0.90559,0.90497,0.90513,497,16,0
2023-06-14 03:30:00,0.90513,0.90523,0.90471,0.90523,357,16,0
2023-06-14 04:00:00,0.90524,0.90537,0.90482,0.90506,468,16,0
2023-06-14 04:30:00,0.90507,0.90511,0.90446,0.90456,319,16,0
2023-06-14 05:00:00,0.90456,0.90474,0.90428,0.90436,298,16,0
2023-06-14 05:30:00,0.90437,0.90448,0.90422,0.90442,294,16,0
2023-06-14 06:00:00,0.90444,0.90475,0.90441,0.90464,240,16,0
2023-06-14 06:30:00,0.90464,0.90483,0.90455,0.90469,209,16,0
2023-06-14 07:00:00,0.90472,0.90517,0.90467,0.90502,213,16,0
2023-06-14 07:30:00,0.90504,0.90504,0.90469,0.90483,305,16,0
2023-06-14 08:00:00,0.90484,0.90539,0.90482,0.90539,384,16,0
2023-06-14 08:30:00,0.9054,0.9057,0.90503,0.90547,510,16,0
2023-06-14 09:00:00,0.90548,0.90593,0.90474,0.90486,829,16,0
2023-06-14 09:30:00,0.90485,0.90517,0.90458,0.9048,813,16,0
2023-06-14 10:00:00,0.9048,0.90492,0.90392,0.90396,1430,16,0
2023-06-14 10:30:00,0.90398,0.90434,0.90366,0.90431,1092,16,0
2023-06-14 11:00:00,0.90431,0.90493,0.90428,0.90429,947,16,0
2023-06-14 11:30:00,0.90428,0.90454,0.90393,0.90412,822,16,0
2023-06-14 12:00:00,0.90413,0.90423,0.90316,0.90317,963,16,0
2023-06-14 12:30:00,0.90317,0.90318,0.90218,0.90276,1057,16,0
2023-06-14 13:00:00,0.90275,0.90296,0.90228,0.90251,759,16,0
2023-06-14 13:30:00,0.90251,0.90284,0.90234,0.90267,735,16,0
2023-06-14 14:00:00,0.90267,0.9031,0.90231,0.90257,684,16,0
2023-06-14 14:30:00,0.90258,0.90268,0.90212,0.90251,1061,16,0
2023-06-14 15:00:00,0.90251,0.90254,0.9006,0.90068,1386,16,0
2023-06-14 15:30:00,0.9007,0.90086,0.89873,0.89882,2560,16,0
2023-06-14 16:00:00,0.89883,0.89966,0.89822,0.89874,1499,16,0
2023-06-14 16:30:00,0.89877,0.89885,0.89763,0.89775,1548,16,0
2023-06-14 17:00:00,0.89776,0.89818,0.89687,0.89712,1345,16,0
2023-06-14 17:30:00,0.89712,0.89785,0.89692,0.89775,1390,16,0
2023-06-14 18:00:00,0.89776,0.89822,0.89731,0.89731,1062,16,0
2023-06-14 18:30:00,0.89732,0.89746,0.89696,0.8972,777,16,0
2023-06-14 19:00:00,0.8972,0.89737,0.8965,0.89655,778,16,0
2023-06-14 19:30:00,0.89655,0.89709,0.89643,0.89665,768,16,0
2023-06-14 20:00:00,0.89663,0.89756,0.89645,0.89756,612,16,0
2023-06-14 20:30:00,0.89755,0.89788,0.89717,0.89756,1004,16,0
2023-06-14 21:00:00,0.89753,0.90285,0.89753,0.90199,6260,20,0
2023-06-14 21:30:00,0.90202,0.90223,0.89848,0.89949,6502,20,0
2023-06-14 22:00:00,0.89952,0.90168,0.8989,0.9016,3898,20,0
2023-06-14 22:30:00,0.90159,0.90182,0.90071,0.90147,2534,16,0
2023-06-14 23:00:00,0.90147,0.90166,0.90066,0.90089,1332,21,0
2023-06-14 23:30:00,0.90089,0.90123,0.90061,0.9009,581,21,0
2023-06-15 00:00:00,0.90047,0.90101,0.90047,0.90065,50,28,0
2023-06-15 00:30:00,0.9006,0.90089,0.90025,0.90071,509,26,0
2023-06-15 01:00:00,0.90063,0.90087,0.90053,0.90056,215,16,0
2023-06-15 01:30:00,0.90056,0.90067,0.90035,0.90066,223,16,0
2023-06-15 02:00:00,0.90066,0.90075,0.90039,0.90039,262,16,0
2023-06-15 02:30:00,0.90039,0.90047,0.90013,0.90015,193,16,0
2023-06-15 03:00:00,0.90016,0.90055,0.89994,0.90045,307,16,0
2023-06-15 03:30:00,0.90045,0.90074,0.90036,0.90065,406,16,0
2023-06-15 04:00:00,0.90066,0.90215,0.90066,0.90199,814,17,0
2023-06-15 04:30:00,0.902,0.90243,0.90178,0.90234,527,16,0
2023-06-15 05:30:00,0.90218,0.90336,0.90218,0.90307,358,16,0
2023-06-15 06:00:00,0.90309,0.90321,0.90281,0.90312,288,16,0
2023-06-15 06:30:00,0.90315,0.90345,0.90293,0.90327,344,16,0
2023-06-15 07:00:00,0.90327,0.90382,0.90326,0.90353,361,16,0
2023-06-15 07:30:00,0.90353,0.90384,0.90328,0.90382,305,16,0
2023-06-15 08:00:00,0.90385,0.90447,0.90352,0.90354,605,16,0
2023-06-15 08:30:00,0.90354,0.90354,0.9028,0.9032,1132,16,0
2023-06-15 09:00:00,0.9032,0.90436,0.90306,0.90433,1422,16,0
2023-06-15 09:30:00,0.90434,0.90488,0.90416,0.90451,968,16,0
2023-06-15 10:00:00,0.90451,0.90552,0.90405,0.90428,1484,16,0
2023-06-15 10:30:00,0.90428,0.90443,0.90344,0.90363,1306,16,0
2023-06-15 11:00:00,0.90365,0.90395,0.90325,0.90379,1141,16,0
2023-06-15 11:30:00,0.90377,0.90389,0.90239,0.90311,1119,16,0
2023-06-15 12:00:00,0.90311,0.90311,0.90145,0.90157,1220,16,0
2023-06-15 12:30:00,0.90159,0.90185,0.90079,0.9008,986,16,0
2023-06-15 13:00:00,0.9008,0.90135,0.90051,0.90083,1063,16,0
2023-06-15 13:30:00,0.90083,0.90084,0.90003,0.90057,900,16,0
2023-06-15 14:00:00,0.90057,0.90161,0.9005,0.90144,841,16,0
2023-06-15 14:30:00,0.90148,0.90249,0.90117,0.90215,1328,16,0
2023-06-15 15:00:00,0.90216,0.90222,0.90016,0.90087,2144,16,0
2023-06-15 15:30:00,0.90087,0.90115,0.89851,0.89944,4038,18,0
2023-06-15 16:00:00,0.89949,0.89959,0.89702,0.89751,3155,16,0
2023-06-15 16:30:00,0.89751,0.89796,0.8957,0.89588,2344,16,0
2023-06-15 17:00:00,0.89588,0.89634,0.89435,0.89447,2204,16,0
2023-06-15 17:30:00,0.89447,0.89487,0.8934,0.89425,2153,16,0
2023-06-15 18:00:00,0.89426,0.89445,0.8931,0.89342,1544,16,0
2023-06-15 18:30:00,0.8935,0.89351,0.89265,0.89267,1118,16,0
2023-06-15 19:00:00,0.89269,0.89269,0.89086,0.89125,1083,16,0
2023-06-15 19:30:00,0.89124,0.89179,0.89076,0.89128,836,16,0
2023-06-15 20:00:00,0.8913,0.89192,0.89122,0.89127,584,16,0
2023-06-15 20:30:00,0.89127,0.89135,0.89067,0.8911,568,16,0
2023-06-15 21:00:00,0.89109,0.89137,0.89064,0.89094,612,16,0
2023-06-15 21:30:00,0.89095,0.89109,0.89068,0.89099,691,16,0
2023-06-15 22:00:00,0.89099,0.89139,0.89095,0.89118,703,16,0
2023-06-15 22:30:00,0.89119,0.89143,0.89098,0.8911,586,16,0
2023-06-15 23:00:00,0.89111,0.89127,0.89093,0.8911,255,21,0
2023-06-15 23:30:00,0.8911,0.89169,0.89102,0.89164,431,21,0
2023-06-16 00:00:00,0.89159,0.89201,0.89143,0.89176,72,28,0
2023-06-16 00:30:00,0.89136,0.89174,0.89123,0.89131,498,28,0
2023-06-16 01:00:00,0.89141,0.89166,0.89123,0.89146,555,18,0
2023-06-16 01:30:00,0.89147,0.89168,0.89129,0.89132,798,17,0
2023-06-16 02:00:00,0.89134,0.89158,0.89117,0.89155,467,16,0
2023-06-16 02:30:00,0.89154,0.89172,0.89128,0.8917,822,16,0
2023-06-16 03:00:00,0.89173,0.89178,0.89123,0.89164,621,16,0
2023-06-16 03:30:00,0.89166,0.89202,0.89162,0.89194,619,16,0
2023-06-16 04:00:00,0.89195,0.892,0.89153,0.89179,720,16,0
2023-06-16 04:30:00,0.89182,0.89198,0.8913,0.89191,824,16,0
2023-06-16 05:00:00,0.8919,0.89207,0.89173,0.89189,748,16,0
2023-06-16 05:30:00,0.8919,0.89232,0.89174,0.89222,1243,16,0
2023-06-16 06:00:00,0.89223,0.89223,0.89165,0.89176,793,17,0
2023-06-16 06:30:00,0.89176,0.89219,0.89173,0.89216,630,18,0
2023-06-16 07:00:00,0.89215,0.89226,0.89193,0.89198,488,16,0
2023-06-16 07:30:00,0.89198,0.89227,0.89194,0.89221,597,16,0
2023-06-16 08:00:00,0.89219,0.89223,0.89183,0.89199,714,16,0
2023-06-16 08:30:00,0.89201,0.89204,0.89143,0.89172,877,16,0
2023-06-16 09:00:00,0.89173,0.89173,0.8908,0.89093,1440,16,0
2023-06-16 09:30:00,0.89092,0.89148,0.89032,0.89136,1867,16,0
2023-06-16 10:00:00,0.89138,0.89186,0.89074,0.89116,2151,16,0
2023-06-16 10:30:00,0.89116,0.89196,0.89041,0.89065,1834,16,0
2023-06-16 11:00:00,0.89067,0.89209,0.89064,0.89167,1775,16,0
2023-06-16 11:30:00,0.89166,0.89171,0.89006,0.89074,1931,16,0
2023-06-16 12:00:00,0.89074,0.89167,0.89031,0.89121,1585,16,0
2023-06-16 12:30:00,0.8912,0.89251,0.8912,0.89158,1231,16,0
2023-06-16 13:00:00,0.89159,0.8922,0.89131,0.89152,1055,16,0
2023-06-16 13:30:00,0.89153,0.89208,0.89108,0.892,1115,16,0
2023-06-16 14:00:00,0.89201,0.89201,0.89103,0.89128,1363,16,0
2023-06-16 14:30:00,0.89128,0.89146,0.89069,0.89127,1042,16,0
2023-06-16 15:00:00,0.89124,0.89127,0.89045,0.89095,1651,16,0
2023-06-16 15:30:00,0.89095,0.89278,0.89065,0.89264,1644,16,0
2023-06-16 16:00:00,0.89264,0.89306,0.89218,0.89263,1632,16,0
2023-06-16 16:30:00,0.89262,0.89312,0.89176,0.89229,2541,16,0
2023-06-16 17:00:00,0.89223,0.89448,0.89111,0.89406,3901,16,0
2023-06-16 17:30:00,0.89404,0.89483,0.89309,0.89388,3300,16,0
2023-06-16 18:00:00,0.89388,0.8939,0.89292,0.89322,1870,16,0
2023-06-16 18:30:00,0.89322,0.8945,0.89315,0.89428,1271,16,0
2023-06-16 19:00:00,0.89427,0.89428,0.89374,0.89392,1089,16,0
2023-06-16 19:30:00,0.89392,0.89402,0.89351,0.89366,957,16,0
2023-06-16 20:00:00,0.89369,0.89373,0.89282,0.89295,946,16,0
2023-06-16 20:30:00,0.89294,0.89377,0.89284,0.89351,777,16,0
2023-06-16 21:00:00,0.89352,0.89359,0.89323,0.89359,808,16,0
2023-06-16 21:30:00,0.89361,0.89387,0.89328,0.89361,826,16,0
2023-06-16 22:00:00,0.89358,0.89391,0.89341,0.89388,1118,16,0
2023-06-16 22:30:00,0.89388,0.89462,0.89371,0.89456,997,16,0
2023-06-16 23:00:00,0.89455,0.89458,0.89398,0.89421,576,20,0
2023-06-16 23:30:00,0.89419,0.89422,0.8933,0.89382,846,22,0
2023-06-19 00:00:00,0.8933,0.8936,0.89304,0.89304,4,143,0
2023-06-19 00:30:00,0.89304,0.89363,0.89304,0.89318,68,149,0
2023-06-19 01:00:00,0.89359,0.89465,0.89334,0.89433,2839,20,0
2023-06-19 01:30:00,0.89433,0.89439,0.89409,0.89411,1304,16,0
2023-06-19 02:00:00,0.8941,0.8945,0.89403,0.89445,1119,16,0
2023-06-19 02:30:00,0.89445,0.89461,0.89438,0.89444,3920,19,0
2023-06-19 03:00:00,0.89443,0.89446,0.8937,0.89393,1168,16,0
2023-06-19 03:30:00,0.89394,0.89452,0.89392,0.89438,490,16,0
2023-06-19 04:00:00,0.89439,0.89449,0.89411,0.89414,461,16,0
2023-06-19 04:30:00,0.89414,0.8944,0.89405,0.89416,596,16,0
2023-06-19 05:00:00,0.89417,0.89421,0.89395,0.89395,358,16,0
2023-06-19 05:30:00,0.89398,0.89421,0.8938,0.89421,383,16,0
2023-06-19 06:00:00,0.89421,0.89444,0.89419,0.89423,337,16,0
2023-06-19 06:30:00,0.89424,0.89449,0.89414,0.89433,659,16,0
2023-06-19 07:00:00,0.89433,0.89475,0.89431,0.89442,371,16,0
2023-06-19 07:30:00,0.89445,0.89452,0.89413,0.89414,248,17,0
2023-06-19 08:00:00,0.89416,0.89437,0.89375,0.89389,471,17,0
2023-06-19 08:30:00,0.89391,0.89391,0.89336,0.89367,762,16,0
2023-06-19 09:00:00,0.89368,0.89416,0.89359,0.89399,1216,16,0
2023-06-19 09:30:00,0.89398,0.89441,0.89367,0.8938,1091,16,0
2023-06-19 10:00:00,0.89378,0.89459,0.89344,0.89453,1532,16,0
2023-06-19 10:30:00,0.89453,0.89488,0.89359,0.89375,1749,16,0
2023-06-19 11:00:00,0.89376,0.89419,0.89324,0.89382,1885,16,0
2023-06-19 11:30:00,0.89384,0.89464,0.89383,0.89458,1174,16,0
2023-06-19 12:00:00,0.89459,0.89489,0.89415,0.89455,1200,16,0
2023-06-19 12:30:00,0.89457,0.89692,0.89456,0.89671,1603,16,0
2023-06-19 13:00:00,0.8967,0.89688,0.89577,0.89594,1492,16,0
2023-06-19 13:30:00,0.89592,0.89602,0.895,0.89516,823,16,0
2023-06-19 14:00:00,0.89516,0.89527,0.89461,0.89507,1216,16,0
2023-06-19 14:30:00,0.89507,0.89511,0.89405,0.89425,958,16,0
2023-06-19 15:00:00,0.89426,0.89512,0.89411,0.89503,1082,16,0
2023-06-19 15:30:00,0.89504,0.89545,0.89482,0.8953,975,16,0
2023-06-19 16:00:00,0.89529,0.89608,0.89497,0.89563,1539,16,0
2023-06-19 16:30:00,0.89562,0.8966,0.89558,0.89639,1307,16,0
2023-06-19 17:00:00,0.89642,0.89741,0.89608,0.8972,1272,16,0
2023-06-19 17:30:00,0.8972,0.89736,0.8959,0.89607,1831,16,0
2023-06-19 18:00:00,0.89608,0.89622,0.89555,0.89574,959,16,0
2023-06-19 18:30:00,0.89573,0.89608,0.89546,0.896,559,16,0
2023-06-19 19:00:00,0.89599,0.89614,0.89569,0.89591,730,16,0
2023-06-19 19:30:00,0.89591,0.8963,0.8959,0.89623,704,16,0
2023-06-19 20:00:00,0.89624,0.8963,0.89599,0.89627,652,16,0
2023-06-19 20:30:00,0.89626,0.8963,0.89617,0.89627,333,16,0
2023-06-19 21:00:00,0.89628,0.89628,0.89587,0.89619,307,16,0
2023-06-19 21:30:00,0.8962,0.89625,0.8961,0.8961,172,16,0
2023-06-19 22:00:00,0.89612,0.89622,0.89611,0.89618,257,16,0
2023-06-19 22:30:00,0.89619,0.89624,0.89602,0.89615,690,16,0
2023-06-19 23:00:00,0.89615,0.89617,0.89572,0.8959,298,21,0
2023-06-19 23:30:00,0.89591,0.89599,0.8955,0.8955,212,21,0
2023-06-20 00:00:00,0.8955,0.89566,0.89497,0.89566,71,67,0
2023-06-20 00:30:00,0.89506,0.89592,0.89506,0.89545,155,28,0
2023-06-20 01:00:00,0.89563,0.89563,0.89521,0.89532,627,20,0
2023-06-20 01:30:00,0.89531,0.89559,0.89511,0.89558,317,17,0
2023-06-20 02:00:00,0.8956,0.89596,0.8955,0.89596,501,16,0
2023-06-20 02:30:00,0.89596,0.89596,0.89559,0.89582,758,17,0
2023-06-20 03:00:00,0.89581,0.89645,0.89552,0.89632,1002,16,0
2023-06-20 03:30:00,0.89633,0.89649,0.89598,0.89604,914,16,0
2023-06-20 04:00:00,0.89604,0.89633,0.89588,0.89626,1084,16,0
2023-06-20 04:30:00,0.89625,0.89665,0.89612,0.89644,1568,16,0
2023-06-20 05:00:00,0.89646,0.89664,0.89605,0.89609,1591,16,0
2023-06-20 05:30:00,0.8961,0.89624,0.89583,0.89609,831,16,0
2023-06-20 06:00:00,0.89608,0.89635,0.89597,0.89618,703,16,0
2023-06-20 06:30:00,0.89617,0.89653,0.89617,0.89651,549,16,0
2023-06-20 07:00:00,0.8965,0.89682,0.89636,0.89664,384,16,0
2023-06-20 07:30:00,0.89664,0.89717,0.89663,0.89714,1407,16,0
2023-06-20 08:00:00,0.89713,0.89743,0.89701,0.89706,1000,16,0
2023-06-20 08:30:00,0.89706,0.89723,0.89639,0.89657,1222,16,0
2023-06-20 09:00:00,0.89658,0.89694,0.89578,0.896,2126,16,0
2023-06-20 09:30:00,0.89599,0.89715,0.89576,0.89701,1485,16,0
2023-06-20 10:00:00,0.897,0.89855,0.89673,0.89717,2349,16,0
2023-06-20 10:30:00,0.89717,0.89719,0.8953,0.89556,2025,16,0
2023-06-20 11:00:00,0.89556,0.89667,0.8955,0.89577,1943,16,0
2023-06-20 11:30:00,0.89576,0.89744,0.8957,0.89677,1986,16,0
2023-06-20 12:00:00,0.89678,0.89756,0.89661,0.89678,1550,16,0
2023-06-20 12:30:00,0.8968,0.8972,0.89664,0.89699,1275,16,0
2023-06-20 13:00:00,0.897,0.89714,0.8963,0.8968,1493,16,0
2023-06-20 13:30:00,0.89682,0.89765,0.89664,0.89764,1305,16,0
2023-06-20 14:00:00,0.89764,0.89786,0.89721,0.89744,1337,16,0
2023-06-20 14:30:00,0.89745,0.89764,0.89674,0.89721,1200,16,0
2023-06-20 15:00:00,0.89721,0.8974,0.89646,0.89722,1739,16,0
2023-06-20 15:30:00,0.89722,0.89829,0.89721,0.89742,2772,16,0
2023-06-20 16:00:00,0.89741,0.89864,0.89733,0.89778,2153,16,0
2023-06-20 16:30:00,0.89777,0.89868,0.89739,0.89795,2841,16,0
2023-06-20 17:00:00,0.89795,0.8995,0.89769,0.89944,2235,16,0
2023-06-20 17:30:00,0.89945,0.90003,0.89865,0.89896,2713,16,0
2023-06-20 18:00:00,0.89894,0.89917,0.89806,0.89867,1983,16,0
2023-06-20 18:30:00,0.89866,0.89932,0.89837,0.8993,1512,16,0
2023-06-20 19:00:00,0.8993,0.89955,0.89851,0.8987,1369,16,0
2023-06-20 19:30:00,0.89871,0.89877,0.89809,0.89812,1491,16,0
2023-06-20 20:00:00,0.89813,0.89833,0.89785,0.89793,960,16,0
2023-06-20 20:30:00,0.89793,0.89837,0.89783,0.8981,854,16,0
2023-06-20 21:00:00,0.89809,0.89835,0.89798,0.89806,754,16,0
2023-06-20 21:30:00,0.89806,0.89848,0.89775,0.89777,1247,16,0
2023-06-20 22:00:00,0.89776,0.8984,0.89771,0.89826,544,16,0
2023-06-20 22:30:00,0.89828,0.89828,0.8977,0.89805,434,16,0
2023-06-20 23:00:00,0.89804,0.89815,0.89756,0.8976,312,21,0
2023-06-20 23:30:00,0.8976,0.89779,0.89751,0.89764,318,22,0
2023-06-21 00:00:00,0.89762,0.89784,0.89745,0.89779,70,28,0
2023-06-21 00:30:00,0.89778,0.89778,0.89728,0.89741,124,28,0
2023-06-21 01:00:00,0.89744,0.89775,0.89744,0.89765,798,16,0
2023-06-21 01:30:00,0.89764,0.89771,0.89752,0.89755,366,16,0
2023-06-21 02:00:00,0.89754,0.89756,0.89743,0.89752,297,16,0
2023-06-21 02:30:00,0.89756,0.8978,0.89747,0.89763,392,16,0
2023-06-21 03:00:00,0.89763,0.89807,0.89761,0.89801,602,16,0
2023-06-21 03:30:00,0.89801,0.89818,0.89784,0.89802,835,16,0
2023-06-21 04:00:00,0.89803,0.8984,0.89794,0.89832,751,16,0
2023-06-21 04:30:00,0.8983,0.89841,0.8981,0.8984,879,16,0
2023-06-21 05:00:00,0.89843,0.89862,0.89805,0.8983,1253,16,0
2023-06-21 05:30:00,0.89831,0.89879,0.89826,0.89869,945,16,0
2023-06-21 06:00:00,0.89866,0.89883,0.89844,0.89862,915,16,0
2023-06-21 06:30:00,0.89862,0.89864,0.89851,0.89859,565,16,0
2023-06-21 07:00:00,0.89858,0.89868,0.89819,0.89822,1137,16,0
2023-06-21 07:30:00,0.89821,0.89842,0.89808,0.89829,953,16,0
2023-06-21 08:00:00,0.89827,0.89853,0.8982,0.89839,596,16,0
2023-06-21 08:30:00,0.89839,0.89852,0.89814,0.8983,799,16,0
2023-06-21 09:00:00,0.89835,0.89934,0.898,0.8985,2791,16,0
2023-06-21 09:30:00,0.8985,0.89895,0.89807,0.8987,1811,16,0
2023-06-21 10:00:00,0.89873,0.89928,0.89836,0.89892,2272,16,0
2023-06-21 10:30:00,0.89892,0.89935,0.89858,0.89897,1739,16,0
2023-06-21 11:00:00,0.89898,0.89924,0.89774,0.89831,2210,16,0
2023-06-21 11:30:00,0.8983,0.89839,0.89675,0.89678,2130,16,0
2023-06-21 12:00:00,0.89677,0.89791,0.89657,0.89718,1675,16,0
2023-06-21 12:30:00,0.89718,0.89784,0.89688,0.89778,1361,16,0
2023-06-21 13:00:00,0.89779,0.89803,0.89729,0.89729,1593,16,0
2023-06-21 13:30:00,0.89728,0.89763,0.89702,0.89752,1215,16,0
2023-06-21 14:00:00,0.89752,0.89756,0.89674,0.89717,1336,16,0
2023-06-21 14:30:00,0.89718,0.89752,0.89693,0.89729,1280,16,0
2023-06-21 15:00:00,0.89728,0.899,0.89717,0.89849,1811,16,0
2023-06-21 15:30:00,0.89851,0.89906,0.89749,0.8978,3321,16,0
2023-06-21 16:00:00,0.89784,0.89896,0.89769,0.89862,2377,16,0
2023-06-21 16:30:00,0.89861,0.89971,0.89785,0.89822,3098,16,0
2023-06-21 17:00:00,0.89821,0.89851,0.89611,0.89611,2741,16,0
2023-06-21 17:30:00,0.89612,0.8963,0.89404,0.895,3232,16,0
2023-06-21 18:00:00,0.89499,0.89563,0.89408,0.89432,2290,16,0
2023-06-21 18:30:00,0.89431,0.8954,0.89394,0.89498,1645,16,0
2023-06-21 19:00:00,0.89499,0.89539,0.89431,0.89444,1242,16,0
2023-06-21 19:30:00,0.89442,0.89444,0.89337,0.89396,1293,16,0
2023-06-21 20:00:00,0.89398,0.89432,0.89343,0.89351,1610,16,0
2023-06-21 20:30:00,0.8935,0.89368,0.89299,0.89321,1493,16,0
2023-06-21 21:00:00,0.89322,0.89331,0.89208,0.8921,1341,16,0
2023-06-21 21:30:00,0.89209,0.8927,0.89188,0.89264,1023,16,0
2023-06-21 22:00:00,0.89265,0.89303,0.89238,0.89278,1024,16,0
2023-06-21 22:30:00,0.89278,0.89306,0.89264,0.89281,609,16,0
2023-06-21 23:00:00,0.8928,0.89303,0.8926,0.89263,353,20,0
2023-06-21 23:30:00,0.89264,0.89308,0.89264,0.8929,337,22,0
2023-06-22 00:00:00,0.8929,0.89299,0.89241,0.8928,34,28,0
2023-06-22 00:30:00,0.89292,0.89292,0.8925,0.8926,203,28,0
2023-06-22 01:00:00,0.89288,0.89289,0.89242,0.89249,350,16,0
2023-06-22 01:30:00,0.8925,0.8925,0.89216,0.89224,243,16,0
2023-06-22 02:00:00,0.89226,0.89249,0.89215,0.89232,465,16,0
2023-06-22 02:30:00,0.89234,0.89244,0.89219,0.89244,219,18,0
2023-06-22 03:00:00,0.89246,0.89256,0.89211,0.89247,742,16,0
2023-06-22 03:30:00,0.89246,0.89256,0.89223,0.89244,977,16,0
2023-06-22 04:00:00,0.89244,0.89251,0.89207,0.89213,593,16,0
2023-06-22 04:30:00,0.89213,0.8922,0.89186,0.89189,851,16,0
2023-06-22 05:00:00,0.89188,0.89234,0.89187,0.89216,472,16,0
2023-06-22 05:30:00,0.89217,0.89229,0.89205,0.89207,595,16,0
2023-06-22 06:00:00,0.89207,0.89216,0.89191,0.89191,298,16,0
2023-06-22 06:30:00,0.8919,0.89216,0.89186,0.89206,504,16,0
2023-06-22 07:00:00,0.89206,0.89252,0.89196,0.89232,521,16,0
2023-06-22 07:30:00,0.89231,0.89265,0.89229,0.89265,721,16,0
2023-06-22 08:00:00,0.89265,0.89286,0.89242,0.8925,784,16,0
2023-06-22 08:30:00,0.8925,0.89298,0.89244,0.89271,690,16,0
2023-06-22 09:00:00,0.89275,0.89333,0.8925,0.89314,1509,16,0
2023-06-22 09:30:00,0.89312,0.89312,0.89234,0.89273,1320,16,0
2023-06-22 10:00:00,0.89272,0.89309,0.89053,0.89099,2608,16,0
2023-06-22 10:30:00,0.89097,0.89537,0.89092,0.89293,4226,16,0
2023-06-22 11:00:00,0.89291,0.89426,0.8926,0.89386,2824,16,0
2023-06-22 11:30:00,0.89387,0.8944,0.89364,0.89393,2755,16,0
2023-06-22 12:00:00,0.89395,0.89497,0.89338,0.89466,1789,16,0
2023-06-22 12:30:00,0.89466,0.89477,0.89317,0.89328,1371,16,0
2023-06-22 13:00:00,0.8933,0.89358,0.89244,0.89307,1514,16,0
2023-06-22 13:30:00,0.89307,0.89357,0.89287,0.89291,1193,16,0
2023-06-22 14:00:00,0.89291,0.89339,0.89206,0.89313,3449,16,0
2023-06-22 14:30:00,0.89314,0.89457,0.89314,0.89407,2896,16,0
2023-06-22 15:00:00,0.89406,0.89443,0.89338,0.89362,2950,16,0
2023-06-22 15:30:00,0.89361,0.89534,0.89263,0.89534,3680,16,0
2023-06-22 16:00:00,0.89535,0.89651,0.89526,0.89549,2760,16,0
2023-06-22 16:30:00,0.89548,0.89589,0.89412,0.89487,3074,16,0
2023-06-22 17:00:00,0.89487,0.89548,0.89426,0.8953,2890,16,0
2023-06-22 17:30:00,0.8953,0.89698,0.89518,0.89692,2364,16,0
2023-06-22 18:00:00,0.89689,0.89694,0.89587,0.89666,2148,16,0
2023-06-22 18:30:00,0.89666,0.89677,0.8953,0.89661,1791,16,0
2023-06-22 19:00:00,0.89661,0.897,0.89637,0.8967,1220,16,0
2023-06-22 19:30:00,0.89669,0.89691,0.89634,0.89683,686,16,0
2023-06-22 20:00:00,0.89683,0.89721,0.89662,0.89676,1169,16,0
2023-06-22 20:30:00,0.89677,0.89706,0.89636,0.89643,930,16,0
2023-06-22 21:00:00,0.89643,0.89657,0.89614,0.89646,1013,16,0
2023-06-22 21:30:00,0.8965,0.89677,0.89607,0.89615,2021,16,0
2023-06-22 22:00:00,0.89615,0.89615,0.89517,0.89523,1383,16,0
2023-06-22 22:30:00,0.89522,0.89541,0.89472,0.89474,1839,16,0
2023-06-22 23:00:00,0.89474,0.89528,0.8947,0.89523,632,21,0
2023-06-22 23:30:00,0.89522,0.89527,0.89432,0.89444,748,21,0
2023-06-23 00:00:00,0.89453,0.89463,0.89386,0.89451,297,39,0
2023-06-23 00:30:00,0.89446,0.89479,0.89388,0.89435,1562,28,0
2023-06-23 01:00:00,0.89434,0.89497,0.89434,0.89488,1342,16,0
2023-06-23 01:30:00,0.89488,0.89504,0.8948,0.89501,619,16,0
2023-06-23 02:00:00,0.89499,0.89505,0.89472,0.89497,439,16,0
2023-06-23 02:30:00,0.89498,0.89501,0.8947,0.89489,917,16,0
2023-06-23 03:00:00,0.8949,0.89526,0.89482,0.89519,866,16,0
2023-06-23 03:30:00,0.89518,0.89542,0.89494,0.89508,598,16,0
2023-06-23 04:00:00,0.89509,0.89539,0.895,0.89528,944,16,0
2023-06-23 04:30:00,0.89527,0.89606,0.89527,0.89605,1325,16,0
2023-06-23 05:00:00,0.89605,0.89678,0.89605,0.89661,1022,16,0
2023-06-23 05:30:00,0.89661,0.89705,0.89658,0.8968,896,16,0
2023-06-23 06:00:00,0.89682,0.89683,0.89643,0.89665,605,16,0
2023-06-23 06:30:00,0.89668,0.89704,0.8966,0.89693,548,16,0
2023-06-23 07:00:00,0.89693,0.89735,0.89688,0.89714,592,16,0
2023-06-23 07:30:00,0.89712,0.89749,0.89698,0.897,858,16,0
2023-06-23 08:00:00,0.89701,0.8972,0.89678,0.89716,843,16,0
2023-06-23 08:30:00,0.89723,0.89741,0.89692,0.89726,1012,16,0
2023-06-23 09:00:00,0.89733,0.89788,0.89715,0.89775,1501,16,0
2023-06-23 09:30:00,0.89775,0.89824,0.89766,0.89805,1219,16,0
2023-06-23 10:00:00,0.8981,0.90059,0.89792,0.90055,3781,16,0
2023-06-23 10:30:00,0.90055,0.90122,0.89974,0.8999,3953,16,0
2023-06-23 11:00:00,0.89986,0.89994,0.89898,0.89914,2502,16,0
2023-06-23 11:30:00,0.89915,0.90074,0.89915,0.90033,2336,16,0
2023-06-23 12:00:00,0.90033,0.90094,0.89969,0.89988,2278,16,0
2023-06-23 12:30:00,0.89987,0.90025,0.89926,0.89958,1441,16,0
2023-06-23 13:00:00,0.89958,0.89958,0.89867,0.89898,1424,16,0
2023-06-23 13:30:00,0.89898,0.89941,0.89851,0.89913,1365,16,0
2023-06-23 14:00:00,0.89913,0.89948,0.89841,0.89867,1295,16,0
2023-06-23 14:30:00,0.89866,0.89878,0.89802,0.89841,1319,16,0
2023-06-23 15:00:00,0.89842,0.89844,0.89652,0.89672,1794,16,0
2023-06-23 15:30:00,0.8967,0.89728,0.89559,0.89604,2554,16,0
2023-06-23 16:00:00,0.89602,0.89607,0.89447,0.89531,2013,16,0
2023-06-23 16:30:00,0.89532,0.89746,0.89502,0.89745,3383,16,0
2023-06-23 17:00:00,0.89745,0.8979,0.8957,0.89696,3401,16,0
2023-06-23 17:30:00,0.89697,0.8985,0.89668,0.89813,2793,16,0
2023-06-23 18:00:00,0.8981,0.89822,0.8973,0.89796,2053,16,0
2023-06-23 18:30:00,0.89796,0.89797,0.89718,0.89792,1740,16,0
2023-06-23 19:00:00,0.89794,0.89819,0.8977,0.89787,1351,16,0
2023-06-23 19:30:00,0.89786,0.89818,0.89775,0.89802,1299,16,0
2023-06-23 20:00:00,0.89801,0.89804,0.89707,0.89729,869,16,0
2023-06-23 20:30:00,0.8973,0.89732,0.89695,0.89721,735,16,0
2023-06-23 21:00:00,0.89723,0.89749,0.89718,0.89729,1663,16,0
2023-06-23 21:30:00,0.89727,0.89752,0.89705,0.89719,895,16,0
2023-06-23 22:00:00,0.8972,0.89727,0.89684,0.89712,639,16,0
2023-06-23 22:30:00,0.89711,0.89736,0.89663,0.89679,655,16,0
2023-06-23 23:00:00,0.89681,0.89717,0.89673,0.89686,1107,21,0
2023-06-23 23:30:00,0.89687,0.89687,0.8965,0.89672,1378,22,0
2023-06-26 00:00:00,0.89588,0.89588,0.89553,0.89553,2,199,0
2023-06-26 00:30:00,0.89551,0.89568,0.89529,0.89548,36,157,0
2023-06-26 01:00:00,0.89608,0.89623,0.89558,0.89592,629,21,0
2023-06-26 01:30:00,0.89593,0.89596,0.89552,0.89558,1020,21,0
2023-06-26 02:00:00,0.8955,0.89598,0.8955,0.89573,751,16,0
2023-06-26 02:30:00,0.89575,0.89596,0.89564,0.89569,488,16,0
2023-06-26 03:00:00,0.89573,0.89609,0.8955,0.89553,600,16,0
2023-06-26 03:30:00,0.89553,0.89607,0.89504,0.89597,781,16,0
2023-06-26 04:00:00,0.89599,0.8965,0.89581,0.89583,927,16,0
2023-06-26 04:30:00,0.89581,0.89589,0.89533,0.89589,614,16,0
2023-06-26 05:00:00,0.89591,0.89591,0.89544,0.89545,722,16,0
2023-06-26 05:30:00,0.89545,0.89595,0.89544,0.89591,628,16,0
2023-06-26 06:00:00,0.89592,0.89601,0.89545,0.8955,865,16,0
2023-06-26 06:30:00,0.8955,0.89597,0.89548,0.89568,596,16,0
2023-06-26 07:00:00,0.89569,0.89592,0.89559,0.89583,813,16,0
2023-06-26 07:30:00,0.89583,0.89606,0.89576,0.89586,523,16,0
2023-06-26 08:00:00,0.89586,0.89608,0.89557,0.89568,442,16,0
2023-06-26 08:30:00,0.89569,0.89574,0.89524,0.89557,781,16,0
2023-06-26 09:00:00,0.89562,0.89618,0.89544,0.89614,1604,16,0
2023-06-26 09:30:00,0.89614,0.89676,0.89581,0.89595,1227,16,0
2023-06-26 10:00:00,0.89596,0.89598,0.8946,0.89514,1834,16,0
2023-06-26 10:30:00,0.89516,0.89553,0.89459,0.89514,1885,16,0
2023-06-26 11:00:00,0.89514,0.89561,0.89472,0.89487,2128,16,0
2023-06-26 11:30:00,0.89487,0.89531,0.89474,0.89509,1676,16,0
2023-06-26 12:00:00,0.8951,0.89531,0.89447,0.89461,1418,16,0
2023-06-26 12:30:00,0.89465,0.89493,0.89413,0.89438,1434,16,0
2023-06-26 13:00:00,0.89439,0.89455,0.89302,0.89312,1040,16,0
2023-06-26 13:30:00,0.89308,0.89335,0.8925,0.89298,1472,16,0
2023-06-26 14:00:00,0.89299,0.89322,0.89184,0.89226,906,16,0
2023-06-26 14:30:00,0.89226,0.89258,0.89106,0.89163,1435,16,0
2023-06-26 15:00:00,0.89164,0.8922,0.89163,0.89202,1252,16,0
2023-06-26 15:30:00,0.89202,0.89279,0.89154,0.89269,1584,16,0
2023-06-26 16:00:00,0.89271,0.89323,0.89265,0.89308,1466,16,0
2023-06-26 16:30:00,0.8931,0.89415,0.89303,0.89363,2175,16,0
2023-06-26 17:00:00,0.89362,0.89466,0.89351,0.89415,2452,16,0
2023-06-26 17:30:00,0.89413,0.89536,0.89375,0.89493,2276,16,0
2023-06-26 18:00:00,0.89492,0.89509,0.89395,0.89416,1962,16,0
2023-06-26 18:30:00,0.89416,0.89475,0.89411,0.89462,1309,16,0
2023-06-26 19:00:00,0.89462,0.89516,0.89449,0.89514,955,16,0
2023-06-26 19:30:00,0.89514,0.89529,0.8946,0.89479,650,16,0
2023-06-26 20:00:00,0.89479,0.89498,0.89461,0.89469,840,16,0
2023-06-26 20:30:00,0.89469,0.89504,0.89469,0.89502,933,16,0
2023-06-26 21:00:00,0.89503,0.89517,0.89471,0.89488,451,16,0
2023-06-26 21:30:00,0.89488,0.89522,0.89479,0.89481,440,16,0
2023-06-26 22:00:00,0.89482,0.89551,0.89473,0.89551,567,16,0
2023-06-26 22:30:00,0.89551,0.89564,0.8953,0.89541,393,16,0
2023-06-26 23:00:00,0.89542,0.89556,0.89528,0.89541,355,18,0
2023-06-26 23:30:00,0.89541,0.89564,0.89538,0.89557,153,21,0
2023-06-27 00:00:00,0.89557,0.89557,0.89476,0.89477,9,36,0
2023-06-27 00:30:00,0.89501,0.89539,0.89478,0.89491,30,49,0
2023-06-27 01:00:00,0.89516,0.89569,0.89516,0.89545,918,17,0
2023-06-27 01:30:00,0.89545,0.8955,0.89522,0.89527,2892,20,0
2023-06-27 02:00:00,0.89527,0.89582,0.89527,0.89568,651,19,0
2023-06-27 02:30:00,0.89572,0.89574,0.89555,0.89569,435,16,0
2023-06-27 03:00:00,0.89571,0.89596,0.89568,0.89572,538,16,0
2023-06-27 03:30:00,0.89572,0.89647,0.8955,0.89639,782,17,0
2023-06-27 04:00:00,0.89639,0.89646,0.89587,0.89596,1953,16,0
2023-06-27 04:30:00,0.89595,0.89602,0.89388,0.89464,2366,16,0
2023-06-27 05:00:00,0.89465,0.89528,0.8946,0.89527,888,16,0
2023-06-27 05:30:00,0.89527,0.89531,0.89486,0.89489,711,16,0
2023-06-27 06:00:00,0.89491,0.89508,0.89458,0.89463,611,16,0
2023-06-27 06:30:00,0.89462,0.89481,0.89449,0.89473,482,16,0
2023-06-27 07:00:00,0.89474,0.89476,0.89448,0.89467,416,16,0
2023-06-27 07:30:00,0.89468,0.895,0.89467,0.89495,759,16,0
2023-06-27 08:00:00,0.89496,0.89499,0.89461,0.89465,698,17,0
2023-06-27 08:30:00,0.89468,0.89581,0.89467,0.89576,893,16,0
2023-06-27 09:00:00,0.89581,0.89594,0.89456,0.8946,1518,16,0
2023-06-27 09:30:00,0.89461,0.89496,0.89416,0.89449,1343,16,0
2023-06-27 10:00:00,0.89446,0.89462,0.89373,0.89428,1899,16,0
2023-06-27 10:30:00,0.89429,0.89466,0.89368,0.89429,1220,16,0
2023-06-27 11:00:00,0.89428,0.89493,0.89415,0.89435,1898,16,0
2023-06-27 11:30:00,0.89435,0.89487,0.89426,0.89464,1386,16,0
2023-06-27 12:00:00,0.89463,0.89551,0.89451,0.89529,1617,16,0
2023-06-27 12:30:00,0.8953,0.89531,0.89458,0.89495,1446,16,0
2023-06-27 13:00:00,0.89494,0.89519,0.89436,0.89445,1722,16,0
2023-06-27 13:30:00,0.89444,0.89459,0.89376,0.89414,1114,16,0
2023-06-27 14:00:00,0.89414,0.89435,0.89381,0.89383,1207,16,0
2023-06-27 14:30:00,0.89384,0.8946,0.8937,0.89459,1220,16,0
2023-06-27 15:00:00,0.8946,0.8946,0.89324,0.89352,1636,16,0
2023-06-27 15:30:00,0.89352,0.8944,0.8923,0.89304,2950,16,0
2023-06-27 16:00:00,0.89304,0.89458,0.8929,0.89347,2195,16,0
2023-06-27 16:30:00,0.89342,0.89419,0.89287,0.8939,2746,16,0
2023-06-27 17:00:00,0.8939,0.89547,0.89359,0.89479,3583,16,0
2023-06-27 17:30:00,0.89478,0.89696,0.8944,0.89584,3317,16,0
2023-06-27 18:00:00,0.89585,0.89621,0.89488,0.89495,2134,16,0
2023-06-27 18:30:00,0.89492,0.89501,0.89391,0.8941,1551,16,0
2023-06-27 19:00:00,0.89409,0.89426,0.89339,0.89358,1178,16,0
2023-06-27 19:30:00,0.89357,0.89392,0.8933,0.89344,785,16,0
2023-06-27 20:00:00,0.89344,0.8937,0.89313,0.89313,1030,16,0
2023-06-27 20:30:00,0.89317,0.89317,0.89286,0.89293,542,16,0
2023-06-27 21:00:00,0.89294,0.89321,0.89291,0.89297,813,16,0
2023-06-27 21:30:00,0.89298,0.89322,0.89288,0.89289,613,16,0
2023-06-27 22:00:00,0.89292,0.89325,0.89288,0.89312,457,16,0
2023-06-27 22:30:00,0.89312,0.89327,0.89294,0.89317,520,16,0
2023-06-27 23:00:00,0.89317,0.89349,0.89309,0.89345,492,19,0
2023-06-27 23:30:00,0.89344,0.89368,0.89333,0.89344,555,23,0
2023-06-28 00:00:00,0.89346,0.89359,0.89318,0.89359,36,28,0
2023-06-28 00:30:00,0.89358,0.89359,0.89289,0.89289,80,28,0
2023-06-28 01:00:00,0.8933,0.89337,0.8931,0.89333,545,16,0
2023-06-28 01:30:00,0.89333,0.89358,0.89329,0.89355,953,18,0
2023-06-28 02:00:00,0.89354,0.89372,0.8935,0.8937,609,17,0
2023-06-28 02:30:00,0.89369,0.89373,0.89354,0.89367,510,16,0
2023-06-28 03:00:00,0.8937,0.89375,0.89312,0.89319,867,16,0
2023-06-28 03:30:00,0.89319,0.89368,0.89318,0.89358,773,16,0
2023-06-28 04:00:00,0.89357,0.89404,0.89349,0.89376,940,16,0
2023-06-28 04:30:00,0.89376,0.89439,0.89366,0.89439,1687,16,0
2023-06-28 05:00:00,0.89439,0.89476,0.89425,0.89464,834,16,0
2023-06-28 05:30:00,0.89465,0.89471,0.89402,0.89413,567,17,0
2023-06-28 06:00:00,0.89415,0.89416,0.89378,0.89391,856,16,0
2023-06-28 06:30:00,0.89392,0.89413,0.89379,0.89409,556,16,0
2023-06-28 07:00:00,0.89408,0.8941,0.8938,0.89408,717,16,0
2023-06-28 07:30:00,0.89407,0.89434,0.89397,0.89421,807,16,0
2023-06-28 08:00:00,0.89421,0.89441,0.89389,0.89402,726,16,0
2023-06-28 08:30:00,0.89403,0.8943,0.89388,0.8942,935,16,0
2023-06-28 09:00:00,0.89415,0.89454,0.89364,0.89442,1159,16,0
2023-06-28 09:30:00,0.89443,0.89495,0.89433,0.89487,1476,16,0
2023-06-28 10:00:00,0.89486,0.8951,0.89444,0.89482,1864,16,0
2023-06-28 10:30:00,0.89482,0.89523,0.89431,0.89503,1720,16,0
2023-06-28 11:00:00,0.89503,0.89539,0.89475,0.89517,1932,16,0
2023-06-28 11:30:00,0.89517,0.89536,0.89426,0.8947,1957,16,0
2023-06-28 12:00:00,0.8947,0.89519,0.8945,0.89509,1388,16,0
2023-06-28 12:30:00,0.89508,0.89589,0.89471,0.89586,1449,16,0
2023-06-28 13:00:00,0.89586,0.89602,0.89454,0.89456,1261,16,0
2023-06-28 13:30:00,0.89457,0.89585,0.89457,0.89581,1183,16,0
2023-06-28 14:00:00,0.89581,0.89671,0.89575,0.89648,1829,16,0
2023-06-28 14:30:00,0.89648,0.89719,0.89626,0.89713,1619,16,0
2023-06-28 15:00:00,0.89712,0.89818,0.89709,0.89737,2184,16,0
2023-06-28 15:30:00,0.89737,0.89863,0.89735,0.89846,2140,16,0
2023-06-28 16:00:00,0.89845,0.89862,0.89718,0.89724,1841,16,0
2023-06-28 16:30:00,0.89725,0.89786,0.89584,0.89667,4130,16,0
2023-06-28 17:00:00,0.89665,0.89764,0.896,0.89728,2488,16,0
2023-06-28 17:30:00,0.89729,0.89777,0.89642,0.89733,2852,16,0
2023-06-28 18:00:00,0.8974,0.8975,0.89627,0.89656,2632,16,0
2023-06-28 18:30:00,0.89656,0.89758,0.89647,0.89743,1557,16,0
2023-06-28 19:00:00,0.89745,0.89751,0.89626,0.89645,1405,16,0
2023-06-28 19:30:00,0.89646,0.89686,0.89635,0.89638,1490,16,0
2023-06-28 20:00:00,0.89638,0.8965,0.89597,0.8961,1355,16,0
2023-06-28 20:30:00,0.89609,0.89625,0.89586,0.89605,858,16,0
2023-06-28 21:00:00,0.89605,0.89616,0.89589,0.89604,666,16,0
2023-06-28 21:30:00,0.89604,0.89626,0.89562,0.89623,648,16,0
2023-06-28 22:00:00,0.89625,0.8966,0.89623,0.8965,517,16,0
2023-06-28 22:30:00,0.89649,0.89678,0.89627,0.89666,564,16,0
2023-06-28 23:00:00,0.89667,0.89692,0.89631,0.89688,621,20,0
2023-06-28 23:30:00,0.89688,0.89699,0.89669,0.89681,361,21,0
2023-06-29 00:00:00,0.89667,0.89672,0.89606,0.89606,51,28,0
2023-06-29 00:30:00,0.89626,0.89676,0.89619,0.89643,205,28,0
2023-06-29 01:00:00,0.89636,0.89662,0.89636,0.89655,432,21,0
2023-06-29 01:30:00,0.89655,0.89666,0.89646,0.89666,297,18,0
2023-06-29 02:00:00,0.89666,0.8967,0.89646,0.89653,400,18,0
2023-06-29 02:30:00,0.89653,0.89666,0.8963,0.89666,263,17,0
2023-06-29 03:00:00,0.89669,0.89744,0.89659,0.89739,733,16,0
2023-06-29 03:30:00,0.89739,0.89751,0.89698,0.89708,567,16,0
2023-06-29 04:00:00,0.89708,0.89713,0.89646,0.89659,1147,16,0
2023-06-29 04:30:00,0.89659,0.89723,0.89651,0.8972,799,16,0
2023-06-29 05:00:00,0.89722,0.89789,0.8972,0.89758,828,16,0
2023-06-29 05:30:00,0.89759,0.89814,0.89753,0.8981,570,16,0
2023-06-29 06:00:00,0.8981,0.89828,0.89794,0.89811,928,17,0
2023-06-29 06:30:00,0.89812,0.89838,0.89799,0.89803,781,17,0
2023-06-29 07:00:00,0.89804,0.8982,0.89798,0.89798,405,16,0
2023-06-29 07:30:00,0.89798,0.89859,0.89795,0.89844,415,16,0
2023-06-29 08:00:00,0.89845,0.89876,0.89829,0.89841,695,16,0
2023-06-29 08:30:00,0.89841,0.89852,0.89794,0.89806,1144,16,0
2023-06-29 09:00:00,0.89805,0.89875,0.89796,0.89849,1448,16,0
2023-06-29 09:30:00,0.89849,0.89891,0.89812,0.89854,1400,16,0
2023-06-29 10:00:00,0.89856,0.8986,0.89763,0.89782,2030,16,0
2023-06-29 10:30:00,0.89781,0.89796,0.89701,0.89736,1521,16,0
2023-06-29 11:00:00,0.89733,0.89759,0.8967,0.89681,1876,16,0
2023-06-29 11:30:00,0.89683,0.89736,0.89659,0.89678,1402,16,0
2023-06-29 12:00:00,0.89676,0.89754,0.89676,0.89744,1042,16,0
2023-06-29 12:30:00,0.89746,0.89759,0.89611,0.89644,1165,16,0
2023-06-29 13:00:00,0.89645,0.89651,0.89547,0.89587,1043,16,0
2023-06-29 13:30:00,0.89586,0.89606,0.89554,0.89555,1238,16,0
2023-06-29 14:00:00,0.89556,0.8957,0.89464,0.89486,1187,16,0
2023-06-29 14:30:00,0.89487,0.89507,0.89424,0.89441,1256,16,0
2023-06-29 15:00:00,0.89441,0.8951,0.89432,0.89496,1219,16,0
2023-06-29 15:30:00,0.89507,0.89868,0.89499,0.89822,5251,16,0
2023-06-29 16:00:00,0.89822,0.89918,0.89756,0.89907,3735,16,0
2023-06-29 16:30:00,0.89909,0.90008,0.8986,0.89907,2980,16,0
2023-06-29 17:00:00,0.89902,0.89903,0.89753,0.89827,3157,16,0
2023-06-29 17:30:00,0.89827,0.89888,0.8967,0.89686,3445,16,0
2023-06-29 18:00:00,0.89686,0.8978,0.89679,0.89762,2025,16,0
2023-06-29 18:30:00,0.89763,0.89848,0.89763,0.89839,1487,16,0
2023-06-29 19:00:00,0.89838,0.89875,0.89824,0.89859,1308,16,0
2023-06-29 19:30:00,0.89859,0.89894,0.8982,0.89885,981,16,0
2023-06-29 20:00:00,0.89885,0.899,0.89857,0.89871,1202,16,0
2023-06-29 20:30:00,0.89871,0.89913,0.89863,0.89901,690,16,0
2023-06-29 21:00:00,0.89901,0.89942,0.89893,0.89922,1196,16,0
2023-06-29 21:30:00,0.89923,0.89975,0.89904,0.8997,1054,16,0
2023-06-29 22:00:00,0.8997,0.89985,0.89926,0.89938,662,16,0
2023-06-29 22:30:00,0.89938,0.89968,0.89929,0.89961,579,16,0
2023-06-29 23:00:00,0.89962,0.89967,0.89931,0.89955,420,20,0
2023-06-29 23:30:00,0.89955,0.89955,0.8991,0.89915,343,21,0
2023-06-30 00:00:00,0.89917,0.89936,0.89885,0.89936,48,37,0
2023-06-30 00:30:00,0.89935,0.89941,0.89898,0.89935,81,25,0
2023-06-30 01:00:00,0.89935,0.89947,0.89925,0.89927,709,17,0
2023-06-30 01:30:00,0.89926,0.89939,0.89922,0.89935,787,17,0
2023-06-30 02:00:00,0.89935,0.89943,0.89913,0.89921,343,16,0
2023-06-30 02:30:00,0.89923,0.89937,0.89905,0.8991,535,17,0
2023-06-30 03:00:00,0.8991,0.89949,0.89899,0.89936,716,17,0
2023-06-30 03:30:00,0.89936,0.89948,0.89861,0.89866,886,16,0
2023-06-30 04:00:00,0.89865,0.89909,0.89833,0.89883,1303,16,0
2023-06-30 04:30:00,0.89884,0.89915,0.89878,0.899,1378,17,0
2023-06-30 05:00:00,0.899,0.89904,0.89844,0.89868,954,16,0
2023-06-30 05:30:00,0.89868,0.89868,0.89835,0.89865,477,16,0
2023-06-30 06:00:00,0.89869,0.89878,0.89848,0.89855,669,16,0
2023-06-30 06:30:00,0.89857,0.89857,0.89821,0.89838,663,16,0
2023-06-30 07:00:00,0.89836,0.89855,0.89826,0.8984,411,16,0
2023-06-30 07:30:00,0.89841,0.89869,0.89838,0.89856,708,16,0
2023-06-30 08:00:00,0.89855,0.89867,0.89815,0.89823,759,16,0
2023-06-30 08:30:00,0.89825,0.89853,0.898,0.89848,1066,16,0
2023-06-30 09:00:00,0.89852,0.89992,0.89851,0.89951,1579,16,0
2023-06-30 09:30:00,0.8995,0.89957,0.89873,0.89891,1640,16,0
2023-06-30 10:00:00,0.89891,0.89956,0.89839,0.89864,1957,16,0
2023-06-30 10:30:00,0.89863,0.89989,0.8986,0.89953,1682,16,0
2023-06-30 11:00:00,0.89954,0.90093,0.89953,0.90075,1831,16,0
2023-06-30 11:30:00,0.90076,0.90147,0.9007,0.9011,1702,16,0
2023-06-30 12:00:00,0.9011,0.90127,0.90046,0.90097,1613,16,0
2023-06-30 12:30:00,0.90095,0.90159,0.90074,0.90155,1269,16,0
2023-06-30 13:00:00,0.90155,0.90155,0.90091,0.90134,1180,16,0
2023-06-30 13:30:00,0.90134,0.90159,0.90072,0.9008,1233,16,0
2023-06-30 14:00:00,0.90079,0.90092,0.90024,0.90046,1176,16,0
2023-06-30 14:30:00,0.90046,0.90117,0.9003,0.90113,973,16,0
2023-06-30 15:00:00,0.90113,0.90124,0.89966,0.89978,1758,16,0
2023-06-30 15:30:00,0.89978,0.89979,0.89762,0.89772,3637,16,0
2023-06-30 16:00:00,0.89773,0.89784,0.8966,0.89686,1895,16,0
2023-06-30 16:30:00,0.89686,0.89745,0.89574,0.89629,2721,16,0
2023-06-30 17:00:00,0.89631,0.89636,0.89347,0.8942,3035,16,0
2023-06-30 17:30:00,0.89419,0.89526,0.89344,0.89466,4006,16,0
2023-06-30 18:00:00,0.89466,0.89512,0.89422,0.89479,2688,16,0
2023-06-30 18:30:00,0.89479,0.89522,0.89435,0.89462,1584,16,0
2023-06-30 19:00:00,0.89463,0.89558,0.89457,0.89551,1484,16,0
2023-06-30 19:30:00,0.89551,0.89551,0.89462,0.89462,1251,16,0
2023-06-30 20:00:00,0.89461,0.89462,0.89406,0.89438,1206,16,0
2023-06-30 20:30:00,0.89438,0.89523,0.89435,0.89467,928,16,0
2023-06-30 21:00:00,0.89465,0.89481,0.8942,0.89451,877,16,0
2023-06-30 21:30:00,0.8945,0.89494,0.89432,0.89478,727,16,0
2023-06-30 22:00:00,0.89477,0.89537,0.89477,0.89531,1009,16,0
2023-06-30 22:30:00,0.89531,0.89563,0.89485,0.89486,1114,16,0
2023-06-30 23:00:00,0.89487,0.89513,0.8948,0.89488,742,21,0
2023-06-30 23:30:00,0.89488,0.89513,0.89481,0.89502,776,23,0
2023-07-03 00:00:00,0.89345,0.89345,0.89341,0.89341,2,237,0
2023-07-03 00:30:00,0.89357,0.8941,0.8933,0.8941,16,151,0
2023-07-03 01:00:00,0.89461,0.89496,0.89437,0.89485,271,16,0
2023-07-03 01:30:00,0.89486,0.89498,0.8948,0.89493,81,29,0
2023-07-03 02:00:00,0.89493,0.89499,0.89472,0.89494,150,19,0
2023-07-03 02:30:00,0.89494,0.89518,0.89489,0.89513,469,16,0
2023-07-03 03:00:00,0.89516,0.89534,0.89498,0.89508,612,16,0
2023-07-03 03:30:00,0.89506,0.89564,0.89497,0.89554,653,16,0
2023-07-03 04:00:00,0.89553,0.8956,0.89518,0.89532,912,16,0
2023-07-03 04:30:00,0.89533,0.89539,0.89481,0.89516,1211,16,0
2023-07-03 05:00:00,0.89516,0.89535,0.89504,0.89527,825,16,0
2023-07-03 05:30:00,0.89528,0.89543,0.89521,0.89536,495,16,0
2023-07-03 06:00:00,0.89537,0.8954,0.89516,0.89522,746,17,0
2023-07-03 06:30:00,0.89521,0.89532,0.89482,0.8949,362,16,0
2023-07-03 07:00:00,0.8949,0.89494,0.89477,0.89485,323,16,0
2023-07-03 07:30:00,0.89485,0.89494,0.89447,0.8945,722,16,0
2023-07-03 08:00:00,0.89449,0.8946,0.8941,0.89423,544,16,0
2023-07-03 08:30:00,0.89418,0.89597,0.89397,0.89588,920,16,0
2023-07-03 09:00:00,0.8959,0.89676,0.89566,0.89668,1783,16,0
2023-07-03 09:30:00,0.89664,0.89829,0.89663,0.89761,2003,16,0
2023-07-03 10:00:00,0.89763,0.89806,0.89749,0.89787,1931,16,0
2023-07-03 10:30:00,0.89787,0.89904,0.89774,0.89889,2010,16,0
2023-07-03 11:00:00,0.89889,0.89913,0.89836,0.8984,1485,16,0
2023-07-03 11:30:00,0.89844,0.89921,0.89813,0.89884,1704,16,0
2023-07-03 12:00:00,0.89883,0.89965,0.89874,0.89949,1226,16,0
2023-07-03 12:30:00,0.89951,0.90033,0.89928,0.89954,1402,16,0
2023-07-03 13:00:00,0.89955,0.90015,0.89944,0.89956,1167,16,0
2023-07-03 13:30:00,0.89956,0.89969,0.89903,0.8995,1189,16,0
2023-07-03 14:00:00,0.89951,0.89983,0.89833,0.89869,2032,16,0
2023-07-03 14:30:00,0.89871,0.89912,0.89845,0.89895,1274,16,0
2023-07-03 15:00:00,0.89895,0.89965,0.89881,0.89936,1395,16,0
2023-07-03 15:30:00,0.89936,0.89952,0.89795,0.89819,1480,16,0
2023-07-03 16:00:00,0.8982,0.89844,0.89703,0.89715,1529,16,0
2023-07-03 16:30:00,0.89716,0.8983,0.89681,0.89718,1730,16,0
2023-07-03 17:00:00,0.89773,0.89773,0.89612,0.89703,2165,16,0
2023-07-03 17:30:00,0.89704,0.89741,0.89582,0.89607,2452,16,0
2023-07-03 18:00:00,0.89605,0.89691,0.89599,0.89618,1980,16,0
2023-07-03 18:30:00,0.89616,0.89671,0.89515,0.89559,1185,16,0
2023-07-03 19:00:00,0.89561,0.89612,0.8953,0.89586,926,16,0
2023-07-03 19:30:00,0.89584,0.89614,0.89558,0.89607,1024,16,0
2023-07-03 20:00:00,0.89607,0.89623,0.89591,0.89608,573,16,0
2023-07-03 20:30:00,0.89608,0.89644,0.89606,0.89644,235,16,0
2023-07-03 21:00:00,0.89644,0.89652,0.89628,0.8964,325,16,0
2023-07-03 21:30:00,0.8964,0.89662,0.89623,0.89629,709,16,0
2023-07-03 22:00:00,0.8963,0.89654,0.89595,0.89653,342,16,0
2023-07-03 22:30:00,0.89651,0.89652,0.8961,0.89648,256,16,0
2023-07-03 23:00:00,0.8965,0.8965,0.89608,0.89629,316,19,0
2023-07-03 23:30:00,0.89629,0.8963,0.89603,0.89612,259,22,0
2023-07-04 00:00:00,0.89528,0.89604,0.89528,0.89578,16,68,0
2023-07-04 00:30:00,0.8957,0.89634,0.8957,0.89633,63,28,0
2023-07-04 01:00:00,0.89635,0.89635,0.89565,0.89623,460,21,0
2023-07-04 01:30:00,0.89624,0.89641,0.89614,0.89626,182,32,0
2023-07-04 02:00:00,0.89621,0.89634,0.8961,0.89617,983,18,0
2023-07-04 02:30:00,0.89617,0.89621,0.89583,0.89583,167,16,0
2023-07-04 03:00:00,0.89586,0.89609,0.8957,0.89603,388,16,0
2023-07-04 03:30:00,0.896,0.89628,0.89575,0.89627,495,16,0
2023-07-04 04:00:00,0.89628,0.89634,0.89559,0.89578,769,16,0
2023-07-04 04:30:00,0.89577,0.89649,0.89575,0.89642,884,16,0
2023-07-04 05:00:00,0.89644,0.8966,0.89631,0.89657,759,16,0
2023-07-04 05:30:00,0.89657,0.89662,0.89622,0.89626,291,16,0
2023-07-04 06:00:00,0.89629,0.89641,0.89614,0.89625,453,16,0
2023-07-04 06:30:00,0.89624,0.89643,0.89607,0.89643,298,16,0
2023-07-04 07:00:00,0.89642,0.89686,0.89638,0.89671,522,16,0
2023-07-04 07:30:00,0.89672,0.8969,0.8966,0.89689,1241,16,0
2023-07-04 08:00:00,0.89689,0.89723,0.89685,0.89718,808,16,0
2023-07-04 08:30:00,0.8972,0.8972,0.89674,0.8969,514,16,0
2023-07-04 09:00:00,0.89691,0.89713,0.89579,0.89579,739,16,0
2023-07-04 09:30:00,0.89577,0.89585,0.89509,0.8951,968,16,0
2023-07-04 10:00:00,0.89512,0.89631,0.89512,0.89622,1232,16,0
2023-07-04 10:30:00,0.89621,0.89688,0.89593,0.89634,1299,16,0
2023-07-04 11:00:00,0.89633,0.8969,0.89578,0.89601,1252,16,0
2023-07-04 11:30:00,0.896,0.89621,0.8956,0.89573,1324,16,0
2023-07-04 12:00:00,0.8957,0.89581,0.89475,0.89482,1003,16,0
2023-07-04 12:30:00,0.89481,0.89522,0.89447,0.8952,1076,16,0
2023-07-04 13:00:00,0.8952,0.89548,0.89506,0.8954,947,16,0
2023-07-04 13:30:00,0.8954,0.89574,0.89514,0.89552,613,16,0
2023-07-04 14:00:00,0.89552,0.89622,0.89535,0.8958,870,16,0
2023-07-04 14:30:00,0.8958,0.89589,0.8955,0.89585,1044,16,0
2023-07-04 15:00:00,0.89585,0.89615,0.89556,0.89575,790,16,0
2023-07-04 15:30:00,0.89576,0.89597,0.89514,0.89518,1099,16,0
2023-07-04 16:00:00,0.89524,0.89568,0.8951,0.89548,992,16,0
2023-07-04 16:30:00,0.89547,0.89551,0.89519,0.89525,608,16,0
2023-07-04 17:00:00,0.89525,0.89549,0.89499,0.89507,902,16,0
2023-07-04 17:30:00,0.89508,0.89589,0.8949,0.89575,709,16,0
2023-07-04 18:00:00,0.89576,0.89612,0.89552,0.89599,718,16,0
2023-07-04 18:30:00,0.89599,0.89613,0.89549,0.89565,933,16,0
2023-07-04 19:00:00,0.89565,0.89629,0.89559,0.89616,430,16,0
2023-07-04 19:30:00,0.89615,0.89641,0.89589,0.89626,431,16,0
2023-07-04 20:00:00,0.89627,0.89627,0.89606,0.89606,272,16,0
2023-07-04 20:30:00,0.89607,0.89646,0.89593,0.8964,577,16,0
2023-07-04 21:00:00,0.89641,0.89675,0.89624,0.89629,1067,16,0
2023-07-04 21:30:00,0.89628,0.89648,0.8961,0.89633,795,16,0
2023-07-04 22:00:00,0.89632,0.89729,0.89632,0.89694,766,16,0
2023-07-04 22:30:00,0.89692,0.89718,0.89671,0.89714,558,16,0
2023-07-04 23:00:00,0.89714,0.89726,0.89687,0.89719,461,21,0
2023-07-04 23:30:00,0.89719,0.89739,0.89674,0.89674,350,21,0
2023-07-05 00:00:00,0.89624,0.89672,0.89593,0.89662,35,50,0
2023-07-05 00:30:00,0.89669,0.89688,0.89647,0.89657,127,28,0
2023-07-05 01:00:00,0.89684,0.89713,0.89682,0.89695,1375,16,0
2023-07-05 01:30:00,0.89695,0.89701,0.89676,0.89696,578,18,0
2023-07-05 02:00:00,0.89698,0.89707,0.89675,0.89681,192,17,0
2023-07-05 02:30:00,0.89681,0.89685,0.89668,0.89674,215,16,0
2023-07-05 03:00:00,0.89672,0.89672,0.89635,0.89638,425,16,0
2023-07-05 03:30:00,0.89638,0.89654,0.89616,0.89647,394,16,0
2023-07-05 04:00:00,0.89647,0.8968,0.89642,0.8967,484,16,0
2023-07-05 04:30:00,0.89672,0.89723,0.89663,0.89717,727,16,0
2023-07-05 05:00:00,0.89718,0.89735,0.89706,0.89727,558,16,0
2023-07-05 05:30:00,0.89727,0.89732,0.89712,0.89715,364,16,0
2023-07-05 06:00:00,0.89717,0.8975,0.89705,0.89738,336,16,0
2023-07-05 06:30:00,0.89739,0.89746,0.89719,0.89733,310,16,0
2023-07-05 07:00:00,0.89734,0.89744,0.89723,0.89727,284,16,0
2023-07-05 07:30:00,0.89727,0.89764,0.89726,0.89747,379,16,0
2023-07-05 08:00:00,0.89747,0.89801,0.89743,0.89755,632,16,0
2023-07-05 08:30:00,0.89755,0.89758,0.89693,0.89709,753,16,0
2023-07-05 09:00:00,0.8971,0.89814,0.89696,0.89797,887,16,0
2023-07-05 09:30:00,0.89796,0.89823,0.89718,0.89819,1398,16,0
2023-07-05 10:00:00,0.89821,0.89839,0.89613,0.89657,1878,16,0
2023-07-05 10:30:00,0.89657,0.89734,0.89617,0.8971,1634,16,0
2023-07-05 11:00:00,0.89711,0.89864,0.89706,0.89833,2674,16,0
2023-07-05 11:30:00,0.89834,0.89871,0.89754,0.89793,1677,16,0
2023-07-05 12:00:00,0.89792,0.89877,0.89752,0.89872,1676,16,0
2023-07-05 12:30:00,0.89871,0.89905,0.89798,0.89833,1374,16,0
2023-07-05 13:00:00,0.89834,0.8989,0.89821,0.89873,1008,16,0
2023-07-05 13:30:00,0.89872,0.89877,0.8983,0.89831,1047,16,0
2023-07-05 14:00:00,0.89833,0.89886,0.89809,0.89859,878,16,0
2023-07-05 14:30:00,0.8986,0.89903,0.89856,0.89899,1080,16,0
2023-07-05 15:00:00,0.89898,0.89937,0.89845,0.89857,1795,16,0
2023-07-05 15:30:00,0.89858,0.89873,0.89696,0.89744,1616,16,0
2023-07-05 16:00:00,0.89744,0.89764,0.89615,0.89644,1265,16,0
2023-07-05 16:30:00,0.89645,0.8972,0.89614,0.89657,1825,16,0
2023-07-05 17:00:00,0.89657,0.89785,0.89627,0.89756,1954,16,0
2023-07-05 17:30:00,0.89755,0.89877,0.89751,0.89761,2222,16,0
2023-07-05 18:00:00,0.89761,0.89785,0.89715,0.89761,1579,16,0
2023-07-05 18:30:00,0.89762,0.89811,0.89724,0.89797,1057,16,0
2023-07-05 19:00:00,0.89798,0.89827,0.89789,0.89811,1000,16,0
2023-07-05 19:30:00,0.89812,0.89848,0.89808,0.8983,662,16,0
2023-07-05 20:00:00,0.89827,0.89844,0.89784,0.89798,752,16,0
2023-07-05 20:30:00,0.89799,0.89823,0.89789,0.89803,583,16,0
2023-07-05 21:00:00,0.89803,0.89889,0.89766,0.89863,1616,16,0
2023-07-05 21:30:00,0.89863,0.89886,0.89832,0.89883,1124,16,0
2023-07-05 22:00:00,0.89884,0.89897,0.89852,0.89871,972,16,0
2023-07-05 22:30:00,0.8987,0.89873,0.89842,0.8987,666,16,0
2023-07-05 23:00:00,0.89869,0.89878,0.89855,0.89865,776,18,0
2023-07-05 23:30:00,0.89867,0.89876,0.89846,0.89846,806,22,0
2023-07-06 00:00:00,0.89834,0.89865,0.89803,0.89835,93,28,0
2023-07-06 00:30:00,0.89845,0.89851,0.89798,0.89798,95,28,0
2023-07-06 01:00:00,0.89804,0.89851,0.898,0.89841,619,22,0
2023-07-06 01:30:00,0.8984,0.89856,0.89826,0.89856,245,17,0
2023-07-06 02:00:00,0.89858,0.8987,0.89834,0.89836,355,17,0
2023-07-06 02:30:00,0.89835,0.8986,0.89835,0.89848,200,17,0
2023-07-06 03:00:00,0.89848,0.8988,0.89818,0.8984,689,16,0
2023-07-06 03:30:00,0.89842,0.89893,0.89832,0.89865,711,16,0
2023-07-06 04:00:00,0.89866,0.89901,0.89863,0.89892,665,16,0
2023-07-06 04:30:00,0.89894,0.89896,0.89824,0.8983,861,16,0
2023-07-06 05:00:00,0.8983,0.89848,0.89801,0.89808,528,16,0
2023-07-06 05:30:00,0.89808,0.89842,0.89798,0.89833,627,16,0
2023-07-06 06:00:00,0.89834,0.89858,0.89806,0.89809,525,16,0
2023-07-06 06:30:00,0.89808,0.89843,0.89785,0.89839,429,16,0
2023-07-06 07:00:00,0.89842,0.89885,0.89831,0.89882,762,16,0
2023-07-06 07:30:00,0.89883,0.89901,0.89835,0.89839,815,16,0
2023-07-06 08:00:00,0.8984,0.89849,0.89794,0.89797,1017,17,0
2023-07-06 08:30:00,0.89797,0.89824,0.89725,0.89732,879,16,0
2023-07-06 09:00:00,0.89737,0.89751,0.89645,0.89665,1908,16,0
2023-07-06 09:30:00,0.89666,0.89727,0.89656,0.89696,1488,16,0
2023-07-06 10:00:00,0.89698,0.89783,0.89698,0.89733,1949,16,0
2023-07-06 10:30:00,0.89733,0.8979,0.89704,0.89777,2003,16,0
2023-07-06 11:00:00,0.89777,0.89872,0.89761,0.89837,1536,16,0
2023-07-06 11:30:00,0.89838,0.89917,0.89732,0.89743,1569,16,0
2023-07-06 12:00:00,0.89743,0.89769,0.89686,0.89748,1316,16,0
2023-07-06 12:30:00,0.89747,0.89786,0.89699,0.89778,1171,16,0
2023-07-06 13:00:00,0.89778,0.89786,0.89612,0.89627,1732,16,0
2023-07-06 13:30:00,0.89628,0.89651,0.89585,0.89599,1556,16,0
2023-07-06 14:00:00,0.896,0.8961,0.89505,0.89535,1160,16,0
2023-07-06 14:30:00,0.89536,0.89576,0.89502,0.89535,1151,16,0
2023-07-06 15:00:00,0.89535,0.89808,0.89503,0.89668,3977,16,0
2023-07-06 15:30:00,0.89676,0.89844,0.89643,0.89754,4446,16,0
2023-07-06 16:00:00,0.89754,0.89823,0.89652,0.89662,3269,16,0
2023-07-06 16:30:00,0.89662,0.89771,0.89631,0.89672,3869,16,0
2023-07-06 17:00:00,0.89686,0.8992,0.89672,0.89873,4500,16,0
2023-07-06 17:30:00,0.89873,0.8997,0.89629,0.89669,3462,16,0
2023-07-06 18:00:00,0.89668,0.89778,0.8963,0.89766,2071,16,0
2023-07-06 18:30:00,0.89765,0.89782,0.89638,0.89648,2115,16,0
2023-07-06 19:00:00,0.89649,0.89652,0.89575,0.89649,1917,16,0
2023-07-06 19:30:00,0.8965,0.8965,0.8958,0.89629,1214,16,0
2023-07-06 20:00:00,0.89629,0.89642,0.89574,0.89581,937,16,0
2023-07-06 20:30:00,0.89581,0.89619,0.89559,0.89568,1216,16,0
2023-07-06 21:00:00,0.89569,0.89622,0.89565,0.89615,1006,16,0
2023-07-06 21:30:00,0.89615,0.89616,0.89571,0.89595,849,16,0
2023-07-06 22:00:00,0.89595,0.89595,0.89559,0.89559,614,16,0
2023-07-06 22:30:00,0.89561,0.89585,0.89543,0.89545,756,16,0
2023-07-06 23:00:00,0.89544,0.89566,0.89526,0.89531,965,21,0
2023-07-06 23:30:00,0.8953,0.89537,0.89501,0.89506,842,21,0
2023-07-07 00:00:00,0.89506,0.89544,0.89498,0.89541,75,36,0
2023-07-07 00:30:00,0.8954,0.89568,0.89485,0.89541,200,28,0
2023-07-07 01:00:00,0.89537,0.89539,0.89516,0.89533,838,16,0
2023-07-07 01:30:00,0.89527,0.89529,0.8951,0.89521,557,16,0
2023-07-07 02:00:00,0.8952,0.89523,0.8949,0.89512,312,16,0
2023-07-07 02:30:00,0.89511,0.89529,0.89507,0.89525,327,17,0
2023-07-07 03:00:00,0.89529,0.89591,0.89515,0.8959,839,16,0
2023-07-07 03:30:00,0.8959,0.89667,0.89577,0.8964,815,16,0
2023-07-07 04:00:00,0.89641,0.89644,0.89594,0.89625,487,16,0
2023-07-07 04:30:00,0.89625,0.89639,0.89615,0.89634,486,16,0
2023-07-07 05:00:00,0.89635,0.89637,0.89614,0.89633,448,16,0
2023-07-07 05:30:00,0.89631,0.89639,0.89584,0.89587,591,16,0
2023-07-07 06:00:00,0.89589,0.8959,0.89551,0.89573,261,16,0
2023-07-07 06:30:00,0.89574,0.8961,0.89573,0.89597,406,16,0
2023-07-07 07:00:00,0.89598,0.8961,0.8957,0.89574,1104,16,0
2023-07-07 07:30:00,0.89575,0.89579,0.89545,0.89577,557,16,0
2023-07-07 08:00:00,0.89577,0.89586,0.89538,0.89557,1079,16,0
2023-07-07 08:30:00,0.8956,0.89597,0.89528,0.89591,796,16,0
2023-07-07 09:00:00,0.8959,0.8959,0.89492,0.89519,1286,16,0
2023-07-07 09:30:00,0.89517,0.89561,0.89492,0.89548,1084,16,0
2023-07-07 10:00:00,0.89549,0.89579,0.89494,0.89516,1540,16,0
2023-07-07 10:30:00,0.89517,0.89597,0.8948,0.89572,1546,16,0
2023-07-07 11:00:00,0.89572,0.89643,0.89541,0.89564,1435,16,0
2023-07-07 11:30:00,0.89564,0.89598,0.89533,0.89569,1479,16,0
2023-07-07 12:00:00,0.89567,0.89614,0.8949,0.89607,1482,16,0
2023-07-07 12:30:00,0.89606,0.89621,0.89503,0.89575,1778,16,0
2023-07-07 13:00:00,0.89576,0.89598,0.89561,0.89572,1541,16,0
2023-07-07 13:30:00,0.89572,0.89572,0.89481,0.89525,1178,16,0
2023-07-07 14:00:00,0.89524,0.89537,0.89513,0.89518,285,16,0
2023-07-07 20:30:00,0.88809,0.88844,0.88751,0.88799,629,16,0
2023-07-07 21:00:00,0.888,0.88833,0.88795,0.88823,534,16,0
2023-07-07 21:30:00,0.88822,0.88857,0.88806,0.88839,580,16,0
2023-07-07 22:00:00,0.88839,0.8888,0.88839,0.88875,575,16,0
2023-07-07 22:30:00,0.88873,0.88904,0.8886,0.8888,750,16,0
2023-07-07 23:00:00,0.88883,0.88903,0.88866,0.88896,493,21,0
2023-07-07 23:30:00,0.88897,0.88922,0.88894,0.889,359,21,0
2023-07-10 00:00:00,0.88886,0.88886,0.88713,0.88713,3,228,0
2023-07-10 00:30:00,0.88735,0.8882,0.88713,0.8882,46,159,0
2023-07-10 01:00:00,0.88821,0.88903,0.88821,0.88851,422,20,0
2023-07-10 01:30:00,0.88851,0.88899,0.8885,0.88881,513,18,0
2023-07-10 02:00:00,0.88883,0.8894,0.88883,0.88937,346,16,0
2023-07-10 02:30:00,0.88935,0.88954,0.88886,0.88892,314,16,0
2023-07-10 03:00:00,0.88893,0.88988,0.88869,0.88976,701,16,0
2023-07-10 03:30:00,0.88976,0.88988,0.88932,0.88948,760,17,0
2023-07-10 04:00:00,0.88949,0.8895,0.88907,0.88923,929,17,0
2023-07-10 04:30:00,0.88922,0.89002,0.88922,0.88972,953,17,0
2023-07-10 05:00:00,0.88971,0.88999,0.88947,0.88997,652,16,0
2023-07-10 05:30:00,0.88996,0.89028,0.88984,0.88998,922,16,0
2023-07-10 06:00:00,0.88997,0.89038,0.8898,0.89034,552,16,0
2023-07-10 06:30:00,0.89035,0.89063,0.89025,0.89049,530,18,0
2023-07-10 07:00:00,0.89049,0.89061,0.89025,0.89041,408,16,0
2023-07-10 07:30:00,0.89041,0.89074,0.89031,0.89071,551,16,0
2023-07-10 08:00:00,0.89072,0.89113,0.89053,0.89113,600,16,0
2023-07-10 08:30:00,0.89114,0.89148,0.89091,0.89142,917,16,0
2023-07-10 09:00:00,0.89146,0.89146,0.8905,0.89055,1312,16,0
2023-07-10 09:30:00,0.89054,0.89086,0.89042,0.89067,1008,16,0
2023-07-10 10:00:00,0.89066,0.89073,0.88912,0.89028,2205,16,0
2023-07-10 10:30:00,0.89027,0.89083,0.8899,0.89044,1400,16,0
2023-07-10 11:00:00,0.89041,0.8905,0.88916,0.88924,1180,16,0
2023-07-10 11:30:00,0.88923,0.88981,0.8892,0.88932,1018,16,0
2023-07-10 12:00:00,0.8893,0.88958,0.88863,0.88865,1262,16,0
2023-07-10 12:30:00,0.88864,0.88923,0.88864,0.88911,1161,16,0
2023-07-10 13:00:00,0.88914,0.8897,0.88909,0.88952,1174,16,0
2023-07-10 13:30:00,0.88952,0.88993,0.88947,0.88974,1163,16,0
2023-07-10 14:00:00,0.88972,0.88999,0.8895,0.88999,1095,16,0
2023-07-10 14:30:00,0.88999,0.8904,0.88983,0.89027,1127,16,0
2023-07-10 15:00:00,0.89026,0.89102,0.88994,0.89065,1361,16,0
2023-07-10 15:30:00,0.89066,0.8917,0.89066,0.89142,2004,16,0
2023-07-10 16:00:00,0.89142,0.89142,0.89017,0.89027,1917,16,0
2023-07-10 16:30:00,0.89025,0.89036,0.88885,0.88912,2188,16,0
2023-07-10 17:00:00,0.88911,0.88913,0.88696,0.88774,1952,16,0
2023-07-10 17:30:00,0.88774,0.88863,0.88763,0.88829,2031,16,0
2023-07-10 18:00:00,0.8883,0.88837,0.88762,0.88784,1702,16,0
2023-07-10 18:30:00,0.88785,0.88794,0.88659,0.88681,1247,16,0
2023-07-10 19:00:00,0.88682,0.88735,0.88666,0.88677,1093,16,0
2023-07-10 19:30:00,0.88676,0.88678,0.88623,0.88644,674,16,0
2023-07-10 20:00:00,0.88646,0.88662,0.88624,0.88627,566,16,0
2023-07-10 20:30:00,0.88627,0.88633,0.88588,0.88601,834,16,0
2023-07-10 21:00:00,0.88603,0.8863,0.88578,0.88584,617,16,0
2023-07-10 21:30:00,0.88583,0.88593,0.88528,0.88528,702,16,0
2023-07-10 22:00:00,0.88529,0.88563,0.88528,0.88546,503,16,0
2023-07-10 22:30:00,0.88545,0.88566,0.8854,0.88555,316,16,0
2023-07-10 23:00:00,0.88555,0.88555,0.88514,0.88522,292,21,0
2023-07-10 23:30:00,0.88522,0.88527,0.88509,0.88515,323,21,0
2023-07-11 00:00:00,0.88518,0.88526,0.88491,0.88504,7,41,0
2023-07-11 00:30:00,0.88516,0.88549,0.88496,0.88496,137,28,0
2023-07-11 01:00:00,0.88531,0.88554,0.88499,0.88548,308,16,0
2023-07-11 01:30:00,0.88549,0.8855,0.88525,0.88534,217,16,0
2023-07-11 02:00:00,0.88537,0.88537,0.88512,0.88513,275,16,0
2023-07-11 02:30:00,0.88514,0.88529,0.88502,0.88511,316,16,0
2023-07-11 03:00:00,0.88512,0.88523,0.88465,0.88484,746,16,0
2023-07-11 03:30:00,0.88483,0.88514,0.88476,0.88496,489,16,0
2023-07-11 04:00:00,0.88496,0.88498,0.88452,0.88459,477,16,0
2023-07-11 04:30:00,0.8846,0.88498,0.8844,0.88473,631,16,0
2023-07-11 05:00:00,0.88473,0.88487,0.88458,0.88471,473,16,0
2023-07-11 05:30:00,0.88471,0.88477,0.88384,0.88405,1017,16,0
2023-07-11 06:00:00,0.88406,0.8846,0.88406,0.88456,654,16,0
2023-07-11 06:30:00,0.88456,0.88466,0.88418,0.88419,379,16,0
2023-07-11 07:00:00,0.88418,0.8844,0.88409,0.88426,387,16,0
2023-07-11 07:30:00,0.88428,0.88441,0.88403,0.8842,788,16,0
2023-07-11 08:00:00,0.88419,0.88436,0.88398,0.88431,962,16,0
2023-07-11 08:30:00,0.8843,0.88475,0.88413,0.88471,1584,16,0
2023-07-11 09:00:00,0.8847,0.8847,0.88223,0.88239,2120,16,0
2023-07-11 09:30:00,0.88237,0.88314,0.88229,0.88273,1390,16,0
2023-07-11 10:00:00,0.88274,0.8833,0.88224,0.8828,1952,16,0
2023-07-11 10:30:00,0.88279,0.88293,0.8817,0.88234,1691,16,0
2023-07-11 11:00:00,0.88233,0.88238,0.88107,0.88142,1309,16,0
2023-07-11 11:30:00,0.88143,0.88179,0.88097,0.88168,1395,16,0
2023-07-11 12:00:00,0.88168,0.88225,0.88156,0.88196,1175,16,0
2023-07-11 12:30:00,0.88195,0.88267,0.88189,0.8826,1099,16,0
2023-07-11 13:00:00,0.88257,0.88263,0.88136,0.88194,954,16,0
2023-07-11 13:30:00,0.88193,0.88195,0.88119,0.88158,1074,16,0
2023-07-11 14:00:00,0.88157,0.88204,0.8815,0.88174,1315,16,0
2023-07-11 14:30:00,0.88173,0.88201,0.88139,0.88187,1186,16,0
2023-07-11 15:00:00,0.88188,0.88279,0.88134,0.88257,1461,16,0
2023-07-11 15:30:00,0.88254,0.88363,0.88254,0.88324,1804,16,0
2023-07-11 16:00:00,0.88324,0.88341,0.88269,0.88273,1962,16,0
2023-07-11 16:30:00,0.88272,0.88322,0.88202,0.88222,2121,16,0
2023-07-11 17:00:00,0.88221,0.88256,0.88131,0.88163,1814,16,0
2023-07-11 17:30:00,0.88162,0.88205,0.881,0.88201,1795,16,0
2023-07-11 18:00:00,0.88206,0.88224,0.88109,0.88125,1424,16,0
2023-07-11 18:30:00,0.88124,0.88124,0.88042,0.88052,1010,16,0
2023-07-11 19:00:00,0.88051,0.88059,0.88008,0.88041,801,16,0
2023-07-11 19:30:00,0.88042,0.88051,0.87978,0.87987,685,16,0
2023-07-11 20:00:00,0.87986,0.87993,0.8795,0.87966,897,16,0
2023-07-11 20:30:00,0.87965,0.87979,0.8795,0.8797,661,16,0
2023-07-11 21:00:00,0.87973,0.8801,0.87956,0.88004,539,16,0
2023-07-11 21:30:00,0.88004,0.88013,0.87957,0.87978,629,16,0
2023-07-11 22:00:00,0.87978,0.87999,0.87965,0.87973,471,16,0
2023-07-11 22:30:00,0.87974,0.87995,0.87953,0.87964,779,16,0
2023-07-11 23:00:00,0.87965,0.87968,0.87943,0.87962,220,19,0
2023-07-11 23:30:00,0.87959,0.87963,0.8792,0.87934,737,21,0
2023-07-12 00:00:00,0.87907,0.8794,0.87876,0.87903,70,30,0
2023-07-12 00:30:00,0.87909,0.87942,0.87881,0.87896,227,28,0
2023-07-12 01:00:00,0.87897,0.87936,0.87897,0.87911,231,16,0
2023-07-12 01:30:00,0.8791,0.87916,0.87886,0.87891,319,16,0
2023-07-12 02:00:00,0.87891,0.87895,0.87853,0.87871,339,16,0
2023-07-12 02:30:00,0.87868,0.87881,0.87855,0.87871,324,16,0
2023-07-12 03:00:00,0.87873,0.87888,0.87813,0.87816,1085,16,0
2023-07-12 03:30:00,0.87816,0.87832,0.87785,0.87828,1179,16,0
2023-07-12 04:00:00,0.87828,0.8783,0.87735,0.87793,1335,16,0
2023-07-12 04:30:00,0.87794,0.87822,0.87771,0.878,1142,16,0
2023-07-12 05:00:00,0.87798,0.8785,0.87756,0.87776,1164,17,0
2023-07-12 05:30:00,0.87776,0.87816,0.87761,0.878,820,18,0
2023-07-12 06:00:00,0.87799,0.87833,0.8779,0.87819,779,16,0
2023-07-12 06:30:00,0.8782,0.87841,0.87805,0.87826,696,16,0
2023-07-12 07:00:00,0.87826,0.87836,0.87771,0.87791,636,16,0
2023-07-12 07:30:00,0.87789,0.87808,0.87733,0.87739,637,16,0
2023-07-12 08:00:00,0.8774,0.87806,0.87733,0.87795,937,16,0
2023-07-12 08:30:00,0.87795,0.87812,0.87749,0.87774,798,17,0
2023-07-12 09:00:00,0.87764,0.87764,0.87633,0.8767,1308,16,0
2023-07-12 09:30:00,0.87669,0.87781,0.87668,0.87759,930,16,0
2023-07-12 10:00:00,0.87759,0.87775,0.87707,0.87729,1861,16,0
2023-07-12 10:30:00,0.8773,0.87864,0.8772,0.87864,1630,16,0
2023-07-12 11:00:00,0.87864,0.87913,0.87803,0.87841,2240,16,0
2023-07-12 11:30:00,0.87842,0.87874,0.87775,0.87788,2071,16,0
2023-07-12 12:00:00,0.87788,0.87857,0.87788,0.87802,1679,16,0
2023-07-12 12:30:00,0.87802,0.87829,0.8779,0.87812,981,16,0
2023-07-12 13:00:00,0.87812,0.87837,0.87794,0.87811,1297,16,0
2023-07-12 13:30:00,0.87809,0.87865,0.87804,0.87827,1056,16,0
2023-07-12 14:00:00,0.87828,0.87865,0.87819,0.8784,978,16,0
2023-07-12 14:30:00,0.8784,0.87882,0.87802,0.8786,1365,16,0
2023-07-12 15:00:00,0.8786,0.8786,0.87576,0.8766,1727,16,0
2023-07-12 15:30:00,0.87544,0.87583,0.87338,0.87471,6525,17,0
2023-07-12 16:00:00,0.87473,0.87481,0.87182,0.87191,3735,16,0
2023-07-12 16:30:00,0.87191,0.87196,0.86934,0.8695,3987,16,0
2023-07-12 17:00:00,0.8695,0.86999,0.86791,0.86933,3985,16,0
2023-07-12 17:30:00,0.86932,0.86949,0.86584,0.86704,2932,16,0
2023-07-12 18:00:00,0.86709,0.86916,0.86707,0.86799,2535,16,0
2023-07-12 18:30:00,0.868,0.86853,0.86732,0.86763,1885,16,0
2023-07-12 19:00:00,0.86764,0.86806,0.86732,0.86739,1330,16,0
2023-07-12 19:30:00,0.86738,0.8678,0.86691,0.86762,1211,16,0
2023-07-12 20:00:00,0.86763,0.86837,0.86755,0.86824,1340,16,0
2023-07-12 20:30:00,0.86822,0.86843,0.86763,0.86772,1057,16,0
2023-07-12 21:00:00,0.86772,0.86782,0.86731,0.86748,826,16,0
2023-07-12 21:30:00,0.86749,0.86751,0.86668,0.86671,856,16,0
2023-07-12 22:00:00,0.86672,0.86749,0.86671,0.86745,892,16,0
2023-07-12 22:30:00,0.86745,0.86751,0.8671,0.8673,745,16,0
2023-07-12 23:00:00,0.86729,0.86736,0.86695,0.86697,439,21,0
2023-07-12 23:30:00,0.86696,0.86752,0.86695,0.86708,511,21,0
2023-07-13 00:00:00,0.86648,0.86648,0.86607,0.86607,4,202,0
2023-07-13 00:30:00,0.86599,0.86692,0.86599,0.86667,50,82,0
2023-07-13 01:00:00,0.86683,0.86727,0.86672,0.86696,623,16,0
2023-07-13 01:30:00,0.86696,0.86704,0.86671,0.86697,260,19,0
2023-07-13 02:00:00,0.86698,0.86705,0.86673,0.86682,418,16,0
2023-07-13 02:30:00,0.86683,0.86686,0.86661,0.86664,286,16,0
2023-07-13 03:00:00,0.86662,0.86678,0.866,0.86628,926,16,0
2023-07-13 03:30:00,0.86627,0.86668,0.86621,0.86664,1095,16,0
2023-07-13 04:00:00,0.86665,0.86702,0.86636,0.86652,755,16,0
2023-07-13 04:30:00,0.86653,0.86676,0.8662,0.86624,649,17,0
2023-07-13 05:00:00,0.86624,0.86649,0.86581,0.86585,812,16,0
2023-07-13 05:30:00,0.86582,0.8661,0.86548,0.86555,632,16,0
2023-07-13 06:00:00,0.86556,0.86564,0.86543,0.86549,701,16,0
2023-07-13 06:30:00,0.86547,0.86576,0.86537,0.86551,685,16,0
2023-07-13 07:00:00,0.8655,0.86555,0.86534,0.86539,458,16,0
2023-07-13 07:30:00,0.86542,0.86593,0.86501,0.86582,995,16,0
2023-07-13 08:00:00,0.86583,0.86622,0.86559,0.86584,822,16,0
2023-07-13 08:30:00,0.86585,0.86686,0.86562,0.86678,1062,16,0
2023-07-13 09:00:00,0.86679,0.86679,0.86497,0.86504,1761,16,0
2023-07-13 09:30:00,0.86503,0.86526,0.86316,0.86337,1643,16,0
2023-07-13 10:00:00,0.86339,0.86511,0.8627,0.86497,2398,16,0
2023-07-13 10:30:00,0.86497,0.86508,0.86328,0.86331,2356,16,0
2023-07-13 11:00:00,0.86332,0.86358,0.86249,0.86284,1907,16,0
2023-07-13 11:30:00,0.86282,0.86314,0.86146,0.86296,2233,16,0
2023-07-13 12:00:00,0.86298,0.8633,0.86235,0.86252,1467,16,0
2023-07-13 12:30:00,0.86252,0.86365,0.86251,0.86294,1514,16,0
2023-07-13 13:00:00,0.86292,0.86403,0.86274,0.86336,1195,16,0
2023-07-13 13:30:00,0.86336,0.86336,0.86271,0.86277,1079,16,0
2023-07-13 14:00:00,0.86278,0.86312,0.86226,0.86307,1172,16,0
2023-07-13 14:30:00,0.86305,0.86318,0.8625,0.86276,1429,16,0
2023-07-13 15:00:00,0.86276,0.86278,0.86179,0.86242,1943,16,0
2023-07-13 15:30:00,0.8626,0.8639,0.86156,0.86214,4676,16,0
2023-07-13 16:00:00,0.86213,0.86267,0.86146,0.86196,3320,16,0
2023-07-13 16:30:00,0.86195,0.86195,0.85948,0.85957,2802,16,0
2023-07-13 17:00:00,0.85958,0.86008,0.85862,0.86008,2823,16,0
2023-07-13 17:30:00,0.86007,0.86021,0.85891,0.859,2394,16,0
2023-07-13 18:00:00,0.85898,0.85995,0.85888,0.85949,1684,16,0
2023-07-13 18:30:00,0.85948,0.85989,0.8592,0.85954,1310,16,0
2023-07-13 19:00:00,0.85954,0.85969,0.85836,0.85846,1812,16,0
2023-07-13 19:30:00,0.85846,0.8588,0.85816,0.85853,1236,16,0
2023-07-13 20:00:00,0.85855,0.85882,0.85814,0.85864,1070,16,0
2023-07-13 20:30:00,0.85864,0.85882,0.85831,0.85878,671,16,0
2023-07-13 21:00:00,0.8588,0.85898,0.85823,0.85873,743,16,0
2023-07-13 21:30:00,0.85874,0.85894,0.85846,0.85857,734,16,0
2023-07-13 22:00:00,0.85861,0.85882,0.85843,0.85872,904,16,0
2023-07-13 22:30:00,0.85871,0.859,0.85849,0.85894,815,16,0
2023-07-13 23:00:00,0.85893,0.85901,0.85854,0.85882,579,20,0
2023-07-13 23:30:00,0.85881,0.85881,0.85858,0.85865,311,21,0
2023-07-14 00:00:00,0.85865,0.85865,0.85826,0.85826,3,53,0
2023-07-14 00:30:00,0.85849,0.85889,0.85794,0.85886,156,29,0
2023-07-14 01:00:00,0.85887,0.85927,0.85841,0.8587,716,16,0
2023-07-14 01:30:00,0.8587,0.85908,0.85862,0.85898,285,17,0
2023-07-14 02:00:00,0.85901,0.85906,0.85872,0.85873,271,16,0
2023-07-14 02:30:00,0.85872,0.85915,0.85867,0.85904,453,16,0
2023-07-14 03:00:00,0.85905,0.85935,0.85878,0.85924,1082,16,0
2023-07-14 03:30:00,0.85924,0.85925,0.85867,0.85873,664,16,0
2023-07-14 04:00:00,0.85874,0.85886,0.85802,0.85802,746,16,0
2023-07-14 04:30:00,0.85803,0.85824,0.85749,0.85756,1122,16,0
2023-07-14 05:00:00,0.85758,0.85773,0.85731,0.85744,639,16,0
2023-07-14 05:30:00,0.85742,0.85763,0.85717,0.85759,504,16,0
2023-07-14 06:00:00,0.85755,0.85779,0.8569,0.85707,701,16,0
2023-07-14 06:30:00,0.85709,0.85716,0.85687,0.85714,971,16,0
2023-07-14 07:00:00,0.85715,0.85762,0.85712,0.85756,831,17,0
2023-07-14 07:30:00,0.85757,0.85764,0.85723,0.85764,1061,17,0
2023-07-14 08:00:00,0.85765,0.85777,0.85743,0.85763,1139,16,0
2023-07-14 08:30:00,0.85762,0.85863,0.85758,0.8585,1076,16,0
2023-07-14 09:00:00,0.85845,0.85918,0.85767,0.85894,1476,16,0
2023-07-14 09:30:00,0.85894,0.85971,0.8589,0.85961,1729,16,0
2023-07-14 10:00:00,0.85966,0.85969,0.85853,0.85965,1683,16,0
2023-07-14 10:30:00,0.85965,0.85972,0.85803,0.85805,1401,16,0
2023-07-14 11:00:00,0.85804,0.85806,0.85662,0.85712,1738,16,0
2023-07-14 11:30:00,0.85711,0.85758,0.8565,0.85741,1467,16,0
2023-07-14 12:00:00,0.8574,0.85776,0.85684,0.85767,1660,16,0
2023-07-14 12:30:00,0.85767,0.85839,0.85743,0.85839,1207,16,0
2023-07-14 13:00:00,0.85838,0.85925,0.85831,0.85925,1508,16,0
2023-07-14 13:30:00,0.85923,0.85929,0.85877,0.85906,1121,16,0
2023-07-14 14:00:00,0.85905,0.8591,0.85846,0.85847,1073,16,0
2023-07-14 14:30:00,0.85846,0.85964,0.85829,0.85941,1203,16,0
2023-07-14 15:00:00,0.8594,0.8612,0.85904,0.86089,1754,16,0
2023-07-14 15:30:00,0.86089,0.86171,0.86031,0.86075,2133,16,0
2023-07-14 16:00:00,0.86074,0.86175,0.86067,0.86079,1881,16,0
2023-07-14 16:30:00,0.86079,0.86144,0.86044,0.86091,2573,16,0
2023-07-14 17:00:00,0.86129,0.86305,0.86129,0.86172,5021,16,0
2023-07-14 17:30:00,0.86173,0.86206,0.85985,0.86,3542,16,0
2023-07-14 18:00:00,0.85999,0.86172,0.85968,0.86169,1712,16,0
2023-07-14 18:30:00,0.86168,0.86203,0.86111,0.86161,1332,16,0
2023-07-14 19:00:00,0.86161,0.86187,0.86105,0.8618,1166,16,0
2023-07-14 19:30:00,0.86181,0.86199,0.86108,0.86134,983,16,0
2023-07-14 20:00:00,0.86133,0.86242,0.86129,0.86217,839,16,0
2023-07-14 20:30:00,0.86218,0.86218,0.86176,0.86184,593,16,0
2023-07-14 21:00:00,0.86184,0.86212,0.86174,0.86189,527,16,0
2023-07-14 21:30:00,0.86194,0.86217,0.86176,0.8618,604,16,0
2023-07-14 22:00:00,0.8618,0.86216,0.86177,0.86208,411,16,0
2023-07-14 22:30:00,0.86208,0.86223,0.86196,0.86218,458,16,0
2023-07-14 23:00:00,0.86218,0.86231,0.86207,0.86218,450,16,0
2023-07-14 23:30:00,0.86217,0.86224,0.86162,0.86182,1356,24,0
2023-07-17 00:00:00,0.85995,0.86016,0.85956,0.86,8,220,0
2023-07-17 00:30:00,0.86003,0.86132,0.86003,0.86132,4,200,0
2023-07-17 01:00:00,0.86181,0.86242,0.86135,0.86176,726,19,0
2023-07-17 01:30:00,0.86175,0.86198,0.86164,0.86184,401,16,0
2023-07-17 02:00:00,0.86184,0.86219,0.86176,0.86181,527,16,0
2023-07-17 02:30:00,0.86181,0.86201,0.86176,0.86194,315,17,0
2023-07-17 03:00:00,0.86196,0.86225,0.86177,0.86201,602,16,0
2023-07-17 03:30:00,0.862,0.86201,0.86145,0.86166,434,16,0
2023-07-17 04:00:00,0.86164,0.86182,0.86139,0.86144,779,16,0
2023-07-17 04:30:00,0.86146,0.86175,0.8614,0.86163,684,17,0
2023-07-17 05:00:00,0.86169,0.86174,0.86085,0.86089,795,18,0
2023-07-17 05:30:00,0.86088,0.8612,0.86084,0.86097,506,16,0
2023-07-17 06:00:00,0.86098,0.8612,0.86088,0.86103,508,16,0
2023-07-17 06:30:00,0.86103,0.86125,0.86091,0.86125,355,17,0
2023-07-17 07:00:00,0.86126,0.86136,0.86118,0.86129,343,16,0
2023-07-17 07:30:00,0.86129,0.86139,0.8609,0.86095,292,16,0
2023-07-17 08:00:00,0.86096,0.86099,0.86058,0.86068,385,16,0
2023-07-17 08:30:00,0.86069,0.861,0.86034,0.86067,1318,16,0
2023-07-17 09:00:00,0.86068,0.86116,0.86038,0.86056,1439,16,0
2023-07-17 09:30:00,0.86057,0.86084,0.85992,0.86015,1557,16,0
2023-07-17 10:00:00,0.86016,0.86054,0.85935,0.85938,1626,16,0
2023-07-17 10:30:00,0.85938,0.86043,0.85919,0.85925,1044,16,0
2023-07-17 11:00:00,0.85925,0.85953,0.85855,0.85903,1305,16,0
2023-07-17 11:30:00,0.85903,0.85906,0.85773,0.85895,1149,16,0
2023-07-17 12:00:00,0.85895,0.859,0.85787,0.85865,1381,16,0
2023-07-17 12:30:00,0.85864,0.85867,0.85784,0.85795,1276,16,0
2023-07-17 13:00:00,0.85796,0.85843,0.85783,0.85814,880,16,0
2023-07-17 13:30:00,0.85814,0.85908,0.85809,0.85899,681,16,0
2023-07-17 14:00:00,0.859,0.85924,0.85863,0.85903,968,16,0
2023-07-17 14:30:00,0.85903,0.85932,0.85894,0.8593,774,16,0
2023-07-17 15:00:00,0.85929,0.86024,0.85896,0.86024,1381,16,0
2023-07-17 15:30:00,0.86025,0.86137,0.85989,0.86036,2333,16,0
2023-07-17 16:00:00,0.86036,0.86143,0.86022,0.8613,1571,16,0
2023-07-17 16:30:00,0.86128,0.86298,0.86088,0.86102,2712,16,0
2023-07-17 17:00:00,0.86101,0.86105,0.85994,0.86068,1711,16,0
2023-07-17 17:30:00,0.86068,0.86097,0.8598,0.86018,1467,16,0
2023-07-17 18:00:00,0.86018,0.86118,0.86014,0.86038,895,16,0
2023-07-17 18:30:00,0.86037,0.86045,0.85981,0.86016,822,16,0
2023-07-17 19:00:00,0.86018,0.86049,0.85981,0.86042,643,16,0
2023-07-17 19:30:00,0.86042,0.86048,0.8601,0.8604,430,16,0
2023-07-17 20:00:00,0.86041,0.86072,0.86036,0.86053,496,16,0
2023-07-17 20:30:00,0.86056,0.86069,0.85971,0.86015,543,16,0
2023-07-17 21:00:00,0.86016,0.8602,0.85998,0.86003,360,16,0
2023-07-17 21:30:00,0.86004,0.86006,0.85961,0.85982,399,16,0
2023-07-17 22:00:00,0.85984,0.86006,0.85975,0.85984,398,16,0
2023-07-17 22:30:00,0.85984,0.8599,0.85961,0.85986,341,16,0
2023-07-17 23:00:00,0.85986,0.86056,0.85985,0.8603,533,16,0
2023-07-17 23:30:00,0.8603,0.86038,0.8601,0.86027,270,21,0
2023-07-18 00:00:00,0.85969,0.86003,0.85969,0.8598,10,47,0
2023-07-18 00:30:00,0.85993,0.86021,0.85952,0.8596,206,47,0
2023-07-18 01:00:00,0.85996,0.86048,0.85994,0.86042,347,16,0
2023-07-18 01:30:00,0.86043,0.86043,0.86014,0.86028,103,17,0
2023-07-18 02:00:00,0.86029,0.86036,0.86014,0.86033,108,16,0
2023-07-18 02:30:00,0.86034,0.86038,0.86014,0.86026,178,16,0
2023-07-18 03:00:00,0.86029,0.86064,0.8602,0.86027,557,16,0
2023-07-18 03:30:00,0.86028,0.8603,0.85963,0.85998,724,16,0
2023-07-18 04:00:00,0.85998,0.86013,0.85878,0.85885,613,16,0
2023-07-18 04:30:00,0.85885,0.85995,0.85878,0.85958,1403,16,0
2023-07-18 05:00:00,0.85955,0.85966,0.85905,0.85928,910,17,0
2023-07-18 05:30:00,0.85928,0.85934,0.85906,0.85911,494,16,0
2023-07-18 06:00:00,0.85911,0.85948,0.8588,0.8588,551,17,0
2023-07-18 06:30:00,0.8588,0.8588,0.85851,0.85864,722,16,0
2023-07-18 07:00:00,0.85864,0.85866,0.85839,0.85853,509,16,0
2023-07-18 07:30:00,0.85853,0.85866,0.85836,0.85853,352,16,0
2023-07-18 08:00:00,0.85851,0.85865,0.85785,0.85799,573,16,0
2023-07-18 08:30:00,0.858,0.85892,0.85782,0.85884,773,16,0
2023-07-18 09:00:00,0.85884,0.86035,0.85841,0.8589,2293,16,0
2023-07-18 09:30:00,0.8589,0.8589,0.85787,0.85789,1030,16,0
2023-07-18 10:00:00,0.85789,0.85801,0.85709,0.85765,1849,16,0
2023-07-18 10:30:00,0.85765,0.85858,0.85669,0.85744,2666,16,0
2023-07-18 11:00:00,0.85744,0.85841,0.85743,0.85807,1951,16,0
2023-07-18 11:30:00,0.85808,0.85962,0.85808,0.85914,1886,16,0
2023-07-18 12:00:00,0.85916,0.8592,0.85865,0.85877,1542,16,0
2023-07-18 12:30:00,0.85877,0.85924,0.85819,0.85824,1216,17,0
2023-07-18 13:00:00,0.85824,0.85864,0.85803,0.8581,1092,17,0
2023-07-18 13:30:00,0.85809,0.85828,0.85753,0.85762,1591,17,0
2023-07-18 14:00:00,0.85763,0.85843,0.85743,0.85803,1780,17,0
2023-07-18 14:30:00,0.85803,0.85866,0.85733,0.85748,1508,17,0
2023-07-18 15:00:00,0.85748,0.85796,0.85697,0.85728,1827,17,0
2023-07-18 15:30:00,0.85728,0.85974,0.85537,0.85733,6529,19,0
2023-07-18 16:00:00,0.85737,0.85842,0.85654,0.85825,3986,19,0
2023-07-18 16:30:00,0.85825,0.85938,0.8573,0.85857,5320,19,0
2023-07-18 17:00:00,0.85858,0.85895,0.85769,0.85803,4272,17,0
2023-07-18 17:30:00,0.85804,0.85885,0.85728,0.8576,2972,17,0
2023-07-18 18:00:00,0.85756,0.85795,0.85677,0.85735,1808,17,0
2023-07-18 18:30:00,0.85735,0.85842,0.85735,0.85813,1543,17,0
2023-07-18 19:00:00,0.85812,0.85867,0.85784,0.8579,991,17,0
2023-07-18 19:30:00,0.85791,0.85947,0.85769,0.85937,1041,17,0
2023-07-18 20:00:00,0.85938,0.85956,0.85833,0.85837,906,17,0
2023-07-18 20:30:00,0.85837,0.85884,0.8583,0.85841,619,17,0
2023-07-18 21:00:00,0.85843,0.85863,0.85765,0.85772,819,17,0
2023-07-18 21:30:00,0.85771,0.85787,0.85703,0.85725,722,17,0
2023-07-18 22:00:00,0.85726,0.85793,0.85726,0.8577,688,17,0
2023-07-18 22:30:00,0.85769,0.85795,0.85753,0.85765,535,17,0
2023-07-18 23:00:00,0.85765,0.85773,0.85751,0.85758,255,22,0
2023-07-18 23:30:00,0.85761,0.85781,0.85723,0.8573,386,22,0
2023-07-19 00:00:00,0.85753,0.85753,0.85677,0.85677,8,50,0
2023-07-19 00:30:00,0.85729,0.8578,0.85698,0.85727,743,29,0
2023-07-19 01:00:00,0.85725,0.85755,0.85721,0.85737,261,17,0
2023-07-19 01:30:00,0.85736,0.85745,0.8572,0.85738,268,17,0
2023-07-19 02:00:00,0.85739,0.8577,0.85736,0.85768,318,17,0
2023-07-19 02:30:00,0.85767,0.85772,0.85755,0.85765,313,17,0
2023-07-19 03:00:00,0.85767,0.85782,0.85721,0.85721,641,17,0
2023-07-19 03:30:00,0.8572,0.8575,0.8572,0.8573,654,17,0
2023-07-19 04:00:00,0.85727,0.85792,0.85719,0.85792,1193,17,0
2023-07-19 04:30:00,0.85789,0.85789,0.85731,0.8577,1375,17,0
2023-07-19 05:00:00,0.85772,0.85829,0.85767,0.85818,1453,17,0
2023-07-19 05:30:00,0.8582,0.85822,0.85764,0.85793,485,17,0
2023-07-19 06:00:00,0.85795,0.85804,0.85762,0.8577,372,19,0
2023-07-19 06:30:00,0.85767,0.85797,0.85767,0.85797,323,17,0
2023-07-19 07:00:00,0.85793,0.85828,0.8579,0.85814,570,17,0
2023-07-19 07:30:00,0.85813,0.8584,0.8581,0.85812,684,17,0
2023-07-19 08:00:00,0.85812,0.85816,0.85755,0.85765,486,17,0
2023-07-19 08:30:00,0.85767,0.85789,0.85708,0.85715,1026,17,0
2023-07-19 09:00:00,0.85714,0.85881,0.8566,0.85849,3368,18,0
2023-07-19 09:30:00,0.85847,0.85985,0.85759,0.85784,2261,17,0
2023-07-19 10:00:00,0.85782,0.85829,0.85672,0.8582,2750,17,0
2023-07-19 10:30:00,0.85819,0.85903,0.85784,0.85853,2085,17,0
2023-07-19 11:00:00,0.85853,0.85914,0.85826,0.85877,1790,17,0
2023-07-19 11:30:00,0.85877,0.85934,0.85854,0.8589,1550,17,0
2023-07-19 12:00:00,0.85892,0.85919,0.85738,0.85739,2036,17,0
2023-07-19 12:30:00,0.85738,0.85823,0.85704,0.85806,1517,17,0
2023-07-19 13:00:00,0.85805,0.85831,0.85785,0.85787,1327,17,0
2023-07-19 13:30:00,0.85786,0.85876,0.85769,0.85876,1472,17,0
2023-07-19 14:00:00,0.85875,0.85887,0.85833,0.85875,1396,17,0
2023-07-19 14:30:00,0.85871,0.85907,0.85796,0.85834,1281,17,0
2023-07-19 15:00:00,0.85834,0.85839,0.85769,0.85806,1442,17,0
2023-07-19 15:30:00,0.85808,0.85859,0.85752,0.85771,2263,17,0
2023-07-19 16:00:00,0.8577,0.85845,0.85715,0.85845,2006,17,0
2023-07-19 16:30:00,0.85846,0.85853,0.85702,0.85792,2988,17,0
2023-07-19 17:00:00,0.85793,0.86126,0.85793,0.86123,2856,17,0
2023-07-19 17:30:00,0.86117,0.86119,0.85938,0.85945,3794,17,0
2023-07-19 18:00:00,0.85944,0.85949,0.85889,0.85933,2621,17,0
2023-07-19 18:30:00,0.85932,0.86039,0.8592,0.85971,1754,17,0
2023-07-19 19:00:00,0.8597,0.86009,0.85955,0.86003,1590,17,0
2023-07-19 19:30:00,0.86,0.86,0.85885,0.85953,1368,17,0
2023-07-19 20:00:00,0.85953,0.85983,0.85945,0.85974,948,17,0
2023-07-19 20:30:00,0.85974,0.85977,0.85898,0.85905,1556,17,0
2023-07-19 21:00:00,0.85904,0.85952,0.859,0.8592,1035,17,0
2023-07-19 21:30:00,0.85918,0.85927,0.85863,0.85863,1095,17,0
2023-07-19 22:00:00,0.85863,0.85879,0.85835,0.85839,531,17,0
2023-07-19 22:30:00,0.85839,0.85896,0.85835,0.85859,446,17,0
2023-07-19 23:00:00,0.85857,0.85861,0.85818,0.85842,373,19,0
2023-07-19 23:30:00,0.85843,0.85846,0.85816,0.85832,256,22,0
2023-07-20 00:00:00,0.85836,0.85836,0.85779,0.85809,19,46,0
2023-07-20 00:30:00,0.85799,0.85875,0.85789,0.85829,672,29,0
2023-07-20 01:00:00,0.85831,0.85869,0.85831,0.85864,309,17,0
2023-07-20 01:30:00,0.85864,0.85865,0.85807,0.85807,466,17,0
2023-07-20 02:00:00,0.85812,0.85822,0.85797,0.85805,337,17,0
2023-07-20 02:30:00,0.85802,0.85802,0.85785,0.85792,232,17,0
2023-07-20 03:00:00,0.85792,0.85816,0.85779,0.85789,666,17,0
2023-07-20 03:30:00,0.8579,0.85794,0.85705,0.85717,1136,17,0
2023-07-20 04:00:00,0.85713,0.85729,0.85663,0.85671,1083,17,0
2023-07-20 04:30:00,0.8567,0.85673,0.85613,0.85645,1499,17,0
2023-07-20 05:00:00,0.85646,0.85656,0.85614,0.85637,919,17,0
2023-07-20 05:30:00,0.85639,0.85655,0.85607,0.85614,1161,17,0
2023-07-20 06:00:00,0.85617,0.85661,0.85601,0.85623,1026,17,0
2023-07-20 06:30:00,0.85626,0.85642,0.85608,0.8561,476,17,0
2023-07-20 07:00:00,0.85609,0.8563,0.85601,0.85608,402,17,0
2023-07-20 07:30:00,0.85611,0.85642,0.85611,0.85638,428,17,0
2023-07-20 08:00:00,0.85638,0.85652,0.85616,0.85644,610,17,0
2023-07-20 08:30:00,0.85644,0.8567,0.85605,0.85616,1304,17,0
2023-07-20 09:00:00,0.85616,0.85782,0.85597,0.85713,1691,17,0
2023-07-20 09:30:00,0.85711,0.85744,0.85644,0.85719,1800,17,0
2023-07-20 10:00:00,0.8572,0.8579,0.85646,0.8573,2436,17,0
2023-07-20 10:30:00,0.85731,0.85868,0.85684,0.85837,2171,17,0
2023-07-20 11:00:00,0.85837,0.85845,0.85761,0.85807,1364,17,0
2023-07-20 11:30:00,0.85808,0.85825,0.85762,0.85805,1726,17,0
2023-07-20 12:00:00,0.85808,0.85839,0.85778,0.85797,1568,17,0
2023-07-20 12:30:00,0.85798,0.85838,0.85757,0.85807,1400,17,0
2023-07-20 13:00:00,0.85804,0.85837,0.85775,0.85804,1048,17,0
2023-07-20 13:30:00,0.85804,0.85884,0.85782,0.85849,1594,17,0
2023-07-20 14:00:00,0.8585,0.85897,0.85834,0.85874,1322,17,0
2023-07-20 14:30:00,0.85873,0.85906,0.85816,0.85895,1494,17,0
2023-07-20 15:00:00,0.85895,0.86155,0.85893,0.86131,2169,17,0
2023-07-20 15:30:00,0.86127,0.8628,0.86127,0.86233,3854,17,0
2023-07-20 16:00:00,0.86234,0.86321,0.86148,0.86176,2628,17,0
2023-07-20 16:30:00,0.86175,0.8625,0.86152,0.86153,2640,17,0
2023-07-20 17:00:00,0.86148,0.86593,0.8614,0.8655,3505,17,0
2023-07-20 17:30:00,0.86553,0.86647,0.86496,0.86529,3354,17,0
2023-07-20 18:00:00,0.8653,0.8663,0.86476,0.86606,2059,17,0
2023-07-20 18:30:00,0.86605,0.86725,0.86564,0.86709,1447,17,0
2023-07-20 19:00:00,0.86709,0.86769,0.86648,0.86728,1110,17,0
2023-07-20 19:30:00,0.8673,0.86792,0.86703,0.86744,1037,17,0
2023-07-20 20:00:00,0.86744,0.86834,0.86733,0.86757,1218,17,0
2023-07-20 20:30:00,0.86757,0.86769,0.86697,0.86711,905,17,0
2023-07-20 21:00:00,0.86712,0.86741,0.86691,0.86733,773,17,0
2023-07-20 21:30:00,0.86734,0.8674,0.86665,0.8671,789,17,0
2023-07-20 22:00:00,0.8671,0.86712,0.86641,0.8665,617,17,0
2023-07-20 22:30:00,0.86651,0.86669,0.86642,0.86649,528,17,0
2023-07-20 23:00:00,0.86649,0.8668,0.86645,0.86677,219,17,0
2023-07-20 23:30:00,0.86678,0.86679,0.86643,0.86657,328,22,0
2023-07-21 00:00:00,0.86663,0.86663,0.86589,0.8664,21,36,0
2023-07-21 00:30:00,0.86631,0.86654,0.86578,0.8658,94,29,0
2023-07-21 01:00:00,0.86582,0.86637,0.8658,0.86622,375,17,0
2023-07-21 01:30:00,0.8662,0.86636,0.86615,0.86625,221,17,0
2023-07-21 02:00:00,0.86625,0.86637,0.86618,0.86634,274,17,0
2023-07-21 02:30:00,0.86634,0.86634,0.86599,0.86618,467,17,0
2023-07-21 03:00:00,0.8662,0.86657,0.86552,0.86621,882,17,0
2023-07-21 03:30:00,0.86619,0.86653,0.86565,0.86569,972,17,0
2023-07-21 04:00:00,0.8657,0.86655,0.86553,0.86624,1386,17,0
2023-07-21 04:30:00,0.86624,0.8663,0.86584,0.86593,1000,17,0
2023-07-21 05:00:00,0.86595,0.86625,0.86574,0.86615,739,17,0
2023-07-21 05:30:00,0.86614,0.86624,0.86576,0.86596,544,17,0
2023-07-21 06:00:00,0.86596,0.86618,0.8658,0.86591,471,17,0
2023-07-21 06:30:00,0.86592,0.86622,0.8658,0.8662,325,17,0
2023-07-21 07:00:00,0.86621,0.86636,0.866,0.86613,355,17,0
2023-07-21 07:30:00,0.86612,0.86626,0.86605,0.86618,360,17,0
2023-07-21 08:00:00,0.86616,0.86638,0.86594,0.86621,709,17,0
2023-07-21 08:30:00,0.86623,0.86658,0.8657,0.86573,695,17,0
2023-07-21 09:00:00,0.86578,0.86603,0.86551,0.86565,1412,17,0
2023-07-21 09:30:00,0.86567,0.8659,0.86531,0.86561,1318,17,0
2023-07-21 10:00:00,0.86563,0.86593,0.86536,0.86548,1935,17,0
2023-07-21 10:30:00,0.86549,0.86716,0.86546,0.8664,2806,17,0
2023-07-21 11:00:00,0.8664,0.86647,0.86512,0.86516,2918,17,0
2023-07-21 11:30:00,0.86519,0.86639,0.86482,0.86626,2366,17,0
2023-07-21 12:00:00,0.86626,0.86634,0.86546,0.86612,2294,17,0
2023-07-21 12:30:00,0.86612,0.86684,0.86598,0.86632,1864,17,0
2023-07-21 13:00:00,0.8663,0.86676,0.86586,0.86641,1510,17,0
2023-07-21 13:30:00,0.86642,0.86655,0.86611,0.86632,1330,17,0
2023-07-21 14:00:00,0.86632,0.86671,0.8658,0.86599,1654,17,0
2023-07-21 14:30:00,0.86599,0.8663,0.86557,0.86621,1410,17,0
2023-07-21 15:00:00,0.8662,0.86625,0.86458,0.86504,1886,17,0
2023-07-21 15:30:00,0.86503,0.86514,0.86444,0.86489,2516,17,0
2023-07-21 16:00:00,0.8649,0.86502,0.86398,0.86448,2465,17,0
2023-07-21 16:30:00,0.86449,0.86576,0.86418,0.8653,2891,17,0
2023-07-21 17:00:00,0.86531,0.86631,0.8653,0.86567,1686,17,0
2023-07-21 17:30:00,0.86564,0.86632,0.86526,0.86594,1841,17,0
2023-07-21 18:00:00,0.86594,0.866,0.86486,0.86511,1881,17,0
2023-07-21 18:30:00,0.86511,0.86588,0.86504,0.86574,965,17,0
2023-07-21 19:00:00,0.86575,0.86617,0.86569,0.86585,884,17,0
2023-07-21 19:30:00,0.86584,0.866,0.86551,0.86557,1261,17,0
2023-07-21 20:00:00,0.86557,0.86601,0.86556,0.86566,665,17,0
2023-07-21 20:30:00,0.86569,0.86595,0.86557,0.86583,697,17,0
2023-07-21 21:00:00,0.86582,0.86591,0.86534,0.86585,374,17,0
2023-07-21 21:30:00,0.8658,0.86601,0.86572,0.8659,309,17,0
2023-07-21 22:00:00,0.86589,0.86615,0.86584,0.86604,348,17,0
2023-07-21 22:30:00,0.86601,0.86608,0.86583,0.866,421,17,0
2023-07-21 23:00:00,0.86599,0.86599,0.86562,0.86567,190,22,0
2023-07-21 23:30:00,0.86568,0.86608,0.86519,0.86546,946,23,0
2023-07-24 00:00:00,0.86435,0.86569,0.86385,0.86458,19,169,0
2023-07-24 00:30:00,0.86445,0.86495,0.86445,0.86447,14,126,0
2023-07-24 01:00:00,0.86475,0.86587,0.86475,0.86579,373,18,0
2023-07-24 01:30:00,0.86578,0.86596,0.86573,0.86589,182,17,0
2023-07-24 02:00:00,0.8659,0.86601,0.8658,0.86598,296,18,0
2023-07-24 02:30:00,0.866,0.86628,0.8659,0.86623,338,17,0
2023-07-24 03:00:00,0.8662,0.86632,0.86583,0.86595,533,17,0
2023-07-24 03:30:00,0.86595,0.86628,0.86574,0.86602,457,17,0
2023-07-24 04:00:00,0.86602,0.86674,0.86587,0.86651,731,17,0
2023-07-24 04:30:00,0.86653,0.86659,0.86604,0.86639,1064,17,0
2023-07-24 05:00:00,0.86644,0.86646,0.8656,0.86563,464,17,0
2023-07-24 05:30:00,0.86566,0.86598,0.86551,0.86591,452,17,0
2023-07-24 06:00:00,0.86589,0.866,0.86566,0.86583,577,17,0
2023-07-24 06:30:00,0.86585,0.86617,0.86585,0.86612,536,17,0
2023-07-24 07:00:00,0.86614,0.86659,0.86609,0.86651,512,17,0
2023-07-24 07:30:00,0.86651,0.86679,0.86651,0.86663,424,17,0
2023-07-24 08:00:00,0.86662,0.8667,0.8659,0.86638,732,17,0
2023-07-24 08:30:00,0.86638,0.86666,0.86588,0.86589,777,17,0
2023-07-24 09:00:00,0.86592,0.86658,0.86586,0.86631,1426,17,0
2023-07-24 09:30:00,0.86631,0.86647,0.86557,0.86597,1345,17,0
2023-07-24 10:00:00,0.86601,0.86605,0.86472,0.86553,2729,17,0
2023-07-24 10:30:00,0.86553,0.86828,0.86553,0.86762,3882,17,0
2023-07-24 11:00:00,0.86764,0.86816,0.86667,0.86695,2380,17,0
2023-07-24 11:30:00,0.86695,0.86787,0.8668,0.86763,2752,17,0
2023-07-24 12:00:00,0.86764,0.8678,0.86588,0.86593,2128,17,0
2023-07-24 12:30:00,0.86593,0.86649,0.86546,0.86588,1782,17,0
2023-07-24 13:00:00,0.86587,0.86595,0.86486,0.86554,1637,17,0
2023-07-24 13:30:00,0.86554,0.86584,0.86441,0.86466,1518,17,0
2023-07-24 14:00:00,0.86462,0.86496,0.86405,0.86416,1265,17,0
2023-07-24 14:30:00,0.86415,0.86441,0.86365,0.86428,1399,17,0
2023-07-24 15:00:00,0.86428,0.86536,0.86411,0.86486,1487,17,0
2023-07-24 15:30:00,0.86485,0.86563,0.8644,0.86477,1643,17,0
2023-07-24 16:00:00,0.86478,0.86621,0.86459,0.8658,2005,17,0
2023-07-24 16:30:00,0.86582,0.86603,0.86384,0.86505,4067,17,0
2023-07-24 17:00:00,0.86505,0.86699,0.86451,0.86688,3109,17,0
2023-07-24 17:30:00,0.86689,0.86703,0.86539,0.86577,2846,17,0
2023-07-24 18:00:00,0.86576,0.86698,0.86564,0.86649,1529,17,0
2023-07-24 18:30:00,0.86649,0.86689,0.86593,0.86639,1037,17,0
2023-07-24 19:00:00,0.86639,0.86735,0.86625,0.86725,1440,17,0
2023-07-24 19:30:00,0.86726,0.86758,0.86695,0.86741,1160,17,0
2023-07-24 20:00:00,0.8674,0.86798,0.86734,0.86795,1008,17,0
2023-07-24 20:30:00,0.86796,0.86872,0.86794,0.86798,1204,17,0
2023-07-24 21:00:00,0.868,0.86837,0.86796,0.86824,711,17,0
2023-07-24 21:30:00,0.86821,0.86867,0.86799,0.86799,588,17,0
2023-07-24 22:00:00,0.86802,0.86859,0.86792,0.86857,697,17,0
2023-07-24 22:30:00,0.86857,0.86883,0.86843,0.86866,491,17,0
2023-07-24 23:00:00,0.86866,0.8697,0.86866,0.86968,566,22,0
2023-07-24 23:30:00,0.86969,0.86985,0.86928,0.86953,602,22,0
2023-07-25 00:00:00,0.86953,0.8697,0.86903,0.86903,25,29,0
2023-07-25 00:30:00,0.86925,0.86957,0.86905,0.86922,80,29,0
2023-07-25 01:00:00,0.86925,0.86957,0.86923,0.86946,858,17,0
2023-07-25 01:30:00,0.86946,0.86974,0.86946,0.8697,217,18,0
2023-07-25 02:00:00,0.86975,0.86997,0.8697,0.86979,288,17,0
2023-07-25 02:30:00,0.86981,0.86997,0.8697,0.86988,388,18,0
2023-07-25 03:00:00,0.86987,0.8699,0.8694,0.86945,690,17,0
2023-07-25 03:30:00,0.86945,0.86948,0.86903,0.86939,762,17,0
2023-07-25 04:00:00,0.86939,0.86941,0.8688,0.86901,1268,17,0
2023-07-25 04:30:00,0.86901,0.86932,0.86874,0.86905,1296,17,0
2023-07-25 05:00:00,0.86905,0.86922,0.86881,0.86888,768,17,0
2023-07-25 05:30:00,0.86888,0.86888,0.86839,0.86852,507,17,0
2023-07-25 06:00:00,0.86853,0.8688,0.86852,0.8688,414,17,0
2023-07-25 06:30:00,0.86881,0.86884,0.86855,0.86868,427,17,0
2023-07-25 07:00:00,0.86868,0.86887,0.86856,0.86876,357,17,0
2023-07-25 07:30:00,0.86878,0.86941,0.86875,0.8694,233,17,0
2023-07-25 08:00:00,0.86941,0.86944,0.86898,0.86903,499,17,0
2023-07-25 08:30:00,0.86903,0.8695,0.86867,0.86873,955,17,0
2023-07-25 09:00:00,0.86873,0.86954,0.86833,0.86839,1672,17,0
2023-07-25 09:30:00,0.86838,0.86844,0.86747,0.86778,1399,17,0
2023-07-25 10:00:00,0.86779,0.86842,0.86766,0.86804,1814,17,0
2023-07-25 10:30:00,0.86805,0.8682,0.86752,0.86815,1772,17,0
2023-07-25 11:00:00,0.86815,0.8696,0.86799,0.86902,2759,17,0
2023-07-25 11:30:00,0.86903,0.86928,0.86784,0.86797,2213,17,0
2023-07-25 12:00:00,0.86797,0.86839,0.86754,0.86839,1260,17,0
2023-07-25 12:30:00,0.8684,0.86945,0.86837,0.86939,1184,17,0
2023-07-25 13:00:00,0.86941,0.86962,0.8693,0.86954,1084,17,0
2023-07-25 13:30:00,0.86955,0.86957,0.86883,0.86884,1781,17,0
2023-07-25 14:00:00,0.86886,0.8697,0.86884,0.86963,1243,17,0
2023-07-25 14:30:00,0.86963,0.86966,0.86828,0.86829,1408,17,0
2023-07-25 15:00:00,0.86829,0.86867,0.86801,0.86835,1602,17,0
2023-07-25 15:30:00,0.86834,0.86901,0.86741,0.86782,1286,17,0
2023-07-25 16:00:00,0.86781,0.86916,0.86766,0.86896,2093,17,0
2023-07-25 16:30:00,0.86897,0.8691,0.86769,0.86786,2077,17,0
2023-07-25 17:00:00,0.86786,0.86858,0.8671,0.8677,1640,17,0
2023-07-25 17:30:00,0.8677,0.86803,0.86584,0.86587,1759,17,0
2023-07-25 18:00:00,0.86587,0.86597,0.86471,0.86482,1493,17,0
2023-07-25 18:30:00,0.86482,0.86516,0.86387,0.86431,1044,17,0
2023-07-25 19:00:00,0.86437,0.86456,0.86362,0.86455,890,17,0
2023-07-25 19:30:00,0.86454,0.86508,0.86439,0.86459,1004,17,0
2023-07-25 20:00:00,0.86459,0.86557,0.86459,0.86523,802,17,0
2023-07-25 20:30:00,0.86525,0.86553,0.86515,0.86526,551,17,0
2023-07-25 21:00:00,0.86527,0.86553,0.86512,0.86523,462,17,0
2023-07-25 21:30:00,0.86524,0.86525,0.86449,0.86454,838,17,0
2023-07-25 22:00:00,0.86455,0.86494,0.86424,0.86437,614,17,0
2023-07-25 22:30:00,0.86438,0.86451,0.86421,0.86439,452,17,0
2023-07-25 23:00:00,0.8644,0.8644,0.86389,0.86407,590,22,0
2023-07-25 23:30:00,0.86407,0.8641,0.86343,0.86343,435,22,0
2023-07-26 00:00:00,0.86338,0.86372,0.86338,0.86366,3,70,0
2023-07-26 00:30:00,0.86359,0.86367,0.86311,0.86311,10,83,0
2023-07-26 01:00:00,0.86358,0.86457,0.86339,0.86428,641,17,0
2023-07-26 01:30:00,0.86424,0.8643,0.8641,0.86428,126,18,0
2023-07-26 02:00:00,0.86425,0.86443,0.86415,0.86429,372,18,0
2023-07-26 02:30:00,0.86429,0.86458,0.86425,0.86447,229,17,0
2023-07-26 03:00:00,0.86446,0.86511,0.86418,0.865,861,17,0
2023-07-26 03:30:00,0.865,0.86548,0.86498,0.86526,897,17,0
2023-07-26 04:00:00,0.86525,0.8655,0.86497,0.86536,877,17,0
2023-07-26 04:30:00,0.86538,0.86555,0.8651,0.86539,1161,17,0
2023-07-26 05:00:00,0.86537,0.86548,0.86501,0.86504,745,17,0
2023-07-26 05:30:00,0.86504,0.86505,0.86452,0.86454,488,17,0
2023-07-26 06:00:00,0.86456,0.86463,0.86431,0.86458,505,17,0
2023-07-26 06:30:00,0.86458,0.86473,0.8643,0.86448,534,17,0
2023-07-26 07:00:00,0.86447,0.86455,0.86431,0.86443,292,17,0
2023-07-26 07:30:00,0.86441,0.86498,0.86441,0.86491,309,17,0
2023-07-26 08:00:00,0.86492,0.86506,0.86482,0.86506,549,17,0
2023-07-26 08:30:00,0.86505,0.86507,0.86294,0.86298,976,17,0
2023-07-26 09:00:00,0.863,0.86383,0.86148,0.86172,2020,17,0
2023-07-26 09:30:00,0.86172,0.86256,0.86154,0.86229,1559,17,0
2023-07-26 10:00:00,0.86229,0.86272,0.86175,0.86223,2355,17,0
2023-07-26 10:30:00,0.86223,0.86239,0.86143,0.86162,1685,17,0
2023-07-26 11:00:00,0.86162,0.86291,0.86123,0.86284,1881,17,0
2023-07-26 11:30:00,0.86284,0.86321,0.86182,0.86248,1641,17,0
2023-07-26 12:00:00,0.86247,0.86275,0.86194,0.8621,1033,17,0
2023-07-26 12:30:00,0.86211,0.86229,0.86109,0.86134,1398,17,0
2023-07-26 13:00:00,0.86133,0.86229,0.86098,0.86201,1004,17,0
2023-07-26 13:30:00,0.86202,0.86229,0.86145,0.86222,1395,17,0
2023-07-26 14:00:00,0.86222,0.86236,0.86178,0.86231,1115,17,0
2023-07-26 14:30:00,0.86231,0.86282,0.86184,0.8627,1577,17,0
2023-07-26 15:00:00,0.86269,0.86391,0.86268,0.86321,1453,17,0
2023-07-26 15:30:00,0.8632,0.86331,0.86202,0.86249,1530,17,0
2023-07-26 16:00:00,0.86246,0.86322,0.86235,0.86265,1815,17,0
2023-07-26 16:30:00,0.86266,0.86389,0.86232,0.86352,2673,17,0
2023-07-26 17:00:00,0.86353,0.86367,0.8627,0.86319,2434,17,0
2023-07-26 17:30:00,0.8632,0.86353,0.86276,0.86314,2171,17,0
2023-07-26 18:00:00,0.86314,0.86334,0.86204,0.86244,1966,17,0
2023-07-26 18:30:00,0.86243,0.86263,0.86194,0.86243,1083,17,0
2023-07-26 19:00:00,0.86246,0.8628,0.8621,0.86278,722,17,0
2023-07-26 19:30:00,0.86278,0.8633,0.86277,0.86312,740,17,0
2023-07-26 20:00:00,0.86314,0.86378,0.86314,0.86362,669,17,0
2023-07-26 20:30:00,0.86362,0.86377,0.86328,0.86372,923,17,0
2023-07-26 21:00:00,0.86372,0.86387,0.86207,0.86363,4300,21,0
2023-07-26 21:30:00,0.86362,0.86394,0.85963,0.85974,7755,21,0
2023-07-26 22:00:00,0.85974,0.86178,0.85968,0.86071,4649,21,0
2023-07-26 22:30:00,0.86071,0.8608,0.85983,0.8599,1643,19,0
2023-07-26 23:00:00,0.85992,0.86069,0.85991,0.86058,656,21,0
2023-07-26 23:30:00,0.86057,0.86084,0.86055,0.86063,644,22,0
2023-07-27 00:00:00,0.86036,0.86036,0.85988,0.85989,4,84,0
2023-07-27 00:30:00,0.86033,0.86037,0.85977,0.86019,19,69,0
2023-07-27 01:00:00,0.86027,0.86074,0.86005,0.8606,494,18,0
2023-07-27 01:30:00,0.86063,0.86083,0.86049,0.86081,232,18,0
2023-07-27 02:00:00,0.8608,0.86123,0.8608,0.86118,245,19,0
2023-07-27 02:30:00,0.86118,0.8617,0.86118,0.86147,402,17,0
2023-07-27 03:00:00,0.86149,0.8615,0.86067,0.86094,702,17,0
2023-07-27 03:30:00,0.86095,0.86113,0.86053,0.86073,812,17,0
2023-07-27 04:00:00,0.86074,0.86075,0.85999,0.85999,1126,17,0
2023-07-27 04:30:00,0.85996,0.86009,0.85943,0.85957,1367,17,0
2023-07-27 05:00:00,0.85954,0.85954,0.85793,0.8591,1418,17,0
2023-07-27 05:30:00,0.85908,0.85938,0.85871,0.85933,770,17,0
2023-07-27 06:00:00,0.85936,0.85941,0.85884,0.85888,605,17,0
2023-07-27 06:30:00,0.85889,0.85944,0.85889,0.85936,627,17,0
2023-07-27 07:00:00,0.85935,0.85935,0.85872,0.85883,448,17,0
2023-07-27 07:30:00,0.85887,0.85977,0.85871,0.85977,602,17,0
2023-07-27 08:00:00,0.85977,0.86036,0.8597,0.86034,698,17,0
2023-07-27 08:30:00,0.86033,0.86117,0.85994,0.86109,984,17,0
2023-07-27 09:00:00,0.86112,0.86112,0.86011,0.86014,1622,17,0
2023-07-27 09:30:00,0.86014,0.86075,0.85982,0.85986,2031,17,0
2023-07-27 10:00:00,0.85986,0.86008,0.85838,0.8585,2747,17,0
2023-07-27 10:30:00,0.85853,0.85853,0.85633,0.85674,2474,17,0
2023-07-27 11:00:00,0.85675,0.85707,0.85587,0.85595,2093,17,0
2023-07-27 11:30:00,0.85596,0.85642,0.85549,0.85585,1757,17,0
2023-07-27 12:00:00,0.85584,0.8566,0.85545,0.85634,1517,17,0
2023-07-27 12:30:00,0.85634,0.85657,0.85582,0.85587,1455,17,0
2023-07-27 13:00:00,0.85586,0.85605,0.85515,0.85536,1529,17,0
2023-07-27 13:30:00,0.85535,0.85668,0.8553,0.85657,1121,17,0
2023-07-27 14:00:00,0.85657,0.85708,0.85635,0.85686,1337,17,0
2023-07-27 14:30:00,0.85684,0.85714,0.85668,0.85697,1627,17,0
2023-07-27 15:00:00,0.85697,0.85902,0.85691,0.85893,3492,17,0
2023-07-27 15:30:00,0.85899,0.86246,0.85883,0.86151,7846,19,0
2023-07-27 16:00:00,0.86153,0.86401,0.8612,0.86391,5994,19,0
2023-07-27 16:30:00,0.86393,0.8671,0.86377,0.8665,5677,17,0
2023-07-27 17:00:00,0.8665,0.86796,0.86628,0.86777,4246,17,0
2023-07-27 17:30:00,0.86777,0.86912,0.86729,0.86875,3320,17,0
2023-07-27 18:00:00,0.86877,0.86937,0.86784,0.86831,2460,17,0
2023-07-27 18:30:00,0.86827,0.86884,0.86814,0.86859,2369,17,0
2023-07-27 19:00:00,0.86859,0.86859,0.86759,0.8678,1372,17,0
2023-07-27 19:30:00,0.86779,0.86819,0.86761,0.86786,1115,17,0
2023-07-27 20:00:00,0.86784,0.86813,0.866,0.86696,4867,17,0
2023-07-27 20:30:00,0.86697,0.86735,0.8666,0.8668,2470,21,0
2023-07-27 21:00:00,0.8668,0.86834,0.8668,0.86829,1513,18,0
2023-07-27 21:30:00,0.86835,0.86943,0.86829,0.86911,1746,21,0
2023-07-27 22:00:00,0.86913,0.86976,0.86911,0.86953,1518,17,0
2023-07-27 22:30:00,0.86952,0.86977,0.86921,0.86965,1533,17,0
2023-07-27 23:00:00,0.86965,0.86973,0.86923,0.86926,686,18,0
2023-07-27 23:30:00,0.86926,0.86933,0.86869,0.86869,725,22,0
2023-07-28 00:00:00,0.8687,0.8687,0.86808,0.86818,7,68,0
2023-07-28 00:30:00,0.86822,0.86907,0.86822,0.86861,70,29,0
2023-07-28 01:00:00,0.86871,0.86898,0.86837,0.86844,920,23,0
2023-07-28 01:30:00,0.86842,0.86855,0.86824,0.86835,274,23,0
2023-07-28 02:00:00,0.86836,0.86901,0.86829,0.86861,345,24,0
2023-07-28 02:30:00,0.86863,0.86887,0.86841,0.86876,619,24,0
2023-07-28 03:00:00,0.86877,0.86907,0.86846,0.86891,717,22,0
2023-07-28 03:30:00,0.8689,0.86941,0.86879,0.86934,658,22,0
2023-07-28 04:00:00,0.86936,0.86953,0.86895,0.86904,760,22,0
2023-07-28 04:30:00,0.86912,0.86926,0.86858,0.86885,1293,22,0
2023-07-28 05:00:00,0.86887,0.86941,0.86865,0.86865,693,17,0
2023-07-28 05:30:00,0.86864,0.86914,0.8686,0.86894,838,18,0
2023-07-28 06:00:00,0.86892,0.86991,0.86848,0.86916,1458,19,0
2023-07-28 06:30:00,0.86917,0.86995,0.86859,0.8694,5486,21,0
2023-07-28 07:00:00,0.86938,0.86964,0.86849,0.86948,3124,21,0
2023-07-28 07:30:00,0.86949,0.86951,0.86871,0.86874,2147,21,0
2023-07-28 08:00:00,0.86871,0.86901,0.86847,0.86877,1507,20,0
2023-07-28 08:30:00,0.86878,0.86988,0.86835,0.86836,3595,21,0
2023-07-28 09:00:00,0.8684,0.86929,0.86816,0.86906,3097,18,0
2023-07-28 09:30:00,0.86908,0.87125,0.86874,0.87075,3630,17,0
2023-07-28 10:00:00,0.87078,0.87244,0.86975,0.87194,4173,17,0
2023-07-28 10:30:00,0.87195,0.87355,0.8718,0.8728,3127,17,0
2023-07-28 11:00:00,0.87276,0.87338,0.87153,0.87172,2621,17,0
2023-07-28 11:30:00,0.87174,0.87185,0.87019,0.87104,2279,17,0
2023-07-28 12:00:00,0.87104,0.87185,0.871,0.87139,1845,17,0
2023-07-28 12:30:00,0.87137,0.87167,0.86969,0.87038,1917,17,0
2023-07-28 13:00:00,0.87037,0.87056,0.86985,0.86991,1383,17,0
2023-07-28 13:30:00,0.8699,0.87065,0.86921,0.86932,1524,17,0
2023-07-28 14:00:00,0.86934,0.86953,0.86691,0.867,2097,17,0
2023-07-28 14:30:00,0.86699,0.86801,0.86697,0.86783,1695,17,0
2023-07-28 15:00:00,0.86785,0.86798,0.86695,0.8676,1970,17,0
2023-07-28 15:30:00,0.86761,0.86883,0.86642,0.86821,5272,17,0
2023-07-28 16:00:00,0.86821,0.86965,0.86821,0.86928,3388,17,0
2023-07-28 16:30:00,0.86928,0.86963,0.86822,0.86827,3652,17,0
2023-07-28 17:00:00,0.86825,0.86832,0.86598,0.86655,4586,17,0
2023-07-28 17:30:00,0.86656,0.86797,0.86649,0.86751,2263,17,0
2023-07-28 18:00:00,0.86749,0.86867,0.8674,0.86802,2157,17,0
2023-07-28 18:30:00,0.86801,0.86916,0.86799,0.86862,2216,17,0
2023-07-28 19:00:00,0.86863,0.86929,0.86835,0.86889,1521,17,0
2023-07-28 19:30:00,0.86889,0.86889,0.86785,0.86814,1257,17,0
2023-07-28 20:00:00,0.86814,0.86964,0.86814,0.86958,1170,17,0
2023-07-28 20:30:00,0.86958,0.87,0.86892,0.86919,1089,17,0
2023-07-28 21:00:00,0.86918,0.86946,0.86874,0.8689,950,17,0
2023-07-28 21:30:00,0.8689,0.86916,0.86847,0.86908,925,17,0
2023-07-28 22:00:00,0.86909,0.86943,0.86904,0.86912,904,17,0
2023-07-28 22:30:00,0.86912,0.86931,0.86897,0.86924,761,17,0
2023-07-28 23:00:00,0.86925,0.86979,0.86921,0.86974,454,22,0
2023-07-28 23:30:00,0.8697,0.87062,0.86965,0.87016,757,22,0
2023-07-31 00:00:00,0.86719,0.86933,0.86719,0.86933,4,84,0
2023-07-31 00:30:00,0.86921,0.86945,0.86921,0.86945,2,85,0
2023-07-31 01:00:00,0.86937,0.86988,0.86919,0.86942,620,17,0
2023-07-31 01:30:00,0.86942,0.86966,0.86928,0.86952,706,18,0
2023-07-31 02:00:00,0.8695,0.86989,0.86937,0.86966,418,18,0
2023-07-31 02:30:00,0.86964,0.86985,0.86953,0.86976,319,17,0
2023-07-31 03:00:00,0.86978,0.87007,0.86962,0.87004,636,17,0
2023-07-31 03:30:00,0.87007,0.87019,0.86958,0.86972,789,17,0
2023-07-31 04:00:00,0.86971,0.87023,0.86955,0.87023,771,17,0
2023-07-31 04:30:00,0.87023,0.87106,0.86993,0.87097,1427,17,0
2023-07-31 05:00:00,0.87098,0.87129,0.87041,0.87121,1294,17,0
2023-07-31 05:30:00,0.87121,0.87159,0.87098,0.87114,600,17,0
2023-07-31 06:00:00,0.87114,0.87122,0.87069,0.87083,454,17,0
2023-07-31 06:30:00,0.87083,0.87137,0.87078,0.87135,561,17,0
2023-07-31 07:00:00,0.87136,0.87171,0.87125,0.8716,458,17,0
2023-07-31 07:30:00,0.87162,0.87182,0.87139,0.8718,473,17,0
2023-07-31 08:00:00,0.87185,0.87187,0.87157,0.87175,641,17,0
2023-07-31 08:30:00,0.87175,0.87175,0.87115,0.87115,546,17,0
2023-07-31 09:00:00,0.87121,0.87181,0.87054,0.87069,1369,17,0
2023-07-31 09:30:00,0.87069,0.87155,0.87021,0.87109,1588,17,0
2023-07-31 10:00:00,0.87107,0.87109,0.86907,0.86913,3206,17,0
2023-07-31 10:30:00,0.86915,0.8702,0.86908,0.87007,2083,17,0
2023-07-31 11:00:00,0.87005,0.87127,0.87005,0.87113,2230,17,0
2023-07-31 11:30:00,0.87113,0.8715,0.87038,0.87039,1841,17,0
2023-07-31 12:00:00,0.8704,0.87061,0.86946,0.86947,1501,17,0
2023-07-31 12:30:00,0.86948,0.87008,0.86938,0.86997,1153,17,0
2023-07-31 13:00:00,0.86996,0.87049,0.86988,0.86999,1255,17,0
2023-07-31 13:30:00,0.87,0.87022,0.86947,0.86979,1025,17,0
2023-07-31 14:00:00,0.86979,0.87058,0.86979,0.87042,853,17,0
2023-07-31 14:30:00,0.87043,0.87159,0.8704,0.87122,1150,17,0
2023-07-31 15:00:00,0.87122,0.87289,0.87104,0.87224,1634,17,0
2023-07-31 15:30:00,0.87222,0.87224,0.87069,0.87136,1624,17,0
2023-07-31 16:00:00,0.87137,0.87241,0.87134,0.87155,1851,17,0
2023-07-31 16:30:00,0.87155,0.8716,0.86887,0.869,2777,17,0
2023-07-31 17:00:00,0.86898,0.86904,0.86725,0.86729,2788,17,0
2023-07-31 17:30:00,0.86727,0.8683,0.86646,0.86707,2911,17,0
2023-07-31 18:00:00,0.86713,0.8683,0.86666,0.86783,2568,17,0
2023-07-31 18:30:00,0.86783,0.86894,0.86765,0.8688,1777,17,0
2023-07-31 19:00:00,0.8688,0.86966,0.86858,0.86963,1004,17,0
2023-07-31 19:30:00,0.86961,0.87028,0.86917,0.86938,920,17,0
2023-07-31 20:00:00,0.86937,0.86965,0.86902,0.86934,718,17,0
2023-07-31 20:30:00,0.86934,0.87021,0.86909,0.8702,692,17,0
2023-07-31 21:00:00,0.87015,0.87077,0.8699,0.87065,770,17,0
2023-07-31 21:30:00,0.87066,0.87185,0.87058,0.87145,958,17,0
2023-07-31 22:00:00,0.87146,0.87203,0.87139,0.87193,854,17,0
2023-07-31 22:30:00,0.87194,0.87229,0.87192,0.872,582,17,0
2023-07-31 23:00:00,0.87199,0.87201,0.87143,0.8717,563,19,0
2023-07-31 23:30:00,0.8717,0.87195,0.87145,0.87167,649,22,0
2023-08-01 00:00:00,0.87168,0.8718,0.87069,0.87158,21,36,0
2023-08-01 00:30:00,0.87126,0.87126,0.87041,0.87056,33,84,0
2023-08-01 01:00:00,0.87076,0.87179,0.87076,0.8715,374,18,0
2023-08-01 01:30:00,0.87148,0.87158,0.87142,0.87142,173,17,0
2023-08-01 02:00:00,0.87142,0.87161,0.87134,0.8716,204,17,0
2023-08-01 02:30:00,0.8716,0.87168,0.87148,0.87168,231,18,0
2023-08-01 03:00:00,0.87168,0.87179,0.87112,0.87169,668,17,0
2023-08-01 03:30:00,0.87169,0.87239,0.87156,0.87236,515,17,0
2023-08-01 04:00:00,0.87236,0.87252,0.87218,0.87245,607,17,0
2023-08-01 04:30:00,0.87246,0.87275,0.8722,0.87257,845,17,0
2023-08-01 05:00:00,0.87257,0.87311,0.87253,0.8728,581,17,0
2023-08-01 05:30:00,0.87281,0.87282,0.87251,0.87254,391,17,0
2023-08-01 06:00:00,0.87251,0.87252,0.87202,0.87227,877,17,0
2023-08-01 06:30:00,0.87228,0.87232,0.87187,0.87193,431,17,0
2023-08-01 07:00:00,0.87194,0.8727,0.87194,0.87254,370,17,0
2023-08-01 07:30:00,0.87255,0.87263,0.87214,0.87232,889,17,0
2023-08-01 08:00:00,0.87235,0.87256,0.872,0.87214,786,17,0
2023-08-01 08:30:00,0.87212,0.8722,0.87143,0.8715,793,17,0
2023-08-01 09:00:00,0.87148,0.87266,0.87148,0.87215,1221,17,0
2023-08-01 09:30:00,0.87216,0.87218,0.87116,0.87195,1330,17,0
2023-08-01 10:00:00,0.87196,0.87368,0.87196,0.87368,2736,17,0
2023-08-01 10:30:00,0.87367,0.87419,0.87334,0.87369,2189,17,0
2023-08-01 11:00:00,0.87369,0.87487,0.87368,0.87467,2167,17,0
2023-08-01 11:30:00,0.87466,0.87536,0.87434,0.87484,1808,17,0
2023-08-01 12:00:00,0.87485,0.87566,0.87472,0.87492,1623,17,0
2023-08-01 12:30:00,0.87492,0.87528,0.87475,0.87523,2014,17,0
2023-08-01 13:00:00,0.87524,0.87573,0.87513,0.87563,1214,17,0
2023-08-01 13:30:00,0.87564,0.87613,0.87512,0.87528,2275,17,0
2023-08-01 14:00:00,0.87527,0.87557,0.8749,0.87492,1736,17,0
2023-08-01 14:30:00,0.87492,0.8754,0.87492,0.87534,1371,17,0
2023-08-01 15:00:00,0.87534,0.87731,0.87531,0.87687,2126,17,0
2023-08-01 15:30:00,0.87688,0.87768,0.87652,0.87728,2252,17,0
2023-08-01 16:00:00,0.87729,0.87746,0.87634,0.87654,2237,17,0
2023-08-01 16:30:00,0.87654,0.87667,0.87554,0.87554,2409,17,0
2023-08-01 17:00:00,0.87554,0.87725,0.87412,0.87605,4577,17,0
2023-08-01 17:30:00,0.87606,0.87634,0.87496,0.87503,2970,17,0
2023-08-01 18:00:00,0.87503,0.87642,0.87471,0.8764,2373,17,0
2023-08-01 18:30:00,0.8764,0.87698,0.87618,0.87626,1526,17,0
2023-08-01 19:00:00,0.87625,0.8763,0.87549,0.87577,954,17,0
2023-08-01 19:30:00,0.87578,0.87605,0.87566,0.87574,900,17,0
2023-08-01 20:00:00,0.87574,0.8763,0.87536,0.87621,823,17,0
2023-08-01 20:30:00,0.87621,0.87666,0.8762,0.87652,715,17,0
2023-08-01 21:00:00,0.87652,0.87652,0.87564,0.87578,845,17,0
2023-08-01 21:30:00,0.87575,0.87606,0.87557,0.87574,1241,17,0
2023-08-01 22:00:00,0.87573,0.87575,0.87518,0.87538,718,17,0
2023-08-01 22:30:00,0.87538,0.87541,0.87478,0.87516,1053,17,0
2023-08-01 23:00:00,0.87521,0.87532,0.87496,0.87496,423,18,0
2023-08-01 23:30:00,0.87498,0.87518,0.87482,0.87507,531,22,0
2023-08-02 00:00:00,0.87513,0.87513,0.8731,0.87376,27,31,0
2023-08-02 00:30:00,0.87364,0.87413,0.87108,0.8713,1195,81,0
2023-08-02 01:00:00,0.87163,0.87375,0.87163,0.87362,1666,17,0
2023-08-02 01:30:00,0.87362,0.87395,0.87248,0.87254,880,17,0
2023-08-02 02:00:00,0.87254,0.87339,0.87221,0.87221,955,19,0
2023-08-02 02:30:00,0.87222,0.87261,0.87196,0.87252,838,17,0
2023-08-02 03:00:00,0.87256,0.8739,0.87252,0.87291,1639,17,0
2023-08-02 03:30:00,0.87291,0.87321,0.87258,0.87287,911,17,0
2023-08-02 04:00:00,0.87288,0.87318,0.87257,0.87295,1087,17,0
2023-08-02 04:30:00,0.87299,0.87397,0.87251,0.87388,1052,17,0
2023-08-02 05:00:00,0.87388,0.87389,0.87313,0.87327,843,17,0
2023-08-02 05:30:00,0.87323,0.87453,0.87315,0.87436,878,17,0
2023-08-02 06:00:00,0.87434,0.87506,0.8743,0.87475,1000,17,0
2023-08-02 06:30:00,0.87474,0.87508,0.87442,0.87482,1326,17,0
2023-08-02 07:00:00,0.87481,0.87532,0.87471,0.8753,885,17,0
2023-08-02 07:30:00,0.8753,0.87558,0.8751,0.87516,1221,17,0
2023-08-02 08:00:00,0.87517,0.8752,0.87375,0.87422,1291,17,0
2023-08-02 08:30:00,0.87425,0.87463,0.87407,0.87433,1038,17,0
2023-08-02 09:00:00,0.87433,0.8755,0.87399,0.87549,1823,17,0
2023-08-02 09:30:00,0.87553,0.87555,0.87397,0.87469,1493,17,0
2023-08-02 10:00:00,0.8747,0.87632,0.8747,0.876,2601,17,0
2023-08-02 10:30:00,0.87593,0.87711,0.87504,0.87678,2948,17,0
2023-08-02 11:00:00,0.87679,0.87846,0.87643,0.87749,3319,17,0
2023-08-02 11:30:00,0.87752,0.87809,0.87675,0.877,2290,17,0
2023-08-02 12:00:00,0.87701,0.87743,0.87619,0.8771,2102,17,0
2023-08-02 12:30:00,0.87711,0.8776,0.87672,0.87691,1822,17,0
2023-08-02 13:00:00,0.87689,0.87823,0.87683,0.87793,2014,17,0
2023-08-02 13:30:00,0.87793,0.8782,0.87716,0.87759,2042,17,0
2023-08-02 14:00:00,0.87759,0.87784,0.87746,0.87758,1711,17,0
2023-08-02 14:30:00,0.87758,0.87866,0.87744,0.87831,1197,17,0
2023-08-02 15:00:00,0.87832,0.87956,0.87751,0.87941,3325,17,0
2023-08-02 15:30:00,0.87941,0.88023,0.87879,0.87936,3037,17,0
2023-08-02 16:00:00,0.87935,0.87985,0.87891,0.87942,1929,17,0
2023-08-02 16:30:00,0.87944,0.88004,0.87888,0.87987,2673,17,0
2023-08-02 17:00:00,0.87986,0.88052,0.8795,0.87999,2936,17,0
2023-08-02 17:30:00,0.87999,0.8801,0.8772,0.87747,3434,17,0
2023-08-02 18:00:00,0.8775,0.879,0.87723,0.87815,2297,17,0
2023-08-02 18:30:00,0.87814,0.87815,0.8771,0.87795,1543,17,0
2023-08-02 19:00:00,0.87795,0.87826,0.87689,0.8769,1257,17,0
2023-08-02 19:30:00,0.87689,0.87737,0.87619,0.8762,1112,17,0
2023-08-02 20:00:00,0.87621,0.8763,0.87567,0.87579,1029,17,0
2023-08-02 20:30:00,0.87577,0.87662,0.87574,0.87657,747,17,0
2023-08-02 21:00:00,0.87657,0.87738,0.87625,0.87734,725,17,0
2023-08-02 21:30:00,0.87735,0.87762,0.87719,0.87722,590,17,0
2023-08-02 22:00:00,0.87723,0.87769,0.87711,0.87769,409,17,0
2023-08-02 22:30:00,0.87768,0.87789,0.87755,0.87776,493,17,0
2023-08-02 23:00:00,0.87777,0.87793,0.87754,0.87755,364,17,0
2023-08-02 23:30:00,0.87755,0.87773,0.87722,0.87735,248,22,0
2023-08-03 00:00:00,0.87733,0.87733,0.8763,0.87712,11,41,0
2023-08-03 00:30:00,0.87732,0.87756,0.87671,0.87711,106,39,0
2023-08-03 01:00:00,0.87686,0.87734,0.87686,0.87719,393,18,0
2023-08-03 01:30:00,0.87719,0.87721,0.87705,0.87713,332,19,0
2023-08-03 02:00:00,0.87714,0.87723,0.87691,0.8772,271,17,0
2023-08-03 02:30:00,0.87719,0.87734,0.87705,0.87732,260,17,0
2023-08-03 03:00:00,0.87737,0.87761,0.87728,0.87737,761,17,0
2023-08-03 03:30:00,0.87735,0.87762,0.87727,0.87737,589,17,0
2023-08-03 04:00:00,0.87739,0.87756,0.87694,0.87706,944,17,0
2023-08-03 04:30:00,0.87706,0.87714,0.87659,0.87709,826,17,0
2023-08-03 05:00:00,0.87711,0.87744,0.87699,0.87717,700,17,0
2023-08-03 05:30:00,0.87716,0.87756,0.87698,0.87756,564,17,0
2023-08-03 06:00:00,0.87756,0.87801,0.87754,0.87793,785,17,0
2023-08-03 06:30:00,0.87794,0.87804,0.87759,0.87765,935,17,0
2023-08-03 07:00:00,0.87768,0.87801,0.87751,0.87784,930,17,0
2023-08-03 07:30:00,0.87786,0.87867,0.87786,0.87862,1267,17,0
2023-08-03 08:00:00,0.87862,0.87942,0.87836,0.8786,1401,18,0
2023-08-03 08:30:00,0.8786,0.87882,0.87735,0.87743,1957,17,0
2023-08-03 09:00:00,0.87747,0.87878,0.87747,0.87856,2260,17,0
2023-08-03 09:30:00,0.87855,0.87947,0.87808,0.87944,2385,17,0
2023-08-03 10:00:00,0.87943,0.87977,0.87888,0.87927,3033,17,0
2023-08-03 10:30:00,0.87926,0.87949,0.87785,0.87833,2606,17,0
2023-08-03 11:00:00,0.87835,0.8784,0.87734,0.8781,2186,17,0
2023-08-03 11:30:00,0.87812,0.87838,0.87707,0.87714,1748,17,0
2023-08-03 12:00:00,0.87712,0.87738,0.87627,0.87654,2040,17,0
2023-08-03 12:30:00,0.87655,0.87674,0.87589,0.87649,1404,17,0
2023-08-03 13:00:00,0.87649,0.87716,0.87639,0.87693,1509,17,0
2023-08-03 13:30:00,0.87692,0.877,0.87536,0.87548,1553,17,0
2023-08-03 14:00:00,0.87547,0.87637,0.87407,0.87552,3264,17,0
2023-08-03 14:30:00,0.87554,0.87619,0.87444,0.8761,2510,18,0
2023-08-03 15:00:00,0.87608,0.87642,0.87541,0.87558,2283,17,0
2023-08-03 15:30:00,0.8757,0.87641,0.87362,0.87504,5553,19,0
2023-08-03 16:00:00,0.87506,0.87639,0.87488,0.87583,2366,17,0
2023-08-03 16:30:00,0.87584,0.87728,0.87556,0.87712,3309,17,0
2023-08-03 17:00:00,0.87708,0.87709,0.87413,0.87413,4083,17,0
2023-08-03 17:30:00,0.87418,0.8762,0.87418,0.87559,3433,17,0
2023-08-03 18:00:00,0.87558,0.87585,0.87331,0.87389,2698,17,0
2023-08-03 18:30:00,0.87388,0.87456,0.87335,0.87418,2085,17,0
2023-08-03 19:00:00,0.87419,0.87462,0.87398,0.87413,1333,17,0
2023-08-03 19:30:00,0.87415,0.87438,0.87321,0.87375,1259,17,0
2023-08-03 20:00:00,0.87376,0.87484,0.87351,0.87482,982,17,0
2023-08-03 20:30:00,0.87483,0.87489,0.8739,0.87425,1042,17,0
2023-08-03 21:00:00,0.87428,0.87458,0.87404,0.87444,1091,17,0
2023-08-03 21:30:00,0.87447,0.87502,0.87446,0.87487,796,17,0
2023-08-03 22:00:00,0.87487,0.87547,0.87479,0.87523,708,17,0
2023-08-03 22:30:00,0.87523,0.87539,0.87488,0.87491,444,17,0
2023-08-03 23:00:00,0.87492,0.87494,0.87406,0.87408,480,20,0
2023-08-03 23:30:00,0.87408,0.87438,0.87394,0.87397,526,22,0
2023-08-04 00:00:00,0.87397,0.87434,0.87374,0.87386,23,49,0
2023-08-04 00:30:00,0.87374,0.87409,0.8735,0.87393,213,81,0
2023-08-04 01:00:00,0.87406,0.87443,0.87393,0.87394,1034,18,0
2023-08-04 01:30:00,0.87396,0.87414,0.87388,0.874,437,18,0
2023-08-04 02:00:00,0.87401,0.87429,0.87401,0.87414,236,19,0
2023-08-04 02:30:00,0.87414,0.87429,0.87403,0.87425,301,17,0
2023-08-04 03:00:00,0.87429,0.87458,0.87413,0.87423,437,17,0
2023-08-04 03:30:00,0.87423,0.87458,0.87389,0.8739,651,17,0
2023-08-04 04:00:00,0.87391,0.87396,0.87322,0.87324,1097,17,0
2023-08-04 04:30:00,0.87324,0.87381,0.87295,0.87367,1070,17,0
2023-08-04 05:00:00,0.87366,0.874,0.87335,0.87389,1204,17,0
2023-08-04 05:30:00,0.87389,0.87408,0.87361,0.87383,1078,17,0
2023-08-04 06:00:00,0.87383,0.87414,0.87348,0.87396,619,18,0
2023-08-04 06:30:00,0.87393,0.87437,0.87377,0.87427,609,17,0
2023-08-04 07:00:00,0.87426,0.87451,0.87416,0.87444,636,17,0
2023-08-04 07:30:00,0.87444,0.87451,0.87424,0.87442,501,17,0
2023-08-04 08:00:00,0.87445,0.87468,0.87389,0.87418,934,17,0
2023-08-04 08:30:00,0.87417,0.87433,0.87366,0.87425,631,17,0
2023-08-04 09:00:00,0.87425,0.87468,0.87396,0.87427,1469,17,0
2023-08-04 09:30:00,0.87428,0.8751,0.87425,0.87483,1157,17,0
2023-08-04 10:00:00,0.87485,0.87625,0.87475,0.87615,2160,17,0
2023-08-04 10:30:00,0.87614,0.87701,0.87587,0.87674,1788,17,0
2023-08-04 11:00:00,0.87675,0.87713,0.87614,0.8767,1482,17,0
2023-08-04 11:30:00,0.87665,0.87784,0.87663,0.87751,1387,17,0
2023-08-04 12:00:00,0.87752,0.8779,0.87739,0.87754,995,17,0
2023-08-04 12:30:00,0.87754,0.87816,0.87734,0.87763,1161,17,0
2023-08-04 13:00:00,0.87762,0.87779,0.87721,0.87724,1068,17,0
2023-08-04 13:30:00,0.87723,0.87766,0.87712,0.87733,1018,17,0
2023-08-04 14:00:00,0.8773,0.87764,0.87721,0.87743,825,17,0
2023-08-04 14:30:00,0.87744,0.87763,0.87717,0.87745,1198,17,0
2023-08-04 15:00:00,0.87746,0.87763,0.87591,0.87591,2076,17,0
2023-08-04 15:30:00,0.87591,0.87752,0.87233,0.87285,7467,19,0
2023-08-04 16:00:00,0.87288,0.87305,0.87076,0.87076,4969,19,0
2023-08-04 16:30:00,0.87075,0.87108,0.86983,0.87096,3954,17,0
2023-08-04 17:00:00,0.87099,0.87167,0.87015,0.87103,2952,17,0
2023-08-04 17:30:00,0.87104,0.87204,0.8703,0.87188,2958,17,0
2023-08-04 18:00:00,0.87187,0.87249,0.87127,0.8716,2101,17,0
2023-08-04 18:30:00,0.87159,0.87163,0.87068,0.87122,1333,17,0
2023-08-04 19:00:00,0.87123,0.87184,0.871,0.871,1022,17,0
2023-08-04 19:30:00,0.87098,0.87132,0.87064,0.87095,629,17,0
2023-08-04 20:00:00,0.87095,0.87119,0.87063,0.87117,418,17,0
2023-08-04 20:30:00,0.87117,0.87141,0.87086,0.87131,424,17,0
2023-08-04 21:00:00,0.87133,0.87217,0.87133,0.87203,863,17,0
2023-08-04 21:30:00,0.87203,0.87281,0.87193,0.87264,917,17,0
2023-08-04 22:00:00,0.87263,0.87313,0.87254,0.87285,662,17,0
2023-08-04 22:30:00,0.87285,0.87337,0.87278,0.87307,630,17,0
2023-08-04 23:00:00,0.87306,0.87316,0.87273,0.87288,472,18,0
2023-08-04 23:30:00,0.8729,0.87293,0.87224,0.87258,793,25,0
2023-08-07 00:00:00,0.86989,0.87224,0.86989,0.87098,11,150,0
2023-08-07 00:30:00,0.87075,0.87218,0.87059,0.87218,32,95,0
2023-08-07 01:00:00,0.87198,0.87307,0.87188,0.87306,1280,20,0
2023-08-07 01:30:00,0.87306,0.87387,0.87305,0.87367,491,17,0
2023-08-07 02:00:00,0.87367,0.87424,0.87366,0.87418,542,17,0
2023-08-07 02:30:00,0.87418,0.87431,0.87402,0.87411,450,18,0
2023-08-07 03:00:00,0.87413,0.8745,0.87363,0.87371,1089,17,0
2023-08-07 03:30:00,0.87372,0.87382,0.87338,0.87373,840,17,0
2023-08-07 04:00:00,0.87374,0.87491,0.87368,0.87491,958,17,0
2023-08-07 04:30:00,0.87492,0.87503,0.87466,0.87477,863,17,0
2023-08-07 05:00:00,0.87476,0.87525,0.87456,0.87504,535,17,0
2023-08-07 05:30:00,0.87504,0.87511,0.87467,0.87472,607,17,0
2023-08-07 06:00:00,0.87471,0.87473,0.87427,0.87435,263,17,0
2023-08-07 06:30:00,0.87432,0.87486,0.8743,0.87485,365,17,0
2023-08-07 07:00:00,0.87485,0.87505,0.87464,0.8747,553,17,0
2023-08-07 07:30:00,0.8747,0.87474,0.87429,0.87437,409,17,0
2023-08-07 08:00:00,0.87436,0.87471,0.87426,0.87451,455,17,0
2023-08-07 08:30:00,0.87449,0.87542,0.87449,0.87526,1121,17,0
2023-08-07 09:00:00,0.87532,0.87634,0.87512,0.87634,1185,17,0
2023-08-07 09:30:00,0.87636,0.87678,0.87565,0.87585,1380,17,0
2023-08-07 10:00:00,0.87587,0.87595,0.87477,0.8751,1989,17,0
2023-08-07 10:30:00,0.87509,0.87512,0.87374,0.87379,1439,17,0
2023-08-07 11:00:00,0.87378,0.87554,0.87369,0.8755,1456,17,0
2023-08-07 11:30:00,0.87551,0.8762,0.87549,0.87566,1356,17,0
2023-08-07 12:00:00,0.87566,0.87635,0.87549,0.87597,1075,17,0
2023-08-07 12:30:00,0.87597,0.87683,0.87589,0.87681,1267,17,0
2023-08-07 13:00:00,0.87683,0.87727,0.87657,0.87693,1237,17,0
2023-08-07 13:30:00,0.87694,0.87712,0.87667,0.87697,792,17,0
2023-08-07 14:00:00,0.87696,0.87711,0.87629,0.87663,981,17,0
2023-08-07 14:30:00,0.87663,0.87691,0.8758,0.87596,1149,17,0
2023-08-07 15:00:00,0.87595,0.87645,0.87551,0.87554,1129,17,0
2023-08-07 15:30:00,0.87553,0.87587,0.8747,0.87477,1113,17,0
2023-08-07 16:00:00,0.87478,0.87483,0.87359,0.8738,1451,17,0
2023-08-07 16:30:00,0.87379,0.87509,0.87327,0.87499,2004,17,0
2023-08-07 17:00:00,0.87499,0.87568,0.8743,0.87459,1652,17,0
2023-08-07 17:30:00,0.8746,0.87521,0.87396,0.8744,1900,17,0
2023-08-07 18:00:00,0.87446,0.87485,0.87386,0.87442,1452,17,0
2023-08-07 18:30:00,0.87443,0.87443,0.8738,0.87417,861,17,0
2023-08-07 19:00:00,0.87419,0.87447,0.874,0.87408,726,17,0
2023-08-07 19:30:00,0.87408,0.87429,0.87366,0.87385,718,17,0
2023-08-07 20:00:00,0.87385,0.87422,0.87384,0.87421,628,17,0
2023-08-07 20:30:00,0.8742,0.8742,0.87338,0.87354,636,17,0
2023-08-07 21:00:00,0.87351,0.87352,0.87307,0.87323,745,17,0
2023-08-07 21:30:00,0.87325,0.87325,0.87283,0.87283,539,17,0
2023-08-07 22:00:00,0.87283,0.87301,0.87269,0.87293,339,17,0
2023-08-07 22:30:00,0.87292,0.8732,0.87286,0.87287,325,17,0
2023-08-07 23:00:00,0.87288,0.87328,0.8728,0.87311,297,22,0
2023-08-07 23:30:00,0.87311,0.87311,0.87256,0.87265,467,22,0
2023-08-08 00:00:00,0.87197,0.87294,0.87197,0.87273,176,36,0
2023-08-08 00:30:00,0.87272,0.87294,0.87231,0.87235,742,29,0
2023-08-08 01:00:00,0.87258,0.87281,0.87249,0.87255,287,18,0
2023-08-08 01:30:00,0.87254,0.87266,0.87251,0.87262,175,19,0
2023-08-08 02:00:00,0.87262,0.87265,0.87243,0.87262,231,17,0
2023-08-08 02:30:00,0.87261,0.8729,0.87248,0.8729,127,17,0
2023-08-08 03:00:00,0.87288,0.87346,0.87269,0.87339,566,17,0
2023-08-08 03:30:00,0.87341,0.87384,0.87339,0.87347,532,17,0
2023-08-08 04:00:00,0.87349,0.87427,0.87345,0.87412,1055,18,0
2023-08-08 04:30:00,0.87411,0.87462,0.87386,0.87447,1515,17,0
2023-08-08 05:00:00,0.87446,0.87463,0.87378,0.87384,819,17,0
2023-08-08 05:30:00,0.87387,0.87387,0.87335,0.87351,576,17,0
2023-08-08 06:00:00,0.87351,0.87379,0.87337,0.87372,734,17,0
2023-08-08 06:30:00,0.87372,0.87424,0.87365,0.87417,566,17,0
2023-08-08 07:00:00,0.87418,0.8743,0.87395,0.87401,488,17,0
2023-08-08 07:30:00,0.87402,0.87408,0.87355,0.87357,445,17,0
2023-08-08 08:00:00,0.87358,0.87382,0.8733,0.8736,800,17,0
2023-08-08 08:30:00,0.87359,0.87376,0.87277,0.87278,1706,17,0
2023-08-08 09:00:00,0.87282,0.87319,0.87249,0.87274,1849,17,0
2023-08-08 09:30:00,0.87273,0.87336,0.87192,0.87333,1705,17,0
2023-08-08 10:00:00,0.87334,0.87488,0.87309,0.87474,1972,17,0
2023-08-08 10:30:00,0.87475,0.87547,0.87435,0.87475,1902,17,0
2023-08-08 11:00:00,0.87475,0.87494,0.87369,0.87404,1523,17,0
2023-08-08 11:30:00,0.87404,0.87454,0.87329,0.87368,1765,17,0
2023-08-08 12:00:00,0.87368,0.87493,0.87356,0.87473,1670,17,0
2023-08-08 12:30:00,0.87474,0.87543,0.87412,0.87516,1337,17,0
2023-08-08 13:00:00,0.87516,0.87585,0.875,0.87584,1505,17,0
2023-08-08 13:30:00,0.87585,0.87677,0.87582,0.87649,1749,17,0
2023-08-08 14:00:00,0.87648,0.87709,0.87611,0.87706,1632,17,0
2023-08-08 14:30:00,0.87708,0.87775,0.87696,0.87727,1939,17,0
2023-08-08 15:00:00,0.87726,0.87758,0.87677,0.87693,2179,17,0
2023-08-08 15:30:00,0.87693,0.87749,0.87615,0.87748,2182,17,0
2023-08-08 16:00:00,0.87749,0.87784,0.87633,0.87706,2490,17,0
2023-08-08 16:30:00,0.87707,0.8775,0.87665,0.8767,2632,17,0
2023-08-08 17:00:00,0.87667,0.87821,0.87656,0.87659,2478,17,0
2023-08-08 17:30:00,0.87659,0.87688,0.87534,0.87564,1933,17,0
2023-08-08 18:00:00,0.87563,0.87635,0.87553,0.87606,1777,17,0
2023-08-08 18:30:00,0.87608,0.87608,0.87551,0.8757,1079,17,0
2023-08-08 19:00:00,0.8757,0.87577,0.87515,0.87517,811,17,0
2023-08-08 19:30:00,0.87516,0.87579,0.87493,0.87571,439,17,0
2023-08-08 20:00:00,0.8757,0.87586,0.87513,0.87562,685,17,0
2023-08-08 20:30:00,0.87563,0.87584,0.87534,0.87568,620,17,0
2023-08-08 21:00:00,0.87567,0.87614,0.8756,0.87598,1012,17,0
2023-08-08 21:30:00,0.87599,0.8762,0.87539,0.87549,721,17,0
2023-08-08 22:00:00,0.87549,0.87556,0.87506,0.87528,354,17,0
2023-08-08 22:30:00,0.87529,0.8756,0.87523,0.87548,305,18,0
2023-08-08 23:00:00,0.87549,0.87556,0.87531,0.87553,200,18,0
2023-08-08 23:30:00,0.87554,0.8758,0.87545,0.87545,182,22,0
2023-08-09 00:00:00,0.87543,0.87576,0.8749,0.87502,45,29,0
2023-08-09 00:30:00,0.87466,0.87549,0.87466,0.87511,699,29,0
2023-08-09 01:00:00,0.87528,0.87583,0.87525,0.8757,1212,22,0
2023-08-09 01:30:00,0.8757,0.87606,0.87562,0.87604,307,22,0
2023-08-09 02:00:00,0.87604,0.87606,0.8757,0.87579,128,23,0
2023-08-09 02:30:00,0.87579,0.87593,0.87543,0.8755,323,22,0
2023-08-09 03:00:00,0.87551,0.87554,0.87493,0.87499,747,22,0
2023-08-09 03:30:00,0.87499,0.8752,0.87467,0.8752,462,22,0
2023-08-09 04:00:00,0.87519,0.87531,0.87441,0.87472,1055,22,0
2023-08-09 04:30:00,0.87471,0.87515,0.87447,0.87508,1006,22,0
2023-08-09 05:00:00,0.87507,0.87524,0.87494,0.87499,707,22,0
2023-08-09 05:30:00,0.87499,0.8751,0.87442,0.87457,661,22,0
2023-08-09 06:00:00,0.87457,0.87472,0.87417,0.87458,893,22,0
2023-08-09 06:30:00,0.87459,0.87483,0.87455,0.87464,505,17,0
2023-08-09 07:00:00,0.87467,0.87489,0.87435,0.87485,414,17,0
2023-08-09 07:30:00,0.87485,0.87487,0.87447,0.8745,525,17,0
2023-08-09 08:00:00,0.87452,0.87452,0.87358,0.87392,1057,17,0
2023-08-09 08:30:00,0.87393,0.87414,0.8738,0.87381,916,17,0
2023-08-09 09:00:00,0.87377,0.87403,0.87315,0.87361,1391,17,0
2023-08-09 09:30:00,0.87361,0.87395,0.87315,0.87386,1331,17,0
2023-08-09 10:00:00,0.87389,0.8742,0.87326,0.87384,1912,17,0
2023-08-09 10:30:00,0.87384,0.87427,0.87327,0.87345,1233,17,0
2023-08-09 11:00:00,0.87344,0.87491,0.87307,0.87484,1199,17,0
2023-08-09 11:30:00,0.87485,0.87508,0.87443,0.8747,1125,17,0
2023-08-09 12:00:00,0.87469,0.87543,0.87456,0.87543,1255,17,0
2023-08-09 12:30:00,0.87542,0.87595,0.8753,0.87582,821,17,0
2023-08-09 13:00:00,0.87581,0.87634,0.87556,0.87593,1006,17,0
2023-08-09 13:30:00,0.87592,0.8768,0.87569,0.87675,906,17,0
2023-08-09 14:00:00,0.87674,0.87722,0.87664,0.87722,1130,17,0
2023-08-09 14:30:00,0.87722,0.87733,0.87649,0.87728,1499,17,0
2023-08-09 15:00:00,0.87729,0.87818,0.87696,0.87797,1337,17,0
2023-08-09 15:30:00,0.87798,0.87806,0.87639,0.87643,1858,17,0
2023-08-09 16:00:00,0.87643,0.87643,0.8756,0.87611,1584,17,0
2023-08-09 16:30:00,0.87606,0.8765,0.87576,0.87624,2208,17,0
2023-08-09 17:00:00,0.87624,0.87658,0.87493,0.87618,2162,17,0
2023-08-09 17:30:00,0.87617,0.87685,0.87606,0.87672,1871,17,0
2023-08-09 18:00:00,0.87673,0.87723,0.87647,0.87704,1748,17,0
2023-08-09 18:30:00,0.87704,0.8773,0.87639,0.87697,1292,17,0
2023-08-09 19:00:00,0.87697,0.87701,0.87607,0.87654,1026,17,0
2023-08-09 19:30:00,0.87653,0.87712,0.87631,0.87676,832,17,0
2023-08-09 20:00:00,0.87675,0.87693,0.87569,0.87656,946,17,0
2023-08-09 20:30:00,0.87656,0.87681,0.87645,0.87676,618,17,0
2023-08-09 21:00:00,0.87678,0.87729,0.87677,0.87721,666,17,0
2023-08-09 21:30:00,0.87718,0.87746,0.87706,0.87724,663,17,0
2023-08-09 22:00:00,0.8772,0.8774,0.87701,0.8771,712,17,0
2023-08-09 22:30:00,0.87711,0.87734,0.87688,0.87727,627,17,0
2023-08-09 23:00:00,0.87726,0.8773,0.87703,0.87711,256,22,0
2023-08-09 23:30:00,0.87714,0.87727,0.87687,0.87701,308,22,0
2023-08-10 00:00:00,0.87706,0.87706,0.87587,0.8768,5,38,0
2023-08-10 00:30:00,0.87697,0.87704,0.87624,0.87667,245,29,0
2023-08-10 01:00:00,0.87674,0.87695,0.87663,0.87673,956,23,0
2023-08-10 01:30:00,0.87674,0.87691,0.87664,0.87684,389,22,0
2023-08-10 02:00:00,0.87685,0.87704,0.87685,0.87698,303,17,0
2023-08-10 02:30:00,0.87699,0.87705,0.87687,0.8769,261,17,0
2023-08-10 03:00:00,0.87692,0.87721,0.87681,0.87709,500,17,0
2023-08-10 03:30:00,0.8771,0.87738,0.87694,0.87704,629,17,0
2023-08-10 04:00:00,0.87704,0.87758,0.87693,0.87703,977,17,0
2023-08-10 04:30:00,0.87703,0.87712,0.87667,0.87705,558,17,0
2023-08-10 05:00:00,0.87706,0.87716,0.87652,0.87657,531,17,0
2023-08-10 05:30:00,0.87658,0.8768,0.87637,0.87673,463,17,0
2023-08-10 06:00:00,0.87673,0.87694,0.87671,0.87694,500,17,0
2023-08-10 06:30:00,0.87692,0.87692,0.87667,0.87681,165,17,0
2023-08-10 07:00:00,0.87682,0.87682,0.8762,0.87645,292,17,0
2023-08-10 07:30:00,0.87646,0.8769,0.8764,0.87687,486,17,0
2023-08-10 08:00:00,0.87689,0.87706,0.8766,0.87667,544,17,0
2023-08-10 08:30:00,0.87664,0.8768,0.87643,0.87654,644,17,0
2023-08-10 09:00:00,0.87652,0.87661,0.87587,0.87606,1134,17,0
2023-08-10 09:30:00,0.87607,0.87631,0.87577,0.87618,981,17,0
2023-08-10 10:00:00,0.87618,0.87631,0.87412,0.8748,2450,17,0
2023-08-10 10:30:00,0.87479,0.8749,0.87378,0.87391,1555,17,0
2023-08-10 11:00:00,0.87391,0.87397,0.87219,0.87273,1951,17,0
2023-08-10 11:30:00,0.87272,0.8733,0.87245,0.8732,1560,17,0
2023-08-10 12:00:00,0.87321,0.87371,0.87315,0.87363,927,17,0
2023-08-10 12:30:00,0.87362,0.87381,0.87322,0.87353,1313,17,0
2023-08-10 13:00:00,0.87352,0.87364,0.8732,0.87331,1194,17,0
2023-08-10 13:30:00,0.87331,0.87332,0.87289,0.87302,887,17,0
2023-08-10 14:00:00,0.87301,0.87329,0.87282,0.87328,741,17,0
2023-08-10 14:30:00,0.87328,0.8733,0.8728,0.87293,1095,17,0
2023-08-10 15:00:00,0.87294,0.87312,0.87222,0.87267,1632,17,0
2023-08-10 15:30:00,0.87267,0.87381,0.86892,0.87177,7284,19,0
2023-08-10 16:00:00,0.87184,0.87516,0.87153,0.87447,5443,19,0
2023-08-10 16:30:00,0.87448,0.87478,0.87244,0.87254,3994,17,0
2023-08-10 17:00:00,0.87251,0.87353,0.87171,0.87297,3250,17,0
2023-08-10 17:30:00,0.87298,0.87436,0.87213,0.87349,3431,17,0
2023-08-10 18:00:00,0.87349,0.87423,0.8732,0.87328,2174,17,0
2023-08-10 18:30:00,0.87327,0.87374,0.8731,0.87357,1812,17,0
2023-08-10 19:00:00,0.87357,0.87399,0.87346,0.87382,1333,17,0
2023-08-10 19:30:00,0.87382,0.87393,0.87319,0.87379,1241,17,0
2023-08-10 20:00:00,0.87379,0.87619,0.87372,0.87618,1680,17,0
2023-08-10 20:30:00,0.87619,0.87717,0.87568,0.87657,2429,18,0
2023-08-10 21:00:00,0.87658,0.87671,0.87551,0.87563,1984,19,0
2023-08-10 21:30:00,0.87564,0.87617,0.87546,0.87563,1288,17,0
2023-08-10 22:00:00,0.87566,0.8763,0.87561,0.87627,980,17,0
2023-08-10 22:30:00,0.87627,0.87678,0.87614,0.87673,797,17,0
2023-08-10 23:00:00,0.87673,0.87677,0.8766,0.87667,334,19,0
2023-08-10 23:30:00,0.87667,0.87677,0.87657,0.87657,217,22,0
2023-08-11 00:00:00,0.87651,0.87654,0.87558,0.87603,20,35,0
2023-08-11 00:30:00,0.87605,0.87654,0.87576,0.87622,1236,51,0
2023-08-11 01:00:00,0.87629,0.87664,0.87623,0.87655,186,22,0
2023-08-11 01:30:00,0.87659,0.87665,0.87656,0.8766,68,23,0
2023-08-11 02:00:00,0.87662,0.87681,0.87655,0.87662,173,19,0
2023-08-11 02:30:00,0.87663,0.87681,0.87657,0.87679,149,17,0
2023-08-11 03:00:00,0.87679,0.87706,0.87652,0.87661,374,17,0
2023-08-11 03:30:00,0.87662,0.87675,0.87627,0.87637,389,17,0
2023-08-11 04:00:00,0.87636,0.87636,0.87606,0.87629,786,17,0
2023-08-11 04:30:00,0.87627,0.87646,0.87563,0.87593,1011,17,0
2023-08-11 05:00:00,0.87594,0.87631,0.87586,0.87625,821,17,0
2023-08-11 05:30:00,0.87625,0.87637,0.8759,0.87607,603,17,0
2023-08-11 06:00:00,0.87607,0.8761,0.87574,0.87579,597,17,0
2023-08-11 06:30:00,0.87579,0.87614,0.87572,0.87595,563,17,0
2023-08-11 07:00:00,0.87594,0.87612,0.87591,0.87606,342,17,0
2023-08-11 07:30:00,0.87613,0.8764,0.87581,0.87632,678,17,0
2023-08-11 08:00:00,0.87631,0.87643,0.87595,0.87615,886,18,0
2023-08-11 08:30:00,0.87616,0.87648,0.87588,0.87624,918,17,0
2023-08-11 09:00:00,0.87627,0.87672,0.8758,0.87646,1982,17,0
2023-08-11 09:30:00,0.87648,0.87737,0.87625,0.87714,1109,17,0
2023-08-11 10:00:00,0.87715,0.87728,0.8762,0.87664,1889,17,0
2023-08-11 10:30:00,0.87665,0.87678,0.87603,0.87667,1339,17,0
2023-08-11 11:00:00,0.87667,0.87715,0.87644,0.87708,1242,17,0
2023-08-11 11:30:00,0.87709,0.87758,0.87641,0.87648,1569,17,0
2023-08-11 12:00:00,0.87648,0.87709,0.87608,0.87696,1451,17,0
2023-08-11 12:30:00,0.87697,0.87736,0.87668,0.87689,1327,17,0
2023-08-11 13:00:00,0.87689,0.87709,0.87579,0.87586,1019,17,0
2023-08-11 13:30:00,0.87587,0.87589,0.87536,0.87571,948,17,0
2023-08-11 14:00:00,0.87572,0.87574,0.87527,0.87543,945,17,0
2023-08-11 14:30:00,0.87543,0.87558,0.8743,0.87457,1260,17,0
2023-08-11 15:00:00,0.87457,0.87464,0.87329,0.87358,1668,17,0
2023-08-11 15:30:00,0.87353,0.87707,0.87353,0.87657,4390,17,0
2023-08-11 16:00:00,0.87657,0.87746,0.87565,0.87727,2967,17,0
2023-08-11 16:30:00,0.87729,0.87798,0.87694,0.8772,2677,17,0
2023-08-11 17:00:00,0.87663,0.87734,0.8754,0.87579,4161,17,0
2023-08-11 17:30:00,0.87578,0.87649,0.87488,0.8755,3252,17,0
2023-08-11 18:00:00,0.87549,0.87562,0.8752,0.87551,481,17,0
2023-08-11 18:30:00,0.87673,0.87696,0.87631,0.87645,1046,17,0
2023-08-11 19:00:00,0.87645,0.87665,0.87606,0.8765,1049,17,0
2023-08-11 19:30:00,0.87648,0.8773,0.87632,0.87723,776,17,0
2023-08-11 20:00:00,0.87724,0.87737,0.87624,0.87637,809,17,0
2023-08-11 20:30:00,0.87637,0.8772,0.87637,0.87702,722,17,0
2023-08-11 21:00:00,0.87702,0.8772,0.87614,0.8762,762,17,0
2023-08-11 21:30:00,0.87619,0.8762,0.87583,0.87604,761,17,0
2023-08-11 22:00:00,0.87603,0.87686,0.87603,0.87618,591,17,0
2023-08-11 22:30:00,0.87619,0.87655,0.87606,0.87633,643,17,0
2023-08-11 23:00:00,0.87634,0.87678,0.87625,0.87641,431,17,0
2023-08-11 23:30:00,0.87648,0.87662,0.87597,0.87612,673,18,0
2023-08-14 00:00:00,0.87516,0.87601,0.87489,0.87505,77,128,0
2023-08-14 00:30:00,0.87542,0.87565,0.87504,0.8753,37,128,0
2023-08-14 01:00:00,0.8755,0.8765,0.8755,0.8765,481,24,0
2023-08-14 01:30:00,0.8765,0.87698,0.87644,0.87675,250,22,0
2023-08-14 02:00:00,0.87677,0.87694,0.87657,0.87676,170,18,0
2023-08-14 02:30:00,0.87679,0.8768,0.87638,0.87664,238,17,0
2023-08-14 03:00:00,0.87668,0.87727,0.87641,0.87723,698,17,0
2023-08-14 03:30:00,0.87724,0.87764,0.87716,0.87739,690,17,0
2023-08-14 04:00:00,0.87743,0.87751,0.87695,0.87739,853,17,0
2023-08-14 04:30:00,0.87736,0.8777,0.87724,0.87746,1167,17,0
2023-08-14 05:00:00,0.87746,0.87784,0.87734,0.8777,948,17,0
2023-08-14 05:30:00,0.8777,0.87784,0.87732,0.8778,465,17,0
2023-08-14 06:00:00,0.87781,0.87781,0.87733,0.87745,680,17,0
2023-08-14 06:30:00,0.87743,0.87769,0.87733,0.87737,384,17,0
2023-08-14 07:00:00,0.87736,0.87738,0.87702,0.87717,481,17,0
2023-08-14 07:30:00,0.87718,0.87734,0.87699,0.87729,466,18,0
2023-08-14 08:00:00,0.87729,0.87746,0.87701,0.87715,453,17,0
2023-08-14 08:30:00,0.87715,0.87715,0.87662,0.87672,654,17,0
2023-08-14 09:00:00,0.87675,0.87764,0.8766,0.87669,1544,17,0
2023-08-14 09:30:00,0.87669,0.87718,0.87652,0.87667,1109,17,0
2023-08-14 10:00:00,0.8767,0.87694,0.87553,0.87627,1496,17,0
2023-08-14 10:30:00,0.87629,0.87668,0.87543,0.87588,2232,17,0
2023-08-14 11:00:00,0.87589,0.8765,0.87568,0.87612,2167,17,0
2023-08-14 11:30:00,0.87612,0.87687,0.87547,0.87682,1740,17,0
2023-08-14 12:00:00,0.87682,0.87735,0.8761,0.87675,1845,17,0
2023-08-14 12:30:00,0.87675,0.87725,0.87644,0.87675,1380,17,0
2023-08-14 13:00:00,0.87675,0.87719,0.87652,0.87672,1278,17,0
2023-08-14 13:30:00,0.87671,0.87688,0.87617,0.87676,1087,17,0
2023-08-14 14:00:00,0.87678,0.87739,0.87664,0.8771,1626,17,0
2023-08-14 14:30:00,0.87711,0.87801,0.87706,0.87796,1152,17,0
2023-08-14 15:00:00,0.87799,0.88,0.87791,0.87959,1893,17,0
2023-08-14 15:30:00,0.87959,0.88098,0.8795,0.88059,2454,17,0
2023-08-14 16:00:00,0.88058,0.88184,0.88019,0.88161,2096,17,0
2023-08-14 16:30:00,0.88161,0.88268,0.88139,0.88181,2587,17,0
2023-08-14 17:00:00,0.88177,0.88178,0.87898,0.8794,3345,17,0
2023-08-14 17:30:00,0.8794,0.87943,0.87775,0.87923,2634,17,0
2023-08-14 18:00:00,0.87923,0.8793,0.87763,0.87781,2090,17,0
2023-08-14 18:30:00,0.87782,0.87802,0.87706,0.87745,1542,17,0
2023-08-14 19:00:00,0.87746,0.8775,0.87646,0.87657,1444,17,0
2023-08-14 19:30:00,0.87656,0.87689,0.87615,0.87689,999,17,0
2023-08-14 20:00:00,0.87689,0.87736,0.87652,0.87727,914,17,0
2023-08-14 20:30:00,0.87725,0.87792,0.87699,0.87791,795,17,0
2023-08-14 21:00:00,0.87791,0.87805,0.87754,0.87789,664,17,0
2023-08-14 21:30:00,0.87791,0.87903,0.87785,0.87892,866,17,0
2023-08-14 22:00:00,0.87891,0.87899,0.87836,0.87838,452,17,0
2023-08-14 22:30:00,0.87838,0.87852,0.87784,0.87836,589,17,0
2023-08-14 23:00:00,0.87837,0.87845,0.87787,0.87837,343,22,0
2023-08-14 23:30:00,0.87837,0.87837,0.87801,0.87819,547,22,0
2023-08-15 00:00:00,0.87823,0.87827,0.87733,0.87797,30,37,0
2023-08-15 00:30:00,0.87799,0.87846,0.87756,0.87772,1102,29,0
2023-08-15 01:00:00,0.87773,0.87821,0.87773,0.87799,421,24,0
2023-08-15 01:30:00,0.878,0.87804,0.87786,0.87791,230,24,0
2023-08-15 02:00:00,0.8779,0.87835,0.87788,0.87824,257,17,0
2023-08-15 02:30:00,0.87823,0.87826,0.87793,0.87798,224,17,0
2023-08-15 03:00:00,0.87797,0.87816,0.87785,0.87804,659,17,0
2023-08-15 03:30:00,0.87804,0.87858,0.87794,0.87796,742,17,0
2023-08-15 04:00:00,0.87794,0.87819,0.87719,0.8775,1204,17,0
2023-08-15 04:30:00,0.87757,0.87835,0.87732,0.87768,1940,17,0
2023-08-15 05:00:00,0.87769,0.87795,0.87745,0.87751,1306,18,0
2023-08-15 05:30:00,0.87751,0.87751,0.8769,0.87735,899,17,0
2023-08-15 06:00:00,0.87736,0.87737,0.87661,0.87663,736,17,0
2023-08-15 06:30:00,0.87662,0.87704,0.87661,0.8768,624,17,0
2023-08-15 07:00:00,0.8768,0.87709,0.8768,0.87695,328,17,0
2023-08-15 07:30:00,0.87696,0.8776,0.87694,0.87753,485,17,0
2023-08-15 08:00:00,0.87756,0.87795,0.87728,0.87791,1018,17,0
2023-08-15 08:30:00,0.87788,0.87824,0.87745,0.87761,1170,17,0
2023-08-15 09:00:00,0.87762,0.8782,0.87691,0.87731,1860,17,0
2023-08-15 09:30:00,0.8773,0.87754,0.87682,0.87717,1500,17,0
2023-08-15 10:00:00,0.87718,0.8777,0.87651,0.87765,2216,17,0
2023-08-15 10:30:00,0.87766,0.87789,0.87633,0.8772,2229,17,0
2023-08-15 11:00:00,0.87726,0.87745,0.87644,0.87665,1931,17,0
2023-08-15 11:30:00,0.87665,0.87674,0.87521,0.87579,1824,17,0
2023-08-15 12:00:00,0.87579,0.87631,0.87537,0.8755,1913,17,0
2023-08-15 12:30:00,0.87551,0.87571,0.87431,0.87486,2021,17,0
2023-08-15 13:00:00,0.87486,0.87626,0.8747,0.87568,2132,17,0
2023-08-15 13:30:00,0.87567,0.87613,0.87567,0.87585,1439,17,0
2023-08-15 14:00:00,0.87586,0.87702,0.87585,0.87683,1804,17,0
2023-08-15 14:30:00,0.87685,0.8772,0.87647,0.87708,1335,17,0
2023-08-15 15:00:00,0.8771,0.87749,0.87675,0.87729,1605,17,0
2023-08-15 15:30:00,0.87715,0.87956,0.87619,0.87691,6425,19,0
2023-08-15 16:00:00,0.8769,0.87746,0.87543,0.87665,4472,17,0
2023-08-15 16:30:00,0.87667,0.87778,0.87592,0.8765,3974,17,0
2023-08-15 17:00:00,0.8765,0.8777,0.87608,0.87661,3922,17,0
2023-08-15 17:30:00,0.87663,0.87669,0.87538,0.87578,3336,17,0
2023-08-15 18:00:00,0.87577,0.87744,0.87568,0.87719,2070,17,0
2023-08-15 18:30:00,0.87717,0.87734,0.87667,0.8769,1157,17,0
2023-08-15 19:00:00,0.8769,0.87753,0.8768,0.87751,1252,17,0
2023-08-15 19:30:00,0.87753,0.87828,0.8775,0.87823,933,17,0
2023-08-15 20:00:00,0.87823,0.87834,0.87753,0.8776,973,17,0
2023-08-15 20:30:00,0.8776,0.87782,0.87713,0.87733,800,17,0
2023-08-15 21:00:00,0.87734,0.87784,0.87733,0.87779,664,17,0
2023-08-15 21:30:00,0.87779,0.87867,0.87737,0.87867,903,17,0
2023-08-15 22:00:00,0.87868,0.87879,0.87854,0.87869,688,17,0
2023-08-15 22:30:00,0.87866,0.87881,0.8784,0.87852,888,17,0
2023-08-15 23:00:00,0.87851,0.87855,0.87823,0.87843,350,18,0
2023-08-15 23:30:00,0.87842,0.87855,0.87825,0.87826,389,22,0
2023-08-16 00:00:00,0.87825,0.87825,0.87774,0.87801,83,35,0
2023-08-16 00:30:00,0.87799,0.87838,0.87756,0.87779,3046,30,0
2023-08-16 01:00:00,0.8778,0.87836,0.8778,0.8783,422,22,0
2023-08-16 01:30:00,0.87831,0.8787,0.87829,0.87865,152,22,0
2023-08-16 02:00:00,0.87867,0.87874,0.87856,0.87874,241,17,0
2023-08-16 02:30:00,0.87874,0.87882,0.87849,0.87859,169,17,0
2023-08-16 03:00:00,0.87859,0.87885,0.87845,0.87872,624,17,0
2023-08-16 03:30:00,0.87871,0.87901,0.87861,0.87886,830,17,0
2023-08-16 04:00:00,0.87884,0.87906,0.87821,0.87824,946,17,0
2023-08-16 04:30:00,0.87825,0.87849,0.87804,0.8784,1042,17,0
2023-08-16 05:00:00,0.87845,0.87851,0.87779,0.87816,965,17,0
2023-08-16 05:30:00,0.87815,0.87852,0.87805,0.87852,876,17,0
2023-08-16 06:00:00,0.87852,0.87861,0.87799,0.8782,618,17,0
2023-08-16 06:30:00,0.87819,0.87851,0.87818,0.87842,531,17,0
2023-08-16 07:00:00,0.8784,0.87849,0.87811,0.87841,506,17,0
2023-08-16 07:30:00,0.87841,0.8785,0.87802,0.87807,403,17,0
2023-08-16 08:00:00,0.87807,0.87822,0.87776,0.87795,822,17,0
2023-08-16 08:30:00,0.87795,0.87824,0.87769,0.87792,900,17,0
2023-08-16 09:00:00,0.87793,0.87896,0.87757,0.8776,2258,17,0
2023-08-16 09:30:00,0.8776,0.87801,0.87735,0.87783,1628,17,0
2023-08-16 10:00:00,0.87782,0.87884,0.87751,0.8788,2163,17,0
2023-08-16 10:30:00,0.87881,0.87892,0.87799,0.87835,1979,17,0
2023-08-16 11:00:00,0.87836,0.87872,0.87821,0.87833,1545,17,0
2023-08-16 11:30:00,0.87833,0.87834,0.87765,0.87787,1365,17,0
2023-08-16 12:00:00,0.87788,0.87816,0.8778,0.87812,1677,17,0
2023-08-16 12:30:00,0.87812,0.87867,0.8779,0.87837,1216,17,0
2023-08-16 13:00:00,0.87837,0.87855,0.87811,0.87837,1387,17,0
2023-08-16 13:30:00,0.87838,0.87926,0.87826,0.87916,1322,17,0
2023-08-16 14:00:00,0.87915,0.88007,0.87906,0.88,1152,17,0
2023-08-16 14:30:00,0.87999,0.88034,0.87971,0.88006,1160,17,0
2023-08-16 15:00:00,0.88006,0.88079,0.87959,0.88052,1535,17,0
2023-08-16 15:30:00,0.88052,0.88119,0.87988,0.88114,2674,17,0
2023-08-16 16:00:00,0.88116,0.88133,0.87923,0.8793,2951,17,0
2023-08-16 16:30:00,0.87932,0.88006,0.87802,0.88003,3226,17,0
2023-08-16 17:00:00,0.88003,0.8802,0.87849,0.87902,2458,17,0
2023-08-16 17:30:00,0.87903,0.87987,0.87875,0.87893,2050,17,0
2023-08-16 18:00:00,0.87891,0.87907,0.87844,0.87882,1849,17,0
2023-08-16 18:30:00,0.87882,0.87904,0.87826,0.87858,1279,17,0
2023-08-16 19:00:00,0.8786,0.87902,0.87854,0.87889,1044,17,0
2023-08-16 19:30:00,0.87888,0.87928,0.87864,0.87927,704,17,0
2023-08-16 20:00:00,0.87926,0.87945,0.87856,0.87905,742,17,0
2023-08-16 20:30:00,0.87906,0.87906,0.87841,0.87865,761,17,0
2023-08-16 21:00:00,0.87865,0.88005,0.87816,0.87842,2509,21,0
2023-08-16 21:30:00,0.87845,0.8797,0.87791,0.87956,1515,18,0
2023-08-16 22:00:00,0.87956,0.88059,0.87954,0.8802,1121,19,0
2023-08-16 22:30:00,0.88015,0.88042,0.87955,0.8802,607,18,0
2023-08-16 23:00:00,0.88018,0.88021,0.87999,0.88004,155,22,0
2023-08-16 23:30:00,0.88005,0.88012,0.87975,0.87983,521,22,0
2023-08-17 00:00:00,0.87986,0.87995,0.8796,0.87976,18,30,0
2023-08-17 00:30:00,0.87987,0.87992,0.87921,0.87951,354,35,0
2023-08-17 01:00:00,0.87962,0.87979,0.87941,0.87952,639,24,0
2023-08-17 01:30:00,0.87951,0.87982,0.87951,0.87982,533,23,0
2023-08-17 02:00:00,0.87983,0.87997,0.87975,0.87991,548,18,0
2023-08-17 02:30:00,0.8799,0.88019,0.87984,0.88006,504,18,0
2023-08-17 03:00:00,0.88009,0.88065,0.88005,0.88036,754,18,0
2023-08-17 03:30:00,0.88037,0.88066,0.88026,0.88043,805,17,0
2023-08-17 04:00:00,0.88041,0.88065,0.88019,0.8806,911,17,0
2023-08-17 04:30:00,0.88061,0.88085,0.88025,0.88044,1144,17,0
2023-08-17 05:00:00,0.88044,0.88051,0.87991,0.88002,1013,17,0
2023-08-17 05:30:00,0.88003,0.88048,0.88,0.88034,417,17,0
2023-08-17 06:00:00,0.88035,0.88035,0.88003,0.88017,704,17,0
2023-08-17 06:30:00,0.88019,0.88053,0.88006,0.88052,440,18,0
2023-08-17 07:00:00,0.88052,0.88058,0.8803,0.88039,442,17,0
2023-08-17 07:30:00,0.88039,0.88043,0.88015,0.88021,367,18,0
2023-08-17 08:00:00,0.88022,0.88037,0.88012,0.88032,532,17,0
2023-08-17 08:30:00,0.88036,0.88085,0.87959,0.87961,700,17,0
2023-08-17 09:00:00,0.87965,0.88042,0.87965,0.88002,1146,17,0
2023-08-17 09:30:00,0.88003,0.88016,0.87947,0.87953,1406,17,0
2023-08-17 10:00:00,0.87955,0.8801,0.87928,0.87958,1726,17,0
2023-08-17 10:30:00,0.87959,0.87997,0.87931,0.87959,2316,17,0
2023-08-17 11:00:00,0.87961,0.87982,0.87928,0.87964,2131,18,0
2023-08-17 11:30:00,0.87963,0.87982,0.87909,0.87923,1240,17,0
2023-08-17 12:00:00,0.87924,0.87973,0.87888,0.87944,1924,17,0
2023-08-17 12:30:00,0.87944,0.87948,0.87884,0.87914,1279,17,0
2023-08-17 13:00:00,0.87913,0.87915,0.87839,0.87891,1890,17,0
2023-08-17 13:30:00,0.87892,0.87913,0.87828,0.87867,2351,19,0
2023-08-17 14:00:00,0.87866,0.87871,0.87764,0.87836,1415,17,0
2023-08-17 14:30:00,0.87838,0.87841,0.87702,0.87712,1926,17,0
2023-08-17 15:00:00,0.87711,0.87746,0.87635,0.87681,2216,17,0
2023-08-17 15:30:00,0.87681,0.87808,0.87591,0.87688,4784,17,0
2023-08-17 16:00:00,0.87689,0.87728,0.87602,0.8768,3323,18,0
2023-08-17 16:30:00,0.87681,0.87774,0.87621,0.87758,2768,17,0
2023-08-17 17:00:00,0.87758,0.87834,0.87751,0.87814,3235,17,0
2023-08-17 17:30:00,0.87815,0.87858,0.87759,0.87821,2233,17,0
2023-08-17 18:00:00,0.8782,0.87929,0.8779,0.87888,1774,18,0
2023-08-17 18:30:00,0.87887,0.87955,0.87864,0.87912,1831,17,0
2023-08-17 19:00:00,0.87908,0.87974,0.87828,0.87847,1785,18,0
2023-08-17 19:30:00,0.87846,0.87933,0.87846,0.87903,1497,18,0
2023-08-17 20:00:00,0.87903,0.87974,0.87897,0.87957,1219,17,0
2023-08-17 20:30:00,0.87958,0.88027,0.87956,0.87968,960,19,0
2023-08-17 21:00:00,0.87968,0.87999,0.87949,0.87961,1130,18,0
2023-08-17 21:30:00,0.8796,0.87999,0.87949,0.87994,960,17,0
2023-08-17 22:00:00,0.87992,0.87994,0.87881,0.87902,1330,17,0
2023-08-17 22:30:00,0.87902,0.87923,0.87812,0.87814,1374,17,0
2023-08-17 23:00:00,0.87815,0.87835,0.87805,0.8781,433,21,0
2023-08-17 23:30:00,0.8781,0.87846,0.87808,0.87808,363,22,0
2023-08-18 00:00:00,0.87812,0.87812,0.87761,0.87797,42,46,0
2023-08-18 00:30:00,0.87783,0.87829,0.87773,0.87809,850,62,0
2023-08-18 01:00:00,0.87803,0.8782,0.87785,0.87799,1379,26,0
2023-08-18 01:30:00,0.87801,0.87808,0.87779,0.87807,404,27,0
2023-08-18 02:00:00,0.87806,0.87822,0.878,0.87818,512,21,0
2023-08-18 02:30:00,0.87818,0.87824,0.87796,0.87821,447,18,0
2023-08-18 03:00:00,0.8782,0.87882,0.87818,0.87865,618,17,0
2023-08-18 03:30:00,0.87866,0.87872,0.87762,0.8778,770,19,0
2023-08-18 04:00:00,0.8778,0.87814,0.87766,0.878,1098,18,0
2023-08-18 04:30:00,0.87798,0.87813,0.87734,0.87777,1178,19,0
2023-08-18 05:00:00,0.87778,0.87785,0.87727,0.87735,750,17,0
2023-08-18 05:30:00,0.87733,0.87787,0.87729,0.87759,829,20,0
2023-08-18 06:00:00,0.8776,0.87826,0.8776,0.87802,603,18,0
2023-08-18 06:30:00,0.87801,0.87826,0.87775,0.87791,602,19,0
2023-08-18 07:00:00,0.8779,0.8783,0.87761,0.87816,482,19,0
2023-08-18 07:30:00,0.87815,0.87861,0.878,0.87859,616,18,0
2023-08-18 08:00:00,0.87858,0.87938,0.87848,0.87903,552,17,0
2023-08-18 08:30:00,0.87904,0.87917,0.87848,0.87853,617,18,0
2023-08-18 09:00:00,0.87858,0.87893,0.87803,0.87844,1344,18,0
2023-08-18 09:30:00,0.87844,0.87964,0.8779,0.87932,1440,17,0
2023-08-18 10:00:00,0.87934,0.87987,0.87925,0.87925,2087,18,0
2023-08-18 10:30:00,0.87924,0.88037,0.87923,0.8797,1854,17,0
2023-08-18 11:00:00,0.87969,0.88028,0.87914,0.87989,1539,17,0
2023-08-18 11:30:00,0.87989,0.8805,0.87949,0.88029,1002,18,0
2023-08-18 12:00:00,0.88029,0.88067,0.88013,0.88023,1464,17,0
2023-08-18 12:30:00,0.88025,0.88042,0.87989,0.88014,1736,19,0
2023-08-18 13:00:00,0.88015,0.88015,0.87933,0.87954,1135,17,0
2023-08-18 13:30:00,0.87953,0.88076,0.87951,0.8807,784,17,0
2023-08-18 14:00:00,0.88069,0.88109,0.88039,0.88081,913,18,0
2023-08-18 14:30:00,0.8808,0.88085,0.87986,0.88062,1264,18,0
2023-08-18 15:00:00,0.88061,0.8817,0.88053,0.8817,2009,17,0
2023-08-18 15:30:00,0.8817,0.88242,0.88126,0.88133,2156,17,0
2023-08-18 16:00:00,0.88134,0.88173,0.88005,0.88055,2333,17,0
2023-08-18 16:30:00,0.88056,0.88101,0.87918,0.87994,3602,17,0
2023-08-18 17:00:00,0.87994,0.88091,0.87968,0.88037,2456,17,0
2023-08-18 17:30:00,0.88037,0.88128,0.88037,0.88128,1910,17,0
2023-08-18 18:00:00,0.88127,0.88162,0.88083,0.88128,1768,17,0
2023-08-18 18:30:00,0.88127,0.88179,0.88116,0.88161,1187,18,0
2023-08-18 19:00:00,0.88161,0.88178,0.88142,0.8816,931,17,0
2023-08-18 19:30:00,0.88166,0.88187,0.88142,0.88166,1246,19,0
2023-08-18 20:00:00,0.88166,0.88184,0.88111,0.88154,886,17,0
2023-08-18 20:30:00,0.88155,0.88169,0.88089,0.88127,1049,18,0
2023-08-18 21:00:00,0.88127,0.882,0.88113,0.88184,506,17,0
2023-08-18 21:30:00,0.88184,0.88193,0.88126,0.88191,528,19,0
2023-08-18 22:00:00,0.88191,0.88231,0.88178,0.88178,668,18,0
2023-08-18 22:30:00,0.88177,0.88218,0.88164,0.88216,864,20,0
2023-08-18 23:00:00,0.88215,0.88235,0.88183,0.88233,693,23,0
2023-08-18 23:30:00,0.88233,0.88262,0.88173,0.88192,397,22,0
2023-08-21 00:00:00,0.88063,0.8813,0.88063,0.88129,8,158,0
2023-08-21 00:30:00,0.88131,0.88149,0.88131,0.88145,27,115,0
2023-08-21 01:00:00,0.88151,0.88217,0.88151,0.88164,377,28,0
2023-08-21 01:30:00,0.88165,0.88214,0.88163,0.88209,263,27,0
2023-08-21 02:00:00,0.88209,0.88244,0.88209,0.88233,391,21,0
2023-08-21 02:30:00,0.88232,0.88249,0.88215,0.8823,760,21,0
2023-08-21 03:00:00,0.88231,0.88233,0.88123,0.88127,528,18,0
2023-08-21 03:30:00,0.88128,0.88154,0.88123,0.88145,594,20,0
2023-08-21 04:00:00,0.88146,0.88214,0.88146,0.88201,844,17,0
2023-08-21 04:30:00,0.88201,0.88253,0.88192,0.88243,1002,20,0
2023-08-21 05:00:00,0.88246,0.88271,0.88182,0.88187,741,18,0
2023-08-21 05:30:00,0.88187,0.88189,0.88159,0.8817,373,20,0
2023-08-21 06:00:00,0.88169,0.88198,0.88169,0.88183,412,20,0
2023-08-21 06:30:00,0.88185,0.88206,0.88185,0.88203,229,21,0
2023-08-21 07:00:00,0.88204,0.88233,0.88178,0.88182,277,17,0
2023-08-21 07:30:00,0.88182,0.88219,0.88182,0.882,350,21,0
2023-08-21 08:00:00,0.882,0.88207,0.88166,0.882,632,17,0
2023-08-21 08:30:00,0.882,0.88236,0.88185,0.88204,408,20,0
2023-08-21 09:00:00,0.88209,0.88237,0.88112,0.88116,778,17,0
2023-08-21 09:30:00,0.88114,0.8818,0.88091,0.88093,893,17,0
2023-08-21 10:00:00,0.88097,0.88121,0.87993,0.88001,1851,18,0
2023-08-21 10:30:00,0.88001,0.8801,0.8791,0.8791,1526,19,0
2023-08-21 11:00:00,0.87911,0.8801,0.87907,0.88007,1498,17,0
2023-08-21 11:30:00,0.88008,0.88041,0.87955,0.88019,1413,17,0
2023-08-21 12:00:00,0.88019,0.88026,0.87896,0.87939,1487,17,0
2023-08-21 12:30:00,0.87939,0.87981,0.87901,0.87941,1451,17,0
2023-08-21 13:00:00,0.8794,0.88015,0.87911,0.88007,1143,17,0
2023-08-21 13:30:00,0.88007,0.88031,0.87964,0.87996,1347,19,0
2023-08-21 14:00:00,0.87997,0.88047,0.87911,0.8792,1333,17,0
2023-08-21 14:30:00,0.87921,0.87966,0.87882,0.87907,1608,17,0
2023-08-21 15:00:00,0.87908,0.8795,0.87866,0.87946,1681,18,0
2023-08-21 15:30:00,0.87945,0.87992,0.87872,0.87918,2003,18,0
2023-08-21 16:00:00,0.87916,0.88034,0.87903,0.87992,1991,17,0
2023-08-21 16:30:00,0.87994,0.88102,0.87956,0.88036,3516,18,0
2023-08-21 17:00:00,0.88032,0.88113,0.88008,0.88078,1843,17,0
2023-08-21 17:30:00,0.88079,0.88135,0.88043,0.88051,1585,17,0
2023-08-21 18:00:00,0.8805,0.8807,0.87992,0.88008,1743,18,0
2023-08-21 18:30:00,0.88009,0.88031,0.87976,0.87989,1349,17,0
2023-08-21 19:00:00,0.87989,0.87993,0.87878,0.87878,1178,18,0
2023-08-21 19:30:00,0.87876,0.87883,0.87843,0.87852,1172,18,0
2023-08-21 20:00:00,0.87851,0.87883,0.8782,0.87839,648,17,0
2023-08-21 20:30:00,0.87839,0.87888,0.87831,0.8787,523,18,0
2023-08-21 21:00:00,0.87869,0.87876,0.87831,0.87855,296,19,0
2023-08-21 21:30:00,0.87855,0.87868,0.87821,0.87836,506,17,0
2023-08-21 22:00:00,0.87836,0.87841,0.87791,0.87801,591,17,0
2023-08-21 22:30:00,0.87801,0.87832,0.87797,0.8782,716,20,0
2023-08-21 23:00:00,0.8782,0.87865,0.87813,0.87861,151,19,0
2023-08-21 23:30:00,0.87858,0.87858,0.8783,0.87838,177,26,0
2023-08-22 00:00:00,0.87838,0.87838,0.87826,0.87826,5,29,0
2023-08-22 00:30:00,0.87829,0.87871,0.87814,0.87832,1357,30,0
2023-08-22 01:00:00,0.87832,0.87851,0.87828,0.87835,178,27,0
2023-08-22 01:30:00,0.87835,0.87849,0.87835,0.87843,130,29,0
2023-08-22 02:00:00,0.87839,0.87843,0.87821,0.87828,159,25,0
2023-08-22 02:30:00,0.87827,0.87849,0.87809,0.87847,354,19,0
2023-08-22 03:00:00,0.87847,0.87905,0.87835,0.87882,619,19,0
2023-08-22 03:30:00,0.87884,0.87891,0.87818,0.87819,442,21,0
2023-08-22 04:00:00,0.8782,0.87823,0.87756,0.87778,534,20,0
2023-08-22 04:30:00,0.87777,0.87799,0.87733,0.87771,1057,18,0
2023-08-22 05:00:00,0.87769,0.87771,0.87713,0.87737,724,19,0
2023-08-22 05:30:00,0.87738,0.8777,0.8773,0.8777,547,19,0
2023-08-22 06:00:00,0.87772,0.87786,0.87716,0.87721,1006,17,0
2023-08-22 06:30:00,0.87722,0.87744,0.87711,0.87735,674,21,0
2023-08-22 07:00:00,0.87732,0.87765,0.8773,0.87759,264,21,0
2023-08-22 07:30:00,0.8776,0.87803,0.8776,0.87789,226,21,0
2023-08-22 08:00:00,0.8779,0.87802,0.87766,0.87775,724,21,0
2023-08-22 08:30:00,0.87776,0.87817,0.87775,0.87808,730,19,0
2023-08-22 09:00:00,0.87801,0.87805,0.8769,0.87721,1324,18,0
2023-08-22 09:30:00,0.87721,0.87746,0.8771,0.8773,1074,17,0
2023-08-22 10:00:00,0.87733,0.87759,0.87694,0.87707,1276,19,0
2023-08-22 10:30:00,0.87707,0.87773,0.87687,0.87754,1842,18,0
2023-08-22 11:00:00,0.87755,0.87759,0.87681,0.87752,1468,17,0
2023-08-22 11:30:00,0.87753,0.87781,0.87663,0.8775,1776,18,0
2023-08-22 12:00:00,0.87749,0.87817,0.87734,0.87808,1186,18,0
2023-08-22 12:30:00,0.87807,0.87821,0.87649,0.87657,1410,17,0
2023-08-22 13:00:00,0.87657,0.87788,0.8764,0.87775,1189,17,0
2023-08-22 13:30:00,0.87775,0.87786,0.87732,0.87763,1478,17,0
2023-08-22 14:00:00,0.87764,0.87822,0.87751,0.87815,1376,19,0
2023-08-22 14:30:00,0.87814,0.87836,0.87755,0.87792,1105,19,0
2023-08-22 15:00:00,0.87793,0.87891,0.87777,0.87827,1752,17,0
2023-08-22 15:30:00,0.8783,0.87974,0.87792,0.87933,2435,18,0
2023-08-22 16:00:00,0.87934,0.88016,0.87888,0.8798,3157,17,0
2023-08-22 16:30:00,0.87981,0.88061,0.87907,0.88036,3434,17,0
2023-08-22 17:00:00,0.88035,0.88063,0.87942,0.88052,3187,18,0
2023-08-22 17:30:00,0.88052,0.88085,0.87952,0.87999,3344,17,0
2023-08-22 18:00:00,0.87999,0.88047,0.8794,0.87969,2086,17,0
2023-08-22 18:30:00,0.87967,0.88006,0.87935,0.87998,1078,17,0
2023-08-22 19:00:00,0.87997,0.88001,0.87944,0.87974,910,17,0
2023-08-22 19:30:00,0.87974,0.87986,0.87961,0.87962,509,17,0
2023-08-22 20:00:00,0.87961,0.87974,0.87942,0.87947,655,19,0
2023-08-22 20:30:00,0.87947,0.87998,0.8794,0.87993,977,19,0
2023-08-22 21:00:00,0.87992,0.88012,0.87973,0.87998,936,19,0
2023-08-22 21:30:00,0.87998,0.88005,0.87981,0.87991,695,19,0
2023-08-22 22:00:00,0.87993,0.88028,0.87988,0.88027,814,17,0
2023-08-22 22:30:00,0.88029,0.88059,0.88024,0.88047,372,19,0
2023-08-22 23:00:00,0.88049,0.88049,0.88012,0.88033,598,20,0
2023-08-22 23:30:00,0.88032,0.88045,0.8801,0.88029,225,22,0
2023-08-23 00:00:00,0.88026,0.88026,0.87955,0.87998,89,37,0
2023-08-23 00:30:00,0.87998,0.8802,0.87973,0.88,292,45,0
2023-08-23 01:00:00,0.87994,0.88038,0.87993,0.87999,383,25,0
2023-08-23 01:30:00,0.87998,0.8801,0.87983,0.87999,284,24,0
2023-08-23 02:00:00,0.87999,0.88012,0.87999,0.88009,256,22,0
2023-08-23 02:30:00,0.88009,0.88013,0.88001,0.88007,96,24,0
2023-08-23 03:00:00,0.88006,0.88018,0.87981,0.87983,440,21,0
2023-08-23 03:30:00,0.87982,0.88044,0.87981,0.8804,624,19,0
2023-08-23 04:00:00,0.88041,0.88071,0.87966,0.87975,849,17,0
2023-08-23 04:30:00,0.87974,0.88017,0.8797,0.87982,1025,18,0
2023-08-23 05:00:00,0.87981,0.88013,0.87953,0.87993,781,20,0
2023-08-23 05:30:00,0.87992,0.88033,0.8797,0.88013,611,19,0
2023-08-23 06:00:00,0.88016,0.88035,0.88006,0.88024,234,21,0
2023-08-23 06:30:00,0.88023,0.88023,0.87959,0.87969,392,17,0
2023-08-23 07:00:00,0.8797,0.87993,0.87969,0.87991,334,21,0
2023-08-23 07:30:00,0.87991,0.88002,0.87951,0.87952,723,20,0
2023-08-23 08:00:00,0.87951,0.87973,0.87933,0.87946,900,20,0
2023-08-23 08:30:00,0.87945,0.87973,0.87929,0.87947,702,18,0
2023-08-23 09:00:00,0.87956,0.88007,0.87916,0.87975,1325,17,0
2023-08-23 09:30:00,0.87975,0.88033,0.87916,0.87936,857,17,0
2023-08-23 10:00:00,0.87934,0.87949,0.87783,0.87807,1904,17,0
2023-08-23 10:30:00,0.87831,0.88142,0.87831,0.8803,3841,17,0
2023-08-23 11:00:00,0.88029,0.88032,0.87898,0.87972,3038,17,0
2023-08-23 11:30:00,0.87981,0.88098,0.87981,0.88032,2518,17,0
2023-08-23 12:00:00,0.88026,0.8811,0.88015,0.88054,1691,17,0
2023-08-23 12:30:00,0.88052,0.88099,0.87997,0.88089,1692,17,0
2023-08-23 13:00:00,0.8809,0.88124,0.88061,0.88122,1145,18,0
2023-08-23 13:30:00,0.88123,0.88138,0.88091,0.88126,1080,17,0
2023-08-23 14:00:00,0.88126,0.88164,0.8807,0.88089,1152,17,0
2023-08-23 14:30:00,0.88089,0.88102,0.8797,0.88099,1394,17,0
2023-08-23 15:00:00,0.881,0.88134,0.88066,0.88094,1875,17,0
2023-08-23 15:30:00,0.88094,0.88127,0.88046,0.88113,1829,17,0
2023-08-23 16:00:00,0.88112,0.88116,0.87867,0.87887,2682,17,0
2023-08-23 16:30:00,0.87888,0.87952,0.87741,0.87817,4153,17,0
2023-08-23 17:00:00,0.87807,0.87906,0.8777,0.87865,4101,17,0
2023-08-23 17:30:00,0.87865,0.87944,0.87833,0.87925,2474,17,0
2023-08-23 18:00:00,0.87926,0.8794,0.87842,0.8786,1716,17,0
2023-08-23 18:30:00,0.87861,0.87888,0.87789,0.87844,1597,18,0
2023-08-23 19:00:00,0.87846,0.8789,0.87814,0.87825,1299,17,0
2023-08-23 19:30:00,0.87826,0.87844,0.87788,0.87828,849,17,0
2023-08-23 20:00:00,0.87829,0.87842,0.87757,0.87785,1068,18,0
2023-08-23 20:30:00,0.87784,0.87813,0.87761,0.87807,1015,19,0
2023-08-23 21:00:00,0.87808,0.87899,0.87802,0.87866,835,18,0
2023-08-23 21:30:00,0.87867,0.87876,0.87783,0.87793,861,17,0
2023-08-23 22:00:00,0.87792,0.87801,0.87731,0.8774,772,17,0
2023-08-23 22:30:00,0.87739,0.87775,0.87733,0.87767,850,17,0
2023-08-23 23:00:00,0.87768,0.878,0.87756,0.87792,1321,20,0
2023-08-23 23:30:00,0.87792,0.87814,0.87772,0.87781,630,23,0
2023-08-24 00:00:00,0.87782,0.87782,0.87732,0.87744,34,59,0
2023-08-24 00:30:00,0.8774,0.8779,0.87731,0.87779,1559,53,0
2023-08-24 01:00:00,0.87768,0.87772,0.87749,0.87763,290,25,0
2023-08-24 01:30:00,0.87762,0.87771,0.87741,0.87752,248,25,0
2023-08-24 02:00:00,0.87752,0.87772,0.87747,0.87761,220,22,0
2023-08-24 02:30:00,0.87761,0.87768,0.8773,0.87734,296,20,0
2023-08-24 03:00:00,0.87734,0.87758,0.87661,0.87679,509,17,0
2023-08-24 03:30:00,0.87677,0.87717,0.87664,0.8769,756,18,0
2023-08-24 04:00:00,0.87691,0.87776,0.87689,0.87772,970,19,0
2023-08-24 04:30:00,0.87771,0.87782,0.87741,0.87757,860,18,0
2023-08-24 05:00:00,0.87757,0.87796,0.8773,0.87791,711,20,0
2023-08-24 05:30:00,0.87791,0.87796,0.8771,0.87716,811,19,0
2023-08-24 06:00:00,0.87716,0.8772,0.87643,0.87644,706,19,0
2023-08-24 06:30:00,0.87646,0.87716,0.87645,0.87712,497,17,0
2023-08-24 07:00:00,0.87711,0.87732,0.8769,0.87715,439,19,0
2023-08-24 07:30:00,0.87713,0.87767,0.87712,0.87717,888,19,0
2023-08-24 08:00:00,0.87713,0.87715,0.87647,0.87661,747,19,0
2023-08-24 08:30:00,0.87661,0.87673,0.87633,0.87643,588,17,0
2023-08-24 09:00:00,0.87643,0.87691,0.87589,0.87683,1501,19,0
2023-08-24 09:30:00,0.87684,0.87749,0.8767,0.87748,1582,19,0
2023-08-24 10:00:00,0.87749,0.87873,0.87738,0.87819,2206,17,0
2023-08-24 10:30:00,0.8782,0.87956,0.87819,0.87934,1757,17,0
2023-08-24 11:00:00,0.87934,0.87951,0.87869,0.87893,1191,17,0
2023-08-24 11:30:00,0.87894,0.87978,0.87888,0.8792,1259,17,0
2023-08-24 12:00:00,0.87922,0.88025,0.87891,0.88021,1386,17,0
2023-08-24 12:30:00,0.88022,0.88101,0.88017,0.88077,1306,17,0
2023-08-24 13:00:00,0.88078,0.8809,0.87978,0.88005,1536,17,0
2023-08-24 13:30:00,0.88005,0.8808,0.8797,0.87994,1473,17,0
2023-08-24 14:00:00,0.87993,0.88075,0.8798,0.88068,1875,18,0
2023-08-24 14:30:00,0.88068,0.88172,0.88055,0.8817,1153,18,0
2023-08-24 15:00:00,0.88169,0.88259,0.88159,0.88159,1676,18,0
2023-08-24 15:30:00,0.88172,0.8838,0.88172,0.8829,3682,18,0
2023-08-24 16:00:00,0.88289,0.88289,0.88174,0.88188,1756,17,0
2023-08-24 16:30:00,0.8819,0.88264,0.88062,0.88084,2870,17,0
2023-08-24 17:00:00,0.88083,0.88174,0.88062,0.88161,2797,17,0
2023-08-24 17:30:00,0.88162,0.88237,0.88113,0.88206,3252,17,0
2023-08-24 18:00:00,0.88207,0.8825,0.88179,0.88248,1673,18,0
2023-08-24 18:30:00,0.88247,0.88283,0.8822,0.88255,1576,17,0
2023-08-24 19:00:00,0.88254,0.883,0.88241,0.88279,959,18,0
2023-08-24 19:30:00,0.88282,0.88323,0.88262,0.88311,651,19,0
2023-08-24 20:00:00,0.88309,0.88344,0.88296,0.88337,700,19,0
2023-08-24 20:30:00,0.88338,0.8841,0.88325,0.88386,552,18,0
2023-08-24 21:00:00,0.88386,0.8842,0.88346,0.88408,1180,18,0
2023-08-24 21:30:00,0.88409,0.88454,0.88385,0.88439,1244,20,0
2023-08-24 22:00:00,0.8844,0.88491,0.88406,0.8842,958,17,0
2023-08-24 22:30:00,0.88421,0.88504,0.88417,0.88485,1097,17,0
2023-08-24 23:00:00,0.88485,0.88488,0.88411,0.88432,305,19,0
2023-08-24 23:30:00,0.88432,0.88449,0.88424,0.88429,276,22,0
2023-08-25 00:00:00,0.88431,0.88435,0.88392,0.88406,58,29,0
2023-08-25 00:30:00,0.88408,0.88426,0.88362,0.88385,1245,44,0
2023-08-25 01:00:00,0.88387,0.88468,0.88369,0.88452,546,26,0
2023-08-25 01:30:00,0.88453,0.88473,0.88437,0.88468,328,25,0
2023-08-25 02:00:00,0.88468,0.88543,0.88468,0.88507,522,18,0
2023-08-25 02:30:00,0.88506,0.88533,0.88497,0.88515,517,20,0
2023-08-25 03:00:00,0.88515,0.88527,0.88472,0.88523,854,18,0
2023-08-25 03:30:00,0.88524,0.88536,0.88494,0.88519,626,17,0
2023-08-25 04:00:00,0.88518,0.8854,0.88503,0.88518,592,20,0
2023-08-25 04:30:00,0.88519,0.88568,0.88518,0.8855,950,19,0
2023-08-25 05:00:00,0.88551,0.88633,0.88547,0.88588,648,17,0
2023-08-25 05:30:00,0.88587,0.88608,0.88576,0.886,388,18,0
2023-08-25 06:00:00,0.886,0.88613,0.88588,0.88601,240,20,0
2023-08-25 06:30:00,0.886,0.88624,0.88587,0.88621,221,21,0
2023-08-25 07:00:00,0.88621,0.88635,0.88604,0.88625,353,21,0
2023-08-25 07:30:00,0.88625,0.88646,0.88616,0.88626,268,20,0
2023-08-25 08:00:00,0.88627,0.88658,0.88612,0.88631,462,20,0
2023-08-25 08:30:00,0.88632,0.8864,0.88572,0.88572,596,18,0
2023-08-25 09:00:00,0.88574,0.88628,0.88538,0.88546,1186,17,0
2023-08-25 09:30:00,0.88546,0.88586,0.88535,0.88566,1150,18,0
2023-08-25 10:00:00,0.88566,0.88568,0.885,0.88547,1734,17,0
2023-08-25 10:30:00,0.88548,0.88679,0.88502,0.88653,1615,18,0
2023-08-25 11:00:00,0.88653,0.88679,0.88596,0.88623,1980,17,0
2023-08-25 11:30:00,0.88622,0.88626,0.88531,0.88547,1240,17,0
2023-08-25 12:00:00,0.88547,0.88582,0.88521,0.88548,1389,17,0
2023-08-25 12:30:00,0.88548,0.88614,0.88537,0.88592,1744,18,0
2023-08-25 13:00:00,0.88591,0.88611,0.88538,0.88553,1101,17,0
2023-08-25 13:30:00,0.88556,0.88569,0.88519,0.88529,990,17,0
2023-08-25 14:00:00,0.88528,0.88545,0.8848,0.88527,1535,19,0
2023-08-25 14:30:00,0.88526,0.88578,0.88495,0.88505,911,19,0
2023-08-25 15:00:00,0.88506,0.88526,0.88432,0.88456,971,17,0
2023-08-25 15:30:00,0.88457,0.88475,0.88429,0.88454,1753,19,0
2023-08-25 16:00:00,0.88456,0.88551,0.88426,0.88527,1082,17,0
2023-08-25 16:30:00,0.88527,0.88539,0.88402,0.88429,2182,17,0
2023-08-25 17:00:00,0.88429,0.88625,0.88204,0.88623,7141,17,0
2023-08-25 17:30:00,0.88624,0.88755,0.88591,0.88688,5257,17,0
2023-08-25 18:00:00,0.88687,0.88693,0.88488,0.88526,3325,18,0
2023-08-25 18:30:00,0.88528,0.88608,0.88488,0.88592,2381,17,0
2023-08-25 19:00:00,0.88591,0.88594,0.88491,0.88513,1957,18,0
2023-08-25 19:30:00,0.88514,0.88562,0.88494,0.88537,1316,17,0
2023-08-25 20:00:00,0.88536,0.88536,0.88443,0.88459,1482,18,0
2023-08-25 20:30:00,0.88459,0.88508,0.88433,0.88442,878,18,0
2023-08-25 21:00:00,0.88443,0.88444,0.88355,0.88358,1139,18,0
2023-08-25 21:30:00,0.88358,0.88408,0.88336,0.88374,1259,18,0
2023-08-25 22:00:00,0.88373,0.88383,0.88338,0.88352,825,19,0
2023-08-25 22:30:00,0.88353,0.88421,0.88348,0.88405,711,18,0
2023-08-25 23:00:00,0.88405,0.8846,0.8839,0.88454,773,21,0
2023-08-25 23:30:00,0.88453,0.88462,0.88407,0.88419,420,25,0
2023-08-28 00:00:00,0.88365,0.88369,0.88347,0.88369,6,300,0
2023-08-28 00:30:00,0.88303,0.88389,0.88302,0.88321,43,138,0
2023-08-28 01:00:00,0.88337,0.88473,0.88337,0.88467,411,22,0
2023-08-28 01:30:00,0.88466,0.88493,0.88452,0.88491,402,24,0
2023-08-28 02:00:00,0.88489,0.88505,0.8843,0.88463,574,19,0
2023-08-28 02:30:00,0.88463,0.885,0.88462,0.88473,406,20,0
2023-08-28 03:00:00,0.88473,0.88481,0.88406,0.88412,511,20,0
2023-08-28 03:30:00,0.88412,0.88414,0.88377,0.88401,606,19,0
2023-08-28 04:00:00,0.88402,0.88403,0.88346,0.88358,1063,19,0
2023-08-28 04:30:00,0.88357,0.88411,0.88352,0.88397,643,19,0
2023-08-28 05:00:00,0.88397,0.88407,0.88347,0.88362,328,20,0
2023-08-28 05:30:00,0.88363,0.88365,0.88317,0.88327,207,20,0
2023-08-28 06:00:00,0.88328,0.88353,0.88311,0.88346,742,18,0
2023-08-28 06:30:00,0.88345,0.88351,0.88324,0.88332,441,19,0
2023-08-28 07:00:00,0.88332,0.88337,0.88298,0.88327,216,17,0
2023-08-28 07:30:00,0.88326,0.88341,0.8831,0.88311,327,20,0
2023-08-28 08:00:00,0.88311,0.8833,0.88258,0.88284,460,20,0
2023-08-28 08:30:00,0.88284,0.8832,0.88247,0.88312,677,17,0
2023-08-28 09:00:00,0.88317,0.88318,0.88252,0.88289,674,19,0
2023-08-28 09:30:00,0.88288,0.88313,0.88251,0.88293,805,18,0
2023-08-28 10:00:00,0.88292,0.88298,0.88171,0.88267,1169,17,0
2023-08-28 10:30:00,0.88268,0.88349,0.88214,0.88333,1151,19,0
2023-08-28 11:00:00,0.88333,0.88439,0.88316,0.88415,1303,17,0
2023-08-28 11:30:00,0.88416,0.88433,0.88354,0.88414,1499,18,0
2023-08-28 12:00:00,0.88415,0.88417,0.88353,0.88379,986,18,0
2023-08-28 12:30:00,0.8838,0.88426,0.88349,0.88395,904,18,0
2023-08-28 13:00:00,0.88394,0.88407,0.88299,0.88309,1097,17,0
2023-08-28 13:30:00,0.88307,0.8835,0.88275,0.88337,1252,19,0
2023-08-28 14:00:00,0.88336,0.88412,0.88327,0.88396,1141,19,0
2023-08-28 14:30:00,0.88396,0.88466,0.88386,0.8846,1085,17,0
2023-08-28 15:00:00,0.88461,0.88498,0.88395,0.88447,1235,17,0
2023-08-28 15:30:00,0.88446,0.88457,0.88365,0.88371,1741,17,0
2023-08-28 16:00:00,0.8837,0.88467,0.88354,0.88436,1189,17,0
2023-08-28 16:30:00,0.88433,0.88527,0.88383,0.88467,2686,18,0
2023-08-28 17:00:00,0.88468,0.88525,0.8842,0.88432,1560,17,0
2023-08-28 17:30:00,0.88432,0.88478,0.88376,0.88465,1634,18,0
2023-08-28 18:00:00,0.88464,0.88487,0.88386,0.88397,1230,19,0
2023-08-28 18:30:00,0.88398,0.88399,0.88303,0.88311,1203,19,0
2023-08-28 19:00:00,0.88311,0.88341,0.88302,0.88335,686,18,0
2023-08-28 19:30:00,0.88335,0.88383,0.88319,0.88382,891,18,0
2023-08-28 20:00:00,0.88382,0.88432,0.88367,0.88386,1138,17,0
2023-08-28 20:30:00,0.88386,0.8841,0.88366,0.88398,796,19,0
2023-08-28 21:00:00,0.88398,0.88417,0.88387,0.88393,672,17,0
2023-08-28 21:30:00,0.88393,0.88399,0.88354,0.88372,327,17,0
2023-08-28 22:00:00,0.88372,0.88401,0.88354,0.88362,427,21,0
2023-08-28 22:30:00,0.88362,0.88377,0.88347,0.88352,651,19,0
2023-08-28 23:00:00,0.8835,0.88377,0.88341,0.8837,298,22,0
2023-08-28 23:30:00,0.88369,0.88382,0.88364,0.88373,333,25,0
2023-08-29 00:00:00,0.8837,0.88373,0.88317,0.88338,48,29,0
2023-08-29 00:30:00,0.8834,0.88373,0.88294,0.88324,1704,53,0
2023-08-29 01:00:00,0.88322,0.88365,0.88287,0.88299,336,27,0
2023-08-29 01:30:00,0.88299,0.88312,0.88292,0.88294,156,28,0
2023-08-29 02:00:00,0.88293,0.88319,0.88292,0.88309,335,20,0
2023-08-29 02:30:00,0.88307,0.88366,0.88306,0.88339,352,19,0
2023-08-29 03:00:00,0.88333,0.88336,0.8827,0.88306,376,17,0
2023-08-29 03:30:00,0.88305,0.88337,0.88279,0.88318,362,20,0
2023-08-29 04:00:00,0.88318,0.88318,0.88267,0.88271,606,19,0
2023-08-29 04:30:00,0.88271,0.88279,0.88251,0.88272,427,18,0
2023-08-29 05:00:00,0.88272,0.88318,0.88262,0.88308,387,19,0
2023-08-29 05:30:00,0.88309,0.88315,0.88275,0.8829,508,20,0
2023-08-29 06:00:00,0.88291,0.88312,0.8826,0.88264,388,20,0
2023-08-29 06:30:00,0.88263,0.88282,0.88258,0.88272,392,21,0
2023-08-29 07:00:00,0.88272,0.88306,0.88272,0.88292,221,20,0
2023-08-29 07:30:00,0.88291,0.8834,0.88273,0.88333,316,19,0
2023-08-29 08:00:00,0.88332,0.88347,0.8832,0.88344,460,19,0
2023-08-29 08:30:00,0.88343,0.88354,0.88301,0.88314,515,20,0
2023-08-29 09:00:00,0.8832,0.88396,0.88316,0.8838,659,18,0
2023-08-29 09:30:00,0.88379,0.88467,0.88362,0.88442,1229,18,0
2023-08-29 10:00:00,0.88441,0.88498,0.88323,0.88349,1756,18,0
2023-08-29 10:30:00,0.88349,0.88393,0.8832,0.88379,1230,18,0
2023-08-29 11:00:00,0.88378,0.88447,0.88359,0.88437,1072,17,0
2023-08-29 11:30:00,0.88436,0.88484,0.88416,0.88464,1607,18,0
2023-08-29 12:00:00,0.88463,0.88504,0.88439,0.88453,1065,17,0
2023-08-29 12:30:00,0.88453,0.88479,0.88372,0.88379,838,18,0
2023-08-29 13:00:00,0.8838,0.88468,0.88376,0.88444,1160,19,0
2023-08-29 13:30:00,0.88446,0.88518,0.88434,0.88506,949,19,0
2023-08-29 14:00:00,0.88507,0.88555,0.8847,0.88511,1298,18,0
2023-08-29 14:30:00,0.88511,0.88513,0.88444,0.88503,1034,17,0
2023-08-29 15:00:00,0.88503,0.88547,0.88446,0.88542,1368,17,0
2023-08-29 15:30:00,0.88545,0.88565,0.88445,0.88494,2106,17,0
2023-08-29 16:00:00,0.88494,0.8858,0.88468,0.88578,2178,17,0
2023-08-29 16:30:00,0.88577,0.88581,0.88421,0.88425,2643,17,0
2023-08-29 17:00:00,0.88425,0.88426,0.8804,0.88069,5835,17,0
2023-08-29 17:30:00,0.88072,0.88228,0.8805,0.88148,3435,17,0
2023-08-29 18:00:00,0.88149,0.88164,0.87971,0.87979,2424,17,0
2023-08-29 18:30:00,0.87979,0.88005,0.87898,0.87976,2139,17,0
2023-08-29 19:00:00,0.87977,0.88022,0.87936,0.87976,1481,17,0
2023-08-29 19:30:00,0.87976,0.87984,0.87869,0.8789,1111,17,0
2023-08-29 20:00:00,0.8789,0.87892,0.87793,0.87833,1758,17,0
2023-08-29 20:30:00,0.87834,0.87845,0.87792,0.87823,1349,17,0
2023-08-29 21:00:00,0.87823,0.87946,0.87823,0.87931,1047,17,0
2023-08-29 21:30:00,0.87931,0.87941,0.8783,0.87854,1146,17,0
2023-08-29 22:00:00,0.87855,0.87884,0.87742,0.87745,1395,17,0
2023-08-29 22:30:00,0.87745,0.87812,0.8774,0.87773,718,18,0
2023-08-29 23:00:00,0.87774,0.87791,0.87754,0.87785,500,20,0
2023-08-29 23:30:00,0.87785,0.87837,0.8778,0.87822,248,23,0
2023-08-30 00:00:00,0.87803,0.87828,0.87797,0.87797,26,63,0
2023-08-30 00:30:00,0.878,0.87839,0.87797,0.87815,4629,23,0
2023-08-30 01:00:00,0.87801,0.87843,0.87799,0.8781,1192,24,0
2023-08-30 01:30:00,0.8781,0.87817,0.8779,0.87797,1084,26,0
2023-08-30 02:00:00,0.87796,0.8785,0.87794,0.87838,214,21,0
2023-08-30 02:30:00,0.8784,0.87892,0.87834,0.87889,326,17,0
2023-08-30 03:00:00,0.87889,0.87896,0.87859,0.87872,505,17,0
2023-08-30 03:30:00,0.87872,0.87888,0.87838,0.87846,466,18,0
2023-08-30 04:00:00,0.87848,0.87882,0.87843,0.87844,392,19,0
2023-08-30 04:30:00,0.87844,0.87899,0.87836,0.87888,896,18,0
2023-08-30 05:00:00,0.87887,0.87913,0.87873,0.87885,475,18,0
2023-08-30 05:30:00,0.87885,0.87904,0.87879,0.87889,688,20,0
2023-08-30 06:00:00,0.87888,0.87897,0.87875,0.8788,252,21,0
2023-08-30 06:30:00,0.87881,0.87887,0.87862,0.87864,224,19,0
2023-08-30 07:00:00,0.87863,0.87907,0.87863,0.87896,243,18,0
2023-08-30 07:30:00,0.87898,0.87956,0.87888,0.87956,513,18,0
2023-08-30 08:00:00,0.87957,0.87966,0.87926,0.87955,419,20,0
2023-08-30 08:30:00,0.87955,0.87961,0.87877,0.8792,1142,17,0
2023-08-30 09:00:00,0.87919,0.87919,0.87856,0.87895,1529,18,0
2023-08-30 09:30:00,0.87895,0.87933,0.87836,0.87912,879,19,0
2023-08-30 10:00:00,0.87913,0.87988,0.87836,0.87967,1767,17,0
2023-08-30 10:30:00,0.87967,0.87977,0.87894,0.87947,1947,17,0
2023-08-30 11:00:00,0.87949,0.88025,0.87937,0.87988,2130,17,0
2023-08-30 11:30:00,0.87989,0.87991,0.87917,0.87942,1721,17,0
2023-08-30 12:00:00,0.8794,0.87983,0.87872,0.87907,2066,17,0
2023-08-30 12:30:00,0.87906,0.87995,0.87903,0.87991,1857,18,0
2023-08-30 13:00:00,0.87991,0.87997,0.87935,0.87948,1390,19,0
2023-08-30 13:30:00,0.87948,0.87977,0.879,0.87915,1811,17,0
2023-08-30 14:00:00,0.87916,0.87973,0.87903,0.87914,1106,17,0
2023-08-30 14:30:00,0.87913,0.87925,0.87873,0.87919,1140,19,0
2023-08-30 15:00:00,0.87918,0.87945,0.87748,0.8786,2998,17,0
2023-08-30 15:30:00,0.87861,0.87861,0.87611,0.87661,4635,17,0
2023-08-30 16:00:00,0.87662,0.87731,0.87605,0.87606,3340,17,0
2023-08-30 16:30:00,0.87606,0.87633,0.87469,0.8748,2456,17,0
2023-08-30 17:00:00,0.87481,0.87582,0.8744,0.87536,2511,17,0
2023-08-30 17:30:00,0.87535,0.87709,0.87486,0.87661,2140,17,0
2023-08-30 18:00:00,0.87661,0.87691,0.87607,0.87619,1702,17,0
2023-08-30 18:30:00,0.8762,0.87746,0.87619,0.87709,1469,18,0
2023-08-30 19:00:00,0.87709,0.87789,0.87709,0.87777,1161,18,0
2023-08-30 19:30:00,0.87777,0.87863,0.87763,0.87831,932,17,0
2023-08-30 20:00:00,0.87832,0.87833,0.87758,0.87787,703,18,0
2023-08-30 20:30:00,0.87787,0.87866,0.87787,0.87846,690,19,0
2023-08-30 21:00:00,0.87846,0.87867,0.87823,0.87857,1238,18,0
2023-08-30 21:30:00,0.87856,0.87875,0.87816,0.87816,608,19,0
2023-08-30 22:00:00,0.87818,0.87863,0.87809,0.87855,607,18,0
2023-08-30 22:30:00,0.87856,0.87874,0.87853,0.87853,1087,17,0
2023-08-30 23:00:00,0.87853,0.87855,0.87831,0.87848,1094,19,0
2023-08-30 23:30:00,0.87847,0.87853,0.8783,0.87834,240,22,0
2023-08-31 00:00:00,0.87789,0.87838,0.87784,0.87838,26,47,0
2023-08-31 00:30:00,0.87838,0.87838,0.87774,0.87828,140,33,0
2023-08-31 01:00:00,0.87822,0.87827,0.87784,0.87823,560,30,0
2023-08-31 01:30:00,0.87822,0.87826,0.878,0.87821,284,30,0
2023-08-31 02:00:00,0.87822,0.87824,0.87784,0.87802,216,21,0
2023-08-31 02:30:00,0.87801,0.87812,0.87784,0.87799,651,21,0
2023-08-31 03:00:00,0.878,0.87808,0.87778,0.87786,465,20,0
2023-08-31 03:30:00,0.87786,0.87813,0.87771,0.87773,499,19,0
2023-08-31 04:00:00,0.87773,0.87776,0.87731,0.87746,238,19,0
2023-08-31 04:30:00,0.87746,0.87776,0.87703,0.87768,716,18,0
2023-08-31 05:00:00,0.87768,0.87801,0.87758,0.87789,462,17,0
2023-08-31 05:30:00,0.8779,0.87831,0.87789,0.87826,819,17,0
2023-08-31 06:00:00,0.87827,0.87837,0.87818,0.87824,450,19,0
2023-08-31 06:30:00,0.87825,0.87834,0.87817,0.87829,324,19,0
2023-08-31 07:00:00,0.8783,0.87853,0.87821,0.87843,315,19,0
2023-08-31 07:30:00,0.87843,0.87855,0.87836,0.87848,389,19,0
2023-08-31 08:00:00,0.87848,0.87863,0.87841,0.87855,339,20,0
2023-08-31 08:30:00,0.87852,0.87865,0.87834,0.87837,601,19,0
2023-08-31 09:00:00,0.87836,0.87946,0.87836,0.87934,1118,17,0
2023-08-31 09:30:00,0.87935,0.87964,0.87886,0.87941,1305,17,0
2023-08-31 10:00:00,0.87943,0.8802,0.87901,0.87951,2276,17,0
2023-08-31 10:30:00,0.87949,0.88027,0.87912,0.88003,1470,17,0
2023-08-31 11:00:00,0.88002,0.88036,0.87981,0.87998,1751,17,0
2023-08-31 11:30:00,0.87997,0.88078,0.87995,0.88071,1111,17,0
2023-08-31 12:00:00,0.88071,0.8819,0.88061,0.88171,1871,17,0
2023-08-31 12:30:00,0.8817,0.88238,0.88158,0.88212,1323,17,0
2023-08-31 13:00:00,0.8821,0.88236,0.88119,0.88127,902,17,0
2023-08-31 13:30:00,0.88127,0.88151,0.88083,0.88115,1373,18,0
2023-08-31 14:00:00,0.88115,0.88209,0.88111,0.88208,1486,17,0
2023-08-31 14:30:00,0.88208,0.88239,0.88135,0.88137,1739,17,0
2023-08-31 15:00:00,0.88136,0.88215,0.88119,0.88134,1878,17,0
2023-08-31 15:30:00,0.88134,0.88278,0.88084,0.88102,3978,17,0
2023-08-31 16:00:00,0.88102,0.88277,0.88073,0.88203,2374,17,0
2023-08-31 16:30:00,0.88202,0.8837,0.88194,0.88315,3706,17,0
2023-08-31 17:00:00,0.88316,0.88324,0.88223,0.88262,2371,17,0
2023-08-31 17:30:00,0.88262,0.8838,0.88229,0.88319,3263,17,0
2023-08-31 18:00:00,0.88318,0.88451,0.88269,0.88375,2674,17,0
2023-08-31 18:30:00,0.88378,0.88436,0.88362,0.88367,1150,17,0
2023-08-31 19:00:00,0.88367,0.88378,0.88294,0.88336,1052,17,0
2023-08-31 19:30:00,0.88335,0.88346,0.88243,0.88282,704,17,0
2023-08-31 20:00:00,0.88281,0.88313,0.88232,0.8827,835,17,0
2023-08-31 20:30:00,0.88271,0.88306,0.88228,0.88306,899,17,0
2023-08-31 21:00:00,0.88303,0.88321,0.88247,0.8825,516,18,0
2023-08-31 21:30:00,0.8825,0.88337,0.88246,0.88308,497,17,0
2023-08-31 22:00:00,0.88307,0.88312,0.88277,0.88304,537,17,0
2023-08-31 22:30:00,0.88303,0.88342,0.88295,0.88324,575,17,0
2023-08-31 23:00:00,0.88325,0.88352,0.88297,0.88341,501,18,0
2023-08-31 23:30:00,0.8834,0.8834,0.8831,0.88323,350,23,0
2023-09-01 00:00:00,0.88311,0.88311,0.88272,0.88279,29,56,0
2023-09-01 00:30:00,0.88277,0.88343,0.88269,0.88293,1475,45,0
2023-09-01 01:00:00,0.88295,0.88333,0.88289,0.88331,389,26,0
2023-09-01 01:30:00,0.8833,0.8835,0.88325,0.88328,705,24,0
2023-09-01 02:00:00,0.88331,0.88336,0.88309,0.88314,539,21,0
2023-09-01 02:30:00,0.88314,0.88327,0.88308,0.88325,319,20,0
2023-09-01 03:00:00,0.88325,0.88375,0.88307,0.88346,532,18,0
2023-09-01 03:30:00,0.88346,0.88388,0.88346,0.88348,436,19,0
2023-09-01 04:00:00,0.88347,0.88358,0.88222,0.88267,967,17,0
2023-09-01 04:30:00,0.88267,0.88316,0.88265,0.88289,972,17,0
2023-09-01 05:00:00,0.88289,0.88307,0.88267,0.88284,487,18,0
2023-09-01 05:30:00,0.88283,0.88346,0.88252,0.88329,845,17,0
2023-09-01 06:00:00,0.8833,0.88366,0.88323,0.88351,455,20,0
2023-09-01 06:30:00,0.88349,0.88374,0.88328,0.88348,261,17,0
2023-09-01 07:00:00,0.88347,0.88379,0.88336,0.88358,293,18,0
2023-09-01 07:30:00,0.88359,0.88362,0.88304,0.88312,278,19,0
2023-09-01 08:00:00,0.88312,0.88334,0.88303,0.88328,407,17,0
2023-09-01 08:30:00,0.88329,0.88348,0.88295,0.88304,630,18,0
2023-09-01 09:00:00,0.88302,0.88427,0.88301,0.88403,1006,18,0
2023-09-01 09:30:00,0.88404,0.88418,0.88209,0.88209,1226,17,0
2023-09-01 10:00:00,0.88211,0.8825,0.88175,0.8818,1860,17,0
2023-09-01 10:30:00,0.88181,0.88185,0.88116,0.88173,1668,17,0
2023-09-01 11:00:00,0.88174,0.88243,0.88146,0.88232,1180,18,0
2023-09-01 11:30:00,0.88231,0.8829,0.88198,0.88263,1254,17,0
2023-09-01 12:00:00,0.88263,0.88293,0.88219,0.88231,1192,17,0
2023-09-01 12:30:00,0.8823,0.88283,0.88219,0.88261,1051,17,0
2023-09-01 13:00:00,0.88261,0.88282,0.88208,0.88219,775,17,0
2023-09-01 13:30:00,0.88219,0.88264,0.88191,0.88256,958,17,0
2023-09-01 14:00:00,0.88257,0.88278,0.88194,0.88206,965,17,0
2023-09-01 14:30:00,0.88206,0.88336,0.88201,0.88327,1327,17,0
2023-09-01 15:00:00,0.88327,0.88358,0.88243,0.88246,1788,17,0
2023-09-01 15:30:00,0.88246,0.88256,0.87952,0.88081,6139,17,0
2023-09-01 16:00:00,0.88081,0.88164,0.87969,0.87973,4184,17,0
2023-09-01 16:30:00,0.87974,0.88293,0.87943,0.88211,5923,17,0
2023-09-01 17:00:00,0.88279,0.88476,0.88217,0.8844,5678,17,0
2023-09-01 17:30:00,0.88438,0.88487,0.88361,0.88396,3489,17,0
2023-09-01 18:00:00,0.88394,0.88569,0.8838,0.88549,2201,17,0
2023-09-01 18:30:00,0.88548,0.88576,0.88516,0.88571,1582,17,0
2023-09-01 19:00:00,0.88571,0.886,0.8856,0.88569,1194,19,0
2023-09-01 19:30:00,0.8857,0.8863,0.88558,0.88569,963,17,0
2023-09-01 20:00:00,0.88567,0.88589,0.885,0.88515,705,19,0
2023-09-01 20:30:00,0.88514,0.88531,0.88501,0.88527,1139,17,0
2023-09-01 21:00:00,0.88526,0.88542,0.88503,0.88534,700,17,0
2023-09-01 21:30:00,0.88534,0.88552,0.88519,0.88527,990,18,0
2023-09-01 22:00:00,0.88528,0.88591,0.88515,0.88577,897,18,0
2023-09-01 22:30:00,0.88578,0.88601,0.8857,0.88586,813,19,0
2023-09-01 23:00:00,0.88584,0.88585,0.88542,0.88564,672,20,0
2023-09-01 23:30:00,0.88563,0.88585,0.88536,0.88536,269,22,0
2023-09-04 00:00:00,0.88563,0.88563,0.88488,0.88523,8,117,0
2023-09-04 00:30:00,0.8852,0.88544,0.8852,0.88544,34,74,0
2023-09-04 01:00:00,0.88544,0.88567,0.8853,0.88562,279,25,0
2023-09-04 01:30:00,0.88561,0.88563,0.88538,0.88547,269,25,0
2023-09-04 02:00:00,0.88542,0.88564,0.8854,0.88564,239,19,0
2023-09-04 02:30:00,0.88562,0.88566,0.88511,0.88514,251,18,0
2023-09-04 03:00:00,0.88512,0.88546,0.88512,0.88539,231,20,0
2023-09-04 03:30:00,0.88539,0.8854,0.88482,0.88508,592,19,0
2023-09-04 04:00:00,0.88509,0.88515,0.88462,0.88469,577,18,0
2023-09-04 04:30:00,0.88469,0.88525,0.88469,0.88505,461,17,0
2023-09-04 05:00:00,0.88505,0.88505,0.88444,0.88447,282,19,0
2023-09-04 05:30:00,0.88449,0.8845,0.88394,0.88431,420,17,0
2023-09-04 06:00:00,0.88431,0.88454,0.88422,0.88453,342,17,0
2023-09-04 06:30:00,0.88453,0.8847,0.8844,0.88454,357,19,0
2023-09-04 07:00:00,0.88454,0.88509,0.88451,0.88501,285,18,0
2023-09-04 07:30:00,0.88499,0.885,0.8847,0.88474,191,17,0
2023-09-04 08:00:00,0.88473,0.88474,0.88432,0.88434,293,19,0
2023-09-04 08:30:00,0.88434,0.88463,0.88427,0.88455,321,20,0
2023-09-04 09:00:00,0.88456,0.88463,0.884,0.88414,642,19,0
2023-09-04 09:30:00,0.88414,0.88426,0.88372,0.88414,858,17,0
2023-09-04 10:00:00,0.88414,0.88424,0.88315,0.88355,1735,17,0
2023-09-04 10:30:00,0.88356,0.88459,0.88345,0.88401,1797,17,0
2023-09-04 11:00:00,0.88401,0.88423,0.88331,0.88413,1744,18,0
2023-09-04 11:30:00,0.88413,0.88456,0.88396,0.88411,1033,17,0
2023-09-04 12:00:00,0.88412,0.88467,0.88411,0.88449,943,17,0
2023-09-04 12:30:00,0.88448,0.8845,0.88385,0.8841,850,18,0
2023-09-04 13:00:00,0.88411,0.8843,0.88372,0.88376,884,18,0
2023-09-04 13:30:00,0.88377,0.88423,0.88375,0.88408,543,19,0
2023-09-04 14:00:00,0.88407,0.88434,0.88382,0.8839,556,17,0
2023-09-04 14:30:00,0.88391,0.88412,0.88338,0.88368,549,17,0
2023-09-04 15:00:00,0.88368,0.88457,0.88352,0.88448,628,18,0
2023-09-04 15:30:00,0.88447,0.88481,0.88411,0.8844,630,18,0
2023-09-04 16:00:00,0.88439,0.8845,0.88404,0.8842,809,17,0
2023-09-04 16:30:00,0.88421,0.88486,0.88406,0.88483,570,17,0
2023-09-04 17:00:00,0.88483,0.88536,0.88471,0.88499,616,17,0
2023-09-04 17:30:00,0.88499,0.88519,0.88485,0.88491,621,17,0
2023-09-04 18:00:00,0.8849,0.88491,0.88448,0.88453,636,18,0
2023-09-04 18:30:00,0.88452,0.88456,0.88409,0.8841,446,17,0
2023-09-04 19:00:00,0.88412,0.88421,0.88402,0.88415,279,18,0
2023-09-04 19:30:00,0.88417,0.88429,0.88414,0.88421,640,17,0
2023-09-04 20:00:00,0.88421,0.88426,0.8841,0.88415,270,18,0
2023-09-04 20:30:00,0.88414,0.8842,0.88405,0.88411,211,20,0
2023-09-04 21:00:00,0.8841,0.88414,0.88384,0.88386,322,18,0
2023-09-04 21:30:00,0.88388,0.88409,0.8836,0.88405,301,17,0
2023-09-04 22:00:00,0.88407,0.88437,0.88405,0.88436,210,20,0
2023-09-04 22:30:00,0.88436,0.88485,0.8843,0.88447,352,18,0
2023-09-04 23:00:00,0.88446,0.88457,0.88425,0.88453,105,22,0
2023-09-04 23:30:00,0.88453,0.88453,0.88404,0.88404,242,26,0
2023-09-05 00:00:00,0.88387,0.88428,0.8838,0.88381,22,73,0
2023-09-05 00:30:00,0.88375,0.88428,0.88374,0.88396,92,58,0
2023-09-05 01:00:00,0.88396,0.88445,0.88396,0.88404,725,23,0
2023-09-05 01:30:00,0.88403,0.88444,0.88403,0.88442,363,30,0
2023-09-05 02:00:00,0.88441,0.88471,0.88434,0.88458,200,22,0
2023-09-05 02:30:00,0.88458,0.88473,0.88436,0.88472,112,20,0
2023-09-05 03:00:00,0.88472,0.88493,0.88463,0.88487,252,21,0
2023-09-05 03:30:00,0.88487,0.88487,0.88433,0.88445,299,18,0
2023-09-05 04:00:00,0.88445,0.88487,0.88442,0.88449,341,20,0
2023-09-05 04:30:00,0.88448,0.88531,0.88439,0.88493,655,20,0
2023-09-05 05:00:00,0.88493,0.88516,0.88493,0.88512,304,19,0
2023-09-05 05:30:00,0.88512,0.88538,0.8851,0.88524,392,19,0
2023-09-05 06:00:00,0.88524,0.88561,0.88511,0.8852,404,19,0
2023-09-05 06:30:00,0.88519,0.88523,0.88502,0.88505,183,21,0
2023-09-05 07:00:00,0.88504,0.88516,0.885,0.88503,304,19,0
2023-09-05 07:30:00,0.88504,0.88512,0.88482,0.8849,553,19,0
2023-09-05 08:00:00,0.8849,0.88533,0.88484,0.88522,812,18,0
2023-09-05 08:30:00,0.88523,0.88563,0.88515,0.88534,947,17,0
2023-09-05 09:00:00,0.88533,0.8864,0.885,0.88621,1668,17,0
2023-09-05 09:30:00,0.88622,0.88708,0.88609,0.88656,1451,17,0
2023-09-05 10:00:00,0.88658,0.88688,0.88585,0.88664,2152,17,0
2023-09-05 10:30:00,0.88665,0.88766,0.88643,0.88742,1930,17,0
2023-09-05 11:00:00,0.88745,0.888,0.88724,0.88781,2094,17,0
2023-09-05 11:30:00,0.8878,0.8878,0.88732,0.88777,1674,17,0
2023-09-05 12:00:00,0.88778,0.88796,0.8873,0.8878,1622,18,0
2023-09-05 12:30:00,0.88781,0.88786,0.88726,0.88776,1238,17,0
2023-09-05 13:00:00,0.88777,0.88839,0.88744,0.88838,1186,17,0
2023-09-05 13:30:00,0.88836,0.88877,0.88804,0.88869,1686,18,0
2023-09-05 14:00:00,0.8887,0.88952,0.88864,0.8891,1759,17,0
2023-09-05 14:30:00,0.88911,0.8892,0.88846,0.88891,1664,17,0
2023-09-05 15:00:00,0.88891,0.88987,0.88884,0.88976,1423,17,0
2023-09-05 15:30:00,0.88976,0.89022,0.88753,0.88788,3707,17,0
2023-09-05 16:00:00,0.88788,0.88872,0.88754,0.88801,3340,17,0
2023-09-05 16:30:00,0.88798,0.88878,0.88771,0.88839,2738,17,0
2023-09-05 17:00:00,0.88838,0.88914,0.88813,0.88828,3146,17,0
2023-09-05 17:30:00,0.88827,0.88931,0.88818,0.88912,2236,17,0
2023-09-05 18:00:00,0.88912,0.88943,0.88863,0.88939,2022,17,0
2023-09-05 18:30:00,0.88938,0.88946,0.888,0.88869,1336,17,0
2023-09-05 19:00:00,0.88869,0.88917,0.88849,0.88915,1271,17,0
2023-09-05 19:30:00,0.88916,0.88918,0.88855,0.88871,962,18,0
2023-09-05 20:00:00,0.8887,0.88953,0.88866,0.88935,690,17,0
2023-09-05 20:30:00,0.88936,0.88981,0.88929,0.88974,557,19,0
2023-09-05 21:00:00,0.88974,0.8898,0.8893,0.8896,724,17,0
2023-09-05 21:30:00,0.88961,0.88966,0.88925,0.88949,463,18,0
2023-09-05 22:00:00,0.88948,0.88967,0.88936,0.88938,296,20,0
2023-09-05 22:30:00,0.88938,0.8898,0.88915,0.88976,474,17,0
2023-09-05 23:00:00,0.88976,0.88986,0.88953,0.88964,226,21,0
2023-09-05 23:30:00,0.88966,0.88966,0.88929,0.8893,288,22,0
2023-09-06 00:00:00,0.88895,0.88925,0.88843,0.8887,23,32,0
2023-09-06 00:30:00,0.88884,0.88933,0.88871,0.88877,318,34,0
2023-09-06 01:00:00,0.88879,0.88944,0.88879,0.88939,548,24,0
2023-09-06 01:30:00,0.88938,0.88944,0.88923,0.88925,70,25,0
2023-09-06 02:00:00,0.88926,0.88936,0.88907,0.88914,218,19,0
2023-09-06 02:30:00,0.88914,0.8894,0.88909,0.88935,179,20,0
2023-09-06 03:00:00,0.88933,0.88953,0.88924,0.88947,342,21,0
2023-09-06 03:30:00,0.88946,0.88988,0.88942,0.88973,417,20,0
2023-09-06 04:00:00,0.88973,0.89013,0.8894,0.88976,567,20,0
2023-09-06 04:30:00,0.88976,0.89021,0.8897,0.8901,532,20,0
2023-09-06 05:00:00,0.89009,0.8901,0.88938,0.88943,487,20,0
2023-09-06 05:30:00,0.88943,0.88943,0.8889,0.8889,660,18,0
2023-09-06 06:00:00,0.88891,0.88918,0.8887,0.88873,773,21,0
2023-09-06 06:30:00,0.88873,0.88887,0.88861,0.88865,420,18,0
2023-09-06 07:00:00,0.88865,0.88884,0.88841,0.88878,326,18,0
2023-09-06 07:30:00,0.88879,0.88883,0.88862,0.88869,209,21,0
2023-09-06 08:00:00,0.88869,0.8889,0.8886,0.88875,363,17,0
2023-09-06 08:30:00,0.88876,0.88879,0.88803,0.88804,932,17,0
2023-09-06 09:00:00,0.88807,0.88929,0.88806,0.88837,1796,17,0
2023-09-06 09:30:00,0.88836,0.88906,0.88833,0.88896,960,17,0
2023-09-06 10:00:00,0.88897,0.88955,0.88853,0.88912,2867,17,0
2023-09-06 10:30:00,0.88913,0.88986,0.88878,0.88973,1673,18,0
2023-09-06 11:00:00,0.88975,0.89033,0.88949,0.88982,1530,17,0
2023-09-06 11:30:00,0.88984,0.89003,0.88936,0.8897,1636,17,0
2023-09-06 12:00:00,0.8897,0.89037,0.8895,0.89033,1309,18,0
2023-09-06 12:30:00,0.89031,0.89043,0.88964,0.89001,1020,17,0
2023-09-06 13:00:00,0.89,0.89013,0.88916,0.8897,1341,17,0
2023-09-06 13:30:00,0.8897,0.8901,0.88961,0.89,973,17,0
2023-09-06 14:00:00,0.89,0.89006,0.88958,0.88972,1477,18,0
2023-09-06 14:30:00,0.88973,0.89034,0.88954,0.89022,1549,18,0
2023-09-06 15:00:00,0.89023,0.89051,0.8897,0.89035,1194,17,0
2023-09-06 15:30:00,0.89032,0.89055,0.89016,0.89037,1385,17,0
2023-09-06 16:00:00,0.89039,0.89142,0.89039,0.89131,2164,17,0
2023-09-06 16:30:00,0.89133,0.89178,0.89069,0.89161,3085,17,0
2023-09-06 17:00:00,0.89337,0.89437,0.89174,0.89308,4941,17,0
2023-09-06 17:30:00,0.8931,0.89336,0.89269,0.89292,3112,17,0
2023-09-06 18:00:00,0.89291,0.89321,0.89195,0.8923,1460,17,0
2023-09-06 18:30:00,0.89234,0.89249,0.89199,0.89239,1447,17,0
2023-09-06 19:00:00,0.89239,0.89249,0.89185,0.89199,713,17,0
2023-09-06 19:30:00,0.89199,0.8926,0.89198,0.89216,817,18,0
2023-09-06 20:00:00,0.89216,0.89226,0.8913,0.89136,772,18,0
2023-09-06 20:30:00,0.89137,0.89161,0.89116,0.89116,484,17,0
2023-09-06 21:00:00,0.89117,0.89178,0.891,0.89152,598,17,0
2023-09-06 21:30:00,0.89151,0.89157,0.891,0.89139,466,19,0
2023-09-06 22:00:00,0.89138,0.89148,0.89093,0.89111,438,19,0
2023-09-06 22:30:00,0.89112,0.89147,0.89112,0.89136,426,20,0
2023-09-06 23:00:00,0.89135,0.89143,0.891,0.89131,325,21,0
2023-09-06 23:30:00,0.89133,0.89136,0.89086,0.89099,312,23,0
2023-09-07 00:00:00,0.89098,0.89134,0.89098,0.89101,74,34,0
2023-09-07 00:30:00,0.89101,0.89128,0.89086,0.89101,763,38,0
2023-09-07 01:00:00,0.89102,0.89146,0.89083,0.89108,726,23,0
2023-09-07 01:30:00,0.89109,0.89121,0.89103,0.89117,513,23,0
2023-09-07 02:00:00,0.89117,0.89134,0.89117,0.8912,396,19,0
2023-09-07 02:30:00,0.89119,0.89141,0.89115,0.89127,394,19,0
2023-09-07 03:00:00,0.89127,0.89139,0.89107,0.89118,307,19,0
2023-09-07 03:30:00,0.89116,0.89172,0.89115,0.89154,414,17,0
2023-09-07 04:00:00,0.89153,0.89167,0.89093,0.89107,605,19,0
2023-09-07 04:30:00,0.89107,0.89128,0.89077,0.89086,677,19,0
2023-09-07 05:00:00,0.89086,0.8913,0.89086,0.89119,306,20,0
2023-09-07 05:30:00,0.89121,0.89142,0.89099,0.89102,459,18,0
2023-09-07 06:00:00,0.89101,0.8914,0.8909,0.89111,466,19,0
2023-09-07 06:30:00,0.89111,0.89122,0.8909,0.89104,221,21,0
2023-09-07 07:00:00,0.89107,0.89137,0.89096,0.89135,428,18,0
2023-09-07 07:30:00,0.89133,0.89175,0.89124,0.89165,630,18,0
2023-09-07 08:00:00,0.89166,0.89203,0.89159,0.89184,437,17,0
2023-09-07 08:30:00,0.89184,0.89185,0.89141,0.89154,600,18,0
2023-09-07 09:00:00,0.89153,0.89179,0.89117,0.89133,1049,18,0
2023-09-07 09:30:00,0.89133,0.89188,0.89117,0.89168,993,17,0
2023-09-07 10:00:00,0.89169,0.89212,0.89149,0.89189,2313,18,0
2023-09-07 10:30:00,0.8919,0.89228,0.8914,0.89146,1603,17,0
2023-09-07 11:00:00,0.89147,0.89199,0.89141,0.8919,2038,17,0
2023-09-07 11:30:00,0.89189,0.89204,0.89153,0.89188,1701,18,0
2023-09-07 12:00:00,0.89187,0.89198,0.89133,0.89162,1248,17,0
2023-09-07 12:30:00,0.89161,0.892,0.89135,0.89168,1023,18,0
2023-09-07 13:00:00,0.89168,0.89249,0.89167,0.89218,1137,17,0
2023-09-07 13:30:00,0.89214,0.89269,0.89214,0.8925,1080,17,0
2023-09-07 14:00:00,0.8925,0.89254,0.89197,0.89249,813,17,0
2023-09-07 14:30:00,0.8925,0.89268,0.89236,0.89247,815,17,0
2023-09-07 15:00:00,0.89247,0.89275,0.89222,0.89231,1155,17,0
2023-09-07 15:30:00,0.89245,0.89363,0.89245,0.89329,3400,17,0
2023-09-07 16:00:00,0.89327,0.89349,0.89261,0.89296,2973,17,0
2023-09-07 16:30:00,0.89296,0.89351,0.89271,0.89342,2688,17,0
2023-09-07 17:00:00,0.89343,0.89394,0.89305,0.89365,2112,17,0
2023-09-07 17:30:00,0.89365,0.89382,0.8924,0.8929,2338,17,0
2023-09-07 18:00:00,0.89289,0.8934,0.89272,0.89292,1773,17,0
2023-09-07 18:30:00,0.89292,0.89311,0.89257,0.89269,885,17,0
2023-09-07 19:00:00,0.89266,0.89271,0.89237,0.89249,658,19,0
2023-09-07 19:30:00,0.8925,0.89284,0.8925,0.89284,691,17,0
2023-09-07 20:00:00,0.89285,0.89286,0.8921,0.8922,664,19,0
2023-09-07 20:30:00,0.89214,0.89297,0.89198,0.89292,477,17,0
2023-09-07 21:00:00,0.89295,0.8931,0.89235,0.89259,932,20,0
2023-09-07 21:30:00,0.89261,0.89296,0.89246,0.89296,864,19,0
2023-09-07 22:00:00,0.89296,0.89304,0.89273,0.89291,496,18,0
2023-09-07 22:30:00,0.8929,0.89293,0.89244,0.89264,676,17,0
2023-09-07 23:00:00,0.89263,0.89269,0.89226,0.89265,272,22,0
2023-09-07 23:30:00,0.89268,0.89275,0.89249,0.89253,239,22,0
2023-09-08 00:00:00,0.89248,0.89255,0.89203,0.89218,124,54,0
2023-09-08 00:30:00,0.89214,0.89246,0.89195,0.89224,1455,62,0
2023-09-08 01:00:00,0.89222,0.89256,0.89215,0.89229,485,27,0
2023-09-08 01:30:00,0.89229,0.89264,0.89229,0.89264,512,25,0
2023-09-08 02:00:00,0.89263,0.89275,0.8926,0.89272,188,22,0
2023-09-08 02:30:00,0.8927,0.89275,0.8926,0.8926,121,21,0
2023-09-08 03:00:00,0.89259,0.8926,0.89181,0.8919,372,17,0
2023-09-08 03:30:00,0.8919,0.89195,0.89092,0.89117,1240,17,0
2023-09-08 04:00:00,0.89117,0.89187,0.89109,0.89152,957,18,0
2023-09-08 04:30:00,0.89152,0.89156,0.89071,0.89098,699,18,0
2023-09-08 05:00:00,0.89097,0.89125,0.89056,0.89077,713,20,0
2023-09-08 05:30:00,0.89078,0.89099,0.89049,0.89092,640,18,0
2023-09-08 06:00:00,0.89092,0.89116,0.89086,0.89093,502,20,0
2023-09-08 06:30:00,0.89093,0.89105,0.89078,0.89095,373,20,0
2023-09-08 07:00:00,0.89094,0.89113,0.89087,0.89089,474,20,0
2023-09-08 07:30:00,0.89088,0.89123,0.89088,0.89102,363,20,0
2023-09-08 08:00:00,0.89101,0.89113,0.89067,0.8907,467,19,0
2023-09-08 08:30:00,0.89071,0.89076,0.88989,0.89026,729,18,0
2023-09-08 09:00:00,0.89027,0.89034,0.8894,0.88995,1286,18,0
2023-09-08 09:30:00,0.88996,0.89037,0.88979,0.89013,747,17,0
2023-09-08 10:00:00,0.89012,0.89094,0.89004,0.89036,1986,17,0
2023-09-08 10:30:00,0.89036,0.89111,0.89031,0.89085,1931,18,0
2023-09-08 11:00:00,0.89084,0.89124,0.89059,0.89061,1571,18,0
2023-09-08 11:30:00,0.89061,0.89127,0.89052,0.8907,1537,19,0
2023-09-08 12:00:00,0.89071,0.89183,0.89069,0.89167,1614,17,0
2023-09-08 12:30:00,0.89169,0.89204,0.89133,0.89161,1490,18,0
2023-09-08 13:00:00,0.89161,0.89209,0.89144,0.8918,1352,17,0
2023-09-08 13:30:00,0.89181,0.89202,0.89156,0.89175,1015,17,0
2023-09-08 14:00:00,0.89176,0.89182,0.89101,0.89151,1678,18,0
2023-09-08 14:30:00,0.89155,0.89188,0.89123,0.89152,1518,17,0
2023-09-08 15:00:00,0.89153,0.89178,0.89113,0.89137,1303,18,0
2023-09-08 15:30:00,0.8914,0.89194,0.89056,0.89191,1836,17,0
2023-09-08 16:00:00,0.89191,0.89253,0.89146,0.89202,1867,17,0
2023-09-08 16:30:00,0.89204,0.89245,0.89131,0.89131,2095,17,0
2023-09-08 17:00:00,0.89129,0.89129,0.88982,0.89063,2213,17,0
2023-09-08 17:30:00,0.89063,0.89172,0.89039,0.89156,1481,17,0
2023-09-08 18:00:00,0.89154,0.89208,0.89141,0.89194,1624,17,0
2023-09-08 18:30:00,0.89193,0.89306,0.89182,0.89274,1173,17,0
2023-09-08 19:00:00,0.89272,0.89308,0.8925,0.8929,800,17,0
2023-09-08 19:30:00,0.8929,0.89338,0.89281,0.89284,990,17,0
2023-09-08 20:00:00,0.89284,0.89293,0.89231,0.89252,568,19,0
2023-09-08 20:30:00,0.89251,0.89287,0.89238,0.89273,672,18,0
2023-09-08 21:00:00,0.89273,0.89315,0.89254,0.89312,769,18,0
2023-09-08 21:30:00,0.89313,0.89358,0.89307,0.89333,883,18,0
2023-09-08 22:00:00,0.89337,0.89355,0.8932,0.89336,658,19,0
2023-09-08 22:30:00,0.89337,0.89341,0.89303,0.89303,429,19,0
2023-09-08 23:00:00,0.89304,0.89318,0.89267,0.89294,439,20,0
2023-09-08 23:30:00,0.89294,0.89305,0.89249,0.89267,652,25,0
2023-09-11 00:00:00,0.89018,0.89103,0.89018,0.8909,5,230,0
2023-09-11 00:30:00,0.89103,0.89127,0.89088,0.89117,222,132,0
2023-09-11 01:00:00,0.89095,0.89209,0.89095,0.892,643,37,0
2023-09-11 01:30:00,0.8921,0.89223,0.89184,0.89199,2010,27,0
2023-09-11 02:00:00,0.89199,0.8925,0.89198,0.89214,895,23,0
2023-09-11 02:30:00,0.89213,0.89224,0.8916,0.89198,1039,19,0
2023-09-11 03:00:00,0.89198,0.89217,0.89131,0.89195,962,17,0
2023-09-11 03:30:00,0.89193,0.89204,0.89167,0.89177,578,18,0
2023-09-11 04:00:00,0.89177,0.89213,0.89161,0.8919,942,20,0
2023-09-11 04:30:00,0.8919,0.89195,0.89151,0.89173,1170,17,0
2023-09-11 05:00:00,0.89172,0.8918,0.89138,0.89144,737,19,0
2023-09-11 05:30:00,0.89141,0.89141,0.89102,0.89134,953,19,0
2023-09-11 06:00:00,0.89133,0.89141,0.89108,0.89121,773,17,0
2023-09-11 06:30:00,0.89121,0.89141,0.891,0.89118,563,19,0
2023-09-11 07:00:00,0.89119,0.89137,0.89066,0.89066,582,18,0
2023-09-11 07:30:00,0.89066,0.89082,0.89009,0.89033,1275,17,0
2023-09-11 08:00:00,0.89032,0.89087,0.89005,0.89079,1355,17,0
2023-09-11 08:30:00,0.89078,0.89137,0.89051,0.89113,1017,17,0
2023-09-11 09:00:00,0.89114,0.89138,0.89035,0.891,1207,17,0
2023-09-11 09:30:00,0.891,0.89122,0.89007,0.89023,1057,17,0
2023-09-11 10:00:00,0.89022,0.89041,0.8896,0.89038,1850,17,0
2023-09-11 10:30:00,0.89038,0.89078,0.89019,0.89072,1647,18,0
2023-09-11 11:00:00,0.89073,0.89107,0.89061,0.89081,1440,17,0
2023-09-11 11:30:00,0.8908,0.89182,0.89071,0.89141,1591,17,0
2023-09-11 12:00:00,0.8914,0.89166,0.89106,0.89155,1580,17,0
2023-09-11 12:30:00,0.89156,0.89196,0.89144,0.89158,1420,18,0
2023-09-11 13:00:00,0.89158,0.89183,0.89102,0.8917,1398,17,0
2023-09-11 13:30:00,0.89171,0.89171,0.89105,0.89136,1360,19,0
2023-09-11 14:00:00,0.89137,0.89207,0.89137,0.89159,1340,17,0
2023-09-11 14:30:00,0.89159,0.89197,0.8912,0.8918,1274,17,0
2023-09-11 15:00:00,0.89179,0.8921,0.89116,0.89141,1892,17,0
2023-09-11 15:30:00,0.89142,0.89168,0.8909,0.89132,2208,17,0
2023-09-11 16:00:00,0.89132,0.89165,0.89111,0.89119,1413,17,0
2023-09-11 16:30:00,0.8912,0.89219,0.89102,0.89142,2199,17,0
2023-09-11 17:00:00,0.89144,0.89144,0.89035,0.89082,2229,17,0
2023-09-11 17:30:00,0.89083,0.89178,0.89055,0.89132,1781,17,0
2023-09-11 18:00:00,0.89132,0.89177,0.89085,0.89125,1358,17,0
2023-09-11 18:30:00,0.89125,0.89136,0.89058,0.89097,1015,18,0
2023-09-11 19:00:00,0.89096,0.89098,0.8901,0.89016,904,17,0
2023-09-11 19:30:00,0.89016,0.89057,0.89016,0.89031,827,18,0
2023-09-11 20:00:00,0.89031,0.89065,0.89017,0.89036,1109,17,0
2023-09-11 20:30:00,0.89036,0.8908,0.89033,0.89068,602,18,0
2023-09-11 21:00:00,0.89068,0.89078,0.89047,0.89054,569,20,0
2023-09-11 21:30:00,0.89053,0.89102,0.89042,0.89099,775,19,0
2023-09-11 22:00:00,0.89095,0.89136,0.89076,0.89081,865,17,0
2023-09-11 22:30:00,0.89084,0.89084,0.89057,0.89064,1029,18,0
2023-09-11 23:00:00,0.89065,0.8907,0.89047,0.89064,879,21,0
2023-09-11 23:30:00,0.89064,0.89086,0.89063,0.89069,373,24,0
2023-09-12 00:00:00,0.89053,0.89053,0.89026,0.89042,12,54,0
2023-09-12 00:30:00,0.89042,0.89068,0.8902,0.89056,2936,37,0
2023-09-12 01:00:00,0.89052,0.89069,0.89041,0.89052,644,30,0
2023-09-12 01:30:00,0.89051,0.89063,0.89043,0.89063,363,28,0
2023-09-12 02:00:00,0.89063,0.89096,0.8906,0.89093,461,18,0
2023-09-12 02:30:00,0.89093,0.8912,0.89084,0.89116,279,20,0
2023-09-12 03:00:00,0.89116,0.89158,0.89114,0.89157,561,19,0
2023-09-12 03:30:00,0.89158,0.89172,0.89121,0.89146,506,17,0
2023-09-12 04:00:00,0.89147,0.89172,0.89038,0.89156,915,19,0
2023-09-12 04:30:00,0.89154,0.89192,0.89147,0.8916,536,17,0
2023-09-12 05:00:00,0.89161,0.89178,0.89117,0.89139,698,20,0
2023-09-12 05:30:00,0.8914,0.89141,0.89093,0.89098,606,19,0
2023-09-12 06:00:00,0.89099,0.89122,0.89092,0.89108,328,19,0
2023-09-12 06:30:00,0.89107,0.89112,0.89077,0.89095,347,21,0
2023-09-12 07:00:00,0.89095,0.89142,0.8909,0.89129,377,19,0
2023-09-12 07:30:00,0.89128,0.89135,0.89103,0.89119,464,17,0
2023-09-12 08:00:00,0.8912,0.89142,0.89111,0.89142,509,20,0
2023-09-12 08:30:00,0.89143,0.89163,0.89111,0.89145,455,18,0
2023-09-12 09:00:00,0.89146,0.89183,0.89102,0.8911,998,19,0
2023-09-12 09:30:00,0.89111,0.89129,0.89065,0.89088,704,17,0
2023-09-12 10:00:00,0.89087,0.89087,0.89008,0.89022,1799,17,0
2023-09-12 10:30:00,0.89022,0.89113,0.8901,0.89085,1474,17,0
2023-09-12 11:00:00,0.89085,0.89121,0.89054,0.89077,1542,17,0
2023-09-12 11:30:00,0.89079,0.89163,0.89068,0.8916,1219,17,0
2023-09-12 12:00:00,0.89159,0.89179,0.89106,0.89158,1278,17,0
2023-09-12 12:30:00,0.89157,0.89186,0.89149,0.89176,1134,18,0
2023-09-12 13:00:00,0.89177,0.89178,0.89123,0.89147,826,17,0
2023-09-12 13:30:00,0.89147,0.89229,0.89137,0.89184,1158,17,0
2023-09-12 14:00:00,0.89184,0.89218,0.89175,0.89198,1171,18,0
2023-09-12 14:30:00,0.89198,0.89227,0.89147,0.89174,1525,18,0
2023-09-12 15:00:00,0.89175,0.89285,0.89171,0.89258,1611,17,0
2023-09-12 15:30:00,0.89259,0.89285,0.89147,0.89284,1917,17,0
2023-09-12 16:00:00,0.89285,0.89299,0.89236,0.89293,2179,19,0
2023-09-12 16:30:00,0.89294,0.89331,0.89237,0.89281,2389,17,0
2023-09-12 17:00:00,0.89279,0.89329,0.89252,0.89278,1795,17,0
2023-09-12 17:30:00,0.89278,0.89303,0.89247,0.89266,1914,17,0
2023-09-12 18:00:00,0.89265,0.89275,0.89163,0.89177,1250,17,0
2023-09-12 18:30:00,0.89177,0.89202,0.89121,0.89123,695,17,0
2023-09-12 19:00:00,0.89122,0.89125,0.89066,0.89105,979,18,0
2023-09-12 19:30:00,0.89106,0.89168,0.89106,0.89156,755,17,0
2023-09-12 20:00:00,0.89155,0.89169,0.89121,0.89127,588,17,0
2023-09-12 20:30:00,0.89126,0.89178,0.89113,0.89177,661,18,0
2023-09-12 21:00:00,0.89182,0.89201,0.89121,0.89128,981,17,0
2023-09-12 21:30:00,0.89128,0.89135,0.89092,0.89117,683,19,0
2023-09-12 22:00:00,0.89114,0.89138,0.89103,0.89138,760,17,0
2023-09-12 22:30:00,0.89134,0.89158,0.89131,0.89141,632,18,0
2023-09-12 23:00:00,0.89141,0.8916,0.89113,0.89114,734,20,0
2023-09-12 23:30:00,0.89114,0.8913,0.89065,0.89117,981,23,0
2023-09-13 00:00:00,0.89113,0.89113,0.8905,0.89076,42,29,0
2023-09-13 00:30:00,0.89078,0.89121,0.89042,0.89119,1930,32,0
2023-09-13 01:00:00,0.89111,0.89129,0.89076,0.89124,462,23,0
2023-09-13 01:30:00,0.89124,0.89126,0.89105,0.89122,229,25,0
2023-09-13 02:00:00,0.89121,0.89148,0.89119,0.89126,161,20,0
2023-09-13 02:30:00,0.89126,0.89142,0.89119,0.89141,158,20,0
2023-09-13 03:00:00,0.89141,0.89142,0.89078,0.89119,567,17,0
2023-09-13 03:30:00,0.89118,0.89126,0.89067,0.89123,417,18,0
2023-09-13 04:00:00,0.89124,0.89133,0.89077,0.89124,571,19,0
2023-09-13 04:30:00,0.89125,0.89152,0.89118,0.89143,1061,19,0
2023-09-13 05:00:00,0.89141,0.89191,0.89124,0.89176,538,17,0
2023-09-13 05:30:00,0.89178,0.89229,0.89171,0.89205,509,19,0
2023-09-13 06:00:00,0.89207,0.89234,0.89201,0.89218,530,20,0
2023-09-13 06:30:00,0.89215,0.89215,0.89172,0.89176,478,20,0
2023-09-13 07:00:00,0.89176,0.89184,0.89145,0.89147,296,19,0
2023-09-13 07:30:00,0.89149,0.89154,0.89092,0.89097,480,17,0
2023-09-13 08:00:00,0.89096,0.89173,0.89081,0.89166,427,19,0
2023-09-13 08:30:00,0.89166,0.89182,0.89142,0.89152,391,17,0
2023-09-13 09:00:00,0.89155,0.8923,0.8915,0.89164,1200,18,0
2023-09-13 09:30:00,0.89165,0.89191,0.89103,0.89172,1083,17,0
2023-09-13 10:00:00,0.89176,0.89218,0.89167,0.89171,1908,17,0
2023-09-13 10:30:00,0.89172,0.89216,0.89151,0.89193,1924,17,0
2023-09-13 11:00:00,0.89196,0.8926,0.89177,0.8922,1905,18,0
2023-09-13 11:30:00,0.8922,0.89319,0.89213,0.89291,1659,17,0
2023-09-13 12:00:00,0.8929,0.89312,0.89234,0.89235,1773,17,0
2023-09-13 12:30:00,0.89235,0.89301,0.89227,0.89293,1144,18,0
2023-09-13 13:00:00,0.89293,0.89313,0.89265,0.89275,1101,17,0
2023-09-13 13:30:00,0.89273,0.89302,0.89259,0.89272,947,18,0
2023-09-13 14:00:00,0.89267,0.8931,0.8926,0.89277,878,19,0
2023-09-13 14:30:00,0.89277,0.89286,0.8924,0.89273,990,18,0
2023-09-13 15:00:00,0.89273,0.89373,0.89239,0.89248,1637,17,0
2023-09-13 15:30:00,0.89245,0.8951,0.8911,0.89232,7285,17,0
2023-09-13 16:00:00,0.89231,0.8934,0.89177,0.89243,4547,17,0
2023-09-13 16:30:00,0.89244,0.89305,0.89141,0.8927,3874,17,0
2023-09-13 17:00:00,0.89276,0.89392,0.89274,0.89337,2548,17,0
2023-09-13 17:30:00,0.89336,0.89337,0.8924,0.89262,2426,17,0
2023-09-13 18:00:00,0.89262,0.89266,0.89179,0.89183,1697,17,0
2023-09-13 18:30:00,0.89183,0.89283,0.89179,0.89247,1453,17,0
2023-09-13 19:00:00,0.89245,0.89263,0.89173,0.8918,1440,18,0
2023-09-13 19:30:00,0.8918,0.89235,0.89164,0.89226,1415,17,0
2023-09-13 20:00:00,0.89226,0.89263,0.89216,0.89262,1484,17,0
2023-09-13 20:30:00,0.89262,0.89262,0.89203,0.89239,919,17,0
2023-09-13 21:00:00,0.8924,0.89291,0.89231,0.89284,589,17,0
2023-09-13 21:30:00,0.89284,0.89329,0.89278,0.89323,601,19,0
2023-09-13 22:00:00,0.8933,0.89348,0.89325,0.89335,879,17,0
2023-09-13 22:30:00,0.89334,0.89338,0.89307,0.8932,507,19,0
2023-09-13 23:00:00,0.8932,0.8933,0.893,0.8933,153,21,0
2023-09-13 23:30:00,0.89329,0.89363,0.89328,0.89352,348,23,0
2023-09-14 00:00:00,0.89351,0.89351,0.89295,0.89307,33,43,0
2023-09-14 00:30:00,0.89306,0.89353,0.89303,0.89342,1459,22,0
2023-09-14 01:00:00,0.89341,0.89343,0.89314,0.89318,431,26,0
2023-09-14 01:30:00,0.89318,0.8933,0.89315,0.89316,501,25,0
2023-09-14 02:00:00,0.89317,0.8935,0.89316,0.89341,234,21,0
2023-09-14 02:30:00,0.89335,0.89345,0.89333,0.8934,201,20,0
2023-09-14 03:00:00,0.8934,0.89345,0.8929,0.89291,322,17,0
2023-09-14 03:30:00,0.89291,0.89309,0.89202,0.89215,591,18,0
2023-09-14 04:00:00,0.89214,0.89278,0.89209,0.89264,940,18,0
2023-09-14 04:30:00,0.89261,0.89278,0.89198,0.89245,946,18,0
2023-09-14 05:00:00,0.89247,0.89284,0.89236,0.89239,365,19,0
2023-09-14 05:30:00,0.89242,0.89259,0.89229,0.8923,622,18,0
2023-09-14 06:00:00,0.89228,0.8923,0.892,0.89211,426,18,0
2023-09-14 06:30:00,0.8921,0.89227,0.89199,0.89224,223,18,0
2023-09-14 07:00:00,0.89224,0.89228,0.89193,0.89205,313,18,0
2023-09-14 07:30:00,0.89205,0.89227,0.89201,0.89217,317,19,0
2023-09-14 08:00:00,0.89216,0.89216,0.89152,0.89152,622,17,0
2023-09-14 08:30:00,0.89153,0.89191,0.89137,0.89163,698,19,0
2023-09-14 09:00:00,0.89165,0.89223,0.89151,0.89198,978,18,0
2023-09-14 09:30:00,0.89198,0.89238,0.89178,0.89202,732,19,0
2023-09-14 10:00:00,0.892,0.89296,0.89193,0.89273,1539,17,0
2023-09-14 10:30:00,0.89273,0.8938,0.89269,0.89351,1102,17,0
2023-09-14 11:00:00,0.89352,0.8938,0.89328,0.89338,1282,18,0
2023-09-14 11:30:00,0.89337,0.89348,0.89308,0.89334,1336,17,0
2023-09-14 12:00:00,0.89334,0.89373,0.89292,0.89302,1224,17,0
2023-09-14 12:30:00,0.89304,0.89353,0.89304,0.89314,1569,18,0
2023-09-14 13:00:00,0.89315,0.89322,0.89262,0.89293,1531,17,0
2023-09-14 13:30:00,0.89293,0.89321,0.89276,0.89318,1497,17,0
2023-09-14 14:00:00,0.89318,0.89346,0.89306,0.89338,1263,18,0
2023-09-14 14:30:00,0.89338,0.89361,0.89326,0.89347,1163,17,0
2023-09-14 15:00:00,0.89346,0.8945,0.89269,0.89325,3708,17,0
2023-09-14 15:30:00,0.8933,0.89701,0.89324,0.89489,6960,17,0
2023-09-14 16:00:00,0.89488,0.89515,0.89293,0.89502,5889,17,0
2023-09-14 16:30:00,0.89503,0.89565,0.89331,0.8955,4162,17,0
2023-09-14 17:00:00,0.8955,0.89606,0.89466,0.89487,3128,17,0
2023-09-14 17:30:00,0.89487,0.8952,0.89407,0.89435,3204,17,0
2023-09-14 18:00:00,0.89435,0.89457,0.89393,0.89441,2592,17,0
2023-09-14 18:30:00,0.89442,0.89518,0.89411,0.89491,1676,17,0
2023-09-14 19:00:00,0.89489,0.89574,0.89435,0.8957,1539,17,0
2023-09-14 19:30:00,0.8957,0.89597,0.89518,0.89591,1193,17,0
2023-09-14 20:00:00,0.89592,0.89647,0.89561,0.89626,1096,17,0
2023-09-14 20:30:00,0.89626,0.89697,0.89623,0.89652,1316,17,0
2023-09-14 21:00:00,0.89653,0.89667,0.89617,0.89637,1348,18,0
2023-09-14 21:30:00,0.89637,0.89646,0.89593,0.89618,982,18,0
2023-09-14 22:00:00,0.89619,0.89624,0.89595,0.8961,1512,18,0
2023-09-14 22:30:00,0.89606,0.89618,0.89574,0.89576,1610,17,0
2023-09-14 23:00:00,0.89576,0.89584,0.89532,0.89535,884,19,0
2023-09-14 23:30:00,0.89537,0.8956,0.89528,0.89547,347,22,0
2023-09-15 00:00:00,0.89499,0.89543,0.8949,0.89512,28,33,0
2023-09-15 00:30:00,0.89494,0.8954,0.89488,0.89518,180,50,0
2023-09-15 01:00:00,0.89521,0.89579,0.89512,0.89553,1456,22,0
2023-09-15 01:30:00,0.89558,0.89573,0.89541,0.89566,385,22,0
2023-09-15 02:00:00,0.89566,0.89596,0.89566,0.89591,462,18,0
2023-09-15 02:30:00,0.89591,0.89621,0.89583,0.89612,1016,18,0
2023-09-15 03:00:00,0.89614,0.89626,0.89546,0.8959,1008,18,0
2023-09-15 03:30:00,0.89591,0.89603,0.8954,0.89541,1195,18,0
2023-09-15 04:00:00,0.89542,0.89599,0.89526,0.89596,1029,17,0
2023-09-15 04:30:00,0.89597,0.89602,0.89544,0.89548,792,17,0
2023-09-15 05:00:00,0.89548,0.89572,0.89492,0.89539,968,17,0
2023-09-15 05:30:00,0.89537,0.89562,0.89527,0.89542,510,20,0
2023-09-15 06:00:00,0.89538,0.89582,0.89537,0.89542,496,18,0
2023-09-15 06:30:00,0.89541,0.89566,0.89535,0.8955,392,19,0
2023-09-15 07:00:00,0.8955,0.89569,0.89535,0.89556,425,20,0
2023-09-15 07:30:00,0.89556,0.89561,0.89495,0.89513,560,17,0
2023-09-15 08:00:00,0.89513,0.89538,0.89503,0.89524,798,19,0
2023-09-15 08:30:00,0.89525,0.89558,0.89487,0.89488,883,20,0
2023-09-15 09:00:00,0.89482,0.89521,0.89454,0.89519,1405,17,0
2023-09-15 09:30:00,0.8952,0.89548,0.89481,0.89528,1452,17,0
2023-09-15 10:00:00,0.89528,0.89583,0.89476,0.89581,1714,17,0
2023-09-15 10:30:00,0.89581,0.89629,0.89457,0.89462,1415,17,0
2023-09-15 11:00:00,0.89462,0.89521,0.89448,0.89492,1434,17,0
2023-09-15 11:30:00,0.89492,0.89551,0.89478,0.89541,1187,17,0
2023-09-15 12:00:00,0.89541,0.89551,0.89507,0.89516,714,17,0
2023-09-15 12:30:00,0.89517,0.89544,0.895,0.89539,631,17,0
2023-09-15 13:00:00,0.89537,0.89564,0.89522,0.89564,710,17,0
2023-09-15 13:30:00,0.89562,0.89624,0.8954,0.89608,827,17,0
2023-09-15 14:00:00,0.89609,0.89633,0.89598,0.89618,955,18,0
2023-09-15 14:30:00,0.89621,0.89659,0.89602,0.89651,844,17,0
2023-09-15 15:00:00,0.89648,0.89679,0.89628,0.89653,1389,17,0
2023-09-15 15:30:00,0.89656,0.89726,0.89646,0.89685,2177,17,0
2023-09-15 16:00:00,0.89684,0.89689,0.89612,0.89647,2154,17,0
2023-09-15 16:30:00,0.89647,0.89703,0.89591,0.89598,2077,17,0
2023-09-15 17:00:00,0.89582,0.89651,0.89516,0.89641,3840,17,0
2023-09-15 17:30:00,0.89643,0.89701,0.89621,0.89691,2310,17,0
2023-09-15 18:00:00,0.89691,0.89765,0.89567,0.89573,1995,17,0
2023-09-15 18:30:00,0.89573,0.89644,0.89567,0.89595,1573,17,0
2023-09-15 19:00:00,0.89594,0.89626,0.89552,0.89624,1201,17,0
2023-09-15 19:30:00,0.89623,0.89641,0.89596,0.89632,1048,17,0
2023-09-15 20:00:00,0.89635,0.89663,0.89616,0.89659,833,19,0
2023-09-15 20:30:00,0.89658,0.89663,0.89615,0.89616,701,19,0
2023-09-15 21:00:00,0.89616,0.89703,0.89615,0.897,604,17,0
2023-09-15 21:30:00,0.89699,0.89719,0.8968,0.89715,719,19,0
2023-09-15 22:00:00,0.89716,0.89735,0.89699,0.89719,608,17,0
2023-09-15 22:30:00,0.8972,0.89735,0.89709,0.89735,510,17,0
2023-09-15 23:00:00,0.89735,0.89763,0.89724,0.89726,847,20,0
2023-09-15 23:30:00,0.89725,0.89756,0.89708,0.89739,493,24,0
2023-09-18 00:00:00,0.89475,0.89509,0.89475,0.89509,6,282,0
2023-09-18 00:30:00,0.89508,0.8965,0.89508,0.8965,14,108,0
2023-09-18 01:00:00,0.89654,0.89743,0.89654,0.89716,310,22,0
2023-09-18 01:30:00,0.89717,0.89742,0.89712,0.89739,226,29,0
2023-09-18 02:00:00,0.89734,0.8975,0.89715,0.89719,128,18,0
2023-09-18 02:30:00,0.8972,0.89727,0.89676,0.89684,177,20,0
2023-09-18 03:00:00,0.89684,0.89688,0.89659,0.89661,449,19,0
2023-09-18 03:30:00,0.89662,0.89682,0.89653,0.89658,453,20,0
2023-09-18 04:00:00,0.89659,0.89695,0.89622,0.89692,592,17,0
2023-09-18 04:30:00,0.89693,0.89761,0.89692,0.89753,503,17,0
2023-09-18 05:00:00,0.89752,0.89761,0.89703,0.89705,507,19,0
2023-09-18 05:30:00,0.89705,0.8972,0.89683,0.89697,413,20,0
2023-09-18 06:00:00,0.89698,0.89717,0.89687,0.89702,208,18,0
2023-09-18 06:30:00,0.89701,0.89728,0.89699,0.8972,127,20,0
2023-09-18 07:00:00,0.89724,0.89731,0.89683,0.89696,160,20,0
2023-09-18 07:30:00,0.89695,0.8971,0.89686,0.89692,304,20,0
2023-09-18 08:00:00,0.89692,0.89697,0.89668,0.8969,288,20,0
2023-09-18 08:30:00,0.89691,0.89691,0.89635,0.89646,575,18,0
2023-09-18 09:00:00,0.89646,0.89656,0.89571,0.89631,1340,17,0
2023-09-18 09:30:00,0.89631,0.89688,0.89629,0.89688,688,17,0
2023-09-18 10:00:00,0.89688,0.89691,0.89574,0.89584,1723,17,0
2023-09-18 10:30:00,0.89583,0.89633,0.89571,0.89598,1255,17,0
2023-09-18 11:00:00,0.89598,0.89659,0.89546,0.89646,1116,18,0
2023-09-18 11:30:00,0.89645,0.89701,0.89606,0.89618,867,17,0
2023-09-18 12:00:00,0.89618,0.89651,0.89587,0.89596,1077,18,0
2023-09-18 12:30:00,0.89595,0.896,0.89542,0.89548,521,18,0
2023-09-18 13:00:00,0.8955,0.8958,0.89531,0.89552,607,17,0
2023-09-18 13:30:00,0.89552,0.89608,0.89547,0.89605,713,17,0
2023-09-18 14:00:00,0.89605,0.89631,0.8958,0.89597,883,18,0
2023-09-18 14:30:00,0.89597,0.89674,0.89587,0.89671,814,17,0
2023-09-18 15:00:00,0.89669,0.89703,0.89647,0.89657,1348,19,0
2023-09-18 15:30:00,0.89656,0.89781,0.89647,0.89769,1568,17,0
2023-09-18 16:00:00,0.89769,0.89786,0.89681,0.89724,1538,17,0
2023-09-18 16:30:00,0.89723,0.89798,0.89722,0.89781,1531,17,0
2023-09-18 17:00:00,0.89779,0.89787,0.89708,0.89737,1848,18,0
2023-09-18 17:30:00,0.89737,0.89815,0.89691,0.89776,1661,17,0
2023-09-18 18:00:00,0.89775,0.89794,0.89702,0.89707,1244,17,0
2023-09-18 18:30:00,0.89707,0.89719,0.89607,0.89641,1220,17,0
2023-09-18 19:00:00,0.8964,0.89706,0.89619,0.89706,943,17,0
2023-09-18 19:30:00,0.89705,0.89718,0.89675,0.89675,792,18,0
2023-09-18 20:00:00,0.89676,0.89676,0.89627,0.89654,622,18,0
2023-09-18 20:30:00,0.89655,0.8972,0.89644,0.89719,746,18,0
2023-09-18 21:00:00,0.89718,0.89768,0.89711,0.89764,584,17,0
2023-09-18 21:30:00,0.89762,0.89794,0.89754,0.89791,769,19,0
2023-09-18 22:00:00,0.89792,0.89792,0.89758,0.89761,708,17,0
2023-09-18 22:30:00,0.89759,0.89774,0.89741,0.89743,837,18,0
2023-09-18 23:00:00,0.89745,0.89749,0.89693,0.89708,259,19,0
2023-09-18 23:30:00,0.89708,0.89709,0.89683,0.89688,391,22,0
2023-09-19 00:00:00,0.89684,0.89684,0.8965,0.89655,43,56,0
2023-09-19 00:30:00,0.89654,0.89708,0.89654,0.89687,220,26,0
2023-09-19 01:00:00,0.89687,0.89709,0.89662,0.89696,535,26,0
2023-09-19 01:30:00,0.89697,0.89722,0.89697,0.89716,1929,27,0
2023-09-19 02:00:00,0.89717,0.89722,0.89707,0.89721,661,19,0
2023-09-19 02:30:00,0.8972,0.89725,0.89705,0.89724,326,19,0
2023-09-19 03:00:00,0.89723,0.89723,0.89674,0.89685,468,17,0
2023-09-19 03:30:00,0.89687,0.89714,0.89669,0.89695,523,18,0
2023-09-19 04:00:00,0.89693,0.89742,0.89684,0.89734,728,18,0
2023-09-19 04:30:00,0.89734,0.89768,0.89727,0.89747,684,17,0
2023-09-19 05:00:00,0.89746,0.89764,0.89728,0.89751,295,19,0
2023-09-19 05:30:00,0.89749,0.89767,0.89732,0.89743,259,19,0
2023-09-19 06:00:00,0.89745,0.89768,0.89735,0.89762,328,17,0
2023-09-19 06:30:00,0.89762,0.89777,0.89738,0.89751,270,20,0
2023-09-19 07:00:00,0.8975,0.89752,0.89714,0.89728,139,20,0
2023-09-19 07:30:00,0.89727,0.89746,0.8971,0.89724,429,18,0
2023-09-19 08:00:00,0.89725,0.89739,0.89706,0.89718,556,19,0
2023-09-19 08:30:00,0.89717,0.89767,0.89697,0.89752,589,18,0
2023-09-19 09:00:00,0.89757,0.89823,0.89757,0.89814,632,18,0
2023-09-19 09:30:00,0.89815,0.89819,0.89761,0.89808,653,18,0
2023-09-19 10:00:00,0.89809,0.89814,0.89731,0.89732,1707,17,0
2023-09-19 10:30:00,0.89732,0.89739,0.89471,0.89475,1621,17,0
2023-09-19 11:00:00,0.89474,0.89596,0.89473,0.89571,1370,17,0
2023-09-19 11:30:00,0.89571,0.89622,0.89552,0.89621,1046,18,0
2023-09-19 12:00:00,0.89623,0.89676,0.89623,0.89647,1021,17,0
2023-09-19 12:30:00,0.89648,0.8969,0.89642,0.89644,572,18,0
2023-09-19 13:00:00,0.89643,0.89702,0.89628,0.89646,857,17,0
2023-09-19 13:30:00,0.89645,0.89648,0.89577,0.89629,1181,17,0
2023-09-19 14:00:00,0.8963,0.89651,0.89606,0.89608,900,17,0
2023-09-19 14:30:00,0.89609,0.89623,0.89579,0.89581,1171,17,0
2023-09-19 15:00:00,0.89581,0.89582,0.89499,0.89503,1182,17,0
2023-09-19 15:30:00,0.89497,0.89679,0.89497,0.89634,2072,17,0
2023-09-19 16:00:00,0.8964,0.89743,0.89623,0.89693,2130,17,0
2023-09-19 16:30:00,0.89694,0.89705,0.89642,0.89695,2382,17,0
2023-09-19 17:00:00,0.89696,0.89772,0.89693,0.89754,1911,18,0
2023-09-19 17:30:00,0.89755,0.8979,0.89717,0.89761,1910,15,0
2023-09-19 18:00:00,0.89762,0.89824,0.89733,0.89795,1484,17,0
2023-09-19 18:30:00,0.89795,0.89823,0.89765,0.89782,1188,16,0
2023-09-19 19:00:00,0.89781,0.89816,0.89765,0.89813,590,15,0
2023-09-19 19:30:00,0.89815,0.89831,0.898,0.898,539,17,0
2023-09-19 20:00:00,0.89802,0.89802,0.89753,0.89753,676,16,0
2023-09-19 20:30:00,0.89753,0.89775,0.89737,0.89774,502,17,0
2023-09-19 21:00:00,0.89774,0.89819,0.8977,0.89807,762,16,0
2023-09-19 21:30:00,0.89808,0.89824,0.89794,0.89812,698,18,0
2023-09-19 22:00:00,0.89814,0.89816,0.89787,0.89793,566,16,0
2023-09-19 22:30:00,0.89794,0.89794,0.89752,0.89768,584,16,0
2023-09-19 23:00:00,0.89767,0.89775,0.89756,0.8977,386,19,0
2023-09-19 23:30:00,0.89769,0.89772,0.89754,0.89755,415,22,0
2023-09-20 00:00:00,0.89759,0.8976,0.89724,0.89724,16,37,0
2023-09-20 00:30:00,0.89731,0.89766,0.897,0.89715,186,32,0
2023-09-20 01:00:00,0.8971,0.89759,0.8971,0.89724,225,26,0
2023-09-20 01:30:00,0.89723,0.89731,0.89703,0.89725,476,25,0
2023-09-20 02:00:00,0.89724,0.89734,0.897,0.8973,1155,16,0
2023-09-20 02:30:00,0.8973,0.89735,0.89725,0.89728,149,18,0
2023-09-20 03:00:00,0.89727,0.89774,0.89726,0.89748,437,16,0
2023-09-20 03:30:00,0.89748,0.8976,0.8973,0.89749,642,16,0
2023-09-20 04:00:00,0.8975,0.89791,0.89735,0.89759,616,15,0
2023-09-20 04:30:00,0.89758,0.89778,0.89753,0.89756,328,17,0
2023-09-20 05:00:00,0.8976,0.89774,0.89739,0.8977,185,17,0
2023-09-20 05:30:00,0.89771,0.89799,0.89766,0.8978,309,16,0
2023-09-20 06:00:00,0.89781,0.89804,0.89762,0.89771,384,16,0
2023-09-20 06:30:00,0.89772,0.89808,0.89772,0.89796,278,15,0
2023-09-20 07:00:00,0.89794,0.89813,0.89792,0.89813,161,17,0
2023-09-20 07:30:00,0.89814,0.89814,0.89795,0.89803,87,18,0
2023-09-20 08:00:00,0.89802,0.89806,0.89782,0.89788,443,17,0
2023-09-20 08:30:00,0.89789,0.89797,0.8976,0.89778,806,16,0
2023-09-20 09:00:00,0.89782,0.8982,0.89691,0.89712,1541,15,0
2023-09-20 09:30:00,0.89712,0.89784,0.89638,0.89756,959,15,0
2023-09-20 10:00:00,0.89755,0.89833,0.89695,0.89811,1774,15,0
2023-09-20 10:30:00,0.8981,0.89817,0.89698,0.89747,1788,15,0
2023-09-20 11:00:00,0.89747,0.89749,0.89687,0.89726,1327,15,0
2023-09-20 11:30:00,0.89727,0.89748,0.89702,0.89719,1003,16,0
2023-09-20 12:00:00,0.8972,0.89767,0.89692,0.89741,900,15,0
2023-09-20 12:30:00,0.8974,0.89741,0.89671,0.89677,1065,16,0
2023-09-20 13:00:00,0.89677,0.89699,0.89643,0.89666,1011,15,0
2023-09-20 13:30:00,0.89665,0.89671,0.89602,0.8967,731,15,0
2023-09-20 14:00:00,0.8967,0.8975,0.89667,0.89729,881,15,0
2023-09-20 14:30:00,0.89729,0.89735,0.89695,0.89719,986,16,0
2023-09-20 15:00:00,0.89718,0.89721,0.89628,0.89647,1113,15,0
2023-09-20 15:30:00,0.89647,0.89703,0.8963,0.89666,1527,15,0
2023-09-20 16:00:00,0.89667,0.89676,0.89566,0.89621,1594,15,0
2023-09-20 16:30:00,0.89618,0.89623,0.89558,0.89568,1849,15,0
2023-09-20 17:00:00,0.89572,0.89576,0.89408,0.89459,2368,15,0
2023-09-20 17:30:00,0.89458,0.89485,0.89423,0.8945,1861,15,0
2023-09-20 18:00:00,0.8945,0.89486,0.89383,0.89426,1555,15,0
2023-09-20 18:30:00,0.89425,0.89529,0.8941,0.89524,1356,15,0
2023-09-20 19:00:00,0.89527,0.89534,0.89371,0.89372,1321,15,0
2023-09-20 19:30:00,0.8937,0.89392,0.89314,0.89349,784,15,0
2023-09-20 20:00:00,0.8935,0.89404,0.89341,0.89391,782,16,0
2023-09-20 20:30:00,0.8939,0.89452,0.89389,0.89426,863,16,0
2023-09-20 21:00:00,0.89423,0.89806,0.89416,0.89635,6113,15,0
2023-09-20 21:30:00,0.89637,0.89733,0.89475,0.8967,6340,15,0
2023-09-20 22:00:00,0.8967,0.89851,0.8967,0.89783,3339,15,0
2023-09-20 22:30:00,0.89783,0.89907,0.89781,0.89902,1704,15,0
2023-09-20 23:00:00,0.89902,0.89947,0.89844,0.89853,899,18,0
2023-09-20 23:30:00,0.89852,0.89865,0.89843,0.89848,656,22,0
2023-09-21 00:00:00,0.89849,0.89849,0.8979,0.89838,38,32,0
2023-09-21 00:30:00,0.89838,0.89845,0.89803,0.89809,1451,49,0
2023-09-21 01:00:00,0.89803,0.89912,0.89801,0.89908,1239,27,0
2023-09-21 01:30:00,0.89908,0.89932,0.89891,0.89911,4224,23,0
2023-09-21 02:00:00,0.89912,0.89946,0.89912,0.8994,2668,16,0
2023-09-21 02:30:00,0.89941,0.89947,0.8992,0.89934,677,17,0
2023-09-21 03:00:00,0.89934,0.89994,0.89923,0.89988,1038,16,0
2023-09-21 03:30:00,0.89988,0.90044,0.89985,0.90034,855,15,0
2023-09-21 04:00:00,0.90033,0.90048,0.90016,0.90026,778,16,0
2023-09-21 04:30:00,0.90027,0.90045,0.89968,0.8997,651,15,0
2023-09-21 05:00:00,0.89971,0.90009,0.89953,0.89991,721,16,0
2023-09-21 05:30:00,0.89989,0.90078,0.89989,0.90039,672,17,0
2023-09-21 06:00:00,0.9004,0.90049,0.89986,0.9,371,17,0
2023-09-21 06:30:00,0.89999,0.9,0.89975,0.89988,287,17,0
2023-09-21 07:00:00,0.89988,0.90011,0.89984,0.89987,280,19,0
2023-09-21 07:30:00,0.89986,0.90013,0.89977,0.89985,628,15,0
2023-09-21 08:00:00,0.89985,0.89999,0.89958,0.89983,481,17,0
2023-09-21 08:30:00,0.89984,0.89996,0.89932,0.89969,764,15,0
2023-09-21 09:00:00,0.89975,0.90019,0.8995,0.90015,947,15,0
2023-09-21 09:30:00,0.90015,0.90015,0.89882,0.89902,1158,16,0
2023-09-21 10:00:00,0.89902,0.89988,0.89846,0.89858,1779,15,0
2023-09-21 10:30:00,0.89866,0.90687,0.89866,0.90517,4600,15,0
2023-09-21 11:00:00,0.90517,0.90569,0.9042,0.90481,2237,15,0
2023-09-21 11:30:00,0.90481,0.90732,0.90478,0.90706,1840,15,0
2023-09-21 12:00:00,0.90707,0.90776,0.90632,0.90637,1815,15,0
2023-09-21 12:30:00,0.90636,0.90662,0.90435,0.90649,2618,15,0
2023-09-21 13:00:00,0.90649,0.90682,0.90416,0.90416,2164,15,0
2023-09-21 13:30:00,0.90415,0.90616,0.90411,0.90569,1937,15,0
2023-09-21 14:00:00,0.90573,0.9063,0.90487,0.90585,3197,15,0
2023-09-21 14:30:00,0.90587,0.90611,0.90459,0.9051,2091,15,0
2023-09-21 15:00:00,0.90509,0.90603,0.90504,0.90578,2291,15,0
2023-09-21 15:30:00,0.90601,0.90646,0.9041,0.90417,3774,15,0
2023-09-21 16:00:00,0.90417,0.90567,0.90357,0.90501,3314,15,0
2023-09-21 16:30:00,0.905,0.9061,0.90431,0.90604,3876,15,0
2023-09-21 17:00:00,0.90602,0.90608,0.90273,0.90283,3669,15,0
2023-09-21 17:30:00,0.90283,0.90381,0.90221,0.90274,2639,15,0
2023-09-21 18:00:00,0.90274,0.90338,0.90197,0.9031,1639,15,0
2023-09-21 18:30:00,0.9031,0.90364,0.90274,0.90323,1714,15,0
2023-09-21 19:00:00,0.90322,0.904,0.90295,0.90373,1077,17,0
2023-09-21 19:30:00,0.90375,0.90414,0.90328,0.90412,825,17,0
2023-09-21 20:00:00,0.90411,0.90425,0.90351,0.90368,888,15,0
2023-09-21 20:30:00,0.90365,0.90366,0.90291,0.90321,850,15,0
2023-09-21 21:00:00,0.90321,0.90354,0.90298,0.90308,976,15,0
2023-09-21 21:30:00,0.9031,0.90386,0.90309,0.9038,1094,17,0
2023-09-21 22:00:00,0.90379,0.90403,0.90339,0.90357,788,18,0
2023-09-21 22:30:00,0.90357,0.90422,0.90345,0.90419,702,16,0
2023-09-21 23:00:00,0.90419,0.90457,0.90413,0.90455,362,17,0
2023-09-21 23:30:00,0.90452,0.90462,0.90433,0.90437,245,22,0
2023-09-22 00:00:00,0.90431,0.90431,0.90368,0.90386,40,34,0
2023-09-22 00:30:00,0.90387,0.90421,0.90366,0.90403,172,54,0
2023-09-22 01:00:00,0.90392,0.90448,0.90391,0.90427,654,27,0
2023-09-22 01:30:00,0.90426,0.9045,0.90426,0.90448,193,26,0
2023-09-22 02:00:00,0.90447,0.90485,0.90447,0.90476,295,17,0
2023-09-22 02:30:00,0.90479,0.90481,0.90455,0.90467,319,17,0
2023-09-22 03:00:00,0.90467,0.90515,0.90438,0.90506,322,15,0
2023-09-22 03:30:00,0.90506,0.9052,0.90446,0.90474,416,17,0
2023-09-22 04:00:00,0.90475,0.90521,0.90446,0.9045,806,17,0
2023-09-22 04:30:00,0.9045,0.90519,0.9045,0.90484,824,16,0
2023-09-22 05:00:00,0.90482,0.90489,0.90433,0.90447,528,17,0
2023-09-22 05:30:00,0.90447,0.90478,0.90422,0.90455,833,15,0
2023-09-22 06:00:00,0.90456,0.90496,0.90448,0.90482,753,15,0
2023-09-22 06:30:00,0.90481,0.90505,0.90456,0.90483,516,16,0
2023-09-22 07:00:00,0.90484,0.90487,0.90438,0.90466,511,15,0
2023-09-22 07:30:00,0.90467,0.90472,0.90436,0.9045,383,17,0
2023-09-22 08:00:00,0.90451,0.90478,0.90421,0.90464,544,17,0
2023-09-22 08:30:00,0.90463,0.90496,0.90425,0.90471,765,16,0
2023-09-22 09:00:00,0.90476,0.90544,0.90448,0.90466,1211,17,0
2023-09-22 09:30:00,0.90467,0.90538,0.90432,0.90525,1882,15,0
2023-09-22 10:00:00,0.90526,0.9069,0.90442,0.90621,3996,15,0
2023-09-22 10:30:00,0.90622,0.90623,0.90489,0.90553,2719,15,0
2023-09-22 11:00:00,0.90552,0.90588,0.90514,0.90574,1439,16,0
2023-09-22 11:30:00,0.90573,0.90615,0.90529,0.90609,1529,15,0
2023-09-22 12:00:00,0.9061,0.90678,0.90567,0.90642,1266,17,0
2023-09-22 12:30:00,0.90641,0.90652,0.90582,0.90618,1309,16,0
2023-09-22 13:00:00,0.90618,0.90643,0.90566,0.9062,1121,15,0
2023-09-22 13:30:00,0.90621,0.90688,0.90616,0.90685,956,15,0
2023-09-22 14:00:00,0.90684,0.90694,0.90644,0.90662,1006,15,0
2023-09-22 14:30:00,0.9066,0.90668,0.90604,0.90643,1084,15,0
2023-09-22 15:00:00,0.90642,0.90644,0.90457,0.9046,1796,16,0
2023-09-22 15:30:00,0.90461,0.90572,0.90448,0.90526,2140,16,0
2023-09-22 16:00:00,0.90529,0.90576,0.90479,0.90564,1612,15,0
2023-09-22 16:30:00,0.90565,0.90621,0.90453,0.90496,3122,15,0
2023-09-22 17:00:00,0.90498,0.90529,0.90439,0.90448,2041,15,0
2023-09-22 17:30:00,0.90449,0.90587,0.9044,0.90562,2214,15,0
2023-09-22 18:00:00,0.90562,0.90646,0.90558,0.9064,1597,15,0
2023-09-22 18:30:00,0.90641,0.90649,0.906,0.90637,1735,16,0
2023-09-22 19:00:00,0.90635,0.90648,0.90616,0.90622,725,17,0
2023-09-22 19:30:00,0.90623,0.90642,0.90572,0.90634,1266,15,0
2023-09-22 20:00:00,0.90634,0.90664,0.90613,0.90631,1557,16,0
2023-09-22 20:30:00,0.90631,0.90675,0.90631,0.90671,1041,16,0
2023-09-22 21:00:00,0.90672,0.90717,0.90666,0.90697,871,17,0
2023-09-22 21:30:00,0.90697,0.90743,0.90652,0.90689,1027,15,0
2023-09-22 22:00:00,0.90689,0.90722,0.90646,0.90691,786,16,0
2023-09-22 22:30:00,0.90691,0.90734,0.90689,0.90709,436,16,0
2023-09-22 23:00:00,0.90709,0.9074,0.90688,0.90726,704,18,0
2023-09-22 23:30:00,0.90728,0.90728,0.90623,0.90653,539,22,0
2023-09-25 00:00:00,0.90467,0.9057,0.90467,0.9057,8,197,0
2023-09-25 00:30:00,0.90598,0.90662,0.90598,0.90662,89,93,0
2023-09-25 01:00:00,0.90663,0.90686,0.90612,0.9063,1314,25,0
2023-09-25 01:30:00,0.90629,0.90675,0.90629,0.90671,2086,24,0
2023-09-25 02:00:00,0.9067,0.90704,0.90663,0.90685,1143,15,0
2023-09-25 02:30:00,0.90685,0.90713,0.90653,0.90709,429,15,0
2023-09-25 03:00:00,0.90708,0.90736,0.90699,0.90719,554,17,0
2023-09-25 03:30:00,0.90719,0.90752,0.90696,0.90697,676,17,0
2023-09-25 04:00:00,0.90696,0.90744,0.90693,0.90725,286,17,0
2023-09-25 04:30:00,0.90726,0.90766,0.90701,0.90726,542,17,0
2023-09-25 05:00:00,0.90728,0.90787,0.90728,0.9077,398,17,0
2023-09-25 05:30:00,0.9077,0.90773,0.90728,0.90741,518,17,0
2023-09-25 06:00:00,0.9074,0.90748,0.90713,0.90715,604,16,0
2023-09-25 06:30:00,0.90716,0.90761,0.90712,0.90756,504,16,0
2023-09-25 07:00:00,0.90756,0.90798,0.90755,0.90792,365,18,0
2023-09-25 07:30:00,0.90791,0.90812,0.90783,0.90794,233,17,0
2023-09-25 08:00:00,0.90792,0.90805,0.90778,0.90802,238,17,0
2023-09-25 08:30:00,0.90803,0.90833,0.908,0.90814,550,16,0
2023-09-25 09:00:00,0.90808,0.90834,0.90783,0.9081,1092,15,0
2023-09-25 09:30:00,0.9081,0.90829,0.9073,0.9082,1098,16,0
2023-09-25 10:00:00,0.90821,0.90992,0.90788,0.90984,2098,16,0
2023-09-25 10:30:00,0.90984,0.91012,0.90913,0.90989,1483,15,0
2023-09-25 11:00:00,0.90989,0.91044,0.90952,0.91032,1724,15,0
2023-09-25 11:30:00,0.91033,0.91037,0.90943,0.90973,1942,16,0
2023-09-25 12:00:00,0.90973,0.91011,0.90948,0.90985,1472,15,0
2023-09-25 12:30:00,0.90982,0.91043,0.90938,0.9098,1391,15,0
2023-09-25 13:00:00,0.90981,0.91014,0.90855,0.90856,1374,16,0
2023-09-25 13:30:00,0.90855,0.90957,0.90854,0.90945,1060,17,0
2023-09-25 14:00:00,0.90945,0.90978,0.90906,0.90977,1316,15,0
2023-09-25 14:30:00,0.90976,0.91025,0.90972,0.91004,1310,16,0
2023-09-25 15:00:00,0.91005,0.91069,0.90983,0.91052,1543,15,0
2023-09-25 15:30:00,0.91052,0.91115,0.91016,0.91029,1779,15,0
2023-09-25 16:00:00,0.91029,0.91159,0.91015,0.91135,1834,15,0
2023-09-25 16:30:00,0.91134,0.91228,0.91124,0.91176,2612,15,0
2023-09-25 17:00:00,0.91175,0.91342,0.91137,0.91313,2447,15,0
2023-09-25 17:30:00,0.91312,0.91347,0.91249,0.91314,2582,15,0
2023-09-25 18:00:00,0.91315,0.91332,0.91225,0.9124,1938,15,0
2023-09-25 18:30:00,0.91238,0.91244,0.91168,0.91197,1690,15,0
2023-09-25 19:00:00,0.91198,0.91205,0.91156,0.91187,978,17,0
2023-09-25 19:30:00,0.91188,0.91214,0.91173,0.91194,714,16,0
2023-09-25 20:00:00,0.91194,0.91202,0.91118,0.91132,851,16,0
2023-09-25 20:30:00,0.91133,0.91186,0.91133,0.91157,940,15,0
2023-09-25 21:00:00,0.91156,0.91158,0.91112,0.91154,1331,17,0
2023-09-25 21:30:00,0.91156,0.91239,0.91156,0.91237,998,17,0
2023-09-25 22:00:00,0.91237,0.91244,0.91209,0.91219,1027,16,0
2023-09-25 22:30:00,0.9122,0.91224,0.91185,0.9119,1115,16,0
2023-09-25 23:00:00,0.9119,0.912,0.91172,0.91189,419,18,0
2023-09-25 23:30:00,0.91189,0.91194,0.91176,0.91182,845,25,0
2023-09-26 00:00:00,0.91181,0.91188,0.91115,0.91187,52,31,0
2023-09-26 00:30:00,0.91186,0.91195,0.91154,0.91183,366,41,0
2023-09-26 01:00:00,0.91183,0.9121,0.91171,0.91181,441,24,0
2023-09-26 01:30:00,0.91182,0.9119,0.9117,0.91185,616,22,0
2023-09-26 02:00:00,0.91185,0.91199,0.91184,0.91199,59,19,0
2023-09-26 02:30:00,0.91198,0.91209,0.91179,0.91206,136,17,0
2023-09-26 03:00:00,0.91205,0.91271,0.9118,0.91267,349,17,0
2023-09-26 03:30:00,0.91269,0.91296,0.91236,0.91265,570,15,0
2023-09-26 04:00:00,0.91266,0.91281,0.91237,0.91244,697,16,0
2023-09-26 04:30:00,0.91243,0.9126,0.91234,0.91234,575,15,0
2023-09-26 05:00:00,0.91235,0.91264,0.9122,0.91247,812,16,0
2023-09-26 05:30:00,0.91247,0.91347,0.91247,0.91344,531,15,0
2023-09-26 06:00:00,0.91346,0.91351,0.91309,0.91318,517,16,0
2023-09-26 06:30:00,0.91318,0.91323,0.91279,0.91284,701,16,0
2023-09-26 07:00:00,0.91284,0.91284,0.91251,0.91251,432,16,0
2023-09-26 07:30:00,0.91252,0.91259,0.91199,0.91215,714,17,0
2023-09-26 08:00:00,0.91213,0.91316,0.91206,0.91291,524,17,0
2023-09-26 08:30:00,0.91292,0.91314,0.91272,0.9131,1845,17,0
2023-09-26 09:00:00,0.91311,0.91397,0.91286,0.91369,1573,16,0
2023-09-26 09:30:00,0.91372,0.91432,0.91339,0.91426,1434,15,0
2023-09-26 10:00:00,0.91426,0.91498,0.91354,0.91376,2356,15,0
2023-09-26 10:30:00,0.91376,0.91423,0.91293,0.91314,2107,15,0
2023-09-26 11:00:00,0.91313,0.91333,0.91236,0.91256,2467,15,0
2023-09-26 11:30:00,0.91255,0.91291,0.91208,0.91236,1396,15,0
2023-09-26 12:00:00,0.91236,0.91262,0.91214,0.9123,1546,15,0
2023-09-26 12:30:00,0.9123,0.91232,0.91179,0.91219,1611,15,0
2023-09-26 13:00:00,0.91221,0.91274,0.91208,0.91239,1412,16,0
2023-09-26 13:30:00,0.91238,0.91288,0.91235,0.9127,1016,15,0
2023-09-26 14:00:00,0.91269,0.91312,0.91203,0.9122,1571,16,0
2023-09-26 14:30:00,0.91221,0.91268,0.91199,0.91265,1360,16,0
2023-09-26 15:00:00,0.91267,0.91278,0.91184,0.91216,2247,16,0
2023-09-26 15:30:00,0.91217,0.91269,0.91199,0.91214,2011,15,0
2023-09-26 16:00:00,0.9121,0.91324,0.9121,0.91273,2213,15,0
2023-09-26 16:30:00,0.91272,0.91362,0.91269,0.91288,2343,15,0
2023-09-26 17:00:00,0.91285,0.91393,0.91218,0.91347,3519,15,0
2023-09-26 17:30:00,0.91348,0.91417,0.91295,0.91357,2451,15,0
2023-09-26 18:00:00,0.91357,0.9143,0.9135,0.91418,1883,15,0
2023-09-26 18:30:00,0.91424,0.91466,0.91354,0.91432,1896,15,0
2023-09-26 19:00:00,0.9143,0.91453,0.91393,0.91422,1231,15,0
2023-09-26 19:30:00,0.91421,0.91459,0.9141,0.91452,1376,17,0
2023-09-26 20:00:00,0.91454,0.91459,0.91393,0.91413,1886,15,0
2023-09-26 20:30:00,0.91412,0.9148,0.91411,0.91456,1524,17,0
2023-09-26 21:00:00,0.91456,0.91523,0.9145,0.91518,573,15,0
2023-09-26 21:30:00,0.91519,0.91542,0.91496,0.9151,1241,16,0
2023-09-26 22:00:00,0.9151,0.91534,0.91474,0.91529,1105,15,0
2023-09-26 22:30:00,0.91531,0.91544,0.91508,0.91543,911,15,0
2023-09-26 23:00:00,0.91544,0.91546,0.91522,0.91537,774,17,0
2023-09-26 23:30:00,0.91536,0.91576,0.91536,0.91557,510,22,0
2023-09-27 00:00:00,0.91546,0.91546,0.91346,0.9147,44,58,0
2023-09-27 00:30:00,0.91467,0.91543,0.91403,0.91529,1056,65,0
2023-09-27 01:00:00,0.91532,0.91586,0.91532,0.91567,442,24,0
2023-09-27 01:30:00,0.91566,0.91568,0.91543,0.91551,255,24,0
2023-09-27 02:00:00,0.9155,0.91579,0.91546,0.91573,505,15,0
2023-09-27 02:30:00,0.91577,0.91581,0.91552,0.91574,324,17,0
2023-09-27 03:00:00,0.91573,0.91595,0.91552,0.91587,242,16,0
2023-09-27 03:30:00,0.91588,0.91662,0.91585,0.91625,409,17,0
2023-09-27 04:00:00,0.91626,0.91656,0.91576,0.91592,759,15,0
2023-09-27 04:30:00,0.9159,0.91612,0.91557,0.91591,571,18,0
2023-09-27 05:00:00,0.91588,0.91682,0.91578,0.91676,486,15,0
2023-09-27 05:30:00,0.91677,0.91691,0.91643,0.91661,352,16,0
2023-09-27 06:00:00,0.91661,0.91686,0.91645,0.9165,252,17,0
2023-09-27 06:30:00,0.9165,0.91692,0.91641,0.91679,354,16,0
2023-09-27 07:00:00,0.91679,0.91737,0.91679,0.91735,310,17,0
2023-09-27 07:30:00,0.91729,0.91738,0.917,0.91705,321,18,0
2023-09-27 08:00:00,0.91704,0.91753,0.917,0.91726,332,17,0
2023-09-27 08:30:00,0.91724,0.91734,0.91685,0.91728,927,16,0
2023-09-27 09:00:00,0.91728,0.91758,0.91691,0.91742,1399,15,0
2023-09-27 09:30:00,0.91741,0.91757,0.91641,0.91662,1594,15,0
2023-09-27 10:00:00,0.91661,0.91667,0.91532,0.91542,1430,15,0
2023-09-27 10:30:00,0.91542,0.91632,0.9154,0.91622,1403,15,0
2023-09-27 11:00:00,0.91622,0.91639,0.91599,0.91615,1398,15,0
2023-09-27 11:30:00,0.91616,0.91673,0.91611,0.91655,1144,15,0
2023-09-27 12:00:00,0.91656,0.91702,0.91651,0.91672,1340,16,0
2023-09-27 12:30:00,0.91672,0.91715,0.91591,0.9165,1401,15,0
2023-09-27 13:00:00,0.91651,0.91687,0.91624,0.91676,1383,15,0
2023-09-27 13:30:00,0.91677,0.91761,0.91675,0.91759,1384,15,0
2023-09-27 14:00:00,0.9176,0.9191,0.9176,0.91894,1675,15,0
2023-09-27 14:30:00,0.91893,0.91927,0.91807,0.91864,1740,15,0
2023-09-27 15:00:00,0.91864,0.9189,0.91795,0.91809,1615,15,0
2023-09-27 15:30:00,0.91807,0.91866,0.91753,0.91773,3758,15,0
2023-09-27 16:00:00,0.91777,0.91807,0.91692,0.91802,2210,15,0
2023-09-27 16:30:00,0.91801,0.91897,0.91776,0.91824,2724,15,0
2023-09-27 17:00:00,0.91824,0.91926,0.91805,0.91861,3317,15,0
2023-09-27 17:30:00,0.91859,0.91989,0.91845,0.91986,3179,16,0
2023-09-27 18:00:00,0.91989,0.91989,0.91844,0.91863,2428,15,0
2023-09-27 18:30:00,0.91864,0.91991,0.91842,0.91987,1924,15,0
2023-09-27 19:00:00,0.91984,0.92015,0.91975,0.91999,1490,15,0
2023-09-27 19:30:00,0.92,0.92061,0.91993,0.92043,1669,15,0
2023-09-27 20:00:00,0.92042,0.92195,0.91992,0.92174,2607,16,0
2023-09-27 20:30:00,0.92175,0.92244,0.92137,0.92157,1911,15,0
2023-09-27 21:00:00,0.92156,0.92244,0.92147,0.92205,1708,15,0
2023-09-27 21:30:00,0.92204,0.92205,0.92048,0.92087,2518,15,0
2023-09-27 22:00:00,0.92086,0.92092,0.91967,0.92,2520,16,0
2023-09-27 22:30:00,0.91999,0.92098,0.91996,0.92082,2205,15,0
2023-09-27 23:00:00,0.92081,0.92138,0.92078,0.9213,1262,19,0
2023-09-27 23:30:00,0.9213,0.92134,0.92089,0.92117,1065,22,0
2023-09-28 00:00:00,0.92106,0.92106,0.92036,0.92066,21,50,0
2023-09-28 00:30:00,0.91994,0.92056,0.91977,0.92024,597,66,0
2023-09-28 01:00:00,0.92026,0.92075,0.92026,0.92054,377,26,0
2023-09-28 01:30:00,0.92054,0.92073,0.9205,0.92066,119,22,0
2023-09-28 02:00:00,0.9207,0.92084,0.9206,0.92084,286,18,0
2023-09-28 02:30:00,0.92082,0.92086,0.9206,0.92073,230,15,0
2023-09-28 03:00:00,0.92073,0.92075,0.92042,0.92049,362,16,0
2023-09-28 03:30:00,0.9205,0.92053,0.92035,0.92043,259,17,0
2023-09-28 04:00:00,0.92042,0.92058,0.92036,0.92052,593,15,0
2023-09-28 04:30:00,0.92053,0.92084,0.92031,0.9205,644,15,0
2023-09-28 05:00:00,0.92051,0.92097,0.92042,0.92096,260,17,0
2023-09-28 05:30:00,0.92095,0.92149,0.92093,0.92138,754,18,0
2023-09-28 06:00:00,0.9214,0.92158,0.92109,0.92117,538,18,0
2023-09-28 06:30:00,0.92116,0.92116,0.92076,0.92088,846,16,0
2023-09-28 07:00:00,0.92093,0.92142,0.92089,0.92116,660,15,0
2023-09-28 07:30:00,0.92116,0.92116,0.92052,0.9207,549,16,0
2023-09-28 08:00:00,0.92069,0.92075,0.92022,0.9205,861,16,0
2023-09-28 08:30:00,0.92048,0.92132,0.92034,0.92054,1527,15,0
2023-09-28 09:00:00,0.92055,0.92085,0.92023,0.92057,2039,15,0
2023-09-28 09:30:00,0.92056,0.92155,0.92044,0.92096,1831,15,0
2023-09-28 10:00:00,0.92097,0.9214,0.91922,0.91997,2662,15,0
2023-09-28 10:30:00,0.91997,0.92068,0.91997,0.92028,1550,15,0
2023-09-28 11:00:00,0.92032,0.92077,0.91918,0.91946,1745,16,0
2023-09-28 11:30:00,0.91946,0.91972,0.91838,0.91847,1199,15,0
2023-09-28 12:00:00,0.91847,0.91876,0.91753,0.91763,1709,15,0
2023-09-28 12:30:00,0.91763,0.91816,0.91684,0.91701,2264,15,0
2023-09-28 13:00:00,0.91699,0.91768,0.91677,0.91765,1362,16,0
2023-09-28 13:30:00,0.91765,0.91811,0.91745,0.91804,1433,15,0
2023-09-28 14:00:00,0.91804,0.91879,0.91787,0.91852,1520,15,0
2023-09-28 14:30:00,0.91855,0.91857,0.91807,0.91829,1712,17,0
2023-09-28 15:00:00,0.9183,0.91855,0.91778,0.91847,1748,15,0
2023-09-28 15:30:00,0.91848,0.91974,0.91633,0.9195,5281,15,0
2023-09-28 16:00:00,0.91951,0.91953,0.91728,0.91735,4432,15,0
2023-09-28 16:30:00,0.91733,0.91772,0.91653,0.91654,3677,15,0
2023-09-28 17:00:00,0.91652,0.91688,0.91601,0.9161,3122,15,0
2023-09-28 17:30:00,0.91613,0.91685,0.91578,0.9165,3266,15,0
2023-09-28 18:00:00,0.9165,0.91699,0.91602,0.91618,2692,15,0
2023-09-28 18:30:00,0.91619,0.91635,0.91465,0.915,2808,15,0
2023-09-28 19:00:00,0.91501,0.91587,0.91483,0.91524,1815,15,0
2023-09-28 19:30:00,0.91525,0.91652,0.91508,0.91626,1600,15,0
2023-09-28 20:00:00,0.91627,0.91643,0.91577,0.91641,2158,16,0
2023-09-28 20:30:00,0.91642,0.91706,0.91636,0.91698,944,15,0
2023-09-28 21:00:00,0.91697,0.91702,0.91577,0.91585,760,17,0
2023-09-28 21:30:00,0.91583,0.91623,0.91556,0.91605,972,16,0
2023-09-28 22:00:00,0.91604,0.91618,0.9155,0.91559,1231,15,0
2023-09-28 22:30:00,0.91563,0.91597,0.91509,0.91509,1091,15,0
2023-09-28 23:00:00,0.91508,0.91541,0.91501,0.9151,300,16,0
2023-09-28 23:30:00,0.9151,0.91515,0.91469,0.9149,281,15,0
2023-09-29 00:00:00,0.9149,0.9149,0.91465,0.9149,9,26,0
2023-09-29 00:30:00,0.9149,0.9149,0.91478,0.91487,101,16,0
2023-09-29 01:00:00,0.91486,0.915,0.91466,0.91487,891,17,0
2023-09-29 01:30:00,0.91486,0.91489,0.9147,0.91487,121,19,0
2023-09-29 02:00:00,0.91488,0.91497,0.91476,0.91492,159,17,0
2023-09-29 02:30:00,0.91491,0.91496,0.91475,0.91475,130,17,0
2023-09-29 03:00:00,0.91476,0.91498,0.91463,0.91481,287,17,0
2023-09-29 03:30:00,0.91479,0.91547,0.91469,0.91497,642,15,0
2023-09-29 04:00:00,0.91497,0.91526,0.91433,0.91447,674,16,0
2023-09-29 04:30:00,0.91446,0.91452,0.91413,0.9144,1287,16,0
2023-09-29 05:00:00,0.9144,0.9144,0.9137,0.91382,906,16,0
2023-09-29 05:30:00,0.91383,0.91408,0.91371,0.91397,499,15,0
2023-09-29 06:00:00,0.91398,0.91412,0.91387,0.91392,456,15,0
2023-09-29 06:30:00,0.91396,0.91398,0.91349,0.91379,283,15,0
2023-09-29 07:00:00,0.91379,0.91386,0.91346,0.9135,265,15,0
2023-09-29 07:30:00,0.9135,0.91353,0.91312,0.91339,331,16,0
2023-09-29 08:00:00,0.91338,0.91349,0.91315,0.91345,450,18,0
2023-09-29 08:30:00,0.91344,0.91363,0.91296,0.91345,735,16,0
2023-09-29 09:00:00,0.91342,0.91345,0.91231,0.91288,1750,15,0
2023-09-29 09:30:00,0.91287,0.91298,0.91082,0.91096,2424,15,0
2023-09-29 10:00:00,0.91097,0.91138,0.91001,0.91035,2421,15,0
2023-09-29 10:30:00,0.91037,0.91038,0.90901,0.90953,2421,15,0
2023-09-29 11:00:00,0.90953,0.9106,0.90953,0.91029,2030,15,0
2023-09-29 11:30:00,0.91028,0.91033,0.90933,0.90972,2106,15,0
2023-09-29 12:00:00,0.90973,0.91037,0.9094,0.9103,2031,15,0
2023-09-29 12:30:00,0.9103,0.91113,0.91021,0.9109,2124,15,0
2023-09-29 13:00:00,0.91091,0.91136,0.91036,0.91126,1680,15,0
2023-09-29 13:30:00,0.91125,0.91132,0.91076,0.91123,1116,15,0
2023-09-29 14:00:00,0.91121,0.91288,0.91107,0.91247,1996,15,0
2023-09-29 14:30:00,0.91247,0.91313,0.91222,0.9127,2244,15,0
2023-09-29 15:00:00,0.9127,0.91282,0.91169,0.9117,1659,15,0
2023-09-29 15:30:00,0.91172,0.91287,0.91081,0.9113,3698,15,0
2023-09-29 16:00:00,0.91131,0.91237,0.91046,0.91237,2787,15,0
2023-09-29 16:30:00,0.91237,0.9145,0.91224,0.91348,2768,15,0
2023-09-29 17:00:00,0.91348,0.91558,0.91348,0.91525,3025,15,0
2023-09-29 17:30:00,0.91524,0.91524,0.91349,0.91463,3905,15,0
2023-09-29 18:00:00,0.91462,0.91628,0.91394,0.91439,3523,15,0
2023-09-29 18:30:00,0.9144,0.91478,0.91336,0.91402,2436,15,0
2023-09-29 19:00:00,0.91403,0.91458,0.91375,0.91378,1995,15,0
2023-09-29 19:30:00,0.91377,0.91452,0.91359,0.9144,1569,15,0
2023-09-29 20:00:00,0.9144,0.9155,0.9144,0.9152,1478,15,0
2023-09-29 20:30:00,0.9152,0.91582,0.91511,0.91582,847,16,0
2023-09-29 21:00:00,0.91582,0.91606,0.91546,0.91581,1333,15,0
2023-09-29 21:30:00,0.91581,0.91597,0.91491,0.9153,1758,15,0
2023-09-29 22:00:00,0.91528,0.91583,0.91522,0.91568,1188,17,0
2023-09-29 22:30:00,0.91568,0.91573,0.91522,0.91528,1046,15,0
2023-09-29 23:00:00,0.9153,0.91541,0.91499,0.915,824,18,0
2023-09-29 23:30:00,0.91499,0.91511,0.91363,0.91363,542,24,0
2023-10-02 00:00:00,0.91364,0.91413,0.91364,0.91408,4,200,0
2023-10-02 00:30:00,0.91412,0.91476,0.91412,0.91445,50,128,0
2023-10-02 01:00:00,0.91446,0.91562,0.91446,0.91535,515,32,0
2023-10-02 01:30:00,0.91531,0.91588,0.91522,0.91579,525,26,0
2023-10-02 02:00:00,0.91579,0.91595,0.91562,0.91562,191,16,0
2023-10-02 02:30:00,0.91563,0.91585,0.91533,0.91541,375,15,0
2023-10-02 03:00:00,0.9154,0.91568,0.91519,0.91534,720,15,0
2023-10-02 03:30:00,0.91533,0.91603,0.91519,0.91596,582,15,0
2023-10-02 04:00:00,0.91596,0.91614,0.91563,0.91609,467,15,0
2023-10-02 04:30:00,0.91609,0.91626,0.91567,0.91579,483,15,0
2023-10-02 05:00:00,0.91578,0.91604,0.91553,0.91578,324,15,0
2023-10-02 05:30:00,0.91578,0.9158,0.91546,0.91573,337,15,0
2023-10-02 06:00:00,0.91574,0.91581,0.91552,0.91561,303,15,0
2023-10-02 06:30:00,0.91561,0.91564,0.91509,0.91552,448,15,0
2023-10-02 07:00:00,0.91553,0.91558,0.91532,0.91547,271,17,0
2023-10-02 07:30:00,0.91549,0.91573,0.91541,0.91572,219,16,0
2023-10-02 08:00:00,0.91572,0.91626,0.91572,0.91621,375,15,0
2023-10-02 08:30:00,0.91624,0.91657,0.9157,0.91604,764,15,0
2023-10-02 09:00:00,0.916,0.91605,0.91475,0.91477,901,15,0
2023-10-02 09:30:00,0.91478,0.91483,0.91272,0.9128,1292,15,0
2023-10-02 10:00:00,0.91279,0.9131,0.91137,0.91161,1781,15,0
2023-10-02 10:30:00,0.91161,0.91186,0.91106,0.91175,1369,15,0
2023-10-02 11:00:00,0.91175,0.91231,0.91144,0.91155,1500,15,0
2023-10-02 11:30:00,0.91155,0.91217,0.91094,0.91145,1153,15,0
2023-10-02 12:00:00,0.91144,0.91215,0.91135,0.91209,1452,15,0
2023-10-02 12:30:00,0.91212,0.91296,0.91154,0.91269,1730,15,0
2023-10-02 13:00:00,0.91268,0.91349,0.91251,0.91345,1540,15,0
2023-10-02 13:30:00,0.91346,0.91391,0.91332,0.91382,1252,15,0
2023-10-02 14:00:00,0.91382,0.91418,0.9137,0.91388,1324,15,0
2023-10-02 14:30:00,0.91388,0.91458,0.91359,0.91456,1913,16,0
2023-10-02 15:00:00,0.91455,0.91523,0.91433,0.91484,2112,15,0
2023-10-02 15:30:00,0.91485,0.91612,0.91481,0.91579,2395,15,0
2023-10-02 16:00:00,0.91581,0.9172,0.91574,0.91641,2135,15,0
2023-10-02 16:30:00,0.91654,0.91725,0.91613,0.91721,2420,15,0
2023-10-02 17:00:00,0.91727,0.91825,0.91584,0.91766,4379,15,0
2023-10-02 17:30:00,0.91766,0.91937,0.91756,0.91896,3259,15,0
2023-10-02 18:00:00,0.91895,0.91895,0.91723,0.91723,2347,15,0
2023-10-02 18:30:00,0.91727,0.91789,0.91687,0.9176,2029,15,0
2023-10-02 19:00:00,0.9176,0.91844,0.91759,0.91804,1729,16,0
2023-10-02 19:30:00,0.91803,0.91862,0.91794,0.91844,1664,15,0
2023-10-02 20:00:00,0.91844,0.91844,0.91729,0.91738,1889,15,0
2023-10-02 20:30:00,0.91738,0.91766,0.91724,0.91741,1016,15,0
2023-10-02 21:00:00,0.91741,0.91749,0.91652,0.91709,1424,15,0
2023-10-02 21:30:00,0.91713,0.91734,0.91678,0.91694,1264,15,0
2023-10-02 22:00:00,0.91694,0.91714,0.91668,0.91704,1314,15,0
2023-10-02 22:30:00,0.91704,0.91748,0.91683,0.91748,701,15,0
2023-10-02 23:00:00,0.91747,0.91806,0.91745,0.91804,524,15,0
2023-10-02 23:30:00,0.91806,0.9182,0.91799,0.91812,240,23,0
2023-10-03 00:00:00,0.91808,0.91808,0.91733,0.91759,74,43,0
2023-10-03 00:30:00,0.91759,0.91799,0.91716,0.91768,1425,46,0
2023-10-03 01:00:00,0.91766,0.91795,0.91725,0.91749,763,24,0
2023-10-03 01:30:00,0.9175,0.91796,0.91748,0.91796,395,25,0
2023-10-03 02:00:00,0.91795,0.9184,0.91795,0.91825,341,15,0
2023-10-03 02:30:00,0.91826,0.91826,0.91761,0.9179,467,17,0
2023-10-03 03:00:00,0.91791,0.9191,0.9179,0.91891,1305,15,0
2023-10-03 03:30:00,0.91891,0.91893,0.91831,0.91839,862,18,0
2023-10-03 04:00:00,0.91844,0.91897,0.91826,0.91853,626,18,0
2023-10-03 04:30:00,0.91854,0.91863,0.91822,0.9185,632,16,0
2023-10-03 05:00:00,0.91851,0.91918,0.91851,0.919,827,16,0
2023-10-03 05:30:00,0.919,0.91918,0.91872,0.9189,596,15,0
2023-10-03 06:00:00,0.91891,0.91897,0.91872,0.91891,568,16,0
2023-10-03 06:30:00,0.91891,0.91908,0.91848,0.91859,488,17,0
2023-10-03 07:00:00,0.91857,0.91918,0.91845,0.91911,609,15,0
2023-10-03 07:30:00,0.91911,0.91939,0.91888,0.91929,896,15,0
2023-10-03 08:00:00,0.9193,0.91958,0.91917,0.91946,762,16,0
2023-10-03 08:30:00,0.91947,0.91972,0.91917,0.91943,1050,17,0
2023-10-03 09:00:00,0.91942,0.91977,0.91869,0.91874,1580,16,0
2023-10-03 09:30:00,0.91877,0.92154,0.91876,0.91945,2021,15,0
2023-10-03 10:00:00,0.91945,0.92007,0.91885,0.92006,2516,15,0
2023-10-03 10:30:00,0.92007,0.92181,0.92002,0.92122,2429,15,0
2023-10-03 11:00:00,0.92122,0.92139,0.91941,0.91956,1904,15,0
2023-10-03 11:30:00,0.91955,0.92062,0.91927,0.91972,2129,15,0
2023-10-03 12:00:00,0.91974,0.92117,0.91973,0.9208,1698,15,0
2023-10-03 12:30:00,0.92081,0.92172,0.92054,0.92126,2098,15,0
2023-10-03 13:00:00,0.92128,0.92264,0.92107,0.92238,2172,15,0
2023-10-03 13:30:00,0.92238,0.92288,0.92201,0.92275,1542,15,0
2023-10-03 14:00:00,0.92276,0.92369,0.92271,0.92317,1782,15,0
2023-10-03 14:30:00,0.92317,0.92318,0.92206,0.92228,2050,15,0
2023-10-03 15:00:00,0.92226,0.92281,0.92168,0.92203,2273,15,0
2023-10-03 15:30:00,0.92205,0.92296,0.92204,0.92224,2533,15,0
2023-10-03 16:00:00,0.92222,0.9224,0.9213,0.92192,2374,15,0
2023-10-03 16:30:00,0.92193,0.92247,0.92067,0.92137,3627,15,0
2023-10-03 17:00:00,0.92139,0.92434,0.92,0.92216,8528,15,0
2023-10-03 17:30:00,0.92219,0.92228,0.92021,0.92101,5235,15,0
2023-10-03 18:00:00,0.92097,0.92239,0.92085,0.92231,3811,15,0
2023-10-03 18:30:00,0.92231,0.9233,0.92184,0.92258,3351,15,0
2023-10-03 19:00:00,0.92256,0.92262,0.92102,0.92105,2989,15,0
2023-10-03 19:30:00,0.92106,0.92176,0.92095,0.92144,2141,15,0
2023-10-03 20:00:00,0.92144,0.92144,0.92023,0.92035,2297,16,0
2023-10-03 20:30:00,0.92034,0.92135,0.92034,0.92095,1414,15,0
2023-10-03 21:00:00,0.92095,0.92162,0.92078,0.92138,2245,15,0
2023-10-03 21:30:00,0.92137,0.92141,0.92017,0.92086,2168,16,0
2023-10-03 22:00:00,0.92085,0.92124,0.92071,0.92092,1093,16,0
2023-10-03 22:30:00,0.92096,0.92106,0.92072,0.92077,559,15,0
2023-10-03 23:00:00,0.92077,0.92094,0.92037,0.92093,810,18,0
2023-10-03 23:30:00,0.92093,0.92099,0.92033,0.92033,513,22,0
2023-10-04 00:00:00,0.9201,0.92059,0.92003,0.92033,18,111,0
2023-10-04 00:30:00,0.9205,0.92109,0.91995,0.92061,627,58,0
2023-10-04 01:00:00,0.92012,0.921,0.92012,0.92032,626,28,0
2023-10-04 01:30:00,0.92031,0.92109,0.92031,0.92081,336,24,0
2023-10-04 02:00:00,0.92081,0.92131,0.92062,0.92094,475,16,0
2023-10-04 02:30:00,0.92093,0.92102,0.92075,0.92101,409,17,0
2023-10-04 03:00:00,0.92102,0.92144,0.92092,0.92123,467,18,0
2023-10-04 03:30:00,0.92123,0.92131,0.92082,0.9209,453,17,0
2023-10-04 04:00:00,0.9209,0.92165,0.92084,0.92138,813,16,0
2023-10-04 04:30:00,0.92139,0.92208,0.92136,0.92155,1078,17,0
2023-10-04 05:00:00,0.92154,0.92167,0.92124,0.92144,788,16,0
2023-10-04 05:30:00,0.92145,0.9221,0.92145,0.92173,759,16,0
2023-10-04 06:00:00,0.92173,0.92184,0.92138,0.92183,913,15,0
2023-10-04 06:30:00,0.92182,0.92248,0.92178,0.92229,735,16,0
2023-10-04 07:00:00,0.92229,0.92238,0.922,0.92219,509,17,0
2023-10-04 07:30:00,0.92218,0.92218,0.92127,0.92131,898,15,0
2023-10-04 08:00:00,0.92129,0.92179,0.92126,0.92154,1001,16,0
2023-10-04 08:30:00,0.92151,0.9219,0.92134,0.92185,899,16,0
2023-10-04 09:00:00,0.92186,0.92291,0.92151,0.92291,1482,15,0
2023-10-04 09:30:00,0.92291,0.92315,0.92192,0.92199,1741,15,0
2023-10-04 10:00:00,0.92197,0.92236,0.92007,0.92031,3020,15,0
2023-10-04 10:30:00,0.92031,0.92043,0.91918,0.91962,2646,15,0
2023-10-04 11:00:00,0.91962,0.92054,0.91946,0.92033,2562,16,0
2023-10-04 11:30:00,0.92025,0.92038,0.91812,0.91856,2228,15,0
2023-10-04 12:00:00,0.91854,0.91878,0.91738,0.91862,2517,15,0
2023-10-04 12:30:00,0.9186,0.91921,0.91818,0.91847,1595,15,0
2023-10-04 13:00:00,0.91847,0.9185,0.91711,0.91774,1584,15,0
2023-10-04 13:30:00,0.91777,0.91932,0.91771,0.91897,1461,15,0
2023-10-04 14:00:00,0.91896,0.91898,0.91714,0.91727,2183,15,0
2023-10-04 14:30:00,0.91729,0.91795,0.91697,0.91773,2202,15,0
2023-10-04 15:00:00,0.91772,0.91792,0.9148,0.91655,4831,15,0
2023-10-04 15:30:00,0.91656,0.91668,0.91431,0.915,3529,15,0
2023-10-04 16:00:00,0.91499,0.9156,0.91457,0.91521,2735,15,0
2023-10-04 16:30:00,0.9152,0.91669,0.91484,0.91668,3629,15,0
2023-10-04 17:00:00,0.91669,0.91878,0.91586,0.91863,5145,15,0
2023-10-04 17:30:00,0.91862,0.91917,0.91745,0.91914,3581,15,0
2023-10-04 18:00:00,0.91915,0.91943,0.91663,0.91691,2555,15,0
2023-10-04 18:30:00,0.91689,0.91712,0.9158,0.91602,2102,15,0
2023-10-04 19:00:00,0.91602,0.91635,0.91554,0.91585,2115,15,0
2023-10-04 19:30:00,0.91584,0.91613,0.91533,0.91599,1852,16,0
2023-10-04 20:00:00,0.91599,0.91688,0.91581,0.9168,1266,15,0
2023-10-04 20:30:00,0.91679,0.91712,0.91637,0.91687,1872,15,0
2023-10-04 21:00:00,0.91686,0.91737,0.91674,0.91702,1619,15,0
2023-10-04 21:30:00,0.91701,0.91737,0.91667,0.91693,2055,15,0
2023-10-04 22:00:00,0.91693,0.91704,0.91598,0.91612,1348,15,0
2023-10-04 22:30:00,0.9161,0.91621,0.91543,0.91588,1717,15,0
2023-10-04 23:00:00,0.91586,0.91668,0.91574,0.91665,840,18,0
2023-10-04 23:30:00,0.91665,0.91722,0.9166,0.91708,870,22,0
2023-10-05 00:00:00,0.91668,0.91668,0.91668,0.91668,4,73,0
2023-10-05 00:30:00,0.91638,0.91675,0.91633,0.91633,32,51,0
2023-10-05 01:00:00,0.91633,0.91685,0.91633,0.91675,435,24,0
2023-10-05 01:30:00,0.91675,0.91718,0.91672,0.91701,781,26,0
2023-10-05 02:00:00,0.917,0.9171,0.91662,0.91664,272,16,0
2023-10-05 02:30:00,0.91662,0.91693,0.9165,0.91668,167,17,0
2023-10-05 03:00:00,0.9167,0.91703,0.91664,0.91673,510,16,0
2023-10-05 03:30:00,0.91673,0.91673,0.91473,0.91489,869,15,0
2023-10-05 04:00:00,0.91489,0.91489,0.91397,0.91442,1445,16,0
2023-10-05 04:30:00,0.91444,0.91481,0.91348,0.91368,1240,16,0
2023-10-05 05:00:00,0.91367,0.91416,0.91349,0.91407,626,15,0
2023-10-05 05:30:00,0.91407,0.91425,0.91383,0.91396,591,17,0
2023-10-05 06:00:00,0.91395,0.91403,0.91346,0.91379,365,17,0
2023-10-05 06:30:00,0.91378,0.91383,0.91337,0.91375,661,17,0
2023-10-05 07:00:00,0.91376,0.91394,0.91351,0.91388,761,18,0
2023-10-05 07:30:00,0.91389,0.91412,0.91386,0.91407,711,15,0
2023-10-05 08:00:00,0.91407,0.91414,0.91365,0.91378,450,16,0
2023-10-05 08:30:00,0.91377,0.91469,0.91377,0.91463,935,15,0
2023-10-05 09:00:00,0.91462,0.91546,0.91425,0.91533,1849,15,0
2023-10-05 09:30:00,0.91534,0.91657,0.91527,0.9165,1490,15,0
2023-10-05 10:00:00,0.91657,0.91764,0.91607,0.91732,2614,15,0
2023-10-05 10:30:00,0.91732,0.91755,0.91669,0.91739,2940,15,0
2023-10-05 11:00:00,0.9174,0.91749,0.9166,0.91676,2764,15,0
2023-10-05 11:30:00,0.91678,0.91804,0.91658,0.91775,2413,15,0
2023-10-05 12:00:00,0.91777,0.91815,0.91677,0.91692,2432,15,0
2023-10-05 12:30:00,0.91691,0.9174,0.91682,0.9171,1961,16,0
2023-10-05 13:00:00,0.91712,0.9172,0.91643,0.91649,1525,16,0
2023-10-05 13:30:00,0.91647,0.9165,0.91534,0.91561,1894,16,0
2023-10-05 14:00:00,0.9156,0.91594,0.91496,0.91532,1125,16,0
2023-10-05 14:30:00,0.91532,0.91535,0.91422,0.91433,1324,15,0
2023-10-05 15:00:00,0.91431,0.91566,0.91392,0.91511,2120,15,0
2023-10-05 15:30:00,0.91504,0.9169,0.91494,0.91585,4129,15,0
2023-10-05 16:00:00,0.91586,0.91692,0.91497,0.91502,2877,15,0
2023-10-05 16:30:00,0.91501,0.91522,0.91343,0.91365,2910,15,0
2023-10-05 17:00:00,0.91365,0.91463,0.91359,0.91401,2914,15,0
2023-10-05 17:30:00,0.91401,0.91505,0.91392,0.91398,3482,15,0
2023-10-05 18:00:00,0.91399,0.91475,0.91392,0.91437,2758,15,0
2023-10-05 18:30:00,0.91437,0.91439,0.91305,0.91411,3456,15,0
2023-10-05 19:00:00,0.91412,0.91434,0.9132,0.91323,2938,15,0
2023-10-05 19:30:00,0.91323,0.91404,0.91303,0.91358,2061,16,0
2023-10-05 20:00:00,0.91359,0.91404,0.91334,0.91378,1863,15,0
2023-10-05 20:30:00,0.91377,0.91419,0.91338,0.91338,2528,15,0
2023-10-05 21:00:00,0.91338,0.91339,0.91269,0.91276,2508,17,0
2023-10-05 21:30:00,0.91277,0.91316,0.91249,0.91284,2235,16,0
2023-10-05 22:00:00,0.91284,0.91315,0.91266,0.91299,1598,16,0
2023-10-05 22:30:00,0.913,0.9131,0.91216,0.91218,1127,15,0
2023-10-05 23:00:00,0.91219,0.91256,0.912,0.91228,538,19,0
2023-10-05 23:30:00,0.91229,0.91239,0.91207,0.91217,517,22,0
2023-10-06 00:00:00,0.91217,0.91217,0.91186,0.91199,97,42,0
2023-10-06 00:30:00,0.9121,0.91224,0.912,0.91207,134,55,0
2023-10-06 01:00:00,0.91205,0.91242,0.91205,0.91234,479,22,0
2023-10-06 01:30:00,0.91238,0.91246,0.91231,0.91243,264,26,0
2023-10-06 02:00:00,0.91243,0.91265,0.91243,0.91259,128,21,0
2023-10-06 02:30:00,0.91258,0.91268,0.91252,0.91265,144,20,0
2023-10-06 03:00:00,0.91264,0.91318,0.91241,0.91312,607,17,0
2023-10-06 03:30:00,0.91314,0.91323,0.91268,0.91315,596,17,0
2023-10-06 04:00:00,0.91314,0.9134,0.91309,0.91311,554,17,0
2023-10-06 04:30:00,0.91309,0.91322,0.91276,0.91297,885,17,0
2023-10-06 05:00:00,0.91298,0.91306,0.91283,0.91306,445,19,0
2023-10-06 05:30:00,0.91308,0.91317,0.91269,0.91294,320,18,0
2023-10-06 06:00:00,0.91294,0.91309,0.91265,0.91301,930,15,0
2023-10-06 06:30:00,0.913,0.91348,0.913,0.91317,619,15,0
2023-10-06 07:00:00,0.91316,0.91351,0.91307,0.91307,576,17,0
2023-10-06 07:30:00,0.91306,0.9135,0.91295,0.9134,373,18,0
2023-10-06 08:00:00,0.91339,0.9135,0.91322,0.91343,1097,17,0
2023-10-06 08:30:00,0.91342,0.91412,0.9134,0.91401,909,15,0
2023-10-06 09:00:00,0.91402,0.91437,0.91333,0.9143,1476,15,0
2023-10-06 09:30:00,0.9143,0.9145,0.91397,0.9141,1450,15,0
2023-10-06 10:00:00,0.91409,0.91414,0.91287,0.91317,2714,15,0
2023-10-06 10:30:00,0.91316,0.91317,0.91202,0.91217,2526,15,0
2023-10-06 11:00:00,0.91218,0.9128,0.91199,0.91256,1984,15,0
2023-10-06 11:30:00,0.91256,0.91326,0.91217,0.91286,2433,15,0
2023-10-06 12:00:00,0.91287,0.91316,0.91227,0.91313,1933,15,0
2023-10-06 12:30:00,0.91312,0.91325,0.91227,0.91269,2189,15,0
2023-10-06 13:00:00,0.91271,0.91272,0.91147,0.91193,1745,15,0
2023-10-06 13:30:00,0.91195,0.91236,0.91164,0.91223,1416,15,0
2023-10-06 14:00:00,0.91224,0.91235,0.91141,0.91172,1424,16,0
2023-10-06 14:30:00,0.91174,0.91194,0.91086,0.91114,2029,17,0
2023-10-06 15:00:00,0.91117,0.91234,0.91105,0.91134,2513,16,0
2023-10-06 15:30:00,0.91147,0.91751,0.91133,0.91667,8022,15,0
2023-10-06 16:00:00,0.91667,0.91724,0.91364,0.91505,4985,15,0
2023-10-06 16:30:00,0.91503,0.91629,0.91469,0.91552,4964,15,0
2023-10-06 17:00:00,0.91551,0.91606,0.91357,0.91371,4915,15,0
2023-10-06 17:30:00,0.91372,0.9143,0.91205,0.91373,4925,15,0
2023-10-06 18:00:00,0.91374,0.91375,0.90892,0.90951,3694,15,0
2023-10-06 18:30:00,0.90945,0.90955,0.90723,0.90822,3859,15,0
2023-10-06 19:00:00,0.90824,0.9101,0.90805,0.90997,2933,15,0
2023-10-06 19:30:00,0.90999,0.9103,0.90912,0.91006,2292,15,0
2023-10-06 20:00:00,0.91006,0.91036,0.90935,0.90947,2015,15,0
2023-10-06 20:30:00,0.90947,0.91021,0.90939,0.91007,1679,16,0
2023-10-06 21:00:00,0.91007,0.91017,0.90899,0.90901,910,15,0
2023-10-06 21:30:00,0.90901,0.90941,0.90863,0.90918,597,17,0
2023-10-06 22:00:00,0.90918,0.90957,0.90903,0.9092,671,17,0
2023-10-06 22:30:00,0.90919,0.90963,0.90908,0.90944,1213,15,0
2023-10-06 23:00:00,0.90942,0.90995,0.90938,0.9097,665,19,0
2023-10-06 23:30:00,0.90973,0.90999,0.90944,0.90972,614,22,0
2023-10-09 00:00:00,0.90888,0.90981,0.90876,0.90951,53,54,0
2023-10-09 00:30:00,0.90952,0.90971,0.90892,0.90928,130,50,0
2023-10-09 01:00:00,0.90938,0.91011,0.90843,0.90957,1774,26,0
2023-10-09 01:30:00,0.90961,0.90978,0.90898,0.90907,1153,22,0
2023-10-09 02:00:00,0.90907,0.90936,0.90863,0.90886,638,18,0
2023-10-09 02:30:00,0.90884,0.90921,0.90863,0.90889,588,19,0
2023-10-09 03:00:00,0.90889,0.90954,0.90853,0.90876,1074,15,0
2023-10-09 03:30:00,0.90876,0.90915,0.90787,0.90794,871,15,0
2023-10-09 04:00:00,0.90793,0.90922,0.9079,0.90872,867,15,0
2023-10-09 04:30:00,0.90869,0.90962,0.90869,0.90935,727,15,0
2023-10-09 05:00:00,0.90934,0.90974,0.9089,0.90893,625,18,0
2023-10-09 05:30:00,0.90892,0.90937,0.9089,0.90927,478,17,0
2023-10-09 06:00:00,0.90928,0.91015,0.90928,0.91005,405,15,0
2023-10-09 06:30:00,0.91006,0.91026,0.90991,0.91002,259,15,0
2023-10-09 07:00:00,0.91001,0.91023,0.90978,0.91001,374,17,0
2023-10-09 07:30:00,0.91,0.9106,0.91,0.91032,688,18,0
2023-10-09 08:00:00,0.91032,0.91056,0.90992,0.91025,734,16,0
2023-10-09 08:30:00,0.91025,0.91025,0.90955,0.90955,753,16,0
2023-10-09 09:00:00,0.90957,0.91054,0.90899,0.91047,2219,15,0
2023-10-09 09:30:00,0.91052,0.91159,0.91043,0.91136,2234,15,0
2023-10-09 10:00:00,0.91135,0.91195,0.91095,0.91128,2889,15,0
2023-10-09 10:30:00,0.91128,0.91228,0.91102,0.91174,2351,15,0
2023-10-09 11:00:00,0.91175,0.91199,0.91071,0.91124,2411,15,0
2023-10-09 11:30:00,0.91124,0.91161,0.91046,0.91049,2030,15,0
2023-10-09 12:00:00,0.91048,0.9107,0.91021,0.91034,1810,15,0
2023-10-09 12:30:00,0.91035,0.91074,0.91006,0.9105,1642,15,0
2023-10-09 13:00:00,0.91051,0.91061,0.90987,0.91045,1704,15,0
2023-10-09 13:30:00,0.9104,0.91053,0.90993,0.91006,1401,15,0
2023-10-09 14:00:00,0.91005,0.91005,0.90858,0.90858,1477,15,0
2023-10-09 14:30:00,0.90858,0.90994,0.90819,0.90971,1643,15,0
2023-10-09 15:00:00,0.90972,0.91021,0.90944,0.90969,2205,15,0
2023-10-09 15:30:00,0.90973,0.91032,0.90827,0.90856,2431,15,0
2023-10-09 16:00:00,0.90856,0.90859,0.90673,0.90684,2554,15,0
2023-10-09 16:30:00,0.90684,0.90801,0.90675,0.9071,3346,15,0
2023-10-09 17:00:00,0.90709,0.90714,0.90625,0.90679,2848,15,0
2023-10-09 17:30:00,0.90679,0.90751,0.90622,0.90728,2617,15,0
2023-10-09 18:00:00,0.90729,0.90801,0.90647,0.90762,1974,15,0
2023-10-09 18:30:00,0.90758,0.90805,0.90715,0.90795,1031,15,0
2023-10-09 19:00:00,0.90795,0.9084,0.90765,0.90811,1382,15,0
2023-10-09 19:30:00,0.90811,0.90828,0.90778,0.908,995,15,0
2023-10-09 20:00:00,0.90801,0.90803,0.90741,0.90757,949,15,0
2023-10-09 20:30:00,0.90756,0.90756,0.90555,0.90572,1671,15,0
2023-10-09 21:00:00,0.90572,0.90581,0.90531,0.90532,823,16,0
2023-10-09 21:30:00,0.90532,0.90594,0.90531,0.9055,845,15,0
2023-10-09 22:00:00,0.90549,0.90549,0.90487,0.905,659,15,0
2023-10-09 22:30:00,0.90499,0.906,0.90493,0.90592,772,15,0
2023-10-09 23:00:00,0.90592,0.90651,0.90543,0.90643,774,18,0
2023-10-09 23:30:00,0.90643,0.90664,0.90615,0.90642,753,22,0
2023-10-10 00:00:00,0.90557,0.90598,0.90529,0.90598,12,84,0
2023-10-10 00:30:00,0.90598,0.90655,0.90523,0.90612,524,25,0
2023-10-10 01:00:00,0.90612,0.9063,0.90551,0.90561,461,24,0
2023-10-10 01:30:00,0.90563,0.90581,0.90553,0.90577,236,30,0
2023-10-10 02:00:00,0.90578,0.90594,0.90538,0.90542,197,18,0
2023-10-10 02:30:00,0.90537,0.9054,0.90461,0.90494,922,15,0
2023-10-10 03:00:00,0.90495,0.90538,0.90431,0.90513,1309,16,0
2023-10-10 03:30:00,0.90512,0.9057,0.905,0.90536,1191,16,0
2023-10-10 04:00:00,0.90537,0.90569,0.90439,0.90487,1017,15,0
2023-10-10 04:30:00,0.90486,0.9057,0.90472,0.90538,828,15,0
2023-10-10 05:00:00,0.9054,0.90541,0.90478,0.90485,582,15,0
2023-10-10 05:30:00,0.90486,0.90524,0.90456,0.90513,901,16,0
2023-10-10 06:00:00,0.90518,0.90524,0.9047,0.90472,759,15,0
2023-10-10 06:30:00,0.90473,0.90489,0.90452,0.90484,898,15,0
2023-10-10 07:00:00,0.90485,0.90599,0.90485,0.90587,729,17,0
2023-10-10 07:30:00,0.90588,0.90633,0.90568,0.90615,772,16,0
2023-10-10 08:00:00,0.90616,0.90683,0.90605,0.90613,708,15,0
2023-10-10 08:30:00,0.90615,0.90635,0.90567,0.90612,616,15,0
2023-10-10 09:00:00,0.90613,0.90634,0.90492,0.90628,2213,15,0
2023-10-10 09:30:00,0.90627,0.90701,0.90587,0.90589,1794,15,0
2023-10-10 10:00:00,0.90589,0.90724,0.90544,0.90697,3454,15,0
2023-10-10 10:30:00,0.90698,0.90707,0.90545,0.90558,2504,15,0
2023-10-10 11:00:00,0.90559,0.90589,0.90459,0.90497,3083,15,0
2023-10-10 11:30:00,0.90499,0.90513,0.90346,0.90404,2643,15,0
2023-10-10 12:00:00,0.90404,0.90493,0.90332,0.90333,2266,15,0
2023-10-10 12:30:00,0.90333,0.90431,0.90332,0.9042,2643,16,0
2023-10-10 13:00:00,0.90421,0.9051,0.90409,0.90493,1839,15,0
2023-10-10 13:30:00,0.90492,0.90535,0.90453,0.90512,1988,15,0
2023-10-10 14:00:00,0.90512,0.90704,0.90512,0.907,2722,15,0
2023-10-10 14:30:00,0.90702,0.90741,0.9063,0.90689,2626,15,0
2023-10-10 15:00:00,0.90688,0.90766,0.90606,0.90677,2499,15,0
2023-10-10 15:30:00,0.90679,0.90724,0.90581,0.90678,3410,15,0
2023-10-10 16:00:00,0.90676,0.90822,0.90641,0.90659,3089,15,0
2023-10-10 16:30:00,0.90657,0.90682,0.90595,0.906,3709,15,0
2023-10-10 17:00:00,0.90599,0.90609,0.90493,0.90527,3118,15,0
2023-10-10 17:30:00,0.90526,0.90633,0.90519,0.90554,2696,15,0
2023-10-10 18:00:00,0.90555,0.90564,0.90449,0.90517,2351,15,0
2023-10-10 18:30:00,0.90518,0.90528,0.90364,0.90388,2383,15,0
2023-10-10 19:00:00,0.90391,0.90463,0.90367,0.90412,2149,16,0
2023-10-10 19:30:00,0.90412,0.90427,0.90371,0.90387,1700,15,0
2023-10-10 20:00:00,0.90388,0.90488,0.90376,0.90457,2599,15,0
2023-10-10 20:30:00,0.90453,0.90534,0.90441,0.90526,1792,15,0
2023-10-10 21:00:00,0.90527,0.90544,0.90498,0.90508,1230,15,0
2023-10-10 21:30:00,0.90507,0.90537,0.90475,0.90481,1286,15,0
2023-10-10 22:00:00,0.90482,0.90515,0.90465,0.90482,1069,17,0
2023-10-10 22:30:00,0.90482,0.90485,0.90426,0.90462,1339,15,0
2023-10-10 23:00:00,0.90461,0.90485,0.90448,0.90455,731,18,0
2023-10-10 23:30:00,0.90456,0.90467,0.90422,0.90438,1038,22,0
2023-10-11 00:00:00,0.90439,0.9044,0.90413,0.90413,8,44,0
2023-10-11 00:30:00,0.90413,0.90438,0.90413,0.9042,38,97,0
2023-10-11 01:00:00,0.90443,0.90462,0.90428,0.9046,498,24,0
2023-10-11 01:30:00,0.90461,0.90463,0.90436,0.90436,386,22,0
2023-10-11 02:00:00,0.90439,0.90469,0.90416,0.90426,701,15,0
2023-10-11 02:30:00,0.90425,0.90458,0.90422,0.90452,687,17,0
2023-10-11 03:00:00,0.90451,0.90454,0.90387,0.90398,796,17,0
2023-10-11 03:30:00,0.904,0.90446,0.90363,0.90412,591,17,0
2023-10-11 04:00:00,0.90413,0.90474,0.90386,0.90457,889,16,0
2023-10-11 04:30:00,0.90458,0.90476,0.9041,0.90413,576,18,0
2023-10-11 05:00:00,0.90411,0.9046,0.90411,0.90452,720,17,0
2023-10-11 05:30:00,0.90453,0.90457,0.90376,0.90401,958,15,0
2023-10-11 06:00:00,0.90404,0.90436,0.90392,0.90432,535,16,0
2023-10-11 06:30:00,0.90431,0.90436,0.90406,0.90422,431,15,0
2023-10-11 07:00:00,0.90426,0.90451,0.90393,0.9045,651,16,0
2023-10-11 07:30:00,0.90448,0.9049,0.90448,0.90485,438,16,0
2023-10-11 08:00:00,0.90485,0.905,0.90447,0.90451,530,16,0
2023-10-11 08:30:00,0.90452,0.90519,0.90431,0.90502,750,17,0
2023-10-11 09:00:00,0.90499,0.90538,0.90465,0.90475,1375,16,0
2023-10-11 09:30:00,0.90475,0.90503,0.90396,0.90419,1856,17,0
2023-10-11 10:00:00,0.9042,0.90525,0.90405,0.90486,2438,15,0
2023-10-11 10:30:00,0.90486,0.9049,0.9028,0.90416,3122,15,0
2023-10-11 11:00:00,0.90417,0.90464,0.90306,0.90318,2966,16,0
2023-10-11 11:30:00,0.90319,0.90362,0.90254,0.90266,2880,15,0
2023-10-11 12:00:00,0.90267,0.90296,0.90212,0.90251,2505,15,0
2023-10-11 12:30:00,0.90251,0.90289,0.90226,0.90268,2127,15,0
2023-10-11 13:00:00,0.90266,0.90359,0.90241,0.90338,2122,15,0
2023-10-11 13:30:00,0.90338,0.90367,0.9026,0.90285,1834,17,0
2023-10-11 14:00:00,0.90284,0.9033,0.90214,0.90308,2367,15,0
2023-10-11 14:30:00,0.90309,0.90345,0.90254,0.90331,2911,15,0
2023-10-11 15:00:00,0.90333,0.90343,0.90237,0.90254,2643,15,0
2023-10-11 15:30:00,0.90253,0.90471,0.90175,0.9019,5221,15,0
2023-10-11 16:00:00,0.90189,0.90223,0.9005,0.90088,4078,15,0
2023-10-11 16:30:00,0.90087,0.90144,0.90011,0.90094,3955,15,0
2023-10-11 17:00:00,0.90094,0.90158,0.90036,0.90154,3499,15,0
2023-10-11 17:30:00,0.90153,0.9026,0.90119,0.90226,3172,15,0
2023-10-11 18:00:00,0.90228,0.90331,0.90215,0.90237,2556,15,0
2023-10-11 18:30:00,0.90237,0.90274,0.90181,0.90256,2149,15,0
2023-10-11 19:00:00,0.90254,0.9033,0.90233,0.90297,2331,15,0
2023-10-11 19:30:00,0.90294,0.90322,0.9026,0.90267,1452,15,0
2023-10-11 20:00:00,0.90267,0.90342,0.90254,0.90331,2037,15,0
2023-10-11 20:30:00,0.90332,0.9046,0.90332,0.90396,1874,15,0
2023-10-11 21:00:00,0.90395,0.90415,0.90324,0.9036,1784,15,0
2023-10-11 21:30:00,0.90361,0.90366,0.9026,0.90279,1331,15,0
2023-10-11 22:00:00,0.90279,0.90284,0.9021,0.90211,735,16,0
2023-10-11 22:30:00,0.90212,0.90229,0.90192,0.90224,815,15,0
2023-10-11 23:00:00,0.90224,0.90226,0.90161,0.90173,330,19,0
2023-10-11 23:30:00,0.90172,0.90194,0.90169,0.90188,380,23,0
2023-10-12 00:00:00,0.90117,0.90121,0.90117,0.90121,3,154,0
2023-10-12 00:30:00,0.90118,0.90159,0.9011,0.9011,321,56,0
2023-10-12 01:00:00,0.90135,0.9017,0.90118,0.90157,470,26,0
2023-10-12 01:30:00,0.90156,0.9016,0.90142,0.90151,324,27,0
2023-10-12 02:00:00,0.9015,0.90155,0.90104,0.90118,162,20,0
2023-10-12 02:30:00,0.90117,0.90139,0.9009,0.90097,281,20,0
2023-10-12 03:00:00,0.90099,0.90126,0.90069,0.90102,776,16,0
2023-10-12 03:30:00,0.90101,0.90118,0.90069,0.90105,926,16,0
2023-10-12 04:00:00,0.90103,0.90112,0.90052,0.90081,938,17,0
2023-10-12 04:30:00,0.90081,0.90094,0.90014,0.90037,572,15,0
2023-10-12 05:00:00,0.90039,0.90098,0.90027,0.90092,570,15,0
2023-10-12 05:30:00,0.90092,0.9011,0.90072,0.90081,700,18,0
2023-10-12 06:00:00,0.90083,0.90104,0.90057,0.90078,334,15,0
2023-10-12 06:30:00,0.90078,0.90078,0.90033,0.90038,412,17,0
2023-10-12 07:00:00,0.90038,0.90062,0.90029,0.9005,669,15,0
2023-10-12 07:30:00,0.90051,0.90075,0.90044,0.90047,436,17,0
2023-10-12 08:00:00,0.90046,0.90051,0.9002,0.90043,362,18,0
2023-10-12 08:30:00,0.90045,0.90063,0.90015,0.9002,527,17,0
2023-10-12 09:00:00,0.90018,0.90047,0.89887,0.89957,1546,15,0
2023-10-12 09:30:00,0.89959,0.8997,0.8986,0.89929,1410,15,0
2023-10-12 10:00:00,0.89929,0.90076,0.899,0.90074,2020,16,0
2023-10-12 10:30:00,0.90075,0.90154,0.90031,0.90137,1845,15,0
2023-10-12 11:00:00,0.90138,0.90138,0.90006,0.90006,1636,15,0
2023-10-12 11:30:00,0.90009,0.90054,0.89989,0.89989,1551,15,0
2023-10-12 12:00:00,0.8999,0.90043,0.89983,0.90017,1693,15,0
2023-10-12 12:30:00,0.90017,0.90025,0.89958,0.89988,1183,15,0
2023-10-12 13:00:00,0.89987,0.90025,0.89939,0.89957,1290,15,0
2023-10-12 13:30:00,0.89957,0.90024,0.8993,0.90021,1153,17,0
2023-10-12 14:00:00,0.90022,0.90081,0.90011,0.90018,1493,17,0
2023-10-12 14:30:00,0.90017,0.9005,0.89997,0.90005,2169,16,0
2023-10-12 15:00:00,0.90006,0.90131,0.89993,0.90031,2770,16,0
2023-10-12 15:30:00,0.90033,0.90439,0.90031,0.90267,6064,15,0
2023-10-12 16:00:00,0.90268,0.90382,0.90216,0.90361,4681,15,0
2023-10-12 16:30:00,0.9036,0.90533,0.9034,0.90528,3790,15,0
2023-10-12 17:00:00,0.90529,0.9054,0.90435,0.90521,3507,15,0
2023-10-12 17:30:00,0.90522,0.90633,0.90492,0.90611,3489,15,0
2023-10-12 18:00:00,0.90611,0.90701,0.90589,0.90673,2506,15,0
2023-10-12 18:30:00,0.90674,0.90685,0.90597,0.90638,2186,16,0
2023-10-12 19:00:00,0.90638,0.90644,0.90542,0.90638,1261,15,0
2023-10-12 19:30:00,0.90639,0.90712,0.90617,0.90694,1718,15,0
2023-10-12 20:00:00,0.90695,0.90813,0.90691,0.90782,2803,15,0
2023-10-12 20:30:00,0.90783,0.90843,0.90759,0.90823,1908,15,0
2023-10-12 21:00:00,0.90823,0.90872,0.90777,0.9079,1416,15,0
2023-10-12 21:30:00,0.90792,0.90865,0.90769,0.90854,1470,15,0
2023-10-12 22:00:00,0.90854,0.90858,0.90817,0.90826,1372,16,0
2023-10-12 22:30:00,0.90827,0.90844,0.90803,0.90815,1195,16,0
2023-10-12 23:00:00,0.90813,0.90847,0.90797,0.90817,578,20,0
2023-10-12 23:30:00,0.90816,0.90843,0.90814,0.90823,614,24,0
2023-10-13 00:00:00,0.90819,0.90839,0.90667,0.9068,27,39,0
2023-10-13 00:30:00,0.90685,0.90817,0.90685,0.90769,415,43,0
2023-10-13 01:00:00,0.90778,0.90829,0.90771,0.90801,481,25,0
2023-10-13 01:30:00,0.908,0.90817,0.90785,0.90788,500,26,0
2023-10-13 02:00:00,0.90788,0.90801,0.90767,0.90768,489,15,0
2023-10-13 02:30:00,0.90767,0.90792,0.90761,0.90781,447,17,0
2023-10-13 03:00:00,0.90778,0.90786,0.90728,0.90753,848,17,0
2023-10-13 03:30:00,0.90754,0.90759,0.90707,0.90716,646,15,0
2023-10-13 04:00:00,0.90717,0.90745,0.90695,0.90699,650,17,0
2023-10-13 04:30:00,0.90703,0.90747,0.90692,0.90719,755,18,0
2023-10-13 05:00:00,0.90718,0.90733,0.9068,0.90711,669,16,0
2023-10-13 05:30:00,0.90712,0.90724,0.90674,0.90678,351,16,0
2023-10-13 06:00:00,0.90677,0.90712,0.9067,0.90697,449,17,0
2023-10-13 06:30:00,0.90698,0.9072,0.90693,0.90693,526,17,0
2023-10-13 07:00:00,0.90693,0.90712,0.90679,0.90686,490,18,0
2023-10-13 07:30:00,0.90689,0.90699,0.90641,0.90641,328,15,0
2023-10-13 08:00:00,0.90642,0.90692,0.90636,0.90646,503,15,0
2023-10-13 08:30:00,0.90647,0.90703,0.90627,0.90659,743,16,0
2023-10-13 09:00:00,0.90658,0.90778,0.90654,0.90747,1603,15,0
2023-10-13 09:30:00,0.90748,0.90806,0.90702,0.90772,1599,15,0
2023-10-13 10:00:00,0.90773,0.90785,0.9062,0.90622,3098,16,0
2023-10-13 10:30:00,0.90622,0.90653,0.90557,0.9064,2257,15,0
2023-10-13 11:00:00,0.90639,0.90681,0.90565,0.90649,2949,15,0
2023-10-13 11:30:00,0.90649,0.907,0.90633,0.90645,2684,15,0
2023-10-13 12:00:00,0.90646,0.90703,0.90643,0.90693,2335,15,0
2023-10-13 12:30:00,0.90689,0.90807,0.90688,0.90751,1901,15,0
2023-10-13 13:00:00,0.90751,0.90771,0.9072,0.90768,1499,15,0
2023-10-13 13:30:00,0.90767,0.90827,0.90742,0.90816,1625,15,0
2023-10-13 14:00:00,0.90817,0.90842,0.90751,0.90755,2318,16,0
2023-10-13 14:30:00,0.90755,0.90782,0.90669,0.90723,2493,15,0
2023-10-13 15:00:00,0.90717,0.9072,0.90579,0.90609,2733,15,0
2023-10-13 15:30:00,0.9061,0.90612,0.90463,0.90519,3072,15,0
2023-10-13 16:00:00,0.90519,0.90596,0.90488,0.90557,3222,15,0
2023-10-13 16:30:00,0.90554,0.9062,0.90461,0.9062,3467,15,0
2023-10-13 17:00:00,0.90614,0.90635,0.90415,0.90481,4672,15,0
2023-10-13 17:30:00,0.90482,0.90559,0.90382,0.90474,3406,15,0
2023-10-13 18:00:00,0.90475,0.90515,0.9038,0.90383,2371,15,0
2023-10-13 18:30:00,0.90382,0.90386,0.90174,0.90174,1736,15,0
2023-10-13 19:00:00,0.90173,0.90192,0.90059,0.90124,1813,15,0
2023-10-13 19:30:00,0.90125,0.90176,0.90116,0.90119,1733,15,0
2023-10-13 20:00:00,0.9012,0.90122,0.90017,0.90066,1673,16,0
2023-10-13 20:30:00,0.90065,0.90111,0.90014,0.9011,1205,15,0
2023-10-13 21:00:00,0.9011,0.90174,0.9008,0.90172,743,15,0
2023-10-13 21:30:00,0.90171,0.90214,0.9012,0.90136,1339,15,0
2023-10-13 22:00:00,0.90135,0.90144,0.90076,0.90128,796,15,0
2023-10-13 22:30:00,0.90127,0.90169,0.90088,0.90167,1634,16,0
2023-10-13 23:00:00,0.90168,0.90211,0.90158,0.9019,561,15,0
2023-10-13 23:30:00,0.90188,0.90249,0.90159,0.90166,436,24,0
2023-10-16 00:00:00,0.89855,0.90052,0.89855,0.90017,3,260,0
2023-10-16 00:30:00,0.90083,0.90083,0.90023,0.90068,17,96,0
2023-10-16 01:00:00,0.90141,0.9027,0.90133,0.90251,580,22,0
2023-10-16 01:30:00,0.9025,0.90258,0.90206,0.90242,1095,24,0
2023-10-16 02:00:00,0.90241,0.90285,0.90226,0.90251,782,17,0
2023-10-16 02:30:00,0.9025,0.90261,0.90221,0.90234,510,18,0
2023-10-16 03:00:00,0.90234,0.90242,0.90176,0.90181,1301,15,0
2023-10-16 03:30:00,0.90181,0.90249,0.90179,0.90227,894,15,0
2023-10-16 04:00:00,0.90227,0.90229,0.90177,0.90187,916,16,0
2023-10-16 04:30:00,0.90183,0.90207,0.90152,0.90168,807,16,0
2023-10-16 05:00:00,0.90169,0.90187,0.90135,0.90175,419,17,0
2023-10-16 05:30:00,0.90175,0.9019,0.9016,0.90164,343,16,0
2023-10-16 06:00:00,0.90162,0.90199,0.90154,0.90186,288,16,0
2023-10-16 06:30:00,0.90187,0.90198,0.90163,0.90166,363,18,0
2023-10-16 07:00:00,0.90166,0.90176,0.90127,0.90138,339,17,0
2023-10-16 07:30:00,0.90139,0.9015,0.90123,0.90144,322,17,0
2023-10-16 08:00:00,0.90143,0.90147,0.90123,0.90123,294,17,0
2023-10-16 08:30:00,0.90124,0.90173,0.90105,0.9017,799,15,0
2023-10-16 09:00:00,0.90166,0.90201,0.90121,0.90188,1825,15,0
2023-10-16 09:30:00,0.9019,0.90264,0.90176,0.90252,1621,15,0
2023-10-16 10:00:00,0.90252,0.90312,0.90236,0.90277,2418,15,0
2023-10-16 10:30:00,0.90279,0.90415,0.90244,0.90324,2421,15,0
2023-10-16 11:00:00,0.90325,0.90409,0.90277,0.90381,1774,15,0
2023-10-16 11:30:00,0.90381,0.90386,0.90235,0.90268,1880,15,0
2023-10-16 12:00:00,0.90267,0.90311,0.9024,0.90281,1563,16,0
2023-10-16 12:30:00,0.9028,0.90293,0.90212,0.90265,1542,15,0
2023-10-16 13:00:00,0.90266,0.90307,0.90249,0.90295,1373,16,0
2023-10-16 13:30:00,0.90299,0.90305,0.90259,0.9029,1043,15,0
2023-10-16 14:00:00,0.90289,0.90295,0.90239,0.90259,1348,16,0
2023-10-16 14:30:00,0.90259,0.90259,0.90174,0.90196,1248,16,0
2023-10-16 15:00:00,0.90195,0.90219,0.90065,0.90101,2613,15,0
2023-10-16 15:30:00,0.90102,0.90159,0.90061,0.90102,2778,16,0
2023-10-16 16:00:00,0.90102,0.90233,0.90094,0.90223,2301,15,0
2023-10-16 16:30:00,0.90225,0.90296,0.90208,0.90277,2992,15,0
2023-10-16 17:00:00,0.90278,0.9033,0.90201,0.90204,2789,15,0
2023-10-16 17:30:00,0.90203,0.90203,0.90089,0.90134,2493,15,0
2023-10-16 18:00:00,0.90132,0.90163,0.90068,0.90112,1479,15,0
2023-10-16 18:30:00,0.90111,0.90141,0.90063,0.90064,1326,15,0
2023-10-16 19:00:00,0.90063,0.90074,0.9002,0.90049,953,15,0
2023-10-16 19:30:00,0.90052,0.90079,0.9003,0.90052,867,15,0
2023-10-16 20:00:00,0.90056,0.90095,0.90019,0.90062,976,15,0
2023-10-16 20:30:00,0.9006,0.90085,0.89962,0.89968,980,17,0
2023-10-16 21:00:00,0.89967,0.9,0.89962,0.89972,582,15,0
2023-10-16 21:30:00,0.89973,0.90021,0.89953,0.90014,441,15,0
2023-10-16 22:00:00,0.90013,0.90031,0.89955,0.89959,577,16,0
2023-10-16 22:30:00,0.89957,0.89982,0.89954,0.89961,881,16,0
2023-10-16 23:00:00,0.8996,0.90011,0.89944,0.90011,574,18,0
2023-10-16 23:30:00,0.9001,0.90011,0.8998,0.8998,671,23,0
2023-10-17 00:00:00,0.89931,0.89976,0.89928,0.89976,6,50,0
2023-10-17 00:30:00,0.89976,0.9001,0.8994,0.89947,2431,36,0
2023-10-17 01:00:00,0.89981,0.90011,0.89981,0.90006,326,26,0
2023-10-17 01:30:00,0.90005,0.90013,0.89993,0.90013,185,26,0
2023-10-17 02:00:00,0.90012,0.90035,0.9001,0.90031,180,21,0
2023-10-17 02:30:00,0.90032,0.90042,0.90022,0.90039,206,17,0
2023-10-17 03:00:00,0.90039,0.90039,0.89993,0.89999,414,17,0
2023-10-17 03:30:00,0.89997,0.90034,0.89993,0.90016,796,16,0
2023-10-17 04:00:00,0.90015,0.9008,0.90014,0.90074,662,18,0
2023-10-17 04:30:00,0.90074,0.9009,0.90053,0.90067,486,17,0
2023-10-17 05:00:00,0.90067,0.90102,0.90054,0.90095,399,17,0
2023-10-17 05:30:00,0.90096,0.90097,0.90058,0.90066,292,18,0
2023-10-17 06:00:00,0.90066,0.90095,0.90052,0.90077,448,16,0
2023-10-17 06:30:00,0.90078,0.90093,0.90043,0.90068,370,16,0
2023-10-17 07:00:00,0.90068,0.90114,0.90064,0.90109,276,17,0
2023-10-17 07:30:00,0.90109,0.90117,0.9008,0.90108,316,17,0
2023-10-17 08:00:00,0.90107,0.90123,0.90077,0.90123,378,17,0
2023-10-17 08:30:00,0.90124,0.90157,0.90112,0.90148,468,16,0
2023-10-17 09:00:00,0.90148,0.90171,0.90092,0.90145,1164,17,0
2023-10-17 09:30:00,0.90146,0.90186,0.90136,0.90185,1151,15,0
2023-10-17 10:00:00,0.90184,0.90212,0.90132,0.90172,1523,15,0
2023-10-17 10:30:00,0.90172,0.90189,0.90069,0.90181,1328,15,0
2023-10-17 11:00:00,0.90182,0.90198,0.90142,0.90173,1160,15,0
2023-10-17 11:30:00,0.90174,0.90298,0.9017,0.90252,1284,15,0
2023-10-17 12:00:00,0.90248,0.90254,0.90144,0.90173,1566,15,0
2023-10-17 12:30:00,0.90171,0.90209,0.90138,0.90155,1044,15,0
2023-10-17 13:00:00,0.90156,0.90157,0.90055,0.90104,1987,15,0
2023-10-17 13:30:00,0.90104,0.90151,0.9009,0.90094,1490,16,0
2023-10-17 14:00:00,0.90095,0.90098,0.89997,0.90004,1725,16,0
2023-10-17 14:30:00,0.90004,0.90005,0.89938,0.89977,1595,15,0
2023-10-17 15:00:00,0.89979,0.90052,0.89958,0.90019,1591,15,0
2023-10-17 15:30:00,0.90035,0.90313,0.90035,0.90219,4346,15,0
2023-10-17 16:00:00,0.90219,0.90269,0.90059,0.90187,3476,15,0
2023-10-17 16:30:00,0.90187,0.90243,0.90144,0.90206,3496,15,0
2023-10-17 17:00:00,0.90207,0.90222,0.8995,0.89974,3991,15,0
2023-10-17 17:30:00,0.89975,0.90075,0.89974,0.90032,2707,15,0
2023-10-17 18:00:00,0.90034,0.90034,0.89891,0.89988,2220,15,0
2023-10-17 18:30:00,0.89988,0.9002,0.89941,0.89949,1637,15,0
2023-10-17 19:00:00,0.8995,0.90016,0.89935,0.89963,1469,15,0
2023-10-17 19:30:00,0.89962,0.90068,0.89962,0.90059,1379,15,0
2023-10-17 20:00:00,0.90059,0.90085,0.89964,0.89989,1365,15,0
2023-10-17 20:30:00,0.89989,0.90117,0.89979,0.90104,1243,15,0
2023-10-17 21:00:00,0.90106,0.90127,0.90053,0.90064,1417,15,0
2023-10-17 21:30:00,0.90064,0.90076,0.90017,0.90045,1557,15,0
2023-10-17 22:00:00,0.90044,0.90062,0.89959,0.89959,1366,16,0
2023-10-17 22:30:00,0.89957,0.90025,0.89955,0.90009,1244,15,0
2023-10-17 23:00:00,0.9001,0.90045,0.9001,0.90016,379,16,0
2023-10-17 23:30:00,0.90015,0.90039,0.9,0.90004,339,22,0
2023-10-18 00:00:00,0.90002,0.90002,0.90002,0.90002,1,32,0
2023-10-18 00:30:00,0.8992,0.90013,0.8992,0.89984,101,78,0
2023-10-18 01:00:00,0.89984,0.90015,0.89981,0.9,315,22,0
2023-10-18 01:30:00,0.9,0.9,0.8998,0.8999,968,25,0
2023-10-18 02:00:00,0.8999,0.9001,0.8999,0.9,574,17,0
2023-10-18 02:30:00,0.9,0.90013,0.89993,0.90007,562,16,0
2023-10-18 03:00:00,0.90007,0.90056,0.90003,0.9004,619,17,0
2023-10-18 03:30:00,0.90041,0.90081,0.9004,0.90052,410,15,0
2023-10-18 04:00:00,0.90052,0.90066,0.90014,0.90028,539,15,0
2023-10-18 04:30:00,0.90027,0.90034,0.89923,0.89927,1380,15,0
2023-10-18 05:00:00,0.89926,0.89957,0.89881,0.89921,1472,15,0
2023-10-18 05:30:00,0.89921,0.89954,0.89901,0.89943,1119,17,0
2023-10-18 06:00:00,0.89943,0.89975,0.89918,0.89964,903,16,0
2023-10-18 06:30:00,0.89963,0.89965,0.89906,0.89906,418,15,0
2023-10-18 07:00:00,0.89906,0.89949,0.8989,0.89923,836,17,0
2023-10-18 07:30:00,0.89922,0.89923,0.89872,0.89917,460,17,0
2023-10-18 08:00:00,0.89917,0.89922,0.89873,0.89902,633,15,0
2023-10-18 08:30:00,0.89903,0.89909,0.89869,0.89889,707,15,0
2023-10-18 09:00:00,0.89894,0.89908,0.89728,0.89786,1703,15,0
2023-10-18 09:30:00,0.89786,0.89881,0.89737,0.89869,1857,15,0
2023-10-18 10:00:00,0.89869,0.89948,0.89867,0.89913,2824,15,0
2023-10-18 10:30:00,0.89912,0.89963,0.8984,0.89914,2375,15,0
2023-10-18 11:00:00,0.89915,0.9,0.89915,0.89976,2606,15,0
2023-10-18 11:30:00,0.89977,0.89979,0.89847,0.89897,1470,15,0
2023-10-18 12:00:00,0.89899,0.89911,0.89816,0.89896,1545,15,0
2023-10-18 12:30:00,0.89896,0.89908,0.89792,0.89802,1907,15,0
2023-10-18 13:00:00,0.89804,0.89959,0.89797,0.89949,2229,15,0
2023-10-18 13:30:00,0.89949,0.89966,0.89895,0.89917,1566,15,0
2023-10-18 14:00:00,0.89918,0.89935,0.89843,0.89859,2145,15,0
2023-10-18 14:30:00,0.89859,0.89907,0.89805,0.89884,2000,15,0
2023-10-18 15:00:00,0.89884,0.89893,0.89738,0.89788,1924,15,0
2023-10-18 15:30:00,0.89788,0.89964,0.89757,0.89855,2607,15,0
2023-10-18 16:00:00,0.89855,0.89904,0.89781,0.89786,2730,15,0
2023-10-18 16:30:00,0.89787,0.89793,0.89617,0.89695,3175,15,0
2023-10-18 17:00:00,0.89696,0.89779,0.89536,0.89733,3703,15,0
2023-10-18 17:30:00,0.89733,0.89933,0.89696,0.89793,3616,15,0
2023-10-18 18:00:00,0.89794,0.89901,0.89739,0.8986,2583,15,0
2023-10-18 18:30:00,0.8986,0.89904,0.89794,0.89846,2170,15,0
2023-10-18 19:00:00,0.89846,0.89881,0.8977,0.89872,2525,15,0
2023-10-18 19:30:00,0.89873,0.89891,0.89812,0.89842,1674,15,0
2023-10-18 20:00:00,0.89841,0.89857,0.89716,0.89768,3337,15,0
2023-10-18 20:30:00,0.89769,0.89805,0.89743,0.89769,1828,16,0
2023-10-18 21:00:00,0.89769,0.89852,0.89763,0.89831,1302,15,0
2023-10-18 21:30:00,0.8983,0.89895,0.89813,0.8989,1438,15,0
2023-10-18 22:00:00,0.89892,0.89913,0.89859,0.89889,1277,15,0
2023-10-18 22:30:00,0.89887,0.89914,0.89876,0.89903,1406,16,0
2023-10-18 23:00:00,0.89904,0.89917,0.89889,0.89913,415,17,0
2023-10-18 23:30:00,0.89913,0.89914,0.89874,0.89876,360,24,0
2023-10-19 00:00:00,0.8987,0.8988,0.89819,0.89862,57,34,0
2023-10-19 00:30:00,0.8986,0.89896,0.89813,0.89823,813,31,0
2023-10-19 01:00:00,0.89823,0.89867,0.89823,0.89861,392,27,0
2023-10-19 01:30:00,0.89869,0.89882,0.8986,0.89878,507,25,0
2023-10-19 02:00:00,0.89877,0.89886,0.8986,0.89886,193,16,0
2023-10-19 02:30:00,0.89886,0.89892,0.89864,0.89875,382,17,0
2023-10-19 03:00:00,0.89874,0.89891,0.89846,0.89876,522,17,0
2023-10-19 03:30:00,0.89875,0.89907,0.89864,0.89876,950,15,0
2023-10-19 04:00:00,0.89874,0.8988,0.89827,0.8986,831,15,0
2023-10-19 04:30:00,0.8986,0.89934,0.89851,0.89894,969,17,0
2023-10-19 05:00:00,0.89893,0.89914,0.8987,0.89889,578,18,0
2023-10-19 05:30:00,0.89888,0.89922,0.89888,0.8991,395,18,0
2023-10-19 06:00:00,0.89909,0.89939,0.89877,0.89921,345,18,0
2023-10-19 06:30:00,0.89918,0.89928,0.89903,0.89904,338,18,0
2023-10-19 07:00:00,0.89903,0.89913,0.89889,0.89892,312,17,0
2023-10-19 07:30:00,0.89893,0.89939,0.89887,0.89889,494,17,0
2023-10-19 08:00:00,0.89894,0.89914,0.89874,0.89892,396,18,0
2023-10-19 08:30:00,0.89891,0.89917,0.89862,0.89864,639,16,0
2023-10-19 09:00:00,0.89865,0.89918,0.89813,0.89852,1394,15,0
2023-10-19 09:30:00,0.89849,0.89871,0.89734,0.89819,1579,15,0
2023-10-19 10:00:00,0.89817,0.89908,0.89777,0.89897,2789,15,0
2023-10-19 10:30:00,0.89897,0.89966,0.89867,0.89962,2532,15,0
2023-10-19 11:00:00,0.89963,0.89986,0.89912,0.89916,2307,15,0
2023-10-19 11:30:00,0.89916,0.9001,0.89913,0.89934,1957,15,0
2023-10-19 12:00:00,0.89935,0.89938,0.89858,0.89917,1945,15,0
2023-10-19 12:30:00,0.89916,0.89938,0.89845,0.89846,1678,15,0
2023-10-19 13:00:00,0.89847,0.8988,0.89816,0.89824,1754,15,0
2023-10-19 13:30:00,0.89824,0.89826,0.89762,0.89774,1332,16,0
2023-10-19 14:00:00,0.89774,0.89782,0.89708,0.89717,1648,16,0
2023-10-19 14:30:00,0.89715,0.89734,0.89653,0.89722,1348,15,0
2023-10-19 15:00:00,0.89724,0.89736,0.89592,0.89643,2061,15,0
2023-10-19 15:30:00,0.89643,0.89676,0.89585,0.89639,3464,15,0
2023-10-19 16:00:00,0.89639,0.8974,0.89609,0.89728,2204,15,0
2023-10-19 16:30:00,0.89729,0.89736,0.89591,0.89625,2919,15,0
2023-10-19 17:00:00,0.89624,0.89724,0.89598,0.89653,2921,15,0
2023-10-19 17:30:00,0.89653,0.89697,0.89623,0.89668,2522,15,0
2023-10-19 18:00:00,0.89666,0.89671,0.89518,0.8955,2048,15,0
2023-10-19 18:30:00,0.89549,0.89596,0.89497,0.89549,1588,15,0
2023-10-19 19:00:00,0.89549,0.89678,0.89275,0.89469,6535,15,0
2023-10-19 19:30:00,0.8947,0.89756,0.89311,0.89326,6658,15,0
2023-10-19 20:00:00,0.8933,0.89365,0.89245,0.893,4460,15,0
2023-10-19 20:30:00,0.89299,0.89371,0.89218,0.89222,3634,15,0
2023-10-19 21:00:00,0.89221,0.89247,0.89117,0.89225,2589,15,0
2023-10-19 21:30:00,0.89228,0.89375,0.89228,0.89335,2126,15,0
2023-10-19 22:00:00,0.89334,0.89356,0.89252,0.89268,1830,15,0
2023-10-19 22:30:00,0.89268,0.89313,0.89226,0.89229,1503,15,0
2023-10-19 23:00:00,0.89228,0.89256,0.8912,0.89126,599,16,0
2023-10-19 23:30:00,0.89126,0.89175,0.89077,0.89109,789,22,0
2023-10-20 00:00:00,0.8911,0.89126,0.89102,0.89102,13,50,0
2023-10-20 00:30:00,0.89124,0.89124,0.8909,0.89091,177,43,0
2023-10-20 01:00:00,0.8909,0.89184,0.8909,0.89171,748,27,0
2023-10-20 01:30:00,0.89181,0.89193,0.89166,0.89179,478,26,0
2023-10-20 02:00:00,0.89183,0.89224,0.89183,0.89187,381,19,0
2023-10-20 02:30:00,0.89188,0.89191,0.89156,0.89171,588,17,0
2023-10-20 03:00:00,0.89172,0.89282,0.89171,0.89265,1260,15,0
2023-10-20 03:30:00,0.89265,0.89282,0.89217,0.89224,483,16,0
2023-10-20 04:00:00,0.89222,0.89252,0.89214,0.89242,1192,15,0
2023-10-20 04:30:00,0.89242,0.89268,0.89211,0.8925,699,15,0
2023-10-20 05:00:00,0.89248,0.89261,0.89191,0.89205,979,16,0
2023-10-20 05:30:00,0.89207,0.89209,0.89138,0.89171,1035,16,0
2023-10-20 06:00:00,0.89172,0.89216,0.89155,0.89213,692,16,0
2023-10-20 06:30:00,0.89214,0.89237,0.89208,0.89232,267,18,0
2023-10-20 07:00:00,0.89236,0.89271,0.8923,0.89267,325,18,0
2023-10-20 07:30:00,0.89268,0.89285,0.89253,0.8928,692,15,0
2023-10-20 08:00:00,0.8928,0.89294,0.89211,0.89217,794,16,0
2023-10-20 08:30:00,0.89218,0.89282,0.8919,0.89278,856,16,0
2023-10-20 09:00:00,0.89274,0.89298,0.89203,0.89268,1659,17,0
2023-10-20 09:30:00,0.89267,0.8931,0.89248,0.89301,1541,16,0
2023-10-20 10:00:00,0.89301,0.89344,0.89259,0.89323,2690,16,0
2023-10-20 10:30:00,0.89324,0.89328,0.89078,0.89079,2388,15,0
2023-10-20 11:00:00,0.89081,0.89282,0.89081,0.89094,2169,15,0
2023-10-20 11:30:00,0.89094,0.89156,0.89018,0.8915,1875,15,0
2023-10-20 12:00:00,0.8915,0.89245,0.89116,0.89198,2028,15,0
2023-10-20 12:30:00,0.89199,0.89245,0.89157,0.89167,1764,15,0
2023-10-20 13:00:00,0.89167,0.89183,0.89122,0.89177,1242,15,0
2023-10-20 13:30:00,0.89178,0.89185,0.89114,0.89133,1292,15,0
2023-10-20 14:00:00,0.89134,0.8914,0.89078,0.89116,1429,15,0
2023-10-20 14:30:00,0.89117,0.89132,0.89075,0.89114,1469,16,0
2023-10-20 15:00:00,0.89114,0.89314,0.89113,0.89302,2504,15,0
2023-10-20 15:30:00,0.89303,0.89317,0.89212,0.89261,2507,15,0
2023-10-20 16:00:00,0.89259,0.89277,0.89203,0.89266,2264,15,0
2023-10-20 16:30:00,0.8927,0.89272,0.89144,0.89232,3086,15,0
2023-10-20 17:00:00,0.89233,0.89335,0.89187,0.89274,2908,15,0
2023-10-20 17:30:00,0.89271,0.89275,0.89086,0.89142,2655,15,0
2023-10-20 18:00:00,0.89142,0.89174,0.89058,0.89061,2658,15,0
2023-10-20 18:30:00,0.8906,0.89209,0.8906,0.89181,2207,15,0
2023-10-20 19:00:00,0.89181,0.89286,0.89181,0.89215,2105,15,0
2023-10-20 19:30:00,0.89213,0.89232,0.89147,0.89201,1891,15,0
2023-10-20 20:00:00,0.892,0.8921,0.8909,0.89127,2414,15,0
2023-10-20 20:30:00,0.89128,0.89222,0.89123,0.89204,1530,15,0
2023-10-20 21:00:00,0.89204,0.89257,0.89191,0.89201,1894,15,0
2023-10-20 21:30:00,0.89197,0.89208,0.89144,0.89179,1093,16,0
2023-10-20 22:00:00,0.89179,0.89229,0.89163,0.89206,661,16,0
2023-10-20 22:30:00,0.89204,0.8923,0.89189,0.89196,1016,17,0
2023-10-20 23:00:00,0.89195,0.89236,0.89178,0.8923,658,20,0
2023-10-20 23:30:00,0.8923,0.89261,0.89163,0.89163,600,22,0
2023-10-23 00:00:00,0.89233,0.89233,0.89094,0.89094,3,120,0
2023-10-23 00:30:00,0.89105,0.89202,0.89089,0.89129,126,101,0
2023-10-23 01:00:00,0.89157,0.89297,0.89157,0.89284,1326,25,0
2023-10-23 01:30:00,0.89283,0.89288,0.89258,0.89271,1952,25,0
2023-10-23 02:00:00,0.89271,0.89292,0.89253,0.89283,473,20,0
2023-10-23 02:30:00,0.89284,0.89332,0.89284,0.89321,510,20,0
2023-10-23 03:00:00,0.8932,0.89321,0.8929,0.89318,504,18,0
2023-10-23 03:30:00,0.89317,0.89362,0.89291,0.8934,981,17,0
2023-10-23 04:00:00,0.89339,0.89411,0.89339,0.89397,987,15,0
2023-10-23 04:30:00,0.89398,0.89398,0.89364,0.89375,263,18,0
2023-10-23 05:00:00,0.89378,0.89444,0.89373,0.89414,417,16,0
2023-10-23 05:30:00,0.89414,0.89454,0.89407,0.89451,545,15,0
2023-10-23 06:00:00,0.89452,0.89452,0.89419,0.89444,378,16,0
2023-10-23 06:30:00,0.89444,0.8947,0.89443,0.89467,321,16,0
2023-10-23 07:00:00,0.89467,0.89481,0.89457,0.89477,308,18,0
2023-10-23 07:30:00,0.89476,0.89476,0.89436,0.89447,325,17,0
2023-10-23 08:00:00,0.89449,0.89489,0.89435,0.89472,473,17,0
2023-10-23 08:30:00,0.89468,0.89562,0.89461,0.89551,1205,16,0
2023-10-23 09:00:00,0.89551,0.89555,0.89467,0.89471,1212,17,0
2023-10-23 09:30:00,0.89472,0.89483,0.89329,0.89338,1330,17,0
2023-10-23 10:00:00,0.8934,0.8939,0.89263,0.89324,2705,15,0
2023-10-23 10:30:00,0.89326,0.8936,0.89283,0.89304,1656,15,0
2023-10-23 11:00:00,0.89299,0.89314,0.89206,0.89252,2735,15,0
2023-10-23 11:30:00,0.89251,0.8928,0.89194,0.89236,2047,15,0
2023-10-23 12:00:00,0.89237,0.89316,0.89226,0.89257,1763,16,0
2023-10-23 12:30:00,0.89256,0.89313,0.89241,0.89266,1843,15,0
2023-10-23 13:00:00,0.89268,0.8927,0.89192,0.89249,2078,15,0
2023-10-23 13:30:00,0.89249,0.89284,0.89188,0.8921,1488,15,0
2023-10-23 14:00:00,0.89215,0.89255,0.8916,0.89162,1389,15,0
2023-10-23 14:30:00,0.89162,0.89268,0.89121,0.89247,1488,16,0
2023-10-23 15:00:00,0.89247,0.8928,0.89147,0.89174,1979,15,0
2023-10-23 15:30:00,0.89175,0.8935,0.89168,0.89336,2785,17,0
2023-10-23 16:00:00,0.89337,0.89382,0.89288,0.89349,2052,15,0
2023-10-23 16:30:00,0.89351,0.89473,0.89333,0.89359,2530,15,0
2023-10-23 17:00:00,0.89359,0.89391,0.89207,0.89263,3246,15,0
2023-10-23 17:30:00,0.89262,0.89328,0.8923,0.89279,2632,15,0
2023-10-23 18:00:00,0.89277,0.89282,0.89206,0.89236,2070,15,0
2023-10-23 18:30:00,0.89236,0.89255,0.89122,0.89187,1786,15,0
2023-10-23 19:00:00,0.89188,0.89227,0.89154,0.89159,1380,15,0
2023-10-23 19:30:00,0.89158,0.8917,0.89111,0.89138,1475,15,0
2023-10-23 20:00:00,0.89137,0.89175,0.89107,0.89116,1342,15,0
2023-10-23 20:30:00,0.89115,0.89132,0.89051,0.89123,776,15,0
2023-10-23 21:00:00,0.89123,0.89138,0.89068,0.89077,884,17,0
2023-10-23 21:30:00,0.89076,0.89103,0.89048,0.89078,996,17,0
2023-10-23 22:00:00,0.89077,0.892,0.89074,0.89199,1311,15,0
2023-10-23 22:30:00,0.89202,0.89212,0.89133,0.89135,1027,16,0
2023-10-23 23:00:00,0.89139,0.8914,0.89095,0.89104,425,17,0
2023-10-23 23:30:00,0.89104,0.8911,0.89083,0.89099,329,22,0
2023-10-24 00:00:00,0.89084,0.89084,0.89075,0.89075,3,120,0
2023-10-24 00:30:00,0.89074,0.89095,0.89041,0.89094,214,49,0
2023-10-24 01:00:00,0.89094,0.89095,0.89053,0.89081,305,26,0
2023-10-24 01:30:00,0.8908,0.89087,0.89074,0.89081,202,27,0
2023-10-24 02:00:00,0.89086,0.89096,0.89072,0.89075,300,22,0
2023-10-24 02:30:00,0.89075,0.89092,0.89069,0.89076,623,18,0
2023-10-24 03:00:00,0.89077,0.89105,0.89056,0.89061,654,18,0
2023-10-24 03:30:00,0.89063,0.89109,0.89056,0.89074,531,17,0
2023-10-24 04:00:00,0.89074,0.89104,0.89049,0.89099,741,18,0
2023-10-24 04:30:00,0.89099,0.89116,0.89051,0.89103,733,18,0
2023-10-24 05:00:00,0.89103,0.89114,0.88992,0.89002,867,18,0
2023-10-24 05:30:00,0.89001,0.89044,0.88991,0.89039,920,15,0
2023-10-24 06:00:00,0.89038,0.89053,0.89018,0.89039,593,17,0
2023-10-24 06:30:00,0.89039,0.89071,0.89034,0.89063,678,18,0
2023-10-24 07:00:00,0.89064,0.8907,0.89048,0.89063,447,17,0
2023-10-24 07:30:00,0.89064,0.89073,0.89037,0.89055,693,16,0
2023-10-24 08:00:00,0.89056,0.89082,0.89039,0.89064,798,17,0
2023-10-24 08:30:00,0.89067,0.89098,0.89062,0.89078,840,17,0
2023-10-24 09:00:00,0.89079,0.89105,0.89005,0.89018,1041,16,0
2023-10-24 09:30:00,0.89018,0.89046,0.88949,0.88966,1381,16,0
2023-10-24 10:00:00,0.88965,0.89051,0.88873,0.89038,2564,15,0
2023-10-24 10:30:00,0.89038,0.89188,0.89038,0.89104,3180,15,0
2023-10-24 11:00:00,0.89107,0.8922,0.89107,0.89154,2797,16,0
2023-10-24 11:30:00,0.89154,0.89223,0.89108,0.89147,2356,15,0
2023-10-24 12:00:00,0.89148,0.89286,0.89148,0.89235,1758,16,0
2023-10-24 12:30:00,0.89234,0.89347,0.89234,0.89307,1764,15,0
2023-10-24 13:00:00,0.89306,0.89385,0.8929,0.89343,1701,15,0
2023-10-24 13:30:00,0.89342,0.89357,0.89305,0.89322,1348,15,0
2023-10-24 14:00:00,0.89322,0.89371,0.89303,0.89319,1684,15,0
2023-10-24 14:30:00,0.89323,0.89327,0.89255,0.89304,1673,15,0
2023-10-24 15:00:00,0.89304,0.89398,0.89293,0.89365,2188,15,0
2023-10-24 15:30:00,0.89365,0.89416,0.89344,0.89379,1712,15,0
2023-10-24 16:00:00,0.89379,0.89435,0.89368,0.89381,2270,15,0
2023-10-24 16:30:00,0.89379,0.89517,0.89344,0.8938,3884,15,0
2023-10-24 17:00:00,0.89379,0.89424,0.89275,0.89279,3740,15,0
2023-10-24 17:30:00,0.89279,0.89418,0.89269,0.89325,2892,15,0
2023-10-24 18:00:00,0.89326,0.89437,0.89314,0.89415,2531,15,0
2023-10-24 18:30:00,0.89416,0.89429,0.89342,0.89347,1792,15,0
2023-10-24 19:00:00,0.89346,0.89347,0.8927,0.89302,1831,15,0
2023-10-24 19:30:00,0.89306,0.89398,0.89305,0.8936,1477,17,0
2023-10-24 20:00:00,0.8936,0.89362,0.89302,0.89344,1685,16,0
2023-10-24 20:30:00,0.89344,0.89366,0.89303,0.89352,1126,15,0
2023-10-24 21:00:00,0.89353,0.8938,0.89333,0.89334,734,16,0
2023-10-24 21:30:00,0.89333,0.89391,0.89331,0.89339,1032,16,0
2023-10-24 22:00:00,0.89338,0.89362,0.89308,0.89344,1134,15,0
2023-10-24 22:30:00,0.89345,0.89359,0.89294,0.89308,1028,17,0
2023-10-24 23:00:00,0.89309,0.8931,0.89272,0.89278,639,21,0
2023-10-24 23:30:00,0.89278,0.89319,0.89277,0.89308,357,22,0
2023-10-25 00:00:00,0.8931,0.89315,0.89287,0.89287,9,40,0
2023-10-25 00:30:00,0.89262,0.8932,0.8925,0.89258,519,43,0
2023-10-25 01:00:00,0.89273,0.89302,0.89263,0.89277,586,29,0
2023-10-25 01:30:00,0.89285,0.89302,0.89277,0.89293,357,25,0
2023-10-25 02:00:00,0.89292,0.89304,0.89291,0.89303,307,17,0
2023-10-25 02:30:00,0.89303,0.89314,0.89289,0.89298,261,16,0
2023-10-25 03:00:00,0.89298,0.89306,0.89275,0.89295,714,15,0
2023-10-25 03:30:00,0.89295,0.89346,0.89281,0.89293,1135,17,0
2023-10-25 04:00:00,0.89293,0.89297,0.89256,0.89284,741,18,0
2023-10-25 04:30:00,0.89283,0.8932,0.89275,0.89287,471,17,0
2023-10-25 05:00:00,0.89287,0.89295,0.89261,0.89271,286,17,0
2023-10-25 05:30:00,0.89271,0.89288,0.89255,0.89272,284,16,0
2023-10-25 06:00:00,0.8927,0.89291,0.89269,0.8928,273,18,0
2023-10-25 06:30:00,0.8928,0.89293,0.89268,0.89286,286,18,0
2023-10-25 07:00:00,0.89286,0.89291,0.89271,0.89278,260,18,0
2023-10-25 07:30:00,0.89279,0.8928,0.89247,0.89257,782,16,0
2023-10-25 08:00:00,0.89256,0.89293,0.89252,0.89279,500,17,0
2023-10-25 08:30:00,0.8928,0.89288,0.8925,0.8925,743,16,0
2023-10-25 09:00:00,0.89253,0.89253,0.89197,0.89234,930,17,0
2023-10-25 09:30:00,0.89233,0.8934,0.89232,0.89337,1080,16,0
2023-10-25 10:00:00,0.89337,0.89481,0.89334,0.89457,1919,16,0
2023-10-25 10:30:00,0.89456,0.89517,0.89436,0.89459,2050,15,0
2023-10-25 11:00:00,0.89459,0.89462,0.89383,0.89402,2367,15,0
2023-10-25 11:30:00,0.89402,0.8951,0.89382,0.89504,1566,15,0
2023-10-25 12:00:00,0.89504,0.89639,0.89504,0.89639,1452,17,0
2023-10-25 12:30:00,0.89638,0.89639,0.89557,0.89595,1481,15,0
2023-10-25 13:00:00,0.89596,0.89624,0.89565,0.89574,1584,16,0
2023-10-25 13:30:00,0.89576,0.8959,0.89547,0.89571,983,15,0
2023-10-25 14:00:00,0.89569,0.89588,0.89541,0.89544,1252,15,0
2023-10-25 14:30:00,0.89544,0.8959,0.89506,0.89583,1350,15,0
2023-10-25 15:00:00,0.89582,0.89593,0.89528,0.89566,1277,17,0
2023-10-25 15:30:00,0.89567,0.89582,0.89491,0.89523,1887,15,0
2023-10-25 16:00:00,0.89521,0.89523,0.89415,0.89502,2164,15,0
2023-10-25 16:30:00,0.89504,0.89537,0.89469,0.89511,2509,15,0
2023-10-25 17:00:00,0.8951,0.89644,0.89509,0.89563,3477,15,0
2023-10-25 17:30:00,0.89566,0.89578,0.8948,0.895,2415,16,0
2023-10-25 18:00:00,0.89501,0.89619,0.89462,0.89481,3360,15,0
2023-10-25 18:30:00,0.8948,0.89507,0.89427,0.89507,2037,16,0
2023-10-25 19:00:00,0.8951,0.89613,0.8949,0.89601,1463,16,0
2023-10-25 19:30:00,0.89601,0.89677,0.89569,0.89624,1262,15,0
2023-10-25 20:00:00,0.89624,0.8967,0.89594,0.89657,2459,15,0
2023-10-25 20:30:00,0.89659,0.89679,0.89625,0.89647,1716,15,0
2023-10-25 21:00:00,0.89645,0.89653,0.89589,0.89626,1659,15,0
2023-10-25 21:30:00,0.89626,0.89662,0.89605,0.8966,1227,15,0
2023-10-25 22:00:00,0.89654,0.89668,0.89618,0.89623,1220,17,0
2023-10-25 22:30:00,0.89623,0.89659,0.89615,0.89647,1020,16,0
2023-10-25 23:00:00,0.89648,0.89664,0.89621,0.89661,681,17,0
2023-10-25 23:30:00,0.89659,0.8968,0.89656,0.89666,507,23,0
2023-10-26 00:00:00,0.89656,0.89656,0.89626,0.89626,27,39,0
2023-10-26 00:30:00,0.89626,0.89674,0.89626,0.89628,1748,38,0
2023-10-26 01:00:00,0.89628,0.89666,0.89615,0.89654,510,24,0
2023-10-26 01:30:00,0.89656,0.89673,0.89645,0.89671,1164,22,0
2023-10-26 02:00:00,0.89671,0.89732,0.89671,0.89714,285,16,0
2023-10-26 02:30:00,0.89712,0.89716,0.89658,0.89662,913,19,0
2023-10-26 03:00:00,0.89661,0.89679,0.89635,0.89671,1081,18,0
2023-10-26 03:30:00,0.89671,0.89723,0.89659,0.89702,1029,16,0
2023-10-26 04:00:00,0.89704,0.89735,0.89694,0.89696,1005,17,0
2023-10-26 04:30:00,0.89694,0.89729,0.8968,0.89723,1378,16,0
2023-10-26 05:00:00,0.89724,0.89805,0.89696,0.89788,1045,18,0
2023-10-26 05:30:00,0.89787,0.89803,0.8975,0.898,763,18,0
2023-10-26 06:00:00,0.89801,0.89809,0.89769,0.89809,749,16,0
2023-10-26 06:30:00,0.89807,0.89823,0.89764,0.89789,1153,19,0
2023-10-26 07:00:00,0.89788,0.89798,0.89775,0.89794,807,18,0
2023-10-26 07:30:00,0.89794,0.89813,0.89783,0.89807,671,17,0
2023-10-26 08:00:00,0.89808,0.89832,0.89781,0.89831,728,16,0
2023-10-26 08:30:00,0.89832,0.8986,0.89801,0.89856,605,18,0
2023-10-26 09:00:00,0.89855,0.89874,0.89831,0.8986,1626,16,0
2023-10-26 09:30:00,0.89864,0.89904,0.89786,0.89866,2677,15,0
2023-10-26 10:00:00,0.89867,0.89877,0.89819,0.89848,2396,17,0
2023-10-26 10:30:00,0.89847,0.89898,0.89794,0.89802,2207,16,0
2023-10-26 11:00:00,0.89802,0.89868,0.89791,0.89867,1896,17,0
2023-10-26 11:30:00,0.89867,0.89978,0.89849,0.89952,2032,15,0
2023-10-26 12:00:00,0.89951,0.89986,0.89848,0.89859,1550,15,0
2023-10-26 12:30:00,0.89859,0.89887,0.89818,0.89827,1573,15,0
2023-10-26 13:00:00,0.89827,0.89836,0.89779,0.89805,1528,15,0
2023-10-26 13:30:00,0.89804,0.89858,0.89783,0.89848,1433,15,0
2023-10-26 14:00:00,0.89849,0.89857,0.89826,0.8983,1158,15,0
2023-10-26 14:30:00,0.89829,0.8992,0.89802,0.89827,1654,17,0
2023-10-26 15:00:00,0.89827,0.89876,0.89753,0.89757,3032,15,0
2023-10-26 15:30:00,0.89756,0.89912,0.89667,0.89671,5150,15,0
2023-10-26 16:00:00,0.89671,0.8976,0.89655,0.89689,3515,15,0
2023-10-26 16:30:00,0.8969,0.89731,0.89625,0.89726,3893,15,0
2023-10-26 17:00:00,0.89726,0.89956,0.89718,0.89867,3481,15,0
2023-10-26 17:30:00,0.89866,0.8995,0.89819,0.89848,2776,15,0
2023-10-26 18:00:00,0.89849,0.89984,0.89818,0.89978,2913,15,0
2023-10-26 18:30:00,0.89977,0.89978,0.89904,0.89948,1748,17,0
2023-10-26 19:00:00,0.89948,0.89998,0.89939,0.89979,2143,15,0
2023-10-26 19:30:00,0.89979,0.90039,0.8995,0.90006,1771,15,0
2023-10-26 20:00:00,0.90007,0.90014,0.89932,0.89982,2219,15,0
2023-10-26 20:30:00,0.89983,0.89983,0.89898,0.89919,1596,17,0
2023-10-26 21:00:00,0.89918,0.8994,0.89896,0.89929,1286,15,0
2023-10-26 21:30:00,0.89927,0.89933,0.89867,0.89891,1343,16,0
2023-10-26 22:00:00,0.8989,0.89941,0.89876,0.89937,1218,17,0
2023-10-26 22:30:00,0.89938,0.89994,0.8992,0.89933,1092,17,0
2023-10-26 23:00:00,0.89934,0.89936,0.89851,0.89887,667,18,0
2023-10-26 23:30:00,0.89888,0.89959,0.89855,0.89862,747,22,0
2023-10-27 00:00:00,0.89816,0.89816,0.89771,0.89812,18,84,0
2023-10-27 00:30:00,0.89859,0.89901,0.89801,0.89862,2024,64,0
2023-10-27 01:00:00,0.8986,0.89896,0.89857,0.8989,292,25,0
2023-10-27 01:30:00,0.8989,0.899,0.89883,0.89891,1355,25,0
2023-10-27 02:00:00,0.89892,0.899,0.89879,0.89894,355,19,0
2023-10-27 02:30:00,0.89893,0.89898,0.89876,0.89881,795,17,0
2023-10-27 03:00:00,0.8988,0.89917,0.89858,0.89888,534,18,0
2023-10-27 03:30:00,0.89887,0.89919,0.89844,0.89915,874,17,0
2023-10-27 04:00:00,0.89914,0.89937,0.89904,0.89935,812,16,0
2023-10-27 04:30:00,0.89936,0.89945,0.89881,0.89923,752,16,0
2023-10-27 05:00:00,0.89923,0.89924,0.89836,0.89847,992,15,0
2023-10-27 05:30:00,0.89846,0.89849,0.89797,0.89822,640,16,0
2023-10-27 06:00:00,0.8982,0.89863,0.89811,0.89846,638,16,0
2023-10-27 06:30:00,0.89846,0.89874,0.89817,0.89827,398,18,0
2023-10-27 07:00:00,0.89827,0.89866,0.89823,0.89842,502,16,0
2023-10-27 07:30:00,0.89846,0.89854,0.89836,0.89853,392,15,0
2023-10-27 08:00:00,0.89854,0.89889,0.89845,0.89876,805,18,0
2023-10-27 08:30:00,0.89875,0.89893,0.89838,0.89848,845,16,0
2023-10-27 09:00:00,0.89848,0.89937,0.89838,0.89934,1171,17,0
2023-10-27 09:30:00,0.89934,0.89964,0.89897,0.89941,1397,16,0
2023-10-27 10:00:00,0.89938,0.89985,0.8983,0.89881,2291,16,0
2023-10-27 10:30:00,0.8988,0.89999,0.89876,0.89984,1879,15,0
2023-10-27 11:00:00,0.89984,0.90065,0.89976,0.90026,1457,16,0
2023-10-27 11:30:00,0.90026,0.9011,0.89991,0.90046,1799,15,0
2023-10-27 12:00:00,0.90045,0.90047,0.89947,0.89981,1372,15,0
2023-10-27 12:30:00,0.89981,0.8999,0.89919,0.89974,1419,16,0
2023-10-27 13:00:00,0.89975,0.90092,0.8997,0.90059,1537,17,0
2023-10-27 13:30:00,0.90059,0.90134,0.90025,0.90132,1170,15,0
2023-10-27 14:00:00,0.90132,0.90218,0.90128,0.90193,1695,16,0
2023-10-27 14:30:00,0.90192,0.90241,0.90166,0.90174,1934,15,0
2023-10-27 15:00:00,0.90174,0.90179,0.90081,0.90092,1862,15,0
2023-10-27 15:30:00,0.90101,0.90177,0.89995,0.90137,3200,15,0
2023-10-27 16:00:00,0.90141,0.90204,0.90031,0.90066,3698,15,0
2023-10-27 16:30:00,0.90066,0.90162,0.9005,0.90143,3133,15,0
2023-10-27 17:00:00,0.90143,0.90218,0.90046,0.90172,3715,15,0
2023-10-27 17:30:00,0.9017,0.90286,0.90156,0.90267,3261,15,0
2023-10-27 18:00:00,0.90268,0.90341,0.90209,0.90242,2614,15,0
2023-10-27 18:30:00,0.90244,0.90265,0.90183,0.90207,1683,16,0
2023-10-27 19:00:00,0.90202,0.90307,0.90174,0.90269,1990,15,0
2023-10-27 19:30:00,0.90269,0.90313,0.90253,0.90296,1793,16,0
2023-10-27 20:00:00,0.90297,0.90337,0.90262,0.90264,1459,15,0
2023-10-27 20:30:00,0.90266,0.90287,0.9018,0.90186,2200,16,0
2023-10-27 21:00:00,0.90186,0.90197,0.90128,0.9014,1574,15,0
2023-10-27 21:30:00,0.90141,0.90192,0.90093,0.90145,2014,15,0
2023-10-27 22:00:00,0.90142,0.90194,0.90131,0.90177,1293,16,0
2023-10-27 22:30:00,0.90176,0.90202,0.90144,0.90152,1005,16,0
2023-10-27 23:00:00,0.90154,0.9019,0.9013,0.90173,697,19,0
2023-10-27 23:30:00,0.90173,0.90236,0.90171,0.90204,1162,23,0
2023-10-30 00:00:00,0.90114,0.90224,0.90114,0.90214,904,25,0
2023-10-30 00:30:00,0.90213,0.90236,0.90189,0.90229,1107,24,0
2023-10-30 01:00:00,0.9023,0.90261,0.90218,0.90235,448,15,0
2023-10-30 01:30:00,0.90233,0.90239,0.90191,0.90238,388,19,0
2023-10-30 02:00:00,0.90237,0.90322,0.90236,0.90309,526,15,0
2023-10-30 02:30:00,0.90308,0.90309,0.90264,0.90295,493,16,0
2023-10-30 03:00:00,0.90295,0.90316,0.90275,0.90297,437,17,0
2023-10-30 03:30:00,0.90296,0.90318,0.90285,0.90291,290,16,0
2023-10-30 04:00:00,0.90291,0.90311,0.90276,0.90288,317,16,0
2023-10-30 04:30:00,0.90288,0.90304,0.90276,0.90299,309,18,0
2023-10-30 05:00:00,0.903,0.90333,0.90289,0.90332,216,18,0
2023-10-30 05:30:00,0.90332,0.90339,0.9032,0.90327,168,17,0
2023-10-30 06:00:00,0.90329,0.90336,0.90314,0.90318,174,17,0
2023-10-30 06:30:00,0.9032,0.90329,0.90306,0.90309,332,17,0
2023-10-30 07:00:00,0.90312,0.90326,0.90298,0.90317,154,18,0
2023-10-30 07:30:00,0.90318,0.9032,0.90293,0.90303,157,18,0
2023-10-30 08:00:00,0.90303,0.90316,0.90242,0.90257,365,18,0
2023-10-30 08:30:00,0.90258,0.90292,0.90217,0.90244,1014,16,0
2023-10-30 09:00:00,0.90245,0.90263,0.90202,0.90243,1491,17,0
2023-10-30 09:30:00,0.90244,0.90353,0.90242,0.90353,1401,16,0
2023-10-30 10:00:00,0.90357,0.90401,0.9029,0.90327,2641,16,0
2023-10-30 10:30:00,0.90327,0.90337,0.90241,0.90244,1612,17,0
2023-10-30 11:00:00,0.90244,0.90285,0.90225,0.90268,1915,15,0
2023-10-30 11:30:00,0.90271,0.90316,0.90247,0.90311,1281,15,0
2023-10-30 12:00:00,0.90311,0.9039,0.90266,0.90364,1945,15,0
2023-10-30 12:30:00,0.90364,0.90429,0.90336,0.90425,1755,16,0
2023-10-30 13:00:00,0.90424,0.90479,0.90402,0.90453,1495,15,0
2023-10-30 13:30:00,0.90453,0.90453,0.90362,0.90422,1821,15,0
2023-10-30 14:00:00,0.90421,0.90442,0.90311,0.90334,1932,15,0
2023-10-30 14:30:00,0.90334,0.90339,0.902,0.90201,2110,15,0
2023-10-30 15:00:00,0.90201,0.90254,0.90153,0.90238,2188,15,0
2023-10-30 15:30:00,0.90233,0.90286,0.90183,0.90209,2387,16,0
2023-10-30 16:00:00,0.90211,0.90227,0.90096,0.90217,4016,15,0
2023-10-30 16:30:00,0.90217,0.90276,0.90182,0.90244,2524,15,0
2023-10-30 17:00:00,0.90244,0.90281,0.90126,0.90144,2716,15,0
2023-10-30 17:30:00,0.90144,0.90185,0.90068,0.90164,2185,16,0
2023-10-30 18:00:00,0.90164,0.90223,0.90133,0.90187,1811,16,0
2023-10-30 18:30:00,0.90191,0.90252,0.90153,0.9022,1167,17,0
2023-10-30 19:00:00,0.9022,0.90303,0.90198,0.90229,1313,16,0
2023-10-30 19:30:00,0.90232,0.9024,0.90182,0.90222,1114,16,0
2023-10-30 20:00:00,0.90223,0.90239,0.90153,0.90155,702,16,0
2023-10-30 20:30:00,0.90158,0.90176,0.90132,0.90165,629,17,0
2023-10-30 21:00:00,0.90165,0.90169,0.90134,0.90166,554,16,0
2023-10-30 21:30:00,0.90161,0.90176,0.90144,0.90148,501,17,0
2023-10-30 22:00:00,0.90149,0.90183,0.90144,0.90182,203,20,0
2023-10-30 22:30:00,0.90183,0.90199,0.90167,0.90187,312,23,0
2023-10-30 23:00:00,0.90153,0.90157,0.90153,0.90157,2,115,0
2023-10-30 23:30:00,0.90153,0.90171,0.90137,0.90158,65,63,0
2023-10-31 00:00:00,0.90158,0.90199,0.90154,0.90199,173,26,0
2023-10-31 00:30:00,0.90201,0.90203,0.90179,0.90203,324,29,0
2023-10-31 01:00:00,0.90202,0.90227,0.90195,0.90218,156,20,0
2023-10-31 01:30:00,0.90216,0.90216,0.90192,0.902,130,21,0
2023-10-31 02:00:00,0.90198,0.90223,0.90171,0.90179,421,17,0
2023-10-31 02:30:00,0.90179,0.90212,0.90164,0.90183,620,18,0
2023-10-31 03:00:00,0.90181,0.90222,0.90161,0.90207,371,17,0
2023-10-31 03:30:00,0.90208,0.90238,0.9019,0.9019,518,15,0
2023-10-31 04:00:00,0.9019,0.90262,0.90183,0.90233,678,17,0
2023-10-31 04:30:00,0.90234,0.90235,0.90203,0.90222,250,18,0
2023-10-31 05:00:00,0.90221,0.90295,0.90212,0.90268,831,18,0
2023-10-31 05:30:00,0.90271,0.90309,0.90249,0.90269,1951,15,0
2023-10-31 06:00:00,0.9027,0.90289,0.90235,0.90236,958,15,0
2023-10-31 06:30:00,0.90237,0.90262,0.90216,0.90225,609,17,0
2023-10-31 07:00:00,0.90227,0.90231,0.90184,0.90189,373,18,0
2023-10-31 07:30:00,0.90191,0.90208,0.90178,0.9018,756,18,0
2023-10-31 08:00:00,0.90179,0.90216,0.90161,0.90186,1013,15,0
2023-10-31 08:30:00,0.90185,0.90197,0.90134,0.90179,1192,16,0
2023-10-31 09:00:00,0.90181,0.90268,0.90176,0.90254,1834,15,0
2023-10-31 09:30:00,0.90255,0.90257,0.90166,0.90188,1874,15,0
2023-10-31 10:00:00,0.90189,0.90254,0.90123,0.90128,2355,15,0
2023-10-31 10:30:00,0.90129,0.90184,0.90091,0.90114,1802,15,0
2023-10-31 11:00:00,0.90113,0.90227,0.90087,0.90222,2264,15,0
2023-10-31 11:30:00,0.90224,0.90243,0.90146,0.9016,2692,15,0
2023-10-31 12:00:00,0.90165,0.90207,0.90101,0.90173,2433,15,0
2023-10-31 12:30:00,0.90171,0.90219,0.90159,0.90204,1575,15,0
2023-10-31 13:00:00,0.90203,0.90257,0.90166,0.90233,1327,15,0
2023-10-31 13:30:00,0.90234,0.90273,0.9021,0.90254,1263,16,0
2023-10-31 14:00:00,0.90254,0.90292,0.90236,0.90258,1424,15,0
2023-10-31 14:30:00,0.90256,0.90481,0.90256,0.90473,2978,15,0
2023-10-31 15:00:00,0.90474,0.90624,0.90414,0.90604,2963,15,0
2023-10-31 15:30:00,0.90605,0.90677,0.90576,0.90639,3309,15,0
2023-10-31 16:00:00,0.9064,0.90738,0.90616,0.90641,3876,15,0
2023-10-31 16:30:00,0.90641,0.90768,0.906,0.90722,2631,15,0
2023-10-31 17:00:00,0.90723,0.90889,0.90702,0.90862,3374,15,0
2023-10-31 17:30:00,0.90862,0.90997,0.90806,0.90994,3553,15,0
2023-10-31 18:00:00,0.90993,0.91037,0.90934,0.90964,2976,15,0
2023-10-31 18:30:00,0.90965,0.91023,0.90938,0.90941,1865,15,0
2023-10-31 19:00:00,0.90941,0.90942,0.90789,0.90851,2773,16,0
2023-10-31 19:30:00,0.90851,0.90972,0.90848,0.90948,1265,17,0
2023-10-31 20:00:00,0.90949,0.90983,0.90938,0.9097,735,16,0
2023-10-31 20:30:00,0.90971,0.91018,0.90915,0.90915,1347,16,0
2023-10-31 21:00:00,0.90914,0.90924,0.90886,0.90909,688,15,0
2023-10-31 21:30:00,0.90909,0.90964,0.90893,0.90957,948,16,0
2023-10-31 22:00:00,0.90954,0.91023,0.90945,0.9102,648,18,0
2023-10-31 22:30:00,0.9102,0.91051,0.91007,0.91033,615,23,0
2023-10-31 23:00:00,0.90849,0.90922,0.9073,0.90921,54,120,0
2023-10-31 23:30:00,0.90925,0.90966,0.90924,0.90949,65,102,0
2023-11-01 00:00:00,0.90983,0.91021,0.90958,0.90975,314,24,0
2023-11-01 00:30:00,0.90974,0.90983,0.90942,0.90959,261,28,0
2023-11-01 01:00:00,0.90958,0.91,0.90948,0.90965,560,18,0
2023-11-01 01:30:00,0.90966,0.91002,0.90965,0.90996,388,19,0
2023-11-01 02:00:00,0.90997,0.91026,0.90972,0.91022,361,15,0
2023-11-01 02:30:00,0.91023,0.91064,0.91007,0.91009,507,16,0
2023-11-01 03:00:00,0.91009,0.91041,0.90978,0.9099,641,17,0
2023-11-01 03:30:00,0.9099,0.91046,0.90966,0.91035,566,16,0
2023-11-01 04:00:00,0.91036,0.91058,0.90994,0.91002,461,15,0
2023-11-01 04:30:00,0.91002,0.91009,0.90976,0.90982,475,19,0
2023-11-01 05:00:00,0.90984,0.90993,0.90956,0.90959,406,18,0
2023-11-01 05:30:00,0.90958,0.90964,0.90933,0.90964,522,18,0
2023-11-01 06:00:00,0.90965,0.90992,0.90961,0.90973,312,16,0
2023-11-01 06:30:00,0.90973,0.90997,0.90972,0.90977,296,18,0
2023-11-01 07:00:00,0.90979,0.91003,0.90944,0.90946,513,16,0
2023-11-01 07:30:00,0.90946,0.90983,0.90942,0.90944,847,17,0
2023-11-01 08:00:00,0.90944,0.90958,0.90914,0.90914,681,18,0
2023-11-01 08:30:00,0.90919,0.90921,0.90843,0.90848,997,17,0
2023-11-01 09:00:00,0.90849,0.9089,0.90833,0.90882,1797,15,0
2023-11-01 09:30:00,0.90882,0.90932,0.90859,0.90915,1750,15,0
2023-11-01 10:00:00,0.90914,0.90947,0.90868,0.90919,2338,16,0
2023-11-01 10:30:00,0.90921,0.90991,0.9092,0.90982,1677,17,0
2023-11-01 11:00:00,0.90981,0.90991,0.90922,0.9095,1586,15,0
2023-11-01 11:30:00,0.90946,0.91005,0.90938,0.90947,1646,15,0
2023-11-01 12:00:00,0.90947,0.90963,0.90883,0.90895,1176,17,0
2023-11-01 12:30:00,0.90895,0.9092,0.9085,0.90898,1218,17,0
2023-11-01 13:00:00,0.90896,0.90914,0.90862,0.90885,1675,16,0
2023-11-01 13:30:00,0.90886,0.90916,0.90851,0.90914,1401,17,0
2023-11-01 14:00:00,0.90913,0.90924,0.90784,0.90828,2667,15,0
2023-11-01 14:30:00,0.90814,0.90842,0.90703,0.90803,3777,15,0
2023-11-01 15:00:00,0.90804,0.90939,0.90795,0.90937,2411,16,0
2023-11-01 15:30:00,0.9094,0.90969,0.90839,0.90899,2487,15,0
2023-11-01 16:00:00,0.90719,0.90896,0.90693,0.90806,5304,16,0
2023-11-01 16:30:00,0.90805,0.90864,0.90777,0.90852,3297,15,0
2023-11-01 17:00:00,0.90849,0.90977,0.9079,0.90977,2158,16,0
2023-11-01 17:30:00,0.90978,0.91033,0.9091,0.91019,2096,15,0
2023-11-01 18:00:00,0.91019,0.91029,0.90981,0.91006,1718,16,0
2023-11-01 18:30:00,0.91005,0.91054,0.90984,0.91029,1159,16,0
2023-11-01 19:00:00,0.91029,0.91063,0.90997,0.91047,1485,16,0
2023-11-01 19:30:00,0.91048,0.91057,0.90971,0.90973,1554,16,0
2023-11-01 20:00:00,0.91002,0.91031,0.9085,0.9099,4170,16,0
2023-11-01 20:30:00,0.9099,0.91117,0.90842,0.90891,7059,15,0
2023-11-01 21:00:00,0.90893,0.90894,0.90772,0.90824,5218,16,0
2023-11-01 21:30:00,0.90823,0.90824,0.90758,0.90774,3689,16,0
2023-11-01 22:00:00,0.90775,0.90793,0.90721,0.90784,653,19,0
2023-11-01 22:30:00,0.90784,0.90792,0.9075,0.90763,702,25,0
2023-11-01 23:00:00,0.90687,0.90687,0.90667,0.90673,3,120,0
2023-11-01 23:30:00,0.90686,0.90734,0.90658,0.90678,1445,56,0
2023-11-02 00:00:00,0.90716,0.90761,0.90698,0.90728,197,23,0
2023-11-02 00:30:00,0.9073,0.9073,0.90662,0.90664,267,28,0
2023-11-02 01:00:00,0.90664,0.90673,0.90593,0.906,784,15,0
2023-11-02 01:30:00,0.906,0.90618,0.90548,0.90549,900,17,0
2023-11-02 02:00:00,0.90549,0.90585,0.90484,0.90491,1206,17,0
2023-11-02 02:30:00,0.9049,0.90503,0.90463,0.90468,732,18,0
2023-11-02 03:00:00,0.90467,0.90505,0.90441,0.90498,906,18,0
2023-11-02 03:30:00,0.90499,0.90511,0.90474,0.90478,318,17,0
2023-11-02 04:00:00,0.90479,0.90495,0.90468,0.90475,614,17,0
2023-11-02 04:30:00,0.90478,0.90483,0.90314,0.90325,695,15,0
2023-11-02 05:00:00,0.90323,0.90346,0.90249,0.90252,824,15,0
2023-11-02 05:30:00,0.90252,0.90274,0.90239,0.90256,826,15,0
2023-11-02 06:00:00,0.90258,0.90314,0.90256,0.90307,791,15,0
2023-11-02 06:30:00,0.90306,0.90346,0.90306,0.90322,532,16,0
2023-11-02 07:00:00,0.90323,0.9041,0.90303,0.90372,644,17,0
2023-11-02 07:30:00,0.90374,0.90425,0.90374,0.90403,703,19,0
2023-11-02 08:00:00,0.90402,0.90432,0.90389,0.90396,774,17,0
2023-11-02 08:30:00,0.90395,0.90425,0.90362,0.90381,935,16,0
2023-11-02 09:00:00,0.9038,0.90488,0.90376,0.90418,1281,17,0
2023-11-02 09:30:00,0.90416,0.9046,0.90373,0.90429,1651,16,0
2023-11-02 10:00:00,0.90429,0.90559,0.90427,0.90485,2404,16,0
2023-11-02 10:30:00,0.90485,0.9052,0.90454,0.90509,1739,15,0
2023-11-02 11:00:00,0.9051,0.90547,0.90377,0.9038,1687,15,0
2023-11-02 11:30:00,0.90383,0.90383,0.90269,0.90298,1750,16,0
2023-11-02 12:00:00,0.90297,0.90382,0.90284,0.90342,1453,15,0
2023-11-02 12:30:00,0.90342,0.90367,0.90326,0.90341,1169,17,0
2023-11-02 13:00:00,0.9034,0.90443,0.90324,0.90417,1482,15,0
2023-11-02 13:30:00,0.90416,0.90494,0.90403,0.90456,1463,16,0
2023-11-02 14:00:00,0.90449,0.90465,0.90338,0.90406,2600,15,0
2023-11-02 14:30:00,0.90408,0.90408,0.90216,0.90221,4074,15,0
2023-11-02 15:00:00,0.90221,0.90331,0.9017,0.90306,2606,15,0
2023-11-02 15:30:00,0.90305,0.90373,0.90258,0.9033,3140,15,0
2023-11-02 16:00:00,0.90329,0.90464,0.90325,0.90464,2844,15,0
2023-11-02 16:30:00,0.90464,0.9048,0.90394,0.90439,2683,15,0
2023-11-02 17:00:00,0.9044,0.90484,0.90393,0.90455,2349,15,0
2023-11-02 17:30:00,0.90454,0.90638,0.90454,0.90605,2246,15,0
2023-11-02 18:00:00,0.90606,0.90664,0.90593,0.90617,1559,15,0
2023-11-02 18:30:00,0.90616,0.90678,0.90566,0.90592,1381,15,0
2023-11-02 19:00:00,0.90592,0.90598,0.90496,0.90501,1553,17,0
2023-11-02 19:30:00,0.905,0.905,0.90458,0.90499,1016,16,0
2023-11-02 20:00:00,0.90499,0.90531,0.9047,0.9052,1007,15,0
2023-11-02 20:30:00,0.9052,0.90576,0.90508,0.90565,1092,16,0
2023-11-02 21:00:00,0.90568,0.90601,0.90558,0.90598,737,18,0
2023-11-02 21:30:00,0.90599,0.90616,0.90575,0.90578,701,16,0
2023-11-02 22:00:00,0.90579,0.90609,0.90573,0.9059,444,17,0
2023-11-02 22:30:00,0.90593,0.90597,0.90573,0.9058,396,23,0
2023-11-02 23:00:00,0.9058,0.90581,0.9058,0.9058,8,82,0
2023-11-02 23:30:00,0.9058,0.9058,0.90566,0.90569,106,44,0
2023-11-03 00:00:00,0.90569,0.90578,0.90547,0.90571,441,26,0
2023-11-03 00:30:00,0.90572,0.90596,0.90564,0.90592,652,26,0
2023-11-03 01:00:00,0.90591,0.90603,0.9058,0.90586,220,17,0
2023-11-03 01:30:00,0.90587,0.90609,0.90585,0.90608,105,19,0
2023-11-03 02:00:00,0.90607,0.90607,0.90547,0.90601,394,18,0
2023-11-03 02:30:00,0.90601,0.90601,0.90563,0.90565,300,18,0
2023-11-03 03:00:00,0.90564,0.90608,0.90564,0.90573,337,19,0
2023-11-03 03:30:00,0.90575,0.90585,0.9056,0.90566,739,19,0
2023-11-03 04:00:00,0.90565,0.90578,0.90532,0.90545,496,20,0
2023-11-03 04:30:00,0.90544,0.90557,0.90529,0.90533,389,19,0
2023-11-03 05:00:00,0.90534,0.90554,0.90522,0.90531,310,19,0
2023-11-03 05:30:00,0.90531,0.9057,0.90525,0.9056,718,18,0
2023-11-03 06:00:00,0.90559,0.90563,0.90525,0.90536,261,15,0
2023-11-03 06:30:00,0.90534,0.90556,0.90528,0.90535,361,17,0
2023-11-03 07:00:00,0.90536,0.90539,0.90515,0.90528,188,19,0
2023-11-03 07:30:00,0.90529,0.90529,0.90496,0.905,300,18,0
2023-11-03 08:00:00,0.90496,0.90524,0.90486,0.90508,486,17,0
2023-11-03 08:30:00,0.9051,0.90545,0.90506,0.9054,372,17,0
2023-11-03 09:00:00,0.90541,0.90574,0.90506,0.90516,702,17,0
2023-11-03 09:30:00,0.90517,0.90601,0.90512,0.9059,894,18,0
2023-11-03 10:00:00,0.90591,0.90658,0.90573,0.90632,1148,15,0
2023-11-03 10:30:00,0.90633,0.90683,0.90631,0.90678,965,16,0
2023-11-03 11:00:00,0.90678,0.90732,0.90633,0.90633,1468,16,0
2023-11-03 11:30:00,0.90632,0.90632,0.90387,0.90412,1232,15,0
2023-11-03 12:00:00,0.90413,0.9047,0.90412,0.90469,1447,16,0
2023-11-03 12:30:00,0.90468,0.90479,0.90434,0.90476,860,16,0
2023-11-03 13:00:00,0.90475,0.90486,0.90409,0.90411,1096,15,0
2023-11-03 13:30:00,0.90412,0.90499,0.90404,0.9047,1623,15,0
2023-11-03 14:00:00,0.90469,0.90482,0.9039,0.9041,1905,15,0
2023-11-03 14:30:00,0.9041,0.9041,0.89881,0.89909,5842,15,0
2023-11-03 15:00:00,0.89909,0.90047,0.89863,0.90031,3769,15,0
2023-11-03 15:30:00,0.90028,0.90037,0.89845,0.89942,3119,15,0
2023-11-03 16:00:00,0.8992,0.90131,0.89816,0.90073,5359,15,0
2023-11-03 16:30:00,0.90072,0.90087,0.89889,0.89899,3396,15,0
2023-11-03 17:00:00,0.89897,0.89904,0.89793,0.89816,2744,15,0
2023-11-03 17:30:00,0.89814,0.89903,0.89792,0.89831,2553,16,0
2023-11-03 18:00:00,0.8983,0.89845,0.89751,0.89785,2672,16,0
2023-11-03 18:30:00,0.89785,0.89785,0.89696,0.89702,1796,16,0
2023-11-03 19:00:00,0.89699,0.89824,0.89645,0.89804,2104,16,0
2023-11-03 19:30:00,0.89803,0.89825,0.89743,0.89783,1272,16,0
2023-11-03 20:00:00,0.89783,0.8979,0.89746,0.8976,1037,16,0
2023-11-03 20:30:00,0.89759,0.89803,0.89744,0.89795,951,18,0
2023-11-03 21:00:00,0.89795,0.89836,0.89779,0.89823,679,18,0
2023-11-03 21:30:00,0.89841,0.89898,0.89832,0.89896,960,16,0
2023-11-03 22:00:00,0.89896,0.89899,0.89871,0.89883,299,19,0
2023-11-03 22:30:00,0.89893,0.8994,0.89846,0.89846,547,22,0
2023-11-06 00:00:00,0.9011,0.90144,0.89832,0.89855,111,120,0
2023-11-06 00:30:00,0.89854,0.89872,0.89845,0.89853,280,89,0
2023-11-06 01:00:00,0.89858,0.89947,0.89858,0.89926,509,19,0
2023-11-06 01:30:00,0.89926,0.89949,0.89897,0.89912,265,20,0
2023-11-06 02:00:00,0.89912,0.89954,0.89907,0.89916,691,18,0
2023-11-06 02:30:00,0.89915,0.89915,0.89867,0.89885,433,17,0
2023-11-06 03:00:00,0.89884,0.89894,0.89855,0.89856,424,17,0
2023-11-06 03:30:00,0.89856,0.89856,0.898,0.89804,498,15,0
2023-11-06 04:00:00,0.89799,0.89814,0.89755,0.89765,854,15,0
2023-11-06 04:30:00,0.89764,0.89805,0.89764,0.89768,416,17,0
2023-11-06 05:00:00,0.89769,0.8978,0.89733,0.89753,737,16,0
2023-11-06 05:30:00,0.89753,0.89769,0.89727,0.89734,194,15,0
2023-11-06 06:00:00,0.89731,0.89745,0.89719,0.89728,268,19,0
2023-11-06 06:30:00,0.89728,0.89747,0.89722,0.89732,220,19,0
2023-11-06 07:00:00,0.89732,0.89746,0.89685,0.89707,239,15,0
2023-11-06 07:30:00,0.89709,0.89719,0.89661,0.897,580,17,0
2023-11-06 08:00:00,0.89701,0.89704,0.8965,0.8966,436,15,0
2023-11-06 08:30:00,0.89659,0.89707,0.89645,0.89691,509,15,0
2023-11-06 09:00:00,0.89691,0.89723,0.89625,0.89718,1397,15,0
2023-11-06 09:30:00,0.89717,0.8979,0.8967,0.89787,1435,17,0
2023-11-06 10:00:00,0.89788,0.89806,0.89603,0.89606,2510,15,0
2023-11-06 10:30:00,0.89607,0.89625,0.89529,0.89576,2022,15,0
2023-11-06 11:00:00,0.89575,0.89639,0.89571,0.89631,1810,15,0
2023-11-06 11:30:00,0.89631,0.89659,0.89583,0.89611,1343,15,0
2023-11-06 12:00:00,0.8961,0.89659,0.89578,0.8961,1202,15,0
2023-11-06 12:30:00,0.8961,0.89647,0.89603,0.89629,923,17,0
2023-11-06 13:00:00,0.89628,0.89683,0.896,0.89677,1454,16,0
2023-11-06 13:30:00,0.89676,0.89715,0.89645,0.89714,1044,16,0
2023-11-06 14:00:00,0.89715,0.89773,0.89709,0.89762,881,16,0
2023-11-06 14:30:00,0.89761,0.89825,0.89702,0.8977,1366,15,0
2023-11-06 15:00:00,0.89769,0.89871,0.89762,0.89798,1562,16,0
2023-11-06 15:30:00,0.89797,0.89831,0.89767,0.89811,1374,15,0
2023-11-06 16:00:00,0.89812,0.89848,0.89754,0.89821,1578,15,0
2023-11-06 16:30:00,0.89819,0.89826,0.8972,0.89766,1551,15,0
2023-11-06 17:00:00,0.89765,0.89853,0.89755,0.89786,1788,16,0
2023-11-06 17:30:00,0.89787,0.89839,0.89709,0.89713,1849,16,0
2023-11-06 18:00:00,0.89713,0.89764,0.89667,0.89731,1648,15,0
2023-11-06 18:30:00,0.89733,0.89742,0.89676,0.89683,837,16,0
2023-11-06 19:00:00,0.89682,0.89749,0.89679,0.89741,1027,16,0
2023-11-06 19:30:00,0.89744,0.89788,0.89739,0.89774,794,15,0
2023-11-06 20:00:00,0.89773,0.89834,0.89771,0.89812,872,15,0
2023-11-06 20:30:00,0.89813,0.89828,0.89777,0.8979,820,16,0
2023-11-06 21:00:00,0.89791,0.89877,0.89779,0.8985,1162,15,0
2023-11-06 21:30:00,0.89851,0.89863,0.89828,0.89847,959,15,0
2023-11-06 22:00:00,0.89846,0.89873,0.89845,0.89869,894,16,0
2023-11-06 22:30:00,0.89871,0.89885,0.89855,0.89884,797,23,0
2023-11-06 23:00:00,0.89883,0.89932,0.89876,0.89923,739,23,0
2023-11-06 23:30:00,0.89923,0.89932,0.89903,0.89921,386,23,0
2023-11-07 00:00:00,0.89922,0.89922,0.89869,0.89906,33,37,0
2023-11-07 00:30:00,0.89916,0.89916,0.89829,0.89863,688,41,0
2023-11-07 01:00:00,0.89857,0.89926,0.89857,0.89894,263,17,0
2023-11-07 01:30:00,0.89895,0.89922,0.8989,0.89917,276,20,0
2023-11-07 02:00:00,0.89918,0.89921,0.8989,0.89893,250,18,0
2023-11-07 02:30:00,0.89893,0.89905,0.89862,0.89894,259,16,0
2023-11-07 03:00:00,0.89895,0.89932,0.89886,0.89897,509,17,0
2023-11-07 03:30:00,0.89899,0.89924,0.89879,0.89908,477,20,0
2023-11-07 04:00:00,0.89909,0.89954,0.89909,0.89941,331,18,0
2023-11-07 04:30:00,0.89941,0.89945,0.8992,0.8993,184,19,0
2023-11-07 05:00:00,0.89926,0.8995,0.89924,0.89924,206,16,0
2023-11-07 05:30:00,0.89922,0.89964,0.89898,0.89954,932,15,0
2023-11-07 06:00:00,0.89953,0.89986,0.89938,0.89986,510,15,0
2023-11-07 06:30:00,0.89987,0.9004,0.89986,0.90031,376,17,0
2023-11-07 07:00:00,0.90031,0.90054,0.90026,0.90029,783,15,0
2023-11-07 07:30:00,0.90028,0.90047,0.90017,0.9002,904,15,0
2023-11-07 08:00:00,0.9002,0.90108,0.89998,0.90081,1288,16,0
2023-11-07 08:30:00,0.90086,0.90092,0.90054,0.90074,1417,18,0
2023-11-07 09:00:00,0.90072,0.90105,0.90044,0.90053,959,17,0
2023-11-07 09:30:00,0.90054,0.9008,0.90012,0.90024,1032,17,0
2023-11-07 10:00:00,0.90022,0.90038,0.89951,0.89976,2012,16,0
2023-11-07 10:30:00,0.89978,0.89981,0.89894,0.89896,2150,16,0
2023-11-07 11:00:00,0.89896,0.89943,0.89895,0.89906,1617,15,0
2023-11-07 11:30:00,0.89906,0.90021,0.89906,0.90013,1697,16,0
2023-11-07 12:00:00,0.90014,0.90026,0.8993,0.89981,1687,15,0
2023-11-07 12:30:00,0.8998,0.90038,0.89942,0.90026,1641,16,0
2023-11-07 13:00:00,0.90028,0.90087,0.90018,0.90079,1564,16,0
2023-11-07 13:30:00,0.90079,0.90148,0.90069,0.90085,1369,17,0
2023-11-07 14:00:00,0.90085,0.90121,0.90037,0.90119,1685,17,0
2023-11-07 14:30:00,0.9012,0.90141,0.90066,0.90127,1642,16,0
2023-11-07 15:00:00,0.90128,0.90144,0.90059,0.90099,1707,17,0
2023-11-07 15:30:00,0.90098,0.90126,0.90059,0.90061,1290,16,0
2023-11-07 16:00:00,0.9006,0.90159,0.90054,0.90083,2098,16,0
2023-11-07 16:30:00,0.90083,0.90162,0.90073,0.90096,2278,15,0
2023-11-07 17:00:00,0.90096,0.90104,0.89976,0.89983,1679,15,0
2023-11-07 17:30:00,0.89983,0.90066,0.89915,0.9003,2535,15,0
2023-11-07 18:00:00,0.90029,0.90057,0.89977,0.90044,1839,15,0
2023-11-07 18:30:00,0.90041,0.90059,0.89988,0.90045,1432,17,0
2023-11-07 19:00:00,0.90046,0.90147,0.90043,0.90144,1279,15,0
2023-11-07 19:30:00,0.90144,0.90179,0.9012,0.90125,1437,15,0
2023-11-07 20:00:00,0.90126,0.90131,0.90025,0.90034,1452,16,0
2023-11-07 20:30:00,0.90035,0.90082,0.89976,0.89984,1269,17,0
2023-11-07 21:00:00,0.89984,0.90003,0.89962,0.89971,1257,16,0
2023-11-07 21:30:00,0.89971,0.90024,0.89961,0.90022,769,17,0
2023-11-07 22:00:00,0.90021,0.90052,0.90013,0.90024,644,20,0
2023-11-07 22:30:00,0.90026,0.90045,0.90015,0.90037,404,23,0
2023-11-07 23:00:00,0.90038,0.90042,0.89977,0.89981,725,23,0
2023-11-07 23:30:00,0.89982,0.90008,0.89973,0.89993,469,25,0
2023-11-08 00:00:00,0.89994,0.89994,0.8989,0.8993,15,31,0
2023-11-08 00:30:00,0.89902,0.90005,0.89902,0.89935,289,22,0
2023-11-08 01:00:00,0.89938,0.90045,0.89934,0.90042,546,19,0
2023-11-08 01:30:00,0.90042,0.90042,0.89983,0.89993,231,15,0
2023-11-08 02:00:00,0.89991,0.90024,0.89991,0.90003,211,19,0
2023-11-08 02:30:00,0.90004,0.90088,0.90004,0.90071,302,18,0
2023-11-08 03:00:00,0.9007,0.90084,0.90044,0.90065,446,17,0
2023-11-08 03:30:00,0.90064,0.90102,0.9004,0.90044,494,19,0
2023-11-08 04:00:00,0.90045,0.90061,0.89979,0.90001,645,18,0
2023-11-08 04:30:00,0.9,0.90035,0.89999,0.9002,437,17,0
2023-11-08 05:00:00,0.9002,0.90045,0.90004,0.90037,334,16,0
2023-11-08 05:30:00,0.90037,0.90082,0.90035,0.90054,253,17,0
2023-11-08 06:00:00,0.90056,0.90067,0.90052,0.90062,163,17,0
2023-11-08 06:30:00,0.90062,0.90066,0.90043,0.90047,175,17,0
2023-11-08 07:00:00,0.90047,0.9007,0.90041,0.9007,143,17,0
2023-11-08 07:30:00,0.90071,0.90099,0.90067,0.90097,303,18,0
2023-11-08 08:00:00,0.90098,0.90122,0.90094,0.90109,698,16,0
2023-11-08 08:30:00,0.90108,0.90134,0.90097,0.90133,547,19,0
2023-11-08 09:00:00,0.90132,0.90232,0.90126,0.9022,1184,16,0
2023-11-08 09:30:00,0.9022,0.90221,0.9011,0.90152,1532,17,0
2023-11-08 10:00:00,0.90151,0.90196,0.90124,0.9014,1903,16,0
2023-11-08 10:30:00,0.90139,0.90204,0.90132,0.90176,1824,17,0
2023-11-08 11:00:00,0.90177,0.90214,0.90153,0.90172,2363,16,0
2023-11-08 11:30:00,0.90171,0.9023,0.90158,0.90198,1951,16,0
2023-11-08 12:00:00,0.90198,0.90221,0.90179,0.90207,1409,16,0
2023-11-08 12:30:00,0.90207,0.90232,0.90141,0.90143,1195,15,0
2023-11-08 13:00:00,0.90141,0.90144,0.90061,0.90069,1466,15,0
2023-11-08 13:30:00,0.90068,0.90075,0.90009,0.90031,1130,16,0
2023-11-08 14:00:00,0.90029,0.90065,0.89989,0.90005,1186,15,0
2023-11-08 14:30:00,0.90004,0.90022,0.89936,0.89992,1294,16,0
2023-11-08 15:00:00,0.89992,0.90021,0.8993,0.90014,1561,17,0
2023-11-08 15:30:00,0.90015,0.90098,0.89995,0.90009,1919,15,0
2023-11-08 16:00:00,0.90009,0.90051,0.89954,0.90006,1719,15,0
2023-11-08 16:30:00,0.90009,0.90023,0.89867,0.89912,2636,15,0
2023-11-08 17:00:00,0.89911,0.89984,0.89897,0.89958,2040,15,0
2023-11-08 17:30:00,0.89954,0.89999,0.89817,0.89849,2285,15,0
2023-11-08 18:00:00,0.89848,0.89874,0.89759,0.89795,2323,16,0
2023-11-08 18:30:00,0.89798,0.89824,0.89767,0.89795,1929,15,0
2023-11-08 19:00:00,0.89795,0.89912,0.89795,0.89889,2060,17,0
2023-11-08 19:30:00,0.89891,0.89946,0.89877,0.89918,1349,17,0
2023-11-08 20:00:00,0.89919,0.89968,0.89859,0.89955,1872,16,0
2023-11-08 20:30:00,0.89952,0.89953,0.89918,0.8994,855,17,0
2023-11-08 21:00:00,0.89941,0.8996,0.89927,0.8996,730,16,0
2023-11-08 21:30:00,0.89959,0.89983,0.89947,0.8997,919,16,0
2023-11-08 22:00:00,0.8997,0.89985,0.89918,0.89932,610,17,0
2023-11-08 22:30:00,0.89932,0.89944,0.89902,0.89907,512,24,0
2023-11-08 23:00:00,0.89905,0.89921,0.89897,0.89916,519,22,0
2023-11-08 23:30:00,0.89917,0.89926,0.89911,0.89914,867,26,0
2023-11-09 00:00:00,0.89906,0.89918,0.89906,0.89912,13,77,0
2023-11-09 00:30:00,0.89914,0.89917,0.89842,0.89847,1127,83,0
2023-11-09 01:00:00,0.89851,0.89904,0.8985,0.89893,182,19,0
2023-11-09 01:30:00,0.89894,0.89925,0.89888,0.89902,266,16,0
2023-11-09 02:00:00,0.89903,0.89959,0.89897,0.89949,188,17,0
2023-11-09 02:30:00,0.89949,0.89957,0.89934,0.89945,182,20,0
2023-11-09 03:00:00,0.89946,0.89962,0.89916,0.89921,332,18,0
2023-11-09 03:30:00,0.89922,0.89943,0.89865,0.89879,403,17,0
2023-11-09 04:00:00,0.89879,0.89915,0.89878,0.89906,295,17,0
2023-11-09 04:30:00,0.89907,0.89951,0.89902,0.89938,194,15,0
2023-11-09 05:00:00,0.89939,0.89951,0.89922,0.89931,167,17,0
2023-11-09 05:30:00,0.89932,0.89935,0.89922,0.89923,121,16,0
2023-11-09 06:00:00,0.89921,0.89926,0.89898,0.89926,129,18,0
2023-11-09 06:30:00,0.89927,0.89935,0.89906,0.89916,157,18,0
2023-11-09 07:00:00,0.89916,0.89939,0.89914,0.89939,396,18,0
2023-11-09 07:30:00,0.8994,0.89977,0.89927,0.8996,498,19,0
2023-11-09 08:00:00,0.89959,0.89985,0.89945,0.89947,493,18,0
2023-11-09 08:30:00,0.89949,0.89953,0.89929,0.8995,656,15,0
2023-11-09 09:00:00,0.89943,0.89995,0.89913,0.89979,986,15,0
2023-11-09 09:30:00,0.8998,0.89991,0.89936,0.89974,1007,18,0
2023-11-09 10:00:00,0.89973,0.90094,0.89949,0.90053,1802,16,0
2023-11-09 10:30:00,0.90053,0.90057,0.89963,0.89972,1615,17,0
2023-11-09 11:00:00,0.89973,0.8999,0.89911,0.89931,1847,17,0
2023-11-09 11:30:00,0.89931,0.90083,0.8992,0.90046,1870,15,0
2023-11-09 12:00:00,0.90047,0.90054,0.90007,0.9005,1302,16,0
2023-11-09 12:30:00,0.90051,0.90066,0.90028,0.90055,967,16,0
2023-11-09 13:00:00,0.90056,0.90111,0.90014,0.901,985,15,0
2023-11-09 13:30:00,0.90099,0.90101,0.90016,0.90023,980,16,0
2023-11-09 14:00:00,0.90024,0.90079,0.90017,0.90064,1118,16,0
2023-11-09 14:30:00,0.90066,0.90079,0.90041,0.90068,1338,15,0
2023-11-09 15:00:00,0.90067,0.90153,0.9006,0.90069,1633,15,0
2023-11-09 15:30:00,0.90069,0.90117,0.89989,0.90003,2422,16,0
2023-11-09 16:00:00,0.90003,0.90059,0.89994,0.90022,2301,15,0
2023-11-09 16:30:00,0.90021,0.90051,0.89923,0.89949,2883,15,0
2023-11-09 17:00:00,0.89955,0.90032,0.89949,0.90008,1945,15,0
2023-11-09 17:30:00,0.90009,0.90019,0.89924,0.89927,2170,16,0
2023-11-09 18:00:00,0.89929,0.89963,0.89904,0.89939,1463,16,0
2023-11-09 18:30:00,0.8994,0.89978,0.89938,0.89953,1188,16,0
2023-11-09 19:00:00,0.89954,0.90012,0.89928,0.90004,1023,15,0
2023-11-09 19:30:00,0.90005,0.90051,0.89998,0.9004,1306,15,0
2023-11-09 20:00:00,0.90042,0.90232,0.89995,0.90041,4328,15,0
2023-11-09 20:30:00,0.90042,0.90074,0.90003,0.90072,2183,17,0
2023-11-09 21:00:00,0.90073,0.90336,0.90061,0.90296,3659,15,0
2023-11-09 21:30:00,0.90302,0.90401,0.9028,0.90338,1884,15,0
2023-11-09 22:00:00,0.90337,0.9035,0.90293,0.9032,1458,15,0
2023-11-09 22:30:00,0.9032,0.90376,0.90317,0.90348,1707,24,0
2023-11-09 23:00:00,0.90349,0.90352,0.90311,0.90328,566,22,0
2023-11-09 23:30:00,0.90328,0.90359,0.90261,0.90261,517,23,0
2023-11-10 00:00:00,0.9024,0.90246,0.9024,0.90246,2,120,0
2023-11-10 00:30:00,0.90238,0.90295,0.90193,0.90234,731,41,0
2023-11-10 01:00:00,0.90231,0.90326,0.90231,0.90314,488,19,0
2023-11-10 01:30:00,0.90314,0.90328,0.90306,0.90313,183,16,0
2023-11-10 02:00:00,0.90313,0.90347,0.90312,0.90329,494,16,0
2023-11-10 02:30:00,0.9033,0.90366,0.90296,0.90308,666,16,0
2023-11-10 03:00:00,0.90309,0.90337,0.90302,0.90316,451,16,0
2023-11-10 03:30:00,0.90315,0.90339,0.90297,0.90312,422,19,0
2023-11-10 04:00:00,0.90311,0.90338,0.90291,0.90298,603,16,0
2023-11-10 04:30:00,0.90297,0.90333,0.90296,0.90325,577,15,0
2023-11-10 05:00:00,0.90325,0.90343,0.90318,0.90341,141,16,0
2023-11-10 05:30:00,0.90341,0.90352,0.90327,0.90345,127,19,0
2023-11-10 06:00:00,0.90345,0.90364,0.9034,0.90342,112,18,0
2023-11-10 06:30:00,0.9034,0.90358,0.9033,0.90332,179,20,0
2023-11-10 07:00:00,0.90333,0.90364,0.9032,0.90353,186,19,0
2023-11-10 07:30:00,0.90352,0.90361,0.90327,0.90337,150,20,0
2023-11-10 08:00:00,0.90338,0.90359,0.90331,0.90337,230,18,0
2023-11-10 08:30:00,0.90335,0.90374,0.9032,0.90362,447,17,0
2023-11-10 09:00:00,0.90367,0.90434,0.90352,0.90416,1151,18,0
2023-11-10 09:30:00,0.90417,0.90451,0.90342,0.90397,1551,16,0
2023-11-10 10:00:00,0.90402,0.90405,0.90256,0.9028,1595,15,0
2023-11-10 10:30:00,0.90278,0.90308,0.90257,0.90283,1326,15,0
2023-11-10 11:00:00,0.90284,0.90305,0.90244,0.90287,1320,16,0
2023-11-10 11:30:00,0.90288,0.90312,0.90197,0.90222,1390,15,0
2023-11-10 12:00:00,0.90221,0.90247,0.90157,0.90167,1229,15,0
2023-11-10 12:30:00,0.9017,0.90201,0.90014,0.90054,1548,15,0
2023-11-10 13:00:00,0.90053,0.90194,0.90052,0.90189,1121,15,0
2023-11-10 13:30:00,0.90189,0.90215,0.90161,0.90179,1040,15,0
2023-11-10 14:00:00,0.9018,0.90229,0.90152,0.90179,1224,17,0
2023-11-10 14:30:00,0.90179,0.90218,0.90141,0.90199,1703,15,0
2023-11-10 15:00:00,0.902,0.90257,0.90175,0.90219,1249,16,0
2023-11-10 15:30:00,0.90219,0.90273,0.9013,0.90146,1470,16,0
2023-11-10 16:00:00,0.90145,0.90183,0.90118,0.9014,1588,17,0
2023-11-10 16:30:00,0.90141,0.90266,0.90125,0.90242,1847,16,0
2023-11-10 17:00:00,0.90322,0.90367,0.90194,0.90328,3423,15,0
2023-11-10 17:30:00,0.90328,0.90371,0.90287,0.90291,2229,16,0
2023-11-10 18:00:00,0.90293,0.90333,0.9022,0.90307,1646,16,0
2023-11-10 18:30:00,0.90306,0.90369,0.90303,0.90331,1460,16,0
2023-11-10 19:00:00,0.90332,0.9037,0.90285,0.9035,1469,15,0
2023-11-10 19:30:00,0.90348,0.90348,0.90219,0.9023,1445,17,0
2023-11-10 20:00:00,0.9023,0.90296,0.90215,0.9027,835,16,0
2023-11-10 20:30:00,0.90273,0.90273,0.90209,0.90238,635,17,0
2023-11-10 21:00:00,0.90239,0.90248,0.90183,0.90194,837,17,0
2023-11-10 21:30:00,0.90194,0.9026,0.90193,0.90257,577,17,0
2023-11-10 22:00:00,0.90257,0.90273,0.90203,0.90225,735,19,0
2023-11-10 22:30:00,0.90225,0.9025,0.90205,0.90226,745,22,0
2023-11-10 23:00:00,0.90225,0.9024,0.90206,0.90238,344,23,0
2023-11-10 23:30:00,0.90235,0.90255,0.9018,0.90231,607,26,0
2023-11-13 00:00:00,0.90208,0.90208,0.9018,0.9018,3,120,0
2023-11-13 00:30:00,0.90187,0.90231,0.90186,0.9021,324,69,0
2023-11-13 01:00:00,0.90205,0.90228,0.90192,0.90227,295,19,0
2023-11-13 01:30:00,0.90227,0.90231,0.90179,0.90185,297,21,0
2023-11-13 02:00:00,0.90186,0.90193,0.9015,0.90191,460,15,0
2023-11-13 02:30:00,0.90191,0.90258,0.90191,0.90238,318,15,0
2023-11-13 03:00:00,0.90239,0.90239,0.90202,0.90224,347,18,0
2023-11-13 03:30:00,0.90225,0.90225,0.90187,0.90205,395,18,0
2023-11-13 04:00:00,0.90205,0.90242,0.902,0.90236,253,18,0
2023-11-13 04:30:00,0.90236,0.90237,0.90216,0.90226,223,17,0
2023-11-13 05:00:00,0.90226,0.9025,0.90225,0.90239,230,18,0
2023-11-13 05:30:00,0.90238,0.90245,0.9022,0.90231,212,18,0
2023-11-13 06:00:00,0.90231,0.90234,0.9021,0.90216,150,18,0
2023-11-13 06:30:00,0.90219,0.90246,0.90196,0.90244,217,18,0
2023-11-13 07:00:00,0.90245,0.90247,0.90229,0.90244,468,17,0
2023-11-13 07:30:00,0.90244,0.90257,0.90222,0.90222,209,15,0
2023-11-13 08:00:00,0.90222,0.90241,0.90186,0.90193,265,18,0
2023-11-13 08:30:00,0.90193,0.90211,0.90158,0.90175,670,20,0
2023-11-13 09:00:00,0.90179,0.90184,0.90124,0.9015,901,17,0
2023-11-13 09:30:00,0.9015,0.90169,0.90118,0.90154,780,17,0
2023-11-13 10:00:00,0.90154,0.90193,0.90125,0.90164,1877,15,0
2023-11-13 10:30:00,0.90164,0.90199,0.90144,0.90162,1203,17,0
2023-11-13 11:00:00,0.90163,0.90194,0.90123,0.90129,1457,16,0
2023-11-13 11:30:00,0.90127,0.90211,0.90102,0.90202,1108,15,0
2023-11-13 12:00:00,0.90202,0.90238,0.90189,0.90216,863,15,0
2023-11-13 12:30:00,0.90215,0.90289,0.902,0.90284,813,15,0
2023-11-13 13:00:00,0.90283,0.90339,0.90267,0.9031,1177,16,0
2023-11-13 13:30:00,0.9031,0.90339,0.90306,0.90323,849,16,0
2023-11-13 14:00:00,0.90322,0.90452,0.90321,0.90425,1097,16,0
2023-11-13 14:30:00,0.90426,0.90495,0.9041,0.90492,1598,16,0
2023-11-13 15:00:00,0.90496,0.90512,0.90427,0.90461,1328,16,0
2023-11-13 15:30:00,0.90453,0.90468,0.904,0.904,1459,15,0
2023-11-13 16:00:00,0.90399,0.90445,0.90376,0.90376,1868,17,0
2023-11-13 16:30:00,0.90375,0.90432,0.90315,0.90341,2059,16,0
2023-11-13 17:00:00,0.90341,0.90349,0.90209,0.90296,3067,15,0
2023-11-13 17:30:00,0.90295,0.9034,0.90182,0.9024,2078,15,0
2023-11-13 18:00:00,0.90239,0.90268,0.90158,0.90172,2247,15,0
2023-11-13 18:30:00,0.90172,0.90187,0.90102,0.90142,1195,16,0
2023-11-13 19:00:00,0.90142,0.90161,0.90063,0.90103,1440,16,0
2023-11-13 19:30:00,0.90102,0.90196,0.90102,0.90187,1263,15,0
2023-11-13 20:00:00,0.90187,0.90233,0.90162,0.90184,768,15,0
2023-11-13 20:30:00,0.90184,0.90199,0.9012,0.9015,975,17,0
2023-11-13 21:00:00,0.90151,0.90179,0.90138,0.90167,577,16,0
2023-11-13 21:30:00,0.90167,0.90192,0.90131,0.90158,1099,15,0
2023-11-13 22:00:00,0.90159,0.90178,0.90145,0.90173,661,19,0
2023-11-13 22:30:00,0.90172,0.90175,0.90135,0.90171,656,22,0
2023-11-13 23:00:00,0.90171,0.9018,0.90137,0.90146,334,22,0
2023-11-13 23:30:00,0.90146,0.90158,0.90141,0.90149,256,24,0
2023-11-14 00:00:00,0.901,0.90123,0.901,0.90121,4,120,0
2023-11-14 00:30:00,0.90114,0.90133,0.90056,0.90114,172,83,0
2023-11-14 01:00:00,0.90107,0.90147,0.90107,0.90137,229,19,0
2023-11-14 01:30:00,0.90137,0.90142,0.90124,0.90124,299,17,0
2023-11-14 02:00:00,0.90124,0.9015,0.90116,0.90136,268,16,0
2023-11-14 02:30:00,0.90136,0.9017,0.90131,0.90161,263,15,0
2023-11-14 03:00:00,0.90161,0.90212,0.90155,0.90203,374,17,0
2023-11-14 03:30:00,0.90206,0.90215,0.90193,0.90202,382,16,0
2023-11-14 04:00:00,0.90201,0.90212,0.90171,0.90194,258,18,0
2023-11-14 04:30:00,0.90195,0.90212,0.90191,0.90206,260,17,0
2023-11-14 05:00:00,0.90206,0.90229,0.90206,0.90221,228,16,0
2023-11-14 05:30:00,0.90221,0.90231,0.90218,0.90229,123,16,0
2023-11-14 06:00:00,0.9023,0.90234,0.90219,0.90222,93,16,0
2023-11-14 06:30:00,0.90222,0.90232,0.90205,0.90228,126,17,0
2023-11-14 07:00:00,0.90228,0.90239,0.90223,0.90236,82,19,0
2023-11-14 07:30:00,0.90237,0.90253,0.90234,0.90239,145,18,0
2023-11-14 08:00:00,0.90239,0.90252,0.90211,0.90218,238,17,0
2023-11-14 08:30:00,0.90219,0.90228,0.90186,0.90189,321,17,0
2023-11-14 09:00:00,0.90196,0.9021,0.90152,0.90166,971,17,0
2023-11-14 09:30:00,0.90168,0.90176,0.90109,0.90143,941,17,0
2023-11-14 10:00:00,0.90143,0.90214,0.90121,0.90143,1260,16,0
2023-11-14 10:30:00,0.90143,0.90201,0.90119,0.90183,1100,15,0
2023-11-14 11:00:00,0.90185,0.90203,0.90108,0.90119,1124,15,0
2023-11-14 11:30:00,0.90119,0.90161,0.90089,0.90141,2100,15,0
2023-11-14 12:00:00,0.9014,0.90172,0.9007,0.90094,1723,15,0
2023-11-14 12:30:00,0.90096,0.90159,0.90089,0.9012,1365,17,0
2023-11-14 13:00:00,0.90119,0.90218,0.90117,0.90185,1287,15,0
2023-11-14 13:30:00,0.90184,0.90265,0.90173,0.90237,1517,16,0
2023-11-14 14:00:00,0.90236,0.90258,0.90187,0.90214,1236,16,0
2023-11-14 14:30:00,0.90218,0.90255,0.90124,0.90124,931,15,0
2023-11-14 15:00:00,0.90119,0.90167,0.90031,0.90045,1918,16,0
2023-11-14 15:30:00,0.90046,0.90046,0.8946,0.89616,7311,15,0
2023-11-14 16:00:00,0.89617,0.89619,0.89307,0.89372,5040,15,0
2023-11-14 16:30:00,0.89374,0.89383,0.89221,0.89234,3842,15,0
2023-11-14 17:00:00,0.89233,0.89287,0.8914,0.89169,3183,15,0
2023-11-14 17:30:00,0.89162,0.89262,0.89142,0.89193,3015,15,0
2023-11-14 18:00:00,0.89192,0.89221,0.89052,0.89114,2024,15,0
2023-11-14 18:30:00,0.89114,0.89124,0.89024,0.89049,1840,16,0
2023-11-14 19:00:00,0.89049,0.89124,0.89036,0.8911,1380,15,0
2023-11-14 19:30:00,0.89109,0.89124,0.89012,0.89019,1452,15,0
2023-11-14 20:00:00,0.89016,0.89021,0.88961,0.88965,1269,16,0
2023-11-14 20:30:00,0.88965,0.88987,0.88927,0.88964,978,15,0
2023-11-14 21:00:00,0.88963,0.88969,0.88924,0.88929,1052,16,0
2023-11-14 21:30:00,0.88927,0.88929,0.88859,0.88859,986,15,0
2023-11-14 22:00:00,0.88861,0.88875,0.8879,0.8879,696,19,0
2023-11-14 22:30:00,0.8879,0.8887,0.88785,0.88831,1029,22,0
2023-11-14 23:00:00,0.88835,0.88904,0.88835,0.88899,703,23,0
2023-11-14 23:30:00,0.88898,0.88906,0.88887,0.88888,538,24,0
2023-11-15 00:00:00,0.8884,0.88887,0.88823,0.88881,6,120,0
2023-11-15 00:30:00,0.88892,0.88894,0.88829,0.8888,446,72,0
2023-11-15 01:00:00,0.88848,0.88873,0.88841,0.88865,602,15,0
2023-11-15 01:30:00,0.88864,0.88901,0.88862,0.889,293,17,0
2023-11-15 02:00:00,0.889,0.88973,0.88898,0.88966,650,18,0
2023-11-15 02:30:00,0.88966,0.89021,0.88938,0.88973,678,17,0
2023-11-15 03:00:00,0.88972,0.88981,0.8893,0.88942,716,15,0
2023-11-15 03:30:00,0.88943,0.88969,0.8891,0.8894,716,18,0
2023-11-15 04:00:00,0.88937,0.88949,0.8891,0.8893,754,17,0
2023-11-15 04:30:00,0.88931,0.88941,0.88891,0.88894,437,16,0
2023-11-15 05:00:00,0.88894,0.88902,0.88835,0.88858,307,16,0
2023-11-15 05:30:00,0.88859,0.88892,0.88827,0.88838,495,16,0
2023-11-15 06:00:00,0.88837,0.88851,0.88822,0.88847,461,15,0
2023-11-15 06:30:00,0.88846,0.88863,0.88816,0.8886,420,17,0
2023-11-15 07:00:00,0.88859,0.88883,0.8885,0.8887,520,17,0
2023-11-15 07:30:00,0.88871,0.88877,0.88846,0.88868,363,16,0
2023-11-15 08:00:00,0.88868,0.88891,0.8885,0.88859,444,18,0
2023-11-15 08:30:00,0.88859,0.88906,0.8885,0.88873,771,16,0
2023-11-15 09:00:00,0.88853,0.88903,0.88798,0.88868,2233,17,0
2023-11-15 09:30:00,0.88869,0.88877,0.88764,0.8877,1529,15,0
2023-11-15 10:00:00,0.88765,0.88785,0.88692,0.88693,2272,17,0
2023-11-15 10:30:00,0.88694,0.88805,0.8867,0.8878,1792,16,0
2023-11-15 11:00:00,0.8878,0.88897,0.88777,0.88876,1721,15,0
2023-11-15 11:30:00,0.88877,0.88928,0.88855,0.88907,1418,15,0
2023-11-15 12:00:00,0.88906,0.88909,0.88843,0.88865,1231,15,0
2023-11-15 12:30:00,0.88864,0.88868,0.88808,0.88816,1346,15,0
2023-11-15 13:00:00,0.88816,0.88829,0.88771,0.88785,1278,16,0
2023-11-15 13:30:00,0.88786,0.88818,0.88752,0.88768,1006,16,0
2023-11-15 14:00:00,0.88767,0.88818,0.8874,0.88809,1195,16,0
2023-11-15 14:30:00,0.88808,0.88824,0.88711,0.8872,1413,15,0
2023-11-15 15:00:00,0.8872,0.88729,0.88627,0.88647,1586,15,0
2023-11-15 15:30:00,0.88648,0.88845,0.88532,0.88742,4596,15,0
2023-11-15 16:00:00,0.88742,0.88841,0.88731,0.88747,2994,15,0
2023-11-15 16:30:00,0.88746,0.88919,0.8868,0.88879,3112,15,0
2023-11-15 17:00:00,0.88874,0.88897,0.88802,0.88817,2419,15,0
2023-11-15 17:30:00,0.88816,0.88842,0.88603,0.88607,2017,15,0
2023-11-15 18:00:00,0.88606,0.88674,0.88596,0.88659,2044,15,0
2023-11-15 18:30:00,0.88659,0.88776,0.88652,0.8872,2224,16,0
2023-11-15 19:00:00,0.88721,0.8877,0.88703,0.88747,1519,16,0
2023-11-15 19:30:00,0.88748,0.88767,0.88724,0.88742,1108,15,0
2023-11-15 20:00:00,0.88741,0.88818,0.88733,0.8881,1022,15,0
2023-11-15 20:30:00,0.88812,0.88876,0.8881,0.88854,1021,17,0
2023-11-15 21:00:00,0.88853,0.88864,0.88822,0.88822,841,16,0
2023-11-15 21:30:00,0.8882,0.88836,0.88796,0.88814,771,17,0
2023-11-15 22:00:00,0.88815,0.88836,0.88802,0.88812,878,18,0
2023-11-15 22:30:00,0.88812,0.88833,0.88803,0.88828,435,23,0
2023-11-15 23:00:00,0.88828,0.88837,0.8878,0.88786,281,22,0
2023-11-15 23:30:00,0.88787,0.88809,0.88772,0.88783,945,22,0
2023-11-16 00:00:00,0.88776,0.88776,0.88728,0.88728,3,111,0
2023-11-16 00:30:00,0.88718,0.88737,0.88692,0.88699,204,71,0
2023-11-16 01:00:00,0.88719,0.88775,0.88714,0.88759,299,19,0
2023-11-16 01:30:00,0.88758,0.88759,0.88699,0.88704,281,20,0
2023-11-16 02:00:00,0.88703,0.88732,0.88689,0.88696,310,17,0
2023-11-16 02:30:00,0.88693,0.88737,0.88686,0.88721,312,16,0
2023-11-16 03:00:00,0.88721,0.88772,0.88705,0.88763,359,16,0
2023-11-16 03:30:00,0.88765,0.88825,0.88765,0.88793,871,16,0
2023-11-16 04:00:00,0.88791,0.88848,0.88789,0.88828,427,18,0
2023-11-16 04:30:00,0.8883,0.88877,0.88826,0.88855,567,18,0
2023-11-16 05:00:00,0.88856,0.88864,0.88838,0.88863,450,18,0
2023-11-16 05:30:00,0.88864,0.8887,0.88852,0.88863,281,19,0
2023-11-16 06:00:00,0.88863,0.88869,0.88841,0.8886,305,19,0
2023-11-16 06:30:00,0.8886,0.88869,0.88837,0.88843,382,18,0
2023-11-16 07:00:00,0.88843,0.88854,0.88835,0.88847,651,17,0
2023-11-16 07:30:00,0.88848,0.88868,0.8884,0.88841,383,17,0
2023-11-16 08:00:00,0.88842,0.88845,0.88816,0.8883,699,17,0
2023-11-16 08:30:00,0.88831,0.88843,0.88803,0.88808,329,18,0
2023-11-16 09:00:00,0.88813,0.88865,0.888,0.88832,914,17,0
2023-11-16 09:30:00,0.88834,0.88869,0.88817,0.88851,1543,15,0
2023-11-16 10:00:00,0.88854,0.88894,0.88834,0.88869,2162,15,0
2023-11-16 10:30:00,0.88867,0.88897,0.88827,0.88828,1791,16,0
2023-11-16 11:00:00,0.88825,0.88861,0.88784,0.88859,1494,15,0
2023-11-16 11:30:00,0.8886,0.88957,0.88845,0.88913,1475,16,0
2023-11-16 12:00:00,0.88914,0.88936,0.88858,0.88864,1366,17,0
2023-11-16 12:30:00,0.88863,0.88902,0.8885,0.88868,1093,17,0
2023-11-16 13:00:00,0.88868,0.88878,0.88811,0.88823,1199,16,0
2023-11-16 13:30:00,0.88822,0.8888,0.88814,0.88847,1196,17,0
2023-11-16 14:00:00,0.88847,0.88983,0.88845,0.88952,1395,16,0
2023-11-16 14:30:00,0.88952,0.88989,0.88924,0.88978,1492,15,0
2023-11-16 15:00:00,0.88977,0.88993,0.88889,0.88906,1325,15,0
2023-11-16 15:30:00,0.88906,0.88906,0.88712,0.88723,3674,15,0
2023-11-16 16:00:00,0.88722,0.88833,0.88689,0.88807,2657,15,0
2023-11-16 16:30:00,0.88807,0.88811,0.88653,0.88672,2659,15,0
2023-11-16 17:00:00,0.88671,0.88673,0.88536,0.88583,3166,15,0
2023-11-16 17:30:00,0.88582,0.88765,0.88548,0.8873,3019,15,0
2023-11-16 18:00:00,0.88732,0.88782,0.8866,0.88752,2368,15,0
2023-11-16 18:30:00,0.88754,0.88847,0.88735,0.88816,2300,15,0
2023-11-16 19:00:00,0.88817,0.88847,0.88767,0.88772,1713,16,0
2023-11-16 19:30:00,0.88772,0.8881,0.88767,0.88782,928,15,0
2023-11-16 20:00:00,0.88781,0.88849,0.8875,0.88824,1235,16,0
2023-11-16 20:30:00,0.88823,0.88849,0.88786,0.88839,1142,16,0
2023-11-16 21:00:00,0.88839,0.88864,0.88825,0.88851,1234,16,0
2023-11-16 21:30:00,0.88851,0.88867,0.88825,0.88848,995,15,0
2023-11-16 22:00:00,0.88849,0.88892,0.88838,0.88892,798,17,0
2023-11-16 22:30:00,0.8889,0.88902,0.88865,0.88901,622,24,0
2023-11-16 23:00:00,0.889,0.88902,0.88876,0.88882,474,24,0
2023-11-16 23:30:00,0.88881,0.88883,0.88849,0.88858,343,22,0
2023-11-17 00:00:00,0.88844,0.8886,0.88844,0.88858,80,43,0
2023-11-17 00:30:00,0.88792,0.88799,0.8879,0.88799,13,111,0
2023-11-17 01:00:00,0.88814,0.88865,0.88814,0.88822,207,20,0
2023-11-17 01:30:00,0.88822,0.88848,0.88819,0.88847,380,15,0
2023-11-17 02:00:00,0.88846,0.88856,0.88816,0.88848,502,18,0
2023-11-17 02:30:00,0.88858,0.88862,0.88812,0.88847,322,18,0
2023-11-17 03:00:00,0.88847,0.88875,0.88819,0.88865,527,18,0
2023-11-17 03:30:00,0.88867,0.88892,0.8885,0.88879,452,19,0
2023-11-17 04:00:00,0.88878,0.88892,0.88851,0.88886,280,18,0
2023-11-17 04:30:00,0.88888,0.88907,0.88811,0.88816,938,17,0
2023-11-17 05:00:00,0.88815,0.88835,0.88799,0.88814,752,17,0
2023-11-17 05:30:00,0.88815,0.88835,0.88806,0.88814,472,18,0
2023-11-17 06:00:00,0.88814,0.88841,0.88807,0.88835,324,17,0
2023-11-17 06:30:00,0.88837,0.8886,0.88814,0.88845,653,17,0
2023-11-17 07:00:00,0.88845,0.88904,0.88829,0.88884,993,15,0
2023-11-17 07:30:00,0.88884,0.88907,0.88866,0.88875,485,15,0
2023-11-17 08:00:00,0.88875,0.88883,0.88848,0.88868,725,16,0
2023-11-17 08:30:00,0.88868,0.88873,0.88818,0.88826,740,18,0
2023-11-17 09:00:00,0.88824,0.88913,0.88817,0.88872,1465,17,0
2023-11-17 09:30:00,0.8887,0.88896,0.88805,0.88883,1759,15,0
2023-11-17 10:00:00,0.88882,0.88933,0.88815,0.88821,2475,15,0
2023-11-17 10:30:00,0.88822,0.8888,0.88752,0.8876,2813,15,0
2023-11-17 11:00:00,0.8876,0.88824,0.88721,0.88755,2054,15,0
2023-11-17 11:30:00,0.88755,0.88764,0.88719,0.88757,1001,16,0
2023-11-17 12:00:00,0.88757,0.88765,0.88678,0.88704,1454,16,0
2023-11-17 12:30:00,0.88703,0.88714,0.88655,0.88668,1528,15,0
2023-11-17 13:00:00,0.88667,0.88714,0.88654,0.88683,1597,16,0
2023-11-17 13:30:00,0.88684,0.88803,0.88684,0.88747,1484,17,0
2023-11-17 14:00:00,0.88747,0.88802,0.88716,0.88766,1341,15,0
2023-11-17 14:30:00,0.88765,0.88775,0.88707,0.88759,1491,16,0
2023-11-17 15:00:00,0.88757,0.88765,0.88667,0.8868,1899,15,0
2023-11-17 15:30:00,0.88679,0.88759,0.88612,0.88692,2520,15,0
2023-11-17 16:00:00,0.88692,0.88759,0.88616,0.88757,2515,15,0
2023-11-17 16:30:00,0.88757,0.88833,0.887,0.88775,3343,15,0
2023-11-17 17:00:00,0.88775,0.88775,0.88693,0.88728,2338,15,0
2023-11-17 17:30:00,0.88726,0.88731,0.88604,0.88623,2248,15,0
2023-11-17 18:00:00,0.88621,0.88724,0.88618,0.88692,2478,15,0
2023-11-17 18:30:00,0.88691,0.88724,0.88668,0.88697,2162,15,0
2023-11-17 19:00:00,0.88697,0.88697,0.88629,0.88677,1206,17,0
2023-11-17 19:30:00,0.88678,0.88678,0.88624,0.88634,1062,16,0
2023-11-17 20:00:00,0.88633,0.8865,0.88585,0.8859,1114,17,0
2023-11-17 20:30:00,0.88589,0.8859,0.88517,0.88519,1005,17,0
2023-11-17 21:00:00,0.88519,0.88565,0.88517,0.88539,1015,15,0
2023-11-17 21:30:00,0.88537,0.88573,0.88537,0.88546,1094,16,0
2023-11-17 22:00:00,0.88547,0.88575,0.88543,0.88568,1018,18,0
2023-11-17 22:30:00,0.88568,0.88599,0.88547,0.8857,1156,22,0
2023-11-17 23:00:00,0.88569,0.88613,0.88568,0.88579,628,23,0
2023-11-17 23:30:00,0.88576,0.88591,0.88491,0.88503,782,23,0
2023-11-20 00:00:00,0.88589,0.88589,0.88503,0.88503,2,120,0
2023-11-20 00:30:00,0.88529,0.88529,0.885,0.885,7,107,0
2023-11-20 01:00:00,0.88502,0.88594,0.885,0.88585,859,16,0
2023-11-20 01:30:00,0.88584,0.88594,0.88574,0.88592,1265,15,0
2023-11-20 02:00:00,0.8859,0.88639,0.8858,0.88636,914,15,0
2023-11-20 02:30:00,0.88638,0.88649,0.88558,0.88567,977,17,0
2023-11-20 03:00:00,0.88566,0.88566,0.88494,0.88507,1341,15,0
2023-11-20 03:30:00,0.88508,0.88514,0.88484,0.88488,716,17,0
2023-11-20 04:00:00,0.88487,0.88502,0.88395,0.88399,690,15,0
2023-11-20 04:30:00,0.884,0.88439,0.88382,0.88413,1425,16,0
2023-11-20 05:00:00,0.88414,0.88473,0.8841,0.8844,934,15,0
2023-11-20 05:30:00,0.8844,0.88459,0.8839,0.88406,1102,15,0
2023-11-20 06:00:00,0.88407,0.88413,0.88293,0.88307,1189,18,0
2023-11-20 06:30:00,0.88307,0.88369,0.88307,0.88362,817,15,0
2023-11-20 07:00:00,0.88361,0.88371,0.88339,0.88343,522,18,0
2023-11-20 07:30:00,0.88342,0.88397,0.88338,0.88368,440,17,0
2023-11-20 08:00:00,0.88366,0.88417,0.88351,0.88417,1029,17,0
2023-11-20 08:30:00,0.88416,0.88419,0.88386,0.88413,1122,18,0
2023-11-20 09:00:00,0.88414,0.88483,0.88399,0.8845,1297,17,0
2023-11-20 09:30:00,0.88451,0.88475,0.88393,0.88437,1747,15,0
2023-11-20 10:00:00,0.88435,0.88463,0.88375,0.8845,2513,15,0
2023-11-20 10:30:00,0.8845,0.88468,0.88399,0.88422,1874,15,0
2023-11-20 11:00:00,0.8842,0.88434,0.88317,0.88317,2348,15,0
2023-11-20 11:30:00,0.88318,0.88326,0.88253,0.8826,1365,17,0
2023-11-20 12:00:00,0.88261,0.88377,0.8826,0.88346,1195,16,0
2023-11-20 12:30:00,0.88346,0.88356,0.88306,0.88346,1058,16,0
2023-11-20 13:00:00,0.88346,0.88394,0.88323,0.88364,987,17,0
2023-11-20 13:30:00,0.88365,0.88409,0.88349,0.88374,975,15,0
2023-11-20 14:00:00,0.88375,0.88436,0.88371,0.88433,1237,17,0
2023-11-20 14:30:00,0.88433,0.88446,0.88407,0.88412,1128,16,0
2023-11-20 15:00:00,0.88409,0.88497,0.88401,0.88456,1690,15,0
2023-11-20 15:30:00,0.88455,0.88543,0.88433,0.88477,1667,16,0
2023-11-20 16:00:00,0.88476,0.88514,0.88436,0.88479,1182,15,0
2023-11-20 16:30:00,0.88478,0.88484,0.88327,0.88347,2101,15,0
2023-11-20 17:00:00,0.88347,0.88401,0.88309,0.8839,2013,15,0
2023-11-20 17:30:00,0.88389,0.88427,0.88364,0.88419,1927,16,0
2023-11-20 18:00:00,0.88418,0.88429,0.8838,0.88408,1400,15,0
2023-11-20 18:30:00,0.88408,0.88449,0.88394,0.88406,1137,16,0
2023-11-20 19:00:00,0.88407,0.88478,0.88372,0.88462,1487,16,0
2023-11-20 19:30:00,0.88463,0.88503,0.88439,0.8848,916,16,0
2023-11-20 20:00:00,0.88479,0.8849,0.88362,0.88421,1744,15,0
2023-11-20 20:30:00,0.88417,0.88456,0.88394,0.88455,1506,15,0
2023-11-20 21:00:00,0.88455,0.88486,0.88441,0.88447,910,17,0
2023-11-20 21:30:00,0.88445,0.88457,0.88422,0.88426,976,17,0
2023-11-20 22:00:00,0.88425,0.8843,0.88407,0.88418,641,19,0
2023-11-20 22:30:00,0.88418,0.88482,0.88417,0.88478,567,22,0
2023-11-20 23:00:00,0.88477,0.88499,0.88468,0.8848,607,23,0
2023-11-20 23:30:00,0.8848,0.88498,0.88475,0.88485,243,22,0
2023-11-21 00:00:00,0.88476,0.88476,0.88411,0.88411,18,60,0
2023-11-21 00:30:00,0.88411,0.88482,0.88394,0.88418,733,31,0
2023-11-21 01:00:00,0.88414,0.8847,0.88414,0.88434,291,18,0
2023-11-21 01:30:00,0.88435,0.88448,0.88418,0.88433,598,18,0
2023-11-21 02:00:00,0.88434,0.88435,0.88403,0.88407,485,18,0
2023-11-21 02:30:00,0.88405,0.88409,0.88346,0.88379,585,18,0
2023-11-21 03:00:00,0.8838,0.88433,0.88323,0.8833,1464,16,0
2023-11-21 03:30:00,0.8833,0.88395,0.88328,0.88381,782,17,0
2023-11-21 04:00:00,0.88381,0.88406,0.88343,0.88378,672,19,0
2023-11-21 04:30:00,0.88378,0.88378,0.88299,0.88325,887,17,0
2023-11-21 05:00:00,0.88323,0.88338,0.883,0.88329,790,18,0
2023-11-21 05:30:00,0.8833,0.88333,0.88278,0.88288,892,17,0
2023-11-21 06:00:00,0.88288,0.88293,0.88268,0.88282,563,17,0
2023-11-21 06:30:00,0.88282,0.88319,0.88261,0.88315,865,17,0
2023-11-21 07:00:00,0.88315,0.88327,0.8828,0.88299,533,16,0
2023-11-21 07:30:00,0.88299,0.88351,0.88298,0.88333,712,18,0
2023-11-21 08:00:00,0.88333,0.88362,0.88306,0.8833,903,19,0
2023-11-21 08:30:00,0.8833,0.88351,0.8831,0.88344,1299,15,0
2023-11-21 09:00:00,0.88345,0.88346,0.88287,0.88293,1925,16,0
2023-11-21 09:30:00,0.88293,0.88386,0.88279,0.88357,1303,16,0
2023-11-21 10:00:00,0.8836,0.88395,0.88267,0.88368,2413,15,0
2023-11-21 10:30:00,0.88367,0.88452,0.88328,0.88388,2559,15,0
2023-11-21 11:00:00,0.88388,0.88399,0.88354,0.88391,2315,17,0
2023-11-21 11:30:00,0.88391,0.88419,0.88359,0.88407,1287,16,0
2023-11-21 12:00:00,0.88407,0.8841,0.88322,0.88335,1284,15,0
2023-11-21 12:30:00,0.88334,0.88384,0.88298,0.88382,989,16,0
2023-11-21 13:00:00,0.88385,0.8843,0.88371,0.88414,1212,15,0
2023-11-21 13:30:00,0.88413,0.88431,0.8839,0.8843,987,17,0
2023-11-21 14:00:00,0.8843,0.88434,0.88366,0.88368,1265,15,0
2023-11-21 14:30:00,0.88367,0.88398,0.8834,0.88352,1432,17,0
2023-11-21 15:00:00,0.88352,0.8836,0.88226,0.88251,1753,15,0
2023-11-21 15:30:00,0.8825,0.88361,0.88216,0.88267,3023,15,0
2023-11-21 16:00:00,0.88267,0.88304,0.88252,0.88267,2222,15,0
2023-11-21 16:30:00,0.88263,0.88341,0.88243,0.88301,2469,15,0
2023-11-21 17:00:00,0.88302,0.88338,0.88244,0.8831,2427,15,0
2023-11-21 17:30:00,0.88309,0.8831,0.88186,0.88244,2340,15,0
2023-11-21 18:00:00,0.88245,0.8831,0.88193,0.88293,1928,15,0
2023-11-21 18:30:00,0.88294,0.88314,0.88251,0.88309,1828,15,0
2023-11-21 19:00:00,0.88309,0.88368,0.88304,0.88349,1364,15,0
2023-11-21 19:30:00,0.8835,0.88354,0.88315,0.88345,1080,15,0
2023-11-21 20:00:00,0.88345,0.88431,0.88341,0.88411,1337,17,0
2023-11-21 20:30:00,0.88414,0.88449,0.884,0.88409,1407,16,0
2023-11-21 21:00:00,0.88408,0.88477,0.88342,0.88351,1939,16,0
2023-11-21 21:30:00,0.88352,0.88383,0.88339,0.88368,1468,17,0
2023-11-21 22:00:00,0.88367,0.88382,0.88343,0.88354,957,20,0
2023-11-21 22:30:00,0.88356,0.88381,0.88345,0.88358,581,23,0
2023-11-21 23:00:00,0.88356,0.88376,0.88339,0.88359,340,24,0
2023-11-21 23:30:00,0.88358,0.88366,0.88338,0.88351,392,22,0
2023-11-22 00:00:00,0.88328,0.88328,0.88328,0.88328,1,120,0
2023-11-22 00:30:00,0.88314,0.88333,0.88313,0.8833,216,57,0
2023-11-22 01:00:00,0.88329,0.88354,0.88316,0.88329,250,20,0
2023-11-22 01:30:00,0.88329,0.88336,0.88314,0.88327,406,18,0
2023-11-22 02:00:00,0.88325,0.88342,0.88307,0.88327,420,18,0
2023-11-22 02:30:00,0.88324,0.88353,0.88313,0.88315,1078,18,0
2023-11-22 03:00:00,0.88316,0.88369,0.88275,0.88344,1044,17,0
2023-11-22 03:30:00,0.88343,0.88367,0.8833,0.88342,1006,17,0
2023-11-22 04:00:00,0.88342,0.88367,0.88326,0.88348,724,17,0
2023-11-22 04:30:00,0.88347,0.88349,0.88288,0.88312,705,18,0
2023-11-22 05:00:00,0.88313,0.88323,0.88293,0.88321,1102,18,0
2023-11-22 05:30:00,0.88318,0.88331,0.88305,0.88325,816,19,0
2023-11-22 06:00:00,0.88325,0.88344,0.88314,0.88342,647,18,0
2023-11-22 06:30:00,0.88342,0.88346,0.88313,0.88318,633,16,0
2023-11-22 07:00:00,0.88319,0.88391,0.88303,0.88373,479,17,0
2023-11-22 07:30:00,0.88373,0.88398,0.88356,0.88382,609,19,0
2023-11-22 08:00:00,0.88381,0.88422,0.88378,0.88411,1036,15,0
2023-11-22 08:30:00,0.88412,0.88448,0.88403,0.88418,980,17,0
2023-11-22 09:00:00,0.88415,0.88437,0.88397,0.88401,1452,18,0
2023-11-22 09:30:00,0.88401,0.88414,0.88339,0.88358,1020,15,0
2023-11-22 10:00:00,0.88357,0.8847,0.88306,0.88469,2000,15,0
2023-11-22 10:30:00,0.88468,0.88615,0.8846,0.8855,2075,15,0
2023-11-22 11:00:00,0.8855,0.88554,0.88457,0.88505,1946,15,0
2023-11-22 11:30:00,0.88503,0.88503,0.88351,0.88435,1869,15,0
2023-11-22 12:00:00,0.88436,0.88473,0.88404,0.88471,1192,16,0
2023-11-22 12:30:00,0.88471,0.88473,0.88391,0.884,1194,15,0
2023-11-22 13:00:00,0.88402,0.88417,0.88351,0.88373,1264,15,0
2023-11-22 13:30:00,0.88374,0.88416,0.88369,0.8839,1034,15,0
2023-11-22 14:00:00,0.88388,0.88409,0.88328,0.88392,1467,16,0
2023-11-22 14:30:00,0.88392,0.88402,0.88337,0.88373,1697,16,0
2023-11-22 15:00:00,0.88373,0.88388,0.88194,0.88225,1724,15,0
2023-11-22 15:30:00,0.88224,0.88417,0.88224,0.88409,3878,15,0
2023-11-22 16:00:00,0.88414,0.88566,0.88397,0.88554,2726,15,0
2023-11-22 16:30:00,0.88552,0.88609,0.8848,0.88605,2375,15,0
2023-11-22 17:00:00,0.88601,0.88739,0.886,0.88644,2890,15,0
2023-11-22 17:30:00,0.88642,0.88662,0.88559,0.88566,2784,15,0
2023-11-22 18:00:00,0.88565,0.88626,0.8853,0.88536,2123,15,0
2023-11-22 18:30:00,0.88536,0.88563,0.88508,0.88525,1415,16,0
2023-11-22 19:00:00,0.88524,0.88564,0.88399,0.88414,1295,15,0
2023-11-22 19:30:00,0.88414,0.8848,0.88405,0.88451,1025,16,0
2023-11-22 20:00:00,0.88453,0.88456,0.88409,0.88409,983,16,0
2023-11-22 20:30:00,0.88409,0.88476,0.88396,0.8845,840,15,0
2023-11-22 21:00:00,0.8845,0.88452,0.88394,0.8842,1149,16,0
2023-11-22 21:30:00,0.88422,0.88455,0.88388,0.88394,986,15,0
2023-11-22 22:00:00,0.88391,0.88419,0.88373,0.88394,719,18,0
2023-11-22 22:30:00,0.88394,0.88395,0.8836,0.88364,744,25,0
2023-11-22 23:00:00,0.88364,0.88368,0.88345,0.8835,363,26,0
2023-11-22 23:30:00,0.88349,0.88395,0.88349,0.88371,406,22,0
2023-11-23 00:00:00,0.88343,0.88437,0.88324,0.88437,11,69,0
2023-11-23 00:30:00,0.88411,0.88492,0.88361,0.88372,82,120,0
2023-11-23 01:00:00,0.88341,0.88397,0.88333,0.88392,386,17,0
2023-11-23 01:30:00,0.88395,0.88408,0.88377,0.88402,346,15,0
2023-11-23 02:00:00,0.884,0.88401,0.88362,0.88371,417,15,0
2023-11-23 02:30:00,0.88371,0.8838,0.8835,0.88355,383,17,0
2023-11-23 03:00:00,0.88354,0.88369,0.88329,0.88331,926,18,0
2023-11-23 03:30:00,0.8833,0.88342,0.88309,0.88313,792,17,0
2023-11-23 04:00:00,0.88313,0.88313,0.88257,0.88285,764,16,0
2023-11-23 04:30:00,0.88286,0.88287,0.88245,0.88271,517,16,0
2023-11-23 05:00:00,0.88271,0.88276,0.88254,0.88268,481,16,0
2023-11-23 05:30:00,0.88267,0.8828,0.88244,0.88245,527,17,0
2023-11-23 06:00:00,0.88244,0.88268,0.88243,0.88268,315,16,0
2023-11-23 06:30:00,0.88268,0.88292,0.88263,0.88292,235,19,0
2023-11-23 07:00:00,0.88292,0.88306,0.88287,0.88297,356,19,0
2023-11-23 07:30:00,0.88296,0.88297,0.88251,0.88253,344,18,0
2023-11-23 08:00:00,0.88253,0.88261,0.88221,0.88253,691,17,0
2023-11-23 08:30:00,0.88253,0.8828,0.88245,0.88265,649,17,0
2023-11-23 09:00:00,0.88264,0.88313,0.8825,0.8826,1215,15,0
2023-11-23 09:30:00,0.88259,0.88294,0.8824,0.88245,1212,16,0
2023-11-23 10:00:00,0.88245,0.88388,0.88188,0.88189,2209,16,0
2023-11-23 10:30:00,0.8819,0.88326,0.88164,0.88267,2245,15,0
2023-11-23 11:00:00,0.88265,0.8838,0.88249,0.88332,1931,16,0
2023-11-23 11:30:00,0.88324,0.88329,0.8827,0.88274,1835,15,0
2023-11-23 12:00:00,0.88274,0.8831,0.88254,0.88308,1513,17,0
2023-11-23 12:30:00,0.88307,0.88307,0.88243,0.88245,933,16,0
2023-11-23 13:00:00,0.88244,0.88283,0.88222,0.88277,820,15,0
2023-11-23 13:30:00,0.88278,0.88381,0.88278,0.88368,1004,15,0
2023-11-23 14:00:00,0.88369,0.88417,0.88366,0.88402,1026,16,0
2023-11-23 14:30:00,0.88402,0.88441,0.88399,0.88427,1318,15,0
2023-11-23 15:00:00,0.88428,0.88487,0.88422,0.8844,1137,15,0
2023-11-23 15:30:00,0.8844,0.88453,0.88381,0.88387,1001,16,0
2023-11-23 16:00:00,0.88387,0.88484,0.88376,0.8845,1252,15,0
2023-11-23 16:30:00,0.88451,0.88454,0.88334,0.88349,1331,15,0
2023-11-23 17:00:00,0.88349,0.88366,0.88285,0.88305,1174,16,0
2023-11-23 17:30:00,0.88304,0.88358,0.88279,0.88328,1262,17,0
2023-11-23 18:00:00,0.88327,0.88386,0.88318,0.88355,1114,17,0
2023-11-23 18:30:00,0.88356,0.8836,0.88321,0.88339,718,17,0
2023-11-23 19:00:00,0.88337,0.88354,0.8833,0.88344,586,18,0
2023-11-23 19:30:00,0.88345,0.88386,0.88344,0.88368,394,18,0
2023-11-23 20:00:00,0.88367,0.88378,0.8836,0.88366,203,18,0
2023-11-23 20:30:00,0.88365,0.88372,0.8836,0.88362,417,18,0
2023-11-23 21:00:00,0.88362,0.88362,0.88356,0.88359,455,17,0
2023-11-23 21:30:00,0.88359,0.88399,0.88346,0.88394,911,18,0
2023-11-23 22:00:00,0.88395,0.88418,0.88383,0.88403,327,21,0
2023-11-23 22:30:00,0.88404,0.88421,0.88386,0.88408,389,26,0
2023-11-23 23:00:00,0.88407,0.88447,0.88392,0.88418,565,24,0
2023-11-23 23:30:00,0.88419,0.88425,0.88381,0.88381,454,22,0
2023-11-24 00:00:00,0.88364,0.88372,0.88309,0.88309,33,69,0
2023-11-24 00:30:00,0.88307,0.88388,0.88266,0.88388,313,51,0
2023-11-24 01:00:00,0.88388,0.88449,0.88355,0.88448,408,20,0
2023-11-24 01:30:00,0.88448,0.8845,0.88425,0.88448,324,18,0
2023-11-24 02:00:00,0.88443,0.88446,0.88387,0.88405,922,17,0
2023-11-24 02:30:00,0.88402,0.88405,0.88343,0.8838,878,18,0
2023-11-24 03:00:00,0.88377,0.88392,0.8834,0.88384,1134,19,0
2023-11-24 03:30:00,0.88382,0.88417,0.88381,0.88412,699,18,0
2023-11-24 04:00:00,0.88411,0.8844,0.88393,0.88437,719,17,0
2023-11-24 04:30:00,0.88438,0.88468,0.88427,0.88463,381,17,0
2023-11-24 05:00:00,0.88464,0.88477,0.88453,0.88453,436,19,0
2023-11-24 05:30:00,0.88452,0.8846,0.88404,0.88405,394,17,0
2023-11-24 06:00:00,0.88406,0.88424,0.88395,0.8841,777,19,0
2023-11-24 06:30:00,0.88409,0.88422,0.8838,0.88385,645,17,0
2023-11-24 07:00:00,0.88383,0.88388,0.88351,0.88365,798,15,0
2023-11-24 07:30:00,0.88366,0.88366,0.88285,0.88294,541,17,0
2023-11-24 08:00:00,0.88297,0.88385,0.88296,0.88382,654,16,0
2023-11-24 08:30:00,0.88383,0.88412,0.88354,0.88358,862,17,0
2023-11-24 09:00:00,0.88357,0.88446,0.88357,0.88437,996,15,0
2023-11-24 09:30:00,0.88438,0.88441,0.88383,0.88405,757,17,0
2023-11-24 10:00:00,0.88404,0.88404,0.88322,0.88343,1729,17,0
2023-11-24 10:30:00,0.88343,0.88412,0.88322,0.88341,1213,17,0
2023-11-24 11:00:00,0.88341,0.88384,0.88311,0.88367,1527,17,0
2023-11-24 11:30:00,0.88367,0.88435,0.88351,0.88424,1517,16,0
2023-11-24 12:00:00,0.88424,0.88425,0.88368,0.88382,1798,16,0
2023-11-24 12:30:00,0.88381,0.88407,0.88341,0.88353,1117,17,0
2023-11-24 13:00:00,0.88354,0.88384,0.88306,0.88332,1355,16,0
2023-11-24 13:30:00,0.88332,0.88345,0.88321,0.88334,824,17,0
2023-11-24 14:00:00,0.88333,0.88345,0.88237,0.88249,1149,17,0
2023-11-24 14:30:00,0.88249,0.88309,0.88244,0.88301,1040,19,0
2023-11-24 15:00:00,0.88301,0.8835,0.8829,0.88338,1356,18,0
2023-11-24 15:30:00,0.8834,0.88371,0.88249,0.88264,1526,18,0
2023-11-24 16:00:00,0.88264,0.88306,0.88234,0.88297,1257,18,0
2023-11-24 16:30:00,0.88296,0.88298,0.88167,0.8818,2436,17,0
2023-11-24 17:00:00,0.8818,0.88232,0.88102,0.88219,2018,15,0
2023-11-24 17:30:00,0.88224,0.88237,0.88129,0.88173,1355,16,0
2023-11-24 18:00:00,0.88173,0.88227,0.88152,0.88219,1019,17,0
2023-11-24 18:30:00,0.88219,0.88246,0.88175,0.88179,829,18,0
2023-11-24 19:00:00,0.8818,0.88264,0.88175,0.88242,901,18,0
2023-11-24 19:30:00,0.8824,0.88241,0.88135,0.88139,607,17,0
2023-11-24 20:00:00,0.88138,0.88192,0.88108,0.88162,2102,15,0
2023-11-24 20:30:00,0.88161,0.88201,0.88119,0.88134,1050,22,0
2023-11-24 21:00:00,0.88134,0.88196,0.88116,0.8815,2847,26,0
2023-11-24 21:30:00,0.88151,0.88172,0.88113,0.88167,1757,48,0
2023-11-24 22:00:00,0.88153,0.88206,0.88114,0.88163,298,31,0
2023-11-24 22:30:00,0.88165,0.88165,0.88089,0.88136,219,22,0
2023-11-24 23:00:00,0.88134,0.8819,0.88131,0.88134,38,76,0
2023-11-24 23:30:00,0.8816,0.88193,0.88142,0.8819,17,120,0
2023-11-27 00:00:00,0.88165,0.88165,0.8815,0.8815,2,120,0
2023-11-27 00:30:00,0.88156,0.88179,0.88141,0.88144,32,53,0
2023-11-27 01:00:00,0.88184,0.88217,0.88172,0.88208,297,21,0
2023-11-27 01:30:00,0.88209,0.88243,0.88203,0.88212,536,19,0
2023-11-27 02:00:00,0.8821,0.88248,0.88198,0.88233,969,18,0
2023-11-27 02:30:00,0.88231,0.88271,0.88231,0.88259,648,19,0
2023-11-27 03:00:00,0.88259,0.88272,0.88126,0.88132,1198,18,0
2023-11-27 03:30:00,0.88134,0.88182,0.88131,0.88169,1000,18,0
2023-11-27 04:00:00,0.88167,0.88241,0.88161,0.88211,922,18,0
2023-11-27 04:30:00,0.88212,0.88236,0.88201,0.88211,707,19,0
2023-11-27 05:00:00,0.88212,0.88233,0.88203,0.88226,869,19,0
2023-11-27 05:30:00,0.88227,0.88232,0.88183,0.88197,921,18,0
2023-11-27 06:00:00,0.88196,0.88266,0.88193,0.88224,562,18,0
2023-11-27 06:30:00,0.88225,0.88239,0.88185,0.88205,705,17,0
2023-11-27 07:00:00,0.88204,0.88217,0.88185,0.88208,402,18,0
2023-11-27 07:30:00,0.88209,0.88217,0.88168,0.88183,634,18,0
2023-11-27 08:00:00,0.88183,0.88186,0.88133,0.88135,921,18,0
2023-11-27 08:30:00,0.88135,0.88198,0.8813,0.88185,549,18,0
2023-11-27 09:00:00,0.88185,0.88185,0.88004,0.88061,1657,15,0
2023-11-27 09:30:00,0.88062,0.88095,0.88041,0.8809,1557,16,0
2023-11-27 10:00:00,0.88091,0.88108,0.88052,0.88072,1549,17,0
2023-11-27 10:30:00,0.88072,0.88094,0.88025,0.88032,1638,15,0
2023-11-27 11:00:00,0.88034,0.88117,0.88032,0.88092,1208,16,0
2023-11-27 11:30:00,0.88092,0.88162,0.88082,0.88138,1369,17,0
2023-11-27 12:00:00,0.88139,0.88148,0.88092,0.88099,1190,16,0
2023-11-27 12:30:00,0.881,0.8811,0.87947,0.8796,1294,15,0
2023-11-27 13:00:00,0.87959,0.88063,0.87949,0.88037,1178,17,0
2023-11-27 13:30:00,0.88036,0.88054,0.87947,0.87953,1113,15,0
2023-11-27 14:00:00,0.87951,0.88025,0.8793,0.88015,1281,17,0
2023-11-27 14:30:00,0.88016,0.88059,0.87979,0.88044,1288,17,0
2023-11-27 15:00:00,0.88045,0.88081,0.87993,0.87993,2073,16,0
2023-11-27 15:30:00,0.87993,0.88047,0.87953,0.87997,2260,15,0
2023-11-27 16:00:00,0.87997,0.88114,0.87992,0.88075,2062,16,0
2023-11-27 16:30:00,0.88074,0.88119,0.88012,0.88096,1830,17,0
2023-11-27 17:00:00,0.88094,0.88147,0.88064,0.88072,2717,16,0
2023-11-27 17:30:00,0.8807,0.88157,0.88059,0.88086,2422,15,0
2023-11-27 18:00:00,0.88084,0.88145,0.8807,0.88107,1843,17,0
2023-11-27 18:30:00,0.88109,0.88152,0.8809,0.88104,1710,17,0
2023-11-27 19:00:00,0.88104,0.88155,0.88086,0.88154,1233,16,0
2023-11-27 19:30:00,0.88153,0.88166,0.88104,0.88131,989,16,0
2023-11-27 20:00:00,0.88132,0.88149,0.88072,0.88098,1729,17,0
2023-11-27 20:30:00,0.88096,0.88117,0.88084,0.88096,857,18,0
2023-11-27 21:00:00,0.88097,0.88101,0.88026,0.88039,956,18,0
2023-11-27 21:30:00,0.88037,0.88045,0.88013,0.88016,1498,18,0
2023-11-27 22:00:00,0.88017,0.88048,0.88008,0.88027,820,19,0
2023-11-27 22:30:00,0.88028,0.88035,0.87998,0.88025,982,26,0
2023-11-27 23:00:00,0.88025,0.88047,0.88023,0.88027,471,24,0
2023-11-27 23:30:00,0.88026,0.8804,0.88012,0.88018,348,24,0
2023-11-28 00:00:00,0.87996,0.88021,0.87968,0.87988,278,30,0
2023-11-28 00:30:00,0.87991,0.88029,0.87987,0.88015,4236,31,0
2023-11-28 01:00:00,0.88017,0.88024,0.87989,0.88009,254,23,0
2023-11-28 01:30:00,0.88008,0.88013,0.87982,0.8799,160,22,0
2023-11-28 02:00:00,0.87989,0.88008,0.87971,0.87992,329,17,0
2023-11-28 02:30:00,0.87993,0.88001,0.87963,0.87983,519,17,0
2023-11-28 03:00:00,0.87981,0.88019,0.87953,0.88015,817,20,0
2023-11-28 03:30:00,0.88016,0.88025,0.87976,0.87987,843,20,0
2023-11-28 04:00:00,0.8799,0.8803,0.87978,0.87984,556,20,0
2023-11-28 04:30:00,0.87982,0.88004,0.87946,0.87996,903,19,0
2023-11-28 05:00:00,0.87996,0.88013,0.87986,0.87988,526,17,0
2023-11-28 05:30:00,0.8799,0.88027,0.87987,0.88022,384,18,0
2023-11-28 06:00:00,0.88022,0.88033,0.88014,0.88028,207,20,0
2023-11-28 06:30:00,0.88027,0.88031,0.88008,0.88017,310,18,0
2023-11-28 07:00:00,0.88016,0.8803,0.88007,0.88017,381,19,0
2023-11-28 07:30:00,0.88017,0.8804,0.88016,0.8803,644,17,0
2023-11-28 08:00:00,0.88031,0.88036,0.88002,0.8803,505,20,0
2023-11-28 08:30:00,0.88031,0.88031,0.88008,0.88022,505,19,0
2023-11-28 09:00:00,0.88022,0.88067,0.88013,0.88057,1303,17,0
2023-11-28 09:30:00,0.88057,0.88085,0.88015,0.88066,1011,15,0
2023-11-28 10:00:00,0.88065,0.88157,0.88027,0.88119,2020,15,0
2023-11-28 10:30:00,0.88119,0.88161,0.88039,0.88087,1787,15,0
2023-11-28 11:00:00,0.88084,0.88094,0.88016,0.88029,1856,17,0
2023-11-28 11:30:00,0.8803,0.88055,0.87978,0.87985,1380,18,0
2023-11-28 12:00:00,0.87984,0.88057,0.87973,0.8803,1383,15,0
2023-11-28 12:30:00,0.88031,0.88146,0.88024,0.88128,1462,16,0
2023-11-28 13:00:00,0.88128,0.88129,0.88057,0.881,1000,17,0
2023-11-28 13:30:00,0.88097,0.8816,0.88079,0.88152,910,18,0
2023-11-28 14:00:00,0.88153,0.88181,0.88069,0.88105,1140,17,0
2023-11-28 14:30:00,0.88106,0.88132,0.88084,0.88112,1287,18,0
2023-11-28 15:00:00,0.8811,0.8813,0.87951,0.87953,1632,15,0
2023-11-28 15:30:00,0.87952,0.88008,0.87892,0.87898,1967,17,0
2023-11-28 16:00:00,0.87899,0.87966,0.8781,0.87823,2915,15,0
2023-11-28 16:30:00,0.87824,0.87881,0.87767,0.87859,2666,15,0
2023-11-28 17:00:00,0.87859,0.87933,0.87765,0.87912,2990,15,0
2023-11-28 17:30:00,0.87916,0.87953,0.877,0.87825,4575,15,0
2023-11-28 18:00:00,0.87822,0.87845,0.87692,0.87746,2997,17,0
2023-11-28 18:30:00,0.87746,0.87754,0.87624,0.87629,2524,16,0
2023-11-28 19:00:00,0.87628,0.87663,0.87605,0.87633,1783,16,0
2023-11-28 19:30:00,0.87634,0.87762,0.8763,0.87753,1733,15,0
2023-11-28 20:00:00,0.87752,0.87854,0.87739,0.87787,1731,17,0
2023-11-28 20:30:00,0.87787,0.87853,0.87762,0.87825,912,15,0
2023-11-28 21:00:00,0.87825,0.87829,0.87796,0.87821,751,15,0
2023-11-28 21:30:00,0.87822,0.8784,0.87744,0.87759,1275,15,0
2023-11-28 22:00:00,0.87762,0.87878,0.87758,0.87845,1243,20,0
2023-11-28 22:30:00,0.87846,0.8785,0.87798,0.87808,1229,23,0
2023-11-28 23:00:00,0.87809,0.87832,0.87781,0.87821,443,24,0
2023-11-28 23:30:00,0.87821,0.87832,0.87787,0.87791,402,22,0
2023-11-29 00:00:00,0.87791,0.87791,0.87719,0.8772,25,47,0
2023-11-29 00:30:00,0.87712,0.87766,0.87703,0.87722,174,70,0
2023-11-29 01:00:00,0.87751,0.87788,0.87703,0.87704,569,18,0
2023-11-29 01:30:00,0.87703,0.87728,0.87693,0.87704,698,20,0
2023-11-29 02:00:00,0.87703,0.87737,0.87682,0.8771,918,18,0
2023-11-29 02:30:00,0.87707,0.87713,0.87617,0.87622,1896,19,0
2023-11-29 03:00:00,0.87622,0.87644,0.87562,0.87617,2753,17,0
2023-11-29 03:30:00,0.87617,0.87658,0.87601,0.87634,1570,18,0
2023-11-29 04:00:00,0.87633,0.87654,0.87611,0.87642,1393,15,0
2023-11-29 04:30:00,0.87642,0.87705,0.87639,0.8765,730,18,0
2023-11-29 05:00:00,0.8765,0.87685,0.87638,0.87669,747,19,0
2023-11-29 05:30:00,0.87667,0.87695,0.87662,0.87688,864,19,0
2023-11-29 06:00:00,0.87689,0.87702,0.8767,0.87691,458,17,0
2023-11-29 06:30:00,0.87692,0.87693,0.87651,0.87655,196,19,0
2023-11-29 07:00:00,0.87654,0.87666,0.87635,0.87648,516,19,0
2023-11-29 07:30:00,0.8765,0.87684,0.87638,0.87639,677,19,0
2023-11-29 08:00:00,0.87638,0.8768,0.87616,0.87645,1154,17,0
2023-11-29 08:30:00,0.87645,0.87664,0.87615,0.87643,1446,15,0
2023-11-29 09:00:00,0.87645,0.87774,0.87645,0.87747,1411,16,0
2023-11-29 09:30:00,0.87748,0.87831,0.87744,0.87797,1444,16,0
2023-11-29 10:00:00,0.87795,0.87798,0.87583,0.87684,2746,16,0
2023-11-29 10:30:00,0.87683,0.87683,0.87587,0.87601,2417,17,0
2023-11-29 11:00:00,0.87603,0.87718,0.87585,0.87637,2000,15,0
2023-11-29 11:30:00,0.87635,0.87742,0.87621,0.87658,1551,15,0
2023-11-29 12:00:00,0.87658,0.87725,0.87642,0.87709,1646,16,0
2023-11-29 12:30:00,0.87708,0.87766,0.87698,0.87737,1740,17,0
2023-11-29 13:00:00,0.87736,0.87738,0.87682,0.87703,1350,17,0
2023-11-29 13:30:00,0.87707,0.87714,0.87628,0.87632,1159,15,0
2023-11-29 14:00:00,0.87634,0.8767,0.87587,0.87624,2108,17,0
2023-11-29 14:30:00,0.87627,0.87673,0.87608,0.87643,1550,16,0
2023-11-29 15:00:00,0.87638,0.87662,0.87592,0.8761,2302,16,0
2023-11-29 15:30:00,0.87611,0.87699,0.8753,0.87638,4446,16,0
2023-11-29 16:00:00,0.87638,0.87714,0.87587,0.87589,2939,16,0
2023-11-29 16:30:00,0.87588,0.87595,0.87433,0.87472,3385,17,0
2023-11-29 17:00:00,0.8747,0.87625,0.87312,0.87543,4400,15,0
2023-11-29 17:30:00,0.87541,0.87616,0.87465,0.87487,2702,17,0
2023-11-29 18:00:00,0.87483,0.87563,0.87467,0.87546,2398,17,0
2023-11-29 18:30:00,0.87544,0.87579,0.87491,0.87519,1492,15,0
2023-11-29 19:00:00,0.87521,0.87539,0.87419,0.87461,1268,16,0
2023-11-29 19:30:00,0.8746,0.87467,0.87387,0.87438,1330,16,0
2023-11-29 20:00:00,0.87438,0.8746,0.87394,0.87394,1144,16,0
2023-11-29 20:30:00,0.87394,0.87395,0.87298,0.87308,1246,16,0
2023-11-29 21:00:00,0.87307,0.87311,0.87193,0.8731,1275,15,0
2023-11-29 21:30:00,0.87308,0.87349,0.87282,0.87283,1107,16,0
2023-11-29 22:00:00,0.87283,0.87387,0.87278,0.87386,961,20,0
2023-11-29 22:30:00,0.87386,0.87406,0.87363,0.87382,860,24,0
2023-11-29 23:00:00,0.87378,0.87379,0.8733,0.87343,483,24,0
2023-11-29 23:30:00,0.87342,0.87378,0.87338,0.87374,398,25,0
2023-11-30 00:00:00,0.87399,0.87417,0.87366,0.87371,52,54,0
2023-11-30 00:30:00,0.87371,0.87378,0.87294,0.87321,206,30,0
2023-11-30 01:00:00,0.87313,0.87353,0.87313,0.87334,423,16,0
2023-11-30 01:30:00,0.87334,0.87334,0.8732,0.87327,394,20,0
2023-11-30 02:00:00,0.87326,0.87356,0.87309,0.87309,398,15,0
2023-11-30 02:30:00,0.8731,0.87313,0.87202,0.87216,625,18,0
2023-11-30 03:00:00,0.87219,0.87261,0.87217,0.87249,1213,17,0
2023-11-30 03:30:00,0.87247,0.87305,0.87236,0.87299,1309,18,0
2023-11-30 04:00:00,0.873,0.87312,0.87231,0.8724,1329,18,0
2023-11-30 04:30:00,0.87241,0.87246,0.87174,0.87182,1453,16,0
2023-11-30 05:00:00,0.87181,0.87241,0.87162,0.87238,880,16,0
2023-11-30 05:30:00,0.87239,0.87254,0.87235,0.87247,514,18,0
2023-11-30 06:00:00,0.87248,0.87289,0.87237,0.8727,603,16,0
2023-11-30 06:30:00,0.8727,0.87289,0.8727,0.87282,524,18,0
2023-11-30 07:00:00,0.87282,0.87323,0.8726,0.87316,520,18,0
2023-11-30 07:30:00,0.87317,0.87338,0.87287,0.87293,697,19,0
2023-11-30 08:00:00,0.87294,0.87303,0.87255,0.87255,611,19,0
2023-11-30 08:30:00,0.87256,0.87259,0.87202,0.87229,788,18,0
2023-11-30 09:00:00,0.87223,0.87295,0.87182,0.87272,1370,15,0
2023-11-30 09:30:00,0.87271,0.87394,0.87271,0.87289,1957,16,0
2023-11-30 10:00:00,0.87287,0.87338,0.87206,0.87295,2341,15,0
2023-11-30 10:30:00,0.87296,0.87534,0.87296,0.87445,1981,15,0
2023-11-30 11:00:00,0.87452,0.87545,0.87423,0.8745,2756,16,0
2023-11-30 11:30:00,0.87449,0.87527,0.87417,0.8747,2098,15,0
2023-11-30 12:00:00,0.87473,0.87583,0.87455,0.87556,1336,15,0
2023-11-30 12:30:00,0.87557,0.87564,0.87496,0.87515,1477,15,0
2023-11-30 13:00:00,0.87517,0.87606,0.87482,0.87575,1917,16,0
2023-11-30 13:30:00,0.87575,0.87599,0.8752,0.8752,1317,17,0
2023-11-30 14:00:00,0.8752,0.87563,0.87482,0.87537,1368,15,0
2023-11-30 14:30:00,0.87537,0.87541,0.8749,0.87527,1445,16,0
2023-11-30 15:00:00,0.87525,0.87532,0.87356,0.87356,1646,16,0
2023-11-30 15:30:00,0.87356,0.87552,0.87309,0.87518,4754,15,0
2023-11-30 16:00:00,0.87517,0.87589,0.87436,0.87496,4234,15,0
2023-11-30 16:30:00,0.87497,0.877,0.87491,0.87548,3955,15,0
2023-11-30 17:00:00,0.87547,0.87558,0.87382,0.87455,3714,16,0
2023-11-30 17:30:00,0.87454,0.87454,0.86842,0.87009,5877,15,0
2023-11-30 18:00:00,0.87004,0.87236,0.8691,0.87195,5623,15,0
2023-11-30 18:30:00,0.87195,0.87262,0.87137,0.87243,3100,15,0
2023-11-30 19:00:00,0.87241,0.87367,0.87229,0.87354,2100,16,0
2023-11-30 19:30:00,0.87353,0.87493,0.87342,0.8748,1456,15,0
2023-11-30 20:00:00,0.8748,0.8748,0.87387,0.87424,1162,17,0
2023-11-30 20:30:00,0.87425,0.87632,0.87419,0.8757,1553,15,0
2023-11-30 21:00:00,0.87567,0.87585,0.87526,0.87555,1202,18,0
2023-11-30 21:30:00,0.87555,0.87557,0.87481,0.87516,1102,17,0
2023-11-30 22:00:00,0.87518,0.87641,0.87502,0.87629,1139,18,0
2023-11-30 22:30:00,0.87629,0.87641,0.87534,0.87541,1158,23,0
2023-11-30 23:00:00,0.87543,0.87548,0.87497,0.87523,629,22,0
2023-11-30 23:30:00,0.87525,0.87527,0.87499,0.87505,420,22,0
2023-12-01 00:00:00,0.87505,0.87525,0.874,0.87525,46,35,0
2023-12-01 00:30:00,0.87506,0.87518,0.87415,0.87482,1498,54,0
2023-12-01 01:00:00,0.87481,0.87506,0.87426,0.87429,565,17,0
2023-12-01 01:30:00,0.8743,0.87478,0.87415,0.87467,399,15,0
2023-12-01 02:00:00,0.87464,0.87469,0.87393,0.87411,463,18,0
2023-12-01 02:30:00,0.87411,0.87428,0.87384,0.87391,484,18,0
2023-12-01 03:00:00,0.87393,0.87396,0.87347,0.87375,856,18,0
2023-12-01 03:30:00,0.87376,0.87429,0.87369,0.87401,866,15,0
2023-12-01 04:00:00,0.874,0.8741,0.87383,0.87389,394,18,0
2023-12-01 04:30:00,0.8739,0.87425,0.87361,0.8742,903,17,0
2023-12-01 05:00:00,0.87419,0.87438,0.87406,0.87437,739,18,0
2023-12-01 05:30:00,0.87438,0.87496,0.87432,0.87491,625,16,0
2023-12-01 06:00:00,0.87492,0.875,0.87459,0.87459,414,18,0
2023-12-01 06:30:00,0.87459,0.87464,0.87437,0.87439,275,17,0
2023-12-01 07:00:00,0.87439,0.87466,0.87424,0.87433,505,19,0
2023-12-01 07:30:00,0.87433,0.87443,0.87399,0.87406,336,18,0
2023-12-01 08:00:00,0.87408,0.87448,0.87408,0.87437,440,17,0
2023-12-01 08:30:00,0.87438,0.87447,0.87418,0.87447,687,15,0
2023-12-01 09:00:00,0.87444,0.87448,0.8739,0.87405,993,16,0
2023-12-01 09:30:00,0.87404,0.87488,0.87404,0.87468,1745,15,0
2023-12-01 10:00:00,0.87468,0.87468,0.87411,0.87443,2327,16,0
2023-12-01 10:30:00,0.87442,0.87483,0.87342,0.87365,2073,15,0
2023-12-01 11:00:00,0.87367,0.87384,0.87307,0.87333,1532,16,0
2023-12-01 11:30:00,0.87336,0.87385,0.87304,0.87378,1488,16,0
2023-12-01 12:00:00,0.87379,0.87419,0.87338,0.87403,1092,16,0
2023-12-01 12:30:00,0.87402,0.87465,0.874,0.87454,1038,15,0
2023-12-01 13:00:00,0.87455,0.8749,0.8741,0.87419,1175,16,0
2023-12-01 13:30:00,0.8742,0.87489,0.87418,0.8744,1259,15,0
2023-12-01 14:00:00,0.87439,0.87552,0.87416,0.8755,1515,15,0
2023-12-01 14:30:00,0.8755,0.87634,0.87526,0.87604,886,15,0
2023-12-01 15:00:00,0.87605,0.87634,0.8754,0.87568,2133,15,0
2023-12-01 15:30:00,0.87567,0.87667,0.87553,0.87632,1750,17,0
2023-12-01 16:00:00,0.87633,0.87664,0.87589,0.87617,1484,16,0
2023-12-01 16:30:00,0.87618,0.87677,0.87542,0.87603,2547,15,0
2023-12-01 17:00:00,0.87603,0.87603,0.87309,0.87342,5120,15,0
2023-12-01 17:30:00,0.87343,0.87482,0.8721,0.87214,4042,15,0
2023-12-01 18:00:00,0.87213,0.87309,0.8702,0.8704,6351,15,0
2023-12-01 18:30:00,0.87041,0.87108,0.86967,0.87054,4078,15,0
2023-12-01 19:00:00,0.87054,0.87112,0.87014,0.87074,2965,16,0
2023-12-01 19:30:00,0.87073,0.8708,0.87009,0.87036,2965,15,0
2023-12-01 20:00:00,0.87036,0.87045,0.8686,0.86868,2507,16,0
2023-12-01 20:30:00,0.86868,0.86875,0.86785,0.86802,1646,16,0
2023-12-01 21:00:00,0.86801,0.86861,0.86795,0.86833,1207,17,0
2023-12-01 21:30:00,0.86833,0.86953,0.86832,0.86923,1337,16,0
2023-12-01 22:00:00,0.86923,0.86953,0.86882,0.86916,1007,18,0
2023-12-01 22:30:00,0.86917,0.86956,0.86909,0.86921,798,25,0
2023-12-01 23:00:00,0.8692,0.86934,0.86898,0.869,606,23,0
2023-12-01 23:30:00,0.86904,0.8694,0.86873,0.86897,560,25,0
2023-12-04 00:00:00,0.86895,0.86895,0.86844,0.86853,24,120,0
2023-12-04 00:30:00,0.86846,0.86869,0.86829,0.86859,141,88,0
2023-12-04 01:00:00,0.86872,0.86901,0.8665,0.86718,1791,19,0
2023-12-04 01:30:00,0.86719,0.86794,0.86683,0.86751,2543,17,0
2023-12-04 02:00:00,0.8675,0.86861,0.86746,0.8683,1535,16,0
2023-12-04 02:30:00,0.86829,0.86981,0.86802,0.86962,1913,15,0
2023-12-04 03:00:00,0.86961,0.87025,0.86936,0.87021,2109,15,0
2023-12-04 03:30:00,0.87022,0.87086,0.87016,0.87031,2065,15,0
2023-12-04 04:00:00,0.87035,0.87065,0.87003,0.87007,1335,16,0
2023-12-04 04:30:00,0.87017,0.87017,0.86936,0.86954,1027,16,0
2023-12-04 05:00:00,0.86955,0.87012,0.86952,0.86986,1480,18,0
2023-12-04 05:30:00,0.86987,0.86999,0.86956,0.86998,934,17,0
2023-12-04 06:00:00,0.86999,0.87046,0.86987,0.87039,708,16,0
2023-12-04 06:30:00,0.87039,0.87062,0.87025,0.87042,466,18,0
2023-12-04 07:00:00,0.87041,0.87084,0.87034,0.87044,567,18,0
2023-12-04 07:30:00,0.87046,0.87073,0.87028,0.87065,929,17,0
2023-12-04 08:00:00,0.87064,0.87066,0.87019,0.87024,922,17,0
2023-12-04 08:30:00,0.87025,0.87116,0.87018,0.87096,1278,16,0
2023-12-04 09:00:00,0.87096,0.8712,0.87011,0.8712,2033,15,0
2023-12-04 09:30:00,0.8716,0.87544,0.8716,0.87496,2898,15,0
2023-12-04 10:00:00,0.87496,0.87503,0.87291,0.8732,3186,15,0
2023-12-04 10:30:00,0.87321,0.87413,0.87294,0.87353,2481,15,0
2023-12-04 11:00:00,0.87354,0.87359,0.87193,0.87214,2530,15,0
2023-12-04 11:30:00,0.87214,0.87257,0.87151,0.87233,2100,15,0
2023-12-04 12:00:00,0.87232,0.87381,0.87232,0.8736,1644,16,0
2023-12-04 12:30:00,0.87359,0.8736,0.87294,0.87316,1920,15,0
2023-12-04 13:00:00,0.87317,0.87317,0.87203,0.87203,1813,15,0
2023-12-04 13:30:00,0.87202,0.87253,0.87187,0.87244,1407,15,0
2023-12-04 14:00:00,0.87245,0.87292,0.8719,0.87191,1418,15,0
2023-12-04 14:30:00,0.87192,0.87248,0.87157,0.87185,1413,15,0
2023-12-04 15:00:00,0.87185,0.8723,0.87148,0.87205,2187,15,0
2023-12-04 15:30:00,0.87206,0.87288,0.87186,0.87272,1940,15,0
2023-12-04 16:00:00,0.87271,0.87514,0.87252,0.87511,3436,15,0
2023-12-04 16:30:00,0.8751,0.87524,0.87247,0.87262,3575,15,0
2023-12-04 17:00:00,0.87262,0.87405,0.87112,0.87355,4486,15,0
2023-12-04 17:30:00,0.87355,0.87517,0.87342,0.87389,4155,15,0
2023-12-04 18:00:00,0.87388,0.87428,0.87264,0.87313,2706,15,0
2023-12-04 18:30:00,0.87313,0.87358,0.8727,0.87299,2292,15,0
2023-12-04 19:00:00,0.87298,0.87328,0.87227,0.87328,1921,15,0
2023-12-04 19:30:00,0.87329,0.8733,0.87251,0.8726,1182,15,0
2023-12-04 20:00:00,0.87257,0.8735,0.87246,0.8734,1311,15,0
2023-12-04 20:30:00,0.8734,0.87371,0.87316,0.87364,1148,16,0
2023-12-04 21:00:00,0.87363,0.8737,0.87282,0.87282,827,17,0
2023-12-04 21:30:00,0.87282,0.87345,0.87277,0.8731,962,16,0
2023-12-04 22:00:00,0.87309,0.87333,0.87266,0.87332,959,19,0
2023-12-04 22:30:00,0.87333,0.87333,0.87275,0.87307,965,23,0
2023-12-04 23:00:00,0.87303,0.87311,0.87245,0.87264,475,25,0
2023-12-04 23:30:00,0.87263,0.87273,0.87255,0.87261,368,25,0
2023-12-05 00:00:00,0.87234,0.87256,0.87234,0.87254,20,35,0
2023-12-05 00:30:00,0.87239,0.87264,0.87239,0.87244,105,25,0
2023-12-05 01:00:00,0.87249,0.87272,0.87237,0.87239,435,18,0
2023-12-05 01:30:00,0.8724,0.87258,0.87236,0.87246,499,17,0
2023-12-05 02:00:00,0.8725,0.87258,0.8719,0.87208,989,15,0
2023-12-05 02:30:00,0.87208,0.87208,0.87135,0.87154,1460,16,0
2023-12-05 03:00:00,0.87156,0.8725,0.87145,0.87238,1571,16,0
2023-12-05 03:30:00,0.87239,0.87269,0.87219,0.87232,1280,18,0
2023-12-05 04:00:00,0.87232,0.87233,0.87174,0.87217,622,17,0
2023-12-05 04:30:00,0.87216,0.87283,0.87216,0.87279,731,16,0
2023-12-05 05:00:00,0.87278,0.87288,0.87236,0.87241,335,16,0
2023-12-05 05:30:00,0.87241,0.87266,0.87234,0.87252,1258,17,0
2023-12-05 06:00:00,0.87253,0.87258,0.87224,0.87232,506,17,0
2023-12-05 06:30:00,0.87233,0.87237,0.87197,0.87215,413,18,0
2023-12-05 07:00:00,0.87214,0.87247,0.87196,0.87223,449,17,0
2023-12-05 07:30:00,0.87223,0.87238,0.87182,0.87182,966,17,0
2023-12-05 08:00:00,0.87181,0.87218,0.87173,0.87216,928,17,0
2023-12-05 08:30:00,0.87217,0.87251,0.87209,0.87231,1007,17,0
2023-12-05 09:00:00,0.8723,0.8734,0.8723,0.87332,1866,15,0
2023-12-05 09:30:00,0.87333,0.87429,0.87323,0.8742,2100,15,0
2023-12-05 10:00:00,0.87419,0.87474,0.87378,0.87432,2448,15,0
2023-12-05 10:30:00,0.87432,0.87432,0.87296,0.87304,1926,17,0
2023-12-05 11:00:00,0.87303,0.87352,0.87273,0.87276,2613,15,0
2023-12-05 11:30:00,0.87275,0.87355,0.87268,0.87348,1763,18,0
2023-12-05 12:00:00,0.87349,0.87425,0.87325,0.87327,2112,17,0
2023-12-05 12:30:00,0.87329,0.87342,0.87268,0.87312,1611,18,0
2023-12-05 13:00:00,0.87312,0.87333,0.87251,0.87331,975,15,0
2023-12-05 13:30:00,0.87334,0.87444,0.8733,0.87401,1575,15,0
2023-12-05 14:00:00,0.87395,0.87416,0.87363,0.87402,2145,16,0
2023-12-05 14:30:00,0.87404,0.87409,0.8735,0.87378,1260,16,0
2023-12-05 15:00:00,0.87379,0.87414,0.87327,0.8734,1846,15,0
2023-12-05 15:30:00,0.8734,0.87367,0.87299,0.87311,2793,18,0
2023-12-05 16:00:00,0.87312,0.87474,0.87301,0.87474,2417,15,0
2023-12-05 16:30:00,0.87474,0.87594,0.8743,0.87524,3358,15,0
2023-12-05 17:00:00,0.87527,0.87527,0.87279,0.8743,5652,15,0
2023-12-05 17:30:00,0.87431,0.87518,0.87374,0.87403,4707,15,0
2023-12-05 18:00:00,0.87403,0.87537,0.87381,0.87515,3124,15,0
2023-12-05 18:30:00,0.87516,0.87653,0.87507,0.87609,2477,16,0
2023-12-05 19:00:00,0.87604,0.87611,0.87466,0.87477,1926,15,0
2023-12-05 19:30:00,0.87477,0.87514,0.87457,0.87474,1805,16,0
2023-12-05 20:00:00,0.87474,0.87543,0.87461,0.87539,1627,18,0
2023-12-05 20:30:00,0.87538,0.87593,0.87526,0.8756,1222,16,0
2023-12-05 21:00:00,0.87563,0.87598,0.8753,0.87545,1315,17,0
2023-12-05 21:30:00,0.87545,0.87569,0.87528,0.87531,1273,15,0
2023-12-05 22:00:00,0.8753,0.8754,0.87498,0.8751,1200,18,0
2023-12-05 22:30:00,0.87511,0.87523,0.87495,0.87504,613,24,0
2023-12-05 23:00:00,0.87504,0.87517,0.87488,0.8749,253,24,0
2023-12-05 23:30:00,0.8749,0.87495,0.87469,0.87479,277,26,0
2023-12-06 00:00:00,0.87459,0.87459,0.87431,0.87442,20,120,0
2023-12-06 00:30:00,0.8744,0.87478,0.87399,0.87435,2277,41,0
2023-12-06 01:00:00,0.87447,0.87497,0.87447,0.87492,416,22,0
2023-12-06 01:30:00,0.87492,0.87498,0.87482,0.87497,129,23,0
2023-12-06 02:00:00,0.87497,0.87499,0.87448,0.87466,551,18,0
2023-12-06 02:30:00,0.87468,0.87502,0.87463,0.87472,833,18,0
2023-12-06 03:00:00,0.87472,0.87499,0.8745,0.87494,801,18,0
2023-12-06 03:30:00,0.87495,0.87516,0.87465,0.87486,914,18,0
2023-12-06 04:00:00,0.87486,0.87505,0.87465,0.87504,754,18,0
2023-12-06 04:30:00,0.87505,0.87531,0.87505,0.87519,470,19,0
2023-12-06 05:00:00,0.8752,0.87523,0.87459,0.87473,937,20,0
2023-12-06 05:30:00,0.87476,0.87489,0.87465,0.8747,896,17,0
2023-12-06 06:00:00,0.87469,0.87474,0.87444,0.87461,494,18,0
2023-12-06 06:30:00,0.8746,0.87491,0.87459,0.87481,493,17,0
2023-12-06 07:00:00,0.87481,0.87506,0.87473,0.87475,511,19,0
2023-12-06 07:30:00,0.87474,0.87482,0.87449,0.87455,392,18,0
2023-12-06 08:00:00,0.87455,0.87501,0.87451,0.87497,412,17,0
2023-12-06 08:30:00,0.87499,0.87533,0.87489,0.87527,346,18,0
2023-12-06 09:00:00,0.87524,0.87558,0.87446,0.87461,1400,17,0
2023-12-06 09:30:00,0.87461,0.87493,0.87375,0.87403,1947,16,0
2023-12-06 10:00:00,0.87402,0.87531,0.87377,0.87514,2734,15,0
2023-12-06 10:30:00,0.87514,0.87592,0.87501,0.87515,2281,17,0
2023-12-06 11:00:00,0.87517,0.87524,0.8745,0.87467,2228,18,0
2023-12-06 11:30:00,0.87466,0.8752,0.87399,0.87414,2165,15,0
2023-12-06 12:00:00,0.87414,0.87465,0.87405,0.8744,1892,16,0
2023-12-06 12:30:00,0.87439,0.87468,0.87399,0.87434,1462,15,0
2023-12-06 13:00:00,0.87436,0.87481,0.87433,0.87476,1098,16,0
2023-12-06 13:30:00,0.87476,0.87508,0.87439,0.87459,1168,17,0
2023-12-06 14:00:00,0.87459,0.87534,0.87449,0.87526,1533,17,0
2023-12-06 14:30:00,0.87525,0.87537,0.87431,0.87485,2383,16,0
2023-12-06 15:00:00,0.87486,0.87502,0.87398,0.874,3276,15,0
2023-12-06 15:30:00,0.874,0.87444,0.873,0.87323,4228,15,0
2023-12-06 16:00:00,0.87323,0.87392,0.8728,0.8732,3083,15,0
2023-12-06 16:30:00,0.87321,0.87406,0.87296,0.87376,3201,16,0
2023-12-06 17:00:00,0.87378,0.87452,0.87326,0.87427,2566,15,0
2023-12-06 17:30:00,0.87425,0.87427,0.87299,0.8735,2421,16,0
2023-12-06 18:00:00,0.87349,0.87432,0.87298,0.87427,2110,16,0
2023-12-06 18:30:00,0.87424,0.87453,0.87374,0.87402,1485,15,0
2023-12-06 19:00:00,0.87406,0.8743,0.87357,0.87387,977,15,0
2023-12-06 19:30:00,0.87387,0.87471,0.87354,0.87458,1334,16,0
2023-12-06 20:00:00,0.8746,0.87521,0.87433,0.87474,1132,16,0
2023-12-06 20:30:00,0.87475,0.87484,0.87352,0.87369,767,15,0
2023-12-06 21:00:00,0.87371,0.8746,0.87363,0.8746,749,17,0
2023-12-06 21:30:00,0.87461,0.87493,0.87444,0.87476,420,17,0
2023-12-06 22:00:00,0.87477,0.87529,0.87459,0.87518,765,18,0
2023-12-06 22:30:00,0.87519,0.87557,0.875,0.8752,886,23,0
2023-12-06 23:00:00,0.87519,0.8752,0.87477,0.87478,318,23,0
2023-12-06 23:30:00,0.87478,0.8748,0.87461,0.87466,367,22,0
2023-12-07 00:00:00,0.87448,0.87465,0.87405,0.87414,67,34,0
2023-12-07 00:30:00,0.87413,0.87454,0.87413,0.87439,923,32,0
2023-12-07 01:00:00,0.87432,0.87454,0.8743,0.87442,397,18,0
2023-12-07 01:30:00,0.87441,0.87469,0.87441,0.87455,282,20,0
2023-12-07 02:00:00,0.87455,0.87467,0.87432,0.87443,359,18,0
2023-12-07 02:30:00,0.87444,0.87465,0.87427,0.87462,385,20,0
2023-12-07 03:00:00,0.87462,0.87473,0.87431,0.87471,773,19,0
2023-12-07 03:30:00,0.8747,0.87487,0.8745,0.87474,1064,17,0
2023-12-07 04:00:00,0.87474,0.87481,0.87434,0.87455,1049,18,0
2023-12-07 04:30:00,0.87454,0.87529,0.87443,0.8751,986,17,0
2023-12-07 05:00:00,0.8751,0.87527,0.87504,0.87512,433,19,0
2023-12-07 05:30:00,0.87512,0.87535,0.87502,0.87531,707,20,0
2023-12-07 06:00:00,0.87533,0.87548,0.87516,0.87519,965,17,0
2023-12-07 06:30:00,0.8752,0.87565,0.8752,0.87537,853,18,0
2023-12-07 07:00:00,0.87538,0.87587,0.87508,0.87581,1216,18,0
2023-12-07 07:30:00,0.87582,0.87614,0.8755,0.87564,971,18,0
2023-12-07 08:00:00,0.87563,0.87585,0.87515,0.87525,1533,16,0
2023-12-07 08:30:00,0.87525,0.87543,0.87494,0.87508,1467,19,0
2023-12-07 09:00:00,0.87509,0.8755,0.87436,0.87447,2370,15,0
2023-12-07 09:30:00,0.87449,0.87449,0.87367,0.87377,2126,15,0
2023-12-07 10:00:00,0.87377,0.8745,0.87349,0.87392,2564,16,0
2023-12-07 10:30:00,0.87395,0.87416,0.87345,0.87375,2669,17,0
2023-12-07 11:00:00,0.87373,0.87428,0.87364,0.87417,1875,17,0
2023-12-07 11:30:00,0.87418,0.87419,0.87293,0.8733,2052,15,0
2023-12-07 12:00:00,0.87331,0.8737,0.87318,0.87348,1647,17,0
2023-12-07 12:30:00,0.87348,0.87452,0.87348,0.87374,2064,17,0
2023-12-07 13:00:00,0.87375,0.87414,0.87281,0.87406,1894,16,0
2023-12-07 13:30:00,0.87406,0.87538,0.87401,0.87491,2293,15,0
2023-12-07 14:00:00,0.87492,0.87787,0.87473,0.87712,2468,15,0
2023-12-07 14:30:00,0.87712,0.87717,0.87624,0.87697,2533,16,0
2023-12-07 15:00:00,0.87698,0.87738,0.87579,0.8758,2001,15,0
2023-12-07 15:30:00,0.8758,0.87713,0.87434,0.8752,3778,16,0
2023-12-07 16:00:00,0.8752,0.87755,0.87509,0.87754,2947,15,0
2023-12-07 16:30:00,0.87755,0.87805,0.87694,0.87792,3687,17,0
2023-12-07 17:00:00,0.8779,0.87813,0.87536,0.87541,3098,15,0
2023-12-07 17:30:00,0.87538,0.87667,0.87451,0.87644,2922,15,0
2023-12-07 18:00:00,0.87645,0.87654,0.8754,0.8765,3322,15,0
2023-12-07 18:30:00,0.8765,0.87679,0.87537,0.8756,2202,17,0
2023-12-07 19:00:00,0.8756,0.8763,0.87482,0.87488,1881,15,0
2023-12-07 19:30:00,0.87489,0.87493,0.87275,0.87377,3747,15,0
2023-12-07 20:00:00,0.87378,0.87453,0.87358,0.8738,2707,16,0
2023-12-07 20:30:00,0.87381,0.87388,0.87327,0.87372,1134,17,0
2023-12-07 21:00:00,0.87372,0.87436,0.87365,0.87433,1675,17,0
2023-12-07 21:30:00,0.87432,0.87446,0.87409,0.87427,1269,18,0
2023-12-07 22:00:00,0.87426,0.8746,0.87424,0.8744,991,19,0
2023-12-07 22:30:00,0.8744,0.87539,0.87433,0.87539,812,25,0
2023-12-07 23:00:00,0.87538,0.87575,0.87536,0.87556,367,22,0
2023-12-07 23:30:00,0.87559,0.87567,0.87458,0.87461,468,23,0
2023-12-08 00:00:00,0.8748,0.87513,0.8748,0.87513,17,59,0
2023-12-08 00:30:00,0.87513,0.87528,0.87477,0.87503,1709,32,0
2023-12-08 01:00:00,0.87501,0.87533,0.8749,0.8752,740,21,0
2023-12-08 01:30:00,0.8752,0.87542,0.87512,0.87536,893,20,0
2023-12-08 02:00:00,0.87535,0.87543,0.8748,0.87513,965,16,0
2023-12-08 02:30:00,0.87513,0.87515,0.87454,0.87483,1164,17,0
2023-12-08 03:00:00,0.87483,0.87532,0.8743,0.87497,2159,17,0
2023-12-08 03:30:00,0.87497,0.87529,0.87473,0.8751,1124,17,0
2023-12-08 04:00:00,0.87511,0.87529,0.87495,0.87523,883,18,0
2023-12-08 04:30:00,0.87523,0.87529,0.87494,0.87499,605,18,0
2023-12-08 05:00:00,0.87501,0.87515,0.87465,0.87485,671,18,0
2023-12-08 05:30:00,0.87486,0.87519,0.87486,0.87497,768,18,0
2023-12-08 06:00:00,0.87496,0.8752,0.87475,0.87503,591,19,0
2023-12-08 06:30:00,0.87504,0.87544,0.87494,0.87539,537,19,0
2023-12-08 07:00:00,0.87539,0.87555,0.87518,0.87518,481,19,0
2023-12-08 07:30:00,0.87519,0.87545,0.87501,0.87523,808,17,0
2023-12-08 08:00:00,0.87524,0.87559,0.87516,0.87528,880,17,0
2023-12-08 08:30:00,0.87529,0.87578,0.87516,0.87573,1095,18,0
2023-12-08 09:00:00,0.87573,0.87578,0.87532,0.87555,1366,17,0
2023-12-08 09:30:00,0.87554,0.87632,0.87548,0.87599,1622,17,0
2023-12-08 10:00:00,0.87599,0.87614,0.87513,0.87557,1826,16,0
2023-12-08 10:30:00,0.87557,0.87566,0.8742,0.87424,2029,16,0
2023-12-08 11:00:00,0.87424,0.87492,0.87404,0.87484,2436,17,0
2023-12-08 11:30:00,0.87484,0.87538,0.87482,0.87509,1718,17,0
2023-12-08 12:00:00,0.8751,0.87562,0.87479,0.87496,1904,17,0
2023-12-08 12:30:00,0.87496,0.87558,0.87488,0.87498,1595,15,0
2023-12-08 13:00:00,0.87498,0.87514,0.87438,0.87465,1467,17,0
2023-12-08 13:30:00,0.87464,0.87516,0.8746,0.87472,1435,17,0
2023-12-08 14:00:00,0.8747,0.87513,0.87434,0.87444,1543,15,0
2023-12-08 14:30:00,0.87444,0.87534,0.87443,0.87512,1581,16,0
2023-12-08 15:00:00,0.87513,0.87618,0.87496,0.87547,2264,16,0
2023-12-08 15:30:00,0.87586,0.88062,0.87584,0.8794,8485,15,0
2023-12-08 16:00:00,0.87942,0.88119,0.87903,0.88033,5700,15,0
2023-12-08 16:30:00,0.88033,0.88044,0.87882,0.87913,4122,15,0
2023-12-08 17:00:00,0.87819,0.87915,0.87692,0.87724,5583,15,0
2023-12-08 17:30:00,0.87722,0.87976,0.87711,0.87962,3593,15,0
2023-12-08 18:00:00,0.87963,0.88116,0.87908,0.88084,3353,17,0
2023-12-08 18:30:00,0.88085,0.88112,0.88044,0.88096,2691,15,0
2023-12-08 19:00:00,0.88097,0.88197,0.88053,0.88059,2570,15,0
2023-12-08 19:30:00,0.88059,0.88107,0.88021,0.8806,2195,17,0
2023-12-08 20:00:00,0.88057,0.88097,0.88033,0.88036,1152,18,0
2023-12-08 20:30:00,0.88036,0.88075,0.8802,0.88072,949,18,0
2023-12-08 21:00:00,0.88072,0.88072,0.88014,0.88017,662,18,0
2023-12-08 21:30:00,0.88017,0.88071,0.88004,0.88028,1220,17,0
2023-12-08 22:00:00,0.88028,0.88043,0.87985,0.87998,1685,19,0
2023-12-08 22:30:00,0.87998,0.87999,0.87951,0.87964,1462,24,0
2023-12-08 23:00:00,0.87965,0.88002,0.87961,0.87992,560,22,0
2023-12-08 23:30:00,0.87991,0.88008,0.87934,0.87977,275,29,0
2023-12-11 00:00:00,0.87999,0.87999,0.87991,0.87991,2,120,0
2023-12-11 00:30:00,0.88002,0.88002,0.87968,0.8798,382,86,0
2023-12-11 01:00:00,0.87981,0.87999,0.8794,0.87973,218,18,0
2023-12-11 01:30:00,0.87974,0.88009,0.87951,0.87954,556,20,0
2023-12-11 02:00:00,0.87957,0.87962,0.87908,0.87915,1169,17,0
2023-12-11 02:30:00,0.87917,0.87929,0.87883,0.87904,1107,19,0
2023-12-11 03:00:00,0.87903,0.87928,0.87871,0.87894,1736,15,0
2023-12-11 03:30:00,0.87894,0.87931,0.8787,0.8792,1056,17,0
2023-12-11 04:00:00,0.87921,0.87931,0.87898,0.87911,951,16,0
2023-12-11 04:30:00,0.87912,0.8795,0.87899,0.87931,826,18,0
2023-12-11 05:00:00,0.87931,0.87972,0.87915,0.87961,744,18,0
2023-12-11 05:30:00,0.87962,0.87975,0.87935,0.8797,527,16,0
2023-12-11 06:00:00,0.8797,0.87991,0.87969,0.87982,507,17,0
2023-12-11 06:30:00,0.87982,0.88005,0.87981,0.87997,702,17,0
2023-12-11 07:00:00,0.87996,0.88011,0.87979,0.8799,650,18,0
2023-12-11 07:30:00,0.87989,0.87994,0.87961,0.87987,588,17,0
2023-12-11 08:00:00,0.87987,0.88,0.87979,0.87987,778,19,0
2023-12-11 08:30:00,0.87987,0.88005,0.8796,0.87978,463,17,0
2023-12-11 09:00:00,0.87969,0.87969,0.87905,0.87924,1386,15,0
2023-12-11 09:30:00,0.87924,0.88043,0.87921,0.88029,2353,17,0
2023-12-11 10:00:00,0.88029,0.88035,0.87926,0.87928,2313,17,0
2023-12-11 10:30:00,0.87929,0.8794,0.87844,0.87872,2390,17,0
2023-12-11 11:00:00,0.8787,0.87909,0.8784,0.8785,1648,16,0
2023-12-11 11:30:00,0.8785,0.87926,0.87843,0.87891,1813,15,0
2023-12-11 12:00:00,0.8789,0.87972,0.87879,0.87956,1419,16,0
2023-12-11 12:30:00,0.87955,0.87985,0.87926,0.87974,906,18,0
2023-12-11 13:00:00,0.87974,0.88049,0.87955,0.88037,1239,16,0
2023-12-11 13:30:00,0.88037,0.88066,0.87986,0.87995,1819,15,0
2023-12-11 14:00:00,0.87994,0.88052,0.87957,0.88044,1856,17,0
2023-12-11 14:30:00,0.88043,0.88155,0.88038,0.88103,2078,15,0
2023-12-11 15:00:00,0.88104,0.88123,0.88021,0.88064,1970,17,0
2023-12-11 15:30:00,0.88064,0.88092,0.87998,0.88014,2241,18,0
2023-12-11 16:00:00,0.88014,0.88132,0.87997,0.8808,2032,16,0
2023-12-11 16:30:00,0.88081,0.88114,0.88018,0.88023,2302,15,0
2023-12-11 17:00:00,0.88024,0.88064,0.87942,0.88029,2019,16,0
2023-12-11 17:30:00,0.88028,0.88028,0.87908,0.87921,2539,15,0
2023-12-11 18:00:00,0.87923,0.87977,0.87906,0.8794,2004,15,0
2023-12-11 18:30:00,0.8794,0.87997,0.87868,0.8795,2103,15,0
2023-12-11 19:00:00,0.87951,0.87952,0.87879,0.8791,1458,17,0
2023-12-11 19:30:00,0.8791,0.87995,0.87906,0.87993,1608,16,0
2023-12-11 20:00:00,0.87993,0.88006,0.87877,0.87879,1842,17,0
2023-12-11 20:30:00,0.87879,0.87882,0.87829,0.87832,734,18,0
2023-12-11 21:00:00,0.8783,0.8783,0.87784,0.87792,573,18,0
2023-12-11 21:30:00,0.87789,0.87855,0.87781,0.87829,691,17,0
2023-12-11 22:00:00,0.87828,0.87865,0.87825,0.87855,571,19,0
2023-12-11 22:30:00,0.87856,0.87866,0.87809,0.87813,398,24,0
2023-12-11 23:00:00,0.87814,0.87837,0.87799,0.87825,351,24,0
2023-12-11 23:30:00,0.87827,0.87854,0.87811,0.87819,299,23,0
2023-12-12 00:00:00,0.87803,0.87803,0.87798,0.87798,7,68,0
2023-12-12 00:30:00,0.87798,0.87832,0.87796,0.8782,757,36,0
2023-12-12 01:00:00,0.8782,0.87844,0.8782,0.87827,361,22,0
2023-12-12 01:30:00,0.87828,0.87835,0.87821,0.87824,442,21,0
2023-12-12 02:00:00,0.87822,0.87834,0.87796,0.87797,470,19,0
2023-12-12 02:30:00,0.87796,0.87808,0.87777,0.87791,451,15,0
2023-12-12 03:00:00,0.8779,0.87808,0.87745,0.8776,752,18,0
2023-12-12 03:30:00,0.87759,0.87785,0.87751,0.87777,893,19,0
2023-12-12 04:00:00,0.87778,0.87789,0.87752,0.87765,581,18,0
2023-12-12 04:30:00,0.87768,0.87795,0.87741,0.87794,335,15,0
2023-12-12 05:00:00,0.87795,0.87799,0.87684,0.87692,645,16,0
2023-12-12 05:30:00,0.87689,0.87707,0.87656,0.87695,897,18,0
2023-12-12 06:00:00,0.87696,0.87705,0.87656,0.87676,664,18,0
2023-12-12 06:30:00,0.87677,0.8772,0.87669,0.87713,372,15,0
2023-12-12 07:00:00,0.87712,0.87712,0.87671,0.87682,452,19,0
2023-12-12 07:30:00,0.87682,0.87687,0.87634,0.87657,612,19,0
2023-12-12 08:00:00,0.87657,0.87686,0.87644,0.87668,574,18,0
2023-12-12 08:30:00,0.87669,0.87679,0.8762,0.87625,640,18,0
2023-12-12 09:00:00,0.87623,0.87641,0.8755,0.87573,1451,18,0
2023-12-12 09:30:00,0.87573,0.87605,0.87539,0.87596,1342,16,0
2023-12-12 10:00:00,0.87597,0.877,0.87597,0.8764,2160,15,0
2023-12-12 10:30:00,0.87638,0.87718,0.87604,0.87707,1887,17,0
2023-12-12 11:00:00,0.87707,0.87755,0.87667,0.87673,1955,16,0
2023-12-12 11:30:00,0.87674,0.87813,0.87662,0.87766,1646,15,0
2023-12-12 12:00:00,0.87767,0.87767,0.87628,0.87651,1468,17,0
2023-12-12 12:30:00,0.8765,0.87652,0.87575,0.87631,976,18,0
2023-12-12 13:00:00,0.87633,0.87646,0.87533,0.87538,1163,16,0
2023-12-12 13:30:00,0.8753,0.87565,0.87482,0.8751,1384,16,0
2023-12-12 14:00:00,0.8751,0.87533,0.87416,0.87426,1202,17,0
2023-12-12 14:30:00,0.87426,0.87444,0.87366,0.87417,1400,17,0
2023-12-12 15:00:00,0.87418,0.87439,0.87365,0.87378,2062,15,0
2023-12-12 15:30:00,0.87374,0.87707,0.87209,0.87693,7279,16,0
2023-12-12 16:00:00,0.87695,0.87712,0.87431,0.87582,4743,15,0
2023-12-12 16:30:00,0.87584,0.87784,0.87577,0.87743,4238,16,0
2023-12-12 17:00:00,0.87742,0.87799,0.87585,0.87616,3426,15,0
2023-12-12 17:30:00,0.87615,0.87683,0.87571,0.87617,2705,15,0
2023-12-12 18:00:00,0.87611,0.87635,0.87542,0.87582,2177,16,0
2023-12-12 18:30:00,0.87582,0.87611,0.87536,0.87572,1334,17,0
2023-12-12 19:00:00,0.87568,0.87639,0.87543,0.87553,1342,18,0
2023-12-12 19:30:00,0.87554,0.87639,0.87546,0.87609,1603,15,0
2023-12-12 20:00:00,0.87611,0.87626,0.87533,0.87614,2263,15,0
2023-12-12 20:30:00,0.87613,0.87623,0.87536,0.87573,1270,16,0
2023-12-12 21:00:00,0.87573,0.87587,0.87548,0.87563,898,18,0
2023-12-12 21:30:00,0.87558,0.87588,0.87545,0.87564,446,16,0
2023-12-12 22:00:00,0.87564,0.87565,0.8751,0.87524,705,20,0
2023-12-12 22:30:00,0.87524,0.87539,0.87501,0.87525,712,25,0
2023-12-12 23:00:00,0.87527,0.87533,0.87501,0.87525,550,25,0
2023-12-12 23:30:00,0.87524,0.8754,0.87511,0.87522,558,24,0
2023-12-13 00:00:00,0.87524,0.87524,0.87463,0.87483,87,30,0
2023-12-13 00:30:00,0.87478,0.87524,0.87448,0.87487,1890,32,0
2023-12-13 01:00:00,0.87492,0.87517,0.87484,0.87509,320,17,0
2023-12-13 01:30:00,0.87509,0.87519,0.87502,0.87507,225,17,0
2023-12-13 02:00:00,0.87507,0.87564,0.8749,0.87554,455,18,0
2023-12-13 02:30:00,0.87554,0.87572,0.87536,0.87536,443,19,0
2023-12-13 03:00:00,0.87536,0.87562,0.87518,0.87543,753,18,0
2023-12-13 03:30:00,0.87542,0.87565,0.87528,0.87541,971,19,0
2023-12-13 04:00:00,0.87541,0.87552,0.87531,0.87539,1078,15,0
2023-12-13 04:30:00,0.87541,0.87567,0.87539,0.87552,1363,18,0
2023-12-13 05:00:00,0.87551,0.87573,0.87541,0.87553,1430,18,0
2023-12-13 05:30:00,0.87553,0.87576,0.8755,0.87571,695,16,0
2023-12-13 06:00:00,0.87571,0.87576,0.87556,0.8756,437,17,0
2023-12-13 06:30:00,0.8756,0.87572,0.87548,0.87557,932,15,0
2023-12-13 07:00:00,0.87556,0.87557,0.87538,0.87544,693,17,0
2023-12-13 07:30:00,0.87543,0.87548,0.87525,0.87542,1386,17,0
2023-12-13 08:00:00,0.87543,0.8761,0.87533,0.87606,907,19,0
2023-12-13 08:30:00,0.87605,0.87617,0.87585,0.87604,785,18,0
2023-12-13 09:00:00,0.87603,0.87651,0.87558,0.87558,1236,16,0
2023-12-13 09:30:00,0.87558,0.87571,0.87525,0.87532,1228,15,0
2023-12-13 10:00:00,0.87533,0.87601,0.87533,0.87591,2069,16,0
2023-12-13 10:30:00,0.87593,0.8763,0.87573,0.876,1403,17,0
2023-12-13 11:00:00,0.87601,0.87669,0.87597,0.87638,1111,15,0
2023-12-13 11:30:00,0.8764,0.87659,0.87591,0.87594,1408,17,0
2023-12-13 12:00:00,0.87595,0.87694,0.87594,0.87684,1425,17,0
2023-12-13 12:30:00,0.87684,0.87699,0.87621,0.87624,1621,16,0
2023-12-13 13:00:00,0.87624,0.87629,0.8757,0.87576,1809,16,0
2023-12-13 13:30:00,0.87574,0.87601,0.87552,0.87566,1688,16,0
2023-12-13 14:00:00,0.87567,0.87607,0.87538,0.87541,1064,17,0
2023-12-13 14:30:00,0.8754,0.87621,0.87538,0.87614,881,17,0
2023-12-13 15:00:00,0.87614,0.87654,0.87584,0.87628,1446,16,0
2023-12-13 15:30:00,0.87628,0.8763,0.87491,0.87527,4030,15,0
2023-12-13 16:00:00,0.87526,0.87608,0.87483,0.8758,2499,17,0
2023-12-13 16:30:00,0.87581,0.87637,0.87559,0.87619,2376,16,0
2023-12-13 17:00:00,0.87619,0.8774,0.87605,0.87692,2346,16,0
2023-12-13 17:30:00,0.87691,0.87772,0.87592,0.87605,2438,15,0
2023-12-13 18:00:00,0.87605,0.87663,0.87579,0.87625,1838,16,0
2023-12-13 18:30:00,0.87625,0.8766,0.87572,0.8761,1445,17,0
2023-12-13 19:00:00,0.8761,0.87628,0.87573,0.87606,1282,17,0
2023-12-13 19:30:00,0.87606,0.87709,0.87577,0.87705,1463,16,0
2023-12-13 20:00:00,0.87704,0.87763,0.87691,0.87745,1512,16,0
2023-12-13 20:30:00,0.87745,0.87793,0.87664,0.87664,1846,17,0
2023-12-13 21:00:00,0.87692,0.87692,0.87144,0.87214,8255,15,0
2023-12-13 21:30:00,0.87213,0.87288,0.86942,0.86953,8210,15,0
2023-12-13 22:00:00,0.86951,0.87215,0.86893,0.87182,6005,19,0
2023-12-13 22:30:00,0.87184,0.87211,0.87072,0.87136,3791,23,0
2023-12-13 23:00:00,0.87136,0.87222,0.87136,0.8717,1869,22,0
2023-12-13 23:30:00,0.87171,0.87196,0.87138,0.87142,1039,22,0
2023-12-14 00:00:00,0.87051,0.87091,0.87051,0.87091,25,98,0
2023-12-14 00:30:00,0.87083,0.87106,0.87041,0.87076,1280,69,0
2023-12-14 01:00:00,0.87076,0.87122,0.8705,0.87058,721,20,0
2023-12-14 01:30:00,0.87059,0.87099,0.87052,0.87095,1445,17,0
2023-12-14 02:00:00,0.87095,0.87095,0.86998,0.87008,1672,17,0
2023-12-14 02:30:00,0.87008,0.87011,0.86936,0.86954,1625,15,0
2023-12-14 03:00:00,0.86953,0.86991,0.86923,0.86979,2788,15,0
2023-12-14 03:30:00,0.86979,0.86981,0.86874,0.86889,1715,18,0
2023-12-14 04:00:00,0.86889,0.86922,0.86788,0.86796,1115,17,0
2023-12-14 04:30:00,0.86796,0.86843,0.86765,0.86779,978,15,0
2023-12-14 05:00:00,0.86778,0.86798,0.86759,0.86764,992,19,0
2023-12-14 05:30:00,0.86764,0.86783,0.86647,0.86729,1711,16,0
2023-12-14 06:00:00,0.86729,0.86781,0.86704,0.86776,1140,16,0
2023-12-14 06:30:00,0.86776,0.86844,0.86758,0.8684,1307,15,0
2023-12-14 07:00:00,0.86841,0.86884,0.86822,0.86855,1250,17,0
2023-12-14 07:30:00,0.86854,0.86872,0.86768,0.86784,1004,17,0
2023-12-14 08:00:00,0.86783,0.86862,0.86773,0.86851,975,15,0
2023-12-14 08:30:00,0.86852,0.86918,0.86837,0.869,1386,16,0
2023-12-14 09:00:00,0.86903,0.87081,0.86862,0.87053,3254,15,0
2023-12-14 09:30:00,0.87052,0.87187,0.87052,0.87148,2944,15,0
2023-12-14 10:00:00,0.87149,0.87283,0.87107,0.87151,4199,15,0
2023-12-14 10:30:00,0.8715,0.87307,0.86756,0.86906,5504,15,0
2023-12-14 11:00:00,0.86909,0.87159,0.86882,0.86888,4212,15,0
2023-12-14 11:30:00,0.86888,0.87172,0.8688,0.87123,3263,15,0
2023-12-14 12:00:00,0.87123,0.87153,0.87008,0.87077,2181,16,0
2023-12-14 12:30:00,0.87078,0.8711,0.8701,0.87035,1985,15,0
2023-12-14 13:00:00,0.87034,0.87042,0.86957,0.86957,1902,16,0
2023-12-14 13:30:00,0.8696,0.8696,0.86805,0.8682,2166,15,0
2023-12-14 14:00:00,0.86821,0.86872,0.86768,0.86861,2477,16,0
2023-12-14 14:30:00,0.8686,0.86863,0.86682,0.86744,2578,15,0
2023-12-14 15:00:00,0.86743,0.87027,0.86742,0.86914,4053,15,0
2023-12-14 15:30:00,0.86872,0.87116,0.86872,0.86957,7126,15,0
2023-12-14 16:00:00,0.86959,0.8706,0.86885,0.8702,6244,15,0
2023-12-14 16:30:00,0.87019,0.87064,0.8671,0.86716,4324,15,0
2023-12-14 17:00:00,0.86716,0.86716,0.86533,0.867,4511,16,0
2023-12-14 17:30:00,0.86701,0.86852,0.86592,0.86598,3785,15,0
2023-12-14 18:00:00,0.86597,0.86612,0.86424,0.86445,3007,15,0
2023-12-14 18:30:00,0.86446,0.86473,0.86292,0.86384,3641,15,0
2023-12-14 19:00:00,0.86383,0.86445,0.86315,0.86347,2599,15,0
2023-12-14 19:30:00,0.86347,0.86423,0.86341,0.86374,1838,15,0
2023-12-14 20:00:00,0.86375,0.86511,0.86372,0.86507,2267,15,0
2023-12-14 20:30:00,0.86508,0.86656,0.86502,0.86621,1646,16,0
2023-12-14 21:00:00,0.86621,0.8671,0.86603,0.86629,1612,16,0
2023-12-14 21:30:00,0.86631,0.8668,0.86592,0.86594,1171,18,0
2023-12-14 22:00:00,0.86594,0.8662,0.86572,0.86589,598,18,0
2023-12-14 22:30:00,0.86588,0.86671,0.86583,0.86666,946,24,0
2023-12-14 23:00:00,0.86667,0.86738,0.86667,0.86735,634,23,0
2023-12-14 23:30:00,0.86735,0.86753,0.86725,0.8673,342,23,0
2023-12-15 00:00:00,0.86678,0.86678,0.86611,0.86628,14,93,0
2023-12-15 00:30:00,0.8664,0.86705,0.86636,0.86677,2257,66,0
2023-12-15 01:00:00,0.86684,0.86734,0.8668,0.86681,514,17,0
2023-12-15 01:30:00,0.8668,0.86713,0.86677,0.86702,750,18,0
2023-12-15 02:00:00,0.86703,0.86791,0.86703,0.86789,884,15,0
2023-12-15 02:30:00,0.86789,0.86808,0.8673,0.86733,2217,15,0
2023-12-15 03:00:00,0.86734,0.86769,0.86716,0.86752,1765,18,0
2023-12-15 03:30:00,0.86752,0.86759,0.86692,0.86704,1830,18,0
2023-12-15 04:00:00,0.86704,0.86718,0.86641,0.86648,1433,15,0
2023-12-15 04:30:00,0.86647,0.86673,0.86615,0.86654,1609,16,0
2023-12-15 05:00:00,0.86653,0.86659,0.86603,0.8661,1520,18,0
2023-12-15 05:30:00,0.86609,0.86619,0.86544,0.8656,1006,18,0
2023-12-15 06:00:00,0.8656,0.86567,0.8653,0.8654,1217,16,0
2023-12-15 06:30:00,0.86541,0.86566,0.86514,0.8656,1117,16,0
2023-12-15 07:00:00,0.8656,0.86645,0.86558,0.86614,1196,19,0
2023-12-15 07:30:00,0.86614,0.86705,0.86613,0.86696,1223,15,0
2023-12-15 08:00:00,0.86696,0.86742,0.86678,0.86735,871,17,0
2023-12-15 08:30:00,0.86732,0.86782,0.86704,0.86725,728,16,0
2023-12-15 09:00:00,0.8672,0.86732,0.86645,0.86646,1631,17,0
2023-12-15 09:30:00,0.86645,0.86706,0.86612,0.86699,1819,17,0
2023-12-15 10:00:00,0.86697,0.86807,0.86668,0.86753,3217,16,0
2023-12-15 10:30:00,0.86754,0.86841,0.86643,0.86658,3263,15,0
2023-12-15 11:00:00,0.8666,0.86705,0.86639,0.86668,2284,17,0
2023-12-15 11:30:00,0.86662,0.86712,0.86636,0.86662,2179,15,0
2023-12-15 12:00:00,0.86664,0.86693,0.86647,0.86649,2153,17,0
2023-12-15 12:30:00,0.8665,0.86665,0.866,0.86619,1404,16,0
2023-12-15 13:00:00,0.86619,0.86672,0.86591,0.86643,1902,15,0
2023-12-15 13:30:00,0.86644,0.86652,0.86595,0.86599,2132,17,0
2023-12-15 14:00:00,0.86598,0.86611,0.86563,0.86585,1334,15,0
2023-12-15 14:30:00,0.86586,0.86638,0.86578,0.86631,1593,15,0
2023-12-15 15:00:00,0.86631,0.86803,0.8662,0.86801,1980,17,0
2023-12-15 15:30:00,0.86801,0.86979,0.86702,0.86917,6053,15,0
2023-12-15 16:00:00,0.86918,0.8693,0.86714,0.86784,3802,15,0
2023-12-15 16:30:00,0.86782,0.86884,0.86735,0.86771,5653,15,0
2023-12-15 17:00:00,0.86768,0.86819,0.86716,0.86771,3675,15,0
2023-12-15 17:30:00,0.86772,0.86846,0.8667,0.86679,2764,15,0
2023-12-15 18:00:00,0.86679,0.86772,0.86638,0.86705,3129,15,0
2023-12-15 18:30:00,0.86704,0.86897,0.86696,0.86877,1744,15,0
2023-12-15 19:00:00,0.86875,0.86891,0.86836,0.86853,1840,17,0
2023-12-15 19:30:00,0.86855,0.86897,0.8684,0.86851,1498,17,0
2023-12-15 20:00:00,0.86852,0.87009,0.86837,0.86979,1806,17,0
2023-12-15 20:30:00,0.8698,0.87055,0.86948,0.87051,1647,17,0
2023-12-15 21:00:00,0.87053,0.87071,0.8698,0.87012,2124,15,0
2023-12-15 21:30:00,0.87011,0.87035,0.86987,0.86999,2437,17,0
2023-12-15 22:00:00,0.86997,0.87014,0.86934,0.86951,1532,21,0
2023-12-15 22:30:00,0.8695,0.87058,0.86942,0.87058,1558,23,0
2023-12-15 23:00:00,0.87058,0.87102,0.87024,0.87027,553,23,0
2023-12-15 23:30:00,0.87029,0.8705,0.86997,0.87013,529,24,0
2023-12-18 00:00:00,0.86921,0.86972,0.86921,0.86956,7,120,0
2023-12-18 00:30:00,0.86957,0.86987,0.86884,0.86958,458,81,0
2023-12-18 01:00:00,0.86974,0.87063,0.86974,0.87063,945,15,0
2023-12-18 01:30:00,0.87062,0.87078,0.87046,0.87054,503,22,0
2023-12-18 02:00:00,0.87057,0.87082,0.87022,0.87041,1003,17,0
2023-12-18 02:30:00,0.8704,0.87049,0.87015,0.87024,891,17,0
2023-12-18 03:00:00,0.87024,0.87081,0.87024,0.87077,608,18,0
2023-12-18 03:30:00,0.87075,0.87106,0.87063,0.87064,707,18,0
2023-12-18 04:00:00,0.87062,0.87062,0.86988,0.87025,556,17,0
2023-12-18 04:30:00,0.87025,0.87028,0.86984,0.86988,580,18,0
2023-12-18 05:00:00,0.86986,0.86995,0.86925,0.86952,343,17,0
2023-12-18 05:30:00,0.86952,0.86964,0.86931,0.86952,540,19,0
2023-12-18 06:00:00,0.86955,0.86968,0.86953,0.8696,201,17,0
2023-12-18 06:30:00,0.86959,0.86962,0.86933,0.86938,202,17,0
2023-12-18 07:00:00,0.86937,0.86947,0.86904,0.86905,379,19,0
2023-12-18 07:30:00,0.86907,0.86958,0.86893,0.86917,491,17,0
2023-12-18 08:00:00,0.86917,0.86951,0.86892,0.86892,612,17,0
2023-12-18 08:30:00,0.86891,0.86906,0.86866,0.86897,539,17,0
2023-12-18 09:00:00,0.86894,0.86972,0.86889,0.86962,1076,18,0
2023-12-18 09:30:00,0.86961,0.86963,0.86815,0.86826,1404,16,0
2023-12-18 10:00:00,0.86826,0.86922,0.86826,0.86879,2074,16,0
2023-12-18 10:30:00,0.86878,0.8692,0.86869,0.86881,1639,15,0
2023-12-18 11:00:00,0.86882,0.86905,0.86791,0.86831,2163,15,0
2023-12-18 11:30:00,0.86829,0.86872,0.86812,0.86867,1901,15,0
2023-12-18 12:00:00,0.86869,0.86918,0.86834,0.86845,1560,15,0
2023-12-18 12:30:00,0.86843,0.86913,0.86826,0.86856,1996,16,0
2023-12-18 13:00:00,0.86857,0.8689,0.86816,0.86836,1695,16,0
2023-12-18 13:30:00,0.86836,0.8684,0.86685,0.86699,1326,15,0
2023-12-18 14:00:00,0.867,0.86777,0.86673,0.86757,1245,18,0
2023-12-18 14:30:00,0.86758,0.86836,0.86744,0.86806,1562,17,0
2023-12-18 15:00:00,0.86805,0.86847,0.86732,0.86741,1787,15,0
2023-12-18 15:30:00,0.86745,0.86774,0.86657,0.86755,2555,17,0
2023-12-18 16:00:00,0.86755,0.86785,0.8671,0.86743,2365,15,0
2023-12-18 16:30:00,0.86742,0.86861,0.86731,0.86825,2704,15,0
2023-12-18 17:00:00,0.86825,0.86909,0.86795,0.86831,2209,17,0
2023-12-18 17:30:00,0.86832,0.86867,0.86772,0.86795,2909,15,0
2023-12-18 18:00:00,0.86794,0.86794,0.86714,0.8674,2102,17,0
2023-12-18 18:30:00,0.86739,0.8683,0.86714,0.86813,1650,16,0
2023-12-18 19:00:00,0.86814,0.86841,0.86787,0.86797,1289,16,0
2023-12-18 19:30:00,0.86796,0.86815,0.86743,0.86767,1267,17,0
2023-12-18 20:00:00,0.86766,0.86813,0.86757,0.86785,1384,16,0
2023-12-18 20:30:00,0.86786,0.86815,0.86774,0.86793,1654,17,0
2023-12-18 21:00:00,0.86794,0.8684,0.86794,0.86832,890,17,0
2023-12-18 21:30:00,0.86833,0.8684,0.86813,0.86833,784,18,0
2023-12-18 22:00:00,0.86832,0.86854,0.86756,0.8676,1096,20,0
2023-12-18 22:30:00,0.86761,0.86808,0.86717,0.86718,1019,24,0
2023-12-18 23:00:00,0.86721,0.86741,0.86703,0.86715,599,23,0
2023-12-18 23:30:00,0.86715,0.86718,0.8669,0.86691,528,24,0
2023-12-19 00:00:00,0.86701,0.86757,0.86696,0.86696,138,81,0
2023-12-19 00:30:00,0.86696,0.86737,0.86696,0.86696,1158,26,0
2023-12-19 01:00:00,0.86696,0.86722,0.86696,0.86719,1042,21,0
2023-12-19 01:30:00,0.86718,0.86721,0.86701,0.86704,385,19,0
2023-12-19 02:00:00,0.86702,0.86725,0.867,0.86716,422,17,0
2023-12-19 02:30:00,0.86716,0.86727,0.86691,0.86714,580,17,0
2023-12-19 03:00:00,0.86711,0.86717,0.86693,0.86705,937,17,0
2023-12-19 03:30:00,0.86705,0.86745,0.86705,0.86727,868,18,0
2023-12-19 04:00:00,0.86727,0.86752,0.86708,0.8672,646,18,0
2023-12-19 04:30:00,0.86721,0.86761,0.86696,0.86704,1425,18,0
2023-12-19 05:00:00,0.86705,0.86716,0.8665,0.86659,1162,17,0
2023-12-19 05:30:00,0.86659,0.867,0.86648,0.86655,632,16,0
2023-12-19 06:00:00,0.86656,0.86679,0.8663,0.86666,559,15,0
2023-12-19 06:30:00,0.86667,0.86703,0.86667,0.86678,579,15,0
2023-12-19 07:00:00,0.86677,0.86692,0.86631,0.86636,388,18,0
2023-12-19 07:30:00,0.86635,0.86668,0.86615,0.86622,376,18,0
2023-12-19 08:00:00,0.86622,0.86651,0.86616,0.86621,482,16,0
2023-12-19 08:30:00,0.86621,0.86631,0.86566,0.86601,2410,16,0
2023-12-19 09:00:00,0.86601,0.86661,0.86538,0.86557,2680,16,0
2023-12-19 09:30:00,0.86557,0.86589,0.86507,0.86589,2317,16,0
2023-12-19 10:00:00,0.86589,0.86695,0.86558,0.86658,2228,15,0
2023-12-19 10:30:00,0.86658,0.86737,0.86652,0.86672,1761,17,0
2023-12-19 11:00:00,0.86671,0.8669,0.86593,0.86596,1900,17,0
2023-12-19 11:30:00,0.86601,0.86654,0.86598,0.86604,1444,16,0
2023-12-19 12:00:00,0.86603,0.86639,0.86585,0.86597,1177,15,0
2023-12-19 12:30:00,0.86597,0.86657,0.86571,0.86603,1808,16,0
2023-12-19 13:00:00,0.86604,0.86625,0.86581,0.86587,1117,16,0
2023-12-19 13:30:00,0.86585,0.86609,0.86555,0.86594,1074,15,0
2023-12-19 14:00:00,0.86595,0.86595,0.86492,0.86527,1170,15,0
2023-12-19 14:30:00,0.86527,0.86545,0.86312,0.86322,2440,15,0
2023-12-19 15:00:00,0.86322,0.86416,0.86277,0.86369,2413,17,0
2023-12-19 15:30:00,0.86368,0.86435,0.86353,0.86363,2613,17,0
2023-12-19 16:00:00,0.86365,0.86446,0.86351,0.86425,2124,15,0
2023-12-19 16:30:00,0.86428,0.86455,0.86076,0.8612,3317,15,0
2023-12-19 17:00:00,0.8612,0.86218,0.85964,0.85992,3360,15,0
2023-12-19 17:30:00,0.85993,0.8607,0.85921,0.85961,3471,15,0
2023-12-19 18:00:00,0.8596,0.86106,0.85959,0.86051,2359,16,0
2023-12-19 18:30:00,0.86052,0.86114,0.86033,0.8609,1811,15,0
2023-12-19 19:00:00,0.86091,0.86138,0.86074,0.8612,1959,17,0
2023-12-19 19:30:00,0.86121,0.86193,0.86084,0.86173,1323,18,0
2023-12-19 20:00:00,0.86174,0.86193,0.86147,0.86155,1288,16,0
2023-12-19 20:30:00,0.86155,0.86164,0.86113,0.86149,1156,17,0
2023-12-19 21:00:00,0.86149,0.86153,0.86058,0.86065,800,19,0
2023-12-19 21:30:00,0.86066,0.86101,0.86061,0.86073,396,18,0
2023-12-19 22:00:00,0.86072,0.86105,0.86066,0.8608,579,20,0
2023-12-19 22:30:00,0.86081,0.86102,0.86055,0.86058,673,25,0
2023-12-19 23:00:00,0.86058,0.86092,0.86057,0.86074,278,24,0
2023-12-19 23:30:00,0.86074,0.86098,0.8607,0.86076,364,24,0
2023-12-20 00:00:00,0.86074,0.86076,0.85988,0.85993,4,33,0
2023-12-20 00:30:00,0.86014,0.8606,0.86005,0.86034,1470,48,0
2023-12-20 01:00:00,0.86036,0.86083,0.86035,0.86057,1980,19,0
2023-12-20 01:30:00,0.86056,0.86061,0.86047,0.86061,620,22,0
2023-12-20 02:00:00,0.8606,0.86095,0.86059,0.86065,710,17,0
2023-12-20 02:30:00,0.86064,0.86082,0.86031,0.86056,714,17,0
2023-12-20 03:00:00,0.86055,0.86102,0.86049,0.8609,834,19,0
2023-12-20 03:30:00,0.86093,0.86108,0.86081,0.8609,917,16,0
2023-12-20 04:00:00,0.86091,0.86129,0.8609,0.86111,840,17,0
2023-12-20 04:30:00,0.8611,0.86121,0.86094,0.86108,783,19,0
2023-12-20 05:00:00,0.86108,0.86111,0.86087,0.86088,777,18,0
2023-12-20 05:30:00,0.86087,0.86133,0.86084,0.86118,578,18,0
2023-12-20 06:00:00,0.86117,0.86126,0.86103,0.86117,334,18,0
2023-12-20 06:30:00,0.86118,0.86118,0.86097,0.86116,293,19,0
2023-12-20 07:00:00,0.86118,0.86131,0.8611,0.86126,306,16,0
2023-12-20 07:30:00,0.86125,0.86143,0.86123,0.86124,393,18,0
2023-12-20 08:00:00,0.86125,0.86156,0.8612,0.86146,677,18,0
2023-12-20 08:30:00,0.86146,0.86153,0.8611,0.86115,521,19,0
2023-12-20 09:00:00,0.86112,0.8615,0.86014,0.86041,2637,17,0
2023-12-20 09:30:00,0.86042,0.86096,0.86008,0.86086,2234,16,0
2023-12-20 10:00:00,0.86088,0.86147,0.86082,0.86087,2018,16,0
2023-12-20 10:30:00,0.86088,0.86219,0.86064,0.8614,2223,16,0
2023-12-20 11:00:00,0.8614,0.86201,0.86131,0.86164,2049,15,0
2023-12-20 11:30:00,0.86165,0.86177,0.86094,0.86136,1787,15,0
2023-12-20 12:00:00,0.86136,0.86208,0.86122,0.86197,1418,16,0
2023-12-20 12:30:00,0.86197,0.86205,0.86126,0.86177,1084,16,0
2023-12-20 13:00:00,0.86176,0.86268,0.86157,0.86255,1513,16,0
2023-12-20 13:30:00,0.86253,0.86377,0.86244,0.8637,1374,15,0
2023-12-20 14:00:00,0.8637,0.86437,0.86357,0.86434,1990,15,0
2023-12-20 14:30:00,0.86434,0.86501,0.86426,0.8649,1722,17,0
2023-12-20 15:00:00,0.86489,0.86496,0.86325,0.86327,1826,16,0
2023-12-20 15:30:00,0.86327,0.86363,0.8616,0.86191,1670,16,0
2023-12-20 16:00:00,0.86191,0.86266,0.86167,0.86184,1788,16,0
2023-12-20 16:30:00,0.86184,0.86202,0.86096,0.86102,2404,16,0
2023-12-20 17:00:00,0.86105,0.86245,0.86081,0.86206,2476,16,0
2023-12-20 17:30:00,0.86203,0.86208,0.86038,0.86096,2721,15,0
2023-12-20 18:00:00,0.86095,0.86121,0.86043,0.86059,1684,16,0
2023-12-20 18:30:00,0.86061,0.86149,0.86045,0.86145,1364,17,0
2023-12-20 19:00:00,0.86145,0.86179,0.8613,0.8616,1230,16,0
2023-12-20 19:30:00,0.86159,0.86176,0.86119,0.86157,1218,17,0
2023-12-20 20:00:00,0.86157,0.86178,0.86128,0.86168,1209,18,0
2023-12-20 20:30:00,0.86167,0.86167,0.86127,0.86144,1086,18,0
2023-12-20 21:00:00,0.86143,0.86157,0.86127,0.86136,840,18,0
2023-12-20 21:30:00,0.86136,0.86286,0.8613,0.86263,1704,17,0
2023-12-20 22:00:00,0.86262,0.86321,0.8625,0.86277,2244,17,0
2023-12-20 22:30:00,0.86279,0.86368,0.86261,0.86367,1892,24,0
2023-12-20 23:00:00,0.86365,0.86388,0.8626,0.86276,1117,25,0
2023-12-20 23:30:00,0.86276,0.8629,0.86241,0.86261,789,26,0
2023-12-21 00:00:00,0.86251,0.86251,0.86229,0.86229,2,54,0
2023-12-21 00:30:00,0.86187,0.86237,0.86187,0.86222,19,120,0
2023-12-21 01:00:00,0.862,0.86253,0.86193,0.86247,686,19,0
2023-12-21 01:30:00,0.86247,0.86268,0.86241,0.86259,362,20,0
2023-12-21 02:00:00,0.86255,0.86269,0.86237,0.86245,309,19,0
2023-12-21 02:30:00,0.86245,0.86251,0.86214,0.86227,768,18,0
2023-12-21 03:00:00,0.86227,0.86246,0.86198,0.86198,1109,18,0
2023-12-21 03:30:00,0.86195,0.86219,0.86163,0.86176,819,19,0
2023-12-21 04:00:00,0.86175,0.86233,0.86105,0.86203,1302,16,0
2023-12-21 04:30:00,0.86205,0.86221,0.86191,0.86196,1040,19,0
2023-12-21 05:00:00,0.86195,0.86232,0.8619,0.86227,851,18,0
2023-12-21 05:30:00,0.86226,0.8623,0.86196,0.86205,807,19,0
2023-12-21 06:00:00,0.86206,0.86221,0.86183,0.86198,584,20,0
2023-12-21 06:30:00,0.86194,0.86207,0.86188,0.86205,370,20,0
2023-12-21 07:00:00,0.86206,0.86212,0.86164,0.86178,328,20,0
2023-12-21 07:30:00,0.86179,0.8618,0.86127,0.86134,580,19,0
2023-12-21 08:00:00,0.86134,0.86202,0.86134,0.86191,1249,15,0
2023-12-21 08:30:00,0.86191,0.86235,0.86187,0.86219,1104,18,0
2023-12-21 09:00:00,0.8622,0.86266,0.86208,0.86216,1567,18,0
2023-12-21 09:30:00,0.86217,0.86243,0.86205,0.86226,1482,19,0
2023-12-21 10:00:00,0.86222,0.86272,0.86163,0.86251,1504,15,0
2023-12-21 10:30:00,0.86252,0.86318,0.86242,0.8628,1775,15,0
2023-12-21 11:00:00,0.86281,0.86284,0.86126,0.8616,1616,16,0
2023-12-21 11:30:00,0.86157,0.86213,0.86151,0.86198,1240,15,0
2023-12-21 12:00:00,0.86198,0.86224,0.86167,0.86203,1305,16,0
2023-12-21 12:30:00,0.86202,0.86218,0.86153,0.86164,1494,18,0
2023-12-21 13:00:00,0.86164,0.86165,0.86059,0.86061,1402,16,0
2023-12-21 13:30:00,0.86062,0.86066,0.85895,0.85899,2089,15,0
2023-12-21 14:00:00,0.85899,0.85953,0.85843,0.85873,1766,15,0
2023-12-21 14:30:00,0.85873,0.85881,0.85799,0.85865,1558,15,0
2023-12-21 15:00:00,0.85866,0.85904,0.85844,0.85891,1865,15,0
2023-12-21 15:30:00,0.85907,0.8593,0.85613,0.8579,4919,15,0
2023-12-21 16:00:00,0.85791,0.85861,0.85682,0.8569,3282,15,0
2023-12-21 16:30:00,0.85686,0.85757,0.85623,0.85725,3514,17,0
2023-12-21 17:00:00,0.85728,0.85911,0.85713,0.85821,4003,17,0
2023-12-21 17:30:00,0.8582,0.85829,0.85662,0.85676,3573,16,0
2023-12-21 18:00:00,0.85676,0.85722,0.8563,0.85654,3216,15,0
2023-12-21 18:30:00,0.85655,0.85779,0.85652,0.85767,2620,15,0
2023-12-21 19:00:00,0.85769,0.85875,0.85769,0.85842,2547,16,0
2023-12-21 19:30:00,0.85842,0.85844,0.85797,0.85807,1714,15,0
2023-12-21 20:00:00,0.85807,0.8588,0.85779,0.85841,1966,16,0
2023-12-21 20:30:00,0.85841,0.85866,0.85804,0.85817,1860,16,0
2023-12-21 21:00:00,0.85816,0.85816,0.85731,0.85734,1164,19,0
2023-12-21 21:30:00,0.85734,0.85739,0.85665,0.85687,1062,17,0
2023-12-21 22:00:00,0.85687,0.85717,0.85663,0.85663,579,17,0
2023-12-21 22:30:00,0.85663,0.85683,0.85616,0.85617,688,24,0
2023-12-21 23:00:00,0.85617,0.85628,0.85607,0.85608,726,26,0
2023-12-21 23:30:00,0.85609,0.8562,0.85589,0.85607,451,25,0
2023-12-22 00:00:00,0.85607,0.85646,0.85586,0.85586,32,22,0
2023-12-22 00:30:00,0.85586,0.85647,0.85584,0.85596,291,22,0
2023-12-22 01:00:00,0.85596,0.85622,0.85588,0.85613,882,15,0
2023-12-22 01:30:00,0.85612,0.85624,0.85591,0.85623,725,18,0
2023-12-22 02:00:00,0.85623,0.85623,0.85565,0.85582,671,19,0
2023-12-22 02:30:00,0.8558,0.85627,0.85574,0.85623,771,19,0
2023-12-22 03:00:00,0.85623,0.85631,0.85585,0.85611,1626,17,0
2023-12-22 03:30:00,0.8561,0.85644,0.85599,0.85633,1579,17,0
2023-12-22 04:00:00,0.85632,0.85647,0.85616,0.85637,1330,17,0
2023-12-22 04:30:00,0.85636,0.85649,0.85626,0.85646,1002,16,0
2023-12-22 05:00:00,0.85647,0.85656,0.8562,0.85631,856,18,0
2023-12-22 05:30:00,0.85631,0.85683,0.85628,0.85665,1148,20,0
2023-12-22 06:00:00,0.85665,0.85684,0.85652,0.85673,1098,17,0
2023-12-22 06:30:00,0.85673,0.85695,0.8565,0.85692,760,18,0
2023-12-22 07:00:00,0.85692,0.85726,0.85692,0.85706,1099,18,0
2023-12-22 07:30:00,0.85706,0.85722,0.85697,0.85717,1058,17,0
2023-12-22 08:00:00,0.85716,0.85717,0.85685,0.85688,871,16,0
2023-12-22 08:30:00,0.85687,0.85703,0.85672,0.85695,770,18,0
2023-12-22 09:00:00,0.85698,0.85701,0.85649,0.85658,1573,18,0
2023-12-22 09:30:00,0.85659,0.85672,0.85608,0.85636,1539,16,0
2023-12-22 10:00:00,0.85637,0.85654,0.85587,0.85642,2656,17,0
2023-12-22 10:30:00,0.85643,0.85654,0.85532,0.85594,2391,18,0
2023-12-22 11:00:00,0.85594,0.85595,0.85534,0.85559,1546,15,0
2023-12-22 11:30:00,0.85559,0.85569,0.85496,0.85558,1790,15,0
2023-12-22 12:00:00,0.85558,0.85574,0.85373,0.85407,2009,15,0
2023-12-22 12:30:00,0.85406,0.85459,0.85347,0.85447,1618,16,0
2023-12-22 13:00:00,0.85447,0.85464,0.85353,0.85353,1785,17,0
2023-12-22 13:30:00,0.85354,0.85365,0.85292,0.85325,1691,15,0
2023-12-22 14:00:00,0.85323,0.85379,0.85292,0.85301,1644,18,0
2023-12-22 14:30:00,0.85299,0.85482,0.85295,0.85449,2119,15,0
2023-12-22 15:00:00,0.85446,0.85499,0.85402,0.8545,2649,15,0
2023-12-22 15:30:00,0.85449,0.85642,0.85294,0.85298,4576,15,0
2023-12-22 16:00:00,0.853,0.85305,0.85131,0.85257,3544,16,0
2023-12-22 16:30:00,0.85254,0.85283,0.85186,0.85244,3132,15,0
2023-12-22 17:00:00,0.85236,0.85444,0.85226,0.85443,3609,15,0
2023-12-22 17:30:00,0.85439,0.85599,0.85431,0.85545,2795,17,0
2023-12-22 18:00:00,0.85546,0.85577,0.85469,0.8551,2220,18,0
2023-12-22 18:30:00,0.8551,0.85639,0.85487,0.85636,2109,18,0
2023-12-22 19:00:00,0.85637,0.85679,0.85583,0.8562,1788,15,0
2023-12-22 19:30:00,0.85618,0.85632,0.85569,0.85586,1891,15,0
2023-12-22 20:00:00,0.85585,0.8561,0.85549,0.85563,1466,16,0
2023-12-22 20:30:00,0.85563,0.8562,0.85547,0.85587,1104,16,0
2023-12-22 21:00:00,0.85588,0.85723,0.85587,0.85715,1616,15,0
2023-12-22 21:30:00,0.85716,0.85727,0.85569,0.85577,1164,17,0
2023-12-22 22:00:00,0.85578,0.85592,0.85552,0.85552,1464,18,0
2023-12-22 22:30:00,0.85551,0.85569,0.85513,0.85542,1228,26,0
2023-12-22 23:00:00,0.8554,0.85569,0.85527,0.85551,1015,26,0
2023-12-22 23:30:00,0.85549,0.8558,0.85528,0.85564,1179,30,0
2023-12-26 06:00:00,0.85503,0.85528,0.8549,0.85526,727,19,0
2023-12-26 06:30:00,0.85525,0.85529,0.8552,0.85524,861,19,0
2023-12-26 07:00:00,0.85523,0.85531,0.85501,0.85506,948,21,0
2023-12-26 07:30:00,0.85507,0.85511,0.85478,0.85484,1097,16,0
2023-12-26 08:00:00,0.85485,0.85489,0.85442,0.85454,1070,20,0
2023-12-26 08:30:00,0.85454,0.85482,0.85433,0.8548,824,20,0
2023-12-26 09:00:00,0.85482,0.85508,0.85466,0.85493,1029,19,0
2023-12-26 09:30:00,0.85493,0.85587,0.85477,0.85581,1052,19,0
2023-12-26 10:00:00,0.85582,0.85657,0.85565,0.85617,1509,16,0
2023-12-26 10:30:00,0.85618,0.85747,0.85601,0.85746,1162,18,0
2023-12-26 11:00:00,0.85746,0.85787,0.85741,0.85755,858,16,0
2023-12-26 11:30:00,0.85756,0.8579,0.85734,0.85737,610,16,0
2023-12-26 12:00:00,0.85736,0.85745,0.85691,0.85707,432,19,0
2023-12-26 12:30:00,0.85706,0.8573,0.85695,0.85712,390,20,0
2023-12-26 13:00:00,0.85711,0.85756,0.85711,0.85723,969,19,0
2023-12-26 13:30:00,0.85722,0.85769,0.85708,0.85757,718,17,0
2023-12-26 14:00:00,0.85756,0.85778,0.85735,0.85749,599,20,0
2023-12-26 14:30:00,0.85747,0.85764,0.85685,0.8569,965,17,0
2023-12-26 15:00:00,0.85693,0.857,0.8546,0.85463,994,17,0
2023-12-26 15:30:00,0.85464,0.8555,0.85438,0.85541,1382,17,0
2023-12-26 16:00:00,0.85538,0.85565,0.85488,0.85511,761,18,0
2023-12-26 16:30:00,0.85512,0.85554,0.8547,0.85488,1236,16,0
2023-12-26 17:00:00,0.85489,0.85498,0.85373,0.85451,1549,16,0
2023-12-26 17:30:00,0.8545,0.85545,0.85432,0.85533,1296,17,0
2023-12-26 18:00:00,0.85533,0.85574,0.85514,0.85534,1098,19,0
2023-12-26 18:30:00,0.85532,0.85541,0.85503,0.85511,729,17,0
2023-12-26 19:00:00,0.8551,0.85539,0.85464,0.85502,1012,20,0
2023-12-26 19:30:00,0.85501,0.85527,0.85494,0.85509,612,19,0
2023-12-26 20:00:00,0.8551,0.8551,0.85467,0.8549,903,18,0
2023-12-26 20:30:00,0.85489,0.85512,0.85458,0.85484,857,17,0
2023-12-26 21:00:00,0.85484,0.85484,0.85414,0.85428,504,16,0
2023-12-26 21:30:00,0.85427,0.85433,0.85323,0.85337,971,18,0
2023-12-26 22:00:00,0.85337,0.8534,0.85301,0.85329,755,17,0
2023-12-26 22:30:00,0.85329,0.85331,0.85301,0.85329,911,24,0
2023-12-26 23:00:00,0.85331,0.85336,0.85309,0.85312,442,27,0
2023-12-26 23:30:00,0.8531,0.85357,0.85302,0.85346,1068,26,0
2023-12-27 00:00:00,0.85336,0.85336,0.85336,0.85336,2,107,0
2023-12-27 00:30:00,0.85341,0.85351,0.85338,0.85338,93,52,0
2023-12-27 01:00:00,0.85343,0.85361,0.85327,0.85352,397,21,0
2023-12-27 01:30:00,0.85352,0.85376,0.85352,0.85366,415,21,0
2023-12-27 02:00:00,0.85366,0.8544,0.85366,0.85432,551,20,0
2023-12-27 02:30:00,0.85432,0.85444,0.85385,0.854,954,18,0
2023-12-27 03:00:00,0.854,0.85417,0.8538,0.85402,1071,18,0
2023-12-27 03:30:00,0.85401,0.85408,0.85375,0.85382,834,19,0
2023-12-27 04:00:00,0.85381,0.854,0.85371,0.85375,669,19,0
2023-12-27 04:30:00,0.85376,0.85385,0.85357,0.85381,547,16,0
2023-12-27 05:00:00,0.8538,0.85407,0.85366,0.85372,558,16,0
2023-12-27 05:30:00,0.85371,0.85381,0.85363,0.85365,598,18,0
2023-12-27 06:00:00,0.85364,0.85365,0.85334,0.85334,1067,17,0
2023-12-27 06:30:00,0.85335,0.8535,0.85328,0.85345,342,19,0
2023-12-27 07:00:00,0.85346,0.85359,0.85325,0.85343,297,18,0
2023-12-27 07:30:00,0.85345,0.85381,0.85345,0.85362,439,17,0
2023-12-27 08:00:00,0.85362,0.85372,0.85275,0.85293,401,17,0
2023-12-27 08:30:00,0.85293,0.85359,0.85292,0.85359,516,17,0
2023-12-27 09:00:00,0.85364,0.85416,0.85363,0.85407,1443,16,0
2023-12-27 09:30:00,0.85407,0.85482,0.85391,0.85416,1739,19,0
2023-12-27 10:00:00,0.85419,0.85454,0.85284,0.85332,2156,16,0
2023-12-27 10:30:00,0.85332,0.85401,0.8532,0.85366,1352,17,0
2023-12-27 11:00:00,0.85366,0.85366,0.85267,0.85275,1516,16,0
2023-12-27 11:30:00,0.85275,0.85292,0.85155,0.85184,951,15,0
2023-12-27 12:00:00,0.85185,0.85303,0.85176,0.85296,1272,15,0
2023-12-27 12:30:00,0.85285,0.85315,0.8526,0.85281,1060,17,0
2023-12-27 13:00:00,0.85281,0.85317,0.85252,0.85263,1040,16,0
2023-12-27 13:30:00,0.85264,0.85308,0.85263,0.8528,854,15,0
2023-12-27 14:00:00,0.8528,0.85323,0.85251,0.85272,805,15,0
2023-12-27 14:30:00,0.85272,0.85359,0.85269,0.8528,1665,15,0
2023-12-27 15:00:00,0.8528,0.85296,0.85234,0.8526,1720,15,0
2023-12-27 15:30:00,0.85261,0.85294,0.85144,0.85154,1523,18,0
2023-12-27 16:00:00,0.85151,0.85151,0.85027,0.85091,1884,15,0
2023-12-27 16:30:00,0.85091,0.85153,0.84979,0.85002,2166,15,0
2023-12-27 17:00:00,0.85004,0.85021,0.84855,0.84861,2502,15,0
2023-12-27 17:30:00,0.84862,0.84884,0.84589,0.84601,2731,15,0
2023-12-27 18:00:00,0.84601,0.84603,0.84078,0.84194,3725,15,0
2023-12-27 18:30:00,0.84195,0.8425,0.84113,0.84164,2481,15,0
2023-12-27 19:00:00,0.84172,0.84368,0.84167,0.84333,1918,16,0
2023-12-27 19:30:00,0.84334,0.84386,0.84297,0.84351,1429,15,0
2023-12-27 20:00:00,0.84358,0.84369,0.84245,0.84311,2212,16,0
2023-12-27 20:30:00,0.8431,0.84388,0.84287,0.84301,1482,18,0
2023-12-27 21:00:00,0.843,0.84362,0.84288,0.84311,1436,17,0
2023-12-27 21:30:00,0.8431,0.84356,0.84207,0.84322,1696,17,0
2023-12-27 22:00:00,0.84322,0.84335,0.8427,0.84288,1149,21,0
2023-12-27 22:30:00,0.84288,0.8429,0.84235,0.84253,1430,25,0
2023-12-27 23:00:00,0.84253,0.8432,0.84233,0.84317,598,22,0
2023-12-27 23:30:00,0.84317,0.84319,0.84281,0.84289,694,25,0
2023-12-28 00:00:00,0.84246,0.84311,0.84246,0.84305,14,95,0
2023-12-28 00:30:00,0.84303,0.84309,0.84242,0.84254,53,42,0
2023-12-28 01:00:00,0.84256,0.84276,0.84223,0.84265,721,20,0
2023-12-28 01:30:00,0.84265,0.8428,0.84241,0.84244,902,20,0
2023-12-28 02:00:00,0.84243,0.84243,0.84187,0.84191,634,16,0
2023-12-28 02:30:00,0.84191,0.84204,0.8414,0.84175,468,19,0
2023-12-28 03:00:00,0.84174,0.84184,0.84128,0.84141,434,21,0
2023-12-28 03:30:00,0.84142,0.84155,0.84043,0.84056,766,17,0
2023-12-28 04:00:00,0.84056,0.84103,0.84034,0.84054,1201,17,0
2023-12-28 04:30:00,0.84053,0.84112,0.84011,0.84058,977,17,0
2023-12-28 05:00:00,0.84059,0.8408,0.84029,0.84078,711,18,0
2023-12-28 05:30:00,0.84077,0.84078,0.83952,0.83973,629,16,0
2023-12-28 06:00:00,0.83974,0.84043,0.83972,0.84028,495,17,0
2023-12-28 06:30:00,0.84027,0.84029,0.83932,0.83983,603,15,0
2023-12-28 07:00:00,0.83984,0.84011,0.8397,0.83971,945,18,0
2023-12-28 07:30:00,0.8397,0.84047,0.8397,0.84032,893,18,0
2023-12-28 08:00:00,0.84033,0.84079,0.84007,0.84058,1250,16,0
2023-12-28 08:30:00,0.84057,0.84064,0.84012,0.84037,1235,18,0
2023-12-28 09:00:00,0.84032,0.84033,0.83861,0.83946,2110,17,0
2023-12-28 09:30:00,0.83947,0.83973,0.83868,0.83934,1379,15,0
2023-12-28 10:00:00,0.83933,0.83937,0.83779,0.83878,2845,15,0
2023-12-28 10:30:00,0.83877,0.83959,0.83849,0.83853,1822,16,0
2023-12-28 11:00:00,0.83854,0.83911,0.83715,0.83728,1700,15,0
2023-12-28 11:30:00,0.83727,0.83766,0.83369,0.83524,3016,15,0
2023-12-28 12:00:00,0.83521,0.83647,0.83521,0.83589,2299,16,0
2023-12-28 12:30:00,0.83586,0.83721,0.83572,0.83706,1639,16,0
2023-12-28 13:00:00,0.83705,0.83714,0.83631,0.83631,1427,16,0
2023-12-28 13:30:00,0.8363,0.83718,0.83615,0.83637,1396,16,0
2023-12-28 14:00:00,0.83637,0.83722,0.83614,0.83702,1155,16,0
2023-12-28 14:30:00,0.83703,0.83727,0.83635,0.83666,1297,16,0
2023-12-28 15:00:00,0.83667,0.83708,0.83628,0.83684,1538,15,0
2023-12-28 15:30:00,0.83685,0.83962,0.8363,0.83938,2895,15,0
2023-12-28 16:00:00,0.83937,0.83962,0.8378,0.83883,2607,16,0
2023-12-28 16:30:00,0.83881,0.83891,0.83503,0.83507,2901,15,0
2023-12-28 17:00:00,0.83504,0.83544,0.83319,0.83328,2122,15,0
2023-12-28 17:30:00,0.83327,0.83734,0.83323,0.83604,3582,16,0
2023-12-28 18:00:00,0.83602,0.83912,0.83602,0.83911,2687,15,0
2023-12-28 18:30:00,0.83906,0.83982,0.83838,0.83956,1475,17,0
2023-12-28 19:00:00,0.83954,0.8407,0.83953,0.84067,1607,15,0
2023-12-28 19:30:00,0.84067,0.84102,0.84015,0.84075,1619,15,0
2023-12-28 20:00:00,0.84074,0.8423,0.84045,0.84202,1992,15,0
2023-12-28 20:30:00,0.84201,0.84257,0.84196,0.84248,915,17,0
2023-12-28 21:00:00,0.84247,0.843,0.84209,0.84295,789,15,0
2023-12-28 21:30:00,0.84294,0.8445,0.84283,0.84335,2038,16,0
2023-12-28 22:00:00,0.84335,0.84393,0.84308,0.84325,876,22,0
2023-12-28 22:30:00,0.84325,0.84419,0.84318,0.84394,973,25,0
2023-12-28 23:00:00,0.84394,0.84499,0.84381,0.84495,1068,24,0
2023-12-28 23:30:00,0.84496,0.84498,0.84444,0.84456,596,22,0
2023-12-29 00:00:00,0.8443,0.8444,0.84331,0.84357,8,120,0
2023-12-29 00:30:00,0.84361,0.84435,0.84331,0.84407,29,70,0
2023-12-29 01:00:00,0.84418,0.84474,0.84361,0.84367,1111,18,0
2023-12-29 01:30:00,0.84368,0.84373,0.84339,0.84343,1308,16,0
2023-12-29 02:00:00,0.84342,0.84353,0.84261,0.8427,1132,16,0
2023-12-29 02:30:00,0.84271,0.84302,0.84244,0.84264,1388,17,0
2023-12-29 03:00:00,0.84265,0.8427,0.84219,0.8424,1202,15,0
2023-12-29 03:30:00,0.84243,0.84251,0.84207,0.84238,1152,20,0
2023-12-29 04:00:00,0.8424,0.84264,0.84225,0.84242,730,17,0
2023-12-29 04:30:00,0.84243,0.84263,0.84231,0.84256,403,20,0
2023-12-29 05:00:00,0.84256,0.84324,0.84247,0.84313,862,17,0
2023-12-29 05:30:00,0.84312,0.84333,0.84299,0.84314,793,18,0
2023-12-29 06:00:00,0.84315,0.8432,0.84291,0.84313,1101,18,0
2023-12-29 06:30:00,0.84312,0.84326,0.84296,0.84319,708,20,0
2023-12-29 07:00:00,0.84321,0.84338,0.8431,0.84332,802,19,0
2023-12-29 07:30:00,0.84332,0.84348,0.84308,0.84311,816,18,0
2023-12-29 08:00:00,0.84311,0.84314,0.84233,0.84287,1074,15,0
2023-12-29 08:30:00,0.84288,0.84294,0.84251,0.84265,734,17,0
2023-12-29 09:00:00,0.84265,0.84295,0.84207,0.84215,891,17,0
2023-12-29 09:30:00,0.84213,0.84215,0.84071,0.84126,1555,15,0
2023-12-29 10:00:00,0.84127,0.84127,0.84,0.84044,2110,17,0
2023-12-29 10:30:00,0.84044,0.84147,0.84011,0.84124,2142,15,0
2023-12-29 11:00:00,0.84122,0.84165,0.84043,0.84116,1599,17,0
2023-12-29 11:30:00,0.84116,0.84156,0.83953,0.84015,1376,15,0
2023-12-29 12:00:00,0.84015,0.84018,0.83733,0.8393,2446,15,0
2023-12-29 12:30:00,0.8393,0.83954,0.83705,0.83747,2333,15,0
2023-12-29 13:00:00,0.83748,0.83879,0.83682,0.83854,2297,15,0
2023-12-29 13:30:00,0.83856,0.8386,0.83619,0.83625,1694,16,0
2023-12-29 14:00:00,0.83624,0.83673,0.8359,0.83592,2020,16,0
2023-12-29 14:30:00,0.83593,0.83775,0.83558,0.83747,2255,15,0
2023-12-29 15:00:00,0.83748,0.83875,0.83702,0.83758,2601,17,0
2023-12-29 15:30:00,0.83757,0.84015,0.83741,0.84007,2718,15,0
2023-12-29 16:00:00,0.84008,0.84043,0.83931,0.83981,2441,15,0
2023-12-29 16:30:00,0.8398,0.84008,0.83779,0.8378,2403,15,0
2023-12-29 17:00:00,0.83773,0.83777,0.83631,0.83678,2683,15,0
2023-12-29 17:30:00,0.83695,0.84177,0.83611,0.8414,5325,15,0
2023-12-29 18:00:00,0.84138,0.84314,0.84081,0.84194,4040,15,0
2023-12-29 18:30:00,0.84192,0.84246,0.84042,0.84042,2117,15,0
2023-12-29 19:00:00,0.84046,0.84054,0.83911,0.83925,2784,15,0
2023-12-29 19:30:00,0.83925,0.83995,0.83886,0.8391,2224,16,0
2023-12-29 20:00:00,0.83909,0.84078,0.83909,0.84047,3036,17,0
2023-12-29 20:30:00,0.84048,0.84063,0.83924,0.84014,2155,15,0
2023-12-29 21:00:00,0.84012,0.84105,0.84005,0.84102,2096,17,0
2023-12-29 21:30:00,0.84103,0.84153,0.84047,0.84124,1432,18,0
2023-12-29 22:00:00,0.84124,0.84179,0.8405,0.84102,1784,19,0
2023-12-29 22:30:00,0.84112,0.84122,0.84079,0.84091,1876,25,0
2023-12-29 23:00:00,0.84094,0.84139,0.84082,0.84139,1198,26,0
2023-12-29 23:30:00,0.84141,0.84176,0.84099,0.84119,913,23,0
2024-01-02 00:00:00,0.8397,0.8397,0.83903,0.83903,2,120,0
2024-01-02 00:30:00,0.8396,0.8396,0.83951,0.83951,2,120,0
2024-01-02 01:00:00,0.83962,0.84181,0.83962,0.84176,627,21,0
2024-01-02 01:30:00,0.84175,0.84225,0.84151,0.84186,800,17,0
2024-01-02 02:00:00,0.84181,0.84239,0.84165,0.84234,572,15,0
2024-01-02 02:30:00,0.84233,0.84254,0.84229,0.84246,323,17,0
2024-01-02 03:00:00,0.84248,0.84249,0.84182,0.8423,669,17,0
2024-01-02 03:30:00,0.8423,0.84258,0.84222,0.84253,812,17,0
2024-01-02 04:00:00,0.84254,0.84311,0.84247,0.84311,681,15,0
2024-01-02 04:30:00,0.84311,0.84469,0.8431,0.84467,1012,15,0
2024-01-02 05:00:00,0.84467,0.84467,0.84417,0.84424,497,15,0
2024-01-02 05:30:00,0.84423,0.8444,0.84418,0.84424,406,17,0
2024-01-02 06:00:00,0.84424,0.84488,0.84419,0.84486,705,18,0
2024-01-02 06:30:00,0.84483,0.84549,0.84468,0.84521,880,17,0
2024-01-02 07:00:00,0.84521,0.84521,0.84454,0.84465,826,17,0
2024-01-02 07:30:00,0.84457,0.84465,0.84379,0.84385,947,16,0
2024-01-02 08:00:00,0.84386,0.84412,0.8437,0.84384,700,16,0
2024-01-02 08:30:00,0.84385,0.84477,0.8432,0.84469,1088,16,0
2024-01-02 09:00:00,0.8448,0.84593,0.84413,0.84414,2440,15,0
2024-01-02 09:30:00,0.84415,0.84609,0.84413,0.84606,2009,15,0
2024-01-02 10:00:00,0.84606,0.84606,0.84381,0.84486,2962,15,0
2024-01-02 10:30:00,0.84487,0.84524,0.84416,0.84522,1932,15,0
2024-01-02 11:00:00,0.84524,0.84589,0.8447,0.84512,1795,15,0
2024-01-02 11:30:00,0.84514,0.84707,0.84491,0.84617,1935,15,0
2024-01-02 12:00:00,0.84618,0.84866,0.84602,0.84744,2186,15,0
2024-01-02 12:30:00,0.84745,0.84788,0.84685,0.84722,1956,15,0
2024-01-02 13:00:00,0.84723,0.84937,0.8471,0.84821,2586,15,0
2024-01-02 13:30:00,0.84822,0.85029,0.84822,0.85002,2316,15,0
2024-01-02 14:00:00,0.85002,0.85005,0.84857,0.84895,2075,15,0
2024-01-02 14:30:00,0.84893,0.84944,0.84875,0.84937,1672,15,0
2024-01-02 15:00:00,0.84937,0.84958,0.84859,0.84859,2290,16,0
2024-01-02 15:30:00,0.84857,0.84983,0.84753,0.84932,3032,15,0
2024-01-02 16:00:00,0.84935,0.85,0.84836,0.8487,2528,15,0
2024-01-02 16:30:00,0.8487,0.84898,0.84656,0.84664,4269,15,0
2024-01-02 17:00:00,0.84668,0.84867,0.84633,0.84843,3789,15,0
2024-01-02 17:30:00,0.84842,0.8492,0.84804,0.84863,4002,17,0
2024-01-02 18:00:00,0.84863,0.84897,0.84735,0.84771,2524,15,0
2024-01-02 18:30:00,0.84773,0.84876,0.8476,0.84832,1389,16,0
2024-01-02 19:00:00,0.84829,0.84997,0.84822,0.8497,1830,15,0
2024-01-02 19:30:00,0.84971,0.85025,0.84929,0.85009,1362,16,0
2024-01-02 20:00:00,0.85008,0.85024,0.84949,0.84981,913,18,0
2024-01-02 20:30:00,0.84981,0.8506,0.8498,0.85024,759,16,0
2024-01-02 21:00:00,0.85025,0.85037,0.84906,0.84919,904,15,0
2024-01-02 21:30:00,0.84917,0.84963,0.84893,0.84942,862,17,0
2024-01-02 22:00:00,0.84943,0.84968,0.84891,0.84961,1200,17,0
2024-01-02 22:30:00,0.84961,0.85019,0.84925,0.85016,1401,23,0
2024-01-02 23:00:00,0.85015,0.85042,0.84997,0.85038,486,24,0
2024-01-02 23:30:00,0.85038,0.85044,0.84996,0.85011,439,25,0
2024-01-03 00:00:00,0.84923,0.84969,0.84923,0.84956,7,84,0
2024-01-03 00:30:00,0.84955,0.85022,0.84955,0.84984,72,31,0
2024-01-03 01:00:00,0.84984,0.85035,0.84961,0.84992,771,18,0
2024-01-03 01:30:00,0.84992,0.85033,0.84989,0.85002,730,17,0
2024-01-03 02:00:00,0.85002,0.85004,0.84926,0.84929,667,17,0
2024-01-03 02:30:00,0.84928,0.84935,0.84899,0.84902,398,20,0
2024-01-03 03:00:00,0.84903,0.85015,0.84901,0.84974,930,17,0
2024-01-03 03:30:00,0.84972,0.84974,0.84928,0.84946,841,16,0
2024-01-03 04:00:00,0.84946,0.84975,0.84934,0.84975,689,15,0
2024-01-03 04:30:00,0.84973,0.84987,0.84964,0.84975,531,20,0
2024-01-03 05:00:00,0.84976,0.8502,0.84951,0.85,599,19,0
2024-01-03 05:30:00,0.85,0.85,0.84884,0.84908,954,17,0
2024-01-03 06:00:00,0.84913,0.84944,0.84897,0.8493,935,18,0
2024-01-03 06:30:00,0.84931,0.84956,0.84917,0.84917,713,18,0
2024-01-03 07:00:00,0.84917,0.84935,0.84884,0.84932,665,16,0
2024-01-03 07:30:00,0.84932,0.84988,0.84904,0.84986,959,18,0
2024-01-03 08:00:00,0.84987,0.84994,0.84952,0.84986,1028,19,0
2024-01-03 08:30:00,0.84986,0.85022,0.84973,0.85022,844,16,0
2024-01-03 09:00:00,0.85022,0.8518,0.84988,0.85132,2087,17,0
2024-01-03 09:30:00,0.85133,0.85137,0.8496,0.84982,1930,16,0
2024-01-03 10:00:00,0.84981,0.85101,0.84915,0.85077,2284,15,0
2024-01-03 10:30:00,0.85075,0.85121,0.84964,0.85064,2492,15,0
2024-01-03 11:00:00,0.85064,0.85122,0.8496,0.85109,2236,15,0
2024-01-03 11:30:00,0.85108,0.85213,0.85075,0.85135,2044,15,0
2024-01-03 12:00:00,0.85134,0.85282,0.8512,0.85256,2125,15,0
2024-01-03 12:30:00,0.85252,0.85289,0.85199,0.85287,1439,17,0
2024-01-03 13:00:00,0.85286,0.85436,0.85269,0.8538,2051,16,0
2024-01-03 13:30:00,0.85382,0.85537,0.85362,0.85467,2421,15,0
2024-01-03 14:00:00,0.85466,0.85478,0.85278,0.85343,2207,16,0
2024-01-03 14:30:00,0.85343,0.85442,0.85278,0.8536,2130,16,0
2024-01-03 15:00:00,0.85359,0.85387,0.85263,0.85268,2475,15,0
2024-01-03 15:30:00,0.85269,0.85342,0.8522,0.85271,3290,16,0
2024-01-03 16:00:00,0.8527,0.85424,0.85229,0.85388,3065,15,0
2024-01-03 16:30:00,0.8539,0.85465,0.85216,0.85369,3961,15,0
2024-01-03 17:00:00,0.85368,0.85368,0.8506,0.85201,5632,15,0
2024-01-03 17:30:00,0.852,0.85358,0.85196,0.85242,5047,15,0
2024-01-03 18:00:00,0.85242,0.85298,0.85142,0.85215,4019,15,0
2024-01-03 18:30:00,0.85215,0.85244,0.85144,0.85229,2821,17,0
2024-01-03 19:00:00,0.85227,0.8527,0.85095,0.85109,2481,15,0
2024-01-03 19:30:00,0.85109,0.85184,0.85084,0.85161,1908,15,0
2024-01-03 20:00:00,0.85162,0.85162,0.85067,0.85097,1516,15,0
2024-01-03 20:30:00,0.85102,0.85168,0.85084,0.8512,1229,18,0
2024-01-03 21:00:00,0.85137,0.85304,0.85036,0.85061,4180,17,0
2024-01-03 21:30:00,0.85063,0.85115,0.85005,0.85057,2586,15,0
2024-01-03 22:00:00,0.85055,0.85079,0.85001,0.85068,2126,20,0
2024-01-03 22:30:00,0.85068,0.85087,0.84967,0.84977,2557,24,0
2024-01-03 23:00:00,0.84975,0.8499,0.84906,0.8491,1081,25,0
2024-01-03 23:30:00,0.8491,0.84939,0.84888,0.849,686,25,0
2024-01-04 00:00:00,0.84886,0.84902,0.84866,0.84866,14,59,0
2024-01-04 00:30:00,0.84866,0.84918,0.8486,0.84866,139,22,0
2024-01-04 01:00:00,0.84866,0.84893,0.84855,0.84882,749,21,0
2024-01-04 01:30:00,0.84884,0.8492,0.84879,0.84913,848,18,0
2024-01-04 02:00:00,0.84913,0.84949,0.8491,0.84933,940,16,0
2024-01-04 02:30:00,0.84932,0.84983,0.84931,0.84977,766,19,0
2024-01-04 03:00:00,0.84978,0.85005,0.84953,0.85004,670,19,0
2024-01-04 03:30:00,0.85003,0.85052,0.85003,0.85032,1233,17,0
2024-01-04 04:00:00,0.85033,0.85036,0.84963,0.84969,958,17,0
2024-01-04 04:30:00,0.84969,0.85006,0.84923,0.84932,764,17,0
2024-01-04 05:00:00,0.84931,0.84957,0.8488,0.84882,569,19,0
2024-01-04 05:30:00,0.8488,0.84881,0.84817,0.84859,910,17,0
2024-01-04 06:00:00,0.8486,0.84878,0.84843,0.84852,868,15,0
2024-01-04 06:30:00,0.84852,0.84922,0.84821,0.8491,929,17,0
2024-01-04 07:00:00,0.84909,0.84954,0.84901,0.84954,703,18,0
2024-01-04 07:30:00,0.84955,0.85007,0.84946,0.84971,954,16,0
2024-01-04 08:00:00,0.84971,0.84971,0.84867,0.84903,976,15,0
2024-01-04 08:30:00,0.84903,0.84941,0.84819,0.84819,1652,16,0
2024-01-04 09:00:00,0.8482,0.84909,0.8479,0.84833,2006,16,0
2024-01-04 09:30:00,0.84834,0.8489,0.84765,0.84824,2095,16,0
2024-01-04 10:00:00,0.84825,0.85006,0.8477,0.84979,3052,15,0
2024-01-04 10:30:00,0.8498,0.85113,0.84976,0.84987,2526,16,0
2024-01-04 11:00:00,0.84987,0.85029,0.84924,0.8494,2752,16,0
2024-01-04 11:30:00,0.84939,0.84961,0.84863,0.84934,2520,18,0
2024-01-04 12:00:00,0.84933,0.84961,0.84863,0.84954,2021,16,0
2024-01-04 12:30:00,0.84953,0.85044,0.84867,0.85022,1985,17,0
2024-01-04 13:00:00,0.85023,0.85067,0.85,0.85008,1594,17,0
2024-01-04 13:30:00,0.85008,0.85068,0.85005,0.85056,1623,17,0
2024-01-04 14:00:00,0.85056,0.85071,0.84985,0.85018,1329,16,0
2024-01-04 14:30:00,0.85018,0.85049,0.84977,0.85,1755,16,0
2024-01-04 15:00:00,0.84999,0.85118,0.84999,0.85072,2925,18,0
2024-01-04 15:30:00,0.85107,0.85276,0.85061,0.85125,3136,16,0
2024-01-04 16:00:00,0.85125,0.85214,0.85084,0.8514,2673,18,0
2024-01-04 16:30:00,0.85139,0.85229,0.8507,0.85124,3884,17,0
2024-01-04 17:00:00,0.85124,0.85127,0.84905,0.84936,3283,16,0
2024-01-04 17:30:00,0.84937,0.85028,0.84855,0.84959,3466,18,0
2024-01-04 18:00:00,0.84958,0.8499,0.84918,0.84988,2058,16,0
2024-01-04 18:30:00,0.84987,0.85041,0.84971,0.85031,1679,17,0
2024-01-04 19:00:00,0.85032,0.85145,0.85016,0.85127,1600,16,0
2024-01-04 19:30:00,0.85127,0.85164,0.85103,0.85134,1293,16,0
2024-01-04 20:00:00,0.85134,0.85195,0.85103,0.85194,1087,18,0
2024-01-04 20:30:00,0.85194,0.85194,0.85104,0.85145,815,17,0
2024-01-04 21:00:00,0.85145,0.85168,0.85118,0.8515,795,19,0
2024-01-04 21:30:00,0.85151,0.85159,0.85079,0.8509,742,19,0
2024-01-04 22:00:00,0.85091,0.8514,0.85076,0.85115,808,20,0
2024-01-04 22:30:00,0.85116,0.85128,0.84992,0.84992,824,22,0
2024-01-04 23:00:00,0.84992,0.85011,0.8496,0.85006,812,24,0
2024-01-04 23:30:00,0.85006,0.85014,0.84977,0.8501,559,22,0
2024-01-05 00:00:00,0.84972,0.84997,0.84956,0.84974,180,65,0
2024-01-05 00:30:00,0.84973,0.85012,0.84956,0.84969,349,28,0
2024-01-05 01:00:00,0.84968,0.85029,0.84968,0.85028,431,22,0
2024-01-05 01:30:00,0.85028,0.85041,0.85008,0.85016,363,20,0
2024-01-05 02:00:00,0.85022,0.85024,0.84944,0.8496,713,18,0
2024-01-05 02:30:00,0.84961,0.84978,0.84945,0.84956,645,19,0
2024-01-05 03:00:00,0.84957,0.84957,0.84889,0.84928,763,17,0
2024-01-05 03:30:00,0.84928,0.84932,0.84863,0.84914,972,18,0
2024-01-05 04:00:00,0.84917,0.84964,0.84894,0.84958,547,18,0
2024-01-05 04:30:00,0.8496,0.84999,0.84952,0.84994,752,20,0
2024-01-05 05:00:00,0.84993,0.85037,0.84985,0.8503,346,20,0
2024-01-05 05:30:00,0.85031,0.85054,0.8502,0.85045,563,19,0
2024-01-05 06:00:00,0.85045,0.85056,0.85038,0.85047,311,20,0
2024-01-05 06:30:00,0.85047,0.85067,0.85039,0.85064,303,21,0
2024-01-05 07:00:00,0.85066,0.85068,0.8505,0.85058,441,19,0
2024-01-05 07:30:00,0.85057,0.85077,0.85038,0.8504,420,19,0
2024-01-05 08:00:00,0.85041,0.85141,0.85031,0.85134,710,20,0
2024-01-05 08:30:00,0.85134,0.85177,0.85109,0.8514,1287,19,0
2024-01-05 09:00:00,0.85153,0.852,0.85038,0.85103,1971,17,0
2024-01-05 09:30:00,0.85102,0.85222,0.85083,0.85158,1589,16,0
2024-01-05 10:00:00,0.85158,0.85182,0.85112,0.85176,1933,17,0
2024-01-05 10:30:00,0.85177,0.85206,0.85107,0.85203,1537,18,0
2024-01-05 11:00:00,0.85203,0.85259,0.85119,0.85227,1659,17,0
2024-01-05 11:30:00,0.85229,0.85334,0.85191,0.85291,2537,18,0
2024-01-05 12:00:00,0.85292,0.85376,0.85277,0.853,1540,17,0
2024-01-05 12:30:00,0.853,0.85342,0.85259,0.85268,1610,16,0
2024-01-05 13:00:00,0.85269,0.853,0.85228,0.85298,1410,19,0
2024-01-05 13:30:00,0.85298,0.85326,0.85261,0.85312,1409,17,0
2024-01-05 14:00:00,0.85314,0.85342,0.8527,0.85304,1278,19,0
2024-01-05 14:30:00,0.85305,0.85321,0.85269,0.85294,1301,16,0
2024-01-05 15:00:00,0.85294,0.85342,0.85234,0.85236,2003,16,0
2024-01-05 15:30:00,0.85229,0.8576,0.85229,0.85272,7708,16,0
2024-01-05 16:00:00,0.85271,0.85273,0.84957,0.84989,5461,16,0
2024-01-05 16:30:00,0.84993,0.85106,0.84814,0.84814,4947,16,0
2024-01-05 17:00:00,0.84816,0.84873,0.84543,0.84705,7797,16,0
2024-01-05 17:30:00,0.84705,0.84731,0.84547,0.84713,5219,16,0
2024-01-05 18:00:00,0.84713,0.84791,0.84657,0.84768,4438,18,0
2024-01-05 18:30:00,0.84769,0.84884,0.84709,0.84855,3307,19,0
2024-01-05 19:00:00,0.84854,0.84952,0.84854,0.84939,2758,18,0
2024-01-05 19:30:00,0.8494,0.84986,0.84873,0.84983,2939,18,0
2024-01-05 20:00:00,0.84983,0.85046,0.84947,0.84952,2797,16,0
2024-01-05 20:30:00,0.84952,0.84981,0.84883,0.84892,2425,18,0
2024-01-05 21:00:00,0.8489,0.84895,0.84843,0.84879,2635,19,0
2024-01-05 21:30:00,0.8488,0.84962,0.84851,0.8495,2908,19,0
2024-01-05 22:00:00,0.84948,0.84983,0.84943,0.84965,955,22,0
2024-01-05 22:30:00,0.84965,0.85029,0.84964,0.85013,1489,25,0
2024-01-05 23:00:00,0.85013,0.85062,0.8501,0.8504,853,22,0
2024-01-05 23:30:00,0.85039,0.85055,0.84954,0.84979,821,22,0
2024-01-08 00:00:00,0.84927,0.84952,0.84914,0.84952,5,120,0
2024-01-08 00:30:00,0.84957,0.85006,0.84929,0.84952,79,96,0
2024-01-08 01:00:00,0.84969,0.8512,0.84969,0.85119,581,17,0
2024-01-08 01:30:00,0.85119,0.85123,0.85063,0.85066,229,19,0
2024-01-08 02:00:00,0.85067,0.85082,0.85038,0.85046,214,16,0
2024-01-08 02:30:00,0.85052,0.85068,0.85033,0.85039,310,16,0
2024-01-08 03:00:00,0.85039,0.85061,0.84969,0.84996,856,16,0
2024-01-08 03:30:00,0.84997,0.85026,0.84977,0.85017,1276,16,0
2024-01-08 04:00:00,0.85021,0.85085,0.85017,0.85067,790,19,0
2024-01-08 04:30:00,0.85068,0.85142,0.85066,0.85127,509,16,0
2024-01-08 05:00:00,0.85127,0.8514,0.85112,0.85133,631,17,0
2024-01-08 05:30:00,0.85135,0.85186,0.85135,0.85178,505,16,0
2024-01-08 06:00:00,0.85179,0.85191,0.85153,0.85154,311,18,0
2024-01-08 06:30:00,0.85154,0.85178,0.85151,0.85176,342,17,0
2024-01-08 07:00:00,0.85176,0.85189,0.85161,0.85167,487,16,0
2024-01-08 07:30:00,0.85168,0.85204,0.85156,0.85157,697,16,0
2024-01-08 08:00:00,0.85158,0.85167,0.85126,0.85128,507,18,0
2024-01-08 08:30:00,0.85129,0.85154,0.85086,0.85088,345,16,0
2024-01-08 09:00:00,0.85086,0.8511,0.84978,0.85047,1583,16,0
2024-01-08 09:30:00,0.85046,0.85046,0.84861,0.85,2696,16,0
2024-01-08 10:00:00,0.85001,0.85115,0.84992,0.85044,2399,16,0
2024-01-08 10:30:00,0.85044,0.85074,0.84982,0.85046,2199,16,0
2024-01-08 11:00:00,0.85047,0.85199,0.85045,0.85147,1967,16,0
2024-01-08 11:30:00,0.85147,0.85184,0.85035,0.85073,1923,17,0
2024-01-08 12:00:00,0.85074,0.85123,0.85044,0.85102,1689,19,0
2024-01-08 12:30:00,0.85101,0.85104,0.85038,0.85042,1246,20,0
2024-01-08 13:00:00,0.85038,0.85104,0.84976,0.8508,1074,16,0
2024-01-08 13:30:00,0.85081,0.85162,0.85066,0.85129,1627,16,0
2024-01-08 14:00:00,0.85129,0.85135,0.85065,0.85114,1847,19,0
2024-01-08 14:30:00,0.85114,0.85165,0.85007,0.85013,1426,19,0
2024-01-08 15:00:00,0.85012,0.85041,0.84953,0.84955,1977,17,0
2024-01-08 15:30:00,0.84955,0.85021,0.84907,0.84975,2493,16,0
2024-01-08 16:00:00,0.84976,0.84994,0.84906,0.84939,2207,17,0
2024-01-08 16:30:00,0.84938,0.84954,0.84771,0.84782,3248,16,0
2024-01-08 17:00:00,0.84783,0.84814,0.84703,0.8473,1902,18,0
2024-01-08 17:30:00,0.84731,0.84765,0.84607,0.84634,2430,16,0
2024-01-08 18:00:00,0.84635,0.84683,0.84594,0.84665,2276,16,0
2024-01-08 18:30:00,0.84665,0.84675,0.84616,0.8466,1411,17,0
2024-01-08 19:00:00,0.84659,0.84672,0.84616,0.84659,1434,17,0
2024-01-08 19:30:00,0.84659,0.847,0.8465,0.84697,927,18,0
2024-01-08 20:00:00,0.84698,0.84738,0.84676,0.84735,591,18,0
2024-01-08 20:30:00,0.84735,0.848,0.84732,0.84766,951,18,0
2024-01-08 21:00:00,0.84766,0.84782,0.84721,0.84741,829,18,0
2024-01-08 21:30:00,0.8474,0.8474,0.84684,0.84695,631,18,0
2024-01-08 22:00:00,0.84696,0.84784,0.84694,0.84753,753,21,0
2024-01-08 22:30:00,0.84755,0.84768,0.84713,0.84751,889,22,0
2024-01-08 23:00:00,0.84751,0.84785,0.84743,0.84785,817,26,0
2024-01-08 23:30:00,0.84785,0.84818,0.84773,0.84784,1143,22,0
2024-01-09 00:00:00,0.8478,0.84804,0.84756,0.84795,152,46,0
2024-01-09 00:30:00,0.84799,0.84811,0.84726,0.84745,493,42,0
2024-01-09 01:00:00,0.84741,0.84792,0.84741,0.84779,511,21,0
2024-01-09 01:30:00,0.84779,0.84804,0.84779,0.84796,222,21,0
2024-01-09 02:00:00,0.84795,0.84804,0.84739,0.84746,649,18,0
2024-01-09 02:30:00,0.84743,0.84766,0.84725,0.8475,490,20,0
2024-01-09 03:00:00,0.84751,0.84759,0.84699,0.847,673,17,0
2024-01-09 03:30:00,0.847,0.8473,0.84644,0.84646,732,19,0
2024-01-09 04:00:00,0.84647,0.84686,0.84633,0.8467,836,19,0
2024-01-09 04:30:00,0.84671,0.84693,0.84651,0.84678,618,20,0
2024-01-09 05:00:00,0.84674,0.84721,0.84647,0.84667,632,17,0
2024-01-09 05:30:00,0.84665,0.84696,0.84663,0.84687,401,18,0
2024-01-09 06:00:00,0.84687,0.84731,0.84673,0.8473,908,18,0
2024-01-09 06:30:00,0.84729,0.84734,0.847,0.84723,409,19,0
2024-01-09 07:00:00,0.84723,0.84761,0.84714,0.84755,366,18,0
2024-01-09 07:30:00,0.84755,0.8478,0.8475,0.84765,372,18,0
2024-01-09 08:00:00,0.84766,0.84793,0.84746,0.84791,504,20,0
2024-01-09 08:30:00,0.84792,0.84843,0.8479,0.84822,616,19,0
2024-01-09 09:00:00,0.8482,0.84862,0.84731,0.84745,1215,16,0
2024-01-09 09:30:00,0.84744,0.84778,0.8471,0.84748,899,18,0
2024-01-09 10:00:00,0.84748,0.85003,0.84745,0.84986,3075,16,0
2024-01-09 10:30:00,0.84986,0.85024,0.84915,0.8493,2382,18,0
2024-01-09 11:00:00,0.84931,0.84987,0.84898,0.84925,2446,17,0
2024-01-09 11:30:00,0.84925,0.84978,0.84887,0.84959,1665,16,0
2024-01-09 12:00:00,0.84958,0.85036,0.84911,0.84976,1473,16,0
2024-01-09 12:30:00,0.84976,0.85133,0.84976,0.85084,1540,16,0
2024-01-09 13:00:00,0.85083,0.85127,0.85053,0.85073,1399,17,0
2024-01-09 13:30:00,0.85074,0.85133,0.85072,0.8513,1527,19,0
2024-01-09 14:00:00,0.85129,0.85171,0.85052,0.85081,1285,16,0
2024-01-09 14:30:00,0.85083,0.85146,0.85063,0.85102,1737,19,0
2024-01-09 15:00:00,0.85103,0.85195,0.85026,0.8511,2145,16,0
2024-01-09 15:30:00,0.8511,0.85154,0.84978,0.84986,2955,16,0
2024-01-09 16:00:00,0.84986,0.85074,0.84954,0.85057,2843,16,0
2024-01-09 16:30:00,0.85058,0.85124,0.85,0.85079,3233,16,0
2024-01-09 17:00:00,0.8508,0.85183,0.85067,0.8512,2481,16,0
2024-01-09 17:30:00,0.85121,0.85232,0.85118,0.85216,2809,17,0
2024-01-09 18:00:00,0.85216,0.8531,0.85155,0.85188,2411,18,0
2024-01-09 18:30:00,0.85186,0.85202,0.85126,0.8514,1345,16,0
2024-01-09 19:00:00,0.8514,0.8517,0.85105,0.85118,1092,16,0
2024-01-09 19:30:00,0.85114,0.85164,0.85109,0.85152,895,16,0
2024-01-09 20:00:00,0.85152,0.85207,0.85096,0.85202,1219,17,0
2024-01-09 20:30:00,0.85201,0.85263,0.85201,0.85245,1147,19,0
2024-01-09 21:00:00,0.85246,0.85254,0.85205,0.85246,816,20,0
2024-01-09 21:30:00,0.85246,0.85278,0.85223,0.85224,789,18,0
2024-01-09 22:00:00,0.85225,0.85226,0.85157,0.85185,1265,21,0
2024-01-09 22:30:00,0.85185,0.85225,0.85172,0.8522,559,24,0
2024-01-09 23:00:00,0.8522,0.85264,0.85215,0.85254,448,24,0
2024-01-09 23:30:00,0.85255,0.85262,0.85208,0.85209,766,22,0
2024-01-10 00:00:00,0.85209,0.8525,0.85161,0.85228,174,41,0
2024-01-10 00:30:00,0.85226,0.8525,0.85214,0.85219,484,26,0
2024-01-10 01:00:00,0.85218,0.85242,0.85208,0.85216,670,16,0
2024-01-10 01:30:00,0.85218,0.85243,0.85215,0.85231,600,18,0
2024-01-10 02:00:00,0.85231,0.85233,0.85203,0.8521,406,20,0
2024-01-10 02:30:00,0.8521,0.85257,0.85198,0.85234,822,18,0
2024-01-10 03:00:00,0.85235,0.85259,0.85231,0.85239,1050,16,0
2024-01-10 03:30:00,0.85241,0.85243,0.85197,0.85209,773,19,0
2024-01-10 04:00:00,0.85211,0.85218,0.8518,0.85217,1032,19,0
2024-01-10 04:30:00,0.85216,0.85236,0.85196,0.85225,713,19,0
2024-01-10 05:00:00,0.85226,0.85243,0.85182,0.85193,467,19,0
2024-01-10 05:30:00,0.85196,0.85246,0.85195,0.85237,642,19,0
2024-01-10 06:00:00,0.85237,0.85239,0.85216,0.85218,582,19,0
2024-01-10 06:30:00,0.8522,0.85228,0.85204,0.85208,580,19,0
2024-01-10 07:00:00,0.85208,0.85233,0.85204,0.85213,562,18,0
2024-01-10 07:30:00,0.85213,0.85233,0.85203,0.85219,437,18,0
2024-01-10 08:00:00,0.8522,0.85276,0.85217,0.85244,602,19,0
2024-01-10 08:30:00,0.85244,0.85347,0.85238,0.8533,810,17,0
2024-01-10 09:00:00,0.85329,0.85329,0.85247,0.85265,1594,18,0
2024-01-10 09:30:00,0.85275,0.85284,0.85137,0.85216,1890,16,0
2024-01-10 10:00:00,0.85216,0.85284,0.85186,0.85273,2273,17,0
2024-01-10 10:30:00,0.85275,0.85301,0.85203,0.85236,1705,18,0
2024-01-10 11:00:00,0.85233,0.85263,0.85139,0.85197,1927,17,0
2024-01-10 11:30:00,0.85197,0.85221,0.85154,0.85204,1476,16,0
2024-01-10 12:00:00,0.85205,0.85221,0.85116,0.85156,1613,17,0
2024-01-10 12:30:00,0.85157,0.85217,0.85151,0.85205,1218,18,0
2024-01-10 13:00:00,0.85205,0.85232,0.85163,0.85228,1218,16,0
2024-01-10 13:30:00,0.85229,0.85306,0.85219,0.85264,1267,16,0
2024-01-10 14:00:00,0.85263,0.85284,0.85194,0.85233,994,16,0
2024-01-10 14:30:00,0.85231,0.85314,0.85223,0.85283,1088,16,0
2024-01-10 15:00:00,0.85284,0.85316,0.85185,0.85231,1700,17,0
2024-01-10 15:30:00,0.85232,0.85262,0.85195,0.85249,1591,18,0
2024-01-10 16:00:00,0.85251,0.85303,0.85229,0.85249,1399,16,0
2024-01-10 16:30:00,0.85248,0.85286,0.85206,0.85227,2102,17,0
2024-01-10 17:00:00,0.85222,0.85271,0.85136,0.85157,2470,18,0
2024-01-10 17:30:00,0.85157,0.8518,0.85064,0.85122,3165,16,0
2024-01-10 18:00:00,0.85122,0.85196,0.85114,0.8516,2066,17,0
2024-01-10 18:30:00,0.85159,0.85199,0.85136,0.85136,1310,18,0
2024-01-10 19:00:00,0.85136,0.8514,0.85089,0.85117,1272,17,0
2024-01-10 19:30:00,0.85118,0.85146,0.8509,0.85093,1220,17,0
2024-01-10 20:00:00,0.85095,0.85197,0.85092,0.85152,2122,16,0
2024-01-10 20:30:00,0.85153,0.85174,0.85127,0.8513,1360,17,0
2024-01-10 21:00:00,0.8513,0.85171,0.85113,0.85123,471,18,0
2024-01-10 21:30:00,0.85124,0.85156,0.85113,0.85137,511,18,0
2024-01-10 22:00:00,0.85137,0.85213,0.8511,0.85174,1645,22,0
2024-01-10 22:30:00,0.85175,0.85182,0.85114,0.8512,827,24,0
2024-01-10 23:00:00,0.8512,0.85122,0.85074,0.85079,393,22,0
2024-01-10 23:30:00,0.85078,0.85094,0.8506,0.85067,409,22,0
2024-01-11 00:00:00,0.8507,0.8507,0.85061,0.85067,13,50,0
2024-01-11 00:30:00,0.85068,0.85085,0.85056,0.8507,96,39,0
2024-01-11 01:00:00,0.8507,0.8507,0.85036,0.85051,363,21,0
2024-01-11 01:30:00,0.8505,0.85053,0.85039,0.85044,280,22,0
2024-01-11 02:00:00,0.85044,0.85047,0.85004,0.8501,509,19,0
2024-01-11 02:30:00,0.85012,0.85021,0.84997,0.84999,456,18,0
2024-01-11 03:00:00,0.84997,0.85022,0.84963,0.84988,593,19,0
2024-01-11 03:30:00,0.8499,0.84992,0.84932,0.84936,351,18,0
2024-01-11 04:00:00,0.84936,0.84964,0.84901,0.84944,537,18,0
2024-01-11 04:30:00,0.84945,0.84984,0.84937,0.84972,411,19,0
2024-01-11 05:00:00,0.84971,0.84976,0.84937,0.84945,290,19,0
2024-01-11 05:30:00,0.84946,0.84967,0.84933,0.84945,218,20,0
2024-01-11 06:00:00,0.84944,0.8495,0.84925,0.84939,278,19,0
2024-01-11 06:30:00,0.8494,0.84956,0.84938,0.84949,350,19,0
2024-01-11 07:00:00,0.8495,0.84984,0.84931,0.84971,340,19,0
2024-01-11 07:30:00,0.8497,0.84997,0.84959,0.84988,342,19,0
2024-01-11 08:00:00,0.84987,0.85016,0.84949,0.84957,643,20,0
2024-01-11 08:30:00,0.84957,0.8496,0.84898,0.84923,662,16,0
2024-01-11 09:00:00,0.84923,0.84984,0.84918,0.8498,1177,16,0
2024-01-11 09:30:00,0.84981,0.85058,0.84981,0.8502,954,17,0
2024-01-11 10:00:00,0.85021,0.85065,0.84996,0.85039,1383,16,0
2024-01-11 10:30:00,0.85038,0.85082,0.85014,0.85048,1219,18,0
2024-01-11 11:00:00,0.85046,0.85073,0.84994,0.85004,1738,16,0
2024-01-11 11:30:00,0.85005,0.85097,0.85005,0.85076,1502,16,0
2024-01-11 12:00:00,0.85078,0.8512,0.85067,0.85117,1116,18,0
2024-01-11 12:30:00,0.85116,0.85186,0.8511,0.85149,1297,16,0
2024-01-11 13:00:00,0.85149,0.85152,0.85053,0.85073,1120,19,0
2024-01-11 13:30:00,0.85073,0.85101,0.85004,0.85023,1100,17,0
2024-01-11 14:00:00,0.85022,0.85024,0.84952,0.84983,925,18,0
2024-01-11 14:30:00,0.84982,0.85039,0.84952,0.85016,1985,16,0
2024-01-11 15:00:00,0.85015,0.85031,0.84936,0.84944,2433,17,0
2024-01-11 15:30:00,0.8499,0.85502,0.8499,0.85471,8785,16,0
2024-01-11 16:00:00,0.85471,0.85637,0.85195,0.85236,4979,16,0
2024-01-11 16:30:00,0.85237,0.85371,0.85095,0.85337,5762,16,0
2024-01-11 17:00:00,0.85337,0.85559,0.85334,0.85403,4774,16,0
2024-01-11 17:30:00,0.85403,0.85502,0.8526,0.85456,5099,16,0
2024-01-11 18:00:00,0.85456,0.85555,0.85442,0.8553,3839,16,0
2024-01-11 18:30:00,0.85529,0.85654,0.85459,0.85553,3837,16,0
2024-01-11 19:00:00,0.85553,0.85581,0.85482,0.85568,3529,17,0
2024-01-11 19:30:00,0.85568,0.85598,0.85515,0.85539,2267,19,0
2024-01-11 20:00:00,0.85539,0.85553,0.85486,0.85531,2093,18,0
2024-01-11 20:30:00,0.85528,0.85541,0.85467,0.85474,1391,17,0
2024-01-11 21:00:00,0.85472,0.85472,0.85249,0.85259,1557,18,0
2024-01-11 21:30:00,0.85258,0.85305,0.85195,0.8522,1502,16,0
2024-01-11 22:00:00,0.8522,0.85395,0.85205,0.85336,1504,19,0
2024-01-11 22:30:00,0.85339,0.85355,0.85211,0.85221,1539,22,0
2024-01-11 23:00:00,0.85221,0.85231,0.85182,0.85186,547,23,0
2024-01-11 23:30:00,0.85187,0.85207,0.85171,0.85178,421,22,0
2024-01-12 00:00:00,0.8518,0.85183,0.85153,0.85153,59,28,0
2024-01-12 00:30:00,0.85145,0.85197,0.85143,0.85169,5632,34,0
2024-01-12 01:00:00,0.85172,0.85194,0.85128,0.85138,1383,21,0
2024-01-12 01:30:00,0.85139,0.85139,0.85078,0.85096,2451,20,0
2024-01-12 02:00:00,0.85096,0.85186,0.85095,0.8518,1461,17,0
2024-01-12 02:30:00,0.85183,0.85212,0.85158,0.85199,1454,18,0
2024-01-12 03:00:00,0.85198,0.85236,0.85175,0.85195,501,20,0
2024-01-12 03:30:00,0.85194,0.85201,0.85121,0.85143,884,19,0
2024-01-12 04:00:00,0.85142,0.85171,0.85134,0.85152,605,20,0
2024-01-12 04:30:00,0.85152,0.85211,0.85152,0.85189,823,18,0
2024-01-12 05:00:00,0.8519,0.85192,0.85139,0.85161,809,18,0
2024-01-12 05:30:00,0.85159,0.85183,0.85153,0.85178,407,19,0
2024-01-12 06:00:00,0.85183,0.85223,0.85183,0.85204,501,18,0
2024-01-12 06:30:00,0.85205,0.85213,0.8519,0.8521,322,19,0
2024-01-12 07:00:00,0.85211,0.85214,0.85155,0.85183,537,19,0
2024-01-12 07:30:00,0.85184,0.85225,0.85182,0.85216,597,18,0
2024-01-12 08:00:00,0.85215,0.8523,0.85186,0.85194,523,19,0
2024-01-12 08:30:00,0.85192,0.85209,0.85176,0.85188,389,18,0
2024-01-12 09:00:00,0.85188,0.85295,0.85186,0.85257,1539,19,0
2024-01-12 09:30:00,0.85256,0.85351,0.85256,0.853,1633,16,0
2024-01-12 10:00:00,0.85302,0.85303,0.85163,0.85198,1903,16,0
2024-01-12 10:30:00,0.85197,0.85269,0.85163,0.85163,1428,16,0
2024-01-12 11:00:00,0.85166,0.85287,0.85141,0.85273,1526,16,0
2024-01-12 11:30:00,0.85273,0.85388,0.85257,0.85365,1716,16,0
2024-01-12 12:00:00,0.85365,0.85395,0.85313,0.85325,1563,17,0
2024-01-12 12:30:00,0.85326,0.85381,0.85312,0.85338,1486,17,0
2024-01-12 13:00:00,0.85339,0.85381,0.85286,0.85358,1306,16,0
2024-01-12 13:30:00,0.85357,0.85403,0.85318,0.85352,1366,16,0
2024-01-12 14:00:00,0.85355,0.85437,0.85336,0.85374,1548,16,0
2024-01-12 14:30:00,0.85369,0.85458,0.85358,0.85456,1666,17,0
2024-01-12 15:00:00,0.85456,0.85499,0.85354,0.8536,2153,16,0
2024-01-12 15:30:00,0.8536,0.8536,0.85133,0.85248,5444,16,0
2024-01-12 16:00:00,0.85243,0.85253,0.85048,0.85052,3337,17,0
2024-01-12 16:30:00,0.85053,0.85056,0.84913,0.84978,4056,16,0
2024-01-12 17:00:00,0.84978,0.85033,0.84875,0.84937,3885,16,0
2024-01-12 17:30:00,0.84934,0.85147,0.84911,0.85084,3139,16,0
2024-01-12 18:00:00,0.85084,0.85177,0.85054,0.85106,2787,17,0
2024-01-12 18:30:00,0.85105,0.85228,0.85096,0.85228,1792,17,0
2024-01-12 19:00:00,0.85229,0.85344,0.85216,0.85315,1668,16,0
2024-01-12 19:30:00,0.85315,0.85353,0.85294,0.85333,1287,16,0
2024-01-12 20:00:00,0.85334,0.85346,0.85283,0.85295,1125,16,0
2024-01-12 20:30:00,0.85295,0.85312,0.85246,0.85254,1330,18,0
2024-01-12 21:00:00,0.85254,0.85254,0.8519,0.85207,775,18,0
2024-01-12 21:30:00,0.85204,0.85258,0.85193,0.85247,771,19,0
2024-01-12 22:00:00,0.85247,0.85274,0.85223,0.85242,648,19,0
2024-01-12 22:30:00,0.8524,0.85252,0.85205,0.85206,678,25,0
2024-01-12 23:00:00,0.85207,0.8527,0.85186,0.85266,913,23,0
2024-01-12 23:30:00,0.85266,0.85268,0.85221,0.85221,852,23,0
2024-01-15 00:00:00,0.85168,0.85184,0.85163,0.85184,5,120,0
2024-01-15 00:30:00,0.85186,0.8523,0.85186,0.85189,49,93,0
2024-01-15 01:00:00,0.85188,0.85295,0.85188,0.85291,578,21,0
2024-01-15 01:30:00,0.85292,0.85344,0.85285,0.85334,414,16,0
2024-01-15 02:00:00,0.85334,0.854,0.85333,0.85359,809,16,0
2024-01-15 02:30:00,0.85363,0.85371,0.85311,0.85314,662,17,0
2024-01-15 03:00:00,0.85315,0.8535,0.85291,0.85349,711,20,0
2024-01-15 03:30:00,0.85349,0.8535,0.85291,0.85295,476,20,0
2024-01-15 04:00:00,0.85296,0.85297,0.85242,0.85244,697,19,0
2024-01-15 04:30:00,0.85243,0.85253,0.85219,0.8522,509,20,0
2024-01-15 05:00:00,0.85221,0.85245,0.85217,0.85242,508,19,0
2024-01-15 05:30:00,0.85239,0.85252,0.85217,0.85228,272,16,0
2024-01-15 06:00:00,0.8523,0.85284,0.85226,0.85283,202,20,0
2024-01-15 06:30:00,0.85284,0.85289,0.8526,0.85263,174,17,0
2024-01-15 07:00:00,0.85265,0.85267,0.85248,0.85255,162,19,0
2024-01-15 07:30:00,0.85254,0.85267,0.85247,0.85262,271,20,0
2024-01-15 08:00:00,0.85262,0.85271,0.85239,0.8525,294,19,0
2024-01-15 08:30:00,0.85252,0.85292,0.85242,0.85289,442,18,0
2024-01-15 09:00:00,0.85291,0.85378,0.85278,0.85369,1107,17,0
2024-01-15 09:30:00,0.85369,0.85418,0.85334,0.85402,1061,16,0
2024-01-15 10:00:00,0.854,0.85402,0.85212,0.85244,1789,18,0
2024-01-15 10:30:00,0.85244,0.85277,0.85228,0.85262,1735,18,0
2024-01-15 11:00:00,0.85262,0.85374,0.8526,0.85343,1246,16,0
2024-01-15 11:30:00,0.85343,0.85424,0.85315,0.85385,1050,18,0
2024-01-15 12:00:00,0.85384,0.85468,0.85384,0.85439,1428,16,0
2024-01-15 12:30:00,0.85438,0.85441,0.85368,0.85391,1244,19,0
2024-01-15 13:00:00,0.8539,0.85394,0.85346,0.85347,1173,18,0
2024-01-15 13:30:00,0.85349,0.85422,0.85329,0.85381,1281,18,0
2024-01-15 14:00:00,0.85382,0.85414,0.85343,0.85395,1309,17,0
2024-01-15 14:30:00,0.85393,0.85415,0.85345,0.85369,1320,18,0
2024-01-15 15:00:00,0.85369,0.85437,0.85353,0.85433,1596,19,0
2024-01-15 15:30:00,0.85433,0.85441,0.85358,0.85367,1192,18,0
2024-01-15 16:00:00,0.85367,0.85552,0.85359,0.85539,1615,16,0
2024-01-15 16:30:00,0.85538,0.85565,0.85469,0.8548,1448,16,0
2024-01-15 17:00:00,0.85478,0.85527,0.85426,0.85447,1520,17,0
2024-01-15 17:30:00,0.85447,0.85509,0.85435,0.85501,1700,17,0
2024-01-15 18:00:00,0.85502,0.85525,0.85454,0.85454,1178,16,0
2024-01-15 18:30:00,0.85453,0.85495,0.85446,0.85491,891,18,0
2024-01-15 19:00:00,0.85492,0.85508,0.85469,0.85489,520,17,0
2024-01-15 19:30:00,0.8549,0.85606,0.8549,0.85591,714,19,0
2024-01-15 20:00:00,0.85591,0.85599,0.85584,0.85592,186,16,0
2024-01-15 20:30:00,0.85593,0.85593,0.85566,0.85578,161,19,0
2024-01-15 21:00:00,0.85579,0.85594,0.85574,0.85583,256,19,0
2024-01-15 21:30:00,0.85587,0.85602,0.85585,0.85597,83,20,0
2024-01-15 22:00:00,0.856,0.85608,0.85593,0.85598,89,21,0
2024-01-15 22:30:00,0.85599,0.85604,0.85576,0.85576,78,24,0
2024-01-15 23:00:00,0.85577,0.85596,0.85562,0.85577,173,25,0
2024-01-15 23:30:00,0.85576,0.85579,0.85531,0.85531,87,26,0
2024-01-16 00:00:00,0.85531,0.85556,0.85531,0.85546,4069,48,0
2024-01-16 00:30:00,0.85545,0.85551,0.85535,0.85548,519,35,0
2024-01-16 01:00:00,0.85544,0.85592,0.85516,0.85583,746,19,0
2024-01-16 01:30:00,0.85582,0.85603,0.85566,0.85593,350,16,0
2024-01-16 02:00:00,0.85592,0.85668,0.85581,0.85663,696,18,0
2024-01-16 02:30:00,0.85663,0.85745,0.85658,0.85733,725,17,0
2024-01-16 03:00:00,0.85732,0.85759,0.85695,0.85695,1392,20,0
2024-01-16 03:30:00,0.85693,0.85695,0.85633,0.85686,999,19,0
2024-01-16 04:00:00,0.85687,0.85752,0.85687,0.85733,1043,18,0
2024-01-16 04:30:00,0.85729,0.85768,0.85721,0.85741,781,18,0
2024-01-16 05:00:00,0.85741,0.85757,0.8572,0.85755,480,18,0
2024-01-16 05:30:00,0.85755,0.85796,0.85755,0.85778,461,19,0
2024-01-16 06:00:00,0.85778,0.85786,0.8575,0.85782,413,19,0
2024-01-16 06:30:00,0.85782,0.85837,0.8578,0.85808,471,16,0
2024-01-16 07:00:00,0.85806,0.85811,0.85793,0.85802,534,19,0
2024-01-16 07:30:00,0.85803,0.8593,0.85802,0.85905,678,16,0
2024-01-16 08:00:00,0.85905,0.85914,0.85835,0.85835,876,18,0
2024-01-16 08:30:00,0.85838,0.85918,0.85828,0.859,1093,16,0
2024-01-16 09:00:00,0.85896,0.86037,0.85893,0.8597,2138,16,0
2024-01-16 09:30:00,0.8597,0.86008,0.85846,0.85912,1421,16,0
2024-01-16 10:00:00,0.85912,0.85959,0.85823,0.85936,3046,16,0
2024-01-16 10:30:00,0.85936,0.86088,0.85909,0.86061,2852,16,0
2024-01-16 11:00:00,0.86062,0.86118,0.86029,0.86051,1985,18,0
2024-01-16 11:30:00,0.86052,0.86152,0.86024,0.86044,2139,16,0
2024-01-16 12:00:00,0.86043,0.86072,0.8601,0.86054,1819,18,0
2024-01-16 12:30:00,0.86053,0.86101,0.8603,0.8609,1784,16,0
2024-01-16 13:00:00,0.86091,0.86125,0.86046,0.86052,1291,18,0
2024-01-16 13:30:00,0.86052,0.86061,0.85975,0.86012,1832,17,0
2024-01-16 14:00:00,0.86012,0.86061,0.86,0.86012,1642,16,0
2024-01-16 14:30:00,0.8601,0.8605,0.85983,0.85997,1337,17,0
2024-01-16 15:00:00,0.85997,0.8611,0.8598,0.86081,1586,16,0
2024-01-16 15:30:00,0.86034,0.86111,0.8592,0.86083,4685,16,0
2024-01-16 16:00:00,0.86082,0.86115,0.85971,0.86009,3927,16,0
2024-01-16 16:30:00,0.86007,0.86137,0.85982,0.86064,4018,16,0
2024-01-16 17:00:00,0.86064,0.8608,0.8591,0.85948,3694,16,0
2024-01-16 17:30:00,0.85951,0.86008,0.85906,0.8591,2983,16,0
2024-01-16 18:00:00,0.8591,0.86144,0.8591,0.85976,6799,16,0
2024-01-16 18:30:00,0.85976,0.86078,0.8593,0.86035,3964,16,0
2024-01-16 19:00:00,0.86034,0.86181,0.86017,0.8618,2911,16,0
2024-01-16 19:30:00,0.86182,0.86185,0.8611,0.86177,2026,16,0
2024-01-16 20:00:00,0.86178,0.86186,0.86073,0.86087,2222,17,0
2024-01-16 20:30:00,0.86087,0.86146,0.8606,0.86117,1290,19,0
2024-01-16 21:00:00,0.86118,0.86132,0.86092,0.86116,1341,20,0
2024-01-16 21:30:00,0.86115,0.86137,0.86079,0.86099,1471,18,0
2024-01-16 22:00:00,0.86098,0.86146,0.86084,0.86145,1171,19,0
2024-01-16 22:30:00,0.86145,0.8615,0.86121,0.86136,950,24,0
2024-01-16 23:00:00,0.86137,0.86144,0.86109,0.86115,636,22,0
2024-01-16 23:30:00,0.86114,0.86157,0.86114,0.86143,502,23,0
2024-01-17 00:00:00,0.86046,0.86122,0.86046,0.86111,944,47,0
2024-01-17 00:30:00,0.86113,0.86139,0.86069,0.86102,4330,33,0
2024-01-17 01:00:00,0.86104,0.86155,0.86103,0.86132,304,21,0
2024-01-17 01:30:00,0.86131,0.86147,0.8613,0.8614,255,22,0
2024-01-17 02:00:00,0.86141,0.8621,0.86137,0.86201,599,19,0
2024-01-17 02:30:00,0.862,0.86202,0.86129,0.8613,568,19,0
2024-01-17 03:00:00,0.8613,0.86168,0.86117,0.86136,942,18,0
2024-01-17 03:30:00,0.86136,0.86166,0.86116,0.8612,601,18,0
2024-01-17 04:00:00,0.86121,0.86145,0.86067,0.86129,662,19,0
2024-01-17 04:30:00,0.86129,0.86147,0.86126,0.86144,473,19,0
2024-01-17 05:00:00,0.86144,0.86218,0.86142,0.86215,804,18,0
2024-01-17 05:30:00,0.86216,0.86233,0.86206,0.86222,627,19,0
2024-01-17 06:00:00,0.86222,0.86234,0.86208,0.86214,578,18,0
2024-01-17 06:30:00,0.86219,0.86223,0.8618,0.86185,527,18,0
2024-01-17 07:00:00,0.86183,0.86249,0.86168,0.86239,1074,18,0
2024-01-17 07:30:00,0.8624,0.86267,0.86235,0.8624,1028,18,0
2024-01-17 08:00:00,0.86239,0.86314,0.86237,0.86297,1338,17,0
2024-01-17 08:30:00,0.86298,0.86309,0.86203,0.86212,1441,17,0
2024-01-17 09:00:00,0.86214,0.86309,0.86189,0.86258,2679,18,0
2024-01-17 09:30:00,0.86258,0.8631,0.86214,0.86231,2914,17,0
2024-01-17 10:00:00,0.8623,0.86233,0.86131,0.86173,3666,17,0
2024-01-17 10:30:00,0.86172,0.86294,0.86166,0.86268,1799,17,0
2024-01-17 11:00:00,0.86269,0.86338,0.86266,0.86303,2097,17,0
2024-01-17 11:30:00,0.86304,0.86304,0.86171,0.86183,2182,16,0
2024-01-17 12:00:00,0.86184,0.86188,0.86067,0.86122,1814,17,0
2024-01-17 12:30:00,0.86121,0.86414,0.86081,0.86282,2985,16,0
2024-01-17 13:00:00,0.86282,0.86431,0.8628,0.86412,2568,16,0
2024-01-17 13:30:00,0.86412,0.86415,0.86293,0.86386,1542,18,0
2024-01-17 14:00:00,0.86386,0.86465,0.86367,0.86451,1872,16,0
2024-01-17 14:30:00,0.86452,0.86466,0.86399,0.86412,1551,16,0
2024-01-17 15:00:00,0.86413,0.86564,0.86412,0.86479,2125,17,0
2024-01-17 15:30:00,0.86491,0.86719,0.86491,0.8661,4638,16,0
2024-01-17 16:00:00,0.8661,0.86636,0.86519,0.86593,3245,16,0
2024-01-17 16:30:00,0.86595,0.86693,0.86546,0.86681,3622,16,0
2024-01-17 17:00:00,0.86681,0.86773,0.86545,0.86765,3783,16,0
2024-01-17 17:30:00,0.86766,0.86842,0.86662,0.86808,4115,17,0
2024-01-17 18:00:00,0.86807,0.8681,0.86637,0.86676,2863,18,0
2024-01-17 18:30:00,0.86676,0.86735,0.86649,0.86667,2893,17,0
2024-01-17 19:00:00,0.86667,0.86683,0.86604,0.86659,2582,16,0
2024-01-17 19:30:00,0.86657,0.86664,0.86506,0.86531,2199,18,0
2024-01-17 20:00:00,0.86531,0.86628,0.86531,0.86602,1529,19,0
2024-01-17 20:30:00,0.86603,0.86638,0.86558,0.8657,2261,18,0
2024-01-17 21:00:00,0.86571,0.86573,0.8651,0.86543,1897,19,0
2024-01-17 21:30:00,0.86542,0.8656,0.865,0.86545,1359,18,0
2024-01-17 22:00:00,0.86546,0.86564,0.86517,0.86544,1045,22,0
2024-01-17 22:30:00,0.86543,0.86546,0.86445,0.86448,1149,24,0
2024-01-17 23:00:00,0.86447,0.86456,0.86416,0.8643,680,22,0
2024-01-17 23:30:00,0.86429,0.86445,0.86406,0.86406,524,24,0
2024-01-18 00:00:00,0.86406,0.86415,0.86406,0.86409,96,49,0
2024-01-18 00:30:00,0.86409,0.8644,0.86406,0.86436,485,53,0
2024-01-18 01:00:00,0.86419,0.86455,0.86406,0.86434,815,22,0
2024-01-18 01:30:00,0.86434,0.86445,0.86421,0.86422,250,18,0
2024-01-18 02:00:00,0.86425,0.86465,0.86422,0.86458,367,18,0
2024-01-18 02:30:00,0.8646,0.86473,0.8638,0.86381,1134,18,0
2024-01-18 03:00:00,0.86379,0.86387,0.86324,0.86357,1772,17,0
2024-01-18 03:30:00,0.86356,0.8642,0.86349,0.86391,1144,16,0
2024-01-18 04:00:00,0.8639,0.86399,0.86334,0.86387,530,19,0
2024-01-18 04:30:00,0.86388,0.86436,0.86383,0.86429,665,19,0
2024-01-18 05:00:00,0.86429,0.86459,0.86384,0.86412,598,19,0
2024-01-18 05:30:00,0.86413,0.86442,0.8639,0.86425,408,20,0
2024-01-18 06:00:00,0.86426,0.8644,0.86417,0.86428,496,18,0
2024-01-18 06:30:00,0.86427,0.86447,0.86415,0.86447,366,19,0
2024-01-18 07:00:00,0.86446,0.86484,0.86434,0.86478,453,20,0
2024-01-18 07:30:00,0.86479,0.865,0.86448,0.86467,561,17,0
2024-01-18 08:00:00,0.86465,0.86471,0.86388,0.86389,860,17,0
2024-01-18 08:30:00,0.86388,0.86427,0.86366,0.86411,1304,17,0
2024-01-18 09:00:00,0.86414,0.86457,0.86396,0.86435,1560,18,0
2024-01-18 09:30:00,0.86436,0.86471,0.86412,0.86452,1363,19,0
2024-01-18 10:00:00,0.86455,0.86515,0.8645,0.86511,2399,16,0
2024-01-18 10:30:00,0.8651,0.8662,0.86505,0.86613,2275,17,0
2024-01-18 11:00:00,0.86619,0.86632,0.86432,0.86436,2246,17,0
2024-01-18 11:30:00,0.86436,0.86445,0.86387,0.8642,1775,18,0
2024-01-18 12:00:00,0.86419,0.86452,0.8641,0.86446,1637,16,0
2024-01-18 12:30:00,0.86445,0.86473,0.86428,0.86448,993,16,0
2024-01-18 13:00:00,0.8645,0.86539,0.86442,0.86511,1146,17,0
2024-01-18 13:30:00,0.86513,0.86544,0.86462,0.86472,1502,17,0
2024-01-18 14:00:00,0.86472,0.86515,0.86442,0.86507,1410,16,0
2024-01-18 14:30:00,0.86507,0.86668,0.86504,0.86659,1603,16,0
2024-01-18 15:00:00,0.86661,0.86768,0.8666,0.86704,2212,16,0
2024-01-18 15:30:00,0.86705,0.86889,0.86634,0.8687,5156,16,0
2024-01-18 16:00:00,0.86869,0.86887,0.86762,0.8677,3989,16,0
2024-01-18 16:30:00,0.86768,0.86889,0.86701,0.86808,5116,17,0
2024-01-18 17:00:00,0.86808,0.86856,0.86772,0.86814,3890,16,0
2024-01-18 17:30:00,0.86815,0.86892,0.86771,0.86877,3604,16,0
2024-01-18 18:00:00,0.86877,0.86897,0.86771,0.86773,2378,18,0
2024-01-18 18:30:00,0.86772,0.86881,0.86749,0.86845,2265,16,0
2024-01-18 19:00:00,0.86844,0.86897,0.86835,0.86844,1982,18,0
2024-01-18 19:30:00,0.86842,0.86878,0.86825,0.86867,1898,16,0
2024-01-18 20:00:00,0.8687,0.86926,0.86859,0.86875,2108,19,0
2024-01-18 20:30:00,0.86876,0.8692,0.86863,0.86916,1313,18,0
2024-01-18 21:00:00,0.86916,0.86928,0.86846,0.86846,910,18,0
2024-01-18 21:30:00,0.86845,0.86931,0.86828,0.86926,792,17,0
2024-01-18 22:00:00,0.86926,0.86928,0.86852,0.86856,1174,20,0
2024-01-18 22:30:00,0.86854,0.86866,0.86814,0.86814,1124,23,0
2024-01-18 23:00:00,0.86814,0.86824,0.86777,0.86793,454,24,0
2024-01-18 23:30:00,0.8679,0.86794,0.86767,0.86789,200,24,0
2024-01-19 00:00:00,0.86795,0.86808,0.86717,0.86808,18,49,0
2024-01-19 00:30:00,0.86808,0.86808,0.8673,0.86773,541,54,0
2024-01-19 01:00:00,0.86773,0.86818,0.86751,0.86792,899,18,0
2024-01-19 01:30:00,0.86793,0.86829,0.86791,0.86794,446,20,0
2024-01-19 02:00:00,0.86795,0.86821,0.8677,0.86773,242,21,0
2024-01-19 02:30:00,0.8677,0.86821,0.8677,0.86811,704,19,0
2024-01-19 03:00:00,0.86807,0.86856,0.86802,0.86838,862,18,0
2024-01-19 03:30:00,0.86836,0.86836,0.86776,0.868,600,19,0
2024-01-19 04:00:00,0.868,0.86841,0.86798,0.86807,593,18,0
2024-01-19 04:30:00,0.86809,0.86827,0.86785,0.86813,656,19,0
2024-01-19 05:00:00,0.86814,0.86822,0.86792,0.8681,369,17,0
2024-01-19 05:30:00,0.8681,0.86826,0.86772,0.86793,358,19,0
2024-01-19 06:00:00,0.86794,0.86821,0.86792,0.86814,230,20,0
2024-01-19 06:30:00,0.86813,0.8683,0.86811,0.86826,167,20,0
2024-01-19 07:00:00,0.86825,0.86846,0.8682,0.86839,227,19,0
2024-01-19 07:30:00,0.86831,0.86876,0.86826,0.86862,745,16,0
2024-01-19 08:00:00,0.86862,0.86919,0.86859,0.86903,801,16,0
2024-01-19 08:30:00,0.86904,0.86912,0.86849,0.86853,598,19,0
2024-01-19 09:00:00,0.86851,0.86871,0.86789,0.86796,2166,17,0
2024-01-19 09:30:00,0.86799,0.86821,0.86757,0.86811,1317,20,0
2024-01-19 10:00:00,0.86812,0.86887,0.86769,0.86879,2302,17,0
2024-01-19 10:30:00,0.8688,0.86926,0.868,0.86814,1961,17,0
2024-01-19 11:00:00,0.86813,0.86864,0.86805,0.8682,1921,18,0
2024-01-19 11:30:00,0.86821,0.86914,0.86808,0.8684,1899,16,0
2024-01-19 12:00:00,0.86841,0.86907,0.86771,0.86887,2032,18,0
2024-01-19 12:30:00,0.86888,0.86927,0.86872,0.8691,1444,16,0
2024-01-19 13:00:00,0.8691,0.86927,0.86866,0.8687,1503,18,0
2024-01-19 13:30:00,0.86871,0.86895,0.86821,0.86886,1279,19,0
2024-01-19 14:00:00,0.86886,0.86927,0.86883,0.86926,1032,18,0
2024-01-19 14:30:00,0.86924,0.86932,0.86881,0.86893,944,17,0
2024-01-19 15:00:00,0.86893,0.86917,0.86843,0.86871,1298,17,0
2024-01-19 15:30:00,0.86872,0.86931,0.86833,0.86898,2608,17,0
2024-01-19 16:00:00,0.86896,0.86931,0.86876,0.86925,1713,17,0
2024-01-19 16:30:00,0.86923,0.87036,0.86872,0.86892,2777,16,0
2024-01-19 17:00:00,0.86896,0.87011,0.86789,0.86954,4477,17,0
2024-01-19 17:30:00,0.86954,0.87003,0.86832,0.86886,3284,16,0
2024-01-19 18:00:00,0.86885,0.86919,0.86844,0.86895,1927,17,0
2024-01-19 18:30:00,0.86895,0.86982,0.86878,0.86936,1941,18,0
2024-01-19 19:00:00,0.86934,0.87005,0.8692,0.86933,1697,17,0
2024-01-19 19:30:00,0.86929,0.86978,0.86904,0.86904,1840,18,0
2024-01-19 20:00:00,0.86902,0.86959,0.86899,0.86921,898,18,0
2024-01-19 20:30:00,0.8692,0.86952,0.86906,0.86932,1231,18,0
2024-01-19 21:00:00,0.86933,0.86952,0.869,0.86924,1477,18,0
2024-01-19 21:30:00,0.86924,0.86947,0.86865,0.86889,996,19,0
2024-01-19 22:00:00,0.8689,0.86905,0.86861,0.86881,1028,21,0
2024-01-19 22:30:00,0.86882,0.86884,0.86807,0.8681,934,25,0
2024-01-19 23:00:00,0.86807,0.8683,0.86776,0.86819,557,22,0
2024-01-19 23:30:00,0.86822,0.86846,0.86761,0.86761,615,22,0
2024-01-22 00:00:00,0.86794,0.86853,0.86774,0.86789,11,120,0
2024-01-22 00:30:00,0.86834,0.86837,0.86718,0.86779,94,120,0
2024-01-22 01:00:00,0.86782,0.86868,0.86782,0.86862,692,21,0
2024-01-22 01:30:00,0.86861,0.86872,0.86834,0.86843,533,22,0
2024-01-22 02:00:00,0.86841,0.86882,0.86817,0.86866,868,17,0
2024-01-22 02:30:00,0.86866,0.86872,0.86791,0.86795,710,20,0
2024-01-22 03:00:00,0.86795,0.86803,0.86759,0.8679,1218,20,0
2024-01-22 03:30:00,0.86791,0.86798,0.86758,0.86785,814,20,0
2024-01-22 04:00:00,0.86785,0.86812,0.86758,0.86774,637,16,0
2024-01-22 04:30:00,0.86773,0.868,0.86758,0.86764,573,19,0
2024-01-22 05:00:00,0.86763,0.86796,0.86761,0.86789,475,19,0
2024-01-22 05:30:00,0.8679,0.8682,0.86771,0.86816,375,19,0
2024-01-22 06:00:00,0.86816,0.86817,0.86794,0.86805,250,19,0
2024-01-22 06:30:00,0.86807,0.86823,0.86801,0.86803,262,21,0
2024-01-22 07:00:00,0.86804,0.86847,0.86796,0.86838,529,18,0
2024-01-22 07:30:00,0.86841,0.86847,0.86806,0.86812,391,16,0
2024-01-22 08:00:00,0.86813,0.86831,0.86776,0.86781,656,19,0
2024-01-22 08:30:00,0.86782,0.86837,0.86775,0.86821,1013,18,0
2024-01-22 09:00:00,0.86827,0.8688,0.86759,0.86819,1875,18,0
2024-01-22 09:30:00,0.86819,0.86893,0.86807,0.86872,2094,16,0
2024-01-22 10:00:00,0.86873,0.86904,0.86771,0.86801,2792,17,0
2024-01-22 10:30:00,0.86801,0.86907,0.86801,0.86861,2609,19,0
2024-01-22 11:00:00,0.86863,0.86863,0.8665,0.86716,2646,16,0
2024-01-22 11:30:00,0.86715,0.86785,0.86705,0.86767,1884,17,0
2024-01-22 12:00:00,0.86768,0.86841,0.86764,0.8681,1451,18,0
2024-01-22 12:30:00,0.86811,0.86855,0.86779,0.86842,1632,19,0
2024-01-22 13:00:00,0.86841,0.86866,0.86803,0.86857,1636,17,0
2024-01-22 13:30:00,0.86856,0.86856,0.86804,0.86813,1990,16,0
2024-01-22 14:00:00,0.86815,0.86829,0.86737,0.86754,1836,16,0
2024-01-22 14:30:00,0.86754,0.86811,0.86724,0.86802,1862,17,0
2024-01-22 15:00:00,0.86806,0.86889,0.86778,0.86823,1829,16,0
2024-01-22 15:30:00,0.86822,0.86884,0.867,0.86732,2075,17,0
2024-01-22 16:00:00,0.86733,0.86853,0.86733,0.86831,2213,18,0
2024-01-22 16:30:00,0.86832,0.86893,0.86801,0.86875,3104,16,0
2024-01-22 17:00:00,0.86874,0.86918,0.86813,0.86815,2401,18,0
2024-01-22 17:30:00,0.86815,0.86945,0.86807,0.8691,2660,18,0
2024-01-22 18:00:00,0.86912,0.86998,0.86889,0.86901,1776,18,0
2024-01-22 18:30:00,0.86901,0.8694,0.8685,0.86854,1227,17,0
2024-01-22 19:00:00,0.86852,0.869,0.86807,0.8684,1109,16,0
2024-01-22 19:30:00,0.86838,0.86849,0.86808,0.86839,830,16,0
2024-01-22 20:00:00,0.86839,0.86913,0.86838,0.86908,1181,18,0
2024-01-22 20:30:00,0.86908,0.8692,0.86875,0.86884,1480,18,0
2024-01-22 21:00:00,0.86886,0.86972,0.86867,0.86964,1142,17,0
2024-01-22 21:30:00,0.86963,0.86964,0.86864,0.86876,1153,17,0
2024-01-22 22:00:00,0.86872,0.86909,0.86865,0.86889,1269,21,0
2024-01-22 22:30:00,0.86887,0.86902,0.86869,0.86872,1271,25,0
2024-01-22 23:00:00,0.86872,0.86881,0.86858,0.86876,704,25,0
2024-01-22 23:30:00,0.86875,0.86903,0.86875,0.86889,412,24,0
2024-01-23 00:00:00,0.86884,0.86893,0.86878,0.86885,52,46,0
2024-01-23 00:30:00,0.86885,0.86902,0.86862,0.86894,142,22,0
2024-01-23 01:00:00,0.86895,0.86914,0.86894,0.86902,522,19,0
2024-01-23 01:30:00,0.86902,0.86919,0.86896,0.8691,414,19,0
2024-01-23 02:00:00,0.8691,0.86928,0.86887,0.86893,390,17,0
2024-01-23 02:30:00,0.86889,0.86895,0.86865,0.86877,324,19,0
2024-01-23 03:00:00,0.86876,0.869,0.8686,0.86866,522,19,0
2024-01-23 03:30:00,0.86867,0.86887,0.86791,0.86792,780,16,0
2024-01-23 04:00:00,0.86793,0.86815,0.86728,0.86734,1297,19,0
2024-01-23 04:30:00,0.86733,0.86768,0.867,0.86759,717,17,0
2024-01-23 05:00:00,0.86758,0.86776,0.8672,0.8673,1245,19,0
2024-01-23 05:30:00,0.86728,0.86731,0.86667,0.86679,1161,19,0
2024-01-23 06:00:00,0.86676,0.86702,0.86665,0.86677,915,19,0
2024-01-23 06:30:00,0.86676,0.86702,0.86648,0.86655,515,18,0
2024-01-23 07:00:00,0.86655,0.86673,0.86631,0.86633,481,19,0
2024-01-23 07:30:00,0.86633,0.86634,0.86548,0.86557,1235,17,0
2024-01-23 08:00:00,0.86557,0.86617,0.86557,0.86574,983,18,0
2024-01-23 08:30:00,0.86576,0.86598,0.86495,0.86498,1725,16,0
2024-01-23 09:00:00,0.865,0.86648,0.8649,0.86627,2734,16,0
2024-01-23 09:30:00,0.86628,0.8669,0.8661,0.86659,2208,17,0
2024-01-23 10:00:00,0.86657,0.86747,0.86641,0.86713,2428,17,0
2024-01-23 10:30:00,0.86713,0.86784,0.86653,0.86748,2278,16,0
2024-01-23 11:00:00,0.86749,0.86826,0.86744,0.86788,2017,16,0
2024-01-23 11:30:00,0.86791,0.86871,0.86761,0.86808,1408,17,0
2024-01-23 12:00:00,0.86809,0.8686,0.86784,0.86839,1864,19,0
2024-01-23 12:30:00,0.86839,0.86929,0.86829,0.86923,1632,18,0
2024-01-23 13:00:00,0.86921,0.86953,0.86853,0.86922,1891,16,0
2024-01-23 13:30:00,0.86922,0.86947,0.86893,0.86931,1347,16,0
2024-01-23 14:00:00,0.86932,0.86959,0.869,0.86938,1684,17,0
2024-01-23 14:30:00,0.86938,0.86958,0.86867,0.86877,1201,17,0
2024-01-23 15:00:00,0.86876,0.86911,0.86825,0.86856,2093,17,0
2024-01-23 15:30:00,0.86856,0.86895,0.86822,0.8686,2009,16,0
2024-01-23 16:00:00,0.86861,0.87011,0.8686,0.87005,1920,18,0
2024-01-23 16:30:00,0.87006,0.87148,0.87003,0.87088,3264,16,0
2024-01-23 17:00:00,0.87089,0.87182,0.87025,0.87161,2970,16,0
2024-01-23 17:30:00,0.87163,0.87275,0.87135,0.87139,3008,16,0
2024-01-23 18:00:00,0.8714,0.87166,0.87053,0.87106,2229,17,0
2024-01-23 18:30:00,0.87106,0.87195,0.87104,0.87177,1949,17,0
2024-01-23 19:00:00,0.87176,0.87202,0.87111,0.87121,1261,18,0
2024-01-23 19:30:00,0.8712,0.87198,0.87101,0.87133,1055,18,0
2024-01-23 20:00:00,0.87133,0.87141,0.87076,0.87096,964,19,0
2024-01-23 20:30:00,0.87092,0.87168,0.87082,0.87162,866,19,0
2024-01-23 21:00:00,0.87161,0.87183,0.87118,0.87122,1001,16,0
2024-01-23 21:30:00,0.87121,0.87125,0.87041,0.87081,719,17,0
2024-01-23 22:00:00,0.87081,0.87104,0.87052,0.87089,500,19,0
2024-01-23 22:30:00,0.8709,0.87093,0.87043,0.87058,369,19,0
2024-01-23 23:00:00,0.87058,0.87064,0.87008,0.8701,405,21,0
2024-01-23 23:30:00,0.8701,0.87034,0.86989,0.87012,486,25,0
2024-01-24 00:00:00,0.87012,0.87015,0.86956,0.86976,31,28,0
2024-01-24 00:30:00,0.86976,0.86993,0.86969,0.86976,120,28,0
2024-01-24 01:00:00,0.86978,0.86981,0.86927,0.86934,239,21,0
2024-01-24 01:30:00,0.86933,0.86963,0.86927,0.86958,101,21,0
2024-01-24 02:00:00,0.86958,0.86969,0.86938,0.86963,476,18,0
2024-01-24 02:30:00,0.86963,0.86971,0.86931,0.86971,583,18,0
2024-01-24 03:00:00,0.86972,0.8698,0.86938,0.86965,919,18,0
2024-01-24 03:30:00,0.86964,0.86964,0.86926,0.86931,998,19,0
2024-01-24 04:00:00,0.8693,0.86987,0.86929,0.8696,799,16,0
2024-01-24 04:30:00,0.86959,0.86979,0.86948,0.86973,479,19,0
2024-01-24 05:00:00,0.86973,0.8698,0.86947,0.86953,489,19,0
2024-01-24 05:30:00,0.86953,0.86964,0.86922,0.86961,499,19,0
2024-01-24 06:00:00,0.86961,0.86964,0.86948,0.86953,352,17,0
2024-01-24 06:30:00,0.86951,0.86951,0.86901,0.86918,330,19,0
2024-01-24 07:00:00,0.86918,0.86948,0.86918,0.86927,388,19,0
2024-01-24 07:30:00,0.86927,0.86931,0.8689,0.86908,320,19,0
2024-01-24 08:00:00,0.86908,0.86926,0.86886,0.86888,1100,20,0
2024-01-24 08:30:00,0.86889,0.86904,0.86838,0.8687,940,19,0
2024-01-24 09:00:00,0.86862,0.86946,0.86861,0.86861,1413,17,0
2024-01-24 09:30:00,0.86858,0.86861,0.86745,0.86784,2271,19,0
2024-01-24 10:00:00,0.86783,0.86798,0.86699,0.86704,2952,16,0
2024-01-24 10:30:00,0.86702,0.86742,0.8662,0.86677,2935,17,0
2024-01-24 11:00:00,0.86675,0.86686,0.86581,0.86601,2194,16,0
2024-01-24 11:30:00,0.866,0.86607,0.86484,0.86503,2395,16,0
2024-01-24 12:00:00,0.86502,0.8656,0.8647,0.86535,1860,16,0
2024-01-24 12:30:00,0.86536,0.86546,0.86444,0.86453,1000,18,0
2024-01-24 13:00:00,0.86452,0.86479,0.86407,0.86418,1201,16,0
2024-01-24 13:30:00,0.86419,0.86539,0.86419,0.86515,1612,17,0
2024-01-24 14:00:00,0.86516,0.86516,0.86441,0.86481,1174,18,0
2024-01-24 14:30:00,0.86481,0.86497,0.86395,0.86422,1444,16,0
2024-01-24 15:00:00,0.86423,0.86427,0.86191,0.86197,2364,16,0
2024-01-24 15:30:00,0.86196,0.86249,0.86074,0.86099,2681,16,0
2024-01-24 16:00:00,0.861,0.86174,0.86071,0.86075,2206,16,0
2024-01-24 16:30:00,0.86074,0.86354,0.86055,0.86327,4759,17,0
2024-01-24 17:00:00,0.86327,0.864,0.86223,0.86269,3931,17,0
2024-01-24 17:30:00,0.86269,0.86385,0.86265,0.86307,3142,16,0
2024-01-24 18:00:00,0.86308,0.86438,0.863,0.86353,3579,16,0
2024-01-24 18:30:00,0.86354,0.86365,0.86285,0.86308,2778,16,0
2024-01-24 19:00:00,0.8631,0.86312,0.86242,0.86246,1991,18,0
2024-01-24 19:30:00,0.86246,0.86269,0.86201,0.86209,1023,18,0
2024-01-24 20:00:00,0.8621,0.86346,0.86198,0.86303,2592,16,0
2024-01-24 20:30:00,0.86303,0.86335,0.86287,0.86308,1865,18,0
2024-01-24 21:00:00,0.86306,0.86382,0.86299,0.86303,1199,19,0
2024-01-24 21:30:00,0.86304,0.8634,0.86293,0.86314,1597,17,0
2024-01-24 22:00:00,0.86315,0.86328,0.86275,0.86306,1297,19,0
2024-01-24 22:30:00,0.86306,0.86337,0.86251,0.86323,1115,18,0
2024-01-24 23:00:00,0.86325,0.8635,0.86289,0.86309,859,20,0
2024-01-24 23:30:00,0.86307,0.86308,0.86265,0.86271,557,22,0
2024-01-25 00:00:00,0.86271,0.86271,0.86258,0.86258,14,38,0
2024-01-25 00:30:00,0.86258,0.86258,0.86258,0.86258,29,36,0
2024-01-25 01:00:00,0.86258,0.86273,0.86246,0.86271,667,19,0
2024-01-25 01:30:00,0.86271,0.86299,0.86265,0.86298,440,19,0
2024-01-25 02:00:00,0.86299,0.86436,0.86299,0.86426,1049,17,0
2024-01-25 02:30:00,0.86427,0.86445,0.86402,0.86425,715,19,0
2024-01-25 03:00:00,0.86428,0.86484,0.86426,0.86454,589,16,0
2024-01-25 03:30:00,0.86455,0.86458,0.864,0.86412,1274,18,0
2024-01-25 04:00:00,0.86412,0.86431,0.86366,0.86369,966,18,0
2024-01-25 04:30:00,0.86369,0.86453,0.86363,0.86425,863,18,0
2024-01-25 05:00:00,0.86425,0.86436,0.86393,0.86424,446,19,0
2024-01-25 05:30:00,0.86424,0.86447,0.86422,0.86441,413,20,0
2024-01-25 06:00:00,0.86442,0.86452,0.86416,0.8642,546,19,0
2024-01-25 06:30:00,0.86421,0.86462,0.86421,0.86457,463,18,0
2024-01-25 07:00:00,0.86457,0.86457,0.86429,0.86431,353,19,0
2024-01-25 07:30:00,0.86431,0.8647,0.86416,0.86455,611,19,0
2024-01-25 08:00:00,0.86455,0.86465,0.86402,0.86404,680,19,0
2024-01-25 08:30:00,0.86404,0.86417,0.86368,0.86375,1095,17,0
2024-01-25 09:00:00,0.86375,0.86387,0.86329,0.86333,1420,19,0
2024-01-25 09:30:00,0.86332,0.86375,0.86251,0.86291,1367,18,0
2024-01-25 10:00:00,0.86292,0.86423,0.8627,0.8637,2381,17,0
2024-01-25 10:30:00,0.86368,0.86391,0.8629,0.86312,2237,16,0
2024-01-25 11:00:00,0.86311,0.86392,0.86307,0.86383,2267,17,0
2024-01-25 11:30:00,0.86383,0.8639,0.86316,0.86334,1328,18,0
2024-01-25 12:00:00,0.86335,0.86441,0.86279,0.86379,1753,16,0
2024-01-25 12:30:00,0.8638,0.86447,0.86344,0.8644,1598,18,0
2024-01-25 13:00:00,0.8644,0.86489,0.86408,0.86477,1119,17,0
2024-01-25 13:30:00,0.86477,0.8649,0.86407,0.86448,1376,18,0
2024-01-25 14:00:00,0.86448,0.86532,0.86436,0.86503,1389,17,0
2024-01-25 14:30:00,0.86502,0.86545,0.86455,0.86534,866,16,0
2024-01-25 15:00:00,0.86535,0.86544,0.86433,0.86527,2517,17,0
2024-01-25 15:30:00,0.86527,0.86684,0.86409,0.86494,6273,16,0
2024-01-25 16:00:00,0.86493,0.86613,0.86469,0.8652,5183,17,0
2024-01-25 16:30:00,0.86519,0.86648,0.86488,0.86529,4609,16,0
2024-01-25 17:00:00,0.86531,0.86697,0.86521,0.86657,4752,16,0
2024-01-25 17:30:00,0.86657,0.86788,0.86655,0.86773,3465,16,0
2024-01-25 18:00:00,0.86772,0.8684,0.86708,0.86768,2530,16,0
2024-01-25 18:30:00,0.86763,0.86794,0.86725,0.86739,1564,17,0
2024-01-25 19:00:00,0.86737,0.86813,0.86666,0.86715,2152,17,0
2024-01-25 19:30:00,0.86712,0.86784,0.867,0.86742,1416,18,0
2024-01-25 20:00:00,0.86741,0.8675,0.86655,0.86695,2592,16,0
2024-01-25 20:30:00,0.86696,0.86782,0.86693,0.86774,1820,18,0
2024-01-25 21:00:00,0.86774,0.86794,0.86712,0.86769,1859,17,0
2024-01-25 21:30:00,0.86768,0.86774,0.86706,0.86742,891,17,0
2024-01-25 22:00:00,0.86742,0.86776,0.86738,0.86752,782,18,0
2024-01-25 22:30:00,0.86753,0.86759,0.86689,0.86716,1521,19,0
2024-01-25 23:00:00,0.86718,0.86734,0.86709,0.86713,489,21,0
2024-01-25 23:30:00,0.86713,0.86713,0.86674,0.86693,411,24,0
2024-01-26 00:00:00,0.86686,0.86697,0.86624,0.86637,13,31,0
2024-01-26 00:30:00,0.86638,0.86695,0.86638,0.86668,1491,45,0
2024-01-26 01:00:00,0.86668,0.86724,0.86659,0.86708,923,20,0
2024-01-26 01:30:00,0.86708,0.86718,0.8668,0.86707,557,18,0
2024-01-26 02:00:00,0.86708,0.8675,0.86704,0.86749,673,19,0
2024-01-26 02:30:00,0.86749,0.86756,0.86687,0.86731,497,18,0
2024-01-26 03:00:00,0.8673,0.8675,0.867,0.86724,594,18,0
2024-01-26 03:30:00,0.86725,0.86733,0.86642,0.86663,1101,18,0
2024-01-26 04:00:00,0.86663,0.86712,0.86634,0.86657,957,17,0
2024-01-26 04:30:00,0.86657,0.86673,0.86629,0.86663,512,16,0
2024-01-26 05:00:00,0.86663,0.86667,0.86634,0.86656,297,18,0
2024-01-26 05:30:00,0.86657,0.86663,0.86643,0.86657,610,18,0
2024-01-26 06:00:00,0.86657,0.86686,0.86655,0.86672,275,19,0
2024-01-26 06:30:00,0.86672,0.86714,0.86668,0.86709,355,19,0
2024-01-26 07:00:00,0.8671,0.86716,0.86678,0.86683,800,19,0
2024-01-26 07:30:00,0.86683,0.86687,0.86638,0.86656,739,19,0
2024-01-26 08:00:00,0.86656,0.86718,0.86654,0.86697,470,18,0
2024-01-26 08:30:00,0.86698,0.86794,0.86698,0.86792,952,18,0
2024-01-26 09:00:00,0.86794,0.86843,0.86761,0.86816,1395,17,0
2024-01-26 09:30:00,0.86816,0.8683,0.86773,0.8678,2576,17,0
2024-01-26 10:00:00,0.86781,0.86786,0.86647,0.86677,2033,19,0
2024-01-26 10:30:00,0.86676,0.86681,0.86546,0.86558,2100,18,0
2024-01-26 11:00:00,0.86555,0.8663,0.86484,0.86491,2111,17,0
2024-01-26 11:30:00,0.86489,0.86521,0.86436,0.86497,2831,17,0
2024-01-26 12:00:00,0.86496,0.86501,0.86331,0.86357,1299,17,0
2024-01-26 12:30:00,0.86357,0.86397,0.86299,0.86302,1492,17,0
2024-01-26 13:00:00,0.86301,0.86301,0.86179,0.86228,1989,16,0
2024-01-26 13:30:00,0.86228,0.86336,0.86227,0.86291,1179,17,0
2024-01-26 14:00:00,0.8629,0.86353,0.86283,0.86345,1119,17,0
2024-01-26 14:30:00,0.86344,0.8645,0.86343,0.86418,1771,18,0
2024-01-26 15:00:00,0.86417,0.86457,0.86295,0.8631,2507,17,0
2024-01-26 15:30:00,0.86331,0.8649,0.86223,0.86323,5604,17,0
2024-01-26 16:00:00,0.86324,0.86347,0.86166,0.86197,3713,16,0
2024-01-26 16:30:00,0.86198,0.86265,0.86153,0.86177,2950,16,0
2024-01-26 17:00:00,0.86188,0.86386,0.86187,0.86386,3434,17,0
2024-01-26 17:30:00,0.86386,0.86405,0.86269,0.86295,2552,16,0
2024-01-26 18:00:00,0.86297,0.86369,0.86294,0.86344,2071,17,0
2024-01-26 18:30:00,0.86344,0.86356,0.86311,0.86341,1846,18,0
2024-01-26 19:00:00,0.86342,0.86382,0.86308,0.86375,1187,19,0
2024-01-26 19:30:00,0.86376,0.86427,0.86353,0.86369,1365,17,0
2024-01-26 20:00:00,0.86369,0.86417,0.86361,0.86392,1004,16,0
2024-01-26 20:30:00,0.8639,0.86481,0.8639,0.86455,1129,17,0
2024-01-26 21:00:00,0.86455,0.86458,0.86359,0.86374,1404,18,0
2024-01-26 21:30:00,0.86372,0.86422,0.86346,0.86409,1473,16,0
2024-01-26 22:00:00,0.86407,0.8642,0.86341,0.86372,886,18,0
2024-01-26 22:30:00,0.86369,0.86403,0.86346,0.86396,844,19,0
2024-01-26 23:00:00,0.86392,0.86414,0.8636,0.8638,448,20,0
2024-01-26 23:30:00,0.86381,0.86417,0.86306,0.86378,904,23,0
2024-01-29 00:00:00,0.86476,0.86498,0.86452,0.86455,7,120,0
2024-01-29 00:30:00,0.86483,0.86483,0.86343,0.86343,233,51,0
2024-01-29 01:00:00,0.86339,0.86409,0.86328,0.8636,1527,18,0
2024-01-29 01:30:00,0.8636,0.8643,0.8636,0.86425,443,18,0
2024-01-29 02:00:00,0.86425,0.86438,0.86396,0.8641,377,17,0
2024-01-29 02:30:00,0.8641,0.8643,0.86379,0.86386,601,18,0
2024-01-29 03:00:00,0.86381,0.86383,0.86331,0.86364,721,19,0
2024-01-29 03:30:00,0.86363,0.86363,0.86308,0.86337,524,17,0
2024-01-29 04:00:00,0.86337,0.86375,0.86337,0.86355,398,19,0
2024-01-29 04:30:00,0.86358,0.86365,0.86336,0.86347,386,19,0
2024-01-29 05:00:00,0.86345,0.86354,0.86316,0.86345,589,19,0
2024-01-29 05:30:00,0.86344,0.86354,0.86328,0.86336,432,19,0
2024-01-29 06:00:00,0.86337,0.86348,0.86323,0.86331,412,20,0
2024-01-29 06:30:00,0.86333,0.8634,0.86292,0.86322,510,21,0
2024-01-29 07:00:00,0.86324,0.86358,0.86314,0.86353,401,21,0
2024-01-29 07:30:00,0.86353,0.86383,0.86349,0.8638,553,19,0
2024-01-29 08:00:00,0.86381,0.86381,0.86335,0.86358,707,18,0
2024-01-29 08:30:00,0.86358,0.86372,0.86321,0.86335,821,20,0
2024-01-29 09:00:00,0.86333,0.86335,0.86219,0.86219,1696,17,0
2024-01-29 09:30:00,0.86219,0.86264,0.86161,0.86237,1801,16,0
2024-01-29 10:00:00,0.86238,0.86322,0.86216,0.86226,2342,16,0
2024-01-29 10:30:00,0.86225,0.86227,0.86063,0.8609,2391,16,0
2024-01-29 11:00:00,0.8609,0.86209,0.86071,0.86196,2174,18,0
2024-01-29 11:30:00,0.86196,0.86205,0.86116,0.86181,1541,17,0
2024-01-29 12:00:00,0.86182,0.86228,0.86149,0.86215,1298,18,0
2024-01-29 12:30:00,0.86211,0.86239,0.86166,0.86235,1279,17,0
2024-01-29 13:00:00,0.86236,0.86303,0.86206,0.86282,1662,16,0
2024-01-29 13:30:00,0.86283,0.86307,0.86237,0.86288,1416,18,0
2024-01-29 14:00:00,0.86287,0.86305,0.86243,0.86263,1294,16,0
2024-01-29 14:30:00,0.86263,0.86341,0.86222,0.86328,1046,18,0
2024-01-29 15:00:00,0.86327,0.86344,0.86246,0.86271,1328,18,0
2024-01-29 15:30:00,0.86273,0.86313,0.86223,0.86312,2300,16,0
2024-01-29 16:00:00,0.86313,0.86404,0.86251,0.86403,1666,16,0
2024-01-29 16:30:00,0.86404,0.86466,0.86404,0.86407,2158,17,0
2024-01-29 17:00:00,0.86408,0.86484,0.8637,0.86473,1650,16,0
2024-01-29 17:30:00,0.86472,0.86474,0.86356,0.86375,2143,17,0
2024-01-29 18:00:00,0.86375,0.86409,0.86302,0.86379,1423,17,0
2024-01-29 18:30:00,0.86375,0.86448,0.86375,0.86392,1493,18,0
2024-01-29 19:00:00,0.86392,0.86392,0.8634,0.86357,1572,18,0
2024-01-29 19:30:00,0.86357,0.86383,0.86314,0.86381,931,18,0
2024-01-29 20:00:00,0.8638,0.86431,0.86379,0.86386,838,19,0
2024-01-29 20:30:00,0.86386,0.86402,0.86364,0.86387,830,17,0
2024-01-29 21:00:00,0.86388,0.86406,0.86288,0.8629,1090,18,0
2024-01-29 21:30:00,0.86292,0.86297,0.86242,0.8626,1031,19,0
2024-01-29 22:00:00,0.86256,0.86258,0.86062,0.86088,3168,16,0
2024-01-29 22:30:00,0.86085,0.8617,0.86077,0.86127,2105,17,0
2024-01-29 23:00:00,0.86128,0.86145,0.86096,0.86117,1178,21,0
2024-01-29 23:30:00,0.86117,0.86136,0.86107,0.86117,562,22,0
2024-01-30 00:00:00,0.86118,0.86145,0.86079,0.86118,28,33,0
2024-01-30 00:30:00,0.86128,0.86147,0.86083,0.86123,883,34,0
2024-01-30 01:00:00,0.86123,0.86139,0.86111,0.86125,549,20,0
2024-01-30 01:30:00,0.86124,0.86147,0.86119,0.86129,587,19,0
2024-01-30 02:00:00,0.8613,0.86161,0.86115,0.86121,1107,18,0
2024-01-30 02:30:00,0.8612,0.8614,0.86094,0.86099,883,18,0
2024-01-30 03:00:00,0.86099,0.86158,0.86099,0.86119,706,18,0
2024-01-30 03:30:00,0.8612,0.86168,0.8612,0.86136,1276,19,0
2024-01-30 04:00:00,0.86137,0.86158,0.86128,0.86156,692,20,0
2024-01-30 04:30:00,0.86156,0.86159,0.86117,0.86139,307,20,0
2024-01-30 05:00:00,0.86139,0.86175,0.86139,0.86166,399,20,0
2024-01-30 05:30:00,0.86166,0.86177,0.86149,0.86173,294,21,0
2024-01-30 06:00:00,0.86173,0.86174,0.86147,0.86148,342,20,0
2024-01-30 06:30:00,0.86148,0.86183,0.86142,0.86148,504,17,0
2024-01-30 07:00:00,0.86146,0.86164,0.86107,0.86128,707,20,0
2024-01-30 07:30:00,0.86126,0.86163,0.86121,0.86162,746,19,0
2024-01-30 08:00:00,0.86162,0.86168,0.86116,0.86139,1161,20,0
2024-01-30 08:30:00,0.8614,0.862,0.86128,0.86191,1016,18,0
2024-01-30 09:00:00,0.86192,0.86217,0.86166,0.86204,1069,19,0
2024-01-30 09:30:00,0.86204,0.86208,0.86097,0.86098,1663,16,0
2024-01-30 10:00:00,0.86098,0.86295,0.86067,0.86273,3213,16,0
2024-01-30 10:30:00,0.86274,0.8631,0.86234,0.86238,2411,16,0
2024-01-30 11:00:00,0.86237,0.86365,0.86218,0.86323,1615,16,0
2024-01-30 11:30:00,0.86322,0.86382,0.86286,0.86295,1803,18,0
2024-01-30 12:00:00,0.86295,0.86359,0.86274,0.86298,1630,17,0
2024-01-30 12:30:00,0.86299,0.86322,0.86238,0.86258,1626,16,0
2024-01-30 13:00:00,0.86259,0.86296,0.86226,0.86271,1644,17,0
2024-01-30 13:30:00,0.86273,0.86344,0.86251,0.86269,1516,16,0
2024-01-30 14:00:00,0.8627,0.86301,0.86211,0.86221,1013,18,0
2024-01-30 14:30:00,0.86223,0.86309,0.86209,0.86253,1721,16,0
2024-01-30 15:00:00,0.86252,0.86365,0.86249,0.86326,2503,16,0
2024-01-30 15:30:00,0.86326,0.8636,0.86204,0.86214,1870,17,0
2024-01-30 16:00:00,0.86213,0.86228,0.86127,0.8613,2833,16,0
2024-01-30 16:30:00,0.86129,0.86192,0.86082,0.86104,2995,16,0
2024-01-30 17:00:00,0.86103,0.86423,0.86071,0.86306,5289,16,0
2024-01-30 17:30:00,0.86304,0.8639,0.86293,0.8634,3162,16,0
2024-01-30 18:00:00,0.86338,0.8637,0.8631,0.86314,2152,16,0
2024-01-30 18:30:00,0.86313,0.86333,0.86226,0.86233,1778,18,0
2024-01-30 19:00:00,0.86233,0.86259,0.86214,0.86256,1390,17,0
2024-01-30 19:30:00,0.86257,0.86263,0.8623,0.86248,1321,17,0
2024-01-30 20:00:00,0.86248,0.86297,0.86246,0.86253,1383,17,0
2024-01-30 20:30:00,0.86251,0.86264,0.86223,0.86226,894,18,0
2024-01-30 21:00:00,0.86225,0.86235,0.86176,0.86178,1093,18,0
2024-01-30 21:30:00,0.86177,0.86191,0.86146,0.86153,997,19,0
2024-01-30 22:00:00,0.86151,0.86181,0.8614,0.86168,968,17,0
2024-01-30 22:30:00,0.86168,0.86193,0.86146,0.86158,1096,19,0
2024-01-30 23:00:00,0.86158,0.86191,0.8615,0.86165,462,21,0
2024-01-30 23:30:00,0.86165,0.86177,0.86156,0.86165,434,22,0
2024-01-31 00:00:00,0.86163,0.86179,0.86163,0.86163,28,44,0
2024-01-31 00:30:00,0.86163,0.86171,0.86137,0.86157,332,37,0
2024-01-31 01:00:00,0.86157,0.8617,0.86144,0.86164,350,23,0
2024-01-31 01:30:00,0.86165,0.86184,0.8616,0.86175,460,21,0
2024-01-31 02:00:00,0.86175,0.86183,0.86147,0.86175,785,19,0
2024-01-31 02:30:00,0.86176,0.86209,0.86144,0.86169,888,20,0
2024-01-31 03:00:00,0.86169,0.86181,0.86149,0.86179,1082,20,0
2024-01-31 03:30:00,0.86178,0.86226,0.86169,0.86225,1182,19,0
2024-01-31 04:00:00,0.86227,0.86292,0.86226,0.86283,1132,16,0
2024-01-31 04:30:00,0.86283,0.86311,0.86271,0.86299,952,18,0
2024-01-31 05:00:00,0.863,0.86354,0.86293,0.8633,602,20,0
2024-01-31 05:30:00,0.86331,0.86345,0.86302,0.8631,732,16,0
2024-01-31 06:00:00,0.8631,0.8632,0.86274,0.86283,574,19,0
2024-01-31 06:30:00,0.86284,0.86287,0.86257,0.86269,499,18,0
2024-01-31 07:00:00,0.8627,0.86299,0.86263,0.8628,630,18,0
2024-01-31 07:30:00,0.8628,0.86307,0.86265,0.86279,582,18,0
2024-01-31 08:00:00,0.86279,0.86318,0.86275,0.86293,538,20,0
2024-01-31 08:30:00,0.86294,0.86345,0.86286,0.86341,564,19,0
2024-01-31 09:00:00,0.86344,0.86392,0.86298,0.86301,1337,16,0
2024-01-31 09:30:00,0.86301,0.86394,0.86289,0.86366,2010,16,0
2024-01-31 10:00:00,0.8637,0.86417,0.86232,0.86273,2748,16,0
2024-01-31 10:30:00,0.86273,0.86279,0.86212,0.86251,2063,16,0
2024-01-31 11:00:00,0.86251,0.86273,0.8618,0.86197,3312,17,0
2024-01-31 11:30:00,0.86196,0.86284,0.86177,0.86272,1847,17,0
2024-01-31 12:00:00,0.86273,0.863,0.86232,0.86251,2235,17,0
2024-01-31 12:30:00,0.86253,0.86424,0.86251,0.86413,1472,17,0
2024-01-31 13:00:00,0.86413,0.86421,0.86312,0.86322,1771,17,0
2024-01-31 13:30:00,0.86321,0.86336,0.86276,0.86291,1179,16,0
2024-01-31 14:00:00,0.86289,0.86362,0.86264,0.8636,1689,20,0
2024-01-31 14:30:00,0.86361,0.86361,0.86268,0.86285,1867,18,0
2024-01-31 15:00:00,0.86285,0.86316,0.86137,0.8624,2457,17,0
2024-01-31 15:30:00,0.86231,0.86231,0.86056,0.86125,4902,19,0
2024-01-31 16:00:00,0.86125,0.8616,0.85956,0.86043,3433,17,0
2024-01-31 16:30:00,0.86045,0.86046,0.85536,0.8558,5148,16,0
2024-01-31 17:00:00,0.85582,0.85814,0.85501,0.85807,5209,16,0
2024-01-31 17:30:00,0.85806,0.85834,0.85683,0.85793,4364,16,0
2024-01-31 18:00:00,0.85793,0.85983,0.85742,0.85975,3788,16,0
2024-01-31 18:30:00,0.85976,0.85997,0.85831,0.85868,3063,18,0
2024-01-31 19:00:00,0.85868,0.85995,0.85861,0.85974,1752,19,0
2024-01-31 19:30:00,0.85974,0.85986,0.85903,0.85958,1940,19,0
2024-01-31 20:00:00,0.85957,0.86022,0.8593,0.85985,1816,19,0
2024-01-31 20:30:00,0.85986,0.86016,0.85885,0.85885,2043,19,0
2024-01-31 21:00:00,0.8598,0.86229,0.85853,0.86124,6449,16,0
2024-01-31 21:30:00,0.86124,0.86181,0.85789,0.85997,8953,16,0
2024-01-31 22:00:00,0.85997,0.8643,0.85985,0.86334,7502,16,0
2024-01-31 22:30:00,0.86337,0.86409,0.8626,0.86262,3649,17,0
2024-01-31 23:00:00,0.86262,0.86285,0.8613,0.86158,1825,19,0
2024-01-31 23:30:00,0.86158,0.86178,0.86099,0.86119,1294,22,0
2024-02-01 00:00:00,0.86119,0.86123,0.86082,0.86114,16,42,0
2024-02-01 00:30:00,0.86114,0.86163,0.86074,0.86158,158,46,0
2024-02-01 01:00:00,0.86165,0.86189,0.86139,0.86176,646,19,0
2024-02-01 01:30:00,0.86178,0.86236,0.86162,0.86229,1003,20,0
2024-02-01 02:00:00,0.86227,0.86274,0.86223,0.86233,1055,20,0
2024-02-01 02:30:00,0.86233,0.86257,0.86211,0.86257,972,19,0
2024-02-01 03:00:00,0.86257,0.86302,0.86248,0.863,990,18,0
2024-02-01 03:30:00,0.86299,0.86339,0.86297,0.86309,1104,16,0
2024-02-01 04:00:00,0.86309,0.86312,0.86187,0.86235,1193,17,0
2024-02-01 04:30:00,0.86234,0.86241,0.86176,0.86239,820,17,0
2024-02-01 05:00:00,0.8624,0.86276,0.86218,0.86268,537,19,0
2024-02-01 05:30:00,0.8627,0.86305,0.86266,0.86273,693,19,0
2024-02-01 06:00:00,0.86271,0.86315,0.8626,0.86312,801,19,0
2024-02-01 06:30:00,0.86313,0.86324,0.86293,0.86304,834,19,0
2024-02-01 07:00:00,0.86303,0.86353,0.86303,0.86346,673,18,0
2024-02-01 07:30:00,0.86347,0.86355,0.86326,0.8635,768,17,0
2024-02-01 08:00:00,0.86349,0.86392,0.86332,0.86385,966,18,0
2024-02-01 08:30:00,0.86383,0.86393,0.86318,0.86372,1019,17,0
2024-02-01 09:00:00,0.86375,0.86486,0.86356,0.86436,1996,16,0
2024-02-01 09:30:00,0.86436,0.86453,0.86369,0.86396,1863,18,0
2024-02-01 10:00:00,0.86396,0.86457,0.86297,0.86351,2967,16,0
2024-02-01 10:30:00,0.86352,0.86376,0.86255,0.86262,2201,18,0
2024-02-01 11:00:00,0.86263,0.86364,0.86243,0.86298,2484,18,0
2024-02-01 11:30:00,0.86297,0.86328,0.86248,0.86269,1373,16,0
2024-02-01 12:00:00,0.86265,0.86366,0.86254,0.86349,2019,16,0
2024-02-01 12:30:00,0.86351,0.86383,0.8633,0.8637,1873,18,0
2024-02-01 13:00:00,0.86373,0.86373,0.863,0.86308,1895,19,0
2024-02-01 13:30:00,0.86307,0.86314,0.86226,0.86241,1360,17,0
2024-02-01 14:00:00,0.86243,0.86357,0.86221,0.86309,2456,18,0
2024-02-01 14:30:00,0.86309,0.86361,0.86286,0.86303,2116,18,0
2024-02-01 15:00:00,0.86303,0.86357,0.86242,0.86271,2465,18,0
2024-02-01 15:30:00,0.8625,0.86256,0.86112,0.86245,3762,17,0
2024-02-01 16:00:00,0.86245,0.8625,0.86137,0.86201,2541,18,0
2024-02-01 16:30:00,0.862,0.86245,0.86154,0.86178,3332,16,0
2024-02-01 17:00:00,0.86177,0.86367,0.86098,0.86117,5915,18,0
2024-02-01 17:30:00,0.86117,0.86218,0.86098,0.86143,3738,18,0
2024-02-01 18:00:00,0.86144,0.86144,0.85824,0.85841,4338,16,0
2024-02-01 18:30:00,0.8584,0.85869,0.85722,0.85783,3931,16,0
2024-02-01 19:00:00,0.85779,0.85801,0.85701,0.85775,2576,17,0
2024-02-01 19:30:00,0.85774,0.85861,0.85732,0.85847,2501,17,0
2024-02-01 20:00:00,0.85848,0.8591,0.85835,0.85897,2429,17,0
2024-02-01 20:30:00,0.85896,0.85902,0.85751,0.85812,2619,16,0
2024-02-01 21:00:00,0.85809,0.85812,0.85751,0.85777,1738,18,0
2024-02-01 21:30:00,0.85776,0.85826,0.85748,0.8575,1737,18,0
2024-02-01 22:00:00,0.85749,0.85767,0.85727,0.85748,1101,17,0
2024-02-01 22:30:00,0.85747,0.85792,0.85741,0.8576,1827,19,0
2024-02-01 23:00:00,0.8576,0.85779,0.85717,0.85752,836,20,0
2024-02-01 23:30:00,0.85749,0.85785,0.85746,0.85763,818,24,0
2024-02-02 00:00:00,0.85763,0.85765,0.8567,0.85735,49,28,0
2024-02-02 00:30:00,0.85736,0.85765,0.85686,0.85762,923,22,0
2024-02-02 01:00:00,0.85733,0.85764,0.85725,0.85746,877,21,0
2024-02-02 01:30:00,0.85747,0.85761,0.85744,0.85753,671,19,0
2024-02-02 02:00:00,0.85754,0.8576,0.85677,0.85684,460,17,0
2024-02-02 02:30:00,0.85685,0.85718,0.85664,0.85709,866,18,0
2024-02-02 03:00:00,0.85709,0.85745,0.85684,0.8574,690,19,0
2024-02-02 03:30:00,0.85744,0.8577,0.85721,0.85735,1087,18,0
2024-02-02 04:00:00,0.85734,0.85748,0.85703,0.85717,988,17,0
2024-02-02 04:30:00,0.85718,0.85767,0.85662,0.85665,842,16,0
2024-02-02 05:00:00,0.85664,0.85718,0.85641,0.85704,1016,19,0
2024-02-02 05:30:00,0.85705,0.85722,0.8568,0.85685,472,18,0
2024-02-02 06:00:00,0.85685,0.85708,0.85655,0.85703,735,17,0
2024-02-02 06:30:00,0.85704,0.85756,0.85692,0.85722,721,19,0
2024-02-02 07:00:00,0.85722,0.85741,0.85697,0.8573,1007,17,0
2024-02-02 07:30:00,0.85731,0.85737,0.85698,0.85727,716,18,0
2024-02-02 08:00:00,0.85727,0.85744,0.85701,0.85723,845,20,0
2024-02-02 08:30:00,0.85723,0.85746,0.85713,0.85737,1022,16,0
2024-02-02 09:00:00,0.85735,0.85738,0.85682,0.85734,1644,18,0
2024-02-02 09:30:00,0.85734,0.85742,0.85673,0.8574,1096,18,0
2024-02-02 10:00:00,0.85739,0.85758,0.8562,0.85688,2069,16,0
2024-02-02 10:30:00,0.85687,0.85702,0.85622,0.85679,1325,17,0
2024-02-02 11:00:00,0.85677,0.85678,0.8558,0.85581,1087,18,0
2024-02-02 11:30:00,0.85581,0.85645,0.85558,0.85622,1236,17,0
2024-02-02 12:00:00,0.85623,0.85623,0.8555,0.85583,1324,17,0
2024-02-02 12:30:00,0.8558,0.85588,0.85552,0.85574,901,16,0
2024-02-02 13:00:00,0.85574,0.85594,0.85545,0.85555,923,19,0
2024-02-02 13:30:00,0.85555,0.8559,0.85523,0.85564,717,17,0
2024-02-02 14:00:00,0.85565,0.85611,0.85558,0.85601,911,18,0
2024-02-02 14:30:00,0.85601,0.85621,0.85561,0.85586,1000,16,0
2024-02-02 15:00:00,0.85586,0.85613,0.85536,0.85547,1861,16,0
2024-02-02 15:30:00,0.8555,0.86403,0.85547,0.8635,7343,16,0
2024-02-02 16:00:00,0.86351,0.86419,0.86309,0.86353,5876,16,0
2024-02-02 16:30:00,0.86352,0.86432,0.86281,0.86307,5008,16,0
2024-02-02 17:00:00,0.86332,0.86611,0.86303,0.86608,4534,16,0
2024-02-02 17:30:00,0.86608,0.86637,0.86485,0.86545,3488,16,0
2024-02-02 18:00:00,0.86544,0.86703,0.86496,0.86662,2886,17,0
2024-02-02 18:30:00,0.86662,0.86777,0.86646,0.86751,1955,16,0
2024-02-02 19:00:00,0.86749,0.86799,0.86697,0.86701,1573,16,0
2024-02-02 19:30:00,0.86701,0.86768,0.86683,0.86745,1503,16,0
2024-02-02 20:00:00,0.86746,0.86766,0.8672,0.86741,1372,18,0
2024-02-02 20:30:00,0.86742,0.86753,0.86658,0.86705,1485,17,0
2024-02-02 21:00:00,0.86704,0.86732,0.86652,0.86659,1119,16,0
2024-02-02 21:30:00,0.86658,0.86672,0.866,0.86648,1188,16,0
2024-02-02 22:00:00,0.86647,0.86657,0.86601,0.86626,773,16,0
2024-02-02 22:30:00,0.86629,0.86644,0.86608,0.86636,786,17,0
2024-02-02 23:00:00,0.86639,0.86642,0.86606,0.86637,706,19,0
2024-02-02 23:30:00,0.86643,0.86688,0.86636,0.86664,832,23,0
2024-02-05 00:00:00,0.86643,0.86645,0.8661,0.86621,8,120,0
2024-02-05 00:30:00,0.86646,0.867,0.86625,0.86666,141,62,0
2024-02-05 01:00:00,0.8666,0.86779,0.8666,0.86736,929,18,0
2024-02-05 01:30:00,0.86737,0.86745,0.86686,0.86694,1081,18,0
2024-02-05 02:00:00,0.86693,0.86818,0.86669,0.8679,2668,16,0
2024-02-05 02:30:00,0.8679,0.86865,0.86746,0.86778,1965,16,0
2024-02-05 03:00:00,0.86777,0.86827,0.86719,0.86805,1412,16,0
2024-02-05 03:30:00,0.86804,0.86804,0.86735,0.86742,1346,17,0
2024-02-05 04:00:00,0.8674,0.86766,0.86726,0.86761,943,19,0
2024-02-05 04:30:00,0.86762,0.86798,0.86749,0.86758,585,18,0
2024-02-05 05:00:00,0.86752,0.86793,0.86727,0.86776,613,20,0
2024-02-05 05:30:00,0.86778,0.86781,0.86736,0.86745,420,19,0
2024-02-05 06:00:00,0.86745,0.86761,0.8673,0.86749,583,19,0
2024-02-05 06:30:00,0.86749,0.8677,0.86738,0.86759,656,20,0
2024-02-05 07:00:00,0.86762,0.86806,0.86756,0.86789,753,17,0
2024-02-05 07:30:00,0.86788,0.86803,0.8676,0.86765,653,19,0
2024-02-05 08:00:00,0.86764,0.86778,0.86716,0.86731,1011,18,0
2024-02-05 08:30:00,0.86731,0.86795,0.86731,0.86767,1822,19,0
2024-02-05 09:00:00,0.86774,0.86837,0.86764,0.86823,1561,18,0
2024-02-05 09:30:00,0.86823,0.86851,0.86736,0.86773,1481,19,0
2024-02-05 10:00:00,0.86774,0.86802,0.86698,0.86796,1766,17,0
2024-02-05 10:30:00,0.86796,0.86941,0.86724,0.86907,1976,16,0
2024-02-05 11:00:00,0.86907,0.86925,0.86845,0.86878,1737,16,0
2024-02-05 11:30:00,0.86877,0.87033,0.86876,0.87018,1891,18,0
2024-02-05 12:00:00,0.87021,0.87043,0.86942,0.86957,2096,17,0
2024-02-05 12:30:00,0.86958,0.86965,0.86917,0.86944,1250,17,0
2024-02-05 13:00:00,0.86944,0.86968,0.86882,0.86884,1489,19,0
2024-02-05 13:30:00,0.86883,0.86979,0.86875,0.86937,1763,16,0
2024-02-05 14:00:00,0.86936,0.86978,0.86892,0.86901,1180,19,0
2024-02-05 14:30:00,0.86903,0.86937,0.86897,0.86937,1844,18,0
2024-02-05 15:00:00,0.86937,0.87019,0.86926,0.87004,1830,16,0
2024-02-05 15:30:00,0.87003,0.87098,0.86965,0.8709,1504,17,0
2024-02-05 16:00:00,0.8709,0.87098,0.87021,0.87066,1360,18,0
2024-02-05 16:30:00,0.87066,0.87114,0.86968,0.8711,2755,17,0
2024-02-05 17:00:00,0.8709,0.87112,0.86981,0.87006,4874,18,0
2024-02-05 17:30:00,0.87006,0.87161,0.87006,0.8714,2833,17,0
2024-02-05 18:00:00,0.87141,0.87176,0.87073,0.8715,1853,16,0
2024-02-05 18:30:00,0.87149,0.87149,0.87096,0.87104,1569,17,0
2024-02-05 19:00:00,0.87103,0.87108,0.87037,0.87041,1153,18,0
2024-02-05 19:30:00,0.87041,0.87045,0.86976,0.87004,1319,16,0
2024-02-05 20:00:00,0.87003,0.87017,0.86969,0.86991,1147,16,0
2024-02-05 20:30:00,0.86992,0.86992,0.86944,0.86982,963,18,0
2024-02-05 21:00:00,0.86981,0.87005,0.86971,0.86985,613,18,0
2024-02-05 21:30:00,0.86986,0.87044,0.86979,0.87039,689,17,0
2024-02-05 22:00:00,0.87038,0.871,0.87034,0.87081,843,19,0
2024-02-05 22:30:00,0.87081,0.87081,0.87019,0.87036,865,19,0
2024-02-05 23:00:00,0.87035,0.87083,0.87012,0.87077,578,20,0
2024-02-05 23:30:00,0.87077,0.87082,0.87041,0.87055,467,23,0
2024-02-06 00:00:00,0.87044,0.87055,0.87044,0.87055,16,37,0
2024-02-06 00:30:00,0.87055,0.87055,0.87024,0.87026,46,34,0
2024-02-06 01:00:00,0.87026,0.87053,0.87026,0.87039,248,20,0
2024-02-06 01:30:00,0.87039,0.87067,0.87039,0.87064,535,21,0
2024-02-06 02:00:00,0.87063,0.87066,0.87044,0.87061,548,20,0
2024-02-06 02:30:00,0.87061,0.87067,0.87036,0.87055,370,20,0
2024-02-06 03:00:00,0.87054,0.8706,0.87015,0.87042,684,20,0
2024-02-06 03:30:00,0.8704,0.87073,0.87022,0.87044,957,18,0
2024-02-06 04:00:00,0.87044,0.87056,0.87034,0.87049,342,20,0
2024-02-06 04:30:00,0.87049,0.8705,0.87019,0.87032,324,19,0
2024-02-06 05:00:00,0.87032,0.87049,0.87017,0.87024,388,19,0
2024-02-06 05:30:00,0.87024,0.87053,0.87005,0.8703,1133,17,0
2024-02-06 06:00:00,0.87031,0.87033,0.86962,0.86964,1127,18,0
2024-02-06 06:30:00,0.86965,0.86993,0.86957,0.86972,939,19,0
2024-02-06 07:00:00,0.86972,0.86973,0.86927,0.86942,1180,16,0
2024-02-06 07:30:00,0.86941,0.8695,0.86928,0.86946,698,19,0
2024-02-06 08:00:00,0.86947,0.86978,0.86947,0.86973,709,18,0
2024-02-06 08:30:00,0.86973,0.86983,0.86949,0.86974,794,16,0
2024-02-06 09:00:00,0.86974,0.86974,0.86892,0.86945,2130,17,0
2024-02-06 09:30:00,0.86946,0.86978,0.86933,0.86974,1544,18,0
2024-02-06 10:00:00,0.86974,0.87086,0.86961,0.87069,1938,19,0
2024-02-06 10:30:00,0.87069,0.8713,0.8706,0.8712,1600,17,0
2024-02-06 11:00:00,0.8712,0.87139,0.87055,0.87104,1259,17,0
2024-02-06 11:30:00,0.87103,0.87271,0.87088,0.87263,1841,18,0
2024-02-06 12:00:00,0.87263,0.87284,0.8723,0.87274,1690,17,0
2024-02-06 12:30:00,0.87274,0.8728,0.87226,0.87243,1284,20,0
2024-02-06 13:00:00,0.87243,0.87265,0.87177,0.87187,1918,19,0
2024-02-06 13:30:00,0.87186,0.87221,0.87164,0.87211,1195,16,0
2024-02-06 14:00:00,0.87213,0.87338,0.87207,0.87324,1421,16,0
2024-02-06 14:30:00,0.87325,0.87344,0.87219,0.87219,1840,18,0
2024-02-06 15:00:00,0.87217,0.87245,0.87144,0.87239,2050,17,0
2024-02-06 15:30:00,0.87239,0.87317,0.87206,0.87294,2130,18,0
2024-02-06 16:00:00,0.87295,0.87403,0.87237,0.87345,1719,16,0
2024-02-06 16:30:00,0.87345,0.87386,0.87211,0.87225,2804,17,0
2024-02-06 17:00:00,0.87225,0.87251,0.87057,0.87119,3236,18,0
2024-02-06 17:30:00,0.87118,0.87168,0.87023,0.87039,3682,16,0
2024-02-06 18:00:00,0.87039,0.87118,0.87022,0.87065,2382,16,0
2024-02-06 18:30:00,0.87063,0.871,0.86992,0.87007,2630,16,0
2024-02-06 19:00:00,0.87011,0.87053,0.86998,0.87036,2303,16,0
2024-02-06 19:30:00,0.87035,0.87063,0.86983,0.8701,1447,17,0
2024-02-06 20:00:00,0.8701,0.87068,0.86963,0.87043,2235,19,0
2024-02-06 20:30:00,0.87043,0.87043,0.86956,0.86966,1124,19,0
2024-02-06 21:00:00,0.86965,0.87034,0.86958,0.8703,1504,16,0
2024-02-06 21:30:00,0.87032,0.87057,0.87009,0.87022,1269,18,0
2024-02-06 22:00:00,0.87019,0.87022,0.86967,0.87015,941,19,0
2024-02-06 22:30:00,0.87015,0.87016,0.86946,0.86963,734,19,0
2024-02-06 23:00:00,0.86965,0.86982,0.86953,0.86956,756,20,0
2024-02-06 23:30:00,0.86957,0.86973,0.86949,0.86949,636,22,0
2024-02-07 00:00:00,0.8695,0.86958,0.86945,0.86956,14,79,0
2024-02-07 00:30:00,0.86956,0.86964,0.86914,0.86932,861,29,0
2024-02-07 01:00:00,0.86931,0.86944,0.86924,0.86938,924,22,0
2024-02-07 01:30:00,0.86936,0.86955,0.86935,0.86948,454,22,0
2024-02-07 02:00:00,0.86947,0.86974,0.86944,0.86951,808,19,0
2024-02-07 02:30:00,0.86952,0.86971,0.86934,0.86957,1358,18,0
2024-02-07 03:00:00,0.86956,0.86957,0.8693,0.86939,962,19,0
2024-02-07 03:30:00,0.86939,0.86957,0.86906,0.86913,932,19,0
2024-02-07 04:00:00,0.86914,0.86967,0.86909,0.8692,1007,19,0
2024-02-07 04:30:00,0.8692,0.86954,0.86916,0.86948,1258,19,0
2024-02-07 05:00:00,0.86949,0.86957,0.86914,0.86933,505,18,0
2024-02-07 05:30:00,0.86932,0.86962,0.86928,0.86958,726,20,0
2024-02-07 06:00:00,0.86958,0.86975,0.86941,0.8696,761,17,0
2024-02-07 06:30:00,0.86962,0.86978,0.8695,0.86964,514,18,0
2024-02-07 07:00:00,0.86965,0.86972,0.86941,0.86948,1004,18,0
2024-02-07 07:30:00,0.86948,0.86971,0.86928,0.86944,1098,19,0
2024-02-07 08:00:00,0.86945,0.8697,0.86912,0.8696,868,18,0
2024-02-07 08:30:00,0.8696,0.86997,0.86943,0.8696,1249,17,0
2024-02-07 09:00:00,0.86955,0.86979,0.86873,0.86913,1769,16,0
2024-02-07 09:30:00,0.86913,0.86999,0.86894,0.86952,1428,19,0
2024-02-07 10:00:00,0.86952,0.87119,0.86942,0.87108,2442,17,0
2024-02-07 10:30:00,0.87108,0.8713,0.87064,0.87106,1721,17,0
2024-02-07 11:00:00,0.87104,0.87186,0.87088,0.87169,1477,18,0
2024-02-07 11:30:00,0.8717,0.87171,0.8708,0.87119,1402,18,0
2024-02-07 12:00:00,0.87119,0.87236,0.87119,0.8716,1911,16,0
2024-02-07 12:30:00,0.8716,0.87271,0.87153,0.87267,1792,17,0
2024-02-07 13:00:00,0.87267,0.87287,0.87213,0.87265,1702,18,0
2024-02-07 13:30:00,0.87265,0.8729,0.87195,0.87226,1156,16,0
2024-02-07 14:00:00,0.87227,0.87243,0.87182,0.87216,1223,19,0
2024-02-07 14:30:00,0.87216,0.87249,0.87177,0.87183,1292,17,0
2024-02-07 15:00:00,0.87183,0.87193,0.87101,0.87103,1411,17,0
2024-02-07 15:30:00,0.87103,0.87172,0.87081,0.87128,1841,17,0
2024-02-07 16:00:00,0.87128,0.87164,0.87058,0.8714,2016,17,0
2024-02-07 16:30:00,0.87141,0.87225,0.87032,0.87091,4516,16,0
2024-02-07 17:00:00,0.87088,0.87205,0.87073,0.87112,3621,17,0
2024-02-07 17:30:00,0.87116,0.87192,0.87055,0.87171,3799,16,0
2024-02-07 18:00:00,0.87171,0.87281,0.87151,0.87249,3172,16,0
2024-02-07 18:30:00,0.87246,0.87338,0.87236,0.87298,2180,18,0
2024-02-07 19:00:00,0.87298,0.87378,0.87291,0.87347,1403,18,0
2024-02-07 19:30:00,0.87347,0.87441,0.87324,0.87379,1230,16,0
2024-02-07 20:00:00,0.87379,0.87408,0.87314,0.87387,2004,16,0
2024-02-07 20:30:00,0.87385,0.87524,0.87385,0.87467,1388,18,0
2024-02-07 21:00:00,0.87463,0.8749,0.87372,0.87418,1111,19,0
2024-02-07 21:30:00,0.87417,0.87453,0.87408,0.8744,854,16,0
2024-02-07 22:00:00,0.87441,0.87443,0.87388,0.87404,1230,18,0
2024-02-07 22:30:00,0.87405,0.87423,0.8738,0.87398,1031,19,0
2024-02-07 23:00:00,0.87398,0.87429,0.87377,0.87422,456,20,0
2024-02-07 23:30:00,0.87421,0.87459,0.87382,0.87384,504,25,0
2024-02-08 00:00:00,0.87402,0.87403,0.87393,0.87393,78,73,0
2024-02-08 00:30:00,0.87392,0.87441,0.87359,0.87407,672,46,0
2024-02-08 01:00:00,0.87409,0.87432,0.87391,0.87422,413,22,0
2024-02-08 01:30:00,0.87423,0.87433,0.87404,0.87406,545,21,0
2024-02-08 02:00:00,0.87405,0.87414,0.87331,0.87333,498,19,0
2024-02-08 02:30:00,0.87333,0.87344,0.8731,0.87337,467,19,0
2024-02-08 03:00:00,0.87336,0.87362,0.87323,0.87338,511,19,0
2024-02-08 03:30:00,0.87337,0.87373,0.87307,0.87315,1075,19,0
2024-02-08 04:00:00,0.87315,0.87318,0.87243,0.87254,933,19,0
2024-02-08 04:30:00,0.87255,0.8727,0.87238,0.87259,457,16,0
2024-02-08 05:00:00,0.8726,0.87285,0.87254,0.87273,444,17,0
2024-02-08 05:30:00,0.87273,0.87299,0.87246,0.87282,680,17,0
2024-02-08 06:00:00,0.87283,0.87295,0.87252,0.87271,602,19,0
2024-02-08 06:30:00,0.8727,0.87318,0.8727,0.87313,557,18,0
2024-02-08 07:00:00,0.87314,0.87336,0.87274,0.8729,725,17,0
2024-02-08 07:30:00,0.8729,0.87335,0.87285,0.87303,871,16,0
2024-02-08 08:00:00,0.87302,0.8733,0.87288,0.87303,1017,18,0
2024-02-08 08:30:00,0.87306,0.87307,0.87251,0.87294,1027,18,0
2024-02-08 09:00:00,0.87298,0.87336,0.8725,0.87322,1511,17,0
2024-02-08 09:30:00,0.87323,0.8736,0.87284,0.87315,1703,18,0
2024-02-08 10:00:00,0.87316,0.87342,0.87258,0.87333,1971,19,0
2024-02-08 10:30:00,0.87331,0.87393,0.87296,0.87305,2091,17,0
2024-02-08 11:00:00,0.87306,0.87323,0.87249,0.87279,1387,18,0
2024-02-08 11:30:00,0.87278,0.87307,0.87233,0.87272,1526,18,0
2024-02-08 12:00:00,0.87271,0.87313,0.87241,0.87252,1365,18,0
2024-02-08 12:30:00,0.87252,0.8735,0.87248,0.87345,1345,18,0
2024-02-08 13:00:00,0.8734,0.87427,0.87324,0.87419,1134,16,0
2024-02-08 13:30:00,0.87421,0.87453,0.8738,0.87424,1503,18,0
2024-02-08 14:00:00,0.87426,0.87435,0.87374,0.87402,1183,17,0
2024-02-08 14:30:00,0.874,0.87487,0.87393,0.87456,1641,18,0
2024-02-08 15:00:00,0.87456,0.8746,0.87391,0.87424,1830,16,0
2024-02-08 15:30:00,0.87433,0.87597,0.87431,0.87591,3709,18,0
2024-02-08 16:00:00,0.87595,0.87602,0.87493,0.87508,2053,17,0
2024-02-08 16:30:00,0.87507,0.87575,0.87425,0.87493,2900,18,0
2024-02-08 17:00:00,0.87493,0.87585,0.8747,0.87527,2380,16,0
2024-02-08 17:30:00,0.87527,0.87563,0.87449,0.87456,2538,16,0
2024-02-08 18:00:00,0.87456,0.87479,0.87411,0.87436,1999,17,0
2024-02-08 18:30:00,0.87436,0.87443,0.8735,0.87353,1618,18,0
2024-02-08 19:00:00,0.87352,0.87418,0.8734,0.87406,1388,17,0
2024-02-08 19:30:00,0.87405,0.87433,0.87398,0.87426,1131,17,0
2024-02-08 20:00:00,0.87426,0.87446,0.87335,0.87388,2190,16,0
2024-02-08 20:30:00,0.87388,0.87418,0.87385,0.87386,749,18,0
2024-02-08 21:00:00,0.87387,0.87406,0.87366,0.87397,700,18,0
2024-02-08 21:30:00,0.87397,0.87457,0.87397,0.87432,1066,17,0
2024-02-08 22:00:00,0.8743,0.87431,0.87393,0.87394,749,18,0
2024-02-08 22:30:00,0.87395,0.87409,0.87366,0.87368,826,18,0
2024-02-08 23:00:00,0.87367,0.87385,0.8735,0.87356,385,18,0
2024-02-08 23:30:00,0.87355,0.8737,0.87346,0.87361,452,27,0
2024-02-09 00:00:00,0.87321,0.87331,0.873,0.873,96,55,0
2024-02-09 00:30:00,0.87311,0.87342,0.87285,0.87314,1079,41,0
2024-02-09 01:00:00,0.87306,0.87352,0.87306,0.87339,402,22,0
2024-02-09 01:30:00,0.87341,0.8735,0.87337,0.87338,696,21,0
2024-02-09 02:00:00,0.87338,0.87344,0.8732,0.87343,755,18,0
2024-02-09 02:30:00,0.87343,0.87386,0.8734,0.87383,781,18,0
2024-02-09 03:00:00,0.87383,0.87383,0.87337,0.87361,753,19,0
2024-02-09 03:30:00,0.8736,0.87374,0.8734,0.87366,624,20,0
2024-02-09 04:00:00,0.87367,0.87374,0.87346,0.87358,941,17,0
2024-02-09 04:30:00,0.8736,0.87365,0.87351,0.87361,560,17,0
2024-02-09 05:00:00,0.87361,0.87379,0.87345,0.87377,665,19,0
2024-02-09 05:30:00,0.87377,0.87418,0.87376,0.87405,465,18,0
2024-02-09 06:00:00,0.87405,0.87425,0.87397,0.87413,540,19,0
2024-02-09 06:30:00,0.87413,0.87435,0.87398,0.87435,262,19,0
2024-02-09 07:00:00,0.87431,0.87431,0.874,0.87411,284,18,0
2024-02-09 07:30:00,0.87411,0.87443,0.87399,0.87429,605,18,0
2024-02-09 08:00:00,0.87428,0.87447,0.87428,0.87437,475,20,0
2024-02-09 08:30:00,0.87437,0.87447,0.87412,0.87423,321,19,0
2024-02-09 09:00:00,0.87419,0.87448,0.87389,0.87421,1462,19,0
2024-02-09 09:30:00,0.87421,0.87483,0.87412,0.87449,1462,16,0
2024-02-09 10:00:00,0.8745,0.87525,0.87428,0.87465,1686,19,0
2024-02-09 10:30:00,0.87465,0.87549,0.87447,0.87538,1723,17,0
2024-02-09 11:00:00,0.87537,0.87612,0.87512,0.87546,1845,16,0
2024-02-09 11:30:00,0.87547,0.87593,0.87521,0.87568,1371,16,0
2024-02-09 12:00:00,0.87569,0.87597,0.87535,0.87543,1391,18,0
2024-02-09 12:30:00,0.87544,0.87568,0.87524,0.87544,1158,19,0
2024-02-09 13:00:00,0.87542,0.87557,0.87518,0.87533,1277,19,0
2024-02-09 13:30:00,0.87533,0.87574,0.87526,0.87555,1155,16,0
2024-02-09 14:00:00,0.87554,0.87562,0.8749,0.87546,1342,18,0
2024-02-09 14:30:00,0.87546,0.87608,0.87543,0.87594,1348,16,0
2024-02-09 15:00:00,0.87593,0.87602,0.875,0.87523,2383,17,0
2024-02-09 15:30:00,0.87524,0.87557,0.87301,0.87466,6578,16,0
2024-02-09 16:00:00,0.87465,0.87522,0.87358,0.87474,3744,16,0
2024-02-09 16:30:00,0.87473,0.8748,0.87375,0.87417,3388,17,0
2024-02-09 17:00:00,0.87417,0.87517,0.87417,0.87493,2455,17,0
2024-02-09 17:30:00,0.87492,0.87531,0.87451,0.87488,2102,18,0
2024-02-09 18:00:00,0.8749,0.87533,0.87454,0.87464,2291,16,0
2024-02-09 18:30:00,0.87463,0.87508,0.87443,0.87496,1538,18,0
2024-02-09 19:00:00,0.87496,0.87502,0.87462,0.87488,1274,18,0
2024-02-09 19:30:00,0.87488,0.87511,0.87481,0.87483,936,18,0
2024-02-09 20:00:00,0.87483,0.87483,0.8745,0.87463,1019,18,0
2024-02-09 20:30:00,0.87462,0.87475,0.87436,0.87469,836,19,0
2024-02-09 21:00:00,0.8747,0.87487,0.87446,0.87466,901,18,0
2024-02-09 21:30:00,0.87466,0.87533,0.87463,0.87527,460,16,0
2024-02-09 22:00:00,0.87527,0.87547,0.87469,0.87472,1360,19,0
2024-02-09 22:30:00,0.87474,0.87497,0.87443,0.87443,1165,17,0
2024-02-09 23:00:00,0.87449,0.87465,0.87439,0.87447,697,21,0
2024-02-09 23:30:00,0.8745,0.87473,0.87416,0.87416,1153,22,0
2024-02-12 00:00:00,0.87441,0.87441,0.87419,0.87419,3,118,0
2024-02-12 00:30:00,0.87406,0.87421,0.87394,0.87411,66,85,0
2024-02-12 01:00:00,0.87408,0.87435,0.874,0.87416,1146,19,0
2024-02-12 01:30:00,0.87417,0.87429,0.87401,0.87413,759,18,0
2024-02-12 02:00:00,0.87414,0.87428,0.87405,0.87424,873,19,0
2024-02-12 02:30:00,0.87424,0.87428,0.87409,0.87415,865,18,0
2024-02-12 03:00:00,0.87416,0.87446,0.8741,0.87441,779,19,0
2024-02-12 03:30:00,0.87441,0.87444,0.8741,0.87423,853,20,0
2024-02-12 04:00:00,0.87424,0.87444,0.8742,0.87426,857,20,0
2024-02-12 04:30:00,0.87424,0.87436,0.87406,0.87433,622,18,0
2024-02-12 05:00:00,0.87434,0.87444,0.87416,0.8744,739,18,0
2024-02-12 05:30:00,0.87441,0.87458,0.87436,0.87451,917,19,0
2024-02-12 06:00:00,0.87452,0.87454,0.8744,0.87453,644,19,0
2024-02-12 06:30:00,0.87453,0.87468,0.87449,0.87462,1081,20,0
2024-02-12 07:00:00,0.87463,0.87465,0.87421,0.87437,577,20,0
2024-02-12 07:30:00,0.87438,0.8745,0.87432,0.8744,657,19,0
2024-02-12 08:00:00,0.87439,0.8745,0.87418,0.87427,1166,17,0
2024-02-12 08:30:00,0.87428,0.87445,0.87424,0.87439,769,19,0
2024-02-12 09:00:00,0.87439,0.87448,0.87376,0.87393,1763,19,0
2024-02-12 09:30:00,0.87394,0.87422,0.87256,0.87281,1757,17,0
2024-02-12 10:00:00,0.8728,0.87371,0.8728,0.87337,2790,17,0
2024-02-12 10:30:00,0.87338,0.87488,0.87335,0.87487,1991,16,0
2024-02-12 11:00:00,0.87486,0.87533,0.87435,0.87508,1349,17,0
2024-02-12 11:30:00,0.87508,0.87547,0.87486,0.87541,1463,17,0
2024-02-12 12:00:00,0.87541,0.87585,0.87523,0.87526,1523,19,0
2024-02-12 12:30:00,0.87527,0.87528,0.87481,0.87489,1626,18,0
2024-02-12 13:00:00,0.87483,0.87532,0.87478,0.87508,1474,18,0
2024-02-12 13:30:00,0.87509,0.87529,0.87491,0.87512,1433,18,0
2024-02-12 14:00:00,0.87508,0.87538,0.8749,0.87523,1407,18,0
2024-02-12 14:30:00,0.87522,0.87597,0.87522,0.87532,1428,17,0
2024-02-12 15:00:00,0.87531,0.87596,0.87513,0.87583,1601,18,0
2024-02-12 15:30:00,0.87582,0.87716,0.87582,0.87679,2030,17,0
2024-02-12 16:00:00,0.87679,0.87683,0.87606,0.87651,1937,19,0
2024-02-12 16:30:00,0.8765,0.8768,0.87574,0.87628,2000,18,0
2024-02-12 17:00:00,0.87628,0.87719,0.87619,0.87692,1605,17,0
2024-02-12 17:30:00,0.87692,0.87706,0.87595,0.8761,1273,19,0
2024-02-12 18:00:00,0.87611,0.8763,0.87541,0.87557,2016,17,0
2024-02-12 18:30:00,0.87557,0.87599,0.87542,0.8759,1229,16,0
2024-02-12 19:00:00,0.8759,0.87591,0.87539,0.87544,1335,19,0
2024-02-12 19:30:00,0.87543,0.87573,0.87508,0.87508,1562,18,0
2024-02-12 20:00:00,0.87508,0.87544,0.87494,0.87532,1551,16,0
2024-02-12 20:30:00,0.87532,0.87535,0.87506,0.87517,1086,18,0
2024-02-12 21:00:00,0.87519,0.87561,0.87511,0.87552,1137,18,0
2024-02-12 21:30:00,0.87554,0.87609,0.87547,0.8759,1171,18,0
2024-02-12 22:00:00,0.87588,0.87589,0.8755,0.87557,1283,19,0
2024-02-12 22:30:00,0.87559,0.87566,0.87547,0.8756,1417,17,0
2024-02-12 23:00:00,0.8756,0.87563,0.87539,0.87548,321,21,0
2024-02-12 23:30:00,0.87547,0.8757,0.87547,0.87552,386,25,0
2024-02-13 00:00:00,0.87545,0.87545,0.87453,0.87513,16,43,0
2024-02-13 00:30:00,0.87515,0.8756,0.87507,0.87539,418,80,0
2024-02-13 01:00:00,0.87539,0.87572,0.87538,0.87568,209,23,0
2024-02-13 01:30:00,0.87568,0.87578,0.87564,0.87577,188,20,0
2024-02-13 02:00:00,0.87575,0.87604,0.87564,0.87601,420,19,0
2024-02-13 02:30:00,0.876,0.87601,0.87569,0.87571,617,19,0
2024-02-13 03:00:00,0.87571,0.87597,0.87563,0.87594,416,18,0
2024-02-13 03:30:00,0.87594,0.87615,0.87586,0.87607,279,18,0
2024-02-13 04:00:00,0.87607,0.87638,0.87604,0.87631,244,18,0
2024-02-13 04:30:00,0.87631,0.87645,0.87625,0.87639,292,18,0
2024-02-13 05:00:00,0.87639,0.87663,0.87632,0.87653,449,19,0
2024-02-13 05:30:00,0.87655,0.87656,0.87631,0.87644,855,20,0
2024-02-13 06:00:00,0.87644,0.87661,0.87633,0.87638,513,20,0
2024-02-13 06:30:00,0.87638,0.87647,0.87633,0.8764,578,20,0
2024-02-13 07:00:00,0.87641,0.87643,0.87605,0.87608,562,19,0
2024-02-13 07:30:00,0.87608,0.87619,0.87587,0.87602,695,17,0
2024-02-13 08:00:00,0.87602,0.87637,0.87595,0.87598,699,17,0
2024-02-13 08:30:00,0.87599,0.87602,0.87578,0.87586,857,18,0
2024-02-13 09:00:00,0.87586,0.87603,0.8754,0.8754,1481,18,0
2024-02-13 09:30:00,0.87731,0.88055,0.87712,0.87967,4197,17,0
2024-02-13 10:00:00,0.87968,0.88133,0.87948,0.88092,3403,17,0
2024-02-13 10:30:00,0.8809,0.88122,0.88008,0.8808,2760,16,0
2024-02-13 11:00:00,0.8808,0.88152,0.88069,0.88132,2478,17,0
2024-02-13 11:30:00,0.88133,0.88164,0.87944,0.8796,1897,16,0
2024-02-13 12:00:00,0.87958,0.87976,0.87862,0.87908,1781,16,0
2024-02-13 12:30:00,0.87907,0.88009,0.87892,0.88005,1272,16,0
2024-02-13 13:00:00,0.88005,0.88043,0.87936,0.87937,1483,16,0
2024-02-13 13:30:00,0.87937,0.88092,0.87922,0.88022,957,18,0
2024-02-13 14:00:00,0.88024,0.88024,0.87921,0.87929,1681,16,0
2024-02-13 14:30:00,0.8793,0.87941,0.87854,0.87876,2078,16,0
2024-02-13 15:00:00,0.87876,0.87893,0.87798,0.87813,2093,16,0
2024-02-13 15:30:00,0.88132,0.886,0.88107,0.88562,7782,16,0
2024-02-13 16:00:00,0.88562,0.88672,0.8843,0.88439,5148,16,0
2024-02-13 16:30:00,0.8844,0.88621,0.88437,0.88612,4462,16,0
2024-02-13 17:00:00,0.88606,0.88741,0.8858,0.8862,4445,16,0
2024-02-13 17:30:00,0.88619,0.88686,0.88609,0.88634,3879,16,0
2024-02-13 18:00:00,0.88636,0.88741,0.8859,0.88718,2866,16,0
2024-02-13 18:30:00,0.88718,0.88752,0.88619,0.88625,2415,17,0
2024-02-13 19:00:00,0.88624,0.88731,0.88616,0.88722,1899,17,0
2024-02-13 19:30:00,0.88722,0.8873,0.88681,0.88706,1571,16,0
2024-02-13 20:00:00,0.88705,0.88724,0.88634,0.88688,1587,17,0
2024-02-13 20:30:00,0.88689,0.88718,0.88669,0.8869,1474,16,0
2024-02-13 21:00:00,0.88694,0.88761,0.88693,0.88753,1613,17,0
2024-02-13 21:30:00,0.88752,0.88795,0.88722,0.88794,1593,17,0
2024-02-13 22:00:00,0.88793,0.88801,0.88709,0.8872,1571,16,0
2024-02-13 22:30:00,0.88717,0.88734,0.88699,0.88731,1629,17,0
2024-02-13 23:00:00,0.8873,0.88732,0.88705,0.88711,804,21,0
2024-02-13 23:30:00,0.88711,0.88713,0.88689,0.88696,401,22,0
2024-02-14 00:00:00,0.88673,0.8869,0.88642,0.88642,12,74,0
2024-02-14 00:30:00,0.88643,0.88667,0.88638,0.88666,69,44,0
2024-02-14 01:00:00,0.88666,0.8871,0.88657,0.887,1220,22,0
2024-02-14 01:30:00,0.887,0.88742,0.88696,0.88738,850,17,0
2024-02-14 02:00:00,0.88737,0.88742,0.88675,0.88682,1220,17,0
2024-02-14 02:30:00,0.88681,0.88716,0.88659,0.88715,1090,18,0
2024-02-14 03:00:00,0.88716,0.88743,0.88688,0.88717,1427,19,0
2024-02-14 03:30:00,0.88717,0.88731,0.88664,0.88671,1694,18,0
2024-02-14 04:00:00,0.8867,0.88683,0.88629,0.88637,1356,16,0
2024-02-14 04:30:00,0.88634,0.88678,0.88633,0.88673,1075,16,0
2024-02-14 05:00:00,0.88673,0.88685,0.88646,0.8865,923,18,0
2024-02-14 05:30:00,0.8865,0.88655,0.88608,0.88644,977,16,0
2024-02-14 06:00:00,0.88644,0.8865,0.88624,0.88628,312,17,0
2024-02-14 06:30:00,0.88628,0.88633,0.88604,0.88611,800,20,0
2024-02-14 07:00:00,0.88611,0.88621,0.88593,0.88601,690,18,0
2024-02-14 07:30:00,0.88602,0.88618,0.88587,0.88599,787,18,0
2024-02-14 08:00:00,0.886,0.88602,0.88573,0.88578,654,17,0
2024-02-14 08:30:00,0.88579,0.88623,0.8856,0.88604,512,17,0
2024-02-14 09:00:00,0.88604,0.88691,0.8859,0.88642,3039,17,0
2024-02-14 09:30:00,0.88642,0.88666,0.88581,0.8866,1776,17,0
2024-02-14 10:00:00,0.88661,0.88781,0.88653,0.88753,2460,16,0
2024-02-14 10:30:00,0.88754,0.88814,0.88738,0.888,1930,16,0
2024-02-14 11:00:00,0.88801,0.8885,0.88769,0.88812,1540,16,0
2024-02-14 11:30:00,0.88813,0.88814,0.887,0.88718,1490,16,0
2024-02-14 12:00:00,0.88717,0.88805,0.88704,0.88792,1605,17,0
2024-02-14 12:30:00,0.88792,0.88813,0.88719,0.88721,1556,16,0
2024-02-14 13:00:00,0.88721,0.8878,0.8869,0.88759,1230,16,0
2024-02-14 13:30:00,0.88758,0.8876,0.88684,0.88692,1540,16,0
2024-02-14 14:00:00,0.88692,0.88733,0.88669,0.88731,1463,16,0
2024-02-14 14:30:00,0.88729,0.88742,0.88654,0.88668,1662,16,0
2024-02-14 15:00:00,0.88668,0.88684,0.88576,0.88612,2129,16,0
2024-02-14 15:30:00,0.88611,0.88673,0.88569,0.88638,2667,17,0
2024-02-14 16:00:00,0.88639,0.8867,0.88608,0.88622,2420,16,0
2024-02-14 16:30:00,0.88621,0.88735,0.88562,0.88717,3669,16,0
2024-02-14 17:00:00,0.88717,0.88732,0.88636,0.88671,2498,16,0
2024-02-14 17:30:00,0.8867,0.88689,0.88611,0.88629,2194,16,0
2024-02-14 18:00:00,0.88631,0.88632,0.88541,0.88563,1953,16,0
2024-02-14 18:30:00,0.88563,0.88576,0.88506,0.88517,1261,16,0
2024-02-14 19:00:00,0.88517,0.88556,0.88516,0.88524,1367,16,0
2024-02-14 19:30:00,0.88523,0.88538,0.88478,0.88505,1170,16,0
2024-02-14 20:00:00,0.88505,0.88563,0.88464,0.88555,1269,19,0
2024-02-14 20:30:00,0.88555,0.88557,0.88498,0.88519,928,17,0
2024-02-14 21:00:00,0.88518,0.88572,0.88518,0.88566,735,17,0
2024-02-14 21:30:00,0.88566,0.88583,0.88541,0.88561,639,17,0
2024-02-14 22:00:00,0.88559,0.88587,0.88553,0.88567,699,18,0
2024-02-14 22:30:00,0.88565,0.88571,0.88545,0.88565,1110,18,0
2024-02-14 23:00:00,0.88565,0.88576,0.88547,0.8856,665,19,0
2024-02-14 23:30:00,0.8856,0.88572,0.88547,0.8857,288,23,0
2024-02-15 00:00:00,0.8857,0.8857,0.8852,0.88528,29,29,0
2024-02-15 00:30:00,0.88528,0.88549,0.88528,0.88537,60,29,0
2024-02-15 01:00:00,0.88537,0.88539,0.88508,0.88518,799,20,0
2024-02-15 01:30:00,0.88517,0.8852,0.88503,0.88517,510,18,0
2024-02-15 02:00:00,0.88517,0.88523,0.88501,0.8852,352,17,0
2024-02-15 02:30:00,0.88522,0.88556,0.88509,0.88516,1260,18,0
2024-02-15 03:00:00,0.88516,0.8855,0.88503,0.88547,923,18,0
2024-02-15 03:30:00,0.88546,0.88571,0.88535,0.88546,750,19,0
2024-02-15 04:00:00,0.88545,0.88559,0.88537,0.88545,764,18,0
2024-02-15 04:30:00,0.88544,0.88546,0.88513,0.88532,453,19,0
2024-02-15 05:00:00,0.88532,0.88535,0.88504,0.88517,519,17,0
2024-02-15 05:30:00,0.88518,0.88553,0.88508,0.88542,422,18,0
2024-02-15 06:00:00,0.88543,0.88548,0.88531,0.88537,506,19,0
2024-02-15 06:30:00,0.88537,0.88548,0.88523,0.88525,503,19,0
2024-02-15 07:00:00,0.88524,0.88532,0.88483,0.88485,560,17,0
2024-02-15 07:30:00,0.88485,0.88518,0.88476,0.88499,522,19,0
2024-02-15 08:00:00,0.88499,0.88511,0.88472,0.88492,811,16,0
2024-02-15 08:30:00,0.88491,0.88496,0.88431,0.88442,820,16,0
2024-02-15 09:00:00,0.88443,0.88454,0.88317,0.88374,1805,16,0
2024-02-15 09:30:00,0.88374,0.88424,0.88362,0.88383,1607,18,0
2024-02-15 10:00:00,0.88382,0.88432,0.88318,0.88339,2019,17,0
2024-02-15 10:30:00,0.8834,0.8837,0.88264,0.88289,1617,16,0
2024-02-15 11:00:00,0.8829,0.88334,0.88241,0.88309,1888,16,0
2024-02-15 11:30:00,0.88312,0.88336,0.88267,0.8831,1535,17,0
2024-02-15 12:00:00,0.88312,0.88353,0.88303,0.88306,1403,17,0
2024-02-15 12:30:00,0.88307,0.88325,0.88245,0.88314,1430,17,0
2024-02-15 13:00:00,0.88315,0.88321,0.88281,0.88313,1653,17,0
2024-02-15 13:30:00,0.88313,0.88327,0.8826,0.88289,1134,17,0
2024-02-15 14:00:00,0.88289,0.88305,0.88241,0.88243,1201,17,0
2024-02-15 14:30:00,0.88243,0.88255,0.8821,0.88228,1261,17,0
2024-02-15 15:00:00,0.88227,0.88271,0.88175,0.88175,1776,17,0
2024-02-15 15:30:00,0.88136,0.88207,0.87984,0.88105,6327,16,0
2024-02-15 16:00:00,0.88104,0.8816,0.8798,0.87988,3753,16,0
2024-02-15 16:30:00,0.87988,0.88048,0.87917,0.87967,3373,16,0
2024-02-15 17:00:00,0.8797,0.8797,0.87821,0.87924,2719,16,0
2024-02-15 17:30:00,0.87922,0.88056,0.87918,0.88018,2742,16,0
2024-02-15 18:00:00,0.88019,0.88125,0.88002,0.8812,2716,16,0
2024-02-15 18:30:00,0.8812,0.88131,0.88062,0.88075,2006,17,0
2024-02-15 19:00:00,0.88077,0.88093,0.88051,0.88082,1801,16,0
2024-02-15 19:30:00,0.88082,0.88083,0.88038,0.88039,1497,17,0
2024-02-15 20:00:00,0.8804,0.88058,0.88001,0.8801,1917,17,0
2024-02-15 20:30:00,0.88009,0.88029,0.87945,0.8797,1690,16,0
2024-02-15 21:00:00,0.87969,0.87974,0.87887,0.87964,1435,18,0
2024-02-15 21:30:00,0.87964,0.87992,0.87939,0.87981,1108,18,0
2024-02-15 22:00:00,0.87984,0.87987,0.87961,0.87973,1097,19,0
2024-02-15 22:30:00,0.87971,0.87996,0.87931,0.87983,1631,16,0
2024-02-15 23:00:00,0.87982,0.87997,0.87974,0.87979,740,21,0
2024-02-15 23:30:00,0.87978,0.87986,0.87971,0.87978,254,26,0
2024-02-16 00:00:00,0.8798,0.8798,0.87909,0.87959,15,40,0
2024-02-16 00:30:00,0.87934,0.87985,0.87934,0.8797,862,46,0
2024-02-16 01:00:00,0.8797,0.87976,0.87947,0.87958,375,18,0
2024-02-16 01:30:00,0.87953,0.87982,0.87953,0.87981,281,19,0
2024-02-16 02:00:00,0.8798,0.88045,0.87973,0.8804,653,20,0
2024-02-16 02:30:00,0.8804,0.88071,0.88038,0.88059,703,19,0
2024-02-16 03:00:00,0.8806,0.88097,0.88047,0.8805,764,18,0
2024-02-16 03:30:00,0.8805,0.88059,0.88033,0.8805,391,18,0
2024-02-16 04:00:00,0.88051,0.8808,0.88049,0.88068,348,19,0
2024-02-16 04:30:00,0.88068,0.88103,0.88062,0.88097,911,18,0
2024-02-16 05:00:00,0.88097,0.88105,0.88085,0.88093,741,21,0
2024-02-16 05:30:00,0.88095,0.88134,0.8809,0.88117,542,20,0
2024-02-16 06:00:00,0.88117,0.88137,0.88116,0.88126,577,20,0
2024-02-16 06:30:00,0.88127,0.88131,0.88103,0.88108,772,20,0
2024-02-16 07:00:00,0.88109,0.88117,0.88089,0.8811,816,20,0
2024-02-16 07:30:00,0.88111,0.88111,0.88087,0.88096,1447,19,0
2024-02-16 08:00:00,0.88095,0.88115,0.88084,0.88104,999,20,0
2024-02-16 08:30:00,0.88105,0.88113,0.8808,0.88082,761,19,0
2024-02-16 09:00:00,0.88081,0.8811,0.88044,0.88108,1417,19,0
2024-02-16 09:30:00,0.88108,0.88146,0.88061,0.88145,1309,20,0
2024-02-16 10:00:00,0.88145,0.88151,0.88092,0.88123,1701,16,0
2024-02-16 10:30:00,0.88123,0.88156,0.88098,0.88109,1500,18,0
2024-02-16 11:00:00,0.88109,0.88154,0.88109,0.88137,1312,18,0
2024-02-16 11:30:00,0.88138,0.88157,0.88093,0.88099,1151,17,0
2024-02-16 12:00:00,0.88098,0.88167,0.88092,0.88134,1188,19,0
2024-02-16 12:30:00,0.88135,0.88136,0.88077,0.881,1139,17,0
2024-02-16 13:00:00,0.881,0.88118,0.88067,0.88098,1354,19,0
2024-02-16 13:30:00,0.88097,0.88102,0.88013,0.88054,1462,17,0
2024-02-16 14:00:00,0.88054,0.88086,0.8803,0.88083,1160,17,0
2024-02-16 14:30:00,0.88084,0.88127,0.88061,0.88114,1187,18,0
2024-02-16 15:00:00,0.88115,0.88157,0.88101,0.88111,1406,19,0
2024-02-16 15:30:00,0.88111,0.88382,0.88111,0.88243,5291,16,0
2024-02-16 16:00:00,0.88243,0.88339,0.88178,0.88264,3402,16,0
2024-02-16 16:30:00,0.88265,0.88298,0.882,0.88243,3219,17,0
2024-02-16 17:00:00,0.88244,0.88256,0.8804,0.88127,3823,17,0
2024-02-16 17:30:00,0.88126,0.88166,0.88007,0.88082,3185,17,0
2024-02-16 18:00:00,0.88081,0.88095,0.8801,0.88036,2132,18,0
2024-02-16 18:30:00,0.88034,0.88143,0.88033,0.88128,1431,17,0
2024-02-16 19:00:00,0.88128,0.88224,0.88128,0.88211,1102,16,0
2024-02-16 19:30:00,0.88211,0.88216,0.88069,0.88072,1246,18,0
2024-02-16 20:00:00,0.88073,0.88102,0.88056,0.88071,1390,19,0
2024-02-16 20:30:00,0.88072,0.88088,0.87984,0.88001,1457,17,0
2024-02-16 21:00:00,0.87999,0.88009,0.87969,0.88005,1165,18,0
2024-02-16 21:30:00,0.88004,0.88093,0.88002,0.8809,1855,19,0
2024-02-16 22:00:00,0.88089,0.88125,0.88085,0.88098,1524,18,0
2024-02-16 22:30:00,0.88098,0.88116,0.8807,0.88101,1459,17,0
2024-02-16 23:00:00,0.88101,0.8812,0.88067,0.88073,1259,20,0
2024-02-16 23:30:00,0.88073,0.88097,0.88032,0.88059,1514,22,0
2024-02-19 00:00:00,0.87938,0.87938,0.87938,0.87938,1,120,0
2024-02-19 00:30:00,0.8806,0.88091,0.8806,0.88074,124,56,0
2024-02-19 01:00:00,0.8806,0.88094,0.88028,0.8807,669,21,0
2024-02-19 01:30:00,0.8807,0.88081,0.88053,0.88063,618,20,0
2024-02-19 02:00:00,0.88064,0.88065,0.87974,0.87991,784,18,0
2024-02-19 02:30:00,0.87992,0.88003,0.87961,0.87965,925,19,0
2024-02-19 03:00:00,0.87966,0.88009,0.87958,0.88009,1198,20,0
2024-02-19 03:30:00,0.8801,0.88062,0.8801,0.8806,939,17,0
2024-02-19 04:00:00,0.88061,0.88074,0.88042,0.88068,931,19,0
2024-02-19 04:30:00,0.88068,0.8809,0.88064,0.88075,311,18,0
2024-02-19 05:00:00,0.88077,0.88099,0.88068,0.8809,647,17,0
2024-02-19 05:30:00,0.8809,0.88148,0.88087,0.88147,520,16,0
2024-02-19 06:00:00,0.88147,0.88154,0.88106,0.88119,764,20,0
2024-02-19 06:30:00,0.88118,0.88125,0.88094,0.88108,860,19,0
2024-02-19 07:00:00,0.88108,0.88108,0.8807,0.88076,731,18,0
2024-02-19 07:30:00,0.88076,0.881,0.88063,0.88083,674,19,0
2024-02-19 08:00:00,0.88082,0.88123,0.88082,0.88107,739,18,0
2024-02-19 08:30:00,0.88107,0.88139,0.88071,0.88097,830,17,0
2024-02-19 09:00:00,0.88098,0.88098,0.88049,0.88077,1316,18,0
2024-02-19 09:30:00,0.88076,0.88138,0.88066,0.88129,1174,19,0
2024-02-19 10:00:00,0.88128,0.88138,0.88076,0.88091,2125,17,0
2024-02-19 10:30:00,0.88091,0.88159,0.88091,0.88147,1650,17,0
2024-02-19 11:00:00,0.88146,0.88149,0.88002,0.8804,2338,17,0
2024-02-19 11:30:00,0.88039,0.88123,0.88039,0.88106,1167,17,0
2024-02-19 12:00:00,0.88105,0.88119,0.88047,0.88054,1285,19,0
2024-02-19 12:30:00,0.88054,0.88084,0.88042,0.88079,1118,18,0
2024-02-19 13:00:00,0.8808,0.8809,0.88014,0.88017,726,18,0
2024-02-19 13:30:00,0.88017,0.88034,0.88002,0.88023,1386,18,0
2024-02-19 14:00:00,0.88024,0.88036,0.87988,0.88026,1231,16,0
2024-02-19 14:30:00,0.88026,0.88115,0.88024,0.88106,978,18,0
2024-02-19 15:00:00,0.88106,0.88117,0.88041,0.88111,1067,18,0
2024-02-19 15:30:00,0.88112,0.8813,0.88069,0.88103,1438,18,0
2024-02-19 16:00:00,0.88103,0.88148,0.88088,0.88112,1220,18,0
2024-02-19 16:30:00,0.88113,0.8816,0.88111,0.88153,1336,18,0
2024-02-19 17:00:00,0.88153,0.88172,0.88133,0.88165,1378,18,0
2024-02-19 17:30:00,0.88165,0.88199,0.88146,0.88191,1291,17,0
2024-02-19 18:00:00,0.88193,0.88206,0.88158,0.8816,1255,17,0
2024-02-19 18:30:00,0.8816,0.88193,0.8816,0.88177,576,18,0
2024-02-19 19:00:00,0.88177,0.88216,0.88163,0.88195,547,18,0
2024-02-19 19:30:00,0.88194,0.8827,0.88167,0.88269,681,17,0
2024-02-19 20:00:00,0.8827,0.88271,0.88205,0.88231,514,16,0
2024-02-19 20:30:00,0.88231,0.88248,0.88227,0.88239,474,18,0
2024-02-19 21:00:00,0.88239,0.8825,0.88228,0.88246,563,20,0
2024-02-19 21:30:00,0.88247,0.88252,0.88234,0.88248,1175,18,0
2024-02-19 22:00:00,0.88247,0.88259,0.88243,0.88248,514,18,0
2024-02-19 22:30:00,0.88248,0.88258,0.88211,0.88219,203,19,0
2024-02-19 23:00:00,0.88219,0.88234,0.88189,0.88191,239,23,0
2024-02-19 23:30:00,0.88192,0.8823,0.88185,0.88186,252,27,0
2024-02-20 00:00:00,0.88193,0.88212,0.8819,0.88197,25,77,0
2024-02-20 00:30:00,0.88197,0.88227,0.8818,0.88193,1323,53,0
2024-02-20 01:00:00,0.88192,0.88274,0.8819,0.8827,1097,22,0
2024-02-20 01:30:00,0.88271,0.88284,0.88258,0.88269,556,21,0
2024-02-20 02:00:00,0.88269,0.88291,0.88253,0.88272,627,19,0
2024-02-20 02:30:00,0.88272,0.883,0.88263,0.88279,511,19,0
2024-02-20 03:00:00,0.88279,0.88316,0.88266,0.88267,973,19,0
2024-02-20 03:30:00,0.88267,0.88302,0.88259,0.88297,1324,18,0
2024-02-20 04:00:00,0.88298,0.88328,0.88296,0.88302,963,18,0
2024-02-20 04:30:00,0.88302,0.88323,0.88295,0.88299,837,19,0
2024-02-20 05:00:00,0.88298,0.88307,0.88282,0.88284,919,18,0
2024-02-20 05:30:00,0.88285,0.88292,0.88265,0.88283,654,20,0
2024-02-20 06:00:00,0.88283,0.88283,0.88249,0.88252,811,20,0
2024-02-20 06:30:00,0.88252,0.88262,0.88247,0.88256,581,21,0
2024-02-20 07:00:00,0.88253,0.88287,0.88241,0.88283,728,18,0
2024-02-20 07:30:00,0.88283,0.88313,0.88278,0.88281,823,19,0
2024-02-20 08:00:00,0.88282,0.88295,0.88255,0.88259,793,16,0
2024-02-20 08:30:00,0.88259,0.88285,0.88251,0.88281,819,21,0
2024-02-20 09:00:00,0.8828,0.88331,0.88253,0.88295,1268,18,0
2024-02-20 09:30:00,0.88294,0.88335,0.88278,0.88335,1153,16,0
2024-02-20 10:00:00,0.88333,0.88369,0.88277,0.88294,1875,17,0
2024-02-20 10:30:00,0.88295,0.88344,0.88247,0.88267,1850,18,0
2024-02-20 11:00:00,0.88269,0.88295,0.88203,0.88216,1560,17,0
2024-02-20 11:30:00,0.88214,0.88231,0.88139,0.88161,1289,18,0
2024-02-20 12:00:00,0.88161,0.8818,0.88087,0.88088,1156,17,0
2024-02-20 12:30:00,0.88089,0.88122,0.88044,0.88103,1651,18,0
2024-02-20 13:00:00,0.88102,0.88201,0.88099,0.88192,1240,19,0
2024-02-20 13:30:00,0.88192,0.88194,0.88131,0.88146,1421,18,0
2024-02-20 14:00:00,0.88145,0.88211,0.88139,0.88175,1339,16,0
2024-02-20 14:30:00,0.88175,0.88249,0.88164,0.88234,1452,17,0
2024-02-20 15:00:00,0.88235,0.88239,0.88072,0.88093,2417,17,0
2024-02-20 15:30:00,0.88089,0.88096,0.87947,0.87969,2592,17,0
2024-02-20 16:00:00,0.87967,0.88062,0.87886,0.87922,2375,16,0
2024-02-20 16:30:00,0.87924,0.87989,0.87848,0.87958,2902,17,0
2024-02-20 17:00:00,0.87958,0.8803,0.87913,0.87962,3082,18,0
2024-02-20 17:30:00,0.87963,0.88079,0.87953,0.8799,2754,16,0
2024-02-20 18:00:00,0.87989,0.88047,0.87982,0.88014,2262,16,0
2024-02-20 18:30:00,0.88013,0.88065,0.87998,0.88064,1685,16,0
2024-02-20 19:00:00,0.88064,0.88089,0.88042,0.88084,1446,18,0
2024-02-20 19:30:00,0.88083,0.88123,0.88075,0.88114,1446,17,0
2024-02-20 20:00:00,0.88113,0.88142,0.88102,0.88118,1335,18,0
2024-02-20 20:30:00,0.88118,0.88163,0.88114,0.8815,1523,18,0
2024-02-20 21:00:00,0.88151,0.88176,0.88112,0.88133,998,17,0
2024-02-20 21:30:00,0.88132,0.88168,0.88126,0.88165,1628,19,0
2024-02-20 22:00:00,0.88161,0.88188,0.88126,0.8813,1436,18,0
2024-02-20 22:30:00,0.88132,0.88147,0.88106,0.88124,1483,18,0
2024-02-20 23:00:00,0.88123,0.88201,0.8812,0.88193,543,20,0
2024-02-20 23:30:00,0.88194,0.88195,0.88169,0.88171,368,24,0
2024-02-21 00:00:00,0.88113,0.88147,0.88109,0.8814,105,62,0
2024-02-21 00:30:00,0.88137,0.88168,0.88104,0.88133,446,48,0
2024-02-21 01:00:00,0.88135,0.88196,0.88134,0.88178,656,20,0
2024-02-21 01:30:00,0.8818,0.88194,0.88171,0.8818,249,19,0
2024-02-21 02:00:00,0.8818,0.88192,0.88161,0.88169,686,17,0
2024-02-21 02:30:00,0.88168,0.88175,0.88146,0.88161,648,19,0
2024-02-21 03:00:00,0.88162,0.88186,0.88158,0.88168,962,19,0
2024-02-21 03:30:00,0.88168,0.88178,0.8813,0.88137,1298,17,0
2024-02-21 04:00:00,0.88137,0.88141,0.88103,0.8811,981,20,0
2024-02-21 04:30:00,0.88112,0.88118,0.88065,0.88088,1189,19,0
2024-02-21 05:00:00,0.88087,0.8809,0.88058,0.88077,872,19,0
2024-02-21 05:30:00,0.88076,0.88086,0.88038,0.88049,720,19,0
2024-02-21 06:00:00,0.88048,0.88078,0.88045,0.88073,624,21,0
2024-02-21 06:30:00,0.88071,0.88092,0.88066,0.88088,503,21,0
2024-02-21 07:00:00,0.88089,0.88091,0.88071,0.88074,683,17,0
2024-02-21 07:30:00,0.88073,0.8808,0.88047,0.8806,715,19,0
2024-02-21 08:00:00,0.88059,0.88122,0.88057,0.88122,881,19,0
2024-02-21 08:30:00,0.88118,0.88147,0.88104,0.88114,847,19,0
2024-02-21 09:00:00,0.88113,0.88128,0.88081,0.88115,1315,18,0
2024-02-21 09:30:00,0.88115,0.88147,0.88052,0.881,1313,16,0
2024-02-21 10:00:00,0.881,0.88146,0.88083,0.88138,1914,18,0
2024-02-21 10:30:00,0.88138,0.88174,0.88092,0.881,1624,17,0
2024-02-21 11:00:00,0.88101,0.8815,0.88071,0.88078,1684,17,0
2024-02-21 11:30:00,0.88077,0.88082,0.88024,0.88049,1210,18,0
2024-02-21 12:00:00,0.88051,0.88079,0.87955,0.88016,1447,17,0
2024-02-21 12:30:00,0.88016,0.88054,0.88007,0.88029,1225,19,0
2024-02-21 13:00:00,0.88029,0.88068,0.87996,0.8806,1048,19,0
2024-02-21 13:30:00,0.8806,0.88061,0.88009,0.88019,670,17,0
2024-02-21 14:00:00,0.88014,0.88033,0.87956,0.88013,1757,18,0
2024-02-21 14:30:00,0.88013,0.88036,0.87992,0.88021,1271,16,0
2024-02-21 15:00:00,0.88022,0.88028,0.87961,0.88013,1803,19,0
2024-02-21 15:30:00,0.88015,0.88015,0.87953,0.87992,1914,18,0
2024-02-21 16:00:00,0.87991,0.88002,0.87959,0.87997,1486,18,0
2024-02-21 16:30:00,0.87997,0.88019,0.87944,0.87974,1587,16,0
2024-02-21 17:00:00,0.87973,0.88027,0.87919,0.8802,1872,17,0
2024-02-21 17:30:00,0.8802,0.88079,0.87986,0.88078,1906,17,0
2024-02-21 18:00:00,0.88078,0.88111,0.88002,0.88003,1784,17,0
2024-02-21 18:30:00,0.88004,0.88005,0.87933,0.87984,1371,18,0
2024-02-21 19:00:00,0.87984,0.88073,0.87983,0.88067,1362,17,0
2024-02-21 19:30:00,0.88067,0.88077,0.88029,0.88045,1331,19,0
2024-02-21 20:00:00,0.88043,0.88107,0.8802,0.88032,2178,17,0
2024-02-21 20:30:00,0.88033,0.8804,0.87979,0.87979,1402,19,0
2024-02-21 21:00:00,0.8798,0.88055,0.87874,0.87938,3202,17,0
2024-02-21 21:30:00,0.87938,0.87995,0.87917,0.87965,1869,17,0
2024-02-21 22:00:00,0.87965,0.87979,0.87947,0.87951,1794,17,0
2024-02-21 22:30:00,0.87952,0.87959,0.87909,0.87954,2331,18,0
2024-02-21 23:00:00,0.87953,0.87977,0.87944,0.87951,1159,20,0
2024-02-21 23:30:00,0.8795,0.87955,0.87933,0.87938,1029,24,0
2024-02-22 00:00:00,0.87936,0.87944,0.87877,0.87944,137,24,0
2024-02-22 00:30:00,0.87943,0.87964,0.87894,0.87923,782,29,0
2024-02-22 01:00:00,0.87922,0.8793,0.87907,0.87913,424,21,0
2024-02-22 01:30:00,0.87912,0.87936,0.8791,0.87911,352,18,0
2024-02-22 02:00:00,0.87911,0.87937,0.87894,0.87901,752,20,0
2024-02-22 02:30:00,0.879,0.87903,0.87825,0.87828,916,18,0
2024-02-22 03:00:00,0.87827,0.87883,0.87816,0.87842,1168,17,0
2024-02-22 03:30:00,0.87841,0.8788,0.87832,0.87879,1305,17,0
2024-02-22 04:00:00,0.87879,0.87932,0.87876,0.87896,881,18,0
2024-02-22 04:30:00,0.87896,0.87902,0.87868,0.87872,570,17,0
2024-02-22 05:00:00,0.87872,0.87894,0.87864,0.87882,625,19,0
2024-02-22 05:30:00,0.87882,0.87895,0.87876,0.87882,944,18,0
2024-02-22 06:00:00,0.87881,0.87894,0.87845,0.87847,746,19,0
2024-02-22 06:30:00,0.87846,0.87858,0.87828,0.87832,667,19,0
2024-02-22 07:00:00,0.87834,0.87837,0.87785,0.87818,635,16,0
2024-02-22 07:30:00,0.87821,0.87824,0.87754,0.87801,587,17,0
2024-02-22 08:00:00,0.87801,0.87803,0.8776,0.87789,1082,18,0
2024-02-22 08:30:00,0.87789,0.8779,0.87715,0.87715,619,18,0
2024-02-22 09:00:00,0.87714,0.87769,0.87609,0.87611,2258,17,0
2024-02-22 09:30:00,0.87611,0.87611,0.87496,0.87596,2096,17,0
2024-02-22 10:00:00,0.87594,0.87599,0.87413,0.8747,3095,16,0
2024-02-22 10:30:00,0.87469,0.87587,0.87464,0.87517,3141,19,0
2024-02-22 11:00:00,0.87522,0.87678,0.87515,0.87652,2021,18,0
2024-02-22 11:30:00,0.87652,0.87722,0.87643,0.87703,2077,18,0
2024-02-22 12:00:00,0.87704,0.87788,0.87699,0.87757,1841,16,0
2024-02-22 12:30:00,0.87758,0.87781,0.87686,0.87715,1714,17,0
2024-02-22 13:00:00,0.87714,0.87863,0.87714,0.87801,1664,16,0
2024-02-22 13:30:00,0.878,0.878,0.87745,0.87779,1638,16,0
2024-02-22 14:00:00,0.8778,0.87822,0.87754,0.87821,1205,17,0
2024-02-22 14:30:00,0.87822,0.87944,0.87809,0.87915,1697,16,0
2024-02-22 15:00:00,0.87916,0.87971,0.87857,0.87931,2050,18,0
2024-02-22 15:30:00,0.87942,0.88038,0.87913,0.88014,3940,18,0
2024-02-22 16:00:00,0.88015,0.88106,0.88006,0.88093,2880,17,0
2024-02-22 16:30:00,0.88094,0.88182,0.88006,0.88022,4369,16,0
2024-02-22 17:00:00,0.8802,0.88173,0.8802,0.88113,3437,16,0
2024-02-22 17:30:00,0.88113,0.88189,0.88029,0.88181,3087,17,0
2024-02-22 18:00:00,0.8818,0.88206,0.88098,0.8816,2620,17,0
2024-02-22 18:30:00,0.88158,0.88177,0.88121,0.88154,2038,19,0
2024-02-22 19:00:00,0.88155,0.88203,0.88122,0.88126,1532,16,0
2024-02-22 19:30:00,0.88126,0.88148,0.88103,0.88147,1412,18,0
2024-02-22 20:00:00,0.88146,0.88166,0.88097,0.88114,1568,17,0
2024-02-22 20:30:00,0.88113,0.88121,0.88066,0.88095,1812,18,0
2024-02-22 21:00:00,0.88095,0.88118,0.88093,0.88111,1685,20,0
2024-02-22 21:30:00,0.8811,0.88136,0.88079,0.88095,1650,18,0
2024-02-22 22:00:00,0.88097,0.88117,0.88034,0.88053,1548,17,0
2024-02-22 22:30:00,0.88052,0.88065,0.8799,0.87992,1708,17,0
2024-02-22 23:00:00,0.87992,0.88025,0.8799,0.88013,547,20,0
2024-02-22 23:30:00,0.88012,0.88033,0.88004,0.88004,539,24,0
2024-02-23 00:00:00,0.87986,0.87996,0.87944,0.87986,106,45,0
2024-02-23 00:30:00,0.87986,0.88007,0.87972,0.87998,1316,30,0
2024-02-23 01:00:00,0.87999,0.88018,0.87986,0.87992,547,22,0
2024-02-23 01:30:00,0.87995,0.88005,0.87989,0.87994,381,19,0
2024-02-23 02:00:00,0.87994,0.88,0.87973,0.87985,696,19,0
2024-02-23 02:30:00,0.87984,0.88081,0.87983,0.88037,1708,17,0
2024-02-23 03:00:00,0.88039,0.88039,0.87992,0.88018,719,16,0
2024-02-23 03:30:00,0.88017,0.88042,0.87999,0.88025,795,19,0
2024-02-23 04:00:00,0.88025,0.88042,0.88006,0.88021,706,19,0
2024-02-23 04:30:00,0.88022,0.88042,0.88012,0.8804,721,20,0
2024-02-23 05:00:00,0.8804,0.88063,0.88035,0.88052,435,16,0
2024-02-23 05:30:00,0.88053,0.88059,0.88036,0.8804,381,20,0
2024-02-23 06:00:00,0.88041,0.88044,0.88018,0.88018,257,21,0
2024-02-23 06:30:00,0.88019,0.88037,0.88007,0.88034,252,21,0
2024-02-23 07:00:00,0.88034,0.88051,0.88031,0.8805,757,19,0
2024-02-23 07:30:00,0.88051,0.88092,0.88047,0.88074,485,19,0
2024-02-23 08:00:00,0.88075,0.8808,0.88047,0.88058,676,21,0
2024-02-23 08:30:00,0.88058,0.8808,0.88023,0.88035,793,20,0
2024-02-23 09:00:00,0.88036,0.88063,0.88021,0.88031,1506,19,0
2024-02-23 09:30:00,0.8803,0.88084,0.88027,0.88041,1299,18,0
2024-02-23 10:00:00,0.88042,0.88077,0.88014,0.88072,1761,18,0
2024-02-23 10:30:00,0.88073,0.88138,0.88072,0.88107,1462,16,0
2024-02-23 11:00:00,0.88107,0.88159,0.88091,0.88156,1141,16,0
2024-02-23 11:30:00,0.88156,0.88187,0.88145,0.88153,1439,17,0
2024-02-23 12:00:00,0.88153,0.88158,0.88095,0.88107,1521,17,0
2024-02-23 12:30:00,0.88109,0.88133,0.88062,0.88082,1567,17,0
2024-02-23 13:00:00,0.88083,0.88099,0.88011,0.88019,1277,18,0
2024-02-23 13:30:00,0.8802,0.88038,0.87982,0.88007,1478,18,0
2024-02-23 14:00:00,0.88004,0.88008,0.87897,0.87901,1525,18,0
2024-02-23 14:30:00,0.87901,0.87902,0.87803,0.87832,2130,17,0
2024-02-23 15:00:00,0.87833,0.87949,0.87833,0.87941,2109,18,0
2024-02-23 15:30:00,0.87941,0.87997,0.8793,0.87972,1860,18,0
2024-02-23 16:00:00,0.87976,0.8804,0.87953,0.87999,1618,17,0
2024-02-23 16:30:00,0.87999,0.88038,0.87959,0.88006,2387,17,0
2024-02-23 17:00:00,0.88005,0.88137,0.88001,0.88123,2973,17,0
2024-02-23 17:30:00,0.88123,0.88158,0.88077,0.88087,2245,18,0
2024-02-23 18:00:00,0.88085,0.88169,0.88074,0.88097,2302,16,0
2024-02-23 18:30:00,0.88096,0.88097,0.88018,0.88037,2360,18,0
2024-02-23 19:00:00,0.88038,0.88068,0.88019,0.88063,1540,17,0
2024-02-23 19:30:00,0.88063,0.88072,0.88044,0.88051,1339,16,0
2024-02-23 20:00:00,0.8805,0.88073,0.88025,0.8803,370,16,0
2024-02-23 20:30:00,0.88031,0.88067,0.88022,0.88067,517,18,0
2024-02-23 21:00:00,0.88067,0.88104,0.88066,0.88092,1205,18,0
2024-02-23 21:30:00,0.88093,0.88133,0.88082,0.88108,1112,18,0
2024-02-23 22:00:00,0.88108,0.88128,0.88095,0.88122,1364,19,0
2024-02-23 22:30:00,0.88122,0.88136,0.88099,0.88105,1113,17,0
2024-02-23 23:00:00,0.88104,0.88116,0.88096,0.881,731,20,0
2024-02-23 23:30:00,0.88101,0.88122,0.88069,0.88101,997,22,0
2024-02-26 00:00:00,0.87986,0.88047,0.87974,0.88033,9,104,0
2024-02-26 00:30:00,0.88043,0.88064,0.88021,0.88021,30,83,0
2024-02-26 01:00:00,0.88024,0.88105,0.88024,0.88101,304,19,0
2024-02-26 01:30:00,0.88104,0.88134,0.88102,0.8812,773,17,0
2024-02-26 02:00:00,0.88123,0.88148,0.88108,0.88137,1113,16,0
2024-02-26 02:30:00,0.88138,0.88179,0.88123,0.88177,1040,16,0
2024-02-26 03:00:00,0.88177,0.88192,0.88152,0.8817,531,18,0
2024-02-26 03:30:00,0.8817,0.88173,0.88124,0.88152,1020,20,0
2024-02-26 04:00:00,0.88153,0.88201,0.88145,0.88189,1270,18,0
2024-02-26 04:30:00,0.88189,0.88211,0.8816,0.88164,979,19,0
2024-02-26 05:00:00,0.88163,0.88171,0.88136,0.88142,917,19,0
2024-02-26 05:30:00,0.88141,0.88145,0.88126,0.88129,666,18,0
2024-02-26 06:00:00,0.8813,0.88139,0.88087,0.88094,512,18,0
2024-02-26 06:30:00,0.88094,0.88121,0.88068,0.88105,569,18,0
2024-02-26 07:00:00,0.88106,0.88118,0.88091,0.88112,643,19,0
2024-02-26 07:30:00,0.88112,0.88116,0.88071,0.88083,626,19,0
2024-02-26 08:00:00,0.88083,0.88103,0.88073,0.88075,759,19,0
2024-02-26 08:30:00,0.88073,0.88098,0.88064,0.88073,708,17,0
2024-02-26 09:00:00,0.88075,0.88101,0.88039,0.88041,1327,19,0
2024-02-26 09:30:00,0.8804,0.88076,0.88025,0.88054,1631,19,0
2024-02-26 10:00:00,0.88055,0.88088,0.88034,0.88046,1948,19,0
2024-02-26 10:30:00,0.88043,0.88066,0.88018,0.88066,1760,19,0
2024-02-26 11:00:00,0.88066,0.88126,0.88063,0.88089,1266,17,0
2024-02-26 11:30:00,0.88088,0.88088,0.8797,0.8797,1367,18,0
2024-02-26 12:00:00,0.8797,0.88021,0.87909,0.87913,1856,17,0
2024-02-26 12:30:00,0.87913,0.87956,0.87893,0.8793,1429,16,0
2024-02-26 13:00:00,0.87931,0.87951,0.8787,0.87885,1390,18,0
2024-02-26 13:30:00,0.87884,0.87991,0.87882,0.87962,1084,18,0
2024-02-26 14:00:00,0.87958,0.87967,0.8792,0.87955,1446,19,0
2024-02-26 14:30:00,0.87954,0.87995,0.87931,0.87987,1520,20,0
2024-02-26 15:00:00,0.87988,0.88001,0.87938,0.87954,2327,19,0
2024-02-26 15:30:00,0.87953,0.87974,0.87908,0.87918,1857,17,0
2024-02-26 16:00:00,0.87918,0.88026,0.879,0.87995,1987,17,0
2024-02-26 16:30:00,0.87994,0.88077,0.87991,0.88044,1774,16,0
2024-02-26 17:00:00,0.88043,0.88131,0.88023,0.88086,2359,18,0
2024-02-26 17:30:00,0.88084,0.88093,0.88009,0.88049,1911,17,0
2024-02-26 18:00:00,0.88051,0.88083,0.88031,0.8806,2349,16,0
2024-02-26 18:30:00,0.8806,0.88078,0.87997,0.88004,2010,18,0
2024-02-26 19:00:00,0.88003,0.88053,0.87994,0.88036,1308,18,0
2024-02-26 19:30:00,0.88035,0.88092,0.88028,0.88072,963,17,0
2024-02-26 20:00:00,0.88073,0.8811,0.88066,0.88099,1433,17,0
2024-02-26 20:30:00,0.88098,0.88116,0.88088,0.88092,896,19,0
2024-02-26 21:00:00,0.88092,0.88105,0.88074,0.88087,829,17,0
2024-02-26 21:30:00,0.88087,0.88093,0.88061,0.88077,1093,19,0
2024-02-26 22:00:00,0.88077,0.8808,0.88009,0.8802,1285,18,0
2024-02-26 22:30:00,0.88019,0.88022,0.87988,0.88003,882,17,0
2024-02-26 23:00:00,0.88008,0.88013,0.87991,0.8801,195,18,0
2024-02-26 23:30:00,0.88009,0.88015,0.87985,0.87987,430,22,0
2024-02-27 00:00:00,0.8798,0.87992,0.87945,0.87971,69,44,0
2024-02-27 00:30:00,0.87971,0.87988,0.87959,0.87967,1152,53,0
2024-02-27 01:00:00,0.87964,0.88004,0.87959,0.88001,246,22,0
2024-02-27 01:30:00,0.87997,0.88,0.87984,0.87999,156,19,0
2024-02-27 02:00:00,0.87999,0.88028,0.87995,0.88012,228,16,0
2024-02-27 02:30:00,0.88013,0.88048,0.8801,0.88039,232,18,0
2024-02-27 03:00:00,0.88039,0.88062,0.88034,0.88045,348,17,0
2024-02-27 03:30:00,0.88043,0.88052,0.88006,0.88016,654,17,0
2024-02-27 04:00:00,0.88011,0.88028,0.87971,0.88012,870,19,0
2024-02-27 04:30:00,0.88011,0.88016,0.87987,0.87993,643,19,0
2024-02-27 05:00:00,0.87992,0.88012,0.87982,0.87993,431,19,0
2024-02-27 05:30:00,0.8799,0.8799,0.87946,0.87947,563,19,0
2024-02-27 06:00:00,0.87947,0.87957,0.87917,0.87917,607,17,0
2024-02-27 06:30:00,0.87919,0.87968,0.87909,0.87954,332,19,0
2024-02-27 07:00:00,0.87952,0.87984,0.87946,0.87981,660,19,0
2024-02-27 07:30:00,0.87982,0.88002,0.87968,0.87973,753,18,0
2024-02-27 08:00:00,0.87972,0.88007,0.87966,0.87991,925,18,0
2024-02-27 08:30:00,0.87992,0.87996,0.87951,0.87965,1119,18,0
2024-02-27 09:00:00,0.87967,0.87975,0.87876,0.8788,1315,18,0
2024-02-27 09:30:00,0.87871,0.87895,0.87836,0.87888,1686,18,0
2024-02-27 10:00:00,0.87887,0.8794,0.87874,0.87922,2022,16,0
2024-02-27 10:30:00,0.87921,0.8796,0.87871,0.87907,2062,17,0
2024-02-27 11:00:00,0.87907,0.87933,0.87852,0.87925,1778,16,0
2024-02-27 11:30:00,0.87924,0.87974,0.87921,0.87956,1695,19,0
2024-02-27 12:00:00,0.87955,0.8807,0.87955,0.88057,1583,16,0
2024-02-27 12:30:00,0.88058,0.88058,0.87953,0.87963,1603,16,0
2024-02-27 13:00:00,0.87963,0.88041,0.87959,0.88026,1221,17,0
2024-02-27 13:30:00,0.88026,0.88045,0.8797,0.87973,1481,17,0
2024-02-27 14:00:00,0.87972,0.87978,0.87888,0.8791,1659,18,0
2024-02-27 14:30:00,0.87909,0.87921,0.8784,0.8791,1936,19,0
2024-02-27 15:00:00,0.87909,0.87955,0.87892,0.87951,2223,18,0
2024-02-27 15:30:00,0.87951,0.88012,0.87879,0.87975,2955,18,0
2024-02-27 16:00:00,0.87976,0.8802,0.87946,0.87953,2044,16,0
2024-02-27 16:30:00,0.87953,0.88008,0.87933,0.87968,1841,17,0
2024-02-27 17:00:00,0.87968,0.88054,0.87902,0.88036,1907,17,0
2024-02-27 17:30:00,0.88035,0.88096,0.87908,0.8792,2129,16,0
2024-02-27 18:00:00,0.8792,0.87938,0.87858,0.87893,2230,17,0
2024-02-27 18:30:00,0.87895,0.87949,0.87882,0.87919,1408,16,0
2024-02-27 19:00:00,0.87919,0.87989,0.87911,0.87957,755,18,0
2024-02-27 19:30:00,0.87957,0.87974,0.8792,0.8797,1207,18,0
2024-02-27 20:00:00,0.87969,0.87986,0.8789,0.87932,2231,17,0
2024-02-27 20:30:00,0.87931,0.87963,0.87921,0.87954,1570,20,0
2024-02-27 21:00:00,0.87953,0.88011,0.87951,0.8799,1216,20,0
2024-02-27 21:30:00,0.87989,0.88012,0.87953,0.87964,1176,18,0
2024-02-27 22:00:00,0.87966,0.87976,0.87929,0.87939,1163,19,0
2024-02-27 22:30:00,0.87939,0.87943,0.87907,0.87942,1215,20,0
2024-02-27 23:00:00,0.87944,0.87945,0.87857,0.87861,693,20,0
2024-02-27 23:30:00,0.87861,0.8787,0.87838,0.87847,480,22,0
2024-02-28 00:00:00,0.87846,0.87863,0.87829,0.87845,108,40,0
2024-02-28 00:30:00,0.87845,0.87875,0.87836,0.87852,1074,22,0
2024-02-28 01:00:00,0.8787,0.8788,0.87853,0.87874,470,20,0
2024-02-28 01:30:00,0.87872,0.87896,0.87869,0.87893,286,17,0
2024-02-28 02:00:00,0.87891,0.87928,0.87887,0.87913,322,19,0
2024-02-28 02:30:00,0.87919,0.87932,0.87895,0.87909,553,19,0
2024-02-28 03:00:00,0.8791,0.87948,0.87899,0.87929,1309,16,0
2024-02-28 03:30:00,0.87929,0.87954,0.87903,0.87909,811,18,0
2024-02-28 04:00:00,0.87909,0.87948,0.87905,0.87928,1225,16,0
2024-02-28 04:30:00,0.87928,0.87955,0.87918,0.87952,1093,19,0
2024-02-28 05:00:00,0.87952,0.87991,0.87947,0.87987,1098,17,0
2024-02-28 05:30:00,0.87985,0.87985,0.87939,0.87947,925,19,0
2024-02-28 06:00:00,0.87947,0.87995,0.87937,0.87989,710,19,0
2024-02-28 06:30:00,0.87989,0.88013,0.87984,0.87995,650,18,0
2024-02-28 07:00:00,0.87996,0.88015,0.87986,0.88008,583,20,0
2024-02-28 07:30:00,0.88009,0.88044,0.88009,0.88016,684,17,0
2024-02-28 08:00:00,0.88017,0.8802,0.88001,0.88011,977,18,0
2024-02-28 08:30:00,0.88009,0.88054,0.88009,0.88034,838,18,0
2024-02-28 09:00:00,0.88036,0.88098,0.88025,0.88093,910,19,0
2024-02-28 09:30:00,0.88094,0.88126,0.88056,0.8807,1437,18,0
2024-02-28 10:00:00,0.8807,0.88103,0.8806,0.8809,2011,19,0
2024-02-28 10:30:00,0.8809,0.88114,0.88042,0.88088,1115,17,0
2024-02-28 11:00:00,0.88087,0.88129,0.88056,0.88089,1886,16,0
2024-02-28 11:30:00,0.8809,0.88148,0.88067,0.88128,2303,16,0
2024-02-28 12:00:00,0.88127,0.88138,0.87999,0.88007,1687,18,0
2024-02-28 12:30:00,0.88007,0.88012,0.87948,0.87999,1962,18,0
2024-02-28 13:00:00,0.88,0.88039,0.87987,0.87998,1392,19,0
2024-02-28 13:30:00,0.87998,0.88014,0.87977,0.87997,1343,18,0
2024-02-28 14:00:00,0.87996,0.88001,0.8793,0.87974,1381,18,0
2024-02-28 14:30:00,0.87974,0.88095,0.87965,0.88095,1596,18,0
2024-02-28 15:00:00,0.88096,0.88098,0.87997,0.88022,1842,17,0
2024-02-28 15:30:00,0.8802,0.88067,0.87956,0.88004,3687,17,0
2024-02-28 16:00:00,0.88005,0.88027,0.87913,0.87956,2938,17,0
2024-02-28 16:30:00,0.87954,0.88057,0.87953,0.8802,2952,17,0
2024-02-28 17:00:00,0.88021,0.88039,0.87978,0.88003,2113,17,0
2024-02-28 17:30:00,0.88005,0.88042,0.87987,0.87998,2070,18,0
2024-02-28 18:00:00,0.87999,0.88008,0.87961,0.87964,2240,18,0
2024-02-28 18:30:00,0.87963,0.87976,0.87852,0.87857,1602,16,0
2024-02-28 19:00:00,0.87855,0.87896,0.87831,0.87891,838,16,0
2024-02-28 19:30:00,0.87891,0.87958,0.87891,0.87903,1071,17,0
2024-02-28 20:00:00,0.87903,0.87921,0.87866,0.87876,1371,18,0
2024-02-28 20:30:00,0.87876,0.87926,0.87868,0.87912,777,17,0
2024-02-28 21:00:00,0.87913,0.87915,0.87868,0.8787,1118,19,0
2024-02-28 21:30:00,0.87871,0.87913,0.8787,0.87909,1154,19,0
2024-02-28 22:00:00,0.87908,0.87916,0.87852,0.87854,1534,18,0
2024-02-28 22:30:00,0.87855,0.87887,0.87849,0.87852,1434,19,0
2024-02-28 23:00:00,0.87851,0.87883,0.87851,0.87878,346,19,0
2024-02-28 23:30:00,0.87879,0.8788,0.87855,0.87868,429,24,0
2024-02-29 00:00:00,0.87868,0.87868,0.87847,0.87863,15,38,0
2024-02-29 00:30:00,0.87863,0.87866,0.87853,0.87866,45,41,0
2024-02-29 01:00:00,0.87866,0.87867,0.87835,0.87849,1102,16,0
2024-02-29 01:30:00,0.87848,0.87873,0.87845,0.87867,709,16,0
2024-02-29 02:00:00,0.87867,0.87873,0.87845,0.87858,659,18,0
2024-02-29 02:30:00,0.87858,0.87873,0.87841,0.87867,1391,18,0
2024-02-29 03:00:00,0.87868,0.87868,0.87826,0.87828,1034,20,0
2024-02-29 03:30:00,0.87827,0.87875,0.87812,0.87863,841,18,0
2024-02-29 04:00:00,0.87861,0.87862,0.87798,0.87808,1034,17,0
2024-02-29 04:30:00,0.87806,0.87849,0.87805,0.87807,815,18,0
2024-02-29 05:00:00,0.87807,0.87852,0.87805,0.87848,452,17,0
2024-02-29 05:30:00,0.8785,0.87852,0.87816,0.87826,774,17,0
2024-02-29 06:00:00,0.87827,0.87843,0.87811,0.87831,893,19,0
2024-02-29 06:30:00,0.87829,0.87858,0.87819,0.87851,1119,18,0
2024-02-29 07:00:00,0.8785,0.87876,0.8784,0.87856,1187,18,0
2024-02-29 07:30:00,0.87857,0.87872,0.87817,0.87823,1219,19,0
2024-02-29 08:00:00,0.87822,0.8784,0.87812,0.87824,804,17,0
2024-02-29 08:30:00,0.87824,0.87851,0.87795,0.87845,621,17,0
2024-02-29 09:00:00,0.87846,0.87882,0.87833,0.8787,1585,17,0
2024-02-29 09:30:00,0.87871,0.87925,0.87866,0.87897,1935,18,0
2024-02-29 10:00:00,0.87896,0.87899,0.87799,0.87846,2456,17,0
2024-02-29 10:30:00,0.87846,0.87857,0.87799,0.8781,2078,18,0
2024-02-29 11:00:00,0.87805,0.87839,0.87787,0.87837,2328,16,0
2024-02-29 11:30:00,0.87837,0.8785,0.87791,0.87795,1705,17,0
2024-02-29 12:00:00,0.87795,0.8792,0.87786,0.87917,1702,16,0
2024-02-29 12:30:00,0.87922,0.88026,0.87915,0.88014,1829,17,0
2024-02-29 13:00:00,0.88015,0.88019,0.87916,0.87982,1751,17,0
2024-02-29 13:30:00,0.87981,0.88062,0.87965,0.87998,1950,17,0
2024-02-29 14:00:00,0.87997,0.88058,0.8797,0.88028,2186,18,0
2024-02-29 14:30:00,0.88029,0.88063,0.87993,0.88049,1936,16,0
2024-02-29 15:00:00,0.88049,0.88093,0.88034,0.88053,2424,18,0
2024-02-29 15:30:00,0.88053,0.88064,0.87877,0.87905,5546,16,0
2024-02-29 16:00:00,0.87905,0.87934,0.87783,0.87908,3023,16,0
2024-02-29 16:30:00,0.8791,0.87999,0.87877,0.8789,2846,16,0
2024-02-29 17:00:00,0.87881,0.87932,0.87813,0.8791,2923,16,0
2024-02-29 17:30:00,0.87913,0.88061,0.87872,0.88058,4020,16,0
2024-02-29 18:00:00,0.8806,0.88307,0.88013,0.88283,3460,16,0
2024-02-29 18:30:00,0.88284,0.88347,0.88221,0.88331,2427,16,0
2024-02-29 19:00:00,0.8833,0.88431,0.88311,0.88413,1564,16,0
2024-02-29 19:30:00,0.88413,0.88433,0.8836,0.88378,1511,17,0
2024-02-29 20:00:00,0.88377,0.88401,0.88326,0.88341,1146,18,0
2024-02-29 20:30:00,0.8834,0.88376,0.8832,0.88328,1125,16,0
2024-02-29 21:00:00,0.88327,0.88372,0.88313,0.8837,1151,16,0
2024-02-29 21:30:00,0.8837,0.88446,0.88355,0.88444,1153,16,0
2024-02-29 22:00:00,0.88443,0.88443,0.88405,0.88429,1311,18,0
2024-02-29 22:30:00,0.88431,0.88435,0.88412,0.88416,1319,18,0
2024-02-29 23:00:00,0.88419,0.88454,0.88415,0.88419,792,18,0
2024-02-29 23:30:00,0.88419,0.88456,0.88405,0.88432,1125,23,0
2024-03-01 00:00:00,0.88432,0.8844,0.8842,0.88432,39,38,0
2024-03-01 00:30:00,0.88432,0.88442,0.88427,0.88441,475,28,0
2024-03-01 01:00:00,0.8844,0.88475,0.8844,0.88453,696,18,0
2024-03-01 01:30:00,0.88452,0.88467,0.88431,0.88434,563,19,0
2024-03-01 02:00:00,0.88434,0.88437,0.88412,0.88426,1232,20,0
2024-03-01 02:30:00,0.88426,0.88435,0.88387,0.88391,852,18,0
2024-03-01 03:00:00,0.8839,0.88449,0.88386,0.88425,699,18,0
2024-03-01 03:30:00,0.88426,0.8843,0.88408,0.88413,1153,17,0
2024-03-01 04:00:00,0.88414,0.88449,0.88412,0.88432,407,18,0
2024-03-01 04:30:00,0.88432,0.88438,0.88412,0.8842,606,18,0
2024-03-01 05:00:00,0.8842,0.88423,0.88385,0.88394,747,20,0
2024-03-01 05:30:00,0.88395,0.8841,0.88392,0.88402,860,20,0
2024-03-01 06:00:00,0.88401,0.88418,0.88398,0.88413,894,20,0
2024-03-01 06:30:00,0.88413,0.8844,0.8841,0.8843,542,20,0
2024-03-01 07:00:00,0.8843,0.88461,0.88421,0.88451,635,19,0
2024-03-01 07:30:00,0.8845,0.8848,0.88438,0.88478,830,18,0
2024-03-01 08:00:00,0.88478,0.88494,0.88447,0.88486,969,17,0
2024-03-01 08:30:00,0.88486,0.8853,0.88463,0.88523,866,18,0
2024-03-01 09:00:00,0.88526,0.88609,0.88471,0.88559,1745,19,0
2024-03-01 09:30:00,0.8856,0.88615,0.88522,0.88605,1638,17,0
2024-03-01 10:00:00,0.88606,0.88696,0.88594,0.88617,2594,16,0
2024-03-01 10:30:00,0.88618,0.88651,0.8859,0.88621,2595,18,0
2024-03-01 11:00:00,0.88622,0.88632,0.88517,0.88534,3047,16,0
2024-03-01 11:30:00,0.88535,0.88567,0.88485,0.885,1949,16,0
2024-03-01 12:00:00,0.88503,0.88596,0.88475,0.88573,1761,17,0
2024-03-01 12:30:00,0.88573,0.886,0.88533,0.88536,1820,18,0
2024-03-01 13:00:00,0.88535,0.88548,0.88486,0.88516,1360,16,0
2024-03-01 13:30:00,0.88516,0.88523,0.88473,0.88487,1565,17,0
2024-03-01 14:00:00,0.88487,0.88542,0.88468,0.88534,1304,18,0
2024-03-01 14:30:00,0.88534,0.88605,0.88529,0.88577,1079,19,0
2024-03-01 15:00:00,0.88578,0.88713,0.88576,0.88704,2466,16,0
2024-03-01 15:30:00,0.88704,0.88781,0.88669,0.88774,2677,16,0
2024-03-01 16:00:00,0.88775,0.88803,0.88685,0.88749,1939,17,0
2024-03-01 16:30:00,0.88749,0.88918,0.88744,0.88862,2762,16,0
2024-03-01 17:00:00,0.88863,0.88863,0.88518,0.88518,5890,16,0
2024-03-01 17:30:00,0.88518,0.8857,0.88437,0.88493,3473,17,0
2024-03-01 18:00:00,0.88495,0.88532,0.88422,0.885,2900,17,0
2024-03-01 18:30:00,0.88501,0.88502,0.88396,0.88435,2045,17,0
2024-03-01 19:00:00,0.88434,0.8845,0.88376,0.88384,1383,18,0
2024-03-01 19:30:00,0.88385,0.88414,0.88366,0.88389,1290,16,0
2024-03-01 20:00:00,0.8839,0.8847,0.88377,0.88427,1413,16,0
2024-03-01 20:30:00,0.88424,0.88437,0.88379,0.88401,1253,18,0
2024-03-01 21:00:00,0.88401,0.88401,0.8832,0.88325,1096,19,0
2024-03-01 21:30:00,0.88324,0.88349,0.8829,0.8831,1307,20,0
2024-03-01 22:00:00,0.8831,0.88331,0.88304,0.8831,1098,17,0
2024-03-01 22:30:00,0.8831,0.88336,0.88308,0.88312,1262,17,0
2024-03-01 23:00:00,0.88311,0.88364,0.88311,0.88342,725,21,0
2024-03-01 23:30:00,0.88342,0.88343,0.88282,0.88287,963,23,0
2024-03-04 00:00:00,0.88337,0.88376,0.88287,0.88329,23,95,0
2024-03-04 00:30:00,0.88328,0.88351,0.88291,0.88301,392,56,0
2024-03-04 01:00:00,0.88302,0.88339,0.88286,0.88314,1912,22,0
2024-03-04 01:30:00,0.88314,0.88338,0.88308,0.88327,912,20,0
2024-03-04 02:00:00,0.88329,0.88343,0.88286,0.88295,648,20,0
2024-03-04 02:30:00,0.88294,0.88295,0.88255,0.88283,640,17,0
2024-03-04 03:00:00,0.88282,0.88323,0.88282,0.88312,634,16,0
2024-03-04 03:30:00,0.88313,0.88373,0.88312,0.88344,1015,18,0
2024-03-04 04:00:00,0.88343,0.88363,0.88293,0.88294,1084,20,0
2024-03-04 04:30:00,0.88295,0.88299,0.88246,0.8826,942,18,0
2024-03-04 05:00:00,0.88259,0.88291,0.8824,0.88243,836,17,0
2024-03-04 05:30:00,0.88243,0.88278,0.88242,0.88266,643,17,0
2024-03-04 06:00:00,0.88266,0.88281,0.88249,0.88277,449,18,0
2024-03-04 06:30:00,0.88277,0.88327,0.88267,0.88322,208,17,0
2024-03-04 07:00:00,0.88322,0.88333,0.88286,0.88299,776,16,0
2024-03-04 07:30:00,0.883,0.88338,0.88277,0.88301,802,19,0
2024-03-04 08:00:00,0.88302,0.88326,0.88278,0.88319,837,16,0
2024-03-04 08:30:00,0.88323,0.88332,0.88284,0.88289,826,18,0
2024-03-04 09:00:00,0.88289,0.88323,0.88217,0.88217,961,17,0
2024-03-04 09:30:00,0.88213,0.88221,0.88046,0.88086,2193,16,0
2024-03-04 10:00:00,0.88085,0.88173,0.88082,0.88159,2011,18,0
2024-03-04 10:30:00,0.88159,0.88252,0.88159,0.88223,2026,16,0
2024-03-04 11:00:00,0.88223,0.88246,0.88178,0.88223,1785,17,0
2024-03-04 11:30:00,0.88223,0.88254,0.88181,0.88242,1272,17,0
2024-03-04 12:00:00,0.88243,0.88363,0.88242,0.88335,1474,18,0
2024-03-04 12:30:00,0.88335,0.88338,0.88273,0.8831,1931,16,0
2024-03-04 13:00:00,0.88311,0.88363,0.88292,0.88355,1116,18,0
2024-03-04 13:30:00,0.88356,0.88398,0.88333,0.88357,1388,16,0
2024-03-04 14:00:00,0.88356,0.88451,0.88349,0.88433,1100,16,0
2024-03-04 14:30:00,0.88433,0.88506,0.8839,0.88491,1527,18,0
2024-03-04 15:00:00,0.88491,0.88631,0.8849,0.88577,2248,16,0
2024-03-04 15:30:00,0.88577,0.88584,0.88428,0.88434,1883,16,0
2024-03-04 16:00:00,0.88432,0.88516,0.88423,0.88503,1752,16,0
2024-03-04 16:30:00,0.88503,0.88541,0.88417,0.88429,1859,18,0
2024-03-04 17:00:00,0.88426,0.88577,0.88426,0.88571,1661,17,0
2024-03-04 17:30:00,0.88571,0.88605,0.88459,0.88463,2008,17,0
2024-03-04 18:00:00,0.88465,0.88474,0.88404,0.88428,1737,18,0
2024-03-04 18:30:00,0.88428,0.88443,0.88384,0.88408,1409,18,0
2024-03-04 19:00:00,0.88408,0.88491,0.8839,0.88419,1286,16,0
2024-03-04 19:30:00,0.88418,0.88433,0.88403,0.88424,1476,17,0
2024-03-04 20:00:00,0.88425,0.88439,0.88379,0.88435,1024,18,0
2024-03-04 20:30:00,0.88436,0.88496,0.88433,0.88486,828,18,0
2024-03-04 21:00:00,0.88486,0.88499,0.88453,0.88463,679,18,0
2024-03-04 21:30:00,0.88463,0.88497,0.88459,0.88494,921,19,0
2024-03-04 22:00:00,0.88495,0.88509,0.88463,0.88469,699,19,0
2024-03-04 22:30:00,0.88468,0.88494,0.88455,0.8847,1145,19,0
2024-03-04 23:00:00,0.8847,0.88485,0.8846,0.88483,444,21,0
2024-03-04 23:30:00,0.88483,0.88484,0.88474,0.88478,312,25,0
2024-03-05 00:00:00,0.88478,0.88478,0.88418,0.88433,108,32,0
2024-03-05 00:30:00,0.88433,0.88476,0.88427,0.88431,1281,54,0
2024-03-05 01:00:00,0.88431,0.88501,0.88429,0.88489,263,18,0
2024-03-05 01:30:00,0.88489,0.88521,0.88487,0.88518,254,17,0
2024-03-05 02:00:00,0.88519,0.88528,0.88494,0.88516,320,19,0
2024-03-05 02:30:00,0.88517,0.88518,0.88485,0.88505,623,19,0
2024-03-05 03:00:00,0.88505,0.88543,0.88489,0.8854,679,18,0
2024-03-05 03:30:00,0.88541,0.88564,0.88526,0.88544,648,19,0
2024-03-05 04:00:00,0.88543,0.8856,0.88527,0.88533,729,19,0
2024-03-05 04:30:00,0.88531,0.88538,0.88505,0.88524,775,19,0
2024-03-05 05:00:00,0.88524,0.88533,0.88495,0.88508,712,17,0
2024-03-05 05:30:00,0.88506,0.88513,0.88481,0.88497,526,19,0
2024-03-05 06:00:00,0.88498,0.88522,0.88495,0.88515,543,26,0
2024-03-05 06:30:00,0.88515,0.88541,0.88508,0.88532,122,24,0
2024-03-05 07:00:00,0.88532,0.88546,0.88515,0.88524,488,25,0
2024-03-05 07:30:00,0.88524,0.88559,0.88511,0.88546,605,24,0
2024-03-05 08:00:00,0.88545,0.88589,0.88543,0.88584,848,23,0
2024-03-05 08:30:00,0.88582,0.88608,0.88538,0.88542,719,18,0
2024-03-05 09:00:00,0.88543,0.88645,0.88543,0.88616,801,19,0
2024-03-05 09:30:00,0.88613,0.88631,0.88556,0.88566,1533,18,0
2024-03-05 10:00:00,0.88567,0.88568,0.88516,0.88565,2122,17,0
2024-03-05 10:30:00,0.88564,0.88584,0.88524,0.88571,2057,18,0
2024-03-05 11:00:00,0.88572,0.88608,0.88496,0.88511,1924,19,0
2024-03-05 11:30:00,0.88509,0.88599,0.88506,0.88572,2099,16,0
2024-03-05 12:00:00,0.8857,0.88606,0.88555,0.88606,1417,18,0
2024-03-05 12:30:00,0.88606,0.8862,0.88579,0.88613,1071,18,0
2024-03-05 13:00:00,0.88613,0.8863,0.88585,0.88587,1359,19,0
2024-03-05 13:30:00,0.88585,0.8862,0.88573,0.88604,1455,19,0
2024-03-05 14:00:00,0.88604,0.88654,0.88601,0.88639,912,16,0
2024-03-05 14:30:00,0.88638,0.88653,0.88603,0.88618,1334,18,0
2024-03-05 15:00:00,0.88617,0.88626,0.88548,0.88606,1853,17,0
2024-03-05 15:30:00,0.88603,0.88603,0.88498,0.88524,3141,18,0
2024-03-05 16:00:00,0.88524,0.88539,0.88428,0.88466,2444,16,0
2024-03-05 16:30:00,0.88466,0.88538,0.88408,0.88408,2841,16,0
2024-03-05 17:00:00,0.88436,0.88436,0.88245,0.88346,4621,17,0
2024-03-05 17:30:00,0.88347,0.88364,0.88257,0.88259,3320,17,0
2024-03-05 18:00:00,0.88259,0.88375,0.8825,0.88338,2204,16,0
2024-03-05 18:30:00,0.88339,0.88387,0.88303,0.88364,1786,17,0
2024-03-05 19:00:00,0.88364,0.88387,0.88319,0.88337,604,18,0
2024-03-05 19:30:00,0.88337,0.88383,0.88333,0.88357,1425,18,0
2024-03-05 20:00:00,0.88356,0.88398,0.88337,0.88374,1671,17,0
2024-03-05 20:30:00,0.88375,0.88383,0.88345,0.88369,2005,18,0
2024-03-05 21:00:00,0.8837,0.88396,0.88345,0.88352,1728,20,0
2024-03-05 21:30:00,0.88352,0.88381,0.88341,0.88348,1702,17,0
2024-03-05 22:00:00,0.88348,0.88377,0.88331,0.88332,856,19,0
2024-03-05 22:30:00,0.88332,0.88333,0.88292,0.88297,1442,19,0
2024-03-05 23:00:00,0.88297,0.88315,0.88288,0.88313,482,20,0
2024-03-05 23:30:00,0.88314,0.8834,0.88311,0.8833,1025,22,0
2024-03-06 00:00:00,0.88328,0.88328,0.8827,0.88328,12,38,0
2024-03-06 00:30:00,0.88328,0.88337,0.88328,0.88331,337,32,0
2024-03-06 01:00:00,0.88331,0.8834,0.88308,0.88328,647,20,0
2024-03-06 01:30:00,0.88328,0.88356,0.88328,0.88352,294,18,0
2024-03-06 02:00:00,0.88352,0.88477,0.88352,0.88407,403,19,0
2024-03-06 02:30:00,0.88407,0.88438,0.88379,0.88431,851,20,0
2024-03-06 03:00:00,0.8843,0.88481,0.8843,0.88481,522,19,0
2024-03-06 03:30:00,0.88481,0.88516,0.88469,0.88482,610,19,0
2024-03-06 04:00:00,0.88483,0.88488,0.88445,0.88477,771,19,0
2024-03-06 04:30:00,0.8848,0.88483,0.88426,0.88438,672,19,0
2024-03-06 05:00:00,0.88438,0.88444,0.88424,0.88439,768,18,0
2024-03-06 05:30:00,0.88439,0.88453,0.88429,0.8845,737,20,0
2024-03-06 06:00:00,0.8845,0.88461,0.88426,0.8845,1130,19,0
2024-03-06 06:30:00,0.88451,0.88456,0.88423,0.88432,703,18,0
2024-03-06 07:00:00,0.88432,0.88433,0.8841,0.88422,660,20,0
2024-03-06 07:30:00,0.88423,0.88435,0.88399,0.88432,858,19,0
2024-03-06 08:00:00,0.88432,0.88435,0.88407,0.88429,995,21,0
2024-03-06 08:30:00,0.88429,0.88432,0.88409,0.88412,911,19,0
2024-03-06 09:00:00,0.88412,0.88423,0.88365,0.88393,1729,18,0
2024-03-06 09:30:00,0.88394,0.88423,0.88367,0.8841,1514,17,0
2024-03-06 10:00:00,0.88408,0.88448,0.88394,0.88436,2155,17,0
2024-03-06 10:30:00,0.88436,0.88478,0.88407,0.88415,1995,17,0
2024-03-06 11:00:00,0.88415,0.8855,0.88407,0.88513,1454,19,0
2024-03-06 11:30:00,0.88513,0.88513,0.8843,0.88439,1682,18,0
2024-03-06 12:00:00,0.88439,0.88472,0.88424,0.88439,1701,18,0
2024-03-06 12:30:00,0.8844,0.88522,0.88438,0.8852,1306,16,0
2024-03-06 13:00:00,0.8852,0.88546,0.88494,0.88523,835,16,0
2024-03-06 13:30:00,0.88522,0.88537,0.88452,0.88479,1376,19,0
2024-03-06 14:00:00,0.88478,0.88483,0.88446,0.88456,1210,18,0
2024-03-06 14:30:00,0.88455,0.88505,0.88437,0.88505,2026,18,0
2024-03-06 15:00:00,0.88506,0.88506,0.88395,0.88422,2830,17,0
2024-03-06 15:30:00,0.88422,0.88496,0.88346,0.88352,3856,17,0
2024-03-06 16:00:00,0.88352,0.88376,0.88281,0.88298,2670,17,0
2024-03-06 16:30:00,0.88297,0.88315,0.88205,0.883,2553,17,0
2024-03-06 17:00:00,0.883,0.88357,0.88236,0.8825,3187,16,0
2024-03-06 17:30:00,0.88247,0.88308,0.88134,0.88175,3361,17,0
2024-03-06 18:00:00,0.88175,0.88243,0.88175,0.88196,1960,16,0
2024-03-06 18:30:00,0.88196,0.88198,0.88061,0.88114,2740,19,0
2024-03-06 19:00:00,0.88114,0.88135,0.88034,0.88123,2548,16,0
2024-03-06 19:30:00,0.88122,0.88208,0.88102,0.88182,1727,17,0
2024-03-06 20:00:00,0.88181,0.88182,0.88132,0.88142,1289,19,0
2024-03-06 20:30:00,0.88141,0.88189,0.88138,0.88164,1902,17,0
2024-03-06 21:00:00,0.88164,0.88244,0.88163,0.88221,2326,16,0
2024-03-06 21:30:00,0.88221,0.8825,0.88205,0.88216,1230,19,0
2024-03-06 22:00:00,0.88217,0.88252,0.88212,0.88221,1651,18,0
2024-03-06 22:30:00,0.88222,0.88236,0.88191,0.88193,997,18,0
2024-03-06 23:00:00,0.88193,0.88207,0.8818,0.88196,655,20,0
2024-03-06 23:30:00,0.88195,0.88201,0.88188,0.88191,364,24,0
2024-03-07 00:00:00,0.88192,0.88198,0.88157,0.88186,46,31,0
2024-03-07 00:30:00,0.88185,0.88206,0.88176,0.88194,819,26,0
2024-03-07 01:00:00,0.88193,0.88208,0.8816,0.88194,615,20,0
2024-03-07 01:30:00,0.88194,0.88221,0.88183,0.88197,517,20,0
2024-03-07 02:00:00,0.88197,0.8821,0.88159,0.88204,639,18,0
2024-03-07 02:30:00,0.88206,0.88225,0.88182,0.8819,1409,19,0
2024-03-07 03:00:00,0.8819,0.88199,0.88111,0.88138,1928,18,0
2024-03-07 03:30:00,0.88137,0.88167,0.88112,0.88165,1007,18,0
2024-03-07 04:00:00,0.88165,0.88213,0.88155,0.88212,383,16,0
2024-03-07 04:30:00,0.88212,0.88213,0.88161,0.88163,709,19,0
2024-03-07 05:00:00,0.88162,0.88199,0.88144,0.88181,861,20,0
2024-03-07 05:30:00,0.8818,0.88205,0.88141,0.88158,961,17,0
2024-03-07 06:00:00,0.88157,0.8816,0.88084,0.88091,1357,16,0
2024-03-07 06:30:00,0.8809,0.88118,0.88082,0.88088,911,17,0
2024-03-07 07:00:00,0.88088,0.8814,0.88088,0.88132,440,19,0
2024-03-07 07:30:00,0.88132,0.88178,0.88132,0.88171,473,17,0
2024-03-07 08:00:00,0.8817,0.88183,0.88108,0.8811,1423,18,0
2024-03-07 08:30:00,0.8811,0.88139,0.88078,0.88092,1512,19,0
2024-03-07 09:00:00,0.88093,0.88168,0.88069,0.88168,1741,16,0
2024-03-07 09:30:00,0.88167,0.88175,0.88112,0.88155,1828,16,0
2024-03-07 10:00:00,0.88154,0.88189,0.88077,0.88097,2863,17,0
2024-03-07 10:30:00,0.88097,0.88121,0.88085,0.88108,2077,17,0
2024-03-07 11:00:00,0.88108,0.88153,0.88105,0.88113,1258,16,0
2024-03-07 11:30:00,0.88113,0.88117,0.8806,0.88073,1452,18,0
2024-03-07 12:00:00,0.88071,0.88125,0.88069,0.8808,1005,18,0
2024-03-07 12:30:00,0.8808,0.88087,0.88011,0.88018,1011,19,0
2024-03-07 13:00:00,0.88017,0.88029,0.87932,0.87952,1595,16,0
2024-03-07 13:30:00,0.87953,0.8796,0.87908,0.87956,1234,17,0
2024-03-07 14:00:00,0.87955,0.87983,0.87928,0.87979,943,16,0
2024-03-07 14:30:00,0.87979,0.88018,0.87926,0.87948,1625,16,0
2024-03-07 15:00:00,0.87947,0.88003,0.87887,0.87956,3375,16,0
2024-03-07 15:30:00,0.87955,0.87981,0.8784,0.87926,4245,17,0
2024-03-07 16:00:00,0.87925,0.87986,0.87852,0.87889,4091,16,0
2024-03-07 16:30:00,0.87891,0.8803,0.87871,0.87963,3649,16,0
2024-03-07 17:00:00,0.87963,0.88008,0.87922,0.87969,3059,17,0
2024-03-07 17:30:00,0.8797,0.87983,0.87829,0.87889,2624,18,0
2024-03-07 18:00:00,0.87889,0.879,0.87738,0.87792,2470,17,0
2024-03-07 18:30:00,0.87794,0.87833,0.87747,0.87799,2664,17,0
2024-03-07 19:00:00,0.878,0.87866,0.87792,0.87859,1883,17,0
2024-03-07 19:30:00,0.87859,0.87899,0.87845,0.87856,1350,18,0
2024-03-07 20:00:00,0.87857,0.87858,0.87809,0.87819,1314,18,0
2024-03-07 20:30:00,0.87818,0.87855,0.87815,0.87848,802,16,0
2024-03-07 21:00:00,0.87847,0.87853,0.87784,0.87793,621,19,0
2024-03-07 21:30:00,0.87793,0.87807,0.87718,0.87727,975,18,0
2024-03-07 22:00:00,0.87727,0.87788,0.87726,0.87756,887,16,0
2024-03-07 22:30:00,0.87756,0.87786,0.87729,0.87763,1166,19,0
2024-03-07 23:00:00,0.87762,0.87765,0.87741,0.87751,711,22,0
2024-03-07 23:30:00,0.8775,0.87761,0.87731,0.87754,838,24,0
2024-03-08 00:00:00,0.87754,0.87754,0.87728,0.87736,34,36,0
2024-03-08 00:30:00,0.87731,0.87755,0.87705,0.87738,727,35,0
2024-03-08 01:00:00,0.87737,0.87749,0.87725,0.87734,595,23,0
2024-03-08 01:30:00,0.87734,0.87738,0.87718,0.87719,218,23,0
2024-03-08 02:00:00,0.87719,0.87729,0.87696,0.87698,646,20,0
2024-03-08 02:30:00,0.87698,0.87719,0.8766,0.87702,888,18,0
2024-03-08 03:00:00,0.87703,0.8776,0.87682,0.8775,891,19,0
2024-03-08 03:30:00,0.87749,0.87763,0.87705,0.87726,981,19,0
2024-03-08 04:00:00,0.87725,0.8774,0.87703,0.87705,1073,20,0
2024-03-08 04:30:00,0.87704,0.87757,0.87696,0.87751,1214,19,0
2024-03-08 05:00:00,0.8775,0.87765,0.87746,0.87753,769,18,0
2024-03-08 05:30:00,0.87753,0.87755,0.87729,0.87742,803,20,0
2024-03-08 06:00:00,0.87741,0.87749,0.87715,0.87739,824,20,0
2024-03-08 06:30:00,0.8774,0.87754,0.87722,0.87737,845,17,0
2024-03-08 07:00:00,0.87736,0.87743,0.87714,0.87715,888,16,0
2024-03-08 07:30:00,0.87715,0.87733,0.87706,0.87718,694,18,0
2024-03-08 08:00:00,0.87717,0.8775,0.87708,0.87728,1052,19,0
2024-03-08 08:30:00,0.87728,0.87743,0.87692,0.87703,870,20,0
2024-03-08 09:00:00,0.87702,0.87749,0.87671,0.87733,1636,16,0
2024-03-08 09:30:00,0.87733,0.87755,0.87703,0.8772,1584,17,0
2024-03-08 10:00:00,0.87714,0.87739,0.87665,0.87672,1763,16,0
2024-03-08 10:30:00,0.87672,0.87677,0.87607,0.87632,1043,17,0
2024-03-08 11:00:00,0.87632,0.87663,0.87583,0.87586,2004,16,0
2024-03-08 11:30:00,0.87585,0.8766,0.87568,0.87637,2393,16,0
2024-03-08 12:00:00,0.87636,0.87662,0.876,0.87627,1377,17,0
2024-03-08 12:30:00,0.87626,0.87657,0.87613,0.87633,1380,19,0
2024-03-08 13:00:00,0.87633,0.87636,0.8757,0.87576,1299,16,0
2024-03-08 13:30:00,0.87579,0.8767,0.87579,0.87634,1481,18,0
2024-03-08 14:00:00,0.87633,0.877,0.87631,0.87691,1046,18,0
2024-03-08 14:30:00,0.8769,0.87717,0.87661,0.87702,1245,17,0
2024-03-08 15:00:00,0.87702,0.87702,0.8759,0.8759,1957,16,0
2024-03-08 15:30:00,0.87601,0.87812,0.87287,0.87503,7659,16,0
2024-03-08 16:00:00,0.87504,0.87575,0.87419,0.87489,4928,16,0
2024-03-08 16:30:00,0.87491,0.87557,0.87445,0.87522,4224,17,0
2024-03-08 17:00:00,0.87519,0.87632,0.87466,0.87584,3294,18,0
2024-03-08 17:30:00,0.87585,0.87656,0.87511,0.87519,3063,16,0
2024-03-08 18:00:00,0.87518,0.87667,0.87514,0.87667,2831,18,0
2024-03-08 18:30:00,0.87666,0.87675,0.87606,0.87656,3250,19,0
2024-03-08 19:00:00,0.87656,0.87657,0.87571,0.8759,3858,18,0
2024-03-08 19:30:00,0.87587,0.87694,0.87582,0.87665,2568,18,0
2024-03-08 20:00:00,0.87665,0.87752,0.87657,0.87735,1534,18,0
2024-03-08 20:30:00,0.87735,0.87776,0.87701,0.87735,1140,16,0
2024-03-08 21:00:00,0.87735,0.8778,0.87725,0.87737,952,18,0
2024-03-08 21:30:00,0.87737,0.87749,0.87712,0.87725,1330,18,0
2024-03-08 22:00:00,0.87725,0.87749,0.87708,0.87748,1671,19,0
2024-03-08 22:30:00,0.87749,0.87759,0.87722,0.87732,1609,19,0
2024-03-08 23:00:00,0.87732,0.87739,0.87708,0.8773,517,22,0
2024-03-08 23:30:00,0.87725,0.87761,0.87706,0.87738,596,23,0
2024-03-11 00:00:00,0.87701,0.87801,0.87694,0.87784,1037,16,0
2024-03-11 00:30:00,0.87784,0.87788,0.87756,0.87762,202,18,0
2024-03-11 01:00:00,0.87762,0.87765,0.87728,0.87728,1206,18,0
2024-03-11 01:30:00,0.87724,0.87767,0.87724,0.87747,764,18,0
2024-03-11 02:00:00,0.87746,0.87758,0.87709,0.87715,846,16,0
2024-03-11 02:30:00,0.87714,0.87726,0.87681,0.8772,1132,18,0
2024-03-11 03:00:00,0.87721,0.87721,0.87669,0.87701,972,18,0
2024-03-11 03:30:00,0.87702,0.87732,0.87672,0.87714,984,19,0
2024-03-11 04:00:00,0.87715,0.87747,0.87698,0.8774,1382,18,0
2024-03-11 04:30:00,0.87742,0.8776,0.87729,0.87754,436,18,0
2024-03-11 05:00:00,0.87754,0.87774,0.87721,0.87731,559,16,0
2024-03-11 05:30:00,0.87731,0.87751,0.8773,0.87749,477,19,0
2024-03-11 06:00:00,0.8775,0.87762,0.87744,0.87761,446,19,0
2024-03-11 06:30:00,0.87761,0.87788,0.87761,0.87764,237,20,0
2024-03-11 07:00:00,0.87764,0.87767,0.87739,0.87748,314,19,0
2024-03-11 07:30:00,0.87745,0.87788,0.87745,0.87756,364,19,0
2024-03-11 08:00:00,0.87754,0.8778,0.87737,0.87744,934,19,0
2024-03-11 08:30:00,0.87744,0.87764,0.87707,0.87718,730,20,0
2024-03-11 09:00:00,0.87711,0.87713,0.87642,0.87645,1998,18,0
2024-03-11 09:30:00,0.87644,0.87673,0.87575,0.87585,1903,17,0
2024-03-11 10:00:00,0.87584,0.87614,0.87541,0.87591,2041,17,0
2024-03-11 10:30:00,0.8759,0.87631,0.87561,0.87585,1946,19,0
2024-03-11 11:00:00,0.87585,0.87615,0.87551,0.87575,2153,19,0
2024-03-11 11:30:00,0.87576,0.87688,0.8754,0.87678,1920,16,0
2024-03-11 12:00:00,0.8768,0.8772,0.8764,0.87671,1535,17,0
2024-03-11 12:30:00,0.87672,0.87694,0.87653,0.87669,1278,17,0
2024-03-11 13:00:00,0.8767,0.87686,0.87611,0.87621,1317,19,0
2024-03-11 13:30:00,0.8762,0.87632,0.87572,0.87623,1242,17,0
2024-03-11 14:00:00,0.87625,0.87695,0.87615,0.87687,1914,19,0
2024-03-11 14:30:00,0.87686,0.87768,0.87671,0.87766,2174,18,0
2024-03-11 15:00:00,0.87766,0.87804,0.8774,0.87777,1812,16,0
2024-03-11 15:30:00,0.87778,0.87867,0.87743,0.87852,2373,18,0
2024-03-11 16:00:00,0.87853,0.8794,0.87837,0.87857,2540,17,0
2024-03-11 16:30:00,0.87858,0.87908,0.8783,0.87832,2121,16,0
2024-03-11 17:00:00,0.87832,0.87869,0.87823,0.87849,2044,17,0
2024-03-11 17:30:00,0.8785,0.87911,0.87801,0.87819,1951,17,0
2024-03-11 18:00:00,0.8782,0.87847,0.87789,0.87796,1320,18,0
2024-03-11 18:30:00,0.87796,0.87828,0.87779,0.87825,797,16,0
2024-03-11 19:00:00,0.87824,0.87826,0.87777,0.87816,1838,18,0
2024-03-11 19:30:00,0.87815,0.87824,0.87793,0.8782,779,19,0
2024-03-11 20:00:00,0.87819,0.87837,0.87805,0.87833,557,19,0
2024-03-11 20:30:00,0.87833,0.87874,0.87798,0.87802,911,18,0
2024-03-11 21:00:00,0.87802,0.87811,0.87755,0.8776,1004,19,0
2024-03-11 21:30:00,0.8776,0.87771,0.87735,0.87735,1391,20,0
2024-03-11 22:00:00,0.87736,0.87756,0.87728,0.87748,302,21,0
2024-03-11 22:30:00,0.87748,0.87757,0.87692,0.87692,446,23,0
2024-03-11 23:00:00,0.87683,0.87738,0.87683,0.87702,251,65,0
2024-03-11 23:30:00,0.87706,0.87734,0.87704,0.87718,2004,39,0
2024-03-12 00:00:00,0.87718,0.87754,0.87717,0.87739,321,22,0
2024-03-12 00:30:00,0.8774,0.87753,0.87727,0.87733,560,21,0
2024-03-12 01:00:00,0.87733,0.87737,0.87697,0.87734,573,20,0
2024-03-12 01:30:00,0.87733,0.87738,0.87716,0.87723,795,21,0
2024-03-12 02:00:00,0.87722,0.87734,0.87708,0.8772,803,19,0
2024-03-12 02:30:00,0.8772,0.87732,0.87708,0.87729,416,19,0
2024-03-12 03:00:00,0.8773,0.87743,0.87705,0.87724,913,18,0
2024-03-12 03:30:00,0.87724,0.87737,0.87686,0.87693,1160,19,0
2024-03-12 04:00:00,0.87693,0.87751,0.87685,0.8773,1541,19,0
2024-03-12 04:30:00,0.87731,0.87741,0.87706,0.87728,1049,19,0
2024-03-12 05:00:00,0.87728,0.87729,0.87703,0.87713,1002,19,0
2024-03-12 05:30:00,0.87713,0.87734,0.87696,0.87734,811,20,0
2024-03-12 06:00:00,0.87734,0.87742,0.87703,0.87712,697,20,0
2024-03-12 06:30:00,0.87713,0.87723,0.87696,0.87698,791,20,0
2024-03-12 07:00:00,0.87697,0.877,0.87664,0.87683,904,19,0
2024-03-12 07:30:00,0.87683,0.87713,0.87669,0.87702,1191,18,0
2024-03-12 08:00:00,0.87703,0.87726,0.87682,0.87696,1587,16,0
2024-03-12 08:30:00,0.87695,0.87708,0.87663,0.87678,1148,16,0
2024-03-12 09:00:00,0.87677,0.87708,0.87663,0.87672,1514,19,0
2024-03-12 09:30:00,0.87672,0.87683,0.8764,0.87668,1188,17,0
2024-03-12 10:00:00,0.87667,0.87681,0.87602,0.87634,1759,17,0
2024-03-12 10:30:00,0.87636,0.87686,0.8763,0.87642,1257,19,0
2024-03-12 11:00:00,0.87643,0.87659,0.87613,0.87619,855,17,0
2024-03-12 11:30:00,0.87617,0.87627,0.8757,0.87602,912,18,0
2024-03-12 12:00:00,0.87602,0.8767,0.87594,0.87654,840,18,0
2024-03-12 12:30:00,0.87657,0.8766,0.87603,0.8762,735,17,0
2024-03-12 13:00:00,0.87619,0.87668,0.87603,0.87624,1319,16,0
2024-03-12 13:30:00,0.87623,0.87637,0.87595,0.87625,1324,17,0
2024-03-12 14:00:00,0.87626,0.87635,0.87568,0.87616,1473,17,0
2024-03-12 14:30:00,0.87616,0.8791,0.8746,0.87719,7620,16,0
2024-03-12 15:00:00,0.8772,0.87888,0.87713,0.87809,5129,16,0
2024-03-12 15:30:00,0.87808,0.87933,0.87792,0.87876,3920,16,0
2024-03-12 16:00:00,0.87872,0.87936,0.87829,0.87869,3015,16,0
2024-03-12 16:30:00,0.87872,0.8794,0.87843,0.8789,2262,18,0
2024-03-12 17:00:00,0.87889,0.87936,0.87866,0.87922,1846,18,0
2024-03-12 17:30:00,0.87921,0.87923,0.87786,0.87816,1861,16,0
2024-03-12 18:00:00,0.87814,0.87843,0.87798,0.87813,1318,17,0
2024-03-12 18:30:00,0.87814,0.87837,0.87779,0.87798,1060,17,0
2024-03-12 19:00:00,0.87798,0.87855,0.87786,0.87835,1287,18,0
2024-03-12 19:30:00,0.87836,0.87857,0.87814,0.87854,852,18,0
2024-03-12 20:00:00,0.87855,0.87858,0.87816,0.87825,1016,18,0
2024-03-12 20:30:00,0.87822,0.8783,0.87779,0.87793,824,19,0
2024-03-12 21:00:00,0.87793,0.87798,0.87766,0.87766,703,19,0
2024-03-12 21:30:00,0.87766,0.87775,0.87736,0.87738,912,17,0
2024-03-12 22:00:00,0.8774,0.87741,0.8771,0.87721,511,22,0
2024-03-12 22:30:00,0.87724,0.87724,0.87703,0.87717,252,23,0
2024-03-12 23:00:00,0.87718,0.87736,0.87702,0.87711,102,54,0
2024-03-12 23:30:00,0.87702,0.87728,0.87678,0.87713,617,29,0
2024-03-13 00:00:00,0.87711,0.87746,0.87696,0.87741,165,22,0
2024-03-13 00:30:00,0.87741,0.87746,0.87701,0.87718,210,21,0
2024-03-13 01:00:00,0.87719,0.87729,0.87705,0.87728,179,16,0
2024-03-13 01:30:00,0.87728,0.87738,0.87712,0.87733,174,20,0
2024-03-13 02:00:00,0.87733,0.87758,0.8772,0.87729,310,18,0
2024-03-13 02:30:00,0.87729,0.87758,0.87723,0.87732,311,17,0
2024-03-13 03:00:00,0.87732,0.87747,0.8772,0.87743,492,19,0
2024-03-13 03:30:00,0.87741,0.87768,0.87723,0.87763,1001,19,0
2024-03-13 04:00:00,0.87763,0.87766,0.87737,0.87755,489,18,0
2024-03-13 04:30:00,0.87755,0.87766,0.87724,0.87731,274,18,0
2024-03-13 05:00:00,0.87731,0.87754,0.87723,0.87731,376,18,0
2024-03-13 05:30:00,0.87731,0.87759,0.87722,0.87751,197,18,0
2024-03-13 06:00:00,0.87749,0.87781,0.87744,0.87781,360,20,0
2024-03-13 06:30:00,0.87782,0.87787,0.87762,0.87772,510,19,0
2024-03-13 07:00:00,0.87776,0.87806,0.87773,0.87787,500,19,0
2024-03-13 07:30:00,0.87786,0.87803,0.87761,0.87766,349,18,0
2024-03-13 08:00:00,0.87765,0.87768,0.87736,0.87753,626,18,0
2024-03-13 08:30:00,0.87752,0.87796,0.87748,0.8777,704,18,0
2024-03-13 09:00:00,0.87772,0.87819,0.87737,0.87808,1255,19,0
2024-03-13 09:30:00,0.87809,0.87814,0.87755,0.87778,1109,16,0
2024-03-13 10:00:00,0.87777,0.87845,0.8776,0.87815,1453,16,0
2024-03-13 10:30:00,0.87815,0.8785,0.87778,0.87841,1430,16,0
2024-03-13 11:00:00,0.87842,0.87867,0.87821,0.87848,1554,18,0
2024-03-13 11:30:00,0.87846,0.87878,0.87828,0.87868,824,17,0
2024-03-13 12:00:00,0.87869,0.87875,0.87808,0.87817,1143,19,0
2024-03-13 12:30:00,0.87816,0.87845,0.87809,0.87817,1136,18,0
2024-03-13 13:00:00,0.87816,0.87836,0.87774,0.87786,1305,17,0
2024-03-13 13:30:00,0.87786,0.87791,0.87714,0.87749,1340,18,0
2024-03-13 14:00:00,0.87748,0.87791,0.87698,0.87748,1606,17,0
2024-03-13 14:30:00,0.87751,0.87774,0.87717,0.87736,1550,18,0
2024-03-13 15:00:00,0.87736,0.87761,0.87707,0.87752,1157,16,0
2024-03-13 15:30:00,0.87751,0.87759,0.87663,0.87725,1925,18,0
2024-03-13 16:00:00,0.87726,0.87769,0.87683,0.87702,2033,18,0
2024-03-13 16:30:00,0.87703,0.87751,0.87668,0.87678,2325,18,0
2024-03-13 17:00:00,0.87681,0.87704,0.87651,0.87659,1785,19,0
2024-03-13 17:30:00,0.8766,0.87792,0.87658,0.87792,1139,16,0
2024-03-13 18:00:00,0.87793,0.87826,0.87744,0.87759,1653,17,0
2024-03-13 18:30:00,0.87757,0.87804,0.87742,0.87769,1388,17,0
2024-03-13 19:00:00,0.87769,0.87776,0.87679,0.87699,2642,17,0
2024-03-13 19:30:00,0.877,0.87725,0.87678,0.87719,1026,18,0
2024-03-13 20:00:00,0.87719,0.87762,0.87693,0.87754,1025,17,0
2024-03-13 20:30:00,0.87753,0.87829,0.87744,0.87821,983,17,0
2024-03-13 21:00:00,0.8782,0.87861,0.87804,0.87846,1046,18,0
2024-03-13 21:30:00,0.87843,0.87888,0.87842,0.87867,1060,18,0
2024-03-13 22:00:00,0.87868,0.8787,0.87852,0.87864,673,20,0
2024-03-13 22:30:00,0.87863,0.87881,0.87857,0.87871,418,24,0
2024-03-13 23:00:00,0.87868,0.87868,0.87838,0.87842,21,36,0
2024-03-13 23:30:00,0.87842,0.87863,0.87837,0.87854,354,30,0
2024-03-14 00:00:00,0.87854,0.87861,0.87837,0.87851,814,23,0
2024-03-14 00:30:00,0.87849,0.87856,0.87838,0.87855,1282,19,0
2024-03-14 01:00:00,0.87854,0.87866,0.87821,0.87822,634,21,0
2024-03-14 01:30:00,0.87822,0.87853,0.87821,0.87829,572,19,0
2024-03-14 02:00:00,0.87828,0.87863,0.87812,0.8785,726,19,0
2024-03-14 02:30:00,0.8785,0.87865,0.87831,0.87838,861,18,0
2024-03-14 03:00:00,0.87838,0.87844,0.8781,0.87832,1067,19,0
2024-03-14 03:30:00,0.87831,0.87853,0.87821,0.87823,870,21,0
2024-03-14 04:00:00,0.87822,0.87867,0.87817,0.87858,965,18,0
2024-03-14 04:30:00,0.87859,0.87906,0.87853,0.87886,750,19,0
2024-03-14 05:00:00,0.87885,0.87897,0.87873,0.87891,896,19,0
2024-03-14 05:30:00,0.87892,0.87921,0.87887,0.87918,858,19,0
2024-03-14 06:00:00,0.87918,0.87955,0.87916,0.87949,416,19,0
2024-03-14 06:30:00,0.8795,0.87963,0.87919,0.87924,373,16,0
2024-03-14 07:00:00,0.87925,0.87945,0.87917,0.87933,559,19,0
2024-03-14 07:30:00,0.87933,0.87969,0.87925,0.87958,715,17,0
2024-03-14 08:00:00,0.87959,0.87968,0.87933,0.87966,795,17,0
2024-03-14 08:30:00,0.87966,0.87986,0.87953,0.87959,735,18,0
2024-03-14 09:00:00,0.8796,0.8799,0.87953,0.87984,922,19,0
2024-03-14 09:30:00,0.87985,0.88001,0.87934,0.87992,1291,17,0
2024-03-14 10:00:00,0.87991,0.88016,0.8792,0.87941,1708,18,0
2024-03-14 10:30:00,0.8794,0.87994,0.8794,0.87985,1430,19,0
2024-03-14 11:00:00,0.87984,0.8799,0.8794,0.87967,1480,17,0
2024-03-14 11:30:00,0.87966,0.87989,0.87954,0.87959,1349,17,0
2024-03-14 12:00:00,0.87959,0.87978,0.879,0.87941,1220,17,0
2024-03-14 12:30:00,0.87942,0.87956,0.8792,0.87935,1090,18,0
2024-03-14 13:00:00,0.87935,0.87958,0.87896,0.87908,813,17,0
2024-03-14 13:30:00,0.87909,0.87922,0.87848,0.87848,1387,18,0
2024-03-14 14:00:00,0.87845,0.87917,0.87829,0.87884,2104,18,0
2024-03-14 14:30:00,0.87884,0.87992,0.87811,0.87961,5906,17,0
2024-03-14 15:00:00,0.87962,0.88059,0.87941,0.88059,3473,16,0
2024-03-14 15:30:00,0.88059,0.88137,0.88039,0.88075,3301,16,0
2024-03-14 16:00:00,0.88074,0.88206,0.88067,0.88182,2572,17,0
2024-03-14 16:30:00,0.88181,0.88254,0.88154,0.88215,2872,17,0
2024-03-14 17:00:00,0.88216,0.88347,0.88207,0.88334,2147,16,0
2024-03-14 17:30:00,0.88332,0.88374,0.88297,0.88332,2477,17,0
2024-03-14 18:00:00,0.88334,0.88345,0.88269,0.88287,2218,16,0
2024-03-14 18:30:00,0.88287,0.88317,0.88244,0.88307,1645,18,0
2024-03-14 19:00:00,0.88307,0.88346,0.88286,0.88346,1156,18,0
2024-03-14 19:30:00,0.88346,0.88385,0.88333,0.88344,1203,18,0
2024-03-14 20:00:00,0.88343,0.88363,0.88315,0.88361,1218,18,0
2024-03-14 20:30:00,0.88363,0.88377,0.88327,0.88368,932,18,0
2024-03-14 21:00:00,0.88368,0.88397,0.88354,0.88385,922,19,0
2024-03-14 21:30:00,0.88386,0.88403,0.88344,0.88347,1137,17,0
2024-03-14 22:00:00,0.88346,0.88377,0.88314,0.8836,731,19,0
2024-03-14 22:30:00,0.88359,0.88379,0.88352,0.88359,266,23,0
2024-03-14 23:00:00,0.88358,0.88363,0.88346,0.88351,19,33,0
2024-03-14 23:30:00,0.88351,0.88363,0.88344,0.88346,101,22,0
2024-03-15 00:00:00,0.88346,0.88391,0.88344,0.8839,204,21,0
2024-03-15 00:30:00,0.8839,0.884,0.88372,0.88394,224,22,0
2024-03-15 01:00:00,0.88396,0.88412,0.88385,0.88397,177,18,0
2024-03-15 01:30:00,0.88398,0.8843,0.88395,0.88422,342,19,0
2024-03-15 02:00:00,0.88422,0.88454,0.88401,0.88451,1040,18,0
2024-03-15 02:30:00,0.88449,0.88482,0.88436,0.88473,770,19,0
2024-03-15 03:00:00,0.88473,0.88476,0.8844,0.88453,1053,20,0
2024-03-15 03:30:00,0.88453,0.88478,0.88439,0.88469,1068,18,0
2024-03-15 04:00:00,0.88468,0.88491,0.88468,0.88476,268,19,0
2024-03-15 04:30:00,0.88476,0.88496,0.88468,0.88488,250,18,0
2024-03-15 05:00:00,0.88487,0.88493,0.88448,0.8846,248,19,0
2024-03-15 05:30:00,0.8846,0.88475,0.88443,0.88473,385,17,0
2024-03-15 06:00:00,0.88472,0.88478,0.8846,0.88471,787,19,0
2024-03-15 06:30:00,0.88472,0.88478,0.88461,0.88466,622,18,0
2024-03-15 07:00:00,0.88466,0.88482,0.8845,0.88482,669,19,0
2024-03-15 07:30:00,0.88483,0.88488,0.88455,0.88465,785,16,0
2024-03-15 08:00:00,0.88468,0.88479,0.88438,0.88451,1222,16,0
2024-03-15 08:30:00,0.88452,0.88495,0.88436,0.88453,1151,16,0
2024-03-15 09:00:00,0.88453,0.88495,0.8843,0.88471,1777,18,0
2024-03-15 09:30:00,0.8847,0.88493,0.88404,0.88481,1577,16,0
2024-03-15 10:00:00,0.88482,0.88516,0.88452,0.88457,2160,16,0
2024-03-15 10:30:00,0.88456,0.88476,0.88378,0.88412,1705,17,0
2024-03-15 11:00:00,0.8841,0.88412,0.88318,0.88344,1300,17,0
2024-03-15 11:30:00,0.88343,0.88348,0.88274,0.88287,1087,17,0
2024-03-15 12:00:00,0.88287,0.88348,0.88275,0.88297,1027,17,0
2024-03-15 12:30:00,0.88298,0.88367,0.88297,0.88337,1149,18,0
2024-03-15 13:00:00,0.88337,0.88344,0.8828,0.88287,1212,16,0
2024-03-15 13:30:00,0.88288,0.88294,0.88186,0.88194,1256,17,0
2024-03-15 14:00:00,0.88193,0.8823,0.88182,0.8821,1256,17,0
2024-03-15 14:30:00,0.88206,0.88291,0.88194,0.88258,2554,16,0
2024-03-15 15:00:00,0.88258,0.88287,0.88189,0.88275,2083,17,0
2024-03-15 15:30:00,0.88276,0.88302,0.88226,0.88269,2329,17,0
2024-03-15 16:00:00,0.88269,0.8831,0.88222,0.88301,2349,16,0
2024-03-15 16:30:00,0.88302,0.88324,0.88259,0.88298,1888,18,0
2024-03-15 17:00:00,0.88297,0.88325,0.88264,0.88313,1595,18,0
2024-03-15 17:30:00,0.88314,0.88407,0.88307,0.88357,1749,16,0
2024-03-15 18:00:00,0.88358,0.88395,0.88318,0.88341,1573,18,0
2024-03-15 18:30:00,0.8834,0.88402,0.88335,0.88401,1318,17,0
2024-03-15 19:00:00,0.88398,0.88429,0.88378,0.88415,608,18,0
2024-03-15 19:30:00,0.88416,0.88444,0.88391,0.88401,774,16,0
2024-03-15 20:00:00,0.88403,0.88404,0.88363,0.88368,877,18,0
2024-03-15 20:30:00,0.88368,0.88382,0.88349,0.88381,593,16,0
2024-03-15 21:00:00,0.88381,0.88391,0.88348,0.88352,897,17,0
2024-03-15 21:30:00,0.88354,0.88377,0.88343,0.8835,914,17,0
2024-03-15 22:00:00,0.88349,0.88359,0.88335,0.88342,795,19,0
2024-03-15 22:30:00,0.88343,0.88354,0.88327,0.88349,524,26,0
2024-03-18 00:00:00,0.88279,0.88343,0.88263,0.88321,1053,17,0
2024-03-18 00:30:00,0.88321,0.88356,0.88319,0.88327,5069,18,0
2024-03-18 01:00:00,0.88325,0.88352,0.88324,0.88342,4364,20,0
2024-03-18 01:30:00,0.88343,0.88355,0.88329,0.88349,3905,20,0
2024-03-18 02:00:00,0.88344,0.88375,0.88334,0.88334,648,17,0
2024-03-18 02:30:00,0.88332,0.8836,0.88329,0.8835,575,19,0
2024-03-18 03:00:00,0.8835,0.88383,0.88342,0.88379,451,18,0
2024-03-18 03:30:00,0.88379,0.88379,0.88319,0.88323,889,17,0
2024-03-18 04:00:00,0.88322,0.88326,0.88297,0.88303,1052,20,0
2024-03-18 04:30:00,0.88304,0.88305,0.88271,0.88284,994,20,0
2024-03-18 05:00:00,0.88284,0.88293,0.88269,0.88284,711,17,0
2024-03-18 05:30:00,0.88283,0.88321,0.8827,0.8832,675,20,0
2024-03-18 06:00:00,0.88319,0.8833,0.88311,0.88322,567,19,0
2024-03-18 06:30:00,0.88321,0.88344,0.88314,0.88343,648,20,0
2024-03-18 07:00:00,0.88343,0.8835,0.88331,0.88338,507,20,0
2024-03-18 07:30:00,0.88342,0.88343,0.88321,0.88336,593,20,0
2024-03-18 08:00:00,0.88337,0.88361,0.88326,0.88345,978,19,0
2024-03-18 08:30:00,0.88345,0.88383,0.88335,0.88373,769,19,0
2024-03-18 09:00:00,0.88371,0.88399,0.88346,0.88383,901,17,0
2024-03-18 09:30:00,0.88383,0.88406,0.88345,0.88394,1386,16,0
2024-03-18 10:00:00,0.88394,0.88415,0.88356,0.88366,1879,19,0
2024-03-18 10:30:00,0.88365,0.88383,0.8833,0.8835,1940,18,0
2024-03-18 11:00:00,0.88351,0.88382,0.8833,0.88356,1431,17,0
2024-03-18 11:30:00,0.88354,0.88412,0.88346,0.88401,1225,19,0
2024-03-18 12:00:00,0.88401,0.88439,0.88355,0.88363,1264,16,0
2024-03-18 12:30:00,0.88362,0.88371,0.883,0.88303,1082,16,0
2024-03-18 13:00:00,0.88304,0.8831,0.88229,0.88237,1373,16,0
2024-03-18 13:30:00,0.88235,0.88255,0.88206,0.88253,1190,19,0
2024-03-18 14:00:00,0.88255,0.88279,0.8823,0.88274,1394,18,0
2024-03-18 14:30:00,0.88273,0.88388,0.88272,0.88361,1573,17,0
2024-03-18 15:00:00,0.88362,0.88437,0.88362,0.88426,1365,16,0
2024-03-18 15:30:00,0.88427,0.88499,0.8841,0.88468,1361,16,0
2024-03-18 16:00:00,0.88468,0.88479,0.88434,0.88463,1396,16,0
2024-03-18 16:30:00,0.88462,0.88597,0.88459,0.88576,1721,16,0
2024-03-18 17:00:00,0.88576,0.88584,0.8853,0.88532,1448,16,0
2024-03-18 17:30:00,0.88532,0.8863,0.88529,0.88613,1524,17,0
2024-03-18 18:00:00,0.88615,0.88695,0.88611,0.88661,1652,16,0
2024-03-18 18:30:00,0.88662,0.88695,0.88643,0.88686,1379,16,0
2024-03-18 19:00:00,0.88687,0.88751,0.88652,0.88748,1316,17,0
2024-03-18 19:30:00,0.88747,0.88828,0.88745,0.88774,801,17,0
2024-03-18 20:00:00,0.88775,0.88792,0.88757,0.88785,869,17,0
2024-03-18 20:30:00,0.88783,0.88812,0.88775,0.88794,905,18,0
2024-03-18 21:00:00,0.88795,0.88796,0.88763,0.88794,716,16,0
2024-03-18 21:30:00,0.88794,0.88831,0.88776,0.88826,803,16,0
2024-03-18 22:00:00,0.88827,0.88834,0.8879,0.88797,645,20,0
2024-03-18 22:30:00,0.88798,0.88802,0.88755,0.88765,519,23,0
2024-03-18 23:00:00,0.88759,0.88759,0.88674,0.88679,11,41,0
2024-03-18 23:30:00,0.88696,0.88745,0.88694,0.88707,3186,47,0
2024-03-19 00:00:00,0.88708,0.88755,0.88708,0.88721,624,20,0
2024-03-19 00:30:00,0.88721,0.88761,0.88718,0.88736,1904,19,0
2024-03-19 01:00:00,0.88737,0.88753,0.88733,0.8874,974,20,0
2024-03-19 01:30:00,0.8874,0.88748,0.8873,0.88746,643,20,0
2024-03-19 02:00:00,0.88746,0.88766,0.88739,0.88764,688,18,0
2024-03-19 02:30:00,0.88765,0.88831,0.88756,0.88831,372,18,0
2024-03-19 03:00:00,0.88831,0.88861,0.88819,0.88855,1312,16,0
2024-03-19 03:30:00,0.88856,0.88866,0.88836,0.88854,1288,17,0
2024-03-19 04:00:00,0.88853,0.88855,0.88804,0.88813,1071,21,0
2024-03-19 04:30:00,0.88813,0.88834,0.88803,0.8883,1063,20,0
2024-03-19 05:00:00,0.8883,0.88842,0.88768,0.88793,1322,17,0
2024-03-19 05:30:00,0.88794,0.88841,0.88781,0.888,3198,18,0
2024-03-19 06:00:00,0.88801,0.88805,0.88764,0.88795,1823,19,0
2024-03-19 06:30:00,0.88796,0.88839,0.88796,0.88824,1717,19,0
2024-03-19 07:00:00,0.88825,0.88868,0.88793,0.88858,1619,16,0
2024-03-19 07:30:00,0.88861,0.88874,0.88847,0.8886,653,18,0
2024-03-19 08:00:00,0.8886,0.88922,0.88858,0.88873,1334,18,0
2024-03-19 08:30:00,0.88871,0.88924,0.88863,0.88918,2519,19,0
2024-03-19 09:00:00,0.88917,0.8894,0.88851,0.88868,1937,16,0
2024-03-19 09:30:00,0.88868,0.88941,0.88848,0.88933,1948,16,0
2024-03-19 10:00:00,0.88933,0.88977,0.88886,0.88887,2696,17,0
2024-03-19 10:30:00,0.88887,0.88933,0.88698,0.88722,2823,17,0
2024-03-19 11:00:00,0.88723,0.88827,0.88713,0.88823,2013,18,0
2024-03-19 11:30:00,0.88823,0.88848,0.88746,0.88796,1633,17,0
2024-03-19 12:00:00,0.88793,0.88851,0.88754,0.88846,1777,16,0
2024-03-19 12:30:00,0.88846,0.88944,0.88841,0.88899,2028,16,0
2024-03-19 13:00:00,0.889,0.8891,0.88782,0.88797,2046,17,0
2024-03-19 13:30:00,0.88796,0.8882,0.88722,0.88746,1605,16,0
2024-03-19 14:00:00,0.88746,0.88813,0.88713,0.88797,1439,17,0
2024-03-19 14:30:00,0.88796,0.88828,0.88696,0.88696,1989,16,0
2024-03-19 15:00:00,0.88697,0.88753,0.88661,0.88729,1522,16,0
2024-03-19 15:30:00,0.88729,0.88813,0.88728,0.88791,1535,16,0
2024-03-19 16:00:00,0.8879,0.88815,0.8872,0.88744,2013,17,0
2024-03-19 16:30:00,0.88743,0.88796,0.88743,0.88766,1093,17,0
2024-03-19 17:00:00,0.88767,0.88833,0.88767,0.88821,1259,17,0
2024-03-19 17:30:00,0.88823,0.88865,0.88797,0.88811,1541,16,0
2024-03-19 18:00:00,0.8881,0.88849,0.88792,0.88803,922,17,0
2024-03-19 18:30:00,0.88803,0.88839,0.88775,0.88794,1491,17,0
2024-03-19 19:00:00,0.88794,0.88811,0.8874,0.8878,1401,16,0
2024-03-19 19:30:00,0.8878,0.88816,0.88767,0.88793,720,17,0
2024-03-19 20:00:00,0.88794,0.88821,0.88772,0.88808,729,19,0
2024-03-19 20:30:00,0.88808,0.88828,0.88795,0.88812,671,19,0
2024-03-19 21:00:00,0.88811,0.88816,0.88778,0.88786,517,19,0
2024-03-19 21:30:00,0.88787,0.88823,0.88786,0.88808,772,19,0
2024-03-19 22:00:00,0.8881,0.8881,0.88794,0.88802,369,21,0
2024-03-19 22:30:00,0.88803,0.88812,0.88793,0.88794,161,23,0
2024-03-19 23:00:00,0.88793,0.88793,0.88728,0.88741,140,35,0
2024-03-19 23:30:00,0.88742,0.88778,0.88741,0.88761,2939,41,0
2024-03-20 00:00:00,0.88763,0.88818,0.88763,0.88802,1289,23,0
2024-03-20 00:30:00,0.88802,0.88813,0.88797,0.88797,229,19,0
2024-03-20 01:00:00,0.88794,0.88826,0.88792,0.88817,307,21,0
2024-03-20 01:30:00,0.88816,0.88854,0.88814,0.88848,604,20,0
2024-03-20 02:00:00,0.88849,0.88894,0.88845,0.88883,624,18,0
2024-03-20 02:30:00,0.88885,0.8889,0.88847,0.88852,280,18,0
2024-03-20 03:00:00,0.88852,0.88886,0.88847,0.88872,398,18,0
2024-03-20 03:30:00,0.88872,0.88907,0.88866,0.88897,899,17,0
2024-03-20 04:00:00,0.88897,0.88916,0.88883,0.88886,720,18,0
2024-03-20 04:30:00,0.88884,0.88891,0.88859,0.88869,596,19,0
2024-03-20 05:00:00,0.88868,0.88879,0.88851,0.88856,539,20,0
2024-03-20 05:30:00,0.88856,0.8886,0.88838,0.88843,424,20,0
2024-03-20 06:00:00,0.88843,0.88885,0.88842,0.88876,479,19,0
2024-03-20 06:30:00,0.88875,0.88917,0.88858,0.88914,695,19,0
2024-03-20 07:00:00,0.88914,0.88946,0.88898,0.88929,380,18,0
2024-03-20 07:30:00,0.88929,0.8893,0.88902,0.8891,465,19,0
2024-03-20 08:00:00,0.88911,0.88953,0.8891,0.88945,980,16,0
2024-03-20 08:30:00,0.88945,0.88945,0.88891,0.88906,1443,17,0
2024-03-20 09:00:00,0.88907,0.88939,0.88852,0.88883,1669,17,0
2024-03-20 09:30:00,0.88883,0.88976,0.88873,0.88974,1290,16,0
2024-03-20 10:00:00,0.88974,0.89036,0.88952,0.88974,1883,17,0
2024-03-20 10:30:00,0.88973,0.89014,0.88954,0.89002,1611,18,0
2024-03-20 11:00:00,0.89002,0.89087,0.88997,0.89059,1388,17,0
2024-03-20 11:30:00,0.89059,0.89141,0.89052,0.89096,1217,18,0
2024-03-20 12:00:00,0.89095,0.89179,0.89093,0.89168,1171,18,0
2024-03-20 12:30:00,0.89166,0.89174,0.89114,0.8912,1015,17,0
2024-03-20 13:00:00,0.8912,0.89121,0.89048,0.89078,1434,17,0
2024-03-20 13:30:00,0.89076,0.89089,0.89026,0.89055,1062,16,0
2024-03-20 14:00:00,0.89055,0.89074,0.8904,0.89042,988,17,0
2024-03-20 14:30:00,0.89043,0.89086,0.89027,0.89041,1193,17,0
2024-03-20 15:00:00,0.89043,0.89109,0.89029,0.89098,1320,18,0
2024-03-20 15:30:00,0.89097,0.89123,0.89075,0.89116,1674,16,0
2024-03-20 16:00:00,0.89117,0.89132,0.89015,0.89044,1744,16,0
2024-03-20 16:30:00,0.89045,0.89081,0.89022,0.8908,1171,17,0
2024-03-20 17:00:00,0.89079,0.89141,0.89053,0.89111,1253,16,0
2024-03-20 17:30:00,0.8911,0.89154,0.89094,0.89107,1541,18,0
2024-03-20 18:00:00,0.89106,0.89133,0.89063,0.8907,1090,17,0
2024-03-20 18:30:00,0.89071,0.89104,0.89043,0.89067,901,16,0
2024-03-20 19:00:00,0.89065,0.89157,0.89062,0.89135,1131,18,0
2024-03-20 19:30:00,0.89135,0.89146,0.89,0.89,1066,16,0
2024-03-20 20:00:00,0.89022,0.89094,0.88831,0.88995,6598,17,0
2024-03-20 20:30:00,0.88996,0.89128,0.88622,0.88633,8936,16,0
2024-03-20 21:00:00,0.88633,0.88702,0.88582,0.88636,5766,17,0
2024-03-20 21:30:00,0.8864,0.88661,0.88594,0.88659,3133,17,0
2024-03-20 22:00:00,0.8866,0.88701,0.88635,0.88701,1507,21,0
2024-03-20 22:30:00,0.887,0.88701,0.88653,0.88672,583,24,0
2024-03-20 23:00:00,0.88677,0.88677,0.88611,0.88616,31,22,0
2024-03-20 23:30:00,0.88616,0.88659,0.88616,0.88659,1949,22,0
2024-03-21 00:00:00,0.88659,0.8866,0.88568,0.88578,1209,18,0
2024-03-21 00:30:00,0.88576,0.88595,0.88562,0.88562,1429,16,0
2024-03-21 01:00:00,0.88562,0.88581,0.88538,0.88542,1353,18,0
2024-03-21 01:30:00,0.88543,0.8857,0.88535,0.88556,1203,18,0
2024-03-21 02:00:00,0.88557,0.88567,0.88495,0.88545,1718,17,0
2024-03-21 02:30:00,0.88545,0.88556,0.88489,0.885,2162,20,0
2024-03-21 03:00:00,0.88503,0.8851,0.88391,0.88394,2668,18,0
2024-03-21 03:30:00,0.88394,0.8844,0.88385,0.88424,1440,17,0
2024-03-21 04:00:00,0.88425,0.88477,0.88412,0.88462,960,18,0
2024-03-21 04:30:00,0.88462,0.88495,0.88458,0.8848,895,19,0
2024-03-21 05:00:00,0.88481,0.88492,0.8846,0.88479,814,19,0
2024-03-21 05:30:00,0.8848,0.88512,0.88467,0.88487,773,17,0
2024-03-21 06:00:00,0.88486,0.88498,0.88475,0.88494,537,18,0
2024-03-21 06:30:00,0.88493,0.8853,0.88486,0.88521,603,19,0
2024-03-21 07:00:00,0.88522,0.88538,0.88507,0.88534,546,19,0
2024-03-21 07:30:00,0.88534,0.88584,0.8852,0.88552,510,18,0
2024-03-21 08:00:00,0.88552,0.88562,0.88531,0.8856,1372,19,0
2024-03-21 08:30:00,0.8856,0.88578,0.88505,0.88515,1521,19,0
2024-03-21 09:00:00,0.88516,0.88543,0.8845,0.88451,1615,18,0
2024-03-21 09:30:00,0.88451,0.88532,0.88439,0.88527,2136,17,0
2024-03-21 10:00:00,0.8853,0.88718,0.8853,0.88705,2657,17,0
2024-03-21 10:30:00,0.88717,0.89736,0.88704,0.8948,6629,16,0
2024-03-21 11:00:00,0.8948,0.89678,0.89399,0.89446,3657,16,0
2024-03-21 11:30:00,0.89446,0.89462,0.89252,0.89456,3562,16,0
2024-03-21 12:00:00,0.89458,0.89458,0.89285,0.89305,2963,17,0
2024-03-21 12:30:00,0.89303,0.89391,0.89228,0.89249,2741,18,0
2024-03-21 13:00:00,0.89251,0.89315,0.8923,0.893,2404,16,0
2024-03-21 13:30:00,0.89293,0.89342,0.89247,0.89308,1899,16,0
2024-03-21 14:00:00,0.89307,0.89472,0.89261,0.89447,2597,16,0
2024-03-21 14:30:00,0.89447,0.89531,0.89439,0.89456,2699,16,0
2024-03-21 15:00:00,0.89455,0.89763,0.89453,0.89761,2493,17,0
2024-03-21 15:30:00,0.89761,0.89813,0.89635,0.89735,4800,16,0
2024-03-21 16:00:00,0.89751,0.89902,0.89735,0.89836,3625,16,0
2024-03-21 16:30:00,0.89836,0.89897,0.89799,0.89828,3686,16,0
2024-03-21 17:00:00,0.89829,0.89902,0.89779,0.89817,2648,16,0
2024-03-21 17:30:00,0.89818,0.89922,0.89791,0.89916,2387,16,0
2024-03-21 18:00:00,0.89915,0.89932,0.89852,0.89874,1992,16,0
2024-03-21 18:30:00,0.89874,0.89885,0.89809,0.89812,1605,16,0
2024-03-21 19:00:00,0.89813,0.8986,0.89776,0.89847,1738,17,0
2024-03-21 19:30:00,0.8985,0.89872,0.89824,0.89825,1351,16,0
2024-03-21 20:00:00,0.89825,0.8983,0.89798,0.89815,1329,19,0
2024-03-21 20:30:00,0.89815,0.89827,0.89787,0.89797,1157,18,0
2024-03-21 21:00:00,0.89794,0.89846,0.89784,0.89819,561,18,0
2024-03-21 21:30:00,0.89818,0.89828,0.89794,0.89795,714,17,0
2024-03-21 22:00:00,0.89795,0.89808,0.89769,0.89785,436,19,0
2024-03-21 22:30:00,0.89784,0.89785,0.8973,0.89738,839,22,0
2024-03-21 23:00:00,0.89748,0.89748,0.89741,0.89741,24,45,0
2024-03-21 23:30:00,0.89741,0.89747,0.89723,0.89733,49,43,0
2024-03-22 00:00:00,0.89733,0.89773,0.8973,0.8976,712,20,0
2024-03-22 00:30:00,0.8976,0.89789,0.89751,0.89761,632,17,0
2024-03-22 01:00:00,0.89761,0.89775,0.89755,0.89757,605,19,0
2024-03-22 01:30:00,0.89756,0.89773,0.89744,0.89766,743,16,0
2024-03-22 02:00:00,0.89762,0.89768,0.89696,0.89715,934,19,0
2024-03-22 02:30:00,0.8971,0.89742,0.89692,0.8974,1053,17,0
2024-03-22 03:00:00,0.8974,0.89799,0.89731,0.89791,620,19,0
2024-03-22 03:30:00,0.89793,0.89912,0.89791,0.89907,1801,17,0
2024-03-22 04:00:00,0.89908,0.89932,0.89871,0.89888,951,17,0
2024-03-22 04:30:00,0.89886,0.89942,0.89884,0.89935,966,18,0
2024-03-22 05:00:00,0.89935,0.89938,0.89901,0.89922,601,17,0
2024-03-22 05:30:00,0.89916,0.89926,0.89873,0.89904,1084,18,0
2024-03-22 06:00:00,0.89902,0.89916,0.89893,0.89914,832,18,0
2024-03-22 06:30:00,0.89914,0.89924,0.89884,0.899,541,16,0
2024-03-22 07:00:00,0.89899,0.89899,0.89868,0.89876,905,18,0
2024-03-22 07:30:00,0.89878,0.89886,0.89806,0.89806,1069,18,0
2024-03-22 08:00:00,0.89813,0.89853,0.89808,0.89851,836,16,0
2024-03-22 08:30:00,0.89851,0.89899,0.89838,0.89858,1478,18,0
2024-03-22 09:00:00,0.89858,0.89934,0.89826,0.89925,1268,17,0
2024-03-22 09:30:00,0.89925,0.89949,0.89896,0.89916,1265,17,0
2024-03-22 10:00:00,0.89916,0.9009,0.89892,0.90044,1996,16,0
2024-03-22 10:30:00,0.90043,0.90193,0.90033,0.90098,2026,16,0
2024-03-22 11:00:00,0.90098,0.90098,0.89988,0.90038,2556,16,0
2024-03-22 11:30:00,0.90043,0.90115,0.90017,0.90039,1480,17,0
2024-03-22 12:00:00,0.9004,0.90075,0.89994,0.90014,1788,16,0
2024-03-22 12:30:00,0.9001,0.90046,0.90004,0.90041,1058,16,0
2024-03-22 13:00:00,0.90039,0.9005,0.89957,0.90024,1164,16,0
2024-03-22 13:30:00,0.90024,0.90105,0.9,0.90051,1442,16,0
2024-03-22 14:00:00,0.90052,0.90068,0.89848,0.89885,2435,16,0
2024-03-22 14:30:00,0.89883,0.89916,0.89826,0.89837,2387,16,0
2024-03-22 15:00:00,0.89837,0.89893,0.89801,0.89833,1996,16,0
2024-03-22 15:30:00,0.89834,0.89841,0.89733,0.89747,2565,16,0
2024-03-22 16:00:00,0.89745,0.89817,0.89683,0.89795,1946,16,0
2024-03-22 16:30:00,0.89795,0.89826,0.89766,0.89822,1472,18,0
2024-03-22 17:00:00,0.89822,0.89862,0.89745,0.8977,1453,16,0
2024-03-22 17:30:00,0.8977,0.89886,0.89769,0.89822,1273,16,0
2024-03-22 18:00:00,0.89822,0.89853,0.89763,0.89835,1716,16,0
2024-03-22 18:30:00,0.89836,0.89887,0.89823,0.89865,795,16,0
2024-03-22 19:00:00,0.89865,0.8989,0.89844,0.89867,1301,16,0
2024-03-22 19:30:00,0.89869,0.89882,0.89853,0.89866,522,16,0
2024-03-22 20:00:00,0.89867,0.8988,0.89852,0.89865,568,18,0
2024-03-22 20:30:00,0.89865,0.89879,0.89853,0.89863,824,17,0
2024-03-22 21:00:00,0.89862,0.89878,0.89853,0.89867,705,17,0
2024-03-22 21:30:00,0.89868,0.8987,0.89787,0.89789,1054,17,0
2024-03-22 22:00:00,0.8979,0.89792,0.89643,0.89651,608,20,0
2024-03-22 22:30:00,0.8965,0.89732,0.89641,0.89705,596,24,0
2024-03-25 00:00:00,0.89726,0.89747,0.8969,0.89743,493,16,0
2024-03-25 00:30:00,0.89743,0.89752,0.8971,0.89728,599,17,0
2024-03-25 01:00:00,0.89727,0.89734,0.89705,0.89734,291,16,0
2024-03-25 01:30:00,0.89733,0.89762,0.89727,0.89757,1091,19,0
2024-03-25 02:00:00,0.89757,0.8983,0.89737,0.8983,678,17,0
2024-03-25 02:30:00,0.8983,0.89834,0.89809,0.89827,290,17,0
2024-03-25 03:00:00,0.89827,0.89832,0.89704,0.89731,1782,17,0
2024-03-25 03:30:00,0.89732,0.89754,0.89688,0.89727,2379,19,0
2024-03-25 04:00:00,0.89726,0.89738,0.89708,0.89714,1651,19,0
2024-03-25 04:30:00,0.89713,0.89718,0.89686,0.89704,1190,18,0
2024-03-25 05:00:00,0.89705,0.89749,0.89704,0.89749,1013,18,0
2024-03-25 05:30:00,0.89749,0.89772,0.89737,0.89759,972,17,0
2024-03-25 06:00:00,0.8976,0.89771,0.89751,0.89766,1091,17,0
2024-03-25 06:30:00,0.89766,0.8978,0.89753,0.89762,737,18,0
2024-03-25 07:00:00,0.89761,0.89762,0.89731,0.89742,785,18,0
2024-03-25 07:30:00,0.89741,0.89741,0.89695,0.89706,585,17,0
2024-03-25 08:00:00,0.89706,0.89747,0.89694,0.89735,520,18,0
2024-03-25 08:30:00,0.89735,0.89773,0.89735,0.89762,621,17,0
2024-03-25 09:00:00,0.89763,0.89788,0.89734,0.89764,817,16,0
2024-03-25 09:30:00,0.89764,0.89801,0.89709,0.898,1435,16,0
2024-03-25 10:00:00,0.89799,0.89814,0.89735,0.89762,1594,16,0
2024-03-25 10:30:00,0.89756,0.89858,0.89751,0.89823,1757,18,0
2024-03-25 11:00:00,0.89822,0.89852,0.89783,0.89785,1130,18,0
2024-03-25 11:30:00,0.8978,0.89829,0.89751,0.89767,1408,17,0
2024-03-25 12:00:00,0.89767,0.89795,0.89733,0.89768,1329,18,0
2024-03-25 12:30:00,0.89769,0.89793,0.89764,0.89783,825,17,0
2024-03-25 13:00:00,0.89785,0.89822,0.8978,0.89785,575,17,0
2024-03-25 13:30:00,0.89786,0.89803,0.89766,0.89784,982,17,0
2024-03-25 14:00:00,0.89783,0.89785,0.89725,0.89742,1347,18,0
2024-03-25 14:30:00,0.89743,0.8976,0.89712,0.89753,1509,17,0
2024-03-25 15:00:00,0.89755,0.89778,0.89712,0.89778,1544,17,0
2024-03-25 15:30:00,0.89779,0.8978,0.89682,0.89748,1577,16,0
2024-03-25 16:00:00,0.89746,0.8976,0.89705,0.89705,1457,17,0
2024-03-25 16:30:00,0.89704,0.89754,0.8969,0.89746,1497,16,0
2024-03-25 17:00:00,0.89747,0.89826,0.89747,0.89809,832,16,0
2024-03-25 17:30:00,0.8981,0.89835,0.89793,0.89823,933,17,0
2024-03-25 18:00:00,0.89822,0.89876,0.89802,0.8986,820,17,0
2024-03-25 18:30:00,0.8986,0.89897,0.89847,0.89892,707,16,0
2024-03-25 19:00:00,0.89893,0.89913,0.89843,0.89876,1452,16,0
2024-03-25 19:30:00,0.89875,0.89881,0.89858,0.89866,800,18,0
2024-03-25 20:00:00,0.89866,0.89905,0.89864,0.89865,640,16,0
2024-03-25 20:30:00,0.89864,0.89908,0.89864,0.89884,680,17,0
2024-03-25 21:00:00,0.89882,0.89895,0.89859,0.89863,719,17,0
2024-03-25 21:30:00,0.89862,0.89903,0.89854,0.89903,613,18,0
2024-03-25 22:00:00,0.89903,0.89917,0.89902,0.89915,388,17,0
2024-03-25 22:30:00,0.89915,0.89944,0.89902,0.89902,415,22,0
2024-03-25 23:00:00,0.89912,0.89929,0.89864,0.89865,38,43,0
2024-03-25 23:30:00,0.89862,0.89923,0.89862,0.89903,3033,30,0
2024-03-26 00:00:00,0.89903,0.8996,0.899,0.89952,925,20,0
2024-03-26 00:30:00,0.89951,0.89977,0.89941,0.89957,285,19,0
2024-03-26 01:00:00,0.89958,0.8996,0.89943,0.89946,192,19,0
2024-03-26 01:30:00,0.89948,0.89953,0.89941,0.8995,182,20,0
2024-03-26 02:00:00,0.89949,0.89978,0.89935,0.89958,385,20,0
2024-03-26 02:30:00,0.89958,0.89966,0.89914,0.89931,597,18,0
2024-03-26 03:00:00,0.89931,0.89945,0.89894,0.89935,1089,16,0
2024-03-26 03:30:00,0.89934,0.89962,0.89925,0.89951,1127,17,0
2024-03-26 04:00:00,0.89951,0.89963,0.89938,0.89942,696,18,0
2024-03-26 04:30:00,0.89942,0.89973,0.89933,0.89965,752,18,0
2024-03-26 05:00:00,0.89964,0.9,0.89955,0.89997,436,17,0
2024-03-26 05:30:00,0.89999,0.9005,0.89991,0.90035,437,18,0
2024-03-26 06:00:00,0.90035,0.90041,0.90021,0.90022,358,18,0
2024-03-26 06:30:00,0.90022,0.90048,0.90017,0.90035,459,20,0
2024-03-26 07:00:00,0.90035,0.90042,0.9002,0.90034,539,19,0
2024-03-26 07:30:00,0.90033,0.90042,0.9,0.90006,680,16,0
2024-03-26 08:00:00,0.90007,0.90011,0.89963,0.89973,905,18,0
2024-03-26 08:30:00,0.89972,0.90003,0.89947,0.89998,719,19,0
2024-03-26 09:00:00,0.89999,0.90037,0.89982,0.89998,1023,16,0
2024-03-26 09:30:00,0.89997,0.9008,0.89989,0.90073,1372,16,0
2024-03-26 10:00:00,0.90072,0.90168,0.90067,0.90077,1888,16,0
2024-03-26 10:30:00,0.90077,0.90106,0.90031,0.90087,1591,17,0
2024-03-26 11:00:00,0.90088,0.90134,0.90042,0.90046,1545,17,0
2024-03-26 11:30:00,0.90046,0.90137,0.90017,0.90134,1753,17,0
2024-03-26 12:00:00,0.90136,0.90141,0.90084,0.90093,1294,16,0
2024-03-26 12:30:00,0.90094,0.90098,0.90006,0.90038,1311,17,0
2024-03-26 13:00:00,0.90039,0.90127,0.90006,0.90103,1434,16,0
2024-03-26 13:30:00,0.90105,0.90221,0.90101,0.90203,1412,18,0
2024-03-26 14:00:00,0.90202,0.90243,0.90141,0.90234,1477,16,0
2024-03-26 14:30:00,0.90235,0.90384,0.90229,0.90324,2322,17,0
2024-03-26 15:00:00,0.90324,0.90425,0.90291,0.90338,1918,16,0
2024-03-26 15:30:00,0.90338,0.90349,0.90212,0.90255,2244,16,0
2024-03-26 16:00:00,0.90255,0.90303,0.90195,0.90252,2264,18,0
2024-03-26 16:30:00,0.90252,0.90299,0.90218,0.90295,1719,16,0
2024-03-26 17:00:00,0.90295,0.90317,0.90196,0.90231,1454,18,0
2024-03-26 17:30:00,0.90231,0.90318,0.90231,0.90266,2083,16,0
2024-03-26 18:00:00,0.90267,0.90375,0.90258,0.90328,1293,16,0
2024-03-26 18:30:00,0.90327,0.90379,0.90323,0.90357,1151,17,0
2024-03-26 19:00:00,0.90357,0.9038,0.90318,0.90323,1301,17,0
2024-03-26 19:30:00,0.90323,0.90391,0.90313,0.90387,896,19,0
2024-03-26 20:00:00,0.90387,0.90404,0.90317,0.90317,435,17,0
2024-03-26 20:30:00,0.90315,0.9036,0.90299,0.90339,386,18,0
2024-03-26 21:00:00,0.90337,0.90348,0.90327,0.90345,632,17,0
2024-03-26 21:30:00,0.90346,0.90406,0.90333,0.90405,796,18,0
2024-03-26 22:00:00,0.90405,0.90405,0.90372,0.90385,206,18,0
2024-03-26 22:30:00,0.90385,0.90393,0.90363,0.90363,215,24,0
2024-03-26 23:00:00,0.90363,0.90363,0.9027,0.90329,62,37,0
2024-03-26 23:30:00,0.90329,0.90354,0.90329,0.9034,554,30,0
2024-03-27 00:00:00,0.90344,0.90366,0.9033,0.90362,328,19,0
2024-03-27 00:30:00,0.90365,0.90368,0.90355,0.90362,564,20,0
2024-03-27 01:00:00,0.90363,0.90384,0.9036,0.9038,460,20,0
2024-03-27 01:30:00,0.90381,0.90388,0.90354,0.90357,238,19,0
2024-03-27 02:00:00,0.90359,0.90363,0.90336,0.90346,711,16,0
2024-03-27 02:30:00,0.90347,0.90377,0.90332,0.90348,574,18,0
2024-03-27 03:00:00,0.90347,0.90377,0.90318,0.90371,1076,17,0
2024-03-27 03:30:00,0.90371,0.90409,0.90362,0.9037,1187,18,0
2024-03-27 04:00:00,0.90369,0.904,0.90363,0.90381,765,16,0
2024-03-27 04:30:00,0.90381,0.90407,0.90371,0.90397,455,18,0
2024-03-27 05:00:00,0.90397,0.90414,0.90349,0.9036,830,18,0
2024-03-27 05:30:00,0.90359,0.90401,0.90358,0.90386,347,19,0
2024-03-27 06:00:00,0.90387,0.90387,0.90348,0.90357,225,18,0
2024-03-27 06:30:00,0.90356,0.90383,0.90356,0.90379,205,17,0
2024-03-27 07:00:00,0.9038,0.90413,0.90379,0.90409,199,18,0
2024-03-27 07:30:00,0.90408,0.90427,0.90392,0.90423,310,16,0
2024-03-27 08:00:00,0.90425,0.90429,0.90366,0.90403,645,16,0
2024-03-27 08:30:00,0.90403,0.9042,0.90369,0.90397,667,19,0
2024-03-27 09:00:00,0.90398,0.90494,0.90397,0.90488,1221,17,0
2024-03-27 09:30:00,0.90489,0.90551,0.90481,0.90528,1277,17,0
2024-03-27 10:00:00,0.90529,0.90621,0.90522,0.90576,1450,16,0
2024-03-27 10:30:00,0.90577,0.90604,0.9048,0.90519,1151,16,0
2024-03-27 11:00:00,0.90521,0.90531,0.9037,0.90424,2657,17,0
2024-03-27 11:30:00,0.90429,0.90547,0.90427,0.90527,1459,17,0
2024-03-27 12:00:00,0.90526,0.90546,0.90477,0.90527,1226,16,0
2024-03-27 12:30:00,0.90527,0.90568,0.90513,0.90558,1390,16,0
2024-03-27 13:00:00,0.90558,0.90574,0.90528,0.90567,1007,17,0
2024-03-27 13:30:00,0.90565,0.90682,0.90553,0.90671,1258,17,0
2024-03-27 14:00:00,0.90671,0.90689,0.90645,0.90671,1173,17,0
2024-03-27 14:30:00,0.90672,0.90699,0.90626,0.90667,1414,16,0
2024-03-27 15:00:00,0.90667,0.90707,0.90652,0.90672,1146,16,0
2024-03-27 15:30:00,0.90672,0.90678,0.90555,0.90607,1693,16,0
2024-03-27 16:00:00,0.90606,0.90624,0.90572,0.90593,1591,16,0
2024-03-27 16:30:00,0.90593,0.90605,0.90497,0.90526,1897,16,0
2024-03-27 17:00:00,0.90526,0.9067,0.90522,0.90663,957,16,0
2024-03-27 17:30:00,0.90663,0.90663,0.90535,0.90549,2054,17,0
2024-03-27 18:00:00,0.9055,0.90575,0.90522,0.90529,1490,18,0
2024-03-27 18:30:00,0.90526,0.90526,0.90461,0.90476,1233,17,0
2024-03-27 19:00:00,0.90475,0.90537,0.90461,0.90524,1074,17,0
2024-03-27 19:30:00,0.90526,0.9059,0.90522,0.90557,710,18,0
2024-03-27 20:00:00,0.90556,0.90562,0.90536,0.90547,538,19,0
2024-03-27 20:30:00,0.90545,0.90562,0.90527,0.90541,540,19,0
2024-03-27 21:00:00,0.90539,0.90542,0.90492,0.90493,914,18,0
2024-03-27 21:30:00,0.90493,0.90497,0.90457,0.90461,789,17,0
2024-03-27 22:00:00,0.90461,0.90467,0.90411,0.90412,621,19,0
2024-03-27 22:30:00,0.90413,0.90416,0.90351,0.90351,545,23,0
2024-03-27 23:00:00,0.90352,0.90362,0.90338,0.90338,76,31,0
2024-03-27 23:30:00,0.9034,0.90383,0.9034,0.90365,952,26,0
2024-03-28 00:00:00,0.90367,0.90517,0.90367,0.90485,1118,21,0
2024-03-28 00:30:00,0.90484,0.90544,0.90484,0.9051,1110,16,0
2024-03-28 01:00:00,0.9051,0.90555,0.90508,0.90537,526,17,0
2024-03-28 01:30:00,0.90536,0.90562,0.9052,0.90556,248,17,0
2024-03-28 02:00:00,0.90555,0.90636,0.90545,0.90561,798,17,0
2024-03-28 02:30:00,0.9056,0.9059,0.90547,0.9056,667,19,0
2024-03-28 03:00:00,0.90559,0.90586,0.90542,0.90543,1239,19,0
2024-03-28 03:30:00,0.90543,0.90578,0.90507,0.90511,1309,19,0
2024-03-28 04:00:00,0.90512,0.90516,0.90429,0.90444,1065,18,0
2024-03-28 04:30:00,0.90445,0.90479,0.90425,0.90468,1109,19,0
2024-03-28 05:00:00,0.90469,0.90476,0.90447,0.90459,870,19,0
2024-03-28 05:30:00,0.90459,0.90494,0.90452,0.90479,771,20,0
2024-03-28 06:00:00,0.9048,0.90498,0.90467,0.90475,557,19,0
2024-03-28 06:30:00,0.90475,0.90488,0.90467,0.90478,497,20,0
2024-03-28 07:00:00,0.9048,0.90492,0.90472,0.90474,989,19,0
2024-03-28 07:30:00,0.90474,0.90496,0.90448,0.90496,794,19,0
2024-03-28 08:00:00,0.90496,0.90553,0.90496,0.90552,921,18,0
2024-03-28 08:30:00,0.90551,0.90581,0.90526,0.90557,886,20,0
2024-03-28 09:00:00,0.90556,0.90637,0.90551,0.90629,1320,19,0
2024-03-28 09:30:00,0.90628,0.9063,0.90527,0.90545,1515,18,0
2024-03-28 10:00:00,0.90545,0.9062,0.90517,0.90577,1996,16,0
2024-03-28 10:30:00,0.90576,0.90618,0.90568,0.90598,1341,16,0
2024-03-28 11:00:00,0.90598,0.90628,0.90533,0.90586,1683,16,0
2024-03-28 11:30:00,0.90585,0.90633,0.90529,0.90611,1458,18,0
2024-03-28 12:00:00,0.90612,0.90618,0.90501,0.90523,1362,16,0
2024-03-28 12:30:00,0.90522,0.90533,0.90491,0.90531,1638,16,0
2024-03-28 13:00:00,0.90534,0.90581,0.90503,0.90514,1398,18,0
2024-03-28 13:30:00,0.90516,0.90577,0.90507,0.90557,938,17,0
2024-03-28 14:00:00,0.90557,0.90566,0.90514,0.90534,1443,18,0
2024-03-28 14:30:00,0.90535,0.9057,0.90343,0.9035,2622,16,0
2024-03-28 15:00:00,0.9035,0.90368,0.90231,0.90339,2509,17,0
2024-03-28 15:30:00,0.9034,0.90344,0.9013,0.9015,2486,17,0
2024-03-28 16:00:00,0.90142,0.90277,0.9009,0.90224,2915,16,0
2024-03-28 16:30:00,0.90224,0.90232,0.90104,0.90182,2163,16,0
2024-03-28 17:00:00,0.9018,0.90257,0.90131,0.90154,1789,16,0
2024-03-28 17:30:00,0.90154,0.90188,0.90044,0.90059,2534,16,0
2024-03-28 18:00:00,0.9006,0.90152,0.90026,0.90054,2411,16,0
2024-03-28 18:30:00,0.90053,0.90076,0.89986,0.90075,1969,17,0
2024-03-28 19:00:00,0.90074,0.90123,0.90039,0.90121,1389,17,0
2024-03-28 19:30:00,0.9012,0.90134,0.90101,0.90124,1043,16,0
2024-03-28 20:00:00,0.90127,0.90181,0.901,0.90156,1066,18,0
2024-03-28 20:30:00,0.90155,0.90206,0.90138,0.90186,892,17,0
2024-03-28 21:00:00,0.90186,0.90217,0.90167,0.90178,1104,18,0
2024-03-28 21:30:00,0.90179,0.90183,0.90148,0.90174,1373,16,0
2024-03-28 22:00:00,0.90173,0.90204,0.90166,0.90167,536,19,0
2024-03-28 22:30:00,0.90166,0.90166,0.90133,0.90147,507,23,0
2024-03-28 23:00:00,0.90134,0.90143,0.90095,0.90118,248,110,0
2024-03-28 23:30:00,0.90125,0.9019,0.90095,0.90184,791,33,0
2024-03-29 00:00:00,0.90187,0.90196,0.90108,0.90143,994,45,0
2024-03-29 00:30:00,0.90126,0.90183,0.90069,0.90121,5276,48,0
2024-03-29 01:00:00,0.90128,0.90147,0.90111,0.90146,1423,24,0
2024-03-29 01:30:00,0.90146,0.90156,0.90103,0.90121,3647,16,0
2024-03-29 02:00:00,0.90121,0.90176,0.9012,0.90149,4110,19,0
2024-03-29 02:30:00,0.9015,0.90221,0.90129,0.90162,4416,31,0
2024-03-29 03:00:00,0.90159,0.90187,0.90148,0.90156,2009,27,0
2024-03-29 03:30:00,0.90155,0.9021,0.90152,0.90201,2136,16,0
2024-03-29 04:00:00,0.90199,0.9022,0.90178,0.90183,1787,20,0
2024-03-29 04:30:00,0.90179,0.90225,0.90173,0.90178,1578,16,0
2024-03-29 05:00:00,0.90177,0.90202,0.90169,0.90198,2042,31,0
2024-03-29 05:30:00,0.90199,0.90212,0.90184,0.90212,187,17,0
2024-03-29 06:00:00,0.90194,0.90244,0.90194,0.90238,201,25,0
2024-03-29 06:30:00,0.90238,0.90259,0.90163,0.90194,296,16,0
2024-03-29 07:00:00,0.90194,0.90245,0.90179,0.90228,1158,19,0
2024-03-29 07:30:00,0.90229,0.90246,0.90221,0.90241,360,25,0
2024-03-29 08:00:00,0.90235,0.90256,0.90156,0.90175,1909,31,0
2024-03-29 08:30:00,0.90174,0.90234,0.90167,0.90199,1203,18,0
2024-03-29 09:00:00,0.90213,0.90213,0.90058,0.90121,3404,16,0
2024-03-29 09:30:00,0.90122,0.90173,0.90114,0.90173,1697,33,0
2024-03-29 10:00:00,0.90168,0.90182,0.90127,0.90162,1245,23,0
2024-03-29 10:30:00,0.90163,0.90175,0.90116,0.90131,1958,17,0
2024-03-29 11:00:00,0.90131,0.90168,0.90079,0.90159,2387,20,0
2024-03-29 11:30:00,0.90158,0.90168,0.90119,0.90125,3900,38,0
2024-03-29 12:00:00,0.90123,0.90136,0.90106,0.90115,3104,48,0
2024-03-29 12:30:00,0.90116,0.90122,0.90078,0.90094,1876,22,0
2024-03-29 13:00:00,0.90096,0.90149,0.90094,0.90146,1165,19,0
2024-03-29 13:30:00,0.90147,0.90215,0.90135,0.90138,2383,21,0
2024-03-29 14:00:00,0.90139,0.90178,0.90123,0.90124,1678,27,0
2024-03-29 14:30:00,0.90124,0.90147,0.90093,0.90106,3579,20,0
2024-03-29 15:00:00,0.90101,0.90129,0.90091,0.90116,3062,16,0
2024-03-29 15:30:00,0.90118,0.90159,0.90114,0.90128,890,17,0
2024-03-29 16:00:00,0.90128,0.90146,0.90128,0.90134,5252,26,0
2024-03-29 16:30:00,0.90134,0.90171,0.90124,0.90143,1506,16,0
2024-03-29 17:00:00,0.90145,0.90172,0.90134,0.90149,341,16,0
2024-03-29 17:30:00,0.90134,0.90178,0.90132,0.90166,1542,27,0
2024-03-29 18:00:00,0.9017,0.90195,0.90161,0.90187,926,22,0
2024-03-29 18:30:00,0.90187,0.90218,0.90183,0.90202,969,19,0
2024-03-29 19:00:00,0.90203,0.90248,0.90195,0.902,749,17,0
2024-03-29 19:30:00,0.90194,0.90196,0.9017,0.90182,1532,40,0
2024-03-29 20:00:00,0.90186,0.90218,0.90168,0.90194,2171,16,0
2024-03-29 20:30:00,0.90201,0.90214,0.90189,0.90204,1263,21,0
2024-03-29 21:00:00,0.90206,0.90214,0.90172,0.90178,508,25,0
2024-03-29 21:30:00,0.90178,0.90193,0.90138,0.90167,426,28,0
2024-03-29 22:00:00,0.90171,0.90189,0.9008,0.90102,362,25,0
2024-03-29 22:30:00,0.90113,0.90121,0.90075,0.90119,14,56,0
2024-04-01 00:00:00,0.90192,0.90192,0.89956,0.90101,84,120,0
2024-04-01 00:30:00,0.90088,0.90107,0.90071,0.90107,29,120,0
2024-04-01 01:00:00,0.90099,0.90173,0.90065,0.90156,1742,21,0
2024-04-01 01:30:00,0.90156,0.90221,0.90155,0.90214,634,19,0
2024-04-01 02:00:00,0.90212,0.90224,0.90188,0.90191,661,20,0
2024-04-01 02:30:00,0.9019,0.90205,0.90163,0.90193,491,19,0
2024-04-01 03:00:00,0.90193,0.90202,0.90133,0.90139,636,19,0
2024-04-01 03:30:00,0.90141,0.90192,0.90124,0.90182,453,19,0
2024-04-01 04:00:00,0.90181,0.90181,0.90138,0.90163,828,19,0
2024-04-01 04:30:00,0.90163,0.90219,0.90154,0.90218,414,19,0
2024-04-01 05:00:00,0.90219,0.90229,0.90195,0.90195,357,18,0
2024-04-01 05:30:00,0.90196,0.90203,0.90165,0.90191,481,16,0
2024-04-01 06:00:00,0.90191,0.90226,0.90189,0.90214,882,17,0
2024-04-01 06:30:00,0.90213,0.90213,0.90144,0.90151,434,19,0
2024-04-01 07:00:00,0.90149,0.90182,0.90143,0.90177,819,19,0
2024-04-01 07:30:00,0.90179,0.90193,0.90165,0.90175,606,18,0
2024-04-01 08:00:00,0.90175,0.90198,0.90166,0.90197,578,20,0
2024-04-01 08:30:00,0.90198,0.90198,0.90156,0.90165,829,20,0
2024-04-01 09:00:00,0.90165,0.90187,0.90139,0.90153,810,19,0
2024-04-01 09:30:00,0.90152,0.90196,0.90143,0.90173,797,19,0
2024-04-01 10:00:00,0.90173,0.90194,0.90112,0.90113,1273,18,0
2024-04-01 10:30:00,0.90104,0.90126,0.90092,0.90102,1070,19,0
2024-04-01 11:00:00,0.90103,0.90115,0.90042,0.90062,1006,20,0
2024-04-01 11:30:00,0.90062,0.90094,0.90053,0.90078,1176,20,0
2024-04-01 12:00:00,0.90079,0.90113,0.90056,0.90106,1058,19,0
2024-04-01 12:30:00,0.90105,0.90123,0.90079,0.90116,563,18,0
2024-04-01 13:00:00,0.90118,0.90171,0.90111,0.90167,718,18,0
2024-04-01 13:30:00,0.90167,0.90197,0.90162,0.90188,578,16,0
2024-04-01 14:00:00,0.90188,0.90204,0.90146,0.90177,578,19,0
2024-04-01 14:30:00,0.90177,0.90191,0.90153,0.90157,841,19,0
2024-04-01 15:00:00,0.90156,0.90283,0.90128,0.90253,1470,19,0
2024-04-01 15:30:00,0.90253,0.90266,0.90207,0.90213,1357,19,0
2024-04-01 16:00:00,0.90213,0.90264,0.90194,0.90262,1371,19,0
2024-04-01 16:30:00,0.9026,0.90345,0.90246,0.90291,1901,17,0
2024-04-01 17:00:00,0.9029,0.905,0.9029,0.90477,3455,17,0
2024-04-01 17:30:00,0.90476,0.90542,0.90448,0.90471,1608,16,0
2024-04-01 18:00:00,0.90469,0.90551,0.90467,0.90509,1595,16,0
2024-04-01 18:30:00,0.9051,0.90554,0.90509,0.90545,1002,18,0
2024-04-01 19:00:00,0.90543,0.9056,0.90475,0.90476,985,19,0
2024-04-01 19:30:00,0.90478,0.90506,0.90466,0.90481,794,18,0
2024-04-01 20:00:00,0.90481,0.90483,0.90407,0.90428,806,17,0
2024-04-01 20:30:00,0.90428,0.90464,0.90426,0.90459,522,19,0
2024-04-01 21:00:00,0.90459,0.90481,0.90455,0.90479,545,20,0
2024-04-01 21:30:00,0.90481,0.90523,0.90477,0.90519,511,18,0
2024-04-01 22:00:00,0.90517,0.90519,0.90446,0.90466,705,18,0
2024-04-01 22:30:00,0.90465,0.90465,0.90439,0.90441,898,17,0
2024-04-01 23:00:00,0.90442,0.90451,0.90418,0.90425,574,19,0
2024-04-01 23:30:00,0.90424,0.9043,0.90411,0.90411,197,28,0
2024-04-02 00:00:00,0.90412,0.90425,0.90379,0.9041,14,34,0
2024-04-02 00:30:00,0.90401,0.90417,0.90382,0.90397,387,42,0
2024-04-02 01:00:00,0.90401,0.90441,0.90381,0.90441,1153,18,0
2024-04-02 01:30:00,0.90441,0.9047,0.90433,0.90468,1943,20,0
2024-04-02 02:00:00,0.90467,0.90518,0.90467,0.90485,718,21,0
2024-04-02 02:30:00,0.90484,0.90507,0.90479,0.90498,525,20,0
2024-04-02 03:00:00,0.90498,0.9055,0.90494,0.90541,1245,17,0
2024-04-02 03:30:00,0.90541,0.90552,0.90506,0.90514,1133,19,0
2024-04-02 04:00:00,0.90514,0.90562,0.90505,0.90519,502,18,0
2024-04-02 04:30:00,0.90518,0.90561,0.90517,0.90551,719,18,0
2024-04-02 05:00:00,0.90551,0.90595,0.90545,0.90583,477,17,0
2024-04-02 05:30:00,0.90583,0.90584,0.90551,0.90553,906,20,0
2024-04-02 06:00:00,0.90551,0.90598,0.90549,0.90594,611,16,0
2024-04-02 06:30:00,0.90592,0.90631,0.90582,0.90625,650,18,0
2024-04-02 07:00:00,0.90625,0.90633,0.90608,0.90609,279,18,0
2024-04-02 07:30:00,0.90608,0.90632,0.90594,0.90623,375,20,0
2024-04-02 08:00:00,0.90626,0.90647,0.90614,0.90622,327,16,0
2024-04-02 08:30:00,0.90621,0.90646,0.90606,0.90644,568,16,0
2024-04-02 09:00:00,0.90648,0.90701,0.90635,0.90701,863,18,0
2024-04-02 09:30:00,0.90702,0.90762,0.90676,0.90724,1271,18,0
2024-04-02 10:00:00,0.90726,0.90823,0.90723,0.90758,1587,18,0
2024-04-02 10:30:00,0.9076,0.9082,0.90716,0.90766,2022,17,0
2024-04-02 11:00:00,0.90766,0.90852,0.90763,0.90838,1856,16,0
2024-04-02 11:30:00,0.90838,0.90885,0.90793,0.90842,1763,19,0
2024-04-02 12:00:00,0.90843,0.90888,0.90783,0.90863,1275,17,0
2024-04-02 12:30:00,0.90862,0.909,0.90824,0.90824,1224,17,0
2024-04-02 13:00:00,0.90826,0.9085,0.90784,0.90784,1401,18,0
2024-04-02 13:30:00,0.90785,0.90838,0.90777,0.90809,1061,17,0
2024-04-02 14:00:00,0.90809,0.90857,0.90798,0.90815,1385,18,0
2024-04-02 14:30:00,0.90814,0.90869,0.90762,0.90777,1179,18,0
2024-04-02 15:00:00,0.90778,0.90855,0.90741,0.90774,2026,18,0
2024-04-02 15:30:00,0.90772,0.90811,0.90726,0.90791,2155,16,0
2024-04-02 16:00:00,0.90785,0.90814,0.90591,0.90594,2105,17,0
2024-04-02 16:30:00,0.90593,0.90633,0.9056,0.90596,2044,16,0
2024-04-02 17:00:00,0.90596,0.90675,0.90525,0.90567,3505,16,0
2024-04-02 17:30:00,0.90568,0.9069,0.90559,0.90613,2480,17,0
2024-04-02 18:00:00,0.90614,0.9069,0.90606,0.90687,1505,16,0
2024-04-02 18:30:00,0.90688,0.90735,0.90635,0.90704,1947,16,0
2024-04-02 19:00:00,0.90704,0.90715,0.90667,0.90676,1089,18,0
2024-04-02 19:30:00,0.90675,0.9073,0.90663,0.907,1290,18,0
2024-04-02 20:00:00,0.90699,0.9074,0.90696,0.90737,656,19,0
2024-04-02 20:30:00,0.90736,0.90751,0.90712,0.90729,804,16,0
2024-04-02 21:00:00,0.90728,0.90772,0.90711,0.90771,812,17,0
2024-04-02 21:30:00,0.90772,0.90805,0.9077,0.90804,526,18,0
2024-04-02 22:00:00,0.908,0.90857,0.90799,0.90857,463,19,0
2024-04-02 22:30:00,0.90858,0.90863,0.90752,0.90756,878,18,0
2024-04-02 23:00:00,0.90758,0.9079,0.90748,0.90765,277,20,0
2024-04-02 23:30:00,0.90767,0.90799,0.90761,0.90784,354,23,0
2024-04-03 00:00:00,0.90769,0.90769,0.90706,0.90739,17,45,0
2024-04-03 00:30:00,0.9074,0.90763,0.90739,0.90742,256,30,0
2024-04-03 01:00:00,0.9074,0.90771,0.9074,0.90767,686,23,0
2024-04-03 01:30:00,0.90767,0.9079,0.90762,0.90784,1072,21,0
2024-04-03 02:00:00,0.90784,0.9079,0.90772,0.90781,778,20,0
2024-04-03 02:30:00,0.90782,0.90802,0.90769,0.90775,631,20,0
2024-04-03 03:00:00,0.90776,0.90807,0.9076,0.90795,1209,20,0
2024-04-03 03:30:00,0.90795,0.90815,0.90782,0.90808,746,17,0
2024-04-03 04:00:00,0.9081,0.90845,0.90793,0.90807,773,17,0
2024-04-03 04:30:00,0.90807,0.90822,0.90776,0.90788,711,17,0
2024-04-03 05:00:00,0.90787,0.90808,0.90764,0.90804,630,18,0
2024-04-03 05:30:00,0.90806,0.90825,0.908,0.90822,486,18,0
2024-04-03 06:00:00,0.90821,0.90821,0.90792,0.9082,492,17,0
2024-04-03 06:30:00,0.9082,0.90825,0.90791,0.90805,590,18,0
2024-04-03 07:00:00,0.90805,0.90815,0.90783,0.90796,785,18,0
2024-04-03 07:30:00,0.90797,0.90819,0.90794,0.90811,583,19,0
2024-04-03 08:00:00,0.90812,0.90815,0.90792,0.90801,480,20,0
2024-04-03 08:30:00,0.908,0.90812,0.90785,0.90802,743,20,0
2024-04-03 09:00:00,0.90803,0.90922,0.90803,0.90913,1037,16,0
2024-04-03 09:30:00,0.90913,0.90916,0.90868,0.90905,1220,18,0
2024-04-03 10:00:00,0.90905,0.90928,0.90901,0.90912,1129,16,0
2024-04-03 10:30:00,0.90911,0.90946,0.90796,0.90843,1277,17,0
2024-04-03 11:00:00,0.90843,0.90857,0.90793,0.90807,1079,18,0
2024-04-03 11:30:00,0.90807,0.90837,0.90804,0.90818,781,17,0
2024-04-03 12:00:00,0.90815,0.90861,0.90807,0.90858,1163,16,0
2024-04-03 12:30:00,0.9086,0.90914,0.90832,0.90911,1368,17,0
2024-04-03 13:00:00,0.90911,0.90915,0.90839,0.90845,1057,16,0
2024-04-03 13:30:00,0.90846,0.90854,0.90808,0.90831,940,19,0
2024-04-03 14:00:00,0.90831,0.90851,0.9079,0.90834,1320,17,0
2024-04-03 14:30:00,0.90835,0.90853,0.90784,0.908,1037,17,0
2024-04-03 15:00:00,0.90799,0.90887,0.90763,0.9086,2034,16,0
2024-04-03 15:30:00,0.90863,0.90916,0.90841,0.90887,1867,16,0
2024-04-03 16:00:00,0.90885,0.90892,0.90821,0.90831,2431,18,0
2024-04-03 16:30:00,0.90831,0.90894,0.90789,0.90807,2065,16,0
2024-04-03 17:00:00,0.90643,0.90743,0.90573,0.90631,4191,16,0
2024-04-03 17:30:00,0.90631,0.90683,0.90554,0.90567,2157,16,0
2024-04-03 18:00:00,0.90567,0.90608,0.90348,0.90388,2164,17,0
2024-04-03 18:30:00,0.90388,0.90398,0.90324,0.90378,1367,17,0
2024-04-03 19:00:00,0.90377,0.90476,0.9032,0.90326,1983,16,0
2024-04-03 19:30:00,0.90324,0.90406,0.90286,0.90375,2039,18,0
2024-04-03 20:00:00,0.90374,0.90425,0.90334,0.90352,1325,17,0
2024-04-03 20:30:00,0.90353,0.90383,0.9035,0.90368,760,17,0
2024-04-03 21:00:00,0.90372,0.90374,0.90285,0.90306,609,18,0
2024-04-03 21:30:00,0.90306,0.90336,0.90291,0.90323,671,18,0
2024-04-03 22:00:00,0.90322,0.90349,0.90296,0.90347,828,20,0
2024-04-03 22:30:00,0.90346,0.90347,0.90314,0.90317,886,20,0
2024-04-03 23:00:00,0.90318,0.90319,0.90294,0.90296,606,21,0
2024-04-03 23:30:00,0.90296,0.90308,0.90265,0.90277,1011,22,0
2024-04-04 00:00:00,0.90277,0.9028,0.90255,0.90261,41,34,0
2024-04-04 00:30:00,0.90258,0.90282,0.90256,0.90272,391,32,0
2024-04-04 01:00:00,0.90273,0.90274,0.90256,0.90262,260,19,0
2024-04-04 01:30:00,0.90261,0.90273,0.90256,0.90262,586,20,0
2024-04-04 02:00:00,0.90263,0.90299,0.90262,0.90283,433,17,0
2024-04-04 02:30:00,0.90284,0.90292,0.90274,0.90288,348,19,0
2024-04-04 03:00:00,0.90289,0.90317,0.90277,0.90294,985,19,0
2024-04-04 03:30:00,0.90293,0.90322,0.90263,0.90264,795,19,0
2024-04-04 04:00:00,0.90263,0.90297,0.9026,0.90295,784,19,0
2024-04-04 04:30:00,0.90294,0.90302,0.90275,0.90293,568,19,0
2024-04-04 05:00:00,0.90292,0.90318,0.90291,0.90308,484,20,0
2024-04-04 05:30:00,0.90308,0.90317,0.90292,0.90309,590,20,0
2024-04-04 06:00:00,0.90309,0.90336,0.90304,0.90325,329,20,0
2024-04-04 06:30:00,0.90325,0.90336,0.9031,0.90322,300,19,0
2024-04-04 07:00:00,0.90321,0.90332,0.90312,0.90323,409,19,0
2024-04-04 07:30:00,0.90323,0.90335,0.90318,0.90334,378,19,0
2024-04-04 08:00:00,0.90334,0.90336,0.90318,0.90324,254,18,0
2024-04-04 08:30:00,0.90322,0.90359,0.90301,0.90355,297,16,0
2024-04-04 09:00:00,0.90354,0.90358,0.90256,0.9027,790,18,0
2024-04-04 09:30:00,0.90343,0.90736,0.90343,0.90669,2566,16,0
2024-04-04 10:00:00,0.90669,0.90697,0.90596,0.90602,2032,17,0
2024-04-04 10:30:00,0.90602,0.90705,0.90582,0.9066,1478,16,0
2024-04-04 11:00:00,0.90659,0.90689,0.90625,0.90678,1510,17,0
2024-04-04 11:30:00,0.90678,0.9068,0.90555,0.90578,1615,17,0
2024-04-04 12:00:00,0.90579,0.90651,0.90558,0.90614,1131,16,0
2024-04-04 12:30:00,0.90615,0.90643,0.90585,0.90617,1066,16,0
2024-04-04 13:00:00,0.90617,0.90648,0.90599,0.90626,1291,16,0
2024-04-04 13:30:00,0.90627,0.90645,0.9057,0.90595,1149,18,0
2024-04-04 14:00:00,0.90593,0.90647,0.90588,0.90619,801,18,0
2024-04-04 14:30:00,0.9062,0.90719,0.90615,0.90713,907,17,0
2024-04-04 15:00:00,0.90714,0.90741,0.90646,0.90662,1439,17,0
2024-04-04 15:30:00,0.90651,0.90676,0.90471,0.90474,2530,17,0
2024-04-04 16:00:00,0.90475,0.90561,0.90413,0.90416,1636,17,0
2024-04-04 16:30:00,0.90418,0.90448,0.90374,0.90443,2333,18,0
2024-04-04 17:00:00,0.90444,0.90498,0.90386,0.90482,1483,18,0
2024-04-04 17:30:00,0.9048,0.90525,0.90438,0.90471,1606,17,0
2024-04-04 18:00:00,0.9047,0.905,0.90457,0.90487,901,18,0
2024-04-04 18:30:00,0.90488,0.90499,0.9046,0.90488,912,18,0
2024-04-04 19:00:00,0.90488,0.90495,0.90404,0.90408,625,17,0
2024-04-04 19:30:00,0.90407,0.9045,0.90398,0.9044,555,17,0
2024-04-04 20:00:00,0.90441,0.90473,0.90429,0.90463,628,16,0
2024-04-04 20:30:00,0.90462,0.90477,0.90426,0.90456,482,17,0
2024-04-04 21:00:00,0.90456,0.90495,0.90429,0.90462,1720,18,0
2024-04-04 21:30:00,0.90461,0.90474,0.9025,0.90295,2408,16,0
2024-04-04 22:00:00,0.90295,0.90336,0.90204,0.90255,3385,16,0
2024-04-04 22:30:00,0.90255,0.90279,0.90093,0.90117,3387,16,0
2024-04-04 23:00:00,0.90118,0.90165,0.90092,0.90115,807,19,0
2024-04-04 23:30:00,0.90117,0.90134,0.90073,0.90073,428,22,0
2024-04-05 00:00:00,0.90068,0.90136,0.90058,0.90078,41,36,0
2024-04-05 00:30:00,0.90073,0.90153,0.90063,0.90136,855,30,0
2024-04-05 01:00:00,0.90138,0.90142,0.9007,0.9011,1069,18,0
2024-04-05 01:30:00,0.9011,0.90167,0.9011,0.90154,700,20,0
2024-04-05 02:00:00,0.90154,0.90154,0.90119,0.90123,423,18,0
2024-04-05 02:30:00,0.90122,0.90153,0.90108,0.90146,491,18,0
2024-04-05 03:00:00,0.90148,0.90197,0.90138,0.90185,1358,16,0
2024-04-05 03:30:00,0.90186,0.90191,0.90113,0.90133,1227,19,0
2024-04-05 04:00:00,0.90133,0.90174,0.90121,0.90173,889,18,0
2024-04-05 04:30:00,0.90175,0.9023,0.90164,0.90208,893,19,0
2024-04-05 05:00:00,0.90208,0.90251,0.90203,0.90237,787,18,0
2024-04-05 05:30:00,0.90238,0.90249,0.90213,0.90222,511,17,0
2024-04-05 06:00:00,0.90222,0.90238,0.90217,0.90226,416,16,0
2024-04-05 06:30:00,0.90227,0.90239,0.90223,0.90227,417,21,0
2024-04-05 07:00:00,0.90225,0.9026,0.90223,0.9025,390,19,0
2024-04-05 07:30:00,0.90251,0.90268,0.90241,0.90254,454,19,0
2024-04-05 08:00:00,0.90254,0.90261,0.90229,0.90233,507,19,0
2024-04-05 08:30:00,0.90234,0.90236,0.90188,0.90203,619,18,0
2024-04-05 09:00:00,0.90202,0.9034,0.90171,0.90273,1407,16,0
2024-04-05 09:30:00,0.90273,0.90282,0.9017,0.90171,897,17,0
2024-04-05 10:00:00,0.90172,0.90322,0.90147,0.90318,1513,18,0
2024-04-05 10:30:00,0.90319,0.90434,0.90306,0.90409,1510,18,0
2024-04-05 11:00:00,0.9041,0.90441,0.90331,0.90333,1406,19,0
2024-04-05 11:30:00,0.90335,0.90347,0.90276,0.90336,1413,17,0
2024-04-05 12:00:00,0.90337,0.90371,0.90278,0.90307,1159,17,0
2024-04-05 12:30:00,0.90306,0.9033,0.90267,0.90287,1032,18,0
2024-04-05 13:00:00,0.9029,0.90313,0.9026,0.90307,894,17,0
2024-04-05 13:30:00,0.90307,0.90314,0.90281,0.90288,1019,18,0
2024-04-05 14:00:00,0.90289,0.90316,0.90286,0.90287,999,19,0
2024-04-05 14:30:00,0.90287,0.90341,0.90274,0.90341,838,16,0
2024-04-05 15:00:00,0.90341,0.90353,0.90256,0.90296,1232,17,0
2024-04-05 15:30:00,0.90548,0.90699,0.90478,0.9053,6191,16,0
2024-04-05 16:00:00,0.90528,0.90597,0.90461,0.90548,4265,17,0
2024-04-05 16:30:00,0.90547,0.90604,0.90461,0.90496,3929,16,0
2024-04-05 17:00:00,0.90492,0.90514,0.90167,0.90177,3440,16,0
2024-04-05 17:30:00,0.90178,0.90243,0.90143,0.90179,3128,16,0
2024-04-05 18:00:00,0.90179,0.90223,0.89969,0.89982,2623,16,0
2024-04-05 18:30:00,0.89981,0.90056,0.89974,0.90046,1614,16,0
2024-04-05 19:00:00,0.90045,0.90106,0.90023,0.90098,1182,16,0
2024-04-05 19:30:00,0.90098,0.90155,0.90093,0.90132,1023,17,0
2024-04-05 20:00:00,0.90131,0.90159,0.90115,0.90115,1036,18,0
2024-04-05 20:30:00,0.90117,0.90194,0.90093,0.90182,910,17,0
2024-04-05 21:00:00,0.90182,0.90203,0.90128,0.90156,926,17,0
2024-04-05 21:30:00,0.90157,0.9021,0.90137,0.90209,935,18,0
2024-04-05 22:00:00,0.9021,0.90257,0.90192,0.90218,712,18,0
2024-04-05 22:30:00,0.90218,0.90249,0.90206,0.90216,1042,18,0
2024-04-05 23:00:00,0.90216,0.90231,0.90187,0.90192,715,17,0
2024-04-05 23:30:00,0.90192,0.9022,0.90181,0.90188,868,24,0
2024-04-08 00:00:00,0.90041,0.90145,0.90041,0.90096,287,120,0
2024-04-08 00:30:00,0.90104,0.90193,0.90104,0.90183,471,42,0
2024-04-08 01:00:00,0.9018,0.90384,0.9018,0.90339,926,19,0
2024-04-08 01:30:00,0.90339,0.90377,0.90312,0.90347,254,17,0
2024-04-08 02:00:00,0.90348,0.9035,0.90284,0.90312,296,16,0
2024-04-08 02:30:00,0.90312,0.90321,0.90278,0.90312,611,18,0
2024-04-08 03:00:00,0.90312,0.90395,0.90307,0.90393,1325,18,0
2024-04-08 03:30:00,0.90393,0.90399,0.9036,0.9039,798,19,0
2024-04-08 04:00:00,0.90393,0.90397,0.90351,0.90385,717,18,0
2024-04-08 04:30:00,0.90385,0.90409,0.90357,0.90381,1016,17,0
2024-04-08 05:00:00,0.90381,0.90381,0.90308,0.90311,1054,19,0
2024-04-08 05:30:00,0.90311,0.90311,0.90228,0.9025,1861,17,0
2024-04-08 06:00:00,0.90255,0.90323,0.90248,0.90321,893,18,0
2024-04-08 06:30:00,0.90321,0.90364,0.90315,0.90359,717,19,0
2024-04-08 07:00:00,0.90358,0.9041,0.90346,0.90403,577,19,0
2024-04-08 07:30:00,0.90403,0.90412,0.90383,0.9039,860,19,0
2024-04-08 08:00:00,0.90389,0.90395,0.9035,0.90363,759,19,0
2024-04-08 08:30:00,0.90362,0.90398,0.90331,0.9035,1446,18,0
2024-04-08 09:00:00,0.90352,0.90435,0.90287,0.90383,1629,17,0
2024-04-08 09:30:00,0.90383,0.90407,0.90351,0.90382,1323,18,0
2024-04-08 10:00:00,0.90382,0.90442,0.90345,0.90397,1825,16,0
2024-04-08 10:30:00,0.90398,0.90477,0.90368,0.90467,1869,18,0
2024-04-08 11:00:00,0.90468,0.90573,0.90427,0.90569,1817,17,0
2024-04-08 11:30:00,0.90569,0.90584,0.90519,0.90557,1620,16,0
2024-04-08 12:00:00,0.90557,0.90578,0.90518,0.90546,1632,17,0
2024-04-08 12:30:00,0.90545,0.90572,0.90528,0.90557,994,16,0
2024-04-08 13:00:00,0.90557,0.90585,0.90544,0.90548,739,18,0
2024-04-08 13:30:00,0.90547,0.90577,0.90519,0.90571,816,18,0
2024-04-08 14:00:00,0.90574,0.90612,0.90564,0.90586,836,18,0
2024-04-08 14:30:00,0.90587,0.90636,0.90555,0.90631,1344,17,0
2024-04-08 15:00:00,0.90632,0.90647,0.90576,0.90608,1718,16,0
2024-04-08 15:30:00,0.90611,0.90626,0.90463,0.90479,1919,18,0
2024-04-08 16:00:00,0.90478,0.90523,0.90415,0.90454,1771,16,0
2024-04-08 16:30:00,0.90455,0.905,0.9039,0.90448,2563,16,0
2024-04-08 17:00:00,0.90447,0.90612,0.90446,0.90553,2310,17,0
2024-04-08 17:30:00,0.90553,0.90587,0.90473,0.90481,2542,16,0
2024-04-08 18:00:00,0.90482,0.90508,0.90438,0.90443,1502,17,0
2024-04-08 18:30:00,0.90445,0.90522,0.9044,0.90508,1083,18,0
2024-04-08 19:00:00,0.90508,0.90578,0.90508,0.90567,755,16,0
2024-04-08 19:30:00,0.90566,0.90586,0.90547,0.90552,635,16,0
2024-04-08 20:00:00,0.90551,0.90584,0.90516,0.90517,842,16,0
2024-04-08 20:30:00,0.90516,0.90516,0.90443,0.90456,826,18,0
2024-04-08 21:00:00,0.90452,0.90455,0.90423,0.90433,746,16,0
2024-04-08 21:30:00,0.90433,0.90485,0.90432,0.90482,619,19,0
2024-04-08 22:00:00,0.90482,0.90492,0.90467,0.90472,457,20,0
2024-04-08 22:30:00,0.90473,0.90528,0.90473,0.90514,566,18,0
2024-04-08 23:00:00,0.90514,0.90533,0.90512,0.90529,415,20,0
2024-04-08 23:30:00,0.90528,0.90555,0.90516,0.90525,309,22,0
2024-04-09 00:00:00,0.90508,0.90508,0.90463,0.90472,185,57,0
2024-04-09 00:30:00,0.90472,0.90527,0.90432,0.90518,1055,28,0
2024-04-09 01:00:00,0.90518,0.90546,0.90504,0.90545,686,20,0
2024-04-09 01:30:00,0.90546,0.90554,0.90523,0.90534,400,18,0
2024-04-09 02:00:00,0.90541,0.90542,0.90526,0.90531,317,19,0
2024-04-09 02:30:00,0.90528,0.90528,0.90491,0.90497,264,18,0
2024-04-09 03:00:00,0.90495,0.90545,0.90471,0.90534,738,17,0
2024-04-09 03:30:00,0.90533,0.90553,0.90499,0.90543,686,18,0
2024-04-09 04:00:00,0.90543,0.90553,0.9051,0.90524,636,18,0
2024-04-09 04:30:00,0.90524,0.90525,0.90468,0.90522,869,16,0
2024-04-09 05:00:00,0.90522,0.90536,0.90466,0.90472,710,19,0
2024-04-09 05:30:00,0.90473,0.90492,0.90473,0.90483,422,17,0
2024-04-09 06:00:00,0.90481,0.9049,0.90468,0.90485,382,18,0
2024-04-09 06:30:00,0.90485,0.90496,0.90478,0.90484,282,18,0
2024-04-09 07:00:00,0.90483,0.90503,0.9048,0.90484,295,19,0
2024-04-09 07:30:00,0.90484,0.90488,0.90474,0.90477,218,17,0
2024-04-09 08:00:00,0.90478,0.90483,0.90456,0.90476,229,18,0
2024-04-09 08:30:00,0.90476,0.90476,0.90426,0.90437,395,18,0
2024-04-09 09:00:00,0.90439,0.90466,0.90397,0.90448,888,17,0
2024-04-09 09:30:00,0.90448,0.90462,0.90416,0.90454,868,18,0
2024-04-09 10:00:00,0.90457,0.90482,0.90423,0.90447,1244,17,0
2024-04-09 10:30:00,0.90448,0.90512,0.90448,0.90488,955,16,0
2024-04-09 11:00:00,0.90488,0.90512,0.90466,0.90473,963,19,0
2024-04-09 11:30:00,0.90473,0.90474,0.9043,0.90441,624,17,0
2024-04-09 12:00:00,0.90441,0.90448,0.90348,0.90355,1101,19,0
2024-04-09 12:30:00,0.90355,0.90369,0.90307,0.90354,1299,16,0
2024-04-09 13:00:00,0.90354,0.90369,0.90313,0.90323,1349,18,0
2024-04-09 13:30:00,0.90323,0.90324,0.90245,0.90263,1108,16,0
2024-04-09 14:00:00,0.90262,0.90308,0.90222,0.90295,1038,17,0
2024-04-09 14:30:00,0.90296,0.90388,0.90296,0.90367,742,17,0
2024-04-09 15:00:00,0.9037,0.90394,0.90299,0.90312,1679,16,0
2024-04-09 15:30:00,0.90313,0.90318,0.90161,0.90186,2075,16,0
2024-04-09 16:00:00,0.90187,0.90243,0.90118,0.90218,2050,17,0
2024-04-09 16:30:00,0.90217,0.9027,0.90141,0.90238,1916,18,0
2024-04-09 17:00:00,0.90235,0.90273,0.90159,0.90262,1869,16,0
2024-04-09 17:30:00,0.90261,0.90379,0.90232,0.90347,3271,16,0
2024-04-09 18:00:00,0.90346,0.90382,0.90302,0.9036,2244,16,0
2024-04-09 18:30:00,0.9036,0.90378,0.90283,0.90316,1589,16,0
2024-04-09 19:00:00,0.90316,0.90327,0.90285,0.90309,999,18,0
2024-04-09 19:30:00,0.90308,0.90342,0.90299,0.90333,874,19,0
2024-04-09 20:00:00,0.90333,0.90367,0.90323,0.90347,1232,16,0
2024-04-09 20:30:00,0.90347,0.90371,0.90336,0.90366,920,19,0
2024-04-09 21:00:00,0.90366,0.90378,0.90349,0.90365,624,20,0
2024-04-09 21:30:00,0.90367,0.9039,0.90337,0.90347,679,16,0
2024-04-09 22:00:00,0.90348,0.90404,0.90341,0.90343,957,19,0
2024-04-09 22:30:00,0.90342,0.90353,0.90323,0.90332,927,19,0
2024-04-09 23:00:00,0.90332,0.90336,0.90318,0.90321,1044,20,0
2024-04-09 23:30:00,0.90321,0.90346,0.90321,0.90331,192,23,0
2024-04-10 00:00:00,0.90273,0.90314,0.90273,0.9029,15,99,0
2024-04-10 00:30:00,0.90311,0.90336,0.90262,0.90285,670,64,0
2024-04-10 01:00:00,0.90277,0.90336,0.90277,0.90318,476,21,0
2024-04-10 01:30:00,0.90318,0.90333,0.90308,0.90314,1979,19,0
2024-04-10 02:00:00,0.90314,0.90322,0.90297,0.903,580,18,0
2024-04-10 02:30:00,0.90301,0.90309,0.90289,0.90298,201,19,0
2024-04-10 03:00:00,0.90298,0.90323,0.90293,0.90313,644,19,0
2024-04-10 03:30:00,0.90312,0.90337,0.90302,0.90328,995,20,0
2024-04-10 04:00:00,0.90327,0.90355,0.9031,0.90354,797,19,0
2024-04-10 04:30:00,0.90357,0.90397,0.90347,0.90359,852,19,0
2024-04-10 05:00:00,0.90359,0.90387,0.90351,0.90366,1086,19,0
2024-04-10 05:30:00,0.90366,0.90373,0.90329,0.90344,779,19,0
2024-04-10 06:00:00,0.90343,0.90359,0.90331,0.90353,480,18,0
2024-04-10 06:30:00,0.90353,0.90377,0.90346,0.90366,373,19,0
2024-04-10 07:00:00,0.90365,0.90384,0.90365,0.90378,456,19,0
2024-04-10 07:30:00,0.90378,0.90385,0.90369,0.90375,449,19,0
2024-04-10 08:00:00,0.90375,0.90381,0.90348,0.90358,548,20,0
2024-04-10 08:30:00,0.90357,0.90393,0.9034,0.90379,838,19,0
2024-04-10 09:00:00,0.90378,0.90392,0.90353,0.90375,388,18,0
2024-04-10 09:30:00,0.90379,0.90383,0.90336,0.90342,784,18,0
2024-04-10 10:00:00,0.90342,0.90342,0.90297,0.90303,954,18,0
2024-04-10 10:30:00,0.90303,0.90421,0.90282,0.90374,1146,16,0
2024-04-10 11:00:00,0.9037,0.90391,0.90327,0.90351,1150,18,0
2024-04-10 11:30:00,0.90355,0.90407,0.9035,0.90358,1019,18,0
2024-04-10 12:00:00,0.90358,0.90377,0.90312,0.90332,1037,17,0
2024-04-10 12:30:00,0.90332,0.90363,0.90305,0.90363,983,16,0
2024-04-10 13:00:00,0.90362,0.90377,0.90341,0.90348,573,18,0
2024-04-10 13:30:00,0.90348,0.90389,0.90338,0.90359,672,18,0
2024-04-10 14:00:00,0.90359,0.90384,0.90313,0.90331,957,17,0
2024-04-10 14:30:00,0.90331,0.90366,0.90322,0.90351,984,17,0
2024-04-10 15:00:00,0.90351,0.90361,0.90214,0.90224,1539,18,0
2024-04-10 15:30:00,0.90562,0.90972,0.90533,0.90889,8893,16,0
2024-04-10 16:00:00,0.90887,0.91043,0.90887,0.90973,5010,16,0
2024-04-10 16:30:00,0.90977,0.9122,0.90929,0.91181,4641,16,0
2024-04-10 17:00:00,0.91178,0.91257,0.91089,0.91127,3437,16,0
2024-04-10 17:30:00,0.91124,0.91223,0.91072,0.91183,3311,16,0
2024-04-10 18:00:00,0.91183,0.91276,0.91166,0.91209,2228,17,0
2024-04-10 18:30:00,0.9121,0.91304,0.912,0.91269,2145,16,0
2024-04-10 19:00:00,0.91268,0.9138,0.91261,0.91376,1427,17,0
2024-04-10 19:30:00,0.91375,0.91413,0.91338,0.91408,1586,16,0
2024-04-10 20:00:00,0.91408,0.91466,0.91328,0.91385,2529,17,0
2024-04-10 20:30:00,0.91389,0.91391,0.91136,0.91179,4222,16,0
2024-04-10 21:00:00,0.9118,0.91297,0.91164,0.91287,2726,16,0
2024-04-10 21:30:00,0.91288,0.91357,0.91287,0.91346,2041,18,0
2024-04-10 22:00:00,0.91348,0.91365,0.91268,0.91292,1410,16,0
2024-04-10 22:30:00,0.91289,0.91319,0.91283,0.91315,1773,19,0
2024-04-10 23:00:00,0.91317,0.91332,0.91287,0.91293,624,22,0
2024-04-10 23:30:00,0.91293,0.91309,0.91253,0.91274,619,23,0
2024-04-11 00:00:00,0.91272,0.91272,0.91218,0.9124,9,28,0
2024-04-11 00:30:00,0.9124,0.9128,0.91226,0.91255,2773,36,0
2024-04-11 01:00:00,0.91255,0.91284,0.91255,0.91268,358,16,0
2024-04-11 01:30:00,0.9127,0.91281,0.91258,0.91259,508,16,0
2024-04-11 02:00:00,0.91259,0.9128,0.91238,0.91243,576,16,0
2024-04-11 02:30:00,0.91242,0.91324,0.91242,0.91313,630,17,0
2024-04-11 03:00:00,0.91313,0.9135,0.91286,0.91306,788,18,0
2024-04-11 03:30:00,0.91305,0.9132,0.91277,0.91308,1175,18,0
2024-04-11 04:00:00,0.91308,0.91317,0.91275,0.91301,616,16,0
2024-04-11 04:30:00,0.91297,0.9131,0.91274,0.91289,1011,17,0
2024-04-11 05:00:00,0.91288,0.91292,0.91264,0.91269,1106,18,0
2024-04-11 05:30:00,0.9127,0.91293,0.91262,0.91271,682,20,0
2024-04-11 06:00:00,0.91271,0.91273,0.91222,0.91246,471,17,0
2024-04-11 06:30:00,0.91247,0.91271,0.91238,0.91267,548,18,0
2024-04-11 07:00:00,0.91268,0.91272,0.9125,0.91253,324,18,0
2024-04-11 07:30:00,0.91254,0.91267,0.91241,0.91245,169,18,0
2024-04-11 08:00:00,0.91243,0.91267,0.91226,0.91243,595,18,0
2024-04-11 08:30:00,0.91241,0.91267,0.91222,0.91266,706,20,0
2024-04-11 09:00:00,0.91273,0.91394,0.91273,0.91372,1094,17,0
2024-04-11 09:30:00,0.91376,0.91453,0.91358,0.91443,1659,17,0
2024-04-11 10:00:00,0.91442,0.91458,0.91368,0.91387,1981,17,0
2024-04-11 10:30:00,0.91386,0.91428,0.91336,0.91364,2043,18,0
2024-04-11 11:00:00,0.91365,0.91367,0.91318,0.9136,1929,18,0
2024-04-11 11:30:00,0.91359,0.91377,0.91304,0.91372,2015,16,0
2024-04-11 12:00:00,0.91373,0.91397,0.91328,0.91332,1633,19,0
2024-04-11 12:30:00,0.91331,0.91349,0.91273,0.91308,1653,17,0
2024-04-11 13:00:00,0.91309,0.91348,0.91216,0.91226,1005,18,0
2024-04-11 13:30:00,0.91226,0.91252,0.91204,0.91214,1420,17,0
2024-04-11 14:00:00,0.91215,0.9126,0.91195,0.91227,1358,19,0
2024-04-11 14:30:00,0.91227,0.9129,0.91225,0.91274,1533,18,0
2024-04-11 15:00:00,0.91275,0.91283,0.90902,0.90961,3819,16,0
2024-04-11 15:30:00,0.91036,0.91053,0.90736,0.90875,7118,16,0
2024-04-11 16:00:00,0.90876,0.90988,0.90871,0.90886,4957,16,0
2024-04-11 16:30:00,0.90887,0.91093,0.90877,0.91079,3831,16,0
2024-04-11 17:00:00,0.91082,0.91182,0.91071,0.91162,3409,16,0
2024-04-11 17:30:00,0.91162,0.9123,0.91113,0.91115,3122,17,0
2024-04-11 18:00:00,0.91115,0.91162,0.91062,0.91121,2010,17,0
2024-04-11 18:30:00,0.91123,0.91166,0.91042,0.91071,2134,18,0
2024-04-11 19:00:00,0.9107,0.91105,0.91049,0.9107,1419,16,0
2024-04-11 19:30:00,0.9107,0.91091,0.91025,0.9104,1504,17,0
2024-04-11 20:00:00,0.91038,0.91055,0.90953,0.90967,2058,18,0
2024-04-11 20:30:00,0.90968,0.90987,0.90913,0.90926,1136,17,0
2024-04-11 21:00:00,0.90926,0.90947,0.90852,0.90901,1396,17,0
2024-04-11 21:30:00,0.90899,0.90993,0.90893,0.90993,1107,18,0
2024-04-11 22:00:00,0.90991,0.90993,0.90935,0.9095,939,19,0
2024-04-11 22:30:00,0.90951,0.90968,0.9092,0.9096,1088,19,0
2024-04-11 23:00:00,0.90959,0.90995,0.90956,0.90973,581,18,0
2024-04-11 23:30:00,0.90974,0.90994,0.90971,0.90986,354,26,0
2024-04-12 00:00:00,0.90928,0.90969,0.90919,0.90954,20,79,0
2024-04-12 00:30:00,0.90961,0.90973,0.90933,0.9096,752,42,0
2024-04-12 01:00:00,0.90968,0.90968,0.90931,0.90948,693,22,0
2024-04-12 01:30:00,0.90949,0.90967,0.90948,0.90953,398,18,0
2024-04-12 02:00:00,0.90953,0.90978,0.90953,0.90971,502,20,0
2024-04-12 02:30:00,0.9097,0.91007,0.9097,0.90977,810,18,0
2024-04-12 03:00:00,0.90976,0.91036,0.90976,0.91006,1032,17,0
2024-04-12 03:30:00,0.91003,0.91018,0.90954,0.9096,685,19,0
2024-04-12 04:00:00,0.90958,0.90974,0.90926,0.9096,1410,17,0
2024-04-12 04:30:00,0.90958,0.90968,0.90932,0.90963,1112,19,0
2024-04-12 05:00:00,0.90963,0.9097,0.90943,0.90962,847,17,0
2024-04-12 05:30:00,0.90962,0.90983,0.90947,0.9098,651,18,0
2024-04-12 06:00:00,0.90981,0.91028,0.90977,0.91027,567,17,0
2024-04-12 06:30:00,0.91028,0.9108,0.91026,0.91077,717,18,0
2024-04-12 07:00:00,0.91077,0.911,0.91072,0.91089,189,16,0
2024-04-12 07:30:00,0.91087,0.91117,0.91075,0.91114,314,18,0
2024-04-12 08:00:00,0.91114,0.91132,0.91094,0.91102,531,17,0
2024-04-12 08:30:00,0.91102,0.91115,0.91059,0.91113,747,19,0
2024-04-12 09:00:00,0.91113,0.91144,0.91077,0.9112,1656,17,0
2024-04-12 09:30:00,0.91119,0.91244,0.91112,0.91187,1688,16,0
2024-04-12 10:00:00,0.91183,0.91274,0.91156,0.91245,2360,17,0
2024-04-12 10:30:00,0.91246,0.91261,0.91211,0.91228,1716,16,0
2024-04-12 11:00:00,0.91227,0.91301,0.91221,0.91278,1862,16,0
2024-04-12 11:30:00,0.91278,0.91295,0.91241,0.91259,1698,18,0
2024-04-12 12:00:00,0.91258,0.91331,0.91211,0.91283,2030,17,0
2024-04-12 12:30:00,0.91284,0.91328,0.91255,0.91291,1769,17,0
2024-04-12 13:00:00,0.91291,0.91339,0.9127,0.91322,1459,19,0
2024-04-12 13:30:00,0.91319,0.91359,0.9131,0.91353,1545,18,0
2024-04-12 14:00:00,0.91352,0.91363,0.91206,0.91228,1809,18,0
2024-04-12 14:30:00,0.91229,0.91289,0.91224,0.91236,1316,18,0
2024-04-12 15:00:00,0.91235,0.91251,0.91162,0.9121,1704,16,0
2024-04-12 15:30:00,0.9121,0.91238,0.91061,0.91131,3747,16,0
2024-04-12 16:00:00,0.9113,0.91206,0.91025,0.91173,3508,16,0
2024-04-12 16:30:00,0.91173,0.91265,0.91169,0.91233,2961,18,0
2024-04-12 17:00:00,0.91233,0.91263,0.91025,0.91144,3793,16,0
2024-04-12 17:30:00,0.91143,0.91146,0.91042,0.91073,3182,16,0
2024-04-12 18:00:00,0.91076,0.91205,0.91063,0.91155,3044,17,0
2024-04-12 18:30:00,0.91153,0.91202,0.91108,0.91201,3434,16,0
2024-04-12 19:00:00,0.91202,0.91247,0.91154,0.91243,2447,17,0
2024-04-12 19:30:00,0.91241,0.91259,0.91203,0.91237,2314,16,0
2024-04-12 20:00:00,0.91237,0.91244,0.91203,0.91229,1982,17,0
2024-04-12 20:30:00,0.91228,0.91297,0.91221,0.91295,2212,17,0
2024-04-12 21:00:00,0.91296,0.91334,0.91276,0.91334,1705,18,0
2024-04-12 21:30:00,0.91333,0.91367,0.91326,0.9134,955,17,0
2024-04-12 22:00:00,0.9134,0.91368,0.9133,0.91358,992,18,0
2024-04-12 22:30:00,0.91357,0.91403,0.91346,0.91401,1230,18,0
2024-04-12 23:00:00,0.91401,0.91422,0.9138,0.91401,651,19,0
2024-04-12 23:30:00,0.91402,0.91442,0.91398,0.9141,546,22,0
2024-04-15 00:00:00,0.91097,0.91276,0.91097,0.9114,221,93,0
2024-04-15 00:30:00,0.91152,0.9135,0.91131,0.91265,1664,54,0
2024-04-15 01:00:00,0.91261,0.91322,0.91228,0.91273,1132,18,0
2024-04-15 01:30:00,0.91276,0.91322,0.91252,0.91318,1028,19,0
2024-04-15 02:00:00,0.91321,0.91399,0.9132,0.91362,691,16,0
2024-04-15 02:30:00,0.91362,0.91379,0.91337,0.91369,1049,17,0
2024-04-15 03:00:00,0.91367,0.91427,0.91344,0.91387,1896,17,0
2024-04-15 03:30:00,0.91387,0.91426,0.9137,0.91418,1132,16,0
2024-04-15 04:00:00,0.91418,0.91469,0.91382,0.91397,2221,17,0
2024-04-15 04:30:00,0.91397,0.91397,0.91334,0.91353,2941,18,0
2024-04-15 05:00:00,0.91352,0.91377,0.91311,0.91376,1777,17,0
2024-04-15 05:30:00,0.91375,0.91418,0.91369,0.91391,985,19,0
2024-04-15 06:00:00,0.91389,0.91421,0.91389,0.91415,797,17,0
2024-04-15 06:30:00,0.91414,0.91417,0.91371,0.91392,851,18,0
2024-04-15 07:00:00,0.91391,0.91431,0.91386,0.91417,869,19,0
2024-04-15 07:30:00,0.91417,0.9144,0.91407,0.91413,1089,18,0
2024-04-15 08:00:00,0.91412,0.91431,0.91396,0.91402,1052,18,0
2024-04-15 08:30:00,0.91402,0.91408,0.91334,0.91355,1025,18,0
2024-04-15 09:00:00,0.91359,0.91397,0.91265,0.91285,1346,16,0
2024-04-15 09:30:00,0.91287,0.91336,0.91265,0.91306,1763,17,0
2024-04-15 10:00:00,0.91307,0.9133,0.91244,0.91293,1944,17,0
2024-04-15 10:30:00,0.91291,0.91341,0.91256,0.91271,2157,16,0
2024-04-15 11:00:00,0.91272,0.91308,0.91204,0.91257,2024,17,0
2024-04-15 11:30:00,0.91257,0.91299,0.91248,0.91278,1072,17,0
2024-04-15 12:00:00,0.91278,0.91293,0.91229,0.91287,1111,17,0
2024-04-15 12:30:00,0.91286,0.91322,0.91279,0.91288,1224,17,0
2024-04-15 13:00:00,0.91287,0.91296,0.9121,0.9129,841,17,0
2024-04-15 13:30:00,0.91289,0.9138,0.91286,0.91317,1126,16,0
2024-04-15 14:00:00,0.91316,0.91325,0.91227,0.91238,1494,17,0
2024-04-15 14:30:00,0.91237,0.91281,0.91222,0.91267,1169,18,0
2024-04-15 15:00:00,0.91268,0.91277,0.91234,0.91248,1308,18,0
2024-04-15 15:30:00,0.91328,0.91503,0.91322,0.91335,4827,17,0
2024-04-15 16:00:00,0.91336,0.9142,0.91265,0.91389,3307,16,0
2024-04-15 16:30:00,0.91386,0.91444,0.91369,0.91428,2459,17,0
2024-04-15 17:00:00,0.91429,0.91511,0.914,0.91506,2686,16,0
2024-04-15 17:30:00,0.91507,0.91511,0.91314,0.91389,3899,17,0
2024-04-15 18:00:00,0.91388,0.91413,0.91318,0.91329,1954,17,0
2024-04-15 18:30:00,0.9133,0.91383,0.91315,0.91367,1721,17,0
2024-04-15 19:00:00,0.91366,0.9138,0.91286,0.91353,1424,16,0
2024-04-15 19:30:00,0.91358,0.91371,0.91312,0.91326,1424,16,0
2024-04-15 20:00:00,0.91325,0.9134,0.91221,0.91292,1531,16,0
2024-04-15 20:30:00,0.91294,0.9131,0.91241,0.91248,1791,16,0
2024-04-15 21:00:00,0.91247,0.91321,0.91242,0.91303,1202,17,0
2024-04-15 21:30:00,0.91307,0.91312,0.91231,0.9126,1099,18,0
2024-04-15 22:00:00,0.91258,0.91326,0.91198,0.91235,1295,16,0
2024-04-15 22:30:00,0.91234,0.9125,0.91208,0.91221,1038,17,0
2024-04-15 23:00:00,0.91219,0.91238,0.91194,0.91205,559,18,0
2024-04-15 23:30:00,0.91205,0.91229,0.91126,0.91147,542,22,0
2024-04-16 00:00:00,0.91146,0.91293,0.91126,0.91174,327,36,0
2024-04-16 00:30:00,0.91173,0.9118,0.91109,0.91141,406,49,0
2024-04-16 01:00:00,0.91163,0.9117,0.91142,0.91158,533,22,0
2024-04-16 01:30:00,0.91158,0.91178,0.91154,0.91173,366,19,0
2024-04-16 02:00:00,0.91171,0.91179,0.91151,0.91165,867,20,0
2024-04-16 02:30:00,0.91164,0.91188,0.91162,0.91182,912,20,0
2024-04-16 03:00:00,0.91184,0.91245,0.91183,0.9124,741,17,0
2024-04-16 03:30:00,0.9124,0.91275,0.91233,0.91273,795,17,0
2024-04-16 04:00:00,0.91272,0.91304,0.91251,0.91291,1392,17,0
2024-04-16 04:30:00,0.91288,0.91291,0.91246,0.91255,1005,20,0
2024-04-16 05:00:00,0.91254,0.91324,0.91233,0.91319,1320,18,0
2024-04-16 05:30:00,0.9132,0.9136,0.91302,0.91316,1040,19,0
2024-04-16 06:00:00,0.91314,0.91343,0.9131,0.91315,803,18,0
2024-04-16 06:30:00,0.91316,0.9133,0.91304,0.91306,787,19,0
2024-04-16 07:00:00,0.91305,0.9131,0.91291,0.91303,501,18,0
2024-04-16 07:30:00,0.91306,0.91311,0.91268,0.91273,533,16,0
2024-04-16 08:00:00,0.91273,0.91278,0.91243,0.91244,874,16,0
2024-04-16 08:30:00,0.91243,0.91265,0.91233,0.91247,950,18,0
2024-04-16 09:00:00,0.91248,0.91346,0.91215,0.91344,1623,18,0
2024-04-16 09:30:00,0.91344,0.91394,0.913,0.91331,2316,16,0
2024-04-16 10:00:00,0.91331,0.91411,0.91296,0.91316,2314,16,0
2024-04-16 10:30:00,0.91312,0.91366,0.91165,0.91184,2395,16,0
2024-04-16 11:00:00,0.91188,0.91315,0.91169,0.91315,1672,17,0
2024-04-16 11:30:00,0.91315,0.91357,0.9129,0.91325,1398,17,0
2024-04-16 12:00:00,0.91326,0.91336,0.91195,0.91328,1728,18,0
2024-04-16 12:30:00,0.91329,0.91341,0.91262,0.91323,1365,16,0
2024-04-16 13:00:00,0.91322,0.91322,0.91261,0.91292,1423,18,0
2024-04-16 13:30:00,0.91292,0.9133,0.91282,0.9131,1829,16,0
2024-04-16 14:00:00,0.91311,0.91339,0.91274,0.91298,2033,18,0
2024-04-16 14:30:00,0.91297,0.91304,0.9119,0.91204,1629,17,0
2024-04-16 15:00:00,0.91206,0.91295,0.91206,0.91244,1561,16,0
2024-04-16 15:30:00,0.91246,0.91259,0.91104,0.91192,2703,16,0
2024-04-16 16:00:00,0.91192,0.91318,0.91182,0.9125,2777,16,0
2024-04-16 16:30:00,0.91253,0.91336,0.91169,0.91317,3963,16,0
2024-04-16 17:00:00,0.91318,0.91365,0.91275,0.91297,2716,16,0
2024-04-16 17:30:00,0.91297,0.91343,0.91223,0.91281,2277,16,0
2024-04-16 18:00:00,0.91281,0.91296,0.91198,0.91291,1725,17,0
2024-04-16 18:30:00,0.91291,0.91339,0.91251,0.91276,1677,16,0
2024-04-16 19:00:00,0.91277,0.9131,0.91251,0.91297,1274,17,0
2024-04-16 19:30:00,0.91292,0.91339,0.91221,0.91237,1346,16,0
2024-04-16 20:00:00,0.91235,0.91312,0.91229,0.91307,1403,16,0
2024-04-16 20:30:00,0.91306,0.9139,0.91265,0.91323,4165,17,0
2024-04-16 21:00:00,0.91323,0.9135,0.9118,0.91252,3177,16,0
2024-04-16 21:30:00,0.91251,0.9127,0.91193,0.91214,1968,18,0
2024-04-16 22:00:00,0.91214,0.9125,0.91209,0.91235,1213,19,0
2024-04-16 22:30:00,0.91234,0.91297,0.91231,0.91262,1305,18,0
2024-04-16 23:00:00,0.91263,0.91309,0.91259,0.91283,428,20,0
2024-04-16 23:30:00,0.91283,0.913,0.91277,0.91284,327,23,0
2024-04-17 00:00:00,0.91282,0.91282,0.91226,0.91273,76,28,0
2024-04-17 00:30:00,0.91272,0.91275,0.9124,0.91256,793,23,0
2024-04-17 01:00:00,0.91255,0.91293,0.91255,0.91277,350,21,0
2024-04-17 01:30:00,0.91281,0.91299,0.91251,0.91256,756,20,0
2024-04-17 02:00:00,0.91255,0.91257,0.91217,0.91217,467,18,0
2024-04-17 02:30:00,0.91216,0.91258,0.91211,0.91258,458,18,0
2024-04-17 03:00:00,0.91257,0.91269,0.91219,0.91234,883,18,0
2024-04-17 03:30:00,0.91235,0.91253,0.91206,0.9122,785,19,0
2024-04-17 04:00:00,0.91221,0.9125,0.91196,0.91206,1076,18,0
2024-04-17 04:30:00,0.91206,0.91227,0.91199,0.91217,1545,19,0
2024-04-17 05:00:00,0.91216,0.91224,0.91192,0.91194,937,18,0
2024-04-17 05:30:00,0.91194,0.91203,0.91176,0.91198,592,20,0
2024-04-17 06:00:00,0.91198,0.91219,0.91187,0.91205,642,19,0
2024-04-17 06:30:00,0.91205,0.91236,0.91202,0.91227,580,18,0
2024-04-17 07:00:00,0.91228,0.91232,0.91201,0.91213,825,18,0
2024-04-17 07:30:00,0.91213,0.91233,0.91206,0.91228,601,19,0
2024-04-17 08:00:00,0.91227,0.9125,0.91222,0.91248,494,19,0
2024-04-17 08:30:00,0.91242,0.91279,0.91241,0.9127,615,19,0
2024-04-17 09:00:00,0.91273,0.91316,0.91197,0.91208,1946,17,0
2024-04-17 09:30:00,0.91208,0.91218,0.90986,0.91008,2082,16,0
2024-04-17 10:00:00,0.91007,0.91148,0.91006,0.91086,1978,18,0
2024-04-17 10:30:00,0.91088,0.91113,0.90996,0.9106,1824,18,0
2024-04-17 11:00:00,0.91061,0.91089,0.90961,0.90995,1722,17,0
2024-04-17 11:30:00,0.90996,0.91014,0.90927,0.90986,1955,16,0
2024-04-17 12:00:00,0.90986,0.91044,0.90969,0.91021,1509,16,0
2024-04-17 12:30:00,0.91022,0.91133,0.91018,0.91122,1288,19,0
2024-04-17 13:00:00,0.91121,0.9117,0.91095,0.91156,1106,16,0
2024-04-17 13:30:00,0.91156,0.91172,0.91126,0.91148,1328,16,0
2024-04-17 14:00:00,0.91149,0.9115,0.91039,0.91081,1615,17,0
2024-04-17 14:30:00,0.91079,0.91098,0.91049,0.91082,1022,16,0
2024-04-17 15:00:00,0.91081,0.91172,0.91066,0.91148,1809,18,0
2024-04-17 15:30:00,0.91148,0.91174,0.91109,0.91158,2020,17,0
2024-04-17 16:00:00,0.9116,0.91177,0.91046,0.91113,1903,17,0
2024-04-17 16:30:00,0.91113,0.91173,0.91045,0.91171,2418,17,0
2024-04-17 17:00:00,0.91169,0.91244,0.91169,0.91209,1709,18,0
2024-04-17 17:30:00,0.91212,0.91305,0.91195,0.91288,1653,17,0
2024-04-17 18:00:00,0.91288,0.91288,0.91196,0.91207,1324,16,0
2024-04-17 18:30:00,0.91206,0.91224,0.91158,0.91206,1491,18,0
2024-04-17 19:00:00,0.91205,0.9122,0.91119,0.91138,1923,16,0
2024-04-17 19:30:00,0.91141,0.91162,0.91087,0.91091,2269,16,0
2024-04-17 20:00:00,0.9109,0.91105,0.91015,0.91053,1924,16,0
2024-04-17 20:30:00,0.91053,0.91058,0.90951,0.90991,1320,16,0
2024-04-17 21:00:00,0.9099,0.91012,0.90948,0.90995,1439,18,0
2024-04-17 21:30:00,0.90994,0.91037,0.90975,0.91034,1158,16,0
2024-04-17 22:00:00,0.91036,0.91073,0.91029,0.91043,1296,19,0
2024-04-17 22:30:00,0.91042,0.91067,0.91009,0.91014,867,18,0
2024-04-17 23:00:00,0.91013,0.91025,0.91004,0.91016,395,22,0
2024-04-17 23:30:00,0.91018,0.91067,0.91016,0.91059,281,22,0
2024-04-18 00:00:00,0.91054,0.91054,0.91006,0.91019,119,42,0
2024-04-18 00:30:00,0.91019,0.91051,0.91015,0.91041,260,38,0
2024-04-18 01:00:00,0.91041,0.91051,0.91012,0.91043,473,20,0
2024-04-18 01:30:00,0.91046,0.91046,0.91024,0.91035,136,17,0
2024-04-18 02:00:00,0.91037,0.91047,0.91019,0.91035,156,19,0
2024-04-18 02:30:00,0.91033,0.91072,0.91032,0.91054,337,19,0
2024-04-18 03:00:00,0.91052,0.91089,0.91049,0.91056,596,20,0
2024-04-18 03:30:00,0.91057,0.91057,0.91028,0.91035,560,20,0
2024-04-18 04:00:00,0.91033,0.91035,0.90986,0.91017,814,19,0
2024-04-18 04:30:00,0.91021,0.91083,0.91008,0.91048,739,16,0
2024-04-18 05:00:00,0.91048,0.91072,0.90994,0.91013,1236,19,0
2024-04-18 05:30:00,0.91012,0.91027,0.90962,0.90986,1014,17,0
2024-04-18 06:00:00,0.90988,0.90993,0.90974,0.90988,583,19,0
2024-04-18 06:30:00,0.90988,0.90992,0.90951,0.90958,470,19,0
2024-04-18 07:00:00,0.90958,0.90987,0.90957,0.90969,642,19,0
2024-04-18 07:30:00,0.90968,0.91009,0.90967,0.91,439,17,0
2024-04-18 08:00:00,0.90998,0.91011,0.90974,0.90975,585,20,0
2024-04-18 08:30:00,0.90975,0.9098,0.90946,0.90968,756,19,0
2024-04-18 09:00:00,0.90965,0.90977,0.9087,0.90898,1605,18,0
2024-04-18 09:30:00,0.909,0.90947,0.90889,0.90937,1104,16,0
2024-04-18 10:00:00,0.90937,0.90967,0.90907,0.90931,1758,16,0
2024-04-18 10:30:00,0.9093,0.90946,0.90867,0.90899,1228,16,0
2024-04-18 11:00:00,0.909,0.90911,0.90836,0.90871,1402,16,0
2024-04-18 11:30:00,0.9087,0.90884,0.90803,0.9085,1177,16,0
2024-04-18 12:00:00,0.9085,0.90886,0.90843,0.90874,824,18,0
2024-04-18 12:30:00,0.90874,0.90919,0.90873,0.90897,717,17,0
2024-04-18 13:00:00,0.90899,0.90899,0.90846,0.90888,1058,19,0
2024-04-18 13:30:00,0.90888,0.90893,0.90824,0.90883,1021,18,0
2024-04-18 14:00:00,0.90883,0.9089,0.90812,0.90888,1253,17,0
2024-04-18 14:30:00,0.90888,0.90893,0.90835,0.90851,1423,18,0
2024-04-18 15:00:00,0.90852,0.90983,0.9084,0.90955,1274,17,0
2024-04-18 15:30:00,0.90955,0.91021,0.90889,0.90949,2917,18,0
2024-04-18 16:00:00,0.90947,0.91033,0.90927,0.91028,2418,17,0
2024-04-18 16:30:00,0.91027,0.91114,0.90987,0.91098,2842,16,0
2024-04-18 17:00:00,0.91097,0.9116,0.91011,0.91138,2377,16,0
2024-04-18 17:30:00,0.91137,0.91212,0.911,0.91197,2066,16,0
2024-04-18 18:00:00,0.91199,0.91199,0.91112,0.9112,1350,17,0
2024-04-18 18:30:00,0.91119,0.91159,0.91087,0.91138,1536,18,0
2024-04-18 19:00:00,0.91137,0.91173,0.91121,0.91161,1380,18,0
2024-04-18 19:30:00,0.9116,0.91195,0.91127,0.91169,1120,18,0
2024-04-18 20:00:00,0.9117,0.91188,0.9114,0.91147,1081,19,0
2024-04-18 20:30:00,0.91148,0.91174,0.91123,0.91156,963,17,0
2024-04-18 21:00:00,0.91158,0.91199,0.91144,0.91198,886,16,0
2024-04-18 21:30:00,0.91195,0.91214,0.91178,0.91204,715,18,0
2024-04-18 22:00:00,0.91205,0.91205,0.9117,0.91198,646,20,0
2024-04-18 22:30:00,0.91197,0.91241,0.91175,0.91241,626,17,0
2024-04-18 23:00:00,0.9124,0.9124,0.91202,0.9121,313,20,0
2024-04-18 23:30:00,0.91209,0.91243,0.91209,0.91219,317,22,0
2024-04-19 00:00:00,0.91188,0.91203,0.91186,0.91203,2585,47,0
2024-04-19 00:30:00,0.91212,0.91229,0.91212,0.91225,249,28,0
2024-04-19 01:00:00,0.91225,0.91245,0.91217,0.91238,203,21,0
2024-04-19 01:30:00,0.91239,0.91288,0.91235,0.91287,198,18,0
2024-04-19 02:00:00,0.91286,0.91301,0.91237,0.91252,314,17,0
2024-04-19 02:30:00,0.91253,0.91267,0.91224,0.91238,447,17,0
2024-04-19 03:00:00,0.91239,0.9126,0.91227,0.91236,687,17,0
2024-04-19 03:30:00,0.91237,0.91253,0.9119,0.91191,1226,18,0
2024-04-19 04:00:00,0.91194,0.91194,0.90939,0.90956,3559,16,0
2024-04-19 04:30:00,0.90959,0.90964,0.90594,0.90745,5821,16,0
2024-04-19 05:00:00,0.9075,0.9077,0.90102,0.90354,5145,16,0
2024-04-19 05:30:00,0.90351,0.9056,0.90309,0.9053,3581,16,0
2024-04-19 06:00:00,0.90531,0.90947,0.90531,0.90884,4801,16,0
2024-04-19 06:30:00,0.90878,0.9088,0.90643,0.90739,3798,16,0
2024-04-19 07:00:00,0.90737,0.90892,0.9073,0.9088,2381,21,0
2024-04-19 07:30:00,0.90881,0.90898,0.90807,0.90814,1874,20,0
2024-04-19 08:00:00,0.90815,0.9086,0.90741,0.90841,1845,18,0
2024-04-19 08:30:00,0.9084,0.90886,0.9077,0.90779,2698,20,0
2024-04-19 09:00:00,0.90776,0.90941,0.90766,0.90913,4344,16,0
2024-04-19 09:30:00,0.90914,0.90939,0.90836,0.90858,2680,18,0
2024-04-19 10:00:00,0.90856,0.90871,0.90747,0.90863,3863,17,0
2024-04-19 10:30:00,0.90863,0.90889,0.90736,0.9082,2888,17,0
2024-04-19 11:00:00,0.90821,0.90844,0.90743,0.90761,2082,17,0
2024-04-19 11:30:00,0.90761,0.90861,0.90692,0.90838,2028,16,0
2024-04-19 12:00:00,0.90838,0.90924,0.90811,0.90839,1688,16,0
2024-04-19 12:30:00,0.90838,0.90861,0.90804,0.90825,1552,17,0
2024-04-19 13:00:00,0.90825,0.90939,0.90822,0.90879,1546,16,0
2024-04-19 13:30:00,0.90878,0.90879,0.90815,0.90843,1446,19,0
2024-04-19 14:00:00,0.90843,0.9094,0.9084,0.90935,1473,18,0
2024-04-19 14:30:00,0.90934,0.90936,0.90859,0.909,1380,19,0
2024-04-19 15:00:00,0.90899,0.90905,0.90806,0.90815,1927,17,0
2024-04-19 15:30:00,0.90816,0.90823,0.90706,0.90786,2281,18,0
2024-04-19 16:00:00,0.90786,0.90853,0.90758,0.90809,2085,19,0
2024-04-19 16:30:00,0.90808,0.90835,0.90733,0.9083,2494,16,0
2024-04-19 17:00:00,0.90832,0.909,0.90774,0.90781,2378,16,0
2024-04-19 17:30:00,0.9078,0.90952,0.90766,0.9093,2699,17,0
2024-04-19 18:00:00,0.90931,0.90933,0.90853,0.90876,2117,18,0
2024-04-19 18:30:00,0.90876,0.90918,0.90832,0.90911,1526,17,0
2024-04-19 19:00:00,0.90909,0.91003,0.909,0.91003,1404,18,0
2024-04-19 19:30:00,0.91001,0.91002,0.90947,0.90986,1429,18,0
2024-04-19 20:00:00,0.90985,0.90985,0.90922,0.90975,1387,18,0
2024-04-19 20:30:00,0.90976,0.91004,0.90952,0.91004,1114,17,0
2024-04-19 21:00:00,0.91004,0.91016,0.90985,0.91008,1252,18,0
2024-04-19 21:30:00,0.91008,0.91038,0.90977,0.90985,1171,19,0
2024-04-19 22:00:00,0.90986,0.91036,0.90977,0.91029,1125,19,0
2024-04-19 22:30:00,0.91029,0.91047,0.90992,0.91016,1413,17,0
2024-04-19 23:00:00,0.91016,0.91054,0.91005,0.91007,534,18,0
2024-04-19 23:30:00,0.91006,0.91042,0.90973,0.9098,445,23,0
2024-04-22 00:00:00,0.90955,0.9097,0.90915,0.90949,103,115,0
2024-04-22 00:30:00,0.90942,0.91002,0.90941,0.91002,494,99,0
2024-04-22 01:00:00,0.91009,0.9107,0.90982,0.91054,1192,18,0
2024-04-22 01:30:00,0.91052,0.91072,0.91028,0.91066,3029,18,0
2024-04-22 02:00:00,0.91069,0.91084,0.91043,0.9108,1188,18,0
2024-04-22 02:30:00,0.91081,0.9112,0.91063,0.91113,622,19,0
2024-04-22 03:00:00,0.91113,0.91117,0.91013,0.91053,1488,18,0
2024-04-22 03:30:00,0.91054,0.91119,0.91023,0.91095,886,19,0
2024-04-22 04:00:00,0.91096,0.91106,0.91024,0.91067,1314,19,0
2024-04-22 04:30:00,0.91067,0.91073,0.91009,0.91032,994,20,0
2024-04-22 05:00:00,0.91032,0.91101,0.91024,0.91099,587,19,0
2024-04-22 05:30:00,0.91099,0.91148,0.91099,0.91129,770,19,0
2024-04-22 06:00:00,0.91128,0.91207,0.91128,0.91207,353,19,0
2024-04-22 06:30:00,0.91209,0.91221,0.91155,0.91159,672,18,0
2024-04-22 07:00:00,0.91161,0.91183,0.91143,0.91175,550,19,0
2024-04-22 07:30:00,0.91175,0.91177,0.91137,0.91156,622,19,0
2024-04-22 08:00:00,0.91156,0.91178,0.91151,0.91156,457,19,0
2024-04-22 08:30:00,0.91156,0.91216,0.91141,0.91144,911,19,0
2024-04-22 09:00:00,0.91145,0.91182,0.9112,0.91151,1284,19,0
2024-04-22 09:30:00,0.91152,0.91157,0.91075,0.91084,1571,18,0
2024-04-22 10:00:00,0.91087,0.91125,0.9104,0.9108,1609,17,0
2024-04-22 10:30:00,0.91082,0.91093,0.91023,0.91028,1466,17,0
2024-04-22 11:00:00,0.91028,0.91078,0.90975,0.91057,1437,18,0
2024-04-22 11:30:00,0.91057,0.91085,0.91008,0.91078,1343,18,0
2024-04-22 12:00:00,0.9108,0.91113,0.91041,0.91109,1608,19,0
2024-04-22 12:30:00,0.9111,0.9117,0.91102,0.91145,1282,20,0
2024-04-22 13:00:00,0.91145,0.91159,0.911,0.91134,1152,19,0
2024-04-22 13:30:00,0.91134,0.91156,0.91107,0.91154,1210,20,0
2024-04-22 14:00:00,0.91156,0.91184,0.91145,0.91177,1223,19,0
2024-04-22 14:30:00,0.91173,0.9118,0.91147,0.9116,1231,18,0
2024-04-22 15:00:00,0.9116,0.91171,0.91061,0.91068,1314,19,0
2024-04-22 15:30:00,0.91068,0.91116,0.91058,0.91111,1073,18,0
2024-04-22 16:00:00,0.9111,0.91203,0.91092,0.91175,1267,19,0
2024-04-22 16:30:00,0.91176,0.91214,0.91154,0.91164,1509,16,0
2024-04-22 17:00:00,0.91164,0.91215,0.91145,0.91151,1169,17,0
2024-04-22 17:30:00,0.91152,0.91156,0.91048,0.91121,1570,18,0
2024-04-22 18:00:00,0.91121,0.91223,0.91113,0.9117,1221,18,0
2024-04-22 18:30:00,0.91166,0.91229,0.91166,0.91181,1121,17,0
2024-04-22 19:00:00,0.9118,0.91213,0.91163,0.91206,747,17,0
2024-04-22 19:30:00,0.91202,0.91215,0.91156,0.91157,790,17,0
2024-04-22 20:00:00,0.91158,0.91171,0.91106,0.91113,961,18,0
2024-04-22 20:30:00,0.91113,0.91122,0.91061,0.91103,795,18,0
2024-04-22 21:00:00,0.91104,0.91126,0.91085,0.91099,413,18,0
2024-04-22 21:30:00,0.91098,0.9111,0.91076,0.91088,487,18,0
2024-04-22 22:00:00,0.91089,0.91137,0.91085,0.9113,518,17,0
2024-04-22 22:30:00,0.9113,0.91159,0.91119,0.91156,477,18,0
2024-04-22 23:00:00,0.91155,0.91191,0.91154,0.91177,548,21,0
2024-04-22 23:30:00,0.91176,0.91205,0.91157,0.91188,318,26,0
2024-04-23 00:00:00,0.91178,0.91181,0.91109,0.9115,70,37,0
2024-04-23 00:30:00,0.9115,0.9118,0.91131,0.91165,498,45,0
2024-04-23 01:00:00,0.91158,0.91188,0.91151,0.91187,2626,19,0
2024-04-23 01:30:00,0.91186,0.9119,0.91173,0.91178,5787,20,0
2024-04-23 02:00:00,0.91175,0.91191,0.91156,0.91187,1111,18,0
2024-04-23 02:30:00,0.91188,0.91195,0.91173,0.91181,370,18,0
2024-04-23 03:00:00,0.91181,0.91181,0.91149,0.91151,530,18,0
2024-04-23 03:30:00,0.91152,0.91156,0.91127,0.91136,670,18,0
2024-04-23 04:00:00,0.91135,0.91146,0.9112,0.91137,624,16,0
2024-04-23 04:30:00,0.91137,0.91195,0.91134,0.91187,908,19,0
2024-04-23 05:00:00,0.91187,0.91189,0.91161,0.91169,547,20,0
2024-04-23 05:30:00,0.9117,0.91186,0.9116,0.91183,499,19,0
2024-04-23 06:00:00,0.91183,0.91204,0.91178,0.91188,593,19,0
2024-04-23 06:30:00,0.91188,0.91204,0.9118,0.91198,202,19,0
2024-04-23 07:00:00,0.91198,0.91204,0.91191,0.91199,406,19,0
2024-04-23 07:30:00,0.912,0.9122,0.912,0.91218,615,20,0
2024-04-23 08:00:00,0.91219,0.91258,0.91219,0.91236,390,19,0
2024-04-23 08:30:00,0.91236,0.91254,0.91227,0.91242,559,18,0
2024-04-23 09:00:00,0.91243,0.91289,0.91233,0.91286,818,18,0
2024-04-23 09:30:00,0.91285,0.91292,0.91242,0.91276,945,17,0
2024-04-23 10:00:00,0.91278,0.91285,0.91059,0.91059,1864,16,0
2024-04-23 10:30:00,0.91057,0.91104,0.90984,0.9108,2314,16,0
2024-04-23 11:00:00,0.9108,0.91103,0.91041,0.91091,1350,18,0
2024-04-23 11:30:00,0.91091,0.91181,0.9108,0.91173,1242,17,0
2024-04-23 12:00:00,0.91174,0.91189,0.91135,0.91172,1587,18,0
2024-04-23 12:30:00,0.91171,0.91206,0.91143,0.91177,1115,16,0
2024-04-23 13:00:00,0.91178,0.91239,0.91141,0.91228,1132,17,0
2024-04-23 13:30:00,0.91229,0.91238,0.91155,0.91196,1089,17,0
2024-04-23 14:00:00,0.91196,0.91226,0.91112,0.91128,1373,18,0
2024-04-23 14:30:00,0.91128,0.91166,0.91101,0.91114,857,16,0
2024-04-23 15:00:00,0.91112,0.91132,0.91061,0.91086,1356,18,0
2024-04-23 15:30:00,0.91085,0.91161,0.91075,0.91132,1066,19,0
2024-04-23 16:00:00,0.91132,0.9119,0.91132,0.91167,975,18,0
2024-04-23 16:30:00,0.91168,0.91233,0.90859,0.90931,3500,16,0
2024-04-23 17:00:00,0.90931,0.91039,0.90892,0.90996,4304,17,0
2024-04-23 17:30:00,0.90997,0.91058,0.9092,0.91027,2616,17,0
2024-04-23 18:00:00,0.91028,0.91105,0.91023,0.91051,1816,18,0
2024-04-23 18:30:00,0.91051,0.9117,0.91042,0.9116,1042,17,0
2024-04-23 19:00:00,0.91159,0.91175,0.91114,0.91115,1093,18,0
2024-04-23 19:30:00,0.91115,0.91213,0.91107,0.91158,1179,17,0
2024-04-23 20:00:00,0.91157,0.91167,0.91049,0.91094,1478,16,0
2024-04-23 20:30:00,0.91093,0.91154,0.91077,0.91119,620,19,0
2024-04-23 21:00:00,0.91118,0.9114,0.91096,0.91113,513,18,0
2024-04-23 21:30:00,0.91114,0.9115,0.91107,0.91134,840,18,0
2024-04-23 22:00:00,0.91134,0.91175,0.91104,0.91171,538,18,0
2024-04-23 22:30:00,0.91173,0.91184,0.91135,0.91158,587,19,0
2024-04-23 23:00:00,0.9116,0.91189,0.91153,0.91173,325,22,0
2024-04-23 23:30:00,0.91174,0.91186,0.91156,0.91184,321,22,0
2024-04-24 00:00:00,0.91183,0.91184,0.91137,0.91137,28,29,0
2024-04-24 00:30:00,0.91137,0.91159,0.911,0.91129,387,37,0
2024-04-24 01:00:00,0.91146,0.91185,0.91138,0.9118,344,18,0
2024-04-24 01:30:00,0.91179,0.91184,0.91142,0.91155,274,21,0
2024-04-24 02:00:00,0.91152,0.91172,0.91151,0.91157,330,21,0
2024-04-24 02:30:00,0.91158,0.91181,0.91155,0.91167,928,19,0
2024-04-24 03:00:00,0.91166,0.91193,0.91144,0.91148,953,21,0
2024-04-24 03:30:00,0.91146,0.91162,0.91133,0.91144,622,18,0
2024-04-24 04:00:00,0.91145,0.9116,0.91131,0.91142,679,19,0
2024-04-24 04:30:00,0.91144,0.91166,0.91123,0.91132,1325,21,0
2024-04-24 05:00:00,0.91131,0.91162,0.9113,0.91144,698,18,0
2024-04-24 05:30:00,0.91145,0.9116,0.91141,0.91148,577,20,0
2024-04-24 06:00:00,0.91146,0.91177,0.91143,0.91168,554,20,0
2024-04-24 06:30:00,0.91163,0.91176,0.91154,0.9117,529,20,0
2024-04-24 07:00:00,0.91171,0.91178,0.91157,0.91163,434,20,0
2024-04-24 07:30:00,0.91163,0.91174,0.91153,0.9116,496,18,0
2024-04-24 08:00:00,0.9116,0.91197,0.91154,0.91177,876,18,0
2024-04-24 08:30:00,0.91177,0.91187,0.91162,0.91176,461,19,0
2024-04-24 09:00:00,0.91177,0.91262,0.91165,0.91209,964,19,0
2024-04-24 09:30:00,0.91209,0.91404,0.91199,0.91361,1289,16,0
2024-04-24 10:00:00,0.91361,0.91392,0.91301,0.91384,2057,17,0
2024-04-24 10:30:00,0.91384,0.91463,0.91363,0.91401,1322,17,0
2024-04-24 11:00:00,0.91399,0.91431,0.91366,0.91398,1190,16,0
2024-04-24 11:30:00,0.91397,0.91441,0.91393,0.9142,1128,17,0
2024-04-24 12:00:00,0.91419,0.91438,0.91407,0.91421,744,17,0
2024-04-24 12:30:00,0.91421,0.9143,0.91401,0.91416,652,18,0
2024-04-24 13:00:00,0.91418,0.9142,0.91374,0.91383,559,18,0
2024-04-24 13:30:00,0.91383,0.91413,0.91363,0.91404,834,18,0
2024-04-24 14:00:00,0.91406,0.91474,0.91395,0.91441,721,18,0
2024-04-24 14:30:00,0.9144,0.91507,0.91417,0.91426,903,17,0
2024-04-24 15:00:00,0.91425,0.91523,0.91403,0.91413,1840,17,0
2024-04-24 15:30:00,0.91412,0.91448,0.91319,0.91321,2690,17,0
2024-04-24 16:00:00,0.9132,0.91326,0.91203,0.91242,1883,16,0
2024-04-24 16:30:00,0.91237,0.91332,0.91194,0.91321,2061,18,0
2024-04-24 17:00:00,0.9132,0.91369,0.91236,0.91242,1700,18,0
2024-04-24 17:30:00,0.91241,0.91388,0.91241,0.91372,1557,18,0
2024-04-24 18:00:00,0.9137,0.91396,0.9136,0.91385,1478,17,0
2024-04-24 18:30:00,0.91387,0.91427,0.91375,0.91405,1158,18,0
2024-04-24 19:00:00,0.91405,0.91421,0.91385,0.91397,1097,16,0
2024-04-24 19:30:00,0.914,0.91416,0.91353,0.91382,1020,17,0
2024-04-24 20:00:00,0.91383,0.91402,0.91302,0.91348,1128,18,0
2024-04-24 20:30:00,0.91349,0.91399,0.91338,0.91374,970,19,0
2024-04-24 21:00:00,0.91371,0.91433,0.91359,0.91428,720,19,0
2024-04-24 21:30:00,0.91429,0.91485,0.91426,0.91469,915,17,0
2024-04-24 22:00:00,0.91469,0.91486,0.91396,0.91404,777,17,0
2024-04-24 22:30:00,0.91405,0.91478,0.91396,0.91464,723,18,0
2024-04-24 23:00:00,0.91463,0.915,0.91461,0.91497,532,21,0
2024-04-24 23:30:00,0.91497,0.91511,0.91494,0.91497,533,25,0
2024-04-25 00:00:00,0.91401,0.91483,0.91401,0.91457,46,50,0
2024-04-25 00:30:00,0.91453,0.91486,0.91443,0.9146,1626,35,0
2024-04-25 01:00:00,0.91461,0.91475,0.91438,0.91459,602,25,0
2024-04-25 01:30:00,0.9146,0.91471,0.91455,0.91456,265,22,0
2024-04-25 02:00:00,0.91457,0.91465,0.91448,0.91459,932,20,0
2024-04-25 02:30:00,0.9146,0.9146,0.91431,0.91438,390,20,0
2024-04-25 03:00:00,0.91436,0.91442,0.91392,0.91424,589,18,0
2024-04-25 03:30:00,0.91425,0.91452,0.91416,0.91432,665,20,0
2024-04-25 04:00:00,0.91433,0.91467,0.91411,0.91415,656,19,0
2024-04-25 04:30:00,0.91416,0.91432,0.91394,0.91414,836,18,0
2024-04-25 05:00:00,0.91416,0.9143,0.91398,0.91418,703,18,0
2024-04-25 05:30:00,0.91418,0.9144,0.9141,0.91428,403,17,0
2024-04-25 06:00:00,0.91428,0.91476,0.91411,0.91463,684,17,0
2024-04-25 06:30:00,0.91463,0.91467,0.91458,0.91463,365,19,0
2024-04-25 07:00:00,0.91463,0.91473,0.91432,0.91439,301,18,0
2024-04-25 07:30:00,0.9144,0.91448,0.91421,0.91438,336,17,0
2024-04-25 08:00:00,0.91436,0.9144,0.91396,0.91421,608,16,0
2024-04-25 08:30:00,0.9142,0.91428,0.91381,0.91404,430,20,0
2024-04-25 09:00:00,0.91406,0.91436,0.91346,0.91364,991,17,0
2024-04-25 09:30:00,0.91365,0.91368,0.91264,0.91293,1633,16,0
2024-04-25 10:00:00,0.91294,0.91386,0.91288,0.9137,1373,16,0
2024-04-25 10:30:00,0.91369,0.91375,0.91284,0.91313,1463,18,0
2024-04-25 11:00:00,0.91312,0.91346,0.91266,0.9134,1158,17,0
2024-04-25 11:30:00,0.91341,0.91342,0.91243,0.91247,1200,17,0
2024-04-25 12:00:00,0.91248,0.91288,0.91243,0.91246,955,17,0
2024-04-25 12:30:00,0.91246,0.91273,0.91211,0.91252,1242,17,0
2024-04-25 13:00:00,0.91251,0.91321,0.91245,0.91295,600,19,0
2024-04-25 13:30:00,0.91296,0.91331,0.91281,0.91308,1018,16,0
2024-04-25 14:00:00,0.91309,0.91325,0.91245,0.91262,784,17,0
2024-04-25 14:30:00,0.91263,0.91348,0.9126,0.91331,873,17,0
2024-04-25 15:00:00,0.91334,0.91381,0.91308,0.91314,975,18,0
2024-04-25 15:30:00,0.91312,0.91547,0.91158,0.91514,5942,16,0
2024-04-25 16:00:00,0.91512,0.91555,0.91427,0.91521,3891,17,0
2024-04-25 16:30:00,0.91522,0.91548,0.91401,0.91512,3212,17,0
2024-04-25 17:00:00,0.91512,0.91559,0.9134,0.91358,2700,17,0
2024-04-25 17:30:00,0.91359,0.91408,0.91316,0.91351,2562,16,0
2024-04-25 18:00:00,0.9135,0.91383,0.91306,0.91316,1549,18,0
2024-04-25 18:30:00,0.91317,0.91349,0.9128,0.91335,1094,17,0
2024-04-25 19:00:00,0.91335,0.91402,0.91324,0.91361,1114,19,0
2024-04-25 19:30:00,0.91363,0.9138,0.91262,0.91283,1157,19,0
2024-04-25 20:00:00,0.91282,0.91293,0.912,0.91223,1271,18,0
2024-04-25 20:30:00,0.91225,0.9125,0.91211,0.91216,1319,18,0
2024-04-25 21:00:00,0.91218,0.9125,0.91201,0.91244,1630,16,0
2024-04-25 21:30:00,0.91244,0.91255,0.91219,0.91235,800,17,0
2024-04-25 22:00:00,0.91235,0.91239,0.91164,0.91182,754,17,0
2024-04-25 22:30:00,0.91183,0.91231,0.91174,0.91217,901,20,0
2024-04-25 23:00:00,0.9122,0.91231,0.91205,0.91214,763,20,0
2024-04-25 23:30:00,0.91215,0.91225,0.91203,0.9121,429,25,0
2024-04-26 00:00:00,0.91206,0.91207,0.91148,0.9119,395,34,0
2024-04-26 00:30:00,0.91194,0.91222,0.91157,0.9121,1845,40,0
2024-04-26 01:00:00,0.91207,0.91233,0.91179,0.91221,1054,18,0
2024-04-26 01:30:00,0.91221,0.91233,0.91208,0.91218,217,21,0
2024-04-26 02:00:00,0.91219,0.9124,0.91218,0.91236,841,20,0
2024-04-26 02:30:00,0.91235,0.91266,0.91232,0.91262,304,19,0
2024-04-26 03:00:00,0.91262,0.91314,0.91262,0.9128,993,18,0
2024-04-26 03:30:00,0.91279,0.91289,0.91259,0.91271,643,19,0
2024-04-26 04:00:00,0.91272,0.91301,0.91271,0.91299,945,18,0
2024-04-26 04:30:00,0.91299,0.91299,0.91249,0.91284,704,20,0
2024-04-26 05:00:00,0.91285,0.91303,0.91284,0.91289,610,21,0
2024-04-26 05:30:00,0.9129,0.91335,0.91287,0.91318,785,20,0
2024-04-26 06:00:00,0.91318,0.91319,0.91251,0.91288,1072,18,0
2024-04-26 06:30:00,0.91288,0.91324,0.91279,0.91304,1029,19,0
2024-04-26 07:00:00,0.91304,0.91319,0.91277,0.91305,705,16,0
2024-04-26 07:30:00,0.91307,0.91325,0.91281,0.91308,541,20,0
2024-04-26 08:00:00,0.91308,0.91313,0.91286,0.91306,537,20,0
2024-04-26 08:30:00,0.91305,0.91324,0.9129,0.91302,696,19,0
2024-04-26 09:00:00,0.91301,0.9131,0.91218,0.91236,1369,18,0
2024-04-26 09:30:00,0.91235,0.91269,0.91192,0.91233,1359,18,0
2024-04-26 10:00:00,0.91232,0.91295,0.91206,0.91235,2063,17,0
2024-04-26 10:30:00,0.91237,0.91237,0.91142,0.91187,1641,18,0
2024-04-26 11:00:00,0.91188,0.91197,0.9095,0.91047,4111,16,0
2024-04-26 11:30:00,0.9105,0.91155,0.9101,0.91151,2030,16,0
2024-04-26 12:00:00,0.91152,0.91235,0.91147,0.9121,1785,16,0
2024-04-26 12:30:00,0.91211,0.91228,0.91133,0.91177,1057,18,0
2024-04-26 13:00:00,0.91175,0.91209,0.91168,0.91193,740,16,0
2024-04-26 13:30:00,0.91191,0.91233,0.91191,0.91221,1310,18,0
2024-04-26 14:00:00,0.91222,0.91239,0.91117,0.91135,1067,18,0
2024-04-26 14:30:00,0.91134,0.91238,0.91131,0.91207,1273,19,0
2024-04-26 15:00:00,0.91207,0.91305,0.91195,0.91246,1601,18,0
2024-04-26 15:30:00,0.91246,0.91332,0.91035,0.91288,5470,16,0
2024-04-26 16:00:00,0.91289,0.91324,0.91192,0.91317,2603,16,0
2024-04-26 16:30:00,0.91319,0.91341,0.91268,0.91328,2596,16,0
2024-04-26 17:00:00,0.91327,0.91374,0.91287,0.91308,2287,16,0
2024-04-26 17:30:00,0.91309,0.91453,0.91308,0.91428,2469,17,0
2024-04-26 18:00:00,0.91428,0.91494,0.91407,0.91463,1964,16,0
2024-04-26 18:30:00,0.91463,0.91474,0.91402,0.91418,1682,17,0
2024-04-26 19:00:00,0.91416,0.91463,0.91382,0.91386,1061,17,0
2024-04-26 19:30:00,0.91385,0.91402,0.91371,0.91383,631,19,0
2024-04-26 20:00:00,0.91382,0.91392,0.9136,0.91391,670,18,0
2024-04-26 20:30:00,0.91391,0.91401,0.91352,0.9139,576,17,0
2024-04-26 21:00:00,0.91391,0.91395,0.91327,0.91338,473,18,0
2024-04-26 21:30:00,0.91338,0.91347,0.91298,0.91321,747,16,0
2024-04-26 22:00:00,0.91322,0.91364,0.91313,0.91357,551,18,0
2024-04-26 22:30:00,0.91356,0.91389,0.91356,0.91371,644,19,0
2024-04-26 23:00:00,0.91374,0.91403,0.91357,0.91402,556,21,0
2024-04-26 23:30:00,0.914,0.91466,0.91354,0.91354,873,22,0
2024-04-29 00:00:00,0.91288,0.91399,0.91288,0.91302,81,120,0
2024-04-29 00:30:00,0.91307,0.91319,0.91276,0.91306,680,120,0
2024-04-29 01:00:00,0.91331,0.91411,0.91331,0.91391,488,24,0
2024-04-29 01:30:00,0.91389,0.9139,0.91358,0.91375,789,20,0
2024-04-29 02:00:00,0.91377,0.91388,0.91361,0.91364,462,19,0
2024-04-29 02:30:00,0.91366,0.91377,0.91354,0.91363,510,19,0
2024-04-29 03:00:00,0.91363,0.91363,0.91299,0.91318,1050,19,0
2024-04-29 03:30:00,0.91319,0.91325,0.91284,0.91303,899,19,0
2024-04-29 04:00:00,0.91303,0.91342,0.91303,0.91324,933,20,0
2024-04-29 04:30:00,0.91325,0.9152,0.91251,0.91263,2584,16,0
2024-04-29 05:00:00,0.91261,0.91303,0.91243,0.91287,1240,16,0
2024-04-29 05:30:00,0.91288,0.91302,0.91271,0.9129,885,19,0
2024-04-29 06:00:00,0.91289,0.91313,0.91281,0.91308,692,17,0
2024-04-29 06:30:00,0.91307,0.91308,0.91285,0.91287,454,19,0
2024-04-29 07:00:00,0.91287,0.91296,0.91004,0.91116,4425,16,0
2024-04-29 07:30:00,0.91115,0.91123,0.91003,0.91062,3615,16,0
2024-04-29 08:00:00,0.91063,0.91119,0.90956,0.91083,3193,17,0
2024-04-29 08:30:00,0.91084,0.9116,0.91008,0.91134,1907,16,0
2024-04-29 09:00:00,0.91136,0.91194,0.91107,0.91192,1699,17,0
2024-04-29 09:30:00,0.91194,0.91299,0.91183,0.91278,1292,16,0
2024-04-29 10:00:00,0.91277,0.91296,0.9111,0.91164,4022,16,0
2024-04-29 10:30:00,0.91166,0.91182,0.91072,0.91143,3277,16,0
2024-04-29 11:00:00,0.91143,0.91189,0.91113,0.91166,2034,16,0
2024-04-29 11:30:00,0.91165,0.91208,0.91114,0.91153,2173,18,0
2024-04-29 12:00:00,0.91153,0.91194,0.91143,0.91164,1668,17,0
2024-04-29 12:30:00,0.91164,0.91179,0.91099,0.91127,1368,16,0
2024-04-29 13:00:00,0.91126,0.91149,0.91105,0.91143,969,16,0
2024-04-29 13:30:00,0.91143,0.91154,0.91115,0.91147,793,16,0
2024-04-29 14:00:00,0.91145,0.91173,0.91119,0.91136,642,18,0
2024-04-29 14:30:00,0.91137,0.91226,0.9113,0.91206,1446,16,0
2024-04-29 15:00:00,0.91205,0.91215,0.91125,0.91133,1348,16,0
2024-04-29 15:30:00,0.91133,0.91204,0.91112,0.91201,1734,17,0
2024-04-29 16:00:00,0.91202,0.91268,0.91168,0.91267,1504,17,0
2024-04-29 16:30:00,0.91267,0.9132,0.91239,0.9128,1926,16,0
2024-04-29 17:00:00,0.91283,0.91302,0.91193,0.91256,1707,16,0
2024-04-29 17:30:00,0.91256,0.91274,0.91051,0.91065,1719,18,0
2024-04-29 18:00:00,0.91066,0.911,0.91005,0.91084,1399,18,0
2024-04-29 18:30:00,0.91081,0.91114,0.91049,0.91074,985,17,0
2024-04-29 19:00:00,0.91074,0.91086,0.90965,0.91003,1388,18,0
2024-04-29 19:30:00,0.91002,0.91038,0.90872,0.90978,1930,16,0
2024-04-29 20:00:00,0.90975,0.91008,0.90956,0.90992,978,17,0
2024-04-29 20:30:00,0.90991,0.91042,0.90959,0.91028,908,19,0
2024-04-29 21:00:00,0.91029,0.91033,0.90972,0.91006,944,19,0
2024-04-29 21:30:00,0.91005,0.91022,0.90983,0.90991,853,18,0
2024-04-29 22:00:00,0.9099,0.91045,0.9099,0.91035,1288,19,0
2024-04-29 22:30:00,0.91034,0.91067,0.91016,0.91037,538,18,0
2024-04-29 23:00:00,0.91037,0.9104,0.91009,0.91013,327,20,0
2024-04-29 23:30:00,0.91019,0.91052,0.91019,0.91029,566,24,0
2024-04-30 00:00:00,0.91028,0.91029,0.90964,0.9098,96,34,0
2024-04-30 00:30:00,0.90972,0.91021,0.90941,0.90995,1099,51,0
2024-04-30 01:00:00,0.90991,0.91073,0.90991,0.91069,370,25,0
2024-04-30 01:30:00,0.91069,0.91086,0.91053,0.91084,728,22,0
2024-04-30 02:00:00,0.91085,0.91089,0.91054,0.91061,568,20,0
2024-04-30 02:30:00,0.91061,0.91076,0.91045,0.91071,543,19,0
2024-04-30 03:00:00,0.91071,0.91112,0.9105,0.91053,1069,18,0
2024-04-30 03:30:00,0.91052,0.91127,0.91052,0.91098,982,19,0
2024-04-30 04:00:00,0.91098,0.91116,0.91072,0.91084,691,18,0
2024-04-30 04:30:00,0.91085,0.91136,0.91074,0.91123,883,20,0
2024-04-30 05:00:00,0.91125,0.91154,0.91122,0.91147,640,19,0
2024-04-30 05:30:00,0.9115,0.91173,0.91139,0.91142,676,20,0
2024-04-30 06:00:00,0.91143,0.91179,0.91127,0.91168,507,19,0
2024-04-30 06:30:00,0.91168,0.91179,0.91155,0.91166,663,16,0
2024-04-30 07:00:00,0.91165,0.91184,0.91147,0.91156,594,16,0
2024-04-30 07:30:00,0.91156,0.91158,0.91116,0.91123,451,19,0
2024-04-30 08:00:00,0.91123,0.9115,0.91118,0.9115,536,19,0
2024-04-30 08:30:00,0.91152,0.91197,0.91148,0.91174,704,19,0
2024-04-30 09:00:00,0.91175,0.91278,0.91163,0.91264,1200,19,0
2024-04-30 09:30:00,0.91265,0.91327,0.91226,0.9123,1665,18,0
2024-04-30 10:00:00,0.91229,0.91318,0.91221,0.91262,1639,16,0
2024-04-30 10:30:00,0.91263,0.91297,0.91225,0.91293,1185,17,0
2024-04-30 11:00:00,0.91294,0.91362,0.91282,0.91346,1627,18,0
2024-04-30 11:30:00,0.91346,0.91346,0.91224,0.91227,1021,16,0
2024-04-30 12:00:00,0.91227,0.91227,0.9104,0.91041,1663,17,0
2024-04-30 12:30:00,0.9104,0.91137,0.9104,0.91122,1271,17,0
2024-04-30 13:00:00,0.91122,0.91154,0.91083,0.91112,1201,17,0
2024-04-30 13:30:00,0.91112,0.91155,0.91094,0.91127,987,16,0
2024-04-30 14:00:00,0.91128,0.91201,0.91121,0.91197,664,17,0
2024-04-30 14:30:00,0.912,0.91245,0.91181,0.91243,820,18,0
2024-04-30 15:00:00,0.91244,0.91326,0.91233,0.91261,1479,18,0
2024-04-30 15:30:00,0.9126,0.91537,0.9126,0.91476,4798,16,0
2024-04-30 16:00:00,0.91475,0.9154,0.91435,0.91515,2716,16,0
2024-04-30 16:30:00,0.91517,0.91539,0.91385,0.91507,2834,16,0
2024-04-30 17:00:00,0.91506,0.9151,0.91343,0.91344,2898,16,0
2024-04-30 17:30:00,0.91345,0.91783,0.91285,0.91684,4178,16,0
2024-04-30 18:00:00,0.91683,0.9174,0.91619,0.91661,3152,16,0
2024-04-30 18:30:00,0.9166,0.91743,0.91641,0.91742,1758,17,0
2024-04-30 19:00:00,0.91742,0.91838,0.91716,0.9179,1449,17,0
2024-04-30 19:30:00,0.91792,0.91831,0.91734,0.91762,1253,17,0
2024-04-30 20:00:00,0.91761,0.91851,0.91719,0.91845,1160,19,0
2024-04-30 20:30:00,0.91845,0.91867,0.9181,0.9181,627,18,0
2024-04-30 21:00:00,0.9181,0.91861,0.91794,0.9185,517,18,0
2024-04-30 21:30:00,0.91851,0.91931,0.91834,0.91905,865,16,0
2024-04-30 22:00:00,0.91906,0.91926,0.91879,0.91908,677,19,0
2024-04-30 22:30:00,0.91907,0.91924,0.9188,0.91908,827,16,0
2024-04-30 23:00:00,0.91909,0.9194,0.91909,0.91923,658,16,0
2024-04-30 23:30:00,0.91924,0.91936,0.91905,0.91932,475,26,0
2024-05-01 00:00:00,0.91916,0.91916,0.91774,0.91853,139,45,0
2024-05-01 00:30:00,0.91852,0.91898,0.91825,0.91872,927,58,0
2024-05-01 01:00:00,0.91878,0.91942,0.91876,0.9194,657,22,0
2024-05-01 01:30:00,0.91939,0.9195,0.91916,0.91942,580,18,0
2024-05-01 02:00:00,0.91944,0.91958,0.91936,0.91948,608,21,0
2024-05-01 02:30:00,0.91948,0.91961,0.9194,0.91955,563,20,0
2024-05-01 03:00:00,0.91955,0.91996,0.91939,0.91971,497,19,0
2024-05-01 03:30:00,0.9197,0.91994,0.91952,0.9199,418,17,0
2024-05-01 04:00:00,0.9199,0.91996,0.9197,0.91975,491,18,0
2024-05-01 04:30:00,0.91975,0.91998,0.91972,0.91995,341,18,0
2024-05-01 05:00:00,0.91995,0.92039,0.91966,0.91994,512,19,0
2024-05-01 05:30:00,0.91996,0.92026,0.91996,0.92002,274,19,0
2024-05-01 06:00:00,0.92003,0.92022,0.92,0.92007,306,20,0
2024-05-01 06:30:00,0.92008,0.92032,0.92004,0.9203,347,21,0
2024-05-01 07:00:00,0.92029,0.921,0.92027,0.92098,400,20,0
2024-05-01 07:30:00,0.92098,0.9215,0.92095,0.92113,562,19,0
2024-05-01 08:00:00,0.92113,0.92115,0.92083,0.92105,480,18,0
2024-05-01 08:30:00,0.92106,0.92143,0.92085,0.92095,616,20,0
2024-05-01 09:00:00,0.92094,0.9215,0.92069,0.92075,981,20,0
2024-05-01 09:30:00,0.92075,0.92235,0.92061,0.92216,815,17,0
2024-05-01 10:00:00,0.92215,0.92216,0.9206,0.92141,1182,17,0
2024-05-01 10:30:00,0.92141,0.92156,0.92096,0.92151,747,16,0
2024-05-01 11:00:00,0.92151,0.92189,0.92105,0.92126,767,16,0
2024-05-01 11:30:00,0.92126,0.9213,0.9209,0.92097,956,18,0
2024-05-01 12:00:00,0.92095,0.92112,0.92084,0.92095,628,18,0
2024-05-01 12:30:00,0.92095,0.921,0.92037,0.92054,861,19,0
2024-05-01 13:00:00,0.92057,0.92112,0.92041,0.9205,620,18,0
2024-05-01 13:30:00,0.9205,0.92112,0.92041,0.92106,806,17,0
2024-05-01 14:00:00,0.92105,0.92114,0.9204,0.9205,771,19,0
2024-05-01 14:30:00,0.92053,0.92063,0.91989,0.91996,838,18,0
2024-05-01 15:00:00,0.91996,0.92025,0.91936,0.91964,1201,16,0
2024-05-01 15:30:00,0.91963,0.91967,0.91911,0.91959,1844,19,0
2024-05-01 16:00:00,0.91963,0.91996,0.91948,0.91957,1095,18,0
2024-05-01 16:30:00,0.91958,0.92006,0.91944,0.9198,1490,20,0
2024-05-01 17:00:00,0.91954,0.92002,0.9186,0.9186,3823,18,0
2024-05-01 17:30:00,0.91862,0.91972,0.9186,0.9191,2078,16,0
2024-05-01 18:00:00,0.91909,0.91986,0.91893,0.91923,978,17,0
2024-05-01 18:30:00,0.91923,0.91953,0.91905,0.91941,1212,16,0
2024-05-01 19:00:00,0.91942,0.9201,0.91942,0.91995,834,18,0
2024-05-01 19:30:00,0.91996,0.92013,0.91972,0.92003,812,16,0
2024-05-01 20:00:00,0.92,0.92029,0.91982,0.91994,625,19,0
2024-05-01 20:30:00,0.91996,0.92046,0.91977,0.91995,854,18,0
2024-05-01 21:00:00,0.92054,0.92072,0.9186,0.91903,5170,16,0
2024-05-01 21:30:00,0.919,0.92026,0.91574,0.9162,8149,16,0
2024-05-01 22:00:00,0.91619,0.91872,0.91613,0.91785,5221,16,0
2024-05-01 22:30:00,0.91784,0.91911,0.91765,0.91901,2964,17,0
2024-05-01 23:00:00,0.91902,0.91919,0.91582,0.91583,2899,20,0
2024-05-01 23:30:00,0.91584,0.91599,0.91442,0.91558,3208,22,0
2024-05-02 00:00:00,0.91558,0.91595,0.91503,0.91541,142,34,0
2024-05-02 00:30:00,0.91542,0.9166,0.9154,0.91612,930,23,0
2024-05-02 01:00:00,0.91615,0.91684,0.91586,0.91656,1403,16,0
2024-05-02 01:30:00,0.91656,0.91677,0.91623,0.91659,712,20,0
2024-05-02 02:00:00,0.91656,0.91701,0.91648,0.91655,1056,20,0
2024-05-02 02:30:00,0.91655,0.91686,0.91629,0.91633,1262,16,0
2024-05-02 03:00:00,0.91631,0.91673,0.91598,0.91639,1463,18,0
2024-05-02 03:30:00,0.9164,0.91674,0.91637,0.91674,732,19,0
2024-05-02 04:00:00,0.91674,0.91699,0.91648,0.91697,778,19,0
2024-05-02 04:30:00,0.91698,0.91727,0.91663,0.91668,488,16,0
2024-05-02 05:00:00,0.91667,0.91668,0.9161,0.91647,1162,17,0
2024-05-02 05:30:00,0.91649,0.91668,0.91618,0.91638,968,18,0
2024-05-02 06:00:00,0.91638,0.91699,0.91634,0.91682,650,19,0
2024-05-02 06:30:00,0.91681,0.91689,0.91653,0.91661,710,18,0
2024-05-02 07:00:00,0.9166,0.91675,0.91626,0.9163,721,17,0
2024-05-02 07:30:00,0.91628,0.91643,0.9161,0.91629,892,19,0
2024-05-02 08:00:00,0.9163,0.91651,0.9161,0.91644,707,18,0
2024-05-02 08:30:00,0.91644,0.91655,0.91579,0.91596,826,17,0
2024-05-02 09:00:00,0.91595,0.91596,0.91445,0.91473,2275,16,0
2024-05-02 09:30:00,0.91466,0.91466,0.9096,0.91124,3970,16,0
2024-05-02 10:00:00,0.91123,0.91206,0.91068,0.91156,2385,17,0
2024-05-02 10:30:00,0.91156,0.91219,0.91102,0.91167,2542,16,0
2024-05-02 11:00:00,0.91167,0.9132,0.9113,0.91314,1822,18,0
2024-05-02 11:30:00,0.91313,0.91314,0.91212,0.91259,2151,17,0
2024-05-02 12:00:00,0.91258,0.91283,0.91205,0.91259,1363,16,0
2024-05-02 12:30:00,0.9126,0.91276,0.91216,0.91219,993,17,0
2024-05-02 13:00:00,0.9122,0.91258,0.91193,0.91229,1302,16,0
2024-05-02 13:30:00,0.91227,0.9123,0.91155,0.91171,946,16,0
2024-05-02 14:00:00,0.91169,0.91243,0.91144,0.91171,1352,17,0
2024-05-02 14:30:00,0.91171,0.91208,0.91133,0.9119,1902,17,0
2024-05-02 15:00:00,0.91189,0.91245,0.91148,0.91156,1800,17,0
2024-05-02 15:30:00,0.91153,0.9124,0.91081,0.91205,2666,17,0
2024-05-02 16:00:00,0.91205,0.91302,0.91179,0.91272,2473,17,0
2024-05-02 16:30:00,0.91272,0.91338,0.91242,0.91287,3211,16,0
2024-05-02 17:00:00,0.91288,0.91345,0.91233,0.91259,2691,16,0
2024-05-02 17:30:00,0.91261,0.9135,0.91211,0.91334,2427,16,0
2024-05-02 18:00:00,0.91335,0.91375,0.91238,0.91252,2320,16,0
2024-05-02 18:30:00,0.91251,0.91255,0.9114,0.91184,1570,16,0
2024-05-02 19:00:00,0.91183,0.91235,0.91164,0.91174,967,16,0
2024-05-02 19:30:00,0.91174,0.91195,0.9109,0.91144,1062,18,0
2024-05-02 20:00:00,0.91144,0.91188,0.9111,0.9114,1078,16,0
2024-05-02 20:30:00,0.9114,0.9114,0.90999,0.91058,1204,17,0
2024-05-02 21:00:00,0.91058,0.91079,0.9102,0.91063,942,17,0
2024-05-02 21:30:00,0.91064,0.91075,0.90971,0.90995,913,17,0
2024-05-02 22:00:00,0.90992,0.91046,0.90991,0.91012,827,17,0
2024-05-02 22:30:00,0.91012,0.91029,0.90999,0.91016,728,18,0
2024-05-02 23:00:00,0.91017,0.91051,0.91011,0.91047,471,20,0
2024-05-02 23:30:00,0.91048,0.91073,0.91038,0.91052,683,23,0
2024-05-03 00:00:00,0.91041,0.91041,0.90951,0.90998,131,38,0
2024-05-03 00:30:00,0.90989,0.91027,0.90955,0.91009,345,45,0
2024-05-03 01:00:00,0.91011,0.91018,0.90979,0.90993,521,19,0
2024-05-03 01:30:00,0.90994,0.91014,0.90972,0.90984,651,20,0
2024-05-03 02:00:00,0.90983,0.90988,0.90964,0.90977,640,20,0
2024-05-03 02:30:00,0.90978,0.90992,0.90964,0.90967,1035,19,0
2024-05-03 03:00:00,0.90964,0.91043,0.90963,0.91028,1179,17,0
2024-05-03 03:30:00,0.91029,0.91035,0.90942,0.90945,785,20,0
2024-05-03 04:00:00,0.90946,0.90966,0.90921,0.90935,763,19,0
2024-05-03 04:30:00,0.90935,0.90944,0.90876,0.909,1359,18,0
2024-05-03 05:00:00,0.90901,0.90947,0.90901,0.9094,922,20,0
2024-05-03 05:30:00,0.90939,0.90944,0.90908,0.90925,658,20,0
2024-05-03 06:00:00,0.90926,0.9096,0.90921,0.90943,445,19,0
2024-05-03 06:30:00,0.90942,0.90954,0.90925,0.90937,585,20,0
2024-05-03 07:00:00,0.90935,0.90961,0.9093,0.90954,615,20,0
2024-05-03 07:30:00,0.90955,0.90959,0.90923,0.90943,430,19,0
2024-05-03 08:00:00,0.90942,0.9095,0.90853,0.90873,468,17,0
2024-05-03 08:30:00,0.90874,0.90877,0.90797,0.90844,863,18,0
2024-05-03 09:00:00,0.90841,0.90945,0.90801,0.90813,1131,17,0
2024-05-03 09:30:00,0.90815,0.90866,0.90775,0.90835,1581,18,0
2024-05-03 10:00:00,0.90835,0.90906,0.90791,0.90859,1321,16,0
2024-05-03 10:30:00,0.90859,0.90873,0.90693,0.90754,1340,16,0
2024-05-03 11:00:00,0.90754,0.90811,0.90719,0.90774,1685,18,0
2024-05-03 11:30:00,0.90773,0.90813,0.90715,0.90773,1865,18,0
2024-05-03 12:00:00,0.90774,0.90786,0.9072,0.90757,1540,17,0
2024-05-03 12:30:00,0.90755,0.90765,0.90698,0.90748,1169,18,0
2024-05-03 13:00:00,0.90749,0.90762,0.90669,0.90719,1053,19,0
2024-05-03 13:30:00,0.90719,0.90762,0.90702,0.90723,1333,16,0
2024-05-03 14:00:00,0.90723,0.9076,0.90666,0.90678,1677,18,0
2024-05-03 14:30:00,0.90678,0.90697,0.90659,0.90671,1321,16,0
2024-05-03 15:00:00,0.9067,0.90701,0.90553,0.90591,1911,18,0
2024-05-03 15:30:00,0.90591,0.90606,0.90045,0.90292,7618,16,0
2024-05-03 16:00:00,0.90293,0.90425,0.90272,0.90339,4491,16,0
2024-05-03 16:30:00,0.90341,0.90516,0.90291,0.90466,5331,16,0
2024-05-03 17:00:00,0.90443,0.90612,0.90235,0.90561,7395,17,0
2024-05-03 17:30:00,0.90557,0.90591,0.90434,0.90463,4012,17,0
2024-05-03 18:00:00,0.90463,0.90514,0.90425,0.90453,2360,18,0
2024-05-03 18:30:00,0.90454,0.90474,0.90374,0.90469,2298,16,0
2024-05-03 19:00:00,0.90469,0.90506,0.90436,0.90502,2077,17,0
2024-05-03 19:30:00,0.90501,0.90571,0.90469,0.90562,1266,16,0
2024-05-03 20:00:00,0.90561,0.90587,0.90548,0.9056,738,18,0
2024-05-03 20:30:00,0.90563,0.90565,0.90505,0.90522,579,17,0
2024-05-03 21:00:00,0.90524,0.90554,0.90514,0.90535,659,18,0
2024-05-03 21:30:00,0.90536,0.90536,0.90493,0.90495,512,20,0
2024-05-03 22:00:00,0.90493,0.90522,0.90482,0.90491,867,16,0
2024-05-03 22:30:00,0.90491,0.9051,0.90459,0.90506,719,16,0
2024-05-03 23:00:00,0.90508,0.90527,0.90466,0.90472,396,19,0
2024-05-03 23:30:00,0.90471,0.90494,0.90436,0.90454,419,23,0
2024-05-06 00:00:00,0.90472,0.90545,0.9039,0.90457,114,120,0
2024-05-06 00:30:00,0.90462,0.90477,0.90441,0.9047,233,96,0
2024-05-06 01:00:00,0.90451,0.90549,0.90416,0.90531,710,19,0
2024-05-06 01:30:00,0.90532,0.90553,0.90514,0.90548,279,17,0
2024-05-06 02:00:00,0.90537,0.90537,0.90483,0.90505,423,19,0
2024-05-06 02:30:00,0.90505,0.90594,0.90499,0.90581,911,18,0
2024-05-06 03:00:00,0.90584,0.90601,0.90564,0.90579,805,19,0
2024-05-06 03:30:00,0.9057,0.90591,0.90537,0.90551,596,17,0
2024-05-06 04:00:00,0.90551,0.90579,0.90533,0.90566,1029,19,0
2024-05-06 04:30:00,0.90567,0.90579,0.90524,0.90549,848,18,0
2024-05-06 05:00:00,0.90547,0.90571,0.90498,0.90498,716,19,0
2024-05-06 05:30:00,0.90498,0.90582,0.90498,0.9057,555,19,0
2024-05-06 06:00:00,0.9057,0.90609,0.90552,0.906,611,21,0
2024-05-06 06:30:00,0.906,0.90605,0.90569,0.90578,399,19,0
2024-05-06 07:00:00,0.90579,0.90614,0.90579,0.90597,482,20,0
2024-05-06 07:30:00,0.90596,0.90599,0.90583,0.90595,344,19,0
2024-05-06 08:00:00,0.90595,0.90608,0.90571,0.90606,471,20,0
2024-05-06 08:30:00,0.90605,0.90621,0.90585,0.90608,550,20,0
2024-05-06 09:00:00,0.90605,0.90629,0.90557,0.90563,894,16,0
2024-05-06 09:30:00,0.90566,0.90599,0.90518,0.90561,997,18,0
2024-05-06 10:00:00,0.90559,0.90574,0.90511,0.90528,1356,18,0
2024-05-06 10:30:00,0.90527,0.90544,0.905,0.9052,1284,18,0
2024-05-06 11:00:00,0.90521,0.90543,0.90424,0.90428,1483,17,0
2024-05-06 11:30:00,0.90427,0.90461,0.9041,0.90459,1082,16,0
2024-05-06 12:00:00,0.90459,0.90531,0.90459,0.90524,879,16,0
2024-05-06 12:30:00,0.9052,0.9058,0.90506,0.90573,998,19,0
2024-05-06 13:00:00,0.90571,0.90584,0.90488,0.90543,1406,19,0
2024-05-06 13:30:00,0.90543,0.90592,0.90529,0.90542,1328,17,0
2024-05-06 14:00:00,0.90543,0.90562,0.90487,0.90504,973,16,0
2024-05-06 14:30:00,0.90504,0.90532,0.90495,0.9051,616,16,0
2024-05-06 15:00:00,0.9051,0.90516,0.90426,0.90447,795,17,0
2024-05-06 15:30:00,0.90447,0.90455,0.90366,0.90372,1496,17,0
2024-05-06 16:00:00,0.90372,0.90433,0.9035,0.90433,1390,17,0
2024-05-06 16:30:00,0.90432,0.90481,0.90408,0.90469,1263,17,0
2024-05-06 17:00:00,0.90468,0.90496,0.90439,0.90475,1071,16,0
2024-05-06 17:30:00,0.90475,0.90563,0.90465,0.90499,1262,17,0
2024-05-06 18:00:00,0.905,0.90581,0.90498,0.90531,786,16,0
2024-05-06 18:30:00,0.90533,0.90542,0.90503,0.90512,505,17,0
2024-05-06 19:00:00,0.90512,0.90596,0.90499,0.90593,677,18,0
2024-05-06 19:30:00,0.90593,0.90625,0.90583,0.90601,770,18,0
2024-05-06 20:00:00,0.90598,0.90619,0.90574,0.90603,576,18,0
2024-05-06 20:30:00,0.90602,0.90604,0.90572,0.90591,473,16,0
2024-05-06 21:00:00,0.90592,0.90616,0.90581,0.90586,363,19,0
2024-05-06 21:30:00,0.90586,0.90623,0.9058,0.90591,371,19,0
2024-05-06 22:00:00,0.90592,0.90649,0.90583,0.90632,530,17,0
2024-05-06 22:30:00,0.90632,0.90655,0.90617,0.90636,393,16,0
2024-05-06 23:00:00,0.90636,0.90642,0.90611,0.90616,191,20,0
2024-05-06 23:30:00,0.90617,0.90624,0.90599,0.90616,202,26,0
2024-05-07 00:00:00,0.90616,0.90616,0.90511,0.90529,93,41,0
2024-05-07 00:30:00,0.90523,0.90584,0.9052,0.90567,535,71,0
2024-05-07 01:00:00,0.90567,0.90611,0.90564,0.90598,926,21,0
2024-05-07 01:30:00,0.90599,0.90619,0.90598,0.90612,213,16,0
2024-05-07 02:00:00,0.90615,0.90652,0.90614,0.90649,292,18,0
2024-05-07 02:30:00,0.90649,0.90672,0.90643,0.90667,260,19,0
2024-05-07 03:00:00,0.90665,0.90686,0.9062,0.90621,630,18,0
2024-05-07 03:30:00,0.90621,0.90642,0.90598,0.90601,812,18,0
2024-05-07 04:00:00,0.90604,0.90703,0.90579,0.90689,862,17,0
2024-05-07 04:30:00,0.90689,0.90754,0.90678,0.90734,606,16,0
2024-05-07 05:00:00,0.90733,0.90759,0.90718,0.90751,551,18,0
2024-05-07 05:30:00,0.9075,0.90754,0.90727,0.90742,577,20,0
2024-05-07 06:00:00,0.90743,0.90755,0.9072,0.90726,398,18,0
2024-05-07 06:30:00,0.90724,0.90726,0.907,0.90705,593,21,0
2024-05-07 07:00:00,0.90704,0.90722,0.90691,0.90715,450,20,0
2024-05-07 07:30:00,0.90718,0.90737,0.90685,0.90702,928,16,0
2024-05-07 08:00:00,0.90701,0.90716,0.90678,0.9068,637,19,0
2024-05-07 08:30:00,0.90679,0.9075,0.90678,0.90746,597,17,0
2024-05-07 09:00:00,0.90749,0.90767,0.90697,0.90711,1102,17,0
2024-05-07 09:30:00,0.90716,0.90742,0.90667,0.90684,1112,16,0
2024-05-07 10:00:00,0.90683,0.90684,0.90598,0.90616,1205,16,0
2024-05-07 10:30:00,0.90615,0.90642,0.90594,0.90624,1067,18,0
2024-05-07 11:00:00,0.90626,0.90771,0.90626,0.90765,1122,16,0
2024-05-07 11:30:00,0.90763,0.90797,0.90728,0.9077,1009,16,0
2024-05-07 12:00:00,0.90771,0.90806,0.90748,0.90785,957,17,0
2024-05-07 12:30:00,0.90787,0.90855,0.90784,0.90823,1021,17,0
2024-05-07 13:00:00,0.90818,0.90838,0.90754,0.90795,866,16,0
2024-05-07 13:30:00,0.90796,0.90797,0.90718,0.9072,879,17,0
2024-05-07 14:00:00,0.90718,0.90753,0.90673,0.90679,918,17,0
2024-05-07 14:30:00,0.90679,0.90747,0.90674,0.90717,637,17,0
2024-05-07 15:00:00,0.90718,0.90751,0.90652,0.90673,1035,17,0
2024-05-07 15:30:00,0.90673,0.90684,0.90646,0.90654,882,17,0
2024-05-07 16:00:00,0.90653,0.90663,0.90571,0.90607,1211,16,0
2024-05-07 16:30:00,0.9061,0.90679,0.906,0.9066,1431,16,0
2024-05-07 17:00:00,0.9066,0.90678,0.90634,0.90661,928,16,0
2024-05-07 17:30:00,0.90665,0.90682,0.90632,0.90651,1119,16,0
2024-05-07 18:00:00,0.90652,0.90684,0.90633,0.90681,900,16,0
2024-05-07 18:30:00,0.90681,0.90717,0.90668,0.90716,1043,17,0
2024-05-07 19:00:00,0.90715,0.90746,0.90699,0.90719,892,18,0
2024-05-07 19:30:00,0.9072,0.90794,0.90718,0.90758,629,17,0
2024-05-07 20:00:00,0.90758,0.90875,0.90745,0.90834,916,16,0
2024-05-07 20:30:00,0.90834,0.90866,0.90814,0.90854,660,17,0
2024-05-07 21:00:00,0.90854,0.90901,0.90854,0.90895,583,17,0
2024-05-07 21:30:00,0.90894,0.90928,0.90885,0.90914,716,17,0
2024-05-07 22:00:00,0.90915,0.90915,0.90885,0.90907,635,18,0
2024-05-07 22:30:00,0.90906,0.90906,0.90831,0.90845,485,18,0
2024-05-07 23:00:00,0.90847,0.90866,0.90841,0.90857,290,18,0
2024-05-07 23:30:00,0.90858,0.90859,0.90805,0.90824,405,24,0
2024-05-08 00:00:00,0.90817,0.90817,0.90787,0.90802,78,39,0
2024-05-08 00:30:00,0.90801,0.90819,0.90792,0.90811,538,45,0
2024-05-08 01:00:00,0.9081,0.90847,0.90786,0.90835,434,19,0
2024-05-08 01:30:00,0.9084,0.90854,0.9083,0.90849,335,18,0
2024-05-08 02:00:00,0.90851,0.90868,0.90847,0.90866,190,18,0
2024-05-08 02:30:00,0.90865,0.90869,0.90835,0.90838,412,19,0
2024-05-08 03:00:00,0.9084,0.90864,0.90793,0.90802,642,20,0
2024-05-08 03:30:00,0.90802,0.90867,0.90795,0.90861,603,17,0
2024-05-08 04:00:00,0.9086,0.90894,0.90838,0.90876,517,19,0
2024-05-08 04:30:00,0.90875,0.90899,0.9086,0.90888,754,19,0
2024-05-08 05:00:00,0.90893,0.90915,0.90882,0.90909,532,20,0
2024-05-08 05:30:00,0.9091,0.90925,0.90894,0.909,502,19,0
2024-05-08 06:00:00,0.90898,0.90906,0.9087,0.90896,656,18,0
2024-05-08 06:30:00,0.90897,0.90906,0.90889,0.90901,380,18,0
2024-05-08 07:00:00,0.90904,0.9092,0.90892,0.90911,377,18,0
2024-05-08 07:30:00,0.90909,0.90916,0.90892,0.90906,319,19,0
2024-05-08 08:00:00,0.90906,0.90918,0.90897,0.90905,286,19,0
2024-05-08 08:30:00,0.90906,0.90922,0.90862,0.90866,502,19,0
2024-05-08 09:00:00,0.90862,0.90871,0.90828,0.90838,921,19,0
2024-05-08 09:30:00,0.90838,0.90896,0.90829,0.9087,785,18,0
2024-05-08 10:00:00,0.90871,0.909,0.90838,0.90846,1004,18,0
2024-05-08 10:30:00,0.90847,0.90895,0.90824,0.90893,1153,18,0
2024-05-08 11:00:00,0.90894,0.90923,0.90858,0.90923,1281,17,0
2024-05-08 11:30:00,0.90923,0.9095,0.90822,0.90823,1334,17,0
2024-05-08 12:00:00,0.90825,0.90878,0.90776,0.90857,1130,16,0
2024-05-08 12:30:00,0.90859,0.90866,0.90834,0.90845,1115,18,0
2024-05-08 13:00:00,0.90846,0.90872,0.90803,0.90824,992,19,0
2024-05-08 13:30:00,0.90829,0.90868,0.90823,0.90868,731,16,0
2024-05-08 14:00:00,0.90869,0.90879,0.9084,0.90877,691,16,0
2024-05-08 14:30:00,0.90879,0.90917,0.90852,0.90893,780,16,0
2024-05-08 15:00:00,0.90893,0.90915,0.90868,0.90871,1232,18,0
2024-05-08 15:30:00,0.90873,0.90903,0.9083,0.90831,1074,18,0
2024-05-08 16:00:00,0.90831,0.90885,0.90799,0.90854,1466,17,0
2024-05-08 16:30:00,0.90857,0.90861,0.9081,0.90821,1714,18,0
2024-05-08 17:00:00,0.9082,0.90832,0.90778,0.908,1403,17,0
2024-05-08 17:30:00,0.90801,0.90841,0.90784,0.90796,1414,16,0
2024-05-08 18:00:00,0.90795,0.90868,0.90762,0.90814,943,17,0
2024-05-08 18:30:00,0.9081,0.90823,0.90725,0.90753,838,16,0
2024-05-08 19:00:00,0.90753,0.90795,0.90739,0.90786,638,18,0
2024-05-08 19:30:00,0.90785,0.90824,0.90783,0.90801,599,18,0
2024-05-08 20:00:00,0.908,0.9081,0.9075,0.90776,586,19,0
2024-05-08 20:30:00,0.90777,0.90813,0.90765,0.90779,388,17,0
2024-05-08 21:00:00,0.90779,0.90786,0.90765,0.90767,283,19,0
2024-05-08 21:30:00,0.90768,0.90803,0.90763,0.90798,308,18,0
2024-05-08 22:00:00,0.908,0.90812,0.90784,0.90806,275,18,0
2024-05-08 22:30:00,0.90804,0.90817,0.90791,0.90796,337,18,0
2024-05-08 23:00:00,0.90796,0.90804,0.90779,0.90797,259,19,0
2024-05-08 23:30:00,0.90798,0.90803,0.90778,0.90787,221,25,0
2024-05-09 00:00:00,0.90787,0.90787,0.90748,0.90748,53,31,0
2024-05-09 00:30:00,0.90748,0.9077,0.90735,0.90765,671,44,0
2024-05-09 01:00:00,0.90766,0.90794,0.90751,0.90785,797,20,0
2024-05-09 01:30:00,0.90785,0.90791,0.90776,0.90786,160,19,0
2024-05-09 02:00:00,0.9078,0.90798,0.90768,0.9079,156,21,0
2024-05-09 02:30:00,0.9079,0.90801,0.90775,0.90778,300,20,0
2024-05-09 03:00:00,0.90779,0.90826,0.90765,0.90808,1156,19,0
2024-05-09 03:30:00,0.90808,0.90837,0.90797,0.90834,506,20,0
2024-05-09 04:00:00,0.90835,0.90845,0.90809,0.90818,602,18,0
2024-05-09 04:30:00,0.90818,0.90819,0.9079,0.90819,716,19,0
2024-05-09 05:00:00,0.90818,0.90827,0.90805,0.90826,517,20,0
2024-05-09 05:30:00,0.90827,0.90844,0.9082,0.90833,384,19,0
2024-05-09 06:00:00,0.90833,0.90841,0.90803,0.9082,542,20,0
2024-05-09 06:30:00,0.9082,0.90842,0.90816,0.90825,384,19,0
2024-05-09 07:00:00,0.90826,0.90828,0.908,0.90808,538,19,0
2024-05-09 07:30:00,0.90808,0.90835,0.90806,0.9083,206,18,0
2024-05-09 08:00:00,0.9083,0.90841,0.90813,0.90837,336,20,0
2024-05-09 08:30:00,0.90839,0.90854,0.90831,0.90841,544,18,0
2024-05-09 09:00:00,0.9084,0.90856,0.90831,0.90844,752,17,0
2024-05-09 09:30:00,0.90843,0.90857,0.90832,0.90844,623,19,0
2024-05-09 10:00:00,0.90843,0.90851,0.90826,0.90843,935,18,0
2024-05-09 10:30:00,0.90843,0.90899,0.90834,0.90874,970,18,0
2024-05-09 11:00:00,0.90874,0.90915,0.90872,0.90912,704,19,0
2024-05-09 11:30:00,0.90917,0.90938,0.90904,0.90937,871,17,0
2024-05-09 12:00:00,0.90937,0.90963,0.90918,0.90955,929,16,0
2024-05-09 12:30:00,0.90956,0.9097,0.90934,0.90941,793,16,0
2024-05-09 13:00:00,0.90943,0.90948,0.90923,0.90931,1011,16,0
2024-05-09 13:30:00,0.90933,0.90961,0.90917,0.90921,877,16,0
2024-05-09 14:00:00,0.90922,0.90978,0.90911,0.90954,1318,17,0
2024-05-09 14:30:00,0.90954,0.90978,0.90917,0.9095,1597,18,0
2024-05-09 15:00:00,0.90951,0.90951,0.90911,0.90919,1070,17,0
2024-05-09 15:30:00,0.90865,0.9087,0.90634,0.90719,3263,18,0
2024-05-09 16:00:00,0.90719,0.90815,0.90719,0.90779,1753,17,0
2024-05-09 16:30:00,0.9078,0.90793,0.90674,0.90719,1884,16,0
2024-05-09 17:00:00,0.9072,0.90739,0.90649,0.90654,1521,17,0
2024-05-09 17:30:00,0.90655,0.90685,0.90618,0.90664,1571,17,0
2024-05-09 18:00:00,0.90663,0.90686,0.90592,0.90674,1015,17,0
2024-05-09 18:30:00,0.90673,0.9073,0.9067,0.90709,674,16,0
2024-05-09 19:00:00,0.90708,0.90715,0.90664,0.90677,586,19,0
2024-05-09 19:30:00,0.90677,0.90701,0.90661,0.90663,716,17,0
2024-05-09 20:00:00,0.90663,0.90675,0.90606,0.90609,899,19,0
2024-05-09 20:30:00,0.90609,0.90635,0.90604,0.90631,573,18,0
2024-05-09 21:00:00,0.90631,0.90644,0.90613,0.90615,583,19,0
2024-05-09 21:30:00,0.90615,0.90619,0.90579,0.90585,530,18,0
2024-05-09 22:00:00,0.90585,0.90592,0.90561,0.90585,438,17,0
2024-05-09 22:30:00,0.90584,0.90591,0.90558,0.90558,392,17,0
2024-05-09 23:00:00,0.90563,0.90567,0.90548,0.90562,241,19,0
2024-05-09 23:30:00,0.90562,0.90583,0.90561,0.90579,309,24,0
2024-05-10 00:00:00,0.90574,0.90574,0.90521,0.90533,88,41,0
2024-05-10 00:30:00,0.9054,0.9059,0.9053,0.90553,1118,57,0
2024-05-10 01:00:00,0.90545,0.90574,0.90534,0.9057,300,19,0
2024-05-10 01:30:00,0.90571,0.90571,0.90541,0.90544,222,21,0
2024-05-10 02:00:00,0.90543,0.9057,0.90536,0.90558,286,17,0
2024-05-10 02:30:00,0.90559,0.90587,0.90558,0.90583,321,19,0
2024-05-10 03:00:00,0.90581,0.90633,0.90577,0.90613,462,19,0
2024-05-10 03:30:00,0.9061,0.90646,0.9061,0.90623,555,19,0
2024-05-10 04:00:00,0.90622,0.90623,0.90586,0.90593,678,20,0
2024-05-10 04:30:00,0.90591,0.90655,0.90591,0.90652,687,19,0
2024-05-10 05:00:00,0.90652,0.90692,0.9065,0.90683,579,20,0
2024-05-10 05:30:00,0.90683,0.90688,0.90666,0.90672,485,17,0
2024-05-10 06:00:00,0.90671,0.90672,0.90644,0.90648,313,19,0
2024-05-10 06:30:00,0.90647,0.90656,0.90635,0.90648,204,21,0
2024-05-10 07:00:00,0.90647,0.90651,0.90631,0.90648,434,19,0
2024-05-10 07:30:00,0.90648,0.90655,0.90641,0.90654,319,19,0
2024-05-10 08:00:00,0.90655,0.90656,0.90623,0.90623,403,19,0
2024-05-10 08:30:00,0.90623,0.90659,0.90623,0.90651,483,16,0
2024-05-10 09:00:00,0.90654,0.90655,0.90589,0.9063,1109,18,0
2024-05-10 09:30:00,0.90631,0.9069,0.90623,0.90658,981,19,0
2024-05-10 10:00:00,0.90658,0.90696,0.90646,0.90667,1274,18,0
2024-05-10 10:30:00,0.90665,0.90678,0.90603,0.9064,1199,17,0
2024-05-10 11:00:00,0.90641,0.90669,0.90576,0.90605,964,17,0
2024-05-10 11:30:00,0.90605,0.90638,0.90552,0.90622,886,16,0
2024-05-10 12:00:00,0.9062,0.90625,0.90585,0.9061,596,17,0
2024-05-10 12:30:00,0.9061,0.90635,0.90584,0.9063,721,17,0
2024-05-10 13:00:00,0.90631,0.90686,0.90622,0.90627,553,16,0
2024-05-10 13:30:00,0.90627,0.90675,0.90624,0.90669,457,16,0
2024-05-10 14:00:00,0.90669,0.90699,0.90663,0.90697,549,18,0
2024-05-10 14:30:00,0.90697,0.90713,0.90664,0.90703,592,17,0
2024-05-10 15:00:00,0.90705,0.90721,0.90688,0.90717,1002,18,0
2024-05-10 15:30:00,0.9072,0.90781,0.90706,0.90745,1534,16,0
2024-05-10 16:00:00,0.90745,0.90753,0.9062,0.90645,1187,16,0
2024-05-10 16:30:00,0.90644,0.90666,0.90591,0.90606,1253,16,0
2024-05-10 17:00:00,0.90606,0.90848,0.90586,0.90841,2349,17,0
2024-05-10 17:30:00,0.90838,0.90843,0.90725,0.90746,1506,16,0
2024-05-10 18:00:00,0.90747,0.90777,0.90655,0.90669,1214,17,0
2024-05-10 18:30:00,0.90671,0.90681,0.90613,0.9063,774,16,0
2024-05-10 19:00:00,0.90629,0.90662,0.90592,0.9062,906,18,0
2024-05-10 19:30:00,0.90619,0.90628,0.90587,0.90601,759,17,0
2024-05-10 20:00:00,0.90599,0.90604,0.90551,0.90581,604,18,0
2024-05-10 20:30:00,0.90581,0.90624,0.90554,0.90616,407,17,0
2024-05-10 21:00:00,0.90617,0.90639,0.90607,0.90612,292,19,0
2024-05-10 21:30:00,0.90612,0.90644,0.90603,0.90615,276,18,0
2024-05-10 22:00:00,0.90615,0.90626,0.90591,0.90598,387,18,0
2024-05-10 22:30:00,0.90599,0.90622,0.90599,0.90614,256,18,0
2024-05-10 23:00:00,0.90613,0.90622,0.90604,0.90611,224,20,0
2024-05-10 23:30:00,0.9061,0.90645,0.90583,0.90585,750,23,0
2024-05-13 00:00:00,0.90578,0.90589,0.90553,0.90589,96,120,0
2024-05-13 00:30:00,0.9059,0.90652,0.90542,0.90557,285,35,0
2024-05-13 01:00:00,0.90543,0.90617,0.9049,0.90599,486,22,0
2024-05-13 01:30:00,0.90601,0.90636,0.90601,0.90626,432,19,0
2024-05-13 02:00:00,0.90625,0.90629,0.90604,0.90623,264,20,0
2024-05-13 02:30:00,0.90623,0.90643,0.90618,0.90642,665,20,0
2024-05-13 03:00:00,0.90643,0.90657,0.90625,0.90639,750,18,0
2024-05-13 03:30:00,0.90639,0.90646,0.90621,0.90633,916,19,0
2024-05-13 04:00:00,0.90633,0.90668,0.90625,0.90648,908,18,0
2024-05-13 04:30:00,0.90648,0.9069,0.90644,0.90679,909,16,0
2024-05-13 05:00:00,0.9068,0.90681,0.90656,0.90677,746,18,0
2024-05-13 05:30:00,0.90677,0.90678,0.90635,0.90652,671,18,0
2024-05-13 06:00:00,0.90652,0.90665,0.90645,0.90654,506,19,0
2024-05-13 06:30:00,0.90655,0.90661,0.90645,0.90652,309,21,0
2024-05-13 07:00:00,0.90652,0.90671,0.90646,0.9067,433,20,0
2024-05-13 07:30:00,0.90668,0.9068,0.90661,0.90677,457,20,0
2024-05-13 08:00:00,0.90678,0.9068,0.90653,0.90653,436,20,0
2024-05-13 08:30:00,0.90652,0.90658,0.90637,0.90647,371,18,0
2024-05-13 09:00:00,0.90646,0.90655,0.90614,0.90649,1080,17,0
2024-05-13 09:30:00,0.90649,0.90662,0.90632,0.90652,549,19,0
2024-05-13 10:00:00,0.90653,0.90683,0.9064,0.90647,1144,17,0
2024-05-13 10:30:00,0.90648,0.90686,0.90613,0.90669,1173,18,0
2024-05-13 11:00:00,0.9067,0.90686,0.90644,0.90653,1105,16,0
2024-05-13 11:30:00,0.90653,0.90696,0.90635,0.90639,1317,18,0
2024-05-13 12:00:00,0.90639,0.90735,0.90633,0.90734,750,17,0
2024-05-13 12:30:00,0.90734,0.90747,0.90675,0.90725,779,18,0
2024-05-13 13:00:00,0.90727,0.90731,0.90684,0.90705,730,18,0
2024-05-13 13:30:00,0.90706,0.90714,0.90674,0.90679,684,19,0
2024-05-13 14:00:00,0.90679,0.90679,0.90577,0.90605,800,17,0
2024-05-13 14:30:00,0.90605,0.90625,0.90569,0.906,900,18,0
2024-05-13 15:00:00,0.90601,0.90621,0.90564,0.90564,894,18,0
2024-05-13 15:30:00,0.90565,0.90583,0.90525,0.90545,1249,17,0
2024-05-13 16:00:00,0.90545,0.90563,0.90457,0.90473,1352,17,0
2024-05-13 16:30:00,0.90472,0.90565,0.90446,0.90545,1401,17,0
2024-05-13 17:00:00,0.90546,0.90669,0.90545,0.90634,1343,16,0
2024-05-13 17:30:00,0.90636,0.90663,0.90561,0.906,1961,16,0
2024-05-13 18:00:00,0.90599,0.90758,0.90595,0.90757,1820,17,0
2024-05-13 18:30:00,0.90756,0.90762,0.90687,0.90747,1107,17,0
2024-05-13 19:00:00,0.90747,0.90753,0.90712,0.9072,738,17,0
2024-05-13 19:30:00,0.90718,0.90741,0.90692,0.90724,534,17,0
2024-05-13 20:00:00,0.90725,0.90807,0.90723,0.90796,693,17,0
2024-05-13 20:30:00,0.90795,0.90813,0.90775,0.90793,393,19,0
2024-05-13 21:00:00,0.90794,0.90815,0.90789,0.90801,356,18,0
2024-05-13 21:30:00,0.908,0.90804,0.90756,0.90804,377,18,0
2024-05-13 22:00:00,0.90804,0.90847,0.90798,0.9084,330,18,0
2024-05-13 22:30:00,0.9084,0.90865,0.90806,0.90809,476,16,0
2024-05-13 23:00:00,0.90808,0.90812,0.90773,0.90784,282,17,0
2024-05-13 23:30:00,0.90785,0.90828,0.90784,0.90813,175,22,0
2024-05-14 00:00:00,0.90811,0.90811,0.90776,0.90785,53,33,0
2024-05-14 00:30:00,0.90777,0.90799,0.90776,0.90793,235,38,0
2024-05-14 01:00:00,0.90793,0.90828,0.90792,0.90817,97,22,0
2024-05-14 01:30:00,0.9082,0.90821,0.90806,0.90817,172,18,0
2024-05-14 02:00:00,0.90815,0.90816,0.90797,0.908,212,19,0
2024-05-14 02:30:00,0.90799,0.90804,0.90781,0.9079,464,20,0
2024-05-14 03:00:00,0.90789,0.90831,0.90786,0.9083,552,19,0
2024-05-14 03:30:00,0.90831,0.90852,0.90822,0.90828,463,17,0
2024-05-14 04:00:00,0.90828,0.90842,0.90814,0.90842,439,17,0
2024-05-14 04:30:00,0.90841,0.90854,0.90822,0.90828,453,19,0
2024-05-14 05:00:00,0.90829,0.90849,0.90828,0.90846,470,18,0
2024-05-14 05:30:00,0.90846,0.90864,0.90842,0.90848,353,19,0
2024-05-14 06:00:00,0.90848,0.90863,0.90843,0.9085,319,19,0
2024-05-14 06:30:00,0.90849,0.90876,0.90846,0.90857,268,20,0
2024-05-14 07:00:00,0.90858,0.90866,0.90848,0.90853,257,20,0
2024-05-14 07:30:00,0.90852,0.90859,0.90832,0.90855,247,18,0
2024-05-14 08:00:00,0.90855,0.9087,0.90855,0.90859,243,18,0
2024-05-14 08:30:00,0.9086,0.90869,0.9084,0.90843,306,18,0
2024-05-14 09:00:00,0.90842,0.90849,0.90807,0.90817,678,17,0
2024-05-14 09:30:00,0.90817,0.90822,0.9078,0.90782,577,17,0
2024-05-14 10:00:00,0.90782,0.90788,0.90735,0.90749,844,17,0
2024-05-14 10:30:00,0.9075,0.90816,0.90745,0.90803,677,16,0
2024-05-14 11:00:00,0.90802,0.90844,0.90799,0.9081,1044,16,0
2024-05-14 11:30:00,0.9081,0.90819,0.90735,0.90743,695,16,0
2024-05-14 12:00:00,0.90744,0.90771,0.9071,0.90744,917,16,0
2024-05-14 12:30:00,0.90744,0.90761,0.90723,0.90743,645,17,0
2024-05-14 13:00:00,0.90742,0.90797,0.90737,0.90767,896,16,0
2024-05-14 13:30:00,0.90768,0.90783,0.90727,0.90744,922,16,0
2024-05-14 14:00:00,0.90743,0.90776,0.9073,0.90751,795,18,0
2024-05-14 14:30:00,0.90751,0.90788,0.90741,0.90773,750,18,0
2024-05-14 15:00:00,0.90772,0.90789,0.90747,0.90765,839,16,0
2024-05-14 15:30:00,0.90762,0.91011,0.90697,0.90731,5102,16,0
2024-05-14 16:00:00,0.90732,0.90777,0.90564,0.90628,2725,16,0
2024-05-14 16:30:00,0.90629,0.90659,0.9057,0.90579,2021,16,0
2024-05-14 17:00:00,0.90578,0.90683,0.90543,0.90668,1904,16,0
2024-05-14 17:30:00,0.90667,0.90677,0.90584,0.90606,1627,16,0
2024-05-14 18:00:00,0.90606,0.90645,0.90588,0.90628,1054,17,0
2024-05-14 18:30:00,0.90628,0.90668,0.9061,0.90668,830,17,0
2024-05-14 19:00:00,0.90668,0.9071,0.90668,0.9069,775,16,0
2024-05-14 19:30:00,0.90689,0.9069,0.90643,0.90647,658,16,0
2024-05-14 20:00:00,0.90647,0.90683,0.90634,0.9067,597,18,0
2024-05-14 20:30:00,0.9067,0.9068,0.90656,0.9068,350,19,0
2024-05-14 21:00:00,0.90679,0.90688,0.90639,0.90646,602,17,0
2024-05-14 21:30:00,0.90645,0.90659,0.90632,0.90658,653,17,0
2024-05-14 22:00:00,0.90657,0.90661,0.9064,0.90645,569,17,0
2024-05-14 22:30:00,0.90646,0.9067,0.90633,0.90637,494,19,0
2024-05-14 23:00:00,0.90636,0.90655,0.90626,0.90644,441,21,0
2024-05-14 23:30:00,0.90644,0.90646,0.90631,0.90636,329,26,0
2024-05-15 00:00:00,0.90637,0.90637,0.90554,0.90637,205,30,0
2024-05-15 00:30:00,0.90641,0.9067,0.90612,0.90638,1822,27,0
2024-05-15 01:00:00,0.90639,0.90661,0.90626,0.90656,307,24,0
2024-05-15 01:30:00,0.90655,0.90657,0.90648,0.90655,122,23,0
2024-05-15 02:00:00,0.90653,0.90673,0.90653,0.90671,168,21,0
2024-05-15 02:30:00,0.90671,0.90688,0.90664,0.90684,273,20,0
2024-05-15 03:00:00,0.90684,0.90701,0.90645,0.90654,542,16,0
2024-05-15 03:30:00,0.90651,0.90668,0.90628,0.90647,514,17,0
2024-05-15 04:00:00,0.90649,0.90654,0.90625,0.90627,363,19,0
2024-05-15 04:30:00,0.90631,0.90638,0.90614,0.90618,355,20,0
2024-05-15 05:00:00,0.90617,0.90641,0.90606,0.90627,327,20,0
2024-05-15 05:30:00,0.90628,0.90632,0.90592,0.90599,519,19,0
2024-05-15 06:00:00,0.90599,0.90601,0.90573,0.90581,351,19,0
2024-05-15 06:30:00,0.90582,0.90588,0.90572,0.90578,286,19,0
2024-05-15 07:00:00,0.90576,0.9059,0.90573,0.90586,201,18,0
2024-05-15 07:30:00,0.90586,0.90617,0.90586,0.90609,191,19,0
2024-05-15 08:00:00,0.90608,0.90612,0.90564,0.90574,501,19,0
2024-05-15 08:30:00,0.90575,0.90588,0.90532,0.90536,581,19,0
2024-05-15 09:00:00,0.90537,0.90596,0.90536,0.90584,737,18,0
2024-05-15 09:30:00,0.90585,0.90588,0.9052,0.90522,679,18,0
2024-05-15 10:00:00,0.9052,0.90534,0.9048,0.90485,1117,16,0
2024-05-15 10:30:00,0.90485,0.90534,0.90457,0.90525,916,16,0
2024-05-15 11:00:00,0.90526,0.90538,0.9045,0.90457,904,16,0
2024-05-15 11:30:00,0.90458,0.90507,0.90434,0.90487,1013,17,0
2024-05-15 12:00:00,0.90486,0.90518,0.90475,0.90507,1014,17,0
2024-05-15 12:30:00,0.90507,0.90533,0.90501,0.90512,1026,18,0
2024-05-15 13:00:00,0.90512,0.90521,0.90482,0.90517,701,17,0
2024-05-15 13:30:00,0.90516,0.90568,0.90513,0.90547,794,18,0
2024-05-15 14:00:00,0.90548,0.90552,0.90493,0.90537,1165,17,0
2024-05-15 14:30:00,0.90537,0.90556,0.90492,0.90497,1057,18,0
2024-05-15 15:00:00,0.90496,0.9051,0.90403,0.90403,1748,16,0
2024-05-15 15:30:00,0.90408,0.90417,0.90139,0.90345,6599,16,0
2024-05-15 16:00:00,0.90345,0.90417,0.90285,0.90355,3723,16,0
2024-05-15 16:30:00,0.90353,0.90623,0.90342,0.90557,3060,16,0
2024-05-15 17:00:00,0.90562,0.90625,0.90432,0.90466,2047,17,0
2024-05-15 17:30:00,0.90467,0.9051,0.90431,0.90471,1636,17,0
2024-05-15 18:00:00,0.90469,0.90475,0.90304,0.90314,1783,17,0
2024-05-15 18:30:00,0.90311,0.90422,0.90296,0.90406,1397,16,0
2024-05-15 19:00:00,0.90405,0.9044,0.90327,0.90343,1319,17,0
2024-05-15 19:30:00,0.90343,0.90362,0.90266,0.90286,1558,16,0
2024-05-15 20:00:00,0.90288,0.90299,0.90224,0.90276,1108,16,0
2024-05-15 20:30:00,0.90275,0.90282,0.90205,0.90231,866,18,0
2024-05-15 21:00:00,0.9023,0.90319,0.90224,0.90314,671,16,0
2024-05-15 21:30:00,0.90313,0.90347,0.90282,0.90284,683,16,0
2024-05-15 22:00:00,0.90283,0.90288,0.90249,0.90259,635,18,0
2024-05-15 22:30:00,0.9026,0.90294,0.90248,0.90264,445,17,0
2024-05-15 23:00:00,0.90261,0.90261,0.90185,0.90213,586,18,0
2024-05-15 23:30:00,0.90213,0.9022,0.90202,0.90204,293,22,0
2024-05-16 00:00:00,0.90198,0.90231,0.90164,0.90185,3370,52,0
2024-05-16 00:30:00,0.90181,0.9023,0.90161,0.90207,1439,28,0
2024-05-16 01:00:00,0.90181,0.90207,0.90146,0.90156,430,19,0
2024-05-16 01:30:00,0.90155,0.90156,0.90118,0.90134,306,16,0
2024-05-16 02:00:00,0.90128,0.90146,0.90078,0.90093,467,18,0
2024-05-16 02:30:00,0.90094,0.90104,0.90044,0.90056,602,17,0
2024-05-16 03:00:00,0.90056,0.90096,0.89984,0.89997,1124,16,0
2024-05-16 03:30:00,0.89996,0.90012,0.89871,0.89888,1230,19,0
2024-05-16 04:00:00,0.89887,0.90003,0.89885,0.89923,1275,16,0
2024-05-16 04:30:00,0.89929,0.90004,0.89885,0.89986,1247,18,0
2024-05-16 05:00:00,0.89989,0.90067,0.89981,0.8999,1034,18,0
2024-05-16 05:30:00,0.8999,0.9001,0.89962,0.89994,964,18,0
2024-05-16 06:00:00,0.89994,0.90019,0.89986,0.89998,567,17,0
2024-05-16 06:30:00,0.89999,0.90039,0.8999,0.90029,577,17,0
2024-05-16 07:00:00,0.90028,0.90068,0.90028,0.90048,615,19,0
2024-05-16 07:30:00,0.90048,0.9006,0.90014,0.90056,543,19,0
2024-05-16 08:00:00,0.90054,0.90073,0.90025,0.90059,370,18,0
2024-05-16 08:30:00,0.90059,0.90127,0.90047,0.90117,472,17,0
2024-05-16 09:00:00,0.90115,0.90133,0.90082,0.90107,950,17,0
2024-05-16 09:30:00,0.90109,0.90142,0.90085,0.90112,827,16,0
2024-05-16 10:00:00,0.90112,0.90116,0.90045,0.90054,1147,17,0
2024-05-16 10:30:00,0.90054,0.90065,0.89978,0.89991,1272,17,0
2024-05-16 11:00:00,0.8999,0.9019,0.89973,0.90184,1558,16,0
2024-05-16 11:30:00,0.90183,0.90215,0.90155,0.902,1412,16,0
2024-05-16 12:00:00,0.90201,0.90215,0.90156,0.90214,813,17,0
2024-05-16 12:30:00,0.90216,0.90216,0.90176,0.90208,778,18,0
2024-05-16 13:00:00,0.90207,0.90238,0.9019,0.90236,591,19,0
2024-05-16 13:30:00,0.90232,0.90283,0.90215,0.90237,852,16,0
2024-05-16 14:00:00,0.90236,0.90335,0.90221,0.90321,657,17,0
2024-05-16 14:30:00,0.90321,0.90363,0.9029,0.90333,845,17,0
2024-05-16 15:00:00,0.90332,0.9039,0.90244,0.90245,1174,18,0
2024-05-16 15:30:00,0.90244,0.90437,0.90223,0.90433,2984,16,0
2024-05-16 16:00:00,0.90433,0.90489,0.90415,0.90434,1729,16,0
2024-05-16 16:30:00,0.90433,0.90558,0.90429,0.90553,1770,16,0
2024-05-16 17:00:00,0.90552,0.90564,0.90421,0.90427,1504,17,0
2024-05-16 17:30:00,0.90426,0.90452,0.90384,0.90421,1558,17,0
2024-05-16 18:00:00,0.90421,0.90481,0.90417,0.90474,827,16,0
2024-05-16 18:30:00,0.90474,0.90486,0.9043,0.90437,587,17,0
2024-05-16 19:00:00,0.90438,0.90478,0.90429,0.90454,682,17,0
2024-05-16 19:30:00,0.90454,0.90476,0.90446,0.90459,495,16,0
2024-05-16 20:00:00,0.90459,0.90492,0.90428,0.90478,577,17,0
2024-05-16 20:30:00,0.90476,0.90522,0.90471,0.90494,492,16,0
2024-05-16 21:00:00,0.90494,0.9053,0.90479,0.90515,428,17,0
2024-05-16 21:30:00,0.90512,0.90541,0.90508,0.90516,417,17,0
2024-05-16 22:00:00,0.90518,0.90527,0.90506,0.90527,306,18,0
2024-05-16 22:30:00,0.90528,0.90556,0.90525,0.90555,424,16,0
2024-05-16 23:00:00,0.90554,0.90613,0.90553,0.90569,355,16,0
2024-05-16 23:30:00,0.90568,0.90616,0.90568,0.90604,263,24,0
2024-05-17 00:00:00,0.90581,0.90625,0.9051,0.906,88,63,0
2024-05-17 00:30:00,0.90533,0.90615,0.90507,0.90572,694,37,0
2024-05-17 01:00:00,0.90571,0.90597,0.90571,0.90595,288,25,0
2024-05-17 01:30:00,0.90595,0.90608,0.90586,0.90593,451,22,0
2024-05-17 02:00:00,0.90594,0.90622,0.90592,0.90612,370,20,0
2024-05-17 02:30:00,0.90611,0.9062,0.90597,0.90599,391,21,0
2024-05-17 03:00:00,0.90598,0.90706,0.90588,0.90694,605,17,0
2024-05-17 03:30:00,0.90694,0.90718,0.90658,0.90671,588,18,0
2024-05-17 04:00:00,0.90673,0.90725,0.90657,0.90694,781,17,0
2024-05-17 04:30:00,0.90694,0.90712,0.90667,0.90708,674,18,0
2024-05-17 05:00:00,0.90707,0.90717,0.90693,0.90715,536,18,0
2024-05-17 05:30:00,0.90715,0.90728,0.90695,0.90699,458,18,0
2024-05-17 06:00:00,0.90697,0.90714,0.90681,0.90682,418,18,0
2024-05-17 06:30:00,0.90682,0.90711,0.9068,0.90697,396,17,0
2024-05-17 07:00:00,0.90695,0.90713,0.90681,0.90706,326,16,0
2024-05-17 07:30:00,0.90705,0.90725,0.90703,0.90716,393,19,0
2024-05-17 08:00:00,0.90716,0.90727,0.90684,0.90703,417,19,0
2024-05-17 08:30:00,0.90703,0.90713,0.90653,0.90684,373,17,0
2024-05-17 09:00:00,0.90685,0.90685,0.90632,0.90665,669,18,0
2024-05-17 09:30:00,0.90666,0.90721,0.90638,0.90688,743,17,0
2024-05-17 10:00:00,0.90687,0.90786,0.90682,0.90731,947,16,0
2024-05-17 10:30:00,0.90731,0.90822,0.90728,0.9078,843,16,0
2024-05-17 11:00:00,0.90781,0.9088,0.9078,0.90861,947,16,0
2024-05-17 11:30:00,0.90862,0.90974,0.90862,0.90886,989,17,0
2024-05-17 12:00:00,0.90885,0.90968,0.90872,0.90944,717,17,0
2024-05-17 12:30:00,0.90943,0.90947,0.90893,0.90903,629,17,0
2024-05-17 13:00:00,0.90903,0.90936,0.90881,0.90925,520,16,0
2024-05-17 13:30:00,0.90926,0.90966,0.90916,0.90941,637,17,0
2024-05-17 14:00:00,0.90942,0.90964,0.90911,0.90928,673,19,0
2024-05-17 14:30:00,0.90929,0.9093,0.90858,0.90865,562,17,0
2024-05-17 15:00:00,0.90867,0.90934,0.90841,0.90931,962,17,0
2024-05-17 15:30:00,0.90931,0.90937,0.90863,0.90863,753,16,0
2024-05-17 16:00:00,0.90863,0.90879,0.90826,0.90871,1052,17,0
2024-05-17 16:30:00,0.90871,0.909,0.90828,0.90854,1208,17,0
2024-05-17 17:00:00,0.90853,0.90864,0.90779,0.90796,1137,16,0
2024-05-17 17:30:00,0.90798,0.90798,0.90687,0.90689,1554,17,0
2024-05-17 18:00:00,0.90691,0.90759,0.90664,0.90752,1354,16,0
2024-05-17 18:30:00,0.90753,0.90811,0.90753,0.90792,1082,17,0
2024-05-17 19:00:00,0.90792,0.90796,0.9074,0.90784,883,17,0
2024-05-17 19:30:00,0.90784,0.90797,0.90776,0.90792,743,17,0
2024-05-17 20:00:00,0.90792,0.90795,0.90741,0.90756,781,17,0
2024-05-17 20:30:00,0.90755,0.90817,0.90752,0.90808,731,17,0
2024-05-17 21:00:00,0.90808,0.90821,0.90785,0.90801,406,18,0
2024-05-17 21:30:00,0.90801,0.90811,0.90777,0.90811,402,18,0
2024-05-17 22:00:00,0.90808,0.90822,0.90773,0.90793,369,17,0
2024-05-17 22:30:00,0.90791,0.90825,0.90791,0.90811,545,18,0
2024-05-17 23:00:00,0.9081,0.90858,0.90806,0.90853,279,19,0
2024-05-17 23:30:00,0.90854,0.90908,0.9085,0.90906,627,23,0
2024-05-20 00:00:00,0.90856,0.90904,0.90805,0.90872,285,45,0
2024-05-20 00:30:00,0.90867,0.90923,0.90867,0.90911,403,25,0
2024-05-20 01:00:00,0.90912,0.90915,0.90859,0.90886,414,20,0
2024-05-20 01:30:00,0.90886,0.90898,0.90881,0.90891,191,17,0
2024-05-20 02:00:00,0.90889,0.90895,0.9087,0.90882,294,21,0
2024-05-20 02:30:00,0.90882,0.9089,0.90867,0.90888,240,17,0
2024-05-20 03:00:00,0.90887,0.90936,0.90887,0.90901,523,17,0
2024-05-20 03:30:00,0.90902,0.90917,0.90877,0.90911,552,18,0
2024-05-20 04:00:00,0.90912,0.90953,0.90897,0.9095,667,16,0
2024-05-20 04:30:00,0.90951,0.90964,0.90907,0.90916,528,16,0
2024-05-20 05:00:00,0.90916,0.90958,0.90916,0.90943,458,16,0
2024-05-20 05:30:00,0.90943,0.90954,0.90925,0.90937,483,19,0
2024-05-20 06:00:00,0.90936,0.90948,0.9092,0.90923,451,16,0
2024-05-20 06:30:00,0.90924,0.90929,0.90905,0.90924,482,19,0
2024-05-20 07:00:00,0.90924,0.90926,0.9089,0.90899,504,17,0
2024-05-20 07:30:00,0.90898,0.90926,0.90896,0.90915,342,18,0
2024-05-20 08:00:00,0.90915,0.90931,0.90899,0.90906,366,17,0
2024-05-20 08:30:00,0.90906,0.90908,0.90882,0.90904,470,16,0
2024-05-20 09:00:00,0.90905,0.90908,0.90859,0.90882,832,18,0
2024-05-20 09:30:00,0.90883,0.90941,0.90878,0.90937,594,17,0
2024-05-20 10:00:00,0.90938,0.90945,0.90883,0.90907,876,16,0
2024-05-20 10:30:00,0.90908,0.90982,0.9088,0.90968,794,16,0
2024-05-20 11:00:00,0.90968,0.90987,0.90948,0.90963,649,19,0
2024-05-20 11:30:00,0.90964,0.9099,0.90858,0.90883,1140,17,0
2024-05-20 12:00:00,0.90882,0.90913,0.90845,0.90882,752,17,0
2024-05-20 12:30:00,0.90882,0.90907,0.90866,0.90884,461,18,0
2024-05-20 13:00:00,0.90886,0.90903,0.90876,0.90894,539,16,0
2024-05-20 13:30:00,0.90895,0.90906,0.90857,0.90879,631,18,0
2024-05-20 14:00:00,0.90878,0.90899,0.90865,0.90895,728,16,0
2024-05-20 14:30:00,0.90895,0.90941,0.90893,0.90941,654,16,0
2024-05-20 15:00:00,0.90942,0.91027,0.90926,0.91024,1231,16,0
2024-05-20 15:30:00,0.91027,0.91078,0.90994,0.91046,1646,16,0
2024-05-20 16:00:00,0.91048,0.91049,0.90867,0.90871,1632,17,0
2024-05-20 16:30:00,0.90871,0.90898,0.90822,0.90859,1211,16,0
2024-05-20 17:00:00,0.90861,0.90875,0.90779,0.90843,1260,16,0
2024-05-20 17:30:00,0.90842,0.90898,0.90805,0.90878,1262,16,0
2024-05-20 18:00:00,0.90878,0.90949,0.90878,0.90947,1034,16,0
2024-05-20 18:30:00,0.90948,0.90996,0.90933,0.90966,664,16,0
2024-05-20 19:00:00,0.90965,0.90984,0.90955,0.90965,406,16,0
2024-05-20 19:30:00,0.90966,0.90977,0.90918,0.90924,701,18,0
2024-05-20 20:00:00,0.90927,0.90945,0.90905,0.90935,437,17,0
2024-05-20 20:30:00,0.90934,0.9097,0.90917,0.90963,470,17,0
2024-05-20 21:00:00,0.90964,0.90977,0.90936,0.90945,398,17,0
2024-05-20 21:30:00,0.9095,0.90977,0.90948,0.90977,403,17,0
2024-05-20 22:00:00,0.90977,0.91014,0.90973,0.91,385,18,0
2024-05-20 22:30:00,0.91,0.91042,0.90989,0.91042,410,18,0
2024-05-20 23:00:00,0.91041,0.91069,0.91036,0.91069,230,20,0
2024-05-20 23:30:00,0.91069,0.91075,0.91039,0.91043,271,25,0
2024-05-21 00:00:00,0.91036,0.91036,0.90962,0.91027,137,40,0
2024-05-21 00:30:00,0.91033,0.91043,0.9097,0.91003,2768,28,0
2024-05-21 01:00:00,0.91002,0.91049,0.91001,0.91041,377,20,0
2024-05-21 01:30:00,0.91042,0.91042,0.91021,0.91023,234,21,0
2024-05-21 02:00:00,0.91022,0.91027,0.91007,0.91026,520,21,0
2024-05-21 02:30:00,0.91026,0.91033,0.90999,0.91007,345,17,0
2024-05-21 03:00:00,0.9101,0.91048,0.91001,0.91037,558,18,0
2024-05-21 03:30:00,0.91037,0.91064,0.91034,0.9106,620,18,0
2024-05-21 04:00:00,0.91061,0.91087,0.91054,0.9106,733,20,0
2024-05-21 04:30:00,0.9106,0.91121,0.9106,0.91118,721,20,0
2024-05-21 05:00:00,0.91122,0.91157,0.91115,0.91124,929,17,0
2024-05-21 05:30:00,0.91122,0.91127,0.91092,0.91102,623,18,0
2024-05-21 06:00:00,0.91103,0.91111,0.91076,0.91101,533,18,0
2024-05-21 06:30:00,0.91102,0.91107,0.91086,0.91089,346,19,0
2024-05-21 07:00:00,0.91089,0.91103,0.91075,0.91082,391,17,0
2024-05-21 07:30:00,0.91083,0.91084,0.9105,0.91067,432,19,0
2024-05-21 08:00:00,0.91066,0.91081,0.91056,0.91056,405,18,0
2024-05-21 08:30:00,0.91056,0.91057,0.91008,0.91027,485,17,0
2024-05-21 09:00:00,0.91029,0.9103,0.90967,0.90975,924,17,0
2024-05-21 09:30:00,0.90975,0.91003,0.90949,0.90993,900,16,0
2024-05-21 10:00:00,0.90992,0.9102,0.90951,0.90994,1116,17,0
2024-05-21 10:30:00,0.90993,0.91029,0.9096,0.91027,800,18,0
2024-05-21 11:00:00,0.91029,0.91035,0.90978,0.91005,780,17,0
2024-05-21 11:30:00,0.91005,0.9105,0.90956,0.90992,835,17,0
2024-05-21 12:00:00,0.90992,0.90992,0.90862,0.9088,879,18,0
2024-05-21 12:30:00,0.90881,0.90936,0.90881,0.90901,588,18,0
2024-05-21 13:00:00,0.90896,0.90919,0.90882,0.909,647,18,0
2024-05-21 13:30:00,0.90901,0.90949,0.909,0.9094,563,18,0
2024-05-21 14:00:00,0.9094,0.90969,0.90934,0.90946,591,18,0
2024-05-21 14:30:00,0.90947,0.90957,0.9092,0.90923,736,19,0
2024-05-21 15:00:00,0.90924,0.91,0.90921,0.90992,993,18,0
2024-05-21 15:30:00,0.90994,0.91002,0.90928,0.9099,1579,18,0
2024-05-21 16:00:00,0.90989,0.91122,0.90932,0.9094,3440,16,0
2024-05-21 16:30:00,0.90941,0.9108,0.90933,0.91042,2393,16,0
2024-05-21 17:00:00,0.91041,0.91057,0.90966,0.9102,1457,16,0
2024-05-21 17:30:00,0.9102,0.91059,0.90891,0.90942,1761,16,0
2024-05-21 18:00:00,0.90942,0.91059,0.9092,0.91053,1163,16,0
2024-05-21 18:30:00,0.9105,0.91127,0.91026,0.91072,1199,16,0
2024-05-21 19:00:00,0.91073,0.91084,0.91035,0.9108,882,17,0
2024-05-21 19:30:00,0.91079,0.91079,0.91049,0.91054,490,17,0
2024-05-21 20:00:00,0.91053,0.91134,0.9105,0.91104,680,16,0
2024-05-21 20:30:00,0.91106,0.91118,0.91084,0.91089,505,18,0
2024-05-21 21:00:00,0.91088,0.91101,0.91074,0.91089,491,19,0
2024-05-21 21:30:00,0.91088,0.91117,0.91083,0.91116,726,17,0
2024-05-21 22:00:00,0.91116,0.91124,0.9107,0.91073,627,17,0
2024-05-21 22:30:00,0.91075,0.91091,0.91063,0.91072,515,17,0
2024-05-21 23:00:00,0.91075,0.91081,0.91062,0.91069,233,20,0
2024-05-21 23:30:00,0.91069,0.91088,0.91068,0.9108,202,24,0
2024-05-22 00:00:00,0.91082,0.91094,0.91052,0.91066,90,39,0
2024-05-22 00:30:00,0.91065,0.91084,0.91048,0.91055,674,30,0
2024-05-22 01:00:00,0.91056,0.91073,0.91049,0.91073,210,22,0
2024-05-22 01:30:00,0.91068,0.91085,0.91067,0.91079,141,20,0
2024-05-22 02:00:00,0.9108,0.91103,0.91079,0.9109,208,20,0
2024-05-22 02:30:00,0.9109,0.91123,0.91089,0.91122,203,20,0
2024-05-22 03:00:00,0.91122,0.91122,0.91085,0.91096,506,17,0
2024-05-22 03:30:00,0.91096,0.9111,0.91085,0.91103,506,19,0
2024-05-22 04:00:00,0.91105,0.91127,0.91087,0.91104,502,17,0
2024-05-22 04:30:00,0.91103,0.91118,0.91071,0.91075,544,17,0
2024-05-22 05:00:00,0.91069,0.91095,0.91057,0.91089,830,19,0
2024-05-22 05:30:00,0.9109,0.91115,0.91087,0.91094,668,20,0
2024-05-22 06:00:00,0.91095,0.91133,0.91089,0.91127,434,19,0
2024-05-22 06:30:00,0.91126,0.91142,0.91122,0.91123,547,19,0
2024-05-22 07:00:00,0.91122,0.91148,0.91122,0.91137,408,19,0
2024-05-22 07:30:00,0.91135,0.91153,0.91133,0.91143,313,20,0
2024-05-22 08:00:00,0.91146,0.91159,0.91137,0.91139,355,19,0
2024-05-22 08:30:00,0.91139,0.91146,0.91109,0.91112,390,18,0
2024-05-22 09:00:00,0.91112,0.91219,0.91082,0.91219,1472,16,0
2024-05-22 09:30:00,0.9122,0.91297,0.91208,0.91215,1061,16,0
2024-05-22 10:00:00,0.91215,0.91291,0.91205,0.91288,1151,16,0
2024-05-22 10:30:00,0.9129,0.91296,0.91237,0.91274,836,16,0
2024-05-22 11:00:00,0.91273,0.91336,0.91261,0.91326,802,17,0
2024-05-22 11:30:00,0.91325,0.91325,0.91237,0.91273,859,16,0
2024-05-22 12:00:00,0.91273,0.91337,0.91267,0.91328,901,18,0
2024-05-22 12:30:00,0.91326,0.91357,0.91316,0.91353,739,17,0
2024-05-22 13:00:00,0.91353,0.91363,0.91323,0.91356,752,17,0
2024-05-22 13:30:00,0.91356,0.91404,0.9134,0.91404,793,18,0
2024-05-22 14:00:00,0.91404,0.9148,0.91398,0.91467,900,16,0
2024-05-22 14:30:00,0.91468,0.91574,0.91467,0.91498,1331,16,0
2024-05-22 15:00:00,0.91498,0.91512,0.9145,0.91456,1482,16,0
2024-05-22 15:30:00,0.91459,0.9147,0.91391,0.91427,1141,18,0
2024-05-22 16:00:00,0.91427,0.91439,0.91386,0.9139,1146,16,0
2024-05-22 16:30:00,0.91389,0.91405,0.91318,0.91333,1423,16,0
2024-05-22 17:00:00,0.91333,0.91408,0.91322,0.91404,1671,16,0
2024-05-22 17:30:00,0.91398,0.91454,0.91368,0.91432,1808,17,0
2024-05-22 18:00:00,0.91432,0.91442,0.9137,0.91378,1184,16,0
2024-05-22 18:30:00,0.91377,0.91402,0.91354,0.91388,981,17,0
2024-05-22 19:00:00,0.91387,0.91393,0.91358,0.91377,788,16,0
2024-05-22 19:30:00,0.91379,0.91396,0.91361,0.91371,1007,17,0
2024-05-22 20:00:00,0.91372,0.91424,0.91368,0.91423,643,16,0
2024-05-22 20:30:00,0.91423,0.91468,0.91422,0.9144,903,17,0
2024-05-22 21:00:00,0.91438,0.91539,0.91437,0.9152,1574,17,0
2024-05-22 21:30:00,0.91521,0.91523,0.91474,0.91508,1338,17,0
2024-05-22 22:00:00,0.91507,0.91553,0.91505,0.9153,891,17,0
2024-05-22 22:30:00,0.91532,0.91549,0.91527,0.91531,853,16,0
2024-05-22 23:00:00,0.91531,0.91548,0.91528,0.91547,530,20,0
2024-05-22 23:30:00,0.91547,0.91567,0.91545,0.91545,273,25,0
2024-05-23 00:00:00,0.91545,0.91558,0.91435,0.91493,1315,30,0
2024-05-23 00:30:00,0.91493,0.91541,0.91463,0.9152,1110,25,0
2024-05-23 01:00:00,0.91527,0.91535,0.91513,0.91523,410,19,0
2024-05-23 01:30:00,0.91522,0.9153,0.91514,0.91518,239,22,0
2024-05-23 02:00:00,0.91519,0.91529,0.91506,0.91506,288,19,0
2024-05-23 02:30:00,0.9151,0.91529,0.91502,0.91516,476,20,0
2024-05-23 03:00:00,0.91515,0.91522,0.91489,0.91509,721,19,0
2024-05-23 03:30:00,0.9151,0.91523,0.91495,0.91508,958,17,0
2024-05-23 04:00:00,0.91508,0.91525,0.91489,0.91517,1070,19,0
2024-05-23 04:30:00,0.91518,0.91523,0.91451,0.9148,744,18,0
2024-05-23 05:00:00,0.9148,0.91493,0.91457,0.91475,545,19,0
2024-05-23 05:30:00,0.91476,0.91481,0.91426,0.91446,616,19,0
2024-05-23 06:00:00,0.91444,0.91463,0.9142,0.91445,475,19,0
2024-05-23 06:30:00,0.91445,0.91449,0.91423,0.91435,445,19,0
2024-05-23 07:00:00,0.91435,0.91446,0.91419,0.91446,469,19,0
2024-05-23 07:30:00,0.91447,0.91458,0.91436,0.91454,697,18,0
2024-05-23 08:00:00,0.91455,0.91462,0.91436,0.91449,492,20,0
2024-05-23 08:30:00,0.9145,0.91481,0.9144,0.9148,424,16,0
2024-05-23 09:00:00,0.91479,0.91523,0.91463,0.91478,965,18,0
2024-05-23 09:30:00,0.91481,0.91521,0.91469,0.91502,767,19,0
2024-05-23 10:00:00,0.91501,0.91534,0.91463,0.91496,1621,17,0
2024-05-23 10:30:00,0.915,0.91501,0.91405,0.9144,1710,17,0
2024-05-23 11:00:00,0.91439,0.91461,0.91398,0.91416,1405,17,0
2024-05-23 11:30:00,0.91417,0.91482,0.91387,0.9145,1540,18,0
2024-05-23 12:00:00,0.9145,0.91453,0.91402,0.91409,1088,17,0
2024-05-23 12:30:00,0.91408,0.91413,0.91343,0.91362,871,18,0
2024-05-23 13:00:00,0.91362,0.91372,0.91344,0.91347,618,18,0
2024-05-23 13:30:00,0.91343,0.91362,0.91332,0.91346,621,16,0
2024-05-23 14:00:00,0.91345,0.91364,0.91319,0.91351,725,18,0
2024-05-23 14:30:00,0.9135,0.91356,0.91268,0.91279,905,18,0
2024-05-23 15:00:00,0.9128,0.91296,0.91255,0.91272,1149,18,0
2024-05-23 15:30:00,0.91273,0.91365,0.91263,0.91336,2099,17,0
2024-05-23 16:00:00,0.91337,0.91341,0.91257,0.91284,1625,17,0
2024-05-23 16:30:00,0.91285,0.91509,0.91252,0.91437,3629,17,0
2024-05-23 17:00:00,0.91436,0.91511,0.9135,0.91429,4361,16,0
2024-05-23 17:30:00,0.91428,0.91455,0.91341,0.91354,2960,16,0
2024-05-23 18:00:00,0.91354,0.9147,0.91351,0.91431,1329,16,0
2024-05-23 18:30:00,0.9143,0.91441,0.91387,0.91433,1552,19,0
2024-05-23 19:00:00,0.91432,0.91476,0.91389,0.91449,1291,19,0
2024-05-23 19:30:00,0.9145,0.91493,0.91446,0.91475,892,17,0
2024-05-23 20:00:00,0.91476,0.91508,0.91464,0.9148,1048,16,0
2024-05-23 20:30:00,0.91477,0.91514,0.91458,0.91464,1462,18,0
2024-05-23 21:00:00,0.91463,0.91475,0.91407,0.91459,1616,17,0
2024-05-23 21:30:00,0.91459,0.91482,0.91432,0.91481,1554,18,0
2024-05-23 22:00:00,0.91481,0.91487,0.91453,0.91469,963,16,0
2024-05-23 22:30:00,0.9147,0.91478,0.91445,0.91461,944,18,0
2024-05-23 23:00:00,0.91462,0.91465,0.91435,0.91437,354,21,0
2024-05-23 23:30:00,0.91438,0.91453,0.91409,0.91422,258,24,0
2024-05-24 00:00:00,0.91402,0.91416,0.91384,0.91411,2710,40,0
2024-05-24 00:30:00,0.91395,0.91431,0.91375,0.91395,11071,24,0
2024-05-24 01:00:00,0.91396,0.91421,0.9139,0.91406,608,19,0
2024-05-24 01:30:00,0.91407,0.91433,0.91406,0.91425,550,20,0
2024-05-24 02:00:00,0.91427,0.91435,0.91418,0.91426,360,21,0
2024-05-24 02:30:00,0.91425,0.91437,0.91414,0.91435,613,19,0
2024-05-24 03:00:00,0.91436,0.91505,0.91434,0.91499,731,17,0
2024-05-24 03:30:00,0.91496,0.91503,0.91449,0.9146,765,18,0
2024-05-24 04:00:00,0.91461,0.91479,0.91438,0.91453,847,17,0
2024-05-24 04:30:00,0.91451,0.91472,0.91446,0.9146,631,18,0
2024-05-24 05:00:00,0.91458,0.915,0.91458,0.915,450,19,0
2024-05-24 05:30:00,0.91501,0.9151,0.91478,0.91492,342,19,0
2024-05-24 06:00:00,0.91493,0.91523,0.91493,0.91518,423,19,0
2024-05-24 06:30:00,0.91517,0.91533,0.91513,0.91526,323,18,0
2024-05-24 07:00:00,0.91526,0.91537,0.9151,0.91516,466,18,0
2024-05-24 07:30:00,0.91517,0.91526,0.9151,0.91514,309,19,0
2024-05-24 08:00:00,0.91515,0.91526,0.91509,0.9151,591,20,0
2024-05-24 08:30:00,0.91513,0.91537,0.91508,0.91528,463,19,0
2024-05-24 09:00:00,0.91532,0.91539,0.91478,0.91495,1062,17,0
2024-05-24 09:30:00,0.91495,0.91509,0.91461,0.91495,838,18,0
2024-05-24 10:00:00,0.91493,0.91498,0.91456,0.91471,1198,17,0
2024-05-24 10:30:00,0.91471,0.91483,0.91419,0.91449,892,17,0
2024-05-24 11:00:00,0.91451,0.91548,0.91448,0.91524,825,17,0
2024-05-24 11:30:00,0.91523,0.91538,0.91457,0.91476,879,16,0
2024-05-24 12:00:00,0.91477,0.91487,0.91431,0.91448,645,18,0
2024-05-24 12:30:00,0.91448,0.91516,0.91437,0.91501,948,17,0
2024-05-24 13:00:00,0.91501,0.91531,0.91468,0.91475,946,18,0
2024-05-24 13:30:00,0.91476,0.91492,0.91453,0.91465,961,19,0
2024-05-24 14:00:00,0.91466,0.91516,0.91457,0.91499,887,18,0
2024-05-24 14:30:00,0.91497,0.91519,0.91478,0.91507,841,19,0
2024-05-24 15:00:00,0.91507,0.91566,0.91487,0.91561,1123,17,0
2024-05-24 15:30:00,0.91562,0.91575,0.91419,0.91458,1858,18,0
2024-05-24 16:00:00,0.91456,0.91491,0.91417,0.91438,1774,18,0
2024-05-24 16:30:00,0.91438,0.915,0.91422,0.91492,1611,17,0
2024-05-24 17:00:00,0.91501,0.91501,0.91352,0.91358,2511,16,0
2024-05-24 17:30:00,0.91357,0.91476,0.91342,0.91435,1679,16,0
2024-05-24 18:00:00,0.91435,0.91439,0.91381,0.91388,1140,18,0
2024-05-24 18:30:00,0.91388,0.91457,0.91361,0.91426,1245,16,0
2024-05-24 19:00:00,0.91424,0.91447,0.91328,0.91348,856,18,0
2024-05-24 19:30:00,0.91347,0.91427,0.91332,0.91416,832,18,0
2024-05-24 20:00:00,0.91417,0.91434,0.91371,0.91393,782,17,0
2024-05-24 20:30:00,0.91392,0.9144,0.91379,0.91428,1471,17,0
2024-05-24 21:00:00,0.91428,0.91428,0.91386,0.91418,792,18,0
2024-05-24 21:30:00,0.91419,0.91448,0.91398,0.91447,739,16,0
2024-05-24 22:00:00,0.91445,0.91465,0.91444,0.91452,745,16,0
2024-05-24 22:30:00,0.91454,0.9147,0.91452,0.91455,464,19,0
2024-05-24 23:00:00,0.91455,0.91462,0.91444,0.91451,329,20,0
2024-05-24 23:30:00,0.91452,0.9146,0.91394,0.91394,171,26,0
2024-05-27 00:00:00,0.91386,0.91458,0.91353,0.91385,218,32,0
2024-05-27 00:30:00,0.91387,0.91424,0.9137,0.91406,294,63,0
2024-05-27 01:00:00,0.91406,0.9144,0.91406,0.91429,427,23,0
2024-05-27 01:30:00,0.91431,0.91431,0.91403,0.91415,429,20,0
2024-05-27 02:00:00,0.91415,0.91432,0.9141,0.91411,227,19,0
2024-05-27 02:30:00,0.91412,0.91445,0.91412,0.9144,212,16,0
2024-05-27 03:00:00,0.91438,0.91445,0.91426,0.91445,277,19,0
2024-05-27 03:30:00,0.91445,0.91456,0.91432,0.91447,338,18,0
2024-05-27 04:00:00,0.91447,0.9145,0.91426,0.91439,356,17,0
2024-05-27 04:30:00,0.91438,0.91453,0.91433,0.91438,738,19,0
2024-05-27 05:00:00,0.91438,0.91449,0.91418,0.91443,460,18,0
2024-05-27 05:30:00,0.91442,0.91448,0.91415,0.91416,370,19,0
2024-05-27 06:00:00,0.91417,0.91419,0.91395,0.91407,240,19,0
2024-05-27 06:30:00,0.91406,0.91436,0.91406,0.91414,227,16,0
2024-05-27 07:00:00,0.91413,0.91436,0.91406,0.91419,321,19,0
2024-05-27 07:30:00,0.91419,0.91432,0.91419,0.91431,114,21,0
2024-05-27 08:00:00,0.91435,0.91439,0.91412,0.91417,188,18,0
2024-05-27 08:30:00,0.91418,0.91431,0.91417,0.91427,175,19,0
2024-05-27 09:00:00,0.91426,0.91485,0.91425,0.91467,525,19,0
2024-05-27 09:30:00,0.91464,0.91487,0.91453,0.91482,432,20,0
2024-05-27 10:00:00,0.91485,0.91528,0.91484,0.91496,635,19,0
2024-05-27 10:30:00,0.91496,0.91504,0.91477,0.91495,544,19,0
2024-05-27 11:00:00,0.91491,0.91523,0.91461,0.91472,644,18,0
2024-05-27 11:30:00,0.91473,0.91473,0.91426,0.91441,572,19,0
2024-05-27 12:00:00,0.91445,0.91445,0.91391,0.91402,804,18,0
2024-05-27 12:30:00,0.91402,0.91405,0.9134,0.91343,702,19,0
2024-05-27 13:00:00,0.91346,0.91392,0.91323,0.91391,854,17,0
2024-05-27 13:30:00,0.91392,0.91398,0.9136,0.91362,724,18,0
2024-05-27 14:00:00,0.91361,0.91392,0.9136,0.91386,611,18,0
2024-05-27 14:30:00,0.91386,0.91429,0.91373,0.91425,514,16,0
2024-05-27 15:00:00,0.91426,0.91524,0.91411,0.91454,1203,17,0
2024-05-27 15:30:00,0.91454,0.91491,0.91446,0.91465,928,19,0
2024-05-27 16:00:00,0.91465,0.91472,0.9139,0.91391,1045,17,0
2024-05-27 16:30:00,0.91392,0.91411,0.91342,0.91373,1029,17,0
2024-05-27 17:00:00,0.91373,0.91405,0.9136,0.91372,947,17,0
2024-05-27 17:30:00,0.91372,0.91384,0.91358,0.91361,884,17,0
2024-05-27 18:00:00,0.91359,0.91397,0.91355,0.91368,581,18,0
2024-05-27 18:30:00,0.91368,0.91371,0.91323,0.91325,339,18,0
2024-05-27 19:00:00,0.91324,0.9134,0.91315,0.91334,417,18,0
2024-05-27 19:30:00,0.91334,0.91361,0.91325,0.91346,557,18,0
2024-05-27 20:00:00,0.91346,0.91362,0.91337,0.91339,112,18,0
2024-05-27 20:30:00,0.9134,0.91342,0.91334,0.91338,92,16,0
2024-05-27 21:00:00,0.91339,0.91343,0.91335,0.91336,62,19,0
2024-05-27 21:30:00,0.91336,0.91341,0.91334,0.91335,73,18,0
2024-05-27 22:00:00,0.91335,0.9134,0.91332,0.91336,54,17,0
2024-05-27 22:30:00,0.91336,0.91337,0.91331,0.91335,53,18,0
2024-05-27 23:00:00,0.91336,0.91349,0.91332,0.9134,143,20,0
2024-05-27 23:30:00,0.91341,0.91358,0.91334,0.91352,140,25,0
2024-05-28 00:00:00,0.91311,0.91363,0.91306,0.91329,520,34,0
2024-05-28 00:30:00,0.91328,0.91371,0.91301,0.91343,3573,25,0
2024-05-28 01:00:00,0.91343,0.91351,0.91326,0.91345,740,21,0
2024-05-28 01:30:00,0.91346,0.91347,0.9133,0.91339,425,22,0
2024-05-28 02:00:00,0.91338,0.91347,0.91328,0.91332,240,19,0
2024-05-28 02:30:00,0.91334,0.91338,0.91316,0.91318,278,19,0
2024-05-28 03:00:00,0.91318,0.91327,0.91276,0.91286,832,18,0
2024-05-28 03:30:00,0.91286,0.91289,0.91251,0.91285,1131,16,0
2024-05-28 04:00:00,0.91285,0.91291,0.9124,0.91248,721,18,0
2024-05-28 04:30:00,0.91248,0.91248,0.91198,0.91202,731,18,0
2024-05-28 05:00:00,0.91202,0.91216,0.91183,0.91213,832,18,0
2024-05-28 05:30:00,0.91212,0.91219,0.9116,0.91185,688,17,0
2024-05-28 06:00:00,0.91184,0.91206,0.91175,0.91182,756,19,0
2024-05-28 06:30:00,0.91181,0.91188,0.91173,0.91185,484,19,0
2024-05-28 07:00:00,0.91184,0.91201,0.91171,0.91179,521,16,0
2024-05-28 07:30:00,0.91177,0.91198,0.91163,0.91198,542,16,0
2024-05-28 08:00:00,0.912,0.91206,0.91172,0.91189,525,18,0
2024-05-28 08:30:00,0.91189,0.91216,0.91186,0.91216,586,18,0
2024-05-28 09:00:00,0.91216,0.91241,0.91173,0.91188,1041,18,0
2024-05-28 09:30:00,0.91187,0.91225,0.91168,0.91224,900,18,0
2024-05-28 10:00:00,0.91222,0.91224,0.91172,0.91179,1584,17,0
2024-05-28 10:30:00,0.9118,0.91183,0.9111,0.91132,1043,17,0
2024-05-28 11:00:00,0.91132,0.91151,0.91107,0.9111,872,17,0
2024-05-28 11:30:00,0.9111,0.91196,0.91093,0.91194,1053,18,0
2024-05-28 12:00:00,0.91195,0.91207,0.91163,0.91185,908,18,0
2024-05-28 12:30:00,0.91184,0.91187,0.91044,0.91051,878,18,0
2024-05-28 13:00:00,0.9105,0.91078,0.91032,0.91042,803,18,0
2024-05-28 13:30:00,0.91042,0.91076,0.91036,0.91066,797,17,0
2024-05-28 14:00:00,0.91066,0.91067,0.90979,0.91023,1267,16,0
2024-05-28 14:30:00,0.91021,0.91044,0.91013,0.91031,947,18,0
2024-05-28 15:00:00,0.9103,0.91055,0.9097,0.91026,1550,17,0
2024-05-28 15:30:00,0.91026,0.91028,0.90845,0.9099,1872,16,0
2024-05-28 16:00:00,0.9099,0.91012,0.90923,0.90957,1676,18,0
2024-05-28 16:30:00,0.90956,0.91065,0.90956,0.91058,2686,17,0
2024-05-28 17:00:00,0.91058,0.91162,0.91058,0.9112,2307,16,0
2024-05-28 17:30:00,0.91122,0.91147,0.90979,0.91016,1956,17,0
2024-05-28 18:00:00,0.91017,0.91082,0.91017,0.91081,1027,16,0
2024-05-28 18:30:00,0.9108,0.91091,0.91047,0.91051,1208,17,0
2024-05-28 19:00:00,0.91052,0.91111,0.91047,0.9109,865,17,0
2024-05-28 19:30:00,0.9109,0.91104,0.91072,0.91092,600,19,0
2024-05-28 20:00:00,0.91092,0.91149,0.91086,0.91112,1155,16,0
2024-05-28 20:30:00,0.91112,0.91175,0.91105,0.91167,986,19,0
2024-05-28 21:00:00,0.91166,0.91224,0.91166,0.91222,975,17,0
2024-05-28 21:30:00,0.91221,0.9124,0.91207,0.91211,913,18,0
2024-05-28 22:00:00,0.91208,0.91216,0.91188,0.91198,813,17,0
2024-05-28 22:30:00,0.91197,0.91203,0.91182,0.91191,602,17,0
2024-05-28 23:00:00,0.91193,0.9121,0.9119,0.91203,239,21,0
2024-05-28 23:30:00,0.91204,0.91235,0.91203,0.91231,198,23,0
2024-05-29 00:00:00,0.91231,0.91231,0.91144,0.91186,3364,31,0
2024-05-29 00:30:00,0.91185,0.91225,0.91133,0.91171,3851,30,0
2024-05-29 01:00:00,0.91174,0.91234,0.91164,0.91217,242,20,0
2024-05-29 01:30:00,0.9122,0.91238,0.91217,0.9122,187,22,0
2024-05-29 02:00:00,0.91218,0.91235,0.91216,0.91235,150,18,0
2024-05-29 02:30:00,0.91235,0.91235,0.91211,0.91226,138,19,0
2024-05-29 03:00:00,0.91226,0.91262,0.91226,0.91254,459,18,0
2024-05-29 03:30:00,0.91254,0.91263,0.91226,0.91232,552,18,0
2024-05-29 04:00:00,0.91232,0.9124,0.91187,0.91199,977,17,0
2024-05-29 04:30:00,0.912,0.91224,0.91176,0.91193,878,18,0
2024-05-29 05:00:00,0.91193,0.91221,0.91177,0.91195,608,17,0
2024-05-29 05:30:00,0.91196,0.91255,0.91193,0.91251,397,18,0
2024-05-29 06:00:00,0.91252,0.91263,0.91236,0.91243,577,19,0
2024-05-29 06:30:00,0.91246,0.91256,0.91238,0.91247,438,20,0
2024-05-29 07:00:00,0.91248,0.91267,0.91244,0.91252,282,19,0
2024-05-29 07:30:00,0.91249,0.91259,0.91231,0.91242,341,19,0
2024-05-29 08:00:00,0.91241,0.9125,0.9122,0.91244,417,17,0
2024-05-29 08:30:00,0.91243,0.9126,0.91228,0.91255,436,18,0
2024-05-29 09:00:00,0.91258,0.91258,0.91184,0.91212,1229,17,0
2024-05-29 09:30:00,0.91213,0.91236,0.9119,0.91212,1085,17,0
2024-05-29 10:00:00,0.91215,0.91231,0.91165,0.91207,1406,16,0
2024-05-29 10:30:00,0.91208,0.91222,0.91173,0.91183,1258,18,0
2024-05-29 11:00:00,0.91183,0.9131,0.91179,0.91304,1984,16,0
2024-05-29 11:30:00,0.91305,0.91312,0.91258,0.91262,1062,18,0
2024-05-29 12:00:00,0.91259,0.91281,0.91227,0.91253,1160,17,0
2024-05-29 12:30:00,0.91254,0.91268,0.91234,0.91261,975,18,0
2024-05-29 13:00:00,0.91264,0.91309,0.91256,0.91303,1308,17,0
2024-05-29 13:30:00,0.91302,0.91333,0.91291,0.91331,1104,18,0
2024-05-29 14:00:00,0.91329,0.91426,0.91325,0.91366,1237,16,0
2024-05-29 14:30:00,0.91364,0.91375,0.91233,0.91241,1268,16,0
2024-05-29 15:00:00,0.91241,0.91261,0.91144,0.91182,1470,16,0
2024-05-29 15:30:00,0.91182,0.91203,0.9112,0.91159,1377,16,0
2024-05-29 16:00:00,0.91159,0.91238,0.91155,0.91207,1535,16,0
2024-05-29 16:30:00,0.91206,0.91274,0.91195,0.91226,1798,17,0
2024-05-29 17:00:00,0.91225,0.91251,0.91195,0.91214,1597,16,0
2024-05-29 17:30:00,0.91215,0.91323,0.91209,0.91301,2166,16,0
2024-05-29 18:00:00,0.91298,0.91347,0.91248,0.91282,1775,18,0
2024-05-29 18:30:00,0.91283,0.91347,0.91281,0.91343,1162,17,0
2024-05-29 19:00:00,0.91344,0.91398,0.91341,0.9137,1129,16,0
2024-05-29 19:30:00,0.91371,0.91392,0.91335,0.91349,881,18,0
2024-05-29 20:00:00,0.9135,0.91387,0.91316,0.91329,1357,16,0
2024-05-29 20:30:00,0.91329,0.9136,0.91322,0.91347,754,19,0
2024-05-29 21:00:00,0.91347,0.91366,0.91327,0.9135,414,18,0
2024-05-29 21:30:00,0.91352,0.91386,0.91351,0.91361,829,19,0
2024-05-29 22:00:00,0.9136,0.91373,0.91325,0.91341,733,16,0
2024-05-29 22:30:00,0.91341,0.91364,0.9134,0.91345,685,17,0
2024-05-29 23:00:00,0.91342,0.91344,0.91317,0.91323,385,18,0
2024-05-29 23:30:00,0.91321,0.91323,0.913,0.91303,614,24,0
2024-05-30 00:00:00,0.91296,0.91318,0.91247,0.91318,145,41,0
2024-05-30 00:30:00,0.9129,0.91298,0.91278,0.91296,384,31,0
2024-05-30 01:00:00,0.913,0.9131,0.91279,0.91304,346,20,0
2024-05-30 01:30:00,0.91303,0.91315,0.91294,0.9131,206,18,0
2024-05-30 02:00:00,0.91307,0.91321,0.91285,0.91304,363,18,0
2024-05-30 02:30:00,0.91304,0.91317,0.91299,0.91313,283,20,0
2024-05-30 03:00:00,0.91314,0.91348,0.91313,0.91318,808,19,0
2024-05-30 03:30:00,0.91318,0.91358,0.91311,0.91342,738,19,0
2024-05-30 04:00:00,0.91341,0.91352,0.91305,0.91326,770,18,0
2024-05-30 04:30:00,0.91328,0.91397,0.91324,0.91389,427,18,0
2024-05-30 05:00:00,0.9139,0.91401,0.91364,0.91371,327,18,0
2024-05-30 05:30:00,0.9137,0.9139,0.91336,0.91341,442,16,0
2024-05-30 06:00:00,0.91342,0.91363,0.91303,0.91311,547,18,0
2024-05-30 06:30:00,0.91311,0.91343,0.91308,0.91326,545,19,0
2024-05-30 07:00:00,0.91326,0.91335,0.91306,0.91315,532,19,0
2024-05-30 07:30:00,0.91317,0.91321,0.91261,0.91286,567,19,0
2024-05-30 08:00:00,0.91287,0.91302,0.91238,0.91262,762,17,0
2024-05-30 08:30:00,0.91262,0.91271,0.91185,0.91222,1298,17,0
2024-05-30 09:00:00,0.91225,0.9125,0.91182,0.91203,1408,16,0
2024-05-30 09:30:00,0.91204,0.91207,0.91084,0.91084,1445,17,0
2024-05-30 10:00:00,0.91089,0.91108,0.91001,0.91025,2078,17,0
2024-05-30 10:30:00,0.91026,0.91104,0.90977,0.90985,1843,17,0
2024-05-30 11:00:00,0.90985,0.91046,0.9093,0.90932,1755,17,0
2024-05-30 11:30:00,0.90931,0.90931,0.9069,0.90697,2100,16,0
2024-05-30 12:00:00,0.90696,0.90737,0.90621,0.90684,1735,16,0
2024-05-30 12:30:00,0.90684,0.90764,0.90669,0.90678,1379,16,0
2024-05-30 13:00:00,0.90677,0.90727,0.906,0.90621,1324,16,0
2024-05-30 13:30:00,0.90623,0.90666,0.90587,0.90657,1358,16,0
2024-05-30 14:00:00,0.90656,0.90746,0.90654,0.90723,1252,17,0
2024-05-30 14:30:00,0.9072,0.90737,0.90687,0.90713,1227,18,0
2024-05-30 15:00:00,0.90715,0.90719,0.90587,0.90598,1336,16,0
2024-05-30 15:30:00,0.90593,0.90602,0.90471,0.90489,2543,17,0
2024-05-30 16:00:00,0.9049,0.90524,0.90453,0.90506,2499,16,0
2024-05-30 16:30:00,0.9051,0.90558,0.90482,0.90513,1786,16,0
2024-05-30 17:00:00,0.90503,0.90516,0.90408,0.9045,2150,16,0
2024-05-30 17:30:00,0.90453,0.90462,0.90305,0.90367,2105,16,0
2024-05-30 18:00:00,0.90367,0.9041,0.90339,0.90368,1272,16,0
2024-05-30 18:30:00,0.90369,0.90413,0.90326,0.90354,1190,18,0
2024-05-30 19:00:00,0.90354,0.9038,0.90342,0.90366,765,17,0
2024-05-30 19:30:00,0.90366,0.90398,0.90361,0.9038,516,17,0
2024-05-30 20:00:00,0.90381,0.90381,0.90306,0.90327,446,18,0
2024-05-30 20:30:00,0.90328,0.90342,0.903,0.9034,832,18,0
2024-05-30 21:00:00,0.90342,0.90389,0.90339,0.90363,470,17,0
2024-05-30 21:30:00,0.90363,0.90367,0.90343,0.9035,518,18,0
2024-05-30 22:00:00,0.90352,0.90363,0.90334,0.9034,549,18,0
2024-05-30 22:30:00,0.90341,0.90365,0.90323,0.90336,885,18,0
2024-05-30 23:00:00,0.90337,0.90344,0.90316,0.90318,350,19,0
2024-05-30 23:30:00,0.90318,0.90326,0.90305,0.9032,203,22,0
2024-05-31 00:00:00,0.9032,0.9032,0.90299,0.90304,85,34,0
2024-05-31 00:30:00,0.90304,0.90315,0.90298,0.90302,67,38,0
2024-05-31 01:00:00,0.90302,0.90326,0.90297,0.9031,462,19,0
2024-05-31 01:30:00,0.90311,0.90322,0.90298,0.90317,163,20,0
2024-05-31 02:00:00,0.90319,0.90323,0.90311,0.90317,524,18,0
2024-05-31 02:30:00,0.90316,0.90338,0.90316,0.90328,414,18,0
2024-05-31 03:00:00,0.90328,0.90354,0.90311,0.90344,578,18,0
2024-05-31 03:30:00,0.90344,0.90344,0.90232,0.90275,693,17,0
2024-05-31 04:00:00,0.90275,0.90297,0.90249,0.90267,906,18,0
2024-05-31 04:30:00,0.90268,0.90317,0.90267,0.90313,1025,18,0
2024-05-31 05:00:00,0.90315,0.90316,0.90275,0.90297,735,19,0
2024-05-31 05:30:00,0.90297,0.90403,0.90296,0.90393,713,18,0
2024-05-31 06:00:00,0.90394,0.90396,0.90353,0.90369,865,18,0
2024-05-31 06:30:00,0.9037,0.90399,0.90363,0.90374,748,17,0
2024-05-31 07:00:00,0.90375,0.90418,0.90372,0.90416,567,19,0
2024-05-31 07:30:00,0.90417,0.90419,0.90382,0.90389,664,18,0
2024-05-31 08:00:00,0.90391,0.90429,0.9038,0.90423,763,19,0
2024-05-31 08:30:00,0.90422,0.90474,0.90408,0.90472,582,16,0
2024-05-31 09:00:00,0.90466,0.90563,0.90452,0.90532,1465,18,0
2024-05-31 09:30:00,0.90532,0.90547,0.90436,0.90441,1398,17,0
2024-05-31 10:00:00,0.9044,0.90513,0.90439,0.90478,1762,17,0
2024-05-31 10:30:00,0.90478,0.90509,0.90459,0.90466,1172,16,0
2024-05-31 11:00:00,0.90466,0.90562,0.90449,0.90562,1213,16,0
2024-05-31 11:30:00,0.90565,0.90591,0.90543,0.90591,1345,16,0
2024-05-31 12:00:00,0.90595,0.90645,0.90564,0.90635,1269,16,0
2024-05-31 12:30:00,0.90635,0.90682,0.90584,0.90609,1349,17,0
2024-05-31 13:00:00,0.90607,0.9063,0.90585,0.90617,1456,17,0
2024-05-31 13:30:00,0.90618,0.90658,0.90582,0.90604,893,17,0
2024-05-31 14:00:00,0.90605,0.90612,0.90493,0.90504,957,17,0
2024-05-31 14:30:00,0.90502,0.90528,0.90479,0.90497,1143,17,0
2024-05-31 15:00:00,0.90498,0.90528,0.90443,0.90507,1228,18,0
2024-05-31 15:30:00,0.90508,0.90536,0.90277,0.9031,3691,16,0
2024-05-31 16:00:00,0.90308,0.90336,0.90278,0.90304,1977,16,0
2024-05-31 16:30:00,0.90305,0.9034,0.90194,0.90217,2082,16,0
2024-05-31 17:00:00,0.90214,0.90214,0.90015,0.90105,2263,16,0
2024-05-31 17:30:00,0.90105,0.90291,0.90102,0.90213,3083,16,0
2024-05-31 18:00:00,0.90212,0.90385,0.90191,0.90342,2569,16,0
2024-05-31 18:30:00,0.90341,0.90357,0.90281,0.90332,1442,18,0
2024-05-31 19:00:00,0.90332,0.904,0.90332,0.9037,1038,18,0
2024-05-31 19:30:00,0.90372,0.90372,0.903,0.90318,1040,18,0
2024-05-31 20:00:00,0.90321,0.90335,0.90295,0.9033,711,19,0
2024-05-31 20:30:00,0.90327,0.90327,0.90286,0.90286,744,19,0
2024-05-31 21:00:00,0.90287,0.90316,0.90267,0.90276,630,19,0
2024-05-31 21:30:00,0.90276,0.90292,0.90267,0.90277,937,18,0
2024-05-31 22:00:00,0.90277,0.90293,0.90259,0.90293,801,19,0
2024-05-31 22:30:00,0.90294,0.90308,0.90208,0.9021,946,20,0
2024-05-31 23:00:00,0.90214,0.90245,0.902,0.90229,875,19,0
2024-05-31 23:30:00,0.90228,0.90246,0.90172,0.90173,862,23,0
2024-06-03 00:00:00,0.90427,0.90427,0.90183,0.90208,624,120,0
2024-06-03 00:30:00,0.90206,0.90245,0.90172,0.90218,374,99,0
2024-06-03 01:00:00,0.90201,0.90234,0.90172,0.90187,589,22,0
2024-06-03 01:30:00,0.90187,0.902,0.9017,0.90191,435,21,0
2024-06-03 02:00:00,0.9019,0.90193,0.90155,0.90155,348,21,0
2024-06-03 02:30:00,0.90158,0.90158,0.90125,0.90126,349,20,0
2024-06-03 03:00:00,0.90126,0.90167,0.90113,0.90118,620,20,0
2024-06-03 03:30:00,0.9012,0.9014,0.90069,0.90093,727,20,0
2024-06-03 04:00:00,0.9009,0.90103,0.90052,0.90062,807,16,0
2024-06-03 04:30:00,0.90061,0.90068,0.90042,0.90054,510,18,0
2024-06-03 05:00:00,0.90054,0.90109,0.90045,0.90098,435,18,0
2024-06-03 05:30:00,0.90098,0.90135,0.9009,0.90126,306,19,0
2024-06-03 06:00:00,0.90126,0.90132,0.90117,0.90129,520,18,0
2024-06-03 06:30:00,0.9013,0.90156,0.9012,0.90151,735,18,0
2024-06-03 07:00:00,0.9015,0.90151,0.90124,0.90131,646,17,0
2024-06-03 07:30:00,0.9013,0.90136,0.90116,0.90131,730,18,0
2024-06-03 08:00:00,0.90133,0.90141,0.90118,0.90133,1024,17,0
2024-06-03 08:30:00,0.90133,0.90148,0.90118,0.90145,630,16,0
2024-06-03 09:00:00,0.90146,0.90206,0.90087,0.902,1225,19,0
2024-06-03 09:30:00,0.90201,0.90234,0.9017,0.90228,1149,16,0
2024-06-03 10:00:00,0.90229,0.90303,0.90224,0.90285,1295,17,0
2024-06-03 10:30:00,0.90282,0.90295,0.90225,0.9025,1111,17,0
2024-06-03 11:00:00,0.90251,0.90291,0.90208,0.90277,1606,16,0
2024-06-03 11:30:00,0.90278,0.90279,0.9023,0.90262,1333,17,0
2024-06-03 12:00:00,0.90263,0.90348,0.9026,0.90281,1142,17,0
2024-06-03 12:30:00,0.90281,0.90294,0.90183,0.90193,1027,16,0
2024-06-03 13:00:00,0.90193,0.90202,0.90101,0.90127,1136,16,0
2024-06-03 13:30:00,0.90128,0.90156,0.90075,0.90077,1487,17,0
2024-06-03 14:00:00,0.90078,0.90124,0.90054,0.90088,1348,17,0
2024-06-03 14:30:00,0.90087,0.9019,0.90067,0.90181,1210,18,0
2024-06-03 15:00:00,0.90177,0.90188,0.9006,0.9006,1569,18,0
2024-06-03 15:30:00,0.9006,0.9011,0.90032,0.90102,1441,17,0
2024-06-03 16:00:00,0.90101,0.90119,0.90041,0.90045,1546,16,0
2024-06-03 16:30:00,0.90044,0.90118,0.89949,0.89949,1928,16,0
2024-06-03 17:00:00,0.89922,0.89922,0.89755,0.89826,3673,16,0
2024-06-03 17:30:00,0.89825,0.89831,0.89625,0.89679,3347,16,0
2024-06-03 18:00:00,0.8968,0.89687,0.89569,0.89575,1874,16,0
2024-06-03 18:30:00,0.89575,0.89594,0.89495,0.89533,1215,16,0
2024-06-03 19:00:00,0.89533,0.89562,0.89496,0.89542,1058,16,0
2024-06-03 19:30:00,0.89543,0.89563,0.89534,0.89545,876,16,0
2024-06-03 20:00:00,0.89547,0.89561,0.89504,0.89515,1232,18,0
2024-06-03 20:30:00,0.89515,0.89533,0.8951,0.8952,888,17,0
2024-06-03 21:00:00,0.8952,0.89545,0.89506,0.89534,787,17,0
2024-06-03 21:30:00,0.89533,0.89559,0.89529,0.89551,822,17,0
2024-06-03 22:00:00,0.89551,0.89608,0.8955,0.89608,673,16,0
2024-06-03 22:30:00,0.89607,0.89632,0.89591,0.89596,480,18,0
2024-06-03 23:00:00,0.89597,0.89599,0.89571,0.89584,254,19,0
2024-06-03 23:30:00,0.89582,0.89582,0.89504,0.89504,309,24,0
2024-06-04 00:00:00,0.89504,0.89575,0.8949,0.89532,230,44,0
2024-06-04 00:30:00,0.89533,0.89573,0.89524,0.89556,840,44,0
2024-06-04 01:00:00,0.89558,0.89558,0.89512,0.89534,360,19,0
2024-06-04 01:30:00,0.89533,0.89539,0.89518,0.89523,216,23,0
2024-06-04 02:00:00,0.89524,0.8953,0.89513,0.89517,239,19,0
2024-06-04 02:30:00,0.89519,0.89523,0.89489,0.89498,248,20,0
2024-06-04 03:00:00,0.89499,0.89499,0.89459,0.89461,675,18,0
2024-06-04 03:30:00,0.8946,0.89515,0.89457,0.89513,503,18,0
2024-06-04 04:00:00,0.89515,0.89557,0.89514,0.89547,775,17,0
2024-06-04 04:30:00,0.89546,0.89587,0.89541,0.89581,668,18,0
2024-06-04 05:00:00,0.89581,0.89597,0.89557,0.89585,499,18,0
2024-06-04 05:30:00,0.89584,0.89584,0.89564,0.89578,436,16,0
2024-06-04 06:00:00,0.89577,0.89578,0.89558,0.89571,428,19,0
2024-06-04 06:30:00,0.89572,0.89574,0.89562,0.89572,278,19,0
2024-06-04 07:00:00,0.89573,0.8958,0.89561,0.89564,202,18,0
2024-06-04 07:30:00,0.89563,0.89575,0.89546,0.89558,295,18,0
2024-06-04 08:00:00,0.89558,0.89559,0.89518,0.89527,333,18,0
2024-06-04 08:30:00,0.89526,0.89561,0.89489,0.8954,522,17,0
2024-06-04 09:00:00,0.89539,0.8954,0.89374,0.89374,1528,18,0
2024-06-04 09:30:00,0.89369,0.89719,0.89369,0.89622,2248,16,0
2024-06-04 10:00:00,0.89623,0.89623,0.89484,0.89485,2284,17,0
2024-06-04 10:30:00,0.89485,0.89543,0.89365,0.89367,1887,16,0
2024-06-04 11:00:00,0.89368,0.89479,0.89324,0.89471,2391,16,0
2024-06-04 11:30:00,0.8947,0.89508,0.89437,0.89503,2082,16,0
2024-06-04 12:00:00,0.89503,0.89587,0.89472,0.89472,2159,18,0
2024-06-04 12:30:00,0.89472,0.89477,0.89365,0.89424,1873,18,0
2024-06-04 13:00:00,0.89423,0.89435,0.89322,0.89328,2036,17,0
2024-06-04 13:30:00,0.89329,0.89329,0.89248,0.89306,1505,16,0
2024-06-04 14:00:00,0.89305,0.89371,0.89295,0.89357,1727,16,0
2024-06-04 14:30:00,0.89354,0.89419,0.89327,0.89332,1209,17,0
2024-06-04 15:00:00,0.89332,0.89333,0.89213,0.89294,1684,17,0
2024-06-04 15:30:00,0.8929,0.89368,0.89245,0.89326,1561,16,0
2024-06-04 16:00:00,0.89325,0.89367,0.89261,0.89288,1770,17,0
2024-06-04 16:30:00,0.89288,0.89298,0.89112,0.89112,2048,16,0
2024-06-04 17:00:00,0.89113,0.89252,0.88985,0.89191,4242,16,0
2024-06-04 17:30:00,0.89193,0.89219,0.89005,0.89029,2206,16,0
2024-06-04 18:00:00,0.89028,0.89077,0.88944,0.88957,1849,16,0
2024-06-04 18:30:00,0.88958,0.89055,0.88938,0.89026,1663,16,0
2024-06-04 19:00:00,0.89026,0.89028,0.88921,0.88926,1252,18,0
2024-06-04 19:30:00,0.88924,0.88949,0.88901,0.88922,1160,17,0
2024-06-04 20:00:00,0.8892,0.88932,0.88876,0.88878,953,19,0
2024-06-04 20:30:00,0.88877,0.88929,0.88835,0.88913,897,16,0
2024-06-04 21:00:00,0.88912,0.88933,0.88878,0.88895,984,17,0
2024-06-04 21:30:00,0.88895,0.88949,0.88885,0.88938,1056,19,0
2024-06-04 22:00:00,0.88939,0.88998,0.88931,0.88991,1039,16,0
2024-06-04 22:30:00,0.88992,0.89008,0.8897,0.88975,1001,17,0
2024-06-04 23:00:00,0.88974,0.8901,0.88965,0.8901,338,20,0
2024-06-04 23:30:00,0.89009,0.89012,0.88995,0.89008,341,24,0
2024-06-05 00:00:00,0.89009,0.89009,0.8896,0.88965,108,32,0
2024-06-05 00:30:00,0.88965,0.89005,0.88957,0.88974,602,45,0
2024-06-05 01:00:00,0.88974,0.89005,0.88958,0.88965,272,20,0
2024-06-05 01:30:00,0.88972,0.88988,0.88964,0.88981,401,18,0
2024-06-05 02:00:00,0.88981,0.89,0.88973,0.88994,223,20,0
2024-06-05 02:30:00,0.88993,0.89011,0.88985,0.88994,293,20,0
2024-06-05 03:00:00,0.88994,0.89068,0.88994,0.89041,708,19,0
2024-06-05 03:30:00,0.89042,0.89049,0.88997,0.8904,689,20,0
2024-06-05 04:00:00,0.89038,0.89042,0.89011,0.89024,673,19,0
2024-06-05 04:30:00,0.89024,0.89057,0.89019,0.89046,674,19,0
2024-06-05 05:00:00,0.89046,0.89072,0.89041,0.89057,550,19,0
2024-06-05 05:30:00,0.89058,0.89067,0.89051,0.89056,308,18,0
2024-06-05 06:00:00,0.89056,0.89077,0.89054,0.89077,692,18,0
2024-06-05 06:30:00,0.89077,0.8909,0.89067,0.89085,789,18,0
2024-06-05 07:00:00,0.89086,0.89097,0.89069,0.89084,427,18,0
2024-06-05 07:30:00,0.89084,0.89098,0.89076,0.89087,370,19,0
2024-06-05 08:00:00,0.89088,0.89101,0.89077,0.89098,370,19,0
2024-06-05 08:30:00,0.89096,0.89164,0.89095,0.89142,679,18,0
2024-06-05 09:00:00,0.89142,0.89169,0.89106,0.89169,992,18,0
2024-06-05 09:30:00,0.8917,0.89203,0.89142,0.892,920,16,0
2024-06-05 10:00:00,0.89202,0.8921,0.89128,0.89194,1256,16,0
2024-06-05 10:30:00,0.89199,0.89305,0.89196,0.89281,1532,17,0
2024-06-05 11:00:00,0.89281,0.89282,0.892,0.89221,1015,17,0
2024-06-05 11:30:00,0.89221,0.89269,0.89211,0.89211,1026,16,0
2024-06-05 12:00:00,0.8921,0.89286,0.89209,0.89259,1088,17,0
2024-06-05 12:30:00,0.8926,0.89275,0.89207,0.89213,1094,17,0
2024-06-05 13:00:00,0.89212,0.89263,0.89203,0.89257,966,17,0
2024-06-05 13:30:00,0.89257,0.8926,0.892,0.89233,828,17,0
2024-06-05 14:00:00,0.89233,0.89253,0.89225,0.89253,1017,17,0
2024-06-05 14:30:00,0.89257,0.89264,0.892,0.89235,708,17,0
2024-06-05 15:00:00,0.89234,0.89263,0.89149,0.89232,1791,18,0
2024-06-05 15:30:00,0.89234,0.89261,0.89182,0.89187,1437,16,0
2024-06-05 16:00:00,0.89187,0.89228,0.89166,0.89201,1523,17,0
2024-06-05 16:30:00,0.89202,0.89367,0.8912,0.89367,2897,17,0
2024-06-05 17:00:00,0.89373,0.89438,0.8921,0.89386,4204,16,0
2024-06-05 17:30:00,0.89387,0.89479,0.89308,0.89455,2674,16,0
2024-06-05 18:00:00,0.89455,0.89455,0.8939,0.89421,1505,17,0
2024-06-05 18:30:00,0.89422,0.89444,0.89335,0.89395,1485,18,0
2024-06-05 19:00:00,0.89396,0.89449,0.89391,0.89393,1113,16,0
2024-06-05 19:30:00,0.89394,0.89404,0.89352,0.89375,1012,16,0
2024-06-05 20:00:00,0.89374,0.89425,0.89364,0.89413,901,16,0
2024-06-05 20:30:00,0.89413,0.89418,0.89336,0.89346,466,18,0
2024-06-05 21:00:00,0.89347,0.89369,0.89333,0.89333,589,18,0
2024-06-05 21:30:00,0.89335,0.89336,0.89292,0.89311,840,18,0
2024-06-05 22:00:00,0.89315,0.89335,0.89308,0.89328,537,18,0
2024-06-05 22:30:00,0.89329,0.89329,0.8931,0.89316,501,19,0
2024-06-05 23:00:00,0.89317,0.89345,0.8931,0.89341,219,21,0
2024-06-05 23:30:00,0.89344,0.89345,0.89321,0.89339,324,24,0
2024-06-06 00:00:00,0.89338,0.89338,0.89296,0.89321,191,30,0
2024-06-06 00:30:00,0.89322,0.89335,0.89303,0.89319,548,58,0
2024-06-06 01:00:00,0.89319,0.89348,0.89287,0.89302,305,18,0
2024-06-06 01:30:00,0.89303,0.89303,0.89267,0.89275,215,20,0
2024-06-06 02:00:00,0.89276,0.8928,0.89261,0.89278,608,20,0
2024-06-06 02:30:00,0.89279,0.8928,0.89243,0.89255,294,21,0
2024-06-06 03:00:00,0.89255,0.89256,0.89201,0.8921,611,20,0
2024-06-06 03:30:00,0.8921,0.89215,0.89131,0.89135,642,18,0
2024-06-06 04:00:00,0.89132,0.89135,0.89035,0.89045,834,17,0
2024-06-06 04:30:00,0.89047,0.89115,0.89027,0.89093,821,18,0
2024-06-06 05:00:00,0.89092,0.89108,0.89083,0.89092,418,19,0
2024-06-06 05:30:00,0.89093,0.89093,0.89054,0.89072,550,20,0
2024-06-06 06:00:00,0.89073,0.89082,0.89051,0.89053,466,19,0
2024-06-06 06:30:00,0.89053,0.89082,0.89053,0.89054,318,19,0
2024-06-06 07:00:00,0.89049,0.89091,0.89039,0.89088,379,19,0
2024-06-06 07:30:00,0.89088,0.89127,0.89084,0.89102,434,18,0
2024-06-06 08:00:00,0.89102,0.89116,0.89073,0.8911,363,19,0
2024-06-06 08:30:00,0.89111,0.89153,0.89111,0.8912,429,19,0
2024-06-06 09:00:00,0.89116,0.89172,0.89113,0.89165,885,16,0
2024-06-06 09:30:00,0.89167,0.89192,0.89151,0.89158,1050,17,0
2024-06-06 10:00:00,0.89156,0.8921,0.89137,0.8919,1379,18,0
2024-06-06 10:30:00,0.89191,0.89239,0.89157,0.89208,951,17,0
2024-06-06 11:00:00,0.89209,0.89276,0.89204,0.89276,1204,17,0
2024-06-06 11:30:00,0.89276,0.89299,0.89191,0.89193,972,16,0
2024-06-06 12:00:00,0.89196,0.89196,0.89152,0.89163,1011,16,0
2024-06-06 12:30:00,0.89162,0.89203,0.89143,0.89156,715,17,0
2024-06-06 13:00:00,0.89157,0.89157,0.89076,0.89092,827,16,0
2024-06-06 13:30:00,0.8909,0.89123,0.89082,0.89112,650,18,0
2024-06-06 14:00:00,0.89111,0.89126,0.89096,0.89118,892,18,0
2024-06-06 14:30:00,0.89118,0.89162,0.8909,0.89135,1037,19,0
2024-06-06 15:00:00,0.89133,0.8915,0.89051,0.89055,2371,16,0
2024-06-06 15:30:00,0.8905,0.89186,0.89005,0.89166,2941,17,0
2024-06-06 16:00:00,0.89166,0.89248,0.89152,0.89152,2908,16,0
2024-06-06 16:30:00,0.89151,0.89181,0.89117,0.89141,2141,16,0
2024-06-06 17:00:00,0.89142,0.89287,0.89106,0.89262,1738,16,0
2024-06-06 17:30:00,0.89263,0.89271,0.89172,0.89209,1570,16,0
2024-06-06 18:00:00,0.89208,0.89238,0.89174,0.89193,1002,16,0
2024-06-06 18:30:00,0.89193,0.89226,0.8915,0.89164,959,17,0
2024-06-06 19:00:00,0.89165,0.89187,0.89117,0.89117,585,18,0
2024-06-06 19:30:00,0.89115,0.89168,0.89114,0.89146,495,17,0
2024-06-06 20:00:00,0.89146,0.89181,0.89133,0.89146,468,18,0
2024-06-06 20:30:00,0.89146,0.89147,0.89103,0.89103,638,17,0
2024-06-06 21:00:00,0.89104,0.89121,0.89089,0.89098,547,17,0
2024-06-06 21:30:00,0.89098,0.89098,0.89036,0.89052,492,17,0
2024-06-06 22:00:00,0.89052,0.89056,0.89017,0.89023,537,16,0
2024-06-06 22:30:00,0.89024,0.89028,0.88952,0.88985,713,17,0
2024-06-06 23:00:00,0.88984,0.88987,0.88936,0.88945,305,20,0
2024-06-06 23:30:00,0.88945,0.88958,0.88912,0.88918,538,22,0
2024-06-07 00:00:00,0.88887,0.88927,0.88883,0.88915,89,37,0
2024-06-07 00:30:00,0.88916,0.88935,0.88897,0.88907,507,29,0
2024-06-07 01:00:00,0.88907,0.88956,0.88896,0.88931,615,20,0
2024-06-07 01:30:00,0.88932,0.88948,0.88926,0.88943,518,20,0
2024-06-07 02:00:00,0.88943,0.88962,0.8893,0.88962,419,17,0
2024-06-07 02:30:00,0.88962,0.88983,0.88951,0.88962,378,18,0
2024-06-07 03:00:00,0.88963,0.89027,0.88961,0.89026,567,18,0
2024-06-07 03:30:00,0.89026,0.89032,0.88988,0.89013,559,17,0
2024-06-07 04:00:00,0.89012,0.89054,0.89001,0.89037,609,19,0
2024-06-07 04:30:00,0.89037,0.89043,0.89008,0.89014,729,19,0
2024-06-07 05:00:00,0.89014,0.89055,0.89013,0.89019,486,19,0
2024-06-07 05:30:00,0.8902,0.89029,0.89007,0.89011,584,20,0
2024-06-07 06:00:00,0.89011,0.89021,0.88995,0.89011,464,20,0
2024-06-07 06:30:00,0.89011,0.89023,0.88993,0.89022,299,19,0
2024-06-07 07:00:00,0.89022,0.89023,0.88971,0.88973,271,18,0
2024-06-07 07:30:00,0.88972,0.88988,0.88948,0.88973,370,18,0
2024-06-07 08:00:00,0.88974,0.88987,0.88961,0.88978,676,16,0
2024-06-07 08:30:00,0.88979,0.89013,0.88979,0.88995,510,19,0
2024-06-07 09:00:00,0.8899,0.89003,0.88889,0.88895,1010,18,0
2024-06-07 09:30:00,0.88896,0.8895,0.88884,0.88889,1010,18,0
2024-06-07 10:00:00,0.88889,0.88897,0.88803,0.88867,1286,16,0
2024-06-07 10:30:00,0.88868,0.88957,0.88855,0.88951,1019,16,0
2024-06-07 11:00:00,0.88951,0.88999,0.88921,0.88941,1416,18,0
2024-06-07 11:30:00,0.88943,0.88972,0.88918,0.88928,1267,17,0
2024-06-07 12:00:00,0.88928,0.88958,0.88888,0.88898,1159,17,0
2024-06-07 12:30:00,0.88897,0.8894,0.88877,0.88935,1010,17,0
2024-06-07 13:00:00,0.88938,0.88967,0.8893,0.88955,797,18,0
2024-06-07 13:30:00,0.88957,0.88972,0.88935,0.88967,733,19,0
2024-06-07 14:00:00,0.88964,0.88975,0.88934,0.88971,968,16,0
2024-06-07 14:30:00,0.8897,0.88975,0.88931,0.88952,1310,18,0
2024-06-07 15:00:00,0.88953,0.8902,0.88915,0.88929,1906,18,0
2024-06-07 15:30:00,0.88928,0.89576,0.88896,0.89524,5856,16,0
2024-06-07 16:00:00,0.89524,0.89633,0.89506,0.89563,3482,16,0
2024-06-07 16:30:00,0.89566,0.89676,0.89556,0.89638,2699,16,0
2024-06-07 17:00:00,0.8964,0.89702,0.89597,0.89686,2816,17,0
2024-06-07 17:30:00,0.89685,0.89719,0.89602,0.8965,2400,16,0
2024-06-07 18:00:00,0.8965,0.89672,0.89607,0.8961,1731,17,0
2024-06-07 18:30:00,0.8961,0.89658,0.89583,0.89588,1559,18,0
2024-06-07 19:00:00,0.89589,0.89626,0.89535,0.89584,1260,17,0
2024-06-07 19:30:00,0.89583,0.89633,0.89571,0.89604,1071,17,0
2024-06-07 20:00:00,0.89604,0.89643,0.89604,0.89624,734,16,0
2024-06-07 20:30:00,0.89623,0.89641,0.89607,0.89623,614,17,0
2024-06-07 21:00:00,0.89622,0.89642,0.89601,0.89633,629,19,0
2024-06-07 21:30:00,0.89632,0.89642,0.89607,0.89619,527,18,0
2024-06-07 22:00:00,0.89619,0.89662,0.89612,0.89653,528,17,0
2024-06-07 22:30:00,0.89654,0.89665,0.8962,0.8966,640,16,0
2024-06-07 23:00:00,0.89661,0.89668,0.89623,0.89628,825,20,0
2024-06-07 23:30:00,0.89627,0.8966,0.89603,0.89613,579,24,0
2024-06-10 00:00:00,0.89717,0.89726,0.89609,0.89645,264,120,0
2024-06-10 00:30:00,0.89624,0.897,0.89583,0.89692,1344,100,0
2024-06-10 01:00:00,0.89684,0.89757,0.8964,0.89652,728,16,0
2024-06-10 01:30:00,0.89652,0.89688,0.89619,0.89624,898,18,0
2024-06-10 02:00:00,0.89625,0.89645,0.89611,0.89627,719,19,0
2024-06-10 02:30:00,0.8963,0.89644,0.89604,0.89605,367,19,0
2024-06-10 03:00:00,0.89602,0.89643,0.89568,0.89629,729,20,0
2024-06-10 03:30:00,0.89629,0.89678,0.89619,0.8966,952,17,0
2024-06-10 04:00:00,0.89663,0.89697,0.8964,0.89692,838,19,0
2024-06-10 04:30:00,0.89692,0.89696,0.8965,0.89669,649,18,0
2024-06-10 05:00:00,0.89669,0.89693,0.89663,0.89691,314,20,0
2024-06-10 05:30:00,0.89691,0.89746,0.8969,0.89738,650,19,0
2024-06-10 06:00:00,0.89738,0.89784,0.89738,0.89762,1140,18,0
2024-06-10 06:30:00,0.89763,0.89775,0.89746,0.89749,565,16,0
2024-06-10 07:00:00,0.89748,0.89758,0.89692,0.89703,400,19,0
2024-06-10 07:30:00,0.89702,0.89742,0.89684,0.89733,1138,16,0
2024-06-10 08:00:00,0.89732,0.89732,0.89701,0.89704,833,18,0
2024-06-10 08:30:00,0.89704,0.89722,0.897,0.89703,1088,18,0
2024-06-10 09:00:00,0.89704,0.89715,0.89675,0.89698,766,19,0
2024-06-10 09:30:00,0.89698,0.89817,0.89695,0.89798,713,18,0
2024-06-10 10:00:00,0.89796,0.8982,0.897,0.89815,1008,17,0
2024-06-10 10:30:00,0.89814,0.89821,0.89707,0.89715,1897,17,0
2024-06-10 11:00:00,0.89712,0.89712,0.89653,0.89682,1570,17,0
2024-06-10 11:30:00,0.89683,0.89709,0.89665,0.89683,1190,19,0
2024-06-10 12:00:00,0.89684,0.89699,0.89628,0.89634,1111,18,0
2024-06-10 12:30:00,0.89634,0.897,0.89625,0.89674,1566,16,0
2024-06-10 13:00:00,0.89677,0.89687,0.89613,0.89676,1477,17,0
2024-06-10 13:30:00,0.89675,0.89693,0.89639,0.89644,1152,17,0
2024-06-10 14:00:00,0.89643,0.89682,0.89624,0.89663,1253,17,0
2024-06-10 14:30:00,0.89663,0.89683,0.89576,0.89593,1510,18,0
2024-06-10 15:00:00,0.8959,0.89609,0.89534,0.89603,2073,17,0
2024-06-10 15:30:00,0.89604,0.89673,0.89592,0.89673,1362,19,0
2024-06-10 16:00:00,0.89673,0.89682,0.89592,0.89646,1508,16,0
2024-06-10 16:30:00,0.89646,0.89687,0.89634,0.89666,2271,16,0
2024-06-10 17:00:00,0.89665,0.89707,0.89658,0.89681,1644,17,0
2024-06-10 17:30:00,0.89682,0.89743,0.89671,0.89703,2151,17,0
2024-06-10 18:00:00,0.89704,0.89739,0.89697,0.89725,1109,18,0
2024-06-10 18:30:00,0.89724,0.89732,0.89659,0.89667,831,17,0
2024-06-10 19:00:00,0.89668,0.89691,0.89616,0.89637,1203,17,0
2024-06-10 19:30:00,0.89636,0.89687,0.89635,0.89668,801,16,0
2024-06-10 20:00:00,0.89665,0.89681,0.89616,0.8962,981,16,0
2024-06-10 20:30:00,0.89619,0.89637,0.89611,0.89625,613,20,0
2024-06-10 21:00:00,0.89626,0.89636,0.89608,0.89629,1021,16,0
2024-06-10 21:30:00,0.89629,0.89648,0.89612,0.89646,604,19,0
2024-06-10 22:00:00,0.89645,0.89657,0.89639,0.89644,592,18,0
2024-06-10 22:30:00,0.89648,0.89663,0.89641,0.89657,385,20,0
2024-06-10 23:00:00,0.89656,0.89658,0.89635,0.8964,336,22,0
2024-06-10 23:30:00,0.8964,0.89646,0.89543,0.89543,293,25,0
2024-06-11 00:00:00,0.89554,0.89613,0.89551,0.89599,255,60,0
2024-06-11 00:30:00,0.89597,0.89622,0.89528,0.8955,1021,38,0
2024-06-11 01:00:00,0.89569,0.89639,0.89569,0.89633,304,21,0
2024-06-11 01:30:00,0.89634,0.89649,0.89633,0.89647,235,19,0
2024-06-11 02:00:00,0.8965,0.89656,0.89633,0.89656,377,20,0
2024-06-11 02:30:00,0.89655,0.8966,0.89647,0.89648,267,19,0
2024-06-11 03:00:00,0.89649,0.89695,0.89644,0.89692,549,19,0
2024-06-11 03:30:00,0.89692,0.89699,0.8968,0.89686,504,19,0
2024-06-11 04:00:00,0.89686,0.89698,0.89663,0.89672,672,20,0
2024-06-11 04:30:00,0.89672,0.89684,0.89645,0.89663,737,20,0
2024-06-11 05:00:00,0.89664,0.89677,0.89653,0.89661,426,20,0
2024-06-11 05:30:00,0.89661,0.89675,0.89649,0.89673,361,18,0
2024-06-11 06:00:00,0.89673,0.89678,0.89659,0.89668,451,18,0
2024-06-11 06:30:00,0.89666,0.89674,0.89651,0.89656,393,19,0
2024-06-11 07:00:00,0.8966,0.89662,0.89635,0.89645,540,19,0
2024-06-11 07:30:00,0.89646,0.89657,0.89642,0.89653,270,18,0
2024-06-11 08:00:00,0.89654,0.89663,0.89641,0.8966,382,19,0
2024-06-11 08:30:00,0.89661,0.89672,0.89646,0.89653,475,20,0
2024-06-11 09:00:00,0.89654,0.89661,0.89621,0.89633,811,18,0
2024-06-11 09:30:00,0.89633,0.89642,0.89596,0.89639,817,19,0
2024-06-11 10:00:00,0.89639,0.89668,0.89585,0.89665,1136,18,0
2024-06-11 10:30:00,0.89666,0.89722,0.89646,0.897,924,19,0
2024-06-11 11:00:00,0.89699,0.89727,0.89675,0.89715,1539,17,0
2024-06-11 11:30:00,0.89713,0.89716,0.89656,0.89673,1189,18,0
2024-06-11 12:00:00,0.89674,0.89706,0.89657,0.89695,1324,18,0
2024-06-11 12:30:00,0.89695,0.89696,0.8966,0.8967,1274,17,0
2024-06-11 13:00:00,0.89671,0.89681,0.89597,0.89665,1410,17,0
2024-06-11 13:30:00,0.89665,0.89701,0.89642,0.89675,1258,18,0
2024-06-11 14:00:00,0.89674,0.89736,0.89668,0.89672,1519,17,0
2024-06-11 14:30:00,0.89672,0.89693,0.89623,0.89672,1160,18,0
2024-06-11 15:00:00,0.89671,0.89707,0.89647,0.89685,1627,17,0
2024-06-11 15:30:00,0.89684,0.8972,0.89651,0.8971,1525,18,0
2024-06-11 16:00:00,0.89712,0.89796,0.89704,0.89782,1862,18,0
2024-06-11 16:30:00,0.89783,0.89788,0.89743,0.89768,1611,17,0
2024-06-11 17:00:00,0.8977,0.89861,0.89747,0.8985,1670,16,0
2024-06-11 17:30:00,0.89849,0.8992,0.89828,0.899,1659,16,0
2024-06-11 18:00:00,0.89901,0.89922,0.89863,0.89876,1291,17,0
2024-06-11 18:30:00,0.89873,0.89882,0.89839,0.89866,812,18,0
2024-06-11 19:00:00,0.89864,0.89871,0.89843,0.89856,519,17,0
2024-06-11 19:30:00,0.89856,0.89866,0.89826,0.89834,530,18,0
2024-06-11 20:00:00,0.89835,0.89848,0.89758,0.89781,987,16,0
2024-06-11 20:30:00,0.89783,0.89792,0.89727,0.89734,609,18,0
2024-06-11 21:00:00,0.89735,0.89749,0.89715,0.89737,616,18,0
2024-06-11 21:30:00,0.89736,0.89741,0.8971,0.89711,706,19,0
2024-06-11 22:00:00,0.89713,0.89716,0.89671,0.89694,891,19,0
2024-06-11 22:30:00,0.89695,0.89754,0.89695,0.89754,548,19,0
2024-06-11 23:00:00,0.89752,0.89752,0.89733,0.89744,505,19,0
2024-06-11 23:30:00,0.89744,0.89756,0.89675,0.89675,234,26,0
2024-06-12 00:00:00,0.89676,0.89752,0.89676,0.89718,186,49,0
2024-06-12 00:30:00,0.89715,0.8974,0.89711,0.8972,538,39,0
2024-06-12 01:00:00,0.89721,0.89749,0.8972,0.89748,210,27,0
2024-06-12 01:30:00,0.89748,0.89768,0.89747,0.89762,353,21,0
2024-06-12 02:00:00,0.89763,0.89792,0.89763,0.89788,262,20,0
2024-06-12 02:30:00,0.89787,0.8979,0.89764,0.89773,244,18,0
2024-06-12 03:00:00,0.89773,0.89816,0.89773,0.89791,759,18,0
2024-06-12 03:30:00,0.8979,0.89824,0.89779,0.89817,669,20,0
2024-06-12 04:00:00,0.89818,0.89825,0.89778,0.89785,949,19,0
2024-06-12 04:30:00,0.89785,0.89788,0.89742,0.89757,826,18,0
2024-06-12 05:00:00,0.89759,0.89775,0.89735,0.89744,518,20,0
2024-06-12 05:30:00,0.89743,0.89766,0.89741,0.89758,288,18,0
2024-06-12 06:00:00,0.89758,0.89768,0.89749,0.89763,260,19,0
2024-06-12 06:30:00,0.89762,0.89771,0.89755,0.89765,298,19,0
2024-06-12 07:00:00,0.89765,0.89773,0.89758,0.89768,241,19,0
2024-06-12 07:30:00,0.89768,0.89783,0.89768,0.89776,207,19,0
2024-06-12 08:00:00,0.89777,0.89782,0.89752,0.89758,376,19,0
2024-06-12 08:30:00,0.89758,0.89759,0.89714,0.89716,483,18,0
2024-06-12 09:00:00,0.89716,0.89737,0.89708,0.8972,765,16,0
2024-06-12 09:30:00,0.89719,0.89735,0.89706,0.89721,565,19,0
2024-06-12 10:00:00,0.89719,0.89767,0.89713,0.89725,858,19,0
2024-06-12 10:30:00,0.89726,0.89732,0.89681,0.89684,699,19,0
2024-06-12 11:00:00,0.89686,0.89699,0.89662,0.89673,1026,18,0
2024-06-12 11:30:00,0.89672,0.89683,0.89636,0.89651,725,19,0
2024-06-12 12:00:00,0.8965,0.89679,0.8964,0.8965,1009,17,0
2024-06-12 12:30:00,0.89651,0.8968,0.89642,0.89644,809,17,0
2024-06-12 13:00:00,0.89643,0.8967,0.89623,0.89624,872,19,0
2024-06-12 13:30:00,0.89623,0.89641,0.89568,0.89574,806,16,0
2024-06-12 14:00:00,0.89574,0.89576,0.89528,0.89561,975,17,0
2024-06-12 14:30:00,0.8956,0.89577,0.89539,0.8955,1169,18,0
2024-06-12 15:00:00,0.89548,0.89559,0.89499,0.89505,1913,18,0
2024-06-12 15:30:00,0.89494,0.89506,0.88923,0.89037,5973,16,0
2024-06-12 16:00:00,0.89041,0.89135,0.8903,0.89035,4329,16,0
2024-06-12 16:30:00,0.89034,0.89168,0.89031,0.89101,3237,17,0
2024-06-12 17:00:00,0.89102,0.89281,0.89082,0.89086,2845,16,0
2024-06-12 17:30:00,0.89085,0.89117,0.89017,0.89078,2959,16,0
2024-06-12 18:00:00,0.89077,0.89128,0.89034,0.89114,1884,18,0
2024-06-12 18:30:00,0.89113,0.8921,0.89112,0.89171,1503,17,0
2024-06-12 19:00:00,0.8917,0.89179,0.89084,0.89103,1174,17,0
2024-06-12 19:30:00,0.89103,0.89144,0.89067,0.8912,1080,18,0
2024-06-12 20:00:00,0.89119,0.89163,0.89112,0.89163,929,18,0
2024-06-12 20:30:00,0.89163,0.89202,0.89093,0.89093,1446,17,0
2024-06-12 21:00:00,0.89088,0.89366,0.89066,0.89244,5502,16,0
2024-06-12 21:30:00,0.8924,0.89429,0.892,0.89388,7060,16,0
2024-06-12 22:00:00,0.89388,0.89487,0.89367,0.89472,2477,18,0
2024-06-12 22:30:00,0.89473,0.89473,0.89398,0.8943,1774,16,0
2024-06-12 23:00:00,0.89431,0.89445,0.89403,0.8943,442,20,0
2024-06-12 23:30:00,0.89431,0.89435,0.8941,0.89427,291,22,0
2024-06-13 00:00:00,0.89427,0.89427,0.89297,0.8938,173,35,0
2024-06-13 00:30:00,0.8938,0.8942,0.89315,0.89414,934,25,0
2024-06-13 01:00:00,0.89414,0.89426,0.89379,0.89412,422,22,0
2024-06-13 01:30:00,0.89411,0.89451,0.89399,0.89445,236,22,0
2024-06-13 02:00:00,0.89446,0.89457,0.89411,0.89425,402,20,0
2024-06-13 02:30:00,0.89426,0.89442,0.89411,0.89412,481,20,0
2024-06-13 03:00:00,0.89412,0.89425,0.89364,0.89378,776,19,0
2024-06-13 03:30:00,0.89378,0.89398,0.89354,0.89397,354,19,0
2024-06-13 04:00:00,0.89397,0.89429,0.89382,0.8942,770,19,0
2024-06-13 04:30:00,0.8942,0.89488,0.89405,0.89476,1004,18,0
2024-06-13 05:00:00,0.89476,0.89497,0.89469,0.89475,624,20,0
2024-06-13 05:30:00,0.89475,0.89495,0.89474,0.89477,632,20,0
2024-06-13 06:00:00,0.89477,0.89495,0.89475,0.89492,382,19,0
2024-06-13 06:30:00,0.8949,0.89506,0.89486,0.8949,439,20,0
2024-06-13 07:00:00,0.8949,0.89507,0.89483,0.89504,386,17,0
2024-06-13 07:30:00,0.89504,0.89537,0.89503,0.89535,267,18,0
2024-06-13 08:00:00,0.89534,0.8958,0.89533,0.89562,378,19,0
2024-06-13 08:30:00,0.8956,0.89572,0.89519,0.89528,442,17,0
2024-06-13 09:00:00,0.89529,0.89545,0.89493,0.89544,1354,19,0
2024-06-13 09:30:00,0.89545,0.89567,0.89533,0.89564,932,18,0
2024-06-13 10:00:00,0.89564,0.89598,0.89545,0.89565,1190,18,0
2024-06-13 10:30:00,0.89566,0.89566,0.89481,0.895,1601,18,0
2024-06-13 11:00:00,0.89501,0.89515,0.89474,0.89501,1468,18,0
2024-06-13 11:30:00,0.895,0.89555,0.89493,0.89534,953,17,0
2024-06-13 12:00:00,0.89535,0.89548,0.89514,0.89537,1235,18,0
2024-06-13 12:30:00,0.89538,0.89555,0.89513,0.89549,712,17,0
2024-06-13 13:00:00,0.8955,0.89576,0.89537,0.89561,948,18,0
2024-06-13 13:30:00,0.89562,0.89637,0.89555,0.89627,1426,17,0
2024-06-13 14:00:00,0.89627,0.89664,0.89623,0.89635,990,18,0
2024-06-13 14:30:00,0.89635,0.89658,0.8961,0.8962,1239,16,0
2024-06-13 15:00:00,0.8962,0.89648,0.89534,0.89539,1542,18,0
2024-06-13 15:30:00,0.89541,0.89546,0.89309,0.89459,4715,16,0
2024-06-13 16:00:00,0.89458,0.89547,0.89458,0.89471,3467,16,0
2024-06-13 16:30:00,0.89473,0.89584,0.89442,0.89556,3327,17,0
2024-06-13 17:00:00,0.89556,0.89557,0.89454,0.89489,2400,16,0
2024-06-13 17:30:00,0.89488,0.8956,0.89406,0.89418,2315,17,0
2024-06-13 18:00:00,0.89417,0.89458,0.8939,0.89417,1721,17,0
2024-06-13 18:30:00,0.89416,0.89438,0.89336,0.89339,1794,18,0
2024-06-13 19:00:00,0.8934,0.89439,0.89309,0.89368,1698,17,0
2024-06-13 19:30:00,0.89369,0.89473,0.89367,0.89457,1594,18,0
2024-06-13 20:00:00,0.89456,0.89459,0.89398,0.89424,1442,16,0
2024-06-13 20:30:00,0.89424,0.8944,0.89392,0.89409,796,16,0
2024-06-13 21:00:00,0.8941,0.89424,0.89391,0.89406,719,17,0
2024-06-13 21:30:00,0.89407,0.8941,0.8937,0.89392,788,17,0
2024-06-13 22:00:00,0.89392,0.89397,0.89358,0.8937,704,16,0
2024-06-13 22:30:00,0.89371,0.89383,0.89351,0.89363,536,18,0
2024-06-13 23:00:00,0.89365,0.89367,0.89333,0.89349,948,19,0
2024-06-13 23:30:00,0.89349,0.89378,0.89328,0.89373,374,22,0
2024-06-14 00:00:00,0.89371,0.89372,0.89288,0.89367,167,34,0
2024-06-14 00:30:00,0.89381,0.89409,0.89297,0.89339,501,22,0
2024-06-14 01:00:00,0.89338,0.89381,0.89338,0.89373,505,20,0
2024-06-14 01:30:00,0.89376,0.89398,0.89372,0.8939,511,18,0
2024-06-14 02:00:00,0.89391,0.89397,0.89379,0.89391,230,19,0
2024-06-14 02:30:00,0.89391,0.89402,0.89383,0.89391,456,20,0
2024-06-14 03:00:00,0.89392,0.8941,0.89375,0.89395,1039,19,0
2024-06-14 03:30:00,0.89394,0.89402,0.89377,0.89388,719,17,0
2024-06-14 04:00:00,0.89388,0.89395,0.89373,0.89378,1015,17,0
2024-06-14 04:30:00,0.89378,0.89387,0.89358,0.89363,808,18,0
2024-06-14 05:00:00,0.89361,0.89366,0.89329,0.89352,571,18,0
2024-06-14 05:30:00,0.89351,0.89365,0.8935,0.89364,474,19,0
2024-06-14 06:00:00,0.89364,0.89395,0.89313,0.89393,1512,17,0
2024-06-14 06:30:00,0.89393,0.89429,0.89387,0.89409,1277,18,0
2024-06-14 07:00:00,0.89407,0.89414,0.8939,0.894,729,19,0
2024-06-14 07:30:00,0.89399,0.8942,0.89398,0.89415,509,18,0
2024-06-14 08:00:00,0.89414,0.8942,0.89393,0.89405,843,19,0
2024-06-14 08:30:00,0.89405,0.89432,0.8938,0.89423,862,17,0
2024-06-14 09:00:00,0.89422,0.8947,0.89406,0.89443,1534,16,0
2024-06-14 09:30:00,0.89441,0.89459,0.89346,0.89398,2435,16,0
2024-06-14 10:00:00,0.89399,0.89442,0.89371,0.89422,2428,16,0
2024-06-14 10:30:00,0.89422,0.89456,0.89359,0.89368,2373,16,0
2024-06-14 11:00:00,0.89368,0.89411,0.89216,0.89216,2743,16,0
2024-06-14 11:30:00,0.89216,0.8925,0.89111,0.89205,2225,16,0
2024-06-14 12:00:00,0.89206,0.89314,0.89177,0.89293,2082,16,0
2024-06-14 12:30:00,0.89292,0.89414,0.89266,0.89401,2330,17,0
2024-06-14 13:00:00,0.89401,0.89434,0.89318,0.89333,2369,16,0
2024-06-14 13:30:00,0.89332,0.89377,0.89296,0.89322,1563,16,0
2024-06-14 14:00:00,0.8932,0.89363,0.89298,0.89314,1228,16,0
2024-06-14 14:30:00,0.89314,0.89314,0.89187,0.89194,1733,16,0
2024-06-14 15:00:00,0.89191,0.89224,0.89153,0.89218,2066,16,0
2024-06-14 15:30:00,0.89217,0.89291,0.89177,0.89229,3270,16,0
2024-06-14 16:00:00,0.8923,0.89262,0.89122,0.89133,3153,16,0
2024-06-14 16:30:00,0.89133,0.89176,0.89129,0.89148,2753,16,0
2024-06-14 17:00:00,0.8915,0.89184,0.89052,0.89083,2959,16,0
2024-06-14 17:30:00,0.89082,0.89199,0.89027,0.89039,2947,16,0
2024-06-14 18:00:00,0.8904,0.89119,0.88963,0.89114,2111,17,0
2024-06-14 18:30:00,0.89115,0.8914,0.89016,0.89057,1567,17,0
2024-06-14 19:00:00,0.89056,0.89126,0.89044,0.89082,1216,18,0
2024-06-14 19:30:00,0.89081,0.89087,0.89045,0.89051,1144,17,0
2024-06-14 20:00:00,0.89052,0.89059,0.88956,0.88958,933,18,0
2024-06-14 20:30:00,0.88958,0.89014,0.88937,0.89005,837,17,0
2024-06-14 21:00:00,0.89004,0.89039,0.88999,0.89023,628,17,0
2024-06-14 21:30:00,0.89023,0.89037,0.89005,0.89021,426,17,0
2024-06-14 22:00:00,0.89021,0.89034,0.89007,0.89023,683,17,0
2024-06-14 22:30:00,0.89022,0.89028,0.88997,0.89003,419,17,0
2024-06-14 23:00:00,0.89002,0.89018,0.88995,0.89001,254,20,0
2024-06-14 23:30:00,0.89002,0.8902,0.88945,0.88945,513,22,0
2024-06-17 00:00:00,0.88962,0.89052,0.8889,0.88983,182,37,0
2024-06-17 00:30:00,0.88983,0.89012,0.88966,0.89004,498,40,0
2024-06-17 01:00:00,0.89,0.89073,0.88986,0.8903,348,21,0
2024-06-17 01:30:00,0.89027,0.89069,0.89006,0.89026,446,18,0
2024-06-17 02:00:00,0.89024,0.89087,0.89023,0.89066,245,18,0
2024-06-17 02:30:00,0.89067,0.89085,0.89058,0.89071,728,18,0
2024-06-17 03:00:00,0.89072,0.89076,0.8902,0.89025,1421,19,0
2024-06-17 03:30:00,0.89024,0.89054,0.89021,0.89043,717,19,0
2024-06-17 04:00:00,0.89042,0.89063,0.89032,0.89059,1093,19,0
2024-06-17 04:30:00,0.89057,0.89078,0.89053,0.89069,837,20,0
2024-06-17 05:00:00,0.89071,0.89084,0.89041,0.89054,608,19,0
2024-06-17 05:30:00,0.89054,0.89064,0.89044,0.8905,402,18,0
2024-06-17 06:00:00,0.89051,0.89067,0.89049,0.89058,502,18,0
2024-06-17 06:30:00,0.89058,0.89067,0.89039,0.89041,759,19,0
2024-06-17 07:00:00,0.89041,0.89056,0.89039,0.89039,725,18,0
2024-06-17 07:30:00,0.89038,0.89042,0.89025,0.89032,736,19,0
2024-06-17 08:00:00,0.89033,0.89063,0.89031,0.89047,724,20,0
2024-06-17 08:30:00,0.89048,0.89123,0.89046,0.89112,623,19,0
2024-06-17 09:00:00,0.89112,0.89112,0.89017,0.89044,2460,17,0
2024-06-17 09:30:00,0.89045,0.89116,0.89041,0.89073,1948,17,0
2024-06-17 10:00:00,0.89073,0.89106,0.89037,0.89071,2353,18,0
2024-06-17 10:30:00,0.8907,0.89176,0.89063,0.89161,2245,16,0
2024-06-17 11:00:00,0.89161,0.89181,0.89101,0.89125,1714,16,0
2024-06-17 11:30:00,0.89124,0.89176,0.89124,0.89173,1317,18,0
2024-06-17 12:00:00,0.89172,0.89216,0.89161,0.89206,1292,17,0
2024-06-17 12:30:00,0.89206,0.89229,0.89183,0.8921,1258,18,0
2024-06-17 13:00:00,0.8921,0.89217,0.8917,0.89206,1197,18,0
2024-06-17 13:30:00,0.89206,0.89227,0.89181,0.89198,1088,17,0
2024-06-17 14:00:00,0.89197,0.89216,0.89179,0.89207,742,16,0
2024-06-17 14:30:00,0.89206,0.89242,0.89198,0.89231,1458,16,0
2024-06-17 15:00:00,0.89229,0.89266,0.89209,0.89236,1550,18,0
2024-06-17 15:30:00,0.89237,0.89313,0.89237,0.89285,1937,16,0
2024-06-17 16:00:00,0.89284,0.89285,0.89198,0.89247,1678,17,0
2024-06-17 16:30:00,0.89247,0.89284,0.89219,0.89241,1539,17,0
2024-06-17 17:00:00,0.89242,0.89274,0.89208,0.89252,1934,17,0
2024-06-17 17:30:00,0.89253,0.89266,0.89195,0.89202,1658,17,0
2024-06-17 18:00:00,0.89201,0.89223,0.89153,0.89164,1073,17,0
2024-06-17 18:30:00,0.89164,0.89185,0.8912,0.89135,1070,17,0
2024-06-17 19:00:00,0.89135,0.89142,0.89075,0.89077,865,17,0
2024-06-17 19:30:00,0.8908,0.89123,0.89076,0.89085,960,17,0
2024-06-17 20:00:00,0.89086,0.89093,0.8903,0.89045,753,17,0
2024-06-17 20:30:00,0.89045,0.89058,0.89028,0.89033,414,16,0
2024-06-17 21:00:00,0.89032,0.89037,0.88983,0.88997,749,18,0
2024-06-17 21:30:00,0.88996,0.89008,0.88967,0.88979,791,17,0
2024-06-17 22:00:00,0.88979,0.89003,0.88966,0.88996,986,16,0
2024-06-17 22:30:00,0.88995,0.88997,0.88965,0.88971,630,18,0
2024-06-17 23:00:00,0.8897,0.88973,0.88956,0.88964,178,20,0
2024-06-17 23:30:00,0.88965,0.88965,0.88936,0.88939,138,24,0
2024-06-18 00:00:00,0.88906,0.88937,0.88888,0.88932,199,66,0
2024-06-18 00:30:00,0.88928,0.88962,0.88927,0.8893,491,25,0
2024-06-18 01:00:00,0.88938,0.88964,0.88926,0.88933,423,19,0
2024-06-18 01:30:00,0.88932,0.88934,0.88909,0.88921,221,18,0
2024-06-18 02:00:00,0.8892,0.88938,0.88883,0.88888,387,18,0
2024-06-18 02:30:00,0.88888,0.88891,0.88822,0.88833,548,19,0
2024-06-18 03:00:00,0.88832,0.88856,0.88809,0.8885,819,18,0
2024-06-18 03:30:00,0.88849,0.88853,0.88792,0.88809,844,20,0
2024-06-18 04:00:00,0.88809,0.88896,0.88803,0.88881,696,17,0
2024-06-18 04:30:00,0.8888,0.88921,0.88876,0.8892,705,17,0
2024-06-18 05:00:00,0.88924,0.88932,0.88907,0.88926,521,18,0
2024-06-18 05:30:00,0.88925,0.88934,0.88913,0.8893,490,19,0
2024-06-18 06:00:00,0.88931,0.88956,0.88919,0.88945,405,17,0
2024-06-18 06:30:00,0.88945,0.88952,0.88937,0.88941,377,18,0
2024-06-18 07:00:00,0.88941,0.88941,0.88915,0.88919,398,17,0
2024-06-18 07:30:00,0.88918,0.88959,0.88912,0.88957,861,20,0
2024-06-18 08:00:00,0.88955,0.88976,0.8893,0.88974,672,16,0
2024-06-18 08:30:00,0.88973,0.88984,0.88952,0.88961,736,17,0
2024-06-18 09:00:00,0.88967,0.8899,0.88953,0.88964,1039,17,0
2024-06-18 09:30:00,0.88965,0.8898,0.88908,0.8892,1508,18,0
2024-06-18 10:00:00,0.88919,0.8895,0.88858,0.8895,1922,17,0
2024-06-18 10:30:00,0.88951,0.88953,0.88862,0.88889,1862,17,0
2024-06-18 11:00:00,0.88888,0.88917,0.88853,0.88871,1580,19,0
2024-06-18 11:30:00,0.88873,0.88902,0.88854,0.88881,1319,17,0
2024-06-18 12:00:00,0.8888,0.88891,0.88724,0.8881,1618,16,0
2024-06-18 12:30:00,0.88811,0.88824,0.88721,0.88728,1632,17,0
2024-06-18 13:00:00,0.88728,0.88805,0.88727,0.88791,1310,17,0
2024-06-18 13:30:00,0.8879,0.88816,0.88773,0.88792,1329,18,0
2024-06-18 14:00:00,0.88792,0.88801,0.88751,0.88753,1320,18,0
2024-06-18 14:30:00,0.88755,0.88783,0.88699,0.88778,1197,17,0
2024-06-18 15:00:00,0.88778,0.8878,0.88736,0.88754,1411,18,0
2024-06-18 15:30:00,0.88679,0.88679,0.88503,0.88515,3592,17,0
2024-06-18 16:00:00,0.88515,0.88528,0.88451,0.8848,1926,17,0
2024-06-18 16:30:00,0.88481,0.88481,0.88259,0.88302,2517,16,0
2024-06-18 17:00:00,0.883,0.88388,0.88292,0.88343,2188,16,0
2024-06-18 17:30:00,0.88339,0.88445,0.88335,0.88442,2419,16,0
2024-06-18 18:00:00,0.88441,0.88523,0.88433,0.88519,2070,16,0
2024-06-18 18:30:00,0.8852,0.88524,0.8838,0.88408,1322,17,0
2024-06-18 19:00:00,0.88407,0.88419,0.88348,0.88368,858,18,0
2024-06-18 19:30:00,0.88371,0.88404,0.88344,0.88395,802,18,0
2024-06-18 20:00:00,0.88394,0.88448,0.88352,0.88413,1470,16,0
2024-06-18 20:30:00,0.88413,0.88459,0.88396,0.88446,810,18,0
2024-06-18 21:00:00,0.88446,0.88448,0.88408,0.88434,581,19,0
2024-06-18 21:30:00,0.88433,0.88434,0.88361,0.8837,1087,16,0
2024-06-18 22:00:00,0.88369,0.88411,0.88369,0.88398,1066,18,0
2024-06-18 22:30:00,0.88394,0.88415,0.88375,0.88396,711,17,0
2024-06-18 23:00:00,0.88396,0.88396,0.88359,0.88383,268,21,0
2024-06-18 23:30:00,0.88384,0.88408,0.88384,0.88406,156,23,0
2024-06-19 00:00:00,0.88396,0.88416,0.88326,0.88374,396,39,0
2024-06-19 00:30:00,0.88376,0.88414,0.88359,0.884,4747,38,0
2024-06-19 01:00:00,0.884,0.88419,0.88377,0.88408,482,22,0
2024-06-19 01:30:00,0.88407,0.88413,0.88393,0.88399,290,20,0
2024-06-19 02:00:00,0.88397,0.88408,0.88384,0.88396,346,20,0
2024-06-19 02:30:00,0.88396,0.88416,0.88394,0.88411,228,18,0
2024-06-19 03:00:00,0.88412,0.88423,0.88408,0.88419,525,20,0
2024-06-19 03:30:00,0.88418,0.88424,0.88402,0.8841,459,19,0
2024-06-19 04:00:00,0.88411,0.88415,0.88385,0.88398,567,18,0
2024-06-19 04:30:00,0.88396,0.884,0.88374,0.88397,407,18,0
2024-06-19 05:00:00,0.88397,0.8842,0.88394,0.88413,354,20,0
2024-06-19 05:30:00,0.88413,0.88414,0.88395,0.88414,735,19,0
2024-06-19 06:00:00,0.88414,0.88422,0.88397,0.88408,774,19,0
2024-06-19 06:30:00,0.88407,0.88427,0.88406,0.88421,807,19,0
2024-06-19 07:00:00,0.88421,0.88433,0.88419,0.88425,470,19,0
2024-06-19 07:30:00,0.88425,0.88434,0.88417,0.88424,456,19,0
2024-06-19 08:00:00,0.88425,0.8843,0.88384,0.88398,647,18,0
2024-06-19 08:30:00,0.88398,0.88403,0.8837,0.88381,555,19,0
2024-06-19 09:00:00,0.88381,0.88426,0.88367,0.88425,1151,17,0
2024-06-19 09:30:00,0.88424,0.88472,0.88407,0.88453,900,18,0
2024-06-19 10:00:00,0.88454,0.88466,0.88415,0.88426,2346,18,0
2024-06-19 10:30:00,0.88431,0.88431,0.88332,0.88378,1669,17,0
2024-06-19 11:00:00,0.88376,0.88437,0.88327,0.88437,1752,16,0
2024-06-19 11:30:00,0.88437,0.88443,0.88396,0.88418,1660,18,0
2024-06-19 12:00:00,0.88417,0.88457,0.88407,0.88438,1659,17,0
2024-06-19 12:30:00,0.88437,0.88509,0.88437,0.88467,1529,19,0
2024-06-19 13:00:00,0.88466,0.88503,0.88447,0.88469,1239,18,0
2024-06-19 13:30:00,0.8847,0.88534,0.88452,0.88472,1636,19,0
2024-06-19 14:00:00,0.88471,0.88491,0.884,0.88426,1273,18,0
2024-06-19 14:30:00,0.88428,0.8846,0.88376,0.88403,1112,17,0
2024-06-19 15:00:00,0.88401,0.88431,0.88385,0.88425,981,18,0
2024-06-19 15:30:00,0.88425,0.88426,0.88361,0.88398,1312,17,0
2024-06-19 16:00:00,0.88397,0.88412,0.88359,0.8838,1103,16,0
2024-06-19 16:30:00,0.8838,0.88407,0.88371,0.88373,938,16,0
2024-06-19 17:00:00,0.88373,0.88395,0.88352,0.88378,648,17,0
2024-06-19 17:30:00,0.88378,0.88427,0.88373,0.88425,619,16,0
2024-06-19 18:00:00,0.88425,0.88434,0.88385,0.88406,934,18,0
2024-06-19 18:30:00,0.88407,0.88408,0.88372,0.88372,452,19,0
2024-06-19 19:00:00,0.88373,0.88397,0.88373,0.8839,373,18,0
2024-06-19 19:30:00,0.8839,0.88416,0.88389,0.88415,213,18,0
2024-06-19 20:00:00,0.88414,0.88438,0.88414,0.88431,109,17,0
2024-06-19 20:30:00,0.88431,0.8844,0.8843,0.8843,84,18,0
2024-06-19 21:00:00,0.88435,0.88436,0.88429,0.88431,507,19,0
2024-06-19 21:30:00,0.8843,0.88456,0.88415,0.88455,479,16,0
2024-06-19 22:00:00,0.88455,0.88469,0.88418,0.8842,285,19,0
2024-06-19 22:30:00,0.8842,0.88427,0.88419,0.88421,1257,19,0
2024-06-19 23:00:00,0.88421,0.88435,0.88415,0.88431,162,19,0
2024-06-19 23:30:00,0.88432,0.88441,0.88388,0.8839,177,27,0
2024-06-20 00:00:00,0.88415,0.88426,0.88351,0.88382,67,107,0
2024-06-20 00:30:00,0.8837,0.88424,0.88366,0.88389,1073,55,0
2024-06-20 01:00:00,0.88376,0.88417,0.88362,0.88409,728,23,0
2024-06-20 01:30:00,0.88409,0.88433,0.88404,0.88423,680,22,0
2024-06-20 02:00:00,0.88424,0.88434,0.88418,0.88421,124,20,0
2024-06-20 02:30:00,0.88421,0.88435,0.88418,0.88424,261,20,0
2024-06-20 03:00:00,0.88424,0.88429,0.88396,0.88413,658,19,0
2024-06-20 03:30:00,0.88413,0.88416,0.88382,0.88397,585,18,0
2024-06-20 04:00:00,0.88396,0.88397,0.88348,0.88376,761,18,0
2024-06-20 04:30:00,0.88376,0.88393,0.8834,0.88344,860,17,0
2024-06-20 05:00:00,0.88345,0.88379,0.88336,0.88374,367,18,0
2024-06-20 05:30:00,0.88374,0.88398,0.88374,0.88384,523,16,0
2024-06-20 06:00:00,0.88385,0.884,0.88373,0.88386,321,16,0
2024-06-20 06:30:00,0.88385,0.88396,0.88371,0.88376,477,19,0
2024-06-20 07:00:00,0.88376,0.88384,0.88355,0.8836,326,17,0
2024-06-20 07:30:00,0.8836,0.88383,0.8836,0.88376,381,19,0
2024-06-20 08:00:00,0.88376,0.8838,0.88357,0.88374,448,19,0
2024-06-20 08:30:00,0.88372,0.88378,0.88316,0.88326,431,19,0
2024-06-20 09:00:00,0.88323,0.88388,0.88313,0.88366,804,18,0
2024-06-20 09:30:00,0.88368,0.88383,0.88323,0.88381,1297,16,0
2024-06-20 10:00:00,0.8838,0.88397,0.8833,0.88385,1592,16,0
2024-06-20 10:30:00,0.88393,0.88967,0.88393,0.88951,4267,16,0
2024-06-20 11:00:00,0.88951,0.89107,0.88914,0.8904,2563,16,0
2024-06-20 11:30:00,0.89041,0.89083,0.88902,0.88935,2345,16,0
2024-06-20 12:00:00,0.88935,0.89076,0.88922,0.89042,1935,16,0
2024-06-20 12:30:00,0.89041,0.89041,0.88944,0.88991,1585,17,0
2024-06-20 13:00:00,0.88991,0.89031,0.88906,0.88976,2143,16,0
2024-06-20 13:30:00,0.88977,0.88987,0.88893,0.88972,1489,18,0
2024-06-20 14:00:00,0.88972,0.89059,0.88923,0.89028,2092,16,0
2024-06-20 14:30:00,0.89029,0.89079,0.88974,0.89075,1500,17,0
2024-06-20 15:00:00,0.89078,0.89085,0.89012,0.89056,1914,17,0
2024-06-20 15:30:00,0.89056,0.89182,0.89012,0.89166,2695,16,0
2024-06-20 16:00:00,0.89164,0.89221,0.89133,0.89181,2032,17,0
2024-06-20 16:30:00,0.89182,0.89252,0.89143,0.89223,3017,16,0
2024-06-20 17:00:00,0.89223,0.89235,0.89052,0.89092,2369,17,0
2024-06-20 17:30:00,0.89093,0.89119,0.89018,0.89026,1863,16,0
2024-06-20 18:00:00,0.89027,0.89102,0.89008,0.89063,1610,16,0
2024-06-20 18:30:00,0.89063,0.89132,0.89025,0.89123,1136,17,0
2024-06-20 19:00:00,0.89122,0.89129,0.89059,0.89059,1629,16,0
2024-06-20 19:30:00,0.89059,0.89139,0.8905,0.8912,1531,18,0
2024-06-20 20:00:00,0.89118,0.89123,0.89065,0.89082,1112,17,0
2024-06-20 20:30:00,0.89082,0.8912,0.8907,0.89097,591,18,0
2024-06-20 21:00:00,0.89098,0.89111,0.89023,0.89043,747,18,0
2024-06-20 21:30:00,0.89042,0.89086,0.89039,0.89079,630,17,0
2024-06-20 22:00:00,0.89078,0.89114,0.89071,0.89107,611,18,0
2024-06-20 22:30:00,0.89108,0.89139,0.89086,0.8911,973,16,0
2024-06-20 23:00:00,0.8911,0.89126,0.89083,0.89101,383,18,0
2024-06-20 23:30:00,0.89101,0.8913,0.8908,0.89121,299,22,0
2024-06-21 00:00:00,0.89087,0.89112,0.89074,0.89096,127,51,0
2024-06-21 00:30:00,0.89087,0.89128,0.89087,0.89098,881,25,0
2024-06-21 01:00:00,0.89095,0.89177,0.89091,0.89169,471,21,0
2024-06-21 01:30:00,0.89169,0.89169,0.89147,0.89148,288,19,0
2024-06-21 02:00:00,0.89149,0.89173,0.89117,0.89129,354,18,0
2024-06-21 02:30:00,0.89133,0.89154,0.89127,0.89144,257,19,0
2024-06-21 03:00:00,0.89143,0.89175,0.89129,0.89161,582,18,0
2024-06-21 03:30:00,0.89162,0.89187,0.89139,0.89184,482,16,0
2024-06-21 04:00:00,0.89183,0.89191,0.89158,0.89186,883,16,0
2024-06-21 04:30:00,0.89186,0.89198,0.89148,0.89166,794,17,0
2024-06-21 05:00:00,0.89165,0.89175,0.89153,0.89161,671,19,0
2024-06-21 05:30:00,0.89162,0.89171,0.8914,0.89157,559,18,0
2024-06-21 06:00:00,0.8916,0.89166,0.89142,0.89145,608,19,0
2024-06-21 06:30:00,0.89143,0.8915,0.89118,0.89123,318,19,0
2024-06-21 07:00:00,0.89124,0.89134,0.89118,0.89121,439,20,0
2024-06-21 07:30:00,0.89121,0.89138,0.89101,0.89102,340,18,0
2024-06-21 08:00:00,0.89101,0.89105,0.89081,0.89083,551,17,0
2024-06-21 08:30:00,0.89083,0.89106,0.89079,0.89092,435,17,0
2024-06-21 09:00:00,0.89099,0.8918,0.89098,0.89177,1320,18,0
2024-06-21 09:30:00,0.89177,0.89216,0.8914,0.89195,1049,19,0
2024-06-21 10:00:00,0.89193,0.89249,0.89088,0.8913,1893,16,0
2024-06-21 10:30:00,0.8913,0.89199,0.89041,0.89059,2828,16,0
2024-06-21 11:00:00,0.89061,0.8914,0.89049,0.89131,2243,17,0
2024-06-21 11:30:00,0.89133,0.89201,0.891,0.89192,2080,18,0
2024-06-21 12:00:00,0.89191,0.89269,0.89191,0.89254,1393,17,0
2024-06-21 12:30:00,0.89253,0.89258,0.892,0.89217,1490,16,0
2024-06-21 13:00:00,0.89217,0.89246,0.89199,0.8921,1176,18,0
2024-06-21 13:30:00,0.89211,0.8924,0.89205,0.89227,1261,19,0
2024-06-21 14:00:00,0.89227,0.89239,0.89216,0.89236,1278,19,0
2024-06-21 14:30:00,0.89235,0.89246,0.89207,0.89208,915,18,0
2024-06-21 15:00:00,0.89207,0.89265,0.8916,0.89243,1492,18,0
2024-06-21 15:30:00,0.89243,0.89284,0.89236,0.89246,1319,18,0
2024-06-21 16:00:00,0.89247,0.89283,0.89232,0.89245,1545,18,0
2024-06-21 16:30:00,0.89243,0.89434,0.89214,0.89362,2517,16,0
2024-06-21 17:00:00,0.89361,0.89398,0.89282,0.89306,2813,17,0
2024-06-21 17:30:00,0.89308,0.89406,0.89296,0.89345,2543,17,0
2024-06-21 18:00:00,0.89344,0.89436,0.89326,0.89426,1585,17,0
2024-06-21 18:30:00,0.89425,0.89428,0.89323,0.89375,1044,16,0
2024-06-21 19:00:00,0.89378,0.89394,0.89352,0.89392,791,16,0
2024-06-21 19:30:00,0.89392,0.89424,0.89363,0.89424,724,18,0
2024-06-21 20:00:00,0.89423,0.89427,0.89396,0.89412,601,17,0
2024-06-21 20:30:00,0.89412,0.89436,0.89399,0.89421,696,18,0
2024-06-21 21:00:00,0.8942,0.89432,0.89397,0.89406,600,18,0
2024-06-21 21:30:00,0.89408,0.89414,0.89391,0.89411,490,19,0
2024-06-21 22:00:00,0.89412,0.8942,0.89395,0.8941,509,17,0
2024-06-21 22:30:00,0.89411,0.89431,0.89407,0.89417,481,17,0
2024-06-21 23:00:00,0.89418,0.89426,0.89394,0.89404,675,21,0
2024-06-21 23:30:00,0.89405,0.89423,0.89333,0.89353,395,22,0
2024-06-24 00:00:00,0.89317,0.89336,0.89312,0.89321,181,120,0
2024-06-24 00:30:00,0.8932,0.89399,0.89304,0.89391,495,75,0
2024-06-24 01:00:00,0.89382,0.89434,0.89339,0.89419,1136,18,0
2024-06-24 01:30:00,0.8942,0.8942,0.89367,0.89378,990,18,0
2024-06-24 02:00:00,0.89377,0.89389,0.89361,0.89383,627,18,0
2024-06-24 02:30:00,0.89384,0.89434,0.89383,0.89432,663,16,0
2024-06-24 03:00:00,0.8943,0.89442,0.89407,0.89421,557,17,0
2024-06-24 03:30:00,0.89422,0.89425,0.89362,0.89374,612,19,0
2024-06-24 04:00:00,0.89373,0.89391,0.89354,0.89389,930,19,0
2024-06-24 04:30:00,0.89389,0.89401,0.89332,0.89354,677,20,0
2024-06-24 05:00:00,0.89352,0.89368,0.89336,0.89341,937,18,0
2024-06-24 05:30:00,0.8934,0.89344,0.89323,0.89338,498,19,0
2024-06-24 06:00:00,0.89339,0.8934,0.89319,0.89328,326,19,0
2024-06-24 06:30:00,0.89326,0.89337,0.89312,0.89333,429,20,0
2024-06-24 07:00:00,0.89332,0.89339,0.89324,0.89333,635,18,0
2024-06-24 07:30:00,0.89334,0.89369,0.89328,0.89353,974,17,0
2024-06-24 08:00:00,0.89352,0.8936,0.89319,0.89342,845,18,0
2024-06-24 08:30:00,0.89341,0.89355,0.89306,0.89319,633,19,0
2024-06-24 09:00:00,0.8932,0.89367,0.89316,0.89342,1280,18,0
2024-06-24 09:30:00,0.89342,0.89342,0.89305,0.89324,946,19,0
2024-06-24 10:00:00,0.89323,0.89408,0.89311,0.89396,998,18,0
2024-06-24 10:30:00,0.89397,0.89399,0.89313,0.89361,866,18,0
2024-06-24 11:00:00,0.89368,0.894,0.89302,0.89326,1349,17,0
2024-06-24 11:30:00,0.89329,0.89401,0.89313,0.89384,1290,17,0
2024-06-24 12:00:00,0.89384,0.89408,0.89252,0.89265,1457,17,0
2024-06-24 12:30:00,0.89264,0.89334,0.89256,0.89296,1495,18,0
2024-06-24 13:00:00,0.89296,0.89325,0.89206,0.89307,1979,17,0
2024-06-24 13:30:00,0.89303,0.8932,0.89277,0.89309,1664,17,0
2024-06-24 14:00:00,0.89308,0.89316,0.89263,0.89305,1136,16,0
2024-06-24 14:30:00,0.89304,0.89304,0.89262,0.89283,1120,18,0
2024-06-24 15:00:00,0.89283,0.89358,0.89282,0.89324,1288,18,0
2024-06-24 15:30:00,0.89323,0.89334,0.89236,0.89242,1425,16,0
2024-06-24 16:00:00,0.89241,0.89323,0.8921,0.89274,2411,16,0
2024-06-24 16:30:00,0.89272,0.89334,0.8926,0.89266,2129,17,0
2024-06-24 17:00:00,0.89266,0.89322,0.89214,0.89313,2021,16,0
2024-06-24 17:30:00,0.89313,0.89403,0.89295,0.89375,1915,17,0
2024-06-24 18:00:00,0.89374,0.89385,0.89295,0.89345,1281,18,0
2024-06-24 18:30:00,0.89344,0.8939,0.89334,0.89385,772,17,0
2024-06-24 19:00:00,0.89385,0.89396,0.89368,0.89388,669,17,0
2024-06-24 19:30:00,0.89387,0.89404,0.89369,0.8939,758,17,0
2024-06-24 20:00:00,0.89391,0.8941,0.89374,0.89387,447,17,0
2024-06-24 20:30:00,0.89387,0.89397,0.89372,0.89384,347,17,0
2024-06-24 21:00:00,0.89383,0.89391,0.89343,0.89355,396,16,0
2024-06-24 21:30:00,0.89355,0.89357,0.89272,0.89285,627,17,0
2024-06-24 22:00:00,0.89286,0.89297,0.89271,0.89284,433,17,0
2024-06-24 22:30:00,0.89284,0.8931,0.89263,0.89295,366,19,0
2024-06-24 23:00:00,0.89295,0.89309,0.89273,0.89289,264,21,0
2024-06-24 23:30:00,0.89288,0.89295,0.89241,0.89241,238,24,0
2024-06-25 00:00:00,0.89236,0.89274,0.89236,0.89236,111,62,0
2024-06-25 00:30:00,0.89237,0.89283,0.89237,0.89257,439,34,0
2024-06-25 01:00:00,0.89262,0.89283,0.89251,0.89277,653,23,0
2024-06-25 01:30:00,0.89276,0.89294,0.89274,0.89294,522,21,0
2024-06-25 02:00:00,0.89292,0.89322,0.8929,0.89313,197,20,0
2024-06-25 02:30:00,0.89314,0.89317,0.89303,0.89315,223,20,0
2024-06-25 03:00:00,0.89315,0.89315,0.89265,0.89268,442,19,0
2024-06-25 03:30:00,0.89267,0.89269,0.89168,0.89181,893,19,0
2024-06-25 04:00:00,0.89181,0.89225,0.89161,0.89223,973,18,0
2024-06-25 04:30:00,0.89224,0.89245,0.89193,0.89214,671,19,0
2024-06-25 05:00:00,0.89214,0.89215,0.89183,0.89189,532,19,0
2024-06-25 05:30:00,0.89189,0.89198,0.89177,0.89179,536,18,0
2024-06-25 06:00:00,0.8918,0.89188,0.89162,0.89183,435,18,0
2024-06-25 06:30:00,0.89182,0.89193,0.89177,0.89184,408,19,0
2024-06-25 07:00:00,0.89181,0.89202,0.89177,0.89198,342,19,0
2024-06-25 07:30:00,0.89198,0.89213,0.89179,0.89181,474,19,0
2024-06-25 08:00:00,0.89181,0.89181,0.89131,0.89133,711,18,0
2024-06-25 08:30:00,0.89134,0.8919,0.89121,0.8919,884,18,0
2024-06-25 09:00:00,0.89191,0.89279,0.8919,0.89279,629,17,0
2024-06-25 09:30:00,0.89278,0.89279,0.89207,0.89261,672,18,0
2024-06-25 10:00:00,0.89261,0.89359,0.89238,0.89321,1512,16,0
2024-06-25 10:30:00,0.89321,0.89333,0.89295,0.8933,1280,17,0
2024-06-25 11:00:00,0.89331,0.8937,0.89311,0.89369,996,17,0
2024-06-25 11:30:00,0.89373,0.89375,0.89323,0.89356,1163,17,0
2024-06-25 12:00:00,0.89355,0.89371,0.89301,0.89322,1016,18,0
2024-06-25 12:30:00,0.89323,0.89342,0.89304,0.89313,940,18,0
2024-06-25 13:00:00,0.89313,0.89315,0.89267,0.89279,1031,16,0
2024-06-25 13:30:00,0.89276,0.89345,0.89265,0.89344,1065,18,0
2024-06-25 14:00:00,0.89344,0.8939,0.89333,0.89373,1004,18,0
2024-06-25 14:30:00,0.89375,0.89386,0.89347,0.89352,1342,18,0
2024-06-25 15:00:00,0.89351,0.89373,0.89305,0.89322,821,17,0
2024-06-25 15:30:00,0.89334,0.89414,0.8933,0.89407,1563,16,0
2024-06-25 16:00:00,0.89406,0.89409,0.89367,0.89404,1824,18,0
2024-06-25 16:30:00,0.89403,0.89445,0.89376,0.89408,1413,18,0
2024-06-25 17:00:00,0.89409,0.89473,0.89393,0.89461,1918,16,0
2024-06-25 17:30:00,0.89461,0.89469,0.89414,0.89441,1057,17,0
2024-06-25 18:00:00,0.89443,0.89454,0.89406,0.89424,801,16,0
2024-06-25 18:30:00,0.89424,0.89454,0.89421,0.89431,988,17,0
2024-06-25 19:00:00,0.89429,0.89477,0.89425,0.89463,831,18,0
2024-06-25 19:30:00,0.89462,0.89489,0.89454,0.89486,887,17,0
2024-06-25 20:00:00,0.89486,0.89504,0.89469,0.89479,878,16,0
2024-06-25 20:30:00,0.89481,0.89517,0.89451,0.89478,722,18,0
2024-06-25 21:00:00,0.89479,0.89492,0.89441,0.89441,346,18,0
2024-06-25 21:30:00,0.89442,0.89457,0.89433,0.89437,291,18,0
2024-06-25 22:00:00,0.89438,0.89442,0.8942,0.89428,438,19,0
2024-06-25 22:30:00,0.89428,0.89442,0.89416,0.89442,361,18,0
2024-06-25 23:00:00,0.89442,0.89465,0.8944,0.89465,330,19,0
2024-06-25 23:30:00,0.89463,0.89467,0.89405,0.89405,697,25,0
2024-06-26 00:00:00,0.89406,0.89438,0.89406,0.89437,52,67,0
2024-06-26 00:30:00,0.89437,0.89476,0.89432,0.8945,713,31,0
2024-06-26 01:00:00,0.89459,0.89464,0.89433,0.8945,375,23,0
2024-06-26 01:30:00,0.89449,0.89474,0.89449,0.8947,194,21,0
2024-06-26 02:00:00,0.89474,0.89506,0.89473,0.89504,152,19,0
2024-06-26 02:30:00,0.89503,0.89526,0.89499,0.89526,176,20,0
2024-06-26 03:00:00,0.89526,0.89562,0.89521,0.89531,547,19,0
2024-06-26 03:30:00,0.89531,0.89546,0.89516,0.89526,742,19,0
2024-06-26 04:00:00,0.89526,0.8953,0.89484,0.89494,711,19,0
2024-06-26 04:30:00,0.89489,0.89528,0.89482,0.89498,1044,18,0
2024-06-26 05:00:00,0.89498,0.89498,0.89457,0.89463,700,18,0
2024-06-26 05:30:00,0.89464,0.89501,0.89457,0.8949,492,19,0
2024-06-26 06:00:00,0.8949,0.89496,0.8948,0.89482,434,16,0
2024-06-26 06:30:00,0.89482,0.89494,0.89475,0.89492,414,18,0
2024-06-26 07:00:00,0.8949,0.89501,0.89487,0.89489,509,20,0
2024-06-26 07:30:00,0.89488,0.89506,0.8948,0.89495,258,20,0
2024-06-26 08:00:00,0.89496,0.89523,0.89492,0.89519,291,20,0
2024-06-26 08:30:00,0.8952,0.89541,0.89502,0.89537,631,19,0
2024-06-26 09:00:00,0.89539,0.8959,0.89529,0.89587,690,19,0
2024-06-26 09:30:00,0.89585,0.89616,0.89566,0.89613,776,17,0
2024-06-26 10:00:00,0.89613,0.89642,0.8959,0.89611,1212,16,0
2024-06-26 10:30:00,0.8961,0.89632,0.89589,0.89602,1030,18,0
2024-06-26 11:00:00,0.89603,0.89652,0.89582,0.8965,832,17,0
2024-06-26 11:30:00,0.89652,0.89714,0.89652,0.89709,916,16,0
2024-06-26 12:00:00,0.89708,0.89729,0.89686,0.89721,1028,17,0
2024-06-26 12:30:00,0.89721,0.89763,0.89718,0.89747,1055,16,0
2024-06-26 13:00:00,0.89748,0.89822,0.89741,0.89821,1036,18,0
2024-06-26 13:30:00,0.89819,0.89819,0.89767,0.89791,1130,17,0
2024-06-26 14:00:00,0.89791,0.89821,0.89767,0.89796,1128,17,0
2024-06-26 14:30:00,0.89796,0.89804,0.89662,0.89674,1058,17,0
2024-06-26 15:00:00,0.89674,0.89699,0.89576,0.8963,1411,16,0
2024-06-26 15:30:00,0.89628,0.89674,0.89573,0.89615,1474,17,0
2024-06-26 16:00:00,0.89616,0.89747,0.89521,0.89747,2458,17,0
2024-06-26 16:30:00,0.8975,0.89752,0.89646,0.8968,3075,17,0
2024-06-26 17:00:00,0.89679,0.89732,0.89634,0.897,2350,16,0
2024-06-26 17:30:00,0.897,0.89723,0.89644,0.89699,2554,17,0
2024-06-26 18:00:00,0.89698,0.89736,0.89695,0.89722,1474,16,0
2024-06-26 18:30:00,0.89723,0.8976,0.89685,0.89733,990,16,0
2024-06-26 19:00:00,0.89728,0.89743,0.89706,0.89708,690,17,0
2024-06-26 19:30:00,0.89708,0.89769,0.89708,0.89753,703,16,0
2024-06-26 20:00:00,0.89751,0.89759,0.89693,0.89701,665,17,0
2024-06-26 20:30:00,0.89701,0.89717,0.89678,0.89681,979,17,0
2024-06-26 21:00:00,0.89681,0.89738,0.89678,0.89732,739,18,0
2024-06-26 21:30:00,0.89731,0.89733,0.8971,0.8972,870,19,0
2024-06-26 22:00:00,0.89721,0.89759,0.8972,0.8975,491,18,0
2024-06-26 22:30:00,0.89751,0.89759,0.89719,0.8972,357,19,0
2024-06-26 23:00:00,0.89719,0.89736,0.89715,0.8973,208,20,0
2024-06-26 23:30:00,0.8973,0.89734,0.89721,0.89724,207,23,0
2024-06-27 00:00:00,0.8972,0.89721,0.89651,0.89679,133,35,0
2024-06-27 00:30:00,0.89681,0.89722,0.89671,0.897,580,36,0
2024-06-27 01:00:00,0.89699,0.89715,0.89672,0.89691,542,19,0
2024-06-27 01:30:00,0.8969,0.89699,0.89688,0.89693,154,19,0
2024-06-27 02:00:00,0.89693,0.89706,0.89686,0.89702,397,19,0
2024-06-27 02:30:00,0.89702,0.89708,0.89684,0.89698,430,18,0
2024-06-27 03:00:00,0.89698,0.89699,0.89677,0.89696,1064,18,0
2024-06-27 03:30:00,0.89696,0.8974,0.89688,0.89723,798,19,0
2024-06-27 04:00:00,0.89722,0.89728,0.89701,0.89707,550,18,0
2024-06-27 04:30:00,0.89704,0.8972,0.89681,0.89689,1277,18,0
2024-06-27 05:00:00,0.89689,0.89693,0.89656,0.89676,1034,18,0
2024-06-27 05:30:00,0.89677,0.89697,0.89666,0.89687,354,19,0
2024-06-27 06:00:00,0.89687,0.89706,0.89678,0.89683,387,19,0
2024-06-27 06:30:00,0.89683,0.89693,0.89678,0.89687,415,19,0
2024-06-27 07:00:00,0.89686,0.89688,0.89667,0.89684,928,20,0
2024-06-27 07:30:00,0.89679,0.89685,0.89656,0.89661,252,20,0
2024-06-27 08:00:00,0.89659,0.89692,0.89658,0.89687,343,20,0
2024-06-27 08:30:00,0.89689,0.8969,0.89647,0.89652,388,20,0
2024-06-27 09:00:00,0.89648,0.89686,0.89647,0.89649,592,17,0
2024-06-27 09:30:00,0.89648,0.89706,0.8964,0.8969,733,18,0
2024-06-27 10:00:00,0.8969,0.89717,0.89671,0.89711,1158,18,0
2024-06-27 10:30:00,0.89712,0.89767,0.89706,0.89732,1585,18,0
2024-06-27 11:00:00,0.89732,0.89794,0.89716,0.89773,1170,17,0
2024-06-27 11:30:00,0.89773,0.89783,0.89739,0.89759,1022,17,0
2024-06-27 12:00:00,0.89756,0.89768,0.89667,0.89695,939,17,0
2024-06-27 12:30:00,0.89695,0.89714,0.89679,0.89693,866,18,0
2024-06-27 13:00:00,0.89693,0.89717,0.89668,0.89678,910,18,0
2024-06-27 13:30:00,0.89676,0.89714,0.89667,0.89703,1194,17,0
2024-06-27 14:00:00,0.89703,0.89731,0.89697,0.89726,760,19,0
2024-06-27 14:30:00,0.89726,0.8978,0.89717,0.8978,687,18,0
2024-06-27 15:00:00,0.8978,0.89788,0.8975,0.89764,1031,17,0
2024-06-27 15:30:00,0.89783,0.89794,0.89596,0.89617,3337,16,0
2024-06-27 16:00:00,0.89616,0.89647,0.89564,0.89591,1914,16,0
2024-06-27 16:30:00,0.89591,0.89725,0.89579,0.89686,2472,16,0
2024-06-27 17:00:00,0.89686,0.89733,0.89666,0.89725,2534,16,0
2024-06-27 17:30:00,0.89724,0.89739,0.89661,0.89688,1867,16,0
2024-06-27 18:00:00,0.8969,0.89791,0.89684,0.89784,1139,17,0
2024-06-27 18:30:00,0.89782,0.89807,0.89741,0.89796,984,16,0
2024-06-27 19:00:00,0.89796,0.89818,0.89781,0.89804,860,18,0
2024-06-27 19:30:00,0.89804,0.89832,0.89793,0.89796,735,17,0
2024-06-27 20:00:00,0.89797,0.89806,0.8978,0.89783,1266,19,0
2024-06-27 20:30:00,0.89783,0.89825,0.89775,0.8981,605,18,0
2024-06-27 21:00:00,0.89811,0.8984,0.89803,0.89829,731,18,0
2024-06-27 21:30:00,0.89829,0.89848,0.89805,0.89838,1083,19,0
2024-06-27 22:00:00,0.89837,0.89863,0.89835,0.89854,714,19,0
2024-06-27 22:30:00,0.89854,0.89872,0.89849,0.8987,563,18,0
2024-06-27 23:00:00,0.89868,0.89875,0.89844,0.89865,192,18,0
2024-06-27 23:30:00,0.89865,0.89875,0.89824,0.89824,705,22,0
2024-06-28 00:00:00,0.89834,0.89857,0.89824,0.8985,85,32,0
2024-06-28 00:30:00,0.8985,0.89858,0.89765,0.89776,586,32,0
2024-06-28 01:00:00,0.89781,0.89856,0.89781,0.89842,253,23,0
2024-06-28 01:30:00,0.89843,0.89859,0.89843,0.89858,193,20,0
2024-06-28 02:00:00,0.89857,0.89864,0.89842,0.89844,155,20,0
2024-06-28 02:30:00,0.89842,0.89852,0.89833,0.89849,318,18,0
2024-06-28 03:00:00,0.89849,0.89866,0.89844,0.89857,452,17,0
2024-06-28 03:30:00,0.89858,0.89945,0.89852,0.89942,583,16,0
2024-06-28 04:00:00,0.89943,0.89977,0.8992,0.89975,998,18,0
2024-06-28 04:30:00,0.89975,0.89992,0.89954,0.89978,774,17,0
2024-06-28 05:00:00,0.89976,0.89989,0.89933,0.89945,499,18,0
2024-06-28 05:30:00,0.89944,0.89944,0.89903,0.89919,554,17,0
2024-06-28 06:00:00,0.89919,0.89945,0.89917,0.89933,304,17,0
2024-06-28 06:30:00,0.89933,0.89943,0.89912,0.8992,635,17,0
2024-06-28 07:00:00,0.89922,0.89969,0.89919,0.89953,374,18,0
2024-06-28 07:30:00,0.89953,0.8996,0.8994,0.89941,579,20,0
2024-06-28 08:00:00,0.89941,0.89944,0.89917,0.89934,521,20,0
2024-06-28 08:30:00,0.89933,0.89964,0.89924,0.89931,462,19,0
2024-06-28 09:00:00,0.89931,0.89977,0.89847,0.89887,1381,16,0
2024-06-28 09:30:00,0.89887,0.89929,0.89875,0.89912,795,16,0
2024-06-28 10:00:00,0.89911,0.9,0.899,0.89911,1492,17,0
2024-06-28 10:30:00,0.89906,0.89949,0.8986,0.89947,1348,16,0
2024-06-28 11:00:00,0.89947,0.89994,0.89917,0.89991,1371,18,0
2024-06-28 11:30:00,0.89991,0.90009,0.89933,0.89938,2011,16,0
2024-06-28 12:00:00,0.89937,0.8997,0.89935,0.89948,1659,18,0
2024-06-28 12:30:00,0.89947,0.89964,0.89872,0.89913,1402,17,0
2024-06-28 13:00:00,0.89914,0.89921,0.89866,0.89878,1048,17,0
2024-06-28 13:30:00,0.89878,0.8989,0.89841,0.89872,807,18,0
2024-06-28 14:00:00,0.89872,0.90001,0.89866,0.9,922,16,0
2024-06-28 14:30:00,0.9,0.9001,0.89986,0.89997,826,17,0
2024-06-28 15:00:00,0.89995,0.90031,0.89945,0.8996,1657,16,0
2024-06-28 15:30:00,0.89962,0.90009,0.89833,0.89926,3568,16,0
2024-06-28 16:00:00,0.89924,0.8993,0.89854,0.89905,2132,16,0
2024-06-28 16:30:00,0.89906,0.89906,0.89785,0.8988,2207,16,0
2024-06-28 17:00:00,0.89881,0.89979,0.89852,0.89938,2820,16,0
2024-06-28 17:30:00,0.89937,0.90089,0.89823,0.89874,3832,16,0
2024-06-28 18:00:00,0.89874,0.89917,0.89813,0.8985,2765,17,0
2024-06-28 18:30:00,0.89849,0.8992,0.89826,0.89909,1432,18,0
2024-06-28 19:00:00,0.8991,0.89919,0.89834,0.8985,1551,18,0
2024-06-28 19:30:00,0.89851,0.89877,0.89822,0.89837,743,17,0
2024-06-28 20:00:00,0.89836,0.89846,0.89784,0.89833,865,17,0
2024-06-28 20:30:00,0.89833,0.89852,0.89816,0.89827,571,17,0
2024-06-28 21:00:00,0.89826,0.89837,0.89797,0.89809,954,19,0
2024-06-28 21:30:00,0.89811,0.89861,0.89804,0.89845,787,19,0
2024-06-28 22:00:00,0.89847,0.89861,0.89832,0.89845,1003,18,0
2024-06-28 22:30:00,0.89847,0.89861,0.89817,0.89822,1256,18,0
2024-06-28 23:00:00,0.89823,0.89851,0.89819,0.8984,884,19,0
2024-06-28 23:30:00,0.89839,0.89873,0.89786,0.89814,852,23,0
2024-07-01 00:00:00,0.89772,0.8981,0.89643,0.89792,155,81,0
2024-07-01 00:30:00,0.89808,0.89858,0.89788,0.89837,558,49,0
2024-07-01 01:00:00,0.8983,0.90024,0.89797,0.90022,1068,18,0
2024-07-01 01:30:00,0.9002,0.9002,0.89938,0.8997,952,19,0
2024-07-01 02:00:00,0.89971,0.90002,0.89949,0.90001,849,19,0
2024-07-01 02:30:00,0.90002,0.90033,0.89987,0.90029,882,18,0
2024-07-01 03:00:00,0.90029,0.9004,0.89924,0.89956,1467,17,0
2024-07-01 03:30:00,0.89956,0.89969,0.89929,0.89943,908,17,0
2024-07-01 04:00:00,0.89943,0.89967,0.89879,0.89895,891,18,0
2024-07-01 04:30:00,0.89895,0.89919,0.89885,0.89913,929,18,0
2024-07-01 05:00:00,0.89914,0.89917,0.89896,0.89902,747,18,0
2024-07-01 05:30:00,0.89903,0.89913,0.89896,0.89903,382,17,0
2024-07-01 06:00:00,0.89902,0.89954,0.89902,0.89953,391,17,0
2024-07-01 06:30:00,0.89954,0.89975,0.89953,0.89962,360,19,0
2024-07-01 07:00:00,0.89962,0.89965,0.89939,0.89963,473,17,0
2024-07-01 07:30:00,0.89965,0.89971,0.89944,0.8995,423,19,0
2024-07-01 08:00:00,0.89953,0.89966,0.89914,0.89921,494,19,0
2024-07-01 08:30:00,0.89921,0.89958,0.89902,0.89945,822,17,0
2024-07-01 09:00:00,0.89948,0.8995,0.89851,0.89863,1516,17,0
2024-07-01 09:30:00,0.89864,0.89897,0.89831,0.89858,1499,16,0
2024-07-01 10:00:00,0.89857,0.89941,0.89835,0.89917,1886,18,0
2024-07-01 10:30:00,0.89922,0.90027,0.89908,0.90018,1566,16,0
2024-07-01 11:00:00,0.90021,0.90074,0.8998,0.89991,1668,16,0
2024-07-01 11:30:00,0.89991,0.90018,0.89931,0.90016,1572,18,0
2024-07-01 12:00:00,0.90016,0.90037,0.89956,0.90037,1558,16,0
2024-07-01 12:30:00,0.90038,0.90095,0.90022,0.90078,752,17,0
2024-07-01 13:00:00,0.90078,0.90153,0.90067,0.90148,1426,19,0
2024-07-01 13:30:00,0.90148,0.9016,0.90098,0.90127,1356,16,0
2024-07-01 14:00:00,0.90127,0.90133,0.90098,0.90107,937,18,0
2024-07-01 14:30:00,0.90107,0.90146,0.90098,0.9011,695,16,0
2024-07-01 15:00:00,0.90114,0.90189,0.9011,0.90174,1204,17,0
2024-07-01 15:30:00,0.90173,0.90236,0.90163,0.90229,1167,17,0
2024-07-01 16:00:00,0.90225,0.90269,0.90207,0.90215,1776,16,0
2024-07-01 16:30:00,0.90216,0.90229,0.90098,0.90099,1729,16,0
2024-07-01 17:00:00,0.90077,0.90218,0.8991,0.90192,2864,17,0
2024-07-01 17:30:00,0.90191,0.90431,0.9018,0.90388,2308,16,0
2024-07-01 18:00:00,0.90384,0.90438,0.90378,0.90387,1677,16,0
2024-07-01 18:30:00,0.90386,0.90422,0.90361,0.90382,1199,17,0
2024-07-01 19:00:00,0.90381,0.90395,0.90346,0.90366,875,17,0
2024-07-01 19:30:00,0.90367,0.90373,0.9033,0.90345,696,17,0
2024-07-01 20:00:00,0.90343,0.90369,0.90342,0.90351,384,18,0
2024-07-01 20:30:00,0.90352,0.90382,0.9035,0.90379,417,18,0
2024-07-01 21:00:00,0.90376,0.90392,0.90367,0.90371,567,17,0
2024-07-01 21:30:00,0.9037,0.90372,0.90326,0.90343,565,18,0
2024-07-01 22:00:00,0.90343,0.90344,0.90319,0.90328,689,18,0
2024-07-01 22:30:00,0.9033,0.90335,0.90293,0.90293,866,17,0
2024-07-01 23:00:00,0.90294,0.90308,0.90274,0.90279,320,20,0
2024-07-01 23:30:00,0.90279,0.90279,0.90241,0.90248,205,22,0
2024-07-02 00:00:00,0.90248,0.90254,0.90222,0.90224,111,51,0
2024-07-02 00:30:00,0.90225,0.90271,0.90225,0.90236,1399,38,0
2024-07-02 01:00:00,0.90234,0.90293,0.90222,0.90289,253,21,0
2024-07-02 01:30:00,0.90289,0.90304,0.90283,0.90301,194,23,0
2024-07-02 02:00:00,0.90302,0.90313,0.90295,0.90303,175,19,0
2024-07-02 02:30:00,0.90303,0.90319,0.90302,0.90317,216,20,0
2024-07-02 03:00:00,0.90317,0.90335,0.90311,0.90316,687,17,0
2024-07-02 03:30:00,0.90316,0.90352,0.90297,0.90323,902,16,0
2024-07-02 04:00:00,0.90322,0.90357,0.90297,0.90348,622,18,0
2024-07-02 04:30:00,0.90348,0.90351,0.90327,0.90338,473,19,0
2024-07-02 05:00:00,0.90338,0.9035,0.90329,0.90344,370,19,0
2024-07-02 05:30:00,0.90344,0.90354,0.90333,0.90344,396,18,0
2024-07-02 06:00:00,0.90343,0.90373,0.90342,0.90371,473,18,0
2024-07-02 06:30:00,0.90371,0.90388,0.90369,0.90378,344,19,0
2024-07-02 07:00:00,0.90378,0.90381,0.90366,0.90381,263,19,0
2024-07-02 07:30:00,0.90379,0.904,0.90374,0.90389,314,17,0
2024-07-02 08:00:00,0.90388,0.90399,0.90374,0.90384,334,19,0
2024-07-02 08:30:00,0.90385,0.90391,0.90374,0.90383,359,17,0
2024-07-02 09:00:00,0.90383,0.90401,0.90376,0.9038,1069,17,0
2024-07-02 09:30:00,0.90381,0.90432,0.9038,0.90431,747,17,0
2024-07-02 10:00:00,0.90431,0.9046,0.90415,0.90432,1517,16,0
2024-07-02 10:30:00,0.90431,0.90455,0.90348,0.90349,1228,16,0
2024-07-02 11:00:00,0.90347,0.90434,0.90341,0.90434,1205,18,0
2024-07-02 11:30:00,0.90435,0.90443,0.90384,0.90412,1138,17,0
2024-07-02 12:00:00,0.90413,0.90421,0.9039,0.90413,965,16,0
2024-07-02 12:30:00,0.90413,0.90422,0.90384,0.90404,686,17,0
2024-07-02 13:00:00,0.90402,0.90409,0.90379,0.9039,571,17,0
2024-07-02 13:30:00,0.90387,0.90394,0.90362,0.90374,639,16,0
2024-07-02 14:00:00,0.90373,0.90386,0.90365,0.90373,508,19,0
2024-07-02 14:30:00,0.90373,0.9039,0.90357,0.90368,598,17,0
2024-07-02 15:00:00,0.90367,0.90425,0.90354,0.90416,1301,17,0
2024-07-02 15:30:00,0.90417,0.90422,0.90351,0.90416,1347,18,0
2024-07-02 16:00:00,0.90414,0.90481,0.90401,0.90475,1852,17,0
2024-07-02 16:30:00,0.90474,0.90486,0.90308,0.90375,2385,16,0
2024-07-02 17:00:00,0.9039,0.90489,0.90368,0.90427,3320,16,0
2024-07-02 17:30:00,0.90429,0.90432,0.90311,0.9032,3180,17,0
2024-07-02 18:00:00,0.90324,0.90397,0.90312,0.90374,1549,16,0
2024-07-02 18:30:00,0.90373,0.90469,0.9037,0.90456,1022,17,0
2024-07-02 19:00:00,0.90457,0.90477,0.9045,0.90474,657,18,0
2024-07-02 19:30:00,0.90473,0.90475,0.90433,0.9044,545,17,0
2024-07-02 20:00:00,0.90441,0.90457,0.90431,0.90451,472,17,0
2024-07-02 20:30:00,0.90452,0.9047,0.90408,0.90423,438,17,0
2024-07-02 21:00:00,0.90423,0.9043,0.90405,0.90422,501,19,0
2024-07-02 21:30:00,0.90423,0.90436,0.90408,0.90414,579,18,0
2024-07-02 22:00:00,0.90414,0.90425,0.90363,0.90364,525,19,0
2024-07-02 22:30:00,0.90363,0.90385,0.90357,0.90376,423,19,0
2024-07-02 23:00:00,0.90377,0.90381,0.90361,0.90374,303,20,0
2024-07-02 23:30:00,0.90374,0.90388,0.90374,0.90376,115,23,0
2024-07-03 00:00:00,0.90369,0.90369,0.903,0.90343,236,34,0
2024-07-03 00:30:00,0.90343,0.9037,0.90343,0.90346,193,44,0
2024-07-03 01:00:00,0.90346,0.90356,0.90332,0.90351,292,19,0
2024-07-03 01:30:00,0.9035,0.90371,0.90348,0.90363,236,19,0
2024-07-03 02:00:00,0.90364,0.90378,0.90362,0.90374,175,19,0
2024-07-03 02:30:00,0.90373,0.90378,0.90357,0.90368,150,19,0
2024-07-03 03:00:00,0.90366,0.90379,0.90347,0.90359,432,18,0
2024-07-03 03:30:00,0.90359,0.90386,0.90359,0.90373,366,17,0
2024-07-03 04:00:00,0.90374,0.90402,0.90372,0.90398,434,18,0
2024-07-03 04:30:00,0.90395,0.90428,0.90393,0.90416,283,17,0
2024-07-03 05:00:00,0.90416,0.90419,0.9039,0.90393,312,20,0
2024-07-03 05:30:00,0.90394,0.90408,0.90378,0.90404,428,20,0
2024-07-03 06:00:00,0.90406,0.90407,0.90392,0.90402,276,20,0
2024-07-03 06:30:00,0.90402,0.90409,0.90391,0.90406,204,18,0
2024-07-03 07:00:00,0.90406,0.90406,0.90394,0.90394,181,19,0
2024-07-03 07:30:00,0.90396,0.90418,0.90394,0.90413,247,21,0
2024-07-03 08:00:00,0.90413,0.90454,0.90413,0.9045,463,19,0
2024-07-03 08:30:00,0.90449,0.90459,0.90445,0.90452,397,19,0
2024-07-03 09:00:00,0.90451,0.90488,0.90442,0.90484,505,19,0
2024-07-03 09:30:00,0.90483,0.90491,0.90436,0.90488,689,18,0
2024-07-03 10:00:00,0.90486,0.90495,0.90403,0.90426,1236,17,0
2024-07-03 10:30:00,0.90426,0.90428,0.9036,0.90373,1150,18,0
2024-07-03 11:00:00,0.90375,0.90399,0.90357,0.90372,1040,17,0
2024-07-03 11:30:00,0.9037,0.90377,0.90333,0.90357,1136,16,0
2024-07-03 12:00:00,0.90355,0.90373,0.9031,0.9032,590,17,0
2024-07-03 12:30:00,0.9032,0.90347,0.90256,0.90265,1086,17,0
2024-07-03 13:00:00,0.90264,0.90303,0.90248,0.90279,842,17,0
2024-07-03 13:30:00,0.90279,0.90312,0.90275,0.90297,547,16,0
2024-07-03 14:00:00,0.90296,0.90344,0.90293,0.90321,754,18,0
2024-07-03 14:30:00,0.90322,0.90323,0.90273,0.90317,1021,19,0
2024-07-03 15:00:00,0.90317,0.90329,0.90281,0.90297,1352,16,0
2024-07-03 15:30:00,0.90297,0.90298,0.90251,0.90256,2211,16,0
2024-07-03 16:00:00,0.90258,0.90276,0.90143,0.90167,1482,17,0
2024-07-03 16:30:00,0.90166,0.90185,0.90139,0.90163,1269,18,0
2024-07-03 17:00:00,0.90038,0.90062,0.89844,0.89993,4034,17,0
2024-07-03 17:30:00,0.89994,0.90108,0.89973,0.90102,3052,16,0
2024-07-03 18:00:00,0.90102,0.9011,0.90031,0.90063,2262,17,0
2024-07-03 18:30:00,0.90064,0.90103,0.90048,0.90066,1228,18,0
2024-07-03 19:00:00,0.90065,0.90068,0.90033,0.9006,836,16,0
2024-07-03 19:30:00,0.9006,0.90083,0.90046,0.9006,802,18,0
2024-07-03 20:00:00,0.90061,0.9012,0.9006,0.9011,767,16,0
2024-07-03 20:30:00,0.90111,0.90137,0.90081,0.90081,469,18,0
2024-07-03 21:00:00,0.90091,0.90176,0.90091,0.90174,584,18,0
2024-07-03 21:30:00,0.90174,0.90178,0.90146,0.90167,502,17,0
2024-07-03 22:00:00,0.90166,0.90172,0.90127,0.90132,892,18,0
2024-07-03 22:30:00,0.90131,0.90138,0.9012,0.90133,331,20,0
2024-07-03 23:00:00,0.90134,0.90153,0.90117,0.90142,272,20,0
2024-07-03 23:30:00,0.90137,0.9015,0.90102,0.90102,211,24,0
2024-07-04 00:00:00,0.90096,0.90151,0.90067,0.90102,199,86,0
2024-07-04 00:30:00,0.90106,0.90142,0.90058,0.90113,3043,51,0
2024-07-04 01:00:00,0.90119,0.90162,0.90111,0.90152,211,17,0
2024-07-04 01:30:00,0.90151,0.90154,0.90117,0.90118,449,18,0
2024-07-04 02:00:00,0.90119,0.90127,0.90113,0.90119,140,19,0
2024-07-04 02:30:00,0.90119,0.90123,0.90072,0.90075,322,19,0
2024-07-04 03:00:00,0.90075,0.90112,0.90066,0.90108,510,19,0
2024-07-04 03:30:00,0.90108,0.90111,0.90051,0.90056,538,19,0
2024-07-04 04:00:00,0.90052,0.90087,0.90022,0.90071,728,18,0
2024-07-04 04:30:00,0.90072,0.90087,0.90061,0.90066,307,18,0
2024-07-04 05:00:00,0.90068,0.90085,0.90059,0.90084,379,18,0
2024-07-04 05:30:00,0.90083,0.90087,0.90072,0.90081,272,17,0
2024-07-04 06:00:00,0.90081,0.90087,0.90075,0.90081,256,18,0
2024-07-04 06:30:00,0.90081,0.90109,0.90079,0.90091,223,18,0
2024-07-04 07:00:00,0.90092,0.90098,0.90086,0.90096,373,19,0
2024-07-04 07:30:00,0.90094,0.90101,0.90086,0.90097,160,19,0
2024-07-04 08:00:00,0.90096,0.90097,0.90081,0.9009,291,17,0
2024-07-04 08:30:00,0.9009,0.90091,0.89992,0.89996,504,19,0
2024-07-04 09:00:00,0.89995,0.90052,0.89995,0.90044,689,18,0
2024-07-04 09:30:00,0.90047,0.90384,0.90047,0.90333,2435,17,0
2024-07-04 10:00:00,0.90341,0.90345,0.90238,0.90284,2003,17,0
2024-07-04 10:30:00,0.90285,0.90285,0.90138,0.90141,1728,17,0
2024-07-04 11:00:00,0.90137,0.90163,0.90094,0.90107,1585,16,0
2024-07-04 11:30:00,0.90108,0.90163,0.90108,0.90122,1020,18,0
2024-07-04 12:00:00,0.90122,0.90122,0.90041,0.90047,1095,16,0
2024-07-04 12:30:00,0.90046,0.90078,0.9003,0.90036,1027,16,0
2024-07-04 13:00:00,0.90035,0.9008,0.90028,0.90048,521,17,0
2024-07-04 13:30:00,0.90048,0.90073,0.9,0.90004,838,17,0
2024-07-04 14:00:00,0.90005,0.90016,0.8995,0.90016,955,17,0
2024-07-04 14:30:00,0.90016,0.90018,0.89949,0.8996,1228,18,0
2024-07-04 15:00:00,0.89959,0.89973,0.89904,0.89942,1255,18,0
2024-07-04 15:30:00,0.89942,0.90036,0.89938,0.89987,1029,17,0
2024-07-04 16:00:00,0.89987,0.90047,0.89984,0.90027,821,18,0
2024-07-04 16:30:00,0.90028,0.90033,0.8996,0.89984,1014,16,0
2024-07-04 17:00:00,0.89984,0.9,0.89943,0.89959,846,17,0
2024-07-04 17:30:00,0.89958,0.89999,0.89934,0.89989,1179,16,0
2024-07-04 18:00:00,0.8999,0.89997,0.89958,0.89983,808,17,0
2024-07-04 18:30:00,0.89983,0.89998,0.89973,0.89982,281,19,0
2024-07-04 19:00:00,0.89983,0.89988,0.89955,0.89958,348,18,0
2024-07-04 19:30:00,0.89958,0.90009,0.89958,0.89978,394,17,0
2024-07-04 20:00:00,0.8998,0.8998,0.89962,0.89971,102,18,0
2024-07-04 20:30:00,0.89968,0.89975,0.89967,0.89975,92,18,0
2024-07-04 21:00:00,0.89976,0.89994,0.89975,0.89988,137,19,0
2024-07-04 21:30:00,0.89988,0.89996,0.89983,0.89994,169,20,0
2024-07-04 22:00:00,0.89995,0.89996,0.89977,0.89981,266,20,0
2024-07-04 22:30:00,0.8998,0.89993,0.89971,0.89987,185,18,0
2024-07-04 23:00:00,0.89987,0.89992,0.89973,0.89984,101,20,0
2024-07-04 23:30:00,0.89984,0.9,0.89969,0.89983,138,24,0
2024-07-05 00:00:00,0.89985,0.89988,0.89978,0.8998,26,49,0
2024-07-05 00:30:00,0.8998,0.89994,0.89973,0.89978,50,37,0
2024-07-05 01:00:00,0.89983,0.90004,0.89963,0.90003,191,21,0
2024-07-05 01:30:00,0.90003,0.90014,0.90001,0.90002,70,20,0
2024-07-05 02:00:00,0.9,0.90002,0.8998,0.89996,134,20,0
2024-07-05 02:30:00,0.89996,0.9002,0.89993,0.90016,166,20,0
2024-07-05 03:00:00,0.90016,0.90026,0.89981,0.89984,511,17,0
2024-07-05 03:30:00,0.89983,0.89985,0.89943,0.89963,993,18,0
2024-07-05 04:00:00,0.89963,0.89973,0.89923,0.8995,729,20,0
2024-07-05 04:30:00,0.8995,0.89957,0.89929,0.89932,671,20,0
2024-07-05 05:00:00,0.89933,0.89941,0.8991,0.89911,305,18,0
2024-07-05 05:30:00,0.89912,0.89913,0.89892,0.89896,313,18,0
2024-07-05 06:00:00,0.89896,0.899,0.89817,0.89819,745,18,0
2024-07-05 06:30:00,0.89819,0.89853,0.89819,0.8984,556,18,0
2024-07-05 07:00:00,0.8984,0.89854,0.89836,0.89842,421,19,0
2024-07-05 07:30:00,0.89841,0.89846,0.8983,0.8984,369,19,0
2024-07-05 08:00:00,0.89841,0.89865,0.89836,0.89862,306,19,0
2024-07-05 08:30:00,0.89863,0.89872,0.89821,0.89827,335,19,0
2024-07-05 09:00:00,0.89825,0.89829,0.89792,0.89809,629,17,0
2024-07-05 09:30:00,0.89808,0.89876,0.89805,0.89866,715,18,0
2024-07-05 10:00:00,0.89872,0.89893,0.89851,0.89864,1244,17,0
2024-07-05 10:30:00,0.89863,0.8987,0.89794,0.89794,1244,17,0
2024-07-05 11:00:00,0.89794,0.89874,0.89791,0.89838,1179,18,0
2024-07-05 11:30:00,0.89838,0.89843,0.89784,0.89821,864,18,0
2024-07-05 12:00:00,0.8982,0.89827,0.89779,0.89786,675,18,0
2024-07-05 12:30:00,0.89787,0.89817,0.8978,0.89792,675,17,0
2024-07-05 13:00:00,0.89793,0.89826,0.89784,0.89825,695,19,0
2024-07-05 13:30:00,0.89826,0.89889,0.89825,0.89859,555,17,0
2024-07-05 14:00:00,0.89858,0.89898,0.89847,0.89878,871,19,0
2024-07-05 14:30:00,0.89878,0.8991,0.89849,0.89904,1008,17,0
2024-07-05 15:00:00,0.89904,0.89924,0.89825,0.89825,1201,16,0
2024-07-05 15:30:00,0.89823,0.90034,0.89715,0.8979,6611,17,0
2024-07-05 16:00:00,0.89788,0.89831,0.89704,0.89729,4004,16,0
2024-07-05 16:30:00,0.89728,0.89858,0.89691,0.89835,3508,17,0
2024-07-05 17:00:00,0.89834,0.899,0.89829,0.89893,3247,17,0
2024-07-05 17:30:00,0.89893,0.89893,0.89766,0.89784,3072,17,0
2024-07-05 18:00:00,0.89783,0.89815,0.89725,0.8973,1690,17,0
2024-07-05 18:30:00,0.89731,0.89772,0.89717,0.89747,1190,18,0
2024-07-05 19:00:00,0.89743,0.89747,0.89716,0.89741,1047,18,0
2024-07-05 19:30:00,0.8974,0.89777,0.89739,0.89749,749,17,0
2024-07-05 20:00:00,0.89748,0.8975,0.89701,0.89705,877,18,0
2024-07-05 20:30:00,0.89705,0.89719,0.8965,0.89674,584,18,0
2024-07-05 21:00:00,0.89674,0.89674,0.89566,0.8958,699,16,0
2024-07-05 21:30:00,0.89582,0.89618,0.89572,0.89579,560,17,0
2024-07-05 22:00:00,0.8958,0.89588,0.89541,0.8956,561,19,0
2024-07-05 22:30:00,0.89561,0.89565,0.89529,0.89563,667,18,0
2024-07-05 23:00:00,0.89564,0.89566,0.89547,0.89565,271,20,0
2024-07-05 23:30:00,0.89564,0.89578,0.89521,0.89521,400,23,0
2024-07-08 00:00:00,0.89537,0.89589,0.89459,0.895,259,44,0
2024-07-08 00:30:00,0.89499,0.89546,0.89488,0.89527,512,57,0
2024-07-08 01:00:00,0.89528,0.89528,0.8942,0.89469,841,21,0
2024-07-08 01:30:00,0.8947,0.89522,0.89453,0.89507,493,18,0
2024-07-08 02:00:00,0.89505,0.89515,0.89472,0.89502,668,18,0
2024-07-08 02:30:00,0.89503,0.89522,0.89486,0.8952,681,19,0
2024-07-08 03:00:00,0.8952,0.89541,0.89507,0.89523,802,19,0
2024-07-08 03:30:00,0.89523,0.89559,0.89521,0.89543,770,17,0
2024-07-08 04:00:00,0.89543,0.89564,0.89534,0.8956,621,17,0
2024-07-08 04:30:00,0.8956,0.89564,0.89518,0.89522,610,18,0
2024-07-08 05:00:00,0.89521,0.89534,0.89493,0.8951,793,19,0
2024-07-08 05:30:00,0.89509,0.89523,0.89502,0.89513,446,18,0
2024-07-08 06:00:00,0.89514,0.89527,0.89484,0.89485,408,19,0
2024-07-08 06:30:00,0.89485,0.89526,0.89482,0.89523,606,18,0
2024-07-08 07:00:00,0.89521,0.89555,0.89518,0.89523,942,19,0
2024-07-08 07:30:00,0.89524,0.89528,0.89492,0.89493,427,19,0
2024-07-08 08:00:00,0.89494,0.89521,0.89478,0.8951,655,18,0
2024-07-08 08:30:00,0.89509,0.89542,0.89507,0.89515,521,19,0
2024-07-08 09:00:00,0.89516,0.89516,0.89462,0.89485,1542,17,0
2024-07-08 09:30:00,0.89486,0.8949,0.89441,0.89452,1619,18,0
2024-07-08 10:00:00,0.89451,0.89515,0.89439,0.89472,1746,17,0
2024-07-08 10:30:00,0.89472,0.89481,0.89445,0.89467,1511,18,0
2024-07-08 11:00:00,0.89466,0.89559,0.89466,0.89505,1513,16,0
2024-07-08 11:30:00,0.89511,0.89561,0.89489,0.89538,1443,18,0
2024-07-08 12:00:00,0.8954,0.89557,0.89515,0.89515,901,18,0
2024-07-08 12:30:00,0.89515,0.89573,0.89511,0.89553,1136,17,0
2024-07-08 13:00:00,0.89552,0.89614,0.89551,0.89614,739,16,0
2024-07-08 13:30:00,0.89614,0.89664,0.89598,0.89598,1142,18,0
2024-07-08 14:00:00,0.89599,0.89616,0.89569,0.89581,880,17,0
2024-07-08 14:30:00,0.89582,0.89642,0.89571,0.89609,760,17,0
2024-07-08 15:00:00,0.89609,0.8963,0.89584,0.89608,1366,17,0
2024-07-08 15:30:00,0.89607,0.89629,0.89585,0.89613,1199,16,0
2024-07-08 16:00:00,0.89613,0.89647,0.89597,0.896,1603,17,0
2024-07-08 16:30:00,0.89602,0.89602,0.89552,0.89577,1391,16,0
2024-07-08 17:00:00,0.89579,0.89644,0.89567,0.89629,1229,16,0
2024-07-08 17:30:00,0.8963,0.89715,0.8961,0.89686,1709,16,0
2024-07-08 18:00:00,0.89688,0.89716,0.89668,0.897,987,16,0
2024-07-08 18:30:00,0.89699,0.89722,0.89684,0.89702,768,17,0
2024-07-08 19:00:00,0.89701,0.89719,0.89687,0.89708,593,18,0
2024-07-08 19:30:00,0.89708,0.89717,0.89694,0.89707,438,18,0
2024-07-08 20:00:00,0.89706,0.89717,0.89666,0.89689,689,18,0
2024-07-08 20:30:00,0.89688,0.897,0.89672,0.89691,264,17,0
2024-07-08 21:00:00,0.89691,0.89706,0.89685,0.89691,253,19,0
2024-07-08 21:30:00,0.89691,0.89717,0.8969,0.89694,445,19,0
2024-07-08 22:00:00,0.89695,0.89736,0.89683,0.89721,325,18,0
2024-07-08 22:30:00,0.89721,0.89734,0.89714,0.89733,263,18,0
2024-07-08 23:00:00,0.89733,0.89757,0.89726,0.8975,197,19,0
2024-07-08 23:30:00,0.89749,0.89755,0.89738,0.89747,210,25,0
2024-07-09 00:00:00,0.89753,0.89763,0.89705,0.89751,127,34,0
2024-07-09 00:30:00,0.89752,0.89766,0.89699,0.89748,774,32,0
2024-07-09 01:00:00,0.89753,0.89765,0.89741,0.89758,239,21,0
2024-07-09 01:30:00,0.89759,0.89769,0.89757,0.89758,245,21,0
2024-07-09 02:00:00,0.89756,0.89764,0.89736,0.89748,146,20,0
2024-07-09 02:30:00,0.89748,0.89776,0.89745,0.89772,188,19,0
2024-07-09 03:00:00,0.89771,0.89782,0.89748,0.89779,865,16,0
2024-07-09 03:30:00,0.8978,0.8982,0.89777,0.89813,458,17,0
2024-07-09 04:00:00,0.89812,0.8982,0.8979,0.89802,600,20,0
2024-07-09 04:30:00,0.89803,0.89852,0.89802,0.89837,660,20,0
2024-07-09 05:00:00,0.89839,0.89895,0.89838,0.89873,627,18,0
2024-07-09 05:30:00,0.89871,0.89873,0.89834,0.8985,331,17,0
2024-07-09 06:00:00,0.89849,0.89849,0.89811,0.89828,411,18,0
2024-07-09 06:30:00,0.89831,0.89835,0.89817,0.89829,459,17,0
2024-07-09 07:00:00,0.8983,0.89832,0.89804,0.89816,715,17,0
2024-07-09 07:30:00,0.89817,0.8983,0.89796,0.89813,571,17,0
2024-07-09 08:00:00,0.89814,0.89864,0.89804,0.89827,321,17,0
2024-07-09 08:30:00,0.89825,0.89834,0.89809,0.89821,476,19,0
2024-07-09 09:00:00,0.89822,0.89843,0.8979,0.89815,881,18,0
2024-07-09 09:30:00,0.89814,0.89833,0.89796,0.89807,643,18,0
2024-07-09 10:00:00,0.89805,0.89857,0.8978,0.89822,1080,17,0
2024-07-09 10:30:00,0.89821,0.89848,0.89791,0.89842,871,17,0
2024-07-09 11:00:00,0.89842,0.89861,0.89822,0.89849,875,18,0
2024-07-09 11:30:00,0.8985,0.89869,0.89843,0.89844,487,18,0
2024-07-09 12:00:00,0.89844,0.89847,0.89738,0.8976,1211,18,0
2024-07-09 12:30:00,0.8976,0.8977,0.89729,0.89746,1321,19,0
2024-07-09 13:00:00,0.89746,0.89775,0.89739,0.8976,844,19,0
2024-07-09 13:30:00,0.8976,0.89811,0.89746,0.89795,801,17,0
2024-07-09 14:00:00,0.89796,0.89844,0.89789,0.89807,1110,17,0
2024-07-09 14:30:00,0.89807,0.89838,0.89793,0.89803,1001,18,0
2024-07-09 15:00:00,0.89804,0.89828,0.89752,0.89775,1121,17,0
2024-07-09 15:30:00,0.89774,0.89829,0.89756,0.89796,1591,18,0
2024-07-09 16:00:00,0.89795,0.89795,0.89738,0.8975,1944,18,0
2024-07-09 16:30:00,0.89751,0.89758,0.89684,0.89724,2221,17,0
2024-07-09 17:00:00,0.89726,0.89855,0.89676,0.89768,3674,17,0
2024-07-09 17:30:00,0.89767,0.89794,0.89731,0.89764,3087,16,0
2024-07-09 18:00:00,0.89764,0.89824,0.89699,0.89817,1900,18,0
2024-07-09 18:30:00,0.89818,0.89824,0.89755,0.89772,1281,18,0
2024-07-09 19:00:00,0.89773,0.89777,0.89739,0.89758,1193,18,0
2024-07-09 19:30:00,0.89758,0.89791,0.89746,0.89765,694,17,0
2024-07-09 20:00:00,0.89764,0.89773,0.89721,0.89769,1090,17,0
2024-07-09 20:30:00,0.89771,0.89782,0.89727,0.89758,743,18,0
2024-07-09 21:00:00,0.89757,0.89763,0.89719,0.89762,678,18,0
2024-07-09 21:30:00,0.89763,0.89779,0.89755,0.89779,382,18,0
2024-07-09 22:00:00,0.8978,0.8979,0.89755,0.89762,627,16,0
2024-07-09 22:30:00,0.89763,0.89776,0.89762,0.89769,371,16,0
2024-07-09 23:00:00,0.89769,0.89778,0.89745,0.89749,231,17,0
2024-07-09 23:30:00,0.89749,0.89772,0.89748,0.89764,291,23,0
2024-07-10 00:00:00,0.89761,0.89761,0.89716,0.89726,105,37,0
2024-07-10 00:30:00,0.89724,0.89762,0.89721,0.89741,1090,38,0
2024-07-10 01:00:00,0.89742,0.89759,0.89727,0.89751,450,25,0
2024-07-10 01:30:00,0.89752,0.89759,0.89741,0.8975,750,20,0
2024-07-10 02:00:00,0.8975,0.89756,0.8974,0.89743,325,22,0
2024-07-10 02:30:00,0.89742,0.8975,0.89737,0.89749,529,21,0
2024-07-10 03:00:00,0.89748,0.89768,0.89739,0.89749,430,18,0
2024-07-10 03:30:00,0.89747,0.89794,0.89742,0.89789,698,18,0
2024-07-10 04:00:00,0.8979,0.89797,0.89776,0.89787,456,19,0
2024-07-10 04:30:00,0.89787,0.89811,0.89777,0.89783,660,19,0
2024-07-10 05:00:00,0.89782,0.89801,0.8977,0.89772,990,18,0
2024-07-10 05:30:00,0.89773,0.89783,0.8976,0.89763,525,19,0
2024-07-10 06:00:00,0.89764,0.89767,0.89731,0.89734,656,16,0
2024-07-10 06:30:00,0.89735,0.89736,0.89713,0.89724,498,19,0
2024-07-10 07:00:00,0.89725,0.89737,0.89724,0.89732,208,18,0
2024-07-10 07:30:00,0.89732,0.89735,0.89716,0.89723,403,17,0
2024-07-10 08:00:00,0.89724,0.89724,0.89702,0.8971,427,19,0
2024-07-10 08:30:00,0.89711,0.8973,0.89704,0.89729,299,16,0
2024-07-10 09:00:00,0.89726,0.89727,0.89701,0.89708,531,16,0
2024-07-10 09:30:00,0.89709,0.89742,0.89703,0.89712,471,18,0
2024-07-10 10:00:00,0.89712,0.89728,0.89662,0.89663,883,17,0
2024-07-10 10:30:00,0.89663,0.89723,0.89632,0.89711,975,19,0
2024-07-10 11:00:00,0.89705,0.89754,0.89683,0.89741,1202,17,0
2024-07-10 11:30:00,0.89741,0.89742,0.89711,0.89725,1011,17,0
2024-07-10 12:00:00,0.89725,0.89754,0.89723,0.89753,917,17,0
2024-07-10 12:30:00,0.89752,0.8978,0.89745,0.89765,824,19,0
2024-07-10 13:00:00,0.89768,0.89799,0.89764,0.89778,643,18,0
2024-07-10 13:30:00,0.89778,0.89815,0.89752,0.898,531,18,0
2024-07-10 14:00:00,0.898,0.89808,0.89773,0.89778,507,18,0
2024-07-10 14:30:00,0.89777,0.89813,0.89776,0.89799,902,18,0
2024-07-10 15:00:00,0.898,0.89822,0.89777,0.89793,1373,17,0
2024-07-10 15:30:00,0.89792,0.89831,0.8979,0.89803,1075,18,0
2024-07-10 16:00:00,0.89804,0.89899,0.89798,0.89883,1035,17,0
2024-07-10 16:30:00,0.89883,0.89966,0.89867,0.89926,2009,17,0
2024-07-10 17:00:00,0.89926,0.89957,0.89881,0.89921,1742,16,0
2024-07-10 17:30:00,0.89921,0.89966,0.89899,0.89941,1598,16,0
2024-07-10 18:00:00,0.8994,0.89963,0.89909,0.8992,999,16,0
2024-07-10 18:30:00,0.89922,0.8993,0.8989,0.89915,587,16,0
2024-07-10 19:00:00,0.89915,0.89923,0.89893,0.89915,559,16,0
2024-07-10 19:30:00,0.89914,0.89919,0.899,0.8991,414,16,0
2024-07-10 20:00:00,0.89911,0.89945,0.89892,0.89945,681,16,0
2024-07-10 20:30:00,0.89944,0.89953,0.8993,0.89951,520,16,0
2024-07-10 21:00:00,0.89952,0.90001,0.89949,0.89987,443,17,0
2024-07-10 21:30:00,0.89986,0.8999,0.8995,0.89965,431,18,0
2024-07-10 22:00:00,0.89965,0.89972,0.89953,0.8996,345,18,0
2024-07-10 22:30:00,0.89959,0.89974,0.89943,0.89951,442,18,0
2024-07-10 23:00:00,0.89952,0.89959,0.89933,0.89939,251,20,0
2024-07-10 23:30:00,0.89938,0.89952,0.89933,0.89945,510,24,0
2024-07-11 00:00:00,0.8994,0.8994,0.89876,0.89923,73,38,0
2024-07-11 00:30:00,0.89923,0.89925,0.89913,0.89921,33,36,0
2024-07-11 01:00:00,0.89921,0.89921,0.89899,0.89916,314,20,0
2024-07-11 01:30:00,0.89913,0.89914,0.899,0.89912,243,20,0
2024-07-11 02:00:00,0.89909,0.89928,0.89906,0.89927,387,19,0
2024-07-11 02:30:00,0.8993,0.89941,0.89909,0.89911,215,20,0
2024-07-11 03:00:00,0.89912,0.89913,0.8989,0.89902,514,18,0
2024-07-11 03:30:00,0.89902,0.89908,0.89874,0.89895,498,19,0
2024-07-11 04:00:00,0.89896,0.89915,0.89889,0.89906,315,18,0
2024-07-11 04:30:00,0.89903,0.89904,0.89848,0.89849,369,20,0
2024-07-11 05:00:00,0.8985,0.89872,0.89848,0.89868,324,18,0
2024-07-11 05:30:00,0.89868,0.89895,0.89865,0.89892,235,18,0
2024-07-11 06:00:00,0.89891,0.89915,0.89889,0.89912,503,19,0
2024-07-11 06:30:00,0.89912,0.89913,0.89902,0.89903,343,19,0
2024-07-11 07:00:00,0.89904,0.89909,0.89884,0.89899,210,18,0
2024-07-11 07:30:00,0.89899,0.89922,0.89893,0.89918,181,18,0
2024-07-11 08:00:00,0.89916,0.89937,0.89914,0.8993,418,19,0
2024-07-11 08:30:00,0.89929,0.89932,0.89908,0.89919,258,19,0
2024-07-11 09:00:00,0.89926,0.89946,0.89912,0.89931,929,19,0
2024-07-11 09:30:00,0.89932,0.89971,0.89925,0.89956,1034,18,0
2024-07-11 10:00:00,0.89957,0.89962,0.89904,0.89911,916,17,0
2024-07-11 10:30:00,0.89911,0.89913,0.89863,0.89892,918,18,0
2024-07-11 11:00:00,0.89892,0.89899,0.89858,0.89876,853,17,0
2024-07-11 11:30:00,0.89875,0.89891,0.89824,0.89832,901,16,0
2024-07-11 12:00:00,0.89833,0.89835,0.89798,0.89814,1062,16,0
2024-07-11 12:30:00,0.89817,0.89849,0.89813,0.89825,644,17,0
2024-07-11 13:00:00,0.89827,0.89828,0.89775,0.89793,547,18,0
2024-07-11 13:30:00,0.89793,0.89828,0.89789,0.89814,439,16,0
2024-07-11 14:00:00,0.89815,0.89816,0.89783,0.89787,434,18,0
2024-07-11 14:30:00,0.89787,0.89817,0.8978,0.89788,568,18,0
2024-07-11 15:00:00,0.89789,0.89863,0.8977,0.89785,1398,16,0
2024-07-11 15:30:00,0.89784,0.89793,0.89173,0.89318,8321,16,0
2024-07-11 16:00:00,0.8932,0.89331,0.89144,0.89297,6500,16,0
2024-07-11 16:30:00,0.89296,0.8939,0.89194,0.89225,5178,16,0
2024-07-11 17:00:00,0.89225,0.89361,0.89184,0.89361,3236,16,0
2024-07-11 17:30:00,0.89362,0.89383,0.89318,0.89359,2757,16,0
2024-07-11 18:00:00,0.89358,0.89431,0.89334,0.89391,2077,16,0
2024-07-11 18:30:00,0.89395,0.89409,0.89341,0.8938,1457,17,0
2024-07-11 19:00:00,0.8938,0.8942,0.89372,0.8941,1166,17,0
2024-07-11 19:30:00,0.89411,0.89432,0.89389,0.89424,815,17,0
2024-07-11 20:00:00,0.89423,0.89476,0.89407,0.89439,1235,16,0
2024-07-11 20:30:00,0.8944,0.89508,0.89436,0.89485,796,17,0
2024-07-11 21:00:00,0.89487,0.89565,0.89463,0.89558,870,18,0
2024-07-11 21:30:00,0.8956,0.89576,0.89525,0.89537,1473,18,0
2024-07-11 22:00:00,0.89535,0.89606,0.89534,0.89604,618,16,0
2024-07-11 22:30:00,0.89604,0.89639,0.89595,0.89625,670,17,0
2024-07-11 23:00:00,0.89625,0.89647,0.89622,0.89635,825,20,0
2024-07-11 23:30:00,0.89632,0.8964,0.89608,0.8963,969,22,0
2024-07-12 00:00:00,0.89631,0.89631,0.89483,0.89564,217,32,0
2024-07-12 00:30:00,0.89565,0.8963,0.89546,0.89573,656,46,0
2024-07-12 01:00:00,0.89574,0.89676,0.89574,0.89656,582,22,0
2024-07-12 01:30:00,0.89655,0.89675,0.89642,0.89671,794,20,0
2024-07-12 02:00:00,0.89669,0.89679,0.89529,0.89567,959,16,0
2024-07-12 02:30:00,0.89568,0.89695,0.89564,0.89603,3302,18,0
2024-07-12 03:00:00,0.89602,0.89623,0.89542,0.89596,2238,18,0
2024-07-12 03:30:00,0.89596,0.89608,0.89567,0.89592,1417,20,0
2024-07-12 04:00:00,0.89593,0.89645,0.89592,0.89624,940,18,0
2024-07-12 04:30:00,0.89625,0.89661,0.89617,0.89657,773,16,0
2024-07-12 05:00:00,0.89657,0.89689,0.89615,0.89671,826,16,0
2024-07-12 05:30:00,0.8967,0.89686,0.89665,0.89675,531,17,0
2024-07-12 06:00:00,0.89674,0.89691,0.89637,0.89641,436,20,0
2024-07-12 06:30:00,0.89642,0.89659,0.89635,0.89657,331,18,0
2024-07-12 07:00:00,0.89657,0.89658,0.89628,0.89637,359,19,0
2024-07-12 07:30:00,0.89638,0.89643,0.89601,0.89616,340,18,0
2024-07-12 08:00:00,0.89613,0.89615,0.89585,0.896,422,18,0
2024-07-12 08:30:00,0.89599,0.89601,0.89544,0.89555,672,18,0
2024-07-12 09:00:00,0.89555,0.89609,0.89543,0.89602,1184,19,0
2024-07-12 09:30:00,0.896,0.89612,0.89572,0.89597,1263,18,0
2024-07-12 10:00:00,0.89601,0.89619,0.89549,0.89563,1416,17,0
2024-07-12 10:30:00,0.89562,0.89595,0.89549,0.89565,963,17,0
2024-07-12 11:00:00,0.89565,0.89584,0.89538,0.89552,965,18,0
2024-07-12 11:30:00,0.89553,0.89592,0.89536,0.89573,960,19,0
2024-07-12 12:00:00,0.89572,0.89618,0.8957,0.89589,992,16,0
2024-07-12 12:30:00,0.89588,0.89631,0.8958,0.89589,950,19,0
2024-07-12 13:00:00,0.89589,0.89604,0.89578,0.89596,805,18,0
2024-07-12 13:30:00,0.89596,0.89611,0.89569,0.89579,1152,18,0
2024-07-12 14:00:00,0.89578,0.89585,0.89534,0.89545,1293,18,0
2024-07-12 14:30:00,0.89546,0.89568,0.89538,0.8954,1094,16,0
2024-07-12 15:00:00,0.89539,0.89554,0.89426,0.89459,1871,16,0
2024-07-12 15:30:00,0.89461,0.89627,0.89415,0.89453,5402,16,0
2024-07-12 16:00:00,0.89451,0.89467,0.89315,0.8942,4632,16,0
2024-07-12 16:30:00,0.89419,0.89507,0.8938,0.89463,3103,16,0
2024-07-12 17:00:00,0.89463,0.89514,0.89392,0.89469,3670,16,0
2024-07-12 17:30:00,0.8947,0.89492,0.8941,0.89418,2249,17,0
2024-07-12 18:00:00,0.89418,0.89442,0.89399,0.89417,1580,17,0
2024-07-12 18:30:00,0.89416,0.89441,0.89398,0.89414,1223,16,0
2024-07-12 19:00:00,0.89413,0.89471,0.894,0.89462,870,17,0
2024-07-12 19:30:00,0.89463,0.89473,0.89438,0.89457,697,17,0
2024-07-12 20:00:00,0.89453,0.89491,0.89443,0.89475,429,18,0
2024-07-12 20:30:00,0.89477,0.89477,0.89447,0.89454,403,18,0
2024-07-12 21:00:00,0.89453,0.89477,0.8945,0.89467,464,18,0
2024-07-12 21:30:00,0.89466,0.8948,0.8945,0.89458,272,18,0
2024-07-12 22:00:00,0.89459,0.89461,0.89406,0.89408,400,17,0
2024-07-12 22:30:00,0.89408,0.89429,0.89397,0.89406,480,19,0
2024-07-12 23:00:00,0.89408,0.89437,0.89394,0.89432,241,20,0
2024-07-12 23:30:00,0.89432,0.89443,0.8937,0.89418,594,26,0
2024-07-15 00:00:00,0.89405,0.89405,0.89364,0.89377,145,46,0
2024-07-15 00:30:00,0.89372,0.89474,0.8937,0.89452,237,52,0
2024-07-15 01:00:00,0.8945,0.89591,0.89445,0.8959,840,20,0
2024-07-15 01:30:00,0.89589,0.89635,0.89576,0.89632,625,21,0
2024-07-15 02:00:00,0.8963,0.89669,0.89596,0.89664,811,18,0
2024-07-15 02:30:00,0.89664,0.89702,0.89663,0.89686,768,16,0
2024-07-15 03:00:00,0.89686,0.8971,0.89654,0.8969,983,16,0
2024-07-15 03:30:00,0.89691,0.89698,0.89602,0.89615,1020,17,0
2024-07-15 04:00:00,0.89616,0.89668,0.89586,0.89598,918,18,0
2024-07-15 04:30:00,0.89599,0.8961,0.89574,0.89576,577,18,0
2024-07-15 05:00:00,0.89576,0.89604,0.8957,0.89588,533,16,0
2024-07-15 05:30:00,0.89587,0.89589,0.89564,0.89577,366,18,0
2024-07-15 06:00:00,0.89576,0.89576,0.89557,0.89558,392,19,0
2024-07-15 06:30:00,0.89558,0.8957,0.89555,0.89566,164,19,0
2024-07-15 07:00:00,0.89566,0.89584,0.89562,0.89569,173,19,0
2024-07-15 07:30:00,0.89568,0.89577,0.89547,0.89551,298,19,0
2024-07-15 08:00:00,0.89551,0.89565,0.89523,0.89532,334,19,0
2024-07-15 08:30:00,0.89533,0.89557,0.89529,0.89548,369,19,0
2024-07-15 09:00:00,0.89538,0.89586,0.89517,0.89586,1042,16,0
2024-07-15 09:30:00,0.89589,0.89594,0.89456,0.89457,1047,17,0
2024-07-15 10:00:00,0.89456,0.89526,0.89444,0.89482,1378,18,0
2024-07-15 10:30:00,0.89483,0.89536,0.89464,0.89477,1548,16,0
2024-07-15 11:00:00,0.89477,0.89487,0.89439,0.89449,1149,18,0
2024-07-15 11:30:00,0.89451,0.89462,0.89379,0.89391,976,18,0
2024-07-15 12:00:00,0.8939,0.8941,0.89335,0.8937,1239,16,0
2024-07-15 12:30:00,0.8937,0.89407,0.89363,0.89372,791,17,0
2024-07-15 13:00:00,0.89374,0.89396,0.89333,0.89374,995,16,0
2024-07-15 13:30:00,0.89375,0.89419,0.8937,0.89372,973,18,0
2024-07-15 14:00:00,0.89371,0.89413,0.8934,0.89413,1015,18,0
2024-07-15 14:30:00,0.89412,0.89462,0.89367,0.8944,1547,17,0
2024-07-15 15:00:00,0.8944,0.89493,0.89419,0.89433,1650,16,0
2024-07-15 15:30:00,0.89433,0.89464,0.89411,0.89414,1436,17,0
2024-07-15 16:00:00,0.89415,0.89437,0.8935,0.89379,1591,17,0
2024-07-15 16:30:00,0.8938,0.89422,0.89344,0.89414,1781,17,0
2024-07-15 17:00:00,0.89415,0.89473,0.89395,0.8944,1145,16,0
2024-07-15 17:30:00,0.89439,0.8954,0.89438,0.8949,1474,16,0
2024-07-15 18:00:00,0.89491,0.89514,0.89405,0.89468,1435,16,0
2024-07-15 18:30:00,0.89468,0.89497,0.89445,0.89483,849,16,0
2024-07-15 19:00:00,0.89486,0.89535,0.89472,0.89475,615,19,0
2024-07-15 19:30:00,0.89476,0.89515,0.89343,0.89464,2658,16,0
2024-07-15 20:00:00,0.89464,0.89556,0.89464,0.89549,1433,17,0
2024-07-15 20:30:00,0.89551,0.89591,0.89548,0.89574,1006,18,0
2024-07-15 21:00:00,0.89574,0.89588,0.89541,0.89547,726,18,0
2024-07-15 21:30:00,0.89548,0.89561,0.89529,0.89544,682,18,0
2024-07-15 22:00:00,0.89545,0.89571,0.89544,0.89558,563,16,0
2024-07-15 22:30:00,0.89558,0.89569,0.89541,0.89564,694,17,0
2024-07-15 23:00:00,0.89562,0.89568,0.89548,0.89563,361,18,0
2024-07-15 23:30:00,0.89564,0.89572,0.89552,0.89563,287,24,0
2024-07-16 00:00:00,0.89566,0.89566,0.89492,0.89519,74,30,0
2024-07-16 00:30:00,0.89514,0.89563,0.895,0.89524,349,64,0
2024-07-16 01:00:00,0.89531,0.89572,0.89524,0.89565,292,22,0
2024-07-16 01:30:00,0.89564,0.89578,0.89563,0.8957,281,17,0
2024-07-16 02:00:00,0.8957,0.89571,0.89547,0.89548,317,18,0
2024-07-16 02:30:00,0.89549,0.89564,0.89535,0.89542,341,19,0
2024-07-16 03:00:00,0.89541,0.89574,0.89541,0.89553,655,18,0
2024-07-16 03:30:00,0.89551,0.89573,0.89547,0.89562,716,17,0
2024-07-16 04:00:00,0.89561,0.89582,0.89541,0.89581,917,18,0
2024-07-16 04:30:00,0.8958,0.89589,0.89557,0.89571,819,19,0
2024-07-16 05:00:00,0.89571,0.89592,0.89568,0.89582,712,19,0
2024-07-16 05:30:00,0.89581,0.89594,0.89572,0.89576,545,18,0
2024-07-16 06:00:00,0.89575,0.89576,0.89554,0.89554,305,17,0
2024-07-16 06:30:00,0.89555,0.89572,0.89554,0.89564,257,19,0
2024-07-16 07:00:00,0.89563,0.89569,0.89554,0.89562,267,19,0
2024-07-16 07:30:00,0.89563,0.89563,0.89517,0.89524,424,18,0
2024-07-16 08:00:00,0.89524,0.89543,0.89519,0.89539,505,17,0
2024-07-16 08:30:00,0.8954,0.89542,0.8951,0.89511,450,17,0
2024-07-16 09:00:00,0.8951,0.89526,0.89482,0.89496,963,17,0
2024-07-16 09:30:00,0.89496,0.89519,0.8946,0.89469,1013,19,0
2024-07-16 10:00:00,0.89469,0.89513,0.89461,0.8948,1059,16,0
2024-07-16 10:30:00,0.8948,0.89513,0.89443,0.89496,1150,17,0
2024-07-16 11:00:00,0.8949,0.89524,0.89475,0.8951,943,16,0
2024-07-16 11:30:00,0.89511,0.89547,0.89487,0.89515,775,19,0
2024-07-16 12:00:00,0.89515,0.89553,0.89489,0.89537,1135,17,0
2024-07-16 12:30:00,0.89538,0.89583,0.89533,0.89573,1021,18,0
2024-07-16 13:00:00,0.89572,0.89581,0.8955,0.89559,697,18,0
2024-07-16 13:30:00,0.89559,0.89599,0.89545,0.89562,718,18,0
2024-07-16 14:00:00,0.8956,0.89586,0.89551,0.89563,739,17,0
2024-07-16 14:30:00,0.89564,0.896,0.89493,0.89505,984,17,0
2024-07-16 15:00:00,0.89506,0.8954,0.8949,0.89496,994,16,0
2024-07-16 15:30:00,0.89499,0.89784,0.89499,0.8971,3747,16,0
2024-07-16 16:00:00,0.8971,0.8972,0.89664,0.89677,1903,16,0
2024-07-16 16:30:00,0.89677,0.8971,0.89577,0.89589,1896,17,0
2024-07-16 17:00:00,0.89589,0.89641,0.89577,0.89603,1209,16,0
2024-07-16 17:30:00,0.89603,0.89663,0.89574,0.89598,1420,16,0
2024-07-16 18:00:00,0.89598,0.89601,0.89529,0.89539,1156,17,0
2024-07-16 18:30:00,0.8954,0.89565,0.89504,0.89524,979,16,0
2024-07-16 19:00:00,0.89525,0.89555,0.89514,0.89546,1031,19,0
2024-07-16 19:30:00,0.89546,0.8955,0.89499,0.89504,699,18,0
2024-07-16 20:00:00,0.89505,0.89507,0.89463,0.89492,709,18,0
2024-07-16 20:30:00,0.89492,0.895,0.89457,0.89486,515,17,0
2024-07-16 21:00:00,0.89487,0.89494,0.89438,0.89446,528,18,0
2024-07-16 21:30:00,0.89449,0.89451,0.89404,0.89418,755,18,0
2024-07-16 22:00:00,0.89418,0.89429,0.89401,0.89406,579,18,0
2024-07-16 22:30:00,0.89407,0.89411,0.89343,0.89351,648,16,0
2024-07-16 23:00:00,0.89353,0.89362,0.89342,0.89359,222,17,0
2024-07-16 23:30:00,0.89359,0.89379,0.89345,0.89349,207,24,0
2024-07-17 00:00:00,0.8935,0.89384,0.89337,0.89362,46,38,0
2024-07-17 00:30:00,0.8936,0.89389,0.8936,0.89386,662,32,0
2024-07-17 01:00:00,0.89386,0.89394,0.89363,0.89363,311,21,0
2024-07-17 01:30:00,0.89363,0.89372,0.89335,0.89335,410,18,0
2024-07-17 02:00:00,0.89334,0.8936,0.89332,0.89346,311,18,0
2024-07-17 02:30:00,0.89346,0.89347,0.89323,0.89342,293,20,0
2024-07-17 03:00:00,0.89341,0.8941,0.89329,0.89396,638,16,0
2024-07-17 03:30:00,0.89397,0.89413,0.89391,0.89404,695,18,0
2024-07-17 04:00:00,0.89404,0.89441,0.894,0.89414,598,18,0
2024-07-17 04:30:00,0.89415,0.89416,0.89378,0.89384,306,18,0
2024-07-17 05:00:00,0.89384,0.89393,0.89373,0.89386,405,20,0
2024-07-17 05:30:00,0.89387,0.89387,0.89362,0.89372,380,20,0
2024-07-17 06:00:00,0.89373,0.89402,0.89372,0.89392,238,19,0
2024-07-17 06:30:00,0.89392,0.89403,0.89375,0.89377,555,19,0
2024-07-17 07:00:00,0.89376,0.89384,0.89365,0.89379,274,19,0
2024-07-17 07:30:00,0.89377,0.89389,0.89363,0.89366,398,20,0
2024-07-17 08:00:00,0.89365,0.89378,0.89348,0.89366,462,18,0
2024-07-17 08:30:00,0.89367,0.89367,0.89332,0.89359,744,18,0
2024-07-17 09:00:00,0.89358,0.89405,0.89307,0.89368,1582,19,0
2024-07-17 09:30:00,0.89369,0.89381,0.89342,0.89347,1224,17,0
2024-07-17 10:00:00,0.89351,0.89355,0.89259,0.89266,1907,16,0
2024-07-17 10:30:00,0.89266,0.89267,0.89149,0.89158,2226,16,0
2024-07-17 11:00:00,0.89158,0.89163,0.88917,0.88931,2445,17,0
2024-07-17 11:30:00,0.8893,0.88937,0.88709,0.88733,2500,16,0
2024-07-17 12:00:00,0.88738,0.88897,0.88713,0.88819,2333,16,0
2024-07-17 12:30:00,0.88823,0.88829,0.88723,0.88764,2183,17,0
2024-07-17 13:00:00,0.88766,0.88767,0.88701,0.88717,1487,16,0
2024-07-17 13:30:00,0.88718,0.88809,0.88707,0.88809,1279,17,0
2024-07-17 14:00:00,0.88809,0.88844,0.88666,0.88696,1413,16,0
2024-07-17 14:30:00,0.88696,0.88698,0.886,0.88651,1653,16,0
2024-07-17 15:00:00,0.88652,0.88677,0.88517,0.88609,1836,17,0
2024-07-17 15:30:00,0.88611,0.88645,0.8855,0.88599,1900,17,0
2024-07-17 16:00:00,0.88598,0.88605,0.88468,0.88532,1963,16,0
2024-07-17 16:30:00,0.88533,0.88542,0.88352,0.88418,3245,16,0
2024-07-17 17:00:00,0.88421,0.88573,0.88417,0.88542,2986,16,0
2024-07-17 17:30:00,0.88544,0.88632,0.88518,0.8862,2186,16,0
2024-07-17 18:00:00,0.88616,0.88644,0.88496,0.88499,1887,16,0
2024-07-17 18:30:00,0.88501,0.88514,0.88451,0.88453,1747,16,0
2024-07-17 19:00:00,0.88453,0.88477,0.88428,0.88466,1142,16,0
2024-07-17 19:30:00,0.88466,0.88476,0.88416,0.88434,901,18,0
2024-07-17 20:00:00,0.88435,0.88488,0.8842,0.88475,1255,17,0
2024-07-17 20:30:00,0.88474,0.88493,0.88447,0.8848,1374,18,0
2024-07-17 21:00:00,0.88479,0.88481,0.88378,0.88388,776,17,0
2024-07-17 21:30:00,0.88388,0.88407,0.88347,0.88349,689,17,0
2024-07-17 22:00:00,0.88349,0.88356,0.88263,0.88351,1008,16,0
2024-07-17 22:30:00,0.88352,0.88357,0.88329,0.88339,486,16,0
2024-07-17 23:00:00,0.88339,0.88351,0.88328,0.88349,223,17,0
2024-07-17 23:30:00,0.88349,0.88351,0.88318,0.88325,247,25,0
2024-07-18 00:00:00,0.88323,0.88323,0.88262,0.88295,96,37,0
2024-07-18 00:30:00,0.88295,0.88329,0.88295,0.88306,197,29,0
2024-07-18 01:00:00,0.88304,0.88314,0.88274,0.88293,437,20,0
2024-07-18 01:30:00,0.88294,0.88316,0.88288,0.88304,500,19,0
2024-07-18 02:00:00,0.88302,0.88302,0.88228,0.88248,1386,16,0
2024-07-18 02:30:00,0.88247,0.88258,0.88189,0.88219,1392,16,0
2024-07-18 03:00:00,0.88219,0.88302,0.88216,0.88276,1459,17,0
2024-07-18 03:30:00,0.88276,0.88364,0.88275,0.88353,1454,17,0
2024-07-18 04:00:00,0.88356,0.884,0.88355,0.88374,1135,19,0
2024-07-18 04:30:00,0.88371,0.88446,0.88361,0.8843,1596,16,0
2024-07-18 05:00:00,0.88429,0.88447,0.88412,0.88442,1161,17,0
2024-07-18 05:30:00,0.88442,0.88449,0.8842,0.88433,696,16,0
2024-07-18 06:00:00,0.88432,0.88448,0.88412,0.88413,636,20,0
2024-07-18 06:30:00,0.88413,0.88462,0.88404,0.88457,546,17,0
2024-07-18 07:00:00,0.88457,0.88467,0.88415,0.88451,771,19,0
2024-07-18 07:30:00,0.88451,0.88455,0.88434,0.88453,493,20,0
2024-07-18 08:00:00,0.88454,0.88464,0.88424,0.88433,613,20,0
2024-07-18 08:30:00,0.88432,0.88436,0.88364,0.88368,1099,18,0
2024-07-18 09:00:00,0.88361,0.88419,0.88355,0.88381,1403,16,0
2024-07-18 09:30:00,0.8838,0.88425,0.88358,0.88384,1578,17,0
2024-07-18 10:00:00,0.88385,0.88404,0.88255,0.88363,2478,16,0
2024-07-18 10:30:00,0.88364,0.88439,0.88344,0.8837,2125,16,0
2024-07-18 11:00:00,0.88371,0.88404,0.88311,0.88379,1290,17,0
2024-07-18 11:30:00,0.8838,0.88448,0.88344,0.88418,1307,19,0
2024-07-18 12:00:00,0.88417,0.88441,0.88391,0.88423,946,18,0
2024-07-18 12:30:00,0.88423,0.88434,0.88373,0.88389,875,17,0
2024-07-18 13:00:00,0.88389,0.8841,0.8837,0.88372,839,17,0
2024-07-18 13:30:00,0.88372,0.88375,0.88311,0.88361,845,16,0
2024-07-18 14:00:00,0.88361,0.8843,0.88352,0.88419,691,16,0
2024-07-18 14:30:00,0.88419,0.88429,0.88389,0.8841,1092,18,0
2024-07-18 15:00:00,0.88413,0.88434,0.88385,0.8841,1480,16,0
2024-07-18 15:30:00,0.88409,0.88411,0.88307,0.88338,2615,18,0
2024-07-18 16:00:00,0.88337,0.88403,0.88324,0.88381,2400,16,0
2024-07-18 16:30:00,0.88386,0.88444,0.88326,0.8841,2280,16,0
2024-07-18 17:00:00,0.88412,0.88511,0.88404,0.88457,1642,17,0
2024-07-18 17:30:00,0.88459,0.88478,0.88374,0.88411,2441,17,0
2024-07-18 18:00:00,0.88411,0.88479,0.88411,0.88479,1339,18,0
2024-07-18 18:30:00,0.88481,0.88573,0.88481,0.88566,1734,18,0
2024-07-18 19:00:00,0.88566,0.88599,0.88553,0.88571,969,16,0
2024-07-18 19:30:00,0.88572,0.88635,0.88571,0.88589,1108,17,0
2024-07-18 20:00:00,0.8859,0.88641,0.88581,0.88631,858,19,0
2024-07-18 20:30:00,0.88631,0.88638,0.88602,0.88606,577,19,0
2024-07-18 21:00:00,0.88606,0.88678,0.88604,0.88647,938,19,0
2024-07-18 21:30:00,0.88648,0.88715,0.88648,0.88702,794,17,0
2024-07-18 22:00:00,0.88703,0.88746,0.88698,0.88729,938,20,0
2024-07-18 22:30:00,0.8873,0.88748,0.88709,0.88713,922,18,0
2024-07-18 23:00:00,0.88714,0.88732,0.88712,0.88726,255,21,0
2024-07-18 23:30:00,0.88724,0.88774,0.88724,0.8875,357,23,0
2024-07-19 00:00:00,0.88746,0.88746,0.88439,0.88655,123,39,0
2024-07-19 00:30:00,0.88657,0.88751,0.88623,0.88643,1759,30,0
2024-07-19 01:00:00,0.88642,0.88761,0.88639,0.8876,950,21,0
2024-07-19 01:30:00,0.88762,0.88775,0.88753,0.88763,405,20,0
2024-07-19 02:00:00,0.88762,0.88771,0.88742,0.88742,316,19,0
2024-07-19 02:30:00,0.88743,0.88757,0.88728,0.8874,386,19,0
2024-07-19 03:00:00,0.88739,0.88813,0.88735,0.88792,1026,18,0
2024-07-19 03:30:00,0.88791,0.88817,0.88765,0.88789,903,18,0
2024-07-19 04:00:00,0.88788,0.88832,0.8878,0.88825,748,18,0
2024-07-19 04:30:00,0.88827,0.88891,0.88818,0.88883,792,18,0
2024-07-19 05:00:00,0.88882,0.88887,0.8884,0.88866,917,19,0
2024-07-19 05:30:00,0.88866,0.8887,0.88839,0.88842,686,18,0
2024-07-19 06:00:00,0.88842,0.88885,0.88838,0.88865,558,18,0
2024-07-19 06:30:00,0.88865,0.88884,0.8885,0.88882,395,19,0
2024-07-19 07:00:00,0.88883,0.88897,0.88876,0.88893,274,19,0
2024-07-19 07:30:00,0.88894,0.88926,0.88878,0.88923,378,18,0
2024-07-19 08:00:00,0.88923,0.88933,0.88891,0.889,684,21,0
2024-07-19 08:30:00,0.889,0.88933,0.88897,0.88911,750,17,0
2024-07-19 09:00:00,0.88916,0.88953,0.88909,0.88939,1178,16,0
2024-07-19 09:30:00,0.8894,0.8894,0.88792,0.88812,1630,19,0
2024-07-19 10:00:00,0.88813,0.88858,0.88733,0.88816,2423,17,0
2024-07-19 10:30:00,0.88817,0.88851,0.88795,0.88844,1290,18,0
2024-07-19 11:00:00,0.88846,0.88893,0.88829,0.88831,1334,17,0
2024-07-19 11:30:00,0.88832,0.8888,0.88811,0.88822,1054,17,0
2024-07-19 12:00:00,0.88821,0.88849,0.88758,0.88831,1047,17,0
2024-07-19 12:30:00,0.88832,0.88937,0.88831,0.88921,939,18,0
2024-07-19 13:00:00,0.88921,0.88967,0.88898,0.88935,1029,17,0
2024-07-19 13:30:00,0.88934,0.88957,0.88923,0.88941,953,18,0
2024-07-19 14:00:00,0.88942,0.88975,0.88931,0.88955,828,17,0
2024-07-19 14:30:00,0.88954,0.88968,0.8889,0.88903,691,18,0
2024-07-19 15:00:00,0.88905,0.88989,0.88893,0.88954,1304,17,0
2024-07-19 15:30:00,0.88955,0.88988,0.88932,0.88975,1431,18,0
2024-07-19 16:00:00,0.88974,0.88978,0.88918,0.88929,1762,18,0
2024-07-19 16:30:00,0.88926,0.88973,0.88915,0.8895,2131,16,0
2024-07-19 17:00:00,0.8895,0.88962,0.8886,0.88867,1689,16,0
2024-07-19 17:30:00,0.88865,0.889,0.88835,0.88845,1789,17,0
2024-07-19 18:00:00,0.88844,0.88872,0.88807,0.88851,1232,16,0
2024-07-19 18:30:00,0.88848,0.88862,0.88824,0.88825,983,18,0
2024-07-19 19:00:00,0.88826,0.88841,0.88806,0.88829,977,17,0
2024-07-19 19:30:00,0.88828,0.88848,0.88824,0.88847,725,19,0
2024-07-19 20:00:00,0.88847,0.88869,0.88844,0.88862,472,16,0
2024-07-19 20:30:00,0.88863,0.88877,0.88847,0.88874,536,19,0
2024-07-19 21:00:00,0.88875,0.88916,0.88859,0.88912,674,21,0
2024-07-19 21:30:00,0.88913,0.88939,0.88898,0.88899,684,20,0
2024-07-19 22:00:00,0.88898,0.88907,0.88882,0.88901,612,19,0
2024-07-19 22:30:00,0.88902,0.8891,0.88884,0.88891,468,20,0
2024-07-19 23:00:00,0.88892,0.88895,0.88867,0.88868,204,19,0
2024-07-19 23:30:00,0.88867,0.88885,0.88841,0.88854,421,22,0
2024-07-22 00:00:00,0.88738,0.88848,0.88738,0.88825,259,120,0
2024-07-22 00:30:00,0.88824,0.88866,0.88788,0.8885,998,88,0
2024-07-22 01:00:00,0.88839,0.88875,0.88785,0.88812,789,21,0
2024-07-22 01:30:00,0.88813,0.8882,0.88749,0.88752,434,18,0
2024-07-22 02:00:00,0.88751,0.88794,0.88734,0.88768,600,19,0
2024-07-22 02:30:00,0.88769,0.88795,0.88738,0.88795,637,18,0
2024-07-22 03:00:00,0.88795,0.8883,0.88788,0.88803,886,17,0
2024-07-22 03:30:00,0.88804,0.88827,0.888,0.88807,720,19,0
2024-07-22 04:00:00,0.88808,0.88844,0.88804,0.88828,739,19,0
2024-07-22 04:30:00,0.88827,0.88875,0.88814,0.88866,551,20,0
2024-07-22 05:00:00,0.88871,0.88888,0.88856,0.8886,800,20,0
2024-07-22 05:30:00,0.88858,0.8887,0.88835,0.88867,415,19,0
2024-07-22 06:00:00,0.88866,0.88868,0.8884,0.88847,586,20,0
2024-07-22 06:30:00,0.88847,0.88848,0.88824,0.88828,381,20,0
2024-07-22 07:00:00,0.88827,0.88834,0.88812,0.88817,564,21,0
2024-07-22 07:30:00,0.88818,0.88851,0.88818,0.88849,328,20,0
2024-07-22 08:00:00,0.88849,0.88863,0.88826,0.88843,561,17,0
2024-07-22 08:30:00,0.88844,0.8889,0.88838,0.8887,744,19,0
2024-07-22 09:00:00,0.88871,0.88891,0.88754,0.88765,2479,17,0
2024-07-22 09:30:00,0.88766,0.88778,0.88698,0.8877,2162,18,0
2024-07-22 10:00:00,0.8877,0.88817,0.88751,0.88762,2068,16,0
2024-07-22 10:30:00,0.88761,0.88811,0.88747,0.88783,1684,17,0
2024-07-22 11:00:00,0.88781,0.88793,0.88734,0.88761,1168,16,0
2024-07-22 11:30:00,0.8876,0.88796,0.88735,0.88768,1227,18,0
2024-07-22 12:00:00,0.88767,0.88806,0.88724,0.88749,813,17,0
2024-07-22 12:30:00,0.88749,0.88801,0.88743,0.88759,727,19,0
2024-07-22 13:00:00,0.88759,0.88766,0.88731,0.88755,902,18,0
2024-07-22 13:30:00,0.88755,0.88772,0.88731,0.88746,1247,17,0
2024-07-22 14:00:00,0.88745,0.88777,0.88731,0.88776,870,17,0
2024-07-22 14:30:00,0.88775,0.88817,0.88749,0.88809,1045,19,0
2024-07-22 15:00:00,0.88808,0.88858,0.88803,0.88842,1493,17,0
2024-07-22 15:30:00,0.88842,0.88926,0.8884,0.88878,1777,17,0
2024-07-22 16:00:00,0.8888,0.8895,0.88872,0.88934,1809,17,0
2024-07-22 16:30:00,0.88934,0.88938,0.88855,0.88899,2245,16,0
2024-07-22 17:00:00,0.889,0.88958,0.88893,0.88923,1452,18,0
2024-07-22 17:30:00,0.88924,0.88939,0.88887,0.88931,1359,17,0
2024-07-22 18:00:00,0.88931,0.88941,0.88909,0.88935,1225,18,0
2024-07-22 18:30:00,0.88934,0.89014,0.88929,0.88994,1303,17,0
2024-07-22 19:00:00,0.88993,0.89012,0.88978,0.88986,834,18,0
2024-07-22 19:30:00,0.88988,0.88993,0.88941,0.88953,549,18,0
2024-07-22 20:00:00,0.88952,0.88959,0.88917,0.88947,567,17,0
2024-07-22 20:30:00,0.88947,0.88971,0.8894,0.88961,413,17,0
2024-07-22 21:00:00,0.88961,0.88972,0.88942,0.88952,330,17,0
2024-07-22 21:30:00,0.8895,0.88957,0.88943,0.88947,374,18,0
2024-07-22 22:00:00,0.88948,0.88969,0.88941,0.88958,1177,18,0
2024-07-22 22:30:00,0.88959,0.88961,0.8894,0.88941,836,18,0
2024-07-22 23:00:00,0.8894,0.88956,0.88937,0.88952,473,19,0
2024-07-22 23:30:00,0.88953,0.8896,0.88937,0.88938,195,25,0
2024-07-23 00:00:00,0.88944,0.88944,0.88846,0.88892,324,41,0
2024-07-23 00:30:00,0.88887,0.88947,0.88852,0.88932,1906,41,0
2024-07-23 01:00:00,0.88941,0.88967,0.88916,0.88963,305,20,0
2024-07-23 01:30:00,0.88963,0.88974,0.88956,0.8897,780,20,0
2024-07-23 02:00:00,0.8897,0.88974,0.88953,0.88955,281,20,0
2024-07-23 02:30:00,0.88954,0.88971,0.88944,0.88954,671,19,0
2024-07-23 03:00:00,0.88955,0.88955,0.88906,0.88947,1148,20,0
2024-07-23 03:30:00,0.88945,0.88967,0.88922,0.88922,746,19,0
2024-07-23 04:00:00,0.88922,0.88952,0.88906,0.88942,925,19,0
2024-07-23 04:30:00,0.88941,0.88947,0.88926,0.88939,554,19,0
2024-07-23 05:00:00,0.88938,0.88956,0.88925,0.88947,599,19,0
2024-07-23 05:30:00,0.88947,0.88947,0.8891,0.88929,515,20,0
2024-07-23 06:00:00,0.88929,0.88935,0.88889,0.88895,560,18,0
2024-07-23 06:30:00,0.88895,0.88927,0.88877,0.88892,535,19,0
2024-07-23 07:00:00,0.88893,0.88896,0.88875,0.88886,358,18,0
2024-07-23 07:30:00,0.88886,0.88898,0.88875,0.88894,303,18,0
2024-07-23 08:00:00,0.88894,0.88933,0.88882,0.8892,369,19,0
2024-07-23 08:30:00,0.8892,0.88927,0.88899,0.88901,312,20,0
2024-07-23 09:00:00,0.88907,0.88961,0.88906,0.88951,971,18,0
2024-07-23 09:30:00,0.88952,0.89041,0.88946,0.8901,948,16,0
2024-07-23 10:00:00,0.89009,0.89022,0.8892,0.88976,1357,18,0
2024-07-23 10:30:00,0.88975,0.8899,0.8893,0.88955,1266,18,0
2024-07-23 11:00:00,0.88955,0.89047,0.88941,0.88973,1685,19,0
2024-07-23 11:30:00,0.88971,0.89025,0.88952,0.88995,1368,18,0
2024-07-23 12:00:00,0.88995,0.89036,0.88994,0.89013,1138,18,0
2024-07-23 12:30:00,0.89013,0.89078,0.89007,0.89072,1121,18,0
2024-07-23 13:00:00,0.89074,0.89126,0.89054,0.89112,1101,17,0
2024-07-23 13:30:00,0.89113,0.89119,0.89079,0.89108,980,18,0
2024-07-23 14:00:00,0.8911,0.89135,0.89087,0.89102,660,18,0
2024-07-23 14:30:00,0.89101,0.89149,0.89099,0.89149,831,19,0
2024-07-23 15:00:00,0.89149,0.89185,0.89115,0.89182,1485,18,0
2024-07-23 15:30:00,0.8918,0.89195,0.89103,0.89128,1625,17,0
2024-07-23 16:00:00,0.89131,0.89158,0.89111,0.89113,1675,17,0
2024-07-23 16:30:00,0.89112,0.89206,0.89103,0.89134,1590,17,0
2024-07-23 17:00:00,0.89134,0.89195,0.89066,0.89168,1944,17,0
2024-07-23 17:30:00,0.89168,0.89228,0.89146,0.89215,1813,18,0
2024-07-23 18:00:00,0.89216,0.89218,0.89151,0.89167,828,17,0
2024-07-23 18:30:00,0.89166,0.89173,0.89117,0.89145,646,17,0
2024-07-23 19:00:00,0.89146,0.8921,0.89134,0.89199,589,18,0
2024-07-23 19:30:00,0.892,0.89209,0.8914,0.89153,850,17,0
2024-07-23 20:00:00,0.89152,0.89155,0.89123,0.89139,1268,16,0
2024-07-23 20:30:00,0.89141,0.89157,0.89094,0.89106,1134,16,0
2024-07-23 21:00:00,0.89105,0.89139,0.89102,0.89135,438,17,0
2024-07-23 21:30:00,0.89135,0.89153,0.89119,0.89127,310,18,0
2024-07-23 22:00:00,0.89128,0.89137,0.89121,0.89131,507,19,0
2024-07-23 22:30:00,0.89132,0.89152,0.8913,0.89143,549,19,0
2024-07-23 23:00:00,0.89144,0.89152,0.89123,0.89125,464,18,0
2024-07-23 23:30:00,0.89124,0.89134,0.89108,0.89114,360,24,0
2024-07-24 00:00:00,0.89117,0.89117,0.89038,0.89089,41,28,0
2024-07-24 00:30:00,0.89089,0.89097,0.89088,0.89094,50,38,0
2024-07-24 01:00:00,0.89102,0.89128,0.89094,0.89108,511,19,0
2024-07-24 01:30:00,0.89109,0.89117,0.891,0.89115,344,21,0
2024-07-24 02:00:00,0.89115,0.8914,0.89113,0.89131,218,21,0
2024-07-24 02:30:00,0.8913,0.89149,0.89104,0.89139,440,19,0
2024-07-24 03:00:00,0.8914,0.89172,0.89138,0.89168,646,18,0
2024-07-24 03:30:00,0.89168,0.89198,0.89166,0.89179,626,20,0
2024-07-24 04:00:00,0.8918,0.89185,0.89123,0.8917,1068,19,0
2024-07-24 04:30:00,0.89171,0.89176,0.89138,0.89155,920,21,0
2024-07-24 05:00:00,0.89158,0.89198,0.89155,0.89189,783,19,0
2024-07-24 05:30:00,0.8919,0.89205,0.8918,0.89195,675,19,0
2024-07-24 06:00:00,0.89192,0.89196,0.89157,0.89173,1121,17,0
2024-07-24 06:30:00,0.89172,0.89178,0.89159,0.89161,627,18,0
2024-07-24 07:00:00,0.8916,0.89164,0.89143,0.89147,935,17,0
2024-07-24 07:30:00,0.89147,0.89148,0.89085,0.8911,877,16,0
2024-07-24 08:00:00,0.89111,0.89118,0.89078,0.89102,1073,19,0
2024-07-24 08:30:00,0.89103,0.89114,0.89055,0.89057,620,19,0
2024-07-24 09:00:00,0.8906,0.89123,0.89049,0.89105,1329,19,0
2024-07-24 09:30:00,0.89106,0.89112,0.89055,0.89074,955,19,0
2024-07-24 10:00:00,0.8907,0.89072,0.88968,0.89011,1874,16,0
2024-07-24 10:30:00,0.8904,0.89053,0.88987,0.89022,1902,16,0
2024-07-24 11:00:00,0.89023,0.89052,0.88901,0.88903,1897,16,0
2024-07-24 11:30:00,0.88902,0.88981,0.88889,0.88904,1471,16,0
2024-07-24 12:00:00,0.88905,0.88915,0.88786,0.88837,983,18,0
2024-07-24 12:30:00,0.88838,0.88849,0.88725,0.88743,1262,18,0
2024-07-24 13:00:00,0.88742,0.88751,0.88635,0.88659,1363,16,0
2024-07-24 13:30:00,0.8866,0.88708,0.88641,0.88679,851,18,0
2024-07-24 14:00:00,0.88684,0.88742,0.88664,0.88728,762,18,0
2024-07-24 14:30:00,0.88729,0.88741,0.88597,0.8864,1421,18,0
2024-07-24 15:00:00,0.88638,0.88649,0.88508,0.88564,2602,16,0
2024-07-24 15:30:00,0.88563,0.88601,0.88441,0.88467,1769,17,0
2024-07-24 16:00:00,0.88467,0.88492,0.88417,0.8845,1498,18,0
2024-07-24 16:30:00,0.88447,0.88448,0.88311,0.88408,2959,16,0
2024-07-24 17:00:00,0.88408,0.88474,0.88286,0.88293,3478,16,0
2024-07-24 17:30:00,0.88293,0.88399,0.8828,0.88376,3216,16,0
2024-07-24 18:00:00,0.88373,0.88403,0.88309,0.8833,2310,16,0
2024-07-24 18:30:00,0.88329,0.88384,0.88318,0.88375,1194,17,0
2024-07-24 19:00:00,0.88374,0.88417,0.88363,0.8841,957,17,0
2024-07-24 19:30:00,0.8841,0.88442,0.88403,0.88413,652,18,0
2024-07-24 20:00:00,0.88412,0.88487,0.88391,0.88477,1238,16,0
2024-07-24 20:30:00,0.88477,0.88567,0.88463,0.88553,1465,18,0
2024-07-24 21:00:00,0.88553,0.88584,0.88528,0.8858,1871,18,0
2024-07-24 21:30:00,0.88579,0.88597,0.88561,0.88566,1013,17,0
2024-07-24 22:00:00,0.88566,0.88579,0.88536,0.88546,1023,19,0
2024-07-24 22:30:00,0.88547,0.88557,0.88536,0.88549,735,18,0
2024-07-24 23:00:00,0.8855,0.88556,0.88507,0.88518,437,20,0
2024-07-24 23:30:00,0.88518,0.88524,0.88496,0.88497,193,25,0
2024-07-25 00:00:00,0.88498,0.88498,0.88398,0.8845,123,33,0
2024-07-25 00:30:00,0.88453,0.88496,0.88433,0.88464,1621,63,0
2024-07-25 01:00:00,0.88461,0.88495,0.88451,0.88462,1196,19,0
2024-07-25 01:30:00,0.88462,0.88485,0.8846,0.88472,500,21,0
2024-07-25 02:00:00,0.88468,0.88489,0.88468,0.88478,420,20,0
2024-07-25 02:30:00,0.88475,0.88511,0.88471,0.88504,619,20,0
2024-07-25 03:00:00,0.88503,0.8853,0.88494,0.88508,926,19,0
2024-07-25 03:30:00,0.88508,0.88508,0.88429,0.88437,2018,18,0
2024-07-25 04:00:00,0.88438,0.88441,0.88401,0.88405,1311,16,0
2024-07-25 04:30:00,0.88404,0.88435,0.88375,0.88421,1767,17,0
2024-07-25 05:00:00,0.88421,0.88431,0.88357,0.88392,909,17,0
2024-07-25 05:30:00,0.88391,0.88409,0.88334,0.88368,1093,18,0
2024-07-25 06:00:00,0.88368,0.88368,0.88305,0.88311,1382,18,0
2024-07-25 06:30:00,0.88309,0.8833,0.8827,0.88271,926,19,0
2024-07-25 07:00:00,0.88271,0.88322,0.88261,0.88312,569,16,0
2024-07-25 07:30:00,0.88311,0.88327,0.8828,0.88285,824,18,0
2024-07-25 08:00:00,0.88285,0.88329,0.88263,0.88318,876,19,0
2024-07-25 08:30:00,0.88317,0.88323,0.88216,0.88265,1584,18,0
2024-07-25 09:00:00,0.88264,0.88324,0.88239,0.88301,1589,16,0
2024-07-25 09:30:00,0.88302,0.88316,0.88253,0.88296,1583,18,0
2024-07-25 10:00:00,0.88294,0.88308,0.8795,0.88043,3407,16,0
2024-07-25 10:30:00,0.88043,0.88099,0.88002,0.8803,3558,17,0
2024-07-25 11:00:00,0.88029,0.88077,0.87965,0.88063,2688,17,0
2024-07-25 11:30:00,0.88063,0.88122,0.88016,0.88058,2501,17,0
2024-07-25 12:00:00,0.88059,0.88072,0.87981,0.87988,2815,19,0
2024-07-25 12:30:00,0.87984,0.87985,0.8783,0.87857,1924,17,0
2024-07-25 13:00:00,0.87855,0.87858,0.87762,0.87854,1750,17,0
2024-07-25 13:30:00,0.87851,0.87873,0.87778,0.87845,2328,19,0
2024-07-25 14:00:00,0.87843,0.8787,0.87822,0.87831,1547,16,0
2024-07-25 14:30:00,0.8783,0.87835,0.87759,0.87798,1446,17,0
2024-07-25 15:00:00,0.87796,0.87854,0.87786,0.87821,2153,17,0
2024-07-25 15:30:00,0.87834,0.88098,0.87799,0.88072,5018,16,0
2024-07-25 16:00:00,0.88072,0.88199,0.88049,0.88172,3727,16,0
2024-07-25 16:30:00,0.88172,0.88181,0.88035,0.88056,4234,17,0
2024-07-25 17:00:00,0.88057,0.88073,0.87854,0.8788,3784,17,0
2024-07-25 17:30:00,0.8788,0.87997,0.87861,0.87975,2865,16,0
2024-07-25 18:00:00,0.87974,0.87995,0.87941,0.87976,2401,18,0
2024-07-25 18:30:00,0.87976,0.88028,0.87972,0.88013,1945,18,0
2024-07-25 19:00:00,0.88012,0.88103,0.88008,0.88058,1626,16,0
2024-07-25 19:30:00,0.88057,0.88099,0.88014,0.88014,1326,17,0
2024-07-25 20:00:00,0.88015,0.88018,0.87954,0.87983,1504,18,0
2024-07-25 20:30:00,0.87984,0.88045,0.87955,0.88043,1324,19,0
2024-07-25 21:00:00,0.88043,0.88076,0.88033,0.88041,1029,18,0
2024-07-25 21:30:00,0.8804,0.88066,0.88028,0.88041,1162,19,0
2024-07-25 22:00:00,0.88043,0.88075,0.88035,0.88049,1339,17,0
2024-07-25 22:30:00,0.88051,0.88085,0.88038,0.88081,933,17,0
2024-07-25 23:00:00,0.8808,0.88104,0.88068,0.881,786,17,0
2024-07-25 23:30:00,0.881,0.88157,0.88095,0.88155,540,19,0
2024-07-26 00:00:00,0.88153,0.88153,0.88095,0.88117,222,25,0
2024-07-26 00:30:00,0.88118,0.88139,0.88077,0.88097,579,26,0
2024-07-26 01:00:00,0.88102,0.88155,0.88096,0.88099,548,19,0
2024-07-26 01:30:00,0.88101,0.88116,0.881,0.88109,255,20,0
2024-07-26 02:00:00,0.88109,0.88109,0.88044,0.88058,923,21,0
2024-07-26 02:30:00,0.88059,0.88084,0.88053,0.88061,694,19,0
2024-07-26 03:00:00,0.8806,0.8807,0.88013,0.88055,1556,19,0
2024-07-26 03:30:00,0.88055,0.88126,0.88039,0.8811,1454,20,0
2024-07-26 04:00:00,0.8811,0.88127,0.88084,0.88097,1146,16,0
2024-07-26 04:30:00,0.88096,0.88096,0.88014,0.88037,1165,20,0
2024-07-26 05:00:00,0.88035,0.88065,0.88032,0.88058,1096,19,0
2024-07-26 05:30:00,0.88058,0.88096,0.88058,0.88093,803,20,0
2024-07-26 06:00:00,0.88093,0.88096,0.88073,0.88088,903,21,0
2024-07-26 06:30:00,0.88094,0.88103,0.88067,0.88068,602,19,0
2024-07-26 07:00:00,0.88067,0.88086,0.88063,0.88085,592,21,0
2024-07-26 07:30:00,0.88083,0.88095,0.88069,0.88089,879,20,0
2024-07-26 08:00:00,0.88089,0.88101,0.88059,0.88086,824,19,0
2024-07-26 08:30:00,0.88086,0.8813,0.88073,0.88109,460,19,0
2024-07-26 09:00:00,0.8811,0.88156,0.88085,0.88154,1722,18,0
2024-07-26 09:30:00,0.88158,0.88182,0.88139,0.88153,1120,18,0
2024-07-26 10:00:00,0.88151,0.88253,0.88139,0.88186,1845,17,0
2024-07-26 10:30:00,0.88185,0.88252,0.88174,0.88244,1894,19,0
2024-07-26 11:00:00,0.88243,0.88386,0.88241,0.88375,1411,16,0
2024-07-26 11:30:00,0.88376,0.88411,0.88318,0.8833,1468,18,0
2024-07-26 12:00:00,0.8833,0.88367,0.88281,0.88287,1203,18,0
2024-07-26 12:30:00,0.88286,0.883,0.88254,0.88293,1236,17,0
2024-07-26 13:00:00,0.88294,0.88347,0.88292,0.88324,657,18,0
2024-07-26 13:30:00,0.88325,0.88356,0.88318,0.8835,708,17,0
2024-07-26 14:00:00,0.88351,0.88372,0.88332,0.88358,943,18,0
2024-07-26 14:30:00,0.88358,0.88379,0.88326,0.88328,904,18,0
2024-07-26 15:00:00,0.88326,0.88395,0.88315,0.8836,1603,19,0
2024-07-26 15:30:00,0.88361,0.88436,0.88199,0.8826,3318,17,0
2024-07-26 16:00:00,0.8826,0.88287,0.88198,0.88227,2888,18,0
2024-07-26 16:30:00,0.88227,0.88275,0.8819,0.88235,2344,18,0
2024-07-26 17:00:00,0.88235,0.88291,0.88185,0.882,3319,16,0
2024-07-26 17:30:00,0.882,0.88311,0.88193,0.88288,1660,16,0
2024-07-26 18:00:00,0.88289,0.88336,0.88232,0.88271,1375,16,0
2024-07-26 18:30:00,0.88271,0.8828,0.8823,0.88247,858,16,0
2024-07-26 19:00:00,0.8825,0.88269,0.88234,0.8826,851,18,0
2024-07-26 19:30:00,0.88259,0.88304,0.88259,0.88302,797,19,0
2024-07-26 20:00:00,0.88301,0.88336,0.88287,0.88331,903,17,0
2024-07-26 20:30:00,0.8833,0.88338,0.88319,0.88329,1652,18,0
2024-07-26 21:00:00,0.88329,0.88334,0.88307,0.88333,957,19,0
2024-07-26 21:30:00,0.88333,0.88369,0.8832,0.8835,847,17,0
2024-07-26 22:00:00,0.88351,0.88366,0.88326,0.88327,1019,18,0
2024-07-26 22:30:00,0.88326,0.88343,0.88317,0.88329,666,18,0
2024-07-26 23:00:00,0.8833,0.88339,0.88306,0.88323,271,22,0
2024-07-26 23:30:00,0.88324,0.88377,0.88323,0.88345,248,27,0
2024-07-29 00:00:00,0.88344,0.88344,0.88255,0.88255,40,99,0
2024-07-29 00:30:00,0.88256,0.88316,0.88219,0.88284,1110,118,0
2024-07-29 01:00:00,0.88277,0.8839,0.88274,0.8837,408,21,0
2024-07-29 01:30:00,0.88372,0.88393,0.88358,0.88386,555,17,0
2024-07-29 02:00:00,0.88386,0.88421,0.88385,0.88417,439,20,0
2024-07-29 02:30:00,0.88419,0.88441,0.88408,0.88438,324,19,0
2024-07-29 03:00:00,0.88439,0.88455,0.88386,0.88391,942,18,0
2024-07-29 03:30:00,0.88391,0.88392,0.88279,0.88297,1405,20,0
2024-07-29 04:00:00,0.88297,0.88345,0.88289,0.88293,1464,20,0
2024-07-29 04:30:00,0.8829,0.88296,0.88241,0.88254,1942,19,0
2024-07-29 05:00:00,0.88255,0.88269,0.88192,0.88199,1174,19,0
2024-07-29 05:30:00,0.88199,0.88244,0.88193,0.8824,674,18,0
2024-07-29 06:00:00,0.8824,0.88263,0.88235,0.88255,660,18,0
2024-07-29 06:30:00,0.88256,0.88286,0.88256,0.88261,745,20,0
2024-07-29 07:00:00,0.88262,0.88296,0.8825,0.88292,512,19,0
2024-07-29 07:30:00,0.88292,0.88307,0.88276,0.88302,589,18,0
2024-07-29 08:00:00,0.88302,0.88331,0.88285,0.88327,638,20,0
2024-07-29 08:30:00,0.88326,0.88356,0.88312,0.88344,879,19,0
2024-07-29 09:00:00,0.88342,0.88342,0.88273,0.88286,1085,17,0
2024-07-29 09:30:00,0.88287,0.88353,0.88277,0.88327,1109,18,0
2024-07-29 10:00:00,0.88328,0.88443,0.88306,0.88441,2146,18,0
2024-07-29 10:30:00,0.88443,0.88482,0.88412,0.88438,1867,18,0
2024-07-29 11:00:00,0.88438,0.88541,0.88424,0.88477,1703,16,0
2024-07-29 11:30:00,0.88477,0.88522,0.88464,0.8851,1233,17,0
2024-07-29 12:00:00,0.88511,0.88548,0.88493,0.88496,1091,18,0
2024-07-29 12:30:00,0.88496,0.88498,0.88421,0.88439,988,18,0
2024-07-29 13:00:00,0.88441,0.88466,0.88409,0.88459,783,18,0
2024-07-29 13:30:00,0.88461,0.88463,0.88404,0.88434,671,18,0
2024-07-29 14:00:00,0.88436,0.88476,0.88426,0.88468,849,18,0
2024-07-29 14:30:00,0.88469,0.88501,0.88457,0.88496,847,17,0
2024-07-29 15:00:00,0.88497,0.88538,0.88487,0.88516,1312,16,0
2024-07-29 15:30:00,0.88515,0.88529,0.88472,0.88475,1170,17,0
2024-07-29 16:00:00,0.88475,0.88528,0.88464,0.88518,1384,18,0
2024-07-29 16:30:00,0.88513,0.886,0.88503,0.88585,1709,17,0
2024-07-29 17:00:00,0.88584,0.88689,0.88578,0.88675,1710,17,0
2024-07-29 17:30:00,0.88676,0.88705,0.88622,0.88626,2567,17,0
2024-07-29 18:00:00,0.88627,0.88629,0.88554,0.88568,1796,18,0
2024-07-29 18:30:00,0.8857,0.88599,0.88555,0.88598,835,16,0
2024-07-29 19:00:00,0.88597,0.88653,0.88596,0.88631,558,16,0
2024-07-29 19:30:00,0.8863,0.88632,0.8859,0.88609,714,19,0
2024-07-29 20:00:00,0.88608,0.88619,0.88571,0.88584,1156,17,0
2024-07-29 20:30:00,0.88585,0.88597,0.88563,0.88595,705,18,0
2024-07-29 21:00:00,0.88595,0.88625,0.8858,0.88619,430,20,0
2024-07-29 21:30:00,0.88618,0.88633,0.88612,0.8862,450,19,0
2024-07-29 22:00:00,0.88619,0.88623,0.88588,0.88599,690,17,0
2024-07-29 22:30:00,0.88601,0.88615,0.88587,0.88608,660,19,0
2024-07-29 23:00:00,0.88607,0.88616,0.88592,0.88607,366,20,0
2024-07-29 23:30:00,0.88607,0.88609,0.88593,0.88601,217,23,0
2024-07-30 00:00:00,0.88601,0.88602,0.88566,0.886,52,27,0
2024-07-30 00:30:00,0.88601,0.88621,0.88591,0.88598,361,22,0
2024-07-30 01:00:00,0.88596,0.8861,0.88555,0.88602,381,20,0
2024-07-30 01:30:00,0.88602,0.88604,0.88581,0.88598,207,21,0
2024-07-30 02:00:00,0.88599,0.88603,0.88571,0.8858,352,17,0
2024-07-30 02:30:00,0.88581,0.88607,0.88568,0.88604,415,18,0
2024-07-30 03:00:00,0.88602,0.88638,0.88602,0.88615,791,19,0
2024-07-30 03:30:00,0.88614,0.8863,0.886,0.88618,928,19,0
2024-07-30 04:00:00,0.88619,0.88681,0.88615,0.88656,631,20,0
2024-07-30 04:30:00,0.88657,0.88669,0.88638,0.88646,634,21,0
2024-07-30 05:00:00,0.88647,0.88656,0.88637,0.88648,379,19,0
2024-07-30 05:30:00,0.88648,0.88651,0.88623,0.88635,550,20,0
2024-07-30 06:00:00,0.88634,0.88645,0.88631,0.88638,627,19,0
2024-07-30 06:30:00,0.8864,0.88655,0.88614,0.88619,548,20,0
2024-07-30 07:00:00,0.8862,0.88634,0.88617,0.88626,295,19,0
2024-07-30 07:30:00,0.88625,0.88662,0.88622,0.88662,536,19,0
2024-07-30 08:00:00,0.88664,0.88704,0.88657,0.88692,515,17,0
2024-07-30 08:30:00,0.88692,0.88729,0.88686,0.8871,605,19,0
2024-07-30 09:00:00,0.88714,0.88721,0.88666,0.88694,1122,16,0
2024-07-30 09:30:00,0.88693,0.88746,0.88691,0.88726,822,19,0
2024-07-30 10:00:00,0.88729,0.88747,0.88557,0.88601,1915,16,0
2024-07-30 10:30:00,0.886,0.88662,0.88583,0.88627,1500,16,0
2024-07-30 11:00:00,0.88628,0.88659,0.88606,0.88609,1660,18,0
2024-07-30 11:30:00,0.88608,0.88613,0.88525,0.88601,1300,19,0
2024-07-30 12:00:00,0.88601,0.88626,0.8858,0.88601,1023,17,0
2024-07-30 12:30:00,0.88605,0.88623,0.88564,0.88575,569,17,0
2024-07-30 13:00:00,0.88574,0.88577,0.88531,0.8856,634,17,0
2024-07-30 13:30:00,0.8856,0.88572,0.88543,0.88566,550,18,0
2024-07-30 14:00:00,0.88566,0.88594,0.88542,0.88572,627,17,0
2024-07-30 14:30:00,0.88569,0.88615,0.88569,0.8861,990,17,0
2024-07-30 15:00:00,0.88611,0.8864,0.88581,0.88638,1230,19,0
2024-07-30 15:30:00,0.88639,0.88663,0.88578,0.88615,1385,18,0
2024-07-30 16:00:00,0.88615,0.88616,0.88499,0.8851,1932,18,0
2024-07-30 16:30:00,0.88513,0.88549,0.88466,0.88511,2211,16,0
2024-07-30 17:00:00,0.88512,0.88626,0.88497,0.88582,3290,17,0
2024-07-30 17:30:00,0.88583,0.88607,0.88537,0.88593,2509,18,0
2024-07-30 18:00:00,0.88592,0.88592,0.88481,0.88563,3230,16,0
2024-07-30 18:30:00,0.88564,0.88574,0.88513,0.88515,2110,18,0
2024-07-30 19:00:00,0.88515,0.88536,0.88413,0.8842,2304,16,0
2024-07-30 19:30:00,0.8842,0.88439,0.88302,0.88306,2255,16,0
2024-07-30 20:00:00,0.88307,0.88397,0.88245,0.88376,2504,17,0
2024-07-30 20:30:00,0.88374,0.88397,0.88363,0.88393,1124,18,0
2024-07-30 21:00:00,0.88393,0.88407,0.88364,0.88374,922,19,0
2024-07-30 21:30:00,0.88374,0.88398,0.88348,0.88364,735,18,0
2024-07-30 22:00:00,0.88364,0.88392,0.88362,0.88379,506,17,0
2024-07-30 22:30:00,0.8838,0.88409,0.88378,0.88385,500,18,0
2024-07-30 23:00:00,0.88385,0.88386,0.88302,0.88303,740,18,0
2024-07-30 23:30:00,0.88304,0.88309,0.88248,0.88254,481,23,0
2024-07-31 00:00:00,0.88254,0.88277,0.88236,0.88263,540,37,0
2024-07-31 00:30:00,0.88256,0.88299,0.88236,0.8825,1823,44,0
2024-07-31 01:00:00,0.88265,0.88301,0.88232,0.88282,1179,20,0
2024-07-31 01:30:00,0.8828,0.88299,0.88263,0.88267,670,19,0
2024-07-31 02:00:00,0.88262,0.88268,0.8822,0.88226,647,18,0
2024-07-31 02:30:00,0.88228,0.88231,0.8817,0.88183,692,17,0
2024-07-31 03:00:00,0.8818,0.88241,0.88166,0.88198,1282,18,0
2024-07-31 03:30:00,0.88196,0.88217,0.88128,0.88167,1265,16,0
2024-07-31 04:00:00,0.88167,0.8818,0.88126,0.88156,1148,17,0
2024-07-31 04:30:00,0.88155,0.88201,0.88121,0.88169,1400,18,0
2024-07-31 05:00:00,0.8817,0.88282,0.88157,0.88227,1438,17,0
2024-07-31 05:30:00,0.88227,0.8825,0.88216,0.88242,628,19,0
2024-07-31 06:00:00,0.88243,0.88246,0.88165,0.88167,638,20,0
2024-07-31 06:30:00,0.88166,0.88256,0.88057,0.88226,1860,16,0
2024-07-31 07:00:00,0.88221,0.88295,0.88134,0.88143,2469,16,0
2024-07-31 07:30:00,0.88143,0.88152,0.8809,0.88093,1277,20,0
2024-07-31 08:00:00,0.88093,0.88162,0.8808,0.88146,876,18,0
2024-07-31 08:30:00,0.88144,0.88255,0.88144,0.88183,1126,19,0
2024-07-31 09:00:00,0.88183,0.88215,0.88148,0.88175,1948,17,0
2024-07-31 09:30:00,0.88174,0.88229,0.88136,0.88139,2042,16,0
2024-07-31 10:00:00,0.88138,0.88274,0.88112,0.88172,2416,16,0
2024-07-31 10:30:00,0.88172,0.8819,0.88033,0.88101,2792,16,0
2024-07-31 11:00:00,0.88101,0.88168,0.88018,0.88162,3700,16,0
2024-07-31 11:30:00,0.88163,0.88207,0.88075,0.88111,1829,17,0
2024-07-31 12:00:00,0.88111,0.88184,0.88095,0.88156,1917,18,0
2024-07-31 12:30:00,0.88156,0.88169,0.8808,0.88113,1464,16,0
2024-07-31 13:00:00,0.88113,0.88115,0.88027,0.88064,1565,18,0
2024-07-31 13:30:00,0.88065,0.88082,0.88029,0.88063,1136,17,0
2024-07-31 14:00:00,0.88064,0.88069,0.87983,0.88008,1204,19,0
2024-07-31 14:30:00,0.88007,0.88039,0.87961,0.88018,1486,18,0
2024-07-31 15:00:00,0.8801,0.88029,0.87819,0.87851,1953,18,0
2024-07-31 15:30:00,0.87857,0.87948,0.87807,0.87853,3689,17,0
2024-07-31 16:00:00,0.87853,0.87865,0.87762,0.87794,2211,18,0
2024-07-31 16:30:00,0.87797,0.87797,0.87694,0.87757,2163,16,0
2024-07-31 17:00:00,0.87755,0.87919,0.87695,0.87901,2617,16,0
2024-07-31 17:30:00,0.87902,0.88072,0.87872,0.87997,3730,16,0
2024-07-31 18:00:00,0.87998,0.88015,0.87925,0.87994,2411,16,0
2024-07-31 18:30:00,0.87993,0.87994,0.87888,0.87971,1930,16,0
2024-07-31 19:00:00,0.87971,0.88059,0.87968,0.88047,1280,18,0
2024-07-31 19:30:00,0.88047,0.88063,0.88018,0.88038,1541,17,0
2024-07-31 20:00:00,0.88037,0.88056,0.88027,0.88055,952,18,0
2024-07-31 20:30:00,0.88056,0.88078,0.87921,0.88026,1273,17,0
2024-07-31 21:00:00,0.88026,0.88175,0.88008,0.8806,3689,17,0
2024-07-31 21:30:00,0.88061,0.88092,0.87909,0.87909,4044,16,0
2024-07-31 22:00:00,0.8791,0.87921,0.87714,0.87778,3498,16,0
2024-07-31 22:30:00,0.87779,0.87831,0.87714,0.87759,3050,18,0
2024-07-31 23:00:00,0.8776,0.87769,0.87723,0.87763,954,20,0
2024-07-31 23:30:00,0.87762,0.87825,0.87737,0.87789,501,22,0
2024-08-01 00:00:00,0.87789,0.87801,0.8774,0.87769,156,36,0
2024-08-01 00:30:00,0.8777,0.87825,0.87746,0.87765,1457,39,0
2024-08-01 01:00:00,0.87765,0.87788,0.87753,0.87771,432,18,0
2024-08-01 01:30:00,0.87771,0.87818,0.8777,0.87812,329,18,0
2024-08-01 02:00:00,0.8781,0.8783,0.87801,0.87813,440,18,0
2024-08-01 02:30:00,0.87812,0.87831,0.87796,0.87814,555,19,0
2024-08-01 03:00:00,0.87814,0.87818,0.87734,0.87754,2239,19,0
2024-08-01 03:30:00,0.87756,0.87765,0.87718,0.87735,1702,19,0
2024-08-01 04:00:00,0.87738,0.87751,0.8765,0.87654,1818,17,0
2024-08-01 04:30:00,0.87652,0.87707,0.87585,0.87707,2137,16,0
2024-08-01 05:00:00,0.87707,0.87744,0.87668,0.87695,2169,16,0
2024-08-01 05:30:00,0.87695,0.87745,0.87679,0.87738,1560,17,0
2024-08-01 06:00:00,0.8774,0.87749,0.87704,0.87716,1362,18,0
2024-08-01 06:30:00,0.87716,0.87723,0.87692,0.87699,1028,20,0
2024-08-01 07:00:00,0.87698,0.87708,0.8764,0.87641,1161,19,0
2024-08-01 07:30:00,0.87641,0.87698,0.8763,0.87694,845,20,0
2024-08-01 08:00:00,0.87695,0.87718,0.87671,0.87692,1029,19,0
2024-08-01 08:30:00,0.87691,0.8774,0.87681,0.87729,1475,19,0
2024-08-01 09:00:00,0.87721,0.87728,0.87668,0.87714,2087,17,0
2024-08-01 09:30:00,0.87714,0.87741,0.87637,0.87641,2382,16,0
2024-08-01 10:00:00,0.87641,0.87689,0.87572,0.87645,2159,18,0
2024-08-01 10:30:00,0.87645,0.87707,0.87634,0.87673,2151,17,0
2024-08-01 11:00:00,0.87671,0.87691,0.87543,0.87637,2725,16,0
2024-08-01 11:30:00,0.87638,0.87706,0.8753,0.87559,1877,17,0
2024-08-01 12:00:00,0.87564,0.87626,0.87554,0.87591,1371,17,0
2024-08-01 12:30:00,0.87586,0.87689,0.87581,0.87687,1176,17,0
2024-08-01 13:00:00,0.87686,0.87729,0.87632,0.8772,1468,17,0
2024-08-01 13:30:00,0.8772,0.8774,0.87689,0.87702,1217,17,0
2024-08-01 14:00:00,0.87702,0.87732,0.87657,0.87684,1891,17,0
2024-08-01 14:30:00,0.87684,0.87763,0.87684,0.87705,1431,17,0
2024-08-01 15:00:00,0.87704,0.8775,0.87565,0.87612,2352,16,0
2024-08-01 15:30:00,0.87611,0.87652,0.8745,0.87606,3420,16,0
2024-08-01 16:00:00,0.87607,0.87688,0.87572,0.87606,2480,18,0
2024-08-01 16:30:00,0.87608,0.87621,0.87531,0.87546,2057,16,0
2024-08-01 17:00:00,0.87463,0.87537,0.87399,0.87434,3639,16,0
2024-08-01 17:30:00,0.87435,0.87449,0.87283,0.87387,3760,16,0
2024-08-01 18:00:00,0.87386,0.87451,0.87381,0.87428,2594,18,0
2024-08-01 18:30:00,0.87428,0.87443,0.87405,0.87437,1688,18,0
2024-08-01 19:00:00,0.87438,0.87456,0.87283,0.87322,1756,16,0
2024-08-01 19:30:00,0.87322,0.87401,0.87262,0.87382,1641,17,0
2024-08-01 20:00:00,0.87382,0.87411,0.87346,0.8736,1266,18,0
2024-08-01 20:30:00,0.8736,0.87363,0.87316,0.87337,1345,18,0
2024-08-01 21:00:00,0.87338,0.87354,0.87311,0.87346,1084,18,0
2024-08-01 21:30:00,0.87346,0.8735,0.87275,0.87277,1044,17,0
2024-08-01 22:00:00,0.87278,0.8732,0.8725,0.87293,1220,17,0
2024-08-01 22:30:00,0.87294,0.87355,0.87294,0.87353,1350,16,0
2024-08-01 23:00:00,0.87353,0.87356,0.87308,0.87322,510,17,0
2024-08-01 23:30:00,0.87322,0.87349,0.87277,0.87284,357,23,0
2024-08-02 00:00:00,0.87277,0.87285,0.87246,0.8727,91,34,0
2024-08-02 00:30:00,0.87271,0.87301,0.87268,0.87268,822,44,0
2024-08-02 01:00:00,0.87268,0.87327,0.87252,0.87325,505,19,0
2024-08-02 01:30:00,0.87326,0.87329,0.87297,0.87304,418,21,0
2024-08-02 02:00:00,0.87302,0.87305,0.87262,0.87291,695,20,0
2024-08-02 02:30:00,0.87292,0.87296,0.87244,0.87286,819,20,0
2024-08-02 03:00:00,0.87285,0.87327,0.8719,0.87192,1670,18,0
2024-08-02 03:30:00,0.87193,0.87244,0.87181,0.87243,1447,18,0
2024-08-02 04:00:00,0.87243,0.87285,0.87226,0.8726,1103,16,0
2024-08-02 04:30:00,0.8726,0.87273,0.87236,0.87257,714,18,0
2024-08-02 05:00:00,0.87261,0.87322,0.87211,0.8725,1261,16,0
2024-08-02 05:30:00,0.87248,0.87297,0.8723,0.87274,960,17,0
2024-08-02 06:00:00,0.87274,0.87284,0.87204,0.87216,863,18,0
2024-08-02 06:30:00,0.87216,0.87253,0.87216,0.8723,804,19,0
2024-08-02 07:00:00,0.8723,0.87238,0.87186,0.87187,876,17,0
2024-08-02 07:30:00,0.87188,0.87209,0.87166,0.87175,858,19,0
2024-08-02 08:00:00,0.87173,0.87207,0.87127,0.87174,1088,18,0
2024-08-02 08:30:00,0.87174,0.87186,0.87096,0.87111,2224,17,0
2024-08-02 09:00:00,0.8711,0.87171,0.8706,0.87111,2467,16,0
2024-08-02 09:30:00,0.87111,0.87268,0.87111,0.8716,2648,18,0
2024-08-02 10:00:00,0.8716,0.87261,0.87085,0.87229,2925,17,0
2024-08-02 10:30:00,0.87228,0.87273,0.87121,0.87175,3197,16,0
2024-08-02 11:00:00,0.87174,0.87243,0.8713,0.87169,3148,16,0
2024-08-02 11:30:00,0.8717,0.87199,0.87147,0.87164,2241,17,0
2024-08-02 12:00:00,0.87164,0.87174,0.87048,0.87058,2091,16,0
2024-08-02 12:30:00,0.87059,0.87085,0.87006,0.87019,1219,17,0
2024-08-02 13:00:00,0.87021,0.87033,0.86972,0.8701,1857,17,0
2024-08-02 13:30:00,0.87011,0.87041,0.86959,0.87028,1373,17,0
2024-08-02 14:00:00,0.87028,0.87081,0.87022,0.87054,1549,17,0
2024-08-02 14:30:00,0.87054,0.87104,0.87048,0.87056,1358,18,0
2024-08-02 15:00:00,0.87055,0.87112,0.8703,0.87054,2473,16,0
2024-08-02 15:30:00,0.87055,0.87055,0.86309,0.86411,8169,16,0
2024-08-02 16:00:00,0.86412,0.86629,0.86412,0.86473,5085,16,0
2024-08-02 16:30:00,0.86472,0.86488,0.86225,0.8626,4835,16,0
2024-08-02 17:00:00,0.86258,0.86321,0.85969,0.86083,5316,16,0
2024-08-02 17:30:00,0.86084,0.86153,0.85865,0.85901,5322,16,0
2024-08-02 18:00:00,0.85902,0.85983,0.85776,0.85808,4164,16,0
2024-08-02 18:30:00,0.85807,0.86085,0.85762,0.86046,3212,16,0
2024-08-02 19:00:00,0.86046,0.86182,0.86039,0.86121,3759,16,0
2024-08-02 19:30:00,0.86122,0.86148,0.85957,0.8598,2749,17,0
2024-08-02 20:00:00,0.8598,0.85985,0.859,0.859,1891,16,0
2024-08-02 20:30:00,0.859,0.8598,0.85877,0.85965,1451,19,0
2024-08-02 21:00:00,0.85965,0.85989,0.85924,0.85934,973,17,0
2024-08-02 21:30:00,0.85935,0.85954,0.85884,0.85884,1319,18,0
2024-08-02 22:00:00,0.85881,0.85952,0.85881,0.85899,1402,19,0
2024-08-02 22:30:00,0.85902,0.85916,0.85855,0.85901,1111,17,0
2024-08-02 23:00:00,0.85897,0.85916,0.85817,0.85817,463,20,0
2024-08-02 23:30:00,0.85818,0.85818,0.85717,0.8573,710,22,0
2024-08-05 00:00:00,0.85628,0.85944,0.85628,0.85762,257,120,0
2024-08-05 00:30:00,0.85772,0.85821,0.85716,0.85776,2254,108,0
2024-08-05 01:00:00,0.85764,0.85905,0.85683,0.85903,1334,16,0
2024-08-05 01:30:00,0.85903,0.85935,0.85878,0.85883,956,16,0
2024-08-05 02:00:00,0.85881,0.85881,0.85716,0.85722,1866,16,0
2024-08-05 02:30:00,0.85722,0.85741,0.85558,0.85631,3016,17,0
2024-08-05 03:00:00,0.85631,0.85719,0.8535,0.85508,5278,16,0
2024-08-05 03:30:00,0.85519,0.85668,0.8536,0.85448,5215,16,0
2024-08-05 04:00:00,0.85448,0.8549,0.85188,0.85304,4335,17,0
2024-08-05 04:30:00,0.85303,0.85529,0.85296,0.85427,3502,16,0
2024-08-05 05:00:00,0.85426,0.85573,0.85421,0.8552,2269,16,0
2024-08-05 05:30:00,0.85519,0.85542,0.85437,0.85456,1855,18,0
2024-08-05 06:00:00,0.85456,0.85465,0.85344,0.85413,2109,19,0
2024-08-05 06:30:00,0.85413,0.8542,0.85158,0.85197,2544,17,0
2024-08-05 07:00:00,0.85193,0.85231,0.84896,0.84934,3962,16,0
2024-08-05 07:30:00,0.84936,0.84998,0.84864,0.84913,3104,16,0
2024-08-05 08:00:00,0.84914,0.85113,0.84905,0.84968,2997,17,0
2024-08-05 08:30:00,0.84968,0.84968,0.84626,0.8475,5252,16,0
2024-08-05 09:00:00,0.84747,0.85041,0.84461,0.84918,8199,16,0
2024-08-05 09:30:00,0.84915,0.8518,0.84915,0.8498,5874,16,0
2024-08-05 10:00:00,0.8498,0.85003,0.84678,0.84961,5742,16,0
2024-08-05 10:30:00,0.84961,0.85333,0.84883,0.85226,5586,16,0
2024-08-05 11:00:00,0.85222,0.85248,0.84907,0.85078,3966,16,0
2024-08-05 11:30:00,0.85079,0.85162,0.8485,0.85004,3146,16,0
2024-08-05 12:00:00,0.85003,0.85115,0.84911,0.8493,3393,16,0
2024-08-05 12:30:00,0.84929,0.84994,0.84846,0.84929,2979,16,0
2024-08-05 13:00:00,0.84929,0.85071,0.84812,0.84979,2690,16,0
2024-08-05 13:30:00,0.84979,0.85017,0.84873,0.84916,2400,17,0
2024-08-05 14:00:00,0.84915,0.85072,0.84912,0.84966,2209,16,0
2024-08-05 14:30:00,0.8496,0.85114,0.84795,0.84795,2466,16,0
2024-08-05 15:00:00,0.84791,0.84878,0.8452,0.84541,5188,16,0
2024-08-05 15:30:00,0.84539,0.84563,0.84312,0.84436,6382,16,0
2024-08-05 16:00:00,0.84436,0.84717,0.8442,0.84474,5639,16,0
2024-08-05 16:30:00,0.84479,0.84853,0.84415,0.84808,6139,17,0
2024-08-05 17:00:00,0.84813,0.85094,0.84725,0.84774,7090,16,0
2024-08-05 17:30:00,0.84772,0.84963,0.84769,0.84881,5244,16,0
2024-08-05 18:00:00,0.84885,0.85107,0.84851,0.85079,4114,16,0
2024-08-05 18:30:00,0.85081,0.85288,0.8507,0.85273,4302,16,0
2024-08-05 19:00:00,0.85274,0.85524,0.8525,0.85504,4513,16,0
2024-08-05 19:30:00,0.85499,0.85515,0.85324,0.85333,3918,17,0
2024-08-05 20:00:00,0.85334,0.85414,0.85259,0.85333,3254,16,0
2024-08-05 20:30:00,0.85331,0.85415,0.85132,0.85165,2916,17,0
2024-08-05 21:00:00,0.85165,0.85218,0.85101,0.85183,2473,18,0
2024-08-05 21:30:00,0.85183,0.85183,0.85023,0.85046,2768,18,0
2024-08-05 22:00:00,0.85049,0.85116,0.84968,0.85093,2757,20,0
2024-08-05 22:30:00,0.85093,0.85126,0.84999,0.85015,1829,19,0
2024-08-05 23:00:00,0.85015,0.85174,0.85004,0.8516,1721,20,0
2024-08-05 23:30:00,0.8516,0.85226,0.85,0.85025,1281,23,0
2024-08-06 00:00:00,0.85027,0.8525,0.84818,0.85246,175,120,0
2024-08-06 00:30:00,0.85225,0.85256,0.85153,0.85209,1300,69,0
2024-08-06 01:00:00,0.85175,0.85274,0.85092,0.85202,1539,19,0
2024-08-06 01:30:00,0.85201,0.85295,0.85199,0.8529,1241,20,0
2024-08-06 02:00:00,0.85286,0.85393,0.85276,0.85383,2221,19,0
2024-08-06 02:30:00,0.8538,0.85501,0.85349,0.85473,2868,20,0
2024-08-06 03:00:00,0.85472,0.85532,0.85406,0.85476,4561,16,0
2024-08-06 03:30:00,0.85475,0.85544,0.85411,0.85426,5175,18,0
2024-08-06 04:00:00,0.85427,0.85555,0.85423,0.85523,3523,18,0
2024-08-06 04:30:00,0.85524,0.85561,0.85361,0.85476,3828,16,0
2024-08-06 05:00:00,0.85476,0.85516,0.85422,0.85499,2841,17,0
2024-08-06 05:30:00,0.85498,0.85544,0.85475,0.8552,2110,20,0
2024-08-06 06:00:00,0.8552,0.85567,0.8549,0.85564,1983,20,0
2024-08-06 06:30:00,0.85564,0.85636,0.85557,0.85565,2845,20,0
2024-08-06 07:00:00,0.85564,0.85632,0.85509,0.85552,2330,18,0
2024-08-06 07:30:00,0.85556,0.85637,0.85524,0.85614,2459,16,0
2024-08-06 08:00:00,0.85613,0.85613,0.85478,0.8557,2741,19,0
2024-08-06 08:30:00,0.85569,0.85708,0.85569,0.85679,2904,17,0
2024-08-06 09:00:00,0.85679,0.85684,0.85558,0.85584,4404,17,0
2024-08-06 09:30:00,0.85584,0.85586,0.85438,0.8545,3327,16,0
2024-08-06 10:00:00,0.8545,0.85584,0.85321,0.85583,4498,16,0
2024-08-06 10:30:00,0.85581,0.85636,0.85492,0.85583,3277,16,0
2024-08-06 11:00:00,0.85584,0.85636,0.85342,0.85454,4132,16,0
2024-08-06 11:30:00,0.85457,0.85507,0.85385,0.85424,3132,16,0
2024-08-06 12:00:00,0.85422,0.85526,0.85409,0.85502,3193,16,0
2024-08-06 12:30:00,0.85503,0.85506,0.85362,0.85455,2707,16,0
2024-08-06 13:00:00,0.85455,0.8549,0.85372,0.85487,3269,17,0
2024-08-06 13:30:00,0.85487,0.85526,0.85388,0.85442,2068,17,0
2024-08-06 14:00:00,0.85441,0.85527,0.85414,0.85515,2324,17,0
2024-08-06 14:30:00,0.85514,0.85545,0.85365,0.85381,2673,17,0
2024-08-06 15:00:00,0.85384,0.85455,0.8532,0.85384,2993,16,0
2024-08-06 15:30:00,0.85384,0.85395,0.85218,0.85294,3969,16,0
2024-08-06 16:00:00,0.85294,0.85326,0.85081,0.85105,3990,17,0
2024-08-06 16:30:00,0.85106,0.85244,0.85003,0.85194,4135,16,0
2024-08-06 17:00:00,0.85195,0.85297,0.85145,0.85164,3820,16,0
2024-08-06 17:30:00,0.85168,0.85315,0.85125,0.85241,4241,16,0
2024-08-06 18:00:00,0.8524,0.85311,0.85189,0.8519,3555,17,0
2024-08-06 18:30:00,0.8519,0.85343,0.8519,0.8532,3182,16,0
2024-08-06 19:00:00,0.8532,0.85413,0.85318,0.85334,2404,16,0
2024-08-06 19:30:00,0.85334,0.8537,0.85272,0.85349,1943,17,0
2024-08-06 20:00:00,0.85352,0.85352,0.85233,0.85298,2176,16,0
2024-08-06 20:30:00,0.85299,0.85391,0.85256,0.85372,1372,17,0
2024-08-06 21:00:00,0.8537,0.85383,0.85323,0.85348,1056,17,0
2024-08-06 21:30:00,0.8535,0.85372,0.8529,0.85292,1199,17,0
2024-08-06 22:00:00,0.85293,0.85323,0.85268,0.85304,2332,16,0
2024-08-06 22:30:00,0.85302,0.85302,0.85203,0.85213,1226,18,0
2024-08-06 23:00:00,0.85212,0.8526,0.85168,0.8524,912,20,0
2024-08-06 23:30:00,0.8524,0.85259,0.85077,0.85127,1045,23,0
2024-08-07 00:00:00,0.85125,0.85165,0.85061,0.85126,213,43,0
2024-08-07 00:30:00,0.85125,0.85173,0.85103,0.8514,1909,59,0
2024-08-07 01:00:00,0.85136,0.85241,0.85094,0.85213,1020,21,0
2024-08-07 01:30:00,0.85215,0.85232,0.85177,0.85222,1286,21,0
2024-08-07 02:00:00,0.85222,0.85246,0.85199,0.85241,931,16,0
2024-08-07 02:30:00,0.8524,0.85275,0.85222,0.85266,872,17,0
2024-08-07 03:00:00,0.85261,0.85398,0.85234,0.85378,2343,16,0
2024-08-07 03:30:00,0.85376,0.85408,0.8532,0.85342,2644,16,0
2024-08-07 04:00:00,0.85343,0.85402,0.85291,0.85398,2099,17,0
2024-08-07 04:30:00,0.85397,0.85783,0.85384,0.85627,5546,16,0
2024-08-07 05:00:00,0.85628,0.85714,0.85562,0.8568,3461,16,0
2024-08-07 05:30:00,0.8568,0.8568,0.85578,0.85639,2467,18,0
2024-08-07 06:00:00,0.85638,0.85746,0.85589,0.85729,2763,17,0
2024-08-07 06:30:00,0.85729,0.85802,0.85708,0.85779,1678,18,0
2024-08-07 07:00:00,0.85779,0.85916,0.85779,0.859,1656,16,0
2024-08-07 07:30:00,0.859,0.85909,0.8583,0.85878,2092,17,0
2024-08-07 08:00:00,0.85877,0.85887,0.85812,0.85851,2214,17,0
2024-08-07 08:30:00,0.85852,0.85923,0.85657,0.85702,3214,16,0
2024-08-07 09:00:00,0.85699,0.85762,0.85629,0.85684,3304,16,0
2024-08-07 09:30:00,0.85683,0.85788,0.85616,0.85626,3061,16,0
2024-08-07 10:00:00,0.8562,0.85702,0.85454,0.85467,3931,16,0
2024-08-07 10:30:00,0.85468,0.85646,0.85467,0.85572,2983,16,0
2024-08-07 11:00:00,0.85573,0.85701,0.85571,0.85646,3115,17,0
2024-08-07 11:30:00,0.85647,0.85895,0.85623,0.85868,2586,16,0
2024-08-07 12:00:00,0.85865,0.86106,0.85852,0.86091,2493,16,0
2024-08-07 12:30:00,0.86093,0.86382,0.86082,0.86296,1827,16,0
2024-08-07 13:00:00,0.86291,0.86311,0.86159,0.8625,1735,18,0
2024-08-07 13:30:00,0.8625,0.86283,0.86158,0.86256,1313,17,0
2024-08-07 14:00:00,0.86255,0.86397,0.86247,0.86349,1355,16,0
2024-08-07 14:30:00,0.86349,0.8636,0.8618,0.86191,1686,16,0
2024-08-07 15:00:00,0.8619,0.8619,0.8603,0.86086,2753,16,0
2024-08-07 15:30:00,0.86088,0.86147,0.86064,0.86103,3150,16,0
2024-08-07 16:00:00,0.86104,0.8629,0.86072,0.86289,2954,17,0
2024-08-07 16:30:00,0.86288,0.86496,0.86162,0.86413,4404,16,0
2024-08-07 17:00:00,0.86413,0.86413,0.86204,0.86226,3578,16,0
2024-08-07 17:30:00,0.86225,0.86548,0.86163,0.86456,4040,16,0
2024-08-07 18:00:00,0.86455,0.86614,0.86427,0.86483,2624,16,0
2024-08-07 18:30:00,0.86482,0.86539,0.86421,0.86517,2054,16,0
2024-08-07 19:00:00,0.86518,0.86534,0.86404,0.86455,2101,16,0
2024-08-07 19:30:00,0.86456,0.86481,0.86261,0.86296,1814,16,0
2024-08-07 20:00:00,0.86297,0.86339,0.86149,0.86233,2595,16,0
2024-08-07 20:30:00,0.86235,0.86262,0.8611,0.86162,2107,17,0
2024-08-07 21:00:00,0.86163,0.86191,0.86073,0.86187,2381,16,0
2024-08-07 21:30:00,0.86184,0.86216,0.86138,0.86168,2133,16,0
2024-08-07 22:00:00,0.86173,0.86266,0.8616,0.86182,1429,18,0
2024-08-07 22:30:00,0.86183,0.86231,0.86125,0.86154,1869,19,0
2024-08-07 23:00:00,0.86154,0.86206,0.86138,0.86177,533,21,0
2024-08-07 23:30:00,0.86178,0.86201,0.86145,0.86154,445,25,0
2024-08-08 00:00:00,0.86155,0.86288,0.86107,0.86155,170,32,0
2024-08-08 00:30:00,0.86157,0.86182,0.86101,0.86141,951,42,0
2024-08-08 01:00:00,0.86128,0.86194,0.86119,0.86149,1035,19,0
2024-08-08 01:30:00,0.8615,0.86151,0.86062,0.86069,1138,18,0
2024-08-08 02:00:00,0.86069,0.86073,0.85894,0.85896,1211,18,0
2024-08-08 02:30:00,0.85894,0.85999,0.85796,0.85994,3491,16,0
2024-08-08 03:00:00,0.85995,0.86084,0.85842,0.85849,4689,17,0
2024-08-08 03:30:00,0.85849,0.85888,0.85714,0.85846,4036,16,0
2024-08-08 04:00:00,0.85847,0.86029,0.85841,0.85947,4378,18,0
2024-08-08 04:30:00,0.85946,0.86004,0.85907,0.85969,3328,20,0
2024-08-08 05:00:00,0.85969,0.8609,0.85964,0.86036,1726,17,0
2024-08-08 05:30:00,0.86034,0.86051,0.85973,0.85987,1440,19,0
2024-08-08 06:00:00,0.85988,0.8604,0.85968,0.86021,1647,19,0
2024-08-08 06:30:00,0.86019,0.86067,0.85952,0.85983,1607,17,0
2024-08-08 07:00:00,0.85984,0.85988,0.85874,0.85901,2897,17,0
2024-08-08 07:30:00,0.859,0.85919,0.85845,0.85903,2078,18,0
2024-08-08 08:00:00,0.85908,0.85966,0.85889,0.85931,1819,20,0
2024-08-08 08:30:00,0.85938,0.85983,0.8582,0.85821,2102,17,0
2024-08-08 09:00:00,0.85823,0.85998,0.85786,0.85998,3282,18,0
2024-08-08 09:30:00,0.86001,0.86027,0.85928,0.85954,2391,16,0
2024-08-08 10:00:00,0.85955,0.86007,0.85888,0.85935,3887,16,0
2024-08-08 10:30:00,0.85935,0.85936,0.85823,0.85876,3348,16,0
2024-08-08 11:00:00,0.85877,0.85913,0.85816,0.85836,2719,18,0
2024-08-08 11:30:00,0.85835,0.85903,0.85816,0.85831,2450,16,0
2024-08-08 12:00:00,0.85831,0.8585,0.85762,0.85805,1870,17,0
2024-08-08 12:30:00,0.85808,0.85844,0.85684,0.85728,2262,16,0
2024-08-08 13:00:00,0.85731,0.85811,0.85695,0.85777,2690,17,0
2024-08-08 13:30:00,0.85778,0.85808,0.85758,0.85785,1825,19,0
2024-08-08 14:00:00,0.85784,0.85784,0.85639,0.85674,2541,16,0
2024-08-08 14:30:00,0.85675,0.85747,0.8565,0.85731,2298,16,0
2024-08-08 15:00:00,0.8573,0.85766,0.85588,0.85689,2783,16,0
2024-08-08 15:30:00,0.85738,0.86282,0.85732,0.86197,6169,16,0
2024-08-08 16:00:00,0.86194,0.86486,0.86158,0.86463,4209,16,0
2024-08-08 16:30:00,0.86465,0.86734,0.86414,0.86426,5633,16,0
2024-08-08 17:00:00,0.86428,0.86538,0.86397,0.86531,4528,17,0
2024-08-08 17:30:00,0.86531,0.86558,0.86447,0.86476,4420,16,0
2024-08-08 18:00:00,0.86475,0.86675,0.86434,0.86669,3025,17,0
2024-08-08 18:30:00,0.86669,0.8671,0.86525,0.86557,2408,16,0
2024-08-08 19:00:00,0.86557,0.8669,0.86524,0.86682,1613,17,0
2024-08-08 19:30:00,0.86682,0.86683,0.86608,0.8661,1357,16,0
2024-08-08 20:00:00,0.86608,0.86639,0.86551,0.86623,2160,16,0
2024-08-08 20:30:00,0.86625,0.86698,0.86614,0.86661,1868,16,0
2024-08-08 21:00:00,0.8666,0.86671,0.8661,0.86615,1804,17,0
2024-08-08 21:30:00,0.86612,0.86632,0.86576,0.86579,1072,16,0
2024-08-08 22:00:00,0.86581,0.86607,0.86545,0.86556,1453,16,0
2024-08-08 22:30:00,0.86559,0.86569,0.86524,0.86552,1320,17,0
2024-08-08 23:00:00,0.86552,0.86674,0.8654,0.86672,509,20,0
2024-08-08 23:30:00,0.86673,0.86679,0.86631,0.86649,315,22,0
2024-08-09 00:00:00,0.8665,0.8665,0.86582,0.86592,79,31,0
2024-08-09 00:30:00,0.8659,0.86658,0.86535,0.8659,3240,28,0
2024-08-09 01:00:00,0.86616,0.86675,0.86606,0.86657,1134,17,0
2024-08-09 01:30:00,0.86657,0.86661,0.86612,0.86637,5297,17,0
2024-08-09 02:00:00,0.86636,0.86694,0.86623,0.86663,1171,16,0
2024-08-09 02:30:00,0.86662,0.86697,0.86648,0.86691,746,17,0
2024-08-09 03:00:00,0.86688,0.86692,0.86569,0.86591,1803,18,0
2024-08-09 03:30:00,0.86589,0.86634,0.86532,0.86619,1882,19,0
2024-08-09 04:00:00,0.86619,0.86661,0.86587,0.86604,1188,16,0
2024-08-09 04:30:00,0.86604,0.86662,0.86593,0.86621,1537,16,0
2024-08-09 05:00:00,0.86621,0.86652,0.86607,0.86612,949,17,0
2024-08-09 05:30:00,0.86611,0.86652,0.86611,0.86641,1082,18,0
2024-08-09 06:00:00,0.86642,0.86659,0.866,0.86616,710,17,0
2024-08-09 06:30:00,0.86615,0.86624,0.86573,0.86616,861,18,0
2024-08-09 07:00:00,0.86616,0.86657,0.86598,0.86607,634,18,0
2024-08-09 07:30:00,0.86607,0.8661,0.86496,0.86522,1099,19,0
2024-08-09 08:00:00,0.86521,0.86626,0.86471,0.86599,1500,19,0
2024-08-09 08:30:00,0.86599,0.86644,0.86592,0.86593,1356,18,0
2024-08-09 09:00:00,0.86593,0.86596,0.8653,0.8657,1648,18,0
2024-08-09 09:30:00,0.86569,0.86655,0.86569,0.86631,1123,17,0
2024-08-09 10:00:00,0.86631,0.8671,0.86589,0.86608,1556,16,0
2024-08-09 10:30:00,0.86609,0.8667,0.86554,0.86574,1589,16,0
2024-08-09 11:00:00,0.86573,0.8659,0.86485,0.86565,1423,17,0
2024-08-09 11:30:00,0.86564,0.86588,0.86528,0.86535,1137,18,0
2024-08-09 12:00:00,0.86534,0.86571,0.86513,0.86522,941,17,0
2024-08-09 12:30:00,0.86521,0.86548,0.86463,0.86534,1400,18,0
2024-08-09 13:00:00,0.86534,0.86535,0.86446,0.86486,1081,18,0
2024-08-09 13:30:00,0.86486,0.86503,0.86444,0.86479,1140,16,0
2024-08-09 14:00:00,0.86482,0.86505,0.86393,0.8644,1528,17,0
2024-08-09 14:30:00,0.86439,0.8646,0.86373,0.86435,1644,17,0
2024-08-09 15:00:00,0.86436,0.865,0.86375,0.86436,1989,16,0
2024-08-09 15:30:00,0.86436,0.86462,0.86367,0.8646,2573,16,0
2024-08-09 16:00:00,0.8646,0.86484,0.86366,0.86395,2064,19,0
2024-08-09 16:30:00,0.86394,0.86474,0.86377,0.86439,2318,18,0
2024-08-09 17:00:00,0.86438,0.86441,0.86328,0.86338,2934,17,0
2024-08-09 17:30:00,0.86337,0.86499,0.86312,0.86461,2998,17,0
2024-08-09 18:00:00,0.86462,0.86484,0.86376,0.86385,1835,18,0
2024-08-09 18:30:00,0.86384,0.86418,0.86362,0.86379,1620,17,0
2024-08-09 19:00:00,0.8638,0.86443,0.86364,0.86424,1357,18,0
2024-08-09 19:30:00,0.86424,0.86454,0.86404,0.86436,1180,18,0
2024-08-09 20:00:00,0.86437,0.86516,0.8643,0.86515,1245,18,0
2024-08-09 20:30:00,0.86514,0.86515,0.86456,0.86476,1197,19,0
2024-08-09 21:00:00,0.86476,0.8648,0.86426,0.86478,804,18,0
2024-08-09 21:30:00,0.86478,0.86498,0.86455,0.86461,1156,19,0
2024-08-09 22:00:00,0.86462,0.8647,0.86435,0.8644,756,19,0
2024-08-09 22:30:00,0.86438,0.86468,0.86424,0.86445,685,19,0
2024-08-09 23:00:00,0.86449,0.86489,0.86434,0.86479,342,21,0
2024-08-09 23:30:00,0.86476,0.8653,0.86458,0.86507,565,25,0
2024-08-12 00:00:00,0.86399,0.86449,0.86399,0.86423,209,120,0
2024-08-12 00:30:00,0.86425,0.8648,0.86355,0.86384,827,60,0
2024-08-12 01:00:00,0.86385,0.86602,0.86364,0.86535,492,18,0
2024-08-12 01:30:00,0.86535,0.86564,0.86501,0.86535,241,17,0
2024-08-12 02:00:00,0.86533,0.86563,0.86491,0.86492,404,18,0
2024-08-12 02:30:00,0.86492,0.86505,0.86473,0.86491,709,17,0
2024-08-12 03:00:00,0.86491,0.86506,0.86452,0.86501,806,18,0
2024-08-12 03:30:00,0.86503,0.86516,0.86482,0.86493,931,19,0
2024-08-12 04:00:00,0.86492,0.86496,0.86448,0.86452,1165,19,0
2024-08-12 04:30:00,0.86453,0.8653,0.86451,0.86519,1303,19,0
2024-08-12 05:00:00,0.86518,0.86532,0.86481,0.86491,944,17,0
2024-08-12 05:30:00,0.86493,0.8654,0.86491,0.86531,610,19,0
2024-08-12 06:00:00,0.86531,0.86558,0.86529,0.86558,171,17,0
2024-08-12 06:30:00,0.86561,0.86628,0.86558,0.86625,515,17,0
2024-08-12 07:00:00,0.86628,0.86628,0.866,0.86609,238,17,0
2024-08-12 07:30:00,0.86609,0.86673,0.86599,0.86662,433,18,0
2024-08-12 08:00:00,0.86662,0.86687,0.86655,0.8668,937,19,0
2024-08-12 08:30:00,0.8668,0.86751,0.8668,0.86736,1008,18,0
2024-08-12 09:00:00,0.86733,0.86825,0.86685,0.86805,1662,16,0
2024-08-12 09:30:00,0.86806,0.86856,0.8673,0.86743,1525,17,0
2024-08-12 10:00:00,0.86741,0.86745,0.86639,0.86663,1898,17,0
2024-08-12 10:30:00,0.86662,0.86821,0.86655,0.86789,2331,17,0
2024-08-12 11:00:00,0.86791,0.86906,0.86781,0.86892,2503,16,0
2024-08-12 11:30:00,0.86895,0.86926,0.86815,0.86843,1927,18,0
2024-08-12 12:00:00,0.86841,0.86891,0.86822,0.86843,1522,17,0
2024-08-12 12:30:00,0.86843,0.86845,0.86778,0.868,1175,17,0
2024-08-12 13:00:00,0.868,0.86835,0.8677,0.86821,1325,18,0
2024-08-12 13:30:00,0.86822,0.86847,0.86796,0.86831,1321,19,0
2024-08-12 14:00:00,0.86831,0.86954,0.86814,0.86944,1919,16,0
2024-08-12 14:30:00,0.86943,0.86948,0.8686,0.86871,1281,17,0
2024-08-12 15:00:00,0.86871,0.86877,0.86834,0.8687,1558,17,0
2024-08-12 15:30:00,0.8687,0.86926,0.86822,0.86899,2037,18,0
2024-08-12 16:00:00,0.86899,0.8711,0.86895,0.87056,2669,16,0
2024-08-12 16:30:00,0.87057,0.87082,0.86827,0.86844,4332,16,0
2024-08-12 17:00:00,0.86845,0.87001,0.86821,0.86944,3750,16,0
2024-08-12 17:30:00,0.86943,0.86944,0.868,0.86818,2590,17,0
2024-08-12 18:00:00,0.86818,0.86867,0.86589,0.86649,2852,17,0
2024-08-12 18:30:00,0.86652,0.86739,0.86618,0.86739,2433,16,0
2024-08-12 19:00:00,0.86737,0.86743,0.866,0.86621,1977,16,0
2024-08-12 19:30:00,0.86624,0.8673,0.86594,0.86668,1692,16,0
2024-08-12 20:00:00,0.86669,0.86669,0.86554,0.86592,1841,16,0
2024-08-12 20:30:00,0.86596,0.86616,0.86498,0.86518,1920,18,0
2024-08-12 21:00:00,0.86518,0.86567,0.86495,0.86537,1208,17,0
2024-08-12 21:30:00,0.86537,0.86564,0.86512,0.86523,1162,17,0
2024-08-12 22:00:00,0.86523,0.86526,0.86462,0.86484,870,17,0
2024-08-12 22:30:00,0.86483,0.86487,0.86437,0.86476,1267,19,0
2024-08-12 23:00:00,0.86479,0.86531,0.86475,0.8652,893,20,0
2024-08-12 23:30:00,0.86521,0.86536,0.86483,0.86505,1030,22,0
2024-08-13 00:00:00,0.86493,0.8653,0.86436,0.86484,119,55,0
2024-08-13 00:30:00,0.86484,0.86505,0.86484,0.86497,516,36,0
2024-08-13 01:00:00,0.86493,0.86531,0.86486,0.86525,2720,19,0
2024-08-13 01:30:00,0.86528,0.86539,0.86518,0.86522,674,20,0
2024-08-13 02:00:00,0.86523,0.8655,0.86513,0.86516,941,19,0
2024-08-13 02:30:00,0.86517,0.8652,0.86453,0.86472,1075,21,0
2024-08-13 03:00:00,0.86473,0.86578,0.86472,0.8657,1944,18,0
2024-08-13 03:30:00,0.8657,0.86647,0.86562,0.86621,1604,19,0
2024-08-13 04:00:00,0.86622,0.86668,0.86599,0.8663,1430,17,0
2024-08-13 04:30:00,0.86631,0.86639,0.86589,0.86597,952,20,0
2024-08-13 05:00:00,0.86597,0.86597,0.8655,0.86557,721,19,0
2024-08-13 05:30:00,0.86557,0.86578,0.86554,0.8657,645,20,0
2024-08-13 06:00:00,0.86568,0.8658,0.86551,0.86564,463,20,0
2024-08-13 06:30:00,0.86564,0.86585,0.86558,0.86576,413,19,0
2024-08-13 07:00:00,0.86577,0.86663,0.86575,0.86655,771,20,0
2024-08-13 07:30:00,0.86655,0.86781,0.86655,0.86724,1062,18,0
2024-08-13 08:00:00,0.86724,0.86727,0.86687,0.86718,1012,19,0
2024-08-13 08:30:00,0.86718,0.86755,0.86657,0.86681,1354,17,0
2024-08-13 09:00:00,0.86681,0.86741,0.86618,0.86708,2165,18,0
2024-08-13 09:30:00,0.86707,0.86771,0.86698,0.86742,1335,16,0
2024-08-13 10:00:00,0.86743,0.86782,0.86701,0.86712,1746,17,0
2024-08-13 10:30:00,0.86711,0.86726,0.86633,0.86692,1886,17,0
2024-08-13 11:00:00,0.86692,0.86702,0.86615,0.8668,2027,17,0
2024-08-13 11:30:00,0.86681,0.86762,0.86654,0.86724,1301,17,0
2024-08-13 12:00:00,0.86724,0.86773,0.867,0.86716,1798,18,0
2024-08-13 12:30:00,0.86717,0.86781,0.86704,0.86771,1305,18,0
2024-08-13 13:00:00,0.86772,0.86774,0.86688,0.86718,809,18,0
2024-08-13 13:30:00,0.86723,0.8673,0.86674,0.86687,831,18,0
2024-08-13 14:00:00,0.86687,0.86767,0.86673,0.86697,1303,17,0
2024-08-13 14:30:00,0.86696,0.86712,0.86635,0.86648,1464,18,0
2024-08-13 15:00:00,0.86649,0.86791,0.86647,0.86704,1887,16,0
2024-08-13 15:30:00,0.86701,0.86758,0.86552,0.86653,4356,16,0
2024-08-13 16:00:00,0.86652,0.86666,0.86406,0.86497,4533,16,0
2024-08-13 16:30:00,0.86496,0.86581,0.86449,0.86557,3097,17,0
2024-08-13 17:00:00,0.86558,0.86581,0.86482,0.86553,2614,16,0
2024-08-13 17:30:00,0.86552,0.86609,0.86526,0.86541,2236,16,0
2024-08-13 18:00:00,0.8654,0.86588,0.86505,0.86524,1705,16,0
2024-08-13 18:30:00,0.86526,0.86567,0.86517,0.86533,989,16,0
2024-08-13 19:00:00,0.86534,0.86537,0.86461,0.86524,1177,17,0
2024-08-13 19:30:00,0.86523,0.86534,0.86459,0.86477,1736,17,0
2024-08-13 20:00:00,0.86478,0.86553,0.86457,0.86503,1392,16,0
2024-08-13 20:30:00,0.86502,0.86547,0.86449,0.86533,1319,16,0
2024-08-13 21:00:00,0.86534,0.86544,0.86426,0.86453,1280,17,0
2024-08-13 21:30:00,0.86454,0.86459,0.86369,0.86392,1241,16,0
2024-08-13 22:00:00,0.86392,0.86415,0.86362,0.86397,1289,16,0
2024-08-13 22:30:00,0.86397,0.8645,0.86397,0.86443,1161,16,0
2024-08-13 23:00:00,0.86442,0.86516,0.86438,0.86473,964,20,0
2024-08-13 23:30:00,0.86473,0.86484,0.86455,0.86471,1154,23,0
2024-08-14 00:00:00,0.86471,0.86477,0.86405,0.86451,68,36,0
2024-08-14 00:30:00,0.86451,0.86461,0.86425,0.86438,1482,48,0
2024-08-14 01:00:00,0.86438,0.86528,0.8643,0.86523,1482,20,0
2024-08-14 01:30:00,0.86521,0.86527,0.86471,0.86491,537,21,0
2024-08-14 02:00:00,0.8649,0.86495,0.86458,0.8647,538,21,0
2024-08-14 02:30:00,0.86471,0.86518,0.86469,0.86499,670,17,0
2024-08-14 03:00:00,0.86499,0.86521,0.8646,0.86483,1403,18,0
2024-08-14 03:30:00,0.86486,0.86541,0.86486,0.86539,982,17,0
2024-08-14 04:00:00,0.86539,0.86578,0.86469,0.86483,1437,17,0
2024-08-14 04:30:00,0.86482,0.86546,0.86476,0.86538,1191,18,0
2024-08-14 05:00:00,0.86535,0.86535,0.86373,0.86443,2365,17,0
2024-08-14 05:30:00,0.86444,0.86456,0.86368,0.86423,2279,16,0
2024-08-14 06:00:00,0.86423,0.86468,0.86395,0.86463,1815,19,0
2024-08-14 06:30:00,0.86463,0.86519,0.86458,0.86492,1481,17,0
2024-08-14 07:00:00,0.86492,0.86508,0.86465,0.86492,1006,20,0
2024-08-14 07:30:00,0.86492,0.86492,0.86447,0.86453,1004,21,0
2024-08-14 08:00:00,0.86454,0.86467,0.8644,0.86445,610,20,0
2024-08-14 08:30:00,0.86446,0.86518,0.86446,0.86509,1682,18,0
2024-08-14 09:00:00,0.86508,0.86519,0.86461,0.86499,2078,16,0
2024-08-14 09:30:00,0.86501,0.8654,0.86457,0.86461,1784,18,0
2024-08-14 10:00:00,0.86461,0.86496,0.86358,0.86368,1596,17,0
2024-08-14 10:30:00,0.86369,0.86379,0.86307,0.86348,1285,17,0
2024-08-14 11:00:00,0.86349,0.86399,0.86303,0.86348,1933,16,0
2024-08-14 11:30:00,0.86349,0.86355,0.86212,0.86235,1764,19,0
2024-08-14 12:00:00,0.86236,0.86307,0.86217,0.86264,1406,21,0
2024-08-14 12:30:00,0.86275,0.86277,0.86194,0.86245,1186,19,0
2024-08-14 13:00:00,0.86246,0.8632,0.86245,0.86304,1194,20,0
2024-08-14 13:30:00,0.86303,0.86311,0.86248,0.86258,895,22,0
2024-08-14 14:00:00,0.86257,0.86305,0.86232,0.86305,1187,19,0
2024-08-14 14:30:00,0.86304,0.86336,0.86254,0.86292,1447,18,0
2024-08-14 15:00:00,0.86291,0.86387,0.86281,0.86331,2072,17,0
2024-08-14 15:30:00,0.8629,0.86598,0.86149,0.86502,6550,18,0
2024-08-14 16:00:00,0.86503,0.86539,0.86379,0.86518,3843,19,0
2024-08-14 16:30:00,0.86518,0.86561,0.86327,0.86417,4161,19,0
2024-08-14 17:00:00,0.8642,0.86443,0.86324,0.86335,3556,20,0
2024-08-14 17:30:00,0.86334,0.86345,0.86184,0.86324,3709,19,0
2024-08-14 18:00:00,0.86325,0.86368,0.86294,0.86366,2066,20,0
2024-08-14 18:30:00,0.8637,0.86402,0.86316,0.86376,1566,17,0
2024-08-14 19:00:00,0.86374,0.86421,0.86348,0.86417,1227,21,0
2024-08-14 19:30:00,0.86418,0.86494,0.86401,0.86464,1329,19,0
2024-08-14 20:00:00,0.86463,0.86536,0.86462,0.86527,1035,21,0
2024-08-14 20:30:00,0.86527,0.86547,0.86511,0.86521,810,21,0
2024-08-14 21:00:00,0.86522,0.8653,0.86505,0.86527,664,21,0
2024-08-14 21:30:00,0.86526,0.86528,0.86481,0.86484,637,21,0
2024-08-14 22:00:00,0.86484,0.86497,0.86462,0.86484,636,20,0
2024-08-14 22:30:00,0.86483,0.86533,0.8648,0.86521,523,22,0
2024-08-14 23:00:00,0.8652,0.86527,0.86487,0.86498,216,22,0
2024-08-14 23:30:00,0.86497,0.86507,0.8647,0.86507,229,25,0
2024-08-15 00:00:00,0.86452,0.865,0.86449,0.86461,58,89,0
2024-08-15 00:30:00,0.86463,0.86505,0.86454,0.86475,602,43,0
2024-08-15 01:00:00,0.86467,0.86506,0.86455,0.86493,873,23,0
2024-08-15 01:30:00,0.86493,0.86521,0.8649,0.86512,467,23,0
2024-08-15 02:00:00,0.86509,0.86538,0.86496,0.86511,395,23,0
2024-08-15 02:30:00,0.8651,0.86512,0.86487,0.86495,703,22,0
2024-08-15 03:00:00,0.86495,0.86524,0.86473,0.86496,1228,22,0
2024-08-15 03:30:00,0.86497,0.86513,0.86481,0.86494,948,22,0
2024-08-15 04:00:00,0.86493,0.86579,0.8649,0.8656,1171,22,0
2024-08-15 04:30:00,0.8656,0.86624,0.86551,0.86582,1956,21,0
2024-08-15 05:00:00,0.86583,0.86622,0.86562,0.86618,907,22,0
2024-08-15 05:30:00,0.86613,0.86625,0.86591,0.86603,501,22,0
2024-08-15 06:00:00,0.86602,0.86604,0.86558,0.86569,530,22,0
2024-08-15 06:30:00,0.86579,0.86615,0.86579,0.86581,610,22,0
2024-08-15 07:00:00,0.86584,0.86584,0.86537,0.86559,568,22,0
2024-08-15 07:30:00,0.86553,0.86557,0.86502,0.86522,718,22,0
2024-08-15 08:00:00,0.86521,0.86579,0.86517,0.86517,810,21,0
2024-08-15 08:30:00,0.86519,0.86552,0.86507,0.86536,989,21,0
2024-08-15 09:00:00,0.86538,0.86559,0.86521,0.86554,1170,21,0
2024-08-15 09:30:00,0.86554,0.86578,0.86467,0.86496,1017,20,0
2024-08-15 10:00:00,0.86495,0.86578,0.86458,0.8656,1581,21,0
2024-08-15 10:30:00,0.8656,0.86566,0.86496,0.86555,1084,21,0
2024-08-15 11:00:00,0.86556,0.86601,0.86555,0.86584,1183,19,0
2024-08-15 11:30:00,0.86585,0.86626,0.86571,0.86606,1291,22,0
2024-08-15 12:00:00,0.86607,0.86653,0.86588,0.86621,1158,21,0
2024-08-15 12:30:00,0.86622,0.86687,0.86615,0.86661,1200,22,0
2024-08-15 13:00:00,0.8666,0.86681,0.8659,0.86606,1071,19,0
2024-08-15 13:30:00,0.86605,0.86645,0.86603,0.86615,1062,20,0
2024-08-15 14:00:00,0.86616,0.86636,0.86594,0.86623,971,21,0
2024-08-15 14:30:00,0.86624,0.86657,0.86602,0.86619,1126,19,0
2024-08-15 15:00:00,0.8662,0.86669,0.86607,0.86647,1587,20,0
2024-08-15 15:30:00,0.86649,0.87366,0.86649,0.87295,6486,17,0
2024-08-15 16:00:00,0.87293,0.87474,0.87183,0.87271,5202,18,0
2024-08-15 16:30:00,0.87272,0.87298,0.8718,0.87201,5060,20,0
2024-08-15 17:00:00,0.87202,0.87213,0.87046,0.87097,3882,19,0
2024-08-15 17:30:00,0.87096,0.87164,0.87053,0.871,3183,16,0
2024-08-15 18:00:00,0.87099,0.87137,0.87068,0.87083,2369,17,0
2024-08-15 18:30:00,0.87085,0.87154,0.8705,0.87119,1905,17,0
2024-08-15 19:00:00,0.87115,0.87163,0.87082,0.87153,1483,19,0
2024-08-15 19:30:00,0.87154,0.87217,0.87136,0.87211,1285,20,0
2024-08-15 20:00:00,0.8721,0.87233,0.87194,0.87229,1093,18,0
2024-08-15 20:30:00,0.8723,0.87288,0.87227,0.87275,907,19,0
2024-08-15 21:00:00,0.87273,0.87281,0.8723,0.87235,1020,18,0
2024-08-15 21:30:00,0.87234,0.8724,0.87201,0.87214,682,21,0
2024-08-15 22:00:00,0.87215,0.8722,0.87169,0.87201,1031,18,0
2024-08-15 22:30:00,0.87202,0.87217,0.87188,0.87213,1112,21,0
2024-08-15 23:00:00,0.87207,0.87254,0.87198,0.87251,890,21,0
2024-08-15 23:30:00,0.87251,0.87274,0.87236,0.87248,696,25,0
2024-08-16 00:00:00,0.8721,0.87238,0.87198,0.8722,29,79,0
2024-08-16 00:30:00,0.8722,0.87244,0.87215,0.87232,333,56,0
2024-08-16 01:00:00,0.87232,0.87271,0.87229,0.87236,563,21,0
2024-08-16 01:30:00,0.87235,0.87255,0.87234,0.87248,681,21,0
2024-08-16 02:00:00,0.87251,0.8726,0.8722,0.87224,673,21,0
2024-08-16 02:30:00,0.87224,0.87264,0.87222,0.8725,519,20,0
2024-08-16 03:00:00,0.87254,0.87257,0.87207,0.87227,1442,21,0
2024-08-16 03:30:00,0.87228,0.87234,0.87146,0.87185,1507,18,0
2024-08-16 04:00:00,0.87184,0.87207,0.8715,0.87151,1053,20,0
2024-08-16 04:30:00,0.87152,0.87162,0.87094,0.87111,1126,21,0
2024-08-16 05:00:00,0.87112,0.87142,0.87101,0.87138,631,17,0
2024-08-16 05:30:00,0.87138,0.87139,0.8709,0.87114,627,21,0
2024-08-16 06:00:00,0.87114,0.87134,0.87103,0.87124,612,18,0
2024-08-16 06:30:00,0.87124,0.87143,0.87122,0.87139,339,20,0
2024-08-16 07:00:00,0.87138,0.87143,0.87118,0.87121,512,21,0
2024-08-16 07:30:00,0.87119,0.87127,0.87093,0.87104,546,19,0
2024-08-16 08:00:00,0.87105,0.87124,0.87101,0.87119,653,17,0
2024-08-16 08:30:00,0.8712,0.8713,0.87093,0.87112,741,21,0
2024-08-16 09:00:00,0.8711,0.87138,0.87096,0.87104,1222,19,0
2024-08-16 09:30:00,0.87104,0.87123,0.87077,0.87091,1086,17,0
2024-08-16 10:00:00,0.8709,0.8709,0.86997,0.87023,1621,17,0
2024-08-16 10:30:00,0.87024,0.87039,0.86935,0.86963,1218,17,0
2024-08-16 11:00:00,0.86963,0.86972,0.86857,0.86858,1381,19,0
2024-08-16 11:30:00,0.8686,0.86899,0.86807,0.86857,1647,17,0
2024-08-16 12:00:00,0.86856,0.86915,0.8685,0.86902,1397,20,0
2024-08-16 12:30:00,0.86899,0.86901,0.86825,0.86887,1276,20,0
2024-08-16 13:00:00,0.86886,0.86889,0.86773,0.86798,1384,21,0
2024-08-16 13:30:00,0.868,0.86839,0.86769,0.86789,1445,20,0
2024-08-16 14:00:00,0.86788,0.86799,0.86707,0.86734,1852,17,0
2024-08-16 14:30:00,0.86735,0.86774,0.86694,0.86731,1656,17,0
2024-08-16 15:00:00,0.86728,0.86808,0.86697,0.86766,1797,17,0
2024-08-16 15:30:00,0.86766,0.86766,0.86635,0.86674,2675,18,0
2024-08-16 16:00:00,0.86675,0.86771,0.86652,0.86734,2555,18,0
2024-08-16 16:30:00,0.86736,0.86765,0.86698,0.86721,2677,19,0
2024-08-16 17:00:00,0.86721,0.86949,0.86717,0.86939,3595,18,0
2024-08-16 17:30:00,0.86937,0.86956,0.86817,0.86824,2753,19,0
2024-08-16 18:00:00,0.86822,0.8689,0.86806,0.86882,1782,20,0
2024-08-16 18:30:00,0.86881,0.86934,0.86834,0.8684,1446,20,0
2024-08-16 19:00:00,0.86839,0.86866,0.86824,0.86841,1067,20,0
2024-08-16 19:30:00,0.86842,0.86854,0.86831,0.86833,911,20,0
2024-08-16 20:00:00,0.86832,0.86835,0.86706,0.86712,986,19,0
2024-08-16 20:30:00,0.86711,0.86726,0.86693,0.8672,891,20,0
2024-08-16 21:00:00,0.86721,0.8676,0.86712,0.8673,691,19,0
2024-08-16 21:30:00,0.86731,0.86731,0.86663,0.86688,962,20,0
2024-08-16 22:00:00,0.86687,0.86736,0.86675,0.86722,671,20,0
2024-08-16 22:30:00,0.86721,0.86724,0.86654,0.86667,665,21,0
2024-08-16 23:00:00,0.86668,0.86677,0.86646,0.86649,242,21,0
2024-08-16 23:30:00,0.86649,0.86656,0.86579,0.8658,420,25,0
2024-08-19 00:00:00,0.86531,0.86609,0.86467,0.86591,64,120,0
2024-08-19 00:30:00,0.86586,0.86652,0.86578,0.86634,171,43,0
2024-08-19 01:00:00,0.86636,0.86748,0.86584,0.86738,857,21,0
2024-08-19 01:30:00,0.86739,0.86741,0.86687,0.86722,770,18,0
2024-08-19 02:00:00,0.8672,0.86752,0.86716,0.8674,670,18,0
2024-08-19 02:30:00,0.8674,0.86757,0.86712,0.86754,528,20,0
2024-08-19 03:00:00,0.86754,0.86766,0.86712,0.8676,1452,21,0
2024-08-19 03:30:00,0.86759,0.86762,0.86654,0.86674,1473,18,0
2024-08-19 04:00:00,0.86674,0.86701,0.86638,0.86649,1475,19,0
2024-08-19 04:30:00,0.8665,0.86687,0.86592,0.86661,1525,20,0
2024-08-19 05:00:00,0.86661,0.86706,0.86657,0.86683,1024,20,0
2024-08-19 05:30:00,0.86684,0.86693,0.86633,0.86642,817,19,0
2024-08-19 06:00:00,0.86641,0.86642,0.86522,0.86553,1868,19,0
2024-08-19 06:30:00,0.86553,0.86554,0.86425,0.86437,2019,17,0
2024-08-19 07:00:00,0.86434,0.86468,0.86432,0.86443,1137,20,0
2024-08-19 07:30:00,0.86442,0.86447,0.86327,0.86381,1673,19,0
2024-08-19 08:00:00,0.8638,0.86405,0.86293,0.8632,1756,20,0
2024-08-19 08:30:00,0.86319,0.8632,0.86183,0.86193,2644,18,0
2024-08-19 09:00:00,0.86194,0.8631,0.86147,0.86299,2844,19,0
2024-08-19 09:30:00,0.86298,0.86398,0.86258,0.86398,2570,19,0
2024-08-19 10:00:00,0.86399,0.8644,0.86349,0.8641,2182,19,0
2024-08-19 10:30:00,0.86408,0.86466,0.8634,0.86373,2027,17,0
2024-08-19 11:00:00,0.86374,0.86395,0.86286,0.86317,2050,20,0
2024-08-19 11:30:00,0.86319,0.86466,0.86319,0.86452,1635,19,0
2024-08-19 12:00:00,0.8645,0.86469,0.86424,0.8646,1419,20,0
2024-08-19 12:30:00,0.86459,0.86542,0.86437,0.86517,1436,18,0
2024-08-19 13:00:00,0.86513,0.86555,0.86492,0.86511,1625,17,0
2024-08-19 13:30:00,0.86511,0.86539,0.8648,0.86519,1315,18,0
2024-08-19 14:00:00,0.86518,0.86527,0.86446,0.86465,1322,18,0
2024-08-19 14:30:00,0.86464,0.86502,0.86391,0.86392,1473,20,0
2024-08-19 15:00:00,0.86391,0.86522,0.86374,0.86522,1884,20,0
2024-08-19 15:30:00,0.86524,0.86545,0.86491,0.8653,1464,20,0
2024-08-19 16:00:00,0.86531,0.86627,0.86528,0.86555,2169,20,0
2024-08-19 16:30:00,0.8655,0.86589,0.86471,0.86473,2105,19,0
2024-08-19 17:00:00,0.86474,0.86505,0.86425,0.86436,2412,17,0
2024-08-19 17:30:00,0.86409,0.86414,0.86275,0.86332,2909,17,0
2024-08-19 18:00:00,0.8633,0.86399,0.86307,0.86385,2090,19,0
2024-08-19 18:30:00,0.86383,0.8641,0.86258,0.86286,1450,17,0
2024-08-19 19:00:00,0.86285,0.86326,0.86269,0.8632,1168,18,0
2024-08-19 19:30:00,0.86318,0.86333,0.86269,0.86293,827,21,0
2024-08-19 20:00:00,0.86294,0.86312,0.86249,0.86295,855,20,0
2024-08-19 20:30:00,0.86297,0.8632,0.86248,0.86256,751,17,0
2024-08-19 21:00:00,0.86255,0.86262,0.86225,0.86233,754,20,0
2024-08-19 21:30:00,0.86233,0.86276,0.86218,0.86258,842,20,0
2024-08-19 22:00:00,0.86261,0.86267,0.86225,0.86252,586,16,0
2024-08-19 22:30:00,0.86253,0.86261,0.86232,0.86254,743,17,0
2024-08-19 23:00:00,0.86253,0.86258,0.86226,0.86253,291,21,0
2024-08-19 23:30:00,0.86253,0.86282,0.86244,0.86244,284,24,0
2024-08-20 00:00:00,0.86263,0.86282,0.86229,0.86248,37,87,0
2024-08-20 00:30:00,0.86248,0.86276,0.86219,0.86219,202,43,0
2024-08-20 01:00:00,0.86211,0.86266,0.86209,0.8626,227,21,0
2024-08-20 01:30:00,0.8626,0.86262,0.86245,0.86246,219,21,0
2024-08-20 02:00:00,0.86246,0.86298,0.86226,0.86294,709,20,0
2024-08-20 02:30:00,0.86294,0.86298,0.8624,0.86248,535,19,0
2024-08-20 03:00:00,0.86248,0.86252,0.86185,0.86247,1772,17,0
2024-08-20 03:30:00,0.86246,0.86249,0.86166,0.86199,1339,20,0
2024-08-20 04:00:00,0.862,0.86205,0.86039,0.86135,2064,16,0
2024-08-20 04:30:00,0.86135,0.86203,0.86088,0.86119,1667,19,0
2024-08-20 05:00:00,0.86118,0.86184,0.86092,0.86164,1326,21,0
2024-08-20 05:30:00,0.86166,0.862,0.86105,0.86192,1593,17,0
2024-08-20 06:00:00,0.86189,0.8621,0.86158,0.86171,1099,21,0
2024-08-20 06:30:00,0.86175,0.86223,0.86162,0.86202,945,21,0
2024-08-20 07:00:00,0.86203,0.86218,0.8619,0.86205,881,20,0
2024-08-20 07:30:00,0.86204,0.86208,0.86169,0.86192,825,21,0
2024-08-20 08:00:00,0.86192,0.8623,0.86189,0.86225,922,19,0
2024-08-20 08:30:00,0.86225,0.86243,0.86183,0.86192,1051,20,0
2024-08-20 09:00:00,0.86194,0.862,0.86139,0.86161,1795,19,0
2024-08-20 09:30:00,0.86163,0.86171,0.8612,0.86143,1344,17,0
2024-08-20 10:00:00,0.86144,0.86207,0.86086,0.86088,1711,17,0
2024-08-20 10:30:00,0.86089,0.86096,0.85906,0.8591,2659,17,0
2024-08-20 11:00:00,0.8591,0.85959,0.85876,0.85955,2354,18,0
2024-08-20 11:30:00,0.85956,0.86007,0.85894,0.85999,1866,21,0
2024-08-20 12:00:00,0.85998,0.86023,0.85965,0.86013,1416,17,0
2024-08-20 12:30:00,0.86011,0.86014,0.85951,0.85993,1562,20,0
2024-08-20 13:00:00,0.85994,0.86003,0.85943,0.85945,1262,17,0
2024-08-20 13:30:00,0.85946,0.85985,0.8594,0.85944,1217,19,0
2024-08-20 14:00:00,0.85945,0.85977,0.85924,0.85963,1213,19,0
2024-08-20 14:30:00,0.85967,0.85987,0.85924,0.85945,941,21,0
2024-08-20 15:00:00,0.85944,0.85972,0.8592,0.8596,1587,20,0
2024-08-20 15:30:00,0.85959,0.86038,0.85896,0.85904,2291,19,0
2024-08-20 16:00:00,0.85905,0.85924,0.85833,0.85875,2192,18,0
2024-08-20 16:30:00,0.85873,0.85911,0.85793,0.85801,2569,17,0
2024-08-20 17:00:00,0.85802,0.85926,0.85768,0.8578,2429,17,0
2024-08-20 17:30:00,0.85779,0.8582,0.85647,0.85709,3311,17,0
2024-08-20 18:00:00,0.8571,0.85798,0.85674,0.85772,2837,17,0
2024-08-20 18:30:00,0.85773,0.85777,0.85714,0.85759,1351,19,0
2024-08-20 19:00:00,0.85758,0.85764,0.85645,0.85659,1595,18,0
2024-08-20 19:30:00,0.85658,0.85665,0.85575,0.8561,1117,20,0
2024-08-20 20:00:00,0.85603,0.85638,0.8559,0.85603,804,18,0
2024-08-20 20:30:00,0.85602,0.85622,0.85582,0.85622,656,21,0
2024-08-20 21:00:00,0.8562,0.85639,0.85569,0.85576,575,21,0
2024-08-20 21:30:00,0.85576,0.85593,0.85541,0.85542,684,21,0
2024-08-20 22:00:00,0.85541,0.85555,0.85508,0.85514,649,19,0
2024-08-20 22:30:00,0.85515,0.85516,0.85448,0.85481,920,20,0
2024-08-20 23:00:00,0.85482,0.85483,0.85388,0.85393,525,21,0
2024-08-20 23:30:00,0.85391,0.85423,0.8538,0.85381,567,23,0
2024-08-21 00:00:00,0.85343,0.85399,0.85343,0.85384,38,35,0
2024-08-21 00:30:00,0.85384,0.85388,0.85376,0.8538,259,45,0
2024-08-21 01:00:00,0.8538,0.85407,0.85331,0.85338,538,21,0
2024-08-21 01:30:00,0.85338,0.85362,0.85316,0.85321,831,20,0
2024-08-21 02:00:00,0.85322,0.85333,0.85202,0.85214,975,18,0
2024-08-21 02:30:00,0.85215,0.85359,0.85201,0.85355,1628,17,0
2024-08-21 03:00:00,0.85348,0.85372,0.85225,0.85227,1630,16,0
2024-08-21 03:30:00,0.85227,0.85379,0.85202,0.85343,1892,16,0
2024-08-21 04:00:00,0.85341,0.85381,0.85326,0.85357,1621,19,0
2024-08-21 04:30:00,0.85356,0.85411,0.85348,0.85372,1639,20,0
2024-08-21 05:00:00,0.85373,0.85397,0.85352,0.85363,1050,21,0
2024-08-21 05:30:00,0.85364,0.85368,0.85338,0.85355,1088,19,0
2024-08-21 06:00:00,0.85356,0.85398,0.85342,0.85383,976,21,0
2024-08-21 06:30:00,0.85382,0.85427,0.8537,0.85411,1129,20,0
2024-08-21 07:00:00,0.8541,0.85415,0.85385,0.854,762,21,0
2024-08-21 07:30:00,0.854,0.85424,0.85396,0.85409,876,21,0
2024-08-21 08:00:00,0.85408,0.85438,0.854,0.85416,801,21,0
2024-08-21 08:30:00,0.85415,0.85443,0.854,0.8543,1156,19,0
2024-08-21 09:00:00,0.85429,0.8548,0.85408,0.85445,1478,16,0
2024-08-21 09:30:00,0.85444,0.85455,0.85405,0.85434,1535,20,0
2024-08-21 10:00:00,0.85432,0.85437,0.85334,0.85375,1741,19,0
2024-08-21 10:30:00,0.85376,0.85604,0.85375,0.85568,2336,18,0
2024-08-21 11:00:00,0.85564,0.8558,0.85522,0.85534,1508,17,0
2024-08-21 11:30:00,0.85535,0.85538,0.85455,0.85512,1341,21,0
2024-08-21 12:00:00,0.85513,0.85536,0.85454,0.85469,1170,17,0
2024-08-21 12:30:00,0.85468,0.85537,0.85454,0.85502,1221,20,0
2024-08-21 13:00:00,0.85503,0.85518,0.85456,0.8546,977,20,0
2024-08-21 13:30:00,0.85459,0.85556,0.85456,0.85538,904,19,0
2024-08-21 14:00:00,0.85535,0.85586,0.85532,0.85569,1097,19,0
2024-08-21 14:30:00,0.85571,0.85576,0.85489,0.85502,1104,20,0
2024-08-21 15:00:00,0.85499,0.85501,0.85423,0.85441,1371,20,0
2024-08-21 15:30:00,0.8544,0.85441,0.85369,0.85392,1748,17,0
2024-08-21 16:00:00,0.85389,0.85389,0.85303,0.8534,1901,19,0
2024-08-21 16:30:00,0.85342,0.85376,0.8528,0.85356,2493,18,0
2024-08-21 17:00:00,0.85356,0.85548,0.85192,0.85334,8972,16,0
2024-08-21 17:30:00,0.85333,0.85511,0.85252,0.85321,6701,16,0
2024-08-21 18:00:00,0.85322,0.85322,0.85193,0.85239,3489,16,0
2024-08-21 18:30:00,0.8524,0.85258,0.851,0.85147,2982,19,0
2024-08-21 19:00:00,0.85149,0.8515,0.85064,0.85096,2039,20,0
2024-08-21 19:30:00,0.85095,0.85139,0.85088,0.85122,1305,21,0
2024-08-21 20:00:00,0.85124,0.85145,0.85063,0.85063,1176,21,0
2024-08-21 20:30:00,0.85061,0.85077,0.85048,0.85072,848,21,0
2024-08-21 21:00:00,0.85069,0.85074,0.84941,0.84952,2762,16,0
2024-08-21 21:30:00,0.84953,0.85076,0.84952,0.85031,1587,20,0
2024-08-21 22:00:00,0.85032,0.85151,0.8503,0.8515,1228,20,0
2024-08-21 22:30:00,0.8515,0.85168,0.85117,0.85137,1034,20,0
2024-08-21 23:00:00,0.85139,0.85216,0.85137,0.85177,402,21,0
2024-08-21 23:30:00,0.85178,0.85185,0.85144,0.85155,417,25,0
2024-08-22 00:30:00,0.85105,0.85168,0.85067,0.85119,393,71,0
2024-08-22 01:00:00,0.8509,0.85158,0.85087,0.85123,559,21,0
2024-08-22 01:30:00,0.85123,0.85135,0.85073,0.85075,410,21,0
2024-08-22 02:00:00,0.85077,0.85081,0.85039,0.85061,676,17,0
2024-08-22 02:30:00,0.8506,0.85111,0.85042,0.85105,770,21,0
2024-08-22 03:00:00,0.85105,0.85116,0.8504,0.85108,1123,20,0
2024-08-22 03:30:00,0.85111,0.85179,0.85111,0.8517,1406,20,0
2024-08-22 04:00:00,0.8517,0.85207,0.85147,0.8518,1081,16,0
2024-08-22 04:30:00,0.8518,0.85225,0.8518,0.85221,1164,21,0
2024-08-22 05:00:00,0.85222,0.85242,0.8518,0.85194,882,21,0
2024-08-22 05:30:00,0.85195,0.85205,0.8516,0.85189,807,21,0
2024-08-22 06:00:00,0.8519,0.8519,0.85147,0.85148,594,21,0
2024-08-22 06:30:00,0.8515,0.85152,0.85104,0.85119,637,21,0
2024-08-22 07:00:00,0.85118,0.85167,0.85095,0.85117,929,20,0
2024-08-22 07:30:00,0.85121,0.85148,0.85113,0.85129,653,20,0
2024-08-22 08:00:00,0.8513,0.85145,0.851,0.85111,674,21,0
2024-08-22 08:30:00,0.85106,0.85146,0.85095,0.85131,892,20,0
2024-08-22 09:00:00,0.8513,0.85142,0.85027,0.85031,1505,21,0
2024-08-22 09:30:00,0.85032,0.8511,0.85023,0.85079,1526,20,0
2024-08-22 10:00:00,0.85077,0.85084,0.8497,0.85042,1847,17,0
2024-08-22 10:30:00,0.85041,0.85095,0.84932,0.85017,2498,21,0
2024-08-22 11:00:00,0.85016,0.85025,0.84883,0.8492,2116,21,0
2024-08-22 11:30:00,0.84915,0.85122,0.84894,0.85111,2089,18,0
2024-08-22 12:00:00,0.85115,0.85191,0.85063,0.85111,2027,20,0
2024-08-22 12:30:00,0.85109,0.85116,0.85065,0.85089,1096,21,0
2024-08-22 13:00:00,0.8509,0.85137,0.85058,0.85121,1345,17,0
2024-08-22 13:30:00,0.85122,0.85156,0.85105,0.85133,1528,18,0
2024-08-22 14:00:00,0.85135,0.85179,0.85134,0.85161,1294,17,0
2024-08-22 14:30:00,0.85162,0.85251,0.85161,0.85186,1832,20,0
2024-08-22 15:00:00,0.85186,0.8525,0.85098,0.85098,2021,19,0
2024-08-22 15:30:00,0.85111,0.85319,0.85102,0.85123,3267,17,0
2024-08-22 16:00:00,0.85124,0.85145,0.85049,0.85073,2475,18,0
2024-08-22 16:30:00,0.85075,0.85291,0.85055,0.85206,3697,18,0
2024-08-22 17:00:00,0.85206,0.85328,0.85206,0.85324,3673,18,0
2024-08-22 17:30:00,0.85325,0.85332,0.85197,0.85211,2748,18,0
2024-08-22 18:00:00,0.8521,0.8528,0.85172,0.85196,1700,18,0
2024-08-22 18:30:00,0.85194,0.85196,0.85123,0.85172,1573,18,0
2024-08-22 19:00:00,0.85173,0.85244,0.85144,0.8521,1056,18,0
2024-08-22 19:30:00,0.85211,0.8524,0.85177,0.85194,1269,18,0
2024-08-22 20:00:00,0.85194,0.85259,0.85186,0.85228,1378,18,0
2024-08-22 20:30:00,0.85229,0.8524,0.85177,0.85182,1416,18,0
2024-08-22 21:00:00,0.85181,0.85195,0.85136,0.8518,1259,18,0
2024-08-22 21:30:00,0.8518,0.85215,0.85167,0.8519,690,18,0
2024-08-22 22:00:00,0.8519,0.85209,0.85152,0.85177,655,18,0
2024-08-22 22:30:00,0.85177,0.85246,0.85177,0.85231,702,18,0
2024-08-22 23:00:00,0.8523,0.85246,0.85225,0.85229,258,20,0
2024-08-22 23:30:00,0.85229,0.85232,0.85189,0.85208,363,24,0
2024-08-23 00:00:00,0.85144,0.8522,0.85126,0.85192,173,55,0
2024-08-23 00:30:00,0.85174,0.85195,0.85139,0.85167,3190,62,0
2024-08-23 01:00:00,0.85165,0.85209,0.85144,0.85178,619,20,0
2024-08-23 01:30:00,0.85178,0.85191,0.85156,0.85176,591,19,0
2024-08-23 02:00:00,0.85175,0.85179,0.85139,0.85155,332,19,0
2024-08-23 02:30:00,0.85156,0.85177,0.85146,0.8517,380,18,0
2024-08-23 03:00:00,0.8517,0.85198,0.85125,0.85137,1236,18,0
2024-08-23 03:30:00,0.85139,0.85173,0.85113,0.85153,1452,18,0
2024-08-23 04:00:00,0.85153,0.8516,0.85093,0.85139,1355,18,0
2024-08-23 04:30:00,0.85137,0.85141,0.85073,0.85082,1234,18,0
2024-08-23 05:00:00,0.85083,0.85122,0.85031,0.8511,1219,18,0
2024-08-23 05:30:00,0.85109,0.85145,0.85106,0.8513,640,18,0
2024-08-23 06:00:00,0.8513,0.85136,0.85107,0.85116,437,18,0
2024-08-23 06:30:00,0.85117,0.85154,0.85117,0.85146,497,18,0
2024-08-23 07:00:00,0.85148,0.85207,0.85122,0.85196,927,18,0
2024-08-23 07:30:00,0.85197,0.8521,0.85149,0.85166,677,18,0
2024-08-23 08:00:00,0.85165,0.85178,0.85144,0.85155,782,18,0
2024-08-23 08:30:00,0.85157,0.85188,0.85153,0.85182,938,18,0
2024-08-23 09:00:00,0.85181,0.85228,0.8512,0.85134,1271,18,0
2024-08-23 09:30:00,0.85135,0.85141,0.85041,0.85092,1401,18,0
2024-08-23 10:00:00,0.85091,0.85122,0.85036,0.85105,1509,18,0
2024-08-23 10:30:00,0.85105,0.85155,0.85071,0.85093,1395,18,0
2024-08-23 11:00:00,0.85093,0.85147,0.85072,0.85111,1359,18,0
2024-08-23 11:30:00,0.85111,0.8521,0.85083,0.85186,1332,18,0
2024-08-23 12:00:00,0.85184,0.85262,0.85158,0.85192,1223,18,0
2024-08-23 12:30:00,0.85194,0.85258,0.85171,0.85253,945,18,0
2024-08-23 13:00:00,0.85254,0.85261,0.85207,0.85227,724,18,0
2024-08-23 13:30:00,0.85228,0.85235,0.85161,0.85178,669,18,0
2024-08-23 14:00:00,0.8518,0.85214,0.85161,0.85214,628,18,0
2024-08-23 14:30:00,0.85213,0.8523,0.85155,0.85191,764,18,0
2024-08-23 15:00:00,0.85191,0.85251,0.85174,0.85236,1417,18,0
2024-08-23 15:30:00,0.85236,0.85262,0.85185,0.85213,1564,18,0
2024-08-23 16:00:00,0.85212,0.85324,0.85209,0.85296,1411,18,0
2024-08-23 16:30:00,0.85296,0.85408,0.8529,0.85293,2196,18,0
2024-08-23 17:00:00,0.85293,0.85304,0.84867,0.84953,7781,18,0
2024-08-23 17:30:00,0.84954,0.84992,0.84786,0.84881,6058,18,0
2024-08-23 18:00:00,0.8488,0.84881,0.84697,0.84766,3692,18,0
2024-08-23 18:30:00,0.84765,0.84922,0.8474,0.84906,2631,18,0
2024-08-23 19:00:00,0.84906,0.84994,0.8488,0.84947,2083,18,0
2024-08-23 19:30:00,0.84947,0.85006,0.84923,0.84969,1558,18,0
2024-08-23 20:00:00,0.84969,0.84973,0.84853,0.84853,1554,18,0
2024-08-23 20:30:00,0.84853,0.84853,0.84764,0.84785,1352,18,0
2024-08-23 21:00:00,0.84786,0.84794,0.84699,0.84761,1483,18,0
2024-08-23 21:30:00,0.84762,0.84803,0.84735,0.84778,1202,18,0
2024-08-23 22:00:00,0.84778,0.84778,0.84704,0.84741,917,18,0
2024-08-23 22:30:00,0.84742,0.84776,0.84728,0.84766,709,18,0
2024-08-23 23:00:00,0.84765,0.84789,0.84732,0.84789,617,18,0
2024-08-23 23:30:00,0.84789,0.8479,0.84738,0.84758,567,24,0
2024-08-26 00:00:00,0.84715,0.8473,0.84711,0.84728,93,120,0
2024-08-26 00:30:00,0.84727,0.84728,0.84669,0.84684,265,120,0
2024-08-26 01:00:00,0.84685,0.84808,0.84685,0.84793,757,28,0
2024-08-26 01:30:00,0.84793,0.84794,0.84701,0.84714,701,18,0
2024-08-26 02:00:00,0.8471,0.84739,0.84675,0.84727,1956,18,0
2024-08-26 02:30:00,0.84728,0.84737,0.84704,0.84708,1295,18,0
2024-08-26 03:00:00,0.84708,0.84751,0.84575,0.84591,2154,18,0
2024-08-26 03:30:00,0.84591,0.84635,0.84548,0.84629,2188,18,0
2024-08-26 04:00:00,0.8463,0.84651,0.84552,0.84613,1514,18,0
2024-08-26 04:30:00,0.84615,0.8468,0.84606,0.84657,1190,18,0
2024-08-26 05:00:00,0.84657,0.84665,0.84601,0.84638,711,18,0
2024-08-26 05:30:00,0.84638,0.84699,0.84617,0.84691,770,18,0
2024-08-26 06:00:00,0.84691,0.84702,0.84669,0.84685,835,18,0
2024-08-26 06:30:00,0.84684,0.84737,0.84684,0.84717,1190,19,0
2024-08-26 07:00:00,0.84718,0.84718,0.84681,0.84702,616,18,0
2024-08-26 07:30:00,0.84702,0.8472,0.84697,0.84709,511,18,0
2024-08-26 08:00:00,0.8471,0.8475,0.84699,0.84747,674,18,0
2024-08-26 08:30:00,0.84746,0.84781,0.84721,0.84727,1262,18,0
2024-08-26 09:00:00,0.84728,0.84751,0.8468,0.84694,1327,18,0
2024-08-26 09:30:00,0.84694,0.84696,0.84624,0.84668,1613,18,0
2024-08-26 10:00:00,0.8467,0.84706,0.84618,0.84705,1502,18,0
2024-08-26 10:30:00,0.84704,0.84714,0.84634,0.84661,1213,18,0
2024-08-26 11:00:00,0.8466,0.84676,0.84575,0.84595,1436,18,0
2024-08-26 11:30:00,0.84596,0.84616,0.8456,0.84574,1282,18,0
2024-08-26 12:00:00,0.84574,0.84627,0.8455,0.84616,729,18,0
2024-08-26 12:30:00,0.84615,0.84661,0.84607,0.8465,946,18,0
2024-08-26 13:00:00,0.84651,0.84659,0.8458,0.84594,1209,18,0
2024-08-26 13:30:00,0.84594,0.84658,0.84591,0.8464,845,18,0
2024-08-26 14:00:00,0.8464,0.84723,0.84612,0.84716,1251,18,0
2024-08-26 14:30:00,0.84716,0.84744,0.84679,0.84727,1076,18,0
2024-08-26 15:00:00,0.84727,0.84766,0.84684,0.84737,1303,18,0
2024-08-26 15:30:00,0.84737,0.84849,0.84709,0.84735,3177,18,0
2024-08-26 16:00:00,0.84734,0.84798,0.84713,0.84774,2214,18,0
2024-08-26 16:30:00,0.84776,0.84837,0.84762,0.84798,2246,18,0
2024-08-26 17:00:00,0.84799,0.84831,0.84715,0.84717,2267,18,0
2024-08-26 17:30:00,0.84718,0.84721,0.8462,0.8465,2501,18,0
2024-08-26 18:00:00,0.84649,0.84776,0.84638,0.84759,1748,18,0
2024-08-26 18:30:00,0.84759,0.84787,0.84732,0.84779,813,18,0
2024-08-26 19:00:00,0.8478,0.84795,0.84743,0.84772,1268,18,0
2024-08-26 19:30:00,0.84771,0.84788,0.84715,0.8472,1185,18,0
2024-08-26 20:00:00,0.84719,0.84723,0.84664,0.84694,994,18,0
2024-08-26 20:30:00,0.84694,0.84743,0.84693,0.84709,994,18,0
2024-08-26 21:00:00,0.84709,0.8474,0.84696,0.84721,684,18,0
2024-08-26 21:30:00,0.8472,0.84766,0.84694,0.84696,974,18,0
2024-08-26 22:00:00,0.84697,0.84703,0.84677,0.84687,718,18,0
2024-08-26 22:30:00,0.84688,0.84752,0.84684,0.84748,545,18,0
2024-08-26 23:00:00,0.84749,0.84755,0.84716,0.84716,299,18,0
2024-08-26 23:30:00,0.84717,0.84723,0.84703,0.84708,273,24,0
2024-08-27 00:00:00,0.84689,0.84727,0.84552,0.84691,170,75,0
2024-08-27 00:30:00,0.84689,0.84717,0.84626,0.84709,404,69,0
2024-08-27 01:00:00,0.8471,0.84721,0.84667,0.84668,954,18,0
2024-08-27 01:30:00,0.84669,0.84683,0.84655,0.84673,284,18,0
2024-08-27 02:00:00,0.84674,0.84674,0.84628,0.84671,920,18,0
2024-08-27 02:30:00,0.84671,0.84708,0.84664,0.84704,504,18,0
2024-08-27 03:00:00,0.84704,0.84714,0.8467,0.84703,743,18,0
2024-08-27 03:30:00,0.84703,0.8477,0.84703,0.84753,1030,18,0
2024-08-27 04:00:00,0.84754,0.84782,0.847,0.84703,957,18,0
2024-08-27 04:30:00,0.84704,0.84725,0.84667,0.84673,656,18,0
2024-08-27 05:00:00,0.84672,0.84713,0.84663,0.84708,535,18,0
2024-08-27 05:30:00,0.84709,0.84746,0.84704,0.84715,543,18,0
2024-08-27 06:00:00,0.84715,0.84747,0.84706,0.84741,458,18,0
2024-08-27 06:30:00,0.8474,0.84757,0.84723,0.84734,445,18,0
2024-08-27 07:00:00,0.84734,0.84735,0.84696,0.84698,606,18,0
2024-08-27 07:30:00,0.84698,0.84707,0.84678,0.84695,558,18,0
2024-08-27 08:00:00,0.84696,0.8471,0.84664,0.84687,759,18,0
2024-08-27 08:30:00,0.84688,0.84783,0.84688,0.84745,708,18,0
2024-08-27 09:00:00,0.84745,0.84752,0.84701,0.84715,1025,18,0
2024-08-27 09:30:00,0.84718,0.84777,0.8469,0.8477,981,18,0
2024-08-27 10:00:00,0.84775,0.84804,0.8469,0.8477,2091,18,0
2024-08-27 10:30:00,0.8477,0.84835,0.8471,0.84746,1653,18,0
2024-08-27 11:00:00,0.84747,0.84774,0.84692,0.84721,1435,18,0
2024-08-27 11:30:00,0.84723,0.84768,0.84716,0.84751,1281,18,0
2024-08-27 12:00:00,0.8475,0.84758,0.8462,0.84653,1488,18,0
2024-08-27 12:30:00,0.84654,0.84664,0.84597,0.84625,1430,18,0
2024-08-27 13:00:00,0.84625,0.84663,0.84595,0.84661,1049,18,0
2024-08-27 13:30:00,0.84661,0.84699,0.84641,0.84647,1032,18,0
2024-08-27 14:00:00,0.84647,0.84669,0.84548,0.84548,1393,18,0
2024-08-27 14:30:00,0.84548,0.84609,0.84545,0.84594,1267,18,0
2024-08-27 15:00:00,0.8459,0.8461,0.84549,0.846,1864,18,0
2024-08-27 15:30:00,0.84598,0.84607,0.84496,0.84522,2006,18,0
2024-08-27 16:00:00,0.84521,0.8455,0.84428,0.84526,2037,18,0
2024-08-27 16:30:00,0.84527,0.84528,0.84315,0.84322,2361,18,0
2024-08-27 17:00:00,0.84324,0.84422,0.84254,0.84296,3353,18,0
2024-08-27 17:30:00,0.84297,0.84377,0.84206,0.84289,3131,18,0
2024-08-27 18:00:00,0.84288,0.84416,0.84287,0.84333,2120,18,0
2024-08-27 18:30:00,0.84332,0.844,0.84312,0.84383,1379,18,0
2024-08-27 19:00:00,0.84382,0.84383,0.84335,0.84335,1323,18,0
2024-08-27 19:30:00,0.84336,0.84352,0.84305,0.84308,917,18,0
2024-08-27 20:00:00,0.84309,0.84321,0.84198,0.84205,1766,18,0
2024-08-27 20:30:00,0.84206,0.84231,0.84173,0.84196,897,18,0
2024-08-27 21:00:00,0.842,0.842,0.84117,0.84119,1009,18,0
2024-08-27 21:30:00,0.84118,0.84149,0.84081,0.84124,886,18,0
2024-08-27 22:00:00,0.84124,0.84145,0.84122,0.84128,512,18,0
2024-08-27 22:30:00,0.84127,0.8415,0.84115,0.84146,625,18,0
2024-08-27 23:00:00,0.84147,0.84152,0.8413,0.84136,404,20,0
2024-08-27 23:30:00,0.84137,0.84149,0.84114,0.84149,1074,24,0
2024-08-28 00:00:00,0.84135,0.84169,0.84115,0.84136,1338,37,0
2024-08-28 00:30:00,0.84133,0.84148,0.8412,0.8414,110,37,0
2024-08-28 01:00:00,0.84138,0.84152,0.84103,0.84107,626,18,0
2024-08-28 01:30:00,0.84106,0.84114,0.84083,0.84106,552,18,0
2024-08-28 02:00:00,0.84106,0.84131,0.84093,0.84117,649,18,0
2024-08-28 02:30:00,0.84117,0.8418,0.84101,0.84159,622,19,0
2024-08-28 03:00:00,0.84158,0.84194,0.84144,0.84157,1066,18,0
2024-08-28 03:30:00,0.84157,0.84212,0.84156,0.84167,1002,18,0
2024-08-28 04:00:00,0.84168,0.8424,0.84157,0.84225,762,18,0
2024-08-28 04:30:00,0.84225,0.84273,0.84185,0.84253,1804,18,0
2024-08-28 05:00:00,0.84254,0.84276,0.84232,0.84274,979,18,0
2024-08-28 05:30:00,0.84275,0.84327,0.84263,0.84318,963,18,0
2024-08-28 06:00:00,0.84319,0.8435,0.84305,0.84322,937,18,0
2024-08-28 06:30:00,0.84321,0.84335,0.84305,0.84318,840,18,0
2024-08-28 07:00:00,0.84318,0.84335,0.84306,0.84331,551,18,0
2024-08-28 07:30:00,0.84332,0.84359,0.84324,0.84335,722,18,0
2024-08-28 08:00:00,0.84335,0.84399,0.84325,0.8439,1050,18,0
2024-08-28 08:30:00,0.84391,0.84414,0.84363,0.84405,1162,18,0
2024-08-28 09:00:00,0.84405,0.84456,0.84368,0.84438,1540,18,0
2024-08-28 09:30:00,0.84438,0.8445,0.84369,0.84383,1418,18,0
2024-08-28 10:00:00,0.84383,0.84387,0.84284,0.84297,1665,18,0
2024-08-28 10:30:00,0.84296,0.84342,0.84268,0.84315,1575,18,0
2024-08-28 11:00:00,0.84315,0.8436,0.843,0.84337,1194,18,0
2024-08-28 11:30:00,0.84335,0.84354,0.8429,0.843,1420,18,0
2024-08-28 12:00:00,0.84299,0.84316,0.84206,0.84238,1807,18,0
2024-08-28 12:30:00,0.84239,0.84267,0.84205,0.84257,1289,18,0
2024-08-28 13:00:00,0.84257,0.8432,0.84233,0.84292,1317,18,0
2024-08-28 13:30:00,0.84292,0.84327,0.8428,0.84321,1132,18,0
2024-08-28 14:00:00,0.84322,0.84347,0.84272,0.84339,1028,18,0
2024-08-28 14:30:00,0.84338,0.84389,0.84321,0.84379,1229,18,0
2024-08-28 15:00:00,0.84379,0.84431,0.84301,0.84427,2201,18,0
2024-08-28 15:30:00,0.84426,0.84495,0.84417,0.84438,1916,18,0
2024-08-28 16:00:00,0.84439,0.84494,0.84401,0.84458,1737,18,0
2024-08-28 16:30:00,0.84458,0.84511,0.844,0.84451,2419,18,0
2024-08-28 17:00:00,0.84451,0.84452,0.84316,0.84329,1901,18,0
2024-08-28 17:30:00,0.84325,0.84326,0.84181,0.8419,2466,18,0
2024-08-28 18:00:00,0.84191,0.843,0.84131,0.84166,2285,18,0
2024-08-28 18:30:00,0.84166,0.84191,0.84104,0.8419,1643,18,0
2024-08-28 19:00:00,0.8419,0.84259,0.84184,0.84235,1412,18,0
2024-08-28 19:30:00,0.84235,0.84307,0.84232,0.84292,864,18,0
2024-08-28 20:00:00,0.84291,0.84316,0.84246,0.84264,1257,18,0
2024-08-28 20:30:00,0.84263,0.84293,0.84225,0.84233,861,18,0
2024-08-28 21:00:00,0.84233,0.84254,0.8418,0.84235,1003,18,0
2024-08-28 21:30:00,0.84235,0.84257,0.8421,0.8421,798,18,0
2024-08-28 22:00:00,0.84208,0.84228,0.84194,0.84204,675,18,0
2024-08-28 22:30:00,0.84205,0.84261,0.84202,0.84224,712,18,0
2024-08-28 23:00:00,0.84224,0.84247,0.84146,0.84189,1179,19,0
2024-08-28 23:30:00,0.84188,0.84216,0.84182,0.84207,767,24,0
2024-08-29 00:00:00,0.84192,0.84227,0.84135,0.84165,161,62,0
2024-08-29 00:30:00,0.84167,0.8418,0.84153,0.8416,285,52,0
2024-08-29 01:00:00,0.84158,0.8417,0.84116,0.84131,604,18,0
2024-08-29 01:30:00,0.84131,0.84146,0.84107,0.84116,965,19,0
2024-08-29 02:00:00,0.84115,0.84133,0.84093,0.84122,672,18,0
2024-08-29 02:30:00,0.84124,0.8418,0.8412,0.84174,758,18,0
2024-08-29 03:00:00,0.84173,0.84184,0.84117,0.84138,1257,18,0
2024-08-29 03:30:00,0.84137,0.84217,0.84127,0.84153,1322,18,0
2024-08-29 04:00:00,0.84153,0.84166,0.84114,0.84125,1475,18,0
2024-08-29 04:30:00,0.84124,0.84164,0.84117,0.84148,1268,18,0
2024-08-29 05:00:00,0.84148,0.84164,0.84107,0.84112,710,19,0
2024-08-29 05:30:00,0.84114,0.84117,0.84093,0.84113,745,19,0
2024-08-29 06:00:00,0.84114,0.84122,0.84075,0.84078,778,20,0
2024-08-29 06:30:00,0.84079,0.841,0.84046,0.84047,902,18,0
2024-08-29 07:00:00,0.84047,0.84061,0.84014,0.8404,801,18,0
2024-08-29 07:30:00,0.84039,0.84083,0.84039,0.84049,611,18,0
2024-08-29 08:00:00,0.84049,0.84088,0.84042,0.84054,1080,18,0
2024-08-29 08:30:00,0.84054,0.84054,0.83992,0.84022,1353,18,0
2024-08-29 09:00:00,0.84024,0.84072,0.83994,0.84072,1181,18,0
2024-08-29 09:30:00,0.84071,0.84106,0.84053,0.84066,1062,18,0
2024-08-29 10:00:00,0.84066,0.84175,0.84052,0.84139,1743,18,0
2024-08-29 10:30:00,0.84138,0.84226,0.84138,0.84186,1513,18,0
2024-08-29 11:00:00,0.84186,0.84595,0.84183,0.84476,3562,18,0
2024-08-29 11:30:00,0.84477,0.8449,0.84412,0.84436,2468,18,0
2024-08-29 12:00:00,0.84435,0.84491,0.84392,0.84422,1766,18,0
2024-08-29 12:30:00,0.84421,0.84421,0.84311,0.84339,1696,18,0
2024-08-29 13:00:00,0.84337,0.84382,0.84316,0.84375,1189,18,0
2024-08-29 13:30:00,0.84376,0.84392,0.84319,0.84319,1094,18,0
2024-08-29 14:00:00,0.84318,0.84402,0.84313,0.84377,1280,18,0
2024-08-29 14:30:00,0.84378,0.8442,0.84358,0.84384,1530,18,0
2024-08-29 15:00:00,0.84384,0.84519,0.84383,0.8449,2115,18,0
2024-08-29 15:30:00,0.8449,0.84778,0.84451,0.84678,5780,18,0
2024-08-29 16:00:00,0.84678,0.84734,0.84622,0.84705,2985,18,0
2024-08-29 16:30:00,0.84705,0.84749,0.84633,0.84676,3059,18,0
2024-08-29 17:00:00,0.84675,0.84874,0.84643,0.84869,3010,18,0
2024-08-29 17:30:00,0.84868,0.84925,0.84825,0.84846,2397,18,0
2024-08-29 18:00:00,0.84845,0.84858,0.84748,0.848,1658,18,0
2024-08-29 18:30:00,0.848,0.84807,0.84636,0.84658,1576,18,0
2024-08-29 19:00:00,0.84659,0.84696,0.84636,0.84643,1112,18,0
2024-08-29 19:30:00,0.84643,0.84698,0.84643,0.84672,1027,18,0
2024-08-29 20:00:00,0.84673,0.8468,0.84621,0.84662,1127,18,0
2024-08-29 20:30:00,0.84662,0.84675,0.84626,0.84638,934,18,0
2024-08-29 21:00:00,0.84638,0.84646,0.84611,0.84612,862,18,0
2024-08-29 21:30:00,0.84613,0.84626,0.84587,0.84598,1299,18,0
2024-08-29 22:00:00,0.84597,0.8465,0.84593,0.84645,905,18,0
2024-08-29 22:30:00,0.84646,0.84692,0.84637,0.8469,827,18,0
2024-08-29 23:00:00,0.84692,0.84723,0.84663,0.847,295,19,0
2024-08-29 23:30:00,0.847,0.84728,0.84692,0.84714,293,24,0
2024-08-30 00:00:00,0.84716,0.84716,0.84643,0.84655,59,31,0
2024-08-30 00:30:00,0.84655,0.84701,0.84655,0.84671,782,45,0
2024-08-30 01:00:00,0.84675,0.84724,0.84671,0.84721,759,19,0
2024-08-30 01:30:00,0.84722,0.84735,0.84717,0.84718,210,18,0
2024-08-30 02:00:00,0.84716,0.84722,0.84695,0.8472,391,18,0
2024-08-30 02:30:00,0.84717,0.84738,0.84685,0.84686,697,18,0
2024-08-30 03:00:00,0.84687,0.84714,0.84671,0.84711,967,18,0
2024-08-30 03:30:00,0.84711,0.8474,0.84694,0.84701,1574,18,0
2024-08-30 04:00:00,0.84699,0.84724,0.84674,0.84693,1058,18,0
2024-08-30 04:30:00,0.84693,0.84745,0.84659,0.84723,1418,18,0
2024-08-30 05:00:00,0.84724,0.8474,0.84709,0.84727,846,18,0
2024-08-30 05:30:00,0.84727,0.84736,0.84711,0.84733,696,19,0
2024-08-30 06:00:00,0.84733,0.84747,0.84712,0.84737,493,18,0
2024-08-30 06:30:00,0.84737,0.84775,0.8473,0.8476,430,18,0
2024-08-30 07:00:00,0.84761,0.84775,0.84723,0.84729,491,18,0
2024-08-30 07:30:00,0.84729,0.84772,0.84728,0.8476,643,20,0
2024-08-30 08:00:00,0.84759,0.84771,0.8475,0.8477,753,20,0
2024-08-30 08:30:00,0.84771,0.84807,0.84759,0.84782,625,18,0
2024-08-30 09:00:00,0.84791,0.84818,0.8476,0.84792,1029,18,0
2024-08-30 09:30:00,0.8479,0.84851,0.84773,0.84788,1253,18,0
2024-08-30 10:00:00,0.84788,0.84814,0.84715,0.84737,1576,18,0
2024-08-30 10:30:00,0.84736,0.84773,0.84726,0.84745,1499,18,0
2024-08-30 11:00:00,0.84745,0.84794,0.84699,0.84788,1291,18,0
2024-08-30 11:30:00,0.84787,0.84861,0.84772,0.8485,1324,18,0
2024-08-30 12:00:00,0.84852,0.84881,0.84824,0.8487,1244,18,0
2024-08-30 12:30:00,0.84871,0.84875,0.84803,0.84824,1115,18,0
2024-08-30 13:00:00,0.84824,0.84854,0.84784,0.84813,1139,18,0
2024-08-30 13:30:00,0.84813,0.84917,0.84809,0.84913,1091,18,0
2024-08-30 14:00:00,0.84913,0.84918,0.84858,0.84873,1029,18,0
2024-08-30 14:30:00,0.84872,0.84954,0.8485,0.84954,1294,18,0
2024-08-30 15:00:00,0.84953,0.84953,0.84872,0.84877,1759,18,0
2024-08-30 15:30:00,0.84873,0.85069,0.84849,0.84999,4054,18,0
2024-08-30 16:00:00,0.84998,0.85069,0.84942,0.85054,3342,18,0
2024-08-30 16:30:00,0.85052,0.85094,0.84935,0.84981,2554,18,0
2024-08-30 17:00:00,0.84978,0.84981,0.84829,0.84874,3145,18,0
2024-08-30 17:30:00,0.84873,0.84938,0.84741,0.84825,4797,18,0
2024-08-30 18:00:00,0.84827,0.84958,0.84821,0.84903,2655,18,0
2024-08-30 18:30:00,0.84903,0.84988,0.84893,0.84927,1717,18,0
2024-08-30 19:00:00,0.84927,0.85047,0.84918,0.85035,1095,18,0
2024-08-30 19:30:00,0.85034,0.85096,0.85028,0.85074,1135,18,0
2024-08-30 20:00:00,0.85073,0.85082,0.85009,0.85045,995,18,0
2024-08-30 20:30:00,0.85045,0.85052,0.85002,0.8502,814,18,0
2024-08-30 21:00:00,0.8502,0.85038,0.84976,0.84994,657,18,0
2024-08-30 21:30:00,0.84994,0.85053,0.84982,0.85027,554,18,0
2024-08-30 22:00:00,0.85032,0.85058,0.85016,0.85022,550,19,0
2024-08-30 22:30:00,0.85028,0.85033,0.84983,0.85008,1158,18,0
2024-08-30 23:00:00,0.85007,0.85017,0.84947,0.84957,870,18,0
2024-08-30 23:30:00,0.84956,0.84992,0.84951,0.84987,491,24,0
2024-09-02 00:00:00,0.84915,0.84928,0.84823,0.84928,65,120,0
2024-09-02 00:30:00,0.84921,0.8495,0.84856,0.84931,233,120,0
2024-09-02 01:00:00,0.84932,0.8505,0.8493,0.85038,931,20,0
2024-09-02 01:30:00,0.85039,0.8505,0.85022,0.85048,348,18,0
2024-09-02 02:00:00,0.85047,0.85094,0.85045,0.85056,867,18,0
2024-09-02 02:30:00,0.85056,0.85069,0.8504,0.85063,728,18,0
2024-09-02 03:00:00,0.85063,0.85089,0.84992,0.84992,1215,18,0
2024-09-02 03:30:00,0.84992,0.85016,0.84981,0.84993,1119,18,0
2024-09-02 04:00:00,0.84994,0.85013,0.84967,0.84968,1098,19,0
2024-09-02 04:30:00,0.84967,0.85032,0.84962,0.84994,907,18,0
2024-09-02 05:00:00,0.84993,0.85029,0.84973,0.85021,876,18,0
2024-09-02 05:30:00,0.85022,0.85031,0.84952,0.84964,868,18,0
2024-09-02 06:00:00,0.84964,0.8497,0.84915,0.84927,865,19,0
2024-09-02 06:30:00,0.84926,0.84972,0.84924,0.84968,623,19,0
2024-09-02 07:00:00,0.84968,0.84998,0.8496,0.84976,606,19,0
2024-09-02 07:30:00,0.84976,0.84996,0.84969,0.84978,261,19,0
2024-09-02 08:00:00,0.84978,0.8504,0.84975,0.84983,651,18,0
2024-09-02 08:30:00,0.84985,0.84989,0.84918,0.84927,492,18,0
2024-09-02 09:00:00,0.84924,0.84957,0.84903,0.84946,820,18,0
2024-09-02 09:30:00,0.84946,0.84956,0.84881,0.84911,1394,18,0
2024-09-02 10:00:00,0.84911,0.84957,0.84892,0.84953,1644,18,0
2024-09-02 10:30:00,0.84953,0.84953,0.8484,0.84915,1589,18,0
2024-09-02 11:00:00,0.84916,0.84957,0.84876,0.84956,1560,18,0
2024-09-02 11:30:00,0.84957,0.84992,0.84931,0.84978,1204,18,0
2024-09-02 12:00:00,0.84979,0.84999,0.84953,0.84959,780,18,0
2024-09-02 12:30:00,0.84959,0.84986,0.84935,0.84968,780,18,0
2024-09-02 13:00:00,0.84969,0.85051,0.84959,0.85051,529,18,0
2024-09-02 13:30:00,0.85051,0.85062,0.85012,0.85028,732,18,0
2024-09-02 14:00:00,0.85028,0.85082,0.85018,0.85056,1096,18,0
2024-09-02 14:30:00,0.85054,0.85146,0.8505,0.85112,1195,18,0
2024-09-02 15:00:00,0.85114,0.85131,0.8508,0.85105,689,18,0
2024-09-02 15:30:00,0.85104,0.85129,0.8506,0.8511,674,18,0
2024-09-02 16:00:00,0.85109,0.85292,0.85098,0.8523,1203,18,0
2024-09-02 16:30:00,0.8523,0.85233,0.85154,0.8521,1240,18,0
2024-09-02 17:00:00,0.85211,0.85364,0.85172,0.85264,1204,18,0
2024-09-02 17:30:00,0.85265,0.8529,0.85079,0.85091,1481,18,0
2024-09-02 18:00:00,0.85092,0.85183,0.85082,0.85163,876,18,0
2024-09-02 18:30:00,0.85165,0.85167,0.85122,0.85149,320,18,0
2024-09-02 19:00:00,0.8515,0.85174,0.85149,0.85163,188,19,0
2024-09-02 19:30:00,0.85163,0.85174,0.85134,0.85134,173,23,0
2024-09-02 20:00:00,0.85135,0.85135,0.85115,0.85128,204,23,0
2024-09-02 20:30:00,0.85128,0.8515,0.85125,0.85144,508,22,0
2024-09-02 21:00:00,0.85144,0.85146,0.85127,0.85137,97,22,0
2024-09-02 21:30:00,0.85138,0.85144,0.85127,0.85127,986,23,0
2024-09-02 22:00:00,0.85132,0.85139,0.8513,0.85134,142,24,0
2024-09-02 22:30:00,0.85133,0.85138,0.85122,0.85138,837,23,0
2024-09-02 23:00:00,0.85137,0.85154,0.85136,0.85142,116,24,0
2024-09-02 23:30:00,0.85143,0.85155,0.85074,0.85134,140,28,0
2024-09-03 00:00:00,0.85109,0.8513,0.85014,0.85126,169,63,0
2024-09-03 00:30:00,0.85127,0.8515,0.85091,0.85099,212,35,0
2024-09-03 01:00:00,0.851,0.85155,0.851,0.85153,374,18,0
2024-09-03 01:30:00,0.85153,0.85172,0.85147,0.85169,99,19,0
2024-09-03 02:00:00,0.85165,0.85176,0.85154,0.85157,196,19,0
2024-09-03 02:30:00,0.85157,0.85159,0.85126,0.85131,584,19,0
2024-09-03 03:00:00,0.85133,0.85163,0.85129,0.8515,1010,18,0
2024-09-03 03:30:00,0.8515,0.8526,0.85145,0.85242,1413,18,0
2024-09-03 04:00:00,0.85243,0.85261,0.85208,0.85247,1011,18,0
2024-09-03 04:30:00,0.85246,0.85256,0.85171,0.8519,2004,18,0
2024-09-03 05:00:00,0.85189,0.85241,0.85178,0.85238,1508,18,0
2024-09-03 05:30:00,0.85238,0.8528,0.85224,0.85262,911,18,0
2024-09-03 06:00:00,0.85262,0.85285,0.85252,0.85253,1065,18,0
2024-09-03 06:30:00,0.85254,0.85272,0.85229,0.85236,1085,18,0
2024-09-03 07:00:00,0.85237,0.85272,0.85228,0.85264,653,18,0
2024-09-03 07:30:00,0.85264,0.85279,0.85253,0.85263,802,19,0
2024-09-03 08:00:00,0.85263,0.8527,0.85206,0.8523,1039,18,0
2024-09-03 08:30:00,0.8523,0.85248,0.85203,0.85222,1087,18,0
2024-09-03 09:00:00,0.85223,0.85242,0.85099,0.85119,1649,18,0
2024-09-03 09:30:00,0.85109,0.85304,0.85109,0.85182,2526,18,0
2024-09-03 10:00:00,0.85183,0.85307,0.85152,0.85304,2755,18,0
2024-09-03 10:30:00,0.85304,0.85368,0.85261,0.85321,1733,18,0
2024-09-03 11:00:00,0.85322,0.85326,0.85238,0.85311,2058,18,0
2024-09-03 11:30:00,0.85314,0.85314,0.85209,0.8525,2077,18,0
2024-09-03 12:00:00,0.85249,0.85333,0.85241,0.85264,1757,18,0
2024-09-03 12:30:00,0.85265,0.85267,0.85157,0.85217,1598,18,0
2024-09-03 13:00:00,0.85219,0.85237,0.85177,0.85209,1236,18,0
2024-09-03 13:30:00,0.85211,0.85234,0.85174,0.85175,1281,18,0
2024-09-03 14:00:00,0.85176,0.85184,0.8514,0.85156,1295,18,0
2024-09-03 14:30:00,0.85154,0.85228,0.85143,0.85211,1176,18,0
2024-09-03 15:00:00,0.8521,0.85267,0.85209,0.85213,1830,18,0
2024-09-03 15:30:00,0.85214,0.85216,0.85062,0.85073,2601,18,0
2024-09-03 16:00:00,0.85074,0.85075,0.84843,0.84858,3500,18,0
2024-09-03 16:30:00,0.84857,0.84925,0.84826,0.84829,3441,18,0
2024-09-03 17:00:00,0.84829,0.8503,0.8477,0.85011,5855,18,0
2024-09-03 17:30:00,0.85012,0.85017,0.84847,0.84977,3870,18,0
2024-09-03 18:00:00,0.84978,0.85083,0.84966,0.85048,2414,18,0
2024-09-03 18:30:00,0.85047,0.851,0.8501,0.8502,1277,18,0
2024-09-03 19:00:00,0.85022,0.85055,0.84981,0.84997,1075,18,0
2024-09-03 19:30:00,0.84996,0.85065,0.84989,0.85056,922,18,0
2024-09-03 20:00:00,0.85055,0.85096,0.85041,0.85062,1205,18,0
2024-09-03 20:30:00,0.85063,0.85101,0.85062,0.85092,542,18,0
2024-09-03 21:00:00,0.85094,0.85104,0.85066,0.85071,776,18,0
2024-09-03 21:30:00,0.85072,0.85086,0.85025,0.85033,866,18,0
2024-09-03 22:00:00,0.85033,0.85044,0.84984,0.85021,928,18,0
2024-09-03 22:30:00,0.85025,0.85088,0.85021,0.8503,1574,18,0
2024-09-03 23:00:00,0.85029,0.85078,0.8501,0.85053,940,18,0
2024-09-03 23:30:00,0.85051,0.85054,0.84972,0.84972,675,24,0
2024-09-04 00:00:00,0.85,0.85001,0.84967,0.84998,21,60,0
2024-09-04 00:30:00,0.84998,0.85006,0.84995,0.85004,56,45,0
2024-09-04 01:00:00,0.85001,0.85054,0.85001,0.85014,552,20,0
2024-09-04 01:30:00,0.85015,0.85033,0.85,0.85011,877,18,0
2024-09-04 02:00:00,0.8501,0.85023,0.84947,0.84961,770,18,0
2024-09-04 02:30:00,0.84961,0.84992,0.84947,0.84982,1129,18,0
2024-09-04 03:00:00,0.84982,0.84998,0.84945,0.84954,1435,18,0
2024-09-04 03:30:00,0.84954,0.84958,0.8483,0.84837,3588,18,0
2024-09-04 04:00:00,0.84838,0.84899,0.84817,0.84864,1755,18,0
2024-09-04 04:30:00,0.84864,0.8493,0.8486,0.84878,1420,18,0
2024-09-04 05:00:00,0.84875,0.84893,0.84836,0.84862,1819,18,0
2024-09-04 05:30:00,0.84861,0.84888,0.84841,0.84871,850,18,0
2024-09-04 06:00:00,0.84872,0.84885,0.84841,0.84876,814,18,0
2024-09-04 06:30:00,0.84876,0.84912,0.84849,0.84861,1105,18,0
2024-09-04 07:00:00,0.8486,0.84899,0.84855,0.84885,835,18,0
2024-09-04 07:30:00,0.84886,0.84915,0.84828,0.84838,956,18,0
2024-09-04 08:00:00,0.8484,0.8484,0.84759,0.84813,1678,18,0
2024-09-04 08:30:00,0.84813,0.84829,0.84765,0.84797,1861,18,0
2024-09-04 09:00:00,0.84794,0.84901,0.84791,0.84901,1814,18,0
2024-09-04 09:30:00,0.84901,0.84911,0.84796,0.84809,1552,18,0
2024-09-04 10:00:00,0.84809,0.84855,0.84742,0.84744,2574,18,0
2024-09-04 10:30:00,0.84747,0.84774,0.84708,0.84768,1598,18,0
2024-09-04 11:00:00,0.84768,0.84882,0.84756,0.8483,1557,18,0
2024-09-04 11:30:00,0.8483,0.84861,0.84791,0.84861,1992,18,0
2024-09-04 12:00:00,0.84859,0.84951,0.84847,0.8495,797,18,0
2024-09-04 12:30:00,0.8495,0.84955,0.84919,0.84934,799,18,0
2024-09-04 13:00:00,0.84936,0.84965,0.84877,0.8495,1016,18,0
2024-09-04 13:30:00,0.84949,0.85005,0.84932,0.84974,1230,18,0
2024-09-04 14:00:00,0.84974,0.85001,0.84947,0.84976,1304,18,0
2024-09-04 14:30:00,0.84977,0.85035,0.84963,0.84985,1666,18,0
2024-09-04 15:00:00,0.84985,0.85139,0.84979,0.85103,1658,18,0
2024-09-04 15:30:00,0.85103,0.85178,0.85094,0.85099,2132,18,0
2024-09-04 16:00:00,0.851,0.85113,0.85017,0.85033,2121,18,0
2024-09-04 16:30:00,0.85036,0.85116,0.85022,0.8506,2288,18,0
2024-09-04 17:00:00,0.8506,0.8506,0.84752,0.84856,6245,18,0
2024-09-04 17:30:00,0.84857,0.84873,0.84706,0.84759,4190,18,0
2024-09-04 18:00:00,0.84761,0.84901,0.84752,0.84816,3093,18,0
2024-09-04 18:30:00,0.84818,0.8484,0.84775,0.84812,2011,18,0
2024-09-04 19:00:00,0.84813,0.8482,0.8475,0.84772,1379,18,0
2024-09-04 19:30:00,0.84773,0.84846,0.84749,0.84786,1039,18,0
2024-09-04 20:00:00,0.84787,0.84804,0.8476,0.84801,1041,18,0
2024-09-04 20:30:00,0.84802,0.84807,0.84721,0.84799,972,18,0
2024-09-04 21:00:00,0.84799,0.848,0.84744,0.8478,886,18,0
2024-09-04 21:30:00,0.84779,0.84799,0.84693,0.84702,953,18,0
2024-09-04 22:00:00,0.84701,0.84707,0.84676,0.84693,907,18,0
2024-09-04 22:30:00,0.84694,0.84717,0.84639,0.84672,1031,18,0
2024-09-04 23:00:00,0.84672,0.84682,0.84636,0.84639,441,19,0
2024-09-04 23:30:00,0.8464,0.8465,0.84617,0.84632,512,24,0
2024-09-05 00:00:00,0.84616,0.84661,0.84584,0.84618,45,42,0
2024-09-05 00:30:00,0.84617,0.84654,0.84605,0.84635,421,49,0
2024-09-05 01:00:00,0.84633,0.84633,0.8459,0.84606,335,21,0
2024-09-05 01:30:00,0.84607,0.84622,0.84594,0.84607,366,19,0
2024-09-05 02:00:00,0.84605,0.84623,0.84594,0.84599,484,19,0
2024-09-05 02:30:00,0.84599,0.84606,0.84545,0.84599,1527,18,0
2024-09-05 03:00:00,0.84598,0.84682,0.84596,0.84676,1155,18,0
2024-09-05 03:30:00,0.84676,0.8471,0.84648,0.84677,1249,18,0
2024-09-05 04:00:00,0.84676,0.84685,0.84578,0.84629,1076,18,0
2024-09-05 04:30:00,0.8463,0.84692,0.84626,0.84673,1500,18,0
2024-09-05 05:00:00,0.84673,0.84693,0.84652,0.84672,869,18,0
2024-09-05 05:30:00,0.84673,0.84707,0.84634,0.84703,710,18,0
2024-09-05 06:00:00,0.84702,0.84711,0.84676,0.84685,1176,19,0
2024-09-05 06:30:00,0.84686,0.84686,0.84645,0.8467,1005,18,0
2024-09-05 07:00:00,0.84672,0.84692,0.84655,0.84664,684,18,0
2024-09-05 07:30:00,0.84665,0.84669,0.84629,0.84654,622,18,0
2024-09-05 08:00:00,0.84653,0.8466,0.84591,0.84595,855,18,0
2024-09-05 08:30:00,0.84595,0.84627,0.84592,0.84609,864,18,0
2024-09-05 09:00:00,0.84605,0.8462,0.8455,0.84559,1528,18,0
2024-09-05 09:30:00,0.84557,0.84594,0.84542,0.84571,1486,18,0
2024-09-05 10:00:00,0.84572,0.84698,0.84571,0.84677,1869,18,0
2024-09-05 10:30:00,0.84677,0.84724,0.8464,0.84643,1842,18,0
2024-09-05 11:00:00,0.84643,0.84681,0.84587,0.84596,2137,18,0
2024-09-05 11:30:00,0.84598,0.84641,0.8459,0.84606,1312,18,0
2024-09-05 12:00:00,0.84606,0.84647,0.84574,0.84598,1420,18,0
2024-09-05 12:30:00,0.84599,0.84657,0.84585,0.84639,1105,18,0
2024-09-05 13:00:00,0.84639,0.84662,0.84618,0.84642,1023,18,0
2024-09-05 13:30:00,0.84641,0.84659,0.84609,0.84612,787,18,0
2024-09-05 14:00:00,0.84612,0.84617,0.84566,0.84598,1122,18,0
2024-09-05 14:30:00,0.84598,0.84629,0.84583,0.84617,1442,18,0
2024-09-05 15:00:00,0.84615,0.84629,0.84328,0.84393,3583,18,0
2024-09-05 15:30:00,0.84398,0.84632,0.84398,0.84603,4907,18,0
2024-09-05 16:00:00,0.84603,0.84663,0.8457,0.84583,2899,18,0
2024-09-05 16:30:00,0.8458,0.84616,0.84474,0.84514,3627,18,0
2024-09-05 17:00:00,0.84528,0.84808,0.84516,0.84787,4880,18,0
2024-09-05 17:30:00,0.84788,0.84902,0.84752,0.84823,3791,18,0
2024-09-05 18:00:00,0.84821,0.84846,0.84686,0.84718,2721,18,0
2024-09-05 18:30:00,0.84718,0.84722,0.84518,0.84523,2315,18,0
2024-09-05 19:00:00,0.84522,0.84563,0.84491,0.8452,1746,18,0
2024-09-05 19:30:00,0.84517,0.84559,0.84503,0.84537,1082,18,0
2024-09-05 20:00:00,0.84538,0.8455,0.84428,0.8449,1367,18,0
2024-09-05 20:30:00,0.84491,0.8453,0.84468,0.84482,955,18,0
2024-09-05 21:00:00,0.84481,0.84481,0.84397,0.84437,1063,18,0
2024-09-05 21:30:00,0.84438,0.84517,0.84425,0.84492,694,18,0
2024-09-05 22:00:00,0.84492,0.84493,0.84438,0.84463,833,18,0
2024-09-05 22:30:00,0.84463,0.84487,0.84398,0.84457,1097,18,0
2024-09-05 23:00:00,0.84458,0.8446,0.84359,0.84364,995,20,0
2024-09-05 23:30:00,0.84364,0.84405,0.8435,0.84383,566,24,0
2024-09-06 00:00:00,0.84356,0.84412,0.8435,0.84364,80,49,0
2024-09-06 00:30:00,0.84363,0.84387,0.84355,0.84365,169,47,0
2024-09-06 01:00:00,0.84371,0.84411,0.84369,0.844,445,18,0
2024-09-06 01:30:00,0.84401,0.84412,0.84383,0.84398,402,19,0
2024-09-06 02:00:00,0.844,0.84408,0.84381,0.84402,413,19,0
2024-09-06 02:30:00,0.84403,0.84415,0.84372,0.84374,569,18,0
2024-09-06 03:00:00,0.84371,0.84385,0.84328,0.8435,1262,18,0
2024-09-06 03:30:00,0.84348,0.84365,0.84306,0.84318,1579,18,0
2024-09-06 04:00:00,0.84316,0.84346,0.84295,0.84338,1357,18,0
2024-09-06 04:30:00,0.84339,0.84366,0.84325,0.84346,850,18,0
2024-09-06 05:00:00,0.84345,0.84364,0.84333,0.84335,637,18,0
2024-09-06 05:30:00,0.84335,0.84361,0.84324,0.8434,559,18,0
2024-09-06 06:00:00,0.84343,0.84345,0.84308,0.84315,495,18,0
2024-09-06 06:30:00,0.84314,0.84322,0.84281,0.84283,797,18,0
2024-09-06 07:00:00,0.84281,0.84284,0.84253,0.84259,906,18,0
2024-09-06 07:30:00,0.8426,0.84281,0.84257,0.84272,540,18,0
2024-09-06 08:00:00,0.84272,0.84274,0.84184,0.84189,1123,18,0
2024-09-06 08:30:00,0.84188,0.84241,0.8417,0.84204,1635,18,0
2024-09-06 09:00:00,0.842,0.84214,0.84131,0.84143,1587,18,0
2024-09-06 09:30:00,0.84143,0.84213,0.84136,0.84155,1416,18,0
2024-09-06 10:00:00,0.84155,0.84166,0.84032,0.84081,2576,18,0
2024-09-06 10:30:00,0.84081,0.84213,0.84064,0.842,1675,18,0
2024-09-06 11:00:00,0.84199,0.84199,0.84141,0.84153,1993,18,0
2024-09-06 11:30:00,0.84152,0.84163,0.84047,0.84086,1640,18,0
2024-09-06 12:00:00,0.84087,0.84187,0.84081,0.84187,1477,18,0
2024-09-06 12:30:00,0.84187,0.84227,0.84165,0.84178,1600,18,0
2024-09-06 13:00:00,0.84179,0.84248,0.84147,0.84241,1588,18,0
2024-09-06 13:30:00,0.8424,0.8424,0.84201,0.84201,751,18,0
2024-09-06 14:00:00,0.842,0.84242,0.842,0.84242,862,18,0
2024-09-06 14:30:00,0.84243,0.84326,0.8423,0.84295,1357,18,0
2024-09-06 15:00:00,0.84294,0.84353,0.84292,0.84329,2149,18,0
2024-09-06 15:30:00,0.84331,0.84644,0.83731,0.84377,9374,18,0
2024-09-06 16:00:00,0.84377,0.8464,0.84302,0.8456,6644,18,0
2024-09-06 16:30:00,0.84561,0.84749,0.84514,0.84522,6243,18,0
2024-09-06 17:00:00,0.84522,0.84573,0.84295,0.84345,5724,18,0
2024-09-06 17:30:00,0.84345,0.84432,0.84168,0.84253,6104,18,0
2024-09-06 18:00:00,0.84257,0.84427,0.84023,0.84132,7906,18,0
2024-09-06 18:30:00,0.84131,0.84352,0.84131,0.84274,4800,18,0
2024-09-06 19:00:00,0.84273,0.8443,0.84266,0.84356,3358,18,0
2024-09-06 19:30:00,0.84355,0.84431,0.84322,0.84354,2801,18,0
2024-09-06 20:00:00,0.84355,0.84439,0.84252,0.84254,2304,18,0
2024-09-06 20:30:00,0.84254,0.84377,0.84239,0.84324,2210,18,0
2024-09-06 21:00:00,0.84323,0.84366,0.84287,0.84287,1455,18,0
2024-09-06 21:30:00,0.8429,0.8433,0.84264,0.84267,1530,18,0
2024-09-06 22:00:00,0.84268,0.84318,0.84266,0.84296,932,18,0
2024-09-06 22:30:00,0.84296,0.84326,0.84276,0.84298,1159,18,0
2024-09-06 23:00:00,0.84299,0.84331,0.84281,0.84311,874,18,0
2024-09-06 23:30:00,0.84313,0.8434,0.8428,0.84299,860,24,0
2024-09-09 00:00:00,0.84373,0.84452,0.84306,0.84307,162,120,0
2024-09-09 00:30:00,0.84306,0.84307,0.84217,0.84276,185,120,0
2024-09-09 01:00:00,0.8428,0.84353,0.84254,0.84351,1103,19,0
2024-09-09 01:30:00,0.84351,0.84367,0.84321,0.84346,535,18,0
2024-09-09 02:00:00,0.84346,0.84395,0.84333,0.84366,771,18,0
2024-09-09 02:30:00,0.84366,0.84408,0.84343,0.84397,1150,18,0
2024-09-09 03:00:00,0.84397,0.84424,0.84348,0.8442,1793,18,0
2024-09-09 03:30:00,0.84422,0.84453,0.84378,0.84435,1643,18,0
2024-09-09 04:00:00,0.84436,0.8446,0.84399,0.84445,1616,18,0
2024-09-09 04:30:00,0.84445,0.84562,0.84442,0.84537,1681,18,0
2024-09-09 05:00:00,0.84538,0.8455,0.84493,0.84511,1360,18,0
2024-09-09 05:30:00,0.84511,0.84528,0.84487,0.84521,1139,18,0
2024-09-09 06:00:00,0.84521,0.84568,0.84515,0.84516,978,18,0
2024-09-09 06:30:00,0.84517,0.84539,0.84506,0.8453,1053,18,0
2024-09-09 07:00:00,0.8453,0.84583,0.84528,0.84546,1023,19,0
2024-09-09 07:30:00,0.84546,0.84626,0.84536,0.84604,1195,18,0
2024-09-09 08:00:00,0.84603,0.84604,0.84569,0.84574,1160,18,0
2024-09-09 08:30:00,0.84574,0.84621,0.84566,0.84601,1564,18,0
2024-09-09 09:00:00,0.84601,0.84631,0.8457,0.84614,1889,18,0
2024-09-09 09:30:00,0.84613,0.84631,0.84536,0.84599,1787,18,0
2024-09-09 10:00:00,0.84597,0.84744,0.8459,0.84674,2691,18,0
2024-09-09 10:30:00,0.84674,0.84711,0.84595,0.84626,2427,18,0
2024-09-09 11:00:00,0.84625,0.84714,0.84593,0.84705,1703,18,0
2024-09-09 11:30:00,0.84705,0.84843,0.84705,0.84819,1361,18,0
2024-09-09 12:00:00,0.84818,0.84833,0.84758,0.84762,1493,18,0
2024-09-09 12:30:00,0.8476,0.84775,0.84725,0.84745,907,18,0
2024-09-09 13:00:00,0.84744,0.84865,0.84738,0.84865,1176,18,0
2024-09-09 13:30:00,0.84866,0.84883,0.84839,0.84878,1002,18,0
2024-09-09 14:00:00,0.84878,0.84904,0.84836,0.84895,973,18,0
2024-09-09 14:30:00,0.84896,0.84929,0.84849,0.84906,1310,18,0
2024-09-09 15:00:00,0.84905,0.84934,0.84849,0.84862,1456,18,0
2024-09-09 15:30:00,0.84861,0.84892,0.84784,0.84877,2315,18,0
2024-09-09 16:00:00,0.84877,0.84886,0.84772,0.848,1797,18,0
2024-09-09 16:30:00,0.848,0.8489,0.84783,0.84802,2379,18,0
2024-09-09 17:00:00,0.84802,0.84868,0.84748,0.84767,2213,18,0
2024-09-09 17:30:00,0.84766,0.84801,0.84725,0.84734,2499,18,0
2024-09-09 18:00:00,0.84734,0.84797,0.84685,0.84795,1907,18,0
2024-09-09 18:30:00,0.84796,0.84804,0.84725,0.84793,1512,18,0
2024-09-09 19:00:00,0.84794,0.84821,0.84766,0.8478,1212,18,0
2024-09-09 19:30:00,0.84778,0.8483,0.84765,0.84818,949,18,0
2024-09-09 20:00:00,0.84817,0.84832,0.84761,0.84801,1116,18,0
2024-09-09 20:30:00,0.84802,0.84827,0.84764,0.84817,1186,18,0
2024-09-09 21:00:00,0.84816,0.84836,0.84798,0.84815,1107,18,0
2024-09-09 21:30:00,0.84816,0.84834,0.84807,0.84815,834,18,0
2024-09-09 22:00:00,0.84814,0.84869,0.84801,0.84867,989,18,0
2024-09-09 22:30:00,0.84867,0.84899,0.84854,0.84898,1518,18,0
2024-09-09 23:00:00,0.84898,0.84912,0.84879,0.84896,553,18,0
2024-09-09 23:30:00,0.84895,0.84931,0.84895,0.84919,856,24,0
2024-09-10 00:00:00,0.84894,0.8492,0.84816,0.84884,59,63,0
2024-09-10 00:30:00,0.84884,0.84918,0.84867,0.84914,121,32,0
2024-09-10 01:00:00,0.84913,0.84921,0.84887,0.84891,730,20,0
2024-09-10 01:30:00,0.8489,0.84897,0.84874,0.84889,393,19,0
2024-09-10 02:00:00,0.84889,0.84947,0.84889,0.84937,318,18,0
2024-09-10 02:30:00,0.84939,0.84947,0.84923,0.84939,464,18,0
2024-09-10 03:00:00,0.84939,0.84962,0.849,0.84953,1596,18,0
2024-09-10 03:30:00,0.84952,0.84969,0.84922,0.84965,1057,18,0
2024-09-10 04:00:00,0.84964,0.84972,0.84927,0.84954,865,18,0
2024-09-10 04:30:00,0.84953,0.84977,0.84938,0.84945,956,19,0
2024-09-10 05:00:00,0.84946,0.84954,0.8491,0.84919,1132,18,0
2024-09-10 05:30:00,0.84918,0.8493,0.84901,0.84922,698,18,0
2024-09-10 06:00:00,0.84921,0.84923,0.84877,0.84906,518,18,0
2024-09-10 06:30:00,0.84907,0.84911,0.84867,0.84889,555,20,0
2024-09-10 07:00:00,0.84889,0.84901,0.84879,0.84885,495,18,0
2024-09-10 07:30:00,0.84885,0.84886,0.84828,0.8483,481,18,0
2024-09-10 08:00:00,0.84831,0.8485,0.8482,0.84839,620,18,0
2024-09-10 08:30:00,0.84839,0.84853,0.84809,0.84832,692,18,0
2024-09-10 09:00:00,0.84831,0.84847,0.84781,0.84837,1326,18,0
2024-09-10 09:30:00,0.84838,0.84888,0.84827,0.8484,1299,18,0
2024-09-10 10:00:00,0.84841,0.84893,0.84817,0.84825,1768,18,0
2024-09-10 10:30:00,0.84826,0.84868,0.84808,0.8486,1492,18,0
2024-09-10 11:00:00,0.84861,0.84883,0.84797,0.84857,1880,18,0
2024-09-10 11:30:00,0.84855,0.84879,0.848,0.84803,1281,18,0
2024-09-10 12:00:00,0.84802,0.84833,0.84764,0.8478,1469,18,0
2024-09-10 12:30:00,0.84778,0.84778,0.84725,0.84751,1032,18,0
2024-09-10 13:00:00,0.84751,0.84771,0.84735,0.84767,1243,18,0
2024-09-10 13:30:00,0.84772,0.84805,0.84726,0.84747,1052,18,0
2024-09-10 14:00:00,0.84748,0.84774,0.84725,0.84757,1238,18,0
2024-09-10 14:30:00,0.84757,0.84781,0.8471,0.84755,1588,18,0
2024-09-10 15:00:00,0.84755,0.84777,0.84684,0.84697,1980,18,0
2024-09-10 15:30:00,0.84698,0.84698,0.84576,0.84652,2214,18,0
2024-09-10 16:00:00,0.84652,0.84744,0.84592,0.847,2045,18,0
2024-09-10 16:30:00,0.84698,0.8481,0.84649,0.84789,2486,18,0
2024-09-10 17:00:00,0.84787,0.84817,0.84649,0.84706,3509,18,0
2024-09-10 17:30:00,0.84707,0.84775,0.84673,0.84758,2605,18,0
2024-09-10 18:00:00,0.84758,0.84769,0.84686,0.84694,1826,18,0
2024-09-10 18:30:00,0.84693,0.84701,0.84576,0.84588,1998,18,0
2024-09-10 19:00:00,0.84586,0.84619,0.84556,0.8457,1847,18,0
2024-09-10 19:30:00,0.8457,0.84674,0.84567,0.8467,1303,18,0
2024-09-10 20:00:00,0.84669,0.84709,0.84647,0.84657,1513,18,0
2024-09-10 20:30:00,0.84656,0.84657,0.84621,0.84656,1215,18,0
2024-09-10 21:00:00,0.84657,0.84677,0.84631,0.84654,885,18,0
2024-09-10 21:30:00,0.84655,0.8468,0.84627,0.84658,750,18,0
2024-09-10 22:00:00,0.84659,0.84684,0.8464,0.84656,1054,18,0
2024-09-10 22:30:00,0.84656,0.84669,0.84642,0.84656,1138,18,0
2024-09-10 23:00:00,0.84655,0.84667,0.84641,0.8465,660,18,0
2024-09-10 23:30:00,0.8465,0.84688,0.84641,0.84678,853,24,0
2024-09-11 00:00:00,0.84675,0.84675,0.84654,0.84662,45,37,0
2024-09-11 00:30:00,0.84664,0.84698,0.84664,0.84677,152,30,0
2024-09-11 01:00:00,0.84677,0.8469,0.84664,0.84685,355,18,0
2024-09-11 01:30:00,0.84684,0.84696,0.84676,0.84692,175,19,0
2024-09-11 02:00:00,0.84692,0.84696,0.84658,0.84673,384,19,0
2024-09-11 02:30:00,0.84674,0.84697,0.84648,0.84656,565,20,0
2024-09-11 03:00:00,0.84656,0.84684,0.84624,0.84638,1521,18,0
2024-09-11 03:30:00,0.84639,0.84661,0.84608,0.84643,1127,18,0
2024-09-11 04:00:00,0.84644,0.84689,0.84609,0.84618,1336,18,0
2024-09-11 04:30:00,0.84618,0.84623,0.84426,0.84482,3260,18,0
2024-09-11 05:00:00,0.84482,0.8449,0.84405,0.84445,1910,18,0
2024-09-11 05:30:00,0.84447,0.8452,0.8443,0.84501,1015,18,0
2024-09-11 06:00:00,0.84499,0.84534,0.84437,0.84509,1464,18,0
2024-09-11 06:30:00,0.8451,0.84513,0.844,0.84427,1488,18,0
2024-09-11 07:00:00,0.84427,0.84432,0.84329,0.84363,1424,18,0
2024-09-11 07:30:00,0.84363,0.84363,0.84275,0.84302,1193,18,0
2024-09-11 08:00:00,0.84301,0.84307,0.84209,0.84226,1477,18,0
2024-09-11 08:30:00,0.84227,0.8435,0.84226,0.84348,1736,18,0
2024-09-11 09:00:00,0.8435,0.84381,0.84324,0.84366,1492,18,0
2024-09-11 09:30:00,0.84366,0.84441,0.84364,0.84393,1606,18,0
2024-09-11 10:00:00,0.84394,0.84514,0.84394,0.8447,1868,18,0
2024-09-11 10:30:00,0.84471,0.84573,0.84437,0.84557,2290,18,0
2024-09-11 11:00:00,0.84557,0.84589,0.84531,0.84547,1850,18,0
2024-09-11 11:30:00,0.84548,0.84553,0.84479,0.84547,1484,18,0
2024-09-11 12:00:00,0.84548,0.84576,0.8452,0.84571,1013,18,0
2024-09-11 12:30:00,0.8457,0.846,0.84541,0.84597,850,18,0
2024-09-11 13:00:00,0.84597,0.84655,0.84584,0.84632,873,18,0
2024-09-11 13:30:00,0.84634,0.84647,0.84599,0.8462,859,18,0
2024-09-11 14:00:00,0.84621,0.84635,0.84563,0.84608,1449,18,0
2024-09-11 14:30:00,0.84608,0.84645,0.84585,0.84631,1627,18,0
2024-09-11 15:00:00,0.8463,0.84748,0.84615,0.84654,2154,18,0
2024-09-11 15:30:00,0.84659,0.85118,0.84652,0.85025,8490,18,0
2024-09-11 16:00:00,0.85024,0.85149,0.84924,0.85039,5034,18,0
2024-09-11 16:30:00,0.8504,0.85052,0.84863,0.84898,4794,18,0
2024-09-11 17:00:00,0.84898,0.84956,0.84731,0.84838,4761,18,0
2024-09-11 17:30:00,0.84837,0.84874,0.8476,0.84842,5303,18,0
2024-09-11 18:00:00,0.84841,0.84908,0.84801,0.84869,3392,18,0
2024-09-11 18:30:00,0.84871,0.85048,0.84862,0.85045,2645,18,0
2024-09-11 19:00:00,0.85044,0.85091,0.85017,0.85066,2499,18,0
2024-09-11 19:30:00,0.85065,0.85095,0.84996,0.85004,2007,18,0
2024-09-11 20:00:00,0.85002,0.85115,0.84995,0.851,2239,18,0
2024-09-11 20:30:00,0.85101,0.85117,0.85056,0.85068,1386,18,0
2024-09-11 21:00:00,0.85068,0.85085,0.85023,0.85078,1470,18,0
2024-09-11 21:30:00,0.85075,0.85137,0.85061,0.8512,1196,18,0
2024-09-11 22:00:00,0.85121,0.85162,0.85091,0.85115,1047,18,0
2024-09-11 22:30:00,0.85114,0.85251,0.85112,0.85218,1032,18,0
2024-09-11 23:00:00,0.85217,0.85282,0.85213,0.85218,1131,18,0
2024-09-11 23:30:00,0.85217,0.85228,0.85179,0.8521,1701,24,0
2024-09-12 00:00:00,0.85185,0.85208,0.85115,0.85208,139,36,0
2024-09-12 00:30:00,0.85208,0.8521,0.85187,0.85189,62,28,0
2024-09-12 01:00:00,0.8519,0.85201,0.85172,0.85191,277,22,0
2024-09-12 01:30:00,0.85192,0.85227,0.85192,0.85223,353,19,0
2024-09-12 02:00:00,0.85226,0.85285,0.85214,0.85279,522,18,0
2024-09-12 02:30:00,0.85276,0.8528,0.85243,0.85259,607,18,0
2024-09-12 03:00:00,0.8526,0.85298,0.85252,0.85289,1079,18,0
2024-09-12 03:30:00,0.8529,0.8532,0.85253,0.85261,1077,19,0
2024-09-12 04:00:00,0.85262,0.85277,0.85176,0.85243,1979,18,0
2024-09-12 04:30:00,0.85246,0.85261,0.85169,0.85182,1222,18,0
2024-09-12 05:00:00,0.8518,0.85251,0.85173,0.85238,1056,18,0
2024-09-12 05:30:00,0.85237,0.85259,0.85221,0.85248,1063,18,0
2024-09-12 06:00:00,0.85247,0.85258,0.85221,0.85249,561,18,0
2024-09-12 06:30:00,0.85249,0.85294,0.85234,0.85286,457,18,0
2024-09-12 07:00:00,0.85287,0.85306,0.85282,0.853,529,18,0
2024-09-12 07:30:00,0.85301,0.85325,0.85297,0.8531,530,19,0
2024-09-12 08:00:00,0.85309,0.85341,0.85296,0.85335,559,18,0
2024-09-12 08:30:00,0.85334,0.85336,0.85239,0.85262,1254,18,0
2024-09-12 09:00:00,0.85257,0.8526,0.85179,0.85199,1622,18,0
2024-09-12 09:30:00,0.85198,0.85292,0.85198,0.85288,984,18,0
2024-09-12 10:00:00,0.85288,0.85415,0.85288,0.8538,1981,18,0
2024-09-12 10:30:00,0.85382,0.85441,0.85315,0.85439,1993,18,0
2024-09-12 11:00:00,0.85441,0.85478,0.85406,0.85429,1937,18,0
2024-09-12 11:30:00,0.85429,0.85471,0.85406,0.85419,1401,18,0
2024-09-12 12:00:00,0.85418,0.85437,0.85386,0.85418,1123,18,0
2024-09-12 12:30:00,0.85416,0.85482,0.85404,0.85466,1154,18,0
2024-09-12 13:00:00,0.85465,0.85488,0.85452,0.85476,837,18,0
2024-09-12 13:30:00,0.85475,0.85475,0.85368,0.85383,1076,18,0
2024-09-12 14:00:00,0.85385,0.85401,0.85362,0.85396,1066,18,0
2024-09-12 14:30:00,0.85397,0.85399,0.85283,0.85399,1421,18,0
2024-09-12 15:00:00,0.85401,0.85474,0.85323,0.85343,2596,18,0
2024-09-12 15:30:00,0.85343,0.85449,0.85174,0.85276,5081,18,0
2024-09-12 16:00:00,0.85275,0.85391,0.85214,0.85306,3811,18,0
2024-09-12 16:30:00,0.85306,0.85477,0.85239,0.8533,4060,18,0
2024-09-12 17:00:00,0.8533,0.85468,0.85324,0.85418,3122,18,0
2024-09-12 17:30:00,0.85419,0.8546,0.85338,0.85368,2746,18,0
2024-09-12 18:00:00,0.85367,0.85413,0.85352,0.85354,2379,18,0
2024-09-12 18:30:00,0.85355,0.85372,0.8523,0.85264,2499,18,0
2024-09-12 19:00:00,0.85263,0.85366,0.85255,0.8536,2211,18,0
2024-09-12 19:30:00,0.85361,0.8538,0.85282,0.85309,1522,18,0
2024-09-12 20:00:00,0.85308,0.85324,0.85224,0.85273,2514,18,0
2024-09-12 20:30:00,0.85274,0.85287,0.85201,0.85224,1486,18,0
2024-09-12 21:00:00,0.85224,0.85273,0.85186,0.85211,1911,18,0
2024-09-12 21:30:00,0.85211,0.85236,0.85167,0.8519,1858,18,0
2024-09-12 22:00:00,0.85189,0.85198,0.85136,0.85148,2230,18,0
2024-09-12 22:30:00,0.85148,0.85153,0.85061,0.85113,2209,18,0
2024-09-12 23:00:00,0.85113,0.8513,0.85052,0.85066,1360,18,0
2024-09-12 23:30:00,0.85065,0.85111,0.85065,0.85094,1054,24,0
2024-09-13 00:00:00,0.85069,0.8517,0.85026,0.85075,216,55,0
2024-09-13 00:30:00,0.85071,0.85098,0.85061,0.85072,224,44,0
2024-09-13 01:00:00,0.85072,0.85125,0.8506,0.85108,361,23,0
2024-09-13 01:30:00,0.85108,0.85108,0.85091,0.85105,181,18,0
2024-09-13 02:00:00,0.85104,0.85108,0.85006,0.85008,861,18,0
2024-09-13 02:30:00,0.8501,0.85038,0.84965,0.84977,1318,18,0
2024-09-13 03:00:00,0.84977,0.84984,0.84882,0.84945,1422,18,0
2024-09-13 03:30:00,0.84941,0.8499,0.84912,0.84943,1383,18,0
2024-09-13 04:00:00,0.84942,0.84974,0.84892,0.84956,1198,18,0
2024-09-13 04:30:00,0.84956,0.8498,0.84935,0.84953,971,18,0
2024-09-13 05:00:00,0.84953,0.84982,0.84847,0.84864,1135,18,0
2024-09-13 05:30:00,0.84865,0.84918,0.8485,0.84909,982,18,0
2024-09-13 06:00:00,0.84909,0.84944,0.84894,0.84916,816,18,0
2024-09-13 06:30:00,0.84915,0.84925,0.84868,0.84912,730,18,0
2024-09-13 07:00:00,0.84913,0.84935,0.84889,0.84895,755,18,0
2024-09-13 07:30:00,0.84895,0.84959,0.84865,0.84952,752,18,0
2024-09-13 08:00:00,0.84953,0.84989,0.84947,0.84967,646,18,0
2024-09-13 08:30:00,0.84967,0.84978,0.84908,0.84931,1116,18,0
2024-09-13 09:00:00,0.8493,0.84959,0.8489,0.84931,1585,18,0
2024-09-13 09:30:00,0.84931,0.84999,0.84886,0.84887,1430,18,0
2024-09-13 10:00:00,0.84889,0.84981,0.84856,0.84922,2330,18,0
2024-09-13 10:30:00,0.84922,0.84927,0.84768,0.84817,1933,18,0
2024-09-13 11:00:00,0.84817,0.84846,0.84735,0.84836,2542,18,0
2024-09-13 11:30:00,0.84835,0.84889,0.8479,0.84816,1666,18,0
2024-09-13 12:00:00,0.84815,0.84868,0.84741,0.84773,1551,18,0
2024-09-13 12:30:00,0.84772,0.84801,0.84738,0.84768,1803,18,0
2024-09-13 13:00:00,0.84769,0.84819,0.84748,0.8478,1090,18,0
2024-09-13 13:30:00,0.84782,0.84854,0.84708,0.84819,1682,18,0
2024-09-13 14:00:00,0.84817,0.84819,0.84682,0.84698,1774,18,0
2024-09-13 14:30:00,0.84698,0.84758,0.84646,0.84708,2011,18,0
2024-09-13 15:00:00,0.84709,0.84756,0.84628,0.84679,2076,18,0
2024-09-13 15:30:00,0.84679,0.84685,0.84555,0.84555,2549,18,0
2024-09-13 16:00:00,0.84556,0.84557,0.84429,0.84482,2787,18,0
2024-09-13 16:30:00,0.84481,0.84631,0.84466,0.84546,3138,18,0
2024-09-13 17:00:00,0.84544,0.84688,0.84529,0.84648,3624,18,0
2024-09-13 17:30:00,0.84646,0.848,0.84611,0.84761,2664,18,0
2024-09-13 18:00:00,0.84762,0.84812,0.84736,0.84767,1709,18,0
2024-09-13 18:30:00,0.84767,0.84804,0.84752,0.84784,1220,18,0
2024-09-13 19:00:00,0.84784,0.84839,0.84745,0.84779,1779,18,0
2024-09-13 19:30:00,0.8478,0.84832,0.84779,0.84783,1331,18,0
2024-09-13 20:00:00,0.84782,0.84841,0.84781,0.84802,1096,18,0
2024-09-13 20:30:00,0.848,0.84842,0.84795,0.84815,1093,18,0
2024-09-13 21:00:00,0.84816,0.84822,0.84773,0.84775,1010,18,0
2024-09-13 21:30:00,0.84774,0.84828,0.8477,0.84805,749,18,0
2024-09-13 22:00:00,0.84806,0.84819,0.84767,0.8478,787,18,0
2024-09-13 22:30:00,0.8478,0.84837,0.84779,0.84828,874,18,0
2024-09-13 23:00:00,0.8483,0.84881,0.84826,0.8487,792,18,0
2024-09-13 23:30:00,0.8487,0.8493,0.84857,0.84901,990,24,0
2024-09-16 00:00:00,0.84716,0.84744,0.84713,0.84724,50,120,0
2024-09-16 00:30:00,0.84725,0.84761,0.84725,0.8476,92,120,0
2024-09-16 01:00:00,0.84757,0.84847,0.84736,0.84805,641,20,0
2024-09-16 01:30:00,0.84806,0.84844,0.84766,0.84822,830,18,0
2024-09-16 02:00:00,0.84822,0.84852,0.84803,0.84841,600,19,0
2024-09-16 02:30:00,0.84837,0.84837,0.8478,0.84801,610,18,0
2024-09-16 03:00:00,0.848,0.848,0.8471,0.84722,874,18,0
2024-09-16 03:30:00,0.84723,0.84735,0.84677,0.84706,1040,18,0
2024-09-16 04:00:00,0.84705,0.84719,0.84662,0.84689,922,18,0
2024-09-16 04:30:00,0.8469,0.84716,0.84663,0.84703,651,18,0
2024-09-16 05:00:00,0.84704,0.84729,0.847,0.84719,478,18,0
2024-09-16 05:30:00,0.84719,0.84728,0.8468,0.84695,636,18,0
2024-09-16 06:00:00,0.84694,0.84703,0.84612,0.8462,511,18,0
2024-09-16 06:30:00,0.84619,0.84621,0.84563,0.84567,1168,18,0
2024-09-16 07:00:00,0.84568,0.84586,0.84511,0.8457,1116,18,0
2024-09-16 07:30:00,0.84568,0.84624,0.84556,0.84598,573,18,0
2024-09-16 08:00:00,0.84598,0.84625,0.84574,0.84612,499,19,0
2024-09-16 08:30:00,0.84612,0.8463,0.8458,0.84588,622,18,0
2024-09-16 09:00:00,0.84588,0.84648,0.84576,0.84608,1115,18,0
2024-09-16 09:30:00,0.84606,0.84615,0.84467,0.84519,1902,18,0
2024-09-16 10:00:00,0.8452,0.84562,0.84455,0.84465,1873,18,0
2024-09-16 10:30:00,0.84463,0.84527,0.84411,0.8449,1703,18,0
2024-09-16 11:00:00,0.8449,0.84532,0.84366,0.84373,2241,18,0
2024-09-16 11:30:00,0.84371,0.84449,0.84352,0.84431,1770,18,0
2024-09-16 12:00:00,0.84431,0.84464,0.84392,0.8441,1645,18,0
2024-09-16 12:30:00,0.8441,0.84538,0.84407,0.8451,1492,18,0
2024-09-16 13:00:00,0.84508,0.84508,0.84439,0.84451,1538,18,0
2024-09-16 13:30:00,0.84452,0.84484,0.84404,0.84473,1151,18,0
2024-09-16 14:00:00,0.84472,0.84487,0.84412,0.84449,1434,18,0
2024-09-16 14:30:00,0.84454,0.84475,0.84428,0.84432,1202,18,0
2024-09-16 15:00:00,0.84431,0.84447,0.84346,0.84392,2178,18,0
2024-09-16 15:30:00,0.84393,0.84526,0.84337,0.84443,4070,18,0
2024-09-16 16:00:00,0.84444,0.84479,0.84404,0.84412,2347,18,0
2024-09-16 16:30:00,0.84412,0.8445,0.84334,0.8443,3055,18,0
2024-09-16 17:00:00,0.84429,0.84526,0.8442,0.8446,2225,18,0
2024-09-16 17:30:00,0.8446,0.84532,0.84395,0.84511,2665,18,0
2024-09-16 18:00:00,0.8451,0.84544,0.84491,0.845,2390,18,0
2024-09-16 18:30:00,0.84501,0.84576,0.84499,0.84521,1810,18,0
2024-09-16 19:00:00,0.84521,0.8454,0.84473,0.84519,1283,18,0
2024-09-16 19:30:00,0.84518,0.84522,0.84444,0.84467,1023,18,0
2024-09-16 20:00:00,0.84466,0.84505,0.84448,0.84505,844,18,0
2024-09-16 20:30:00,0.84509,0.84537,0.84464,0.84468,835,18,0
2024-09-16 21:00:00,0.84466,0.84537,0.84459,0.84515,1140,18,0
2024-09-16 21:30:00,0.84514,0.84555,0.845,0.84534,766,18,0
2024-09-16 22:00:00,0.84534,0.84587,0.84534,0.84562,754,18,0
2024-09-16 22:30:00,0.84561,0.84564,0.84497,0.84501,783,18,0
2024-09-16 23:00:00,0.84502,0.84512,0.84468,0.84477,467,18,0
2024-09-16 23:30:00,0.84477,0.84478,0.84454,0.84462,546,25,0
2024-09-17 00:00:00,0.84405,0.84435,0.84405,0.84431,28,65,0
2024-09-17 00:30:00,0.84432,0.84477,0.84432,0.84465,121,46,0
2024-09-17 01:00:00,0.84463,0.84485,0.8445,0.84471,296,20,0
2024-09-17 01:30:00,0.84471,0.84498,0.84468,0.8449,365,20,0
2024-09-17 02:00:00,0.84489,0.84538,0.84473,0.84483,856,18,0
2024-09-17 02:30:00,0.84483,0.8449,0.84437,0.84455,670,19,0
2024-09-17 03:00:00,0.84453,0.84479,0.84415,0.84455,1087,18,0
2024-09-17 03:30:00,0.84453,0.84469,0.84411,0.8446,850,19,0
2024-09-17 04:00:00,0.84459,0.84471,0.84418,0.84456,1073,18,0
2024-09-17 04:30:00,0.84454,0.84457,0.84383,0.84405,810,18,0
2024-09-17 05:00:00,0.84402,0.84406,0.84362,0.84365,702,18,0
2024-09-17 05:30:00,0.84366,0.84398,0.8436,0.84397,443,19,0
2024-09-17 06:00:00,0.844,0.84422,0.84369,0.84387,608,19,0
2024-09-17 06:30:00,0.84387,0.84439,0.84382,0.84424,724,18,0
2024-09-17 07:00:00,0.84427,0.84451,0.84413,0.84419,708,18,0
2024-09-17 07:30:00,0.8442,0.84427,0.84402,0.84412,464,19,0
2024-09-17 08:00:00,0.84412,0.8444,0.84402,0.84405,870,18,0
2024-09-17 08:30:00,0.84406,0.84416,0.84368,0.84409,965,18,0
2024-09-17 09:00:00,0.8441,0.84422,0.84361,0.84391,1111,18,0
2024-09-17 09:30:00,0.8439,0.84446,0.84363,0.84445,1093,18,0
2024-09-17 10:00:00,0.84445,0.84459,0.84376,0.84405,1662,18,0
2024-09-17 10:30:00,0.84404,0.84422,0.84289,0.84311,1326,18,0
2024-09-17 11:00:00,0.84311,0.84343,0.843,0.84314,1024,18,0
2024-09-17 11:30:00,0.84314,0.8435,0.84301,0.84318,1192,18,0
2024-09-17 12:00:00,0.84317,0.84378,0.8431,0.84365,1318,18,0
2024-09-17 12:30:00,0.84363,0.84409,0.84341,0.84391,1424,18,0
2024-09-17 13:00:00,0.84392,0.84451,0.84369,0.84428,1140,18,0
2024-09-17 13:30:00,0.84427,0.84474,0.84407,0.84465,1196,18,0
2024-09-17 14:00:00,0.84465,0.84493,0.84418,0.84426,1457,18,0
2024-09-17 14:30:00,0.84427,0.84439,0.84365,0.84425,1347,18,0
2024-09-17 15:00:00,0.84423,0.84494,0.84401,0.84467,2105,18,0
2024-09-17 15:30:00,0.8451,0.84684,0.84392,0.84626,5462,18,0
2024-09-17 16:00:00,0.84626,0.84681,0.84553,0.84624,3346,18,0
2024-09-17 16:30:00,0.84624,0.84761,0.84597,0.84711,3932,18,0
2024-09-17 17:00:00,0.84711,0.84753,0.84597,0.84634,3697,18,0
2024-09-17 17:30:00,0.84634,0.84692,0.84604,0.84633,3094,18,0
2024-09-17 18:00:00,0.84631,0.84717,0.84625,0.84672,2009,18,0
2024-09-17 18:30:00,0.84671,0.84702,0.84649,0.84686,1479,18,0
2024-09-17 19:00:00,0.84688,0.84699,0.84634,0.84661,1461,18,0
2024-09-17 19:30:00,0.84661,0.84669,0.84561,0.8461,2149,18,0
2024-09-17 20:00:00,0.8461,0.84689,0.84601,0.84653,1819,18,0
2024-09-17 20:30:00,0.84652,0.84744,0.84645,0.84669,1619,18,0
2024-09-17 21:00:00,0.84669,0.8467,0.84624,0.84639,763,18,0
2024-09-17 21:30:00,0.84639,0.84644,0.84577,0.84583,924,19,0
2024-09-17 22:00:00,0.84581,0.84671,0.84574,0.84662,1070,18,0
2024-09-17 22:30:00,0.84662,0.84687,0.84646,0.84669,967,18,0
2024-09-17 23:00:00,0.84669,0.84705,0.84667,0.84692,414,20,0
2024-09-17 23:30:00,0.84691,0.8473,0.84688,0.84694,794,24,0
2024-09-18 00:00:00,0.84687,0.84687,0.8463,0.8463,16,79,0
2024-09-18 00:30:00,0.84622,0.84685,0.84622,0.84682,424,63,0
2024-09-18 01:00:00,0.84682,0.84715,0.84655,0.84666,526,19,0
2024-09-18 01:30:00,0.84666,0.84666,0.84639,0.84649,487,18,0
2024-09-18 02:00:00,0.84652,0.84656,0.84622,0.84624,746,19,0
2024-09-18 02:30:00,0.84625,0.84629,0.84595,0.84629,426,19,0
2024-09-18 03:00:00,0.84628,0.84628,0.8459,0.84604,796,19,0
2024-09-18 03:30:00,0.84602,0.8461,0.84544,0.84559,813,18,0
2024-09-18 04:00:00,0.84559,0.84568,0.84521,0.84555,832,18,0
2024-09-18 04:30:00,0.84554,0.84569,0.84518,0.84526,724,18,0
2024-09-18 05:00:00,0.84525,0.84574,0.84518,0.84563,656,18,0
2024-09-18 05:30:00,0.84561,0.84563,0.8452,0.84552,537,19,0
2024-09-18 06:00:00,0.84552,0.84552,0.84498,0.84504,509,18,0
2024-09-18 06:30:00,0.84501,0.84532,0.84492,0.84521,443,18,0
2024-09-18 07:00:00,0.84522,0.84563,0.84508,0.84542,597,19,0
2024-09-18 07:30:00,0.84542,0.84542,0.84498,0.84521,635,18,0
2024-09-18 08:00:00,0.84522,0.84546,0.8451,0.8454,773,18,0
2024-09-18 08:30:00,0.84541,0.84563,0.84519,0.84541,822,18,0
2024-09-18 09:00:00,0.84546,0.84557,0.84488,0.84534,1403,18,0
2024-09-18 09:30:00,0.84535,0.84547,0.84458,0.84476,1238,18,0
2024-09-18 10:00:00,0.84476,0.84533,0.84395,0.84482,2295,18,0
2024-09-18 10:30:00,0.8448,0.84493,0.84393,0.84432,1421,18,0
2024-09-18 11:00:00,0.84432,0.84464,0.84373,0.84393,1773,18,0
2024-09-18 11:30:00,0.84391,0.84433,0.84348,0.84383,1140,18,0
2024-09-18 12:00:00,0.84384,0.84389,0.84291,0.84311,1081,18,0
2024-09-18 12:30:00,0.84315,0.8432,0.84225,0.84277,1070,18,0
2024-09-18 13:00:00,0.84277,0.84301,0.84252,0.8426,946,18,0
2024-09-18 13:30:00,0.84261,0.84307,0.84255,0.84304,1191,18,0
2024-09-18 14:00:00,0.84304,0.84353,0.84304,0.84345,1046,18,0
2024-09-18 14:30:00,0.84346,0.84397,0.84343,0.84362,1607,19,0
2024-09-18 15:00:00,0.84361,0.84405,0.84335,0.84399,1595,18,0
2024-09-18 15:30:00,0.84401,0.84476,0.84386,0.84443,2048,18,0
2024-09-18 16:00:00,0.84443,0.84443,0.84351,0.84365,1701,18,0
2024-09-18 16:30:00,0.84365,0.84436,0.84335,0.84402,1864,18,0
2024-09-18 17:00:00,0.84402,0.84544,0.84385,0.84542,2061,18,0
2024-09-18 17:30:00,0.84543,0.8461,0.84522,0.84567,2701,18,0
2024-09-18 18:00:00,0.84566,0.84587,0.84545,0.84558,1971,18,0
2024-09-18 18:30:00,0.84558,0.84625,0.84556,0.84584,1262,18,0
2024-09-18 19:00:00,0.84584,0.84586,0.84515,0.84523,973,18,0
2024-09-18 19:30:00,0.84523,0.84541,0.84498,0.84504,815,18,0
2024-09-18 20:00:00,0.84505,0.84505,0.84439,0.84466,943,18,0
2024-09-18 20:30:00,0.84466,0.84518,0.84407,0.84462,1571,18,0
2024-09-18 21:00:00,0.84469,0.84472,0.84049,0.84107,8677,18,0
2024-09-18 21:30:00,0.84108,0.84392,0.83896,0.84311,9129,19,0
2024-09-18 22:00:00,0.84313,0.84573,0.84308,0.84464,8090,18,0
2024-09-18 22:30:00,0.84465,0.84789,0.84464,0.84671,5017,18,0
2024-09-18 23:00:00,0.8467,0.8469,0.84575,0.84582,1937,18,0
2024-09-18 23:30:00,0.84582,0.8464,0.84569,0.84604,2342,24,0
2024-09-19 00:00:00,0.846,0.84652,0.84536,0.84545,62,81,0
2024-09-19 00:30:00,0.84547,0.84574,0.84546,0.84558,159,93,0
2024-09-19 01:00:00,0.84557,0.84633,0.84534,0.84574,1323,22,0
2024-09-19 01:30:00,0.84574,0.84617,0.84551,0.84578,375,18,0
2024-09-19 02:00:00,0.84581,0.84709,0.84581,0.8469,940,18,0
2024-09-19 02:30:00,0.8469,0.8474,0.8469,0.84722,1009,18,0
2024-09-19 03:00:00,0.84722,0.84862,0.84712,0.8484,2948,18,0
2024-09-19 03:30:00,0.84841,0.84995,0.84818,0.84984,2662,18,0
2024-09-19 04:00:00,0.84985,0.85059,0.84956,0.85027,2364,18,0
2024-09-19 04:30:00,0.85028,0.85139,0.84999,0.85029,2741,18,0
2024-09-19 05:00:00,0.85029,0.85029,0.84865,0.84868,1721,18,0
2024-09-19 05:30:00,0.84868,0.84918,0.84843,0.84846,1644,18,0
2024-09-19 06:00:00,0.84847,0.84892,0.84816,0.84884,1745,18,0
2024-09-19 06:30:00,0.84883,0.84895,0.84812,0.84845,2244,18,0
2024-09-19 07:00:00,0.84846,0.84903,0.84815,0.84894,1274,18,0
2024-09-19 07:30:00,0.84893,0.84893,0.84829,0.84859,1054,18,0
2024-09-19 08:00:00,0.84858,0.84867,0.84754,0.84783,1848,18,0
2024-09-19 08:30:00,0.84781,0.84787,0.84651,0.84659,1834,18,0
2024-09-19 09:00:00,0.84664,0.84758,0.84647,0.84747,2217,18,0
2024-09-19 09:30:00,0.84747,0.84753,0.8454,0.84556,2462,18,0
2024-09-19 10:00:00,0.84555,0.84621,0.84481,0.84549,3339,18,0
2024-09-19 10:30:00,0.84548,0.84608,0.84485,0.84595,2746,18,0
2024-09-19 11:00:00,0.84595,0.84706,0.84567,0.84643,2334,18,0
2024-09-19 11:30:00,0.84643,0.84651,0.84541,0.84593,1899,18,0
2024-09-19 12:00:00,0.84593,0.84625,0.84504,0.8457,1914,18,0
2024-09-19 12:30:00,0.84571,0.84612,0.84543,0.84555,1769,18,0
2024-09-19 13:00:00,0.84555,0.84643,0.84541,0.84593,1967,18,0
2024-09-19 13:30:00,0.84595,0.84612,0.84518,0.84546,1617,18,0
2024-09-19 14:00:00,0.84544,0.84795,0.84512,0.84737,2764,18,0
2024-09-19 14:30:00,0.84737,0.84761,0.84676,0.84733,2701,18,0
2024-09-19 15:00:00,0.84734,0.84829,0.84732,0.84818,3494,18,0
2024-09-19 15:30:00,0.84818,0.8505,0.84807,0.85049,5727,18,0
2024-09-19 16:00:00,0.85048,0.85054,0.84855,0.84948,4493,18,0
2024-09-19 16:30:00,0.84948,0.84981,0.84896,0.84937,4572,18,0
2024-09-19 17:00:00,0.84936,0.84937,0.84793,0.84865,4589,18,0
2024-09-19 17:30:00,0.84864,0.84903,0.84807,0.84813,3706,18,0
2024-09-19 18:00:00,0.84816,0.84827,0.84739,0.84742,3142,18,0
2024-09-19 18:30:00,0.8474,0.84799,0.84726,0.84778,1925,18,0
2024-09-19 19:00:00,0.84778,0.84832,0.84735,0.84755,1305,18,0
2024-09-19 19:30:00,0.84754,0.84801,0.84744,0.84779,1230,18,0
2024-09-19 20:00:00,0.8478,0.84825,0.84752,0.8479,1726,18,0
2024-09-19 20:30:00,0.84792,0.84793,0.84748,0.84759,1043,18,0
2024-09-19 21:00:00,0.84758,0.84763,0.8464,0.84641,1538,18,0
2024-09-19 21:30:00,0.84643,0.84688,0.84615,0.84686,1118,18,0
2024-09-19 22:00:00,0.84686,0.8471,0.8465,0.84708,1410,18,0
2024-09-19 22:30:00,0.84707,0.84766,0.84695,0.84737,1291,18,0
2024-09-19 23:00:00,0.84735,0.84748,0.84678,0.84698,1370,19,0
2024-09-19 23:30:00,0.84697,0.84769,0.84695,0.84763,1381,24,0
2024-09-20 00:00:00,0.84748,0.84762,0.84666,0.84733,41,37,0
2024-09-20 00:30:00,0.84733,0.84733,0.84699,0.84713,128,44,0
2024-09-20 01:00:00,0.84716,0.84747,0.84702,0.84732,426,18,0
2024-09-20 01:30:00,0.84733,0.84753,0.84724,0.84752,317,19,0
2024-09-20 02:00:00,0.84752,0.84775,0.84738,0.84747,724,18,0
2024-09-20 02:30:00,0.84747,0.84791,0.8474,0.84773,700,18,0
2024-09-20 03:00:00,0.84771,0.84784,0.84699,0.84703,1452,18,0
2024-09-20 03:30:00,0.84702,0.84728,0.84663,0.84677,1842,18,0
2024-09-20 04:00:00,0.84677,0.84689,0.84639,0.84658,1810,18,0
2024-09-20 04:30:00,0.84656,0.84686,0.84615,0.84668,1479,18,0
2024-09-20 05:00:00,0.84668,0.8469,0.84646,0.84656,851,19,0
2024-09-20 05:30:00,0.84656,0.84712,0.8465,0.84671,1070,18,0
2024-09-20 06:00:00,0.84674,0.84679,0.84607,0.84633,1858,18,0
2024-09-20 06:30:00,0.84635,0.84663,0.84602,0.84611,1347,18,0
2024-09-20 07:00:00,0.84611,0.84612,0.84575,0.84589,891,18,0
2024-09-20 07:30:00,0.84588,0.84637,0.84588,0.8463,510,18,0
2024-09-20 08:00:00,0.8463,0.84691,0.84622,0.84682,833,19,0
2024-09-20 08:30:00,0.84681,0.84685,0.84627,0.84644,1089,18,0
2024-09-20 09:00:00,0.84644,0.84648,0.84569,0.84575,1811,18,0
2024-09-20 09:30:00,0.84576,0.84654,0.84506,0.84643,3802,18,0
2024-09-20 10:00:00,0.84643,0.8475,0.84626,0.84648,3283,18,0
2024-09-20 10:30:00,0.84648,0.84798,0.84636,0.84783,3325,18,0
2024-09-20 11:00:00,0.84783,0.848,0.84736,0.8476,2880,18,0
2024-09-20 11:30:00,0.84759,0.84798,0.84698,0.84718,2652,18,0
2024-09-20 12:00:00,0.84715,0.84843,0.84707,0.84808,1919,18,0
2024-09-20 12:30:00,0.84807,0.84858,0.84789,0.84846,1511,18,0
2024-09-20 13:00:00,0.84847,0.84862,0.84814,0.8486,1430,18,0
2024-09-20 13:30:00,0.8486,0.84926,0.84845,0.84915,1560,18,0
2024-09-20 14:00:00,0.84915,0.84979,0.84908,0.84955,1339,18,0
2024-09-20 14:30:00,0.84955,0.84991,0.8492,0.84978,1620,18,0
2024-09-20 15:00:00,0.84977,0.84978,0.84846,0.84847,2308,18,0
2024-09-20 15:30:00,0.84847,0.84896,0.84725,0.84761,2632,18,0
2024-09-20 16:00:00,0.84761,0.84911,0.84734,0.84896,2707,18,0
2024-09-20 16:30:00,0.84898,0.84945,0.84851,0.84936,2986,18,0
2024-09-20 17:00:00,0.84936,0.85075,0.84936,0.85027,2820,18,0
2024-09-20 17:30:00,0.85028,0.85055,0.84961,0.85027,2786,18,0
2024-09-20 18:00:00,0.85028,0.85153,0.85022,0.85153,2451,18,0
2024-09-20 18:30:00,0.85154,0.85159,0.84952,0.84954,4906,18,0
2024-09-20 19:00:00,0.84953,0.84956,0.84827,0.8491,3267,18,0
2024-09-20 19:30:00,0.84912,0.84952,0.84872,0.84914,2221,18,0
2024-09-20 20:00:00,0.84914,0.85045,0.8491,0.85037,1718,18,0
2024-09-20 20:30:00,0.85037,0.85136,0.85035,0.85095,1223,18,0
2024-09-20 21:00:00,0.85093,0.85104,0.85059,0.85074,1333,18,0
2024-09-20 21:30:00,0.85074,0.85079,0.84993,0.85016,1041,18,0
2024-09-20 22:00:00,0.85015,0.85039,0.85001,0.85014,898,18,0
2024-09-20 22:30:00,0.85013,0.85055,0.85006,0.85045,943,18,0
2024-09-20 23:00:00,0.85043,0.85071,0.85042,0.85064,1197,20,0
2024-09-20 23:30:00,0.85066,0.85069,0.84994,0.85006,1320,24,0
2024-09-23 00:00:00,0.84918,0.84947,0.84912,0.84945,63,120,0
2024-09-23 00:30:00,0.84943,0.84967,0.84932,0.84962,119,120,0
2024-09-23 01:00:00,0.84972,0.85007,0.84969,0.85003,482,19,0
2024-09-23 01:30:00,0.85004,0.85043,0.85004,0.85028,533,18,0
2024-09-23 02:00:00,0.85029,0.85066,0.8501,0.85026,401,18,0
2024-09-23 02:30:00,0.85025,0.85101,0.85016,0.85101,536,18,0
2024-09-23 03:00:00,0.85102,0.85125,0.85066,0.85108,1026,18,0
2024-09-23 03:30:00,0.85108,0.85124,0.85078,0.85086,699,18,0
2024-09-23 04:00:00,0.85089,0.85143,0.85087,0.85123,748,18,0
2024-09-23 04:30:00,0.85123,0.85131,0.85074,0.85119,807,18,0
2024-09-23 05:00:00,0.8512,0.85137,0.85081,0.85114,801,18,0
2024-09-23 05:30:00,0.85114,0.85116,0.85077,0.85099,396,18,0
2024-09-23 06:00:00,0.85099,0.851,0.85071,0.85087,437,18,0
2024-09-23 06:30:00,0.85088,0.85106,0.85069,0.85076,373,19,0
2024-09-23 07:00:00,0.85081,0.85094,0.85067,0.85077,307,18,0
2024-09-23 07:30:00,0.85075,0.85091,0.85057,0.85089,207,19,0
2024-09-23 08:00:00,0.85086,0.85096,0.85062,0.85066,353,18,0
2024-09-23 08:30:00,0.85068,0.85091,0.85048,0.85055,464,18,0
2024-09-23 09:00:00,0.85058,0.85096,0.85044,0.85049,1395,18,0
2024-09-23 09:30:00,0.85048,0.85058,0.84983,0.85057,1227,18,0
2024-09-23 10:00:00,0.85057,0.85096,0.85009,0.85051,3179,18,0
2024-09-23 10:30:00,0.85071,0.85158,0.8502,0.85142,3371,18,0
2024-09-23 11:00:00,0.85143,0.85171,0.85082,0.85091,3020,18,0
2024-09-23 11:30:00,0.8509,0.85128,0.85046,0.851,1884,18,0
2024-09-23 12:00:00,0.851,0.85137,0.85074,0.85081,1762,18,0
2024-09-23 12:30:00,0.85082,0.85088,0.84991,0.85021,1192,18,0
2024-09-23 13:00:00,0.85021,0.85027,0.84923,0.84966,1016,18,0
2024-09-23 13:30:00,0.84966,0.84979,0.84891,0.84954,1260,18,0
2024-09-23 14:00:00,0.84953,0.84959,0.84846,0.84936,1564,18,0
2024-09-23 14:30:00,0.84936,0.84997,0.84913,0.84965,1674,18,0
2024-09-23 15:00:00,0.84964,0.85056,0.84929,0.85012,2367,18,0
2024-09-23 15:30:00,0.85011,0.85029,0.84957,0.84977,2661,18,0
2024-09-23 16:00:00,0.84978,0.84991,0.84928,0.84958,2336,18,0
2024-09-23 16:30:00,0.84959,0.85057,0.8484,0.84996,4542,18,0
2024-09-23 17:00:00,0.84999,0.85074,0.84814,0.84818,3777,18,0
2024-09-23 17:30:00,0.84818,0.8487,0.84759,0.84767,3425,18,0
2024-09-23 18:00:00,0.84767,0.84838,0.84732,0.84794,2743,18,0
2024-09-23 18:30:00,0.84794,0.84804,0.84722,0.84738,1783,18,0
2024-09-23 19:00:00,0.84739,0.84778,0.84633,0.84687,2391,18,0
2024-09-23 19:30:00,0.84689,0.84697,0.84625,0.84644,1361,18,0
2024-09-23 20:00:00,0.84644,0.84668,0.84603,0.84622,1088,18,0
2024-09-23 20:30:00,0.84622,0.84663,0.84553,0.84663,1038,18,0
2024-09-23 21:00:00,0.84663,0.84686,0.84654,0.84674,761,18,0
2024-09-23 21:30:00,0.84674,0.84676,0.84641,0.8465,840,18,0
2024-09-23 22:00:00,0.84651,0.84695,0.84651,0.84685,638,18,0
2024-09-23 22:30:00,0.84686,0.84689,0.84641,0.84678,639,18,0
2024-09-23 23:00:00,0.84678,0.84697,0.84672,0.84682,290,18,0
2024-09-23 23:30:00,0.84683,0.8476,0.84683,0.84735,495,24,0
2024-09-24 00:00:00,0.84734,0.84734,0.84659,0.84693,108,33,0
2024-09-24 00:30:00,0.84696,0.84733,0.84667,0.84692,289,39,0
2024-09-24 01:00:00,0.84692,0.84735,0.84682,0.84711,455,20,0
2024-09-24 01:30:00,0.84712,0.84734,0.84693,0.84724,172,18,0
2024-09-24 02:00:00,0.84723,0.84752,0.84713,0.84748,325,19,0
2024-09-24 02:30:00,0.84747,0.84782,0.84718,0.84724,701,18,0
2024-09-24 03:00:00,0.84721,0.8474,0.84664,0.84719,1911,18,0
2024-09-24 03:30:00,0.84718,0.84737,0.84667,0.84667,1617,18,0
2024-09-24 04:00:00,0.84667,0.84739,0.84651,0.84717,1770,18,0
2024-09-24 04:30:00,0.84716,0.84726,0.84652,0.84681,1105,18,0
2024-09-24 05:00:00,0.84681,0.84693,0.84644,0.84681,950,18,0
2024-09-24 05:30:00,0.84682,0.84713,0.84668,0.84689,669,18,0
2024-09-24 06:00:00,0.84687,0.84688,0.84638,0.84641,667,18,0
2024-09-24 06:30:00,0.84641,0.84709,0.84636,0.84695,760,18,0
2024-09-24 07:00:00,0.84695,0.84747,0.84677,0.84712,952,18,0
2024-09-24 07:30:00,0.84713,0.84726,0.84697,0.84703,781,18,0
2024-09-24 08:00:00,0.84703,0.84749,0.84701,0.84711,916,18,0
2024-09-24 08:30:00,0.84712,0.84765,0.84712,0.84727,1281,18,0
2024-09-24 09:00:00,0.84728,0.84839,0.84717,0.84837,2083,18,0
2024-09-24 09:30:00,0.84839,0.84891,0.84815,0.84825,2089,18,0
2024-09-24 10:00:00,0.84826,0.84885,0.84759,0.84772,2395,18,0
2024-09-24 10:30:00,0.84772,0.84806,0.84733,0.84785,1888,18,0
2024-09-24 11:00:00,0.84784,0.84846,0.84727,0.84836,2118,18,0
2024-09-24 11:30:00,0.84837,0.84844,0.84749,0.84778,1826,18,0
2024-09-24 12:00:00,0.84777,0.8485,0.84736,0.84846,1622,18,0
2024-09-24 12:30:00,0.84846,0.8485,0.84786,0.84812,1506,18,0
2024-09-24 13:00:00,0.84811,0.84844,0.8479,0.84803,1297,18,0
2024-09-24 13:30:00,0.84802,0.84811,0.84765,0.84785,1580,18,0
2024-09-24 14:00:00,0.84783,0.84834,0.84771,0.84809,1374,18,0
2024-09-24 14:30:00,0.84809,0.84863,0.84784,0.84803,1692,18,0
2024-09-24 15:00:00,0.84803,0.84825,0.84734,0.84813,2250,18,0
2024-09-24 15:30:00,0.84811,0.84825,0.84683,0.84696,2861,18,0
2024-09-24 16:00:00,0.84696,0.8475,0.84669,0.84744,3073,18,0
2024-09-24 16:30:00,0.84743,0.84849,0.84732,0.84772,2530,18,0
2024-09-24 17:00:00,0.84772,0.84772,0.84489,0.84495,4234,18,0
2024-09-24 17:30:00,0.84496,0.84639,0.84491,0.84576,3241,18,0
2024-09-24 18:00:00,0.84577,0.84602,0.84511,0.84558,2390,18,0
2024-09-24 18:30:00,0.84554,0.84637,0.8455,0.84586,1618,18,0
2024-09-24 19:00:00,0.84586,0.84601,0.84515,0.84537,1487,18,0
2024-09-24 19:30:00,0.84538,0.84582,0.8448,0.84502,1311,18,0
2024-09-24 20:00:00,0.84503,0.84526,0.84481,0.84507,1239,18,0
2024-09-24 20:30:00,0.84508,0.84539,0.84456,0.8446,735,18,0
2024-09-24 21:00:00,0.84459,0.84494,0.84409,0.8444,832,18,0
2024-09-24 21:30:00,0.84439,0.84454,0.84401,0.84402,859,18,0
2024-09-24 22:00:00,0.84401,0.84421,0.84342,0.84345,922,18,0
2024-09-24 22:30:00,0.84344,0.84354,0.84298,0.84309,1073,18,0
2024-09-24 23:00:00,0.8431,0.84335,0.84302,0.84305,1394,19,0
2024-09-24 23:30:00,0.84303,0.84334,0.84295,0.84314,829,25,0
2024-09-25 00:00:00,0.84301,0.84462,0.84248,0.84298,93,68,0
2024-09-25 00:30:00,0.84297,0.84309,0.84294,0.84304,492,63,0
2024-09-25 01:00:00,0.84303,0.84326,0.8428,0.84307,645,18,0
2024-09-25 01:30:00,0.84307,0.8431,0.84221,0.84227,543,18,0
2024-09-25 02:00:00,0.84226,0.84252,0.84207,0.84211,1105,18,0
2024-09-25 02:30:00,0.84211,0.84216,0.84144,0.84147,666,19,0
2024-09-25 03:00:00,0.84147,0.84219,0.84141,0.84217,1751,18,0
2024-09-25 03:30:00,0.84217,0.84223,0.8415,0.84156,1178,18,0
2024-09-25 04:00:00,0.84152,0.84191,0.84142,0.84187,1825,18,0
2024-09-25 04:30:00,0.84184,0.84249,0.84164,0.84242,1294,18,0
2024-09-25 05:00:00,0.84242,0.84262,0.84228,0.84244,629,18,0
2024-09-25 05:30:00,0.84244,0.84249,0.84166,0.84187,751,18,0
2024-09-25 06:00:00,0.84185,0.84215,0.84178,0.84188,493,18,0
2024-09-25 06:30:00,0.84188,0.84191,0.84164,0.84187,581,19,0
2024-09-25 07:00:00,0.84187,0.84214,0.84174,0.84175,543,18,0
2024-09-25 07:30:00,0.84177,0.84233,0.84166,0.84215,677,18,0
2024-09-25 08:00:00,0.84216,0.84234,0.84191,0.84222,741,19,0
2024-09-25 08:30:00,0.84222,0.84231,0.84144,0.84184,924,19,0
2024-09-25 09:00:00,0.84182,0.84216,0.84144,0.84151,1435,18,0
2024-09-25 09:30:00,0.84151,0.84315,0.84144,0.84286,1819,18,0
2024-09-25 10:00:00,0.84286,0.84454,0.84215,0.84441,2180,18,0
2024-09-25 10:30:00,0.84441,0.84461,0.84388,0.84443,2111,18,0
2024-09-25 11:00:00,0.84444,0.84618,0.84441,0.84602,2033,18,0
2024-09-25 11:30:00,0.84601,0.84674,0.84592,0.84648,1677,18,0
2024-09-25 12:00:00,0.84647,0.8484,0.84628,0.84834,1964,18,0
2024-09-25 12:30:00,0.84837,0.84859,0.84749,0.84852,1306,18,0
2024-09-25 13:00:00,0.84853,0.84936,0.84807,0.84883,1585,18,0
2024-09-25 13:30:00,0.84884,0.84953,0.84884,0.84924,1437,18,0
2024-09-25 14:00:00,0.84922,0.84964,0.84897,0.84949,1411,18,0
2024-09-25 14:30:00,0.84949,0.84957,0.84834,0.84837,1789,18,0
2024-09-25 15:00:00,0.84838,0.84842,0.84761,0.84811,2369,18,0
2024-09-25 15:30:00,0.8481,0.8481,0.84718,0.8478,2855,18,0
2024-09-25 16:00:00,0.84781,0.84788,0.84651,0.84718,2484,18,0
2024-09-25 16:30:00,0.84719,0.84769,0.84687,0.84768,3595,18,0
2024-09-25 17:00:00,0.84768,0.8488,0.84743,0.84873,3008,18,0
2024-09-25 17:30:00,0.84875,0.84943,0.84846,0.84876,2902,18,0
2024-09-25 18:00:00,0.84877,0.84958,0.84847,0.84937,2994,18,0
2024-09-25 18:30:00,0.84937,0.84957,0.84859,0.84937,1999,18,0
2024-09-25 19:00:00,0.84938,0.84979,0.84918,0.84966,1304,18,0
2024-09-25 19:30:00,0.84967,0.85002,0.84946,0.84986,1150,18,0
2024-09-25 20:00:00,0.84985,0.85017,0.8493,0.84933,1843,18,0
2024-09-25 20:30:00,0.84932,0.84961,0.84897,0.84948,1188,18,0
2024-09-25 21:00:00,0.84948,0.84985,0.84929,0.84964,1556,18,0
2024-09-25 21:30:00,0.84965,0.84983,0.84946,0.84974,1052,18,0
2024-09-25 22:00:00,0.84975,0.84988,0.84967,0.84977,1218,18,0
2024-09-25 22:30:00,0.84976,0.85034,0.84971,0.85021,1295,18,0
2024-09-25 23:00:00,0.8502,0.85059,0.85015,0.85045,809,19,0
2024-09-25 23:30:00,0.85045,0.85055,0.85018,0.85022,1008,24,0
2024-09-26 00:00:00,0.85005,0.85022,0.84797,0.84985,105,72,0
2024-09-26 00:30:00,0.84987,0.85025,0.84984,0.85025,67,38,0
2024-09-26 01:00:00,0.85025,0.85029,0.85003,0.85023,1178,18,0
2024-09-26 01:30:00,0.85023,0.8503,0.85005,0.85025,1404,18,0
2024-09-26 02:00:00,0.85027,0.85038,0.85,0.85023,683,18,0
2024-09-26 02:30:00,0.85027,0.85067,0.85015,0.85063,970,19,0
2024-09-26 03:00:00,0.85063,0.85068,0.84964,0.84975,1287,18,0
2024-09-26 03:30:00,0.84975,0.85008,0.8496,0.84992,1176,18,0
2024-09-26 04:00:00,0.84992,0.85078,0.84982,0.8507,1455,18,0
2024-09-26 04:30:00,0.8507,0.85083,0.85014,0.85044,1196,18,0
2024-09-26 05:00:00,0.85044,0.85083,0.85019,0.85023,1033,18,0
2024-09-26 05:30:00,0.85022,0.85048,0.85002,0.85013,705,18,0
2024-09-26 06:00:00,0.85014,0.85023,0.84976,0.85001,834,19,0
2024-09-26 06:30:00,0.85,0.8505,0.84983,0.85001,922,19,0
2024-09-26 07:00:00,0.85,0.85023,0.84963,0.8499,852,19,0
2024-09-26 07:30:00,0.84992,0.84992,0.84948,0.84973,823,20,0
2024-09-26 08:00:00,0.84972,0.84984,0.84947,0.84959,1131,18,0
2024-09-26 08:30:00,0.84958,0.85013,0.84954,0.85,859,18,0
2024-09-26 09:00:00,0.85,0.85028,0.84978,0.84992,1289,18,0
2024-09-26 09:30:00,0.84993,0.85135,0.84985,0.85083,1480,18,0
2024-09-26 10:00:00,0.85084,0.85152,0.85036,0.85095,2777,18,0
2024-09-26 10:30:00,0.85092,0.85101,0.84564,0.84827,5718,18,0
2024-09-26 11:00:00,0.84828,0.84959,0.84828,0.84924,3515,18,0
2024-09-26 11:30:00,0.84926,0.85029,0.84898,0.84951,2749,18,0
2024-09-26 12:00:00,0.84951,0.84966,0.84778,0.84819,2283,18,0
2024-09-26 12:30:00,0.8482,0.84846,0.84744,0.8483,1754,18,0
2024-09-26 13:00:00,0.8483,0.84856,0.84675,0.84719,2143,18,0
2024-09-26 13:30:00,0.84727,0.8483,0.84715,0.84769,1898,18,0
2024-09-26 14:00:00,0.84769,0.84786,0.84703,0.8476,1902,18,0
2024-09-26 14:30:00,0.8476,0.8479,0.84703,0.84716,1939,18,0
2024-09-26 15:00:00,0.84716,0.84729,0.8462,0.84634,2647,18,0
2024-09-26 15:30:00,0.84634,0.84923,0.84633,0.84866,5323,18,0
2024-09-26 16:00:00,0.84867,0.84916,0.84785,0.84796,4054,18,0
2024-09-26 16:30:00,0.84795,0.84977,0.84725,0.8491,4349,18,0
2024-09-26 17:00:00,0.8491,0.85038,0.84888,0.85031,4346,18,0
2024-09-26 17:30:00,0.8503,0.85053,0.8472,0.84752,4838,18,0
2024-09-26 18:00:00,0.84753,0.84758,0.84619,0.84673,3440,18,0
2024-09-26 18:30:00,0.84673,0.84678,0.84592,0.84627,2298,18,0
2024-09-26 19:00:00,0.84628,0.84736,0.84627,0.84655,1885,18,0
2024-09-26 19:30:00,0.84654,0.84697,0.8462,0.84692,1638,18,0
2024-09-26 20:00:00,0.84693,0.84702,0.84545,0.8456,1772,18,0
2024-09-26 20:30:00,0.8456,0.84607,0.84553,0.84577,842,18,0
2024-09-26 21:00:00,0.84578,0.84601,0.8455,0.84586,1030,18,0
2024-09-26 21:30:00,0.84586,0.84615,0.8454,0.84563,1114,18,0
2024-09-26 22:00:00,0.84563,0.84573,0.84518,0.84545,1099,18,0
2024-09-26 22:30:00,0.84546,0.84571,0.84537,0.84554,1018,18,0
2024-09-26 23:00:00,0.84554,0.84615,0.84552,0.84608,1546,19,0
2024-09-26 23:30:00,0.84609,0.84624,0.84586,0.84601,3626,24,0
2024-09-27 00:00:00,0.84581,0.84584,0.84529,0.84561,93,58,0
2024-09-27 00:30:00,0.84563,0.84581,0.84546,0.84568,1079,57,0
2024-09-27 01:00:00,0.84554,0.84621,0.84551,0.84605,916,21,0
2024-09-27 01:30:00,0.84605,0.84608,0.84592,0.84599,67,19,0
2024-09-27 02:00:00,0.84598,0.84655,0.84597,0.84651,130,18,0
2024-09-27 02:30:00,0.84654,0.84664,0.84597,0.84623,596,18,0
2024-09-27 03:00:00,0.84621,0.84676,0.84602,0.8467,1465,18,0
2024-09-27 03:30:00,0.8467,0.84737,0.8467,0.84733,1452,18,0
2024-09-27 04:00:00,0.84734,0.84788,0.84724,0.84765,1293,18,0
2024-09-27 04:30:00,0.84765,0.8479,0.84731,0.8475,1631,18,0
2024-09-27 05:00:00,0.84751,0.84772,0.84688,0.84707,1152,18,0
2024-09-27 05:30:00,0.84706,0.84717,0.84651,0.84675,863,18,0
2024-09-27 06:00:00,0.84678,0.84681,0.84638,0.84653,672,18,0
2024-09-27 06:30:00,0.84652,0.84705,0.84648,0.84699,526,19,0
2024-09-27 07:00:00,0.84699,0.84813,0.84699,0.84776,1045,18,0
2024-09-27 07:30:00,0.84776,0.84809,0.84763,0.84799,920,18,0
2024-09-27 08:00:00,0.84798,0.84922,0.84768,0.84883,2889,18,0
2024-09-27 08:30:00,0.84885,0.84911,0.8483,0.84864,2650,18,0
2024-09-27 09:00:00,0.84866,0.8489,0.84539,0.8465,4665,18,0
2024-09-27 09:30:00,0.84649,0.84763,0.8454,0.84669,5777,18,0
2024-09-27 10:00:00,0.84665,0.84739,0.84573,0.84573,4533,18,0
2024-09-27 10:30:00,0.84573,0.8463,0.84425,0.84583,3576,18,0
2024-09-27 11:00:00,0.84582,0.84634,0.84537,0.84576,2977,18,0
2024-09-27 11:30:00,0.84573,0.84604,0.84466,0.84513,2582,18,0
2024-09-27 12:00:00,0.84512,0.84573,0.84462,0.84469,2525,18,0
2024-09-27 12:30:00,0.84469,0.84485,0.84372,0.84387,1650,18,0
2024-09-27 13:00:00,0.84387,0.84457,0.84335,0.84398,1698,18,0
2024-09-27 13:30:00,0.84397,0.84415,0.84348,0.84385,1632,18,0
2024-09-27 14:00:00,0.84386,0.84438,0.84348,0.84417,1719,18,0
2024-09-27 14:30:00,0.84418,0.84464,0.84396,0.84421,1560,18,0
2024-09-27 15:00:00,0.8442,0.84472,0.84388,0.84413,2625,18,0
2024-09-27 15:30:00,0.84412,0.84437,0.84061,0.84075,5307,18,0
2024-09-27 16:00:00,0.84075,0.842,0.84063,0.84157,3826,18,0
2024-09-27 16:30:00,0.84156,0.84175,0.84057,0.84118,3450,18,0
2024-09-27 17:00:00,0.84122,0.84295,0.841,0.84222,4330,18,0
2024-09-27 17:30:00,0.8422,0.84257,0.8412,0.84173,3832,18,0
2024-09-27 18:00:00,0.84174,0.84294,0.84173,0.84229,3300,18,0
2024-09-27 18:30:00,0.84231,0.84294,0.84211,0.8423,2318,18,0
2024-09-27 19:00:00,0.8423,0.84257,0.84144,0.84255,2539,18,0
2024-09-27 19:30:00,0.84255,0.84293,0.84182,0.84206,1967,18,0
2024-09-27 20:00:00,0.84206,0.84243,0.84091,0.84139,1620,18,0
2024-09-27 20:30:00,0.84139,0.84141,0.84097,0.84109,1475,18,0
2024-09-27 21:00:00,0.84109,0.84118,0.84048,0.84049,1285,18,0
2024-09-27 21:30:00,0.84048,0.84081,0.84031,0.84047,1252,18,0
2024-09-27 22:00:00,0.84046,0.84071,0.8402,0.84038,1098,18,0
2024-09-27 22:30:00,0.84038,0.84077,0.84031,0.84051,1314,18,0
2024-09-27 23:00:00,0.84058,0.84073,0.8402,0.84022,853,21,0
2024-09-27 23:30:00,0.84021,0.84044,0.83998,0.84028,1449,24,0
2024-09-30 00:00:00,0.84037,0.84059,0.84037,0.84054,99,120,0
2024-09-30 00:30:00,0.84052,0.84052,0.84011,0.84027,127,120,0
2024-09-30 01:00:00,0.84023,0.84078,0.84011,0.84056,604,20,0
2024-09-30 01:30:00,0.84055,0.84065,0.84025,0.84059,406,18,0
2024-09-30 02:00:00,0.84057,0.8411,0.84037,0.84087,629,18,0
2024-09-30 02:30:00,0.84085,0.84141,0.84074,0.84133,1031,18,0
2024-09-30 03:00:00,0.84132,0.84167,0.84106,0.84128,1470,18,0
2024-09-30 03:30:00,0.84129,0.84149,0.84062,0.84109,1799,18,0
2024-09-30 04:00:00,0.84108,0.84127,0.84058,0.84081,1751,18,0
2024-09-30 04:30:00,0.84085,0.84138,0.84072,0.84117,1408,18,0
2024-09-30 05:00:00,0.84117,0.84134,0.84066,0.84117,1192,18,0
2024-09-30 05:30:00,0.84117,0.84137,0.84089,0.84133,564,18,0
2024-09-30 06:00:00,0.84133,0.84154,0.84124,0.84129,553,18,0
2024-09-30 06:30:00,0.84131,0.84218,0.84129,0.84189,1016,18,0
2024-09-30 07:00:00,0.84189,0.84194,0.84147,0.84166,778,18,0
2024-09-30 07:30:00,0.84167,0.84174,0.84122,0.84135,773,18,0
2024-09-30 08:00:00,0.84134,0.84135,0.84055,0.84084,1267,18,0
2024-09-30 08:30:00,0.84083,0.84149,0.84053,0.84146,1446,18,0
2024-09-30 09:00:00,0.84151,0.8421,0.84107,0.84138,1822,18,0
2024-09-30 09:30:00,0.84139,0.84195,0.8412,0.84164,1882,18,0
2024-09-30 10:00:00,0.84163,0.84196,0.84122,0.84133,1734,18,0
2024-09-30 10:30:00,0.84133,0.8432,0.84133,0.84267,3280,18,0
2024-09-30 11:00:00,0.84266,0.84374,0.84247,0.84343,2417,18,0
2024-09-30 11:30:00,0.8434,0.8434,0.84235,0.84328,2456,18,0
2024-09-30 12:00:00,0.84327,0.84334,0.84241,0.84293,2312,18,0
2024-09-30 12:30:00,0.84294,0.84411,0.8424,0.8439,1826,18,0
2024-09-30 13:00:00,0.8439,0.84469,0.8439,0.84459,1446,18,0
2024-09-30 13:30:00,0.84459,0.84465,0.84385,0.84417,1368,18,0
2024-09-30 14:00:00,0.84417,0.84435,0.84282,0.84307,1666,18,0
2024-09-30 14:30:00,0.84309,0.84315,0.8421,0.84258,1886,18,0
2024-09-30 15:00:00,0.84257,0.84374,0.8425,0.84298,2449,18,0
2024-09-30 15:30:00,0.84298,0.84377,0.84298,0.84351,2196,18,0
2024-09-30 16:00:00,0.84351,0.84366,0.84253,0.84332,3128,18,0
2024-09-30 16:30:00,0.84331,0.84439,0.84321,0.84429,2301,18,0
2024-09-30 17:00:00,0.84432,0.84551,0.84353,0.84513,3683,18,0
2024-09-30 17:30:00,0.84506,0.8456,0.84286,0.84348,5355,18,0
2024-09-30 18:00:00,0.84348,0.84466,0.84309,0.84461,3367,18,0
2024-09-30 18:30:00,0.8446,0.84517,0.84429,0.8444,1858,18,0
2024-09-30 19:00:00,0.84441,0.84485,0.84374,0.8446,2004,18,0
2024-09-30 19:30:00,0.84461,0.84471,0.84422,0.84435,1484,18,0
2024-09-30 20:00:00,0.84434,0.84437,0.84363,0.84386,1245,18,0
2024-09-30 20:30:00,0.84386,0.84442,0.84373,0.84425,1418,18,0
2024-09-30 21:00:00,0.84426,0.84723,0.84408,0.84687,5415,18,0
2024-09-30 21:30:00,0.84685,0.84719,0.84597,0.84662,3389,18,0
2024-09-30 22:00:00,0.8466,0.84729,0.84656,0.84694,1836,18,0
2024-09-30 22:30:00,0.84698,0.8472,0.84612,0.8462,2012,18,0
2024-09-30 23:00:00,0.84619,0.84628,0.84573,0.84584,966,18,0
2024-09-30 23:30:00,0.84585,0.84607,0.84514,0.84545,1184,24,0
2024-10-01 00:00:00,0.845,0.84557,0.84335,0.84551,163,45,0
2024-10-01 00:30:00,0.84546,0.84563,0.84525,0.8454,407,43,0
2024-10-01 01:00:00,0.84537,0.84568,0.8451,0.84512,645,18,0
2024-10-01 01:30:00,0.84514,0.84529,0.8449,0.84495,433,18,0
2024-10-01 02:00:00,0.84495,0.84506,0.8439,0.8449,1218,18,0
2024-10-01 02:30:00,0.84488,0.84538,0.84484,0.84528,640,18,0
2024-10-01 03:00:00,0.84527,0.84565,0.84517,0.84548,1512,18,0
2024-10-01 03:30:00,0.8455,0.84625,0.84541,0.84542,1486,18,0
2024-10-01 04:00:00,0.8454,0.84597,0.8452,0.84544,1382,18,0
2024-10-01 04:30:00,0.84544,0.84546,0.84461,0.84467,1323,18,0
2024-10-01 05:00:00,0.84468,0.84528,0.84459,0.84525,828,19,0
2024-10-01 05:30:00,0.84525,0.84578,0.84525,0.84564,761,18,0
2024-10-01 06:00:00,0.84565,0.84641,0.84563,0.84637,690,18,0
2024-10-01 06:30:00,0.84635,0.84653,0.84609,0.84627,729,18,0
2024-10-01 07:00:00,0.84624,0.8467,0.84621,0.84652,629,18,0
2024-10-01 07:30:00,0.84651,0.84653,0.8459,0.84598,924,18,0
2024-10-01 08:00:00,0.84597,0.84643,0.84585,0.8462,1012,18,0
2024-10-01 08:30:00,0.8462,0.84621,0.84531,0.84557,1345,18,0
2024-10-01 09:00:00,0.84557,0.84687,0.84557,0.84669,1644,18,0
2024-10-01 09:30:00,0.84669,0.84722,0.84644,0.84663,2026,18,0
2024-10-01 10:00:00,0.84665,0.84708,0.84567,0.84698,3600,18,0
2024-10-01 10:30:00,0.84699,0.84791,0.84653,0.84766,3168,18,0
2024-10-01 11:00:00,0.84765,0.84793,0.8469,0.84715,2793,18,0
2024-10-01 11:30:00,0.84715,0.84772,0.84637,0.84673,2452,18,0
2024-10-01 12:00:00,0.84673,0.84673,0.84535,0.84647,2215,18,0
2024-10-01 12:30:00,0.84646,0.84705,0.84604,0.84645,1926,18,0
2024-10-01 13:00:00,0.84646,0.84685,0.8462,0.84683,1661,18,0
2024-10-01 13:30:00,0.84683,0.84712,0.84666,0.84666,1348,18,0
2024-10-01 14:00:00,0.84666,0.84681,0.84591,0.84662,2252,18,0
2024-10-01 14:30:00,0.84663,0.84713,0.84619,0.84688,3098,18,0
2024-10-01 15:00:00,0.84687,0.84786,0.84662,0.84732,3352,18,0
2024-10-01 15:30:00,0.84732,0.84813,0.84709,0.84783,2205,18,0
2024-10-01 16:00:00,0.84783,0.84786,0.84676,0.84689,2173,18,0
2024-10-01 16:30:00,0.8469,0.84727,0.84358,0.84485,7165,18,0
2024-10-01 17:00:00,0.84485,0.8465,0.84304,0.84493,6345,18,0
2024-10-01 17:30:00,0.84494,0.84588,0.84391,0.84509,5173,18,0
2024-10-01 18:00:00,0.84512,0.84591,0.84453,0.84574,3356,18,0
2024-10-01 18:30:00,0.84572,0.84649,0.84513,0.8458,2817,18,0
2024-10-01 19:00:00,0.84579,0.84636,0.84537,0.84617,1841,18,0
2024-10-01 19:30:00,0.84618,0.8465,0.8454,0.84647,3119,18,0
2024-10-01 20:00:00,0.84647,0.84663,0.8454,0.84613,2451,18,0
2024-10-01 20:30:00,0.84613,0.84771,0.84594,0.8475,2728,18,0
2024-10-01 21:00:00,0.8475,0.84808,0.84745,0.84777,2034,18,0
2024-10-01 21:30:00,0.84776,0.84785,0.84647,0.84652,1367,18,0
2024-10-01 22:00:00,0.84652,0.84667,0.84597,0.84601,1506,18,0
2024-10-01 22:30:00,0.84602,0.84638,0.84586,0.84612,1477,18,0
2024-10-01 23:00:00,0.84612,0.8462,0.84584,0.84619,3506,19,0
2024-10-01 23:30:00,0.84618,0.84648,0.84606,0.8464,3527,25,0
2024-10-02 00:00:00,0.8464,0.8464,0.84492,0.84572,166,48,0
2024-10-02 00:30:00,0.84571,0.84652,0.84555,0.84578,296,49,0
2024-10-02 01:00:00,0.84584,0.84636,0.84584,0.84617,410,21,0
2024-10-02 01:30:00,0.84614,0.84619,0.84589,0.84606,451,19,0
2024-10-02 02:00:00,0.84607,0.84634,0.84601,0.84616,313,19,0
2024-10-02 02:30:00,0.84617,0.84639,0.84605,0.84613,611,18,0
2024-10-02 03:00:00,0.84611,0.8464,0.84568,0.84574,770,18,0
2024-10-02 03:30:00,0.84574,0.84622,0.84571,0.84601,938,18,0
2024-10-02 04:00:00,0.84599,0.84599,0.84538,0.84588,1044,19,0
2024-10-02 04:30:00,0.84589,0.84629,0.84563,0.84621,1157,18,0
2024-10-02 05:00:00,0.8462,0.84647,0.84597,0.84615,656,18,0
2024-10-02 05:30:00,0.84617,0.84643,0.84612,0.8462,619,19,0
2024-10-02 06:00:00,0.84621,0.84629,0.84593,0.84627,701,18,0
2024-10-02 06:30:00,0.84628,0.84683,0.84622,0.84657,709,18,0
2024-10-02 07:00:00,0.84656,0.84659,0.84624,0.8463,589,18,0
2024-10-02 07:30:00,0.84631,0.84644,0.84509,0.84558,1269,18,0
2024-10-02 08:00:00,0.84559,0.84616,0.8452,0.84534,1693,18,0
2024-10-02 08:30:00,0.84532,0.84567,0.84477,0.84553,1528,18,0
2024-10-02 09:00:00,0.84553,0.84623,0.84539,0.84595,1590,18,0
2024-10-02 09:30:00,0.84595,0.84633,0.84524,0.84555,2354,18,0
2024-10-02 10:00:00,0.84558,0.84599,0.8452,0.8454,2363,18,0
2024-10-02 10:30:00,0.84542,0.84593,0.84524,0.84559,1568,18,0
2024-10-02 11:00:00,0.84559,0.84591,0.84487,0.84535,1979,18,0
2024-10-02 11:30:00,0.84535,0.84631,0.84525,0.84631,1726,18,0
2024-10-02 12:00:00,0.84631,0.84675,0.84631,0.84654,1499,18,0
2024-10-02 12:30:00,0.84654,0.84688,0.84632,0.84671,1203,18,0
2024-10-02 13:00:00,0.8467,0.8468,0.8463,0.84631,1437,18,0
2024-10-02 13:30:00,0.84629,0.84874,0.84625,0.84827,2723,18,0
2024-10-02 14:00:00,0.84826,0.84854,0.84757,0.84804,2201,18,0
2024-10-02 14:30:00,0.84803,0.84853,0.84771,0.84773,1689,18,0
2024-10-02 15:00:00,0.84773,0.84961,0.84756,0.84961,3133,18,0
2024-10-02 15:30:00,0.84961,0.85053,0.84948,0.8503,2522,18,0
2024-10-02 16:00:00,0.85032,0.85042,0.84934,0.84968,2208,18,0
2024-10-02 16:30:00,0.84969,0.85031,0.84892,0.84939,3027,18,0
2024-10-02 17:00:00,0.84939,0.84989,0.8485,0.84947,2745,18,0
2024-10-02 17:30:00,0.84948,0.85069,0.84935,0.85047,3168,18,0
2024-10-02 18:00:00,0.85047,0.85054,0.84957,0.84989,2704,18,0
2024-10-02 18:30:00,0.8499,0.85007,0.84912,0.84949,2020,18,0
2024-10-02 19:00:00,0.84947,0.84977,0.84926,0.84969,1272,18,0
2024-10-02 19:30:00,0.8497,0.84985,0.84954,0.84958,1133,18,0
2024-10-02 20:00:00,0.84957,0.84969,0.84913,0.84952,1449,18,0
2024-10-02 20:30:00,0.84954,0.84955,0.84903,0.84936,1058,18,0
2024-10-02 21:00:00,0.84936,0.84986,0.8493,0.84962,947,18,0
2024-10-02 21:30:00,0.84961,0.84989,0.84959,0.84974,726,18,0
2024-10-02 22:00:00,0.84973,0.84985,0.84948,0.84958,615,18,0
2024-10-02 22:30:00,0.84958,0.84964,0.84895,0.84905,580,18,0
2024-10-02 23:00:00,0.84905,0.84932,0.84894,0.84925,901,18,0
2024-10-02 23:30:00,0.84924,0.84973,0.8492,0.84954,809,24,0
2024-10-03 00:00:00,0.84941,0.84965,0.84912,0.84921,101,67,0
2024-10-03 00:30:00,0.84921,0.84953,0.84896,0.84914,1045,39,0
2024-10-03 01:00:00,0.84911,0.84979,0.84897,0.84969,633,20,0
2024-10-03 01:30:00,0.8497,0.84994,0.84953,0.84978,820,19,0
2024-10-03 02:00:00,0.84978,0.84998,0.84964,0.84968,657,18,0
2024-10-03 02:30:00,0.8497,0.84992,0.84951,0.84986,1056,18,0
2024-10-03 03:00:00,0.84984,0.85049,0.8497,0.85043,1795,18,0
2024-10-03 03:30:00,0.85043,0.85069,0.85027,0.85065,1356,18,0
2024-10-03 04:00:00,0.85066,0.85106,0.85048,0.85055,1185,18,0
2024-10-03 04:30:00,0.85055,0.85077,0.85018,0.85022,1638,18,0
2024-10-03 05:00:00,0.85019,0.85052,0.85013,0.8504,875,19,0
2024-10-03 05:30:00,0.8504,0.85042,0.85001,0.85015,548,18,0
2024-10-03 06:00:00,0.85015,0.85056,0.85005,0.85036,546,19,0
2024-10-03 06:30:00,0.85035,0.85042,0.84974,0.84984,626,18,0
2024-10-03 07:00:00,0.84985,0.85014,0.84947,0.84952,670,18,0
2024-10-03 07:30:00,0.84953,0.84981,0.84934,0.84961,526,18,0
2024-10-03 08:00:00,0.84959,0.85003,0.84947,0.84984,1462,18,0
2024-10-03 08:30:00,0.84984,0.85002,0.84935,0.84957,1633,18,0
2024-10-03 09:00:00,0.84965,0.85213,0.8496,0.85213,2156,18,0
2024-10-03 09:30:00,0.85216,0.85348,0.85133,0.85325,3847,18,0
2024-10-03 10:00:00,0.85325,0.85369,0.85227,0.85246,3717,18,0
2024-10-03 10:30:00,0.85247,0.85291,0.85166,0.85193,3211,18,0
2024-10-03 11:00:00,0.85196,0.85216,0.85092,0.85121,2485,18,0
2024-10-03 11:30:00,0.85121,0.85165,0.85056,0.85065,2134,18,0
2024-10-03 12:00:00,0.85063,0.85156,0.85029,0.85151,2183,18,0
2024-10-03 12:30:00,0.85152,0.85165,0.85086,0.85143,2167,18,0
2024-10-03 13:00:00,0.85144,0.85174,0.85048,0.85048,1728,18,0
2024-10-03 13:30:00,0.85047,0.85088,0.85016,0.85021,1457,18,0
2024-10-03 14:00:00,0.85024,0.85065,0.84956,0.84959,1598,18,0
2024-10-03 14:30:00,0.84958,0.84989,0.84913,0.84978,2057,18,0
2024-10-03 15:00:00,0.8498,0.85037,0.84966,0.84997,2440,18,0
2024-10-03 15:30:00,0.84997,0.85068,0.84881,0.85047,4047,18,0
2024-10-03 16:00:00,0.8505,0.85087,0.85013,0.85034,2511,18,0
2024-10-03 16:30:00,0.85033,0.85139,0.85013,0.85063,3377,18,0
2024-10-03 17:00:00,0.85064,0.85341,0.85064,0.85175,7786,18,0
2024-10-03 17:30:00,0.85175,0.85386,0.85163,0.85328,5430,18,0
2024-10-03 18:00:00,0.85329,0.85348,0.85243,0.85345,3108,18,0
2024-10-03 18:30:00,0.85346,0.85418,0.85312,0.85391,2098,18,0
2024-10-03 19:00:00,0.8539,0.85418,0.85303,0.85317,1509,18,0
2024-10-03 19:30:00,0.85318,0.85346,0.85235,0.85238,1665,18,0
2024-10-03 20:00:00,0.85238,0.85271,0.85199,0.85244,1129,18,0
2024-10-03 20:30:00,0.85245,0.85248,0.85185,0.85232,1131,18,0
2024-10-03 21:00:00,0.85232,0.85263,0.85215,0.85221,1100,18,0
2024-10-03 21:30:00,0.85222,0.85293,0.8522,0.85287,920,18,0
2024-10-03 22:00:00,0.85286,0.853,0.8525,0.85258,1008,18,0
2024-10-03 22:30:00,0.85259,0.85276,0.85252,0.85267,1129,18,0
2024-10-03 23:00:00,0.85267,0.8528,0.85241,0.85247,848,18,0
2024-10-03 23:30:00,0.85246,0.85286,0.85214,0.85214,882,24,0
2024-10-04 00:00:00,0.85246,0.8525,0.85154,0.8519,153,75,0
2024-10-04 00:30:00,0.8519,0.85229,0.85172,0.85181,942,64,0
2024-10-04 01:00:00,0.85182,0.85251,0.85182,0.85219,271,19,0
2024-10-04 01:30:00,0.85221,0.85224,0.85203,0.85204,160,18,0
2024-10-04 02:00:00,0.85207,0.85207,0.85185,0.85186,237,18,0
2024-10-04 02:30:00,0.85187,0.85199,0.8516,0.85173,720,18,0
2024-10-04 03:00:00,0.85175,0.85188,0.85147,0.85159,836,18,0
2024-10-04 03:30:00,0.85159,0.85199,0.85156,0.85175,978,18,0
2024-10-04 04:00:00,0.85176,0.85216,0.8516,0.85214,919,18,0
2024-10-04 04:30:00,0.85215,0.85217,0.8517,0.85187,951,18,0
2024-10-04 05:00:00,0.85189,0.85194,0.85165,0.85186,711,18,0
2024-10-04 05:30:00,0.85187,0.85192,0.8515,0.8516,778,18,0
2024-10-04 06:00:00,0.85158,0.85183,0.85142,0.85165,562,18,0
2024-10-04 06:30:00,0.8517,0.85179,0.85145,0.85151,505,18,0
2024-10-04 07:00:00,0.85149,0.85162,0.851,0.85116,567,18,0
2024-10-04 07:30:00,0.85115,0.85131,0.85103,0.85115,540,19,0
2024-10-04 08:00:00,0.85114,0.85119,0.85073,0.85074,661,18,0
2024-10-04 08:30:00,0.85074,0.8508,0.85026,0.85058,676,18,0
2024-10-04 09:00:00,0.8506,0.85075,0.84997,0.85002,1784,18,0
2024-10-04 09:30:00,0.85003,0.85079,0.84991,0.85067,1535,18,0
2024-10-04 10:00:00,0.85069,0.85155,0.85042,0.85138,1966,18,0
2024-10-04 10:30:00,0.8514,0.85224,0.85131,0.85192,2109,18,0
2024-10-04 11:00:00,0.85193,0.85247,0.85168,0.85228,1707,18,0
2024-10-04 11:30:00,0.85229,0.8524,0.85145,0.85146,1161,18,0
2024-10-04 12:00:00,0.8515,0.85244,0.8515,0.85216,1446,18,0
2024-10-04 12:30:00,0.85215,0.85254,0.85201,0.85247,1276,18,0
2024-10-04 13:00:00,0.85247,0.85268,0.85198,0.85199,783,18,0
2024-10-04 13:30:00,0.85198,0.85235,0.8515,0.85155,1079,18,0
2024-10-04 14:00:00,0.85154,0.85186,0.85122,0.85131,1071,18,0
2024-10-04 14:30:00,0.85131,0.85156,0.85099,0.85141,1142,18,0
2024-10-04 15:00:00,0.85143,0.85197,0.85119,0.85131,2399,18,0
2024-10-04 15:30:00,0.85133,0.85992,0.85131,0.85973,8736,18,0
2024-10-04 16:00:00,0.85973,0.86071,0.85884,0.86041,4779,18,0
2024-10-04 16:30:00,0.8604,0.8605,0.85817,0.85845,4860,18,0
2024-10-04 17:00:00,0.85843,0.85911,0.85794,0.85884,3865,18,0
2024-10-04 17:30:00,0.85884,0.85907,0.85833,0.85872,4264,18,0
2024-10-04 18:00:00,0.85873,0.85984,0.8584,0.85984,2835,18,0
2024-10-04 18:30:00,0.85985,0.85985,0.85859,0.85881,2684,18,0
2024-10-04 19:00:00,0.85881,0.85974,0.85864,0.85965,2054,18,0
2024-10-04 19:30:00,0.85966,0.85977,0.85914,0.85932,1509,18,0
2024-10-04 20:00:00,0.85932,0.85933,0.85833,0.85874,1471,18,0
2024-10-04 20:30:00,0.85875,0.8589,0.85829,0.85855,1111,18,0
2024-10-04 21:00:00,0.85852,0.85884,0.85844,0.85857,896,18,0
2024-10-04 21:30:00,0.85859,0.85867,0.85829,0.85844,631,18,0
2024-10-04 22:00:00,0.8584,0.85877,0.85835,0.85865,713,18,0
2024-10-04 22:30:00,0.85865,0.85866,0.85829,0.85836,985,18,0
2024-10-04 23:00:00,0.85837,0.85845,0.85806,0.8582,863,20,0
2024-10-04 23:30:00,0.85819,0.85823,0.85766,0.85781,755,24,0
2024-10-07 00:00:00,0.85821,0.85859,0.85821,0.85858,34,120,0
2024-10-07 00:30:00,0.8586,0.85874,0.85811,0.85872,443,120,0
2024-10-07 01:00:00,0.85867,0.85968,0.85836,0.85924,1122,19,0
2024-10-07 01:30:00,0.85926,0.85934,0.85886,0.8591,574,20,0
2024-10-07 02:00:00,0.8591,0.85946,0.85899,0.85905,539,18,0
2024-10-07 02:30:00,0.85903,0.8591,0.85857,0.85866,592,18,0
2024-10-07 03:00:00,0.85862,0.85877,0.85812,0.85814,1478,18,0
2024-10-07 03:30:00,0.85815,0.85865,0.85778,0.8583,1131,19,0
2024-10-07 04:00:00,0.85829,0.85837,0.85781,0.8581,1353,18,0
2024-10-07 04:30:00,0.85811,0.85813,0.85749,0.8576,1471,18,0
2024-10-07 05:00:00,0.85763,0.85773,0.85719,0.85739,940,18,0
2024-10-07 05:30:00,0.8574,0.85773,0.85725,0.8577,626,18,0
2024-10-07 06:00:00,0.8577,0.8579,0.85753,0.85764,616,18,0
2024-10-07 06:30:00,0.85763,0.85778,0.85752,0.85758,516,19,0
2024-10-07 07:00:00,0.85759,0.85768,0.85744,0.85765,377,18,0
2024-10-07 07:30:00,0.85764,0.85767,0.8574,0.85761,487,18,0
2024-10-07 08:00:00,0.85762,0.85808,0.85758,0.85808,850,18,0
2024-10-07 08:30:00,0.85807,0.85809,0.85755,0.85775,726,18,0
2024-10-07 09:00:00,0.85775,0.85843,0.85754,0.85831,1711,18,0
2024-10-07 09:30:00,0.85831,0.85866,0.858,0.85821,1715,18,0
2024-10-07 10:00:00,0.85824,0.85895,0.85788,0.85854,2491,18,0
2024-10-07 10:30:00,0.85853,0.85857,0.85732,0.85747,2148,18,0
2024-10-07 11:00:00,0.85748,0.85769,0.85708,0.85727,1771,18,0
2024-10-07 11:30:00,0.85725,0.85838,0.857,0.85799,1535,18,0
2024-10-07 12:00:00,0.858,0.85851,0.85787,0.85822,1713,18,0
2024-10-07 12:30:00,0.85821,0.85833,0.85715,0.85739,1605,18,0
2024-10-07 13:00:00,0.85736,0.85736,0.85665,0.85715,1366,18,0
2024-10-07 13:30:00,0.85716,0.85758,0.85704,0.85732,1218,18,0
2024-10-07 14:00:00,0.85733,0.85746,0.85628,0.85648,1587,18,0
2024-10-07 14:30:00,0.85647,0.85647,0.85488,0.85512,1921,18,0
2024-10-07 15:00:00,0.85513,0.85528,0.85439,0.85516,2264,18,0
2024-10-07 15:30:00,0.85518,0.85524,0.85381,0.85438,2559,18,0
2024-10-07 16:00:00,0.8544,0.85481,0.85367,0.85443,2990,18,0
2024-10-07 16:30:00,0.85446,0.85464,0.8534,0.85343,3193,18,0
2024-10-07 17:00:00,0.85343,0.85545,0.85333,0.85526,3163,18,0
2024-10-07 17:30:00,0.85527,0.85645,0.855,0.856,2908,18,0
2024-10-07 18:00:00,0.856,0.85601,0.85504,0.85518,2645,18,0
2024-10-07 18:30:00,0.85518,0.85551,0.85474,0.85539,1724,18,0
2024-10-07 19:00:00,0.85539,0.85539,0.8541,0.85458,1603,18,0
2024-10-07 19:30:00,0.85459,0.85464,0.85376,0.85383,964,18,0
2024-10-07 20:00:00,0.85384,0.85433,0.85371,0.85403,748,18,0
2024-10-07 20:30:00,0.85403,0.8541,0.85358,0.85405,994,18,0
2024-10-07 21:00:00,0.85406,0.85443,0.85403,0.85435,739,18,0
2024-10-07 21:30:00,0.85436,0.85437,0.85375,0.85383,952,18,0
2024-10-07 22:00:00,0.85385,0.85432,0.85382,0.85413,1303,18,0
2024-10-07 22:30:00,0.8541,0.85426,0.85394,0.85398,996,18,0
2024-10-07 23:00:00,0.85402,0.85413,0.85378,0.854,462,19,0
2024-10-07 23:30:00,0.85399,0.85448,0.85374,0.85374,538,24,0
2024-10-08 00:00:00,0.85375,0.85626,0.85362,0.85391,43,75,0
2024-10-08 00:30:00,0.8539,0.8542,0.85377,0.85412,1073,53,0
2024-10-08 01:00:00,0.85416,0.85428,0.85399,0.85415,270,23,0
2024-10-08 01:30:00,0.85415,0.85431,0.853,0.85312,1276,18,0
2024-10-08 02:00:00,0.85313,0.85412,0.85312,0.85405,929,18,0
2024-10-08 02:30:00,0.85404,0.85454,0.85386,0.85445,784,18,0
2024-10-08 03:00:00,0.85447,0.85476,0.85404,0.85424,1368,18,0
2024-10-08 03:30:00,0.85422,0.85438,0.85381,0.85386,1162,18,0
2024-10-08 04:00:00,0.85386,0.85424,0.85367,0.85402,1039,18,0
2024-10-08 04:30:00,0.85404,0.85411,0.85341,0.85374,1666,18,0
2024-10-08 05:00:00,0.85373,0.85378,0.85306,0.85375,1216,18,0
2024-10-08 05:30:00,0.85374,0.85386,0.85318,0.85353,1730,19,0
2024-10-08 06:00:00,0.85354,0.85369,0.85293,0.85364,1048,18,0
2024-10-08 06:30:00,0.85364,0.85377,0.85343,0.85376,759,18,0
2024-10-08 07:00:00,0.85374,0.85395,0.85358,0.85379,522,18,0
2024-10-08 07:30:00,0.8538,0.85402,0.85378,0.85398,329,18,0
2024-10-08 08:00:00,0.85399,0.85416,0.85352,0.85397,1131,18,0
2024-10-08 08:30:00,0.85397,0.85408,0.85344,0.85375,1178,18,0
2024-10-08 09:00:00,0.85371,0.85404,0.85325,0.85347,1864,18,0
2024-10-08 09:30:00,0.85348,0.8536,0.85293,0.8536,1483,18,0
2024-10-08 10:00:00,0.85361,0.85393,0.85311,0.85356,2457,18,0
2024-10-08 10:30:00,0.85355,0.85403,0.85295,0.85367,2242,18,0
2024-10-08 11:00:00,0.85367,0.85439,0.85338,0.85411,1959,18,0
2024-10-08 11:30:00,0.85411,0.85511,0.85408,0.85439,1533,18,0
2024-10-08 12:00:00,0.85438,0.85585,0.85438,0.85528,1698,18,0
2024-10-08 12:30:00,0.85526,0.85567,0.85441,0.85521,1710,18,0
2024-10-08 13:00:00,0.85522,0.85607,0.85519,0.85598,1381,18,0
2024-10-08 13:30:00,0.85599,0.85677,0.85572,0.85612,1602,18,0
2024-10-08 14:00:00,0.85614,0.85638,0.85558,0.85603,1475,18,0
2024-10-08 14:30:00,0.85603,0.85652,0.85579,0.85649,1246,18,0
2024-10-08 15:00:00,0.85649,0.85769,0.85621,0.85764,1998,18,0
2024-10-08 15:30:00,0.85764,0.85788,0.85693,0.85693,2303,18,0
2024-10-08 16:00:00,0.85697,0.85697,0.8561,0.85641,2221,18,0
2024-10-08 16:30:00,0.85641,0.85699,0.85598,0.85671,2462,18,0
2024-10-08 17:00:00,0.85672,0.85708,0.85601,0.85669,1940,18,0
2024-10-08 17:30:00,0.85668,0.85777,0.85667,0.85765,2291,18,0
2024-10-08 18:00:00,0.85765,0.85797,0.85723,0.85768,1795,18,0
2024-10-08 18:30:00,0.85768,0.85832,0.85748,0.85753,1655,18,0
2024-10-08 19:00:00,0.85752,0.85756,0.85683,0.85732,1148,18,0
2024-10-08 19:30:00,0.85732,0.85741,0.85709,0.85726,769,18,0
2024-10-08 20:00:00,0.85728,0.85786,0.85723,0.85734,1606,18,0
2024-10-08 20:30:00,0.85733,0.85769,0.85707,0.85747,799,18,0
2024-10-08 21:00:00,0.85747,0.85778,0.85721,0.85767,796,18,0
2024-10-08 21:30:00,0.85768,0.85802,0.85755,0.85782,985,18,0
2024-10-08 22:00:00,0.85783,0.85814,0.85763,0.85787,750,18,0
2024-10-08 22:30:00,0.85788,0.85806,0.85762,0.8577,769,18,0
2024-10-08 23:00:00,0.85771,0.85776,0.8572,0.8572,456,18,0
2024-10-08 23:30:00,0.85716,0.8573,0.85673,0.85713,722,26,0
2024-10-09 00:00:00,0.8569,0.85713,0.85635,0.85689,143,61,0
2024-10-09 00:30:00,0.85694,0.85723,0.85664,0.85713,1215,44,0
2024-10-09 01:00:00,0.85702,0.85715,0.85688,0.85709,216,19,0
2024-10-09 01:30:00,0.85709,0.85709,0.85692,0.85692,766,18,0
2024-10-09 02:00:00,0.8569,0.85737,0.85689,0.85723,470,19,0
2024-10-09 02:30:00,0.85725,0.85738,0.85716,0.85727,433,19,0
2024-10-09 03:00:00,0.85728,0.8574,0.85689,0.85706,644,18,0
2024-10-09 03:30:00,0.85705,0.85749,0.85693,0.85748,696,18,0
2024-10-09 04:00:00,0.8575,0.85799,0.85726,0.85766,1303,18,0
2024-10-09 04:30:00,0.85766,0.85784,0.85723,0.85731,1187,18,0
2024-10-09 05:00:00,0.85732,0.85736,0.85699,0.85729,1050,18,0
2024-10-09 05:30:00,0.8573,0.85742,0.85705,0.85733,925,18,0
2024-10-09 06:00:00,0.85733,0.85755,0.85717,0.85747,548,19,0
2024-10-09 06:30:00,0.85748,0.85783,0.85742,0.85773,592,18,0
2024-10-09 07:00:00,0.85773,0.85805,0.85767,0.85793,651,18,0
2024-10-09 07:30:00,0.85793,0.85804,0.85782,0.85789,308,18,0
2024-10-09 08:00:00,0.85789,0.85815,0.85749,0.85802,1833,18,0
2024-10-09 08:30:00,0.85802,0.85809,0.85764,0.85784,1510,18,0
2024-10-09 09:00:00,0.85776,0.85788,0.85755,0.85767,926,18,0
2024-10-09 09:30:00,0.85767,0.85786,0.85717,0.8574,1195,18,0
2024-10-09 10:00:00,0.85741,0.85782,0.85714,0.85723,1775,18,0
2024-10-09 10:30:00,0.85723,0.85729,0.85666,0.85705,1487,18,0
2024-10-09 11:00:00,0.85704,0.85722,0.85644,0.8572,1260,18,0
2024-10-09 11:30:00,0.85722,0.85754,0.85715,0.85748,1574,18,0
2024-10-09 12:00:00,0.85748,0.8577,0.85698,0.85716,1472,18,0
2024-10-09 12:30:00,0.85716,0.85719,0.85657,0.85676,1013,18,0
2024-10-09 13:00:00,0.85676,0.85707,0.85655,0.85686,911,18,0
2024-10-09 13:30:00,0.85687,0.85716,0.85666,0.85703,958,18,0
2024-10-09 14:00:00,0.85702,0.85745,0.85691,0.85693,917,18,0
2024-10-09 14:30:00,0.85693,0.858,0.85692,0.85793,1132,18,0
2024-10-09 15:00:00,0.85793,0.85853,0.85735,0.85838,1577,18,0
2024-10-09 15:30:00,0.85838,0.85868,0.85786,0.85825,1428,18,0
2024-10-09 16:00:00,0.85823,0.85883,0.85791,0.85853,1485,18,0
2024-10-09 16:30:00,0.85853,0.85875,0.85813,0.85843,1675,18,0
2024-10-09 17:00:00,0.85843,0.85906,0.8582,0.85893,1852,18,0
2024-10-09 17:30:00,0.85893,0.85977,0.85879,0.85918,2069,18,0
2024-10-09 18:00:00,0.85917,0.85932,0.85872,0.85894,1842,18,0
2024-10-09 18:30:00,0.85894,0.85978,0.85894,0.85946,1351,18,0
2024-10-09 19:00:00,0.85945,0.86001,0.85945,0.85978,924,18,0
2024-10-09 19:30:00,0.85979,0.86013,0.85959,0.85989,887,18,0
2024-10-09 20:00:00,0.85989,0.85989,0.85955,0.85973,949,18,0
2024-10-09 20:30:00,0.85975,0.86039,0.85969,0.86021,679,18,0
2024-10-09 21:00:00,0.8602,0.86055,0.86,0.86016,1220,18,0
2024-10-09 21:30:00,0.86015,0.86087,0.86011,0.86076,930,18,0
2024-10-09 22:00:00,0.86075,0.86077,0.86019,0.86039,846,18,0
2024-10-09 22:30:00,0.86039,0.86069,0.86035,0.86054,962,18,0
2024-10-09 23:00:00,0.86056,0.8609,0.86054,0.86066,362,18,0
2024-10-09 23:30:00,0.86065,0.86089,0.86021,0.86025,637,24,0
2024-10-10 00:00:00,0.86008,0.86031,0.85996,0.86021,36,79,0
2024-10-10 00:30:00,0.86021,0.86052,0.86021,0.86042,389,47,0
2024-10-10 01:00:00,0.86042,0.86069,0.86011,0.86064,877,19,0
2024-10-10 01:30:00,0.86065,0.86068,0.86047,0.8605,502,19,0
2024-10-10 02:00:00,0.8605,0.86068,0.86049,0.86063,297,20,0
2024-10-10 02:30:00,0.86063,0.86067,0.86038,0.86041,556,18,0
2024-10-10 03:00:00,0.86043,0.86048,0.86007,0.86017,708,18,0
2024-10-10 03:30:00,0.86016,0.86051,0.86014,0.86043,1014,18,0
2024-10-10 04:00:00,0.86044,0.86056,0.8601,0.86042,563,19,0
2024-10-10 04:30:00,0.86042,0.86048,0.86002,0.86025,816,19,0
2024-10-10 05:00:00,0.86025,0.86057,0.86017,0.86029,1103,19,0
2024-10-10 05:30:00,0.86028,0.8603,0.86003,0.86028,750,18,0
2024-10-10 06:00:00,0.86029,0.86033,0.86,0.86013,751,19,0
2024-10-10 06:30:00,0.86015,0.86042,0.86011,0.86035,704,18,0
2024-10-10 07:00:00,0.86036,0.86049,0.86026,0.86049,669,19,0
2024-10-10 07:30:00,0.86051,0.86075,0.86051,0.86065,493,18,0
2024-10-10 08:00:00,0.86064,0.86093,0.86039,0.86041,619,19,0
2024-10-10 08:30:00,0.86041,0.86063,0.85986,0.86014,887,18,0
2024-10-10 09:00:00,0.86019,0.86028,0.85946,0.85953,1234,18,0
2024-10-10 09:30:00,0.85953,0.85967,0.85926,0.85932,1223,18,0
2024-10-10 10:00:00,0.85931,0.85961,0.85896,0.8593,1359,18,0
2024-10-10 10:30:00,0.85929,0.85991,0.85904,0.85991,1011,18,0
2024-10-10 11:00:00,0.85991,0.8612,0.8599,0.86081,1245,18,0
2024-10-10 11:30:00,0.8608,0.86089,0.86038,0.86039,1067,18,0
2024-10-10 12:00:00,0.86039,0.86058,0.85971,0.85983,883,18,0
2024-10-10 12:30:00,0.85984,0.85994,0.8595,0.85967,909,18,0
2024-10-10 13:00:00,0.85968,0.85979,0.8594,0.8594,784,18,0
2024-10-10 13:30:00,0.85941,0.85941,0.85837,0.85842,1069,18,0
2024-10-10 14:00:00,0.85842,0.8598,0.8583,0.85959,1100,18,0
2024-10-10 14:30:00,0.85958,0.85986,0.85923,0.8593,1569,18,0
2024-10-10 15:00:00,0.85928,0.85934,0.85804,0.8581,2408,18,0
2024-10-10 15:30:00,0.85807,0.86132,0.85568,0.85744,9026,18,0
2024-10-10 16:00:00,0.85745,0.85788,0.85666,0.85777,4950,18,0
2024-10-10 16:30:00,0.85776,0.85831,0.85706,0.85773,4288,18,0
2024-10-10 17:00:00,0.85775,0.85778,0.85667,0.85773,4604,18,0
2024-10-10 17:30:00,0.85773,0.85854,0.85733,0.85801,3571,18,0
2024-10-10 18:00:00,0.85803,0.85832,0.85621,0.85634,3190,18,0
2024-10-10 18:30:00,0.85634,0.85738,0.85594,0.85725,2141,18,0
2024-10-10 19:00:00,0.85725,0.85745,0.85625,0.85631,1447,18,0
2024-10-10 19:30:00,0.85634,0.85849,0.85616,0.85777,2940,18,0
2024-10-10 20:00:00,0.85773,0.85773,0.85632,0.85667,2472,18,0
2024-10-10 20:30:00,0.85666,0.8568,0.8563,0.85675,1334,18,0
2024-10-10 21:00:00,0.85675,0.85694,0.85652,0.85677,1098,18,0
2024-10-10 21:30:00,0.85679,0.8572,0.85642,0.85709,1008,18,0
2024-10-10 22:00:00,0.85708,0.85725,0.85668,0.85682,1023,18,0
2024-10-10 22:30:00,0.85679,0.85679,0.8563,0.85643,996,18,0
2024-10-10 23:00:00,0.85641,0.85645,0.85596,0.85607,991,18,0
2024-10-10 23:30:00,0.85606,0.85778,0.85581,0.85634,426,24,0
2024-10-11 00:00:00,0.85636,0.85778,0.8557,0.85581,21,92,0
2024-10-11 00:30:00,0.85584,0.85615,0.85575,0.8559,1544,46,0
2024-10-11 01:00:00,0.85595,0.85644,0.85588,0.85643,1005,20,0
2024-10-11 01:30:00,0.85644,0.85658,0.85634,0.85652,814,18,0
2024-10-11 02:00:00,0.8565,0.85673,0.85643,0.85651,913,19,0
2024-10-11 02:30:00,0.85651,0.85662,0.8564,0.85654,524,18,0
2024-10-11 03:00:00,0.85654,0.85685,0.85649,0.85669,1282,18,0
2024-10-11 03:30:00,0.85669,0.85679,0.85625,0.85635,918,18,0
2024-10-11 04:00:00,0.85634,0.8568,0.85627,0.8567,1070,18,0
2024-10-11 04:30:00,0.85668,0.8573,0.85666,0.85723,1152,18,0
2024-10-11 05:00:00,0.85723,0.85739,0.85694,0.85712,621,18,0
2024-10-11 05:30:00,0.85711,0.85718,0.85672,0.85683,856,19,0
2024-10-11 06:00:00,0.85683,0.85693,0.85661,0.85674,579,18,0
2024-10-11 06:30:00,0.85675,0.857,0.85664,0.85676,381,19,0
2024-10-11 07:00:00,0.85675,0.85697,0.85665,0.85687,460,18,0
2024-10-11 07:30:00,0.85687,0.85703,0.85686,0.857,505,18,0
2024-10-11 08:00:00,0.857,0.85718,0.85687,0.85709,407,19,0
2024-10-11 08:30:00,0.85709,0.85716,0.85678,0.85713,392,18,0
2024-10-11 09:00:00,0.8571,0.85767,0.85702,0.85733,994,18,0
2024-10-11 09:30:00,0.85732,0.85778,0.85692,0.85697,1396,18,0
2024-10-11 10:00:00,0.85698,0.85772,0.85687,0.8569,1866,18,0
2024-10-11 10:30:00,0.8569,0.85707,0.85636,0.85652,1485,18,0
2024-10-11 11:00:00,0.85652,0.85691,0.85638,0.85665,1205,18,0
2024-10-11 11:30:00,0.85666,0.85678,0.85579,0.85602,1012,18,0
2024-10-11 12:00:00,0.85602,0.85678,0.85594,0.85673,984,18,0
2024-10-11 12:30:00,0.85674,0.85739,0.85668,0.85733,1017,18,0
2024-10-11 13:00:00,0.85733,0.85791,0.85728,0.85772,772,18,0
2024-10-11 13:30:00,0.85775,0.85804,0.85755,0.85796,1006,18,0
2024-10-11 14:00:00,0.85795,0.85812,0.85736,0.85753,1089,18,0
2024-10-11 14:30:00,0.85753,0.85777,0.85716,0.85737,1296,18,0
2024-10-11 15:00:00,0.85738,0.85743,0.85681,0.85707,1485,18,0
2024-10-11 15:30:00,0.85704,0.85836,0.85621,0.85745,4536,18,0
2024-10-11 16:00:00,0.85746,0.85813,0.85715,0.85756,2038,18,0
2024-10-11 16:30:00,0.85756,0.85797,0.85691,0.85765,2183,18,0
2024-10-11 17:00:00,0.85762,0.85832,0.85696,0.8573,2991,18,0
2024-10-11 17:30:00,0.85731,0.8575,0.85684,0.85722,2398,18,0
2024-10-11 18:00:00,0.85721,0.85749,0.85695,0.85704,1529,18,0
2024-10-11 18:30:00,0.85703,0.85752,0.85672,0.85735,1275,18,0
2024-10-11 19:00:00,0.85734,0.85734,0.85663,0.85682,964,18,0
2024-10-11 19:30:00,0.8568,0.85691,0.85619,0.85626,993,18,0
2024-10-11 20:00:00,0.85624,0.85676,0.85616,0.85674,646,18,0
2024-10-11 20:30:00,0.85674,0.85693,0.85651,0.85652,566,18,0
2024-10-11 21:00:00,0.85653,0.85688,0.85653,0.85673,503,19,0
2024-10-11 21:30:00,0.85673,0.85691,0.85662,0.85691,477,18,0
2024-10-11 22:00:00,0.85691,0.85715,0.85666,0.85708,383,18,0
2024-10-11 22:30:00,0.85708,0.85726,0.85696,0.85713,560,18,0
2024-10-11 23:00:00,0.85717,0.8574,0.85703,0.85715,415,19,0
2024-10-11 23:30:00,0.85716,0.85729,0.85696,0.85705,447,24,0
2024-10-14 00:00:00,0.85655,0.85728,0.85638,0.85698,45,120,0
2024-10-14 00:30:00,0.8569,0.85722,0.85653,0.85722,314,64,0
2024-10-14 01:00:00,0.85728,0.85764,0.85709,0.85758,984,18,0
2024-10-14 01:30:00,0.85757,0.85801,0.85751,0.85799,541,19,0
2024-10-14 02:00:00,0.85799,0.85819,0.85783,0.85793,984,20,0
2024-10-14 02:30:00,0.85793,0.85827,0.85793,0.85817,745,21,0
2024-10-14 03:00:00,0.85817,0.85847,0.85788,0.85804,629,18,0
2024-10-14 03:30:00,0.85805,0.85823,0.85789,0.85821,538,19,0
2024-10-14 04:00:00,0.85825,0.85837,0.85808,0.85811,596,18,0
2024-10-14 04:30:00,0.85812,0.85833,0.85796,0.85826,830,19,0
2024-10-14 05:00:00,0.85825,0.85849,0.85805,0.85815,931,18,0
2024-10-14 05:30:00,0.85815,0.85829,0.85802,0.8582,495,18,0
2024-10-14 06:00:00,0.8582,0.85831,0.85807,0.85813,259,18,0
2024-10-14 06:30:00,0.85815,0.85829,0.85804,0.85826,323,19,0
2024-10-14 07:00:00,0.85826,0.85837,0.85816,0.85822,152,19,0
2024-10-14 07:30:00,0.85821,0.85827,0.85809,0.85816,168,19,0
2024-10-14 08:00:00,0.85815,0.85832,0.85808,0.85816,436,19,0
2024-10-14 08:30:00,0.85816,0.85822,0.85798,0.85816,750,18,0
2024-10-14 09:00:00,0.85816,0.85826,0.85799,0.85813,717,18,0
2024-10-14 09:30:00,0.85811,0.85846,0.85811,0.85839,644,18,0
2024-10-14 10:00:00,0.85839,0.85976,0.85839,0.85974,1353,18,0
2024-10-14 10:30:00,0.85974,0.86016,0.859,0.8593,1278,18,0
2024-10-14 11:00:00,0.8593,0.85977,0.85916,0.85955,946,18,0
2024-10-14 11:30:00,0.85955,0.86002,0.85931,0.85976,913,18,0
2024-10-14 12:00:00,0.85977,0.85991,0.85926,0.85943,679,18,0
2024-10-14 12:30:00,0.85944,0.85991,0.85944,0.85988,808,18,0
2024-10-14 13:00:00,0.85989,0.86007,0.85964,0.85996,633,18,0
2024-10-14 13:30:00,0.85996,0.86078,0.8599,0.86068,749,18,0
2024-10-14 14:00:00,0.86068,0.86237,0.86053,0.8621,1115,18,0
2024-10-14 14:30:00,0.8621,0.86285,0.86136,0.86172,1608,18,0
2024-10-14 15:00:00,0.86174,0.86287,0.86169,0.86235,1598,18,0
2024-10-14 15:30:00,0.86235,0.86304,0.86213,0.86299,1433,18,0
2024-10-14 16:00:00,0.86305,0.86381,0.86277,0.8632,1312,18,0
2024-10-14 16:30:00,0.8632,0.86349,0.86191,0.86283,2422,18,0
2024-10-14 17:00:00,0.86282,0.86397,0.86282,0.86394,1657,18,0
2024-10-14 17:30:00,0.86393,0.86407,0.86286,0.863,1705,18,0
2024-10-14 18:00:00,0.863,0.86341,0.86281,0.86311,1198,18,0
2024-10-14 18:30:00,0.86312,0.86368,0.86291,0.86355,828,18,0
2024-10-14 19:00:00,0.86356,0.86392,0.86333,0.86377,590,18,0
2024-10-14 19:30:00,0.86378,0.86382,0.8632,0.86325,703,18,0
2024-10-14 20:00:00,0.86326,0.86336,0.86303,0.86313,438,18,0
2024-10-14 20:30:00,0.86312,0.86316,0.86273,0.86299,456,18,0
2024-10-14 21:00:00,0.86301,0.86311,0.86273,0.86296,484,18,0
2024-10-14 21:30:00,0.86299,0.86355,0.86294,0.86354,487,18,0
2024-10-14 22:00:00,0.86353,0.86385,0.86247,0.8627,1295,18,0
2024-10-14 22:30:00,0.8627,0.86274,0.86243,0.86248,582,18,0
2024-10-14 23:00:00,0.86248,0.8626,0.86218,0.86234,286,20,0
2024-10-14 23:30:00,0.86232,0.86268,0.86215,0.86232,693,24,0
2024-10-15 00:00:00,0.86232,0.86233,0.86142,0.86225,32,51,0
2024-10-15 00:30:00,0.86225,0.86252,0.8622,0.86242,382,29,0
2024-10-15 01:00:00,0.86244,0.86276,0.86241,0.86259,377,21,0
2024-10-15 01:30:00,0.86258,0.86269,0.86238,0.86245,238,20,0
2024-10-15 02:00:00,0.86241,0.86256,0.86205,0.86214,524,18,0
2024-10-15 02:30:00,0.86213,0.86248,0.86213,0.86228,521,18,0
2024-10-15 03:00:00,0.86231,0.86241,0.86175,0.86179,1280,18,0
2024-10-15 03:30:00,0.86178,0.86193,0.8615,0.86161,881,18,0
2024-10-15 04:00:00,0.86162,0.86169,0.86143,0.86149,1047,19,0
2024-10-15 04:30:00,0.86148,0.86184,0.86143,0.86153,775,18,0
2024-10-15 05:00:00,0.86157,0.86205,0.86143,0.86205,682,18,0
2024-10-15 05:30:00,0.86203,0.86261,0.86199,0.86242,560,18,0
2024-10-15 06:00:00,0.86243,0.86286,0.86241,0.86259,596,18,0
2024-10-15 06:30:00,0.86258,0.86324,0.86257,0.86324,360,18,0
2024-10-15 07:00:00,0.86324,0.86359,0.86318,0.86347,315,18,0
2024-10-15 07:30:00,0.86347,0.86349,0.86327,0.86348,261,18,0
2024-10-15 08:00:00,0.86348,0.86357,0.86315,0.86338,488,18,0
2024-10-15 08:30:00,0.86339,0.86339,0.8628,0.86294,879,18,0
2024-10-15 09:00:00,0.863,0.86303,0.8623,0.86244,1293,18,0
2024-10-15 09:30:00,0.86244,0.86267,0.86205,0.86232,1742,18,0
2024-10-15 10:00:00,0.86232,0.86248,0.86166,0.86183,1623,18,0
2024-10-15 10:30:00,0.86183,0.86257,0.8617,0.86225,1244,18,0
2024-10-15 11:00:00,0.86224,0.86224,0.86132,0.86183,1481,18,0
2024-10-15 11:30:00,0.86183,0.86204,0.86128,0.86139,1406,18,0
2024-10-15 12:00:00,0.86141,0.86164,0.86094,0.86156,1280,18,0
2024-10-15 12:30:00,0.86157,0.86184,0.86067,0.86086,1092,18,0
2024-10-15 13:00:00,0.86086,0.86179,0.86058,0.86144,1183,18,0
2024-10-15 13:30:00,0.86143,0.86175,0.8614,0.86173,1216,18,0
2024-10-15 14:00:00,0.86172,0.86213,0.86151,0.86204,982,18,0
2024-10-15 14:30:00,0.86205,0.86235,0.86177,0.86228,1252,18,0
2024-10-15 15:00:00,0.86226,0.86238,0.86146,0.86179,1537,18,0
2024-10-15 15:30:00,0.86181,0.86187,0.86105,0.86145,2746,18,0
2024-10-15 16:00:00,0.86145,0.86173,0.86107,0.86133,1827,18,0
2024-10-15 16:30:00,0.86131,0.86147,0.86063,0.86117,2088,18,0
2024-10-15 17:00:00,0.86117,0.86147,0.86072,0.861,1911,18,0
2024-10-15 17:30:00,0.86099,0.86212,0.86058,0.86194,3134,18,0
2024-10-15 18:00:00,0.86193,0.86202,0.86137,0.86177,1647,18,0
2024-10-15 18:30:00,0.86178,0.86235,0.86171,0.86208,1131,18,0
2024-10-15 19:00:00,0.86209,0.86273,0.86181,0.86265,997,18,0
2024-10-15 19:30:00,0.86265,0.86309,0.86264,0.86302,784,18,0
2024-10-15 20:00:00,0.86303,0.86359,0.86294,0.86339,860,18,0
2024-10-15 20:30:00,0.8634,0.86359,0.86298,0.86301,945,18,0
2024-10-15 21:00:00,0.863,0.86308,0.86271,0.86275,663,18,0
2024-10-15 21:30:00,0.86274,0.86284,0.86244,0.86264,713,18,0
2024-10-15 22:00:00,0.86265,0.86269,0.86231,0.86238,860,18,0
2024-10-15 22:30:00,0.86237,0.86259,0.86233,0.86239,865,18,0
2024-10-15 23:00:00,0.8624,0.8624,0.86209,0.86216,350,20,0
2024-10-15 23:30:00,0.86216,0.86223,0.86142,0.86142,649,25,0
2024-10-16 00:00:00,0.86145,0.86196,0.86145,0.86154,66,66,0
2024-10-16 00:30:00,0.86154,0.86201,0.86154,0.86182,1144,42,0
2024-10-16 01:00:00,0.86186,0.86214,0.8617,0.8621,395,19,0
2024-10-16 01:30:00,0.8621,0.86243,0.8621,0.86237,86,19,0
2024-10-16 02:00:00,0.86236,0.86265,0.86234,0.86259,114,18,0
2024-10-16 02:30:00,0.86259,0.86261,0.86243,0.8625,316,18,0
2024-10-16 03:00:00,0.86256,0.86263,0.8622,0.86249,776,19,0
2024-10-16 03:30:00,0.86248,0.86259,0.86231,0.8625,715,18,0
2024-10-16 04:00:00,0.8625,0.86253,0.86212,0.86217,552,19,0
2024-10-16 04:30:00,0.86216,0.86217,0.86161,0.86171,1249,18,0
2024-10-16 05:00:00,0.8617,0.86202,0.86159,0.86194,694,18,0
2024-10-16 05:30:00,0.86194,0.86198,0.86156,0.8617,560,19,0
2024-10-16 06:00:00,0.86169,0.86179,0.86159,0.86171,526,19,0
2024-10-16 06:30:00,0.8617,0.86194,0.86167,0.86192,580,18,0
2024-10-16 07:00:00,0.86193,0.86203,0.86186,0.86194,670,19,0
2024-10-16 07:30:00,0.86192,0.86239,0.86189,0.86234,489,19,0
2024-10-16 08:00:00,0.86236,0.86245,0.86217,0.86232,505,18,0
2024-10-16 08:30:00,0.86233,0.86257,0.86229,0.86232,463,18,0
2024-10-16 09:00:00,0.86229,0.8628,0.86194,0.86203,1517,18,0
2024-10-16 09:30:00,0.86203,0.86286,0.86203,0.86271,1341,18,0
2024-10-16 10:00:00,0.8627,0.86281,0.86166,0.86169,1827,18,0
2024-10-16 10:30:00,0.86168,0.86252,0.86165,0.86248,1446,18,0
2024-10-16 11:00:00,0.86248,0.86277,0.86231,0.86241,1067,18,0
2024-10-16 11:30:00,0.86241,0.86246,0.86207,0.86214,981,18,0
2024-10-16 12:00:00,0.86213,0.86215,0.86133,0.86156,1049,18,0
2024-10-16 12:30:00,0.86155,0.86192,0.86137,0.86181,899,18,0
2024-10-16 13:00:00,0.8618,0.8621,0.86163,0.86205,880,18,0
2024-10-16 13:30:00,0.86205,0.8624,0.86194,0.86223,724,18,0
2024-10-16 14:00:00,0.86223,0.86245,0.86199,0.86229,793,18,0
2024-10-16 14:30:00,0.86229,0.86251,0.862,0.86212,1072,18,0
2024-10-16 15:00:00,0.8621,0.8624,0.86199,0.86207,1353,18,0
2024-10-16 15:30:00,0.86208,0.86327,0.86194,0.86309,1847,18,0
2024-10-16 16:00:00,0.86308,0.86336,0.86252,0.86313,1743,18,0
2024-10-16 16:30:00,0.86315,0.86322,0.86233,0.8624,1746,18,0
2024-10-16 17:00:00,0.8624,0.86559,0.86236,0.86499,1985,18,0
2024-10-16 17:30:00,0.865,0.86523,0.86397,0.86406,2809,18,0
2024-10-16 18:00:00,0.86404,0.8643,0.86379,0.86404,1858,18,0
2024-10-16 18:30:00,0.86405,0.86458,0.86389,0.86409,1423,18,0
2024-10-16 19:00:00,0.86408,0.86444,0.86393,0.86424,830,18,0
2024-10-16 19:30:00,0.86423,0.86491,0.86423,0.86451,710,18,0
2024-10-16 20:00:00,0.8645,0.8647,0.86425,0.8644,703,18,0
2024-10-16 20:30:00,0.86442,0.86479,0.8644,0.86477,490,18,0
2024-10-16 21:00:00,0.86478,0.86508,0.86463,0.86502,500,18,0
2024-10-16 21:30:00,0.86503,0.86531,0.86499,0.86531,601,18,0
2024-10-16 22:00:00,0.86531,0.8657,0.86524,0.8654,531,18,0
2024-10-16 22:30:00,0.86541,0.86554,0.86529,0.86535,594,18,0
2024-10-16 23:00:00,0.86535,0.86542,0.86521,0.86534,399,20,0
2024-10-16 23:30:00,0.86535,0.86544,0.86516,0.8652,682,25,0
2024-10-17 00:00:00,0.86509,0.86518,0.86389,0.86469,111,47,0
2024-10-17 00:30:00,0.86465,0.86523,0.86444,0.86462,876,44,0
2024-10-17 01:00:00,0.86468,0.86522,0.86468,0.8652,896,22,0
2024-10-17 01:30:00,0.86522,0.86542,0.86519,0.86541,1052,21,0
2024-10-17 02:00:00,0.86542,0.86571,0.86539,0.86569,640,21,0
2024-10-17 02:30:00,0.86569,0.86569,0.86532,0.86533,419,18,0
2024-10-17 03:00:00,0.8653,0.86561,0.86525,0.86552,717,18,0
2024-10-17 03:30:00,0.86552,0.86586,0.86543,0.86552,1005,18,0
2024-10-17 04:00:00,0.86553,0.86585,0.8654,0.86577,829,18,0
2024-10-17 04:30:00,0.86578,0.86583,0.86532,0.86544,1023,18,0
2024-10-17 05:00:00,0.86543,0.8656,0.86528,0.86549,721,18,0
2024-10-17 05:30:00,0.86549,0.86564,0.86529,0.86546,572,18,0
2024-10-17 06:00:00,0.86547,0.86588,0.86545,0.86587,562,18,0
2024-10-17 06:30:00,0.86586,0.86614,0.86581,0.86598,768,19,0
2024-10-17 07:00:00,0.86597,0.86618,0.86572,0.86577,391,19,0
2024-10-17 07:30:00,0.86578,0.86617,0.86574,0.86613,451,19,0
2024-10-17 08:00:00,0.86614,0.86636,0.86606,0.86628,716,18,0
2024-10-17 08:30:00,0.86627,0.8665,0.86605,0.86617,867,18,0
2024-10-17 09:00:00,0.86617,0.86688,0.86617,0.86674,1296,18,0
2024-10-17 09:30:00,0.86674,0.86678,0.86633,0.86662,870,18,0
2024-10-17 10:00:00,0.86662,0.86674,0.86555,0.86569,1339,18,0
2024-10-17 10:30:00,0.86569,0.86585,0.86497,0.86517,1095,18,0
2024-10-17 11:00:00,0.86516,0.86534,0.8648,0.86496,1058,18,0
2024-10-17 11:30:00,0.86497,0.86524,0.8649,0.86505,686,18,0
2024-10-17 12:00:00,0.86504,0.86518,0.86478,0.86502,918,18,0
2024-10-17 12:30:00,0.86502,0.86507,0.86427,0.86465,1171,18,0
2024-10-17 13:00:00,0.86466,0.86486,0.86419,0.86424,1067,18,0
2024-10-17 13:30:00,0.86425,0.86427,0.86338,0.86362,1134,18,0
2024-10-17 14:00:00,0.86361,0.86387,0.86325,0.8633,868,18,0
2024-10-17 14:30:00,0.8633,0.86344,0.86304,0.86316,688,18,0
2024-10-17 15:00:00,0.86316,0.86356,0.86286,0.86286,2059,18,0
2024-10-17 15:30:00,0.86286,0.86587,0.86286,0.86445,5303,18,0
2024-10-17 16:00:00,0.86447,0.86614,0.86443,0.86587,4088,18,0
2024-10-17 16:30:00,0.86586,0.8659,0.86414,0.86437,3699,18,0
2024-10-17 17:00:00,0.86436,0.86504,0.8642,0.86487,2871,18,0
2024-10-17 17:30:00,0.86487,0.86539,0.86396,0.86501,2817,18,0
2024-10-17 18:00:00,0.865,0.86553,0.86451,0.86462,2370,18,0
2024-10-17 18:30:00,0.86462,0.86537,0.86446,0.8653,1676,18,0
2024-10-17 19:00:00,0.8653,0.86628,0.8653,0.86596,1177,18,0
2024-10-17 19:30:00,0.86595,0.86596,0.86566,0.86576,757,18,0
2024-10-17 20:00:00,0.86573,0.86593,0.86548,0.86593,627,18,0
2024-10-17 20:30:00,0.86593,0.86614,0.86578,0.86607,596,18,0
2024-10-17 21:00:00,0.86606,0.86634,0.86591,0.86629,678,18,0
2024-10-17 21:30:00,0.8663,0.86675,0.86603,0.86667,603,18,0
2024-10-17 22:00:00,0.86667,0.86675,0.86635,0.86639,631,18,0
2024-10-17 22:30:00,0.8664,0.86651,0.86604,0.86621,536,18,0
2024-10-17 23:00:00,0.8662,0.86624,0.86602,0.86604,430,19,0
2024-10-17 23:30:00,0.86603,0.86604,0.86575,0.86584,349,24,0
2024-10-18 00:00:00,0.86585,0.86609,0.8651,0.86572,65,33,0
2024-10-18 00:30:00,0.86578,0.86598,0.86572,0.86589,505,41,0
2024-10-18 01:00:00,0.86588,0.86603,0.86573,0.86582,358,23,0
2024-10-18 01:30:00,0.86583,0.86608,0.86583,0.86607,258,20,0
2024-10-18 02:00:00,0.86606,0.86618,0.86604,0.86614,131,18,0
2024-10-18 02:30:00,0.86615,0.86625,0.8658,0.86598,314,18,0
2024-10-18 03:00:00,0.86597,0.86618,0.86587,0.86604,1194,18,0
2024-10-18 03:30:00,0.86603,0.86621,0.86583,0.86621,821,18,0
2024-10-18 04:00:00,0.86621,0.86627,0.86584,0.86589,721,18,0
2024-10-18 04:30:00,0.86588,0.86599,0.8657,0.86584,751,18,0
2024-10-18 05:00:00,0.86585,0.86601,0.86579,0.86595,627,18,0
2024-10-18 05:30:00,0.86592,0.86602,0.86564,0.86583,720,19,0
2024-10-18 06:00:00,0.86583,0.86588,0.86568,0.86574,708,18,0
2024-10-18 06:30:00,0.86574,0.86581,0.86555,0.8656,579,19,0
2024-10-18 07:00:00,0.86559,0.86568,0.8655,0.86562,317,20,0
2024-10-18 07:30:00,0.86562,0.86579,0.86557,0.86564,418,20,0
2024-10-18 08:00:00,0.86564,0.86568,0.86534,0.86552,701,20,0
2024-10-18 08:30:00,0.86552,0.86565,0.8654,0.86564,738,18,0
2024-10-18 09:00:00,0.86558,0.86581,0.86547,0.86556,1535,18,0
2024-10-18 09:30:00,0.86556,0.86584,0.86525,0.86542,1415,18,0
2024-10-18 10:00:00,0.86542,0.86676,0.86542,0.86672,1229,18,0
2024-10-18 10:30:00,0.8667,0.86686,0.86636,0.86656,1108,18,0
2024-10-18 11:00:00,0.86657,0.86657,0.86621,0.8664,1010,18,0
2024-10-18 11:30:00,0.8664,0.86665,0.86605,0.86618,858,18,0
2024-10-18 12:00:00,0.86619,0.86638,0.86606,0.86638,760,18,0
2024-10-18 12:30:00,0.86639,0.86652,0.86601,0.86608,977,18,0
2024-10-18 13:00:00,0.86607,0.86625,0.86574,0.8662,1094,18,0
2024-10-18 13:30:00,0.86621,0.86623,0.86581,0.86608,806,18,0
2024-10-18 14:00:00,0.86609,0.86623,0.86587,0.86595,845,18,0
2024-10-18 14:30:00,0.86593,0.86636,0.86584,0.86631,898,18,0
2024-10-18 15:00:00,0.86632,0.86685,0.86612,0.86618,1279,18,0
2024-10-18 15:30:00,0.86619,0.86621,0.86484,0.86526,1762,18,0
2024-10-18 16:00:00,0.86526,0.86562,0.86505,0.86508,1357,18,0
2024-10-18 16:30:00,0.8651,0.8659,0.86491,0.86545,1374,18,0
2024-10-18 17:00:00,0.86543,0.86583,0.86508,0.86572,1581,18,0
2024-10-18 17:30:00,0.8657,0.86581,0.86507,0.86516,1625,18,0
2024-10-18 18:00:00,0.86517,0.8656,0.86498,0.86552,1189,18,0
2024-10-18 18:30:00,0.86552,0.86599,0.86545,0.86585,945,18,0
2024-10-18 19:00:00,0.86584,0.86596,0.86539,0.86539,774,18,0
2024-10-18 19:30:00,0.86539,0.86551,0.8649,0.86498,647,18,0
2024-10-18 20:00:00,0.86499,0.86557,0.86498,0.86552,584,18,0
2024-10-18 20:30:00,0.86553,0.86569,0.86539,0.86549,664,18,0
2024-10-18 21:00:00,0.8655,0.86558,0.86502,0.86514,667,18,0
2024-10-18 21:30:00,0.86514,0.86539,0.86495,0.86524,706,18,0
2024-10-18 22:00:00,0.86525,0.86548,0.86511,0.86521,979,18,0
2024-10-18 22:30:00,0.86521,0.86541,0.86502,0.86508,791,18,0
2024-10-18 23:00:00,0.86509,0.8652,0.86446,0.8647,910,19,0
2024-10-18 23:30:00,0.8647,0.86493,0.86453,0.86455,1891,24,0
2024-10-21 00:00:00,0.86453,0.86473,0.86427,0.86427,268,120,0
2024-10-21 00:30:00,0.86433,0.8645,0.86433,0.86444,203,113,0
2024-10-21 01:00:00,0.86448,0.86502,0.86439,0.86502,529,21,0
2024-10-21 01:30:00,0.86502,0.86509,0.86483,0.86491,272,19,0
2024-10-21 02:00:00,0.86489,0.86491,0.86476,0.86488,521,20,0
2024-10-21 02:30:00,0.86487,0.86502,0.86472,0.8649,814,19,0
2024-10-21 03:00:00,0.86494,0.86507,0.86471,0.86494,1166,19,0
2024-10-21 03:30:00,0.86494,0.8653,0.86484,0.86522,1357,18,0
2024-10-21 04:00:00,0.86525,0.86529,0.86484,0.86486,1230,18,0
2024-10-21 04:30:00,0.86486,0.86492,0.86457,0.86474,1380,18,0
2024-10-21 05:00:00,0.86476,0.86484,0.86457,0.86461,933,19,0
2024-10-21 05:30:00,0.86461,0.86478,0.86454,0.86472,1188,18,0
2024-10-21 06:00:00,0.86471,0.86471,0.86439,0.86452,803,19,0
2024-10-21 06:30:00,0.86453,0.86456,0.86442,0.86454,1211,18,0
2024-10-21 07:00:00,0.86453,0.86466,0.86451,0.8646,337,19,0
2024-10-21 07:30:00,0.8646,0.86504,0.86459,0.86483,750,18,0
2024-10-21 08:00:00,0.86484,0.86487,0.86461,0.8648,1089,18,0
2024-10-21 08:30:00,0.86481,0.86496,0.86471,0.86495,963,18,0
2024-10-21 09:00:00,0.86495,0.86547,0.86486,0.86537,922,18,0
2024-10-21 09:30:00,0.86537,0.86577,0.86527,0.86544,1126,18,0
2024-10-21 10:00:00,0.86544,0.86556,0.86493,0.86499,1041,18,0
2024-10-21 10:30:00,0.865,0.865,0.86461,0.8649,993,18,0
2024-10-21 11:00:00,0.86489,0.86534,0.86483,0.86533,769,18,0
2024-10-21 11:30:00,0.86533,0.86548,0.86473,0.86483,864,18,0
2024-10-21 12:00:00,0.86482,0.86501,0.86421,0.86425,1001,18,0
2024-10-21 12:30:00,0.86424,0.86516,0.86391,0.86514,1006,18,0
2024-10-21 13:00:00,0.86514,0.86539,0.86473,0.86473,824,18,0
2024-10-21 13:30:00,0.86472,0.86488,0.86406,0.86412,924,18,0
2024-10-21 14:00:00,0.86411,0.8643,0.86379,0.86404,768,18,0
2024-10-21 14:30:00,0.86403,0.86426,0.86365,0.86376,622,18,0
2024-10-21 15:00:00,0.86376,0.86432,0.86356,0.86361,1614,18,0
2024-10-21 15:30:00,0.86361,0.86381,0.86321,0.86362,1260,18,0
2024-10-21 16:00:00,0.86363,0.86429,0.86363,0.86381,1260,18,0
2024-10-21 16:30:00,0.86384,0.86427,0.86331,0.86404,1638,18,0
2024-10-21 17:00:00,0.86405,0.86501,0.86405,0.86484,1141,18,0
2024-10-21 17:30:00,0.86485,0.86517,0.86466,0.86493,1612,18,0
2024-10-21 18:00:00,0.86494,0.86537,0.86487,0.86523,1786,18,0
2024-10-21 18:30:00,0.86524,0.8659,0.86503,0.86576,1288,18,0
2024-10-21 19:00:00,0.86575,0.86584,0.86547,0.86548,950,18,0
2024-10-21 19:30:00,0.86547,0.86559,0.86517,0.86536,818,18,0
2024-10-21 20:00:00,0.86536,0.86574,0.86527,0.86555,1083,18,0
2024-10-21 20:30:00,0.86555,0.86575,0.86542,0.86564,697,18,0
2024-10-21 21:00:00,0.86566,0.86568,0.86541,0.8655,700,18,0
2024-10-21 21:30:00,0.8655,0.86612,0.86544,0.86606,1000,18,0
2024-10-21 22:00:00,0.86605,0.86614,0.8659,0.86609,587,18,0
2024-10-21 22:30:00,0.86612,0.86618,0.86583,0.86596,765,18,0
2024-10-21 23:00:00,0.86597,0.86605,0.86586,0.8659,583,18,0
2024-10-21 23:30:00,0.8659,0.86627,0.86583,0.86601,628,24,0
2024-10-22 00:00:00,0.86554,0.86588,0.86542,0.86588,15,59,0
2024-10-22 00:30:00,0.86586,0.86601,0.86561,0.86581,88,38,0
2024-10-22 01:00:00,0.86581,0.86603,0.86559,0.86564,721,21,0
2024-10-22 01:30:00,0.86563,0.86568,0.86532,0.86544,407,19,0
2024-10-22 02:00:00,0.86546,0.86566,0.86542,0.86561,312,18,0
2024-10-22 02:30:00,0.86561,0.86564,0.86532,0.86546,259,20,0
2024-10-22 03:00:00,0.86547,0.86557,0.86519,0.86534,961,18,0
2024-10-22 03:30:00,0.86533,0.86553,0.86517,0.86521,1206,18,0
2024-10-22 04:00:00,0.8652,0.86521,0.86458,0.86482,847,18,0
2024-10-22 04:30:00,0.86482,0.86498,0.8647,0.86483,927,19,0
2024-10-22 05:00:00,0.86483,0.86484,0.86461,0.8647,866,20,0
2024-10-22 05:30:00,0.86473,0.86503,0.86463,0.86493,746,18,0
2024-10-22 06:00:00,0.86493,0.86531,0.86487,0.86513,838,19,0
2024-10-22 06:30:00,0.86513,0.86517,0.86495,0.86495,977,19,0
2024-10-22 07:00:00,0.86495,0.86531,0.86494,0.86515,655,18,0
2024-10-22 07:30:00,0.86516,0.86537,0.86504,0.86512,703,18,0
2024-10-22 08:00:00,0.86511,0.86523,0.86493,0.8652,980,19,0
2024-10-22 08:30:00,0.8652,0.8655,0.8651,0.86548,1114,18,0
2024-10-22 09:00:00,0.86546,0.86562,0.86451,0.86454,1120,18,0
2024-10-22 09:30:00,0.86453,0.86545,0.86441,0.86533,1190,18,0
2024-10-22 10:00:00,0.86535,0.86542,0.86459,0.86509,1146,18,0
2024-10-22 10:30:00,0.8651,0.86528,0.86487,0.86499,1135,18,0
2024-10-22 11:00:00,0.86501,0.86506,0.86478,0.86499,1037,18,0
2024-10-22 11:30:00,0.86499,0.86568,0.86498,0.8653,1096,18,0
2024-10-22 12:00:00,0.86533,0.86541,0.86497,0.86511,1293,18,0
2024-10-22 12:30:00,0.8651,0.86612,0.86502,0.86593,1178,18,0
2024-10-22 13:00:00,0.86591,0.86615,0.86538,0.86548,1095,18,0
2024-10-22 13:30:00,0.86546,0.86572,0.86526,0.86557,1048,18,0
2024-10-22 14:00:00,0.86556,0.86596,0.86539,0.86543,763,18,0
2024-10-22 14:30:00,0.86543,0.86585,0.86524,0.86567,1187,18,0
2024-10-22 15:00:00,0.86567,0.8657,0.86516,0.86542,1204,18,0
2024-10-22 15:30:00,0.86541,0.86576,0.86515,0.86564,1098,18,0
2024-10-22 16:00:00,0.86564,0.86585,0.86475,0.86481,1484,18,0
2024-10-22 16:30:00,0.86481,0.8659,0.86471,0.86561,2397,18,0
2024-10-22 17:00:00,0.86561,0.86619,0.8655,0.86557,1786,18,0
2024-10-22 17:30:00,0.86558,0.86576,0.865,0.86527,1985,18,0
2024-10-22 18:00:00,0.86528,0.86533,0.86481,0.86488,1527,18,0
2024-10-22 18:30:00,0.86488,0.86558,0.86481,0.86533,1212,18,0
2024-10-22 19:00:00,0.86533,0.86602,0.86529,0.86581,910,18,0
2024-10-22 19:30:00,0.86577,0.86588,0.86531,0.86541,957,18,0
2024-10-22 20:00:00,0.86541,0.86571,0.86525,0.86559,1037,18,0
2024-10-22 20:30:00,0.86559,0.86582,0.86519,0.86521,836,18,0
2024-10-22 21:00:00,0.86521,0.86525,0.8649,0.86513,767,18,0
2024-10-22 21:30:00,0.86514,0.86556,0.86498,0.86554,676,18,0
2024-10-22 22:00:00,0.86555,0.86568,0.86541,0.86545,606,18,0
2024-10-22 22:30:00,0.86546,0.86565,0.86538,0.86558,759,18,0
2024-10-22 23:00:00,0.86559,0.8657,0.86535,0.86544,646,18,0
2024-10-22 23:30:00,0.86544,0.86553,0.8648,0.8648,662,24,0
2024-10-23 00:00:00,0.86479,0.86515,0.86479,0.86515,6,47,0
2024-10-23 00:30:00,0.86515,0.86527,0.86478,0.86503,753,33,0
2024-10-23 01:00:00,0.86503,0.86534,0.86497,0.86501,634,18,0
2024-10-23 01:30:00,0.865,0.86523,0.86499,0.86522,269,18,0
2024-10-23 02:00:00,0.86522,0.86533,0.86512,0.86527,170,18,0
2024-10-23 02:30:00,0.86527,0.8655,0.86527,0.86549,298,20,0
2024-10-23 03:00:00,0.86548,0.86616,0.86547,0.86608,673,18,0
2024-10-23 03:30:00,0.86608,0.86665,0.86588,0.8666,1124,18,0
2024-10-23 04:00:00,0.86657,0.86684,0.86634,0.86669,921,18,0
2024-10-23 04:30:00,0.86668,0.86691,0.86655,0.86673,797,18,0
2024-10-23 05:00:00,0.86673,0.86687,0.86663,0.86666,645,18,0
2024-10-23 05:30:00,0.86665,0.86675,0.86645,0.86655,904,18,0
2024-10-23 06:00:00,0.86654,0.86696,0.86642,0.86692,672,18,0
2024-10-23 06:30:00,0.86693,0.86696,0.8665,0.86657,820,18,0
2024-10-23 07:00:00,0.86657,0.86704,0.86643,0.86696,970,18,0
2024-10-23 07:30:00,0.86697,0.86712,0.86683,0.86685,836,18,0
2024-10-23 08:00:00,0.86684,0.86745,0.86679,0.8672,917,18,0
2024-10-23 08:30:00,0.8672,0.86725,0.86685,0.86702,959,18,0
2024-10-23 09:00:00,0.86703,0.86724,0.86661,0.86677,1146,18,0
2024-10-23 09:30:00,0.86676,0.86784,0.86676,0.8676,1275,18,0
2024-10-23 10:00:00,0.8676,0.86851,0.8676,0.86835,1422,18,0
2024-10-23 10:30:00,0.86835,0.86836,0.8675,0.86787,1191,18,0
2024-10-23 11:00:00,0.86788,0.86788,0.86724,0.86759,890,18,0
2024-10-23 11:30:00,0.86759,0.8677,0.86639,0.86651,971,18,0
2024-10-23 12:00:00,0.86651,0.86764,0.86641,0.86756,1167,18,0
2024-10-23 12:30:00,0.86756,0.86767,0.8669,0.86731,960,18,0
2024-10-23 13:00:00,0.86731,0.86734,0.86642,0.86653,729,18,0
2024-10-23 13:30:00,0.86653,0.86697,0.86635,0.86663,765,18,0
2024-10-23 14:00:00,0.86663,0.86703,0.86652,0.86698,765,18,0
2024-10-23 14:30:00,0.86698,0.86779,0.86696,0.86775,1072,18,0
2024-10-23 15:00:00,0.86776,0.86815,0.86708,0.86789,2177,18,0
2024-10-23 15:30:00,0.86788,0.86796,0.86707,0.86715,2003,18,0
2024-10-23 16:00:00,0.86714,0.86776,0.867,0.86728,1404,18,0
2024-10-23 16:30:00,0.8673,0.86771,0.86684,0.86746,1529,18,0
2024-10-23 17:00:00,0.86745,0.8677,0.86683,0.86708,1736,18,0
2024-10-23 17:30:00,0.86708,0.86754,0.86678,0.8669,1607,18,0
2024-10-23 18:00:00,0.86689,0.86706,0.86615,0.86622,1488,18,0
2024-10-23 18:30:00,0.86625,0.86667,0.86624,0.86644,923,18,0
2024-10-23 19:00:00,0.86645,0.86693,0.86634,0.86682,771,18,0
2024-10-23 19:30:00,0.86683,0.86699,0.86668,0.86693,888,18,0
2024-10-23 20:00:00,0.86693,0.86737,0.86686,0.86725,953,18,0
2024-10-23 20:30:00,0.86726,0.86759,0.8671,0.86726,870,18,0
2024-10-23 21:00:00,0.86726,0.86726,0.8665,0.86672,1123,18,0
2024-10-23 21:30:00,0.86671,0.8671,0.86659,0.86694,1262,18,0
2024-10-23 22:00:00,0.86692,0.86693,0.86638,0.86665,746,18,0
2024-10-23 22:30:00,0.86665,0.86666,0.86604,0.86611,636,18,0
2024-10-23 23:00:00,0.86607,0.86637,0.86607,0.86628,497,19,0
2024-10-23 23:30:00,0.86627,0.8664,0.86616,0.86616,396,24,0
2024-10-24 00:00:00,0.86608,0.86619,0.86548,0.86603,39,49,0
2024-10-24 00:30:00,0.86603,0.86621,0.86602,0.8661,1026,34,0
2024-10-24 01:00:00,0.86609,0.86651,0.86608,0.86643,279,21,0
2024-10-24 01:30:00,0.86644,0.86655,0.86639,0.86639,333,21,0
2024-10-24 02:00:00,0.86639,0.86647,0.86622,0.86627,252,18,0
2024-10-24 02:30:00,0.86627,0.86674,0.86625,0.86667,494,18,0
2024-10-24 03:00:00,0.86669,0.86691,0.86642,0.86655,1391,18,0
2024-10-24 03:30:00,0.86655,0.86661,0.86615,0.86621,1338,18,0
2024-10-24 04:00:00,0.86621,0.86676,0.8662,0.86664,915,19,0
2024-10-24 04:30:00,0.86664,0.86673,0.86646,0.86654,1289,19,0
2024-10-24 05:00:00,0.86653,0.86664,0.86624,0.86627,1096,18,0
2024-10-24 05:30:00,0.86628,0.86649,0.86596,0.8662,1172,18,0
2024-10-24 06:00:00,0.86622,0.86623,0.86594,0.86618,799,20,0
2024-10-24 06:30:00,0.86618,0.86629,0.86602,0.86612,834,18,0
2024-10-24 07:00:00,0.86613,0.86613,0.86583,0.86587,806,19,0
2024-10-24 07:30:00,0.86588,0.86592,0.86557,0.86569,697,19,0
2024-10-24 08:00:00,0.86569,0.86593,0.86565,0.86583,985,18,0
2024-10-24 08:30:00,0.86581,0.86608,0.86579,0.86606,716,18,0
2024-10-24 09:00:00,0.86608,0.86614,0.86548,0.86604,1205,18,0
2024-10-24 09:30:00,0.86605,0.86659,0.86584,0.86602,1641,18,0
2024-10-24 10:00:00,0.86603,0.86707,0.86585,0.86609,2615,18,0
2024-10-24 10:30:00,0.86615,0.86646,0.86584,0.86606,2282,18,0
2024-10-24 11:00:00,0.86606,0.86635,0.86584,0.86594,1517,18,0
2024-10-24 11:30:00,0.86594,0.86603,0.8653,0.86563,1263,18,0
2024-10-24 12:00:00,0.86564,0.86599,0.86527,0.8653,1208,18,0
2024-10-24 12:30:00,0.8653,0.86568,0.86498,0.86557,848,18,0
2024-10-24 13:00:00,0.86558,0.86568,0.86534,0.86547,812,18,0
2024-10-24 13:30:00,0.86548,0.8655,0.86514,0.86547,685,18,0
2024-10-24 14:00:00,0.86549,0.86573,0.86498,0.86545,1081,18,0
2024-10-24 14:30:00,0.86544,0.86589,0.86542,0.86563,1008,18,0
2024-10-24 15:00:00,0.86565,0.8659,0.8651,0.8659,1720,18,0
2024-10-24 15:30:00,0.86581,0.8667,0.8655,0.86611,3609,18,0
2024-10-24 16:00:00,0.86611,0.86619,0.86572,0.86577,1742,18,0
2024-10-24 16:30:00,0.86577,0.86663,0.86525,0.86624,3211,18,0
2024-10-24 17:00:00,0.86623,0.86673,0.86588,0.86622,2516,18,0
2024-10-24 17:30:00,0.86623,0.86643,0.86565,0.86613,1889,18,0
2024-10-24 18:00:00,0.86613,0.86656,0.86575,0.86654,1497,18,0
2024-10-24 18:30:00,0.86652,0.86687,0.86645,0.86669,1176,18,0
2024-10-24 19:00:00,0.86669,0.86677,0.86596,0.86613,1477,18,0
2024-10-24 19:30:00,0.86614,0.8662,0.86587,0.86593,599,18,0
2024-10-24 20:00:00,0.86593,0.8661,0.86524,0.86536,1265,18,0
2024-10-24 20:30:00,0.86537,0.86541,0.86503,0.86536,883,18,0
2024-10-24 21:00:00,0.86537,0.86576,0.86536,0.86576,626,18,0
2024-10-24 21:30:00,0.86576,0.86593,0.86551,0.86592,756,18,0
2024-10-24 22:00:00,0.86594,0.86611,0.8658,0.86603,1395,18,0
2024-10-24 22:30:00,0.86602,0.86604,0.86566,0.86567,768,18,0
2024-10-24 23:00:00,0.86567,0.86575,0.86556,0.86557,322,19,0
2024-10-24 23:30:00,0.86557,0.8657,0.86524,0.86524,398,24,0
2024-10-25 00:00:00,0.86479,0.86562,0.86473,0.86537,52,53,0
2024-10-25 00:30:00,0.86537,0.86554,0.86536,0.86554,35,53,0
2024-10-25 01:00:00,0.86554,0.86559,0.86543,0.86554,282,20,0
2024-10-25 01:30:00,0.86554,0.86573,0.8655,0.86564,147,19,0
2024-10-25 02:00:00,0.86567,0.8659,0.86556,0.86579,320,21,0
2024-10-25 02:30:00,0.86579,0.8659,0.86554,0.86581,414,19,0
2024-10-25 03:00:00,0.86581,0.866,0.86561,0.86583,649,19,0
2024-10-25 03:30:00,0.86583,0.86626,0.86582,0.86612,1022,19,0
2024-10-25 04:00:00,0.8661,0.86635,0.86591,0.86603,452,18,0
2024-10-25 04:30:00,0.86602,0.86609,0.86577,0.86595,739,18,0
2024-10-25 05:00:00,0.86595,0.86601,0.86562,0.8658,533,18,0
2024-10-25 05:30:00,0.8658,0.86595,0.86562,0.86579,675,18,0
2024-10-25 06:00:00,0.8658,0.8661,0.86574,0.86574,589,18,0
2024-10-25 06:30:00,0.86573,0.86592,0.86568,0.86574,364,18,0
2024-10-25 07:00:00,0.86577,0.86585,0.86545,0.86564,545,19,0
2024-10-25 07:30:00,0.86565,0.86565,0.86541,0.86548,532,18,0
2024-10-25 08:00:00,0.86549,0.86553,0.86494,0.865,809,18,0
2024-10-25 08:30:00,0.86501,0.86548,0.86495,0.86545,667,18,0
2024-10-25 09:00:00,0.86546,0.86595,0.86532,0.86581,973,18,0
2024-10-25 09:30:00,0.86582,0.86596,0.86558,0.86564,887,18,0
2024-10-25 10:00:00,0.86564,0.86595,0.86528,0.86552,1733,18,0
2024-10-25 10:30:00,0.86551,0.86625,0.86545,0.86611,1073,18,0
2024-10-25 11:00:00,0.8661,0.86666,0.86595,0.86644,1432,18,0
2024-10-25 11:30:00,0.86644,0.86672,0.86635,0.86666,1165,18,0
2024-10-25 12:00:00,0.86666,0.8671,0.8666,0.86683,754,18,0
2024-10-25 12:30:00,0.86682,0.86687,0.86636,0.86645,798,18,0
2024-10-25 13:00:00,0.86644,0.86678,0.86629,0.86671,527,18,0
2024-10-25 13:30:00,0.86671,0.86685,0.86657,0.86674,561,18,0
2024-10-25 14:00:00,0.86675,0.86736,0.86668,0.86732,666,18,0
2024-10-25 14:30:00,0.86731,0.86735,0.8662,0.86651,1296,18,0
2024-10-25 15:00:00,0.8665,0.8669,0.86619,0.86619,1088,18,0
2024-10-25 15:30:00,0.86626,0.86668,0.86528,0.86559,1924,18,0
2024-10-25 16:00:00,0.8656,0.86652,0.86545,0.86625,1541,18,0
2024-10-25 16:30:00,0.86626,0.86675,0.86584,0.86603,1817,18,0
2024-10-25 17:00:00,0.86603,0.86604,0.8654,0.86545,2619,18,0
2024-10-25 17:30:00,0.86545,0.86632,0.86541,0.86615,1901,18,0
2024-10-25 18:00:00,0.86615,0.86638,0.86578,0.86621,1705,18,0
2024-10-25 18:30:00,0.86621,0.86683,0.86616,0.86633,1756,18,0
2024-10-25 19:00:00,0.86633,0.8666,0.86619,0.86651,987,18,0
2024-10-25 19:30:00,0.86651,0.86666,0.8661,0.86612,777,18,0
2024-10-25 20:00:00,0.86613,0.86639,0.866,0.86606,533,18,0
2024-10-25 20:30:00,0.86606,0.86608,0.86556,0.86577,545,18,0
2024-10-25 21:00:00,0.86578,0.86629,0.86566,0.8662,597,18,0
2024-10-25 21:30:00,0.86621,0.86626,0.86588,0.86625,604,18,0
2024-10-25 22:00:00,0.86624,0.86659,0.86622,0.86651,766,18,0
2024-10-25 22:30:00,0.8665,0.8666,0.86632,0.86638,1032,18,0
2024-10-25 23:00:00,0.86637,0.86641,0.86614,0.86622,686,19,0
2024-10-25 23:30:00,0.86621,0.86667,0.86618,0.86667,640,25,0
2024-10-28 00:00:00,0.86747,0.8687,0.86747,0.86816,1447,18,0
2024-10-28 00:30:00,0.86816,0.86832,0.86777,0.86815,1091,18,0
2024-10-28 01:00:00,0.86812,0.86852,0.86779,0.8681,1096,18,0
2024-10-28 01:30:00,0.86809,0.86851,0.86799,0.8684,934,18,0
2024-10-28 02:00:00,0.86841,0.86906,0.86809,0.86898,1470,18,0
2024-10-28 02:30:00,0.86897,0.86929,0.86852,0.8691,1483,18,0
2024-10-28 03:00:00,0.86911,0.8698,0.86896,0.86968,1535,18,0
2024-10-28 03:30:00,0.8697,0.86982,0.86951,0.86975,1494,18,0
2024-10-28 04:00:00,0.86975,0.86975,0.86889,0.86903,847,18,0
2024-10-28 04:30:00,0.86903,0.86936,0.86893,0.86918,820,18,0
2024-10-28 05:00:00,0.86918,0.86931,0.86901,0.8692,1084,18,0
2024-10-28 05:30:00,0.86921,0.8697,0.86919,0.86969,676,18,0
2024-10-28 06:00:00,0.86969,0.86982,0.86953,0.86966,869,18,0
2024-10-28 06:30:00,0.86966,0.8697,0.86932,0.86959,1200,18,0
2024-10-28 07:00:00,0.86959,0.8699,0.86959,0.86965,816,18,0
2024-10-28 07:30:00,0.86965,0.86971,0.8691,0.86915,820,18,0
2024-10-28 08:00:00,0.86916,0.86933,0.86865,0.86876,1017,18,0
2024-10-28 08:30:00,0.86873,0.86883,0.86848,0.86851,743,18,0
2024-10-28 09:00:00,0.86852,0.86867,0.86807,0.86812,964,18,0
2024-10-28 09:30:00,0.86814,0.8682,0.86747,0.86783,1351,18,0
2024-10-28 10:00:00,0.86783,0.86788,0.86712,0.86725,1865,18,0
2024-10-28 10:30:00,0.86726,0.86767,0.86701,0.86711,1091,18,0
2024-10-28 11:00:00,0.86711,0.86727,0.86689,0.86701,1057,18,0
2024-10-28 11:30:00,0.86701,0.86758,0.867,0.8672,800,18,0
2024-10-28 12:00:00,0.86719,0.86719,0.86615,0.86676,1294,18,0
2024-10-28 12:30:00,0.86676,0.86679,0.86621,0.86631,1112,18,0
2024-10-28 13:00:00,0.86631,0.86652,0.86605,0.86608,934,18,0
2024-10-28 13:30:00,0.86608,0.86643,0.86586,0.86614,1011,18,0
2024-10-28 14:00:00,0.86615,0.8662,0.86495,0.8654,1363,18,0
2024-10-28 14:30:00,0.86539,0.86635,0.86538,0.86619,1403,18,0
2024-10-28 15:00:00,0.86619,0.86639,0.86541,0.86548,1415,18,0
2024-10-28 15:30:00,0.86548,0.86567,0.86517,0.8653,1296,18,0
2024-10-28 16:00:00,0.86531,0.86614,0.86504,0.8651,1204,18,0
2024-10-28 16:30:00,0.86509,0.86563,0.8646,0.86482,1372,18,0
2024-10-28 17:00:00,0.86483,0.86522,0.8647,0.86513,1203,18,0
2024-10-28 17:30:00,0.86513,0.86582,0.8649,0.86576,1860,18,0
2024-10-28 18:00:00,0.86575,0.86588,0.86492,0.86528,1328,18,0
2024-10-28 18:30:00,0.86527,0.86549,0.86503,0.86538,774,18,0
2024-10-28 19:00:00,0.86538,0.86544,0.86487,0.86509,831,18,0
2024-10-28 19:30:00,0.86509,0.86528,0.86502,0.86519,616,18,0
2024-10-28 20:00:00,0.86518,0.86547,0.86518,0.86525,575,18,0
2024-10-28 20:30:00,0.86527,0.86539,0.86487,0.86514,722,18,0
2024-10-28 21:00:00,0.86514,0.86523,0.86486,0.86491,843,18,0
2024-10-28 21:30:00,0.8649,0.8649,0.8646,0.8648,850,18,0
2024-10-28 22:00:00,0.8648,0.86486,0.8646,0.86476,571,19,0
2024-10-28 22:30:00,0.86477,0.86525,0.86451,0.86452,871,24,0
2024-10-28 23:00:00,0.86474,0.8649,0.86439,0.86485,62,62,0
2024-10-28 23:30:00,0.86486,0.86513,0.8647,0.86491,473,41,0
2024-10-29 00:00:00,0.86491,0.86523,0.86482,0.86516,468,21,0
2024-10-29 00:30:00,0.86515,0.86529,0.86512,0.86514,196,19,0
2024-10-29 01:00:00,0.86513,0.86523,0.86508,0.86523,86,18,0
2024-10-29 01:30:00,0.86523,0.86535,0.86461,0.86463,244,18,0
2024-10-29 02:00:00,0.86464,0.86501,0.86423,0.8649,648,18,0
2024-10-29 02:30:00,0.8649,0.86504,0.86475,0.86494,726,18,0
2024-10-29 03:00:00,0.86495,0.86528,0.86466,0.86526,591,18,0
2024-10-29 03:30:00,0.86526,0.86526,0.86461,0.86478,623,18,0
2024-10-29 04:00:00,0.86477,0.86495,0.86451,0.86461,664,19,0
2024-10-29 04:30:00,0.8646,0.86495,0.86456,0.8649,599,19,0
2024-10-29 05:00:00,0.86489,0.86516,0.86486,0.8651,843,19,0
2024-10-29 05:30:00,0.86509,0.86532,0.86481,0.86499,858,19,0
2024-10-29 06:00:00,0.86501,0.86528,0.865,0.86523,448,18,0
2024-10-29 06:30:00,0.86524,0.86534,0.86508,0.86508,539,18,0
2024-10-29 07:00:00,0.86511,0.86511,0.86468,0.8647,648,18,0
2024-10-29 07:30:00,0.86469,0.86499,0.86458,0.86497,445,18,0
2024-10-29 08:00:00,0.86498,0.86557,0.8649,0.86542,952,18,0
2024-10-29 08:30:00,0.8654,0.86546,0.86519,0.86539,798,18,0
2024-10-29 09:00:00,0.86546,0.86599,0.86535,0.86596,1025,18,0
2024-10-29 09:30:00,0.86597,0.86611,0.86567,0.8661,1061,18,0
2024-10-29 10:00:00,0.86612,0.86667,0.86593,0.86608,1626,18,0
2024-10-29 10:30:00,0.86609,0.86661,0.86596,0.8662,1651,18,0
2024-10-29 11:00:00,0.86621,0.86624,0.86526,0.86583,1341,18,0
2024-10-29 11:30:00,0.86583,0.86638,0.86571,0.86599,1175,18,0
2024-10-29 12:00:00,0.86599,0.86676,0.86582,0.8667,1354,18,0
2024-10-29 12:30:00,0.86673,0.86704,0.86643,0.86678,1151,18,0
2024-10-29 13:00:00,0.86677,0.86739,0.8666,0.86732,1110,18,0
2024-10-29 13:30:00,0.86733,0.86805,0.86718,0.86791,1181,18,0
2024-10-29 14:00:00,0.86792,0.86876,0.86792,0.86864,1397,18,0
2024-10-29 14:30:00,0.86864,0.86964,0.86863,0.86934,2005,18,0
2024-10-29 15:00:00,0.86933,0.86977,0.86915,0.86941,1817,18,0
2024-10-29 15:30:00,0.8694,0.86963,0.86861,0.86886,1964,18,0
2024-10-29 16:00:00,0.86877,0.86883,0.86664,0.86736,4538,18,0
2024-10-29 16:30:00,0.86735,0.86818,0.86715,0.868,2703,18,0
2024-10-29 17:00:00,0.86799,0.8695,0.86793,0.86935,2022,18,0
2024-10-29 17:30:00,0.86935,0.86939,0.86823,0.86839,2078,18,0
2024-10-29 18:00:00,0.86838,0.86838,0.86783,0.86814,1572,18,0
2024-10-29 18:30:00,0.86816,0.86963,0.86816,0.86909,1298,18,0
2024-10-29 19:00:00,0.8691,0.86923,0.86772,0.86789,1916,18,0
2024-10-29 19:30:00,0.8679,0.86819,0.86752,0.86764,885,18,0
2024-10-29 20:00:00,0.86763,0.86782,0.86721,0.86747,722,18,0
2024-10-29 20:30:00,0.86747,0.86771,0.86729,0.86743,972,18,0
2024-10-29 21:00:00,0.86744,0.86788,0.86729,0.86772,829,18,0
2024-10-29 21:30:00,0.86771,0.86779,0.86738,0.86745,547,18,0
2024-10-29 22:00:00,0.86747,0.8675,0.8672,0.86734,364,18,0
2024-10-29 22:30:00,0.86734,0.86743,0.86678,0.86678,989,24,0
2024-10-29 23:00:00,0.86735,0.8677,0.86674,0.86703,162,44,0
2024-10-29 23:30:00,0.86703,0.86742,0.86696,0.8671,194,36,0
2024-10-30 00:00:00,0.86712,0.86741,0.86695,0.86706,689,20,0
2024-10-30 00:30:00,0.86705,0.86718,0.8669,0.86714,966,21,0
2024-10-30 01:00:00,0.86713,0.86719,0.86686,0.86713,320,19,0
2024-10-30 01:30:00,0.86712,0.86734,0.86711,0.86713,593,21,0
2024-10-30 02:00:00,0.86715,0.86719,0.86675,0.86695,825,18,0
2024-10-30 02:30:00,0.86696,0.86729,0.86679,0.86722,1140,18,0
2024-10-30 03:00:00,0.86721,0.86741,0.86681,0.86686,809,18,0
2024-10-30 03:30:00,0.86685,0.86736,0.86679,0.86732,817,18,0
2024-10-30 04:00:00,0.86733,0.86757,0.86731,0.86754,777,19,0
2024-10-30 04:30:00,0.86755,0.86757,0.8673,0.8674,1211,18,0
2024-10-30 05:00:00,0.86741,0.86767,0.86739,0.86762,710,19,0
2024-10-30 05:30:00,0.86762,0.8677,0.86752,0.86765,833,18,0
2024-10-30 06:00:00,0.86765,0.8677,0.8673,0.86735,428,18,0
2024-10-30 06:30:00,0.86734,0.86738,0.86721,0.86737,430,19,0
2024-10-30 07:00:00,0.86737,0.86752,0.86726,0.86738,1043,20,0
2024-10-30 07:30:00,0.8674,0.8674,0.86705,0.86706,518,19,0
2024-10-30 08:00:00,0.86709,0.86734,0.86679,0.86681,742,19,0
2024-10-30 08:30:00,0.86682,0.86686,0.86632,0.86655,956,18,0
2024-10-30 09:00:00,0.86655,0.86668,0.86602,0.86653,722,18,0
2024-10-30 09:30:00,0.86651,0.86754,0.86651,0.8674,1012,18,0
2024-10-30 10:00:00,0.86741,0.86749,0.86624,0.86638,1925,18,0
2024-10-30 10:30:00,0.86637,0.86664,0.8661,0.86644,1408,18,0
2024-10-30 11:00:00,0.86643,0.8676,0.86581,0.86706,2327,18,0
2024-10-30 11:30:00,0.86704,0.8673,0.86664,0.86665,1460,18,0
2024-10-30 12:00:00,0.86665,0.86678,0.86592,0.86651,1067,18,0
2024-10-30 12:30:00,0.86651,0.86714,0.86651,0.86706,978,18,0
2024-10-30 13:00:00,0.86706,0.86737,0.86683,0.86714,859,18,0
2024-10-30 13:30:00,0.86713,0.86779,0.86704,0.86768,1246,18,0
2024-10-30 14:00:00,0.8677,0.86893,0.86719,0.86886,2413,18,0
2024-10-30 14:30:00,0.86887,0.86927,0.8682,0.86831,3440,18,0
2024-10-30 15:00:00,0.8683,0.86873,0.86792,0.86808,2335,18,0
2024-10-30 15:30:00,0.86808,0.86829,0.86632,0.86641,2715,18,0
2024-10-30 16:00:00,0.86642,0.86667,0.86605,0.86647,2396,18,0
2024-10-30 16:30:00,0.86651,0.86682,0.86586,0.8664,2735,18,0
2024-10-30 17:00:00,0.86639,0.86714,0.86631,0.86689,2545,18,0
2024-10-30 17:30:00,0.8669,0.86701,0.86627,0.86632,1959,18,0
2024-10-30 18:00:00,0.86633,0.86654,0.86583,0.86588,1656,18,0
2024-10-30 18:30:00,0.86589,0.86617,0.86557,0.86594,1076,18,0
2024-10-30 19:00:00,0.86594,0.86668,0.86588,0.86615,1285,18,0
2024-10-30 19:30:00,0.86615,0.86625,0.86565,0.8658,1024,18,0
2024-10-30 20:00:00,0.86581,0.86586,0.86531,0.86547,819,18,0
2024-10-30 20:30:00,0.86547,0.86583,0.86538,0.86574,514,18,0
2024-10-30 21:00:00,0.86574,0.86683,0.86571,0.86639,853,18,0
2024-10-30 21:30:00,0.86639,0.86643,0.86607,0.86611,1018,18,0
2024-10-30 22:00:00,0.86612,0.86639,0.86601,0.86629,1053,20,0
2024-10-30 22:30:00,0.86628,0.86659,0.86607,0.86659,827,24,0
2024-10-30 23:00:00,0.86648,0.86654,0.86593,0.86631,20,43,0
2024-10-30 23:30:00,0.86631,0.86638,0.86622,0.86622,39,34,0
2024-10-31 00:00:00,0.86622,0.86638,0.86606,0.86628,387,19,0
2024-10-31 00:30:00,0.86628,0.86643,0.86619,0.86628,258,19,0
2024-10-31 01:00:00,0.86627,0.86644,0.86618,0.86636,241,18,0
2024-10-31 01:30:00,0.86633,0.86639,0.86612,0.86638,380,18,0
2024-10-31 02:00:00,0.86638,0.86642,0.86605,0.86631,541,18,0
2024-10-31 02:30:00,0.86631,0.86642,0.86614,0.86628,593,18,0
2024-10-31 03:00:00,0.86628,0.8663,0.86584,0.86605,979,18,0
2024-10-31 03:30:00,0.86606,0.86637,0.86599,0.86629,799,18,0
2024-10-31 04:00:00,0.8663,0.8663,0.86597,0.86623,453,18,0
2024-10-31 04:30:00,0.86623,0.86636,0.86579,0.86622,631,18,0
2024-10-31 05:00:00,0.86622,0.86622,0.86544,0.86548,555,18,0
2024-10-31 05:30:00,0.8655,0.86554,0.86531,0.86538,599,19,0
2024-10-31 06:00:00,0.86538,0.86543,0.8651,0.86535,834,18,0
2024-10-31 06:30:00,0.86535,0.86566,0.86527,0.86559,550,18,0
2024-10-31 07:00:00,0.86559,0.86575,0.8655,0.86554,463,19,0
2024-10-31 07:30:00,0.86554,0.86557,0.86523,0.86534,628,18,0
2024-10-31 08:00:00,0.86534,0.86542,0.86521,0.86534,696,18,0
2024-10-31 08:30:00,0.86534,0.86547,0.86441,0.86473,1988,18,0
2024-10-31 09:00:00,0.86471,0.86603,0.86455,0.86557,1735,18,0
2024-10-31 09:30:00,0.86556,0.86611,0.86523,0.86544,1801,18,0
2024-10-31 10:00:00,0.86543,0.86578,0.86492,0.86512,2362,18,0
2024-10-31 10:30:00,0.86514,0.86587,0.86489,0.86563,1631,18,0
2024-10-31 11:00:00,0.86562,0.86599,0.86551,0.86571,1026,18,0
2024-10-31 11:30:00,0.86571,0.86607,0.86507,0.86519,1406,18,0
2024-10-31 12:00:00,0.86519,0.86537,0.86458,0.86483,1038,18,0
2024-10-31 12:30:00,0.86482,0.86582,0.86481,0.86582,1017,18,0
2024-10-31 13:00:00,0.86583,0.86627,0.86583,0.86602,1119,18,0
2024-10-31 13:30:00,0.86602,0.86623,0.86519,0.86548,1258,18,0
2024-10-31 14:00:00,0.86544,0.86587,0.8651,0.86512,1880,18,0
2024-10-31 14:30:00,0.86512,0.86621,0.86447,0.86501,5017,18,0
2024-10-31 15:00:00,0.865,0.8654,0.86446,0.86462,2977,18,0
2024-10-31 15:30:00,0.86463,0.86541,0.8636,0.86496,3701,18,0
2024-10-31 16:00:00,0.86496,0.86592,0.86412,0.86443,3415,18,0
2024-10-31 16:30:00,0.86444,0.86499,0.86376,0.86441,2407,18,0
2024-10-31 17:00:00,0.86441,0.86552,0.86441,0.8653,2634,18,0
2024-10-31 17:30:00,0.8653,0.86542,0.86391,0.86467,3559,18,0
2024-10-31 18:00:00,0.86468,0.86525,0.8646,0.86492,2624,18,0
2024-10-31 18:30:00,0.86492,0.86587,0.8648,0.8654,1570,18,0
2024-10-31 19:00:00,0.86539,0.8656,0.865,0.86517,1135,18,0
2024-10-31 19:30:00,0.86515,0.86553,0.86506,0.86515,1043,18,0
2024-10-31 20:00:00,0.86515,0.86522,0.86428,0.8646,852,18,0
2024-10-31 20:30:00,0.86462,0.86466,0.86362,0.86403,1914,18,0
2024-10-31 21:00:00,0.86404,0.86407,0.86349,0.86386,1366,18,0
2024-10-31 21:30:00,0.86386,0.8639,0.86326,0.86336,1434,18,0
2024-10-31 22:00:00,0.86336,0.86346,0.86318,0.8633,818,18,0
2024-10-31 22:30:00,0.86329,0.86358,0.86318,0.86343,735,24,0
2024-10-31 23:00:00,0.86327,0.86355,0.86319,0.86321,26,41,0
2024-10-31 23:30:00,0.86326,0.86353,0.86321,0.86348,1031,35,0
2024-11-01 00:00:00,0.86348,0.86376,0.86334,0.86371,213,19,0
2024-11-01 00:30:00,0.86372,0.86372,0.86336,0.86346,681,18,0
2024-11-01 01:00:00,0.86344,0.86346,0.86316,0.86337,1032,18,0
2024-11-01 01:30:00,0.86337,0.8635,0.86316,0.86346,1329,18,0
2024-11-01 02:00:00,0.86347,0.86389,0.86334,0.86379,951,18,0
2024-11-01 02:30:00,0.86379,0.86384,0.8632,0.86343,1029,18,0
2024-11-01 03:00:00,0.86342,0.86352,0.86311,0.86349,1054,18,0
2024-11-01 03:30:00,0.8635,0.86373,0.86333,0.86347,786,18,0
2024-11-01 04:00:00,0.86346,0.86381,0.86345,0.86368,1589,19,0
2024-11-01 04:30:00,0.86368,0.86412,0.86368,0.8639,714,18,0
2024-11-01 05:00:00,0.8639,0.86409,0.86375,0.86403,402,18,0
2024-11-01 05:30:00,0.86403,0.86407,0.86375,0.86395,806,18,0
2024-11-01 06:00:00,0.86396,0.86404,0.86389,0.86396,1203,18,0
2024-11-01 06:30:00,0.86396,0.86413,0.86388,0.86407,590,18,0
2024-11-01 07:00:00,0.86405,0.8642,0.86389,0.8641,953,18,0
2024-11-01 07:30:00,0.86411,0.86428,0.86406,0.86411,953,18,0
2024-11-01 08:00:00,0.8641,0.8643,0.86393,0.8641,914,18,0
2024-11-01 08:30:00,0.8641,0.86437,0.86397,0.86406,730,18,0
2024-11-01 09:00:00,0.86406,0.8643,0.86384,0.86404,884,18,0
2024-11-01 09:30:00,0.86404,0.86843,0.86404,0.8684,2700,18,0
2024-11-01 10:00:00,0.86842,0.8693,0.86785,0.86788,2165,18,0
2024-11-01 10:30:00,0.86788,0.86838,0.86738,0.86804,1288,18,0
2024-11-01 11:00:00,0.86804,0.86828,0.86736,0.86797,1175,18,0
2024-11-01 11:30:00,0.86794,0.86805,0.86766,0.86798,1028,18,0
2024-11-01 12:00:00,0.86798,0.86836,0.86796,0.86818,936,18,0
2024-11-01 12:30:00,0.86819,0.8682,0.86767,0.86769,985,18,0
2024-11-01 13:00:00,0.86769,0.868,0.86724,0.86795,922,18,0
2024-11-01 13:30:00,0.86796,0.86816,0.86736,0.86749,938,18,0
2024-11-01 14:00:00,0.86749,0.86816,0.86707,0.86751,1731,18,0
2024-11-01 14:30:00,0.86755,0.86755,0.86381,0.86534,6122,18,0
2024-11-01 15:00:00,0.86533,0.86709,0.86527,0.867,3680,18,0
2024-11-01 15:30:00,0.86702,0.86801,0.86692,0.86751,3386,18,0
2024-11-01 16:00:00,0.86752,0.86935,0.86716,0.86917,4198,18,0
2024-11-01 16:30:00,0.86918,0.8698,0.86885,0.86922,3107,18,0
2024-11-01 17:00:00,0.86922,0.86984,0.86898,0.86942,2089,18,0
2024-11-01 17:30:00,0.86942,0.87043,0.86927,0.8703,2122,18,0
2024-11-01 18:00:00,0.87032,0.87036,0.86954,0.86981,1550,18,0
2024-11-01 18:30:00,0.86977,0.86999,0.86898,0.86915,1153,18,0
2024-11-01 19:00:00,0.86915,0.8698,0.86909,0.86972,867,18,0
2024-11-01 19:30:00,0.86973,0.87076,0.86973,0.87043,961,18,0
2024-11-01 20:00:00,0.87043,0.87046,0.86984,0.86987,1034,18,0
2024-11-01 20:30:00,0.86987,0.87036,0.86966,0.87033,801,18,0
2024-11-01 21:00:00,0.87034,0.87068,0.87026,0.87056,792,18,0
2024-11-01 21:30:00,0.87055,0.87083,0.87047,0.87047,807,18,0
2024-11-01 22:00:00,0.87047,0.871,0.87039,0.87045,680,18,0
2024-11-01 22:30:00,0.87044,0.87049,0.86954,0.86969,1243,24,0
2024-11-04 00:00:00,0.86691,0.86711,0.86684,0.8671,39,120,0
2024-11-04 00:30:00,0.86711,0.86717,0.86698,0.86711,72,120,0
2024-11-04 01:00:00,0.86708,0.868,0.86708,0.86784,1289,18,0
2024-11-04 01:30:00,0.86788,0.86788,0.86727,0.86758,933,18,0
2024-11-04 02:00:00,0.86759,0.86759,0.86695,0.86705,1173,18,0
2024-11-04 02:30:00,0.86705,0.86726,0.86667,0.86696,1087,20,0
2024-11-04 03:00:00,0.86697,0.86704,0.86565,0.86574,1554,18,0
2024-11-04 03:30:00,0.86573,0.86603,0.86522,0.86544,1511,18,0
2024-11-04 04:00:00,0.86544,0.86556,0.86501,0.86509,1223,18,0
2024-11-04 04:30:00,0.86509,0.86518,0.86458,0.86469,971,18,0
2024-11-04 05:00:00,0.86469,0.86469,0.86419,0.8645,936,18,0
2024-11-04 05:30:00,0.8645,0.86456,0.86415,0.86445,754,18,0
2024-11-04 06:00:00,0.86444,0.86488,0.86437,0.86481,750,18,0
2024-11-04 06:30:00,0.8648,0.86507,0.86449,0.86501,323,18,0
2024-11-04 07:00:00,0.86502,0.86527,0.865,0.86523,667,18,0
2024-11-04 07:30:00,0.86525,0.8653,0.86492,0.86501,747,18,0
2024-11-04 08:00:00,0.86502,0.86528,0.86475,0.86503,928,18,0
2024-11-04 08:30:00,0.86502,0.86567,0.86502,0.86566,894,18,0
2024-11-04 09:00:00,0.86566,0.86589,0.86526,0.86535,1639,18,0
2024-11-04 09:30:00,0.86536,0.86554,0.8649,0.8655,1211,18,0
2024-11-04 10:00:00,0.8655,0.86556,0.86444,0.86455,1539,18,0
2024-11-04 10:30:00,0.86454,0.86498,0.86435,0.86458,1478,18,0
2024-11-04 11:00:00,0.86459,0.86468,0.86365,0.86368,1223,18,0
2024-11-04 11:30:00,0.86367,0.86378,0.86301,0.86353,1138,18,0
2024-11-04 12:00:00,0.86353,0.86389,0.86333,0.86339,980,18,0
2024-11-04 12:30:00,0.86339,0.86363,0.86286,0.8635,945,18,0
2024-11-04 13:00:00,0.86351,0.86364,0.86283,0.86321,1007,18,0
2024-11-04 13:30:00,0.86321,0.86323,0.86192,0.86197,1133,18,0
2024-11-04 14:00:00,0.86198,0.863,0.86193,0.86259,1081,18,0
2024-11-04 14:30:00,0.86261,0.86342,0.86258,0.86311,891,18,0
2024-11-04 15:00:00,0.86311,0.86383,0.86255,0.86377,1779,18,0
2024-11-04 15:30:00,0.86381,0.864,0.8628,0.86307,1543,18,0
2024-11-04 16:00:00,0.86307,0.86325,0.86224,0.86315,1882,18,0
2024-11-04 16:30:00,0.86316,0.86318,0.86232,0.86247,2234,18,0
2024-11-04 17:00:00,0.86246,0.86271,0.86141,0.86257,2404,18,0
2024-11-04 17:30:00,0.86257,0.86299,0.86192,0.86268,2018,18,0
2024-11-04 18:00:00,0.86268,0.86337,0.86262,0.86303,1958,18,0
2024-11-04 18:30:00,0.86303,0.86337,0.86282,0.86319,1083,18,0
2024-11-04 19:00:00,0.86317,0.86367,0.8627,0.86276,997,18,0
2024-11-04 19:30:00,0.86276,0.86349,0.86269,0.86288,760,18,0
2024-11-04 20:00:00,0.86288,0.86376,0.8628,0.86374,1081,18,0
2024-11-04 20:30:00,0.86373,0.86385,0.86306,0.86311,726,18,0
2024-11-04 21:00:00,0.86311,0.86358,0.86298,0.8635,735,18,0
2024-11-04 21:30:00,0.86351,0.86367,0.86326,0.86361,630,18,0
2024-11-04 22:00:00,0.86362,0.86385,0.86356,0.8638,535,18,0
2024-11-04 22:30:00,0.8638,0.86409,0.86378,0.86404,700,18,0
2024-11-04 23:00:00,0.86403,0.86424,0.86401,0.86413,1361,19,0
2024-11-04 23:30:00,0.86412,0.86422,0.86357,0.86357,870,19,0
2024-11-05 00:00:00,0.86389,0.86397,0.86358,0.8638,81,93,0
2024-11-05 00:30:00,0.8639,0.86416,0.86385,0.86411,992,41,0
2024-11-05 01:00:00,0.86402,0.86415,0.86395,0.86403,202,20,0
2024-11-05 01:30:00,0.86403,0.86416,0.864,0.86411,313,19,0
2024-11-05 02:00:00,0.8641,0.86412,0.86378,0.86382,550,19,0
2024-11-05 02:30:00,0.86383,0.86403,0.8637,0.86377,810,20,0
2024-11-05 03:00:00,0.86378,0.8642,0.86375,0.864,627,19,0
2024-11-05 03:30:00,0.864,0.86407,0.86391,0.86397,538,19,0
2024-11-05 04:00:00,0.86396,0.86413,0.8639,0.86402,431,19,0
2024-11-05 04:30:00,0.86401,0.86423,0.86393,0.86412,833,19,0
2024-11-05 05:00:00,0.86412,0.86413,0.86393,0.86399,634,19,0
2024-11-05 05:30:00,0.86398,0.86417,0.86398,0.86412,273,19,0
2024-11-05 06:00:00,0.86412,0.86427,0.86411,0.86413,642,21,0
2024-11-05 06:30:00,0.86413,0.86443,0.864,0.86423,405,19,0
2024-11-05 07:00:00,0.86422,0.86437,0.86415,0.86421,571,20,0
2024-11-05 07:30:00,0.86422,0.86422,0.86395,0.86401,316,18,0
2024-11-05 08:00:00,0.86404,0.86413,0.86393,0.86409,578,18,0
2024-11-05 08:30:00,0.86408,0.86435,0.864,0.86408,773,18,0
2024-11-05 09:00:00,0.86406,0.86424,0.86398,0.86401,819,18,0
2024-11-05 09:30:00,0.86401,0.86417,0.86349,0.86358,802,18,0
2024-11-05 10:00:00,0.86365,0.86407,0.86313,0.86322,1327,18,0
2024-11-05 10:30:00,0.86322,0.86329,0.86237,0.86237,1085,18,0
2024-11-05 11:00:00,0.86239,0.8624,0.86163,0.86218,961,18,0
2024-11-05 11:30:00,0.86218,0.86231,0.86183,0.86202,856,18,0
2024-11-05 12:00:00,0.86201,0.86248,0.86159,0.86226,838,18,0
2024-11-05 12:30:00,0.86226,0.86241,0.86177,0.86193,688,18,0
2024-11-05 13:00:00,0.86193,0.86209,0.86157,0.86166,769,18,0
2024-11-05 13:30:00,0.86166,0.86181,0.86151,0.8616,472,18,0
2024-11-05 14:00:00,0.86159,0.86233,0.86152,0.86223,630,18,0
2024-11-05 14:30:00,0.86222,0.86288,0.86221,0.86277,629,20,0
2024-11-05 15:00:00,0.86277,0.86297,0.86242,0.86278,893,20,0
2024-11-05 15:30:00,0.86279,0.86318,0.86227,0.86311,1523,20,0
2024-11-05 16:00:00,0.86311,0.86363,0.86261,0.86295,1490,20,0
2024-11-05 16:30:00,0.86296,0.86355,0.86264,0.86294,1596,19,0
2024-11-05 17:00:00,0.86424,0.86455,0.86349,0.86368,3151,19,0
2024-11-05 17:30:00,0.86371,0.86431,0.8631,0.86423,2030,20,0
2024-11-05 18:00:00,0.86423,0.86456,0.8631,0.8634,1475,20,0
2024-11-05 18:30:00,0.8634,0.86397,0.86314,0.8634,1354,20,0
2024-11-05 19:00:00,0.86341,0.86342,0.86276,0.86297,905,20,0
2024-11-05 19:30:00,0.86297,0.86318,0.86265,0.86278,840,20,0
2024-11-05 20:00:00,0.86278,0.86285,0.86217,0.86223,1061,20,0
2024-11-05 20:30:00,0.86223,0.86298,0.86203,0.86287,1197,20,0
2024-11-05 21:00:00,0.86288,0.86317,0.86282,0.86295,818,20,0
2024-11-05 21:30:00,0.86294,0.8631,0.86266,0.863,762,20,0
2024-11-05 22:00:00,0.86299,0.86336,0.86295,0.86331,1070,20,0
2024-11-05 22:30:00,0.86331,0.86352,0.86319,0.86326,1044,20,0
2024-11-05 23:00:00,0.86327,0.86333,0.86304,0.86316,551,21,0
2024-11-05 23:30:00,0.86315,0.86327,0.86282,0.86285,650,24,0
2024-11-06 00:00:00,0.86302,0.86302,0.86261,0.86296,40,40,0
2024-11-06 00:30:00,0.86283,0.86296,0.8624,0.86256,69,41,0
2024-11-06 01:00:00,0.86259,0.86401,0.86255,0.86366,1628,20,0
2024-11-06 01:30:00,0.86367,0.86383,0.86207,0.86235,2251,19,0
2024-11-06 02:00:00,0.86234,0.86626,0.86187,0.86623,5046,19,0
2024-11-06 02:30:00,0.86621,0.86852,0.86619,0.86847,6415,19,0
2024-11-06 03:00:00,0.86845,0.86988,0.86718,0.86929,6426,19,0
2024-11-06 03:30:00,0.86929,0.8696,0.86766,0.869,4437,19,0
2024-11-06 04:00:00,0.86898,0.87184,0.86886,0.87184,5306,19,0
2024-11-06 04:30:00,0.87182,0.87269,0.87098,0.87256,6731,19,0
2024-11-06 05:00:00,0.87255,0.87407,0.87141,0.87323,6193,19,0
2024-11-06 05:30:00,0.87326,0.87528,0.87273,0.87328,5709,19,0
2024-11-06 06:00:00,0.87329,0.87342,0.87165,0.87255,4980,19,0
2024-11-06 06:30:00,0.87257,0.87291,0.87049,0.87144,4189,19,0
2024-11-06 07:00:00,0.87143,0.87159,0.86824,0.8708,5815,19,0
2024-11-06 07:30:00,0.87079,0.87278,0.87074,0.8713,4602,19,0
2024-11-06 08:00:00,0.87127,0.87346,0.87093,0.87319,4407,19,0
2024-11-06 08:30:00,0.8732,0.8745,0.8725,0.87317,4922,20,0
2024-11-06 09:00:00,0.87315,0.87347,0.87182,0.87242,4967,20,0
2024-11-06 09:30:00,0.87239,0.87461,0.87237,0.87444,4959,20,0
2024-11-06 10:00:00,0.87445,0.87477,0.87334,0.87387,4523,20,0
2024-11-06 10:30:00,0.87388,0.87456,0.87279,0.87331,3927,20,0
2024-11-06 11:00:00,0.87332,0.87481,0.8732,0.87421,3267,20,0
2024-11-06 11:30:00,0.8742,0.87476,0.87345,0.8741,3021,20,0
2024-11-06 12:00:00,0.8741,0.87499,0.87373,0.87406,2390,20,0
2024-11-06 12:30:00,0.87406,0.87548,0.87398,0.8754,2086,20,0
2024-11-06 13:00:00,0.8754,0.87662,0.8752,0.87653,3359,20,0
2024-11-06 13:30:00,0.87652,0.87689,0.87606,0.87624,3142,20,0
2024-11-06 14:00:00,0.8762,0.87697,0.87554,0.87691,2897,20,0
2024-11-06 14:30:00,0.87691,0.87725,0.87605,0.87679,3434,20,0
2024-11-06 15:00:00,0.87681,0.87695,0.87495,0.87686,3824,20,0
2024-11-06 15:30:00,0.87686,0.87686,0.8757,0.87616,3357,20,0
2024-11-06 16:00:00,0.87617,0.87628,0.87535,0.87614,3515,20,0
2024-11-06 16:30:00,0.87614,0.87667,0.87511,0.87536,4021,20,0
2024-11-06 17:00:00,0.87535,0.87621,0.87395,0.87523,4171,19,0
2024-11-06 17:30:00,0.87523,0.8762,0.87456,0.87513,4458,19,0
2024-11-06 18:00:00,0.87512,0.87611,0.87449,0.87572,3422,20,0
2024-11-06 18:30:00,0.87571,0.87661,0.87568,0.87606,1937,20,0
2024-11-06 19:00:00,0.87604,0.87656,0.8752,0.87542,2105,20,0
2024-11-06 19:30:00,0.87543,0.87628,0.87534,0.87622,1571,20,0
2024-11-06 20:00:00,0.87623,0.87633,0.87482,0.87516,2843,20,0
2024-11-06 20:30:00,0.87515,0.8756,0.87496,0.87515,1631,20,0
2024-11-06 21:00:00,0.87514,0.87607,0.87511,0.87571,2199,20,0
2024-11-06 21:30:00,0.87572,0.87619,0.87548,0.876,1824,20,0
2024-11-06 22:00:00,0.87601,0.87631,0.8758,0.87596,974,20,0
2024-11-06 22:30:00,0.87597,0.87635,0.87591,0.87624,1153,20,0
2024-11-06 23:00:00,0.87623,0.87656,0.87621,0.87647,745,20,0
2024-11-06 23:30:00,0.87648,0.8766,0.87584,0.87599,593,24,0
2024-11-07 00:00:00,0.87583,0.87601,0.87553,0.87596,58,76,0
2024-11-07 00:30:00,0.87583,0.8761,0.8758,0.87595,367,62,0
2024-11-07 01:00:00,0.87596,0.87614,0.87562,0.87599,833,23,0
2024-11-07 01:30:00,0.876,0.87604,0.8754,0.87561,912,20,0
2024-11-07 02:00:00,0.87562,0.87678,0.87552,0.87664,1319,20,0
2024-11-07 02:30:00,0.87664,0.87715,0.87661,0.87706,1121,20,0
2024-11-07 03:00:00,0.87708,0.87726,0.87638,0.87697,1793,20,0
2024-11-07 03:30:00,0.87696,0.87734,0.87591,0.87641,1750,20,0
2024-11-07 04:00:00,0.87641,0.87649,0.8755,0.87561,1220,20,0
2024-11-07 04:30:00,0.87561,0.87569,0.8752,0.87545,872,20,0
2024-11-07 05:00:00,0.87546,0.87591,0.87544,0.87575,560,20,0
2024-11-07 05:30:00,0.87573,0.876,0.87562,0.87587,485,21,0
2024-11-07 06:00:00,0.87587,0.87629,0.87527,0.87566,875,20,0
2024-11-07 06:30:00,0.87567,0.87577,0.87541,0.87559,621,20,0
2024-11-07 07:00:00,0.87558,0.8758,0.87548,0.87559,579,20,0
2024-11-07 07:30:00,0.87557,0.87577,0.87493,0.87498,735,20,0
2024-11-07 08:00:00,0.87497,0.87523,0.87495,0.87508,937,20,0
2024-11-07 08:30:00,0.87507,0.8751,0.87477,0.8748,1160,20,0
2024-11-07 09:00:00,0.87482,0.87484,0.8735,0.87409,1902,20,0
2024-11-07 09:30:00,0.8741,0.87512,0.8739,0.87511,1644,20,0
2024-11-07 10:00:00,0.87511,0.87564,0.87445,0.8747,2582,20,0
2024-11-07 10:30:00,0.87471,0.87616,0.8745,0.87574,1916,20,0
2024-11-07 11:00:00,0.87575,0.87653,0.87559,0.87561,1617,20,0
2024-11-07 11:30:00,0.8756,0.87614,0.87542,0.8761,1220,20,0
2024-11-07 12:00:00,0.87612,0.87632,0.87565,0.87616,1246,20,0
2024-11-07 12:30:00,0.87618,0.8768,0.87599,0.87658,1040,20,0
2024-11-07 13:00:00,0.87657,0.87718,0.87621,0.87632,996,20,0
2024-11-07 13:30:00,0.87632,0.87688,0.87622,0.87673,1034,19,0
2024-11-07 14:00:00,0.87674,0.8769,0.87598,0.87605,2316,19,0
2024-11-07 14:30:00,0.87606,0.87622,0.87473,0.87478,2129,19,0
2024-11-07 15:00:00,0.87476,0.87487,0.87374,0.8741,2608,20,0
2024-11-07 15:30:00,0.87402,0.87497,0.87372,0.87391,4176,19,0
2024-11-07 16:00:00,0.87389,0.87484,0.8738,0.8739,2327,20,0
2024-11-07 16:30:00,0.8739,0.87424,0.87195,0.87253,3046,20,0
2024-11-07 17:00:00,0.87253,0.87293,0.87156,0.87162,2585,20,0
2024-11-07 17:30:00,0.87163,0.87214,0.87084,0.87158,3030,20,0
2024-11-07 18:00:00,0.87156,0.87295,0.87135,0.87265,2721,20,0
2024-11-07 18:30:00,0.87265,0.87268,0.87188,0.87232,1835,20,0
2024-11-07 19:00:00,0.87233,0.87281,0.87189,0.87198,1414,20,0
2024-11-07 19:30:00,0.87197,0.87246,0.87177,0.87213,939,20,0
2024-11-07 20:00:00,0.87213,0.87273,0.87212,0.87259,990,20,0
2024-11-07 20:30:00,0.87258,0.8731,0.8725,0.87273,946,20,0
2024-11-07 21:00:00,0.8727,0.87506,0.87269,0.87367,4325,20,0
2024-11-07 21:30:00,0.87367,0.87498,0.87238,0.87336,5672,20,0
2024-11-07 22:00:00,0.87338,0.87352,0.87173,0.87231,4110,20,0
2024-11-07 22:30:00,0.87229,0.87281,0.87169,0.87172,2034,20,0
2024-11-07 23:00:00,0.87175,0.87203,0.8715,0.872,799,20,0
2024-11-07 23:30:00,0.87199,0.87251,0.87191,0.87201,597,24,0
2024-11-08 00:00:00,0.87197,0.8724,0.87168,0.87171,65,110,0
2024-11-08 00:30:00,0.87169,0.8719,0.87166,0.87166,177,61,0
2024-11-08 01:00:00,0.87171,0.87266,0.87171,0.87234,989,21,0
2024-11-08 01:30:00,0.87238,0.87274,0.87215,0.87266,725,20,0
2024-11-08 02:00:00,0.87262,0.87292,0.8723,0.87259,880,20,0
2024-11-08 02:30:00,0.87259,0.8732,0.87245,0.873,1060,20,0
2024-11-08 03:00:00,0.87299,0.87335,0.87291,0.87326,840,20,0
2024-11-08 03:30:00,0.87327,0.8736,0.8727,0.8728,1167,20,0
2024-11-08 04:00:00,0.87279,0.87293,0.87245,0.87276,1211,20,0
2024-11-08 04:30:00,0.87278,0.87328,0.87259,0.87302,1165,20,0
2024-11-08 05:00:00,0.87303,0.87303,0.87252,0.8727,816,21,0
2024-11-08 05:30:00,0.87269,0.87286,0.87236,0.87281,867,20,0
2024-11-08 06:00:00,0.87282,0.87322,0.87251,0.87278,929,20,0
2024-11-08 06:30:00,0.87277,0.87296,0.87271,0.87275,741,20,0
2024-11-08 07:00:00,0.87275,0.87287,0.87239,0.87278,739,20,0
2024-11-08 07:30:00,0.87277,0.8733,0.87277,0.8729,775,21,0
2024-11-08 08:00:00,0.87291,0.87331,0.87279,0.87305,982,20,0
2024-11-08 08:30:00,0.87305,0.8733,0.87254,0.87262,954,20,0
2024-11-08 09:00:00,0.8726,0.87296,0.87241,0.87283,1327,20,0
2024-11-08 09:30:00,0.87282,0.87321,0.87261,0.8729,988,20,0
2024-11-08 10:00:00,0.87289,0.87372,0.87263,0.87264,3195,20,0
2024-11-08 10:30:00,0.87262,0.87282,0.87186,0.87211,2266,20,0
2024-11-08 11:00:00,0.87212,0.87229,0.87174,0.87201,1731,20,0
2024-11-08 11:30:00,0.87202,0.8722,0.8714,0.87144,1394,20,0
2024-11-08 12:00:00,0.87144,0.87179,0.87121,0.87135,1428,20,0
2024-11-08 12:30:00,0.8714,0.8717,0.87017,0.87023,1504,20,0
2024-11-08 13:00:00,0.87023,0.87077,0.87009,0.87028,1038,20,0
2024-11-08 13:30:00,0.87028,0.87094,0.87,0.87083,1195,20,0
2024-11-08 14:00:00,0.87082,0.87176,0.87076,0.87142,1287,20,0
2024-11-08 14:30:00,0.87141,0.87197,0.8711,0.87174,1689,20,0
2024-11-08 15:00:00,0.87175,0.87277,0.8716,0.87225,2130,19,0
2024-11-08 15:30:00,0.87225,0.87383,0.87225,0.87378,2693,19,0
2024-11-08 16:00:00,0.87377,0.87402,0.87246,0.87251,2255,20,0
2024-11-08 16:30:00,0.87251,0.87396,0.87243,0.8737,2401,20,0
2024-11-08 17:00:00,0.87384,0.87439,0.87338,0.87373,3166,20,0
2024-11-08 17:30:00,0.87373,0.87419,0.87335,0.87348,2427,20,0
2024-11-08 18:00:00,0.87347,0.8745,0.87324,0.8742,2090,20,0
2024-11-08 18:30:00,0.8742,0.87549,0.87418,0.87543,1985,20,0
2024-11-08 19:00:00,0.87542,0.87668,0.87536,0.87614,2859,20,0
2024-11-08 19:30:00,0.87615,0.87645,0.87565,0.8761,1842,20,0
2024-11-08 20:00:00,0.87611,0.87633,0.87551,0.87631,1349,20,0
2024-11-08 20:30:00,0.87633,0.8768,0.87619,0.87629,1171,20,0
2024-11-08 21:00:00,0.8763,0.87641,0.8759,0.87627,1395,20,0
2024-11-08 21:30:00,0.87628,0.87635,0.87577,0.87598,939,20,0
2024-11-08 22:00:00,0.87598,0.87621,0.87586,0.87599,813,20,0
2024-11-08 22:30:00,0.87598,0.87602,0.87534,0.87545,892,20,0
2024-11-08 23:00:00,0.87544,0.87548,0.87526,0.87543,585,22,0
2024-11-08 23:30:00,0.87543,0.87566,0.87529,0.87541,486,25,0
2024-11-11 00:00:00,0.87554,0.87589,0.8747,0.87496,312,115,0
2024-11-11 00:30:00,0.87495,0.87569,0.87465,0.87534,281,115,0
2024-11-11 01:00:00,0.87557,0.87641,0.87544,0.87615,581,22,0
2024-11-11 01:30:00,0.87615,0.8762,0.87587,0.87603,576,20,0
2024-11-11 02:00:00,0.87605,0.87668,0.8759,0.8759,1155,20,0
2024-11-11 02:30:00,0.87593,0.87641,0.87588,0.87633,719,20,0
2024-11-11 03:00:00,0.87632,0.87645,0.8757,0.87579,1064,20,0
2024-11-11 03:30:00,0.87577,0.87627,0.87576,0.87615,1318,20,0
2024-11-11 04:00:00,0.87614,0.87621,0.8758,0.8761,928,20,0
2024-11-11 04:30:00,0.8761,0.87652,0.87602,0.87635,969,20,0
2024-11-11 05:00:00,0.87638,0.87639,0.87608,0.8763,416,20,0
2024-11-11 05:30:00,0.8763,0.87683,0.87626,0.87668,539,20,0
2024-11-11 06:00:00,0.87669,0.87694,0.87665,0.87688,404,20,0
2024-11-11 06:30:00,0.87688,0.87733,0.87682,0.87705,587,20,0
2024-11-11 07:00:00,0.87705,0.87716,0.87685,0.87705,523,20,0
2024-11-11 07:30:00,0.87705,0.87713,0.87664,0.87667,349,20,0
2024-11-11 08:00:00,0.87669,0.87684,0.87646,0.87681,621,20,0
2024-11-11 08:30:00,0.8768,0.87689,0.87658,0.87667,361,20,0
2024-11-11 09:00:00,0.87664,0.87728,0.87641,0.87674,1110,20,0
2024-11-11 09:30:00,0.87674,0.87823,0.8767,0.87803,2041,20,0
2024-11-11 10:00:00,0.87803,0.87849,0.8776,0.87834,1798,20,0
2024-11-11 10:30:00,0.87836,0.8788,0.87834,0.87877,1272,20,0
2024-11-11 11:00:00,0.87877,0.87918,0.87847,0.87912,978,20,0
2024-11-11 11:30:00,0.87913,0.87917,0.87805,0.87824,1419,20,0
2024-11-11 12:00:00,0.87825,0.87885,0.87812,0.87875,908,20,0
2024-11-11 12:30:00,0.87874,0.87934,0.87853,0.87929,1070,20,0
2024-11-11 13:00:00,0.87929,0.8795,0.87897,0.87916,1404,20,0
2024-11-11 13:30:00,0.87917,0.87947,0.8789,0.8793,1275,20,0
2024-11-11 14:00:00,0.8793,0.87955,0.87918,0.87951,1004,20,0
2024-11-11 14:30:00,0.87951,0.8797,0.87912,0.87966,990,20,0
2024-11-11 15:00:00,0.87967,0.8799,0.87928,0.8799,1327,20,0
2024-11-11 15:30:00,0.87988,0.88062,0.87962,0.87967,2582,20,0
2024-11-11 16:00:00,0.87967,0.87971,0.87903,0.87935,1648,20,0
2024-11-11 16:30:00,0.87937,0.88068,0.87927,0.88013,2268,20,0
2024-11-11 17:00:00,0.8801,0.88017,0.87947,0.8799,1696,20,0
2024-11-11 17:30:00,0.87989,0.88045,0.87971,0.87981,1642,20,0
2024-11-11 18:00:00,0.87981,0.88037,0.8797,0.88006,1303,20,0
2024-11-11 18:30:00,0.88006,0.88025,0.87984,0.87999,822,20,0
2024-11-11 19:00:00,0.87998,0.88033,0.87959,0.88023,644,20,0
2024-11-11 19:30:00,0.88022,0.88045,0.87991,0.88012,617,20,0
2024-11-11 20:00:00,0.88011,0.88022,0.87976,0.88005,432,20,0
2024-11-11 20:30:00,0.88006,0.88028,0.87994,0.88015,447,20,0
2024-11-11 21:00:00,0.88017,0.88051,0.88016,0.88039,485,20,0
2024-11-11 21:30:00,0.88039,0.88083,0.88029,0.8808,501,20,0
2024-11-11 22:00:00,0.8808,0.88081,0.88055,0.88068,545,21,0
2024-11-11 22:30:00,0.88067,0.88088,0.88047,0.88055,710,20,0
2024-11-11 23:00:00,0.88055,0.88066,0.88041,0.88055,308,21,0
2024-11-11 23:30:00,0.88056,0.88084,0.88056,0.88074,384,25,0
2024-11-12 00:00:00,0.87971,0.88031,0.8788,0.88031,80,66,0
2024-11-12 00:30:00,0.88031,0.88048,0.88001,0.88048,22,42,0
2024-11-12 01:00:00,0.88048,0.88066,0.88042,0.88048,310,22,0
2024-11-12 01:30:00,0.88047,0.88047,0.88018,0.88023,482,22,0
2024-11-12 02:00:00,0.88023,0.88074,0.88019,0.88058,685,20,0
2024-11-12 02:30:00,0.88059,0.88075,0.88047,0.88055,701,20,0
2024-11-12 03:00:00,0.88052,0.88117,0.88046,0.88108,911,20,0
2024-11-12 03:30:00,0.88107,0.88146,0.88064,0.88145,818,21,0
2024-11-12 04:00:00,0.88143,0.88163,0.88091,0.88115,849,20,0
2024-11-12 04:30:00,0.88113,0.88133,0.88084,0.88123,1299,20,0
2024-11-12 05:00:00,0.88125,0.88125,0.88085,0.88099,1152,20,0
2024-11-12 05:30:00,0.88099,0.88144,0.88093,0.88125,555,21,0
2024-11-12 06:00:00,0.88125,0.88126,0.88079,0.88104,620,20,0
2024-11-12 06:30:00,0.88104,0.88131,0.88089,0.88093,814,20,0
2024-11-12 07:00:00,0.88092,0.88134,0.88076,0.88127,861,20,0
2024-11-12 07:30:00,0.88129,0.88135,0.88091,0.88127,958,20,0
2024-11-12 08:00:00,0.88128,0.88165,0.88128,0.88149,979,20,0
2024-11-12 08:30:00,0.88149,0.88204,0.88148,0.88166,1173,20,0
2024-11-12 09:00:00,0.88167,0.88228,0.88137,0.88201,1938,20,0
2024-11-12 09:30:00,0.882,0.88229,0.88129,0.88149,1694,20,0
2024-11-12 10:00:00,0.88151,0.88183,0.88077,0.88161,2158,20,0
2024-11-12 10:30:00,0.88161,0.88197,0.88105,0.88142,2146,20,0
2024-11-12 11:00:00,0.88142,0.88214,0.8814,0.88203,1506,20,0
2024-11-12 11:30:00,0.88204,0.88274,0.88203,0.88244,1376,20,0
2024-11-12 12:00:00,0.88248,0.88283,0.88231,0.88264,1472,20,0
2024-11-12 12:30:00,0.88265,0.88299,0.88228,0.88246,1222,20,0
2024-11-12 13:00:00,0.88246,0.88247,0.88105,0.88107,1513,20,0
2024-11-12 13:30:00,0.88108,0.88133,0.88035,0.88038,1545,20,0
2024-11-12 14:00:00,0.8804,0.88154,0.88018,0.88118,1815,20,0
2024-11-12 14:30:00,0.88118,0.88148,0.88058,0.88084,1833,20,0
2024-11-12 15:00:00,0.88085,0.88116,0.8802,0.88039,2261,20,0
2024-11-12 15:30:00,0.88039,0.8815,0.88027,0.8812,2048,20,0
2024-11-12 16:00:00,0.88119,0.88179,0.88113,0.88177,1689,20,0
2024-11-12 16:30:00,0.88174,0.88195,0.88112,0.88148,1980,20,0
2024-11-12 17:00:00,0.88149,0.88196,0.88136,0.88159,1777,20,0
2024-11-12 17:30:00,0.88159,0.88273,0.8814,0.88213,1975,20,0
2024-11-12 18:00:00,0.88209,0.88235,0.8817,0.88197,2201,20,0
2024-11-12 18:30:00,0.88198,0.88294,0.88191,0.88262,1509,20,0
2024-11-12 19:00:00,0.88263,0.88353,0.88248,0.88333,1781,20,0
2024-11-12 19:30:00,0.88333,0.88347,0.88235,0.88243,1681,20,0
2024-11-12 20:00:00,0.88241,0.8826,0.8819,0.88233,1192,20,0
2024-11-12 20:30:00,0.88234,0.88267,0.8821,0.88231,1285,20,0
2024-11-12 21:00:00,0.88231,0.88239,0.88201,0.88217,980,20,0
2024-11-12 21:30:00,0.88219,0.88234,0.88181,0.88232,792,21,0
2024-11-12 22:00:00,0.88232,0.88254,0.88212,0.88246,613,20,0
2024-11-12 22:30:00,0.88246,0.88256,0.88174,0.88189,828,20,0
2024-11-12 23:00:00,0.88189,0.88189,0.88125,0.8816,611,20,0
2024-11-12 23:30:00,0.88159,0.88178,0.88096,0.88096,410,24,0
2024-11-13 00:00:00,0.88101,0.88133,0.88082,0.88113,162,120,0
2024-11-13 00:30:00,0.88111,0.88167,0.88109,0.88144,1159,62,0
2024-11-13 01:00:00,0.88143,0.88191,0.88143,0.88186,278,21,0
2024-11-13 01:30:00,0.88185,0.8821,0.88179,0.88205,667,22,0
2024-11-13 02:00:00,0.88206,0.88274,0.88205,0.88241,795,21,0
2024-11-13 02:30:00,0.88241,0.88262,0.88218,0.88262,593,20,0
2024-11-13 03:00:00,0.88263,0.88266,0.8819,0.88217,1709,20,0
2024-11-13 03:30:00,0.88217,0.88223,0.8816,0.88173,1578,20,0
2024-11-13 04:00:00,0.88172,0.8821,0.88156,0.88201,877,20,0
2024-11-13 04:30:00,0.88201,0.88211,0.88178,0.882,652,20,0
2024-11-13 05:00:00,0.882,0.88221,0.88187,0.8822,618,20,0
2024-11-13 05:30:00,0.88221,0.88247,0.88215,0.88223,596,20,0
2024-11-13 06:00:00,0.88223,0.88228,0.88205,0.88222,667,20,0
2024-11-13 06:30:00,0.88222,0.88255,0.8822,0.88252,390,20,0
2024-11-13 07:00:00,0.88251,0.88289,0.88244,0.88268,445,21,0
2024-11-13 07:30:00,0.88268,0.88276,0.88253,0.88271,570,20,0
2024-11-13 08:00:00,0.88272,0.88329,0.88255,0.88307,1079,20,0
2024-11-13 08:30:00,0.88305,0.88349,0.88299,0.88314,935,20,0
2024-11-13 09:00:00,0.88316,0.88345,0.883,0.88322,1432,20,0
2024-11-13 09:30:00,0.88323,0.88364,0.88245,0.8836,1326,20,0
2024-11-13 10:00:00,0.88359,0.88408,0.88324,0.88378,1825,20,0
2024-11-13 10:30:00,0.88381,0.88384,0.88251,0.8826,1584,20,0
2024-11-13 11:00:00,0.88258,0.88293,0.88218,0.8824,1208,20,0
2024-11-13 11:30:00,0.8824,0.88275,0.8823,0.88247,1414,20,0
2024-11-13 12:00:00,0.88246,0.88312,0.8824,0.88304,952,20,0
2024-11-13 12:30:00,0.88304,0.88339,0.88296,0.88335,816,20,0
2024-11-13 13:00:00,0.88335,0.88337,0.88307,0.8832,604,20,0
2024-11-13 13:30:00,0.88319,0.88344,0.88198,0.88202,1421,20,0
2024-11-13 14:00:00,0.88203,0.88243,0.88178,0.88224,1798,20,0
2024-11-13 14:30:00,0.88224,0.88235,0.88161,0.88165,1569,20,0
2024-11-13 15:00:00,0.88168,0.88264,0.88136,0.88136,2141,19,0
2024-11-13 15:30:00,0.88136,0.88195,0.87964,0.88124,7021,19,0
2024-11-13 16:00:00,0.88124,0.8818,0.88062,0.8817,3934,20,0
2024-11-13 16:30:00,0.88167,0.88403,0.88161,0.88356,5103,20,0
2024-11-13 17:00:00,0.88356,0.88481,0.88336,0.88458,4516,20,0
2024-11-13 17:30:00,0.88461,0.88462,0.88309,0.88332,4490,20,0
2024-11-13 18:00:00,0.88331,0.88409,0.88301,0.8836,3055,20,0
2024-11-13 18:30:00,0.88362,0.88489,0.88343,0.88485,2286,20,0
2024-11-13 19:00:00,0.88485,0.88523,0.88418,0.88496,1769,20,0
2024-11-13 19:30:00,0.88494,0.88518,0.88453,0.88502,1292,20,0
2024-11-13 20:00:00,0.88502,0.8858,0.88497,0.88572,1252,20,0
2024-11-13 20:30:00,0.88573,0.88602,0.88548,0.88595,1111,20,0
2024-11-13 21:00:00,0.88596,0.88612,0.88501,0.88511,1326,20,0
2024-11-13 21:30:00,0.8851,0.88575,0.88493,0.88574,936,20,0
2024-11-13 22:00:00,0.88575,0.88592,0.88548,0.8858,876,20,0
2024-11-13 22:30:00,0.88581,0.88625,0.88575,0.88612,1280,20,0
2024-11-13 23:00:00,0.88611,0.88611,0.88576,0.88593,699,20,0
2024-11-13 23:30:00,0.88593,0.88611,0.88514,0.88522,643,24,0
2024-11-14 00:00:00,0.88518,0.88543,0.88465,0.88528,142,103,0
2024-11-14 00:30:00,0.88526,0.88556,0.88514,0.88534,1761,75,0
2024-11-14 01:00:00,0.88532,0.88598,0.88519,0.88554,1622,20,0
2024-11-14 01:30:00,0.88554,0.88584,0.88549,0.8856,920,20,0
2024-11-14 02:00:00,0.88559,0.88584,0.88556,0.88565,737,20,0
2024-11-14 02:30:00,0.88565,0.88576,0.88539,0.88563,868,20,0
2024-11-14 03:00:00,0.88564,0.88635,0.88564,0.88612,1551,20,0
2024-11-14 03:30:00,0.88611,0.88665,0.88605,0.8864,1070,20,0
2024-11-14 04:00:00,0.88641,0.88667,0.88631,0.88656,711,20,0
2024-11-14 04:30:00,0.88655,0.88719,0.88651,0.88704,778,20,0
2024-11-14 05:00:00,0.88704,0.8872,0.88674,0.88696,764,20,0
2024-11-14 05:30:00,0.88697,0.88727,0.88683,0.88722,845,20,0
2024-11-14 06:00:00,0.88721,0.88742,0.88707,0.8872,649,21,0
2024-11-14 06:30:00,0.88721,0.88747,0.88718,0.88728,571,21,0
2024-11-14 07:00:00,0.88728,0.88776,0.88727,0.8876,789,20,0
2024-11-14 07:30:00,0.88758,0.8876,0.88731,0.88731,711,20,0
2024-11-14 08:00:00,0.88732,0.88744,0.88652,0.88674,919,20,0
2024-11-14 08:30:00,0.88674,0.88718,0.8865,0.88702,927,21,0
2024-11-14 09:00:00,0.88701,0.88746,0.88685,0.88704,1508,20,0
2024-11-14 09:30:00,0.887,0.88722,0.88644,0.88719,1855,20,0
2024-11-14 10:00:00,0.88718,0.88772,0.88653,0.88752,1934,20,0
2024-11-14 10:30:00,0.88754,0.8878,0.88717,0.88747,1552,20,0
2024-11-14 11:00:00,0.88748,0.88892,0.88736,0.88892,1278,20,0
2024-11-14 11:30:00,0.88892,0.88944,0.88883,0.88921,1599,20,0
2024-11-14 12:00:00,0.88923,0.88993,0.8891,0.88982,1474,20,0
2024-11-14 12:30:00,0.88983,0.89065,0.88958,0.89004,1805,20,0
2024-11-14 13:00:00,0.89004,0.89087,0.89004,0.89045,1838,20,0
2024-11-14 13:30:00,0.89044,0.8906,0.88915,0.88936,1976,20,0
2024-11-14 14:00:00,0.88935,0.88991,0.88923,0.88961,1632,20,0
2024-11-14 14:30:00,0.8896,0.88963,0.88883,0.88918,1533,20,0
2024-11-14 15:00:00,0.88917,0.8895,0.88835,0.88841,2434,20,0
2024-11-14 15:30:00,0.88839,0.89057,0.88821,0.88999,6095,20,0
2024-11-14 16:00:00,0.89001,0.89014,0.88797,0.88826,3953,20,0
2024-11-14 16:30:00,0.88825,0.88833,0.8868,0.88785,3663,20,0
2024-11-14 17:00:00,0.88785,0.88794,0.88676,0.88757,3472,20,0
2024-11-14 17:30:00,0.88755,0.88839,0.88733,0.88746,3104,19,0
2024-11-14 18:00:00,0.88746,0.88784,0.88643,0.88686,2573,19,0
2024-11-14 18:30:00,0.88686,0.88802,0.88686,0.88774,1632,20,0
2024-11-14 19:00:00,0.88776,0.88809,0.88732,0.88754,1438,20,0
2024-11-14 19:30:00,0.88754,0.88792,0.88736,0.88763,1303,20,0
2024-11-14 20:00:00,0.88762,0.88854,0.88755,0.88851,1118,20,0
2024-11-14 20:30:00,0.88854,0.88859,0.88822,0.8885,1193,20,0
2024-11-14 21:00:00,0.88849,0.88854,0.88822,0.8885,941,20,0
2024-11-14 21:30:00,0.8885,0.88906,0.88832,0.88858,983,19,0
2024-11-14 22:00:00,0.88859,0.89104,0.88854,0.88992,5182,19,0
2024-11-14 22:30:00,0.88991,0.89168,0.88983,0.89091,3117,19,0
2024-11-14 23:00:00,0.89088,0.89111,0.89051,0.89077,1298,19,0
2024-11-14 23:30:00,0.89077,0.89091,0.88947,0.89009,900,20,0
2024-11-15 00:00:00,0.8901,0.89019,0.88972,0.88991,109,50,0
2024-11-15 00:30:00,0.88994,0.8901,0.88972,0.89008,453,50,0
2024-11-15 01:00:00,0.89003,0.89049,0.88995,0.8904,505,23,0
2024-11-15 01:30:00,0.89041,0.89051,0.8902,0.89038,589,20,0
2024-11-15 02:00:00,0.89037,0.89064,0.89023,0.89056,906,20,0
2024-11-15 02:30:00,0.89056,0.89065,0.89003,0.89018,1255,20,0
2024-11-15 03:00:00,0.89018,0.89031,0.88925,0.88945,1534,20,0
2024-11-15 03:30:00,0.88946,0.89018,0.88944,0.89,1445,20,0
2024-11-15 04:00:00,0.88993,0.88994,0.88914,0.88925,1112,20,0
2024-11-15 04:30:00,0.88926,0.88948,0.88912,0.88927,773,20,0
2024-11-15 05:00:00,0.88926,0.88927,0.88895,0.88915,850,20,0
2024-11-15 05:30:00,0.88919,0.88943,0.88906,0.88941,605,20,0
2024-11-15 06:00:00,0.88941,0.88948,0.88896,0.88908,684,20,0
2024-11-15 06:30:00,0.88909,0.8893,0.889,0.88912,396,20,0
2024-11-15 07:00:00,0.88913,0.88945,0.88913,0.88925,494,20,0
2024-11-15 07:30:00,0.88926,0.88952,0.88902,0.88913,819,20,0
2024-11-15 08:00:00,0.88914,0.88942,0.88883,0.88885,1025,20,0
2024-11-15 08:30:00,0.88885,0.88886,0.88755,0.88806,1670,20,0
2024-11-15 09:00:00,0.88806,0.88842,0.88751,0.88767,1951,20,0
2024-11-15 09:30:00,0.88769,0.88782,0.88718,0.8877,1756,20,0
2024-11-15 10:00:00,0.88772,0.88814,0.88737,0.88742,2052,20,0
2024-11-15 10:30:00,0.8874,0.8874,0.88669,0.88694,1959,20,0
2024-11-15 11:00:00,0.88694,0.88803,0.88684,0.88781,1520,20,0
2024-11-15 11:30:00,0.88781,0.88829,0.88734,0.88824,1635,20,0
2024-11-15 12:00:00,0.88825,0.88847,0.88767,0.88779,1113,20,0
2024-11-15 12:30:00,0.88779,0.88846,0.88735,0.88747,2151,20,0
2024-11-15 13:00:00,0.88745,0.88808,0.88721,0.88726,1324,20,0
2024-11-15 13:30:00,0.88725,0.88782,0.88698,0.8876,1330,20,0
2024-11-15 14:00:00,0.8876,0.88824,0.88731,0.88817,1462,20,0
2024-11-15 14:30:00,0.88818,0.8886,0.88766,0.88766,1699,20,0
2024-11-15 15:00:00,0.88766,0.88767,0.88651,0.88749,2746,19,0
2024-11-15 15:30:00,0.88755,0.88945,0.88674,0.8884,6757,19,0
2024-11-15 16:00:00,0.88843,0.88919,0.88761,0.88878,3786,20,0
2024-11-15 16:30:00,0.88879,0.8899,0.88869,0.889,4312,20,0
2024-11-15 17:00:00,0.88899,0.88927,0.88839,0.88846,3626,20,0
2024-11-15 17:30:00,0.88845,0.88864,0.88749,0.88781,4209,20,0
2024-11-15 18:00:00,0.88781,0.88824,0.8872,0.8878,3151,20,0
2024-11-15 18:30:00,0.88779,0.88808,0.88749,0.88775,2340,20,0
2024-11-15 19:00:00,0.88772,0.88775,0.88694,0.88711,1702,20,0
2024-11-15 19:30:00,0.88709,0.88721,0.88627,0.88674,1879,20,0
2024-11-15 20:00:00,0.88674,0.88688,0.88618,0.88643,1594,20,0
2024-11-15 20:30:00,0.88642,0.88697,0.88582,0.88608,1675,20,0
2024-11-15 21:00:00,0.88609,0.88712,0.88607,0.88706,1582,20,0
2024-11-15 21:30:00,0.88707,0.88773,0.88688,0.88746,905,20,0
2024-11-15 22:00:00,0.88747,0.88825,0.8874,0.88812,1697,20,0
2024-11-15 22:30:00,0.88813,0.88865,0.88789,0.88819,1405,20,0
2024-11-15 23:00:00,0.88819,0.88832,0.88798,0.88801,788,21,0
2024-11-15 23:30:00,0.88802,0.8884,0.8879,0.88803,600,24,0
2024-11-18 00:00:00,0.8873,0.88736,0.88706,0.88732,123,120,0
2024-11-18 00:30:00,0.88734,0.88781,0.88706,0.88748,335,120,0
2024-11-18 01:00:00,0.88749,0.8885,0.88749,0.8885,657,23,0
2024-11-18 01:30:00,0.88849,0.88862,0.88794,0.88838,384,20,0
2024-11-18 02:00:00,0.88838,0.8885,0.88787,0.88801,1093,20,0
2024-11-18 02:30:00,0.88802,0.88803,0.88702,0.88726,1417,20,0
2024-11-18 03:00:00,0.88725,0.88837,0.88702,0.88805,2960,20,0
2024-11-18 03:30:00,0.88806,0.88814,0.88742,0.88758,1518,20,0
2024-11-18 04:00:00,0.88758,0.88796,0.88733,0.88752,863,20,0
2024-11-18 04:30:00,0.88754,0.88796,0.88744,0.88773,754,20,0
2024-11-18 05:00:00,0.88773,0.888,0.88747,0.88789,736,21,0
2024-11-18 05:30:00,0.88787,0.88826,0.88774,0.88785,689,22,0
2024-11-18 06:00:00,0.88784,0.88796,0.88744,0.88748,544,20,0
2024-11-18 06:30:00,0.88746,0.8876,0.88723,0.88743,436,20,0
2024-11-18 07:00:00,0.88744,0.88786,0.88744,0.88771,705,20,0
2024-11-18 07:30:00,0.88773,0.8878,0.88722,0.88755,814,20,0
2024-11-18 08:00:00,0.88756,0.88762,0.8868,0.88691,844,20,0
2024-11-18 08:30:00,0.88692,0.8874,0.88667,0.88737,823,20,0
2024-11-18 09:00:00,0.88735,0.88756,0.88699,0.88739,1203,20,0
2024-11-18 09:30:00,0.8874,0.88754,0.88668,0.88711,1093,20,0
2024-11-18 10:00:00,0.88711,0.8873,0.88648,0.88656,1743,20,0
2024-11-18 10:30:00,0.88655,0.88732,0.88651,0.88712,1604,20,0
2024-11-18 11:00:00,0.88712,0.88716,0.88555,0.88562,1830,20,0
2024-11-18 11:30:00,0.88561,0.88607,0.88533,0.88584,1763,20,0
2024-11-18 12:00:00,0.88586,0.88716,0.88584,0.88706,1366,20,0
2024-11-18 12:30:00,0.88705,0.88728,0.88688,0.88708,1071,20,0
2024-11-18 13:00:00,0.8871,0.88767,0.88707,0.8876,1185,20,0
2024-11-18 13:30:00,0.88759,0.88771,0.88718,0.88752,1067,20,0
2024-11-18 14:00:00,0.88751,0.88808,0.88745,0.888,1152,20,0
2024-11-18 14:30:00,0.888,0.88806,0.88736,0.88789,1272,20,0
2024-11-18 15:00:00,0.88788,0.888,0.88678,0.8869,1696,20,0
2024-11-18 15:30:00,0.88689,0.88704,0.88569,0.88569,2265,20,0
2024-11-18 16:00:00,0.8857,0.88611,0.88549,0.88589,2346,20,0
2024-11-18 16:30:00,0.88589,0.88593,0.88501,0.8858,2364,20,0
2024-11-18 17:00:00,0.88578,0.88641,0.88545,0.88615,1848,20,0
2024-11-18 17:30:00,0.88614,0.88616,0.8852,0.88559,2208,20,0
2024-11-18 18:00:00,0.88561,0.88594,0.88512,0.88575,1788,20,0
2024-11-18 18:30:00,0.88576,0.88608,0.88493,0.88495,1314,20,0
2024-11-18 19:00:00,0.88494,0.88522,0.88453,0.88467,1596,20,0
2024-11-18 19:30:00,0.88466,0.88479,0.8838,0.8841,918,20,0
2024-11-18 20:00:00,0.88413,0.88436,0.88382,0.8839,684,20,0
2024-11-18 20:30:00,0.88391,0.8841,0.88338,0.88345,1073,20,0
2024-11-18 21:00:00,0.88343,0.88357,0.88304,0.88341,974,20,0
2024-11-18 21:30:00,0.88344,0.88362,0.88327,0.88343,873,20,0
2024-11-18 22:00:00,0.88342,0.88342,0.88294,0.88317,680,20,0
2024-11-18 22:30:00,0.88317,0.88342,0.88311,0.88312,743,20,0
2024-11-18 23:00:00,0.88313,0.88328,0.88286,0.8829,432,21,0
2024-11-18 23:30:00,0.8829,0.88307,0.88255,0.88272,599,24,0
2024-11-19 00:00:00,0.88232,0.88318,0.88231,0.88296,551,53,0
2024-11-19 00:30:00,0.88294,0.88305,0.88294,0.88298,50,58,0
2024-11-19 01:00:00,0.88299,0.88335,0.88285,0.8829,347,21,0
2024-11-19 01:30:00,0.88289,0.88317,0.88285,0.88314,292,21,0
2024-11-19 02:00:00,0.88313,0.88329,0.883,0.88315,838,20,0
2024-11-19 02:30:00,0.88315,0.88352,0.88303,0.88337,1531,20,0
2024-11-19 03:00:00,0.88337,0.88342,0.88278,0.88292,1449,20,0
2024-11-19 03:30:00,0.88292,0.88316,0.88276,0.8829,1141,20,0
2024-11-19 04:00:00,0.8829,0.88336,0.88266,0.88318,899,20,0
2024-11-19 04:30:00,0.88318,0.88338,0.88307,0.88329,707,20,0
2024-11-19 05:00:00,0.88329,0.88331,0.88268,0.88292,890,20,0
2024-11-19 05:30:00,0.88293,0.88322,0.88287,0.88305,675,21,0
2024-11-19 06:00:00,0.88303,0.88347,0.88278,0.88342,763,20,0
2024-11-19 06:30:00,0.88343,0.88365,0.8833,0.88359,711,20,0
2024-11-19 07:00:00,0.8836,0.88372,0.88327,0.88344,545,21,0
2024-11-19 07:30:00,0.88344,0.88382,0.88343,0.88376,547,20,0
2024-11-19 08:00:00,0.88377,0.88396,0.88349,0.88386,904,20,0
2024-11-19 08:30:00,0.88389,0.88389,0.88315,0.88344,861,20,0
2024-11-19 09:00:00,0.8834,0.88406,0.88318,0.88394,1499,20,0
2024-11-19 09:30:00,0.88393,0.88414,0.88347,0.88386,1687,20,0
2024-11-19 10:00:00,0.88386,0.88408,0.88338,0.88355,2233,20,0
2024-11-19 10:30:00,0.88354,0.88368,0.88232,0.88297,4738,20,0
2024-11-19 11:00:00,0.88298,0.88426,0.88297,0.88336,4558,20,0
2024-11-19 11:30:00,0.88338,0.88385,0.8831,0.88349,3488,19,0
2024-11-19 12:00:00,0.88348,0.88365,0.88218,0.8826,2689,19,0
2024-11-19 12:30:00,0.88259,0.88318,0.88227,0.88284,1639,20,0
2024-11-19 13:00:00,0.88284,0.88321,0.88256,0.88283,1616,20,0
2024-11-19 13:30:00,0.88284,0.88343,0.88275,0.88337,1257,20,0
2024-11-19 14:00:00,0.88337,0.88355,0.88292,0.88295,1683,20,0
2024-11-19 14:30:00,0.88296,0.88307,0.8824,0.8824,1403,20,0
2024-11-19 15:00:00,0.88242,0.88249,0.88138,0.88155,2451,20,0
2024-11-19 15:30:00,0.88156,0.88184,0.88004,0.88068,4457,20,0
2024-11-19 16:00:00,0.88068,0.88199,0.88051,0.88102,4967,20,0
2024-11-19 16:30:00,0.88103,0.88225,0.88068,0.88212,3958,20,0
2024-11-19 17:00:00,0.88213,0.88252,0.88169,0.88186,2781,20,0
2024-11-19 17:30:00,0.88186,0.88238,0.88159,0.88185,2954,20,0
2024-11-19 18:00:00,0.88184,0.88246,0.88131,0.88242,2203,20,0
2024-11-19 18:30:00,0.88245,0.88304,0.88212,0.88241,1610,20,0
2024-11-19 19:00:00,0.8824,0.8825,0.88169,0.88221,1243,20,0
2024-11-19 19:30:00,0.88221,0.88314,0.88208,0.88313,1256,20,0
2024-11-19 20:00:00,0.88313,0.88434,0.88299,0.88414,1377,20,0
2024-11-19 20:30:00,0.88414,0.88439,0.8831,0.88319,845,20,0
2024-11-19 21:00:00,0.88319,0.88358,0.88299,0.88325,849,20,0
2024-11-19 21:30:00,0.88324,0.88335,0.88256,0.88272,808,20,0
2024-11-19 22:00:00,0.88273,0.88279,0.88233,0.88251,865,20,0
2024-11-19 22:30:00,0.88252,0.88265,0.88219,0.88233,732,20,0
2024-11-19 23:00:00,0.88234,0.88244,0.88218,0.88235,722,21,0
2024-11-19 23:30:00,0.88234,0.88241,0.8817,0.8817,412,24,0
2024-11-20 00:00:00,0.88169,0.88175,0.88168,0.8817,26,118,0
2024-11-20 00:30:00,0.88174,0.88219,0.8817,0.88212,328,61,0
2024-11-20 01:00:00,0.88191,0.88228,0.88189,0.88207,585,22,0
2024-11-20 01:30:00,0.88207,0.88213,0.88188,0.88202,347,20,0
2024-11-20 02:00:00,0.88201,0.88204,0.88162,0.88189,454,20,0
2024-11-20 02:30:00,0.8819,0.88281,0.88186,0.88275,823,20,0
2024-11-20 03:00:00,0.88276,0.88297,0.88246,0.88293,797,20,0
2024-11-20 03:30:00,0.88292,0.88306,0.88246,0.88249,653,20,0
2024-11-20 04:00:00,0.88251,0.8828,0.88237,0.88255,625,20,0
2024-11-20 04:30:00,0.88256,0.88302,0.88251,0.88299,406,20,0
2024-11-20 05:00:00,0.88299,0.883,0.88269,0.88288,598,20,0
2024-11-20 05:30:00,0.88288,0.88336,0.88287,0.88322,420,20,0
2024-11-20 06:00:00,0.88323,0.88368,0.88323,0.88365,439,20,0
2024-11-20 06:30:00,0.88367,0.88367,0.88308,0.88333,404,20,0
2024-11-20 07:00:00,0.88332,0.88344,0.88313,0.88341,406,20,0
2024-11-20 07:30:00,0.88341,0.88355,0.88334,0.8835,407,20,0
2024-11-20 08:00:00,0.88351,0.88403,0.88336,0.88398,788,20,0
2024-11-20 08:30:00,0.88399,0.88429,0.88377,0.88406,958,20,0
2024-11-20 09:00:00,0.88407,0.88415,0.88358,0.88412,1734,20,0
2024-11-20 09:30:00,0.88412,0.88455,0.88408,0.88447,1900,20,0
2024-11-20 10:00:00,0.88446,0.88474,0.88393,0.88394,1645,20,0
2024-11-20 10:30:00,0.88394,0.88446,0.88359,0.88439,1543,20,0
2024-11-20 11:00:00,0.8844,0.88553,0.88428,0.88544,1541,20,0
2024-11-20 11:30:00,0.88545,0.88566,0.8849,0.88538,1421,20,0
2024-11-20 12:00:00,0.88537,0.88554,0.88516,0.88532,1186,20,0
2024-11-20 12:30:00,0.88531,0.88612,0.88518,0.88567,1153,20,0
2024-11-20 13:00:00,0.88565,0.88595,0.8854,0.88549,1197,20,0
2024-11-20 13:30:00,0.88549,0.88566,0.88518,0.88552,1209,20,0
2024-11-20 14:00:00,0.88551,0.88556,0.88486,0.88487,1429,20,0
2024-11-20 14:30:00,0.88487,0.88493,0.88425,0.88453,1306,20,0
2024-11-20 15:00:00,0.88452,0.88468,0.88415,0.88465,1405,20,0
2024-11-20 15:30:00,0.88466,0.8847,0.88412,0.88438,1546,20,0
2024-11-20 16:00:00,0.88437,0.88512,0.88427,0.88491,2108,20,0
2024-11-20 16:30:00,0.8849,0.88541,0.88443,0.88506,2223,20,0
2024-11-20 17:00:00,0.88506,0.88508,0.88352,0.88406,2420,19,0
2024-11-20 17:30:00,0.88406,0.88563,0.88393,0.88543,2386,19,0
2024-11-20 18:00:00,0.88541,0.88582,0.88508,0.88531,2218,20,0
2024-11-20 18:30:00,0.88533,0.88565,0.88515,0.88544,1532,20,0
2024-11-20 19:00:00,0.88543,0.8857,0.88427,0.8844,1141,20,0
2024-11-20 19:30:00,0.88441,0.88462,0.88401,0.88411,904,20,0
2024-11-20 20:00:00,0.88412,0.88482,0.8841,0.88464,1120,20,0
2024-11-20 20:30:00,0.88463,0.88482,0.884,0.88405,945,20,0
2024-11-20 21:00:00,0.88406,0.88407,0.88379,0.88392,836,20,0
2024-11-20 21:30:00,0.88393,0.88433,0.88388,0.88431,710,20,0
2024-11-20 22:00:00,0.88436,0.88462,0.88435,0.88443,628,20,0
2024-11-20 22:30:00,0.88445,0.8847,0.88444,0.88459,646,20,0
2024-11-20 23:00:00,0.88458,0.88469,0.88391,0.88393,591,20,0
2024-11-20 23:30:00,0.88394,0.88424,0.88371,0.88374,429,24,0
2024-11-21 00:00:00,0.88378,0.884,0.8832,0.88371,53,46,0
2024-11-21 00:30:00,0.88365,0.88404,0.88361,0.88366,211,50,0
2024-11-21 01:00:00,0.88375,0.88384,0.88359,0.88366,342,21,0
2024-11-21 01:30:00,0.88365,0.88369,0.88354,0.88358,472,20,0
2024-11-21 02:00:00,0.88357,0.88362,0.88328,0.88345,1066,20,0
2024-11-21 02:30:00,0.88344,0.88345,0.88308,0.88317,768,20,0
2024-11-21 03:00:00,0.88317,0.88331,0.88292,0.88316,719,21,0
2024-11-21 03:30:00,0.88316,0.88333,0.88296,0.88327,981,21,0
2024-11-21 04:00:00,0.88327,0.88327,0.88278,0.88291,1010,21,0
2024-11-21 04:30:00,0.88291,0.88305,0.88277,0.88281,710,20,0
2024-11-21 05:00:00,0.8828,0.883,0.8827,0.88287,768,21,0
2024-11-21 05:30:00,0.88287,0.8829,0.88261,0.88265,381,20,0
2024-11-21 06:00:00,0.88265,0.88279,0.88241,0.88273,450,20,0
2024-11-21 06:30:00,0.88271,0.88285,0.88258,0.88272,397,19,0
2024-11-21 07:00:00,0.88272,0.88297,0.88267,0.88294,425,20,0
2024-11-21 07:30:00,0.88294,0.88309,0.8829,0.88304,691,20,0
2024-11-21 08:00:00,0.88304,0.88308,0.88198,0.88266,1724,20,0
2024-11-21 08:30:00,0.88267,0.8829,0.88233,0.88281,1291,20,0
2024-11-21 09:00:00,0.88281,0.88344,0.88279,0.8833,1993,20,0
2024-11-21 09:30:00,0.8833,0.88395,0.88301,0.88386,2141,20,0
2024-11-21 10:00:00,0.88384,0.88401,0.88289,0.88352,2274,20,0
2024-11-21 10:30:00,0.88353,0.88364,0.88299,0.88307,2420,20,0
2024-11-21 11:00:00,0.88308,0.88324,0.88219,0.88293,2331,20,0
2024-11-21 11:30:00,0.88293,0.88403,0.88281,0.884,2192,20,0
2024-11-21 12:00:00,0.88402,0.8842,0.88361,0.88382,1340,20,0
2024-11-21 12:30:00,0.88379,0.8839,0.88317,0.88362,1195,20,0
2024-11-21 13:00:00,0.88363,0.88384,0.88315,0.88334,1275,20,0
2024-11-21 13:30:00,0.88333,0.88374,0.88316,0.88349,1350,20,0
2024-11-21 14:00:00,0.8835,0.88418,0.88329,0.88396,1097,20,0
2024-11-21 14:30:00,0.88395,0.88396,0.88261,0.88299,1174,20,0
2024-11-21 15:00:00,0.88299,0.8838,0.8828,0.8837,1834,19,0
2024-11-21 15:30:00,0.88371,0.88434,0.88281,0.88326,3788,19,0
2024-11-21 16:00:00,0.88326,0.88447,0.88326,0.88424,2329,20,0
2024-11-21 16:30:00,0.88423,0.88427,0.88301,0.88325,3322,20,0
2024-11-21 17:00:00,0.88326,0.88365,0.88239,0.88341,2587,20,0
2024-11-21 17:30:00,0.88342,0.88487,0.88285,0.88478,2704,20,0
2024-11-21 18:00:00,0.88479,0.88621,0.88467,0.88593,4328,20,0
2024-11-21 18:30:00,0.88592,0.8869,0.88549,0.88651,2542,20,0
2024-11-21 19:00:00,0.88653,0.88691,0.88597,0.88612,2149,20,0
2024-11-21 19:30:00,0.88612,0.88619,0.88566,0.88586,1451,20,0
2024-11-21 20:00:00,0.88587,0.88681,0.88587,0.88652,1228,20,0
2024-11-21 20:30:00,0.88653,0.88665,0.88615,0.88622,1147,20,0
2024-11-21 21:00:00,0.88622,0.88678,0.88611,0.88665,970,20,0
2024-11-21 21:30:00,0.88666,0.88672,0.88604,0.88623,861,20,0
2024-11-21 22:00:00,0.88623,0.8866,0.88599,0.88651,730,20,0
2024-11-21 22:30:00,0.88653,0.88671,0.88631,0.88644,944,20,0
2024-11-21 23:00:00,0.88645,0.88687,0.88638,0.88683,405,21,0
2024-11-21 23:30:00,0.88684,0.88689,0.88607,0.88607,448,24,0
2024-11-22 00:00:00,0.88628,0.88643,0.88614,0.88638,60,54,0
2024-11-22 00:30:00,0.88644,0.88654,0.88644,0.88654,75,43,0
2024-11-22 01:00:00,0.88652,0.88678,0.88632,0.88671,335,22,0
2024-11-22 01:30:00,0.8867,0.88683,0.88647,0.88676,582,21,0
2024-11-22 02:00:00,0.88676,0.88682,0.88643,0.88677,993,20,0
2024-11-22 02:30:00,0.88676,0.88687,0.88625,0.88627,1189,20,0
2024-11-22 03:00:00,0.88627,0.88647,0.88618,0.88629,1220,20,0
2024-11-22 03:30:00,0.8863,0.88642,0.886,0.88635,952,20,0
2024-11-22 04:00:00,0.88637,0.88658,0.88626,0.88636,723,21,0
2024-11-22 04:30:00,0.88636,0.88657,0.88623,0.88626,795,21,0
2024-11-22 05:00:00,0.88625,0.88642,0.88598,0.88604,987,20,0
2024-11-22 05:30:00,0.88605,0.88629,0.88583,0.88602,635,20,0
2024-11-22 06:00:00,0.88603,0.88623,0.88592,0.8861,418,20,0
2024-11-22 06:30:00,0.88611,0.88631,0.88592,0.88602,441,20,0
2024-11-22 07:00:00,0.88604,0.8865,0.88604,0.88643,744,20,0
2024-11-22 07:30:00,0.88642,0.8868,0.88641,0.88671,612,20,0
2024-11-22 08:00:00,0.88673,0.88719,0.88663,0.88705,927,20,0
2024-11-22 08:30:00,0.88704,0.88706,0.88681,0.88698,638,20,0
2024-11-22 09:00:00,0.88697,0.88713,0.88612,0.88622,1401,20,0
2024-11-22 09:30:00,0.88622,0.88645,0.88549,0.88575,1133,20,0
2024-11-22 10:00:00,0.88574,0.88606,0.88505,0.8855,2837,20,0
2024-11-22 10:30:00,0.88547,0.88683,0.88529,0.88683,3472,19,0
2024-11-22 11:00:00,0.88681,0.89092,0.88658,0.88919,6252,20,0
2024-11-22 11:30:00,0.88917,0.88944,0.88802,0.88896,3876,20,0
2024-11-22 12:00:00,0.88895,0.89054,0.88893,0.88934,3507,20,0
2024-11-22 12:30:00,0.88935,0.88944,0.88764,0.88787,2750,20,0
2024-11-22 13:00:00,0.88786,0.88862,0.88781,0.88832,1363,20,0
2024-11-22 13:30:00,0.88832,0.88889,0.88805,0.88859,1266,20,0
2024-11-22 14:00:00,0.88858,0.89058,0.8884,0.89036,1126,20,0
2024-11-22 14:30:00,0.89036,0.89065,0.8898,0.89015,1454,19,0
2024-11-22 15:00:00,0.89015,0.89286,0.89007,0.89272,2768,20,0
2024-11-22 15:30:00,0.89272,0.8937,0.8922,0.89298,2973,19,0
2024-11-22 16:00:00,0.89298,0.89477,0.89244,0.89435,2701,20,0
2024-11-22 16:30:00,0.89436,0.89567,0.89347,0.89483,4211,19,0
2024-11-22 17:00:00,0.89483,0.89546,0.89321,0.89344,4193,20,0
2024-11-22 17:30:00,0.89342,0.89423,0.89292,0.89357,4046,20,0
2024-11-22 18:00:00,0.89357,0.8948,0.89339,0.89472,2873,20,0
2024-11-22 18:30:00,0.89472,0.89493,0.89442,0.89459,1554,20,0
2024-11-22 19:00:00,0.89458,0.89459,0.8939,0.89392,1474,20,0
2024-11-22 19:30:00,0.89392,0.89396,0.89336,0.89337,1003,20,0
2024-11-22 20:00:00,0.89336,0.8939,0.89329,0.89378,1034,20,0
2024-11-22 20:30:00,0.89378,0.89412,0.89369,0.89405,912,20,0
2024-11-22 21:00:00,0.89405,0.89432,0.89381,0.89426,790,20,0
2024-11-22 21:30:00,0.89426,0.89466,0.89426,0.89438,793,20,0
2024-11-22 22:00:00,0.89437,0.8947,0.89412,0.89429,1062,20,0
2024-11-22 22:30:00,0.89428,0.89443,0.89411,0.89412,1096,20,0
2024-11-22 23:00:00,0.89412,0.89439,0.89405,0.89415,519,21,0
2024-11-22 23:30:00,0.89418,0.89449,0.89377,0.89405,584,24,0
2024-11-25 00:00:00,0.8896,0.89107,0.88945,0.89049,232,120,0
2024-11-25 00:30:00,0.89053,0.89073,0.89039,0.89065,323,120,0
2024-11-25 01:00:00,0.89063,0.89156,0.88972,0.88983,2069,20,0
2024-11-25 01:30:00,0.88984,0.89059,0.88961,0.89043,1245,20,0
2024-11-25 02:00:00,0.89043,0.891,0.89013,0.89071,1684,20,0
2024-11-25 02:30:00,0.89071,0.89077,0.89031,0.89059,1267,20,0
2024-11-25 03:00:00,0.89058,0.89096,0.89,0.89,1113,20,0
2024-11-25 03:30:00,0.88997,0.89017,0.88963,0.89008,1653,20,0
2024-11-25 04:00:00,0.89009,0.89014,0.88947,0.8896,816,20,0
2024-11-25 04:30:00,0.8896,0.8896,0.88907,0.88938,663,20,0
2024-11-25 05:00:00,0.88939,0.88979,0.88923,0.88962,858,20,0
2024-11-25 05:30:00,0.88963,0.89018,0.88951,0.89007,672,20,0
2024-11-25 06:00:00,0.89007,0.89072,0.88997,0.89063,703,20,0
2024-11-25 06:30:00,0.89063,0.89073,0.8903,0.89052,555,20,0
2024-11-25 07:00:00,0.89054,0.89123,0.89054,0.89103,659,20,0
2024-11-25 07:30:00,0.89102,0.89128,0.89053,0.89058,833,21,0
2024-11-25 08:00:00,0.89064,0.89115,0.89038,0.89054,1177,20,0
2024-11-25 08:30:00,0.89055,0.89075,0.89014,0.89049,947,20,0
2024-11-25 09:00:00,0.89051,0.89128,0.89034,0.89101,1370,20,0
2024-11-25 09:30:00,0.89102,0.89132,0.89031,0.89121,1622,20,0
2024-11-25 10:00:00,0.89118,0.89161,0.89098,0.8912,2409,20,0
2024-11-25 10:30:00,0.8912,0.89156,0.89049,0.89069,1845,20,0
2024-11-25 11:00:00,0.89069,0.89081,0.88957,0.89018,2581,20,0
2024-11-25 11:30:00,0.89017,0.89018,0.88854,0.88882,1846,20,0
2024-11-25 12:00:00,0.88883,0.88947,0.88866,0.88889,1735,20,0
2024-11-25 12:30:00,0.88888,0.88955,0.88886,0.88934,1351,20,0
2024-11-25 13:00:00,0.88933,0.88983,0.8891,0.88978,1243,20,0
2024-11-25 13:30:00,0.8898,0.89031,0.88971,0.89029,1184,20,0
2024-11-25 14:00:00,0.89029,0.89047,0.89,0.89017,1267,20,0
2024-11-25 14:30:00,0.89016,0.89016,0.88862,0.88895,1501,20,0
2024-11-25 15:00:00,0.88895,0.88895,0.88671,0.88696,3066,20,0
2024-11-25 15:30:00,0.88696,0.88736,0.8863,0.88678,3277,20,0
2024-11-25 16:00:00,0.88679,0.88722,0.88615,0.88631,3451,20,0
2024-11-25 16:30:00,0.88631,0.88721,0.8858,0.88588,3433,20,0
2024-11-25 17:00:00,0.88589,0.88724,0.88538,0.88562,2815,20,0
2024-11-25 17:30:00,0.88562,0.88754,0.88476,0.88741,3044,20,0
2024-11-25 18:00:00,0.88743,0.88772,0.88697,0.88729,2657,20,0
2024-11-25 18:30:00,0.88728,0.88779,0.88655,0.88728,2196,20,0
2024-11-25 19:00:00,0.88727,0.88791,0.88715,0.88737,1667,20,0
2024-11-25 19:30:00,0.88733,0.88734,0.88686,0.88706,1348,20,0
2024-11-25 20:00:00,0.88706,0.88713,0.88652,0.88657,1860,20,0
2024-11-25 20:30:00,0.88656,0.88659,0.88539,0.88547,1223,20,0
2024-11-25 21:00:00,0.88546,0.88552,0.88502,0.88513,1159,20,0
2024-11-25 21:30:00,0.88511,0.88587,0.88509,0.88562,1004,20,0
2024-11-25 22:00:00,0.88562,0.88582,0.88543,0.88566,850,20,0
2024-11-25 22:30:00,0.88568,0.88625,0.88559,0.88608,1182,20,0
2024-11-25 23:00:00,0.88609,0.88615,0.88588,0.88611,604,20,0
2024-11-25 23:30:00,0.88612,0.88644,0.88567,0.88567,473,24,0
2024-11-26 00:00:00,0.88568,0.88714,0.88558,0.88575,35,84,0
2024-11-26 00:30:00,0.88576,0.88592,0.88572,0.8859,176,68,0
2024-11-26 01:00:00,0.88591,0.88595,0.88537,0.88584,376,21,0
2024-11-26 01:30:00,0.88584,0.8888,0.88579,0.88866,2848,20,0
2024-11-26 02:00:00,0.88865,0.88936,0.88786,0.88792,4076,20,0
2024-11-26 02:30:00,0.88793,0.88868,0.88741,0.88858,2538,20,0
2024-11-26 03:00:00,0.88857,0.88892,0.88757,0.88784,3082,20,0
2024-11-26 03:30:00,0.88784,0.88798,0.88724,0.88773,1850,20,0
2024-11-26 04:00:00,0.88771,0.88818,0.88762,0.88783,1511,20,0
2024-11-26 04:30:00,0.88782,0.88815,0.88756,0.88777,1255,20,0
2024-11-26 05:00:00,0.88778,0.88803,0.88726,0.88743,1112,20,0
2024-11-26 05:30:00,0.88746,0.88746,0.88668,0.8867,824,20,0
2024-11-26 06:00:00,0.88669,0.88677,0.88613,0.88666,926,20,0
2024-11-26 06:30:00,0.88667,0.88699,0.88667,0.88691,477,20,0
2024-11-26 07:00:00,0.88691,0.88695,0.88662,0.88684,688,20,0
2024-11-26 07:30:00,0.88683,0.88695,0.88655,0.88694,871,20,0
2024-11-26 08:00:00,0.88694,0.88702,0.88655,0.88694,1000,20,0
2024-11-26 08:30:00,0.88693,0.88738,0.88683,0.88732,932,20,0
2024-11-26 09:00:00,0.8873,0.88763,0.88692,0.88743,2227,20,0
2024-11-26 09:30:00,0.88743,0.88749,0.88672,0.88711,1612,20,0
2024-11-26 10:00:00,0.8871,0.8871,0.88611,0.88633,2160,20,0
2024-11-26 10:30:00,0.88632,0.88656,0.886,0.88641,1313,20,0
2024-11-26 11:00:00,0.88641,0.88647,0.88539,0.88626,2086,20,0
2024-11-26 11:30:00,0.88627,0.88663,0.88552,0.88586,1737,20,0
2024-11-26 12:00:00,0.88587,0.8862,0.88566,0.88579,1297,20,0
2024-11-26 12:30:00,0.8858,0.88586,0.88504,0.88539,1143,20,0
2024-11-26 13:00:00,0.88541,0.88622,0.8852,0.88607,1353,20,0
2024-11-26 13:30:00,0.88608,0.88626,0.88568,0.88608,1252,20,0
2024-11-26 14:00:00,0.88608,0.88629,0.88425,0.8847,2865,20,0
2024-11-26 14:30:00,0.8847,0.88567,0.88413,0.88538,2647,20,0
2024-11-26 15:00:00,0.88538,0.88637,0.88461,0.88631,3740,20,0
2024-11-26 15:30:00,0.8863,0.88664,0.88537,0.88647,2625,20,0
2024-11-26 16:00:00,0.88647,0.88732,0.88644,0.88684,2717,20,0
2024-11-26 16:30:00,0.88686,0.88748,0.88678,0.8868,2996,20,0
2024-11-26 17:00:00,0.88679,0.88827,0.88628,0.88814,3390,19,0
2024-11-26 17:30:00,0.88815,0.88817,0.88689,0.88742,3474,20,0
2024-11-26 18:00:00,0.88741,0.88837,0.88722,0.88791,3059,20,0
2024-11-26 18:30:00,0.88791,0.88799,0.88718,0.88749,2258,20,0
2024-11-26 19:00:00,0.88748,0.88788,0.88721,0.88781,1583,20,0
2024-11-26 19:30:00,0.8878,0.88805,0.88755,0.88789,1585,20,0
2024-11-26 20:00:00,0.88788,0.88853,0.88775,0.88848,1505,20,0
2024-11-26 20:30:00,0.88848,0.88861,0.88798,0.88826,1166,21,0
2024-11-26 21:00:00,0.88816,0.88837,0.88725,0.88824,2159,22,0
2024-11-26 21:30:00,0.88826,0.88839,0.88702,0.88717,1447,21,0
2024-11-26 22:00:00,0.88718,0.88734,0.88699,0.8873,1006,21,0
2024-11-26 22:30:00,0.88729,0.88744,0.88679,0.88683,1071,21,0
2024-11-26 23:00:00,0.88684,0.88699,0.88628,0.88629,774,25,0
2024-11-26 23:30:00,0.88632,0.88645,0.88592,0.88604,737,25,0
2024-11-27 00:00:00,0.88589,0.88612,0.88587,0.88612,495,86,0
2024-11-27 00:30:00,0.88613,0.88625,0.88598,0.88616,814,86,0
2024-11-27 01:00:00,0.88609,0.88662,0.88601,0.88658,719,23,0
2024-11-27 01:30:00,0.88659,0.8866,0.88601,0.88602,590,22,0
2024-11-27 02:00:00,0.88603,0.88603,0.88548,0.88564,1178,23,0
2024-11-27 02:30:00,0.88566,0.88582,0.88541,0.8857,1276,21,0
2024-11-27 03:00:00,0.88569,0.88597,0.8853,0.88581,2011,21,0
2024-11-27 03:30:00,0.88579,0.88588,0.88546,0.88557,1210,21,0
2024-11-27 04:00:00,0.88558,0.88603,0.88537,0.88592,1059,21,0
2024-11-27 04:30:00,0.8859,0.88609,0.88573,0.88574,893,21,0
2024-11-27 05:00:00,0.88574,0.88607,0.88558,0.88586,693,21,0
2024-11-27 05:30:00,0.88585,0.88589,0.88556,0.88569,713,21,0
2024-11-27 06:00:00,0.8857,0.88583,0.88552,0.88582,607,21,0
2024-11-27 06:30:00,0.88582,0.88593,0.88538,0.88566,649,21,0
2024-11-27 07:00:00,0.88567,0.88571,0.88542,0.88551,689,21,0
2024-11-27 07:30:00,0.88553,0.88586,0.88541,0.88573,740,21,0
2024-11-27 08:00:00,0.88574,0.88576,0.88515,0.88516,996,21,0
2024-11-27 08:30:00,0.88515,0.88551,0.88508,0.88523,1047,21,0
2024-11-27 09:00:00,0.8852,0.88521,0.88461,0.88472,1379,21,0
2024-11-27 09:30:00,0.88471,0.88476,0.884,0.8844,1916,21,0
2024-11-27 10:00:00,0.88441,0.88444,0.88155,0.88214,4112,22,0
2024-11-27 10:30:00,0.88215,0.88359,0.8818,0.88327,3069,21,0
2024-11-27 11:00:00,0.88325,0.88358,0.88291,0.88293,2444,21,0
2024-11-27 11:30:00,0.88294,0.88309,0.88245,0.88276,1663,21,0
2024-11-27 12:00:00,0.88277,0.8828,0.88196,0.88248,1931,21,0
2024-11-27 12:30:00,0.88247,0.88256,0.88164,0.88169,1511,21,0
2024-11-27 13:00:00,0.88171,0.88289,0.88166,0.88285,1587,21,0
2024-11-27 13:30:00,0.88285,0.88293,0.88227,0.88251,1931,21,0
2024-11-27 14:00:00,0.88252,0.8838,0.88233,0.88331,2234,21,0
2024-11-27 14:30:00,0.88331,0.88342,0.88287,0.88327,2568,21,0
2024-11-27 15:00:00,0.88326,0.88404,0.88321,0.88324,3015,21,0
2024-11-27 15:30:00,0.88323,0.88355,0.88138,0.88144,4367,21,0
2024-11-27 16:00:00,0.88144,0.88224,0.88122,0.88166,2994,21,0
2024-11-27 16:30:00,0.88165,0.88242,0.88143,0.88196,3174,21,0
2024-11-27 17:00:00,0.88197,0.88359,0.88196,0.8827,3841,21,0
2024-11-27 17:30:00,0.88271,0.88295,0.88022,0.88098,3681,20,0
2024-11-27 18:00:00,0.88097,0.88216,0.88091,0.88203,2835,21,0
2024-11-27 18:30:00,0.88204,0.88207,0.87965,0.88053,3335,21,0
2024-11-27 19:00:00,0.88054,0.88091,0.88032,0.88085,2135,22,0
2024-11-27 19:30:00,0.88086,0.88123,0.88062,0.88097,1530,22,0
2024-11-27 20:00:00,0.88097,0.88117,0.8806,0.88097,1176,21,0
2024-11-27 20:30:00,0.88097,0.88143,0.8807,0.88121,1030,21,0
2024-11-27 21:00:00,0.88122,0.8816,0.8811,0.88155,1003,21,0
2024-11-27 21:30:00,0.88156,0.8819,0.88131,0.88179,859,21,0
2024-11-27 22:00:00,0.88179,0.88226,0.88175,0.88209,1094,21,0
2024-11-27 22:30:00,0.88211,0.88225,0.88186,0.8819,946,21,0
2024-11-27 23:00:00,0.88191,0.88205,0.88166,0.88178,534,21,0
2024-11-27 23:30:00,0.88179,0.88204,0.88095,0.88095,1186,25,0
2024-11-28 00:00:00,0.88098,0.88139,0.8792,0.88117,91,86,0
2024-11-28 00:30:00,0.88124,0.88149,0.88076,0.88118,1197,86,0
2024-11-28 01:00:00,0.88084,0.8819,0.88069,0.8818,699,24,0
2024-11-28 01:30:00,0.8818,0.88227,0.8818,0.88219,876,23,0
2024-11-28 02:00:00,0.88218,0.88288,0.88213,0.88258,900,21,0
2024-11-28 02:30:00,0.88259,0.88309,0.88245,0.88301,939,21,0
2024-11-28 03:00:00,0.88299,0.88345,0.88285,0.88293,1178,21,0
2024-11-28 03:30:00,0.88295,0.88309,0.88255,0.88275,1319,21,0
2024-11-28 04:00:00,0.88273,0.88293,0.88259,0.88289,809,21,0
2024-11-28 04:30:00,0.8829,0.88334,0.88289,0.88292,822,21,0
2024-11-28 05:00:00,0.88291,0.88324,0.88286,0.88311,645,21,0
2024-11-28 05:30:00,0.8831,0.88359,0.8831,0.88339,598,21,0
2024-11-28 06:00:00,0.8834,0.88368,0.88327,0.88338,653,21,0
2024-11-28 06:30:00,0.88339,0.88354,0.88321,0.88338,567,21,0
2024-11-28 07:00:00,0.88339,0.88342,0.88305,0.88333,591,21,0
2024-11-28 07:30:00,0.88329,0.88346,0.88308,0.88336,553,21,0
2024-11-28 08:00:00,0.88335,0.88342,0.88289,0.88312,937,21,0
2024-11-28 08:30:00,0.88311,0.88329,0.88281,0.88322,749,21,0
2024-11-28 09:00:00,0.88321,0.88343,0.88288,0.88321,1219,21,0
2024-11-28 09:30:00,0.88325,0.88418,0.88324,0.88389,1699,21,0
2024-11-28 10:00:00,0.88391,0.88454,0.88366,0.88389,2215,21,0
2024-11-28 10:30:00,0.88388,0.88439,0.88372,0.884,1637,21,0
2024-11-28 11:00:00,0.88399,0.88447,0.88353,0.88426,2664,21,0
2024-11-28 11:30:00,0.88427,0.88464,0.88401,0.88459,1373,21,0
2024-11-28 12:00:00,0.8846,0.88471,0.88423,0.8844,1103,21,0
2024-11-28 12:30:00,0.88438,0.88444,0.88367,0.88367,1026,21,0
2024-11-28 13:00:00,0.88366,0.88378,0.88329,0.88365,985,21,0
2024-11-28 13:30:00,0.88365,0.88427,0.8836,0.88407,883,21,0
2024-11-28 14:00:00,0.88406,0.88432,0.88343,0.88351,950,21,0
2024-11-28 14:30:00,0.8835,0.88373,0.88299,0.8834,1246,21,0
2024-11-28 15:00:00,0.88341,0.8836,0.88298,0.88352,1295,21,0
2024-11-28 15:30:00,0.88352,0.88358,0.88301,0.8834,1559,21,0
2024-11-28 16:00:00,0.88339,0.88382,0.883,0.88352,1481,21,0
2024-11-28 16:30:00,0.88353,0.88367,0.88296,0.88301,1423,21,0
2024-11-28 17:00:00,0.88301,0.88315,0.8824,0.8829,1275,21,0
2024-11-28 17:30:00,0.88289,0.88358,0.88288,0.88302,1617,21,0
2024-11-28 18:00:00,0.88303,0.8836,0.88293,0.88344,963,21,0
2024-11-28 18:30:00,0.88345,0.88355,0.88291,0.88297,818,21,0
2024-11-28 19:00:00,0.88298,0.88309,0.88265,0.88277,581,22,0
2024-11-28 19:30:00,0.88277,0.88293,0.88258,0.88288,564,26,0
2024-11-28 20:00:00,0.88289,0.88289,0.88268,0.88283,375,26,0
2024-11-28 20:30:00,0.88282,0.88304,0.88276,0.88284,325,26,0
2024-11-28 21:00:00,0.88282,0.88293,0.88273,0.88289,375,26,0
2024-11-28 21:30:00,0.88288,0.88288,0.88267,0.88283,206,26,0
2024-11-28 22:00:00,0.88279,0.88289,0.88273,0.88281,158,26,0
2024-11-28 22:30:00,0.88281,0.8829,0.88267,0.88287,768,26,0
2024-11-28 23:00:00,0.88283,0.88285,0.88271,0.88283,929,26,0
2024-11-28 23:30:00,0.88282,0.88285,0.8821,0.8821,1356,30,0
2024-11-29 00:00:00,0.88277,0.8829,0.8821,0.8826,56,86,0
2024-11-29 00:30:00,0.88256,0.88263,0.88242,0.88261,188,49,0
2024-11-29 01:00:00,0.88261,0.88267,0.88218,0.88238,1237,21,0
2024-11-29 01:30:00,0.88237,0.8825,0.88219,0.88234,1039,21,0
2024-11-29 02:00:00,0.88233,0.88233,0.88186,0.88194,1328,21,0
2024-11-29 02:30:00,0.88195,0.88196,0.88112,0.88128,2223,21,0
2024-11-29 03:00:00,0.88126,0.8814,0.88004,0.8807,2745,21,0
2024-11-29 03:30:00,0.88073,0.88131,0.88065,0.88101,2169,21,0
2024-11-29 04:00:00,0.88101,0.88127,0.88085,0.88111,1440,21,0
2024-11-29 04:30:00,0.88112,0.8814,0.88086,0.88125,1518,21,0
2024-11-29 05:00:00,0.88126,0.8816,0.88117,0.88148,1213,21,0
2024-11-29 05:30:00,0.88149,0.88159,0.88099,0.88112,1045,21,0
2024-11-29 06:00:00,0.88111,0.88137,0.88076,0.88101,1224,21,0
2024-11-29 06:30:00,0.88103,0.88137,0.88092,0.88128,973,21,0
2024-11-29 07:00:00,0.88127,0.88144,0.88118,0.88134,1159,21,0
2024-11-29 07:30:00,0.88134,0.88164,0.88128,0.88151,1121,21,0
2024-11-29 08:00:00,0.88152,0.88153,0.88108,0.88109,1140,21,0
2024-11-29 08:30:00,0.8811,0.88115,0.88052,0.88061,1316,21,0
2024-11-29 09:00:00,0.88057,0.88061,0.87943,0.87958,1656,21,0
2024-11-29 09:30:00,0.87958,0.88144,0.87958,0.88116,2297,21,0
2024-11-29 10:00:00,0.88116,0.88183,0.88081,0.88123,1935,21,0
2024-11-29 10:30:00,0.88124,0.88125,0.88046,0.8809,1565,21,0
2024-11-29 11:00:00,0.88091,0.88105,0.87967,0.88056,1986,21,0
2024-11-29 11:30:00,0.88057,0.8813,0.88018,0.88107,1574,21,0
2024-11-29 12:00:00,0.88106,0.88116,0.88006,0.88041,1519,21,0
2024-11-29 12:30:00,0.88042,0.88078,0.88011,0.88027,1482,20,0
2024-11-29 13:00:00,0.88027,0.88092,0.88025,0.88088,1276,20,0
2024-11-29 13:30:00,0.88088,0.88134,0.88073,0.88121,1049,21,0
2024-11-29 14:00:00,0.88117,0.88204,0.88099,0.88155,1354,21,0
2024-11-29 14:30:00,0.88156,0.88181,0.88092,0.88094,1393,21,0
2024-11-29 15:00:00,0.88094,0.88146,0.88065,0.88138,1742,21,0
2024-11-29 15:30:00,0.88139,0.88139,0.88045,0.88048,1746,21,0
2024-11-29 16:00:00,0.88048,0.88152,0.88018,0.88097,1797,21,0
2024-11-29 16:30:00,0.88097,0.8816,0.88057,0.88157,1883,21,0
2024-11-29 17:00:00,0.88158,0.88268,0.88113,0.88258,2166,21,0
2024-11-29 17:30:00,0.88258,0.88262,0.88057,0.88091,3028,21,0
2024-11-29 18:00:00,0.88089,0.88196,0.88074,0.88169,2519,21,0
2024-11-29 18:30:00,0.8817,0.88232,0.88154,0.88209,1526,21,0
2024-11-29 19:00:00,0.88207,0.88248,0.8816,0.8822,1774,23,0
2024-11-29 19:30:00,0.88219,0.8823,0.8807,0.88086,1448,26,0
2024-11-29 20:00:00,0.88087,0.88089,0.87989,0.88036,2179,26,0
2024-11-29 20:30:00,0.88036,0.88092,0.88031,0.8805,2958,26,0
2024-11-29 21:00:00,0.8805,0.88059,0.88011,0.88024,2096,26,0
2024-11-29 21:30:00,0.88023,0.88029,0.87988,0.88006,2872,26,0
2024-11-29 22:00:00,0.88006,0.88023,0.87992,0.88007,3170,26,0
2024-11-29 22:30:00,0.88006,0.88048,0.8799,0.88024,1496,26,0
2024-11-29 23:00:00,0.88024,0.88092,0.88024,0.88081,2005,27,0
2024-11-29 23:30:00,0.88085,0.88098,0.88029,0.88066,980,30,0
2024-12-02 00:00:00,0.88003,0.88069,0.8798,0.88022,40,120,0
2024-12-02 00:30:00,0.88025,0.88101,0.8801,0.88035,382,100,0
2024-12-02 01:00:00,0.88026,0.88262,0.87999,0.88256,3229,21,0
2024-12-02 01:30:00,0.88258,0.88262,0.88176,0.88203,1311,21,0
2024-12-02 02:00:00,0.88205,0.88284,0.8819,0.88251,1713,21,0
2024-12-02 02:30:00,0.88251,0.88319,0.88229,0.88308,1464,21,0
2024-12-02 03:00:00,0.88308,0.88387,0.88294,0.88363,1706,21,0
2024-12-02 03:30:00,0.88364,0.88399,0.88338,0.8839,1272,21,0
2024-12-02 04:00:00,0.88389,0.88457,0.88378,0.88435,1745,21,0
2024-12-02 04:30:00,0.88434,0.88451,0.88408,0.8843,1147,21,0
2024-12-02 05:00:00,0.88429,0.88482,0.88412,0.88455,956,21,0
2024-12-02 05:30:00,0.88456,0.88464,0.88429,0.88446,840,21,0
2024-12-02 06:00:00,0.88447,0.88466,0.8842,0.88443,877,21,0
2024-12-02 06:30:00,0.88444,0.88494,0.88429,0.8847,823,21,0
2024-12-02 07:00:00,0.88471,0.88528,0.88456,0.8848,1076,21,0
2024-12-02 07:30:00,0.88479,0.88498,0.88459,0.88484,1290,21,0
2024-12-02 08:00:00,0.88483,0.88483,0.88413,0.88434,1363,21,0
2024-12-02 08:30:00,0.88433,0.88451,0.88342,0.88372,1879,21,0
2024-12-02 09:00:00,0.88366,0.88456,0.88357,0.88407,2187,21,0
2024-12-02 09:30:00,0.88406,0.88483,0.88391,0.88482,2274,21,0
2024-12-02 10:00:00,0.88485,0.88519,0.88402,0.88501,2524,21,0
2024-12-02 10:30:00,0.88501,0.88596,0.88492,0.88566,2365,21,0
2024-12-02 11:00:00,0.88566,0.88567,0.88469,0.88548,1945,21,0
2024-12-02 11:30:00,0.88554,0.88609,0.88525,0.88586,1521,21,0
2024-12-02 12:00:00,0.88586,0.8862,0.88539,0.88555,2018,21,0
2024-12-02 12:30:00,0.88556,0.88607,0.8854,0.8855,1730,21,0
2024-12-02 13:00:00,0.88552,0.88559,0.88511,0.88523,1327,21,0
2024-12-02 13:30:00,0.88523,0.88548,0.88497,0.8853,1431,21,0
2024-12-02 14:00:00,0.88531,0.88562,0.88469,0.88561,1844,21,0
2024-12-02 14:30:00,0.8856,0.88666,0.88524,0.8865,1821,21,0
2024-12-02 15:00:00,0.88649,0.88668,0.88615,0.88645,1883,21,0
2024-12-02 15:30:00,0.88645,0.88709,0.88623,0.88639,2568,21,0
2024-12-02 16:00:00,0.88637,0.88707,0.88586,0.88688,2310,21,0
2024-12-02 16:30:00,0.88689,0.8877,0.88686,0.88728,2899,21,0
2024-12-02 17:00:00,0.88746,0.88838,0.88684,0.88837,4133,21,0
2024-12-02 17:30:00,0.88841,0.88886,0.88751,0.88766,3248,21,0
2024-12-02 18:00:00,0.88765,0.88846,0.88593,0.88631,3520,21,0
2024-12-02 18:30:00,0.88632,0.88707,0.88631,0.8865,2584,21,0
2024-12-02 19:00:00,0.88649,0.88666,0.88592,0.88632,1417,21,0
2024-12-02 19:30:00,0.88632,0.88724,0.88614,0.88693,1286,21,0
2024-12-02 20:00:00,0.88693,0.8873,0.88667,0.88705,1216,21,0
2024-12-02 20:30:00,0.88706,0.88725,0.88677,0.88687,1042,21,0
2024-12-02 21:00:00,0.88686,0.88702,0.88659,0.88679,1518,21,0
2024-12-02 21:30:00,0.88679,0.88691,0.88649,0.88666,752,21,0
2024-12-02 22:00:00,0.88665,0.88688,0.88503,0.8855,2418,21,0
2024-12-02 22:30:00,0.88555,0.88617,0.8852,0.88609,1508,21,0
2024-12-02 23:00:00,0.8861,0.88634,0.88596,0.8862,788,25,0
2024-12-02 23:30:00,0.8862,0.88636,0.8858,0.88608,651,25,0
2024-12-03 00:00:00,0.88611,0.88695,0.88579,0.88592,69,91,0
2024-12-03 00:30:00,0.88596,0.88648,0.88592,0.88618,202,83,0
2024-12-03 01:00:00,0.88618,0.88656,0.88594,0.88647,990,21,0
2024-12-03 01:30:00,0.88646,0.88657,0.88609,0.88622,857,21,0
2024-12-03 02:00:00,0.88626,0.88766,0.88617,0.88754,1358,21,0
2024-12-03 02:30:00,0.88755,0.88765,0.88705,0.88735,1103,21,0
2024-12-03 03:00:00,0.88734,0.88771,0.88677,0.88771,1259,21,0
2024-12-03 03:30:00,0.88771,0.88792,0.88718,0.8877,1654,21,0
2024-12-03 04:00:00,0.88771,0.88827,0.88759,0.88805,1244,21,0
2024-12-03 04:30:00,0.88806,0.88809,0.88756,0.88771,1033,21,0
2024-12-03 05:00:00,0.88773,0.88808,0.88766,0.88804,851,21,0
2024-12-03 05:30:00,0.88803,0.88816,0.88762,0.88808,971,21,0
2024-12-03 06:00:00,0.88808,0.88851,0.88798,0.88839,848,21,0
2024-12-03 06:30:00,0.8884,0.88853,0.88831,0.88842,697,21,0
2024-12-03 07:00:00,0.88844,0.88877,0.88835,0.88836,799,21,0
2024-12-03 07:30:00,0.88836,0.88842,0.88785,0.88789,942,21,0
2024-12-03 08:00:00,0.88788,0.88838,0.88778,0.88823,1110,21,0
2024-12-03 08:30:00,0.88822,0.88833,0.88782,0.88807,1122,21,0
2024-12-03 09:00:00,0.88804,0.8881,0.88715,0.88735,1073,21,0
2024-12-03 09:30:00,0.88736,0.8875,0.88606,0.8867,1786,22,0
2024-12-03 10:00:00,0.88669,0.88708,0.8861,0.88612,2341,21,0
2024-12-03 10:30:00,0.88612,0.88614,0.88514,0.88523,1844,21,0
2024-12-03 11:00:00,0.88522,0.88524,0.88426,0.88523,1630,21,0
2024-12-03 11:30:00,0.88525,0.88538,0.88498,0.88517,1267,21,0
2024-12-03 12:00:00,0.88513,0.8852,0.88493,0.88506,915,21,0
2024-12-03 12:30:00,0.88505,0.88538,0.88488,0.88526,902,21,0
2024-12-03 13:00:00,0.88527,0.88535,0.88403,0.88433,988,21,0
2024-12-03 13:30:00,0.88434,0.8846,0.88407,0.88447,1117,21,0
2024-12-03 14:00:00,0.88446,0.88544,0.88429,0.88536,1365,21,0
2024-12-03 14:30:00,0.88537,0.88564,0.88488,0.88556,1342,21,0
2024-12-03 15:00:00,0.88556,0.88566,0.88443,0.88454,1615,21,0
2024-12-03 15:30:00,0.88453,0.88455,0.88288,0.88326,2184,21,0
2024-12-03 16:00:00,0.88325,0.88418,0.88317,0.88354,2778,21,0
2024-12-03 16:30:00,0.88351,0.88433,0.88339,0.88395,2552,21,0
2024-12-03 17:00:00,0.88387,0.88554,0.88386,0.88535,3939,21,0
2024-12-03 17:30:00,0.88537,0.88606,0.88508,0.88509,3540,21,0
2024-12-03 18:00:00,0.8851,0.88628,0.88508,0.88598,2673,21,0
2024-12-03 18:30:00,0.886,0.88628,0.88508,0.88509,1886,21,0
2024-12-03 19:00:00,0.88508,0.88595,0.88485,0.88549,1472,21,0
2024-12-03 19:30:00,0.88549,0.88589,0.88463,0.8849,1557,21,0
2024-12-03 20:00:00,0.88489,0.88493,0.88441,0.88445,1334,21,0
2024-12-03 20:30:00,0.88444,0.88468,0.88424,0.88447,985,21,0
2024-12-03 21:00:00,0.88448,0.88556,0.88435,0.88542,1071,21,0
2024-12-03 21:30:00,0.88542,0.88622,0.88534,0.8862,976,21,0
2024-12-03 22:00:00,0.88621,0.88627,0.88573,0.88592,884,21,0
2024-12-03 22:30:00,0.88593,0.88632,0.88588,0.88616,889,21,0
2024-12-03 23:00:00,0.88617,0.8863,0.88587,0.88603,440,25,0
2024-12-03 23:30:00,0.88605,0.8861,0.88562,0.88587,377,25,0
2024-12-04 00:00:00,0.88518,0.88589,0.88517,0.88574,40,86,0
2024-12-04 00:30:00,0.88573,0.88592,0.88572,0.88592,44,66,0
2024-12-04 01:00:00,0.88592,0.88646,0.88582,0.8864,863,21,0
2024-12-04 01:30:00,0.88641,0.88654,0.8862,0.88631,867,21,0
2024-12-04 02:00:00,0.8863,0.88688,0.88609,0.88679,2062,21,0
2024-12-04 02:30:00,0.8868,0.88722,0.88669,0.88711,1556,21,0
2024-12-04 03:00:00,0.88708,0.88748,0.8866,0.88684,1493,21,0
2024-12-04 03:30:00,0.88685,0.88693,0.88629,0.88682,1318,21,0
2024-12-04 04:00:00,0.88683,0.88707,0.88661,0.88684,1123,21,0
2024-12-04 04:30:00,0.88683,0.88721,0.88671,0.887,1040,21,0
2024-12-04 05:00:00,0.88701,0.88735,0.88688,0.8871,976,21,0
2024-12-04 05:30:00,0.88711,0.88731,0.88689,0.88716,1190,21,0
2024-12-04 06:00:00,0.88716,0.88738,0.88658,0.88672,1318,21,0
2024-12-04 06:30:00,0.8867,0.88673,0.88594,0.88614,990,21,0
2024-12-04 07:00:00,0.88614,0.88621,0.88575,0.88589,939,21,0
2024-12-04 07:30:00,0.88588,0.88612,0.88556,0.88606,1002,21,0
2024-12-04 08:00:00,0.88604,0.88634,0.88582,0.88595,1079,21,0
2024-12-04 08:30:00,0.88594,0.88603,0.88519,0.88566,1366,21,0
2024-12-04 09:00:00,0.88566,0.8864,0.88558,0.88638,1497,21,0
2024-12-04 09:30:00,0.88637,0.88675,0.88624,0.88652,1411,21,0
2024-12-04 10:00:00,0.88651,0.88702,0.88621,0.88698,2261,21,0
2024-12-04 10:30:00,0.88697,0.88723,0.88677,0.8869,1689,21,0
2024-12-04 11:00:00,0.88689,0.88787,0.88685,0.88754,2126,21,0
2024-12-04 11:30:00,0.88753,0.88766,0.88685,0.88696,1447,21,0
2024-12-04 12:00:00,0.88697,0.88737,0.88676,0.88689,1335,21,0
2024-12-04 12:30:00,0.88689,0.88696,0.88645,0.88664,1502,21,0
2024-12-04 13:00:00,0.88664,0.88705,0.88616,0.88616,1414,21,0
2024-12-04 13:30:00,0.88617,0.88617,0.88558,0.88588,1128,21,0
2024-12-04 14:00:00,0.88589,0.88657,0.88573,0.88657,1255,21,0
2024-12-04 14:30:00,0.88658,0.88699,0.88626,0.88679,1270,21,0
2024-12-04 15:00:00,0.8868,0.88709,0.88612,0.88646,1923,22,0
2024-12-04 15:30:00,0.88645,0.88713,0.88595,0.88706,3130,23,0
2024-12-04 16:00:00,0.88706,0.88751,0.88609,0.88641,1907,21,0
2024-12-04 16:30:00,0.8864,0.88697,0.88635,0.88651,2309,21,0
2024-12-04 17:00:00,0.88638,0.88638,0.88343,0.88373,4516,21,0
2024-12-04 17:30:00,0.88375,0.88455,0.88331,0.88363,3972,22,0
2024-12-04 18:00:00,0.88361,0.8838,0.88278,0.88312,2483,21,0
2024-12-04 18:30:00,0.88313,0.88378,0.88267,0.88344,1548,22,0
2024-12-04 19:00:00,0.88343,0.8836,0.88259,0.8827,1358,21,0
2024-12-04 19:30:00,0.88269,0.88324,0.88254,0.88284,1205,21,0
2024-12-04 20:00:00,0.88283,0.88325,0.8828,0.88321,980,21,0
2024-12-04 20:30:00,0.8832,0.88411,0.88281,0.88407,1090,21,0
2024-12-04 21:00:00,0.88406,0.88468,0.8832,0.88384,2375,23,0
2024-12-04 21:30:00,0.88383,0.88418,0.88336,0.88402,1790,21,0
2024-12-04 22:00:00,0.88401,0.88446,0.88388,0.88423,1014,21,0
2024-12-04 22:30:00,0.88426,0.88427,0.88393,0.88408,1101,21,0
2024-12-04 23:00:00,0.88409,0.88442,0.88406,0.88441,528,22,0
2024-12-04 23:30:00,0.8844,0.8845,0.88364,0.8838,812,25,0
2024-12-05 00:00:00,0.88387,0.88389,0.88314,0.88388,29,86,0
2024-12-05 00:30:00,0.88387,0.88394,0.88352,0.8837,280,79,0
2024-12-05 01:00:00,0.88367,0.88408,0.8834,0.88355,774,21,0
2024-12-05 01:30:00,0.88354,0.88378,0.88342,0.88365,719,21,0
2024-12-05 02:00:00,0.88364,0.88412,0.88362,0.88397,1168,21,0
2024-12-05 02:30:00,0.88398,0.88404,0.88374,0.8839,1053,21,0
2024-12-05 03:00:00,0.8839,0.88419,0.88377,0.8841,1078,21,0
2024-12-05 03:30:00,0.88409,0.88452,0.88389,0.88422,1325,21,0
2024-12-05 04:00:00,0.88423,0.88442,0.88394,0.88408,958,21,0
2024-12-05 04:30:00,0.88407,0.88407,0.88354,0.88377,1008,21,0
2024-12-05 05:00:00,0.88376,0.88404,0.88359,0.88403,806,21,0
2024-12-05 05:30:00,0.88402,0.88429,0.88377,0.88379,909,21,0
2024-12-05 06:00:00,0.88379,0.88393,0.8836,0.88382,704,21,0
2024-12-05 06:30:00,0.88381,0.88422,0.8838,0.88411,708,21,0
2024-12-05 07:00:00,0.88412,0.88418,0.88357,0.88368,725,21,0
2024-12-05 07:30:00,0.88367,0.88371,0.88326,0.88342,1276,21,0
2024-12-05 08:00:00,0.88343,0.88353,0.88302,0.88343,1047,21,0
2024-12-05 08:30:00,0.88344,0.8836,0.8831,0.88342,976,21,0
2024-12-05 09:00:00,0.88345,0.88384,0.88312,0.8838,983,21,0
2024-12-05 09:30:00,0.88378,0.88404,0.88332,0.88345,1198,21,0
2024-12-05 10:00:00,0.88346,0.88431,0.88299,0.88368,1817,21,0
2024-12-05 10:30:00,0.88368,0.88477,0.8836,0.88457,1500,21,0
2024-12-05 11:00:00,0.88458,0.8851,0.88421,0.88506,1235,21,0
2024-12-05 11:30:00,0.88506,0.88522,0.88425,0.88482,1194,21,0
2024-12-05 12:00:00,0.88481,0.88497,0.8845,0.88453,1008,21,0
2024-12-05 12:30:00,0.88454,0.8846,0.88378,0.88391,1150,21,0
2024-12-05 13:00:00,0.88391,0.88403,0.88374,0.88403,812,21,0
2024-12-05 13:30:00,0.88402,0.88403,0.88311,0.88322,1114,21,0
2024-12-05 14:00:00,0.88323,0.88381,0.88282,0.88373,1335,21,0
2024-12-05 14:30:00,0.88374,0.88399,0.88293,0.88299,1820,21,0
2024-12-05 15:00:00,0.883,0.88317,0.88168,0.88196,2131,21,0
2024-12-05 15:30:00,0.88195,0.88211,0.88089,0.88151,4191,21,0
2024-12-05 16:00:00,0.88155,0.88158,0.88038,0.88055,2834,21,0
2024-12-05 16:30:00,0.88056,0.88072,0.8797,0.88048,3024,21,0
2024-12-05 17:00:00,0.88047,0.88123,0.87951,0.88115,2692,21,0
2024-12-05 17:30:00,0.88116,0.88131,0.87939,0.87974,2500,21,0
2024-12-05 18:00:00,0.87975,0.87991,0.87874,0.87915,2409,21,0
2024-12-05 18:30:00,0.87913,0.87965,0.87913,0.87926,1892,21,0
2024-12-05 19:00:00,0.87925,0.88008,0.87892,0.87992,1359,21,0
2024-12-05 19:30:00,0.87991,0.88012,0.87938,0.87954,1197,21,0
2024-12-05 20:00:00,0.87955,0.8803,0.87943,0.88025,1075,21,0
2024-12-05 20:30:00,0.88026,0.88038,0.87965,0.87969,985,21,0
2024-12-05 21:00:00,0.87965,0.87965,0.87891,0.879,1246,21,0
2024-12-05 21:30:00,0.87901,0.87902,0.87781,0.87799,1109,21,0
2024-12-05 22:00:00,0.87799,0.87854,0.87796,0.87801,939,21,0
2024-12-05 22:30:00,0.87799,0.87865,0.8778,0.87843,813,21,0
2024-12-05 23:00:00,0.87841,0.87863,0.87822,0.87826,788,24,0
2024-12-05 23:30:00,0.87827,0.87838,0.87785,0.87813,722,25,0
2024-12-06 00:00:00,0.87996,0.87996,0.878,0.87816,662,86,0
2024-12-06 00:30:00,0.87826,0.87859,0.87808,0.8784,370,32,0
2024-12-06 01:00:00,0.87839,0.87852,0.87814,0.87834,659,21,0
2024-12-06 01:30:00,0.87835,0.87847,0.87819,0.8782,582,21,0
2024-12-06 02:00:00,0.87819,0.87885,0.87819,0.87856,1112,21,0
2024-12-06 02:30:00,0.87857,0.87878,0.87843,0.87869,1247,21,0
2024-12-06 03:00:00,0.87868,0.8791,0.87863,0.879,1290,21,0
2024-12-06 03:30:00,0.87901,0.87938,0.87891,0.87908,1115,21,0
2024-12-06 04:00:00,0.87905,0.87911,0.87874,0.8788,1057,21,0
2024-12-06 04:30:00,0.87881,0.87891,0.87833,0.87839,953,21,0
2024-12-06 05:00:00,0.87837,0.87855,0.87814,0.8785,1022,21,0
2024-12-06 05:30:00,0.8785,0.87873,0.87839,0.87846,1083,21,0
2024-12-06 06:00:00,0.87847,0.87864,0.87837,0.87858,708,21,0
2024-12-06 06:30:00,0.87857,0.87876,0.87844,0.87861,671,21,0
2024-12-06 07:00:00,0.87862,0.87899,0.87858,0.87891,683,21,0
2024-12-06 07:30:00,0.87893,0.87911,0.87876,0.87906,923,21,0
2024-12-06 08:00:00,0.87907,0.8793,0.87878,0.87899,991,21,0
2024-12-06 08:30:00,0.879,0.87924,0.87887,0.87915,934,21,0
2024-12-06 09:00:00,0.87914,0.8796,0.87902,0.87945,1265,21,0
2024-12-06 09:30:00,0.87946,0.87956,0.87837,0.87842,1106,21,0
2024-12-06 10:00:00,0.87841,0.87879,0.87788,0.87879,1470,21,0
2024-12-06 10:30:00,0.87879,0.87892,0.87858,0.87866,1125,21,0
2024-12-06 11:00:00,0.87866,0.87918,0.87854,0.87909,1133,21,0
2024-12-06 11:30:00,0.87907,0.87937,0.87858,0.87874,1107,21,0
2024-12-06 12:00:00,0.87873,0.87883,0.87844,0.87875,911,21,0
2024-12-06 12:30:00,0.87874,0.87883,0.87752,0.87757,975,21,0
2024-12-06 13:00:00,0.87756,0.87783,0.87739,0.87744,1035,21,0
2024-12-06 13:30:00,0.87743,0.87778,0.87698,0.87705,1054,21,0
2024-12-06 14:00:00,0.87705,0.87766,0.87688,0.87716,1460,21,0
2024-12-06 14:30:00,0.87714,0.8772,0.87664,0.87695,1479,21,0
2024-12-06 15:00:00,0.87692,0.87748,0.87632,0.87639,1798,21,0
2024-12-06 15:30:00,0.87638,0.87648,0.87337,0.87499,6826,21,0
2024-12-06 16:00:00,0.87502,0.87688,0.87458,0.87597,4815,21,0
2024-12-06 16:30:00,0.87596,0.87685,0.87531,0.87645,3937,21,0
2024-12-06 17:00:00,0.87644,0.8782,0.87644,0.87716,3190,21,0
2024-12-06 17:30:00,0.87712,0.87808,0.8769,0.87708,2914,21,0
2024-12-06 18:00:00,0.87707,0.87802,0.87679,0.87713,2323,21,0
2024-12-06 18:30:00,0.8771,0.87756,0.87671,0.87754,1728,21,0
2024-12-06 19:00:00,0.87751,0.87865,0.87746,0.87824,1460,21,0
2024-12-06 19:30:00,0.87823,0.87888,0.87786,0.87862,1053,21,0
2024-12-06 20:00:00,0.87863,0.87871,0.87818,0.87832,859,21,0
2024-12-06 20:30:00,0.87836,0.8792,0.87836,0.87906,732,21,0
2024-12-06 21:00:00,0.87906,0.87962,0.87903,0.87921,641,21,0
2024-12-06 21:30:00,0.87919,0.87933,0.87878,0.87878,726,21,0
2024-12-06 22:00:00,0.87875,0.8788,0.87849,0.8787,763,21,0
2024-12-06 22:30:00,0.87871,0.87879,0.87845,0.87871,729,21,0
2024-12-06 23:00:00,0.87872,0.87882,0.87851,0.87864,599,21,0
2024-12-06 23:30:00,0.87864,0.87872,0.87801,0.87814,813,25,0
2024-12-09 00:00:00,0.87812,0.87852,0.87708,0.87835,86,120,0
2024-12-09 00:30:00,0.87834,0.87838,0.87804,0.87808,963,97,0
2024-12-09 01:00:00,0.87814,0.87886,0.87812,0.87861,1080,21,0
2024-12-09 01:30:00,0.8786,0.87889,0.87848,0.8785,892,21,0
2024-12-09 02:00:00,0.87849,0.87895,0.87836,0.8785,1237,21,0
2024-12-09 02:30:00,0.8785,0.87876,0.87841,0.87853,1400,21,0
2024-12-09 03:00:00,0.87852,0.87899,0.87842,0.87868,1053,21,0
2024-12-09 03:30:00,0.87865,0.87919,0.87858,0.87904,1096,21,0
2024-12-09 04:00:00,0.87905,0.87914,0.87886,0.87906,945,21,0
2024-12-09 04:30:00,0.87906,0.8792,0.87877,0.87879,925,21,0
2024-12-09 05:00:00,0.8788,0.87951,0.87869,0.87946,864,21,0
2024-12-09 05:30:00,0.87946,0.88005,0.87929,0.88001,942,21,0
2024-12-09 06:00:00,0.88002,0.8803,0.87978,0.8803,818,21,0
2024-12-09 06:30:00,0.8803,0.88031,0.8799,0.8801,1004,21,0
2024-12-09 07:00:00,0.8801,0.88012,0.87988,0.87999,789,21,0
2024-12-09 07:30:00,0.88,0.8802,0.87988,0.88003,779,21,0
2024-12-09 08:00:00,0.88002,0.88015,0.87971,0.87992,904,21,0
2024-12-09 08:30:00,0.87991,0.88001,0.87968,0.87995,908,21,0
2024-12-09 09:00:00,0.87989,0.87989,0.87943,0.87945,1139,21,0
2024-12-09 09:30:00,0.87946,0.87979,0.87881,0.87891,1779,21,0
2024-12-09 10:00:00,0.87893,0.87981,0.87882,0.87956,2077,21,0
2024-12-09 10:30:00,0.87957,0.88005,0.87934,0.87964,1408,21,0
2024-12-09 11:00:00,0.8796,0.87967,0.879,0.87922,1161,21,0
2024-12-09 11:30:00,0.87923,0.88,0.87913,0.87952,1076,21,0
2024-12-09 12:00:00,0.87947,0.87949,0.87842,0.87875,1234,21,0
2024-12-09 12:30:00,0.87874,0.87896,0.87854,0.87866,892,21,0
2024-12-09 13:00:00,0.87867,0.87871,0.87806,0.87851,713,21,0
2024-12-09 13:30:00,0.8785,0.87905,0.87842,0.879,893,21,0
2024-12-09 14:00:00,0.87901,0.87912,0.87873,0.87894,1043,21,0
2024-12-09 14:30:00,0.87895,0.87965,0.87883,0.87944,1377,21,0
2024-12-09 15:00:00,0.87945,0.87977,0.87882,0.87891,1862,21,0
2024-12-09 15:30:00,0.87892,0.87893,0.87832,0.87842,1865,21,0
2024-12-09 16:00:00,0.87842,0.87912,0.87802,0.87825,1844,21,0
2024-12-09 16:30:00,0.87825,0.87912,0.87809,0.87831,2500,21,0
2024-12-09 17:00:00,0.87832,0.87857,0.87778,0.87812,2154,21,0
2024-12-09 17:30:00,0.87808,0.87811,0.876,0.8762,2354,21,0
2024-12-09 18:00:00,0.87621,0.877,0.87576,0.87673,2095,21,0
2024-12-09 18:30:00,0.87675,0.87763,0.87656,0.8773,1305,21,0
2024-12-09 19:00:00,0.87728,0.87794,0.8771,0.87794,978,21,0
2024-12-09 19:30:00,0.87793,0.87822,0.8777,0.87817,774,21,0
2024-12-09 20:00:00,0.8782,0.87838,0.87802,0.87828,784,21,0
2024-12-09 20:30:00,0.8783,0.87838,0.87791,0.87807,623,21,0
2024-12-09 21:00:00,0.87807,0.87869,0.87795,0.87866,685,21,0
2024-12-09 21:30:00,0.87865,0.87893,0.87832,0.87861,763,21,0
2024-12-09 22:00:00,0.87862,0.87918,0.87852,0.87918,631,21,0
2024-12-09 22:30:00,0.87917,0.87917,0.87859,0.8787,804,21,0
2024-12-09 23:00:00,0.8787,0.87884,0.8784,0.87858,395,23,0
2024-12-09 23:30:00,0.87858,0.87872,0.87819,0.87824,306,25,0
2024-12-10 00:00:00,0.87838,0.87839,0.87798,0.87831,49,86,0
2024-12-10 00:30:00,0.87828,0.87836,0.87816,0.87831,524,82,0
2024-12-10 01:00:00,0.87834,0.87874,0.87829,0.87872,659,21,0
2024-12-10 01:30:00,0.87872,0.87875,0.87839,0.87849,729,21,0
2024-12-10 02:00:00,0.8785,0.87889,0.87845,0.87855,843,21,0
2024-12-10 02:30:00,0.87856,0.879,0.87843,0.87874,1000,21,0
2024-12-10 03:00:00,0.87875,0.87913,0.87875,0.87902,1283,21,0
2024-12-10 03:30:00,0.87903,0.87904,0.87846,0.8785,1276,21,0
2024-12-10 04:00:00,0.87847,0.87854,0.8779,0.87846,1270,21,0
2024-12-10 04:30:00,0.87845,0.87857,0.87784,0.87824,1143,21,0
2024-12-10 05:00:00,0.87821,0.8786,0.87816,0.87827,1047,21,0
2024-12-10 05:30:00,0.87825,0.87853,0.87777,0.87787,1420,21,0
2024-12-10 06:00:00,0.87785,0.87797,0.87766,0.87773,1132,21,0
2024-12-10 06:30:00,0.87772,0.87781,0.87744,0.87771,965,21,0
2024-12-10 07:00:00,0.8777,0.87792,0.87753,0.87777,911,21,0
2024-12-10 07:30:00,0.87778,0.87779,0.87703,0.87713,1055,21,0
2024-12-10 08:00:00,0.87714,0.87729,0.87705,0.87711,1107,21,0
2024-12-10 08:30:00,0.87712,0.87753,0.87698,0.8772,1148,21,0
2024-12-10 09:00:00,0.8772,0.87799,0.87707,0.8777,1073,22,0
2024-12-10 09:30:00,0.87773,0.8789,0.87761,0.87886,1176,21,0
2024-12-10 10:00:00,0.87885,0.87953,0.87865,0.87884,1581,21,0
2024-12-10 10:30:00,0.87883,0.87993,0.87876,0.87993,1477,21,0
2024-12-10 11:00:00,0.87994,0.88034,0.8798,0.8802,1459,21,0
2024-12-10 11:30:00,0.88021,0.88067,0.87989,0.88036,1440,21,0
2024-12-10 12:00:00,0.88037,0.88039,0.87934,0.87972,1246,21,0
2024-12-10 12:30:00,0.87972,0.88011,0.87943,0.88,1179,21,0
2024-12-10 13:00:00,0.88001,0.88033,0.8797,0.87976,1071,21,0
2024-12-10 13:30:00,0.87975,0.87989,0.87936,0.87971,1159,21,0
2024-12-10 14:00:00,0.8797,0.88012,0.8795,0.8798,1385,21,0
2024-12-10 14:30:00,0.87982,0.88011,0.87962,0.88008,1481,21,0
2024-12-10 15:00:00,0.88008,0.88063,0.87974,0.87984,1643,21,0
2024-12-10 15:30:00,0.87985,0.87993,0.87937,0.87974,1984,21,0
2024-12-10 16:00:00,0.87975,0.88016,0.87942,0.8801,1854,21,0
2024-12-10 16:30:00,0.8801,0.88114,0.87977,0.88112,2249,21,0
2024-12-10 17:00:00,0.88111,0.88272,0.88086,0.88245,2565,21,0
2024-12-10 17:30:00,0.88246,0.88268,0.88171,0.88223,2639,21,0
2024-12-10 18:00:00,0.8822,0.88247,0.88174,0.88191,1984,21,0
2024-12-10 18:30:00,0.88192,0.88264,0.8818,0.88224,1649,21,0
2024-12-10 19:00:00,0.88222,0.88257,0.88181,0.88255,977,21,0
2024-12-10 19:30:00,0.88258,0.88291,0.88228,0.8827,858,21,0
2024-12-10 20:00:00,0.88274,0.88306,0.88237,0.88259,1119,21,0
2024-12-10 20:30:00,0.88258,0.88258,0.88189,0.88202,816,21,0
2024-12-10 21:00:00,0.88205,0.88229,0.88172,0.88229,691,21,0
2024-12-10 21:30:00,0.88229,0.8828,0.88219,0.88279,822,21,0
2024-12-10 22:00:00,0.88276,0.88288,0.88244,0.88246,742,21,0
2024-12-10 22:30:00,0.88246,0.88287,0.88227,0.88285,671,21,0
2024-12-10 23:00:00,0.88285,0.88315,0.88276,0.88281,448,22,0
2024-12-10 23:30:00,0.88282,0.88288,0.88167,0.8817,523,25,0
2024-12-11 00:00:00,0.88175,0.88238,0.88175,0.88222,123,86,0
2024-12-11 00:30:00,0.8822,0.88247,0.88211,0.88247,530,61,0
2024-12-11 01:00:00,0.88247,0.88271,0.88225,0.88261,674,21,0
2024-12-11 01:30:00,0.88263,0.88268,0.88254,0.88267,719,21,0
2024-12-11 02:00:00,0.88265,0.88277,0.88248,0.88273,748,21,0
2024-12-11 02:30:00,0.88273,0.88279,0.88245,0.88275,761,21,0
2024-12-11 03:00:00,0.88272,0.88316,0.88265,0.88282,1175,21,0
2024-12-11 03:30:00,0.88281,0.8832,0.88273,0.88295,1138,21,0
2024-12-11 04:00:00,0.88295,0.88302,0.88255,0.88265,916,21,0
2024-12-11 04:30:00,0.88264,0.88303,0.88258,0.88272,997,21,0
2024-12-11 05:00:00,0.88273,0.88322,0.88268,0.88304,875,21,0
2024-12-11 05:30:00,0.88305,0.88333,0.88303,0.88326,750,21,0
2024-12-11 06:00:00,0.88327,0.88348,0.88312,0.88347,632,21,0
2024-12-11 06:30:00,0.88351,0.88367,0.88333,0.88342,711,21,0
2024-12-11 07:00:00,0.88342,0.88369,0.88332,0.88365,733,21,0
2024-12-11 07:30:00,0.88366,0.88374,0.88331,0.88341,730,21,0
2024-12-11 08:00:00,0.88342,0.88353,0.8832,0.88349,812,21,0
2024-12-11 08:30:00,0.88348,0.88366,0.88327,0.88345,774,21,0
2024-12-11 09:00:00,0.88343,0.88426,0.88324,0.88407,2051,22,0
2024-12-11 09:30:00,0.88406,0.88531,0.88395,0.88491,2294,21,0
2024-12-11 10:00:00,0.88492,0.88512,0.8841,0.88421,1692,21,0
2024-12-11 10:30:00,0.8842,0.8842,0.88352,0.88405,1473,21,0
2024-12-11 11:00:00,0.88408,0.88476,0.88351,0.88456,2709,21,0
2024-12-11 11:30:00,0.88455,0.88477,0.884,0.88417,1772,21,0
2024-12-11 12:00:00,0.88418,0.88466,0.8838,0.88409,1678,21,0
2024-12-11 12:30:00,0.8841,0.88434,0.88391,0.88418,1205,21,0
2024-12-11 13:00:00,0.88417,0.88438,0.88322,0.88339,1225,21,0
2024-12-11 13:30:00,0.8834,0.88351,0.88314,0.88339,1282,21,0
2024-12-11 14:00:00,0.88338,0.88339,0.88265,0.88329,1782,21,0
2024-12-11 14:30:00,0.88334,0.88363,0.88301,0.88341,1591,21,0
2024-12-11 15:00:00,0.8834,0.88352,0.88276,0.8828,1913,21,0
2024-12-11 15:30:00,0.8828,0.88378,0.88099,0.88182,5577,21,0
2024-12-11 16:00:00,0.88179,0.88307,0.88141,0.88284,3295,21,0
2024-12-11 16:30:00,0.88286,0.88365,0.88236,0.88323,3255,21,0
2024-12-11 17:00:00,0.88322,0.88374,0.88266,0.88365,3070,20,0
2024-12-11 17:30:00,0.88364,0.88479,0.88347,0.88408,3366,21,0
2024-12-11 18:00:00,0.88407,0.88446,0.88354,0.88421,2343,21,0
2024-12-11 18:30:00,0.88419,0.88425,0.88249,0.88292,1694,21,0
2024-12-11 19:00:00,0.88293,0.88387,0.8827,0.88381,1395,21,0
2024-12-11 19:30:00,0.88382,0.88477,0.88379,0.88465,1336,21,0
2024-12-11 20:00:00,0.88464,0.88465,0.88371,0.88408,1899,21,0
2024-12-11 20:30:00,0.88407,0.88517,0.884,0.88501,1480,21,0
2024-12-11 21:00:00,0.88501,0.88526,0.88468,0.88471,1276,21,0
2024-12-11 21:30:00,0.88469,0.88492,0.8844,0.88472,1160,21,0
2024-12-11 22:00:00,0.8847,0.88473,0.88427,0.8844,1000,21,0
2024-12-11 22:30:00,0.8844,0.88467,0.88432,0.88447,819,21,0
2024-12-11 23:00:00,0.88448,0.88448,0.88391,0.88395,582,21,0
2024-12-11 23:30:00,0.88395,0.88403,0.88277,0.88359,395,25,0
2024-12-12 00:00:00,0.88348,0.8839,0.88348,0.88376,47,86,0
2024-12-12 00:30:00,0.88375,0.88376,0.88356,0.88371,208,71,0
2024-12-12 01:00:00,0.88371,0.88395,0.88349,0.8835,507,21,0
2024-12-12 01:30:00,0.88351,0.88357,0.8831,0.88313,713,21,0
2024-12-12 02:00:00,0.88311,0.8834,0.88276,0.88333,921,21,0
2024-12-12 02:30:00,0.88334,0.88376,0.88309,0.8835,1412,21,0
2024-12-12 03:00:00,0.88351,0.88358,0.88318,0.88325,1263,21,0
2024-12-12 03:30:00,0.88324,0.88348,0.88319,0.8834,1144,21,0
2024-12-12 04:00:00,0.88339,0.88388,0.88335,0.88377,950,21,0
2024-12-12 04:30:00,0.88375,0.88396,0.88366,0.88385,952,21,0
2024-12-12 05:00:00,0.88386,0.88411,0.88363,0.88366,884,21,0
2024-12-12 05:30:00,0.88363,0.88404,0.88356,0.88395,855,21,0
2024-12-12 06:00:00,0.88396,0.88401,0.88364,0.88377,625,21,0
2024-12-12 06:30:00,0.88378,0.88411,0.88375,0.88388,616,21,0
2024-12-12 07:00:00,0.88387,0.88412,0.88366,0.88369,835,21,0
2024-12-12 07:30:00,0.88367,0.88416,0.88364,0.88376,1354,21,0
2024-12-12 08:00:00,0.88374,0.88409,0.88372,0.88386,1029,21,0
2024-12-12 08:30:00,0.88385,0.88385,0.88321,0.88324,1003,21,0
2024-12-12 09:00:00,0.88323,0.88335,0.88193,0.88236,1455,21,0
2024-12-12 09:30:00,0.88235,0.88237,0.88155,0.88212,1374,21,0
2024-12-12 10:00:00,0.88215,0.8878,0.88184,0.88654,1704,21,0
2024-12-12 10:30:00,0.8864,0.88931,0.88621,0.88716,4053,22,0
2024-12-12 11:00:00,0.88716,0.88849,0.88699,0.88706,1835,22,0
2024-12-12 11:30:00,0.88705,0.88745,0.8851,0.8865,1916,21,0
2024-12-12 12:00:00,0.88651,0.88677,0.88583,0.88602,1298,22,0
2024-12-12 12:30:00,0.88602,0.88695,0.88542,0.88682,1123,21,0
2024-12-12 13:00:00,0.88682,0.88698,0.88579,0.886,1470,21,0
2024-12-12 13:30:00,0.886,0.88683,0.88571,0.8868,1351,21,0
2024-12-12 14:00:00,0.8868,0.88782,0.88678,0.8876,1278,21,0
2024-12-12 14:30:00,0.88762,0.88874,0.88722,0.88873,1683,21,0
2024-12-12 15:00:00,0.88875,0.88982,0.88807,0.88941,3093,20,0
2024-12-12 15:30:00,0.88942,0.88957,0.88752,0.88855,4650,20,0
2024-12-12 16:00:00,0.88853,0.88958,0.8881,0.88907,4347,21,0
2024-12-12 16:30:00,0.88907,0.88908,0.8869,0.88716,4042,21,0
2024-12-12 17:00:00,0.88715,0.88948,0.88662,0.88935,3550,21,0
2024-12-12 17:30:00,0.88936,0.89009,0.88857,0.88865,3648,21,0
2024-12-12 18:00:00,0.88866,0.88926,0.88819,0.88827,2480,21,0
2024-12-12 18:30:00,0.88823,0.88856,0.88777,0.88783,1865,21,0
2024-12-12 19:00:00,0.88785,0.88894,0.88765,0.88859,1832,21,0
2024-12-12 19:30:00,0.88858,0.88917,0.88841,0.88909,1530,21,0
2024-12-12 20:00:00,0.88908,0.88991,0.88899,0.88977,1620,21,0
2024-12-12 20:30:00,0.88976,0.8903,0.88955,0.89013,1269,21,0
2024-12-12 21:00:00,0.89014,0.89061,0.88996,0.8906,1296,21,0
2024-12-12 21:30:00,0.8906,0.89137,0.89058,0.89127,1177,21,0
2024-12-12 22:00:00,0.89127,0.89155,0.89113,0.89134,883,21,0
2024-12-12 22:30:00,0.89133,0.89228,0.89127,0.89208,1003,21,0
2024-12-12 23:00:00,0.89211,0.8923,0.89186,0.89222,1429,21,0
2024-12-12 23:30:00,0.89222,0.89251,0.89143,0.89146,1646,25,0
2024-12-13 00:00:00,0.89135,0.89192,0.88706,0.89167,573,86,0
2024-12-13 00:30:00,0.89163,0.89175,0.89148,0.89152,356,80,0
2024-12-13 01:00:00,0.89157,0.89212,0.89146,0.89204,653,22,0
2024-12-13 01:30:00,0.89203,0.89221,0.89181,0.8919,608,22,0
2024-12-13 02:00:00,0.89192,0.89216,0.89173,0.89178,1323,21,0
2024-12-13 02:30:00,0.89178,0.89193,0.89149,0.89152,1072,21,0
2024-12-13 03:00:00,0.89153,0.89242,0.89147,0.89231,1213,21,0
2024-12-13 03:30:00,0.89232,0.89262,0.89214,0.89241,1240,21,0
2024-12-13 04:00:00,0.89242,0.89258,0.89231,0.89249,967,21,0
2024-12-13 04:30:00,0.8925,0.89267,0.89224,0.89255,688,21,0
2024-12-13 05:00:00,0.89256,0.89278,0.89247,0.89276,578,21,0
2024-12-13 05:30:00,0.89278,0.89279,0.89253,0.8927,604,21,0
2024-12-13 06:00:00,0.89271,0.89297,0.89267,0.89291,694,21,0
2024-12-13 06:30:00,0.89292,0.89295,0.89256,0.89266,523,21,0
2024-12-13 07:00:00,0.89265,0.89285,0.8925,0.89263,948,21,0
2024-12-13 07:30:00,0.89263,0.89265,0.8921,0.89211,553,21,0
2024-12-13 08:00:00,0.89212,0.89279,0.8921,0.89261,817,21,0
2024-12-13 08:30:00,0.89259,0.89272,0.89233,0.89241,808,21,0
2024-12-13 09:00:00,0.89248,0.89357,0.89247,0.89334,1353,21,0
2024-12-13 09:30:00,0.89334,0.89357,0.8929,0.89329,1445,21,0
2024-12-13 10:00:00,0.89328,0.89388,0.89283,0.8936,1574,21,0
2024-12-13 10:30:00,0.89356,0.89397,0.89326,0.8937,1401,19,0
2024-12-13 11:00:00,0.89372,0.89435,0.89367,0.89404,1250,19,0
2024-12-13 11:30:00,0.89405,0.89439,0.89384,0.89436,1401,19,0
2024-12-13 12:00:00,0.89433,0.89448,0.8935,0.89359,1613,19,0
2024-12-13 12:30:00,0.8936,0.89408,0.8933,0.89397,1383,19,0
2024-12-13 13:00:00,0.89398,0.89406,0.89338,0.89363,1213,19,0
2024-12-13 13:30:00,0.89361,0.89388,0.89325,0.89388,1108,18,0
2024-12-13 14:00:00,0.89388,0.89399,0.89339,0.8934,1457,18,0
2024-12-13 14:30:00,0.89336,0.89336,0.89207,0.89233,1998,18,0
2024-12-13 15:00:00,0.89234,0.89238,0.89146,0.89158,1862,18,0
2024-12-13 15:30:00,0.89159,0.89213,0.89138,0.89203,1820,18,0
2024-12-13 16:00:00,0.89208,0.89276,0.89208,0.89251,1717,18,0
2024-12-13 16:30:00,0.8925,0.89364,0.89249,0.89349,1828,18,0
2024-12-13 17:00:00,0.89354,0.89414,0.89336,0.89391,2228,18,0
2024-12-13 17:30:00,0.89393,0.89404,0.8927,0.8935,2650,18,0
2024-12-13 18:00:00,0.89348,0.89381,0.89289,0.89318,2131,18,0
2024-12-13 18:30:00,0.89316,0.89331,0.8925,0.89282,1415,18,0
2024-12-13 19:00:00,0.89281,0.893,0.89267,0.89292,1057,19,0
2024-12-13 19:30:00,0.89291,0.893,0.89191,0.89238,1155,19,0
2024-12-13 20:00:00,0.89239,0.89296,0.89231,0.89283,1138,19,0
2024-12-13 20:30:00,0.89285,0.89291,0.8925,0.89261,861,19,0
2024-12-13 21:00:00,0.89262,0.89269,0.89208,0.89257,903,19,0
2024-12-13 21:30:00,0.89255,0.89283,0.89242,0.89264,1100,19,0
2024-12-13 22:00:00,0.89263,0.89277,0.89246,0.89261,833,19,0
2024-12-13 22:30:00,0.89262,0.89271,0.89241,0.89265,844,19,0
2024-12-13 23:00:00,0.89263,0.89275,0.89228,0.89246,431,19,0
2024-12-13 23:30:00,0.89245,0.89253,0.89195,0.89238,512,23,0
2024-12-16 00:00:00,0.89046,0.89307,0.89046,0.89291,128,120,0
2024-12-16 00:30:00,0.89292,0.89303,0.89214,0.89273,1018,101,0
2024-12-16 01:00:00,0.89229,0.89243,0.89181,0.89206,1017,21,0
2024-12-16 01:30:00,0.89207,0.89215,0.8916,0.89165,626,20,0
2024-12-16 02:00:00,0.89164,0.89172,0.8913,0.89168,1005,19,0
2024-12-16 02:30:00,0.8917,0.89175,0.89127,0.89149,1376,19,0
2024-12-16 03:00:00,0.8915,0.8917,0.89101,0.89101,1625,19,0
2024-12-16 03:30:00,0.891,0.89128,0.89094,0.89115,1455,19,0
2024-12-16 04:00:00,0.89116,0.89145,0.89087,0.89137,1005,19,0
2024-12-16 04:30:00,0.89138,0.89143,0.8912,0.89133,724,19,0
2024-12-16 05:00:00,0.89132,0.89135,0.89092,0.89123,1729,19,0
2024-12-16 05:30:00,0.89122,0.89133,0.89104,0.89117,1073,19,0
2024-12-16 06:00:00,0.89115,0.89118,0.89089,0.89106,972,19,0
2024-12-16 06:30:00,0.89107,0.8911,0.89074,0.8908,703,19,0
2024-12-16 07:00:00,0.8908,0.89086,0.89054,0.89056,1047,19,0
2024-12-16 07:30:00,0.89055,0.89071,0.89027,0.89043,614,19,0
2024-12-16 08:00:00,0.89044,0.8908,0.89022,0.89067,905,19,0
2024-12-16 08:30:00,0.89071,0.891,0.89063,0.89084,740,19,0
2024-12-16 09:00:00,0.89087,0.89094,0.89018,0.8904,888,19,0
2024-12-16 09:30:00,0.89036,0.89168,0.89032,0.89158,1821,19,0
2024-12-16 10:00:00,0.89158,0.89176,0.89065,0.89066,2272,19,0
2024-12-16 10:30:00,0.89065,0.89119,0.89015,0.89108,2143,19,0
2024-12-16 11:00:00,0.89101,0.8911,0.89026,0.89037,1597,19,0
2024-12-16 11:30:00,0.89036,0.89071,0.88976,0.89036,1631,19,0
2024-12-16 12:00:00,0.89038,0.89088,0.89007,0.89076,1037,19,0
2024-12-16 12:30:00,0.89077,0.89243,0.89077,0.89236,1348,19,0
2024-12-16 13:00:00,0.89236,0.89245,0.89191,0.89205,1350,19,0
2024-12-16 13:30:00,0.89206,0.89259,0.89197,0.89249,1076,19,0
2024-12-16 14:00:00,0.89249,0.89293,0.89237,0.89291,1095,18,0
2024-12-16 14:30:00,0.89288,0.89316,0.89241,0.89263,1805,18,0
2024-12-16 15:00:00,0.89262,0.89309,0.89236,0.89297,1412,18,0
2024-12-16 15:30:00,0.89298,0.8935,0.89285,0.89302,1620,18,0
2024-12-16 16:00:00,0.89303,0.89366,0.89259,0.89346,1914,18,0
2024-12-16 16:30:00,0.89346,0.89474,0.89328,0.89427,2479,18,0
2024-12-16 17:00:00,0.89427,0.89477,0.89413,0.89428,2438,18,0
2024-12-16 17:30:00,0.89429,0.89431,0.89225,0.89232,2606,18,0
2024-12-16 18:00:00,0.89233,0.89367,0.89209,0.89341,2180,18,0
2024-12-16 18:30:00,0.89342,0.89349,0.89283,0.89325,1652,18,0
2024-12-16 19:00:00,0.89326,0.89346,0.89255,0.89337,1358,19,0
2024-12-16 19:30:00,0.89339,0.8943,0.89324,0.89384,1343,19,0
2024-12-16 20:00:00,0.89383,0.89444,0.89367,0.89427,1049,19,0
2024-12-16 20:30:00,0.89427,0.89444,0.89354,0.89364,919,19,0
2024-12-16 21:00:00,0.89363,0.89438,0.89342,0.89425,1122,19,0
2024-12-16 21:30:00,0.89425,0.89464,0.89424,0.89463,897,19,0
2024-12-16 22:00:00,0.89463,0.8947,0.89439,0.89444,677,18,0
2024-12-16 22:30:00,0.89444,0.89448,0.89398,0.89416,1199,19,0
2024-12-16 23:00:00,0.89415,0.89453,0.89408,0.8944,800,19,0
2024-12-16 23:30:00,0.8944,0.89449,0.89366,0.89366,1146,23,0
2024-12-17 00:00:00,0.89385,0.89395,0.89337,0.8937,165,87,0
2024-12-17 00:30:00,0.89371,0.89393,0.89368,0.89377,646,87,0
2024-12-17 01:00:00,0.89386,0.89438,0.89381,0.89411,1478,19,0
2024-12-17 01:30:00,0.89412,0.89419,0.89382,0.89392,656,19,0
2024-12-17 02:00:00,0.89392,0.89408,0.89364,0.89401,1390,19,0
2024-12-17 02:30:00,0.89401,0.89408,0.8932,0.89334,1297,19,0
2024-12-17 03:00:00,0.89335,0.89359,0.89316,0.89323,1336,19,0
2024-12-17 03:30:00,0.89322,0.89338,0.89305,0.89311,980,19,0
2024-12-17 04:00:00,0.89312,0.89336,0.8929,0.89329,1021,19,0
2024-12-17 04:30:00,0.8933,0.89418,0.89329,0.89414,1002,19,0
2024-12-17 05:00:00,0.89414,0.8945,0.89407,0.8944,747,19,0
2024-12-17 05:30:00,0.8944,0.89472,0.89436,0.89444,715,19,0
2024-12-17 06:00:00,0.89445,0.89482,0.89443,0.89465,679,19,0
2024-12-17 06:30:00,0.89465,0.89517,0.89459,0.89507,701,19,0
2024-12-17 07:00:00,0.89511,0.89514,0.8947,0.89477,603,19,0
2024-12-17 07:30:00,0.89477,0.89486,0.89445,0.89451,1214,19,0
2024-12-17 08:00:00,0.89451,0.89574,0.89437,0.89537,1122,19,0
2024-12-17 08:30:00,0.89535,0.89571,0.89515,0.89555,1186,19,0
2024-12-17 09:00:00,0.89551,0.89603,0.89535,0.89587,1006,20,0
2024-12-17 09:30:00,0.89588,0.89645,0.89566,0.89636,1196,19,0
2024-12-17 10:00:00,0.89638,0.89718,0.89631,0.89692,1426,19,0
2024-12-17 10:30:00,0.89691,0.89712,0.896,0.8964,1730,19,0
2024-12-17 11:00:00,0.89639,0.89719,0.89639,0.89682,1495,19,0
2024-12-17 11:30:00,0.89681,0.89734,0.89678,0.89729,1093,19,0
2024-12-17 12:00:00,0.89726,0.89739,0.89663,0.89685,1590,19,0
2024-12-17 12:30:00,0.89684,0.89689,0.89624,0.89641,1207,19,0
2024-12-17 13:00:00,0.89641,0.8967,0.89624,0.89632,1345,19,0
2024-12-17 13:30:00,0.89631,0.89679,0.89625,0.89674,1075,19,0
2024-12-17 14:00:00,0.89673,0.89709,0.89658,0.89696,1304,18,0
2024-12-17 14:30:00,0.89697,0.89699,0.89632,0.89635,1324,18,0
2024-12-17 15:00:00,0.89634,0.8968,0.89597,0.89605,1794,18,0
2024-12-17 15:30:00,0.8953,0.8963,0.89517,0.89537,2941,18,0
2024-12-17 16:00:00,0.89538,0.89538,0.89461,0.89502,2635,18,0
2024-12-17 16:30:00,0.89503,0.89555,0.89483,0.89526,2444,18,0
2024-12-17 17:00:00,0.89525,0.89543,0.89443,0.89475,1927,18,0
2024-12-17 17:30:00,0.89476,0.89498,0.89398,0.8943,2704,18,0
2024-12-17 18:00:00,0.89431,0.89466,0.89371,0.89432,2185,18,0
2024-12-17 18:30:00,0.89433,0.8945,0.89285,0.89298,1380,18,0
2024-12-17 19:00:00,0.89297,0.89301,0.8918,0.89211,1629,19,0
2024-12-17 19:30:00,0.89212,0.89231,0.89171,0.89186,1132,19,0
2024-12-17 20:00:00,0.89188,0.89227,0.89181,0.89187,1117,19,0
2024-12-17 20:30:00,0.89185,0.89211,0.89137,0.89182,1045,19,0
2024-12-17 21:00:00,0.89181,0.89204,0.89163,0.89198,710,19,0
2024-12-17 21:30:00,0.89199,0.89227,0.89186,0.89224,647,19,0
2024-12-17 22:00:00,0.89225,0.89255,0.89216,0.89249,470,19,0
2024-12-17 22:30:00,0.89249,0.89282,0.89245,0.8927,728,19,0
2024-12-17 23:00:00,0.89271,0.89289,0.89246,0.89247,447,22,0
2024-12-17 23:30:00,0.89248,0.89253,0.89204,0.89228,778,23,0
2024-12-18 00:00:00,0.89233,0.89241,0.89211,0.89221,65,87,0
2024-12-18 00:30:00,0.89222,0.89237,0.89215,0.89225,433,87,0
2024-12-18 01:00:00,0.89235,0.89263,0.89229,0.89246,1301,19,0
2024-12-18 01:30:00,0.89247,0.89247,0.89218,0.89238,645,19,0
2024-12-18 02:00:00,0.89241,0.89254,0.89214,0.8922,983,19,0
2024-12-18 02:30:00,0.89221,0.89225,0.89186,0.89216,1104,19,0
2024-12-18 03:00:00,0.89218,0.89244,0.89192,0.89241,1249,19,0
2024-12-18 03:30:00,0.89243,0.89276,0.89218,0.89224,1053,19,0
2024-12-18 04:00:00,0.89224,0.89275,0.89215,0.89264,804,19,0
2024-12-18 04:30:00,0.89264,0.89287,0.89251,0.89266,1184,19,0
2024-12-18 05:00:00,0.89266,0.89284,0.89241,0.89246,715,19,0
2024-12-18 05:30:00,0.89246,0.89266,0.89243,0.89261,700,19,0
2024-12-18 06:00:00,0.8926,0.89285,0.89253,0.89271,752,19,0
2024-12-18 06:30:00,0.89271,0.89271,0.89203,0.89222,653,19,0
2024-12-18 07:00:00,0.89224,0.89238,0.89215,0.89227,667,19,0
2024-12-18 07:30:00,0.89225,0.89236,0.89212,0.89233,729,19,0
2024-12-18 08:00:00,0.89231,0.89239,0.89186,0.89207,1011,19,0
2024-12-18 08:30:00,0.89206,0.89222,0.89175,0.89206,1050,19,0
2024-12-18 09:00:00,0.89205,0.89244,0.89165,0.89243,1040,19,0
2024-12-18 09:30:00,0.89245,0.89369,0.89229,0.89335,1407,19,0
2024-12-18 10:00:00,0.89336,0.89389,0.89336,0.89349,1700,19,0
2024-12-18 10:30:00,0.8935,0.89366,0.89308,0.89343,1290,19,0
2024-12-18 11:00:00,0.89345,0.89407,0.89337,0.89369,1199,19,0
2024-12-18 11:30:00,0.89372,0.89414,0.89353,0.89364,1525,19,0
2024-12-18 12:00:00,0.89362,0.89394,0.89343,0.89377,990,19,0
2024-12-18 12:30:00,0.89378,0.89397,0.89331,0.8935,957,19,0
2024-12-18 13:00:00,0.89349,0.89378,0.89312,0.89374,829,19,0
2024-12-18 13:30:00,0.89373,0.894,0.89358,0.89373,1012,19,0
2024-12-18 14:00:00,0.89372,0.89427,0.89372,0.8938,1291,18,0
2024-12-18 14:30:00,0.89379,0.89448,0.89342,0.89422,1670,18,0
2024-12-18 15:00:00,0.89423,0.89431,0.89357,0.8936,1757,18,0
2024-12-18 15:30:00,0.89361,0.89365,0.89298,0.89332,2085,18,0
2024-12-18 16:00:00,0.89333,0.89381,0.89302,0.89363,2244,18,0
2024-12-18 16:30:00,0.89364,0.89394,0.89296,0.89305,2221,18,0
2024-12-18 17:00:00,0.89304,0.89328,0.89203,0.89294,2020,17,0
2024-12-18 17:30:00,0.89295,0.89349,0.89242,0.89282,2194,17,0
2024-12-18 18:00:00,0.89281,0.89329,0.89266,0.89317,1628,18,0
2024-12-18 18:30:00,0.89317,0.8937,0.89289,0.89363,1490,18,0
2024-12-18 19:00:00,0.89363,0.89366,0.89294,0.89299,916,19,0
2024-12-18 19:30:00,0.893,0.893,0.89235,0.89274,848,19,0
2024-12-18 20:00:00,0.89273,0.89278,0.89208,0.89222,695,19,0
2024-12-18 20:30:00,0.89221,0.89224,0.89166,0.89191,1001,19,0
2024-12-18 21:00:00,0.89191,0.89772,0.89191,0.89772,5898,20,0
2024-12-18 21:30:00,0.89772,0.90017,0.89741,0.90011,4951,20,0
2024-12-18 22:00:00,0.90012,0.90138,0.89983,0.90127,4451,19,0
2024-12-18 22:30:00,0.90132,0.90196,0.90023,0.90048,3218,19,0
2024-12-18 23:00:00,0.90047,0.90054,0.89989,0.9005,1148,19,0
2024-12-18 23:30:00,0.90049,0.90079,0.90008,0.90059,1520,23,0
2024-12-19 00:00:00,0.90114,0.90114,0.90039,0.90074,93,87,0
2024-12-19 00:30:00,0.90073,0.90103,0.90073,0.90093,323,87,0
2024-12-19 01:00:00,0.90102,0.90208,0.90087,0.90186,1348,19,0
2024-12-19 01:30:00,0.90186,0.90186,0.90129,0.90159,1563,19,0
2024-12-19 02:00:00,0.90159,0.90159,0.90076,0.90107,1703,19,0
2024-12-19 02:30:00,0.90105,0.90114,0.90017,0.90029,2001,19,0
2024-12-19 03:00:00,0.9003,0.90042,0.89974,0.89989,1803,19,0
2024-12-19 03:30:00,0.8999,0.90012,0.89958,0.89982,1439,19,0
2024-12-19 04:00:00,0.89979,0.9,0.89948,0.89968,1313,19,0
2024-12-19 04:30:00,0.89969,0.90052,0.89963,0.89985,1731,19,0
2024-12-19 05:00:00,0.89986,0.90104,0.89985,0.90069,1443,19,0
2024-12-19 05:30:00,0.9007,0.90082,0.89997,0.90003,1029,19,0
2024-12-19 06:00:00,0.90004,0.9003,0.89977,0.90014,1059,19,0
2024-12-19 06:30:00,0.90015,0.90061,0.90011,0.90027,932,19,0
2024-12-19 07:00:00,0.90026,0.90027,0.89947,0.89954,1002,19,0
2024-12-19 07:30:00,0.89953,0.90001,0.89934,0.89948,1124,19,0
2024-12-19 08:00:00,0.89948,0.90018,0.89917,0.89929,1116,19,0
2024-12-19 08:30:00,0.89929,0.89965,0.8989,0.89922,3144,18,0
2024-12-19 09:00:00,0.8992,0.89921,0.89794,0.89852,2620,19,0
2024-12-19 09:30:00,0.89853,0.89876,0.89757,0.8982,2436,19,0
2024-12-19 10:00:00,0.89821,0.89879,0.89773,0.89822,2082,19,0
2024-12-19 10:30:00,0.89821,0.89884,0.8975,0.8978,1954,19,0
2024-12-19 11:00:00,0.89779,0.89782,0.89605,0.89629,2370,19,0
2024-12-19 11:30:00,0.89628,0.89654,0.89596,0.8961,2015,19,0
2024-12-19 12:00:00,0.89608,0.89679,0.89554,0.89606,1564,19,0
2024-12-19 12:30:00,0.89606,0.89635,0.89558,0.89588,1387,19,0
2024-12-19 13:00:00,0.89587,0.89612,0.89546,0.89589,1269,19,0
2024-12-19 13:30:00,0.89588,0.89616,0.89537,0.89606,1300,19,0
2024-12-19 14:00:00,0.89605,0.89636,0.89565,0.89583,2125,20,0
2024-12-19 14:30:00,0.89582,0.89631,0.89509,0.89608,2128,20,0
2024-12-19 15:00:00,0.8961,0.89679,0.89548,0.89563,2804,19,0
2024-12-19 15:30:00,0.89558,0.89719,0.89524,0.89714,3871,18,0
2024-12-19 16:00:00,0.89715,0.89815,0.89681,0.89791,2825,18,0
2024-12-19 16:30:00,0.89791,0.89823,0.89738,0.8979,2680,18,0
2024-12-19 17:00:00,0.89791,0.89823,0.89714,0.89727,2857,18,0
2024-12-19 17:30:00,0.89728,0.8984,0.89694,0.8978,3257,18,0
2024-12-19 18:00:00,0.89781,0.898,0.89676,0.89717,2902,18,0
2024-12-19 18:30:00,0.89716,0.89941,0.89709,0.89939,2264,18,0
2024-12-19 19:00:00,0.89937,0.89951,0.89812,0.89842,2185,19,0
2024-12-19 19:30:00,0.89842,0.89954,0.89842,0.89935,1710,19,0
2024-12-19 20:00:00,0.89932,0.89969,0.89845,0.89881,1704,19,0
2024-12-19 20:30:00,0.8988,0.89889,0.89805,0.89816,1237,19,0
2024-12-19 21:00:00,0.89817,0.89826,0.89764,0.89805,1457,19,0
2024-12-19 21:30:00,0.89805,0.89839,0.89784,0.89826,1516,19,0
2024-12-19 22:00:00,0.89823,0.89839,0.89802,0.89814,1172,19,0
2024-12-19 22:30:00,0.89815,0.89832,0.89773,0.89792,1240,19,0
2024-12-19 23:00:00,0.89793,0.89851,0.89792,0.8984,659,19,0
2024-12-19 23:30:00,0.89841,0.8986,0.89812,0.89843,582,23,0
2024-12-20 00:00:00,0.89866,0.89866,0.89797,0.89808,184,110,0
2024-12-20 00:30:00,0.89809,0.89849,0.89807,0.8984,481,87,0
2024-12-20 01:00:00,0.89875,0.89895,0.89814,0.89895,1028,19,0
2024-12-20 01:30:00,0.89895,0.89907,0.89887,0.89892,1514,19,0
2024-12-20 02:00:00,0.89891,0.89892,0.89825,0.8983,1786,19,0
2024-12-20 02:30:00,0.89831,0.8985,0.89805,0.8982,1640,19,0
2024-12-20 03:00:00,0.89819,0.89846,0.8979,0.89796,1741,19,0
2024-12-20 03:30:00,0.89797,0.89827,0.89774,0.89803,1179,19,0
2024-12-20 04:00:00,0.89801,0.89842,0.89763,0.89771,1261,19,0
2024-12-20 04:30:00,0.89771,0.8982,0.89763,0.89771,1118,19,0
2024-12-20 05:00:00,0.89772,0.89796,0.89745,0.89789,956,19,0
2024-12-20 05:30:00,0.8979,0.8983,0.89758,0.89816,1106,19,0
2024-12-20 06:00:00,0.89816,0.89847,0.898,0.89806,906,19,0
2024-12-20 06:30:00,0.8981,0.89818,0.89777,0.89818,895,19,0
2024-12-20 07:00:00,0.89818,0.89859,0.89793,0.89819,1015,19,0
2024-12-20 07:30:00,0.89818,0.89838,0.89756,0.89763,1009,19,0
2024-12-20 08:00:00,0.89764,0.89859,0.8973,0.89752,2029,19,0
2024-12-20 08:30:00,0.89751,0.89768,0.89717,0.89736,1635,19,0
2024-12-20 09:00:00,0.89738,0.89763,0.89704,0.89745,1388,20,0
2024-12-20 09:30:00,0.89746,0.89774,0.89712,0.8972,1417,19,0
2024-12-20 10:00:00,0.89719,0.89751,0.89537,0.89538,2110,19,0
2024-12-20 10:30:00,0.89539,0.89605,0.89473,0.89601,1606,19,0
2024-12-20 11:00:00,0.89602,0.89629,0.89558,0.89617,1546,19,0
2024-12-20 11:30:00,0.89615,0.89635,0.89495,0.89519,1588,19,0
2024-12-20 12:00:00,0.89518,0.89523,0.89428,0.89466,1404,19,0
2024-12-20 12:30:00,0.89466,0.89505,0.89419,0.89453,1202,19,0
2024-12-20 13:00:00,0.89452,0.8951,0.89445,0.89465,1283,19,0
2024-12-20 13:30:00,0.89466,0.89473,0.89346,0.89415,1367,19,0
2024-12-20 14:00:00,0.89414,0.89416,0.89319,0.89325,1472,18,0
2024-12-20 14:30:00,0.89324,0.89473,0.89308,0.89464,1579,18,0
2024-12-20 15:00:00,0.89466,0.89491,0.89406,0.89491,1961,18,0
2024-12-20 15:30:00,0.89484,0.89497,0.89286,0.89389,3926,18,0
2024-12-20 16:00:00,0.89389,0.89437,0.89313,0.89427,3126,18,0
2024-12-20 16:30:00,0.89426,0.89503,0.89381,0.89446,3200,18,0
2024-12-20 17:00:00,0.89423,0.89515,0.89345,0.89501,3133,18,0
2024-12-20 17:30:00,0.89498,0.89519,0.89359,0.89448,3269,18,0
2024-12-20 18:00:00,0.89448,0.89486,0.89352,0.89394,2673,18,0
2024-12-20 18:30:00,0.89391,0.89406,0.89251,0.89273,2541,18,0
2024-12-20 19:00:00,0.89273,0.8928,0.89148,0.8919,2352,19,0
2024-12-20 19:30:00,0.89191,0.89254,0.89182,0.89218,1880,19,0
2024-12-20 20:00:00,0.89221,0.89304,0.89221,0.89302,1235,19,0
2024-12-20 20:30:00,0.893,0.89309,0.89155,0.8919,1399,19,0
2024-12-20 21:00:00,0.89188,0.89214,0.89159,0.89174,1131,19,0
2024-12-20 21:30:00,0.89178,0.89186,0.89125,0.89164,1139,19,0
2024-12-20 22:00:00,0.89163,0.89207,0.89152,0.89166,1240,19,0
2024-12-20 22:30:00,0.89167,0.89295,0.89161,0.89291,1165,19,0
2024-12-20 23:00:00,0.89292,0.89309,0.89255,0.89289,812,19,0
2024-12-20 23:30:00,0.8929,0.89326,0.89249,0.89275,628,23,0
2024-12-23 00:00:00,0.89234,0.89234,0.89155,0.89189,116,120,0
2024-12-23 00:30:00,0.89183,0.89204,0.89116,0.89167,2024,111,0
2024-12-23 01:00:00,0.89172,0.89295,0.89148,0.89287,1535,19,0
2024-12-23 01:30:00,0.89288,0.89317,0.89288,0.89296,1775,19,0
2024-12-23 02:00:00,0.89296,0.89299,0.89269,0.89284,1607,19,0
2024-12-23 02:30:00,0.89283,0.89315,0.89283,0.8931,1402,19,0
2024-12-23 03:00:00,0.8931,0.89354,0.89302,0.89335,1366,19,0
2024-12-23 03:30:00,0.89334,0.89334,0.89278,0.89301,1367,19,0
2024-12-23 04:00:00,0.89299,0.89307,0.89264,0.89285,987,19,0
2024-12-23 04:30:00,0.89284,0.89308,0.89271,0.89298,1030,19,0
2024-12-23 05:00:00,0.893,0.89308,0.89285,0.89304,596,19,0
2024-12-23 05:30:00,0.89305,0.89311,0.89288,0.89305,557,19,0
2024-12-23 06:00:00,0.89304,0.89323,0.89296,0.89304,634,19,0
2024-12-23 06:30:00,0.89304,0.89316,0.89293,0.89306,674,19,0
2024-12-23 07:00:00,0.89306,0.8934,0.89306,0.89334,862,19,0
2024-12-23 07:30:00,0.89335,0.89365,0.89325,0.89361,800,19,0
2024-12-23 08:00:00,0.89362,0.89371,0.89325,0.89356,923,19,0
2024-12-23 08:30:00,0.89357,0.89378,0.89332,0.8934,1035,19,0
2024-12-23 09:00:00,0.89341,0.89372,0.89332,0.89367,820,19,0
2024-12-23 09:30:00,0.89368,0.89487,0.89359,0.89482,1344,19,0
2024-12-23 10:00:00,0.89482,0.89482,0.89436,0.89477,1291,19,0
2024-12-23 10:30:00,0.89478,0.89496,0.89438,0.89472,1211,19,0
2024-12-23 11:00:00,0.89474,0.89522,0.89459,0.89476,1180,19,0
2024-12-23 11:30:00,0.89472,0.89542,0.89463,0.89541,1028,19,0
2024-12-23 12:00:00,0.8954,0.89562,0.89491,0.89498,814,19,0
2024-12-23 12:30:00,0.89497,0.89588,0.89494,0.89587,1134,19,0
2024-12-23 13:00:00,0.89588,0.89602,0.89552,0.896,1084,19,0
2024-12-23 13:30:00,0.89601,0.8975,0.896,0.89657,1128,19,0
2024-12-23 14:00:00,0.89658,0.8972,0.89648,0.89712,1255,18,0
2024-12-23 14:30:00,0.89711,0.89835,0.89709,0.89805,1393,18,0
2024-12-23 15:00:00,0.89806,0.89835,0.89768,0.89778,1503,18,0
2024-12-23 15:30:00,0.89779,0.89805,0.89689,0.89717,1808,18,0
2024-12-23 16:00:00,0.89715,0.8977,0.89684,0.89719,1705,18,0
2024-12-23 16:30:00,0.8972,0.89841,0.89712,0.8983,1794,18,0
2024-12-23 17:00:00,0.8983,0.89928,0.89798,0.89924,2302,18,0
2024-12-23 17:30:00,0.89925,0.90009,0.89909,0.89993,1860,18,0
2024-12-23 18:00:00,0.89992,0.90006,0.8993,0.89972,1935,18,0
2024-12-23 18:30:00,0.89971,0.89978,0.89899,0.89905,1483,18,0
2024-12-23 19:00:00,0.89903,0.89916,0.89849,0.8991,1122,19,0
2024-12-23 19:30:00,0.89912,0.89943,0.89891,0.89913,1287,19,0
2024-12-23 20:00:00,0.89912,0.89913,0.89855,0.89872,1029,19,0
2024-12-23 20:30:00,0.89873,0.89881,0.89826,0.89852,1046,19,0
2024-12-23 21:00:00,0.89851,0.89917,0.89844,0.89884,790,19,0
2024-12-23 21:30:00,0.89885,0.89885,0.89824,0.89834,832,19,0
2024-12-23 22:00:00,0.89831,0.89867,0.8981,0.89841,877,19,0
2024-12-23 22:30:00,0.89842,0.89857,0.89828,0.89855,676,19,0
2024-12-23 23:00:00,0.89854,0.89856,0.89832,0.89841,905,19,0
2024-12-23 23:30:00,0.89842,0.89843,0.89803,0.89803,378,23,0
2024-12-24 00:00:00,0.8983,0.8983,0.89755,0.89801,62,89,0
2024-12-24 00:30:00,0.89802,0.89838,0.89801,0.89817,224,87,0
2024-12-24 01:00:00,0.89812,0.89843,0.8978,0.8983,585,21,0
2024-12-24 01:30:00,0.89829,0.89849,0.89819,0.89847,269,20,0
2024-12-24 02:00:00,0.89849,0.89891,0.89839,0.89885,708,19,0
2024-12-24 02:30:00,0.89886,0.89903,0.89871,0.89887,422,19,0
2024-12-24 03:00:00,0.89886,0.89888,0.89839,0.89864,518,19,0
2024-12-24 03:30:00,0.89863,0.89869,0.89842,0.89859,992,19,0
2024-12-24 04:00:00,0.89857,0.89875,0.89819,0.89868,553,19,0
2024-12-24 04:30:00,0.89867,0.89916,0.89866,0.89908,515,19,0
2024-12-24 05:00:00,0.89907,0.89944,0.89902,0.89921,718,19,0
2024-12-24 05:30:00,0.89922,0.89955,0.89907,0.89945,687,19,0
2024-12-24 06:00:00,0.89944,0.89945,0.89899,0.899,418,19,0
2024-12-24 06:30:00,0.899,0.89913,0.89887,0.89895,389,19,0
2024-12-24 07:00:00,0.89896,0.89898,0.89871,0.89874,427,19,0
2024-12-24 07:30:00,0.89873,0.89891,0.89841,0.89844,517,19,0
2024-12-24 08:00:00,0.89844,0.8989,0.89842,0.89872,451,19,0
2024-12-24 08:30:00,0.89874,0.89892,0.89864,0.89884,892,19,0
2024-12-24 09:00:00,0.89893,0.8993,0.89887,0.89896,572,19,0
2024-12-24 09:30:00,0.89895,0.90011,0.89895,0.90007,702,19,0
2024-12-24 10:00:00,0.90008,0.90023,0.89929,0.89942,938,20,0
2024-12-24 10:30:00,0.89942,0.90001,0.89891,0.89981,808,19,0
2024-12-24 11:00:00,0.8998,0.90029,0.8997,0.90006,745,19,0
2024-12-24 11:30:00,0.90006,0.90076,0.89991,0.90061,862,19,0
2024-12-24 12:00:00,0.90062,0.9007,0.90004,0.90022,659,19,0
2024-12-24 12:30:00,0.90021,0.90054,0.89997,0.90004,570,19,0
2024-12-24 13:00:00,0.90005,0.90019,0.89976,0.90018,596,19,0
2024-12-24 13:30:00,0.90018,0.90033,0.89999,0.90018,652,19,0
2024-12-24 14:00:00,0.90017,0.90029,0.89987,0.90001,1047,18,0
2024-12-24 14:30:00,0.89998,0.9003,0.8996,0.90027,925,18,0
2024-12-24 15:00:00,0.90026,0.90042,0.89971,0.89982,1198,18,0
2024-12-24 15:30:00,0.89982,0.90022,0.89942,0.89971,1291,18,0
2024-12-24 16:00:00,0.89972,0.90047,0.89959,0.89973,1210,18,0
2024-12-24 16:30:00,0.89975,0.90004,0.89951,0.89977,1663,18,0
2024-12-24 17:00:00,0.89976,0.90082,0.89956,0.90067,1315,18,0
2024-12-24 17:30:00,0.90067,0.90103,0.90036,0.90073,1477,18,0
2024-12-24 18:00:00,0.90072,0.9011,0.90044,0.90096,1267,18,0
2024-12-24 18:30:00,0.90096,0.90104,0.90054,0.90087,1286,18,0
2024-12-24 19:00:00,0.90088,0.90108,0.9005,0.90058,835,19,0
2024-12-24 19:30:00,0.9006,0.90099,0.90035,0.90088,1293,19,0
2024-12-24 20:00:00,0.90089,0.90104,0.90049,0.90099,947,19,0
2024-12-24 20:30:00,0.90098,0.90111,0.9005,0.90054,555,19,0
2024-12-24 21:00:00,0.90053,0.90056,0.8995,0.89975,1428,24,0
2024-12-24 21:30:00,0.89976,0.90112,0.89973,0.90082,282,20,0
2024-12-24 22:00:00,0.90081,0.90082,0.90032,0.90068,211,50,0
2024-12-24 22:30:00,0.90071,0.90083,0.90002,0.90037,413,50,0
2024-12-24 23:00:00,0.90038,0.90038,0.89949,0.89984,337,50,0
2024-12-24 23:30:00,0.89982,0.90021,0.89958,0.90012,121,120,0
2024-12-26 00:00:00,0.89895,0.89929,0.89895,0.89901,25,116,0
2024-12-26 00:30:00,0.89909,0.89938,0.89904,0.89911,11,120,0
2024-12-26 01:00:00,0.8991,0.89983,0.89892,0.89955,1350,19,0
2024-12-26 01:30:00,0.89954,0.89969,0.89927,0.89931,1228,19,0
2024-12-26 02:00:00,0.89934,0.89993,0.89911,0.89989,1783,19,0
2024-12-26 02:30:00,0.8999,0.89999,0.89944,0.89971,970,19,0
2024-12-26 03:00:00,0.89974,0.89994,0.89953,0.89977,1333,19,0
2024-12-26 03:30:00,0.89976,0.89977,0.89948,0.89956,789,19,0
2024-12-26 04:00:00,0.89956,0.89979,0.89946,0.89965,677,19,0
2024-12-26 04:30:00,0.89965,0.89969,0.89944,0.89953,747,19,0
2024-12-26 05:00:00,0.89952,0.89957,0.89929,0.89937,600,19,0
2024-12-26 05:30:00,0.89937,0.89949,0.89927,0.89945,489,19,0
2024-12-26 06:00:00,0.89946,0.89995,0.89946,0.89984,722,19,0
2024-12-26 06:30:00,0.89983,0.89996,0.89959,0.89991,448,19,0
2024-12-26 07:00:00,0.8999,0.89994,0.89963,0.89972,715,19,0
2024-12-26 07:30:00,0.89973,0.89976,0.89945,0.89969,532,19,0
2024-12-26 08:00:00,0.89969,0.89978,0.89952,0.89955,754,19,0
2024-12-26 08:30:00,0.89956,0.89977,0.89954,0.89972,630,19,0
2024-12-26 09:00:00,0.89973,0.90034,0.89969,0.90015,1107,19,0
2024-12-26 09:30:00,0.90014,0.9003,0.89958,0.8997,890,19,0
2024-12-26 10:00:00,0.89971,0.90014,0.89964,0.89994,758,19,0
2024-12-26 10:30:00,0.89995,0.90024,0.89986,0.89987,695,19,0
2024-12-26 11:00:00,0.89988,0.90011,0.8997,0.89973,795,19,0
2024-12-26 11:30:00,0.89972,0.89992,0.89944,0.89951,708,19,0
2024-12-26 12:00:00,0.89949,0.89963,0.89925,0.89939,692,19,0
2024-12-26 12:30:00,0.8994,0.89959,0.89932,0.89937,474,19,0
2024-12-26 13:00:00,0.89936,0.89989,0.89929,0.89979,1105,19,0
2024-12-26 13:30:00,0.8998,0.89993,0.89974,0.89988,529,19,0
2024-12-26 14:00:00,0.8999,0.90064,0.89986,0.90041,1211,18,0
2024-12-26 14:30:00,0.9004,0.90044,0.90014,0.90022,1187,18,0
2024-12-26 15:00:00,0.90021,0.90035,0.89987,0.90032,821,18,0
2024-12-26 15:30:00,0.90037,0.9009,0.90032,0.90066,1405,17,0
2024-12-26 16:00:00,0.90066,0.90093,0.90051,0.90075,1038,18,0
2024-12-26 16:30:00,0.90079,0.90087,0.90009,0.90038,1621,18,0
2024-12-26 17:00:00,0.90039,0.90071,0.89996,0.90007,1463,18,0
2024-12-26 17:30:00,0.90008,0.90046,0.89993,0.90039,1951,18,0
2024-12-26 18:00:00,0.9004,0.90047,0.89982,0.89985,1535,18,0
2024-12-26 18:30:00,0.89986,0.9003,0.89985,0.89993,1153,18,0
2024-12-26 19:00:00,0.89994,0.90024,0.89971,0.90008,971,19,0
2024-12-26 19:30:00,0.90011,0.90014,0.8995,0.89961,1056,19,0
2024-12-26 20:00:00,0.89963,0.89963,0.89848,0.89873,1560,19,0
2024-12-26 20:30:00,0.89874,0.899,0.89837,0.89891,1207,19,0
2024-12-26 21:00:00,0.89892,0.89939,0.89892,0.89933,1004,19,0
2024-12-26 21:30:00,0.89934,0.89952,0.89871,0.89896,1043,19,0
2024-12-26 22:00:00,0.89897,0.89906,0.89873,0.89877,800,19,0
2024-12-26 22:30:00,0.89877,0.89899,0.89872,0.89882,816,19,0
2024-12-26 23:00:00,0.89881,0.89894,0.89859,0.8987,313,19,0
2024-12-26 23:30:00,0.89871,0.89876,0.89819,0.89837,278,23,0
2024-12-27 00:00:00,0.89854,0.89959,0.89733,0.89852,224,87,0
2024-12-27 00:30:00,0.89849,0.89855,0.89842,0.8985,354,87,0
2024-12-27 01:00:00,0.8987,0.89871,0.89829,0.89855,595,22,0
2024-12-27 01:30:00,0.89856,0.89892,0.89852,0.8989,367,22,0
2024-12-27 02:00:00,0.89891,0.89907,0.89885,0.89905,616,19,0
2024-12-27 02:30:00,0.89904,0.89935,0.89892,0.89929,579,19,0
2024-12-27 03:00:00,0.89928,0.89941,0.89882,0.89887,668,19,0
2024-12-27 03:30:00,0.89886,0.89926,0.8988,0.89913,668,19,0
2024-12-27 04:00:00,0.89914,0.89938,0.89897,0.89936,723,19,0
2024-12-27 04:30:00,0.89937,0.89947,0.8992,0.89927,611,19,0
2024-12-27 05:00:00,0.89929,0.89947,0.89927,0.89928,457,19,0
2024-12-27 05:30:00,0.89927,0.89933,0.89916,0.89919,266,19,0
2024-12-27 06:00:00,0.89918,0.89938,0.89916,0.89934,279,19,0
2024-12-27 06:30:00,0.89935,0.89949,0.89931,0.89932,320,19,0
2024-12-27 07:00:00,0.89934,0.89939,0.89924,0.89925,423,19,0
2024-12-27 07:30:00,0.89926,0.8996,0.89925,0.89957,482,19,0
2024-12-27 08:00:00,0.89955,0.89966,0.89946,0.89952,833,19,0
2024-12-27 08:30:00,0.89954,0.89976,0.89945,0.89951,834,19,0
2024-12-27 09:00:00,0.89958,0.90019,0.89957,0.90011,661,19,0
2024-12-27 09:30:00,0.90012,0.90112,0.90002,0.90037,1430,19,0
2024-12-27 10:00:00,0.90038,0.90072,0.89944,0.90063,1741,20,0
2024-12-27 10:30:00,0.90061,0.90091,0.90036,0.9005,1059,19,0
2024-12-27 11:00:00,0.90051,0.90096,0.90016,0.90021,750,19,0
2024-12-27 11:30:00,0.90022,0.90041,0.89971,0.89975,940,19,0
2024-12-27 12:00:00,0.89976,0.9001,0.89944,0.89991,703,19,0
2024-12-27 12:30:00,0.89993,0.90054,0.8999,0.90054,730,19,0
2024-12-27 13:00:00,0.90052,0.90077,0.90023,0.90053,1153,19,0
2024-12-27 13:30:00,0.90054,0.90077,0.89984,0.90006,727,19,0
2024-12-27 14:00:00,0.90005,0.90018,0.8997,0.9001,1040,18,0
2024-12-27 14:30:00,0.90011,0.90076,0.9001,0.90048,1310,18,0
2024-12-27 15:00:00,0.90047,0.90111,0.90002,0.90084,1551,18,0
2024-12-27 15:30:00,0.90082,0.90107,0.90057,0.90067,1514,18,0
2024-12-27 16:00:00,0.90067,0.90088,0.90012,0.90077,2309,18,0
2024-12-27 16:30:00,0.90078,0.90129,0.90045,0.9011,1804,18,0
2024-12-27 17:00:00,0.9011,0.90144,0.90077,0.90097,1539,18,0
2024-12-27 17:30:00,0.90097,0.90153,0.90057,0.90127,2293,18,0
2024-12-27 18:00:00,0.90124,0.90148,0.90083,0.90093,1928,18,0
2024-12-27 18:30:00,0.90094,0.90178,0.90088,0.90177,1358,18,0
2024-12-27 19:00:00,0.90177,0.90258,0.90164,0.90235,1446,19,0
2024-12-27 19:30:00,0.90239,0.90265,0.90227,0.90252,1302,18,0
2024-12-27 20:00:00,0.90254,0.9026,0.90212,0.9025,1017,18,0
2024-12-27 20:30:00,0.9025,0.9025,0.90194,0.902,874,19,0
2024-12-27 21:00:00,0.90201,0.90216,0.90176,0.90201,885,19,0
2024-12-27 21:30:00,0.90201,0.90215,0.90153,0.90174,938,19,0
2024-12-27 22:00:00,0.90173,0.90216,0.90173,0.90215,808,19,0
2024-12-27 22:30:00,0.90214,0.90221,0.9019,0.90211,733,19,0
2024-12-27 23:00:00,0.9021,0.9024,0.9021,0.90239,612,19,0
2024-12-27 23:30:00,0.90241,0.90248,0.90123,0.90147,526,23,0
2024-12-30 00:00:00,0.90064,0.9013,0.90052,0.90118,63,120,0
2024-12-30 00:30:00,0.90119,0.90142,0.90074,0.90085,512,113,0
2024-12-30 01:00:00,0.90086,0.90187,0.90074,0.90143,547,22,0
2024-12-30 01:30:00,0.90143,0.90182,0.90143,0.90177,512,22,0
2024-12-30 02:00:00,0.90176,0.90181,0.90144,0.90156,350,19,0
2024-12-30 02:30:00,0.90156,0.90168,0.9013,0.90165,323,19,0
2024-12-30 03:00:00,0.90163,0.90187,0.90139,0.90156,291,19,0
2024-12-30 03:30:00,0.90155,0.90157,0.90131,0.90157,307,19,0
2024-12-30 04:00:00,0.90155,0.9016,0.90141,0.90144,338,19,0
2024-12-30 04:30:00,0.90143,0.90171,0.90135,0.90163,330,19,0
2024-12-30 05:00:00,0.90164,0.90186,0.90164,0.90178,290,19,0
2024-12-30 05:30:00,0.90179,0.90181,0.90159,0.90165,254,19,0
2024-12-30 06:00:00,0.90166,0.9017,0.90148,0.90158,285,19,0
2024-12-30 06:30:00,0.90158,0.90166,0.90152,0.90165,212,19,0
2024-12-30 07:00:00,0.90164,0.9018,0.90154,0.90177,288,19,0
2024-12-30 07:30:00,0.90177,0.90184,0.90161,0.90163,465,19,0
2024-12-30 08:00:00,0.90162,0.90164,0.90135,0.9015,470,19,0
2024-12-30 08:30:00,0.90149,0.90178,0.90141,0.90166,516,19,0
2024-12-30 09:00:00,0.90166,0.90198,0.90162,0.90194,441,20,0
2024-12-30 09:30:00,0.90195,0.9023,0.90155,0.9017,691,19,0
2024-12-30 10:00:00,0.90169,0.90249,0.90154,0.90238,1186,20,0
2024-12-30 10:30:00,0.90241,0.90328,0.90217,0.9032,726,19,0
2024-12-30 11:00:00,0.9032,0.90389,0.9032,0.90342,937,19,0
2024-12-30 11:30:00,0.90343,0.90343,0.90165,0.9018,999,19,0
2024-12-30 12:00:00,0.9018,0.90183,0.90093,0.90173,1299,19,0
2024-12-30 12:30:00,0.90175,0.9021,0.90159,0.90207,740,19,0
2024-12-30 13:00:00,0.90209,0.90209,0.90136,0.90161,725,19,0
2024-12-30 13:30:00,0.90163,0.90229,0.90144,0.90229,846,19,0
2024-12-30 14:00:00,0.90231,0.90296,0.9021,0.90244,1228,18,0
2024-12-30 14:30:00,0.90244,0.90325,0.90236,0.90321,1211,18,0
2024-12-30 15:00:00,0.90322,0.9038,0.90303,0.90325,1460,18,0
2024-12-30 15:30:00,0.90324,0.90592,0.90316,0.90578,2592,18,0
2024-12-30 16:00:00,0.90573,0.90652,0.90454,0.90531,2563,18,0
2024-12-30 16:30:00,0.90533,0.90663,0.90412,0.90425,2741,18,0
2024-12-30 17:00:00,0.90425,0.90584,0.90423,0.9057,2961,18,0
2024-12-30 17:30:00,0.9057,0.90729,0.90548,0.90647,3267,18,0
2024-12-30 18:00:00,0.90644,0.90726,0.90613,0.90691,2333,18,0
2024-12-30 18:30:00,0.90692,0.90694,0.9062,0.90651,1800,18,0
2024-12-30 19:00:00,0.90654,0.90654,0.90503,0.90526,1419,18,0
2024-12-30 19:30:00,0.90525,0.90571,0.90493,0.90495,933,19,0
2024-12-30 20:00:00,0.90493,0.90506,0.90461,0.90468,803,19,0
2024-12-30 20:30:00,0.90469,0.90474,0.90365,0.9038,1032,19,0
2024-12-30 21:00:00,0.90379,0.90396,0.90369,0.90374,754,19,0
2024-12-30 21:30:00,0.90374,0.90399,0.90368,0.90393,730,19,0
2024-12-30 22:00:00,0.90394,0.90411,0.90361,0.90386,684,19,0
2024-12-30 22:30:00,0.90385,0.90398,0.90363,0.90374,805,19,0
2024-12-30 23:00:00,0.90374,0.90376,0.90329,0.9034,821,19,0
2024-12-30 23:30:00,0.90341,0.90362,0.90307,0.90321,1107,23,0
2024-12-31 00:00:00,0.90347,0.90383,0.90339,0.90345,62,87,0
2024-12-31 00:30:00,0.90344,0.90369,0.90327,0.90369,170,31,0
2024-12-31 01:00:00,0.90362,0.90375,0.90331,0.90355,561,22,0
2024-12-31 01:30:00,0.90355,0.90356,0.90318,0.90321,298,22,0
2024-12-31 02:00:00,0.90322,0.90329,0.90316,0.90317,260,22,0
2024-12-31 02:30:00,0.90317,0.90351,0.90294,0.90295,413,22,0
2024-12-31 03:00:00,0.90296,0.90306,0.90245,0.90249,590,20,0
2024-12-31 03:30:00,0.90246,0.90297,0.90242,0.90269,752,20,0
2024-12-31 04:00:00,0.9027,0.90281,0.90249,0.90265,817,19,0
2024-12-31 04:30:00,0.90266,0.90266,0.90247,0.90254,449,19,0
2024-12-31 05:00:00,0.90254,0.90266,0.90239,0.90264,438,19,0
2024-12-31 05:30:00,0.90264,0.9028,0.90247,0.90272,389,19,0
2024-12-31 06:00:00,0.90271,0.90293,0.90268,0.90284,287,19,0
2024-12-31 06:30:00,0.90286,0.90293,0.90273,0.90291,275,19,0
2024-12-31 07:00:00,0.90291,0.90293,0.90276,0.90288,231,19,0
2024-12-31 07:30:00,0.90287,0.90303,0.90269,0.90289,502,19,0
2024-12-31 08:00:00,0.9029,0.90322,0.90282,0.90319,465,19,0
2024-12-31 08:30:00,0.9032,0.90374,0.90319,0.90373,545,19,0
2024-12-31 09:00:00,0.90374,0.90389,0.90341,0.90349,778,19,0
2024-12-31 09:30:00,0.9035,0.90358,0.90295,0.90339,892,19,0
2024-12-31 10:00:00,0.9034,0.90364,0.90292,0.90345,1122,19,0
2024-12-31 10:30:00,0.90345,0.90352,0.90221,0.90231,1123,19,0
2024-12-31 11:00:00,0.90231,0.90313,0.90227,0.90308,1036,19,0
2024-12-31 11:30:00,0.90308,0.90379,0.90288,0.90373,1081,19,0
2024-12-31 12:00:00,0.90372,0.90451,0.90358,0.90445,1387,19,0
2024-12-31 12:30:00,0.90446,0.90456,0.90381,0.90423,1147,19,0
2024-12-31 13:00:00,0.90424,0.90444,0.90389,0.90434,886,19,0
2024-12-31 13:30:00,0.90434,0.90514,0.90424,0.90485,719,19,0
2024-12-31 14:00:00,0.90483,0.90586,0.90462,0.90583,1018,18,0
2024-12-31 14:30:00,0.90584,0.90598,0.90492,0.90564,1567,18,0
2024-12-31 15:00:00,0.90563,0.90577,0.90493,0.90504,1571,18,0
2024-12-31 15:30:00,0.90505,0.90543,0.90472,0.90511,1879,18,0
2024-12-31 16:00:00,0.9051,0.90593,0.90477,0.90503,1655,18,0
2024-12-31 16:30:00,0.90502,0.90527,0.904,0.90454,2546,18,0
2024-12-31 17:00:00,0.90454,0.90552,0.90429,0.90529,2502,18,0
2024-12-31 17:30:00,0.90529,0.90619,0.90474,0.90619,3242,18,0
2024-12-31 18:00:00,0.90618,0.90672,0.90586,0.90605,2100,18,0
2024-12-31 18:30:00,0.90606,0.9069,0.90571,0.90675,1413,18,0
2024-12-31 19:00:00,0.90674,0.90763,0.90662,0.90762,1683,19,0
2024-12-31 19:30:00,0.9076,0.90794,0.90729,0.9076,1488,19,0
2024-12-31 20:00:00,0.90762,0.9078,0.90728,0.90732,1353,19,0
2024-12-31 20:30:00,0.90734,0.90762,0.90712,0.90761,890,19,0
2024-12-31 21:00:00,0.90764,0.90768,0.90756,0.90757,28,20,0
2025-01-02 00:00:00,0.90644,0.90646,0.9055,0.90597,123,120,0
2025-01-02 00:30:00,0.90599,0.90617,0.90561,0.90588,498,103,0
2025-01-02 01:00:00,0.90587,0.90737,0.90584,0.9073,899,22,0
2025-01-02 01:30:00,0.90731,0.90774,0.9073,0.90761,1514,22,0
2025-01-02 02:00:00,0.90764,0.90773,0.90722,0.90723,667,19,0
2025-01-02 02:30:00,0.90724,0.90734,0.90644,0.90677,573,19,0
2025-01-02 03:00:00,0.90676,0.90735,0.90674,0.9069,1055,20,0
2025-01-02 03:30:00,0.90691,0.90712,0.90589,0.90595,665,20,0
2025-01-02 04:00:00,0.90594,0.90594,0.90536,0.90543,400,19,0
2025-01-02 04:30:00,0.90543,0.90556,0.90501,0.90501,376,19,0
2025-01-02 05:00:00,0.90503,0.90508,0.9047,0.90476,472,19,0
2025-01-02 05:30:00,0.90473,0.90486,0.90454,0.90461,543,19,0
2025-01-02 06:00:00,0.9046,0.9046,0.90415,0.90436,347,19,0
2025-01-02 06:30:00,0.90437,0.90472,0.9043,0.90441,392,19,0
2025-01-02 07:00:00,0.90441,0.90474,0.90428,0.90467,618,19,0
2025-01-02 07:30:00,0.90466,0.90507,0.90461,0.90494,381,19,0
2025-01-02 08:00:00,0.90495,0.90511,0.90478,0.90485,623,19,0
2025-01-02 08:30:00,0.90484,0.90498,0.90466,0.90475,872,19,0
2025-01-02 09:00:00,0.90475,0.90477,0.90431,0.90439,765,19,0
2025-01-02 09:30:00,0.90439,0.90469,0.90382,0.90462,789,19,0
2025-01-02 10:00:00,0.90461,0.9055,0.90435,0.90542,1380,19,0
2025-01-02 10:30:00,0.90541,0.90579,0.90481,0.90483,1410,19,0
2025-01-02 11:00:00,0.9048,0.90513,0.9038,0.90408,1336,19,0
2025-01-02 11:30:00,0.90409,0.90481,0.90398,0.9047,894,19,0
2025-01-02 12:00:00,0.90471,0.90485,0.90439,0.90481,954,19,0
2025-01-02 12:30:00,0.90482,0.90737,0.9048,0.90731,2300,19,0
2025-01-02 13:00:00,0.90732,0.90739,0.9062,0.90737,1763,19,0
2025-01-02 13:30:00,0.90737,0.90794,0.90725,0.90769,1069,19,0
2025-01-02 14:00:00,0.9077,0.90776,0.90718,0.90735,1196,18,0
2025-01-02 14:30:00,0.90736,0.90819,0.9071,0.90805,1313,18,0
2025-01-02 15:00:00,0.90804,0.90862,0.90757,0.90845,1748,18,0
2025-01-02 15:30:00,0.90839,0.9089,0.90788,0.90863,2947,18,0
2025-01-02 16:00:00,0.90861,0.90914,0.90818,0.90852,1707,18,0
2025-01-02 16:30:00,0.90854,0.90952,0.90771,0.90939,2128,18,0
2025-01-02 17:00:00,0.90938,0.9101,0.90907,0.90996,2177,18,0
2025-01-02 17:30:00,0.90997,0.91078,0.9094,0.91066,2878,18,0
2025-01-02 18:00:00,0.91068,0.91271,0.91065,0.91194,4062,17,0
2025-01-02 18:30:00,0.91191,0.91363,0.91179,0.91233,2800,18,0
2025-01-02 19:00:00,0.91233,0.91287,0.91175,0.9126,2029,20,0
2025-01-02 19:30:00,0.91263,0.91295,0.91191,0.91229,1533,19,0
2025-01-02 20:00:00,0.9123,0.91243,0.912,0.91217,1277,19,0
2025-01-02 20:30:00,0.91218,0.91235,0.91199,0.91222,835,19,0
2025-01-02 21:00:00,0.91221,0.91307,0.91213,0.9128,672,19,0
2025-01-02 21:30:00,0.91279,0.91344,0.91268,0.91333,862,19,0
2025-01-02 22:00:00,0.91332,0.91333,0.9125,0.91261,601,19,0
2025-01-02 22:30:00,0.91263,0.91278,0.91246,0.91264,470,19,0
2025-01-02 23:00:00,0.91265,0.91265,0.91237,0.91244,307,22,0
2025-01-02 23:30:00,0.91245,0.91261,0.9118,0.9119,544,25,0
2025-01-03 00:00:00,0.91111,0.91192,0.91111,0.91163,110,87,0
2025-01-03 00:30:00,0.91164,0.91188,0.91164,0.9117,217,87,0
2025-01-03 01:00:00,0.9117,0.91235,0.91163,0.9122,1416,21,0
2025-01-03 01:30:00,0.9122,0.91226,0.91191,0.91197,244,21,0
2025-01-03 02:00:00,0.91196,0.91214,0.91182,0.91196,407,21,0
2025-01-03 02:30:00,0.91198,0.91198,0.91134,0.91141,514,20,0
2025-01-03 03:00:00,0.91142,0.91188,0.91142,0.91177,550,19,0
2025-01-03 03:30:00,0.91178,0.91181,0.91137,0.91148,465,19,0
2025-01-03 04:00:00,0.91147,0.91148,0.91104,0.91112,590,19,0
2025-01-03 04:30:00,0.91112,0.91125,0.91081,0.91103,416,19,0
2025-01-03 05:00:00,0.911,0.91153,0.91095,0.91146,428,19,0
2025-01-03 05:30:00,0.91146,0.91209,0.91144,0.91191,668,20,0
2025-01-03 06:00:00,0.91191,0.91238,0.91187,0.91234,408,19,0
2025-01-03 06:30:00,0.91233,0.91237,0.91172,0.91175,344,19,0
2025-01-03 07:00:00,0.91174,0.91177,0.91109,0.91123,587,20,0
2025-01-03 07:30:00,0.91126,0.91155,0.91114,0.91133,451,19,0
2025-01-03 08:00:00,0.91133,0.91158,0.9111,0.91117,437,19,0
2025-01-03 08:30:00,0.91118,0.91122,0.91062,0.91069,516,19,0
2025-01-03 09:00:00,0.91071,0.91114,0.91021,0.91074,1693,20,0
2025-01-03 09:30:00,0.91076,0.91077,0.9098,0.91013,1066,19,0
2025-01-03 10:00:00,0.91011,0.91061,0.9099,0.91035,1336,19,0
2025-01-03 10:30:00,0.91034,0.9109,0.91011,0.91037,1098,19,0
2025-01-03 11:00:00,0.91036,0.91036,0.90866,0.90891,1248,19,0
2025-01-03 11:30:00,0.90892,0.90942,0.90851,0.9091,1305,19,0
2025-01-03 12:00:00,0.90909,0.90963,0.90886,0.90956,1055,19,0
2025-01-03 12:30:00,0.90955,0.90979,0.90915,0.90972,836,19,0
2025-01-03 13:00:00,0.90973,0.90973,0.90876,0.9088,948,19,0
2025-01-03 13:30:00,0.90881,0.90923,0.90877,0.90923,1001,19,0
2025-01-03 14:00:00,0.90924,0.90935,0.90892,0.90926,934,18,0
2025-01-03 14:30:00,0.90927,0.90928,0.90864,0.90906,994,18,0
2025-01-03 15:00:00,0.90905,0.90948,0.90876,0.90919,1213,18,0
2025-01-03 15:30:00,0.90919,0.9094,0.90878,0.90926,1127,18,0
2025-01-03 16:00:00,0.90927,0.90978,0.90912,0.90951,1172,18,0
2025-01-03 16:30:00,0.90948,0.90978,0.90792,0.90871,1379,18,0
2025-01-03 17:00:00,0.90876,0.91004,0.90845,0.90988,3219,19,0
2025-01-03 17:30:00,0.90988,0.91068,0.90935,0.91055,2076,19,0
2025-01-03 18:00:00,0.91056,0.91057,0.90957,0.9096,1280,18,0
2025-01-03 18:30:00,0.90961,0.90991,0.90921,0.90958,935,18,0
2025-01-03 19:00:00,0.90956,0.90956,0.90854,0.90881,1114,19,0
2025-01-03 19:30:00,0.9088,0.90923,0.90849,0.90916,1041,19,0
2025-01-03 20:00:00,0.90917,0.90975,0.90904,0.90907,903,19,0
2025-01-03 20:30:00,0.90908,0.90972,0.90889,0.90938,680,19,0
2025-01-03 21:00:00,0.90939,0.90954,0.90875,0.90881,712,19,0
2025-01-03 21:30:00,0.9088,0.90924,0.90847,0.90902,704,19,0
2025-01-03 22:00:00,0.90905,0.90917,0.90854,0.90875,717,19,0
2025-01-03 22:30:00,0.90874,0.90896,0.90866,0.90881,551,19,0
2025-01-03 23:00:00,0.90882,0.90898,0.90849,0.90859,434,19,0
2025-01-03 23:30:00,0.90854,0.90866,0.90795,0.90799,461,23,0
2025-01-06 00:00:00,0.90851,0.90851,0.9083,0.90831,37,120,0
2025-01-06 00:30:00,0.90832,0.90879,0.90805,0.90823,462,101,0
2025-01-06 01:00:00,0.90825,0.90903,0.90817,0.90898,410,20,0
2025-01-06 01:30:00,0.909,0.90934,0.90892,0.90928,636,19,0
2025-01-06 02:00:00,0.90929,0.9102,0.90929,0.91009,802,19,0
2025-01-06 02:30:00,0.9101,0.91041,0.90946,0.90973,891,19,0
2025-01-06 03:00:00,0.90972,0.90995,0.90916,0.90988,829,19,0
2025-01-06 03:30:00,0.90988,0.90998,0.90966,0.90979,777,19,0
2025-01-06 04:00:00,0.90979,0.90986,0.90945,0.90976,811,19,0
2025-01-06 04:30:00,0.90977,0.90981,0.90941,0.90945,621,19,0
2025-01-06 05:00:00,0.90946,0.90961,0.90917,0.90945,452,19,0
2025-01-06 05:30:00,0.90944,0.90962,0.90917,0.90927,449,19,0
2025-01-06 06:00:00,0.90928,0.90939,0.90916,0.90921,376,19,0
2025-01-06 06:30:00,0.90922,0.90924,0.90908,0.90922,249,19,0
2025-01-06 07:00:00,0.90921,0.9093,0.90904,0.9091,375,19,0
2025-01-06 07:30:00,0.90912,0.90958,0.90903,0.9095,453,19,0
2025-01-06 08:00:00,0.90951,0.90984,0.90941,0.90972,539,19,0
2025-01-06 08:30:00,0.90971,0.90986,0.90936,0.9096,853,19,0
2025-01-06 09:00:00,0.90956,0.90981,0.90879,0.90881,767,19,0
2025-01-06 09:30:00,0.90882,0.90885,0.90788,0.90806,998,19,0
2025-01-06 10:00:00,0.90802,0.9081,0.90694,0.90701,1728,19,0
2025-01-06 10:30:00,0.90698,0.90727,0.90602,0.90614,1617,19,0
2025-01-06 11:00:00,0.90614,0.90656,0.90529,0.90571,2416,19,0
2025-01-06 11:30:00,0.90572,0.90632,0.90561,0.9059,1441,19,0
2025-01-06 12:00:00,0.90589,0.90643,0.90573,0.90607,1251,19,0
2025-01-06 12:30:00,0.90606,0.90653,0.90558,0.90651,999,19,0
2025-01-06 13:00:00,0.90652,0.90664,0.90187,0.90198,4059,19,0
2025-01-06 13:30:00,0.90196,0.90251,0.9011,0.90176,2994,19,0
2025-01-06 14:00:00,0.90177,0.9026,0.9011,0.90255,2507,19,0
2025-01-06 14:30:00,0.90257,0.90293,0.90157,0.90171,2049,18,0
2025-01-06 15:00:00,0.90169,0.90172,0.90074,0.90104,2961,18,0
2025-01-06 15:30:00,0.90101,0.90247,0.90095,0.9022,2830,18,0
2025-01-06 16:00:00,0.90219,0.90661,0.90159,0.90429,5032,18,0
2025-01-06 16:30:00,0.90424,0.90563,0.90391,0.90402,3895,22,0
2025-01-06 17:00:00,0.90403,0.9054,0.90369,0.90468,3497,19,0
2025-01-06 17:30:00,0.90465,0.90595,0.90439,0.90485,3496,18,0
2025-01-06 18:00:00,0.90483,0.90488,0.90409,0.90415,2328,18,0
2025-01-06 18:30:00,0.90414,0.9046,0.9038,0.90426,1646,18,0
2025-01-06 19:00:00,0.90424,0.90476,0.90415,0.90462,1168,19,0
2025-01-06 19:30:00,0.90465,0.90472,0.90375,0.90389,1100,19,0
2025-01-06 20:00:00,0.90388,0.90502,0.90383,0.90425,1519,19,0
2025-01-06 20:30:00,0.90426,0.90485,0.9041,0.90482,1129,19,0
2025-01-06 21:00:00,0.90482,0.90496,0.90428,0.9043,1101,19,0
2025-01-06 21:30:00,0.90431,0.90456,0.90404,0.90435,890,19,0
2025-01-06 22:00:00,0.90436,0.90448,0.90415,0.90441,937,19,0
2025-01-06 22:30:00,0.90442,0.90466,0.9044,0.90449,754,19,0
2025-01-06 23:00:00,0.9045,0.90464,0.90422,0.9043,668,19,0
2025-01-06 23:30:00,0.90429,0.90446,0.90396,0.90413,533,23,0
2025-01-07 00:00:00,0.9042,0.90467,0.904,0.90433,196,87,0
2025-01-07 00:30:00,0.90437,0.90456,0.90401,0.90456,911,28,0
2025-01-07 01:00:00,0.90455,0.90499,0.90441,0.90498,785,21,0
2025-01-07 01:30:00,0.90498,0.90512,0.90485,0.90485,437,21,0
2025-01-07 02:00:00,0.90484,0.90585,0.90484,0.90585,924,21,0
2025-01-07 02:30:00,0.90585,0.90589,0.90508,0.90525,1192,20,0
2025-01-07 03:00:00,0.90527,0.90568,0.90519,0.90542,870,19,0
2025-01-07 03:30:00,0.90543,0.90568,0.90498,0.90521,912,19,0
2025-01-07 04:00:00,0.90523,0.90524,0.90481,0.90504,716,19,0
2025-01-07 04:30:00,0.90507,0.9055,0.90504,0.90522,636,19,0
2025-01-07 05:00:00,0.90525,0.90536,0.90511,0.90512,464,19,0
2025-01-07 05:30:00,0.90509,0.90511,0.90457,0.90468,1087,20,0
2025-01-07 06:00:00,0.90469,0.90488,0.90431,0.90431,598,19,0
2025-01-07 06:30:00,0.90433,0.90435,0.90407,0.90425,317,19,0
2025-01-07 07:00:00,0.90424,0.90435,0.90383,0.90385,598,20,0
2025-01-07 07:30:00,0.90386,0.90386,0.90321,0.90372,738,21,0
2025-01-07 08:00:00,0.90373,0.90376,0.90311,0.90358,672,19,0
2025-01-07 08:30:00,0.90356,0.90392,0.90348,0.90378,691,19,0
2025-01-07 09:00:00,0.90373,0.90374,0.90216,0.90253,1344,19,0
2025-01-07 09:30:00,0.90256,0.90521,0.90256,0.90458,2770,19,0
2025-01-07 10:00:00,0.90455,0.90457,0.90383,0.90428,2087,19,0
2025-01-07 10:30:00,0.90427,0.90465,0.90304,0.90307,1817,19,0
2025-01-07 11:00:00,0.9031,0.904,0.90253,0.90384,1613,19,0
2025-01-07 11:30:00,0.90386,0.90438,0.9035,0.904,1047,19,0
2025-01-07 12:00:00,0.90405,0.90471,0.90391,0.9046,1630,19,0
2025-01-07 12:30:00,0.90461,0.90507,0.90455,0.90495,1292,19,0
2025-01-07 13:00:00,0.90496,0.90629,0.90489,0.90626,1325,19,0
2025-01-07 13:30:00,0.90628,0.9066,0.90571,0.90584,1287,19,0
2025-01-07 14:00:00,0.90585,0.90692,0.90573,0.90679,1390,18,0
2025-01-07 14:30:00,0.9068,0.90768,0.90677,0.90731,1704,18,0
2025-01-07 15:00:00,0.90729,0.90734,0.90619,0.90669,1822,18,0
2025-01-07 15:30:00,0.90667,0.90765,0.90638,0.90688,1786,18,0
2025-01-07 16:00:00,0.90685,0.90746,0.90658,0.90675,1656,18,0
2025-01-07 16:30:00,0.90674,0.90811,0.90658,0.90811,1913,18,0
2025-01-07 17:00:00,0.90811,0.90953,0.90768,0.90768,4230,20,0
2025-01-07 17:30:00,0.90766,0.90813,0.90719,0.90775,3592,18,0
2025-01-07 18:00:00,0.90775,0.90846,0.90745,0.90838,2266,18,0
2025-01-07 18:30:00,0.90837,0.90864,0.90699,0.90755,3278,19,0
2025-01-07 19:00:00,0.90756,0.90817,0.90702,0.90734,2439,19,0
2025-01-07 19:30:00,0.90732,0.90799,0.90705,0.90747,1884,19,0
2025-01-07 20:00:00,0.90749,0.90831,0.90736,0.90813,1819,19,0
2025-01-07 20:30:00,0.90812,0.90908,0.90812,0.9088,1407,19,0
2025-01-07 21:00:00,0.90882,0.90896,0.90844,0.90857,1180,19,0
2025-01-07 21:30:00,0.90856,0.90889,0.90826,0.90847,1297,19,0
2025-01-07 22:00:00,0.90849,0.90886,0.90814,0.90884,866,19,0
2025-01-07 22:30:00,0.90884,0.90919,0.90865,0.90915,966,19,0
2025-01-07 23:00:00,0.90914,0.90951,0.9091,0.90932,1154,19,0
2025-01-07 23:30:00,0.90931,0.90938,0.90897,0.90929,669,23,0
2025-01-08 00:00:00,0.90929,0.90932,0.90898,0.90911,160,87,0
2025-01-08 00:30:00,0.90907,0.90921,0.90871,0.90894,261,87,0
2025-01-08 01:00:00,0.90886,0.90943,0.90876,0.90925,654,19,0
2025-01-08 01:30:00,0.90926,0.90948,0.90922,0.90947,442,19,0
2025-01-08 02:00:00,0.90948,0.90948,0.90863,0.90867,946,22,0
2025-01-08 02:30:00,0.90866,0.90938,0.90865,0.90927,1149,20,0
2025-01-08 03:00:00,0.90928,0.90934,0.90898,0.90904,907,19,0
2025-01-08 03:30:00,0.90906,0.90928,0.90893,0.90899,1081,19,0
2025-01-08 04:00:00,0.90898,0.90931,0.90889,0.90927,635,19,0
2025-01-08 04:30:00,0.90926,0.90939,0.90892,0.90902,417,19,0
2025-01-08 05:00:00,0.90905,0.90927,0.90902,0.90925,403,19,0
2025-01-08 05:30:00,0.90924,0.90951,0.90917,0.90927,580,19,0
2025-01-08 06:00:00,0.90928,0.9094,0.90883,0.9091,483,19,0
2025-01-08 06:30:00,0.90909,0.90933,0.90892,0.90901,447,20,0
2025-01-08 07:00:00,0.90899,0.90922,0.90869,0.90871,458,19,0
2025-01-08 07:30:00,0.9087,0.9091,0.90869,0.90885,567,19,0
2025-01-08 08:00:00,0.90884,0.90925,0.9088,0.90914,638,20,0
2025-01-08 08:30:00,0.90913,0.90933,0.9088,0.90891,777,22,0
2025-01-08 09:00:00,0.9089,0.90975,0.9089,0.90938,1088,20,0
2025-01-08 09:30:00,0.9094,0.91066,0.9094,0.91053,1463,20,0
2025-01-08 10:00:00,0.91054,0.91177,0.91039,0.91147,2007,19,0
2025-01-08 10:30:00,0.91148,0.91194,0.911,0.91192,1550,19,0
2025-01-08 11:00:00,0.91193,0.91195,0.91096,0.91129,1579,19,0
2025-01-08 11:30:00,0.91128,0.91194,0.91094,0.91176,1461,19,0
2025-01-08 12:00:00,0.91177,0.91224,0.91164,0.91201,1487,19,0
2025-01-08 12:30:00,0.91202,0.91233,0.91153,0.91168,1320,19,0
2025-01-08 13:00:00,0.91169,0.91184,0.91095,0.91183,1696,19,0
2025-01-08 13:30:00,0.91182,0.9125,0.9116,0.91173,3311,19,0
2025-01-08 14:00:00,0.91172,0.91275,0.91154,0.9121,1836,18,0
2025-01-08 14:30:00,0.91209,0.91257,0.9115,0.91203,1796,18,0
2025-01-08 15:00:00,0.91204,0.91208,0.91086,0.9116,3558,18,0
2025-01-08 15:30:00,0.91159,0.91162,0.91018,0.91022,3561,18,0
2025-01-08 16:00:00,0.91018,0.91114,0.90978,0.91105,2534,18,0
2025-01-08 16:30:00,0.91107,0.91123,0.91043,0.91096,2129,18,0
2025-01-08 17:00:00,0.91095,0.91098,0.90975,0.91088,2172,17,0
2025-01-08 17:30:00,0.91091,0.91147,0.91074,0.9111,2119,17,0
2025-01-08 18:00:00,0.91109,0.91169,0.91086,0.91122,2046,18,0
2025-01-08 18:30:00,0.91123,0.91148,0.91062,0.91064,1734,18,0
2025-01-08 19:00:00,0.91062,0.91158,0.9106,0.91117,1461,19,0
2025-01-08 19:30:00,0.91117,0.91186,0.91109,0.91145,1239,19,0
2025-01-08 20:00:00,0.91144,0.91148,0.91082,0.91124,1810,19,0
2025-01-08 20:30:00,0.91124,0.91167,0.91102,0.91135,1032,19,0
2025-01-08 21:00:00,0.91135,0.91159,0.91072,0.91077,1355,19,0
2025-01-08 21:30:00,0.91081,0.91182,0.91081,0.91161,1098,19,0
2025-01-08 22:00:00,0.91157,0.91164,0.9113,0.91155,895,19,0
2025-01-08 22:30:00,0.91158,0.91161,0.91111,0.91128,804,19,0
2025-01-08 23:00:00,0.91129,0.91141,0.91104,0.91124,660,19,0
2025-01-08 23:30:00,0.91125,0.9115,0.91033,0.91046,521,23,0
2025-01-09 00:00:00,0.91033,0.91101,0.90989,0.9107,143,87,0
2025-01-09 00:30:00,0.91073,0.91073,0.91057,0.91062,224,84,0
2025-01-09 01:00:00,0.91075,0.91128,0.91065,0.91117,255,21,0
2025-01-09 01:30:00,0.91117,0.91117,0.91084,0.91093,432,21,0
2025-01-09 02:00:00,0.91092,0.91119,0.9108,0.91088,1162,22,0
2025-01-09 02:30:00,0.91088,0.91134,0.91059,0.91062,1002,20,0
2025-01-09 03:00:00,0.91061,0.91076,0.91037,0.91056,710,19,0
2025-01-09 03:30:00,0.91057,0.91088,0.91032,0.91064,568,19,0
2025-01-09 04:00:00,0.91063,0.91071,0.9103,0.91059,582,19,0
2025-01-09 04:30:00,0.91058,0.91076,0.91049,0.91073,328,19,0
2025-01-09 05:00:00,0.91071,0.91079,0.90994,0.90998,844,20,0
2025-01-09 05:30:00,0.91,0.91061,0.90972,0.9106,626,20,0
2025-01-09 06:00:00,0.91061,0.91131,0.91051,0.91098,851,19,0
2025-01-09 06:30:00,0.911,0.91118,0.91091,0.91105,400,19,0
2025-01-09 07:00:00,0.91104,0.91109,0.91043,0.91064,440,19,0
2025-01-09 07:30:00,0.91065,0.91075,0.91014,0.91061,826,21,0
2025-01-09 08:00:00,0.91064,0.91158,0.91063,0.91093,1118,21,0
2025-01-09 08:30:00,0.91094,0.91184,0.91045,0.91148,1532,20,0
2025-01-09 09:00:00,0.91147,0.91184,0.91119,0.91135,1176,19,0
2025-01-09 09:30:00,0.91134,0.9126,0.91133,0.91245,1351,20,0
2025-01-09 10:00:00,0.91246,0.913,0.91164,0.91189,1753,19,0
2025-01-09 10:30:00,0.91189,0.91209,0.9115,0.91153,1233,19,0
2025-01-09 11:00:00,0.91151,0.91184,0.91088,0.91124,1268,19,0
2025-01-09 11:30:00,0.91125,0.91178,0.91077,0.91145,1188,19,0
2025-01-09 12:00:00,0.91144,0.91176,0.91121,0.91166,972,19,0
2025-01-09 12:30:00,0.91168,0.91237,0.91165,0.91208,1173,19,0
2025-01-09 13:00:00,0.91209,0.91266,0.91205,0.91234,1122,19,0
2025-01-09 13:30:00,0.91234,0.91247,0.91178,0.91209,1037,19,0
2025-01-09 14:00:00,0.91208,0.91208,0.91128,0.91169,990,18,0
2025-01-09 14:30:00,0.91168,0.91204,0.9114,0.9119,1040,18,0
2025-01-09 15:00:00,0.91191,0.91202,0.91113,0.91117,1468,18,0
2025-01-09 15:30:00,0.91117,0.91136,0.91063,0.91116,1625,18,0
2025-01-09 16:00:00,0.91117,0.91137,0.9106,0.91127,1285,18,0
2025-01-09 16:30:00,0.91129,0.91173,0.91109,0.91137,1022,18,0
2025-01-09 17:00:00,0.91138,0.91188,0.91116,0.91183,1053,18,0
2025-01-09 17:30:00,0.91186,0.91234,0.91163,0.91208,1442,18,0
2025-01-09 18:00:00,0.91208,0.91238,0.91183,0.91226,1121,18,0
2025-01-09 18:30:00,0.91225,0.91253,0.91195,0.91238,960,18,0
2025-01-09 19:00:00,0.91239,0.91273,0.91204,0.91252,883,18,0
2025-01-09 19:30:00,0.91257,0.91291,0.91248,0.91261,829,19,0
2025-01-09 20:00:00,0.91262,0.91284,0.91244,0.91245,647,19,0
2025-01-09 20:30:00,0.91245,0.91247,0.91219,0.91222,488,19,0
2025-01-09 21:00:00,0.91221,0.91237,0.91199,0.91226,410,19,0
2025-01-09 21:30:00,0.91227,0.91258,0.91208,0.91255,471,19,0
2025-01-09 22:00:00,0.91253,0.91253,0.91225,0.91226,340,19,0
2025-01-09 22:30:00,0.91225,0.91225,0.91186,0.91206,397,19,0
2025-01-09 23:00:00,0.91207,0.91226,0.91205,0.91218,196,20,0
2025-01-09 23:30:00,0.91219,0.91226,0.91217,0.91221,40,23,0
2025-01-10 00:00:00,0.91133,0.91177,0.91102,0.91166,117,87,0
2025-01-10 00:30:00,0.91164,0.91201,0.91158,0.9118,462,87,0
2025-01-10 01:00:00,0.9119,0.91206,0.91181,0.91189,248,20,0
2025-01-10 01:30:00,0.91188,0.91212,0.91188,0.91197,242,20,0
2025-01-10 02:00:00,0.91196,0.91226,0.91178,0.91218,704,21,0
2025-01-10 02:30:00,0.91219,0.91232,0.91179,0.91202,784,19,0
2025-01-10 03:00:00,0.91203,0.91206,0.91147,0.91153,774,20,0
2025-01-10 03:30:00,0.91152,0.91172,0.91135,0.91165,800,19,0
2025-01-10 04:00:00,0.91164,0.91195,0.91156,0.91186,499,19,0
2025-01-10 04:30:00,0.91185,0.91208,0.91179,0.91185,450,19,0
2025-01-10 05:00:00,0.91186,0.91196,0.91178,0.91193,432,19,0
2025-01-10 05:30:00,0.91193,0.91207,0.91168,0.91193,373,19,0
2025-01-10 06:00:00,0.91194,0.91216,0.91188,0.9121,348,19,0
2025-01-10 06:30:00,0.91211,0.91254,0.91211,0.91249,402,19,0
2025-01-10 07:00:00,0.9125,0.91257,0.9124,0.91255,351,19,0
2025-01-10 07:30:00,0.91255,0.91292,0.91254,0.91289,592,21,0
2025-01-10 08:00:00,0.91288,0.91302,0.91276,0.91283,592,19,0
2025-01-10 08:30:00,0.91285,0.91289,0.91259,0.91288,741,19,0
2025-01-10 09:00:00,0.91289,0.91289,0.91228,0.91268,786,19,0
2025-01-10 09:30:00,0.91268,0.91274,0.91219,0.91235,920,19,0
2025-01-10 10:00:00,0.91234,0.91279,0.9123,0.91263,984,19,0
2025-01-10 10:30:00,0.91262,0.91264,0.91212,0.91242,1936,19,0
2025-01-10 11:00:00,0.91242,0.91285,0.91237,0.91267,1323,19,0
2025-01-10 11:30:00,0.91267,0.91337,0.91266,0.91332,1053,19,0
2025-01-10 12:00:00,0.9133,0.91347,0.91305,0.91317,848,19,0
2025-01-10 12:30:00,0.91318,0.91413,0.91318,0.91399,961,19,0
2025-01-10 13:00:00,0.91398,0.91416,0.91368,0.9139,1000,19,0
2025-01-10 13:30:00,0.9139,0.91403,0.91368,0.91373,754,19,0
2025-01-10 14:00:00,0.91373,0.9138,0.91316,0.91316,972,18,0
2025-01-10 14:30:00,0.91317,0.91386,0.91301,0.91374,1036,18,0
2025-01-10 15:00:00,0.91372,0.91377,0.91296,0.91332,1350,18,0
2025-01-10 15:30:00,0.91331,0.91876,0.91313,0.91654,6729,21,0
2025-01-10 16:00:00,0.91657,0.91705,0.91554,0.91591,4631,20,0
2025-01-10 16:30:00,0.91591,0.91662,0.91464,0.91609,4184,18,0
2025-01-10 17:00:00,0.9161,0.91701,0.91442,0.91519,4568,18,0
2025-01-10 17:30:00,0.91517,0.91649,0.91517,0.91623,3538,18,0
2025-01-10 18:00:00,0.91623,0.91786,0.91616,0.91741,2862,18,0
2025-01-10 18:30:00,0.91742,0.91774,0.91686,0.91715,2026,18,0
2025-01-10 19:00:00,0.91714,0.91747,0.9165,0.91705,1788,19,0
2025-01-10 19:30:00,0.91706,0.91706,0.91585,0.91639,1353,19,0
2025-01-10 20:00:00,0.91639,0.91726,0.91627,0.91708,1280,19,0
2025-01-10 20:30:00,0.91709,0.91744,0.9169,0.91711,1167,19,0
2025-01-10 21:00:00,0.91712,0.91752,0.91698,0.91715,1061,19,0
2025-01-10 21:30:00,0.91716,0.91729,0.91663,0.91705,1082,19,0
2025-01-10 22:00:00,0.91706,0.91717,0.91693,0.91695,1001,19,0
2025-01-10 22:30:00,0.91692,0.91703,0.91664,0.91664,855,19,0
2025-01-10 23:00:00,0.91665,0.91669,0.9163,0.91653,592,19,0
2025-01-10 23:30:00,0.91654,0.91656,0.91578,0.91585,720,23,0
2025-01-13 00:00:00,0.9158,0.91649,0.91579,0.91619,153,120,0
2025-01-13 00:30:00,0.91613,0.91622,0.91573,0.91597,855,86,0
2025-01-13 01:00:00,0.91599,0.91686,0.91599,0.91658,759,20,0
2025-01-13 01:30:00,0.91656,0.91684,0.91643,0.91683,516,21,0
2025-01-13 02:00:00,0.91682,0.91714,0.9166,0.91709,572,19,0
2025-01-13 02:30:00,0.9171,0.91728,0.91686,0.91693,504,19,0
2025-01-13 03:00:00,0.91693,0.91702,0.91646,0.91673,931,20,0
2025-01-13 03:30:00,0.91672,0.91681,0.91624,0.91642,893,19,0
2025-01-13 04:00:00,0.91641,0.91658,0.91621,0.91636,581,19,0
2025-01-13 04:30:00,0.91637,0.91674,0.9163,0.91666,536,19,0
2025-01-13 05:00:00,0.91664,0.91709,0.91657,0.91702,626,19,0
2025-01-13 05:30:00,0.91701,0.91755,0.91698,0.9173,672,19,0
2025-01-13 06:00:00,0.91729,0.91748,0.91708,0.91742,681,19,0
2025-01-13 06:30:00,0.91742,0.91783,0.91738,0.91762,615,19,0
2025-01-13 07:00:00,0.91761,0.91767,0.91739,0.91743,432,19,0
2025-01-13 07:30:00,0.91744,0.91749,0.91692,0.91693,618,20,0
2025-01-13 08:00:00,0.91692,0.91708,0.9166,0.91698,672,21,0
2025-01-13 08:30:00,0.91694,0.91703,0.91672,0.91684,760,19,0
2025-01-13 09:00:00,0.91687,0.9177,0.91674,0.9176,1329,21,0
2025-01-13 09:30:00,0.91761,0.91764,0.91612,0.9167,1477,20,0
2025-01-13 10:00:00,0.91669,0.91694,0.9159,0.9162,1920,20,0
2025-01-13 10:30:00,0.91619,0.91696,0.91583,0.91621,2054,19,0
2025-01-13 11:00:00,0.91624,0.9179,0.91535,0.91756,2603,19,0
2025-01-13 11:30:00,0.91757,0.91784,0.91661,0.91693,2246,19,0
2025-01-13 12:00:00,0.91692,0.91708,0.91654,0.91662,1372,19,0
2025-01-13 12:30:00,0.91661,0.91674,0.916,0.91639,1268,19,0
2025-01-13 13:00:00,0.91643,0.91696,0.91637,0.91672,1291,19,0
2025-01-13 13:30:00,0.91675,0.91694,0.91644,0.91671,1176,19,0
2025-01-13 14:00:00,0.91671,0.91687,0.91625,0.91656,1224,18,0
2025-01-13 14:30:00,0.91655,0.9167,0.91544,0.91573,1620,18,0
2025-01-13 15:00:00,0.91572,0.91653,0.91566,0.91595,1969,18,0
2025-01-13 15:30:00,0.91596,0.91671,0.91554,0.91662,2041,18,0
2025-01-13 16:00:00,0.91663,0.91775,0.91658,0.91748,1950,18,0
2025-01-13 16:30:00,0.91748,0.91824,0.91735,0.91792,2174,18,0
2025-01-13 17:00:00,0.91793,0.91877,0.91779,0.91869,1943,18,0
2025-01-13 17:30:00,0.91872,0.91943,0.91863,0.91941,2279,18,0
2025-01-13 18:00:00,0.91943,0.92001,0.91905,0.91913,1901,18,0
2025-01-13 18:30:00,0.91912,0.91946,0.91833,0.9191,1395,18,0
2025-01-13 19:00:00,0.91911,0.91931,0.9185,0.91864,1618,19,0
2025-01-13 19:30:00,0.91866,0.91877,0.91799,0.9182,1143,19,0
2025-01-13 20:00:00,0.91821,0.9186,0.91788,0.91848,1083,19,0
2025-01-13 20:30:00,0.91847,0.91848,0.91788,0.91811,929,19,0
2025-01-13 21:00:00,0.91813,0.91842,0.91812,0.91823,869,19,0
2025-01-13 21:30:00,0.91824,0.91904,0.91818,0.91896,934,19,0
2025-01-13 22:00:00,0.91897,0.91899,0.9184,0.9186,829,19,0
2025-01-13 22:30:00,0.91863,0.91863,0.91798,0.91808,770,19,0
2025-01-13 23:00:00,0.91807,0.91815,0.91768,0.91776,524,19,0
2025-01-13 23:30:00,0.91775,0.91785,0.91606,0.91612,929,23,0
2025-01-14 00:00:00,0.91606,0.9164,0.91541,0.91583,161,87,0
2025-01-14 00:30:00,0.91598,0.91616,0.915,0.91605,363,87,0
2025-01-14 01:00:00,0.91592,0.91644,0.91544,0.91553,953,22,0
2025-01-14 01:30:00,0.91555,0.91586,0.91504,0.91579,996,21,0
2025-01-14 02:00:00,0.9158,0.91644,0.91572,0.91635,1203,19,0
2025-01-14 02:30:00,0.91635,0.91657,0.91611,0.91642,841,19,0
2025-01-14 03:00:00,0.91644,0.91681,0.91621,0.91661,936,19,0
2025-01-14 03:30:00,0.9166,0.91677,0.91605,0.91622,2096,19,0
2025-01-14 04:00:00,0.91623,0.91688,0.91623,0.91647,1187,19,0
2025-01-14 04:30:00,0.91651,0.91673,0.91631,0.91645,794,20,0
2025-01-14 05:00:00,0.91646,0.91648,0.91575,0.91595,907,20,0
2025-01-14 05:30:00,0.91596,0.91602,0.91578,0.91596,590,19,0
2025-01-14 06:00:00,0.91595,0.91613,0.9158,0.91582,451,19,0
2025-01-14 06:30:00,0.91583,0.91585,0.91552,0.91573,863,19,0
2025-01-14 07:00:00,0.91572,0.91625,0.91565,0.91624,849,19,0
2025-01-14 07:30:00,0.91625,0.91625,0.91554,0.91599,920,20,0
2025-01-14 08:00:00,0.91597,0.91607,0.91566,0.91579,1095,19,0
2025-01-14 08:30:00,0.91579,0.91587,0.91535,0.91539,928,19,0
2025-01-14 09:00:00,0.9154,0.91551,0.91462,0.91527,2002,20,0
2025-01-14 09:30:00,0.91526,0.91577,0.91488,0.91509,1569,19,0
2025-01-14 10:00:00,0.91507,0.9152,0.91283,0.91342,2020,20,0
2025-01-14 10:30:00,0.91341,0.91533,0.9133,0.91518,1715,19,0
2025-01-14 11:00:00,0.91518,0.91583,0.91487,0.9158,1724,19,0
2025-01-14 11:30:00,0.91578,0.91603,0.9153,0.91588,1373,19,0
2025-01-14 12:00:00,0.9159,0.91628,0.91541,0.91597,1278,19,0
2025-01-14 12:30:00,0.91594,0.91643,0.9158,0.91601,1052,19,0
2025-01-14 13:00:00,0.91602,0.91642,0.91592,0.91608,863,19,0
2025-01-14 13:30:00,0.91606,0.91653,0.91585,0.91647,1154,19,0
2025-01-14 14:00:00,0.91646,0.91727,0.91637,0.91662,1528,18,0
2025-01-14 14:30:00,0.91661,0.917,0.91653,0.91684,1054,18,0
2025-01-14 15:00:00,0.91684,0.91711,0.91617,0.91682,1821,18,0
2025-01-14 15:30:00,0.91682,0.91692,0.91405,0.91621,5403,21,0
2025-01-14 16:00:00,0.91622,0.91689,0.91551,0.91572,2531,21,0
2025-01-14 16:30:00,0.91573,0.91618,0.91462,0.91543,2891,18,0
2025-01-14 17:00:00,0.9154,0.91642,0.91513,0.91605,2622,18,0
2025-01-14 17:30:00,0.91604,0.91607,0.91424,0.91437,2761,18,0
2025-01-14 18:00:00,0.91437,0.91454,0.91321,0.91412,2298,18,0
2025-01-14 18:30:00,0.91417,0.91433,0.9138,0.91382,1934,18,0
2025-01-14 19:00:00,0.91382,0.91499,0.91374,0.91437,1519,19,0
2025-01-14 19:30:00,0.91435,0.91449,0.91397,0.91402,1251,19,0
2025-01-14 20:00:00,0.91399,0.91407,0.9135,0.91357,910,19,0
2025-01-14 20:30:00,0.91356,0.91358,0.91287,0.91291,1095,19,0
2025-01-14 21:00:00,0.91288,0.91312,0.91267,0.91271,780,19,0
2025-01-14 21:30:00,0.91272,0.91294,0.91236,0.9126,1056,19,0
2025-01-14 22:00:00,0.91258,0.91269,0.91207,0.91222,911,19,0
2025-01-14 22:30:00,0.91221,0.91263,0.91219,0.91258,746,19,0
2025-01-14 23:00:00,0.91256,0.91273,0.91231,0.91244,526,19,0
2025-01-14 23:30:00,0.91244,0.91257,0.91175,0.91176,417,23,0
2025-01-15 00:00:00,0.91183,0.91224,0.91146,0.91185,130,87,0
2025-01-15 00:30:00,0.91186,0.91212,0.91181,0.91208,269,85,0
2025-01-15 01:00:00,0.91198,0.91228,0.91186,0.91227,407,21,0
2025-01-15 01:30:00,0.91227,0.91262,0.91225,0.9124,324,21,0
2025-01-15 02:00:00,0.91242,0.91268,0.91227,0.91247,420,19,0
2025-01-15 02:30:00,0.91246,0.9126,0.91233,0.91248,576,19,0
2025-01-15 03:00:00,0.91248,0.91249,0.91213,0.91241,629,19,0
2025-01-15 03:30:00,0.91242,0.91253,0.9121,0.91227,630,19,0
2025-01-15 04:00:00,0.91226,0.9125,0.91226,0.91247,522,19,0
2025-01-15 04:30:00,0.91248,0.91282,0.91248,0.91262,629,19,0
2025-01-15 05:00:00,0.91261,0.91265,0.91241,0.91246,431,19,0
2025-01-15 05:30:00,0.91247,0.91254,0.91221,0.91224,289,19,0
2025-01-15 06:00:00,0.91224,0.91249,0.91215,0.91232,453,20,0
2025-01-15 06:30:00,0.91231,0.91242,0.91219,0.91227,426,20,0
2025-01-15 07:00:00,0.91226,0.91232,0.91183,0.91205,496,20,0
2025-01-15 07:30:00,0.91205,0.91251,0.91202,0.91249,729,19,0
2025-01-15 08:00:00,0.9125,0.91257,0.912,0.912,645,19,0
2025-01-15 08:30:00,0.912,0.91221,0.91166,0.91205,713,19,0
2025-01-15 09:00:00,0.91208,0.91241,0.91161,0.91185,1492,20,0
2025-01-15 09:30:00,0.91184,0.91227,0.91117,0.91139,1627,20,0
2025-01-15 10:00:00,0.91138,0.91232,0.91085,0.91208,2037,19,0
2025-01-15 10:30:00,0.91209,0.91221,0.91168,0.91204,1290,19,0
2025-01-15 11:00:00,0.91203,0.91207,0.9115,0.9117,1367,19,0
2025-01-15 11:30:00,0.91168,0.91179,0.91125,0.9117,1261,19,0
2025-01-15 12:00:00,0.91169,0.91185,0.91129,0.91179,1089,19,0
2025-01-15 12:30:00,0.9118,0.91201,0.9116,0.9117,900,19,0
2025-01-15 13:00:00,0.91169,0.91176,0.91134,0.91141,794,19,0
2025-01-15 13:30:00,0.91144,0.91213,0.91126,0.91191,1055,19,0
2025-01-15 14:00:00,0.91191,0.91196,0.91145,0.91159,1290,18,0
2025-01-15 14:30:00,0.91159,0.91232,0.91145,0.91191,1274,18,0
2025-01-15 15:00:00,0.9119,0.91226,0.91168,0.9121,1446,18,0
2025-01-15 15:30:00,0.91209,0.91209,0.90791,0.90925,6120,21,0
2025-01-15 16:00:00,0.90926,0.91042,0.9091,0.90965,3084,21,0
2025-01-15 16:30:00,0.90964,0.91089,0.90948,0.91049,3164,18,0
2025-01-15 17:00:00,0.91048,0.91177,0.91046,0.91046,2811,17,0
2025-01-15 17:30:00,0.91046,0.91223,0.91003,0.91166,3120,18,0
2025-01-15 18:00:00,0.91167,0.9132,0.91164,0.91302,2362,18,0
2025-01-15 18:30:00,0.91299,0.91458,0.91269,0.91289,2331,18,0
2025-01-15 19:00:00,0.91287,0.91313,0.91244,0.91269,1719,19,0
2025-01-15 19:30:00,0.91268,0.91325,0.91231,0.91297,1330,19,0
2025-01-15 20:00:00,0.91296,0.91335,0.91258,0.91281,1384,19,0
2025-01-15 20:30:00,0.91277,0.91299,0.91259,0.91289,985,19,0
2025-01-15 21:00:00,0.91289,0.91298,0.91249,0.91253,704,19,0
2025-01-15 21:30:00,0.91252,0.91278,0.91236,0.91263,978,19,0
2025-01-15 22:00:00,0.91264,0.91292,0.91244,0.91247,793,19,0
2025-01-15 22:30:00,0.91246,0.91262,0.91231,0.91247,815,19,0
2025-01-15 23:00:00,0.91248,0.91269,0.91229,0.91266,629,19,0
2025-01-15 23:30:00,0.91265,0.91277,0.91211,0.91222,719,23,0
2025-01-16 00:00:00,0.91224,0.91245,0.91209,0.91235,170,87,0
2025-01-16 00:30:00,0.91234,0.9126,0.91225,0.9126,162,55,0
2025-01-16 01:00:00,0.9126,0.9126,0.91203,0.91224,236,21,0
2025-01-16 01:30:00,0.91225,0.9123,0.91201,0.91205,321,21,0
2025-01-16 02:00:00,0.91204,0.91236,0.91195,0.91203,476,21,0
2025-01-16 02:30:00,0.912,0.91277,0.91173,0.91182,1350,21,0
2025-01-16 03:00:00,0.91179,0.91236,0.91169,0.91212,1223,20,0
2025-01-16 03:30:00,0.91211,0.91222,0.9117,0.91207,1331,19,0
2025-01-16 04:00:00,0.91207,0.91254,0.91112,0.91233,1623,19,0
2025-01-16 04:30:00,0.91229,0.91236,0.91182,0.91228,986,19,0
2025-01-16 05:00:00,0.91227,0.91264,0.91222,0.91254,699,20,0
2025-01-16 05:30:00,0.91253,0.91253,0.91217,0.91224,401,20,0
2025-01-16 06:00:00,0.91224,0.91227,0.91188,0.91226,370,19,0
2025-01-16 06:30:00,0.91227,0.91256,0.91205,0.91252,424,19,0
2025-01-16 07:00:00,0.91249,0.91271,0.91243,0.91248,426,19,0
2025-01-16 07:30:00,0.91248,0.91279,0.91247,0.91266,540,19,0
2025-01-16 08:00:00,0.91267,0.91273,0.91217,0.91234,811,22,0
2025-01-16 08:30:00,0.91234,0.91272,0.91204,0.91205,643,19,0
2025-01-16 09:00:00,0.91202,0.91227,0.91158,0.91192,1355,19,0
2025-01-16 09:30:00,0.9119,0.91194,0.91147,0.91179,979,19,0
2025-01-16 10:00:00,0.91177,0.91203,0.91103,0.91151,1599,20,0
2025-01-16 10:30:00,0.91151,0.91184,0.91077,0.91085,1254,19,0
2025-01-16 11:00:00,0.91084,0.91106,0.91044,0.91065,1187,19,0
2025-01-16 11:30:00,0.91065,0.91138,0.91055,0.91101,1333,19,0
2025-01-16 12:00:00,0.91101,0.91148,0.91095,0.91124,1028,19,0
2025-01-16 12:30:00,0.91124,0.91164,0.911,0.91143,770,19,0
2025-01-16 13:00:00,0.91142,0.91193,0.91136,0.91177,795,19,0
2025-01-16 13:30:00,0.91176,0.9118,0.91128,0.91145,987,19,0
2025-01-16 14:00:00,0.91146,0.91272,0.91145,0.91262,997,18,0
2025-01-16 14:30:00,0.91263,0.91307,0.91241,0.9125,1356,18,0
2025-01-16 15:00:00,0.9125,0.91331,0.91239,0.91298,1679,18,0
2025-01-16 15:30:00,0.91305,0.9135,0.9116,0.91195,3882,20,0
2025-01-16 16:00:00,0.91197,0.91317,0.91194,0.91282,1893,19,0
2025-01-16 16:30:00,0.9128,0.91355,0.91245,0.91297,2351,18,0
2025-01-16 17:00:00,0.91298,0.91346,0.91144,0.91174,4589,18,0
2025-01-16 17:30:00,0.91175,0.91208,0.91114,0.91174,2844,18,0
2025-01-16 18:00:00,0.91173,0.91205,0.91051,0.91115,3434,18,0
2025-01-16 18:30:00,0.91113,0.91123,0.91023,0.91101,2099,18,0
2025-01-16 19:00:00,0.911,0.91141,0.9099,0.91022,2407,19,0
2025-01-16 19:30:00,0.91023,0.91114,0.91016,0.91076,1537,19,0
2025-01-16 20:00:00,0.91076,0.91108,0.91044,0.91093,996,19,0
2025-01-16 20:30:00,0.91094,0.91129,0.91074,0.91093,1135,19,0
2025-01-16 21:00:00,0.91095,0.91104,0.91028,0.91073,1221,19,0
2025-01-16 21:30:00,0.9107,0.91086,0.91029,0.91082,960,19,0
2025-01-16 22:00:00,0.91083,0.9111,0.91081,0.91084,725,19,0
2025-01-16 22:30:00,0.91085,0.91119,0.91062,0.91103,818,19,0
2025-01-16 23:00:00,0.91107,0.91125,0.91092,0.91095,566,19,0
2025-01-16 23:30:00,0.91094,0.91096,0.90992,0.91024,619,23,0
2025-01-17 00:00:00,0.90978,0.91044,0.90978,0.91005,244,87,0
2025-01-17 00:30:00,0.91004,0.91042,0.91001,0.91014,466,87,0
2025-01-17 01:00:00,0.91023,0.91115,0.9102,0.91102,349,21,0
2025-01-17 01:30:00,0.91101,0.91114,0.91094,0.91108,285,21,0
2025-01-17 02:00:00,0.91108,0.91129,0.91085,0.91091,502,21,0
2025-01-17 02:30:00,0.91089,0.91089,0.91005,0.91023,907,22,0
2025-01-17 03:00:00,0.91024,0.91071,0.91023,0.91033,790,19,0
2025-01-17 03:30:00,0.91032,0.91054,0.90993,0.9102,832,19,0
2025-01-17 04:00:00,0.91021,0.9105,0.91003,0.91037,739,19,0
2025-01-17 04:30:00,0.9104,0.91082,0.91023,0.91077,624,19,0
2025-01-17 05:00:00,0.91078,0.91086,0.91049,0.91068,522,19,0
2025-01-17 05:30:00,0.91068,0.91089,0.91054,0.91083,500,19,0
2025-01-17 06:00:00,0.91082,0.91103,0.91076,0.91093,584,19,0
2025-01-17 06:30:00,0.91095,0.91133,0.91092,0.91124,705,19,0
2025-01-17 07:00:00,0.91123,0.91145,0.91108,0.91132,525,19,0
2025-01-17 07:30:00,0.91131,0.91178,0.91129,0.91146,614,19,0
2025-01-17 08:00:00,0.91145,0.91213,0.91141,0.91199,694,19,0
2025-01-17 08:30:00,0.91199,0.91217,0.91182,0.9119,562,18,0
2025-01-17 09:00:00,0.91199,0.91289,0.91181,0.91276,1227,20,0
2025-01-17 09:30:00,0.91276,0.91284,0.91171,0.91174,1077,19,0
2025-01-17 10:00:00,0.9117,0.91172,0.91074,0.91088,1303,19,0
2025-01-17 10:30:00,0.91084,0.91085,0.90954,0.90996,1397,19,0
2025-01-17 11:00:00,0.90997,0.91068,0.9097,0.91037,1553,19,0
2025-01-17 11:30:00,0.91038,0.91168,0.91029,0.91109,1135,19,0
2025-01-17 12:00:00,0.91107,0.91115,0.91073,0.91076,853,19,0
2025-01-17 12:30:00,0.91076,0.91151,0.91067,0.91133,904,19,0
2025-01-17 13:00:00,0.91134,0.91163,0.91119,0.91147,902,19,0
2025-01-17 13:30:00,0.91148,0.91203,0.9113,0.91168,915,19,0
2025-01-17 14:00:00,0.91169,0.91193,0.91144,0.91172,1311,18,0
2025-01-17 14:30:00,0.91173,0.91273,0.91154,0.91242,1666,18,0
2025-01-17 15:00:00,0.91241,0.91292,0.91188,0.91275,1758,18,0
2025-01-17 15:30:00,0.91274,0.91328,0.9124,0.91303,1709,18,0
2025-01-17 16:00:00,0.91302,0.91454,0.91298,0.91371,2350,18,0
2025-01-17 16:30:00,0.91367,0.9145,0.91262,0.91283,4176,19,0
2025-01-17 17:00:00,0.91284,0.91303,0.91081,0.91188,3889,18,0
2025-01-17 17:30:00,0.91191,0.91366,0.91189,0.9136,2593,18,0
2025-01-17 18:00:00,0.91361,0.91446,0.91353,0.91401,1988,18,0
2025-01-17 18:30:00,0.91399,0.91498,0.91366,0.91478,1463,18,0
2025-01-17 19:00:00,0.91478,0.91514,0.91433,0.91489,1316,19,0
2025-01-17 19:30:00,0.9149,0.91499,0.91443,0.91455,1058,19,0
2025-01-17 20:00:00,0.91456,0.91495,0.91403,0.91452,898,19,0
2025-01-17 20:30:00,0.91451,0.91483,0.91447,0.91465,627,19,0
2025-01-17 21:00:00,0.91466,0.91509,0.91445,0.91497,656,19,0
2025-01-17 21:30:00,0.91496,0.91527,0.91477,0.91482,660,19,0
2025-01-17 22:00:00,0.91488,0.91518,0.91469,0.91473,722,19,0
2025-01-17 22:30:00,0.91473,0.91509,0.91462,0.91487,620,19,0
2025-01-17 23:00:00,0.91488,0.91511,0.91476,0.91498,441,22,0
2025-01-17 23:30:00,0.91497,0.91497,0.91419,0.91424,351,23,0
2025-01-20 00:00:00,0.91292,0.91401,0.91292,0.91395,149,120,0
2025-01-20 00:30:00,0.91381,0.91395,0.91352,0.91395,848,74,0
2025-01-20 01:00:00,0.91403,0.91512,0.914,0.915,746,21,0
2025-01-20 01:30:00,0.91501,0.91501,0.91436,0.91441,510,21,0
2025-01-20 02:00:00,0.91443,0.91462,0.91399,0.9144,845,19,0
2025-01-20 02:30:00,0.91439,0.91439,0.914,0.91404,688,19,0
2025-01-20 03:00:00,0.91406,0.91435,0.91397,0.91423,738,19,0
2025-01-20 03:30:00,0.91425,0.91443,0.91339,0.91349,892,19,0
2025-01-20 04:00:00,0.91348,0.9139,0.91346,0.9138,790,19,0
2025-01-20 04:30:00,0.91381,0.91382,0.91341,0.91344,583,19,0
2025-01-20 05:00:00,0.91346,0.91346,0.91312,0.91341,457,19,0
2025-01-20 05:30:00,0.9134,0.91341,0.91261,0.91263,786,19,0
2025-01-20 06:00:00,0.91261,0.91302,0.91259,0.91298,448,19,0
2025-01-20 06:30:00,0.91299,0.91303,0.91281,0.91281,393,19,0
2025-01-20 07:00:00,0.91282,0.91296,0.91273,0.91291,422,20,0
2025-01-20 07:30:00,0.91292,0.91296,0.91264,0.91289,379,19,0
2025-01-20 08:00:00,0.91288,0.91315,0.91279,0.91279,591,19,0
2025-01-20 08:30:00,0.91278,0.91312,0.91224,0.91265,839,20,0
2025-01-20 09:00:00,0.91266,0.91316,0.91252,0.91283,1005,20,0
2025-01-20 09:30:00,0.91282,0.913,0.91197,0.91222,1076,19,0
2025-01-20 10:00:00,0.91219,0.91325,0.91208,0.91309,1207,19,0
2025-01-20 10:30:00,0.9131,0.9131,0.9123,0.91262,1203,19,0
2025-01-20 11:00:00,0.91261,0.91343,0.91235,0.91322,1374,19,0
2025-01-20 11:30:00,0.91322,0.91381,0.91303,0.91372,1401,19,0
2025-01-20 12:00:00,0.9137,0.9137,0.91286,0.91291,987,19,0
2025-01-20 12:30:00,0.91287,0.91344,0.91263,0.91331,756,19,0
2025-01-20 13:00:00,0.91332,0.91359,0.91306,0.91347,818,19,0
2025-01-20 13:30:00,0.91345,0.91377,0.91313,0.91316,754,19,0
2025-01-20 14:00:00,0.91312,0.91403,0.91308,0.91401,988,18,0
2025-01-20 14:30:00,0.914,0.91401,0.91344,0.91346,1005,18,0
2025-01-20 15:00:00,0.91349,0.91443,0.91343,0.91421,983,18,0
2025-01-20 15:30:00,0.91434,0.91449,0.90819,0.90881,7642,20,0
2025-01-20 16:00:00,0.9088,0.9097,0.90833,0.90938,3732,20,0
2025-01-20 16:30:00,0.90939,0.90969,0.90674,0.90741,4153,19,0
2025-01-20 17:00:00,0.90742,0.90835,0.90671,0.90813,2957,18,0
2025-01-20 17:30:00,0.90817,0.909,0.90777,0.90815,2797,18,0
2025-01-20 18:00:00,0.90815,0.90855,0.90768,0.90772,1960,18,0
2025-01-20 18:30:00,0.90771,0.9084,0.90755,0.90804,1271,19,0
2025-01-20 19:00:00,0.90803,0.91051,0.90794,0.90898,3041,19,0
2025-01-20 19:30:00,0.90901,0.90903,0.90665,0.90804,2651,19,0
2025-01-20 20:00:00,0.90803,0.90866,0.90783,0.90845,885,19,0
2025-01-20 20:30:00,0.90844,0.90845,0.90734,0.90736,838,19,0
2025-01-20 21:00:00,0.90735,0.90804,0.9072,0.90772,614,19,0
2025-01-20 21:30:00,0.9077,0.90776,0.9061,0.90635,1000,19,0
2025-01-20 22:00:00,0.9064,0.90673,0.90547,0.90665,1440,19,0
2025-01-20 22:30:00,0.90671,0.90678,0.90585,0.90638,759,19,0
2025-01-20 23:00:00,0.90644,0.90687,0.90632,0.90664,739,19,0
2025-01-20 23:30:00,0.90665,0.90712,0.90578,0.90595,672,23,0
2025-01-21 00:00:00,0.90596,0.90649,0.90561,0.90614,131,87,0
2025-01-21 00:30:00,0.90615,0.90664,0.90615,0.90643,626,87,0
2025-01-21 01:00:00,0.90634,0.90684,0.90585,0.90641,1367,20,0
2025-01-21 01:30:00,0.9064,0.90665,0.90583,0.90601,1085,19,0
2025-01-21 02:00:00,0.90602,0.90609,0.90503,0.90547,1840,20,0
2025-01-21 02:30:00,0.90545,0.90969,0.90526,0.9088,4638,20,0
2025-01-21 03:00:00,0.90879,0.90938,0.90695,0.90756,4580,20,0
2025-01-21 03:30:00,0.90755,0.90873,0.90751,0.90824,2580,19,0
2025-01-21 04:00:00,0.90823,0.90831,0.90714,0.90753,1874,20,0
2025-01-21 04:30:00,0.90751,0.90767,0.90689,0.90714,1391,21,0
2025-01-21 05:00:00,0.90715,0.90727,0.90618,0.90659,1283,19,0
2025-01-21 05:30:00,0.9066,0.90727,0.90641,0.90706,939,19,0
2025-01-21 06:00:00,0.90703,0.90721,0.9064,0.90647,614,19,0
2025-01-21 06:30:00,0.90648,0.90694,0.90645,0.90688,617,19,0
2025-01-21 07:00:00,0.90689,0.90751,0.90677,0.90746,530,19,0
2025-01-21 07:30:00,0.90744,0.9079,0.90714,0.90785,577,19,0
2025-01-21 08:00:00,0.90786,0.90823,0.90786,0.90808,785,19,0
2025-01-21 08:30:00,0.9081,0.90872,0.90806,0.90854,790,19,0
2025-01-21 09:00:00,0.90852,0.90893,0.90803,0.90807,1344,19,0
2025-01-21 09:30:00,0.90808,0.90855,0.90751,0.90842,1227,19,0
2025-01-21 10:00:00,0.90843,0.90904,0.90842,0.90881,1297,19,0
2025-01-21 10:30:00,0.90883,0.9094,0.90845,0.90899,1325,19,0
2025-01-21 11:00:00,0.909,0.91007,0.90893,0.90987,1438,19,0
2025-01-21 11:30:00,0.90988,0.91099,0.90988,0.91048,1690,20,0
2025-01-21 12:00:00,0.91047,0.91104,0.9102,0.91042,1657,19,0
2025-01-21 12:30:00,0.91045,0.91093,0.91013,0.91079,1068,19,0
2025-01-21 13:00:00,0.9108,0.91137,0.91072,0.91106,1006,19,0
2025-01-21 13:30:00,0.91107,0.91134,0.91039,0.9108,1473,20,0
2025-01-21 14:00:00,0.91079,0.91124,0.91037,0.91042,1516,18,0
2025-01-21 14:30:00,0.91044,0.91099,0.91016,0.91027,1627,18,0
2025-01-21 15:00:00,0.91028,0.91041,0.90925,0.90952,1837,19,0
2025-01-21 15:30:00,0.90956,0.90956,0.90877,0.9092,2045,18,0
2025-01-21 16:00:00,0.90917,0.90973,0.90827,0.90836,1997,18,0
2025-01-21 16:30:00,0.90837,0.90892,0.90763,0.90806,2997,19,0
2025-01-21 17:00:00,0.90804,0.90893,0.90757,0.90813,2873,18,0
2025-01-21 17:30:00,0.90814,0.90822,0.90688,0.90754,2694,18,0
2025-01-21 18:00:00,0.90755,0.90776,0.90669,0.90671,1989,18,0
2025-01-21 18:30:00,0.90672,0.90735,0.90638,0.9069,1677,18,0
2025-01-21 19:00:00,0.9069,0.90697,0.90625,0.90641,1427,19,0
2025-01-21 19:30:00,0.90641,0.90722,0.9063,0.9072,1459,19,0
2025-01-21 20:00:00,0.90721,0.90728,0.90668,0.90677,1343,19,0
2025-01-21 20:30:00,0.90676,0.90684,0.90618,0.90628,1052,19,0
2025-01-21 21:00:00,0.90628,0.90667,0.90613,0.90652,1001,19,0
2025-01-21 21:30:00,0.90652,0.90676,0.90636,0.90653,865,19,0
2025-01-21 22:00:00,0.90654,0.90664,0.90617,0.90637,741,19,0
2025-01-21 22:30:00,0.90635,0.90647,0.90593,0.90601,890,19,0
2025-01-21 23:00:00,0.90606,0.90616,0.90568,0.90579,527,19,0
2025-01-21 23:30:00,0.9058,0.9058,0.90505,0.90529,442,23,0
2025-01-22 00:00:00,0.90527,0.9059,0.90512,0.90546,147,87,0
2025-01-22 00:30:00,0.90545,0.90551,0.90457,0.90496,679,87,0
2025-01-22 01:00:00,0.90491,0.90728,0.90485,0.90658,2190,20,0
2025-01-22 01:30:00,0.90659,0.90688,0.90628,0.90662,882,20,0
2025-01-22 02:00:00,0.90659,0.90665,0.90561,0.90584,1337,21,0
2025-01-22 02:30:00,0.90583,0.90586,0.90525,0.90564,1153,21,0
2025-01-22 03:00:00,0.90562,0.90624,0.9056,0.90612,1273,19,0
2025-01-22 03:30:00,0.90612,0.90677,0.90611,0.90664,875,19,0
2025-01-22 04:00:00,0.90665,0.90684,0.90625,0.90669,799,19,0
2025-01-22 04:30:00,0.90672,0.90675,0.90629,0.90652,963,19,0
2025-01-22 05:00:00,0.90653,0.90673,0.9064,0.90667,956,19,0
2025-01-22 05:30:00,0.90666,0.90696,0.90654,0.90674,640,19,0
2025-01-22 06:00:00,0.90673,0.90679,0.90639,0.90644,436,19,0
2025-01-22 06:30:00,0.90643,0.90671,0.90635,0.9066,399,19,0
2025-01-22 07:00:00,0.90661,0.90715,0.9066,0.90702,531,19,0
2025-01-22 07:30:00,0.90701,0.90708,0.90656,0.90669,721,19,0
2025-01-22 08:00:00,0.9067,0.90694,0.9064,0.90673,1047,22,0
2025-01-22 08:30:00,0.90674,0.90716,0.90663,0.90685,1046,20,0
2025-01-22 09:00:00,0.90685,0.90689,0.90623,0.90658,1216,20,0
2025-01-22 09:30:00,0.90659,0.9068,0.90604,0.90645,1301,19,0
2025-01-22 10:00:00,0.90642,0.90661,0.90565,0.9057,1772,19,0
2025-01-22 10:30:00,0.90569,0.90574,0.90489,0.90512,1774,19,0
2025-01-22 11:00:00,0.90514,0.90624,0.90504,0.90538,1762,19,0
2025-01-22 11:30:00,0.90539,0.90581,0.90416,0.90422,1650,19,0
2025-01-22 12:00:00,0.90421,0.90441,0.90338,0.90339,1435,19,0
2025-01-22 12:30:00,0.90342,0.90371,0.90318,0.90353,1164,19,0
2025-01-22 13:00:00,0.90354,0.90423,0.90334,0.9042,1284,19,0
2025-01-22 13:30:00,0.90419,0.90487,0.90409,0.90459,1056,19,0
2025-01-22 14:00:00,0.90459,0.90549,0.90453,0.90547,1061,18,0
2025-01-22 14:30:00,0.90547,0.90562,0.90475,0.90483,1483,18,0
2025-01-22 15:00:00,0.9048,0.90551,0.90445,0.90551,1506,18,0
2025-01-22 15:30:00,0.9055,0.90627,0.9052,0.90594,1980,18,0
2025-01-22 16:00:00,0.90593,0.90688,0.90582,0.90672,1805,18,0
2025-01-22 16:30:00,0.90673,0.90722,0.90633,0.90675,2609,18,0
2025-01-22 17:00:00,0.90674,0.90739,0.90669,0.90736,2012,18,0
2025-01-22 17:30:00,0.90737,0.90742,0.9066,0.90671,2252,18,0
2025-01-22 18:00:00,0.90673,0.90744,0.90657,0.90742,1675,18,0
2025-01-22 18:30:00,0.9074,0.90743,0.90684,0.90697,1132,18,0
2025-01-22 19:00:00,0.90693,0.90726,0.90677,0.90697,1262,19,0
2025-01-22 19:30:00,0.90698,0.90709,0.90647,0.90654,1143,19,0
2025-01-22 20:00:00,0.90655,0.9069,0.90629,0.90637,1174,19,0
2025-01-22 20:30:00,0.90638,0.90645,0.90598,0.90622,866,19,0
2025-01-22 21:00:00,0.90622,0.90626,0.90581,0.90581,761,19,0
2025-01-22 21:30:00,0.90582,0.90613,0.90574,0.90597,717,19,0
2025-01-22 22:00:00,0.90598,0.90618,0.9058,0.90595,809,19,0
2025-01-22 22:30:00,0.90594,0.90665,0.90588,0.90656,955,19,0
2025-01-22 23:00:00,0.90656,0.90663,0.90636,0.90649,471,19,0
2025-01-22 23:30:00,0.90646,0.90671,0.90602,0.90605,399,23,0
2025-01-23 00:00:00,0.90601,0.90616,0.90558,0.90614,134,87,0
2025-01-23 00:30:00,0.90606,0.9062,0.90592,0.90599,605,87,0
2025-01-23 01:00:00,0.90603,0.90637,0.90598,0.90627,487,21,0
2025-01-23 01:30:00,0.90626,0.90639,0.90619,0.90628,379,21,0
2025-01-23 02:00:00,0.90631,0.90632,0.90576,0.90607,646,21,0
2025-01-23 02:30:00,0.90606,0.90617,0.90575,0.90581,790,20,0
2025-01-23 03:00:00,0.90583,0.90601,0.90557,0.90597,1234,19,0
2025-01-23 03:30:00,0.90596,0.90645,0.90566,0.90629,1346,19,0
2025-01-23 04:00:00,0.90628,0.90665,0.90611,0.9062,1542,20,0
2025-01-23 04:30:00,0.90619,0.90658,0.90618,0.90653,776,19,0
2025-01-23 05:00:00,0.90654,0.9066,0.90625,0.90635,446,19,0
2025-01-23 05:30:00,0.90639,0.90648,0.9062,0.90622,785,19,0
2025-01-23 06:00:00,0.9062,0.90622,0.90605,0.90608,1685,19,0
2025-01-23 06:30:00,0.90609,0.90613,0.90594,0.90606,1482,19,0
2025-01-23 07:00:00,0.90607,0.90639,0.90603,0.90632,1776,19,0
2025-01-23 07:30:00,0.90633,0.90649,0.90629,0.90645,1484,19,0
2025-01-23 08:00:00,0.90646,0.90648,0.90595,0.90602,1723,20,0
2025-01-23 08:30:00,0.90601,0.9066,0.90599,0.90658,1589,19,0
2025-01-23 09:00:00,0.90665,0.90714,0.90638,0.90707,1600,20,0
2025-01-23 09:30:00,0.90705,0.90721,0.90683,0.90687,1218,19,0
2025-01-23 10:00:00,0.90686,0.90739,0.90643,0.90712,1392,19,0
2025-01-23 10:30:00,0.9071,0.90777,0.90697,0.9077,1143,19,0
2025-01-23 11:00:00,0.90773,0.90787,0.90729,0.90753,1533,20,0
2025-01-23 11:30:00,0.90754,0.90762,0.90706,0.90715,1516,19,0
2025-01-23 12:00:00,0.90714,0.90716,0.90624,0.90626,1057,19,0
2025-01-23 12:30:00,0.90627,0.9068,0.90624,0.90675,867,19,0
2025-01-23 13:00:00,0.90674,0.90708,0.90637,0.90698,1065,19,0
2025-01-23 13:30:00,0.90697,0.90781,0.90655,0.90779,1236,19,0
2025-01-23 14:00:00,0.90778,0.9085,0.90774,0.90799,1551,18,0
2025-01-23 14:30:00,0.90798,0.90811,0.90734,0.90748,1203,18,0
2025-01-23 15:00:00,0.90749,0.90875,0.90718,0.90776,2001,20,0
2025-01-23 15:30:00,0.90778,0.90787,0.907,0.90731,2885,18,0
2025-01-23 16:00:00,0.90728,0.90755,0.90698,0.90745,2153,18,0
2025-01-23 16:30:00,0.90746,0.90796,0.90736,0.90785,2006,19,0
2025-01-23 17:00:00,0.90786,0.90962,0.90785,0.90907,1866,19,0
2025-01-23 17:30:00,0.90905,0.90949,0.90875,0.90905,1975,18,0
2025-01-23 18:00:00,0.90906,0.91076,0.9076,0.90792,4793,21,0
2025-01-23 18:30:00,0.90791,0.90818,0.90676,0.90715,3372,19,0
2025-01-23 19:00:00,0.90717,0.90752,0.907,0.90733,1925,19,0
2025-01-23 19:30:00,0.90732,0.90732,0.906,0.90612,1314,19,0
2025-01-23 20:00:00,0.90613,0.90671,0.90604,0.9067,1084,19,0
2025-01-23 20:30:00,0.90672,0.90693,0.9065,0.90679,992,19,0
2025-01-23 21:00:00,0.90681,0.90699,0.90659,0.90678,966,19,0
2025-01-23 21:30:00,0.9068,0.90697,0.90649,0.90672,963,19,0
2025-01-23 22:00:00,0.90671,0.90704,0.90634,0.90661,923,19,0
2025-01-23 22:30:00,0.90662,0.90726,0.90656,0.9071,1144,19,0
2025-01-23 23:00:00,0.90709,0.9074,0.90706,0.90726,780,19,0
2025-01-23 23:30:00,0.90727,0.90728,0.90659,0.90661,720,23,0
2025-01-24 00:00:00,0.90664,0.90705,0.9065,0.90675,277,87,0
2025-01-24 00:30:00,0.90678,0.9071,0.90676,0.90701,624,87,0
2025-01-24 01:00:00,0.90702,0.9074,0.90694,0.90737,547,20,0
2025-01-24 01:30:00,0.90735,0.90758,0.90732,0.90739,764,21,0
2025-01-24 02:00:00,0.9074,0.90754,0.90701,0.90706,675,22,0
2025-01-24 02:30:00,0.90706,0.9074,0.90677,0.90727,751,19,0
2025-01-24 03:00:00,0.90727,0.9073,0.90697,0.9072,606,19,0
2025-01-24 03:30:00,0.90721,0.90739,0.90701,0.90706,857,19,0
2025-01-24 04:00:00,0.90704,0.90707,0.90546,0.90601,2026,22,0
2025-01-24 04:30:00,0.90602,0.90613,0.90513,0.90532,1415,20,0
2025-01-24 05:00:00,0.90533,0.90591,0.90489,0.90559,1757,19,0
2025-01-24 05:30:00,0.90557,0.9058,0.90484,0.90512,1800,19,0
2025-01-24 06:00:00,0.90513,0.90527,0.9046,0.90509,1257,19,0
2025-01-24 06:30:00,0.90508,0.90567,0.90501,0.9056,752,19,0
2025-01-24 07:00:00,0.90559,0.90584,0.9052,0.90579,990,20,0
2025-01-24 07:30:00,0.90583,0.90588,0.90502,0.90503,1007,19,0
2025-01-24 08:00:00,0.905,0.9051,0.90448,0.90468,1169,20,0
2025-01-24 08:30:00,0.90471,0.9051,0.90396,0.90489,3073,19,0
2025-01-24 09:00:00,0.90488,0.90574,0.9048,0.90535,2320,19,0
2025-01-24 09:30:00,0.90536,0.90585,0.90455,0.905,1942,19,0
2025-01-24 10:00:00,0.90501,0.90523,0.90348,0.90415,2840,19,0
2025-01-24 10:30:00,0.90409,0.90409,0.90303,0.90361,2654,19,0
2025-01-24 11:00:00,0.90357,0.90365,0.90265,0.90298,2287,19,0
2025-01-24 11:30:00,0.90295,0.90424,0.90272,0.90413,1739,19,0
2025-01-24 12:00:00,0.90414,0.90515,0.90409,0.90499,1445,19,0
2025-01-24 12:30:00,0.90497,0.90583,0.90496,0.90562,1431,19,0
2025-01-24 13:00:00,0.90563,0.90586,0.9051,0.90517,1292,19,0
2025-01-24 13:30:00,0.90518,0.90555,0.90502,0.90534,1395,19,0
2025-01-24 14:00:00,0.90537,0.9058,0.90526,0.90541,1364,18,0
2025-01-24 14:30:00,0.9054,0.90677,0.9054,0.90674,1505,18,0
2025-01-24 15:00:00,0.90673,0.90698,0.90595,0.90626,2170,21,0
2025-01-24 15:30:00,0.90625,0.90644,0.90585,0.90621,1481,18,0
2025-01-24 16:00:00,0.90622,0.90703,0.90602,0.90687,1457,18,0
2025-01-24 16:30:00,0.90686,0.90703,0.90467,0.90561,3006,20,0
2025-01-24 17:00:00,0.90564,0.90584,0.90443,0.90516,3008,19,0
2025-01-24 17:30:00,0.90515,0.90548,0.90431,0.90452,2701,20,0
2025-01-24 18:00:00,0.90453,0.90489,0.90412,0.90469,2127,18,0
2025-01-24 18:30:00,0.9047,0.90491,0.90425,0.90432,1318,18,0
2025-01-24 19:00:00,0.90433,0.90466,0.90391,0.90462,989,19,0
2025-01-24 19:30:00,0.90463,0.90504,0.90441,0.90496,749,20,0
2025-01-24 20:00:00,0.90499,0.90525,0.90472,0.90505,763,19,0
2025-01-24 20:30:00,0.90503,0.90572,0.90495,0.90565,654,19,0
2025-01-24 21:00:00,0.90566,0.90583,0.90552,0.90569,549,19,0
2025-01-24 21:30:00,0.90568,0.90606,0.90562,0.9059,629,19,0
2025-01-24 22:00:00,0.90592,0.90624,0.90589,0.90599,565,19,0
2025-01-24 22:30:00,0.90598,0.90632,0.90579,0.90584,554,19,0
2025-01-24 23:00:00,0.90585,0.90604,0.90563,0.90603,351,22,0
2025-01-24 23:30:00,0.90602,0.9061,0.90523,0.90536,567,25,0
2025-01-27 00:00:00,0.90282,0.90595,0.90282,0.90552,98,101,0
2025-01-27 00:30:00,0.90546,0.90574,0.90526,0.90562,612,98,0
2025-01-27 01:00:00,0.90567,0.90661,0.90567,0.90635,1089,21,0
2025-01-27 01:30:00,0.90636,0.9069,0.9063,0.90677,743,21,0
2025-01-27 02:00:00,0.90675,0.90713,0.90616,0.90636,979,22,0
2025-01-27 02:30:00,0.90637,0.90655,0.90609,0.90615,828,20,0
2025-01-27 03:00:00,0.90614,0.90621,0.90559,0.90613,1196,20,0
2025-01-27 03:30:00,0.90614,0.90661,0.9061,0.9064,1285,19,0
2025-01-27 04:00:00,0.90641,0.90683,0.90626,0.90669,859,19,0
2025-01-27 04:30:00,0.90668,0.90687,0.90628,0.90636,737,19,0
2025-01-27 05:00:00,0.90637,0.90661,0.90587,0.90646,1119,19,0
2025-01-27 05:30:00,0.90647,0.90691,0.90637,0.90657,700,19,0
2025-01-27 06:00:00,0.90658,0.90684,0.9065,0.9068,544,19,0
2025-01-27 06:30:00,0.90681,0.90689,0.90656,0.90667,494,19,0
2025-01-27 07:00:00,0.90668,0.90721,0.90665,0.90679,543,19,0
2025-01-27 07:30:00,0.90679,0.90687,0.90646,0.90664,679,19,0
2025-01-27 08:00:00,0.90663,0.90696,0.90645,0.90659,795,20,0
2025-01-27 08:30:00,0.90657,0.90713,0.90654,0.90685,733,19,0
2025-01-27 09:00:00,0.90682,0.90715,0.90622,0.90639,1419,20,0
2025-01-27 09:30:00,0.9064,0.90653,0.90584,0.90649,1514,19,0
2025-01-27 10:00:00,0.90646,0.90652,0.90381,0.90417,2409,20,0
2025-01-27 10:30:00,0.90418,0.90422,0.90203,0.90232,2194,20,0
2025-01-27 11:00:00,0.90231,0.90258,0.90121,0.90211,2943,19,0
2025-01-27 11:30:00,0.9021,0.90282,0.90123,0.90141,2151,19,0
2025-01-27 12:00:00,0.9014,0.9014,0.89972,0.89995,2825,20,0
2025-01-27 12:30:00,0.89994,0.89997,0.89789,0.89831,2808,19,0
2025-01-27 13:00:00,0.8983,0.8983,0.89687,0.89694,2763,19,0
2025-01-27 13:30:00,0.89684,0.89756,0.89642,0.89732,2437,19,0
2025-01-27 14:00:00,0.89731,0.89853,0.89705,0.89833,2344,18,0
2025-01-27 14:30:00,0.89832,0.8985,0.8974,0.89799,2239,18,0
2025-01-27 15:00:00,0.898,0.89948,0.89742,0.89923,2765,18,0
2025-01-27 15:30:00,0.89923,0.89949,0.89755,0.89857,2449,18,0
2025-01-27 16:00:00,0.89858,0.89898,0.89796,0.89878,2207,18,0
2025-01-27 16:30:00,0.8988,0.90069,0.89878,0.90059,2510,18,0
2025-01-27 17:00:00,0.90058,0.90114,0.9001,0.90067,2329,18,0
2025-01-27 17:30:00,0.90069,0.9012,0.90047,0.90055,2376,18,0
2025-01-27 18:00:00,0.90056,0.90096,0.89944,0.89969,1891,18,0
2025-01-27 18:30:00,0.8997,0.9008,0.8997,0.90054,1921,18,0
2025-01-27 19:00:00,0.90053,0.90125,0.90041,0.90104,1465,19,0
2025-01-27 19:30:00,0.90103,0.90196,0.90056,0.90102,1558,19,0
2025-01-27 20:00:00,0.90103,0.9016,0.90093,0.90158,1333,19,0
2025-01-27 20:30:00,0.90159,0.90193,0.90129,0.90164,1117,19,0
2025-01-27 21:00:00,0.90163,0.90218,0.90162,0.90187,799,19,0
2025-01-27 21:30:00,0.90183,0.90186,0.90112,0.90126,1038,19,0
2025-01-27 22:00:00,0.90127,0.90172,0.90124,0.90146,775,19,0
2025-01-27 22:30:00,0.9015,0.90184,0.90132,0.90172,729,19,0
2025-01-27 23:00:00,0.90173,0.90196,0.90159,0.90174,480,22,0
2025-01-27 23:30:00,0.90175,0.90189,0.90121,0.90121,396,23,0
2025-01-28 00:00:00,0.90122,0.90166,0.90122,0.90159,306,87,0
2025-01-28 00:30:00,0.9015,0.9016,0.90121,0.90149,191,87,0
2025-01-28 01:00:00,0.90151,0.90445,0.90151,0.90426,1758,20,0
2025-01-28 01:30:00,0.90426,0.90504,0.90344,0.90438,2269,19,0
2025-01-28 02:00:00,0.90436,0.90487,0.90389,0.90421,2071,19,0
2025-01-28 02:30:00,0.9042,0.90452,0.90359,0.9045,1397,19,0
2025-01-28 03:00:00,0.90451,0.90478,0.9038,0.90391,1452,19,0
2025-01-28 03:30:00,0.90392,0.90527,0.90382,0.9048,1509,19,0
2025-01-28 04:00:00,0.90484,0.90549,0.90457,0.90491,2023,20,0
2025-01-28 04:30:00,0.9049,0.90524,0.90466,0.90485,790,19,0
2025-01-28 05:00:00,0.90481,0.90512,0.90444,0.9048,899,20,0
2025-01-28 05:30:00,0.90481,0.90533,0.90473,0.90531,833,20,0
2025-01-28 06:00:00,0.9053,0.9058,0.90527,0.90573,756,19,0
2025-01-28 06:30:00,0.90577,0.90585,0.90523,0.90535,675,19,0
2025-01-28 07:00:00,0.90534,0.90545,0.9049,0.90499,682,19,0
2025-01-28 07:30:00,0.905,0.90514,0.9048,0.90514,508,19,0
2025-01-28 08:00:00,0.90517,0.90517,0.90456,0.90463,875,20,0
2025-01-28 08:30:00,0.90462,0.90543,0.90458,0.9052,692,19,0
2025-01-28 09:00:00,0.90521,0.90574,0.90502,0.90533,1338,20,0
2025-01-28 09:30:00,0.9053,0.90658,0.90525,0.9063,1472,19,0
2025-01-28 10:00:00,0.90628,0.90682,0.90588,0.90636,2403,19,0
2025-01-28 10:30:00,0.90637,0.90699,0.90581,0.90672,1932,19,0
2025-01-28 11:00:00,0.9067,0.90688,0.90554,0.90563,1635,19,0
2025-01-28 11:30:00,0.90564,0.90593,0.90525,0.90569,1591,19,0
2025-01-28 12:00:00,0.90571,0.906,0.90547,0.9057,1248,19,0
2025-01-28 12:30:00,0.90574,0.90637,0.9053,0.90635,1170,19,0
2025-01-28 13:00:00,0.90636,0.90649,0.90596,0.90599,996,19,0
2025-01-28 13:30:00,0.906,0.9064,0.90595,0.90636,1090,19,0
2025-01-28 14:00:00,0.90634,0.90669,0.90569,0.90577,1342,18,0
2025-01-28 14:30:00,0.90579,0.90613,0.90558,0.90581,1330,18,0
2025-01-28 15:00:00,0.90582,0.90608,0.90539,0.90557,1632,18,0
2025-01-28 15:30:00,0.90559,0.90622,0.90506,0.90592,1720,19,0
2025-01-28 16:00:00,0.90592,0.90592,0.90485,0.9051,1398,18,0
2025-01-28 16:30:00,0.90514,0.90522,0.90403,0.90445,1834,17,0
2025-01-28 17:00:00,0.90447,0.90473,0.90394,0.90445,1951,18,0
2025-01-28 17:30:00,0.9045,0.90575,0.90415,0.90571,1704,18,0
2025-01-28 18:00:00,0.90572,0.90573,0.9046,0.9047,1401,18,0
2025-01-28 18:30:00,0.90468,0.90526,0.90434,0.90501,1383,18,0
2025-01-28 19:00:00,0.90502,0.90528,0.90488,0.90503,917,19,0
2025-01-28 19:30:00,0.90504,0.90508,0.90409,0.9043,964,19,0
2025-01-28 20:00:00,0.90427,0.90463,0.90403,0.90409,1053,19,0
2025-01-28 20:30:00,0.90409,0.90472,0.9039,0.9047,1247,19,0
2025-01-28 21:00:00,0.90471,0.90496,0.90441,0.90456,919,19,0
2025-01-28 21:30:00,0.90457,0.90457,0.90375,0.90387,824,19,0
2025-01-28 22:00:00,0.90386,0.9041,0.90375,0.90407,883,19,0
2025-01-28 22:30:00,0.90408,0.90422,0.90395,0.90407,831,19,0
2025-01-28 23:00:00,0.90408,0.90422,0.90401,0.90422,471,20,0
2025-01-28 23:30:00,0.90422,0.90423,0.90361,0.90361,377,23,0
2025-01-29 00:00:00,0.90314,0.90397,0.90314,0.90381,118,87,0
2025-01-29 00:30:00,0.90384,0.90384,0.90371,0.90376,204,84,0
2025-01-29 01:00:00,0.90368,0.90431,0.90363,0.90412,248,21,0
2025-01-29 01:30:00,0.90411,0.90423,0.904,0.90412,263,21,0
2025-01-29 02:00:00,0.90413,0.90413,0.90364,0.90397,666,20,0
2025-01-29 02:30:00,0.904,0.90409,0.90369,0.90398,944,19,0
2025-01-29 03:00:00,0.90396,0.90404,0.90376,0.9039,837,19,0
2025-01-29 03:30:00,0.90389,0.90411,0.90381,0.90409,698,19,0
2025-01-29 04:00:00,0.90411,0.90422,0.90375,0.90393,682,19,0
2025-01-29 04:30:00,0.90394,0.90395,0.90356,0.90372,521,19,0
2025-01-29 05:00:00,0.9037,0.9038,0.9034,0.90342,529,19,0
2025-01-29 05:30:00,0.90345,0.90355,0.90324,0.90336,602,19,0
2025-01-29 06:00:00,0.90335,0.90339,0.90305,0.90333,504,19,0
2025-01-29 06:30:00,0.90331,0.90345,0.90322,0.90341,444,19,0
2025-01-29 07:00:00,0.9034,0.90349,0.90324,0.90332,509,19,0
2025-01-29 07:30:00,0.90333,0.90357,0.90323,0.90325,640,21,0
2025-01-29 08:00:00,0.90322,0.90371,0.90314,0.9037,797,21,0
2025-01-29 08:30:00,0.90372,0.90395,0.90356,0.90391,629,19,0
2025-01-29 09:00:00,0.90396,0.90502,0.90373,0.90481,1169,19,0
2025-01-29 09:30:00,0.90482,0.90552,0.9048,0.90539,1268,19,0
2025-01-29 10:00:00,0.90538,0.90538,0.90447,0.90497,1601,19,0
2025-01-29 10:30:00,0.90495,0.90557,0.90477,0.9054,1127,19,0
2025-01-29 11:00:00,0.90541,0.90615,0.90538,0.90553,1369,19,0
2025-01-29 11:30:00,0.90552,0.90635,0.90511,0.90624,1440,19,0
2025-01-29 12:00:00,0.90623,0.90673,0.90589,0.90591,1489,19,0
2025-01-29 12:30:00,0.9059,0.90611,0.90556,0.90589,1113,19,0
2025-01-29 13:00:00,0.90587,0.90609,0.90571,0.90589,999,19,0
2025-01-29 13:30:00,0.9059,0.90685,0.90576,0.90652,1191,19,0
2025-01-29 14:00:00,0.90651,0.90711,0.90622,0.90696,1204,20,0
2025-01-29 14:30:00,0.90697,0.90702,0.90641,0.90645,1350,18,0
2025-01-29 15:00:00,0.90644,0.90799,0.90628,0.90772,1995,18,0
2025-01-29 15:30:00,0.90771,0.90799,0.90724,0.90795,1521,18,0
2025-01-29 16:00:00,0.90796,0.90812,0.9072,0.90748,1571,18,0
2025-01-29 16:30:00,0.90747,0.90765,0.90679,0.90691,1864,18,0
2025-01-29 17:00:00,0.90692,0.90745,0.90592,0.90668,1896,17,0
2025-01-29 17:30:00,0.90665,0.90683,0.90554,0.90635,2447,17,0
2025-01-29 18:00:00,0.90634,0.90701,0.9061,0.90692,2344,18,0
2025-01-29 18:30:00,0.9069,0.90769,0.90671,0.90765,1412,18,0
2025-01-29 19:00:00,0.90766,0.90767,0.90668,0.90695,2092,19,0
2025-01-29 19:30:00,0.90694,0.90721,0.90639,0.90673,1223,19,0
2025-01-29 20:00:00,0.90674,0.90704,0.9064,0.90659,1338,19,0
2025-01-29 20:30:00,0.9066,0.90709,0.9062,0.90662,1123,19,0
2025-01-29 21:00:00,0.90672,0.9089,0.9059,0.90874,3956,19,0
2025-01-29 21:30:00,0.90876,0.90941,0.90665,0.90716,5719,20,0
2025-01-29 22:00:00,0.90715,0.90806,0.90662,0.90734,3746,20,0
2025-01-29 22:30:00,0.90729,0.90764,0.90705,0.90737,1695,19,0
2025-01-29 23:00:00,0.90736,0.90742,0.90649,0.90673,1009,20,0
2025-01-29 23:30:00,0.90672,0.90707,0.90613,0.90637,539,23,0
2025-01-30 00:00:00,0.90642,0.90657,0.90622,0.90637,220,87,0
2025-01-30 00:30:00,0.90636,0.90649,0.90621,0.90631,300,84,0
2025-01-30 01:00:00,0.90648,0.90671,0.9063,0.90639,2017,20,0
2025-01-30 01:30:00,0.9064,0.90645,0.90595,0.90628,1976,19,0
2025-01-30 02:00:00,0.90628,0.90645,0.906,0.90621,2291,19,0
2025-01-30 02:30:00,0.90622,0.90641,0.90594,0.90603,1581,19,0
2025-01-30 03:00:00,0.90602,0.90671,0.9059,0.90656,1944,19,0
2025-01-30 03:30:00,0.90655,0.90666,0.90627,0.90661,1104,19,0
2025-01-30 04:00:00,0.90662,0.90662,0.90621,0.90624,1489,19,0
2025-01-30 04:30:00,0.90625,0.90653,0.90614,0.90644,1360,19,0
2025-01-30 05:00:00,0.90643,0.90654,0.90628,0.90639,1470,19,0
2025-01-30 05:30:00,0.9064,0.90657,0.90632,0.90643,1086,19,0
2025-01-30 06:00:00,0.90641,0.90659,0.9062,0.9065,1384,19,0
2025-01-30 06:30:00,0.90649,0.90688,0.90647,0.90673,484,19,0
2025-01-30 07:00:00,0.90674,0.9068,0.90645,0.90656,530,19,0
2025-01-30 07:30:00,0.90655,0.90669,0.90627,0.90631,565,19,0
2025-01-30 08:00:00,0.90629,0.9069,0.90621,0.90675,759,21,0
2025-01-30 08:30:00,0.90673,0.90692,0.90645,0.90661,845,19,0
2025-01-30 09:00:00,0.90653,0.90698,0.90644,0.90668,1089,19,0
2025-01-30 09:30:00,0.90669,0.90683,0.90609,0.90625,1052,19,0
2025-01-30 10:00:00,0.90617,0.9067,0.90609,0.90636,1505,19,0
2025-01-30 10:30:00,0.90636,0.90663,0.90622,0.90635,1163,19,0
2025-01-30 11:00:00,0.90636,0.90766,0.90631,0.90722,1717,19,0
2025-01-30 11:30:00,0.90723,0.90773,0.90705,0.90754,1361,19,0
2025-01-30 12:00:00,0.90755,0.9079,0.90727,0.9073,1329,19,0
2025-01-30 12:30:00,0.90729,0.90784,0.90688,0.90769,1303,19,0
2025-01-30 13:00:00,0.90777,0.90875,0.90769,0.90859,1076,19,0
2025-01-30 13:30:00,0.90857,0.90886,0.9082,0.90851,1145,19,0
2025-01-30 14:00:00,0.90852,0.90863,0.90773,0.90779,1170,20,0
2025-01-30 14:30:00,0.90778,0.90808,0.90731,0.90755,1271,18,0
2025-01-30 15:00:00,0.90754,0.90762,0.9066,0.90701,2010,18,0
2025-01-30 15:30:00,0.90705,0.90836,0.90631,0.9065,4284,19,0
2025-01-30 16:00:00,0.90652,0.90726,0.90603,0.907,3872,18,0
2025-01-30 16:30:00,0.90698,0.90754,0.90644,0.90677,2538,19,0
2025-01-30 17:00:00,0.90678,0.90681,0.90582,0.90619,2144,18,0
2025-01-30 17:30:00,0.90621,0.90738,0.90614,0.90717,2234,18,0
2025-01-30 18:00:00,0.90715,0.90757,0.90677,0.90754,1679,18,0
2025-01-30 18:30:00,0.90755,0.90858,0.9074,0.90842,1173,18,0
2025-01-30 19:00:00,0.90841,0.90898,0.90829,0.90863,1679,19,0
2025-01-30 19:30:00,0.90861,0.90912,0.9083,0.90867,1258,19,0
2025-01-30 20:00:00,0.90868,0.90911,0.90855,0.90875,1045,19,0
2025-01-30 20:30:00,0.90872,0.909,0.90863,0.9087,929,19,0
2025-01-30 21:00:00,0.90872,0.90883,0.90851,0.90858,861,19,0
2025-01-30 21:30:00,0.90858,0.90864,0.9082,0.90847,917,19,0
2025-01-30 22:00:00,0.90846,0.90852,0.90818,0.90822,751,19,0
2025-01-30 22:30:00,0.90821,0.91027,0.90807,0.90922,4098,19,0
2025-01-30 23:00:00,0.90923,0.91006,0.90879,0.90988,1800,20,0
2025-01-30 23:30:00,0.90984,0.91005,0.90892,0.909,968,23,0
2025-01-31 00:00:00,0.90879,0.90923,0.90864,0.90912,1935,87,0
2025-01-31 00:30:00,0.90914,0.90975,0.9091,0.90954,1778,31,0
2025-01-31 01:00:00,0.90954,0.91,0.90925,0.90979,700,20,0
2025-01-31 01:30:00,0.90982,0.90983,0.9094,0.90952,749,20,0
2025-01-31 02:00:00,0.90951,0.90979,0.90916,0.90966,847,20,0
2025-01-31 02:30:00,0.90967,0.91038,0.9096,0.91015,941,19,0
2025-01-31 03:00:00,0.91014,0.91029,0.9096,0.90977,1391,19,0
2025-01-31 03:30:00,0.90975,0.90994,0.90956,0.90971,1207,19,0
2025-01-31 04:00:00,0.9097,0.90983,0.90941,0.90959,1018,20,0
2025-01-31 04:30:00,0.90961,0.90968,0.90938,0.9096,859,20,0
2025-01-31 05:00:00,0.90961,0.90997,0.90958,0.90989,701,19,0
2025-01-31 05:30:00,0.90988,0.91025,0.90985,0.91015,530,19,0
2025-01-31 06:00:00,0.91015,0.91027,0.90999,0.91,643,19,0
2025-01-31 06:30:00,0.91001,0.91012,0.90967,0.9099,468,19,0
2025-01-31 07:00:00,0.90989,0.91007,0.90963,0.90994,639,19,0
2025-01-31 07:30:00,0.90998,0.91034,0.90997,0.91001,813,22,0
2025-01-31 08:00:00,0.91001,0.9105,0.90999,0.91022,646,19,0
2025-01-31 08:30:00,0.91021,0.91043,0.91013,0.91034,561,19,0
2025-01-31 09:00:00,0.91033,0.91046,0.90955,0.90964,1215,18,0
2025-01-31 09:30:00,0.9096,0.90969,0.90862,0.90944,1785,18,0
2025-01-31 10:00:00,0.90945,0.91045,0.90937,0.91025,1798,19,0
2025-01-31 10:30:00,0.91024,0.91114,0.91024,0.91095,1419,19,0
2025-01-31 11:00:00,0.91099,0.91148,0.91078,0.91124,2354,19,0
2025-01-31 11:30:00,0.91125,0.91139,0.91031,0.9106,1379,19,0
2025-01-31 12:00:00,0.91059,0.9111,0.91033,0.91043,1260,19,0
2025-01-31 12:30:00,0.91044,0.91107,0.9103,0.91094,1165,19,0
2025-01-31 13:00:00,0.91095,0.91115,0.91053,0.9107,909,19,0
2025-01-31 13:30:00,0.91067,0.91088,0.91043,0.91068,891,19,0
2025-01-31 14:00:00,0.91065,0.91075,0.91026,0.91056,1161,18,0
2025-01-31 14:30:00,0.91055,0.91074,0.90968,0.9098,1258,18,0
2025-01-31 15:00:00,0.90975,0.9101,0.90894,0.9095,2139,18,0
2025-01-31 15:30:00,0.90949,0.91065,0.90945,0.90984,2627,18,0
2025-01-31 16:00:00,0.90983,0.91087,0.90968,0.91001,2466,18,0
2025-01-31 16:30:00,0.91002,0.91076,0.90965,0.90978,2465,18,0
2025-01-31 17:00:00,0.90977,0.91012,0.9091,0.90933,2287,18,0
2025-01-31 17:30:00,0.90931,0.90975,0.90738,0.90807,2721,18,0
2025-01-31 18:00:00,0.90806,0.90955,0.90799,0.90924,2425,18,0
2025-01-31 18:30:00,0.90923,0.90943,0.90843,0.90868,1846,18,0
2025-01-31 19:00:00,0.90866,0.9091,0.90705,0.9072,3850,20,0
2025-01-31 19:30:00,0.90719,0.90845,0.90718,0.90788,2019,20,0
2025-01-31 20:00:00,0.90789,0.9106,0.90771,0.91006,2970,20,0
2025-01-31 20:30:00,0.91007,0.91092,0.90985,0.91064,3908,19,0
2025-01-31 21:00:00,0.91065,0.91097,0.91042,0.91042,1898,20,0
2025-01-31 21:30:00,0.91044,0.91095,0.91014,0.91045,1835,21,0
2025-01-31 22:00:00,0.91048,0.91076,0.91015,0.91036,1336,20,0
2025-01-31 22:30:00,0.91038,0.91098,0.91,0.91061,1906,19,0
2025-01-31 23:00:00,0.91062,0.91135,0.90987,0.91087,2475,22,0
2025-01-31 23:30:00,0.91088,0.91128,0.91072,0.91093,1300,24,0
2025-02-03 00:00:00,0.9144,0.91526,0.91381,0.91432,380,101,0
2025-02-03 00:30:00,0.91433,0.91471,0.91331,0.91396,445,101,0
2025-02-03 01:00:00,0.91398,0.91566,0.9136,0.91538,3805,21,0
2025-02-03 01:30:00,0.91534,0.91589,0.91444,0.91506,2812,19,0
2025-02-03 02:00:00,0.91507,0.91671,0.91425,0.91597,4163,19,0
2025-02-03 02:30:00,0.91599,0.91659,0.91536,0.91612,3252,19,0
2025-02-03 03:00:00,0.91613,0.91641,0.91518,0.9153,2653,19,0
2025-02-03 03:30:00,0.91529,0.91586,0.91497,0.91576,1569,19,0
2025-02-03 04:00:00,0.91578,0.91665,0.91577,0.91629,1948,20,0
2025-02-03 04:30:00,0.9163,0.9166,0.91577,0.91639,1681,19,0
2025-02-03 05:00:00,0.91637,0.91706,0.91616,0.91675,1323,19,0
2025-02-03 05:30:00,0.91676,0.91756,0.91642,0.91686,1325,19,0
2025-02-03 06:00:00,0.91685,0.91688,0.91584,0.91667,2102,19,0
2025-02-03 06:30:00,0.91668,0.91676,0.91627,0.91644,1116,19,0
2025-02-03 07:00:00,0.91643,0.91652,0.91587,0.91598,1241,19,0
2025-02-03 07:30:00,0.91597,0.91632,0.91576,0.91604,965,19,0
2025-02-03 08:00:00,0.91606,0.91618,0.91554,0.91562,1336,21,0
2025-02-03 08:30:00,0.91564,0.91607,0.9152,0.9158,1588,20,0
2025-02-03 09:00:00,0.91584,0.9174,0.9158,0.91699,2469,20,0
2025-02-03 09:30:00,0.917,0.91865,0.91673,0.91858,2432,19,0
2025-02-03 10:00:00,0.91859,0.91959,0.91688,0.91694,3209,19,0
2025-02-03 10:30:00,0.91693,0.91714,0.91602,0.91632,2207,19,0
2025-02-03 11:00:00,0.91632,0.91678,0.91588,0.91625,2146,19,0
2025-02-03 11:30:00,0.91625,0.91757,0.91589,0.91726,1656,19,0
2025-02-03 12:00:00,0.91727,0.91745,0.9164,0.91696,1657,19,0
2025-02-03 12:30:00,0.91691,0.91735,0.91684,0.9173,1419,19,0
2025-02-03 13:00:00,0.91731,0.91743,0.91648,0.91695,1522,19,0
2025-02-03 13:30:00,0.91696,0.91722,0.91588,0.91606,1623,19,0
2025-02-03 14:00:00,0.91607,0.91612,0.91401,0.91434,1922,18,0
2025-02-03 14:30:00,0.91433,0.91497,0.91352,0.91453,2436,20,0
2025-02-03 15:00:00,0.91452,0.91456,0.91319,0.91426,3145,18,0
2025-02-03 15:30:00,0.91432,0.91527,0.91427,0.91483,2040,18,0
2025-02-03 16:00:00,0.91484,0.91568,0.91462,0.91489,2213,18,0
2025-02-03 16:30:00,0.91487,0.91612,0.91449,0.9154,3072,20,0
2025-02-03 17:00:00,0.91542,0.91549,0.91018,0.91175,6332,20,0
2025-02-03 17:30:00,0.91169,0.91235,0.91045,0.91155,6906,18,0
2025-02-03 18:00:00,0.91153,0.91279,0.91067,0.91238,5288,18,0
2025-02-03 18:30:00,0.91243,0.91395,0.91185,0.91384,3240,18,0
2025-02-03 19:00:00,0.91386,0.91392,0.91324,0.9133,2752,20,0
2025-02-03 19:30:00,0.91331,0.91403,0.91198,0.9137,2863,21,0
2025-02-03 20:00:00,0.91371,0.91426,0.91321,0.91374,2397,19,0
2025-02-03 20:30:00,0.91371,0.91402,0.91349,0.91357,1214,20,0
2025-02-03 21:00:00,0.91358,0.91359,0.91258,0.91297,1060,21,0
2025-02-03 21:30:00,0.91298,0.91313,0.91249,0.91276,1141,19,0
2025-02-03 22:00:00,0.91275,0.91288,0.91227,0.91228,942,19,0
2025-02-03 22:30:00,0.91227,0.91247,0.91205,0.91226,869,19,0
2025-02-03 23:00:00,0.91227,0.91237,0.91121,0.91172,1056,19,0
2025-02-03 23:30:00,0.91173,0.91183,0.90913,0.90979,3001,24,0
2025-02-04 00:00:00,0.90978,0.91,0.90962,0.90988,77,87,0
2025-02-04 00:30:00,0.90995,0.9102,0.9096,0.90979,291,87,0
2025-02-04 01:00:00,0.90985,0.91087,0.90983,0.91075,1521,21,0
2025-02-04 01:30:00,0.91077,0.91159,0.91073,0.91145,1036,20,0
2025-02-04 02:00:00,0.91144,0.91188,0.91124,0.91184,989,19,0
2025-02-04 02:30:00,0.91187,0.91206,0.91168,0.91192,1019,19,0
2025-02-04 03:00:00,0.91194,0.91244,0.9119,0.9121,1193,21,0
2025-02-04 03:30:00,0.91206,0.91245,0.91161,0.91169,1172,19,0
2025-02-04 04:00:00,0.9117,0.91195,0.91158,0.91177,923,19,0
2025-02-04 04:30:00,0.91178,0.91183,0.91128,0.91142,906,19,0
2025-02-04 05:00:00,0.91143,0.91146,0.91112,0.91137,547,19,0
2025-02-04 05:30:00,0.91137,0.91194,0.91133,0.91156,757,19,0
2025-02-04 06:00:00,0.91157,0.91194,0.91154,0.91186,544,19,0
2025-02-04 06:30:00,0.91184,0.9121,0.91178,0.91204,562,19,0
2025-02-04 07:00:00,0.91204,0.91306,0.91199,0.91269,3402,21,0
2025-02-04 07:30:00,0.91268,0.91275,0.91239,0.91264,1469,19,0
2025-02-04 08:00:00,0.91265,0.91272,0.91232,0.9126,959,20,0
2025-02-04 08:30:00,0.91259,0.91267,0.91201,0.91206,996,20,0
2025-02-04 09:00:00,0.91207,0.91251,0.91202,0.91234,1294,19,0
2025-02-04 09:30:00,0.91235,0.91242,0.91109,0.91176,1442,19,0
2025-02-04 10:00:00,0.91174,0.91179,0.91029,0.91035,2443,19,0
2025-02-04 10:30:00,0.9104,0.91064,0.90973,0.90992,1970,19,0
2025-02-04 11:00:00,0.90988,0.91,0.90882,0.90885,1476,19,0
2025-02-04 11:30:00,0.90885,0.90958,0.90869,0.90957,1315,19,0
2025-02-04 12:00:00,0.90959,0.90975,0.90814,0.90823,1149,19,0
2025-02-04 12:30:00,0.90824,0.9096,0.90817,0.90862,1070,19,0
2025-02-04 13:00:00,0.90858,0.90918,0.90856,0.90886,1089,19,0
2025-02-04 13:30:00,0.90888,0.90974,0.90876,0.90965,1041,19,0
2025-02-04 14:00:00,0.90968,0.90994,0.90919,0.90924,1161,18,0
2025-02-04 14:30:00,0.90925,0.90962,0.90908,0.90951,1026,19,0
2025-02-04 15:00:00,0.9095,0.90963,0.90861,0.90887,1524,19,0
2025-02-04 15:30:00,0.90886,0.90916,0.90849,0.9086,1651,18,0
2025-02-04 16:00:00,0.90859,0.90859,0.90691,0.90751,1884,18,0
2025-02-04 16:30:00,0.9075,0.90794,0.90671,0.90709,2170,19,0
2025-02-04 17:00:00,0.90711,0.90711,0.90542,0.90655,3996,19,0
2025-02-04 17:30:00,0.90656,0.90664,0.9052,0.90572,2477,18,0
2025-02-04 18:00:00,0.90574,0.90583,0.90494,0.90533,2083,20,0
2025-02-04 18:30:00,0.90532,0.90576,0.90495,0.90576,1502,19,0
2025-02-04 19:00:00,0.90575,0.90618,0.90538,0.90545,1737,19,0
2025-02-04 19:30:00,0.90547,0.90598,0.90537,0.90539,1158,19,0
2025-02-04 20:00:00,0.90538,0.90567,0.90481,0.90507,826,19,0
2025-02-04 20:30:00,0.90503,0.90508,0.90448,0.90502,781,20,0
2025-02-04 21:00:00,0.90498,0.90509,0.90455,0.90473,910,19,0
2025-02-04 21:30:00,0.9047,0.90491,0.90443,0.90485,1043,19,0
2025-02-04 22:00:00,0.90482,0.90488,0.90455,0.90462,761,19,0
2025-02-04 22:30:00,0.90463,0.90498,0.90462,0.90481,558,19,0
2025-02-04 23:00:00,0.90477,0.90522,0.90463,0.9052,404,19,0
2025-02-04 23:30:00,0.90519,0.90522,0.90472,0.9048,393,20,0
2025-02-05 00:00:00,0.90476,0.90491,0.90445,0.90453,91,50,0
2025-02-05 00:30:00,0.90454,0.90503,0.90454,0.9048,682,50,0
2025-02-05 01:00:00,0.90483,0.90527,0.90482,0.90515,376,19,0
2025-02-05 01:30:00,0.90512,0.90539,0.90491,0.90536,633,19,0
2025-02-05 02:00:00,0.90535,0.90554,0.90509,0.90516,848,19,0
2025-02-05 02:30:00,0.90517,0.90541,0.90481,0.90502,1302,22,0
2025-02-05 03:00:00,0.90502,0.90534,0.90463,0.90496,1590,20,0
2025-02-05 03:30:00,0.90497,0.90584,0.90491,0.90581,1029,19,0
2025-02-05 04:00:00,0.9058,0.90585,0.90487,0.90489,1060,19,0
2025-02-05 04:30:00,0.90488,0.90503,0.90467,0.90468,858,19,0
2025-02-05 05:00:00,0.90467,0.90492,0.90452,0.90455,574,19,0
2025-02-05 05:30:00,0.90454,0.90486,0.90432,0.9048,590,19,0
2025-02-05 06:00:00,0.90479,0.90516,0.90466,0.90513,435,19,0
2025-02-05 06:30:00,0.90509,0.9053,0.90501,0.90522,483,19,0
2025-02-05 07:00:00,0.90521,0.90554,0.90517,0.90549,494,19,0
2025-02-05 07:30:00,0.90548,0.90564,0.90533,0.90552,559,19,0
2025-02-05 08:00:00,0.90552,0.90577,0.90431,0.90435,803,22,0
2025-02-05 08:30:00,0.90436,0.90482,0.90434,0.90469,943,20,0
2025-02-05 09:00:00,0.90478,0.90496,0.90306,0.9031,1460,19,0
2025-02-05 09:30:00,0.90309,0.90401,0.90279,0.90385,1473,19,0
2025-02-05 10:00:00,0.90386,0.9047,0.90326,0.90462,1797,19,0
2025-02-05 10:30:00,0.90461,0.90462,0.9023,0.90272,1715,19,0
2025-02-05 11:00:00,0.90273,0.90306,0.90184,0.90207,1737,19,0
2025-02-05 11:30:00,0.90207,0.90253,0.90177,0.90245,1352,19,0
2025-02-05 12:00:00,0.90243,0.90258,0.90142,0.90145,1170,19,0
2025-02-05 12:30:00,0.90146,0.90155,0.90069,0.90086,1366,19,0
2025-02-05 13:00:00,0.90087,0.90206,0.90083,0.90195,1134,19,0
2025-02-05 13:30:00,0.90193,0.90237,0.90189,0.9022,1003,19,0
2025-02-05 14:00:00,0.9022,0.90244,0.90155,0.90174,1013,20,0
2025-02-05 14:30:00,0.90173,0.90209,0.90136,0.90145,1047,18,0
2025-02-05 15:00:00,0.90146,0.90258,0.90115,0.90255,2003,21,0
2025-02-05 15:30:00,0.90253,0.90329,0.90216,0.90285,2291,18,0
2025-02-05 16:00:00,0.90282,0.90311,0.90168,0.90176,2086,18,0
2025-02-05 16:30:00,0.90175,0.90247,0.90134,0.90156,2046,18,0
2025-02-05 17:00:00,0.90148,0.90148,0.90008,0.90121,4017,18,0
2025-02-05 17:30:00,0.90118,0.90139,0.90035,0.90042,2618,18,0
2025-02-05 18:00:00,0.90041,0.90118,0.90021,0.90078,1985,19,0
2025-02-05 18:30:00,0.90077,0.90124,0.90025,0.90078,1415,18,0
2025-02-05 19:00:00,0.90079,0.9012,0.90014,0.90109,1053,19,0
2025-02-05 19:30:00,0.90107,0.90113,0.90051,0.90059,932,19,0
2025-02-05 20:00:00,0.9006,0.90079,0.90026,0.90027,829,19,0
2025-02-05 20:30:00,0.90029,0.90041,0.90007,0.90031,835,19,0
2025-02-05 21:00:00,0.9003,0.90077,0.90017,0.90051,775,19,0
2025-02-05 21:30:00,0.90046,0.901,0.90042,0.90091,892,19,0
2025-02-05 22:00:00,0.90093,0.90133,0.90093,0.90106,738,19,0
2025-02-05 22:30:00,0.90106,0.90129,0.90098,0.90126,591,19,0
2025-02-05 23:00:00,0.90123,0.90125,0.90102,0.90122,362,22,0
2025-02-05 23:30:00,0.90123,0.90171,0.90122,0.90153,438,23,0
2025-02-06 00:00:00,0.90129,0.9013,0.9007,0.90122,41,87,0
2025-02-06 00:30:00,0.90121,0.90123,0.90078,0.90104,292,87,0
2025-02-06 01:00:00,0.90106,0.90169,0.90099,0.90114,451,19,0
2025-02-06 01:30:00,0.90115,0.9015,0.90106,0.90137,499,19,0
2025-02-06 02:00:00,0.90136,0.90171,0.90119,0.90145,1084,19,0
2025-02-06 02:30:00,0.90144,0.90178,0.90131,0.90157,955,19,0
2025-02-06 03:00:00,0.90156,0.90162,0.90118,0.90134,778,19,0
2025-02-06 03:30:00,0.90135,0.90142,0.90075,0.90093,1086,19,0
2025-02-06 04:00:00,0.90094,0.90166,0.9007,0.90157,697,19,0
2025-02-06 04:30:00,0.90157,0.90225,0.90157,0.90219,723,19,0
2025-02-06 05:00:00,0.90221,0.9024,0.90209,0.90223,545,19,0
2025-02-06 05:30:00,0.90224,0.90248,0.90207,0.90233,555,19,0
2025-02-06 06:00:00,0.90232,0.90243,0.90213,0.90243,337,19,0
2025-02-06 06:30:00,0.90244,0.90287,0.90228,0.90284,476,19,0
2025-02-06 07:00:00,0.90281,0.9029,0.90251,0.90276,707,19,0
2025-02-06 07:30:00,0.90277,0.90293,0.90261,0.90283,431,19,0
2025-02-06 08:00:00,0.90283,0.90305,0.90264,0.90297,529,19,0
2025-02-06 08:30:00,0.90298,0.90307,0.90257,0.90292,856,19,0
2025-02-06 09:00:00,0.90292,0.90323,0.90281,0.90298,974,19,0
2025-02-06 09:30:00,0.90296,0.90344,0.9029,0.90338,1191,19,0
2025-02-06 10:00:00,0.90339,0.90424,0.9031,0.90424,1469,19,0
2025-02-06 10:30:00,0.90422,0.90454,0.90401,0.90406,1319,19,0
2025-02-06 11:00:00,0.90405,0.90504,0.90371,0.90492,1127,19,0
2025-02-06 11:30:00,0.90499,0.90539,0.90475,0.90523,1246,19,0
2025-02-06 12:00:00,0.90522,0.90541,0.9048,0.9049,1121,19,0
2025-02-06 12:30:00,0.90491,0.90548,0.90469,0.90507,921,19,0
2025-02-06 13:00:00,0.90508,0.90548,0.90492,0.90499,966,19,0
2025-02-06 13:30:00,0.90498,0.90516,0.90466,0.90487,1111,19,0
2025-02-06 14:00:00,0.90488,0.90534,0.90473,0.90519,2333,20,0
2025-02-06 14:30:00,0.9052,0.90562,0.90486,0.9054,1489,19,0
2025-02-06 15:00:00,0.9054,0.906,0.90508,0.90508,1745,19,0
2025-02-06 15:30:00,0.90507,0.90556,0.90448,0.90516,2291,19,0
2025-02-06 16:00:00,0.90515,0.90609,0.90511,0.90559,1887,18,0
2025-02-06 16:30:00,0.90558,0.90609,0.90517,0.90558,2164,18,0
2025-02-06 17:00:00,0.90559,0.90585,0.90495,0.90554,2103,18,0
2025-02-06 17:30:00,0.90554,0.90588,0.90496,0.90505,2234,18,0
2025-02-06 18:00:00,0.90506,0.90517,0.90449,0.90473,1616,18,0
2025-02-06 18:30:00,0.90472,0.90548,0.9046,0.90546,1117,18,0
2025-02-06 19:00:00,0.90553,0.90553,0.90487,0.90488,893,19,0
2025-02-06 19:30:00,0.90487,0.9052,0.90467,0.90474,814,19,0
2025-02-06 20:00:00,0.90475,0.90503,0.90443,0.90464,1430,20,0
2025-02-06 20:30:00,0.90465,0.9048,0.90389,0.90438,1150,19,0
2025-02-06 21:00:00,0.90439,0.90483,0.90433,0.90479,796,19,0
2025-02-06 21:30:00,0.90478,0.90514,0.90461,0.90505,737,19,0
2025-02-06 22:00:00,0.90506,0.90513,0.90482,0.90507,582,19,0
2025-02-06 22:30:00,0.90505,0.90513,0.90453,0.90464,701,19,0
2025-02-06 23:00:00,0.90468,0.90486,0.90452,0.90465,355,21,0
2025-02-06 23:30:00,0.90465,0.90486,0.9045,0.90469,256,24,0
2025-02-07 00:00:00,0.90456,0.90457,0.90401,0.90455,89,87,0
2025-02-07 00:30:00,0.90454,0.9047,0.90442,0.90457,524,87,0
2025-02-07 01:00:00,0.90475,0.9049,0.9045,0.90472,410,19,0
2025-02-07 01:30:00,0.90473,0.9052,0.90469,0.90508,437,19,0
2025-02-07 02:00:00,0.90506,0.90531,0.9046,0.90519,776,21,0
2025-02-07 02:30:00,0.90518,0.90557,0.90497,0.90549,759,19,0
2025-02-07 03:00:00,0.90546,0.90567,0.9054,0.90565,898,19,0
2025-02-07 03:30:00,0.90566,0.90575,0.90536,0.90554,1106,19,0
2025-02-07 04:00:00,0.90555,0.90587,0.90542,0.90567,720,19,0
2025-02-07 04:30:00,0.90566,0.9061,0.90566,0.90598,739,19,0
2025-02-07 05:00:00,0.90597,0.9063,0.90591,0.90616,531,19,0
2025-02-07 05:30:00,0.90617,0.90641,0.90607,0.90615,496,19,0
2025-02-07 06:00:00,0.90615,0.90638,0.90607,0.90609,386,19,0
2025-02-07 06:30:00,0.9061,0.90623,0.90592,0.90612,409,19,0
2025-02-07 07:00:00,0.90613,0.9062,0.90601,0.90608,382,19,0
2025-02-07 07:30:00,0.90608,0.90629,0.90594,0.90613,476,19,0
2025-02-07 08:00:00,0.90615,0.90631,0.90608,0.9062,677,19,0
2025-02-07 08:30:00,0.90618,0.90669,0.90613,0.90661,460,19,0
2025-02-07 09:00:00,0.90658,0.90664,0.906,0.90606,758,19,0
2025-02-07 09:30:00,0.90605,0.90651,0.90585,0.90617,918,19,0
2025-02-07 10:00:00,0.90618,0.90644,0.9058,0.90584,1226,19,0
2025-02-07 10:30:00,0.90583,0.90588,0.90552,0.90564,1127,19,0
2025-02-07 11:00:00,0.90561,0.90595,0.90558,0.90593,919,19,0
2025-02-07 11:30:00,0.90593,0.90604,0.90545,0.90587,893,19,0
2025-02-07 12:00:00,0.90587,0.90629,0.90586,0.90627,957,19,0
2025-02-07 12:30:00,0.90626,0.90698,0.9061,0.90676,909,19,0
2025-02-07 13:00:00,0.90675,0.90707,0.90671,0.90689,756,19,0
2025-02-07 13:30:00,0.90692,0.907,0.90655,0.90674,651,19,0
2025-02-07 14:00:00,0.90676,0.90718,0.90672,0.90713,807,18,0
2025-02-07 14:30:00,0.90712,0.90729,0.90695,0.9072,876,18,0
2025-02-07 15:00:00,0.90721,0.90778,0.90716,0.90763,1409,20,0
2025-02-07 15:30:00,0.90764,0.90986,0.90432,0.90908,6182,19,0
2025-02-07 16:00:00,0.90913,0.90945,0.90735,0.90751,3270,19,0
2025-02-07 16:30:00,0.9075,0.90782,0.90677,0.9078,2659,20,0
2025-02-07 17:00:00,0.90789,0.90858,0.90704,0.90805,3321,18,0
2025-02-07 17:30:00,0.90806,0.91009,0.90744,0.90913,4275,18,0
2025-02-07 18:00:00,0.90916,0.90999,0.90859,0.90917,5081,19,0
2025-02-07 18:30:00,0.90913,0.91035,0.90902,0.90998,2523,18,0
2025-02-07 19:00:00,0.90997,0.91044,0.90886,0.90982,5020,21,0
2025-02-07 19:30:00,0.90979,0.91055,0.90939,0.91023,1807,19,0
2025-02-07 20:00:00,0.91024,0.91037,0.90943,0.90972,1149,20,0
2025-02-07 20:30:00,0.90971,0.91009,0.90936,0.90962,852,20,0
2025-02-07 21:00:00,0.90964,0.90966,0.90894,0.90921,878,21,0
2025-02-07 21:30:00,0.90919,0.90941,0.90881,0.90909,953,19,0
2025-02-07 22:00:00,0.90905,0.90936,0.90882,0.90933,667,19,0
2025-02-07 22:30:00,0.90932,0.90987,0.90929,0.90945,702,19,0
2025-02-07 23:00:00,0.90944,0.9099,0.90926,0.90983,438,22,0
2025-02-07 23:30:00,0.90984,0.90995,0.9094,0.90973,670,23,0
2025-02-10 00:00:00,0.91033,0.9104,0.91006,0.91019,16,101,0
2025-02-10 00:30:00,0.9102,0.91037,0.90994,0.91028,438,101,0
2025-02-10 01:00:00,0.91026,0.91102,0.91017,0.91054,1097,19,0
2025-02-10 01:30:00,0.91056,0.91087,0.91039,0.91087,853,19,0
2025-02-10 02:00:00,0.91086,0.9109,0.91018,0.91038,1083,20,0
2025-02-10 02:30:00,0.91037,0.91105,0.91019,0.91095,1159,20,0
2025-02-10 03:00:00,0.91094,0.91154,0.91084,0.91145,1124,19,0
2025-02-10 03:30:00,0.91146,0.9118,0.91134,0.91168,967,19,0
2025-02-10 04:00:00,0.91169,0.91194,0.91134,0.91186,850,19,0
2025-02-10 04:30:00,0.91185,0.91214,0.91171,0.91209,591,19,0
2025-02-10 05:00:00,0.9121,0.9121,0.9113,0.91143,550,19,0
2025-02-10 05:30:00,0.91142,0.91144,0.91122,0.91126,683,19,0
2025-02-10 06:00:00,0.91126,0.91127,0.91104,0.9111,748,19,0
2025-02-10 06:30:00,0.91111,0.91122,0.91105,0.9112,683,19,0
2025-02-10 07:00:00,0.91119,0.9112,0.91081,0.91083,675,19,0
2025-02-10 07:30:00,0.91081,0.9111,0.91076,0.91093,747,19,0
2025-02-10 08:00:00,0.91095,0.91117,0.91094,0.91097,705,19,0
2025-02-10 08:30:00,0.91099,0.91106,0.91062,0.91089,985,19,0
2025-02-10 09:00:00,0.91091,0.91112,0.91062,0.91086,1066,19,0
2025-02-10 09:30:00,0.91083,0.91093,0.91034,0.91076,1131,19,0
2025-02-10 10:00:00,0.91075,0.91097,0.91012,0.91022,1614,19,0
2025-02-10 10:30:00,0.91021,0.91045,0.90993,0.91027,1265,19,0
2025-02-10 11:00:00,0.91028,0.91031,0.90984,0.90987,954,19,0
2025-02-10 11:30:00,0.90989,0.91034,0.90961,0.91012,1091,19,0
2025-02-10 12:00:00,0.91011,0.91031,0.90991,0.91004,769,19,0
2025-02-10 12:30:00,0.91001,0.91005,0.9093,0.90963,814,19,0
2025-02-10 13:00:00,0.90963,0.90988,0.90927,0.90952,910,19,0
2025-02-10 13:30:00,0.90953,0.91024,0.90934,0.91015,913,18,0
2025-02-10 14:00:00,0.91016,0.91104,0.91006,0.91082,1485,18,0
2025-02-10 14:30:00,0.91078,0.91078,0.91038,0.91066,1187,18,0
2025-02-10 15:00:00,0.91065,0.91069,0.91008,0.91039,1338,18,0
2025-02-10 15:30:00,0.91042,0.91044,0.90972,0.90989,1473,18,0
2025-02-10 16:00:00,0.90988,0.9106,0.90965,0.91047,1600,18,0
2025-02-10 16:30:00,0.91047,0.91054,0.90992,0.91013,2013,18,0
2025-02-10 17:00:00,0.91011,0.91043,0.90995,0.91018,1625,18,0
2025-02-10 17:30:00,0.91017,0.91054,0.90973,0.91019,1693,18,0
2025-02-10 18:00:00,0.9102,0.91076,0.91005,0.91045,1675,18,0
2025-02-10 18:30:00,0.91046,0.91135,0.91039,0.91092,1207,18,0
2025-02-10 19:00:00,0.91093,0.91111,0.91076,0.91107,1064,19,0
2025-02-10 19:30:00,0.91105,0.91157,0.91103,0.91117,562,19,0
2025-02-10 20:00:00,0.91118,0.91138,0.91102,0.91116,834,19,0
2025-02-10 20:30:00,0.91117,0.91153,0.91103,0.91135,795,19,0
2025-02-10 21:00:00,0.91136,0.91144,0.91103,0.91123,559,19,0
2025-02-10 21:30:00,0.91122,0.91137,0.91095,0.91136,592,19,0
2025-02-10 22:00:00,0.91134,0.91149,0.91112,0.91147,577,19,0
2025-02-10 22:30:00,0.91148,0.91151,0.91125,0.91132,633,19,0
2025-02-10 23:00:00,0.91133,0.91141,0.91119,0.91136,357,20,0
2025-02-10 23:30:00,0.91137,0.91139,0.91101,0.91113,352,23,0
2025-02-11 00:00:00,0.91112,0.91112,0.90994,0.91073,87,39,0
2025-02-11 00:30:00,0.91072,0.91093,0.91054,0.91072,868,84,0
2025-02-11 01:00:00,0.91073,0.91149,0.91068,0.91133,976,19,0
2025-02-11 01:30:00,0.91134,0.91148,0.91118,0.91132,528,19,0
2025-02-11 02:00:00,0.91129,0.91137,0.91109,0.91112,719,19,0
2025-02-11 02:30:00,0.91113,0.91135,0.91093,0.91116,573,19,0
2025-02-11 03:00:00,0.91115,0.91142,0.91115,0.9113,1011,19,0
2025-02-11 03:30:00,0.91131,0.91139,0.91107,0.91115,937,19,0
2025-02-11 04:00:00,0.91115,0.91142,0.91111,0.91125,915,19,0
2025-02-11 04:30:00,0.91126,0.91166,0.9112,0.91161,903,19,0
2025-02-11 05:00:00,0.91161,0.91172,0.91147,0.91159,762,19,0
2025-02-11 05:30:00,0.91159,0.9116,0.91135,0.91148,684,19,0
2025-02-11 06:00:00,0.91148,0.91155,0.91131,0.91144,513,19,0
2025-02-11 06:30:00,0.91146,0.91151,0.91134,0.91136,526,19,0
2025-02-11 07:00:00,0.91136,0.91158,0.9113,0.91154,544,19,0
2025-02-11 07:30:00,0.91155,0.91171,0.91149,0.9116,534,19,0
2025-02-11 08:00:00,0.91163,0.91166,0.91133,0.91143,785,19,0
2025-02-11 08:30:00,0.91144,0.91156,0.91112,0.9114,736,19,0
2025-02-11 09:00:00,0.91136,0.91177,0.91129,0.91147,860,19,0
2025-02-11 09:30:00,0.91145,0.91178,0.91144,0.91171,926,19,0
2025-02-11 10:00:00,0.91172,0.91191,0.91121,0.91124,1209,19,0
2025-02-11 10:30:00,0.91124,0.91161,0.91101,0.91137,1128,19,0
2025-02-11 11:00:00,0.91135,0.91181,0.91117,0.91162,1046,19,0
2025-02-11 11:30:00,0.91163,0.912,0.91144,0.9117,971,19,0
2025-02-11 12:00:00,0.9117,0.91183,0.91143,0.91178,864,19,0
2025-02-11 12:30:00,0.91179,0.91212,0.91172,0.91209,744,19,0
2025-02-11 13:00:00,0.91208,0.91255,0.91192,0.91245,676,19,0
2025-02-11 13:30:00,0.91244,0.91298,0.91244,0.91287,668,19,0
2025-02-11 14:00:00,0.91288,0.91307,0.91264,0.91304,919,19,0
2025-02-11 14:30:00,0.91305,0.91325,0.91273,0.91312,1048,19,0
2025-02-11 15:00:00,0.91313,0.9133,0.91286,0.9133,1084,18,0
2025-02-11 15:30:00,0.91329,0.91391,0.91322,0.91326,1401,18,0
2025-02-11 16:00:00,0.91327,0.91353,0.91283,0.91314,1346,18,0
2025-02-11 16:30:00,0.91312,0.91367,0.91297,0.9135,1540,18,0
2025-02-11 17:00:00,0.91346,0.91386,0.91314,0.91316,1766,20,0
2025-02-11 17:30:00,0.91318,0.9138,0.913,0.91316,1760,19,0
2025-02-11 18:00:00,0.91317,0.91321,0.91233,0.91234,1688,18,0
2025-02-11 18:30:00,0.91235,0.91323,0.91227,0.91321,1158,18,0
2025-02-11 19:00:00,0.9132,0.9134,0.91304,0.91304,900,19,0
2025-02-11 19:30:00,0.91304,0.91313,0.91286,0.91303,576,19,0
2025-02-11 20:00:00,0.91304,0.9135,0.91287,0.9135,791,19,0
2025-02-11 20:30:00,0.91349,0.91369,0.91328,0.91365,675,19,0
2025-02-11 21:00:00,0.91364,0.91398,0.91358,0.91364,614,19,0
2025-02-11 21:30:00,0.91365,0.91377,0.91213,0.91312,1815,20,0
2025-02-11 22:00:00,0.9131,0.91349,0.91288,0.91325,822,19,0
2025-02-11 22:30:00,0.91326,0.91329,0.91289,0.91327,800,20,0
2025-02-11 23:00:00,0.91328,0.91339,0.91304,0.9132,408,21,0
2025-02-11 23:30:00,0.91319,0.91334,0.91305,0.91307,339,24,0
2025-02-12 00:00:00,0.91308,0.91308,0.91224,0.91224,43,39,0
2025-02-12 00:30:00,0.91218,0.91278,0.91212,0.91265,561,68,0
2025-02-12 01:00:00,0.91269,0.91324,0.91268,0.91309,421,19,0
2025-02-12 01:30:00,0.91308,0.91313,0.91284,0.91301,475,19,0
2025-02-12 02:00:00,0.913,0.91337,0.91295,0.91308,732,19,0
2025-02-12 02:30:00,0.91308,0.91318,0.91287,0.91311,907,19,0
2025-02-12 03:00:00,0.91312,0.91332,0.91299,0.91321,1138,19,0
2025-02-12 03:30:00,0.9132,0.91337,0.91261,0.91282,1064,19,0
2025-02-12 04:00:00,0.91283,0.91285,0.91246,0.91258,981,19,0
2025-02-12 04:30:00,0.91257,0.91305,0.91246,0.91302,793,19,0
2025-02-12 05:00:00,0.91304,0.91319,0.91283,0.91304,817,19,0
2025-02-12 05:30:00,0.91305,0.91348,0.91294,0.91324,748,19,0
2025-02-12 06:00:00,0.91326,0.91346,0.9131,0.91315,740,19,0
2025-02-12 06:30:00,0.91313,0.91353,0.91312,0.91348,666,19,0
2025-02-12 07:00:00,0.91347,0.91352,0.91312,0.91315,739,19,0
2025-02-12 07:30:00,0.91316,0.91329,0.91296,0.913,722,19,0
2025-02-12 08:00:00,0.91301,0.91316,0.91292,0.9131,625,19,0
2025-02-12 08:30:00,0.91311,0.91316,0.91272,0.91283,782,19,0
2025-02-12 09:00:00,0.91286,0.91295,0.91232,0.91234,1054,19,0
2025-02-12 09:30:00,0.91236,0.91267,0.91187,0.91215,1169,19,0
2025-02-12 10:00:00,0.91216,0.91225,0.91119,0.91142,1498,19,0
2025-02-12 10:30:00,0.91145,0.91151,0.91102,0.91136,1136,19,0
2025-02-12 11:00:00,0.91139,0.91154,0.91092,0.91118,1237,19,0
2025-02-12 11:30:00,0.91119,0.91123,0.91016,0.91042,969,19,0
2025-02-12 12:00:00,0.9104,0.9111,0.9103,0.911,971,19,0
2025-02-12 12:30:00,0.91103,0.91147,0.91086,0.91094,857,19,0
2025-02-12 13:00:00,0.91093,0.91102,0.91048,0.91067,917,19,0
2025-02-12 13:30:00,0.91068,0.91087,0.91041,0.91082,950,19,0
2025-02-12 14:00:00,0.91084,0.91106,0.9107,0.91098,1016,18,0
2025-02-12 14:30:00,0.91099,0.91157,0.91081,0.91151,1259,18,0
2025-02-12 15:00:00,0.91152,0.91212,0.91088,0.91088,1960,18,0
2025-02-12 15:30:00,0.91088,0.91549,0.91071,0.91435,5959,18,0
2025-02-12 16:00:00,0.91437,0.91496,0.91381,0.91383,3394,18,0
2025-02-12 16:30:00,0.91384,0.91458,0.91365,0.91443,2501,18,0
2025-02-12 17:00:00,0.91444,0.91495,0.91281,0.91345,3368,18,0
2025-02-12 17:30:00,0.91341,0.91371,0.91268,0.91327,3842,18,0
2025-02-12 18:00:00,0.91328,0.9144,0.91289,0.91406,2400,18,0
2025-02-12 18:30:00,0.91407,0.91426,0.9128,0.91289,2312,18,0
2025-02-12 19:00:00,0.91288,0.91291,0.91124,0.91189,3354,19,0
2025-02-12 19:30:00,0.91188,0.91221,0.91137,0.91162,2011,19,0
2025-02-12 20:00:00,0.91159,0.91276,0.91147,0.91253,1742,19,0
2025-02-12 20:30:00,0.91252,0.91306,0.91242,0.913,1409,19,0
2025-02-12 21:00:00,0.91301,0.91354,0.91295,0.91337,1032,19,0
2025-02-12 21:30:00,0.91338,0.9135,0.91309,0.91319,876,19,0
2025-02-12 22:00:00,0.91318,0.91339,0.91283,0.91283,849,19,0
2025-02-12 22:30:00,0.91284,0.9132,0.91277,0.91317,782,19,0
2025-02-12 23:00:00,0.9132,0.91374,0.91302,0.91335,689,19,0
2025-02-12 23:30:00,0.91334,0.9136,0.91322,0.91341,503,23,0
2025-02-13 00:00:00,0.91343,0.91344,0.91218,0.91316,139,39,0
2025-02-13 00:30:00,0.91314,0.91321,0.91257,0.91297,570,87,0
2025-02-13 01:00:00,0.91301,0.91355,0.91286,0.91338,693,19,0
2025-02-13 01:30:00,0.91339,0.91358,0.9133,0.91337,776,19,0
2025-02-13 02:00:00,0.91335,0.9135,0.91304,0.91317,998,19,0
2025-02-13 02:30:00,0.91318,0.91387,0.91295,0.91375,1073,19,0
2025-02-13 03:00:00,0.91374,0.91394,0.91322,0.91346,1461,19,0
2025-02-13 03:30:00,0.91346,0.9135,0.91298,0.91302,1220,19,0
2025-02-13 04:00:00,0.913,0.91328,0.91258,0.9126,1011,19,0
2025-02-13 04:30:00,0.91259,0.91265,0.91232,0.91254,1059,19,0
2025-02-13 05:00:00,0.91254,0.91264,0.91197,0.9121,967,19,0
2025-02-13 05:30:00,0.9121,0.91216,0.91157,0.91191,949,19,0
2025-02-13 06:00:00,0.91194,0.91199,0.91143,0.91163,1238,19,0
2025-02-13 06:30:00,0.91163,0.91173,0.9112,0.91121,1030,19,0
2025-02-13 07:00:00,0.91122,0.91135,0.91085,0.91089,969,19,0
2025-02-13 07:30:00,0.9109,0.91133,0.91089,0.91124,1021,19,0
2025-02-13 08:00:00,0.91126,0.91137,0.91102,0.91117,1233,19,0
2025-02-13 08:30:00,0.91118,0.91144,0.91107,0.9111,902,19,0
2025-02-13 09:00:00,0.91115,0.91127,0.9107,0.9109,1415,20,0
2025-02-13 09:30:00,0.91059,0.91059,0.90874,0.90912,2167,20,0
2025-02-13 10:00:00,0.90911,0.90959,0.90804,0.90818,1910,20,0
2025-02-13 10:30:00,0.90817,0.90862,0.90769,0.90773,1627,19,0
2025-02-13 11:00:00,0.90775,0.9078,0.90698,0.9076,1422,19,0
2025-02-13 11:30:00,0.90763,0.90807,0.90744,0.90781,1112,19,0
2025-02-13 12:00:00,0.9078,0.90794,0.90676,0.90693,1094,19,0
2025-02-13 12:30:00,0.9069,0.90708,0.90662,0.90672,983,19,0
2025-02-13 13:00:00,0.9067,0.90688,0.90649,0.90687,1061,19,0
2025-02-13 13:30:00,0.90688,0.90782,0.90671,0.90751,2129,19,0
2025-02-13 14:00:00,0.90752,0.90807,0.90717,0.90746,1689,18,0
2025-02-13 14:30:00,0.90745,0.90817,0.90709,0.90725,1323,18,0
2025-02-13 15:00:00,0.90726,0.90791,0.90648,0.90791,1468,18,0
2025-02-13 15:30:00,0.9079,0.90842,0.90641,0.90749,3715,19,0
2025-02-13 16:00:00,0.9075,0.90818,0.90729,0.9081,2386,19,0
2025-02-13 16:30:00,0.90812,0.90838,0.90733,0.90737,1938,20,0
2025-02-13 17:00:00,0.90737,0.90737,0.90541,0.90585,3781,20,0
2025-02-13 17:30:00,0.90584,0.90596,0.90459,0.90507,2598,18,0
2025-02-13 18:00:00,0.90508,0.90529,0.90426,0.90437,1627,18,0
2025-02-13 18:30:00,0.9044,0.90531,0.90434,0.90473,1252,18,0
2025-02-13 19:00:00,0.90472,0.90478,0.90363,0.9038,966,19,0
2025-02-13 19:30:00,0.90379,0.90442,0.90351,0.90424,1102,19,0
2025-02-13 20:00:00,0.90425,0.90497,0.90401,0.90459,1772,19,0
2025-02-13 20:30:00,0.90461,0.9062,0.90438,0.90487,4197,19,0
2025-02-13 21:00:00,0.90488,0.90488,0.90357,0.90365,1895,19,0
2025-02-13 21:30:00,0.90364,0.90418,0.90339,0.90373,1217,19,0
2025-02-13 22:00:00,0.90376,0.90393,0.9027,0.90295,1195,19,0
2025-02-13 22:30:00,0.90296,0.9035,0.90275,0.90297,1061,19,0
2025-02-13 23:00:00,0.90294,0.90312,0.90286,0.90304,587,19,0
2025-02-13 23:30:00,0.90305,0.90312,0.90279,0.90286,751,23,0
2025-02-14 00:00:00,0.90275,0.90317,0.90257,0.90278,866,87,0
2025-02-14 00:30:00,0.90285,0.90328,0.90267,0.90301,823,87,0
2025-02-14 01:00:00,0.90307,0.90334,0.90265,0.90312,1598,19,0
2025-02-14 01:30:00,0.90312,0.90338,0.90303,0.90319,850,19,0
2025-02-14 02:00:00,0.90321,0.90343,0.90263,0.9028,1125,19,0
2025-02-14 02:30:00,0.90279,0.90296,0.90255,0.9026,1206,19,0
2025-02-14 03:00:00,0.90261,0.90276,0.90232,0.90261,1392,19,0
2025-02-14 03:30:00,0.90262,0.90304,0.90257,0.90295,1191,19,0
2025-02-14 04:00:00,0.90296,0.90334,0.90286,0.90327,854,19,0
2025-02-14 04:30:00,0.90326,0.90362,0.90318,0.90359,985,19,0
2025-02-14 05:00:00,0.90358,0.90404,0.90351,0.90403,927,19,0
2025-02-14 05:30:00,0.90399,0.90409,0.90369,0.90391,794,19,0
2025-02-14 06:00:00,0.90392,0.90404,0.90375,0.90402,983,19,0
2025-02-14 06:30:00,0.90403,0.90418,0.90391,0.9041,613,19,0
2025-02-14 07:00:00,0.90411,0.90429,0.90407,0.90427,760,19,0
2025-02-14 07:30:00,0.90427,0.90446,0.9042,0.9043,965,19,0
2025-02-14 08:00:00,0.9043,0.90436,0.90391,0.9042,1003,19,0
2025-02-14 08:30:00,0.90419,0.90423,0.90369,0.90377,1026,19,0
2025-02-14 09:00:00,0.90376,0.90388,0.90328,0.90369,1549,19,0
2025-02-14 09:30:00,0.9037,0.90479,0.9036,0.90462,1313,19,0
2025-02-14 10:00:00,0.90463,0.90482,0.90315,0.90337,1680,19,0
2025-02-14 10:30:00,0.90337,0.90352,0.90278,0.90321,1618,19,0
2025-02-14 11:00:00,0.90319,0.90319,0.90107,0.90138,1589,19,0
2025-02-14 11:30:00,0.90137,0.90222,0.90108,0.90175,1214,19,0
2025-02-14 12:00:00,0.90176,0.90212,0.90129,0.90163,1233,19,0
2025-02-14 12:30:00,0.90162,0.90219,0.90135,0.90169,957,19,0
2025-02-14 13:00:00,0.90167,0.90195,0.90143,0.9019,956,19,0
2025-02-14 13:30:00,0.90191,0.90193,0.90132,0.90136,984,19,0
2025-02-14 14:00:00,0.90137,0.90153,0.90074,0.90091,1057,18,0
2025-02-14 14:30:00,0.9009,0.90119,0.90052,0.90113,1155,18,0
2025-02-14 15:00:00,0.90115,0.90143,0.90051,0.90078,1465,18,0
2025-02-14 15:30:00,0.90077,0.90077,0.89849,0.89884,3642,19,0
2025-02-14 16:00:00,0.89882,0.89895,0.89801,0.89866,1991,19,0
2025-02-14 16:30:00,0.89864,0.89893,0.8971,0.89773,1954,18,0
2025-02-14 17:00:00,0.89774,0.89892,0.8976,0.89892,1795,18,0
2025-02-14 17:30:00,0.89891,0.89902,0.89739,0.89782,1813,18,0
2025-02-14 18:00:00,0.89783,0.89813,0.89761,0.89779,1602,18,0
2025-02-14 18:30:00,0.89779,0.89854,0.89771,0.89822,1163,18,0
2025-02-14 19:00:00,0.89821,0.89846,0.89792,0.89818,943,19,0
2025-02-14 19:30:00,0.89817,0.89834,0.89786,0.89794,605,19,0
2025-02-14 20:00:00,0.89795,0.89873,0.89784,0.8987,660,19,0
2025-02-14 20:30:00,0.89873,0.89873,0.89807,0.89813,601,19,0
2025-02-14 21:00:00,0.89812,0.89853,0.89805,0.89842,573,19,0
2025-02-14 21:30:00,0.89841,0.89895,0.89836,0.89855,641,19,0
2025-02-14 22:00:00,0.89856,0.89924,0.89856,0.89918,516,19,0
2025-02-14 22:30:00,0.89919,0.89969,0.89909,0.89958,508,19,0
2025-02-14 23:00:00,0.89957,0.89961,0.89924,0.89935,479,21,0
2025-02-14 23:30:00,0.89934,0.89953,0.89916,0.8993,1636,24,0
2025-02-17 00:00:00,0.89736,0.89946,0.89735,0.89817,234,101,0
2025-02-17 00:30:00,0.89816,0.89989,0.898,0.89888,1589,67,0
2025-02-17 01:00:00,0.89889,0.89988,0.89889,0.89978,2342,19,0
2025-02-17 01:30:00,0.89979,0.90007,0.89954,0.89985,882,19,0
2025-02-17 02:00:00,0.89984,0.90022,0.8996,0.90009,1096,19,0
2025-02-17 02:30:00,0.90007,0.9001,0.89963,0.8999,1153,19,0
2025-02-17 03:00:00,0.89993,0.90001,0.89957,0.89962,1176,19,0
2025-02-17 03:30:00,0.89962,0.89962,0.89907,0.89917,1171,19,0
2025-02-17 04:00:00,0.89916,0.89956,0.89912,0.89927,1080,19,0
2025-02-17 04:30:00,0.89925,0.89989,0.89921,0.89955,1160,19,0
2025-02-17 05:00:00,0.89955,0.90011,0.8994,0.90011,872,19,0
2025-02-17 05:30:00,0.9001,0.90039,0.90005,0.90025,1259,19,0
2025-02-17 06:00:00,0.90026,0.90047,0.89986,0.89988,757,19,0
2025-02-17 06:30:00,0.89987,0.89992,0.89911,0.89942,919,19,0
2025-02-17 07:00:00,0.89943,0.89994,0.89916,0.8998,1232,19,0
2025-02-17 07:30:00,0.89981,0.90076,0.89981,0.90024,1455,19,0
2025-02-17 08:00:00,0.90025,0.90045,0.89989,0.90018,1246,19,0
2025-02-17 08:30:00,0.90018,0.90041,0.89993,0.89993,1015,19,0
2025-02-17 09:00:00,0.89994,0.90052,0.89976,0.90038,1027,19,0
2025-02-17 09:30:00,0.90039,0.90045,0.8998,0.89987,1236,19,0
2025-02-17 10:00:00,0.89988,0.90054,0.89973,0.90054,1417,19,0
2025-02-17 10:30:00,0.90053,0.90073,0.89998,0.90031,1158,19,0
2025-02-17 11:00:00,0.9003,0.9004,0.89962,0.89983,948,19,0
2025-02-17 11:30:00,0.89982,0.90058,0.89982,0.90024,779,19,0
2025-02-17 12:00:00,0.90023,0.90063,0.90022,0.90059,888,19,0
2025-02-17 12:30:00,0.9006,0.90102,0.90058,0.90077,831,19,0
2025-02-17 13:00:00,0.90078,0.90114,0.90034,0.90068,896,19,0
2025-02-17 13:30:00,0.90067,0.90096,0.90049,0.9009,825,19,0
2025-02-17 14:00:00,0.90089,0.90146,0.9007,0.90114,787,20,0
2025-02-17 14:30:00,0.90117,0.90171,0.90113,0.90139,772,19,0
2025-02-17 15:00:00,0.90138,0.90139,0.90084,0.90111,662,18,0
2025-02-17 15:30:00,0.90112,0.90124,0.90085,0.90089,691,18,0
2025-02-17 16:00:00,0.90085,0.90135,0.90078,0.90113,680,18,0
2025-02-17 16:30:00,0.90115,0.90124,0.90077,0.90082,657,18,0
2025-02-17 17:00:00,0.90081,0.90086,0.90028,0.90041,638,18,0
2025-02-17 17:30:00,0.90039,0.90114,0.90036,0.90092,915,18,0
2025-02-17 18:00:00,0.90091,0.90109,0.90056,0.90059,661,18,0
2025-02-17 18:30:00,0.90058,0.90086,0.90048,0.9008,466,18,0
2025-02-17 19:00:00,0.90077,0.90083,0.90014,0.90036,441,19,0
2025-02-17 19:30:00,0.90037,0.9006,0.90028,0.90055,303,19,0
2025-02-17 20:00:00,0.90056,0.90094,0.90045,0.90076,269,19,0
2025-02-17 20:30:00,0.90076,0.90091,0.9007,0.90071,220,19,0
2025-02-17 21:00:00,0.9007,0.90087,0.90067,0.90075,528,19,0
2025-02-17 21:30:00,0.90076,0.90094,0.90073,0.9008,325,19,0
2025-02-17 22:00:00,0.90082,0.9009,0.90079,0.90084,777,19,0
2025-02-17 22:30:00,0.90082,0.90084,0.90069,0.90074,336,19,0
2025-02-17 23:00:00,0.90075,0.90077,0.90057,0.90073,322,22,0
2025-02-17 23:30:00,0.90071,0.90075,0.90036,0.90036,338,23,0
2025-02-18 00:00:00,0.9,0.90054,0.89997,0.9004,121,87,0
2025-02-18 00:30:00,0.90041,0.90071,0.90005,0.90065,505,63,0
2025-02-18 01:00:00,0.90067,0.90104,0.90024,0.90102,383,19,0
2025-02-18 01:30:00,0.901,0.901,0.90051,0.90068,867,19,0
2025-02-18 02:00:00,0.90068,0.90109,0.90056,0.90106,1094,19,0
2025-02-18 02:30:00,0.90105,0.90135,0.90098,0.90128,1103,19,0
2025-02-18 03:00:00,0.90129,0.90192,0.90123,0.9019,1146,19,0
2025-02-18 03:30:00,0.9019,0.90202,0.90169,0.9017,1144,19,0
2025-02-18 04:00:00,0.90171,0.90183,0.90151,0.90177,852,19,0
2025-02-18 04:30:00,0.90174,0.90174,0.9014,0.90161,783,19,0
2025-02-18 05:00:00,0.90161,0.9019,0.90143,0.90165,798,19,0
2025-02-18 05:30:00,0.90166,0.90223,0.9014,0.90217,1076,19,0
2025-02-18 06:00:00,0.90219,0.90232,0.90207,0.90221,461,19,0
2025-02-18 06:30:00,0.90221,0.90299,0.90219,0.90279,606,19,0
2025-02-18 07:00:00,0.90279,0.90311,0.90272,0.9031,591,19,0
2025-02-18 07:30:00,0.90308,0.90335,0.90295,0.90308,690,19,0
2025-02-18 08:00:00,0.9031,0.90311,0.90259,0.90272,728,19,0
2025-02-18 08:30:00,0.9027,0.9029,0.90227,0.9025,648,19,0
2025-02-18 09:00:00,0.90249,0.90252,0.90148,0.90173,998,19,0
2025-02-18 09:30:00,0.90174,0.90184,0.90093,0.90139,905,19,0
2025-02-18 10:00:00,0.90138,0.90164,0.90019,0.90035,1175,19,0
2025-02-18 10:30:00,0.90036,0.90064,0.89945,0.90038,1172,19,0
2025-02-18 11:00:00,0.90037,0.90076,0.90017,0.90056,928,19,0
2025-02-18 11:30:00,0.90057,0.90098,0.90011,0.90027,852,19,0
2025-02-18 12:00:00,0.9003,0.90129,0.90019,0.90121,988,19,0
2025-02-18 12:30:00,0.90123,0.90142,0.90102,0.90127,751,19,0
2025-02-18 13:00:00,0.90128,0.90157,0.90114,0.90149,619,19,0
2025-02-18 13:30:00,0.90148,0.9017,0.9012,0.90155,517,19,0
2025-02-18 14:00:00,0.90156,0.90181,0.90136,0.90177,796,20,0
2025-02-18 14:30:00,0.90176,0.90194,0.90115,0.90144,737,18,0
2025-02-18 15:00:00,0.90145,0.90206,0.90126,0.90177,1118,19,0
2025-02-18 15:30:00,0.90178,0.90216,0.90133,0.90171,1492,19,0
2025-02-18 16:00:00,0.90172,0.9021,0.90117,0.90153,1128,18,0
2025-02-18 16:30:00,0.90154,0.90186,0.90141,0.90146,1223,18,0
2025-02-18 17:00:00,0.90143,0.90191,0.90106,0.90176,1423,18,0
2025-02-18 17:30:00,0.90177,0.90196,0.90128,0.90152,1327,18,0
2025-02-18 18:00:00,0.90153,0.90183,0.90125,0.90178,1127,18,0
2025-02-18 18:30:00,0.90179,0.90245,0.90167,0.90219,784,18,0
2025-02-18 19:00:00,0.90219,0.90299,0.90215,0.90279,731,19,0
2025-02-18 19:30:00,0.9028,0.90356,0.90277,0.90326,671,19,0
2025-02-18 20:00:00,0.90325,0.9039,0.90306,0.90375,680,19,0
2025-02-18 20:30:00,0.90374,0.90401,0.9036,0.90367,589,19,0
2025-02-18 21:00:00,0.90369,0.90388,0.90344,0.90353,481,19,0
2025-02-18 21:30:00,0.90352,0.90359,0.90327,0.90352,507,19,0
2025-02-18 22:00:00,0.90353,0.90392,0.90345,0.90388,719,19,0
2025-02-18 22:30:00,0.90389,0.9039,0.90336,0.90337,600,19,0
2025-02-18 23:00:00,0.90339,0.90355,0.90326,0.90341,355,22,0
2025-02-18 23:30:00,0.90342,0.90346,0.90309,0.9031,249,23,0
2025-02-19 00:00:00,0.90263,0.90291,0.90241,0.90242,1126,87,0
2025-02-19 00:30:00,0.90241,0.90373,0.90213,0.90307,1011,87,0
2025-02-19 01:00:00,0.90309,0.90397,0.90309,0.90377,542,20,0
2025-02-19 01:30:00,0.90378,0.90381,0.90342,0.90356,546,20,0
2025-02-19 02:00:00,0.90355,0.90377,0.90328,0.90332,552,21,0
2025-02-19 02:30:00,0.90334,0.90418,0.90333,0.90417,673,20,0
2025-02-19 03:00:00,0.90415,0.90427,0.90367,0.90379,797,19,0
2025-02-19 03:30:00,0.9038,0.90402,0.90357,0.90375,801,19,0
2025-02-19 04:00:00,0.90374,0.90393,0.90338,0.90346,750,19,0
2025-02-19 04:30:00,0.90345,0.90351,0.90322,0.90331,717,19,0
2025-02-19 05:00:00,0.9033,0.90363,0.9033,0.90341,582,19,0
2025-02-19 05:30:00,0.90339,0.90347,0.90304,0.90324,453,19,0
2025-02-19 06:00:00,0.90325,0.90341,0.90303,0.90329,493,19,0
2025-02-19 06:30:00,0.9033,0.90331,0.90299,0.90303,382,19,0
2025-02-19 07:00:00,0.90302,0.90339,0.90294,0.90327,332,19,0
2025-02-19 07:30:00,0.90326,0.90328,0.9028,0.90282,412,19,0
2025-02-19 08:00:00,0.90283,0.90286,0.90238,0.90248,559,20,0
2025-02-19 08:30:00,0.90247,0.90281,0.90238,0.90281,598,19,0
2025-02-19 09:00:00,0.90277,0.90347,0.9027,0.90343,992,19,0
2025-02-19 09:30:00,0.90345,0.90384,0.90315,0.90372,961,19,0
2025-02-19 10:00:00,0.90371,0.90478,0.90362,0.90461,1170,19,0
2025-02-19 10:30:00,0.9046,0.90474,0.90424,0.90467,974,19,0
2025-02-19 11:00:00,0.90471,0.90486,0.90425,0.90435,863,19,0
2025-02-19 11:30:00,0.90434,0.90446,0.90412,0.90439,871,19,0
2025-02-19 12:00:00,0.9044,0.90505,0.90431,0.90436,884,19,0
2025-02-19 12:30:00,0.90436,0.90437,0.90373,0.90375,932,19,0
2025-02-19 13:00:00,0.90374,0.90394,0.90314,0.90387,1419,19,0
2025-02-19 13:30:00,0.90386,0.90422,0.9036,0.90394,994,19,0
2025-02-19 14:00:00,0.90396,0.90441,0.90372,0.90435,923,18,0
2025-02-19 14:30:00,0.90431,0.90488,0.90428,0.9044,1033,19,0
2025-02-19 15:00:00,0.90438,0.9045,0.90377,0.90388,1037,18,0
2025-02-19 15:30:00,0.90389,0.90399,0.90317,0.90343,1212,18,0
2025-02-19 16:00:00,0.90344,0.90353,0.90223,0.90294,1208,18,0
2025-02-19 16:30:00,0.9029,0.90326,0.90261,0.90276,1576,18,0
2025-02-19 17:00:00,0.90275,0.90331,0.90267,0.903,1357,18,0
2025-02-19 17:30:00,0.903,0.9038,0.9026,0.90362,2160,18,0
2025-02-19 18:00:00,0.90361,0.90497,0.90359,0.9048,1615,18,0
2025-02-19 18:30:00,0.90482,0.90533,0.90448,0.90531,1008,18,0
2025-02-19 19:00:00,0.90529,0.90535,0.90448,0.90467,726,19,0
2025-02-19 19:30:00,0.90468,0.90508,0.90449,0.90478,619,19,0
2025-02-19 20:00:00,0.90477,0.90487,0.90433,0.90443,684,19,0
2025-02-19 20:30:00,0.90441,0.90444,0.90388,0.90403,643,19,0
2025-02-19 21:00:00,0.90403,0.90418,0.90305,0.90317,1105,19,0
2025-02-19 21:30:00,0.90319,0.90391,0.90319,0.90376,811,19,0
2025-02-19 22:00:00,0.90377,0.90392,0.90362,0.90386,513,19,0
2025-02-19 22:30:00,0.90385,0.90418,0.90373,0.90411,537,19,0
2025-02-19 23:00:00,0.90413,0.90437,0.90392,0.90436,387,21,0
2025-02-19 23:30:00,0.90437,0.90451,0.904,0.904,314,23,0
2025-02-20 00:00:00,0.90386,0.9041,0.90357,0.90382,42,87,0
2025-02-20 00:30:00,0.90383,0.90411,0.90369,0.90386,199,87,0
2025-02-20 01:00:00,0.90388,0.90428,0.90377,0.90427,287,21,0
2025-02-20 01:30:00,0.90427,0.90454,0.90414,0.90452,585,20,0
2025-02-20 02:00:00,0.90451,0.90452,0.90405,0.90412,720,20,0
2025-02-20 02:30:00,0.90407,0.90417,0.90336,0.90352,902,19,0
2025-02-20 03:00:00,0.90352,0.90356,0.90296,0.9035,1078,19,0
2025-02-20 03:30:00,0.90352,0.90396,0.9034,0.90358,1048,19,0
2025-02-20 04:00:00,0.90358,0.90362,0.90286,0.90335,1020,19,0
2025-02-20 04:30:00,0.90334,0.90338,0.90256,0.90281,1578,20,0
2025-02-20 05:00:00,0.90282,0.9031,0.90271,0.90304,699,19,0
2025-02-20 05:30:00,0.90303,0.90306,0.90261,0.90288,990,20,0
2025-02-20 06:00:00,0.90287,0.90311,0.90278,0.90291,728,19,0
2025-02-20 06:30:00,0.9029,0.90307,0.90262,0.90267,551,19,0
2025-02-20 07:00:00,0.90266,0.90268,0.90236,0.9025,673,19,0
2025-02-20 07:30:00,0.90249,0.90281,0.90247,0.90254,555,19,0
2025-02-20 08:00:00,0.90255,0.90256,0.902,0.90212,655,19,0
2025-02-20 08:30:00,0.90211,0.90253,0.90208,0.90249,925,19,0
2025-02-20 09:00:00,0.90248,0.90284,0.90229,0.90268,1021,19,0
2025-02-20 09:30:00,0.90269,0.90285,0.90239,0.90254,934,19,0
2025-02-20 10:00:00,0.90253,0.90274,0.90202,0.90218,1080,19,0
2025-02-20 10:30:00,0.90218,0.90278,0.90201,0.90224,1197,19,0
2025-02-20 11:00:00,0.9022,0.90256,0.90205,0.90237,974,19,0
2025-02-20 11:30:00,0.90237,0.90259,0.90188,0.90197,859,19,0
2025-02-20 12:00:00,0.90198,0.90215,0.9016,0.90182,892,19,0
2025-02-20 12:30:00,0.90181,0.90206,0.90172,0.90183,751,19,0
2025-02-20 13:00:00,0.90182,0.90235,0.90169,0.90235,900,19,0
2025-02-20 13:30:00,0.90236,0.90298,0.90219,0.90226,860,19,0
2025-02-20 14:00:00,0.90225,0.90242,0.90188,0.90225,1529,18,0
2025-02-20 14:30:00,0.90224,0.90272,0.90193,0.90272,1496,18,0
2025-02-20 15:00:00,0.90273,0.9028,0.90107,0.90133,1776,18,0
2025-02-20 15:30:00,0.90126,0.90221,0.90086,0.90195,1975,18,0
2025-02-20 16:00:00,0.90196,0.9026,0.90168,0.90221,1809,18,0
2025-02-20 16:30:00,0.90219,0.90229,0.90106,0.90137,2290,18,0
2025-02-20 17:00:00,0.90137,0.90196,0.90068,0.90071,2393,18,0
2025-02-20 17:30:00,0.9007,0.90128,0.89948,0.89958,2074,18,0
2025-02-20 18:00:00,0.89961,0.90025,0.89956,0.89994,1780,18,0
2025-02-20 18:30:00,0.89995,0.89999,0.89894,0.89917,1403,18,0
2025-02-20 19:00:00,0.89918,0.89939,0.8983,0.89854,983,19,0
2025-02-20 19:30:00,0.89853,0.89861,0.898,0.89825,895,19,0
2025-02-20 20:00:00,0.89826,0.89857,0.89762,0.89788,917,19,0
2025-02-20 20:30:00,0.89787,0.89788,0.89748,0.89771,800,19,0
2025-02-20 21:00:00,0.89772,0.89824,0.89768,0.89804,734,19,0
2025-02-20 21:30:00,0.89803,0.89808,0.89749,0.89756,764,19,0
2025-02-20 22:00:00,0.89758,0.89806,0.89758,0.89783,470,19,0
2025-02-20 22:30:00,0.89782,0.89803,0.89759,0.89765,564,19,0
2025-02-20 23:00:00,0.89764,0.89783,0.89751,0.89764,350,20,0
2025-02-20 23:30:00,0.89763,0.89781,0.89749,0.89749,572,23,0
2025-02-21 00:00:00,0.89758,0.89792,0.89741,0.89771,307,87,0
2025-02-21 00:30:00,0.89774,0.89786,0.89766,0.8977,363,84,0
2025-02-21 01:00:00,0.89788,0.898,0.89752,0.89765,942,21,0
2025-02-21 01:30:00,0.89764,0.89813,0.89753,0.89811,957,20,0
2025-02-21 02:00:00,0.8981,0.89857,0.89799,0.89847,1025,19,0
2025-02-21 02:30:00,0.89846,0.89866,0.89836,0.89854,731,19,0
2025-02-21 03:00:00,0.89855,0.89899,0.89843,0.8989,1021,19,0
2025-02-21 03:30:00,0.89889,0.89949,0.89877,0.89917,1259,19,0
2025-02-21 04:00:00,0.89916,0.89917,0.89832,0.8987,1008,19,0
2025-02-21 04:30:00,0.89871,0.8989,0.89814,0.89814,1231,19,0
2025-02-21 05:00:00,0.89812,0.89821,0.8979,0.89799,856,19,0
2025-02-21 05:30:00,0.898,0.89816,0.8979,0.89804,648,19,0
2025-02-21 06:00:00,0.89804,0.8981,0.89772,0.89776,548,19,0
2025-02-21 06:30:00,0.89776,0.89813,0.89766,0.89804,483,19,0
2025-02-21 07:00:00,0.89803,0.89836,0.89789,0.89829,587,20,0
2025-02-21 07:30:00,0.89828,0.89881,0.89827,0.8987,731,19,0
2025-02-21 08:00:00,0.89871,0.89929,0.89864,0.89918,841,19,0
2025-02-21 08:30:00,0.89919,0.89921,0.89893,0.89915,659,19,0
2025-02-21 09:00:00,0.8991,0.8991,0.89841,0.89853,1022,19,0
2025-02-21 09:30:00,0.89854,0.89861,0.89777,0.89801,1103,19,0
2025-02-21 10:00:00,0.898,0.89935,0.89784,0.89888,2293,19,0
2025-02-21 10:30:00,0.89858,0.89892,0.89788,0.898,1597,19,0
2025-02-21 11:00:00,0.89802,0.89858,0.89698,0.89835,1346,18,0
2025-02-21 11:30:00,0.89837,0.89898,0.89807,0.89884,1165,18,0
2025-02-21 12:00:00,0.89882,0.8992,0.8985,0.89869,921,19,0
2025-02-21 12:30:00,0.89871,0.8989,0.89838,0.89888,726,19,0
2025-02-21 13:00:00,0.89889,0.89917,0.89844,0.89852,751,19,0
2025-02-21 13:30:00,0.89853,0.89861,0.89811,0.89859,699,19,0
2025-02-21 14:00:00,0.89858,0.89952,0.89852,0.89925,813,18,0
2025-02-21 14:30:00,0.89924,0.89991,0.89906,0.89983,919,18,0
2025-02-21 15:00:00,0.89984,0.90037,0.8996,0.89965,1071,18,0
2025-02-21 15:30:00,0.89964,0.89975,0.89933,0.89948,1352,18,0
2025-02-21 16:00:00,0.89951,0.90008,0.89895,0.89941,1325,18,0
2025-02-21 16:30:00,0.89942,0.89958,0.89776,0.89816,2392,19,0
2025-02-21 17:00:00,0.89827,0.89989,0.89781,0.89989,2710,20,0
2025-02-21 17:30:00,0.8999,0.9003,0.89918,0.89952,1890,19,0
2025-02-21 18:00:00,0.89951,0.89968,0.89908,0.8993,1364,19,0
2025-02-21 18:30:00,0.89929,0.89938,0.89858,0.89893,1062,18,0
2025-02-21 19:00:00,0.89892,0.89892,0.89799,0.89802,947,20,0
2025-02-21 19:30:00,0.89804,0.89819,0.89733,0.89749,944,19,0
2025-02-21 20:00:00,0.89748,0.89767,0.89689,0.89728,1562,19,0
2025-02-21 20:30:00,0.89724,0.8979,0.89724,0.89776,1194,19,0
2025-02-21 21:00:00,0.89777,0.89783,0.89673,0.89677,1061,19,0
2025-02-21 21:30:00,0.89675,0.89726,0.89669,0.89714,996,19,0
2025-02-21 22:00:00,0.89715,0.89729,0.8969,0.89704,672,19,0
2025-02-21 22:30:00,0.89703,0.89735,0.89701,0.89703,762,19,0
2025-02-21 23:00:00,0.89702,0.89723,0.89699,0.8971,410,22,0
2025-02-21 23:30:00,0.89712,0.89787,0.89712,0.89734,888,23,0
2025-02-24 00:00:00,0.89877,0.89877,0.89691,0.89752,167,101,0
2025-02-24 00:30:00,0.89755,0.89812,0.89636,0.89686,3174,101,0
2025-02-24 01:00:00,0.89684,0.89799,0.89647,0.89799,864,21,0
2025-02-24 01:30:00,0.89802,0.89842,0.89778,0.8984,555,21,0
2025-02-24 02:00:00,0.89841,0.89843,0.89671,0.89689,973,21,0
2025-02-24 02:30:00,0.89687,0.89723,0.89639,0.89646,1171,19,0
2025-02-24 03:00:00,0.89647,0.89707,0.8964,0.89657,1389,19,0
2025-02-24 03:30:00,0.89655,0.89676,0.89573,0.8958,1422,19,0
2025-02-24 04:00:00,0.89582,0.8963,0.8955,0.89602,1362,19,0
2025-02-24 04:30:00,0.89603,0.89604,0.89525,0.89562,1160,19,0
2025-02-24 05:00:00,0.89563,0.89586,0.89535,0.89582,838,19,0
2025-02-24 05:30:00,0.89582,0.89586,0.89542,0.89551,767,19,0
2025-02-24 06:00:00,0.89553,0.89614,0.89539,0.89607,743,19,0
2025-02-24 06:30:00,0.89608,0.89611,0.89574,0.89581,657,19,0
2025-02-24 07:00:00,0.89582,0.89618,0.8958,0.89591,1119,19,0
2025-02-24 07:30:00,0.89589,0.89619,0.8958,0.8961,904,19,0
2025-02-24 08:00:00,0.89611,0.89645,0.89603,0.8963,954,19,0
2025-02-24 08:30:00,0.89629,0.8971,0.89618,0.89664,1004,19,0
2025-02-24 09:00:00,0.89663,0.89689,0.89623,0.89674,1319,19,0
2025-02-24 09:30:00,0.89673,0.89704,0.89605,0.89697,1662,19,0
2025-02-24 10:00:00,0.89696,0.89771,0.89656,0.89738,1936,19,0
2025-02-24 10:30:00,0.89736,0.89762,0.89684,0.89758,1325,19,0
2025-02-24 11:00:00,0.8976,0.89882,0.89733,0.8988,1279,19,0
2025-02-24 11:30:00,0.89881,0.89927,0.89849,0.89909,1178,19,0
2025-02-24 12:00:00,0.8991,0.8994,0.89881,0.89914,1193,19,0
2025-02-24 12:30:00,0.89915,0.89921,0.89848,0.89848,1035,19,0
2025-02-24 13:00:00,0.89847,0.89945,0.89838,0.89934,926,19,0
2025-02-24 13:30:00,0.89935,0.89973,0.89922,0.89952,973,19,0
2025-02-24 14:00:00,0.89952,0.89956,0.89901,0.8994,954,18,0
2025-02-24 14:30:00,0.89937,0.8997,0.89908,0.89908,1193,18,0
2025-02-24 15:00:00,0.89907,0.8995,0.89865,0.89896,1366,18,0
2025-02-24 15:30:00,0.89896,0.89901,0.89847,0.89855,1459,18,0
2025-02-24 16:00:00,0.89856,0.89887,0.89812,0.89819,1390,18,0
2025-02-24 16:30:00,0.8982,0.89865,0.89775,0.89781,2550,18,0
2025-02-24 17:00:00,0.8978,0.89792,0.897,0.89707,2321,18,0
2025-02-24 17:30:00,0.89709,0.89736,0.89609,0.89681,2349,18,0
2025-02-24 18:00:00,0.89682,0.89743,0.89677,0.89736,1575,18,0
2025-02-24 18:30:00,0.89737,0.89745,0.89649,0.89658,1185,18,0
2025-02-24 19:00:00,0.89658,0.89721,0.89647,0.89706,958,19,0
2025-02-24 19:30:00,0.89705,0.89713,0.8964,0.89684,1104,19,0
2025-02-24 20:00:00,0.89687,0.89693,0.89596,0.89599,822,19,0
2025-02-24 20:30:00,0.89599,0.89647,0.89584,0.89619,611,19,0
2025-02-24 21:00:00,0.89618,0.89629,0.89597,0.89627,661,19,0
2025-02-24 21:30:00,0.89626,0.89669,0.89608,0.8965,980,19,0
2025-02-24 22:00:00,0.89648,0.89696,0.89634,0.89672,1075,19,0
2025-02-24 22:30:00,0.89673,0.89709,0.89661,0.89707,839,19,0
2025-02-24 23:00:00,0.89709,0.89739,0.89706,0.89737,448,20,0
2025-02-24 23:30:00,0.89738,0.89738,0.89683,0.89683,377,24,0
2025-02-25 00:00:00,0.8962,0.89696,0.8962,0.89679,108,87,0
2025-02-25 00:30:00,0.89678,0.8968,0.89652,0.89655,398,87,0
2025-02-25 01:00:00,0.8966,0.89763,0.89657,0.89752,628,19,0
2025-02-25 01:30:00,0.89753,0.89753,0.8971,0.89726,638,19,0
2025-02-25 02:00:00,0.89725,0.89763,0.8971,0.89755,918,19,0
2025-02-25 02:30:00,0.89755,0.8977,0.89731,0.89737,776,19,0
2025-02-25 03:00:00,0.89738,0.89754,0.89708,0.89738,1043,19,0
2025-02-25 03:30:00,0.89737,0.89768,0.89734,0.89735,930,19,0
2025-02-25 04:00:00,0.89736,0.89758,0.8972,0.89722,1071,19,0
2025-02-25 04:30:00,0.89721,0.89722,0.89684,0.89693,922,19,0
2025-02-25 05:00:00,0.89691,0.89718,0.89689,0.89706,703,19,0
2025-02-25 05:30:00,0.89705,0.89712,0.89683,0.89705,727,19,0
2025-02-25 06:00:00,0.89704,0.89711,0.89687,0.89694,645,19,0
2025-02-25 06:30:00,0.89696,0.89708,0.89679,0.89703,679,19,0
2025-02-25 07:00:00,0.89702,0.89709,0.89688,0.89697,607,19,0
2025-02-25 07:30:00,0.89696,0.8971,0.8969,0.897,623,19,0
2025-02-25 08:00:00,0.89701,0.89709,0.89648,0.89662,584,19,0
2025-02-25 08:30:00,0.89662,0.89733,0.89651,0.89706,943,19,0
2025-02-25 09:00:00,0.89706,0.89723,0.8963,0.89636,1289,19,0
2025-02-25 09:30:00,0.89638,0.89689,0.89623,0.89662,1715,19,0
2025-02-25 10:00:00,0.89663,0.89706,0.89641,0.89658,1879,19,0
2025-02-25 10:30:00,0.89659,0.89705,0.89617,0.89635,1192,19,0
2025-02-25 11:00:00,0.89636,0.89683,0.89628,0.89666,1051,19,0
2025-02-25 11:30:00,0.89666,0.89685,0.89607,0.89615,1020,19,0
2025-02-25 12:00:00,0.89614,0.89686,0.89611,0.89655,1074,19,0
2025-02-25 12:30:00,0.89654,0.89658,0.89588,0.89623,988,19,0
2025-02-25 13:00:00,0.89625,0.89631,0.89532,0.89566,748,19,0
2025-02-25 13:30:00,0.89568,0.89578,0.89483,0.89501,1137,19,0
2025-02-25 14:00:00,0.89501,0.89503,0.89327,0.89357,1891,18,0
2025-02-25 14:30:00,0.89358,0.89448,0.89331,0.89387,1657,18,0
2025-02-25 15:00:00,0.89388,0.89427,0.89344,0.89391,1649,18,0
2025-02-25 15:30:00,0.8939,0.89391,0.89285,0.89361,1710,18,0
2025-02-25 16:00:00,0.8936,0.89408,0.89283,0.89313,2041,18,0
2025-02-25 16:30:00,0.89314,0.89397,0.89312,0.89338,1863,18,0
2025-02-25 17:00:00,0.8934,0.89343,0.89128,0.8913,3121,18,0
2025-02-25 17:30:00,0.89131,0.89374,0.89112,0.89339,2952,18,0
2025-02-25 18:00:00,0.89338,0.89343,0.89224,0.89235,2371,18,0
2025-02-25 18:30:00,0.89236,0.89317,0.89179,0.89274,1816,18,0
2025-02-25 19:00:00,0.89274,0.89359,0.89267,0.89313,1223,20,0
2025-02-25 19:30:00,0.89312,0.89313,0.89225,0.89239,884,19,0
2025-02-25 20:00:00,0.8924,0.89245,0.89195,0.8921,983,19,0
2025-02-25 20:30:00,0.89206,0.89282,0.89197,0.8927,1002,19,0
2025-02-25 21:00:00,0.89271,0.89283,0.89219,0.89239,892,19,0
2025-02-25 21:30:00,0.8924,0.89272,0.89233,0.89249,861,19,0
2025-02-25 22:00:00,0.89246,0.8928,0.89224,0.89263,775,19,0
2025-02-25 22:30:00,0.89264,0.89276,0.8924,0.89248,630,19,0
2025-02-25 23:00:00,0.89247,0.89254,0.8923,0.89251,431,19,0
2025-02-25 23:30:00,0.8925,0.89278,0.89248,0.89275,450,23,0
2025-02-26 00:00:00,0.89182,0.89267,0.89182,0.89235,115,87,0
2025-02-26 00:30:00,0.89234,0.89279,0.89218,0.89243,134,87,0
2025-02-26 01:00:00,0.89219,0.89299,0.89219,0.89253,692,19,0
2025-02-26 01:30:00,0.89254,0.89254,0.89198,0.89234,838,19,0
2025-02-26 02:00:00,0.89232,0.89237,0.89161,0.89173,1031,19,0
2025-02-26 02:30:00,0.89174,0.89192,0.89155,0.89178,1021,19,0
2025-02-26 03:00:00,0.89178,0.89211,0.89152,0.892,1097,19,0
2025-02-26 03:30:00,0.89201,0.89261,0.892,0.89253,1252,19,0
2025-02-26 04:00:00,0.89253,0.89308,0.8924,0.89307,1151,19,0
2025-02-26 04:30:00,0.89306,0.89349,0.89295,0.89343,1047,19,0
2025-02-26 05:00:00,0.89341,0.89343,0.89302,0.89331,868,19,0
2025-02-26 05:30:00,0.8933,0.89353,0.89322,0.89347,780,19,0
2025-02-26 06:00:00,0.89348,0.89383,0.89341,0.89348,868,19,0
2025-02-26 06:30:00,0.89349,0.89397,0.8934,0.8939,716,19,0
2025-02-26 07:00:00,0.89391,0.89442,0.89391,0.89407,877,19,0
2025-02-26 07:30:00,0.89406,0.89459,0.89406,0.89456,942,19,0
2025-02-26 08:00:00,0.89457,0.8949,0.89444,0.89488,786,19,0
2025-02-26 08:30:00,0.89487,0.89501,0.89455,0.89497,811,19,0
2025-02-26 09:00:00,0.89498,0.89501,0.89418,0.89443,1032,19,0
2025-02-26 09:30:00,0.89445,0.89465,0.89394,0.89432,1228,19,0
2025-02-26 10:00:00,0.89433,0.89435,0.89351,0.89389,1377,19,0
2025-02-26 10:30:00,0.89388,0.89452,0.89366,0.8941,1428,19,0
2025-02-26 11:00:00,0.89411,0.89509,0.89401,0.89493,1259,19,0
2025-02-26 11:30:00,0.89494,0.89502,0.89442,0.89459,1055,19,0
2025-02-26 12:00:00,0.89458,0.89504,0.89432,0.89494,1271,19,0
2025-02-26 12:30:00,0.89496,0.89529,0.89448,0.89523,943,19,0
2025-02-26 13:00:00,0.89524,0.8958,0.89485,0.89556,931,19,0
2025-02-26 13:30:00,0.89557,0.89602,0.89528,0.89571,927,19,0
2025-02-26 14:00:00,0.8957,0.89581,0.89524,0.89563,1043,18,0
2025-02-26 14:30:00,0.89564,0.89636,0.89528,0.89624,1191,18,0
2025-02-26 15:00:00,0.89625,0.89629,0.89456,0.89483,1318,20,0
2025-02-26 15:30:00,0.89484,0.89511,0.89428,0.89477,1414,18,0
2025-02-26 16:00:00,0.89479,0.8952,0.89401,0.89401,1981,19,0
2025-02-26 16:30:00,0.89399,0.89476,0.89346,0.89443,2162,18,0
2025-02-26 17:00:00,0.89442,0.89588,0.89435,0.89473,2172,18,0
2025-02-26 17:30:00,0.89474,0.89485,0.89341,0.89355,2311,18,0
2025-02-26 18:00:00,0.89356,0.89399,0.89337,0.8935,1993,18,0
2025-02-26 18:30:00,0.89351,0.89362,0.89285,0.89299,1326,18,0
2025-02-26 19:00:00,0.89298,0.89359,0.89254,0.89257,1799,19,0
2025-02-26 19:30:00,0.89259,0.89441,0.89238,0.89408,3141,19,0
2025-02-26 20:00:00,0.89409,0.89409,0.89324,0.89327,1624,19,0
2025-02-26 20:30:00,0.89328,0.89373,0.89283,0.89361,1412,19,0
2025-02-26 21:00:00,0.89357,0.89399,0.89355,0.89396,1235,19,0
2025-02-26 21:30:00,0.89396,0.89408,0.89356,0.89373,984,19,0
2025-02-26 22:00:00,0.89374,0.89431,0.89372,0.89415,822,19,0
2025-02-26 22:30:00,0.89416,0.89421,0.89369,0.89403,742,19,0
2025-02-26 23:00:00,0.89405,0.89476,0.89388,0.89475,1019,22,0
2025-02-26 23:30:00,0.89476,0.89479,0.8944,0.8945,444,23,0
2025-02-27 00:00:00,0.89451,0.89454,0.8936,0.894,79,39,0
2025-02-27 00:30:00,0.89398,0.8942,0.89396,0.89404,150,87,0
2025-02-27 01:00:00,0.89402,0.89434,0.89377,0.8938,506,19,0
2025-02-27 01:30:00,0.89379,0.89438,0.89379,0.89438,777,19,0
2025-02-27 02:00:00,0.89439,0.89495,0.89438,0.89456,1036,19,0
2025-02-27 02:30:00,0.89458,0.89494,0.89446,0.8949,1021,19,0
2025-02-27 03:00:00,0.89489,0.89526,0.89485,0.89508,904,19,0
2025-02-27 03:30:00,0.89509,0.89515,0.89471,0.89503,982,19,0
2025-02-27 04:00:00,0.89504,0.89549,0.89493,0.89544,1006,19,0
2025-02-27 04:30:00,0.89542,0.89593,0.89526,0.89592,964,19,0
2025-02-27 05:00:00,0.89591,0.89611,0.89585,0.89595,632,19,0
2025-02-27 05:30:00,0.89594,0.89658,0.89591,0.89649,582,19,0
2025-02-27 06:00:00,0.89648,0.89664,0.89635,0.89663,621,19,0
2025-02-27 06:30:00,0.89662,0.8973,0.89658,0.89675,890,19,0
2025-02-27 07:00:00,0.89675,0.89702,0.89655,0.89696,1215,19,0
2025-02-27 07:30:00,0.89698,0.89702,0.89673,0.89692,1437,19,0
2025-02-27 08:00:00,0.89694,0.89694,0.89655,0.89667,1520,19,0
2025-02-27 08:30:00,0.89666,0.89672,0.89602,0.89607,1409,19,0
2025-02-27 09:00:00,0.89607,0.89627,0.89574,0.89605,979,19,0
2025-02-27 09:30:00,0.89607,0.89639,0.89601,0.8963,953,19,0
2025-02-27 10:00:00,0.89633,0.89739,0.89621,0.8972,1567,19,0
2025-02-27 10:30:00,0.89721,0.89749,0.89688,0.89704,1288,19,0
2025-02-27 11:00:00,0.89702,0.89711,0.89638,0.89688,1056,19,0
2025-02-27 11:30:00,0.89687,0.89773,0.89674,0.89744,1059,19,0
2025-02-27 12:00:00,0.89746,0.89832,0.89744,0.89829,1165,19,0
2025-02-27 12:30:00,0.8983,0.89862,0.89792,0.89797,903,19,0
2025-02-27 13:00:00,0.89795,0.89805,0.89738,0.898,873,19,0
2025-02-27 13:30:00,0.89798,0.89863,0.89751,0.89863,861,19,0
2025-02-27 14:00:00,0.8986,0.89885,0.8973,0.89764,1164,18,0
2025-02-27 14:30:00,0.89763,0.89773,0.89711,0.89768,1521,18,0
2025-02-27 15:00:00,0.89769,0.89788,0.89702,0.89706,1460,18,0
2025-02-27 15:30:00,0.89701,0.9001,0.89637,0.89989,5475,21,0
2025-02-27 16:00:00,0.8999,0.9002,0.89905,0.89981,3349,18,0
2025-02-27 16:30:00,0.89982,0.90047,0.89923,0.89927,3052,19,0
2025-02-27 17:00:00,0.89928,0.89942,0.89783,0.89794,2988,19,0
2025-02-27 17:30:00,0.89795,0.89952,0.89757,0.89909,2704,18,0
2025-02-27 18:00:00,0.89908,0.89959,0.899,0.89914,2173,18,0
2025-02-27 18:30:00,0.89913,0.89935,0.89795,0.89802,1503,18,0
2025-02-27 19:00:00,0.89801,0.89898,0.89796,0.89895,1170,19,0
2025-02-27 19:30:00,0.89894,0.89961,0.89889,0.89917,1147,19,0
2025-02-27 20:00:00,0.89916,0.89949,0.89881,0.89933,1025,19,0
2025-02-27 20:30:00,0.89934,0.89957,0.89905,0.89921,871,19,0
2025-02-27 21:00:00,0.89922,0.89934,0.8991,0.89919,680,19,0
2025-02-27 21:30:00,0.8992,0.89958,0.89914,0.89948,893,20,0
2025-02-27 22:00:00,0.89951,0.8996,0.89896,0.89939,965,19,0
2025-02-27 22:30:00,0.89939,0.89964,0.89906,0.89915,984,19,0
2025-02-27 23:00:00,0.89914,0.89962,0.89914,0.89945,634,22,0
2025-02-27 23:30:00,0.89946,0.89964,0.8994,0.89951,413,23,0
2025-02-28 00:00:00,0.8995,0.8995,0.89833,0.89924,41,42,0
2025-02-28 00:30:00,0.89925,0.89971,0.89924,0.8994,151,87,0
2025-02-28 01:00:00,0.8994,0.89986,0.89937,0.89948,864,19,0
2025-02-28 01:30:00,0.89952,0.90005,0.89951,0.89999,1150,19,0
2025-02-28 02:00:00,0.89997,0.90004,0.89885,0.89908,1212,19,0
2025-02-28 02:30:00,0.89907,0.8993,0.89835,0.89838,1132,19,0
2025-02-28 03:00:00,0.89839,0.89879,0.89816,0.89869,1255,19,0
2025-02-28 03:30:00,0.89868,0.89902,0.89826,0.89878,1464,19,0
2025-02-28 04:00:00,0.89879,0.89909,0.89858,0.89879,1266,19,0
2025-02-28 04:30:00,0.89878,0.89923,0.89872,0.89921,1136,19,0
2025-02-28 05:00:00,0.8992,0.89924,0.89894,0.89907,954,19,0
2025-02-28 05:30:00,0.89907,0.8991,0.89859,0.89887,847,19,0
2025-02-28 06:00:00,0.89886,0.89914,0.89873,0.89911,714,19,0
2025-02-28 06:30:00,0.89912,0.89935,0.89901,0.89905,827,19,0
2025-02-28 07:00:00,0.89903,0.89932,0.89892,0.89906,974,19,0
2025-02-28 07:30:00,0.89904,0.89928,0.89896,0.89921,880,19,0
2025-02-28 08:00:00,0.8992,0.89972,0.89915,0.89969,1080,19,0
2025-02-28 08:30:00,0.89969,0.89986,0.89939,0.89965,1098,19,0
2025-02-28 09:00:00,0.89958,0.9008,0.89956,0.90062,1124,19,0
2025-02-28 09:30:00,0.90062,0.90219,0.9006,0.90158,1659,19,0
2025-02-28 10:00:00,0.90157,0.90196,0.90068,0.90172,1457,19,0
2025-02-28 10:30:00,0.90173,0.90187,0.90088,0.90116,1250,19,0
2025-02-28 11:00:00,0.90115,0.90136,0.9004,0.90132,1318,19,0
2025-02-28 11:30:00,0.90131,0.90194,0.9011,0.90179,1084,19,0
2025-02-28 12:00:00,0.90184,0.90235,0.90172,0.90194,1181,19,0
2025-02-28 12:30:00,0.90195,0.90276,0.90191,0.90274,971,19,0
2025-02-28 13:00:00,0.90273,0.90306,0.90239,0.90271,911,19,0
2025-02-28 13:30:00,0.9027,0.90302,0.90254,0.90262,802,19,0
2025-02-28 14:00:00,0.90263,0.90263,0.90162,0.90167,825,18,0
2025-02-28 14:30:00,0.90166,0.90174,0.90111,0.90156,976,19,0
2025-02-28 15:00:00,0.90155,0.90226,0.90142,0.90191,1502,21,0
2025-02-28 15:30:00,0.90182,0.90253,0.90158,0.90195,2532,18,0
2025-02-28 16:00:00,0.90194,0.90284,0.90169,0.90215,1703,18,0
2025-02-28 16:30:00,0.90217,0.90293,0.90136,0.9024,2390,19,0
2025-02-28 17:00:00,0.90241,0.90263,0.90175,0.90205,2431,18,0
2025-02-28 17:30:00,0.90206,0.90268,0.90128,0.90215,2805,18,0
2025-02-28 18:00:00,0.90216,0.90262,0.90123,0.90166,2680,18,0
2025-02-28 18:30:00,0.90165,0.90239,0.90131,0.90181,2134,18,0
2025-02-28 19:00:00,0.9018,0.9019,0.90088,0.90118,1598,19,0
2025-02-28 19:30:00,0.90117,0.90197,0.90117,0.90181,1329,19,0
2025-02-28 20:00:00,0.9018,0.90272,0.9015,0.90261,2547,19,0
2025-02-28 20:30:00,0.9026,0.90311,0.90201,0.90305,1849,19,0
2025-02-28 21:00:00,0.90303,0.90347,0.9028,0.90318,1398,19,0
2025-02-28 21:30:00,0.90319,0.90342,0.90284,0.90338,1086,19,0
2025-02-28 22:00:00,0.90337,0.90351,0.90322,0.90348,1164,19,0
2025-02-28 22:30:00,0.90348,0.90351,0.90264,0.90274,1242,19,0
2025-02-28 23:00:00,0.90272,0.9032,0.90264,0.90308,980,22,0
2025-02-28 23:30:00,0.90309,0.90326,0.90269,0.90301,592,23,0
2025-03-03 00:00:00,0.90184,0.90249,0.90184,0.90225,114,120,0
2025-03-03 00:30:00,0.90223,0.90249,0.90219,0.90222,471,101,0
2025-03-03 01:00:00,0.90223,0.90286,0.90205,0.9025,1460,19,0
2025-03-03 01:30:00,0.90248,0.90292,0.90232,0.90255,1212,19,0
2025-03-03 02:00:00,0.90257,0.90293,0.90217,0.90226,1587,19,0
2025-03-03 02:30:00,0.90226,0.90227,0.90182,0.90215,1591,19,0
2025-03-03 03:00:00,0.90215,0.90249,0.90199,0.90244,1436,19,0
2025-03-03 03:30:00,0.90243,0.90251,0.90183,0.90196,1297,19,0
2025-03-03 04:00:00,0.90195,0.9021,0.90144,0.90173,1088,19,0
2025-03-03 04:30:00,0.90174,0.90184,0.90146,0.90157,1051,19,0
2025-03-03 05:00:00,0.90157,0.90186,0.90151,0.90157,1309,19,0
2025-03-03 05:30:00,0.90156,0.90182,0.90144,0.90164,982,19,0
2025-03-03 06:00:00,0.90165,0.90169,0.90144,0.90159,849,19,0
2025-03-03 06:30:00,0.90158,0.90165,0.90141,0.9015,766,19,0
2025-03-03 07:00:00,0.9015,0.90181,0.9015,0.90174,784,19,0
2025-03-03 07:30:00,0.90174,0.90217,0.90162,0.90196,710,19,0
2025-03-03 08:00:00,0.90194,0.90203,0.90176,0.902,1102,19,0
2025-03-03 08:30:00,0.90199,0.90254,0.90194,0.90223,954,19,0
2025-03-03 09:00:00,0.90222,0.90304,0.90208,0.90225,1173,19,0
2025-03-03 09:30:00,0.90224,0.90228,0.90151,0.90157,1258,19,0
2025-03-03 10:00:00,0.90156,0.90168,0.90115,0.90157,1481,19,0
2025-03-03 10:30:00,0.90155,0.90177,0.90107,0.90108,1144,19,0
2025-03-03 11:00:00,0.90107,0.90113,0.90021,0.90076,1164,19,0
2025-03-03 11:30:00,0.9008,0.9012,0.9007,0.90071,1018,19,0
2025-03-03 12:00:00,0.90072,0.90088,0.9001,0.90086,1506,19,0
2025-03-03 12:30:00,0.90086,0.90159,0.90086,0.90155,1187,19,0
2025-03-03 13:00:00,0.90156,0.90165,0.9011,0.90113,1224,19,0
2025-03-03 13:30:00,0.90114,0.90162,0.90061,0.90148,1429,19,0
2025-03-03 14:00:00,0.90149,0.90167,0.90085,0.90086,1740,18,0
2025-03-03 14:30:00,0.90086,0.90094,0.90016,0.90059,1160,18,0
2025-03-03 15:00:00,0.90058,0.90088,0.89985,0.90001,1595,18,0
2025-03-03 15:30:00,0.9,0.90009,0.89948,0.89973,1589,18,0
2025-03-03 16:00:00,0.89974,0.89974,0.89843,0.89867,1643,20,0
2025-03-03 16:30:00,0.89866,0.89878,0.89796,0.89832,2139,20,0
2025-03-03 17:00:00,0.89831,0.89867,0.89695,0.89714,3542,18,0
2025-03-03 17:30:00,0.89713,0.89838,0.89701,0.89827,2704,18,0
2025-03-03 18:00:00,0.89827,0.89843,0.89741,0.89741,1956,18,0
2025-03-03 18:30:00,0.89742,0.89753,0.89685,0.89712,1449,18,0
2025-03-03 19:00:00,0.89713,0.89737,0.89676,0.89694,1177,19,0
2025-03-03 19:30:00,0.89693,0.89737,0.89666,0.89671,1126,19,0
2025-03-03 20:00:00,0.89672,0.89691,0.89631,0.89664,1088,19,0
2025-03-03 20:30:00,0.89665,0.89721,0.896,0.89714,1818,19,0
2025-03-03 21:00:00,0.89713,0.89724,0.89695,0.89709,1131,19,0
2025-03-03 21:30:00,0.8971,0.89774,0.89692,0.89739,2210,19,0
2025-03-03 22:00:00,0.89742,0.89767,0.89595,0.89624,2940,19,0
2025-03-03 22:30:00,0.89623,0.89672,0.89615,0.89639,2014,19,0
2025-03-03 23:00:00,0.89638,0.89655,0.89625,0.89643,827,19,0
2025-03-03 23:30:00,0.89642,0.89726,0.89632,0.89726,775,23,0
2025-03-04 00:00:00,0.89607,0.89648,0.89607,0.89626,217,87,0
2025-03-04 00:30:00,0.89624,0.89646,0.89623,0.89636,246,87,0
2025-03-04 01:00:00,0.89638,0.89693,0.89625,0.8966,1005,19,0
2025-03-04 01:30:00,0.8966,0.89691,0.89639,0.89675,1445,19,0
2025-03-04 02:00:00,0.89676,0.89707,0.89643,0.8967,1443,19,0
2025-03-04 02:30:00,0.8967,0.89699,0.8961,0.89618,1557,19,0
2025-03-04 03:00:00,0.89618,0.89631,0.89457,0.89465,1823,19,0
2025-03-04 03:30:00,0.89466,0.89585,0.89448,0.89574,1994,19,0
2025-03-04 04:00:00,0.89573,0.89632,0.89561,0.89606,1340,19,0
2025-03-04 04:30:00,0.89607,0.89643,0.89593,0.89636,988,19,0
2025-03-04 05:00:00,0.89636,0.89646,0.89572,0.89591,1269,19,0
2025-03-04 05:30:00,0.89592,0.8966,0.89589,0.89651,1114,19,0
2025-03-04 06:00:00,0.89652,0.89668,0.89598,0.89611,1145,19,0
2025-03-04 06:30:00,0.89612,0.89618,0.89571,0.8958,878,19,0
2025-03-04 07:00:00,0.89579,0.89609,0.89569,0.89604,1691,19,0
2025-03-04 07:30:00,0.89603,0.89614,0.89561,0.89587,871,19,0
2025-03-04 08:00:00,0.89588,0.89591,0.89545,0.8955,957,19,0
2025-03-04 08:30:00,0.89549,0.89577,0.89537,0.8955,1013,19,0
2025-03-04 09:00:00,0.89531,0.89537,0.89416,0.89478,1633,19,0
2025-03-04 09:30:00,0.89476,0.89589,0.89453,0.89502,1907,19,0
2025-03-04 10:00:00,0.89503,0.89504,0.89243,0.89243,2634,19,0
2025-03-04 10:30:00,0.89248,0.89324,0.89152,0.89219,2666,19,0
2025-03-04 11:00:00,0.89218,0.89255,0.89107,0.89122,1957,19,0
2025-03-04 11:30:00,0.89119,0.89149,0.8904,0.89138,1768,19,0
2025-03-04 12:00:00,0.8914,0.89199,0.8913,0.89165,1983,19,0
2025-03-04 12:30:00,0.89166,0.89176,0.89092,0.89149,1690,19,0
2025-03-04 13:00:00,0.8915,0.89177,0.8908,0.89082,1268,19,0
2025-03-04 13:30:00,0.89082,0.8909,0.88954,0.88957,1884,19,0
2025-03-04 14:00:00,0.88952,0.88952,0.88778,0.88781,2080,18,0
2025-03-04 14:30:00,0.88778,0.88844,0.88714,0.88742,2220,18,0
2025-03-04 15:00:00,0.88743,0.88999,0.88707,0.88951,2473,18,0
2025-03-04 15:30:00,0.8895,0.89057,0.88875,0.88895,2441,18,0
2025-03-04 16:00:00,0.88893,0.89123,0.88855,0.89044,3102,18,0
2025-03-04 16:30:00,0.89043,0.89102,0.88968,0.88978,3714,18,0
2025-03-04 17:00:00,0.88974,0.89051,0.88856,0.89005,3941,18,0
2025-03-04 17:30:00,0.89004,0.89116,0.88995,0.89028,3298,18,0
2025-03-04 18:00:00,0.89029,0.89042,0.88951,0.88993,2657,18,0
2025-03-04 18:30:00,0.88991,0.8904,0.88964,0.88994,2413,18,0
2025-03-04 19:00:00,0.88995,0.88998,0.8893,0.88998,1868,19,0
2025-03-04 19:30:00,0.88999,0.89047,0.88945,0.88972,2009,19,0
2025-03-04 20:00:00,0.88973,0.89002,0.88896,0.88914,2773,19,0
2025-03-04 20:30:00,0.88913,0.88931,0.88828,0.88867,1910,19,0
2025-03-04 21:00:00,0.88868,0.8894,0.88813,0.8883,2006,19,0
2025-03-04 21:30:00,0.88829,0.88927,0.888,0.88896,1494,19,0
2025-03-04 22:00:00,0.88892,0.88932,0.88868,0.88897,1496,19,0
2025-03-04 22:30:00,0.88899,0.88927,0.88806,0.88849,1900,19,0
2025-03-04 23:00:00,0.88849,0.88935,0.88806,0.88892,1709,19,0
2025-03-04 23:30:00,0.88887,0.88951,0.88879,0.88931,1171,23,0
2025-03-05 00:00:00,0.88828,0.88927,0.88828,0.88883,179,87,0
2025-03-05 00:30:00,0.88884,0.88908,0.88864,0.88896,741,108,0
2025-03-05 01:00:00,0.88891,0.89025,0.8888,0.88997,1075,19,0
2025-03-05 01:30:00,0.88996,0.89003,0.88946,0.88986,906,19,0
2025-03-05 02:00:00,0.88984,0.89028,0.88964,0.89002,1386,19,0
2025-03-05 02:30:00,0.89003,0.89008,0.88964,0.89005,1266,19,0
2025-03-05 03:00:00,0.89004,0.89082,0.88976,0.89062,1787,19,0
2025-03-05 03:30:00,0.89059,0.8909,0.89005,0.89078,1999,19,0
2025-03-05 04:00:00,0.89076,0.89095,0.89022,0.89079,1469,19,0
2025-03-05 04:30:00,0.8908,0.89116,0.89072,0.891,1284,19,0
2025-03-05 05:00:00,0.89102,0.89115,0.89081,0.89089,1169,19,0
2025-03-05 05:30:00,0.89087,0.89122,0.89073,0.89075,1345,19,0
2025-03-05 06:00:00,0.89074,0.89078,0.89026,0.89066,857,19,0
2025-03-05 06:30:00,0.89066,0.89079,0.89034,0.89071,807,19,0
2025-03-05 07:00:00,0.89068,0.89068,0.89002,0.89003,868,19,0
2025-03-05 07:30:00,0.89001,0.8901,0.88942,0.88944,839,19,0
2025-03-05 08:00:00,0.88943,0.88945,0.88897,0.88929,1298,19,0
2025-03-05 08:30:00,0.8893,0.88962,0.8889,0.88898,1006,19,0
2025-03-05 09:00:00,0.88899,0.88975,0.88863,0.88913,1646,19,0
2025-03-05 09:30:00,0.88896,0.88896,0.88703,0.88761,2475,19,0
2025-03-05 10:00:00,0.88762,0.88848,0.88757,0.88829,2296,19,0
2025-03-05 10:30:00,0.8883,0.88865,0.88638,0.88664,2039,19,0
2025-03-05 11:00:00,0.88663,0.88669,0.88579,0.88624,2101,19,0
2025-03-05 11:30:00,0.88623,0.88636,0.88551,0.88565,1778,19,0
2025-03-05 12:00:00,0.88567,0.88681,0.88559,0.88668,1614,19,0
2025-03-05 12:30:00,0.88668,0.88743,0.8865,0.88678,1350,19,0
2025-03-05 13:00:00,0.88675,0.88908,0.88671,0.88894,1357,19,0
2025-03-05 13:30:00,0.88898,0.88927,0.88844,0.88905,1489,19,0
2025-03-05 14:00:00,0.88906,0.88915,0.8879,0.88827,1655,20,0
2025-03-05 14:30:00,0.88827,0.88955,0.88821,0.88955,1819,18,0
2025-03-05 15:00:00,0.88956,0.88996,0.88773,0.88798,3270,18,0
2025-03-05 15:30:00,0.88801,0.88808,0.88674,0.88807,3034,18,0
2025-03-05 16:00:00,0.88808,0.88909,0.88748,0.88851,2889,18,0
2025-03-05 16:30:00,0.8885,0.88914,0.88696,0.88772,4067,19,0
2025-03-05 17:00:00,0.88785,0.89029,0.8876,0.88787,4658,18,0
2025-03-05 17:30:00,0.88785,0.88908,0.88781,0.8884,3544,18,0
2025-03-05 18:00:00,0.88839,0.88871,0.88752,0.88785,3277,18,0
2025-03-05 18:30:00,0.88784,0.89051,0.88743,0.88989,2953,19,0
2025-03-05 19:00:00,0.8899,0.89082,0.88945,0.89067,3049,19,0
2025-03-05 19:30:00,0.89066,0.89113,0.89041,0.89069,2012,19,0
2025-03-05 20:00:00,0.89068,0.89123,0.89029,0.8911,2384,19,0
2025-03-05 20:30:00,0.89109,0.89113,0.89028,0.89051,1411,19,0
2025-03-05 21:00:00,0.8905,0.89131,0.89041,0.89109,1307,19,0
2025-03-05 21:30:00,0.89107,0.89112,0.89023,0.89034,1076,19,0
2025-03-05 22:00:00,0.89032,0.89136,0.89023,0.89112,965,19,0
2025-03-05 22:30:00,0.89111,0.89111,0.89028,0.89058,930,19,0
2025-03-05 23:00:00,0.89057,0.89115,0.89052,0.8911,631,19,0
2025-03-05 23:30:00,0.8911,0.89121,0.89023,0.89042,1034,23,0
2025-03-06 00:00:00,0.89068,0.89068,0.88986,0.88992,46,87,0
2025-03-06 00:30:00,0.88993,0.89035,0.88987,0.89035,341,87,0
2025-03-06 01:00:00,0.89067,0.89084,0.89025,0.89063,720,19,0
2025-03-06 01:30:00,0.89063,0.89083,0.89055,0.89066,720,19,0
2025-03-06 02:00:00,0.89067,0.89132,0.89059,0.8908,1155,19,0
2025-03-06 02:30:00,0.89082,0.89097,0.89042,0.8906,1303,19,0
2025-03-06 03:00:00,0.8906,0.89118,0.89042,0.89049,1382,19,0
2025-03-06 03:30:00,0.89047,0.89081,0.88939,0.89023,1561,19,0
2025-03-06 04:00:00,0.89024,0.89134,0.89013,0.89098,1583,19,0
2025-03-06 04:30:00,0.89096,0.89153,0.89095,0.89148,1372,19,0
2025-03-06 05:00:00,0.89147,0.8923,0.89138,0.89212,1276,19,0
2025-03-06 05:30:00,0.89211,0.89233,0.8919,0.89229,1001,19,0
2025-03-06 06:00:00,0.89228,0.89249,0.89176,0.8919,940,19,0
2025-03-06 06:30:00,0.89191,0.89192,0.89067,0.89071,1031,19,0
2025-03-06 07:00:00,0.8907,0.89164,0.89067,0.89113,1256,19,0
2025-03-06 07:30:00,0.89112,0.89157,0.89069,0.89069,1257,19,0
2025-03-06 08:00:00,0.89065,0.8909,0.88956,0.89078,2072,19,0
2025-03-06 08:30:00,0.8908,0.89119,0.8898,0.88996,1236,19,0
2025-03-06 09:00:00,0.89004,0.89019,0.88936,0.88945,1813,19,0
2025-03-06 09:30:00,0.88942,0.88984,0.88754,0.889,2464,19,0
2025-03-06 10:00:00,0.88901,0.88974,0.88689,0.88712,3467,19,0
2025-03-06 10:30:00,0.88711,0.88831,0.88669,0.8881,2696,19,0
2025-03-06 11:00:00,0.88808,0.8883,0.88666,0.88687,2397,19,0
2025-03-06 11:30:00,0.88689,0.88746,0.88566,0.88594,1908,19,0
2025-03-06 12:00:00,0.88597,0.88805,0.88528,0.88791,1899,19,0
2025-03-06 12:30:00,0.88795,0.88795,0.88665,0.8867,1295,19,0
2025-03-06 13:00:00,0.88671,0.88688,0.88604,0.88635,1388,19,0
2025-03-06 13:30:00,0.88635,0.88667,0.88511,0.8852,1269,19,0
2025-03-06 14:00:00,0.88521,0.88558,0.88488,0.88537,1584,18,0
2025-03-06 14:30:00,0.88537,0.88714,0.88537,0.88668,2039,18,0
2025-03-06 15:00:00,0.88667,0.88686,0.88479,0.88519,3733,18,0
2025-03-06 15:30:00,0.88535,0.88638,0.88446,0.88473,3910,18,0
2025-03-06 16:00:00,0.88474,0.88497,0.88385,0.88449,4137,18,0
2025-03-06 16:30:00,0.88449,0.88471,0.88266,0.88294,3928,18,0
2025-03-06 17:00:00,0.88296,0.88605,0.88275,0.88585,4221,18,0
2025-03-06 17:30:00,0.88584,0.88686,0.88521,0.88592,3212,18,0
2025-03-06 18:00:00,0.88593,0.88609,0.88415,0.88446,2742,18,0
2025-03-06 18:30:00,0.8845,0.88484,0.88378,0.88406,2895,18,0
2025-03-06 19:00:00,0.88409,0.8841,0.88284,0.88334,2131,19,0
2025-03-06 19:30:00,0.88334,0.88461,0.8833,0.8844,1887,19,0
2025-03-06 20:00:00,0.88442,0.88444,0.8827,0.88304,1633,19,0
2025-03-06 20:30:00,0.88305,0.88395,0.88296,0.88353,1533,19,0
2025-03-06 21:00:00,0.88352,0.88353,0.88285,0.88293,1155,19,0
2025-03-06 21:30:00,0.88294,0.88307,0.88242,0.88255,1327,19,0
2025-03-06 22:00:00,0.88255,0.88307,0.88248,0.88286,975,19,0
2025-03-06 22:30:00,0.88285,0.88331,0.88265,0.88322,969,19,0
2025-03-06 23:00:00,0.88323,0.8841,0.88313,0.8836,463,21,0
2025-03-06 23:30:00,0.88361,0.88374,0.88333,0.88369,625,23,0
2025-03-07 00:00:00,0.88344,0.88364,0.88287,0.88312,220,87,0
2025-03-07 00:30:00,0.88311,0.8832,0.88285,0.88297,414,87,0
2025-03-07 01:00:00,0.88299,0.88339,0.88282,0.88318,919,19,0
2025-03-07 01:30:00,0.88318,0.88352,0.88304,0.88329,963,19,0
2025-03-07 02:00:00,0.88328,0.88333,0.8823,0.88237,1221,19,0
2025-03-07 02:30:00,0.88234,0.88252,0.88217,0.88233,1108,19,0
2025-03-07 03:00:00,0.88236,0.88306,0.88204,0.88302,1186,19,0
2025-03-07 03:30:00,0.88305,0.88309,0.88242,0.88266,1099,19,0
2025-03-07 04:00:00,0.88267,0.88288,0.88217,0.88239,974,19,0
2025-03-07 04:30:00,0.88238,0.88258,0.88216,0.88233,1016,19,0
2025-03-07 05:00:00,0.88234,0.88236,0.8816,0.8816,1019,19,0
2025-03-07 05:30:00,0.88161,0.88223,0.88133,0.88216,956,19,0
2025-03-07 06:00:00,0.88217,0.88248,0.88194,0.88229,760,19,0
2025-03-07 06:30:00,0.8823,0.88233,0.88204,0.88209,719,19,0
2025-03-07 07:00:00,0.8821,0.88239,0.882,0.8823,805,19,0
2025-03-07 07:30:00,0.88232,0.88232,0.88127,0.88131,857,19,0
2025-03-07 08:00:00,0.88131,0.88184,0.88111,0.88171,1164,19,0
2025-03-07 08:30:00,0.88172,0.88176,0.88101,0.88123,1031,19,0
2025-03-07 09:00:00,0.88123,0.88145,0.88059,0.88068,1313,19,0
2025-03-07 09:30:00,0.88065,0.88065,0.87935,0.88037,1358,19,0
2025-03-07 10:00:00,0.88038,0.88076,0.87874,0.87908,1667,19,0
2025-03-07 10:30:00,0.87906,0.87906,0.87743,0.87775,1678,19,0
2025-03-07 11:00:00,0.87774,0.87828,0.87659,0.87747,1816,19,0
2025-03-07 11:30:00,0.87744,0.87869,0.87694,0.87847,1201,19,0
2025-03-07 12:00:00,0.87846,0.8787,0.87767,0.87799,1284,19,0
2025-03-07 12:30:00,0.878,0.87835,0.87772,0.87799,1135,19,0
2025-03-07 13:00:00,0.87804,0.87926,0.87803,0.87912,1128,19,0
2025-03-07 13:30:00,0.87913,0.87953,0.87912,0.87943,1109,19,0
2025-03-07 14:00:00,0.87944,0.88006,0.87916,0.88004,1485,18,0
2025-03-07 14:30:00,0.88005,0.88013,0.87929,0.87989,1500,18,0
2025-03-07 15:00:00,0.8799,0.88071,0.87971,0.87984,2254,18,0
2025-03-07 15:30:00,0.87986,0.88184,0.87841,0.87911,6470,18,0
2025-03-07 16:00:00,0.87912,0.87929,0.87691,0.87705,3982,18,0
2025-03-07 16:30:00,0.87706,0.87972,0.87691,0.87913,3888,18,0
2025-03-07 17:00:00,0.87912,0.88022,0.87869,0.87938,3454,18,0
2025-03-07 17:30:00,0.8794,0.87979,0.87807,0.87876,4503,18,0
2025-03-07 18:00:00,0.87877,0.87934,0.87742,0.87826,3143,18,0
2025-03-07 18:30:00,0.87831,0.87864,0.87689,0.87727,2327,18,0
2025-03-07 19:00:00,0.8773,0.8784,0.8767,0.8784,2288,19,0
2025-03-07 19:30:00,0.87839,0.87991,0.87834,0.87896,2172,19,0
2025-03-07 20:00:00,0.87898,0.88098,0.87891,0.88,1891,19,0
2025-03-07 20:30:00,0.88001,0.88068,0.87978,0.8801,1397,19,0
2025-03-07 21:00:00,0.88009,0.88073,0.87993,0.88049,1218,19,0
2025-03-07 21:30:00,0.8805,0.88055,0.87939,0.87991,1325,19,0
2025-03-07 22:00:00,0.87995,0.88018,0.87942,0.87947,921,19,0
2025-03-07 22:30:00,0.87946,0.8801,0.87929,0.87975,838,19,0
2025-03-07 23:00:00,0.87974,0.87994,0.87935,0.87986,399,22,0
2025-03-07 23:30:00,0.87989,0.88007,0.8794,0.87961,548,23,0
2025-03-10 00:00:00,0.87879,0.87951,0.87787,0.87832,1609,19,0
2025-03-10 00:30:00,0.87833,0.87844,0.87778,0.87781,821,19,0
2025-03-10 01:00:00,0.87781,0.87786,0.87662,0.8773,1128,19,0
2025-03-10 01:30:00,0.87732,0.87764,0.87718,0.87722,930,19,0
2025-03-10 02:00:00,0.87721,0.8778,0.87687,0.87708,1414,19,0
2025-03-10 02:30:00,0.87706,0.87717,0.87642,0.87679,1276,19,0
2025-03-10 03:00:00,0.87678,0.87704,0.87647,0.8769,1367,19,0
2025-03-10 03:30:00,0.8769,0.87807,0.8769,0.87807,1117,19,0
2025-03-10 04:00:00,0.87806,0.8784,0.87791,0.87817,1048,19,0
2025-03-10 04:30:00,0.87816,0.87873,0.87814,0.87863,816,19,0
2025-03-10 05:00:00,0.87864,0.8789,0.87855,0.87861,900,19,0
2025-03-10 05:30:00,0.8786,0.87877,0.87837,0.87864,769,19,0
2025-03-10 06:00:00,0.87862,0.87867,0.87835,0.87849,568,19,0
2025-03-10 06:30:00,0.8785,0.87872,0.87845,0.87869,501,19,0
2025-03-10 07:00:00,0.8787,0.87905,0.87866,0.87887,870,19,0
2025-03-10 07:30:00,0.87888,0.8789,0.8782,0.87821,865,19,0
2025-03-10 08:00:00,0.87823,0.87827,0.87786,0.87815,1007,19,0
2025-03-10 08:30:00,0.87815,0.87876,0.8781,0.87858,771,19,0
2025-03-10 09:00:00,0.87857,0.87905,0.8784,0.87868,1102,19,0
2025-03-10 09:30:00,0.87869,0.87988,0.87841,0.87969,1456,19,0
2025-03-10 10:00:00,0.87968,0.88023,0.87876,0.87903,1959,19,0
2025-03-10 10:30:00,0.87902,0.87926,0.87812,0.87863,1770,19,0
2025-03-10 11:00:00,0.87863,0.87872,0.87728,0.87744,1752,19,0
2025-03-10 11:30:00,0.87744,0.87798,0.87673,0.87704,1439,19,0
2025-03-10 12:00:00,0.87704,0.87714,0.87612,0.87646,1646,19,0
2025-03-10 12:30:00,0.87647,0.87748,0.87641,0.87677,1411,19,0
2025-03-10 13:00:00,0.87679,0.87807,0.87677,0.87692,3074,18,0
2025-03-10 13:30:00,0.87691,0.87737,0.87609,0.87661,1541,18,0
2025-03-10 14:00:00,0.87662,0.87698,0.87605,0.87614,2016,18,0
2025-03-10 14:30:00,0.87615,0.87709,0.87571,0.877,2269,18,0
2025-03-10 15:00:00,0.87698,0.87739,0.87661,0.8771,1932,18,0
2025-03-10 15:30:00,0.8771,0.87883,0.87692,0.87853,2649,18,0
2025-03-10 16:00:00,0.87854,0.87878,0.87764,0.87826,2820,18,0
2025-03-10 16:30:00,0.87827,0.87852,0.87738,0.87779,2657,18,0
2025-03-10 17:00:00,0.87779,0.87999,0.87754,0.87975,2348,18,0
2025-03-10 17:30:00,0.87973,0.88154,0.87966,0.88116,2510,18,0
2025-03-10 18:00:00,0.88115,0.8813,0.88034,0.88129,1660,19,0
2025-03-10 18:30:00,0.88128,0.88183,0.88106,0.88158,1334,19,0
2025-03-10 19:00:00,0.88157,0.88157,0.88051,0.88096,1328,19,0
2025-03-10 19:30:00,0.88095,0.88156,0.88067,0.88124,1170,19,0
2025-03-10 20:00:00,0.88125,0.88208,0.88116,0.88199,1439,19,0
2025-03-10 20:30:00,0.88198,0.88204,0.88108,0.88118,1090,19,0
2025-03-10 21:00:00,0.88117,0.88145,0.88074,0.88137,1284,19,0
2025-03-10 21:30:00,0.88138,0.88197,0.88123,0.88134,1254,19,0
2025-03-10 22:00:00,0.88132,0.8815,0.88111,0.88141,410,19,0
2025-03-10 22:30:00,0.88142,0.88146,0.88058,0.8807,521,23,0
2025-03-10 23:00:00,0.8809,0.881,0.87986,0.88022,127,87,0
2025-03-10 23:30:00,0.88018,0.88043,0.88018,0.88029,156,87,0
2025-03-11 00:00:00,0.88033,0.88087,0.88029,0.88049,510,19,0
2025-03-11 00:30:00,0.88052,0.88076,0.88051,0.88058,596,19,0
2025-03-11 01:00:00,0.88056,0.88056,0.87971,0.87994,853,19,0
2025-03-11 01:30:00,0.87995,0.88008,0.87969,0.87992,1140,19,0
2025-03-11 02:00:00,0.87993,0.88013,0.87889,0.87892,1571,19,0
2025-03-11 02:30:00,0.87892,0.87906,0.8777,0.87806,1711,19,0
2025-03-11 03:00:00,0.87805,0.87832,0.87737,0.87784,1693,19,0
2025-03-11 03:30:00,0.87785,0.87829,0.87719,0.87739,1629,19,0
2025-03-11 04:00:00,0.87739,0.87892,0.8773,0.87855,1656,19,0
2025-03-11 04:30:00,0.87856,0.87888,0.8783,0.87843,1202,19,0
2025-03-11 05:00:00,0.87845,0.87957,0.8784,0.87955,1282,19,0
2025-03-11 05:30:00,0.87955,0.87959,0.87906,0.87913,708,19,0
2025-03-11 06:00:00,0.87914,0.87922,0.87887,0.87888,748,19,0
2025-03-11 06:30:00,0.87888,0.87912,0.87856,0.87887,768,19,0
2025-03-11 07:00:00,0.87888,0.87971,0.8787,0.87941,937,19,0
2025-03-11 07:30:00,0.8794,0.88003,0.87932,0.87987,866,19,0
2025-03-11 08:00:00,0.87986,0.88045,0.8796,0.87997,1587,19,0
2025-03-11 08:30:00,0.87996,0.88008,0.87967,0.87994,1372,19,0
2025-03-11 09:00:00,0.87999,0.88019,0.87934,0.88009,1640,19,0
2025-03-11 09:30:00,0.8801,0.88012,0.87789,0.87874,1923,19,0
2025-03-11 10:00:00,0.87874,0.87987,0.87858,0.87964,2197,19,0
2025-03-11 10:30:00,0.87965,0.88104,0.87964,0.88038,1828,19,0
2025-03-11 11:00:00,0.88037,0.88135,0.88028,0.88129,1521,19,0
2025-03-11 11:30:00,0.8813,0.88137,0.88025,0.88108,1526,19,0
2025-03-11 12:00:00,0.88112,0.88226,0.88093,0.88219,1496,19,0
2025-03-11 12:30:00,0.88216,0.88249,0.88151,0.88198,1166,19,0
2025-03-11 13:00:00,0.88197,0.88234,0.88148,0.88212,1436,18,0
2025-03-11 13:30:00,0.88214,0.8824,0.88157,0.8818,1383,18,0
2025-03-11 14:00:00,0.88183,0.88195,0.88062,0.88096,1754,18,0
2025-03-11 14:30:00,0.88095,0.881,0.87972,0.88037,1942,18,0
2025-03-11 15:00:00,0.88038,0.88082,0.87957,0.87962,2393,18,0
2025-03-11 15:30:00,0.87959,0.88042,0.87902,0.87979,3645,18,0
2025-03-11 16:00:00,0.87972,0.88151,0.8786,0.8792,5358,18,0
2025-03-11 16:30:00,0.87921,0.88009,0.8788,0.87918,4004,18,0
2025-03-11 17:00:00,0.87909,0.88034,0.87888,0.87967,3776,18,0
2025-03-11 17:30:00,0.87965,0.88043,0.87964,0.87991,3114,18,0
2025-03-11 18:00:00,0.87989,0.88085,0.87966,0.88057,2095,19,0
2025-03-11 18:30:00,0.8806,0.8812,0.88035,0.88095,1758,19,0
2025-03-11 19:00:00,0.88094,0.88111,0.87988,0.87995,1832,19,0
2025-03-11 19:30:00,0.87994,0.88059,0.8799,0.88,1478,19,0
2025-03-11 20:00:00,0.87996,0.88138,0.8799,0.88099,2196,19,0
2025-03-11 20:30:00,0.88098,0.88244,0.88064,0.88222,2185,19,0
2025-03-11 21:00:00,0.88221,0.88234,0.88157,0.8817,1951,19,0
2025-03-11 21:30:00,0.88169,0.88218,0.8814,0.88203,1443,19,0
2025-03-11 22:00:00,0.88202,0.88309,0.882,0.88309,507,19,0
2025-03-11 22:30:00,0.8831,0.88343,0.88245,0.8825,474,23,0
2025-03-11 23:00:00,0.88223,0.88261,0.88183,0.88238,194,87,0
2025-03-11 23:30:00,0.88227,0.88242,0.8822,0.88241,107,71,0
2025-03-12 00:00:00,0.88241,0.8828,0.88236,0.88272,410,19,0
2025-03-12 00:30:00,0.88275,0.88308,0.88269,0.88294,307,19,0
2025-03-12 01:00:00,0.88295,0.88307,0.88263,0.88291,464,19,0
2025-03-12 01:30:00,0.88288,0.88349,0.88283,0.88329,565,19,0
2025-03-12 02:00:00,0.88328,0.88355,0.88314,0.88342,1068,19,0
2025-03-12 02:30:00,0.88342,0.88351,0.88318,0.88347,730,19,0
2025-03-12 03:00:00,0.88348,0.88351,0.8828,0.88285,775,19,0
2025-03-12 03:30:00,0.88284,0.88334,0.88271,0.8833,859,19,0
2025-03-12 04:00:00,0.88329,0.88331,0.88294,0.88319,758,19,0
2025-03-12 04:30:00,0.88318,0.8835,0.88307,0.88348,572,19,0
2025-03-12 05:00:00,0.88348,0.88352,0.88331,0.88337,526,19,0
2025-03-12 05:30:00,0.88338,0.88375,0.88338,0.88362,521,19,0
2025-03-12 06:00:00,0.88361,0.8839,0.88344,0.8836,576,19,0
2025-03-12 06:30:00,0.88361,0.88379,0.88342,0.88358,492,19,0
2025-03-12 07:00:00,0.88359,0.88393,0.88358,0.88383,668,19,0
2025-03-12 07:30:00,0.88382,0.88386,0.88333,0.88338,654,19,0
2025-03-12 08:00:00,0.88337,0.88347,0.88289,0.88337,643,19,0
2025-03-12 08:30:00,0.88338,0.88346,0.8829,0.88311,804,19,0
2025-03-12 09:00:00,0.88312,0.88313,0.88201,0.88224,1228,19,0
2025-03-12 09:30:00,0.88225,0.88314,0.88214,0.88268,1115,19,0
2025-03-12 10:00:00,0.88267,0.88292,0.88138,0.88192,1709,19,0
2025-03-12 10:30:00,0.88192,0.88256,0.88149,0.88163,1446,19,0
2025-03-12 11:00:00,0.88162,0.88292,0.88146,0.88261,1157,19,0
2025-03-12 11:30:00,0.8826,0.88382,0.88259,0.88352,1027,19,0
2025-03-12 12:00:00,0.88354,0.88367,0.8828,0.88291,862,19,0
2025-03-12 12:30:00,0.88295,0.88304,0.88214,0.88215,812,19,0
2025-03-12 13:00:00,0.88216,0.88244,0.88197,0.88204,933,18,0
2025-03-12 13:30:00,0.88205,0.88259,0.8817,0.88246,1014,18,0
2025-03-12 14:00:00,0.88247,0.88301,0.88215,0.88259,1644,18,0
2025-03-12 14:30:00,0.88258,0.88397,0.87971,0.8836,5941,18,0
2025-03-12 15:00:00,0.88357,0.88401,0.88292,0.88351,3143,18,0
2025-03-12 15:30:00,0.88352,0.88451,0.88333,0.88335,3065,18,0
2025-03-12 16:00:00,0.88334,0.88511,0.88301,0.88406,2966,18,0
2025-03-12 16:30:00,0.8841,0.88415,0.88251,0.88259,2229,18,0
2025-03-12 17:00:00,0.88261,0.88297,0.88224,0.88256,2095,18,0
2025-03-12 17:30:00,0.88259,0.88337,0.88253,0.88266,2158,18,0
2025-03-12 18:00:00,0.88267,0.88318,0.88228,0.88292,1706,19,0
2025-03-12 18:30:00,0.88293,0.883,0.88238,0.88275,1044,19,0
2025-03-12 19:00:00,0.88276,0.88284,0.88154,0.88194,1018,19,0
2025-03-12 19:30:00,0.88193,0.88254,0.88175,0.88192,901,19,0
2025-03-12 20:00:00,0.88193,0.88252,0.88182,0.88221,948,19,0
2025-03-12 20:30:00,0.88222,0.88254,0.882,0.88218,916,19,0
2025-03-12 21:00:00,0.88218,0.88237,0.88182,0.8819,693,19,0
2025-03-12 21:30:00,0.88187,0.88223,0.88178,0.88191,709,19,0
2025-03-12 22:00:00,0.88188,0.88199,0.88169,0.88178,373,19,0
2025-03-12 22:30:00,0.88179,0.88196,0.88136,0.88136,370,23,0
2025-03-12 23:00:00,0.88169,0.88169,0.88125,0.88134,62,87,0
2025-03-12 23:30:00,0.88133,0.88163,0.8813,0.88163,163,31,0
2025-03-13 00:00:00,0.88162,0.88165,0.88143,0.88146,288,19,0
2025-03-13 00:30:00,0.88145,0.8815,0.88134,0.88141,241,19,0
2025-03-13 01:00:00,0.88142,0.88177,0.88139,0.88176,426,19,0
2025-03-13 01:30:00,0.88175,0.88193,0.88168,0.88173,448,19,0
2025-03-13 02:00:00,0.88174,0.88187,0.8816,0.88172,717,19,0
2025-03-13 02:30:00,0.88172,0.88175,0.88106,0.8811,574,19,0
2025-03-13 03:00:00,0.88109,0.88163,0.88085,0.88148,857,19,0
2025-03-13 03:30:00,0.88147,0.88161,0.88128,0.88145,775,19,0
2025-03-13 04:00:00,0.88147,0.88148,0.8809,0.88109,709,19,0
2025-03-13 04:30:00,0.88108,0.88141,0.881,0.88127,539,19,0
2025-03-13 05:00:00,0.88126,0.88167,0.88123,0.88126,646,19,0
2025-03-13 05:30:00,0.88127,0.88153,0.88119,0.88148,557,19,0
2025-03-13 06:00:00,0.88152,0.88193,0.8815,0.88152,523,19,0
2025-03-13 06:30:00,0.88151,0.88154,0.88125,0.88127,563,19,0
2025-03-13 07:00:00,0.88128,0.88189,0.88125,0.88181,697,19,0
2025-03-13 07:30:00,0.88182,0.88195,0.88131,0.88144,885,19,0
2025-03-13 08:00:00,0.88145,0.88164,0.88053,0.88061,901,19,0
2025-03-13 08:30:00,0.88062,0.88238,0.88026,0.88229,1050,19,0
2025-03-13 09:00:00,0.8822,0.88295,0.88117,0.8823,1276,19,0
2025-03-13 09:30:00,0.88229,0.88273,0.88126,0.88145,1398,19,0
2025-03-13 10:00:00,0.88146,0.88183,0.88081,0.88132,1823,19,0
2025-03-13 10:30:00,0.88132,0.88158,0.88095,0.88145,1098,19,0
2025-03-13 11:00:00,0.88144,0.88199,0.88128,0.88174,991,19,0
2025-03-13 11:30:00,0.88173,0.88286,0.88167,0.88204,986,19,0
2025-03-13 12:00:00,0.88205,0.88245,0.88176,0.88225,1068,19,0
2025-03-13 12:30:00,0.88231,0.88297,0.88223,0.88265,962,19,0
2025-03-13 13:00:00,0.88266,0.88293,0.88186,0.88221,1400,18,0
2025-03-13 13:30:00,0.88218,0.88288,0.88188,0.88264,1612,18,0
2025-03-13 14:00:00,0.88263,0.88266,0.88159,0.88176,1959,18,0
2025-03-13 14:30:00,0.88175,0.88393,0.88074,0.88376,3354,18,0
2025-03-13 15:00:00,0.88374,0.88474,0.88328,0.88335,1981,18,0
2025-03-13 15:30:00,0.88333,0.88383,0.88313,0.88381,1984,18,0
2025-03-13 16:00:00,0.8838,0.88401,0.88302,0.8838,2399,18,0
2025-03-13 16:30:00,0.8838,0.88441,0.88357,0.88393,1905,18,0
2025-03-13 17:00:00,0.88392,0.88516,0.88388,0.88456,1863,18,0
2025-03-13 17:30:00,0.88455,0.88539,0.884,0.88483,3054,18,0
2025-03-13 18:00:00,0.88484,0.88519,0.8839,0.88468,1590,19,0
2025-03-13 18:30:00,0.88469,0.88484,0.8839,0.88443,1283,19,0
2025-03-13 19:00:00,0.88441,0.88484,0.88423,0.88426,1279,19,0
2025-03-13 19:30:00,0.88425,0.88425,0.88311,0.88379,1322,19,0
2025-03-13 20:00:00,0.8838,0.88389,0.88334,0.88344,1074,19,0
2025-03-13 20:30:00,0.88346,0.88365,0.88284,0.88299,892,19,0
2025-03-13 21:00:00,0.88298,0.88316,0.88277,0.88294,702,19,0
2025-03-13 21:30:00,0.88292,0.88324,0.88282,0.88323,934,19,0
2025-03-13 22:00:00,0.88324,0.88333,0.88294,0.88308,440,20,0
2025-03-13 22:30:00,0.88307,0.88307,0.88157,0.88174,681,23,0
2025-03-13 23:00:00,0.88178,0.88246,0.88149,0.88168,981,87,0
2025-03-13 23:30:00,0.88167,0.8817,0.88161,0.88161,87,86,0
2025-03-14 00:00:00,0.88161,0.88247,0.88146,0.88237,366,19,0
2025-03-14 00:30:00,0.88235,0.8827,0.88232,0.88268,293,19,0
2025-03-14 01:00:00,0.88269,0.88292,0.88262,0.8827,418,19,0
2025-03-14 01:30:00,0.88271,0.88287,0.88252,0.88259,623,19,0
2025-03-14 02:00:00,0.88258,0.88313,0.88206,0.88302,888,19,0
2025-03-14 02:30:00,0.88303,0.88316,0.88234,0.88314,959,19,0
2025-03-14 03:00:00,0.88313,0.88367,0.8831,0.88357,962,19,0
2025-03-14 03:30:00,0.88358,0.88379,0.88317,0.88375,701,19,0
2025-03-14 04:00:00,0.88373,0.88433,0.88372,0.88413,700,19,0
2025-03-14 04:30:00,0.8841,0.88446,0.88409,0.88411,708,19,0
2025-03-14 05:00:00,0.88413,0.88428,0.88374,0.88382,777,19,0
2025-03-14 05:30:00,0.88381,0.88418,0.88358,0.88393,1036,19,0
2025-03-14 06:00:00,0.88394,0.884,0.88376,0.8839,654,19,0
2025-03-14 06:30:00,0.88391,0.88425,0.88374,0.88395,639,19,0
2025-03-14 07:00:00,0.88393,0.88408,0.8837,0.88395,841,19,0
2025-03-14 07:30:00,0.88394,0.88405,0.88328,0.88343,664,19,0
2025-03-14 08:00:00,0.88345,0.88412,0.88337,0.8841,810,19,0
2025-03-14 08:30:00,0.88406,0.8843,0.88376,0.88409,850,19,0
2025-03-14 09:00:00,0.88413,0.8845,0.88372,0.88404,1494,19,0
2025-03-14 09:30:00,0.88403,0.88438,0.88376,0.88403,1348,19,0
2025-03-14 10:00:00,0.88402,0.88403,0.88286,0.88337,1605,19,0
2025-03-14 10:30:00,0.88337,0.88388,0.88302,0.88351,1565,19,0
2025-03-14 11:00:00,0.88354,0.88453,0.88353,0.88439,1087,19,0
2025-03-14 11:30:00,0.8844,0.88458,0.88407,0.88449,1032,19,0
2025-03-14 12:00:00,0.8845,0.88483,0.8841,0.88455,1112,19,0
2025-03-14 12:30:00,0.88459,0.88483,0.88325,0.88402,2539,19,0
2025-03-14 13:00:00,0.88402,0.88475,0.88385,0.88448,1969,18,0
2025-03-14 13:30:00,0.88447,0.88519,0.88411,0.88492,1508,18,0
2025-03-14 14:00:00,0.88491,0.8856,0.88447,0.88555,1678,18,0
2025-03-14 14:30:00,0.88552,0.88582,0.88486,0.88516,1853,18,0
2025-03-14 15:00:00,0.88515,0.88539,0.88476,0.88482,1696,18,0
2025-03-14 15:30:00,0.88481,0.88629,0.88477,0.88558,2437,18,0
2025-03-14 16:00:00,0.88559,0.8858,0.8846,0.88488,3536,18,0
2025-03-14 16:30:00,0.8849,0.88563,0.88475,0.88536,2170,18,0
2025-03-14 17:00:00,0.88537,0.88587,0.88513,0.88578,1970,18,0
2025-03-14 17:30:00,0.88578,0.88586,0.88494,0.8854,1822,18,0
2025-03-14 18:00:00,0.88539,0.8855,0.88446,0.88463,1353,19,0
2025-03-14 18:30:00,0.88465,0.88477,0.88411,0.88452,1015,19,0
2025-03-14 19:00:00,0.88451,0.88471,0.88426,0.88437,777,19,0
2025-03-14 19:30:00,0.88438,0.88502,0.88431,0.88486,685,19,0
2025-03-14 20:00:00,0.88487,0.88503,0.88463,0.88495,621,19,0
2025-03-14 20:30:00,0.88496,0.88518,0.88479,0.88502,673,19,0
2025-03-14 21:00:00,0.88503,0.88511,0.88485,0.88485,463,19,0
2025-03-14 21:30:00,0.88486,0.88504,0.88483,0.88494,365,19,0
2025-03-14 22:00:00,0.88495,0.88503,0.88477,0.88494,304,21,0
2025-03-14 22:30:00,0.88495,0.885,0.88464,0.88487,627,23,0
2025-03-17 00:00:00,0.88462,0.88521,0.8846,0.88464,620,19,0
2025-03-17 00:30:00,0.88465,0.88476,0.88386,0.88402,738,19,0
2025-03-17 01:00:00,0.88399,0.88405,0.88367,0.88391,611,19,0
2025-03-17 01:30:00,0.88388,0.88415,0.88379,0.88408,550,19,0
2025-03-17 02:00:00,0.88407,0.8843,0.88371,0.88429,742,19,0
2025-03-17 02:30:00,0.88425,0.88456,0.8841,0.88444,815,19,0
2025-03-17 03:00:00,0.8845,0.88469,0.88407,0.88423,812,19,0
2025-03-17 03:30:00,0.88422,0.88434,0.88373,0.88421,926,19,0
2025-03-17 04:00:00,0.88422,0.88428,0.8839,0.88395,788,19,0
2025-03-17 04:30:00,0.88395,0.88416,0.88388,0.884,705,19,0
2025-03-17 05:00:00,0.88401,0.88429,0.8837,0.88422,665,19,0
2025-03-17 05:30:00,0.88423,0.88426,0.88388,0.8841,607,19,0
2025-03-17 06:00:00,0.88411,0.88438,0.88389,0.88415,900,19,0
2025-03-17 06:30:00,0.88415,0.88449,0.88408,0.88446,543,19,0
2025-03-17 07:00:00,0.88447,0.88457,0.88432,0.8844,633,19,0
2025-03-17 07:30:00,0.88441,0.88462,0.88414,0.88424,736,19,0
2025-03-17 08:00:00,0.88425,0.88435,0.88394,0.88413,643,19,0
2025-03-17 08:30:00,0.88416,0.88456,0.88376,0.88447,586,19,0
2025-03-17 09:00:00,0.88452,0.88452,0.88389,0.88434,908,19,0
2025-03-17 09:30:00,0.88435,0.88448,0.88353,0.88385,1134,19,0
2025-03-17 10:00:00,0.88383,0.88402,0.88345,0.88361,1461,19,0
2025-03-17 10:30:00,0.8836,0.88386,0.8833,0.8833,1180,19,0
2025-03-17 11:00:00,0.88329,0.88353,0.883,0.88339,1009,19,0
2025-03-17 11:30:00,0.88338,0.88346,0.88255,0.88258,1195,19,0
2025-03-17 12:00:00,0.88257,0.88301,0.88209,0.88245,963,19,0
2025-03-17 12:30:00,0.88244,0.88278,0.88214,0.88261,826,19,0
2025-03-17 13:00:00,0.8826,0.8829,0.88248,0.88255,882,18,0
2025-03-17 13:30:00,0.88254,0.88282,0.8822,0.88251,1123,18,0
2025-03-17 14:00:00,0.8825,0.88253,0.88158,0.88233,1297,18,0
2025-03-17 14:30:00,0.88236,0.88338,0.88125,0.88208,3170,18,0
2025-03-17 15:00:00,0.88207,0.88231,0.88128,0.88194,1745,18,0
2025-03-17 15:30:00,0.88195,0.88284,0.88177,0.88177,2448,18,0
2025-03-17 16:00:00,0.88176,0.88207,0.88123,0.88139,2533,18,0
2025-03-17 16:30:00,0.88137,0.88171,0.88044,0.88084,2026,18,0
2025-03-17 17:00:00,0.88082,0.88087,0.87967,0.87985,1628,18,0
2025-03-17 17:30:00,0.87984,0.88121,0.87981,0.88112,1670,18,0
2025-03-17 18:00:00,0.88113,0.88122,0.88052,0.88067,1247,19,0
2025-03-17 18:30:00,0.88069,0.8807,0.88006,0.8803,981,19,0
2025-03-17 19:00:00,0.88031,0.88062,0.88002,0.88059,903,19,0
2025-03-17 19:30:00,0.88058,0.88114,0.88048,0.88059,1021,19,0
2025-03-17 20:00:00,0.8806,0.88092,0.8805,0.88057,910,19,0
2025-03-17 20:30:00,0.88056,0.88072,0.88027,0.88043,808,19,0
2025-03-17 21:00:00,0.88045,0.88078,0.88039,0.88076,722,19,0
2025-03-17 21:30:00,0.88077,0.88082,0.88027,0.88031,596,19,0
2025-03-17 22:00:00,0.8803,0.88062,0.88018,0.88041,522,19,0
2025-03-17 22:30:00,0.88042,0.88076,0.88026,0.88065,445,23,0
2025-03-17 23:00:00,0.88046,0.88051,0.8802,0.88022,124,87,0
2025-03-17 23:30:00,0.88029,0.88046,0.87999,0.88007,117,91,0
2025-03-18 00:00:00,0.88013,0.88095,0.88011,0.88094,269,19,0
2025-03-18 00:30:00,0.88093,0.88121,0.88088,0.88094,252,19,0
2025-03-18 01:00:00,0.88093,0.88118,0.88084,0.88104,621,19,0
2025-03-18 01:30:00,0.88102,0.88126,0.881,0.88125,658,19,0
2025-03-18 02:00:00,0.88124,0.88125,0.88072,0.88087,880,19,0
2025-03-18 02:30:00,0.88091,0.88129,0.88083,0.88122,708,19,0
2025-03-18 03:00:00,0.88124,0.88143,0.88108,0.88132,846,19,0
2025-03-18 03:30:00,0.88133,0.88153,0.88128,0.88138,769,19,0
2025-03-18 04:00:00,0.88139,0.88145,0.88118,0.88142,646,19,0
2025-03-18 04:30:00,0.88141,0.88142,0.8812,0.88134,556,19,0
2025-03-18 05:00:00,0.88135,0.88135,0.88078,0.88104,585,19,0
2025-03-18 05:30:00,0.88104,0.88114,0.88092,0.88105,430,19,0
2025-03-18 06:00:00,0.88106,0.88119,0.88094,0.88113,560,19,0
2025-03-18 06:30:00,0.88112,0.88114,0.88082,0.88091,399,19,0
2025-03-18 07:00:00,0.8809,0.88117,0.88084,0.88112,513,19,0
2025-03-18 07:30:00,0.88113,0.88118,0.88066,0.88118,585,19,0
2025-03-18 08:00:00,0.88117,0.8816,0.8811,0.8816,562,19,0
2025-03-18 08:30:00,0.88159,0.88177,0.88085,0.8809,789,19,0
2025-03-18 09:00:00,0.88092,0.88132,0.88054,0.88128,810,19,0
2025-03-18 09:30:00,0.88127,0.88161,0.8808,0.88085,939,19,0
2025-03-18 10:00:00,0.88087,0.881,0.87922,0.87944,1642,19,0
2025-03-18 10:30:00,0.87945,0.87975,0.87908,0.87951,956,19,0
2025-03-18 11:00:00,0.87951,0.88009,0.87935,0.87984,923,19,0
2025-03-18 11:30:00,0.87985,0.88,0.8794,0.87948,1040,19,0
2025-03-18 12:00:00,0.87947,0.88014,0.87912,0.87993,1082,19,0
2025-03-18 12:30:00,0.87993,0.88006,0.87896,0.87927,965,19,0
2025-03-18 13:00:00,0.87927,0.87962,0.87873,0.87932,925,18,0
2025-03-18 13:30:00,0.87931,0.88005,0.87922,0.87972,1073,18,0
2025-03-18 14:00:00,0.87977,0.88009,0.87914,0.88005,1157,18,0
2025-03-18 14:30:00,0.88017,0.88057,0.8797,0.87979,1837,18,0
2025-03-18 15:00:00,0.87978,0.87979,0.87914,0.87961,1637,18,0
2025-03-18 15:30:00,0.87962,0.87997,0.87901,0.87916,2448,18,0
2025-03-18 16:00:00,0.87916,0.87939,0.87791,0.87809,2314,18,0
2025-03-18 16:30:00,0.87807,0.87898,0.87803,0.87878,1760,18,0
2025-03-18 17:00:00,0.87877,0.87922,0.87799,0.87817,2125,18,0
2025-03-18 17:30:00,0.87819,0.87827,0.87688,0.8772,1780,18,0
2025-03-18 18:00:00,0.8772,0.87755,0.87688,0.87706,1299,19,0
2025-03-18 18:30:00,0.87707,0.87721,0.87619,0.87688,1338,19,0
2025-03-18 19:00:00,0.87689,0.87689,0.87584,0.87591,1516,19,0
2025-03-18 19:30:00,0.8759,0.87669,0.87583,0.87615,1239,19,0
2025-03-18 20:00:00,0.87614,0.87666,0.87598,0.87634,902,19,0
2025-03-18 20:30:00,0.87633,0.87655,0.87618,0.87643,775,19,0
2025-03-18 21:00:00,0.87644,0.87661,0.87611,0.87652,766,19,0
2025-03-18 21:30:00,0.87653,0.87659,0.87624,0.87639,738,19,0
2025-03-18 22:00:00,0.8764,0.87661,0.87631,0.87649,377,19,0
2025-03-18 22:30:00,0.8765,0.87666,0.87614,0.87627,392,23,0
2025-03-18 23:00:00,0.87606,0.87666,0.87603,0.87613,367,87,0
2025-03-18 23:30:00,0.87615,0.87662,0.87598,0.8763,344,87,0
2025-03-19 00:00:00,0.87636,0.87669,0.87602,0.87665,384,19,0
2025-03-19 00:30:00,0.87666,0.87688,0.87661,0.87668,297,19,0
2025-03-19 01:00:00,0.87667,0.87686,0.87637,0.87644,510,19,0
2025-03-19 01:30:00,0.87641,0.87683,0.87639,0.87671,440,19,0
2025-03-19 02:00:00,0.87672,0.87697,0.87668,0.87683,643,19,0
2025-03-19 02:30:00,0.87684,0.87744,0.87681,0.87736,755,19,0
2025-03-19 03:00:00,0.87737,0.87753,0.87709,0.87719,590,19,0
2025-03-19 03:30:00,0.87718,0.87754,0.87712,0.87716,659,19,0
2025-03-19 04:00:00,0.87715,0.87725,0.87672,0.87701,640,19,0
2025-03-19 04:30:00,0.877,0.87714,0.87663,0.87699,608,19,0
2025-03-19 05:00:00,0.87699,0.87745,0.87678,0.87737,444,19,0
2025-03-19 05:30:00,0.87737,0.87739,0.87674,0.87689,537,19,0
2025-03-19 06:00:00,0.87688,0.8772,0.87688,0.87712,516,19,0
2025-03-19 06:30:00,0.87711,0.8773,0.87706,0.87721,553,19,0
2025-03-19 07:00:00,0.87723,0.87726,0.87702,0.87718,552,19,0
2025-03-19 07:30:00,0.87718,0.87751,0.87688,0.87698,545,19,0
2025-03-19 08:00:00,0.87699,0.87743,0.87699,0.87715,573,19,0
2025-03-19 08:30:00,0.87716,0.87743,0.87677,0.87692,1033,19,0
2025-03-19 09:00:00,0.87693,0.87762,0.87657,0.87698,1401,18,0
2025-03-19 09:30:00,0.87697,0.87772,0.87664,0.8772,2477,18,0
2025-03-19 10:00:00,0.87719,0.8776,0.87689,0.87736,1527,19,0
2025-03-19 10:30:00,0.87736,0.87748,0.87684,0.87695,1184,19,0
2025-03-19 11:00:00,0.87694,0.87735,0.87689,0.87724,921,19,0
2025-03-19 11:30:00,0.87723,0.87837,0.87718,0.87828,1024,19,0
2025-03-19 12:00:00,0.87829,0.87923,0.87828,0.87833,1081,19,0
2025-03-19 12:30:00,0.87832,0.87862,0.87796,0.87814,881,19,0
2025-03-19 13:00:00,0.87812,0.87994,0.87811,0.87949,1273,18,0
2025-03-19 13:30:00,0.87951,0.87956,0.87874,0.87875,1283,18,0
2025-03-19 14:00:00,0.87874,0.87883,0.87829,0.8785,1365,18,0
2025-03-19 14:30:00,0.87849,0.87914,0.87786,0.8791,1434,18,0
2025-03-19 15:00:00,0.87907,0.87976,0.87877,0.87962,1368,18,0
2025-03-19 15:30:00,0.87963,0.8802,0.87937,0.87996,1569,18,0
2025-03-19 16:00:00,0.87995,0.88034,0.87964,0.87994,1491,18,0
2025-03-19 16:30:00,0.87993,0.88053,0.87976,0.88046,1304,18,0
2025-03-19 17:00:00,0.88045,0.88081,0.87957,0.87968,1233,18,0
2025-03-19 17:30:00,0.87967,0.88013,0.87945,0.8799,1410,18,0
2025-03-19 18:00:00,0.87986,0.88003,0.87923,0.87944,884,19,0
2025-03-19 18:30:00,0.87944,0.87996,0.87931,0.87961,636,19,0
2025-03-19 19:00:00,0.87962,0.88067,0.87957,0.88064,896,19,0
2025-03-19 19:30:00,0.88071,0.88084,0.87996,0.87996,1029,19,0
2025-03-19 20:00:00,0.87994,0.88025,0.87808,0.87855,3268,20,0
2025-03-19 20:30:00,0.87854,0.87873,0.87681,0.87747,3397,19,0
2025-03-19 21:00:00,0.87748,0.87881,0.87746,0.87855,2079,19,0
2025-03-19 21:30:00,0.87856,0.87866,0.87776,0.87785,1284,19,0
2025-03-19 22:00:00,0.87789,0.878,0.87727,0.87759,483,19,0
2025-03-19 22:30:00,0.87759,0.87771,0.87716,0.87717,800,23,0
2025-03-19 23:00:00,0.87716,0.87767,0.87689,0.87696,103,87,0
2025-03-19 23:30:00,0.87691,0.87731,0.87691,0.87715,328,87,0
2025-03-20 00:00:00,0.87717,0.87736,0.87638,0.87641,526,19,0
2025-03-20 00:30:00,0.87639,0.87667,0.87635,0.87652,489,19,0
2025-03-20 01:00:00,0.87655,0.87688,0.87655,0.87673,623,19,0
2025-03-20 01:30:00,0.8767,0.87677,0.8764,0.8764,525,19,0
2025-03-20 02:00:00,0.87641,0.87668,0.87594,0.87663,800,19,0
2025-03-20 02:30:00,0.8766,0.87669,0.87602,0.87627,1382,19,0
2025-03-20 03:00:00,0.87626,0.87694,0.87612,0.87656,1250,19,0
2025-03-20 03:30:00,0.87652,0.87652,0.87612,0.87638,1020,19,0
2025-03-20 04:00:00,0.87637,0.87645,0.87571,0.87602,1234,19,0
2025-03-20 04:30:00,0.87601,0.87627,0.8756,0.87622,1058,19,0
2025-03-20 05:00:00,0.87621,0.87632,0.87573,0.87577,949,19,0
2025-03-20 05:30:00,0.87577,0.87614,0.87548,0.87596,1442,19,0
2025-03-20 06:00:00,0.87596,0.87623,0.87579,0.87613,782,19,0
2025-03-20 06:30:00,0.87614,0.87688,0.87612,0.87678,1108,19,0
2025-03-20 07:00:00,0.87678,0.87712,0.87646,0.87656,994,18,0
2025-03-20 07:30:00,0.87658,0.87697,0.87629,0.87637,753,19,0
2025-03-20 08:00:00,0.87638,0.87676,0.87603,0.87645,1005,19,0
2025-03-20 08:30:00,0.87644,0.87698,0.87632,0.87635,822,19,0
2025-03-20 09:00:00,0.87654,0.87688,0.87625,0.87688,1208,19,0
2025-03-20 09:30:00,0.87689,0.87741,0.87681,0.87724,1160,19,0
2025-03-20 10:00:00,0.87723,0.87751,0.87625,0.8772,1616,19,0
2025-03-20 10:30:00,0.87917,0.88138,0.87751,0.88075,3201,20,0
2025-03-20 11:00:00,0.88073,0.88267,0.88073,0.88218,2181,19,0
2025-03-20 11:30:00,0.88217,0.88226,0.88136,0.88198,2195,19,0
2025-03-20 12:00:00,0.88196,0.882,0.8804,0.88113,2336,19,0
2025-03-20 12:30:00,0.88112,0.88229,0.88094,0.88214,1832,19,0
2025-03-20 13:00:00,0.88215,0.88226,0.88112,0.88123,1538,18,0
2025-03-20 13:30:00,0.88122,0.88205,0.88113,0.88202,1267,18,0
2025-03-20 14:00:00,0.88203,0.8827,0.88182,0.88252,1589,18,0
2025-03-20 14:30:00,0.88251,0.88358,0.88221,0.88272,2088,18,0
2025-03-20 15:00:00,0.88273,0.88301,0.88245,0.88291,1795,18,0
2025-03-20 15:30:00,0.88291,0.88386,0.88272,0.88348,2248,18,0
2025-03-20 16:00:00,0.88349,0.88393,0.88301,0.88372,1978,18,0
2025-03-20 16:30:00,0.88372,0.88418,0.88349,0.88354,1597,18,0
2025-03-20 17:00:00,0.8835,0.884,0.88331,0.8835,1424,18,0
2025-03-20 17:30:00,0.8835,0.88379,0.88215,0.88256,1492,18,0
2025-03-20 18:00:00,0.88255,0.88302,0.88163,0.88177,1264,19,0
2025-03-20 18:30:00,0.88176,0.88197,0.88144,0.88171,826,19,0
2025-03-20 19:00:00,0.88172,0.88224,0.88166,0.88181,637,19,0
2025-03-20 19:30:00,0.88182,0.88212,0.88173,0.88205,653,19,0
2025-03-20 20:00:00,0.88206,0.88219,0.88123,0.88123,558,19,0
2025-03-20 20:30:00,0.88125,0.88214,0.88122,0.88184,604,19,0
2025-03-20 21:00:00,0.88185,0.88203,0.88172,0.88175,515,19,0
2025-03-20 21:30:00,0.88176,0.88205,0.88175,0.88197,429,19,0
2025-03-20 22:00:00,0.88195,0.88213,0.88165,0.88173,269,22,0
2025-03-20 22:30:00,0.88172,0.88183,0.88113,0.8812,537,26,0
2025-03-20 23:00:00,0.8811,0.88182,0.88097,0.88148,135,87,0
2025-03-20 23:30:00,0.88155,0.8818,0.88125,0.88145,570,87,0
2025-03-21 00:00:00,0.88116,0.88167,0.88084,0.88155,1297,19,0
2025-03-21 00:30:00,0.88153,0.88162,0.8813,0.8813,273,19,0
2025-03-21 01:00:00,0.88131,0.88138,0.88125,0.88132,290,19,0
2025-03-21 01:30:00,0.8813,0.88165,0.88122,0.88165,409,19,0
2025-03-21 02:00:00,0.88164,0.88232,0.88138,0.8821,766,19,0
2025-03-21 02:30:00,0.8821,0.88219,0.88191,0.88194,827,19,0
2025-03-21 03:00:00,0.88193,0.88243,0.88185,0.88243,767,19,0
2025-03-21 03:30:00,0.88242,0.88251,0.88208,0.88228,728,19,0
2025-03-21 04:00:00,0.88229,0.88256,0.88205,0.88235,660,19,0
2025-03-21 04:30:00,0.88236,0.88276,0.88236,0.88272,563,19,0
2025-03-21 05:00:00,0.88271,0.88288,0.88244,0.88285,678,19,0
2025-03-21 05:30:00,0.88286,0.88347,0.88282,0.88337,594,19,0
2025-03-21 06:00:00,0.88336,0.88365,0.88322,0.88355,659,19,0
2025-03-21 06:30:00,0.88355,0.88367,0.88321,0.88347,553,19,0
2025-03-21 07:00:00,0.88348,0.88374,0.8834,0.88372,635,19,0
2025-03-21 07:30:00,0.88373,0.88392,0.88346,0.8836,791,19,0
2025-03-21 08:00:00,0.88359,0.88386,0.88333,0.8836,608,19,0
2025-03-21 08:30:00,0.88359,0.88361,0.88309,0.88348,576,19,0
2025-03-21 09:00:00,0.88348,0.88391,0.88306,0.88323,879,19,0
2025-03-21 09:30:00,0.88322,0.8834,0.88265,0.88329,1149,19,0
2025-03-21 10:00:00,0.8833,0.88385,0.88294,0.88352,1362,19,0
2025-03-21 10:30:00,0.88353,0.8839,0.88322,0.88349,998,19,0
2025-03-21 11:00:00,0.88348,0.88363,0.88301,0.88319,750,19,0
2025-03-21 11:30:00,0.8832,0.88368,0.88299,0.88304,845,19,0
2025-03-21 12:00:00,0.88303,0.88305,0.88181,0.88207,924,19,0
2025-03-21 12:30:00,0.88206,0.88211,0.88093,0.88096,1038,19,0
2025-03-21 13:00:00,0.88094,0.88134,0.88071,0.881,1319,18,0
2025-03-21 13:30:00,0.88101,0.88105,0.88012,0.88022,1292,18,0
2025-03-21 14:00:00,0.88022,0.88034,0.87956,0.88028,1641,18,0
2025-03-21 14:30:00,0.88031,0.88148,0.8801,0.88099,1755,18,0
2025-03-21 15:00:00,0.881,0.88165,0.88091,0.88156,1767,18,0
2025-03-21 15:30:00,0.88157,0.88216,0.88126,0.8817,2008,18,0
2025-03-21 16:00:00,0.8817,0.88207,0.88134,0.88166,1857,18,0
2025-03-21 16:30:00,0.88171,0.88218,0.88135,0.88198,1693,18,0
2025-03-21 17:00:00,0.88199,0.88269,0.88194,0.88244,1323,18,0
2025-03-21 17:30:00,0.88243,0.88356,0.88229,0.88327,2288,18,0
2025-03-21 18:00:00,0.88328,0.88342,0.88286,0.88334,1636,20,0
2025-03-21 18:30:00,0.88335,0.88343,0.88281,0.88325,866,20,0
2025-03-21 19:00:00,0.88322,0.88344,0.88286,0.883,889,19,0
2025-03-21 19:30:00,0.88299,0.883,0.88246,0.88277,872,19,0
2025-03-21 20:00:00,0.88276,0.88351,0.88272,0.88301,701,19,0
2025-03-21 20:30:00,0.883,0.88311,0.88256,0.88289,684,19,0
2025-03-21 21:00:00,0.88286,0.88293,0.88251,0.88275,511,19,0
2025-03-21 21:30:00,0.88276,0.88321,0.88271,0.88315,467,19,0
2025-03-21 22:00:00,0.88314,0.88329,0.88272,0.88276,193,20,0
2025-03-21 22:30:00,0.88278,0.88326,0.88246,0.88296,581,25,0
2025-03-24 00:00:00,0.88259,0.88337,0.8824,0.88335,1111,19,0
2025-03-24 00:30:00,0.88336,0.8834,0.8831,0.88323,489,19,0
2025-03-24 01:00:00,0.88323,0.88326,0.88281,0.88315,523,19,0
2025-03-24 01:30:00,0.88316,0.88321,0.88274,0.8828,646,19,0
2025-03-24 02:00:00,0.88279,0.88323,0.88266,0.88289,896,19,0
2025-03-24 02:30:00,0.88288,0.88322,0.88275,0.88298,909,19,0
2025-03-24 03:00:00,0.88297,0.88378,0.88296,0.88375,879,19,0
2025-03-24 03:30:00,0.88372,0.88383,0.88338,0.88348,815,19,0
2025-03-24 04:00:00,0.88349,0.88367,0.8833,0.88343,842,19,0
2025-03-24 04:30:00,0.88344,0.88367,0.88334,0.88366,610,19,0
2025-03-24 05:00:00,0.88366,0.88366,0.88336,0.88346,429,19,0
2025-03-24 05:30:00,0.88345,0.88372,0.88335,0.88371,477,19,0
2025-03-24 06:00:00,0.88371,0.88382,0.8836,0.88366,578,19,0
2025-03-24 06:30:00,0.88366,0.88366,0.88333,0.8835,547,19,0
2025-03-24 07:00:00,0.8835,0.88377,0.8834,0.88341,760,19,0
2025-03-24 07:30:00,0.88342,0.88384,0.88334,0.88357,758,19,0
2025-03-24 08:00:00,0.88358,0.88359,0.88264,0.88283,765,19,0
2025-03-24 08:30:00,0.88284,0.88292,0.88242,0.88281,759,19,0
2025-03-24 09:00:00,0.88283,0.88284,0.88225,0.88241,948,19,0
2025-03-24 09:30:00,0.8824,0.88287,0.88222,0.88222,897,19,0
2025-03-24 10:00:00,0.8822,0.88254,0.8817,0.88202,1555,19,0
2025-03-24 10:30:00,0.88203,0.8825,0.88159,0.88222,1312,19,0
2025-03-24 11:00:00,0.88221,0.88287,0.8819,0.8819,1148,19,0
2025-03-24 11:30:00,0.88189,0.88201,0.88145,0.88168,1041,19,0
2025-03-24 12:00:00,0.88167,0.88189,0.87998,0.87999,1030,19,0
2025-03-24 12:30:00,0.88001,0.88093,0.87985,0.88067,1124,19,0
2025-03-24 13:00:00,0.88067,0.88114,0.88064,0.88097,1136,18,0
2025-03-24 13:30:00,0.88096,0.88136,0.88085,0.88128,911,18,0
2025-03-24 14:00:00,0.88129,0.88195,0.88111,0.88193,1242,18,0
2025-03-24 14:30:00,0.88194,0.88217,0.88118,0.88156,1450,18,0
2025-03-24 15:00:00,0.88154,0.88191,0.88113,0.8815,1235,18,0
2025-03-24 15:30:00,0.88152,0.88327,0.88109,0.88312,2424,18,0
2025-03-24 16:00:00,0.88314,0.88336,0.88181,0.88248,2116,18,0
2025-03-24 16:30:00,0.8825,0.88372,0.88249,0.88332,1892,18,0
2025-03-24 17:00:00,0.88331,0.88413,0.88318,0.88409,1428,18,0
2025-03-24 17:30:00,0.8841,0.88449,0.88379,0.8841,1669,18,0
2025-03-24 18:00:00,0.88408,0.88409,0.88318,0.88372,1221,19,0
2025-03-24 18:30:00,0.88375,0.88404,0.88318,0.88333,1209,19,0
2025-03-24 19:00:00,0.88334,0.88365,0.88313,0.88321,911,19,0
2025-03-24 19:30:00,0.88322,0.88379,0.88319,0.88356,685,19,0
2025-03-24 20:00:00,0.88353,0.88367,0.88326,0.88348,630,19,0
2025-03-24 20:30:00,0.88349,0.88349,0.88275,0.88318,1246,19,0
2025-03-24 21:00:00,0.88317,0.88331,0.88301,0.88319,499,19,0
2025-03-24 21:30:00,0.8832,0.88335,0.88298,0.88301,382,19,0
2025-03-24 22:00:00,0.88298,0.88302,0.8825,0.88266,341,20,0
2025-03-24 22:30:00,0.88269,0.88297,0.88252,0.88297,551,23,0
2025-03-24 23:00:00,0.88247,0.88283,0.88247,0.88273,40,87,0
2025-03-24 23:30:00,0.88274,0.88291,0.88249,0.88277,203,87,0
2025-03-25 00:00:00,0.88256,0.8831,0.88236,0.88283,347,19,0
2025-03-25 00:30:00,0.88286,0.88288,0.88253,0.88263,404,19,0
2025-03-25 01:00:00,0.88267,0.8828,0.88251,0.88269,358,19,0
2025-03-25 01:30:00,0.88271,0.88289,0.88258,0.88267,480,19,0
2025-03-25 02:00:00,0.88268,0.88308,0.88267,0.88302,825,19,0
2025-03-25 02:30:00,0.883,0.8832,0.88266,0.88294,688,19,0
2025-03-25 03:00:00,0.88296,0.88301,0.88258,0.88278,695,19,0
2025-03-25 03:30:00,0.88279,0.88295,0.88265,0.88288,709,19,0
2025-03-25 04:00:00,0.88288,0.88316,0.88278,0.88306,808,19,0
2025-03-25 04:30:00,0.88306,0.88338,0.88303,0.88327,495,19,0
2025-03-25 05:00:00,0.88326,0.88326,0.88293,0.88311,511,19,0
2025-03-25 05:30:00,0.88311,0.88318,0.88288,0.88291,397,19,0
2025-03-25 06:00:00,0.8829,0.88318,0.88265,0.88265,536,19,0
2025-03-25 06:30:00,0.88266,0.88287,0.88256,0.88272,452,19,0
2025-03-25 07:00:00,0.88273,0.88286,0.88253,0.88261,461,19,0
2025-03-25 07:30:00,0.88263,0.88294,0.88263,0.88267,599,19,0
2025-03-25 08:00:00,0.88268,0.88322,0.88265,0.88322,443,19,0
2025-03-25 08:30:00,0.88323,0.88354,0.88314,0.88351,480,19,0
2025-03-25 09:00:00,0.8835,0.88435,0.88335,0.88433,786,19,0
2025-03-25 09:30:00,0.88435,0.88479,0.88415,0.88457,953,19,0
2025-03-25 10:00:00,0.88458,0.88462,0.88379,0.88392,1337,19,0
2025-03-25 10:30:00,0.88389,0.88418,0.88333,0.88394,1013,19,0
2025-03-25 11:00:00,0.88393,0.88415,0.88342,0.88373,1197,19,0
2025-03-25 11:30:00,0.88374,0.884,0.88344,0.88352,931,19,0
2025-03-25 12:00:00,0.88353,0.88357,0.88274,0.88286,1352,19,0
2025-03-25 12:30:00,0.8829,0.88322,0.88192,0.88201,1081,18,0
2025-03-25 13:00:00,0.88198,0.88244,0.88146,0.88169,1460,18,0
2025-03-25 13:30:00,0.8817,0.88225,0.88136,0.882,1230,18,0
2025-03-25 14:00:00,0.88188,0.88202,0.88116,0.88126,1251,18,0
2025-03-25 14:30:00,0.88125,0.88144,0.88041,0.88089,1564,18,0
2025-03-25 15:00:00,0.8809,0.8811,0.8805,0.88063,1397,18,0
2025-03-25 15:30:00,0.88064,0.88109,0.87994,0.8804,1938,18,0
2025-03-25 16:00:00,0.88049,0.88098,0.88024,0.88079,2182,18,0
2025-03-25 16:30:00,0.88083,0.88097,0.88046,0.88093,1582,18,0
2025-03-25 17:00:00,0.88096,0.8811,0.88064,0.88071,1341,18,0
2025-03-25 17:30:00,0.88069,0.88202,0.88066,0.88186,1810,18,0
2025-03-25 18:00:00,0.88184,0.88206,0.88138,0.88154,1235,19,0
2025-03-25 18:30:00,0.88155,0.88175,0.88124,0.88141,835,19,0
2025-03-25 19:00:00,0.88142,0.88143,0.88097,0.88123,678,19,0
2025-03-25 19:30:00,0.88122,0.88142,0.8811,0.88128,516,19,0
2025-03-25 20:00:00,0.88126,0.88187,0.88126,0.88184,381,19,0
2025-03-25 20:30:00,0.88183,0.88242,0.88182,0.88237,548,19,0
2025-03-25 21:00:00,0.88238,0.88266,0.88216,0.88254,536,19,0
2025-03-25 21:30:00,0.88255,0.88267,0.88224,0.88227,496,19,0
2025-03-25 22:00:00,0.88225,0.88255,0.88219,0.88251,234,22,0
2025-03-25 22:30:00,0.88255,0.8826,0.8808,0.8808,371,23,0
2025-03-25 23:00:00,0.88189,0.88216,0.88163,0.88199,152,87,0
2025-03-25 23:30:00,0.882,0.88215,0.88198,0.88214,168,87,0
2025-03-26 00:00:00,0.88213,0.8825,0.88213,0.88247,683,19,0
2025-03-26 00:30:00,0.88247,0.88267,0.88246,0.88262,289,19,0
2025-03-26 01:00:00,0.88261,0.88267,0.88251,0.88263,488,19,0
2025-03-26 01:30:00,0.88264,0.88271,0.88251,0.88251,451,19,0
2025-03-26 02:00:00,0.88252,0.88277,0.88244,0.88268,800,19,0
2025-03-26 02:30:00,0.8827,0.88318,0.88248,0.88309,859,19,0
2025-03-26 03:00:00,0.8831,0.88333,0.88287,0.88306,955,19,0
2025-03-26 03:30:00,0.88306,0.88312,0.88244,0.88256,938,19,0
2025-03-26 04:00:00,0.88257,0.88294,0.88245,0.88271,614,19,0
2025-03-26 04:30:00,0.88272,0.88305,0.88266,0.88294,489,19,0
2025-03-26 05:00:00,0.88295,0.88346,0.8829,0.88333,515,19,0
2025-03-26 05:30:00,0.88333,0.8836,0.88306,0.88335,621,19,0
2025-03-26 06:00:00,0.88333,0.88371,0.8833,0.88366,582,19,0
2025-03-26 06:30:00,0.88365,0.88383,0.88353,0.88367,586,19,0
2025-03-26 07:00:00,0.88369,0.88403,0.88367,0.8838,578,19,0
2025-03-26 07:30:00,0.88383,0.88387,0.88336,0.88349,746,19,0
2025-03-26 08:00:00,0.8835,0.88385,0.88338,0.88364,615,19,0
2025-03-26 08:30:00,0.88366,0.88408,0.88356,0.88371,607,19,0
2025-03-26 09:00:00,0.88375,0.88395,0.88344,0.88356,1088,19,0
2025-03-26 09:30:00,0.88355,0.88385,0.88325,0.88346,870,19,0
2025-03-26 10:00:00,0.88347,0.8838,0.88307,0.88358,1269,19,0
2025-03-26 10:30:00,0.88361,0.8837,0.88309,0.88336,1116,19,0
2025-03-26 11:00:00,0.88343,0.88366,0.88308,0.88338,946,19,0
2025-03-26 11:30:00,0.88339,0.88391,0.88336,0.88354,801,19,0
2025-03-26 12:00:00,0.88353,0.88367,0.88293,0.88339,721,19,0
2025-03-26 12:30:00,0.88338,0.88385,0.88337,0.88359,721,19,0
2025-03-26 13:00:00,0.88356,0.88361,0.88281,0.88335,895,18,0
2025-03-26 13:30:00,0.88334,0.88391,0.88317,0.88387,1060,18,0
2025-03-26 14:00:00,0.88386,0.88416,0.88308,0.88311,1298,17,0
2025-03-26 14:30:00,0.88318,0.88421,0.88318,0.88392,2007,18,0
2025-03-26 15:00:00,0.88393,0.88453,0.88346,0.88445,1716,18,0
2025-03-26 15:30:00,0.88453,0.88462,0.88387,0.88396,1818,18,0
2025-03-26 16:00:00,0.88395,0.88425,0.88316,0.88326,2051,17,0
2025-03-26 16:30:00,0.88324,0.88377,0.88309,0.8834,1365,18,0
2025-03-26 17:00:00,0.88341,0.88421,0.8833,0.88376,1228,18,0
2025-03-26 17:30:00,0.88377,0.88394,0.88333,0.88375,1645,18,0
2025-03-26 18:00:00,0.88376,0.88376,0.883,0.88317,1335,19,0
2025-03-26 18:30:00,0.88316,0.88361,0.88305,0.88352,674,19,0
2025-03-26 19:00:00,0.88349,0.88488,0.88344,0.88467,1522,19,0
2025-03-26 19:30:00,0.88466,0.88496,0.88418,0.88455,1117,19,0
2025-03-26 20:00:00,0.88456,0.88469,0.88422,0.88466,661,19,0
2025-03-26 20:30:00,0.88465,0.88484,0.88439,0.88455,577,19,0
2025-03-26 21:00:00,0.88454,0.88471,0.88445,0.88466,491,20,0
2025-03-26 21:30:00,0.88467,0.88477,0.88437,0.88444,458,19,0
2025-03-26 22:00:00,0.88445,0.88445,0.88403,0.88411,235,19,0
2025-03-26 22:30:00,0.8841,0.8842,0.88314,0.88314,803,23,0
2025-03-26 23:00:00,0.88323,0.88397,0.88304,0.88394,280,87,0
2025-03-26 23:30:00,0.88391,0.88415,0.88378,0.88411,296,87,0
2025-03-27 00:00:00,0.88441,0.88479,0.88395,0.8846,981,19,0
2025-03-27 00:30:00,0.88458,0.88469,0.88379,0.88381,705,19,0
2025-03-27 01:00:00,0.88379,0.88419,0.88371,0.88405,656,19,0
2025-03-27 01:30:00,0.88404,0.8842,0.88386,0.88418,611,19,0
2025-03-27 02:00:00,0.88417,0.88417,0.88349,0.88399,826,19,0
2025-03-27 02:30:00,0.884,0.88402,0.88325,0.88339,812,19,0
2025-03-27 03:00:00,0.88338,0.88338,0.88298,0.883,844,19,0
2025-03-27 03:30:00,0.88297,0.8832,0.88286,0.88308,896,19,0
2025-03-27 04:00:00,0.88307,0.88309,0.88256,0.88268,730,19,0
2025-03-27 04:30:00,0.88267,0.88271,0.88231,0.88252,679,19,0
2025-03-27 05:00:00,0.88253,0.8826,0.88234,0.88245,673,19,0
2025-03-27 05:30:00,0.88245,0.88259,0.88225,0.88244,451,19,0
2025-03-27 06:00:00,0.88239,0.88248,0.88188,0.88194,732,19,0
2025-03-27 06:30:00,0.88195,0.88242,0.88194,0.8824,536,19,0
2025-03-27 07:00:00,0.88241,0.88274,0.88237,0.88269,484,19,0
2025-03-27 07:30:00,0.88267,0.88309,0.88264,0.88296,862,19,0
2025-03-27 08:00:00,0.88297,0.88324,0.88274,0.88308,703,19,0
2025-03-27 08:30:00,0.88307,0.88346,0.8829,0.88345,775,19,0
2025-03-27 09:00:00,0.88347,0.88441,0.88343,0.88431,1258,19,0
2025-03-27 09:30:00,0.88432,0.88467,0.88374,0.88393,1231,19,0
2025-03-27 10:00:00,0.88396,0.88433,0.88344,0.88415,1803,19,0
2025-03-27 10:30:00,0.88416,0.88428,0.8834,0.88362,1197,19,0
2025-03-27 11:00:00,0.88364,0.88443,0.88339,0.88436,1159,19,0
2025-03-27 11:30:00,0.88434,0.88446,0.88403,0.88423,915,19,0
2025-03-27 12:00:00,0.88421,0.88458,0.88388,0.88425,993,19,0
2025-03-27 12:30:00,0.88425,0.88459,0.88402,0.88403,849,19,0
2025-03-27 13:00:00,0.88402,0.88425,0.88333,0.88362,1257,18,0
2025-03-27 13:30:00,0.88361,0.88408,0.88352,0.88359,903,18,0
2025-03-27 14:00:00,0.88361,0.88368,0.88287,0.8831,1204,18,0
2025-03-27 14:30:00,0.88316,0.88326,0.88253,0.88277,1731,18,0
2025-03-27 15:00:00,0.88276,0.88372,0.8824,0.88326,1700,18,0
2025-03-27 15:30:00,0.88325,0.88338,0.88191,0.88303,2434,18,0
2025-03-27 16:00:00,0.88302,0.88343,0.88247,0.88315,2191,18,0
2025-03-27 16:30:00,0.88317,0.88391,0.88235,0.88286,1787,18,0
2025-03-27 17:00:00,0.88286,0.88306,0.88167,0.88172,1662,18,0
2025-03-27 17:30:00,0.88167,0.8818,0.88028,0.88168,2564,18,0
2025-03-27 18:00:00,0.88167,0.88217,0.88161,0.88163,1261,19,0
2025-03-27 18:30:00,0.88162,0.88212,0.88142,0.88175,934,19,0
2025-03-27 19:00:00,0.88173,0.88193,0.88129,0.88178,786,19,0
2025-03-27 19:30:00,0.88177,0.88223,0.88177,0.88212,610,19,0
2025-03-27 20:00:00,0.88211,0.88228,0.88192,0.88199,490,19,0
2025-03-27 20:30:00,0.88198,0.88238,0.88176,0.88231,491,19,0
2025-03-27 21:00:00,0.88229,0.88238,0.88177,0.88186,440,19,0
2025-03-27 21:30:00,0.88187,0.8819,0.88143,0.88172,419,19,0
2025-03-27 22:00:00,0.88171,0.88181,0.88158,0.88163,177,19,0
2025-03-27 22:30:00,0.88164,0.88184,0.88114,0.88115,297,23,0
2025-03-27 23:00:00,0.88108,0.882,0.88073,0.88124,327,87,0
2025-03-27 23:30:00,0.88121,0.88122,0.88093,0.88114,722,95,0
2025-03-28 00:00:00,0.88113,0.8818,0.88092,0.88169,673,19,0
2025-03-28 00:30:00,0.88168,0.88176,0.88137,0.88145,405,19,0
2025-03-28 01:00:00,0.88146,0.88159,0.88139,0.88157,279,19,0
2025-03-28 01:30:00,0.88157,0.88163,0.88135,0.88154,671,19,0
2025-03-28 02:00:00,0.88153,0.88213,0.88153,0.88196,670,19,0
2025-03-28 02:30:00,0.88197,0.88242,0.88193,0.88206,660,19,0
2025-03-28 03:00:00,0.88208,0.88233,0.88189,0.88214,618,19,0
2025-03-28 03:30:00,0.88213,0.88221,0.88185,0.88208,635,19,0
2025-03-28 04:00:00,0.88209,0.88221,0.88197,0.8822,493,19,0
2025-03-28 04:30:00,0.88222,0.88239,0.88213,0.88213,572,19,0
2025-03-28 05:00:00,0.88212,0.88226,0.88198,0.88226,549,19,0
2025-03-28 05:30:00,0.88226,0.8825,0.88217,0.88242,455,19,0
2025-03-28 06:00:00,0.8824,0.88271,0.88226,0.88257,490,19,0
2025-03-28 06:30:00,0.88256,0.88271,0.88234,0.88234,428,19,0
2025-03-28 07:00:00,0.88233,0.88251,0.88227,0.88229,389,19,0
2025-03-28 07:30:00,0.8823,0.88246,0.88181,0.88206,604,19,0
2025-03-28 08:00:00,0.88206,0.88246,0.88203,0.88224,392,19,0
2025-03-28 08:30:00,0.88227,0.88242,0.88183,0.88186,512,19,0
2025-03-28 09:00:00,0.88187,0.88237,0.88114,0.88118,770,19,0
2025-03-28 09:30:00,0.88117,0.8819,0.88114,0.88164,946,19,0
2025-03-28 10:00:00,0.88163,0.88175,0.88101,0.88163,1326,19,0
2025-03-28 10:30:00,0.88164,0.88249,0.88164,0.88217,781,19,0
2025-03-28 11:00:00,0.88216,0.88322,0.88183,0.88311,870,19,0
2025-03-28 11:30:00,0.88312,0.88322,0.88213,0.8825,764,19,0
2025-03-28 12:00:00,0.88251,0.88308,0.8825,0.88263,799,19,0
2025-03-28 12:30:00,0.88261,0.88286,0.88242,0.88286,637,19,0
2025-03-28 13:00:00,0.88284,0.88336,0.88268,0.88307,830,18,0
2025-03-28 13:30:00,0.88308,0.88319,0.88274,0.88293,716,18,0
2025-03-28 14:00:00,0.88294,0.88322,0.88245,0.88289,914,18,0
2025-03-28 14:30:00,0.88284,0.8834,0.8819,0.88212,2590,18,0
2025-03-28 15:00:00,0.88213,0.88267,0.88172,0.88197,2588,18,0
2025-03-28 15:30:00,0.88198,0.88252,0.88165,0.88199,2033,18,0
2025-03-28 16:00:00,0.882,0.88205,0.88003,0.88017,2307,18,0
2025-03-28 16:30:00,0.88018,0.88114,0.87986,0.88109,2031,18,0
2025-03-28 17:00:00,0.88108,0.88134,0.88039,0.88051,1743,18,0
2025-03-28 17:30:00,0.88049,0.88107,0.88022,0.88077,1774,18,0
2025-03-28 18:00:00,0.8808,0.88113,0.88051,0.88092,1101,19,0
2025-03-28 18:30:00,0.88091,0.88173,0.8808,0.88116,777,19,0
2025-03-28 19:00:00,0.88117,0.88184,0.88098,0.8814,757,19,0
2025-03-28 19:30:00,0.88139,0.8819,0.88108,0.88183,744,19,0
2025-03-28 20:00:00,0.8818,0.88221,0.88171,0.88192,662,19,0
2025-03-28 20:30:00,0.88187,0.88202,0.88154,0.88178,629,19,0
2025-03-28 21:00:00,0.88179,0.88189,0.88138,0.88147,471,19,0
2025-03-28 21:30:00,0.88146,0.88168,0.88136,0.88149,453,19,0
2025-03-28 22:00:00,0.88152,0.88152,0.88096,0.88097,279,22,0
2025-03-28 22:30:00,0.88096,0.88125,0.88011,0.88017,594,23,0
2025-03-31 00:00:00,0.87967,0.87978,0.87883,0.87978,114,120,0
2025-03-31 00:30:00,0.87972,0.8813,0.87953,0.881,1017,101,0
2025-03-31 01:00:00,0.8807,0.88111,0.88048,0.88082,998,19,0
2025-03-31 01:30:00,0.88082,0.88091,0.88033,0.88053,540,19,0
2025-03-31 02:00:00,0.88051,0.88074,0.88009,0.88064,702,19,0
2025-03-31 02:30:00,0.88065,0.88085,0.88029,0.88082,861,19,0
2025-03-31 03:00:00,0.88081,0.88084,0.87892,0.87933,1044,19,0
2025-03-31 03:30:00,0.87934,0.87934,0.87876,0.87886,1031,19,0
2025-03-31 04:00:00,0.87888,0.87904,0.87869,0.87871,994,19,0
2025-03-31 04:30:00,0.87871,0.87931,0.87837,0.87927,1088,19,0
2025-03-31 05:00:00,0.87926,0.87935,0.87849,0.8785,778,19,0
2025-03-31 05:30:00,0.87849,0.87861,0.87828,0.8784,594,19,0
2025-03-31 06:00:00,0.87841,0.87872,0.87829,0.87866,576,19,0
2025-03-31 06:30:00,0.87867,0.87893,0.87865,0.87882,394,19,0
2025-03-31 07:00:00,0.87882,0.87898,0.87855,0.87879,513,19,0
2025-03-31 07:30:00,0.87879,0.87913,0.87877,0.87897,490,19,0
2025-03-31 08:00:00,0.879,0.87917,0.87881,0.8789,616,19,0
2025-03-31 08:30:00,0.8789,0.87958,0.87875,0.87955,759,19,0
2025-03-31 09:00:00,0.87955,0.88021,0.87904,0.87904,1066,19,0
2025-03-31 09:30:00,0.87903,0.87947,0.87863,0.87906,1192,19,0
2025-03-31 10:00:00,0.87905,0.87971,0.878,0.87966,1724,19,0
2025-03-31 10:30:00,0.87965,0.88081,0.87951,0.88076,1376,19,0
2025-03-31 11:00:00,0.88077,0.88156,0.8806,0.88143,1587,19,0
2025-03-31 11:30:00,0.88144,0.88154,0.88051,0.88065,1121,19,0
2025-03-31 12:00:00,0.88064,0.88111,0.88041,0.8811,880,19,0
2025-03-31 12:30:00,0.88111,0.88157,0.88082,0.88128,1042,19,0
2025-03-31 13:00:00,0.88126,0.8818,0.88115,0.88138,812,19,0
2025-03-31 13:30:00,0.88137,0.88172,0.88116,0.88147,717,19,0
2025-03-31 14:00:00,0.88149,0.88149,0.88048,0.88079,1050,18,0
2025-03-31 14:30:00,0.88078,0.88113,0.88051,0.881,1046,18,0
2025-03-31 15:00:00,0.88101,0.8816,0.88091,0.88148,1300,18,0
2025-03-31 15:30:00,0.88149,0.88206,0.88136,0.88203,1367,18,0
2025-03-31 16:00:00,0.88204,0.88224,0.88143,0.88152,1320,18,0
2025-03-31 16:30:00,0.88154,0.88236,0.88121,0.88225,2069,18,0
2025-03-31 17:00:00,0.88224,0.88431,0.88221,0.88391,1970,18,0
2025-03-31 17:30:00,0.88393,0.88508,0.88362,0.88456,2935,18,0
2025-03-31 18:00:00,0.88457,0.88524,0.88381,0.88381,2799,18,0
2025-03-31 18:30:00,0.88382,0.88454,0.88359,0.88426,1475,18,0
2025-03-31 19:00:00,0.88422,0.88501,0.88406,0.88461,1026,21,0
2025-03-31 19:30:00,0.8846,0.88462,0.88405,0.88432,828,19,0
2025-03-31 20:00:00,0.88429,0.88476,0.88424,0.88466,666,19,0
2025-03-31 20:30:00,0.88464,0.88481,0.88447,0.88475,534,19,0
2025-03-31 21:00:00,0.88476,0.88542,0.88472,0.88518,688,19,0
2025-03-31 21:30:00,0.88519,0.88519,0.8844,0.88462,639,19,0
2025-03-31 22:00:00,0.88461,0.88481,0.88432,0.88434,478,19,0
2025-03-31 22:30:00,0.88435,0.88456,0.88397,0.88441,630,20,0
2025-03-31 23:00:00,0.8844,0.88465,0.88412,0.88416,434,22,0
2025-03-31 23:30:00,0.88417,0.88425,0.88371,0.88371,313,23,0
2025-04-01 00:00:00,0.88394,0.88395,0.88355,0.88382,92,109,0
2025-04-01 00:30:00,0.8838,0.88383,0.88343,0.88366,296,87,0
2025-04-01 01:00:00,0.88364,0.88425,0.88364,0.88416,393,19,0
2025-04-01 01:30:00,0.88417,0.88421,0.8839,0.88394,417,19,0
2025-04-01 02:00:00,0.88396,0.88417,0.88388,0.88403,358,19,0
2025-04-01 02:30:00,0.88402,0.88411,0.88368,0.88383,503,19,0
2025-04-01 03:00:00,0.88382,0.88383,0.88321,0.88354,668,19,0
2025-04-01 03:30:00,0.88355,0.88358,0.88311,0.88337,745,19,0
2025-04-01 04:00:00,0.88336,0.88337,0.88301,0.88315,655,19,0
2025-04-01 04:30:00,0.88313,0.88355,0.88311,0.8834,614,19,0
2025-04-01 05:00:00,0.88341,0.88351,0.8831,0.88321,639,19,0
2025-04-01 05:30:00,0.8832,0.88339,0.88315,0.8833,503,19,0
2025-04-01 06:00:00,0.88332,0.88351,0.88319,0.88325,383,19,0
2025-04-01 06:30:00,0.88326,0.88329,0.88283,0.88285,631,19,0
2025-04-01 07:00:00,0.88281,0.88303,0.88265,0.88284,519,19,0
2025-04-01 07:30:00,0.88282,0.88284,0.88255,0.88281,552,19,0
2025-04-01 08:00:00,0.8828,0.88338,0.88279,0.88333,692,19,0
2025-04-01 08:30:00,0.88332,0.88332,0.88295,0.88312,731,19,0
2025-04-01 09:00:00,0.88316,0.88429,0.88305,0.88416,870,19,0
2025-04-01 09:30:00,0.88417,0.8842,0.88324,0.88359,895,19,0
2025-04-01 10:00:00,0.88362,0.88371,0.88255,0.8829,1566,19,0
2025-04-01 10:30:00,0.88289,0.88325,0.88269,0.88294,1096,19,0
2025-04-01 11:00:00,0.88296,0.88299,0.88247,0.88289,825,19,0
2025-04-01 11:30:00,0.88287,0.88292,0.88239,0.88247,638,19,0
2025-04-01 12:00:00,0.88248,0.88262,0.88168,0.88181,994,19,0
2025-04-01 12:30:00,0.88182,0.88226,0.88174,0.88205,715,19,0
2025-04-01 13:00:00,0.88204,0.88288,0.88202,0.88222,1508,19,0
2025-04-01 13:30:00,0.8822,0.88234,0.88191,0.88205,792,19,0
2025-04-01 14:00:00,0.88207,0.8826,0.88198,0.88259,1159,18,0
2025-04-01 14:30:00,0.8826,0.88268,0.88205,0.88257,1288,18,0
2025-04-01 15:00:00,0.88256,0.88262,0.88198,0.88225,1204,18,0
2025-04-01 15:30:00,0.88223,0.88326,0.88178,0.88312,1345,18,0
2025-04-01 16:00:00,0.88311,0.88336,0.8826,0.88282,1226,18,0
2025-04-01 16:30:00,0.88283,0.88373,0.88276,0.88309,1803,18,0
2025-04-01 17:00:00,0.88308,0.88324,0.88159,0.88256,2757,18,0
2025-04-01 17:30:00,0.88258,0.88282,0.88165,0.88256,2630,18,0
2025-04-01 18:00:00,0.88257,0.88295,0.88231,0.88234,1996,18,0
2025-04-01 18:30:00,0.88235,0.88283,0.88229,0.88259,1483,18,0
2025-04-01 19:00:00,0.88258,0.88322,0.88246,0.88269,967,21,0
2025-04-01 19:30:00,0.88266,0.88347,0.88249,0.88308,895,19,0
2025-04-01 20:00:00,0.88311,0.88371,0.88308,0.8837,687,19,0
2025-04-01 20:30:00,0.88371,0.88399,0.88371,0.88385,585,19,0
2025-04-01 21:00:00,0.88386,0.8839,0.88348,0.88352,769,19,0
2025-04-01 21:30:00,0.88351,0.88409,0.88335,0.88388,522,19,0
2025-04-01 22:00:00,0.88387,0.88412,0.88351,0.88351,545,19,0
2025-04-01 22:30:00,0.88352,0.88387,0.88352,0.88378,651,19,0
2025-04-01 23:00:00,0.88381,0.88385,0.88349,0.88363,245,21,0
2025-04-01 23:30:00,0.88362,0.88372,0.88328,0.88336,472,23,0
2025-04-02 00:00:00,0.88338,0.88338,0.88247,0.88326,49,66,0
2025-04-02 00:30:00,0.88328,0.88337,0.88279,0.88308,257,87,0
2025-04-02 01:00:00,0.88309,0.8839,0.88305,0.88346,769,19,0
2025-04-02 01:30:00,0.88345,0.88377,0.88337,0.88368,557,19,0
2025-04-02 02:00:00,0.88366,0.88383,0.8836,0.88364,473,19,0
2025-04-02 02:30:00,0.88367,0.88377,0.88348,0.88363,530,19,0
2025-04-02 03:00:00,0.88362,0.88383,0.88344,0.88359,862,19,0
2025-04-02 03:30:00,0.88358,0.88379,0.88348,0.8836,842,19,0
2025-04-02 04:00:00,0.8836,0.88419,0.88348,0.88395,689,19,0
2025-04-02 04:30:00,0.88394,0.88397,0.88353,0.8836,703,19,0
2025-04-02 05:00:00,0.88359,0.88361,0.88318,0.88326,634,19,0
2025-04-02 05:30:00,0.88325,0.88342,0.88306,0.88332,552,19,0
2025-04-02 06:00:00,0.88331,0.88333,0.8831,0.88329,463,19,0
2025-04-02 06:30:00,0.88328,0.88338,0.88325,0.88332,326,19,0
2025-04-02 07:00:00,0.88333,0.88356,0.88324,0.88352,359,19,0
2025-04-02 07:30:00,0.88353,0.88365,0.88343,0.88363,336,19,0
2025-04-02 08:00:00,0.88364,0.8839,0.88363,0.88373,571,19,0
2025-04-02 08:30:00,0.88372,0.88388,0.88363,0.88369,536,19,0
2025-04-02 09:00:00,0.88367,0.88434,0.88352,0.88434,693,19,0
2025-04-02 09:30:00,0.88433,0.8845,0.88392,0.88421,692,19,0
2025-04-02 10:00:00,0.88424,0.88472,0.88395,0.88432,996,19,0
2025-04-02 10:30:00,0.88433,0.88469,0.88402,0.88448,918,19,0
2025-04-02 11:00:00,0.88447,0.88449,0.884,0.88426,814,19,0
2025-04-02 11:30:00,0.88425,0.88466,0.88398,0.88432,761,19,0
2025-04-02 12:00:00,0.88433,0.88477,0.88423,0.88469,707,19,0
2025-04-02 12:30:00,0.88468,0.88469,0.88371,0.88388,696,19,0
2025-04-02 13:00:00,0.88387,0.88457,0.88358,0.8844,1035,19,0
2025-04-02 13:30:00,0.88441,0.88456,0.88391,0.88404,833,19,0
2025-04-02 14:00:00,0.88403,0.88414,0.88364,0.88382,767,18,0
2025-04-02 14:30:00,0.88383,0.88385,0.88295,0.8832,876,18,0
2025-04-02 15:00:00,0.88321,0.88384,0.88287,0.88304,1558,18,0
2025-04-02 15:30:00,0.88303,0.88336,0.88274,0.8828,1521,18,0
2025-04-02 16:00:00,0.88283,0.88283,0.88202,0.8822,1445,18,0
2025-04-02 16:30:00,0.88219,0.88312,0.88219,0.88272,1995,18,0
2025-04-02 17:00:00,0.88273,0.88342,0.88253,0.88326,2178,17,0
2025-04-02 17:30:00,0.88327,0.88337,0.88179,0.88222,2754,18,0
2025-04-02 18:00:00,0.88221,0.88259,0.88187,0.88238,2052,18,0
2025-04-02 18:30:00,0.88234,0.88237,0.88143,0.88178,1655,18,0
2025-04-02 19:00:00,0.88179,0.8832,0.88172,0.88318,1014,20,0
2025-04-02 19:30:00,0.88317,0.88374,0.88307,0.88341,1009,19,0
2025-04-02 20:00:00,0.88342,0.88357,0.88292,0.88307,835,19,0
2025-04-02 20:30:00,0.88308,0.88313,0.88268,0.88282,689,19,0
2025-04-02 21:00:00,0.88281,0.88296,0.88233,0.88235,733,19,0
2025-04-02 21:30:00,0.88234,0.88264,0.88225,0.88238,633,19,0
2025-04-02 22:00:00,0.88238,0.88269,0.88234,0.8825,595,19,0
2025-04-02 22:30:00,0.88251,0.88286,0.88237,0.88261,649,18,0
2025-04-02 23:00:00,0.8826,0.88397,0.88128,0.88223,5338,20,0
2025-04-02 23:30:00,0.88226,0.88366,0.88116,0.88196,5400,23,0
2025-04-03 00:00:00,0.88178,0.88291,0.88135,0.88255,314,50,0
2025-04-03 00:30:00,0.88254,0.88286,0.88133,0.8818,342,50,0
2025-04-03 01:00:00,0.88181,0.88183,0.8805,0.881,2814,19,0
2025-04-03 01:30:00,0.88105,0.88128,0.87953,0.87982,1807,19,0
2025-04-03 02:00:00,0.87984,0.87984,0.87786,0.87795,2342,19,0
2025-04-03 02:30:00,0.87796,0.87819,0.87627,0.87689,3392,19,0
2025-04-03 03:00:00,0.87685,0.87887,0.87642,0.8786,3598,19,0
2025-04-03 03:30:00,0.87861,0.87899,0.87693,0.8781,3430,19,0
2025-04-03 04:00:00,0.87809,0.87853,0.87711,0.87733,2755,19,0
2025-04-03 04:30:00,0.87735,0.87741,0.87629,0.87693,2579,19,0
2025-04-03 05:00:00,0.87692,0.87733,0.87563,0.87612,1913,19,0
2025-04-03 05:30:00,0.87613,0.87638,0.87576,0.87629,1813,19,0
2025-04-03 06:00:00,0.87628,0.87631,0.8752,0.87536,1759,19,0
2025-04-03 06:30:00,0.87535,0.87569,0.87489,0.87562,1445,19,0
2025-04-03 07:00:00,0.87564,0.87588,0.87524,0.87547,1178,19,0
2025-04-03 07:30:00,0.87546,0.87605,0.87521,0.87593,1173,19,0
2025-04-03 08:00:00,0.87596,0.87598,0.8716,0.87203,2090,19,0
2025-04-03 08:30:00,0.87204,0.8725,0.87116,0.87206,2954,19,0
2025-04-03 09:00:00,0.87202,0.87257,0.87075,0.87169,2995,18,0
2025-04-03 09:30:00,0.87165,0.87262,0.86882,0.86895,4193,19,0
2025-04-03 10:00:00,0.86898,0.871,0.86848,0.87044,4234,19,0
2025-04-03 10:30:00,0.87043,0.8709,0.86808,0.86835,2601,19,0
2025-04-03 11:00:00,0.86834,0.8691,0.86712,0.86732,2374,19,0
2025-04-03 11:30:00,0.86721,0.86721,0.86521,0.86599,2399,19,0
2025-04-03 12:00:00,0.86601,0.86638,0.86399,0.86423,3026,19,0
2025-04-03 12:30:00,0.8642,0.86485,0.86341,0.86344,2654,19,0
2025-04-03 13:00:00,0.86343,0.86372,0.8589,0.8614,5111,19,0
2025-04-03 13:30:00,0.86141,0.86342,0.86141,0.86306,3601,19,0
2025-04-03 14:00:00,0.86305,0.86365,0.86227,0.86255,3186,17,0
2025-04-03 14:30:00,0.86254,0.86255,0.85947,0.86021,3887,17,0
2025-04-03 15:00:00,0.86024,0.86069,0.85904,0.85995,3722,18,0
2025-04-03 15:30:00,0.85996,0.86077,0.85839,0.85919,4513,18,0
2025-04-03 16:00:00,0.85919,0.86029,0.8554,0.85766,5128,18,0
2025-04-03 16:30:00,0.85763,0.85982,0.85653,0.85708,5540,17,0
2025-04-03 17:00:00,0.85707,0.85769,0.85563,0.85756,5725,18,0
2025-04-03 17:30:00,0.85755,0.85766,0.8546,0.85575,4097,18,0
2025-04-03 18:00:00,0.85574,0.85853,0.85511,0.85822,3890,18,0
2025-04-03 18:30:00,0.85818,0.85987,0.85794,0.85893,3989,18,0
2025-04-03 19:00:00,0.85894,0.86036,0.85875,0.86022,2850,19,0
2025-04-03 19:30:00,0.86023,0.86079,0.85939,0.85998,2507,19,0
2025-04-03 20:00:00,0.85996,0.86071,0.85977,0.86067,1970,19,0
2025-04-03 20:30:00,0.86065,0.86179,0.8603,0.86108,1879,19,0
2025-04-03 21:00:00,0.86109,0.86156,0.8607,0.86133,1381,19,0
2025-04-03 21:30:00,0.86132,0.86151,0.86091,0.86094,1606,19,0
2025-04-03 22:00:00,0.86093,0.86101,0.85957,0.85984,1576,19,0
2025-04-03 22:30:00,0.85987,0.85996,0.85894,0.85932,1632,19,0
2025-04-03 23:00:00,0.85931,0.85997,0.85918,0.85974,682,20,0
2025-04-03 23:30:00,0.85973,0.85977,0.85887,0.85899,950,23,0
2025-04-04 00:00:00,0.859,0.85946,0.85799,0.85822,116,40,0
2025-04-04 00:30:00,0.85821,0.85841,0.85802,0.85813,982,120,0
2025-04-04 01:00:00,0.85815,0.8586,0.85782,0.85823,1783,19,0
2025-04-04 01:30:00,0.85826,0.85826,0.85751,0.85792,1146,19,0
2025-04-04 02:00:00,0.85791,0.85903,0.85791,0.85896,1295,19,0
2025-04-04 02:30:00,0.85899,0.85928,0.85876,0.8591,1277,19,0
2025-04-04 03:00:00,0.85907,0.85955,0.85896,0.85925,1912,19,0
2025-04-04 03:30:00,0.85926,0.85926,0.8571,0.85746,1885,19,0
2025-04-04 04:00:00,0.85747,0.8581,0.8574,0.85754,1664,19,0
2025-04-04 04:30:00,0.85755,0.85761,0.85586,0.85609,1716,19,0
2025-04-04 05:00:00,0.85608,0.85648,0.85567,0.85625,1586,19,0
2025-04-04 05:30:00,0.85626,0.85634,0.85575,0.85607,1450,19,0
2025-04-04 06:00:00,0.85606,0.85626,0.85476,0.85482,1388,19,0
2025-04-04 06:30:00,0.85482,0.85485,0.85287,0.85306,2012,19,0
2025-04-04 07:00:00,0.85304,0.85374,0.85273,0.85318,1853,19,0
2025-04-04 07:30:00,0.85318,0.85346,0.85267,0.85303,1564,19,0
2025-04-04 08:00:00,0.85302,0.85311,0.85231,0.85289,1752,19,0
2025-04-04 08:30:00,0.8529,0.85498,0.85286,0.85413,1753,19,0
2025-04-04 09:00:00,0.8541,0.85519,0.85391,0.85487,2015,20,0
2025-04-04 09:30:00,0.85485,0.85607,0.85422,0.8557,2594,19,0
2025-04-04 10:00:00,0.85569,0.85569,0.85332,0.85395,2615,19,0
2025-04-04 10:30:00,0.85396,0.8556,0.85353,0.85508,3501,20,0
2025-04-04 11:00:00,0.85507,0.85623,0.85327,0.85531,3846,19,0
2025-04-04 11:30:00,0.85528,0.85695,0.85504,0.85551,3572,19,0
2025-04-04 12:00:00,0.85549,0.85577,0.85445,0.85478,3546,19,0
2025-04-04 12:30:00,0.85476,0.85554,0.85429,0.8549,2786,19,0
2025-04-04 13:00:00,0.85491,0.85623,0.85162,0.85168,5741,19,0
2025-04-04 13:30:00,0.85167,0.85214,0.84993,0.85011,5612,19,0
2025-04-04 14:00:00,0.85012,0.85076,0.84759,0.8486,5409,18,0
2025-04-04 14:30:00,0.84861,0.85087,0.84834,0.85055,6733,18,0
2025-04-04 15:00:00,0.85058,0.85148,0.84881,0.84922,6115,18,0
2025-04-04 15:30:00,0.84921,0.85291,0.84905,0.85263,9079,18,0
2025-04-04 16:00:00,0.85264,0.85344,0.85043,0.85152,6361,18,0
2025-04-04 16:30:00,0.85153,0.85275,0.85021,0.85261,7430,18,0
2025-04-04 17:00:00,0.85262,0.8537,0.85204,0.85263,5874,18,0
2025-04-04 17:30:00,0.8526,0.8563,0.85249,0.85599,6309,18,0
2025-04-04 18:00:00,0.85598,0.85763,0.85573,0.856,7227,18,0
2025-04-04 18:30:00,0.85601,0.85729,0.85445,0.85461,6661,18,0
2025-04-04 19:00:00,0.85458,0.85765,0.85425,0.85699,5240,20,0
2025-04-04 19:30:00,0.857,0.85902,0.85665,0.85842,4415,20,0
2025-04-04 20:00:00,0.85841,0.86072,0.85797,0.8602,4010,19,0
2025-04-04 20:30:00,0.86022,0.86059,0.85951,0.86047,4013,19,0
2025-04-04 21:00:00,0.86057,0.8615,0.85971,0.85974,3211,19,0
2025-04-04 21:30:00,0.85976,0.86068,0.85928,0.86042,2888,19,0
2025-04-04 22:00:00,0.86043,0.86248,0.86043,0.86212,3331,20,0
2025-04-04 22:30:00,0.86206,0.8623,0.86084,0.86175,3069,19,0
2025-04-04 23:00:00,0.86174,0.86222,0.86126,0.86209,1341,19,0
2025-04-04 23:30:00,0.86208,0.8621,0.85953,0.85991,1158,26,0
2025-04-07 00:00:00,0.85533,0.85604,0.854,0.85433,351,101,0
2025-04-07 00:30:00,0.8544,0.85517,0.85417,0.85466,526,101,0
2025-04-07 01:00:00,0.85464,0.8558,0.85284,0.85299,4885,19,0
2025-04-07 01:30:00,0.85298,0.8535,0.85114,0.8518,4129,19,0
2025-04-07 02:00:00,0.85179,0.85231,0.85004,0.85033,4213,19,0
2025-04-07 02:30:00,0.8503,0.85172,0.84954,0.85157,4105,19,0
2025-04-07 03:00:00,0.85158,0.85305,0.85132,0.85245,6126,19,0
2025-04-07 03:30:00,0.85248,0.85396,0.85223,0.85383,5003,19,0
2025-04-07 04:00:00,0.85382,0.85502,0.85352,0.85443,4340,19,0
2025-04-07 04:30:00,0.85439,0.8555,0.85392,0.8552,3263,19,0
2025-04-07 05:00:00,0.85519,0.85702,0.85498,0.857,2759,19,0
2025-04-07 05:30:00,0.85702,0.8583,0.85695,0.85757,2477,19,0
2025-04-07 06:00:00,0.85762,0.85777,0.85698,0.85725,1831,19,0
2025-04-07 06:30:00,0.85724,0.85724,0.85534,0.85579,1769,19,0
2025-04-07 07:00:00,0.8558,0.85626,0.85364,0.85384,1693,19,0
2025-04-07 07:30:00,0.85385,0.85387,0.85244,0.85276,1750,19,0
2025-04-07 08:00:00,0.85277,0.85424,0.85241,0.85293,3159,19,0
2025-04-07 08:30:00,0.85293,0.85304,0.85041,0.85093,3184,19,0
2025-04-07 09:00:00,0.85095,0.85274,0.8495,0.85001,4057,19,0
2025-04-07 09:30:00,0.84999,0.85025,0.84807,0.84899,4852,20,0
2025-04-07 10:00:00,0.84898,0.8491,0.84599,0.84643,5304,20,0
2025-04-07 10:30:00,0.84636,0.84826,0.84497,0.848,5252,19,0
2025-04-07 11:00:00,0.84802,0.85266,0.84716,0.85256,5880,19,0
2025-04-07 11:30:00,0.85251,0.85285,0.85033,0.85108,4523,19,0
2025-04-07 12:00:00,0.85107,0.85251,0.85091,0.85189,3497,19,0
2025-04-07 12:30:00,0.8518,0.8534,0.85128,0.85233,3529,19,0
2025-04-07 13:00:00,0.85234,0.85394,0.85207,0.85325,3726,19,0
2025-04-07 13:30:00,0.85324,0.85432,0.85265,0.85373,3989,19,0
2025-04-07 14:00:00,0.85372,0.85526,0.85353,0.85459,4464,18,0
2025-04-07 14:30:00,0.85461,0.85548,0.8537,0.85532,4760,18,0
2025-04-07 15:00:00,0.85531,0.85764,0.85462,0.85758,5063,18,0
2025-04-07 15:30:00,0.85756,0.85859,0.85562,0.85624,6118,18,0
2025-04-07 16:00:00,0.85621,0.85621,0.85381,0.85437,4884,18,0
2025-04-07 16:30:00,0.85435,0.85836,0.85422,0.85802,6360,18,0
2025-04-07 17:00:00,0.85799,0.86734,0.85716,0.85945,10578,18,0
2025-04-07 17:30:00,0.85941,0.86159,0.85761,0.86078,9802,18,0
2025-04-07 18:00:00,0.86075,0.86223,0.85745,0.85782,8417,18,0
2025-04-07 18:30:00,0.85781,0.86041,0.85781,0.85974,6670,18,0
2025-04-07 19:00:00,0.85973,0.86022,0.85866,0.85982,5411,20,0
2025-04-07 19:30:00,0.85981,0.86062,0.85829,0.85831,3387,19,0
2025-04-07 20:00:00,0.85833,0.85948,0.85609,0.8571,4231,19,0
2025-04-07 20:30:00,0.85711,0.85732,0.85583,0.85698,4350,19,0
2025-04-07 21:00:00,0.85702,0.85815,0.85546,0.85756,4577,19,0
2025-04-07 21:30:00,0.85755,0.8576,0.85663,0.85679,3210,19,0
2025-04-07 22:00:00,0.85681,0.85738,0.8561,0.8561,3274,19,0
2025-04-07 22:30:00,0.85609,0.85806,0.85603,0.85786,3318,19,0
2025-04-07 23:00:00,0.8579,0.85944,0.85787,0.85918,2651,21,0
2025-04-07 23:30:00,0.85919,0.86036,0.85914,0.85933,1655,23,0
2025-04-08 00:00:00,0.85958,0.86048,0.85954,0.86017,692,108,0
2025-04-08 00:30:00,0.86016,0.86018,0.85826,0.85888,543,87,0
2025-04-08 01:00:00,0.85889,0.86036,0.85884,0.8601,2058,19,0
2025-04-08 01:30:00,0.86011,0.86029,0.85923,0.85943,1372,19,0
2025-04-08 02:00:00,0.85941,0.86014,0.85917,0.85973,1292,19,0
2025-04-08 02:30:00,0.85974,0.8599,0.85913,0.85969,2021,19,0
2025-04-08 03:00:00,0.85964,0.86001,0.85823,0.85883,3099,19,0
2025-04-08 03:30:00,0.85883,0.85893,0.85726,0.85741,2366,19,0
2025-04-08 04:00:00,0.85742,0.85772,0.85634,0.85658,3123,19,0
2025-04-08 04:30:00,0.85652,0.85726,0.85631,0.85705,2239,19,0
2025-04-08 05:00:00,0.85705,0.85728,0.85612,0.85715,1423,19,0
2025-04-08 05:30:00,0.85716,0.85718,0.85619,0.85648,1457,19,0
2025-04-08 06:00:00,0.85649,0.85681,0.85623,0.85659,1305,19,0
2025-04-08 06:30:00,0.8566,0.85715,0.8564,0.85673,1313,19,0
2025-04-08 07:00:00,0.85674,0.85689,0.8558,0.85603,1472,19,0
2025-04-08 07:30:00,0.85603,0.85693,0.856,0.85679,1263,19,0
2025-04-08 08:00:00,0.8568,0.85749,0.85651,0.85749,1704,19,0
2025-04-08 08:30:00,0.8575,0.85807,0.85718,0.85766,1628,19,0
2025-04-08 09:00:00,0.85747,0.85748,0.85567,0.85592,2423,19,0
2025-04-08 09:30:00,0.85594,0.85597,0.85428,0.85517,2323,19,0
2025-04-08 10:00:00,0.85516,0.85722,0.8543,0.857,3697,20,0
2025-04-08 10:30:00,0.85699,0.86008,0.85686,0.85987,3717,20,0
2025-04-08 11:00:00,0.85984,0.86005,0.85828,0.85928,2907,19,0
2025-04-08 11:30:00,0.85927,0.85999,0.85892,0.85911,2383,19,0
2025-04-08 12:00:00,0.8591,0.85963,0.85827,0.85845,2313,19,0
2025-04-08 12:30:00,0.85846,0.85852,0.85725,0.85727,1962,19,0
2025-04-08 13:00:00,0.85728,0.85783,0.85575,0.85579,1853,19,0
2025-04-08 13:30:00,0.8558,0.85582,0.85457,0.85561,2062,19,0
2025-04-08 14:00:00,0.85562,0.85563,0.85432,0.85516,3551,18,0
2025-04-08 14:30:00,0.85515,0.85591,0.8543,0.85444,3353,18,0
2025-04-08 15:00:00,0.85441,0.85457,0.8523,0.85309,3509,18,0
2025-04-08 15:30:00,0.85311,0.85346,0.85199,0.8528,3281,18,0
2025-04-08 16:00:00,0.85281,0.85389,0.8524,0.8527,4413,18,0
2025-04-08 16:30:00,0.85271,0.85526,0.85269,0.85523,5000,18,0
2025-04-08 17:00:00,0.85525,0.85813,0.85519,0.85714,4957,18,0
2025-04-08 17:30:00,0.85713,0.85846,0.85657,0.85843,4760,18,0
2025-04-08 18:00:00,0.85844,0.85849,0.85671,0.85686,3842,18,0
2025-04-08 18:30:00,0.85685,0.85725,0.85573,0.85599,2644,18,0
2025-04-08 19:00:00,0.85598,0.85729,0.85583,0.85601,2958,19,0
2025-04-08 19:30:00,0.856,0.856,0.85258,0.85264,4246,20,0
2025-04-08 20:00:00,0.85268,0.85313,0.84981,0.8499,4457,22,0
2025-04-08 20:30:00,0.84992,0.8513,0.84942,0.85014,4723,19,0
2025-04-08 21:00:00,0.85015,0.85091,0.84803,0.84903,3856,19,0
2025-04-08 21:30:00,0.84902,0.84963,0.8478,0.84786,3748,19,0
2025-04-08 22:00:00,0.84787,0.84809,0.84543,0.84642,3343,19,0
2025-04-08 22:30:00,0.84644,0.84823,0.84612,0.84793,3825,19,0
2025-04-08 23:00:00,0.84792,0.84911,0.84762,0.8489,1736,22,0
2025-04-08 23:30:00,0.84888,0.84924,0.84686,0.84719,2281,23,0
2025-04-09 00:00:00,0.84718,0.84798,0.84679,0.8468,2163,109,0
2025-04-09 00:30:00,0.84679,0.84741,0.84628,0.84707,2134,108,0
2025-04-09 01:00:00,0.84706,0.84738,0.84629,0.84681,3232,19,0
2025-04-09 01:30:00,0.8468,0.847,0.84546,0.84637,1523,19,0
2025-04-09 02:00:00,0.84638,0.84639,0.8455,0.84577,1782,19,0
2025-04-09 02:30:00,0.84577,0.84597,0.8448,0.84593,2800,19,0
2025-04-09 03:00:00,0.84594,0.84624,0.84421,0.84457,4176,19,0
2025-04-09 03:30:00,0.84457,0.84457,0.84287,0.84328,3495,19,0
2025-04-09 04:00:00,0.84327,0.84354,0.84204,0.84247,4170,19,0
2025-04-09 04:30:00,0.84245,0.84472,0.84242,0.84426,3927,19,0
2025-04-09 05:00:00,0.84428,0.84518,0.8437,0.845,3142,19,0
2025-04-09 05:30:00,0.84499,0.84605,0.84448,0.84452,1978,19,0
2025-04-09 06:00:00,0.84451,0.84462,0.84245,0.84248,2492,19,0
2025-04-09 06:30:00,0.84241,0.84394,0.84226,0.84378,3042,19,0
2025-04-09 07:00:00,0.84375,0.84394,0.83803,0.83816,4592,19,0
2025-04-09 07:30:00,0.83815,0.84181,0.83814,0.84039,4108,19,0
2025-04-09 08:00:00,0.8404,0.84267,0.83993,0.84243,4481,19,0
2025-04-09 08:30:00,0.84242,0.84287,0.84039,0.84121,3373,19,0
2025-04-09 09:00:00,0.84104,0.84422,0.84088,0.8428,5009,19,0
2025-04-09 09:30:00,0.84283,0.8441,0.84157,0.84303,4735,19,0
2025-04-09 10:00:00,0.84302,0.84494,0.84143,0.8425,5956,19,0
2025-04-09 10:30:00,0.84252,0.84591,0.84227,0.84553,5048,19,0
2025-04-09 11:00:00,0.84558,0.84656,0.84333,0.84352,4220,19,0
2025-04-09 11:30:00,0.84353,0.84435,0.84236,0.8428,3463,19,0
2025-04-09 12:00:00,0.84282,0.84333,0.84171,0.84214,3094,19,0
2025-04-09 12:30:00,0.84215,0.84263,0.84095,0.84202,2935,19,0
2025-04-09 13:00:00,0.842,0.84208,0.83988,0.8407,3258,19,0
2025-04-09 13:30:00,0.84073,0.84222,0.84023,0.8409,2907,19,0
2025-04-09 14:00:00,0.84089,0.84107,0.83862,0.83926,6649,18,0
2025-04-09 14:30:00,0.83925,0.84054,0.83834,0.84045,5034,18,0
2025-04-09 15:00:00,0.84046,0.84046,0.83718,0.83719,4521,18,0
2025-04-09 15:30:00,0.83718,0.83831,0.83585,0.83662,4641,18,0
2025-04-09 16:00:00,0.8366,0.84005,0.83659,0.83779,6053,18,0
2025-04-09 16:30:00,0.8378,0.84077,0.83775,0.83893,6369,18,0
2025-04-09 17:00:00,0.83885,0.84003,0.83774,0.83817,5628,17,0
2025-04-09 17:30:00,0.83823,0.84046,0.83797,0.84037,4706,17,0
2025-04-09 18:00:00,0.84038,0.84135,0.84016,0.84103,3476,18,0
2025-04-09 18:30:00,0.84104,0.84232,0.84091,0.84127,3112,18,0
2025-04-09 19:00:00,0.84126,0.84244,0.8411,0.84222,2322,19,0
2025-04-09 19:30:00,0.84223,0.84262,0.84165,0.84169,2029,19,0
2025-04-09 20:00:00,0.84165,0.85313,0.84006,0.8497,7842,21,0
2025-04-09 20:30:00,0.84971,0.85525,0.84805,0.85463,8376,21,0
2025-04-09 21:00:00,0.85464,0.85829,0.85298,0.85683,8300,19,0
2025-04-09 21:30:00,0.85688,0.85713,0.85412,0.85473,5839,19,0
2025-04-09 22:00:00,0.85472,0.85675,0.85325,0.85621,4682,20,0
2025-04-09 22:30:00,0.8562,0.85809,0.85555,0.85696,4366,20,0
2025-04-09 23:00:00,0.85698,0.85719,0.85504,0.85548,2594,22,0
2025-04-09 23:30:00,0.85549,0.85761,0.85545,0.85667,2044,23,0
2025-04-10 00:00:00,0.85538,0.85699,0.85515,0.85623,139,87,0
2025-04-10 00:30:00,0.85624,0.85714,0.8553,0.8566,2222,87,0
2025-04-10 01:00:00,0.85663,0.85677,0.85468,0.85473,4766,19,0
2025-04-10 01:30:00,0.85471,0.85509,0.85427,0.8548,3014,19,0
2025-04-10 02:00:00,0.85481,0.85599,0.85479,0.85547,3146,19,0
2025-04-10 02:30:00,0.85542,0.85641,0.8554,0.85543,2569,19,0
2025-04-10 03:00:00,0.85542,0.85572,0.85339,0.85351,3888,19,0
2025-04-10 03:30:00,0.8535,0.85374,0.85165,0.85219,4471,19,0
2025-04-10 04:00:00,0.85217,0.8532,0.85201,0.85221,3047,19,0
2025-04-10 04:30:00,0.85218,0.85335,0.85217,0.85271,2424,19,0
2025-04-10 05:00:00,0.85267,0.8534,0.85224,0.85296,2907,19,0
2025-04-10 05:30:00,0.85295,0.85346,0.85225,0.85249,1941,19,0
2025-04-10 06:00:00,0.85245,0.85268,0.85182,0.85202,2391,19,0
2025-04-10 06:30:00,0.85205,0.85239,0.85136,0.852,1771,19,0
2025-04-10 07:00:00,0.85202,0.85248,0.85155,0.85199,1700,19,0
2025-04-10 07:30:00,0.852,0.85274,0.85161,0.85236,1593,19,0
2025-04-10 08:00:00,0.85234,0.85358,0.85233,0.85283,1542,19,0
2025-04-10 08:30:00,0.85283,0.85326,0.85211,0.85314,2058,19,0
2025-04-10 09:00:00,0.85319,0.85488,0.85304,0.85352,2569,19,0
2025-04-10 09:30:00,0.85351,0.85739,0.85316,0.85656,2759,20,0
2025-04-10 10:00:00,0.85651,0.85726,0.85235,0.85344,3982,20,0
2025-04-10 10:30:00,0.85345,0.85371,0.84946,0.84987,3907,19,0
2025-04-10 11:00:00,0.84986,0.85031,0.84686,0.84725,2977,19,0
2025-04-10 11:30:00,0.84728,0.84777,0.84556,0.84607,3638,19,0
2025-04-10 12:00:00,0.84606,0.84654,0.84398,0.84402,2423,19,0
2025-04-10 12:30:00,0.84407,0.84479,0.84315,0.84331,2291,19,0
2025-04-10 13:00:00,0.8433,0.8433,0.84045,0.8407,2397,19,0
2025-04-10 13:30:00,0.84066,0.84235,0.83924,0.84137,2727,19,0
2025-04-10 14:00:00,0.84138,0.84278,0.84059,0.84241,2763,18,0
2025-04-10 14:30:00,0.84242,0.84242,0.83889,0.83972,2824,18,0
2025-04-10 15:00:00,0.83974,0.83985,0.83633,0.83667,3134,18,0
2025-04-10 15:30:00,0.83664,0.83962,0.83487,0.83931,6567,18,0
2025-04-10 16:00:00,0.8393,0.83988,0.83837,0.83916,3880,18,0
2025-04-10 16:30:00,0.83915,0.83984,0.83657,0.83694,5297,18,0
2025-04-10 17:00:00,0.83696,0.83802,0.8364,0.83641,4780,18,0
2025-04-10 17:30:00,0.83643,0.83753,0.83306,0.83343,4798,18,0
2025-04-10 18:00:00,0.83342,0.83368,0.8285,0.8286,5459,18,0
2025-04-10 18:30:00,0.8286,0.82907,0.82486,0.82821,6580,18,0
2025-04-10 19:00:00,0.82822,0.82931,0.82542,0.82681,5047,19,0
2025-04-10 19:30:00,0.82682,0.82886,0.8256,0.82649,5214,19,0
2025-04-10 20:00:00,0.82648,0.82872,0.8263,0.82827,5035,19,0
2025-04-10 20:30:00,0.82821,0.82824,0.82514,0.82552,4143,19,0
2025-04-10 21:00:00,0.82548,0.82668,0.82372,0.8238,3878,19,0
2025-04-10 21:30:00,0.82381,0.82492,0.82302,0.82411,3498,19,0
2025-04-10 22:00:00,0.8241,0.82803,0.82408,0.82701,3702,19,0
2025-04-10 22:30:00,0.82698,0.82739,0.82413,0.82457,3413,19,0
2025-04-10 23:00:00,0.82464,0.82555,0.82426,0.82524,1797,20,0
2025-04-10 23:30:00,0.82522,0.82528,0.82305,0.82326,1327,24,0
2025-04-11 00:00:00,0.82332,0.8246,0.82295,0.82362,226,87,0
2025-04-11 00:30:00,0.82363,0.82488,0.8232,0.82377,766,87,0
2025-04-11 01:00:00,0.82382,0.82422,0.82241,0.82349,2351,19,0
2025-04-11 01:30:00,0.8235,0.82401,0.82245,0.82262,2177,19,0
2025-04-11 02:00:00,0.82261,0.82352,0.82185,0.82286,2788,19,0
2025-04-11 02:30:00,0.82285,0.82286,0.82037,0.8208,3765,19,0
2025-04-11 03:00:00,0.82078,0.82088,0.81874,0.81931,4548,19,0
2025-04-11 03:30:00,0.8193,0.81954,0.81398,0.8183,8257,19,0
2025-04-11 04:00:00,0.81829,0.82132,0.81821,0.81997,5845,19,0
2025-04-11 04:30:00,0.81999,0.8213,0.81881,0.81977,5156,19,0
2025-04-11 05:00:00,0.81977,0.82017,0.81849,0.81981,4416,19,0
2025-04-11 05:30:00,0.8198,0.82139,0.81943,0.82036,3135,19,0
2025-04-11 06:00:00,0.82035,0.82043,0.8187,0.81934,3094,19,0
2025-04-11 06:30:00,0.81935,0.81947,0.81706,0.8171,3355,19,0
2025-04-11 07:00:00,0.81711,0.81979,0.81707,0.81975,2614,19,0
2025-04-11 07:30:00,0.81974,0.8199,0.81741,0.81787,2508,19,0
2025-04-11 08:00:00,0.81787,0.8205,0.81784,0.82025,3531,19,0
2025-04-11 08:30:00,0.82028,0.82249,0.82028,0.82187,3625,18,0
2025-04-11 09:00:00,0.82185,0.82568,0.82134,0.82442,4970,18,0
2025-04-11 09:30:00,0.82439,0.82499,0.82209,0.82231,4073,19,0
2025-04-11 10:00:00,0.82232,0.82232,0.8161,0.81663,5384,19,0
2025-04-11 10:30:00,0.81659,0.81847,0.81561,0.81595,5060,19,0
2025-04-11 11:00:00,0.81598,0.81765,0.81117,0.81436,7232,19,0
2025-04-11 11:30:00,0.81435,0.81493,0.811,0.81301,6523,19,0
2025-04-11 12:00:00,0.81302,0.81645,0.81302,0.81587,5749,19,0
2025-04-11 12:30:00,0.81581,0.81826,0.81481,0.81812,4672,19,0
2025-04-11 13:00:00,0.81811,0.81999,0.81631,0.81822,4321,19,0
2025-04-11 13:30:00,0.81823,0.8212,0.81748,0.82008,4028,19,0
2025-04-11 14:00:00,0.82009,0.82033,0.81511,0.8158,3385,18,0
2025-04-11 14:30:00,0.81579,0.81643,0.81397,0.81561,4290,18,0
2025-04-11 15:00:00,0.81565,0.81621,0.81322,0.81468,5017,18,0
2025-04-11 15:30:00,0.81467,0.81563,0.81078,0.8114,6162,18,0
2025-04-11 16:00:00,0.81142,0.81243,0.80985,0.81195,5468,18,0
2025-04-11 16:30:00,0.81195,0.81725,0.81135,0.81454,7991,18,0
2025-04-11 17:00:00,0.81453,0.81499,0.81135,0.8118,6948,18,0
2025-04-11 17:30:00,0.81177,0.81497,0.8113,0.81467,6367,18,0
2025-04-11 18:00:00,0.81466,0.81681,0.81412,0.81579,5208,18,0
2025-04-11 18:30:00,0.81577,0.81598,0.81307,0.81536,3869,18,0
2025-04-11 19:00:00,0.81536,0.81836,0.81455,0.81768,3042,19,0
2025-04-11 19:30:00,0.81767,0.81864,0.81692,0.81707,2320,19,0
2025-04-11 20:00:00,0.81709,0.81724,0.8154,0.81576,1706,19,0
2025-04-11 20:30:00,0.81578,0.81929,0.81511,0.81887,3501,20,0
2025-04-11 21:00:00,0.81892,0.81898,0.817,0.81739,2632,19,0
2025-04-11 21:30:00,0.8174,0.81781,0.81629,0.81692,2179,19,0
2025-04-11 22:00:00,0.81693,0.81752,0.81619,0.81632,1474,19,0
2025-04-11 22:30:00,0.8163,0.8169,0.81546,0.81563,1518,19,0
2025-04-11 23:00:00,0.81565,0.81603,0.81464,0.81477,1069,21,0
2025-04-11 23:30:00,0.81476,0.81589,0.81428,0.81438,1218,24,0
2025-04-14 00:00:00,0.81805,0.81835,0.81786,0.81823,78,120,0
2025-04-14 00:30:00,0.81824,0.81841,0.81761,0.81779,150,110,0
2025-04-14 01:00:00,0.81767,0.81912,0.81742,0.81754,4186,19,0
2025-04-14 01:30:00,0.81755,0.8183,0.81695,0.81773,2911,19,0
2025-04-14 02:00:00,0.81768,0.81852,0.81688,0.81834,2173,19,0
2025-04-14 02:30:00,0.81828,0.81887,0.81763,0.81804,1916,19,0
2025-04-14 03:00:00,0.81803,0.81814,0.81627,0.81732,3202,19,0
2025-04-14 03:30:00,0.81733,0.8176,0.81623,0.81639,2702,19,0
2025-04-14 04:00:00,0.81638,0.81647,0.8142,0.81462,3181,19,0
2025-04-14 04:30:00,0.81462,0.81626,0.81337,0.81578,3403,19,0
2025-04-14 05:00:00,0.81579,0.81718,0.81429,0.81698,2673,19,0
2025-04-14 05:30:00,0.81697,0.81761,0.81634,0.81732,2370,19,0
2025-04-14 06:00:00,0.81731,0.81849,0.81623,0.8174,2874,19,0
2025-04-14 06:30:00,0.81741,0.81844,0.81707,0.81709,1975,19,0
2025-04-14 07:00:00,0.81707,0.81765,0.81564,0.81664,1992,19,0
2025-04-14 07:30:00,0.81663,0.81752,0.816,0.8173,1564,19,0
2025-04-14 08:00:00,0.81731,0.819,0.81693,0.81693,2447,19,0
2025-04-14 08:30:00,0.81695,0.81742,0.81584,0.81655,2350,19,0
2025-04-14 09:00:00,0.81653,0.81706,0.81408,0.8145,4160,19,0
2025-04-14 09:30:00,0.81451,0.8151,0.81278,0.81362,3731,19,0
2025-04-14 10:00:00,0.8136,0.81608,0.81198,0.81567,4173,19,0
2025-04-14 10:30:00,0.81566,0.8187,0.81543,0.81793,3210,19,0
2025-04-14 11:00:00,0.81792,0.81876,0.81621,0.81651,2657,19,0
2025-04-14 11:30:00,0.8165,0.81733,0.81566,0.81693,2882,19,0
2025-04-14 12:00:00,0.81694,0.81729,0.81527,0.81728,2395,19,0
2025-04-14 12:30:00,0.81731,0.81852,0.81665,0.81818,2543,19,0
2025-04-14 13:00:00,0.81817,0.8192,0.81776,0.81782,2256,19,0
2025-04-14 13:30:00,0.81781,0.81904,0.81735,0.81886,2167,19,0
2025-04-14 14:00:00,0.81885,0.81965,0.81774,0.81919,2200,18,0
2025-04-14 14:30:00,0.8192,0.82066,0.81804,0.81949,2729,18,0
2025-04-14 15:00:00,0.81948,0.8221,0.81885,0.82204,3474,18,0
2025-04-14 15:30:00,0.82199,0.82417,0.82131,0.824,3920,18,0
2025-04-14 16:00:00,0.82401,0.82677,0.82378,0.82582,5247,18,0
2025-04-14 16:30:00,0.82582,0.8259,0.82295,0.8242,5201,18,0
2025-04-14 17:00:00,0.82421,0.82572,0.822,0.82204,4797,18,0
2025-04-14 17:30:00,0.82206,0.82211,0.81693,0.81706,5294,18,0
2025-04-14 18:00:00,0.81708,0.81767,0.81404,0.8144,4604,18,0
2025-04-14 18:30:00,0.81439,0.81448,0.81178,0.81395,4083,18,0
2025-04-14 19:00:00,0.81393,0.81611,0.81327,0.81511,3560,20,0
2025-04-14 19:30:00,0.81507,0.81619,0.81479,0.81569,2198,19,0
2025-04-14 20:00:00,0.81568,0.81644,0.81442,0.81487,2450,19,0
2025-04-14 20:30:00,0.81486,0.81513,0.81427,0.81427,1618,19,0
2025-04-14 21:00:00,0.81426,0.81459,0.81342,0.81382,1380,19,0
2025-04-14 21:30:00,0.81381,0.8147,0.81366,0.81377,1404,19,0
2025-04-14 22:00:00,0.81376,0.8141,0.81218,0.81228,1495,19,0
2025-04-14 22:30:00,0.81227,0.81386,0.81204,0.81346,1203,19,0
2025-04-14 23:00:00,0.81347,0.8147,0.81347,0.8146,916,20,0
2025-04-14 23:30:00,0.81462,0.81524,0.81412,0.81412,1077,24,0
2025-04-15 00:00:00,0.81411,0.81523,0.81381,0.814,660,111,0
2025-04-15 00:30:00,0.81399,0.81475,0.81364,0.8139,729,87,0
2025-04-15 01:00:00,0.81389,0.81492,0.81361,0.81451,1936,19,0
2025-04-15 01:30:00,0.8145,0.81466,0.81421,0.81456,670,19,0
2025-04-15 02:00:00,0.81456,0.81599,0.81443,0.81552,767,19,0
2025-04-15 02:30:00,0.81553,0.81643,0.81547,0.81625,1186,19,0
2025-04-15 03:00:00,0.81627,0.8177,0.81609,0.81752,1793,19,0
2025-04-15 03:30:00,0.81751,0.81804,0.81734,0.81776,1839,19,0
2025-04-15 04:00:00,0.81777,0.81777,0.81719,0.81757,1689,19,0
2025-04-15 04:30:00,0.81758,0.81797,0.81744,0.81752,1148,19,0
2025-04-15 05:00:00,0.81753,0.81758,0.81677,0.81706,1128,19,0
2025-04-15 05:30:00,0.81705,0.81711,0.81622,0.81624,1053,19,0
2025-04-15 06:00:00,0.81625,0.81677,0.81602,0.81638,1339,19,0
2025-04-15 06:30:00,0.81637,0.8169,0.81629,0.81687,920,19,0
2025-04-15 07:00:00,0.81688,0.81691,0.81644,0.81679,891,19,0
2025-04-15 07:30:00,0.81678,0.81678,0.8149,0.8159,1394,19,0
2025-04-15 08:00:00,0.81589,0.81655,0.81574,0.81655,1405,19,0
2025-04-15 08:30:00,0.81654,0.81689,0.81649,0.81669,1355,19,0
2025-04-15 09:00:00,0.81673,0.81694,0.81551,0.81679,2075,19,0
2025-04-15 09:30:00,0.8168,0.81695,0.81639,0.81681,2229,19,0
2025-04-15 10:00:00,0.81682,0.81873,0.81668,0.81744,2215,19,0
2025-04-15 10:30:00,0.81745,0.81752,0.81539,0.81568,1834,19,0
2025-04-15 11:00:00,0.81569,0.81581,0.81369,0.8148,2578,19,0
2025-04-15 11:30:00,0.81484,0.81498,0.81312,0.81468,2158,19,0
2025-04-15 12:00:00,0.8147,0.81501,0.81358,0.81447,2153,19,0
2025-04-15 12:30:00,0.81448,0.81599,0.81443,0.81585,1671,19,0
2025-04-15 13:00:00,0.81586,0.81611,0.81425,0.81431,1572,19,0
2025-04-15 13:30:00,0.81429,0.81512,0.81418,0.81471,1528,19,0
2025-04-15 14:00:00,0.81472,0.81694,0.81432,0.81663,1773,18,0
2025-04-15 14:30:00,0.81664,0.81693,0.81519,0.81531,2358,18,0
2025-04-15 15:00:00,0.81532,0.81675,0.81484,0.81659,2427,17,0
2025-04-15 15:30:00,0.8166,0.81792,0.81531,0.81782,3810,18,0
2025-04-15 16:00:00,0.81779,0.81791,0.81695,0.81786,3008,18,0
2025-04-15 16:30:00,0.81788,0.81864,0.81709,0.81811,3488,18,0
2025-04-15 17:00:00,0.81809,0.82003,0.81735,0.81775,4625,18,0
2025-04-15 17:30:00,0.81769,0.81823,0.81657,0.81748,4041,18,0
2025-04-15 18:00:00,0.81747,0.81933,0.81721,0.81878,2573,18,0
2025-04-15 18:30:00,0.81878,0.8211,0.81873,0.82083,2677,18,0
2025-04-15 19:00:00,0.82082,0.82163,0.82021,0.82104,1670,19,0
2025-04-15 19:30:00,0.82103,0.82202,0.82052,0.82088,1467,19,0
2025-04-15 20:00:00,0.82089,0.82219,0.82076,0.8214,1365,19,0
2025-04-15 20:30:00,0.82147,0.82214,0.82136,0.822,1034,19,0
2025-04-15 21:00:00,0.82201,0.82238,0.82147,0.82163,1126,19,0
2025-04-15 21:30:00,0.82163,0.82236,0.82143,0.82214,941,19,0
2025-04-15 22:00:00,0.82215,0.82243,0.82201,0.82238,737,19,0
2025-04-15 22:30:00,0.82239,0.82298,0.82203,0.82284,759,19,0
2025-04-15 23:00:00,0.82285,0.82382,0.82274,0.8234,601,20,0
2025-04-15 23:30:00,0.82339,0.82355,0.82258,0.82258,501,23,0
2025-04-16 00:00:00,0.82107,0.82275,0.81944,0.82275,708,120,0
2025-04-16 00:30:00,0.82272,0.82303,0.8222,0.82237,2470,89,0
2025-04-16 01:00:00,0.82244,0.8226,0.82119,0.82192,1744,19,0
2025-04-16 01:30:00,0.82193,0.82204,0.82087,0.82095,1344,19,0
2025-04-16 02:00:00,0.82091,0.82161,0.82029,0.82053,1528,19,0
2025-04-16 02:30:00,0.82067,0.82083,0.82004,0.82048,1332,19,0
2025-04-16 03:00:00,0.82049,0.82068,0.81805,0.81862,2472,19,0
2025-04-16 03:30:00,0.81861,0.81874,0.81768,0.81821,1946,19,0
2025-04-16 04:00:00,0.8182,0.8184,0.81738,0.81782,1909,19,0
2025-04-16 04:30:00,0.81781,0.81828,0.81729,0.81816,1445,19,0
2025-04-16 05:00:00,0.81815,0.81833,0.8173,0.81763,1570,19,0
2025-04-16 05:30:00,0.81762,0.81864,0.81743,0.81795,1164,19,0
2025-04-16 06:00:00,0.81794,0.81817,0.81726,0.81762,1356,19,0
2025-04-16 06:30:00,0.81764,0.81793,0.81529,0.81537,2047,19,0
2025-04-16 07:00:00,0.81536,0.81715,0.81505,0.81686,1587,19,0
2025-04-16 07:30:00,0.81686,0.81729,0.81609,0.81639,1346,19,0
2025-04-16 08:00:00,0.81642,0.81656,0.81472,0.81474,1807,19,0
2025-04-16 08:30:00,0.81475,0.81526,0.81287,0.81302,2329,18,0
2025-04-16 09:00:00,0.81301,0.81491,0.81301,0.81472,2389,18,0
2025-04-16 09:30:00,0.8147,0.81564,0.81399,0.81547,2135,19,0
2025-04-16 10:00:00,0.8155,0.8155,0.81278,0.81287,2309,19,0
2025-04-16 10:30:00,0.81286,0.81438,0.81281,0.81362,1681,19,0
2025-04-16 11:00:00,0.81361,0.8179,0.81328,0.81663,2865,19,0
2025-04-16 11:30:00,0.81661,0.82,0.81645,0.81711,4690,19,0
2025-04-16 12:00:00,0.81718,0.81765,0.81626,0.81708,2446,19,0
2025-04-16 12:30:00,0.81709,0.81776,0.81582,0.81722,2424,20,0
2025-04-16 13:00:00,0.81727,0.81822,0.81599,0.81654,2498,19,0
2025-04-16 13:30:00,0.81656,0.81786,0.81591,0.81784,1892,19,0
2025-04-16 14:00:00,0.81786,0.8181,0.81659,0.81672,1835,18,0
2025-04-16 14:30:00,0.81673,0.81692,0.81552,0.81561,1828,18,0
2025-04-16 15:00:00,0.8156,0.81588,0.81468,0.81563,2399,17,0
2025-04-16 15:30:00,0.81548,0.81635,0.8146,0.81551,4101,18,0
2025-04-16 16:00:00,0.8155,0.81554,0.81345,0.8139,3135,18,0
2025-04-16 16:30:00,0.81386,0.81539,0.81373,0.81376,3503,17,0
2025-04-16 17:00:00,0.81377,0.81582,0.81295,0.81498,3293,17,0
2025-04-16 17:30:00,0.815,0.81546,0.81398,0.81528,3165,17,0
2025-04-16 18:00:00,0.81527,0.81703,0.81499,0.81643,2782,18,0
2025-04-16 18:30:00,0.81641,0.81642,0.81403,0.81411,1824,18,0
2025-04-16 19:00:00,0.81412,0.81531,0.81396,0.81451,1609,19,0
2025-04-16 19:30:00,0.81452,0.81587,0.81405,0.81551,1358,19,0
2025-04-16 20:00:00,0.81555,0.81653,0.81551,0.81594,1345,18,0
2025-04-16 20:30:00,0.81593,0.8166,0.81402,0.81519,3437,19,0
2025-04-16 21:00:00,0.81521,0.81562,0.8142,0.81527,2362,19,0
2025-04-16 21:30:00,0.81528,0.81548,0.81387,0.81401,1738,19,0
2025-04-16 22:00:00,0.81405,0.81426,0.81199,0.81259,1754,19,0
2025-04-16 22:30:00,0.8126,0.8138,0.81258,0.81357,1468,19,0
2025-04-16 23:00:00,0.81358,0.81381,0.81308,0.81315,862,19,0
2025-04-16 23:30:00,0.81314,0.81361,0.81247,0.81247,731,23,0
2025-04-17 00:00:00,0.81251,0.81336,0.81187,0.81198,1314,87,0
2025-04-17 00:30:00,0.81201,0.81263,0.81191,0.81253,1676,87,0
2025-04-17 01:00:00,0.81249,0.81378,0.81237,0.81351,1117,19,0
2025-04-17 01:30:00,0.8135,0.81382,0.81345,0.81364,678,19,0
2025-04-17 02:00:00,0.8136,0.81367,0.8133,0.81359,928,19,0
2025-04-17 02:30:00,0.81358,0.81388,0.81278,0.81366,1210,19,0
2025-04-17 03:00:00,0.81365,0.81521,0.8136,0.8152,2678,19,0
2025-04-17 03:30:00,0.8152,0.81615,0.81496,0.81605,1534,19,0
2025-04-17 04:00:00,0.81608,0.81772,0.81591,0.8177,1856,19,0
2025-04-17 04:30:00,0.81769,0.81818,0.81741,0.81781,2800,19,0
2025-04-17 05:00:00,0.8178,0.81786,0.81647,0.81697,1691,19,0
2025-04-17 05:30:00,0.81698,0.81709,0.81587,0.81643,1173,19,0
2025-04-17 06:00:00,0.81643,0.81663,0.81605,0.81641,996,19,0
2025-04-17 06:30:00,0.8164,0.81699,0.81629,0.81698,1204,19,0
2025-04-17 07:00:00,0.81699,0.81717,0.81631,0.81647,831,19,0
2025-04-17 07:30:00,0.81646,0.8173,0.81628,0.8172,1084,19,0
2025-04-17 08:00:00,0.81723,0.81726,0.81616,0.81675,891,19,0
2025-04-17 08:30:00,0.81674,0.81862,0.81674,0.81824,1401,19,0
2025-04-17 09:00:00,0.81813,0.81861,0.81711,0.81821,2038,19,0
2025-04-17 09:30:00,0.81822,0.81864,0.81722,0.81826,1398,19,0
2025-04-17 10:00:00,0.81821,0.81966,0.81737,0.81963,2439,20,0
2025-04-17 10:30:00,0.81964,0.81986,0.81722,0.81773,2107,19,0
2025-04-17 11:00:00,0.81775,0.81864,0.81711,0.81796,2133,19,0
2025-04-17 11:30:00,0.81794,0.8181,0.8161,0.81661,1821,19,0
2025-04-17 12:00:00,0.81662,0.81734,0.81653,0.81723,1339,19,0
2025-04-17 12:30:00,0.81722,0.81738,0.81672,0.81715,1255,19,0
2025-04-17 13:00:00,0.81716,0.81772,0.81593,0.81646,1827,20,0
2025-04-17 13:30:00,0.81647,0.81737,0.81639,0.81731,1596,19,0
2025-04-17 14:00:00,0.81729,0.81759,0.81646,0.81698,1683,18,0
2025-04-17 14:30:00,0.81699,0.8175,0.81639,0.81703,1750,18,0
2025-04-17 15:00:00,0.81702,0.81927,0.81688,0.81846,3502,17,0
2025-04-17 15:30:00,0.81847,0.81907,0.81777,0.81777,3909,17,0
2025-04-17 16:00:00,0.81775,0.81831,0.81687,0.81717,3868,18,0
2025-04-17 16:30:00,0.81718,0.81801,0.81663,0.81738,3141,18,0
2025-04-17 17:00:00,0.81737,0.81851,0.8162,0.81621,2572,18,0
2025-04-17 17:30:00,0.81622,0.81992,0.81588,0.81979,3478,18,0
2025-04-17 18:00:00,0.8198,0.82105,0.81906,0.8191,3226,18,0
2025-04-17 18:30:00,0.81903,0.82057,0.81883,0.82025,1783,18,0
2025-04-17 19:00:00,0.82026,0.82232,0.81973,0.82229,2596,21,0
2025-04-17 19:30:00,0.8223,0.82305,0.82065,0.82098,2105,21,0
2025-04-17 20:00:00,0.82097,0.82176,0.82062,0.82083,1471,21,0
2025-04-17 20:30:00,0.82082,0.8212,0.82044,0.82116,1409,21,0
2025-04-17 21:00:00,0.82113,0.82167,0.81958,0.82001,1355,21,0
2025-04-17 21:30:00,0.82005,0.82062,0.81831,0.81868,1529,21,0
2025-04-17 22:00:00,0.81867,0.81891,0.81817,0.81881,1219,21,0
2025-04-17 22:30:00,0.81882,0.81916,0.81831,0.8191,1408,21,0
2025-04-17 23:00:00,0.81906,0.81939,0.81829,0.81868,814,21,0
2025-04-17 23:30:00,0.81867,0.81942,0.81862,0.81912,1061,25,0
2025-04-18 00:00:00,0.81914,0.81943,0.81837,0.81837,209,120,0
2025-04-18 00:30:00,0.81841,0.81879,0.81836,0.81849,376,120,0
2025-04-18 01:00:00,0.81845,0.81907,0.81841,0.81888,994,50,0
2025-04-18 01:30:00,0.81889,0.819,0.81872,0.81875,984,50,0
2025-04-18 02:00:00,0.81877,0.81901,0.81854,0.81886,886,50,0
2025-04-18 02:30:00,0.81884,0.81894,0.81874,0.81876,378,50,0
2025-04-18 03:00:00,0.81875,0.81879,0.81781,0.81793,832,50,0
2025-04-18 03:30:00,0.81791,0.81859,0.81742,0.81834,8009,25,0
2025-04-18 04:00:00,0.81838,0.8187,0.81814,0.81833,12269,22,0
2025-04-18 04:30:00,0.81832,0.81895,0.81817,0.81825,12223,22,0
2025-04-18 05:00:00,0.81827,0.81829,0.81795,0.81824,10805,22,0
2025-04-18 05:30:00,0.8182,0.81837,0.81786,0.81797,10152,23,0
2025-04-18 06:00:00,0.81796,0.818,0.81743,0.8178,8953,22,0
2025-04-18 06:30:00,0.81781,0.81805,0.81776,0.81798,8107,22,0
2025-04-18 07:00:00,0.81797,0.81805,0.81789,0.81797,5465,22,0
2025-04-18 07:30:00,0.81799,0.8185,0.81793,0.81844,9585,24,0
2025-04-18 08:00:00,0.81845,0.81851,0.81812,0.81818,12630,24,0
2025-04-18 08:30:00,0.8182,0.81872,0.81815,0.81867,10016,22,0
2025-04-18 09:00:00,0.81868,0.8189,0.81828,0.81839,9834,21,0
2025-04-18 09:30:00,0.8184,0.81947,0.81827,0.81944,8487,21,0
2025-04-18 10:00:00,0.81943,0.81993,0.81765,0.81785,6565,21,0
2025-04-18 10:30:00,0.81783,0.81811,0.8176,0.8181,5136,21,0
2025-04-18 11:00:00,0.81809,0.8186,0.81778,0.81803,9774,22,0
2025-04-18 11:30:00,0.81804,0.81917,0.81785,0.81906,11201,22,0
2025-04-18 12:00:00,0.81905,0.8192,0.81853,0.81876,11060,22,0
2025-04-18 12:30:00,0.8188,0.81903,0.81838,0.81873,10615,22,0
2025-04-18 13:00:00,0.81875,0.81889,0.8184,0.81848,10202,21,0
2025-04-18 13:30:00,0.81849,0.81877,0.81813,0.81861,9782,21,0
2025-04-18 14:00:00,0.81864,0.81896,0.81777,0.81811,7285,18,0
2025-04-18 14:30:00,0.81812,0.81823,0.81762,0.81787,7783,22,0
2025-04-18 15:00:00,0.81793,0.81807,0.81752,0.81774,5485,18,0
2025-04-18 15:30:00,0.81773,0.81798,0.81759,0.81794,6520,18,0
2025-04-18 16:00:00,0.81792,0.8184,0.81706,0.81706,4109,22,0
2025-04-18 16:30:00,0.81707,0.81796,0.81702,0.81786,7057,18,0
2025-04-18 17:00:00,0.81784,0.8181,0.81754,0.81794,9210,18,0
2025-04-18 17:30:00,0.81796,0.81856,0.81681,0.8172,6460,18,0
2025-04-18 18:00:00,0.81723,0.81783,0.81688,0.81783,9383,18,0
2025-04-18 18:30:00,0.81768,0.81783,0.81701,0.81731,9611,18,0
2025-04-18 19:00:00,0.81732,0.81759,0.8169,0.81707,9684,21,0
2025-04-18 19:30:00,0.81703,0.8174,0.81698,0.8173,11276,21,0
2025-04-18 20:00:00,0.81729,0.81746,0.8171,0.81727,9893,21,0
2025-04-18 20:30:00,0.81726,0.81742,0.81679,0.81698,9685,21,0
2025-04-18 21:00:00,0.81697,0.81703,0.81656,0.81678,8505,21,0
2025-04-18 21:30:00,0.81679,0.81681,0.81608,0.81662,5843,21,0
2025-04-18 22:00:00,0.8166,0.81668,0.81645,0.8166,4808,21,0
2025-04-18 22:30:00,0.81659,0.81667,0.81626,0.81658,799,21,0
2025-04-18 23:00:00,0.81647,0.81663,0.81569,0.81591,7422,27,0
2025-04-18 23:30:00,0.81594,0.8163,0.81565,0.816,6410,32,0
2025-04-21 00:00:00,0.81708,0.81708,0.81594,0.81594,15,120,0
2025-04-21 00:30:00,0.81664,0.81664,0.81497,0.81562,810,120,0
2025-04-21 01:00:00,0.81622,0.81637,0.81415,0.81505,2230,24,0
2025-04-21 01:30:00,0.81504,0.81544,0.81327,0.81357,1556,24,0
2025-04-21 02:00:00,0.81356,0.81381,0.8126,0.8128,1580,23,0
2025-04-21 02:30:00,0.81281,0.81305,0.81189,0.81236,1518,23,0
2025-04-21 03:00:00,0.81238,0.81245,0.81083,0.81132,2481,22,0
2025-04-21 03:30:00,0.81134,0.81214,0.8109,0.81185,2166,22,0
2025-04-21 04:00:00,0.81186,0.81186,0.81082,0.81102,1486,22,0
2025-04-21 04:30:00,0.81103,0.81186,0.81086,0.81105,1382,22,0
2025-04-21 05:00:00,0.81106,0.81151,0.80744,0.80791,1904,22,0
2025-04-21 05:30:00,0.8078,0.80913,0.80683,0.80862,2030,23,0
2025-04-21 06:00:00,0.80861,0.80901,0.80793,0.8088,1184,23,0
2025-04-21 06:30:00,0.80879,0.80887,0.80783,0.80861,984,22,0
2025-04-21 07:00:00,0.80862,0.80973,0.80862,0.80908,1216,22,0
2025-04-21 07:30:00,0.80909,0.80912,0.80798,0.808,804,22,0
2025-04-21 08:00:00,0.80803,0.80819,0.80763,0.80779,798,22,0
2025-04-21 08:30:00,0.8078,0.80838,0.8072,0.80783,1409,22,0
2025-04-21 09:00:00,0.80795,0.80973,0.80784,0.80945,1586,22,0
2025-04-21 09:30:00,0.80951,0.80981,0.80899,0.80933,1238,21,0
2025-04-21 10:00:00,0.80934,0.80957,0.80717,0.80743,1714,21,0
2025-04-21 10:30:00,0.80744,0.80745,0.80407,0.80436,2153,21,0
2025-04-21 11:00:00,0.80435,0.80678,0.80411,0.80613,2281,21,0
2025-04-21 11:30:00,0.80616,0.80646,0.80472,0.80505,1644,21,0
2025-04-21 12:00:00,0.80504,0.80538,0.8041,0.80488,1826,21,0
2025-04-21 12:30:00,0.80489,0.80549,0.80386,0.80538,1774,21,0
2025-04-21 13:00:00,0.80539,0.80633,0.80536,0.80624,1243,21,0
2025-04-21 13:30:00,0.80623,0.80743,0.80623,0.80702,1026,21,0
2025-04-21 14:00:00,0.80709,0.80794,0.80666,0.80666,1822,18,0
2025-04-21 14:30:00,0.80659,0.80688,0.80491,0.80546,1993,18,0
2025-04-21 15:00:00,0.80545,0.80627,0.80449,0.80625,1967,18,0
2025-04-21 15:30:00,0.80628,0.80713,0.80469,0.80479,2196,18,0
2025-04-21 16:00:00,0.8048,0.80711,0.80457,0.80688,2328,18,0
2025-04-21 16:30:00,0.80687,0.80712,0.80531,0.80555,2884,18,0
2025-04-21 17:00:00,0.80557,0.80698,0.80504,0.80635,2653,18,0
2025-04-21 17:30:00,0.80637,0.80801,0.80594,0.80764,2780,18,0
2025-04-21 18:00:00,0.80765,0.80832,0.8069,0.80702,2827,18,0
2025-04-21 18:30:00,0.80701,0.80717,0.80653,0.8068,2060,18,0
2025-04-21 19:00:00,0.80681,0.8074,0.80665,0.8071,1499,21,0
2025-04-21 19:30:00,0.80706,0.80782,0.80696,0.80699,1528,21,0
2025-04-21 20:00:00,0.80698,0.8081,0.80641,0.80809,1729,21,0
2025-04-21 20:30:00,0.80808,0.80814,0.80735,0.80738,1390,21,0
2025-04-21 21:00:00,0.80738,0.80778,0.80714,0.80758,1133,21,0
2025-04-21 21:30:00,0.80761,0.80773,0.80674,0.80713,1073,21,0
2025-04-21 22:00:00,0.80714,0.80801,0.807,0.80792,1096,21,0
2025-04-21 22:30:00,0.80796,0.8084,0.80769,0.80838,1180,21,0
2025-04-21 23:00:00,0.80836,0.80907,0.80821,0.80899,941,22,0
2025-04-21 23:30:00,0.80898,0.80915,0.80858,0.80865,702,25,0
2025-04-22 00:00:00,0.80847,0.80898,0.80686,0.80812,1037,87,0
2025-04-22 00:30:00,0.8081,0.80886,0.8072,0.80738,851,91,0
2025-04-22 01:00:00,0.80739,0.80826,0.80739,0.80789,1621,24,0
2025-04-22 01:30:00,0.8079,0.80836,0.80788,0.80819,379,23,0
2025-04-22 02:00:00,0.8082,0.80838,0.80801,0.80824,303,23,0
2025-04-22 02:30:00,0.80826,0.80923,0.80797,0.809,750,24,0
2025-04-22 03:00:00,0.80899,0.81077,0.80899,0.81065,1531,23,0
2025-04-22 03:30:00,0.81064,0.8117,0.81053,0.81102,1460,22,0
2025-04-22 04:00:00,0.81101,0.81235,0.81052,0.81216,1522,23,0
2025-04-22 04:30:00,0.81215,0.81234,0.81093,0.81152,1530,22,0
2025-04-22 05:00:00,0.81151,0.81169,0.81028,0.81028,1051,22,0
2025-04-22 05:30:00,0.81027,0.81044,0.80932,0.80933,1095,22,0
2025-04-22 06:00:00,0.80935,0.80949,0.80774,0.80777,1941,22,0
2025-04-22 06:30:00,0.80776,0.80807,0.80709,0.80748,1404,22,0
2025-04-22 07:00:00,0.80747,0.80753,0.80712,0.80725,840,22,0
2025-04-22 07:30:00,0.80729,0.80816,0.80722,0.80815,773,22,0
2025-04-22 08:00:00,0.8081,0.80929,0.80659,0.80662,1225,22,0
2025-04-22 08:30:00,0.80661,0.80862,0.80659,0.80748,2027,24,0
2025-04-22 09:00:00,0.80747,0.80926,0.80713,0.80884,2446,22,0
2025-04-22 09:30:00,0.80881,0.81163,0.8088,0.81094,2810,21,0
2025-04-22 10:00:00,0.81091,0.81132,0.81004,0.81071,2789,21,0
2025-04-22 10:30:00,0.81072,0.81162,0.80959,0.81046,2484,21,0
2025-04-22 11:00:00,0.81045,0.81094,0.80894,0.80918,2673,21,0
2025-04-22 11:30:00,0.80922,0.81105,0.80866,0.81048,2702,19,0
2025-04-22 12:00:00,0.81049,0.8108,0.80921,0.8096,2233,19,0
2025-04-22 12:30:00,0.80961,0.81119,0.80939,0.81112,1871,19,0
2025-04-22 13:00:00,0.81113,0.81132,0.81001,0.81096,1775,19,0
2025-04-22 13:30:00,0.81097,0.81256,0.81072,0.81242,1871,19,0
2025-04-22 14:00:00,0.81241,0.81279,0.81128,0.81145,1809,18,0
2025-04-22 14:30:00,0.81146,0.81161,0.81041,0.81098,1713,18,0
2025-04-22 15:00:00,0.81101,0.81325,0.81084,0.81279,2977,18,0
2025-04-22 15:30:00,0.81276,0.8133,0.81197,0.81242,2438,18,0
2025-04-22 16:00:00,0.8124,0.81445,0.81237,0.81414,2441,18,0
2025-04-22 16:30:00,0.81415,0.81501,0.8129,0.81322,2787,18,0
2025-04-22 17:00:00,0.81321,0.81442,0.81281,0.81442,2257,18,0
2025-04-22 17:30:00,0.81443,0.81448,0.81167,0.81387,3439,18,0
2025-04-22 18:00:00,0.81386,0.81398,0.81281,0.81293,2446,18,0
2025-04-22 18:30:00,0.81294,0.81502,0.81247,0.81495,1841,18,0
2025-04-22 19:00:00,0.81496,0.81693,0.81405,0.8161,3244,19,0
2025-04-22 19:30:00,0.81611,0.81801,0.81593,0.81771,1892,19,0
2025-04-22 20:00:00,0.8177,0.81809,0.81594,0.81619,2527,19,0
2025-04-22 20:30:00,0.81616,0.818,0.81566,0.81637,2073,19,0
2025-04-22 21:00:00,0.81638,0.81857,0.81638,0.81841,1473,19,0
2025-04-22 21:30:00,0.81839,0.81907,0.81777,0.81865,1169,19,0
2025-04-22 22:00:00,0.81863,0.81904,0.81831,0.81835,914,19,0
2025-04-22 22:30:00,0.81832,0.81881,0.81798,0.81843,958,19,0
2025-04-22 23:00:00,0.81841,0.81884,0.81816,0.81842,634,19,0
2025-04-22 23:30:00,0.81841,0.81895,0.8184,0.81852,736,23,0
2025-04-23 00:00:00,0.81849,0.81975,0.81727,0.81975,412,83,0
2025-04-23 00:30:00,0.81975,0.82375,0.81848,0.82375,537,87,0
2025-04-23 01:00:00,0.82377,0.82832,0.82364,0.828,3725,19,0
2025-04-23 01:30:00,0.82798,0.82865,0.82609,0.8272,3200,19,0
2025-04-23 02:00:00,0.82718,0.82768,0.82511,0.82607,2524,19,0
2025-04-23 02:30:00,0.82606,0.82668,0.82511,0.82613,2291,19,0
2025-04-23 03:00:00,0.82612,0.82626,0.82393,0.82403,3145,19,0
2025-04-23 03:30:00,0.82399,0.82408,0.82257,0.82265,2343,19,0
2025-04-23 04:00:00,0.82266,0.82374,0.82218,0.82317,2335,19,0
2025-04-23 04:30:00,0.82319,0.82319,0.82054,0.82135,2632,19,0
2025-04-23 05:00:00,0.82132,0.82276,0.82109,0.82219,2061,19,0
2025-04-23 05:30:00,0.82215,0.82293,0.82186,0.82191,1519,19,0
2025-04-23 06:00:00,0.8219,0.82341,0.82167,0.82306,1330,19,0
2025-04-23 06:30:00,0.82308,0.82388,0.82271,0.82387,1455,19,0
2025-04-23 07:00:00,0.82388,0.82435,0.82288,0.82298,1347,19,0
2025-04-23 07:30:00,0.82295,0.82303,0.82228,0.82269,997,19,0
2025-04-23 08:00:00,0.82266,0.82294,0.82177,0.82266,1486,19,0
2025-04-23 08:30:00,0.82267,0.82412,0.82182,0.82362,1542,19,0
2025-04-23 09:00:00,0.82356,0.82397,0.82159,0.82242,2549,20,0
2025-04-23 09:30:00,0.82241,0.82274,0.82131,0.8218,2861,19,0
2025-04-23 10:00:00,0.82178,0.82222,0.82047,0.82107,3629,19,0
2025-04-23 10:30:00,0.82108,0.82273,0.82058,0.82245,2685,19,0
2025-04-23 11:00:00,0.82243,0.82289,0.82162,0.82162,2314,18,0
2025-04-23 11:30:00,0.82173,0.82194,0.82077,0.82142,2618,18,0
2025-04-23 12:00:00,0.82141,0.82141,0.81963,0.82042,2407,19,0
2025-04-23 12:30:00,0.82043,0.82207,0.81995,0.82191,1904,19,0
2025-04-23 13:00:00,0.8219,0.82362,0.82161,0.82321,1840,19,0
2025-04-23 13:30:00,0.82326,0.82452,0.82277,0.8237,1988,19,0
2025-04-23 14:00:00,0.82369,0.82479,0.8231,0.82352,2264,18,0
2025-04-23 14:30:00,0.8235,0.82359,0.82186,0.82231,1869,18,0
2025-04-23 15:00:00,0.82239,0.82248,0.82116,0.82162,2324,18,0
2025-04-23 15:30:00,0.8216,0.82264,0.82072,0.82256,1828,18,0
2025-04-23 16:00:00,0.82257,0.82316,0.82196,0.82286,2205,18,0
2025-04-23 16:30:00,0.82287,0.82749,0.82215,0.82748,6824,18,0
2025-04-23 17:00:00,0.82744,0.82783,0.82412,0.82543,6443,17,0
2025-04-23 17:30:00,0.82542,0.82828,0.8245,0.82796,5539,17,0
2025-04-23 18:00:00,0.82795,0.82836,0.82472,0.82525,5186,18,0
2025-04-23 18:30:00,0.82524,0.82724,0.82501,0.82705,3693,18,0
2025-04-23 19:00:00,0.82708,0.82778,0.82648,0.82751,2920,19,0
2025-04-23 19:30:00,0.82749,0.82986,0.82728,0.82941,1816,19,0
2025-04-23 20:00:00,0.8294,0.8299,0.82886,0.82916,1555,18,0
2025-04-23 20:30:00,0.82914,0.82971,0.82852,0.82937,1248,19,0
2025-04-23 21:00:00,0.82936,0.82984,0.82917,0.82956,1094,19,0
2025-04-23 21:30:00,0.82958,0.82989,0.82951,0.82961,988,19,0
2025-04-23 22:00:00,0.82963,0.82993,0.82897,0.82918,1132,19,0
2025-04-23 22:30:00,0.82917,0.83014,0.82917,0.8299,1063,19,0
2025-04-23 23:00:00,0.82989,0.83099,0.82986,0.83094,686,19,0
2025-04-23 23:30:00,0.83095,0.83102,0.82996,0.82997,681,23,0
2025-04-24 00:00:00,0.82996,0.83021,0.82968,0.82969,67,120,0
2025-04-24 00:30:00,0.82977,0.83023,0.82907,0.82937,316,120,0
2025-04-24 01:00:00,0.82936,0.82963,0.82756,0.82874,965,19,0
2025-04-24 01:30:00,0.82872,0.82973,0.82859,0.82971,739,20,0
2025-04-24 02:00:00,0.82972,0.82996,0.82905,0.82975,728,21,0
2025-04-24 02:30:00,0.82976,0.82983,0.82926,0.82956,780,19,0
2025-04-24 03:00:00,0.82953,0.83013,0.8288,0.82904,1387,20,0
2025-04-24 03:30:00,0.82903,0.82974,0.82855,0.82883,1606,19,0
2025-04-24 04:00:00,0.82885,0.82929,0.82791,0.82807,1667,19,0
2025-04-24 04:30:00,0.82808,0.8287,0.8277,0.82794,1667,19,0
2025-04-24 05:00:00,0.82789,0.82827,0.82754,0.82784,1134,19,0
2025-04-24 05:30:00,0.82785,0.8281,0.8275,0.82766,759,19,0
2025-04-24 06:00:00,0.82764,0.82831,0.82756,0.82821,706,19,0
2025-04-24 06:30:00,0.82816,0.82922,0.82809,0.82873,687,19,0
2025-04-24 07:00:00,0.8287,0.82904,0.8283,0.82855,538,19,0
2025-04-24 07:30:00,0.82854,0.82912,0.82832,0.82858,485,19,0
2025-04-24 08:00:00,0.82859,0.82909,0.82797,0.82806,691,19,0
2025-04-24 08:30:00,0.82808,0.82909,0.82803,0.82841,1339,19,0
2025-04-24 09:00:00,0.82838,0.82849,0.82743,0.82785,1140,19,0
2025-04-24 09:30:00,0.82786,0.82812,0.82689,0.82706,1436,19,0
2025-04-24 10:00:00,0.82707,0.82721,0.82589,0.82607,2076,19,0
2025-04-24 10:30:00,0.82607,0.82709,0.82579,0.82673,1596,19,0
2025-04-24 11:00:00,0.82675,0.82714,0.82561,0.82659,1786,19,0
2025-04-24 11:30:00,0.82657,0.82753,0.82597,0.82656,2041,19,0
2025-04-24 12:00:00,0.82657,0.82675,0.82466,0.82579,1250,19,0
2025-04-24 12:30:00,0.8258,0.82619,0.82464,0.82508,1249,19,0
2025-04-24 13:00:00,0.82513,0.82551,0.82416,0.82428,1330,19,0
2025-04-24 13:30:00,0.82434,0.82587,0.82385,0.82587,1385,19,0
2025-04-24 14:00:00,0.82585,0.82594,0.8246,0.82535,1503,18,0
2025-04-24 14:30:00,0.82536,0.82626,0.82481,0.82573,1468,18,0
2025-04-24 15:00:00,0.82576,0.82634,0.82533,0.82562,1930,17,0
2025-04-24 15:30:00,0.82563,0.82668,0.8251,0.82548,2704,17,0
2025-04-24 16:00:00,0.82546,0.82642,0.82507,0.82598,1902,18,0
2025-04-24 16:30:00,0.8259,0.82723,0.82531,0.8262,2095,18,0
2025-04-24 17:00:00,0.82617,0.82632,0.82517,0.826,2356,18,0
2025-04-24 17:30:00,0.82604,0.82701,0.82516,0.82669,2798,18,0
2025-04-24 18:00:00,0.8267,0.82831,0.82625,0.82775,2646,18,0
2025-04-24 18:30:00,0.82775,0.82836,0.82696,0.82715,2110,18,0
2025-04-24 19:00:00,0.82711,0.82764,0.82672,0.82735,1370,19,0
2025-04-24 19:30:00,0.82734,0.82813,0.82698,0.82698,1381,19,0
2025-04-24 20:00:00,0.82697,0.82811,0.82662,0.82784,1029,19,0
2025-04-24 20:30:00,0.82783,0.8285,0.82765,0.82833,885,19,0
2025-04-24 21:00:00,0.82829,0.8287,0.82821,0.82866,810,19,0
2025-04-24 21:30:00,0.82866,0.82874,0.82783,0.82797,684,19,0
2025-04-24 22:00:00,0.82798,0.82801,0.82683,0.82701,703,19,0
2025-04-24 22:30:00,0.82702,0.82728,0.82642,0.82728,702,19,0
2025-04-24 23:00:00,0.82729,0.82774,0.82699,0.82718,604,21,0
2025-04-24 23:30:00,0.82719,0.8272,0.8263,0.82631,614,23,0
2025-04-25 00:00:00,0.82625,0.82678,0.82542,0.82606,159,106,0
2025-04-25 00:30:00,0.82607,0.82645,0.82603,0.82607,174,120,0
2025-04-25 01:00:00,0.82625,0.82746,0.82606,0.82719,690,22,0
2025-04-25 01:30:00,0.82718,0.82742,0.82712,0.82729,315,22,0
2025-04-25 02:00:00,0.82728,0.82822,0.8272,0.82801,413,22,0
2025-04-25 02:30:00,0.82805,0.82874,0.82783,0.82845,681,20,0
2025-04-25 03:00:00,0.82846,0.83002,0.8284,0.83001,1078,20,0
2025-04-25 03:30:00,0.83002,0.8307,0.82989,0.83065,1226,19,0
2025-04-25 04:00:00,0.83064,0.83099,0.83019,0.83038,1083,19,0
2025-04-25 04:30:00,0.83038,0.83099,0.82993,0.83078,1242,19,0
2025-04-25 05:00:00,0.83079,0.83081,0.82996,0.83004,944,19,0
2025-04-25 05:30:00,0.83005,0.83039,0.82972,0.83004,767,19,0
2025-04-25 06:00:00,0.83003,0.83072,0.82932,0.83072,1422,19,0
2025-04-25 06:30:00,0.83071,0.83219,0.83071,0.83206,1741,20,0
2025-04-25 07:00:00,0.83207,0.83283,0.83151,0.83169,1554,19,0
2025-04-25 07:30:00,0.83169,0.8319,0.83131,0.83154,890,19,0
2025-04-25 08:00:00,0.83155,0.83211,0.83101,0.83206,1161,20,0
2025-04-25 08:30:00,0.832,0.83239,0.83134,0.83205,1651,20,0
2025-04-25 09:00:00,0.83209,0.83337,0.83196,0.83259,1950,19,0
2025-04-25 09:30:00,0.83257,0.83262,0.83074,0.8319,1964,19,0
2025-04-25 10:00:00,0.83191,0.83238,0.82967,0.83015,2769,19,0
2025-04-25 10:30:00,0.83014,0.83106,0.82949,0.83069,1878,18,0
2025-04-25 11:00:00,0.83068,0.83139,0.83024,0.83072,1765,18,0
2025-04-25 11:30:00,0.83078,0.83139,0.83015,0.83047,1574,19,0
2025-04-25 12:00:00,0.83048,0.83063,0.82918,0.82953,1697,19,0
2025-04-25 12:30:00,0.82952,0.83095,0.82929,0.83092,1401,19,0
2025-04-25 13:00:00,0.8309,0.83091,0.82925,0.83024,2049,19,0
2025-04-25 13:30:00,0.83031,0.83048,0.82863,0.82864,1727,19,0
2025-04-25 14:00:00,0.82866,0.82933,0.82812,0.82841,1639,18,0
2025-04-25 14:30:00,0.8284,0.82976,0.82838,0.82965,1479,18,0
2025-04-25 15:00:00,0.82964,0.83024,0.82907,0.83018,1873,17,0
2025-04-25 15:30:00,0.83008,0.83063,0.82966,0.83054,1763,17,0
2025-04-25 16:00:00,0.83055,0.83131,0.8301,0.83083,2132,18,0
2025-04-25 16:30:00,0.83085,0.83129,0.82978,0.83001,2640,18,0
2025-04-25 17:00:00,0.83002,0.83077,0.82886,0.82892,2704,18,0
2025-04-25 17:30:00,0.82895,0.82968,0.82849,0.8295,2375,18,0
2025-04-25 18:00:00,0.82949,0.83043,0.82925,0.82932,1763,18,0
2025-04-25 18:30:00,0.82933,0.82951,0.8283,0.82844,1342,18,0
2025-04-25 19:00:00,0.82845,0.82858,0.82781,0.82806,860,19,0
2025-04-25 19:30:00,0.82808,0.82902,0.82772,0.82902,589,19,0
2025-04-25 20:00:00,0.82901,0.82932,0.82847,0.82899,694,19,0
2025-04-25 20:30:00,0.82897,0.82903,0.82694,0.82744,1182,19,0
2025-04-25 21:00:00,0.82743,0.82821,0.82699,0.82752,857,19,0
2025-04-25 21:30:00,0.82751,0.82779,0.8269,0.82694,571,19,0
2025-04-25 22:00:00,0.82699,0.82719,0.82681,0.82695,514,19,0
2025-04-25 22:30:00,0.82694,0.82796,0.82657,0.82786,743,19,0
2025-04-25 23:00:00,0.82783,0.82797,0.82754,0.82787,432,21,0
2025-04-25 23:30:00,0.82788,0.82849,0.82731,0.82737,406,23,0
2025-04-28 00:00:00,0.82927,0.82962,0.82655,0.82766,179,120,0
2025-04-28 00:30:00,0.82767,0.82863,0.82726,0.82785,300,120,0
2025-04-28 01:00:00,0.82777,0.82871,0.82732,0.82869,1276,21,0
2025-04-28 01:30:00,0.82871,0.8292,0.82835,0.82838,704,21,0
2025-04-28 02:00:00,0.82837,0.82848,0.82791,0.82813,633,20,0
2025-04-28 02:30:00,0.82815,0.82857,0.82779,0.82844,573,20,0
2025-04-28 03:00:00,0.82848,0.82858,0.8273,0.82747,1445,19,0
2025-04-28 03:30:00,0.82748,0.82786,0.82714,0.82747,1117,19,0
2025-04-28 04:00:00,0.82748,0.82836,0.82725,0.82834,1036,19,0
2025-04-28 04:30:00,0.82829,0.82845,0.8277,0.82821,840,19,0
2025-04-28 05:00:00,0.82823,0.82917,0.82823,0.82895,861,19,0
2025-04-28 05:30:00,0.82896,0.82901,0.82832,0.82853,580,19,0
2025-04-28 06:00:00,0.82856,0.82857,0.82779,0.82807,503,19,0
2025-04-28 06:30:00,0.82809,0.82831,0.82782,0.82819,460,19,0
2025-04-28 07:00:00,0.8282,0.82844,0.82786,0.82801,496,19,0
2025-04-28 07:30:00,0.82802,0.82807,0.82686,0.82689,729,19,0
2025-04-28 08:00:00,0.8269,0.82711,0.82676,0.82701,588,19,0
2025-04-28 08:30:00,0.82704,0.82757,0.82664,0.82751,871,19,0
2025-04-28 09:00:00,0.82755,0.82899,0.82752,0.82895,1168,19,0
2025-04-28 09:30:00,0.82897,0.83078,0.82856,0.83059,1670,19,0
2025-04-28 10:00:00,0.83062,0.83074,0.82963,0.82994,1668,19,0
2025-04-28 10:30:00,0.82993,0.83155,0.82984,0.83129,1559,19,0
2025-04-28 11:00:00,0.83127,0.83179,0.83069,0.83137,1525,19,0
2025-04-28 11:30:00,0.8314,0.83176,0.83031,0.8305,1205,19,0
2025-04-28 12:00:00,0.83049,0.83067,0.82853,0.82859,1412,19,0
2025-04-28 12:30:00,0.8286,0.82956,0.82847,0.82954,1374,19,0
2025-04-28 13:00:00,0.82953,0.82955,0.82863,0.82911,999,19,0
2025-04-28 13:30:00,0.8291,0.82984,0.82909,0.82976,923,19,0
2025-04-28 14:00:00,0.82978,0.83091,0.82974,0.83061,1236,18,0
2025-04-28 14:30:00,0.83051,0.83051,0.82937,0.82963,1399,18,0
2025-04-28 15:00:00,0.82965,0.82972,0.82849,0.82863,1936,18,0
2025-04-28 15:30:00,0.82864,0.83018,0.82861,0.83018,1640,18,0
2025-04-28 16:00:00,0.83015,0.8306,0.82965,0.82989,1671,18,0
2025-04-28 16:30:00,0.82989,0.82991,0.82752,0.82842,2523,18,0
2025-04-28 17:00:00,0.82843,0.82875,0.82711,0.82744,2018,17,0
2025-04-28 17:30:00,0.82742,0.82745,0.8242,0.82523,3479,18,0
2025-04-28 18:00:00,0.82524,0.82606,0.8249,0.82527,2264,18,0
2025-04-28 18:30:00,0.82525,0.8257,0.82475,0.8254,1620,18,0
2025-04-28 19:00:00,0.82539,0.8254,0.82301,0.82346,1582,19,0
2025-04-28 19:30:00,0.82347,0.82403,0.81985,0.82098,1787,19,0
2025-04-28 20:00:00,0.82095,0.82143,0.82028,0.82051,1482,19,0
2025-04-28 20:30:00,0.82042,0.82187,0.82038,0.82181,1055,19,0
2025-04-28 21:00:00,0.82178,0.82202,0.82112,0.8213,947,19,0
2025-04-28 21:30:00,0.82127,0.82158,0.82068,0.82073,963,19,0
2025-04-28 22:00:00,0.8208,0.82092,0.82042,0.82072,804,19,0
2025-04-28 22:30:00,0.8207,0.82098,0.82037,0.82052,644,19,0
2025-04-28 23:00:00,0.82054,0.82057,0.82013,0.82019,423,19,0
2025-04-28 23:30:00,0.82018,0.8203,0.81954,0.8196,577,23,0
2025-04-29 00:00:00,0.81955,0.82035,0.81944,0.8195,81,87,0
2025-04-29 00:30:00,0.8195,0.81981,0.81948,0.81969,120,91,0
2025-04-29 01:00:00,0.81972,0.82073,0.8195,0.82062,512,20,0
2025-04-29 01:30:00,0.82063,0.82079,0.82043,0.82079,252,20,0
2025-04-29 02:00:00,0.82077,0.82165,0.82028,0.82128,737,19,0
2025-04-29 02:30:00,0.82127,0.82146,0.82096,0.82124,554,19,0
2025-04-29 03:00:00,0.82122,0.82153,0.82073,0.82131,992,19,0
2025-04-29 03:30:00,0.82132,0.822,0.82124,0.82184,771,19,0
2025-04-29 04:00:00,0.82185,0.82204,0.82138,0.8219,850,19,0
2025-04-29 04:30:00,0.82192,0.82342,0.82192,0.82318,878,19,0
2025-04-29 05:00:00,0.82319,0.82326,0.82123,0.82194,1440,19,0
2025-04-29 05:30:00,0.82197,0.82294,0.82169,0.82293,1188,19,0
2025-04-29 06:00:00,0.82292,0.82328,0.82262,0.8232,1063,19,0
2025-04-29 06:30:00,0.82322,0.82386,0.82312,0.82374,739,19,0
2025-04-29 07:00:00,0.82376,0.82418,0.82368,0.82386,670,19,0
2025-04-29 07:30:00,0.82388,0.8247,0.82371,0.82431,824,19,0
2025-04-29 08:00:00,0.8243,0.82431,0.82357,0.82395,841,19,0
2025-04-29 08:30:00,0.82402,0.82402,0.82321,0.82343,671,19,0
2025-04-29 09:00:00,0.82345,0.82349,0.82219,0.82239,1165,19,0
2025-04-29 09:30:00,0.82236,0.82396,0.82202,0.82307,1578,19,0
2025-04-29 10:00:00,0.8231,0.82396,0.82297,0.82315,2195,19,0
2025-04-29 10:30:00,0.82319,0.82355,0.82228,0.82328,2025,19,0
2025-04-29 11:00:00,0.82325,0.82522,0.82287,0.82407,1782,19,0
2025-04-29 11:30:00,0.82408,0.82531,0.82408,0.82483,1383,19,0
2025-04-29 12:00:00,0.82482,0.82521,0.82449,0.82461,1172,19,0
2025-04-29 12:30:00,0.82462,0.82633,0.82458,0.82573,1182,19,0
2025-04-29 13:00:00,0.82575,0.82631,0.82532,0.82576,1147,19,0
2025-04-29 13:30:00,0.82577,0.82627,0.82554,0.82572,1065,19,0
2025-04-29 14:00:00,0.82573,0.82588,0.82452,0.82503,1380,18,0
2025-04-29 14:30:00,0.82503,0.82589,0.82487,0.82562,1420,18,0
2025-04-29 15:00:00,0.82563,0.82583,0.82436,0.82451,1676,18,0
2025-04-29 15:30:00,0.8245,0.82457,0.82257,0.8227,2496,18,0
2025-04-29 16:00:00,0.82269,0.82351,0.82222,0.82295,2535,18,0
2025-04-29 16:30:00,0.82295,0.82461,0.82182,0.82302,2918,18,0
2025-04-29 17:00:00,0.82301,0.82379,0.82162,0.82249,4206,17,0
2025-04-29 17:30:00,0.82247,0.82468,0.82234,0.8241,3357,18,0
2025-04-29 18:00:00,0.82411,0.82433,0.82301,0.8233,2440,18,0
2025-04-29 18:30:00,0.82331,0.82418,0.82288,0.82402,1889,18,0
2025-04-29 19:00:00,0.82403,0.82412,0.82199,0.82258,1501,19,0
2025-04-29 19:30:00,0.82263,0.82391,0.8224,0.82315,1326,19,0
2025-04-29 20:00:00,0.8231,0.82379,0.82277,0.82278,1389,19,0
2025-04-29 20:30:00,0.8228,0.82437,0.82277,0.82413,849,19,0
2025-04-29 21:00:00,0.82414,0.82479,0.82375,0.8245,965,19,0
2025-04-29 21:30:00,0.82449,0.82469,0.82408,0.82411,766,19,0
2025-04-29 22:00:00,0.82411,0.82419,0.82356,0.82402,818,19,0
2025-04-29 22:30:00,0.82403,0.82477,0.82391,0.82406,597,19,0
2025-04-29 23:00:00,0.82407,0.82407,0.82337,0.82359,362,22,0
2025-04-29 23:30:00,0.82358,0.82373,0.82325,0.82331,528,23,0
2025-04-30 00:00:00,0.82326,0.82419,0.82325,0.82343,68,87,0
2025-04-30 00:30:00,0.82342,0.824,0.82311,0.82339,855,87,0
2025-04-30 01:00:00,0.82329,0.82359,0.82264,0.82322,583,20,0
2025-04-30 01:30:00,0.82324,0.82389,0.82315,0.82347,417,21,0
2025-04-30 02:00:00,0.82338,0.8239,0.82333,0.82371,385,19,0
2025-04-30 02:30:00,0.82373,0.82387,0.82314,0.82316,471,20,0
2025-04-30 03:00:00,0.82313,0.82362,0.82301,0.82338,1415,19,0
2025-04-30 03:30:00,0.82337,0.82422,0.82317,0.82351,948,19,0
2025-04-30 04:00:00,0.8235,0.82358,0.82292,0.82301,822,19,0
2025-04-30 04:30:00,0.823,0.82424,0.82259,0.82404,1255,19,0
2025-04-30 05:00:00,0.82405,0.82454,0.82363,0.82371,1121,19,0
2025-04-30 05:30:00,0.82372,0.82418,0.82325,0.82356,824,19,0
2025-04-30 06:00:00,0.82354,0.82357,0.82302,0.82304,708,19,0
2025-04-30 06:30:00,0.82304,0.82394,0.82297,0.82384,736,19,0
2025-04-30 07:00:00,0.82385,0.82388,0.82317,0.82354,736,19,0
2025-04-30 07:30:00,0.82353,0.82379,0.8232,0.82351,613,19,0
2025-04-30 08:00:00,0.8235,0.8238,0.8232,0.82342,696,19,0
2025-04-30 08:30:00,0.82341,0.82358,0.82295,0.8233,602,19,0
2025-04-30 09:00:00,0.82334,0.82467,0.82323,0.82396,1189,18,0
2025-04-30 09:30:00,0.82393,0.82439,0.82302,0.82402,1480,19,0
2025-04-30 10:00:00,0.82403,0.82526,0.82403,0.8251,1600,19,0
2025-04-30 10:30:00,0.82509,0.82537,0.82445,0.82479,1567,19,0
2025-04-30 11:00:00,0.8248,0.82609,0.82428,0.82575,1456,19,0
2025-04-30 11:30:00,0.82576,0.82625,0.82534,0.82553,1436,19,0
2025-04-30 12:00:00,0.82551,0.82553,0.82468,0.8247,1418,19,0
2025-04-30 12:30:00,0.82471,0.82581,0.82439,0.82561,1493,19,0
2025-04-30 13:00:00,0.8256,0.82562,0.82474,0.82489,1260,19,0
2025-04-30 13:30:00,0.82488,0.82507,0.82444,0.82505,1259,19,0
2025-04-30 14:00:00,0.82503,0.82565,0.82492,0.82525,1764,18,0
2025-04-30 14:30:00,0.82526,0.82539,0.82438,0.8253,1756,18,0
2025-04-30 15:00:00,0.82531,0.82561,0.82379,0.82426,2386,18,0
2025-04-30 15:30:00,0.82425,0.82525,0.82205,0.82331,4686,18,0
2025-04-30 16:00:00,0.82333,0.82407,0.82317,0.82387,3177,18,0
2025-04-30 16:30:00,0.82387,0.8239,0.82214,0.82229,3191,18,0
2025-04-30 17:00:00,0.8223,0.82356,0.82176,0.8233,3540,17,0
2025-04-30 17:30:00,0.8233,0.82386,0.82131,0.82163,3784,17,0
2025-04-30 18:00:00,0.82162,0.82381,0.82144,0.82369,3595,18,0
2025-04-30 18:30:00,0.8237,0.82452,0.82244,0.82268,3305,18,0
2025-04-30 19:00:00,0.82267,0.82354,0.82197,0.82221,1626,19,0
2025-04-30 19:30:00,0.82222,0.8226,0.82178,0.82214,1259,19,0
2025-04-30 20:00:00,0.82215,0.82223,0.82176,0.82197,948,19,0
2025-04-30 20:30:00,0.82194,0.82286,0.82189,0.82283,959,19,0
2025-04-30 21:00:00,0.82282,0.82342,0.82244,0.82323,1533,19,0
2025-04-30 21:30:00,0.82321,0.82331,0.82251,0.82279,1007,19,0
2025-04-30 22:00:00,0.8228,0.82373,0.82256,0.82361,920,19,0
2025-04-30 22:30:00,0.82362,0.82525,0.82357,0.82519,1206,19,0
2025-04-30 23:00:00,0.82517,0.82692,0.82492,0.8268,1209,21,0
2025-04-30 23:30:00,0.82681,0.82718,0.82525,0.82531,775,23,0
2025-05-01 00:00:00,0.82525,0.82574,0.82486,0.82568,41,120,0
2025-05-01 00:30:00,0.82576,0.82602,0.82503,0.82563,135,120,0
2025-05-01 01:00:00,0.82571,0.82676,0.82567,0.82643,329,21,0
2025-05-01 01:30:00,0.82641,0.82656,0.82596,0.82611,314,21,0
2025-05-01 02:00:00,0.82609,0.82632,0.82579,0.82593,353,21,0
2025-05-01 02:30:00,0.82594,0.82615,0.82577,0.82599,418,20,0
2025-05-01 03:00:00,0.82597,0.82601,0.82528,0.82558,812,20,0
2025-05-01 03:30:00,0.82559,0.82638,0.82553,0.82607,752,19,0
2025-05-01 04:00:00,0.82608,0.82686,0.82603,0.82676,765,19,0
2025-05-01 04:30:00,0.82679,0.82716,0.82624,0.82676,540,19,0
2025-05-01 05:00:00,0.82677,0.82686,0.82616,0.82616,325,19,0
2025-05-01 05:30:00,0.82617,0.82645,0.82581,0.82598,459,19,0
2025-05-01 06:00:00,0.82597,0.82736,0.82556,0.82697,1077,19,0
2025-05-01 06:30:00,0.82697,0.8278,0.82659,0.82671,972,19,0
2025-05-01 07:00:00,0.82666,0.82707,0.82649,0.82687,663,19,0
2025-05-01 07:30:00,0.82688,0.82743,0.82679,0.8274,448,19,0
2025-05-01 08:00:00,0.82742,0.8287,0.82724,0.8286,983,21,0
2025-05-01 08:30:00,0.82859,0.82859,0.82763,0.82789,828,19,0
2025-05-01 09:00:00,0.82797,0.82808,0.82727,0.8274,1046,19,0
2025-05-01 09:30:00,0.82739,0.82784,0.82673,0.82738,1960,19,0
2025-05-01 10:00:00,0.82737,0.82883,0.82717,0.82871,2296,19,0
2025-05-01 10:30:00,0.82867,0.82868,0.82712,0.82712,1305,19,0
2025-05-01 11:00:00,0.82711,0.82711,0.8255,0.82592,1203,19,0
2025-05-01 11:30:00,0.82591,0.82663,0.82562,0.82663,912,19,0
2025-05-01 12:00:00,0.82664,0.82683,0.826,0.82663,836,19,0
2025-05-01 12:30:00,0.82659,0.82794,0.82653,0.82788,897,19,0
2025-05-01 13:00:00,0.82786,0.82798,0.82644,0.82721,998,19,0
2025-05-01 13:30:00,0.82722,0.82722,0.82603,0.82634,1144,19,0
2025-05-01 14:00:00,0.82629,0.82677,0.82605,0.82638,1616,18,0
2025-05-01 14:30:00,0.82636,0.82816,0.82614,0.82784,1492,18,0
2025-05-01 15:00:00,0.82787,0.82912,0.82745,0.82849,1802,18,0
2025-05-01 15:30:00,0.82849,0.82898,0.8265,0.82884,3951,18,0
2025-05-01 16:00:00,0.82883,0.8291,0.82804,0.82814,2113,18,0
2025-05-01 16:30:00,0.82813,0.82894,0.82769,0.82848,2475,18,0
2025-05-01 17:00:00,0.82847,0.83203,0.82804,0.83141,3966,18,0
2025-05-01 17:30:00,0.83142,0.83287,0.83111,0.8322,3009,18,0
2025-05-01 18:00:00,0.83221,0.83297,0.83155,0.83237,2511,18,0
2025-05-01 18:30:00,0.83238,0.83324,0.83172,0.83195,1810,18,0
2025-05-01 19:00:00,0.83199,0.83235,0.8313,0.83192,1504,19,0
2025-05-01 19:30:00,0.83191,0.83194,0.83096,0.831,934,19,0
2025-05-01 20:00:00,0.83097,0.83145,0.83088,0.83136,759,19,0
2025-05-01 20:30:00,0.83133,0.8315,0.83116,0.83129,722,19,0
2025-05-01 21:00:00,0.83132,0.83219,0.83127,0.83202,966,19,0
2025-05-01 21:30:00,0.83204,0.83205,0.83092,0.83155,997,19,0
2025-05-01 22:00:00,0.83154,0.83154,0.83018,0.83022,997,19,0
2025-05-01 22:30:00,0.8302,0.8302,0.82909,0.82949,935,19,0
2025-05-01 23:00:00,0.82946,0.82963,0.82877,0.82959,622,22,0
2025-05-01 23:30:00,0.82958,0.82978,0.82875,0.82906,476,23,0
2025-05-02 00:00:00,0.82907,0.83139,0.82857,0.82922,111,89,0
2025-05-02 00:30:00,0.82924,0.83037,0.82896,0.82976,301,120,0
2025-05-02 01:00:00,0.82947,0.82947,0.8287,0.82894,694,21,0
2025-05-02 01:30:00,0.82896,0.82904,0.82859,0.82864,194,21,0
2025-05-02 02:00:00,0.82866,0.82901,0.82866,0.82893,254,21,0
2025-05-02 02:30:00,0.82892,0.82941,0.82887,0.82896,390,20,0
2025-05-02 03:00:00,0.82895,0.83053,0.82866,0.83053,1002,20,0
2025-05-02 03:30:00,0.83053,0.83176,0.83039,0.83129,1508,20,0
2025-05-02 04:00:00,0.83128,0.83137,0.83023,0.83091,1317,19,0
2025-05-02 04:30:00,0.83087,0.83131,0.82989,0.82999,1312,19,0
2025-05-02 05:00:00,0.82998,0.83021,0.82955,0.82991,1129,19,0
2025-05-02 05:30:00,0.82993,0.8305,0.82987,0.83022,547,19,0
2025-05-02 06:00:00,0.83026,0.83026,0.82885,0.82893,677,19,0
2025-05-02 06:30:00,0.82893,0.82896,0.82821,0.82833,651,19,0
2025-05-02 07:00:00,0.82831,0.82927,0.82822,0.82903,970,19,0
2025-05-02 07:30:00,0.82902,0.8295,0.82902,0.82924,798,19,0
2025-05-02 08:00:00,0.82923,0.82936,0.82793,0.82807,697,19,0
2025-05-02 08:30:00,0.82808,0.82837,0.82757,0.82827,1238,19,0
2025-05-02 09:00:00,0.82815,0.82847,0.82681,0.82721,1827,19,0
2025-05-02 09:30:00,0.82721,0.82808,0.82682,0.8272,1256,19,0
2025-05-02 10:00:00,0.82723,0.82818,0.82701,0.82806,1569,19,0
2025-05-02 10:30:00,0.82807,0.8286,0.82605,0.82723,1708,19,0
2025-05-02 11:00:00,0.82724,0.82772,0.82655,0.82678,1766,19,0
2025-05-02 11:30:00,0.82681,0.82691,0.82592,0.82612,1366,19,0
2025-05-02 12:00:00,0.82607,0.82665,0.82568,0.82606,1411,19,0
2025-05-02 12:30:00,0.82605,0.82614,0.82048,0.82272,2520,19,0
2025-05-02 13:00:00,0.82274,0.82341,0.82236,0.82337,1514,20,0
2025-05-02 13:30:00,0.82336,0.82519,0.82322,0.82438,1262,19,0
2025-05-02 14:00:00,0.8244,0.82483,0.8236,0.82377,1263,18,0
2025-05-02 14:30:00,0.82378,0.82405,0.82276,0.82334,1724,18,0
2025-05-02 15:00:00,0.82336,0.82481,0.82328,0.82388,1949,18,0
2025-05-02 15:30:00,0.8239,0.82755,0.82389,0.82713,5595,18,0
2025-05-02 16:00:00,0.82714,0.82752,0.82442,0.82525,3791,18,0
2025-05-02 16:30:00,0.82524,0.82553,0.82263,0.82375,4103,18,0
2025-05-02 17:00:00,0.82376,0.82535,0.82301,0.82442,3776,18,0
2025-05-02 17:30:00,0.82443,0.82443,0.82281,0.8233,2907,18,0
2025-05-02 18:00:00,0.82329,0.82597,0.82329,0.82578,2745,18,0
2025-05-02 18:30:00,0.82577,0.82717,0.82543,0.82615,2517,18,0
2025-05-02 19:00:00,0.82614,0.82798,0.82614,0.82724,2479,19,0
2025-05-02 19:30:00,0.82723,0.82776,0.82689,0.8274,1421,19,0
2025-05-02 20:00:00,0.82741,0.82792,0.8268,0.82704,1300,19,0
2025-05-02 20:30:00,0.827,0.82752,0.82637,0.82698,1351,19,0
2025-05-02 21:00:00,0.82697,0.82756,0.82641,0.82734,875,19,0
2025-05-02 21:30:00,0.82736,0.82798,0.82686,0.82702,1194,19,0
2025-05-02 22:00:00,0.82703,0.82703,0.82623,0.82644,850,19,0
2025-05-02 22:30:00,0.82645,0.82683,0.82602,0.82642,936,19,0
2025-05-02 23:00:00,0.82641,0.82679,0.82614,0.82621,488,19,0
2025-05-02 23:30:00,0.8262,0.82674,0.82584,0.82652,362,23,0
2025-05-05 00:00:00,0.82449,0.82513,0.82449,0.825,83,120,0
2025-05-05 00:30:00,0.82491,0.82596,0.82484,0.8257,196,120,0
2025-05-05 01:00:00,0.82485,0.82573,0.82426,0.82526,764,21,0
2025-05-05 01:30:00,0.8253,0.82534,0.82463,0.82526,490,21,0
2025-05-05 02:00:00,0.8252,0.82562,0.82507,0.82508,375,19,0
2025-05-05 02:30:00,0.82507,0.8251,0.82371,0.82417,692,19,0
2025-05-05 03:00:00,0.8242,0.8247,0.82401,0.8246,669,19,0
2025-05-05 03:30:00,0.82459,0.82468,0.82401,0.82406,836,19,0
2025-05-05 04:00:00,0.82405,0.82406,0.82216,0.82236,1216,19,0
2025-05-05 04:30:00,0.82235,0.82339,0.82222,0.82257,915,19,0
2025-05-05 05:00:00,0.82255,0.82303,0.8223,0.82242,726,19,0
2025-05-05 05:30:00,0.82242,0.8225,0.82189,0.82244,636,19,0
2025-05-05 06:00:00,0.82243,0.82353,0.82241,0.82317,765,19,0
2025-05-05 06:30:00,0.82318,0.82367,0.82312,0.82344,562,19,0
2025-05-05 07:00:00,0.82343,0.82352,0.82282,0.82297,707,19,0
2025-05-05 07:30:00,0.82298,0.82364,0.82285,0.82314,735,19,0
2025-05-05 08:00:00,0.82315,0.82342,0.82259,0.82321,977,19,0
2025-05-05 08:30:00,0.82322,0.82496,0.82313,0.82495,1236,19,0
2025-05-05 09:00:00,0.82509,0.82566,0.82466,0.82489,1472,19,0
2025-05-05 09:30:00,0.82512,0.82744,0.82512,0.82617,2262,20,0
2025-05-05 10:00:00,0.82618,0.82702,0.82566,0.82683,1579,19,0
2025-05-05 10:30:00,0.82681,0.82699,0.82588,0.8264,1555,19,0
2025-05-05 11:00:00,0.82641,0.82676,0.82519,0.82534,1479,19,0
2025-05-05 11:30:00,0.82533,0.82579,0.8245,0.8249,1458,19,0
2025-05-05 12:00:00,0.82489,0.82491,0.82353,0.82377,1317,19,0
2025-05-05 12:30:00,0.82376,0.82418,0.82332,0.8235,1407,19,0
2025-05-05 13:00:00,0.82351,0.82407,0.82319,0.82329,1431,19,0
2025-05-05 13:30:00,0.82328,0.82351,0.82293,0.82325,986,19,0
2025-05-05 14:00:00,0.82326,0.82326,0.82225,0.82281,1074,18,0
2025-05-05 14:30:00,0.82283,0.82355,0.8228,0.82318,1289,18,0
2025-05-05 15:00:00,0.8232,0.82331,0.82182,0.82196,1666,18,0
2025-05-05 15:30:00,0.82197,0.82318,0.82186,0.82274,1464,18,0
2025-05-05 16:00:00,0.82273,0.82321,0.82193,0.82228,1621,18,0
2025-05-05 16:30:00,0.82227,0.82294,0.82157,0.82166,2342,18,0
2025-05-05 17:00:00,0.82172,0.82347,0.82135,0.82233,3537,20,0
2025-05-05 17:30:00,0.82232,0.82327,0.82136,0.82199,2458,18,0
2025-05-05 18:00:00,0.82198,0.82274,0.82171,0.82235,1683,18,0
2025-05-05 18:30:00,0.82236,0.82392,0.82191,0.82384,1179,18,0
2025-05-05 19:00:00,0.82383,0.82472,0.82357,0.8243,1037,19,0
2025-05-05 19:30:00,0.82431,0.82432,0.82373,0.824,856,19,0
2025-05-05 20:00:00,0.82399,0.824,0.82313,0.8232,699,19,0
2025-05-05 20:30:00,0.82315,0.82358,0.82309,0.8234,715,19,0
2025-05-05 21:00:00,0.82342,0.82411,0.82338,0.82367,681,19,0
2025-05-05 21:30:00,0.82366,0.82369,0.82272,0.82277,678,19,0
2025-05-05 22:00:00,0.82278,0.82297,0.82221,0.82242,618,19,0
2025-05-05 22:30:00,0.82241,0.82287,0.82218,0.8223,698,19,0
2025-05-05 23:00:00,0.82231,0.82235,0.8215,0.82232,389,19,0
2025-05-05 23:30:00,0.82231,0.82235,0.82186,0.82203,350,23,0
2025-05-06 00:00:00,0.82169,0.82245,0.8213,0.82191,150,120,0
2025-05-06 00:30:00,0.82173,0.82276,0.82112,0.82238,236,95,0
2025-05-06 01:00:00,0.82143,0.82205,0.82126,0.82197,479,20,0
2025-05-06 01:30:00,0.82198,0.82214,0.82191,0.82206,260,19,0
2025-05-06 02:00:00,0.82204,0.82234,0.82175,0.822,364,19,0
2025-05-06 02:30:00,0.82197,0.82212,0.82162,0.8221,454,19,0
2025-05-06 03:00:00,0.82209,0.82427,0.82208,0.82395,1230,19,0
2025-05-06 03:30:00,0.82392,0.82451,0.82371,0.8244,1371,19,0
2025-05-06 04:00:00,0.82441,0.82509,0.82393,0.82463,1477,19,0
2025-05-06 04:30:00,0.82464,0.82531,0.82405,0.82449,1348,19,0
2025-05-06 05:00:00,0.82448,0.82452,0.82249,0.82249,1495,19,0
2025-05-06 05:30:00,0.82249,0.82327,0.82243,0.82297,1052,19,0
2025-05-06 06:00:00,0.82296,0.82371,0.82271,0.82308,1084,19,0
2025-05-06 06:30:00,0.82308,0.82343,0.82276,0.82304,736,19,0
2025-05-06 07:00:00,0.82307,0.82307,0.82212,0.82263,861,19,0
2025-05-06 07:30:00,0.82262,0.82294,0.82236,0.8227,671,19,0
2025-05-06 08:00:00,0.82273,0.82305,0.82261,0.82287,766,19,0
2025-05-06 08:30:00,0.82286,0.82311,0.82256,0.82267,971,19,0
2025-05-06 09:00:00,0.82263,0.82359,0.82263,0.8234,1223,19,0
2025-05-06 09:30:00,0.82341,0.82364,0.82252,0.82336,1448,19,0
2025-05-06 10:00:00,0.82337,0.82492,0.823,0.82373,2117,19,0
2025-05-06 10:30:00,0.82372,0.82437,0.82208,0.82388,2539,19,0
2025-05-06 11:00:00,0.82392,0.82467,0.82231,0.82319,2707,19,0
2025-05-06 11:30:00,0.8232,0.82415,0.82282,0.82403,1667,19,0
2025-05-06 12:00:00,0.82402,0.82479,0.82322,0.82458,1688,19,0
2025-05-06 12:30:00,0.82459,0.82645,0.82408,0.82613,1783,19,0
2025-05-06 13:00:00,0.82613,0.82613,0.82523,0.82567,1402,19,0
2025-05-06 13:30:00,0.82569,0.82584,0.82454,0.82479,1338,19,0
2025-05-06 14:00:00,0.8248,0.8251,0.82406,0.82479,1797,18,0
2025-05-06 14:30:00,0.82481,0.82491,0.82412,0.82453,1281,18,0
2025-05-06 15:00:00,0.82449,0.82576,0.82425,0.82468,1687,18,0
2025-05-06 15:30:00,0.82467,0.82467,0.8232,0.82409,1830,18,0
2025-05-06 16:00:00,0.8241,0.82504,0.82356,0.82364,1819,18,0
2025-05-06 16:30:00,0.82366,0.82457,0.82248,0.82278,2186,18,0
2025-05-06 17:00:00,0.82278,0.8247,0.82253,0.82434,2588,18,0
2025-05-06 17:30:00,0.82433,0.82434,0.82269,0.82388,1963,18,0
2025-05-06 18:00:00,0.82389,0.82425,0.82356,0.82401,1664,18,0
2025-05-06 18:30:00,0.82399,0.82514,0.82382,0.82414,1197,18,0
2025-05-06 19:00:00,0.8241,0.82526,0.82354,0.82365,1209,19,0
2025-05-06 19:30:00,0.82362,0.82397,0.82312,0.82353,893,19,0
2025-05-06 20:00:00,0.82349,0.82356,0.82228,0.82246,971,19,0
2025-05-06 20:30:00,0.82244,0.82259,0.82187,0.82196,724,19,0
2025-05-06 21:00:00,0.82197,0.82241,0.82191,0.822,622,19,0
2025-05-06 21:30:00,0.82201,0.82205,0.82133,0.82155,617,19,0
2025-05-06 22:00:00,0.82159,0.82193,0.8213,0.82131,573,19,0
2025-05-06 22:30:00,0.8213,0.82176,0.8212,0.82144,625,19,0
2025-05-06 23:00:00,0.82145,0.82195,0.82132,0.82158,446,22,0
2025-05-06 23:30:00,0.82159,0.82212,0.82126,0.82174,620,26,0
2025-05-07 00:00:00,0.8215,0.8219,0.8215,0.82177,46,120,0
2025-05-07 00:30:00,0.82178,0.82199,0.82178,0.82185,79,120,0
2025-05-07 01:00:00,0.82175,0.82654,0.82103,0.82634,2038,19,0
2025-05-07 01:30:00,0.82634,0.82648,0.82472,0.82605,1485,19,0
2025-05-07 02:00:00,0.82604,0.82642,0.8255,0.8255,1363,19,0
2025-05-07 02:30:00,0.82546,0.82616,0.82512,0.82587,1093,19,0
2025-05-07 03:00:00,0.82588,0.82702,0.82463,0.82658,2169,19,0
2025-05-07 03:30:00,0.82655,0.82705,0.8261,0.82627,2084,19,0
2025-05-07 04:00:00,0.82628,0.82711,0.82532,0.82646,2436,19,0
2025-05-07 04:30:00,0.82646,0.82707,0.82577,0.82594,2048,19,0
2025-05-07 05:00:00,0.82595,0.8265,0.82552,0.82586,1521,19,0
2025-05-07 05:30:00,0.82589,0.82593,0.82517,0.8253,1035,19,0
2025-05-07 06:00:00,0.8253,0.82567,0.82512,0.82555,1029,19,0
2025-05-07 06:30:00,0.82553,0.82602,0.82523,0.82535,978,19,0
2025-05-07 07:00:00,0.82535,0.82544,0.82468,0.82505,853,19,0
2025-05-07 07:30:00,0.82506,0.82556,0.82493,0.82547,1190,19,0
2025-05-07 08:00:00,0.82549,0.82562,0.82465,0.82493,1053,19,0
2025-05-07 08:30:00,0.82492,0.82508,0.82404,0.82414,1357,19,0
2025-05-07 09:00:00,0.82417,0.82484,0.82372,0.82411,1305,19,0
2025-05-07 09:30:00,0.82415,0.82428,0.82298,0.82321,1245,19,0
2025-05-07 10:00:00,0.82325,0.82441,0.82317,0.82438,1670,19,0
2025-05-07 10:30:00,0.82439,0.82562,0.8242,0.8254,1567,19,0
2025-05-07 11:00:00,0.82541,0.82615,0.82525,0.82555,1596,19,0
2025-05-07 11:30:00,0.82554,0.82574,0.82502,0.82544,1761,19,0
2025-05-07 12:00:00,0.82547,0.82615,0.82436,0.82438,1633,19,0
2025-05-07 12:30:00,0.82439,0.82474,0.82399,0.82413,1030,19,0
2025-05-07 13:00:00,0.82412,0.82416,0.82247,0.8235,1330,19,0
2025-05-07 13:30:00,0.82349,0.8241,0.8232,0.82324,1132,19,0
2025-05-07 14:00:00,0.82325,0.82395,0.82312,0.82379,1164,18,0
2025-05-07 14:30:00,0.8238,0.82499,0.82322,0.82482,1566,18,0
2025-05-07 15:00:00,0.82483,0.82483,0.82197,0.82198,1988,18,0
2025-05-07 15:30:00,0.82197,0.82269,0.82134,0.82187,1989,18,0
2025-05-07 16:00:00,0.82183,0.8223,0.82143,0.82152,1881,18,0
2025-05-07 16:30:00,0.82153,0.82239,0.82094,0.82096,2377,18,0
2025-05-07 17:00:00,0.82097,0.82231,0.82062,0.82165,2083,17,0
2025-05-07 17:30:00,0.82165,0.82167,0.8193,0.82026,2038,17,0
2025-05-07 18:00:00,0.82028,0.82178,0.81994,0.82152,2250,18,0
2025-05-07 18:30:00,0.82151,0.82182,0.82091,0.82137,1739,18,0
2025-05-07 19:00:00,0.82139,0.82158,0.82008,0.82022,1232,19,0
2025-05-07 19:30:00,0.82021,0.82068,0.81999,0.8202,871,19,0
2025-05-07 20:00:00,0.82019,0.82144,0.8201,0.82126,702,19,0
2025-05-07 20:30:00,0.82127,0.82175,0.82032,0.82063,1081,19,0
2025-05-07 21:00:00,0.82064,0.82134,0.81846,0.81977,2605,19,0
2025-05-07 21:30:00,0.81979,0.82225,0.81913,0.82095,3664,19,0
2025-05-07 22:00:00,0.82094,0.82332,0.82081,0.82243,2328,19,0
2025-05-07 22:30:00,0.82241,0.824,0.82218,0.8233,2274,19,0
2025-05-07 23:00:00,0.82331,0.82431,0.82324,0.82356,614,19,0
2025-05-07 23:30:00,0.82357,0.82378,0.8231,0.82313,559,23,0
2025-05-08 00:00:00,0.8231,0.82324,0.8228,0.82286,170,120,0
2025-05-08 00:30:00,0.82288,0.82309,0.82284,0.82289,186,120,0
2025-05-08 01:00:00,0.82288,0.82355,0.82247,0.82336,577,19,0
2025-05-08 01:30:00,0.82337,0.82394,0.82316,0.82386,486,19,0
2025-05-08 02:00:00,0.82381,0.82382,0.82345,0.82363,517,19,0
2025-05-08 02:30:00,0.82364,0.82406,0.82327,0.82406,605,19,0
2025-05-08 03:00:00,0.82405,0.82421,0.82313,0.82331,1378,19,0
2025-05-08 03:30:00,0.8233,0.82387,0.8227,0.82386,1521,19,0
2025-05-08 04:00:00,0.82392,0.82403,0.82309,0.82378,1839,19,0
2025-05-08 04:30:00,0.82377,0.8239,0.82227,0.82238,2193,19,0
2025-05-08 05:00:00,0.82238,0.82338,0.82227,0.82254,1776,19,0
2025-05-08 05:30:00,0.82256,0.82309,0.82233,0.82303,1379,19,0
2025-05-08 06:00:00,0.82304,0.82307,0.82239,0.82283,1253,19,0
2025-05-08 06:30:00,0.82281,0.82331,0.82259,0.82314,1018,19,0
2025-05-08 07:00:00,0.82312,0.82348,0.82292,0.82315,834,19,0
2025-05-08 07:30:00,0.82316,0.82409,0.82313,0.82403,1039,19,0
2025-05-08 08:00:00,0.82404,0.82549,0.82401,0.82457,1621,19,0
2025-05-08 08:30:00,0.82456,0.82527,0.82427,0.82466,1560,19,0
2025-05-08 09:00:00,0.82464,0.82689,0.82433,0.82646,1736,19,0
2025-05-08 09:30:00,0.82643,0.82784,0.82638,0.82708,2094,19,0
2025-05-08 10:00:00,0.8271,0.82908,0.82707,0.8278,2362,19,0
2025-05-08 10:30:00,0.82776,0.82808,0.82704,0.82723,1713,19,0
2025-05-08 11:00:00,0.82721,0.82791,0.82638,0.82705,2070,19,0
2025-05-08 11:30:00,0.82703,0.82727,0.82539,0.8268,1976,19,0
2025-05-08 12:00:00,0.82682,0.827,0.8258,0.82605,1532,19,0
2025-05-08 12:30:00,0.82604,0.82628,0.82544,0.82599,1434,19,0
2025-05-08 13:00:00,0.826,0.82644,0.82553,0.82582,1683,19,0
2025-05-08 13:30:00,0.82575,0.826,0.82483,0.82596,1517,19,0
2025-05-08 14:00:00,0.8259,0.8263,0.82482,0.82576,2335,18,0
2025-05-08 14:30:00,0.82574,0.82612,0.82493,0.825,1938,18,0
2025-05-08 15:00:00,0.825,0.82546,0.82437,0.82498,2181,18,0
2025-05-08 15:30:00,0.82497,0.82621,0.82307,0.82421,3533,18,0
2025-05-08 16:00:00,0.8242,0.82515,0.82386,0.82429,2673,18,0
2025-05-08 16:30:00,0.82425,0.82574,0.82403,0.82527,2918,18,0
2025-05-08 17:00:00,0.82528,0.82636,0.82449,0.82611,2598,18,0
2025-05-08 17:30:00,0.8261,0.82732,0.82506,0.82699,3552,18,0
2025-05-08 18:00:00,0.82698,0.82723,0.8257,0.82675,3760,18,0
2025-05-08 18:30:00,0.82674,0.82982,0.82617,0.82911,3958,18,0
2025-05-08 19:00:00,0.82906,0.83131,0.82879,0.83066,2346,19,0
2025-05-08 19:30:00,0.83067,0.83132,0.83015,0.83074,1598,19,0
2025-05-08 20:00:00,0.83077,0.83156,0.83036,0.83144,1404,19,0
2025-05-08 20:30:00,0.83148,0.83198,0.83076,0.83084,1064,19,0
2025-05-08 21:00:00,0.83087,0.83123,0.83051,0.83116,889,19,0
2025-05-08 21:30:00,0.83117,0.83144,0.83071,0.83111,821,19,0
2025-05-08 22:00:00,0.83115,0.8331,0.83099,0.83306,1186,22,0
2025-05-08 22:30:00,0.83307,0.83313,0.83072,0.83112,1319,19,0
2025-05-08 23:00:00,0.83112,0.83193,0.83106,0.83153,512,20,0
2025-05-08 23:30:00,0.83152,0.83178,0.83112,0.83112,927,23,0
2025-05-09 00:00:00,0.8311,0.83123,0.83002,0.83074,460,120,0
2025-05-09 00:30:00,0.83073,0.83085,0.83064,0.83073,157,120,0
2025-05-09 01:00:00,0.8309,0.83134,0.83013,0.831,347,20,0
2025-05-09 01:30:00,0.83094,0.83114,0.8307,0.83084,311,21,0
2025-05-09 02:00:00,0.83086,0.83172,0.83081,0.83161,453,21,0
2025-05-09 02:30:00,0.83164,0.83194,0.8314,0.83157,718,21,0
2025-05-09 03:00:00,0.83156,0.83231,0.83111,0.83185,1660,20,0
2025-05-09 03:30:00,0.83184,0.83207,0.8308,0.8308,1456,19,0
2025-05-09 04:00:00,0.83081,0.8321,0.83069,0.83165,1343,19,0
2025-05-09 04:30:00,0.83164,0.83283,0.83125,0.83269,1310,19,0
2025-05-09 05:00:00,0.8327,0.83402,0.8327,0.83344,1159,19,0
2025-05-09 05:30:00,0.83343,0.83345,0.83168,0.83176,945,19,0
2025-05-09 06:00:00,0.83175,0.83188,0.83105,0.83176,1046,19,0
2025-05-09 06:30:00,0.83176,0.83182,0.83124,0.83153,660,19,0
2025-05-09 07:00:00,0.83152,0.83154,0.83097,0.83122,555,19,0
2025-05-09 07:30:00,0.83125,0.83139,0.83099,0.8312,558,19,0
2025-05-09 08:00:00,0.83122,0.83178,0.83089,0.8317,836,19,0
2025-05-09 08:30:00,0.83172,0.83201,0.83071,0.83087,1043,19,0
2025-05-09 09:00:00,0.8309,0.83158,0.8305,0.83138,1076,19,0
2025-05-09 09:30:00,0.83139,0.8314,0.83003,0.83053,1727,19,0
2025-05-09 10:00:00,0.83055,0.83075,0.82981,0.83051,1886,19,0
2025-05-09 10:30:00,0.8305,0.83054,0.82979,0.83048,1587,19,0
2025-05-09 11:00:00,0.83044,0.83119,0.82982,0.83115,1366,19,0
2025-05-09 11:30:00,0.83119,0.83119,0.83002,0.83015,1200,18,0
2025-05-09 12:00:00,0.83019,0.83094,0.83016,0.83089,1112,19,0
2025-05-09 12:30:00,0.83092,0.83187,0.83064,0.83177,1058,19,0
2025-05-09 13:00:00,0.83178,0.83241,0.83144,0.83175,1234,19,0
2025-05-09 13:30:00,0.83177,0.83189,0.83086,0.83133,1052,19,0
2025-05-09 14:00:00,0.83134,0.83165,0.83015,0.83055,1887,18,0
2025-05-09 14:30:00,0.83051,0.8313,0.83014,0.8305,2114,18,0
2025-05-09 15:00:00,0.83049,0.83146,0.83038,0.83078,1563,17,0
2025-05-09 15:30:00,0.83084,0.83166,0.82993,0.83015,1569,17,0
2025-05-09 16:00:00,0.83017,0.83061,0.82907,0.82938,1682,18,0
2025-05-09 16:30:00,0.82939,0.83019,0.8293,0.82976,1977,18,0
2025-05-09 17:00:00,0.82975,0.8302,0.82685,0.82748,2139,18,0
2025-05-09 17:30:00,0.8275,0.82907,0.82682,0.82889,2631,18,0
2025-05-09 18:00:00,0.82891,0.82983,0.82872,0.8294,2274,18,0
2025-05-09 18:30:00,0.82943,0.83002,0.82892,0.82974,1741,18,0
2025-05-09 19:00:00,0.82973,0.83078,0.82927,0.83069,1209,19,0
2025-05-09 19:30:00,0.83068,0.83141,0.83037,0.83126,1154,19,0
2025-05-09 20:00:00,0.83127,0.83141,0.83086,0.83107,1041,19,0
2025-05-09 20:30:00,0.83106,0.83106,0.83047,0.83081,728,19,0
2025-05-09 21:00:00,0.83082,0.83107,0.83053,0.83086,690,19,0
2025-05-09 21:30:00,0.83085,0.83119,0.83072,0.83097,756,19,0
2025-05-09 22:00:00,0.83098,0.83148,0.83086,0.83148,806,19,0
2025-05-09 22:30:00,0.83151,0.83152,0.8308,0.83085,743,19,0
2025-05-09 23:00:00,0.83088,0.83146,0.83076,0.83145,481,19,0
2025-05-09 23:30:00,0.83143,0.83144,0.83059,0.83079,519,23,0
2025-05-12 00:00:00,0.83454,0.83486,0.83402,0.83411,219,101,0
2025-05-12 00:30:00,0.83413,0.83437,0.83405,0.83419,84,101,0
2025-05-12 01:00:00,0.83432,0.83456,0.83331,0.83426,793,20,0
2025-05-12 01:30:00,0.83427,0.83444,0.83367,0.83413,947,19,0
2025-05-12 02:00:00,0.83412,0.83424,0.83336,0.83373,992,19,0
2025-05-12 02:30:00,0.83372,0.83417,0.83328,0.83393,1255,19,0
2025-05-12 03:00:00,0.83392,0.83422,0.83324,0.83383,1729,19,0
2025-05-12 03:30:00,0.83384,0.83442,0.83363,0.83377,1496,19,0
2025-05-12 04:00:00,0.8338,0.83494,0.83353,0.83489,2167,19,0
2025-05-12 04:30:00,0.83488,0.83491,0.83409,0.83432,1391,19,0
2025-05-12 05:00:00,0.83433,0.83437,0.83307,0.83315,1565,19,0
2025-05-12 05:30:00,0.83312,0.83387,0.83299,0.83382,905,19,0
2025-05-12 06:00:00,0.83378,0.83401,0.83348,0.8337,860,20,0
2025-05-12 06:30:00,0.83367,0.83377,0.83328,0.8333,1128,19,0
2025-05-12 07:00:00,0.83332,0.83399,0.83328,0.83391,779,19,0
2025-05-12 07:30:00,0.83392,0.8341,0.83378,0.83394,798,19,0
2025-05-12 08:00:00,0.83392,0.83451,0.83378,0.83416,868,19,0
2025-05-12 08:30:00,0.83417,0.83465,0.83372,0.8342,895,19,0
2025-05-12 09:00:00,0.83427,0.83434,0.83372,0.834,1156,19,0
2025-05-12 09:30:00,0.83399,0.83489,0.83313,0.83486,1803,19,0
2025-05-12 10:00:00,0.83485,0.8443,0.83483,0.84383,6323,19,0
2025-05-12 10:30:00,0.84382,0.8457,0.8421,0.84529,5649,20,0
2025-05-12 11:00:00,0.8453,0.84673,0.84367,0.84375,4509,19,0
2025-05-12 11:30:00,0.84376,0.84394,0.84119,0.84148,3268,19,0
2025-05-12 12:00:00,0.8415,0.84317,0.84148,0.84156,2613,19,0
2025-05-12 12:30:00,0.84157,0.84462,0.84157,0.84419,2408,19,0
2025-05-12 13:00:00,0.84421,0.84625,0.84413,0.84556,2851,20,0
2025-05-12 13:30:00,0.84554,0.84744,0.8454,0.84646,2898,19,0
2025-05-12 14:00:00,0.84648,0.84655,0.84377,0.84452,2585,18,0
2025-05-12 14:30:00,0.84453,0.84482,0.84203,0.84206,3170,18,0
2025-05-12 15:00:00,0.84208,0.84392,0.84206,0.84312,2521,18,0
2025-05-12 15:30:00,0.84311,0.84343,0.84148,0.84279,2368,18,0
2025-05-12 16:00:00,0.84278,0.8432,0.84192,0.84236,2680,18,0
2025-05-12 16:30:00,0.84238,0.84253,0.84095,0.84217,3592,18,0
2025-05-12 17:00:00,0.8422,0.84418,0.84194,0.84326,3600,18,0
2025-05-12 17:30:00,0.84325,0.84364,0.84163,0.84335,3677,18,0
2025-05-12 18:00:00,0.84336,0.84344,0.84171,0.84203,2724,18,0
2025-05-12 18:30:00,0.84205,0.84301,0.84199,0.84265,2004,18,0
2025-05-12 19:00:00,0.84266,0.84384,0.84212,0.8436,1475,18,0
2025-05-12 19:30:00,0.84363,0.84503,0.84355,0.84502,1517,19,0
2025-05-12 20:00:00,0.845,0.8461,0.8446,0.84608,1345,19,0
2025-05-12 20:30:00,0.84609,0.84669,0.84584,0.84592,1062,19,0
2025-05-12 21:00:00,0.84589,0.84728,0.84568,0.84682,1077,19,0
2025-05-12 21:30:00,0.84681,0.84752,0.8453,0.84565,1383,19,0
2025-05-12 22:00:00,0.84562,0.84605,0.84491,0.8452,1054,19,0
2025-05-12 22:30:00,0.84522,0.84578,0.84469,0.8452,1054,19,0
2025-05-12 23:00:00,0.84518,0.84539,0.84493,0.84531,630,19,0
2025-05-12 23:30:00,0.84532,0.84558,0.84482,0.84496,735,23,0
2025-05-13 00:00:00,0.84254,0.84543,0.84254,0.84471,137,97,0
2025-05-13 00:30:00,0.84498,0.84543,0.84447,0.84535,88,107,0
2025-05-13 01:00:00,0.84531,0.84562,0.84461,0.84536,418,21,0
2025-05-13 01:30:00,0.84535,0.84551,0.84515,0.84523,429,21,0
2025-05-13 02:00:00,0.84518,0.84559,0.84509,0.84529,580,21,0
2025-05-13 02:30:00,0.84526,0.84531,0.8444,0.84475,687,21,0
2025-05-13 03:00:00,0.84477,0.84488,0.84363,0.8443,1354,20,0
2025-05-13 03:30:00,0.84431,0.84433,0.8435,0.84366,1460,20,0
2025-05-13 04:00:00,0.84365,0.84399,0.8434,0.84366,1584,19,0
2025-05-13 04:30:00,0.84367,0.84416,0.84342,0.84354,1581,19,0
2025-05-13 05:00:00,0.84353,0.84407,0.84328,0.84405,993,19,0
2025-05-13 05:30:00,0.84406,0.84427,0.84366,0.84406,1003,19,0
2025-05-13 06:00:00,0.84407,0.84417,0.84347,0.8435,968,19,0
2025-05-13 06:30:00,0.84349,0.84357,0.84264,0.84272,859,19,0
2025-05-13 07:00:00,0.84271,0.84343,0.84266,0.84302,733,19,0
2025-05-13 07:30:00,0.84301,0.84328,0.8427,0.84271,929,19,0
2025-05-13 08:00:00,0.8427,0.84304,0.84238,0.84269,1128,19,0
2025-05-13 08:30:00,0.84268,0.84308,0.84243,0.84296,1106,19,0
2025-05-13 09:00:00,0.84284,0.84404,0.84267,0.84366,1290,20,0
2025-05-13 09:30:00,0.84365,0.84384,0.84195,0.84247,1734,19,0
2025-05-13 10:00:00,0.84248,0.84277,0.8412,0.84209,2382,20,0
2025-05-13 10:30:00,0.84211,0.84222,0.84054,0.84054,2065,19,0
2025-05-13 11:00:00,0.84055,0.84076,0.83942,0.84014,1910,19,0
2025-05-13 11:30:00,0.84016,0.84083,0.8396,0.8397,1387,19,0
2025-05-13 12:00:00,0.83969,0.8412,0.83958,0.84083,1579,19,0
2025-05-13 12:30:00,0.84082,0.84153,0.8406,0.84147,1498,19,0
2025-05-13 13:00:00,0.84148,0.84221,0.84095,0.84095,1333,19,0
2025-05-13 13:30:00,0.84096,0.84234,0.84096,0.84177,1328,19,0
2025-05-13 14:00:00,0.84177,0.84182,0.84115,0.84163,978,18,0
2025-05-13 14:30:00,0.84162,0.84215,0.84146,0.84189,1091,18,0
2025-05-13 15:00:00,0.84188,0.84235,0.84165,0.84182,1622,18,0
2025-05-13 15:30:00,0.84186,0.84313,0.84069,0.84171,4008,20,0
2025-05-13 16:00:00,0.84175,0.84204,0.84052,0.84096,2786,19,0
2025-05-13 16:30:00,0.84095,0.84225,0.84038,0.84189,2739,18,0
2025-05-13 17:00:00,0.84192,0.84337,0.84179,0.84247,2838,18,0
2025-05-13 17:30:00,0.84246,0.84307,0.8412,0.84146,3355,17,0
2025-05-13 18:00:00,0.84147,0.8418,0.84091,0.84129,2522,17,0
2025-05-13 18:30:00,0.84128,0.84142,0.84083,0.84109,1795,18,0
2025-05-13 19:00:00,0.84108,0.8425,0.84081,0.84231,1384,19,0
2025-05-13 19:30:00,0.84234,0.84234,0.84066,0.84135,1159,19,0
2025-05-13 20:00:00,0.84134,0.84157,0.84108,0.84155,759,19,0
2025-05-13 20:30:00,0.84156,0.8416,0.84064,0.84084,802,19,0
2025-05-13 21:00:00,0.84086,0.8411,0.84055,0.84087,774,19,0
2025-05-13 21:30:00,0.84086,0.84093,0.84029,0.84047,763,19,0
2025-05-13 22:00:00,0.84048,0.84053,0.8398,0.84002,694,19,0
2025-05-13 22:30:00,0.84005,0.84016,0.83928,0.8394,581,19,0
2025-05-13 23:00:00,0.83939,0.83968,0.83864,0.83865,500,22,0
2025-05-13 23:30:00,0.83866,0.83937,0.83862,0.83889,464,23,0
2025-05-14 00:00:00,0.83892,0.83957,0.83826,0.83913,1408,87,0
2025-05-14 00:30:00,0.83912,0.83912,0.83839,0.83882,148,87,0
2025-05-14 01:00:00,0.83871,0.83896,0.83843,0.83882,263,21,0
2025-05-14 01:30:00,0.83881,0.83918,0.83858,0.83861,304,21,0
2025-05-14 02:00:00,0.83863,0.83932,0.83863,0.83904,411,21,0
2025-05-14 02:30:00,0.83908,0.83952,0.83903,0.83941,726,20,0
2025-05-14 03:00:00,0.83942,0.84011,0.83918,0.83925,1429,20,0
2025-05-14 03:30:00,0.83926,0.83958,0.83875,0.83901,1667,19,0
2025-05-14 04:00:00,0.83902,0.83929,0.83802,0.83831,1726,19,0
2025-05-14 04:30:00,0.83828,0.83902,0.83818,0.83865,1740,19,0
2025-05-14 05:00:00,0.83866,0.83942,0.83859,0.8391,1474,19,0
2025-05-14 05:30:00,0.83911,0.83928,0.83846,0.83878,1023,19,0
2025-05-14 06:00:00,0.83876,0.83902,0.83845,0.83893,825,19,0
2025-05-14 06:30:00,0.83894,0.83922,0.83837,0.8384,1276,19,0
2025-05-14 07:00:00,0.83833,0.83879,0.83807,0.83824,874,19,0
2025-05-14 07:30:00,0.83825,0.83864,0.83794,0.83848,814,19,0
2025-05-14 08:00:00,0.83849,0.83864,0.83817,0.83861,904,19,0
2025-05-14 08:30:00,0.83862,0.83944,0.8386,0.83934,916,19,0
2025-05-14 09:00:00,0.83937,0.83982,0.83875,0.83911,1154,19,0
2025-05-14 09:30:00,0.83909,0.83974,0.8384,0.83923,1817,19,0
2025-05-14 10:00:00,0.83922,0.83987,0.8387,0.83888,2159,19,0
2025-05-14 10:30:00,0.83894,0.83924,0.83777,0.83815,2378,19,0
2025-05-14 11:00:00,0.83814,0.83817,0.83438,0.83589,4302,19,0
2025-05-14 11:30:00,0.83588,0.83651,0.83503,0.83553,2711,19,0
2025-05-14 12:00:00,0.83549,0.83612,0.83311,0.83348,3339,19,0
2025-05-14 12:30:00,0.8335,0.83401,0.83236,0.83394,2725,19,0
2025-05-14 13:00:00,0.83395,0.83527,0.8337,0.83512,1859,19,0
2025-05-14 13:30:00,0.83511,0.83518,0.83443,0.83513,1666,19,0
2025-05-14 14:00:00,0.83512,0.83641,0.83494,0.83609,1821,18,0
2025-05-14 14:30:00,0.8361,0.83696,0.8356,0.8369,2291,18,0
2025-05-14 15:00:00,0.83689,0.83778,0.83619,0.83672,2758,18,0
2025-05-14 15:30:00,0.83677,0.83744,0.83596,0.83741,2718,18,0
2025-05-14 16:00:00,0.83742,0.8386,0.83668,0.83717,2823,18,0
2025-05-14 16:30:00,0.83719,0.83807,0.83674,0.83795,3284,18,0
2025-05-14 17:00:00,0.83794,0.83923,0.83783,0.8382,2914,18,0
2025-05-14 17:30:00,0.83819,0.83994,0.83804,0.83922,3391,17,0
2025-05-14 18:00:00,0.83918,0.84011,0.8391,0.83955,3355,18,0
2025-05-14 18:30:00,0.83954,0.84053,0.83944,0.83966,2185,18,0
2025-05-14 19:00:00,0.83965,0.84032,0.83926,0.84012,1395,19,0
2025-05-14 19:30:00,0.84011,0.8424,0.83984,0.84088,2882,19,0
2025-05-14 20:00:00,0.84089,0.84142,0.84036,0.84056,1567,19,0
2025-05-14 20:30:00,0.84057,0.84163,0.84037,0.84115,1136,19,0
2025-05-14 21:00:00,0.84114,0.84275,0.84104,0.8427,1390,19,0
2025-05-14 21:30:00,0.84269,0.84274,0.84174,0.84248,1282,19,0
2025-05-14 22:00:00,0.84247,0.8435,0.84247,0.84281,1352,19,0
2025-05-14 22:30:00,0.84285,0.84324,0.84254,0.84303,980,19,0
2025-05-14 23:00:00,0.84304,0.84321,0.84245,0.8425,593,20,0
2025-05-14 23:30:00,0.84249,0.84254,0.84141,0.84164,575,23,0
2025-05-15 00:00:00,0.84162,0.84175,0.83996,0.84169,57,87,0
2025-05-15 00:30:00,0.84159,0.84173,0.84083,0.84135,219,87,0
2025-05-15 01:00:00,0.84119,0.84176,0.84105,0.84125,351,21,0
2025-05-15 01:30:00,0.84128,0.84153,0.84106,0.84131,321,21,0
2025-05-15 02:00:00,0.84132,0.84141,0.84071,0.84089,589,21,0
2025-05-15 02:30:00,0.8409,0.8414,0.84071,0.84123,638,20,0
2025-05-15 03:00:00,0.84121,0.84174,0.84043,0.84057,1325,21,0
2025-05-15 03:30:00,0.84056,0.84064,0.8399,0.84003,1483,20,0
2025-05-15 04:00:00,0.84002,0.84022,0.83928,0.83956,1630,19,0
2025-05-15 04:30:00,0.83955,0.8399,0.83924,0.83972,1480,19,0
2025-05-15 05:00:00,0.83971,0.84006,0.83941,0.83962,1339,19,0
2025-05-15 05:30:00,0.83964,0.83987,0.83924,0.83936,929,19,0
2025-05-15 06:00:00,0.83937,0.83946,0.83892,0.83895,1156,19,0
2025-05-15 06:30:00,0.83896,0.83938,0.83887,0.83936,1001,19,0
2025-05-15 07:00:00,0.83935,0.83971,0.83921,0.83953,915,19,0
2025-05-15 07:30:00,0.83961,0.84042,0.83946,0.84033,712,19,0
2025-05-15 08:00:00,0.84035,0.84054,0.83949,0.84021,1205,19,0
2025-05-15 08:30:00,0.84022,0.84044,0.83947,0.83967,1435,19,0
2025-05-15 09:00:00,0.83965,0.84012,0.83856,0.83879,1728,19,0
2025-05-15 09:30:00,0.8388,0.83908,0.83693,0.83702,1819,19,0
2025-05-15 10:00:00,0.83701,0.83859,0.83689,0.83785,2349,19,0
2025-05-15 10:30:00,0.83786,0.83872,0.83768,0.83788,2082,19,0
2025-05-15 11:00:00,0.83786,0.83827,0.83712,0.83775,1782,19,0
2025-05-15 11:30:00,0.83776,0.83784,0.83583,0.83656,1611,19,0
2025-05-15 12:00:00,0.83657,0.83752,0.83656,0.83739,1787,19,0
2025-05-15 12:30:00,0.8374,0.83754,0.8365,0.83742,1413,19,0
2025-05-15 13:00:00,0.83739,0.8377,0.83683,0.83728,1399,19,0
2025-05-15 13:30:00,0.83727,0.83807,0.83701,0.83783,1458,19,0
2025-05-15 14:00:00,0.8378,0.83871,0.83768,0.8382,1735,18,0
2025-05-15 14:30:00,0.83821,0.83919,0.83819,0.83879,1635,18,0
2025-05-15 15:00:00,0.8388,0.83886,0.83684,0.83684,1746,18,0
2025-05-15 15:30:00,0.83678,0.8386,0.8358,0.8363,4181,17,0
2025-05-15 16:00:00,0.83632,0.83639,0.83488,0.83616,3441,18,0
2025-05-15 16:30:00,0.83615,0.8367,0.83546,0.83549,3171,18,0
2025-05-15 17:00:00,0.83548,0.8368,0.83455,0.83622,3295,18,0
2025-05-15 17:30:00,0.83623,0.83779,0.83623,0.83693,2966,18,0
2025-05-15 18:00:00,0.83692,0.83723,0.83604,0.83691,2528,18,0
2025-05-15 18:30:00,0.83689,0.83718,0.83587,0.83588,2088,18,0
2025-05-15 19:00:00,0.83587,0.83636,0.8357,0.83612,1129,19,0
2025-05-15 19:30:00,0.83613,0.83702,0.83606,0.83653,924,19,0
2025-05-15 20:00:00,0.83654,0.8368,0.83597,0.83668,833,19,0
2025-05-15 20:30:00,0.83668,0.83727,0.83647,0.83698,791,19,0
2025-05-15 21:00:00,0.83699,0.837,0.83636,0.8368,717,19,0
2025-05-15 21:30:00,0.83681,0.83694,0.83588,0.83613,647,19,0
2025-05-15 22:00:00,0.83612,0.83651,0.83542,0.83544,770,19,0
2025-05-15 22:30:00,0.83543,0.83568,0.835,0.83536,866,19,0
2025-05-15 23:00:00,0.83539,0.8354,0.83493,0.83515,395,22,0
2025-05-15 23:30:00,0.83518,0.83559,0.83512,0.83529,699,23,0
2025-05-16 00:00:00,0.83566,0.83588,0.83506,0.83515,174,120,0
2025-05-16 00:30:00,0.83514,0.83597,0.83514,0.8357,128,87,0
2025-05-16 01:00:00,0.83561,0.83587,0.83513,0.83553,376,21,0
2025-05-16 01:30:00,0.83552,0.83552,0.83483,0.83486,386,21,0
2025-05-16 02:00:00,0.83487,0.83522,0.83472,0.83509,518,20,0
2025-05-16 02:30:00,0.83508,0.83517,0.83472,0.83479,638,21,0
2025-05-16 03:00:00,0.83477,0.83486,0.83365,0.83408,1459,20,0
2025-05-16 03:30:00,0.83412,0.83413,0.83286,0.83304,1549,19,0
2025-05-16 04:00:00,0.83305,0.83355,0.83281,0.83346,1545,19,0
2025-05-16 04:30:00,0.83347,0.8335,0.83283,0.83318,1358,19,0
2025-05-16 05:00:00,0.8332,0.83335,0.83274,0.8331,962,19,0
2025-05-16 05:30:00,0.83311,0.83413,0.83311,0.8341,1339,19,0
2025-05-16 06:00:00,0.83411,0.83443,0.83384,0.83388,1065,19,0
2025-05-16 06:30:00,0.83389,0.83414,0.83358,0.83406,1037,19,0
2025-05-16 07:00:00,0.83405,0.83463,0.83393,0.8345,1056,19,0
2025-05-16 07:30:00,0.83451,0.83474,0.8343,0.8345,883,19,0
2025-05-16 08:00:00,0.83449,0.83458,0.83359,0.83406,1162,19,0
2025-05-16 08:30:00,0.83405,0.83414,0.83324,0.83357,1338,19,0
2025-05-16 09:00:00,0.83358,0.8344,0.83314,0.83335,1173,19,0
2025-05-16 09:30:00,0.83336,0.83402,0.83308,0.83369,1299,19,0
2025-05-16 10:00:00,0.83367,0.83405,0.83295,0.83326,1734,19,0
2025-05-16 10:30:00,0.83323,0.8335,0.83258,0.83313,2163,19,0
2025-05-16 11:00:00,0.83318,0.83504,0.83318,0.83476,1773,19,0
2025-05-16 11:30:00,0.83477,0.83558,0.83447,0.8354,1228,19,0
2025-05-16 12:00:00,0.83539,0.83581,0.83507,0.83531,1203,19,0
2025-05-16 12:30:00,0.83533,0.83635,0.8353,0.83619,1356,19,0
2025-05-16 13:00:00,0.83619,0.83676,0.83598,0.83628,1273,19,0
2025-05-16 13:30:00,0.83629,0.83739,0.83607,0.83671,1458,19,0
2025-05-16 14:00:00,0.83668,0.8369,0.83605,0.83684,1374,18,0
2025-05-16 14:30:00,0.83685,0.83792,0.83656,0.83775,1790,18,0
2025-05-16 15:00:00,0.83776,0.83808,0.83687,0.83699,1666,18,0
2025-05-16 15:30:00,0.83694,0.83799,0.83693,0.83718,1833,18,0
2025-05-16 16:00:00,0.83716,0.83796,0.83706,0.83795,1373,18,0
2025-05-16 16:30:00,0.83792,0.83808,0.8364,0.83659,1914,18,0
2025-05-16 17:00:00,0.83658,0.83813,0.8364,0.83795,2450,17,0
2025-05-16 17:30:00,0.83794,0.83968,0.83768,0.83918,2999,18,0
2025-05-16 18:00:00,0.83919,0.8398,0.83894,0.8396,2086,18,0
2025-05-16 18:30:00,0.83961,0.83982,0.83902,0.83955,1276,18,0
2025-05-16 19:00:00,0.83954,0.84001,0.83891,0.8395,1161,19,0
2025-05-16 19:30:00,0.83951,0.83969,0.83876,0.83898,929,19,0
2025-05-16 20:00:00,0.83897,0.83944,0.83853,0.83905,877,19,0
2025-05-16 20:30:00,0.83904,0.83933,0.83886,0.8389,639,19,0
2025-05-16 21:00:00,0.83888,0.83912,0.83863,0.83866,547,19,0
2025-05-16 21:30:00,0.83867,0.83905,0.83856,0.83887,679,19,0
2025-05-16 22:00:00,0.83888,0.83888,0.83856,0.83866,536,19,0
2025-05-16 22:30:00,0.83865,0.83913,0.83862,0.83902,729,19,0
2025-05-16 23:00:00,0.83903,0.83905,0.83864,0.8388,331,21,0
2025-05-16 23:30:00,0.83881,0.83893,0.83642,0.83702,706,23,0
2025-05-19 00:00:00,0.83617,0.83618,0.8361,0.83618,5,120,0
2025-05-19 00:30:00,0.83587,0.83646,0.83587,0.83634,236,120,0
2025-05-19 01:00:00,0.83563,0.83629,0.83421,0.83431,1094,19,0
2025-05-19 01:30:00,0.8343,0.83486,0.83413,0.83469,875,19,0
2025-05-19 02:00:00,0.83468,0.83487,0.83433,0.8345,645,19,0
2025-05-19 02:30:00,0.8345,0.83584,0.83443,0.83521,1087,19,0
2025-05-19 03:00:00,0.83522,0.8355,0.83475,0.83504,2191,19,0
2025-05-19 03:30:00,0.83507,0.8359,0.83435,0.83472,2533,19,0
2025-05-19 04:00:00,0.83471,0.8359,0.83449,0.83569,1988,19,0
2025-05-19 04:30:00,0.8357,0.83646,0.8355,0.8363,1868,19,0
2025-05-19 05:00:00,0.83626,0.83637,0.83484,0.83489,1669,19,0
2025-05-19 05:30:00,0.8349,0.83587,0.83475,0.83538,1749,19,0
2025-05-19 06:00:00,0.83542,0.83591,0.8353,0.83588,1330,19,0
2025-05-19 06:30:00,0.83588,0.83602,0.83548,0.83594,1230,19,0
2025-05-19 07:00:00,0.83593,0.83648,0.83558,0.83571,1031,19,0
2025-05-19 07:30:00,0.83572,0.83646,0.83558,0.83624,1026,19,0
2025-05-19 08:00:00,0.83623,0.83626,0.83583,0.8362,1215,19,0
2025-05-19 08:30:00,0.8362,0.83638,0.83574,0.83591,1529,19,0
2025-05-19 09:00:00,0.83592,0.83613,0.83475,0.83512,2105,19,0
2025-05-19 09:30:00,0.83511,0.83544,0.83395,0.8341,1978,19,0
2025-05-19 10:00:00,0.83411,0.83458,0.83308,0.83331,2690,19,0
2025-05-19 10:30:00,0.8333,0.83366,0.83268,0.83349,2408,19,0
2025-05-19 11:00:00,0.83348,0.83415,0.83317,0.83373,1967,19,0
2025-05-19 11:30:00,0.83372,0.83427,0.83305,0.83321,1995,19,0
2025-05-19 12:00:00,0.83321,0.83366,0.83283,0.83355,2037,19,0
2025-05-19 12:30:00,0.83354,0.83359,0.83248,0.83249,1978,19,0
2025-05-19 13:00:00,0.83247,0.8333,0.83209,0.83209,1843,19,0
2025-05-19 13:30:00,0.83211,0.83281,0.83177,0.8326,1742,19,0
2025-05-19 14:00:00,0.8326,0.8332,0.83241,0.83295,1803,18,0
2025-05-19 14:30:00,0.83295,0.83413,0.83289,0.83337,1944,18,0
2025-05-19 15:00:00,0.83338,0.83412,0.83311,0.83347,2077,18,0
2025-05-19 15:30:00,0.83349,0.83423,0.83323,0.83423,2170,18,0
2025-05-19 16:00:00,0.83427,0.83461,0.83303,0.83328,2695,18,0
2025-05-19 16:30:00,0.83333,0.83401,0.83258,0.83357,3332,18,0
2025-05-19 17:00:00,0.83354,0.83446,0.83285,0.83348,2691,18,0
2025-05-19 17:30:00,0.83347,0.83423,0.83199,0.83232,2761,18,0
2025-05-19 18:00:00,0.83233,0.83286,0.83181,0.8323,2330,18,0
2025-05-19 18:30:00,0.83229,0.83435,0.83229,0.83412,2165,18,0
2025-05-19 19:00:00,0.8341,0.83491,0.83401,0.83456,1132,19,0
2025-05-19 19:30:00,0.83453,0.83479,0.83425,0.83442,964,19,0
2025-05-19 20:00:00,0.8344,0.83512,0.83408,0.83486,844,19,0
2025-05-19 20:30:00,0.83485,0.83507,0.83451,0.83496,861,19,0
2025-05-19 21:00:00,0.83495,0.83537,0.83489,0.83523,774,19,0
2025-05-19 21:30:00,0.83524,0.83528,0.83448,0.83473,685,19,0
2025-05-19 22:00:00,0.83471,0.8348,0.83431,0.83479,543,19,0
2025-05-19 22:30:00,0.83473,0.83494,0.83416,0.83422,566,19,0
2025-05-19 23:00:00,0.83423,0.83458,0.83414,0.83452,496,22,0
2025-05-19 23:30:00,0.83453,0.83463,0.83365,0.83388,738,23,0
2025-05-20 00:00:00,0.83394,0.83442,0.83105,0.83404,307,87,0
2025-05-20 00:30:00,0.83405,0.83425,0.83302,0.83421,328,87,0
2025-05-20 01:00:00,0.83415,0.83461,0.83376,0.83447,476,19,0
2025-05-20 01:30:00,0.83447,0.83501,0.83442,0.83478,659,19,0
2025-05-20 02:00:00,0.83481,0.83513,0.83463,0.8349,706,19,0
2025-05-20 02:30:00,0.83489,0.83518,0.83488,0.83497,695,19,0
2025-05-20 03:00:00,0.83498,0.83605,0.83495,0.83593,1795,19,0
2025-05-20 03:30:00,0.83592,0.83618,0.83517,0.83521,1366,19,0
2025-05-20 04:00:00,0.83513,0.83513,0.83337,0.83385,2347,19,0
2025-05-20 04:30:00,0.83384,0.83467,0.83379,0.83457,1710,19,0
2025-05-20 05:00:00,0.83456,0.83461,0.83397,0.83435,1318,19,0
2025-05-20 05:30:00,0.83435,0.83586,0.83421,0.83524,1197,19,0
2025-05-20 06:00:00,0.83525,0.83541,0.83421,0.83423,1657,19,0
2025-05-20 06:30:00,0.83423,0.83443,0.834,0.83414,1509,19,0
2025-05-20 07:00:00,0.83413,0.83435,0.83394,0.83422,1234,18,0
2025-05-20 07:30:00,0.83419,0.83449,0.83378,0.83432,1360,18,0
2025-05-20 08:00:00,0.83433,0.83434,0.83342,0.83357,1833,19,0
2025-05-20 08:30:00,0.8336,0.83371,0.83268,0.83296,2038,19,0
2025-05-20 09:00:00,0.83295,0.83345,0.83222,0.83322,1565,19,0
2025-05-20 09:30:00,0.83322,0.83381,0.83278,0.83358,2103,19,0
2025-05-20 10:00:00,0.8336,0.83383,0.83197,0.8323,2497,19,0
2025-05-20 10:30:00,0.83231,0.83261,0.83083,0.8315,2141,19,0
2025-05-20 11:00:00,0.83149,0.83242,0.83147,0.83181,2095,19,0
2025-05-20 11:30:00,0.83179,0.83284,0.83143,0.83178,2049,19,0
2025-05-20 12:00:00,0.83179,0.8322,0.83141,0.83192,1892,19,0
2025-05-20 12:30:00,0.83191,0.83308,0.83191,0.83297,1563,19,0
2025-05-20 13:00:00,0.83298,0.83378,0.83273,0.83362,1347,19,0
2025-05-20 13:30:00,0.83363,0.83395,0.83345,0.83379,1390,19,0
2025-05-20 14:00:00,0.83376,0.83382,0.833,0.83331,1440,18,0
2025-05-20 14:30:00,0.83331,0.83349,0.83271,0.83285,1481,18,0
2025-05-20 15:00:00,0.83286,0.83419,0.83253,0.8339,1946,17,0
2025-05-20 15:30:00,0.83391,0.83428,0.83346,0.83402,2143,17,0
2025-05-20 16:00:00,0.834,0.83471,0.83371,0.83385,2001,18,0
2025-05-20 16:30:00,0.83386,0.83421,0.83328,0.83366,2883,18,0
2025-05-20 17:00:00,0.83365,0.83365,0.83127,0.83147,3175,18,0
2025-05-20 17:30:00,0.83146,0.83275,0.83067,0.83106,3004,18,0
2025-05-20 18:00:00,0.83107,0.83172,0.83096,0.83109,2407,18,0
2025-05-20 18:30:00,0.83108,0.83224,0.83108,0.83202,1727,18,0
2025-05-20 19:00:00,0.83203,0.83259,0.83136,0.83252,957,19,0
2025-05-20 19:30:00,0.83251,0.83281,0.83196,0.83204,791,19,0
2025-05-20 20:00:00,0.83205,0.83227,0.83121,0.83152,829,19,0
2025-05-20 20:30:00,0.83153,0.83153,0.83002,0.83021,923,19,0
2025-05-20 21:00:00,0.8302,0.83034,0.8292,0.82934,926,19,0
2025-05-20 21:30:00,0.82933,0.82984,0.82927,0.82972,912,19,0
2025-05-20 22:00:00,0.82973,0.82981,0.82932,0.82943,650,19,0
2025-05-20 22:30:00,0.82942,0.82971,0.82919,0.82951,495,19,0
2025-05-20 23:00:00,0.82952,0.82963,0.82868,0.82871,374,21,0
2025-05-20 23:30:00,0.8287,0.82912,0.82804,0.82806,521,23,0
2025-05-21 00:00:00,0.82799,0.82843,0.82763,0.82794,42,87,0
2025-05-21 00:30:00,0.82771,0.82806,0.82765,0.8279,44,87,0
2025-05-21 01:00:00,0.82786,0.82847,0.82587,0.82691,999,19,0
2025-05-21 01:30:00,0.82692,0.82791,0.82672,0.82781,689,19,0
2025-05-21 02:00:00,0.82782,0.82786,0.82715,0.82734,717,19,0
2025-05-21 02:30:00,0.82735,0.82759,0.82652,0.82665,819,19,0
2025-05-21 03:00:00,0.82666,0.8268,0.8256,0.82581,1835,19,0
2025-05-21 03:30:00,0.8258,0.8267,0.82542,0.82607,1844,19,0
2025-05-21 04:00:00,0.82608,0.8263,0.82535,0.82619,1675,19,0
2025-05-21 04:30:00,0.8262,0.82652,0.82555,0.8256,1765,19,0
2025-05-21 05:00:00,0.82561,0.82564,0.82317,0.82317,2302,19,0
2025-05-21 05:30:00,0.82316,0.82354,0.82259,0.82304,2015,19,0
2025-05-21 06:00:00,0.82306,0.82342,0.82289,0.82303,1720,19,0
2025-05-21 06:30:00,0.82304,0.82307,0.82194,0.82254,1608,19,0
2025-05-21 07:00:00,0.82256,0.82321,0.82247,0.82255,1288,19,0
2025-05-21 07:30:00,0.82253,0.82273,0.82159,0.82218,1437,19,0
2025-05-21 08:00:00,0.82217,0.82279,0.822,0.82217,1438,19,0
2025-05-21 08:30:00,0.82218,0.8226,0.82202,0.82232,1997,19,0
2025-05-21 09:00:00,0.82231,0.82304,0.82118,0.82138,2394,19,0
2025-05-21 09:30:00,0.82137,0.82238,0.82085,0.82235,2195,20,0
2025-05-21 10:00:00,0.82237,0.82472,0.8223,0.82356,2414,19,0
2025-05-21 10:30:00,0.82354,0.82483,0.82328,0.82406,2061,19,0
2025-05-21 11:00:00,0.82402,0.82552,0.82359,0.82524,1817,19,0
2025-05-21 11:30:00,0.82523,0.82626,0.82497,0.82539,1722,19,0
2025-05-21 12:00:00,0.82537,0.82611,0.82487,0.82584,1590,19,0
2025-05-21 12:30:00,0.82583,0.82597,0.82433,0.82438,1712,19,0
2025-05-21 13:00:00,0.82437,0.82442,0.82262,0.82274,1973,19,0
2025-05-21 13:30:00,0.82268,0.82412,0.82242,0.82391,2087,19,0
2025-05-21 14:00:00,0.82392,0.82456,0.82355,0.82399,1760,18,0
2025-05-21 14:30:00,0.82398,0.82569,0.82391,0.8255,1977,18,0
2025-05-21 15:00:00,0.82549,0.82649,0.82485,0.82525,2814,18,0
2025-05-21 15:30:00,0.82524,0.82574,0.82452,0.82452,2373,18,0
2025-05-21 16:00:00,0.82453,0.82539,0.82391,0.82511,2339,18,0
2025-05-21 16:30:00,0.82509,0.82579,0.82468,0.82507,3080,18,0
2025-05-21 17:00:00,0.82508,0.82542,0.82374,0.82504,3387,17,0
2025-05-21 17:30:00,0.82505,0.82528,0.82402,0.82435,2602,17,0
2025-05-21 18:00:00,0.82436,0.82557,0.82409,0.82519,2666,18,0
2025-05-21 18:30:00,0.82518,0.82549,0.82456,0.82499,1759,18,0
2025-05-21 19:00:00,0.82497,0.82557,0.82422,0.82535,1041,19,0
2025-05-21 19:30:00,0.82534,0.82554,0.82505,0.82507,761,19,0
2025-05-21 20:00:00,0.82505,0.82523,0.82261,0.82286,2222,19,0
2025-05-21 20:30:00,0.82285,0.82442,0.82272,0.82383,2035,19,0
2025-05-21 21:00:00,0.82382,0.82463,0.82372,0.8242,1317,19,0
2025-05-21 21:30:00,0.82419,0.8251,0.82414,0.82507,1133,19,0
2025-05-21 22:00:00,0.82508,0.82511,0.82436,0.82492,1012,19,0
2025-05-21 22:30:00,0.82495,0.82578,0.82493,0.82574,1081,19,0
2025-05-21 23:00:00,0.82576,0.82592,0.82502,0.82507,494,19,0
2025-05-21 23:30:00,0.82505,0.82507,0.82443,0.82486,628,23,0
2025-05-22 00:00:00,0.82485,0.82549,0.82402,0.82435,119,93,0
2025-05-22 00:30:00,0.82436,0.82519,0.824,0.8242,371,87,0
2025-05-22 01:00:00,0.82421,0.82637,0.82398,0.82599,1017,19,0
2025-05-22 01:30:00,0.826,0.8263,0.82567,0.82629,910,19,0
2025-05-22 02:00:00,0.8263,0.82638,0.82546,0.82556,776,19,0
2025-05-22 02:30:00,0.82556,0.82564,0.82478,0.82479,929,19,0
2025-05-22 03:00:00,0.82474,0.82496,0.82382,0.82435,2053,19,0
2025-05-22 03:30:00,0.82433,0.82489,0.82426,0.82484,2173,19,0
2025-05-22 04:00:00,0.82486,0.82555,0.82377,0.82399,2080,19,0
2025-05-22 04:30:00,0.82397,0.82475,0.82389,0.82424,2155,19,0
2025-05-22 05:00:00,0.82426,0.82476,0.82386,0.82421,2223,19,0
2025-05-22 05:30:00,0.8242,0.82428,0.82328,0.82377,1552,19,0
2025-05-22 06:00:00,0.82376,0.82435,0.82367,0.82417,1010,19,0
2025-05-22 06:30:00,0.82416,0.82457,0.824,0.82446,1191,19,0
2025-05-22 07:00:00,0.82449,0.82477,0.82441,0.82451,1089,19,0
2025-05-22 07:30:00,0.82452,0.82494,0.82442,0.82456,1148,19,0
2025-05-22 08:00:00,0.82454,0.82486,0.82436,0.82466,1328,19,0
2025-05-22 08:30:00,0.82465,0.82519,0.8246,0.82475,1481,19,0
2025-05-22 09:00:00,0.82477,0.82493,0.82428,0.82467,1395,19,0
2025-05-22 09:30:00,0.82466,0.82572,0.82456,0.82539,2191,19,0
2025-05-22 10:00:00,0.82538,0.82588,0.82494,0.82505,2289,18,0
2025-05-22 10:30:00,0.82506,0.82601,0.82451,0.82452,2591,19,0
2025-05-22 11:00:00,0.82451,0.82529,0.82413,0.82479,2602,19,0
2025-05-22 11:30:00,0.8248,0.82652,0.82475,0.82616,2604,18,0
2025-05-22 12:00:00,0.82617,0.82655,0.82568,0.82648,2264,19,0
2025-05-22 12:30:00,0.82649,0.82669,0.82552,0.82645,1916,19,0
2025-05-22 13:00:00,0.82644,0.82685,0.82623,0.82649,1233,19,0
2025-05-22 13:30:00,0.8265,0.82693,0.8265,0.82691,1361,19,0
2025-05-22 14:00:00,0.82692,0.82706,0.8262,0.82624,1691,18,0
2025-05-22 14:30:00,0.82624,0.82648,0.82564,0.82587,1913,18,0
2025-05-22 15:00:00,0.82586,0.82637,0.82521,0.82558,2389,18,0
2025-05-22 15:30:00,0.8256,0.82794,0.8254,0.8272,3072,17,0
2025-05-22 16:00:00,0.82719,0.82723,0.82615,0.82708,2469,18,0
2025-05-22 16:30:00,0.82709,0.82838,0.82694,0.82822,3566,18,0
2025-05-22 17:00:00,0.82824,0.82837,0.8274,0.82789,2985,18,0
2025-05-22 17:30:00,0.8279,0.82885,0.82756,0.82874,3007,18,0
2025-05-22 18:00:00,0.82873,0.82993,0.82821,0.82828,2888,18,0
2025-05-22 18:30:00,0.82829,0.82917,0.82791,0.82912,1920,18,0
2025-05-22 19:00:00,0.82913,0.82936,0.82857,0.8286,1375,18,0
2025-05-22 19:30:00,0.8286,0.82932,0.82825,0.82913,1345,19,0
2025-05-22 20:00:00,0.82915,0.83056,0.82911,0.83022,1660,19,0
2025-05-22 20:30:00,0.83021,0.83032,0.82962,0.82973,985,19,0
2025-05-22 21:00:00,0.82972,0.82978,0.82917,0.82934,1002,18,0
2025-05-22 21:30:00,0.82934,0.82956,0.82884,0.82908,861,18,0
2025-05-22 22:00:00,0.82909,0.82915,0.82868,0.82903,812,19,0
2025-05-22 22:30:00,0.82904,0.82905,0.82811,0.82861,765,19,0
2025-05-22 23:00:00,0.82861,0.82875,0.82817,0.82825,642,19,0
2025-05-22 23:30:00,0.82823,0.82883,0.82813,0.82834,625,23,0
2025-05-23 00:00:00,0.82835,0.8291,0.82779,0.82797,255,87,0
2025-05-23 00:30:00,0.82796,0.82855,0.82793,0.82814,400,120,0
2025-05-23 01:00:00,0.82811,0.8285,0.82786,0.82841,440,19,0
2025-05-23 01:30:00,0.82841,0.82854,0.82797,0.82802,472,19,0
2025-05-23 02:00:00,0.82801,0.82828,0.82784,0.82821,558,19,0
2025-05-23 02:30:00,0.82822,0.82834,0.82805,0.82829,589,19,0
2025-05-23 03:00:00,0.8283,0.82882,0.82775,0.82787,1677,19,0
2025-05-23 03:30:00,0.82787,0.828,0.82735,0.8278,1804,19,0
2025-05-23 04:00:00,0.82779,0.82805,0.8273,0.82748,1528,19,0
2025-05-23 04:30:00,0.8275,0.82757,0.82637,0.82662,1902,19,0
2025-05-23 05:00:00,0.82662,0.82675,0.82626,0.82674,1391,19,0
2025-05-23 05:30:00,0.82675,0.82691,0.82626,0.82633,1288,19,0
2025-05-23 06:00:00,0.82631,0.82677,0.82617,0.82658,1055,19,0
2025-05-23 06:30:00,0.82657,0.82664,0.82626,0.82651,1572,19,0
2025-05-23 07:00:00,0.82652,0.82676,0.82633,0.82657,1190,19,0
2025-05-23 07:30:00,0.82657,0.82658,0.82604,0.8263,973,19,0
2025-05-23 08:00:00,0.82629,0.82643,0.82607,0.82615,879,19,0
2025-05-23 08:30:00,0.82615,0.8269,0.82589,0.82598,1347,18,0
2025-05-23 09:00:00,0.82613,0.82677,0.82588,0.82668,1249,19,0
2025-05-23 09:30:00,0.82669,0.8271,0.82649,0.82658,1349,19,0
2025-05-23 10:00:00,0.82657,0.82673,0.82538,0.82583,1864,19,0
2025-05-23 10:30:00,0.82582,0.82636,0.82539,0.82573,1659,19,0
2025-05-23 11:00:00,0.82574,0.82679,0.82572,0.82676,1688,19,0
2025-05-23 11:30:00,0.82674,0.82694,0.82598,0.82617,1443,19,0
2025-05-23 12:00:00,0.82619,0.82651,0.82553,0.82559,1423,19,0
2025-05-23 12:30:00,0.8256,0.8263,0.82545,0.82615,1438,19,0
2025-05-23 13:00:00,0.82612,0.82642,0.82545,0.82621,1686,19,0
2025-05-23 13:30:00,0.82622,0.82643,0.82575,0.82635,1522,19,0
2025-05-23 14:00:00,0.82633,0.82677,0.82388,0.82516,3070,18,0
2025-05-23 14:30:00,0.82517,0.82526,0.82103,0.82276,6347,18,0
2025-05-23 15:00:00,0.82277,0.82432,0.8219,0.82359,5713,17,0
2025-05-23 15:30:00,0.8236,0.8239,0.82228,0.82318,3893,17,0
2025-05-23 16:00:00,0.8232,0.82432,0.82261,0.82313,3198,18,0
2025-05-23 16:30:00,0.82313,0.82407,0.82276,0.82349,3146,18,0
2025-05-23 17:00:00,0.8235,0.8237,0.82171,0.8221,2781,18,0
2025-05-23 17:30:00,0.8221,0.8228,0.82101,0.82112,2899,18,0
2025-05-23 18:00:00,0.8211,0.8224,0.82103,0.82223,2446,18,0
2025-05-23 18:30:00,0.82222,0.82223,0.82093,0.82134,2190,18,0
2025-05-23 19:00:00,0.82135,0.82224,0.82121,0.82143,1503,19,0
2025-05-23 19:30:00,0.82142,0.82143,0.82077,0.82078,1087,19,0
2025-05-23 20:00:00,0.82078,0.82149,0.8207,0.82116,978,19,0
2025-05-23 20:30:00,0.82115,0.82116,0.8205,0.82096,963,19,0
2025-05-23 21:00:00,0.82098,0.82112,0.82036,0.8207,1152,19,0
2025-05-23 21:30:00,0.8207,0.82111,0.82069,0.82079,926,19,0
2025-05-23 22:00:00,0.82078,0.82083,0.82041,0.8208,718,19,0
2025-05-23 22:30:00,0.82079,0.82109,0.82069,0.8207,704,19,0
2025-05-23 23:00:00,0.82072,0.82092,0.82036,0.8205,636,19,0
2025-05-23 23:30:00,0.82049,0.82109,0.82048,0.82064,999,23,0
2025-05-26 00:00:00,0.82041,0.82053,0.82034,0.82034,12,120,0
2025-05-26 00:30:00,0.8204,0.8204,0.8204,0.8204,1,120,0
2025-05-26 01:00:00,0.82039,0.82271,0.82,0.82203,1894,19,0
2025-05-26 01:30:00,0.82205,0.82206,0.82144,0.8217,1171,19,0
2025-05-26 02:00:00,0.8217,0.82206,0.82135,0.82182,1088,19,0
2025-05-26 02:30:00,0.82182,0.82254,0.82174,0.82229,1036,19,0
2025-05-26 03:00:00,0.82228,0.82263,0.82164,0.82189,2201,19,0
2025-05-26 03:30:00,0.82189,0.82244,0.82154,0.82161,1629,19,0
2025-05-26 04:00:00,0.82163,0.82179,0.8209,0.82096,1516,19,0
2025-05-26 04:30:00,0.82095,0.82133,0.8198,0.82002,2227,19,0
2025-05-26 05:00:00,0.82002,0.82024,0.81916,0.81967,1751,19,0
2025-05-26 05:30:00,0.81968,0.82,0.81931,0.81986,1571,19,0
2025-05-26 06:00:00,0.81987,0.82049,0.81975,0.82045,1379,19,0
2025-05-26 06:30:00,0.82041,0.82054,0.82008,0.82014,1209,19,0
2025-05-26 07:00:00,0.82015,0.82044,0.82006,0.82016,837,19,0
2025-05-26 07:30:00,0.82019,0.82065,0.81997,0.82026,1075,19,0
2025-05-26 08:00:00,0.82027,0.82088,0.82008,0.82086,947,19,0
2025-05-26 08:30:00,0.82085,0.82119,0.81984,0.81986,1229,19,0
2025-05-26 09:00:00,0.81984,0.82039,0.81969,0.8203,1415,19,0
2025-05-26 09:30:00,0.82028,0.82053,0.82,0.82024,1662,19,0
2025-05-26 10:00:00,0.82022,0.82087,0.81987,0.82046,1662,19,0
2025-05-26 10:30:00,0.82045,0.82137,0.8203,0.82133,1407,19,0
2025-05-26 11:00:00,0.82132,0.82191,0.821,0.82136,1093,19,0
2025-05-26 11:30:00,0.82135,0.82168,0.82098,0.82151,1196,19,0
2025-05-26 12:00:00,0.82148,0.82206,0.82139,0.82194,1134,19,0
2025-05-26 12:30:00,0.82195,0.82202,0.82099,0.821,881,19,0
2025-05-26 13:00:00,0.82099,0.82132,0.82056,0.8213,757,19,0
2025-05-26 13:30:00,0.82131,0.82165,0.82115,0.8214,716,19,0
2025-05-26 14:00:00,0.82138,0.82203,0.8211,0.82203,860,18,0
2025-05-26 14:30:00,0.82204,0.82251,0.82204,0.82233,932,18,0
2025-05-26 15:00:00,0.82234,0.82323,0.82179,0.82312,929,18,0
2025-05-26 15:30:00,0.82312,0.82318,0.82254,0.82278,1066,18,0
2025-05-26 16:00:00,0.82277,0.8232,0.82228,0.82237,838,18,0
2025-05-26 16:30:00,0.82238,0.82282,0.82076,0.82086,1172,18,0
2025-05-26 17:00:00,0.82087,0.82106,0.82003,0.82005,1072,18,0
2025-05-26 17:30:00,0.82006,0.82054,0.81977,0.82005,1013,18,0
2025-05-26 18:00:00,0.82004,0.82054,0.81985,0.82019,967,18,0
2025-05-26 18:30:00,0.82017,0.82054,0.82005,0.82046,651,18,0
2025-05-26 19:00:00,0.82045,0.82077,0.82021,0.82033,536,19,0
2025-05-26 19:30:00,0.82032,0.82049,0.82011,0.82011,452,19,0
2025-05-26 20:00:00,0.82009,0.82067,0.82005,0.82067,367,19,0
2025-05-26 20:30:00,0.82066,0.82074,0.82041,0.82069,379,19,0
2025-05-26 21:00:00,0.82071,0.82074,0.82048,0.82072,327,19,0
2025-05-26 21:30:00,0.82071,0.82081,0.82064,0.82067,226,19,0
2025-05-26 22:00:00,0.82068,0.82078,0.82056,0.82069,218,19,0
2025-05-26 22:30:00,0.82068,0.82079,0.82062,0.82065,151,19,0
2025-05-26 23:00:00,0.82064,0.82075,0.82053,0.82066,198,20,0
2025-05-26 23:30:00,0.82065,0.82084,0.8205,0.82065,379,23,0
2025-05-27 00:00:00,0.82064,0.8226,0.81991,0.82023,133,120,0
2025-05-27 00:30:00,0.82024,0.82031,0.81994,0.82001,436,120,0
2025-05-27 01:00:00,0.81997,0.82057,0.81935,0.82024,1998,21,0
2025-05-27 01:30:00,0.82025,0.82046,0.82002,0.82046,298,21,0
2025-05-27 02:00:00,0.82051,0.8206,0.8203,0.82048,249,21,0
2025-05-27 02:30:00,0.82047,0.82055,0.82026,0.82027,536,21,0
2025-05-27 03:00:00,0.8202,0.8202,0.81914,0.81941,1308,20,0
2025-05-27 03:30:00,0.8194,0.81961,0.81912,0.81959,1130,20,0
2025-05-27 04:00:00,0.81959,0.81959,0.81868,0.81896,1185,19,0
2025-05-27 04:30:00,0.81895,0.81985,0.81881,0.8196,1303,19,0
2025-05-27 05:00:00,0.81962,0.81986,0.81881,0.81905,1025,19,0
2025-05-27 05:30:00,0.81907,0.82005,0.81901,0.81995,1079,19,0
2025-05-27 06:00:00,0.81996,0.82017,0.81946,0.81966,1127,19,0
2025-05-27 06:30:00,0.81967,0.8203,0.81965,0.82029,915,19,0
2025-05-27 07:00:00,0.8203,0.82045,0.81994,0.82038,938,19,0
2025-05-27 07:30:00,0.82039,0.82157,0.82035,0.82151,1398,19,0
2025-05-27 08:00:00,0.82148,0.82247,0.82142,0.82216,2125,19,0
2025-05-27 08:30:00,0.82213,0.82233,0.82151,0.82159,2171,19,0
2025-05-27 09:00:00,0.82158,0.82166,0.82076,0.82096,1654,19,0
2025-05-27 09:30:00,0.82097,0.82258,0.82051,0.8224,2199,19,0
2025-05-27 10:00:00,0.82239,0.82372,0.8217,0.82355,2764,19,0
2025-05-27 10:30:00,0.82357,0.82525,0.8231,0.82492,2400,19,0
2025-05-27 11:00:00,0.82493,0.82534,0.82416,0.82528,2043,19,0
2025-05-27 11:30:00,0.82527,0.82562,0.82429,0.82488,1595,19,0
2025-05-27 12:00:00,0.82487,0.82516,0.82441,0.82509,1939,19,0
2025-05-27 12:30:00,0.82511,0.82617,0.82501,0.82592,1830,19,0
2025-05-27 13:00:00,0.82593,0.82687,0.8258,0.82683,1549,19,0
2025-05-27 13:30:00,0.82684,0.82729,0.82608,0.82719,1627,19,0
2025-05-27 14:00:00,0.82722,0.82722,0.82642,0.82706,1533,18,0
2025-05-27 14:30:00,0.82707,0.82711,0.82634,0.82639,1467,18,0
2025-05-27 15:00:00,0.82637,0.82658,0.82591,0.8261,1669,18,0
2025-05-27 15:30:00,0.82611,0.82628,0.82519,0.82519,1806,18,0
2025-05-27 16:00:00,0.82518,0.82518,0.82444,0.82489,1730,18,0
2025-05-27 16:30:00,0.8249,0.82589,0.82447,0.82524,2283,18,0
2025-05-27 17:00:00,0.82522,0.82648,0.82512,0.82631,2860,18,0
2025-05-27 17:30:00,0.82626,0.82684,0.8262,0.82668,2639,18,0
2025-05-27 18:00:00,0.82667,0.82738,0.8263,0.82672,1899,18,0
2025-05-27 18:30:00,0.82671,0.82789,0.82671,0.82774,1606,18,0
2025-05-27 19:00:00,0.82771,0.82791,0.82677,0.82684,1210,19,0
2025-05-27 19:30:00,0.82685,0.82743,0.82662,0.82688,1079,19,0
2025-05-27 20:00:00,0.82687,0.82723,0.82653,0.82709,948,19,0
2025-05-27 20:30:00,0.82706,0.82729,0.82688,0.82726,840,19,0
2025-05-27 21:00:00,0.82731,0.82737,0.82684,0.82716,895,19,0
2025-05-27 21:30:00,0.82717,0.82718,0.82684,0.82705,757,19,0
2025-05-27 22:00:00,0.82706,0.82735,0.82699,0.8272,591,19,0
2025-05-27 22:30:00,0.82716,0.82744,0.82687,0.82737,706,19,0
2025-05-27 23:00:00,0.8274,0.82745,0.82721,0.82737,440,19,0
2025-05-27 23:30:00,0.82736,0.82736,0.82674,0.82675,446,23,0
2025-05-28 00:00:00,0.82679,0.8273,0.82621,0.82713,153,89,0
2025-05-28 00:30:00,0.82709,0.82714,0.82642,0.82689,331,120,0
2025-05-28 01:00:00,0.82645,0.82688,0.82617,0.82688,863,19,0
2025-05-28 01:30:00,0.82692,0.82697,0.82671,0.82675,328,19,0
2025-05-28 02:00:00,0.82674,0.82733,0.8267,0.82714,439,19,0
2025-05-28 02:30:00,0.82713,0.82725,0.82676,0.82711,611,19,0
2025-05-28 03:00:00,0.8271,0.82716,0.82648,0.82649,1414,19,0
2025-05-28 03:30:00,0.8265,0.82712,0.82633,0.82709,1163,19,0
2025-05-28 04:00:00,0.8271,0.82887,0.82697,0.82737,2029,19,0
2025-05-28 04:30:00,0.82734,0.82788,0.8271,0.82772,1718,19,0
2025-05-28 05:00:00,0.82776,0.82794,0.8272,0.82744,1870,19,0
2025-05-28 05:30:00,0.82745,0.82886,0.82733,0.8286,1727,18,0
2025-05-28 06:00:00,0.8286,0.82886,0.82823,0.8287,1327,18,0
2025-05-28 06:30:00,0.82871,0.82878,0.82763,0.82786,1761,19,0
2025-05-28 07:00:00,0.82785,0.82843,0.82755,0.82832,1060,19,0
2025-05-28 07:30:00,0.82831,0.82839,0.828,0.82821,1189,19,0
2025-05-28 08:00:00,0.82822,0.82902,0.82803,0.82847,1286,19,0
2025-05-28 08:30:00,0.82852,0.82868,0.82762,0.82767,1612,19,0
2025-05-28 09:00:00,0.8277,0.82817,0.82728,0.82732,1319,19,0
2025-05-28 09:30:00,0.82729,0.82784,0.827,0.82784,1559,19,0
2025-05-28 10:00:00,0.82785,0.82798,0.82611,0.82655,1991,19,0
2025-05-28 10:30:00,0.82654,0.82657,0.8253,0.8258,1580,19,0
2025-05-28 11:00:00,0.82579,0.82762,0.82563,0.82706,1522,19,0
2025-05-28 11:30:00,0.82707,0.82742,0.82616,0.82646,1248,19,0
2025-05-28 12:00:00,0.82645,0.82686,0.82576,0.82678,1394,19,0
2025-05-28 12:30:00,0.82675,0.82703,0.82611,0.82683,1298,19,0
2025-05-28 13:00:00,0.82685,0.82723,0.82652,0.82672,953,19,0
2025-05-28 13:30:00,0.82673,0.82787,0.82667,0.82775,1236,19,0
2025-05-28 14:00:00,0.82774,0.82792,0.82715,0.82727,1323,18,0
2025-05-28 14:30:00,0.82725,0.82751,0.82688,0.82708,1318,18,0
2025-05-28 15:00:00,0.82707,0.82726,0.82605,0.82662,1674,18,0
2025-05-28 15:30:00,0.82663,0.82742,0.82636,0.82727,1791,18,0
2025-05-28 16:00:00,0.82729,0.82848,0.82715,0.82844,2248,18,0
2025-05-28 16:30:00,0.82843,0.82851,0.82719,0.82767,2580,18,0
2025-05-28 17:00:00,0.82763,0.82779,0.82492,0.82497,2627,18,0
2025-05-28 17:30:00,0.82501,0.8265,0.8244,0.82606,3484,18,0
2025-05-28 18:00:00,0.82606,0.82707,0.82587,0.82687,2506,18,0
2025-05-28 18:30:00,0.82688,0.82768,0.82677,0.82762,1647,18,0
2025-05-28 19:00:00,0.82759,0.82762,0.82694,0.82727,1061,19,0
2025-05-28 19:30:00,0.82729,0.82761,0.82678,0.82678,940,19,0
2025-05-28 20:00:00,0.82677,0.82697,0.82648,0.82679,782,19,0
2025-05-28 20:30:00,0.82683,0.82716,0.82652,0.82667,771,18,0
2025-05-28 21:00:00,0.82671,0.82722,0.82644,0.8272,883,19,0
2025-05-28 21:30:00,0.82719,0.82742,0.82657,0.82686,1022,19,0
2025-05-28 22:00:00,0.82688,0.82726,0.82664,0.82709,851,19,0
2025-05-28 22:30:00,0.82706,0.82737,0.8269,0.82702,794,19,0
2025-05-28 23:00:00,0.82704,0.82704,0.82659,0.82685,806,20,0
2025-05-28 23:30:00,0.82684,0.82717,0.82658,0.82658,936,23,0
2025-05-29 00:00:00,0.82656,0.82735,0.82623,0.82648,115,88,0
2025-05-29 00:30:00,0.82649,0.82687,0.826,0.82638,154,87,0
2025-05-29 01:00:00,0.82639,0.82723,0.82639,0.8272,714,19,0
2025-05-29 01:30:00,0.82717,0.8277,0.8271,0.82759,569,19,0
2025-05-29 02:00:00,0.82756,0.83088,0.82756,0.83018,2077,19,0
2025-05-29 02:30:00,0.83017,0.8347,0.83002,0.83259,3563,19,0
2025-05-29 03:00:00,0.83263,0.83404,0.83147,0.83256,4045,19,0
2025-05-29 03:30:00,0.83259,0.83383,0.83229,0.83371,3026,19,0
2025-05-29 04:00:00,0.8337,0.83466,0.83298,0.83319,2892,19,0
2025-05-29 04:30:00,0.83319,0.83354,0.83202,0.83218,1918,19,0
2025-05-29 05:00:00,0.83219,0.83298,0.83201,0.83259,1825,19,0
2025-05-29 05:30:00,0.8326,0.83276,0.83173,0.83269,1928,19,0
2025-05-29 06:00:00,0.8327,0.83304,0.83181,0.83193,1739,19,0
2025-05-29 06:30:00,0.83194,0.8323,0.83177,0.83219,1423,19,0
2025-05-29 07:00:00,0.83222,0.83283,0.8318,0.83183,1096,19,0
2025-05-29 07:30:00,0.83182,0.83217,0.83146,0.8321,1177,19,0
2025-05-29 08:00:00,0.83209,0.83262,0.83185,0.83246,1090,19,0
2025-05-29 08:30:00,0.83243,0.83371,0.83237,0.83276,1554,19,0
2025-05-29 09:00:00,0.83277,0.83325,0.83068,0.83087,1940,20,0
2025-05-29 09:30:00,0.83089,0.83173,0.83076,0.83097,1885,19,0
2025-05-29 10:00:00,0.83098,0.83098,0.82908,0.82943,2013,19,0
2025-05-29 10:30:00,0.82942,0.83044,0.8293,0.82972,1660,19,0
2025-05-29 11:00:00,0.82974,0.8304,0.82916,0.83024,1906,19,0
2025-05-29 11:30:00,0.83023,0.83029,0.82938,0.82967,1579,19,0
2025-05-29 12:00:00,0.82968,0.82976,0.82904,0.82915,1105,19,0
2025-05-29 12:30:00,0.82914,0.82962,0.82864,0.82929,1258,19,0
2025-05-29 13:00:00,0.82928,0.82937,0.82791,0.82801,1708,19,0
2025-05-29 13:30:00,0.82799,0.8287,0.82745,0.82772,1207,19,0
2025-05-29 14:00:00,0.82773,0.82824,0.82737,0.82748,1614,18,0
2025-05-29 14:30:00,0.82749,0.82878,0.82713,0.82839,2067,18,0
2025-05-29 15:00:00,0.82832,0.82832,0.82636,0.82664,2996,18,0
2025-05-29 15:30:00,0.82666,0.82702,0.82418,0.82432,3869,18,0
2025-05-29 16:00:00,0.8243,0.82483,0.82351,0.82378,3211,18,0
2025-05-29 16:30:00,0.82374,0.82461,0.82351,0.82403,2439,18,0
2025-05-29 17:00:00,0.82401,0.82447,0.82311,0.82447,3157,18,0
2025-05-29 17:30:00,0.82446,0.82505,0.82392,0.82435,2546,18,0
2025-05-29 18:00:00,0.82436,0.82456,0.82296,0.82333,2163,17,0
2025-05-29 18:30:00,0.82332,0.82364,0.82258,0.8227,1968,18,0
2025-05-29 19:00:00,0.8227,0.82331,0.82239,0.82327,1510,19,0
2025-05-29 19:30:00,0.82323,0.8234,0.82262,0.82298,1157,19,0
2025-05-29 20:00:00,0.82297,0.82389,0.82293,0.82375,959,19,0
2025-05-29 20:30:00,0.82376,0.82376,0.82177,0.82229,1148,19,0
2025-05-29 21:00:00,0.82227,0.82234,0.8217,0.82206,1086,19,0
2025-05-29 21:30:00,0.82207,0.82244,0.82198,0.82228,834,19,0
2025-05-29 22:00:00,0.82229,0.82282,0.82222,0.82243,935,18,0
2025-05-29 22:30:00,0.82244,0.82305,0.82244,0.82295,818,19,0
2025-05-29 23:00:00,0.823,0.82331,0.82279,0.82306,491,20,0
2025-05-29 23:30:00,0.82306,0.82331,0.82227,0.82239,580,23,0
2025-05-30 00:00:00,0.82148,0.82259,0.82148,0.82219,105,120,0
2025-05-30 00:30:00,0.8222,0.82225,0.82217,0.82219,7,120,0
2025-05-30 01:00:00,0.82201,0.82281,0.82161,0.82205,776,20,0
2025-05-30 01:30:00,0.82207,0.82258,0.82207,0.82243,338,20,0
2025-05-30 02:00:00,0.82242,0.82262,0.82206,0.82209,556,21,0
2025-05-30 02:30:00,0.82199,0.82221,0.82183,0.82194,725,20,0
2025-05-30 03:00:00,0.82196,0.82226,0.82165,0.822,1521,20,0
2025-05-30 03:30:00,0.82201,0.82292,0.82156,0.82188,1725,19,0
2025-05-30 04:00:00,0.82187,0.82187,0.81981,0.82099,1746,20,0
2025-05-30 04:30:00,0.82101,0.82263,0.82101,0.82248,1596,19,0
2025-05-30 05:00:00,0.82247,0.82284,0.82222,0.8226,1683,19,0
2025-05-30 05:30:00,0.82259,0.82324,0.82259,0.82315,1228,19,0
2025-05-30 06:00:00,0.82314,0.82316,0.82256,0.82278,959,20,0
2025-05-30 06:30:00,0.82279,0.82335,0.82271,0.82299,936,19,0
2025-05-30 07:00:00,0.82299,0.82309,0.8222,0.82237,1106,19,0
2025-05-30 07:30:00,0.82239,0.82296,0.82239,0.8229,1182,19,0
2025-05-30 08:00:00,0.82289,0.82331,0.82288,0.82309,1437,19,0
2025-05-30 08:30:00,0.8231,0.82345,0.82254,0.8227,1175,19,0
2025-05-30 09:00:00,0.82269,0.82408,0.82269,0.82367,1339,18,0
2025-05-30 09:30:00,0.82368,0.82383,0.82269,0.82323,1678,18,0
2025-05-30 10:00:00,0.82322,0.82475,0.82319,0.82428,2011,20,0
2025-05-30 10:30:00,0.82429,0.82454,0.8234,0.82393,1938,19,0
2025-05-30 11:00:00,0.82392,0.82441,0.82318,0.8233,1716,19,0
2025-05-30 11:30:00,0.82328,0.82401,0.82313,0.82385,1682,19,0
2025-05-30 12:00:00,0.82388,0.82389,0.82328,0.82349,1462,19,0
2025-05-30 12:30:00,0.8235,0.82422,0.82349,0.82389,1637,19,0
2025-05-30 13:00:00,0.82392,0.82446,0.82324,0.82414,1405,19,0
2025-05-30 13:30:00,0.82416,0.82459,0.82387,0.82448,1101,19,0
2025-05-30 14:00:00,0.8245,0.8247,0.82408,0.82426,1415,18,0
2025-05-30 14:30:00,0.82427,0.82482,0.82382,0.82394,1504,18,0
2025-05-30 15:00:00,0.82393,0.82411,0.82217,0.82229,3430,18,0
2025-05-30 15:30:00,0.82232,0.82286,0.82108,0.82247,3039,17,0
2025-05-30 16:00:00,0.82246,0.82379,0.82226,0.82367,2173,18,0
2025-05-30 16:30:00,0.82366,0.8242,0.82244,0.82375,3077,18,0
2025-05-30 17:00:00,0.82372,0.824,0.82221,0.82284,2628,18,0
2025-05-30 17:30:00,0.82283,0.82446,0.82124,0.82149,4989,18,0
2025-05-30 18:00:00,0.82148,0.82306,0.82147,0.82263,3500,18,0
2025-05-30 18:30:00,0.82264,0.82326,0.82178,0.82289,2192,18,0
2025-05-30 19:00:00,0.8229,0.82296,0.82218,0.82222,1525,19,0
2025-05-30 19:30:00,0.82222,0.82278,0.8218,0.82212,1555,19,0
2025-05-30 20:00:00,0.82211,0.82241,0.82127,0.82188,1188,19,0
2025-05-30 20:30:00,0.82189,0.82195,0.82116,0.82163,930,19,0
2025-05-30 21:00:00,0.82163,0.82188,0.82113,0.82163,1099,19,0
2025-05-30 21:30:00,0.82162,0.82237,0.82161,0.82227,952,19,0
2025-05-30 22:00:00,0.82226,0.82264,0.82216,0.82258,824,19,0
2025-05-30 22:30:00,0.82258,0.82299,0.82254,0.82257,990,19,0
2025-05-30 23:00:00,0.82258,0.82311,0.82256,0.8231,774,19,0
2025-05-30 23:30:00,0.8231,0.82319,0.82191,0.82225,778,23,0
2025-06-02 00:00:00,0.823,0.82356,0.82262,0.82326,118,120,0
2025-06-02 00:30:00,0.82295,0.82295,0.82123,0.82212,1201,120,0
2025-06-02 01:00:00,0.82173,0.82244,0.82129,0.82238,540,19,0
2025-06-02 01:30:00,0.82237,0.82255,0.82179,0.82193,669,19,0
2025-06-02 02:00:00,0.82187,0.82208,0.82169,0.8219,794,19,0
2025-06-02 02:30:00,0.82189,0.82231,0.82165,0.82218,838,19,0
2025-06-02 03:00:00,0.82219,0.82223,0.82099,0.8212,1890,19,0
2025-06-02 03:30:00,0.82119,0.82173,0.82106,0.82169,1544,19,0
2025-06-02 04:00:00,0.82167,0.82202,0.82104,0.82107,1657,19,0
2025-06-02 04:30:00,0.82106,0.82171,0.82082,0.82169,2068,19,0
2025-06-02 05:00:00,0.8217,0.82208,0.82146,0.82207,1670,19,0
2025-06-02 05:30:00,0.82206,0.82238,0.82188,0.82227,1105,19,0
2025-06-02 06:00:00,0.82229,0.82266,0.82209,0.82266,1108,19,0
2025-06-02 06:30:00,0.82268,0.82294,0.82227,0.82227,1421,19,0
2025-06-02 07:00:00,0.82226,0.82265,0.82216,0.82229,1091,19,0
2025-06-02 07:30:00,0.8223,0.82253,0.82223,0.82232,883,19,0
2025-06-02 08:00:00,0.82233,0.82243,0.82157,0.82162,1327,19,0
2025-06-02 08:30:00,0.82159,0.82177,0.8205,0.82051,1416,19,0
2025-06-02 09:00:00,0.82056,0.82093,0.82008,0.82035,1097,19,0
2025-06-02 09:30:00,0.82036,0.82039,0.81932,0.81998,1687,19,0
2025-06-02 10:00:00,0.81994,0.82023,0.81871,0.81883,1674,19,0
2025-06-02 10:30:00,0.81882,0.81928,0.81708,0.81788,2167,19,0
2025-06-02 11:00:00,0.81784,0.81869,0.81754,0.81861,1914,19,0
2025-06-02 11:30:00,0.81854,0.81894,0.81754,0.81762,1540,19,0
2025-06-02 12:00:00,0.81761,0.81761,0.8156,0.81613,1847,19,0
2025-06-02 12:30:00,0.81612,0.81696,0.81599,0.81689,1361,19,0
2025-06-02 13:00:00,0.81688,0.81778,0.81686,0.81756,1098,19,0
2025-06-02 13:30:00,0.81757,0.81817,0.8175,0.81813,1143,19,0
2025-06-02 14:00:00,0.81812,0.81841,0.81706,0.81729,1412,18,0
2025-06-02 14:30:00,0.81727,0.81839,0.81725,0.81779,1619,18,0
2025-06-02 15:00:00,0.81782,0.81836,0.81725,0.81765,1611,18,0
2025-06-02 15:30:00,0.81764,0.81808,0.81694,0.81798,1860,18,0
2025-06-02 16:00:00,0.81797,0.81891,0.81783,0.81869,1922,18,0
2025-06-02 16:30:00,0.81868,0.81907,0.81737,0.81786,2866,18,0
2025-06-02 17:00:00,0.81697,0.81748,0.81561,0.81665,3929,18,0
2025-06-02 17:30:00,0.81666,0.8173,0.81612,0.8166,3347,18,0
2025-06-02 18:00:00,0.81664,0.81727,0.81649,0.81687,2580,18,0
2025-06-02 18:30:00,0.81685,0.81789,0.8168,0.81736,1790,18,0
2025-06-02 19:00:00,0.81735,0.81789,0.81721,0.81783,1307,19,0
2025-06-02 19:30:00,0.8178,0.81827,0.81748,0.81796,1141,18,0
2025-06-02 20:00:00,0.81796,0.8183,0.81756,0.81822,1014,18,0
2025-06-02 20:30:00,0.81821,0.81841,0.81784,0.81805,795,19,0
2025-06-02 21:00:00,0.81807,0.81821,0.81777,0.81777,1042,19,0
2025-06-02 21:30:00,0.81778,0.81789,0.81685,0.81685,1060,19,0
2025-06-02 22:00:00,0.81688,0.81745,0.81681,0.8171,868,19,0
2025-06-02 22:30:00,0.81709,0.81719,0.81657,0.81661,772,19,0
2025-06-02 23:00:00,0.81664,0.81682,0.81656,0.81661,586,20,0
2025-06-02 23:30:00,0.81664,0.81698,0.81661,0.81689,374,23,0
2025-06-03 00:00:00,0.81689,0.81752,0.81631,0.817,165,87,0
2025-06-03 00:30:00,0.81701,0.81738,0.81644,0.8165,256,92,0
2025-06-03 01:00:00,0.81651,0.81713,0.81643,0.81652,612,19,0
2025-06-03 01:30:00,0.81651,0.81675,0.8164,0.81643,329,19,0
2025-06-03 02:00:00,0.81644,0.81648,0.8159,0.81628,604,19,0
2025-06-03 02:30:00,0.81627,0.81628,0.81584,0.81586,649,19,0
2025-06-03 03:00:00,0.81587,0.81676,0.81574,0.81654,1221,19,0
2025-06-03 03:30:00,0.81653,0.81718,0.81631,0.81688,1283,19,0
2025-06-03 04:00:00,0.81688,0.81792,0.81688,0.8178,1419,19,0
2025-06-03 04:30:00,0.81779,0.81833,0.81756,0.81812,1556,19,0
2025-06-03 05:00:00,0.81811,0.81834,0.81779,0.81792,1254,19,0
2025-06-03 05:30:00,0.81791,0.81862,0.81781,0.81828,1141,19,0
2025-06-03 06:00:00,0.8183,0.81853,0.81815,0.81844,1008,19,0
2025-06-03 06:30:00,0.81845,0.81878,0.8184,0.81846,1125,19,0
2025-06-03 07:00:00,0.81847,0.81862,0.81814,0.81823,971,19,0
2025-06-03 07:30:00,0.81823,0.81836,0.81773,0.81777,967,19,0
2025-06-03 08:00:00,0.81778,0.81822,0.81766,0.81819,985,19,0
2025-06-03 08:30:00,0.81818,0.81855,0.8177,0.81784,1254,19,0
2025-06-03 09:00:00,0.81779,0.81838,0.81723,0.81753,1289,19,0
2025-06-03 09:30:00,0.81755,0.81842,0.81742,0.81809,1461,18,0
2025-06-03 10:00:00,0.8181,0.81857,0.81681,0.8172,1907,20,0
2025-06-03 10:30:00,0.81719,0.81824,0.81716,0.81775,1639,18,0
2025-06-03 11:00:00,0.81773,0.81834,0.81758,0.81825,1747,19,0
2025-06-03 11:30:00,0.81826,0.81901,0.81797,0.8188,1165,19,0
2025-06-03 12:00:00,0.81883,0.81952,0.81853,0.81854,1354,19,0
2025-06-03 12:30:00,0.81852,0.81879,0.81822,0.81848,907,19,0
2025-06-03 13:00:00,0.81848,0.81938,0.81843,0.81927,1000,19,0
2025-06-03 13:30:00,0.81929,0.82029,0.81912,0.82008,1198,19,0
2025-06-03 14:00:00,0.82009,0.82159,0.81997,0.82144,1484,18,0
2025-06-03 14:30:00,0.82148,0.82149,0.82056,0.82106,1548,18,0
2025-06-03 15:00:00,0.82107,0.82243,0.82082,0.82218,1825,18,0
2025-06-03 15:30:00,0.82219,0.82334,0.82196,0.82305,2103,18,0
2025-06-03 16:00:00,0.82304,0.82336,0.82162,0.82245,1992,18,0
2025-06-03 16:30:00,0.82246,0.82328,0.82217,0.82318,2597,18,0
2025-06-03 17:00:00,0.82327,0.82465,0.82281,0.82347,3041,18,0
2025-06-03 17:30:00,0.82343,0.82344,0.82241,0.82308,2349,18,0
2025-06-03 18:00:00,0.82308,0.82372,0.82282,0.82339,1998,18,0
2025-06-03 18:30:00,0.8234,0.82455,0.82332,0.82419,1722,18,0
2025-06-03 19:00:00,0.82417,0.82418,0.82331,0.82378,1249,19,0
2025-06-03 19:30:00,0.82379,0.82436,0.8237,0.82382,1271,19,0
2025-06-03 20:00:00,0.82381,0.82394,0.82347,0.82355,876,19,0
2025-06-03 20:30:00,0.82357,0.82362,0.82328,0.82332,741,19,0
2025-06-03 21:00:00,0.82333,0.82356,0.8232,0.82333,679,19,0
2025-06-03 21:30:00,0.82334,0.82369,0.82334,0.82363,705,19,0
2025-06-03 22:00:00,0.82365,0.82385,0.82339,0.82382,501,19,0
2025-06-03 22:30:00,0.82381,0.82417,0.82374,0.82409,610,19,0
2025-06-03 23:00:00,0.82405,0.82407,0.82363,0.82394,474,21,0
2025-06-03 23:30:00,0.82393,0.82396,0.82331,0.82334,502,23,0
2025-06-04 00:00:00,0.82335,0.82347,0.82246,0.82324,82,91,0
2025-06-04 00:30:00,0.82322,0.8234,0.82305,0.82313,199,101,0
2025-06-04 01:00:00,0.82312,0.82379,0.82302,0.82371,341,19,0
2025-06-04 01:30:00,0.82369,0.82382,0.82354,0.82363,434,19,0
2025-06-04 02:00:00,0.82362,0.82365,0.82337,0.82349,562,19,0
2025-06-04 02:30:00,0.8235,0.82351,0.82275,0.82289,812,19,0
2025-06-04 03:00:00,0.82288,0.82329,0.82252,0.82294,1500,19,0
2025-06-04 03:30:00,0.82293,0.82346,0.82282,0.82336,1425,19,0
2025-06-04 04:00:00,0.82337,0.82429,0.8227,0.82281,1669,19,0
2025-06-04 04:30:00,0.82282,0.82299,0.82234,0.82291,1553,19,0
2025-06-04 05:00:00,0.82293,0.82317,0.82266,0.82314,1044,19,0
2025-06-04 05:30:00,0.82314,0.82358,0.82313,0.8233,890,19,0
2025-06-04 06:00:00,0.82331,0.82338,0.82298,0.82338,925,19,0
2025-06-04 06:30:00,0.82339,0.82423,0.82335,0.82418,1202,19,0
2025-06-04 07:00:00,0.82417,0.8243,0.8235,0.82363,1094,19,0
2025-06-04 07:30:00,0.82363,0.82436,0.82357,0.82427,969,19,0
2025-06-04 08:00:00,0.82426,0.82433,0.82402,0.82422,1009,19,0
2025-06-04 08:30:00,0.82426,0.82491,0.8239,0.82411,1386,19,0
2025-06-04 09:00:00,0.8241,0.82455,0.82315,0.82315,1664,19,0
2025-06-04 09:30:00,0.82319,0.82347,0.82291,0.82297,1664,19,0
2025-06-04 10:00:00,0.82298,0.82335,0.82246,0.82274,1691,19,0
2025-06-04 10:30:00,0.82274,0.82358,0.82236,0.82311,1422,19,0
2025-06-04 11:00:00,0.82312,0.82361,0.82279,0.82279,1454,19,0
2025-06-04 11:30:00,0.82276,0.82276,0.82181,0.82211,1420,19,0
2025-06-04 12:00:00,0.82212,0.82312,0.8221,0.82307,1392,19,0
2025-06-04 12:30:00,0.82307,0.82377,0.8229,0.82375,1204,19,0
2025-06-04 13:00:00,0.82376,0.82401,0.82328,0.82353,1312,19,0
2025-06-04 13:30:00,0.82352,0.82414,0.82346,0.82368,1051,19,0
2025-06-04 14:00:00,0.82369,0.82373,0.82295,0.82343,1047,18,0
2025-06-04 14:30:00,0.82346,0.82372,0.8232,0.82354,1311,18,0
2025-06-04 15:00:00,0.82355,0.82359,0.82073,0.82163,3036,18,0
2025-06-04 15:30:00,0.82164,0.82219,0.82091,0.8211,2808,18,0
2025-06-04 16:00:00,0.82109,0.82185,0.82082,0.82148,2221,18,0
2025-06-04 16:30:00,0.82145,0.82212,0.82139,0.82147,2301,17,0
2025-06-04 17:00:00,0.82135,0.82135,0.81909,0.82012,3935,17,0
2025-06-04 17:30:00,0.8201,0.82018,0.81759,0.81828,2857,17,0
2025-06-04 18:00:00,0.81831,0.81924,0.81822,0.81847,2416,18,0
2025-06-04 18:30:00,0.81848,0.81882,0.81819,0.81826,2023,18,0
2025-06-04 19:00:00,0.81825,0.81825,0.81736,0.81741,1451,19,0
2025-06-04 19:30:00,0.81741,0.8177,0.81693,0.817,1325,19,0
2025-06-04 20:00:00,0.81699,0.81763,0.81698,0.8175,1253,19,0
2025-06-04 20:30:00,0.81751,0.81778,0.81705,0.81777,1121,19,0
2025-06-04 21:00:00,0.81775,0.8179,0.81717,0.81736,993,19,0
2025-06-04 21:30:00,0.81737,0.81781,0.81726,0.81767,1002,19,0
2025-06-04 22:00:00,0.81767,0.81874,0.81751,0.81854,828,19,0
2025-06-04 22:30:00,0.81852,0.81904,0.81841,0.81869,929,19,0
2025-06-04 23:00:00,0.81868,0.81883,0.81849,0.81853,519,19,0
2025-06-04 23:30:00,0.81852,0.81854,0.81772,0.81773,678,23,0
2025-06-05 00:00:00,0.8177,0.81819,0.81766,0.81814,80,120,0
2025-06-05 00:30:00,0.81813,0.81813,0.81742,0.81764,732,115,0
2025-06-05 01:00:00,0.81779,0.81866,0.81726,0.81831,489,19,0
2025-06-05 01:30:00,0.8183,0.81841,0.81805,0.81823,530,19,0
2025-06-05 02:00:00,0.81821,0.81833,0.81728,0.81755,757,19,0
2025-06-05 02:30:00,0.81755,0.81831,0.81755,0.8181,761,19,0
2025-06-05 03:00:00,0.81804,0.81849,0.81768,0.81775,1328,19,0
2025-06-05 03:30:00,0.81776,0.81819,0.81745,0.81751,1772,19,0
2025-06-05 04:00:00,0.81752,0.81839,0.81711,0.81808,1598,19,0
2025-06-05 04:30:00,0.81808,0.81887,0.81804,0.81865,1660,19,0
2025-06-05 05:00:00,0.81867,0.819,0.81843,0.81856,1209,19,0
2025-06-05 05:30:00,0.81855,0.81871,0.81825,0.81837,885,19,0
2025-06-05 06:00:00,0.81836,0.81865,0.8182,0.81831,1023,19,0
2025-06-05 06:30:00,0.81827,0.81933,0.81808,0.81917,1533,19,0
2025-06-05 07:00:00,0.81919,0.81936,0.81853,0.81885,1358,19,0
2025-06-05 07:30:00,0.81884,0.81928,0.81869,0.81899,1014,19,0
2025-06-05 08:00:00,0.81899,0.81911,0.81876,0.81905,1014,19,0
2025-06-05 08:30:00,0.81906,0.81951,0.81895,0.81925,1154,19,0
2025-06-05 09:00:00,0.81923,0.81925,0.81864,0.81889,849,19,0
2025-06-05 09:30:00,0.81891,0.81966,0.81866,0.81944,1190,19,0
2025-06-05 10:00:00,0.81943,0.81964,0.81858,0.81908,1549,19,0
2025-06-05 10:30:00,0.81907,0.82046,0.81891,0.82011,1207,19,0
2025-06-05 11:00:00,0.82012,0.82045,0.81947,0.82023,1328,19,0
2025-06-05 11:30:00,0.82024,0.82076,0.8201,0.82028,1064,19,0
2025-06-05 12:00:00,0.82027,0.82054,0.81951,0.81959,1300,19,0
2025-06-05 12:30:00,0.81958,0.82023,0.81957,0.81965,1088,19,0
2025-06-05 13:00:00,0.81967,0.81975,0.81885,0.81891,1077,19,0
2025-06-05 13:30:00,0.81889,0.81931,0.81873,0.81903,1048,19,0
2025-06-05 14:00:00,0.81902,0.81954,0.81877,0.81948,1347,18,0
2025-06-05 14:30:00,0.81951,0.82,0.81939,0.81941,1397,18,0
2025-06-05 15:00:00,0.81942,0.82039,0.81896,0.81907,2531,17,0
2025-06-05 15:30:00,0.8185,0.8214,0.81797,0.82022,4760,17,0
2025-06-05 16:00:00,0.82021,0.82107,0.81743,0.81771,4570,18,0
2025-06-05 16:30:00,0.81772,0.81818,0.81714,0.81737,4114,18,0
2025-06-05 17:00:00,0.81735,0.81845,0.81714,0.81818,3169,18,0
2025-06-05 17:30:00,0.81813,0.81996,0.81721,0.81974,4235,18,0
2025-06-05 18:00:00,0.81975,0.82044,0.81924,0.81995,2899,18,0
2025-06-05 18:30:00,0.81993,0.82131,0.81993,0.82095,2214,18,0
2025-06-05 19:00:00,0.82098,0.82136,0.82034,0.8206,1840,19,0
2025-06-05 19:30:00,0.82057,0.8207,0.81897,0.81905,1699,19,0
2025-06-05 20:00:00,0.81906,0.82034,0.819,0.82025,1312,19,0
2025-06-05 20:30:00,0.82024,0.82084,0.8199,0.81997,1094,19,0
2025-06-05 21:00:00,0.81996,0.82049,0.81984,0.82023,1175,19,0
2025-06-05 21:30:00,0.82023,0.821,0.82013,0.82035,1131,19,0
2025-06-05 22:00:00,0.82033,0.8208,0.81927,0.81982,1729,19,0
2025-06-05 22:30:00,0.81983,0.82065,0.81983,0.82011,1668,19,0
2025-06-05 23:00:00,0.8201,0.82028,0.81925,0.81959,785,21,0
2025-06-05 23:30:00,0.81958,0.81961,0.81905,0.81915,748,23,0
2025-06-06 00:00:00,0.81913,0.82075,0.8183,0.81859,91,94,0
2025-06-06 00:30:00,0.81867,0.81896,0.81853,0.81879,203,120,0
2025-06-06 01:00:00,0.81888,0.81928,0.81869,0.81921,472,19,0
2025-06-06 01:30:00,0.81921,0.81946,0.81917,0.81932,426,19,0
2025-06-06 02:00:00,0.81929,0.81968,0.81921,0.81941,532,19,0
2025-06-06 02:30:00,0.8194,0.81952,0.81918,0.81923,576,19,0
2025-06-06 03:00:00,0.81924,0.81986,0.81915,0.8198,1240,19,0
2025-06-06 03:30:00,0.81981,0.8201,0.81959,0.82008,1319,19,0
2025-06-06 04:00:00,0.82009,0.82034,0.81965,0.81972,1131,19,0
2025-06-06 04:30:00,0.81972,0.8204,0.81966,0.82033,1141,19,0
2025-06-06 05:00:00,0.82032,0.82071,0.82012,0.82056,1063,19,0
2025-06-06 05:30:00,0.82056,0.82067,0.82025,0.82043,733,19,0
2025-06-06 06:00:00,0.82044,0.82046,0.81996,0.81997,759,19,0
2025-06-06 06:30:00,0.81998,0.8202,0.81986,0.82007,774,19,0
2025-06-06 07:00:00,0.82007,0.82045,0.81996,0.82013,753,19,0
2025-06-06 07:30:00,0.82014,0.82044,0.82011,0.82023,733,19,0
2025-06-06 08:00:00,0.82022,0.82082,0.82017,0.82081,834,19,0
2025-06-06 08:30:00,0.82081,0.82107,0.82067,0.82067,956,19,0
2025-06-06 09:00:00,0.82061,0.82152,0.82038,0.8215,1048,19,0
2025-06-06 09:30:00,0.82151,0.82187,0.82102,0.82141,1385,19,0
2025-06-06 10:00:00,0.82142,0.82189,0.82055,0.82102,1481,19,0
2025-06-06 10:30:00,0.82101,0.82111,0.82038,0.82066,1425,19,0
2025-06-06 11:00:00,0.82065,0.82117,0.82063,0.82105,1179,19,0
2025-06-06 11:30:00,0.82106,0.82198,0.82089,0.82193,1224,19,0
2025-06-06 12:00:00,0.82192,0.82229,0.82158,0.82163,999,19,0
2025-06-06 12:30:00,0.82164,0.82174,0.82107,0.82137,1110,19,0
2025-06-06 13:00:00,0.82134,0.82154,0.82101,0.82121,1004,19,0
2025-06-06 13:30:00,0.8212,0.82139,0.82107,0.82128,769,19,0
2025-06-06 14:00:00,0.82128,0.82143,0.8211,0.82141,1107,18,0
2025-06-06 14:30:00,0.82142,0.82214,0.82105,0.822,1588,18,0
2025-06-06 15:00:00,0.82199,0.82258,0.8215,0.82166,1662,18,0
2025-06-06 15:30:00,0.82163,0.82418,0.82097,0.82364,6087,18,0
2025-06-06 16:00:00,0.82365,0.82473,0.82261,0.82432,3380,18,0
2025-06-06 16:30:00,0.82429,0.82466,0.8229,0.82383,3495,18,0
2025-06-06 17:00:00,0.82383,0.8241,0.82209,0.82241,3444,18,0
2025-06-06 17:30:00,0.82243,0.82409,0.82219,0.82323,3114,18,0
2025-06-06 18:00:00,0.82322,0.82413,0.82258,0.82269,3082,18,0
2025-06-06 18:30:00,0.8227,0.82276,0.82111,0.82195,2241,18,0
2025-06-06 19:00:00,0.82197,0.82223,0.82166,0.82221,1365,19,0
2025-06-06 19:30:00,0.82221,0.8231,0.82205,0.82301,1581,19,0
2025-06-06 20:00:00,0.82302,0.82315,0.82227,0.8226,1142,19,0
2025-06-06 20:30:00,0.82257,0.82293,0.8221,0.82227,836,19,0
2025-06-06 21:00:00,0.8223,0.8223,0.82157,0.82201,924,19,0
2025-06-06 21:30:00,0.82199,0.82231,0.8218,0.82207,1034,19,0
2025-06-06 22:00:00,0.82208,0.82208,0.8215,0.8219,782,19,0
2025-06-06 22:30:00,0.82186,0.82214,0.8217,0.82171,756,19,0
2025-06-06 23:00:00,0.82168,0.82222,0.82168,0.82211,546,21,0
2025-06-06 23:30:00,0.82211,0.82226,0.82165,0.82172,328,23,0
2025-06-09 00:00:00,0.82123,0.82211,0.82123,0.82157,60,120,0
2025-06-09 00:30:00,0.82156,0.82156,0.82134,0.82135,125,120,0
2025-06-09 01:00:00,0.82143,0.82179,0.82101,0.82131,498,20,0
2025-06-09 01:30:00,0.82132,0.82138,0.82118,0.8212,389,19,0
2025-06-09 02:00:00,0.82125,0.82127,0.82077,0.82101,491,19,0
2025-06-09 02:30:00,0.82101,0.8215,0.82093,0.8213,444,19,0
2025-06-09 03:00:00,0.82131,0.82202,0.82112,0.82171,950,19,0
2025-06-09 03:30:00,0.8217,0.82246,0.8215,0.82244,1117,19,0
2025-06-09 04:00:00,0.82243,0.82243,0.82124,0.82155,997,19,0
2025-06-09 04:30:00,0.82155,0.82172,0.82085,0.82104,1113,19,0
2025-06-09 05:00:00,0.82106,0.82115,0.82032,0.82052,1216,19,0
2025-06-09 05:30:00,0.82051,0.82113,0.82041,0.82109,880,19,0
2025-06-09 06:00:00,0.82108,0.82128,0.82082,0.82122,878,19,0
2025-06-09 06:30:00,0.82123,0.82129,0.82087,0.82114,647,19,0
2025-06-09 07:00:00,0.82115,0.82116,0.8208,0.82099,830,19,0
2025-06-09 07:30:00,0.82098,0.82115,0.82072,0.82082,956,19,0
2025-06-09 08:00:00,0.82079,0.8211,0.82066,0.82092,738,19,0
2025-06-09 08:30:00,0.82093,0.82119,0.82042,0.82063,888,19,0
2025-06-09 09:00:00,0.82062,0.82088,0.82028,0.8205,862,19,0
2025-06-09 09:30:00,0.82052,0.82063,0.81997,0.8203,834,19,0
2025-06-09 10:00:00,0.82033,0.82068,0.82017,0.82038,1118,19,0
2025-06-09 10:30:00,0.82037,0.82046,0.81949,0.81983,1077,19,0
2025-06-09 11:00:00,0.81981,0.81996,0.81916,0.81916,1143,19,0
2025-06-09 11:30:00,0.81917,0.82016,0.81914,0.82013,973,19,0
2025-06-09 12:00:00,0.82014,0.82025,0.81942,0.81962,901,19,0
2025-06-09 12:30:00,0.81958,0.82024,0.81941,0.82024,876,19,0
2025-06-09 13:00:00,0.82025,0.82042,0.81987,0.82021,902,19,0
2025-06-09 13:30:00,0.82019,0.82073,0.82015,0.82057,828,19,0
2025-06-09 14:00:00,0.82056,0.82097,0.82044,0.82056,1174,18,0
2025-06-09 14:30:00,0.82057,0.8214,0.82049,0.82081,1594,18,0
2025-06-09 15:00:00,0.8208,0.82123,0.82059,0.82106,1557,18,0
2025-06-09 15:30:00,0.82108,0.82226,0.82098,0.82193,1509,18,0
2025-06-09 16:00:00,0.82197,0.8224,0.82164,0.82194,1508,18,0
2025-06-09 16:30:00,0.82195,0.822,0.82113,0.82141,1970,18,0
2025-06-09 17:00:00,0.82142,0.82198,0.82111,0.82174,1635,18,0
2025-06-09 17:30:00,0.82175,0.82247,0.82124,0.82161,2060,18,0
2025-06-09 18:00:00,0.8216,0.82164,0.82048,0.82055,1532,18,0
2025-06-09 18:30:00,0.82053,0.82082,0.82032,0.82042,1021,18,0
2025-06-09 19:00:00,0.82041,0.82104,0.82038,0.82074,920,19,0
2025-06-09 19:30:00,0.82072,0.82104,0.82067,0.82092,864,19,0
2025-06-09 20:00:00,0.8209,0.82132,0.8209,0.82092,786,19,0
2025-06-09 20:30:00,0.82092,0.82111,0.82085,0.82108,618,19,0
2025-06-09 21:00:00,0.82109,0.82124,0.82088,0.82091,805,19,0
2025-06-09 21:30:00,0.82092,0.82121,0.82086,0.82121,803,19,0
2025-06-09 22:00:00,0.82122,0.82131,0.82093,0.82131,627,19,0
2025-06-09 22:30:00,0.82129,0.82152,0.82121,0.8214,598,19,0
2025-06-09 23:00:00,0.8214,0.82147,0.82125,0.82133,419,19,0
2025-06-09 23:30:00,0.82132,0.8216,0.82111,0.82111,322,23,0
2025-06-10 00:00:00,0.82141,0.82178,0.82111,0.82142,48,98,0
2025-06-10 00:30:00,0.82143,0.82145,0.82072,0.8211,291,93,0
2025-06-10 01:00:00,0.82112,0.82159,0.82084,0.82143,336,19,0
2025-06-10 01:30:00,0.82145,0.8217,0.82142,0.82142,480,19,0
2025-06-10 02:00:00,0.82141,0.82164,0.82124,0.82129,590,19,0
2025-06-10 02:30:00,0.82128,0.82142,0.82112,0.82123,602,19,0
2025-06-10 03:00:00,0.82124,0.82148,0.82087,0.82095,1234,19,0
2025-06-10 03:30:00,0.82094,0.82162,0.82089,0.82134,1362,19,0
2025-06-10 04:00:00,0.82132,0.82217,0.82101,0.82193,1374,19,0
2025-06-10 04:30:00,0.82191,0.82356,0.82172,0.82342,1764,19,0
2025-06-10 05:00:00,0.82343,0.8241,0.82327,0.82365,1549,19,0
2025-06-10 05:30:00,0.82366,0.82369,0.8227,0.82282,982,19,0
2025-06-10 06:00:00,0.82283,0.82323,0.82229,0.82239,810,19,0
2025-06-10 06:30:00,0.82238,0.82272,0.82223,0.82226,838,19,0
2025-06-10 07:00:00,0.82225,0.82276,0.82212,0.82272,646,19,0
2025-06-10 07:30:00,0.82271,0.82282,0.82236,0.82247,819,19,0
2025-06-10 08:00:00,0.82246,0.82252,0.82132,0.82164,1188,19,0
2025-06-10 08:30:00,0.82165,0.82221,0.82093,0.82173,2037,20,0
2025-06-10 09:00:00,0.8217,0.82214,0.82117,0.82154,1669,19,0
2025-06-10 09:30:00,0.82157,0.82257,0.82115,0.82235,1912,19,0
2025-06-10 10:00:00,0.82234,0.82355,0.82197,0.82257,2402,19,0
2025-06-10 10:30:00,0.82258,0.82273,0.8218,0.82194,1632,19,0
2025-06-10 11:00:00,0.82195,0.82213,0.82115,0.82174,1405,19,0
2025-06-10 11:30:00,0.82175,0.82181,0.82071,0.821,1349,19,0
2025-06-10 12:00:00,0.82101,0.82154,0.82082,0.8214,1219,19,0
2025-06-10 12:30:00,0.82138,0.82156,0.82103,0.82107,1302,19,0
2025-06-10 13:00:00,0.82106,0.82143,0.82096,0.82109,1059,19,0
2025-06-10 13:30:00,0.8211,0.82127,0.82086,0.82117,859,19,0
2025-06-10 14:00:00,0.82116,0.82134,0.82073,0.82078,1246,18,0
2025-06-10 14:30:00,0.82079,0.8214,0.82068,0.82125,1416,18,0
2025-06-10 15:00:00,0.82124,0.82185,0.82081,0.82128,1541,18,0
2025-06-10 15:30:00,0.82127,0.82164,0.82106,0.82162,1546,18,0
2025-06-10 16:00:00,0.82161,0.82176,0.82071,0.82071,1873,18,0
2025-06-10 16:30:00,0.82072,0.82126,0.82029,0.82068,2279,18,0
2025-06-10 17:00:00,0.82071,0.82174,0.8206,0.82148,1815,18,0
2025-06-10 17:30:00,0.82149,0.82195,0.82114,0.82179,1877,18,0
2025-06-10 18:00:00,0.82178,0.8229,0.82173,0.82264,1697,18,0
2025-06-10 18:30:00,0.82264,0.82287,0.82183,0.82187,1903,18,0
2025-06-10 19:00:00,0.82186,0.8227,0.8217,0.82265,968,19,0
2025-06-10 19:30:00,0.82265,0.82272,0.82213,0.82217,639,19,0
2025-06-10 20:00:00,0.82215,0.82267,0.82207,0.82258,597,19,0
2025-06-10 20:30:00,0.82257,0.82263,0.82229,0.82261,595,19,0
2025-06-10 21:00:00,0.8226,0.8232,0.82257,0.82266,812,19,0
2025-06-10 21:30:00,0.82266,0.823,0.82233,0.82288,760,19,0
2025-06-10 22:00:00,0.82289,0.82309,0.82198,0.82241,586,19,0
2025-06-10 22:30:00,0.82242,0.82276,0.82217,0.8227,826,19,0
2025-06-10 23:00:00,0.82269,0.82288,0.82255,0.82268,408,20,0
2025-06-10 23:30:00,0.82269,0.82286,0.8223,0.8223,300,23,0
2025-06-11 00:00:00,0.82233,0.8228,0.82188,0.82204,406,87,0
2025-06-11 00:30:00,0.82208,0.8222,0.82197,0.82203,251,93,0
2025-06-11 01:00:00,0.82204,0.82278,0.82198,0.82254,268,21,0
2025-06-11 01:30:00,0.82253,0.82274,0.82247,0.8226,319,21,0
2025-06-11 02:00:00,0.82258,0.82283,0.82214,0.82238,920,21,0
2025-06-11 02:30:00,0.82234,0.82243,0.82182,0.82198,678,19,0
2025-06-11 03:00:00,0.82192,0.82214,0.82115,0.82163,1267,19,0
2025-06-11 03:30:00,0.82161,0.82215,0.82134,0.82209,1076,19,0
2025-06-11 04:00:00,0.8221,0.82241,0.82197,0.82214,1179,19,0
2025-06-11 04:30:00,0.82213,0.82299,0.82206,0.82285,1152,19,0
2025-06-11 05:00:00,0.82284,0.82316,0.82267,0.82282,1143,19,0
2025-06-11 05:30:00,0.8228,0.82281,0.82241,0.82259,670,19,0
2025-06-11 06:00:00,0.8226,0.8229,0.82258,0.82288,787,19,0
2025-06-11 06:30:00,0.8229,0.82291,0.82248,0.82256,471,19,0
2025-06-11 07:00:00,0.82258,0.82285,0.82242,0.82256,740,20,0
2025-06-11 07:30:00,0.82257,0.82271,0.82244,0.82256,791,19,0
2025-06-11 08:00:00,0.82257,0.82288,0.82247,0.82257,740,19,0
2025-06-11 08:30:00,0.82258,0.8227,0.82234,0.82246,871,19,0
2025-06-11 09:00:00,0.82247,0.82337,0.82244,0.82335,941,19,0
2025-06-11 09:30:00,0.82334,0.82335,0.82237,0.82303,1040,19,0
2025-06-11 10:00:00,0.82304,0.82334,0.8228,0.82288,1214,19,0
2025-06-11 10:30:00,0.82289,0.82318,0.82214,0.82249,1423,19,0
2025-06-11 11:00:00,0.82248,0.82256,0.82182,0.82185,1125,19,0
2025-06-11 11:30:00,0.82186,0.82197,0.82128,0.82194,1026,19,0
2025-06-11 12:00:00,0.82196,0.82201,0.8213,0.8216,1223,19,0
2025-06-11 12:30:00,0.82159,0.82208,0.8213,0.82197,1030,19,0
2025-06-11 13:00:00,0.82196,0.82221,0.82166,0.82212,1131,19,0
2025-06-11 13:30:00,0.82214,0.82232,0.82168,0.82199,900,19,0
2025-06-11 14:00:00,0.82197,0.82252,0.82162,0.8225,1350,18,0
2025-06-11 14:30:00,0.82251,0.82279,0.82211,0.82241,1352,18,0
2025-06-11 15:00:00,0.82241,0.82284,0.82169,0.82181,2568,18,0
2025-06-11 15:30:00,0.82179,0.82206,0.8184,0.82053,4585,18,0
2025-06-11 16:00:00,0.82054,0.82077,0.81962,0.82071,2886,18,0
2025-06-11 16:30:00,0.82072,0.82087,0.8198,0.82033,2710,18,0
2025-06-11 17:00:00,0.82037,0.82049,0.81967,0.82019,2429,17,0
2025-06-11 17:30:00,0.82017,0.82027,0.81925,0.81962,2224,18,0
2025-06-11 18:00:00,0.81963,0.82013,0.81937,0.81964,2099,18,0
2025-06-11 18:30:00,0.81965,0.81999,0.8193,0.8194,1517,18,0
2025-06-11 19:00:00,0.81939,0.81979,0.81918,0.81938,988,19,0
2025-06-11 19:30:00,0.81939,0.82038,0.81926,0.82038,867,19,0
2025-06-11 20:00:00,0.82037,0.82044,0.81982,0.82016,713,19,0
2025-06-11 20:30:00,0.82017,0.82033,0.81962,0.81979,672,19,0
2025-06-11 21:00:00,0.8198,0.82011,0.81925,0.82005,1185,19,0
2025-06-11 21:30:00,0.82003,0.82044,0.81984,0.82038,1262,19,0
2025-06-11 22:00:00,0.8204,0.82068,0.82028,0.82061,750,19,0
2025-06-11 22:30:00,0.8206,0.82065,0.82033,0.82041,705,19,0
2025-06-11 23:00:00,0.82045,0.82064,0.82034,0.82044,509,20,0
2025-06-11 23:30:00,0.82043,0.82045,0.81971,0.81975,658,23,0
2025-06-12 00:00:00,0.81946,0.82015,0.81901,0.82003,156,87,0
2025-06-12 00:30:00,0.82007,0.82025,0.81944,0.81965,283,87,0
2025-06-12 01:00:00,0.81967,0.8197,0.81882,0.81931,900,19,0
2025-06-12 01:30:00,0.8193,0.81949,0.81857,0.8188,422,19,0
2025-06-12 02:00:00,0.81878,0.81878,0.81822,0.81869,644,20,0
2025-06-12 02:30:00,0.8187,0.81877,0.8183,0.81838,814,20,0
2025-06-12 03:00:00,0.81839,0.81878,0.81786,0.81802,1697,19,0
2025-06-12 03:30:00,0.81803,0.81845,0.81708,0.81752,1727,19,0
2025-06-12 04:00:00,0.81753,0.81786,0.8159,0.81594,1523,19,0
2025-06-12 04:30:00,0.81597,0.81677,0.81584,0.81676,1656,19,0
2025-06-12 05:00:00,0.81677,0.81771,0.81657,0.81677,1224,19,0
2025-06-12 05:30:00,0.81678,0.81736,0.81666,0.81695,1283,19,0
2025-06-12 06:00:00,0.81696,0.81712,0.81659,0.8167,1474,19,0
2025-06-12 06:30:00,0.81671,0.81684,0.81634,0.81646,1007,19,0
2025-06-12 07:00:00,0.81647,0.81709,0.81647,0.81678,987,19,0
2025-06-12 07:30:00,0.81676,0.817,0.81661,0.8168,930,19,0
2025-06-12 08:00:00,0.81685,0.81706,0.81647,0.81659,881,19,0
2025-06-12 08:30:00,0.8166,0.81675,0.81565,0.81569,1125,19,0
2025-06-12 09:00:00,0.81571,0.81751,0.81565,0.81695,1341,19,0
2025-06-12 09:30:00,0.81694,0.81716,0.81614,0.81625,1517,19,0
2025-06-12 10:00:00,0.81624,0.81731,0.81624,0.81692,1898,19,0
2025-06-12 10:30:00,0.81691,0.81736,0.81483,0.81491,1950,19,0
2025-06-12 11:00:00,0.81493,0.81524,0.81401,0.81426,2154,19,0
2025-06-12 11:30:00,0.81428,0.81508,0.81412,0.81451,1835,19,0
2025-06-12 12:00:00,0.81452,0.81492,0.81414,0.81452,1862,19,0
2025-06-12 12:30:00,0.81451,0.81456,0.81263,0.81366,1764,19,0
2025-06-12 13:00:00,0.81365,0.81406,0.81208,0.81224,2049,19,0
2025-06-12 13:30:00,0.81228,0.81297,0.8117,0.8122,2195,19,0
2025-06-12 14:00:00,0.81221,0.81235,0.81139,0.81224,2016,18,0
2025-06-12 14:30:00,0.81223,0.81301,0.8119,0.81251,1863,18,0
2025-06-12 15:00:00,0.81253,0.81306,0.81183,0.81202,2279,18,0
2025-06-12 15:30:00,0.81205,0.81205,0.81016,0.8111,3969,18,0
2025-06-12 16:00:00,0.81112,0.81251,0.81053,0.81218,2650,18,0
2025-06-12 16:30:00,0.81219,0.81254,0.81067,0.81242,2890,18,0
2025-06-12 17:00:00,0.81241,0.81318,0.812,0.81302,2672,18,0
2025-06-12 17:30:00,0.81303,0.81325,0.81248,0.813,2183,18,0
2025-06-12 18:00:00,0.81301,0.81413,0.8129,0.81334,2752,18,0
2025-06-12 18:30:00,0.81332,0.8134,0.81214,0.81247,2197,18,0
2025-06-12 19:00:00,0.81246,0.81283,0.81171,0.81226,1588,19,0
2025-06-12 19:30:00,0.81225,0.81262,0.81192,0.81212,1200,19,0
2025-06-12 20:00:00,0.81214,0.81275,0.81179,0.81235,963,19,0
2025-06-12 20:30:00,0.81236,0.81261,0.81144,0.81163,929,19,0
2025-06-12 21:00:00,0.81165,0.81185,0.81106,0.81128,682,19,0
2025-06-12 21:30:00,0.81127,0.8116,0.81124,0.81143,563,19,0
2025-06-12 22:00:00,0.81144,0.81156,0.81123,0.8114,554,19,0
2025-06-12 22:30:00,0.81141,0.81148,0.81098,0.81109,651,19,0
2025-06-12 23:00:00,0.8111,0.81131,0.81045,0.81078,546,21,0
2025-06-12 23:30:00,0.81079,0.81087,0.8099,0.80991,899,23,0
2025-06-13 00:00:00,0.80956,0.81103,0.80947,0.81029,106,87,0
2025-06-13 00:30:00,0.81028,0.81036,0.81,0.81003,26,87,0
2025-06-13 01:00:00,0.81012,0.81031,0.80993,0.81023,275,21,0
2025-06-13 01:30:00,0.81022,0.81031,0.8101,0.81012,253,20,0
2025-06-13 02:00:00,0.8101,0.81028,0.80978,0.80993,330,19,0
2025-06-13 02:30:00,0.80992,0.80994,0.80755,0.80757,782,19,0
2025-06-13 03:00:00,0.80766,0.80808,0.80549,0.8068,5170,21,0
2025-06-13 03:30:00,0.80682,0.80803,0.80645,0.80687,3988,21,0
2025-06-13 04:00:00,0.80688,0.80765,0.80609,0.80701,3103,19,0
2025-06-13 04:30:00,0.80698,0.80788,0.80642,0.80757,2371,19,0
2025-06-13 05:00:00,0.80758,0.80772,0.80673,0.80703,1950,20,0
2025-06-13 05:30:00,0.80705,0.80727,0.80645,0.80673,1902,20,0
2025-06-13 06:00:00,0.80675,0.8088,0.80668,0.80876,2011,19,0
2025-06-13 06:30:00,0.80875,0.80922,0.80838,0.80902,1470,19,0
2025-06-13 07:00:00,0.80903,0.80995,0.80867,0.80964,1239,19,0
2025-06-13 07:30:00,0.80965,0.81002,0.80926,0.80952,1189,19,0
2025-06-13 08:00:00,0.80951,0.81156,0.80884,0.81138,1608,19,0
2025-06-13 08:30:00,0.81141,0.81143,0.80967,0.8099,1396,19,0
2025-06-13 09:00:00,0.80983,0.81092,0.80938,0.81062,2413,19,0
2025-06-13 09:30:00,0.81061,0.81137,0.81033,0.81075,2725,19,0
2025-06-13 10:00:00,0.81074,0.81132,0.81016,0.81088,2911,19,0
2025-06-13 10:30:00,0.81089,0.81191,0.81058,0.81182,1881,19,0
2025-06-13 11:00:00,0.81182,0.81233,0.81133,0.81147,1683,19,0
2025-06-13 11:30:00,0.81146,0.81282,0.81129,0.81231,1725,19,0
2025-06-13 12:00:00,0.81232,0.81315,0.81198,0.81289,1843,19,0
2025-06-13 12:30:00,0.81291,0.81334,0.81267,0.81308,1779,19,0
2025-06-13 13:00:00,0.81311,0.81373,0.81258,0.81338,1918,19,0
2025-06-13 13:30:00,0.81335,0.81456,0.81332,0.81384,1863,19,0
2025-06-13 14:00:00,0.81383,0.81476,0.81373,0.81396,1818,18,0
2025-06-13 14:30:00,0.81395,0.814,0.81276,0.8128,1838,18,0
2025-06-13 15:00:00,0.81281,0.81315,0.81251,0.8127,1569,18,0
2025-06-13 15:30:00,0.81269,0.81309,0.81215,0.81286,1928,18,0
2025-06-13 16:00:00,0.8129,0.81374,0.81265,0.81348,2136,18,0
2025-06-13 16:30:00,0.81349,0.81393,0.81257,0.81281,2636,18,0
2025-06-13 17:00:00,0.8129,0.81294,0.81124,0.81147,2629,18,0
2025-06-13 17:30:00,0.8115,0.81215,0.81122,0.81183,2429,18,0
2025-06-13 18:00:00,0.81182,0.81251,0.81151,0.81163,2082,18,0
2025-06-13 18:30:00,0.81164,0.81191,0.81103,0.81153,1784,18,0
2025-06-13 19:00:00,0.81153,0.81153,0.81086,0.81097,1299,19,0
2025-06-13 19:30:00,0.81094,0.81134,0.81071,0.81128,818,19,0
2025-06-13 20:00:00,0.81127,0.81185,0.81112,0.81155,934,19,0
2025-06-13 20:30:00,0.81156,0.81209,0.81107,0.81123,1015,19,0
2025-06-13 21:00:00,0.81122,0.81137,0.81092,0.8113,1019,19,0
2025-06-13 21:30:00,0.81131,0.81152,0.81068,0.81139,1369,19,0
2025-06-13 22:00:00,0.8114,0.81169,0.81131,0.81141,995,19,0
2025-06-13 22:30:00,0.81143,0.81149,0.81062,0.81082,923,19,0
2025-06-13 23:00:00,0.81081,0.81144,0.81081,0.81119,756,19,0
2025-06-13 23:30:00,0.8112,0.81141,0.81053,0.81065,737,23,0
2025-06-16 00:00:00,0.81089,0.81156,0.81043,0.81156,40,101,0
2025-06-16 00:30:00,0.81158,0.81183,0.81061,0.81078,176,101,0
2025-06-16 01:00:00,0.81077,0.8121,0.81064,0.81133,1682,19,0
2025-06-16 01:30:00,0.81132,0.81169,0.81078,0.81119,4801,19,0
2025-06-16 02:00:00,0.81124,0.81233,0.81097,0.81198,3128,19,0
2025-06-16 02:30:00,0.81197,0.81202,0.81159,0.8118,574,19,0
2025-06-16 03:00:00,0.81181,0.81199,0.81126,0.81163,1446,19,0
2025-06-16 03:30:00,0.81164,0.81224,0.81138,0.81176,1365,19,0
2025-06-16 04:00:00,0.8118,0.81196,0.81075,0.81106,1535,19,0
2025-06-16 04:30:00,0.81105,0.81181,0.81072,0.81174,1387,19,0
2025-06-16 05:00:00,0.81175,0.81224,0.81173,0.81215,1087,19,0
2025-06-16 05:30:00,0.81214,0.81252,0.81211,0.81235,864,19,0
2025-06-16 06:00:00,0.81236,0.81268,0.81217,0.81245,964,19,0
2025-06-16 06:30:00,0.81244,0.8131,0.8123,0.81298,794,19,0
2025-06-16 07:00:00,0.81299,0.81299,0.81263,0.81278,656,19,0
2025-06-16 07:30:00,0.81276,0.81278,0.81246,0.81256,744,19,0
2025-06-16 08:00:00,0.81257,0.81262,0.81109,0.81123,1080,21,0
2025-06-16 08:30:00,0.81122,0.8113,0.81061,0.81096,1311,19,0
2025-06-16 09:00:00,0.81098,0.81253,0.81098,0.81237,1476,19,0
2025-06-16 09:30:00,0.81238,0.81252,0.81149,0.81163,1691,19,0
2025-06-16 10:00:00,0.81162,0.81317,0.81144,0.813,1785,19,0
2025-06-16 10:30:00,0.81299,0.81329,0.81169,0.81173,1712,19,0
2025-06-16 11:00:00,0.81174,0.81268,0.81173,0.81221,1317,19,0
2025-06-16 11:30:00,0.81224,0.81233,0.81138,0.81198,1345,19,0
2025-06-16 12:00:00,0.81195,0.81229,0.81128,0.81136,1140,19,0
2025-06-16 12:30:00,0.81137,0.81171,0.81083,0.81084,1080,19,0
2025-06-16 13:00:00,0.81083,0.81119,0.81057,0.81058,987,19,0
2025-06-16 13:30:00,0.81053,0.81067,0.80998,0.81043,916,19,0
2025-06-16 14:00:00,0.81042,0.81081,0.81019,0.8108,1318,18,0
2025-06-16 14:30:00,0.81079,0.81164,0.81061,0.81105,1369,18,0
2025-06-16 15:00:00,0.81105,0.81164,0.81089,0.81147,1884,18,0
2025-06-16 15:30:00,0.81145,0.81187,0.81091,0.81101,1793,18,0
2025-06-16 16:00:00,0.81099,0.8111,0.81005,0.81031,2118,18,0
2025-06-16 16:30:00,0.81029,0.81041,0.80913,0.80964,2880,18,0
2025-06-16 17:00:00,0.80963,0.80977,0.80881,0.80955,2635,18,0
2025-06-16 17:30:00,0.80953,0.81099,0.8093,0.81068,2897,18,0
2025-06-16 18:00:00,0.81067,0.81124,0.81053,0.81097,1821,18,0
2025-06-16 18:30:00,0.81094,0.81164,0.8109,0.81143,1507,18,0
2025-06-16 19:00:00,0.8114,0.8118,0.81103,0.81141,825,19,0
2025-06-16 19:30:00,0.81142,0.81201,0.81135,0.81162,787,19,0
2025-06-16 20:00:00,0.81162,0.81225,0.81151,0.81209,768,19,0
2025-06-16 20:30:00,0.8121,0.81239,0.81196,0.8121,578,19,0
2025-06-16 21:00:00,0.81211,0.81257,0.812,0.81246,612,19,0
2025-06-16 21:30:00,0.81248,0.81268,0.81222,0.81266,689,19,0
2025-06-16 22:00:00,0.81265,0.81377,0.81261,0.81366,837,19,0
2025-06-16 22:30:00,0.81367,0.81461,0.81355,0.81453,867,19,0
2025-06-16 23:00:00,0.81456,0.81459,0.81411,0.81434,402,20,0
2025-06-16 23:30:00,0.81435,0.81447,0.81324,0.81324,769,24,0
2025-06-17 00:00:00,0.81363,0.81395,0.81263,0.81292,62,87,0
2025-06-17 00:30:00,0.81296,0.81331,0.81281,0.81284,287,110,0
2025-06-17 01:00:00,0.81283,0.81423,0.8128,0.81415,425,21,0
2025-06-17 01:30:00,0.81414,0.81419,0.81338,0.81349,649,21,0
2025-06-17 02:00:00,0.81347,0.81377,0.81333,0.81353,613,19,0
2025-06-17 02:30:00,0.81354,0.81392,0.81344,0.81348,955,20,0
2025-06-17 03:00:00,0.81347,0.81408,0.81342,0.81402,1565,19,0
2025-06-17 03:30:00,0.81401,0.81454,0.8139,0.8144,1330,19,0
2025-06-17 04:00:00,0.81439,0.81441,0.81377,0.81404,1198,19,0
2025-06-17 04:30:00,0.81403,0.81409,0.81367,0.81389,960,19,0
2025-06-17 05:00:00,0.81388,0.81431,0.81375,0.81388,1315,19,0
2025-06-17 05:30:00,0.81389,0.81441,0.81379,0.81419,1308,19,0
2025-06-17 06:00:00,0.81418,0.81432,0.81365,0.81383,1011,19,0
2025-06-17 06:30:00,0.81381,0.81405,0.81357,0.81363,1357,19,0
2025-06-17 07:00:00,0.81364,0.81368,0.81278,0.81285,1105,19,0
2025-06-17 07:30:00,0.81284,0.81356,0.81281,0.81346,1010,19,0
2025-06-17 08:00:00,0.81347,0.81365,0.81318,0.81326,822,19,0
2025-06-17 08:30:00,0.81327,0.8135,0.8131,0.8131,1025,18,0
2025-06-17 09:00:00,0.81313,0.8137,0.81308,0.81332,918,19,0
2025-06-17 09:30:00,0.81331,0.81341,0.8122,0.81244,1819,19,0
2025-06-17 10:00:00,0.81244,0.81313,0.81241,0.81264,1848,19,0
2025-06-17 10:30:00,0.81262,0.8136,0.81194,0.81249,1884,19,0
2025-06-17 11:00:00,0.8125,0.81273,0.81206,0.81248,1410,19,0
2025-06-17 11:30:00,0.81249,0.81281,0.81214,0.81277,1225,19,0
2025-06-17 12:00:00,0.81285,0.81312,0.81245,0.81265,1744,19,0
2025-06-17 12:30:00,0.81264,0.81285,0.81236,0.81257,1275,19,0
2025-06-17 13:00:00,0.81258,0.81271,0.81227,0.81254,1026,19,0
2025-06-17 13:30:00,0.81256,0.81263,0.81202,0.81226,967,19,0
2025-06-17 14:00:00,0.81227,0.81241,0.812,0.81238,1153,18,0
2025-06-17 14:30:00,0.81237,0.81335,0.81204,0.81299,1606,18,0
2025-06-17 15:00:00,0.81299,0.81333,0.81265,0.81317,1622,18,0
2025-06-17 15:30:00,0.81316,0.81426,0.81216,0.81416,2954,18,0
2025-06-17 16:00:00,0.81417,0.81425,0.8133,0.81375,2040,18,0
2025-06-17 16:30:00,0.81376,0.81468,0.81368,0.81424,2508,18,0
2025-06-17 17:00:00,0.81426,0.81486,0.81382,0.81401,2394,18,0
2025-06-17 17:30:00,0.81402,0.81638,0.81402,0.81556,2949,18,0
2025-06-17 18:00:00,0.81557,0.81571,0.81411,0.8143,2130,18,0
2025-06-17 18:30:00,0.81429,0.81435,0.81373,0.81406,1747,18,0
2025-06-17 19:00:00,0.81408,0.81416,0.81316,0.81405,1165,19,0
2025-06-17 19:30:00,0.81406,0.81529,0.8138,0.81507,1467,19,0
2025-06-17 20:00:00,0.81506,0.81534,0.81463,0.81465,1408,19,0
2025-06-17 20:30:00,0.81466,0.81575,0.81449,0.81559,1710,19,0
2025-06-17 21:00:00,0.8156,0.81635,0.81554,0.81634,1170,19,0
2025-06-17 21:30:00,0.81633,0.81706,0.81607,0.81694,1052,19,0
2025-06-17 22:00:00,0.81693,0.81704,0.81659,0.81664,743,19,0
2025-06-17 22:30:00,0.81663,0.81674,0.81625,0.81633,723,19,0
2025-06-17 23:00:00,0.81634,0.81694,0.81628,0.8165,587,22,0
2025-06-17 23:30:00,0.81649,0.81671,0.81551,0.81553,809,23,0
2025-06-18 00:00:00,0.81511,0.81606,0.81444,0.8154,840,120,0
2025-06-18 00:30:00,0.81539,0.8158,0.81532,0.81571,249,120,0
2025-06-18 01:00:00,0.81569,0.81671,0.81546,0.81643,613,21,0
2025-06-18 01:30:00,0.81644,0.8171,0.81643,0.81703,648,21,0
2025-06-18 02:00:00,0.81702,0.81704,0.81671,0.8168,316,21,0
2025-06-18 02:30:00,0.81682,0.81722,0.81676,0.81682,459,20,0
2025-06-18 03:00:00,0.81684,0.81709,0.81628,0.81672,1313,21,0
2025-06-18 03:30:00,0.81671,0.81699,0.81637,0.81679,1339,19,0
2025-06-18 04:00:00,0.81678,0.81694,0.81619,0.81633,1120,19,0
2025-06-18 04:30:00,0.81632,0.81694,0.81622,0.81635,952,19,0
2025-06-18 05:00:00,0.81637,0.81657,0.8161,0.81635,844,19,0
2025-06-18 05:30:00,0.81636,0.81672,0.81622,0.81628,798,19,0
2025-06-18 06:00:00,0.81626,0.81637,0.81593,0.81614,847,19,0
2025-06-18 06:30:00,0.81615,0.81645,0.81597,0.81635,789,19,0
2025-06-18 07:00:00,0.81636,0.81675,0.81635,0.81651,461,19,0
2025-06-18 07:30:00,0.8165,0.81654,0.81611,0.81635,719,19,0
2025-06-18 08:00:00,0.81636,0.8165,0.81627,0.81631,982,19,0
2025-06-18 08:30:00,0.81632,0.81648,0.81612,0.81623,929,19,0
2025-06-18 09:00:00,0.8162,0.81673,0.81596,0.81605,1225,20,0
2025-06-18 09:30:00,0.81606,0.81618,0.81526,0.81535,1243,19,0
2025-06-18 10:00:00,0.81536,0.81699,0.81533,0.81685,1394,19,0
2025-06-18 10:30:00,0.81686,0.81708,0.81635,0.81644,1252,19,0
2025-06-18 11:00:00,0.81645,0.81716,0.81635,0.81678,1176,19,0
2025-06-18 11:30:00,0.81679,0.81726,0.81662,0.81709,1141,19,0
2025-06-18 12:00:00,0.8171,0.81786,0.81708,0.8174,1120,19,0
2025-06-18 12:30:00,0.81738,0.81792,0.81713,0.81769,1165,19,0
2025-06-18 13:00:00,0.8177,0.81787,0.81679,0.81702,1159,19,0
2025-06-18 13:30:00,0.81703,0.81737,0.81683,0.81694,1266,19,0
2025-06-18 14:00:00,0.81695,0.81809,0.81688,0.81797,1354,18,0
2025-06-18 14:30:00,0.81795,0.81809,0.8172,0.81721,1458,18,0
2025-06-18 15:00:00,0.81723,0.8175,0.81613,0.81668,1685,18,0
2025-06-18 15:30:00,0.81667,0.81727,0.81631,0.81658,1774,18,0
2025-06-18 16:00:00,0.8166,0.81743,0.81659,0.81702,1465,18,0
2025-06-18 16:30:00,0.81703,0.81766,0.81702,0.81737,2022,18,0
2025-06-18 17:00:00,0.81739,0.81772,0.81644,0.8175,3178,17,0
2025-06-18 17:30:00,0.81754,0.81823,0.81718,0.81774,2257,17,0
2025-06-18 18:00:00,0.81775,0.81789,0.81686,0.81688,1702,17,0
2025-06-18 18:30:00,0.81687,0.81759,0.81683,0.81733,1589,18,0
2025-06-18 19:00:00,0.81732,0.81732,0.81674,0.81714,920,19,0
2025-06-18 19:30:00,0.81716,0.81772,0.81697,0.81764,695,19,0
2025-06-18 20:00:00,0.81763,0.81763,0.81725,0.81744,660,19,0
2025-06-18 20:30:00,0.81745,0.81818,0.81734,0.81745,888,19,0
2025-06-18 21:00:00,0.81741,0.81779,0.81555,0.81696,4023,19,0
2025-06-18 21:30:00,0.81695,0.81907,0.81669,0.81903,3100,19,0
2025-06-18 22:00:00,0.819,0.81985,0.81867,0.8195,2803,19,0
2025-06-18 22:30:00,0.81952,0.81982,0.81904,0.81914,1674,19,0
2025-06-18 23:00:00,0.81916,0.81931,0.81856,0.81874,766,19,0
2025-06-18 23:30:00,0.81875,0.81875,0.81804,0.81805,951,23,0
2025-06-19 00:00:00,0.81853,0.81891,0.81766,0.81802,1465,89,0
2025-06-19 00:30:00,0.81801,0.81826,0.81722,0.81775,340,98,0
2025-06-19 01:00:00,0.81776,0.81838,0.81772,0.81814,219,20,0
2025-06-19 01:30:00,0.81815,0.81888,0.81814,0.81856,348,21,0
2025-06-19 02:00:00,0.81853,0.81899,0.81833,0.81885,513,21,0
2025-06-19 02:30:00,0.81884,0.81908,0.81858,0.81908,841,21,0
2025-06-19 03:00:00,0.81911,0.81915,0.81873,0.81876,1229,19,0
2025-06-19 03:30:00,0.81874,0.8191,0.81866,0.81891,1130,19,0
2025-06-19 04:00:00,0.8189,0.81973,0.81869,0.81938,1515,19,0
2025-06-19 04:30:00,0.81936,0.82024,0.81917,0.82014,1178,19,0
2025-06-19 05:00:00,0.82015,0.82017,0.81961,0.81997,1075,19,0
2025-06-19 05:30:00,0.81993,0.82014,0.8198,0.81999,668,19,0
2025-06-19 06:00:00,0.82,0.82047,0.81996,0.82009,727,19,0
2025-06-19 06:30:00,0.82008,0.82008,0.81952,0.81966,582,19,0
2025-06-19 07:00:00,0.81964,0.81968,0.81939,0.81942,595,19,0
2025-06-19 07:30:00,0.81941,0.81973,0.81932,0.81957,605,19,0
2025-06-19 08:00:00,0.81958,0.82,0.81956,0.81988,684,19,0
2025-06-19 08:30:00,0.81987,0.8206,0.81971,0.82021,1108,19,0
2025-06-19 09:00:00,0.82021,0.82123,0.82017,0.82109,1176,19,0
2025-06-19 09:30:00,0.82108,0.82144,0.82039,0.8207,1401,19,0
2025-06-19 10:00:00,0.82073,0.82129,0.81972,0.82051,1375,19,0
2025-06-19 10:30:00,0.82067,0.82067,0.81783,0.8186,2647,19,0
2025-06-19 11:00:00,0.81861,0.81935,0.81717,0.81717,2127,19,0
2025-06-19 11:30:00,0.81718,0.81755,0.81576,0.81596,1576,20,0
2025-06-19 12:00:00,0.81594,0.8167,0.81551,0.81649,1315,19,0
2025-06-19 12:30:00,0.8165,0.81714,0.81641,0.81713,1084,19,0
2025-06-19 13:00:00,0.81716,0.81768,0.81681,0.81759,1050,19,0
2025-06-19 13:30:00,0.81761,0.81822,0.81755,0.81775,995,19,0
2025-06-19 14:00:00,0.81774,0.81837,0.81727,0.8176,1210,19,0
2025-06-19 14:30:00,0.81761,0.81805,0.81724,0.81738,988,19,0
2025-06-19 15:00:00,0.81739,0.81828,0.81715,0.81816,1363,18,0
2025-06-19 15:30:00,0.81816,0.81824,0.81709,0.81745,1296,18,0
2025-06-19 16:00:00,0.81746,0.81751,0.81696,0.8172,1147,18,0
2025-06-19 16:30:00,0.81718,0.81779,0.81699,0.81771,1622,18,0
2025-06-19 17:00:00,0.81773,0.81883,0.81746,0.81878,1230,18,0
2025-06-19 17:30:00,0.81879,0.81937,0.81834,0.81889,1258,18,0
2025-06-19 18:00:00,0.81888,0.81907,0.81863,0.81901,1059,18,0
2025-06-19 18:30:00,0.81902,0.81903,0.81846,0.81892,846,18,0
2025-06-19 19:00:00,0.81894,0.81911,0.81878,0.81883,586,19,0
2025-06-19 19:30:00,0.81882,0.81897,0.81848,0.81872,540,19,0
2025-06-19 20:00:00,0.81875,0.8188,0.81822,0.81858,315,19,0
2025-06-19 20:30:00,0.81857,0.81861,0.8177,0.81789,535,19,0
2025-06-19 21:00:00,0.8179,0.81821,0.81756,0.81756,299,19,0
2025-06-19 21:30:00,0.81751,0.81753,0.8173,0.81746,216,19,0
2025-06-19 22:00:00,0.81744,0.81744,0.81612,0.81652,591,19,0
2025-06-19 22:30:00,0.81651,0.81669,0.81565,0.81603,711,19,0
2025-06-19 23:00:00,0.81607,0.81653,0.81607,0.81628,345,19,0
2025-06-19 23:30:00,0.8163,0.8164,0.81585,0.8161,813,23,0
2025-06-20 00:00:00,0.81548,0.81669,0.81501,0.81575,167,120,0
2025-06-20 00:30:00,0.81576,0.81693,0.8157,0.81606,195,120,0
2025-06-20 01:00:00,0.81624,0.81681,0.81578,0.81681,366,21,0
2025-06-20 01:30:00,0.81683,0.8171,0.81658,0.8168,444,21,0
2025-06-20 02:00:00,0.81676,0.81697,0.81605,0.81629,428,21,0
2025-06-20 02:30:00,0.81627,0.81642,0.81601,0.81634,634,19,0
2025-06-20 03:00:00,0.81633,0.81663,0.81582,0.8165,1103,19,0
2025-06-20 03:30:00,0.81649,0.81663,0.81574,0.81587,1206,19,0
2025-06-20 04:00:00,0.81588,0.81664,0.81575,0.81619,1250,19,0
2025-06-20 04:30:00,0.8162,0.81645,0.8159,0.81631,1089,19,0
2025-06-20 05:00:00,0.81632,0.81686,0.81599,0.81679,963,19,0
2025-06-20 05:30:00,0.81678,0.81693,0.81641,0.81683,1042,19,0
2025-06-20 06:00:00,0.81685,0.81698,0.81586,0.81627,1418,19,0
2025-06-20 06:30:00,0.81628,0.81664,0.81587,0.81604,836,19,0
2025-06-20 07:00:00,0.81605,0.81612,0.81549,0.816,757,19,0
2025-06-20 07:30:00,0.81599,0.81667,0.81575,0.81655,854,19,0
2025-06-20 08:00:00,0.81656,0.8168,0.81596,0.81671,847,19,0
2025-06-20 08:30:00,0.81675,0.81696,0.81551,0.81591,1368,19,0
2025-06-20 09:00:00,0.81594,0.81643,0.81576,0.81595,1214,18,0
2025-06-20 09:30:00,0.81597,0.81611,0.81512,0.81572,1340,19,0
2025-06-20 10:00:00,0.81577,0.81608,0.81562,0.81597,1050,19,0
2025-06-20 10:30:00,0.81598,0.81655,0.81596,0.81601,1005,19,0
2025-06-20 11:00:00,0.81601,0.81653,0.8159,0.8164,1086,19,0
2025-06-20 11:30:00,0.81641,0.81648,0.81565,0.81589,953,19,0
2025-06-20 12:00:00,0.8159,0.81641,0.81567,0.8164,877,19,0
2025-06-20 12:30:00,0.81638,0.81667,0.81631,0.81644,972,19,0
2025-06-20 13:00:00,0.81641,0.81666,0.8161,0.81635,754,19,0
2025-06-20 13:30:00,0.81634,0.81678,0.8162,0.81673,762,19,0
2025-06-20 14:00:00,0.81675,0.81762,0.81666,0.81756,1044,18,0
2025-06-20 14:30:00,0.81756,0.81786,0.81662,0.81693,1746,18,0
2025-06-20 15:00:00,0.81695,0.81762,0.81691,0.81744,1516,18,0
2025-06-20 15:30:00,0.8174,0.81755,0.81624,0.81704,2652,18,0
2025-06-20 16:00:00,0.81703,0.81703,0.81647,0.81667,1642,18,0
2025-06-20 16:30:00,0.81668,0.81801,0.81663,0.81718,2104,18,0
2025-06-20 17:00:00,0.81719,0.81825,0.81712,0.81752,1880,18,0
2025-06-20 17:30:00,0.81753,0.81822,0.81732,0.81764,2627,18,0
2025-06-20 18:00:00,0.81765,0.81766,0.8165,0.81697,2133,18,0
2025-06-20 18:30:00,0.81698,0.81751,0.8168,0.81745,1568,18,0
2025-06-20 19:00:00,0.81745,0.81754,0.81697,0.81708,826,19,0
2025-06-20 19:30:00,0.81707,0.81711,0.8165,0.81657,827,19,0
2025-06-20 20:00:00,0.81658,0.81671,0.8163,0.8165,701,19,0
2025-06-20 20:30:00,0.81648,0.81684,0.81617,0.81679,695,19,0
2025-06-20 21:00:00,0.8168,0.81685,0.8165,0.81658,479,19,0
2025-06-20 21:30:00,0.81658,0.81714,0.81657,0.8171,518,19,0
2025-06-20 22:00:00,0.81711,0.81725,0.81689,0.81689,449,19,0
2025-06-20 22:30:00,0.81686,0.81809,0.81685,0.81801,671,19,0
2025-06-20 23:00:00,0.81799,0.8182,0.81766,0.81813,537,21,0
2025-06-20 23:30:00,0.81812,0.81825,0.81716,0.81719,467,23,0
2025-06-23 00:00:00,0.81654,0.81701,0.81654,0.81675,53,120,0
2025-06-23 00:30:00,0.81679,0.81729,0.81605,0.81719,198,120,0
2025-06-23 01:00:00,0.8172,0.81787,0.81629,0.81744,1623,21,0
2025-06-23 01:30:00,0.81741,0.81858,0.8174,0.81811,1081,20,0
2025-06-23 02:00:00,0.81808,0.81841,0.81758,0.81762,910,21,0
2025-06-23 02:30:00,0.81768,0.81785,0.81723,0.8177,1305,19,0
2025-06-23 03:00:00,0.81767,0.81919,0.81727,0.81898,2243,20,0
2025-06-23 03:30:00,0.81902,0.81939,0.81853,0.81858,2178,19,0
2025-06-23 04:00:00,0.81857,0.81937,0.81825,0.81928,1925,19,0
2025-06-23 04:30:00,0.81927,0.8193,0.81838,0.81854,1491,19,0
2025-06-23 05:00:00,0.81853,0.8186,0.81748,0.81753,1301,19,0
2025-06-23 05:30:00,0.81752,0.81758,0.81709,0.81753,1084,19,0
2025-06-23 06:00:00,0.81755,0.8179,0.8173,0.81743,1332,19,0
2025-06-23 06:30:00,0.81742,0.81794,0.81727,0.81763,1262,19,0
2025-06-23 07:00:00,0.81764,0.81817,0.81753,0.81804,1145,19,0
2025-06-23 07:30:00,0.81805,0.81828,0.81772,0.81806,1239,19,0
2025-06-23 08:00:00,0.81807,0.81822,0.81742,0.81767,1428,19,0
2025-06-23 08:30:00,0.8177,0.81788,0.81701,0.81714,1309,19,0
2025-06-23 09:00:00,0.81712,0.81749,0.81658,0.81744,1608,19,0
2025-06-23 09:30:00,0.81745,0.81748,0.81639,0.81647,1667,19,0
2025-06-23 10:00:00,0.81644,0.81731,0.81578,0.81727,2252,18,0
2025-06-23 10:30:00,0.81719,0.81743,0.81607,0.81679,2024,19,0
2025-06-23 11:00:00,0.8168,0.81737,0.81642,0.81703,1836,19,0
2025-06-23 11:30:00,0.81702,0.81802,0.81697,0.81787,1606,19,0
2025-06-23 12:00:00,0.81786,0.81903,0.81785,0.81885,2072,19,0
2025-06-23 12:30:00,0.81886,0.819,0.81741,0.81808,1853,19,0
2025-06-23 13:00:00,0.8181,0.81852,0.81757,0.81843,1624,19,0
2025-06-23 13:30:00,0.81844,0.81897,0.8182,0.81853,1404,19,0
2025-06-23 14:00:00,0.81849,0.8187,0.81761,0.81864,1690,18,0
2025-06-23 14:30:00,0.81864,0.81869,0.8172,0.81749,1853,18,0
2025-06-23 15:00:00,0.81748,0.81893,0.81721,0.81892,2041,18,0
2025-06-23 15:30:00,0.81895,0.81929,0.81791,0.81817,1962,18,0
2025-06-23 16:00:00,0.81818,0.81868,0.818,0.81802,1991,18,0
2025-06-23 16:30:00,0.81803,0.81822,0.81673,0.81723,3128,17,0
2025-06-23 17:00:00,0.81724,0.81745,0.81486,0.81556,4298,18,0
2025-06-23 17:30:00,0.81558,0.81581,0.8127,0.81363,3476,18,0
2025-06-23 18:00:00,0.81363,0.81399,0.81214,0.81248,2977,18,0
2025-06-23 18:30:00,0.81251,0.81336,0.81216,0.81326,2287,18,0
2025-06-23 19:00:00,0.81322,0.8136,0.81288,0.81322,1434,19,0
2025-06-23 19:30:00,0.81321,0.8143,0.81246,0.81303,2458,19,0
2025-06-23 20:00:00,0.81302,0.81344,0.81231,0.81258,1831,19,0
2025-06-23 20:30:00,0.81257,0.81258,0.81186,0.81224,1596,19,0
2025-06-23 21:00:00,0.81228,0.81229,0.8115,0.81206,1303,19,0
2025-06-23 21:30:00,0.81207,0.81257,0.81195,0.81231,1409,19,0
2025-06-23 22:00:00,0.8123,0.81236,0.81173,0.81211,997,19,0
2025-06-23 22:30:00,0.81213,0.81221,0.81173,0.81175,889,19,0
2025-06-23 23:00:00,0.81176,0.8121,0.81141,0.81186,559,19,0
2025-06-23 23:30:00,0.81187,0.81268,0.81185,0.81193,604,23,0
2025-06-24 00:00:00,0.81197,0.81265,0.81116,0.81182,114,114,0
2025-06-24 00:30:00,0.81183,0.81186,0.81164,0.81169,352,120,0
2025-06-24 01:00:00,0.8117,0.81244,0.81164,0.81189,864,21,0
2025-06-24 01:30:00,0.81186,0.81244,0.81176,0.81232,715,21,0
2025-06-24 02:00:00,0.8123,0.81269,0.81163,0.81232,1036,21,0
2025-06-24 02:30:00,0.81231,0.81268,0.81186,0.81261,934,19,0
2025-06-24 03:00:00,0.8126,0.81303,0.81229,0.81259,1468,19,0
2025-06-24 03:30:00,0.81257,0.8126,0.81146,0.81207,2031,19,0
2025-06-24 04:00:00,0.81208,0.81231,0.81149,0.81229,1540,19,0
2025-06-24 04:30:00,0.81227,0.81293,0.81214,0.81288,1464,19,0
2025-06-24 05:00:00,0.81289,0.81296,0.81221,0.81224,1146,19,0
2025-06-24 05:30:00,0.81221,0.81229,0.8118,0.81198,959,19,0
2025-06-24 06:00:00,0.81196,0.81199,0.81148,0.81152,868,19,0
2025-06-24 06:30:00,0.81155,0.81166,0.81116,0.81158,816,19,0
2025-06-24 07:00:00,0.81157,0.81189,0.81146,0.8116,919,19,0
2025-06-24 07:30:00,0.81159,0.81178,0.81122,0.81173,754,19,0
2025-06-24 08:00:00,0.81176,0.8121,0.81175,0.81206,830,19,0
2025-06-24 08:30:00,0.81205,0.81207,0.81108,0.81108,1207,19,0
2025-06-24 09:00:00,0.8111,0.81147,0.81038,0.81105,1843,20,0
2025-06-24 09:30:00,0.81108,0.81188,0.81091,0.81159,1940,19,0
2025-06-24 10:00:00,0.81158,0.81194,0.81122,0.81148,2302,19,0
2025-06-24 10:30:00,0.81149,0.81248,0.8112,0.81177,2425,18,0
2025-06-24 11:00:00,0.81176,0.81198,0.8111,0.81148,1938,18,0
2025-06-24 11:30:00,0.81147,0.81175,0.81107,0.81127,1559,19,0
2025-06-24 12:00:00,0.8113,0.81134,0.81005,0.81019,1674,19,0
2025-06-24 12:30:00,0.81019,0.81037,0.80969,0.81013,1367,19,0
2025-06-24 13:00:00,0.81016,0.81071,0.81016,0.81036,1071,19,0
2025-06-24 13:30:00,0.81035,0.81067,0.80994,0.81013,1026,19,0
2025-06-24 14:00:00,0.81012,0.81024,0.80913,0.80915,1582,18,0
2025-06-24 14:30:00,0.80914,0.80915,0.80842,0.80848,1725,18,0
2025-06-24 15:00:00,0.80852,0.80901,0.8084,0.809,1708,17,0
2025-06-24 15:30:00,0.80897,0.80935,0.8078,0.80818,2240,18,0
2025-06-24 16:00:00,0.80817,0.80895,0.80769,0.8086,2129,20,0
2025-06-24 16:30:00,0.80861,0.8094,0.80799,0.8081,2432,17,0
2025-06-24 17:00:00,0.80811,0.80833,0.80402,0.80475,3633,17,0
2025-06-24 17:30:00,0.80473,0.80547,0.80402,0.80522,3169,18,0
2025-06-24 18:00:00,0.80521,0.80529,0.80387,0.80442,2464,18,0
2025-06-24 18:30:00,0.80441,0.80509,0.8042,0.80488,1968,18,0
2025-06-24 19:00:00,0.80487,0.8056,0.80469,0.80509,1204,19,0
2025-06-24 19:30:00,0.80507,0.80517,0.80389,0.80407,1162,19,0
2025-06-24 20:00:00,0.80408,0.80441,0.80336,0.804,903,19,0
2025-06-24 20:30:00,0.80395,0.80443,0.8039,0.80419,767,19,0
2025-06-24 21:00:00,0.80417,0.80439,0.80356,0.80418,739,19,0
2025-06-24 21:30:00,0.80419,0.80434,0.80401,0.80429,649,19,0
2025-06-24 22:00:00,0.8043,0.80485,0.80416,0.80471,717,19,0
2025-06-24 22:30:00,0.8047,0.80514,0.80462,0.80508,691,19,0
2025-06-24 23:00:00,0.80509,0.80537,0.80502,0.80504,476,19,0
2025-06-24 23:30:00,0.80505,0.80542,0.80492,0.80495,492,23,0
2025-06-25 00:00:00,0.8047,0.805,0.8047,0.80492,69,101,0
2025-06-25 00:30:00,0.80492,0.80508,0.80453,0.80481,100,95,0
2025-06-25 01:00:00,0.80475,0.80564,0.80471,0.8053,495,21,0
2025-06-25 01:30:00,0.80527,0.8053,0.80504,0.80517,231,21,0
2025-06-25 02:00:00,0.80516,0.80524,0.80461,0.80477,303,21,0
2025-06-25 02:30:00,0.80478,0.80516,0.80461,0.80511,465,20,0
2025-06-25 03:00:00,0.80512,0.80521,0.80446,0.80461,1654,20,0
2025-06-25 03:30:00,0.8046,0.805,0.80437,0.80449,1229,19,0
2025-06-25 04:00:00,0.8045,0.80501,0.80417,0.80499,999,19,0
2025-06-25 04:30:00,0.805,0.8051,0.80448,0.80451,1004,19,0
2025-06-25 05:00:00,0.80452,0.80503,0.80439,0.80497,892,19,0
2025-06-25 05:30:00,0.80498,0.80524,0.80486,0.80499,707,19,0
2025-06-25 06:00:00,0.80498,0.80549,0.80489,0.80498,684,19,0
2025-06-25 06:30:00,0.80497,0.80554,0.80494,0.8055,619,19,0
2025-06-25 07:00:00,0.80549,0.80551,0.80493,0.80505,529,19,0
2025-06-25 07:30:00,0.80503,0.80518,0.8049,0.80503,521,19,0
2025-06-25 08:00:00,0.80504,0.80541,0.80502,0.80534,748,19,0
2025-06-25 08:30:00,0.80533,0.80535,0.80443,0.80467,725,19,0
2025-06-25 09:00:00,0.80472,0.80505,0.8043,0.8044,838,19,0
2025-06-25 09:30:00,0.80441,0.80557,0.80441,0.80546,1277,19,0
2025-06-25 10:00:00,0.80545,0.80574,0.80467,0.80479,1394,19,0
2025-06-25 10:30:00,0.8048,0.80532,0.80393,0.80525,1463,19,0
2025-06-25 11:00:00,0.80524,0.80549,0.80494,0.80541,1142,19,0
2025-06-25 11:30:00,0.80542,0.80577,0.80501,0.80536,1223,19,0
2025-06-25 12:00:00,0.80535,0.80736,0.80527,0.80735,1309,19,0
2025-06-25 12:30:00,0.80736,0.80791,0.80641,0.80645,1334,19,0
2025-06-25 13:00:00,0.80646,0.80655,0.80583,0.80584,906,19,0
2025-06-25 13:30:00,0.80583,0.80671,0.80581,0.80654,887,19,0
2025-06-25 14:00:00,0.80655,0.80685,0.8059,0.80655,983,18,0
2025-06-25 14:30:00,0.80656,0.80683,0.80627,0.80655,1076,18,0
2025-06-25 15:00:00,0.80656,0.80709,0.80635,0.80696,1136,18,0
2025-06-25 15:30:00,0.80698,0.80735,0.80675,0.80708,1381,18,0
2025-06-25 16:00:00,0.80707,0.80738,0.80613,0.80624,1143,18,0
2025-06-25 16:30:00,0.80623,0.80698,0.80597,0.80678,1549,18,0
2025-06-25 17:00:00,0.80677,0.80682,0.80567,0.80568,1980,18,0
2025-06-25 17:30:00,0.80565,0.80613,0.8056,0.80578,2021,18,0
2025-06-25 18:00:00,0.80579,0.8062,0.80546,0.80565,1411,18,0
2025-06-25 18:30:00,0.80564,0.80573,0.80523,0.80564,1235,18,0
2025-06-25 19:00:00,0.80563,0.80563,0.80467,0.80476,773,19,0
2025-06-25 19:30:00,0.80477,0.80521,0.80466,0.80509,751,19,0
2025-06-25 20:00:00,0.80508,0.80568,0.80508,0.80535,716,19,0
2025-06-25 20:30:00,0.80534,0.80547,0.8049,0.80497,777,19,0
2025-06-25 21:00:00,0.80496,0.80504,0.80457,0.80457,681,19,0
2025-06-25 21:30:00,0.80455,0.80458,0.80396,0.80405,846,19,0
2025-06-25 22:00:00,0.80404,0.80412,0.80386,0.80392,656,19,0
2025-06-25 22:30:00,0.80393,0.80467,0.80391,0.80465,520,19,0
2025-06-25 23:00:00,0.80463,0.80495,0.80435,0.80486,443,20,0
2025-06-25 23:30:00,0.80485,0.8051,0.80416,0.80416,501,23,0
2025-06-26 00:00:00,0.80416,0.80468,0.8039,0.80445,86,87,0
2025-06-26 00:30:00,0.80446,0.80447,0.8043,0.80445,164,120,0
2025-06-26 01:00:00,0.80443,0.80486,0.80399,0.80469,265,21,0
2025-06-26 01:30:00,0.80467,0.80469,0.8044,0.80449,311,21,0
2025-06-26 02:00:00,0.80448,0.80453,0.80387,0.80405,647,20,0
2025-06-26 02:30:00,0.80406,0.80407,0.80359,0.80371,612,19,0
2025-06-26 03:00:00,0.80373,0.80373,0.80311,0.80326,1074,19,0
2025-06-26 03:30:00,0.80325,0.80362,0.80315,0.80346,957,19,0
2025-06-26 04:00:00,0.80345,0.80428,0.80336,0.80393,1079,19,0
2025-06-26 04:30:00,0.80392,0.80403,0.80334,0.80344,1178,19,0
2025-06-26 05:00:00,0.80344,0.80384,0.8034,0.80348,748,19,0
2025-06-26 05:30:00,0.80349,0.8037,0.80316,0.80339,913,19,0
2025-06-26 06:00:00,0.8034,0.80343,0.80227,0.8028,1215,19,0
2025-06-26 06:30:00,0.80283,0.80331,0.80282,0.80317,743,19,0
2025-06-26 07:00:00,0.80316,0.80381,0.80316,0.80356,854,19,0
2025-06-26 07:30:00,0.80355,0.80366,0.80329,0.80352,576,19,0
2025-06-26 08:00:00,0.80355,0.80405,0.80343,0.80347,681,19,0
2025-06-26 08:30:00,0.80348,0.80391,0.80311,0.8032,783,19,0
2025-06-26 09:00:00,0.80316,0.80395,0.80316,0.80359,1352,19,0
2025-06-26 09:30:00,0.8036,0.80364,0.80209,0.80217,1470,19,0
2025-06-26 10:00:00,0.80218,0.80234,0.80092,0.80142,1855,19,0
2025-06-26 10:30:00,0.80139,0.80182,0.80094,0.80128,1685,19,0
2025-06-26 11:00:00,0.80127,0.80168,0.79856,0.79917,2248,19,0
2025-06-26 11:30:00,0.79918,0.79966,0.79795,0.79941,2297,19,0
2025-06-26 12:00:00,0.79943,0.8007,0.7993,0.80024,1512,19,0
2025-06-26 12:30:00,0.80025,0.80034,0.79944,0.80014,1285,19,0
2025-06-26 13:00:00,0.80015,0.80044,0.79968,0.79988,1235,19,0
2025-06-26 13:30:00,0.7999,0.80072,0.79984,0.8006,1263,18,0
2025-06-26 14:00:00,0.80059,0.80198,0.8005,0.80171,1407,20,0
2025-06-26 14:30:00,0.80175,0.80204,0.80131,0.80178,1441,18,0
2025-06-26 15:00:00,0.80177,0.80195,0.79971,0.79985,1664,18,0
2025-06-26 15:30:00,0.80013,0.80155,0.79959,0.80011,3318,20,0
2025-06-26 16:00:00,0.80012,0.80111,0.79868,0.79876,2641,18,0
2025-06-26 16:30:00,0.79875,0.79951,0.79839,0.7992,2479,18,0
2025-06-26 17:00:00,0.79919,0.80033,0.79918,0.80023,2467,18,0
2025-06-26 17:30:00,0.80027,0.80027,0.79915,0.79974,2867,18,0
2025-06-26 18:00:00,0.79975,0.80069,0.79969,0.80042,2339,18,0
2025-06-26 18:30:00,0.80039,0.8004,0.79893,0.79894,1550,18,0
2025-06-26 19:00:00,0.79893,0.79935,0.79845,0.79847,1041,19,0
2025-06-26 19:30:00,0.79846,0.79887,0.79773,0.79886,1030,19,0
2025-06-26 20:00:00,0.79888,0.79922,0.79857,0.79896,1219,19,0
2025-06-26 20:30:00,0.79894,0.79928,0.79878,0.7991,885,19,0
2025-06-26 21:00:00,0.79911,0.79946,0.7989,0.79933,778,19,0
2025-06-26 21:30:00,0.79932,0.79951,0.79894,0.79904,583,19,0
2025-06-26 22:00:00,0.79905,0.80002,0.79899,0.79961,769,19,0
2025-06-26 22:30:00,0.7996,0.79991,0.79934,0.79981,878,19,0
2025-06-26 23:00:00,0.7998,0.80047,0.79951,0.80026,560,19,0
2025-06-26 23:30:00,0.80027,0.80035,0.79954,0.79954,780,23,0
2025-06-27 00:00:00,0.79953,0.7999,0.7988,0.79979,61,120,0
2025-06-27 00:30:00,0.79982,0.79994,0.79921,0.7994,320,99,0
2025-06-27 01:00:00,0.79938,0.8008,0.79934,0.80057,332,21,0
2025-06-27 01:30:00,0.80056,0.80142,0.80056,0.80132,229,21,0
2025-06-27 02:00:00,0.80131,0.80132,0.80058,0.80076,584,21,0
2025-06-27 02:30:00,0.80086,0.80108,0.80039,0.80076,805,19,0
2025-06-27 03:00:00,0.80073,0.80136,0.80056,0.8012,1459,19,0
2025-06-27 03:30:00,0.80118,0.80147,0.80069,0.80106,1335,19,0
2025-06-27 04:00:00,0.8011,0.80129,0.80081,0.80099,962,19,0
2025-06-27 04:30:00,0.80098,0.80148,0.80024,0.80052,1291,19,0
2025-06-27 05:00:00,0.80053,0.80068,0.80016,0.80061,893,19,0
2025-06-27 05:30:00,0.8006,0.80086,0.80041,0.80063,805,19,0
2025-06-27 06:00:00,0.80064,0.80074,0.79994,0.80008,601,19,0
2025-06-27 06:30:00,0.8001,0.80076,0.80005,0.80063,914,19,0
2025-06-27 07:00:00,0.80064,0.80097,0.80053,0.80097,811,19,0
2025-06-27 07:30:00,0.80096,0.80127,0.80088,0.80124,607,19,0
2025-06-27 08:00:00,0.80122,0.8015,0.80102,0.80119,837,20,0
2025-06-27 08:30:00,0.80121,0.80161,0.80091,0.80094,954,19,0
2025-06-27 09:00:00,0.80091,0.80172,0.80027,0.80032,1064,19,0
2025-06-27 09:30:00,0.80031,0.80048,0.79947,0.79959,1542,19,0
2025-06-27 10:00:00,0.79958,0.80049,0.79898,0.80028,1891,19,0
2025-06-27 10:30:00,0.80027,0.80036,0.79932,0.79932,1367,19,0
2025-06-27 11:00:00,0.7993,0.79946,0.79848,0.79876,1397,19,0
2025-06-27 11:30:00,0.79878,0.79907,0.79772,0.79831,1353,19,0
2025-06-27 12:00:00,0.79829,0.79877,0.79777,0.79797,1184,19,0
2025-06-27 12:30:00,0.79796,0.79836,0.7978,0.79822,1225,19,0
2025-06-27 13:00:00,0.79823,0.79849,0.79781,0.79835,1160,19,0
2025-06-27 13:30:00,0.79836,0.79856,0.79808,0.79835,1098,19,0
2025-06-27 14:00:00,0.79835,0.79872,0.79785,0.79839,1074,18,0
2025-06-27 14:30:00,0.79836,0.79912,0.79817,0.79869,1315,19,0
2025-06-27 15:00:00,0.79868,0.79956,0.79832,0.79837,1815,18,0
2025-06-27 15:30:00,0.79837,0.79862,0.79599,0.79627,3269,19,0
2025-06-27 16:00:00,0.79626,0.79854,0.79567,0.79848,2796,18,0
2025-06-27 16:30:00,0.79849,0.79979,0.79839,0.79881,2316,18,0
2025-06-27 17:00:00,0.79882,0.80015,0.79838,0.80013,2081,18,0
2025-06-27 17:30:00,0.80009,0.80067,0.79936,0.79948,2498,18,0
2025-06-27 18:00:00,0.79947,0.79959,0.79853,0.79891,1774,18,0
2025-06-27 18:30:00,0.7989,0.799,0.7981,0.79887,1485,18,0
2025-06-27 19:00:00,0.79888,0.79906,0.7986,0.79862,854,19,0
2025-06-27 19:30:00,0.79863,0.79927,0.79846,0.79916,830,19,0
2025-06-27 20:00:00,0.79917,0.80021,0.79911,0.7999,931,19,0
2025-06-27 20:30:00,0.79989,0.80037,0.79979,0.79997,1656,19,0
2025-06-27 21:00:00,0.79998,0.80019,0.79961,0.79996,1391,19,0
2025-06-27 21:30:00,0.79997,0.80062,0.79944,0.79968,1212,19,0
2025-06-27 22:00:00,0.79967,0.79981,0.79937,0.79939,670,19,0
2025-06-27 22:30:00,0.79936,0.79982,0.79928,0.79967,873,19,0
2025-06-27 23:00:00,0.79969,0.7997,0.79914,0.7993,548,20,0
2025-06-27 23:30:00,0.79925,0.79927,0.79807,0.79819,466,23,0
2025-06-30 00:00:00,0.79876,0.79876,0.79806,0.79828,30,101,0
2025-06-30 00:30:00,0.79827,0.79869,0.79822,0.79869,13,120,0
2025-06-30 01:00:00,0.79868,0.79915,0.79807,0.79913,1679,20,0
2025-06-30 01:30:00,0.7991,0.79912,0.79838,0.79849,990,21,0
2025-06-30 02:00:00,0.79848,0.79857,0.79804,0.79835,515,21,0
2025-06-30 02:30:00,0.79836,0.79844,0.79815,0.7982,497,19,0
2025-06-30 03:00:00,0.79821,0.79885,0.79812,0.79863,765,19,0
2025-06-30 03:30:00,0.79864,0.79935,0.79863,0.79895,961,19,0
2025-06-30 04:00:00,0.79893,0.79925,0.79831,0.7984,958,19,0
2025-06-30 04:30:00,0.79839,0.79865,0.79808,0.79862,995,19,0
2025-06-30 05:00:00,0.79861,0.7987,0.79814,0.79819,1134,19,0
2025-06-30 05:30:00,0.79818,0.79879,0.79813,0.79877,1046,19,0
2025-06-30 06:00:00,0.79878,0.79899,0.79875,0.7989,919,19,0
2025-06-30 06:30:00,0.79893,0.79924,0.79884,0.79917,625,19,0
2025-06-30 07:00:00,0.79916,0.79918,0.79884,0.799,654,19,0
2025-06-30 07:30:00,0.79899,0.79902,0.79821,0.79827,611,19,0
2025-06-30 08:00:00,0.79826,0.79826,0.79718,0.79742,896,20,0
2025-06-30 08:30:00,0.79743,0.7982,0.79723,0.79815,916,19,0
2025-06-30 09:00:00,0.79818,0.79863,0.79809,0.79825,1010,19,0
2025-06-30 09:30:00,0.79826,0.79834,0.79719,0.79762,1363,19,0
2025-06-30 10:00:00,0.79761,0.79807,0.7973,0.79806,1726,20,0
2025-06-30 10:30:00,0.79805,0.79921,0.79722,0.79896,1726,19,0
2025-06-30 11:00:00,0.79895,0.79929,0.79843,0.79868,1796,19,0
2025-06-30 11:30:00,0.79869,0.7988,0.79744,0.79748,1477,20,0
2025-06-30 12:00:00,0.79749,0.79776,0.79647,0.79675,1343,19,0
2025-06-30 12:30:00,0.79676,0.79745,0.79639,0.7974,1519,19,0
2025-06-30 13:00:00,0.79739,0.79777,0.79693,0.79695,1042,19,0
2025-06-30 13:30:00,0.79696,0.7972,0.79681,0.79685,903,19,0
2025-06-30 14:00:00,0.79684,0.79709,0.7966,0.79668,1232,18,0
2025-06-30 14:30:00,0.79669,0.79725,0.79616,0.79725,1331,18,0
2025-06-30 15:00:00,0.79723,0.79779,0.79702,0.79758,1225,18,0
2025-06-30 15:30:00,0.79759,0.79822,0.79753,0.79797,1250,18,0
2025-06-30 16:00:00,0.79796,0.79819,0.79759,0.7977,1405,18,0
2025-06-30 16:30:00,0.79769,0.79785,0.79718,0.79718,1780,18,0
2025-06-30 17:00:00,0.79717,0.79796,0.79597,0.79625,2153,19,0
2025-06-30 17:30:00,0.79624,0.79735,0.79497,0.79588,3284,20,0
2025-06-30 18:00:00,0.7959,0.79615,0.79447,0.79522,2363,18,0
2025-06-30 18:30:00,0.7952,0.79544,0.79376,0.79381,1975,18,0
2025-06-30 19:00:00,0.7938,0.79516,0.79371,0.79488,1257,19,0
2025-06-30 19:30:00,0.79485,0.79528,0.79405,0.79409,1104,19,0
2025-06-30 20:00:00,0.7941,0.7941,0.79304,0.79331,826,19,0
2025-06-30 20:30:00,0.79334,0.79393,0.79327,0.79357,813,19,0
2025-06-30 21:00:00,0.79352,0.79358,0.79294,0.79321,906,19,0
2025-06-30 21:30:00,0.79317,0.79332,0.79294,0.79325,692,19,0
2025-06-30 22:00:00,0.79326,0.79355,0.79308,0.7934,489,19,0
2025-06-30 22:30:00,0.79341,0.79363,0.79321,0.7933,712,19,0
2025-06-30 23:00:00,0.79329,0.79339,0.79283,0.79289,437,22,0
2025-06-30 23:30:00,0.79288,0.79308,0.7928,0.79288,725,24,0
2025-07-01 00:00:00,0.79265,0.79334,0.79264,0.79296,75,87,0
2025-07-01 00:30:00,0.7931,0.79321,0.79265,0.7927,108,87,0
2025-07-01 01:00:00,0.79298,0.7933,0.79268,0.79277,416,19,0
2025-07-01 01:30:00,0.79276,0.79304,0.79266,0.79296,210,19,0
2025-07-01 02:00:00,0.79297,0.79303,0.79286,0.79294,214,19,0
2025-07-01 02:30:00,0.79287,0.79309,0.79267,0.79274,318,19,0
2025-07-01 03:00:00,0.79273,0.79274,0.79179,0.79215,1207,21,0
2025-07-01 03:30:00,0.79214,0.79235,0.7918,0.79183,939,20,0
2025-07-01 04:00:00,0.79182,0.79235,0.79139,0.792,1063,19,0
2025-07-01 04:30:00,0.79202,0.7929,0.79202,0.79287,903,19,0
2025-07-01 05:00:00,0.79291,0.79301,0.7925,0.79261,800,19,0
2025-07-01 05:30:00,0.7926,0.7926,0.79224,0.79241,581,19,0
2025-07-01 06:00:00,0.79242,0.79246,0.79179,0.79204,759,19,0
2025-07-01 06:30:00,0.79205,0.79245,0.79195,0.7922,595,19,0
2025-07-01 07:00:00,0.79219,0.79234,0.79168,0.79224,820,19,0
2025-07-01 07:30:00,0.79223,0.79261,0.79223,0.7924,521,19,0
2025-07-01 08:00:00,0.79239,0.7924,0.79187,0.79195,718,19,0
2025-07-01 08:30:00,0.79193,0.79239,0.79179,0.79192,815,19,0
2025-07-01 09:00:00,0.79193,0.79225,0.79185,0.7919,1036,19,0
2025-07-01 09:30:00,0.79191,0.79232,0.79158,0.79197,1246,19,0
2025-07-01 10:00:00,0.79198,0.79272,0.79071,0.79111,1843,19,0
2025-07-01 10:30:00,0.79108,0.79125,0.79026,0.79031,1410,19,0
2025-07-01 11:00:00,0.79038,0.79087,0.7897,0.78976,1743,19,0
2025-07-01 11:30:00,0.78974,0.7906,0.78878,0.78964,1900,19,0
2025-07-01 12:00:00,0.78965,0.78984,0.78827,0.78829,1866,19,0
2025-07-01 12:30:00,0.78827,0.78828,0.78739,0.78807,2004,19,0
2025-07-01 13:00:00,0.78804,0.78831,0.78712,0.78804,1571,19,0
2025-07-01 13:30:00,0.78808,0.78858,0.78777,0.78858,1179,19,0
2025-07-01 14:00:00,0.78859,0.78891,0.78809,0.78881,1210,18,0
2025-07-01 14:30:00,0.7888,0.78913,0.78814,0.78835,1665,18,0
2025-07-01 15:00:00,0.78834,0.78969,0.7883,0.78965,1803,19,0
2025-07-01 15:30:00,0.78966,0.7902,0.78957,0.79008,1751,18,0
2025-07-01 16:00:00,0.79007,0.79043,0.78956,0.79015,1513,17,0
2025-07-01 16:30:00,0.79018,0.79053,0.78867,0.7893,2456,17,0
2025-07-01 17:00:00,0.7893,0.7912,0.78892,0.78993,3290,18,0
2025-07-01 17:30:00,0.78994,0.7926,0.78966,0.79161,3579,19,0
2025-07-01 18:00:00,0.7916,0.7928,0.79158,0.79238,2367,18,0
2025-07-01 18:30:00,0.79239,0.79348,0.79176,0.79282,2119,18,0
2025-07-01 19:00:00,0.79281,0.79425,0.79279,0.79341,1748,19,0
2025-07-01 19:30:00,0.7934,0.79371,0.79304,0.79348,1346,19,0
2025-07-01 20:00:00,0.79347,0.79368,0.79283,0.79305,1012,19,0
2025-07-01 20:30:00,0.79302,0.79303,0.79247,0.79247,739,19,0
2025-07-01 21:00:00,0.79246,0.79289,0.79231,0.79271,588,19,0
2025-07-01 21:30:00,0.79271,0.79293,0.79255,0.79256,781,19,0
2025-07-01 22:00:00,0.79258,0.79266,0.79197,0.79261,983,19,0
2025-07-01 22:30:00,0.79262,0.7928,0.79221,0.79226,799,19,0
2025-07-01 23:00:00,0.79226,0.79226,0.79162,0.7917,565,20,0
2025-07-01 23:30:00,0.79169,0.79169,0.79037,0.79037,1095,23,0
2025-07-02 00:00:00,0.7897,0.79062,0.7886,0.79054,163,91,0
2025-07-02 00:30:00,0.79053,0.79118,0.79045,0.79059,86,120,0
2025-07-02 01:00:00,0.79057,0.79117,0.79009,0.79107,307,21,0
2025-07-02 01:30:00,0.79106,0.79116,0.79088,0.79115,145,22,0
2025-07-02 02:00:00,0.79114,0.79116,0.79076,0.79077,305,22,0
2025-07-02 02:30:00,0.79072,0.79076,0.79047,0.79061,455,21,0
2025-07-02 03:00:00,0.79062,0.79082,0.79045,0.79064,699,20,0
2025-07-02 03:30:00,0.79063,0.79086,0.7903,0.79031,702,19,0
2025-07-02 04:00:00,0.7903,0.79065,0.79024,0.79033,595,19,0
2025-07-02 04:30:00,0.79034,0.79142,0.79031,0.79128,837,19,0
2025-07-02 05:00:00,0.79127,0.79154,0.79112,0.79112,738,19,0
2025-07-02 05:30:00,0.79111,0.79119,0.79052,0.79076,435,19,0
2025-07-02 06:00:00,0.79073,0.79106,0.7906,0.79101,484,19,0
2025-07-02 06:30:00,0.791,0.79106,0.79081,0.79084,487,19,0
2025-07-02 07:00:00,0.79085,0.79095,0.79074,0.79095,486,19,0
2025-07-02 07:30:00,0.79094,0.79138,0.79087,0.79134,525,19,0
2025-07-02 08:00:00,0.79135,0.79184,0.79122,0.79162,708,19,0
2025-07-02 08:30:00,0.79161,0.79227,0.79149,0.79193,748,19,0
2025-07-02 09:00:00,0.79194,0.79214,0.79148,0.79201,935,19,0
2025-07-02 09:30:00,0.79202,0.79267,0.79188,0.79214,1178,19,0
2025-07-02 10:00:00,0.79215,0.79305,0.79213,0.79304,1444,19,0
2025-07-02 10:30:00,0.79303,0.79336,0.79228,0.79271,1470,19,0
2025-07-02 11:00:00,0.79272,0.79295,0.79209,0.79248,999,19,0
2025-07-02 11:30:00,0.79247,0.79253,0.79181,0.79241,1114,19,0
2025-07-02 12:00:00,0.79242,0.79306,0.79228,0.79296,1067,19,0
2025-07-02 12:30:00,0.79297,0.79318,0.79245,0.79269,1124,19,0
2025-07-02 13:00:00,0.79264,0.7928,0.79216,0.79236,1007,19,0
2025-07-02 13:30:00,0.79237,0.79271,0.79208,0.7924,971,19,0
2025-07-02 14:00:00,0.79239,0.79266,0.79222,0.79261,899,21,0
2025-07-02 14:30:00,0.79262,0.79344,0.79249,0.79327,1621,21,0
2025-07-02 15:00:00,0.79325,0.7939,0.79108,0.79134,3218,20,0
2025-07-02 15:30:00,0.79135,0.79301,0.79112,0.79275,2740,19,0
2025-07-02 16:00:00,0.79277,0.79294,0.79145,0.79264,2313,19,0
2025-07-02 16:30:00,0.79263,0.79351,0.79212,0.79296,2325,20,0
2025-07-02 17:00:00,0.79295,0.79337,0.79238,0.79278,1878,18,0
2025-07-02 17:30:00,0.79276,0.79404,0.79257,0.79335,1944,18,0
2025-07-02 18:00:00,0.79336,0.7937,0.7926,0.79261,1704,18,0
2025-07-02 18:30:00,0.79257,0.79257,0.79186,0.7921,1312,18,0
2025-07-02 19:00:00,0.7921,0.79233,0.79147,0.79161,994,19,0
2025-07-02 19:30:00,0.79161,0.79196,0.79154,0.79177,805,19,0
2025-07-02 20:00:00,0.79174,0.79193,0.79151,0.79168,755,19,0
2025-07-02 20:30:00,0.79167,0.79179,0.79145,0.79164,544,19,0
2025-07-02 21:00:00,0.79166,0.79177,0.79137,0.7914,576,19,0
2025-07-02 21:30:00,0.79136,0.79154,0.79113,0.79134,615,19,0
2025-07-02 22:00:00,0.79135,0.79157,0.79128,0.79155,497,19,0
2025-07-02 22:30:00,0.79156,0.79166,0.7911,0.79121,588,19,0
2025-07-02 23:00:00,0.79122,0.79175,0.79115,0.7915,425,22,0
2025-07-02 23:30:00,0.79149,0.79193,0.79147,0.79155,393,23,0
2025-07-03 00:00:00,0.79162,0.79189,0.79126,0.79163,31,111,0
2025-07-03 00:30:00,0.79164,0.79179,0.79104,0.79113,202,117,0
2025-07-03 01:00:00,0.79115,0.79181,0.79083,0.79162,566,20,0
2025-07-03 01:30:00,0.79161,0.79186,0.79159,0.79175,143,21,0
2025-07-03 02:00:00,0.79174,0.79178,0.79164,0.79173,201,21,0
2025-07-03 02:30:00,0.79171,0.79174,0.79152,0.79162,235,21,0
2025-07-03 03:00:00,0.79165,0.79169,0.79109,0.79128,909,21,0
2025-07-03 03:30:00,0.79128,0.79148,0.79105,0.79123,841,19,0
2025-07-03 04:00:00,0.79122,0.79133,0.79095,0.79097,725,19,0
2025-07-03 04:30:00,0.79096,0.79108,0.79083,0.79098,730,19,0
2025-07-03 05:00:00,0.79097,0.79163,0.79092,0.79159,508,19,0
2025-07-03 05:30:00,0.7916,0.79169,0.7911,0.79133,493,19,0
2025-07-03 06:00:00,0.79134,0.79154,0.79128,0.79152,334,19,0
2025-07-03 06:30:00,0.79152,0.79175,0.79146,0.79162,394,19,0
2025-07-03 07:00:00,0.79163,0.79169,0.79153,0.79165,369,19,0
2025-07-03 07:30:00,0.79166,0.79187,0.79161,0.79179,426,19,0
2025-07-03 08:00:00,0.79178,0.79202,0.79176,0.79187,464,19,0
2025-07-03 08:30:00,0.79189,0.79201,0.79165,0.79176,831,19,0
2025-07-03 09:00:00,0.79173,0.7918,0.79116,0.79153,626,19,0
2025-07-03 09:30:00,0.79103,0.7916,0.78997,0.7901,1332,19,0
2025-07-03 10:00:00,0.79012,0.79093,0.79,0.79085,1344,19,0
2025-07-03 10:30:00,0.79084,0.7914,0.79049,0.79131,1293,19,0
2025-07-03 11:00:00,0.79133,0.79149,0.79082,0.79139,1281,19,0
2025-07-03 11:30:00,0.79137,0.79185,0.79127,0.79182,1250,19,0
2025-07-03 12:00:00,0.79181,0.7926,0.79179,0.79253,1124,19,0
2025-07-03 12:30:00,0.79254,0.79268,0.79216,0.7926,1038,19,0
2025-07-03 13:00:00,0.79261,0.79281,0.79205,0.79211,956,19,0
2025-07-03 13:30:00,0.7921,0.79256,0.79185,0.79253,885,19,0
2025-07-03 14:00:00,0.79252,0.79285,0.79232,0.7926,772,19,0
2025-07-03 14:30:00,0.79259,0.79358,0.79253,0.79329,1049,19,0
2025-07-03 15:00:00,0.79326,0.7937,0.79283,0.79283,1544,21,0
2025-07-03 15:30:00,0.79263,0.79859,0.79254,0.79739,5921,19,0
2025-07-03 16:00:00,0.7974,0.79756,0.79562,0.79562,3265,19,0
2025-07-03 16:30:00,0.79561,0.79621,0.79398,0.79437,2554,20,0
2025-07-03 17:00:00,0.79437,0.79591,0.79357,0.79514,2941,20,0
2025-07-03 17:30:00,0.79513,0.79645,0.79507,0.79589,2641,19,0
2025-07-03 18:00:00,0.7959,0.79647,0.79487,0.7949,1859,18,0
2025-07-03 18:30:00,0.79489,0.7955,0.79476,0.79509,1396,18,0
2025-07-03 19:00:00,0.79507,0.79592,0.79491,0.79574,800,19,0
2025-07-03 19:30:00,0.79575,0.79601,0.79527,0.79535,655,19,0
2025-07-03 20:00:00,0.79537,0.79545,0.7949,0.79493,522,19,0
2025-07-03 20:30:00,0.79493,0.79564,0.79492,0.79558,299,19,0
2025-07-03 21:00:00,0.79557,0.79574,0.79533,0.79562,368,19,0
2025-07-03 21:30:00,0.7956,0.79607,0.79552,0.79601,292,19,0
2025-07-03 22:00:00,0.79602,0.79622,0.7955,0.79554,406,19,0
2025-07-03 22:30:00,0.79555,0.79562,0.79528,0.79559,271,19,0
2025-07-03 23:00:00,0.79562,0.79568,0.79529,0.79532,265,20,0
2025-07-03 23:30:00,0.79535,0.79536,0.7945,0.7945,332,23,0
2025-07-04 00:00:00,0.79431,0.79521,0.79401,0.79445,129,87,0
2025-07-04 00:30:00,0.79448,0.7947,0.79437,0.79467,174,120,0
2025-07-04 01:00:00,0.79466,0.79548,0.79461,0.79539,657,19,0
2025-07-04 01:30:00,0.79541,0.79541,0.79494,0.79494,121,21,0
2025-07-04 02:00:00,0.79493,0.79512,0.79472,0.79472,218,19,0
2025-07-04 02:30:00,0.79473,0.79473,0.79402,0.7942,558,19,0
2025-07-04 03:00:00,0.79421,0.79431,0.7939,0.79418,1533,19,0
2025-07-04 03:30:00,0.79416,0.7945,0.79404,0.79422,1042,19,0
2025-07-04 04:00:00,0.79421,0.79453,0.7941,0.79446,986,19,0
2025-07-04 04:30:00,0.79445,0.79493,0.79442,0.79463,1143,19,0
2025-07-04 05:00:00,0.79464,0.79466,0.79419,0.79433,688,19,0
2025-07-04 05:30:00,0.7943,0.79432,0.79405,0.79424,494,19,0
2025-07-04 06:00:00,0.79425,0.79435,0.79354,0.79365,574,19,0
2025-07-04 06:30:00,0.79363,0.79367,0.79342,0.79366,551,19,0
2025-07-04 07:00:00,0.79367,0.79376,0.7931,0.79339,687,19,0
2025-07-04 07:30:00,0.7934,0.79346,0.79286,0.79303,752,19,0
2025-07-04 08:00:00,0.79302,0.79303,0.79262,0.79281,717,19,0
2025-07-04 08:30:00,0.7928,0.79289,0.7925,0.79259,816,19,0
2025-07-04 09:00:00,0.79257,0.79297,0.79208,0.79276,944,19,0
2025-07-04 09:30:00,0.7928,0.79316,0.79248,0.79254,1029,19,0
2025-07-04 10:00:00,0.79256,0.79375,0.79255,0.79361,1706,19,0
2025-07-04 10:30:00,0.79363,0.79399,0.79329,0.79384,1807,19,0
2025-07-04 11:00:00,0.79385,0.79415,0.79351,0.79404,1351,19,0
2025-07-04 11:30:00,0.79403,0.79411,0.79325,0.7933,1224,19,0
2025-07-04 12:00:00,0.79332,0.79343,0.79304,0.79317,916,19,0
2025-07-04 12:30:00,0.79316,0.79333,0.79291,0.79323,1303,19,0
2025-07-04 13:00:00,0.79322,0.79355,0.79322,0.79339,1367,19,0
2025-07-04 13:30:00,0.7934,0.79389,0.79339,0.79365,1325,19,0
2025-07-04 14:00:00,0.79363,0.79364,0.7932,0.79337,1145,21,0
2025-07-04 14:30:00,0.79338,0.79388,0.79332,0.79385,1261,18,0
2025-07-04 15:00:00,0.79388,0.79429,0.79369,0.7941,988,18,0
2025-07-04 15:30:00,0.79409,0.7943,0.79396,0.79421,917,18,0
2025-07-04 16:00:00,0.79422,0.7943,0.79402,0.79424,768,18,0
2025-07-04 16:30:00,0.79427,0.79431,0.7929,0.79306,1182,18,0
2025-07-04 17:00:00,0.79307,0.7931,0.79256,0.79295,1101,18,0
2025-07-04 17:30:00,0.79299,0.79354,0.79274,0.79336,1242,18,0
2025-07-04 18:00:00,0.79337,0.79359,0.79312,0.79314,681,18,0
2025-07-04 18:30:00,0.7931,0.7933,0.79295,0.7932,728,18,0
2025-07-04 19:00:00,0.79319,0.7934,0.7931,0.7931,388,19,0
2025-07-04 19:30:00,0.79311,0.79333,0.7931,0.79324,205,19,0
2025-07-04 20:00:00,0.79323,0.79365,0.79311,0.79338,4161,19,0
2025-07-04 20:30:00,0.79337,0.79355,0.79299,0.79327,4868,19,0
2025-07-04 21:00:00,0.79328,0.79338,0.79301,0.79329,4193,19,0
2025-07-04 21:30:00,0.79328,0.79363,0.79312,0.79335,3698,19,0
2025-07-04 22:00:00,0.79334,0.79471,0.79334,0.79465,5474,19,0
2025-07-04 22:30:00,0.79467,0.79506,0.79412,0.79493,4941,19,0
2025-07-04 23:00:00,0.79493,0.79517,0.79368,0.79416,3923,19,0
2025-07-04 23:30:00,0.79418,0.79435,0.79322,0.79363,2163,23,0
2025-07-07 00:00:00,0.79386,0.7939,0.7936,0.79371,79,120,0
2025-07-07 00:30:00,0.79373,0.79402,0.79335,0.79337,255,120,0
2025-07-07 01:00:00,0.79335,0.79471,0.79299,0.79391,366,21,0
2025-07-07 01:30:00,0.79389,0.7942,0.79375,0.79398,325,21,0
2025-07-07 02:00:00,0.79391,0.79436,0.79388,0.79419,249,20,0
2025-07-07 02:30:00,0.79422,0.79442,0.79397,0.79407,477,20,0
2025-07-07 03:00:00,0.7941,0.79416,0.79344,0.79383,947,21,0
2025-07-07 03:30:00,0.79382,0.79402,0.79362,0.7938,1079,19,0
2025-07-07 04:00:00,0.79382,0.79408,0.79351,0.79379,937,19,0
2025-07-07 04:30:00,0.79378,0.79415,0.79355,0.79394,720,19,0
2025-07-07 05:00:00,0.79393,0.79448,0.79377,0.79447,764,19,0
2025-07-07 05:30:00,0.79448,0.79482,0.79423,0.79456,792,19,0
2025-07-07 06:00:00,0.79457,0.79464,0.79419,0.79429,882,19,0
2025-07-07 06:30:00,0.79428,0.79469,0.79428,0.79468,891,19,0
2025-07-07 07:00:00,0.79466,0.7948,0.79456,0.79465,1027,19,0
2025-07-07 07:30:00,0.79464,0.79497,0.79446,0.7948,928,19,0
2025-07-07 08:00:00,0.79481,0.79513,0.79474,0.79501,1414,19,0
2025-07-07 08:30:00,0.79499,0.79503,0.79447,0.79465,1069,19,0
2025-07-07 09:00:00,0.79464,0.79488,0.79433,0.79461,855,19,0
2025-07-07 09:30:00,0.79465,0.79538,0.79463,0.79509,1232,19,0
2025-07-07 10:00:00,0.79508,0.79543,0.79477,0.7954,1452,19,0
2025-07-07 10:30:00,0.79544,0.7963,0.79533,0.7963,1187,19,0
2025-07-07 11:00:00,0.79632,0.79689,0.79609,0.7965,1297,19,0
2025-07-07 11:30:00,0.79648,0.79749,0.79634,0.79704,1583,19,0
2025-07-07 12:00:00,0.79703,0.79725,0.79676,0.7971,1112,19,0
2025-07-07 12:30:00,0.79709,0.79744,0.79693,0.79719,1020,19,0
2025-07-07 13:00:00,0.79718,0.79733,0.7966,0.79723,1169,19,0
2025-07-07 13:30:00,0.79726,0.7975,0.7969,0.79714,1098,19,0
2025-07-07 14:00:00,0.79715,0.79737,0.79695,0.79714,1054,21,0
2025-07-07 14:30:00,0.79713,0.7975,0.79663,0.79729,1587,20,0
2025-07-07 15:00:00,0.79728,0.79827,0.79706,0.79809,1198,18,0
2025-07-07 15:30:00,0.7981,0.7983,0.79766,0.79794,1050,18,0
2025-07-07 16:00:00,0.79795,0.79799,0.79681,0.79697,1304,18,0
2025-07-07 16:30:00,0.79698,0.79742,0.79664,0.79697,1357,20,0
2025-07-07 17:00:00,0.79698,0.79732,0.79659,0.79717,1115,18,0
2025-07-07 17:30:00,0.79716,0.79716,0.79583,0.79677,1289,18,0
2025-07-07 18:00:00,0.79678,0.79709,0.79646,0.79655,1110,18,0
2025-07-07 18:30:00,0.79655,0.79693,0.79637,0.79685,864,18,0
2025-07-07 19:00:00,0.79684,0.7979,0.79635,0.79697,1583,19,0
2025-07-07 19:30:00,0.79699,0.79871,0.79699,0.79844,1749,20,0
2025-07-07 20:00:00,0.79843,0.79896,0.79841,0.79887,1110,19,0
2025-07-07 20:30:00,0.79886,0.79902,0.79797,0.79855,1611,19,0
2025-07-07 21:00:00,0.79856,0.79894,0.79819,0.79873,852,19,0
2025-07-07 21:30:00,0.79874,0.79898,0.79812,0.79817,724,19,0
2025-07-07 22:00:00,0.79818,0.79824,0.79786,0.7981,448,19,0
2025-07-07 22:30:00,0.79809,0.79822,0.79764,0.79797,519,19,0
2025-07-07 23:00:00,0.79796,0.79846,0.79777,0.7984,296,21,0
2025-07-07 23:30:00,0.79839,0.79847,0.7977,0.7977,342,23,0
2025-07-08 00:00:00,0.79805,0.79805,0.79737,0.7978,23,87,0
2025-07-08 00:30:00,0.79779,0.79788,0.79779,0.79786,23,84,0
2025-07-08 01:00:00,0.79792,0.79822,0.79728,0.79752,277,19,0
2025-07-08 01:30:00,0.7975,0.79765,0.79688,0.79709,518,19,0
2025-07-08 02:00:00,0.79708,0.79737,0.79685,0.79718,469,19,0
2025-07-08 02:30:00,0.79718,0.79723,0.79699,0.7971,482,19,0
2025-07-08 03:00:00,0.79709,0.79714,0.79636,0.79684,1441,19,0
2025-07-08 03:30:00,0.79682,0.79702,0.79642,0.79688,873,19,0
2025-07-08 04:00:00,0.79687,0.79761,0.79672,0.79705,1122,19,0
2025-07-08 04:30:00,0.79704,0.79724,0.79662,0.79701,1027,19,0
2025-07-08 05:00:00,0.79703,0.79717,0.79633,0.79633,848,19,0
2025-07-08 05:30:00,0.79632,0.79677,0.79619,0.7967,762,19,0
2025-07-08 06:00:00,0.79671,0.79698,0.79648,0.79649,617,19,0
2025-07-08 06:30:00,0.7965,0.79673,0.79609,0.79624,550,19,0
2025-07-08 07:00:00,0.79631,0.79634,0.79573,0.79592,541,18,0
2025-07-08 07:30:00,0.79585,0.79636,0.79571,0.79628,1287,19,0
2025-07-08 08:00:00,0.79629,0.79681,0.79613,0.79672,1202,18,0
2025-07-08 08:30:00,0.79671,0.797,0.79664,0.79688,1030,18,0
2025-07-08 09:00:00,0.79691,0.79727,0.7968,0.79696,989,19,0
2025-07-08 09:30:00,0.79695,0.79734,0.79667,0.79676,1087,19,0
2025-07-08 10:00:00,0.79675,0.79675,0.79565,0.796,1255,19,0
2025-07-08 10:30:00,0.79599,0.79612,0.79554,0.79592,1205,19,0
2025-07-08 11:00:00,0.79593,0.79681,0.79591,0.79652,1218,19,0
2025-07-08 11:30:00,0.79651,0.79679,0.79608,0.79638,1188,19,0
2025-07-08 12:00:00,0.79637,0.79655,0.79599,0.79609,897,19,0
2025-07-08 12:30:00,0.79608,0.79667,0.79588,0.79647,996,19,0
2025-07-08 13:00:00,0.79646,0.79698,0.79643,0.79695,996,19,0
2025-07-08 13:30:00,0.79694,0.79755,0.79692,0.79751,994,19,0
2025-07-08 14:00:00,0.79752,0.79765,0.79669,0.79706,857,18,0
2025-07-08 14:30:00,0.79705,0.79764,0.79683,0.79764,1117,18,0
2025-07-08 15:00:00,0.79763,0.79818,0.79753,0.79779,1401,18,0
2025-07-08 15:30:00,0.7978,0.79834,0.79756,0.79807,1514,18,0
2025-07-08 16:00:00,0.79809,0.79917,0.7979,0.79915,1742,18,0
2025-07-08 16:30:00,0.79916,0.79938,0.79773,0.79838,2025,18,0
2025-07-08 17:00:00,0.79841,0.79932,0.79824,0.7984,2023,18,0
2025-07-08 17:30:00,0.79839,0.79874,0.79751,0.79789,2102,18,0
2025-07-08 18:00:00,0.79787,0.7981,0.79696,0.79707,2020,18,0
2025-07-08 18:30:00,0.79706,0.79727,0.79684,0.79705,1368,18,0
2025-07-08 19:00:00,0.79703,0.79705,0.79666,0.79686,741,19,0
2025-07-08 19:30:00,0.79688,0.79744,0.79681,0.79682,1349,19,0
2025-07-08 20:00:00,0.79681,0.79695,0.79592,0.79605,1265,19,0
2025-07-08 20:30:00,0.79604,0.79605,0.79556,0.7957,765,19,0
2025-07-08 21:00:00,0.79569,0.7959,0.79523,0.79584,698,19,0
2025-07-08 21:30:00,0.79585,0.79603,0.7956,0.79569,629,19,0
2025-07-08 22:00:00,0.79566,0.79597,0.7955,0.79595,690,19,0
2025-07-08 22:30:00,0.79594,0.79627,0.79593,0.79606,742,19,0
2025-07-08 23:00:00,0.79607,0.79607,0.79551,0.79569,533,22,0
2025-07-08 23:30:00,0.79568,0.79578,0.79546,0.79552,452,23,0
2025-07-09 00:00:00,0.79733,0.79733,0.7955,0.79571,662,97,0
2025-07-09 00:30:00,0.79567,0.79572,0.79535,0.79537,47,106,0
2025-07-09 01:00:00,0.79544,0.79585,0.79519,0.79571,212,19,0
2025-07-09 01:30:00,0.79571,0.79572,0.79553,0.79565,237,19,0
2025-07-09 02:00:00,0.79557,0.7959,0.79557,0.79588,302,19,0
2025-07-09 02:30:00,0.79589,0.79597,0.79572,0.79587,543,19,0
2025-07-09 03:00:00,0.79586,0.79643,0.79579,0.79628,854,19,0
2025-07-09 03:30:00,0.79626,0.79651,0.79608,0.79619,978,19,0
2025-07-09 04:00:00,0.79618,0.79675,0.79592,0.7962,1002,19,0
2025-07-09 04:30:00,0.79621,0.79648,0.7958,0.79625,1001,19,0
2025-07-09 05:00:00,0.79626,0.79645,0.79595,0.79639,996,19,0
2025-07-09 05:30:00,0.7964,0.79732,0.79638,0.79692,1168,19,0
2025-07-09 06:00:00,0.79693,0.7974,0.79691,0.79724,885,19,0
2025-07-09 06:30:00,0.79722,0.79762,0.79717,0.79762,726,19,0
2025-07-09 07:00:00,0.79761,0.7978,0.7975,0.79756,496,19,0
2025-07-09 07:30:00,0.79753,0.79762,0.79701,0.79706,718,19,0
2025-07-09 08:00:00,0.79707,0.79737,0.79678,0.79702,839,19,0
2025-07-09 08:30:00,0.79702,0.79713,0.7966,0.79683,814,19,0
2025-07-09 09:00:00,0.79682,0.79716,0.79663,0.79683,691,19,0
2025-07-09 09:30:00,0.79684,0.79701,0.79603,0.79616,1109,19,0
2025-07-09 10:00:00,0.79615,0.7967,0.79585,0.79659,1304,19,0
2025-07-09 10:30:00,0.79662,0.79761,0.79658,0.79706,1383,19,0
2025-07-09 11:00:00,0.79707,0.79725,0.7965,0.79655,1360,19,0
2025-07-09 11:30:00,0.79656,0.79662,0.79584,0.7963,1021,19,0
2025-07-09 12:00:00,0.79631,0.79642,0.79579,0.79619,983,19,0
2025-07-09 12:30:00,0.79618,0.79633,0.79532,0.79576,1010,19,0
2025-07-09 13:00:00,0.79577,0.79588,0.79553,0.79572,952,19,0
2025-07-09 13:30:00,0.79571,0.79636,0.79569,0.79613,961,19,0
2025-07-09 14:00:00,0.79614,0.79664,0.79599,0.79656,1009,18,0
2025-07-09 14:30:00,0.79657,0.79743,0.79628,0.79729,1101,18,0
2025-07-09 15:00:00,0.79728,0.79739,0.79596,0.79634,1689,18,0
2025-07-09 15:30:00,0.79635,0.7966,0.7955,0.79563,1480,18,0
2025-07-09 16:00:00,0.7956,0.79573,0.79477,0.79531,1703,18,0
2025-07-09 16:30:00,0.7953,0.79546,0.79493,0.79518,1817,18,0
2025-07-09 17:00:00,0.79516,0.79527,0.79384,0.79439,1941,18,0
2025-07-09 17:30:00,0.79439,0.79501,0.79415,0.79479,1531,17,0
2025-07-09 18:00:00,0.79477,0.79595,0.79476,0.79595,1303,18,0
2025-07-09 18:30:00,0.79593,0.79599,0.79526,0.79559,937,18,0
2025-07-09 19:00:00,0.79558,0.79568,0.79525,0.79557,490,19,0
2025-07-09 19:30:00,0.79558,0.79564,0.79523,0.79532,398,19,0
2025-07-09 20:00:00,0.79537,0.79538,0.79478,0.79502,488,19,0
2025-07-09 20:30:00,0.79503,0.79545,0.79499,0.795,403,18,0
2025-07-09 21:00:00,0.79501,0.79549,0.79434,0.79449,685,19,0
2025-07-09 21:30:00,0.7945,0.79497,0.79447,0.79476,473,19,0
2025-07-09 22:00:00,0.79475,0.79487,0.79434,0.79442,372,19,0
2025-07-09 22:30:00,0.79443,0.79455,0.79424,0.79444,285,19,0
2025-07-09 23:00:00,0.79446,0.79503,0.79446,0.79474,324,22,0
2025-07-09 23:30:00,0.79485,0.7949,0.79359,0.79363,480,23,0
2025-07-10 00:00:00,0.79294,0.79399,0.79268,0.79384,274,87,0
2025-07-10 00:30:00,0.79383,0.7941,0.79305,0.79306,433,98,0
2025-07-10 01:00:00,0.79308,0.79389,0.79308,0.79354,561,19,0
2025-07-10 01:30:00,0.79354,0.79361,0.79347,0.79357,405,19,0
2025-07-10 02:00:00,0.79355,0.79368,0.79322,0.79325,325,19,0
2025-07-10 02:30:00,0.79328,0.79339,0.79244,0.79258,644,19,0
2025-07-10 03:00:00,0.79257,0.79263,0.79189,0.79196,973,19,0
2025-07-10 03:30:00,0.79197,0.79236,0.79186,0.79228,862,19,0
2025-07-10 04:00:00,0.79229,0.79301,0.79229,0.79285,738,19,0
2025-07-10 04:30:00,0.79284,0.79284,0.79234,0.7927,557,19,0
2025-07-10 05:00:00,0.7927,0.79306,0.79257,0.79302,523,19,0
2025-07-10 05:30:00,0.79303,0.79362,0.79292,0.79356,568,19,0
2025-07-10 06:00:00,0.79355,0.79404,0.79355,0.79386,514,19,0
2025-07-10 06:30:00,0.79385,0.7941,0.79379,0.79397,629,19,0
2025-07-10 07:00:00,0.79398,0.79418,0.79392,0.79417,490,19,0
2025-07-10 07:30:00,0.79416,0.79437,0.79393,0.79398,661,19,0
2025-07-10 08:00:00,0.79399,0.79414,0.79387,0.79399,450,19,0
2025-07-10 08:30:00,0.79398,0.79399,0.79375,0.79384,489,19,0
2025-07-10 09:00:00,0.79378,0.79435,0.79358,0.79419,758,19,0
2025-07-10 09:30:00,0.7942,0.79479,0.79416,0.79445,719,19,0
2025-07-10 10:00:00,0.79447,0.7947,0.79419,0.79433,996,19,0
2025-07-10 10:30:00,0.79434,0.79493,0.79402,0.79405,852,19,0
2025-07-10 11:00:00,0.79403,0.79427,0.79365,0.79423,670,19,0
2025-07-10 11:30:00,0.79421,0.7953,0.79419,0.79501,657,19,0
2025-07-10 12:00:00,0.79502,0.79503,0.79446,0.79447,584,19,0
2025-07-10 12:30:00,0.79445,0.79456,0.79411,0.79417,533,19,0
2025-07-10 13:00:00,0.79415,0.79468,0.79411,0.79424,566,19,0
2025-07-10 13:30:00,0.79423,0.79456,0.79415,0.79443,447,19,0
2025-07-10 14:00:00,0.79443,0.79499,0.79431,0.79495,825,18,0
2025-07-10 14:30:00,0.79497,0.79569,0.79497,0.79549,1173,18,0
2025-07-10 15:00:00,0.79547,0.79611,0.79529,0.79611,1328,17,0
2025-07-10 15:30:00,0.79598,0.79682,0.79574,0.7963,1909,18,0
2025-07-10 16:00:00,0.79629,0.79681,0.79572,0.79676,1611,18,0
2025-07-10 16:30:00,0.79677,0.79775,0.79667,0.79736,1950,18,0
2025-07-10 17:00:00,0.79728,0.79866,0.79719,0.7984,2413,18,0
2025-07-10 17:30:00,0.79839,0.79843,0.79714,0.79735,2250,18,0
2025-07-10 18:00:00,0.79734,0.79745,0.79686,0.79714,1496,18,0
2025-07-10 18:30:00,0.79715,0.79761,0.79691,0.79704,1210,18,0
2025-07-10 19:00:00,0.79703,0.79742,0.79691,0.79718,811,19,0
2025-07-10 19:30:00,0.79719,0.79784,0.79717,0.79759,780,19,0
2025-07-10 20:00:00,0.7976,0.79763,0.79703,0.79729,557,19,0
2025-07-10 20:30:00,0.7973,0.79762,0.79706,0.79726,494,19,0
2025-07-10 21:00:00,0.79725,0.79731,0.79672,0.79717,470,19,0
2025-07-10 21:30:00,0.79718,0.79733,0.79686,0.797,487,19,0
2025-07-10 22:00:00,0.797,0.79711,0.79635,0.79647,394,19,0
2025-07-10 22:30:00,0.79645,0.79667,0.79606,0.79654,501,19,0
2025-07-10 23:00:00,0.79653,0.79659,0.79599,0.79634,401,20,0
2025-07-10 23:30:00,0.79635,0.79666,0.7963,0.79665,353,23,0
2025-07-11 00:00:00,0.79666,0.79668,0.79585,0.79616,90,87,0
2025-07-11 00:30:00,0.79618,0.79629,0.79605,0.79615,1040,120,0
2025-07-11 01:00:00,0.79609,0.79666,0.79601,0.79647,419,20,0
2025-07-11 01:30:00,0.79647,0.79649,0.79624,0.79636,399,19,0
2025-07-11 02:00:00,0.79638,0.79654,0.79632,0.79639,388,19,0
2025-07-11 02:30:00,0.79639,0.79676,0.79637,0.79665,461,19,0
2025-07-11 03:00:00,0.79664,0.79769,0.79651,0.79716,1602,19,0
2025-07-11 03:30:00,0.79714,0.79772,0.79693,0.79741,1655,19,0
2025-07-11 04:00:00,0.79742,0.79773,0.79722,0.79753,1142,19,0
2025-07-11 04:30:00,0.79753,0.79766,0.79712,0.79762,978,19,0
2025-07-11 05:00:00,0.79763,0.79774,0.79749,0.79766,819,19,0
2025-07-11 05:30:00,0.79767,0.79811,0.79745,0.79781,689,19,0
2025-07-11 06:00:00,0.7978,0.79786,0.79707,0.79709,640,19,0
2025-07-11 06:30:00,0.79708,0.79746,0.79707,0.7973,694,19,0
2025-07-11 07:00:00,0.79731,0.79787,0.79714,0.79782,898,19,0
2025-07-11 07:30:00,0.79783,0.79785,0.79733,0.79742,755,19,0
2025-07-11 08:00:00,0.79743,0.79747,0.79693,0.79706,861,19,0
2025-07-11 08:30:00,0.79707,0.79738,0.797,0.7971,691,18,0
2025-07-11 09:00:00,0.79707,0.79755,0.79698,0.79719,998,18,0
2025-07-11 09:30:00,0.79718,0.79773,0.79693,0.7977,1113,19,0
2025-07-11 10:00:00,0.79766,0.79766,0.79637,0.79648,1118,19,0
2025-07-11 10:30:00,0.79649,0.79696,0.79648,0.79655,1031,19,0
2025-07-11 11:00:00,0.79653,0.79706,0.79603,0.79705,985,19,0
2025-07-11 11:30:00,0.79705,0.79744,0.79685,0.79721,1016,19,0
2025-07-11 12:00:00,0.7972,0.79725,0.79666,0.79698,921,19,0
2025-07-11 12:30:00,0.79699,0.79714,0.79568,0.79571,967,19,0
2025-07-11 13:00:00,0.79566,0.79606,0.79528,0.7959,863,19,0
2025-07-11 13:30:00,0.79591,0.79609,0.79554,0.79558,787,19,0
2025-07-11 14:00:00,0.79557,0.7967,0.79533,0.79647,1319,20,0
2025-07-11 14:30:00,0.79648,0.79655,0.79585,0.79621,1015,18,0
2025-07-11 15:00:00,0.79622,0.79683,0.79605,0.79649,1247,18,0
2025-07-11 15:30:00,0.79634,0.7967,0.79581,0.7963,1888,18,0
2025-07-11 16:00:00,0.79627,0.79659,0.79587,0.79604,1762,18,0
2025-07-11 16:30:00,0.79605,0.79639,0.79535,0.79612,2242,18,0
2025-07-11 17:00:00,0.79613,0.79735,0.79596,0.79716,1867,18,0
2025-07-11 17:30:00,0.79715,0.79723,0.79606,0.79628,1537,18,0
2025-07-11 18:00:00,0.79629,0.79673,0.7962,0.79642,1176,18,0
2025-07-11 18:30:00,0.79643,0.79643,0.79573,0.79611,1164,18,0
2025-07-11 19:00:00,0.7961,0.79658,0.7959,0.79638,751,19,0
2025-07-11 19:30:00,0.79639,0.79654,0.79598,0.79611,582,19,0
2025-07-11 20:00:00,0.79609,0.79651,0.79592,0.7964,447,19,0
2025-07-11 20:30:00,0.79642,0.79663,0.79634,0.79659,374,19,0
2025-07-11 21:00:00,0.79658,0.79665,0.79622,0.7966,407,19,0
2025-07-11 21:30:00,0.79659,0.79706,0.79654,0.79704,439,19,0
2025-07-11 22:00:00,0.79705,0.7971,0.79661,0.79679,467,19,0
2025-07-11 22:30:00,0.79678,0.79692,0.79659,0.79681,503,19,0
2025-07-11 23:00:00,0.7968,0.79715,0.79677,0.79701,251,19,0
2025-07-11 23:30:00,0.79702,0.79716,0.79568,0.79576,723,23,0
2025-07-14 00:00:00,0.79633,0.79712,0.79611,0.79706,114,120,0
2025-07-14 00:30:00,0.79705,0.79718,0.79575,0.79654,280,101,0
2025-07-14 01:00:00,0.79657,0.79719,0.796,0.79691,984,19,0
2025-07-14 01:30:00,0.79694,0.79739,0.79686,0.79739,685,19,0
2025-07-14 02:00:00,0.79739,0.7975,0.79654,0.79661,656,19,0
2025-07-14 02:30:00,0.7966,0.79705,0.79654,0.79667,617,19,0
2025-07-14 03:00:00,0.7967,0.79674,0.7959,0.79594,1210,19,0
2025-07-14 03:30:00,0.79591,0.79642,0.79583,0.79591,960,19,0
2025-07-14 04:00:00,0.7959,0.79603,0.79558,0.79582,883,19,0
2025-07-14 04:30:00,0.79584,0.79655,0.79581,0.79649,1054,19,0
2025-07-14 05:00:00,0.7965,0.79673,0.79621,0.79664,798,19,0
2025-07-14 05:30:00,0.79663,0.79726,0.79658,0.7972,868,19,0
2025-07-14 06:00:00,0.79719,0.79734,0.79679,0.79696,724,19,0
2025-07-14 06:30:00,0.79695,0.79704,0.79652,0.79681,755,19,0
2025-07-14 07:00:00,0.79683,0.7972,0.79683,0.797,528,19,0
2025-07-14 07:30:00,0.79701,0.79727,0.79675,0.79725,567,19,0
2025-07-14 08:00:00,0.79725,0.79738,0.79692,0.79731,775,19,0
2025-07-14 08:30:00,0.79731,0.79778,0.79711,0.79728,865,19,0
2025-07-14 09:00:00,0.79724,0.79838,0.79723,0.79803,902,19,0
2025-07-14 09:30:00,0.79802,0.79821,0.79764,0.79784,941,19,0
2025-07-14 10:00:00,0.79783,0.79792,0.79699,0.7972,1175,19,0
2025-07-14 10:30:00,0.79721,0.7975,0.79698,0.7975,1049,19,0
2025-07-14 11:00:00,0.79751,0.79754,0.79686,0.79712,999,19,0
2025-07-14 11:30:00,0.79711,0.79737,0.79674,0.79701,881,19,0
2025-07-14 12:00:00,0.79702,0.79734,0.7967,0.79699,728,19,0
2025-07-14 12:30:00,0.79703,0.79722,0.79668,0.79686,777,19,0
2025-07-14 13:00:00,0.79685,0.79689,0.7963,0.79632,844,19,0
2025-07-14 13:30:00,0.79634,0.79656,0.79609,0.79619,667,19,0
2025-07-14 14:00:00,0.79618,0.79642,0.79603,0.7961,781,20,0
2025-07-14 14:30:00,0.79611,0.79661,0.79596,0.79598,1150,18,0
2025-07-14 15:00:00,0.796,0.79619,0.79542,0.7961,1075,18,0
2025-07-14 15:30:00,0.7961,0.7965,0.79583,0.79602,1092,18,0
2025-07-14 16:00:00,0.79603,0.79682,0.79595,0.79664,1059,18,0
2025-07-14 16:30:00,0.79662,0.79682,0.79572,0.79607,1560,18,0
2025-07-14 17:00:00,0.79608,0.79656,0.79595,0.79601,1210,18,0
2025-07-14 17:30:00,0.79602,0.79675,0.79592,0.7966,1493,18,0
2025-07-14 18:00:00,0.79661,0.79718,0.79656,0.79681,1353,18,0
2025-07-14 18:30:00,0.79679,0.79774,0.79623,0.79761,1573,18,0
2025-07-14 19:00:00,0.79763,0.79792,0.79735,0.79784,935,20,0
2025-07-14 19:30:00,0.79785,0.7979,0.79762,0.79781,495,20,0
2025-07-14 20:00:00,0.79782,0.79789,0.7976,0.7977,366,20,0
2025-07-14 20:30:00,0.79771,0.79812,0.79768,0.79808,340,19,0
2025-07-14 21:00:00,0.79807,0.79814,0.79794,0.79803,345,19,0
2025-07-14 21:30:00,0.79802,0.79803,0.7976,0.79781,412,19,0
2025-07-14 22:00:00,0.7978,0.79812,0.7977,0.79796,238,19,0
2025-07-14 22:30:00,0.79797,0.79807,0.79777,0.79798,377,19,0
2025-07-14 23:00:00,0.798,0.79802,0.79784,0.79792,319,22,0
2025-07-14 23:30:00,0.79793,0.79806,0.79744,0.79745,396,23,0
2025-07-15 00:00:00,0.79705,0.79759,0.79566,0.79676,34,87,0
2025-07-15 00:30:00,0.79675,0.79686,0.79674,0.79685,21,120,0
2025-07-15 01:00:00,0.79684,0.79787,0.79684,0.79776,326,19,0
2025-07-15 01:30:00,0.79775,0.79788,0.7976,0.79783,294,19,0
2025-07-15 02:00:00,0.7978,0.79813,0.7977,0.79807,325,19,0
2025-07-15 02:30:00,0.79806,0.7982,0.79778,0.79801,483,19,0
2025-07-15 03:00:00,0.79802,0.79802,0.79696,0.79701,823,19,0
2025-07-15 03:30:00,0.79699,0.79715,0.7969,0.79699,666,19,0
2025-07-15 04:00:00,0.79699,0.79742,0.79699,0.79737,717,19,0
2025-07-15 04:30:00,0.7974,0.79783,0.79731,0.79773,731,19,0
2025-07-15 05:00:00,0.79771,0.79781,0.79702,0.7972,795,19,0
2025-07-15 05:30:00,0.79719,0.7972,0.79691,0.79692,661,19,0
2025-07-15 06:00:00,0.7969,0.79696,0.79652,0.79668,515,19,0
2025-07-15 06:30:00,0.7967,0.79688,0.79663,0.79686,448,19,0
2025-07-15 07:00:00,0.79686,0.79688,0.79652,0.79674,436,19,0
2025-07-15 07:30:00,0.79672,0.79696,0.7967,0.79686,389,19,0
2025-07-15 08:00:00,0.79685,0.79687,0.7965,0.79657,489,19,0
2025-07-15 08:30:00,0.79658,0.79662,0.79638,0.79641,665,19,0
2025-07-15 09:00:00,0.79651,0.7967,0.79627,0.79658,657,19,0
2025-07-15 09:30:00,0.79657,0.79657,0.7961,0.79621,845,19,0
2025-07-15 10:00:00,0.79622,0.79669,0.79548,0.79558,1044,19,0
2025-07-15 10:30:00,0.79559,0.79595,0.79526,0.79573,1036,19,0
2025-07-15 11:00:00,0.79572,0.79594,0.79547,0.79558,704,19,0
2025-07-15 11:30:00,0.79557,0.79618,0.79538,0.79575,662,19,0
2025-07-15 12:00:00,0.79574,0.79605,0.79544,0.79592,732,19,0
2025-07-15 12:30:00,0.7959,0.7962,0.79578,0.79585,904,19,0
2025-07-15 13:00:00,0.79584,0.79627,0.79558,0.79612,736,19,0
2025-07-15 13:30:00,0.79611,0.79638,0.79583,0.79593,676,19,0
2025-07-15 14:00:00,0.79592,0.79672,0.7958,0.7967,1131,18,0
2025-07-15 14:30:00,0.79672,0.79697,0.79649,0.7966,1009,18,0
2025-07-15 15:00:00,0.7966,0.79717,0.79653,0.79685,1445,18,0
2025-07-15 15:30:00,0.79685,0.79733,0.79532,0.79617,3677,18,0
2025-07-15 16:00:00,0.79617,0.79732,0.79615,0.7969,2137,18,0
2025-07-15 16:30:00,0.79689,0.79935,0.79689,0.7991,3114,18,0
2025-07-15 17:00:00,0.79911,0.80099,0.79905,0.80099,3186,18,0
2025-07-15 17:30:00,0.80098,0.80131,0.80032,0.80049,2198,18,0
2025-07-15 18:00:00,0.80047,0.80151,0.80038,0.80124,1687,18,0
2025-07-15 18:30:00,0.80133,0.80168,0.80029,0.80033,1825,18,0
2025-07-15 19:00:00,0.80031,0.80194,0.80021,0.80187,967,20,0
2025-07-15 19:30:00,0.80186,0.80206,0.80163,0.80179,977,19,0
2025-07-15 20:00:00,0.80175,0.80233,0.80172,0.80231,660,19,0
2025-07-15 20:30:00,0.80232,0.80235,0.80197,0.8022,550,20,0
2025-07-15 21:00:00,0.80223,0.80233,0.80164,0.80189,583,19,0
2025-07-15 21:30:00,0.8019,0.80203,0.80142,0.80168,507,19,0
2025-07-15 22:00:00,0.80167,0.80194,0.80153,0.80182,300,19,0
2025-07-15 22:30:00,0.80183,0.80199,0.80157,0.80185,371,19,0
2025-07-15 23:00:00,0.80186,0.8019,0.80159,0.80181,242,19,0
2025-07-15 23:30:00,0.80182,0.80188,0.80104,0.80104,529,19,0
2025-07-16 00:00:00,0.80103,0.80125,0.80027,0.80077,231,84,0
2025-07-16 00:30:00,0.8008,0.80126,0.80079,0.80112,396,50,0
2025-07-16 01:00:00,0.80114,0.80156,0.80114,0.80151,304,19,0
2025-07-16 01:30:00,0.80149,0.80169,0.80138,0.80163,425,19,0
2025-07-16 02:00:00,0.80162,0.80175,0.80147,0.80159,329,19,0
2025-07-16 02:30:00,0.80158,0.80164,0.80132,0.80137,450,19,0
2025-07-16 03:00:00,0.80139,0.80167,0.80134,0.80154,834,19,0
2025-07-16 03:30:00,0.80156,0.80173,0.80125,0.80159,964,19,0
2025-07-16 04:00:00,0.80157,0.80169,0.80126,0.80141,761,19,0
2025-07-16 04:30:00,0.80142,0.80154,0.8012,0.80135,662,19,0
2025-07-16 05:00:00,0.80136,0.80176,0.80131,0.80171,581,19,0
2025-07-16 05:30:00,0.80172,0.80177,0.80155,0.80169,462,19,0
2025-07-16 06:00:00,0.80169,0.80171,0.80139,0.80149,448,19,0
2025-07-16 06:30:00,0.8015,0.80205,0.80147,0.80183,524,19,0
2025-07-16 07:00:00,0.80184,0.80194,0.80167,0.80167,416,19,0
2025-07-16 07:30:00,0.80166,0.80166,0.8012,0.80132,584,19,0
2025-07-16 08:00:00,0.80133,0.80146,0.80109,0.80128,599,19,0
2025-07-16 08:30:00,0.8013,0.8014,0.80094,0.801,765,18,0
2025-07-16 09:00:00,0.80111,0.80135,0.80067,0.80078,866,19,0
2025-07-16 09:30:00,0.80079,0.80089,0.80042,0.80055,934,19,0
2025-07-16 10:00:00,0.80053,0.80094,0.80029,0.80087,906,19,0
2025-07-16 10:30:00,0.80086,0.80151,0.80082,0.80125,1165,19,0
2025-07-16 11:00:00,0.80124,0.80149,0.80102,0.8013,917,19,0
2025-07-16 11:30:00,0.80132,0.80151,0.80107,0.80115,789,19,0
2025-07-16 12:00:00,0.80114,0.80154,0.80114,0.80137,782,19,0
2025-07-16 12:30:00,0.80136,0.80174,0.80119,0.80159,917,19,0
2025-07-16 13:00:00,0.80158,0.80187,0.80148,0.80167,952,19,0
2025-07-16 13:30:00,0.80163,0.80164,0.80137,0.80144,635,19,0
2025-07-16 14:00:00,0.80143,0.80222,0.80119,0.8022,938,20,0
2025-07-16 14:30:00,0.80221,0.80449,0.80207,0.80391,1299,18,0
2025-07-16 15:00:00,0.80389,0.80432,0.80295,0.80386,1669,18,0
2025-07-16 15:30:00,0.80383,0.80406,0.80245,0.80374,3107,19,0
2025-07-16 16:00:00,0.80375,0.80482,0.80336,0.80475,1800,18,0
2025-07-16 16:30:00,0.80478,0.80607,0.80452,0.80503,2307,19,0
2025-07-16 17:00:00,0.80504,0.8057,0.80468,0.80531,1958,17,0
2025-07-16 17:30:00,0.80528,0.80579,0.80368,0.80429,2748,18,0
2025-07-16 18:00:00,0.80428,0.8044,0.79648,0.79717,6362,20,0
2025-07-16 18:30:00,0.79722,0.80268,0.79464,0.80146,8091,19,0
2025-07-16 19:00:00,0.80145,0.80212,0.7996,0.80071,3915,20,0
2025-07-16 19:30:00,0.8007,0.80134,0.7998,0.80043,2084,20,0
2025-07-16 20:00:00,0.80042,0.80042,0.79926,0.79964,1705,20,0
2025-07-16 20:30:00,0.79963,0.80048,0.79903,0.80023,1147,19,0
2025-07-16 21:00:00,0.80021,0.80086,0.80004,0.80077,1049,19,0
2025-07-16 21:30:00,0.80078,0.80168,0.80061,0.80164,792,19,0
2025-07-16 22:00:00,0.80163,0.80198,0.80132,0.80135,822,19,0
2025-07-16 22:30:00,0.80133,0.80145,0.80067,0.80083,719,19,0
2025-07-16 23:00:00,0.80084,0.801,0.80046,0.8008,540,22,0
2025-07-16 23:30:00,0.80081,0.80104,0.8001,0.8001,576,23,0
2025-07-17 00:00:00,0.80011,0.80066,0.79956,0.80061,243,84,0
2025-07-17 00:30:00,0.8006,0.80079,0.80033,0.80059,808,94,0
2025-07-17 01:00:00,0.80071,0.80097,0.80008,0.80079,359,19,0
2025-07-17 01:30:00,0.80079,0.80101,0.80071,0.80094,395,19,0
2025-07-17 02:00:00,0.80089,0.80092,0.80051,0.80072,323,19,0
2025-07-17 02:30:00,0.8007,0.80107,0.80066,0.80087,387,19,0
2025-07-17 03:00:00,0.80088,0.8015,0.80077,0.8015,964,19,0
2025-07-17 03:30:00,0.80149,0.8023,0.80149,0.80207,1001,19,0
2025-07-17 04:00:00,0.80206,0.8024,0.80186,0.80233,990,19,0
2025-07-17 04:30:00,0.80235,0.8026,0.80123,0.80133,1458,19,0
2025-07-17 05:00:00,0.80132,0.80207,0.80131,0.8018,860,19,0
2025-07-17 05:30:00,0.80181,0.80235,0.80163,0.80224,693,19,0
2025-07-17 06:00:00,0.80225,0.80268,0.80207,0.80228,769,19,0
2025-07-17 06:30:00,0.8023,0.80283,0.80229,0.80274,687,19,0
2025-07-17 07:00:00,0.80276,0.8029,0.80265,0.80267,460,19,0
2025-07-17 07:30:00,0.80266,0.80267,0.80225,0.80229,588,19,0
2025-07-17 08:00:00,0.8023,0.80232,0.80196,0.80205,580,19,0
2025-07-17 08:30:00,0.80205,0.80259,0.80195,0.80259,809,19,0
2025-07-17 09:00:00,0.8025,0.80433,0.80242,0.80433,1442,19,0
2025-07-17 09:30:00,0.80434,0.8049,0.80414,0.80462,1513,19,0
2025-07-17 10:00:00,0.80464,0.80556,0.80407,0.80417,1738,19,0
2025-07-17 10:30:00,0.80416,0.80433,0.80355,0.80398,1427,19,0
2025-07-17 11:00:00,0.80399,0.80412,0.80281,0.80285,1267,19,0
2025-07-17 11:30:00,0.80284,0.80352,0.80282,0.80326,1122,19,0
2025-07-17 12:00:00,0.80324,0.80368,0.80302,0.80351,1020,19,0
2025-07-17 12:30:00,0.80352,0.80432,0.8034,0.80407,1041,19,0
2025-07-17 13:00:00,0.80408,0.80476,0.80408,0.80416,930,19,0
2025-07-17 13:30:00,0.80417,0.80435,0.80394,0.80418,832,19,0
2025-07-17 14:00:00,0.80417,0.80476,0.80389,0.80472,1110,18,0
2025-07-17 14:30:00,0.80473,0.80555,0.80452,0.80499,1196,18,0
2025-07-17 15:00:00,0.80498,0.80521,0.80429,0.80487,1284,17,0
2025-07-17 15:30:00,0.80506,0.80635,0.80402,0.80453,3292,18,0
2025-07-17 16:00:00,0.80452,0.80506,0.80369,0.80464,2246,18,0
2025-07-17 16:30:00,0.80467,0.80514,0.80438,0.80472,2118,18,0
2025-07-17 17:00:00,0.80473,0.80555,0.80443,0.80445,1845,18,0
2025-07-17 17:30:00,0.80448,0.80519,0.80433,0.80489,1931,18,0
2025-07-17 18:00:00,0.80488,0.80535,0.80464,0.80465,1445,18,0
2025-07-17 18:30:00,0.80466,0.80469,0.80394,0.8043,1258,18,0
2025-07-17 19:00:00,0.80429,0.80439,0.80385,0.80405,545,19,0
2025-07-17 19:30:00,0.80404,0.80567,0.80394,0.80543,780,21,0
2025-07-17 20:00:00,0.80545,0.8057,0.80516,0.80536,521,19,0
2025-07-17 20:30:00,0.80537,0.80564,0.80522,0.80547,472,19,0
2025-07-17 21:00:00,0.80546,0.80595,0.80529,0.80575,466,19,0
2025-07-17 21:30:00,0.80574,0.80579,0.80543,0.80558,347,19,0
2025-07-17 22:00:00,0.80557,0.80571,0.80444,0.80452,535,19,0
2025-07-17 22:30:00,0.80451,0.80455,0.80367,0.80389,587,19,0
2025-07-17 23:00:00,0.80391,0.80419,0.80368,0.80413,263,19,0
2025-07-17 23:30:00,0.80412,0.80439,0.80403,0.80403,387,23,0
2025-07-18 00:00:00,0.80394,0.80499,0.80363,0.80369,102,84,0
2025-07-18 00:30:00,0.8037,0.80421,0.80361,0.80384,541,84,0
2025-07-18 01:00:00,0.80386,0.80411,0.80373,0.80392,248,19,0
2025-07-18 01:30:00,0.80391,0.80391,0.80269,0.80284,635,19,0
2025-07-18 02:00:00,0.80277,0.80292,0.80247,0.80254,499,19,0
2025-07-18 02:30:00,0.80253,0.80289,0.80244,0.80286,553,19,0
2025-07-18 03:00:00,0.80286,0.80295,0.80257,0.80292,974,19,0
2025-07-18 03:30:00,0.80292,0.80307,0.80245,0.80285,1151,19,0
2025-07-18 04:00:00,0.80286,0.80307,0.80254,0.80284,858,19,0
2025-07-18 04:30:00,0.80283,0.80291,0.80213,0.8026,970,19,0
2025-07-18 05:00:00,0.80261,0.80282,0.80251,0.80253,595,19,0
2025-07-18 05:30:00,0.80252,0.80267,0.80239,0.80251,665,19,0
2025-07-18 06:00:00,0.80252,0.80258,0.80224,0.80233,609,19,0
2025-07-18 06:30:00,0.80234,0.80259,0.80205,0.8025,596,19,0
2025-07-18 07:00:00,0.80251,0.80282,0.80247,0.80269,536,19,0
2025-07-18 07:30:00,0.80268,0.80291,0.80265,0.80277,416,19,0
2025-07-18 08:00:00,0.8028,0.80325,0.80275,0.80318,605,19,0
2025-07-18 08:30:00,0.80319,0.80328,0.80294,0.80316,656,19,0
2025-07-18 09:00:00,0.80314,0.80353,0.80311,0.80341,592,19,0
2025-07-18 09:30:00,0.80335,0.80358,0.80316,0.80327,818,19,0
2025-07-18 10:00:00,0.80326,0.80333,0.80247,0.8027,955,19,0
2025-07-18 10:30:00,0.80274,0.80284,0.80227,0.80227,714,19,0
2025-07-18 11:00:00,0.80226,0.80233,0.80148,0.80168,889,19,0
2025-07-18 11:30:00,0.80169,0.80225,0.8014,0.8022,940,19,0
2025-07-18 12:00:00,0.80219,0.80237,0.80174,0.80227,926,19,0
2025-07-18 12:30:00,0.80228,0.80257,0.80227,0.80248,583,19,0
2025-07-18 13:00:00,0.8025,0.80252,0.80189,0.80211,776,19,0
2025-07-18 13:30:00,0.80212,0.80212,0.80144,0.8016,591,19,0
2025-07-18 14:00:00,0.80158,0.80172,0.80095,0.80131,796,18,0
2025-07-18 14:30:00,0.80131,0.80131,0.80058,0.80061,975,18,0
2025-07-18 15:00:00,0.8006,0.8008,0.79952,0.80043,1467,19,0
2025-07-18 15:30:00,0.80042,0.80059,0.79953,0.79958,1141,18,0
2025-07-18 16:00:00,0.79959,0.80037,0.79838,0.79921,1567,18,0
2025-07-18 16:30:00,0.79923,0.80014,0.79889,0.79891,1374,18,0
2025-07-18 17:00:00,0.79856,0.80032,0.79855,0.79986,1851,18,0
2025-07-18 17:30:00,0.79985,0.80034,0.79952,0.79998,1823,18,0
2025-07-18 18:00:00,0.79997,0.8001,0.79921,0.79932,1425,18,0
2025-07-18 18:30:00,0.79934,0.80011,0.79915,0.80004,1149,18,0
2025-07-18 19:00:00,0.80004,0.80064,0.79975,0.8005,826,19,0
2025-07-18 19:30:00,0.80048,0.80096,0.80022,0.80069,614,19,0
2025-07-18 20:00:00,0.80072,0.80123,0.80059,0.80105,533,19,0
2025-07-18 20:30:00,0.80103,0.80147,0.80098,0.80116,582,19,0
2025-07-18 21:00:00,0.80117,0.80131,0.80098,0.80121,461,19,0
2025-07-18 21:30:00,0.8012,0.80159,0.80119,0.80159,490,19,0
2025-07-18 22:00:00,0.80158,0.80186,0.80154,0.80172,487,19,0
2025-07-18 22:30:00,0.80173,0.80183,0.80142,0.80147,468,19,0
2025-07-18 23:00:00,0.80151,0.80151,0.8011,0.80116,274,22,0
2025-07-18 23:30:00,0.80116,0.80155,0.80095,0.80105,323,23,0
2025-07-21 00:00:00,0.79919,0.79984,0.79919,0.79965,386,120,0
2025-07-21 00:30:00,0.79967,0.79981,0.79948,0.79979,520,120,0
2025-07-21 01:00:00,0.79977,0.80127,0.79975,0.80125,1221,19,0
2025-07-21 01:30:00,0.80125,0.80161,0.80125,0.8014,579,19,0
2025-07-21 02:00:00,0.80139,0.80153,0.80107,0.8012,430,19,0
2025-07-21 02:30:00,0.80122,0.80141,0.80105,0.80114,612,19,0
2025-07-21 03:00:00,0.80113,0.80132,0.80068,0.80106,909,19,0
2025-07-21 03:30:00,0.80105,0.80175,0.80101,0.80173,948,19,0
2025-07-21 04:00:00,0.80177,0.80194,0.80134,0.80146,703,19,0
2025-07-21 04:30:00,0.80144,0.80202,0.80143,0.80192,838,19,0
2025-07-21 05:00:00,0.8019,0.80216,0.8015,0.80164,835,19,0
2025-07-21 05:30:00,0.80163,0.80191,0.80147,0.80158,679,19,0
2025-07-21 06:00:00,0.80157,0.80184,0.80143,0.80176,700,19,0
2025-07-21 06:30:00,0.80177,0.80186,0.80155,0.80162,486,19,0
2025-07-21 07:00:00,0.80163,0.8018,0.80146,0.80156,607,19,0
2025-07-21 07:30:00,0.80155,0.80157,0.80123,0.80132,426,19,0
2025-07-21 08:00:00,0.80133,0.80137,0.801,0.80109,664,19,0
2025-07-21 08:30:00,0.80108,0.8013,0.80084,0.80112,584,19,0
2025-07-21 09:00:00,0.80115,0.80131,0.80078,0.80081,728,19,0
2025-07-21 09:30:00,0.80082,0.80085,0.80011,0.80027,1096,19,0
2025-07-21 10:00:00,0.80026,0.80105,0.80008,0.80086,1248,19,0
2025-07-21 10:30:00,0.80084,0.80115,0.8005,0.80059,1129,19,0
2025-07-21 11:00:00,0.80058,0.80093,0.80011,0.80014,857,19,0
2025-07-21 11:30:00,0.80012,0.80032,0.7995,0.80018,986,19,0
2025-07-21 12:00:00,0.80019,0.80065,0.80009,0.80048,865,19,0
2025-07-21 12:30:00,0.80049,0.80076,0.8002,0.80059,716,19,0
2025-07-21 13:00:00,0.80058,0.80128,0.80047,0.80061,949,19,0
2025-07-21 13:30:00,0.8006,0.8006,0.8002,0.80027,811,19,0
2025-07-21 14:00:00,0.80026,0.80035,0.79891,0.79953,1251,19,0
2025-07-21 14:30:00,0.79952,0.79968,0.79888,0.79896,1226,18,0
2025-07-21 15:00:00,0.79895,0.79931,0.79878,0.79919,1225,18,0
2025-07-21 15:30:00,0.79923,0.79952,0.79894,0.79918,895,18,0
2025-07-21 16:00:00,0.7992,0.79954,0.79895,0.79902,997,18,0
2025-07-21 16:30:00,0.79901,0.79949,0.79883,0.79933,1236,18,0
2025-07-21 17:00:00,0.79934,0.79946,0.7981,0.79865,1989,18,0
2025-07-21 17:30:00,0.79864,0.79869,0.79747,0.79769,1814,18,0
2025-07-21 18:00:00,0.7977,0.79778,0.79645,0.79667,1570,18,0
2025-07-21 18:30:00,0.79665,0.79736,0.79649,0.79724,1180,18,0
2025-07-21 19:00:00,0.7973,0.79761,0.79689,0.79732,862,19,0
2025-07-21 19:30:00,0.79727,0.7975,0.79692,0.79747,552,19,0
2025-07-21 20:00:00,0.79746,0.79821,0.79739,0.79799,552,19,0
2025-07-21 20:30:00,0.79798,0.79822,0.7977,0.79797,391,19,0
2025-07-21 21:00:00,0.79796,0.79807,0.79765,0.79772,429,19,0
2025-07-21 21:30:00,0.79776,0.79819,0.79773,0.79778,467,19,0
2025-07-21 22:00:00,0.79779,0.79823,0.79771,0.79814,437,19,0
2025-07-21 22:30:00,0.79811,0.7983,0.798,0.79826,327,19,0
2025-07-21 23:00:00,0.79825,0.79839,0.79822,0.7983,196,22,0
2025-07-21 23:30:00,0.79833,0.79834,0.79745,0.79745,299,23,0
2025-07-22 00:00:00,0.79793,0.79805,0.79687,0.79746,89,84,0
2025-07-22 00:30:00,0.79743,0.7978,0.79717,0.79758,1293,84,0
2025-07-22 01:00:00,0.79741,0.79784,0.79711,0.79773,491,19,0
2025-07-22 01:30:00,0.79774,0.79806,0.79774,0.79794,577,19,0
2025-07-22 02:00:00,0.79795,0.79825,0.79794,0.79823,295,19,0
2025-07-22 02:30:00,0.79824,0.79826,0.79787,0.79804,415,19,0
2025-07-22 03:00:00,0.79802,0.79908,0.79795,0.79852,945,19,0
2025-07-22 03:30:00,0.79851,0.79859,0.79798,0.79817,857,19,0
2025-07-22 04:00:00,0.79817,0.79841,0.79807,0.79832,788,19,0
2025-07-22 04:30:00,0.79831,0.79866,0.79805,0.79816,895,19,0
2025-07-22 05:00:00,0.79817,0.79819,0.79754,0.79785,659,19,0
2025-07-22 05:30:00,0.79786,0.79809,0.79773,0.79792,499,19,0
2025-07-22 06:00:00,0.79791,0.79819,0.79788,0.79811,617,19,0
2025-07-22 06:30:00,0.79813,0.79832,0.79796,0.79824,834,19,0
2025-07-22 07:00:00,0.79823,0.79828,0.79762,0.79768,1042,19,0
2025-07-22 07:30:00,0.79767,0.7979,0.79734,0.79772,694,19,0
2025-07-22 08:00:00,0.7977,0.79837,0.79749,0.79813,709,19,0
2025-07-22 08:30:00,0.79813,0.79855,0.79808,0.79817,891,19,0
2025-07-22 09:00:00,0.79818,0.79872,0.79815,0.7986,622,19,0
2025-07-22 09:30:00,0.79861,0.79863,0.79809,0.79822,889,19,0
2025-07-22 10:00:00,0.79821,0.79862,0.79762,0.79774,1247,19,0
2025-07-22 10:30:00,0.79773,0.79778,0.79692,0.79732,1123,19,0
2025-07-22 11:00:00,0.79733,0.79767,0.79702,0.79725,824,19,0
2025-07-22 11:30:00,0.79724,0.79724,0.79644,0.79695,831,19,0
2025-07-22 12:00:00,0.79694,0.79739,0.79687,0.79731,879,19,0
2025-07-22 12:30:00,0.79731,0.79773,0.79712,0.79716,778,19,0
2025-07-22 13:00:00,0.79714,0.79723,0.79689,0.79722,697,19,0
2025-07-22 13:30:00,0.7972,0.79732,0.79688,0.79709,771,19,0
2025-07-22 14:00:00,0.79708,0.79725,0.79689,0.79713,653,18,0
2025-07-22 14:30:00,0.79712,0.7974,0.7966,0.79671,1172,20,0
2025-07-22 15:00:00,0.79675,0.79813,0.79655,0.79799,995,19,0
2025-07-22 15:30:00,0.79798,0.7982,0.79742,0.79756,1306,19,0
2025-07-22 16:00:00,0.79755,0.79824,0.79715,0.79773,1520,18,0
2025-07-22 16:30:00,0.79774,0.79794,0.79591,0.79632,2210,18,0
2025-07-22 17:00:00,0.7963,0.79692,0.79614,0.79661,1922,18,0
2025-07-22 17:30:00,0.7966,0.79687,0.79513,0.79553,2010,18,0
2025-07-22 18:00:00,0.79552,0.7956,0.79303,0.79348,1862,18,0
2025-07-22 18:30:00,0.79349,0.79383,0.79253,0.79259,1671,18,0
2025-07-22 19:00:00,0.79254,0.79294,0.79202,0.79217,979,19,0
2025-07-22 19:30:00,0.79216,0.79256,0.79194,0.79213,662,19,0
2025-07-22 20:00:00,0.79212,0.7927,0.7921,0.79257,578,19,0
2025-07-22 20:30:00,0.79258,0.793,0.79256,0.79293,460,19,0
2025-07-22 21:00:00,0.79292,0.79306,0.7926,0.79288,413,19,0
2025-07-22 21:30:00,0.79285,0.79289,0.79253,0.79265,362,19,0
2025-07-22 22:00:00,0.79267,0.79286,0.79218,0.79241,377,19,0
2025-07-22 22:30:00,0.79239,0.79254,0.79218,0.79239,343,19,0
2025-07-22 23:00:00,0.7924,0.79269,0.79226,0.79254,290,22,0
2025-07-22 23:30:00,0.79251,0.79251,0.79165,0.79176,505,23,0
2025-07-23 00:00:00,0.79183,0.79196,0.79166,0.79186,378,84,0
2025-07-23 00:30:00,0.79184,0.79196,0.79157,0.79164,557,104,0
2025-07-23 01:00:00,0.79159,0.79255,0.79154,0.79241,498,19,0
2025-07-23 01:30:00,0.79241,0.79262,0.79238,0.79254,463,19,0
2025-07-23 02:00:00,0.79255,0.79317,0.79203,0.79313,815,19,0
2025-07-23 02:30:00,0.79312,0.79375,0.79295,0.79368,769,19,0
2025-07-23 03:00:00,0.7937,0.79395,0.79304,0.79309,1343,19,0
2025-07-23 03:30:00,0.79312,0.79357,0.79282,0.79297,1108,19,0
2025-07-23 04:00:00,0.79296,0.79365,0.79292,0.79332,1151,19,0
2025-07-23 04:30:00,0.79331,0.79397,0.79314,0.79362,1101,19,0
2025-07-23 05:00:00,0.79358,0.79365,0.79319,0.7936,1318,19,0
2025-07-23 05:30:00,0.79363,0.79392,0.7934,0.79374,1007,19,0
2025-07-23 06:00:00,0.79375,0.79377,0.79278,0.79284,662,19,0
2025-07-23 06:30:00,0.79285,0.79323,0.79266,0.79316,727,19,0
2025-07-23 07:00:00,0.79317,0.79418,0.79312,0.79378,727,19,0
2025-07-23 07:30:00,0.79378,0.79387,0.79354,0.79369,593,19,0
2025-07-23 08:00:00,0.79368,0.79406,0.79346,0.79388,589,19,0
2025-07-23 08:30:00,0.7939,0.79439,0.79375,0.79411,899,19,0
2025-07-23 09:00:00,0.79409,0.79409,0.79328,0.79338,816,19,0
2025-07-23 09:30:00,0.79337,0.79367,0.79298,0.79299,1007,19,0
2025-07-23 10:00:00,0.79301,0.79309,0.79143,0.79199,1508,19,0
2025-07-23 10:30:00,0.792,0.7925,0.79159,0.79174,1237,19,0
2025-07-23 11:00:00,0.79172,0.79213,0.791,0.79185,1235,19,0
2025-07-23 11:30:00,0.79184,0.79275,0.79167,0.79252,1088,19,0
2025-07-23 12:00:00,0.79257,0.79273,0.79222,0.79252,747,19,0
2025-07-23 12:30:00,0.79251,0.79275,0.7921,0.79249,932,19,0
2025-07-23 13:00:00,0.79248,0.79294,0.79241,0.79255,989,19,0
2025-07-23 13:30:00,0.79252,0.79301,0.79232,0.79287,826,19,0
2025-07-23 14:00:00,0.79288,0.79367,0.79282,0.79344,1132,18,0
2025-07-23 14:30:00,0.79342,0.79359,0.79303,0.79326,1069,18,0
2025-07-23 15:00:00,0.79327,0.79357,0.79289,0.79355,1089,18,0
2025-07-23 15:30:00,0.79359,0.79396,0.79348,0.79354,1223,18,0
2025-07-23 16:00:00,0.79355,0.79423,0.79339,0.79396,1565,18,0
2025-07-23 16:30:00,0.79395,0.79485,0.79371,0.7939,1805,18,0
2025-07-23 17:00:00,0.79389,0.79452,0.79324,0.79442,1592,18,0
2025-07-23 17:30:00,0.79444,0.79462,0.79328,0.79373,1704,18,0
2025-07-23 18:00:00,0.79374,0.79416,0.79315,0.79374,1188,18,0
2025-07-23 18:30:00,0.79373,0.79439,0.79288,0.7936,2227,18,0
2025-07-23 19:00:00,0.79361,0.79436,0.79324,0.79405,1946,19,0
2025-07-23 19:30:00,0.79406,0.79446,0.79339,0.79428,929,19,0
2025-07-23 20:00:00,0.79427,0.79427,0.79366,0.7941,967,19,0
2025-07-23 20:30:00,0.79411,0.79465,0.79361,0.79381,979,19,0
2025-07-23 21:00:00,0.7938,0.7938,0.79295,0.79298,727,19,0
2025-07-23 21:30:00,0.79297,0.79312,0.79256,0.79268,605,19,0
2025-07-23 22:00:00,0.79267,0.79269,0.79224,0.79244,525,19,0
2025-07-23 22:30:00,0.79243,0.79251,0.79183,0.79204,492,19,0
2025-07-23 23:00:00,0.79206,0.79214,0.79183,0.79209,380,22,0
2025-07-23 23:30:00,0.79208,0.79261,0.79169,0.79175,833,23,0
2025-07-24 00:00:00,0.79188,0.79248,0.79167,0.79172,177,108,0
2025-07-24 00:30:00,0.79171,0.79208,0.79154,0.79181,697,120,0
2025-07-24 01:00:00,0.79189,0.79209,0.79159,0.79205,858,19,0
2025-07-24 01:30:00,0.79204,0.79213,0.79192,0.79209,560,19,0
2025-07-24 02:00:00,0.79208,0.79211,0.7916,0.79169,616,19,0
2025-07-24 02:30:00,0.79168,0.79215,0.79165,0.79213,514,19,0
2025-07-24 03:00:00,0.79214,0.79261,0.79211,0.79225,905,19,0
2025-07-24 03:30:00,0.79226,0.79279,0.79223,0.7926,1145,19,0
2025-07-24 04:00:00,0.79258,0.7926,0.79171,0.79172,1323,19,0
2025-07-24 04:30:00,0.79171,0.79192,0.79143,0.79174,1446,19,0
2025-07-24 05:00:00,0.79175,0.79224,0.79174,0.79183,759,19,0
2025-07-24 05:30:00,0.79184,0.79214,0.79158,0.79175,642,19,0
2025-07-24 06:00:00,0.79175,0.7919,0.79153,0.79189,729,18,0
2025-07-24 06:30:00,0.79195,0.79206,0.79164,0.792,670,19,0
2025-07-24 07:00:00,0.79203,0.79222,0.79187,0.79201,563,19,0
2025-07-24 07:30:00,0.79202,0.79244,0.79197,0.79239,498,19,0
2025-07-24 08:00:00,0.7924,0.79257,0.79211,0.79232,717,19,0
2025-07-24 08:30:00,0.7923,0.79248,0.79216,0.79233,928,19,0
2025-07-24 09:00:00,0.79234,0.79297,0.79234,0.79271,685,19,0
2025-07-24 09:30:00,0.7927,0.793,0.79254,0.79299,955,19,0
2025-07-24 10:00:00,0.79301,0.79337,0.79243,0.79246,1370,18,0
2025-07-24 10:30:00,0.79248,0.79361,0.79248,0.79333,1203,18,0
2025-07-24 11:00:00,0.79332,0.79384,0.79318,0.79351,1069,19,0
2025-07-24 11:30:00,0.79355,0.79399,0.79303,0.79383,1171,19,0
2025-07-24 12:00:00,0.79382,0.79436,0.79375,0.7943,993,19,0
2025-07-24 12:30:00,0.79431,0.79462,0.79418,0.79427,798,19,0
2025-07-24 13:00:00,0.79426,0.79507,0.79418,0.79474,873,19,0
2025-07-24 13:30:00,0.79475,0.79504,0.79446,0.79462,893,19,0
2025-07-24 14:00:00,0.79459,0.79476,0.79424,0.79452,776,18,0
2025-07-24 14:30:00,0.79456,0.79466,0.79378,0.79389,968,18,0
2025-07-24 15:00:00,0.79388,0.79469,0.79372,0.79447,1391,17,0
2025-07-24 15:30:00,0.79445,0.7958,0.79442,0.79534,2175,19,0
2025-07-24 16:00:00,0.79533,0.79563,0.79401,0.79437,2772,18,0
2025-07-24 16:30:00,0.79441,0.79518,0.79388,0.79426,2639,18,0
2025-07-24 17:00:00,0.79425,0.79426,0.79299,0.79371,2335,18,0
2025-07-24 17:30:00,0.7937,0.7951,0.79339,0.79476,1813,18,0
2025-07-24 18:00:00,0.79477,0.79597,0.79448,0.79472,2065,18,0
2025-07-24 18:30:00,0.79466,0.79567,0.79464,0.79567,1470,18,0
2025-07-24 19:00:00,0.79566,0.79577,0.79474,0.79514,942,20,0
2025-07-24 19:30:00,0.79511,0.79515,0.794,0.79444,956,19,0
2025-07-24 20:00:00,0.79441,0.79458,0.79364,0.79376,693,19,0
2025-07-24 20:30:00,0.79378,0.79389,0.79345,0.79388,518,19,0
2025-07-24 21:00:00,0.79387,0.79437,0.7938,0.79419,583,19,0
2025-07-24 21:30:00,0.79418,0.79437,0.79394,0.79429,472,19,0
2025-07-24 22:00:00,0.79428,0.79468,0.79392,0.79408,465,19,0
2025-07-24 22:30:00,0.79407,0.79477,0.794,0.79473,640,19,0
2025-07-24 23:00:00,0.7947,0.79482,0.79446,0.79468,559,22,0
2025-07-24 23:30:00,0.79467,0.7955,0.79466,0.79491,1069,23,0
2025-07-25 00:00:00,0.79469,0.7949,0.79424,0.79434,111,88,0
2025-07-25 00:30:00,0.79441,0.79487,0.79419,0.79461,870,120,0
2025-07-25 01:00:00,0.79438,0.79582,0.79434,0.79534,420,19,0
2025-07-25 01:30:00,0.79534,0.79544,0.79505,0.79514,391,19,0
2025-07-25 02:00:00,0.79514,0.79519,0.79487,0.79506,396,19,0
2025-07-25 02:30:00,0.79509,0.7953,0.7947,0.7948,585,19,0
2025-07-25 03:00:00,0.79481,0.79567,0.79463,0.7952,1069,19,0
2025-07-25 03:30:00,0.79519,0.79571,0.79491,0.7955,938,19,0
2025-07-25 04:00:00,0.79549,0.7962,0.79511,0.79614,1096,19,0
2025-07-25 04:30:00,0.79615,0.79659,0.79609,0.79634,1071,19,0
2025-07-25 05:00:00,0.79635,0.79665,0.79632,0.79636,665,19,0
2025-07-25 05:30:00,0.79637,0.79649,0.79622,0.79631,546,19,0
2025-07-25 06:00:00,0.7963,0.79647,0.79622,0.79626,522,19,0
2025-07-25 06:30:00,0.79626,0.79633,0.79587,0.79603,619,19,0
2025-07-25 07:00:00,0.79604,0.79613,0.79581,0.79609,573,19,0
2025-07-25 07:30:00,0.79609,0.79645,0.79581,0.79594,662,19,0
2025-07-25 08:00:00,0.79595,0.79633,0.79583,0.79604,627,19,0
2025-07-25 08:30:00,0.79603,0.79604,0.79533,0.79569,901,19,0
2025-07-25 09:00:00,0.79567,0.79592,0.79546,0.79558,898,19,0
2025-07-25 09:30:00,0.79557,0.79567,0.79467,0.79535,1179,19,0
2025-07-25 10:00:00,0.79536,0.79559,0.79493,0.79526,1310,19,0
2025-07-25 10:30:00,0.79527,0.79565,0.79495,0.79549,1185,19,0
2025-07-25 11:00:00,0.79549,0.79593,0.79538,0.7958,1439,19,0
2025-07-25 11:30:00,0.79582,0.79593,0.79515,0.79586,1123,19,0
2025-07-25 12:00:00,0.79584,0.79682,0.79579,0.79653,989,19,0
2025-07-25 12:30:00,0.79653,0.7969,0.79618,0.79664,750,19,0
2025-07-25 13:00:00,0.79665,0.79676,0.79589,0.79608,819,19,0
2025-07-25 13:30:00,0.7961,0.79681,0.79569,0.79679,953,19,0
2025-07-25 14:00:00,0.7968,0.79753,0.79653,0.79729,1116,20,0
2025-07-25 14:30:00,0.79728,0.79728,0.79634,0.7967,1201,18,0
2025-07-25 15:00:00,0.79669,0.79735,0.79663,0.79732,1007,18,0
2025-07-25 15:30:00,0.79734,0.79749,0.79682,0.79713,1323,20,0
2025-07-25 16:00:00,0.7971,0.79751,0.79609,0.7966,3088,19,0
2025-07-25 16:30:00,0.79659,0.79786,0.79659,0.79678,2355,19,0
2025-07-25 17:00:00,0.79674,0.79683,0.79597,0.79628,1831,18,0
2025-07-25 17:30:00,0.79629,0.79693,0.79617,0.79658,1602,18,0
2025-07-25 18:00:00,0.79659,0.79723,0.79609,0.79614,1330,18,0
2025-07-25 18:30:00,0.79615,0.79668,0.79613,0.79648,979,18,0
2025-07-25 19:00:00,0.79646,0.79678,0.79611,0.79625,948,19,0
2025-07-25 19:30:00,0.79625,0.7963,0.79536,0.79538,628,19,0
2025-07-25 20:00:00,0.79537,0.79558,0.79508,0.7954,630,19,0
2025-07-25 20:30:00,0.79542,0.79552,0.7949,0.79505,424,19,0
2025-07-25 21:00:00,0.79503,0.79533,0.79487,0.79507,385,19,0
2025-07-25 21:30:00,0.79506,0.79534,0.79464,0.79469,473,19,0
2025-07-25 22:00:00,0.79468,0.79508,0.7946,0.79468,344,19,0
2025-07-25 22:30:00,0.79469,0.7949,0.79464,0.79488,305,19,0
2025-07-25 23:00:00,0.79487,0.79526,0.79487,0.79511,299,22,0
2025-07-25 23:30:00,0.7951,0.79522,0.79455,0.79458,391,23,0
2025-07-28 00:00:00,0.79597,0.79597,0.79499,0.79545,89,120,0
2025-07-28 00:30:00,0.79548,0.79552,0.79468,0.79485,328,114,0
2025-07-28 01:00:00,0.79487,0.79565,0.79452,0.7953,780,19,0
2025-07-28 01:30:00,0.79527,0.79545,0.79515,0.79538,502,19,0
2025-07-28 02:00:00,0.79537,0.79547,0.79509,0.79512,547,19,0
2025-07-28 02:30:00,0.79512,0.79538,0.79505,0.79536,542,19,0
2025-07-28 03:00:00,0.79534,0.79534,0.79434,0.79478,1194,19,0
2025-07-28 03:30:00,0.79479,0.79533,0.79471,0.79482,1451,19,0
2025-07-28 04:00:00,0.79482,0.79504,0.79441,0.79498,1249,19,0
2025-07-28 04:30:00,0.79497,0.79575,0.79492,0.7955,1202,19,0
2025-07-28 05:00:00,0.79551,0.79592,0.79546,0.79566,905,19,0
2025-07-28 05:30:00,0.79567,0.7957,0.79518,0.7954,823,19,0
2025-07-28 06:00:00,0.7954,0.79557,0.79527,0.7954,945,19,0
2025-07-28 06:30:00,0.79541,0.79547,0.79485,0.79487,594,19,0
2025-07-28 07:00:00,0.79486,0.79523,0.79477,0.79518,693,19,0
2025-07-28 07:30:00,0.79516,0.79553,0.79504,0.79549,716,19,0
2025-07-28 08:00:00,0.7955,0.79599,0.79545,0.79585,899,19,0
2025-07-28 08:30:00,0.79584,0.79608,0.79565,0.796,816,19,0
2025-07-28 09:00:00,0.79605,0.79772,0.79578,0.7973,1111,19,0
2025-07-28 09:30:00,0.79731,0.79768,0.79568,0.79593,1608,19,0
2025-07-28 10:00:00,0.79597,0.79651,0.79546,0.79637,1868,19,0
2025-07-28 10:30:00,0.79634,0.79893,0.7963,0.79878,2292,19,0
2025-07-28 11:00:00,0.7988,0.79903,0.79778,0.79822,2007,19,0
2025-07-28 11:30:00,0.79821,0.7994,0.79792,0.79901,1392,19,0
2025-07-28 12:00:00,0.79902,0.79968,0.79872,0.79942,1501,19,0
2025-07-28 12:30:00,0.79943,0.80043,0.79931,0.79988,1195,19,0
2025-07-28 13:00:00,0.79987,0.80142,0.79963,0.80107,1428,19,0
2025-07-28 13:30:00,0.80102,0.8011,0.80018,0.80095,1148,19,0
2025-07-28 14:00:00,0.80093,0.80141,0.80074,0.80114,1176,19,0
2025-07-28 14:30:00,0.80118,0.80159,0.80076,0.801,1679,18,0
2025-07-28 15:00:00,0.80101,0.80118,0.80016,0.80089,2030,18,0
2025-07-28 15:30:00,0.80088,0.80141,0.80019,0.80066,1528,18,0
2025-07-28 16:00:00,0.80065,0.80226,0.80027,0.8018,1752,18,0
2025-07-28 16:30:00,0.80179,0.80272,0.80174,0.8023,1746,18,0
2025-07-28 17:00:00,0.80232,0.80261,0.80045,0.8005,1656,18,0
2025-07-28 17:30:00,0.80051,0.8012,0.79999,0.80105,1600,19,0
2025-07-28 18:00:00,0.80106,0.80186,0.80074,0.80154,1686,18,0
2025-07-28 18:30:00,0.80157,0.80256,0.80141,0.80248,1466,18,0
2025-07-28 19:00:00,0.80247,0.80318,0.80236,0.80258,787,19,0
2025-07-28 19:30:00,0.80259,0.80303,0.8025,0.80279,576,19,0
2025-07-28 20:00:00,0.80281,0.803,0.80258,0.8027,555,19,0
2025-07-28 20:30:00,0.80271,0.80297,0.80251,0.80279,573,19,0
2025-07-28 21:00:00,0.80282,0.80334,0.80266,0.80295,497,19,0
2025-07-28 21:30:00,0.80297,0.80335,0.80284,0.80315,323,19,0
2025-07-28 22:00:00,0.80316,0.80346,0.80303,0.80336,274,19,0
2025-07-28 22:30:00,0.80337,0.8034,0.80301,0.80311,271,19,0
2025-07-28 23:00:00,0.80313,0.80343,0.8031,0.80329,255,22,0
2025-07-28 23:30:00,0.8033,0.80359,0.80292,0.80294,435,23,0
2025-07-29 00:00:00,0.80293,0.80306,0.80151,0.80235,110,84,0
2025-07-29 00:30:00,0.80236,0.80286,0.80223,0.80229,640,85,0
2025-07-29 01:00:00,0.80231,0.80357,0.80231,0.80332,355,19,0
2025-07-29 01:30:00,0.80331,0.80341,0.80316,0.80324,503,19,0
2025-07-29 02:00:00,0.80325,0.80368,0.8032,0.80367,313,19,0
2025-07-29 02:30:00,0.80366,0.80372,0.80315,0.80316,379,19,0
2025-07-29 03:00:00,0.80317,0.80364,0.80307,0.80361,924,19,0
2025-07-29 03:30:00,0.80362,0.80382,0.80333,0.80376,865,19,0
2025-07-29 04:00:00,0.80376,0.8038,0.80308,0.80337,970,19,0
2025-07-29 04:30:00,0.80339,0.8034,0.80277,0.80317,836,19,0
2025-07-29 05:00:00,0.80318,0.80318,0.80246,0.80255,856,19,0
2025-07-29 05:30:00,0.80252,0.80288,0.80238,0.80274,729,19,0
2025-07-29 06:00:00,0.80275,0.80315,0.80265,0.80314,586,19,0
2025-07-29 06:30:00,0.80315,0.80363,0.80311,0.80357,714,19,0
2025-07-29 07:00:00,0.80358,0.80417,0.80345,0.80398,671,19,0
2025-07-29 07:30:00,0.80397,0.80414,0.8035,0.80354,619,19,0
2025-07-29 08:00:00,0.80354,0.80389,0.80346,0.80365,714,19,0
2025-07-29 08:30:00,0.80365,0.80417,0.80347,0.80403,691,19,0
2025-07-29 09:00:00,0.80404,0.80458,0.80368,0.80456,1064,19,0
2025-07-29 09:30:00,0.80457,0.80656,0.8045,0.80644,2144,19,0
2025-07-29 10:00:00,0.80647,0.80707,0.80571,0.80641,2496,19,0
2025-07-29 10:30:00,0.80639,0.80669,0.80552,0.80563,1756,19,0
2025-07-29 11:00:00,0.80566,0.80597,0.80501,0.80532,1452,19,0
2025-07-29 11:30:00,0.80534,0.80541,0.8049,0.80507,1226,19,0
2025-07-29 12:00:00,0.80506,0.80554,0.80472,0.80486,1202,19,0
2025-07-29 12:30:00,0.80487,0.8052,0.80455,0.80485,1229,19,0
2025-07-29 13:00:00,0.80483,0.80492,0.80366,0.80366,1186,19,0
2025-07-29 13:30:00,0.80363,0.80472,0.80363,0.8046,987,19,0
2025-07-29 14:00:00,0.80459,0.80512,0.80446,0.80506,1093,18,0
2025-07-29 14:30:00,0.80508,0.8067,0.80493,0.80663,1956,18,0
2025-07-29 15:00:00,0.80662,0.80748,0.80611,0.80731,1749,19,0
2025-07-29 15:30:00,0.80727,0.80744,0.80667,0.80741,1483,18,0
2025-07-29 16:00:00,0.80737,0.80783,0.80701,0.80718,1451,18,0
2025-07-29 16:30:00,0.80719,0.80756,0.80491,0.80491,1824,18,0
2025-07-29 17:00:00,0.80491,0.80671,0.80479,0.80582,2303,19,0
2025-07-29 17:30:00,0.80583,0.80739,0.80508,0.80729,2816,18,0
2025-07-29 18:00:00,0.80728,0.80751,0.80639,0.80654,2014,18,0
2025-07-29 18:30:00,0.8065,0.80734,0.80636,0.80704,1395,18,0
2025-07-29 19:00:00,0.80703,0.80703,0.80616,0.80648,685,19,0
2025-07-29 19:30:00,0.80649,0.80664,0.80599,0.80634,709,20,0
2025-07-29 20:00:00,0.80635,0.8064,0.8051,0.8055,1028,21,0
2025-07-29 20:30:00,0.80552,0.80622,0.80551,0.80596,858,19,0
2025-07-29 21:00:00,0.80593,0.80623,0.80572,0.80593,515,19,0
2025-07-29 21:30:00,0.80594,0.80598,0.80542,0.80542,499,19,0
2025-07-29 22:00:00,0.80543,0.80559,0.8049,0.80497,479,19,0
2025-07-29 22:30:00,0.805,0.80559,0.80497,0.80554,422,19,0
2025-07-29 23:00:00,0.80552,0.80592,0.80537,0.80587,357,22,0
2025-07-29 23:30:00,0.80588,0.8061,0.80555,0.80555,346,23,0
2025-07-30 00:00:00,0.80561,0.80561,0.80535,0.80539,7,84,0
2025-07-30 00:30:00,0.80535,0.80555,0.80504,0.8052,541,120,0
2025-07-30 01:00:00,0.80534,0.80565,0.80497,0.80557,701,19,0
2025-07-30 01:30:00,0.80557,0.80567,0.80546,0.80554,627,19,0
2025-07-30 02:00:00,0.80552,0.80564,0.80547,0.80561,360,19,0
2025-07-30 02:30:00,0.80561,0.80579,0.80537,0.80538,390,19,0
2025-07-30 03:00:00,0.8054,0.8054,0.80473,0.80481,1431,19,0
2025-07-30 03:30:00,0.80482,0.80484,0.80402,0.8041,1103,19,0
2025-07-30 04:00:00,0.80411,0.80444,0.80371,0.80442,1061,19,0
2025-07-30 04:30:00,0.80444,0.80454,0.80398,0.80434,1054,19,0
2025-07-30 05:00:00,0.80435,0.80438,0.80404,0.80423,694,19,0
2025-07-30 05:30:00,0.80426,0.80448,0.80418,0.80433,741,19,0
2025-07-30 06:00:00,0.80433,0.80433,0.80388,0.80413,861,19,0
2025-07-30 06:30:00,0.80414,0.80477,0.80414,0.80468,622,19,0
2025-07-30 07:00:00,0.80467,0.80527,0.80466,0.8051,661,19,0
2025-07-30 07:30:00,0.8051,0.80546,0.80499,0.80541,489,19,0
2025-07-30 08:00:00,0.80543,0.80552,0.8049,0.80512,730,19,0
2025-07-30 08:30:00,0.80511,0.80552,0.80461,0.80541,958,19,0
2025-07-30 09:00:00,0.8054,0.80583,0.80516,0.80522,843,19,0
2025-07-30 09:30:00,0.80523,0.80525,0.80461,0.80486,970,19,0
2025-07-30 10:00:00,0.80485,0.80501,0.80414,0.80451,1407,19,0
2025-07-30 10:30:00,0.8045,0.80502,0.80437,0.80473,1165,18,0
2025-07-30 11:00:00,0.80472,0.80478,0.80409,0.80411,1187,18,0
2025-07-30 11:30:00,0.8041,0.80436,0.80393,0.80429,856,19,0
2025-07-30 12:00:00,0.8043,0.80472,0.80396,0.8047,1164,19,0
2025-07-30 12:30:00,0.80471,0.80528,0.80454,0.80481,1156,19,0
2025-07-30 13:00:00,0.80482,0.80584,0.80463,0.80573,1096,19,0
2025-07-30 13:30:00,0.80577,0.80619,0.80553,0.80596,1089,19,0
2025-07-30 14:00:00,0.80597,0.80652,0.80585,0.80644,1045,18,0
2025-07-30 14:30:00,0.80643,0.80702,0.80627,0.80635,1252,18,0
2025-07-30 15:00:00,0.80634,0.80777,0.80616,0.80756,1979,17,0
2025-07-30 15:30:00,0.80756,0.81052,0.80744,0.81014,3884,18,0
2025-07-30 16:00:00,0.81013,0.81233,0.80979,0.8123,2949,18,0
2025-07-30 16:30:00,0.81234,0.81234,0.8114,0.81174,2835,17,0
2025-07-30 17:00:00,0.81175,0.8118,0.81092,0.81139,2186,17,0
2025-07-30 17:30:00,0.81137,0.81143,0.81059,0.81063,1725,17,0
2025-07-30 18:00:00,0.81064,0.81104,0.80984,0.81018,1586,18,0
2025-07-30 18:30:00,0.81019,0.81157,0.81015,0.81111,1230,18,0
2025-07-30 19:00:00,0.81107,0.81166,0.81062,0.81106,949,20,0
2025-07-30 19:30:00,0.8111,0.8112,0.81039,0.8104,503,19,0
2025-07-30 20:00:00,0.81042,0.81047,0.81012,0.81034,465,20,0
2025-07-30 20:30:00,0.81033,0.81045,0.80924,0.80924,603,19,0
2025-07-30 21:00:00,0.80941,0.81031,0.80855,0.80961,2234,20,0
2025-07-30 21:30:00,0.80966,0.81349,0.80856,0.81326,4625,20,0
2025-07-30 22:00:00,0.81324,0.81429,0.81244,0.81402,2473,19,0
2025-07-30 22:30:00,0.81401,0.81402,0.81336,0.81361,1445,19,0
2025-07-30 23:00:00,0.81363,0.81491,0.8131,0.81477,965,20,0
2025-07-30 23:30:00,0.81476,0.81493,0.81433,0.81446,1111,23,0
2025-07-31 00:00:00,0.81421,0.81458,0.81305,0.81396,70,84,0
2025-07-31 00:30:00,0.81394,0.81425,0.81318,0.81416,740,110,0
2025-07-31 01:00:00,0.81404,0.81441,0.81375,0.81416,797,19,0
2025-07-31 01:30:00,0.81417,0.81417,0.81367,0.8138,1006,19,0
2025-07-31 02:00:00,0.81376,0.81401,0.81362,0.81371,576,19,0
2025-07-31 02:30:00,0.81372,0.81373,0.81308,0.8132,672,19,0
2025-07-31 03:00:00,0.81319,0.81337,0.81276,0.81319,1100,19,0
2025-07-31 03:30:00,0.8132,0.81344,0.81297,0.81303,870,19,0
2025-07-31 04:00:00,0.81302,0.81357,0.81292,0.81313,933,19,0
2025-07-31 04:30:00,0.81308,0.81349,0.81277,0.81307,1482,19,0
2025-07-31 05:00:00,0.81306,0.81331,0.81269,0.81286,985,19,0
2025-07-31 05:30:00,0.81288,0.81337,0.81271,0.81281,933,19,0
2025-07-31 06:00:00,0.81282,0.81427,0.81246,0.81394,1054,19,0
2025-07-31 06:30:00,0.81393,0.81402,0.81326,0.81332,804,19,0
2025-07-31 07:00:00,0.81331,0.81354,0.81308,0.81315,627,19,0
2025-07-31 07:30:00,0.81315,0.81334,0.81257,0.81259,887,19,0
2025-07-31 08:00:00,0.8126,0.81272,0.81215,0.81233,913,18,0
2025-07-31 08:30:00,0.81234,0.81274,0.81205,0.81252,788,18,0
2025-07-31 09:00:00,0.81253,0.81261,0.81123,0.81157,802,19,0
2025-07-31 09:30:00,0.81161,0.81224,0.81109,0.81137,1757,19,0
2025-07-31 10:00:00,0.81138,0.81299,0.81138,0.81294,1671,19,0
2025-07-31 10:30:00,0.81293,0.8133,0.81209,0.81226,1683,19,0
2025-07-31 11:00:00,0.81224,0.81274,0.81198,0.81263,1514,19,0
2025-07-31 11:30:00,0.81261,0.81335,0.81238,0.81268,1233,19,0
2025-07-31 12:00:00,0.81269,0.81325,0.81264,0.81305,928,19,0
2025-07-31 12:30:00,0.81306,0.81354,0.81299,0.81346,1215,19,0
2025-07-31 13:00:00,0.81348,0.81377,0.81317,0.81377,895,19,0
2025-07-31 13:30:00,0.81374,0.81409,0.8127,0.81284,1096,19,0
2025-07-31 14:00:00,0.81282,0.81318,0.81245,0.81273,1133,18,0
2025-07-31 14:30:00,0.81271,0.81272,0.81161,0.81175,1116,18,0
2025-07-31 15:00:00,0.81178,0.81264,0.81157,0.81203,1562,18,0
2025-07-31 15:30:00,0.81197,0.81348,0.81196,0.81304,2483,19,0
2025-07-31 16:00:00,0.81305,0.81434,0.81295,0.81416,1964,18,0
2025-07-31 16:30:00,0.81417,0.81437,0.81375,0.81398,1821,18,0
2025-07-31 17:00:00,0.81402,0.81423,0.81268,0.81273,1898,18,0
2025-07-31 17:30:00,0.81276,0.81291,0.81148,0.81198,2269,18,0
2025-07-31 18:00:00,0.81197,0.81221,0.81121,0.81219,1899,18,0
2025-07-31 18:30:00,0.8122,0.81253,0.81156,0.81218,1555,18,0
2025-07-31 19:00:00,0.81219,0.81261,0.81188,0.81244,1094,19,0
2025-07-31 19:30:00,0.81245,0.81252,0.81207,0.81234,813,19,0
2025-07-31 20:00:00,0.81235,0.81268,0.81211,0.81226,780,19,0
2025-07-31 20:30:00,0.81225,0.81268,0.81218,0.81263,592,19,0
2025-07-31 21:00:00,0.81262,0.81282,0.81211,0.81227,572,19,0
2025-07-31 21:30:00,0.81228,0.81249,0.81198,0.81218,661,20,0
2025-07-31 22:00:00,0.81219,0.81223,0.81189,0.81195,463,19,0
2025-07-31 22:30:00,0.81198,0.81218,0.81148,0.81216,829,19,0
2025-07-31 23:00:00,0.81213,0.81257,0.81173,0.81249,719,22,0
2025-07-31 23:30:00,0.81253,0.81279,0.81201,0.81209,848,23,0
2025-08-01 00:00:00,0.81204,0.81242,0.81204,0.81228,59,84,0
2025-08-01 00:30:00,0.81229,0.81255,0.81163,0.81211,533,106,0
2025-08-01 01:00:00,0.8121,0.81232,0.81159,0.81222,853,19,0
2025-08-01 01:30:00,0.81224,0.81235,0.81194,0.81219,635,19,0
2025-08-01 02:00:00,0.81219,0.81365,0.81179,0.81318,1224,19,0
2025-08-01 02:30:00,0.81317,0.81405,0.81313,0.81391,807,19,0
2025-08-01 03:00:00,0.8139,0.81447,0.81296,0.81305,1300,19,0
2025-08-01 03:30:00,0.81307,0.81333,0.81251,0.81281,1154,19,0
2025-08-01 04:00:00,0.81282,0.81348,0.81265,0.81313,1188,19,0
2025-08-01 04:30:00,0.81314,0.81429,0.81303,0.81417,1410,19,0
2025-08-01 05:00:00,0.81417,0.81422,0.81359,0.81366,1032,19,0
2025-08-01 05:30:00,0.81365,0.81416,0.81359,0.81374,844,19,0
2025-08-01 06:00:00,0.81371,0.81379,0.81296,0.81349,728,19,0
2025-08-01 06:30:00,0.81348,0.81369,0.81322,0.8136,871,19,0
2025-08-01 07:00:00,0.81361,0.81409,0.81356,0.814,754,19,0
2025-08-01 07:30:00,0.81399,0.81422,0.81377,0.81392,674,19,0
2025-08-01 08:00:00,0.81393,0.81412,0.81378,0.81403,900,19,0
2025-08-01 08:30:00,0.81403,0.81406,0.81367,0.8138,970,19,0
2025-08-01 09:00:00,0.81369,0.81385,0.81285,0.81309,1013,19,0
2025-08-01 09:30:00,0.81308,0.81346,0.81287,0.81305,884,19,0
2025-08-01 10:00:00,0.81302,0.8141,0.81293,0.81364,1308,19,0
2025-08-01 10:30:00,0.81362,0.81487,0.81349,0.81463,1102,19,0
2025-08-01 11:00:00,0.81464,0.81605,0.81458,0.81598,1239,19,0
2025-08-01 11:30:00,0.81599,0.81698,0.81547,0.81693,1286,19,0
2025-08-01 12:00:00,0.81692,0.81703,0.81607,0.81616,1019,19,0
2025-08-01 12:30:00,0.81617,0.81687,0.81575,0.81637,1094,19,0
2025-08-01 13:00:00,0.81633,0.81633,0.81557,0.81588,1060,19,0
2025-08-01 13:30:00,0.81587,0.81596,0.81535,0.81579,1392,19,0
2025-08-01 14:00:00,0.81578,0.81604,0.81508,0.81598,1292,18,0
2025-08-01 14:30:00,0.81599,0.81623,0.81578,0.81606,1341,18,0
2025-08-01 15:00:00,0.81605,0.81688,0.81587,0.8159,1638,18,0
2025-08-01 15:30:00,0.81591,0.81591,0.80504,0.80543,7493,20,0
2025-08-01 16:00:00,0.80536,0.80648,0.80462,0.80496,5141,18,0
2025-08-01 16:30:00,0.80495,0.80594,0.80379,0.80428,4685,17,0
2025-08-01 17:00:00,0.80362,0.80496,0.80256,0.80417,5401,20,0
2025-08-01 17:30:00,0.80418,0.80646,0.80398,0.8063,4402,18,0
2025-08-01 18:00:00,0.80628,0.80753,0.80603,0.80744,3197,18,0
2025-08-01 18:30:00,0.80743,0.80748,0.80607,0.80672,2536,18,0
2025-08-01 19:00:00,0.80675,0.80719,0.80596,0.80716,1311,20,0
2025-08-01 19:30:00,0.80715,0.80726,0.80638,0.80655,1115,19,0
2025-08-01 20:00:00,0.80657,0.80728,0.80642,0.80706,1390,20,0
2025-08-01 20:30:00,0.80705,0.80763,0.80703,0.80723,847,19,0
2025-08-01 21:00:00,0.80721,0.80753,0.80651,0.80651,1036,19,0
2025-08-01 21:30:00,0.80652,0.80802,0.80613,0.80801,909,19,0
2025-08-01 22:00:00,0.808,0.80809,0.80679,0.80691,866,19,0
2025-08-01 22:30:00,0.80688,0.80688,0.80426,0.80499,2567,20,0
2025-08-01 23:00:00,0.80498,0.80498,0.80387,0.8039,932,19,0
2025-08-01 23:30:00,0.80389,0.80424,0.80299,0.80367,1810,24,0
2025-08-04 00:00:00,0.80473,0.80493,0.80268,0.80431,263,120,0
2025-08-04 00:30:00,0.80434,0.80491,0.80322,0.80354,704,120,0
2025-08-04 01:00:00,0.8036,0.80427,0.80243,0.8041,1230,19,0
2025-08-04 01:30:00,0.80411,0.80441,0.80399,0.80409,612,19,0
2025-08-04 02:00:00,0.8041,0.80454,0.80388,0.80437,700,19,0
2025-08-04 02:30:00,0.80436,0.80442,0.80369,0.80391,807,19,0
2025-08-04 03:00:00,0.80387,0.80593,0.80376,0.80587,2056,19,0
2025-08-04 03:30:00,0.80588,0.80644,0.80561,0.80639,1429,19,0
2025-08-04 04:00:00,0.80638,0.80675,0.80582,0.8066,1310,19,0
2025-08-04 04:30:00,0.80657,0.80668,0.80569,0.80574,1346,19,0
2025-08-04 05:00:00,0.80572,0.8059,0.80501,0.80508,1109,19,0
2025-08-04 05:30:00,0.80507,0.80548,0.8047,0.80537,967,19,0
2025-08-04 06:00:00,0.80536,0.80536,0.8047,0.80492,1039,19,0
2025-08-04 06:30:00,0.80489,0.8052,0.80458,0.8049,857,19,0
2025-08-04 07:00:00,0.80491,0.80507,0.80465,0.80477,731,19,0
2025-08-04 07:30:00,0.80476,0.80525,0.80463,0.80512,814,19,0
2025-08-04 08:00:00,0.80516,0.80562,0.80486,0.80524,1010,19,0
2025-08-04 08:30:00,0.80525,0.8062,0.80521,0.80601,936,19,0
2025-08-04 09:00:00,0.80597,0.80736,0.80564,0.80644,1278,19,0
2025-08-04 09:30:00,0.80621,0.80771,0.80457,0.80756,1999,19,0
2025-08-04 10:00:00,0.80757,0.80843,0.80659,0.80817,2448,19,0
2025-08-04 10:30:00,0.80816,0.80925,0.80811,0.80827,1676,19,0
2025-08-04 11:00:00,0.80829,0.80898,0.80808,0.8087,1826,19,0
2025-08-04 11:30:00,0.80871,0.80933,0.80856,0.80894,1726,19,0
2025-08-04 12:00:00,0.80895,0.8093,0.80829,0.8085,1529,19,0
2025-08-04 12:30:00,0.80851,0.80914,0.80807,0.80908,1344,19,0
2025-08-04 13:00:00,0.80907,0.80955,0.80885,0.80931,1175,19,0
2025-08-04 13:30:00,0.80932,0.80937,0.80772,0.80773,1568,19,0
2025-08-04 14:00:00,0.80772,0.80782,0.80671,0.80701,1719,18,0
2025-08-04 14:30:00,0.807,0.80765,0.80698,0.80748,1381,18,0
2025-08-04 15:00:00,0.80747,0.80815,0.80659,0.80665,1627,18,0
2025-08-04 15:30:00,0.80663,0.80693,0.80562,0.80672,1891,18,0
2025-08-04 16:00:00,0.80671,0.80691,0.80585,0.8068,1642,18,0
2025-08-04 16:30:00,0.80681,0.80769,0.80647,0.80738,2257,18,0
2025-08-04 17:00:00,0.80739,0.80816,0.80667,0.80736,2295,18,0
2025-08-04 17:30:00,0.80737,0.80867,0.8072,0.80828,2365,18,0
2025-08-04 18:00:00,0.80827,0.80887,0.80769,0.80873,2076,18,0
2025-08-04 18:30:00,0.80869,0.80885,0.80781,0.8082,1509,18,0
2025-08-04 19:00:00,0.8082,0.80872,0.80796,0.80843,1102,19,0
2025-08-04 19:30:00,0.80844,0.8087,0.80775,0.80778,938,19,0
2025-08-04 20:00:00,0.80777,0.80836,0.80773,0.80813,853,19,0
2025-08-04 20:30:00,0.80814,0.80833,0.80764,0.80783,871,19,0
2025-08-04 21:00:00,0.80782,0.80794,0.80745,0.80794,820,19,0
2025-08-04 21:30:00,0.80793,0.80822,0.80775,0.80806,992,19,0
2025-08-04 22:00:00,0.80804,0.80827,0.80756,0.80773,799,19,0
2025-08-04 22:30:00,0.80774,0.80851,0.80766,0.80824,879,19,0
2025-08-04 23:00:00,0.80823,0.80877,0.80758,0.80791,536,21,0
2025-08-04 23:30:00,0.8079,0.80803,0.80738,0.80742,755,23,0
2025-08-05 00:00:00,0.80746,0.80783,0.80573,0.80694,42,84,0
2025-08-05 00:30:00,0.80694,0.80765,0.80686,0.80691,3834,96,0
2025-08-05 01:00:00,0.80697,0.80769,0.8068,0.80732,893,19,0
2025-08-05 01:30:00,0.80732,0.80757,0.80724,0.80731,504,19,0
2025-08-05 02:00:00,0.8073,0.80742,0.80694,0.80698,572,19,0
2025-08-05 02:30:00,0.80698,0.80715,0.80689,0.80701,402,19,0
2025-08-05 03:00:00,0.80699,0.80735,0.80667,0.80735,855,19,0
2025-08-05 03:30:00,0.80735,0.80852,0.80735,0.80825,1257,19,0
2025-08-05 04:00:00,0.80828,0.8091,0.80813,0.80852,1113,19,0
2025-08-05 04:30:00,0.80852,0.80872,0.80814,0.80853,1150,19,0
2025-08-05 05:00:00,0.80854,0.80897,0.80853,0.80886,884,19,0
2025-08-05 05:30:00,0.80885,0.80913,0.80885,0.80904,819,19,0
2025-08-05 06:00:00,0.80903,0.80938,0.80889,0.80916,631,19,0
2025-08-05 06:30:00,0.80917,0.80943,0.80893,0.80938,532,19,0
2025-08-05 07:00:00,0.80942,0.80964,0.80926,0.80945,566,19,0
2025-08-05 07:30:00,0.80946,0.80952,0.80913,0.80935,832,19,0
2025-08-05 08:00:00,0.80937,0.80968,0.80934,0.80944,640,19,0
2025-08-05 08:30:00,0.80945,0.80995,0.80939,0.80988,746,19,0
2025-08-05 09:00:00,0.80987,0.80996,0.80873,0.80926,871,19,0
2025-08-05 09:30:00,0.80927,0.80994,0.8092,0.80943,1111,19,0
2025-08-05 10:00:00,0.80944,0.80961,0.80834,0.8087,1357,19,0
2025-08-05 10:30:00,0.80871,0.80982,0.80842,0.8093,1304,19,0
2025-08-05 11:00:00,0.80931,0.8106,0.80928,0.81034,1380,19,0
2025-08-05 11:30:00,0.81033,0.81139,0.81026,0.81099,1362,19,0
2025-08-05 12:00:00,0.81098,0.81169,0.80998,0.81033,1266,19,0
2025-08-05 12:30:00,0.81034,0.81065,0.81,0.81034,988,19,0
2025-08-05 13:00:00,0.81035,0.81113,0.81027,0.8107,980,19,0
2025-08-05 13:30:00,0.81071,0.81076,0.80996,0.81005,624,19,0
2025-08-05 14:00:00,0.81008,0.81053,0.80973,0.81005,682,19,0
2025-08-05 14:30:00,0.81006,0.81092,0.80992,0.80998,1327,18,0
2025-08-05 15:00:00,0.80997,0.81023,0.80917,0.80983,1906,18,0
2025-08-05 15:30:00,0.80982,0.8103,0.80929,0.80963,1491,19,0
2025-08-05 16:00:00,0.80964,0.80972,0.80859,0.80875,1428,18,0
2025-08-05 16:30:00,0.80874,0.80987,0.80832,0.8093,1930,18,0
2025-08-05 17:00:00,0.80926,0.8093,0.80785,0.80851,3240,20,0
2025-08-05 17:30:00,0.80852,0.80885,0.80687,0.80721,2363,18,0
2025-08-05 18:00:00,0.8072,0.80751,0.80642,0.80703,2163,18,0
2025-08-05 18:30:00,0.807,0.80741,0.80654,0.80712,1753,18,0
2025-08-05 19:00:00,0.80713,0.80732,0.80674,0.80679,744,19,0
2025-08-05 19:30:00,0.80676,0.80715,0.80647,0.80705,763,19,0
2025-08-05 20:00:00,0.80704,0.8074,0.80704,0.80731,659,19,0
2025-08-05 20:30:00,0.8073,0.80756,0.80711,0.80734,529,19,0
2025-08-05 21:00:00,0.80733,0.80766,0.80722,0.80741,621,19,0
2025-08-05 21:30:00,0.8074,0.80762,0.80728,0.80729,679,19,0
2025-08-05 22:00:00,0.80728,0.80785,0.80728,0.80782,430,19,0
2025-08-05 22:30:00,0.80783,0.80785,0.80715,0.80718,479,19,0
2025-08-05 23:00:00,0.80719,0.80735,0.80706,0.80712,364,22,0
2025-08-05 23:30:00,0.80713,0.80736,0.80687,0.80717,299,23,0
2025-08-06 00:00:00,0.80719,0.80721,0.80669,0.80676,228,84,0
2025-08-06 00:30:00,0.8068,0.8071,0.80657,0.80674,1650,84,0
2025-08-06 01:00:00,0.80678,0.80752,0.80659,0.8074,1029,19,0
2025-08-06 01:30:00,0.80741,0.80758,0.8071,0.80722,771,19,0
2025-08-06 02:00:00,0.80721,0.80736,0.80714,0.80717,582,19,0
2025-08-06 02:30:00,0.80715,0.80725,0.80676,0.80689,511,19,0
2025-08-06 03:00:00,0.80688,0.8073,0.80666,0.80727,969,19,0
2025-08-06 03:30:00,0.80728,0.80738,0.80693,0.80731,1209,19,0
2025-08-06 04:00:00,0.80732,0.80779,0.8073,0.8077,1041,19,0
2025-08-06 04:30:00,0.80767,0.80783,0.80755,0.80763,1001,19,0
2025-08-06 05:00:00,0.80763,0.80778,0.80728,0.80749,735,19,0
2025-08-06 05:30:00,0.80747,0.80767,0.80728,0.8074,918,19,0
2025-08-06 06:00:00,0.80739,0.80743,0.80674,0.80681,743,19,0
2025-08-06 06:30:00,0.8068,0.80696,0.80649,0.80658,619,19,0
2025-08-06 07:00:00,0.80657,0.80683,0.80646,0.80665,631,19,0
2025-08-06 07:30:00,0.80664,0.80672,0.8064,0.80672,745,19,0
2025-08-06 08:00:00,0.80673,0.80705,0.80664,0.80701,852,19,0
2025-08-06 08:30:00,0.80702,0.80736,0.80688,0.80695,735,19,0
2025-08-06 09:00:00,0.80703,0.80711,0.8065,0.80659,677,19,0
2025-08-06 09:30:00,0.8066,0.80738,0.80637,0.8072,1016,19,0
2025-08-06 10:00:00,0.80721,0.80847,0.80721,0.80819,1111,19,0
2025-08-06 10:30:00,0.80818,0.80823,0.80747,0.80772,1019,19,0
2025-08-06 11:00:00,0.80773,0.80907,0.80773,0.80892,1128,19,0
2025-08-06 11:30:00,0.80896,0.80929,0.80825,0.80878,1117,19,0
2025-08-06 12:00:00,0.80873,0.80897,0.80849,0.80858,989,19,0
2025-08-06 12:30:00,0.80861,0.80867,0.80786,0.80794,1114,19,0
2025-08-06 13:00:00,0.80795,0.80815,0.80658,0.80734,1591,19,0
2025-08-06 13:30:00,0.80736,0.80765,0.80644,0.80679,1109,19,0
2025-08-06 14:00:00,0.80679,0.8073,0.80629,0.80656,1022,18,0
2025-08-06 14:30:00,0.80655,0.80713,0.80634,0.8069,1021,18,0
2025-08-06 15:00:00,0.80689,0.80759,0.80677,0.80736,1125,20,0
2025-08-06 15:30:00,0.80737,0.8074,0.80594,0.80627,1512,19,0
2025-08-06 16:00:00,0.80626,0.80633,0.8057,0.80618,1326,18,0
2025-08-06 16:30:00,0.80617,0.8067,0.80588,0.80596,1888,18,0
2025-08-06 17:00:00,0.80597,0.80717,0.80595,0.80641,1961,17,0
2025-08-06 17:30:00,0.8064,0.80749,0.80636,0.80734,1784,17,0
2025-08-06 18:00:00,0.80737,0.80753,0.80553,0.80625,1625,18,0
2025-08-06 18:30:00,0.80624,0.80742,0.80513,0.80513,2390,18,0
2025-08-06 19:00:00,0.80513,0.8056,0.80475,0.80549,1248,19,0
2025-08-06 19:30:00,0.8055,0.80775,0.80518,0.80695,1539,19,0
2025-08-06 20:00:00,0.80696,0.8074,0.80634,0.80676,1152,19,0
2025-08-06 20:30:00,0.80673,0.80692,0.80625,0.80688,557,19,0
2025-08-06 21:00:00,0.80685,0.80696,0.8062,0.80627,696,21,0
2025-08-06 21:30:00,0.80629,0.80637,0.80563,0.80624,758,19,0
2025-08-06 22:00:00,0.80623,0.80653,0.80619,0.80639,459,19,0
2025-08-06 22:30:00,0.80637,0.80686,0.80625,0.80658,447,19,0
2025-08-06 23:00:00,0.80651,0.80666,0.80626,0.80656,435,22,0
2025-08-06 23:30:00,0.80655,0.80701,0.80573,0.80601,1215,23,0
2025-08-07 00:00:00,0.80555,0.80632,0.80555,0.80628,596,84,0
2025-08-07 00:30:00,0.80628,0.80632,0.80568,0.80585,511,84,0
2025-08-07 01:00:00,0.80573,0.8061,0.80528,0.8061,516,19,0
2025-08-07 01:30:00,0.80611,0.80618,0.80591,0.80599,434,19,0
2025-08-07 02:00:00,0.80601,0.80618,0.80589,0.80607,887,19,0
2025-08-07 02:30:00,0.80608,0.80618,0.80594,0.80599,712,19,0
2025-08-07 03:00:00,0.80597,0.80664,0.8059,0.80647,1325,19,0
2025-08-07 03:30:00,0.80646,0.8067,0.80636,0.80644,1447,19,0
2025-08-07 04:00:00,0.80643,0.80656,0.80584,0.8064,1002,19,0
2025-08-07 04:30:00,0.80639,0.80639,0.80541,0.80565,861,19,0
2025-08-07 05:00:00,0.80566,0.80578,0.80526,0.80577,671,19,0
2025-08-07 05:30:00,0.80578,0.80589,0.80556,0.80574,552,19,0
2025-08-07 06:00:00,0.80575,0.80606,0.80572,0.80579,722,19,0
2025-08-07 06:30:00,0.80578,0.80579,0.80535,0.80546,1169,19,0
2025-08-07 07:00:00,0.80551,0.8056,0.80467,0.80493,960,19,0
2025-08-07 07:30:00,0.80492,0.80497,0.80467,0.8049,1083,19,0
2025-08-07 08:00:00,0.80491,0.80555,0.80471,0.80536,818,19,0
2025-08-07 08:30:00,0.80535,0.8057,0.805,0.80503,947,19,0
2025-08-07 09:00:00,0.80494,0.80516,0.80449,0.80481,917,19,0
2025-08-07 09:30:00,0.80482,0.80491,0.80449,0.80458,1133,19,0
2025-08-07 10:00:00,0.80459,0.80518,0.80459,0.80478,973,19,0
2025-08-07 10:30:00,0.8047,0.80495,0.8043,0.8045,1231,19,0
2025-08-07 11:00:00,0.80452,0.80722,0.80418,0.80631,2038,19,0
2025-08-07 11:30:00,0.80629,0.80668,0.80539,0.8057,1290,19,0
2025-08-07 12:00:00,0.80569,0.80644,0.80557,0.80627,1048,19,0
2025-08-07 12:30:00,0.80628,0.80668,0.80596,0.80612,1194,19,0
2025-08-07 13:00:00,0.8061,0.80635,0.80567,0.80615,1429,19,0
2025-08-07 13:30:00,0.80616,0.80638,0.80577,0.806,1266,18,0
2025-08-07 14:00:00,0.80602,0.80718,0.80544,0.80717,2223,19,0
2025-08-07 14:30:00,0.80715,0.80887,0.80712,0.80863,1992,18,0
2025-08-07 15:00:00,0.80865,0.80886,0.80748,0.80785,1581,18,0
2025-08-07 15:30:00,0.80786,0.80805,0.80684,0.80797,2212,18,0
2025-08-07 16:00:00,0.80796,0.80869,0.80768,0.8078,2023,18,0
2025-08-07 16:30:00,0.80778,0.80803,0.80702,0.80739,2174,18,0
2025-08-07 17:00:00,0.80738,0.80841,0.80687,0.80803,3100,18,0
2025-08-07 17:30:00,0.80802,0.80856,0.80766,0.80792,2295,18,0
2025-08-07 18:00:00,0.80793,0.80869,0.80747,0.80763,1911,18,0
2025-08-07 18:30:00,0.80762,0.80774,0.80732,0.80734,1076,18,0
2025-08-07 19:00:00,0.80733,0.80762,0.80709,0.80715,762,19,0
2025-08-07 19:30:00,0.80714,0.80735,0.807,0.80705,606,19,0
2025-08-07 20:00:00,0.80702,0.80768,0.80702,0.8076,857,20,0
2025-08-07 20:30:00,0.80759,0.8078,0.80732,0.80768,576,19,0
2025-08-07 21:00:00,0.80767,0.80781,0.80744,0.80762,452,19,0
2025-08-07 21:30:00,0.80763,0.80826,0.80757,0.80812,508,19,0
2025-08-07 22:00:00,0.80811,0.80833,0.8079,0.8079,411,19,0
2025-08-07 22:30:00,0.80788,0.80788,0.80611,0.80636,1630,21,0
2025-08-07 23:00:00,0.80635,0.80635,0.80551,0.80558,653,20,0
2025-08-07 23:30:00,0.80559,0.80642,0.80559,0.80626,717,23,0
2025-08-08 00:00:00,0.80633,0.80769,0.80568,0.8059,826,84,0
2025-08-08 00:30:00,0.80593,0.80643,0.80556,0.80558,930,120,0
2025-08-08 01:00:00,0.80563,0.80657,0.80533,0.80643,635,19,0
2025-08-08 01:30:00,0.80644,0.80648,0.80559,0.80565,785,19,0
2025-08-08 02:00:00,0.80566,0.80584,0.80548,0.80561,577,19,0
2025-08-08 02:30:00,0.80562,0.80584,0.8055,0.80556,508,19,0
2025-08-08 03:00:00,0.80549,0.80632,0.80541,0.8062,1363,19,0
2025-08-08 03:30:00,0.80621,0.80629,0.80595,0.80605,1032,19,0
2025-08-08 04:00:00,0.80606,0.80721,0.80604,0.80679,882,19,0
2025-08-08 04:30:00,0.80676,0.80721,0.80666,0.80683,821,19,0
2025-08-08 05:00:00,0.80683,0.80684,0.80649,0.80665,760,19,0
2025-08-08 05:30:00,0.80663,0.80672,0.80637,0.80666,807,19,0
2025-08-08 06:00:00,0.80665,0.80696,0.80665,0.80683,935,19,0
2025-08-08 06:30:00,0.80681,0.807,0.80664,0.80667,688,19,0
2025-08-08 07:00:00,0.80666,0.80674,0.80636,0.80658,641,19,0
2025-08-08 07:30:00,0.80659,0.80671,0.80646,0.80663,552,19,0
2025-08-08 08:00:00,0.80662,0.80749,0.80653,0.80745,717,19,0
2025-08-08 08:30:00,0.80744,0.80781,0.80737,0.80767,921,19,0
2025-08-08 09:00:00,0.80769,0.80771,0.80702,0.80745,773,19,0
2025-08-08 09:30:00,0.80744,0.80779,0.80734,0.80756,760,19,0
2025-08-08 10:00:00,0.80755,0.8076,0.80673,0.8069,1175,19,0
2025-08-08 10:30:00,0.80691,0.80727,0.80634,0.80719,1134,19,0
2025-08-08 11:00:00,0.80716,0.80796,0.807,0.80794,964,19,0
2025-08-08 11:30:00,0.80796,0.80877,0.80796,0.80844,1325,19,0
2025-08-08 12:00:00,0.80843,0.80867,0.80772,0.80865,1295,19,0
2025-08-08 12:30:00,0.80866,0.80875,0.80774,0.80781,1008,19,0
2025-08-08 13:00:00,0.80782,0.80814,0.80732,0.80809,907,19,0
2025-08-08 13:30:00,0.80809,0.80835,0.80769,0.80781,792,19,0
2025-08-08 14:00:00,0.80782,0.80808,0.80751,0.80782,903,20,0
2025-08-08 14:30:00,0.80784,0.80815,0.80748,0.80791,893,18,0
2025-08-08 15:00:00,0.80796,0.80802,0.80721,0.80724,1017,20,0
2025-08-08 15:30:00,0.8073,0.80813,0.80672,0.80766,1582,18,0
2025-08-08 16:00:00,0.80767,0.80776,0.80669,0.80714,1127,18,0
2025-08-08 16:30:00,0.80716,0.80747,0.80686,0.80741,1476,18,0
2025-08-08 17:00:00,0.80743,0.80759,0.80661,0.80727,1816,18,0
2025-08-08 17:30:00,0.80728,0.8077,0.80708,0.80742,1249,18,0
2025-08-08 18:00:00,0.80746,0.80752,0.80663,0.80702,1234,18,0
2025-08-08 18:30:00,0.80701,0.8072,0.80665,0.8072,1343,18,0
2025-08-08 19:00:00,0.80719,0.80805,0.80693,0.80752,1082,19,0
2025-08-08 19:30:00,0.80751,0.80792,0.8074,0.80787,990,19,0
2025-08-08 20:00:00,0.80788,0.80796,0.80725,0.80735,816,19,0
2025-08-08 20:30:00,0.80735,0.80779,0.8073,0.80774,567,19,0
2025-08-08 21:00:00,0.80771,0.80795,0.80729,0.80753,1122,19,0
2025-08-08 21:30:00,0.80752,0.80812,0.80742,0.80761,1048,19,0
2025-08-08 22:00:00,0.80763,0.80845,0.80754,0.80821,910,19,0
2025-08-08 22:30:00,0.80819,0.80854,0.80779,0.80814,835,19,0
2025-08-08 23:00:00,0.80814,0.80821,0.80793,0.80802,472,19,0
2025-08-08 23:30:00,0.80804,0.80839,0.80735,0.80775,959,23,0
2025-08-11 00:00:00,0.80828,0.80829,0.80733,0.80763,182,120,0
2025-08-11 00:30:00,0.80768,0.80777,0.80739,0.80741,585,120,0
2025-08-11 01:00:00,0.80738,0.80796,0.80729,0.80785,406,19,0
2025-08-11 01:30:00,0.80785,0.80807,0.80785,0.80791,362,19,0
2025-08-11 02:00:00,0.80789,0.80797,0.8072,0.8074,485,19,0
2025-08-11 02:30:00,0.80741,0.80761,0.80725,0.80743,556,19,0
2025-08-11 03:00:00,0.80742,0.80795,0.80739,0.80775,1071,19,0
2025-08-11 03:30:00,0.80776,0.80795,0.80753,0.80754,1003,19,0
2025-08-11 04:00:00,0.80751,0.80767,0.80733,0.80734,1437,19,0
2025-08-11 04:30:00,0.80735,0.80742,0.80687,0.80691,1088,19,0
2025-08-11 05:00:00,0.8069,0.8069,0.80648,0.80671,681,19,0
2025-08-11 05:30:00,0.80672,0.80696,0.80659,0.80672,533,19,0
2025-08-11 06:00:00,0.80673,0.80687,0.80619,0.80646,840,19,0
2025-08-11 06:30:00,0.80645,0.80658,0.80623,0.80641,627,19,0
2025-08-11 07:00:00,0.80642,0.80645,0.80617,0.80631,672,19,0
2025-08-11 07:30:00,0.8063,0.80641,0.80613,0.80633,639,19,0
2025-08-11 08:00:00,0.80632,0.80651,0.8062,0.80638,650,19,0
2025-08-11 08:30:00,0.80637,0.80648,0.80618,0.80639,828,19,0
2025-08-11 09:00:00,0.80638,0.80679,0.80602,0.80679,563,19,0
2025-08-11 09:30:00,0.80678,0.80701,0.80653,0.80677,735,19,0
2025-08-11 10:00:00,0.80679,0.80742,0.80676,0.8074,1032,19,0
2025-08-11 10:30:00,0.80738,0.80792,0.80738,0.80789,1190,19,0
2025-08-11 11:00:00,0.80788,0.80827,0.80781,0.80799,1050,19,0
2025-08-11 11:30:00,0.80798,0.80849,0.80778,0.80825,946,19,0
2025-08-11 12:00:00,0.80827,0.80932,0.80808,0.80926,976,19,0
2025-08-11 12:30:00,0.80927,0.80963,0.80916,0.80938,710,19,0
2025-08-11 13:00:00,0.80937,0.80976,0.80929,0.80957,671,19,0
2025-08-11 13:30:00,0.80963,0.80988,0.80945,0.80947,767,19,0
2025-08-11 14:00:00,0.80946,0.81027,0.80937,0.81012,874,21,0
2025-08-11 14:30:00,0.81013,0.81119,0.81005,0.81082,1048,18,0
2025-08-11 15:00:00,0.8108,0.81152,0.81061,0.81118,1169,18,0
2025-08-11 15:30:00,0.81119,0.81164,0.8111,0.81137,1000,18,0
2025-08-11 16:00:00,0.81136,0.81152,0.81097,0.81127,995,18,0
2025-08-11 16:30:00,0.81129,0.81165,0.81085,0.81155,1468,19,0
2025-08-11 17:00:00,0.81154,0.81284,0.81154,0.81276,1689,19,0
2025-08-11 17:30:00,0.81277,0.81308,0.81245,0.81246,1351,18,0
2025-08-11 18:00:00,0.81247,0.81304,0.81216,0.81266,1339,18,0
2025-08-11 18:30:00,0.81267,0.81311,0.8123,0.81267,967,18,0
2025-08-11 19:00:00,0.8126,0.81279,0.81233,0.81251,767,19,0
2025-08-11 19:30:00,0.8125,0.81281,0.81222,0.81254,963,19,0
2025-08-11 20:00:00,0.81253,0.81294,0.81249,0.8127,688,19,0
2025-08-11 20:30:00,0.81271,0.81272,0.81207,0.81217,697,19,0
2025-08-11 21:00:00,0.81218,0.81254,0.81215,0.81216,608,19,0
2025-08-11 21:30:00,0.81215,0.81247,0.81211,0.81221,776,19,0
2025-08-11 22:00:00,0.8122,0.81269,0.8122,0.81261,559,19,0
2025-08-11 22:30:00,0.81263,0.81277,0.81217,0.81258,610,19,0
2025-08-11 23:00:00,0.81259,0.81261,0.81182,0.81185,472,21,0
2025-08-11 23:30:00,0.81186,0.81229,0.81185,0.81203,538,23,0
2025-08-12 00:00:00,0.81205,0.81228,0.81117,0.81221,93,84,0
2025-08-12 00:30:00,0.81225,0.8123,0.81142,0.81161,1247,84,0
2025-08-12 01:00:00,0.81162,0.81256,0.81151,0.81235,411,19,0
2025-08-12 01:30:00,0.81236,0.81257,0.81229,0.81247,525,19,0
2025-08-12 02:00:00,0.81245,0.8125,0.81196,0.81198,345,19,0
2025-08-12 02:30:00,0.81199,0.81214,0.81187,0.81197,382,19,0
2025-08-12 03:00:00,0.81203,0.81221,0.81159,0.8119,1106,19,0
2025-08-12 03:30:00,0.81192,0.81198,0.81172,0.81184,1028,19,0
2025-08-12 04:00:00,0.81183,0.81188,0.81127,0.81175,1034,19,0
2025-08-12 04:30:00,0.81172,0.81172,0.81077,0.811,1154,19,0
2025-08-12 05:00:00,0.81101,0.81135,0.81078,0.81089,1117,19,0
2025-08-12 05:30:00,0.8109,0.811,0.81071,0.8109,696,19,0
2025-08-12 06:00:00,0.81089,0.81109,0.81067,0.81108,682,19,0
2025-08-12 06:30:00,0.81109,0.81124,0.8109,0.81117,861,19,0
2025-08-12 07:00:00,0.81119,0.81143,0.81111,0.81133,1329,18,0
2025-08-12 07:30:00,0.81133,0.81146,0.81083,0.81087,950,19,0
2025-08-12 08:00:00,0.81088,0.81093,0.81035,0.81082,901,18,0
2025-08-12 08:30:00,0.8108,0.81101,0.81059,0.81101,1533,18,0
2025-08-12 09:00:00,0.81101,0.81151,0.81062,0.81134,982,19,0
2025-08-12 09:30:00,0.81133,0.81161,0.81109,0.81156,973,19,0
2025-08-12 10:00:00,0.81154,0.81159,0.81011,0.81012,1225,19,0
2025-08-12 10:30:00,0.8101,0.81017,0.80966,0.80986,1435,19,0
2025-08-12 11:00:00,0.80985,0.81005,0.80907,0.80921,1247,19,0
2025-08-12 11:30:00,0.8092,0.81007,0.80919,0.80986,1243,19,0
2025-08-12 12:00:00,0.80985,0.81058,0.8096,0.81057,1168,19,0
2025-08-12 12:30:00,0.8106,0.81087,0.81026,0.81076,1052,19,0
2025-08-12 13:00:00,0.81076,0.81081,0.81006,0.81056,727,19,0
2025-08-12 13:30:00,0.81057,0.81105,0.81057,0.81093,797,19,0
2025-08-12 14:00:00,0.81091,0.81146,0.81087,0.81131,995,18,0
2025-08-12 14:30:00,0.81134,0.81172,0.8111,0.81124,1008,18,0
2025-08-12 15:00:00,0.81117,0.81177,0.81094,0.811,1209,18,0
2025-08-12 15:30:00,0.811,0.81101,0.80806,0.80954,5603,20,0
2025-08-12 16:00:00,0.80956,0.81095,0.80934,0.81084,3042,19,0
2025-08-12 16:30:00,0.81085,0.81106,0.80776,0.80922,3751,19,0
2025-08-12 17:00:00,0.80923,0.81034,0.80857,0.80987,2913,18,0
2025-08-12 17:30:00,0.80983,0.8101,0.8089,0.8091,2188,19,0
2025-08-12 18:00:00,0.80909,0.80928,0.80723,0.80755,1934,19,0
2025-08-12 18:30:00,0.80757,0.80814,0.80652,0.80804,2398,18,0
2025-08-12 19:00:00,0.80805,0.80843,0.80725,0.80729,1624,19,0
2025-08-12 19:30:00,0.8073,0.80761,0.80693,0.80729,1354,19,0
2025-08-12 20:00:00,0.80727,0.80778,0.80726,0.80736,1248,19,0
2025-08-12 20:30:00,0.80735,0.80756,0.80712,0.80748,981,19,0
2025-08-12 21:00:00,0.80749,0.80778,0.80703,0.80759,772,19,0
2025-08-12 21:30:00,0.80762,0.80771,0.80713,0.80726,784,19,0
2025-08-12 22:00:00,0.80727,0.80738,0.80657,0.80657,914,19,0
2025-08-12 22:30:00,0.80656,0.80662,0.80606,0.80634,935,19,0
2025-08-12 23:00:00,0.80635,0.8067,0.80633,0.80657,662,19,0
2025-08-12 23:30:00,0.80656,0.80677,0.80603,0.80613,486,23,0
2025-08-13 00:00:00,0.80613,0.80638,0.806,0.80616,4133,84,0
2025-08-13 00:30:00,0.80614,0.80662,0.80604,0.80616,851,84,0
2025-08-13 01:00:00,0.80619,0.80626,0.80595,0.806,499,19,0
2025-08-13 01:30:00,0.80601,0.80637,0.80598,0.80618,716,19,0
2025-08-13 02:00:00,0.8062,0.80622,0.80603,0.80609,403,19,0
2025-08-13 02:30:00,0.8061,0.80619,0.806,0.8061,258,19,0
2025-08-13 03:00:00,0.80609,0.80682,0.806,0.80672,964,19,0
2025-08-13 03:30:00,0.80672,0.80688,0.8063,0.80635,627,19,0
2025-08-13 04:00:00,0.80638,0.80648,0.80603,0.80648,872,19,0
2025-08-13 04:30:00,0.80649,0.80672,0.80628,0.80668,1059,19,0
2025-08-13 05:00:00,0.80667,0.80706,0.80655,0.80672,674,19,0
2025-08-13 05:30:00,0.80671,0.80674,0.80628,0.80657,807,19,0
2025-08-13 06:00:00,0.80657,0.80666,0.80638,0.80647,608,19,0
2025-08-13 06:30:00,0.80646,0.8065,0.80617,0.80645,694,19,0
2025-08-13 07:00:00,0.80646,0.80669,0.80643,0.80667,827,19,0
2025-08-13 07:30:00,0.80669,0.80676,0.80637,0.80637,813,19,0
2025-08-13 08:00:00,0.80637,0.80654,0.80634,0.80651,630,19,0
2025-08-13 08:30:00,0.80651,0.80678,0.80646,0.80646,931,19,0
2025-08-13 09:00:00,0.80638,0.80667,0.80592,0.80666,649,19,0
2025-08-13 09:30:00,0.80668,0.80674,0.80543,0.8057,1107,19,0
2025-08-13 10:00:00,0.80572,0.80584,0.80442,0.80449,1440,19,0
2025-08-13 10:30:00,0.80447,0.80447,0.80331,0.8036,1149,19,0
2025-08-13 11:00:00,0.80361,0.80363,0.80248,0.80279,1565,19,0
2025-08-13 11:30:00,0.8028,0.80338,0.80253,0.80329,1474,19,0
2025-08-13 12:00:00,0.80328,0.80331,0.8023,0.80244,1213,19,0
2025-08-13 12:30:00,0.80248,0.8026,0.80212,0.80256,1305,19,0
2025-08-13 13:00:00,0.80262,0.80343,0.80243,0.80329,1282,19,0
2025-08-13 13:30:00,0.80328,0.80376,0.80308,0.80369,993,19,0
2025-08-13 14:00:00,0.80368,0.80392,0.80347,0.80368,1011,20,0
2025-08-13 14:30:00,0.80367,0.80392,0.80297,0.80302,1186,18,0
2025-08-13 15:00:00,0.80303,0.80337,0.80271,0.80316,1282,19,0
2025-08-13 15:30:00,0.80315,0.80433,0.80306,0.80431,1287,18,0
2025-08-13 16:00:00,0.80432,0.80478,0.8042,0.8043,1339,18,0
2025-08-13 16:30:00,0.80429,0.80486,0.80406,0.80447,1422,18,0
2025-08-13 17:00:00,0.80446,0.80453,0.80343,0.8035,1657,17,0
2025-08-13 17:30:00,0.80349,0.8044,0.80339,0.80378,1518,17,0
2025-08-13 18:00:00,0.80377,0.80439,0.80371,0.80419,1376,18,0
2025-08-13 18:30:00,0.80418,0.80468,0.80384,0.8043,944,18,0
2025-08-13 19:00:00,0.80427,0.80456,0.80414,0.80445,755,19,0
2025-08-13 19:30:00,0.80448,0.80491,0.80432,0.80491,638,19,0
2025-08-13 20:00:00,0.80492,0.80523,0.80465,0.8048,703,19,0
2025-08-13 20:30:00,0.80481,0.80515,0.80464,0.80507,777,19,0
2025-08-13 21:00:00,0.80507,0.80573,0.80507,0.80554,592,19,0
2025-08-13 21:30:00,0.80554,0.8057,0.80534,0.80543,480,19,0
2025-08-13 22:00:00,0.80544,0.80561,0.80525,0.80537,477,19,0
2025-08-13 22:30:00,0.80537,0.80563,0.80537,0.80546,415,19,0
2025-08-13 23:00:00,0.80547,0.80554,0.8051,0.80514,341,19,0
2025-08-13 23:30:00,0.80518,0.80541,0.80472,0.80472,496,23,0
2025-08-14 00:00:00,0.80443,0.80494,0.80372,0.80404,268,97,0
2025-08-14 00:30:00,0.80403,0.8048,0.80383,0.8042,1539,95,0
2025-08-14 01:00:00,0.80423,0.80525,0.80415,0.80524,815,19,0
2025-08-14 01:30:00,0.80523,0.80524,0.80503,0.8051,766,19,0
2025-08-14 02:00:00,0.80508,0.80512,0.80473,0.80475,455,19,0
2025-08-14 02:30:00,0.80476,0.80483,0.80466,0.80469,443,19,0
2025-08-14 03:00:00,0.80468,0.80508,0.80454,0.80475,1532,19,0
2025-08-14 03:30:00,0.80474,0.80502,0.80459,0.80486,1218,19,0
2025-08-14 04:00:00,0.80485,0.80488,0.80448,0.80462,1074,19,0
2025-08-14 04:30:00,0.80461,0.80502,0.80434,0.80475,1377,19,0
2025-08-14 05:00:00,0.80476,0.80541,0.80474,0.80533,1388,19,0
2025-08-14 05:30:00,0.80535,0.80569,0.8052,0.80533,1038,19,0
2025-08-14 06:00:00,0.80532,0.80563,0.8053,0.8055,1027,19,0
2025-08-14 06:30:00,0.80551,0.80557,0.80527,0.80546,828,19,0
2025-08-14 07:00:00,0.80547,0.80551,0.80511,0.80533,807,19,0
2025-08-14 07:30:00,0.80533,0.80539,0.80504,0.80517,883,19,0
2025-08-14 08:00:00,0.80516,0.80559,0.80516,0.80554,1023,19,0
2025-08-14 08:30:00,0.80555,0.8057,0.80526,0.80543,1253,18,0
2025-08-14 09:00:00,0.80547,0.80573,0.80506,0.80534,898,19,0
2025-08-14 09:30:00,0.80535,0.80641,0.80527,0.80633,1363,19,0
2025-08-14 10:00:00,0.80631,0.80667,0.8058,0.80582,1647,19,0
2025-08-14 10:30:00,0.80583,0.80651,0.80579,0.80639,1312,19,0
2025-08-14 11:00:00,0.80641,0.80673,0.80588,0.80597,1233,19,0
2025-08-14 11:30:00,0.80599,0.8068,0.80597,0.80661,1026,19,0
2025-08-14 12:00:00,0.8066,0.80676,0.80604,0.80617,1075,19,0
2025-08-14 12:30:00,0.80615,0.8063,0.80558,0.80628,833,19,0
2025-08-14 13:00:00,0.80627,0.80636,0.80542,0.8055,999,19,0
2025-08-14 13:30:00,0.80549,0.80571,0.80526,0.80542,1003,19,0
2025-08-14 14:00:00,0.80545,0.8059,0.8053,0.8058,848,18,0
2025-08-14 14:30:00,0.80579,0.80588,0.80496,0.8053,1026,18,0
2025-08-14 15:00:00,0.80529,0.80581,0.80504,0.80565,1163,17,0
2025-08-14 15:30:00,0.80563,0.80801,0.8055,0.80652,4214,19,0
2025-08-14 16:00:00,0.8065,0.80744,0.806,0.80739,2767,19,0
2025-08-14 16:30:00,0.8074,0.80804,0.80689,0.80773,2089,19,0
2025-08-14 17:00:00,0.80772,0.80869,0.80726,0.8075,2155,18,0
2025-08-14 17:30:00,0.80748,0.80776,0.80693,0.80697,1770,18,0
2025-08-14 18:00:00,0.80696,0.80787,0.80696,0.80772,1812,18,0
2025-08-14 18:30:00,0.80769,0.80845,0.80752,0.80777,1459,18,0
2025-08-14 19:00:00,0.80773,0.80869,0.80771,0.80866,1248,19,0
2025-08-14 19:30:00,0.80867,0.80917,0.80848,0.8087,994,19,0
2025-08-14 20:00:00,0.80869,0.80878,0.80806,0.8083,751,19,0
2025-08-14 20:30:00,0.80828,0.8087,0.80826,0.80851,866,19,0
2025-08-14 21:00:00,0.8085,0.80866,0.80828,0.80832,887,19,0
2025-08-14 21:30:00,0.80832,0.80859,0.80823,0.80837,753,19,0
2025-08-14 22:00:00,0.80836,0.80839,0.80762,0.80767,770,19,0
2025-08-14 22:30:00,0.80766,0.80768,0.80709,0.80743,698,19,0
2025-08-14 23:00:00,0.80742,0.80754,0.8071,0.80739,653,21,0
2025-08-14 23:30:00,0.80741,0.80763,0.80721,0.80724,548,23,0
2025-08-15 00:00:00,0.80685,0.80778,0.80685,0.80744,89,84,0
2025-08-15 00:30:00,0.80747,0.80767,0.80694,0.80703,427,84,0
2025-08-15 01:00:00,0.80698,0.80752,0.80698,0.8075,554,19,0
2025-08-15 01:30:00,0.80751,0.80761,0.80737,0.80748,434,19,0
2025-08-15 02:00:00,0.80751,0.80775,0.80745,0.8076,324,19,0
2025-08-15 02:30:00,0.80761,0.80767,0.80725,0.80751,409,19,0
2025-08-15 03:00:00,0.8075,0.80779,0.80745,0.80771,1443,19,0
2025-08-15 03:30:00,0.80773,0.80786,0.80746,0.80758,795,19,0
2025-08-15 04:00:00,0.80758,0.80776,0.80742,0.8075,783,19,0
2025-08-15 04:30:00,0.8075,0.80765,0.80695,0.80729,1392,19,0
2025-08-15 05:00:00,0.8073,0.80735,0.80697,0.80723,857,19,0
2025-08-15 05:30:00,0.8072,0.80721,0.80679,0.80681,767,19,0
2025-08-15 06:00:00,0.8068,0.80684,0.80659,0.80664,1025,19,0
2025-08-15 06:30:00,0.80665,0.80674,0.80641,0.80668,562,19,0
2025-08-15 07:00:00,0.80668,0.80692,0.80663,0.80671,670,19,0
2025-08-15 07:30:00,0.8067,0.80677,0.80638,0.80642,552,19,0
2025-08-15 08:00:00,0.80643,0.8065,0.80631,0.80637,529,19,0
2025-08-15 08:30:00,0.80641,0.80648,0.80602,0.80604,1043,19,0
2025-08-15 09:00:00,0.80602,0.80672,0.80587,0.80657,616,19,0
2025-08-15 09:30:00,0.80656,0.80656,0.80611,0.80618,1000,19,0
2025-08-15 10:00:00,0.80615,0.80623,0.80557,0.80618,1067,19,0
2025-08-15 10:30:00,0.80617,0.8063,0.80503,0.80519,897,19,0
2025-08-15 11:00:00,0.8052,0.80572,0.8051,0.80561,1085,19,0
2025-08-15 11:30:00,0.80562,0.80579,0.80486,0.80506,934,19,0
2025-08-15 12:00:00,0.80507,0.80526,0.80466,0.80502,1000,19,0
2025-08-15 12:30:00,0.80503,0.80554,0.80491,0.80544,1072,19,0
2025-08-15 13:00:00,0.80542,0.80569,0.80523,0.80566,806,19,0
2025-08-15 13:30:00,0.80567,0.80602,0.8055,0.8059,864,19,0
2025-08-15 14:00:00,0.80589,0.80595,0.80549,0.80569,648,20,0
2025-08-15 14:30:00,0.80568,0.80604,0.80553,0.80574,776,18,0
2025-08-15 15:00:00,0.80577,0.80605,0.80543,0.80575,1122,19,0
2025-08-15 15:30:00,0.80573,0.80685,0.80476,0.80534,2384,20,0
2025-08-15 16:00:00,0.80531,0.80638,0.8049,0.80581,1588,18,0
2025-08-15 16:30:00,0.80579,0.80611,0.80503,0.80534,1849,19,0
2025-08-15 17:00:00,0.80523,0.80543,0.80446,0.8048,1923,18,0
2025-08-15 17:30:00,0.80481,0.8052,0.80448,0.80502,1631,18,0
2025-08-15 18:00:00,0.80504,0.80583,0.80486,0.80526,1338,18,0
2025-08-15 18:30:00,0.80527,0.80617,0.80513,0.80603,899,18,0
2025-08-15 19:00:00,0.80602,0.80651,0.80587,0.80645,786,19,0
2025-08-15 19:30:00,0.80643,0.8066,0.80612,0.80612,672,19,0
2025-08-15 20:00:00,0.80611,0.80631,0.80567,0.80603,861,19,0
2025-08-15 20:30:00,0.80602,0.80626,0.80595,0.80603,536,19,0
2025-08-15 21:00:00,0.80602,0.8065,0.80602,0.8062,664,19,0
2025-08-15 21:30:00,0.80622,0.80633,0.80606,0.80609,672,19,0
2025-08-15 22:00:00,0.8061,0.80634,0.80606,0.80627,550,19,0
2025-08-15 22:30:00,0.80626,0.80651,0.80605,0.80646,626,19,0
2025-08-15 23:00:00,0.80645,0.80646,0.80617,0.80642,770,20,0
2025-08-15 23:30:00,0.80645,0.8068,0.80607,0.80615,727,23,0
2025-08-18 00:00:00,0.80444,0.80568,0.80444,0.80532,220,120,0
2025-08-18 00:30:00,0.80529,0.80629,0.80515,0.80579,544,120,0
2025-08-18 01:00:00,0.80567,0.80627,0.80553,0.80615,769,21,0
2025-08-18 01:30:00,0.80619,0.80628,0.8061,0.80616,380,21,0
2025-08-18 02:00:00,0.80614,0.8068,0.80614,0.8066,316,21,0
2025-08-18 02:30:00,0.80659,0.80677,0.80641,0.80644,252,20,0
2025-08-18 03:00:00,0.80643,0.80681,0.80628,0.8064,558,20,0
2025-08-18 03:30:00,0.80638,0.80668,0.80618,0.80652,778,19,0
2025-08-18 04:00:00,0.80654,0.80689,0.80649,0.80684,654,19,0
2025-08-18 04:30:00,0.80683,0.80689,0.8059,0.80596,640,19,0
2025-08-18 05:00:00,0.80595,0.80646,0.80584,0.80632,498,19,0
2025-08-18 05:30:00,0.80632,0.80653,0.80626,0.80641,351,19,0
2025-08-18 06:00:00,0.80644,0.80646,0.80605,0.80606,620,19,0
2025-08-18 06:30:00,0.80604,0.80618,0.80602,0.80611,476,19,0
2025-08-18 07:00:00,0.80612,0.80616,0.80595,0.80606,589,19,0
2025-08-18 07:30:00,0.80607,0.80607,0.80576,0.80585,497,19,0
2025-08-18 08:00:00,0.80585,0.80613,0.80576,0.8061,465,19,0
2025-08-18 08:30:00,0.80615,0.80622,0.80575,0.80582,642,19,0
2025-08-18 09:00:00,0.80589,0.80629,0.80579,0.80625,690,19,0
2025-08-18 09:30:00,0.80627,0.80628,0.80567,0.80568,1001,19,0
2025-08-18 10:00:00,0.80565,0.80604,0.80538,0.80586,1128,19,0
2025-08-18 10:30:00,0.80592,0.80687,0.80563,0.80678,1221,19,0
2025-08-18 11:00:00,0.80678,0.80776,0.80668,0.80697,1578,19,0
2025-08-18 11:30:00,0.80698,0.80728,0.80687,0.80704,1273,19,0
2025-08-18 12:00:00,0.80705,0.80742,0.80677,0.80722,1204,19,0
2025-08-18 12:30:00,0.80723,0.80763,0.80718,0.80729,1141,19,0
2025-08-18 13:00:00,0.8073,0.80736,0.80665,0.80684,898,19,0
2025-08-18 13:30:00,0.80685,0.80709,0.80677,0.80709,708,19,0
2025-08-18 14:00:00,0.80706,0.80711,0.80647,0.80659,856,18,0
2025-08-18 14:30:00,0.8066,0.80732,0.80659,0.80718,1158,18,0
2025-08-18 15:00:00,0.80716,0.80736,0.80675,0.80696,1168,18,0
2025-08-18 15:30:00,0.80695,0.80802,0.80685,0.80732,1256,18,0
2025-08-18 16:00:00,0.80733,0.80793,0.80717,0.80728,1116,18,0
2025-08-18 16:30:00,0.80729,0.80757,0.80664,0.80702,1870,18,0
2025-08-18 17:00:00,0.80702,0.80725,0.80626,0.8066,1612,18,0
2025-08-18 17:30:00,0.80668,0.80744,0.80653,0.80701,1523,18,0
2025-08-18 18:00:00,0.807,0.80744,0.80673,0.80692,1293,18,0
2025-08-18 18:30:00,0.80692,0.807,0.80643,0.80669,1215,18,0
2025-08-18 19:00:00,0.80669,0.80718,0.80665,0.8069,732,19,0
2025-08-18 19:30:00,0.80689,0.80745,0.80668,0.80719,789,19,0
2025-08-18 20:00:00,0.80718,0.80745,0.80692,0.80733,702,19,0
2025-08-18 20:30:00,0.80734,0.80765,0.80713,0.8076,764,19,0
2025-08-18 21:00:00,0.80761,0.80763,0.80703,0.80711,558,19,0
2025-08-18 21:30:00,0.80712,0.80772,0.80706,0.80747,706,19,0
2025-08-18 22:00:00,0.80746,0.80746,0.80698,0.80702,520,19,0
2025-08-18 22:30:00,0.80702,0.8071,0.80687,0.80698,548,19,0
2025-08-18 23:00:00,0.80699,0.80711,0.8068,0.80698,438,21,0
2025-08-18 23:30:00,0.80699,0.80737,0.80687,0.80687,550,23,0
2025-08-19 00:00:00,0.80691,0.8071,0.80662,0.80698,207,84,0
2025-08-19 00:30:00,0.807,0.80727,0.80673,0.80693,645,84,0
2025-08-19 01:00:00,0.80694,0.80715,0.80633,0.80706,421,21,0
2025-08-19 01:30:00,0.80707,0.80724,0.80704,0.80716,226,21,0
2025-08-19 02:00:00,0.80713,0.80754,0.80713,0.80749,346,21,0
2025-08-19 02:30:00,0.80747,0.80758,0.80725,0.80733,205,20,0
2025-08-19 03:00:00,0.80734,0.80758,0.80712,0.80735,732,21,0
2025-08-19 03:30:00,0.80736,0.80755,0.80714,0.80728,578,19,0
2025-08-19 04:00:00,0.80729,0.80826,0.80711,0.80826,739,19,0
2025-08-19 04:30:00,0.80827,0.80846,0.80749,0.80778,1014,19,0
2025-08-19 05:00:00,0.80779,0.80793,0.80732,0.80754,578,19,0
2025-08-19 05:30:00,0.80752,0.80766,0.80739,0.80751,558,19,0
2025-08-19 06:00:00,0.80748,0.80758,0.80728,0.80733,691,19,0
2025-08-19 06:30:00,0.80732,0.80746,0.80698,0.8074,772,19,0
2025-08-19 07:00:00,0.80742,0.80755,0.8072,0.80736,849,19,0
2025-08-19 07:30:00,0.80735,0.8075,0.80709,0.8071,472,19,0
2025-08-19 08:00:00,0.80709,0.80709,0.80685,0.80689,338,19,0
2025-08-19 08:30:00,0.80689,0.80744,0.80672,0.8072,890,19,0
2025-08-19 09:00:00,0.80718,0.80747,0.80704,0.80715,651,19,0
2025-08-19 09:30:00,0.80714,0.80715,0.80598,0.806,834,19,0
2025-08-19 10:00:00,0.80599,0.80616,0.80555,0.8061,1306,19,0
2025-08-19 10:30:00,0.80611,0.80636,0.80529,0.80575,1587,19,0
2025-08-19 11:00:00,0.80576,0.80611,0.80569,0.80581,954,19,0
2025-08-19 11:30:00,0.80576,0.80622,0.80574,0.80592,745,19,0
2025-08-19 12:00:00,0.80591,0.80613,0.80572,0.80602,863,19,0
2025-08-19 12:30:00,0.80598,0.80616,0.80551,0.80567,721,19,0
2025-08-19 13:00:00,0.80568,0.80569,0.80475,0.80495,796,19,0
2025-08-19 13:30:00,0.80496,0.80531,0.80491,0.805,856,19,0
2025-08-19 14:00:00,0.80501,0.80545,0.80463,0.80543,1129,18,0
2025-08-19 14:30:00,0.80542,0.80564,0.80517,0.80528,936,18,0
2025-08-19 15:00:00,0.80527,0.80545,0.80477,0.80506,1176,18,0
2025-08-19 15:30:00,0.80507,0.80577,0.80499,0.80547,1600,18,0
2025-08-19 16:00:00,0.80548,0.80589,0.80529,0.80559,1371,18,0
2025-08-19 16:30:00,0.80559,0.80573,0.80514,0.80528,1624,18,0
2025-08-19 17:00:00,0.8053,0.80623,0.80515,0.80591,1324,18,0
2025-08-19 17:30:00,0.8059,0.80639,0.80585,0.8061,1625,18,0
2025-08-19 18:00:00,0.80609,0.80648,0.80583,0.80635,1535,18,0
2025-08-19 18:30:00,0.80634,0.807,0.8063,0.80692,1060,18,0
2025-08-19 19:00:00,0.8069,0.80707,0.80657,0.80706,848,19,0
2025-08-19 19:30:00,0.80707,0.80729,0.80674,0.80713,787,19,0
2025-08-19 20:00:00,0.80715,0.80721,0.80687,0.80716,771,19,0
2025-08-19 20:30:00,0.80717,0.80729,0.80695,0.80719,675,19,0
2025-08-19 21:00:00,0.80718,0.80758,0.80717,0.80756,790,19,0
2025-08-19 21:30:00,0.80755,0.8078,0.8074,0.80756,756,19,0
2025-08-19 22:00:00,0.80755,0.80772,0.80739,0.80741,704,19,0
2025-08-19 22:30:00,0.80742,0.80769,0.8074,0.80762,640,19,0
2025-08-19 23:00:00,0.80764,0.80781,0.80762,0.80775,477,20,0
2025-08-19 23:30:00,0.80775,0.80777,0.80709,0.80709,312,23,0
2025-08-20 00:00:00,0.80637,0.80727,0.80637,0.8066,85,84,0
2025-08-20 00:30:00,0.80666,0.80714,0.80652,0.80678,790,120,0
2025-08-20 01:00:00,0.80679,0.80745,0.80679,0.80741,971,19,0
2025-08-20 01:30:00,0.80742,0.80766,0.80739,0.8075,976,19,0
2025-08-20 02:00:00,0.80741,0.80793,0.8074,0.80787,414,19,0
2025-08-20 02:30:00,0.80788,0.80797,0.80763,0.80775,601,19,0
2025-08-20 03:00:00,0.80777,0.80897,0.80773,0.80894,710,19,0
2025-08-20 03:30:00,0.80896,0.80908,0.80835,0.80847,589,19,0
2025-08-20 04:00:00,0.80843,0.80899,0.80826,0.80888,879,19,0
2025-08-20 04:30:00,0.8089,0.80891,0.80837,0.80871,872,19,0
2025-08-20 05:00:00,0.80872,0.80904,0.80867,0.80891,894,19,0
2025-08-20 05:30:00,0.80895,0.8092,0.80877,0.80877,669,19,0
2025-08-20 06:00:00,0.80876,0.80876,0.80819,0.80829,581,19,0
2025-08-20 06:30:00,0.80828,0.80837,0.80805,0.80831,811,19,0
2025-08-20 07:00:00,0.8083,0.80834,0.80797,0.80821,376,19,0
2025-08-20 07:30:00,0.80818,0.80837,0.80811,0.80836,544,19,0
2025-08-20 08:00:00,0.80835,0.80843,0.80807,0.80812,348,19,0
2025-08-20 08:30:00,0.80813,0.80827,0.80798,0.80817,596,19,0
2025-08-20 09:00:00,0.80822,0.80889,0.80785,0.80822,1078,19,0
2025-08-20 09:30:00,0.80821,0.8083,0.80792,0.80826,1076,19,0
2025-08-20 10:00:00,0.80827,0.80847,0.80768,0.80784,1065,19,0
2025-08-20 10:30:00,0.80788,0.80829,0.80752,0.80799,1004,19,0
2025-08-20 11:00:00,0.80798,0.80814,0.80777,0.80812,897,19,0
2025-08-20 11:30:00,0.80814,0.80825,0.8077,0.80784,953,19,0
2025-08-20 12:00:00,0.80785,0.8081,0.80748,0.80752,875,19,0
2025-08-20 12:30:00,0.80753,0.8076,0.80706,0.80718,703,19,0
2025-08-20 13:00:00,0.80719,0.80723,0.8066,0.80693,766,19,0
2025-08-20 13:30:00,0.80691,0.80731,0.80681,0.80724,765,19,0
2025-08-20 14:00:00,0.80725,0.80761,0.80703,0.80758,947,18,0
2025-08-20 14:30:00,0.80758,0.80764,0.80714,0.80729,1135,18,0
2025-08-20 15:00:00,0.80726,0.80727,0.80669,0.80677,1253,18,0
2025-08-20 15:30:00,0.80676,0.80676,0.80554,0.80559,1984,18,0
2025-08-20 16:00:00,0.80558,0.80641,0.80535,0.80627,1163,18,0
2025-08-20 16:30:00,0.80628,0.80628,0.80496,0.80518,1997,18,0
2025-08-20 17:00:00,0.80517,0.80542,0.80376,0.80438,2211,17,0
2025-08-20 17:30:00,0.80439,0.80469,0.80325,0.80372,2310,17,0
2025-08-20 18:00:00,0.80373,0.80455,0.80372,0.80385,1886,18,0
2025-08-20 18:30:00,0.80383,0.80434,0.80364,0.80434,1429,18,0
2025-08-20 19:00:00,0.80433,0.80442,0.80359,0.8038,850,19,0
2025-08-20 19:30:00,0.80381,0.80407,0.80365,0.80387,635,19,0
2025-08-20 20:00:00,0.80394,0.80394,0.80302,0.80309,738,19,0
2025-08-20 20:30:00,0.80307,0.80376,0.80303,0.8031,752,19,0
2025-08-20 21:00:00,0.80311,0.80401,0.80308,0.80385,932,19,0
2025-08-20 21:30:00,0.80385,0.80403,0.80363,0.80392,698,19,0
2025-08-20 22:00:00,0.80393,0.804,0.80342,0.80365,820,19,0
2025-08-20 22:30:00,0.80364,0.80402,0.80358,0.80399,441,19,0
2025-08-20 23:00:00,0.804,0.80432,0.80398,0.80414,405,21,0
2025-08-20 23:30:00,0.80412,0.80425,0.80359,0.80359,506,23,0
2025-08-21 00:00:00,0.80389,0.80389,0.80308,0.80318,251,84,0
2025-08-21 00:30:00,0.80321,0.80402,0.80318,0.80335,289,84,0
2025-08-21 01:00:00,0.80337,0.80386,0.80317,0.80377,796,21,0
2025-08-21 01:30:00,0.80378,0.80389,0.80371,0.80387,310,19,0
2025-08-21 02:00:00,0.80388,0.80416,0.80387,0.80394,411,19,0
2025-08-21 02:30:00,0.80399,0.80415,0.80395,0.80404,246,19,0
2025-08-21 03:00:00,0.80405,0.80454,0.80395,0.80445,740,19,0
2025-08-21 03:30:00,0.80446,0.80489,0.80429,0.80429,1194,19,0
2025-08-21 04:00:00,0.8043,0.80471,0.80401,0.80461,776,19,0
2025-08-21 04:30:00,0.8046,0.80496,0.80439,0.80487,955,19,0
2025-08-21 05:00:00,0.80488,0.80492,0.80456,0.8049,611,19,0
2025-08-21 05:30:00,0.80491,0.80502,0.80481,0.8049,451,19,0
2025-08-21 06:00:00,0.80492,0.80512,0.80474,0.8051,519,19,0
2025-08-21 06:30:00,0.80511,0.80515,0.80493,0.80498,262,19,0
2025-08-21 07:00:00,0.80497,0.80508,0.80474,0.80498,727,19,0
2025-08-21 07:30:00,0.80499,0.80526,0.80464,0.80526,423,19,0
2025-08-21 08:00:00,0.80523,0.80543,0.80498,0.80499,495,19,0
2025-08-21 08:30:00,0.805,0.8051,0.80473,0.80474,462,19,0
2025-08-21 09:00:00,0.8047,0.80631,0.80454,0.80625,813,19,0
2025-08-21 09:30:00,0.80624,0.80624,0.80568,0.80591,1054,19,0
2025-08-21 10:00:00,0.8059,0.80641,0.8053,0.80556,1303,18,0
2025-08-21 10:30:00,0.80555,0.80555,0.80463,0.80488,1179,18,0
2025-08-21 11:00:00,0.80487,0.80528,0.80478,0.80509,1062,19,0
2025-08-21 11:30:00,0.80507,0.8054,0.80487,0.80516,950,19,0
2025-08-21 12:00:00,0.80514,0.80526,0.80481,0.80493,698,19,0
2025-08-21 12:30:00,0.80494,0.80531,0.80492,0.80527,842,19,0
2025-08-21 13:00:00,0.80529,0.80579,0.80524,0.80554,686,19,0
2025-08-21 13:30:00,0.80555,0.80594,0.80544,0.80585,733,19,0
2025-08-21 14:00:00,0.80584,0.80605,0.80533,0.80604,1259,18,0
2025-08-21 14:30:00,0.80605,0.80679,0.80603,0.80649,1089,18,0
2025-08-21 15:00:00,0.80647,0.80682,0.80603,0.80641,1083,18,0
2025-08-21 15:30:00,0.8053,0.80622,0.80506,0.80607,2290,18,0
2025-08-21 16:00:00,0.80608,0.8065,0.80581,0.80617,1472,18,0
2025-08-21 16:30:00,0.80618,0.80783,0.80575,0.80741,2594,18,0
2025-08-21 17:00:00,0.8074,0.80766,0.80676,0.80763,2238,18,0
2025-08-21 17:30:00,0.80764,0.80828,0.80719,0.80786,2120,18,0
2025-08-21 18:00:00,0.80787,0.80886,0.8072,0.80773,2269,18,0
2025-08-21 18:30:00,0.80768,0.80844,0.80749,0.80843,1840,18,0
2025-08-21 19:00:00,0.8084,0.8087,0.8083,0.80839,989,19,0
2025-08-21 19:30:00,0.80841,0.80866,0.80803,0.80803,715,19,0
2025-08-21 20:00:00,0.808,0.80829,0.80783,0.80827,674,19,0
2025-08-21 20:30:00,0.80828,0.80836,0.80801,0.80823,611,19,0
2025-08-21 21:00:00,0.80822,0.80852,0.80809,0.80836,472,19,0
2025-08-21 21:30:00,0.80837,0.80878,0.80825,0.80878,528,19,0
2025-08-21 22:00:00,0.80877,0.80882,0.80852,0.80867,471,19,0
2025-08-21 22:30:00,0.80865,0.80896,0.8086,0.80885,456,19,0
2025-08-21 23:00:00,0.80886,0.80891,0.80872,0.80876,237,20,0
2025-08-21 23:30:00,0.80877,0.80878,0.80821,0.80821,434,23,0
2025-08-22 00:00:00,0.80689,0.80844,0.80684,0.80747,200,84,0
2025-08-22 00:30:00,0.80748,0.80798,0.80728,0.80752,920,120,0
2025-08-22 01:00:00,0.80756,0.80857,0.80756,0.8084,369,20,0
2025-08-22 01:30:00,0.80842,0.80849,0.80834,0.80848,464,19,0
2025-08-22 02:00:00,0.80849,0.80882,0.80847,0.80875,378,19,0
2025-08-22 02:30:00,0.8087,0.80873,0.80844,0.80861,239,19,0
2025-08-22 03:00:00,0.8086,0.80881,0.80856,0.80878,852,19,0
2025-08-22 03:30:00,0.80877,0.80889,0.80871,0.80878,667,19,0
2025-08-22 04:00:00,0.80877,0.80917,0.80866,0.80913,481,19,0
2025-08-22 04:30:00,0.80912,0.80981,0.80904,0.80969,800,19,0
2025-08-22 05:00:00,0.80968,0.81003,0.80907,0.80915,703,19,0
2025-08-22 05:30:00,0.80914,0.80926,0.80891,0.80907,542,19,0
2025-08-22 06:00:00,0.80908,0.80945,0.80908,0.80943,719,19,0
2025-08-22 06:30:00,0.80944,0.81007,0.80941,0.80986,562,19,0
2025-08-22 07:00:00,0.80985,0.81014,0.80963,0.81014,464,19,0
2025-08-22 07:30:00,0.81015,0.81029,0.80998,0.81025,377,19,0
2025-08-22 08:00:00,0.81026,0.8103,0.80991,0.8101,557,19,0
2025-08-22 08:30:00,0.81011,0.81019,0.80976,0.80989,444,19,0
2025-08-22 09:00:00,0.8099,0.8102,0.80957,0.80984,627,19,0
2025-08-22 09:30:00,0.80983,0.8101,0.80948,0.81,942,19,0
2025-08-22 10:00:00,0.81001,0.81002,0.80887,0.80919,1084,19,0
2025-08-22 10:30:00,0.80913,0.80955,0.80911,0.8094,799,19,0
2025-08-22 11:00:00,0.80939,0.80976,0.80933,0.8096,973,19,0
2025-08-22 11:30:00,0.80959,0.80969,0.80922,0.80925,834,19,0
2025-08-22 12:00:00,0.80926,0.80944,0.8091,0.80928,685,19,0
2025-08-22 12:30:00,0.80927,0.80952,0.80907,0.80951,716,19,0
2025-08-22 13:00:00,0.8095,0.80952,0.80912,0.80924,494,19,0
2025-08-22 13:30:00,0.80925,0.8093,0.80857,0.80882,756,19,0
2025-08-22 14:00:00,0.80882,0.80894,0.80855,0.80877,1054,18,0
2025-08-22 14:30:00,0.80876,0.80879,0.80809,0.80821,1154,18,0
2025-08-22 15:00:00,0.80819,0.80835,0.80781,0.80798,1223,18,0
2025-08-22 15:30:00,0.80797,0.80829,0.80785,0.80801,977,18,0
2025-08-22 16:00:00,0.80802,0.80827,0.80748,0.80813,1251,18,0
2025-08-22 16:30:00,0.80814,0.80879,0.80804,0.80863,1404,17,0
2025-08-22 17:00:00,0.80824,0.80824,0.80102,0.8023,7747,18,0
2025-08-22 17:30:00,0.80231,0.80257,0.80142,0.80143,4278,18,0
2025-08-22 18:00:00,0.80142,0.80161,0.80012,0.8006,2757,18,0
2025-08-22 18:30:00,0.80059,0.80155,0.80022,0.80154,2202,18,0
2025-08-22 19:00:00,0.80151,0.80153,0.80104,0.80142,1299,18,0
2025-08-22 19:30:00,0.80141,0.80168,0.80104,0.80123,1384,19,0
2025-08-22 20:00:00,0.80122,0.80123,0.80015,0.80027,1337,19,0
2025-08-22 20:30:00,0.80028,0.8004,0.79992,0.80032,1011,19,0
2025-08-22 21:00:00,0.80035,0.8008,0.80014,0.80065,753,19,0
2025-08-22 21:30:00,0.80063,0.80102,0.80054,0.80099,604,19,0
2025-08-22 22:00:00,0.80097,0.80141,0.80095,0.80112,759,19,0
2025-08-22 22:30:00,0.80112,0.80132,0.8011,0.80119,485,19,0
2025-08-22 23:00:00,0.80118,0.8015,0.80096,0.80131,399,19,0
2025-08-22 23:30:00,0.8013,0.8014,0.80064,0.80082,512,23,0
2025-08-25 00:00:00,0.80064,0.80147,0.80004,0.80106,334,120,0
2025-08-25 00:30:00,0.80153,0.80184,0.80087,0.80115,1128,120,0
2025-08-25 01:00:00,0.80116,0.80186,0.8006,0.80162,645,20,0
2025-08-25 01:30:00,0.80164,0.80232,0.80164,0.80219,534,19,0
2025-08-25 02:00:00,0.8022,0.80251,0.80204,0.80248,443,19,0
2025-08-25 02:30:00,0.80247,0.80256,0.8022,0.80233,396,19,0
2025-08-25 03:00:00,0.80237,0.80316,0.80237,0.80304,763,19,0
2025-08-25 03:30:00,0.80305,0.80321,0.80269,0.80288,747,19,0
2025-08-25 04:00:00,0.80287,0.80293,0.80237,0.8029,711,19,0
2025-08-25 04:30:00,0.80289,0.8034,0.80283,0.80329,714,19,0
2025-08-25 05:00:00,0.8033,0.80345,0.8032,0.8033,513,19,0
2025-08-25 05:30:00,0.80331,0.80332,0.80307,0.80329,532,19,0
2025-08-25 06:00:00,0.8033,0.8033,0.80271,0.80276,515,19,0
2025-08-25 06:30:00,0.80277,0.80277,0.80244,0.8026,402,19,0
2025-08-25 07:00:00,0.80259,0.80296,0.80248,0.80277,473,19,0
2025-08-25 07:30:00,0.80278,0.80303,0.80252,0.80283,339,19,0
2025-08-25 08:00:00,0.80284,0.80325,0.80284,0.80317,601,19,0
2025-08-25 08:30:00,0.80318,0.80337,0.80315,0.80319,512,19,0
2025-08-25 09:00:00,0.80319,0.80327,0.80229,0.80237,723,19,0
2025-08-25 09:30:00,0.80236,0.80258,0.80187,0.80213,795,19,0
2025-08-25 10:00:00,0.80214,0.8023,0.80158,0.8019,751,19,0
2025-08-25 10:30:00,0.80189,0.80263,0.80179,0.80233,783,19,0
2025-08-25 11:00:00,0.80238,0.80253,0.80212,0.80224,741,19,0
2025-08-25 11:30:00,0.80221,0.80222,0.80151,0.80183,650,19,0
2025-08-25 12:00:00,0.80185,0.80232,0.80183,0.80218,494,19,0
2025-08-25 12:30:00,0.80217,0.8024,0.80169,0.80224,562,19,0
2025-08-25 13:00:00,0.80225,0.80276,0.80216,0.80259,705,19,0
2025-08-25 13:30:00,0.80263,0.80273,0.80253,0.80264,562,19,0
2025-08-25 14:00:00,0.80261,0.80269,0.80202,0.80225,1146,18,0
2025-08-25 14:30:00,0.80226,0.80243,0.80193,0.80196,768,18,0
2025-08-25 15:00:00,0.80194,0.80248,0.80189,0.80242,1051,18,0
2025-08-25 15:30:00,0.80244,0.80256,0.80216,0.8023,1099,18,0
2025-08-25 16:00:00,0.80231,0.80265,0.80216,0.80251,1055,18,0
2025-08-25 16:30:00,0.80248,0.80261,0.80186,0.8022,1364,18,0
2025-08-25 17:00:00,0.80222,0.80269,0.80212,0.80247,1765,18,0
2025-08-25 17:30:00,0.80248,0.80309,0.80245,0.8029,1449,18,0
2025-08-25 18:00:00,0.80289,0.80326,0.80257,0.80282,1408,18,0
2025-08-25 18:30:00,0.80284,0.80365,0.80283,0.80337,1397,18,0
2025-08-25 19:00:00,0.80338,0.80391,0.80328,0.80383,949,19,0
2025-08-25 19:30:00,0.80382,0.80446,0.80374,0.80406,899,19,0
2025-08-25 20:00:00,0.80405,0.80425,0.80398,0.80419,822,19,0
2025-08-25 20:30:00,0.8042,0.80482,0.8041,0.80453,764,19,0
2025-08-25 21:00:00,0.80452,0.80524,0.80441,0.80516,825,19,0
2025-08-25 21:30:00,0.80514,0.80614,0.80514,0.80593,988,19,0
2025-08-25 22:00:00,0.80591,0.80697,0.80582,0.80673,1200,19,0
2025-08-25 22:30:00,0.80675,0.80703,0.80665,0.80673,731,19,0
2025-08-25 23:00:00,0.80674,0.80674,0.80606,0.80616,623,19,0
2025-08-25 23:30:00,0.80615,0.80625,0.80529,0.80534,613,23,0
2025-08-26 00:00:00,0.80535,0.80562,0.8048,0.80559,95,111,0
2025-08-26 00:30:00,0.80558,0.80572,0.80427,0.8053,879,100,0
2025-08-26 01:00:00,0.80531,0.80607,0.80525,0.806,368,21,0
2025-08-26 01:30:00,0.80599,0.80608,0.80581,0.80591,291,19,0
2025-08-26 02:00:00,0.8059,0.80627,0.80579,0.80623,362,19,0
2025-08-26 02:30:00,0.80624,0.80629,0.80603,0.80614,578,19,0
2025-08-26 03:00:00,0.80613,0.80659,0.80388,0.80402,2884,19,0
2025-08-26 03:30:00,0.80403,0.80433,0.80263,0.80339,2311,19,0
2025-08-26 04:00:00,0.80337,0.80441,0.80336,0.80421,1151,19,0
2025-08-26 04:30:00,0.80419,0.80451,0.804,0.80417,795,19,0
2025-08-26 05:00:00,0.80416,0.8044,0.80374,0.80414,785,19,0
2025-08-26 05:30:00,0.80414,0.80499,0.80414,0.80455,720,19,0
2025-08-26 06:00:00,0.80454,0.80547,0.80452,0.80531,1047,19,0
2025-08-26 06:30:00,0.80532,0.8057,0.80509,0.80559,540,19,0
2025-08-26 07:00:00,0.80559,0.80583,0.80538,0.80546,561,19,0
2025-08-26 07:30:00,0.80545,0.80559,0.80528,0.80533,530,19,0
2025-08-26 08:00:00,0.80534,0.80574,0.80529,0.80555,670,19,0
2025-08-26 08:30:00,0.80556,0.80556,0.8048,0.80505,760,19,0
2025-08-26 09:00:00,0.80508,0.80668,0.80508,0.8059,1152,19,0
2025-08-26 09:30:00,0.80589,0.80664,0.80572,0.80656,1275,19,0
2025-08-26 10:00:00,0.80657,0.80715,0.80612,0.80645,2045,19,0
2025-08-26 10:30:00,0.80646,0.80654,0.80566,0.80578,1441,19,0
2025-08-26 11:00:00,0.80574,0.80701,0.80557,0.80648,1410,19,0
2025-08-26 11:30:00,0.8065,0.80679,0.80626,0.80664,1148,19,0
2025-08-26 12:00:00,0.80665,0.80673,0.80606,0.80608,1060,19,0
2025-08-26 12:30:00,0.80609,0.80643,0.80551,0.8057,1003,19,0
2025-08-26 13:00:00,0.80569,0.80592,0.80552,0.80587,826,19,0
2025-08-26 13:30:00,0.80586,0.80636,0.8056,0.80566,1033,19,0
2025-08-26 14:00:00,0.80566,0.80583,0.80491,0.80541,1161,18,0
2025-08-26 14:30:00,0.80539,0.80546,0.80418,0.8046,1270,18,0
2025-08-26 15:00:00,0.80457,0.80461,0.80366,0.80392,1449,18,0
2025-08-26 15:30:00,0.8039,0.8045,0.80369,0.80441,1680,18,0
2025-08-26 16:00:00,0.80442,0.80511,0.80431,0.80438,1774,18,0
2025-08-26 16:30:00,0.8044,0.8048,0.80407,0.8042,1551,18,0
2025-08-26 17:00:00,0.80425,0.80494,0.80374,0.80399,2167,18,0
2025-08-26 17:30:00,0.80401,0.80407,0.80345,0.8038,1734,18,0
2025-08-26 18:00:00,0.80382,0.80393,0.80304,0.80357,1550,18,0
2025-08-26 18:30:00,0.80357,0.80379,0.80298,0.80305,1486,18,0
2025-08-26 19:00:00,0.80304,0.80304,0.80246,0.80277,953,18,0
2025-08-26 19:30:00,0.80278,0.80329,0.80273,0.80323,1023,19,0
2025-08-26 20:00:00,0.80322,0.80338,0.80282,0.803,936,19,0
2025-08-26 20:30:00,0.80302,0.80354,0.80298,0.80353,922,19,0
2025-08-26 21:00:00,0.80354,0.80392,0.80354,0.80359,733,18,0
2025-08-26 21:30:00,0.80358,0.80372,0.80296,0.80314,757,18,0
2025-08-26 22:00:00,0.80313,0.80317,0.80283,0.8029,607,19,0
2025-08-26 22:30:00,0.80291,0.80338,0.80288,0.8033,674,19,0
2025-08-26 23:00:00,0.80331,0.8037,0.80331,0.80366,564,20,0
2025-08-26 23:30:00,0.80365,0.8037,0.80277,0.80281,416,23,0
2025-08-27 00:00:00,0.80317,0.80369,0.8027,0.80352,249,120,0
2025-08-27 00:30:00,0.80355,0.8036,0.8025,0.80336,1238,105,0
2025-08-27 01:00:00,0.80342,0.80347,0.80241,0.80318,436,21,0
2025-08-27 01:30:00,0.80319,0.80359,0.80314,0.80344,448,19,0
2025-08-27 02:00:00,0.80345,0.80363,0.80329,0.80345,350,19,0
2025-08-27 02:30:00,0.80346,0.80378,0.80342,0.80373,264,19,0
2025-08-27 03:00:00,0.80374,0.80386,0.80349,0.80371,713,19,0
2025-08-27 03:30:00,0.80374,0.80407,0.8037,0.80397,699,19,0
2025-08-27 04:00:00,0.80398,0.80409,0.8036,0.80393,776,19,0
2025-08-27 04:30:00,0.80394,0.80436,0.80383,0.80431,706,19,0
2025-08-27 05:00:00,0.8043,0.80482,0.80428,0.80466,671,19,0
2025-08-27 05:30:00,0.80467,0.80473,0.80438,0.80441,504,19,0
2025-08-27 06:00:00,0.80441,0.80458,0.80421,0.80457,386,19,0
2025-08-27 06:30:00,0.80456,0.80473,0.80445,0.80463,458,19,0
2025-08-27 07:00:00,0.80464,0.80522,0.80462,0.80497,479,19,0
2025-08-27 07:30:00,0.80498,0.8052,0.80487,0.80514,526,19,0
2025-08-27 08:00:00,0.80515,0.80531,0.80484,0.80492,466,19,0
2025-08-27 08:30:00,0.80495,0.80509,0.80482,0.80503,541,19,0
2025-08-27 09:00:00,0.80501,0.8054,0.80491,0.80524,662,19,0
2025-08-27 09:30:00,0.80523,0.80542,0.80496,0.80525,847,19,0
2025-08-27 10:00:00,0.80528,0.80563,0.80506,0.80556,959,19,0
2025-08-27 10:30:00,0.80557,0.80608,0.8055,0.80558,1033,19,0
2025-08-27 11:00:00,0.8056,0.80695,0.80558,0.8069,1200,19,0
2025-08-27 11:30:00,0.80691,0.80756,0.80618,0.80634,1139,19,0
2025-08-27 12:00:00,0.80633,0.80665,0.80589,0.80599,924,19,0
2025-08-27 12:30:00,0.806,0.80681,0.80598,0.80678,832,19,0
2025-08-27 13:00:00,0.8068,0.80719,0.8065,0.80706,757,19,0
2025-08-27 13:30:00,0.80705,0.80714,0.80682,0.80703,666,19,0
2025-08-27 14:00:00,0.80702,0.8072,0.80654,0.80692,1253,18,0
2025-08-27 14:30:00,0.80692,0.80704,0.80635,0.80681,1124,18,0
2025-08-27 15:00:00,0.8068,0.80683,0.80585,0.80592,1229,18,0
2025-08-27 15:30:00,0.80591,0.80593,0.80482,0.80508,1632,18,0
2025-08-27 16:00:00,0.80509,0.8052,0.80439,0.80494,1608,18,0
2025-08-27 16:30:00,0.80492,0.80548,0.80447,0.80479,1818,18,0
2025-08-27 17:00:00,0.8048,0.80482,0.80413,0.80447,1625,17,0
2025-08-27 17:30:00,0.80448,0.80497,0.80377,0.80384,1937,17,0
2025-08-27 18:00:00,0.80385,0.80391,0.80292,0.80343,1877,18,0
2025-08-27 18:30:00,0.80344,0.80396,0.8034,0.80368,1279,18,0
2025-08-27 19:00:00,0.80368,0.80376,0.8031,0.8031,958,19,0
2025-08-27 19:30:00,0.80312,0.80315,0.80144,0.80183,1331,19,0
2025-08-27 20:00:00,0.80182,0.80215,0.8015,0.80214,1230,19,0
2025-08-27 20:30:00,0.80214,0.8024,0.80187,0.80194,885,19,0
2025-08-27 21:00:00,0.80195,0.80247,0.80191,0.80208,653,19,0
2025-08-27 21:30:00,0.80207,0.80256,0.80198,0.80245,796,19,0
2025-08-27 22:00:00,0.80246,0.80276,0.80235,0.80257,699,19,0
2025-08-27 22:30:00,0.80257,0.80274,0.80217,0.80233,600,19,0
2025-08-27 23:00:00,0.80232,0.80256,0.8022,0.80222,464,19,0
2025-08-27 23:30:00,0.80222,0.80234,0.8017,0.80183,454,23,0
2025-08-28 00:00:00,0.8043,0.8043,0.80177,0.80206,1060,84,0
2025-08-28 00:30:00,0.80205,0.80207,0.80174,0.80181,521,84,0
2025-08-28 01:00:00,0.80177,0.80211,0.80172,0.80183,435,19,0
2025-08-28 01:30:00,0.80184,0.80184,0.80165,0.80168,291,19,0
2025-08-28 02:00:00,0.80167,0.8017,0.80151,0.80165,291,19,0
2025-08-28 02:30:00,0.80163,0.80164,0.80138,0.80145,328,19,0
2025-08-28 03:00:00,0.80144,0.80178,0.80135,0.80165,628,19,0
2025-08-28 03:30:00,0.80167,0.80175,0.80152,0.80162,519,19,0
2025-08-28 04:00:00,0.80161,0.80165,0.80129,0.80141,636,19,0
2025-08-28 04:30:00,0.8014,0.80175,0.8012,0.80143,678,19,0
2025-08-28 05:00:00,0.80144,0.80151,0.80109,0.80136,612,19,0
2025-08-28 05:30:00,0.80135,0.80137,0.80096,0.80103,412,19,0
2025-08-28 06:00:00,0.80104,0.80126,0.80089,0.80123,503,19,0
2025-08-28 06:30:00,0.80124,0.80134,0.80099,0.80123,418,19,0
2025-08-28 07:00:00,0.80124,0.80147,0.80122,0.80133,380,19,0
2025-08-28 07:30:00,0.80134,0.80152,0.80124,0.80146,548,19,0
2025-08-28 08:00:00,0.80147,0.80165,0.80147,0.80155,628,19,0
2025-08-28 08:30:00,0.80156,0.80186,0.80153,0.80164,460,19,0
2025-08-28 09:00:00,0.80165,0.80183,0.80128,0.80173,613,20,0
2025-08-28 09:30:00,0.80174,0.80206,0.80148,0.80168,884,20,0
2025-08-28 10:00:00,0.80169,0.80183,0.80127,0.8015,954,19,0
2025-08-28 10:30:00,0.80149,0.80168,0.80103,0.80114,895,19,0
2025-08-28 11:00:00,0.80117,0.80182,0.8009,0.80161,983,19,0
2025-08-28 11:30:00,0.80164,0.80164,0.80103,0.8011,871,19,0
2025-08-28 12:00:00,0.80109,0.80109,0.80063,0.80076,886,19,0
2025-08-28 12:30:00,0.80075,0.80086,0.80022,0.80073,792,19,0
2025-08-28 13:00:00,0.80072,0.80077,0.79991,0.80011,857,19,0
2025-08-28 13:30:00,0.8001,0.80021,0.79933,0.79951,1010,19,0
2025-08-28 14:00:00,0.79952,0.80036,0.7993,0.79995,1143,18,0
2025-08-28 14:30:00,0.79994,0.80168,0.79987,0.80106,1246,18,0
2025-08-28 15:00:00,0.80102,0.80163,0.80076,0.80132,1631,17,0
2025-08-28 15:30:00,0.80106,0.80218,0.80072,0.80192,2761,18,0
2025-08-28 16:00:00,0.80193,0.80284,0.80176,0.80257,2182,18,0
2025-08-28 16:30:00,0.80256,0.80297,0.80127,0.80151,2058,18,0
2025-08-28 17:00:00,0.80152,0.80204,0.80119,0.8014,2010,18,0
2025-08-28 17:30:00,0.80141,0.80221,0.80121,0.80181,1763,18,0
2025-08-28 18:00:00,0.80182,0.80222,0.80181,0.80198,1606,18,0
2025-08-28 18:30:00,0.80198,0.80217,0.8014,0.80161,1424,18,0
2025-08-28 19:00:00,0.80159,0.80176,0.80101,0.80115,797,19,0
2025-08-28 19:30:00,0.80115,0.80123,0.80036,0.80036,907,19,0
2025-08-28 20:00:00,0.80035,0.8006,0.79967,0.80008,1135,19,0
2025-08-28 20:30:00,0.80006,0.80059,0.80006,0.80055,759,19,0
2025-08-28 21:00:00,0.80054,0.80112,0.80052,0.8011,788,19,0
2025-08-28 21:30:00,0.80111,0.80138,0.80096,0.80119,649,19,0
2025-08-28 22:00:00,0.80115,0.80152,0.80097,0.80133,593,19,0
2025-08-28 22:30:00,0.80135,0.80157,0.80129,0.80148,481,19,0
2025-08-28 23:00:00,0.80149,0.80175,0.80145,0.80175,363,19,0
2025-08-28 23:30:00,0.80174,0.80181,0.80061,0.80061,507,23,0
2025-08-29 00:00:00,0.80052,0.80141,0.80051,0.80076,86,84,0
2025-08-29 00:30:00,0.80067,0.80123,0.80043,0.80076,1032,116,0
2025-08-29 01:00:00,0.80078,0.80181,0.80066,0.80168,846,19,0
2025-08-29 01:30:00,0.80167,0.80194,0.8016,0.80189,384,19,0
2025-08-29 02:00:00,0.80187,0.80189,0.80147,0.80159,453,19,0
2025-08-29 02:30:00,0.8016,0.80171,0.80142,0.80169,387,19,0
2025-08-29 03:00:00,0.80168,0.80203,0.80145,0.80193,951,19,0
2025-08-29 03:30:00,0.80192,0.80235,0.80162,0.80194,865,19,0
2025-08-29 04:00:00,0.80194,0.80268,0.80181,0.80259,1027,19,0
2025-08-29 04:30:00,0.8026,0.80307,0.80245,0.80295,1012,19,0
2025-08-29 05:00:00,0.80294,0.80296,0.80253,0.80271,1112,19,0
2025-08-29 05:30:00,0.80272,0.80296,0.80263,0.80282,754,19,0
2025-08-29 06:00:00,0.80283,0.80289,0.8024,0.80242,476,19,0
2025-08-29 06:30:00,0.80239,0.80264,0.80233,0.80244,447,19,0
2025-08-29 07:00:00,0.80245,0.80272,0.80245,0.80262,594,19,0
2025-08-29 07:30:00,0.80262,0.80269,0.8024,0.80241,496,19,0
2025-08-29 08:00:00,0.80242,0.80258,0.80232,0.80244,703,19,0
2025-08-29 08:30:00,0.80243,0.8026,0.80203,0.80204,627,19,0
2025-08-29 09:00:00,0.80203,0.80233,0.80193,0.80198,660,20,0
2025-08-29 09:30:00,0.80197,0.80216,0.80173,0.80186,787,20,0
2025-08-29 10:00:00,0.80184,0.80201,0.8015,0.80153,961,19,0
2025-08-29 10:30:00,0.80152,0.80154,0.80026,0.80035,1070,19,0
2025-08-29 11:00:00,0.80037,0.80063,0.8001,0.80012,983,19,0
2025-08-29 11:30:00,0.80011,0.80088,0.79955,0.8006,1388,19,0
2025-08-29 12:00:00,0.80059,0.80099,0.80051,0.80069,781,19,0
2025-08-29 12:30:00,0.80066,0.80134,0.80063,0.80131,882,19,0
2025-08-29 13:00:00,0.80128,0.80216,0.80123,0.8017,855,19,0
2025-08-29 13:30:00,0.80169,0.80241,0.80161,0.80239,834,19,0
2025-08-29 14:00:00,0.80238,0.80265,0.80218,0.80228,1153,18,0
2025-08-29 14:30:00,0.80229,0.80286,0.8022,0.80271,894,18,0
2025-08-29 15:00:00,0.8027,0.80345,0.80255,0.80255,1287,18,0
2025-08-29 15:30:00,0.80258,0.803,0.8019,0.80232,2168,17,0
2025-08-29 16:00:00,0.80235,0.80262,0.80191,0.80206,1657,18,0
2025-08-29 16:30:00,0.80203,0.80232,0.80061,0.80101,1941,18,0
2025-08-29 17:00:00,0.80087,0.80117,0.80026,0.80027,2449,18,0
2025-08-29 17:30:00,0.80026,0.80043,0.79879,0.79898,2776,18,0
2025-08-29 18:00:00,0.79897,0.80025,0.79847,0.79992,2231,18,0
2025-08-29 18:30:00,0.79991,0.8,0.79937,0.79958,1607,18,0
2025-08-29 19:00:00,0.79957,0.79978,0.79919,0.7997,1069,19,0
2025-08-29 19:30:00,0.79968,0.79995,0.79917,0.79917,858,19,0
2025-08-29 20:00:00,0.79918,0.79968,0.79907,0.79939,870,19,0
2025-08-29 20:30:00,0.79937,0.79972,0.79924,0.79967,837,19,0
2025-08-29 21:00:00,0.79966,0.80006,0.79959,0.80005,737,19,0
2025-08-29 21:30:00,0.80005,0.80021,0.79977,0.79994,587,19,0
2025-08-29 22:00:00,0.79996,0.80029,0.7998,0.79999,587,19,0
2025-08-29 22:30:00,0.79998,0.80009,0.79979,0.80005,724,19,0
2025-08-29 23:00:00,0.80001,0.80017,0.79978,0.80009,596,21,0
2025-08-29 23:30:00,0.80013,0.80064,0.80005,0.80022,716,23,0
2025-09-01 00:00:00,0.79869,0.799,0.79857,0.79897,384,120,0
2025-09-01 00:30:00,0.79899,0.79938,0.7987,0.79928,599,118,0
2025-09-01 01:00:00,0.79927,0.80085,0.79924,0.80048,416,20,0
2025-09-01 01:30:00,0.80048,0.80106,0.80047,0.80079,359,19,0
2025-09-01 02:00:00,0.80081,0.80093,0.80069,0.80087,282,19,0
2025-09-01 02:30:00,0.80088,0.80089,0.80051,0.80059,366,19,0
2025-09-01 03:00:00,0.80054,0.80104,0.80053,0.80097,613,19,0
2025-09-01 03:30:00,0.80096,0.80099,0.80056,0.80061,528,19,0
2025-09-01 04:00:00,0.80063,0.8011,0.80051,0.80099,561,19,0
2025-09-01 04:30:00,0.80101,0.80109,0.80056,0.80076,856,19,0
2025-09-01 05:00:00,0.80075,0.80077,0.79994,0.79998,799,19,0
2025-09-01 05:30:00,0.79999,0.80009,0.79932,0.79946,776,19,0
2025-09-01 06:00:00,0.79945,0.79955,0.79924,0.79947,669,19,0
2025-09-01 06:30:00,0.79948,0.79973,0.79937,0.79951,622,19,0
2025-09-01 07:00:00,0.7995,0.79967,0.79941,0.79963,699,19,0
2025-09-01 07:30:00,0.79963,0.79967,0.7993,0.79952,637,19,0
2025-09-01 08:00:00,0.79952,0.79956,0.79934,0.79943,560,19,0
2025-09-01 08:30:00,0.79944,0.79948,0.79916,0.79924,707,19,0
2025-09-01 09:00:00,0.79927,0.79929,0.79891,0.79909,750,19,0
2025-09-01 09:30:00,0.79911,0.79923,0.79866,0.79921,992,19,0
2025-09-01 10:00:00,0.7992,0.79971,0.79895,0.79956,1055,19,0
2025-09-01 10:30:00,0.79956,0.7998,0.7988,0.79882,860,19,0
2025-09-01 11:00:00,0.79883,0.79948,0.7986,0.79936,1062,19,0
2025-09-01 11:30:00,0.79937,0.79937,0.79852,0.79868,893,19,0
2025-09-01 12:00:00,0.79866,0.79924,0.79859,0.79902,1040,19,0
2025-09-01 12:30:00,0.79901,0.79943,0.79879,0.79923,814,19,0
2025-09-01 13:00:00,0.79924,0.7995,0.79907,0.79914,764,19,0
2025-09-01 13:30:00,0.79915,0.7994,0.79898,0.79927,561,19,0
2025-09-01 14:00:00,0.79925,0.7994,0.79886,0.79917,959,18,0
2025-09-01 14:30:00,0.79916,0.80043,0.79913,0.80043,995,18,0
2025-09-01 15:00:00,0.80045,0.80086,0.80035,0.80083,1374,18,0
2025-09-01 15:30:00,0.80081,0.80115,0.80071,0.80099,1274,18,0
2025-09-01 16:00:00,0.801,0.8012,0.80008,0.80009,1400,18,0
2025-09-01 16:30:00,0.80003,0.80067,0.79989,0.80052,1396,18,0
2025-09-01 17:00:00,0.80054,0.80077,0.80027,0.80068,1205,18,0
2025-09-01 17:30:00,0.80067,0.80075,0.79991,0.80013,1441,18,0
2025-09-01 18:00:00,0.80013,0.8011,0.80005,0.80097,1012,18,0
2025-09-01 18:30:00,0.80098,0.80164,0.80089,0.80146,870,18,0
2025-09-01 19:00:00,0.80148,0.80159,0.80113,0.80118,683,19,0
2025-09-01 19:30:00,0.80117,0.80129,0.80107,0.8011,475,19,0
2025-09-01 20:00:00,0.80111,0.80122,0.80106,0.80116,635,19,0
2025-09-01 20:30:00,0.80115,0.80121,0.80101,0.80104,457,19,0
2025-09-01 21:00:00,0.80105,0.80105,0.80088,0.80098,393,19,0
2025-09-01 21:30:00,0.80099,0.80104,0.80088,0.8009,331,19,0
2025-09-01 22:00:00,0.80089,0.80089,0.80037,0.80037,443,19,0
2025-09-01 22:30:00,0.80036,0.80044,0.80012,0.80025,518,19,0
2025-09-01 23:00:00,0.80026,0.80035,0.80015,0.80023,421,20,0
2025-09-01 23:30:00,0.80022,0.80057,0.79988,0.79997,497,23,0
2025-09-02 00:00:00,0.79996,0.80012,0.79978,0.79991,195,88,0
2025-09-02 00:30:00,0.79991,0.80071,0.79991,0.79995,762,84,0
2025-09-02 01:00:00,0.79991,0.80069,0.7999,0.80056,546,19,0
2025-09-02 01:30:00,0.80055,0.80065,0.80014,0.80039,438,19,0
2025-09-02 02:00:00,0.80038,0.80043,0.80018,0.80034,326,19,0
2025-09-02 02:30:00,0.80033,0.80035,0.79985,0.80015,497,19,0
2025-09-02 03:00:00,0.80014,0.80117,0.80006,0.80107,1077,19,0
2025-09-02 03:30:00,0.80109,0.80123,0.80067,0.80112,1220,19,0
2025-09-02 04:00:00,0.80111,0.8014,0.80098,0.80113,1256,19,0
2025-09-02 04:30:00,0.80111,0.80147,0.8009,0.80111,1675,19,0
2025-09-02 05:00:00,0.80111,0.80141,0.80098,0.80124,1063,19,0
2025-09-02 05:30:00,0.8012,0.80134,0.80103,0.80116,984,19,0
2025-09-02 06:00:00,0.80117,0.80136,0.80108,0.80125,752,19,0
2025-09-02 06:30:00,0.80121,0.80142,0.80119,0.80134,931,19,0
2025-09-02 07:00:00,0.80135,0.80141,0.80104,0.80132,621,19,0
2025-09-02 07:30:00,0.80133,0.80139,0.80112,0.80124,1124,19,0
2025-09-02 08:00:00,0.80125,0.80149,0.80075,0.80149,839,19,0
2025-09-02 08:30:00,0.80157,0.80173,0.80153,0.80165,852,19,0
2025-09-02 09:00:00,0.80151,0.80178,0.80129,0.8016,800,20,0
2025-09-02 09:30:00,0.80162,0.80164,0.80089,0.80146,1112,19,0
2025-09-02 10:00:00,0.80147,0.80254,0.80106,0.80248,1997,19,0
2025-09-02 10:30:00,0.80246,0.80358,0.80222,0.80336,2713,20,0
2025-09-02 11:00:00,0.80334,0.80428,0.80325,0.80386,2506,19,0
2025-09-02 11:30:00,0.80387,0.80441,0.8034,0.80417,1778,19,0
2025-09-02 12:00:00,0.80423,0.80565,0.804,0.80537,1877,19,0
2025-09-02 12:30:00,0.80538,0.80559,0.80478,0.80494,1682,19,0
2025-09-02 13:00:00,0.80493,0.80539,0.80479,0.8052,1642,19,0
2025-09-02 13:30:00,0.80519,0.80521,0.80417,0.80446,1559,19,0
2025-09-02 14:00:00,0.80443,0.805,0.8042,0.80497,2021,18,0
2025-09-02 14:30:00,0.80496,0.8052,0.80384,0.804,1759,18,0
2025-09-02 15:00:00,0.80398,0.805,0.80362,0.80497,2253,18,0
2025-09-02 15:30:00,0.80496,0.806,0.80486,0.80514,2493,18,0
2025-09-02 16:00:00,0.80512,0.80532,0.80379,0.80401,2247,18,0
2025-09-02 16:30:00,0.80402,0.80449,0.80353,0.80356,2413,18,0
2025-09-02 17:00:00,0.80341,0.8037,0.80185,0.80278,3039,18,0
2025-09-02 17:30:00,0.80276,0.8031,0.80221,0.80261,2345,18,0
2025-09-02 18:00:00,0.8026,0.8031,0.80229,0.80273,2055,18,0
2025-09-02 18:30:00,0.80266,0.80334,0.80249,0.80329,1621,18,0
2025-09-02 19:00:00,0.80328,0.80385,0.80318,0.80368,957,19,0
2025-09-02 19:30:00,0.80369,0.80403,0.80344,0.80382,848,19,0
2025-09-02 20:00:00,0.80381,0.80411,0.80358,0.8037,874,19,0
2025-09-02 20:30:00,0.8037,0.80436,0.80361,0.80436,805,19,0
2025-09-02 21:00:00,0.80437,0.80493,0.80415,0.80476,982,19,0
2025-09-02 21:30:00,0.80476,0.80533,0.80472,0.80501,997,19,0
2025-09-02 22:00:00,0.80502,0.80521,0.80457,0.80482,905,19,0
2025-09-02 22:30:00,0.80482,0.80489,0.80455,0.80458,727,19,0
2025-09-02 23:00:00,0.80457,0.80479,0.80443,0.8045,697,19,0
2025-09-02 23:30:00,0.80449,0.80463,0.80402,0.80402,630,23,0
2025-09-03 00:00:00,0.80328,0.80421,0.80313,0.80383,100,84,0
2025-09-03 00:30:00,0.80384,0.80409,0.80362,0.80384,694,84,0
2025-09-03 01:00:00,0.80376,0.80454,0.80372,0.80448,555,19,0
2025-09-03 01:30:00,0.80449,0.80494,0.80449,0.80489,427,19,0
2025-09-03 02:00:00,0.80487,0.80511,0.80486,0.80494,631,19,0
2025-09-03 02:30:00,0.80493,0.80532,0.80493,0.80523,538,19,0
2025-09-03 03:00:00,0.80522,0.80545,0.80511,0.80533,845,19,0
2025-09-03 03:30:00,0.80532,0.80558,0.80523,0.80551,878,19,0
2025-09-03 04:00:00,0.8055,0.80578,0.80533,0.80548,965,19,0
2025-09-03 04:30:00,0.80547,0.80557,0.80517,0.80544,1071,19,0
2025-09-03 05:00:00,0.80545,0.80549,0.80501,0.80519,989,19,0
2025-09-03 05:30:00,0.80518,0.80554,0.80517,0.80545,900,19,0
2025-09-03 06:00:00,0.80544,0.80561,0.80534,0.80559,722,19,0
2025-09-03 06:30:00,0.8056,0.80572,0.80545,0.80567,336,19,0
2025-09-03 07:00:00,0.80568,0.8058,0.80544,0.8055,618,19,0
2025-09-03 07:30:00,0.80549,0.80549,0.80509,0.8051,722,19,0
2025-09-03 08:00:00,0.80511,0.80525,0.80493,0.80506,478,19,0
2025-09-03 08:30:00,0.80505,0.80545,0.805,0.80519,494,19,0
2025-09-03 09:00:00,0.80518,0.80543,0.80499,0.805,705,19,0
2025-09-03 09:30:00,0.80501,0.80503,0.80441,0.80487,1012,19,0
2025-09-03 10:00:00,0.80486,0.8067,0.80485,0.80593,1692,19,0
2025-09-03 10:30:00,0.80592,0.80597,0.80507,0.80523,1466,18,0
2025-09-03 11:00:00,0.80522,0.80523,0.80412,0.80437,1279,19,0
2025-09-03 11:30:00,0.80439,0.80477,0.8039,0.80403,1149,19,0
2025-09-03 12:00:00,0.80402,0.8043,0.80376,0.80394,1062,19,0
2025-09-03 12:30:00,0.80395,0.80395,0.80301,0.80347,1182,19,0
2025-09-03 13:00:00,0.80348,0.80393,0.80333,0.80393,909,19,0
2025-09-03 13:30:00,0.80394,0.80445,0.80386,0.80442,966,19,0
2025-09-03 14:00:00,0.80439,0.80495,0.80423,0.80488,1058,18,0
2025-09-03 14:30:00,0.80489,0.80493,0.80408,0.8044,1391,18,0
2025-09-03 15:00:00,0.80441,0.80485,0.80411,0.80463,1304,18,0
2025-09-03 15:30:00,0.80463,0.80539,0.80436,0.80508,1788,18,0
2025-09-03 16:00:00,0.80507,0.80548,0.80471,0.80485,1803,17,0
2025-09-03 16:30:00,0.80484,0.80529,0.80429,0.80435,2149,18,0
2025-09-03 17:00:00,0.80436,0.80436,0.80271,0.80291,3251,18,0
2025-09-03 17:30:00,0.8029,0.80364,0.80275,0.80343,2302,18,0
2025-09-03 18:00:00,0.80342,0.80347,0.80262,0.80276,1599,18,0
2025-09-03 18:30:00,0.80277,0.80329,0.80265,0.80311,1652,18,0
2025-09-03 19:00:00,0.80313,0.80367,0.80305,0.80348,1273,19,0
2025-09-03 19:30:00,0.80349,0.80368,0.80304,0.80312,871,19,0
2025-09-03 20:00:00,0.80311,0.80335,0.80302,0.80325,854,19,0
2025-09-03 20:30:00,0.80326,0.80409,0.80326,0.80394,869,19,0
2025-09-03 21:00:00,0.80396,0.80417,0.80357,0.80372,974,19,0
2025-09-03 21:30:00,0.80373,0.80402,0.80356,0.80396,830,19,0
2025-09-03 22:00:00,0.80393,0.8043,0.80391,0.80412,692,19,0
2025-09-03 22:30:00,0.80411,0.80423,0.80393,0.80421,640,19,0
2025-09-03 23:00:00,0.80422,0.80439,0.80403,0.80404,522,21,0
2025-09-03 23:30:00,0.80403,0.80416,0.80353,0.80353,500,23,0
2025-09-04 00:00:00,0.80263,0.80372,0.80241,0.80312,139,84,0
2025-09-04 00:30:00,0.80313,0.80403,0.80313,0.80363,478,84,0
2025-09-04 01:00:00,0.80349,0.8041,0.8034,0.80395,366,21,0
2025-09-04 01:30:00,0.80396,0.80399,0.80374,0.80392,443,19,0
2025-09-04 02:00:00,0.80391,0.80393,0.80367,0.80378,471,19,0
2025-09-04 02:30:00,0.80376,0.80401,0.80371,0.80376,384,19,0
2025-09-04 03:00:00,0.80373,0.80421,0.80362,0.80407,1328,19,0
2025-09-04 03:30:00,0.80408,0.8043,0.8039,0.80401,1354,19,0
2025-09-04 04:00:00,0.804,0.80428,0.80388,0.80401,980,19,0
2025-09-04 04:30:00,0.804,0.80404,0.80336,0.80396,1249,19,0
2025-09-04 05:00:00,0.80395,0.80422,0.80384,0.80407,734,19,0
2025-09-04 05:30:00,0.80408,0.80431,0.80393,0.80416,1178,19,0
2025-09-04 06:00:00,0.80414,0.80437,0.80402,0.80408,805,19,0
2025-09-04 06:30:00,0.80407,0.80439,0.80401,0.8043,806,19,0
2025-09-04 07:00:00,0.80431,0.80442,0.80419,0.80434,752,19,0
2025-09-04 07:30:00,0.80435,0.8044,0.80408,0.80433,606,19,0
2025-09-04 08:00:00,0.80434,0.8044,0.80417,0.80423,745,19,0
2025-09-04 08:30:00,0.80423,0.80434,0.8041,0.80411,1046,19,0
2025-09-04 09:00:00,0.80406,0.80425,0.80387,0.80425,591,19,0
2025-09-04 09:30:00,0.80435,0.80508,0.80435,0.80472,1124,19,0
2025-09-04 10:00:00,0.80473,0.80515,0.8044,0.80465,1295,19,0
2025-09-04 10:30:00,0.80463,0.80541,0.8045,0.8051,1005,19,0
2025-09-04 11:00:00,0.80512,0.80515,0.8045,0.80492,1191,19,0
2025-09-04 11:30:00,0.80495,0.80498,0.80426,0.80426,1337,19,0
2025-09-04 12:00:00,0.80427,0.80512,0.80416,0.80508,1237,19,0
2025-09-04 12:30:00,0.80509,0.80519,0.80473,0.80495,1092,19,0
2025-09-04 13:00:00,0.80494,0.80494,0.8043,0.80434,998,19,0
2025-09-04 13:30:00,0.80436,0.80488,0.80417,0.80486,960,19,0
2025-09-04 14:00:00,0.80486,0.80567,0.80486,0.80547,1006,18,0
2025-09-04 14:30:00,0.80546,0.80581,0.80537,0.80542,1303,18,0
2025-09-04 15:00:00,0.80541,0.80548,0.80446,0.80489,1833,18,0
2025-09-04 15:30:00,0.80491,0.80609,0.80418,0.80549,2364,18,0
2025-09-04 16:00:00,0.80551,0.80594,0.80471,0.805,1817,18,0
2025-09-04 16:30:00,0.80501,0.80535,0.80466,0.80468,1953,18,0
2025-09-04 17:00:00,0.80571,0.80611,0.80523,0.80579,2739,18,0
2025-09-04 17:30:00,0.80578,0.80671,0.80561,0.80646,1921,18,0
2025-09-04 18:00:00,0.80645,0.80676,0.80608,0.80614,1382,18,0
2025-09-04 18:30:00,0.80612,0.80633,0.80579,0.80584,1131,17,0
2025-09-04 19:00:00,0.80581,0.8066,0.80578,0.80642,856,19,0
2025-09-04 19:30:00,0.80642,0.80672,0.80627,0.80658,903,19,0
2025-09-04 20:00:00,0.80658,0.80709,0.80656,0.80707,807,19,0
2025-09-04 20:30:00,0.80708,0.8071,0.80654,0.80655,770,19,0
2025-09-04 21:00:00,0.80654,0.80658,0.80597,0.80614,823,19,0
2025-09-04 21:30:00,0.80614,0.80628,0.80593,0.80618,705,19,0
2025-09-04 22:00:00,0.80617,0.8062,0.80551,0.80574,685,19,0
2025-09-04 22:30:00,0.80576,0.8058,0.80532,0.8055,549,19,0
2025-09-04 23:00:00,0.80551,0.80567,0.80543,0.80551,386,21,0
2025-09-04 23:30:00,0.8055,0.80557,0.80498,0.80498,346,23,0
2025-09-05 00:00:00,0.80509,0.8054,0.80442,0.80448,156,87,0
2025-09-05 00:30:00,0.80465,0.80531,0.80447,0.80498,1016,91,0
2025-09-05 01:00:00,0.80508,0.80559,0.80481,0.80555,450,19,0
2025-09-05 01:30:00,0.80554,0.80571,0.80544,0.80566,476,19,0
2025-09-05 02:00:00,0.80564,0.80565,0.80525,0.80534,343,19,0
2025-09-05 02:30:00,0.80533,0.80533,0.80494,0.80507,453,19,0
2025-09-05 03:00:00,0.80506,0.80539,0.80498,0.80527,1467,19,0
2025-09-05 03:30:00,0.80526,0.80527,0.80475,0.80491,1042,19,0
2025-09-05 04:00:00,0.80492,0.80503,0.80461,0.80483,980,19,0
2025-09-05 04:30:00,0.80482,0.80495,0.80427,0.80438,928,19,0
2025-09-05 05:00:00,0.80439,0.80452,0.80419,0.80445,940,19,0
2025-09-05 05:30:00,0.80445,0.80464,0.80431,0.80463,607,19,0
2025-09-05 06:00:00,0.80462,0.8047,0.80423,0.80423,713,19,0
2025-09-05 06:30:00,0.80424,0.80443,0.8042,0.80437,477,19,0
2025-09-05 07:00:00,0.80436,0.80461,0.80431,0.80453,631,19,0
2025-09-05 07:30:00,0.80453,0.80478,0.80452,0.80471,497,19,0
2025-09-05 08:00:00,0.80469,0.8047,0.80442,0.80443,599,19,0
2025-09-05 08:30:00,0.80442,0.8045,0.80389,0.80391,586,19,0
2025-09-05 09:00:00,0.80392,0.80453,0.80392,0.80422,743,19,0
2025-09-05 09:30:00,0.80421,0.80441,0.80403,0.8043,948,19,0
2025-09-05 10:00:00,0.80429,0.80452,0.80389,0.80396,1147,19,0
2025-09-05 10:30:00,0.80392,0.80408,0.80338,0.80361,817,19,0
2025-09-05 11:00:00,0.80362,0.80378,0.80337,0.80345,842,19,0
2025-09-05 11:30:00,0.80344,0.80379,0.80319,0.80322,661,19,0
2025-09-05 12:00:00,0.80321,0.80329,0.80259,0.80293,714,19,0
2025-09-05 12:30:00,0.80294,0.80328,0.80287,0.803,705,19,0
2025-09-05 13:00:00,0.80299,0.80304,0.80257,0.80263,762,19,0
2025-09-05 13:30:00,0.80265,0.80297,0.80263,0.80285,921,19,0
2025-09-05 14:00:00,0.80285,0.80343,0.80271,0.80341,906,18,0
2025-09-05 14:30:00,0.8034,0.80386,0.80319,0.80336,1234,18,0
2025-09-05 15:00:00,0.80335,0.80335,0.8013,0.8013,2190,17,0
2025-09-05 15:30:00,0.80133,0.80133,0.79846,0.79964,5968,18,0
2025-09-05 16:00:00,0.79958,0.79987,0.79847,0.79963,3955,18,0
2025-09-05 16:30:00,0.79962,0.79992,0.79717,0.79766,3223,18,0
2025-09-05 17:00:00,0.79764,0.79812,0.79714,0.79806,3009,18,0
2025-09-05 17:30:00,0.79807,0.79862,0.79753,0.79763,2436,18,0
2025-09-05 18:00:00,0.79765,0.79769,0.79638,0.79696,2158,18,0
2025-09-05 18:30:00,0.79695,0.79719,0.79566,0.79575,1743,18,0
2025-09-05 19:00:00,0.79566,0.79623,0.79551,0.79607,1042,19,0
2025-09-05 19:30:00,0.79606,0.79705,0.79606,0.79696,929,19,0
2025-09-05 20:00:00,0.79697,0.79781,0.79694,0.79727,936,19,0
2025-09-05 20:30:00,0.79726,0.79768,0.79701,0.79756,707,19,0
2025-09-05 21:00:00,0.79752,0.79816,0.79752,0.7981,665,19,0
2025-09-05 21:30:00,0.79814,0.79849,0.79802,0.7982,574,19,0
2025-09-05 22:00:00,0.79821,0.79823,0.79784,0.79812,525,19,0
2025-09-05 22:30:00,0.7981,0.79842,0.79806,0.79815,392,19,0
2025-09-05 23:00:00,0.79814,0.79844,0.79812,0.79836,288,22,0
2025-09-05 23:30:00,0.79837,0.79839,0.79719,0.79748,507,23,0
2025-09-08 00:00:00,0.79813,0.79905,0.79541,0.79736,202,120,0
2025-09-08 00:30:00,0.79739,0.79772,0.79551,0.7971,2920,120,0
2025-09-08 01:00:00,0.79715,0.79936,0.79687,0.79886,1336,19,0
2025-09-08 01:30:00,0.79885,0.79949,0.79882,0.79921,594,19,0
2025-09-08 02:00:00,0.7992,0.79926,0.79887,0.79899,749,19,0
2025-09-08 02:30:00,0.79899,0.79924,0.79875,0.79916,778,19,0
2025-09-08 03:00:00,0.79913,0.79932,0.79866,0.79888,1392,19,0
2025-09-08 03:30:00,0.79887,0.79899,0.79825,0.79827,1270,19,0
2025-09-08 04:00:00,0.79828,0.79838,0.7978,0.79834,1060,19,0
2025-09-08 04:30:00,0.79834,0.79853,0.79796,0.79811,1374,19,0
2025-09-08 05:00:00,0.79808,0.79809,0.79768,0.79799,1470,19,0
2025-09-08 05:30:00,0.798,0.79809,0.79761,0.79795,1164,19,0
2025-09-08 06:00:00,0.79794,0.79818,0.79785,0.79816,1037,19,0
2025-09-08 06:30:00,0.79817,0.79835,0.79801,0.79805,860,19,0
2025-09-08 07:00:00,0.79806,0.79838,0.79752,0.79762,937,19,0
2025-09-08 07:30:00,0.7976,0.79762,0.79731,0.79735,684,19,0
2025-09-08 08:00:00,0.79735,0.79739,0.79689,0.79692,755,19,0
2025-09-08 08:30:00,0.79692,0.7975,0.79687,0.79717,773,19,0
2025-09-08 09:00:00,0.79709,0.79734,0.79662,0.79682,1004,19,0
2025-09-08 09:30:00,0.79681,0.79687,0.79629,0.7964,1302,19,0
2025-09-08 10:00:00,0.79639,0.79677,0.79605,0.79627,1302,19,0
2025-09-08 10:30:00,0.79626,0.79626,0.79562,0.79571,1104,19,0
2025-09-08 11:00:00,0.79572,0.79608,0.79501,0.796,1267,19,0
2025-09-08 11:30:00,0.79599,0.79604,0.7957,0.79581,883,19,0
2025-09-08 12:00:00,0.79582,0.79631,0.79582,0.79622,1025,19,0
2025-09-08 12:30:00,0.79623,0.79637,0.79601,0.79628,765,19,0
2025-09-08 13:00:00,0.7963,0.79656,0.79616,0.79618,803,19,0
2025-09-08 13:30:00,0.79617,0.79617,0.7951,0.79528,997,19,0
2025-09-08 14:00:00,0.79528,0.79559,0.79505,0.79546,974,18,0
2025-09-08 14:30:00,0.79547,0.79571,0.79505,0.79557,1210,18,0
2025-09-08 15:00:00,0.79558,0.79559,0.79495,0.79544,1365,18,0
2025-09-08 15:30:00,0.79545,0.79545,0.79431,0.79456,1514,18,0
2025-09-08 16:00:00,0.79455,0.79462,0.79336,0.79351,1528,18,0
2025-09-08 16:30:00,0.7935,0.79383,0.79317,0.79349,1649,18,0
2025-09-08 17:00:00,0.79348,0.79431,0.79333,0.79371,1674,18,0
2025-09-08 17:30:00,0.79372,0.79438,0.79335,0.79371,1489,18,0
2025-09-08 18:00:00,0.7937,0.79378,0.79285,0.79329,1357,18,0
2025-09-08 18:30:00,0.79331,0.79352,0.79316,0.7934,1128,18,0
2025-09-08 19:00:00,0.79341,0.79386,0.79321,0.79386,781,19,0
2025-09-08 19:30:00,0.79388,0.7945,0.79387,0.79418,859,19,0
2025-09-08 20:00:00,0.79419,0.79457,0.79415,0.79421,640,19,0
2025-09-08 20:30:00,0.7942,0.7945,0.79418,0.7945,614,19,0
2025-09-08 21:00:00,0.79449,0.79451,0.79373,0.79375,540,19,0
2025-09-08 21:30:00,0.79376,0.79388,0.79291,0.79318,600,19,0
2025-09-08 22:00:00,0.79316,0.79325,0.79265,0.79295,644,19,0
2025-09-08 22:30:00,0.79292,0.79314,0.79282,0.79294,531,19,0
2025-09-08 23:00:00,0.79296,0.79315,0.79294,0.79305,488,19,0
2025-09-08 23:30:00,0.79305,0.79319,0.79264,0.79264,519,23,0
2025-09-09 00:00:00,0.79266,0.79317,0.79256,0.79284,423,84,0
2025-09-09 00:30:00,0.79281,0.79311,0.7928,0.79282,847,84,0
2025-09-09 01:00:00,0.79282,0.79319,0.79246,0.79315,338,19,0
2025-09-09 01:30:00,0.79314,0.79324,0.79301,0.79318,444,19,0
2025-09-09 02:00:00,0.79315,0.79317,0.79251,0.79256,434,19,0
2025-09-09 02:30:00,0.79255,0.79282,0.79251,0.79276,518,19,0
2025-09-09 03:00:00,0.79275,0.79302,0.79232,0.79241,1446,19,0
2025-09-09 03:30:00,0.79242,0.79247,0.79212,0.79243,847,19,0
2025-09-09 04:00:00,0.79244,0.79278,0.79231,0.79271,1056,19,0
2025-09-09 04:30:00,0.7927,0.79274,0.79202,0.7922,1021,19,0
2025-09-09 05:00:00,0.7922,0.79243,0.79197,0.79235,897,19,0
2025-09-09 05:30:00,0.79235,0.79273,0.79224,0.79265,722,19,0
2025-09-09 06:00:00,0.79266,0.79298,0.79255,0.79284,840,19,0
2025-09-09 06:30:00,0.79285,0.79295,0.79272,0.79288,748,19,0
2025-09-09 07:00:00,0.79289,0.79292,0.79248,0.7925,750,19,0
2025-09-09 07:30:00,0.79248,0.79253,0.79204,0.79218,738,19,0
2025-09-09 08:00:00,0.79224,0.79224,0.79187,0.7921,653,19,0
2025-09-09 08:30:00,0.79213,0.79221,0.79151,0.7917,835,19,0
2025-09-09 09:00:00,0.79169,0.79211,0.79145,0.79202,847,19,0
2025-09-09 09:30:00,0.79201,0.79251,0.79174,0.792,1108,19,0
2025-09-09 10:00:00,0.79201,0.79213,0.79156,0.79191,1275,19,0
2025-09-09 10:30:00,0.79191,0.794,0.79191,0.79357,1655,19,0
2025-09-09 11:00:00,0.79358,0.79432,0.79295,0.79322,2168,19,0
2025-09-09 11:30:00,0.7932,0.79366,0.79277,0.79297,1676,19,0
2025-09-09 12:00:00,0.79296,0.79302,0.79241,0.79266,942,19,0
2025-09-09 12:30:00,0.79265,0.79274,0.79217,0.79273,908,19,0
2025-09-09 13:00:00,0.79274,0.79312,0.79234,0.79296,949,19,0
2025-09-09 13:30:00,0.79297,0.79364,0.79285,0.79351,1044,19,0
2025-09-09 14:00:00,0.79351,0.79404,0.79342,0.79356,1051,18,0
2025-09-09 14:30:00,0.79355,0.79423,0.79348,0.79418,1022,18,0
2025-09-09 15:00:00,0.79419,0.79485,0.79415,0.79477,1441,18,0
2025-09-09 15:30:00,0.79476,0.79551,0.79475,0.79491,1387,18,0
2025-09-09 16:00:00,0.7949,0.79507,0.79391,0.79401,1489,18,0
2025-09-09 16:30:00,0.794,0.79469,0.7938,0.7943,1642,18,0
2025-09-09 17:00:00,0.79432,0.79557,0.79276,0.7951,4224,18,0
2025-09-09 17:30:00,0.79511,0.79582,0.79481,0.79516,2447,18,0
2025-09-09 18:00:00,0.79514,0.79639,0.79511,0.7958,2128,18,0
2025-09-09 18:30:00,0.79579,0.79609,0.79558,0.79602,1090,18,0
2025-09-09 19:00:00,0.79601,0.79627,0.7956,0.79607,975,19,0
2025-09-09 19:30:00,0.79606,0.79689,0.79598,0.79677,855,19,0
2025-09-09 20:00:00,0.79676,0.79708,0.79666,0.79701,888,19,0
2025-09-09 20:30:00,0.79702,0.79728,0.79659,0.79721,846,19,0
2025-09-09 21:00:00,0.79722,0.79759,0.79692,0.79748,747,19,0
2025-09-09 21:30:00,0.79747,0.79785,0.79739,0.79762,628,19,0
2025-09-09 22:00:00,0.79761,0.79784,0.79754,0.79775,512,19,0
2025-09-10 03:30:00,0.7978,0.7978,0.79775,0.79776,9,19,0
2025-09-10 04:00:00,0.79776,0.79836,0.79767,0.79831,1725,19,0
2025-09-10 04:30:00,0.79832,0.7984,0.79757,0.79769,1363,19,0
2025-09-10 05:00:00,0.79766,0.79768,0.79722,0.79744,935,19,0
2025-09-10 05:30:00,0.79749,0.79753,0.79729,0.79735,872,19,0
2025-09-10 06:00:00,0.79733,0.79739,0.79716,0.79735,771,19,0
2025-09-10 06:30:00,0.79734,0.79747,0.79719,0.79731,612,19,0
2025-09-10 07:00:00,0.79732,0.79738,0.79694,0.79699,744,19,0
2025-09-10 07:30:00,0.79699,0.7971,0.7966,0.79662,539,19,0
2025-09-10 08:00:00,0.79663,0.79672,0.7964,0.79667,100,19,0
2025-09-10 08:30:00,0.79646,0.79697,0.7961,0.79675,725,19,0
2025-09-10 09:00:00,0.79677,0.79689,0.79626,0.79678,828,19,0
2025-09-10 09:30:00,0.79677,0.79793,0.79675,0.79783,1036,19,0
2025-09-10 10:00:00,0.79784,0.79839,0.79684,0.79688,1815,19,0
2025-09-10 10:30:00,0.79689,0.79754,0.79685,0.79754,1030,19,0
2025-09-10 11:00:00,0.79755,0.79829,0.79732,0.79824,953,19,0
2025-09-10 11:30:00,0.79823,0.79838,0.7974,0.79745,604,19,0
2025-09-10 12:00:00,0.79747,0.79761,0.79687,0.79694,754,19,0
2025-09-10 12:30:00,0.79695,0.79705,0.79647,0.79678,890,19,0
2025-09-10 13:00:00,0.79679,0.79758,0.79661,0.79753,672,19,0
2025-09-10 13:30:00,0.79757,0.79782,0.79727,0.7978,657,19,0
2025-09-10 14:00:00,0.79779,0.79807,0.79752,0.79766,963,18,0
2025-09-10 14:30:00,0.79767,0.79808,0.79687,0.79722,1285,18,0
2025-09-10 15:00:00,0.79721,0.79906,0.79704,0.79825,1295,22,0
2025-09-10 15:30:00,0.79823,0.79868,0.79572,0.79793,3152,18,0
2025-09-10 16:00:00,0.79797,0.79812,0.79659,0.79675,2155,18,0
2025-09-10 16:30:00,0.79673,0.797,0.79626,0.79675,1365,18,0
2025-09-10 17:00:00,0.79676,0.79742,0.79629,0.79707,1894,17,0
2025-09-10 17:30:00,0.79708,0.79772,0.79651,0.79706,2012,17,0
2025-09-10 18:00:00,0.79707,0.79742,0.79656,0.79733,1254,18,0
2025-09-10 18:30:00,0.79734,0.79789,0.79714,0.79781,1056,18,0
2025-09-10 19:00:00,0.7979,0.79848,0.79774,0.79829,884,19,0
2025-09-10 19:30:00,0.79828,0.79886,0.79827,0.79866,568,19,0
2025-09-10 20:00:00,0.79867,0.79905,0.79851,0.79888,663,19,0
2025-09-10 20:30:00,0.79891,0.79908,0.7988,0.79894,525,19,0
2025-09-10 21:00:00,0.79895,0.79903,0.7984,0.79847,545,19,0
2025-09-10 21:30:00,0.7985,0.79896,0.79848,0.79878,533,19,0
2025-09-10 22:00:00,0.79879,0.79919,0.79865,0.79919,606,19,0
2025-09-10 22:30:00,0.79922,0.79938,0.79901,0.79902,475,19,0
2025-09-10 23:00:00,0.79901,0.79908,0.79883,0.79899,407,19,0
2025-09-10 23:30:00,0.799,0.79913,0.79867,0.79878,486,23,0
2025-09-11 00:00:00,0.79887,0.79887,0.79786,0.79826,551,71,0
2025-09-11 00:30:00,0.79825,0.79861,0.79805,0.79832,298,84,0
2025-09-11 01:00:00,0.79803,0.79904,0.79803,0.7988,286,19,0
2025-09-11 01:30:00,0.79879,0.79883,0.79861,0.79864,715,19,0
2025-09-11 02:00:00,0.79865,0.79877,0.79844,0.79854,365,19,0
2025-09-11 02:30:00,0.79853,0.79868,0.79847,0.79864,454,19,0
2025-09-11 03:00:00,0.79863,0.79916,0.79863,0.79898,757,19,0
2025-09-11 03:30:00,0.79899,0.79911,0.79879,0.79909,871,19,0
2025-09-11 04:00:00,0.79911,0.79915,0.79867,0.7987,1033,19,0
2025-09-11 04:30:00,0.79868,0.79884,0.79855,0.79881,917,19,0
2025-09-11 05:00:00,0.7988,0.79901,0.79872,0.79897,548,19,0
2025-09-11 05:30:00,0.79894,0.79905,0.79872,0.7989,463,19,0
2025-09-11 06:00:00,0.79889,0.79891,0.79861,0.79862,626,19,0
2025-09-11 06:30:00,0.79861,0.799,0.79861,0.7989,563,19,0
2025-09-11 07:00:00,0.7989,0.79896,0.7988,0.79884,421,19,0
2025-09-11 07:30:00,0.79883,0.79887,0.79857,0.79859,644,19,0
2025-09-11 08:00:00,0.79858,0.79887,0.79858,0.79882,608,19,0
2025-09-11 08:30:00,0.79883,0.79935,0.79873,0.79926,924,19,0
2025-09-11 09:00:00,0.7993,0.79985,0.7991,0.79926,1156,19,0
2025-09-11 09:30:00,0.79927,0.79967,0.79916,0.7995,1493,19,0
2025-09-11 10:00:00,0.79951,0.79955,0.79877,0.79946,1821,19,0
2025-09-11 10:30:00,0.79948,0.79969,0.79925,0.79925,1655,20,0
2025-09-11 11:00:00,0.79924,0.79948,0.79911,0.79932,1451,19,0
2025-09-11 11:30:00,0.79933,0.79943,0.7991,0.79921,1195,19,0
2025-09-11 12:00:00,0.79917,0.79961,0.79912,0.79937,968,19,0
2025-09-11 12:30:00,0.7994,0.79968,0.799,0.79927,1418,19,0
2025-09-11 13:00:00,0.79924,0.79943,0.79906,0.79943,758,19,0
2025-09-11 13:30:00,0.79944,0.79972,0.79922,0.7996,718,19,0
2025-09-11 14:00:00,0.79962,0.7997,0.79887,0.79936,867,18,0
2025-09-11 14:30:00,0.79937,0.79975,0.7991,0.79955,932,18,0
2025-09-11 15:00:00,0.79956,0.80031,0.79846,0.79862,1746,17,0
2025-09-11 15:30:00,0.79857,0.80057,0.7969,0.79767,4983,18,0
2025-09-11 16:00:00,0.79766,0.7982,0.79662,0.7975,3421,18,0
2025-09-11 16:30:00,0.79747,0.79775,0.79602,0.79614,2701,18,0
2025-09-11 17:00:00,0.79613,0.79634,0.79475,0.79592,2522,18,0
2025-09-11 17:30:00,0.79593,0.79622,0.79536,0.79583,2216,18,0
2025-09-11 18:00:00,0.79584,0.79631,0.79505,0.79571,1783,18,0
2025-09-11 18:30:00,0.79574,0.79605,0.79547,0.79599,1106,18,0
2025-09-11 19:00:00,0.79597,0.796,0.79535,0.7957,916,19,0
2025-09-11 19:30:00,0.79569,0.7959,0.79551,0.79583,817,19,0
2025-09-11 20:00:00,0.79582,0.79601,0.79553,0.79581,944,19,0
2025-09-11 20:30:00,0.79582,0.79631,0.79563,0.79613,854,19,0
2025-09-11 21:00:00,0.79612,0.79613,0.79577,0.79587,611,19,0
2025-09-11 21:30:00,0.79586,0.79593,0.7954,0.7955,626,19,0
2025-09-11 22:00:00,0.79551,0.79577,0.7955,0.79576,606,19,0
2025-09-11 22:30:00,0.79577,0.7959,0.79563,0.79577,437,19,0
2025-09-11 23:00:00,0.79578,0.79578,0.79557,0.7956,557,19,0
2025-09-11 23:30:00,0.79561,0.7958,0.79506,0.79508,419,23,0
2025-09-12 00:00:00,0.79485,0.79618,0.79482,0.79494,238,84,0
2025-09-12 00:30:00,0.79505,0.79594,0.79479,0.79561,919,86,0
2025-09-12 01:00:00,0.79573,0.79578,0.79495,0.79565,263,19,0
2025-09-12 01:30:00,0.79565,0.79579,0.79555,0.79556,331,19,0
2025-09-12 02:00:00,0.79555,0.79576,0.79554,0.79568,275,19,0
2025-09-12 02:30:00,0.79569,0.79593,0.79566,0.7959,362,19,0
2025-09-12 03:00:00,0.79589,0.79605,0.79578,0.79591,814,19,0
2025-09-12 03:30:00,0.79593,0.79613,0.79587,0.79598,944,19,0
2025-09-12 04:00:00,0.79594,0.79631,0.79585,0.79618,789,19,0
2025-09-12 04:30:00,0.79618,0.79647,0.79607,0.79645,587,19,0
2025-09-12 05:00:00,0.79644,0.79653,0.79618,0.79638,547,19,0
2025-09-12 05:30:00,0.79638,0.79654,0.79632,0.7964,526,19,0
2025-09-12 06:00:00,0.79641,0.79658,0.79634,0.79651,577,19,0
2025-09-12 06:30:00,0.79652,0.79654,0.79633,0.79645,418,19,0
2025-09-12 07:00:00,0.79644,0.7969,0.79644,0.79667,422,19,0
2025-09-12 07:30:00,0.79667,0.79677,0.79658,0.79664,368,19,0
2025-09-12 08:00:00,0.79663,0.79677,0.7965,0.79657,446,19,0
2025-09-12 08:30:00,0.79657,0.79658,0.79614,0.79621,589,18,0
2025-09-12 09:00:00,0.79622,0.79658,0.79611,0.79651,762,19,0
2025-09-12 09:30:00,0.79652,0.79669,0.79602,0.79605,813,19,0
2025-09-12 10:00:00,0.79604,0.79604,0.79544,0.79578,856,19,0
2025-09-12 10:30:00,0.79579,0.79607,0.79568,0.796,717,19,0
2025-09-12 11:00:00,0.79599,0.79706,0.7959,0.79686,1004,19,0
2025-09-12 11:30:00,0.79684,0.79735,0.79658,0.79725,924,19,0
2025-09-12 12:00:00,0.79726,0.79749,0.79698,0.79718,723,19,0
2025-09-12 12:30:00,0.79719,0.7978,0.79706,0.79738,669,19,0
2025-09-12 13:00:00,0.79735,0.79735,0.79683,0.79685,562,19,0
2025-09-12 13:30:00,0.79686,0.79686,0.79633,0.79645,508,19,0
2025-09-12 14:00:00,0.79645,0.79661,0.79618,0.79655,722,18,0
2025-09-12 14:30:00,0.79656,0.79716,0.7964,0.79709,909,18,0
2025-09-12 15:00:00,0.79708,0.79784,0.79701,0.79767,1119,18,0
2025-09-12 15:30:00,0.79768,0.79855,0.7976,0.79765,1744,18,0
2025-09-12 16:00:00,0.79766,0.79783,0.79741,0.79762,1221,18,0
2025-09-12 16:30:00,0.79763,0.79803,0.79719,0.79744,1622,17,0
2025-09-12 17:00:00,0.79723,0.79742,0.79633,0.79646,1725,17,0
2025-09-12 17:30:00,0.79643,0.79698,0.79633,0.79663,1268,18,0
2025-09-12 18:00:00,0.79664,0.79713,0.79637,0.79694,1019,18,0
2025-09-12 18:30:00,0.79692,0.79745,0.79673,0.79742,855,18,0
2025-09-12 19:00:00,0.79742,0.79748,0.79679,0.79679,514,19,0
2025-09-12 19:30:00,0.7968,0.79683,0.7961,0.79649,524,19,0
2025-09-12 20:00:00,0.79648,0.79648,0.79595,0.79618,478,19,0
2025-09-12 20:30:00,0.79617,0.79639,0.79604,0.79638,377,19,0
2025-09-12 21:00:00,0.79637,0.7964,0.79611,0.79616,345,19,0
2025-09-12 21:30:00,0.79617,0.79621,0.79576,0.79579,395,19,0
2025-09-12 22:00:00,0.79578,0.79607,0.7957,0.79597,396,19,0
2025-09-12 22:30:00,0.79598,0.79622,0.79596,0.79615,421,19,0
2025-09-12 23:00:00,0.79616,0.79651,0.79608,0.79644,382,22,0
2025-09-12 23:30:00,0.79645,0.79658,0.79613,0.7962,638,23,0
2025-09-15 00:00:00,0.79635,0.79639,0.79561,0.79606,229,120,0
2025-09-15 00:30:00,0.79609,0.79637,0.79548,0.79607,414,120,0
2025-09-15 01:00:00,0.79604,0.7964,0.796,0.79629,464,19,0
2025-09-15 01:30:00,0.79628,0.79651,0.79623,0.79648,652,19,0
2025-09-15 02:00:00,0.79647,0.79662,0.79632,0.79653,477,19,0
2025-09-15 02:30:00,0.79652,0.79671,0.79649,0.79666,539,19,0
2025-09-15 03:00:00,0.79665,0.79672,0.79642,0.79663,662,19,0
2025-09-15 03:30:00,0.79664,0.79671,0.79641,0.79645,588,19,0
2025-09-15 04:00:00,0.79644,0.79665,0.7964,0.79651,779,19,0
2025-09-15 04:30:00,0.79651,0.79661,0.79637,0.79654,506,19,0
2025-09-15 05:00:00,0.79653,0.79681,0.79649,0.79678,501,19,0
2025-09-15 05:30:00,0.79677,0.79678,0.79657,0.79669,356,19,0
2025-09-15 06:00:00,0.79668,0.79668,0.79636,0.79639,347,19,0
2025-09-15 06:30:00,0.79639,0.79654,0.79616,0.79628,365,19,0
2025-09-15 07:00:00,0.79629,0.79632,0.796,0.79609,336,19,0
2025-09-15 07:30:00,0.79613,0.79637,0.79612,0.79617,377,19,0
2025-09-15 08:00:00,0.79616,0.79631,0.79612,0.79628,324,19,0
2025-09-15 08:30:00,0.79629,0.79647,0.79623,0.79642,417,19,0
2025-09-15 09:00:00,0.7964,0.79708,0.79636,0.79703,507,20,0
2025-09-15 09:30:00,0.79704,0.7972,0.79665,0.79672,535,19,0
2025-09-15 10:00:00,0.79673,0.7968,0.79631,0.79639,690,19,0
2025-09-15 10:30:00,0.79638,0.79652,0.79594,0.79632,635,19,0
2025-09-15 11:00:00,0.79631,0.79638,0.79562,0.79598,534,19,0
2025-09-15 11:30:00,0.796,0.79637,0.79573,0.79604,553,19,0
2025-09-15 12:00:00,0.79607,0.79607,0.79531,0.79532,498,19,0
2025-09-15 12:30:00,0.79523,0.79556,0.79513,0.79537,508,19,0
2025-09-15 13:00:00,0.79538,0.79538,0.79451,0.79464,699,19,0
2025-09-15 13:30:00,0.79465,0.79499,0.79453,0.79489,590,19,0
2025-09-15 14:00:00,0.79488,0.79532,0.79473,0.795,794,18,0
2025-09-15 14:30:00,0.79501,0.79525,0.79467,0.79481,875,18,0
2025-09-15 15:00:00,0.7948,0.79492,0.79445,0.79486,1225,18,0
2025-09-15 15:30:00,0.79472,0.79494,0.7943,0.79468,1089,18,0
2025-09-15 16:00:00,0.79469,0.79549,0.79455,0.79519,1430,18,0
2025-09-15 16:30:00,0.79518,0.79535,0.79457,0.79488,1200,18,0
2025-09-15 17:00:00,0.79489,0.79534,0.79484,0.79517,1262,18,0
2025-09-15 17:30:00,0.79515,0.79531,0.79461,0.79467,1179,18,0
2025-09-15 18:00:00,0.79472,0.79476,0.79413,0.79422,968,18,0
2025-09-15 18:30:00,0.79424,0.79436,0.79363,0.79373,839,18,0
2025-09-15 19:00:00,0.7937,0.79448,0.79353,0.79447,700,19,0
2025-09-15 19:30:00,0.79447,0.79461,0.79418,0.79455,542,19,0
2025-09-15 20:00:00,0.79456,0.79459,0.79431,0.79434,404,19,0
2025-09-15 20:30:00,0.79432,0.79433,0.79379,0.79382,498,19,0
2025-09-15 21:00:00,0.79383,0.79406,0.79373,0.79397,470,19,0
2025-09-15 21:30:00,0.79394,0.79425,0.79391,0.79406,429,19,0
2025-09-15 22:00:00,0.79405,0.79413,0.79389,0.79406,297,19,0
2025-09-15 22:30:00,0.79407,0.79436,0.79392,0.79426,373,19,0
2025-09-15 23:00:00,0.79425,0.79431,0.79411,0.79431,323,22,0
2025-09-15 23:30:00,0.7943,0.79464,0.79395,0.79399,554,23,0
2025-09-16 00:00:00,0.79416,0.79417,0.7938,0.79384,42,84,0
2025-09-16 00:30:00,0.79386,0.79408,0.79375,0.79393,553,84,0
2025-09-16 01:00:00,0.79403,0.79463,0.79403,0.79449,526,19,0
2025-09-16 01:30:00,0.7945,0.79468,0.7945,0.79461,280,19,0
2025-09-16 02:00:00,0.7946,0.79461,0.79444,0.79447,425,19,0
2025-09-16 02:30:00,0.79446,0.79464,0.79444,0.79461,423,19,0
2025-09-16 03:00:00,0.79462,0.79469,0.79441,0.79465,817,19,0
2025-09-16 03:30:00,0.79463,0.7947,0.79433,0.79435,799,19,0
2025-09-16 04:00:00,0.79432,0.79469,0.79428,0.79467,759,19,0
2025-09-16 04:30:00,0.79469,0.79471,0.7941,0.79427,1293,19,0
2025-09-16 05:00:00,0.79426,0.79426,0.79376,0.79394,1240,19,0
2025-09-16 05:30:00,0.79392,0.794,0.79368,0.7937,570,19,0
2025-09-16 06:00:00,0.79371,0.79383,0.79351,0.79359,636,19,0
2025-09-16 06:30:00,0.79358,0.79369,0.79317,0.79356,676,19,0
2025-09-16 07:00:00,0.79357,0.79375,0.79352,0.79367,670,19,0
2025-09-16 07:30:00,0.79366,0.79383,0.79357,0.79358,741,19,0
2025-09-16 08:00:00,0.79359,0.79366,0.79333,0.79342,640,19,0
2025-09-16 08:30:00,0.79343,0.79372,0.79333,0.7934,815,19,0
2025-09-16 09:00:00,0.79339,0.79346,0.79251,0.79281,849,20,0
2025-09-16 09:30:00,0.79283,0.79284,0.7924,0.79243,796,19,0
2025-09-16 10:00:00,0.79241,0.79242,0.79159,0.79165,978,19,0
2025-09-16 10:30:00,0.79163,0.7923,0.79157,0.792,918,19,0
2025-09-16 11:00:00,0.79201,0.7923,0.79168,0.79219,923,19,0
2025-09-16 11:30:00,0.7922,0.79258,0.79188,0.79213,723,19,0
2025-09-16 12:00:00,0.79207,0.79212,0.79109,0.79142,966,19,0
2025-09-16 12:30:00,0.79141,0.79142,0.79066,0.79113,1030,19,0
2025-09-16 13:00:00,0.79111,0.7915,0.79104,0.7911,866,19,0
2025-09-16 13:30:00,0.79109,0.79139,0.79081,0.79108,849,19,0
2025-09-16 14:00:00,0.79104,0.79132,0.79086,0.79126,1058,18,0
2025-09-16 14:30:00,0.79125,0.79126,0.78992,0.7902,1189,18,0
2025-09-16 15:00:00,0.79019,0.79133,0.79002,0.79087,1376,17,0
2025-09-16 15:30:00,0.79088,0.7921,0.79057,0.79077,2536,18,0
2025-09-16 16:00:00,0.79076,0.79089,0.78933,0.78944,1769,18,0
2025-09-16 16:30:00,0.78943,0.78957,0.78857,0.78892,2044,18,0
2025-09-16 17:00:00,0.78893,0.78907,0.78732,0.78775,2369,18,0
2025-09-16 17:30:00,0.78774,0.78813,0.78739,0.78752,2008,18,0
2025-09-16 18:00:00,0.78752,0.78827,0.78738,0.78811,1596,18,0
2025-09-16 18:30:00,0.78809,0.7885,0.78759,0.78761,1061,18,0
2025-09-16 19:00:00,0.7876,0.78764,0.7866,0.78684,747,19,0
2025-09-16 19:30:00,0.78682,0.78683,0.78619,0.78622,816,19,0
2025-09-16 20:00:00,0.78621,0.78626,0.78547,0.78599,887,19,0
2025-09-16 20:30:00,0.78596,0.78647,0.78581,0.78614,1093,19,0
2025-09-16 21:00:00,0.78613,0.78629,0.78566,0.78583,805,19,0
2025-09-16 21:30:00,0.78581,0.78641,0.78579,0.78609,817,19,0
2025-09-16 22:00:00,0.78608,0.78634,0.78601,0.78631,488,19,0
2025-09-16 22:30:00,0.78632,0.78657,0.78625,0.78627,628,19,0
2025-09-16 23:00:00,0.78628,0.78634,0.78581,0.78601,387,21,0
2025-09-16 23:30:00,0.786,0.7861,0.78527,0.78534,1004,23,0
2025-09-17 00:00:00,0.78536,0.78597,0.78535,0.78588,128,94,0
2025-09-17 00:30:00,0.78588,0.78603,0.78584,0.78598,484,84,0
2025-09-17 01:00:00,0.78599,0.78614,0.7857,0.786,555,19,0
2025-09-17 01:30:00,0.786,0.78626,0.78593,0.78617,477,19,0
2025-09-17 02:00:00,0.78616,0.7862,0.78582,0.78583,408,19,0
2025-09-17 02:30:00,0.78584,0.78594,0.78577,0.78587,437,19,0
2025-09-17 03:00:00,0.78585,0.78616,0.78568,0.78596,937,19,0
2025-09-17 03:30:00,0.78595,0.78659,0.78591,0.78654,1010,19,0
2025-09-17 04:00:00,0.78655,0.78688,0.78648,0.78685,913,19,0
2025-09-17 04:30:00,0.78686,0.78706,0.78662,0.78672,762,19,0
2025-09-17 05:00:00,0.7867,0.78686,0.7865,0.78663,623,19,0
2025-09-17 05:30:00,0.78664,0.78678,0.78651,0.78663,500,19,0
2025-09-17 06:00:00,0.78663,0.78687,0.78662,0.78684,439,19,0
2025-09-17 06:30:00,0.78683,0.78704,0.78672,0.78693,423,19,0
2025-09-17 07:00:00,0.78692,0.78707,0.78675,0.78675,475,19,0
2025-09-17 07:30:00,0.78677,0.78698,0.78677,0.78692,384,19,0
2025-09-17 08:00:00,0.7869,0.78694,0.78659,0.78681,397,19,0
2025-09-17 08:30:00,0.7868,0.78716,0.78677,0.78694,526,18,0
2025-09-17 09:00:00,0.78695,0.78728,0.78684,0.78694,757,18,0
2025-09-17 09:30:00,0.78695,0.78736,0.78678,0.7868,825,20,0
2025-09-17 10:00:00,0.78681,0.78759,0.78671,0.78745,981,19,0
2025-09-17 10:30:00,0.78744,0.78767,0.78724,0.78765,759,19,0
2025-09-17 11:00:00,0.78766,0.78777,0.78715,0.78716,611,19,0
2025-09-17 11:30:00,0.78717,0.78741,0.7865,0.78683,837,19,0
2025-09-17 12:00:00,0.78681,0.7869,0.78648,0.78665,676,19,0
2025-09-17 12:30:00,0.78666,0.78685,0.7862,0.78645,484,19,0
2025-09-17 13:00:00,0.78646,0.7874,0.78643,0.78698,834,19,0
2025-09-17 13:30:00,0.78697,0.78703,0.78629,0.78675,667,19,0
2025-09-17 14:00:00,0.78675,0.78687,0.78633,0.78669,848,18,0
2025-09-17 14:30:00,0.7867,0.78699,0.78623,0.78667,842,18,0
2025-09-17 15:00:00,0.7867,0.78756,0.78666,0.78754,990,18,0
2025-09-17 15:30:00,0.78755,0.78756,0.78666,0.78682,989,18,0
2025-09-17 16:00:00,0.78681,0.78706,0.78655,0.787,963,18,0
2025-09-17 16:30:00,0.78699,0.78713,0.78641,0.7867,1103,17,0
2025-09-17 17:00:00,0.78669,0.7869,0.78578,0.78606,1328,17,0
2025-09-17 17:30:00,0.78604,0.78672,0.78602,0.78671,1214,18,0
2025-09-17 18:00:00,0.78672,0.78691,0.78645,0.78662,987,18,0
2025-09-17 18:30:00,0.78661,0.78708,0.7866,0.78706,838,18,0
2025-09-17 19:00:00,0.78707,0.78712,0.78657,0.78662,613,19,0
2025-09-17 19:30:00,0.78663,0.78706,0.78656,0.78689,650,19,0
2025-09-17 20:00:00,0.78688,0.78728,0.78686,0.78707,776,19,0
2025-09-17 20:30:00,0.78708,0.78713,0.78592,0.78592,768,19,0
2025-09-17 21:00:00,0.78595,0.78608,0.78282,0.78439,6271,20,0
2025-09-17 21:30:00,0.78437,0.78928,0.78426,0.78851,7507,19,0
2025-09-17 22:00:00,0.78846,0.78879,0.78693,0.78746,4419,19,0
2025-09-17 22:30:00,0.7875,0.78869,0.78749,0.78838,2221,20,0
2025-09-17 23:00:00,0.78835,0.78908,0.78821,0.78898,952,21,0
2025-09-17 23:30:00,0.78906,0.78912,0.78804,0.7882,837,23,0
2025-09-18 00:00:00,0.78823,0.78844,0.78765,0.78833,85,84,0
2025-09-18 00:30:00,0.78825,0.78851,0.78811,0.78849,868,84,0
2025-09-18 01:00:00,0.78831,0.78881,0.78817,0.78845,680,19,0
2025-09-18 01:30:00,0.78846,0.78878,0.78836,0.78855,1081,19,0
2025-09-18 02:00:00,0.78854,0.7886,0.78826,0.78831,916,19,0
2025-09-18 02:30:00,0.78832,0.78842,0.7881,0.78831,681,19,0
2025-09-18 03:00:00,0.78832,0.78903,0.78822,0.78858,1290,19,0
2025-09-18 03:30:00,0.78857,0.78878,0.78831,0.78851,1275,19,0
2025-09-18 04:00:00,0.78852,0.78956,0.78827,0.78906,1354,19,0
2025-09-18 04:30:00,0.78907,0.78962,0.78896,0.78931,1744,19,0
2025-09-18 05:00:00,0.7893,0.78946,0.789,0.78903,664,19,0
2025-09-18 05:30:00,0.78902,0.78924,0.78898,0.78904,621,19,0
2025-09-18 06:00:00,0.78905,0.78929,0.78873,0.78922,662,19,0
2025-09-18 06:30:00,0.78921,0.78964,0.78921,0.78961,549,19,0
2025-09-18 07:00:00,0.78962,0.78979,0.7895,0.78975,536,19,0
2025-09-18 07:30:00,0.78976,0.79069,0.78973,0.79056,689,19,0
2025-09-18 08:00:00,0.79057,0.79096,0.79022,0.79028,708,19,0
2025-09-18 08:30:00,0.79027,0.79089,0.79013,0.7906,897,19,0
2025-09-18 09:00:00,0.79058,0.79144,0.7904,0.7912,1195,19,0
2025-09-18 09:30:00,0.79119,0.79135,0.79061,0.79118,1105,19,0
2025-09-18 10:00:00,0.79119,0.79122,0.78935,0.7894,1319,19,0
2025-09-18 10:30:00,0.78942,0.78965,0.78823,0.78872,1415,19,0
2025-09-18 11:00:00,0.7887,0.78924,0.78849,0.78895,1434,19,0
2025-09-18 11:30:00,0.78896,0.78915,0.78868,0.78902,1342,19,0
2025-09-18 12:00:00,0.78901,0.78912,0.78786,0.78799,1129,19,0
2025-09-18 12:30:00,0.78801,0.78814,0.78707,0.78774,1159,19,0
2025-09-18 13:00:00,0.78775,0.78848,0.78749,0.78817,998,19,0
2025-09-18 13:30:00,0.78819,0.78826,0.78761,0.78795,600,18,0
2025-09-18 14:00:00,0.78794,0.78904,0.78787,0.7889,1529,17,0
2025-09-18 14:30:00,0.7889,0.78938,0.78832,0.78885,1528,18,0
2025-09-18 15:00:00,0.78884,0.78966,0.78832,0.7884,1562,17,0
2025-09-18 15:30:00,0.78833,0.79096,0.78833,0.79094,2423,18,0
2025-09-18 16:00:00,0.79095,0.79198,0.79095,0.79175,2058,18,0
2025-09-18 16:30:00,0.79172,0.79369,0.79171,0.79269,3011,18,0
2025-09-18 17:00:00,0.7926,0.79293,0.79186,0.79198,2654,18,0
2025-09-18 17:30:00,0.79197,0.79254,0.79159,0.79226,2326,18,0
2025-09-18 18:00:00,0.79227,0.79238,0.7914,0.79179,2205,18,0
2025-09-18 18:30:00,0.79178,0.79316,0.79172,0.79277,2013,0,0
2025-09-18 19:00:00,0.7928,0.79299,0.7923,0.79267,1045,0,0
2025-09-18 19:30:00,0.79268,0.79283,0.79218,0.79223,820,0,0
2025-09-18 20:00:00,0.79222,0.79231,0.79192,0.79205,877,0,0
2025-09-18 20:30:00,0.79204,0.79239,0.79181,0.79228,844,0,0
2025-09-18 21:00:00,0.79229,0.79257,0.79214,0.79229,799,0,0
2025-09-18 21:30:00,0.79228,0.79262,0.79207,0.79218,591,0,0
2025-09-18 22:00:00,0.79219,0.79231,0.79195,0.7923,499,0,0
2025-09-18 22:30:00,0.79229,0.79278,0.79228,0.79266,491,0,0
2025-09-18 23:00:00,0.79263,0.79284,0.79256,0.79263,289,22,0
2025-09-18 23:30:00,0.79262,0.79277,0.79115,0.79123,614,24,0
2025-09-19 00:00:00,0.79122,0.79252,0.79049,0.79125,261,84,0
2025-09-19 00:30:00,0.79119,0.79205,0.79103,0.79187,1075,120,0
2025-09-19 01:00:00,0.79189,0.79298,0.79187,0.79261,2212,19,0
2025-09-19 01:30:00,0.79256,0.79263,0.79231,0.79251,1432,19,0
2025-09-19 02:00:00,0.79251,0.79253,0.79231,0.79238,999,19,0
2025-09-19 02:30:00,0.79237,0.79253,0.79231,0.79244,666,19,0
2025-09-19 03:00:00,0.79244,0.79315,0.79231,0.79291,1606,19,0
2025-09-19 03:30:00,0.7929,0.79293,0.79221,0.79235,1372,19,0
2025-09-19 04:00:00,0.79234,0.79311,0.79225,0.79297,1292,19,0
2025-09-19 04:30:00,0.79298,0.79327,0.79269,0.79311,1542,19,0
2025-09-19 05:00:00,0.79312,0.79334,0.79306,0.79321,1109,19,0
2025-09-19 05:30:00,0.79322,0.79332,0.79296,0.7931,927,19,0
2025-09-19 06:00:00,0.79311,0.79311,0.79231,0.79239,1184,19,0
2025-09-19 06:30:00,0.79238,0.79276,0.79214,0.7925,1679,19,0
2025-09-19 07:00:00,0.79249,0.79273,0.79192,0.79266,1482,19,0
2025-09-19 07:30:00,0.79265,0.79319,0.79265,0.79293,1188,19,0
2025-09-19 08:00:00,0.79294,0.79297,0.79267,0.7927,884,18,0
2025-09-19 08:30:00,0.79269,0.79307,0.7926,0.79294,952,18,0
2025-09-19 09:00:00,0.793,0.79381,0.793,0.79367,1060,19,0
2025-09-19 09:30:00,0.79369,0.79414,0.79306,0.79407,1624,20,0
2025-09-19 10:00:00,0.79406,0.79469,0.79357,0.79376,1459,19,0
2025-09-19 10:30:00,0.79377,0.7943,0.79327,0.79403,1219,19,0
2025-09-19 11:00:00,0.79402,0.79497,0.79397,0.79469,943,19,0
2025-09-19 11:30:00,0.79468,0.79546,0.79439,0.79516,1035,19,0
2025-09-19 12:00:00,0.79517,0.79521,0.79436,0.7946,964,19,0
2025-09-19 12:30:00,0.79458,0.79507,0.79438,0.79492,910,19,0
2025-09-19 13:00:00,0.79494,0.79498,0.79443,0.79467,845,19,0
2025-09-19 13:30:00,0.79466,0.79509,0.79458,0.79505,719,19,0
2025-09-19 14:00:00,0.79504,0.79567,0.79498,0.7954,1168,18,0
2025-09-19 14:30:00,0.79539,0.79614,0.795,0.79602,1214,18,0
2025-09-19 15:00:00,0.79601,0.7965,0.79562,0.79612,1541,18,0
2025-09-19 15:30:00,0.79613,0.79652,0.7958,0.79585,1555,18,0
2025-09-19 16:00:00,0.79586,0.79588,0.79441,0.79482,1674,18,0
2025-09-19 16:30:00,0.79481,0.7951,0.79407,0.79445,1844,18,0
2025-09-19 17:00:00,0.79447,0.79474,0.79421,0.79451,1711,18,0
2025-09-19 17:30:00,0.79451,0.795,0.79401,0.79494,1782,18,0
2025-09-19 18:00:00,0.79495,0.79535,0.79488,0.79517,1849,18,0
2025-09-19 18:30:00,0.79516,0.79543,0.79477,0.79482,1418,18,0
2025-09-19 19:00:00,0.79476,0.79539,0.79451,0.79522,1020,19,0
2025-09-19 19:30:00,0.79523,0.7953,0.79462,0.79465,1044,19,0
2025-09-19 20:00:00,0.79466,0.79501,0.79452,0.79471,743,19,0
2025-09-19 20:30:00,0.79468,0.79518,0.79461,0.79518,771,19,0
2025-09-19 21:00:00,0.79517,0.7954,0.7951,0.79525,732,19,0
2025-09-19 21:30:00,0.79524,0.79547,0.79514,0.79537,666,19,0
2025-09-19 22:00:00,0.79536,0.79546,0.79513,0.79538,637,19,0
2025-09-19 22:30:00,0.79539,0.79552,0.79502,0.79539,758,19,0
2025-09-19 23:00:00,0.79538,0.79562,0.79537,0.79556,604,21,0
2025-09-19 23:30:00,0.79555,0.79571,0.79502,0.79509,1177,23,0
2025-09-22 00:00:00,0.79391,0.79409,0.79337,0.79367,88,120,0
2025-09-22 00:30:00,0.79375,0.79411,0.79341,0.79365,1424,120,0
2025-09-22 01:00:00,0.79488,0.79581,0.79457,0.7957,1029,19,0
2025-09-22 01:30:00,0.79569,0.79591,0.79561,0.79584,958,19,0
2025-09-22 02:00:00,0.79585,0.79599,0.79576,0.79594,512,19,0
2025-09-22 02:30:00,0.79595,0.79621,0.79587,0.79616,1512,19,0
2025-09-22 03:00:00,0.79618,0.79681,0.79616,0.79658,1403,19,0
2025-09-22 03:30:00,0.79657,0.79693,0.79642,0.79644,1040,19,0
2025-09-22 04:00:00,0.79643,0.79653,0.79596,0.79643,1369,19,0
2025-09-22 04:30:00,0.79643,0.79653,0.79613,0.79646,1373,19,0
2025-09-22 05:00:00,0.79645,0.79693,0.7964,0.79683,924,19,0
2025-09-22 05:30:00,0.79684,0.79697,0.7967,0.79696,1015,19,0
2025-09-22 06:00:00,0.79697,0.79697,0.79658,0.79674,971,19,0
2025-09-22 06:30:00,0.79675,0.79693,0.79673,0.79688,673,19,0
2025-09-22 07:00:00,0.79689,0.79716,0.79682,0.79714,554,19,0
2025-09-22 07:30:00,0.79714,0.79719,0.79693,0.79699,679,19,0
2025-09-22 08:00:00,0.797,0.79706,0.7967,0.79675,487,19,0
2025-09-22 08:30:00,0.79674,0.79677,0.79631,0.79635,803,19,0
2025-09-22 09:00:00,0.79633,0.7965,0.79578,0.79583,735,20,0
2025-09-22 09:30:00,0.79584,0.79602,0.79541,0.79572,956,19,0
2025-09-22 10:00:00,0.79571,0.79578,0.79465,0.79475,1049,19,0
2025-09-22 10:30:00,0.79476,0.79564,0.79476,0.79564,1024,19,0
2025-09-22 11:00:00,0.79563,0.79565,0.79418,0.79435,1153,19,0
2025-09-22 11:30:00,0.79438,0.79438,0.7939,0.79412,761,19,0
2025-09-22 12:00:00,0.79411,0.79462,0.79379,0.79448,663,19,0
2025-09-22 12:30:00,0.79447,0.79471,0.79432,0.79433,616,19,0
2025-09-22 13:00:00,0.79434,0.79435,0.79332,0.79366,796,19,0
2025-09-22 13:30:00,0.79365,0.79387,0.79341,0.79367,665,19,0
2025-09-22 14:00:00,0.79366,0.79385,0.7936,0.79364,715,20,0
2025-09-22 14:30:00,0.79364,0.79364,0.793,0.7933,639,18,0
2025-09-22 15:00:00,0.79328,0.79371,0.79294,0.79363,1123,19,0
2025-09-22 15:30:00,0.79362,0.79369,0.79271,0.79302,1170,19,0
2025-09-22 16:00:00,0.79301,0.79364,0.7927,0.793,1467,18,0
2025-09-22 16:30:00,0.79298,0.79436,0.79298,0.7937,1527,18,0
2025-09-22 17:00:00,0.79371,0.79414,0.7935,0.79351,1165,18,0
2025-09-22 17:30:00,0.7935,0.79415,0.79331,0.79362,1014,18,0
2025-09-22 18:00:00,0.79363,0.79396,0.7933,0.79342,966,18,0
2025-09-22 18:30:00,0.79341,0.79377,0.7933,0.79341,779,18,0
2025-09-22 19:00:00,0.79342,0.79352,0.79271,0.79282,781,19,0
2025-09-22 19:30:00,0.79283,0.79296,0.79263,0.79282,647,19,0
2025-09-22 20:00:00,0.79281,0.79302,0.79271,0.7929,457,19,0
2025-09-22 20:30:00,0.7929,0.79294,0.7923,0.79233,446,19,0
2025-09-22 21:00:00,0.79236,0.79269,0.79215,0.7926,594,19,0
2025-09-22 21:30:00,0.79259,0.79262,0.7922,0.79235,515,19,0
2025-09-22 22:00:00,0.79234,0.79252,0.79231,0.79236,603,19,0
2025-09-22 22:30:00,0.79237,0.79241,0.79216,0.79224,670,19,0
2025-09-22 23:00:00,0.79225,0.79235,0.79211,0.79217,361,22,0
2025-09-22 23:30:00,0.79216,0.79238,0.792,0.792,664,23,0
2025-09-23 00:00:00,0.7938,0.79387,0.79216,0.79296,174,91,0
2025-09-23 00:30:00,0.79297,0.79299,0.79206,0.79224,1617,84,0
2025-09-23 01:00:00,0.79223,0.79246,0.79183,0.79217,872,19,0
2025-09-23 01:30:00,0.79216,0.79229,0.79216,0.79218,431,19,0
2025-09-23 02:00:00,0.79217,0.79228,0.79212,0.79218,530,19,0
2025-09-23 02:30:00,0.79217,0.79239,0.79216,0.79233,834,19,0
2025-09-23 03:00:00,0.79233,0.79259,0.79227,0.79235,1119,19,0
2025-09-23 03:30:00,0.79236,0.79236,0.79192,0.79193,1170,19,0
2025-09-23 04:00:00,0.79193,0.79205,0.79183,0.79191,1276,19,0
2025-09-23 04:30:00,0.79192,0.79196,0.79087,0.79111,1224,19,0
2025-09-23 05:00:00,0.79112,0.79185,0.79104,0.79179,1034,19,0
2025-09-23 05:30:00,0.79183,0.79202,0.7917,0.79193,926,19,0
2025-09-23 06:00:00,0.79194,0.79232,0.79188,0.79204,993,19,0
2025-09-23 06:30:00,0.79204,0.79216,0.79177,0.79184,727,19,0
2025-09-23 07:00:00,0.79183,0.79235,0.7917,0.79223,821,19,0
2025-09-23 07:30:00,0.79223,0.79242,0.79202,0.79241,724,19,0
2025-09-23 08:00:00,0.79242,0.7927,0.79222,0.79227,662,19,0
2025-09-23 08:30:00,0.79226,0.79244,0.79203,0.79243,790,19,0
2025-09-23 09:00:00,0.79246,0.7928,0.79239,0.79249,787,19,0
2025-09-23 09:30:00,0.79248,0.79264,0.79199,0.79234,870,19,0
2025-09-23 10:00:00,0.79231,0.79323,0.79228,0.79261,1122,18,0
2025-09-23 10:30:00,0.79248,0.79297,0.79218,0.79258,1422,18,0
2025-09-23 11:00:00,0.79257,0.79326,0.79238,0.79252,947,18,0
2025-09-23 11:30:00,0.79255,0.79269,0.79156,0.7918,1305,18,0
2025-09-23 12:00:00,0.79179,0.79189,0.79141,0.79153,794,19,0
2025-09-23 12:30:00,0.79154,0.79195,0.7915,0.79184,684,19,0
2025-09-23 13:00:00,0.79183,0.79255,0.79181,0.79252,689,19,0
2025-09-23 13:30:00,0.79251,0.79265,0.79207,0.79212,688,19,0
2025-09-23 14:00:00,0.79211,0.79269,0.79202,0.79243,653,19,0
2025-09-23 14:30:00,0.79244,0.7925,0.79182,0.7921,626,18,0
2025-09-23 15:00:00,0.79211,0.79274,0.79185,0.79238,1115,19,0
2025-09-23 15:30:00,0.79239,0.79256,0.79181,0.79205,1112,18,0
2025-09-23 16:00:00,0.79206,0.79222,0.79163,0.7922,1741,18,0
2025-09-23 16:30:00,0.79219,0.79303,0.79182,0.79214,2109,18,0
2025-09-23 17:00:00,0.79213,0.7929,0.79187,0.79265,2235,18,0
2025-09-23 17:30:00,0.79266,0.7931,0.7925,0.79283,1719,18,0
2025-09-23 18:00:00,0.79284,0.79311,0.79257,0.79288,1317,18,0
2025-09-23 18:30:00,0.79289,0.79308,0.7921,0.79217,1072,18,0
2025-09-23 19:00:00,0.7921,0.79232,0.79148,0.7916,1060,19,0
2025-09-23 19:30:00,0.79161,0.7926,0.79151,0.79177,1807,18,0
2025-09-23 20:00:00,0.79178,0.7919,0.79125,0.79154,1522,19,0
2025-09-23 20:30:00,0.79155,0.79155,0.79084,0.79135,1332,19,0
2025-09-23 21:00:00,0.79136,0.79152,0.79092,0.79125,1030,18,0
2025-09-23 21:30:00,0.79129,0.79162,0.79104,0.79148,935,19,0
2025-09-23 22:00:00,0.79149,0.79177,0.79134,0.79142,741,19,0
2025-09-23 22:30:00,0.79141,0.79155,0.79113,0.79122,741,19,0
2025-09-23 23:00:00,0.79121,0.79124,0.79105,0.79112,405,20,0
2025-09-23 23:30:00,0.79113,0.79131,0.79089,0.79089,497,23,0
2025-09-24 00:00:00,0.79088,0.79209,0.79064,0.79112,799,84,0
2025-09-24 00:30:00,0.79103,0.79144,0.7907,0.79084,2829,84,0
2025-09-24 01:00:00,0.79083,0.79125,0.79055,0.79114,1139,19,0
2025-09-24 01:30:00,0.79115,0.79127,0.79112,0.79123,672,19,0
2025-09-24 02:00:00,0.79123,0.79144,0.79116,0.79117,499,19,0
2025-09-24 02:30:00,0.79114,0.79149,0.79114,0.79133,603,19,0
2025-09-24 03:00:00,0.7913,0.79199,0.79118,0.79195,2057,19,0
2025-09-24 03:30:00,0.79196,0.7921,0.79179,0.7919,1622,19,0
2025-09-24 04:00:00,0.79191,0.79222,0.7918,0.79207,1490,19,0
2025-09-24 04:30:00,0.79206,0.79214,0.79182,0.79204,1717,19,0
2025-09-24 05:00:00,0.79205,0.79218,0.7919,0.79211,922,19,0
2025-09-24 05:30:00,0.7921,0.79221,0.79196,0.79211,840,19,0
2025-09-24 06:00:00,0.79211,0.79232,0.79205,0.79229,612,19,0
2025-09-24 06:30:00,0.7923,0.7924,0.79221,0.79239,601,19,0
2025-09-24 07:00:00,0.7924,0.79247,0.79209,0.79211,551,19,0
2025-09-24 07:30:00,0.79212,0.79232,0.79199,0.79202,647,19,0
2025-09-24 08:00:00,0.79201,0.79203,0.79177,0.79195,698,19,0
2025-09-24 08:30:00,0.79197,0.79253,0.79196,0.79215,705,19,0
2025-09-24 09:00:00,0.79217,0.79271,0.79196,0.79246,1022,20,0
2025-09-24 09:30:00,0.79247,0.79276,0.79238,0.79256,846,19,0
2025-09-24 10:00:00,0.79255,0.79322,0.7923,0.79291,1071,19,0
2025-09-24 10:30:00,0.79293,0.79315,0.79226,0.79298,1028,19,0
2025-09-24 11:00:00,0.79299,0.79392,0.79299,0.79386,1274,19,0
2025-09-24 11:30:00,0.79385,0.79419,0.7937,0.79389,961,19,0
2025-09-24 12:00:00,0.79388,0.79409,0.79361,0.79401,888,19,0
2025-09-24 12:30:00,0.79402,0.79423,0.79376,0.7941,959,19,0
2025-09-24 13:00:00,0.79411,0.79483,0.79398,0.79456,868,19,0
2025-09-24 13:30:00,0.79457,0.79506,0.79429,0.79487,898,19,0
2025-09-24 14:00:00,0.79488,0.79513,0.79467,0.79482,926,18,0
2025-09-24 14:30:00,0.79481,0.79484,0.79417,0.79433,1079,18,0
2025-09-24 15:00:00,0.79434,0.79436,0.79364,0.79397,1237,19,0
2025-09-24 15:30:00,0.79398,0.79476,0.79392,0.79442,1332,18,0
2025-09-24 16:00:00,0.79443,0.79486,0.79421,0.79464,1180,18,0
2025-09-24 16:30:00,0.79465,0.79499,0.7939,0.79438,1574,20,0
2025-09-24 17:00:00,0.79435,0.79524,0.79435,0.79472,1886,19,0
2025-09-24 17:30:00,0.79473,0.79482,0.79399,0.79438,1702,18,0
2025-09-24 18:00:00,0.79437,0.79517,0.79437,0.79501,1229,18,0
2025-09-24 18:30:00,0.79502,0.79522,0.79473,0.79501,1088,18,0
2025-09-24 19:00:00,0.79504,0.79543,0.79488,0.79539,650,19,0
2025-09-24 19:30:00,0.7954,0.79566,0.79523,0.79553,735,19,0
2025-09-24 20:00:00,0.79552,0.79557,0.79491,0.7951,672,19,0
2025-09-24 20:30:00,0.79511,0.79532,0.795,0.79527,499,19,0
2025-09-24 21:00:00,0.79528,0.79553,0.79518,0.79532,500,19,0
2025-09-24 21:30:00,0.7953,0.79556,0.79516,0.7953,554,19,0
2025-09-24 22:00:00,0.79533,0.79554,0.79532,0.79545,333,19,0
2025-09-24 22:30:00,0.79544,0.79545,0.79514,0.79531,358,19,0
2025-09-24 23:00:00,0.79529,0.79532,0.79511,0.79516,263,22,0
2025-09-24 23:30:00,0.79515,0.79528,0.79445,0.79445,989,23,0
2025-09-25 00:00:00,0.79448,0.7946,0.79396,0.79414,145,84,0
2025-09-25 00:30:00,0.79409,0.79436,0.794,0.79434,1485,106,0
2025-09-25 01:00:00,0.79409,0.7948,0.79409,0.79465,686,19,0
2025-09-25 01:30:00,0.79464,0.79468,0.79458,0.7946,427,19,0
2025-09-25 02:00:00,0.79459,0.79472,0.79451,0.79462,443,19,0
2025-09-25 02:30:00,0.79463,0.79476,0.79454,0.79476,505,19,0
2025-09-25 03:00:00,0.79478,0.79483,0.79453,0.79463,1247,19,0
2025-09-25 03:30:00,0.79464,0.79472,0.79425,0.79432,969,19,0
2025-09-25 04:00:00,0.79431,0.79479,0.79419,0.79478,977,19,0
2025-09-25 04:30:00,0.79477,0.79503,0.79463,0.79483,836,19,0
2025-09-25 05:00:00,0.79482,0.7949,0.79452,0.79469,711,19,0
2025-09-25 05:30:00,0.7947,0.79495,0.79455,0.79485,531,19,0
2025-09-25 06:00:00,0.79486,0.795,0.79465,0.79474,511,19,0
2025-09-25 06:30:00,0.79475,0.7948,0.79463,0.79469,431,19,0
2025-09-25 07:00:00,0.79468,0.79482,0.79461,0.79464,381,19,0
2025-09-25 07:30:00,0.79465,0.79476,0.79458,0.79465,394,19,0
2025-09-25 08:00:00,0.79466,0.7949,0.79463,0.79489,494,19,0
2025-09-25 08:30:00,0.79489,0.79511,0.79487,0.79508,630,19,0
2025-09-25 09:00:00,0.79505,0.79546,0.79491,0.79518,790,19,0
2025-09-25 09:30:00,0.79519,0.79587,0.795,0.79524,979,19,0
2025-09-25 10:00:00,0.79523,0.79609,0.79504,0.79567,1101,19,0
2025-09-25 10:30:00,0.79566,0.79675,0.79479,0.79659,1540,18,0
2025-09-25 11:00:00,0.7966,0.79673,0.79579,0.79616,1211,19,0
2025-09-25 11:30:00,0.79617,0.79647,0.79565,0.79574,960,19,0
2025-09-25 12:00:00,0.79573,0.79586,0.79517,0.7958,884,19,0
2025-09-25 12:30:00,0.79579,0.79602,0.79529,0.79571,804,19,0
2025-09-25 13:00:00,0.7957,0.79576,0.79536,0.79548,509,19,0
2025-09-25 13:30:00,0.79546,0.79551,0.79502,0.79549,784,19,0
2025-09-25 14:00:00,0.79549,0.79604,0.79546,0.7958,833,18,0
2025-09-25 14:30:00,0.79579,0.79611,0.79564,0.79593,836,18,0
2025-09-25 15:00:00,0.79595,0.79636,0.79542,0.79566,1185,18,0
2025-09-25 15:30:00,0.79566,0.79977,0.79566,0.79897,3871,20,0
2025-09-25 16:00:00,0.79896,0.79945,0.79778,0.79838,2744,18,0
2025-09-25 16:30:00,0.79837,0.79903,0.7977,0.79893,2355,18,0
2025-09-25 17:00:00,0.79895,0.79992,0.79874,0.79955,2361,18,0
2025-09-25 17:30:00,0.79957,0.80026,0.79945,0.80021,2048,18,0
2025-09-25 18:00:00,0.80022,0.80067,0.80003,0.80027,1531,18,0
2025-09-25 18:30:00,0.80029,0.80062,0.80014,0.80052,1227,18,0
2025-09-25 19:00:00,0.80051,0.80055,0.79972,0.80008,1498,19,0
2025-09-25 19:30:00,0.80008,0.80087,0.80008,0.80075,1073,19,0
2025-09-25 20:00:00,0.80076,0.80127,0.80033,0.80119,1309,19,0
2025-09-25 20:30:00,0.8012,0.80131,0.80008,0.8002,993,19,0
2025-09-25 21:00:00,0.80019,0.80064,0.7999,0.80051,1269,19,0
2025-09-25 21:30:00,0.80052,0.80066,0.80018,0.80034,966,19,0
2025-09-25 22:00:00,0.80035,0.80037,0.79961,0.79977,1003,19,0
2025-09-25 22:30:00,0.79978,0.80004,0.79972,0.79995,814,19,0
2025-09-25 23:00:00,0.79994,0.79999,0.79948,0.79952,581,19,0
2025-09-25 23:30:00,0.79954,0.79962,0.79908,0.79909,778,23,0
2025-09-26 00:00:00,0.79918,0.80001,0.79903,0.79905,211,94,0
2025-09-26 00:30:00,0.79904,0.79974,0.79899,0.79965,1866,84,0
2025-09-26 01:00:00,0.79966,0.79982,0.79913,0.79951,451,19,0
2025-09-26 01:30:00,0.79949,0.79967,0.79944,0.79952,436,19,0
2025-09-26 02:00:00,0.79952,0.80058,0.79951,0.8002,636,19,0
2025-09-26 02:30:00,0.80018,0.80042,0.79994,0.80002,696,19,0
2025-09-26 03:00:00,0.80003,0.80061,0.80001,0.80006,1139,19,0
2025-09-26 03:30:00,0.80007,0.8003,0.79969,0.7997,847,19,0
2025-09-26 04:00:00,0.79969,0.79981,0.79956,0.79963,1045,19,0
2025-09-26 04:30:00,0.79964,0.80008,0.79953,0.79996,945,19,0
2025-09-26 05:00:00,0.79997,0.8,0.79942,0.79943,787,19,0
2025-09-26 05:30:00,0.79943,0.79955,0.7993,0.79949,669,19,0
2025-09-26 06:00:00,0.7995,0.79961,0.79927,0.7993,596,19,0
2025-09-26 06:30:00,0.7993,0.79939,0.79921,0.7993,527,19,0
2025-09-26 07:00:00,0.79931,0.79942,0.79913,0.79932,585,19,0
2025-09-26 07:30:00,0.79932,0.79935,0.79907,0.79908,434,19,0
2025-09-26 08:00:00,0.79907,0.7992,0.79894,0.79899,479,19,0
2025-09-26 08:30:00,0.79898,0.79922,0.79896,0.79913,555,19,0
2025-09-26 09:00:00,0.79911,0.79925,0.79888,0.799,916,19,0
2025-09-26 09:30:00,0.79902,0.79931,0.79863,0.79868,972,19,0
2025-09-26 10:00:00,0.79869,0.79951,0.79855,0.79919,1312,19,0
2025-09-26 10:30:00,0.79916,0.79999,0.79903,0.79979,936,19,0
2025-09-26 11:00:00,0.7998,0.79992,0.79912,0.79922,1027,19,0
2025-09-26 11:30:00,0.79921,0.79932,0.79872,0.79913,901,19,0
2025-09-26 12:00:00,0.79912,0.79967,0.7991,0.79935,1001,19,0
2025-09-26 12:30:00,0.79937,0.79963,0.79924,0.7995,769,19,0
2025-09-26 13:00:00,0.79952,0.79988,0.79935,0.79981,751,19,0
2025-09-26 13:30:00,0.79982,0.80026,0.79974,0.80019,826,19,0
2025-09-26 14:00:00,0.80019,0.8002,0.79982,0.79991,1041,18,0
2025-09-26 14:30:00,0.79992,0.79993,0.79915,0.79964,1134,18,0
2025-09-26 15:00:00,0.79963,0.7997,0.79874,0.79898,1046,17,0
2025-09-26 15:30:00,0.79898,0.79939,0.79835,0.7988,2979,18,0
2025-09-26 16:00:00,0.79879,0.79918,0.79801,0.79899,2289,18,0
2025-09-26 16:30:00,0.799,0.79911,0.79804,0.79809,2074,18,0
2025-09-26 17:00:00,0.7981,0.79831,0.79772,0.79816,2231,18,0
2025-09-26 17:30:00,0.79819,0.79852,0.79738,0.79837,2091,18,0
2025-09-26 18:00:00,0.79838,0.79875,0.79807,0.79808,1622,18,0
2025-09-26 18:30:00,0.79807,0.79845,0.79779,0.79839,1328,18,0
2025-09-26 19:00:00,0.7984,0.79848,0.79794,0.79795,1236,19,0
2025-09-26 19:30:00,0.79796,0.79832,0.79782,0.79832,1187,19,0
2025-09-26 20:00:00,0.79831,0.79832,0.79778,0.79782,984,19,0
2025-09-26 20:30:00,0.79782,0.79789,0.79753,0.79776,876,19,0
2025-09-26 21:00:00,0.79777,0.79793,0.79769,0.79784,815,19,0
2025-09-26 21:30:00,0.79783,0.79798,0.79728,0.7974,963,19,0
2025-09-26 22:00:00,0.79739,0.79781,0.79738,0.79779,690,19,0
2025-09-26 22:30:00,0.7978,0.79788,0.79737,0.79741,820,19,0
2025-09-26 23:00:00,0.7974,0.79756,0.79719,0.79755,752,20,0
2025-09-26 23:30:00,0.79756,0.79797,0.79742,0.79773,637,23,0
2025-09-29 00:00:00,0.79716,0.7973,0.79654,0.79667,57,120,0
2025-09-29 00:30:00,0.79659,0.79727,0.79657,0.79696,709,98,0
2025-09-29 01:00:00,0.79687,0.798,0.79672,0.79769,1548,19,0
2025-09-29 01:30:00,0.79768,0.79779,0.79759,0.79763,1743,19,0
2025-09-29 02:00:00,0.79762,0.79762,0.7972,0.79727,499,19,0
2025-09-29 02:30:00,0.79726,0.79749,0.79717,0.79741,484,19,0
2025-09-29 03:00:00,0.7974,0.79742,0.7968,0.79695,796,19,0
2025-09-29 03:30:00,0.79696,0.79696,0.79629,0.79644,638,19,0
2025-09-29 04:00:00,0.79645,0.79699,0.79642,0.79674,969,19,0
2025-09-29 04:30:00,0.79673,0.79678,0.7963,0.79637,987,19,0
2025-09-29 05:00:00,0.7964,0.79641,0.796,0.79615,730,19,0
2025-09-29 05:30:00,0.79614,0.79627,0.79573,0.79595,625,19,0
2025-09-29 06:00:00,0.79594,0.796,0.79578,0.7959,468,19,0
2025-09-29 06:30:00,0.79591,0.7961,0.79583,0.79609,490,19,0
2025-09-29 07:00:00,0.79608,0.79622,0.79601,0.79608,537,19,0
2025-09-29 07:30:00,0.79608,0.79611,0.79561,0.79594,461,19,0
2025-09-29 08:00:00,0.79594,0.79601,0.79572,0.79598,613,19,0
2025-09-29 08:30:00,0.79597,0.79628,0.79547,0.79616,1055,19,0
2025-09-29 09:00:00,0.79617,0.79641,0.79594,0.79626,1058,19,0
2025-09-29 09:30:00,0.79627,0.79683,0.79609,0.79665,859,19,0
2025-09-29 10:00:00,0.79667,0.79669,0.79544,0.79572,1053,19,0
2025-09-29 10:30:00,0.79571,0.7959,0.79525,0.79562,944,19,0
2025-09-29 11:00:00,0.7956,0.79649,0.79507,0.79605,1031,19,0
2025-09-29 11:30:00,0.79603,0.79627,0.79575,0.79595,822,19,0
2025-09-29 12:00:00,0.79594,0.79648,0.79583,0.79612,910,19,0
2025-09-29 12:30:00,0.79611,0.79685,0.79611,0.79672,658,19,0
2025-09-29 13:00:00,0.79673,0.79697,0.79665,0.79683,548,19,0
2025-09-29 13:30:00,0.79682,0.79742,0.79666,0.79742,668,19,0
2025-09-29 14:00:00,0.79743,0.79852,0.7974,0.79849,987,18,0
2025-09-29 14:30:00,0.79852,0.79866,0.79762,0.79779,1275,18,0
2025-09-29 15:00:00,0.79778,0.79814,0.79741,0.79803,1715,18,0
2025-09-29 15:30:00,0.79802,0.79812,0.79597,0.79613,2035,18,0
2025-09-29 16:00:00,0.79612,0.79695,0.79608,0.79678,2059,18,0
2025-09-29 16:30:00,0.79676,0.79742,0.79639,0.79739,1802,18,0
2025-09-29 17:00:00,0.79744,0.79771,0.79708,0.79755,1626,18,0
2025-09-29 17:30:00,0.79756,0.79781,0.7972,0.79738,1574,18,0
2025-09-29 18:00:00,0.79738,0.79758,0.79668,0.7968,1461,18,0
2025-09-29 18:30:00,0.79681,0.7973,0.79666,0.79691,1286,18,0
2025-09-29 19:00:00,0.79692,0.79713,0.79668,0.7969,895,19,0
2025-09-29 19:30:00,0.79689,0.79727,0.79688,0.79699,617,19,0
2025-09-29 20:00:00,0.79698,0.79738,0.79692,0.79736,610,19,0
2025-09-29 20:30:00,0.79735,0.79744,0.79715,0.79744,710,19,0
2025-09-29 21:00:00,0.79742,0.79757,0.79706,0.79714,656,19,0
2025-09-29 21:30:00,0.79713,0.79733,0.79697,0.79711,618,19,0
2025-09-29 22:00:00,0.7971,0.79754,0.79709,0.79722,579,19,0
2025-09-29 22:30:00,0.79723,0.79747,0.79715,0.79735,575,19,0
2025-09-29 23:00:00,0.79736,0.79776,0.79733,0.79773,509,21,0
2025-09-29 23:30:00,0.79773,0.79774,0.79701,0.79721,598,23,0
2025-09-30 00:00:00,0.79745,0.79745,0.79699,0.79714,60,84,0
2025-09-30 00:30:00,0.79712,0.79736,0.79681,0.79695,1234,84,0
2025-09-30 01:00:00,0.79684,0.79763,0.79682,0.79763,529,19,0
2025-09-30 01:30:00,0.79764,0.79778,0.79748,0.79748,424,19,0
2025-09-30 02:00:00,0.79749,0.79751,0.7973,0.79744,370,19,0
2025-09-30 02:30:00,0.79744,0.79753,0.79724,0.79734,721,19,0
2025-09-30 03:00:00,0.79735,0.7977,0.79734,0.79757,1485,19,0
2025-09-30 03:30:00,0.79756,0.79825,0.79752,0.79784,1294,19,0
2025-09-30 04:00:00,0.79781,0.79787,0.79726,0.79728,930,19,0
2025-09-30 04:30:00,0.79727,0.79782,0.79722,0.79777,828,19,0
2025-09-30 05:00:00,0.79778,0.79796,0.79742,0.79752,521,19,0
2025-09-30 05:30:00,0.79751,0.79768,0.79739,0.79762,490,19,0
2025-09-30 06:00:00,0.79763,0.79768,0.79723,0.79728,546,19,0
2025-09-30 06:30:00,0.79726,0.7974,0.79716,0.79722,568,19,0
2025-09-30 07:00:00,0.79722,0.79757,0.79716,0.79752,451,18,0
2025-09-30 07:30:00,0.79756,0.79767,0.79687,0.79689,738,18,0
2025-09-30 08:00:00,0.79688,0.79722,0.79663,0.7971,695,18,0
2025-09-30 08:30:00,0.7971,0.79755,0.79704,0.79748,934,18,0
2025-09-30 09:00:00,0.79753,0.79771,0.79665,0.79676,1170,19,0
2025-09-30 09:30:00,0.79675,0.79678,0.79618,0.79626,949,19,0
2025-09-30 10:00:00,0.79628,0.79643,0.79538,0.79569,899,19,0
2025-09-30 10:30:00,0.7957,0.79628,0.79566,0.79597,1197,19,0
2025-09-30 11:00:00,0.79594,0.79602,0.79514,0.79593,1201,19,0
2025-09-30 11:30:00,0.79594,0.79613,0.79548,0.79608,1116,19,0
2025-09-30 12:00:00,0.79607,0.79716,0.796,0.79715,1174,19,0
2025-09-30 12:30:00,0.79716,0.79738,0.79675,0.79707,934,19,0
2025-09-30 13:00:00,0.79706,0.79747,0.79681,0.79743,854,19,0
2025-09-30 13:30:00,0.79742,0.79787,0.79727,0.79763,893,19,0
2025-09-30 14:00:00,0.7976,0.79813,0.79736,0.79787,1029,18,0
2025-09-30 14:30:00,0.79788,0.7979,0.79722,0.79728,741,18,0
2025-09-30 15:00:00,0.79729,0.79744,0.7967,0.79686,1326,18,0
2025-09-30 15:30:00,0.79688,0.79728,0.79674,0.79699,1186,18,0
2025-09-30 16:00:00,0.79698,0.79845,0.79693,0.79804,1505,18,0
2025-09-30 16:30:00,0.79803,0.79807,0.79667,0.79696,1554,17,0
2025-09-30 17:00:00,0.7968,0.79772,0.7956,0.79588,2749,18,0
2025-09-30 17:30:00,0.79587,0.79587,0.79487,0.79552,2317,18,0
2025-09-30 18:00:00,0.79553,0.7973,0.79551,0.79727,2142,18,0
2025-09-30 18:30:00,0.79729,0.79729,0.79646,0.79649,1373,18,0
2025-09-30 19:00:00,0.7965,0.79651,0.79575,0.79583,1084,19,0
2025-09-30 19:30:00,0.79582,0.79594,0.79438,0.79454,1071,19,0
2025-09-30 20:00:00,0.79455,0.79459,0.79381,0.79427,870,19,0
2025-09-30 20:30:00,0.79427,0.79539,0.79421,0.7952,818,19,0
2025-09-30 21:00:00,0.79522,0.79573,0.79519,0.79573,807,19,0
2025-09-30 21:30:00,0.79571,0.79614,0.79564,0.79602,736,19,0
2025-09-30 22:00:00,0.79601,0.79629,0.79584,0.79601,792,19,0
2025-09-30 22:30:00,0.79602,0.79613,0.79585,0.79592,664,19,0
2025-09-30 23:00:00,0.79589,0.79637,0.79588,0.79627,618,19,0
2025-09-30 23:30:00,0.79627,0.79635,0.79568,0.79614,731,23,0
2025-10-01 00:00:00,0.796,0.79612,0.79507,0.79523,78,99,0
2025-10-01 00:30:00,0.79524,0.79568,0.79521,0.79529,2019,120,0
2025-10-01 01:00:00,0.79531,0.79624,0.79526,0.7962,868,19,0
2025-10-01 01:30:00,0.79621,0.79637,0.79618,0.79627,441,19,0
2025-10-01 02:00:00,0.79627,0.79635,0.79596,0.7961,553,19,0
2025-10-01 02:30:00,0.7961,0.79637,0.79609,0.79634,553,19,0
2025-10-01 03:00:00,0.79637,0.79678,0.79626,0.79645,936,19,0
2025-10-01 03:30:00,0.79647,0.7966,0.79617,0.79622,912,19,0
2025-10-01 04:00:00,0.79622,0.79657,0.79611,0.79617,817,19,0
2025-10-01 04:30:00,0.79618,0.79631,0.79607,0.79613,863,19,0
2025-10-01 05:00:00,0.79612,0.79637,0.79609,0.79634,676,19,0
2025-10-01 05:30:00,0.79635,0.79646,0.79609,0.79615,688,19,0
2025-10-01 06:00:00,0.79615,0.79622,0.79592,0.79612,690,19,0
2025-10-01 06:30:00,0.79613,0.79628,0.79588,0.79591,534,19,0
2025-10-01 07:00:00,0.79587,0.79591,0.79547,0.79547,660,19,0
2025-10-01 07:30:00,0.79548,0.79548,0.79411,0.79427,976,19,0
2025-10-01 08:00:00,0.79428,0.79522,0.79365,0.79467,1484,19,0
2025-10-01 08:30:00,0.79468,0.79488,0.79448,0.79479,918,19,0
2025-10-01 09:00:00,0.7948,0.79485,0.79427,0.7944,906,19,0
2025-10-01 09:30:00,0.79442,0.79442,0.79314,0.79352,1316,19,0
2025-10-01 10:00:00,0.79353,0.79462,0.79275,0.79454,1865,19,0
2025-10-01 10:30:00,0.79455,0.79497,0.79391,0.79466,1928,19,0
2025-10-01 11:00:00,0.79467,0.79499,0.79436,0.7946,1525,19,0
2025-10-01 11:30:00,0.79461,0.79579,0.79389,0.79573,1264,19,0
2025-10-01 12:00:00,0.79572,0.79591,0.79505,0.79587,1138,19,0
2025-10-01 12:30:00,0.79586,0.79672,0.79565,0.79649,1282,19,0
2025-10-01 13:00:00,0.7965,0.79784,0.79645,0.7978,1413,19,0
2025-10-01 13:30:00,0.79779,0.79837,0.79726,0.79781,1117,19,0
2025-10-01 14:00:00,0.7978,0.79796,0.79731,0.79771,1142,18,0
2025-10-01 14:30:00,0.79772,0.79831,0.79733,0.79821,1068,18,0
2025-10-01 15:00:00,0.79821,0.79876,0.79571,0.79651,3872,17,0
2025-10-01 15:30:00,0.79647,0.79769,0.79571,0.7973,3716,18,0
2025-10-01 16:00:00,0.79729,0.79757,0.79651,0.79692,2641,18,0
2025-10-01 16:30:00,0.79693,0.79696,0.79603,0.79613,2187,18,0
2025-10-01 17:00:00,0.79609,0.79811,0.79604,0.79707,2802,17,0
2025-10-01 17:30:00,0.79706,0.79839,0.7966,0.797,3714,17,0
2025-10-01 18:00:00,0.79701,0.7987,0.79691,0.79836,2767,18,0
2025-10-01 18:30:00,0.79835,0.79842,0.79764,0.79823,1802,18,0
2025-10-01 19:00:00,0.79828,0.79868,0.79791,0.79817,1347,19,0
2025-10-01 19:30:00,0.79818,0.79893,0.79805,0.79815,1250,19,0
2025-10-01 20:00:00,0.79814,0.79815,0.79754,0.79761,879,19,0
2025-10-01 20:30:00,0.79761,0.79781,0.79748,0.79775,662,19,0
2025-10-01 21:00:00,0.79773,0.79793,0.79693,0.79695,760,19,0
2025-10-01 21:30:00,0.79694,0.79699,0.79655,0.79694,994,19,0
2025-10-01 22:00:00,0.79695,0.79715,0.79684,0.79687,794,19,0
2025-10-01 22:30:00,0.79686,0.797,0.79654,0.79688,649,19,0
2025-10-01 23:00:00,0.79685,0.79729,0.7968,0.79726,593,20,0
2025-10-01 23:30:00,0.79727,0.79729,0.79635,0.79635,637,23,0
2025-10-02 00:00:00,0.79625,0.79647,0.79624,0.79625,72,84,0
2025-10-02 00:30:00,0.79631,0.79658,0.79613,0.79614,1018,84,0
2025-10-02 01:00:00,0.79619,0.79688,0.79619,0.79685,560,19,0
2025-10-02 01:30:00,0.79685,0.79686,0.79673,0.79678,513,19,0
2025-10-02 02:00:00,0.79677,0.79689,0.79663,0.79679,295,19,0
2025-10-02 02:30:00,0.79678,0.79689,0.79673,0.79687,491,19,0
2025-10-02 03:00:00,0.7969,0.79736,0.79681,0.79723,1138,19,0
2025-10-02 03:30:00,0.79723,0.79736,0.79691,0.79703,901,19,0
2025-10-02 04:00:00,0.79707,0.79727,0.7963,0.79642,1116,19,0
2025-10-02 04:30:00,0.79643,0.79652,0.79609,0.79617,1282,19,0
2025-10-02 05:00:00,0.79616,0.79637,0.79602,0.79623,551,19,0
2025-10-02 05:30:00,0.79625,0.79636,0.79611,0.7962,383,19,0
2025-10-02 06:00:00,0.79622,0.7963,0.7961,0.79628,417,19,0
2025-10-02 06:30:00,0.79627,0.79653,0.79626,0.79649,466,19,0
2025-10-02 07:00:00,0.79648,0.79669,0.79645,0.79658,396,19,0
2025-10-02 07:30:00,0.79658,0.79674,0.79655,0.79661,520,19,0
2025-10-02 08:00:00,0.7966,0.79691,0.79639,0.79682,634,19,0
2025-10-02 08:30:00,0.79679,0.79684,0.79657,0.79665,472,19,0
2025-10-02 09:00:00,0.79661,0.7969,0.79616,0.79686,782,18,0
2025-10-02 09:30:00,0.7969,0.79743,0.79651,0.7968,1473,19,0
2025-10-02 10:00:00,0.79679,0.79704,0.79602,0.79676,1316,19,0
2025-10-02 10:30:00,0.79673,0.79675,0.79586,0.79648,971,19,0
2025-10-02 11:00:00,0.79647,0.79651,0.79578,0.79598,910,19,0
2025-10-02 11:30:00,0.79596,0.79674,0.79595,0.79614,946,19,0
2025-10-02 12:00:00,0.79615,0.79616,0.79522,0.79532,803,19,0
2025-10-02 12:30:00,0.79533,0.79581,0.79521,0.79558,776,19,0
2025-10-02 13:00:00,0.79557,0.79631,0.79552,0.79579,854,19,0
2025-10-02 13:30:00,0.79577,0.79602,0.79527,0.79527,766,19,0
2025-10-02 14:00:00,0.79525,0.79589,0.79525,0.79575,981,18,0
2025-10-02 14:30:00,0.79574,0.79591,0.79537,0.79563,1304,18,0
2025-10-02 15:00:00,0.79564,0.79621,0.79502,0.79605,1301,17,0
2025-10-02 15:30:00,0.79593,0.79685,0.79587,0.79654,1753,18,0
2025-10-02 16:00:00,0.79652,0.79699,0.79626,0.79681,1762,18,0
2025-10-02 16:30:00,0.79681,0.79814,0.79676,0.7978,2044,18,0
2025-10-02 17:00:00,0.79779,0.79836,0.79768,0.79784,1920,18,0
2025-10-02 17:30:00,0.79785,0.79851,0.79776,0.7982,1865,18,0
2025-10-02 18:00:00,0.79821,0.7994,0.7982,0.79899,1531,18,0
2025-10-02 18:30:00,0.799,0.79991,0.79891,0.79927,1470,18,0
2025-10-02 19:00:00,0.7993,0.79941,0.79853,0.79858,1168,19,0
2025-10-02 19:30:00,0.7986,0.79862,0.798,0.79801,908,19,0
2025-10-02 20:00:00,0.79802,0.7982,0.79769,0.7979,842,19,0
2025-10-02 20:30:00,0.79793,0.79833,0.79782,0.79833,721,19,0
2025-10-02 21:00:00,0.79835,0.79846,0.79791,0.79792,722,19,0
2025-10-02 21:30:00,0.79793,0.79799,0.79742,0.79754,669,19,0
2025-10-02 22:00:00,0.79755,0.79759,0.79705,0.7972,596,19,0
2025-10-02 22:30:00,0.7972,0.79758,0.79719,0.79755,569,19,0
2025-10-02 23:00:00,0.79752,0.79767,0.79729,0.79766,629,21,0
2025-10-02 23:30:00,0.79767,0.79781,0.79706,0.79706,575,23,0
2025-10-03 00:00:00,0.7973,0.79764,0.79677,0.7972,104,84,0
2025-10-03 00:30:00,0.79716,0.79721,0.7968,0.79714,544,84,0
2025-10-03 01:00:00,0.79727,0.79754,0.79704,0.7974,449,19,0
2025-10-03 01:30:00,0.79741,0.7975,0.7973,0.79743,653,19,0
2025-10-03 02:00:00,0.79743,0.79744,0.79715,0.79718,328,19,0
2025-10-03 02:30:00,0.79717,0.79721,0.79695,0.79699,344,19,0
2025-10-03 03:00:00,0.797,0.79746,0.79696,0.79735,687,19,0
2025-10-03 03:30:00,0.79734,0.79756,0.79727,0.79728,729,19,0
2025-10-03 04:00:00,0.79728,0.79787,0.79694,0.79773,1475,19,0
2025-10-03 04:30:00,0.79769,0.79783,0.79711,0.79721,1041,19,0
2025-10-03 05:00:00,0.79722,0.79753,0.79715,0.79749,502,19,0
2025-10-03 05:30:00,0.7975,0.79772,0.79748,0.79765,586,19,0
2025-10-03 06:00:00,0.79764,0.79789,0.7976,0.79776,502,19,0
2025-10-03 06:30:00,0.79775,0.79779,0.79734,0.79737,459,19,0
2025-10-03 07:00:00,0.79737,0.79749,0.79718,0.79743,417,19,0
2025-10-03 07:30:00,0.79744,0.79765,0.79743,0.79763,444,19,0
2025-10-03 08:00:00,0.79762,0.79784,0.79748,0.79774,802,19,0
2025-10-03 08:30:00,0.79774,0.79791,0.79766,0.79783,758,19,0
2025-10-03 09:00:00,0.79782,0.79788,0.79715,0.79754,702,19,0
2025-10-03 09:30:00,0.79753,0.79768,0.79702,0.79757,720,19,0
2025-10-03 10:00:00,0.79753,0.79788,0.7973,0.79754,790,19,0
2025-10-03 10:30:00,0.79755,0.79755,0.79663,0.79688,855,19,0
2025-10-03 11:00:00,0.79686,0.79734,0.79664,0.79671,816,19,0
2025-10-03 11:30:00,0.79673,0.79702,0.79567,0.79613,1044,19,0
2025-10-03 12:00:00,0.79614,0.79704,0.79611,0.79693,714,19,0
2025-10-03 12:30:00,0.79694,0.79702,0.79653,0.79667,474,19,0
2025-10-03 13:00:00,0.79664,0.79709,0.79653,0.79661,512,19,0
2025-10-03 13:30:00,0.79662,0.79679,0.79643,0.79651,462,19,0
2025-10-03 14:00:00,0.79649,0.79691,0.79622,0.79622,818,18,0
2025-10-03 14:30:00,0.79623,0.79626,0.79576,0.79612,954,18,0
2025-10-03 15:00:00,0.79606,0.79626,0.79569,0.7957,987,17,0
2025-10-03 15:30:00,0.79557,0.7965,0.79557,0.79566,1533,18,0
2025-10-03 16:00:00,0.79565,0.79636,0.79559,0.7958,1265,17,0
2025-10-03 16:30:00,0.79581,0.7966,0.7954,0.79624,1691,17,0
2025-10-03 17:00:00,0.79606,0.79628,0.7948,0.79573,3349,18,0
2025-10-03 17:30:00,0.79574,0.79617,0.79497,0.79516,2534,18,0
2025-10-03 18:00:00,0.79517,0.79551,0.79491,0.79499,1444,18,0
2025-10-03 18:30:00,0.795,0.79509,0.79461,0.7948,984,18,0
2025-10-03 19:00:00,0.79478,0.79541,0.79461,0.79531,844,19,0
2025-10-03 19:30:00,0.79532,0.79545,0.79517,0.79518,546,19,0
2025-10-03 20:00:00,0.79517,0.79533,0.79502,0.79516,651,19,0
2025-10-03 20:30:00,0.79514,0.79587,0.79511,0.79576,685,19,0
2025-10-03 21:00:00,0.79575,0.79604,0.7957,0.79575,610,19,0
2025-10-03 21:30:00,0.79574,0.79577,0.79533,0.79535,547,19,0
2025-10-03 22:00:00,0.79536,0.79552,0.79512,0.79525,595,19,0
2025-10-03 22:30:00,0.79524,0.79545,0.79515,0.7953,460,19,0
2025-10-03 23:00:00,0.79529,0.79535,0.79497,0.79519,434,22,0
2025-10-03 23:30:00,0.7952,0.79544,0.7946,0.79477,823,23,0
2025-10-06 00:00:00,0.7957,0.79573,0.79552,0.79568,74,120,0
2025-10-06 00:30:00,0.79564,0.79605,0.79564,0.79582,245,120,0
2025-10-06 01:00:00,0.79578,0.79767,0.79575,0.79727,1536,19,0
2025-10-06 01:30:00,0.79728,0.7975,0.79717,0.79741,841,19,0
2025-10-06 02:00:00,0.79737,0.79755,0.79706,0.79742,2334,19,0
2025-10-06 02:30:00,0.79742,0.79765,0.79697,0.79714,2621,19,0
2025-10-06 03:00:00,0.7971,0.79726,0.79654,0.79692,1985,19,0
2025-10-06 03:30:00,0.79693,0.79708,0.79635,0.79643,1481,19,0
2025-10-06 04:00:00,0.79641,0.79705,0.79633,0.7969,1095,19,0
2025-10-06 04:30:00,0.79693,0.79695,0.79588,0.79601,1388,19,0
2025-10-06 05:00:00,0.79602,0.79604,0.79547,0.79553,746,19,0
2025-10-06 05:30:00,0.79554,0.79582,0.79536,0.79579,560,19,0
2025-10-06 06:00:00,0.79579,0.79584,0.79542,0.79546,541,19,0
2025-10-06 06:30:00,0.79545,0.79572,0.79528,0.79561,609,19,0
2025-10-06 07:00:00,0.79561,0.79601,0.79538,0.79582,751,19,0
2025-10-06 07:30:00,0.79583,0.79597,0.79562,0.7959,918,19,0
2025-10-06 08:00:00,0.79591,0.79618,0.7955,0.79598,787,19,0
2025-10-06 08:30:00,0.79599,0.7963,0.79592,0.79597,737,19,0
2025-10-06 09:00:00,0.79596,0.79702,0.79578,0.79669,1278,19,0
2025-10-06 09:30:00,0.79668,0.79782,0.7962,0.7976,1514,19,0
2025-10-06 10:00:00,0.79763,0.79797,0.79721,0.79726,1444,19,0
2025-10-06 10:30:00,0.79727,0.799,0.79689,0.79892,3075,19,0
2025-10-06 11:00:00,0.79893,0.79924,0.79861,0.79876,2011,19,0
2025-10-06 11:30:00,0.79877,0.79887,0.79785,0.79855,1428,19,0
2025-10-06 12:00:00,0.79858,0.79889,0.79833,0.79868,1088,19,0
2025-10-06 12:30:00,0.79868,0.79914,0.79837,0.79872,893,19,0
2025-10-06 13:00:00,0.79873,0.7993,0.7987,0.79879,907,19,0
2025-10-06 13:30:00,0.7988,0.79894,0.7983,0.7983,929,19,0
2025-10-06 14:00:00,0.79831,0.79872,0.79793,0.79793,813,19,0
2025-10-06 14:30:00,0.79793,0.79805,0.79755,0.79785,906,18,0
2025-10-06 15:00:00,0.79784,0.79787,0.79708,0.79778,2244,20,0
2025-10-06 15:30:00,0.79777,0.79785,0.79705,0.7971,1374,18,0
2025-10-06 16:00:00,0.79709,0.79732,0.79663,0.79726,1094,18,0
2025-10-06 16:30:00,0.79724,0.79756,0.79626,0.79653,1421,19,0
2025-10-06 17:00:00,0.79657,0.79678,0.79574,0.79649,1340,18,0
2025-10-06 17:30:00,0.79648,0.79657,0.79508,0.79526,1555,18,0
2025-10-06 18:00:00,0.79525,0.79547,0.7947,0.79538,1161,18,0
2025-10-06 18:30:00,0.79537,0.7957,0.79532,0.79533,785,18,0
2025-10-06 19:00:00,0.79527,0.79573,0.79519,0.7956,885,19,0
2025-10-06 19:30:00,0.79561,0.79571,0.79495,0.79499,567,18,0
2025-10-06 20:00:00,0.79503,0.79526,0.79499,0.79519,555,18,0
2025-10-06 20:30:00,0.7952,0.79546,0.79505,0.79542,579,18,0
2025-10-06 21:00:00,0.79541,0.79548,0.79497,0.79507,593,19,0
2025-10-06 21:30:00,0.79504,0.79543,0.79504,0.79523,587,19,0
2025-10-06 22:00:00,0.79523,0.79525,0.79486,0.79489,703,19,0
2025-10-06 22:30:00,0.7949,0.79494,0.79468,0.79487,644,19,0
2025-10-06 23:00:00,0.79488,0.79507,0.79454,0.79467,528,20,0
2025-10-06 23:30:00,0.79468,0.79479,0.79435,0.79447,665,24,0
2025-10-07 00:00:00,0.79447,0.79517,0.79447,0.79501,63,112,0
2025-10-07 00:30:00,0.79499,0.79503,0.79432,0.7945,305,89,0
2025-10-07 01:00:00,0.79492,0.79494,0.79423,0.79478,1534,19,0
2025-10-07 01:30:00,0.79481,0.79505,0.79475,0.7949,1116,19,0
2025-10-07 02:00:00,0.79488,0.79504,0.79477,0.79497,428,19,0
2025-10-07 02:30:00,0.79498,0.79498,0.79472,0.79489,993,19,0
2025-10-07 03:00:00,0.79487,0.79528,0.79483,0.79493,1477,19,0
2025-10-07 03:30:00,0.79496,0.79528,0.79489,0.79494,1080,19,0
2025-10-07 04:00:00,0.79492,0.79531,0.79489,0.79507,944,19,0
2025-10-07 04:30:00,0.79506,0.79565,0.79506,0.79561,974,19,0
2025-10-07 05:00:00,0.79562,0.79562,0.79519,0.79523,650,19,0
2025-10-07 05:30:00,0.79522,0.79562,0.7952,0.79557,655,19,0
2025-10-07 06:00:00,0.79557,0.7957,0.79519,0.79535,562,19,0
2025-10-07 06:30:00,0.79536,0.79543,0.79515,0.79539,419,19,0
2025-10-07 07:00:00,0.79538,0.79555,0.79522,0.79535,772,19,0
2025-10-07 07:30:00,0.79535,0.7957,0.79527,0.79551,989,19,0
2025-10-07 08:00:00,0.79549,0.79608,0.7954,0.796,607,19,0
2025-10-07 08:30:00,0.79601,0.79622,0.79582,0.79587,574,19,0
2025-10-07 09:00:00,0.79588,0.79691,0.79588,0.79681,1021,19,0
2025-10-07 09:30:00,0.79682,0.79683,0.79643,0.79665,767,19,0
2025-10-07 10:00:00,0.79667,0.79734,0.79658,0.79701,1121,19,0
2025-10-07 10:30:00,0.79702,0.79763,0.79689,0.79739,1159,19,0
2025-10-07 11:00:00,0.7974,0.79748,0.79669,0.79729,846,19,0
2025-10-07 11:30:00,0.79729,0.7977,0.79717,0.79768,723,19,0
2025-10-07 12:00:00,0.79767,0.79776,0.79726,0.79771,799,19,0
2025-10-07 12:30:00,0.79772,0.79808,0.79761,0.79794,813,19,0
2025-10-07 13:00:00,0.79793,0.79817,0.79732,0.79739,790,19,0
2025-10-07 13:30:00,0.7974,0.7974,0.79684,0.79704,735,19,0
2025-10-07 14:00:00,0.79707,0.79823,0.79707,0.79817,800,18,0
2025-10-07 14:30:00,0.79818,0.79885,0.79805,0.79852,937,19,0
2025-10-07 15:00:00,0.79853,0.79906,0.79826,0.79838,1248,18,0
2025-10-07 15:30:00,0.79837,0.79853,0.79744,0.79744,1602,20,0
2025-10-07 16:00:00,0.79746,0.79778,0.79718,0.79773,1591,18,0
2025-10-07 16:30:00,0.79775,0.7982,0.7975,0.79815,1313,18,0
2025-10-07 17:00:00,0.79816,0.79828,0.79746,0.7979,1446,18,0
2025-10-07 17:30:00,0.79791,0.79816,0.79763,0.79792,1280,18,0
2025-10-07 18:00:00,0.79793,0.798,0.79685,0.79716,1352,18,0
2025-10-07 18:30:00,0.79714,0.7975,0.79665,0.79691,1205,18,0
2025-10-07 19:00:00,0.7969,0.79712,0.79663,0.79674,1046,19,0
2025-10-07 19:30:00,0.79675,0.79736,0.79673,0.7973,892,19,0
2025-10-07 20:00:00,0.79729,0.7973,0.79653,0.79714,913,19,0
2025-10-07 20:30:00,0.79714,0.79757,0.797,0.79756,863,19,0
2025-10-07 21:00:00,0.79756,0.79775,0.79748,0.79765,793,19,0
2025-10-07 21:30:00,0.79765,0.79815,0.79764,0.79799,919,19,0
2025-10-07 22:00:00,0.798,0.79857,0.7979,0.79832,838,19,0
2025-10-07 22:30:00,0.79833,0.79874,0.79824,0.79872,727,19,0
2025-10-07 23:00:00,0.79874,0.79884,0.79824,0.79827,694,19,0
2025-10-07 23:30:00,0.79827,0.79839,0.7974,0.79766,559,23,0
2025-10-08 00:00:00,0.79748,0.79812,0.79672,0.79762,1029,84,0
2025-10-08 00:30:00,0.79761,0.79794,0.79731,0.79768,1478,84,0
2025-10-08 01:00:00,0.79771,0.79803,0.79752,0.79796,443,19,0
2025-10-08 01:30:00,0.79794,0.79804,0.79793,0.798,337,19,0
2025-10-08 02:00:00,0.79799,0.79855,0.79799,0.79837,447,19,0
2025-10-08 02:30:00,0.79836,0.79859,0.79826,0.79856,813,19,0
2025-10-08 03:00:00,0.79857,0.79916,0.7985,0.79896,1308,19,0
2025-10-08 03:30:00,0.79897,0.79913,0.79869,0.79886,874,19,0
2025-10-08 04:00:00,0.79888,0.79989,0.79888,0.79973,1741,19,0
2025-10-08 04:30:00,0.79973,0.79996,0.79972,0.79993,1048,19,0
2025-10-08 05:00:00,0.79993,0.80062,0.79989,0.80041,1163,19,0
2025-10-08 05:30:00,0.8004,0.8005,0.80023,0.80039,737,19,0
2025-10-08 06:00:00,0.80038,0.80093,0.80037,0.80075,588,19,0
2025-10-08 06:30:00,0.80073,0.80078,0.8004,0.80052,616,19,0
2025-10-08 07:00:00,0.80051,0.80083,0.80041,0.80082,527,19,0
2025-10-08 07:30:00,0.80083,0.80095,0.80066,0.80078,575,19,0
2025-10-08 08:00:00,0.80079,0.80124,0.80077,0.80109,517,19,0
2025-10-08 08:30:00,0.80107,0.80122,0.80084,0.80086,674,19,0
2025-10-08 09:00:00,0.80087,0.80177,0.80066,0.80148,1167,19,0
2025-10-08 09:30:00,0.80147,0.80174,0.80111,0.80119,1037,19,0
2025-10-08 10:00:00,0.8012,0.80156,0.80101,0.80114,1250,19,0
2025-10-08 10:30:00,0.80115,0.80129,0.80051,0.80083,1477,19,0
2025-10-08 11:00:00,0.80082,0.80116,0.80041,0.80104,1127,19,0
2025-10-08 11:30:00,0.80105,0.80117,0.8007,0.80101,889,19,0
2025-10-08 12:00:00,0.801,0.80122,0.8004,0.80065,887,19,0
2025-10-08 12:30:00,0.80063,0.80097,0.80051,0.80077,1112,19,0
2025-10-08 13:00:00,0.80078,0.801,0.80003,0.80007,788,19,0
2025-10-08 13:30:00,0.80006,0.80024,0.79933,0.79951,882,19,0
2025-10-08 14:00:00,0.79946,0.80008,0.79943,0.79971,973,18,0
2025-10-08 14:30:00,0.79972,0.80021,0.7997,0.80013,677,19,0
2025-10-08 15:00:00,0.80011,0.80028,0.79956,0.79983,1135,20,0
2025-10-08 15:30:00,0.79984,0.80037,0.79971,0.80018,948,19,0
2025-10-08 16:00:00,0.8002,0.80066,0.79976,0.80063,1083,18,0
2025-10-08 16:30:00,0.80061,0.80129,0.80036,0.80098,1405,18,0
2025-10-08 17:00:00,0.80099,0.80111,0.80052,0.80079,1277,17,0
2025-10-08 17:30:00,0.80075,0.80088,0.80032,0.80041,1745,17,0
2025-10-08 18:00:00,0.80042,0.80131,0.80033,0.8013,1414,18,0
2025-10-08 18:30:00,0.80131,0.80234,0.8011,0.80191,1374,18,0
2025-10-08 19:00:00,0.8019,0.80259,0.80184,0.80258,880,19,0
2025-10-08 19:30:00,0.80256,0.80269,0.80213,0.80214,753,19,0
2025-10-08 20:00:00,0.80215,0.8025,0.80207,0.80237,462,19,0
2025-10-08 20:30:00,0.80238,0.8025,0.80202,0.80202,426,19,0
2025-10-08 21:00:00,0.80202,0.80277,0.80193,0.80216,1552,20,0
2025-10-08 21:30:00,0.80215,0.80235,0.80186,0.80194,880,19,0
2025-10-08 22:00:00,0.80192,0.80194,0.80148,0.80172,577,19,0
2025-10-08 22:30:00,0.80173,0.80192,0.8016,0.80164,397,19,0
2025-10-08 23:00:00,0.80165,0.80192,0.80146,0.80189,301,22,0
2025-10-08 23:30:00,0.8019,0.80202,0.8014,0.80141,321,23,0
2025-10-09 00:00:00,0.80143,0.80147,0.80109,0.80128,491,84,0
2025-10-09 00:30:00,0.80126,0.80148,0.80107,0.80108,224,84,0
2025-10-09 01:00:00,0.80099,0.80151,0.80098,0.80135,680,19,0
2025-10-09 01:30:00,0.80133,0.80151,0.80122,0.80135,442,19,0
2025-10-09 02:00:00,0.80134,0.80156,0.80115,0.80145,439,19,0
2025-10-09 02:30:00,0.80145,0.80149,0.80123,0.80147,633,19,0
2025-10-09 03:00:00,0.80148,0.80151,0.80097,0.80103,895,19,0
2025-10-09 03:30:00,0.80105,0.80106,0.80062,0.80091,915,19,0
2025-10-09 04:00:00,0.80092,0.80095,0.80017,0.80028,1493,19,0
2025-10-09 04:30:00,0.80027,0.80069,0.80027,0.80062,771,19,0
2025-10-09 05:00:00,0.80061,0.80082,0.80055,0.80063,500,19,0
2025-10-09 05:30:00,0.80063,0.80064,0.80036,0.80058,471,19,0
2025-10-09 06:00:00,0.80061,0.80078,0.80048,0.80056,480,19,0
2025-10-09 06:30:00,0.80057,0.80057,0.80036,0.80045,368,19,0
2025-10-09 07:00:00,0.80045,0.8006,0.80043,0.80059,388,19,0
2025-10-09 07:30:00,0.8006,0.80078,0.80033,0.80041,362,19,0
2025-10-09 08:00:00,0.80042,0.80065,0.80034,0.8005,327,19,0
2025-10-09 08:30:00,0.80049,0.80104,0.80048,0.80093,539,19,0
2025-10-09 09:00:00,0.8009,0.80213,0.80089,0.80203,1190,19,0
2025-10-09 09:30:00,0.80206,0.80305,0.80203,0.80274,1445,19,0
2025-10-09 10:00:00,0.80268,0.80297,0.80204,0.80291,1322,19,0
2025-10-09 10:30:00,0.8029,0.80338,0.80263,0.80325,1079,19,0
2025-10-09 11:00:00,0.80326,0.80345,0.80283,0.80297,902,19,0
2025-10-09 11:30:00,0.80296,0.80324,0.8019,0.80194,1047,19,0
2025-10-09 12:00:00,0.80195,0.80219,0.80119,0.80135,1783,19,0
2025-10-09 12:30:00,0.80138,0.80146,0.80065,0.80072,832,19,0
2025-10-09 13:00:00,0.80072,0.80084,0.80033,0.80043,640,19,0
2025-10-09 13:30:00,0.80043,0.801,0.80043,0.80047,640,19,0
2025-10-09 14:00:00,0.80045,0.80136,0.80031,0.80076,789,19,0
2025-10-09 14:30:00,0.80077,0.80121,0.80049,0.80113,615,18,0
2025-10-09 15:00:00,0.80112,0.8022,0.80105,0.80213,1085,20,0
2025-10-09 15:30:00,0.80214,0.80234,0.80171,0.80225,1369,18,0
2025-10-09 16:00:00,0.80223,0.80307,0.80164,0.80269,2840,18,0
2025-10-09 16:30:00,0.80268,0.8041,0.80265,0.8035,2155,19,0
2025-10-09 17:00:00,0.80352,0.80485,0.80348,0.8048,2387,18,0
2025-10-09 17:30:00,0.80484,0.80505,0.80416,0.80442,2021,18,0
2025-10-09 18:00:00,0.80445,0.80601,0.8044,0.80596,1799,18,0
2025-10-09 18:30:00,0.80594,0.80654,0.80567,0.80589,1858,18,0
2025-10-09 19:00:00,0.80588,0.80645,0.80544,0.80624,1087,18,0
2025-10-09 19:30:00,0.80625,0.80687,0.80624,0.80657,1132,19,0
2025-10-09 20:00:00,0.80656,0.80688,0.80623,0.80635,1413,19,0
2025-10-09 20:30:00,0.80634,0.80683,0.80617,0.80662,836,19,0
2025-10-09 21:00:00,0.80663,0.80689,0.80656,0.80687,558,19,0
2025-10-09 21:30:00,0.80689,0.8075,0.80681,0.80735,657,19,0
2025-10-09 22:00:00,0.80731,0.80731,0.80663,0.80667,662,19,0
2025-10-09 22:30:00,0.80668,0.80668,0.80622,0.80659,641,19,0
2025-10-09 23:00:00,0.8066,0.80663,0.80596,0.80599,481,19,0
2025-10-09 23:30:00,0.80598,0.80618,0.80581,0.80608,574,23,0
2025-10-10 00:00:00,0.806,0.80643,0.8056,0.80567,139,105,0
2025-10-10 00:30:00,0.80568,0.8058,0.80506,0.80525,233,120,0
2025-10-10 01:00:00,0.80538,0.80619,0.80524,0.80613,844,19,0
2025-10-10 01:30:00,0.80614,0.8063,0.80611,0.8062,517,19,0
2025-10-10 02:00:00,0.80621,0.80671,0.8062,0.80626,554,19,0
2025-10-10 02:30:00,0.80625,0.80636,0.80609,0.80619,684,19,0
2025-10-10 03:00:00,0.80619,0.8066,0.80607,0.80642,1346,19,0
2025-10-10 03:30:00,0.80643,0.80654,0.8062,0.80625,980,19,0
2025-10-10 04:00:00,0.80623,0.80649,0.80607,0.80637,1028,19,0
2025-10-10 04:30:00,0.80634,0.8066,0.80614,0.80657,796,19,0
2025-10-10 05:00:00,0.80655,0.8066,0.80592,0.80597,785,19,0
2025-10-10 05:30:00,0.80595,0.80628,0.80594,0.8062,505,19,0
2025-10-10 06:00:00,0.80621,0.80641,0.80604,0.80614,491,19,0
2025-10-10 06:30:00,0.80613,0.80622,0.80577,0.80587,607,19,0
2025-10-10 07:00:00,0.80587,0.80631,0.80578,0.80594,580,19,0
2025-10-10 07:30:00,0.80594,0.80613,0.80581,0.80581,492,19,0
2025-10-10 08:00:00,0.80582,0.80588,0.8056,0.80575,498,19,0
2025-10-10 08:30:00,0.80574,0.80588,0.80559,0.80576,579,19,0
2025-10-10 09:00:00,0.80576,0.80592,0.80562,0.80573,622,19,0
2025-10-10 09:30:00,0.80574,0.80606,0.80504,0.80553,2040,19,0
2025-10-10 10:00:00,0.80555,0.80596,0.80505,0.80555,1634,19,0
2025-10-10 10:30:00,0.80552,0.80574,0.80538,0.80566,910,19,0
2025-10-10 11:00:00,0.80569,0.80585,0.80496,0.80504,1066,19,0
2025-10-10 11:30:00,0.80506,0.80517,0.80464,0.80508,900,19,0
2025-10-10 12:00:00,0.80508,0.80569,0.80489,0.80561,806,19,0
2025-10-10 12:30:00,0.8056,0.80583,0.80538,0.80557,639,19,0
2025-10-10 13:00:00,0.80556,0.80586,0.80526,0.8054,489,19,0
2025-10-10 13:30:00,0.80544,0.80594,0.80543,0.80588,605,19,0
2025-10-10 14:00:00,0.80587,0.80607,0.80562,0.80588,658,20,0
2025-10-10 14:30:00,0.80587,0.80625,0.80567,0.80625,981,19,0
2025-10-10 15:00:00,0.80624,0.80636,0.80506,0.80533,1013,17,0
2025-10-10 15:30:00,0.80528,0.80561,0.80507,0.80547,1106,17,0
2025-10-10 16:00:00,0.80548,0.80608,0.80509,0.80547,1016,18,0
2025-10-10 16:30:00,0.80548,0.80583,0.80498,0.80506,1289,17,0
2025-10-10 17:00:00,0.8051,0.806,0.80501,0.80579,1512,18,0
2025-10-10 17:30:00,0.80578,0.80586,0.80465,0.8047,1660,18,0
2025-10-10 18:00:00,0.80469,0.80469,0.80026,0.8003,5123,21,0
2025-10-10 18:30:00,0.80029,0.80173,0.7999,0.8014,3657,18,0
2025-10-10 19:00:00,0.80141,0.80206,0.8007,0.80184,2295,19,0
2025-10-10 19:30:00,0.80185,0.802,0.80125,0.80132,1736,19,0
2025-10-10 20:00:00,0.80131,0.80201,0.80108,0.80132,1496,19,0
2025-10-10 20:30:00,0.80131,0.80175,0.80126,0.80172,811,19,0
2025-10-10 21:00:00,0.80173,0.80187,0.80113,0.80113,722,19,0
2025-10-10 21:30:00,0.80111,0.80138,0.80083,0.80119,824,19,0
2025-10-10 22:00:00,0.80121,0.80148,0.80106,0.80113,682,19,0
2025-10-10 22:30:00,0.80112,0.80116,0.80074,0.80099,804,19,0
2025-10-10 23:00:00,0.801,0.80118,0.80079,0.80098,643,22,0
2025-10-10 23:30:00,0.80097,0.80132,0.79817,0.79858,1676,24,0
2025-10-13 00:00:00,0.80056,0.80058,0.79964,0.80014,116,120,0
2025-10-13 00:30:00,0.80013,0.80139,0.7996,0.80028,518,120,0
2025-10-13 01:00:00,0.80008,0.80379,0.79966,0.80266,2251,19,0
2025-10-13 01:30:00,0.80265,0.80292,0.80195,0.80218,1019,19,0
2025-10-13 02:00:00,0.80217,0.8023,0.80151,0.80178,1086,19,0
2025-10-13 02:30:00,0.80178,0.80229,0.8016,0.80225,1277,19,0
2025-10-13 03:00:00,0.80226,0.80231,0.80156,0.80169,2080,19,0
2025-10-13 03:30:00,0.80169,0.80188,0.80108,0.8011,1771,19,0
2025-10-13 04:00:00,0.80103,0.80153,0.80079,0.80149,1837,19,0
2025-10-13 04:30:00,0.80148,0.80158,0.80113,0.80131,1412,19,0
2025-10-13 05:00:00,0.80131,0.80134,0.80087,0.80134,1041,19,0
2025-10-13 05:30:00,0.80135,0.80141,0.8011,0.80128,828,19,0
2025-10-13 06:00:00,0.80127,0.80141,0.80103,0.80139,750,19,0
2025-10-13 06:30:00,0.8014,0.80143,0.80097,0.80115,853,19,0
2025-10-13 07:00:00,0.80114,0.80124,0.80077,0.80082,763,19,0
2025-10-13 07:30:00,0.80082,0.80117,0.80078,0.80104,685,19,0
2025-10-13 08:00:00,0.80104,0.8013,0.80081,0.80115,722,19,0
2025-10-13 08:30:00,0.80116,0.80137,0.80096,0.80128,866,19,0
2025-10-13 09:00:00,0.80129,0.80134,0.79992,0.80016,1167,19,0
2025-10-13 09:30:00,0.80014,0.80101,0.80011,0.80087,1328,19,0
2025-10-13 10:00:00,0.80086,0.80208,0.8006,0.80158,1988,19,0
2025-10-13 10:30:00,0.80157,0.80268,0.80152,0.80257,1306,19,0
2025-10-13 11:00:00,0.80258,0.80332,0.80241,0.80327,1264,19,0
2025-10-13 11:30:00,0.80328,0.80423,0.80324,0.80402,1286,19,0
2025-10-13 12:00:00,0.80403,0.80407,0.80289,0.80296,1200,19,0
2025-10-13 12:30:00,0.80297,0.80328,0.8024,0.8031,993,19,0
2025-10-13 13:00:00,0.80311,0.80405,0.80295,0.80373,1002,19,0
2025-10-13 13:30:00,0.80374,0.80409,0.80358,0.80395,992,19,0
2025-10-13 14:00:00,0.80394,0.80394,0.8029,0.80341,1705,18,0
2025-10-13 14:30:00,0.8034,0.80432,0.80332,0.80415,1392,19,0
2025-10-13 15:00:00,0.80414,0.80444,0.80357,0.80444,1377,18,0
2025-10-13 15:30:00,0.80445,0.80506,0.80432,0.80457,1279,18,0
2025-10-13 16:00:00,0.80456,0.80503,0.80441,0.8045,1396,18,0
2025-10-13 16:30:00,0.80451,0.80492,0.80418,0.80428,1696,19,0
2025-10-13 17:00:00,0.80426,0.8056,0.80409,0.80551,1648,18,0
2025-10-13 17:30:00,0.8055,0.80569,0.80513,0.80518,1526,18,0
2025-10-13 18:00:00,0.8052,0.80521,0.80444,0.8049,1112,18,0
2025-10-13 18:30:00,0.80491,0.80501,0.80411,0.8042,909,18,0
2025-10-13 19:00:00,0.80418,0.80418,0.80373,0.80393,632,19,0
2025-10-13 19:30:00,0.80394,0.80425,0.80363,0.80394,495,19,0
2025-10-13 20:00:00,0.80393,0.80419,0.80387,0.80395,432,19,0
2025-10-13 20:30:00,0.80393,0.80419,0.80384,0.80408,455,19,0
2025-10-13 21:00:00,0.80409,0.80411,0.80369,0.8038,343,19,0
2025-10-13 21:30:00,0.80383,0.80417,0.80368,0.80398,503,19,0
2025-10-13 22:00:00,0.80397,0.80408,0.80384,0.80407,356,19,0
2025-10-13 22:30:00,0.80408,0.80422,0.80399,0.80417,314,20,0
2025-10-13 23:00:00,0.80416,0.80418,0.80393,0.80409,353,21,0
2025-10-13 23:30:00,0.8041,0.80421,0.80337,0.80345,458,23,0
2025-10-14 00:00:00,0.8038,0.80387,0.80345,0.80348,11,84,0
2025-10-14 00:30:00,0.80345,0.80363,0.80317,0.80362,185,84,0
2025-10-14 01:00:00,0.80357,0.80399,0.80324,0.80398,760,19,0
2025-10-14 01:30:00,0.80397,0.80435,0.80397,0.80418,544,19,0
2025-10-14 02:00:00,0.80417,0.80442,0.80404,0.80429,423,19,0
2025-10-14 02:30:00,0.80429,0.80429,0.80401,0.80424,669,19,0
2025-10-14 03:00:00,0.80428,0.80488,0.80415,0.80483,1490,19,0
2025-10-14 03:30:00,0.80483,0.80491,0.80429,0.80446,1129,19,0
2025-10-14 04:00:00,0.80447,0.80451,0.80402,0.80411,1344,19,0
2025-10-14 04:30:00,0.80411,0.80423,0.80401,0.80418,700,19,0
2025-10-14 05:00:00,0.80417,0.80433,0.80403,0.80414,487,19,0
2025-10-14 05:30:00,0.80416,0.80426,0.80398,0.8041,480,19,0
2025-10-14 06:00:00,0.80409,0.80419,0.804,0.80403,926,19,0
2025-10-14 06:30:00,0.80403,0.80406,0.80339,0.80352,1075,19,0
2025-10-14 07:00:00,0.80351,0.80353,0.80248,0.8026,1771,19,0
2025-10-14 07:30:00,0.80262,0.80282,0.80227,0.80247,1077,19,0
2025-10-14 08:00:00,0.80248,0.80299,0.80246,0.80271,733,19,0
2025-10-14 08:30:00,0.80272,0.80275,0.80172,0.80209,1570,19,0
2025-10-14 09:00:00,0.8021,0.80269,0.80188,0.80264,2225,19,0
2025-10-14 09:30:00,0.80265,0.80353,0.80264,0.80293,2300,19,0
2025-10-14 10:00:00,0.80295,0.80437,0.80224,0.80425,2108,19,0
2025-10-14 10:30:00,0.80424,0.80454,0.80376,0.80417,2706,19,0
2025-10-14 11:00:00,0.80425,0.80442,0.80336,0.80345,1654,19,0
2025-10-14 11:30:00,0.80346,0.80361,0.8031,0.80317,1278,19,0
2025-10-14 12:00:00,0.80315,0.8039,0.80315,0.80365,1192,19,0
2025-10-14 12:30:00,0.80367,0.8041,0.80351,0.80409,1047,19,0
2025-10-14 13:00:00,0.8041,0.80418,0.80356,0.80364,1108,19,0
2025-10-14 13:30:00,0.80362,0.80398,0.80346,0.8039,1085,19,0
2025-10-14 14:00:00,0.80391,0.80432,0.80387,0.80399,1054,19,0
2025-10-14 14:30:00,0.80398,0.80454,0.80396,0.80453,1290,18,0
2025-10-14 15:00:00,0.80454,0.80468,0.80356,0.80389,1871,21,0
2025-10-14 15:30:00,0.8039,0.80473,0.80383,0.80415,1866,18,0
2025-10-14 16:00:00,0.80416,0.80439,0.80283,0.80316,2296,18,0
2025-10-14 16:30:00,0.8032,0.80338,0.80243,0.80305,2794,19,0
2025-10-14 17:00:00,0.80306,0.80362,0.8025,0.80283,2375,18,0
2025-10-14 17:30:00,0.80288,0.803,0.80165,0.80178,2183,18,0
2025-10-14 18:00:00,0.80179,0.80255,0.80167,0.80188,1731,18,0
2025-10-14 18:30:00,0.80189,0.80202,0.80097,0.80102,2248,18,0
2025-10-14 19:00:00,0.80093,0.80129,0.80039,0.80078,2051,18,0
2025-10-14 19:30:00,0.80079,0.8012,0.80018,0.80074,1589,18,0
2025-10-14 20:00:00,0.80076,0.80138,0.80045,0.80113,1183,18,0
2025-10-14 20:30:00,0.80114,0.80116,0.80057,0.80074,714,19,0
2025-10-14 21:00:00,0.80076,0.80106,0.80052,0.80095,607,20,0
2025-10-14 21:30:00,0.80096,0.80111,0.80066,0.80101,570,19,0
2025-10-14 22:00:00,0.80102,0.80103,0.80074,0.80097,451,19,0
2025-10-14 22:30:00,0.80094,0.801,0.80044,0.80092,1282,19,0
2025-10-14 23:00:00,0.80093,0.80131,0.80086,0.80128,303,20,0
2025-10-14 23:30:00,0.80129,0.80137,0.80043,0.80044,768,23,0
2025-10-15 00:00:00,0.80034,0.80046,0.79965,0.79981,210,84,0
2025-10-15 00:30:00,0.79984,0.80055,0.79975,0.80034,270,84,0
2025-10-15 01:00:00,0.80016,0.80116,0.80014,0.80108,749,19,0
2025-10-15 01:30:00,0.80108,0.8011,0.8009,0.80106,376,19,0
2025-10-15 02:00:00,0.80107,0.8012,0.80103,0.80115,524,19,0
2025-10-15 02:30:00,0.80112,0.80149,0.8011,0.80136,681,19,0
2025-10-15 03:00:00,0.80138,0.80148,0.80105,0.80121,1125,19,0
2025-10-15 03:30:00,0.80121,0.80134,0.80083,0.80101,1066,19,0
2025-10-15 04:00:00,0.801,0.8011,0.80027,0.80029,1451,19,0
2025-10-15 04:30:00,0.8003,0.80061,0.80025,0.80042,1151,19,0
2025-10-15 05:00:00,0.80043,0.80054,0.80011,0.80034,1119,19,0
2025-10-15 05:30:00,0.80035,0.80044,0.79995,0.80011,882,19,0
2025-10-15 06:00:00,0.80012,0.80023,0.79995,0.80019,566,19,0
2025-10-15 06:30:00,0.80016,0.80021,0.79987,0.79987,572,19,0
2025-10-15 07:00:00,0.79986,0.80017,0.79976,0.8001,471,19,0
2025-10-15 07:30:00,0.8001,0.80018,0.79986,0.79996,512,19,0
2025-10-15 08:00:00,0.79998,0.80008,0.79956,0.79958,431,19,0
2025-10-15 08:30:00,0.79957,0.80009,0.79939,0.80005,715,19,0
2025-10-15 09:00:00,0.80002,0.80007,0.79908,0.79967,1346,19,0
2025-10-15 09:30:00,0.79966,0.79974,0.79899,0.79948,1075,19,0
2025-10-15 10:00:00,0.79947,0.79993,0.79906,0.79974,1437,19,0
2025-10-15 10:30:00,0.79976,0.79985,0.79902,0.7995,1183,19,0
2025-10-15 11:00:00,0.79951,0.79973,0.79924,0.79963,1216,19,0
2025-10-15 11:30:00,0.79962,0.79977,0.79896,0.7997,940,19,0
2025-10-15 12:00:00,0.79972,0.80021,0.79965,0.80013,1042,19,0
2025-10-15 12:30:00,0.80011,0.8002,0.79977,0.80002,1010,19,0
2025-10-15 13:00:00,0.80004,0.80068,0.80001,0.80063,975,19,0
2025-10-15 13:30:00,0.80064,0.80099,0.80053,0.80061,710,19,0
2025-10-15 14:00:00,0.80053,0.80068,0.79994,0.80011,731,18,0
2025-10-15 14:30:00,0.8001,0.8006,0.80008,0.80036,994,18,0
2025-10-15 15:00:00,0.80035,0.80065,0.79998,0.79998,1467,20,0
2025-10-15 15:30:00,0.79997,0.80071,0.7997,0.80053,2118,19,0
2025-10-15 16:00:00,0.80055,0.80075,0.80023,0.80034,1554,18,0
2025-10-15 16:30:00,0.80033,0.80033,0.7991,0.79913,2354,20,0
2025-10-15 17:00:00,0.79912,0.79944,0.79845,0.79887,1481,18,0
2025-10-15 17:30:00,0.79889,0.79934,0.7985,0.79852,1376,18,0
2025-10-15 18:00:00,0.79853,0.79901,0.79741,0.79774,1559,18,0
2025-10-15 18:30:00,0.79775,0.79777,0.79556,0.79707,2412,20,0
2025-10-15 19:00:00,0.79706,0.79775,0.79703,0.79715,1351,19,0
2025-10-15 19:30:00,0.79713,0.79726,0.79661,0.79661,986,19,0
2025-10-15 20:00:00,0.7966,0.79718,0.79627,0.79705,1463,19,0
2025-10-15 20:30:00,0.79706,0.79764,0.79701,0.79743,816,19,0
2025-10-15 21:00:00,0.79742,0.79755,0.79685,0.79707,773,19,0
2025-10-15 21:30:00,0.79706,0.7975,0.79696,0.79733,454,19,0
2025-10-15 22:00:00,0.79734,0.79734,0.79691,0.79696,535,19,0
2025-10-15 22:30:00,0.79697,0.79702,0.79662,0.79672,510,19,0
2025-10-15 23:00:00,0.79671,0.79681,0.79643,0.79679,475,22,0
2025-10-15 23:30:00,0.79678,0.79685,0.79624,0.79624,527,23,0
2025-10-16 00:00:00,0.79603,0.79739,0.79597,0.79651,815,84,0
2025-10-16 00:30:00,0.79652,0.79667,0.79604,0.79627,381,84,0
2025-10-16 01:00:00,0.79642,0.79653,0.79595,0.79645,529,19,0
2025-10-16 01:30:00,0.79647,0.79653,0.7961,0.79651,558,19,0
2025-10-16 02:00:00,0.79649,0.79659,0.7964,0.79649,427,19,0
2025-10-16 02:30:00,0.7965,0.79654,0.79637,0.79649,470,19,0
2025-10-16 03:00:00,0.79653,0.79662,0.7957,0.79573,1039,19,0
2025-10-16 03:30:00,0.79575,0.79578,0.79492,0.79529,1410,19,0
2025-10-16 04:00:00,0.79528,0.79551,0.79426,0.7945,1559,19,0
2025-10-16 04:30:00,0.79451,0.79452,0.7935,0.7938,1710,19,0
2025-10-16 05:00:00,0.79379,0.79423,0.79321,0.79421,1075,19,0
2025-10-16 05:30:00,0.79419,0.79457,0.79407,0.79446,880,19,0
2025-10-16 06:00:00,0.79447,0.79476,0.79425,0.79463,738,19,0
2025-10-16 06:30:00,0.79463,0.79487,0.79453,0.79485,686,19,0
2025-10-16 07:00:00,0.79484,0.79529,0.79484,0.79529,634,19,0
2025-10-16 07:30:00,0.79528,0.79548,0.79523,0.7954,653,19,0
2025-10-16 08:00:00,0.79539,0.79597,0.7953,0.79586,788,19,0
2025-10-16 08:30:00,0.79587,0.79622,0.79568,0.7957,1140,18,0
2025-10-16 09:00:00,0.79569,0.79589,0.79526,0.79555,1189,19,0
2025-10-16 09:30:00,0.79556,0.79643,0.79536,0.79616,1343,19,0
2025-10-16 10:00:00,0.79617,0.79693,0.79603,0.7969,1604,19,0
2025-10-16 10:30:00,0.79691,0.79751,0.7963,0.7969,1789,19,0
2025-10-16 11:00:00,0.79691,0.79708,0.79633,0.79657,1607,19,0
2025-10-16 11:30:00,0.79658,0.79671,0.79639,0.79647,989,19,0
2025-10-16 12:00:00,0.79649,0.7969,0.79641,0.79688,898,19,0
2025-10-16 12:30:00,0.79687,0.79688,0.79616,0.79629,834,19,0
2025-10-16 13:00:00,0.7963,0.79672,0.79623,0.79636,1079,19,0
2025-10-16 13:30:00,0.79637,0.79709,0.79632,0.79701,815,19,0
2025-10-16 14:00:00,0.797,0.79773,0.79684,0.79773,961,19,0
2025-10-16 14:30:00,0.79772,0.79831,0.79749,0.79819,1380,20,0
2025-10-16 15:00:00,0.79818,0.79839,0.79738,0.79738,1401,18,0
2025-10-16 15:30:00,0.79746,0.79763,0.79674,0.79678,1861,18,0
2025-10-16 16:00:00,0.79674,0.79777,0.79652,0.79756,2091,19,0
2025-10-16 16:30:00,0.79757,0.79777,0.79635,0.79676,1970,18,0
2025-10-16 17:00:00,0.79677,0.79705,0.79572,0.7959,1844,18,0
2025-10-16 17:30:00,0.79589,0.7961,0.79489,0.79503,1819,18,0
2025-10-16 18:00:00,0.79502,0.79562,0.79495,0.79528,1517,18,0
2025-10-16 18:30:00,0.79533,0.7959,0.79531,0.79566,1794,20,0
2025-10-16 19:00:00,0.79566,0.79576,0.79481,0.79503,1210,19,0
2025-10-16 19:30:00,0.79501,0.79501,0.79409,0.79423,2999,21,0
2025-10-16 20:00:00,0.79424,0.79427,0.79325,0.79356,2290,18,0
2025-10-16 20:30:00,0.79355,0.79412,0.79332,0.7934,1306,18,0
2025-10-16 21:00:00,0.79341,0.79361,0.79273,0.79345,1441,20,0
2025-10-16 21:30:00,0.79344,0.79353,0.79261,0.79288,1169,19,0
2025-10-16 22:00:00,0.79284,0.79307,0.79228,0.7925,899,19,0
2025-10-16 22:30:00,0.79251,0.79278,0.79238,0.79272,1066,19,0
2025-10-16 23:00:00,0.79273,0.79289,0.7926,0.79287,412,19,0
2025-10-16 23:30:00,0.79288,0.79296,0.79224,0.7923,522,25,0
2025-10-17 00:00:00,0.79298,0.79298,0.79241,0.79255,42,84,0
2025-10-17 00:30:00,0.79256,0.79257,0.79231,0.79244,343,89,0
2025-10-17 01:00:00,0.79242,0.79247,0.79195,0.79229,675,19,0
2025-10-17 01:30:00,0.79231,0.79246,0.79203,0.7922,573,19,0
2025-10-17 02:00:00,0.79221,0.79238,0.79196,0.79208,697,19,0
2025-10-17 02:30:00,0.79209,0.79211,0.79161,0.79185,804,19,0
2025-10-17 03:00:00,0.79186,0.79217,0.79141,0.79166,1482,19,0
2025-10-17 03:30:00,0.79167,0.79171,0.79078,0.79127,1310,19,0
2025-10-17 04:00:00,0.79128,0.79153,0.79083,0.79125,1556,19,0
2025-10-17 04:30:00,0.79123,0.79147,0.79097,0.79126,1728,19,0
2025-10-17 05:00:00,0.79127,0.79181,0.79072,0.79074,1305,19,0
2025-10-17 05:30:00,0.79072,0.79072,0.7901,0.79059,969,19,0
2025-10-17 06:00:00,0.79058,0.79063,0.79023,0.79042,681,19,0
2025-10-17 06:30:00,0.79043,0.79048,0.78993,0.79024,846,19,0
2025-10-17 07:00:00,0.79023,0.79056,0.79013,0.79048,650,19,0
2025-10-17 07:30:00,0.79047,0.79055,0.79009,0.79027,559,19,0
2025-10-17 08:00:00,0.79029,0.79031,0.78974,0.78989,628,19,0
2025-10-17 08:30:00,0.78993,0.78993,0.78891,0.78921,848,19,0
2025-10-17 09:00:00,0.78922,0.78952,0.78808,0.78824,1625,19,0
2025-10-17 09:30:00,0.78826,0.78984,0.78826,0.78858,2901,19,0
2025-10-17 10:00:00,0.78859,0.78937,0.78719,0.78863,3980,19,0
2025-10-17 10:30:00,0.78864,0.78935,0.78837,0.78926,3520,19,0
2025-10-17 11:00:00,0.78927,0.78992,0.78889,0.7896,2344,19,0
2025-10-17 11:30:00,0.78962,0.78983,0.78877,0.78927,1716,19,0
2025-10-17 12:00:00,0.78925,0.7894,0.78832,0.78921,1481,19,0
2025-10-17 12:30:00,0.78918,0.78987,0.7889,0.78906,1391,19,0
2025-10-17 13:00:00,0.78908,0.78965,0.78907,0.78935,1307,19,0
2025-10-17 13:30:00,0.78934,0.78999,0.78893,0.7899,1721,19,0
2025-10-17 14:00:00,0.78989,0.79187,0.78937,0.79173,3419,19,0
2025-10-17 14:30:00,0.79168,0.79185,0.79094,0.7914,1961,19,0
2025-10-17 15:00:00,0.79139,0.7931,0.79131,0.79285,2809,20,0
2025-10-17 15:30:00,0.79286,0.79308,0.79201,0.79208,2457,18,0
2025-10-17 16:00:00,0.79207,0.79241,0.79099,0.79106,1775,18,0
2025-10-17 16:30:00,0.79107,0.7918,0.79046,0.79124,3127,19,0
2025-10-17 17:00:00,0.79126,0.79269,0.7911,0.79243,2790,18,0
2025-10-17 17:30:00,0.79242,0.7932,0.79227,0.79249,2411,18,0
2025-10-17 18:00:00,0.79248,0.79275,0.7921,0.79222,2020,18,0
2025-10-17 18:30:00,0.79221,0.79237,0.79169,0.79186,1521,18,0
2025-10-17 19:00:00,0.79186,0.79226,0.79148,0.79174,1114,20,0
2025-10-17 19:30:00,0.79175,0.79208,0.79153,0.79205,1004,19,0
2025-10-17 20:00:00,0.79206,0.79217,0.79172,0.7919,788,19,0
2025-10-17 20:30:00,0.79188,0.79249,0.79182,0.79244,931,19,0
2025-10-17 21:00:00,0.79245,0.79306,0.79218,0.79232,977,20,0
2025-10-17 21:30:00,0.79233,0.79269,0.79229,0.79245,615,19,0
2025-10-17 22:00:00,0.79243,0.7925,0.79218,0.79249,532,19,0
2025-10-17 22:30:00,0.79247,0.79289,0.79243,0.79245,550,20,0
2025-10-17 23:00:00,0.79244,0.79293,0.79244,0.79292,532,23,0
2025-10-17 23:30:00,0.79291,0.79352,0.79285,0.79299,1185,23,0
2025-10-20 00:00:00,0.79139,0.79172,0.79137,0.79145,63,120,0
2025-10-20 00:30:00,0.79157,0.7923,0.79131,0.79217,218,120,0
2025-10-20 01:00:00,0.79216,0.79404,0.79205,0.79392,819,22,0
2025-10-20 01:30:00,0.79391,0.79405,0.79372,0.79389,567,20,0
2025-10-20 02:00:00,0.79388,0.79402,0.79343,0.79348,463,19,0
2025-10-20 02:30:00,0.79347,0.7936,0.79326,0.79353,726,19,0
2025-10-20 03:00:00,0.79354,0.79354,0.7929,0.79311,1888,19,0
2025-10-20 03:30:00,0.79309,0.79321,0.79265,0.79272,1489,19,0
2025-10-20 04:00:00,0.79271,0.79353,0.79269,0.79345,950,19,0
2025-10-20 04:30:00,0.79346,0.79373,0.79295,0.79319,809,19,0
2025-10-20 05:00:00,0.79317,0.7932,0.79259,0.79275,613,19,0
2025-10-20 05:30:00,0.79276,0.79319,0.79257,0.79311,540,19,0
2025-10-20 06:00:00,0.79312,0.79325,0.79276,0.79302,465,19,0
2025-10-20 06:30:00,0.79303,0.79311,0.79278,0.79286,484,19,0
2025-10-20 07:00:00,0.79285,0.79305,0.7928,0.79282,393,19,0
2025-10-20 07:30:00,0.79281,0.79285,0.79252,0.79271,596,19,0
2025-10-20 08:00:00,0.7927,0.79276,0.79251,0.79257,393,19,0
2025-10-20 08:30:00,0.79256,0.79302,0.79244,0.79272,626,19,0
2025-10-20 09:00:00,0.79273,0.79349,0.79273,0.79333,1208,19,0
2025-10-20 09:30:00,0.79334,0.79383,0.79299,0.79376,1415,19,0
2025-10-20 10:00:00,0.79377,0.79425,0.7933,0.79332,1551,19,0
2025-10-20 10:30:00,0.79329,0.7934,0.7928,0.79307,1269,19,0
2025-10-20 11:00:00,0.79306,0.79334,0.79259,0.79264,1264,19,0
2025-10-20 11:30:00,0.79266,0.79268,0.79223,0.7924,1268,19,0
2025-10-20 12:00:00,0.79239,0.79288,0.79218,0.79271,1083,19,0
2025-10-20 12:30:00,0.79273,0.79284,0.79242,0.79272,1021,19,0
2025-10-20 13:00:00,0.79271,0.79334,0.79266,0.79297,964,19,0
2025-10-20 13:30:00,0.79296,0.79299,0.79247,0.7927,891,19,0
2025-10-20 14:00:00,0.79269,0.79285,0.79251,0.79278,665,20,0
2025-10-20 14:30:00,0.79277,0.79338,0.79237,0.79238,1270,22,0
2025-10-20 15:00:00,0.79236,0.79265,0.79212,0.79243,1238,18,0
2025-10-20 15:30:00,0.79244,0.79255,0.79211,0.79242,1401,18,0
2025-10-20 16:00:00,0.79241,0.79247,0.79196,0.79201,1195,18,0
2025-10-20 16:30:00,0.79202,0.79282,0.79198,0.79239,1499,20,0
2025-10-20 17:00:00,0.79238,0.79253,0.79113,0.7912,1254,18,0
2025-10-20 17:30:00,0.79119,0.79143,0.79051,0.79066,1767,18,0
2025-10-20 18:00:00,0.79065,0.79152,0.79064,0.79129,1603,18,0
2025-10-20 18:30:00,0.7913,0.792,0.79121,0.79172,1527,18,0
2025-10-20 19:00:00,0.79172,0.79198,0.79141,0.79198,919,19,0
2025-10-20 19:30:00,0.792,0.79214,0.7918,0.79196,454,19,0
2025-10-20 20:00:00,0.79197,0.7921,0.79181,0.79192,474,20,0
2025-10-20 20:30:00,0.79193,0.79241,0.79192,0.79225,495,19,0
2025-10-20 21:00:00,0.79226,0.79243,0.79218,0.79222,411,19,0
2025-10-20 21:30:00,0.79224,0.79228,0.79162,0.79179,533,19,0
2025-10-20 22:00:00,0.7918,0.79227,0.79174,0.7921,411,19,0
2025-10-20 22:30:00,0.79209,0.79224,0.79203,0.79211,315,19,0
2025-10-20 23:00:00,0.7921,0.79236,0.79193,0.79216,259,23,0
2025-10-20 23:30:00,0.79214,0.79239,0.79196,0.79196,667,23,0
2025-10-21 00:00:00,0.79202,0.79202,0.79134,0.79151,58,96,0
2025-10-21 00:30:00,0.7915,0.79163,0.79139,0.79149,358,105,0
2025-10-21 01:00:00,0.7915,0.79228,0.7915,0.79225,556,19,0
2025-10-21 01:30:00,0.79226,0.7925,0.7922,0.79234,917,19,0
2025-10-21 02:00:00,0.79235,0.79245,0.79227,0.79236,549,19,0
2025-10-21 02:30:00,0.79237,0.79242,0.79229,0.79238,592,19,0
2025-10-21 03:00:00,0.79239,0.79247,0.79133,0.79161,1954,19,0
2025-10-21 03:30:00,0.79162,0.79175,0.79137,0.79171,1234,19,0
2025-10-21 04:00:00,0.79173,0.79201,0.7916,0.792,1213,19,0
2025-10-21 04:30:00,0.79202,0.79255,0.79194,0.79244,1453,19,0
2025-10-21 05:00:00,0.79243,0.79287,0.79241,0.79253,1011,19,0
2025-10-21 05:30:00,0.79254,0.79307,0.7925,0.79299,1028,19,0
2025-10-21 06:00:00,0.79297,0.79303,0.79284,0.79289,818,19,0
2025-10-21 06:30:00,0.79288,0.79313,0.79288,0.79311,840,19,0
2025-10-21 07:00:00,0.7931,0.79328,0.79303,0.7932,667,19,0
2025-10-21 07:30:00,0.79321,0.79334,0.79267,0.79293,1428,19,0
2025-10-21 08:00:00,0.79292,0.79341,0.79269,0.79333,1329,19,0
2025-10-21 08:30:00,0.79332,0.79346,0.79313,0.79335,1091,19,0
2025-10-21 09:00:00,0.79337,0.7936,0.79311,0.79314,1048,19,0
2025-10-21 09:30:00,0.79313,0.79317,0.79172,0.7919,1576,19,0
2025-10-21 10:00:00,0.79189,0.79292,0.7917,0.79245,1845,19,0
2025-10-21 10:30:00,0.79246,0.7928,0.79211,0.79278,1959,19,0
2025-10-21 11:00:00,0.79283,0.79329,0.79252,0.79299,2076,19,0
2025-10-21 11:30:00,0.79304,0.79372,0.79287,0.79358,1628,19,0
2025-10-21 12:00:00,0.79357,0.79405,0.79357,0.79376,1127,19,0
2025-10-21 12:30:00,0.79375,0.79447,0.79361,0.79445,1025,19,0
2025-10-21 13:00:00,0.79444,0.79519,0.79415,0.79475,1454,19,0
2025-10-21 13:30:00,0.79474,0.79514,0.79427,0.79446,1465,19,0
2025-10-21 14:00:00,0.79443,0.79455,0.79405,0.79427,1192,19,0
2025-10-21 14:30:00,0.79426,0.79475,0.79407,0.79458,1403,20,0
2025-10-21 15:00:00,0.79457,0.79564,0.79432,0.79551,2152,19,0
2025-10-21 15:30:00,0.79552,0.7959,0.79493,0.79544,2330,18,0
2025-10-21 16:00:00,0.79545,0.79545,0.79468,0.79495,2509,18,0
2025-10-21 16:30:00,0.79494,0.79505,0.79408,0.79419,2375,18,0
2025-10-21 17:00:00,0.7942,0.79483,0.79387,0.7946,2031,18,0
2025-10-21 17:30:00,0.79459,0.79587,0.79453,0.79559,1998,18,0
2025-10-21 18:00:00,0.79561,0.79561,0.79456,0.79457,1638,18,0
2025-10-21 18:30:00,0.79457,0.79529,0.79457,0.79494,1256,18,0
2025-10-21 19:00:00,0.79492,0.79591,0.79458,0.79557,1503,19,0
2025-10-21 19:30:00,0.79556,0.79613,0.79552,0.79577,1226,19,0
2025-10-21 20:00:00,0.79576,0.79599,0.79552,0.79593,920,19,0
2025-10-21 20:30:00,0.79594,0.79601,0.79571,0.79585,644,19,0
2025-10-21 21:00:00,0.79586,0.79595,0.79552,0.7959,437,19,0
2025-10-21 21:30:00,0.79589,0.79604,0.79571,0.796,525,20,0
2025-10-21 22:00:00,0.79599,0.7963,0.79583,0.7963,433,19,0
2025-10-21 22:30:00,0.79628,0.79634,0.79596,0.79611,371,19,0
2025-10-21 23:00:00,0.79612,0.7963,0.79607,0.79624,272,23,0
2025-10-21 23:30:00,0.79626,0.79627,0.79587,0.79588,374,23,0
2025-10-22 00:00:00,0.79585,0.79585,0.79501,0.79523,565,96,0
2025-10-22 00:30:00,0.79526,0.79556,0.79513,0.79527,1197,96,0
2025-10-22 01:00:00,0.79526,0.79636,0.79523,0.79616,452,23,0
2025-10-22 01:30:00,0.79618,0.79647,0.79617,0.79645,248,22,0
2025-10-22 02:00:00,0.79646,0.79653,0.79634,0.79641,252,19,0
2025-10-22 02:30:00,0.79644,0.79681,0.79635,0.79669,355,19,0
2025-10-22 03:00:00,0.79668,0.79673,0.79611,0.79617,1408,20,0
2025-10-22 03:30:00,0.79616,0.79629,0.7959,0.7959,873,19,0
2025-10-22 04:00:00,0.7959,0.79603,0.79532,0.79599,1125,19,0
2025-10-22 04:30:00,0.796,0.79603,0.79568,0.79578,846,19,0
2025-10-22 05:00:00,0.79579,0.7958,0.79545,0.79563,625,19,0
2025-10-22 05:30:00,0.79564,0.7957,0.79543,0.79563,484,19,0
2025-10-22 06:00:00,0.79564,0.79587,0.7956,0.7958,430,19,0
2025-10-22 06:30:00,0.79584,0.79588,0.79553,0.79576,560,19,0
2025-10-22 07:00:00,0.79575,0.79606,0.7956,0.79592,518,19,0
2025-10-22 07:30:00,0.79593,0.79593,0.79563,0.79568,443,19,0
2025-10-22 08:00:00,0.79569,0.79569,0.79517,0.79526,427,19,0
2025-10-22 08:30:00,0.79527,0.7955,0.7952,0.79528,470,19,0
2025-10-22 09:00:00,0.79536,0.79593,0.7952,0.79544,1453,19,0
2025-10-22 09:30:00,0.79546,0.79547,0.79504,0.79529,1338,19,0
2025-10-22 10:00:00,0.79527,0.79619,0.79507,0.79596,1632,19,0
2025-10-22 10:30:00,0.79597,0.79607,0.79555,0.79596,1103,19,0
2025-10-22 11:00:00,0.79595,0.79681,0.79592,0.79623,1700,19,0
2025-10-22 11:30:00,0.79626,0.79648,0.79579,0.796,1479,20,0
2025-10-22 12:00:00,0.79601,0.79629,0.79569,0.79604,1176,21,0
2025-10-22 12:30:00,0.79606,0.79639,0.79597,0.79614,958,21,0
2025-10-22 13:00:00,0.79615,0.79676,0.79586,0.79676,954,19,0
2025-10-22 13:30:00,0.79678,0.7971,0.79673,0.7968,1023,20,0
2025-10-22 14:00:00,0.79683,0.79683,0.79636,0.79656,1187,18,0
2025-10-22 14:30:00,0.79654,0.79658,0.79598,0.79612,1422,24,0
2025-10-22 15:00:00,0.79613,0.79651,0.79592,0.79628,1456,18,0
2025-10-22 15:30:00,0.79627,0.79709,0.79611,0.79687,1474,18,0
2025-10-22 16:00:00,0.79686,0.79728,0.79664,0.79717,1499,18,0
2025-10-22 16:30:00,0.79718,0.7972,0.79659,0.79682,1678,18,0
2025-10-22 17:00:00,0.79681,0.79682,0.79587,0.7959,1624,18,0
2025-10-22 17:30:00,0.79591,0.79642,0.79543,0.79557,1706,17,0
2025-10-22 18:00:00,0.79556,0.79566,0.79516,0.79521,1572,18,0
2025-10-22 18:30:00,0.79522,0.79602,0.79506,0.7957,1441,18,0
2025-10-22 19:00:00,0.79571,0.79594,0.79549,0.79556,649,19,0
2025-10-22 19:30:00,0.79555,0.79562,0.79474,0.79508,1868,19,0
2025-10-22 20:00:00,0.79507,0.79554,0.79502,0.79524,842,19,0
2025-10-22 20:30:00,0.79525,0.79538,0.79503,0.79527,522,19,0
2025-10-22 21:00:00,0.79528,0.79547,0.79518,0.79541,424,20,0
2025-10-22 21:30:00,0.79542,0.79598,0.79538,0.7959,544,19,0
2025-10-22 22:00:00,0.79589,0.79605,0.79574,0.79604,533,19,0
2025-10-22 22:30:00,0.79603,0.79628,0.79603,0.79612,430,19,0
2025-10-22 23:00:00,0.79611,0.79619,0.7958,0.79587,319,22,0
2025-10-22 23:30:00,0.79588,0.79601,0.79543,0.79545,547,23,0
2025-10-23 00:00:00,0.79533,0.79555,0.79527,0.79531,55,84,0
2025-10-23 00:30:00,0.79532,0.79552,0.79498,0.79521,361,84,0
2025-10-23 01:00:00,0.79525,0.79577,0.79515,0.79577,697,21,0
2025-10-23 01:30:00,0.79576,0.79591,0.79575,0.79586,357,19,0
2025-10-23 02:00:00,0.79584,0.79608,0.79582,0.79604,273,19,0
2025-10-23 02:30:00,0.79603,0.79609,0.79596,0.79607,311,19,0
2025-10-23 03:00:00,0.79606,0.79658,0.79601,0.79643,1153,19,0
2025-10-23 03:30:00,0.79642,0.79644,0.79613,0.79625,669,19,0
2025-10-23 04:00:00,0.79628,0.79694,0.79621,0.7969,574,19,0
2025-10-23 04:30:00,0.79691,0.797,0.79659,0.79693,558,19,0
2025-10-23 05:00:00,0.79694,0.79722,0.79693,0.79719,366,19,0
2025-10-23 05:30:00,0.7972,0.79736,0.79719,0.79731,306,19,0
2025-10-23 06:00:00,0.7973,0.79733,0.79708,0.79724,306,19,0
2025-10-23 06:30:00,0.79723,0.79741,0.79718,0.79738,373,19,0
2025-10-23 07:00:00,0.79737,0.79757,0.79726,0.79732,239,19,0
2025-10-23 07:30:00,0.79733,0.79734,0.79711,0.79713,318,19,0
2025-10-23 08:00:00,0.79714,0.79723,0.79705,0.7971,240,19,0
2025-10-23 08:30:00,0.79709,0.79718,0.79679,0.79703,389,19,0
2025-10-23 09:00:00,0.79701,0.79707,0.79671,0.79699,739,19,0
2025-10-23 09:30:00,0.79697,0.79751,0.79684,0.79741,950,19,0
2025-10-23 10:00:00,0.79742,0.79783,0.79715,0.79779,1077,19,0
2025-10-23 10:30:00,0.79778,0.79793,0.79691,0.79708,1187,19,0
2025-10-23 11:00:00,0.79709,0.79723,0.79686,0.79709,670,19,0
2025-10-23 11:30:00,0.79711,0.79761,0.79707,0.79743,700,19,0
2025-10-23 12:00:00,0.79744,0.79773,0.79695,0.79707,714,19,0
2025-10-23 12:30:00,0.79709,0.79802,0.79706,0.79792,528,19,0
2025-10-23 13:00:00,0.79793,0.79808,0.79779,0.79807,596,19,0
2025-10-23 13:30:00,0.79808,0.79846,0.79789,0.79833,785,19,0
2025-10-23 14:00:00,0.79833,0.79859,0.79814,0.79848,774,18,0
2025-10-23 14:30:00,0.79849,0.79858,0.79792,0.79807,905,18,0
2025-10-23 15:00:00,0.79802,0.79803,0.79761,0.79761,894,18,0
2025-10-23 15:30:00,0.79766,0.79767,0.79647,0.79683,1095,19,0
2025-10-23 16:00:00,0.79684,0.79705,0.79651,0.79661,1240,18,0
2025-10-23 16:30:00,0.79662,0.79682,0.79616,0.79668,1325,18,0
2025-10-23 17:00:00,0.79669,0.79669,0.79576,0.79576,1328,18,0
2025-10-23 17:30:00,0.79574,0.79574,0.79518,0.79527,1368,18,0
2025-10-23 18:00:00,0.79526,0.79586,0.79513,0.79579,1064,18,0
2025-10-23 18:30:00,0.7958,0.79588,0.79539,0.79556,855,18,0
2025-10-23 19:00:00,0.79555,0.79558,0.79514,0.7952,607,19,0
2025-10-23 19:30:00,0.79519,0.79562,0.79503,0.79559,413,19,0
2025-10-23 20:00:00,0.7956,0.79595,0.79557,0.79593,531,19,0
2025-10-23 20:30:00,0.79592,0.79596,0.79541,0.79542,414,19,0
2025-10-23 21:00:00,0.79543,0.79558,0.79534,0.79556,381,19,0
2025-10-23 21:30:00,0.79555,0.79564,0.79511,0.79512,343,19,0
2025-10-23 22:00:00,0.79513,0.79517,0.7949,0.79516,273,19,0
2025-10-23 22:30:00,0.79515,0.79527,0.79504,0.79512,282,19,0
2025-10-23 23:00:00,0.79517,0.79538,0.79512,0.79521,200,22,0
2025-10-23 23:30:00,0.79522,0.79527,0.79471,0.79471,352,23,0
2025-10-24 00:00:00,0.79471,0.79538,0.79471,0.795,440,84,0
2025-10-24 00:30:00,0.795,0.79515,0.79484,0.79505,488,84,0
2025-10-24 01:00:00,0.79504,0.7951,0.79474,0.79481,744,21,0
2025-10-24 01:30:00,0.79482,0.79509,0.79481,0.79506,214,20,0
2025-10-24 02:00:00,0.79505,0.7951,0.79493,0.79507,183,19,0
2025-10-24 02:30:00,0.79506,0.7952,0.79492,0.79504,325,19,0
2025-10-24 03:00:00,0.79503,0.79504,0.79462,0.79485,706,19,0
2025-10-24 03:30:00,0.79483,0.79506,0.79475,0.79506,968,19,0
2025-10-24 04:00:00,0.79505,0.79561,0.79497,0.79551,871,19,0
2025-10-24 04:30:00,0.79552,0.79565,0.79541,0.79558,684,19,0
2025-10-24 05:00:00,0.7956,0.79571,0.79545,0.79571,487,19,0
2025-10-24 05:30:00,0.7957,0.79592,0.79558,0.79591,625,19,0
2025-10-24 06:00:00,0.79591,0.79597,0.79567,0.79576,382,19,0
2025-10-24 06:30:00,0.79577,0.79581,0.79554,0.79571,326,19,0
2025-10-24 07:00:00,0.79572,0.79599,0.79571,0.79596,365,19,0
2025-10-24 07:30:00,0.79595,0.79605,0.79586,0.79595,510,19,0
2025-10-24 08:00:00,0.79594,0.79622,0.79575,0.7962,439,19,0
2025-10-24 08:30:00,0.79621,0.79624,0.79589,0.79603,327,19,0
2025-10-24 09:00:00,0.79602,0.79646,0.79588,0.79591,781,20,0
2025-10-24 09:30:00,0.7959,0.7961,0.7953,0.79532,683,19,0
2025-10-24 10:00:00,0.7953,0.79555,0.79503,0.79539,1211,18,0
2025-10-24 10:30:00,0.79538,0.79546,0.79455,0.79539,1572,18,0
2025-10-24 11:00:00,0.79537,0.79618,0.79527,0.79596,1499,18,0
2025-10-24 11:30:00,0.79593,0.79599,0.79549,0.7957,1146,18,0
2025-10-24 12:00:00,0.79574,0.79599,0.79559,0.79597,779,19,0
2025-10-24 12:30:00,0.79596,0.79628,0.79589,0.79594,726,19,0
2025-10-24 13:00:00,0.79592,0.79607,0.79572,0.79599,561,19,0
2025-10-24 13:30:00,0.796,0.7964,0.79596,0.79637,573,19,0
2025-10-24 14:00:00,0.79636,0.79672,0.79622,0.79668,874,18,0
2025-10-24 14:30:00,0.7967,0.79674,0.79618,0.7962,895,18,0
2025-10-24 15:00:00,0.79619,0.79641,0.79554,0.79556,1259,18,0
2025-10-24 15:30:00,0.79555,0.79555,0.79298,0.79447,4295,20,0
2025-10-24 16:00:00,0.79448,0.7949,0.79389,0.79442,2266,20,0
2025-10-24 16:30:00,0.79441,0.79541,0.79401,0.79498,2227,19,0
2025-10-24 17:00:00,0.79488,0.79546,0.79464,0.79524,1947,19,0
2025-10-24 17:30:00,0.79525,0.79576,0.79516,0.79519,1526,19,0
2025-10-24 18:00:00,0.79518,0.79534,0.7949,0.79503,1280,18,0
2025-10-24 18:30:00,0.79504,0.79599,0.79491,0.7957,1229,20,0
2025-10-24 19:00:00,0.79569,0.79604,0.79558,0.79586,583,19,0
2025-10-24 19:30:00,0.79585,0.79607,0.79564,0.79572,551,19,0
2025-10-24 20:00:00,0.79571,0.79571,0.7952,0.79555,513,19,0
2025-10-24 20:30:00,0.79558,0.79567,0.79539,0.79545,346,19,0
2025-10-24 21:00:00,0.79544,0.79557,0.79529,0.79553,310,19,0
2025-10-24 21:30:00,0.79554,0.79569,0.79551,0.79561,334,19,0
2025-10-24 22:00:00,0.79559,0.79566,0.7954,0.79553,356,19,0
2025-10-24 22:30:00,0.79554,0.7956,0.79514,0.79521,349,19,0
2025-10-24 23:00:00,0.79522,0.79524,0.79483,0.79495,406,22,0
2025-10-24 23:30:00,0.79496,0.79554,0.79483,0.79508,763,25,0
2025-10-26 23:00:00,0.79614,0.79633,0.79588,0.7961,104,98,0
2025-10-26 23:30:00,0.79609,0.79612,0.79539,0.79575,267,120,0
2025-10-27 00:00:00,0.79555,0.79655,0.79537,0.79636,583,25,0
2025-10-27 00:30:00,0.79633,0.79647,0.79584,0.79624,444,25,0
2025-10-27 01:00:00,0.79624,0.7963,0.79605,0.7961,325,19,0
2025-10-27 01:30:00,0.79609,0.79612,0.79582,0.796,483,19,0
2025-10-27 02:00:00,0.79599,0.79626,0.79586,0.7959,730,19,0
2025-10-27 02:30:00,0.79589,0.79591,0.79517,0.79529,1098,19,0
2025-10-27 03:00:00,0.79528,0.79538,0.79444,0.79446,1158,19,0
2025-10-27 03:30:00,0.79445,0.79507,0.79445,0.79506,769,19,0
2025-10-27 04:00:00,0.79505,0.79573,0.79505,0.79572,484,19,0
2025-10-27 04:30:00,0.79571,0.79582,0.79554,0.79562,644,19,0
2025-10-27 05:00:00,0.79565,0.79566,0.79542,0.79554,554,19,0
2025-10-27 05:30:00,0.79554,0.7958,0.7955,0.79578,433,19,0
2025-10-27 06:00:00,0.79579,0.79623,0.79579,0.79615,530,19,0
2025-10-27 06:30:00,0.79615,0.79637,0.79602,0.79619,440,19,0
2025-10-27 07:00:00,0.79619,0.79663,0.79604,0.79651,556,19,0
2025-10-27 07:30:00,0.79649,0.79651,0.79622,0.79634,598,19,0
2025-10-27 08:00:00,0.7963,0.79635,0.79591,0.7962,623,20,0
2025-10-27 08:30:00,0.7962,0.79668,0.79575,0.7965,621,19,0
2025-10-27 09:00:00,0.79646,0.79677,0.79623,0.79675,817,19,0
2025-10-27 09:30:00,0.7968,0.79699,0.79611,0.79681,897,19,0
2025-10-27 10:00:00,0.79682,0.79719,0.79637,0.79654,1083,19,0
2025-10-27 10:30:00,0.79653,0.79719,0.79626,0.79703,1126,19,0
2025-10-27 11:00:00,0.79704,0.79707,0.79622,0.79624,1322,19,0
2025-10-27 11:30:00,0.79625,0.79642,0.79573,0.79588,1192,19,0
2025-10-27 12:00:00,0.79586,0.79603,0.79562,0.796,982,19,0
2025-10-27 12:30:00,0.79601,0.79615,0.79572,0.79599,695,19,0
2025-10-27 13:00:00,0.79598,0.7961,0.7953,0.79569,716,18,0
2025-10-27 13:30:00,0.79568,0.79601,0.79516,0.7952,1010,18,0
2025-10-27 14:00:00,0.79519,0.79548,0.79456,0.79545,1350,18,0
2025-10-27 14:30:00,0.79546,0.7959,0.79523,0.79557,1046,18,0
2025-10-27 15:00:00,0.79558,0.79597,0.79544,0.7959,953,18,0
2025-10-27 15:30:00,0.79591,0.7967,0.79579,0.79633,1557,19,0
2025-10-27 16:00:00,0.79632,0.79658,0.79578,0.79607,1192,18,0
2025-10-27 16:30:00,0.79608,0.79651,0.79593,0.79596,906,18,0
2025-10-27 17:00:00,0.79595,0.79661,0.79594,0.79615,1004,18,0
2025-10-27 17:30:00,0.79614,0.79641,0.79605,0.79639,931,18,0
2025-10-27 18:00:00,0.7964,0.79641,0.79587,0.79589,730,19,0
2025-10-27 18:30:00,0.79588,0.79591,0.79543,0.79554,578,19,0
2025-10-27 19:00:00,0.79553,0.79589,0.79527,0.79583,595,19,0
2025-10-27 19:30:00,0.79581,0.79598,0.79569,0.79573,313,19,0
2025-10-27 20:00:00,0.79572,0.796,0.79569,0.79589,315,19,0
2025-10-27 20:30:00,0.79588,0.7959,0.79494,0.79505,614,19,0
2025-10-27 21:00:00,0.79506,0.79539,0.79505,0.79538,409,19,0
2025-10-27 21:30:00,0.79537,0.79549,0.79518,0.79529,339,19,0
2025-10-27 22:00:00,0.79528,0.7955,0.79497,0.79499,264,19,0
2025-10-27 22:30:00,0.79498,0.79531,0.79498,0.79507,292,19,0
2025-10-27 23:00:00,0.79556,0.79556,0.79454,0.79499,36,50,0
2025-10-27 23:30:00,0.79498,0.79517,0.79474,0.79481,231,84,0
2025-10-28 00:00:00,0.79467,0.79513,0.79467,0.79501,864,24,0
2025-10-28 00:30:00,0.79502,0.79502,0.7947,0.79473,289,24,0
2025-10-28 01:00:00,0.79472,0.79472,0.79445,0.79452,377,19,0
2025-10-28 01:30:00,0.79453,0.79466,0.79432,0.79455,1043,19,0
2025-10-28 02:00:00,0.79453,0.79472,0.79395,0.79399,573,19,0
2025-10-28 02:30:00,0.794,0.7942,0.79378,0.79412,1000,19,0
2025-10-28 03:00:00,0.79411,0.79419,0.79353,0.79418,1054,19,0
2025-10-28 03:30:00,0.79417,0.79419,0.79386,0.79401,754,19,0
2025-10-28 04:00:00,0.79402,0.79412,0.7937,0.79403,558,19,0
2025-10-28 04:30:00,0.79402,0.7943,0.79402,0.79425,604,19,0
2025-10-28 05:00:00,0.79426,0.79426,0.79404,0.79408,508,19,0
2025-10-28 05:30:00,0.79409,0.79419,0.79352,0.79371,1023,19,0
2025-10-28 06:00:00,0.79371,0.79375,0.79322,0.7935,1008,19,0
2025-10-28 06:30:00,0.79351,0.79368,0.79305,0.79314,796,19,0
2025-10-28 07:00:00,0.79313,0.79353,0.79313,0.79328,871,19,0
2025-10-28 07:30:00,0.79327,0.79356,0.79324,0.79334,987,19,0
2025-10-28 08:00:00,0.79333,0.79358,0.79298,0.79344,495,19,0
2025-10-28 08:30:00,0.79345,0.79406,0.79344,0.79404,628,19,0
2025-10-28 09:00:00,0.79405,0.79471,0.79403,0.79451,931,19,0
2025-10-28 09:30:00,0.7945,0.79473,0.79392,0.79436,1163,19,0
2025-10-28 10:00:00,0.79437,0.79465,0.79395,0.79395,1346,19,0
2025-10-28 10:30:00,0.79394,0.79406,0.7934,0.79391,1463,19,0
2025-10-28 11:00:00,0.79392,0.79445,0.79363,0.79375,1388,19,0
2025-10-28 11:30:00,0.79372,0.79376,0.79323,0.79335,709,19,0
2025-10-28 12:00:00,0.79336,0.79379,0.79325,0.79367,871,19,0
2025-10-28 12:30:00,0.79368,0.79374,0.79343,0.79348,625,19,0
2025-10-28 13:00:00,0.79347,0.79443,0.79347,0.7944,714,18,0
2025-10-28 13:30:00,0.79441,0.79467,0.79424,0.7944,773,18,0
2025-10-28 14:00:00,0.79439,0.79526,0.79433,0.79512,1309,18,0
2025-10-28 14:30:00,0.79513,0.79592,0.79508,0.79555,1411,18,0
2025-10-28 15:00:00,0.79556,0.79661,0.79556,0.79605,1812,18,0
2025-10-28 15:30:00,0.79604,0.79637,0.79519,0.79535,1639,18,0
2025-10-28 16:00:00,0.79536,0.79561,0.79417,0.7942,1658,18,0
2025-10-28 16:30:00,0.79419,0.79433,0.7935,0.79351,1372,18,0
2025-10-28 17:00:00,0.7935,0.79355,0.79291,0.79314,1317,18,0
2025-10-28 17:30:00,0.79313,0.79313,0.79241,0.79263,1389,18,0
2025-10-28 18:00:00,0.79262,0.79304,0.7924,0.79277,816,19,0
2025-10-28 18:30:00,0.79278,0.79351,0.79271,0.79276,1399,19,0
2025-10-28 19:00:00,0.79275,0.79339,0.79266,0.79316,748,19,0
2025-10-28 19:30:00,0.79315,0.79341,0.79296,0.79313,493,19,0
2025-10-28 20:00:00,0.79312,0.79328,0.79296,0.7932,430,20,0
2025-10-28 20:30:00,0.79323,0.79333,0.79286,0.79291,496,19,0
2025-10-28 21:00:00,0.7929,0.79291,0.79252,0.79268,445,19,0
2025-10-28 21:30:00,0.79269,0.79319,0.79269,0.79317,386,19,0
2025-10-28 22:00:00,0.79316,0.79334,0.79303,0.79318,298,19,0
2025-10-28 22:30:00,0.79319,0.7934,0.793,0.7932,456,19,0
2025-10-28 23:00:00,0.7934,0.7934,0.79257,0.793,579,50,0
2025-10-28 23:30:00,0.793,0.79311,0.79283,0.79294,707,89,0
2025-10-29 00:00:00,0.79285,0.79351,0.7928,0.7933,609,23,0
2025-10-29 00:30:00,0.79331,0.79342,0.79325,0.7933,354,23,0
2025-10-29 01:00:00,0.79329,0.79337,0.79323,0.79335,305,19,0
2025-10-29 01:30:00,0.79337,0.79346,0.79275,0.79275,474,19,0
2025-10-29 02:00:00,0.79277,0.79297,0.79245,0.79267,1325,19,0
2025-10-29 02:30:00,0.79265,0.79319,0.79255,0.79288,1744,19,0
2025-10-29 03:00:00,0.79289,0.79321,0.79274,0.79316,1055,19,0
2025-10-29 03:30:00,0.79317,0.79349,0.79311,0.79331,1142,19,0
2025-10-29 04:00:00,0.79332,0.79379,0.79332,0.79377,643,19,0
2025-10-29 04:30:00,0.7938,0.79386,0.79355,0.79357,639,19,0
2025-10-29 05:00:00,0.79356,0.79365,0.79348,0.79364,700,19,0
2025-10-29 05:30:00,0.79365,0.79396,0.7936,0.79391,712,19,0
2025-10-29 06:00:00,0.79392,0.79404,0.79386,0.79401,557,19,0
2025-10-29 06:30:00,0.794,0.79422,0.794,0.79411,638,19,0
2025-10-29 07:00:00,0.7941,0.79465,0.79404,0.79456,999,19,0
2025-10-29 07:30:00,0.79458,0.79469,0.79411,0.7942,998,19,0
2025-10-29 08:00:00,0.79419,0.79467,0.79419,0.79447,517,20,0
2025-10-29 08:30:00,0.79448,0.79473,0.79434,0.79447,749,19,0
2025-10-29 09:00:00,0.79448,0.79471,0.79399,0.79429,1128,20,0
2025-10-29 09:30:00,0.79425,0.79551,0.79423,0.79537,1405,19,0
2025-10-29 10:00:00,0.79539,0.79655,0.79522,0.79646,1399,19,0
2025-10-29 10:30:00,0.79645,0.79702,0.79619,0.7966,1370,19,0
2025-10-29 11:00:00,0.79661,0.79732,0.79661,0.79686,1482,19,0
2025-10-29 11:30:00,0.79688,0.79692,0.7957,0.79611,1186,19,0
2025-10-29 12:00:00,0.79612,0.79636,0.79592,0.79609,899,19,0
2025-10-29 12:30:00,0.79608,0.79619,0.79586,0.79601,624,19,0
2025-10-29 13:00:00,0.79602,0.79713,0.79597,0.797,935,18,0
2025-10-29 13:30:00,0.79701,0.79728,0.79686,0.79721,853,18,0
2025-10-29 14:00:00,0.79718,0.7972,0.7965,0.79701,1024,18,0
2025-10-29 14:30:00,0.797,0.79767,0.79691,0.79739,1093,18,0
2025-10-29 15:00:00,0.7974,0.79745,0.79628,0.79647,1479,18,0
2025-10-29 15:30:00,0.79645,0.79783,0.79633,0.79743,1507,18,0
2025-10-29 16:00:00,0.79744,0.79776,0.79702,0.79733,1322,17,0
2025-10-29 16:30:00,0.79734,0.7975,0.79688,0.79694,1083,17,0
2025-10-29 17:00:00,0.79693,0.79731,0.79672,0.79718,1231,18,0
2025-10-29 17:30:00,0.79717,0.7972,0.79558,0.79573,1358,18,0
2025-10-29 18:00:00,0.79571,0.7962,0.79551,0.79595,1042,19,0
2025-10-29 18:30:00,0.79596,0.79657,0.79596,0.79635,699,19,0
2025-10-29 19:00:00,0.79634,0.79678,0.79625,0.79673,571,19,0
2025-10-29 19:30:00,0.79672,0.79707,0.79657,0.79661,702,20,0
2025-10-29 20:00:00,0.7966,0.79772,0.79645,0.79741,2607,19,0
2025-10-29 20:30:00,0.79742,0.80163,0.79687,0.80072,6152,19,0
2025-10-29 21:00:00,0.80073,0.80175,0.80043,0.8017,4146,20,0
2025-10-29 21:30:00,0.80171,0.80193,0.80034,0.80048,1627,19,0
2025-10-29 22:00:00,0.80047,0.80081,0.80016,0.80025,913,20,0
2025-10-29 22:30:00,0.80024,0.80068,0.79957,0.79957,761,20,0
2025-10-29 23:00:00,0.7987,0.79979,0.79827,0.79936,187,50,0
2025-10-29 23:30:00,0.79936,0.79979,0.79907,0.79933,808,84,0
2025-10-30 00:00:00,0.79943,0.79984,0.79917,0.79978,856,23,0
2025-10-30 00:30:00,0.79978,0.79985,0.79957,0.79968,466,23,0
2025-10-30 01:00:00,0.79967,0.79982,0.7996,0.79978,496,19,0
2025-10-30 01:30:00,0.79979,0.80012,0.79961,0.80001,464,19,0
2025-10-30 02:00:00,0.80002,0.80056,0.79951,0.79957,1086,19,0
2025-10-30 02:30:00,0.79959,0.79982,0.79939,0.79965,1399,19,0
2025-10-30 03:00:00,0.79966,0.79969,0.7992,0.79945,1520,19,0
2025-10-30 03:30:00,0.79946,0.79947,0.79911,0.79917,1031,19,0
2025-10-30 04:00:00,0.79915,0.79928,0.79888,0.79908,800,19,0
2025-10-30 04:30:00,0.79906,0.79925,0.79895,0.79899,824,19,0
2025-10-30 05:00:00,0.79898,0.79948,0.79872,0.79933,1702,19,0
2025-10-30 05:30:00,0.79934,0.79965,0.79905,0.79914,909,19,0
2025-10-30 06:00:00,0.79915,0.79924,0.79745,0.79762,1997,19,0
2025-10-30 06:30:00,0.79763,0.79824,0.79758,0.79769,2065,19,0
2025-10-30 07:00:00,0.7977,0.79846,0.79752,0.79843,1047,18,0
2025-10-30 07:30:00,0.79842,0.79867,0.79815,0.79865,902,18,0
2025-10-30 08:00:00,0.79866,0.79873,0.79816,0.79845,602,19,0
2025-10-30 08:30:00,0.79842,0.7991,0.79819,0.79876,1167,19,0
2025-10-30 09:00:00,0.79875,0.79915,0.79839,0.79882,1429,19,0
2025-10-30 09:30:00,0.79881,0.79921,0.79849,0.79854,975,19,0
2025-10-30 10:00:00,0.79852,0.79943,0.79843,0.79907,1727,19,0
2025-10-30 10:30:00,0.79909,0.79932,0.79845,0.79872,1217,19,0
2025-10-30 11:00:00,0.79873,0.799,0.79804,0.79804,1232,19,0
2025-10-30 11:30:00,0.79805,0.79883,0.79761,0.79871,1254,19,0
2025-10-30 12:00:00,0.79868,0.79929,0.79853,0.79902,1030,19,0
2025-10-30 12:30:00,0.79903,0.79988,0.79897,0.79988,809,19,0
2025-10-30 13:00:00,0.79987,0.80023,0.79984,0.79995,1141,18,0
2025-10-30 13:30:00,0.79996,0.80071,0.79978,0.8006,1019,18,0
2025-10-30 14:00:00,0.80059,0.80143,0.80029,0.80127,1278,18,0
2025-10-30 14:30:00,0.80128,0.80281,0.80107,0.80278,1988,21,0
2025-10-30 15:00:00,0.80283,0.80361,0.80237,0.80238,2704,19,0
2025-10-30 15:30:00,0.80239,0.80254,0.80145,0.80151,2558,17,0
2025-10-30 16:00:00,0.80147,0.80165,0.80059,0.80101,2252,18,0
2025-10-30 16:30:00,0.801,0.80201,0.80086,0.8018,1842,18,0
2025-10-30 17:00:00,0.80179,0.80217,0.80133,0.80141,1324,18,0
2025-10-30 17:30:00,0.80143,0.80239,0.80139,0.80192,1237,18,0
2025-10-30 18:00:00,0.80191,0.80221,0.80143,0.80156,866,20,0
2025-10-30 18:30:00,0.80157,0.80179,0.80129,0.80139,728,19,0
2025-10-30 19:00:00,0.80138,0.80208,0.80132,0.80201,560,19,0
2025-10-30 19:30:00,0.80202,0.80238,0.80188,0.80211,794,19,0
2025-10-30 20:00:00,0.80212,0.80262,0.80209,0.80231,708,19,0
2025-10-30 20:30:00,0.80234,0.80241,0.80196,0.80197,618,19,0
2025-10-30 21:00:00,0.80198,0.80228,0.80163,0.80214,667,19,0
2025-10-30 21:30:00,0.80213,0.80216,0.80183,0.8021,330,19,0
2025-10-30 22:00:00,0.80205,0.80222,0.80169,0.80178,354,19,0
2025-10-30 22:30:00,0.8017,0.80179,0.80133,0.80173,453,19,0
2025-10-30 23:00:00,0.80206,0.80206,0.8016,0.80161,37,50,0
2025-10-30 23:30:00,0.80166,0.80168,0.8014,0.80164,252,86,0
2025-10-31 00:00:00,0.80172,0.80172,0.80111,0.80119,482,23,0
2025-10-31 00:30:00,0.8012,0.80162,0.80105,0.80145,398,23,0
2025-10-31 01:00:00,0.8015,0.80191,0.80145,0.80182,380,19,0
2025-10-31 01:30:00,0.80175,0.80179,0.80131,0.80152,572,19,0
2025-10-31 02:00:00,0.80154,0.80163,0.80126,0.80157,821,19,0
2025-10-31 02:30:00,0.80157,0.80159,0.80107,0.80107,1077,19,0
2025-10-31 03:00:00,0.80106,0.80118,0.80081,0.80109,1017,19,0
2025-10-31 03:30:00,0.80109,0.8017,0.80095,0.80162,1107,19,0
2025-10-31 04:00:00,0.80161,0.80177,0.8013,0.80136,899,19,0
2025-10-31 04:30:00,0.80135,0.80173,0.8013,0.80171,860,19,0
2025-10-31 05:00:00,0.80172,0.80177,0.80153,0.8016,1101,19,0
2025-10-31 05:30:00,0.80162,0.80185,0.80154,0.80176,632,19,0
2025-10-31 06:00:00,0.80177,0.80181,0.80152,0.80161,679,19,0
2025-10-31 06:30:00,0.8016,0.80174,0.80149,0.8016,580,19,0
2025-10-31 07:00:00,0.8016,0.80191,0.80159,0.80175,788,19,0
2025-10-31 07:30:00,0.80176,0.80181,0.80158,0.80168,893,19,0
2025-10-31 08:00:00,0.80168,0.80192,0.8015,0.80179,447,19,0
2025-10-31 08:30:00,0.80174,0.80247,0.80158,0.80244,556,19,0
2025-10-31 09:00:00,0.80246,0.80309,0.80235,0.80268,1076,19,0
2025-10-31 09:30:00,0.80267,0.80318,0.80255,0.80265,1037,19,0
2025-10-31 10:00:00,0.80264,0.8027,0.80217,0.80235,1053,19,0
2025-10-31 10:30:00,0.80233,0.80251,0.80214,0.8023,943,19,0
2025-10-31 11:00:00,0.80231,0.80242,0.80183,0.802,838,19,0
2025-10-31 11:30:00,0.80201,0.80228,0.80144,0.80149,753,19,0
2025-10-31 12:00:00,0.80151,0.80211,0.80132,0.80208,974,19,0
2025-10-31 12:30:00,0.80209,0.80225,0.80194,0.80219,638,19,0
2025-10-31 13:00:00,0.80218,0.80247,0.80188,0.80233,852,18,0
2025-10-31 13:30:00,0.80234,0.80343,0.80226,0.80316,807,18,0
2025-10-31 14:00:00,0.80318,0.80384,0.80316,0.80348,1363,17,0
2025-10-31 14:30:00,0.80349,0.80382,0.80327,0.80371,1739,17,0
2025-10-31 15:00:00,0.80374,0.804,0.80341,0.8037,1656,18,0
2025-10-31 15:30:00,0.80371,0.8048,0.80364,0.80415,1692,18,0
2025-10-31 16:00:00,0.80416,0.80455,0.80332,0.80438,2119,18,0
2025-10-31 16:30:00,0.80437,0.80459,0.80322,0.8036,1471,18,0
2025-10-31 17:00:00,0.80359,0.8042,0.80336,0.80351,1303,18,0
2025-10-31 17:30:00,0.80352,0.8039,0.80226,0.80258,2776,18,0
2025-10-31 18:00:00,0.80257,0.80362,0.80244,0.80316,1704,19,0
2025-10-31 18:30:00,0.80318,0.80359,0.80282,0.80353,744,19,0
2025-10-31 19:00:00,0.80352,0.80405,0.80347,0.80382,649,20,0
2025-10-31 19:30:00,0.80383,0.80399,0.8036,0.80398,484,19,0
2025-10-31 20:00:00,0.80401,0.80459,0.804,0.80455,617,20,0
2025-10-31 20:30:00,0.80454,0.80473,0.80424,0.8045,464,19,0
2025-10-31 21:00:00,0.80447,0.80465,0.80425,0.80425,440,19,0
2025-10-31 21:30:00,0.80424,0.80464,0.80422,0.80454,410,19,0
2025-10-31 22:00:00,0.80455,0.8048,0.80451,0.80471,440,19,0
2025-10-31 22:30:00,0.80472,0.80507,0.8042,0.80431,778,19,0
2025-11-03 00:00:00,0.80341,0.80368,0.80302,0.80349,121,120,0
2025-11-03 00:30:00,0.8035,0.80417,0.80336,0.80375,432,98,0
2025-11-03 01:00:00,0.80374,0.8048,0.80372,0.80444,2408,19,0
2025-11-03 01:30:00,0.80442,0.80506,0.80438,0.80487,2996,19,0
2025-11-03 02:00:00,0.80487,0.80521,0.80471,0.80497,1998,19,0
2025-11-03 02:30:00,0.80496,0.80507,0.80469,0.80487,803,19,0
2025-11-03 03:00:00,0.80486,0.80514,0.80471,0.80483,873,19,0
2025-11-03 03:30:00,0.80482,0.80511,0.8047,0.80488,759,19,0
2025-11-03 04:00:00,0.80487,0.80494,0.80451,0.80461,756,19,0
2025-11-03 04:30:00,0.80463,0.80488,0.80454,0.80483,490,19,0
2025-11-03 05:00:00,0.80484,0.80485,0.80463,0.8047,560,19,0
2025-11-03 05:30:00,0.80469,0.80474,0.80446,0.80451,771,19,0
2025-11-03 06:00:00,0.80452,0.8046,0.80425,0.80447,1058,19,0
2025-11-03 06:30:00,0.80446,0.80459,0.80438,0.80445,851,19,0
2025-11-03 07:00:00,0.80446,0.80456,0.80434,0.80443,632,19,0
2025-11-03 07:30:00,0.80444,0.8045,0.80424,0.8044,629,19,0
2025-11-03 08:00:00,0.80441,0.80446,0.80404,0.80415,478,19,0
2025-11-03 08:30:00,0.80416,0.80416,0.80375,0.80392,418,19,0
2025-11-03 09:00:00,0.80393,0.80429,0.80385,0.8042,555,18,0
2025-11-03 09:30:00,0.80417,0.80558,0.80417,0.80502,1390,20,0
2025-11-03 10:00:00,0.80503,0.80571,0.80489,0.80558,1048,19,0
2025-11-03 10:30:00,0.80556,0.80678,0.80535,0.80634,1254,19,0
2025-11-03 11:00:00,0.80633,0.80681,0.80628,0.80651,867,19,0
2025-11-03 11:30:00,0.80652,0.80724,0.80626,0.80712,987,19,0
2025-11-03 12:00:00,0.80715,0.80764,0.80657,0.80678,978,19,0
2025-11-03 12:30:00,0.80678,0.80763,0.80678,0.80754,925,19,0
2025-11-03 13:00:00,0.80753,0.80772,0.80678,0.80706,1018,19,0
2025-11-03 13:30:00,0.80705,0.8074,0.80699,0.80704,668,19,0
2025-11-03 14:00:00,0.80703,0.80726,0.80653,0.80659,713,18,0
2025-11-03 14:30:00,0.8066,0.80721,0.80658,0.80717,895,19,0
2025-11-03 15:00:00,0.80723,0.80802,0.8071,0.80796,1147,18,0
2025-11-03 15:30:00,0.80795,0.80858,0.80746,0.80825,1171,18,0
2025-11-03 16:00:00,0.80824,0.80894,0.80802,0.8089,1260,18,0
2025-11-03 16:30:00,0.80891,0.80908,0.80776,0.80785,1351,17,0
2025-11-03 17:00:00,0.80786,0.80819,0.80706,0.80811,2228,18,0
2025-11-03 17:30:00,0.80812,0.80818,0.80739,0.80741,1467,19,0
2025-11-03 18:00:00,0.80742,0.80771,0.80711,0.80739,1208,18,0
2025-11-03 18:30:00,0.80737,0.8075,0.80715,0.8072,718,18,0
2025-11-03 19:00:00,0.80719,0.8074,0.80671,0.80697,666,19,0
2025-11-03 19:30:00,0.80696,0.80742,0.80692,0.80736,500,19,0
2025-11-03 20:00:00,0.80737,0.80763,0.80696,0.80751,484,18,0
2025-11-03 20:30:00,0.80752,0.80767,0.80727,0.80753,614,18,0
2025-11-03 21:00:00,0.80754,0.80783,0.80731,0.80773,518,19,0
2025-11-03 21:30:00,0.80772,0.80784,0.80752,0.80764,465,19,0
2025-11-03 22:00:00,0.80761,0.80789,0.80746,0.80789,397,19,0
2025-11-03 22:30:00,0.80787,0.80806,0.80784,0.80787,298,19,0
2025-11-03 23:00:00,0.80788,0.80813,0.80786,0.80797,238,20,0
2025-11-03 23:30:00,0.80799,0.808,0.8075,0.8075,291,23,0
2025-11-04 00:00:00,0.80751,0.80769,0.80728,0.80756,91,84,0
2025-11-04 00:30:00,0.80757,0.80765,0.80745,0.80755,263,84,0
2025-11-04 01:00:00,0.80739,0.80805,0.80735,0.80789,1907,19,0
2025-11-04 01:30:00,0.80788,0.8081,0.80783,0.80809,1563,19,0
2025-11-04 02:00:00,0.8081,0.8094,0.80808,0.80938,837,19,0
2025-11-04 02:30:00,0.80937,0.80944,0.80891,0.80919,1108,19,0
2025-11-04 03:00:00,0.8092,0.80977,0.8091,0.80969,1249,19,0
2025-11-04 03:30:00,0.80968,0.80977,0.80922,0.80932,1031,19,0
2025-11-04 04:00:00,0.80932,0.8096,0.80932,0.80942,839,19,0
2025-11-04 04:30:00,0.80943,0.80943,0.80883,0.80885,861,19,0
2025-11-04 05:00:00,0.80885,0.80892,0.80851,0.80861,1001,19,0
2025-11-04 05:30:00,0.80862,0.80887,0.80844,0.80883,904,19,0
2025-11-04 06:00:00,0.80884,0.80911,0.8088,0.8091,793,19,0
2025-11-04 06:30:00,0.80909,0.80933,0.8087,0.80932,927,19,0
2025-11-04 07:00:00,0.80933,0.80943,0.80901,0.80903,775,19,0
2025-11-04 07:30:00,0.80902,0.80909,0.80855,0.80866,805,19,0
2025-11-04 08:00:00,0.80865,0.80884,0.80771,0.80771,926,19,0
2025-11-04 08:30:00,0.8077,0.80796,0.80734,0.80747,870,19,0
2025-11-04 09:00:00,0.80744,0.80749,0.80662,0.80693,901,19,0
2025-11-04 09:30:00,0.80694,0.80753,0.80687,0.80736,960,19,0
2025-11-04 10:00:00,0.8074,0.80786,0.80719,0.80755,1273,19,0
2025-11-04 10:30:00,0.80754,0.80824,0.80745,0.80798,1272,19,0
2025-11-04 11:00:00,0.80797,0.80833,0.80772,0.8082,1243,19,0
2025-11-04 11:30:00,0.80821,0.80865,0.8076,0.8086,1189,19,0
2025-11-04 12:00:00,0.80859,0.8087,0.80802,0.80845,1040,19,0
2025-11-04 12:30:00,0.80844,0.80857,0.80813,0.80829,719,19,0
2025-11-04 13:00:00,0.80826,0.80863,0.80805,0.80839,477,19,0
2025-11-04 13:30:00,0.8084,0.80946,0.80828,0.80946,740,19,0
2025-11-04 14:00:00,0.80945,0.80985,0.80908,0.80969,1163,19,0
2025-11-04 14:30:00,0.8097,0.81008,0.80907,0.80909,1317,18,0
2025-11-04 15:00:00,0.80908,0.80909,0.80832,0.80849,1073,18,0
2025-11-04 15:30:00,0.80848,0.80866,0.80811,0.8084,915,18,0
2025-11-04 16:00:00,0.80841,0.80951,0.80824,0.80945,1207,18,0
2025-11-04 16:30:00,0.80946,0.80979,0.80924,0.80965,1619,18,0
2025-11-04 17:00:00,0.80966,0.81028,0.80966,0.81015,1607,18,0
2025-11-04 17:30:00,0.81016,0.81017,0.80903,0.80908,1503,18,0
2025-11-04 18:00:00,0.80909,0.80936,0.80874,0.80893,1512,18,0
2025-11-04 18:30:00,0.80892,0.80924,0.80865,0.80904,887,18,0
2025-11-04 19:00:00,0.80903,0.80944,0.80893,0.80911,555,18,0
2025-11-04 19:30:00,0.80912,0.80959,0.80911,0.80944,391,19,0
2025-11-04 20:00:00,0.80945,0.80975,0.8094,0.80955,388,19,0
2025-11-04 20:30:00,0.80958,0.80988,0.8094,0.80984,444,19,0
2025-11-04 21:00:00,0.80986,0.81003,0.80949,0.81,402,19,0
2025-11-04 21:30:00,0.81002,0.8104,0.80995,0.81035,507,19,0
2025-11-04 22:00:00,0.81036,0.81072,0.81036,0.8106,471,19,0
2025-11-04 22:30:00,0.81059,0.81073,0.81043,0.81061,404,19,0
2025-11-04 23:00:00,0.81064,0.81065,0.8102,0.81035,426,20,0
2025-11-04 23:30:00,0.81034,0.81051,0.80933,0.80935,387,23,0
2025-11-05 00:00:00,0.80934,0.81007,0.80879,0.80964,118,84,0
2025-11-05 00:30:00,0.80964,0.80988,0.80927,0.80959,469,84,0
2025-11-05 01:00:00,0.80952,0.81038,0.80949,0.81027,733,19,0
2025-11-05 01:30:00,0.81027,0.81039,0.8102,0.81026,430,19,0
2025-11-05 02:00:00,0.81027,0.81048,0.81007,0.81009,884,19,0
2025-11-05 02:30:00,0.8101,0.81011,0.80945,0.80953,1518,19,0
2025-11-05 03:00:00,0.80955,0.80961,0.80807,0.80835,1685,19,0
2025-11-05 03:30:00,0.80836,0.80863,0.80782,0.80859,1950,19,0
2025-11-05 04:00:00,0.80858,0.80907,0.80834,0.80856,1026,19,0
2025-11-05 04:30:00,0.80855,0.80909,0.80833,0.80896,1060,19,0
2025-11-05 05:00:00,0.80897,0.80928,0.80886,0.80927,712,19,0
2025-11-05 05:30:00,0.80926,0.80978,0.80923,0.80965,1046,19,0
2025-11-05 06:00:00,0.80964,0.8097,0.80949,0.80958,835,19,0
2025-11-05 06:30:00,0.80959,0.80962,0.8094,0.80945,956,19,0
2025-11-05 07:00:00,0.80944,0.80957,0.80932,0.80933,1054,19,0
2025-11-05 07:30:00,0.80934,0.80948,0.80883,0.80891,805,19,0
2025-11-05 08:00:00,0.80892,0.80918,0.80856,0.8088,773,19,0
2025-11-05 08:30:00,0.8088,0.80916,0.80878,0.80902,520,19,0
2025-11-05 09:00:00,0.80903,0.80944,0.80876,0.8093,711,19,0
2025-11-05 09:30:00,0.80934,0.80952,0.80901,0.80941,998,19,0
2025-11-05 10:00:00,0.8094,0.80949,0.8091,0.80938,1141,19,0
2025-11-05 10:30:00,0.80939,0.80998,0.80924,0.80992,1071,19,0
2025-11-05 11:00:00,0.80991,0.81015,0.80952,0.81009,815,19,0
2025-11-05 11:30:00,0.81011,0.81064,0.81,0.81049,760,19,0
2025-11-05 12:00:00,0.81048,0.81153,0.81044,0.81149,1063,19,0
2025-11-05 12:30:00,0.81155,0.81156,0.81046,0.8106,845,19,0
2025-11-05 13:00:00,0.81059,0.81087,0.80992,0.81002,837,19,0
2025-11-05 13:30:00,0.81003,0.81032,0.80987,0.80996,702,19,0
2025-11-05 14:00:00,0.80985,0.80996,0.80948,0.80978,1125,18,0
2025-11-05 14:30:00,0.80979,0.81,0.80962,0.80964,787,18,0
2025-11-05 15:00:00,0.80965,0.81065,0.8094,0.81025,1269,18,0
2025-11-05 15:30:00,0.81027,0.81115,0.81027,0.8109,1456,18,0
2025-11-05 16:00:00,0.81091,0.81121,0.81006,0.81035,1235,18,0
2025-11-05 16:30:00,0.81033,0.81069,0.80988,0.81017,1586,17,0
2025-11-05 17:00:00,0.81034,0.81233,0.80983,0.8099,2895,17,0
2025-11-05 17:30:00,0.80992,0.81109,0.80967,0.81108,1500,18,0
2025-11-05 18:00:00,0.81109,0.81186,0.81088,0.81104,1373,18,0
2025-11-05 18:30:00,0.81105,0.81132,0.81056,0.81069,1232,18,0
2025-11-05 19:00:00,0.81065,0.81116,0.81046,0.8111,744,19,0
2025-11-05 19:30:00,0.81111,0.81127,0.81084,0.81092,513,19,0
2025-11-05 20:00:00,0.81087,0.81094,0.8104,0.81061,441,19,0
2025-11-05 20:30:00,0.81062,0.81089,0.81056,0.81073,471,20,0
2025-11-05 21:00:00,0.81072,0.81079,0.81041,0.81041,363,19,0
2025-11-05 21:30:00,0.81039,0.81046,0.81008,0.81027,298,19,0
2025-11-05 22:00:00,0.81024,0.81026,0.80987,0.80998,432,20,0
2025-11-05 22:30:00,0.80999,0.8102,0.80989,0.81013,289,19,0
2025-11-05 23:00:00,0.81009,0.81016,0.80985,0.80998,254,20,0
2025-11-05 23:30:00,0.80997,0.81014,0.80972,0.80972,460,24,0
2025-11-06 00:00:00,0.80981,0.80984,0.80922,0.80964,78,84,0
2025-11-06 00:30:00,0.80963,0.81006,0.80917,0.81006,467,84,0
2025-11-06 01:00:00,0.81002,0.81033,0.80993,0.81003,617,19,0
2025-11-06 01:30:00,0.80998,0.81002,0.80961,0.80977,336,19,0
2025-11-06 02:00:00,0.80978,0.81003,0.80924,0.80932,985,19,0
2025-11-06 02:30:00,0.80926,0.80949,0.80894,0.80896,1392,19,0
2025-11-06 03:00:00,0.80894,0.80898,0.80858,0.8088,1095,19,0
2025-11-06 03:30:00,0.80882,0.80901,0.80868,0.80891,879,19,0
2025-11-06 04:00:00,0.80892,0.80902,0.80875,0.80894,643,19,0
2025-11-06 04:30:00,0.80893,0.80936,0.80892,0.80925,592,19,0
2025-11-06 05:00:00,0.80926,0.80935,0.80899,0.80906,510,19,0
2025-11-06 05:30:00,0.80905,0.80923,0.80904,0.80915,494,19,0
2025-11-06 06:00:00,0.80914,0.80929,0.80907,0.80927,758,19,0
2025-11-06 06:30:00,0.80928,0.80937,0.80915,0.80918,613,19,0
2025-11-06 07:00:00,0.80919,0.80942,0.80894,0.80907,676,19,0
2025-11-06 07:30:00,0.80907,0.80917,0.80897,0.80904,752,19,0
2025-11-06 08:00:00,0.80905,0.80922,0.80889,0.80911,556,19,0
2025-11-06 08:30:00,0.80911,0.80966,0.80909,0.80949,415,19,0
2025-11-06 09:00:00,0.8095,0.80951,0.80878,0.80885,560,19,0
2025-11-06 09:30:00,0.80883,0.80902,0.80864,0.80888,788,19,0
2025-11-06 10:00:00,0.80886,0.80925,0.80848,0.80904,976,19,0
2025-11-06 10:30:00,0.80906,0.8098,0.80821,0.80837,1235,19,0
2025-11-06 11:00:00,0.80838,0.80909,0.80821,0.80875,943,19,0
2025-11-06 11:30:00,0.80876,0.80921,0.80861,0.80879,666,19,0
2025-11-06 12:00:00,0.80879,0.80913,0.80864,0.80908,697,19,0
2025-11-06 12:30:00,0.80911,0.80938,0.80901,0.80922,659,19,0
2025-11-06 13:00:00,0.80921,0.80924,0.80882,0.80884,551,19,0
2025-11-06 13:30:00,0.80889,0.80896,0.80847,0.80859,956,18,0
2025-11-06 14:00:00,0.8086,0.80883,0.80792,0.80857,1405,18,0
2025-11-06 14:30:00,0.80855,0.80869,0.80794,0.80816,1110,18,0
2025-11-06 15:00:00,0.80815,0.80822,0.80743,0.80783,1199,18,0
2025-11-06 15:30:00,0.80782,0.80783,0.80672,0.80745,1512,18,0
2025-11-06 16:00:00,0.80746,0.80815,0.8073,0.80799,1379,18,0
2025-11-06 16:30:00,0.808,0.80869,0.80783,0.80852,1242,18,0
2025-11-06 17:00:00,0.80853,0.80853,0.80778,0.8079,1632,17,0
2025-11-06 17:30:00,0.80791,0.80804,0.80677,0.80686,1861,17,0
2025-11-06 18:00:00,0.80685,0.80774,0.80682,0.80711,1515,18,0
2025-11-06 18:30:00,0.80712,0.80726,0.80676,0.80693,1216,18,0
2025-11-06 19:00:00,0.80694,0.80739,0.80656,0.80727,1094,19,0
2025-11-06 19:30:00,0.80726,0.80734,0.80686,0.80706,789,19,0
2025-11-06 20:00:00,0.80705,0.80728,0.80655,0.8069,796,19,0
2025-11-06 20:30:00,0.80689,0.8069,0.80647,0.80662,566,19,0
2025-11-06 21:00:00,0.80663,0.80669,0.80631,0.80637,535,19,0
2025-11-06 21:30:00,0.80638,0.80661,0.80624,0.80651,559,19,0
2025-11-06 22:00:00,0.80652,0.80658,0.80615,0.80647,475,19,0
2025-11-06 22:30:00,0.80648,0.80648,0.80592,0.80609,458,19,0
2025-11-06 23:00:00,0.80607,0.80615,0.80591,0.80606,261,22,0
2025-11-06 23:30:00,0.80605,0.80617,0.80576,0.80577,382,23,0
2025-11-07 00:00:00,0.80576,0.80639,0.80576,0.80625,238,84,0
2025-11-07 00:30:00,0.80624,0.80626,0.80594,0.80624,2190,84,0
2025-11-07 01:00:00,0.80619,0.80628,0.80581,0.80604,712,19,0
2025-11-07 01:30:00,0.80605,0.80618,0.80595,0.80607,567,19,0
2025-11-07 02:00:00,0.80607,0.80683,0.80601,0.80679,805,19,0
2025-11-07 02:30:00,0.80681,0.80707,0.80674,0.8069,1257,19,0
2025-11-07 03:00:00,0.80689,0.80705,0.80666,0.80692,1366,19,0
2025-11-07 03:30:00,0.80691,0.80707,0.8067,0.80688,1187,19,0
2025-11-07 04:00:00,0.80687,0.80687,0.80649,0.80673,889,19,0
2025-11-07 04:30:00,0.80672,0.80709,0.80669,0.80703,839,19,0
2025-11-07 05:00:00,0.80702,0.80733,0.80696,0.80731,627,19,0
2025-11-07 05:30:00,0.80729,0.8074,0.80718,0.80732,607,19,0
2025-11-07 06:00:00,0.80729,0.80777,0.80727,0.80741,545,19,0
2025-11-07 06:30:00,0.80741,0.80749,0.80726,0.80731,409,19,0
2025-11-07 07:00:00,0.8073,0.80761,0.80728,0.80746,557,19,0
2025-11-07 07:30:00,0.80745,0.80763,0.80736,0.80756,789,19,0
2025-11-07 08:00:00,0.80757,0.80777,0.8074,0.80774,533,19,0
2025-11-07 08:30:00,0.80771,0.80785,0.80755,0.80773,584,19,0
2025-11-07 09:00:00,0.80772,0.80784,0.80748,0.80764,586,19,0
2025-11-07 09:30:00,0.80765,0.80788,0.8074,0.80742,637,19,0
2025-11-07 10:00:00,0.80741,0.80796,0.8074,0.80773,931,19,0
2025-11-07 10:30:00,0.80775,0.80834,0.80766,0.80818,802,19,0
2025-11-07 11:00:00,0.80816,0.80818,0.80776,0.80792,652,19,0
2025-11-07 11:30:00,0.80791,0.80812,0.80759,0.8081,724,19,0
2025-11-07 12:00:00,0.80809,0.8081,0.80736,0.80736,790,19,0
2025-11-07 12:30:00,0.80737,0.80755,0.80674,0.80705,722,19,0
2025-11-07 13:00:00,0.80706,0.80713,0.80568,0.80581,850,19,0
2025-11-07 13:30:00,0.80582,0.80586,0.80524,0.80571,842,19,0
2025-11-07 14:00:00,0.80572,0.80598,0.8054,0.80571,873,19,0
2025-11-07 14:30:00,0.80575,0.80616,0.80545,0.80573,936,19,0
2025-11-07 15:00:00,0.80572,0.80572,0.80443,0.80452,1258,18,0
2025-11-07 15:30:00,0.80448,0.80557,0.80448,0.80518,1810,18,0
2025-11-07 16:00:00,0.80517,0.80538,0.80448,0.80462,1254,18,0
2025-11-07 16:30:00,0.80461,0.80465,0.80376,0.80433,1780,18,0
2025-11-07 17:00:00,0.80437,0.80439,0.8031,0.80374,1865,18,0
2025-11-07 17:30:00,0.80375,0.80463,0.80326,0.8046,1513,18,0
2025-11-07 18:00:00,0.80459,0.8047,0.80372,0.80376,1135,18,0
2025-11-07 18:30:00,0.80375,0.8041,0.80364,0.80389,742,18,0
2025-11-07 19:00:00,0.80389,0.80441,0.80387,0.80417,571,19,0
2025-11-07 19:30:00,0.80418,0.80433,0.80367,0.80378,486,19,0
2025-11-07 20:00:00,0.80379,0.80443,0.80355,0.8044,495,19,0
2025-11-07 20:30:00,0.80439,0.80465,0.80422,0.80465,454,19,0
2025-11-07 21:00:00,0.80464,0.80478,0.80437,0.80478,445,19,0
2025-11-07 21:30:00,0.8048,0.80566,0.8048,0.80551,793,21,0
2025-11-07 22:00:00,0.80554,0.80575,0.80502,0.80512,605,19,0
2025-11-07 22:30:00,0.80513,0.80513,0.80475,0.80497,348,19,0
2025-11-07 23:00:00,0.80499,0.8051,0.80492,0.80497,298,20,0
2025-11-07 23:30:00,0.80496,0.80537,0.80439,0.80441,614,24,0
2025-11-10 00:00:00,0.80496,0.80565,0.8049,0.80544,118,50,0
2025-11-10 00:30:00,0.80548,0.80608,0.80529,0.80569,809,50,0
2025-11-10 01:00:00,0.80571,0.8069,0.8052,0.80687,1120,19,0
2025-11-10 01:30:00,0.80688,0.80719,0.80667,0.80701,1082,19,0
2025-11-10 02:00:00,0.807,0.80703,0.80582,0.80643,1627,19,0
2025-11-10 02:30:00,0.80644,0.80647,0.806,0.80617,1525,19,0
2025-11-10 03:00:00,0.80615,0.80674,0.80611,0.80617,1338,19,0
2025-11-10 03:30:00,0.80618,0.8064,0.80612,0.8063,988,19,0
2025-11-10 04:00:00,0.8063,0.80651,0.80596,0.80604,814,19,0
2025-11-10 04:30:00,0.80603,0.80623,0.80589,0.80601,644,19,0
2025-11-10 05:00:00,0.80602,0.80646,0.80597,0.80642,625,19,0
2025-11-10 05:30:00,0.80641,0.80663,0.8063,0.80632,882,19,0
2025-11-10 06:00:00,0.8063,0.8064,0.80602,0.80619,878,19,0
2025-11-10 06:30:00,0.8062,0.80624,0.80592,0.806,1013,19,0
2025-11-10 07:00:00,0.80599,0.80631,0.80588,0.80597,1011,19,0
2025-11-10 07:30:00,0.80596,0.80596,0.80561,0.80588,969,19,0
2025-11-10 08:00:00,0.80589,0.80606,0.80575,0.80585,1256,19,0
2025-11-10 08:30:00,0.80586,0.80686,0.80581,0.80665,996,19,0
2025-11-10 09:00:00,0.80669,0.80671,0.80571,0.80574,1203,19,0
2025-11-10 09:30:00,0.80572,0.80584,0.80491,0.80556,1503,19,0
2025-11-10 10:00:00,0.80557,0.80591,0.80488,0.80528,1743,19,0
2025-11-10 10:30:00,0.80527,0.80561,0.80466,0.80558,1645,19,0
2025-11-10 11:00:00,0.80557,0.80612,0.80536,0.80537,1685,19,0
2025-11-10 11:30:00,0.80538,0.8059,0.80526,0.80582,1302,19,0
2025-11-10 12:00:00,0.80583,0.80592,0.80512,0.80555,1213,19,0
2025-11-10 12:30:00,0.80555,0.80617,0.80553,0.80612,1024,19,0
2025-11-10 13:00:00,0.80611,0.80645,0.8059,0.80604,1048,19,0
2025-11-10 13:30:00,0.80605,0.80606,0.80568,0.80577,798,19,0
2025-11-10 14:00:00,0.80575,0.80584,0.80501,0.80516,859,20,0
2025-11-10 14:30:00,0.80515,0.8057,0.80497,0.80538,822,18,0
2025-11-10 15:00:00,0.80537,0.80543,0.80458,0.8048,907,18,0
2025-11-10 15:30:00,0.80479,0.80507,0.80458,0.80464,909,18,0
2025-11-10 16:00:00,0.80465,0.80506,0.80464,0.80494,817,18,0
2025-11-10 16:30:00,0.80497,0.80562,0.80466,0.805,1243,19,0
2025-11-10 17:00:00,0.80499,0.80554,0.80488,0.80552,1226,18,0
2025-11-10 17:30:00,0.80554,0.80666,0.80552,0.80632,1392,18,0
2025-11-10 18:00:00,0.80633,0.80648,0.80567,0.80595,1135,18,0
2025-11-10 18:30:00,0.80597,0.80635,0.80559,0.80619,892,18,0
2025-11-10 19:00:00,0.80618,0.80635,0.80525,0.80538,1018,19,0
2025-11-10 19:30:00,0.80539,0.80551,0.80463,0.80469,477,19,0
2025-11-10 20:00:00,0.80468,0.80481,0.80434,0.80473,426,20,0
2025-11-10 20:30:00,0.80474,0.8048,0.80458,0.80467,310,19,0
2025-11-10 21:00:00,0.80466,0.80471,0.80433,0.80455,286,19,0
2025-11-10 21:30:00,0.80454,0.80477,0.80448,0.80468,388,19,0
2025-11-10 22:00:00,0.80467,0.80478,0.80459,0.80465,321,19,0
2025-11-10 22:30:00,0.80466,0.80472,0.80451,0.80453,225,19,0
2025-11-10 23:00:00,0.80454,0.8047,0.80453,0.80468,156,19,0
2025-11-10 23:30:00,0.80469,0.80516,0.80448,0.80452,970,22,0
2025-11-11 00:00:00,0.80453,0.80613,0.80432,0.80459,98,89,0
2025-11-11 00:30:00,0.80458,0.8051,0.80457,0.80467,307,84,0
2025-11-11 01:00:00,0.8045,0.80506,0.8045,0.80498,697,23,0
2025-11-11 01:30:00,0.80495,0.80509,0.80482,0.80508,354,23,0
2025-11-11 02:00:00,0.80509,0.80519,0.8049,0.80515,734,23,0
2025-11-11 02:30:00,0.80516,0.80568,0.80509,0.80564,650,23,0
2025-11-11 03:00:00,0.80566,0.80606,0.80556,0.80573,765,23,0
2025-11-11 03:30:00,0.80573,0.80577,0.80511,0.80513,626,23,0
2025-11-11 04:00:00,0.80513,0.80513,0.80465,0.80479,604,23,0
2025-11-11 04:30:00,0.8048,0.80506,0.8048,0.80495,599,23,0
2025-11-11 05:00:00,0.80496,0.80496,0.80475,0.80479,458,23,0
2025-11-11 05:30:00,0.8048,0.80504,0.80479,0.80493,370,23,0
2025-11-11 06:00:00,0.80494,0.80494,0.80451,0.80467,455,23,0
2025-11-11 06:30:00,0.80467,0.80482,0.80446,0.8045,572,23,0
2025-11-11 07:00:00,0.80451,0.80453,0.80389,0.80406,561,23,0
2025-11-11 07:30:00,0.80407,0.80417,0.8039,0.80394,638,23,0
2025-11-11 08:00:00,0.80395,0.80422,0.80387,0.80416,435,23,0
2025-11-11 08:30:00,0.80415,0.80473,0.80414,0.80466,570,23,0
2025-11-11 09:00:00,0.80461,0.8049,0.80415,0.80436,910,23,0
2025-11-11 09:30:00,0.80438,0.80442,0.80334,0.80334,1254,23,0
2025-11-11 10:00:00,0.80333,0.80395,0.80313,0.80356,1574,23,0
2025-11-11 10:30:00,0.80357,0.8039,0.80327,0.80384,1238,23,0
2025-11-11 11:00:00,0.80385,0.80392,0.80304,0.80304,1341,23,0
2025-11-11 11:30:00,0.80303,0.80317,0.80243,0.80315,917,23,0
2025-11-11 12:00:00,0.80314,0.80323,0.80227,0.80253,992,23,0
2025-11-11 12:30:00,0.80255,0.80259,0.80189,0.80195,1010,23,0
2025-11-11 13:00:00,0.80197,0.80199,0.80124,0.80176,1116,23,0
2025-11-11 13:30:00,0.80177,0.80196,0.80157,0.80177,955,23,0
2025-11-11 14:00:00,0.80176,0.80188,0.80137,0.80162,711,19,0
2025-11-11 14:30:00,0.80161,0.8019,0.80144,0.8018,670,18,0
2025-11-11 15:00:00,0.80179,0.80179,0.79953,0.79987,1784,22,0
2025-11-11 15:30:00,0.79988,0.7999,0.79889,0.79929,2172,19,0
2025-11-11 16:00:00,0.79928,0.79971,0.7985,0.79883,1478,18,0
2025-11-11 16:30:00,0.79881,0.79953,0.7986,0.79945,1380,18,0
2025-11-11 17:00:00,0.79947,0.80005,0.79905,0.7991,1595,18,0
2025-11-11 17:30:00,0.79911,0.80003,0.79911,0.79963,1185,18,0
2025-11-11 18:00:00,0.79963,0.79989,0.79953,0.79974,1162,18,0
2025-11-11 18:30:00,0.79975,0.7998,0.79933,0.79956,780,18,0
2025-11-11 19:00:00,0.79954,0.7999,0.79947,0.79961,426,19,0
2025-11-11 19:30:00,0.7996,0.7998,0.79945,0.79975,332,19,0
2025-11-11 20:00:00,0.79976,0.79988,0.7996,0.79983,386,19,0
2025-11-11 20:30:00,0.79985,0.80016,0.7998,0.79995,311,19,0
2025-11-11 21:00:00,0.79996,0.80031,0.79992,0.8001,449,19,0
2025-11-11 21:30:00,0.80009,0.80043,0.79989,0.80031,369,19,0
2025-11-11 22:00:00,0.80032,0.80044,0.80002,0.80021,438,19,0
2025-11-11 22:30:00,0.8002,0.80028,0.79956,0.80026,472,19,0
2025-11-11 23:00:00,0.80025,0.80037,0.79998,0.80006,334,19,0
2025-11-11 23:30:00,0.80005,0.80052,0.79972,0.79978,453,25,0
2025-11-12 00:00:00,0.79983,0.80057,0.79921,0.80022,253,84,0
2025-11-12 00:30:00,0.80023,0.8006,0.79951,0.79995,1059,84,0
2025-11-12 01:00:00,0.79973,0.80049,0.79973,0.80049,326,19,0
2025-11-12 01:30:00,0.80048,0.80048,0.80025,0.80027,323,19,0
2025-11-12 02:00:00,0.80025,0.80051,0.80017,0.80038,609,19,0
2025-11-12 02:30:00,0.80039,0.80084,0.80028,0.80081,924,19,0
2025-11-12 03:00:00,0.80082,0.80087,0.8005,0.80077,872,19,0
2025-11-12 03:30:00,0.80077,0.80088,0.80064,0.80082,620,19,0
2025-11-12 04:00:00,0.8008,0.8008,0.80065,0.80069,494,19,0
2025-11-12 04:30:00,0.80069,0.80083,0.8006,0.80067,429,19,0
2025-11-12 05:00:00,0.80066,0.8008,0.80028,0.80034,394,19,0
2025-11-12 05:30:00,0.80035,0.8006,0.80035,0.80054,326,19,0
2025-11-12 06:00:00,0.80055,0.80089,0.8005,0.80065,534,19,0
2025-11-12 06:30:00,0.80064,0.80107,0.80056,0.80084,742,19,0
2025-11-12 07:00:00,0.80084,0.80087,0.80017,0.80043,762,19,0
2025-11-12 07:30:00,0.80043,0.80066,0.80034,0.80059,651,19,0
2025-11-12 08:00:00,0.80061,0.80089,0.80042,0.80057,528,19,0
2025-11-12 08:30:00,0.80056,0.80065,0.80018,0.8002,378,19,0
2025-11-12 09:00:00,0.80018,0.80018,0.79951,0.79976,752,19,0
2025-11-12 09:30:00,0.79974,0.80031,0.79964,0.79964,865,19,0
2025-11-12 10:00:00,0.79961,0.80001,0.79901,0.79912,1280,19,0
2025-11-12 10:30:00,0.79913,0.79927,0.79861,0.79919,1307,19,0
2025-11-12 11:00:00,0.7992,0.79956,0.79887,0.79931,1442,19,0
2025-11-12 11:30:00,0.79932,0.79975,0.7988,0.79916,1359,19,0
2025-11-12 12:00:00,0.79914,0.79956,0.79885,0.79942,1140,19,0
2025-11-12 12:30:00,0.79941,0.79944,0.79891,0.79936,900,19,0
2025-11-12 13:00:00,0.79937,0.79952,0.79901,0.79904,828,19,0
2025-11-12 13:30:00,0.79901,0.79931,0.79868,0.7987,930,19,0
2025-11-12 14:00:00,0.79869,0.79899,0.79856,0.79884,914,19,0
2025-11-12 14:30:00,0.79885,0.79918,0.79863,0.79877,1096,20,0
2025-11-12 15:00:00,0.79872,0.7993,0.79864,0.7993,1246,18,0
2025-11-12 15:30:00,0.79929,0.79949,0.79834,0.79836,1048,18,0
2025-11-12 16:00:00,0.79834,0.79897,0.79809,0.79878,1369,19,0
2025-11-12 16:30:00,0.79877,0.7988,0.79799,0.79822,1558,20,0
2025-11-12 17:00:00,0.79823,0.79834,0.79705,0.79754,1569,18,0
2025-11-12 17:30:00,0.79755,0.79775,0.79672,0.79703,1416,18,0
2025-11-12 18:00:00,0.79704,0.79742,0.79665,0.79733,1231,18,0
2025-11-12 18:30:00,0.79734,0.79744,0.79685,0.79711,879,18,0
2025-11-12 19:00:00,0.7971,0.79711,0.79671,0.79699,714,19,0
2025-11-12 19:30:00,0.79701,0.79718,0.7968,0.79692,483,19,0
2025-11-12 20:00:00,0.79693,0.79726,0.79693,0.79717,444,19,0
2025-11-12 20:30:00,0.79716,0.7974,0.79706,0.7974,299,19,0
2025-11-12 21:00:00,0.79743,0.79769,0.79732,0.79757,331,20,0
2025-11-12 21:30:00,0.79757,0.79778,0.79752,0.7977,390,19,0
2025-11-12 22:00:00,0.79773,0.79781,0.79753,0.79772,236,19,0
2025-11-12 22:30:00,0.79773,0.7979,0.79764,0.79777,295,19,0
2025-11-12 23:00:00,0.79779,0.79813,0.79777,0.79811,309,22,0
2025-11-12 23:30:00,0.79812,0.79817,0.79715,0.79721,371,23,0
2025-11-13 00:00:00,0.79701,0.79744,0.79691,0.79711,53,84,0
2025-11-13 00:30:00,0.7971,0.79752,0.79694,0.79733,815,84,0
2025-11-13 01:00:00,0.79723,0.79763,0.79688,0.79755,569,19,0
2025-11-13 01:30:00,0.79754,0.79785,0.79754,0.79776,367,19,0
2025-11-13 02:00:00,0.79775,0.79805,0.79771,0.79783,578,19,0
2025-11-13 02:30:00,0.7978,0.79841,0.79775,0.79831,1194,19,0
2025-11-13 03:00:00,0.79832,0.79861,0.79828,0.79844,1019,19,0
2025-11-13 03:30:00,0.79843,0.79846,0.79797,0.79805,754,19,0
2025-11-13 04:00:00,0.79802,0.7986,0.79777,0.79854,688,19,0
2025-11-13 04:30:00,0.79855,0.79866,0.79837,0.79839,429,19,0
2025-11-13 05:00:00,0.79839,0.7987,0.79813,0.7987,630,19,0
2025-11-13 05:30:00,0.79869,0.79876,0.79843,0.79845,519,19,0
2025-11-13 06:00:00,0.79844,0.79854,0.79813,0.79843,626,19,0
2025-11-13 06:30:00,0.79844,0.79865,0.7984,0.79843,357,19,0
2025-11-13 07:00:00,0.79839,0.79888,0.79838,0.79886,519,19,0
2025-11-13 07:30:00,0.79888,0.79931,0.79871,0.79919,548,19,0
2025-11-13 08:00:00,0.7992,0.79924,0.79887,0.79912,674,19,0
2025-11-13 08:30:00,0.79911,0.79923,0.79881,0.79881,683,18,0
2025-11-13 09:00:00,0.7988,0.79891,0.79818,0.79819,832,19,0
2025-11-13 09:30:00,0.79818,0.79827,0.79624,0.79631,1448,19,0
2025-11-13 10:00:00,0.79631,0.79633,0.79524,0.79551,1356,19,0
2025-11-13 10:30:00,0.79552,0.79575,0.79423,0.7943,1717,19,0
2025-11-13 11:00:00,0.79432,0.79482,0.79419,0.79458,1856,19,0
2025-11-13 11:30:00,0.79456,0.79584,0.79432,0.79538,1519,19,0
2025-11-13 12:00:00,0.79537,0.79566,0.7948,0.79513,1180,19,0
2025-11-13 12:30:00,0.79513,0.79556,0.79511,0.79538,913,19,0
2025-11-13 13:00:00,0.79537,0.79581,0.79518,0.79552,1060,19,0
2025-11-13 13:30:00,0.79552,0.796,0.79505,0.79582,1338,19,0
2025-11-13 14:00:00,0.79581,0.79581,0.79544,0.79552,1015,18,0
2025-11-13 14:30:00,0.79553,0.79554,0.79486,0.79506,1236,18,0
2025-11-13 15:00:00,0.79505,0.79571,0.79489,0.79567,1042,18,0
2025-11-13 15:30:00,0.79568,0.79606,0.79547,0.79568,1233,18,0
2025-11-13 16:00:00,0.79567,0.79578,0.79534,0.79551,1133,18,0
2025-11-13 16:30:00,0.7955,0.7955,0.79441,0.79481,1876,20,0
2025-11-13 17:00:00,0.79482,0.79507,0.79393,0.79396,1754,18,0
2025-11-13 17:30:00,0.79394,0.79394,0.79235,0.79265,1918,18,0
2025-11-13 18:00:00,0.79264,0.79284,0.79195,0.79195,1745,18,0
2025-11-13 18:30:00,0.79196,0.79198,0.79148,0.79161,1374,17,0
2025-11-13 19:00:00,0.7916,0.79177,0.79094,0.7911,889,19,0
2025-11-13 19:30:00,0.79109,0.79173,0.79082,0.79112,1124,20,0
2025-11-13 20:00:00,0.79111,0.79157,0.79076,0.79125,986,19,0
2025-11-13 20:30:00,0.79126,0.79208,0.79126,0.79197,832,19,0
2025-11-13 21:00:00,0.79198,0.79224,0.79185,0.79222,497,19,0
2025-11-13 21:30:00,0.79223,0.79261,0.792,0.79259,574,19,0
2025-11-13 22:00:00,0.7926,0.79291,0.79232,0.79254,509,19,0
2025-11-13 22:30:00,0.79252,0.79292,0.79234,0.7929,492,19,0
2025-11-13 23:00:00,0.79291,0.79315,0.79291,0.79298,307,22,0
2025-11-13 23:30:00,0.79297,0.79301,0.79238,0.7924,746,23,0
2025-11-14 00:00:00,0.79182,0.79257,0.79182,0.79219,145,84,0
2025-11-14 00:30:00,0.7922,0.79249,0.79168,0.7921,1253,84,0
2025-11-14 01:00:00,0.79237,0.7935,0.79201,0.79336,1139,19,0
2025-11-14 01:30:00,0.79335,0.79349,0.79306,0.79316,692,19,0
2025-11-14 02:00:00,0.79317,0.7934,0.79298,0.7931,872,19,0
2025-11-14 02:30:00,0.79309,0.79341,0.79278,0.79281,1241,19,0
2025-11-14 03:00:00,0.7928,0.7932,0.79261,0.79286,1145,19,0
2025-11-14 03:30:00,0.79289,0.79314,0.79267,0.79305,1031,19,0
2025-11-14 04:00:00,0.79306,0.79349,0.79263,0.79275,839,19,0
2025-11-14 04:30:00,0.79274,0.79298,0.79249,0.79263,734,19,0
2025-11-14 05:00:00,0.79261,0.79262,0.79222,0.79222,588,19,0
2025-11-14 05:30:00,0.79225,0.79235,0.79188,0.79231,752,19,0
2025-11-14 06:00:00,0.7923,0.79235,0.7918,0.79191,654,19,0
2025-11-14 06:30:00,0.7919,0.79223,0.7918,0.79185,460,19,0
2025-11-14 07:00:00,0.79184,0.79211,0.79168,0.79201,644,19,0
2025-11-14 07:30:00,0.79201,0.79221,0.79171,0.79178,621,19,0
2025-11-14 08:00:00,0.79178,0.79216,0.79155,0.79214,624,19,0
2025-11-14 08:30:00,0.79215,0.79223,0.79162,0.79196,780,19,0
2025-11-14 09:00:00,0.79194,0.79194,0.79093,0.79128,1247,19,0
2025-11-14 09:30:00,0.79131,0.7917,0.79089,0.79146,1542,19,0
2025-11-14 10:00:00,0.79143,0.79185,0.79013,0.79067,2285,19,0
2025-11-14 10:30:00,0.79066,0.79135,0.79005,0.79134,1866,19,0
2025-11-14 11:00:00,0.79135,0.79195,0.79132,0.79176,1413,19,0
2025-11-14 11:30:00,0.79177,0.79225,0.79142,0.79209,1037,19,0
2025-11-14 12:00:00,0.7921,0.79254,0.79209,0.79241,994,19,0
2025-11-14 12:30:00,0.79243,0.79251,0.79186,0.79244,947,19,0
2025-11-14 13:00:00,0.79243,0.79249,0.79179,0.79196,1213,19,0
2025-11-14 13:30:00,0.79193,0.792,0.79128,0.79131,1259,19,0
2025-11-14 14:00:00,0.7913,0.79149,0.78952,0.78963,1767,18,0
2025-11-14 14:30:00,0.78964,0.78968,0.78826,0.78828,1977,18,0
2025-11-14 15:00:00,0.78827,0.78911,0.7877,0.78863,1940,18,0
2025-11-14 15:30:00,0.78865,0.78978,0.78826,0.78946,2506,18,0
2025-11-14 16:00:00,0.78945,0.79024,0.7893,0.78964,1882,18,0
2025-11-14 16:30:00,0.78965,0.7916,0.78906,0.79158,2383,18,0
2025-11-14 17:00:00,0.79159,0.7929,0.79152,0.79281,2489,18,0
2025-11-14 17:30:00,0.79282,0.79384,0.79207,0.79323,1927,18,0
2025-11-14 18:00:00,0.79324,0.79332,0.79245,0.79316,1084,18,0
2025-11-14 18:30:00,0.79317,0.79337,0.79279,0.79329,1206,18,0
2025-11-14 19:00:00,0.79328,0.7944,0.79315,0.79438,890,19,0
2025-11-14 19:30:00,0.79439,0.79473,0.7939,0.79393,581,19,0
2025-11-14 20:00:00,0.79392,0.79413,0.79381,0.79397,579,19,0
2025-11-14 20:30:00,0.79396,0.79399,0.79367,0.79381,608,19,0
2025-11-14 21:00:00,0.7938,0.794,0.79366,0.79391,549,19,0
2025-11-14 21:30:00,0.79392,0.79403,0.79373,0.79388,423,19,0
2025-11-14 22:00:00,0.7939,0.79405,0.79369,0.79385,526,19,0
2025-11-14 22:30:00,0.79384,0.79403,0.79367,0.79385,430,19,0
2025-11-14 23:00:00,0.79386,0.79407,0.7938,0.79394,321,22,0
2025-11-14 23:30:00,0.79395,0.79423,0.79349,0.79353,930,23,0
2025-11-17 00:00:00,0.79353,0.79395,0.79334,0.79345,100,120,0
2025-11-17 00:30:00,0.79346,0.79358,0.79322,0.79327,133,98,0
2025-11-17 01:00:00,0.79329,0.79398,0.79324,0.79384,999,19,0
2025-11-17 01:30:00,0.79383,0.79444,0.79376,0.79423,564,19,0
2025-11-17 02:00:00,0.79421,0.79451,0.79412,0.79442,981,19,0
2025-11-17 02:30:00,0.79441,0.79464,0.79436,0.79442,860,19,0
2025-11-17 03:00:00,0.79443,0.79453,0.79402,0.79433,892,19,0
2025-11-17 03:30:00,0.79434,0.79447,0.7942,0.7944,587,19,0
2025-11-17 04:00:00,0.7944,0.79483,0.79432,0.79466,776,19,0
2025-11-17 04:30:00,0.79465,0.79505,0.79465,0.79501,553,19,0
2025-11-17 05:00:00,0.79502,0.79536,0.79502,0.79524,439,19,0
2025-11-17 05:30:00,0.79524,0.79545,0.79518,0.79525,481,19,0
2025-11-17 06:00:00,0.79526,0.79542,0.79519,0.79522,379,19,0
2025-11-17 06:30:00,0.79521,0.79521,0.79469,0.79474,855,19,0
2025-11-17 07:00:00,0.79473,0.79476,0.79441,0.79463,594,19,0
2025-11-17 07:30:00,0.79464,0.79493,0.79459,0.79484,873,19,0
2025-11-17 08:00:00,0.79485,0.79539,0.79485,0.79495,566,19,0
2025-11-17 08:30:00,0.79494,0.79497,0.79417,0.79438,567,19,0
2025-11-17 09:00:00,0.79439,0.79445,0.7939,0.79395,772,19,0
2025-11-17 09:30:00,0.79396,0.79407,0.79319,0.79324,1069,19,0
2025-11-17 10:00:00,0.79323,0.79447,0.79308,0.79436,1268,19,0
2025-11-17 10:30:00,0.79435,0.79498,0.79413,0.79462,1528,19,0
2025-11-17 11:00:00,0.79463,0.79507,0.79455,0.79469,1073,19,0
2025-11-17 11:30:00,0.79465,0.79468,0.79392,0.79426,1031,19,0
2025-11-17 12:00:00,0.79425,0.79471,0.7942,0.79455,1014,19,0
2025-11-17 12:30:00,0.79455,0.79561,0.79454,0.79551,1036,19,0
2025-11-17 13:00:00,0.79552,0.79582,0.79525,0.79529,1059,19,0
2025-11-17 13:30:00,0.79528,0.7955,0.79511,0.79524,995,19,0
2025-11-17 14:00:00,0.79524,0.79533,0.79498,0.79508,1019,18,0
2025-11-17 14:30:00,0.79507,0.79562,0.79491,0.7953,1192,18,0
2025-11-17 15:00:00,0.7953,0.79569,0.7952,0.79561,1227,17,0
2025-11-17 15:30:00,0.79563,0.79603,0.79538,0.79576,1489,18,0
2025-11-17 16:00:00,0.79578,0.7958,0.79533,0.79546,1018,18,0
2025-11-17 16:30:00,0.79546,0.79614,0.79518,0.79545,1991,18,0
2025-11-17 17:00:00,0.79544,0.79588,0.7951,0.79537,1811,18,0
2025-11-17 17:30:00,0.79539,0.79588,0.79532,0.79538,1543,18,0
2025-11-17 18:00:00,0.79537,0.79543,0.79506,0.79542,1351,18,0
2025-11-17 18:30:00,0.79541,0.79554,0.79517,0.79549,1128,18,0
2025-11-17 19:00:00,0.79548,0.79552,0.79522,0.79542,447,20,0
2025-11-17 19:30:00,0.7954,0.79578,0.79537,0.79558,527,19,0
2025-11-17 20:00:00,0.79554,0.79601,0.79552,0.79586,518,19,0
2025-11-17 20:30:00,0.79587,0.79592,0.79565,0.79578,408,19,0
2025-11-17 21:00:00,0.79579,0.79584,0.79558,0.79572,328,19,0
2025-11-17 21:30:00,0.79571,0.79646,0.79571,0.7964,594,22,0
2025-11-17 22:00:00,0.79639,0.79647,0.7962,0.79622,472,19,0
2025-11-17 22:30:00,0.79621,0.79647,0.79612,0.79643,438,19,0
2025-11-17 23:00:00,0.79644,0.79646,0.79601,0.79611,267,21,0
2025-11-17 23:30:00,0.7961,0.7961,0.79551,0.79567,530,24,0
2025-11-18 00:00:00,0.79535,0.79562,0.79501,0.79523,139,84,0
2025-11-18 00:30:00,0.79514,0.79569,0.79513,0.7956,346,84,0
2025-11-18 01:00:00,0.79521,0.79609,0.79502,0.79597,761,19,0
2025-11-18 01:30:00,0.79599,0.79618,0.79599,0.79616,314,19,0
2025-11-18 02:00:00,0.79616,0.79655,0.79605,0.79608,933,19,0
2025-11-18 02:30:00,0.79608,0.7962,0.79587,0.796,606,19,0
2025-11-18 03:00:00,0.79599,0.79633,0.79589,0.79592,758,19,0
2025-11-18 03:30:00,0.79591,0.79607,0.79587,0.79598,517,19,0
2025-11-18 04:00:00,0.79598,0.79625,0.79589,0.79595,488,19,0
2025-11-18 04:30:00,0.79596,0.79603,0.79577,0.79578,473,19,0
2025-11-18 05:00:00,0.79577,0.7958,0.79536,0.79551,832,19,0
2025-11-18 05:30:00,0.7955,0.79557,0.79529,0.7953,897,19,0
2025-11-18 06:00:00,0.79531,0.79551,0.7939,0.7941,1520,19,0
2025-11-18 06:30:00,0.79409,0.79468,0.79391,0.79423,942,19,0
2025-11-18 07:00:00,0.79422,0.7946,0.79401,0.79445,567,19,0
2025-11-18 07:30:00,0.79445,0.79454,0.79424,0.79447,588,19,0
2025-11-18 08:00:00,0.79448,0.79477,0.79424,0.79437,533,19,0
2025-11-18 08:30:00,0.79435,0.79438,0.79379,0.79417,1126,19,0
2025-11-18 09:00:00,0.79419,0.7944,0.79367,0.79437,1266,19,0
2025-11-18 09:30:00,0.79436,0.79501,0.79422,0.79498,1472,19,0
2025-11-18 10:00:00,0.79499,0.79507,0.79411,0.79469,1595,19,0
2025-11-18 10:30:00,0.79472,0.79536,0.79467,0.7952,1656,19,0
2025-11-18 11:00:00,0.7952,0.79588,0.79501,0.79552,1512,19,0
2025-11-18 11:30:00,0.79551,0.79629,0.79536,0.79628,1129,19,0
2025-11-18 12:00:00,0.79627,0.79676,0.79614,0.79671,1105,19,0
2025-11-18 12:30:00,0.79671,0.79744,0.79663,0.79738,956,19,0
2025-11-18 13:00:00,0.79737,0.79738,0.79696,0.79712,773,19,0
2025-11-18 13:30:00,0.79713,0.79715,0.79665,0.79683,772,19,0
2025-11-18 14:00:00,0.79681,0.79687,0.79615,0.79667,961,18,0
2025-11-18 14:30:00,0.79666,0.79676,0.79612,0.79622,1054,18,0
2025-11-18 15:00:00,0.79621,0.79665,0.79546,0.79574,1356,18,0
2025-11-18 15:30:00,0.79575,0.79644,0.79541,0.79636,1981,18,0
2025-11-18 16:00:00,0.79635,0.79645,0.79603,0.79641,1182,18,0
2025-11-18 16:30:00,0.79638,0.79705,0.79626,0.79656,1952,19,0
2025-11-18 17:00:00,0.79657,0.79738,0.79628,0.7967,2185,18,0
2025-11-18 17:30:00,0.79668,0.79844,0.79648,0.79844,2160,18,0
2025-11-18 18:00:00,0.79845,0.79976,0.79839,0.79958,2197,18,0
2025-11-18 18:30:00,0.79959,0.79988,0.79936,0.79953,1275,18,0
2025-11-18 19:00:00,0.79952,0.79997,0.79926,0.79944,981,19,0
2025-11-18 19:30:00,0.79945,0.79977,0.79913,0.79968,871,19,0
2025-11-18 20:00:00,0.7997,0.79972,0.79903,0.79904,796,19,0
2025-11-18 20:30:00,0.79905,0.79928,0.79856,0.79883,682,19,0
2025-11-18 21:00:00,0.79884,0.79894,0.79852,0.79864,507,19,0
2025-11-18 21:30:00,0.79865,0.79908,0.79865,0.79904,550,19,0
2025-11-18 22:00:00,0.79903,0.79951,0.79897,0.7995,453,19,0
2025-11-18 22:30:00,0.79951,0.7997,0.79946,0.79962,433,19,0
2025-11-18 23:00:00,0.79963,0.7998,0.79953,0.79971,341,21,0
2025-11-18 23:30:00,0.79972,0.79985,0.79916,0.79916,515,23,0
2025-11-19 00:00:00,0.79884,0.79917,0.79845,0.79897,113,84,0
2025-11-19 00:30:00,0.79899,0.79928,0.79896,0.79906,192,84,0
2025-11-19 01:00:00,0.79906,0.80014,0.79895,0.79992,944,19,0
2025-11-19 01:30:00,0.7999,0.80026,0.7999,0.80014,280,19,0
2025-11-19 02:00:00,0.80013,0.80019,0.79938,0.79945,784,19,0
2025-11-19 02:30:00,0.79946,0.79984,0.79937,0.79977,1004,19,0
2025-11-19 03:00:00,0.79978,0.80028,0.79967,0.80015,1050,19,0
2025-11-19 03:30:00,0.80016,0.80033,0.79988,0.8003,843,19,0
2025-11-19 04:00:00,0.80029,0.8009,0.80026,0.80047,771,19,0
2025-11-19 04:30:00,0.80045,0.80046,0.80009,0.80024,540,19,0
2025-11-19 05:00:00,0.80023,0.80029,0.79993,0.80005,799,19,0
2025-11-19 05:30:00,0.80004,0.80019,0.79973,0.79985,801,19,0
2025-11-19 06:00:00,0.79984,0.80049,0.79972,0.80036,725,19,0
2025-11-19 06:30:00,0.80036,0.80037,0.79998,0.79999,641,19,0
2025-11-19 07:00:00,0.79998,0.8,0.79975,0.79977,642,19,0
2025-11-19 07:30:00,0.79978,0.79979,0.79845,0.79918,870,19,0
2025-11-19 08:00:00,0.79917,0.79954,0.79913,0.79923,620,19,0
2025-11-19 08:30:00,0.79921,0.7996,0.79911,0.79958,793,18,0
2025-11-19 09:00:00,0.79959,0.79994,0.79942,0.7995,904,18,0
2025-11-19 09:30:00,0.79951,0.79963,0.79873,0.79925,1327,19,0
2025-11-19 10:00:00,0.79926,0.79957,0.79888,0.79956,1417,19,0
2025-11-19 10:30:00,0.79957,0.80017,0.79957,0.80007,1013,19,0
2025-11-19 11:00:00,0.80006,0.80047,0.79964,0.80034,1048,19,0
2025-11-19 11:30:00,0.80036,0.80143,0.80026,0.80127,1761,19,0
2025-11-19 12:00:00,0.80126,0.80281,0.80109,0.80266,1617,19,0
2025-11-19 12:30:00,0.80265,0.80292,0.80198,0.80289,1826,19,0
2025-11-19 13:00:00,0.8029,0.80296,0.80165,0.80166,1440,19,0
2025-11-19 13:30:00,0.80165,0.80175,0.80115,0.80159,1521,19,0
2025-11-19 14:00:00,0.80152,0.80198,0.80102,0.80188,1114,18,0
2025-11-19 14:30:00,0.80189,0.80211,0.8015,0.80191,1064,18,0
2025-11-19 15:00:00,0.80192,0.80198,0.80077,0.80148,1193,18,0
2025-11-19 15:30:00,0.80147,0.8026,0.80146,0.8024,1202,18,0
2025-11-19 16:00:00,0.80243,0.80295,0.80216,0.80265,1500,18,0
2025-11-19 16:30:00,0.80267,0.8037,0.8021,0.80354,2101,18,0
2025-11-19 17:00:00,0.80359,0.80472,0.80348,0.80469,2051,17,0
2025-11-19 17:30:00,0.8047,0.80498,0.80417,0.80443,2001,17,0
2025-11-19 18:00:00,0.80444,0.80531,0.80432,0.80517,1971,18,0
2025-11-19 18:30:00,0.80519,0.80534,0.80443,0.80452,1560,18,0
2025-11-19 19:00:00,0.8045,0.80545,0.80425,0.80538,1121,19,0
2025-11-19 19:30:00,0.80539,0.80542,0.8046,0.80465,1193,19,0
2025-11-19 20:00:00,0.80464,0.8052,0.80462,0.8049,731,19,0
2025-11-19 20:30:00,0.80489,0.80535,0.80442,0.80523,731,19,0
2025-11-19 21:00:00,0.80522,0.8061,0.80507,0.80583,1350,19,0
2025-11-19 21:30:00,0.80584,0.80661,0.80553,0.80632,877,20,0
2025-11-19 22:00:00,0.80633,0.80638,0.80571,0.80583,706,19,0
2025-11-19 22:30:00,0.80584,0.80598,0.8057,0.80596,623,19,0
2025-11-19 23:00:00,0.80597,0.80652,0.80597,0.80619,504,20,0
2025-11-19 23:30:00,0.8062,0.80627,0.80507,0.80507,682,24,0
2025-11-20 00:00:00,0.80496,0.80507,0.80367,0.80504,345,84,0
2025-11-20 00:30:00,0.80503,0.80517,0.80469,0.80501,406,84,0
2025-11-20 01:00:00,0.80536,0.80554,0.80496,0.80518,663,19,0
2025-11-20 01:30:00,0.8052,0.80555,0.8052,0.80534,535,19,0
2025-11-20 02:00:00,0.80535,0.80605,0.8053,0.80593,881,19,0
2025-11-20 02:30:00,0.80593,0.80596,0.80526,0.80531,1201,19,0
2025-11-20 03:00:00,0.8053,0.8059,0.80514,0.80573,791,19,0
2025-11-20 03:30:00,0.80572,0.80619,0.80543,0.80616,1131,19,0
2025-11-20 04:00:00,0.8062,0.80669,0.80613,0.80645,1033,19,0
2025-11-20 04:30:00,0.80645,0.80667,0.80623,0.80649,686,19,0
2025-11-20 05:00:00,0.8065,0.80681,0.80634,0.80668,758,19,0
2025-11-20 05:30:00,0.80669,0.80716,0.80657,0.80694,765,19,0
2025-11-20 06:00:00,0.80695,0.80697,0.80648,0.80654,664,19,0
2025-11-20 06:30:00,0.80654,0.80658,0.80633,0.80655,661,19,0
2025-11-20 07:00:00,0.80656,0.80698,0.80655,0.80664,822,19,0
2025-11-20 07:30:00,0.80665,0.8068,0.80626,0.80669,738,19,0
2025-11-20 08:00:00,0.80669,0.80691,0.80608,0.80608,933,19,0
2025-11-20 08:30:00,0.80609,0.80647,0.80586,0.80629,900,19,0
2025-11-20 09:00:00,0.80635,0.80678,0.80608,0.80641,1033,19,0
2025-11-20 09:30:00,0.80641,0.8065,0.80596,0.80603,1331,19,0
2025-11-20 10:00:00,0.80602,0.80674,0.80593,0.80628,1464,19,0
2025-11-20 10:30:00,0.80627,0.8064,0.80561,0.80592,1290,19,0
2025-11-20 11:00:00,0.80592,0.80606,0.80555,0.80566,1379,19,0
2025-11-20 11:30:00,0.80565,0.80586,0.8054,0.80545,1264,19,0
2025-11-20 12:00:00,0.80541,0.8061,0.80537,0.80606,1130,19,0
2025-11-20 12:30:00,0.80607,0.80651,0.8059,0.8063,884,19,0
2025-11-20 13:00:00,0.80631,0.80704,0.80631,0.80697,1047,19,0
2025-11-20 13:30:00,0.80698,0.80716,0.80661,0.80714,1065,19,0
2025-11-20 14:00:00,0.80717,0.80758,0.80708,0.80752,797,18,0
2025-11-20 14:30:00,0.8075,0.80758,0.80712,0.80739,894,18,0
2025-11-20 15:00:00,0.8074,0.80752,0.80669,0.80673,1188,18,0
2025-11-20 15:30:00,0.8067,0.8076,0.80514,0.80639,5368,19,0
2025-11-20 16:00:00,0.80638,0.80727,0.80564,0.80568,2914,18,0
2025-11-20 16:30:00,0.80567,0.80632,0.80515,0.80631,2493,19,0
2025-11-20 17:00:00,0.80632,0.80729,0.80623,0.80675,1572,18,0
2025-11-20 17:30:00,0.80676,0.80743,0.80642,0.80643,1713,19,0
2025-11-20 18:00:00,0.80644,0.80646,0.80489,0.80528,2101,18,0
2025-11-20 18:30:00,0.8053,0.80625,0.80494,0.80534,1973,18,0
2025-11-20 19:00:00,0.80533,0.80582,0.80479,0.80535,2137,20,0
2025-11-20 19:30:00,0.80531,0.80595,0.80512,0.80557,1547,19,0
2025-11-20 20:00:00,0.80558,0.80619,0.80552,0.80586,1129,19,0
2025-11-20 20:30:00,0.80585,0.80586,0.80507,0.8052,714,19,0
2025-11-20 21:00:00,0.80521,0.80535,0.80478,0.80507,696,20,0
2025-11-20 21:30:00,0.80508,0.80535,0.80494,0.80526,505,19,0
2025-11-20 22:00:00,0.80525,0.80591,0.80514,0.80589,477,19,0
2025-11-20 22:30:00,0.8059,0.80603,0.80569,0.80598,414,19,0
2025-11-20 23:00:00,0.80599,0.8063,0.80588,0.80621,363,21,0
2025-11-20 23:30:00,0.80622,0.80625,0.80531,0.80534,498,23,0
2025-11-21 00:00:00,0.80535,0.80541,0.8044,0.80539,57,84,0
2025-11-21 00:30:00,0.80539,0.80571,0.80523,0.80544,573,84,0
2025-11-21 01:00:00,0.80553,0.80596,0.80541,0.80587,1007,19,0
2025-11-21 01:30:00,0.80587,0.80589,0.80524,0.80547,904,19,0
2025-11-21 02:00:00,0.80546,0.80604,0.80544,0.80572,957,19,0
2025-11-21 02:30:00,0.80571,0.80577,0.80491,0.805,1192,19,0
2025-11-21 03:00:00,0.80502,0.80531,0.80464,0.80515,1049,19,0
2025-11-21 03:30:00,0.80516,0.80546,0.80499,0.80539,1004,19,0
2025-11-21 04:00:00,0.80538,0.80538,0.80467,0.8048,867,19,0
2025-11-21 04:30:00,0.8048,0.80512,0.80465,0.80482,649,19,0
2025-11-21 05:00:00,0.80481,0.80491,0.8045,0.80457,716,19,0
2025-11-21 05:30:00,0.80457,0.80481,0.80456,0.80467,576,19,0
2025-11-21 06:00:00,0.80467,0.80469,0.80408,0.8044,908,19,0
2025-11-21 06:30:00,0.80439,0.80448,0.80409,0.8044,625,19,0
2025-11-21 07:00:00,0.8044,0.80465,0.80414,0.80451,736,19,0
2025-11-21 07:30:00,0.8045,0.80471,0.80437,0.80454,830,19,0
2025-11-21 08:00:00,0.80453,0.80463,0.80382,0.80389,971,19,0
2025-11-21 08:30:00,0.80387,0.80461,0.80387,0.8045,693,18,0
2025-11-21 09:00:00,0.80449,0.80473,0.80388,0.80446,955,18,0
2025-11-21 09:30:00,0.80447,0.80452,0.80346,0.80412,1932,19,0
2025-11-21 10:00:00,0.80411,0.80442,0.80356,0.80382,2205,19,0
2025-11-21 10:30:00,0.80386,0.80544,0.80386,0.8053,1916,19,0
2025-11-21 11:00:00,0.80531,0.80556,0.8048,0.80501,1350,19,0
2025-11-21 11:30:00,0.80507,0.8054,0.80465,0.80537,1673,19,0
2025-11-21 12:00:00,0.80536,0.806,0.80487,0.80596,2045,19,0
2025-11-21 12:30:00,0.80596,0.80601,0.80531,0.80546,1614,19,0
2025-11-21 13:00:00,0.80545,0.80682,0.80536,0.80614,1392,19,0
2025-11-21 13:30:00,0.80612,0.80712,0.80607,0.80712,1247,19,0
2025-11-21 14:00:00,0.80714,0.80715,0.80663,0.80698,1522,18,0
2025-11-21 14:30:00,0.80699,0.80704,0.80553,0.80584,3281,18,0
2025-11-21 15:00:00,0.8059,0.80683,0.80589,0.80653,1673,18,0
2025-11-21 15:30:00,0.80654,0.80695,0.80621,0.80671,1465,18,0
2025-11-21 16:00:00,0.8067,0.80786,0.80646,0.80785,1688,18,0
2025-11-21 16:30:00,0.80786,0.80799,0.80649,0.807,2225,18,0
2025-11-21 17:00:00,0.80701,0.80741,0.80614,0.80719,2494,18,0
2025-11-21 17:30:00,0.80718,0.80859,0.8071,0.80853,2100,18,0
2025-11-21 18:00:00,0.80852,0.80948,0.80845,0.80916,2059,18,0
2025-11-21 18:30:00,0.80917,0.80978,0.80863,0.80872,1632,18,0
2025-11-21 19:00:00,0.80872,0.80887,0.808,0.80873,1149,19,0
2025-11-21 19:30:00,0.80872,0.80894,0.80831,0.80831,989,19,0
2025-11-21 20:00:00,0.80832,0.80898,0.80821,0.80871,835,19,0
2025-11-21 20:30:00,0.8087,0.80885,0.80834,0.80862,775,19,0
2025-11-21 21:00:00,0.80861,0.80864,0.80802,0.80806,457,19,0
2025-11-21 21:30:00,0.80808,0.80811,0.80743,0.80767,532,19,0
2025-11-21 22:00:00,0.80768,0.8081,0.80756,0.80786,592,19,0
2025-11-21 22:30:00,0.80784,0.80818,0.80747,0.80759,540,19,0
2025-11-21 23:00:00,0.8076,0.80789,0.80744,0.80787,508,19,0
2025-11-21 23:30:00,0.80788,0.80835,0.80786,0.80829,592,19,0
2025-11-24 00:00:00,0.80816,0.8083,0.80733,0.80798,212,50,0
2025-11-24 00:30:00,0.80799,0.80838,0.80786,0.80808,442,50,0
2025-11-24 01:00:00,0.80803,0.80889,0.80799,0.80876,708,19,0
2025-11-24 01:30:00,0.80879,0.80887,0.80859,0.80859,665,19,0
2025-11-24 02:00:00,0.80858,0.80863,0.80825,0.8085,704,19,0
2025-11-24 02:30:00,0.80854,0.80887,0.80846,0.80846,766,19,0
2025-11-24 03:00:00,0.80846,0.80912,0.80831,0.80882,864,19,0
2025-11-24 03:30:00,0.80879,0.80882,0.80824,0.80868,670,19,0
2025-11-24 04:00:00,0.80869,0.80876,0.8084,0.80853,642,19,0
2025-11-24 04:30:00,0.80853,0.80868,0.80828,0.80859,670,19,0
2025-11-24 05:00:00,0.80859,0.80867,0.8083,0.80848,586,19,0
2025-11-24 05:30:00,0.80846,0.80846,0.80818,0.80842,412,19,0
2025-11-24 06:00:00,0.80843,0.80848,0.80821,0.80835,596,19,0
2025-11-24 06:30:00,0.80835,0.80838,0.80809,0.80823,397,19,0
2025-11-24 07:00:00,0.80825,0.80825,0.80787,0.80805,917,19,0
2025-11-24 07:30:00,0.80802,0.80813,0.80786,0.80813,675,19,0
2025-11-24 08:00:00,0.80814,0.80837,0.8078,0.80837,514,19,0
2025-11-24 08:30:00,0.80837,0.80867,0.80821,0.80855,518,19,0
2025-11-24 09:00:00,0.80858,0.80887,0.80828,0.80854,948,19,0
2025-11-24 09:30:00,0.80855,0.80993,0.80846,0.80989,1203,19,0
2025-11-24 10:00:00,0.80988,0.81008,0.80795,0.80816,1836,19,0
2025-11-24 10:30:00,0.80812,0.80853,0.8076,0.80784,1842,19,0
2025-11-24 11:00:00,0.80783,0.80799,0.80695,0.80747,1491,19,0
2025-11-24 11:30:00,0.80745,0.8075,0.80689,0.80712,1291,19,0
2025-11-24 12:00:00,0.80713,0.80715,0.80635,0.80641,1414,19,0
2025-11-24 12:30:00,0.80642,0.80666,0.80615,0.80618,955,19,0
2025-11-24 13:00:00,0.80617,0.80674,0.80596,0.80649,844,19,0
2025-11-24 13:30:00,0.8065,0.80707,0.8064,0.80694,958,19,0
2025-11-24 14:00:00,0.80695,0.80719,0.80678,0.80698,793,19,0
2025-11-24 14:30:00,0.80699,0.80743,0.80684,0.80733,1008,18,0
2025-11-24 15:00:00,0.80732,0.80761,0.80714,0.80743,1051,18,0
2025-11-24 15:30:00,0.80744,0.80761,0.80714,0.80738,569,18,0
2025-11-24 16:00:00,0.80739,0.80777,0.80715,0.80771,1097,18,0
2025-11-24 16:30:00,0.80772,0.80797,0.80698,0.80769,1542,19,0
2025-11-24 17:00:00,0.80768,0.80864,0.80768,0.80824,1492,18,0
2025-11-24 17:30:00,0.80825,0.80858,0.80753,0.80758,1371,18,0
2025-11-24 18:00:00,0.80759,0.80826,0.80741,0.80822,768,18,0
2025-11-24 18:30:00,0.80823,0.80828,0.80762,0.80775,245,18,0
2025-11-24 19:00:00,0.80897,0.8091,0.80872,0.80892,280,19,0
2025-11-24 19:30:00,0.80893,0.80907,0.80836,0.80846,766,19,0
2025-11-24 20:00:00,0.80846,0.80855,0.80799,0.80802,617,19,0
2025-11-24 20:30:00,0.80799,0.80802,0.80756,0.80761,673,19,0
2025-11-24 21:00:00,0.80762,0.80805,0.80758,0.80786,559,19,0
2025-11-24 21:30:00,0.80787,0.80798,0.80751,0.80757,588,19,0
2025-11-24 22:00:00,0.80756,0.80798,0.80752,0.80796,615,19,0
2025-11-24 22:30:00,0.80798,0.8082,0.80785,0.8082,506,19,0
2025-11-24 23:00:00,0.80819,0.80824,0.80807,0.80813,338,19,0
2025-11-24 23:30:00,0.80813,0.80827,0.80799,0.80827,401,19,0
2025-11-25 00:00:00,0.80847,0.8085,0.80811,0.8082,106,50,0
2025-11-25 00:30:00,0.80817,0.80829,0.80804,0.80811,287,50,0
2025-11-25 01:00:00,0.80814,0.80843,0.80809,0.80828,836,19,0
2025-11-25 01:30:00,0.80826,0.80856,0.80824,0.80845,478,19,0
2025-11-25 02:00:00,0.80845,0.80855,0.80823,0.80849,657,19,0
2025-11-25 02:30:00,0.8085,0.80858,0.80803,0.80804,842,19,0
2025-11-25 03:00:00,0.80805,0.80837,0.80788,0.80816,912,19,0
2025-11-25 03:30:00,0.80815,0.80829,0.80788,0.80815,869,19,0
2025-11-25 04:00:00,0.80816,0.80834,0.80807,0.80828,592,19,0
2025-11-25 04:30:00,0.80827,0.80865,0.80827,0.80844,533,19,0
2025-11-25 05:00:00,0.80843,0.80881,0.80831,0.80879,571,19,0
2025-11-25 05:30:00,0.80878,0.80879,0.80854,0.80873,869,19,0
2025-11-25 06:00:00,0.80873,0.80903,0.80872,0.80897,531,19,0
2025-11-25 06:30:00,0.80898,0.8092,0.80873,0.80917,447,19,0
2025-11-25 07:00:00,0.80918,0.80918,0.80892,0.80899,525,19,0
2025-11-25 07:30:00,0.80899,0.80922,0.80869,0.80878,557,19,0
2025-11-25 08:00:00,0.80879,0.80917,0.80876,0.80897,550,19,0
2025-11-25 08:30:00,0.80897,0.80935,0.80884,0.80901,530,19,0
2025-11-25 09:00:00,0.80902,0.80915,0.8086,0.80878,852,19,0
2025-11-25 09:30:00,0.80877,0.80922,0.80852,0.80896,1207,19,0
2025-11-25 10:00:00,0.80897,0.8093,0.80866,0.80902,1163,19,0
2025-11-25 10:30:00,0.80904,0.80923,0.80872,0.80912,1108,19,0
2025-11-25 11:00:00,0.80911,0.80914,0.80849,0.80871,1035,19,0
2025-11-25 11:30:00,0.80871,0.80945,0.80848,0.80939,1083,19,0
2025-11-25 12:00:00,0.80941,0.80987,0.80932,0.80978,871,19,0
2025-11-25 12:30:00,0.80977,0.8101,0.80961,0.80964,785,19,0
2025-11-25 13:00:00,0.80965,0.81005,0.80965,0.80994,724,19,0
2025-11-25 13:30:00,0.80993,0.8101,0.80981,0.81008,683,19,0
2025-11-25 14:00:00,0.81009,0.81009,0.8096,0.80973,735,18,0
2025-11-25 14:30:00,0.80975,0.80978,0.80895,0.80908,2045,18,0
2025-11-25 15:00:00,0.80907,0.80925,0.80817,0.80872,1818,18,0
2025-11-25 15:30:00,0.80868,0.80941,0.80812,0.80834,2120,18,0
2025-11-25 16:00:00,0.80835,0.80893,0.8079,0.80874,1656,18,0
2025-11-25 16:30:00,0.80873,0.80882,0.80695,0.80739,2057,18,0
2025-11-25 17:00:00,0.80734,0.80736,0.806,0.80624,2434,19,0
2025-11-25 17:30:00,0.80627,0.80775,0.80569,0.80771,1972,18,0
2025-11-25 18:00:00,0.80772,0.80787,0.80737,0.80782,1192,18,0
2025-11-25 18:30:00,0.8078,0.80911,0.80777,0.80901,1203,18,0
2025-11-25 19:00:00,0.80902,0.80908,0.80694,0.8074,2647,18,0
2025-11-25 19:30:00,0.80741,0.80747,0.80641,0.80645,1228,19,0
2025-11-25 20:00:00,0.80644,0.80675,0.80618,0.80665,1544,19,0
2025-11-25 20:30:00,0.80666,0.80668,0.80623,0.80655,781,19,0
2025-11-25 21:00:00,0.80656,0.80689,0.80647,0.80683,654,19,0
2025-11-25 21:30:00,0.80681,0.80682,0.80617,0.80631,779,19,0
2025-11-25 22:00:00,0.80633,0.80739,0.80627,0.80739,820,19,0
2025-11-25 22:30:00,0.8074,0.80804,0.80734,0.80744,917,19,0
2025-11-25 23:00:00,0.80743,0.80758,0.80728,0.80743,488,19,0
2025-11-25 23:30:00,0.80744,0.8076,0.80697,0.80699,395,23,0
2025-11-26 00:00:00,0.80701,0.80731,0.80667,0.80676,153,84,0
2025-11-26 00:30:00,0.80674,0.807,0.80671,0.80693,203,84,0
2025-11-26 01:00:00,0.80688,0.80761,0.80687,0.80751,740,19,0
2025-11-26 01:30:00,0.80752,0.80798,0.80749,0.80785,570,19,0
2025-11-26 02:00:00,0.80785,0.80806,0.80744,0.80744,791,19,0
2025-11-26 02:30:00,0.80745,0.8079,0.80717,0.80743,1431,23,0
2025-11-26 03:00:00,0.80744,0.80775,0.80718,0.80747,1470,19,0
2025-11-26 03:30:00,0.80747,0.80747,0.80638,0.80691,1846,19,0
2025-11-26 04:00:00,0.80692,0.80712,0.80615,0.80615,1497,19,0
2025-11-26 04:30:00,0.80615,0.80646,0.80601,0.80635,1032,19,0
2025-11-26 05:00:00,0.80636,0.80639,0.80569,0.80569,865,19,0
2025-11-26 05:30:00,0.80568,0.80568,0.80526,0.80552,780,19,0
2025-11-26 06:00:00,0.80553,0.8061,0.80544,0.8061,773,19,0
2025-11-26 06:30:00,0.80609,0.80613,0.80578,0.80596,639,19,0
2025-11-26 07:00:00,0.80595,0.80604,0.80559,0.8056,715,19,0
2025-11-26 07:30:00,0.80561,0.80566,0.80421,0.80443,1124,19,0
2025-11-26 08:00:00,0.80445,0.8051,0.8042,0.80422,1206,19,0
2025-11-26 08:30:00,0.80421,0.80525,0.80408,0.80498,1109,19,0
2025-11-26 09:00:00,0.80495,0.8054,0.80468,0.80539,1214,19,0
2025-11-26 09:30:00,0.8054,0.80595,0.80498,0.80576,1628,19,0
2025-11-26 10:00:00,0.80574,0.8061,0.80553,0.8058,1467,19,0
2025-11-26 10:30:00,0.80579,0.8065,0.80556,0.80616,1509,19,0
2025-11-26 11:00:00,0.80617,0.80644,0.80586,0.8061,1302,19,0
2025-11-26 11:30:00,0.80611,0.8066,0.80577,0.80647,1317,19,0
2025-11-26 12:00:00,0.80644,0.80645,0.80597,0.80626,1213,19,0
2025-11-26 12:30:00,0.80627,0.80659,0.80606,0.80646,1251,19,0
2025-11-26 13:00:00,0.80647,0.80682,0.80625,0.8067,1088,19,0
2025-11-26 13:30:00,0.80669,0.8069,0.80588,0.80669,1812,19,0
2025-11-26 14:00:00,0.80669,0.80709,0.80634,0.80637,2305,18,0
2025-11-26 14:30:00,0.80636,0.80713,0.80615,0.80692,1711,18,0
2025-11-26 15:00:00,0.80689,0.80698,0.80602,0.80614,1875,18,0
2025-11-26 15:30:00,0.80614,0.80827,0.80614,0.80802,3604,19,0
2025-11-26 16:00:00,0.80801,0.80822,0.80748,0.80796,1660,18,0
2025-11-26 16:30:00,0.80797,0.80797,0.80656,0.80707,1782,18,0
2025-11-26 17:00:00,0.80709,0.80713,0.80574,0.8059,1914,17,0
2025-11-26 17:30:00,0.80591,0.80677,0.8055,0.80554,1972,18,0
2025-11-26 18:00:00,0.80553,0.80561,0.8045,0.8046,1560,18,0
2025-11-26 18:30:00,0.80459,0.80494,0.80447,0.80479,1369,18,0
2025-11-26 19:00:00,0.80478,0.80491,0.8045,0.8045,1146,19,0
2025-11-26 19:30:00,0.80451,0.80453,0.80405,0.80407,845,19,0
2025-11-26 20:00:00,0.80408,0.80422,0.80394,0.80417,776,19,0
2025-11-26 20:30:00,0.80417,0.80443,0.80407,0.80412,601,19,0
2025-11-26 21:00:00,0.80409,0.80442,0.804,0.80435,626,19,0
2025-11-26 21:30:00,0.80434,0.80434,0.80407,0.80416,665,19,0
2025-11-26 22:00:00,0.80417,0.80429,0.80377,0.80395,621,19,0
2025-11-26 22:30:00,0.80396,0.80434,0.80387,0.80428,686,19,0
2025-11-26 23:00:00,0.80427,0.80438,0.80416,0.80427,416,19,0
2025-11-26 23:30:00,0.80426,0.80428,0.8037,0.80373,530,23,0
2025-11-27 00:00:00,0.80375,0.80411,0.80371,0.80371,48,84,0
2025-11-27 00:30:00,0.80369,0.8041,0.80363,0.8041,134,84,0
2025-11-27 01:00:00,0.80413,0.80413,0.80361,0.80382,1247,19,0
2025-11-27 01:30:00,0.80382,0.80382,0.80332,0.80336,493,19,0
2025-11-27 02:00:00,0.80335,0.80344,0.80306,0.80321,712,19,0
2025-11-27 02:30:00,0.80321,0.8033,0.80286,0.80312,942,19,0
2025-11-27 03:00:00,0.80313,0.8034,0.80297,0.80307,1048,19,0
2025-11-27 03:30:00,0.80308,0.80322,0.80273,0.80284,1107,19,0
2025-11-27 04:00:00,0.80281,0.80307,0.80254,0.80297,890,19,0
2025-11-27 04:30:00,0.80295,0.80318,0.8026,0.80307,768,19,0
2025-11-27 05:00:00,0.80308,0.80339,0.80302,0.80336,796,19,0
2025-11-27 05:30:00,0.80335,0.80354,0.80331,0.80352,746,19,0
2025-11-27 06:00:00,0.80353,0.8036,0.80338,0.80346,750,19,0
2025-11-27 06:30:00,0.80345,0.80372,0.8034,0.8037,553,19,0
2025-11-27 07:00:00,0.8037,0.80373,0.80334,0.80344,634,19,0
2025-11-27 07:30:00,0.80342,0.80356,0.80319,0.80347,939,19,0
2025-11-27 08:00:00,0.80348,0.80404,0.80324,0.804,942,19,0
2025-11-27 08:30:00,0.804,0.80438,0.80393,0.80423,1009,19,0
2025-11-27 09:00:00,0.80421,0.80469,0.8042,0.80454,746,19,0
2025-11-27 09:30:00,0.80453,0.80483,0.80433,0.80461,803,19,0
2025-11-27 10:00:00,0.80454,0.80518,0.8045,0.80488,1317,19,0
2025-11-27 10:30:00,0.80487,0.80514,0.80465,0.80486,997,19,0
2025-11-27 11:00:00,0.8049,0.80554,0.80482,0.80549,1057,19,0
2025-11-27 11:30:00,0.80548,0.80561,0.80533,0.80553,764,19,0
2025-11-27 12:00:00,0.80555,0.80599,0.80549,0.80576,713,19,0
2025-11-27 12:30:00,0.80575,0.80584,0.80546,0.8057,656,19,0
2025-11-27 13:00:00,0.80571,0.80614,0.8055,0.80605,971,19,0
2025-11-27 13:30:00,0.80606,0.80606,0.80563,0.80581,596,19,0
2025-11-27 14:00:00,0.80582,0.80582,0.80552,0.80564,564,18,0
2025-11-27 14:30:00,0.80565,0.80592,0.80529,0.80579,777,18,0
2025-11-27 15:00:00,0.80578,0.80585,0.80538,0.80538,627,18,0
2025-11-27 15:30:00,0.80539,0.80547,0.80484,0.80491,917,19,0
2025-11-27 16:00:00,0.80492,0.80562,0.80484,0.8056,642,18,0
2025-11-27 16:30:00,0.80561,0.80586,0.80557,0.80564,536,18,0
2025-11-27 17:00:00,0.80566,0.80577,0.80517,0.80533,650,18,0
2025-11-27 17:30:00,0.80534,0.80555,0.80509,0.80512,587,18,0
2025-11-27 18:00:00,0.80513,0.80557,0.80464,0.80464,590,18,0
2025-11-27 18:30:00,0.80465,0.80491,0.80458,0.80468,266,18,0
2025-11-27 19:00:00,0.80469,0.80512,0.80453,0.80498,294,19,0
2025-11-27 19:30:00,0.80499,0.80509,0.8048,0.80481,281,19,0
2025-11-27 20:00:00,0.80476,0.80506,0.80467,0.80498,156,19,0
2025-11-27 20:30:00,0.80497,0.8051,0.80489,0.80505,199,19,0
2025-11-27 21:00:00,0.80506,0.80507,0.80491,0.80493,212,19,0
2025-11-27 21:30:00,0.80492,0.80494,0.8048,0.80486,260,19,0
2025-11-27 22:00:00,0.80485,0.80491,0.80483,0.80485,560,19,0
2025-11-27 22:30:00,0.80486,0.80493,0.80477,0.80491,781,19,0
2025-11-27 23:00:00,0.8049,0.8049,0.80463,0.80474,209,20,0
2025-11-27 23:30:00,0.80474,0.80474,0.80418,0.80418,251,23,0
2025-11-28 00:00:00,0.80422,0.80453,0.80402,0.80438,85,84,0
2025-11-28 00:30:00,0.80439,0.80482,0.80435,0.80451,102,84,0
2025-11-28 01:00:00,0.80434,0.80459,0.8042,0.80429,480,19,0
2025-11-28 01:30:00,0.80429,0.80456,0.80422,0.80449,318,19,0
2025-11-28 02:00:00,0.8045,0.80489,0.80447,0.80483,1229,19,0
2025-11-28 02:30:00,0.80484,0.80521,0.80465,0.80483,1336,19,0
2025-11-28 03:00:00,0.80482,0.80511,0.80461,0.80504,1539,19,0
2025-11-28 03:30:00,0.80505,0.80544,0.80501,0.80539,1471,19,0
2025-11-28 04:00:00,0.80538,0.80543,0.80495,0.80503,1583,19,0
2025-11-28 04:30:00,0.80504,0.80539,0.8049,0.80515,2847,19,0
2025-11-28 05:00:00,0.80516,0.80555,0.80474,0.8051,3367,19,0
2025-11-28 05:30:00,0.8051,0.80529,0.80475,0.8049,4507,19,0
2025-11-28 06:00:00,0.80489,0.80499,0.80458,0.80474,2568,19,0
2025-11-28 06:30:00,0.80476,0.80505,0.80469,0.80478,2793,20,0
2025-11-28 07:00:00,0.80479,0.80511,0.8045,0.80486,4079,19,0
2025-11-28 07:30:00,0.80487,0.80513,0.8044,0.80441,4772,19,0
2025-11-28 08:00:00,0.8044,0.80487,0.80429,0.80467,2376,19,0
2025-11-28 08:30:00,0.80468,0.80521,0.80452,0.80484,3694,19,0
2025-11-28 09:00:00,0.80485,0.80549,0.8048,0.80536,4460,19,0
2025-11-28 09:30:00,0.80537,0.80603,0.80515,0.80572,5116,19,0
2025-11-28 10:00:00,0.80571,0.80596,0.80524,0.80547,5979,18,0
2025-11-28 10:30:00,0.80549,0.80593,0.80527,0.80534,3794,18,0
2025-11-28 11:00:00,0.8053,0.80641,0.80524,0.80576,4403,18,0
2025-11-28 11:30:00,0.80577,0.80643,0.80558,0.80628,3836,18,0
2025-11-28 12:00:00,0.80627,0.80638,0.8057,0.80626,2976,18,0
2025-11-28 12:30:00,0.80628,0.80701,0.8062,0.80681,2756,18,0
2025-11-28 13:00:00,0.8068,0.80704,0.80659,0.8069,2533,18,0
2025-11-28 13:30:00,0.80689,0.80699,0.80577,0.8058,3060,18,0
2025-11-28 14:00:00,0.80579,0.80627,0.80534,0.8055,3903,18,0
2025-11-28 14:30:00,0.80552,0.80578,0.80529,0.80555,2611,18,0
2025-11-28 15:00:00,0.80554,0.80566,0.80538,0.80543,2835,17,0
2025-11-28 15:30:00,0.80544,0.80544,0.80432,0.80485,2508,17,0
2025-11-28 16:00:00,0.80486,0.80534,0.80414,0.80527,1952,18,0
2025-11-28 16:30:00,0.80528,0.80572,0.80456,0.80469,1518,18,0
2025-11-28 17:00:00,0.80468,0.80562,0.80468,0.805,1672,18,0
2025-11-28 17:30:00,0.80499,0.80505,0.80269,0.80269,2817,18,0
2025-11-28 18:00:00,0.80268,0.80382,0.80253,0.80372,1961,18,0
2025-11-28 18:30:00,0.80375,0.80383,0.80324,0.80357,695,18,0
2025-11-28 19:00:00,0.80355,0.80385,0.80343,0.80368,778,19,0
2025-11-28 19:30:00,0.80367,0.80371,0.80288,0.80301,767,19,0
2025-11-28 20:00:00,0.80304,0.80355,0.80304,0.8031,741,19,0
2025-11-28 20:30:00,0.80311,0.8036,0.80298,0.80313,636,19,0
2025-11-28 21:00:00,0.80312,0.8032,0.80303,0.80306,587,19,0
2025-11-28 21:30:00,0.80305,0.80341,0.80302,0.8034,1314,19,0
2025-11-28 22:00:00,0.80339,0.80344,0.80313,0.80317,1281,19,0
2025-11-28 22:30:00,0.80318,0.80341,0.80287,0.80316,883,19,0
2025-11-28 23:00:00,0.80318,0.80334,0.80287,0.80297,2338,19,0
2025-11-28 23:30:00,0.80291,0.80349,0.80283,0.80308,2189,24,0
2025-12-01 00:00:00,0.80361,0.80372,0.80342,0.80354,163,120,0
2025-12-01 00:30:00,0.80349,0.80368,0.80319,0.8032,1476,98,0
2025-12-01 01:00:00,0.80325,0.80366,0.80307,0.80352,1064,21,0
2025-12-01 01:30:00,0.8035,0.80376,0.80319,0.80328,580,20,0
2025-12-01 02:00:00,0.80327,0.80368,0.80316,0.80346,814,19,0
2025-12-01 02:30:00,0.80346,0.80347,0.80287,0.80323,854,19,0
2025-12-01 03:00:00,0.80323,0.80329,0.80232,0.80233,1714,19,0
2025-12-01 03:30:00,0.80232,0.80339,0.8023,0.80335,969,19,0
2025-12-01 04:00:00,0.80336,0.80388,0.80331,0.80376,763,19,0
2025-12-01 04:30:00,0.80376,0.80402,0.80365,0.80397,783,19,0
2025-12-01 05:00:00,0.80396,0.80434,0.80396,0.804,533,19,0
2025-12-01 05:30:00,0.80401,0.80421,0.80397,0.80405,407,19,0
2025-12-01 06:00:00,0.80406,0.80427,0.80385,0.80394,403,19,0
2025-12-01 06:30:00,0.80393,0.8041,0.8038,0.80404,462,19,0
2025-12-01 07:00:00,0.80406,0.8042,0.80383,0.80394,610,19,0
2025-12-01 07:30:00,0.80393,0.80441,0.80384,0.80432,677,19,0
2025-12-01 08:00:00,0.80433,0.80463,0.80417,0.80444,732,19,0
2025-12-01 08:30:00,0.80442,0.80462,0.80428,0.80433,810,19,0
2025-12-01 09:00:00,0.80431,0.80434,0.80341,0.80388,1175,19,0
2025-12-01 09:30:00,0.80387,0.80388,0.80295,0.80337,1068,19,0
2025-12-01 10:00:00,0.80338,0.80366,0.802,0.80255,1557,19,0
2025-12-01 10:30:00,0.80261,0.80347,0.80249,0.80284,1738,19,0
2025-12-01 11:00:00,0.80283,0.80295,0.80241,0.80246,1325,19,0
2025-12-01 11:30:00,0.80247,0.80276,0.80228,0.80276,1104,19,0
2025-12-01 12:00:00,0.80279,0.80325,0.80258,0.80276,1030,19,0
2025-12-01 12:30:00,0.80275,0.80343,0.80261,0.80274,922,19,0
2025-12-01 13:00:00,0.80275,0.80292,0.80249,0.80257,901,19,0
2025-12-01 13:30:00,0.80258,0.80267,0.80225,0.80232,737,19,0
2025-12-01 14:00:00,0.80231,0.80249,0.80185,0.80188,888,19,0
2025-12-01 14:30:00,0.80187,0.80211,0.79988,0.80007,1142,20,0
2025-12-01 15:00:00,0.80006,0.80089,0.79952,0.80078,1662,18,0
2025-12-01 15:30:00,0.80077,0.80103,0.80011,0.80066,1447,18,0
2025-12-01 16:00:00,0.80067,0.80176,0.80066,0.80157,1655,18,0
2025-12-01 16:30:00,0.80155,0.80255,0.80151,0.80212,1856,17,0
2025-12-01 17:00:00,0.80146,0.80243,0.80063,0.80219,1866,18,0
2025-12-01 17:30:00,0.8022,0.80321,0.80209,0.80223,1739,18,0
2025-12-01 18:00:00,0.80224,0.80291,0.80187,0.80276,1303,18,0
2025-12-01 18:30:00,0.80273,0.80352,0.80266,0.80339,1054,18,0
2025-12-01 19:00:00,0.80338,0.80354,0.80313,0.80314,831,19,0
2025-12-01 19:30:00,0.80315,0.80368,0.80287,0.80362,866,19,0
2025-12-01 20:00:00,0.80361,0.80399,0.80341,0.80384,949,19,0
2025-12-01 20:30:00,0.80386,0.80416,0.80378,0.80412,785,19,0
2025-12-01 21:00:00,0.80413,0.80445,0.80397,0.80435,704,19,0
2025-12-01 21:30:00,0.80436,0.80457,0.80422,0.80427,595,19,0
2025-12-01 22:00:00,0.80428,0.80444,0.80414,0.80444,586,19,0
2025-12-01 22:30:00,0.80445,0.80477,0.80436,0.80474,714,19,0
2025-12-01 23:00:00,0.80473,0.80479,0.80439,0.80453,455,21,0
2025-12-01 23:30:00,0.80452,0.80469,0.8041,0.8041,400,23,0
2025-12-02 00:00:00,0.8041,0.80414,0.80191,0.8036,33,84,0
2025-12-02 00:30:00,0.80361,0.80401,0.80361,0.8039,200,84,0
2025-12-02 01:00:00,0.80372,0.80459,0.80372,0.80458,310,21,0
2025-12-02 01:30:00,0.80459,0.80473,0.80459,0.80468,247,20,0
2025-12-02 02:00:00,0.80467,0.80483,0.80449,0.80477,445,19,0
2025-12-02 02:30:00,0.80476,0.80489,0.80471,0.80477,358,19,0
2025-12-02 03:00:00,0.80478,0.80491,0.80459,0.80475,521,19,0
2025-12-02 03:30:00,0.80474,0.80474,0.8042,0.80436,510,19,0
2025-12-02 04:00:00,0.80435,0.80457,0.80434,0.80445,297,19,0
2025-12-02 04:30:00,0.80446,0.80453,0.80429,0.80429,285,19,0
2025-12-02 05:00:00,0.80428,0.80446,0.80414,0.80434,326,19,0
2025-12-02 05:30:00,0.80433,0.80435,0.80395,0.80406,292,19,0
2025-12-02 06:00:00,0.80408,0.80426,0.80396,0.80425,233,19,0
2025-12-02 06:30:00,0.80426,0.80444,0.80416,0.80443,207,19,0
2025-12-02 07:00:00,0.80444,0.80471,0.80433,0.80452,276,19,0
2025-12-02 07:30:00,0.80453,0.80459,0.80435,0.80447,241,19,0
2025-12-02 08:00:00,0.80448,0.80481,0.80438,0.80473,329,19,0
2025-12-02 08:30:00,0.80473,0.80481,0.80434,0.80436,333,19,0
2025-12-02 09:00:00,0.80433,0.80439,0.80385,0.80414,613,19,0
2025-12-02 09:30:00,0.80415,0.80439,0.80393,0.80429,652,19,0
2025-12-02 10:00:00,0.80428,0.80445,0.80402,0.80415,671,19,0
2025-12-02 10:30:00,0.80413,0.80452,0.80404,0.80444,790,19,0
2025-12-02 11:00:00,0.80443,0.80509,0.80408,0.80456,824,19,0
2025-12-02 11:30:00,0.80455,0.80464,0.8039,0.80414,655,19,0
2025-12-02 12:00:00,0.80413,0.80521,0.80395,0.80477,881,19,0
2025-12-02 12:30:00,0.80474,0.80501,0.80448,0.80482,635,19,0
2025-12-02 13:00:00,0.80483,0.805,0.80454,0.8046,437,19,0
2025-12-02 13:30:00,0.80459,0.80471,0.80428,0.80437,482,19,0
2025-12-02 14:00:00,0.80436,0.80475,0.80425,0.80442,627,18,0
2025-12-02 14:30:00,0.80443,0.80455,0.80404,0.8042,608,18,0
2025-12-02 15:00:00,0.80419,0.80476,0.8041,0.80456,777,18,0
2025-12-02 15:30:00,0.80455,0.80485,0.8043,0.80436,786,18,0
2025-12-02 16:00:00,0.80435,0.80474,0.80408,0.80425,1203,18,0
2025-12-02 16:30:00,0.80426,0.80451,0.80403,0.80419,1360,19,0
2025-12-02 17:00:00,0.8042,0.80496,0.80419,0.80459,1333,18,0
2025-12-02 17:30:00,0.80455,0.80455,0.80293,0.80438,1528,18,0
2025-12-02 18:00:00,0.80439,0.80451,0.80405,0.80419,1176,18,0
2025-12-02 18:30:00,0.80418,0.80469,0.80392,0.80455,1095,18,0
2025-12-02 19:00:00,0.80456,0.80478,0.80423,0.80435,1019,19,0
2025-12-02 19:30:00,0.80435,0.80444,0.80385,0.80394,911,19,0
2025-12-02 20:00:00,0.80394,0.80404,0.80371,0.80401,744,19,0
2025-12-02 20:30:00,0.804,0.8044,0.80397,0.80398,760,19,0
2025-12-02 21:00:00,0.80397,0.80397,0.80341,0.80355,795,19,0
2025-12-02 21:30:00,0.80355,0.80369,0.80288,0.80313,786,19,0
2025-12-02 22:00:00,0.80314,0.80315,0.8026,0.80315,755,19,0
2025-12-02 22:30:00,0.80316,0.8032,0.8027,0.8029,608,19,0
2025-12-02 23:00:00,0.8029,0.80321,0.8029,0.80297,371,19,0
2025-12-02 23:30:00,0.80297,0.80312,0.80243,0.80251,357,23,0
2025-12-03 00:00:00,0.80254,0.80272,0.80251,0.80262,152,84,0
2025-12-03 00:30:00,0.80266,0.8028,0.80222,0.80227,383,84,0
2025-12-03 01:00:00,0.80232,0.803,0.80196,0.80292,343,21,0
2025-12-03 01:30:00,0.80288,0.80288,0.80255,0.80271,207,21,0
2025-12-03 02:00:00,0.8027,0.80276,0.80221,0.80233,370,19,0
2025-12-03 02:30:00,0.80234,0.80243,0.80205,0.80209,650,19,0
2025-12-03 03:00:00,0.80209,0.80214,0.80177,0.80194,668,19,0
2025-12-03 03:30:00,0.80195,0.80211,0.80192,0.80194,522,19,0
2025-12-03 04:00:00,0.80195,0.80215,0.80188,0.80201,413,19,0
2025-12-03 04:30:00,0.80204,0.80207,0.80183,0.80187,343,19,0
2025-12-03 05:00:00,0.80188,0.80202,0.80184,0.80196,182,19,0
2025-12-03 05:30:00,0.80197,0.80204,0.80177,0.80189,275,19,0
2025-12-03 06:00:00,0.80191,0.80213,0.80185,0.802,294,19,0
2025-12-03 06:30:00,0.80198,0.80201,0.80177,0.80184,271,19,0
2025-12-03 07:00:00,0.80186,0.80187,0.80174,0.80185,253,19,0
2025-12-03 07:30:00,0.80184,0.80191,0.80174,0.80188,294,19,0
2025-12-03 08:00:00,0.80187,0.80191,0.80131,0.80139,409,19,0
2025-12-03 08:30:00,0.8014,0.80185,0.80131,0.80157,463,19,0
2025-12-03 09:00:00,0.80153,0.80153,0.80068,0.80131,895,18,0
2025-12-03 09:30:00,0.80143,0.8026,0.80143,0.80211,1029,19,0
2025-12-03 10:00:00,0.80211,0.80235,0.80153,0.8017,1039,19,0
2025-12-03 10:30:00,0.80171,0.80186,0.80104,0.80118,968,19,0
2025-12-03 11:00:00,0.80116,0.80178,0.80103,0.80176,779,19,0
2025-12-03 11:30:00,0.80177,0.80187,0.80137,0.80174,912,19,0
2025-12-03 12:00:00,0.80173,0.80174,0.80072,0.80093,982,19,0
2025-12-03 12:30:00,0.80092,0.80099,0.80052,0.80075,825,19,0
2025-12-03 13:00:00,0.80074,0.80099,0.80011,0.80014,674,19,0
2025-12-03 13:30:00,0.80013,0.80031,0.80002,0.80004,712,19,0
2025-12-03 14:00:00,0.80003,0.80033,0.79993,0.79997,900,18,0
2025-12-03 14:30:00,0.79996,0.8004,0.7999,0.8003,845,18,0
2025-12-03 15:00:00,0.80029,0.80038,0.79928,0.79981,1617,17,0
2025-12-03 15:30:00,0.79982,0.80022,0.79962,0.80008,1451,19,0
2025-12-03 16:00:00,0.80007,0.80069,0.79951,0.80069,1587,18,0
2025-12-03 16:30:00,0.80069,0.80069,0.79987,0.80015,1483,17,0
2025-12-03 17:00:00,0.80023,0.80098,0.79995,0.80025,2107,17,0
2025-12-03 17:30:00,0.80024,0.80112,0.80008,0.80048,1824,18,0
2025-12-03 18:00:00,0.80049,0.80063,0.80021,0.80031,1257,18,0
2025-12-03 18:30:00,0.8003,0.80051,0.80018,0.80035,915,18,0
2025-12-03 19:00:00,0.80034,0.80047,0.80001,0.80002,656,19,0
2025-12-03 19:30:00,0.80001,0.8001,0.79924,0.7994,715,19,0
2025-12-03 20:00:00,0.7994,0.79956,0.79913,0.79944,832,19,0
2025-12-03 20:30:00,0.79942,0.79948,0.79909,0.79935,596,19,0
2025-12-03 21:00:00,0.79936,0.7994,0.79908,0.79922,462,19,0
2025-12-03 21:30:00,0.79923,0.79939,0.7992,0.79927,468,19,0
2025-12-03 22:00:00,0.79929,0.79946,0.79914,0.79944,397,19,0
2025-12-03 22:30:00,0.79945,0.79971,0.79938,0.79969,311,19,0
2025-12-03 23:00:00,0.79968,0.79981,0.79953,0.7996,269,19,0
2025-12-03 23:30:00,0.79961,0.79974,0.79909,0.79909,399,23,0
2025-12-04 00:00:00,0.79913,0.79936,0.79913,0.79931,138,84,0
2025-12-04 00:30:00,0.79926,0.79942,0.79909,0.79911,1223,84,0
2025-12-04 01:00:00,0.7992,0.7996,0.79896,0.7996,575,21,0
2025-12-04 01:30:00,0.79959,0.79991,0.7994,0.79969,399,21,0
2025-12-04 02:00:00,0.7997,0.80025,0.79962,0.80025,566,19,0
2025-12-04 02:30:00,0.80024,0.80028,0.79984,0.80005,526,19,0
2025-12-04 03:00:00,0.80006,0.80026,0.79981,0.80016,613,19,0
2025-12-04 03:30:00,0.80015,0.80035,0.79986,0.8,555,19,0
2025-12-04 04:00:00,0.79998,0.8003,0.79992,0.80022,546,19,0
2025-12-04 04:30:00,0.80021,0.80037,0.8001,0.80035,305,19,0
2025-12-04 05:00:00,0.80036,0.80072,0.80033,0.80068,423,19,0
2025-12-04 05:30:00,0.80067,0.80076,0.80047,0.80075,395,19,0
2025-12-04 06:00:00,0.80076,0.80078,0.80053,0.80055,301,19,0
2025-12-04 06:30:00,0.80055,0.80074,0.80052,0.80072,336,19,0
2025-12-04 07:00:00,0.80073,0.80094,0.80063,0.80084,384,19,0
2025-12-04 07:30:00,0.80084,0.80086,0.80043,0.80075,769,19,0
2025-12-04 08:00:00,0.80074,0.80131,0.80065,0.80125,526,19,0
2025-12-04 08:30:00,0.80124,0.8014,0.8007,0.80078,443,19,0
2025-12-04 09:00:00,0.80075,0.80126,0.80048,0.801,707,20,0
2025-12-04 09:30:00,0.80099,0.80111,0.80047,0.80056,704,20,0
2025-12-04 10:00:00,0.80058,0.80111,0.79963,0.79978,1313,20,0
2025-12-04 10:30:00,0.79971,0.80033,0.79965,0.80011,1088,19,0
2025-12-04 11:00:00,0.80012,0.80037,0.79974,0.8,872,19,0
2025-12-04 11:30:00,0.80001,0.80021,0.79951,0.79962,903,19,0
2025-12-04 12:00:00,0.79963,0.80062,0.79944,0.80045,846,19,0
2025-12-04 12:30:00,0.8005,0.80066,0.80026,0.80053,670,19,0
2025-12-04 13:00:00,0.80051,0.80059,0.79956,0.79976,928,19,0
2025-12-04 13:30:00,0.79975,0.79985,0.79953,0.79954,633,19,0
2025-12-04 14:00:00,0.79951,0.79993,0.7995,0.79966,780,18,0
2025-12-04 14:30:00,0.79967,0.80058,0.79965,0.80029,708,18,0
2025-12-04 15:00:00,0.8003,0.80071,0.8002,0.80035,943,17,0
2025-12-04 15:30:00,0.80027,0.80156,0.80027,0.8006,2065,18,0
2025-12-04 16:00:00,0.80057,0.80057,0.79952,0.79969,1293,18,0
2025-12-04 16:30:00,0.79968,0.80069,0.79953,0.8005,1378,19,0
2025-12-04 17:00:00,0.80051,0.80174,0.80023,0.80028,1390,18,0
2025-12-04 17:30:00,0.80026,0.80091,0.80023,0.80081,1190,18,0
2025-12-04 18:00:00,0.80082,0.80184,0.80081,0.80183,999,18,0
2025-12-04 18:30:00,0.80184,0.80223,0.80184,0.80209,1008,18,0
2025-12-04 19:00:00,0.80207,0.80246,0.80198,0.80225,758,19,0
2025-12-04 19:30:00,0.80225,0.8026,0.80216,0.80243,624,19,0
2025-12-04 20:00:00,0.80244,0.80283,0.8023,0.80244,578,19,0
2025-12-04 20:30:00,0.80245,0.80291,0.80222,0.8028,551,19,0
2025-12-04 21:00:00,0.80283,0.80303,0.80266,0.80295,473,19,0
2025-12-04 21:30:00,0.80293,0.80314,0.80282,0.80307,506,19,0
2025-12-04 22:00:00,0.80309,0.80351,0.80309,0.80347,595,19,0
2025-12-04 22:30:00,0.80348,0.80386,0.80337,0.80372,653,19,0
2025-12-04 23:00:00,0.80371,0.80382,0.80356,0.80366,320,20,0
2025-12-04 23:30:00,0.80367,0.8037,0.80263,0.80263,400,23,0
2025-12-05 00:00:00,0.80125,0.80323,0.80125,0.80282,92,84,0
2025-12-05 00:30:00,0.80279,0.80312,0.80224,0.80282,178,84,0
2025-12-05 01:00:00,0.80317,0.80374,0.80302,0.80364,242,21,0
2025-12-05 01:30:00,0.80365,0.80377,0.80363,0.80363,134,21,0
2025-12-05 02:00:00,0.80364,0.80374,0.80331,0.80341,377,20,0
2025-12-05 02:30:00,0.8034,0.8035,0.80318,0.80319,570,19,0
2025-12-05 03:00:00,0.80317,0.80336,0.80311,0.8033,599,19,0
2025-12-05 03:30:00,0.80329,0.8033,0.803,0.80309,526,19,0
2025-12-05 04:00:00,0.80307,0.80326,0.80298,0.80321,449,19,0
2025-12-05 04:30:00,0.80322,0.80322,0.80298,0.80312,250,19,0
2025-12-05 05:00:00,0.80313,0.80345,0.80313,0.80345,246,19,0
2025-12-05 05:30:00,0.80346,0.80358,0.80331,0.80341,255,19,0
2025-12-05 06:00:00,0.8034,0.8034,0.80302,0.80312,425,19,0
2025-12-05 06:30:00,0.80313,0.80324,0.80303,0.8031,501,19,0
2025-12-05 07:00:00,0.80311,0.80313,0.8028,0.80289,392,19,0
2025-12-05 07:30:00,0.80288,0.803,0.80256,0.80281,564,19,0
2025-12-05 08:00:00,0.8028,0.80296,0.80266,0.80274,556,19,0
2025-12-05 08:30:00,0.80276,0.8028,0.8023,0.80266,545,19,0
2025-12-05 09:00:00,0.80269,0.80273,0.80208,0.80225,786,20,0
2025-12-05 09:30:00,0.80224,0.80277,0.80179,0.80257,1041,19,0
2025-12-05 10:00:00,0.80256,0.8033,0.80241,0.80286,1202,19,0
2025-12-05 10:30:00,0.80285,0.80333,0.80272,0.80319,912,19,0
2025-12-05 11:00:00,0.8032,0.80342,0.80256,0.8029,891,19,0
2025-12-05 11:30:00,0.80289,0.80307,0.80257,0.80259,631,19,0
2025-12-05 12:00:00,0.8026,0.80337,0.80242,0.80337,639,19,0
2025-12-05 12:30:00,0.80336,0.8036,0.80275,0.80278,700,19,0
2025-12-05 13:00:00,0.80277,0.80335,0.80269,0.80333,541,19,0
2025-12-05 13:30:00,0.80332,0.80362,0.80312,0.80325,559,19,0
2025-12-05 14:00:00,0.80326,0.80358,0.80287,0.80343,841,18,0
2025-12-05 14:30:00,0.8034,0.804,0.80327,0.80376,928,19,0
2025-12-05 15:00:00,0.80374,0.80416,0.80316,0.80325,973,17,0
2025-12-05 15:30:00,0.80322,0.80343,0.80282,0.8034,1158,18,0
2025-12-05 16:00:00,0.80337,0.80346,0.80265,0.80332,1087,18,0
2025-12-05 16:30:00,0.80331,0.80393,0.80295,0.80342,1744,18,0
2025-12-05 17:00:00,0.80338,0.80413,0.80311,0.80335,1822,18,0
2025-12-05 17:30:00,0.80334,0.80449,0.8032,0.80409,1592,18,0
2025-12-05 18:00:00,0.80408,0.80543,0.80403,0.80516,1934,18,0
2025-12-05 18:30:00,0.80517,0.80533,0.80458,0.80498,1851,18,0
2025-12-05 19:00:00,0.80497,0.80518,0.80476,0.80505,806,19,0
2025-12-05 19:30:00,0.80504,0.80504,0.80461,0.80468,812,19,0
2025-12-05 20:00:00,0.80467,0.80478,0.80441,0.80468,646,19,0
2025-12-05 20:30:00,0.80468,0.80478,0.80453,0.80468,519,19,0
2025-12-05 21:00:00,0.80468,0.80484,0.80435,0.80441,482,19,0
2025-12-05 21:30:00,0.8044,0.80454,0.8042,0.80426,495,19,0
2025-12-05 22:00:00,0.80427,0.80446,0.80408,0.80427,463,19,0
2025-12-05 22:30:00,0.80426,0.80437,0.80408,0.80409,468,19,0
2025-12-05 23:00:00,0.80409,0.80438,0.80396,0.80438,388,21,0
2025-12-05 23:30:00,0.80439,0.80459,0.80394,0.80426,708,23,0
2025-12-08 00:00:00,0.80361,0.80394,0.8035,0.80371,1362,119,0
2025-12-08 00:30:00,0.80366,0.80394,0.8034,0.80363,1463,98,0
2025-12-08 01:00:00,0.80352,0.8049,0.80347,0.80475,2355,19,0
2025-12-08 01:30:00,0.80476,0.80483,0.80431,0.80472,964,19,0
2025-12-08 02:00:00,0.8047,0.80474,0.80406,0.80411,811,20,0
2025-12-08 02:30:00,0.8041,0.80413,0.80365,0.80365,609,20,0
2025-12-08 03:00:00,0.80364,0.8039,0.80359,0.80378,794,20,0
2025-12-08 03:30:00,0.8038,0.8038,0.80338,0.80346,630,19,0
2025-12-08 04:00:00,0.80347,0.80353,0.80331,0.80353,418,19,0
2025-12-08 04:30:00,0.80354,0.80374,0.80337,0.80343,497,19,0
2025-12-08 05:00:00,0.80341,0.80346,0.8032,0.80332,373,19,0
2025-12-08 05:30:00,0.80333,0.80354,0.80329,0.80353,335,19,0
2025-12-08 06:00:00,0.80355,0.80363,0.8033,0.80337,343,19,0
2025-12-08 06:30:00,0.80336,0.80343,0.80322,0.80328,209,19,0
2025-12-08 07:00:00,0.80327,0.80345,0.80324,0.80339,278,19,0
2025-12-08 07:30:00,0.8034,0.80345,0.80318,0.80331,307,19,0
2025-12-08 08:00:00,0.8033,0.8033,0.80269,0.8032,1000,19,0
2025-12-08 08:30:00,0.80324,0.8034,0.80311,0.80323,568,19,0
2025-12-08 09:00:00,0.80324,0.80346,0.80298,0.80344,655,20,0
2025-12-08 09:30:00,0.80345,0.80351,0.80296,0.8033,839,19,0
2025-12-08 10:00:00,0.80331,0.80407,0.80312,0.80403,1180,19,0
2025-12-08 10:30:00,0.80405,0.80429,0.80381,0.80398,918,19,0
2025-12-08 11:00:00,0.80399,0.80426,0.80378,0.80393,1064,19,0
2025-12-08 11:30:00,0.80391,0.80425,0.80374,0.8042,778,19,0
2025-12-08 12:00:00,0.80421,0.80449,0.80382,0.80441,809,20,0
2025-12-08 12:30:00,0.80442,0.80444,0.80395,0.80412,666,19,0
2025-12-08 13:00:00,0.80413,0.80466,0.8038,0.8046,892,19,0
2025-12-08 13:30:00,0.80459,0.80586,0.80457,0.80556,926,19,0
2025-12-08 14:00:00,0.80555,0.80573,0.80527,0.80556,1327,18,0
2025-12-08 14:30:00,0.80557,0.80584,0.80526,0.80531,848,18,0
2025-12-08 15:00:00,0.8053,0.80561,0.8052,0.80545,1216,18,0
2025-12-08 15:30:00,0.80544,0.80621,0.80542,0.80577,1131,18,0
2025-12-08 16:00:00,0.80573,0.80582,0.80525,0.80535,1349,18,0
2025-12-08 16:30:00,0.80536,0.80639,0.80526,0.80631,1728,19,0
2025-12-08 17:00:00,0.80632,0.80768,0.80629,0.80762,1836,19,0
2025-12-08 17:30:00,0.80763,0.80846,0.80752,0.80776,1820,18,0
2025-12-08 18:00:00,0.80777,0.80817,0.80746,0.80799,1792,18,0
2025-12-08 18:30:00,0.80798,0.80804,0.80725,0.80773,1312,18,0
2025-12-08 19:00:00,0.80773,0.80795,0.80738,0.80754,673,19,0
2025-12-08 19:30:00,0.80755,0.80774,0.80659,0.80659,807,19,0
2025-12-08 20:00:00,0.8066,0.80673,0.80643,0.80666,585,19,0
2025-12-08 20:30:00,0.80664,0.80676,0.80622,0.8066,569,19,0
2025-12-08 21:00:00,0.80661,0.80677,0.80628,0.80658,497,19,0
2025-12-08 21:30:00,0.80657,0.80671,0.80637,0.80662,546,19,0
2025-12-08 22:00:00,0.8066,0.80691,0.80648,0.80676,509,19,0
2025-12-08 22:30:00,0.80677,0.80688,0.8066,0.80685,423,19,0
2025-12-08 23:00:00,0.80686,0.80702,0.80672,0.80698,295,19,0
2025-12-08 23:30:00,0.80699,0.80709,0.80623,0.80624,422,23,0
2025-12-09 00:00:00,0.80625,0.80668,0.80625,0.80654,212,84,0
2025-12-09 00:30:00,0.80653,0.8067,0.80642,0.80649,128,84,0
2025-12-09 01:00:00,0.80653,0.80687,0.80639,0.80674,324,21,0
2025-12-09 01:30:00,0.80675,0.80677,0.80658,0.80658,241,21,0
2025-12-09 02:00:00,0.80659,0.80672,0.80642,0.80656,377,20,0
2025-12-09 02:30:00,0.80657,0.80676,0.80634,0.80663,550,20,0
2025-12-09 03:00:00,0.80662,0.80679,0.80646,0.80656,499,19,0
2025-12-09 03:30:00,0.80657,0.80662,0.80612,0.80615,473,19,0
2025-12-09 04:00:00,0.80616,0.80633,0.80605,0.80619,325,19,0
2025-12-09 04:30:00,0.80618,0.80636,0.80608,0.80608,712,19,0
2025-12-09 05:00:00,0.80607,0.80611,0.80594,0.80599,253,19,0
2025-12-09 05:30:00,0.80599,0.80618,0.80584,0.80606,440,19,0
2025-12-09 06:00:00,0.80605,0.80632,0.80598,0.80627,273,19,0
2025-12-09 06:30:00,0.80628,0.80654,0.80627,0.80634,498,19,0
2025-12-09 07:00:00,0.80633,0.80649,0.8059,0.80591,680,19,0
2025-12-09 07:30:00,0.80592,0.80616,0.8051,0.80537,792,19,0
2025-12-09 08:00:00,0.80539,0.80616,0.80538,0.80588,675,20,0
2025-12-09 08:30:00,0.80589,0.80608,0.80558,0.80595,742,20,0
2025-12-09 09:00:00,0.80594,0.80628,0.80569,0.80621,723,20,0
2025-12-09 09:30:00,0.80622,0.80637,0.80585,0.80623,924,19,0
2025-12-09 10:00:00,0.80624,0.80654,0.80558,0.80565,1042,19,0
2025-12-09 10:30:00,0.80562,0.80568,0.80514,0.80551,1132,20,0
2025-12-09 11:00:00,0.80553,0.80566,0.8049,0.80555,1294,19,0
2025-12-09 11:30:00,0.80556,0.80599,0.80524,0.80551,1029,19,0
2025-12-09 12:00:00,0.80553,0.8063,0.80538,0.80618,717,19,0
2025-12-09 12:30:00,0.80614,0.80659,0.80605,0.80629,893,19,0
2025-12-09 13:00:00,0.80628,0.80679,0.80628,0.80669,1103,19,0
2025-12-09 13:30:00,0.8067,0.80679,0.80613,0.80625,1079,19,0
2025-12-09 14:00:00,0.80628,0.80706,0.80616,0.80671,971,18,0
2025-12-09 14:30:00,0.8067,0.80681,0.80604,0.8064,1039,18,0
2025-12-09 15:00:00,0.80641,0.80655,0.80615,0.80646,1256,18,0
2025-12-09 15:30:00,0.80645,0.80676,0.80559,0.806,1523,18,0
2025-12-09 16:00:00,0.80601,0.80675,0.80593,0.8067,1269,18,0
2025-12-09 16:30:00,0.80668,0.80678,0.80583,0.80589,2161,17,0
2025-12-09 17:00:00,0.80588,0.80815,0.80554,0.80645,2788,18,0
2025-12-09 17:30:00,0.80646,0.80723,0.80616,0.80693,1692,18,0
2025-12-09 18:00:00,0.80691,0.80694,0.80586,0.80597,1140,18,0
2025-12-09 18:30:00,0.80596,0.80633,0.80586,0.80598,1118,18,0
2025-12-09 19:00:00,0.80597,0.80663,0.80579,0.80645,873,19,0
2025-12-09 19:30:00,0.80643,0.80649,0.80604,0.80628,659,19,0
2025-12-09 20:00:00,0.80629,0.80659,0.80614,0.80616,691,19,0
2025-12-09 20:30:00,0.80615,0.80656,0.80613,0.8063,507,19,0
2025-12-09 21:00:00,0.80629,0.80645,0.80606,0.8061,389,19,0
2025-12-09 21:30:00,0.80607,0.80617,0.80577,0.80578,479,19,0
2025-12-09 22:00:00,0.80582,0.80585,0.80553,0.80579,362,19,0
2025-12-09 22:30:00,0.8058,0.80598,0.80576,0.80591,323,19,0
2025-12-09 23:00:00,0.8059,0.806,0.80577,0.80595,411,21,0
2025-12-09 23:30:00,0.80593,0.80617,0.80576,0.80609,274,23,0
2025-12-10 00:00:00,0.8059,0.80643,0.80534,0.80597,187,84,0
2025-12-10 00:30:00,0.80595,0.8061,0.80574,0.80583,265,84,0
2025-12-10 01:00:00,0.80572,0.80629,0.80572,0.8061,356,21,0
2025-12-10 01:30:00,0.80609,0.80609,0.80589,0.80594,157,21,0
2025-12-10 02:00:00,0.80595,0.80613,0.80581,0.80613,489,20,0
2025-12-10 02:30:00,0.80612,0.80619,0.80585,0.80611,498,19,0
2025-12-10 03:00:00,0.8061,0.80625,0.8059,0.80622,479,19,0
2025-12-10 03:30:00,0.80623,0.80639,0.80612,0.80626,615,19,0
2025-12-10 04:00:00,0.80625,0.80629,0.80592,0.80601,417,19,0
2025-12-10 04:30:00,0.806,0.8063,0.80594,0.80624,253,19,0
2025-12-10 05:00:00,0.80625,0.80631,0.80599,0.80614,299,19,0
2025-12-10 05:30:00,0.80615,0.8062,0.80601,0.80601,198,19,0
2025-12-10 06:00:00,0.80599,0.80619,0.80593,0.80605,199,19,0
2025-12-10 06:30:00,0.80606,0.80609,0.80589,0.80605,190,19,0
2025-12-10 07:00:00,0.80607,0.80612,0.80598,0.80612,212,19,0
2025-12-10 07:30:00,0.80613,0.80616,0.80572,0.80595,244,19,0
2025-12-10 08:00:00,0.80596,0.80604,0.80571,0.80588,253,19,0
2025-12-10 08:30:00,0.80587,0.80598,0.80553,0.80554,277,19,0
2025-12-10 09:00:00,0.80552,0.80566,0.80533,0.80556,468,20,0
2025-12-10 09:30:00,0.80557,0.80575,0.80488,0.805,840,20,0
2025-12-10 10:00:00,0.80496,0.8051,0.80448,0.80454,1106,19,0
2025-12-10 10:30:00,0.80453,0.80464,0.8039,0.80409,937,19,0
2025-12-10 11:00:00,0.80408,0.80493,0.80404,0.80471,1152,19,0
2025-12-10 11:30:00,0.8047,0.80525,0.80465,0.8051,685,19,0
2025-12-10 12:00:00,0.80511,0.80544,0.80505,0.80516,649,19,0
2025-12-10 12:30:00,0.80517,0.8056,0.80491,0.80526,997,19,0
2025-12-10 13:00:00,0.80527,0.80532,0.8048,0.80493,1014,19,0
2025-12-10 13:30:00,0.80494,0.80554,0.80491,0.80522,856,19,0
2025-12-10 14:00:00,0.80521,0.80529,0.80484,0.80486,975,18,0
2025-12-10 14:30:00,0.80485,0.80488,0.80374,0.80398,1088,18,0
2025-12-10 15:00:00,0.80397,0.80445,0.80358,0.8041,1047,18,0
2025-12-10 15:30:00,0.80409,0.80411,0.80307,0.80318,1253,18,0
2025-12-10 16:00:00,0.80316,0.80335,0.80266,0.80331,1526,18,0
2025-12-10 16:30:00,0.8033,0.8034,0.80264,0.80299,1482,17,0
2025-12-10 17:00:00,0.80298,0.80303,0.80243,0.80281,1152,17,0
2025-12-10 17:30:00,0.80282,0.80316,0.80252,0.80253,1498,17,0
2025-12-10 18:00:00,0.80253,0.80307,0.80237,0.80288,1104,18,0
2025-12-10 18:30:00,0.8029,0.80296,0.80257,0.80265,1071,18,0
2025-12-10 19:00:00,0.80265,0.80286,0.80214,0.80223,619,19,0
2025-12-10 19:30:00,0.80225,0.80242,0.80202,0.80213,628,19,0
2025-12-10 20:00:00,0.80214,0.80249,0.80204,0.8022,513,19,0
2025-12-10 20:30:00,0.80221,0.80275,0.80162,0.80171,758,19,0
2025-12-10 21:00:00,0.80173,0.80265,0.80103,0.80195,3259,20,0
2025-12-10 21:30:00,0.80196,0.80295,0.80065,0.80098,5448,19,0
2025-12-10 22:00:00,0.80104,0.80123,0.79914,0.79977,3108,19,0
2025-12-10 22:30:00,0.79975,0.80014,0.79962,0.79997,1392,19,0
2025-12-10 23:00:00,0.79996,0.80011,0.79965,0.79978,578,19,0
2025-12-10 23:30:00,0.79979,0.80025,0.79947,0.79947,624,23,0
2025-12-11 00:00:00,0.79944,0.79956,0.79929,0.79942,112,67,0
2025-12-11 00:30:00,0.79944,0.8,0.79927,0.7996,303,84,0
2025-12-11 01:00:00,0.79949,0.79979,0.79948,0.79952,502,21,0
2025-12-11 01:30:00,0.79951,0.79953,0.79906,0.79922,212,19,0
2025-12-11 02:00:00,0.79921,0.79929,0.79891,0.79929,481,19,0
2025-12-11 02:30:00,0.79933,0.79946,0.79914,0.79944,749,19,0
2025-12-11 03:00:00,0.79943,0.79943,0.79867,0.79879,972,19,0
2025-12-11 03:30:00,0.79878,0.79903,0.79872,0.79889,909,19,0
2025-12-11 04:00:00,0.79888,0.79909,0.79865,0.79886,878,19,0
2025-12-11 04:30:00,0.79885,0.79935,0.79882,0.79925,616,19,0
2025-12-11 05:00:00,0.79924,0.79926,0.79895,0.79921,791,19,0
2025-12-11 05:30:00,0.79922,0.79924,0.79861,0.7989,515,19,0
2025-12-11 06:00:00,0.79891,0.79942,0.79877,0.79939,365,19,0
2025-12-11 06:30:00,0.79938,0.79949,0.79927,0.79934,353,19,0
2025-12-11 07:00:00,0.79935,0.79956,0.79925,0.79946,349,19,0
2025-12-11 07:30:00,0.79947,0.79975,0.79937,0.79966,309,19,0
2025-12-11 08:00:00,0.79964,0.7999,0.79955,0.79976,475,19,0
2025-12-11 08:30:00,0.79975,0.79983,0.79947,0.79953,399,19,0
2025-12-11 09:00:00,0.7995,0.79953,0.79934,0.79939,640,19,0
2025-12-11 09:30:00,0.79938,0.80004,0.79934,0.79965,1084,19,0
2025-12-11 10:00:00,0.79964,0.79976,0.79879,0.79919,1223,19,0
2025-12-11 10:30:00,0.79919,0.79939,0.79836,0.79885,1623,19,0
2025-12-11 11:00:00,0.79886,0.7997,0.79835,0.79912,1382,19,0
2025-12-11 11:30:00,0.79911,0.79914,0.79779,0.79797,1383,19,0
2025-12-11 12:00:00,0.79795,0.79834,0.79722,0.79753,1310,19,0
2025-12-11 12:30:00,0.79752,0.79789,0.79695,0.79709,1010,19,0
2025-12-11 13:00:00,0.79708,0.79712,0.79624,0.79633,1270,19,0
2025-12-11 13:30:00,0.79634,0.79672,0.79624,0.79634,1100,19,0
2025-12-11 14:00:00,0.79635,0.79653,0.79602,0.79608,1242,18,0
2025-12-11 14:30:00,0.79607,0.79663,0.79589,0.79624,1067,18,0
2025-12-11 15:00:00,0.7962,0.79665,0.79594,0.79595,1488,18,0
2025-12-11 15:30:00,0.79595,0.79654,0.79508,0.79544,2554,18,0
2025-12-11 16:00:00,0.79543,0.79553,0.79419,0.79437,1605,18,0
2025-12-11 16:30:00,0.79436,0.79456,0.79384,0.79405,2018,19,0
2025-12-11 17:00:00,0.79406,0.79481,0.79389,0.79455,1722,18,0
2025-12-11 17:30:00,0.79458,0.79463,0.79284,0.79331,1639,18,0
2025-12-11 18:00:00,0.7933,0.79426,0.79307,0.79425,1624,18,0
2025-12-11 18:30:00,0.79426,0.79426,0.79285,0.79311,1330,18,0
2025-12-11 19:00:00,0.79315,0.79319,0.79234,0.79293,1225,19,0
2025-12-11 19:30:00,0.79295,0.79346,0.79294,0.79342,863,19,0
2025-12-11 20:00:00,0.79341,0.79359,0.79319,0.79355,699,19,0
2025-12-11 20:30:00,0.79354,0.7938,0.79346,0.79365,653,19,0
2025-12-11 21:00:00,0.79364,0.79438,0.79364,0.79405,716,19,0
2025-12-11 21:30:00,0.79406,0.79501,0.79395,0.79494,762,19,0
2025-12-11 22:00:00,0.79493,0.79534,0.79446,0.79447,925,19,0
2025-12-11 22:30:00,0.79446,0.79468,0.79404,0.79467,640,19,0
2025-12-11 23:00:00,0.79468,0.79493,0.79454,0.7947,345,20,0
2025-12-11 23:30:00,0.79473,0.79518,0.79458,0.79518,383,23,0
2025-12-12 00:00:00,0.79508,0.7951,0.79385,0.79391,130,84,0
2025-12-12 00:30:00,0.79388,0.7947,0.79378,0.79387,1461,84,0
2025-12-12 01:00:00,0.79399,0.79505,0.79394,0.79474,470,20,0
2025-12-12 01:30:00,0.79478,0.79498,0.79452,0.79454,314,21,0
2025-12-12 02:00:00,0.79455,0.79455,0.79415,0.79448,697,21,0
2025-12-12 02:30:00,0.79449,0.79463,0.79427,0.79442,1169,20,0
2025-12-12 03:00:00,0.79441,0.79475,0.79411,0.79416,846,19,0
2025-12-12 03:30:00,0.79415,0.79465,0.7941,0.79464,499,19,0
2025-12-12 04:00:00,0.79464,0.79471,0.79436,0.79466,742,19,0
2025-12-12 04:30:00,0.79467,0.79476,0.79453,0.79465,552,19,0
2025-12-12 05:00:00,0.79464,0.79477,0.79454,0.79466,213,19,0
2025-12-12 05:30:00,0.79463,0.7948,0.79457,0.79478,218,19,0
2025-12-12 06:00:00,0.79477,0.795,0.79474,0.79476,298,19,0
2025-12-12 06:30:00,0.79477,0.79496,0.79469,0.79496,278,19,0
2025-12-12 07:00:00,0.79495,0.79505,0.79482,0.79495,295,19,0
2025-12-12 07:30:00,0.79494,0.79494,0.79456,0.79457,532,19,0
2025-12-12 08:00:00,0.79458,0.79478,0.7945,0.79476,324,19,0
2025-12-12 08:30:00,0.79478,0.7951,0.79465,0.79468,400,20,0
2025-12-12 09:00:00,0.79467,0.79489,0.7945,0.79459,633,19,0
2025-12-12 09:30:00,0.79458,0.79492,0.79439,0.79488,994,19,0
2025-12-12 10:00:00,0.79489,0.79509,0.79441,0.79442,1509,19,0
2025-12-12 10:30:00,0.79443,0.79522,0.79439,0.7951,1407,19,0
2025-12-12 11:00:00,0.79512,0.79525,0.79487,0.79504,1107,19,0
2025-12-12 11:30:00,0.79505,0.79513,0.79454,0.79478,1019,19,0
2025-12-12 12:00:00,0.79479,0.79531,0.79468,0.79523,964,19,0
2025-12-12 12:30:00,0.79524,0.79548,0.79503,0.79529,804,19,0
2025-12-12 13:00:00,0.7953,0.7955,0.79517,0.79538,716,19,0
2025-12-12 13:30:00,0.79537,0.79546,0.79506,0.7952,593,19,0
2025-12-12 14:00:00,0.79519,0.79586,0.79508,0.79576,773,18,0
2025-12-12 14:30:00,0.79573,0.79618,0.7956,0.79565,1003,18,0
2025-12-12 15:00:00,0.79563,0.79583,0.79529,0.79549,1357,18,0
2025-12-12 15:30:00,0.79548,0.79591,0.79541,0.79585,1170,18,0
2025-12-12 16:00:00,0.79587,0.79623,0.79544,0.79544,1723,19,0
2025-12-12 16:30:00,0.79543,0.79547,0.79449,0.79469,1885,18,0
2025-12-12 17:00:00,0.7947,0.79557,0.79444,0.79505,1717,18,0
2025-12-12 17:30:00,0.79504,0.7961,0.79482,0.79561,1761,18,0
2025-12-12 18:00:00,0.7956,0.79579,0.79512,0.79571,1971,18,0
2025-12-12 18:30:00,0.79568,0.79638,0.79552,0.79597,1378,18,0
2025-12-12 19:00:00,0.79595,0.79622,0.79542,0.79542,845,19,0
2025-12-12 19:30:00,0.79542,0.7956,0.79531,0.79531,795,19,0
2025-12-12 20:00:00,0.7953,0.79551,0.79514,0.79527,651,19,0
2025-12-12 20:30:00,0.79526,0.79561,0.79506,0.79556,608,19,0
2025-12-12 21:00:00,0.79557,0.79599,0.79557,0.79594,580,19,0
2025-12-12 21:30:00,0.79593,0.79615,0.79576,0.79579,500,19,0
2025-12-12 22:00:00,0.79581,0.79581,0.79546,0.79575,564,19,0
2025-12-12 22:30:00,0.79576,0.79614,0.79562,0.79609,809,19,0
2025-12-12 23:00:00,0.7961,0.79615,0.79562,0.79583,328,19,0
2025-12-12 23:30:00,0.79582,0.79604,0.79533,0.79537,462,23,0
2025-12-15 00:00:00,0.79508,0.79522,0.79445,0.79501,2377,120,0
2025-12-15 00:30:00,0.79497,0.79561,0.79471,0.79478,612,98,0
2025-12-15 01:00:00,0.79498,0.79593,0.79489,0.79563,576,21,0
2025-12-15 01:30:00,0.79562,0.79608,0.79556,0.79607,261,21,0
2025-12-15 02:00:00,0.79608,0.79669,0.79606,0.79669,509,20,0
2025-12-15 02:30:00,0.79666,0.79671,0.79612,0.79617,864,20,0
2025-12-15 03:00:00,0.79616,0.79657,0.79608,0.79629,769,19,0
2025-12-15 03:30:00,0.79626,0.79637,0.79576,0.79583,708,19,0
2025-12-15 04:00:00,0.79584,0.79598,0.79563,0.79569,642,19,0
2025-12-15 04:30:00,0.79568,0.7958,0.79532,0.79553,635,19,0
2025-12-15 05:00:00,0.79552,0.7959,0.7953,0.79585,536,19,0
2025-12-15 05:30:00,0.79584,0.79626,0.79573,0.7961,459,19,0
2025-12-15 06:00:00,0.79611,0.79616,0.7959,0.79596,526,19,0
2025-12-15 06:30:00,0.79595,0.79612,0.79587,0.79609,729,19,0
2025-12-15 07:00:00,0.79607,0.7961,0.7959,0.79596,607,19,0
2025-12-15 07:30:00,0.79595,0.7961,0.79577,0.79585,616,19,0
2025-12-15 08:00:00,0.79584,0.79637,0.79583,0.79593,876,19,0
2025-12-15 08:30:00,0.79591,0.79623,0.79582,0.79616,617,19,0
2025-12-15 09:00:00,0.79617,0.79625,0.79588,0.79601,739,19,0
2025-12-15 09:30:00,0.796,0.7966,0.79595,0.79649,718,19,0
2025-12-15 10:00:00,0.79652,0.79688,0.79611,0.7963,1088,20,0
2025-12-15 10:30:00,0.79631,0.79715,0.79604,0.79714,1044,19,0
2025-12-15 11:00:00,0.79715,0.79727,0.79632,0.79632,1102,19,0
2025-12-15 11:30:00,0.79631,0.79644,0.79594,0.79602,864,19,0
2025-12-15 12:00:00,0.79606,0.79616,0.79551,0.79604,599,19,0
2025-12-15 12:30:00,0.79605,0.79619,0.79586,0.79606,624,19,0
2025-12-15 13:00:00,0.79608,0.79617,0.79574,0.796,481,19,0
2025-12-15 13:30:00,0.79599,0.79608,0.79554,0.7958,540,19,0
2025-12-15 14:00:00,0.79581,0.79588,0.79545,0.79555,738,18,0
2025-12-15 14:30:00,0.79554,0.79568,0.79514,0.79568,772,18,0
2025-12-15 15:00:00,0.79569,0.796,0.79544,0.79592,894,17,0
2025-12-15 15:30:00,0.79591,0.7961,0.79533,0.79607,1363,17,0
2025-12-15 16:00:00,0.79608,0.79637,0.79563,0.7957,1364,18,0
2025-12-15 16:30:00,0.79571,0.79572,0.79398,0.79406,1770,18,0
2025-12-15 17:00:00,0.79404,0.79494,0.79374,0.79446,2112,19,0
2025-12-15 17:30:00,0.79447,0.79505,0.79432,0.79501,1767,18,0
2025-12-15 18:00:00,0.79502,0.79558,0.79495,0.79557,1283,18,0
2025-12-15 18:30:00,0.79558,0.79632,0.79556,0.79626,1182,18,0
2025-12-15 19:00:00,0.79627,0.7968,0.79621,0.79673,647,19,0
2025-12-15 19:30:00,0.79674,0.797,0.79664,0.7968,484,19,0
2025-12-15 20:00:00,0.79681,0.79701,0.79655,0.79689,508,19,0
2025-12-15 20:30:00,0.79689,0.79695,0.79671,0.79673,587,19,0
2025-12-15 21:00:00,0.79674,0.79724,0.7967,0.79708,435,19,0
2025-12-15 21:30:00,0.79707,0.79707,0.7964,0.79651,379,19,0
2025-12-15 22:00:00,0.79652,0.7966,0.79626,0.79639,476,19,0
2025-12-15 22:30:00,0.7964,0.79655,0.79631,0.79642,357,19,0
2025-12-15 23:00:00,0.79643,0.79649,0.79622,0.79626,246,19,0
2025-12-15 23:30:00,0.79625,0.79634,0.79557,0.79565,915,23,0
2025-12-16 00:00:00,0.79562,0.79572,0.79487,0.79563,414,84,0
2025-12-16 00:30:00,0.79551,0.79585,0.79515,0.79585,264,84,0
2025-12-16 01:00:00,0.7959,0.79629,0.79562,0.7962,376,21,0
2025-12-16 01:30:00,0.79618,0.79618,0.79589,0.79612,311,21,0
2025-12-16 02:00:00,0.79611,0.79612,0.79539,0.79584,747,20,0
2025-12-16 02:30:00,0.79583,0.79624,0.79579,0.79599,701,19,0
2025-12-16 03:00:00,0.79601,0.79623,0.79579,0.79619,1075,19,0
2025-12-16 03:30:00,0.7962,0.79621,0.79548,0.79565,1576,19,0
2025-12-16 04:00:00,0.79563,0.79577,0.79549,0.79557,1241,19,0
2025-12-16 04:30:00,0.79556,0.7956,0.79523,0.7953,771,19,0
2025-12-16 05:00:00,0.79529,0.79561,0.79513,0.79556,764,19,0
2025-12-16 05:30:00,0.79558,0.79573,0.79554,0.7957,909,19,0
2025-12-16 06:00:00,0.79567,0.79589,0.79562,0.7957,560,19,0
2025-12-16 06:30:00,0.79571,0.7961,0.7957,0.79606,273,19,0
2025-12-16 07:00:00,0.79607,0.79624,0.79588,0.79609,390,19,0
2025-12-16 07:30:00,0.79608,0.79626,0.79602,0.79622,464,19,0
2025-12-16 08:00:00,0.79623,0.79681,0.79617,0.79676,554,19,0
2025-12-16 08:30:00,0.79677,0.79677,0.79634,0.79646,453,19,0
2025-12-16 09:00:00,0.79649,0.79686,0.79637,0.79678,556,19,0
2025-12-16 09:30:00,0.79677,0.79685,0.79637,0.79649,648,19,0
2025-12-16 10:00:00,0.79648,0.79657,0.79588,0.79646,1265,19,0
2025-12-16 10:30:00,0.79651,0.79698,0.7963,0.79636,1142,19,0
2025-12-16 11:00:00,0.79635,0.79655,0.796,0.79625,813,18,0
2025-12-16 11:30:00,0.79624,0.79634,0.79555,0.79573,1025,19,0
2025-12-16 12:00:00,0.79572,0.79594,0.79543,0.79575,960,19,0
2025-12-16 12:30:00,0.79575,0.79606,0.79564,0.79597,850,19,0
2025-12-16 13:00:00,0.79598,0.79638,0.79594,0.7961,650,19,0
2025-12-16 13:30:00,0.79609,0.79609,0.79542,0.79542,560,19,0
2025-12-16 14:00:00,0.79539,0.7955,0.79476,0.79492,743,19,0
2025-12-16 14:30:00,0.79493,0.79506,0.79387,0.79389,887,18,0
2025-12-16 15:00:00,0.79388,0.79438,0.79382,0.79414,1440,21,0
2025-12-16 15:30:00,0.79416,0.79564,0.79251,0.7947,5145,18,0
2025-12-16 16:00:00,0.79471,0.7952,0.79417,0.7942,2374,18,0
2025-12-16 16:30:00,0.79419,0.79439,0.79325,0.79334,2514,18,0
2025-12-16 17:00:00,0.79335,0.79454,0.79289,0.79419,2410,18,0
2025-12-16 17:30:00,0.7942,0.7955,0.79417,0.79509,2063,19,0
2025-12-16 18:00:00,0.7951,0.7956,0.79419,0.79441,1616,18,0
2025-12-16 18:30:00,0.79441,0.79528,0.79441,0.7949,1288,18,0
2025-12-16 19:00:00,0.79489,0.79499,0.79384,0.79389,874,18,0
2025-12-16 19:30:00,0.79388,0.79434,0.79355,0.79412,852,19,0
2025-12-16 20:00:00,0.79413,0.79533,0.79412,0.79532,984,19,0
2025-12-16 20:30:00,0.79533,0.79538,0.79482,0.79497,594,19,0
2025-12-16 21:00:00,0.79498,0.796,0.79492,0.79526,1069,19,0
2025-12-16 21:30:00,0.79525,0.79525,0.79421,0.79451,895,20,0
2025-12-16 22:00:00,0.79452,0.79467,0.79408,0.79459,669,19,0
2025-12-16 22:30:00,0.7946,0.79528,0.7943,0.7952,815,19,0
2025-12-16 23:00:00,0.79521,0.79533,0.79492,0.79505,520,21,0
2025-12-16 23:30:00,0.79504,0.79521,0.7945,0.7945,405,23,0
2025-12-17 00:00:00,0.79458,0.79478,0.79402,0.7943,81,84,0
2025-12-17 00:30:00,0.79433,0.79488,0.79424,0.79485,414,84,0
2025-12-17 01:00:00,0.79468,0.79512,0.79468,0.79512,229,21,0
2025-12-17 01:30:00,0.79511,0.79519,0.795,0.79518,152,21,0
2025-12-17 02:00:00,0.79517,0.79538,0.79517,0.79526,473,20,0
2025-12-17 02:30:00,0.79525,0.79532,0.79486,0.79487,763,21,0
2025-12-17 03:00:00,0.79488,0.79511,0.79479,0.79489,696,19,0
2025-12-17 03:30:00,0.79488,0.7952,0.79488,0.79508,904,19,0
2025-12-17 04:00:00,0.79509,0.7958,0.79508,0.79566,667,19,0
2025-12-17 04:30:00,0.79567,0.79575,0.79553,0.79557,423,19,0
2025-12-17 05:00:00,0.79556,0.79581,0.7955,0.79575,476,19,0
2025-12-17 05:30:00,0.79576,0.79578,0.79548,0.79559,383,19,0
2025-12-17 06:00:00,0.79559,0.796,0.79554,0.79599,564,19,0
2025-12-17 06:30:00,0.79598,0.79619,0.79595,0.79607,472,19,0
2025-12-17 07:00:00,0.79608,0.79625,0.796,0.79608,483,19,0
2025-12-17 07:30:00,0.79605,0.79635,0.79605,0.79618,571,19,0
2025-12-17 08:00:00,0.79619,0.79702,0.79612,0.79682,606,19,0
2025-12-17 08:30:00,0.79681,0.7977,0.79659,0.79749,769,19,0
2025-12-17 09:00:00,0.79752,0.7986,0.79751,0.79844,1699,20,0
2025-12-17 09:30:00,0.79843,0.79863,0.79803,0.7981,1414,19,0
2025-12-17 10:00:00,0.79811,0.79861,0.79787,0.798,1484,19,0
2025-12-17 10:30:00,0.79801,0.79813,0.79721,0.79789,1193,19,0
2025-12-17 11:00:00,0.7979,0.79867,0.79772,0.79837,1219,19,0
2025-12-17 11:30:00,0.79838,0.79847,0.7976,0.79779,989,19,0
2025-12-17 12:00:00,0.7978,0.79805,0.7976,0.79761,852,19,0
2025-12-17 12:30:00,0.79762,0.79763,0.79653,0.79653,1017,19,0
2025-12-17 13:00:00,0.79652,0.79702,0.79637,0.7969,990,19,0
2025-12-17 13:30:00,0.79691,0.79711,0.79684,0.7971,1107,19,0
2025-12-17 14:00:00,0.7971,0.79722,0.79586,0.79604,1012,18,0
2025-12-17 14:30:00,0.79605,0.79618,0.79556,0.79557,990,18,0
2025-12-17 15:00:00,0.79556,0.79609,0.79502,0.79571,1940,20,0
2025-12-17 15:30:00,0.79572,0.79624,0.79542,0.79568,1674,18,0
2025-12-17 16:00:00,0.79569,0.79641,0.79514,0.79621,1474,18,0
2025-12-17 16:30:00,0.7962,0.79621,0.79508,0.79539,1923,18,0
2025-12-17 17:00:00,0.79537,0.79538,0.79429,0.79446,1933,17,0
2025-12-17 17:30:00,0.79447,0.79447,0.79343,0.79441,2041,17,0
2025-12-17 18:00:00,0.79442,0.79488,0.79426,0.79472,2099,18,0
2025-12-17 18:30:00,0.7947,0.79487,0.79446,0.79476,1461,18,0
2025-12-17 19:00:00,0.79476,0.79487,0.79433,0.79486,545,19,0
2025-12-17 19:30:00,0.79485,0.79517,0.79449,0.7945,762,19,0
2025-12-17 20:00:00,0.79449,0.79472,0.79419,0.79471,785,19,0
2025-12-17 20:30:00,0.79472,0.79502,0.79464,0.79491,718,19,0
2025-12-17 21:00:00,0.79492,0.79509,0.79475,0.7949,591,19,0
2025-12-17 21:30:00,0.79491,0.79536,0.79489,0.79514,668,19,0
2025-12-17 22:00:00,0.79517,0.79548,0.79508,0.7954,540,19,0
2025-12-17 22:30:00,0.79541,0.79567,0.79511,0.79562,579,19,0
2025-12-17 23:00:00,0.79562,0.7958,0.79554,0.79567,379,22,0
2025-12-17 23:30:00,0.79566,0.79567,0.79507,0.79507,428,23,0
2025-12-18 00:00:00,0.79446,0.79497,0.79415,0.79446,96,86,0
2025-12-18 00:30:00,0.79445,0.79516,0.79444,0.79487,655,84,0
2025-12-18 01:00:00,0.79447,0.79537,0.79447,0.79532,711,20,0
2025-12-18 01:30:00,0.79531,0.79532,0.79505,0.79514,209,20,0
2025-12-18 02:00:00,0.79513,0.7952,0.79486,0.79487,658,21,0
2025-12-18 02:30:00,0.79486,0.79531,0.79471,0.79477,647,20,0
2025-12-18 03:00:00,0.79478,0.79535,0.79471,0.79519,724,20,0
2025-12-18 03:30:00,0.79517,0.79552,0.79505,0.79544,1307,19,0
2025-12-18 04:00:00,0.79545,0.79546,0.79507,0.79518,687,19,0
2025-12-18 04:30:00,0.79517,0.79549,0.79509,0.79534,336,19,0
2025-12-18 05:00:00,0.79535,0.79549,0.79517,0.79537,262,19,0
2025-12-18 05:30:00,0.79538,0.79543,0.79518,0.79527,398,19,0
2025-12-18 06:00:00,0.79526,0.79534,0.79514,0.79526,258,19,0
2025-12-18 06:30:00,0.79527,0.7953,0.79508,0.79513,285,19,0
2025-12-18 07:00:00,0.79512,0.79526,0.79502,0.79517,311,19,0
2025-12-18 07:30:00,0.79515,0.79522,0.79489,0.79489,514,19,0
2025-12-18 08:00:00,0.79487,0.79517,0.7948,0.79503,565,19,0
2025-12-18 08:30:00,0.79504,0.79509,0.79476,0.79496,493,19,0
2025-12-18 09:00:00,0.79496,0.79509,0.79462,0.79496,688,20,0
2025-12-18 09:30:00,0.79494,0.79548,0.7949,0.79545,1171,19,0
2025-12-18 10:00:00,0.79542,0.79556,0.79533,0.79555,1142,19,0
2025-12-18 10:30:00,0.79556,0.79571,0.79531,0.79541,940,19,0
2025-12-18 11:00:00,0.7954,0.7962,0.79538,0.79616,1045,19,0
2025-12-18 11:30:00,0.79615,0.79651,0.79607,0.79643,862,19,0
2025-12-18 12:00:00,0.79644,0.7965,0.79583,0.79595,900,19,0
2025-12-18 12:30:00,0.79594,0.79596,0.79499,0.79526,748,19,0
2025-12-18 13:00:00,0.79525,0.79526,0.79472,0.79499,780,19,0
2025-12-18 13:30:00,0.79498,0.79534,0.79482,0.79521,770,18,0
2025-12-18 14:00:00,0.79522,0.79543,0.79482,0.7954,1455,17,0
2025-12-18 14:30:00,0.79546,0.79568,0.79517,0.79525,997,18,0
2025-12-18 15:00:00,0.79524,0.79537,0.79389,0.79432,1656,17,0
2025-12-18 15:30:00,0.79429,0.79451,0.79213,0.7937,4713,19,0
2025-12-18 16:00:00,0.79371,0.79441,0.79306,0.79412,3404,18,0
2025-12-18 16:30:00,0.79411,0.79447,0.79374,0.79439,2006,18,0
2025-12-18 17:00:00,0.79438,0.7954,0.7939,0.79483,1917,19,0
2025-12-18 17:30:00,0.79484,0.795,0.79377,0.79378,2358,19,0
2025-12-18 18:00:00,0.79379,0.79395,0.79297,0.79341,1509,18,0
2025-12-18 18:30:00,0.79339,0.79451,0.79326,0.79419,1469,18,0
2025-12-18 19:00:00,0.7942,0.79503,0.79412,0.79459,1269,19,0
2025-12-18 19:30:00,0.79458,0.79475,0.79416,0.7946,773,19,0
2025-12-18 20:00:00,0.79459,0.79475,0.79409,0.7944,826,19,0
2025-12-18 20:30:00,0.79438,0.79451,0.79418,0.79443,605,19,0
2025-12-18 21:00:00,0.79445,0.79457,0.7942,0.7942,751,19,0
2025-12-18 21:30:00,0.79421,0.79423,0.79387,0.79391,616,19,0
2025-12-18 22:00:00,0.79392,0.79408,0.79361,0.7939,533,19,0
2025-12-18 22:30:00,0.79391,0.79412,0.79385,0.79402,507,19,0
2025-12-18 23:00:00,0.79401,0.79407,0.79378,0.79384,305,20,0
2025-12-18 23:30:00,0.79385,0.79406,0.79371,0.79371,326,23,0
2025-12-19 00:00:00,0.79371,0.7944,0.79368,0.79397,170,84,0
2025-12-19 00:30:00,0.79396,0.79404,0.79378,0.7938,286,84,0
2025-12-19 01:00:00,0.79394,0.7943,0.79384,0.79415,384,21,0
2025-12-19 01:30:00,0.79416,0.79416,0.79393,0.79399,258,20,0
2025-12-19 02:00:00,0.794,0.79444,0.79394,0.79431,354,19,0
2025-12-19 02:30:00,0.7943,0.79445,0.79412,0.79415,678,19,0
2025-12-19 03:00:00,0.79416,0.79444,0.79403,0.79441,611,19,0
2025-12-19 03:30:00,0.79444,0.79472,0.79443,0.79456,747,19,0
2025-12-19 04:00:00,0.79455,0.7946,0.79433,0.79445,479,19,0
2025-12-19 04:30:00,0.79444,0.79486,0.79444,0.79477,446,19,0
2025-12-19 05:00:00,0.79478,0.79508,0.7945,0.7948,1074,19,0
2025-12-19 05:30:00,0.79481,0.79512,0.79479,0.79494,679,20,0
2025-12-19 06:00:00,0.79495,0.79532,0.79488,0.7953,580,19,0
2025-12-19 06:30:00,0.79529,0.7953,0.79499,0.79509,468,20,0
2025-12-19 07:00:00,0.79508,0.7951,0.79479,0.79479,411,19,0
2025-12-19 07:30:00,0.7948,0.79516,0.79477,0.79484,437,19,0
2025-12-19 08:00:00,0.79483,0.79494,0.79448,0.79466,543,19,0
2025-12-19 08:30:00,0.79465,0.7953,0.79454,0.79486,1395,19,0
2025-12-19 09:00:00,0.79484,0.79535,0.7947,0.79509,977,19,0
2025-12-19 09:30:00,0.7951,0.796,0.79486,0.79544,1554,19,0
2025-12-19 10:00:00,0.79542,0.79575,0.79528,0.79551,1354,19,0
2025-12-19 10:30:00,0.79552,0.79586,0.7951,0.79525,1310,19,0
2025-12-19 11:00:00,0.79524,0.79549,0.79475,0.79487,1160,19,0
2025-12-19 11:30:00,0.79488,0.79544,0.79469,0.79508,1181,19,0
2025-12-19 12:00:00,0.79509,0.79512,0.79454,0.79477,940,19,0
2025-12-19 12:30:00,0.7948,0.79533,0.79476,0.7948,1067,19,0
2025-12-19 13:00:00,0.79481,0.79556,0.79471,0.79542,957,19,0
2025-12-19 13:30:00,0.79546,0.79565,0.79533,0.79564,1003,19,0
2025-12-19 14:00:00,0.79568,0.79598,0.79556,0.79584,956,19,0
2025-12-19 14:30:00,0.79583,0.79583,0.79542,0.79568,940,18,0
2025-12-19 15:00:00,0.79567,0.79602,0.79542,0.79552,1459,19,0
2025-12-19 15:30:00,0.79553,0.79558,0.79494,0.79498,1507,18,0
2025-12-19 16:00:00,0.79497,0.79497,0.79397,0.79435,1884,18,0
2025-12-19 16:30:00,0.79438,0.79517,0.79419,0.79503,1748,18,0
2025-12-19 17:00:00,0.79504,0.79578,0.79483,0.79558,1779,18,0
2025-12-19 17:30:00,0.79559,0.79613,0.79531,0.79579,1985,18,0
2025-12-19 18:00:00,0.79578,0.79585,0.7952,0.7954,1252,18,0
2025-12-19 18:30:00,0.79539,0.79561,0.79494,0.79495,1081,18,0
2025-12-19 19:00:00,0.79496,0.79561,0.79494,0.79511,688,19,0
2025-12-19 19:30:00,0.7951,0.79524,0.79484,0.79497,516,19,0
2025-12-19 20:00:00,0.79496,0.79506,0.79445,0.79457,504,19,0
2025-12-19 20:30:00,0.79455,0.79525,0.79455,0.79514,507,19,0
2025-12-19 21:00:00,0.79516,0.79516,0.79475,0.79484,405,19,0
2025-12-19 21:30:00,0.79485,0.79503,0.79442,0.7946,447,19,0
2025-12-19 22:00:00,0.79461,0.79485,0.79438,0.79482,417,19,0
2025-12-19 22:30:00,0.79483,0.79573,0.79481,0.79535,653,19,0
2025-12-19 23:00:00,0.79534,0.79545,0.79502,0.7953,430,21,0
2025-12-19 23:30:00,0.79527,0.79569,0.79503,0.79519,567,23,0
2025-12-22 00:00:00,0.7942,0.79461,0.79395,0.79448,586,118,0
2025-12-22 00:30:00,0.79449,0.79493,0.79421,0.79446,308,98,0
2025-12-22 01:00:00,0.79434,0.79534,0.79434,0.79517,3891,21,0
2025-12-22 01:30:00,0.79518,0.79583,0.79515,0.79531,2682,21,0
2025-12-22 02:00:00,0.79539,0.79542,0.79429,0.79479,3463,19,0
2025-12-22 02:30:00,0.79478,0.79497,0.79427,0.79459,1195,19,0
2025-12-22 03:00:00,0.7946,0.79473,0.79439,0.79454,448,19,0
2025-12-22 03:30:00,0.79455,0.79475,0.79429,0.79471,515,20,0
2025-12-22 04:00:00,0.79473,0.79485,0.79457,0.79482,420,19,0
2025-12-22 04:30:00,0.79483,0.79509,0.79466,0.79501,425,19,0
2025-12-22 05:00:00,0.79502,0.79507,0.79459,0.79468,324,19,0
2025-12-22 05:30:00,0.79467,0.79468,0.7943,0.79444,409,19,0
2025-12-22 06:00:00,0.79445,0.79449,0.79432,0.79437,401,19,0
2025-12-22 06:30:00,0.79437,0.79443,0.79421,0.79437,272,19,0
2025-12-22 07:00:00,0.79439,0.79451,0.79425,0.79444,304,19,0
2025-12-22 07:30:00,0.79443,0.79468,0.79439,0.79461,531,19,0
2025-12-22 08:00:00,0.79462,0.79475,0.79438,0.79453,660,19,0
2025-12-22 08:30:00,0.79452,0.79521,0.79448,0.79484,660,19,0
2025-12-22 09:00:00,0.79488,0.79509,0.79462,0.79478,689,19,0
2025-12-22 09:30:00,0.79479,0.79485,0.7942,0.79437,973,19,0
2025-12-22 10:00:00,0.79436,0.79492,0.79427,0.79447,1398,19,0
2025-12-22 10:30:00,0.79448,0.79463,0.79365,0.79396,1412,19,0
2025-12-22 11:00:00,0.79397,0.79429,0.7938,0.79387,1374,19,0
2025-12-22 11:30:00,0.79386,0.79386,0.79321,0.79328,1054,19,0
2025-12-22 12:00:00,0.79327,0.79357,0.79306,0.79328,946,19,0
2025-12-22 12:30:00,0.79329,0.79352,0.79307,0.79327,632,19,0
2025-12-22 13:00:00,0.79324,0.79339,0.79311,0.79315,553,19,0
2025-12-22 13:30:00,0.79316,0.79351,0.79301,0.79329,635,19,0
2025-12-22 14:00:00,0.79328,0.79348,0.79287,0.79347,1012,18,0
2025-12-22 14:30:00,0.79348,0.79372,0.79307,0.79318,953,18,0
2025-12-22 15:00:00,0.79316,0.79324,0.79251,0.79306,1527,18,0
2025-12-22 15:30:00,0.79307,0.79315,0.79261,0.79289,1228,18,0
2025-12-22 16:00:00,0.79288,0.79334,0.79267,0.7927,1244,18,0
2025-12-22 16:30:00,0.79271,0.79279,0.7919,0.79223,1590,20,0
2025-12-22 17:00:00,0.79224,0.79266,0.79207,0.79257,1583,18,0
2025-12-22 17:30:00,0.79256,0.7926,0.79212,0.79219,1322,18,0
2025-12-22 18:00:00,0.7922,0.79252,0.79188,0.79215,937,18,0
2025-12-22 18:30:00,0.79216,0.79267,0.79205,0.79244,970,18,0
2025-12-22 19:00:00,0.79244,0.79249,0.79199,0.79199,652,19,0
2025-12-22 19:30:00,0.79198,0.79198,0.79151,0.79188,609,19,0
2025-12-22 20:00:00,0.79189,0.79228,0.79189,0.79219,609,19,0
2025-12-22 20:30:00,0.7922,0.79235,0.79183,0.79197,503,19,0
2025-12-22 21:00:00,0.79196,0.79225,0.79196,0.79213,393,19,0
2025-12-22 21:30:00,0.79214,0.79214,0.79168,0.7917,439,19,0
2025-12-22 22:00:00,0.79171,0.792,0.79168,0.7919,427,19,0
2025-12-22 22:30:00,0.79189,0.79203,0.79175,0.79197,425,19,0
2025-12-22 23:00:00,0.79198,0.79203,0.79167,0.79181,303,21,0
2025-12-22 23:30:00,0.79179,0.79182,0.79129,0.79129,201,23,0
2025-12-23 00:00:00,0.7917,0.79279,0.79167,0.79205,289,84,0
2025-12-23 00:30:00,0.79173,0.79211,0.79149,0.79162,397,84,0
2025-12-23 01:00:00,0.79148,0.79164,0.7914,0.79145,814,21,0
2025-12-23 01:30:00,0.79143,0.7915,0.79133,0.79143,319,21,0
2025-12-23 02:00:00,0.79144,0.79146,0.79097,0.791,508,20,0
2025-12-23 02:30:00,0.79099,0.79108,0.79082,0.79084,561,19,0
2025-12-23 03:00:00,0.79085,0.79095,0.79064,0.79088,816,19,0
2025-12-23 03:30:00,0.79085,0.79094,0.79022,0.79051,836,19,0
2025-12-23 04:00:00,0.7905,0.79051,0.78997,0.79019,618,19,0
2025-12-23 04:30:00,0.79019,0.79025,0.7894,0.78967,699,19,0
2025-12-23 05:00:00,0.78968,0.78971,0.7893,0.78951,783,19,0
2025-12-23 05:30:00,0.7895,0.78954,0.78934,0.78942,545,19,0
2025-12-23 06:00:00,0.7894,0.78955,0.78928,0.78954,996,19,0
2025-12-23 06:30:00,0.78952,0.7896,0.78933,0.78949,1365,19,0
2025-12-23 07:00:00,0.78951,0.78955,0.78919,0.7893,938,19,0
2025-12-23 07:30:00,0.78931,0.78978,0.78929,0.78969,1109,19,0
2025-12-23 08:00:00,0.78969,0.79026,0.78965,0.79008,481,19,0
2025-12-23 08:30:00,0.79007,0.79065,0.79007,0.79064,550,19,0
2025-12-23 09:00:00,0.7907,0.7907,0.7901,0.79049,741,19,0
2025-12-23 09:30:00,0.7905,0.79071,0.79006,0.79031,1098,19,0
2025-12-23 10:00:00,0.79032,0.79044,0.7891,0.78911,1474,19,0
2025-12-23 10:30:00,0.7891,0.78922,0.78864,0.78865,1107,19,0
2025-12-23 11:00:00,0.78864,0.7887,0.78772,0.78816,1508,19,0
2025-12-23 11:30:00,0.78815,0.78872,0.78769,0.78825,1435,19,0
2025-12-23 12:00:00,0.78823,0.78828,0.78723,0.78766,1147,19,0
2025-12-23 12:30:00,0.78767,0.78778,0.78724,0.78733,1080,19,0
2025-12-23 13:00:00,0.78734,0.78762,0.78714,0.78728,745,19,0
2025-12-23 13:30:00,0.78729,0.78774,0.78724,0.78757,713,19,0
2025-12-23 14:00:00,0.78762,0.78764,0.78702,0.78716,777,18,0
2025-12-23 14:30:00,0.78715,0.78747,0.78656,0.7874,1148,18,0
2025-12-23 15:00:00,0.78741,0.78792,0.78727,0.78745,1124,17,0
2025-12-23 15:30:00,0.78755,0.78917,0.78737,0.78913,2469,17,0
2025-12-23 16:00:00,0.78915,0.79036,0.78901,0.79003,1940,18,0
2025-12-23 16:30:00,0.79005,0.79076,0.78988,0.79051,1840,18,0
2025-12-23 17:00:00,0.79048,0.79072,0.78957,0.78993,1832,18,0
2025-12-23 17:30:00,0.78991,0.79068,0.78968,0.78972,1604,18,0
2025-12-23 18:00:00,0.78972,0.78976,0.7889,0.78928,1342,18,0
2025-12-23 18:30:00,0.78926,0.78967,0.78921,0.78967,870,18,0
2025-12-23 19:00:00,0.78966,0.7897,0.78927,0.78929,604,19,0
2025-12-23 19:30:00,0.78927,0.78943,0.78903,0.7892,527,19,0
2025-12-23 20:00:00,0.78921,0.78928,0.78865,0.78881,669,19,0
2025-12-23 20:30:00,0.78879,0.78893,0.7884,0.78842,450,19,0
2025-12-23 21:00:00,0.78841,0.78849,0.7879,0.78805,604,19,0
2025-12-23 21:30:00,0.78804,0.78808,0.78743,0.7876,429,19,0
2025-12-23 22:00:00,0.78761,0.7879,0.78759,0.78786,475,19,0
2025-12-23 22:30:00,0.78789,0.78795,0.78771,0.78787,442,19,0
2025-12-23 23:00:00,0.78788,0.78795,0.78768,0.78777,392,22,0
2025-12-23 23:30:00,0.78776,0.78778,0.78716,0.78716,461,23,0
2025-12-24 00:00:00,0.78716,0.78853,0.78716,0.78767,327,85,0
2025-12-24 00:30:00,0.78762,0.78766,0.78718,0.78733,235,84,0
2025-12-24 01:00:00,0.78739,0.78754,0.78698,0.78728,733,20,0
2025-12-24 01:30:00,0.78726,0.78745,0.78722,0.78744,278,20,0
2025-12-24 02:00:00,0.78743,0.78756,0.787,0.78741,839,19,0
2025-12-24 02:30:00,0.7874,0.78753,0.78681,0.78684,842,19,0
2025-12-24 03:00:00,0.78683,0.78696,0.78609,0.78618,768,19,0
2025-12-24 03:30:00,0.78619,0.78635,0.78609,0.78626,986,19,0
2025-12-24 04:00:00,0.78625,0.7865,0.78615,0.7865,781,19,0
2025-12-24 04:30:00,0.78651,0.78701,0.78649,0.78699,812,19,0
2025-12-24 05:00:00,0.78697,0.78762,0.78695,0.78756,1110,19,0
2025-12-24 05:30:00,0.78755,0.78762,0.78734,0.78735,630,19,0
2025-12-24 06:00:00,0.78734,0.78762,0.78733,0.78739,529,19,0
2025-12-24 06:30:00,0.78738,0.78742,0.78698,0.78715,646,19,0
2025-12-24 07:00:00,0.78715,0.78716,0.78697,0.78709,553,19,0
2025-12-24 07:30:00,0.78708,0.7872,0.78675,0.78695,690,19,0
2025-12-24 08:00:00,0.78695,0.78697,0.78656,0.78688,875,19,0
2025-12-24 08:30:00,0.78689,0.78696,0.78649,0.78688,760,19,0
2025-12-24 09:00:00,0.78685,0.78733,0.78663,0.78719,1073,19,0
2025-12-24 09:30:00,0.7872,0.78763,0.78714,0.78743,946,19,0
2025-12-24 10:00:00,0.78745,0.78813,0.78724,0.78784,1445,19,0
2025-12-24 10:30:00,0.78783,0.78783,0.78672,0.78673,1412,19,0
2025-12-24 11:00:00,0.78672,0.78676,0.78638,0.78663,1110,19,0
2025-12-24 11:30:00,0.78662,0.78683,0.78613,0.78619,896,19,0
2025-12-24 12:00:00,0.7862,0.78672,0.78605,0.78648,962,19,0
2025-12-24 12:30:00,0.78647,0.78719,0.78644,0.78673,948,19,0
2025-12-24 13:00:00,0.78671,0.78687,0.78651,0.78664,718,19,0
2025-12-24 13:30:00,0.78665,0.78668,0.78634,0.78643,734,19,0
2025-12-24 14:00:00,0.78642,0.78685,0.78637,0.7868,715,18,0
2025-12-24 14:30:00,0.78681,0.78768,0.78653,0.78762,960,18,0
2025-12-24 15:00:00,0.78761,0.78773,0.78722,0.78735,1175,17,0
2025-12-24 15:30:00,0.78733,0.78788,0.78719,0.78788,1570,18,0
2025-12-24 16:00:00,0.78794,0.78823,0.78777,0.78806,1018,18,0
2025-12-24 16:30:00,0.78807,0.78838,0.78795,0.78827,1428,18,0
2025-12-24 17:00:00,0.78833,0.78853,0.78822,0.78835,1269,18,0
2025-12-24 17:30:00,0.78837,0.78888,0.78825,0.78876,812,18,0
2025-12-24 18:00:00,0.78881,0.78959,0.78863,0.78936,938,18,0
2025-12-24 18:30:00,0.78938,0.78941,0.78855,0.7886,1216,18,0
2025-12-24 19:00:00,0.78859,0.7886,0.78825,0.78825,447,19,0
2025-12-24 19:30:00,0.78826,0.78863,0.78791,0.78833,545,19,0
2025-12-24 20:00:00,0.78839,0.78851,0.78789,0.78818,493,19,0
2025-12-24 20:30:00,0.78817,0.78824,0.78792,0.78796,361,19,0
2025-12-24 21:00:00,0.78796,0.78802,0.78789,0.78791,384,19,0
2025-12-24 21:30:00,0.7879,0.788,0.78775,0.78797,286,19,0
2025-12-24 22:00:00,0.78796,0.78801,0.78772,0.78774,3338,20,0
2025-12-24 22:30:00,0.78773,0.78798,0.78768,0.78784,3219,47,0
2025-12-24 23:00:00,0.78777,0.78786,0.78739,0.78775,2273,50,0
2025-12-24 23:30:00,0.78774,0.78794,0.78741,0.78775,1544,91,0
2025-12-26 00:00:00,0.78531,0.78735,0.78531,0.78708,735,99,0
2025-12-26 00:30:00,0.78707,0.78717,0.78661,0.78661,1289,91,0
2025-12-26 01:00:00,0.7872,0.78812,0.7868,0.78793,3131,19,0
2025-12-26 01:30:00,0.78792,0.78827,0.78787,0.78804,806,19,0
2025-12-26 02:00:00,0.78805,0.78868,0.78776,0.78789,1540,19,0
2025-12-26 02:30:00,0.7879,0.78827,0.78783,0.78796,1231,19,0
2025-12-26 03:00:00,0.78797,0.78837,0.78752,0.78804,1367,19,0
2025-12-26 03:30:00,0.78805,0.7882,0.78783,0.78791,1511,19,0
2025-12-26 04:00:00,0.78792,0.7881,0.78773,0.78799,688,19,0
2025-12-26 04:30:00,0.78802,0.78802,0.78771,0.78788,751,19,0
2025-12-26 05:00:00,0.78788,0.78838,0.78787,0.78832,851,19,0
2025-12-26 05:30:00,0.78833,0.7884,0.78816,0.78829,1137,19,0
2025-12-26 06:00:00,0.78828,0.78837,0.78821,0.7883,1053,19,0
2025-12-26 06:30:00,0.78829,0.78835,0.78791,0.78818,775,19,0
2025-12-26 07:00:00,0.78818,0.78839,0.78806,0.78828,608,19,0
2025-12-26 07:30:00,0.78829,0.78835,0.78789,0.78799,851,19,0
2025-12-26 08:00:00,0.78797,0.78815,0.7879,0.78807,586,19,0
2025-12-26 08:30:00,0.78808,0.78863,0.788,0.78845,643,19,0
2025-12-26 09:00:00,0.78844,0.78921,0.78839,0.78897,452,20,0
2025-12-26 09:30:00,0.789,0.78965,0.78889,0.78931,757,19,0
2025-12-26 10:00:00,0.7893,0.79024,0.78927,0.78959,760,19,0
2025-12-26 10:30:00,0.7896,0.7899,0.78897,0.78901,728,19,0
2025-12-26 11:00:00,0.78902,0.78979,0.78896,0.78964,658,19,0
2025-12-26 11:30:00,0.78966,0.78988,0.7896,0.78982,610,19,0
2025-12-26 12:00:00,0.78983,0.78986,0.78921,0.7898,551,19,0
2025-12-26 12:30:00,0.78979,0.78993,0.78929,0.78956,490,19,0
2025-12-26 13:00:00,0.78957,0.78971,0.78911,0.78938,514,19,0
2025-12-26 13:30:00,0.78934,0.78957,0.78917,0.78943,503,19,0
2025-12-26 14:00:00,0.78943,0.78967,0.7894,0.78955,402,19,0
2025-12-26 14:30:00,0.78953,0.78964,0.78924,0.78931,682,19,0
2025-12-26 15:00:00,0.7893,0.7893,0.7882,0.7883,1010,19,0
2025-12-26 15:30:00,0.78829,0.78837,0.78786,0.78824,1155,18,0
2025-12-26 16:00:00,0.78822,0.7884,0.78798,0.78834,937,18,0
2025-12-26 16:30:00,0.78835,0.78868,0.78819,0.78851,1386,18,0
2025-12-26 17:00:00,0.7885,0.78856,0.78787,0.78789,858,18,0
2025-12-26 17:30:00,0.78788,0.78905,0.78778,0.78874,1377,18,0
2025-12-26 18:00:00,0.78875,0.79002,0.78867,0.78992,3184,19,0
2025-12-26 18:30:00,0.78991,0.79016,0.78969,0.78998,2296,18,0
2025-12-26 19:00:00,0.78997,0.79013,0.78974,0.78997,2826,18,0
2025-12-26 19:30:00,0.78998,0.79016,0.78962,0.78967,3478,19,0
2025-12-26 20:00:00,0.78966,0.78989,0.78956,0.7896,2024,19,0
2025-12-26 20:30:00,0.78961,0.78974,0.7895,0.7897,1521,19,0
2025-12-26 21:00:00,0.78971,0.78981,0.78934,0.78945,960,19,0
2025-12-26 21:30:00,0.78944,0.78946,0.78896,0.78897,447,19,0
2025-12-26 22:00:00,0.78896,0.78906,0.78874,0.78891,453,19,0
2025-12-26 22:30:00,0.78892,0.7891,0.78866,0.78894,439,19,0
2025-12-26 23:00:00,0.78897,0.78935,0.78892,0.78932,479,22,0
2025-12-26 23:30:00,0.78931,0.7896,0.78861,0.78875,893,23,0
2025-12-29 00:00:00,0.78821,0.78899,0.78801,0.78886,1629,120,0
2025-12-29 00:30:00,0.78882,0.78906,0.78852,0.78869,250,98,0
2025-12-29 01:00:00,0.78838,0.78922,0.78828,0.78891,2705,19,0
2025-12-29 01:30:00,0.78892,0.78921,0.78883,0.78915,1095,19,0
2025-12-29 02:00:00,0.78914,0.78925,0.78865,0.78874,1340,19,0
2025-12-29 02:30:00,0.78873,0.78878,0.78819,0.78832,1374,19,0
2025-12-29 03:00:00,0.78831,0.78847,0.78812,0.78837,1111,19,0
2025-12-29 03:30:00,0.78838,0.7886,0.78828,0.78849,979,19,0
2025-12-29 04:00:00,0.7885,0.78931,0.78844,0.7893,963,19,0
2025-12-29 04:30:00,0.78929,0.78949,0.78913,0.78938,1205,19,0
2025-12-29 05:00:00,0.78937,0.78961,0.78933,0.78961,524,19,0
2025-12-29 05:30:00,0.78964,0.78967,0.78915,0.78934,703,19,0
2025-12-29 06:00:00,0.78933,0.7898,0.78933,0.78959,602,19,0
2025-12-29 06:30:00,0.7896,0.78967,0.78941,0.7896,1057,19,0
2025-12-29 07:00:00,0.78961,0.79003,0.78954,0.78988,812,19,0
2025-12-29 07:30:00,0.78989,0.78991,0.78959,0.78986,1156,19,0
2025-12-29 08:00:00,0.78984,0.78991,0.78943,0.78951,777,19,0
2025-12-29 08:30:00,0.7895,0.7898,0.78945,0.78955,809,19,0
2025-12-29 09:00:00,0.78958,0.78982,0.78863,0.78878,1157,19,0
2025-12-29 09:30:00,0.78877,0.78883,0.78832,0.78861,912,19,0
2025-12-29 10:00:00,0.78862,0.7891,0.7886,0.78905,1189,19,0
2025-12-29 10:30:00,0.78906,0.78913,0.78838,0.78868,1048,19,0
2025-12-29 11:00:00,0.78869,0.78899,0.78822,0.78823,1225,19,0
2025-12-29 11:30:00,0.78822,0.78849,0.78724,0.78837,1192,19,0
2025-12-29 12:00:00,0.78838,0.78891,0.7882,0.7889,1299,19,0
2025-12-29 12:30:00,0.78889,0.78999,0.78879,0.78997,1339,19,0
2025-12-29 13:00:00,0.78999,0.79151,0.78999,0.79062,1420,19,0
2025-12-29 13:30:00,0.79063,0.79063,0.78969,0.79023,1459,19,0
2025-12-29 14:00:00,0.79024,0.79062,0.78973,0.79026,1762,18,0
2025-12-29 14:30:00,0.79027,0.79084,0.7902,0.79029,1705,18,0
2025-12-29 15:00:00,0.79027,0.79031,0.78932,0.79008,1763,18,0
2025-12-29 15:30:00,0.79012,0.79024,0.78913,0.78993,2003,18,0
2025-12-29 16:00:00,0.78991,0.79019,0.78952,0.78956,1485,18,0
2025-12-29 16:30:00,0.78955,0.78955,0.7884,0.78844,2323,18,0
2025-12-29 17:00:00,0.78843,0.78919,0.78809,0.78858,2472,17,0
2025-12-29 17:30:00,0.78862,0.78935,0.78845,0.78916,2796,17,0
2025-12-29 18:00:00,0.78918,0.7901,0.78903,0.78993,2181,18,0
2025-12-29 18:30:00,0.78992,0.7901,0.78957,0.78985,2177,18,0
2025-12-29 19:00:00,0.78984,0.79035,0.78969,0.79013,1436,19,0
2025-12-29 19:30:00,0.79012,0.79086,0.79003,0.79054,606,19,0
2025-12-29 20:00:00,0.79055,0.7907,0.79021,0.79028,748,19,0
2025-12-29 20:30:00,0.79029,0.79059,0.79025,0.79048,621,19,0
2025-12-29 21:00:00,0.79049,0.79052,0.79002,0.79004,469,19,0
2025-12-29 21:30:00,0.79006,0.79007,0.78946,0.78951,481,19,0
2025-12-29 22:00:00,0.78952,0.78968,0.78931,0.7896,732,19,0
2025-12-29 22:30:00,0.78959,0.78979,0.7895,0.78953,668,19,0
2025-12-29 23:00:00,0.78952,0.78953,0.78915,0.78917,428,20,0
2025-12-29 23:30:00,0.78918,0.78927,0.78861,0.78861,584,23,0
2025-12-30 00:00:00,0.78775,0.78884,0.78775,0.78884,149,84,0
2025-12-30 00:30:00,0.78883,0.78896,0.78865,0.78887,404,84,0
2025-12-30 01:00:00,0.78886,0.78906,0.78819,0.78903,922,19,0
2025-12-30 01:30:00,0.78903,0.78911,0.78873,0.78874,717,19,0
2025-12-30 02:00:00,0.78873,0.78886,0.78828,0.78834,1172,19,0
2025-12-30 02:30:00,0.78835,0.78891,0.7883,0.78884,1059,19,0
2025-12-30 03:00:00,0.78883,0.78908,0.78868,0.78899,1077,19,0
2025-12-30 03:30:00,0.789,0.78903,0.78869,0.78873,1135,19,0
2025-12-30 04:00:00,0.78872,0.78912,0.78857,0.7891,946,19,0
2025-12-30 04:30:00,0.7891,0.7891,0.78891,0.789,656,19,0
2025-12-30 05:00:00,0.78899,0.78907,0.78865,0.78866,587,19,0
2025-12-30 05:30:00,0.78865,0.7887,0.78835,0.78859,753,19,0
2025-12-30 06:00:00,0.7886,0.78867,0.78844,0.78857,338,19,0
2025-12-30 06:30:00,0.78858,0.78858,0.78817,0.78824,396,19,0
2025-12-30 07:00:00,0.78822,0.78845,0.78808,0.78838,532,19,0
2025-12-30 07:30:00,0.78837,0.78871,0.78837,0.78855,693,19,0
2025-12-30 08:00:00,0.78855,0.78859,0.78814,0.78831,639,19,0
2025-12-30 08:30:00,0.78831,0.78842,0.78809,0.78831,670,19,0
2025-12-30 09:00:00,0.78834,0.78905,0.78816,0.78892,546,19,0
2025-12-30 09:30:00,0.78891,0.78924,0.78869,0.78879,882,19,0
2025-12-30 10:00:00,0.78875,0.7894,0.78852,0.78925,1174,19,0
2025-12-30 10:30:00,0.78926,0.78948,0.78879,0.78948,913,19,0
2025-12-30 11:00:00,0.78947,0.7896,0.78843,0.78843,1021,19,0
2025-12-30 11:30:00,0.7884,0.78885,0.7882,0.78864,1019,19,0
2025-12-30 12:00:00,0.78865,0.78865,0.78801,0.78802,885,19,0
2025-12-30 12:30:00,0.78803,0.78825,0.78752,0.78811,842,19,0
2025-12-30 13:00:00,0.78813,0.78849,0.78807,0.78841,808,19,0
2025-12-30 13:30:00,0.7884,0.78896,0.7883,0.78886,998,19,0
2025-12-30 14:00:00,0.78885,0.78944,0.78883,0.78929,1051,18,0
2025-12-30 14:30:00,0.78928,0.78974,0.78915,0.7897,845,18,0
2025-12-30 15:00:00,0.78969,0.79026,0.78961,0.79004,1320,18,0
2025-12-30 15:30:00,0.79003,0.79022,0.78929,0.78978,1585,18,0
2025-12-30 16:00:00,0.78977,0.79072,0.78977,0.79034,1266,18,0
2025-12-30 16:30:00,0.79033,0.79069,0.78989,0.79044,1484,18,0
2025-12-30 17:00:00,0.79043,0.79118,0.79017,0.79116,1404,18,0
2025-12-30 17:30:00,0.79115,0.7916,0.79067,0.7907,1385,18,0
2025-12-30 18:00:00,0.79071,0.79132,0.79035,0.79051,1251,18,0
2025-12-30 18:30:00,0.7905,0.79106,0.79041,0.79068,1017,18,0
2025-12-30 19:00:00,0.79067,0.79094,0.79052,0.79089,605,19,0
2025-12-30 19:30:00,0.7909,0.79125,0.79087,0.79111,429,19,0
2025-12-30 20:00:00,0.7911,0.79112,0.79075,0.79095,335,19,0
2025-12-30 20:30:00,0.79096,0.79138,0.79095,0.79124,358,19,0
2025-12-30 21:00:00,0.79113,0.79137,0.79103,0.79107,436,20,0
2025-12-30 21:30:00,0.79106,0.79174,0.79105,0.79165,503,19,0
2025-12-30 22:00:00,0.79162,0.79196,0.79152,0.79176,451,19,0
2025-12-30 22:30:00,0.7918,0.7923,0.79173,0.79219,374,19,0
2025-12-30 23:00:00,0.79217,0.79217,0.79184,0.79195,215,22,0
2025-12-30 23:30:00,0.79194,0.79203,0.79128,0.79128,225,23,0
2025-12-31 00:00:00,0.79128,0.79137,0.79112,0.79126,49,84,0
2025-12-31 00:30:00,0.79125,0.79136,0.79123,0.79136,92,84,0
2025-12-31 01:00:00,0.79137,0.79182,0.79113,0.79172,904,19,0
2025-12-31 01:30:00,0.79171,0.79186,0.79168,0.79178,366,19,0
2025-12-31 02:00:00,0.79176,0.79186,0.79158,0.79164,805,19,0
2025-12-31 02:30:00,0.79165,0.79184,0.79162,0.7917,1105,19,0
2025-12-31 03:00:00,0.79169,0.79178,0.79149,0.79164,952,19,0
2025-12-31 03:30:00,0.79164,0.79183,0.7915,0.7918,757,19,0
2025-12-31 04:00:00,0.79182,0.79235,0.79181,0.79232,986,19,0
2025-12-31 04:30:00,0.79231,0.79237,0.79218,0.79235,815,19,0
2025-12-31 05:00:00,0.79236,0.79239,0.79211,0.79215,729,19,0
2025-12-31 05:30:00,0.79214,0.79217,0.79194,0.79205,555,19,0
2025-12-31 06:00:00,0.79206,0.79237,0.79205,0.79223,307,19,0
2025-12-31 06:30:00,0.79224,0.79252,0.79209,0.79245,731,19,0
2025-12-31 07:00:00,0.79245,0.79258,0.79233,0.79247,458,19,0
2025-12-31 07:30:00,0.79247,0.79272,0.79244,0.79262,547,19,0
2025-12-31 08:00:00,0.79263,0.79297,0.79263,0.79271,566,19,0
2025-12-31 08:30:00,0.7927,0.79275,0.79244,0.79273,405,19,0
2025-12-31 09:00:00,0.79272,0.79324,0.79263,0.79284,505,19,0
2025-12-31 09:30:00,0.79283,0.79311,0.79258,0.79293,763,19,0
2025-12-31 10:00:00,0.79292,0.79367,0.79285,0.79352,747,19,0
2025-12-31 10:30:00,0.79351,0.79413,0.79333,0.79389,844,19,0
2025-12-31 11:00:00,0.79392,0.79393,0.7932,0.79333,988,19,0
2025-12-31 11:30:00,0.79336,0.79341,0.79309,0.79338,744,19,0
2025-12-31 12:00:00,0.79336,0.79352,0.79311,0.79314,720,19,0
2025-12-31 12:30:00,0.79315,0.79335,0.79298,0.79332,889,19,0
2025-12-31 13:00:00,0.79331,0.79371,0.79292,0.79294,582,19,0
2025-12-31 13:30:00,0.79293,0.793,0.79226,0.79229,973,19,0
2025-12-31 14:00:00,0.79228,0.79242,0.79179,0.79194,1378,18,0
2025-12-31 14:30:00,0.79196,0.79235,0.79189,0.79213,1306,18,0
2025-12-31 15:00:00,0.79212,0.79255,0.79163,0.79169,1629,18,0
2025-12-31 15:30:00,0.79167,0.79283,0.79167,0.79239,2366,18,0
2025-12-31 16:00:00,0.7924,0.79265,0.79204,0.79245,1772,18,0
2025-12-31 16:30:00,0.79244,0.7931,0.7921,0.79299,1668,18,0
2025-12-31 17:00:00,0.793,0.79407,0.79299,0.79396,1731,17,0
2025-12-31 17:30:00,0.79397,0.79397,0.79204,0.79216,2628,17,0
2025-12-31 18:00:00,0.79217,0.7931,0.79188,0.79286,2090,18,0
2025-12-31 18:30:00,0.79282,0.79393,0.7928,0.79354,1214,18,0
2025-12-31 19:00:00,0.79355,0.7939,0.79336,0.79372,1004,19,0
2025-12-31 19:30:00,0.79373,0.79385,0.79299,0.79334,991,19,0
2025-12-31 20:00:00,0.79335,0.79336,0.79307,0.79311,74,19,0
2026-01-02 00:00:00,0.79233,0.79236,0.79172,0.79195,73,84,0
2026-01-02 00:30:00,0.79194,0.79222,0.79161,0.7917,1251,84,0
2026-01-02 01:00:00,0.79171,0.79245,0.79169,0.7924,437,19,0
2026-01-02 01:30:00,0.79238,0.79244,0.79189,0.7919,491,19,0
2026-01-02 02:00:00,0.79189,0.79211,0.79168,0.79189,541,19,0
2026-01-02 02:30:00,0.79188,0.79191,0.79143,0.79147,734,19,0
2026-01-02 03:00:00,0.79144,0.79144,0.79097,0.791,839,19,0
2026-01-02 03:30:00,0.79099,0.79122,0.79087,0.79102,811,19,0
2026-01-02 04:00:00,0.79102,0.79105,0.79073,0.7908,693,19,0
2026-01-02 04:30:00,0.79079,0.79097,0.79077,0.79095,737,19,0
2026-01-02 05:00:00,0.79095,0.79121,0.79083,0.79111,778,19,0
2026-01-02 05:30:00,0.7911,0.79126,0.79107,0.79114,725,19,0
2026-01-02 06:00:00,0.79115,0.79166,0.79111,0.79165,479,19,0
2026-01-02 06:30:00,0.79166,0.79191,0.79163,0.79187,684,19,0
2026-01-02 07:00:00,0.79186,0.79206,0.79179,0.79193,694,19,0
2026-01-02 07:30:00,0.79196,0.79238,0.79186,0.79235,467,19,0
2026-01-02 08:00:00,0.79234,0.79288,0.79234,0.79281,701,19,0
2026-01-02 08:30:00,0.79281,0.793,0.79259,0.79269,553,19,0
2026-01-02 09:00:00,0.79271,0.79315,0.79252,0.79315,591,19,0
2026-01-02 09:30:00,0.79319,0.79394,0.79305,0.79335,1155,19,0
2026-01-02 10:00:00,0.79337,0.79391,0.79281,0.79381,1415,19,0
2026-01-02 10:30:00,0.7938,0.7938,0.79323,0.79336,1163,19,0
2026-01-02 11:00:00,0.79337,0.79341,0.79217,0.79264,1348,19,0
2026-01-02 11:30:00,0.79263,0.79362,0.7926,0.79355,990,19,0
2026-01-02 12:00:00,0.79354,0.79402,0.79347,0.79396,969,19,0
2026-01-02 12:30:00,0.79397,0.79397,0.79307,0.79322,1033,19,0
2026-01-02 13:00:00,0.79323,0.79354,0.79308,0.79325,587,19,0
2026-01-02 13:30:00,0.79323,0.79349,0.79294,0.79298,719,19,0
2026-01-02 14:00:00,0.79299,0.7931,0.79262,0.79283,884,18,0
2026-01-02 14:30:00,0.79281,0.79322,0.79278,0.79303,1097,18,0
2026-01-02 15:00:00,0.79303,0.79314,0.79252,0.79302,1172,18,0
2026-01-02 15:30:00,0.79303,0.79325,0.79276,0.79301,1400,18,0
2026-01-02 16:00:00,0.793,0.79316,0.79221,0.79225,1143,18,0
2026-01-02 16:30:00,0.79224,0.79258,0.79199,0.79202,1377,18,0
2026-01-02 17:00:00,0.79203,0.79204,0.79122,0.79148,1464,18,0
2026-01-02 17:30:00,0.79146,0.79161,0.7902,0.79031,2002,18,0
2026-01-02 18:00:00,0.7903,0.79109,0.79002,0.79094,1635,18,0
2026-01-02 18:30:00,0.79095,0.79194,0.79084,0.79173,1333,18,0
2026-01-02 19:00:00,0.79172,0.79201,0.79159,0.79175,720,19,0
2026-01-02 19:30:00,0.79174,0.79201,0.79153,0.79181,679,19,0
2026-01-02 20:00:00,0.79182,0.79218,0.79174,0.79213,616,19,0
2026-01-02 20:30:00,0.79216,0.79259,0.79213,0.79237,755,19,0
2026-01-02 21:00:00,0.79236,0.79263,0.79229,0.79245,629,19,0
2026-01-02 21:30:00,0.79244,0.79254,0.79185,0.79193,594,19,0
2026-01-02 22:00:00,0.79195,0.79231,0.79178,0.79186,617,19,0
2026-01-02 22:30:00,0.79187,0.79238,0.79182,0.79231,588,19,0
2026-01-02 23:00:00,0.79232,0.79233,0.79201,0.79217,268,21,0
2026-01-02 23:30:00,0.7922,0.79265,0.79191,0.79197,306,23,0
2026-01-05 00:00:00,0.79131,0.79185,0.791,0.79144,300,102,0
2026-01-05 00:30:00,0.79154,0.79221,0.79154,0.79198,219,98,0
2026-01-05 01:00:00,0.79201,0.79331,0.79192,0.79271,753,19,0
2026-01-05 01:30:00,0.79272,0.79336,0.79272,0.79315,807,19,0
2026-01-05 02:00:00,0.79316,0.7932,0.79218,0.79253,1388,19,0
2026-01-05 02:30:00,0.79251,0.79289,0.79228,0.7928,1195,19,0
2026-01-05 03:00:00,0.79281,0.79291,0.79207,0.79277,1595,19,0
2026-01-05 03:30:00,0.79278,0.79287,0.79227,0.79263,1563,19,0
2026-01-05 04:00:00,0.79262,0.79316,0.79251,0.79301,1077,19,0
2026-01-05 04:30:00,0.79305,0.79355,0.79288,0.7935,1088,19,0
2026-01-05 05:00:00,0.79351,0.79461,0.79322,0.79453,1169,19,0
2026-01-05 05:30:00,0.79453,0.79487,0.79438,0.7948,1260,19,0
2026-01-05 06:00:00,0.79481,0.79499,0.79455,0.79469,1196,19,0
2026-01-05 06:30:00,0.79468,0.7947,0.79396,0.79408,800,19,0
2026-01-05 07:00:00,0.79407,0.79427,0.79386,0.79415,568,19,0
2026-01-05 07:30:00,0.79415,0.79416,0.79391,0.79404,718,19,0
2026-01-05 08:00:00,0.79404,0.79453,0.79386,0.79392,786,19,0
2026-01-05 08:30:00,0.79392,0.79403,0.79362,0.79371,699,19,0
2026-01-05 09:00:00,0.79374,0.79423,0.7936,0.79396,843,19,0
2026-01-05 09:30:00,0.79397,0.79432,0.79379,0.79404,1146,19,0
2026-01-05 10:00:00,0.79403,0.79464,0.79371,0.79371,1626,19,0
2026-01-05 10:30:00,0.79372,0.79501,0.79361,0.79495,1374,19,0
2026-01-05 11:00:00,0.79494,0.79572,0.79479,0.79545,1302,19,0
2026-01-05 11:30:00,0.79549,0.79657,0.79544,0.79627,1243,19,0
2026-01-05 12:00:00,0.79629,0.79661,0.79548,0.79595,1348,19,0
2026-01-05 12:30:00,0.79599,0.79613,0.79441,0.79442,1182,19,0
2026-01-05 13:00:00,0.79443,0.79504,0.79433,0.79495,1329,19,0
2026-01-05 13:30:00,0.79496,0.79511,0.79434,0.79458,1162,19,0
2026-01-05 14:00:00,0.79457,0.79515,0.79448,0.79473,1214,18,0
2026-01-05 14:30:00,0.79472,0.79494,0.79397,0.79483,1462,18,0
2026-01-05 15:00:00,0.79484,0.79647,0.7947,0.7963,2524,18,0
2026-01-05 15:30:00,0.79631,0.79667,0.79526,0.79536,2025,18,0
2026-01-05 16:00:00,0.79535,0.79573,0.7949,0.79561,1610,18,0
2026-01-05 16:30:00,0.79562,0.79584,0.79483,0.79508,2016,17,0
2026-01-05 17:00:00,0.79491,0.79506,0.79368,0.79402,2311,18,0
2026-01-05 17:30:00,0.79403,0.7942,0.7932,0.79341,1975,18,0
2026-01-05 18:00:00,0.7934,0.79343,0.79262,0.79269,1603,18,0
2026-01-05 18:30:00,0.79273,0.79279,0.79222,0.79233,1573,18,0
2026-01-05 19:00:00,0.79231,0.79301,0.79218,0.79239,1102,19,0
2026-01-05 19:30:00,0.79238,0.79294,0.79225,0.79253,807,19,0
2026-01-05 20:00:00,0.79254,0.79266,0.79228,0.79252,510,19,0
2026-01-05 20:30:00,0.79251,0.79251,0.79155,0.79157,547,19,0
2026-01-05 21:00:00,0.79154,0.79178,0.79128,0.79136,825,19,0
2026-01-05 21:30:00,0.79137,0.79152,0.79127,0.79143,582,19,0
2026-01-05 22:00:00,0.79144,0.79145,0.79117,0.7914,435,19,0
2026-01-05 22:30:00,0.7914,0.79158,0.79125,0.79137,307,19,0
2026-01-05 23:00:00,0.79138,0.79158,0.79126,0.79145,299,21,0
2026-01-05 23:30:00,0.79144,0.79169,0.79121,0.79123,466,23,0
2026-01-06 00:00:00,0.79101,0.79151,0.79101,0.79123,163,84,0
2026-01-06 00:30:00,0.79127,0.79155,0.79121,0.79151,197,84,0
2026-01-06 01:00:00,0.79138,0.79187,0.79111,0.79184,587,19,0
2026-01-06 01:30:00,0.79183,0.79217,0.79181,0.7921,419,19,0
2026-01-06 02:00:00,0.7921,0.7924,0.79198,0.79239,532,19,0
2026-01-06 02:30:00,0.79239,0.79257,0.79179,0.79185,961,19,0
2026-01-06 03:00:00,0.79184,0.79233,0.79157,0.7921,1157,19,0
2026-01-06 03:30:00,0.79209,0.79218,0.79125,0.79127,939,19,0
2026-01-06 04:00:00,0.79126,0.79143,0.7911,0.79138,790,19,0
2026-01-06 04:30:00,0.79138,0.79142,0.79066,0.79071,925,19,0
2026-01-06 05:00:00,0.79072,0.79105,0.79059,0.79097,607,19,0
2026-01-06 05:30:00,0.79097,0.79107,0.79068,0.79093,688,19,0
2026-01-06 06:00:00,0.79094,0.79119,0.7909,0.79116,452,19,0
2026-01-06 06:30:00,0.79114,0.79117,0.79095,0.791,476,19,0
2026-01-06 07:00:00,0.79101,0.79103,0.79074,0.79079,434,19,0
2026-01-06 07:30:00,0.79081,0.79136,0.7908,0.79129,702,19,0
2026-01-06 08:00:00,0.7913,0.79142,0.79108,0.79112,722,19,0
2026-01-06 08:30:00,0.79113,0.79139,0.79105,0.79119,574,19,0
2026-01-06 09:00:00,0.79116,0.79122,0.7907,0.79105,829,19,0
2026-01-06 09:30:00,0.79104,0.79128,0.79052,0.79109,976,19,0
2026-01-06 10:00:00,0.79111,0.79173,0.79067,0.7917,1490,19,0
2026-01-06 10:30:00,0.79169,0.79227,0.79155,0.7921,1112,19,0
2026-01-06 11:00:00,0.79211,0.79265,0.792,0.7925,1328,19,0
2026-01-06 11:30:00,0.79251,0.79274,0.79225,0.79251,1321,19,0
2026-01-06 12:00:00,0.79252,0.79281,0.79226,0.79262,956,19,0
2026-01-06 12:30:00,0.79261,0.79273,0.79228,0.79249,880,19,0
2026-01-06 13:00:00,0.7925,0.7932,0.7925,0.79292,954,19,0
2026-01-06 13:30:00,0.79293,0.79327,0.79276,0.79312,716,19,0
2026-01-06 14:00:00,0.79313,0.79313,0.79245,0.79295,903,18,0
2026-01-06 14:30:00,0.79294,0.79388,0.79292,0.79374,1093,18,0
2026-01-06 15:00:00,0.79375,0.79387,0.79262,0.79284,2175,18,0
2026-01-06 15:30:00,0.79284,0.79329,0.79257,0.79275,1835,18,0
2026-01-06 16:00:00,0.79274,0.79326,0.7923,0.79301,1815,18,0
2026-01-06 16:30:00,0.79302,0.7932,0.79252,0.79295,2405,18,0
2026-01-06 17:00:00,0.79297,0.79464,0.79297,0.79459,2633,18,0
2026-01-06 17:30:00,0.79462,0.79545,0.79449,0.79477,2271,18,0
2026-01-06 18:00:00,0.79478,0.79582,0.79465,0.79576,1720,18,0
2026-01-06 18:30:00,0.79577,0.79578,0.79505,0.79535,1396,18,0
2026-01-06 19:00:00,0.79536,0.79558,0.79512,0.79522,741,19,0
2026-01-06 19:30:00,0.79523,0.79546,0.79485,0.79486,634,19,0
2026-01-06 20:00:00,0.79487,0.79515,0.79474,0.79507,636,19,0
2026-01-06 20:30:00,0.79508,0.79561,0.79508,0.79554,621,19,0
2026-01-06 21:00:00,0.79555,0.79585,0.79552,0.7958,694,19,0
2026-01-06 21:30:00,0.79579,0.79585,0.79518,0.79527,660,19,0
2026-01-06 22:00:00,0.79526,0.79538,0.795,0.79528,516,19,0
2026-01-06 22:30:00,0.79529,0.79568,0.79512,0.79567,526,19,0
2026-01-06 23:00:00,0.79566,0.79578,0.79551,0.79575,252,22,0
2026-01-06 23:30:00,0.79574,0.79576,0.79506,0.79506,327,23,0
2026-01-07 00:00:00,0.79506,0.79507,0.7946,0.79482,58,84,0
2026-01-07 00:30:00,0.79483,0.79514,0.79468,0.79505,156,84,0
2026-01-07 01:00:00,0.7947,0.79564,0.7947,0.79547,997,19,0
2026-01-07 01:30:00,0.79546,0.7957,0.79546,0.79563,554,19,0
2026-01-07 02:00:00,0.79564,0.79578,0.79548,0.79571,784,19,0
2026-01-07 02:30:00,0.7957,0.79573,0.79516,0.79535,1284,19,0
2026-01-07 03:00:00,0.79534,0.79554,0.79525,0.79541,1304,19,0
2026-01-07 03:30:00,0.7954,0.79546,0.79455,0.7949,1331,19,0
2026-01-07 04:00:00,0.79491,0.79495,0.79431,0.79475,1036,19,0
2026-01-07 04:30:00,0.79475,0.79523,0.79462,0.79511,794,19,0
2026-01-07 05:00:00,0.79512,0.79512,0.79469,0.79478,759,19,0
2026-01-07 05:30:00,0.79476,0.79487,0.79465,0.79474,741,19,0
2026-01-07 06:00:00,0.79475,0.79494,0.79444,0.79489,1202,19,0
2026-01-07 06:30:00,0.79489,0.79516,0.79479,0.79515,870,19,0
2026-01-07 07:00:00,0.79514,0.79518,0.79487,0.79493,1003,19,0
2026-01-07 07:30:00,0.79494,0.79516,0.79489,0.79509,975,19,0
2026-01-07 08:00:00,0.79508,0.79515,0.79473,0.79475,782,19,0
2026-01-07 08:30:00,0.79474,0.79489,0.79443,0.79461,951,19,0
2026-01-07 09:00:00,0.7946,0.79541,0.7944,0.79537,830,19,0
2026-01-07 09:30:00,0.79538,0.79657,0.79538,0.79633,1562,19,0
2026-01-07 10:00:00,0.79635,0.79664,0.79604,0.79663,1415,19,0
2026-01-07 10:30:00,0.79662,0.79666,0.79556,0.79572,1182,19,0
2026-01-07 11:00:00,0.79571,0.79597,0.79541,0.7957,875,19,0
2026-01-07 11:30:00,0.79566,0.79593,0.79552,0.79573,821,19,0
2026-01-07 12:00:00,0.79577,0.79585,0.79542,0.79571,1076,19,0
2026-01-07 12:30:00,0.79572,0.79592,0.7953,0.79586,1085,19,0
2026-01-07 13:00:00,0.79587,0.79636,0.79564,0.79609,877,19,0
2026-01-07 13:30:00,0.7961,0.79674,0.79596,0.79617,822,19,0
2026-01-07 14:00:00,0.79617,0.79657,0.79598,0.79645,1256,18,0
2026-01-07 14:30:00,0.79642,0.79642,0.79574,0.79579,1154,18,0
2026-01-07 15:00:00,0.79584,0.79626,0.79566,0.79601,1773,17,0
2026-01-07 15:30:00,0.79602,0.79613,0.79531,0.79551,1722,18,0
2026-01-07 16:00:00,0.79583,0.79617,0.79559,0.79587,2048,18,0
2026-01-07 16:30:00,0.79589,0.7959,0.79504,0.79511,2443,17,0
2026-01-07 17:00:00,0.79512,0.7972,0.7951,0.79669,3251,17,0
2026-01-07 17:30:00,0.79668,0.7969,0.79562,0.79642,2349,17,0
2026-01-07 18:00:00,0.79641,0.7971,0.79622,0.79692,1769,18,0
2026-01-07 18:30:00,0.79693,0.797,0.79655,0.79662,1189,18,0
2026-01-07 19:00:00,0.79661,0.797,0.79616,0.79644,1071,19,0
2026-01-07 19:30:00,0.79643,0.79699,0.79639,0.7968,930,19,0
2026-01-07 20:00:00,0.79679,0.79704,0.79664,0.79689,980,19,0
2026-01-07 20:30:00,0.7969,0.79753,0.79663,0.7975,980,19,0
2026-01-07 21:00:00,0.79751,0.79766,0.79719,0.7976,948,19,0
2026-01-07 21:30:00,0.79761,0.79764,0.79724,0.79736,846,19,0
2026-01-07 22:00:00,0.79735,0.79751,0.7971,0.79739,711,19,0
2026-01-07 22:30:00,0.79739,0.79755,0.7972,0.79751,749,19,0
2026-01-07 23:00:00,0.79752,0.79774,0.79748,0.79774,521,19,0
2026-01-07 23:30:00,0.79773,0.7978,0.79701,0.79701,472,23,0
2026-01-08 00:00:00,0.79617,0.79712,0.79595,0.79654,72,84,0
2026-01-08 00:30:00,0.79656,0.79704,0.79653,0.79666,126,84,0
2026-01-08 01:00:00,0.79661,0.79769,0.7966,0.79751,668,19,0
2026-01-08 01:30:00,0.79753,0.79775,0.79753,0.79763,268,19,0
2026-01-08 02:00:00,0.79761,0.79767,0.79742,0.79751,587,19,0
2026-01-08 02:30:00,0.79752,0.79762,0.7974,0.79753,844,19,0
2026-01-08 03:00:00,0.79753,0.79785,0.79753,0.79785,927,19,0
2026-01-08 03:30:00,0.79783,0.79792,0.79764,0.79774,916,19,0
2026-01-08 04:00:00,0.79773,0.79786,0.79758,0.79776,836,19,0
2026-01-08 04:30:00,0.79777,0.79778,0.79726,0.79731,968,19,0
2026-01-08 05:00:00,0.79733,0.79733,0.79703,0.79705,763,19,0
2026-01-08 05:30:00,0.79708,0.79728,0.79693,0.79717,568,19,0
2026-01-08 06:00:00,0.7972,0.79735,0.79713,0.79735,644,19,0
2026-01-08 06:30:00,0.79734,0.79736,0.79714,0.79721,452,19,0
2026-01-08 07:00:00,0.7972,0.79741,0.79718,0.79734,716,19,0
2026-01-08 07:30:00,0.79738,0.79738,0.79699,0.79712,835,19,0
2026-01-08 08:00:00,0.79711,0.79717,0.79685,0.79709,871,19,0
2026-01-08 08:30:00,0.79709,0.79711,0.79685,0.79704,934,19,0
2026-01-08 09:00:00,0.79705,0.79757,0.79684,0.79729,805,18,0
2026-01-08 09:30:00,0.79672,0.79749,0.79672,0.79732,1133,19,0
2026-01-08 10:00:00,0.79731,0.79793,0.79729,0.79765,1170,19,0
2026-01-08 10:30:00,0.79768,0.79836,0.79755,0.7981,1183,19,0
2026-01-08 11:00:00,0.79811,0.79841,0.79791,0.7981,1062,19,0
2026-01-08 11:30:00,0.79809,0.79816,0.79727,0.79745,1019,19,0
2026-01-08 12:00:00,0.79746,0.79771,0.79704,0.79714,1134,19,0
2026-01-08 12:30:00,0.79713,0.79718,0.79672,0.79675,934,19,0
2026-01-08 13:00:00,0.79674,0.79735,0.79673,0.79724,735,19,0
2026-01-08 13:30:00,0.79725,0.79735,0.79696,0.79702,742,19,0
2026-01-08 14:00:00,0.79705,0.79775,0.79701,0.79761,1034,18,0
2026-01-08 14:30:00,0.7976,0.79787,0.79743,0.79768,962,18,0
2026-01-08 15:00:00,0.79767,0.79774,0.7972,0.79732,1214,17,0
2026-01-08 15:30:00,0.7973,0.7984,0.79729,0.79815,1802,17,0
2026-01-08 16:00:00,0.79816,0.79884,0.7978,0.79857,1773,18,0
2026-01-08 16:30:00,0.79853,0.79874,0.79794,0.79794,1633,18,0
2026-01-08 17:00:00,0.79793,0.79834,0.79742,0.79771,1435,18,0
2026-01-08 17:30:00,0.79769,0.79857,0.79755,0.79856,1602,18,0
2026-01-08 18:00:00,0.79857,0.79947,0.79842,0.79915,1425,18,0
2026-01-08 18:30:00,0.79914,0.79942,0.79893,0.79921,1271,18,0
2026-01-08 19:00:00,0.79925,0.79969,0.79908,0.79968,863,19,0
2026-01-08 19:30:00,0.79969,0.79979,0.79931,0.79937,674,19,0
2026-01-08 20:00:00,0.79938,0.79955,0.79924,0.79936,497,19,0
2026-01-08 20:30:00,0.79935,0.7998,0.79923,0.79977,467,19,0
2026-01-08 21:00:00,0.79978,0.79988,0.79962,0.79969,369,19,0
2026-01-08 21:30:00,0.79968,0.79973,0.79937,0.79938,418,19,0
2026-01-08 22:00:00,0.79939,0.79943,0.79915,0.79916,445,19,0
2026-01-08 22:30:00,0.79915,0.79949,0.79909,0.79945,460,19,0
2026-01-08 23:00:00,0.79944,0.79945,0.79908,0.79908,510,20,0
2026-01-08 23:30:00,0.79909,0.79913,0.79848,0.79868,621,23,0
2026-01-09 00:00:00,0.79872,0.79884,0.79767,0.79798,127,84,0
2026-01-09 00:30:00,0.79778,0.79833,0.79775,0.79817,226,84,0
2026-01-09 01:00:00,0.7983,0.79898,0.798,0.79889,442,19,0
2026-01-09 01:30:00,0.7989,0.79905,0.79888,0.79894,443,19,0
2026-01-09 02:00:00,0.79893,0.7992,0.79888,0.79907,603,19,0
2026-01-09 02:30:00,0.79906,0.79923,0.79906,0.79915,919,19,0
2026-01-09 03:00:00,0.79916,0.79957,0.79913,0.79947,959,19,0
2026-01-09 03:30:00,0.79948,0.79992,0.7993,0.79975,1086,19,0
2026-01-09 04:00:00,0.79976,0.80003,0.79963,0.79986,1460,19,0
2026-01-09 04:30:00,0.79984,0.79984,0.79923,0.79924,921,19,0
2026-01-09 05:00:00,0.79924,0.79949,0.79918,0.79929,688,19,0
2026-01-09 05:30:00,0.79933,0.79946,0.79913,0.79945,498,19,0
2026-01-09 06:00:00,0.79944,0.79969,0.79937,0.7995,605,19,0
2026-01-09 06:30:00,0.79949,0.79956,0.7994,0.7995,789,19,0
2026-01-09 07:00:00,0.79951,0.79961,0.79937,0.79958,920,19,0
2026-01-09 07:30:00,0.79954,0.7999,0.79953,0.79965,795,19,0
2026-01-09 08:00:00,0.79964,0.7998,0.79951,0.79959,834,19,0
2026-01-09 08:30:00,0.79959,0.79973,0.79935,0.79969,645,19,0
2026-01-09 09:00:00,0.7997,0.80015,0.79964,0.79996,761,19,0
2026-01-09 09:30:00,0.79994,0.80026,0.79956,0.79957,1057,19,0
2026-01-09 10:00:00,0.79955,0.80016,0.79934,0.79985,1459,19,0
2026-01-09 10:30:00,0.79984,0.80017,0.79963,0.79973,1295,19,0
2026-01-09 11:00:00,0.79969,0.79991,0.79927,0.7999,1102,19,0
2026-01-09 11:30:00,0.79991,0.80006,0.79974,0.80003,783,19,0
2026-01-09 12:00:00,0.80004,0.80022,0.79988,0.80002,855,19,0
2026-01-09 12:30:00,0.80003,0.80022,0.79947,0.79949,765,19,0
2026-01-09 13:00:00,0.79947,0.80002,0.79944,0.7997,916,19,0
2026-01-09 13:30:00,0.79971,0.79998,0.79947,0.79969,691,19,0
2026-01-09 14:00:00,0.79968,0.80018,0.79955,0.79993,959,18,0
2026-01-09 14:30:00,0.79994,0.80023,0.79981,0.80014,1392,18,0
2026-01-09 15:00:00,0.80015,0.80015,0.79916,0.79921,1427,17,0
2026-01-09 15:30:00,0.7992,0.80105,0.79852,0.7996,4897,18,0
2026-01-09 16:00:00,0.7996,0.80081,0.79893,0.80056,3787,18,0
2026-01-09 16:30:00,0.80054,0.80129,0.79987,0.80081,3200,17,0
2026-01-09 17:00:00,0.8008,0.80168,0.80062,0.80112,3293,17,0
2026-01-09 17:30:00,0.80114,0.80131,0.80054,0.80096,2696,18,0
2026-01-09 18:00:00,0.80097,0.80149,0.80053,0.80148,2056,18,0
2026-01-09 18:30:00,0.80149,0.80161,0.80093,0.80113,1843,18,0
2026-01-09 19:00:00,0.80112,0.80148,0.80101,0.80135,967,19,0
2026-01-09 19:30:00,0.80134,0.80149,0.8012,0.80134,624,19,0
2026-01-09 20:00:00,0.80135,0.80146,0.80121,0.80126,596,19,0
2026-01-09 20:30:00,0.80125,0.80127,0.80073,0.80124,621,19,0
2026-01-09 21:00:00,0.80123,0.80127,0.8007,0.80078,533,19,0
2026-01-09 21:30:00,0.80079,0.80112,0.80078,0.80088,464,19,0
2026-01-09 22:00:00,0.80087,0.8009,0.80062,0.80065,326,19,0
2026-01-09 22:30:00,0.80064,0.80076,0.80056,0.80068,469,20,0
2026-01-09 23:00:00,0.80067,0.80073,0.80055,0.8007,391,22,0
2026-01-09 23:30:00,0.80071,0.80109,0.80068,0.80084,442,23,0
2026-01-12 00:00:00,0.80007,0.80019,0.79995,0.79996,98,120,0
2026-01-12 00:30:00,0.79997,0.8005,0.79993,0.80039,331,98,0
2026-01-12 01:00:00,0.80019,0.80164,0.80017,0.80161,563,20,0
2026-01-12 01:30:00,0.8016,0.80168,0.80144,0.80157,599,19,0
2026-01-12 02:00:00,0.80156,0.80164,0.79946,0.79974,1654,19,0
2026-01-12 02:30:00,0.79975,0.79977,0.79735,0.79742,2438,19,0
2026-01-12 03:00:00,0.79741,0.79791,0.79715,0.79752,2408,19,0
2026-01-12 03:30:00,0.79753,0.79843,0.79748,0.79835,1375,19,0
2026-01-12 04:00:00,0.79834,0.79866,0.79794,0.79864,910,19,0
2026-01-12 04:30:00,0.79865,0.79904,0.79825,0.79899,1055,19,0
2026-01-12 05:00:00,0.79897,0.79897,0.79854,0.79875,829,19,0
2026-01-12 05:30:00,0.79874,0.799,0.79869,0.79898,604,19,0
2026-01-12 06:00:00,0.79899,0.79915,0.79876,0.79891,764,19,0
2026-01-12 06:30:00,0.79894,0.79921,0.79885,0.79885,484,19,0
2026-01-12 07:00:00,0.79886,0.79887,0.7982,0.79824,1059,19,0
2026-01-12 07:30:00,0.79825,0.79828,0.79767,0.79789,961,19,0
2026-01-12 08:00:00,0.7979,0.79821,0.79778,0.79789,895,19,0
2026-01-12 08:30:00,0.79788,0.79829,0.7975,0.79777,1123,19,0
2026-01-12 09:00:00,0.79777,0.7978,0.79625,0.79652,1351,19,0
2026-01-12 09:30:00,0.79648,0.79678,0.79613,0.79636,1457,19,0
2026-01-12 10:00:00,0.79637,0.79697,0.79594,0.79678,1585,19,0
2026-01-12 10:30:00,0.79677,0.79678,0.79554,0.79585,1523,19,0
2026-01-12 11:00:00,0.79584,0.7961,0.79549,0.79576,1519,19,0
2026-01-12 11:30:00,0.79577,0.79694,0.79575,0.79693,1149,19,0
2026-01-12 12:00:00,0.79691,0.79777,0.79666,0.79741,1210,19,0
2026-01-12 12:30:00,0.79742,0.7978,0.7968,0.7969,1217,19,0
2026-01-12 13:00:00,0.79689,0.79715,0.79662,0.79681,945,19,0
2026-01-12 13:30:00,0.79682,0.7978,0.79673,0.79755,1144,19,0
2026-01-12 14:00:00,0.79758,0.79786,0.79723,0.79753,1323,18,0
2026-01-12 14:30:00,0.79751,0.79776,0.79703,0.79738,1404,18,0
2026-01-12 15:00:00,0.79732,0.79762,0.79616,0.79658,1775,18,0
2026-01-12 15:30:00,0.79659,0.79663,0.79559,0.79629,1798,18,0
2026-01-12 16:00:00,0.7963,0.79756,0.79621,0.79755,2070,18,0
2026-01-12 16:30:00,0.79754,0.79778,0.79709,0.79716,2143,18,0
2026-01-12 17:00:00,0.79715,0.79733,0.79651,0.79687,1416,18,0
2026-01-12 17:30:00,0.79688,0.79688,0.79574,0.79612,1565,18,0
2026-01-12 18:00:00,0.79611,0.79694,0.79603,0.79622,1590,18,0
2026-01-12 18:30:00,0.79621,0.79718,0.79603,0.7971,1220,18,0
2026-01-12 19:00:00,0.79712,0.79754,0.79678,0.79733,936,19,0
2026-01-12 19:30:00,0.79732,0.79739,0.79677,0.79702,872,19,0
2026-01-12 20:00:00,0.79701,0.79751,0.79697,0.79715,797,19,0
2026-01-12 20:30:00,0.79716,0.79732,0.79694,0.79698,569,19,0
2026-01-12 21:00:00,0.79697,0.79724,0.79659,0.79679,503,19,0
2026-01-12 21:30:00,0.7968,0.79699,0.79671,0.7969,447,19,0
2026-01-12 22:00:00,0.79691,0.79709,0.79673,0.797,465,19,0
2026-01-12 22:30:00,0.79699,0.79767,0.79689,0.79758,627,19,0
2026-01-12 23:00:00,0.79757,0.79774,0.79734,0.79736,322,21,0
2026-01-12 23:30:00,0.79737,0.79744,0.79689,0.79689,665,23,0
2026-01-13 00:00:00,0.7964,0.79714,0.79635,0.79676,124,84,0
2026-01-13 00:30:00,0.79676,0.79698,0.79657,0.79665,500,84,0
2026-01-13 01:00:00,0.79661,0.79745,0.79658,0.79736,829,19,0
2026-01-13 01:30:00,0.79736,0.79762,0.79718,0.7972,613,19,0
2026-01-13 02:00:00,0.79721,0.79762,0.79719,0.79754,707,19,0
2026-01-13 02:30:00,0.79754,0.79773,0.79738,0.79741,1057,19,0
2026-01-13 03:00:00,0.79742,0.79777,0.79736,0.79766,946,19,0
2026-01-13 03:30:00,0.79765,0.79785,0.79752,0.79782,1020,19,0
2026-01-13 04:00:00,0.79784,0.79792,0.7976,0.79776,756,19,0
2026-01-13 04:30:00,0.7978,0.79782,0.79757,0.7976,858,19,0
2026-01-13 05:00:00,0.79759,0.79774,0.79727,0.79745,591,19,0
2026-01-13 05:30:00,0.79744,0.7978,0.79743,0.79773,704,19,0
2026-01-13 06:00:00,0.79773,0.79777,0.79713,0.7973,1262,19,0
2026-01-13 06:30:00,0.79729,0.7974,0.79708,0.79711,848,19,0
2026-01-13 07:00:00,0.7971,0.79719,0.79672,0.79682,1186,19,0
2026-01-13 07:30:00,0.79683,0.79735,0.79674,0.79721,592,19,0
2026-01-13 08:00:00,0.79722,0.79779,0.79721,0.79777,926,19,0
2026-01-13 08:30:00,0.79778,0.79787,0.79751,0.79759,992,19,0
2026-01-13 09:00:00,0.7976,0.79779,0.79743,0.79768,805,19,0
2026-01-13 09:30:00,0.79769,0.79772,0.79734,0.79735,960,19,0
2026-01-13 10:00:00,0.79737,0.7975,0.79667,0.79745,1397,19,0
2026-01-13 10:30:00,0.79744,0.79786,0.79723,0.79751,1294,19,0
2026-01-13 11:00:00,0.79752,0.79789,0.79749,0.7977,1115,19,0
2026-01-13 11:30:00,0.79773,0.79778,0.79738,0.79761,974,18,0
2026-01-13 12:00:00,0.7976,0.7982,0.79739,0.79819,880,18,0
2026-01-13 12:30:00,0.7982,0.79831,0.79799,0.79824,1115,19,0
2026-01-13 13:00:00,0.79825,0.79841,0.79811,0.79822,788,19,0
2026-01-13 13:30:00,0.79824,0.79838,0.79809,0.79815,836,19,0
2026-01-13 14:00:00,0.79815,0.7984,0.79811,0.79831,558,19,0
2026-01-13 14:30:00,0.79832,0.79899,0.79828,0.79879,1107,20,0
2026-01-13 15:00:00,0.7988,0.79919,0.79847,0.79858,1402,18,0
2026-01-13 15:30:00,0.79859,0.79869,0.79727,0.79822,4348,19,0
2026-01-13 16:00:00,0.79824,0.7983,0.79771,0.7979,1874,19,0
2026-01-13 16:30:00,0.79789,0.79929,0.79788,0.79853,2281,20,0
2026-01-13 17:00:00,0.79852,0.7999,0.79847,0.79985,2223,18,0
2026-01-13 17:30:00,0.79986,0.80032,0.79937,0.7998,1940,18,0
2026-01-13 18:00:00,0.79977,0.80149,0.79959,0.8012,1990,18,0
2026-01-13 18:30:00,0.80119,0.80123,0.80042,0.80042,1236,18,0
2026-01-13 19:00:00,0.80041,0.80117,0.80013,0.80105,805,19,0
2026-01-13 19:30:00,0.80106,0.80106,0.80053,0.80069,777,19,0
2026-01-13 20:00:00,0.80068,0.80113,0.80048,0.80064,849,19,0
2026-01-13 20:30:00,0.80064,0.80077,0.80011,0.80013,732,19,0
2026-01-13 21:00:00,0.80012,0.80066,0.80011,0.80063,602,19,0
2026-01-13 21:30:00,0.80064,0.80082,0.80045,0.80054,573,19,0
2026-01-13 22:00:00,0.80052,0.80074,0.80047,0.8007,411,19,0
2026-01-13 22:30:00,0.80071,0.80076,0.80042,0.80071,501,19,0
2026-01-13 23:00:00,0.80072,0.80086,0.80051,0.80058,342,22,0
2026-01-13 23:30:00,0.80061,0.80089,0.80056,0.80061,248,23,0
2026-01-14 00:00:00,0.80056,0.80058,0.80038,0.80051,164,84,0
2026-01-14 00:30:00,0.8005,0.80073,0.80043,0.8006,1773,84,0
2026-01-14 01:00:00,0.80069,0.80093,0.80067,0.80084,577,19,0
2026-01-14 01:30:00,0.80083,0.80105,0.80077,0.80104,436,19,0
2026-01-14 02:00:00,0.80105,0.80138,0.80096,0.80108,1082,19,0
2026-01-14 02:30:00,0.80107,0.8013,0.80104,0.8012,1185,19,0
2026-01-14 03:00:00,0.80121,0.8016,0.80118,0.80153,898,19,0
2026-01-14 03:30:00,0.80154,0.80161,0.80141,0.80152,1012,19,0
2026-01-14 04:00:00,0.80151,0.80166,0.8014,0.80144,970,19,0
2026-01-14 04:30:00,0.80145,0.80151,0.80116,0.80122,860,19,0
2026-01-14 05:00:00,0.80121,0.80125,0.80089,0.80094,889,19,0
2026-01-14 05:30:00,0.80093,0.80093,0.80054,0.80077,584,19,0
2026-01-14 06:00:00,0.80079,0.80104,0.80069,0.80104,609,19,0
2026-01-14 06:30:00,0.80104,0.8013,0.80102,0.80125,543,19,0
2026-01-14 07:00:00,0.80126,0.80143,0.80113,0.80133,560,19,0
2026-01-14 07:30:00,0.80133,0.80135,0.80111,0.80129,709,19,0
2026-01-14 08:00:00,0.80129,0.80143,0.8009,0.80098,825,19,0
2026-01-14 08:30:00,0.80097,0.80103,0.80065,0.8007,1032,19,0
2026-01-14 09:00:00,0.80069,0.80082,0.8004,0.80066,826,19,0
2026-01-14 09:30:00,0.80066,0.80105,0.80053,0.80098,904,19,0
2026-01-14 10:00:00,0.801,0.80155,0.80065,0.80146,1372,19,0
2026-01-14 10:30:00,0.80145,0.80267,0.8013,0.80206,2162,19,0
2026-01-14 11:00:00,0.80205,0.8026,0.80176,0.80255,1460,19,0
2026-01-14 11:30:00,0.80256,0.80261,0.80158,0.8019,1255,19,0
2026-01-14 12:00:00,0.8019,0.80234,0.80095,0.80095,1019,19,0
2026-01-14 12:30:00,0.80094,0.80116,0.8004,0.80088,1163,19,0
2026-01-14 13:00:00,0.80089,0.80125,0.80073,0.8011,810,19,0
2026-01-14 13:30:00,0.80109,0.8011,0.80063,0.80089,656,19,0
2026-01-14 14:00:00,0.80088,0.80108,0.80028,0.80097,1317,20,0
2026-01-14 14:30:00,0.80102,0.80113,0.80026,0.8003,997,19,0
2026-01-14 15:00:00,0.80029,0.80098,0.80028,0.80044,1120,17,0
2026-01-14 15:30:00,0.80042,0.80133,0.80039,0.80106,1523,18,0
2026-01-14 16:00:00,0.80105,0.8011,0.7998,0.80031,1768,18,0
2026-01-14 16:30:00,0.80035,0.8004,0.7993,0.79968,1996,18,0
2026-01-14 17:00:00,0.79967,0.80006,0.79938,0.79971,2483,17,0
2026-01-14 17:30:00,0.79972,0.79989,0.79862,0.79865,1835,17,0
2026-01-14 18:00:00,0.79864,0.79896,0.79826,0.79886,1138,18,0
2026-01-14 18:30:00,0.79885,0.799,0.7985,0.79865,1261,18,0
2026-01-14 19:00:00,0.79866,0.79919,0.79856,0.79915,821,19,0
2026-01-14 19:30:00,0.79914,0.79958,0.79914,0.79951,576,19,0
2026-01-14 20:00:00,0.7995,0.79999,0.79947,0.79977,472,19,0
2026-01-14 20:30:00,0.79978,0.80014,0.79958,0.80014,528,19,0
2026-01-14 21:00:00,0.80014,0.80035,0.79999,0.80027,533,19,0
2026-01-14 21:30:00,0.80026,0.8004,0.80004,0.80034,470,19,0
2026-01-14 22:00:00,0.80029,0.80029,0.79985,0.79989,737,19,0
2026-01-14 22:30:00,0.79987,0.80034,0.79967,0.80029,617,19,0
2026-01-14 23:00:00,0.8003,0.8003,0.79999,0.80024,484,22,0
2026-01-14 23:30:00,0.80025,0.8003,0.79948,0.79948,651,23,0
2026-01-15 00:00:00,0.79947,0.79959,0.79815,0.79921,793,84,0
2026-01-15 00:30:00,0.79922,0.79957,0.79883,0.7994,525,86,0
2026-01-15 01:00:00,0.79952,0.79976,0.79923,0.79953,1058,19,0
2026-01-15 01:30:00,0.79957,0.79976,0.7995,0.7997,802,19,0
2026-01-15 02:00:00,0.79971,0.79985,0.79943,0.79964,730,19,0
2026-01-15 02:30:00,0.79963,0.79985,0.79952,0.79964,803,19,0
2026-01-15 03:00:00,0.79965,0.79969,0.79943,0.79966,965,19,0
2026-01-15 03:30:00,0.79967,0.79996,0.79955,0.79975,969,19,0
2026-01-15 04:00:00,0.79974,0.79988,0.79949,0.79984,777,19,0
2026-01-15 04:30:00,0.79985,0.79999,0.79978,0.79983,703,19,0
2026-01-15 05:00:00,0.79983,0.80019,0.7998,0.80004,555,19,0
2026-01-15 05:30:00,0.80007,0.80047,0.80007,0.80036,583,19,0
2026-01-15 06:00:00,0.80035,0.8007,0.80033,0.80063,525,19,0
2026-01-15 06:30:00,0.80064,0.80103,0.80061,0.80099,483,19,0
2026-01-15 07:00:00,0.801,0.80106,0.80075,0.80081,542,19,0
2026-01-15 07:30:00,0.8008,0.80096,0.80073,0.80092,607,19,0
2026-01-15 08:00:00,0.80091,0.80119,0.80062,0.80104,794,19,0
2026-01-15 08:30:00,0.80102,0.80128,0.80092,0.80095,719,18,0
2026-01-15 09:00:00,0.80096,0.80155,0.80072,0.80136,826,19,0
2026-01-15 09:30:00,0.8014,0.8014,0.80083,0.80114,886,19,0
2026-01-15 10:00:00,0.8012,0.80151,0.80105,0.80119,965,19,0
2026-01-15 10:30:00,0.80116,0.8015,0.80115,0.8015,906,19,0
2026-01-15 11:00:00,0.80151,0.80165,0.80092,0.80123,1153,19,0
2026-01-15 11:30:00,0.80124,0.80125,0.80007,0.8004,852,19,0
2026-01-15 12:00:00,0.80041,0.80067,0.80029,0.80042,835,19,0
2026-01-15 12:30:00,0.80043,0.80051,0.80006,0.80026,805,19,0
2026-01-15 13:00:00,0.80022,0.80081,0.8002,0.80057,946,19,0
2026-01-15 13:30:00,0.80057,0.80114,0.80043,0.80112,913,19,0
2026-01-15 14:00:00,0.80113,0.80119,0.80065,0.80073,737,18,0
2026-01-15 14:30:00,0.80074,0.80141,0.80058,0.80129,948,18,0
2026-01-15 15:00:00,0.8013,0.80166,0.80102,0.80126,1184,18,0
2026-01-15 15:30:00,0.80158,0.80264,0.80126,0.80235,2261,19,0
2026-01-15 16:00:00,0.80234,0.80268,0.80168,0.80215,1610,18,0
2026-01-15 16:30:00,0.80214,0.80386,0.8019,0.80356,1987,18,0
2026-01-15 17:00:00,0.80356,0.80399,0.80325,0.80352,1663,18,0
2026-01-15 17:30:00,0.80354,0.80384,0.80298,0.80335,1545,18,0
2026-01-15 18:00:00,0.80334,0.80358,0.80249,0.80267,1767,18,0
2026-01-15 18:30:00,0.80267,0.80303,0.80249,0.80297,1433,18,0
2026-01-15 19:00:00,0.80298,0.80304,0.80247,0.80247,723,19,0
2026-01-15 19:30:00,0.80248,0.80315,0.80242,0.80291,678,19,0
2026-01-15 20:00:00,0.8029,0.80306,0.80269,0.803,606,19,0
2026-01-15 20:30:00,0.80299,0.80307,0.80257,0.8027,584,19,0
2026-01-15 21:00:00,0.80271,0.80303,0.80239,0.80249,572,19,0
2026-01-15 21:30:00,0.8025,0.8031,0.80249,0.80299,591,19,0
2026-01-15 22:00:00,0.80298,0.80348,0.80289,0.8034,457,19,0
2026-01-15 22:30:00,0.80339,0.8036,0.80338,0.80351,433,19,0
2026-01-15 23:00:00,0.80352,0.80357,0.80311,0.80316,241,20,0
2026-01-15 23:30:00,0.80319,0.80328,0.80265,0.80266,421,23,0
2026-01-16 00:00:00,0.80263,0.80317,0.80151,0.80273,87,84,0
2026-01-16 00:30:00,0.80272,0.80277,0.80265,0.80266,112,120,0
2026-01-16 01:00:00,0.80255,0.80335,0.80255,0.80326,641,19,0
2026-01-16 01:30:00,0.80327,0.8035,0.80321,0.80329,487,19,0
2026-01-16 02:00:00,0.8033,0.80352,0.80325,0.80349,547,19,0
2026-01-16 02:30:00,0.80348,0.80381,0.80344,0.8037,665,19,0
2026-01-16 03:00:00,0.80368,0.80385,0.80338,0.80346,769,19,0
2026-01-16 03:30:00,0.80347,0.80348,0.80308,0.80324,731,19,0
2026-01-16 04:00:00,0.80323,0.80325,0.80283,0.80288,763,19,0
2026-01-16 04:30:00,0.80289,0.80295,0.80248,0.80278,1172,19,0
2026-01-16 05:00:00,0.80277,0.80289,0.80263,0.80265,1365,19,0
2026-01-16 05:30:00,0.80267,0.8028,0.80236,0.80236,672,19,0
2026-01-16 06:00:00,0.80237,0.80241,0.80221,0.80223,506,19,0
2026-01-16 06:30:00,0.80221,0.80227,0.80203,0.80226,384,19,0
2026-01-16 07:00:00,0.80227,0.80244,0.80219,0.80225,339,19,0
2026-01-16 07:30:00,0.80226,0.80256,0.80218,0.8025,1364,19,0
2026-01-16 08:00:00,0.80252,0.80261,0.80243,0.80247,492,19,0
2026-01-16 08:30:00,0.80246,0.80276,0.80238,0.8024,563,19,0
2026-01-16 09:00:00,0.8024,0.80253,0.80221,0.80227,643,19,0
2026-01-16 09:30:00,0.80228,0.80254,0.80178,0.80226,946,19,0
2026-01-16 10:00:00,0.80227,0.80264,0.80203,0.80229,880,19,0
2026-01-16 10:30:00,0.8023,0.80233,0.80204,0.8023,706,19,0
2026-01-16 11:00:00,0.80231,0.8024,0.80185,0.80197,597,19,0
2026-01-16 11:30:00,0.80196,0.80228,0.80169,0.80217,694,19,0
2026-01-16 12:00:00,0.80219,0.8022,0.8016,0.8016,673,19,0
2026-01-16 12:30:00,0.80159,0.80174,0.80107,0.80164,666,19,0
2026-01-16 13:00:00,0.80164,0.80176,0.8015,0.80166,563,19,0
2026-01-16 13:30:00,0.80165,0.80175,0.80097,0.80142,652,19,0
2026-01-16 14:00:00,0.8014,0.80196,0.80121,0.80184,739,18,0
2026-01-16 14:30:00,0.80185,0.80196,0.80138,0.80153,911,18,0
2026-01-16 15:00:00,0.80154,0.80194,0.80132,0.8016,1119,18,0
2026-01-16 15:30:00,0.80161,0.80173,0.80125,0.80146,1006,18,0
2026-01-16 16:00:00,0.80145,0.80182,0.80141,0.80147,977,18,0
2026-01-16 16:30:00,0.80146,0.80165,0.80103,0.80131,1190,18,0
2026-01-16 17:00:00,0.8013,0.80227,0.80051,0.80224,2147,18,0
2026-01-16 17:30:00,0.80226,0.80341,0.80213,0.80285,2563,20,0
2026-01-16 18:00:00,0.80284,0.80284,0.80211,0.80241,1769,18,0
2026-01-16 18:30:00,0.80244,0.80265,0.8018,0.80255,1315,19,0
2026-01-16 19:00:00,0.80245,0.80265,0.80217,0.80249,745,19,0
2026-01-16 19:30:00,0.8025,0.80305,0.80233,0.80295,621,19,0
2026-01-16 20:00:00,0.80296,0.80349,0.80292,0.8031,652,19,0
2026-01-16 20:30:00,0.80311,0.80329,0.80282,0.8032,523,19,0
2026-01-16 21:00:00,0.80321,0.8035,0.80302,0.80321,465,19,0
2026-01-16 21:30:00,0.80326,0.80335,0.80313,0.80327,445,19,0
2026-01-16 22:00:00,0.80325,0.80329,0.80289,0.80291,360,19,0
2026-01-16 22:30:00,0.8029,0.80319,0.80283,0.80299,401,19,0
2026-01-16 23:00:00,0.80298,0.80303,0.80276,0.80279,298,22,0
2026-01-16 23:30:00,0.80278,0.80301,0.80234,0.80242,568,23,0
2026-01-19 00:00:00,0.80082,0.80148,0.80071,0.80122,155,103,0
2026-01-19 00:30:00,0.8012,0.80159,0.80091,0.80157,2295,98,0
2026-01-19 01:00:00,0.80156,0.80222,0.79838,0.79844,2843,19,0
2026-01-19 01:30:00,0.79843,0.79904,0.7979,0.79864,1760,19,0
2026-01-19 02:00:00,0.79865,0.80035,0.79852,0.79883,2355,19,0
2026-01-19 02:30:00,0.79883,0.79901,0.79787,0.79827,2320,19,0
2026-01-19 03:00:00,0.79828,0.79861,0.79806,0.79843,2277,19,0
2026-01-19 03:30:00,0.79842,0.79924,0.79833,0.79912,1682,19,0
2026-01-19 04:00:00,0.79912,0.79971,0.79906,0.7992,1788,19,0
2026-01-19 04:30:00,0.79919,0.7993,0.79882,0.79891,1182,19,0
2026-01-19 05:00:00,0.79889,0.79925,0.79876,0.79883,1314,19,0
2026-01-19 05:30:00,0.79882,0.79905,0.79875,0.79893,1166,19,0
2026-01-19 06:00:00,0.79892,0.79893,0.79854,0.79862,1107,19,0
2026-01-19 06:30:00,0.79863,0.79874,0.7984,0.79854,1253,19,0
2026-01-19 07:00:00,0.79853,0.79857,0.79797,0.79811,1128,19,0
2026-01-19 07:30:00,0.79812,0.79893,0.79811,0.79879,1044,19,0
2026-01-19 08:00:00,0.79878,0.79888,0.79833,0.79858,1354,19,0
2026-01-19 08:30:00,0.79858,0.79895,0.79847,0.79864,1311,19,0
2026-01-19 09:00:00,0.79862,0.79863,0.79776,0.79807,1530,19,0
2026-01-19 09:30:00,0.79809,0.79965,0.79807,0.79927,1474,19,0
2026-01-19 10:00:00,0.79925,0.79987,0.79895,0.79947,1476,19,0
2026-01-19 10:30:00,0.79946,0.79949,0.79854,0.79914,1196,19,0
2026-01-19 11:00:00,0.79915,0.79999,0.79885,0.79975,1603,19,0
2026-01-19 11:30:00,0.79976,0.79986,0.79857,0.79869,1488,19,0
2026-01-19 12:00:00,0.79868,0.79901,0.79862,0.79894,1011,19,0
2026-01-19 12:30:00,0.79895,0.79904,0.79825,0.79883,1108,19,0
2026-01-19 13:00:00,0.79882,0.79901,0.79862,0.79892,945,19,0
2026-01-19 13:30:00,0.79891,0.79898,0.79847,0.79855,844,19,0
2026-01-19 14:00:00,0.79856,0.79873,0.79785,0.79801,985,18,0
2026-01-19 14:30:00,0.79802,0.79846,0.79788,0.79843,1028,18,0
2026-01-19 15:00:00,0.79842,0.79842,0.79746,0.79755,1104,18,0
2026-01-19 15:30:00,0.79753,0.79791,0.79731,0.79773,1087,18,0
2026-01-19 16:00:00,0.79774,0.79789,0.79713,0.79714,1146,18,0
2026-01-19 16:30:00,0.79711,0.79727,0.7965,0.79669,1253,18,0
2026-01-19 17:00:00,0.7967,0.79726,0.79615,0.79715,1440,18,0
2026-01-19 17:30:00,0.79716,0.79768,0.79683,0.79696,1493,18,0
2026-01-19 18:00:00,0.79697,0.79726,0.79682,0.79685,1258,18,0
2026-01-19 18:30:00,0.79684,0.79734,0.79671,0.79734,794,18,0
2026-01-19 19:00:00,0.7973,0.79761,0.79729,0.79758,502,19,0
2026-01-19 19:30:00,0.79757,0.79758,0.79719,0.79726,682,19,0
2026-01-19 20:00:00,0.79727,0.79727,0.79687,0.79697,542,19,0
2026-01-19 20:30:00,0.79696,0.79737,0.79696,0.79736,255,19,0
2026-01-19 21:00:00,0.79737,0.79739,0.7971,0.79711,201,19,0
2026-01-19 21:30:00,0.79713,0.79739,0.7971,0.79727,206,19,0
2026-01-19 22:00:00,0.79728,0.79751,0.7972,0.79739,191,19,0
2026-01-19 22:30:00,0.79738,0.79751,0.79732,0.79737,180,19,0
2026-01-19 23:00:00,0.79738,0.79739,0.79722,0.79734,230,21,0
2026-01-19 23:30:00,0.79736,0.79737,0.79696,0.79696,368,23,0
2026-01-20 00:00:00,0.79684,0.79745,0.79667,0.79685,99,84,0
2026-01-20 00:30:00,0.79684,0.79699,0.79663,0.79685,132,84,0
2026-01-20 01:00:00,0.79681,0.79768,0.79679,0.79768,330,19,0
2026-01-20 01:30:00,0.7977,0.79798,0.79759,0.79783,347,19,0
2026-01-20 02:00:00,0.79782,0.79804,0.79779,0.7979,582,19,0
2026-01-20 02:30:00,0.79791,0.79835,0.79763,0.79763,987,19,0
2026-01-20 03:00:00,0.79761,0.79768,0.79728,0.79761,1102,19,0
2026-01-20 03:30:00,0.79762,0.79775,0.79734,0.79737,765,19,0
2026-01-20 04:00:00,0.79736,0.79755,0.79719,0.7972,636,19,0
2026-01-20 04:30:00,0.79721,0.79729,0.79705,0.79728,591,19,0
2026-01-20 05:00:00,0.79727,0.79729,0.79643,0.79643,579,19,0
2026-01-20 05:30:00,0.79644,0.79661,0.7962,0.79661,604,19,0
2026-01-20 06:00:00,0.79662,0.79667,0.796,0.79602,599,19,0
2026-01-20 06:30:00,0.79601,0.79651,0.79577,0.79606,789,19,0
2026-01-20 07:00:00,0.79607,0.7961,0.79574,0.79609,722,19,0
2026-01-20 07:30:00,0.79611,0.79651,0.79602,0.79626,782,19,0
2026-01-20 08:00:00,0.79624,0.79657,0.79604,0.79651,835,19,0
2026-01-20 08:30:00,0.7965,0.79654,0.79562,0.79574,1029,18,0
2026-01-20 09:00:00,0.79585,0.79635,0.79513,0.79543,1224,19,0
2026-01-20 09:30:00,0.79544,0.79545,0.79321,0.79354,2079,19,0
2026-01-20 10:00:00,0.7935,0.7937,0.79232,0.79249,2180,19,0
2026-01-20 10:30:00,0.79248,0.79248,0.79012,0.79085,2948,19,0
2026-01-20 11:00:00,0.79084,0.79094,0.79,0.79006,2298,19,0
2026-01-20 11:30:00,0.79005,0.79065,0.78948,0.79049,1477,18,0
2026-01-20 12:00:00,0.79046,0.79143,0.79013,0.79087,1880,19,0
2026-01-20 12:30:00,0.79085,0.79102,0.78924,0.78924,1610,19,0
2026-01-20 13:00:00,0.78925,0.79017,0.78892,0.78984,1582,19,0
2026-01-20 13:30:00,0.78981,0.7899,0.78873,0.7893,1231,19,0
2026-01-20 14:00:00,0.78982,0.79012,0.78835,0.78855,1689,20,0
2026-01-20 14:30:00,0.78856,0.79069,0.78852,0.79039,1668,18,0
2026-01-20 15:00:00,0.7904,0.79059,0.78943,0.79031,1805,18,0
2026-01-20 15:30:00,0.79032,0.79086,0.78769,0.79009,4123,19,0
2026-01-20 16:00:00,0.7901,0.79078,0.78982,0.79033,2814,18,0
2026-01-20 16:30:00,0.79032,0.79195,0.79025,0.79161,2845,19,0
2026-01-20 17:00:00,0.79159,0.79187,0.79021,0.79111,2485,18,0
2026-01-20 17:30:00,0.7911,0.79118,0.78957,0.79009,2144,18,0
2026-01-20 18:00:00,0.79006,0.79013,0.78922,0.78959,1737,18,0
2026-01-20 18:30:00,0.78958,0.79005,0.78901,0.78905,1765,18,0
2026-01-20 19:00:00,0.78904,0.7894,0.7885,0.7892,1283,19,0
2026-01-20 19:30:00,0.78922,0.78953,0.78891,0.7893,1001,19,0
2026-01-20 20:00:00,0.78931,0.78975,0.78924,0.78943,745,19,0
2026-01-20 20:30:00,0.78944,0.78944,0.78898,0.78922,861,19,0
2026-01-20 21:00:00,0.78923,0.78966,0.78911,0.78944,881,19,0
2026-01-20 21:30:00,0.78943,0.79032,0.78941,0.79027,924,19,0
2026-01-20 22:00:00,0.79028,0.79041,0.78981,0.78999,900,19,0
2026-01-20 22:30:00,0.78998,0.79028,0.78992,0.79017,689,19,0
2026-01-20 23:00:00,0.79018,0.79027,0.78967,0.78972,385,20,0
2026-01-20 23:30:00,0.7897,0.78989,0.7892,0.7892,567,23,0
2026-01-21 00:00:00,0.78928,0.79007,0.78835,0.78952,228,84,0
2026-01-21 00:30:00,0.78945,0.7897,0.78921,0.7894,533,84,0
2026-01-21 01:00:00,0.78938,0.79013,0.78921,0.78996,694,19,0
2026-01-21 01:30:00,0.78997,0.79002,0.78937,0.78956,615,19,0
2026-01-21 02:00:00,0.78959,0.7904,0.78959,0.79019,804,19,0
2026-01-21 02:30:00,0.79019,0.7905,0.78985,0.78985,858,19,0
2026-01-21 03:00:00,0.78982,0.7899,0.78914,0.78915,1099,19,0
2026-01-21 03:30:00,0.78915,0.78938,0.78887,0.78932,1060,19,0
2026-01-21 04:00:00,0.78932,0.78988,0.78928,0.78976,832,19,0
2026-01-21 04:30:00,0.78977,0.78979,0.78921,0.78974,616,19,0
2026-01-21 05:00:00,0.78975,0.79158,0.78958,0.79153,1035,19,0
2026-01-21 05:30:00,0.79153,0.79162,0.79059,0.79061,817,19,0
2026-01-21 06:00:00,0.79062,0.79126,0.79051,0.791,633,19,0
2026-01-21 06:30:00,0.79101,0.79106,0.79062,0.79078,675,19,0
2026-01-21 07:00:00,0.79079,0.79081,0.79038,0.79073,735,19,0
2026-01-21 07:30:00,0.79074,0.79117,0.79074,0.79084,719,19,0
2026-01-21 08:00:00,0.79082,0.79097,0.79053,0.7907,729,19,0
2026-01-21 08:30:00,0.79071,0.79092,0.79054,0.79077,870,18,0
2026-01-21 09:00:00,0.7908,0.79181,0.79033,0.79055,1145,20,0
2026-01-21 09:30:00,0.79056,0.79182,0.79056,0.79126,1274,19,0
2026-01-21 10:00:00,0.79125,0.7922,0.79122,0.792,1676,19,0
2026-01-21 10:30:00,0.79201,0.79217,0.79132,0.79146,1211,19,0
2026-01-21 11:00:00,0.79149,0.79211,0.79134,0.79192,1030,19,0
2026-01-21 11:30:00,0.79194,0.79298,0.79188,0.79274,1106,19,0
2026-01-21 12:00:00,0.79275,0.79301,0.79236,0.79257,1216,19,0
2026-01-21 12:30:00,0.79256,0.7927,0.79193,0.79214,953,19,0
2026-01-21 13:00:00,0.79215,0.79246,0.79136,0.79164,1084,19,0
2026-01-21 13:30:00,0.79161,0.79169,0.79052,0.79095,1130,19,0
2026-01-21 14:00:00,0.79094,0.79122,0.78981,0.78994,1468,18,0
2026-01-21 14:30:00,0.78995,0.78996,0.78894,0.78942,1720,18,0
2026-01-21 15:00:00,0.78939,0.79051,0.78928,0.79025,1627,17,0
2026-01-21 15:30:00,0.79026,0.79047,0.78952,0.79008,2030,17,0
2026-01-21 16:00:00,0.7901,0.79233,0.78991,0.79169,4211,19,0
2026-01-21 16:30:00,0.79168,0.79228,0.79094,0.79189,2900,18,0
2026-01-21 17:00:00,0.79191,0.79372,0.79141,0.7933,2702,18,0
2026-01-21 17:30:00,0.79329,0.79414,0.79297,0.79399,2741,18,0
2026-01-21 18:00:00,0.794,0.79418,0.79336,0.79358,1899,18,0
2026-01-21 18:30:00,0.79359,0.79366,0.79273,0.79301,2448,18,0
2026-01-21 19:00:00,0.79302,0.79323,0.79226,0.79273,1333,19,0
2026-01-21 19:30:00,0.79274,0.7937,0.79274,0.79327,1441,19,0
2026-01-21 20:00:00,0.79328,0.79365,0.79299,0.79351,990,19,0
2026-01-21 20:30:00,0.79352,0.79398,0.79341,0.79354,747,19,0
2026-01-21 21:00:00,0.79353,0.79496,0.79288,0.79467,1380,19,0
2026-01-21 21:30:00,0.79468,0.79678,0.79468,0.79555,2763,19,0
2026-01-21 22:00:00,0.79552,0.79661,0.79547,0.79608,1434,19,0
2026-01-21 22:30:00,0.79607,0.7961,0.79501,0.79529,1035,19,0
2026-01-21 23:00:00,0.7953,0.79559,0.79516,0.79558,404,19,0
2026-01-21 23:30:00,0.79557,0.79558,0.79501,0.79506,654,23,0
2026-01-22 00:00:00,0.79504,0.79559,0.79479,0.79528,203,84,0
2026-01-22 00:30:00,0.79529,0.79535,0.79485,0.79533,334,84,0
2026-01-22 01:00:00,0.79511,0.79594,0.79496,0.79587,826,19,0
2026-01-22 01:30:00,0.79586,0.79645,0.7956,0.7963,867,19,0
2026-01-22 02:00:00,0.79629,0.7963,0.79573,0.79588,856,19,0
2026-01-22 02:30:00,0.79587,0.79587,0.79489,0.79511,1489,19,0
2026-01-22 03:00:00,0.79512,0.79584,0.79512,0.79557,1031,19,0
2026-01-22 03:30:00,0.79558,0.79568,0.79522,0.79543,875,19,0
2026-01-22 04:00:00,0.79544,0.79564,0.79492,0.79548,767,19,0
2026-01-22 04:30:00,0.79549,0.79564,0.79519,0.79534,744,19,0
2026-01-22 05:00:00,0.79535,0.79539,0.79517,0.79524,626,19,0
2026-01-22 05:30:00,0.79525,0.79547,0.79484,0.79489,744,19,0
2026-01-22 06:00:00,0.79489,0.79489,0.79395,0.79412,680,19,0
2026-01-22 06:30:00,0.79413,0.79463,0.7941,0.79455,481,19,0
2026-01-22 07:00:00,0.79459,0.79477,0.7944,0.7947,635,19,0
2026-01-22 07:30:00,0.79469,0.79501,0.79457,0.79458,667,19,0
2026-01-22 08:00:00,0.79456,0.79511,0.7944,0.79449,866,19,0
2026-01-22 08:30:00,0.79445,0.7951,0.79424,0.79475,705,19,0
2026-01-22 09:00:00,0.79469,0.79519,0.79448,0.7947,786,19,0
2026-01-22 09:30:00,0.79471,0.79471,0.79345,0.79399,1287,19,0
2026-01-22 10:00:00,0.794,0.79454,0.79336,0.79348,1522,19,0
2026-01-22 10:30:00,0.79349,0.7939,0.79332,0.79343,1028,19,0
2026-01-22 11:00:00,0.79337,0.79374,0.79293,0.79309,1150,19,0
2026-01-22 11:30:00,0.79303,0.79341,0.79293,0.79318,982,19,0
2026-01-22 12:00:00,0.79317,0.79406,0.79308,0.7939,958,19,0
2026-01-22 12:30:00,0.79391,0.79393,0.79313,0.79322,960,19,0
2026-01-22 13:00:00,0.79323,0.79343,0.79297,0.79309,1522,19,0
2026-01-22 13:30:00,0.79308,0.79316,0.79234,0.79275,1454,19,0
2026-01-22 14:00:00,0.79274,0.79276,0.79208,0.79235,921,20,0
2026-01-22 14:30:00,0.79236,0.79312,0.79222,0.79291,1286,18,0
2026-01-22 15:00:00,0.79292,0.79312,0.79162,0.7922,1738,19,0
2026-01-22 15:30:00,0.79221,0.79267,0.79203,0.79239,2066,18,0
2026-01-22 16:00:00,0.79238,0.79242,0.79192,0.79225,1484,18,0
2026-01-22 16:30:00,0.79224,0.79226,0.79142,0.79197,2347,17,0
2026-01-22 17:00:00,0.79198,0.79201,0.79128,0.79134,1946,17,0
2026-01-22 17:30:00,0.79135,0.79155,0.79066,0.79067,1650,18,0
2026-01-22 18:00:00,0.79066,0.79074,0.78974,0.79036,1761,18,0
2026-01-22 18:30:00,0.79035,0.79051,0.79005,0.79037,1630,17,0
2026-01-22 19:00:00,0.79036,0.79102,0.78987,0.79005,1552,17,0
2026-01-22 19:30:00,0.79006,0.79023,0.78932,0.78992,1052,19,0
2026-01-22 20:00:00,0.78993,0.79016,0.78979,0.78988,832,19,0
2026-01-22 20:30:00,0.78989,0.78996,0.78963,0.78975,576,19,0
2026-01-22 21:00:00,0.78974,0.79023,0.78968,0.79003,625,19,0
2026-01-22 21:30:00,0.79002,0.79016,0.78974,0.78998,604,19,0
2026-01-22 22:00:00,0.78995,0.79007,0.78948,0.78955,517,19,0
2026-01-22 22:30:00,0.78954,0.78959,0.7892,0.78952,599,19,0
2026-01-22 23:00:00,0.78957,0.7896,0.78895,0.78904,335,20,0
2026-01-22 23:30:00,0.78903,0.78908,0.78865,0.78865,544,23,0
2026-01-23 00:00:00,0.7902,0.7902,0.78906,0.7891,639,99,0
2026-01-23 00:30:00,0.78907,0.78931,0.78902,0.78902,266,84,0
2026-01-23 01:00:00,0.78887,0.78908,0.78859,0.78882,767,19,0
2026-01-23 01:30:00,0.78883,0.78909,0.78881,0.78898,466,19,0
2026-01-23 02:00:00,0.78899,0.78945,0.78898,0.78913,777,19,0
2026-01-23 02:30:00,0.78914,0.78934,0.78898,0.78934,875,19,0
2026-01-23 03:00:00,0.78933,0.78951,0.78912,0.78923,1078,19,0
2026-01-23 03:30:00,0.78924,0.78969,0.78911,0.78963,901,19,0
2026-01-23 04:00:00,0.78964,0.78991,0.78957,0.78987,679,19,0
2026-01-23 04:30:00,0.78987,0.79033,0.78976,0.79028,733,19,0
2026-01-23 05:00:00,0.79027,0.79031,0.78992,0.79023,996,19,0
2026-01-23 05:30:00,0.79022,0.79041,0.79019,0.79037,779,19,0
2026-01-23 06:00:00,0.79038,0.79048,0.79032,0.79035,439,19,0
2026-01-23 06:30:00,0.79036,0.79038,0.78994,0.79002,635,19,0
2026-01-23 07:00:00,0.79003,0.79014,0.78992,0.79005,705,19,0
2026-01-23 07:30:00,0.79006,0.7901,0.78992,0.78999,889,19,0
2026-01-23 08:00:00,0.78998,0.7906,0.78988,0.79057,939,18,0
2026-01-23 08:30:00,0.79058,0.79059,0.79006,0.79043,1374,18,0
2026-01-23 09:00:00,0.7904,0.79096,0.79005,0.79084,1004,19,0
2026-01-23 09:30:00,0.79083,0.79103,0.78932,0.79038,3087,19,0
2026-01-23 10:00:00,0.7904,0.79087,0.79012,0.79077,2127,18,0
2026-01-23 10:30:00,0.79067,0.79093,0.78975,0.79025,1605,18,0
2026-01-23 11:00:00,0.79026,0.79061,0.79,0.79024,1617,18,0
2026-01-23 11:30:00,0.79023,0.79097,0.7899,0.79093,1447,19,0
2026-01-23 12:00:00,0.79094,0.79135,0.79076,0.79085,1101,19,0
2026-01-23 12:30:00,0.79086,0.79087,0.79032,0.79032,927,19,0
2026-01-23 13:00:00,0.79034,0.79103,0.79032,0.79087,1248,19,0
2026-01-23 13:30:00,0.79086,0.79094,0.79029,0.79032,1092,19,0
2026-01-23 14:00:00,0.7903,0.79057,0.79023,0.79033,779,19,0
2026-01-23 14:30:00,0.79032,0.79033,0.7898,0.79013,785,19,0
2026-01-23 15:00:00,0.79014,0.79015,0.78968,0.78988,975,18,0
2026-01-23 15:30:00,0.78987,0.7908,0.78983,0.79074,1164,18,0
2026-01-23 16:00:00,0.79073,0.79084,0.78992,0.79011,1142,18,0
2026-01-23 16:30:00,0.7901,0.79026,0.78982,0.79013,1281,19,0
2026-01-23 17:00:00,0.79014,0.79028,0.78975,0.79021,1323,18,0
2026-01-23 17:30:00,0.79022,0.7903,0.78875,0.78898,1466,18,0
2026-01-23 18:00:00,0.78895,0.78995,0.78821,0.78821,1613,18,0
2026-01-23 18:30:00,0.78822,0.78824,0.78738,0.7878,1978,20,0
2026-01-23 19:00:00,0.78779,0.78785,0.78603,0.78628,2237,19,0
2026-01-23 19:30:00,0.78627,0.78666,0.78544,0.7857,2592,19,0
2026-01-23 20:00:00,0.78571,0.78709,0.78557,0.7858,2060,19,0
2026-01-23 20:30:00,0.78579,0.78612,0.78545,0.78555,1186,19,0
2026-01-23 21:00:00,0.78555,0.7856,0.78425,0.78482,1248,19,0
2026-01-23 21:30:00,0.78481,0.78505,0.78144,0.78242,1616,19,0
2026-01-23 22:00:00,0.78241,0.78266,0.78146,0.78172,1410,19,0
2026-01-23 22:30:00,0.78173,0.78285,0.78143,0.78161,1379,19,0
2026-01-23 23:00:00,0.78162,0.78167,0.77873,0.77983,922,19,0
2026-01-23 23:30:00,0.77963,0.78105,0.77928,0.77994,949,23,0
2026-01-26 00:00:00,0.77471,0.77559,0.77454,0.77548,559,98,0
2026-01-26 00:30:00,0.77549,0.77596,0.77416,0.77447,810,98,0
2026-01-26 01:00:00,0.77446,0.77717,0.774,0.77709,2609,19,0
2026-01-26 01:30:00,0.7771,0.77814,0.77695,0.77787,2071,19,0
2026-01-26 02:00:00,0.77786,0.7793,0.77785,0.77858,2811,19,0
2026-01-26 02:30:00,0.77858,0.77883,0.77716,0.77728,2713,19,0
2026-01-26 03:00:00,0.77727,0.7783,0.77681,0.77797,2616,19,0
2026-01-26 03:30:00,0.77792,0.77812,0.77662,0.77743,2504,19,0
2026-01-26 04:00:00,0.77745,0.77763,0.77609,0.77649,2629,19,0
2026-01-26 04:30:00,0.77649,0.77707,0.776,0.7767,2089,19,0
2026-01-26 05:00:00,0.77671,0.77734,0.77668,0.77699,1711,19,0
2026-01-26 05:30:00,0.77698,0.77717,0.77653,0.77702,1370,19,0
2026-01-26 06:00:00,0.77701,0.77753,0.77627,0.77703,1684,19,0
2026-01-26 06:30:00,0.77704,0.77733,0.77668,0.77718,1439,19,0
2026-01-26 07:00:00,0.77717,0.77729,0.77628,0.77641,1681,19,0
2026-01-26 07:30:00,0.77643,0.77704,0.7764,0.77689,1593,19,0
2026-01-26 08:00:00,0.77687,0.77822,0.77687,0.7776,1722,19,0
2026-01-26 08:30:00,0.7776,0.77783,0.77691,0.77782,1580,19,0
2026-01-26 09:00:00,0.7778,0.77786,0.77665,0.77703,1616,19,0
2026-01-26 09:30:00,0.77705,0.77916,0.77701,0.77911,2047,19,0
2026-01-26 10:00:00,0.77912,0.7792,0.77825,0.77846,2274,19,0
2026-01-26 10:30:00,0.77845,0.77846,0.77667,0.77697,2558,19,0
2026-01-26 11:00:00,0.777,0.77757,0.77565,0.77565,2374,19,0
2026-01-26 11:30:00,0.77564,0.7762,0.7752,0.77576,2146,19,0
2026-01-26 12:00:00,0.77575,0.77624,0.77553,0.77603,1554,19,0
2026-01-26 12:30:00,0.77604,0.77703,0.77598,0.7768,1537,19,0
2026-01-26 13:00:00,0.77681,0.77803,0.7768,0.77783,1631,19,0
2026-01-26 13:30:00,0.77782,0.77802,0.77703,0.77723,1437,19,0
2026-01-26 14:00:00,0.77728,0.77805,0.77725,0.77795,1362,18,0
2026-01-26 14:30:00,0.77794,0.7785,0.77774,0.77845,1462,18,0
2026-01-26 15:00:00,0.77846,0.77927,0.77821,0.77834,1500,18,0
2026-01-26 15:30:00,0.77832,0.77857,0.77745,0.77761,1717,18,0
2026-01-26 16:00:00,0.77761,0.77785,0.77645,0.77677,1921,18,0
2026-01-26 16:30:00,0.77671,0.77696,0.77538,0.77544,2368,18,0
2026-01-26 17:00:00,0.77547,0.77595,0.775,0.77512,2072,18,0
2026-01-26 17:30:00,0.7751,0.77535,0.77357,0.77389,2186,18,0
2026-01-26 18:00:00,0.77391,0.77559,0.77298,0.77539,2312,18,0
2026-01-26 18:30:00,0.77538,0.77569,0.77479,0.77525,1865,18,0
2026-01-26 19:00:00,0.77526,0.77611,0.77491,0.77611,1323,19,0
2026-01-26 19:30:00,0.77612,0.77646,0.77586,0.77613,1143,19,0
2026-01-26 20:00:00,0.77611,0.77618,0.77513,0.77546,1076,19,0
2026-01-26 20:30:00,0.77544,0.77659,0.77542,0.77647,1230,19,0
2026-01-26 21:00:00,0.77646,0.77697,0.77646,0.77687,1161,19,0
2026-01-26 21:30:00,0.77688,0.777,0.77599,0.77626,1145,19,0
2026-01-26 22:00:00,0.77624,0.77656,0.77591,0.77639,1036,19,0
2026-01-26 22:30:00,0.77636,0.77672,0.77636,0.77653,684,19,0
2026-01-26 23:00:00,0.77652,0.77698,0.77618,0.77692,543,21,0
2026-01-26 23:30:00,0.77691,0.77707,0.77644,0.77644,580,24,0
2026-01-27 00:00:00,0.77639,0.77672,0.77286,0.77653,127,84,0
2026-01-27 00:30:00,0.77646,0.77684,0.77529,0.77684,185,84,0
2026-01-27 01:00:00,0.77712,0.77712,0.77678,0.77693,618,19,0
2026-01-27 01:30:00,0.77694,0.77732,0.77689,0.77726,662,19,0
2026-01-27 02:00:00,0.77729,0.77733,0.77682,0.77709,1116,19,0
2026-01-27 02:30:00,0.77708,0.77722,0.77682,0.77709,1102,19,0
2026-01-27 03:00:00,0.7771,0.7775,0.77685,0.77701,1348,19,0
2026-01-27 03:30:00,0.77702,0.77718,0.77669,0.77695,1031,19,0
2026-01-27 04:00:00,0.77694,0.77707,0.77596,0.77604,834,19,0
2026-01-27 04:30:00,0.77603,0.77605,0.77517,0.77559,1550,19,0
2026-01-27 05:00:00,0.77558,0.77649,0.77554,0.77645,961,19,0
2026-01-27 05:30:00,0.77646,0.77708,0.77609,0.77694,999,19,0
2026-01-27 06:00:00,0.77695,0.77755,0.77685,0.77753,1042,19,0
2026-01-27 06:30:00,0.77754,0.77787,0.77733,0.7777,917,19,0
2026-01-27 07:00:00,0.77771,0.77778,0.7772,0.77728,874,19,0
2026-01-27 07:30:00,0.77728,0.77745,0.77713,0.77729,907,19,0
2026-01-27 08:00:00,0.77728,0.77743,0.77698,0.77737,843,19,0
2026-01-27 08:30:00,0.77737,0.77753,0.77654,0.77745,943,19,0
2026-01-27 09:00:00,0.77744,0.7777,0.77711,0.7773,1220,19,0
2026-01-27 09:30:00,0.77731,0.77798,0.77682,0.77772,1361,19,0
2026-01-27 10:00:00,0.77771,0.7783,0.77738,0.77796,1744,19,0
2026-01-27 10:30:00,0.77795,0.7783,0.77743,0.77744,1527,19,0
2026-01-27 11:00:00,0.77745,0.77768,0.77711,0.77724,1147,19,0
2026-01-27 11:30:00,0.77723,0.7775,0.77548,0.77562,2188,19,0
2026-01-27 12:00:00,0.77563,0.77696,0.77559,0.7765,2237,19,0
2026-01-27 12:30:00,0.77649,0.77652,0.7749,0.77513,1762,19,0
2026-01-27 13:00:00,0.77511,0.77531,0.77481,0.77489,1374,19,0
2026-01-27 13:30:00,0.77487,0.77525,0.77414,0.77423,1208,19,0
2026-01-27 14:00:00,0.77422,0.77429,0.77073,0.77178,2662,21,0
2026-01-27 14:30:00,0.77179,0.77194,0.77028,0.77089,2749,18,0
2026-01-27 15:00:00,0.77085,0.77101,0.77001,0.77081,2799,18,0
2026-01-27 15:30:00,0.77081,0.77128,0.76963,0.77075,3251,18,0
2026-01-27 16:00:00,0.77073,0.77128,0.76979,0.77004,2807,18,0
2026-01-27 16:30:00,0.77003,0.77005,0.76655,0.7688,4360,18,0
2026-01-27 17:00:00,0.76881,0.76881,0.76592,0.76672,4148,18,0
2026-01-27 17:30:00,0.76673,0.7685,0.76665,0.76779,3203,18,0
2026-01-27 18:00:00,0.7678,0.76789,0.76655,0.76688,2875,18,0
2026-01-27 18:30:00,0.7669,0.76694,0.76589,0.76664,2530,18,0
2026-01-27 19:00:00,0.76663,0.76788,0.76626,0.76786,1976,19,0
2026-01-27 19:30:00,0.76785,0.76785,0.76612,0.76633,1954,19,0
2026-01-27 20:00:00,0.76629,0.76702,0.76569,0.76654,1700,19,0
2026-01-27 20:30:00,0.76653,0.76675,0.76583,0.76641,1245,19,0
2026-01-27 21:00:00,0.76642,0.76682,0.7662,0.76645,969,19,0
2026-01-27 21:30:00,0.76644,0.76687,0.76597,0.76642,1062,21,0
2026-01-27 22:00:00,0.76643,0.76669,0.76492,0.76503,1242,19,0
2026-01-27 22:30:00,0.76504,0.76659,0.76032,0.76241,5359,20,0
2026-01-27 23:00:00,0.76236,0.76282,0.7612,0.76123,2270,21,0
2026-01-27 23:30:00,0.76124,0.762,0.76047,0.7608,1804,24,0
2026-01-28 00:00:00,0.76079,0.76251,0.76073,0.76112,412,84,0
2026-01-28 00:30:00,0.7611,0.76197,0.76083,0.76088,3355,84,0
2026-01-28 01:00:00,0.76091,0.76293,0.76075,0.76292,1767,19,0
2026-01-28 01:30:00,0.7629,0.76315,0.76239,0.76279,1220,19,0
2026-01-28 02:00:00,0.76279,0.76394,0.76278,0.76376,1725,19,0
2026-01-28 02:30:00,0.76374,0.76375,0.76308,0.76369,2489,19,0
2026-01-28 03:00:00,0.76368,0.76522,0.7636,0.76501,2060,19,0
2026-01-28 03:30:00,0.76502,0.76573,0.76479,0.76571,1642,19,0
2026-01-28 04:00:00,0.76572,0.76637,0.76544,0.76561,1624,19,0
2026-01-28 04:30:00,0.7656,0.76566,0.7653,0.76541,1227,19,0
2026-01-28 05:00:00,0.7654,0.76548,0.76507,0.76525,1088,19,0
2026-01-28 05:30:00,0.76524,0.7658,0.76519,0.76562,1078,19,0
2026-01-28 06:00:00,0.76561,0.76596,0.7654,0.76582,954,19,0
2026-01-28 06:30:00,0.76581,0.76594,0.76504,0.7651,1247,19,0
2026-01-28 07:00:00,0.76511,0.76654,0.76503,0.76564,2147,19,0
2026-01-28 07:30:00,0.76564,0.76594,0.76512,0.76515,1362,19,0
2026-01-28 08:00:00,0.76516,0.76551,0.76499,0.76501,1352,19,0
2026-01-28 08:30:00,0.76498,0.76536,0.76449,0.76496,1405,19,0
2026-01-28 09:00:00,0.76494,0.76495,0.76276,0.76422,2391,19,0
2026-01-28 09:30:00,0.76422,0.76584,0.7642,0.76508,1879,19,0
2026-01-28 10:00:00,0.76506,0.76571,0.76442,0.76498,2580,19,0
2026-01-28 10:30:00,0.76497,0.76931,0.76496,0.76781,3062,19,0
2026-01-28 11:00:00,0.76783,0.768,0.76701,0.76743,2334,19,0
2026-01-28 11:30:00,0.76744,0.76778,0.76652,0.767,2034,19,0
2026-01-28 12:00:00,0.76699,0.76788,0.76668,0.76769,1891,19,0
2026-01-28 12:30:00,0.76768,0.76777,0.76642,0.76685,1652,19,0
2026-01-28 13:00:00,0.76684,0.76857,0.76683,0.7683,1841,19,0
2026-01-28 13:30:00,0.76828,0.7686,0.76743,0.76812,1343,19,0
2026-01-28 14:00:00,0.7681,0.76813,0.76653,0.76664,1489,18,0
2026-01-28 14:30:00,0.76661,0.76728,0.76616,0.76661,1498,18,0
2026-01-28 15:00:00,0.7666,0.76828,0.76656,0.76795,1946,18,0
2026-01-28 15:30:00,0.76794,0.76866,0.7675,0.76833,2168,18,0
2026-01-28 16:00:00,0.76832,0.76872,0.76736,0.76737,2167,18,0
2026-01-28 16:30:00,0.76738,0.76826,0.76655,0.7678,2674,17,0
2026-01-28 17:00:00,0.76773,0.77191,0.76739,0.77043,6238,18,0
2026-01-28 17:30:00,0.77039,0.77059,0.76878,0.76922,4794,18,0
2026-01-28 18:00:00,0.76923,0.7706,0.76878,0.77052,3098,18,0
2026-01-28 18:30:00,0.77053,0.77102,0.76938,0.76938,2650,18,0
2026-01-28 19:00:00,0.76939,0.77017,0.76911,0.76976,1438,19,0
2026-01-28 19:30:00,0.76975,0.77036,0.76941,0.76941,1117,20,0
2026-01-28 20:00:00,0.7694,0.77067,0.76927,0.77047,1170,19,0
2026-01-28 20:30:00,0.77046,0.77157,0.77026,0.77045,1668,19,0
2026-01-28 21:00:00,0.77025,0.77265,0.77001,0.7722,3687,19,0
2026-01-28 21:30:00,0.77223,0.7723,0.76977,0.76992,3479,19,0
2026-01-28 22:00:00,0.76991,0.77038,0.76911,0.76933,1938,19,0
2026-01-28 22:30:00,0.76934,0.76936,0.76883,0.76899,1504,19,0
2026-01-28 23:00:00,0.769,0.7692,0.76844,0.76919,692,21,0
2026-01-28 23:30:00,0.76923,0.76928,0.76783,0.7679,889,25,0
2026-01-29 00:00:00,0.76788,0.76886,0.76747,0.76785,179,74,0
2026-01-29 00:30:00,0.76781,0.76854,0.76748,0.76791,1965,84,0
2026-01-29 01:00:00,0.76781,0.76839,0.76667,0.767,1249,19,0
2026-01-29 01:30:00,0.76699,0.76699,0.76539,0.76539,1555,19,0
2026-01-29 02:00:00,0.76536,0.766,0.76478,0.76485,2087,19,0
2026-01-29 02:30:00,0.76484,0.7657,0.76457,0.76556,2095,19,0
2026-01-29 03:00:00,0.76558,0.76748,0.76558,0.76692,2291,19,0
2026-01-29 03:30:00,0.76691,0.7672,0.76649,0.7672,1924,19,0
2026-01-29 04:00:00,0.76721,0.7679,0.76669,0.76671,1560,19,0
2026-01-29 04:30:00,0.7667,0.76674,0.76626,0.76648,1459,19,0
2026-01-29 05:00:00,0.76649,0.76667,0.76583,0.76615,1456,19,0
2026-01-29 05:30:00,0.76614,0.76639,0.76528,0.7653,1338,19,0
2026-01-29 06:00:00,0.76531,0.76619,0.76488,0.76528,1418,19,0
2026-01-29 06:30:00,0.76529,0.7655,0.76501,0.76512,1272,19,0
2026-01-29 07:00:00,0.76514,0.76584,0.76479,0.76551,1368,19,0
2026-01-29 07:30:00,0.7655,0.76572,0.7652,0.76566,1184,19,0
2026-01-29 08:00:00,0.76567,0.76613,0.76525,0.76553,1453,19,0
2026-01-29 08:30:00,0.76554,0.76568,0.76537,0.7655,1355,19,0
2026-01-29 09:00:00,0.76549,0.76615,0.76477,0.76612,1418,19,0
2026-01-29 09:30:00,0.76613,0.7671,0.76608,0.76641,1676,19,0
2026-01-29 10:00:00,0.76646,0.76671,0.76551,0.76624,1966,19,0
2026-01-29 10:30:00,0.76626,0.76751,0.76605,0.76687,2254,19,0
2026-01-29 11:00:00,0.76686,0.76749,0.76618,0.76732,1777,19,0
2026-01-29 11:30:00,0.76733,0.76796,0.76648,0.76775,1720,19,0
2026-01-29 12:00:00,0.76772,0.76794,0.76746,0.76776,1601,19,0
2026-01-29 12:30:00,0.76775,0.76856,0.76739,0.76827,1667,19,0
2026-01-29 13:00:00,0.76826,0.76848,0.76784,0.76837,1697,19,0
2026-01-29 13:30:00,0.76841,0.7685,0.76752,0.76824,1243,19,0
2026-01-29 14:00:00,0.76825,0.76854,0.76793,0.76797,1175,18,0
2026-01-29 14:30:00,0.76796,0.76841,0.76712,0.76739,1615,19,0
2026-01-29 15:00:00,0.76737,0.7675,0.76651,0.76667,1751,18,0
2026-01-29 15:30:00,0.76666,0.76838,0.76628,0.7674,3326,18,0
2026-01-29 16:00:00,0.76741,0.76802,0.76639,0.7668,2578,18,0
2026-01-29 16:30:00,0.7668,0.76688,0.76569,0.76581,3583,18,0
2026-01-29 17:00:00,0.76582,0.7705,0.76566,0.77015,6335,19,0
2026-01-29 17:30:00,0.77016,0.77042,0.76778,0.76797,6495,18,0
2026-01-29 18:00:00,0.76797,0.76821,0.76683,0.7676,4097,18,0
2026-01-29 18:30:00,0.7676,0.76789,0.76669,0.76736,3711,18,0
2026-01-29 19:00:00,0.76734,0.76735,0.76618,0.76655,2512,19,0
2026-01-29 19:30:00,0.76654,0.76661,0.76579,0.76643,2151,19,0
2026-01-29 20:00:00,0.76644,0.76707,0.76588,0.76668,1902,19,0
2026-01-29 20:30:00,0.76667,0.76668,0.76586,0.76636,1485,19,0
2026-01-29 21:00:00,0.76637,0.76674,0.766,0.76617,1159,19,0
2026-01-29 21:30:00,0.76616,0.76661,0.76614,0.76638,1274,19,0
2026-01-29 22:00:00,0.76639,0.76671,0.76574,0.76584,945,19,0
2026-01-29 22:30:00,0.76583,0.76587,0.76495,0.76541,910,19,0
2026-01-29 23:00:00,0.76542,0.76581,0.76495,0.76501,652,19,0
2026-01-29 23:30:00,0.76502,0.76503,0.76373,0.76374,1002,24,0
2026-01-30 00:00:00,0.76372,0.76622,0.76372,0.76415,6209,84,0
2026-01-30 00:30:00,0.76418,0.76466,0.7639,0.76417,1084,84,0
2026-01-30 01:00:00,0.76413,0.76448,0.76355,0.76398,1287,19,0
2026-01-30 01:30:00,0.76397,0.76444,0.76365,0.7643,712,19,0
2026-01-30 02:00:00,0.76431,0.76618,0.76377,0.76574,1930,19,0
2026-01-30 02:30:00,0.76573,0.76715,0.76559,0.76706,2755,19,0
2026-01-30 03:00:00,0.76704,0.76846,0.76685,0.76755,3185,19,0
2026-01-30 03:30:00,0.76754,0.76842,0.76664,0.76827,2550,19,0
2026-01-30 04:00:00,0.76828,0.76992,0.76791,0.76899,4188,19,0
2026-01-30 04:30:00,0.769,0.76951,0.76845,0.76847,3082,19,0
2026-01-30 05:00:00,0.76846,0.76894,0.76838,0.76871,2158,19,0
2026-01-30 05:30:00,0.76872,0.76904,0.76832,0.76854,1916,19,0
2026-01-30 06:00:00,0.76855,0.76858,0.76771,0.76831,1467,19,0
2026-01-30 06:30:00,0.76832,0.76855,0.76802,0.7683,1214,19,0
2026-01-30 07:00:00,0.76829,0.76834,0.76749,0.76834,1539,19,0
2026-01-30 07:30:00,0.76843,0.76911,0.76839,0.76848,1782,19,0
2026-01-30 08:00:00,0.76849,0.76856,0.76763,0.76842,1769,19,0
2026-01-30 08:30:00,0.76844,0.76876,0.76783,0.76845,2156,19,0
2026-01-30 09:00:00,0.76846,0.76857,0.76761,0.76776,2190,19,0
2026-01-30 09:30:00,0.76777,0.76871,0.76695,0.76735,2497,19,0
2026-01-30 10:00:00,0.76734,0.76768,0.76683,0.76756,2283,19,0
2026-01-30 10:30:00,0.76757,0.7684,0.76744,0.76778,2020,19,0
2026-01-30 11:00:00,0.76783,0.76962,0.76763,0.76948,2318,19,0
2026-01-30 11:30:00,0.7695,0.76991,0.76858,0.76958,2620,19,0
2026-01-30 12:00:00,0.76959,0.76981,0.76835,0.76841,1872,19,0
2026-01-30 12:30:00,0.76842,0.76914,0.76833,0.76874,1591,19,0
2026-01-30 13:00:00,0.76873,0.76876,0.76779,0.76784,1625,19,0
2026-01-30 13:30:00,0.76785,0.76825,0.76678,0.76687,1741,19,0
2026-01-30 14:00:00,0.76691,0.76721,0.76619,0.76694,1765,19,0
2026-01-30 14:30:00,0.76693,0.76868,0.76682,0.76842,1833,19,0
2026-01-30 15:00:00,0.76843,0.76863,0.7677,0.76772,2281,18,0
2026-01-30 15:30:00,0.76783,0.76934,0.76756,0.76885,3398,18,0
2026-01-30 16:00:00,0.76883,0.76904,0.76827,0.76879,2768,18,0
2026-01-30 16:30:00,0.76879,0.76895,0.7679,0.76874,2719,18,0
2026-01-30 17:00:00,0.76875,0.76981,0.76858,0.76891,3676,18,0
2026-01-30 17:30:00,0.76889,0.77016,0.76883,0.77005,4083,18,0
2026-01-30 18:00:00,0.77006,0.771,0.76983,0.77087,3136,18,0
2026-01-30 18:30:00,0.77089,0.77148,0.77066,0.77091,2443,18,0
2026-01-30 19:00:00,0.77092,0.7722,0.77062,0.7711,2544,20,0
2026-01-30 19:30:00,0.77117,0.77206,0.77115,0.77174,2369,19,0
2026-01-30 20:00:00,0.77175,0.77266,0.77166,0.7726,2559,19,0
2026-01-30 20:30:00,0.77259,0.77296,0.77067,0.77111,2944,20,0
2026-01-30 21:00:00,0.77112,0.7718,0.77061,0.77168,2077,19,0
2026-01-30 21:30:00,0.77169,0.77223,0.77122,0.77178,1801,19,0
2026-01-30 22:00:00,0.77177,0.77267,0.77177,0.77245,1590,19,0
2026-01-30 22:30:00,0.77244,0.77291,0.77223,0.77291,1520,19,0
2026-01-30 23:00:00,0.77293,0.77311,0.77263,0.77297,876,21,0
2026-01-30 23:30:00,0.77296,0.77308,0.77241,0.77256,930,23,0
2026-02-02 00:00:00,0.77221,0.77226,0.77199,0.77199,43,120,0
2026-02-02 00:30:00,0.772,0.77329,0.77187,0.77258,587,98,0
2026-02-02 01:00:00,0.77268,0.77467,0.77266,0.77424,2514,19,0
2026-02-02 01:30:00,0.77425,0.77425,0.77306,0.77367,2335,19,0
2026-02-02 02:00:00,0.77366,0.77366,0.77164,0.77204,2777,19,0
2026-02-02 02:30:00,0.77205,0.77306,0.77188,0.77259,2358,19,0
2026-02-02 03:00:00,0.77258,0.7734,0.77245,0.77286,3221,19,0
2026-02-02 03:30:00,0.77285,0.77299,0.77192,0.77205,2701,19,0
2026-02-02 04:00:00,0.77202,0.77268,0.77179,0.7726,2420,19,0
2026-02-02 04:30:00,0.77258,0.77308,0.77202,0.77305,1958,19,0
2026-02-02 05:00:00,0.77307,0.77308,0.77218,0.77251,1587,19,0
2026-02-02 05:30:00,0.7725,0.77274,0.77205,0.7723,1865,19,0
2026-02-02 06:00:00,0.77229,0.77236,0.77132,0.77222,1761,19,0
2026-02-02 06:30:00,0.77223,0.77273,0.77204,0.77227,1341,19,0
2026-02-02 07:00:00,0.77229,0.77277,0.77216,0.77257,1441,19,0
2026-02-02 07:30:00,0.77256,0.77358,0.77249,0.77292,2141,19,0
2026-02-02 08:00:00,0.77291,0.7736,0.77263,0.77311,2685,19,0
2026-02-02 08:30:00,0.77311,0.77311,0.77248,0.77261,2679,19,0
2026-02-02 09:00:00,0.77262,0.77302,0.77232,0.77262,2294,19,0
2026-02-02 09:30:00,0.77261,0.77352,0.7726,0.77333,2282,19,0
2026-02-02 10:00:00,0.77326,0.77362,0.77255,0.77317,2464,19,0
2026-02-02 10:30:00,0.77316,0.77484,0.77295,0.77445,2006,19,0
2026-02-02 11:00:00,0.77446,0.77491,0.77398,0.77444,2157,19,0
2026-02-02 11:30:00,0.77442,0.77488,0.77406,0.77476,1796,19,0
2026-02-02 12:00:00,0.77477,0.77495,0.77397,0.77488,1742,19,0
2026-02-02 12:30:00,0.77493,0.77626,0.77493,0.77567,2038,19,0
2026-02-02 13:00:00,0.77566,0.77587,0.77525,0.77533,1595,19,0
2026-02-02 13:30:00,0.77532,0.77569,0.77492,0.77513,1245,19,0
2026-02-02 14:00:00,0.77517,0.77606,0.77472,0.77578,1764,18,0
2026-02-02 14:30:00,0.77579,0.77648,0.77562,0.7762,1646,18,0
2026-02-02 15:00:00,0.77619,0.77806,0.77615,0.77802,2741,20,0
2026-02-02 15:30:00,0.77803,0.77908,0.77797,0.77863,2371,18,0
2026-02-02 16:00:00,0.77867,0.77993,0.77833,0.77907,2371,18,0
2026-02-02 16:30:00,0.77905,0.77935,0.77831,0.77875,2732,18,0
2026-02-02 17:00:00,0.77879,0.78082,0.77879,0.78016,3924,18,0
2026-02-02 17:30:00,0.78017,0.78165,0.77999,0.78144,3272,18,0
2026-02-02 18:00:00,0.78143,0.78165,0.77973,0.77995,3108,18,0
2026-02-02 18:30:00,0.77994,0.78054,0.7793,0.77966,2331,18,0
2026-02-02 19:00:00,0.77965,0.77992,0.77901,0.77973,1516,19,0
2026-02-02 19:30:00,0.77974,0.78025,0.77935,0.77958,1570,19,0
2026-02-02 20:00:00,0.77957,0.78101,0.77949,0.78047,1585,19,0
2026-02-02 20:30:00,0.78046,0.78082,0.78005,0.78065,999,19,0
2026-02-02 21:00:00,0.78064,0.78098,0.78062,0.78072,967,19,0
2026-02-02 21:30:00,0.78073,0.78086,0.77943,0.77971,1047,19,0
2026-02-02 22:00:00,0.7797,0.78034,0.77955,0.78011,839,19,0
2026-02-02 22:30:00,0.7801,0.78027,0.77928,0.77944,734,19,0
2026-02-02 23:00:00,0.77943,0.77952,0.77927,0.77939,415,22,0
2026-02-02 23:30:00,0.77938,0.77957,0.77915,0.77916,489,23,0
2026-02-03 00:00:00,0.77915,0.78006,0.77859,0.77902,175,84,0
2026-02-03 00:30:00,0.77907,0.7795,0.77897,0.77934,749,84,0
2026-02-03 01:00:00,0.77937,0.77955,0.77905,0.77918,1008,19,0
2026-02-03 01:30:00,0.77919,0.77931,0.77892,0.77894,670,19,0
2026-02-03 02:00:00,0.77894,0.77903,0.7784,0.77851,991,19,0
2026-02-03 02:30:00,0.77851,0.77877,0.77828,0.77829,1071,19,0
2026-02-03 03:00:00,0.77827,0.77874,0.77816,0.77836,1449,19,0
2026-02-03 03:30:00,0.77835,0.77843,0.77804,0.77815,1261,19,0
2026-02-03 04:00:00,0.77817,0.7785,0.77804,0.77834,1242,19,0
2026-02-03 04:30:00,0.77835,0.77884,0.77822,0.77874,887,19,0
2026-02-03 05:00:00,0.77875,0.7788,0.77819,0.77823,788,19,0
2026-02-03 05:30:00,0.77824,0.77841,0.77778,0.77828,1452,19,0
2026-02-03 06:00:00,0.77829,0.77835,0.77754,0.77776,1106,18,0
2026-02-03 06:30:00,0.77776,0.77822,0.77754,0.77816,772,18,0
2026-02-03 07:00:00,0.77817,0.7784,0.77785,0.77796,707,19,0
2026-02-03 07:30:00,0.77797,0.77823,0.77776,0.77819,861,19,0
2026-02-03 08:00:00,0.7782,0.77832,0.77751,0.77767,956,19,0
2026-02-03 08:30:00,0.77766,0.77792,0.77748,0.77773,1363,19,0
2026-02-03 09:00:00,0.77774,0.77805,0.77734,0.77763,1464,20,0
2026-02-03 09:30:00,0.77762,0.77763,0.77671,0.77727,1646,19,0
2026-02-03 10:00:00,0.77726,0.77785,0.77672,0.77718,1838,19,0
2026-02-03 10:30:00,0.77717,0.77732,0.7766,0.77725,1318,19,0
2026-02-03 11:00:00,0.77724,0.7779,0.77707,0.77766,1765,19,0
2026-02-03 11:30:00,0.77765,0.77879,0.7776,0.77879,1460,19,0
2026-02-03 12:00:00,0.77876,0.77881,0.77826,0.7784,1211,19,0
2026-02-03 12:30:00,0.77839,0.77858,0.77826,0.77847,1197,19,0
2026-02-03 13:00:00,0.77845,0.77871,0.77791,0.77793,1459,19,0
2026-02-03 13:30:00,0.77792,0.77837,0.7778,0.77834,960,19,0
2026-02-03 14:00:00,0.77835,0.77844,0.77775,0.77806,1207,18,0
2026-02-03 14:30:00,0.77807,0.77807,0.77704,0.77733,1316,18,0
2026-02-03 15:00:00,0.77734,0.77749,0.77658,0.7773,1846,18,0
2026-02-03 15:30:00,0.7773,0.7774,0.77683,0.77726,1804,18,0
2026-02-03 16:00:00,0.77724,0.77871,0.77721,0.77808,1709,18,0
2026-02-03 16:30:00,0.77811,0.77814,0.77665,0.77694,2241,18,0
2026-02-03 17:00:00,0.77695,0.77754,0.7757,0.77577,2510,17,0
2026-02-03 17:30:00,0.77578,0.77622,0.77492,0.77503,2209,18,0
2026-02-03 18:00:00,0.77503,0.77528,0.77413,0.77509,2316,18,0
2026-02-03 18:30:00,0.7751,0.77537,0.77459,0.77487,1944,18,0
2026-02-03 19:00:00,0.77487,0.77508,0.77376,0.77472,1828,18,0
2026-02-03 19:30:00,0.77475,0.77514,0.77431,0.77501,1348,19,0
2026-02-03 20:00:00,0.775,0.77504,0.77434,0.77492,1387,19,0
2026-02-03 20:30:00,0.77494,0.7754,0.77485,0.77539,1317,19,0
2026-02-03 21:00:00,0.77541,0.77585,0.77539,0.7755,1229,19,0
2026-02-03 21:30:00,0.77551,0.77556,0.7752,0.77548,957,19,0
2026-02-03 22:00:00,0.77545,0.77577,0.77526,0.77551,727,19,0
2026-02-03 22:30:00,0.7755,0.77559,0.77505,0.77525,725,19,0
2026-02-03 23:00:00,0.77528,0.77533,0.77491,0.77513,362,21,0
2026-02-03 23:30:00,0.77512,0.77515,0.77464,0.77475,1067,23,0
2026-02-04 00:00:00,0.77481,0.77656,0.77447,0.77447,280,84,0
2026-02-04 00:30:00,0.77465,0.77531,0.77452,0.77489,996,84,0
2026-02-04 01:00:00,0.77477,0.77587,0.77449,0.77585,632,19,0
2026-02-04 01:30:00,0.77583,0.77585,0.77546,0.7757,493,19,0
2026-02-04 02:00:00,0.77569,0.77614,0.77564,0.7759,901,19,0
2026-02-04 02:30:00,0.77589,0.77626,0.77585,0.77626,1079,19,0
2026-02-04 03:00:00,0.77628,0.77651,0.77554,0.77566,1505,19,0
2026-02-04 03:30:00,0.77567,0.77597,0.7751,0.77571,1245,19,0
2026-02-04 04:00:00,0.77572,0.7759,0.77528,0.77581,935,19,0
2026-02-04 04:30:00,0.77582,0.77602,0.77559,0.77564,875,19,0
2026-02-04 05:00:00,0.77563,0.77585,0.7753,0.7753,988,19,0
2026-02-04 05:30:00,0.7753,0.77579,0.77523,0.77533,764,19,0
2026-02-04 06:00:00,0.77532,0.77554,0.77523,0.77533,668,19,0
2026-02-04 06:30:00,0.77532,0.77539,0.77468,0.7747,699,19,0
2026-02-04 07:00:00,0.77471,0.77508,0.7746,0.77496,765,19,0
2026-02-04 07:30:00,0.77495,0.77498,0.77447,0.77493,665,19,0
2026-02-04 08:00:00,0.77494,0.77505,0.77481,0.77494,976,19,0
2026-02-04 08:30:00,0.77495,0.77513,0.77479,0.77501,912,19,0
2026-02-04 09:00:00,0.77498,0.77582,0.77472,0.77559,1271,19,0
2026-02-04 09:30:00,0.7756,0.7761,0.77546,0.77576,1226,19,0
2026-02-04 10:00:00,0.77582,0.77623,0.77529,0.77546,1467,19,0
2026-02-04 10:30:00,0.77545,0.77618,0.77543,0.77578,1447,19,0
2026-02-04 11:00:00,0.77577,0.77578,0.77493,0.77561,1196,19,0
2026-02-04 11:30:00,0.7756,0.77658,0.77558,0.77615,1153,19,0
2026-02-04 12:00:00,0.77616,0.77666,0.77593,0.77663,1076,19,0
2026-02-04 12:30:00,0.77662,0.77713,0.77626,0.77655,1036,19,0
2026-02-04 13:00:00,0.77654,0.77694,0.77623,0.7767,1028,19,0
2026-02-04 13:30:00,0.77669,0.77669,0.77619,0.77641,967,19,0
2026-02-04 14:00:00,0.77642,0.77644,0.77559,0.77581,890,18,0
2026-02-04 14:30:00,0.77582,0.77582,0.77506,0.77532,1148,18,0
2026-02-04 15:00:00,0.77531,0.77618,0.77486,0.77612,2085,21,0
2026-02-04 15:30:00,0.77611,0.77624,0.77516,0.77544,2109,18,0
2026-02-04 16:00:00,0.77544,0.77632,0.77506,0.77593,2596,18,0
2026-02-04 16:30:00,0.77594,0.77644,0.77549,0.77599,3120,17,0
2026-02-04 17:00:00,0.77596,0.77642,0.77532,0.77622,3203,17,0
2026-02-04 17:30:00,0.77621,0.77742,0.77613,0.77705,2696,17,0
2026-02-04 18:00:00,0.77704,0.77736,0.7768,0.7769,2729,18,0
2026-02-04 18:30:00,0.77689,0.7775,0.77631,0.77662,2437,18,0
2026-02-04 19:00:00,0.77661,0.77672,0.77549,0.7755,1864,19,0
2026-02-04 19:30:00,0.77551,0.77681,0.7755,0.77671,1833,19,0
2026-02-04 20:00:00,0.7767,0.77689,0.77626,0.77687,1318,19,0
2026-02-04 20:30:00,0.77688,0.77691,0.77652,0.77672,897,19,0
2026-02-04 21:00:00,0.7767,0.77734,0.77659,0.77708,1147,19,0
2026-02-04 21:30:00,0.77707,0.7771,0.77644,0.77646,958,19,0
2026-02-04 22:00:00,0.7765,0.77704,0.77647,0.77704,555,19,0
2026-02-04 22:30:00,0.77705,0.77713,0.7769,0.77696,530,20,0
2026-02-04 23:00:00,0.77697,0.77709,0.77684,0.77684,400,22,0
2026-02-04 23:30:00,0.77683,0.77735,0.77677,0.77684,607,23,0
2026-02-05 00:00:00,0.77685,0.77759,0.77596,0.77622,195,84,0
2026-02-05 00:30:00,0.77629,0.77669,0.77625,0.77653,941,84,0
2026-02-05 01:00:00,0.77643,0.77709,0.77643,0.77694,703,19,0
2026-02-05 01:30:00,0.77695,0.7773,0.77693,0.77724,503,19,0
2026-02-05 02:00:00,0.77723,0.77731,0.77709,0.77718,818,19,0
2026-02-05 02:30:00,0.77717,0.77732,0.77681,0.77682,1131,19,0
2026-02-05 03:00:00,0.77681,0.77696,0.77672,0.77689,1746,19,0
2026-02-05 03:30:00,0.77688,0.77692,0.77651,0.77687,1373,19,0
2026-02-05 04:00:00,0.77688,0.7775,0.77682,0.77724,1529,19,0
2026-02-05 04:30:00,0.77724,0.77777,0.77694,0.77776,1736,19,0
2026-02-05 05:00:00,0.77777,0.77801,0.77745,0.77759,1419,19,0
2026-02-05 05:30:00,0.7776,0.77804,0.7776,0.7779,898,19,0
2026-02-05 06:00:00,0.77789,0.77813,0.77789,0.77797,547,19,0
2026-02-05 06:30:00,0.77798,0.77814,0.77788,0.77812,606,19,0
2026-02-05 07:00:00,0.77813,0.77846,0.77807,0.7783,651,19,0
2026-02-05 07:30:00,0.77832,0.7784,0.77791,0.77807,739,19,0
2026-02-05 08:00:00,0.77806,0.77863,0.77804,0.77824,1271,19,0
2026-02-05 08:30:00,0.77823,0.77844,0.77808,0.7782,1194,19,0
2026-02-05 09:00:00,0.77817,0.77821,0.77751,0.77773,1055,19,0
2026-02-05 09:30:00,0.77774,0.7779,0.77734,0.77765,1391,19,0
2026-02-05 10:00:00,0.77766,0.77772,0.77685,0.77703,1759,19,0
2026-02-05 10:30:00,0.77707,0.77747,0.77679,0.7768,1412,19,0
2026-02-05 11:00:00,0.77681,0.77804,0.77681,0.77796,1631,19,0
2026-02-05 11:30:00,0.77794,0.77845,0.77766,0.77841,1463,19,0
2026-02-05 12:00:00,0.77843,0.77853,0.77782,0.77785,1378,19,0
2026-02-05 12:30:00,0.77783,0.77795,0.77745,0.77769,992,19,0
2026-02-05 13:00:00,0.7777,0.77788,0.77735,0.77746,1043,19,0
2026-02-05 13:30:00,0.77748,0.77754,0.77715,0.77735,1125,18,0
2026-02-05 14:00:00,0.77736,0.7777,0.77679,0.77695,2220,18,0
2026-02-05 14:30:00,0.77694,0.777,0.77535,0.77583,3232,20,0
2026-02-05 15:00:00,0.77579,0.77647,0.77528,0.77534,3026,17,0
2026-02-05 15:30:00,0.7747,0.77532,0.7741,0.77464,3506,18,0
2026-02-05 16:00:00,0.77465,0.77566,0.77445,0.77542,3403,18,0
2026-02-05 16:30:00,0.77542,0.77675,0.77507,0.77655,3270,18,0
2026-02-05 17:00:00,0.77653,0.77661,0.77515,0.77605,4280,18,0
2026-02-05 17:30:00,0.77606,0.77715,0.77579,0.77715,3456,18,0
2026-02-05 18:00:00,0.77714,0.77786,0.77694,0.77778,2902,18,0
2026-02-05 18:30:00,0.77779,0.77792,0.77664,0.77716,2107,18,0
2026-02-05 19:00:00,0.77714,0.77726,0.77666,0.77666,1085,19,0
2026-02-05 19:30:00,0.77665,0.77713,0.77665,0.77679,781,20,0
2026-02-05 20:00:00,0.77678,0.77708,0.77665,0.77704,654,19,0
2026-02-05 20:30:00,0.77706,0.77719,0.77664,0.77703,650,20,0
2026-02-05 21:00:00,0.77706,0.77716,0.7769,0.77701,587,19,0
2026-02-05 21:30:00,0.77702,0.77735,0.77687,0.7773,630,19,0
2026-02-05 22:00:00,0.77732,0.77755,0.77704,0.77704,633,19,0
2026-02-05 22:30:00,0.77703,0.77813,0.77703,0.77811,688,19,0
2026-02-05 23:00:00,0.7781,0.77828,0.77783,0.77804,624,22,0
2026-02-05 23:30:00,0.77802,0.77829,0.7776,0.7776,870,23,0
2026-02-06 00:00:00,0.7776,0.77779,0.7775,0.77759,100,84,0
2026-02-06 00:30:00,0.77754,0.77771,0.77751,0.77756,133,84,0
2026-02-06 01:00:00,0.7775,0.77825,0.7775,0.77793,828,19,0
2026-02-06 01:30:00,0.77793,0.77817,0.77748,0.77768,852,19,0
2026-02-06 02:00:00,0.77765,0.77809,0.77736,0.77771,1651,19,0
2026-02-06 02:30:00,0.77772,0.77778,0.77714,0.77721,1506,19,0
2026-02-06 03:00:00,0.77721,0.77757,0.77711,0.77714,1633,19,0
2026-02-06 03:30:00,0.77713,0.77738,0.77693,0.77721,1283,19,0
2026-02-06 04:00:00,0.77719,0.77729,0.77691,0.777,1101,19,0
2026-02-06 04:30:00,0.77699,0.77717,0.77681,0.77699,882,19,0
2026-02-06 05:00:00,0.77698,0.77712,0.77681,0.77694,617,19,0
2026-02-06 05:30:00,0.77695,0.77724,0.77689,0.77723,664,19,0
2026-02-06 06:00:00,0.7772,0.77721,0.77695,0.77698,611,19,0
2026-02-06 06:30:00,0.77699,0.77701,0.77636,0.77641,649,19,0
2026-02-06 07:00:00,0.7764,0.77652,0.77621,0.77643,617,19,0
2026-02-06 07:30:00,0.77642,0.77672,0.77634,0.77643,746,19,0
2026-02-06 08:00:00,0.77644,0.77672,0.77613,0.77637,1256,19,0
2026-02-06 08:30:00,0.77639,0.77643,0.77604,0.77619,1003,19,0
2026-02-06 09:00:00,0.77615,0.77676,0.77614,0.77671,925,20,0
2026-02-06 09:30:00,0.77672,0.77745,0.77659,0.77741,1107,19,0
2026-02-06 10:00:00,0.77739,0.77795,0.77715,0.77794,1552,19,0
2026-02-06 10:30:00,0.7779,0.77851,0.77765,0.77835,1312,19,0
2026-02-06 11:00:00,0.77834,0.77837,0.7779,0.77794,1285,19,0
2026-02-06 11:30:00,0.77795,0.77838,0.77766,0.77833,1154,19,0
2026-02-06 12:00:00,0.77836,0.77838,0.77771,0.77808,888,19,0
2026-02-06 12:30:00,0.77809,0.77814,0.77745,0.77765,988,19,0
2026-02-06 13:00:00,0.77766,0.77829,0.77752,0.77778,1295,19,0
2026-02-06 13:30:00,0.77779,0.77812,0.77768,0.77805,858,19,0
2026-02-06 14:00:00,0.77804,0.77806,0.77773,0.77794,1248,18,0
2026-02-06 14:30:00,0.77795,0.77818,0.77743,0.77747,910,18,0
2026-02-06 15:00:00,0.77746,0.77807,0.77725,0.77759,1284,18,0
2026-02-06 15:30:00,0.77758,0.77759,0.77684,0.77692,1554,18,0
2026-02-06 16:00:00,0.77693,0.77705,0.77652,0.77671,1574,18,0
2026-02-06 16:30:00,0.77673,0.77677,0.77498,0.7756,2313,18,0
2026-02-06 17:00:00,0.77558,0.77663,0.77525,0.77659,2443,18,0
2026-02-06 17:30:00,0.77658,0.77668,0.77506,0.77512,2139,18,0
2026-02-06 18:00:00,0.77512,0.776,0.77504,0.77573,1677,18,0
2026-02-06 18:30:00,0.77573,0.77603,0.77515,0.77577,1328,18,0
2026-02-06 19:00:00,0.77578,0.77594,0.77547,0.77589,914,19,0
2026-02-06 19:30:00,0.7759,0.77591,0.77515,0.77531,642,19,0
2026-02-06 20:00:00,0.77532,0.77551,0.7751,0.77539,520,19,0
2026-02-06 20:30:00,0.77542,0.77543,0.775,0.7753,450,19,0
2026-02-06 21:00:00,0.77529,0.77562,0.7752,0.77562,381,19,0
2026-02-06 21:30:00,0.77563,0.77569,0.77521,0.77529,383,19,0
2026-02-06 22:00:00,0.77528,0.77536,0.77506,0.77513,299,19,0
2026-02-06 22:30:00,0.77515,0.77537,0.77505,0.77525,405,19,0
2026-02-06 23:00:00,0.77523,0.77548,0.7751,0.77531,311,22,0
2026-02-06 23:30:00,0.77532,0.77582,0.77514,0.77518,509,23,0
2026-02-09 00:00:00,0.77488,0.77587,0.77486,0.77587,245,120,0
2026-02-09 00:30:00,0.77588,0.77625,0.77536,0.77576,356,112,0
2026-02-09 01:00:00,0.77455,0.77708,0.77455,0.77682,874,19,0
2026-02-09 01:30:00,0.7768,0.77689,0.77559,0.7758,1373,19,0
2026-02-09 02:00:00,0.77579,0.77591,0.77517,0.77534,1803,19,0
2026-02-09 02:30:00,0.77533,0.77576,0.77529,0.77533,1392,19,0
2026-02-09 03:00:00,0.77532,0.77532,0.77478,0.77498,1898,19,0
2026-02-09 03:30:00,0.77497,0.77545,0.77469,0.77543,1564,19,0
2026-02-09 04:00:00,0.77543,0.7764,0.77543,0.77617,1022,19,0
2026-02-09 04:30:00,0.77616,0.77622,0.77566,0.77606,953,19,0
2026-02-09 05:00:00,0.77607,0.7761,0.77554,0.77564,587,19,0
2026-02-09 05:30:00,0.77563,0.7759,0.77546,0.77589,719,19,0
2026-02-09 06:00:00,0.7759,0.77591,0.77549,0.7756,568,19,0
2026-02-09 06:30:00,0.77559,0.7757,0.77542,0.77544,571,19,0
2026-02-09 07:00:00,0.77544,0.7755,0.77498,0.775,621,19,0
2026-02-09 07:30:00,0.77499,0.775,0.7746,0.77481,646,19,0
2026-02-09 08:00:00,0.77483,0.77484,0.77334,0.77378,2191,19,0
2026-02-09 08:30:00,0.77379,0.77392,0.77292,0.77326,1505,19,0
2026-02-09 09:00:00,0.77325,0.7735,0.77263,0.77292,1371,19,0
2026-02-09 09:30:00,0.77291,0.7735,0.77237,0.77293,1615,19,0
2026-02-09 10:00:00,0.77292,0.77328,0.77253,0.77326,1683,19,0
2026-02-09 10:30:00,0.77327,0.77327,0.77221,0.77228,1349,19,0
2026-02-09 11:00:00,0.77227,0.77235,0.77171,0.77174,1309,19,0
2026-02-09 11:30:00,0.77179,0.77256,0.77155,0.77238,1101,19,0
2026-02-09 12:00:00,0.77239,0.77251,0.77194,0.77232,1337,19,0
2026-02-09 12:30:00,0.77233,0.77281,0.77198,0.77236,1519,19,0
2026-02-09 13:00:00,0.77237,0.77263,0.77157,0.77158,1338,19,0
2026-02-09 13:30:00,0.77159,0.77174,0.77129,0.77133,1278,19,0
2026-02-09 14:00:00,0.77133,0.77133,0.77047,0.77077,1337,18,0
2026-02-09 14:30:00,0.77076,0.77084,0.76991,0.77006,1289,18,0
2026-02-09 15:00:00,0.77004,0.7702,0.76861,0.76914,2687,20,0
2026-02-09 15:30:00,0.76916,0.76972,0.7685,0.76877,2420,18,0
2026-02-09 16:00:00,0.76876,0.76881,0.76708,0.76749,2789,18,0
2026-02-09 16:30:00,0.76748,0.76851,0.76729,0.76734,2725,18,0
2026-02-09 17:00:00,0.76733,0.76762,0.76666,0.76726,2775,18,0
2026-02-09 17:30:00,0.76725,0.7673,0.76602,0.76636,2257,18,0
2026-02-09 18:00:00,0.76635,0.76786,0.76597,0.76784,2045,18,0
2026-02-09 18:30:00,0.76783,0.76831,0.76751,0.76787,1330,18,0
2026-02-09 19:00:00,0.76785,0.76786,0.76731,0.76769,946,19,0
2026-02-09 19:30:00,0.76766,0.768,0.76721,0.76735,670,19,0
2026-02-09 20:00:00,0.76736,0.76738,0.76667,0.76671,849,19,0
2026-02-09 20:30:00,0.7667,0.76696,0.76641,0.76646,653,19,0
2026-02-09 21:00:00,0.76647,0.76682,0.76633,0.76638,589,19,0
2026-02-09 21:30:00,0.76639,0.76641,0.76567,0.76588,768,19,0
2026-02-09 22:00:00,0.76589,0.76618,0.76577,0.76612,553,19,0
2026-02-09 22:30:00,0.76611,0.76648,0.76594,0.76637,591,19,0
2026-02-09 23:00:00,0.76638,0.76659,0.76625,0.76625,459,22,0
2026-02-09 23:30:00,0.76626,0.76638,0.76556,0.76558,884,23,0
2026-02-10 00:00:00,0.76625,0.767,0.76597,0.76638,155,84,0
2026-02-10 00:30:00,0.76664,0.76664,0.76624,0.76649,263,84,0
2026-02-10 01:00:00,0.76643,0.76698,0.76631,0.76697,1372,19,0
2026-02-10 01:30:00,0.76698,0.76719,0.76683,0.76696,500,19,0
2026-02-10 02:00:00,0.76698,0.76737,0.76692,0.76716,729,19,0
2026-02-10 02:30:00,0.76715,0.76762,0.76715,0.76734,965,19,0
2026-02-10 03:00:00,0.76731,0.76763,0.76711,0.76754,1021,19,0
2026-02-10 03:30:00,0.76755,0.76756,0.76662,0.76685,1151,19,0
2026-02-10 04:00:00,0.76686,0.76686,0.76656,0.76658,835,19,0
2026-02-10 04:30:00,0.76659,0.76668,0.76609,0.76611,993,19,0
2026-02-10 05:00:00,0.76612,0.76622,0.76585,0.76614,898,19,0
2026-02-10 05:30:00,0.76615,0.76632,0.76561,0.76624,746,19,0
2026-02-10 06:00:00,0.76625,0.76685,0.76615,0.76682,612,19,0
2026-02-10 06:30:00,0.76683,0.76696,0.76661,0.76692,597,19,0
2026-02-10 07:00:00,0.76691,0.76709,0.76677,0.76699,597,19,0
2026-02-10 07:30:00,0.76699,0.76738,0.7669,0.76711,714,19,0
2026-02-10 08:00:00,0.76711,0.76746,0.76677,0.76712,1010,19,0
2026-02-10 08:30:00,0.76709,0.76742,0.76687,0.7674,813,19,0
2026-02-10 09:00:00,0.76734,0.76742,0.76671,0.76735,879,19,0
2026-02-10 09:30:00,0.76734,0.76751,0.76666,0.76667,1038,20,0
2026-02-10 10:00:00,0.76665,0.76743,0.76662,0.76695,1579,19,0
2026-02-10 10:30:00,0.76696,0.76709,0.76629,0.76637,1100,19,0
2026-02-10 11:00:00,0.76638,0.76643,0.76522,0.76541,1044,19,0
2026-02-10 11:30:00,0.76542,0.76565,0.76524,0.76554,1012,19,0
2026-02-10 12:00:00,0.76555,0.76607,0.76519,0.76596,1084,19,0
2026-02-10 12:30:00,0.76595,0.76616,0.7656,0.76584,810,19,0
2026-02-10 13:00:00,0.76583,0.76648,0.76581,0.76635,812,19,0
2026-02-10 13:30:00,0.76634,0.76666,0.76621,0.76645,701,19,0
2026-02-10 14:00:00,0.7664,0.76652,0.76581,0.76614,1037,19,0
2026-02-10 14:30:00,0.76615,0.76677,0.76584,0.76651,1532,19,0
2026-02-10 15:00:00,0.76649,0.76722,0.76647,0.76656,1558,17,0
2026-02-10 15:30:00,0.76644,0.76659,0.76499,0.76513,2843,18,0
2026-02-10 16:00:00,0.76514,0.76514,0.76333,0.76342,2515,18,0
2026-02-10 16:30:00,0.76341,0.76375,0.76281,0.76343,2866,18,0
2026-02-10 17:00:00,0.76342,0.76538,0.76338,0.7652,2502,18,0
2026-02-10 17:30:00,0.76519,0.76587,0.76437,0.76497,3058,18,0
2026-02-10 18:00:00,0.76496,0.76641,0.76488,0.76605,2229,18,0
2026-02-10 18:30:00,0.76606,0.76677,0.76573,0.76665,1369,18,0
2026-02-10 19:00:00,0.76664,0.76676,0.76634,0.76646,847,19,0
2026-02-10 19:30:00,0.76644,0.76784,0.76644,0.76753,1088,20,0
2026-02-10 20:00:00,0.76745,0.76812,0.76741,0.76808,751,19,0
2026-02-10 20:30:00,0.76809,0.76833,0.76798,0.76831,752,19,0
2026-02-10 21:00:00,0.76832,0.7687,0.76814,0.76819,561,19,0
2026-02-10 21:30:00,0.76818,0.76819,0.76729,0.76729,523,19,0
2026-02-10 22:00:00,0.76732,0.76765,0.76725,0.7674,456,19,0
2026-02-10 22:30:00,0.76741,0.76788,0.76725,0.76786,493,19,0
2026-02-10 23:00:00,0.76787,0.76802,0.76775,0.76779,309,22,0
2026-02-10 23:30:00,0.7678,0.76792,0.7676,0.76767,471,23,0
2026-02-11 00:00:00,0.76773,0.7678,0.76514,0.7674,1028,84,0
2026-02-11 00:30:00,0.76741,0.7677,0.76711,0.7676,193,84,0
2026-02-11 01:00:00,0.7676,0.76846,0.76732,0.7684,744,19,0
2026-02-11 01:30:00,0.76839,0.76873,0.76829,0.76856,384,19,0
2026-02-11 02:00:00,0.76857,0.76866,0.7679,0.76795,600,19,0
2026-02-11 02:30:00,0.76794,0.768,0.76755,0.76787,1661,19,0
2026-02-11 03:00:00,0.76786,0.76787,0.76738,0.76751,1889,19,0
2026-02-11 03:30:00,0.76752,0.76806,0.76749,0.7679,963,19,0
2026-02-11 04:00:00,0.76789,0.7679,0.76697,0.76705,1138,19,0
2026-02-11 04:30:00,0.76706,0.76715,0.76655,0.76672,1119,19,0
2026-02-11 05:00:00,0.76672,0.76692,0.76645,0.76653,751,19,0
2026-02-11 05:30:00,0.76652,0.76666,0.76605,0.76628,750,19,0
2026-02-11 06:00:00,0.76629,0.76641,0.76573,0.7658,730,19,0
2026-02-11 06:30:00,0.76579,0.76638,0.76579,0.76618,659,19,0
2026-02-11 07:00:00,0.76617,0.76643,0.76573,0.76575,773,19,0
2026-02-11 07:30:00,0.76576,0.76596,0.76534,0.7654,1074,19,0
2026-02-11 08:00:00,0.76539,0.76558,0.76472,0.76549,1344,19,0
2026-02-11 08:30:00,0.76548,0.76576,0.76535,0.76567,1064,19,0
2026-02-11 09:00:00,0.76571,0.76603,0.76539,0.76592,1138,20,0
2026-02-11 09:30:00,0.76591,0.76615,0.76558,0.76566,1119,20,0
2026-02-11 10:00:00,0.76565,0.76592,0.76507,0.76588,1532,19,0
2026-02-11 10:30:00,0.76589,0.76631,0.76554,0.76603,1205,19,0
2026-02-11 11:00:00,0.76604,0.76688,0.76581,0.76653,1115,19,0
2026-02-11 11:30:00,0.76652,0.76653,0.76544,0.76562,1137,19,0
2026-02-11 12:00:00,0.76563,0.76609,0.76538,0.76579,899,19,0
2026-02-11 12:30:00,0.7658,0.76601,0.76533,0.76582,1037,19,0
2026-02-11 13:00:00,0.76585,0.76631,0.76571,0.76582,925,19,0
2026-02-11 13:30:00,0.76581,0.76636,0.7655,0.76613,1326,19,0
2026-02-11 14:00:00,0.76612,0.76742,0.76606,0.76742,1499,18,0
2026-02-11 14:30:00,0.76741,0.76781,0.7672,0.76773,1410,18,0
2026-02-11 15:00:00,0.76773,0.76779,0.76713,0.76719,1625,18,0
2026-02-11 15:30:00,0.76733,0.7729,0.76729,0.77065,7785,19,0
2026-02-11 16:00:00,0.77067,0.77144,0.76905,0.77117,4630,19,0
2026-02-11 16:30:00,0.77118,0.77261,0.7711,0.7717,4204,19,0
2026-02-11 17:00:00,0.77171,0.77293,0.77113,0.77234,3901,17,0
2026-02-11 17:30:00,0.77234,0.77294,0.7717,0.77241,3212,17,0
2026-02-11 18:00:00,0.77242,0.7728,0.77127,0.77129,2409,18,0
2026-02-11 18:30:00,0.77128,0.7713,0.76985,0.76996,2227,19,0
2026-02-11 19:00:00,0.76994,0.77055,0.76957,0.7697,1713,20,0
2026-02-11 19:30:00,0.76968,0.77027,0.76956,0.76999,1319,19,0
2026-02-11 20:00:00,0.76998,0.77026,0.76956,0.77009,1357,19,0
2026-02-11 20:30:00,0.7701,0.7703,0.76968,0.77029,976,19,0
2026-02-11 21:00:00,0.7703,0.77061,0.76991,0.77023,979,19,0
2026-02-11 21:30:00,0.77024,0.77052,0.77008,0.77044,771,19,0
2026-02-11 22:00:00,0.77045,0.771,0.77038,0.77089,586,19,0
2026-02-11 22:30:00,0.77088,0.77138,0.7708,0.77136,465,20,0
2026-02-11 23:00:00,0.77141,0.77152,0.77115,0.77147,361,22,0
2026-02-11 23:30:00,0.77146,0.77171,0.77106,0.7711,490,23,0
2026-02-12 00:00:00,0.77111,0.7713,0.76897,0.77084,159,84,0
2026-02-12 00:30:00,0.77083,0.77099,0.7704,0.77085,190,84,0
2026-02-12 01:00:00,0.7704,0.7713,0.77034,0.771,666,19,0
2026-02-12 01:30:00,0.77101,0.77126,0.77087,0.77115,544,19,0
2026-02-12 02:00:00,0.77114,0.77147,0.77051,0.77059,930,19,0
2026-02-12 02:30:00,0.77058,0.7708,0.77027,0.7704,1026,19,0
2026-02-12 03:00:00,0.77041,0.77076,0.7701,0.77069,1429,19,0
2026-02-12 03:30:00,0.7707,0.7709,0.77015,0.77025,1210,19,0
2026-02-12 04:00:00,0.77026,0.7704,0.76989,0.77038,1256,19,0
2026-02-12 04:30:00,0.77039,0.77052,0.77005,0.77025,1070,19,0
2026-02-12 05:00:00,0.77026,0.77039,0.77001,0.77031,1089,19,0
2026-02-12 05:30:00,0.7703,0.77098,0.77016,0.77069,1091,19,0
2026-02-12 06:00:00,0.7707,0.77125,0.77046,0.77107,976,19,0
2026-02-12 06:30:00,0.77106,0.77148,0.77088,0.77134,950,19,0
2026-02-12 07:00:00,0.77134,0.77174,0.77126,0.77171,842,19,0
2026-02-12 07:30:00,0.77172,0.77173,0.7712,0.7713,970,19,0
2026-02-12 08:00:00,0.77131,0.77197,0.77105,0.77191,1476,19,0
2026-02-12 08:30:00,0.77192,0.77241,0.77147,0.77216,1831,18,0
2026-02-12 09:00:00,0.77215,0.77221,0.77072,0.77076,1258,18,0
2026-02-12 09:30:00,0.77075,0.77126,0.7707,0.77086,997,19,0
2026-02-12 10:00:00,0.77083,0.77111,0.7702,0.77038,1296,19,0
2026-02-12 10:30:00,0.77037,0.7706,0.76962,0.7697,1367,19,0
2026-02-12 11:00:00,0.76971,0.76973,0.76894,0.76911,1333,19,0
2026-02-12 11:30:00,0.76912,0.76912,0.76789,0.76792,1182,19,0
2026-02-12 12:00:00,0.76793,0.76869,0.76774,0.76775,1294,19,0
2026-02-12 12:30:00,0.76774,0.76839,0.76749,0.76805,1078,19,0
2026-02-12 13:00:00,0.76802,0.76812,0.7674,0.76771,913,19,0
2026-02-12 13:30:00,0.76772,0.76787,0.76678,0.76681,905,19,0
2026-02-12 14:00:00,0.76677,0.76769,0.76658,0.76767,1148,18,0
2026-02-12 14:30:00,0.76765,0.76995,0.76756,0.76949,1794,18,0
2026-02-12 15:00:00,0.76948,0.76998,0.76927,0.7697,1778,17,0
2026-02-12 15:30:00,0.76971,0.77016,0.76856,0.76865,1948,17,0
2026-02-12 16:00:00,0.76864,0.76965,0.76839,0.76935,2309,18,0
2026-02-12 16:30:00,0.76935,0.76936,0.76794,0.76845,2411,18,0
2026-02-12 17:00:00,0.76846,0.76848,0.76739,0.76782,2429,18,0
2026-02-12 17:30:00,0.76782,0.76817,0.7672,0.76765,2339,18,0
2026-02-12 18:00:00,0.76764,0.76928,0.7671,0.76897,3837,18,0
2026-02-12 18:30:00,0.76898,0.76972,0.7687,0.76923,3792,18,0
2026-02-12 19:00:00,0.76927,0.76989,0.76878,0.76947,2206,19,0
2026-02-12 19:30:00,0.76949,0.77002,0.76928,0.7697,1592,19,0
2026-02-12 20:00:00,0.7697,0.77006,0.76928,0.76985,1679,19,0
2026-02-12 20:30:00,0.76987,0.77009,0.76945,0.76982,1163,19,0
2026-02-12 21:00:00,0.76981,0.7701,0.7694,0.76968,982,19,0
2026-02-12 21:30:00,0.76969,0.77002,0.76936,0.76947,804,19,0
2026-02-12 22:00:00,0.76949,0.76971,0.76938,0.76947,679,19,0
2026-02-12 22:30:00,0.76948,0.7697,0.76909,0.76934,660,19,0
2026-02-12 23:00:00,0.76933,0.76934,0.76895,0.76914,353,19,0
2026-02-12 23:30:00,0.76915,0.76935,0.76861,0.76861,600,24,0
2026-02-13 00:00:00,0.7686,0.76899,0.7669,0.76895,159,84,0
2026-02-13 00:30:00,0.76888,0.76897,0.76792,0.76804,205,84,0
2026-02-13 01:00:00,0.7679,0.76928,0.7679,0.76922,817,19,0
2026-02-13 01:30:00,0.76921,0.76951,0.76904,0.76942,750,19,0
2026-02-13 02:00:00,0.76943,0.76953,0.76924,0.76949,996,19,0
2026-02-13 02:30:00,0.7695,0.7695,0.76886,0.76892,1055,19,0
2026-02-13 03:00:00,0.76893,0.76971,0.76876,0.76958,1381,19,0
2026-02-13 03:30:00,0.76959,0.76969,0.76934,0.76937,924,19,0
2026-02-13 04:00:00,0.76936,0.76966,0.76921,0.76921,808,19,0
2026-02-13 04:30:00,0.7692,0.76948,0.76911,0.76943,625,19,0
2026-02-13 05:00:00,0.76942,0.76955,0.76929,0.76943,647,19,0
2026-02-13 05:30:00,0.76941,0.76968,0.76924,0.76966,708,19,0
2026-02-13 06:00:00,0.76965,0.76969,0.76956,0.76964,480,19,0
2026-02-13 06:30:00,0.76965,0.77018,0.76959,0.76992,620,19,0
2026-02-13 07:00:00,0.76991,0.77042,0.76985,0.76994,867,19,0
2026-02-13 07:30:00,0.76995,0.77014,0.76976,0.77,961,19,0
2026-02-13 08:00:00,0.77001,0.77015,0.76968,0.7701,1004,19,0
2026-02-13 08:30:00,0.77011,0.77032,0.76998,0.7701,1052,19,0
2026-02-13 09:00:00,0.77014,0.77105,0.77008,0.77089,1118,19,0
2026-02-13 09:30:00,0.77088,0.77173,0.77018,0.77044,1479,19,0
2026-02-13 10:00:00,0.77048,0.7707,0.76994,0.77012,1478,19,0
2026-02-13 10:30:00,0.77013,0.77062,0.76975,0.76984,1287,19,0
2026-02-13 11:00:00,0.76983,0.76985,0.76912,0.76926,1156,19,0
2026-02-13 11:30:00,0.76927,0.76966,0.76908,0.7696,831,19,0
2026-02-13 12:00:00,0.76961,0.77015,0.76959,0.76993,778,19,0
2026-02-13 12:30:00,0.76992,0.77011,0.76943,0.76943,911,19,0
2026-02-13 13:00:00,0.76941,0.76976,0.7691,0.76954,1023,19,0
2026-02-13 13:30:00,0.76954,0.76985,0.76914,0.76963,1128,19,0
2026-02-13 14:00:00,0.76957,0.76972,0.76895,0.76926,1028,18,0
2026-02-13 14:30:00,0.76926,0.76927,0.76881,0.76883,1141,18,0
2026-02-13 15:00:00,0.76882,0.7691,0.76838,0.7691,1597,18,0
2026-02-13 15:30:00,0.769,0.76929,0.76693,0.76822,4438,19,0
2026-02-13 16:00:00,0.76825,0.76873,0.76799,0.76819,2639,19,0
2026-02-13 16:30:00,0.7682,0.7687,0.76808,0.76854,3027,19,0
2026-02-13 17:00:00,0.76853,0.76887,0.76809,0.76847,1778,18,0
2026-02-13 17:30:00,0.76846,0.77024,0.76846,0.77019,1826,18,0
2026-02-13 18:00:00,0.77016,0.77025,0.76822,0.76842,1989,18,0
2026-02-13 18:30:00,0.76843,0.76858,0.76806,0.76845,1553,18,0
2026-02-13 19:00:00,0.76844,0.76854,0.76749,0.7676,1044,19,0
2026-02-13 19:30:00,0.76759,0.76811,0.7675,0.76775,910,19,0
2026-02-13 20:00:00,0.76774,0.76811,0.76761,0.76775,493,19,0
2026-02-13 20:30:00,0.76774,0.76794,0.76757,0.76782,488,19,0
2026-02-13 21:00:00,0.76781,0.76796,0.76762,0.76775,493,19,0
2026-02-13 21:30:00,0.76774,0.76817,0.76763,0.76817,437,19,0
2026-02-13 22:00:00,0.76818,0.76849,0.76814,0.76831,426,19,0
2026-02-13 22:30:00,0.76832,0.76837,0.76759,0.76773,638,20,0
2026-02-13 23:00:00,0.76776,0.76779,0.76752,0.76757,391,22,0
2026-02-13 23:30:00,0.76755,0.76787,0.76712,0.76719,500,23,0
2026-02-16 00:00:00,0.76801,0.76816,0.76784,0.76796,139,120,0
2026-02-16 00:30:00,0.76787,0.76791,0.76736,0.7674,258,120,0
2026-02-16 01:00:00,0.76753,0.76848,0.76724,0.76835,858,24,0
2026-02-16 01:30:00,0.76834,0.76849,0.76826,0.76828,596,19,0
2026-02-16 02:00:00,0.76827,0.76869,0.76808,0.76867,1241,19,0
2026-02-16 02:30:00,0.76866,0.76871,0.76828,0.76854,912,19,0
2026-02-16 03:00:00,0.76855,0.76879,0.7684,0.76852,945,19,0
2026-02-16 03:30:00,0.7685,0.76865,0.76823,0.76824,758,19,0
2026-02-16 04:00:00,0.76825,0.76856,0.76805,0.76841,747,19,0
2026-02-16 04:30:00,0.76841,0.76854,0.76818,0.76827,734,19,0
2026-02-16 05:00:00,0.76827,0.76842,0.76796,0.76804,599,19,0
2026-02-16 05:30:00,0.76806,0.76818,0.76798,0.76803,567,19,0
2026-02-16 06:00:00,0.76804,0.76818,0.76792,0.76805,528,19,0
2026-02-16 06:30:00,0.76804,0.76867,0.76802,0.76863,595,19,0
2026-02-16 07:00:00,0.76863,0.76872,0.76845,0.76845,507,19,0
2026-02-16 07:30:00,0.76846,0.76875,0.76834,0.7685,518,19,0
2026-02-16 08:00:00,0.76851,0.76858,0.76826,0.76829,534,19,0
2026-02-16 08:30:00,0.76831,0.76833,0.76799,0.76826,549,19,0
2026-02-16 09:00:00,0.76826,0.7687,0.76826,0.76836,568,19,0
2026-02-16 09:30:00,0.76835,0.76874,0.76832,0.76837,746,19,0
2026-02-16 10:00:00,0.76839,0.76877,0.7678,0.76857,1280,19,0
2026-02-16 10:30:00,0.76858,0.76918,0.76856,0.76892,1029,19,0
2026-02-16 11:00:00,0.76889,0.76909,0.76857,0.76864,695,19,0
2026-02-16 11:30:00,0.76866,0.76946,0.76864,0.76945,763,19,0
2026-02-16 12:00:00,0.76946,0.7696,0.7692,0.7695,711,19,0
2026-02-16 12:30:00,0.76951,0.76984,0.76938,0.76957,623,19,0
2026-02-16 13:00:00,0.76961,0.77006,0.76961,0.76977,550,19,0
2026-02-16 13:30:00,0.76978,0.77006,0.76944,0.76981,537,19,0
2026-02-16 14:00:00,0.76981,0.7701,0.76965,0.7699,562,18,0
2026-02-16 14:30:00,0.76991,0.77029,0.76991,0.77011,562,18,0
2026-02-16 15:00:00,0.77012,0.77023,0.7698,0.77019,612,18,0
2026-02-16 15:30:00,0.77021,0.77035,0.76955,0.76967,689,18,0
2026-02-16 16:00:00,0.76968,0.76971,0.76891,0.76898,634,18,0
2026-02-16 16:30:00,0.76897,0.76958,0.7689,0.76924,719,18,0
2026-02-16 17:00:00,0.76923,0.76959,0.76914,0.76948,615,18,0
2026-02-16 17:30:00,0.76947,0.76967,0.76917,0.76929,711,18,0
2026-02-16 18:00:00,0.76927,0.76963,0.76906,0.76943,708,18,0
2026-02-16 18:30:00,0.76944,0.76976,0.76922,0.76933,476,18,0
2026-02-16 19:00:00,0.76934,0.76949,0.76918,0.76945,276,19,0
2026-02-16 19:30:00,0.76944,0.76978,0.76944,0.76957,185,19,0
2026-02-16 20:00:00,0.76955,0.76955,0.76942,0.76949,132,19,0
2026-02-16 20:30:00,0.76948,0.7695,0.76933,0.76949,82,19,0
2026-02-16 21:00:00,0.76948,0.76951,0.76933,0.7694,85,19,0
2026-02-16 21:30:00,0.76939,0.76939,0.76912,0.76913,101,20,0
2026-02-16 22:00:00,0.76912,0.76929,0.76911,0.76914,86,19,0
2026-02-16 22:30:00,0.76913,0.76924,0.76908,0.76921,102,19,0
2026-02-16 23:00:00,0.76921,0.76933,0.76918,0.76923,100,21,0
2026-02-16 23:30:00,0.76924,0.76952,0.76903,0.76903,311,23,0
2026-02-17 00:00:00,0.76873,0.76894,0.76822,0.76887,99,84,0
2026-02-17 00:30:00,0.76888,0.76889,0.76878,0.76882,130,106,0
2026-02-17 01:00:00,0.76883,0.76968,0.76879,0.76945,576,19,0
2026-02-17 01:30:00,0.76945,0.76977,0.76942,0.7696,438,19,0
2026-02-17 02:00:00,0.76959,0.76961,0.76927,0.7695,1122,19,0
2026-02-17 02:30:00,0.76949,0.76997,0.76941,0.76974,1143,19,0
2026-02-17 03:00:00,0.76973,0.77004,0.76967,0.76982,1119,19,0
2026-02-17 03:30:00,0.76981,0.76986,0.76959,0.76961,893,19,0
2026-02-17 04:00:00,0.7696,0.76972,0.76923,0.7696,911,19,0
2026-02-17 04:30:00,0.7696,0.76977,0.76955,0.76958,602,19,0
2026-02-17 05:00:00,0.76957,0.7698,0.76954,0.76967,662,19,0
2026-02-17 05:30:00,0.76966,0.76978,0.76937,0.76941,689,19,0
2026-02-17 06:00:00,0.7694,0.76958,0.76932,0.76932,555,19,0
2026-02-17 06:30:00,0.76931,0.76942,0.76919,0.76925,629,19,0
2026-02-17 07:00:00,0.76926,0.76956,0.76911,0.76911,736,19,0
2026-02-17 07:30:00,0.76912,0.7693,0.76901,0.7691,797,19,0
2026-02-17 08:00:00,0.76907,0.76919,0.76877,0.76885,690,19,0
2026-02-17 08:30:00,0.76886,0.76904,0.76867,0.76903,714,19,0
2026-02-17 09:00:00,0.76904,0.76981,0.76892,0.76966,953,19,0
2026-02-17 09:30:00,0.76965,0.7706,0.76962,0.77037,1117,19,0
2026-02-17 10:00:00,0.77036,0.77048,0.76945,0.76955,1384,19,0
2026-02-17 10:30:00,0.76953,0.76971,0.76881,0.76911,1217,19,0
2026-02-17 11:00:00,0.7691,0.7694,0.76895,0.76929,839,19,0
2026-02-17 11:30:00,0.76928,0.76931,0.76888,0.7691,624,19,0
2026-02-17 12:00:00,0.76912,0.7693,0.76874,0.769,853,19,0
2026-02-17 12:30:00,0.76901,0.76942,0.76895,0.76935,764,19,0
2026-02-17 13:00:00,0.7693,0.76937,0.76915,0.76924,574,19,0
2026-02-17 13:30:00,0.76925,0.77072,0.76923,0.77034,1088,19,0
2026-02-17 14:00:00,0.77032,0.77052,0.76996,0.77039,1166,19,0
2026-02-17 14:30:00,0.7704,0.77073,0.77031,0.77059,1153,18,0
2026-02-17 15:00:00,0.7706,0.77109,0.77038,0.77057,1626,17,0
2026-02-17 15:30:00,0.77056,0.77167,0.77024,0.77114,2218,18,0
2026-02-17 16:00:00,0.77113,0.77167,0.77099,0.77148,2061,18,0
2026-02-17 16:30:00,0.77153,0.77201,0.77092,0.77186,2770,18,0
2026-02-17 17:00:00,0.77187,0.77323,0.77186,0.7732,2449,18,0
2026-02-17 17:30:00,0.77321,0.77391,0.77304,0.77372,2331,18,0
2026-02-17 18:00:00,0.77371,0.77377,0.77183,0.77205,1922,18,0
2026-02-17 18:30:00,0.77202,0.77214,0.77155,0.77171,1592,18,0
2026-02-17 19:00:00,0.7717,0.77176,0.77096,0.77098,877,19,0
2026-02-17 19:30:00,0.77099,0.77129,0.77078,0.77102,792,20,0
2026-02-17 20:00:00,0.77101,0.77109,0.77056,0.77059,699,19,0
2026-02-17 20:30:00,0.77058,0.7707,0.77005,0.77022,701,19,0
2026-02-17 21:00:00,0.77021,0.7706,0.76999,0.77055,481,19,0
2026-02-17 21:30:00,0.77056,0.77057,0.77007,0.77017,623,19,0
2026-02-17 22:00:00,0.77018,0.77034,0.76999,0.77021,422,19,0
2026-02-17 22:30:00,0.77022,0.77026,0.76994,0.77008,421,19,0
2026-02-17 23:00:00,0.77009,0.77016,0.76986,0.77007,245,22,0
2026-02-17 23:30:00,0.77006,0.77016,0.76952,0.76952,248,23,0
2026-02-18 00:00:00,0.7709,0.77124,0.76993,0.77008,204,84,0
2026-02-18 00:30:00,0.77002,0.77023,0.76973,0.76983,990,115,0
2026-02-18 01:00:00,0.76984,0.77022,0.76951,0.77008,948,19,0
2026-02-18 01:30:00,0.77009,0.77027,0.76995,0.77021,469,19,0
2026-02-18 02:00:00,0.77023,0.77024,0.76991,0.76992,859,19,0
2026-02-18 02:30:00,0.76992,0.77015,0.76987,0.77008,742,19,0
2026-02-18 03:00:00,0.77009,0.77067,0.77009,0.77058,992,19,0
2026-02-18 03:30:00,0.77059,0.77059,0.77016,0.77023,538,19,0
2026-02-18 04:00:00,0.77025,0.7708,0.77024,0.77054,681,19,0
2026-02-18 04:30:00,0.77055,0.77064,0.77038,0.77047,615,19,0
2026-02-18 05:00:00,0.77046,0.7707,0.77035,0.77052,540,19,0
2026-02-18 05:30:00,0.77052,0.77102,0.7705,0.77098,562,19,0
2026-02-18 06:00:00,0.77099,0.77115,0.77082,0.77099,451,19,0
2026-02-18 06:30:00,0.77099,0.77104,0.77087,0.77099,392,19,0
2026-02-18 07:00:00,0.77098,0.771,0.77076,0.77088,383,19,0
2026-02-18 07:30:00,0.77087,0.77098,0.77069,0.77072,418,19,0
2026-02-18 08:00:00,0.77072,0.77106,0.77064,0.77074,512,19,0
2026-02-18 08:30:00,0.77073,0.77089,0.77048,0.77052,627,18,0
2026-02-18 09:00:00,0.77053,0.77149,0.77047,0.77144,669,19,0
2026-02-18 09:30:00,0.77145,0.77156,0.77114,0.77136,884,19,0
2026-02-18 10:00:00,0.77137,0.77181,0.77106,0.77138,1013,19,0
2026-02-18 10:30:00,0.77137,0.77207,0.77129,0.77161,846,19,0
2026-02-18 11:00:00,0.77163,0.77168,0.7709,0.77121,857,19,0
2026-02-18 11:30:00,0.77122,0.77162,0.77093,0.77138,870,19,0
2026-02-18 12:00:00,0.77139,0.77152,0.77102,0.77132,771,19,0
2026-02-18 12:30:00,0.77131,0.77195,0.77131,0.7719,726,19,0
2026-02-18 13:00:00,0.77191,0.77195,0.77123,0.77132,702,19,0
2026-02-18 13:30:00,0.77131,0.77137,0.77077,0.77105,586,19,0
2026-02-18 14:00:00,0.77103,0.77115,0.77035,0.77043,842,18,0
2026-02-18 14:30:00,0.77044,0.77074,0.77004,0.77053,983,18,0
2026-02-18 15:00:00,0.77054,0.77094,0.7699,0.77088,1030,18,0
2026-02-18 15:30:00,0.77108,0.77162,0.77082,0.77155,1449,18,0
2026-02-18 16:00:00,0.77153,0.77203,0.7711,0.77171,1675,18,0
2026-02-18 16:30:00,0.77172,0.77179,0.77121,0.7717,2042,18,0
2026-02-18 17:00:00,0.77169,0.77189,0.77097,0.77164,1721,18,0
2026-02-18 17:30:00,0.77164,0.77172,0.77108,0.77121,1443,18,0
2026-02-18 18:00:00,0.77122,0.77194,0.77081,0.77192,1338,18,0
2026-02-18 18:30:00,0.77194,0.77226,0.77157,0.77226,1156,18,0
2026-02-18 19:00:00,0.77225,0.77245,0.77194,0.77217,594,19,0
2026-02-18 19:30:00,0.77218,0.77286,0.77216,0.77256,778,19,0
2026-02-18 20:00:00,0.77255,0.77285,0.77234,0.77268,867,19,0
2026-02-18 20:30:00,0.77269,0.77292,0.7725,0.77251,860,18,0
2026-02-18 21:00:00,0.77249,0.77313,0.77223,0.77289,1469,19,0
2026-02-18 21:30:00,0.7729,0.77301,0.77251,0.77258,763,19,0
2026-02-18 22:00:00,0.77257,0.773,0.77241,0.773,445,19,0
2026-02-18 22:30:00,0.77302,0.77305,0.77274,0.77297,460,20,0
2026-02-18 23:00:00,0.77299,0.77306,0.77257,0.7726,332,22,0
2026-02-18 23:30:00,0.77261,0.77294,0.77249,0.77249,331,23,0
2026-02-19 00:00:00,0.76886,0.77216,0.76886,0.77185,234,84,0
2026-02-19 00:30:00,0.7719,0.77233,0.77169,0.77226,462,84,0
2026-02-19 01:00:00,0.77218,0.77245,0.77212,0.7723,705,19,0
2026-02-19 01:30:00,0.77229,0.77251,0.77226,0.77235,345,19,0
2026-02-19 02:00:00,0.77238,0.77267,0.77235,0.77239,594,19,0
2026-02-19 02:30:00,0.77238,0.77287,0.77233,0.77265,870,19,0
2026-02-19 03:00:00,0.77266,0.77268,0.77222,0.77246,881,19,0
2026-02-19 03:30:00,0.77247,0.77252,0.77203,0.77207,637,19,0
2026-02-19 04:00:00,0.77205,0.77242,0.77202,0.77217,741,19,0
2026-02-19 04:30:00,0.7722,0.77243,0.77199,0.77242,532,19,0
2026-02-19 05:00:00,0.77241,0.77285,0.77231,0.77275,525,19,0
2026-02-19 05:30:00,0.77274,0.77294,0.77266,0.77282,717,19,0
2026-02-19 06:00:00,0.77281,0.77316,0.77275,0.77308,590,19,0
2026-02-19 06:30:00,0.77307,0.77329,0.77291,0.77301,569,19,0
2026-02-19 07:00:00,0.773,0.77321,0.77292,0.77302,617,19,0
2026-02-19 07:30:00,0.77302,0.77303,0.77279,0.77285,664,19,0
2026-02-19 08:00:00,0.77284,0.77304,0.77241,0.77244,779,19,0
2026-02-19 08:30:00,0.77245,0.77256,0.77199,0.77221,810,19,0
2026-02-19 09:00:00,0.77225,0.77268,0.77222,0.77254,595,19,0
2026-02-19 09:30:00,0.77253,0.77253,0.77193,0.77225,906,19,0
2026-02-19 10:00:00,0.77224,0.77254,0.77205,0.77252,905,19,0
2026-02-19 10:30:00,0.7725,0.77263,0.77209,0.77242,851,19,0
2026-02-19 11:00:00,0.77241,0.77294,0.77209,0.77286,892,19,0
2026-02-19 11:30:00,0.77287,0.77307,0.77242,0.77307,880,19,0
2026-02-19 12:00:00,0.77306,0.7737,0.7728,0.77368,1002,19,0
2026-02-19 12:30:00,0.77367,0.77377,0.77319,0.77364,656,19,0
2026-02-19 13:00:00,0.77361,0.77409,0.77345,0.77395,766,19,0
2026-02-19 13:30:00,0.77395,0.77419,0.77379,0.77402,881,19,0
2026-02-19 14:00:00,0.77406,0.77467,0.77395,0.77452,799,18,0
2026-02-19 14:30:00,0.77452,0.77521,0.77413,0.77501,1063,18,0
2026-02-19 15:00:00,0.77502,0.77586,0.77477,0.77507,1563,19,0
2026-02-19 15:30:00,0.77522,0.77569,0.77454,0.77455,1690,18,0
2026-02-19 16:00:00,0.77456,0.77619,0.7745,0.77547,1792,18,0
2026-02-19 16:30:00,0.77545,0.77601,0.77532,0.77569,2354,18,0
2026-02-19 17:00:00,0.77566,0.77577,0.77429,0.77484,3161,18,0
2026-02-19 17:30:00,0.77483,0.77566,0.77432,0.77545,2519,18,0
2026-02-19 18:00:00,0.77546,0.77558,0.77489,0.77522,1808,18,0
2026-02-19 18:30:00,0.77521,0.77575,0.77466,0.77571,1497,18,0
2026-02-19 19:00:00,0.7757,0.776,0.77541,0.77545,924,18,0
2026-02-19 19:30:00,0.77544,0.77582,0.77523,0.77543,699,19,0
2026-02-19 20:00:00,0.77538,0.77539,0.77498,0.77509,658,19,0
2026-02-19 20:30:00,0.7751,0.77517,0.7747,0.7751,559,19,0
2026-02-19 21:00:00,0.77508,0.7754,0.77496,0.7752,568,19,0
2026-02-19 21:30:00,0.77519,0.7761,0.77515,0.77584,685,19,0
2026-02-19 22:00:00,0.77583,0.77587,0.77548,0.77553,448,19,0
2026-02-19 22:30:00,0.77552,0.77565,0.77528,0.7753,345,19,0
2026-02-19 23:00:00,0.77531,0.77537,0.7749,0.77501,340,20,0
2026-02-19 23:30:00,0.77498,0.77505,0.77447,0.77448,844,23,0
2026-02-20 00:00:00,0.77446,0.77488,0.77446,0.77461,130,84,0
2026-02-20 00:30:00,0.7746,0.77481,0.77445,0.77481,255,84,0
2026-02-20 01:00:00,0.77459,0.77496,0.77459,0.7749,670,19,0
2026-02-20 01:30:00,0.77491,0.77538,0.7749,0.77533,638,19,0
2026-02-20 02:00:00,0.77532,0.77559,0.77515,0.77551,801,19,0
2026-02-20 02:30:00,0.77552,0.77564,0.77499,0.77527,965,19,0
2026-02-20 03:00:00,0.7753,0.77581,0.7752,0.77567,1028,19,0
2026-02-20 03:30:00,0.77568,0.7759,0.77559,0.77569,1012,19,0
2026-02-20 04:00:00,0.77568,0.77601,0.77562,0.77594,990,19,0
2026-02-20 04:30:00,0.77595,0.77612,0.77578,0.77597,668,19,0
2026-02-20 05:00:00,0.77596,0.77605,0.77564,0.77602,548,19,0
2026-02-20 05:30:00,0.77603,0.77603,0.77557,0.77572,516,19,0
2026-02-20 06:00:00,0.77573,0.77573,0.77543,0.77559,536,19,0
2026-02-20 06:30:00,0.77558,0.77586,0.77556,0.77583,461,19,0
2026-02-20 07:00:00,0.77583,0.77598,0.77562,0.77578,595,19,0
2026-02-20 07:30:00,0.77579,0.77609,0.77554,0.77569,695,19,0
2026-02-20 08:00:00,0.77566,0.77603,0.77562,0.77568,852,19,0
2026-02-20 08:30:00,0.77567,0.7758,0.77541,0.77563,744,18,0
2026-02-20 09:00:00,0.77564,0.7758,0.77511,0.77532,949,19,0
2026-02-20 09:30:00,0.77533,0.77617,0.77508,0.77615,1219,19,0
2026-02-20 10:00:00,0.77617,0.77679,0.77544,0.77566,1470,19,0
2026-02-20 10:30:00,0.7756,0.7758,0.77507,0.7753,1449,19,0
2026-02-20 11:00:00,0.77528,0.77562,0.77504,0.77514,1161,18,0
2026-02-20 11:30:00,0.77511,0.77564,0.77491,0.77531,1157,18,0
2026-02-20 12:00:00,0.7753,0.77671,0.77527,0.77666,949,19,0
2026-02-20 12:30:00,0.77665,0.77672,0.77588,0.77611,869,19,0
2026-02-20 13:00:00,0.77612,0.77634,0.77588,0.77597,745,19,0
2026-02-20 13:30:00,0.77596,0.77623,0.77581,0.77617,792,19,0
2026-02-20 14:00:00,0.77616,0.77645,0.77588,0.77618,891,18,0
2026-02-20 14:30:00,0.77619,0.77635,0.77571,0.77599,997,18,0
2026-02-20 15:00:00,0.77601,0.77611,0.7755,0.77555,1258,18,0
2026-02-20 15:30:00,0.77572,0.77697,0.77474,0.77612,3049,18,0
2026-02-20 16:00:00,0.77614,0.77697,0.77595,0.77631,1717,18,0
2026-02-20 16:30:00,0.77633,0.77704,0.77613,0.77642,2311,18,0
2026-02-20 17:00:00,0.77643,0.77713,0.77296,0.77356,6647,18,0
2026-02-20 17:30:00,0.77355,0.77474,0.77334,0.77431,4468,18,0
2026-02-20 18:00:00,0.7743,0.7754,0.77356,0.77519,3095,18,0
2026-02-20 18:30:00,0.7752,0.77591,0.77516,0.77553,1627,18,0
2026-02-20 19:00:00,0.77552,0.77625,0.77508,0.77595,1351,20,0
2026-02-20 19:30:00,0.77596,0.77598,0.77491,0.77519,1495,20,0
2026-02-20 20:00:00,0.7752,0.77553,0.77475,0.77483,1539,19,0
2026-02-20 20:30:00,0.77484,0.77519,0.77388,0.77507,2491,20,0
2026-02-20 21:00:00,0.77505,0.77538,0.77471,0.77522,1100,19,0
2026-02-20 21:30:00,0.77521,0.77551,0.77501,0.77539,753,19,0
2026-02-20 22:00:00,0.7754,0.77569,0.77484,0.77485,573,19,0
2026-02-20 22:30:00,0.77486,0.77533,0.77479,0.77501,510,19,0
2026-02-20 23:00:00,0.775,0.77502,0.77452,0.77475,374,22,0
2026-02-20 23:30:00,0.77473,0.77576,0.77469,0.77527,1121,25,0
2026-02-23 00:00:00,0.77394,0.77394,0.77383,0.77385,33,120,0
2026-02-23 00:30:00,0.77386,0.77411,0.77385,0.77388,241,102,0
2026-02-23 01:00:00,0.77396,0.77442,0.77246,0.77294,1864,19,0
2026-02-23 01:30:00,0.77293,0.77295,0.77158,0.7717,1333,19,0
2026-02-23 02:00:00,0.77172,0.77228,0.77158,0.77164,1497,19,0
2026-02-23 02:30:00,0.77163,0.77174,0.77111,0.77119,1654,19,0
2026-02-23 03:00:00,0.77115,0.77199,0.77111,0.77199,1961,19,0
2026-02-23 03:30:00,0.77198,0.77209,0.77137,0.77162,1492,19,0
2026-02-23 04:00:00,0.77161,0.77182,0.77093,0.77133,1264,19,0
2026-02-23 04:30:00,0.77133,0.77171,0.7711,0.77139,1083,19,0
2026-02-23 05:00:00,0.77138,0.77224,0.77137,0.77223,875,19,0
2026-02-23 05:30:00,0.77225,0.77243,0.77195,0.77198,716,19,0
2026-02-23 06:00:00,0.77199,0.77241,0.77189,0.77228,760,19,0
2026-02-23 06:30:00,0.77228,0.77244,0.77218,0.77236,628,19,0
2026-02-23 07:00:00,0.77237,0.77281,0.77236,0.77267,592,19,0
2026-02-23 07:30:00,0.77265,0.77269,0.7724,0.77249,511,19,0
2026-02-23 08:00:00,0.77249,0.77268,0.7715,0.77164,1001,19,0
2026-02-23 08:30:00,0.77162,0.77245,0.77159,0.77233,690,19,0
2026-02-23 09:00:00,0.77236,0.77265,0.77223,0.7725,951,19,0
2026-02-23 09:30:00,0.77249,0.77285,0.77198,0.77209,1294,20,0
2026-02-23 10:00:00,0.77208,0.77279,0.77198,0.77269,1657,20,0
2026-02-23 10:30:00,0.77268,0.7738,0.77263,0.77341,990,19,0
2026-02-23 11:00:00,0.7734,0.77405,0.77325,0.7737,865,19,0
2026-02-23 11:30:00,0.77372,0.77434,0.77345,0.7742,946,19,0
2026-02-23 12:00:00,0.7742,0.77499,0.77411,0.77474,986,19,0
2026-02-23 12:30:00,0.77472,0.77487,0.77444,0.77466,759,19,0
2026-02-23 13:00:00,0.77465,0.77583,0.77463,0.77581,908,19,0
2026-02-23 13:30:00,0.77579,0.77628,0.77578,0.77613,1066,19,0
2026-02-23 14:00:00,0.77616,0.77672,0.77605,0.77655,1077,18,0
2026-02-23 14:30:00,0.77654,0.77658,0.77586,0.77615,1164,18,0
2026-02-23 15:00:00,0.77616,0.77647,0.77524,0.77524,1403,18,0
2026-02-23 15:30:00,0.77525,0.77528,0.77464,0.77493,1283,18,0
2026-02-23 16:00:00,0.77494,0.77509,0.77441,0.77494,1328,18,0
2026-02-23 16:30:00,0.77494,0.77508,0.77358,0.77363,2387,18,0
2026-02-23 17:00:00,0.77364,0.77393,0.77307,0.77329,2019,18,0
2026-02-23 17:30:00,0.7733,0.77422,0.77312,0.77409,2034,18,0
2026-02-23 18:00:00,0.7741,0.77448,0.77362,0.77381,2107,18,0
2026-02-23 18:30:00,0.7738,0.77408,0.77336,0.77338,1313,18,0
2026-02-23 19:00:00,0.77337,0.77394,0.77306,0.77385,911,19,0
2026-02-23 19:30:00,0.77384,0.77414,0.77362,0.77374,655,19,0
2026-02-23 20:00:00,0.77375,0.77425,0.7737,0.77422,552,19,0
2026-02-23 20:30:00,0.7742,0.7742,0.77369,0.77383,473,19,0
2026-02-23 21:00:00,0.77386,0.77415,0.7736,0.77407,560,19,0
2026-02-23 21:30:00,0.77408,0.77452,0.77402,0.77426,618,19,0
2026-02-23 22:00:00,0.77425,0.77448,0.77405,0.77415,437,19,0
2026-02-23 22:30:00,0.77414,0.77441,0.77413,0.77427,302,19,0
2026-02-23 23:00:00,0.77428,0.77442,0.77398,0.77432,217,22,0
2026-02-23 23:30:00,0.77433,0.77469,0.77412,0.77443,725,25,0
2026-02-24 00:00:00,0.77445,0.77445,0.77332,0.77406,75,57,0
2026-02-24 00:30:00,0.77407,0.77449,0.77374,0.77407,510,84,0
2026-02-24 01:00:00,0.77395,0.77445,0.77389,0.7744,831,19,0
2026-02-24 01:30:00,0.77439,0.77439,0.77406,0.77419,675,19,0
2026-02-24 02:00:00,0.77419,0.77438,0.77409,0.7743,795,19,0
2026-02-24 02:30:00,0.7743,0.77459,0.77408,0.77458,1073,19,0
2026-02-24 03:00:00,0.77459,0.776,0.77459,0.77586,1642,19,0
2026-02-24 03:30:00,0.77587,0.776,0.77518,0.7754,1229,19,0
2026-02-24 04:00:00,0.7754,0.77548,0.77506,0.77518,1274,19,0
2026-02-24 04:30:00,0.77517,0.77534,0.77503,0.77518,791,19,0
2026-02-24 05:00:00,0.77518,0.77571,0.77499,0.77571,776,19,0
2026-02-24 05:30:00,0.77572,0.77587,0.77538,0.77586,671,19,0
2026-02-24 06:00:00,0.77586,0.77632,0.7757,0.7763,630,19,0
2026-02-24 06:30:00,0.77629,0.77646,0.77624,0.77642,698,19,0
2026-02-24 07:00:00,0.77642,0.7765,0.77616,0.77634,628,19,0
2026-02-24 07:30:00,0.77634,0.77643,0.77532,0.77538,903,19,0
2026-02-24 08:00:00,0.77537,0.77574,0.77537,0.77558,875,19,0
2026-02-24 08:30:00,0.77559,0.77565,0.77514,0.77543,687,19,0
2026-02-24 09:00:00,0.77545,0.77647,0.77539,0.77585,2040,19,0
2026-02-24 09:30:00,0.77586,0.77587,0.77528,0.77543,380,20,0
2026-02-24 10:00:00,0.77545,0.77574,0.77447,0.7745,1436,20,0
2026-02-24 10:30:00,0.77449,0.77454,0.77382,0.77446,1491,19,0
2026-02-24 11:00:00,0.77445,0.77465,0.77379,0.7739,1108,19,0
2026-02-24 11:30:00,0.77391,0.77416,0.77356,0.77381,723,19,0
2026-02-24 12:00:00,0.77382,0.77409,0.77358,0.77358,953,19,0
2026-02-24 12:30:00,0.77357,0.77369,0.77306,0.77355,930,19,0
2026-02-24 13:00:00,0.77356,0.77388,0.77336,0.77355,1090,19,0
2026-02-24 13:30:00,0.77354,0.77392,0.77342,0.77362,905,19,0
2026-02-24 14:00:00,0.77361,0.77451,0.77356,0.77446,1030,18,0
2026-02-24 14:30:00,0.77445,0.77462,0.77386,0.77402,1056,18,0
2026-02-24 15:00:00,0.77403,0.77452,0.77401,0.77428,1432,20,0
2026-02-24 15:30:00,0.7743,0.77482,0.77412,0.77471,1418,18,0
2026-02-24 16:00:00,0.77472,0.775,0.77425,0.77434,1675,18,0
2026-02-24 16:30:00,0.77435,0.77481,0.77391,0.77434,1893,18,0
2026-02-24 17:00:00,0.7744,0.77483,0.77426,0.7746,1710,18,0
2026-02-24 17:30:00,0.77459,0.77483,0.77395,0.77464,2163,20,0
2026-02-24 18:00:00,0.77465,0.7747,0.77337,0.77346,1583,18,0
2026-02-24 18:30:00,0.77344,0.77381,0.77312,0.77335,1224,18,0
2026-02-24 19:00:00,0.77334,0.7738,0.77331,0.77369,701,19,0
2026-02-24 19:30:00,0.77371,0.77387,0.77316,0.7733,610,19,0
2026-02-24 20:00:00,0.77329,0.77345,0.77295,0.77309,616,19,0
2026-02-24 20:30:00,0.77309,0.77361,0.773,0.7736,621,19,0
2026-02-24 21:00:00,0.77361,0.77379,0.77319,0.77324,466,19,0
2026-02-24 21:30:00,0.77322,0.77346,0.77301,0.77338,414,19,0
2026-02-24 22:00:00,0.77337,0.77364,0.77326,0.7734,391,19,0
2026-02-24 22:30:00,0.77339,0.77376,0.7731,0.77375,497,19,0
2026-02-24 23:00:00,0.77376,0.77403,0.77357,0.77391,287,22,0
2026-02-24 23:30:00,0.77392,0.77408,0.77353,0.77353,318,23,0
2026-02-25 00:00:00,0.7735,0.77436,0.77312,0.77368,116,84,0
2026-02-25 00:30:00,0.77372,0.77374,0.77317,0.77333,854,84,0
2026-02-25 01:00:00,0.77332,0.77385,0.7733,0.77377,370,19,0
2026-02-25 01:30:00,0.77375,0.77383,0.77364,0.77379,441,19,0
2026-02-25 02:00:00,0.77376,0.77399,0.77349,0.77367,615,19,0
2026-02-25 02:30:00,0.77365,0.77378,0.77325,0.77338,1071,19,0
2026-02-25 03:00:00,0.77339,0.77367,0.7733,0.77351,883,19,0
2026-02-25 03:30:00,0.77352,0.77363,0.77316,0.77339,1001,19,0
2026-02-25 04:00:00,0.7734,0.77345,0.77289,0.77293,966,19,0
2026-02-25 04:30:00,0.77294,0.77313,0.77257,0.77268,1557,19,0
2026-02-25 05:00:00,0.77266,0.77327,0.77255,0.77304,1635,19,0
2026-02-25 05:30:00,0.77303,0.77319,0.77261,0.77296,1481,19,0
2026-02-25 06:00:00,0.77298,0.7732,0.77279,0.77282,925,19,0
2026-02-25 06:30:00,0.77283,0.77302,0.77265,0.77269,636,19,0
2026-02-25 07:00:00,0.7727,0.77276,0.77228,0.7723,790,19,0
2026-02-25 07:30:00,0.77232,0.77233,0.77182,0.77212,878,19,0
2026-02-25 08:00:00,0.77211,0.7724,0.77202,0.77215,1027,19,0
2026-02-25 08:30:00,0.77214,0.77263,0.77212,0.77243,843,19,0
2026-02-25 09:00:00,0.77244,0.77288,0.77233,0.77264,852,19,0
2026-02-25 09:30:00,0.77263,0.77298,0.77243,0.77293,987,19,0
2026-02-25 10:00:00,0.77292,0.77348,0.77268,0.77335,1289,19,0
2026-02-25 10:30:00,0.77334,0.77387,0.77324,0.77383,925,19,0
2026-02-25 11:00:00,0.77384,0.77419,0.77369,0.77395,1087,19,0
2026-02-25 11:30:00,0.77394,0.77417,0.77354,0.77401,1130,19,0
2026-02-25 12:00:00,0.774,0.77458,0.77396,0.77452,869,19,0
2026-02-25 12:30:00,0.77454,0.77471,0.77438,0.77455,849,19,0
2026-02-25 13:00:00,0.77458,0.77555,0.77448,0.77552,812,19,0
2026-02-25 13:30:00,0.77555,0.77567,0.77531,0.77538,766,19,0
2026-02-25 14:00:00,0.77538,0.77543,0.77455,0.77483,1031,18,0
2026-02-25 14:30:00,0.77483,0.77503,0.77421,0.7745,947,18,0
2026-02-25 15:00:00,0.77449,0.77471,0.77401,0.77437,1093,18,0
2026-02-25 15:30:00,0.77438,0.77489,0.77408,0.77488,1237,18,0
2026-02-25 16:00:00,0.77485,0.77503,0.77397,0.77397,1260,18,0
2026-02-25 16:30:00,0.77397,0.77402,0.77309,0.77364,1435,18,0
2026-02-25 17:00:00,0.77362,0.77373,0.7723,0.77327,1850,19,0
2026-02-25 17:30:00,0.77328,0.77363,0.7725,0.77323,2295,19,0
2026-02-25 18:00:00,0.77322,0.77322,0.77239,0.77267,1597,18,0
2026-02-25 18:30:00,0.77265,0.773,0.77234,0.7727,1128,18,0
2026-02-25 19:00:00,0.77269,0.77283,0.77212,0.77221,867,19,0
2026-02-25 19:30:00,0.7722,0.77242,0.77178,0.77238,717,19,0
2026-02-25 20:00:00,0.77239,0.77261,0.77213,0.77248,613,19,0
2026-02-25 20:30:00,0.77249,0.77273,0.7723,0.77272,373,19,0
2026-02-25 21:00:00,0.77271,0.77289,0.77243,0.77283,341,19,0
2026-02-25 21:30:00,0.77281,0.77299,0.77264,0.77279,387,19,0
2026-02-25 22:00:00,0.7728,0.77289,0.77262,0.77289,388,19,0
2026-02-25 22:30:00,0.77293,0.77294,0.77259,0.77284,429,19,0
2026-02-25 23:00:00,0.77282,0.7731,0.77269,0.77292,253,22,0
2026-02-25 23:30:00,0.77291,0.77292,0.77216,0.77216,610,23,0
2026-02-26 00:00:00,0.76939,0.7725,0.76846,0.77217,882,84,0
2026-02-26 00:30:00,0.77219,0.77247,0.772,0.7721,415,84,0
2026-02-26 01:00:00,0.77192,0.7726,0.77157,0.77245,2433,19,0
2026-02-26 01:30:00,0.77244,0.77249,0.772,0.77205,677,19,0
2026-02-26 02:00:00,0.77206,0.77234,0.77201,0.77212,785,19,0
2026-02-26 02:30:00,0.77213,0.77236,0.77156,0.77176,985,19,0
2026-02-26 03:00:00,0.77178,0.77193,0.771,0.77135,1200,19,0
2026-02-26 03:30:00,0.77135,0.77154,0.77095,0.77106,1340,19,0
2026-02-26 04:00:00,0.77106,0.77165,0.77095,0.77165,1044,19,0
2026-02-26 04:30:00,0.77164,0.77202,0.77147,0.77185,868,19,0
2026-02-26 05:00:00,0.77185,0.77185,0.77151,0.77184,758,19,0
2026-02-26 05:30:00,0.77184,0.77213,0.7717,0.77203,702,19,0
2026-02-26 06:00:00,0.77202,0.77243,0.77196,0.77237,682,19,0
2026-02-26 06:30:00,0.7724,0.77242,0.77193,0.77196,757,19,0
2026-02-26 07:00:00,0.77197,0.77212,0.7718,0.77193,834,19,0
2026-02-26 07:30:00,0.77194,0.77213,0.77157,0.7719,930,19,0
2026-02-26 08:00:00,0.77191,0.77215,0.77169,0.77212,819,19,0
2026-02-26 08:30:00,0.77212,0.77212,0.77156,0.77184,832,19,0
2026-02-26 09:00:00,0.7719,0.77245,0.77187,0.77227,845,20,0
2026-02-26 09:30:00,0.77228,0.77232,0.77159,0.77169,851,19,0
2026-02-26 10:00:00,0.7717,0.77335,0.77169,0.7732,1286,20,0
2026-02-26 10:30:00,0.77321,0.77328,0.77277,0.77322,1006,19,0
2026-02-26 11:00:00,0.77321,0.77361,0.77279,0.77352,1121,19,0
2026-02-26 11:30:00,0.77352,0.77413,0.77349,0.77386,887,19,0
2026-02-26 12:00:00,0.77387,0.77437,0.77385,0.77428,570,19,0
2026-02-26 12:30:00,0.7743,0.77472,0.7743,0.77469,39,21,0
2026-02-26 13:00:00,0.77446,0.77485,0.77428,0.77485,458,19,0
2026-02-26 13:30:00,0.77483,0.77529,0.77479,0.77511,576,19,0
2026-02-26 14:00:00,0.77513,0.77523,0.77429,0.7745,223,19,0
2026-02-26 14:30:00,0.77451,0.77452,0.77406,0.77411,266,18,0
2026-02-26 15:00:00,0.7741,0.77415,0.77348,0.77376,1246,17,0
2026-02-26 15:30:00,0.77375,0.77438,0.77375,0.77401,1488,17,0
2026-02-26 16:00:00,0.77402,0.7743,0.77383,0.77399,1266,18,0
2026-02-26 16:30:00,0.77398,0.77398,0.77308,0.77341,2013,19,0
2026-02-26 17:00:00,0.77342,0.77476,0.77326,0.77444,2524,18,0
2026-02-26 17:30:00,0.77445,0.77475,0.77355,0.77362,2677,18,0
2026-02-26 18:00:00,0.77362,0.77444,0.7736,0.77388,1462,18,0
2026-02-26 18:30:00,0.77389,0.7744,0.77373,0.77376,1345,18,0
2026-02-26 19:00:00,0.77374,0.77464,0.77346,0.77463,1019,19,0
2026-02-26 19:30:00,0.77462,0.7751,0.77458,0.77494,970,19,0
2026-02-26 20:00:00,0.77493,0.77506,0.77476,0.77482,814,19,0
2026-02-26 20:30:00,0.77481,0.77504,0.77439,0.77476,1038,19,0
2026-02-26 21:00:00,0.77475,0.77479,0.77437,0.77437,660,19,0
2026-02-26 21:30:00,0.77436,0.77449,0.77386,0.77395,476,19,0
2026-02-26 22:00:00,0.77394,0.77404,0.77376,0.77384,408,19,0
2026-02-26 22:30:00,0.77384,0.77391,0.77356,0.77382,353,19,0
2026-02-26 23:00:00,0.77381,0.77401,0.77366,0.77398,247,20,0
2026-02-26 23:30:00,0.77396,0.77405,0.77347,0.77347,668,23,0
2026-02-27 00:00:00,0.77346,0.77453,0.77318,0.7734,238,84,0
2026-02-27 00:30:00,0.77338,0.77366,0.77321,0.77336,387,94,0
2026-02-27 01:00:00,0.77361,0.77375,0.77324,0.77361,699,19,0
2026-02-27 01:30:00,0.77357,0.77361,0.77314,0.77315,649,19,0
2026-02-27 02:00:00,0.77316,0.7733,0.77285,0.77299,852,19,0
2026-02-27 02:30:00,0.773,0.77344,0.77287,0.77329,1506,19,0
2026-02-27 03:00:00,0.77331,0.77355,0.77294,0.77343,1440,19,0
2026-02-27 03:30:00,0.77344,0.77382,0.77311,0.7738,1248,19,0
2026-02-27 04:00:00,0.77379,0.77381,0.77351,0.77363,850,19,0
2026-02-27 04:30:00,0.77362,0.77363,0.77307,0.77316,799,19,0
2026-02-27 05:00:00,0.77316,0.77324,0.77272,0.77282,733,19,0
2026-02-27 05:30:00,0.77281,0.77302,0.77277,0.77298,597,19,0
2026-02-27 06:00:00,0.77299,0.77313,0.77271,0.77273,700,19,0
2026-02-27 06:30:00,0.77272,0.77274,0.77235,0.77248,681,19,0
2026-02-27 07:00:00,0.77249,0.77283,0.77246,0.77269,646,19,0
2026-02-27 07:30:00,0.7727,0.773,0.77262,0.77284,755,19,0
2026-02-27 08:00:00,0.77287,0.77291,0.77248,0.77283,952,19,0
2026-02-27 08:30:00,0.77282,0.77306,0.77268,0.77296,882,19,0
2026-02-27 09:00:00,0.77295,0.77365,0.77294,0.77329,964,19,0
2026-02-27 09:30:00,0.77327,0.77341,0.77259,0.77276,1435,19,0
2026-02-27 10:00:00,0.77277,0.77286,0.77212,0.77234,1670,19,0
2026-02-27 10:30:00,0.77233,0.77307,0.7723,0.77289,1279,19,0
2026-02-27 11:00:00,0.77299,0.77304,0.77253,0.77257,1301,19,0
2026-02-27 11:30:00,0.77258,0.77306,0.77244,0.77285,1434,19,0
2026-02-27 12:00:00,0.77283,0.77286,0.77205,0.7721,1210,19,0
2026-02-27 12:30:00,0.7721,0.77281,0.77195,0.77266,1090,19,0
2026-02-27 13:00:00,0.77267,0.77289,0.77234,0.77237,1018,19,0
2026-02-27 13:30:00,0.77238,0.77265,0.77201,0.77213,923,19,0
2026-02-27 14:00:00,0.77209,0.7721,0.77155,0.77163,899,18,0
2026-02-27 14:30:00,0.77163,0.77207,0.77138,0.77156,1005,18,0
2026-02-27 15:00:00,0.77158,0.77169,0.76993,0.77006,1736,21,0
2026-02-27 15:30:00,0.77008,0.77084,0.7698,0.77046,2946,19,0
2026-02-27 16:00:00,0.77045,0.77048,0.76895,0.76934,2553,18,0
2026-02-27 16:30:00,0.76933,0.76958,0.76818,0.76869,2638,19,0
2026-02-27 17:00:00,0.76868,0.76874,0.76743,0.76763,2643,18,0
2026-02-27 17:30:00,0.76764,0.76893,0.76707,0.76887,2387,18,0
2026-02-27 18:00:00,0.76887,0.7691,0.76843,0.76884,2402,18,0
2026-02-27 18:30:00,0.76885,0.76893,0.76834,0.76857,1685,18,0
2026-02-27 19:00:00,0.76856,0.76903,0.76846,0.7686,881,19,0
2026-02-27 19:30:00,0.76862,0.76889,0.76828,0.76874,882,19,0
2026-02-27 20:00:00,0.76873,0.76893,0.7685,0.76853,544,19,0
2026-02-27 20:30:00,0.76851,0.76866,0.76787,0.7679,537,19,0
2026-02-27 21:00:00,0.76791,0.76799,0.76763,0.76769,458,19,0
2026-02-27 21:30:00,0.76765,0.76812,0.76764,0.76807,458,19,0
2026-02-27 22:00:00,0.76806,0.76807,0.7678,0.76799,367,19,0
2026-02-27 22:30:00,0.76798,0.76872,0.76779,0.76867,527,19,0
2026-02-27 23:00:00,0.76865,0.76884,0.76834,0.76853,446,22,0
2026-02-27 23:30:00,0.76852,0.76953,0.7684,0.76849,862,23,0
2026-03-02 00:00:00,0.76699,0.76742,0.7669,0.7671,207,98,0
2026-03-02 00:30:00,0.76708,0.76755,0.76694,0.76694,295,98,0
2026-03-02 01:00:00,0.7671,0.76959,0.7671,0.76953,2140,23,0
2026-03-02 01:30:00,0.76949,0.76954,0.76896,0.76942,2091,23,0
2026-03-02 02:00:00,0.76944,0.76987,0.76829,0.76866,2146,23,0
2026-03-02 02:30:00,0.76865,0.7692,0.76857,0.76866,1836,23,0
2026-03-02 03:00:00,0.76867,0.76939,0.76862,0.76878,2291,23,0
2026-03-02 03:30:00,0.76879,0.76898,0.76817,0.76832,1845,23,0
2026-03-02 04:00:00,0.76834,0.76903,0.76821,0.76876,1375,23,0
2026-03-02 04:30:00,0.76874,0.76874,0.768,0.76825,1379,23,0
2026-03-02 05:00:00,0.76824,0.76831,0.76773,0.76789,1115,23,0
2026-03-02 05:30:00,0.7679,0.76818,0.7678,0.76813,1084,23,0
2026-03-02 06:00:00,0.76812,0.76848,0.76807,0.76834,1022,23,0
2026-03-02 06:30:00,0.76834,0.76869,0.76817,0.76817,905,23,0
2026-03-02 07:00:00,0.7682,0.76896,0.7682,0.76882,1180,23,0
2026-03-02 07:30:00,0.76882,0.7691,0.76858,0.76874,1353,23,0
2026-03-02 08:00:00,0.76873,0.76971,0.76867,0.76952,1784,23,0
2026-03-02 08:30:00,0.76952,0.77031,0.76951,0.77021,1852,23,0
2026-03-02 09:00:00,0.7702,0.772,0.77012,0.77118,2573,18,0
2026-03-02 09:30:00,0.77119,0.77339,0.77116,0.77262,2616,18,0
2026-03-02 10:00:00,0.77265,0.77408,0.77205,0.7736,2810,18,0
2026-03-02 10:30:00,0.7736,0.77416,0.77249,0.77264,2256,18,0
2026-03-02 11:00:00,0.77265,0.77272,0.77137,0.77152,1974,18,0
2026-03-02 11:30:00,0.77152,0.77208,0.77101,0.77205,1435,19,0
2026-03-02 12:00:00,0.77209,0.77222,0.771,0.7713,1551,19,0
2026-03-02 12:30:00,0.7713,0.773,0.77113,0.77282,1447,19,0
2026-03-02 13:00:00,0.7728,0.77455,0.7727,0.77447,1707,19,0
2026-03-02 13:30:00,0.7745,0.77505,0.77408,0.77493,1413,19,0
2026-03-02 14:00:00,0.77491,0.77824,0.77491,0.77724,2190,18,0
2026-03-02 14:30:00,0.77727,0.77794,0.77684,0.77768,1810,18,0
2026-03-02 15:00:00,0.77763,0.77945,0.77731,0.77795,2997,18,0
2026-03-02 15:30:00,0.77794,0.77845,0.77758,0.77819,2236,18,0
2026-03-02 16:00:00,0.7782,0.77853,0.77723,0.77823,2690,18,0
2026-03-02 16:30:00,0.77824,0.77834,0.77756,0.77783,3054,17,0
2026-03-02 17:00:00,0.77784,0.77939,0.77778,0.77939,3209,17,0
2026-03-02 17:30:00,0.77938,0.7808,0.77915,0.78015,2894,18,0
2026-03-02 18:00:00,0.78017,0.78127,0.78005,0.78028,2369,18,0
2026-03-02 18:30:00,0.78027,0.78057,0.77934,0.77965,2482,18,0
2026-03-02 19:00:00,0.77965,0.77981,0.77861,0.77897,1558,19,0
2026-03-02 19:30:00,0.77897,0.77947,0.7781,0.77824,1236,19,0
2026-03-02 20:00:00,0.77823,0.77916,0.77821,0.77911,1067,19,0
2026-03-02 20:30:00,0.77912,0.77945,0.77883,0.77902,881,19,0
2026-03-02 21:00:00,0.77906,0.77908,0.77816,0.77816,1137,19,0
2026-03-02 21:30:00,0.77817,0.77834,0.77778,0.77797,868,19,0
2026-03-02 22:00:00,0.77795,0.78015,0.7779,0.77995,2629,19,0
2026-03-02 22:30:00,0.77995,0.78015,0.77926,0.77953,1280,19,0
2026-03-02 23:00:00,0.77952,0.77952,0.7791,0.77915,539,19,0
2026-03-02 23:30:00,0.77916,0.77936,0.77888,0.77888,603,23,0
2026-03-03 00:00:00,0.77884,0.77906,0.77776,0.7782,828,84,0
2026-03-03 00:30:00,0.77819,0.77906,0.77804,0.77882,626,84,0
2026-03-03 01:00:00,0.77891,0.77918,0.77838,0.7787,1085,19,0
2026-03-03 01:30:00,0.77871,0.77875,0.77848,0.77867,762,19,0
2026-03-03 02:00:00,0.77868,0.7794,0.77864,0.77934,1105,19,0
2026-03-03 02:30:00,0.77933,0.77975,0.77907,0.77911,1184,19,0
2026-03-03 03:00:00,0.77908,0.77935,0.77862,0.77885,1740,19,0
2026-03-03 03:30:00,0.77886,0.77917,0.77836,0.77905,1766,19,0
2026-03-03 04:00:00,0.77906,0.77992,0.77901,0.77927,1876,19,0
2026-03-03 04:30:00,0.77926,0.77957,0.77911,0.77951,1310,19,0
2026-03-03 05:00:00,0.77951,0.78037,0.77939,0.78033,926,19,0
2026-03-03 05:30:00,0.78035,0.78041,0.77987,0.78008,1085,18,0
2026-03-03 06:00:00,0.78006,0.78042,0.77992,0.78028,980,18,0
2026-03-03 06:30:00,0.78031,0.78096,0.78021,0.78082,1042,19,0
2026-03-03 07:00:00,0.78083,0.7811,0.78057,0.78069,1386,19,0
2026-03-03 07:30:00,0.78069,0.78128,0.7806,0.78128,1941,19,0
2026-03-03 08:00:00,0.78126,0.78174,0.78108,0.78125,1696,19,0
2026-03-03 08:30:00,0.78126,0.78153,0.78082,0.78101,1345,19,0
2026-03-03 09:00:00,0.781,0.78216,0.78095,0.78205,1673,19,0
2026-03-03 09:30:00,0.78206,0.78301,0.78183,0.78277,2130,19,0
2026-03-03 10:00:00,0.78275,0.78458,0.78259,0.78423,2776,20,0
2026-03-03 10:30:00,0.78422,0.78458,0.78306,0.78416,2763,19,0
2026-03-03 11:00:00,0.78415,0.78573,0.78361,0.78519,3132,19,0
2026-03-03 11:30:00,0.7852,0.78604,0.78497,0.78579,2710,19,0
2026-03-03 12:00:00,0.78578,0.78667,0.78543,0.78626,2368,19,0
2026-03-03 12:30:00,0.78627,0.78725,0.78613,0.78712,2380,19,0
2026-03-03 13:00:00,0.78711,0.78777,0.78651,0.78743,2664,19,0
2026-03-03 13:30:00,0.78742,0.78748,0.78602,0.78631,2714,19,0
2026-03-03 14:00:00,0.78633,0.78684,0.7851,0.78563,2981,17,0
2026-03-03 14:30:00,0.78564,0.78566,0.78399,0.78408,2436,17,0
2026-03-03 15:00:00,0.7841,0.78497,0.78393,0.78473,3020,18,0
2026-03-03 15:30:00,0.78474,0.78534,0.78422,0.78525,2680,18,0
2026-03-03 16:00:00,0.78526,0.78582,0.78458,0.78546,3065,18,0
2026-03-03 16:30:00,0.78547,0.78574,0.78466,0.78469,4674,18,0
2026-03-03 17:00:00,0.78468,0.78688,0.78426,0.78658,5521,18,0
2026-03-03 17:30:00,0.78659,0.78667,0.78457,0.7848,4406,18,0
2026-03-03 18:00:00,0.78479,0.78479,0.78237,0.78308,4005,18,0
2026-03-03 18:30:00,0.7831,0.78335,0.78167,0.78276,4449,18,0
2026-03-03 19:00:00,0.7827,0.78363,0.78252,0.78282,2673,19,0
2026-03-03 19:30:00,0.78281,0.7833,0.78178,0.78281,2079,19,0
2026-03-03 20:00:00,0.78282,0.78292,0.78185,0.78205,1707,19,0
2026-03-03 20:30:00,0.78207,0.78211,0.78105,0.78185,1899,19,0
2026-03-03 21:00:00,0.78184,0.78245,0.78173,0.78234,1533,19,0
2026-03-03 21:30:00,0.78233,0.78255,0.78089,0.78158,2816,19,0
2026-03-03 22:00:00,0.78156,0.78168,0.78079,0.78101,1642,19,0
2026-03-03 22:30:00,0.78102,0.78132,0.78085,0.78107,1244,19,0
2026-03-03 23:00:00,0.7811,0.78138,0.78088,0.78129,674,19,0
2026-03-03 23:30:00,0.78128,0.78184,0.78125,0.78151,1131,24,0
2026-03-04 00:00:00,0.78154,0.78386,0.78093,0.78162,138,84,0
2026-03-04 00:30:00,0.78161,0.78207,0.78131,0.78181,584,84,0
2026-03-04 01:00:00,0.78193,0.7825,0.78154,0.78179,1723,19,0
2026-03-04 01:30:00,0.78178,0.78205,0.78174,0.78196,774,19,0
2026-03-04 02:00:00,0.78193,0.78227,0.78146,0.7816,1908,19,0
2026-03-04 02:30:00,0.7816,0.78216,0.78127,0.78206,1800,19,0
2026-03-04 03:00:00,0.78207,0.78326,0.78175,0.78283,2359,19,0
2026-03-04 03:30:00,0.78284,0.78307,0.78198,0.78209,2175,19,0
2026-03-04 04:00:00,0.78208,0.78218,0.78165,0.78179,1866,19,0
2026-03-04 04:30:00,0.78179,0.78198,0.78118,0.78156,1702,19,0
2026-03-04 05:00:00,0.78157,0.78167,0.78105,0.78131,1307,19,0
2026-03-04 05:30:00,0.78132,0.78138,0.78046,0.78062,1462,19,0
2026-03-04 06:00:00,0.7806,0.7807,0.78022,0.78058,1355,19,0
2026-03-04 06:30:00,0.78057,0.78159,0.78054,0.78155,1375,19,0
2026-03-04 07:00:00,0.78154,0.7819,0.78129,0.78182,1448,19,0
2026-03-04 07:30:00,0.78181,0.78225,0.78159,0.78176,1444,19,0
2026-03-04 08:00:00,0.78177,0.78234,0.78077,0.78096,1752,19,0
2026-03-04 08:30:00,0.78095,0.78103,0.78006,0.78036,1679,19,0
2026-03-04 09:00:00,0.78033,0.78036,0.77954,0.77963,1504,19,0
2026-03-04 09:30:00,0.77964,0.78033,0.77895,0.78025,2023,19,0
2026-03-04 10:00:00,0.78023,0.78149,0.78014,0.78149,2203,19,0
2026-03-04 10:30:00,0.78151,0.7825,0.78125,0.78212,1920,19,0
2026-03-04 11:00:00,0.7821,0.78239,0.78147,0.7822,2232,19,0
2026-03-04 11:30:00,0.78226,0.78342,0.78207,0.78336,1545,19,0
2026-03-04 12:00:00,0.78335,0.78338,0.78037,0.78117,3902,19,0
2026-03-04 12:30:00,0.78116,0.78176,0.78059,0.78098,2079,19,0
2026-03-04 13:00:00,0.78099,0.78127,0.77965,0.78023,1713,19,0
2026-03-04 13:30:00,0.78022,0.781,0.78005,0.78056,1625,19,0
2026-03-04 14:00:00,0.78055,0.78058,0.77947,0.78044,1842,18,0
2026-03-04 14:30:00,0.78043,0.78102,0.7799,0.78076,1935,18,0
2026-03-04 15:00:00,0.78077,0.78077,0.77926,0.78023,2328,17,0
2026-03-04 15:30:00,0.7802,0.7807,0.77989,0.78057,2277,18,0
2026-03-04 16:00:00,0.78065,0.78136,0.78002,0.78012,2426,18,0
2026-03-04 16:30:00,0.78013,0.78166,0.77999,0.78091,4062,17,0
2026-03-04 17:00:00,0.78093,0.78185,0.78035,0.78045,3436,17,0
2026-03-04 17:30:00,0.78044,0.78082,0.77969,0.77988,2928,17,0
2026-03-04 18:00:00,0.77987,0.78048,0.77902,0.7803,2279,18,0
2026-03-04 18:30:00,0.78029,0.78051,0.77959,0.77977,2079,18,0
2026-03-04 19:00:00,0.77978,0.78016,0.77938,0.78007,1480,19,0
2026-03-04 19:30:00,0.78007,0.78031,0.77968,0.77975,1248,19,0
2026-03-04 20:00:00,0.77974,0.78029,0.77974,0.78011,1148,19,0
2026-03-04 20:30:00,0.7801,0.78011,0.77956,0.77998,1144,19,0
2026-03-04 21:00:00,0.77999,0.77999,0.77933,0.77934,1016,19,0
2026-03-04 21:30:00,0.77932,0.7795,0.77862,0.77871,964,19,0
2026-03-04 22:00:00,0.7787,0.7791,0.77868,0.77891,844,19,0
2026-03-04 22:30:00,0.77892,0.77909,0.77869,0.77906,912,19,0
2026-03-04 23:00:00,0.77907,0.77927,0.77871,0.77889,598,21,0
2026-03-04 23:30:00,0.7789,0.77917,0.77867,0.77867,505,23,0
2026-03-05 00:00:00,0.7792,0.78025,0.77834,0.77845,170,84,0
2026-03-05 00:30:00,0.77846,0.77931,0.77839,0.77922,397,84,0
2026-03-05 01:00:00,0.77918,0.77925,0.77857,0.77887,1009,19,0
2026-03-05 01:30:00,0.77886,0.77912,0.7788,0.77908,595,19,0
2026-03-05 02:00:00,0.7791,0.7793,0.77842,0.77855,966,19,0
2026-03-05 02:30:00,0.77856,0.77876,0.77828,0.77832,1166,19,0
2026-03-05 03:00:00,0.77835,0.77887,0.77815,0.77816,1899,19,0
2026-03-05 03:30:00,0.77817,0.77931,0.77813,0.77922,1866,19,0
2026-03-05 04:00:00,0.77923,0.77972,0.77907,0.77948,1256,19,0
2026-03-05 04:30:00,0.77947,0.77983,0.77922,0.77953,1298,19,0
2026-03-05 05:00:00,0.7795,0.78014,0.77932,0.78003,1260,19,0
2026-03-05 05:30:00,0.78,0.78027,0.77973,0.77997,1430,19,0
2026-03-05 06:00:00,0.77998,0.7803,0.7798,0.7803,1133,19,0
2026-03-05 06:30:00,0.78032,0.78036,0.78005,0.78015,1138,19,0
2026-03-05 07:00:00,0.78017,0.78026,0.77986,0.78008,1149,19,0
2026-03-05 07:30:00,0.78007,0.78147,0.78003,0.78142,1205,19,0
2026-03-05 08:00:00,0.7814,0.78179,0.78126,0.78137,1477,19,0
2026-03-05 08:30:00,0.78136,0.78144,0.78009,0.78049,1828,19,0
2026-03-05 09:00:00,0.78046,0.78124,0.78032,0.78061,1660,19,0
2026-03-05 09:30:00,0.78062,0.7807,0.77982,0.78036,1550,19,0
2026-03-05 10:00:00,0.78037,0.78161,0.78036,0.78155,2289,19,0
2026-03-05 10:30:00,0.78156,0.78162,0.78095,0.78102,1712,19,0
2026-03-05 11:00:00,0.78103,0.78111,0.77849,0.77905,4786,19,0
2026-03-05 11:30:00,0.77906,0.77964,0.77843,0.77889,2674,19,0
2026-03-05 12:00:00,0.77888,0.77893,0.77843,0.77875,1760,19,0
2026-03-05 12:30:00,0.77877,0.78036,0.77875,0.78036,1414,19,0
2026-03-05 13:00:00,0.78035,0.78069,0.77948,0.78008,1503,19,0
2026-03-05 13:30:00,0.78009,0.78042,0.77978,0.78007,1187,19,0
2026-03-05 14:00:00,0.78006,0.78027,0.77885,0.77909,1549,18,0
2026-03-05 14:30:00,0.77915,0.78068,0.77882,0.77984,1959,18,0
2026-03-05 15:00:00,0.77988,0.78038,0.77953,0.77992,2090,17,0
2026-03-05 15:30:00,0.77992,0.78199,0.77984,0.78133,2599,17,0
2026-03-05 16:00:00,0.78136,0.78137,0.7804,0.78053,2786,18,0
2026-03-05 16:30:00,0.78052,0.78102,0.7797,0.78045,3150,18,0
2026-03-05 17:00:00,0.78044,0.78192,0.77974,0.78183,3374,18,0
2026-03-05 17:30:00,0.78182,0.78243,0.78155,0.78175,3093,18,0
2026-03-05 18:00:00,0.78176,0.78328,0.78133,0.78301,3138,18,0
2026-03-05 18:30:00,0.78302,0.78311,0.78187,0.78187,3027,18,0
2026-03-05 19:00:00,0.78187,0.78259,0.78156,0.78235,2385,19,0
2026-03-05 19:30:00,0.78236,0.78279,0.78171,0.78234,2963,19,0
2026-03-05 20:00:00,0.78236,0.7832,0.782,0.78254,2485,19,0
2026-03-05 20:30:00,0.78255,0.78259,0.78196,0.7824,2069,19,0
2026-03-05 21:00:00,0.78242,0.78293,0.78216,0.7828,1621,19,0
2026-03-05 21:30:00,0.78281,0.78367,0.78281,0.78344,1591,19,0
2026-03-05 22:00:00,0.78343,0.78356,0.78072,0.781,3030,19,0
2026-03-05 22:30:00,0.78101,0.78125,0.78063,0.78095,2145,19,0
2026-03-05 23:00:00,0.78096,0.78106,0.78046,0.78074,829,20,0
2026-03-05 23:30:00,0.78074,0.78099,0.78044,0.78049,738,23,0
2026-03-06 00:00:00,0.78077,0.7814,0.7802,0.78041,66,84,0
2026-03-06 00:30:00,0.78039,0.78075,0.78033,0.78047,248,84,0
2026-03-06 01:00:00,0.78044,0.78116,0.78043,0.78071,1023,19,0
2026-03-06 01:30:00,0.78067,0.78079,0.7805,0.78079,858,19,0
2026-03-06 02:00:00,0.78078,0.78087,0.7802,0.78032,1244,19,0
2026-03-06 02:30:00,0.78031,0.78068,0.78026,0.78065,1008,19,0
2026-03-06 03:00:00,0.78066,0.78091,0.78023,0.78089,1411,19,0
2026-03-06 03:30:00,0.7809,0.7809,0.78014,0.78045,1840,19,0
2026-03-06 04:00:00,0.78045,0.78054,0.78012,0.78022,1150,19,0
2026-03-06 04:30:00,0.78021,0.78051,0.78009,0.78039,899,19,0
2026-03-06 05:00:00,0.78039,0.7804,0.78008,0.78022,916,19,0
2026-03-06 05:30:00,0.78021,0.78041,0.78014,0.78022,765,19,0
2026-03-06 06:00:00,0.78021,0.78028,0.78,0.78006,740,19,0
2026-03-06 06:30:00,0.78007,0.78051,0.77999,0.78045,763,19,0
2026-03-06 07:00:00,0.78046,0.78065,0.78029,0.78055,753,19,0
2026-03-06 07:30:00,0.78055,0.781,0.78037,0.78097,1274,19,0
2026-03-06 08:00:00,0.78096,0.78124,0.78066,0.78088,1187,19,0
2026-03-06 08:30:00,0.78089,0.78104,0.7804,0.78046,1038,19,0
2026-03-06 09:00:00,0.78048,0.78073,0.78005,0.78024,1067,19,0
2026-03-06 09:30:00,0.78025,0.78031,0.77936,0.77936,1211,19,0
2026-03-06 10:00:00,0.77935,0.78032,0.77934,0.78005,1552,19,0
2026-03-06 10:30:00,0.78006,0.7802,0.77956,0.78003,1234,19,0
2026-03-06 11:00:00,0.78004,0.7812,0.78,0.78117,1849,19,0
2026-03-06 11:30:00,0.78118,0.78203,0.78103,0.78197,1848,19,0
2026-03-06 12:00:00,0.78196,0.78217,0.78088,0.78127,1467,19,0
2026-03-06 12:30:00,0.78128,0.78181,0.78108,0.78146,1508,19,0
2026-03-06 13:00:00,0.78146,0.78207,0.78113,0.78129,1718,19,0
2026-03-06 13:30:00,0.78128,0.78211,0.78127,0.782,1514,19,0
2026-03-06 14:00:00,0.78199,0.78266,0.78169,0.7818,1711,18,0
2026-03-06 14:30:00,0.7818,0.78238,0.78123,0.78234,1925,18,0
2026-03-06 15:00:00,0.78233,0.78237,0.78158,0.78158,2385,17,0
2026-03-06 15:30:00,0.78151,0.78173,0.77952,0.78168,6512,19,0
2026-03-06 16:00:00,0.78169,0.78239,0.78122,0.78123,3840,19,0
2026-03-06 16:30:00,0.78124,0.78126,0.77937,0.77942,4838,18,0
2026-03-06 17:00:00,0.77943,0.77966,0.77784,0.77947,4844,18,0
2026-03-06 17:30:00,0.77946,0.77987,0.77884,0.7795,3503,18,0
2026-03-06 18:00:00,0.77951,0.77958,0.77763,0.77823,3018,18,0
2026-03-06 18:30:00,0.77824,0.77846,0.77706,0.77767,3201,18,0
2026-03-06 19:00:00,0.77768,0.77788,0.77668,0.77744,2631,19,0
2026-03-06 19:30:00,0.77746,0.77766,0.77698,0.77743,1945,19,0
2026-03-06 20:00:00,0.77741,0.7776,0.77591,0.7767,2607,19,0
2026-03-06 20:30:00,0.77671,0.77729,0.7763,0.77692,1750,19,0
2026-03-06 21:00:00,0.77691,0.77708,0.77644,0.77675,1605,19,0
2026-03-06 21:30:00,0.77676,0.77704,0.77643,0.77703,1413,19,0
2026-03-06 22:00:00,0.77704,0.77726,0.77668,0.77719,1305,19,0
2026-03-06 22:30:00,0.77718,0.77739,0.77662,0.77686,1244,19,0
2026-03-06 23:00:00,0.77687,0.7769,0.776,0.77612,738,19,0
2026-03-06 23:30:00,0.77613,0.77646,0.77541,0.77566,1073,23,0
2026-03-09 00:00:00,0.77887,0.77991,0.77847,0.77929,2195,22,0
2026-03-09 00:30:00,0.77934,0.77996,0.77908,0.77986,1548,19,0
2026-03-09 01:00:00,0.77987,0.78098,0.77952,0.78063,1728,19,0
2026-03-09 01:30:00,0.78064,0.7813,0.78031,0.78109,2325,19,0
2026-03-09 02:00:00,0.7811,0.78145,0.78079,0.7813,2575,19,0
2026-03-09 02:30:00,0.78131,0.78186,0.7808,0.78165,1990,19,0
2026-03-09 03:00:00,0.78165,0.78236,0.7816,0.78199,2585,19,0
2026-03-09 03:30:00,0.78198,0.78238,0.78138,0.78236,2183,19,0
2026-03-09 04:00:00,0.78235,0.78246,0.78158,0.78172,2103,19,0
2026-03-09 04:30:00,0.78173,0.78187,0.78103,0.78127,1901,19,0
2026-03-09 05:00:00,0.78126,0.78151,0.78102,0.78143,1733,19,0
2026-03-09 05:30:00,0.78144,0.7816,0.78111,0.78117,1611,19,0
2026-03-09 06:00:00,0.78114,0.78122,0.7806,0.78088,1299,19,0
2026-03-09 06:30:00,0.78087,0.78095,0.78039,0.78058,1333,19,0
2026-03-09 07:00:00,0.78057,0.78072,0.77862,0.77884,2720,19,0
2026-03-09 07:30:00,0.77884,0.77983,0.77843,0.77865,3087,19,0
2026-03-09 08:00:00,0.77867,0.78011,0.77857,0.77996,2688,19,0
2026-03-09 08:30:00,0.77995,0.78017,0.77899,0.78009,2435,19,0
2026-03-09 09:00:00,0.78004,0.78066,0.77955,0.77998,3256,19,0
2026-03-09 09:30:00,0.77999,0.78004,0.77765,0.77806,2794,19,0
2026-03-09 10:00:00,0.77804,0.7797,0.77777,0.77965,3705,19,0
2026-03-09 10:30:00,0.77966,0.78078,0.7793,0.78028,3252,19,0
2026-03-09 11:00:00,0.78026,0.78042,0.77897,0.77925,2750,19,0
2026-03-09 11:30:00,0.77924,0.77966,0.77821,0.77926,4131,19,0
2026-03-09 12:00:00,0.77925,0.77933,0.7786,0.77866,2945,19,0
2026-03-09 12:30:00,0.77867,0.77924,0.77826,0.77861,2798,19,0
2026-03-09 13:00:00,0.7786,0.77915,0.77817,0.77914,2194,18,0
2026-03-09 13:30:00,0.77912,0.77939,0.77851,0.77896,2087,18,0
2026-03-09 14:00:00,0.77896,0.77902,0.77851,0.77888,642,18,0
2026-03-09 14:30:00,0.77935,0.77972,0.77928,0.77953,685,18,0
2026-03-09 15:00:00,0.77951,0.7796,0.77837,0.77841,2854,18,0
2026-03-09 15:30:00,0.77842,0.77931,0.77785,0.7789,3942,18,0
2026-03-09 16:00:00,0.77891,0.78067,0.7787,0.77886,5017,18,0
2026-03-09 16:30:00,0.77887,0.77937,0.77853,0.77899,3571,18,0
2026-03-09 17:00:00,0.77896,0.77902,0.77812,0.77849,3260,18,0
2026-03-09 17:30:00,0.7785,0.77882,0.77817,0.77865,2636,18,0
2026-03-09 18:00:00,0.77866,0.77923,0.778,0.77883,2161,19,0
2026-03-09 18:30:00,0.77884,0.77895,0.77825,0.77886,1966,19,0
2026-03-09 19:00:00,0.77887,0.77984,0.77881,0.77951,1637,19,0
2026-03-09 19:30:00,0.77951,0.77979,0.77938,0.77979,1233,19,0
2026-03-09 20:00:00,0.7798,0.7799,0.77943,0.77985,1383,19,0
2026-03-09 20:30:00,0.77986,0.78022,0.77972,0.7802,1169,19,0
2026-03-09 21:00:00,0.78021,0.78026,0.77772,0.7779,3164,19,0
2026-03-09 21:30:00,0.7779,0.77865,0.77684,0.77809,4514,19,0
2026-03-09 22:00:00,0.7781,0.77823,0.7776,0.77771,1308,19,0
2026-03-09 22:30:00,0.77773,0.77793,0.77679,0.77679,1126,23,0
2026-03-09 23:00:00,0.7768,0.77834,0.7768,0.7771,135,84,0
2026-03-09 23:30:00,0.77726,0.77751,0.77678,0.7768,277,105,0
2026-03-10 00:00:00,0.77678,0.77747,0.7767,0.77728,1144,19,0
2026-03-10 00:30:00,0.7773,0.77761,0.77706,0.77716,662,19,0
2026-03-10 01:00:00,0.77717,0.77755,0.77702,0.77721,842,19,0
2026-03-10 01:30:00,0.77724,0.77798,0.77723,0.77788,1056,19,0
2026-03-10 02:00:00,0.77789,0.77803,0.77699,0.77699,2004,19,0
2026-03-10 02:30:00,0.777,0.77745,0.77648,0.77707,2175,19,0
2026-03-10 03:00:00,0.77709,0.77789,0.77691,0.77779,2322,19,0
2026-03-10 03:30:00,0.77778,0.77795,0.77723,0.77731,1709,19,0
2026-03-10 04:00:00,0.77732,0.77737,0.77687,0.77696,1616,19,0
2026-03-10 04:30:00,0.77697,0.77766,0.77684,0.77757,1447,19,0
2026-03-10 05:00:00,0.77756,0.77788,0.7774,0.77787,1252,19,0
2026-03-10 05:30:00,0.77788,0.77808,0.77773,0.77792,1238,19,0
2026-03-10 06:00:00,0.77793,0.77821,0.77788,0.77796,960,19,0
2026-03-10 06:30:00,0.77795,0.77814,0.77778,0.77791,830,19,0
2026-03-10 07:00:00,0.77792,0.77793,0.77741,0.77749,1263,19,0
2026-03-10 07:30:00,0.7775,0.77785,0.77747,0.7775,1055,19,0
2026-03-10 08:00:00,0.77751,0.77751,0.7769,0.77712,1241,19,0
2026-03-10 08:30:00,0.77713,0.77726,0.77647,0.77695,1264,19,0
2026-03-10 09:00:00,0.77699,0.77719,0.77586,0.77604,2029,19,0
2026-03-10 09:30:00,0.77603,0.7765,0.7755,0.77552,1942,19,0
2026-03-10 10:00:00,0.77552,0.77621,0.77527,0.77558,2523,19,0
2026-03-10 10:30:00,0.77557,0.77629,0.77536,0.77612,1899,19,0
2026-03-10 11:00:00,0.77616,0.77621,0.77505,0.7755,1791,19,0
2026-03-10 11:30:00,0.77549,0.77552,0.77499,0.77544,1608,19,0
2026-03-10 12:00:00,0.77545,0.77629,0.77542,0.77608,1833,19,0
2026-03-10 12:30:00,0.77609,0.77737,0.77609,0.77629,2417,19,0
2026-03-10 13:00:00,0.77628,0.77631,0.77528,0.77544,2422,19,0
2026-03-10 13:30:00,0.77543,0.77604,0.77539,0.7759,1765,18,0
2026-03-10 14:00:00,0.77589,0.77687,0.77574,0.7767,2490,18,0
2026-03-10 14:30:00,0.77671,0.77674,0.77552,0.77577,2367,18,0
2026-03-10 15:00:00,0.77575,0.77579,0.77472,0.77484,2708,18,0
2026-03-10 15:30:00,0.77482,0.77621,0.77476,0.77605,3032,18,0
2026-03-10 16:00:00,0.77613,0.77657,0.7758,0.77583,2549,18,0
2026-03-10 16:30:00,0.77583,0.77584,0.77506,0.77521,2272,18,0
2026-03-10 17:00:00,0.77522,0.77597,0.77498,0.77565,2318,18,0
2026-03-10 17:30:00,0.77567,0.7757,0.77473,0.7752,2385,18,0
2026-03-10 18:00:00,0.77523,0.77623,0.77523,0.77608,1592,19,0
2026-03-10 18:30:00,0.77607,0.77633,0.77543,0.77557,1624,19,0
2026-03-10 19:00:00,0.77558,0.77585,0.77533,0.77578,2027,19,0
2026-03-10 19:30:00,0.77579,0.777,0.77579,0.77674,1919,19,0
2026-03-10 20:00:00,0.77675,0.77877,0.77668,0.77771,3796,19,0
2026-03-10 20:30:00,0.77772,0.77825,0.77741,0.77804,2778,19,0
2026-03-10 21:00:00,0.77805,0.77864,0.77788,0.77861,1599,19,0
2026-03-10 21:30:00,0.77862,0.77912,0.77815,0.77856,1980,19,0
2026-03-10 22:00:00,0.77854,0.77892,0.77833,0.77843,708,20,0
2026-03-10 22:30:00,0.77842,0.77866,0.77793,0.77796,464,23,0
2026-03-10 23:00:00,0.77704,0.77854,0.77656,0.77804,140,84,0
2026-03-10 23:30:00,0.77804,0.77809,0.77731,0.77755,349,84,0
2026-03-11 00:00:00,0.77738,0.77861,0.77734,0.77858,714,19,0
2026-03-11 00:30:00,0.77859,0.77877,0.77852,0.7786,583,19,0
2026-03-11 01:00:00,0.77861,0.77867,0.77839,0.77857,620,19,0
2026-03-11 01:30:00,0.77857,0.77865,0.77843,0.77852,629,19,0
2026-03-11 02:00:00,0.7785,0.77878,0.77787,0.77806,1820,19,0
2026-03-11 02:30:00,0.77807,0.77843,0.77802,0.77842,1142,19,0
2026-03-11 03:00:00,0.7784,0.77875,0.77798,0.77799,1302,19,0
2026-03-11 03:30:00,0.778,0.77811,0.77763,0.7777,1161,19,0
2026-03-11 04:00:00,0.77769,0.77794,0.77747,0.77794,976,19,0
2026-03-11 04:30:00,0.77795,0.77798,0.7771,0.77727,1005,19,0
2026-03-11 05:00:00,0.77728,0.77745,0.77708,0.77743,942,19,0
2026-03-11 05:30:00,0.77742,0.77743,0.77709,0.77711,776,19,0
2026-03-11 06:00:00,0.7771,0.7773,0.77706,0.77709,780,19,0
2026-03-11 06:30:00,0.7771,0.77713,0.77683,0.77691,784,19,0
2026-03-11 07:00:00,0.77692,0.77715,0.77669,0.77708,894,19,0
2026-03-11 07:30:00,0.7771,0.77714,0.77685,0.77709,929,19,0
2026-03-11 08:00:00,0.7771,0.77714,0.77651,0.77683,874,19,0
2026-03-11 08:30:00,0.77682,0.77725,0.77659,0.77705,742,19,0
2026-03-11 09:00:00,0.77703,0.77807,0.77666,0.77777,1887,19,0
2026-03-11 09:30:00,0.7778,0.7779,0.77721,0.7777,1667,19,0
2026-03-11 10:00:00,0.77772,0.77865,0.7774,0.77839,1648,19,0
2026-03-11 10:30:00,0.77838,0.77838,0.77756,0.77761,1769,19,0
2026-03-11 11:00:00,0.7776,0.77885,0.77643,0.77807,2527,19,0
2026-03-11 11:30:00,0.77808,0.77873,0.7778,0.77848,1671,19,0
2026-03-11 12:00:00,0.77847,0.77855,0.77775,0.77827,1518,19,0
2026-03-11 12:30:00,0.77825,0.77844,0.77797,0.77823,1125,19,0
2026-03-11 13:00:00,0.77828,0.77868,0.77794,0.77857,1350,18,0
2026-03-11 13:30:00,0.77858,0.77917,0.77835,0.77887,2077,18,0
2026-03-11 14:00:00,0.77888,0.77895,0.77742,0.77753,2117,18,0
2026-03-11 14:30:00,0.77755,0.77968,0.77729,0.77929,3501,19,0
2026-03-11 15:00:00,0.7793,0.77982,0.77873,0.77884,2839,18,0
2026-03-11 15:30:00,0.77884,0.7798,0.77873,0.77881,2840,18,0
2026-03-11 16:00:00,0.77885,0.77939,0.77777,0.77853,5530,17,0
2026-03-11 16:30:00,0.77852,0.7791,0.77825,0.77902,2784,18,0
2026-03-11 17:00:00,0.77901,0.77936,0.77889,0.77925,2041,19,0
2026-03-11 17:30:00,0.77924,0.78047,0.77924,0.78046,1746,19,0
2026-03-11 18:00:00,0.78045,0.78076,0.77979,0.78002,1988,19,0
2026-03-11 18:30:00,0.78003,0.78003,0.77954,0.77961,1318,19,0
2026-03-11 19:00:00,0.7796,0.77984,0.77931,0.77941,1341,19,0
2026-03-11 19:30:00,0.77939,0.78039,0.77928,0.77947,2054,19,0
2026-03-11 20:00:00,0.77946,0.78004,0.77941,0.77958,1406,19,0
2026-03-11 20:30:00,0.77959,0.77993,0.77944,0.77975,1212,19,0
2026-03-11 21:00:00,0.77974,0.7799,0.77961,0.77982,876,19,0
2026-03-11 21:30:00,0.77981,0.77983,0.77934,0.77966,696,19,0
2026-03-11 22:00:00,0.77965,0.77988,0.77965,0.77984,458,19,0
2026-03-11 22:30:00,0.77985,0.78046,0.77981,0.77989,525,23,0
2026-03-11 23:00:00,0.7794,0.78002,0.77846,0.77944,171,84,0
2026-03-11 23:30:00,0.77943,0.77953,0.77891,0.77935,98,104,0
2026-03-12 00:00:00,0.7791,0.78078,0.77903,0.78061,844,19,0
2026-03-12 00:30:00,0.78062,0.78107,0.78051,0.78099,851,19,0
2026-03-12 01:00:00,0.78101,0.78171,0.78079,0.78168,1245,19,0
2026-03-12 01:30:00,0.78169,0.78186,0.78161,0.78165,994,19,0
2026-03-12 02:00:00,0.78166,0.78198,0.78149,0.78158,1585,19,0
2026-03-12 02:30:00,0.78157,0.78174,0.78081,0.78116,1668,19,0
2026-03-12 03:00:00,0.78117,0.78136,0.78077,0.78081,1777,19,0
2026-03-12 03:30:00,0.78081,0.78115,0.78059,0.78105,1125,19,0
2026-03-12 04:00:00,0.78106,0.78165,0.78083,0.78164,947,19,0
2026-03-12 04:30:00,0.78165,0.7821,0.78152,0.78193,1340,19,0
2026-03-12 05:00:00,0.78194,0.78216,0.78183,0.782,1084,19,0
2026-03-12 05:30:00,0.78199,0.78204,0.78169,0.78197,787,19,0
2026-03-12 06:00:00,0.78194,0.78206,0.78168,0.78172,677,19,0
2026-03-12 06:30:00,0.78173,0.78224,0.78166,0.78209,756,19,0
2026-03-12 07:00:00,0.7821,0.78211,0.78135,0.78159,1646,19,0
2026-03-12 07:30:00,0.7816,0.7819,0.78139,0.7817,1145,19,0
2026-03-12 08:00:00,0.78172,0.78184,0.78131,0.78142,1007,19,0
2026-03-12 08:30:00,0.78141,0.78164,0.78113,0.78151,851,19,0
2026-03-12 09:00:00,0.78152,0.78165,0.78117,0.78165,1020,19,0
2026-03-12 09:30:00,0.78167,0.78218,0.7812,0.78176,1409,19,0
2026-03-12 10:00:00,0.78174,0.78221,0.78134,0.7822,1655,20,0
2026-03-12 10:30:00,0.78221,0.78269,0.78178,0.78195,1529,19,0
2026-03-12 11:00:00,0.78194,0.78209,0.78071,0.7808,1370,19,0
2026-03-12 11:30:00,0.78079,0.78084,0.78023,0.78034,1278,19,0
2026-03-12 12:00:00,0.78036,0.78114,0.78011,0.78108,1205,19,0
2026-03-12 12:30:00,0.78109,0.78123,0.78059,0.78075,1411,19,0
2026-03-12 13:00:00,0.78076,0.78093,0.78047,0.78067,1068,18,0
2026-03-12 13:30:00,0.78065,0.78112,0.78003,0.781,1279,18,0
2026-03-12 14:00:00,0.78099,0.78232,0.78093,0.78188,1630,17,0
2026-03-12 14:30:00,0.78193,0.78229,0.78154,0.78199,1788,18,0
2026-03-12 15:00:00,0.78197,0.78314,0.78146,0.78214,2821,18,0
2026-03-12 15:30:00,0.78215,0.78276,0.78158,0.78263,2663,18,0
2026-03-12 16:00:00,0.7826,0.78367,0.78223,0.78367,2743,18,0
2026-03-12 16:30:00,0.78366,0.78393,0.78295,0.78381,2537,18,0
2026-03-12 17:00:00,0.78382,0.78496,0.78373,0.78403,2649,18,0
2026-03-12 17:30:00,0.78404,0.78457,0.78367,0.78434,3440,18,0
2026-03-12 18:00:00,0.78434,0.78497,0.78364,0.78427,2152,19,0
2026-03-12 18:30:00,0.78426,0.78457,0.78382,0.78437,2150,19,0
2026-03-12 19:00:00,0.78438,0.78459,0.78354,0.78431,1862,19,0
2026-03-12 19:30:00,0.7843,0.78463,0.78398,0.7844,1289,19,0
2026-03-12 20:00:00,0.78441,0.78498,0.78422,0.78492,1158,19,0
2026-03-12 20:30:00,0.78493,0.78555,0.78486,0.78544,1111,19,0
2026-03-12 21:00:00,0.78542,0.78586,0.78542,0.7856,1174,19,0
2026-03-12 21:30:00,0.78558,0.78579,0.78518,0.78579,1029,19,0
2026-03-12 22:00:00,0.78578,0.78618,0.78565,0.78618,625,20,0
2026-03-12 22:30:00,0.78618,0.78624,0.78561,0.78583,465,23,0
2026-03-12 23:00:00,0.78511,0.78534,0.78491,0.78533,88,84,0
2026-03-12 23:30:00,0.78533,0.78546,0.78507,0.78507,310,84,0
2026-03-13 00:00:00,0.78499,0.78615,0.78496,0.78579,1322,19,0
2026-03-13 00:30:00,0.78578,0.78584,0.7855,0.78555,617,19,0
2026-03-13 01:00:00,0.78553,0.78581,0.78544,0.78569,684,19,0
2026-03-13 01:30:00,0.7857,0.7857,0.78524,0.78534,733,19,0
2026-03-13 02:00:00,0.78534,0.78541,0.78459,0.78477,1283,19,0
2026-03-13 02:30:00,0.78476,0.78545,0.78476,0.78499,1106,19,0
2026-03-13 03:00:00,0.78499,0.78517,0.78475,0.78505,1168,19,0
2026-03-13 03:30:00,0.78506,0.78584,0.785,0.7857,1046,19,0
2026-03-13 04:00:00,0.78569,0.78594,0.78537,0.78591,994,19,0
2026-03-13 04:30:00,0.78592,0.78639,0.78578,0.78619,895,19,0
2026-03-13 05:00:00,0.78622,0.78662,0.78607,0.78654,875,19,0
2026-03-13 05:30:00,0.78655,0.7867,0.78628,0.78642,819,19,0
2026-03-13 06:00:00,0.78646,0.78683,0.78645,0.78679,635,19,0
2026-03-13 06:30:00,0.78678,0.78721,0.78664,0.7867,1127,19,0
2026-03-13 07:00:00,0.78669,0.78682,0.7865,0.78655,877,19,0
2026-03-13 07:30:00,0.78654,0.78712,0.78643,0.78708,848,19,0
2026-03-13 08:00:00,0.78707,0.78723,0.7867,0.78718,1039,19,0
2026-03-13 08:30:00,0.78718,0.78774,0.78711,0.78769,1141,18,0
2026-03-13 09:00:00,0.7877,0.78815,0.78755,0.78782,1684,18,0
2026-03-13 09:30:00,0.78783,0.78878,0.78752,0.78855,1645,19,0
2026-03-13 10:00:00,0.78854,0.7894,0.78841,0.78923,2208,19,0
2026-03-13 10:30:00,0.78927,0.78929,0.78823,0.78848,1956,19,0
2026-03-13 11:00:00,0.78843,0.78845,0.78733,0.78736,1925,19,0
2026-03-13 11:30:00,0.78738,0.78839,0.78714,0.78834,1391,19,0
2026-03-13 12:00:00,0.78833,0.78861,0.78762,0.78843,1239,19,0
2026-03-13 12:30:00,0.78844,0.78868,0.78737,0.78806,1616,19,0
2026-03-13 13:00:00,0.78807,0.78822,0.78728,0.7874,1777,18,0
2026-03-13 13:30:00,0.78741,0.78777,0.78682,0.78698,1646,19,0
2026-03-13 14:00:00,0.78699,0.78779,0.78692,0.78704,2127,17,0
2026-03-13 14:30:00,0.78699,0.7874,0.78604,0.78695,3009,19,0
2026-03-13 15:00:00,0.78693,0.78731,0.78659,0.78695,2132,18,0
2026-03-13 15:30:00,0.78695,0.78695,0.78602,0.78658,2268,18,0
2026-03-13 16:00:00,0.78657,0.78785,0.78636,0.78734,2429,19,0
2026-03-13 16:30:00,0.78733,0.78885,0.78701,0.78873,2198,18,0
2026-03-13 17:00:00,0.78871,0.78936,0.78855,0.7891,2301,18,0
2026-03-13 17:30:00,0.78915,0.78984,0.78885,0.78968,2513,18,0
2026-03-13 18:00:00,0.78968,0.78981,0.78912,0.7896,1943,19,0
2026-03-13 18:30:00,0.78954,0.7898,0.78924,0.78966,1461,19,0
2026-03-13 19:00:00,0.78965,0.78991,0.78929,0.78934,1024,19,0
2026-03-13 19:30:00,0.78933,0.78973,0.78913,0.78964,1157,19,0
2026-03-13 20:00:00,0.78962,0.79034,0.7896,0.79009,930,19,0
2026-03-13 20:30:00,0.79008,0.79039,0.78982,0.79033,918,19,0
2026-03-13 21:00:00,0.79032,0.79111,0.7902,0.79097,765,19,0
2026-03-13 21:30:00,0.79096,0.79116,0.79076,0.79107,704,19,0
2026-03-13 22:00:00,0.79106,0.79157,0.79096,0.79142,475,20,0
2026-03-13 22:30:00,0.79143,0.79152,0.79088,0.79088,569,23,0
2026-03-16 00:00:00,0.79012,0.79105,0.78972,0.7905,1190,19,0
2026-03-16 00:30:00,0.79051,0.79073,0.78996,0.78999,1182,19,0
2026-03-16 01:00:00,0.79,0.79044,0.78992,0.79031,1214,19,0
2026-03-16 01:30:00,0.79032,0.7904,0.78983,0.78985,866,19,0
2026-03-16 02:00:00,0.78983,0.78986,0.78912,0.78921,1480,19,0
2026-03-16 02:30:00,0.78916,0.78938,0.78877,0.78894,1216,19,0
2026-03-16 03:00:00,0.78893,0.78972,0.78874,0.78964,1521,19,0
2026-03-16 03:30:00,0.78963,0.78997,0.78927,0.78939,1305,19,0
2026-03-16 04:00:00,0.78938,0.78959,0.78911,0.78915,1054,19,0
2026-03-16 04:30:00,0.78914,0.78924,0.78893,0.78909,1160,19,0
2026-03-16 05:00:00,0.78906,0.78956,0.78899,0.78908,805,19,0
2026-03-16 05:30:00,0.78909,0.78917,0.78879,0.78911,677,19,0
2026-03-16 06:00:00,0.78913,0.78946,0.78901,0.78941,620,19,0
2026-03-16 06:30:00,0.78942,0.79026,0.7892,0.79026,703,19,0
2026-03-16 07:00:00,0.79025,0.79059,0.78988,0.79007,735,19,0
2026-03-16 07:30:00,0.79008,0.79044,0.79,0.79021,964,19,0
2026-03-16 08:00:00,0.79022,0.79103,0.79017,0.79083,1085,19,0
2026-03-16 08:30:00,0.79082,0.79129,0.79065,0.79083,835,19,0
2026-03-16 09:00:00,0.79084,0.79165,0.7907,0.79157,1231,19,0
2026-03-16 09:30:00,0.79155,0.7922,0.79128,0.79135,1537,19,0
2026-03-16 10:00:00,0.79134,0.79136,0.78973,0.78981,2069,19,0
2026-03-16 10:30:00,0.7898,0.79012,0.78917,0.78942,1872,19,0
2026-03-16 11:00:00,0.78943,0.78967,0.78909,0.78923,1473,19,0
2026-03-16 11:30:00,0.78925,0.78952,0.78863,0.78925,1631,19,0
2026-03-16 12:00:00,0.78925,0.78939,0.7877,0.78793,1537,19,0
2026-03-16 12:30:00,0.78792,0.78866,0.78784,0.78805,1263,19,0
2026-03-16 13:00:00,0.78804,0.78824,0.78755,0.78796,885,19,0
2026-03-16 13:30:00,0.78797,0.78809,0.78712,0.78758,1014,18,0
2026-03-16 14:00:00,0.78757,0.78765,0.78698,0.78727,1259,17,0
2026-03-16 14:30:00,0.78726,0.7878,0.78688,0.78771,1599,17,0
2026-03-16 15:00:00,0.7877,0.78784,0.78738,0.78762,1409,18,0
2026-03-16 15:30:00,0.78762,0.78767,0.78674,0.78689,1800,18,0
2026-03-16 16:00:00,0.7869,0.78773,0.78653,0.78752,1729,18,0
2026-03-16 16:30:00,0.78752,0.78847,0.78751,0.78813,1753,18,0
2026-03-16 17:00:00,0.78814,0.78819,0.78752,0.78799,1688,18,0
2026-03-16 17:30:00,0.78797,0.7892,0.78766,0.78862,1612,18,0
2026-03-16 18:00:00,0.78866,0.7889,0.78799,0.78854,1386,19,0
2026-03-16 18:30:00,0.78855,0.78864,0.78744,0.78781,1149,19,0
2026-03-16 19:00:00,0.78779,0.78783,0.78703,0.7876,1540,19,0
2026-03-16 19:30:00,0.78761,0.78833,0.78755,0.7883,871,19,0
2026-03-16 20:00:00,0.78829,0.78829,0.78652,0.78656,1221,19,0
2026-03-16 20:30:00,0.78657,0.787,0.78642,0.78695,927,19,0
2026-03-16 21:00:00,0.78693,0.78701,0.78648,0.78689,948,19,0
2026-03-16 21:30:00,0.78687,0.78755,0.78659,0.78746,893,19,0
2026-03-16 22:00:00,0.78745,0.78774,0.78732,0.78751,368,21,0
2026-03-16 22:30:00,0.78752,0.78759,0.78716,0.78716,597,23,0
2026-03-16 23:00:00,0.78658,0.78734,0.78645,0.7869,87,80,0
2026-03-16 23:30:00,0.78689,0.78739,0.78686,0.78719,286,88,0
2026-03-17 00:00:00,0.78717,0.78768,0.78712,0.78763,731,19,0
2026-03-17 00:30:00,0.78765,0.78799,0.78764,0.78796,446,19,0
2026-03-17 01:00:00,0.78795,0.7882,0.78791,0.78803,405,19,0
2026-03-17 01:30:00,0.78804,0.78812,0.78794,0.78805,554,19,0
2026-03-17 02:00:00,0.78806,0.78862,0.78806,0.78859,879,19,0
2026-03-17 02:30:00,0.78856,0.78859,0.78811,0.7883,980,19,0
2026-03-17 03:00:00,0.78829,0.78871,0.78808,0.78858,1158,19,0
2026-03-17 03:30:00,0.78858,0.78886,0.78842,0.78865,916,19,0
2026-03-17 04:00:00,0.78863,0.78898,0.78854,0.78857,597,19,0
2026-03-17 04:30:00,0.78859,0.78866,0.78841,0.78866,523,19,0
2026-03-17 05:00:00,0.78869,0.78872,0.78801,0.78801,601,18,0
2026-03-17 05:30:00,0.78799,0.78853,0.78783,0.78851,982,19,0
2026-03-17 06:00:00,0.78851,0.78865,0.78825,0.78835,571,18,0
2026-03-17 06:30:00,0.78836,0.78836,0.78788,0.7881,655,18,0
2026-03-17 07:00:00,0.78809,0.7883,0.78798,0.78825,770,19,0
2026-03-17 07:30:00,0.78824,0.78931,0.78822,0.78917,948,19,0
2026-03-17 08:00:00,0.78913,0.78993,0.78911,0.78944,1235,19,0
2026-03-17 08:30:00,0.78943,0.78944,0.78878,0.78882,745,19,0
2026-03-17 09:00:00,0.78884,0.78902,0.78782,0.78784,1108,19,0
2026-03-17 09:30:00,0.78783,0.78785,0.78734,0.78766,925,19,0
2026-03-17 10:00:00,0.78768,0.788,0.78698,0.78703,1403,19,0
2026-03-17 10:30:00,0.78703,0.78759,0.78648,0.78688,1471,19,0
2026-03-17 11:00:00,0.78687,0.78737,0.78628,0.78639,1387,19,0
2026-03-17 11:30:00,0.78635,0.78706,0.78614,0.78664,1186,19,0
2026-03-17 12:00:00,0.78664,0.78716,0.78659,0.78673,1374,19,0
2026-03-17 12:30:00,0.78674,0.78694,0.78643,0.78673,1093,19,0
2026-03-17 13:00:00,0.78674,0.78684,0.78601,0.78636,737,19,0
2026-03-17 13:30:00,0.78637,0.78747,0.78621,0.7874,957,18,0
2026-03-17 14:00:00,0.78745,0.78755,0.78658,0.7873,1418,18,0
2026-03-17 14:30:00,0.78729,0.78736,0.78648,0.78651,1147,18,0
2026-03-17 15:00:00,0.7865,0.7865,0.78556,0.78598,1874,18,0
2026-03-17 15:30:00,0.78599,0.78662,0.7855,0.78648,1783,18,0
2026-03-17 16:00:00,0.78648,0.7868,0.78593,0.78666,1619,18,0
2026-03-17 16:30:00,0.78665,0.7868,0.78539,0.78602,1476,18,0
2026-03-17 17:00:00,0.78603,0.78629,0.78543,0.78579,1768,18,0
2026-03-17 17:30:00,0.78578,0.78593,0.78543,0.78557,2052,18,0
2026-03-17 18:00:00,0.78558,0.78605,0.78497,0.78503,1410,19,0
2026-03-17 18:30:00,0.78502,0.78515,0.78471,0.7849,1040,19,0
2026-03-17 19:00:00,0.78491,0.78525,0.7848,0.785,702,19,0
2026-03-17 19:30:00,0.78501,0.78506,0.78453,0.78475,700,19,0
2026-03-17 20:00:00,0.78472,0.78479,0.78426,0.78459,694,19,0
2026-03-17 20:30:00,0.78457,0.78479,0.78446,0.78473,426,19,0
2026-03-17 21:00:00,0.78472,0.78482,0.78448,0.78469,326,19,0
2026-03-17 21:30:00,0.7847,0.78513,0.78466,0.78502,320,19,0
2026-03-17 22:00:00,0.785,0.78508,0.7847,0.78501,224,22,0
2026-03-17 22:30:00,0.785,0.785,0.7842,0.78426,335,23,0
2026-03-17 23:00:00,0.78422,0.78497,0.78404,0.78408,171,80,0
2026-03-17 23:30:00,0.78405,0.78458,0.78404,0.78448,412,80,0
2026-03-18 00:00:00,0.7844,0.7848,0.78429,0.78454,613,19,0
2026-03-18 00:30:00,0.78454,0.78479,0.78453,0.78475,306,19,0
2026-03-18 01:00:00,0.78476,0.78485,0.78459,0.78476,587,19,0
2026-03-18 01:30:00,0.78465,0.78491,0.78457,0.78483,708,19,0
2026-03-18 02:00:00,0.78482,0.78488,0.78451,0.78479,1251,19,0
2026-03-18 02:30:00,0.78479,0.78529,0.7847,0.78516,1355,19,0
2026-03-18 03:00:00,0.78517,0.78527,0.78477,0.78523,894,19,0
2026-03-18 03:30:00,0.78524,0.78565,0.78511,0.78549,823,19,0
2026-03-18 04:00:00,0.78548,0.78555,0.7853,0.7853,678,19,0
2026-03-18 04:30:00,0.78531,0.78553,0.78522,0.7854,720,19,0
2026-03-18 05:00:00,0.78541,0.78546,0.78527,0.78546,565,19,0
2026-03-18 05:30:00,0.78545,0.78548,0.7852,0.78526,537,19,0
2026-03-18 06:00:00,0.78525,0.78525,0.78503,0.78516,514,19,0
2026-03-18 06:30:00,0.78514,0.78525,0.78506,0.78518,464,19,0
2026-03-18 07:00:00,0.78518,0.78524,0.78504,0.78519,564,19,0
2026-03-18 07:30:00,0.7852,0.78531,0.78504,0.78507,698,19,0
2026-03-18 08:00:00,0.78507,0.78517,0.78494,0.785,675,19,0
2026-03-18 08:30:00,0.785,0.78564,0.78499,0.7855,681,19,0
2026-03-18 09:00:00,0.78549,0.78589,0.78537,0.78578,862,19,0
2026-03-18 09:30:00,0.78579,0.78649,0.78578,0.78637,936,19,0
2026-03-18 10:00:00,0.78639,0.78742,0.78628,0.78718,1312,19,0
2026-03-18 10:30:00,0.78716,0.78721,0.78602,0.78611,1224,19,0
2026-03-18 11:00:00,0.78612,0.78707,0.78612,0.7865,1214,19,0
2026-03-18 11:30:00,0.7865,0.7866,0.78598,0.786,969,19,0
2026-03-18 12:00:00,0.78601,0.78612,0.78564,0.78611,904,19,0
2026-03-18 12:30:00,0.78611,0.78637,0.78578,0.78586,1020,19,0
2026-03-18 13:00:00,0.78585,0.78638,0.78535,0.78629,1280,20,0
2026-03-18 13:30:00,0.78632,0.78642,0.78542,0.78558,1506,19,0
2026-03-18 14:00:00,0.78557,0.78664,0.78553,0.78648,2141,17,0
2026-03-18 14:30:00,0.78638,0.78806,0.78634,0.78806,3032,17,0
2026-03-18 15:00:00,0.78805,0.78931,0.788,0.78805,2857,18,0
2026-03-18 15:30:00,0.78809,0.78869,0.7878,0.78801,2434,17,0
2026-03-18 16:00:00,0.788,0.78896,0.78726,0.78885,2722,17,0
2026-03-18 16:30:00,0.78886,0.78909,0.78841,0.78848,2311,17,0
2026-03-18 17:00:00,0.78847,0.78867,0.78789,0.78852,1937,18,0
2026-03-18 17:30:00,0.78852,0.78914,0.78795,0.78911,1740,18,0
2026-03-18 18:00:00,0.78906,0.78927,0.78829,0.78849,1239,19,0
2026-03-18 18:30:00,0.78852,0.78953,0.78852,0.78936,1130,19,0
2026-03-18 19:00:00,0.78938,0.79026,0.78922,0.79,1073,19,0
2026-03-18 19:30:00,0.79001,0.79036,0.78929,0.7898,1276,19,0
2026-03-18 20:00:00,0.78968,0.79038,0.78876,0.79016,2275,18,0
2026-03-18 20:30:00,0.79018,0.79212,0.79007,0.79212,2821,18,0
2026-03-18 21:00:00,0.79211,0.79247,0.79171,0.79233,1772,19,0
2026-03-18 21:30:00,0.79236,0.79278,0.79198,0.79274,1166,19,0
2026-03-18 22:00:00,0.79275,0.79351,0.79251,0.79345,835,19,0
2026-03-18 22:30:00,0.79346,0.79352,0.79297,0.79307,655,19,0
2026-03-18 23:00:00,0.79282,0.79285,0.79174,0.79202,195,80,0
2026-03-18 23:30:00,0.79203,0.79213,0.79196,0.79197,176,120,0
2026-03-19 00:00:00,0.79207,0.79317,0.79207,0.793,999,19,0
2026-03-19 00:30:00,0.79301,0.79306,0.79262,0.79279,504,19,0
2026-03-19 01:00:00,0.7928,0.79288,0.79245,0.79247,741,19,0
2026-03-19 01:30:00,0.79248,0.79284,0.79233,0.7926,972,19,0
2026-03-19 02:00:00,0.79262,0.7927,0.79207,0.79211,1192,19,0
2026-03-19 02:30:00,0.79215,0.79237,0.79188,0.7919,1256,19,0
2026-03-19 03:00:00,0.79189,0.79205,0.79151,0.79155,1222,19,0
2026-03-19 03:30:00,0.79154,0.79174,0.79126,0.79174,1177,19,0
2026-03-19 04:00:00,0.79173,0.792,0.79083,0.79097,1613,19,0
2026-03-19 04:30:00,0.79097,0.79157,0.79085,0.79154,1215,19,0
2026-03-19 05:00:00,0.79152,0.79187,0.79146,0.79169,765,19,0
2026-03-19 05:30:00,0.7917,0.79207,0.7917,0.79195,752,19,0
2026-03-19 06:00:00,0.79196,0.79229,0.79196,0.79224,708,19,0
2026-03-19 06:30:00,0.79223,0.79266,0.79216,0.79252,695,19,0
2026-03-19 07:00:00,0.79253,0.79268,0.79235,0.79244,701,19,0
2026-03-19 07:30:00,0.79243,0.79274,0.79232,0.79273,957,18,0
2026-03-19 08:00:00,0.79271,0.79292,0.792,0.79231,971,19,0
2026-03-19 08:30:00,0.79232,0.7927,0.79201,0.79201,1542,18,0
2026-03-19 09:00:00,0.792,0.79278,0.7912,0.7918,2315,18,0
2026-03-19 09:30:00,0.79179,0.79222,0.79122,0.79194,2121,19,0
2026-03-19 10:00:00,0.79192,0.79294,0.79184,0.79243,2705,18,0
2026-03-19 10:30:00,0.7924,0.79374,0.79171,0.79243,3028,18,0
2026-03-19 11:00:00,0.79244,0.79386,0.79171,0.79324,3784,18,0
2026-03-19 11:30:00,0.79323,0.79534,0.79282,0.79356,3790,19,0
2026-03-19 12:00:00,0.79359,0.79464,0.79301,0.79444,2193,19,0
2026-03-19 12:30:00,0.79445,0.79559,0.79433,0.7954,1812,19,0
2026-03-19 13:00:00,0.79537,0.7957,0.79423,0.79554,1455,18,0
2026-03-19 13:30:00,0.79555,0.79571,0.79452,0.79457,1200,17,0
2026-03-19 14:00:00,0.79456,0.79531,0.79402,0.79463,2939,17,0
2026-03-19 14:30:00,0.79441,0.79486,0.79329,0.79377,3328,18,0
2026-03-19 15:00:00,0.7938,0.79426,0.79293,0.79385,3884,17,0
2026-03-19 15:30:00,0.79385,0.79417,0.79127,0.79201,4670,18,0
2026-03-19 16:00:00,0.792,0.79253,0.79079,0.79228,4631,18,0
2026-03-19 16:30:00,0.79229,0.79241,0.7911,0.7917,3579,18,0
2026-03-19 17:00:00,0.79174,0.79191,0.79014,0.79113,2900,18,0
2026-03-19 17:30:00,0.79112,0.79255,0.79112,0.79229,3728,18,0
2026-03-19 18:00:00,0.7923,0.79252,0.79114,0.7912,3388,19,0
2026-03-19 18:30:00,0.79119,0.79271,0.7911,0.79178,1985,19,0
2026-03-19 19:00:00,0.79179,0.79179,0.78994,0.79014,1771,19,0
2026-03-19 19:30:00,0.79015,0.79074,0.79002,0.79045,1542,19,0
2026-03-19 20:00:00,0.79046,0.7909,0.79026,0.79043,1570,19,0
2026-03-19 20:30:00,0.79044,0.79078,0.78883,0.78894,1212,19,0
2026-03-19 21:00:00,0.78889,0.7889,0.78566,0.78767,5202,21,0
2026-03-19 21:30:00,0.78766,0.78856,0.78764,0.7882,2321,19,0
2026-03-19 22:00:00,0.78819,0.7883,0.78779,0.78792,735,20,0
2026-03-19 22:30:00,0.78793,0.78824,0.78782,0.78801,540,24,0
2026-03-19 23:00:00,0.78755,0.7884,0.78755,0.78792,42,80,0
2026-03-19 23:30:00,0.78793,0.78841,0.7879,0.7884,57,80,0
2026-03-20 00:00:00,0.78861,0.78861,0.78731,0.78797,970,19,0
2026-03-20 00:30:00,0.788,0.78875,0.788,0.78869,748,19,0
2026-03-20 01:00:00,0.78868,0.78882,0.78833,0.78879,980,19,0
2026-03-20 01:30:00,0.78874,0.78898,0.78862,0.78883,815,19,0
2026-03-20 02:00:00,0.78881,0.78897,0.78833,0.78853,1179,19,0
2026-03-20 02:30:00,0.78852,0.78878,0.78844,0.78856,1139,19,0
2026-03-20 03:00:00,0.78855,0.78867,0.78796,0.78829,1259,19,0
2026-03-20 03:30:00,0.78828,0.78876,0.78818,0.78861,1048,19,0
2026-03-20 04:00:00,0.78861,0.78882,0.78846,0.78878,762,19,0
2026-03-20 04:30:00,0.78877,0.78886,0.78856,0.78877,795,19,0
2026-03-20 05:00:00,0.78876,0.78916,0.78876,0.78905,774,19,0
2026-03-20 05:30:00,0.78906,0.78932,0.78905,0.78917,663,19,0
2026-03-20 06:00:00,0.78918,0.78924,0.78902,0.78908,662,19,0
2026-03-20 06:30:00,0.78909,0.7893,0.78902,0.78926,552,19,0
2026-03-20 07:00:00,0.78925,0.78927,0.78891,0.78913,780,19,0
2026-03-20 07:30:00,0.78913,0.78951,0.78912,0.7895,759,19,0
2026-03-20 08:00:00,0.78947,0.78947,0.78902,0.78907,738,19,0
2026-03-20 08:30:00,0.78908,0.78959,0.78888,0.78956,877,19,0
2026-03-20 09:00:00,0.7896,0.78998,0.7886,0.78871,1319,19,0
2026-03-20 09:30:00,0.78872,0.78942,0.7887,0.78887,1582,19,0
2026-03-20 10:00:00,0.78883,0.78921,0.78839,0.78864,1796,19,0
2026-03-20 10:30:00,0.78865,0.78887,0.78803,0.78868,1546,19,0
2026-03-20 11:00:00,0.78867,0.78869,0.7875,0.7881,1760,19,0
2026-03-20 11:30:00,0.78807,0.78858,0.78769,0.78834,2272,19,0
2026-03-20 12:00:00,0.78833,0.78916,0.78817,0.78836,2073,19,0
2026-03-20 12:30:00,0.78837,0.78854,0.7878,0.78799,1677,19,0
2026-03-20 13:00:00,0.78801,0.78805,0.78696,0.78747,1358,19,0
2026-03-20 13:30:00,0.78746,0.78746,0.78639,0.78677,1356,18,0
2026-03-20 14:00:00,0.78676,0.78696,0.7856,0.78567,2128,18,0
2026-03-20 14:30:00,0.78566,0.78656,0.78543,0.7863,2627,18,0
2026-03-20 15:00:00,0.78629,0.78755,0.78608,0.78746,1940,18,0
2026-03-20 15:30:00,0.78747,0.78884,0.78728,0.78875,2992,18,0
2026-03-20 16:00:00,0.78876,0.79047,0.78868,0.79021,3509,18,0
2026-03-20 16:30:00,0.79021,0.79021,0.78912,0.78936,3103,18,0
2026-03-20 17:00:00,0.78937,0.78954,0.78832,0.78909,3188,18,0
2026-03-20 17:30:00,0.7891,0.78921,0.78827,0.78893,2835,18,0
2026-03-20 18:00:00,0.78892,0.78901,0.78749,0.78803,1712,19,0
2026-03-20 18:30:00,0.78802,0.78857,0.78758,0.78798,1499,19,0
2026-03-20 19:00:00,0.78797,0.78843,0.78731,0.78755,2140,19,0
2026-03-20 19:30:00,0.78754,0.78855,0.78737,0.78851,1291,19,0
2026-03-20 20:00:00,0.78847,0.78886,0.78759,0.78789,1834,19,0
2026-03-20 20:30:00,0.78788,0.78887,0.7877,0.78866,1612,19,0
2026-03-20 21:00:00,0.78865,0.78891,0.78814,0.78848,1233,19,0
2026-03-20 21:30:00,0.78847,0.78878,0.78782,0.78819,1245,20,0
2026-03-20 22:00:00,0.78818,0.78827,0.78783,0.78789,542,22,0
2026-03-20 22:30:00,0.78791,0.78827,0.78758,0.78768,669,24,0
2026-03-23 00:00:00,0.7877,0.78838,0.78656,0.7868,1111,26,0
2026-03-23 00:30:00,0.78681,0.78732,0.7867,0.78708,837,19,0
2026-03-23 01:00:00,0.78705,0.78762,0.78691,0.78745,1317,19,0
2026-03-23 01:30:00,0.78745,0.78789,0.78739,0.78765,1279,19,0
2026-03-23 02:00:00,0.78765,0.78813,0.78744,0.78792,2016,19,0
2026-03-23 02:30:00,0.78791,0.78925,0.78789,0.78885,2322,19,0
2026-03-23 03:00:00,0.78884,0.78887,0.7877,0.78805,2297,19,0
2026-03-23 03:30:00,0.78806,0.78837,0.78765,0.78828,2061,19,0
2026-03-23 04:00:00,0.78827,0.78864,0.788,0.78861,1364,19,0
2026-03-23 04:30:00,0.78862,0.78934,0.78861,0.78901,1271,19,0
2026-03-23 05:00:00,0.789,0.78946,0.7889,0.78903,1157,19,0
2026-03-23 05:30:00,0.78904,0.78913,0.78873,0.78907,1018,19,0
2026-03-23 06:00:00,0.78906,0.78925,0.78888,0.7891,931,19,0
2026-03-23 06:30:00,0.78911,0.78923,0.78889,0.78889,774,19,0
2026-03-23 07:00:00,0.7889,0.78959,0.7888,0.78958,973,19,0
2026-03-23 07:30:00,0.7896,0.78989,0.78939,0.78989,1186,19,0
2026-03-23 08:00:00,0.7899,0.79034,0.78974,0.79009,1719,19,0
2026-03-23 08:30:00,0.7901,0.79058,0.78969,0.78989,1804,19,0
2026-03-23 09:00:00,0.7898,0.78995,0.78914,0.78962,2048,19,0
2026-03-23 09:30:00,0.78963,0.78971,0.78869,0.78927,2379,19,0
2026-03-23 10:00:00,0.7893,0.78974,0.78833,0.78921,2917,19,0
2026-03-23 10:30:00,0.78922,0.79103,0.78912,0.79098,2355,19,0
2026-03-23 11:00:00,0.79099,0.79245,0.79068,0.79214,2180,19,0
2026-03-23 11:30:00,0.79216,0.79322,0.79201,0.79284,2085,19,0
2026-03-23 12:00:00,0.79281,0.79341,0.79278,0.79324,1707,19,0
2026-03-23 12:30:00,0.79323,0.79372,0.79282,0.7937,2188,19,0
2026-03-23 13:00:00,0.7937,0.79388,0.78578,0.78936,9917,20,0
2026-03-23 13:30:00,0.78933,0.78978,0.78708,0.78957,7499,19,0
2026-03-23 14:00:00,0.78958,0.79048,0.78827,0.78893,5730,19,0
2026-03-23 14:30:00,0.78898,0.78966,0.78514,0.7853,6187,19,0
2026-03-23 15:00:00,0.78532,0.78803,0.78519,0.78745,5102,18,0
2026-03-23 15:30:00,0.78747,0.78785,0.78622,0.78671,6148,18,0
2026-03-23 16:00:00,0.7867,0.78693,0.78426,0.78454,6193,18,0
2026-03-23 16:30:00,0.78455,0.78531,0.78336,0.78524,5262,18,0
2026-03-23 17:00:00,0.78523,0.78538,0.78402,0.78528,5081,18,0
2026-03-23 17:30:00,0.78527,0.78772,0.78485,0.78764,5256,18,0
2026-03-23 18:00:00,0.78763,0.78819,0.78734,0.78793,3709,19,0
2026-03-23 18:30:00,0.78792,0.788,0.78676,0.78727,3336,19,0
2026-03-23 19:00:00,0.78729,0.78776,0.78675,0.78688,2695,19,0
2026-03-23 19:30:00,0.7869,0.78723,0.78621,0.7869,2008,19,0
2026-03-23 20:00:00,0.78689,0.78763,0.78619,0.78621,2368,19,0
2026-03-23 20:30:00,0.78621,0.78626,0.78433,0.78486,2274,19,0
2026-03-23 21:00:00,0.78485,0.78589,0.78483,0.78586,1281,19,0
2026-03-23 21:30:00,0.78585,0.78619,0.78574,0.78614,974,20,0
2026-03-23 22:00:00,0.78617,0.78647,0.78599,0.78643,563,21,0
2026-03-23 22:30:00,0.78644,0.78652,0.78598,0.78598,483,24,0
2026-03-23 23:00:00,0.78593,0.78593,0.78569,0.7857,46,80,0
2026-03-23 23:30:00,0.78569,0.78611,0.78553,0.78562,241,80,0
2026-03-24 00:00:00,0.78563,0.7865,0.78551,0.78632,784,19,0
2026-03-24 00:30:00,0.78632,0.78672,0.78613,0.7862,589,19,0
2026-03-24 01:00:00,0.78621,0.78636,0.78609,0.78625,756,19,0
2026-03-24 01:30:00,0.78626,0.78668,0.78619,0.78657,894,19,0
2026-03-24 02:00:00,0.78658,0.78794,0.78652,0.78763,1990,19,0
2026-03-24 02:30:00,0.78762,0.78839,0.78737,0.78808,2875,19,0
2026-03-24 03:00:00,0.78807,0.78828,0.78747,0.788,2817,19,0
2026-03-24 03:30:00,0.78801,0.78868,0.78793,0.78825,1866,19,0
2026-03-24 04:00:00,0.78821,0.78833,0.78776,0.7878,1851,19,0
2026-03-24 04:30:00,0.78781,0.78842,0.78765,0.78822,1570,19,0
2026-03-24 05:00:00,0.78823,0.78853,0.78776,0.78784,1324,19,0
2026-03-24 05:30:00,0.78785,0.78844,0.78781,0.78831,1046,19,0
2026-03-24 06:00:00,0.78832,0.78886,0.78831,0.78883,960,19,0
2026-03-24 06:30:00,0.78881,0.78887,0.78842,0.78854,947,19,0
2026-03-24 07:00:00,0.78856,0.78878,0.78801,0.78844,1638,19,0
2026-03-24 07:30:00,0.78843,0.78851,0.788,0.78835,1491,19,0
2026-03-24 08:00:00,0.78834,0.78878,0.78786,0.78853,1681,19,0
2026-03-24 08:30:00,0.78851,0.78881,0.78795,0.78811,1642,19,0
2026-03-24 09:00:00,0.78812,0.78814,0.78642,0.78694,2567,19,0
2026-03-24 09:30:00,0.78692,0.78696,0.78605,0.78615,2267,19,0
2026-03-24 10:00:00,0.78616,0.78718,0.78589,0.787,2827,18,0
2026-03-24 10:30:00,0.78703,0.78744,0.78645,0.787,2469,18,0
2026-03-24 11:00:00,0.78699,0.78754,0.78684,0.78707,2253,18,0
2026-03-24 11:30:00,0.78707,0.78708,0.78634,0.78644,1839,18,0
2026-03-24 12:00:00,0.78645,0.78738,0.78642,0.78726,1580,19,0
2026-03-24 12:30:00,0.78725,0.78803,0.7872,0.78751,1852,19,0
2026-03-24 13:00:00,0.7875,0.78785,0.78688,0.78699,1908,18,0
2026-03-24 13:30:00,0.787,0.78809,0.78684,0.78745,2138,19,0
2026-03-24 14:00:00,0.78747,0.78827,0.78706,0.78824,1908,18,0
2026-03-24 14:30:00,0.78825,0.78965,0.78809,0.78924,2595,18,0
2026-03-24 15:00:00,0.78922,0.79097,0.78874,0.79092,3174,18,0
2026-03-24 15:30:00,0.79093,0.79154,0.79032,0.79035,3920,18,0
2026-03-24 16:00:00,0.79034,0.79053,0.78953,0.78954,3385,18,0
2026-03-24 16:30:00,0.78953,0.79103,0.78932,0.79033,4210,18,0
2026-03-24 17:00:00,0.79039,0.79124,0.79018,0.79033,3681,18,0
2026-03-24 17:30:00,0.79031,0.79156,0.7901,0.79135,2611,18,0
2026-03-24 18:00:00,0.79134,0.79159,0.79057,0.79062,1829,19,0
2026-03-24 18:30:00,0.79063,0.79106,0.79043,0.79105,1240,19,0
2026-03-24 19:00:00,0.79104,0.79236,0.79101,0.7913,3180,19,0
2026-03-24 19:30:00,0.79131,0.79205,0.79071,0.79119,2515,19,0
2026-03-24 20:00:00,0.7912,0.79198,0.79094,0.79111,2074,19,0
2026-03-24 20:30:00,0.79108,0.79121,0.79023,0.79075,1801,19,0
2026-03-24 21:00:00,0.79074,0.79074,0.78991,0.79011,1132,19,0
2026-03-24 21:30:00,0.79013,0.79031,0.7899,0.79017,894,20,0
2026-03-24 22:00:00,0.79018,0.79019,0.78699,0.78788,2365,20,0
2026-03-24 22:30:00,0.78789,0.78861,0.78748,0.7878,2441,26,0
2026-03-24 23:00:00,0.78781,0.78786,0.7878,0.7878,33,80,0
2026-03-24 23:30:00,0.78781,0.78785,0.78753,0.78755,159,80,0
2026-03-25 00:00:00,0.78766,0.78838,0.78732,0.788,751,19,0
2026-03-25 00:30:00,0.78799,0.78817,0.78781,0.78781,850,19,0
2026-03-25 01:00:00,0.78784,0.78824,0.78767,0.78777,1003,19,0
2026-03-25 01:30:00,0.78777,0.78827,0.78766,0.78798,836,19,0
2026-03-25 02:00:00,0.78799,0.78806,0.78718,0.78746,2040,19,0
2026-03-25 02:30:00,0.78747,0.78792,0.7869,0.78732,1927,19,0
2026-03-25 03:00:00,0.78731,0.78756,0.78712,0.78748,1958,19,0
2026-03-25 03:30:00,0.7875,0.78825,0.7873,0.78809,1564,19,0
2026-03-25 04:00:00,0.78809,0.78866,0.78807,0.78853,1337,19,0
2026-03-25 04:30:00,0.78854,0.7893,0.7885,0.78926,1148,19,0
2026-03-25 05:00:00,0.78925,0.78934,0.78901,0.78918,965,19,0
2026-03-25 05:30:00,0.78919,0.78928,0.78887,0.78928,892,19,0
2026-03-25 06:00:00,0.78928,0.78961,0.78894,0.78915,860,19,0
2026-03-25 06:30:00,0.78912,0.78949,0.7891,0.78948,872,19,0
2026-03-25 07:00:00,0.78949,0.7897,0.78936,0.78954,906,19,0
2026-03-25 07:30:00,0.78954,0.78994,0.78936,0.78979,1076,19,0
2026-03-25 08:00:00,0.7898,0.7901,0.7895,0.78994,935,19,0
2026-03-25 08:30:00,0.78993,0.78994,0.78931,0.78967,826,18,0
2026-03-25 09:00:00,0.78968,0.7897,0.78904,0.78946,1405,18,0
2026-03-25 09:30:00,0.78947,0.79056,0.78944,0.78993,1926,19,0
2026-03-25 10:00:00,0.78992,0.79087,0.7885,0.7885,2465,19,0
2026-03-25 10:30:00,0.78852,0.78933,0.78826,0.7891,2235,19,0
2026-03-25 11:00:00,0.78911,0.79011,0.78891,0.79005,1763,19,0
2026-03-25 11:30:00,0.79006,0.79052,0.78965,0.78988,1770,19,0
2026-03-25 12:00:00,0.78987,0.7899,0.78922,0.78954,1797,19,0
2026-03-25 12:30:00,0.78955,0.78972,0.78889,0.78889,1491,19,0
2026-03-25 13:00:00,0.78888,0.78929,0.78846,0.7886,1335,18,0
2026-03-25 13:30:00,0.78859,0.78925,0.78853,0.78857,1637,18,0
2026-03-25 14:00:00,0.78856,0.78966,0.78813,0.7896,3007,18,0
2026-03-25 14:30:00,0.78958,0.79001,0.78928,0.78941,2343,18,0
2026-03-25 15:00:00,0.78942,0.7907,0.78908,0.79044,2257,18,0
2026-03-25 15:30:00,0.79043,0.79163,0.7904,0.79149,2793,18,0
2026-03-25 16:00:00,0.79147,0.79199,0.79057,0.79064,3178,18,0
2026-03-25 16:30:00,0.79063,0.79095,0.79011,0.79034,2677,18,0
2026-03-25 17:00:00,0.79033,0.79185,0.79026,0.79112,2732,19,0
2026-03-25 17:30:00,0.79113,0.79216,0.79095,0.79161,2358,18,0
2026-03-25 18:00:00,0.7916,0.79234,0.79095,0.79127,2072,19,0
2026-03-25 18:30:00,0.79128,0.79163,0.79104,0.79162,1341,19,0
2026-03-25 19:00:00,0.79161,0.79174,0.79116,0.79119,1149,19,0
2026-03-25 19:30:00,0.7912,0.79125,0.79053,0.79103,1108,19,0
2026-03-25 20:00:00,0.79101,0.79124,0.79077,0.79086,850,19,0
2026-03-25 20:30:00,0.79087,0.79199,0.79083,0.79177,892,19,0
2026-03-25 21:00:00,0.79176,0.79203,0.79159,0.79179,855,19,0
2026-03-25 21:30:00,0.79178,0.79185,0.79146,0.79167,659,19,0
2026-03-25 22:00:00,0.79166,0.79195,0.79154,0.79192,335,21,0
2026-03-25 22:30:00,0.79195,0.79195,0.79107,0.79117,487,24,0
2026-03-25 23:00:00,0.79132,0.79179,0.79114,0.79138,128,80,0
2026-03-25 23:30:00,0.79137,0.79153,0.79123,0.79134,351,80,0
2026-03-26 00:00:00,0.7914,0.79168,0.79127,0.79154,505,19,0
2026-03-26 00:30:00,0.79155,0.79161,0.79129,0.7914,439,19,0
2026-03-26 01:00:00,0.7914,0.79152,0.79132,0.79138,472,19,0
2026-03-26 01:30:00,0.79138,0.79155,0.79138,0.79145,554,19,0
2026-03-26 02:00:00,0.79146,0.79163,0.79123,0.79163,1026,19,0
2026-03-26 02:30:00,0.79162,0.79214,0.79154,0.79158,1093,19,0
2026-03-26 03:00:00,0.79159,0.79189,0.79128,0.79172,1165,19,0
2026-03-26 03:30:00,0.79171,0.79194,0.79159,0.79184,840,19,0
2026-03-26 04:00:00,0.79184,0.79193,0.79166,0.79182,675,19,0
2026-03-26 04:30:00,0.79181,0.79229,0.79181,0.79218,887,19,0
2026-03-26 05:00:00,0.79219,0.79223,0.79151,0.79152,782,19,0
2026-03-26 05:30:00,0.79151,0.79173,0.79139,0.79167,636,19,0
2026-03-26 06:00:00,0.79168,0.79172,0.79138,0.79138,543,19,0
2026-03-26 06:30:00,0.79137,0.79155,0.79131,0.7915,628,19,0
2026-03-26 07:00:00,0.79151,0.79169,0.79133,0.79154,714,19,0
2026-03-26 07:30:00,0.79153,0.79224,0.79148,0.79218,882,19,0
2026-03-26 08:00:00,0.79217,0.79266,0.79203,0.79216,1050,19,0
2026-03-26 08:30:00,0.79215,0.79253,0.79171,0.79193,881,19,0
2026-03-26 09:00:00,0.79191,0.79287,0.79189,0.7924,1162,19,0
2026-03-26 09:30:00,0.79241,0.7925,0.79194,0.79242,1424,19,0
2026-03-26 10:00:00,0.79241,0.79271,0.79178,0.79227,1785,19,0
2026-03-26 10:30:00,0.79228,0.79237,0.79138,0.79151,1466,19,0
2026-03-26 11:00:00,0.79152,0.79221,0.79123,0.79205,1458,19,0
2026-03-26 11:30:00,0.79204,0.79249,0.79179,0.79196,1467,19,0
2026-03-26 12:00:00,0.79197,0.79207,0.79134,0.79146,1356,19,0
2026-03-26 12:30:00,0.79147,0.79219,0.79132,0.79182,1287,19,0
2026-03-26 13:00:00,0.79181,0.79271,0.79168,0.79255,1061,18,0
2026-03-26 13:30:00,0.79254,0.79358,0.79254,0.79349,1196,18,0
2026-03-26 14:00:00,0.79355,0.7936,0.79266,0.79299,1458,17,0
2026-03-26 14:30:00,0.793,0.79335,0.7928,0.7929,1468,18,0
2026-03-26 15:00:00,0.79289,0.7932,0.79271,0.79289,1540,18,0
2026-03-26 15:30:00,0.79288,0.79352,0.79273,0.79321,2693,18,0
2026-03-26 16:00:00,0.7932,0.79356,0.79243,0.7926,2209,18,0
2026-03-26 16:30:00,0.7926,0.79322,0.79232,0.79275,3532,18,0
2026-03-26 17:00:00,0.79273,0.79358,0.79273,0.7935,2777,18,0
2026-03-26 17:30:00,0.79352,0.7942,0.79332,0.79339,2154,18,0
2026-03-26 18:00:00,0.79338,0.79417,0.79331,0.79414,1361,19,0
2026-03-26 18:30:00,0.79415,0.79451,0.79397,0.79436,981,19,0
2026-03-26 19:00:00,0.79435,0.79451,0.79417,0.79442,893,19,0
2026-03-26 19:30:00,0.79441,0.79499,0.79438,0.79494,725,19,0
2026-03-26 20:00:00,0.79495,0.79519,0.79474,0.79502,705,19,0
2026-03-26 20:30:00,0.79503,0.79503,0.79466,0.79473,634,19,0
2026-03-26 21:00:00,0.79474,0.79556,0.79472,0.79545,682,19,0
2026-03-26 21:30:00,0.79546,0.79569,0.79521,0.79567,612,19,0
2026-03-26 22:00:00,0.79569,0.7958,0.79301,0.79441,2662,22,0
2026-03-26 22:30:00,0.7944,0.79495,0.79336,0.79452,1374,23,0
2026-03-26 23:00:00,0.79477,0.79497,0.79356,0.79448,1240,80,0
2026-03-26 23:30:00,0.79449,0.7945,0.79373,0.79413,311,80,0
2026-03-27 00:00:00,0.79414,0.79463,0.79376,0.79447,539,19,0
2026-03-27 00:30:00,0.79448,0.79455,0.79423,0.79437,662,19,0
2026-03-27 01:00:00,0.79438,0.79455,0.79433,0.79447,588,19,0
2026-03-27 01:30:00,0.79446,0.79474,0.79432,0.7946,570,19,0
2026-03-27 02:00:00,0.79464,0.79535,0.7944,0.79512,1484,19,0
2026-03-27 02:30:00,0.79513,0.79552,0.7949,0.79494,1501,19,0
2026-03-27 03:00:00,0.79495,0.79503,0.79468,0.7947,1612,19,0
2026-03-27 03:30:00,0.79471,0.7949,0.79443,0.79444,1269,19,0
2026-03-27 04:00:00,0.79445,0.795,0.79444,0.79477,982,19,0
2026-03-27 04:30:00,0.79477,0.79499,0.79471,0.79485,761,19,0
2026-03-27 05:00:00,0.79486,0.79553,0.79485,0.79529,839,19,0
2026-03-27 05:30:00,0.79527,0.79553,0.79519,0.7954,869,19,0
2026-03-27 06:00:00,0.79543,0.79561,0.79506,0.79537,1005,19,0
2026-03-27 06:30:00,0.79535,0.79543,0.7951,0.79526,728,19,0
2026-03-27 07:00:00,0.79527,0.7953,0.79475,0.79522,1389,19,0
2026-03-27 07:30:00,0.79523,0.7958,0.79506,0.79535,1355,19,0
2026-03-27 08:00:00,0.79536,0.79562,0.79504,0.79561,1064,19,0
2026-03-27 08:30:00,0.79561,0.79601,0.79554,0.79601,778,18,0
2026-03-27 09:00:00,0.79602,0.79637,0.79586,0.7963,1153,18,0
2026-03-27 09:30:00,0.79631,0.79683,0.79618,0.79673,1385,19,0
2026-03-27 10:00:00,0.79674,0.79675,0.79587,0.79593,1774,19,0
2026-03-27 10:30:00,0.79594,0.79669,0.79583,0.79646,1543,19,0
2026-03-27 11:00:00,0.79647,0.79724,0.79623,0.79664,1619,19,0
2026-03-27 11:30:00,0.79665,0.7975,0.79649,0.79722,1358,19,0
2026-03-27 12:00:00,0.79727,0.7975,0.79677,0.7968,1535,19,0
2026-03-27 12:30:00,0.79682,0.79751,0.79676,0.7974,1498,19,0
2026-03-27 13:00:00,0.79741,0.79751,0.79687,0.79729,1292,18,0
2026-03-27 13:30:00,0.79728,0.79764,0.79717,0.79745,1181,18,0
2026-03-27 14:00:00,0.79746,0.79792,0.79731,0.79749,1381,18,0
2026-03-27 14:30:00,0.79752,0.79784,0.79678,0.79693,1595,18,0
2026-03-27 15:00:00,0.79694,0.79706,0.79589,0.79628,1655,18,0
2026-03-27 15:30:00,0.79627,0.79659,0.79545,0.79602,2317,18,0
2026-03-27 16:00:00,0.79599,0.79601,0.79516,0.79599,2433,18,0
2026-03-27 16:30:00,0.796,0.79681,0.79557,0.79654,2105,18,0
2026-03-27 17:00:00,0.79655,0.79784,0.79648,0.79705,2637,18,0
2026-03-27 17:30:00,0.79702,0.79726,0.79631,0.79694,2342,18,0
2026-03-27 18:00:00,0.79695,0.79708,0.79636,0.79642,1649,19,0
2026-03-27 18:30:00,0.79643,0.79691,0.79629,0.79691,1379,19,0
2026-03-27 19:00:00,0.79692,0.79781,0.79625,0.7978,1347,19,0
2026-03-27 19:30:00,0.79778,0.79788,0.79743,0.79768,800,19,0
2026-03-27 20:00:00,0.79769,0.79833,0.79759,0.79804,903,19,0
2026-03-27 20:30:00,0.79805,0.79862,0.79791,0.79856,866,19,0
2026-03-27 21:00:00,0.79856,0.7989,0.79856,0.79876,617,19,0
2026-03-27 21:30:00,0.79878,0.79902,0.79843,0.7986,601,19,0
2026-03-27 22:00:00,0.79858,0.79882,0.79831,0.79878,605,22,0
2026-03-27 22:30:00,0.79879,0.79925,0.79836,0.7986,632,23,0
2026-03-30 00:00:00,0.79599,0.79815,0.79538,0.79744,988,120,0
2026-03-30 00:30:00,0.79724,0.7984,0.79715,0.79783,248,117,0
2026-03-30 01:00:00,0.79793,0.79975,0.79793,0.7997,888,20,0
2026-03-30 01:30:00,0.79968,0.79984,0.79958,0.79976,837,19,0
2026-03-30 02:00:00,0.79975,0.79988,0.79953,0.79981,938,19,0
2026-03-30 02:30:00,0.79982,0.8,0.79964,0.79967,1172,19,0
2026-03-30 03:00:00,0.79968,0.79988,0.79845,0.79868,2499,19,0
2026-03-30 03:30:00,0.79869,0.79888,0.79838,0.79852,1613,19,0
2026-03-30 04:00:00,0.7985,0.79868,0.79829,0.79843,1633,19,0
2026-03-30 04:30:00,0.79844,0.79886,0.79823,0.79881,1374,19,0
2026-03-30 05:00:00,0.79882,0.79902,0.7987,0.79887,1417,19,0
2026-03-30 05:30:00,0.79886,0.79886,0.79833,0.79859,1344,19,0
2026-03-30 06:00:00,0.79859,0.79868,0.79811,0.79828,1093,19,0
2026-03-30 06:30:00,0.79828,0.79862,0.79825,0.79859,895,19,0
2026-03-30 07:00:00,0.7986,0.79862,0.79811,0.79824,925,19,0
2026-03-30 07:30:00,0.79825,0.79859,0.79825,0.79859,700,19,0
2026-03-30 08:00:00,0.79858,0.79876,0.79847,0.79873,924,19,0
2026-03-30 08:30:00,0.79872,0.79888,0.79834,0.7985,881,19,0
2026-03-30 09:00:00,0.79851,0.79855,0.79788,0.79792,993,19,0
2026-03-30 09:30:00,0.79793,0.79871,0.79783,0.79871,1049,19,0
2026-03-30 10:00:00,0.7987,0.79969,0.79865,0.7996,1470,19,0
2026-03-30 10:30:00,0.79961,0.79991,0.7995,0.79972,1100,19,0
2026-03-30 11:00:00,0.79973,0.79991,0.7996,0.79981,1267,19,0
2026-03-30 11:30:00,0.79982,0.80007,0.79947,0.8,1070,19,0
2026-03-30 12:00:00,0.80001,0.8003,0.79976,0.80021,1220,19,0
2026-03-30 12:30:00,0.80022,0.80029,0.79928,0.79958,1061,19,0
2026-03-30 13:00:00,0.79959,0.79972,0.79901,0.7994,992,19,0
2026-03-30 13:30:00,0.79939,0.7995,0.79901,0.79935,860,19,0
2026-03-30 14:00:00,0.79934,0.79943,0.79835,0.7991,1746,18,0
2026-03-30 14:30:00,0.79911,0.79976,0.79905,0.79975,1731,18,0
2026-03-30 15:00:00,0.79976,0.80048,0.79975,0.80031,1405,18,0
2026-03-30 15:30:00,0.80033,0.80035,0.79949,0.79959,1806,18,0
2026-03-30 16:00:00,0.79958,0.80015,0.79903,0.79954,2147,18,0
2026-03-30 16:30:00,0.79953,0.80025,0.7994,0.8001,2367,18,0
2026-03-30 17:00:00,0.80009,0.80118,0.80008,0.80112,2440,18,0
2026-03-30 17:30:00,0.80114,0.80117,0.79973,0.79983,2557,18,0
2026-03-30 18:00:00,0.79984,0.80059,0.79972,0.80006,2263,18,0
2026-03-30 18:30:00,0.80007,0.80022,0.79968,0.8,1655,18,0
2026-03-30 19:00:00,0.80001,0.80025,0.79978,0.80003,928,20,0
2026-03-30 19:30:00,0.80004,0.80017,0.79981,0.80001,846,19,0
2026-03-30 20:00:00,0.80002,0.80051,0.79973,0.80027,811,19,0
2026-03-30 20:30:00,0.80026,0.80042,0.79995,0.80034,884,19,0
2026-03-30 21:00:00,0.80035,0.80038,0.7996,0.79967,692,19,0
2026-03-30 21:30:00,0.79966,0.79987,0.79936,0.79979,591,19,0
2026-03-30 22:00:00,0.79978,0.80019,0.79965,0.7999,741,19,0
2026-03-30 22:30:00,0.79991,0.79997,0.79958,0.79964,453,19,0
2026-03-30 23:00:00,0.79965,0.79974,0.79942,0.79962,355,22,0
2026-03-30 23:30:00,0.79963,0.79972,0.79881,0.79882,962,23,0
2026-03-31 00:00:00,0.79787,0.79953,0.79707,0.79888,944,80,0
2026-03-31 00:30:00,0.79889,0.79904,0.7982,0.79883,227,85,0
2026-03-31 01:00:00,0.79884,0.79951,0.79878,0.79951,651,19,0
2026-03-31 01:30:00,0.79951,0.79978,0.7995,0.79974,342,19,0
2026-03-31 02:00:00,0.79977,0.80001,0.79975,0.7999,795,19,0
2026-03-31 02:30:00,0.79989,0.79999,0.79969,0.79986,562,19,0
2026-03-31 03:00:00,0.79985,0.80014,0.79971,0.79995,1439,19,0
2026-03-31 03:30:00,0.79994,0.80014,0.79863,0.79877,2585,19,0
2026-03-31 04:00:00,0.79876,0.79902,0.79795,0.79798,1983,19,0
2026-03-31 04:30:00,0.79797,0.79833,0.79781,0.79833,1843,19,0
2026-03-31 05:00:00,0.79832,0.79851,0.79818,0.79832,1229,19,0
2026-03-31 05:30:00,0.79833,0.79855,0.79815,0.7983,1199,19,0
2026-03-31 06:00:00,0.79831,0.79857,0.79823,0.79846,909,19,0
2026-03-31 06:30:00,0.79846,0.79879,0.79838,0.79866,684,19,0
2026-03-31 07:00:00,0.79867,0.79867,0.79849,0.79857,736,19,0
2026-03-31 07:30:00,0.79856,0.79869,0.79841,0.7986,717,19,0
2026-03-31 08:00:00,0.7986,0.79883,0.79841,0.79849,971,19,0
2026-03-31 08:30:00,0.7985,0.79914,0.79846,0.79902,938,19,0
2026-03-31 09:00:00,0.79903,0.79945,0.79902,0.79921,836,19,0
2026-03-31 09:30:00,0.79919,0.79991,0.79908,0.79942,1428,19,0
2026-03-31 10:00:00,0.79943,0.79993,0.79912,0.79988,1413,19,0
2026-03-31 10:30:00,0.79989,0.80013,0.79969,0.79976,1212,19,0
2026-03-31 11:00:00,0.79977,0.80007,0.79971,0.79981,1117,19,0
2026-03-31 11:30:00,0.79982,0.79997,0.79936,0.79982,1015,19,0
2026-03-31 12:00:00,0.79981,0.80053,0.7997,0.8003,1129,19,0
2026-03-31 12:30:00,0.80031,0.80051,0.80021,0.80035,924,19,0
2026-03-31 13:00:00,0.80034,0.80075,0.80024,0.80044,905,19,0
2026-03-31 13:30:00,0.80043,0.80103,0.80026,0.80093,1064,19,0
2026-03-31 14:00:00,0.80092,0.80104,0.79964,0.80008,2196,18,0
2026-03-31 14:30:00,0.80009,0.80025,0.79911,0.79942,1609,18,0
2026-03-31 15:00:00,0.79943,0.80003,0.7992,0.79938,2447,18,0
2026-03-31 15:30:00,0.79939,0.80013,0.79922,0.8001,1907,18,0
2026-03-31 16:00:00,0.80011,0.80027,0.79923,0.79972,1612,18,0
2026-03-31 16:30:00,0.79973,0.80051,0.79952,0.79972,2125,17,0
2026-03-31 17:00:00,0.79969,0.80025,0.79906,0.79991,2660,18,0
2026-03-31 17:30:00,0.7999,0.80372,0.79951,0.80361,4155,18,0
2026-03-31 18:00:00,0.80362,0.80415,0.80167,0.80196,4210,18,0
2026-03-31 18:30:00,0.80198,0.80273,0.80173,0.80269,2578,18,0
2026-03-31 19:00:00,0.8027,0.80337,0.80219,0.80231,1620,19,0
2026-03-31 19:30:00,0.8023,0.80249,0.80029,0.80077,4392,19,0
2026-03-31 20:00:00,0.80076,0.80104,0.79997,0.80038,3111,19,0
2026-03-31 20:30:00,0.80037,0.80079,0.7999,0.80077,2698,19,0
2026-03-31 21:00:00,0.80076,0.80079,0.79983,0.79985,1413,19,0
2026-03-31 21:30:00,0.79984,0.8005,0.7998,0.8003,1354,20,0
2026-03-31 22:00:00,0.80029,0.8008,0.8002,0.80049,998,19,0
2026-03-31 22:30:00,0.8005,0.8005,0.79931,0.79943,1191,19,0
2026-03-31 23:00:00,0.79941,0.79947,0.79887,0.79934,585,22,0
2026-03-31 23:30:00,0.79929,0.80052,0.79876,0.80038,443,23,0
2026-04-01 00:00:00,0.80053,0.80098,0.79836,0.79865,550,80,0
2026-04-01 00:30:00,0.79864,0.79959,0.79851,0.7989,421,80,0
2026-04-01 01:00:00,0.79889,0.79926,0.79832,0.79893,817,19,0
2026-04-01 01:30:00,0.79886,0.79922,0.7988,0.79896,540,19,0
2026-04-01 02:00:00,0.79897,0.79913,0.79844,0.79857,522,19,0
2026-04-01 02:30:00,0.79857,0.79857,0.79751,0.79767,1007,19,0
2026-04-01 03:00:00,0.79765,0.79791,0.79716,0.79717,1526,19,0
2026-04-01 03:30:00,0.79718,0.79724,0.79665,0.79671,1401,19,0
2026-04-01 04:00:00,0.79672,0.79803,0.7967,0.79753,2399,19,0
2026-04-01 04:30:00,0.7975,0.79835,0.79744,0.79796,1548,19,0
2026-04-01 05:00:00,0.79794,0.79815,0.79759,0.79774,897,19,0
2026-04-01 05:30:00,0.79773,0.79783,0.79729,0.79746,1043,19,0
2026-04-01 06:00:00,0.79747,0.79768,0.79735,0.79759,914,19,0
2026-04-01 06:30:00,0.79758,0.79819,0.79754,0.79808,921,19,0
2026-04-01 07:00:00,0.79809,0.7981,0.79768,0.79772,801,19,0
2026-04-01 07:30:00,0.79773,0.79779,0.79745,0.79752,783,19,0
2026-04-01 08:00:00,0.79755,0.79758,0.79687,0.79693,981,19,0
2026-04-01 08:30:00,0.79692,0.79698,0.79643,0.7965,1172,19,0
2026-04-01 09:00:00,0.79653,0.79694,0.7946,0.7946,1986,19,0
2026-04-01 09:30:00,0.79455,0.7954,0.79422,0.79437,2586,19,0
2026-04-01 10:00:00,0.79439,0.79505,0.79372,0.794,2439,19,0
2026-04-01 10:30:00,0.79398,0.79445,0.79267,0.79434,2920,19,0
2026-04-01 11:00:00,0.79435,0.7945,0.79337,0.79357,2369,19,0
2026-04-01 11:30:00,0.79356,0.79379,0.79284,0.79348,2224,19,0
2026-04-01 12:00:00,0.79347,0.79407,0.7933,0.79392,2133,19,0
2026-04-01 12:30:00,0.79391,0.79404,0.79278,0.79298,1795,19,0
2026-04-01 13:00:00,0.79299,0.79317,0.79258,0.79263,1763,19,0
2026-04-01 13:30:00,0.79263,0.79267,0.79199,0.79214,1619,19,0
2026-04-01 14:00:00,0.79213,0.79246,0.79197,0.79239,1341,18,0
2026-04-01 14:30:00,0.7924,0.7924,0.7915,0.79154,1304,18,0
2026-04-01 15:00:00,0.79156,0.79231,0.79109,0.7921,1964,17,0
2026-04-01 15:30:00,0.79208,0.7922,0.7904,0.79191,3648,19,0
2026-04-01 16:00:00,0.79192,0.79244,0.79149,0.79207,2700,19,0
2026-04-01 16:30:00,0.79206,0.79363,0.79103,0.7935,3490,19,0
2026-04-01 17:00:00,0.79351,0.79423,0.79223,0.79268,3717,17,0
2026-04-01 17:30:00,0.79267,0.79316,0.7922,0.79256,3509,17,0
2026-04-01 18:00:00,0.79257,0.79393,0.79231,0.79389,2211,18,0
2026-04-01 18:30:00,0.7939,0.79397,0.79301,0.79318,1578,19,0
2026-04-01 19:00:00,0.79319,0.79373,0.79297,0.79333,1115,19,0
2026-04-01 19:30:00,0.79332,0.79337,0.79212,0.79216,906,20,0
2026-04-01 20:00:00,0.79214,0.79266,0.79168,0.79265,820,19,0
2026-04-01 20:30:00,0.79264,0.79338,0.79264,0.79327,976,19,0
2026-04-01 21:00:00,0.79326,0.79425,0.79324,0.7942,1152,19,0
2026-04-01 21:30:00,0.79421,0.7947,0.79396,0.79467,1098,19,0
2026-04-01 22:00:00,0.79465,0.79491,0.79448,0.79467,754,19,0
2026-04-01 22:30:00,0.79468,0.79485,0.79436,0.79459,699,19,0
2026-04-01 23:00:00,0.7946,0.79466,0.79424,0.79424,294,22,0
2026-04-01 23:30:00,0.79423,0.79424,0.7934,0.79361,260,23,0
2026-04-02 00:00:00,0.79472,0.79488,0.79317,0.79353,141,80,0
2026-04-02 00:30:00,0.79351,0.79385,0.79342,0.79352,232,80,0
2026-04-02 01:00:00,0.79355,0.7943,0.79353,0.79394,643,19,0
2026-04-02 01:30:00,0.79394,0.79409,0.79379,0.79387,604,19,0
2026-04-02 02:00:00,0.79388,0.79389,0.7936,0.79382,515,19,0
2026-04-02 02:30:00,0.7938,0.79403,0.79372,0.79398,593,19,0
2026-04-02 03:00:00,0.79399,0.79414,0.79345,0.79393,1697,19,0
2026-04-02 03:30:00,0.79391,0.79397,0.79285,0.79311,1621,19,0
2026-04-02 04:00:00,0.7931,0.79571,0.7927,0.79555,6368,19,0
2026-04-02 04:30:00,0.79556,0.79679,0.79554,0.79647,3779,19,0
2026-04-02 05:00:00,0.79648,0.79722,0.79618,0.79722,2408,19,0
2026-04-02 05:30:00,0.79721,0.79737,0.79709,0.79731,1545,19,0
2026-04-02 06:00:00,0.79733,0.79756,0.7972,0.79732,1116,19,0
2026-04-02 06:30:00,0.79732,0.79815,0.79715,0.79795,1315,19,0
2026-04-02 07:00:00,0.79795,0.79854,0.79778,0.79846,1276,19,0
2026-04-02 07:30:00,0.79845,0.79873,0.79831,0.79833,993,19,0
2026-04-02 08:00:00,0.79832,0.79901,0.79818,0.79865,1158,19,0
2026-04-02 08:30:00,0.79865,0.79943,0.79859,0.79911,1677,19,0
2026-04-02 09:00:00,0.7991,0.80021,0.79896,0.79988,2039,19,0
2026-04-02 09:30:00,0.79989,0.80004,0.79835,0.79835,1956,19,0
2026-04-02 10:00:00,0.79837,0.79939,0.79834,0.79938,2279,19,0
2026-04-02 10:30:00,0.79937,0.79999,0.79876,0.79884,1861,19,0
2026-04-02 11:00:00,0.79882,0.79954,0.79882,0.7994,1368,19,0
2026-04-02 11:30:00,0.79939,0.79965,0.79899,0.79929,1226,19,0
2026-04-02 12:00:00,0.7993,0.79985,0.7993,0.79959,1206,19,0
2026-04-02 12:30:00,0.7996,0.79969,0.79889,0.79969,1235,19,0
2026-04-02 13:00:00,0.79968,0.80058,0.79963,0.80017,1210,19,0
2026-04-02 13:30:00,0.80016,0.80077,0.8001,0.80061,1495,19,0
2026-04-02 14:00:00,0.8006,0.80071,0.80024,0.80066,1278,18,0
2026-04-02 14:30:00,0.80067,0.80075,0.79954,0.79964,1331,20,0
2026-04-02 15:00:00,0.79967,0.79974,0.79889,0.79911,1835,17,0
2026-04-02 15:30:00,0.7991,0.79945,0.79874,0.79901,1795,18,0
2026-04-02 16:00:00,0.799,0.79956,0.79861,0.79906,1842,18,0
2026-04-02 16:30:00,0.79905,0.80038,0.79899,0.79949,2459,18,0
2026-04-02 17:00:00,0.7995,0.80007,0.79926,0.79958,2317,18,0
2026-04-02 17:30:00,0.79959,0.7999,0.7979,0.79869,5329,20,0
2026-04-02 18:00:00,0.79868,0.79883,0.79765,0.79815,3731,18,0
2026-04-02 18:30:00,0.79816,0.79869,0.79787,0.79836,2080,18,0
2026-04-02 19:00:00,0.79837,0.79862,0.79797,0.79842,1426,19,0
2026-04-02 19:30:00,0.79841,0.79865,0.79803,0.79865,1454,19,0
2026-04-02 20:00:00,0.79866,0.79873,0.79788,0.79821,1049,19,0
2026-04-02 20:30:00,0.79822,0.79873,0.79821,0.79855,720,19,0
2026-04-02 21:00:00,0.79854,0.7991,0.79849,0.79905,717,19,0
2026-04-02 21:30:00,0.79904,0.79911,0.79865,0.79871,719,19,0
2026-04-02 22:00:00,0.79869,0.79889,0.79835,0.79864,646,19,0
2026-04-02 22:30:00,0.79865,0.79901,0.79858,0.79901,491,19,0
2026-04-02 23:00:00,0.79902,0.79904,0.79843,0.79846,291,22,0
2026-04-02 23:30:00,0.79845,0.7986,0.79793,0.79808,468,23,0
2026-04-03 00:00:00,0.79789,0.79809,0.79747,0.79779,1660,88,0
2026-04-03 00:30:00,0.79778,0.79831,0.79752,0.79829,361,87,0
2026-04-03 01:00:00,0.7983,0.79887,0.7983,0.79878,205,19,0
2026-04-03 01:30:00,0.79879,0.79879,0.79868,0.79869,142,19,0
2026-04-03 02:00:00,0.79869,0.79871,0.79852,0.79854,116,19,0
2026-04-03 02:30:00,0.79854,0.79864,0.79847,0.79859,202,19,0
2026-04-03 03:00:00,0.79859,0.79859,0.79836,0.79853,487,19,0
2026-04-03 03:30:00,0.79852,0.79874,0.79836,0.7987,631,19,0
2026-04-03 04:00:00,0.79872,0.79879,0.79854,0.79878,515,19,0
2026-04-03 04:30:00,0.79878,0.79903,0.79872,0.79886,396,19,0
2026-04-03 05:00:00,0.79887,0.79891,0.79854,0.79883,376,19,0
2026-04-03 05:30:00,0.79883,0.79885,0.79858,0.79863,369,19,0
2026-04-03 06:00:00,0.79862,0.79869,0.79856,0.79857,223,19,0
2026-04-03 06:30:00,0.79858,0.79875,0.79856,0.79857,263,19,0
2026-04-03 07:00:00,0.79858,0.7987,0.79855,0.79858,380,19,0
2026-04-03 07:30:00,0.79859,0.79869,0.79854,0.79868,263,19,0
2026-04-03 08:00:00,0.79869,0.79882,0.79858,0.79878,292,19,0
2026-04-03 08:30:00,0.79876,0.79877,0.79834,0.79839,355,19,0
2026-04-03 09:00:00,0.7984,0.79859,0.79831,0.79855,287,19,0
2026-04-03 09:30:00,0.79856,0.79862,0.7982,0.79824,616,19,0
2026-04-03 10:00:00,0.79825,0.79826,0.79772,0.79796,512,19,0
2026-04-03 10:30:00,0.79795,0.79795,0.79759,0.79774,548,19,0
2026-04-03 11:00:00,0.79775,0.79806,0.79766,0.79789,465,19,0
2026-04-03 11:30:00,0.7979,0.79795,0.79767,0.7978,377,19,0
2026-04-03 12:00:00,0.79782,0.79802,0.79782,0.79789,435,19,0
2026-04-03 12:30:00,0.7979,0.7981,0.79789,0.79799,304,19,0
2026-04-03 13:00:00,0.798,0.7981,0.79795,0.79802,469,19,0
2026-04-03 13:30:00,0.79802,0.7983,0.79781,0.79807,513,19,0
2026-04-03 14:00:00,0.79808,0.7983,0.79795,0.7983,376,19,0
2026-04-03 14:30:00,0.79829,0.79836,0.79808,0.79814,396,18,0
2026-04-03 15:00:00,0.79813,0.80085,0.79783,0.79933,827,19,0
2026-04-03 15:30:00,0.79938,0.79981,0.79903,0.79925,1579,18,0
2026-04-03 16:00:00,0.79925,0.7993,0.79857,0.79898,632,18,0
2026-04-03 16:30:00,0.79899,0.79904,0.7985,0.79855,628,19,0
2026-04-03 17:00:00,0.79854,0.79952,0.7985,0.79938,448,19,0
2026-04-03 17:30:00,0.79937,0.7997,0.79932,0.79962,328,19,0
2026-04-03 18:00:00,0.79961,0.79971,0.7988,0.79968,2854,19,0
2026-04-03 18:30:00,0.79964,0.8005,0.79939,0.80006,5017,19,0
2026-04-03 19:00:00,0.80007,0.80037,0.79998,0.80028,2403,19,0
2026-04-03 19:30:00,0.80029,0.80074,0.80008,0.80059,1101,19,0
2026-04-03 20:00:00,0.80069,0.80083,0.80047,0.80071,2806,19,0
2026-04-03 20:30:00,0.80074,0.80085,0.80039,0.80063,1869,19,0
2026-04-03 21:00:00,0.80064,0.80077,0.80036,0.80056,907,19,0
2026-04-03 21:30:00,0.80057,0.80091,0.80049,0.80082,615,19,0
2026-04-03 22:00:00,0.80081,0.80111,0.80047,0.80072,710,19,0
2026-04-03 22:30:00,0.80073,0.80112,0.80046,0.80082,187,19,0
2026-04-03 23:00:00,0.80078,0.80078,0.79833,0.7999,1833,44,0
2026-04-03 23:30:00,0.79991,0.80045,0.79931,0.79932,662,120,0
2026-04-06 00:00:00,0.79983,0.79984,0.79921,0.79952,106,120,0
2026-04-06 00:30:00,0.79953,0.79976,0.79896,0.79908,488,120,0
2026-04-06 01:00:00,0.79926,0.80094,0.79911,0.80078,1233,19,0
2026-04-06 01:30:00,0.80079,0.80086,0.8002,0.80032,990,19,0
2026-04-06 02:00:00,0.8003,0.80097,0.8,0.80097,879,19,0
2026-04-06 02:30:00,0.80096,0.80115,0.80078,0.8011,726,19,0
2026-04-06 03:00:00,0.80111,0.80116,0.80056,0.80086,1441,19,0
2026-04-06 03:30:00,0.80086,0.80119,0.80071,0.80114,1017,19,0
2026-04-06 04:00:00,0.80114,0.80147,0.801,0.80111,1118,19,0
2026-04-06 04:30:00,0.80112,0.80173,0.80109,0.80168,808,19,0
2026-04-06 05:00:00,0.80169,0.80171,0.80053,0.80064,1704,19,0
2026-04-06 05:30:00,0.80063,0.80079,0.80051,0.80079,979,19,0
2026-04-06 06:00:00,0.80078,0.80079,0.80041,0.80052,1174,19,0
2026-04-06 06:30:00,0.80051,0.80081,0.80049,0.80068,820,19,0
2026-04-06 07:00:00,0.80066,0.80075,0.80048,0.80062,753,19,0
2026-04-06 07:30:00,0.8006,0.80067,0.8003,0.80038,734,19,0
2026-04-06 08:00:00,0.8004,0.80049,0.8,0.8001,613,19,0
2026-04-06 08:30:00,0.8001,0.80034,0.80008,0.80033,789,19,0
2026-04-06 09:00:00,0.80031,0.80052,0.79998,0.80052,919,19,0
2026-04-06 09:30:00,0.80057,0.80058,0.79929,0.79953,1471,19,0
2026-04-06 10:00:00,0.79952,0.80045,0.79935,0.79936,1010,19,0
2026-04-06 10:30:00,0.79937,0.7994,0.79664,0.79682,1865,19,0
2026-04-06 11:00:00,0.7968,0.79745,0.79665,0.79713,2015,19,0
2026-04-06 11:30:00,0.79712,0.79746,0.79684,0.79726,1354,19,0
2026-04-06 12:00:00,0.79726,0.79743,0.79704,0.7974,1295,19,0
2026-04-06 12:30:00,0.79741,0.79801,0.79705,0.79777,1541,19,0
2026-04-06 13:00:00,0.79775,0.79786,0.79749,0.79785,1218,19,0
2026-04-06 13:30:00,0.79786,0.79846,0.79755,0.79761,1568,19,0
2026-04-06 14:00:00,0.7976,0.79859,0.79758,0.79833,1145,18,0
2026-04-06 14:30:00,0.79831,0.79835,0.79774,0.79794,957,18,0
2026-04-06 15:00:00,0.79794,0.79837,0.79776,0.79784,1122,18,0
2026-04-06 15:30:00,0.79782,0.79784,0.79697,0.79709,1247,18,0
2026-04-06 16:00:00,0.7971,0.79747,0.79681,0.7969,1703,18,0
2026-04-06 16:30:00,0.79688,0.79727,0.79639,0.79671,1612,20,0
2026-04-06 17:00:00,0.79673,0.79748,0.79642,0.7965,2099,19,0
2026-04-06 17:30:00,0.79649,0.79786,0.79602,0.79784,3206,19,0
2026-04-06 18:00:00,0.79783,0.79843,0.79777,0.79819,1873,18,0
2026-04-06 18:30:00,0.7982,0.79847,0.79777,0.7978,1221,18,0
2026-04-06 19:00:00,0.79781,0.79795,0.79758,0.79781,762,20,0
2026-04-06 19:30:00,0.79782,0.79803,0.79764,0.79791,756,20,0
2026-04-06 20:00:00,0.79794,0.79869,0.79794,0.79812,1232,20,0
2026-04-06 20:30:00,0.79813,0.7984,0.79772,0.79836,745,19,0
2026-04-06 21:00:00,0.79835,0.79845,0.7974,0.79746,1321,19,0
2026-04-06 21:30:00,0.79743,0.79802,0.79741,0.79795,638,19,0
2026-04-06 22:00:00,0.79799,0.79811,0.7978,0.79811,311,19,0
2026-04-06 22:30:00,0.79809,0.7982,0.79784,0.79802,283,19,0
2026-04-06 23:00:00,0.79803,0.79815,0.79797,0.79801,171,22,0
2026-04-06 23:30:00,0.798,0.79813,0.79742,0.79752,494,23,0
2026-04-07 00:00:00,0.79753,0.79774,0.79746,0.79758,160,95,0
2026-04-07 00:30:00,0.79757,0.79761,0.79722,0.79738,225,87,0
2026-04-07 01:00:00,0.79741,0.79792,0.79725,0.7978,410,19,0
2026-04-07 01:30:00,0.7978,0.79795,0.79776,0.79792,329,19,0
2026-04-07 02:00:00,0.79791,0.79802,0.79784,0.79802,416,19,0
2026-04-07 02:30:00,0.79802,0.79817,0.79795,0.79806,437,19,0
2026-04-07 03:00:00,0.79805,0.79851,0.79805,0.79845,1332,19,0
2026-04-07 03:30:00,0.79845,0.79894,0.79843,0.79887,1060,19,0
2026-04-07 04:00:00,0.79886,0.79893,0.79852,0.79872,1075,19,0
2026-04-07 04:30:00,0.79872,0.79998,0.79871,0.79978,1411,19,0
2026-04-07 05:00:00,0.79977,0.80002,0.79959,0.79964,947,19,0
2026-04-07 05:30:00,0.79963,0.79981,0.79945,0.79949,678,19,0
2026-04-07 06:00:00,0.7995,0.79965,0.79935,0.79952,698,19,0
2026-04-07 06:30:00,0.79952,0.79953,0.79918,0.79921,522,19,0
2026-04-07 07:00:00,0.79922,0.79934,0.79909,0.79912,736,19,0
2026-04-07 07:30:00,0.79911,0.79912,0.79822,0.79842,742,19,0
2026-04-07 08:00:00,0.79843,0.79875,0.79838,0.79865,755,19,0
2026-04-07 08:30:00,0.79865,0.79918,0.79852,0.79862,1137,19,0
2026-04-07 09:00:00,0.79861,0.79907,0.79859,0.79872,986,19,0
2026-04-07 09:30:00,0.79871,0.79901,0.79832,0.79901,1411,19,0
2026-04-07 10:00:00,0.79902,0.79984,0.79875,0.79981,1466,19,0
2026-04-07 10:30:00,0.79979,0.79985,0.79935,0.79974,1168,19,0
2026-04-07 11:00:00,0.79974,0.79976,0.79782,0.79851,2817,19,0
2026-04-07 11:30:00,0.7985,0.79867,0.79783,0.798,1767,19,0
2026-04-07 12:00:00,0.79799,0.79847,0.79782,0.79825,1477,19,0
2026-04-07 12:30:00,0.79825,0.79847,0.79777,0.79844,1398,19,0
2026-04-07 13:00:00,0.79845,0.79978,0.79835,0.79917,2603,19,0
2026-04-07 13:30:00,0.79916,0.79995,0.79901,0.79947,2138,19,0
2026-04-07 14:00:00,0.7995,0.79994,0.79941,0.79972,1265,18,0
2026-04-07 14:30:00,0.79973,0.79992,0.79927,0.79933,1300,18,0
2026-04-07 15:00:00,0.79932,0.79979,0.79889,0.79952,2295,18,0
2026-04-07 15:30:00,0.79955,0.79985,0.79892,0.79968,1412,18,0
2026-04-07 16:00:00,0.79969,0.80012,0.7993,0.79998,1674,18,0
2026-04-07 16:30:00,0.79996,0.80061,0.79989,0.80012,1863,19,0
2026-04-07 17:00:00,0.80013,0.80101,0.79971,0.79976,2276,18,0
2026-04-07 17:30:00,0.79973,0.80004,0.79873,0.8,2592,18,0
2026-04-07 18:00:00,0.8,0.80088,0.79971,0.79978,2456,18,0
2026-04-07 18:30:00,0.7998,0.80056,0.79935,0.79964,2058,18,0
2026-04-07 19:00:00,0.79963,0.79972,0.79905,0.79932,1913,19,0
2026-04-07 19:30:00,0.79933,0.79944,0.79892,0.79922,1025,19,0
2026-04-07 20:00:00,0.79921,0.79955,0.79896,0.79942,1064,19,0
2026-04-07 20:30:00,0.79941,0.79947,0.79856,0.79889,1236,19,0
2026-04-07 21:00:00,0.79888,0.79898,0.79859,0.79865,824,19,0
2026-04-07 21:30:00,0.79866,0.79945,0.79859,0.79918,857,19,0
2026-04-07 22:00:00,0.79919,0.79946,0.79833,0.79875,1921,21,0
2026-04-07 22:30:00,0.79876,0.79884,0.79735,0.79787,2244,19,0
2026-04-07 23:00:00,0.79785,0.79788,0.79719,0.79748,822,20,0
2026-04-07 23:30:00,0.79745,0.79873,0.79719,0.79763,807,24,0
2026-04-08 00:00:00,0.79764,0.7992,0.79681,0.7971,1476,80,0
2026-04-08 00:30:00,0.79713,0.79715,0.79654,0.79665,188,117,0
2026-04-08 01:00:00,0.79666,0.79698,0.79595,0.79666,1967,19,0
2026-04-08 01:30:00,0.79667,0.79829,0.79266,0.7928,4087,19,0
2026-04-08 02:00:00,0.79281,0.79336,0.79065,0.79127,4076,19,0
2026-04-08 02:30:00,0.79129,0.7918,0.79026,0.79036,2974,19,0
2026-04-08 03:00:00,0.79039,0.79132,0.78961,0.79104,4235,19,0
2026-04-08 03:30:00,0.79105,0.79164,0.7908,0.79115,2901,19,0
2026-04-08 04:00:00,0.79114,0.79117,0.78977,0.78986,2754,19,0
2026-04-08 04:30:00,0.78987,0.79047,0.78971,0.79007,2045,19,0
2026-04-08 05:00:00,0.79006,0.79054,0.78972,0.79031,1687,19,0
2026-04-08 05:30:00,0.79032,0.79058,0.79021,0.79027,1338,18,0
2026-04-08 06:00:00,0.79028,0.79061,0.78995,0.79046,1351,18,0
2026-04-08 06:30:00,0.79047,0.7906,0.79,0.79017,1354,19,0
2026-04-08 07:00:00,0.79016,0.79016,0.78948,0.78966,1195,19,0
2026-04-08 07:30:00,0.78968,0.7899,0.78913,0.78939,1168,19,0
2026-04-08 08:00:00,0.7894,0.78971,0.78886,0.78895,1717,19,0
2026-04-08 08:30:00,0.78894,0.78902,0.78784,0.78871,1888,19,0
2026-04-08 09:00:00,0.78872,0.78897,0.78718,0.78735,2357,19,0
2026-04-08 09:30:00,0.78736,0.78818,0.78733,0.78803,2017,19,0
2026-04-08 10:00:00,0.78802,0.78958,0.788,0.78847,2282,19,0
2026-04-08 10:30:00,0.78851,0.78856,0.78721,0.78757,1929,19,0
2026-04-08 11:00:00,0.78754,0.78821,0.7871,0.78799,1921,19,0
2026-04-08 11:30:00,0.788,0.78908,0.78785,0.78863,2082,19,0
2026-04-08 12:00:00,0.78863,0.78899,0.78823,0.78841,1474,19,0
2026-04-08 12:30:00,0.7884,0.78895,0.7881,0.78895,1720,19,0
2026-04-08 13:00:00,0.78894,0.78929,0.7888,0.78883,1338,19,0
2026-04-08 13:30:00,0.78884,0.78891,0.7882,0.78842,1354,18,0
2026-04-08 14:00:00,0.78843,0.78881,0.78742,0.78755,1675,18,0
2026-04-08 14:30:00,0.78754,0.78845,0.78743,0.78821,1939,18,0
2026-04-08 15:00:00,0.7882,0.789,0.78748,0.78824,3064,20,0
2026-04-08 15:30:00,0.78825,0.78827,0.78706,0.78742,2237,18,0
2026-04-08 16:00:00,0.7874,0.78822,0.78685,0.78815,2203,19,0
2026-04-08 16:30:00,0.78814,0.78977,0.78811,0.78914,3644,18,0
2026-04-08 17:00:00,0.78913,0.78949,0.78851,0.78908,3499,17,0
2026-04-08 17:30:00,0.78906,0.78966,0.78823,0.78843,3410,18,0
2026-04-08 18:00:00,0.78842,0.78976,0.78827,0.78958,2177,18,0
2026-04-08 18:30:00,0.78954,0.78987,0.78862,0.78986,1942,18,0
2026-04-08 19:00:00,0.78987,0.79036,0.7897,0.79012,1789,19,0
2026-04-08 19:30:00,0.79011,0.79028,0.7899,0.78991,1248,19,0
2026-04-08 20:00:00,0.7899,0.79064,0.7897,0.79057,1444,19,0
2026-04-08 20:30:00,0.79056,0.79092,0.79045,0.7908,1297,18,0
2026-04-08 21:00:00,0.79084,0.79134,0.79006,0.79106,2225,19,0
2026-04-08 21:30:00,0.79107,0.79254,0.79103,0.79245,1725,19,0
2026-04-08 22:00:00,0.79243,0.79251,0.79195,0.79205,1561,19,0
2026-04-08 22:30:00,0.79206,0.79208,0.79092,0.79102,1318,19,0
2026-04-08 23:00:00,0.79102,0.79143,0.79094,0.79132,625,19,0
2026-04-08 23:30:00,0.79132,0.79146,0.79053,0.79053,559,23,0
2026-04-09 00:00:00,0.79052,0.79189,0.79019,0.79069,155,80,0
2026-04-09 00:30:00,0.79067,0.79087,0.79045,0.79061,291,80,0
2026-04-09 01:00:00,0.7906,0.7913,0.79058,0.79107,569,19,0
2026-04-09 01:30:00,0.79107,0.79124,0.79073,0.79109,495,19,0
2026-04-09 02:00:00,0.79108,0.79132,0.79096,0.79131,518,19,0
2026-04-09 02:30:00,0.79132,0.79142,0.79108,0.79133,635,19,0
2026-04-09 03:00:00,0.79132,0.79189,0.79132,0.7917,1476,19,0
2026-04-09 03:30:00,0.79169,0.79177,0.79135,0.79157,1324,19,0
2026-04-09 04:00:00,0.79157,0.79206,0.79152,0.79191,1323,19,0
2026-04-09 04:30:00,0.79191,0.79196,0.79121,0.79134,1267,19,0
2026-04-09 05:00:00,0.79135,0.79155,0.79106,0.79111,1007,19,0
2026-04-09 05:30:00,0.79112,0.79116,0.7909,0.79101,927,19,0
2026-04-09 06:00:00,0.791,0.79122,0.79099,0.79104,778,19,0
2026-04-09 06:30:00,0.79104,0.79125,0.79077,0.79114,1077,19,0
2026-04-09 07:00:00,0.79113,0.79119,0.79049,0.79063,870,19,0
2026-04-09 07:30:00,0.79063,0.79104,0.79046,0.79101,684,19,0
2026-04-09 08:00:00,0.791,0.79143,0.79088,0.79118,827,19,0
2026-04-09 08:30:00,0.79118,0.79176,0.79108,0.79155,832,19,0
2026-04-09 09:00:00,0.79159,0.79211,0.79146,0.79193,989,19,0
2026-04-09 09:30:00,0.79194,0.79197,0.79117,0.79137,1516,19,0
2026-04-09 10:00:00,0.79138,0.79141,0.79067,0.79087,1687,19,0
2026-04-09 10:30:00,0.79088,0.79108,0.7906,0.79097,1273,19,0
2026-04-09 11:00:00,0.79098,0.7915,0.79054,0.79128,1113,19,0
2026-04-09 11:30:00,0.79128,0.79128,0.79054,0.79103,1175,19,0
2026-04-09 12:00:00,0.79102,0.79128,0.79081,0.79113,1064,19,0
2026-04-09 12:30:00,0.79114,0.7913,0.79086,0.79099,993,19,0
2026-04-09 13:00:00,0.79097,0.79132,0.79084,0.79112,1138,19,0
2026-04-09 13:30:00,0.79112,0.79162,0.79109,0.79157,868,19,0
2026-04-09 14:00:00,0.79158,0.79159,0.79077,0.79077,708,19,0
2026-04-09 14:30:00,0.79078,0.7909,0.79014,0.79034,1001,19,0
2026-04-09 15:00:00,0.79032,0.79084,0.79007,0.7905,1292,18,0
2026-04-09 15:30:00,0.79051,0.79094,0.79024,0.7904,1814,18,0
2026-04-09 16:00:00,0.79041,0.79051,0.78964,0.78974,1513,18,0
2026-04-09 16:30:00,0.78975,0.78979,0.78877,0.78947,2240,18,0
2026-04-09 17:00:00,0.78946,0.78983,0.7889,0.78897,1830,18,0
2026-04-09 17:30:00,0.78898,0.79067,0.78897,0.79042,2385,18,0
2026-04-09 18:00:00,0.79041,0.79111,0.78956,0.79004,2181,18,0
2026-04-09 18:30:00,0.79003,0.79007,0.78872,0.78883,2774,18,0
2026-04-09 19:00:00,0.78884,0.78894,0.78791,0.78802,1875,19,0
2026-04-09 19:30:00,0.78804,0.78853,0.78795,0.78839,1587,19,0
2026-04-09 20:00:00,0.78839,0.78843,0.78792,0.78822,1498,19,0
2026-04-09 20:30:00,0.78821,0.78882,0.78782,0.78876,1578,19,0
2026-04-09 21:00:00,0.78875,0.79018,0.78868,0.79018,2071,19,0
2026-04-09 21:30:00,0.79017,0.7905,0.79011,0.79047,1309,19,0
2026-04-09 22:00:00,0.79047,0.79049,0.78988,0.79009,1102,19,0
2026-04-09 22:30:00,0.79008,0.79045,0.78976,0.7904,1153,19,0
2026-04-09 23:00:00,0.79041,0.79049,0.7903,0.79039,672,19,0
2026-04-09 23:30:00,0.7904,0.79053,0.78917,0.78924,431,23,0
2026-04-10 00:00:00,0.78915,0.79015,0.78913,0.78959,166,80,0
2026-04-10 00:30:00,0.78954,0.78963,0.7892,0.78961,626,100,0
2026-04-10 01:00:00,0.78966,0.79049,0.7895,0.79019,724,19,0
2026-04-10 01:30:00,0.79018,0.79075,0.79009,0.79056,722,19,0
2026-04-10 02:00:00,0.79057,0.79071,0.79045,0.79071,368,19,0
2026-04-10 02:30:00,0.7907,0.79095,0.79062,0.79094,547,19,0
2026-04-10 03:00:00,0.79095,0.79128,0.79094,0.79124,1254,19,0
2026-04-10 03:30:00,0.79125,0.79129,0.79104,0.79115,1018,19,0
2026-04-10 04:00:00,0.79115,0.79124,0.79099,0.791,837,19,0
2026-04-10 04:30:00,0.79099,0.791,0.79021,0.79039,1100,19,0
2026-04-10 05:00:00,0.7904,0.79104,0.79037,0.79101,818,19,0
2026-04-10 05:30:00,0.791,0.79101,0.7905,0.79059,752,19,0
2026-04-10 06:00:00,0.79057,0.79062,0.79021,0.79023,560,19,0
2026-04-10 06:30:00,0.79023,0.79046,0.7901,0.79021,689,19,0
2026-04-10 07:00:00,0.79019,0.79028,0.79003,0.79016,725,19,0
2026-04-10 07:30:00,0.79015,0.7903,0.79005,0.79018,751,19,0
2026-04-10 08:00:00,0.79019,0.79053,0.79019,0.79046,676,19,0
2026-04-10 08:30:00,0.79045,0.79049,0.79018,0.79021,725,19,0
2026-04-10 09:00:00,0.7902,0.79059,0.78994,0.79039,749,19,0
2026-04-10 09:30:00,0.7904,0.79051,0.7897,0.79009,885,19,0
2026-04-10 10:00:00,0.7901,0.7901,0.78951,0.78982,1219,19,0
2026-04-10 10:30:00,0.78981,0.79048,0.78974,0.7904,1024,19,0
2026-04-10 11:00:00,0.79041,0.79056,0.78959,0.78969,1169,19,0
2026-04-10 11:30:00,0.78972,0.79013,0.78937,0.79001,964,19,0
2026-04-10 12:00:00,0.79,0.7903,0.78871,0.79029,1936,19,0
2026-04-10 12:30:00,0.79036,0.7905,0.7896,0.78972,1321,19,0
2026-04-10 13:00:00,0.78971,0.79025,0.78953,0.7897,1234,19,0
2026-04-10 13:30:00,0.78971,0.7898,0.78904,0.78928,1062,19,0
2026-04-10 14:00:00,0.78927,0.78928,0.7889,0.78921,936,20,0
2026-04-10 14:30:00,0.7892,0.7892,0.78861,0.78879,905,18,0
2026-04-10 15:00:00,0.7888,0.78893,0.78705,0.78785,1528,20,0
2026-04-10 15:30:00,0.78784,0.78863,0.78776,0.78822,2509,18,0
2026-04-10 16:00:00,0.7882,0.78827,0.78597,0.78623,1979,18,0
2026-04-10 16:30:00,0.78622,0.78719,0.78616,0.7867,1962,19,0
2026-04-10 17:00:00,0.78668,0.78679,0.78553,0.78554,2173,18,0
2026-04-10 17:30:00,0.78553,0.78992,0.78537,0.78879,4175,18,0
2026-04-10 18:00:00,0.78878,0.78879,0.78768,0.78803,2306,18,0
2026-04-10 18:30:00,0.78804,0.78943,0.78803,0.78942,1755,18,0
2026-04-10 19:00:00,0.78941,0.78944,0.78883,0.78916,1555,19,0
2026-04-10 19:30:00,0.78915,0.78996,0.78913,0.78937,1564,19,0
2026-04-10 20:00:00,0.78938,0.78978,0.78929,0.78947,1155,19,0
2026-04-10 20:30:00,0.78946,0.78953,0.78912,0.78942,1085,19,0
2026-04-10 21:00:00,0.78943,0.78963,0.78863,0.78867,1389,19,0
2026-04-10 21:30:00,0.78866,0.78871,0.78837,0.78859,1298,19,0
2026-04-10 22:00:00,0.78858,0.78885,0.78857,0.78883,1009,19,0
2026-04-10 22:30:00,0.78882,0.78917,0.78861,0.78915,922,19,0
2026-04-10 23:00:00,0.78914,0.78921,0.78889,0.78904,565,19,0
2026-04-10 23:30:00,0.78903,0.78915,0.78856,0.78895,815,23,0
2026-04-13 00:00:00,0.7901,0.79051,0.7898,0.78995,149,94,0
2026-04-13 00:30:00,0.78996,0.79076,0.78991,0.79041,218,118,0
2026-04-13 01:00:00,0.79042,0.79284,0.79037,0.79264,1388,19,0
2026-04-13 01:30:00,0.79263,0.79316,0.79245,0.79274,1445,19,0
2026-04-13 02:00:00,0.79274,0.79333,0.79266,0.79293,911,19,0
2026-04-13 02:30:00,0.79294,0.79299,0.79246,0.79249,1113,19,0
2026-04-13 03:00:00,0.7925,0.79288,0.79235,0.79257,1848,19,0
2026-04-13 03:30:00,0.79256,0.79266,0.79233,0.79234,1247,19,0
2026-04-13 04:00:00,0.79231,0.79242,0.79196,0.79239,1562,19,0
2026-04-13 04:30:00,0.79238,0.79262,0.79209,0.79215,1109,19,0
2026-04-13 05:00:00,0.79214,0.79216,0.79182,0.79191,825,19,0
2026-04-13 05:30:00,0.79191,0.79204,0.79171,0.79178,818,19,0
2026-04-13 06:00:00,0.79177,0.79201,0.79176,0.79189,773,19,0
2026-04-13 06:30:00,0.79188,0.79197,0.79165,0.79165,767,19,0
2026-04-13 07:00:00,0.79166,0.7918,0.79158,0.79172,740,19,0
2026-04-13 07:30:00,0.79172,0.79198,0.79166,0.7919,743,19,0
2026-04-13 08:00:00,0.79189,0.79219,0.79189,0.79197,781,19,0
2026-04-13 08:30:00,0.79198,0.79206,0.79174,0.79179,905,19,0
2026-04-13 09:00:00,0.79179,0.79188,0.79145,0.79168,1242,19,0
2026-04-13 09:30:00,0.79169,0.79215,0.79077,0.79078,1341,19,0
2026-04-13 10:00:00,0.79077,0.79083,0.78998,0.79006,1394,19,0
2026-04-13 10:30:00,0.79005,0.79024,0.78966,0.79001,998,19,0
2026-04-13 11:00:00,0.79002,0.79036,0.78968,0.78998,1036,19,0
2026-04-13 11:30:00,0.78997,0.79045,0.78984,0.79021,922,19,0
2026-04-13 12:00:00,0.7902,0.79042,0.78993,0.79021,830,19,0
2026-04-13 12:30:00,0.7902,0.79043,0.78986,0.79032,752,19,0
2026-04-13 13:00:00,0.79033,0.79041,0.79002,0.79026,707,19,0
2026-04-13 13:30:00,0.79023,0.7904,0.78955,0.78958,670,19,0
2026-04-13 14:00:00,0.78963,0.7899,0.78915,0.78949,898,20,0
2026-04-13 14:30:00,0.78948,0.79103,0.78943,0.79101,1207,20,0
2026-04-13 15:00:00,0.791,0.79109,0.7903,0.79036,1317,18,0
2026-04-13 15:30:00,0.79037,0.79043,0.78945,0.78949,1448,18,0
2026-04-13 16:00:00,0.78948,0.78982,0.78929,0.78945,1173,18,0
2026-04-13 16:30:00,0.78946,0.78984,0.78835,0.7888,2439,18,0
2026-04-13 17:00:00,0.78879,0.78919,0.78726,0.78736,2442,19,0
2026-04-13 17:30:00,0.78735,0.78761,0.78692,0.78745,1902,18,0
2026-04-13 18:00:00,0.78744,0.78792,0.78734,0.78758,1863,18,0
2026-04-13 18:30:00,0.78757,0.78782,0.78715,0.78748,1367,18,0
2026-04-13 19:00:00,0.78747,0.78761,0.78676,0.78683,1895,19,0
2026-04-13 19:30:00,0.78682,0.78684,0.7856,0.78575,2643,19,0
2026-04-13 20:00:00,0.78576,0.78581,0.78459,0.78476,1519,19,0
2026-04-13 20:30:00,0.78475,0.78528,0.78464,0.78525,1130,19,0
2026-04-13 21:00:00,0.78524,0.78525,0.78448,0.78462,1201,19,0
2026-04-13 21:30:00,0.78461,0.78462,0.78296,0.78302,1847,19,0
2026-04-13 22:00:00,0.78301,0.7838,0.78291,0.78348,1015,19,0
2026-04-13 22:30:00,0.78349,0.78378,0.78342,0.78364,1084,19,0
2026-04-13 23:00:00,0.78365,0.78381,0.78346,0.78376,573,19,0
2026-04-13 23:30:00,0.78377,0.78385,0.78287,0.78309,618,23,0
2026-04-14 00:00:00,0.78287,0.78362,0.78287,0.78313,79,80,0
2026-04-14 00:30:00,0.78313,0.78328,0.78294,0.78317,118,90,0
2026-04-14 08:30:00,0.78319,0.78325,0.78294,0.78295,143,19,0
2026-04-14 09:00:00,0.78296,0.78359,0.78263,0.7832,1032,19,0
2026-04-14 09:30:00,0.78319,0.78329,0.78215,0.78218,1109,19,0
2026-04-14 10:00:00,0.78219,0.7822,0.78016,0.78079,2402,19,0
2026-04-14 10:30:00,0.7808,0.78121,0.78004,0.78117,1759,19,0
2026-04-14 11:00:00,0.78116,0.78167,0.78102,0.78117,1489,19,0
2026-04-14 11:30:00,0.78117,0.78119,0.78039,0.78056,1314,19,0
2026-04-14 12:00:00,0.78057,0.78071,0.77994,0.78071,1293,19,0
2026-04-14 12:30:00,0.7807,0.78087,0.78009,0.78058,1024,19,0
2026-04-14 13:00:00,0.78058,0.78066,0.77999,0.78059,1305,19,0
2026-04-14 13:30:00,0.78058,0.7808,0.78036,0.78077,1011,18,0
2026-04-14 14:00:00,0.78076,0.78081,0.77989,0.77999,1172,18,0
2026-04-14 14:30:00,0.77999,0.78059,0.77984,0.78036,1527,18,0
2026-04-14 15:00:00,0.78037,0.78089,0.77941,0.77958,2119,18,0
2026-04-14 15:30:00,0.77964,0.78015,0.77959,0.77984,1919,18,0
2026-04-14 16:00:00,0.77985,0.78067,0.77959,0.78067,1836,18,0
2026-04-14 16:30:00,0.78068,0.78102,0.78001,0.7804,2206,18,0
2026-04-14 17:00:00,0.78041,0.78043,0.77893,0.77921,2815,18,0
2026-04-14 17:30:00,0.77922,0.77971,0.77908,0.77969,2321,18,0
2026-04-14 18:00:00,0.77968,0.78059,0.77968,0.78044,2437,18,0
2026-04-14 18:30:00,0.78043,0.78109,0.7802,0.78099,2004,18,0
2026-04-14 19:00:00,0.78098,0.78114,0.78054,0.78067,1446,19,0
2026-04-14 19:30:00,0.78071,0.78113,0.78059,0.7811,1155,19,0
2026-04-14 20:00:00,0.78109,0.78116,0.7805,0.78059,1053,19,0
2026-04-14 20:30:00,0.7806,0.78093,0.78049,0.78072,1016,19,0
2026-04-14 21:00:00,0.78073,0.78107,0.78057,0.78096,1172,19,0
2026-04-14 21:30:00,0.78096,0.78127,0.78083,0.78117,1142,19,0
2026-04-14 22:00:00,0.78116,0.78119,0.78102,0.78111,784,19,0
2026-04-14 22:30:00,0.78111,0.7813,0.781,0.7813,893,19,0
2026-04-14 23:00:00,0.78129,0.78131,0.78079,0.78089,607,19,0
2026-04-14 23:30:00,0.7809,0.78099,0.78029,0.78048,446,23,0
2026-04-15 00:00:00,0.7809,0.78091,0.78047,0.78069,93,80,0
2026-04-15 00:30:00,0.78064,0.78084,0.78038,0.78049,164,75,0
2026-04-15 01:00:00,0.78048,0.78086,0.78036,0.78084,544,19,0
2026-04-15 01:30:00,0.78083,0.78098,0.78075,0.7809,528,19,0
2026-04-15 02:00:00,0.7809,0.78104,0.78075,0.78076,415,19,0
2026-04-15 02:30:00,0.78075,0.78087,0.78048,0.78084,1162,19,0
2026-04-15 03:00:00,0.78083,0.78139,0.78081,0.78108,1146,19,0
2026-04-15 03:30:00,0.78107,0.78153,0.78086,0.78092,1217,19,0
2026-04-15 04:00:00,0.78092,0.78131,0.7806,0.78091,1388,19,0
2026-04-15 04:30:00,0.78091,0.78139,0.78074,0.78124,1163,19,0
2026-04-15 05:00:00,0.78124,0.78171,0.78102,0.78171,866,19,0
2026-04-15 05:30:00,0.7817,0.78191,0.78156,0.78162,1032,19,0
2026-04-15 06:00:00,0.78163,0.78181,0.78131,0.78133,791,19,0
2026-04-15 06:30:00,0.78134,0.78149,0.78115,0.78127,686,19,0
2026-04-15 07:00:00,0.78127,0.78136,0.78117,0.78128,593,19,0
2026-04-15 07:30:00,0.78127,0.78137,0.78096,0.7811,620,19,0
2026-04-15 08:00:00,0.78111,0.78121,0.7807,0.78101,983,19,0
2026-04-15 08:30:00,0.781,0.78122,0.78077,0.78078,1127,19,0
2026-04-15 09:00:00,0.78077,0.78124,0.78059,0.78097,920,19,0
2026-04-15 09:30:00,0.78095,0.78137,0.78094,0.78111,1139,19,0
2026-04-15 10:00:00,0.7811,0.78123,0.7807,0.78091,1348,19,0
2026-04-15 10:30:00,0.7809,0.78113,0.78055,0.78097,1040,19,0
2026-04-15 11:00:00,0.78096,0.78102,0.77975,0.78007,1291,19,0
2026-04-15 11:30:00,0.78006,0.781,0.78005,0.78062,912,19,0
2026-04-15 12:00:00,0.78061,0.78199,0.7806,0.78155,2164,19,0
2026-04-15 12:30:00,0.78153,0.78188,0.78136,0.78157,1179,19,0
2026-04-15 13:00:00,0.78158,0.78253,0.78134,0.78241,1605,19,0
2026-04-15 13:30:00,0.78244,0.78258,0.78173,0.7825,1397,19,0
2026-04-15 14:00:00,0.78251,0.78272,0.78215,0.78246,1057,18,0
2026-04-15 14:30:00,0.78245,0.78305,0.78217,0.78247,1595,18,0
2026-04-15 15:00:00,0.78248,0.78266,0.78214,0.7822,1639,18,0
2026-04-15 15:30:00,0.7822,0.78285,0.78205,0.78226,1478,18,0
2026-04-15 16:00:00,0.78227,0.7823,0.78117,0.78127,1650,18,0
2026-04-15 16:30:00,0.78128,0.78204,0.78118,0.78178,2006,18,0
2026-04-15 17:00:00,0.78179,0.782,0.78057,0.78064,2079,17,0
2026-04-15 17:30:00,0.78065,0.78154,0.78057,0.78137,1928,18,0
2026-04-15 18:00:00,0.78138,0.78162,0.78081,0.78118,1822,18,0
2026-04-15 18:30:00,0.78119,0.78151,0.78101,0.78145,1625,18,0
2026-04-15 19:00:00,0.78144,0.78149,0.78117,0.78134,1386,19,0
2026-04-15 19:30:00,0.78135,0.78165,0.78117,0.78155,1415,19,0
2026-04-15 20:00:00,0.78156,0.7817,0.78131,0.7817,1085,19,0
2026-04-15 20:30:00,0.78169,0.78229,0.78169,0.78206,1060,19,0
2026-04-15 21:00:00,0.78207,0.78217,0.78148,0.78165,1540,19,0
2026-04-15 21:30:00,0.78166,0.78175,0.78133,0.78168,1089,19,0
2026-04-15 22:00:00,0.78167,0.78174,0.78127,0.78161,816,19,0
2026-04-15 22:30:00,0.78162,0.78164,0.78148,0.7816,682,19,0
2026-04-15 23:00:00,0.7816,0.78183,0.7816,0.78183,509,19,0
2026-04-15 23:30:00,0.78184,0.78193,0.78154,0.78174,449,23,0
2026-04-16 00:00:00,0.78177,0.78246,0.78148,0.78168,388,84,0
2026-04-16 00:30:00,0.7816,0.78193,0.78127,0.78149,837,69,0
2026-04-16 01:00:00,0.78142,0.78172,0.78116,0.78156,655,19,0
2026-04-16 01:30:00,0.78156,0.78156,0.78135,0.7814,506,19,0
2026-04-16 02:00:00,0.7814,0.78146,0.78124,0.78142,508,19,0
2026-04-16 02:30:00,0.78141,0.78143,0.78109,0.7811,543,19,0
2026-04-16 03:00:00,0.78108,0.78145,0.78108,0.78112,1152,19,0
2026-04-16 03:30:00,0.78113,0.78132,0.78092,0.78095,1124,19,0
2026-04-16 04:00:00,0.78096,0.78109,0.78078,0.78095,1043,19,0
2026-04-16 04:30:00,0.78097,0.78154,0.78097,0.78115,1427,19,0
2026-04-16 05:00:00,0.78114,0.78129,0.781,0.78115,898,19,0
2026-04-16 05:30:00,0.78113,0.78113,0.78025,0.78029,1319,19,0
2026-04-16 06:00:00,0.78029,0.78032,0.77977,0.78017,1650,19,0
2026-04-16 06:30:00,0.78018,0.78044,0.78013,0.78042,1040,19,0
2026-04-16 07:00:00,0.78041,0.7806,0.78035,0.78053,1032,19,0
2026-04-16 07:30:00,0.78052,0.78074,0.78043,0.78074,796,19,0
2026-04-16 08:00:00,0.78073,0.78108,0.78059,0.78099,882,19,0
2026-04-16 08:30:00,0.781,0.78122,0.78083,0.78093,1042,18,0
2026-04-16 09:00:00,0.78092,0.7814,0.78089,0.78132,1042,19,0
2026-04-16 09:30:00,0.78133,0.78147,0.78062,0.78072,1072,19,0
2026-04-16 10:00:00,0.78073,0.78176,0.78052,0.78151,1465,19,0
2026-04-16 10:30:00,0.78152,0.78211,0.78145,0.78189,1210,19,0
2026-04-16 11:00:00,0.7819,0.78294,0.78179,0.78256,1588,19,0
2026-04-16 11:30:00,0.78259,0.78285,0.78201,0.78233,1142,19,0
2026-04-16 12:00:00,0.78234,0.78374,0.78223,0.78374,927,19,0
2026-04-16 12:30:00,0.78375,0.78391,0.78319,0.78365,1139,19,0
2026-04-16 13:00:00,0.78364,0.78427,0.78358,0.78422,820,19,0
2026-04-16 13:30:00,0.78423,0.78425,0.78367,0.78367,869,19,0
2026-04-16 14:00:00,0.78368,0.78368,0.78319,0.78341,1054,18,0
2026-04-16 14:30:00,0.78342,0.7835,0.78301,0.78317,1173,18,0
2026-04-16 15:00:00,0.78315,0.78376,0.78304,0.78348,1329,18,0
2026-04-16 15:30:00,0.78347,0.78372,0.78315,0.78342,1343,18,0
2026-04-16 16:00:00,0.78343,0.78356,0.78306,0.78332,1225,18,0
2026-04-16 16:30:00,0.78331,0.78365,0.78284,0.78312,2386,19,0
2026-04-16 17:00:00,0.78313,0.78358,0.78266,0.78282,1914,18,0
2026-04-16 17:30:00,0.78281,0.78384,0.78252,0.78378,2046,18,0
2026-04-16 18:00:00,0.78377,0.78403,0.78366,0.78386,1791,18,0
2026-04-16 18:30:00,0.78385,0.78411,0.78319,0.78322,1951,18,0
2026-04-16 19:00:00,0.78323,0.78347,0.78289,0.7834,1413,19,0
2026-04-16 19:30:00,0.78341,0.7842,0.78341,0.78385,2033,19,0
2026-04-16 20:00:00,0.78386,0.78418,0.78376,0.78396,1436,19,0
2026-04-16 20:30:00,0.78395,0.78447,0.78377,0.78433,1122,19,0
2026-04-16 21:00:00,0.78431,0.78431,0.78376,0.78384,1717,19,0
2026-04-16 21:30:00,0.78383,0.78389,0.78328,0.78328,1197,19,0
2026-04-16 22:00:00,0.78329,0.7833,0.78291,0.78294,991,19,0
2026-04-16 22:30:00,0.78293,0.78327,0.78281,0.78317,895,19,0
2026-04-16 23:00:00,0.78318,0.78345,0.78314,0.78329,667,19,0
2026-04-16 23:30:00,0.7833,0.78341,0.78299,0.78327,418,23,0
2026-04-17 00:00:00,0.78328,0.78328,0.78275,0.78285,80,80,0
2026-04-17 00:30:00,0.78285,0.78311,0.78273,0.78311,191,81,0
2026-04-17 01:00:00,0.78308,0.78333,0.7829,0.78324,458,19,0
2026-04-17 01:30:00,0.78325,0.78327,0.78317,0.78327,329,19,0
2026-04-17 02:00:00,0.78325,0.78337,0.78288,0.78302,425,19,0
2026-04-17 02:30:00,0.78303,0.78321,0.78291,0.78321,386,19,0
2026-04-17 03:00:00,0.7832,0.7834,0.78299,0.78299,973,19,0
2026-04-17 03:30:00,0.783,0.78322,0.78283,0.78311,959,19,0
2026-04-17 04:00:00,0.78311,0.78348,0.78309,0.7833,1009,19,0
2026-04-17 04:30:00,0.7833,0.78338,0.78316,0.78327,930,19,0
2026-04-17 05:00:00,0.78325,0.78375,0.7832,0.78351,733,19,0
2026-04-17 05:30:00,0.78352,0.78357,0.78334,0.78345,593,19,0
2026-04-17 06:00:00,0.78344,0.78376,0.7832,0.78376,669,19,0
2026-04-17 06:30:00,0.78375,0.78376,0.78307,0.78327,747,19,0
2026-04-17 07:00:00,0.78328,0.78328,0.78305,0.78319,753,19,0
2026-04-17 07:30:00,0.78319,0.78329,0.78311,0.7832,654,19,0
2026-04-17 08:00:00,0.78321,0.7834,0.7831,0.78321,880,19,0
2026-04-17 08:30:00,0.78322,0.78347,0.78303,0.78346,837,19,0
2026-04-17 09:00:00,0.78347,0.7835,0.78305,0.78345,969,19,0
2026-04-17 09:30:00,0.78346,0.78393,0.78336,0.78367,909,19,0
2026-04-17 10:00:00,0.78368,0.78369,0.7832,0.78342,1149,19,0
2026-04-17 10:30:00,0.78341,0.78351,0.78296,0.783,1115,19,0
2026-04-17 11:00:00,0.78301,0.78333,0.78282,0.78286,915,19,0
2026-04-17 11:30:00,0.78287,0.78305,0.78205,0.7821,1001,19,0
2026-04-17 12:00:00,0.78209,0.78254,0.78191,0.78199,885,19,0
2026-04-17 12:30:00,0.782,0.78238,0.78188,0.78237,946,19,0
2026-04-17 13:00:00,0.78238,0.78243,0.78196,0.78229,875,19,0
2026-04-17 13:30:00,0.7823,0.78255,0.78221,0.78242,732,19,0
2026-04-17 14:00:00,0.78241,0.78261,0.78225,0.78236,736,18,0
2026-04-17 14:30:00,0.78235,0.78262,0.78221,0.78243,970,18,0
2026-04-17 15:00:00,0.78242,0.78255,0.78167,0.78186,1500,18,0
2026-04-17 15:30:00,0.78187,0.78187,0.77895,0.7792,3589,19,0
2026-04-17 16:00:00,0.77919,0.77966,0.77766,0.77953,3904,20,0
2026-04-17 16:30:00,0.77955,0.77976,0.77824,0.77875,4005,18,0
2026-04-17 17:00:00,0.77874,0.77883,0.77744,0.77803,3517,18,0
2026-04-17 17:30:00,0.77805,0.77882,0.77769,0.7788,3027,18,0
2026-04-17 18:00:00,0.77878,0.77951,0.77852,0.77942,3649,18,0
2026-04-17 18:30:00,0.77941,0.77962,0.77882,0.77957,2518,18,0
2026-04-17 19:00:00,0.77958,0.77977,0.77877,0.77917,1898,19,0
2026-04-17 19:30:00,0.77916,0.7795,0.77894,0.77948,1267,19,0
2026-04-17 20:00:00,0.77946,0.78041,0.77944,0.77996,2454,19,0
2026-04-17 20:30:00,0.77997,0.78009,0.77937,0.7794,1415,19,0
2026-04-17 21:00:00,0.77939,0.77986,0.77929,0.77976,1458,19,0
2026-04-17 21:30:00,0.77974,0.781,0.77946,0.78064,1866,19,0
2026-04-17 22:00:00,0.78063,0.78077,0.7802,0.78076,1122,19,0
2026-04-17 22:30:00,0.78077,0.78137,0.78067,0.78121,1209,19,0
2026-04-17 23:00:00,0.78123,0.78158,0.78097,0.78153,750,19,0
2026-04-17 23:30:00,0.78154,0.78175,0.78113,0.78119,804,23,0
2026-04-20 00:00:00,0.78102,0.78116,0.7805,0.78103,98,94,0
2026-04-20 00:30:00,0.78097,0.78246,0.78082,0.78246,223,94,0
2026-04-20 01:00:00,0.78247,0.78386,0.78241,0.78367,1204,19,0
2026-04-20 01:30:00,0.78365,0.78368,0.78327,0.7834,982,19,0
2026-04-20 02:00:00,0.78339,0.78342,0.7829,0.78325,955,19,0
2026-04-20 02:30:00,0.78327,0.78381,0.7831,0.78365,1312,19,0
2026-04-20 03:00:00,0.78366,0.78379,0.7825,0.78259,2273,19,0
2026-04-20 03:30:00,0.7826,0.78274,0.78239,0.78255,1394,19,0
2026-04-20 04:00:00,0.78254,0.783,0.78238,0.78292,1580,19,0
2026-04-20 04:30:00,0.78291,0.78294,0.7821,0.78241,1480,19,0
2026-04-20 05:00:00,0.78241,0.78249,0.78208,0.78208,1227,19,0
2026-04-20 05:30:00,0.78208,0.78261,0.78203,0.78249,1045,19,0
2026-04-20 06:00:00,0.7825,0.78263,0.78226,0.78231,918,19,0
2026-04-20 06:30:00,0.78232,0.78232,0.78197,0.78219,894,19,0
2026-04-20 07:00:00,0.78218,0.78245,0.78203,0.78238,909,19,0
2026-04-20 07:30:00,0.78239,0.78258,0.78223,0.78239,920,19,0
2026-04-20 08:00:00,0.78238,0.78278,0.78234,0.78277,1033,19,0
2026-04-20 08:30:00,0.78278,0.78327,0.78271,0.78289,1515,19,0
2026-04-20 09:00:00,0.78288,0.78343,0.7828,0.78305,1450,19,0
2026-04-20 09:30:00,0.78306,0.78306,0.78179,0.78189,1693,19,0
2026-04-20 10:00:00,0.7819,0.78223,0.78123,0.7818,1690,19,0
2026-04-20 10:30:00,0.78179,0.78253,0.78177,0.78212,1686,19,0
2026-04-20 11:00:00,0.78211,0.78224,0.78163,0.78188,1643,19,0
2026-04-20 11:30:00,0.78188,0.78224,0.78163,0.78189,1306,19,0
2026-04-20 12:00:00,0.78188,0.78188,0.78139,0.78171,1580,19,0
2026-04-20 12:30:00,0.78172,0.78173,0.78112,0.78128,1051,19,0
2026-04-20 13:00:00,0.78129,0.78141,0.78092,0.78134,1142,19,0
2026-04-20 13:30:00,0.78133,0.7814,0.781,0.78103,849,19,0
2026-04-20 14:00:00,0.78102,0.78115,0.78073,0.78099,1045,18,0
2026-04-20 14:30:00,0.78097,0.78125,0.78067,0.78116,1198,18,0
2026-04-20 15:00:00,0.78115,0.78185,0.78099,0.78156,1577,17,0
2026-04-20 15:30:00,0.78155,0.78159,0.78051,0.78085,1331,18,0
2026-04-20 16:00:00,0.78086,0.7811,0.77957,0.7796,1986,18,0
2026-04-20 16:30:00,0.77959,0.77993,0.77928,0.77977,2139,18,0
2026-04-20 17:00:00,0.77977,0.78056,0.7796,0.7796,2048,18,0
2026-04-20 17:30:00,0.77961,0.78107,0.77828,0.77831,3746,18,0
2026-04-20 18:00:00,0.77832,0.77906,0.77756,0.77771,3235,18,0
2026-04-20 18:30:00,0.7777,0.77836,0.77749,0.77805,1807,18,0
2026-04-20 19:00:00,0.77803,0.77816,0.77787,0.77808,1443,19,0
2026-04-20 19:30:00,0.77809,0.77847,0.77801,0.77811,1145,19,0
2026-04-20 20:00:00,0.77811,0.7785,0.77786,0.77849,1049,19,0
2026-04-20 20:30:00,0.77848,0.77863,0.77825,0.77836,1127,19,0
2026-04-20 21:00:00,0.77835,0.77839,0.77787,0.77823,1342,19,0
2026-04-20 21:30:00,0.77824,0.77876,0.77822,0.77865,1226,19,0
2026-04-20 22:00:00,0.77866,0.77869,0.77812,0.77822,756,19,0
2026-04-20 22:30:00,0.77821,0.77835,0.7781,0.77835,880,19,0
2026-04-20 23:00:00,0.77836,0.7784,0.77816,0.77831,538,19,0
2026-04-20 23:30:00,0.77831,0.77847,0.77788,0.77795,495,23,0
2026-04-21 00:00:00,0.77788,0.77923,0.77788,0.77826,388,80,0
2026-04-21 00:30:00,0.77827,0.77829,0.77778,0.77791,379,74,0
2026-04-21 01:00:00,0.77775,0.77824,0.77775,0.7781,1064,19,0
2026-04-21 01:30:00,0.77812,0.77821,0.77787,0.77793,477,19,0
2026-04-21 02:00:00,0.77794,0.77835,0.7779,0.77832,448,19,0
2026-04-21 02:30:00,0.77833,0.77852,0.77828,0.77843,566,19,0
2026-04-21 03:00:00,0.77844,0.77873,0.77842,0.77862,1174,19,0
2026-04-21 03:30:00,0.77864,0.77879,0.77832,0.77854,1338,19,0
2026-04-21 04:00:00,0.7785,0.77869,0.77838,0.77849,919,19,0
2026-04-21 04:30:00,0.77849,0.77873,0.77829,0.77864,1031,19,0
2026-04-21 05:00:00,0.77867,0.77903,0.77858,0.77888,814,19,0
2026-04-21 05:30:00,0.77888,0.77909,0.77871,0.77875,765,19,0
2026-04-21 06:00:00,0.77875,0.77934,0.77871,0.77905,776,19,0
2026-04-21 06:30:00,0.77905,0.77938,0.77904,0.77923,794,19,0
2026-04-21 07:00:00,0.77924,0.77932,0.77916,0.77921,459,19,0
2026-04-21 07:30:00,0.7792,0.77926,0.77913,0.77922,542,19,0
2026-04-21 08:00:00,0.77923,0.77924,0.77843,0.7785,865,19,0
2026-04-21 08:30:00,0.77851,0.7787,0.77838,0.77861,809,18,0
2026-04-21 09:00:00,0.77865,0.77907,0.77863,0.77884,998,19,0
2026-04-21 09:30:00,0.77883,0.77909,0.77864,0.77881,1119,19,0
2026-04-21 10:00:00,0.77883,0.77928,0.77871,0.77907,1602,19,0
2026-04-21 10:30:00,0.77906,0.77956,0.77874,0.77943,1493,19,0
2026-04-21 11:00:00,0.77942,0.78063,0.77932,0.78024,1887,19,0
2026-04-21 11:30:00,0.78023,0.78038,0.78,0.78028,1027,19,0
2026-04-21 12:00:00,0.78029,0.78051,0.77987,0.78031,1044,19,0
2026-04-21 12:30:00,0.78032,0.78042,0.77932,0.7797,997,19,0
2026-04-21 13:00:00,0.77969,0.77998,0.77969,0.77994,900,19,0
2026-04-21 13:30:00,0.77995,0.78004,0.77975,0.77982,742,19,0
2026-04-21 14:00:00,0.77983,0.7802,0.7794,0.7794,1185,18,0
2026-04-21 14:30:00,0.77941,0.77966,0.77908,0.77914,925,18,0
2026-04-21 15:00:00,0.77915,0.78002,0.77906,0.77997,1265,17,0
2026-04-21 15:30:00,0.77996,0.78023,0.7796,0.77994,1985,18,0
2026-04-21 16:00:00,0.77994,0.78007,0.77945,0.77945,1387,18,0
2026-04-21 16:30:00,0.77944,0.77959,0.77887,0.77904,1927,17,0
2026-04-21 17:00:00,0.77907,0.77919,0.77853,0.7788,1682,18,0
2026-04-21 17:30:00,0.7788,0.77992,0.77819,0.77964,2663,18,0
2026-04-21 18:00:00,0.77965,0.78031,0.7792,0.78023,2369,18,0
2026-04-21 18:30:00,0.78022,0.78063,0.77992,0.77996,1773,18,0
2026-04-21 19:00:00,0.77997,0.78062,0.77969,0.7806,1665,19,0
2026-04-21 19:30:00,0.78061,0.78089,0.78036,0.78076,1367,19,0
2026-04-21 20:00:00,0.78077,0.78251,0.78075,0.78164,2294,19,0
2026-04-21 20:30:00,0.78163,0.78166,0.7795,0.78079,2860,19,0
2026-04-21 21:00:00,0.78078,0.78169,0.78045,0.78136,2263,19,0
2026-04-21 21:30:00,0.78135,0.7814,0.78041,0.78066,1829,19,0
2026-04-21 22:00:00,0.78064,0.78065,0.77989,0.78012,2123,19,0
2026-04-21 22:30:00,0.78011,0.78233,0.78007,0.78202,3398,19,0
2026-04-21 23:00:00,0.78201,0.78221,0.78006,0.78046,2518,19,0
2026-04-21 23:30:00,0.78047,0.78089,0.78025,0.7803,937,23,0
2026-04-22 00:00:00,0.78032,0.78135,0.77982,0.78061,256,83,0
2026-04-22 00:30:00,0.7806,0.78074,0.78023,0.78038,257,95,0
2026-04-22 01:00:00,0.78037,0.7809,0.78033,0.78075,541,19,0
2026-04-22 01:30:00,0.78076,0.78095,0.78073,0.78091,557,19,0
2026-04-22 02:00:00,0.78092,0.78102,0.78064,0.78067,500,19,0
2026-04-22 02:30:00,0.78068,0.78076,0.78036,0.78036,544,19,0
2026-04-22 03:00:00,0.78037,0.7804,0.77982,0.77999,1570,19,0
2026-04-22 03:30:00,0.78,0.78052,0.77984,0.7803,1251,19,0
2026-04-22 04:00:00,0.78029,0.78089,0.78023,0.78072,1292,19,0
2026-04-22 04:30:00,0.78071,0.78073,0.78027,0.78041,1280,19,0
2026-04-22 05:00:00,0.78042,0.78048,0.78018,0.78023,1127,19,0
2026-04-22 05:30:00,0.78023,0.78075,0.78022,0.7807,1021,19,0
2026-04-22 06:00:00,0.78069,0.78077,0.78045,0.78052,971,19,0
2026-04-22 06:30:00,0.78053,0.78075,0.78041,0.78066,919,19,0
2026-04-22 07:00:00,0.78067,0.78068,0.78048,0.78064,843,19,0
2026-04-22 07:30:00,0.78064,0.78076,0.78041,0.78066,937,19,0
2026-04-22 08:00:00,0.78065,0.78067,0.77911,0.7793,1743,19,0
2026-04-22 08:30:00,0.77931,0.77973,0.77931,0.77965,1096,18,0
2026-04-22 09:00:00,0.77967,0.78007,0.77943,0.77943,1089,19,0
2026-04-22 09:30:00,0.77944,0.78013,0.77937,0.77991,998,19,0
2026-04-22 10:00:00,0.77993,0.77999,0.77949,0.77995,1370,19,0
2026-04-22 10:30:00,0.77994,0.78003,0.77954,0.77965,1064,19,0
2026-04-22 11:00:00,0.77967,0.78005,0.77933,0.7798,1444,19,0
2026-04-22 11:30:00,0.77981,0.78018,0.77968,0.77994,1276,19,0
2026-04-22 12:00:00,0.77993,0.78022,0.7797,0.78012,1227,19,0
2026-04-22 12:30:00,0.78011,0.78121,0.7801,0.78104,1036,19,0
2026-04-22 13:00:00,0.78103,0.78129,0.78069,0.78079,1093,19,0
2026-04-22 13:30:00,0.7808,0.78096,0.7806,0.78081,926,19,0
2026-04-22 14:00:00,0.7808,0.78145,0.7808,0.78134,991,18,0
2026-04-22 14:30:00,0.78133,0.78193,0.78122,0.78176,1311,18,0
2026-04-22 15:00:00,0.78176,0.78212,0.7814,0.78208,1475,18,0
2026-04-22 15:30:00,0.78209,0.78311,0.782,0.78297,1513,18,0
2026-04-22 16:00:00,0.78297,0.78298,0.78167,0.78211,2053,18,0
2026-04-22 16:30:00,0.7821,0.78246,0.78163,0.78212,2110,18,0
2026-04-22 17:00:00,0.78211,0.78236,0.78176,0.78201,1773,18,0
2026-04-22 17:30:00,0.78206,0.78314,0.782,0.78295,2230,18,0
2026-04-22 18:00:00,0.78296,0.78347,0.78254,0.78257,1551,18,0
2026-04-22 18:30:00,0.78256,0.78344,0.78256,0.78342,1739,18,0
2026-04-22 19:00:00,0.78335,0.78377,0.78321,0.78352,1317,19,0
2026-04-22 19:30:00,0.78352,0.78385,0.7833,0.78382,1353,19,0
2026-04-22 20:00:00,0.78381,0.78388,0.78337,0.78338,1330,19,0
2026-04-22 20:30:00,0.78339,0.78414,0.78333,0.7841,1218,19,0
2026-04-22 21:00:00,0.7841,0.78448,0.78388,0.78419,1007,19,0
2026-04-22 21:30:00,0.78419,0.7843,0.78401,0.78422,810,19,0
2026-04-22 22:00:00,0.78422,0.78447,0.78417,0.78427,999,19,0
2026-04-22 22:30:00,0.7843,0.78482,0.78428,0.78469,704,19,0
2026-04-22 23:00:00,0.78471,0.78482,0.78455,0.78465,675,19,0
2026-04-22 23:30:00,0.78462,0.78487,0.78427,0.78428,798,23,0
2026-04-23 00:00:00,0.78429,0.78429,0.78228,0.78398,101,80,0
2026-04-23 00:30:00,0.78398,0.78412,0.78374,0.7839,245,80,0
2026-04-23 01:00:00,0.78392,0.78458,0.78392,0.78452,348,19,0
2026-04-23 01:30:00,0.78453,0.78468,0.78445,0.78454,456,19,0
2026-04-23 02:00:00,0.78452,0.78474,0.78452,0.78464,431,19,0
2026-04-23 02:30:00,0.78462,0.78482,0.78454,0.78476,497,19,0
2026-04-23 03:00:00,0.78477,0.78579,0.78433,0.78435,3281,19,0
2026-04-23 03:30:00,0.78434,0.78439,0.78404,0.7842,1746,19,0
2026-04-23 04:00:00,0.78417,0.78439,0.78404,0.78438,1028,19,0
2026-04-23 04:30:00,0.78437,0.78455,0.78417,0.7845,1210,19,0
2026-04-23 05:00:00,0.78451,0.78494,0.78443,0.78488,1465,19,0
2026-04-23 05:30:00,0.78488,0.78552,0.78471,0.78547,1327,19,0
2026-04-23 06:00:00,0.78547,0.78561,0.78517,0.78553,1616,19,0
2026-04-23 06:30:00,0.78554,0.78571,0.7854,0.78563,1060,19,0
2026-04-23 07:00:00,0.78562,0.78569,0.78542,0.78553,869,19,0
2026-04-23 07:30:00,0.78554,0.78555,0.78531,0.78543,835,19,0
2026-04-23 08:00:00,0.78542,0.78546,0.7853,0.78538,776,19,0
2026-04-23 08:30:00,0.78537,0.78545,0.78491,0.78491,972,19,0
2026-04-23 09:00:00,0.78491,0.78517,0.78473,0.7849,823,19,0
2026-04-23 09:30:00,0.78489,0.78493,0.78422,0.78446,1110,19,0
2026-04-23 10:00:00,0.78444,0.78493,0.78402,0.78481,1266,18,0
2026-04-23 10:30:00,0.78493,0.78509,0.78428,0.78458,1420,19,0
2026-04-23 11:00:00,0.78459,0.78474,0.78396,0.78421,1215,19,0
2026-04-23 11:30:00,0.7841,0.78463,0.78398,0.78404,1389,19,0
2026-04-23 12:00:00,0.78407,0.78489,0.78399,0.78466,1459,19,0
2026-04-23 12:30:00,0.78463,0.78514,0.78454,0.78514,1193,19,0
2026-04-23 13:00:00,0.78515,0.7858,0.78487,0.78549,1067,19,0
2026-04-23 13:30:00,0.78548,0.78562,0.78513,0.78541,1093,19,0
2026-04-23 14:00:00,0.7854,0.78562,0.78524,0.78529,907,18,0
2026-04-23 14:30:00,0.78528,0.78545,0.78412,0.78445,1663,18,0
2026-04-23 15:00:00,0.78445,0.78542,0.78416,0.78517,2028,18,0
2026-04-23 15:30:00,0.78516,0.78562,0.78477,0.78536,2089,18,0
2026-04-23 16:00:00,0.78537,0.78585,0.78519,0.78543,1620,18,0
2026-04-23 16:30:00,0.78544,0.78628,0.78509,0.78544,2228,18,0
2026-04-23 17:00:00,0.78545,0.78566,0.78403,0.78433,2175,18,0
2026-04-23 17:30:00,0.78432,0.78452,0.78309,0.78347,2460,18,0
2026-04-23 18:00:00,0.78346,0.78402,0.78322,0.78356,1812,18,0
2026-04-23 18:30:00,0.78359,0.78432,0.78352,0.78417,1673,18,0
2026-04-23 19:00:00,0.78418,0.78472,0.78416,0.78456,1339,19,0
2026-04-23 19:30:00,0.78457,0.78478,0.78438,0.78452,1165,19,0
2026-04-23 20:00:00,0.78451,0.78673,0.78451,0.78622,3505,19,0
2026-04-23 20:30:00,0.78621,0.78727,0.78556,0.78556,4357,19,0
2026-04-23 21:00:00,0.78558,0.78572,0.78481,0.78523,3024,19,0
2026-04-23 21:30:00,0.78523,0.78597,0.78499,0.78597,1825,19,0
2026-04-23 22:00:00,0.78596,0.78625,0.78585,0.78616,1439,19,0
2026-04-23 22:30:00,0.78614,0.7865,0.78603,0.78622,1503,19,0
2026-04-23 23:00:00,0.78623,0.78645,0.78618,0.78628,838,19,0
2026-04-23 23:30:00,0.78627,0.78638,0.78569,0.78587,501,23,0
2026-04-24 00:00:00,0.78495,0.78587,0.78448,0.78529,269,82,0
2026-04-24 00:30:00,0.78512,0.78585,0.78512,0.78584,217,80,0
2026-04-24 01:00:00,0.78581,0.7863,0.78573,0.78615,524,19,0
2026-04-24 01:30:00,0.78614,0.78625,0.78612,0.78622,425,19,0
2026-04-24 02:00:00,0.78622,0.78648,0.78619,0.78625,302,19,0
2026-04-24 02:30:00,0.78626,0.78634,0.78609,0.7862,467,19,0
2026-04-24 03:00:00,0.78621,0.78632,0.78572,0.78591,1283,19,0
2026-04-24 03:30:00,0.78592,0.78647,0.7858,0.78618,1335,19,0
2026-04-24 04:00:00,0.78617,0.78635,0.78599,0.78617,1294,19,0
2026-04-24 04:30:00,0.78618,0.78641,0.78595,0.78596,1281,19,0
2026-04-24 05:00:00,0.78598,0.78664,0.78597,0.78653,998,19,0
2026-04-24 05:30:00,0.78654,0.78677,0.78629,0.7867,938,19,0
2026-04-24 06:00:00,0.78669,0.78707,0.78661,0.78706,1053,19,0
2026-04-24 06:30:00,0.78705,0.78722,0.78673,0.78688,978,19,0
2026-04-24 07:00:00,0.78689,0.78718,0.78673,0.78691,799,19,0
2026-04-24 07:30:00,0.78692,0.78694,0.7866,0.78687,835,19,0
2026-04-24 08:00:00,0.78685,0.78708,0.78673,0.78677,1060,19,0
2026-04-24 08:30:00,0.78675,0.78681,0.78658,0.78676,905,18,0
2026-04-24 09:00:00,0.78677,0.78707,0.78658,0.78704,788,19,0
2026-04-24 09:30:00,0.78703,0.78739,0.78671,0.78727,981,19,0
2026-04-24 10:00:00,0.78728,0.78756,0.78705,0.78728,898,19,0
2026-04-24 10:30:00,0.78729,0.7875,0.78635,0.78653,945,19,0
2026-04-24 11:00:00,0.78654,0.78692,0.78568,0.78624,1402,19,0
2026-04-24 11:30:00,0.78625,0.78652,0.78582,0.78598,992,19,0
2026-04-24 12:00:00,0.78599,0.78643,0.78587,0.7864,1081,19,0
2026-04-24 12:30:00,0.78642,0.78693,0.78635,0.78685,983,19,0
2026-04-24 13:00:00,0.78686,0.78703,0.78625,0.7863,815,19,0
2026-04-24 13:30:00,0.78631,0.78639,0.78573,0.78575,850,18,0
2026-04-24 14:00:00,0.78574,0.78629,0.78515,0.78525,2788,18,0
2026-04-24 14:30:00,0.78526,0.78567,0.78511,0.78515,1603,18,0
2026-04-24 15:00:00,0.78514,0.78542,0.78483,0.7854,1701,18,0
2026-04-24 15:30:00,0.78541,0.78662,0.78541,0.78598,1615,18,0
2026-04-24 16:00:00,0.78597,0.78668,0.7858,0.78649,1477,18,0
2026-04-24 16:30:00,0.7865,0.78735,0.7865,0.7866,2053,18,0
2026-04-24 17:00:00,0.78662,0.78693,0.78535,0.78554,2653,18,0
2026-04-24 17:30:00,0.78553,0.78616,0.78524,0.78611,2066,18,0
2026-04-24 18:00:00,0.78612,0.78616,0.78562,0.78593,1628,18,0
2026-04-24 18:30:00,0.78588,0.78617,0.78447,0.78464,2508,18,0
2026-04-24 19:00:00,0.78463,0.78513,0.78454,0.78494,1472,19,0
2026-04-24 19:30:00,0.78495,0.78511,0.78472,0.78474,1322,19,0
2026-04-24 20:00:00,0.78473,0.78515,0.78451,0.78511,1149,19,0
2026-04-24 20:30:00,0.7851,0.78533,0.7848,0.78533,1112,19,0
2026-04-24 21:00:00,0.78532,0.78548,0.78521,0.78538,1023,19,0
2026-04-24 21:30:00,0.78536,0.78546,0.78496,0.78511,846,19,0
2026-04-24 22:00:00,0.78513,0.78522,0.78483,0.78505,708,19,0
2026-04-24 22:30:00,0.78506,0.78517,0.78486,0.78491,748,19,0
2026-04-24 23:00:00,0.78492,0.78497,0.78459,0.78471,485,22,0
2026-04-24 23:30:00,0.7847,0.78487,0.78426,0.78429,552,24,0
2026-04-27 00:00:00,0.78627,0.7863,0.78592,0.78596,46,120,0
2026-04-27 00:30:00,0.78603,0.78611,0.78491,0.78495,293,120,0
2026-04-27 01:00:00,0.78493,0.78626,0.78467,0.78611,1135,19,0
2026-04-27 01:30:00,0.78612,0.78629,0.78598,0.78612,440,19,0
2026-04-27 02:00:00,0.78613,0.78634,0.78603,0.78633,410,19,0
2026-04-27 02:30:00,0.78634,0.78647,0.78627,0.78636,617,19,0
2026-04-27 03:00:00,0.78635,0.78637,0.78598,0.78603,1293,19,0
2026-04-27 03:30:00,0.78604,0.7861,0.78553,0.78557,1040,19,0
2026-04-27 04:00:00,0.78555,0.78557,0.78467,0.78519,2032,19,0
2026-04-27 04:30:00,0.78518,0.78531,0.78471,0.78491,1289,19,0
2026-04-27 05:00:00,0.78489,0.78512,0.78474,0.78493,1062,19,0
2026-04-27 05:30:00,0.78494,0.78497,0.78461,0.78475,1064,19,0
2026-04-27 06:00:00,0.78475,0.78478,0.78448,0.78459,923,19,0
2026-04-27 06:30:00,0.78458,0.78462,0.78429,0.78459,865,19,0
2026-04-27 07:00:00,0.78458,0.7846,0.78435,0.78437,754,19,0
2026-04-27 07:30:00,0.78438,0.78476,0.78428,0.78467,859,19,0
2026-04-27 08:00:00,0.78467,0.78482,0.7846,0.7847,891,19,0
2026-04-27 08:30:00,0.78469,0.78513,0.78469,0.78506,1073,19,0
2026-04-27 09:00:00,0.78505,0.78559,0.78504,0.78548,1051,19,0
2026-04-27 09:30:00,0.78549,0.78555,0.78484,0.78485,928,19,0
2026-04-27 10:00:00,0.78487,0.785,0.78456,0.78493,1124,19,0
2026-04-27 10:30:00,0.78494,0.78512,0.78438,0.78467,1193,19,0
2026-04-27 11:00:00,0.78466,0.78472,0.7839,0.78409,1298,19,0
2026-04-27 11:30:00,0.7841,0.78412,0.78329,0.78346,1006,19,0
2026-04-27 12:00:00,0.78347,0.78402,0.78335,0.78371,924,19,0
2026-04-27 12:30:00,0.78372,0.78417,0.78351,0.78411,944,19,0
2026-04-27 13:00:00,0.78412,0.78436,0.78399,0.78415,695,19,0
2026-04-27 13:30:00,0.78416,0.78427,0.78388,0.7841,898,19,0
2026-04-27 14:00:00,0.78409,0.78449,0.78389,0.78437,1002,19,0
2026-04-27 14:30:00,0.78438,0.7849,0.78429,0.7846,830,18,0
2026-04-27 15:00:00,0.78457,0.78466,0.78346,0.78391,1328,18,0
2026-04-27 15:30:00,0.78393,0.78444,0.78381,0.78439,1230,18,0
2026-04-27 16:00:00,0.78438,0.78449,0.7836,0.7839,1578,18,0
2026-04-27 16:30:00,0.7839,0.78471,0.78385,0.78451,1868,18,0
2026-04-27 17:00:00,0.7845,0.78459,0.78377,0.784,1534,18,0
2026-04-27 17:30:00,0.78401,0.78423,0.78299,0.78417,1802,18,0
2026-04-27 18:00:00,0.78419,0.78477,0.78407,0.78461,1678,18,0
2026-04-27 18:30:00,0.78461,0.78471,0.78432,0.78439,1138,18,0
2026-04-27 19:00:00,0.7844,0.78499,0.78437,0.78495,945,19,0
2026-04-27 19:30:00,0.78496,0.78528,0.78482,0.78523,854,19,0
2026-04-27 20:00:00,0.78524,0.78592,0.78517,0.7856,1037,19,0
2026-04-27 20:30:00,0.78561,0.78561,0.78503,0.78545,832,19,0
2026-04-27 21:00:00,0.78544,0.78559,0.78524,0.7854,733,19,0
2026-04-27 21:30:00,0.78538,0.78555,0.78519,0.78549,806,19,0
2026-04-27 22:00:00,0.7855,0.78551,0.78516,0.78525,577,19,0
2026-04-27 22:30:00,0.78524,0.78561,0.78515,0.78561,721,19,0
2026-04-27 23:00:00,0.78559,0.7857,0.78548,0.78557,387,22,0
2026-04-27 23:30:00,0.78556,0.78559,0.78484,0.78505,420,23,0
2026-04-28 00:00:00,0.78455,0.78487,0.78414,0.78473,138,80,0
2026-04-28 00:30:00,0.78475,0.78495,0.78429,0.78491,227,80,0
2026-04-28 01:00:00,0.78492,0.78538,0.78475,0.78528,742,19,0
2026-04-28 01:30:00,0.78527,0.78529,0.78494,0.78528,458,19,0
2026-04-28 02:00:00,0.78529,0.78537,0.78519,0.78527,355,19,0
2026-04-28 02:30:00,0.78528,0.78535,0.78517,0.7852,365,19,0
2026-04-28 03:00:00,0.78519,0.78552,0.78478,0.78543,1448,19,0
2026-04-28 03:30:00,0.78544,0.7858,0.78541,0.78576,1263,19,0
2026-04-28 04:00:00,0.78575,0.78621,0.78575,0.78608,1396,19,0
2026-04-28 04:30:00,0.78609,0.78656,0.7859,0.78648,1285,19,0
2026-04-28 05:00:00,0.78649,0.78661,0.78637,0.78659,1002,19,0
2026-04-28 05:30:00,0.7866,0.78677,0.78654,0.7867,985,19,0
2026-04-28 06:00:00,0.7867,0.78677,0.78624,0.78627,1467,19,0
2026-04-28 06:30:00,0.78626,0.7866,0.78608,0.78642,1154,19,0
2026-04-28 07:00:00,0.78644,0.78663,0.78642,0.7865,1021,19,0
2026-04-28 07:30:00,0.78651,0.78681,0.78633,0.78675,943,19,0
2026-04-28 08:00:00,0.78674,0.78717,0.78674,0.787,1111,18,0
2026-04-28 08:30:00,0.78701,0.78745,0.78701,0.78741,1352,19,0
2026-04-28 09:00:00,0.78742,0.78788,0.7873,0.78757,1055,19,0
2026-04-28 09:30:00,0.78758,0.78959,0.78748,0.78954,1739,19,0
2026-04-28 10:00:00,0.78951,0.78958,0.78832,0.78872,1757,19,0
2026-04-28 10:30:00,0.78871,0.78957,0.7885,0.78931,1364,19,0
2026-04-28 11:00:00,0.78929,0.78963,0.78811,0.7882,1788,19,0
2026-04-28 11:30:00,0.78821,0.78922,0.78814,0.78876,1090,19,0
2026-04-28 12:00:00,0.78875,0.78929,0.78856,0.78921,1206,19,0
2026-04-28 12:30:00,0.78922,0.7901,0.78913,0.78975,1309,19,0
2026-04-28 13:00:00,0.78976,0.79002,0.78947,0.78969,1080,19,0
2026-04-28 13:30:00,0.78968,0.78977,0.7893,0.78932,1092,19,0
2026-04-28 14:00:00,0.78933,0.78977,0.78912,0.78964,1359,18,0
2026-04-28 14:30:00,0.78965,0.79083,0.78962,0.79069,1734,18,0
2026-04-28 15:00:00,0.7907,0.79102,0.7902,0.79032,2133,19,0
2026-04-28 15:30:00,0.79033,0.79075,0.78941,0.78952,1939,18,0
2026-04-28 16:00:00,0.78954,0.79058,0.78946,0.7897,2101,18,0
2026-04-28 16:30:00,0.78972,0.79057,0.7897,0.79005,2663,18,0
2026-04-28 17:00:00,0.79003,0.79079,0.79003,0.79051,2218,18,0
2026-04-28 17:30:00,0.7905,0.7906,0.78954,0.78967,3650,19,0
2026-04-28 18:00:00,0.78966,0.78985,0.78897,0.78911,2226,18,0
2026-04-28 18:30:00,0.78913,0.7894,0.78859,0.78873,1540,18,0
2026-04-28 19:00:00,0.78868,0.78934,0.78863,0.78928,1432,19,0
2026-04-28 19:30:00,0.78927,0.78957,0.78904,0.78911,1469,19,0
2026-04-28 20:00:00,0.7891,0.78961,0.78899,0.78939,1063,19,0
2026-04-28 20:30:00,0.78938,0.78942,0.78887,0.78901,1007,19,0
2026-04-28 21:00:00,0.789,0.78929,0.7889,0.78908,1055,19,0
2026-04-28 21:30:00,0.78909,0.78955,0.78909,0.7895,697,19,0
2026-04-28 22:00:00,0.78949,0.78956,0.78911,0.78953,638,19,0
2026-04-28 22:30:00,0.78952,0.78976,0.78943,0.78944,709,19,0
2026-04-28 23:00:00,0.78943,0.78944,0.78905,0.78911,514,22,0
2026-04-28 23:30:00,0.78909,0.78916,0.78881,0.78883,462,23,0
2026-04-29 00:00:00,0.78855,0.78961,0.78855,0.78898,125,80,0
2026-04-29 00:30:00,0.78897,0.78912,0.7886,0.78869,186,120,0
2026-04-29 01:00:00,0.78874,0.7891,0.78856,0.7891,380,19,0
2026-04-29 01:30:00,0.78907,0.78909,0.7889,0.78906,217,19,0
2026-04-29 02:00:00,0.78907,0.78909,0.78895,0.78901,219,19,0
2026-04-29 02:30:00,0.789,0.78909,0.7889,0.78891,373,19,0
2026-04-29 03:00:00,0.7889,0.78909,0.78853,0.78894,1261,19,0
2026-04-29 03:30:00,0.78892,0.78899,0.78872,0.78888,1166,19,0
2026-04-29 04:00:00,0.78889,0.78963,0.78881,0.78918,1944,19,0
2026-04-29 04:30:00,0.78919,0.78928,0.78853,0.78883,1741,19,0
2026-04-29 05:00:00,0.78878,0.78879,0.78821,0.78847,1288,19,0
2026-04-29 05:30:00,0.78847,0.78888,0.78839,0.78884,1303,19,0
2026-04-29 06:00:00,0.78885,0.78885,0.78844,0.78877,1109,19,0
2026-04-29 06:30:00,0.78876,0.78899,0.78865,0.78888,889,19,0
2026-04-29 07:00:00,0.78887,0.78897,0.78877,0.7888,842,19,0
2026-04-29 07:30:00,0.78881,0.78901,0.78869,0.78892,849,19,0
2026-04-29 08:00:00,0.78893,0.78939,0.7889,0.78926,837,19,0
2026-04-29 08:30:00,0.78925,0.78966,0.78918,0.78944,1152,19,0
2026-04-29 09:00:00,0.78947,0.78951,0.78915,0.78922,1130,19,0
2026-04-29 09:30:00,0.78921,0.78949,0.78874,0.78895,1280,19,0
2026-04-29 10:00:00,0.78897,0.78925,0.78864,0.78906,1319,19,0
2026-04-29 10:30:00,0.78907,0.78941,0.7888,0.78909,1280,19,0
2026-04-29 11:00:00,0.78911,0.78953,0.78886,0.78897,1680,19,0
2026-04-29 11:30:00,0.78898,0.78958,0.7889,0.78953,1198,19,0
2026-04-29 12:00:00,0.78954,0.78992,0.78921,0.78974,1168,19,0
2026-04-29 12:30:00,0.78975,0.79019,0.78934,0.79012,1220,19,0
2026-04-29 13:00:00,0.79013,0.79025,0.78958,0.78968,1032,19,0
2026-04-29 13:30:00,0.78967,0.78982,0.78912,0.78912,906,19,0
2026-04-29 14:00:00,0.7891,0.7894,0.78884,0.78908,1411,18,0
2026-04-29 14:30:00,0.7891,0.78933,0.78871,0.78925,1085,18,0
2026-04-29 15:00:00,0.78924,0.7893,0.78863,0.78899,1433,18,0
2026-04-29 15:30:00,0.78898,0.7901,0.78898,0.79003,1853,18,0
2026-04-29 16:00:00,0.78999,0.79101,0.78974,0.79094,2386,18,0
2026-04-29 16:30:00,0.79095,0.79151,0.79079,0.79108,2582,17,0
2026-04-29 17:00:00,0.79107,0.79121,0.79005,0.79049,2500,17,0
2026-04-29 17:30:00,0.7905,0.7907,0.78948,0.78959,2179,17,0
2026-04-29 18:00:00,0.7896,0.79013,0.78953,0.78999,1866,18,0
2026-04-29 18:30:00,0.79,0.79064,0.78932,0.79015,2453,18,0
2026-04-29 19:00:00,0.79015,0.79028,0.7897,0.79009,1469,19,0
2026-04-29 19:30:00,0.7901,0.7906,0.79002,0.79052,1567,19,0
2026-04-29 20:00:00,0.79053,0.79084,0.79044,0.79066,1285,19,0
2026-04-29 20:30:00,0.79065,0.79078,0.78982,0.78983,1444,18,0
2026-04-29 21:00:00,0.78988,0.79158,0.78962,0.79139,3006,19,0
2026-04-29 21:30:00,0.7914,0.79239,0.79073,0.79144,3176,19,0
2026-04-29 22:00:00,0.79143,0.79174,0.79056,0.79104,2005,19,0
2026-04-29 22:30:00,0.79105,0.79155,0.79083,0.79098,1396,19,0
2026-04-29 23:00:00,0.79097,0.79164,0.7909,0.7914,1188,22,0
2026-04-29 23:30:00,0.79139,0.79158,0.79035,0.79035,841,23,0
2026-04-30 00:00:00,0.79039,0.79096,0.78946,0.79012,524,80,0
2026-04-30 00:30:00,0.79019,0.7908,0.78998,0.79046,1303,120,0
2026-04-30 01:00:00,0.79075,0.79161,0.79072,0.79106,793,19,0
2026-04-30 01:30:00,0.79105,0.79117,0.79094,0.79114,519,19,0
2026-04-30 02:00:00,0.79113,0.79138,0.79103,0.79107,585,19,0
2026-04-30 02:30:00,0.79106,0.7911,0.79034,0.79049,886,19,0
2026-04-30 03:00:00,0.79046,0.79062,0.79009,0.79046,1991,19,0
2026-04-30 03:30:00,0.79045,0.7908,0.79029,0.79074,1610,19,0
2026-04-30 04:00:00,0.79075,0.7909,0.79055,0.79066,1490,19,0
2026-04-30 04:30:00,0.79065,0.79101,0.79046,0.79079,1784,19,0
2026-04-30 05:00:00,0.7908,0.79125,0.79074,0.79116,1250,19,0
2026-04-30 05:30:00,0.79117,0.79188,0.79117,0.79138,2002,19,0
2026-04-30 06:00:00,0.79137,0.79155,0.79106,0.79109,1372,19,0
2026-04-30 06:30:00,0.79109,0.79134,0.79102,0.79132,1059,19,0
2026-04-30 07:00:00,0.79131,0.79194,0.79124,0.79187,1350,19,0
2026-04-30 07:30:00,0.79188,0.79222,0.79183,0.79187,1433,19,0
2026-04-30 08:00:00,0.79186,0.79186,0.79141,0.79173,1259,19,0
2026-04-30 08:30:00,0.79174,0.79194,0.79138,0.79189,1384,19,0
2026-04-30 09:00:00,0.79191,0.79195,0.79136,0.79142,1421,19,0
2026-04-30 09:30:00,0.79143,0.79143,0.79091,0.79113,1577,19,0
2026-04-30 10:00:00,0.79115,0.79119,0.79025,0.79056,1752,19,0
2026-04-30 10:30:00,0.79058,0.79108,0.79,0.7904,1629,19,0
2026-04-30 11:00:00,0.79039,0.7904,0.7886,0.78941,2446,19,0
2026-04-30 11:30:00,0.78941,0.79004,0.78874,0.78949,2128,19,0
2026-04-30 12:00:00,0.78953,0.78953,0.78817,0.7882,2318,19,0
2026-04-30 12:30:00,0.7882,0.78825,0.78706,0.7873,2559,19,0
2026-04-30 13:00:00,0.78731,0.7876,0.78643,0.78653,2546,19,0
2026-04-30 13:30:00,0.78654,0.78663,0.78528,0.78534,5219,18,0
2026-04-30 14:00:00,0.78533,0.78614,0.78463,0.78498,4325,17,0
2026-04-30 14:30:00,0.78498,0.78538,0.78436,0.78492,3800,17,0
2026-04-30 15:00:00,0.78493,0.78549,0.78383,0.78383,2776,17,0
2026-04-30 15:30:00,0.78384,0.78499,0.7833,0.78385,3640,17,0
2026-04-30 16:00:00,0.78385,0.78448,0.78323,0.7843,4249,18,0
2026-04-30 16:30:00,0.78429,0.78519,0.78382,0.78412,3168,18,0
2026-04-30 17:00:00,0.78416,0.78421,0.78163,0.78227,3933,18,0
2026-04-30 17:30:00,0.7823,0.78474,0.78089,0.78203,5630,18,0
2026-04-30 18:00:00,0.78202,0.7826,0.78062,0.7818,4791,18,0
2026-04-30 18:30:00,0.78181,0.78239,0.7813,0.78237,2609,18,0
2026-04-30 19:00:00,0.78237,0.78268,0.78186,0.78235,1850,19,0
2026-04-30 19:30:00,0.78236,0.78276,0.78228,0.78241,1354,19,0
2026-04-30 20:00:00,0.7824,0.78256,0.78187,0.78187,1578,19,0
2026-04-30 20:30:00,0.78188,0.78234,0.78152,0.7822,1303,19,0
2026-04-30 21:00:00,0.78221,0.78234,0.78152,0.78172,1297,19,0
2026-04-30 21:30:00,0.78171,0.78178,0.78089,0.78117,1357,19,0
2026-04-30 22:00:00,0.78119,0.78149,0.78047,0.7813,1517,19,0
2026-04-30 22:30:00,0.78131,0.78148,0.78102,0.7813,1333,19,0
2026-04-30 23:00:00,0.78131,0.78141,0.78095,0.78113,932,22,0
2026-04-30 23:30:00,0.78114,0.78144,0.78086,0.78086,549,23,0
2026-05-01 00:00:00,0.78086,0.7822,0.78075,0.78134,165,80,0
2026-05-01 00:30:00,0.78126,0.78135,0.78064,0.78076,355,80,0
2026-05-01 01:00:00,0.78103,0.78162,0.78058,0.78151,560,19,0
2026-05-01 01:30:00,0.7815,0.78162,0.78131,0.78133,445,19,0
2026-05-01 02:00:00,0.78131,0.7814,0.78119,0.78126,453,19,0
2026-05-01 02:30:00,0.78127,0.78162,0.78123,0.78159,787,19,0
2026-05-01 03:00:00,0.78157,0.78169,0.78126,0.7816,1446,19,0
2026-05-01 03:30:00,0.78159,0.78165,0.78127,0.78152,1316,19,0
2026-05-01 04:00:00,0.78153,0.78185,0.78148,0.78156,960,19,0
2026-05-01 04:30:00,0.78157,0.7816,0.78129,0.78145,1169,19,0
2026-05-01 05:00:00,0.78144,0.78151,0.78111,0.78133,1026,19,0
2026-05-01 05:30:00,0.78132,0.78164,0.78125,0.78133,912,19,0
2026-05-01 06:00:00,0.78132,0.78144,0.78111,0.78121,698,19,0
2026-05-01 06:30:00,0.78122,0.7815,0.78103,0.78146,870,19,0
2026-05-01 07:00:00,0.78146,0.78195,0.78139,0.78195,864,19,0
2026-05-01 07:30:00,0.78194,0.78218,0.78182,0.78207,641,19,0
2026-05-01 08:00:00,0.78207,0.78246,0.78207,0.78244,733,19,0
2026-05-01 08:30:00,0.78245,0.78268,0.78229,0.78257,759,19,0
2026-05-01 09:00:00,0.78255,0.78287,0.78233,0.78276,895,19,0
2026-05-01 09:30:00,0.78277,0.78295,0.77951,0.78079,2856,19,0
2026-05-01 10:00:00,0.7808,0.78176,0.7808,0.78162,1697,19,0
